GENERALIZED BORN:,,,,,,,,,,,,,,,,,,,,
Complex Energy Terms,,,,,,,,,,,,,,,,,,,,
Frame #,BOND,ANGLE,DIHED,UB,IMP,CMAP,VDWAALS,EEL,1-4 VDW,1-4 EEL,EGB,ESURF,GGAS,GSOLV,TOTAL,,,,,
1,1721.13,4165.52,5362.82,501.83,272.05,-171.11,-3972.99,-32327.33,1792.14,22625.89,-5991.55,162.49,-30.05,-5829.06,-5859.12,,,,,
11,1804.72,4334.94,5308.26,519.35,286.26,-202.27,-3840.04,-31908.83,1745.49,22444.66,-6424.64,182.65,492.52,-6241.99,-5749.47,,,,,
21,1830.16,4212.17,5314.73,515.04,273.48,-207.18,-3865.26,-31749.33,1709.54,22559.7,-6602.19,187.32,593.03,-6414.86,-5821.83,,,,,
31,1844.79,4192.26,5279.78,507.13,258.84,-195.07,-3885.31,-32100.3,1717.25,22664.58,-6339.37,184.34,283.95,-6155.04,-5871.09,,,,,
41,1784.23,4303.55,5268.58,508.81,275.65,-199.72,-3938.55,-31950.33,1757.05,22622.97,-6413.47,180.28,432.24,-6233.19,-5800.95,,,,,
51,1795.19,4220.46,5271.26,502.95,266.26,-181.58,-3852.15,-31998.6,1756.86,22486.7,-6362.01,182.72,267.36,-6179.28,-5911.93,,,,,
61,1837.4,4247.22,5268.16,497.14,285.97,-192.62,-3854.87,-32125.85,1729.55,22576.74,-6302.28,181.59,268.84,-6120.69,-5851.85,,,,,
71,1824.09,4192.56,5264.33,504.18,278.99,-157.87,-3874.15,-31838.66,1739.06,22620.3,-6553.73,182.69,552.84,-6371.04,-5818.19,,,,,
81,1800.15,4220.59,5219.26,492.87,275.73,-188.72,-3859.89,-32035.58,1749.63,22641.37,-6418.83,185.07,315.42,-6233.76,-5918.34,,,,,
91,1801.53,4269.26,5270.11,509.54,280.62,-180.74,-3830.87,-31889.19,1751.77,22657.38,-6547.72,190.74,639.4,-6356.98,-5717.58,,,,,
101,1812.81,4190.86,5275.85,492.26,273.1,-196.44,-3819.63,-31783.17,1750.39,22575.9,-6657.72,192.35,571.93,-6465.37,-5893.45,,,,,
111,1862.23,4178.87,5261,493.31,269.33,-169.27,-3886.38,-31874.25,1733.32,22615.4,-6522.97,181.56,483.58,-6341.4,-5857.83,,,,,
121,1860.46,4235.31,5306.07,519.63,280.29,-177.55,-3898.74,-31845.33,1714.09,22634.36,-6576.48,185.02,628.58,-6391.46,-5762.88,,,,,
131,1829.43,4233.02,5271.52,513.5,264.63,-202,-3828.32,-31780.67,1727.53,22609.87,-6686.97,187.66,638.5,-6499.31,-5860.81,,,,,
141,1844.48,4233.59,5250.57,508.24,286.21,-173.68,-3826.33,-31952.47,1733.18,22674.94,-6543.81,186.78,578.73,-6357.03,-5778.3,,,,,
151,1828.14,4190.06,5231.56,503.91,284.89,-172.01,-3912.84,-31895.58,1738.52,22646.45,-6584.61,181.31,443.1,-6403.3,-5960.2,,,,,
161,1825.75,4219.74,5225.84,506.11,285.83,-164.28,-3884.26,-32004.46,1711.08,22616.22,-6523.93,184.19,337.57,-6339.74,-6002.17,,,,,
171,1754.38,4205.53,5256.1,516.18,270.36,-181.66,-3866.73,-32043.8,1743.68,22739.18,-6511.23,183.57,393.21,-6327.66,-5934.45,,,,,
181,1749.15,4244.06,5214.93,501.66,259.43,-179.55,-3876.22,-31936.88,1771.4,22648.99,-6566.33,182.03,396.96,-6384.3,-5987.34,,,,,
191,1852.31,4223.67,5285.16,511.55,273.38,-212.85,-3877.55,-32117.76,1750.55,22628.66,-6391.16,180.53,317.13,-6210.64,-5893.51,,,,,
201,1804.43,4176.18,5288.42,506.14,276.19,-202.64,-3886.51,-32189.86,1726.06,22748.22,-6345.84,181.26,246.62,-6164.57,-5917.95,,,,,
211,1826.51,4156.09,5226.42,518.41,283.37,-187.42,-3877.67,-31974.49,1763.25,22580.02,-6465.58,179.9,314.51,-6285.68,-5971.17,,,,,
221,1845.75,4166.21,5251.42,508.16,262.67,-192.7,-3873.23,-31978.87,1743.75,22593.69,-6454.61,179.32,326.86,-6275.29,-5948.43,,,,,
231,1789.61,4192.36,5261.68,503.45,282.07,-205.01,-3851.68,-32088.03,1762.65,22632.97,-6425.12,182.04,280.05,-6243.08,-5963.03,,,,,
241,1780.15,4327.54,5270.44,517.74,260.41,-213.99,-3896.94,-32098.28,1747.74,22666.54,-6342.36,179.44,361.35,-6162.92,-5801.57,,,,,
251,1766.82,4296.78,5270.32,524.68,280.22,-215.23,-3872.63,-32111.96,1744.08,22540.09,-6327.59,183.27,223.15,-6144.32,-5921.17,,,,,
261,1838.41,4283.3,5212.53,514.71,286.07,-198.39,-3870.73,-31712.16,1724.69,22462.08,-6604.74,180.49,540.53,-6424.25,-5883.72,,,,,
271,1770.5,4270.39,5248.91,513.78,284.79,-208.27,-3905.11,-32050.36,1754.09,22579.97,-6390.05,181.74,258.71,-6208.31,-5949.6,,,,,
281,1872.24,4287.61,5235.59,526.04,276.51,-185.74,-3896.73,-32071.15,1697.04,22671.61,-6431.91,183.93,413.04,-6247.98,-5834.94,,,,,
291,1780.91,4128.73,5215.64,513.32,249.91,-163.75,-3840.12,-31827.76,1746.9,22649.45,-6657.94,186.38,453.22,-6471.56,-6018.34,,,,,
301,1855.46,4170.44,5259.25,519.84,277.47,-169.76,-3889.53,-31888.85,1708.79,22586.97,-6561.34,182.79,430.05,-6378.55,-5948.5,,,,,
311,1834.55,4155.58,5335.82,497.43,266.8,-206.34,-3898.31,-31812.82,1740.92,22545.54,-6506,182.98,459.19,-6323.02,-5863.83,,,,,
321,1810.1,4173.36,5232.97,503.95,285,-196.66,-3849.68,-31600.44,1749.06,22556.37,-6781.25,190.01,664.03,-6591.23,-5927.21,,,,,
331,1817.7,4181.21,5262.86,502.46,271.63,-233.41,-3863.86,-31505.98,1749.87,22432.47,-6779,190.43,614.96,-6588.57,-5973.62,,,,,
341,1789.85,4224.45,5211.09,508.37,284.09,-190.1,-3885.52,-31557.35,1711,22561.41,-6766.91,192.77,657.29,-6574.14,-5916.85,,,,,
351,1785.35,4260.07,5220.18,499.56,289.48,-185.33,-3842.29,-31532.1,1750.09,22530.25,-6858.91,193.03,775.27,-6665.88,-5890.62,,,,,
361,1810.7,4157.98,5225.74,502.3,293.15,-198.74,-3839.05,-31455.92,1732.33,22445.44,-6848.66,192.8,673.93,-6655.86,-5981.93,,,,,
371,1849.51,4264.13,5257.02,509.88,269.16,-200.96,-3842.1,-31585.55,1730.52,22599.8,-6870.84,188.12,851.4,-6682.72,-5831.32,,,,,
381,1811.48,4285.42,5184.95,521.69,279.84,-202.82,-3826.59,-31615.43,1750.18,22506.25,-6710.29,192.31,694.97,-6517.98,-5823.01,,,,,
391,1774.56,4274.07,5236.47,505.14,304.74,-204.58,-3807.86,-31587.43,1730.53,22484.43,-6739.21,189.96,710.06,-6549.25,-5839.19,,,,,
401,1786.81,4219.7,5225.18,501.18,280.88,-213.11,-3823.05,-31577.17,1744.32,22484.83,-6757.37,192.28,629.57,-6565.09,-5935.52,,,,,
411,1841.11,4284.16,5196.12,522.08,259.73,-234.99,-3838.41,-31650.28,1735.07,22621.09,-6800.42,192.64,735.68,-6607.78,-5872.1,,,,,
421,1822.38,4155.17,5254.99,500.97,293.2,-196.92,-3883.61,-31606.54,1754.21,22612.02,-6830.35,186.39,705.86,-6643.96,-5938.1,,,,,
431,1835.85,4258.05,5257.28,508.85,276.65,-198.77,-3882.32,-31575.04,1753.1,22562.19,-6868.24,187.72,795.84,-6680.52,-5884.68,,,,,
441,1824.84,4142.91,5205.2,491.26,282.77,-186.88,-3888.01,-31601.12,1743.24,22552.24,-6756.83,185.32,566.45,-6571.51,-6005.06,,,,,
451,1836.54,4208.38,5207.72,505.41,279.02,-171.96,-3870.22,-31657.48,1727.3,22682.64,-6798.05,190.04,747.34,-6608.01,-5860.67,,,,,
461,1800.31,4206.83,5195.15,517.12,238.48,-153.52,-3878.35,-31693.72,1751.27,22645.73,-6751.94,185.68,629.3,-6566.26,-5936.96,,,,,
471,1857.94,4218.88,5254.19,510.88,274.07,-223.66,-3833.91,-31695.18,1782.4,22669.49,-6824.16,187.06,815.11,-6637.1,-5821.99,,,,,
481,1766.57,4199.5,5220.8,503.84,265.97,-215.16,-3829.58,-31583.01,1732.65,22518.72,-6787.12,186.81,580.29,-6600.31,-6020.02,,,,,
491,1823.58,4215.19,5186.7,512.64,267.92,-187.76,-3890.55,-31805.87,1765.96,22579.02,-6609.72,187.52,466.84,-6422.2,-5955.36,,,,,
501,1811.33,4172.15,5223.79,496.13,277,-167.01,-3863.33,-31770.78,1694.56,22658.66,-6735.07,188.28,532.5,-6546.79,-6014.29,,,,,
511,1846.5,4256.34,5205.24,514.74,264.8,-204.87,-3878.43,-31704.94,1718.85,22569,-6728.17,187.75,587.22,-6540.42,-5953.2,,,,,
521,1811.17,4138.2,5230.14,503.84,277.73,-183.78,-3867.15,-31660.78,1708.31,22649.77,-6743.9,188.49,607.45,-6555.41,-5947.96,,,,,
531,1809.57,4158.79,5224.46,494.83,272.38,-197.09,-3820.5,-31746.74,1743.24,22699.78,-6747.21,191.92,638.72,-6555.29,-5916.56,,,,,
541,1835,4250.46,5232.75,523.28,254.13,-193.24,-3897.86,-31705.71,1717.87,22585.53,-6674.5,186.7,602.21,-6487.79,-5885.58,,,,,
551,1772.84,4173.55,5237.87,493.99,281.46,-234.35,-3845.24,-31778.83,1730.04,22696.19,-6748.25,190.89,527.52,-6557.36,-6029.85,,,,,
561,1798.03,4229.08,5215.24,492.88,291.17,-208.53,-3885.96,-31889.9,1733.91,22712.73,-6632.06,190.16,488.65,-6441.89,-5953.24,,,,,
571,1802.41,4138.69,5186.38,512.03,268.76,-185.31,-3790.18,-31729.2,1733.17,22716.73,-6803.4,197.01,653.48,-6606.39,-5952.91,,,,,
581,1831.91,4118.38,5230.62,491.1,272.59,-184.52,-3823.56,-31727.93,1732.85,22669.18,-6744.92,190.27,610.62,-6554.65,-5944.03,,,,,
591,1859.15,4187.28,5250.58,510.97,264.27,-217.62,-3814.49,-31715.26,1739.66,22587.88,-6722.88,192.11,652.43,-6530.77,-5878.34,,,,,
601,1786.32,4188.08,5200.45,508.81,266.77,-200.83,-3839.2,-31629.12,1708.26,22614.59,-6811.23,189.51,604.14,-6621.72,-6017.58,,,,,
611,1774.92,4207.82,5233.41,494.17,271.23,-218.89,-3836.02,-32075.24,1753.18,22765.29,-6504.12,189.16,369.87,-6314.95,-5945.08,,,,,
621,1792.54,4199.97,5262.07,490.05,271.77,-240.45,-3874.09,-31879.79,1755.67,22666.72,-6615.21,185.57,444.45,-6429.64,-5985.19,,,,,
631,1789.02,4343.4,5163.5,513.54,268.92,-188.32,-3820.08,-31954.36,1740.28,22614.58,-6575.5,186.35,470.46,-6389.15,-5918.69,,,,,
641,1804.29,4165.61,5182.6,510.47,279.85,-207.94,-3814.59,-31933.56,1728.83,22724.61,-6679.37,190.1,440.17,-6489.28,-6049.1,,,,,
651,1746.89,4324.14,5202.11,506.49,276.6,-201.56,-3845.13,-31684.55,1738.58,22678.79,-6821.38,189.42,742.35,-6631.96,-5889.6,,,,,
661,1798.52,4203.49,5214.67,490.83,281.82,-201.86,-3848.81,-31902.01,1762.46,22701.13,-6643.69,186.62,500.25,-6457.07,-5956.82,,,,,
671,1818.43,4272.34,5247.29,518.82,265.63,-210.53,-3877.42,-31592.59,1736.01,22562.76,-6849.42,188.78,740.76,-6660.63,-5919.88,,,,,
681,1791.2,4287.7,5229.6,509.93,260,-220.33,-3865.6,-31775.05,1723.69,22650.44,-6692.51,184.93,591.57,-6507.58,-5916.01,,,,,
691,1844.63,4254.52,5235.63,522,275.01,-199.79,-3843.43,-31661.54,1736.78,22609.69,-6792.44,186.9,773.51,-6605.54,-5832.03,,,,,
701,1796.17,4249.32,5207.57,494.46,282.8,-188.06,-3866.29,-31635.66,1742.27,22651.66,-6805.66,187.76,734.24,-6617.9,-5883.66,,,,,
711,1825.77,4170.01,5199.68,494.88,263.68,-224.63,-3834.2,-31754.03,1754.53,22602.04,-6692.21,188.64,497.73,-6503.58,-6005.84,,,,,
721,1832.22,4219.5,5197.76,487.75,273.74,-221.18,-3843.77,-31612.11,1741.52,22593.01,-6822.12,188.37,668.44,-6633.75,-5965.31,,,,,
731,1752.58,4205.48,5165.38,490.26,283.21,-198.84,-3880.08,-31780.64,1718.22,22683.08,-6701.32,186.72,438.64,-6514.6,-6075.96,,,,,
741,1845.43,4171.05,5228.02,517.95,267.27,-215.89,-3869.96,-31743.32,1711.45,22647.04,-6741.39,184.45,559.04,-6556.94,-5997.89,,,,,
751,1812.82,4187.68,5238.61,498.33,279.57,-240.87,-3901.52,-31858.14,1745.55,22633.59,-6594.44,183.41,395.6,-6411.03,-6015.43,,,,,
761,1836.36,4231.55,5180.15,508.8,272.37,-207.66,-3835.32,-31792.79,1738.04,22591.51,-6681.71,189.08,523.01,-6492.63,-5969.62,,,,,
771,1802.67,4202.45,5209.4,502.06,281.36,-206.31,-3881.75,-31726.05,1734.54,22675.63,-6746.59,185.29,593.99,-6561.3,-5967.31,,,,,
781,1781.46,4140.59,5203.08,485.72,273.16,-199.25,-3931.84,-31711.38,1740.57,22743.08,-6808.83,186.69,525.18,-6622.14,-6096.96,,,,,
791,1797,4160.19,5214.53,497.96,263.79,-230.81,-3837.85,-31663.81,1758.82,22651.64,-6815.91,185.85,611.47,-6630.06,-6018.59,,,,,
801,1820.09,4142.58,5239.26,501.73,258.9,-212.24,-3772.57,-31705.03,1765.84,22697.62,-6869.27,188.19,736.19,-6681.08,-5944.89,,,,,
811,1844.57,4205.64,5203.6,518.25,297.09,-230.37,-3841.67,-31643.93,1704.75,22607.52,-6804.02,182.87,665.45,-6621.15,-5955.7,,,,,
821,1831.91,4200.02,5224.84,496.8,286.33,-197.03,-3857.98,-31578.45,1782.66,22498.02,-6797.61,184.47,687.11,-6613.14,-5926.03,,,,,
831,1809.52,4173.68,5149.13,501.29,273.53,-223.18,-3853.11,-31661.76,1758.36,22619.09,-6792.55,183.13,546.56,-6609.41,-6062.85,,,,,
841,1784.56,4146.72,5220.54,495.58,269.82,-175.66,-3879.67,-31683.6,1761.04,22687.86,-6760.1,186.57,627.2,-6573.54,-5946.34,,,,,
851,1825.83,4176.92,5257.95,505.96,273.68,-196.61,-3872.87,-31560.95,1724.29,22599.17,-6856.6,186.51,733.36,-6670.09,-5936.73,,,,,
861,1848.5,4199.59,5172.54,517.55,267.92,-196.21,-3831.44,-31590.93,1697.55,22542.24,-6820.16,188.01,627.32,-6632.15,-6004.83,,,,,
871,1860.24,4232.17,5206.56,513.5,283.37,-199.61,-3827.57,-31801.53,1763,22543.35,-6627.57,186.35,573.49,-6441.23,-5867.74,,,,,
881,1790.81,4204.48,5181.92,517.94,286.17,-195.94,-3870.27,-31822.59,1728.46,22697.94,-6647.1,184.24,518.91,-6462.87,-5943.95,,,,,
891,1837.83,4140.5,5199.77,487.46,277.04,-173.52,-3850.41,-31795.5,1735.06,22556.21,-6593.2,183,414.43,-6410.2,-5995.77,,,,,
901,1840.16,4191.55,5149.19,514.17,263.58,-200.89,-3859.51,-31770.08,1741.07,22646.06,-6701.6,184.17,515.29,-6517.43,-6002.14,,,,,
911,1849.91,4182.91,5216.9,504.16,271.82,-199.3,-3884.13,-31642.45,1727.96,22664.69,-6835.05,188.35,692.48,-6646.7,-5954.22,,,,,
921,1782.94,4208.98,5190.28,510.16,275.25,-180.72,-3874.83,-31641.48,1754.55,22544.23,-6783.94,183.91,569.39,-6600.03,-6030.65,,,,,
931,1842.96,4153.65,5205.79,524.99,250.6,-204.95,-3874.65,-31868.69,1791.99,22595.66,-6602.34,181.92,417.34,-6420.42,-6003.08,,,,,
941,1856.01,4156.75,5265.89,508.04,276.91,-179.75,-3878.28,-31697.13,1739.42,22621.34,-6766.89,183.31,669.19,-6583.58,-5914.39,,,,,
951,1844.07,4196.3,5236.35,521.89,279.52,-210.02,-3936.17,-31678.05,1729.54,22608.48,-6741.64,181.2,591.9,-6560.45,-5968.54,,,,,
961,1781.74,4177.23,5255.1,509.89,262.25,-205.48,-3896.46,-31843.3,1742.17,22658.21,-6631.4,179.84,441.35,-6451.56,-6010.21,,,,,
971,1809.86,4189.52,5227.17,505.81,286.24,-188.13,-3901.78,-31709.03,1758.28,22640.07,-6753.67,179.77,618.01,-6573.9,-5955.89,,,,,
981,1820.46,4214.26,5197.56,511.88,285.12,-191.98,-3881.72,-31907.26,1760.27,22744.7,-6628.34,179.19,553.28,-6449.15,-5895.87,,,,,
991,1789.49,4167.32,5172.25,501.63,274.76,-174.61,-3859.29,-31865.04,1770.03,22697.39,-6645.46,181.5,473.94,-6463.96,-5990.01,,,,,
1001,1786.3,4161.01,5159.96,510.43,271.04,-186.69,-3888.19,-31841.54,1751.06,22723.14,-6656.87,180.78,446.52,-6476.09,-6029.57,,,,,
1011,1771.56,4192.72,5196.43,501.94,278.61,-217.35,-3879.35,-31655.71,1749.42,22725.2,-6825.72,182.37,663.47,-6643.35,-5979.88,,,,,
1021,1809.06,4168.94,5210.25,521.18,264.53,-181.78,-3867.77,-31612.73,1745.57,22540.36,-6784.01,182.08,597.62,-6601.93,-6004.31,,,,,
1031,1844.8,4269.07,5216.3,531.04,284.72,-182.93,-3864.85,-31738.8,1748.57,22725.52,-6826.37,182.37,833.45,-6644,-5810.55,,,,,
1041,1818.19,4173.28,5238.87,496.09,277.16,-225.84,-3902.57,-31622.77,1736.39,22599.42,-6798.81,178.24,588.24,-6620.57,-6032.33,,,,,
1051,1758.08,4205.41,5212.29,511.65,272.56,-220.74,-3888.76,-31741.27,1741.32,22655.97,-6735.63,180.42,506.51,-6555.21,-6048.7,,,,,
1061,1800.77,4116.91,5205.7,498.13,282.66,-230.06,-3900.28,-31788.5,1727.45,22747.71,-6759.6,182.23,460.49,-6577.37,-6116.88,,,,,
1071,1817.27,4158.18,5243.98,514.08,291.31,-216.82,-3918.79,-31825.31,1748.12,22758.8,-6744.93,178.92,570.82,-6566.01,-5995.19,,,,,
1081,1837.9,4181.67,5191.44,501.67,261.48,-236.96,-3888.89,-31805.22,1729.08,22586.52,-6637.66,180.32,358.7,-6457.34,-6098.64,,,,,
1091,1858.79,4188.82,5254.35,510.04,272.59,-214.93,-3884,-31905.97,1748.78,22723.18,-6639.5,176.91,551.65,-6462.59,-5910.94,,,,,
1101,1836.61,4143.35,5238.14,521.96,277.99,-199.99,-3859.62,-31944.93,1746.44,22663.3,-6588.94,182.98,423.26,-6405.97,-5982.71,,,,,
1111,1794.27,4092.44,5204.1,485.86,268.74,-200.73,-3877.28,-31705.79,1750.15,22721.13,-6787.69,182.13,532.9,-6605.57,-6072.67,,,,,
1121,1772.02,4292.83,5221.8,499.42,264.82,-209.41,-3915.8,-31710.36,1762.67,22784.47,-6855.69,180.88,762.46,-6674.81,-5912.35,,,,,
1131,1762.06,4235.55,5190.73,495.28,272.52,-214.31,-3895.39,-31662.46,1763.16,22597.84,-6782.3,181.17,544.99,-6601.13,-6056.15,,,,,
1141,1855.27,4133.15,5198.58,511.19,266.33,-216.65,-3895.56,-31694.34,1756.1,22613.89,-6817.22,181.19,527.97,-6636.03,-6108.06,,,,,
1151,1817.88,4141.49,5212.17,505.84,256.82,-224.95,-3903.03,-31727.01,1746.13,22705.77,-6763.59,182.6,531.1,-6580.99,-6049.88,,,,,
1161,1770.09,4281.37,5213.28,512.85,272.35,-208.48,-3858.72,-31790.87,1750.36,22677.97,-6735.71,184.07,620.21,-6551.64,-5931.43,,,,,
1171,1818.48,4233.21,5179.64,512.46,261.68,-190.67,-3866.11,-31714.85,1726.33,22647.17,-6822.47,184.77,607.34,-6637.71,-6030.37,,,,,
1181,1780.09,4157.37,5221.2,500.65,264.1,-200.7,-3863.9,-31708.12,1786.2,22720.14,-6855.69,184.09,657.04,-6671.61,-6014.56,,,,,
1191,1825.13,4185.36,5205.93,516.64,254.12,-179.73,-3875.82,-31646.1,1758.9,22651.05,-6851.72,183.87,695.47,-6667.85,-5972.38,,,,,
1201,1810.21,4198.61,5213.43,519.91,278.11,-190.78,-3850.42,-31726.58,1761.96,22600.09,-6761.4,181.67,614.53,-6579.73,-5965.21,,,,,
1211,1760.7,4235.23,5241.95,500.03,271.12,-212.81,-3848.64,-31806.22,1744.38,22697.59,-6759.4,186.42,583.34,-6572.98,-5989.64,,,,,
1221,1803.63,4146.66,5243.02,502.03,270.08,-196.91,-3912.59,-31844,1756.2,22660.93,-6635.33,180.67,429.04,-6454.66,-6025.62,,,,,
1231,1757.72,4204.72,5214.45,515.42,259.42,-201.41,-3876.26,-31773.26,1767.31,22662.04,-6725.63,182.39,530.15,-6543.24,-6013.09,,,,,
1241,1821.9,4140.2,5189.44,503.33,265.8,-175.55,-3905.31,-31715.28,1780.3,22646.47,-6760.39,183,551.31,-6577.39,-6026.07,,,,,
1251,1800.93,4219.59,5220.76,519.69,248.53,-203.07,-3882.75,-31612.86,1766.73,22537.23,-6796.03,181.74,614.79,-6614.29,-5999.5,,,,,
1261,1824.19,4188.61,5198.39,510.7,269.66,-224.19,-3903.63,-31762.25,1753.33,22680.87,-6718.7,180.83,535.68,-6537.87,-6002.19,,,,,
1271,1738.92,4152.89,5175.67,507,300.04,-162.99,-3872.48,-31655.71,1742.62,22595.72,-6771.29,184.47,521.69,-6586.82,-6065.14,,,,,
1281,1794.2,4212.12,5166.86,506.79,264.52,-199.53,-3847.24,-31693.65,1704.59,22622.59,-6772.45,181.99,531.26,-6590.45,-6059.19,,,,,
1291,1770.68,4186.85,5206.29,512.72,299.05,-206.44,-3905.29,-31608.55,1746.03,22590.73,-6767.93,181.34,592.08,-6586.6,-5994.52,,,,,
1301,1837.87,4250,5242.8,508.47,277.99,-206.93,-3878.06,-31600.26,1743.64,22481.28,-6758.41,185.41,656.8,-6573,-5916.2,,,,,
1311,1838.86,4200.14,5176.98,500.77,254,-186.19,-3898.94,-31554.55,1768.94,22501.21,-6801.43,185.43,601.23,-6616,-6014.77,,,,,
1321,1872.5,4209.34,5180.19,523.58,266.48,-198.86,-3848.75,-31587.34,1728.34,22653.49,-6889.44,183.13,798.96,-6706.32,-5907.35,,,,,
1331,1815.44,4184.77,5224.67,506.77,296.21,-180.39,-3867.23,-31550.84,1764.13,22587.66,-6843.48,182.28,781.19,-6661.2,-5880.01,,,,,
1341,1761.75,4175.14,5242.71,493.95,246.59,-186.6,-3876.11,-31425.46,1767.88,22636.12,-7004.43,183.82,835.98,-6820.61,-5984.63,,,,,
1351,1748,4272.9,5163.28,507.74,283.65,-190.98,-3913.91,-31549.89,1753.35,22592.4,-6823.92,184.66,666.56,-6639.26,-5972.7,,,,,
1361,1866.21,4201.65,5181.67,520.78,252.37,-202.71,-3905.84,-31452.8,1707.54,22529.95,-6872.25,185.21,698.83,-6687.04,-5988.21,,,,,
1371,1848.01,4172.73,5212.28,519.21,282.59,-198.15,-3900.05,-31363.27,1703.5,22594.72,-6981.12,184.67,871.58,-6796.46,-5924.87,,,,,
1381,1813.58,4176.4,5149.27,487.49,277.27,-203.12,-3914.78,-31473.36,1749.03,22625.97,-6925.18,186.12,687.75,-6739.06,-6051.31,,,,,
1391,1831.12,4217.57,5191.86,513.86,302.97,-187.54,-3922.64,-31544.7,1735.25,22573.01,-6838.93,184.43,710.75,-6654.5,-5943.74,,,,,
1401,1795.98,4136.68,5189.13,514.89,282.15,-185.53,-3887.2,-31527.24,1749.93,22645.77,-6862.98,187.54,714.56,-6675.44,-5960.88,,,,,
1411,1834.91,4136.84,5239.62,506.44,285.65,-199.52,-3906.21,-31505.37,1743.78,22495.74,-6780.93,182.53,631.86,-6598.4,-5966.54,,,,,
1421,1813.34,4227.08,5236.27,498.7,273.77,-188.26,-3878.3,-31584.46,1752.8,22607.55,-6811.47,183.1,758.49,-6628.37,-5869.88,,,,,
1431,1761.64,4198.14,5208.83,509.05,286.81,-186.23,-3895.82,-31762.26,1758.17,22522.73,-6604.28,182.56,401.06,-6421.72,-6020.65,,,,,
1441,1802.89,4221.38,5209.51,525.72,284.64,-195.06,-3911.84,-31700.58,1733.95,22553.01,-6680.03,183.66,523.63,-6496.38,-5972.75,,,,,
1451,1835.95,4176.28,5229.58,508.9,295.51,-227.5,-3867.83,-31643.86,1760.09,22508.54,-6669.59,186.89,575.66,-6482.7,-5907.04,,,,,
1461,1797.93,4177.23,5230.2,492.89,280.16,-215.45,-3906.31,-31635.14,1728.95,22493.8,-6747.17,185.15,444.26,-6562.02,-6117.76,,,,,
1471,1812.66,4241.21,5199.15,503.18,263.4,-192.58,-3967.79,-31437.33,1750.48,22502.47,-6844.43,183.17,674.86,-6661.26,-5986.39,,,,,
1481,1823.9,4154.49,5201.63,515.12,258.81,-212.73,-3894.44,-31778.28,1744.52,22717.18,-6676.98,182.51,530.2,-6494.47,-5964.27,,,,,
1491,1813.19,4207.73,5218.3,505.17,281.82,-204.86,-3940.75,-31637.08,1770.82,22652.69,-6727.94,182.87,667.04,-6545.07,-5878.03,,,,,
1501,1778.48,4207.36,5212.29,502.17,289.52,-203.06,-3886.53,-31794.17,1742.16,22597.4,-6620.74,181.74,445.63,-6438.99,-5993.37,,,,,
1511,1812.44,4143.62,5215.91,495.61,263.09,-199.43,-3871.98,-31690,1733.13,22699.09,-6791.54,186.76,601.46,-6604.78,-6003.32,,,,,
1521,1784.18,4125.52,5200.52,499.9,268.27,-215.37,-3864.41,-31846.2,1767.19,22762.61,-6746.01,185.47,482.22,-6560.54,-6078.33,,,,,
1531,1828.22,4100.26,5229.38,488.72,271.53,-203.42,-3885.36,-31703.51,1752.14,22694.22,-6787.19,185.06,572.18,-6602.13,-6029.95,,,,,
1541,1763.11,4213.32,5203.34,492.57,281.99,-201.64,-3888.86,-31830.34,1727.36,22646.94,-6631.11,183.32,407.79,-6447.79,-6040.01,,,,,
1551,1769.9,4107.37,5210.28,499.27,268.24,-198,-3924.16,-31748.43,1753.95,22736.6,-6742.02,179.69,475,-6562.32,-6087.32,,,,,
1561,1811.46,4234.06,5203.56,514.82,255.39,-190.04,-3886.73,-31890.47,1766.12,22598.97,-6603.97,183.94,417.16,-6420.04,-6002.88,,,,,
1571,1805.56,4195.63,5200.1,505.98,271.42,-216.56,-3886.39,-31620.47,1744.84,22602.83,-6748.42,186.96,602.94,-6561.46,-5958.52,,,,,
1581,1849.1,4337.74,5227.17,523.07,280.9,-192.27,-3900.8,-31751.93,1701.79,22544.2,-6629.42,185.79,618.98,-6443.63,-5824.64,,,,,
1591,1792.53,4189.27,5240.99,493.16,266.52,-196.01,-3907.54,-31581.79,1761.02,22676.89,-6844.65,185.45,735.04,-6659.2,-5924.16,,,,,
1601,1847.92,4135.31,5208.3,498.84,247.53,-202.6,-3878.78,-31693.34,1775.88,22699.4,-6791.28,185.8,638.47,-6605.47,-5967,,,,,
1611,1869.39,4167.99,5205.88,508.04,272.25,-176.04,-3871.68,-31469.97,1709.51,22571.82,-6884.03,190.39,787.17,-6693.64,-5906.47,,,,,
1621,1849.62,4225.25,5205.27,523.82,273.98,-184.33,-3837.45,-31531.64,1746.99,22635.14,-6912.94,191.01,906.66,-6721.93,-5815.27,,,,,
1631,1784.94,4202.32,5237.96,500.8,272.43,-212.68,-3884.82,-31756.9,1776.02,22671.15,-6731.86,187.68,591.21,-6544.18,-5952.96,,,,,
1641,1796.99,4185.18,5203.15,504.79,282.14,-214.98,-3860.2,-31603.43,1756.05,22539.73,-6781.91,182.56,589.42,-6599.36,-6009.93,,,,,
1651,1833.72,4237.37,5259.39,522.69,264.08,-187.68,-3845.14,-31765.64,1754.69,22690.73,-6763.43,188.32,764.2,-6575.12,-5810.91,,,,,
1661,1823.06,4150.19,5221.19,500.66,279.85,-222.08,-3892.69,-31683.36,1746.15,22767.27,-6821.15,185.88,690.24,-6635.27,-5945.02,,,,,
1671,1757.2,4226.55,5208.99,498.48,264.18,-203.28,-3919.41,-31688.28,1747.85,22647.3,-6745.46,189.18,539.58,-6556.28,-6016.7,,,,,
1681,1792.84,4221.57,5209.19,510.1,273.58,-179.31,-3906.63,-31765.59,1765.8,22678.72,-6714.42,190.84,600.28,-6523.58,-5923.31,,,,,
1691,1840.81,4221.53,5211.45,518.49,267.02,-190.47,-3890.04,-31874.73,1721.81,22602.57,-6569.43,186.74,428.44,-6382.69,-5954.24,,,,,
1701,1821.92,4165.4,5240.84,505.86,284.96,-189.74,-3886.93,-31869.5,1733.94,22792.97,-6663.31,187.97,599.72,-6475.33,-5875.61,,,,,
1711,1795.99,4211.82,5182.87,502.24,283.39,-198.41,-3855.33,-31663.1,1747.32,22558.89,-6749.98,189.35,565.67,-6560.63,-5994.96,,,,,
1721,1809.79,4229.79,5194,507.71,274.76,-221.24,-3881.76,-31639.06,1743.26,22693.54,-6789.19,188.53,710.79,-6600.67,-5889.88,,,,,
1731,1880.32,4305.63,5188.25,504.34,299.94,-205,-3838.08,-31628.72,1736.78,22540.78,-6805.44,191.15,784.25,-6614.29,-5830.04,,,,,
1741,1839.45,4186.22,5188.23,501.58,289.92,-182.22,-3893.98,-31513.79,1722.36,22703.36,-6939.95,188.2,841.13,-6751.75,-5910.62,,,,,
1751,1776.79,4264.46,5170.85,521.21,275.8,-192.81,-3892.94,-31747.47,1695.03,22734.8,-6786.11,191.64,605.72,-6594.47,-5988.75,,,,,
1761,1813.6,4263.71,5190.45,502.8,276.44,-207.21,-3894.35,-31419.88,1732.05,22552.57,-6937.54,189.93,810.17,-6747.61,-5937.44,,,,,
1771,1867.08,4316.61,5213.54,517.13,275.34,-209.13,-3834.53,-31622.72,1710.37,22502.55,-6741.74,190.6,736.23,-6551.14,-5814.91,,,,,
1781,1835.22,4221.56,5227.41,503.46,284.8,-200.63,-3854.03,-31674.97,1746.7,22577.9,-6747.19,191.88,667.43,-6555.32,-5887.88,,,,,
1791,1787.36,4248.4,5246.95,507.81,267.45,-196.87,-3954.41,-31611.88,1731.98,22702.96,-6785.82,189.73,729.74,-6596.09,-5866.35,,,,,
1801,1799.19,4217.57,5201.57,519.08,297.23,-240.67,-3836.36,-31655.43,1725.32,22574.88,-6728.47,189.77,602.39,-6538.7,-5936.31,,,,,
1811,1806.33,4235.24,5166.67,500.84,281.46,-199.18,-3855.05,-31591.75,1736.89,22602.44,-6796.35,187.11,683.9,-6609.24,-5925.34,,,,,
1821,1847.39,4285.51,5182.33,505.3,266.38,-214.06,-3830.41,-31705.03,1728.31,22630.58,-6720.9,185.52,696.3,-6535.38,-5839.08,,,,,
1831,1793,4154.46,5188.3,490.27,270.85,-193.7,-3829.7,-31557.33,1750.57,22635.83,-6820.65,186.87,702.55,-6633.78,-5931.23,,,,,
1841,1874.54,4281.54,5197.59,501.2,296.93,-197.6,-3873.82,-31584.67,1745.69,22569.9,-6767.04,190.04,811.32,-6577,-5765.68,,,,,
1851,1867.38,4188.69,5182.43,495.72,266.73,-193,-3844.3,-31697.41,1737.12,22551.53,-6697.21,187.35,554.88,-6509.86,-5954.98,,,,,
1861,1735.27,4180.38,5212.48,494.43,271.96,-186.46,-3883.09,-31781.36,1741.12,22707.6,-6674.76,180.8,492.33,-6493.96,-6001.63,,,,,
1871,1854.59,4208.67,5196.96,513.75,264.05,-201.53,-3912.41,-31509.35,1731.45,22593.77,-6866.48,186.75,739.95,-6679.72,-5939.77,,,,,
1881,1869.94,4243.03,5197.85,525.04,278.39,-189.28,-3850.58,-31774.35,1718.9,22550.11,-6677.83,187.27,569.02,-6490.55,-5921.53,,,,,
1891,1832.11,4253.38,5190.95,524.28,278.95,-214.47,-3918.86,-31775.67,1763.44,22537.9,-6575.64,183.83,472.01,-6391.82,-5919.8,,,,,
1901,1789.47,4202.12,5208.13,508.68,269.67,-208.95,-3881.34,-31729.08,1752.83,22627.45,-6706.6,188.07,538.98,-6518.53,-5979.55,,,,,
1911,1769.76,4224.96,5215.49,517.71,286.15,-181.51,-3866.82,-31649.38,1764.81,22645.8,-6831.13,189.03,726.96,-6642.1,-5915.14,,,,,
1921,1766.56,4281.43,5199.82,507.44,276.52,-181.56,-3863,-31625.17,1736.83,22597.68,-6817.11,186.92,696.54,-6630.2,-5933.65,,,,,
1931,1811.07,4227.1,5193.77,502.32,272.79,-205.43,-3916.94,-31592.96,1769.27,22568.19,-6780.69,186.22,629.17,-6594.47,-5965.3,,,,,
1941,1823.01,4111.32,5243.4,490.76,278.1,-219.42,-3934.06,-31614.24,1757.51,22670.53,-6813.98,185.23,606.91,-6628.75,-6021.84,,,,,
1951,1775.43,4220.29,5241.51,515.07,295.8,-175.76,-3893.05,-31484.25,1720.78,22650.27,-6932.25,188.47,866.11,-6743.78,-5877.67,,,,,
1961,1828.24,4243.35,5214.41,510.14,286.78,-185.98,-3900.3,-31486.1,1745.13,22644.7,-6971.48,190.94,900.36,-6780.54,-5880.18,,,,,
1971,1776.63,4269.56,5205.36,523.65,266.63,-232.73,-3888.9,-31430.8,1749.9,22683.6,-7064.9,187.65,922.9,-6877.25,-5954.35,,,,,
1981,1850.36,4199.12,5241.79,503.99,282.38,-202.39,-3900.6,-31612.04,1751.35,22549.46,-6802.51,183.84,663.42,-6618.66,-5955.24,,,,,
1991,1810.18,4221.21,5213.65,512.57,288.14,-212.77,-3917.25,-31564.73,1759.72,22688.41,-6896.24,189.41,799.13,-6706.83,-5907.7,,,,,
2001,1788.4,4267.58,5185.22,524.1,268.56,-175.05,-3846.63,-31564.48,1782.32,22595.77,-6869.02,187.91,825.79,-6681.11,-5855.32,,,,,
2011,1829.05,4228.56,5223.19,528.67,279.45,-212.77,-3898.4,-31444.16,1712.56,22608.65,-6952.66,187.44,854.8,-6765.22,-5910.43,,,,,
2021,1806.83,4303.94,5206.46,510.05,274.69,-205,-3906.3,-31792.1,1711.4,22592.08,-6639.67,185.78,502.05,-6453.89,-5951.85,,,,,
2031,1809.85,4258.47,5213.37,508.36,270.51,-210.35,-3884.44,-31571.66,1704.7,22580.6,-6809.91,187.07,679.39,-6622.84,-5943.45,,,,,
2041,1809.94,4239.5,5201.68,511.69,286.08,-229.64,-3861.88,-31609.67,1744.34,22545.18,-6790.36,186.28,637.21,-6604.08,-5966.86,,,,,
2051,1820.12,4195.52,5173.2,510.4,272.05,-199.78,-3937.69,-31503.83,1734.43,22561.75,-6851.19,182.92,626.18,-6668.27,-6042.09,,,,,
2061,1829.92,4180.37,5155,496.64,277.44,-189.14,-3866.27,-31745.86,1736.84,22724.15,-6788.94,185.77,599.09,-6603.17,-6004.08,,,,,
2071,1815.01,4273.21,5208.14,522.39,261.22,-198.21,-3881.53,-31775.75,1738.8,22646.95,-6694.31,185.75,610.23,-6508.56,-5898.33,,,,,
2081,1864.45,4153.4,5167.68,506.24,269.58,-202.08,-3856.43,-31789.46,1762.08,22732.76,-6736.95,186.22,608.22,-6550.72,-5942.51,,,,,
2091,1794.01,4159.77,5180.75,497.91,273.72,-205.58,-3874.04,-31594.41,1756.59,22602.03,-6833.36,187.77,590.76,-6645.59,-6054.83,,,,,
2101,1813.74,4206.1,5206.09,497.47,283.37,-217.4,-3900.5,-31600.62,1745.31,22541.63,-6805.56,184.86,575.18,-6620.7,-6045.52,,,,,
2111,1883.44,4191.18,5194.69,502.56,263.66,-207.84,-3873.19,-31775.25,1738.66,22595.29,-6624,182.39,513.19,-6441.62,-5928.42,,,,,
2121,1801.16,4196.1,5228.29,503.06,259.01,-219.44,-3903.23,-31771.89,1762.31,22581.02,-6617.28,178.29,436.4,-6438.99,-6002.6,,,,,
2131,1801,4217.48,5190.57,504,245.47,-207.41,-3926.07,-31777.35,1700.5,22651.99,-6652.7,181.51,400.17,-6471.19,-6071.01,,,,,
2141,1742.5,4227.99,5198.35,507.47,255.02,-201.3,-3910.83,-31733.11,1736.08,22637.05,-6664.12,181.56,459.2,-6482.55,-6023.35,,,,,
2151,1790.21,4257.54,5216.19,515.82,275.68,-233.3,-3863.26,-31679.89,1734.59,22653.5,-6774.61,190.54,667.09,-6584.07,-5916.98,,,,,
2161,1827.26,4188.15,5231,506.19,271.44,-190.28,-3898.48,-31516.88,1734.41,22594.94,-6874.84,184.33,747.75,-6690.52,-5942.77,,,,,
2171,1841.04,4201.19,5191.41,494.83,267.71,-214.05,-3885.31,-31430.12,1741.56,22546.02,-6909.55,184.02,754.29,-6725.53,-5971.24,,,,,
2181,1759.75,4181.15,5223.39,488.62,290.85,-200.26,-3872.26,-31663.85,1791.55,22638.43,-6832.15,185.44,637.36,-6646.71,-6009.35,,,,,
2191,1807.7,4204.18,5237.29,507.33,281.39,-208.61,-3870.65,-31423.56,1763.04,22592.46,-6976.04,186.07,890.58,-6789.97,-5899.39,,,,,
2201,1763.26,4140.3,5210.05,500.89,275.65,-205.4,-3867.95,-31651.53,1730.02,22643.73,-6790.54,185.72,539.03,-6604.82,-6065.79,,,,,
2211,1839.63,4243.18,5196.71,524.85,254.3,-221.15,-3860.18,-31557.47,1749.65,22525.16,-6830.28,187.94,694.68,-6642.35,-5947.67,,,,,
2221,1811.12,4268.36,5171.57,525.42,278.9,-219.8,-3893.1,-31382.45,1749.09,22571.33,-7005.87,189.38,880.45,-6816.5,-5936.05,,,,,
2231,1807.6,4190.14,5222.68,517.31,281.8,-207.84,-3908.87,-31421.26,1748.74,22538.27,-6938.01,184.03,768.56,-6753.98,-5985.42,,,,,
2241,1808.18,4244.76,5219.67,507.41,272.77,-221.34,-3877.39,-31592.21,1732.19,22586.43,-6851.38,187.66,680.47,-6663.72,-5983.25,,,,,
2251,1776.27,4253.2,5245.5,526.21,272.12,-209.6,-3902.84,-31571.82,1766.07,22650.28,-6897.71,187.73,805.38,-6709.98,-5904.6,,,,,
2261,1833.95,4142.8,5200.54,495.06,263.9,-206.15,-3782.44,-31798.21,1728.47,22660.76,-6741.44,189.85,538.65,-6551.58,-6012.93,,,,,
2271,1855,4208.56,5180.21,503.95,264.95,-205.2,-3891.8,-31648.23,1717.39,22520.08,-6710.95,186.93,504.92,-6524.02,-6019.09,,,,,
2281,1809.91,4210.21,5222.41,516.76,270.24,-214.49,-3844.07,-31689.35,1705.63,22634.14,-6836.42,189.37,621.39,-6647.05,-6025.66,,,,,
2291,1789.06,4250.58,5221.48,510.3,290.55,-225.91,-3853.69,-31723.67,1733.68,22545.52,-6757.82,188.01,537.91,-6569.8,-6031.9,,,,,
2301,1787.86,4231.59,5239.31,479.24,271.28,-216.14,-3909.97,-31728.43,1717.45,22615.8,-6711.37,185.18,487.98,-6526.19,-6038.22,,,,,
2311,1801.18,4238.6,5192.35,509.55,275.59,-209.48,-3860.05,-31817.38,1744.98,22593.83,-6641,185.04,469.17,-6455.96,-5986.79,,,,,
2321,1845.39,4174.58,5200.85,519.03,250.79,-214.4,-3860.79,-31599.65,1736.97,22445.22,-6684.21,185.05,497.98,-6499.16,-6001.18,,,,,
2331,1865.74,4236.98,5214.42,517.12,273.56,-199.06,-3853.54,-31728.16,1729.43,22512.46,-6685.05,186.16,568.96,-6498.89,-5929.93,,,,,
2341,1760.95,4207.73,5208.91,483.87,281.15,-244.72,-3831.76,-31632.76,1759.15,22678.42,-6855.35,184.84,670.93,-6670.5,-5999.57,,,,,
2351,1814.14,4217.29,5206.02,486.98,277.5,-213.54,-3900.69,-31655.43,1745.16,22639.01,-6764.3,183.36,616.43,-6580.94,-5964.51,,,,,
2361,1848.62,4241.15,5217.06,508.56,281.92,-206.43,-3886.65,-31771.92,1742.6,22592.79,-6638.75,180.84,567.69,-6457.91,-5890.22,,,,,
2371,1853.51,4217.96,5184.8,508.23,272.36,-244.4,-3831.71,-31690.45,1735.06,22610.16,-6789.9,185.33,615.52,-6604.57,-5989.04,,,,,
2381,1815.39,4225.9,5207.15,507.28,286.7,-212.24,-3899.13,-31614.18,1729.22,22576.35,-6805.79,184.4,622.44,-6621.4,-5998.96,,,,,
2391,1843.27,4285.45,5210.03,520.49,300.27,-213.46,-3885.51,-31569.74,1715.5,22496.8,-6734.28,185.27,703.1,-6549.01,-5845.91,,,,,
2401,1823.74,4250.12,5229.92,509.94,280.13,-231.63,-3914.7,-31805.5,1773.11,22552.68,-6576.63,179.13,467.8,-6397.51,-5929.7,,,,,
2411,1825.94,4200.88,5224.36,502.66,278.45,-208.61,-3894.42,-31694.78,1771.54,22621.22,-6706.92,180.16,627.24,-6526.77,-5899.52,,,,,
2421,1752.36,4210.01,5273.14,515.91,282.07,-209.18,-3881.01,-31931.15,1805.2,22625.62,-6545.5,177.05,442.97,-6368.45,-5925.48,,,,,
2431,1801.44,4214.95,5251.11,513.83,283.71,-196.27,-3877.57,-31888.25,1745.36,22562.07,-6590.44,183.88,410.38,-6406.56,-5996.18,,,,,
2441,1811.8,4172.69,5159.89,495.31,285.61,-212.26,-3898.58,-31683.72,1739.02,22689.69,-6782.87,185.72,559.46,-6597.15,-6037.7,,,,,
2451,1765.79,4166.27,5228.35,505.54,296.49,-201.08,-3886.11,-31661.25,1741.13,22656.31,-6750.48,181.91,611.44,-6568.57,-5957.13,,,,,
2461,1818.01,4182.95,5256.69,532.91,290.6,-201.11,-3875.56,-31887.71,1734.71,22645.19,-6583.45,182.98,496.7,-6400.47,-5903.77,,,,,
2471,1804.21,4121.2,5233.73,513.93,269.49,-241.85,-3895.21,-31781.33,1740.79,22559.28,-6609.56,185.47,324.24,-6424.09,-6099.86,,,,,
2481,1813.52,4218.97,5216.31,507.75,264.37,-198.9,-3848.35,-31779.05,1745.61,22557.55,-6638,181.61,497.78,-6456.39,-5958.61,,,,,
2491,1873.23,4245.28,5221.1,505.76,270.09,-219.64,-3891.19,-31951.76,1717.84,22546.99,-6510.43,180.46,317.68,-6329.97,-6012.29,,,,,
2501,1768.62,4274.05,5185.42,520.46,263.32,-184.79,-3871.48,-31668.06,1738.54,22633.86,-6785.64,183.49,659.93,-6602.15,-5942.22,,,,,
2511,1797.31,4336.16,5212.8,514.26,271.52,-216.84,-3888.12,-31877.75,1728.58,22603.33,-6584.86,181.38,481.24,-6403.49,-5922.24,,,,,
2521,1825.7,4269.92,5171.82,526.69,259.17,-215.97,-3851.2,-31659.98,1739.42,22558.92,-6735.72,180.14,624.49,-6555.59,-5931.09,,,,,
2531,1818.82,4251.14,5202.44,517.38,283.63,-169.51,-3929.04,-31695.01,1714.59,22511.03,-6671.24,178.15,505.46,-6493.09,-5987.63,,,,,
2541,1824.79,4194.27,5240.6,498.8,279.1,-207.63,-3878.38,-31848.99,1730.98,22576.08,-6585.54,178.84,409.63,-6406.7,-5997.07,,,,,
2551,1845.65,4253.03,5143.79,507.21,273.08,-165.87,-3880.29,-31644.94,1742.46,22520.64,-6704.24,182.58,594.77,-6521.66,-5926.89,,,,,
2561,1816.62,4126.92,5236.46,500.19,280.35,-190.81,-3908.99,-31724.22,1736.22,22602.63,-6691.64,181.53,475.37,-6510.11,-6034.75,,,,,
2571,1750.05,4225.3,5233.07,510.69,281.2,-224.67,-3902.43,-31887.86,1762.7,22677.34,-6591.63,178.07,425.39,-6413.57,-5988.18,,,,,
2581,1851.97,4274.07,5188.95,509.82,272.64,-225.09,-3911.77,-31771.51,1736.17,22571.78,-6650.27,176.15,497.03,-6474.12,-5977.09,,,,,
2591,1791.37,4231.99,5210.43,519.39,267.28,-169.33,-3876.88,-31856.39,1767.96,22539.92,-6592.84,184.12,425.74,-6408.72,-5982.99,,,,,
2601,1764.36,4157.57,5213.95,502.3,276.78,-217.62,-3865.66,-31846.86,1751.16,22669.89,-6646.58,180.29,405.87,-6466.29,-6060.42,,,,,
2611,1796.36,4204.04,5287.61,498.52,296.77,-202.4,-3898.82,-31704.97,1788.2,22574.38,-6695.45,180.09,639.69,-6515.36,-5875.67,,,,,
2621,1854.27,4235.34,5213.81,518.87,285.76,-196.34,-3851.48,-31787.39,1717.3,22621.64,-6705.59,182.25,611.77,-6523.33,-5911.57,,,,,
2631,1804.17,4250.97,5224.71,501.97,269.69,-209.1,-3918.67,-31929.09,1757.46,22669.83,-6567.8,179.87,421.94,-6387.93,-5965.99,,,,,
2641,1834.5,4204.28,5166.07,492.69,289.23,-188.62,-3826.75,-31813.06,1734.95,22672.9,-6691.54,182.42,566.18,-6509.13,-5942.95,,,,,
2651,1759.83,4163.86,5206.64,507.59,286.53,-200.41,-3928.49,-31876.68,1772.74,22776.47,-6713.72,178.19,468.09,-6535.53,-6067.44,,,,,
2661,1745.57,4225.45,5165.09,505.85,268.23,-179.24,-3879.88,-31802.55,1758.91,22792.2,-6767.78,184.69,599.62,-6583.09,-5983.47,,,,,
2671,1833.72,4191.18,5218.07,498.75,273.36,-224.66,-3923.48,-31942.14,1750.4,22683.84,-6552.67,178.64,359.06,-6374.03,-6014.97,,,,,
2681,1855.06,4208.73,5240.62,512.4,280.09,-238.95,-3861.71,-31954.63,1786.66,22712.71,-6621.1,183.22,541,-6437.88,-5896.88,,,,,
2691,1770.96,4220.26,5198.09,499.13,259.04,-231.75,-3905.88,-32029.95,1751.95,22692.15,-6467.17,178.14,223.99,-6289.03,-6065.04,,,,,
2701,1777.02,4203.54,5214.4,504.98,277.47,-207.65,-3924.46,-31762.77,1754.95,22587.59,-6647.41,182.43,425.07,-6464.98,-6039.92,,,,,
2711,1765.63,4211.05,5223.18,489.54,301.57,-218.48,-3902.43,-31809.16,1723.14,22685.87,-6675.97,183.43,469.91,-6492.55,-6022.63,,,,,
2721,1827.31,4224.73,5264.55,512.93,258.14,-226.63,-3923.16,-31965.13,1738.37,22736.77,-6575.02,180.49,447.87,-6394.53,-5946.65,,,,,
2731,1844.55,4197.02,5186.89,519.2,288.6,-216.31,-3866.18,-31874.27,1736.81,22616.65,-6622.94,184.93,432.96,-6438,-6005.05,,,,,
2741,1823.8,4174.19,5228.82,512.08,263.51,-231.48,-3906.33,-31854.69,1749.1,22714.16,-6617.71,180.95,473.16,-6436.76,-5963.6,,,,,
2751,1745.62,4224.56,5221.23,496.02,262.36,-225.6,-3918.68,-31837.97,1754.42,22732.68,-6663.44,183.63,454.65,-6479.82,-6025.17,,,,,
2761,1752.65,4176.12,5262.2,511.59,279.53,-247.83,-3920.61,-31715.59,1763.87,22581.4,-6631.69,178.94,443.34,-6452.75,-6009.41,,,,,
2771,1857.22,4282.78,5181.57,517.99,266.72,-208.8,-3929.14,-31540.71,1700.39,22523.76,-6810.29,183.94,651.78,-6626.34,-5974.56,,,,,
2781,1794.37,4103.22,5221.72,493.18,273.49,-219.32,-3941.6,-31801.77,1754.09,22694.14,-6670.04,179.44,371.52,-6490.6,-6119.07,,,,,
2791,1758.23,4195.66,5256.37,497.69,286.71,-208.04,-3878.57,-31855.97,1747.61,22630.43,-6635.26,181.44,430.13,-6453.82,-6023.7,,,,,
2801,1859.03,4188.79,5201.2,515.49,273.23,-188.8,-3867.79,-31850.04,1732.12,22616.11,-6614.41,184,479.34,-6430.41,-5951.07,,,,,
2811,1804.44,4213.04,5205.83,508.77,281.06,-192.69,-3882.14,-31834.74,1724.97,22674.02,-6663.54,183.33,502.55,-6480.21,-5977.67,,,,,
2821,1799.64,4217.85,5193.75,514.32,253.3,-217.53,-3889.52,-31898.95,1799.65,22639.36,-6580.11,182.01,411.85,-6398.1,-5986.25,,,,,
2831,1763.8,4194.37,5250.01,512.27,264.03,-223.15,-3865.62,-31933.3,1764.4,22609.75,-6523,181.59,336.56,-6341.42,-6004.85,,,,,
2841,1839.8,4269.45,5204.23,522.67,276.53,-190.05,-3866.98,-31812.68,1743.48,22578.15,-6631.9,187.53,564.6,-6444.38,-5879.77,,,,,
2851,1858.64,4190.68,5210.23,505.01,278.11,-222.87,-3827.73,-31714.56,1721.3,22594.68,-6737.31,187.4,593.48,-6549.91,-5956.43,,,,,
2861,1842.35,4157.58,5193.43,513.53,283.1,-193.95,-3877.76,-31610.5,1736.46,22585.9,-6819.01,187.59,630.14,-6631.42,-6001.28,,,,,
2871,1834.83,4222.64,5215.5,513.77,271.66,-223.63,-3865.25,-31595.09,1733.39,22619.7,-6842.63,182.94,727.53,-6659.7,-5932.17,,,,,
2881,1787.35,4275.46,5264.1,527.58,255.89,-231.25,-3865.8,-31708.74,1725.37,22599.07,-6705.7,182.21,629.04,-6523.49,-5894.45,,,,,
2891,1818.66,4239.37,5202.02,510.43,275.79,-223.2,-3878.96,-31678.75,1723.48,22579.95,-6713.25,185.57,568.79,-6527.68,-5958.89,,,,,
2901,1845.69,4141.03,5189.94,509.71,275.72,-206.8,-3870.17,-31942.77,1745.58,22654.83,-6546.43,183.35,342.75,-6363.08,-6020.33,,,,,
2911,1793.6,4217.97,5198.34,510.22,282.09,-238.81,-3881.66,-31751.72,1738.17,22668.61,-6721.02,186.71,536.81,-6534.31,-5997.5,,,,,
2921,1805.73,4302.96,5216.68,523.55,267.14,-219.38,-3892.09,-31703.63,1760.23,22688.36,-6752.42,184.24,749.54,-6568.17,-5818.63,,,,,
2931,1785.9,4179.59,5201.54,502.61,278.26,-219.05,-3918.81,-31777.32,1750.2,22630.48,-6677.8,181.74,413.41,-6496.05,-6082.65,,,,,
2941,1852.78,4234.54,5251.13,510.44,274.89,-215.75,-3897.47,-31714.28,1754.44,22734.38,-6787.39,184.64,785.1,-6602.75,-5817.66,,,,,
2951,1786.85,4223.52,5226.99,505.3,285.54,-209.31,-3927.65,-31695.01,1746.74,22677.76,-6736.49,183.58,620.72,-6552.91,-5932.19,,,,,
2961,1775.21,4174.03,5197.21,507.93,267.28,-202.54,-3906.17,-31719.85,1720.35,22689.98,-6742.95,185.84,503.43,-6557.11,-6053.68,,,,,
2971,1779.89,4318.32,5221.18,504.52,272.54,-226.5,-3849.29,-31956.3,1722.6,22698.18,-6589.49,185.27,485.13,-6404.23,-5919.1,,,,,
2981,1755.71,4203.39,5178.78,505.28,281.55,-217.75,-3895.55,-31906.48,1721.19,22685.88,-6582.97,184.67,312.01,-6398.3,-6086.28,,,,,
2991,1909.3,4159.82,5174.42,516.67,261.29,-219.41,-3885.84,-31829.12,1753.63,22661.59,-6642.21,185.08,502.34,-6457.14,-5954.79,,,,,
3001,1827.9,4227.15,5195.15,508.4,261.12,-205.6,-3924.52,-31707.26,1744.17,22599.92,-6699.71,181.17,526.42,-6518.54,-5992.12,,,,,
3011,1842.43,4165.05,5251.09,505.77,285.78,-210.51,-3906.55,-31860.08,1720.2,22701.12,-6599.58,179.04,494.31,-6420.54,-5926.23,,,,,
3021,1776.21,4298.14,5181.48,524.59,254.53,-227.26,-3868.62,-31596.83,1734.23,22442.08,-6717.53,189.01,518.55,-6528.53,-6009.98,,,,,
3031,1791.55,4307.61,5210.83,519.52,291.12,-211.88,-3869.17,-31543.88,1733.65,22624.42,-6865.24,183.67,853.77,-6681.57,-5827.81,,,,,
3041,1815.2,4169.63,5221.66,519.13,271.34,-216.83,-3899.76,-31636.82,1737.83,22703.83,-6872.52,188.93,685.21,-6683.59,-5998.38,,,,,
3051,1785.55,4225.59,5206.61,492.1,301.92,-201.9,-3887.48,-31628.52,1742.24,22689.67,-6842.93,184.99,725.78,-6657.94,-5932.16,,,,,
3061,1795.45,4252.49,5206.56,502.74,264.29,-218.01,-3921.1,-31342.35,1705.6,22463.71,-6920,182.45,709.37,-6737.56,-6028.19,,,,,
3071,1789.6,4213.51,5214.8,517.04,286.74,-223.14,-3869.87,-31745.56,1715.76,22639.51,-6718.55,184.73,538.41,-6533.82,-5995.41,,,,,
3081,1845.69,4161.66,5197.01,511.77,265.06,-209.78,-3883.82,-31576.1,1740.07,22621.84,-6849.6,181.85,673.41,-6667.75,-5994.34,,,,,
3091,1806.98,4201.52,5242.15,498.84,278.58,-228.05,-3898.65,-31678.62,1726.55,22590.84,-6695.6,179.83,540.14,-6515.77,-5975.64,,,,,
3101,1847.58,4208.85,5169.94,513.23,262.95,-206.3,-3818.16,-31514.55,1700.98,22430.74,-6808.55,189.09,595.27,-6619.46,-6024.18,,,,,
3111,1824.08,4135.16,5210.51,496.92,271.92,-200.5,-3888.96,-31563.98,1766.43,22600.78,-6853.42,184.44,652.37,-6668.99,-6016.62,,,,,
3121,1827.09,4295.32,5244.34,523.51,297.82,-199.3,-3849.8,-31818.18,1726.1,22536.47,-6613.9,187.89,583.36,-6426.01,-5842.65,,,,,
3131,1831.91,4262.67,5228.47,515.54,286.29,-188.18,-3884.6,-31702.31,1739.8,22558.32,-6710.82,182.67,647.91,-6528.14,-5880.24,,,,,
3141,1802.72,4235.34,5227.68,506.45,272.85,-200.95,-3858.5,-31536.53,1728.15,22492.16,-6842.33,186.05,669.37,-6656.28,-5986.91,,,,,
3151,1789.28,4263.01,5208.42,529.96,278.8,-220.96,-3856.34,-31554.41,1767.52,22553.02,-6821.4,187.01,758.29,-6634.39,-5876.1,,,,,
3161,1847.93,4170.84,5231.39,492.45,296.92,-198.28,-3872.39,-31762.32,1732.55,22582.72,-6677.62,185.79,521.81,-6491.83,-5970.02,,,,,
3171,1790.07,4216.46,5192.41,504.54,278.68,-199.84,-3821.4,-31631.45,1721.58,22619.38,-6782.3,184.22,670.43,-6598.08,-5927.65,,,,,
3181,1807.12,4204.28,5193.69,496.57,264.69,-180.55,-3854.08,-31504.84,1761.21,22475.96,-6826.23,186.09,664.05,-6640.14,-5976.08,,,,,
3191,1806.06,4175.29,5221.01,503.69,270.97,-183.4,-3882.81,-31702.2,1747.62,22645.58,-6730.52,185.96,601.81,-6544.56,-5942.75,,,,,
3201,1833.09,4242.18,5257.94,502.19,282.36,-204.86,-3850.07,-31752.59,1730.38,22574.73,-6652.14,186.67,615.36,-6465.46,-5850.1,,,,,
3211,1844.22,4218.96,5207.11,510.11,287.42,-187.83,-3874.65,-31712.9,1696.4,22589.63,-6672.81,188.22,578.47,-6484.59,-5906.12,,,,,
3221,1750.12,4128.09,5202.62,506.18,283.96,-204.64,-3862.1,-31784.68,1757.81,22696.68,-6707.17,181.39,474.05,-6525.78,-6051.74,,,,,
3231,1786.56,4198.48,5193.88,502.31,264.28,-232.46,-3886.51,-31721.94,1757.49,22674.86,-6730.17,182.02,536.95,-6548.14,-6011.19,,,,,
3241,1778.52,4193.13,5224.58,518.51,261.23,-217.05,-3850.35,-31708.21,1754.24,22586.33,-6692.34,185.96,540.92,-6506.38,-5965.46,,,,,
3251,1793.24,4212.49,5182.71,497.05,264.99,-205.22,-3846.21,-31721.95,1745.43,22579.9,-6636.36,185.54,502.42,-6450.81,-5948.39,,,,,
3261,1739.78,4292.42,5218.91,506.06,278.85,-208.04,-3864.43,-31929.55,1726.71,22593.75,-6508.02,185.86,354.46,-6322.16,-5967.7,,,,,
3271,1791.56,4293.46,5211.12,516.41,274.16,-209.05,-3865.7,-31900.11,1743.58,22618.65,-6583.67,185.9,474.09,-6397.78,-5923.68,,,,,
3281,1890,4175.48,5215.23,525.32,265.86,-202.06,-3891.72,-31882.49,1702.63,22589.24,-6568.4,185.29,387.48,-6383.11,-5995.63,,,,,
3291,1829.8,4314.07,5192.24,509.67,257.88,-189.18,-3903.13,-31812.16,1711.05,22503.07,-6577.35,181.98,413.31,-6395.38,-5982.06,,,,,
3301,1819.97,4220.12,5262.72,515.92,275.88,-220.86,-3943.22,-31665.25,1727.6,22540.08,-6699.28,181.98,532.95,-6517.29,-5984.34,,,,,
3311,1799.57,4220.32,5187.09,501.87,293.95,-242.67,-3868.91,-31637.07,1735.79,22495.83,-6705.33,183.66,485.77,-6521.67,-6035.9,,,,,
3321,1813.4,4237.9,5163.5,509.74,270.36,-215.37,-3851.51,-31786.23,1719.19,22667.92,-6696.86,185.09,528.89,-6511.78,-5982.89,,,,,
3331,1816.49,4177.1,5206.98,497.36,275.32,-215.15,-3938.01,-31526.49,1730.63,22645.95,-6889.51,183.08,670.18,-6706.43,-6036.25,,,,,
3341,1848.63,4216.48,5187.27,486.67,275.92,-232.15,-3865.95,-31806.67,1742.4,22618.98,-6686.98,181.71,471.58,-6505.26,-6033.68,,,,,
3351,1801.52,4124.88,5175.3,500.34,273.22,-218.04,-3831.85,-31841.15,1737.68,22714.91,-6718.05,189.58,436.8,-6528.47,-6091.67,,,,,
3361,1777.93,4172.17,5247.69,499.4,276.76,-229.86,-3860.53,-31880.66,1713.44,22748.54,-6667.56,185.36,464.87,-6482.21,-6017.33,,,,,
3371,1730.88,4207.24,5228.52,502.62,280.33,-200.05,-3879.58,-31884.52,1755.57,22641.12,-6594.53,183.04,382.13,-6411.49,-6029.36,,,,,
3381,1840.46,4194.46,5221.96,496.68,273.98,-192.94,-3903.79,-31903.7,1738.4,22612.12,-6566.68,181.86,377.63,-6384.83,-6007.2,,,,,
3391,1809.49,4245.67,5211.78,515.34,285.1,-209.53,-3859.57,-31959.07,1733.95,22564.71,-6480.95,181.57,337.88,-6299.38,-5961.5,,,,,
3401,1854.85,4222.81,5185.79,497.3,264.78,-189.57,-3860.81,-31457.97,1708.19,22468.13,-6888.62,187.29,693.49,-6701.33,-6007.84,,,,,
3411,1761.41,4225.51,5195.06,501.02,263.01,-210.91,-3878.13,-31794.56,1710.84,22671.2,-6665.98,182.76,444.46,-6483.21,-6038.76,,,,,
3421,1837.43,4156.79,5212.88,513.99,292.4,-188.15,-3890.51,-31794.22,1720.95,22656.1,-6692.08,182.07,517.67,-6510.01,-5992.34,,,,,
3431,1815.09,4125.93,5212.17,504.79,257.41,-198.18,-3901.81,-31685.2,1730.47,22696.75,-6776.93,180.84,557.43,-6596.08,-6038.66,,,,,
3441,1803.24,4160.16,5173.34,499.8,252.97,-183.49,-3865.78,-31564.98,1745.91,22595.3,-6841.89,181.94,616.47,-6659.95,-6043.48,,,,,
3451,1786.05,4157.04,5204.05,519.3,258.62,-226.53,-3883.96,-31759.23,1748.28,22693.35,-6713.85,184.51,496.95,-6529.34,-6032.39,,,,,
3461,1753.57,4196.35,5213.63,494.47,269.41,-227.35,-3870.48,-31707.61,1754.99,22629.51,-6678.72,186.19,506.49,-6492.53,-5986.04,,,,,
3471,1823.73,4185.01,5228.24,510.7,259,-208.17,-3854.11,-31806.21,1734.19,22723.24,-6700.1,185.02,595.61,-6515.08,-5919.47,,,,,
3481,1837.6,4246.66,5252.98,523.32,267.53,-214.95,-3837.54,-31683.04,1774.36,22566.33,-6728.44,181.24,733.25,-6547.19,-5813.94,,,,,
3491,1832.74,4248.26,5239.94,525.97,296.53,-237.28,-3864.86,-31676.6,1735.91,22580.34,-6774.03,183.05,680.94,-6590.98,-5910.04,,,,,
3501,1752.24,4222.51,5202.52,500.4,280.91,-230.08,-3901.94,-31918.53,1716.44,22770.51,-6657.51,181.94,395,-6475.57,-6080.57,,,,,
3511,1738.05,4251.27,5243.51,515.39,281.81,-213.22,-3848.86,-31726.08,1727.57,22651.77,-6770.06,186.12,621.2,-6583.94,-5962.73,,,,,
3521,1810.44,4165.33,5249.55,490.66,275.35,-211.24,-3875.22,-31687.19,1731.32,22653.55,-6777.76,185.66,602.55,-6592.1,-5989.55,,,,,
3531,1779.83,4239.28,5179.24,503.61,271.58,-200.71,-3865.54,-31608.32,1712.89,22607.48,-6786.49,187.33,619.36,-6599.16,-5979.8,,,,,
3541,1855.14,4194.96,5182.77,520.43,282.56,-187.05,-3875.39,-31653.27,1733.72,22556.78,-6711.94,181.22,610.66,-6530.72,-5920.06,,,,,
3551,1867.6,4235.14,5243.42,516.64,274.85,-205.49,-3869.71,-31792.12,1711.36,22547.82,-6619.13,185.54,529.52,-6433.59,-5904.07,,,,,
3561,1854.28,4235.73,5236.88,523.08,288.16,-232.3,-3874.5,-31753.05,1713.73,22598.34,-6672.07,184.66,590.36,-6487.4,-5897.05,,,,,
3571,1795.2,4169.46,5201.47,509.52,277.6,-201.72,-3870.61,-31661.24,1722.95,22550.99,-6706.99,184.45,493.63,-6522.54,-6028.91,,,,,
3581,1803.37,4201.52,5229.35,510.05,288.17,-227.28,-3855.92,-31718.76,1758.25,22640.93,-6699.1,179.59,629.67,-6519.51,-5889.83,,,,,
3591,1836.22,4203.47,5206.88,491.76,282.88,-218.5,-3871.88,-31795.99,1717.96,22603.11,-6649.15,181.06,455.92,-6468.09,-6012.16,,,,,
3601,1855.33,4264.12,5216.38,513.21,283.2,-225.29,-3849.31,-31691.64,1705.26,22463.81,-6653.22,183.76,535.06,-6469.45,-5934.39,,,,,
3611,1865.37,4286.58,5202.32,516.99,279.25,-242.99,-3849.16,-31697.22,1698.96,22516.78,-6631.68,183.14,576.87,-6448.54,-5871.67,,,,,
3621,1795.12,4236.54,5224.72,504.06,275.99,-226.97,-3883.22,-31504.9,1716.5,22565.19,-6859.22,184.92,703.03,-6674.3,-5971.27,,,,,
3631,1839.42,4363.84,5175.38,550.09,264.57,-203.22,-3867.29,-31591.19,1698.51,22471.3,-6700,183.91,701.41,-6516.08,-5814.67,,,,,
3641,1838.08,4316.92,5223.14,517.39,273.45,-235.66,-3847.73,-31592.04,1682.65,22436.55,-6689.56,183.53,612.76,-6506.03,-5893.27,,,,,
3651,1846.83,4260,5203.09,527.29,269.81,-214.1,-3805.01,-31695.16,1740.63,22474.96,-6681.25,185.52,608.33,-6495.73,-5887.4,,,,,
3661,1759.24,4228.09,5197.1,494.21,277.72,-217.77,-3903.26,-31693.53,1689.18,22553.11,-6655.4,183.19,384.09,-6472.21,-6088.12,,,,,
3671,1754.63,4163.56,5164.01,509.27,263.24,-205.6,-3866.7,-31672.17,1747.14,22595.61,-6690.78,182.42,453,-6508.36,-6055.36,,,,,
3681,1842.68,4143.59,5219.23,495.98,266.41,-221.24,-3893.9,-31669.32,1712.71,22488.1,-6677.09,180.3,384.24,-6496.79,-6112.55,,,,,
3691,1760.75,4262.22,5247.63,518.89,258.63,-223.44,-3893.93,-31570.96,1767.07,22639.05,-6842.5,181.4,765.91,-6661.1,-5895.19,,,,,
3701,1867.5,4217.27,5220.41,496.7,262.81,-229.37,-3856.16,-31833.06,1722.17,22559.82,-6582.19,182.6,428.08,-6399.58,-5971.5,,,,,
3711,1846.07,4212.57,5240.85,508.33,276.34,-222.59,-3889.65,-31735.12,1738.22,22509.59,-6584.56,179.5,484.61,-6405.06,-5920.45,,,,,
3721,1798.54,4224.11,5193.06,506.11,274.02,-210.2,-3880.46,-31998.55,1714.28,22661.99,-6435.11,180.37,282.89,-6254.74,-5971.85,,,,,
3731,1836.07,4159.42,5191.35,511.8,275.07,-208.21,-3938.96,-31700.14,1732.01,22635.58,-6709.75,182.38,493.99,-6527.36,-6033.37,,,,,
3741,1810.6,4139.48,5201.24,502.79,294.58,-200.15,-3857.04,-31745.61,1747.04,22563.55,-6632.94,180.52,456.5,-6452.42,-5995.92,,,,,
3751,1800.88,4214.99,5186.85,513.6,288.25,-208.19,-3871.76,-31700.77,1733.71,22544.93,-6690.93,183.2,502.48,-6507.74,-6005.25,,,,,
3761,1807.85,4201.79,5188.88,498.48,257.71,-248.72,-3851.43,-31792.12,1725.75,22674.99,-6693.73,182.69,463.19,-6511.04,-6047.85,,,,,
3771,1837.25,4181.97,5180.55,506.99,278.43,-208.24,-3870.21,-31636.51,1718.8,22600.25,-6706.03,180.97,589.27,-6525.06,-5935.79,,,,,
3781,1864.01,4230.27,5207.49,509.35,286.31,-229.66,-3893.21,-31827.94,1741.79,22592.34,-6542.22,178.72,480.76,-6363.5,-5882.74,,,,,
3791,1848.63,4245.7,5227.39,498.77,286.76,-234.95,-3842.21,-31732,1705.65,22582.12,-6635.64,183.44,585.86,-6452.2,-5866.34,,,,,
3801,1797.55,4250.16,5244.34,511.41,275.96,-257.2,-3837.83,-31849.13,1716.72,22611.44,-6636.6,183.31,463.43,-6453.29,-5989.86,,,,,
3811,1802.27,4171.16,5221.99,508.7,255.64,-235.12,-3889.18,-31720.64,1742.76,22705.03,-6700.92,182.41,562.6,-6518.51,-5955.92,,,,,
3821,1787.66,4229.55,5243.82,518.28,280.95,-226.21,-3884.84,-31690.63,1697.67,22551.92,-6665.65,182.17,508.16,-6483.49,-5975.33,,,,,
3831,1834.01,4191.52,5202.22,506.44,273.45,-210.99,-3908.12,-31738.85,1730.64,22679.12,-6708.07,181.24,559.44,-6526.83,-5967.39,,,,,
3841,1770.97,4240.47,5201.14,514.22,292.34,-211.62,-3871.32,-31877.87,1741.59,22728.03,-6628.09,181.27,527.94,-6446.82,-5918.88,,,,,
3851,1878.23,4159.65,5213.37,492.69,293.36,-198.04,-3913.22,-31751.5,1725.46,22581.18,-6630.53,183.01,481.18,-6447.52,-5966.35,,,,,
3861,1809.99,4251.74,5183.09,515.29,277.66,-181.11,-3933.08,-31820.33,1707.79,22592.62,-6569.36,179.13,403.65,-6390.24,-5986.58,,,,,
3871,1785.59,4152.24,5210.57,490.2,267.9,-221.37,-3883.35,-31635.74,1707.45,22654.07,-6786.3,181.26,527.56,-6605.05,-6077.49,,,,,
3881,1774.42,4225.56,5182.45,514.68,279.66,-204.46,-3908.06,-31601.49,1723.7,22630.8,-6796.11,184.89,617.26,-6611.23,-5993.97,,,,,
3891,1807.74,4213.71,5247,522.26,296.99,-197.18,-3898.44,-31643.92,1734.52,22482.73,-6716.52,183.25,565.4,-6533.27,-5967.87,,,,,
3901,1831.88,4217.82,5191.82,525.37,260.67,-214.13,-3860.62,-31698.01,1733.78,22624.89,-6701.7,184.43,613.47,-6517.27,-5903.8,,,,,
3911,1787,4181.64,5216.9,516.61,269.59,-204.57,-3812.97,-31947.53,1744.87,22660.28,-6568.11,182.92,411.81,-6385.19,-5973.38,,,,,
3921,1789.53,4256.57,5253.33,519.25,264.49,-194.52,-3933.96,-31596.05,1733.88,22524.3,-6700.79,180.64,616.81,-6520.14,-5903.33,,,,,
3931,1794.2,4289.66,5230.02,506.81,271.39,-229.52,-3909.83,-31755.14,1722.86,22515.96,-6593.22,180.22,436.41,-6413,-5976.59,,,,,
3941,1837.89,4195.68,5177.28,498.3,285.77,-194.01,-3851.6,-31790.83,1715.39,22638.05,-6653.88,182.71,511.92,-6471.17,-5959.26,,,,,
3951,1866.09,4259.93,5225.09,515.36,275.42,-216.84,-3877.31,-31711.96,1717.42,22450.94,-6624.57,186.33,504.14,-6438.24,-5934.1,,,,,
3961,1814.9,4223,5194.58,519.06,268.87,-222.73,-3882.57,-31720.73,1746.48,22616.89,-6691.71,181.58,557.74,-6510.13,-5952.39,,,,,
3971,1831.25,4214.35,5220.95,509.95,270.15,-226.09,-3875.54,-31737.33,1734,22500.13,-6581.45,183.66,441.81,-6397.79,-5955.98,,,,,
3981,1829.41,4122.22,5194.2,510.09,285.21,-221.57,-3866.48,-31716.19,1727.21,22577.06,-6649.09,182.02,441.16,-6467.07,-6025.91,,,,,
3991,1728.72,4163.46,5250.7,496.33,277.75,-222.33,-3831.18,-31800.38,1761.85,22639.03,-6647.09,181.93,463.94,-6465.16,-6001.22,,,,,
4001,1816.73,4077.88,5215.22,495.21,278.36,-236.82,-3844.22,-31658,1774.5,22601.63,-6698.74,184.12,520.49,-6514.62,-5994.14,,,,,
4011,1846.18,4129.96,5182.14,514.02,289.32,-211.23,-3892.88,-31750.81,1736.04,22633.69,-6615.24,181.59,476.42,-6433.65,-5957.23,,,,,
4021,1827.29,4132.54,5252.17,505.66,262.27,-228.31,-3866.69,-31648.24,1744.47,22571.03,-6702.61,183.11,552.19,-6519.51,-5967.31,,,,,
4031,1856.86,4178.31,5236.48,521.63,265.02,-198.91,-3868.2,-31541.03,1726.06,22556.22,-6790.03,183.5,732.44,-6606.53,-5874.08,,,,,
4041,1813.13,4214.1,5272.24,503.53,278.14,-227.37,-3864.76,-31625.36,1747.72,22555.47,-6700.53,180.02,666.84,-6520.51,-5853.67,,,,,
4051,1809.82,4219.19,5178.93,512.77,284.77,-209.55,-3883.24,-31503.9,1715.67,22450.24,-6750.9,182.13,574.7,-6568.77,-5994.07,,,,,
4061,1800.01,4177.6,5188.36,493.17,279.98,-207.16,-3864.11,-31709.09,1744.16,22613.44,-6669.31,184.49,516.35,-6484.82,-5968.47,,,,,
4071,1795.19,4243.62,5203.09,497.67,273.27,-221.59,-3904.61,-31359.57,1731.33,22514.71,-6902.02,186.24,773.1,-6715.78,-5942.68,,,,,
4081,1884.12,4213.35,5210,518.45,282.19,-208,-3906.39,-31770.88,1709.63,22536.98,-6582.42,178.93,469.45,-6403.49,-5934.04,,,,,
4091,1809.07,4172.15,5179.96,509.71,268.5,-198.03,-3878.53,-31711.27,1747.6,22665.15,-6749.5,182.61,564.31,-6566.89,-6002.58,,,,,
4101,1847.99,4219.77,5181.03,514.61,285.02,-218.59,-3906.65,-31624.54,1715.41,22540.24,-6739.17,186.05,554.28,-6553.12,-5998.84,,,,,
4111,1857.41,4103.71,5242.46,513.03,279.89,-233.47,-3876.21,-31753,1692.52,22628.96,-6687.81,185.86,455.31,-6501.95,-6046.64,,,,,
4121,1844.09,4273.25,5213.38,514.23,259.3,-219.53,-3848.5,-31523.56,1709.39,22399.64,-6771.26,184.87,621.67,-6586.38,-5964.71,,,,,
4131,1794.39,4138.12,5208.98,481.32,283.37,-208.1,-3832.36,-31540.88,1739.86,22614.34,-6871.81,184.88,679.03,-6686.93,-6007.9,,,,,
4141,1787.23,4189.49,5234.69,516.3,265.21,-233.91,-3887.11,-31702.42,1745.68,22589.92,-6659.54,179.75,505.08,-6479.8,-5974.72,,,,,
4151,1809,4203.14,5194.16,523.2,284.59,-214.6,-3884.62,-31569.05,1760.3,22491.67,-6720.62,181.83,597.8,-6538.79,-5940.99,,,,,
4161,1812.12,4103.31,5172.39,513.41,259.55,-211.54,-3835.55,-31746.92,1787.68,22541.97,-6607.88,183.71,396.42,-6424.18,-6027.76,,,,,
4171,1754.92,4168.35,5225.39,496.99,294.73,-214.85,-3887.92,-31834.55,1754.96,22579.1,-6575.38,178.94,337.1,-6396.43,-6059.33,,,,,
4181,1818.15,4207.48,5190.07,493.59,274.8,-199.56,-3848.56,-31838.37,1726.41,22399.39,-6484.73,180.64,223.39,-6304.09,-6080.7,,,,,
4191,1743.91,4235.73,5193.33,503.01,273.19,-198.82,-3892.97,-31621.38,1736.3,22466.64,-6674.87,184.05,438.94,-6490.82,-6051.87,,,,,
4201,1819.49,4156.19,5169.53,518.67,262.99,-197.93,-3871.83,-31778.13,1709.84,22462.6,-6562.16,183.42,251.42,-6378.74,-6127.32,,,,,
4211,1815.93,4160.34,5221.56,488.52,273.99,-183.16,-3851.41,-31628.02,1713.84,22453.06,-6689.95,184.96,464.64,-6504.99,-6040.35,,,,,
4221,1849.25,4219.71,5225.15,527.35,272.19,-210.05,-3878.22,-31735.33,1752.83,22496.83,-6599.07,182.31,519.69,-6416.75,-5897.06,,,,,
4231,1782.6,4161.67,5191.06,509.83,257.6,-198.52,-3886.65,-31754.95,1727.14,22495.21,-6545.53,182.69,285,-6362.84,-6077.83,,,,,
4241,1787.7,4232.39,5155.3,528.45,277.69,-203.25,-3894.14,-31717.27,1742.08,22500.29,-6639.58,185.38,409.24,-6454.2,-6044.96,,,,,
4251,1792.6,4196.87,5199.28,505.04,285.48,-225.35,-3860.36,-31706.52,1709.72,22485.3,-6624.99,184.31,382.06,-6440.68,-6058.62,,,,,
4261,1791.8,4193.08,5176.3,495.57,275.31,-206.69,-3879.69,-31835.88,1726.43,22565.37,-6560.45,181.4,301.6,-6379.04,-6077.44,,,,,
4271,1810.35,4287.94,5233.85,519.48,277.43,-200.3,-3873.53,-31680.24,1730.91,22439.14,-6661.45,183.22,545.04,-6478.23,-5933.19,,,,,
4281,1830.66,4185.65,5218.38,500.58,277.08,-196.88,-3886.36,-31639.72,1722.82,22456.68,-6653.48,183.46,468.89,-6470.02,-6001.13,,,,,
4291,1848.26,4150.44,5206.24,518.88,280.07,-193.45,-3892.55,-31859.13,1735.5,22497.79,-6514.28,181.21,292.04,-6333.07,-6041.03,,,,,
4301,1810.23,4198.65,5193.54,518.32,282.1,-195.02,-3885.09,-31714.21,1756.41,22498.42,-6593.52,182.28,463.35,-6411.25,-5947.9,,,,,
4311,1876.52,4230.46,5205.67,528.27,269.75,-181.63,-3865.71,-31710.35,1687.88,22410.98,-6579.97,183.28,451.84,-6396.69,-5944.85,,,,,
4321,1780.02,4214.14,5179.45,508.5,268.57,-189.89,-3889.57,-31497.24,1751.47,22363.41,-6686.45,182.79,488.85,-6503.65,-6014.8,,,,,
4331,1805.28,4152.25,5227.92,500.75,268.23,-221.82,-3830.83,-31592.32,1725.87,22474.54,-6740.38,187.33,509.85,-6553.06,-6043.2,,,,,
4341,1782.9,4148.26,5193.28,496.54,267.85,-210.6,-3895.5,-31568.7,1781.32,22540.19,-6747.04,179.99,535.55,-6567.06,-6031.51,,,,,
4351,1789.04,4228.84,5203.06,520.82,288.8,-210.6,-3856.33,-31666.42,1735.45,22507.16,-6661.27,179.74,539.83,-6481.53,-5941.7,,,,,
4361,1809.23,4304.04,5192.1,523.2,269.42,-204.03,-3888.59,-31752.3,1711.9,22433.36,-6551.92,180.76,398.33,-6371.15,-5972.82,,,,,
4371,1787.91,4084.92,5266.71,489.15,271.12,-194.4,-3873.9,-31742.77,1736.31,22558.62,-6612.1,184.9,383.68,-6427.2,-6043.52,,,,,
4381,1845.48,4224.71,5256.94,502.17,267.26,-213.07,-3898.21,-31705.13,1730.82,22491.64,-6595.86,180.6,502.6,-6415.26,-5912.66,,,,,
4391,1841.79,4137.9,5167.2,501.32,275.83,-203.88,-3892.61,-31661.78,1718.3,22504.84,-6648.31,181.31,388.9,-6467,-6078.1,,,,,
4401,1833,4186.39,5233.39,504.55,265.89,-216.74,-3900.19,-31676.61,1726.95,22415.8,-6568.19,182.28,372.43,-6385.9,-6013.47,,,,,
4411,1818.65,4160.53,5184.18,497.59,247.71,-215.97,-3850.27,-31698.16,1704.82,22545.06,-6602.17,183.69,394.14,-6418.48,-6024.34,,,,,
4421,1808.52,4130.05,5195.32,495.56,260.74,-203.27,-3878.33,-31855.97,1747.21,22522.17,-6494.02,180.84,221.98,-6313.18,-6091.2,,,,,
4431,1848.64,4188.43,5175.64,496.15,279.58,-227.65,-3879.97,-31710.08,1739.25,22460.76,-6608.67,183.01,370.75,-6425.66,-6054.9,,,,,
4441,1772.79,4160.17,5197.83,511.3,274.81,-203.4,-3875.63,-31772.96,1738.57,22499.14,-6519.11,178.82,302.63,-6340.29,-6037.66,,,,,
4451,1853.93,4187.36,5194.15,509.99,268.01,-198.57,-3895.35,-31560.48,1726.05,22427.95,-6675.54,184.02,513.04,-6491.52,-5978.47,,,,,
4461,1786.55,4267.62,5240.59,510.02,290.21,-215.83,-3845.13,-31604.94,1708.08,22506.38,-6759.76,185.09,643.55,-6574.67,-5931.11,,,,,
4471,1805.58,4209.09,5189.33,519.24,267.91,-222.37,-3811.78,-31855.38,1724.82,22513.17,-6519.78,182.48,339.61,-6337.31,-5997.7,,,,,
4481,1795.94,4254.24,5171.48,496.49,288.87,-201.59,-3923.34,-31491.06,1738.58,22378.52,-6736.27,181.61,508.12,-6554.66,-6046.54,,,,,
4491,1852.44,4304.31,5210.32,515.66,265.41,-241.32,-3844.92,-31606.51,1714.09,22395.02,-6675.84,186.53,564.5,-6489.31,-5924.81,,,,,
4501,1804.77,4212.58,5201.56,491.58,276.04,-230.48,-3866.79,-31613.95,1731.39,22449.78,-6628.06,181.69,456.47,-6446.36,-5989.89,,,,,
4511,1801.91,4239.98,5219.03,517.84,288.6,-234.26,-3853.3,-31728.55,1748.71,22406.84,-6565.55,183.85,406.79,-6381.7,-5974.91,,,,,
4521,1848.92,4167.09,5200.32,501.17,272.21,-230.86,-3911.72,-31855.96,1716.39,22507.55,-6457.76,182.81,215.12,-6274.94,-6059.83,,,,,
4531,1810.57,4229.07,5179.98,505.85,264.44,-219.82,-3874.03,-31744.98,1736.09,22498.55,-6562.23,181.9,385.72,-6380.33,-5994.61,,,,,
4541,1766.39,4263.5,5209.34,507.86,274.5,-210.5,-3882.45,-31719.16,1722.37,22430.51,-6567.76,180.88,362.37,-6386.88,-6024.51,,,,,
4551,1811.59,4216.08,5201.92,519.41,279.68,-218.31,-3845.43,-31636.15,1721.35,22539.7,-6723.78,188.68,589.84,-6535.1,-5945.26,,,,,
4561,1773.08,4128.87,5187.64,495.66,264.84,-214.7,-3821.83,-31740.94,1788.79,22560.47,-6652.72,186.75,421.87,-6465.97,-6044.1,,,,,
4571,1812.68,4142.47,5228.69,485.03,262.06,-256.44,-3830.73,-31692.42,1739.14,22433.37,-6590.44,184.97,323.85,-6405.47,-6081.62,,,,,
4581,1863.66,4180.62,5228.52,518.77,291.79,-208.1,-3832.96,-31719.44,1746.69,22465.04,-6625.19,183.38,534.59,-6441.81,-5907.21,,,,,
4591,1804.49,4155.51,5232.67,496.96,273.88,-211.45,-3888.16,-31694.06,1739.72,22511.9,-6670.85,183.92,421.46,-6486.93,-6065.47,,,,,
4601,1794.77,4203.8,5183.41,501.87,278.89,-212.04,-3894.45,-31654.46,1726.2,22544.79,-6721.58,185.37,472.79,-6536.21,-6063.42,,,,,
4611,1783.12,4195.59,5231.92,507.76,301.31,-228.54,-3901.85,-31692.87,1772.85,22551.27,-6695.78,188.08,520.55,-6507.7,-5987.14,,,,,
4621,1845.62,4168.05,5203.14,490.6,275.56,-211.74,-3856.41,-31786.83,1723.43,22520.89,-6588.48,179.34,372.3,-6409.14,-6036.85,,,,,
4631,1752.45,4137.7,5229.47,513.19,267.54,-213.82,-3923.4,-31736.6,1716.15,22628.9,-6701.82,185.93,371.57,-6515.89,-6144.32,,,,,
4641,1865.93,4223.92,5238.18,504.92,263.06,-212.61,-3886.06,-31761.92,1760.09,22536.33,-6597.13,184.93,531.82,-6412.2,-5880.38,,,,,
4651,1814.45,4100.91,5217.09,500.53,257.33,-211.54,-3851.07,-31733.28,1735.33,22583.49,-6619.49,186.75,413.24,-6432.74,-6019.5,,,,,
4661,1831.65,4252.72,5210.32,517.17,265.37,-215.99,-3897.96,-31528.22,1715.33,22436.43,-6723.29,186.21,586.82,-6537.09,-5950.27,,,,,
4671,1862.64,4183.69,5208.57,530.12,279.07,-196.95,-3855.65,-31577.67,1739.85,22438.98,-6639.36,184.76,612.65,-6454.61,-5841.96,,,,,
4681,1823.76,4227.51,5196.9,497.67,282.79,-227.22,-3899.68,-31744.98,1729.78,22616.16,-6684.52,182.36,502.68,-6502.16,-5999.48,,,,,
4691,1824.95,4260.48,5222.7,521.4,283.15,-218.97,-3940.91,-31675.01,1747.66,22493.2,-6646.13,183.29,518.64,-6462.84,-5944.2,,,,,
4701,1799.03,4213.75,5212.93,497.96,266.42,-222.07,-3869.81,-31736.58,1759.53,22559.31,-6652.81,183.22,480.45,-6469.6,-5989.15,,,,,
4711,1845.33,4289.07,5193.7,514.82,277.35,-202.54,-3896.64,-31704.17,1702.84,22513.87,-6638.97,184.14,533.62,-6454.82,-5921.2,,,,,
4721,1788.77,4192.29,5247.27,491.2,278,-194.24,-3931.74,-31692.19,1710.96,22557.7,-6624.38,184.34,448.03,-6440.04,-5992.01,,,,,
4731,1830.97,4198.4,5198.21,502.48,279.12,-228.22,-3846.48,-31854.26,1764.87,22548.46,-6543.07,182.09,393.56,-6360.98,-5967.42,,,,,
4741,1847.97,4222.85,5273.47,491.94,306,-226.83,-3844.71,-31668.34,1743.21,22692.19,-6806.83,185.49,837.75,-6621.33,-5783.58,,,,,
4751,1829.23,4205.54,5241.2,520.09,294.58,-201.46,-3864.65,-31747.09,1752.16,22558.39,-6622.7,178.59,587.98,-6444.11,-5856.13,,,,,
4761,1833.85,4154.26,5237.78,492.9,267.44,-227.9,-3836.52,-31917.61,1744.19,22637.34,-6568.12,183.31,385.73,-6384.81,-5999.08,,,,,
4771,1832.6,4184.98,5228.21,495.12,294.24,-228.8,-3828.35,-31846.95,1746.69,22596.48,-6603.74,183.92,474.22,-6419.83,-5945.61,,,,,
4781,1870.3,4105.86,5238.04,512.71,269.96,-228.3,-3836.26,-31865.87,1738.47,22607.7,-6561.67,185.34,412.62,-6376.33,-5963.71,,,,,
4791,1839.76,4155.42,5221.97,505.21,257.14,-186.22,-3869.34,-31797.58,1709.9,22536.53,-6577,183.35,372.8,-6393.65,-6020.85,,,,,
4801,1797.06,4146.19,5224.47,507.41,268.62,-225.24,-3802.76,-31700.8,1749.88,22503.67,-6643.46,190.63,468.5,-6452.83,-5984.33,,,,,
4811,1836.92,4209.19,5212.71,504.9,268.21,-193.88,-3884.99,-31801.38,1706.76,22535.96,-6570.25,187.25,394.39,-6383,-5988.61,,,,,
4821,1863.36,4151.24,5250.08,508.39,287.86,-219.16,-3828.55,-31572.21,1730.26,22412.64,-6637.56,185.59,583.91,-6451.97,-5868.05,,,,,
4831,1852.96,4175.64,5258.39,501.97,255.6,-207.65,-3843.52,-31661.27,1719.08,22380.33,-6607.71,183.67,431.52,-6424.04,-5992.52,,,,,
4841,1783.73,4193,5195.1,488.01,268.13,-228.43,-3895.49,-31667.22,1710.25,22461.14,-6613.58,182.47,308.23,-6431.11,-6122.88,,,,,
4851,1821.02,4193.63,5228.72,506.46,285.33,-219.84,-3845.65,-31603.51,1759.41,22530.07,-6771.92,187.4,655.63,-6584.51,-5928.89,,,,,
4861,1812.33,4213.57,5200.07,504.85,264.46,-215.21,-3936.76,-31587.79,1729.62,22584.98,-6750.88,183.26,570.12,-6567.62,-5997.5,,,,,
4871,1735.75,4186.71,5201.29,520,276.93,-217.88,-3857.1,-31697.37,1749.64,22627.64,-6764.07,186.74,525.61,-6577.33,-6051.72,,,,,
4881,1829.71,4262.69,5170.98,511.29,286.93,-223.58,-3855.19,-31551.06,1714.57,22514.25,-6824.92,188.07,660.59,-6636.85,-5976.26,,,,,
4891,1784.37,4199.52,5232.72,496.77,272.8,-230,-3883.21,-31647.4,1736.78,22545.55,-6743.72,188.01,507.9,-6555.71,-6047.82,,,,,
4901,1816,4271.92,5270.13,497.48,265.88,-245.88,-3850.84,-31665.08,1758.88,22506.34,-6713.94,186.87,624.82,-6527.07,-5902.25,,,,,
4911,1808.82,4249.28,5208.25,493.34,284.83,-190.74,-3935.67,-31831.79,1749.15,22569.43,-6597.78,182.48,404.92,-6415.29,-6010.37,,,,,
4921,1845.64,4223.95,5252.53,497.84,292.02,-249.39,-3910.51,-31785.27,1749.01,22623.65,-6628.4,184.07,539.46,-6444.33,-5904.86,,,,,
4931,1749.18,4282.08,5165.77,491.83,267.99,-231.6,-3876.67,-31832.42,1751.99,22721.17,-6704.1,188.08,489.32,-6516.01,-6026.69,,,,,
4941,1871,4083.6,5208.07,494.95,272.72,-221.06,-3844.59,-31830.78,1753.12,22710.39,-6683.11,186.21,497.42,-6496.9,-5999.49,,,,,
4951,1825.74,4173.39,5209.09,496.64,268.95,-215.87,-3907.26,-31964.02,1749.45,22624.86,-6505.47,183.07,260.95,-6322.4,-6061.45,,,,,
4961,1805.93,4160.77,5221.15,500.45,277.03,-217.71,-3803.57,-31783.48,1741.73,22779.69,-6794,190.35,681.98,-6603.65,-5921.67,,,,,
4971,1818.4,4229.32,5218.97,509.22,263.48,-213.77,-3899.82,-31568.01,1753.32,22696.73,-6906.63,189.5,807.85,-6717.13,-5909.28,,,,,
4981,1835.71,4221.23,5256.3,500.62,272.6,-235.54,-3870.16,-31730.78,1737.19,22642.52,-6728.87,187.32,629.69,-6541.56,-5911.86,,,,,
4991,1827.4,4183.04,5203.06,514.17,262.44,-196.85,-3870.6,-31803.06,1731.62,22639.62,-6663.68,185.39,490.84,-6478.29,-5987.45,,,,,
5001,1838.9,4152.02,5238.86,508.01,284.75,-207.86,-3851.68,-31679.88,1725.72,22736.87,-6833.91,190.6,745.7,-6643.31,-5897.61,,,,,
5011,1801.98,4250.01,5179.92,506.34,271.57,-215.27,-3863.72,-31478.83,1730.13,22567.24,-6909.04,184.22,749.37,-6724.83,-5975.45,,,,,
5021,1822.26,4172.76,5199.55,500.23,261.55,-189.71,-3888.31,-31534.88,1720.56,22725.09,-6945.77,189.03,789.11,-6756.74,-5967.63,,,,,
5031,1783.34,4236.82,5213.09,505,252.39,-239.18,-3863.63,-31603.33,1731.48,22652.05,-6813.58,187.72,668.03,-6625.86,-5957.82,,,,,
5041,1901.09,4209.92,5214.17,489,265.08,-211.04,-3837.95,-31634.88,1705.69,22550.92,-6786.01,191,652,-6595.01,-5943,,,,,
5051,1803.87,4188.9,5198.57,502.82,275.75,-212.14,-3867.42,-31534.1,1725.18,22727.25,-6962.48,189.27,808.67,-6773.21,-5964.55,,,,,
5061,1811.76,4198.35,5248.13,508.12,301.06,-225.3,-3855.73,-31785.8,1730.99,22686.25,-6729.06,185.47,617.83,-6543.59,-5925.76,,,,,
5071,1812.48,4184.92,5225.29,501.73,270.44,-236.49,-3855.98,-31518.65,1734.99,22484.97,-6847.01,191.97,603.71,-6655.04,-6051.33,,,,,
5081,1842.4,4228.86,5240.36,519.8,248.98,-206.09,-3844.86,-31717.56,1736.84,22435.52,-6607.07,187.53,484.25,-6419.55,-5935.29,,,,,
5091,1799.37,4160.85,5258.82,512.95,278.74,-203.64,-3882.45,-31586.93,1742.07,22579.5,-6800.53,186.62,659.28,-6613.91,-5954.63,,,,,
5101,1834.59,4277.65,5216.96,516.03,254.42,-234.26,-3883.56,-31516.85,1720.03,22494.61,-6780.58,188.24,679.62,-6592.34,-5912.72,,,,,
5111,1764.75,4213.85,5234.38,503.22,275.83,-237.56,-3876.58,-31627.29,1764.14,22626.12,-6812.34,185.49,640.87,-6626.85,-5985.99,,,,,
5121,1801.03,4253.67,5228.33,497.28,275.83,-208.19,-3838.6,-31509.99,1732.03,22514.33,-6870.23,191.1,745.71,-6679.13,-5933.42,,,,,
5131,1825.94,4097.21,5180.36,514.74,262.22,-203.54,-3878.05,-31393.02,1710.08,22665.94,-7080.78,193.26,781.88,-6887.52,-6105.64,,,,,
5141,1782.3,4219.63,5224.69,489.69,253.83,-237.2,-3854.32,-31570.43,1737.34,22688.08,-6925.29,190.31,733.6,-6734.98,-6001.38,,,,,
5151,1793.36,4215.55,5186.91,508.52,289.73,-225.65,-3838.92,-31526.4,1744.73,22580.5,-6838.66,189.72,728.34,-6648.94,-5920.6,,,,,
5161,1805.23,4220.72,5242.92,499.8,284.5,-225.3,-3855.18,-31362.74,1745.19,22555.89,-6995.75,189.96,911.02,-6805.79,-5894.77,,,,,
5171,1851.53,4219.06,5248.97,495.52,284.25,-255.3,-3850.62,-31571.01,1722.21,22549.27,-6842.03,189.35,693.89,-6652.68,-5958.78,,,,,
5181,1765.19,4282.53,5237,507.26,280.71,-225.35,-3874.9,-31693.56,1768.82,22776.11,-6809.91,186.85,823.81,-6623.06,-5799.24,,,,,
5191,1842.74,4271.37,5254.04,513.95,276.93,-222.03,-3859.45,-31697.22,1715.33,22683.24,-6768.69,187.42,778.89,-6581.27,-5802.39,,,,,
5201,1858.56,4157.59,5219.82,509.29,284.3,-252.32,-3817.75,-31639.36,1707.62,22720.05,-6877.51,192.43,747.81,-6685.08,-5937.27,,,,,
5211,1745.09,4283.33,5229.6,501.21,314.08,-216.34,-3851.86,-31668.63,1753.73,22634.18,-6777.3,188.04,724.4,-6589.26,-5864.86,,,,,
5221,1817.95,4241.61,5206.64,492.92,287.98,-235.15,-3863.14,-31995.65,1704.12,22753.2,-6598.49,190.73,410.48,-6407.76,-5997.28,,,,,
5231,1803.09,4238.38,5231.98,504.99,274.46,-233.48,-3781.91,-31811.45,1781.75,22674.72,-6700.54,192.26,682.52,-6508.28,-5825.76,,,,,
5241,1849.12,4299.13,5239.77,505.87,280.68,-233.34,-3837.78,-31574.62,1733.15,22550.65,-6820.41,189.22,812.63,-6631.19,-5818.56,,,,,
5251,1833.81,4244.02,5223.04,503.14,277.27,-200.96,-3834.01,-31521.38,1749.6,22525.67,-6818.9,195.85,800.18,-6623.05,-5822.87,,,,,
5261,1835.24,4166.56,5215.63,501.82,272.77,-212.23,-3820.11,-31883.55,1730.02,22630.14,-6571.78,189.06,436.28,-6382.71,-5946.44,,,,,
5271,1809.09,4221.45,5246.49,512.16,280.62,-213.64,-3807.97,-31728.42,1718.86,22512.02,-6677.5,191.54,550.66,-6485.96,-5935.3,,,,,
5281,1838.91,4221.48,5229.03,514.65,275.23,-232.55,-3837.03,-31751.46,1700.09,22689.53,-6747.07,187.75,647.88,-6559.32,-5911.44,,,,,
5291,1833.47,4182.86,5243.29,507.68,282.87,-255.68,-3849.07,-31663.24,1700.32,22540.03,-6702.99,192.01,522.53,-6510.98,-5988.45,,,,,
5301,1842.47,4299.61,5212.34,522.14,272.74,-178.31,-3842.63,-31767.42,1726.54,22553.75,-6650.85,187.15,641.24,-6463.69,-5822.46,,,,,
5311,1793.53,4214.61,5203.85,510.23,265.64,-219.83,-3834.3,-31657.91,1729.14,22547.45,-6764.58,189.45,552.41,-6575.13,-6022.72,,,,,
5321,1748.01,4234.92,5204.74,503.86,276.85,-225.36,-3835.78,-31912.8,1748.7,22585.9,-6599.66,188.21,329.03,-6411.45,-6082.41,,,,,
5331,1797.21,4200.55,5185.08,504.58,284.73,-245.24,-3856.23,-31783.69,1754.3,22560.78,-6671.77,190.35,402.06,-6481.42,-6079.36,,,,,
5341,1775.61,4235.02,5245.03,524.39,285.3,-235,-3820.74,-31813.27,1730.75,22597.53,-6684.9,190.13,524.6,-6494.77,-5970.16,,,,,
5351,1898.9,4228.3,5242.07,493.46,272.28,-235.85,-3857.53,-31808.23,1707.64,22685.46,-6726.07,190.74,626.5,-6535.34,-5908.84,,,,,
5361,1760.98,4250.71,5224.22,483.38,271.82,-205.16,-3865.58,-31852.13,1744.63,22655.24,-6623.27,185.82,468.11,-6437.45,-5969.34,,,,,
5371,1860.03,4212.27,5207.5,505.89,274.58,-233.43,-3884.02,-31843.53,1699.79,22680.43,-6669.91,188.95,479.5,-6480.97,-6001.47,,,,,
5381,1778.44,4208.35,5205.73,507.11,272.38,-234,-3849.46,-31986.32,1741.69,22699.58,-6535.67,188.43,343.51,-6347.24,-6003.72,,,,,
5391,1821.81,4232.34,5251.02,487.42,273.7,-233.71,-3820.66,-31939.01,1735.26,22589.33,-6535.06,187.35,397.49,-6347.72,-5950.23,,,,,
5401,1820.45,4267.71,5184.25,502.63,258.34,-229.99,-3809.34,-31884,1756.72,22557.05,-6567.8,190.7,423.82,-6377.1,-5953.28,,,,,
5411,1841.39,4190.05,5171.19,518.32,282.66,-225.11,-3789.2,-31834.4,1755.74,22673.36,-6662.43,192.4,584,-6470.03,-5886.03,,,,,
5421,1825.01,4186.29,5205.92,500.37,283.97,-200.64,-3843.84,-32072.21,1734.05,22655.49,-6436.22,189.59,274.4,-6246.63,-5972.23,,,,,
5431,1780.25,4215.98,5209.7,514.19,289.95,-213.53,-3870.28,-31926.07,1765.06,22708.4,-6562.66,189.23,473.65,-6373.43,-5899.79,,,,,
5441,1748.79,4150.28,5207.85,492.58,268.39,-236.48,-3798.31,-32044.67,1769.96,22781.13,-6576.38,190.07,339.5,-6386.31,-6046.81,,,,,
5451,1824.02,4199.06,5203.4,505.79,267.3,-230.44,-3901.75,-31667.84,1720.75,22607.45,-6737.93,186.67,527.74,-6551.26,-6023.53,,,,,
5461,1749.19,4181.88,5230.06,493.9,295,-219.76,-3829.54,-31824.92,1753.77,22574,-6646.07,189.38,403.57,-6456.69,-6053.12,,,,,
5471,1789.07,4226.56,5228.53,513.75,264.23,-245.1,-3770.48,-31748.73,1752.81,22709.13,-6810.66,194.64,719.77,-6616.01,-5896.24,,,,,
5481,1774.65,4254.97,5221.54,506.32,269.22,-220.73,-3792.45,-31861.59,1756.27,22670.15,-6640.39,189.58,578.35,-6450.82,-5872.47,,,,,
5491,1765.31,4210.66,5215.06,506.29,272.1,-251.57,-3822.52,-31858.57,1765.21,22610.48,-6597.98,188.56,412.46,-6409.41,-5996.96,,,,,
5501,1797.23,4201.88,5185.29,496.86,265.13,-217.73,-3834.16,-31773.23,1725.14,22591.08,-6643.24,192.04,437.5,-6451.2,-6013.69,,,,,
5511,1786.84,4226.59,5204.32,505.27,294.03,-230.62,-3863.02,-31835.14,1727.56,22570.71,-6582.8,190.61,386.54,-6392.19,-6005.65,,,,,
5521,1798.06,4265.88,5189.56,508.09,273.33,-234.54,-3857.7,-31787.89,1708.94,22539.34,-6652.81,189.71,403.06,-6463.09,-6060.03,,,,,
5531,1779.84,4209.34,5184.78,505.18,273.17,-218.48,-3896.57,-31903.9,1768.68,22598.82,-6554.12,185.79,300.87,-6368.33,-6067.46,,,,,
5541,1835.05,4166.56,5230.02,510.01,258.57,-223.98,-3799.56,-32057.79,1725.49,22653.54,-6485.87,186.84,297.91,-6299.03,-6001.12,,,,,
5551,1794.45,4146.57,5304.62,505.75,259.92,-216.29,-3805.11,-31826.25,1764.27,22599.26,-6608.81,189.38,527.19,-6419.44,-5892.24,,,,,
5561,1770,4241.95,5243.61,491.26,276.6,-244.71,-3838.59,-31759.06,1738.11,22617.47,-6699.73,191.42,536.64,-6508.32,-5971.67,,,,,
5571,1787.55,4185.14,5248.43,514.92,276.9,-230.36,-3783.89,-31723.43,1707.75,22571.73,-6746.03,195,554.74,-6551.03,-5996.29,,,,,
5581,1789.11,4154.81,5248.67,507.91,287.12,-212.85,-3773.56,-31518.62,1740.38,22533.52,-6892.33,191.41,756.49,-6700.93,-5944.44,,,,,
5591,1791.41,4184.12,5212.08,505.7,280.36,-230.25,-3786.4,-31740.45,1715.76,22616.16,-6740.44,196.75,548.49,-6543.69,-5995.2,,,,,
5601,1854.97,4263.75,5265.06,499.7,270.11,-227.45,-3814.89,-31541.08,1714.83,22490.43,-6796.69,191.24,775.43,-6605.45,-5830.02,,,,,
5611,1831.81,4069.22,5253.02,503.57,279.96,-215.34,-3737.7,-31590.67,1734.36,22551.49,-6864.9,193.27,679.74,-6671.63,-5991.89,,,,,
5621,1756.23,4242.14,5240.14,508.73,263.44,-223.46,-3843.2,-31697.94,1719.14,22513.37,-6709.06,192.09,478.6,-6516.98,-6038.38,,,,,
5631,1904.19,4187.94,5192.62,499.14,281.36,-216.14,-3779.5,-31882.23,1749.22,22489.52,-6533.98,189.37,426.13,-6344.61,-5918.48,,,,,
5641,1835.81,4215.06,5252.78,520.75,269.12,-251.89,-3871.95,-31615.7,1723.9,22475.42,-6741.49,189.76,553.3,-6551.73,-5998.43,,,,,
5651,1856.13,4240.71,5267.39,511.1,284.74,-211.67,-3849.99,-31604.52,1726.3,22492.45,-6757.71,193.61,712.64,-6564.1,-5851.46,,,,,
5661,1801.38,4149.09,5203.1,510.47,275.43,-223.09,-3786.97,-31818.44,1750.43,22619.44,-6668.96,190.17,480.83,-6478.79,-5997.95,,,,,
5671,1791.6,4181.2,5249.43,506.12,281.17,-257.34,-3831.86,-31640.82,1724.96,22559.86,-6782.25,192.39,564.32,-6589.86,-6025.54,,,,,
5681,1820.36,4195.78,5271.91,505.17,274.41,-242.72,-3838.65,-31813.81,1718.77,22609.99,-6629.68,191.18,501.21,-6438.5,-5937.29,,,,,
5691,1858.96,4214.23,5216.41,498.77,253.54,-240.03,-3836.4,-31785.66,1749.38,22521.67,-6614.53,188.75,450.87,-6425.78,-5974.91,,,,,
5701,1836.95,4259.79,5205.39,509.07,296.54,-226.66,-3867.11,-31807.44,1720.71,22578.37,-6675.95,187.24,505.62,-6488.71,-5983.09,,,,,
5711,1882.55,4279.67,5213.77,509.79,253.04,-248.68,-3782.09,-31687.76,1751.57,22491.61,-6695.76,191.85,663.47,-6503.92,-5840.45,,,,,
5721,1767.08,4198.92,5185.07,512.6,279.33,-226.09,-3877.61,-31772.51,1723.54,22617.37,-6676.33,187.35,407.7,-6488.98,-6081.28,,,,,
5731,1797.07,4282.87,5240.75,510.95,277.72,-241.19,-3774.76,-31881.89,1746.92,22419.99,-6570.95,192.72,378.42,-6378.23,-5999.81,,,,,
5741,1775.01,4265.8,5208.53,521.73,265.27,-237.69,-3840.17,-31761.7,1716.73,22581.58,-6641.91,192.05,495.08,-6449.86,-5954.77,,,,,
5751,1808.14,4172.7,5230.62,515.46,274.47,-258.98,-3734.5,-31857.58,1727.58,22517.51,-6618.83,194.47,395.41,-6424.36,-6028.95,,,,,
5761,1772.22,4189.86,5220.28,495.29,274.61,-222.4,-3789.64,-31986.14,1726.81,22686.34,-6546.9,188.52,367.23,-6358.38,-5991.14,,,,,
5771,1840.88,4119.99,5214.05,504.93,253.28,-222.73,-3836.68,-31748.03,1757.53,22642.59,-6669.32,189.28,525.82,-6480.04,-5954.23,,,,,
5781,1818.24,4269.67,5189.79,510.13,260.77,-254.88,-3811.16,-31617.45,1722.46,22434.2,-6681.48,194.22,521.78,-6487.26,-5965.48,,,,,
5791,1845.03,4189.54,5220.28,502.66,271.91,-226.79,-3793.36,-31753.53,1703.86,22482.47,-6605.72,189.77,442.08,-6415.95,-5973.87,,,,,
5801,1770.49,4245.6,5188.36,522.37,260.94,-226.48,-3848.75,-31773.33,1700.63,22589.56,-6600.78,187.14,429.39,-6413.63,-5984.25,,,,,
5811,1799.68,4143.8,5202.9,505.63,270.42,-247.05,-3873.95,-31641.73,1748.26,22534.47,-6732.37,191.19,442.41,-6541.18,-6098.77,,,,,
5821,1769.18,4204.42,5225.71,506.27,275.32,-220.85,-3825.55,-31690.67,1732.32,22569.82,-6734.93,187.98,545.98,-6546.95,-6000.97,,,,,
5831,1820.88,4251.53,5236.89,517.69,287.98,-230.31,-3813.79,-31765.62,1762.9,22494.46,-6620.08,185.79,562.62,-6434.29,-5871.66,,,,,
5841,1787.62,4247.21,5243.23,502.3,269.37,-243.08,-3839.34,-31763.27,1719.5,22589.32,-6697.75,185.84,512.85,-6511.91,-5999.06,,,,,
5851,1837.64,4244.6,5196.99,499.22,256.7,-222.89,-3840.11,-31847.96,1718.76,22562.81,-6592.49,187.99,405.78,-6404.5,-5998.72,,,,,
5861,1772.31,4254.83,5214.02,503.83,274.23,-239.12,-3860,-31707.21,1754.26,22612.07,-6740.1,185.03,579.22,-6555.07,-5975.85,,,,,
5871,1864.3,4247.81,5243.62,517.06,274.87,-222.77,-3890.38,-31847.79,1731.33,22589.08,-6584.16,186.09,507.14,-6398.07,-5890.94,,,,,
5881,1849.57,4134.22,5210.56,499.03,290.83,-223.46,-3890.49,-31975.83,1695.9,22602.36,-6502.57,181.44,192.68,-6321.13,-6128.45,,,,,
5891,1773.66,4285.47,5217.54,511.47,266.78,-242.35,-3886.38,-31859.19,1742.82,22586.61,-6584.22,181.39,396.41,-6402.83,-6006.42,,,,,
5901,1786.84,4186.84,5199.18,505.75,278.02,-248.94,-3864.21,-31849.84,1778.96,22650.89,-6632.3,183.08,423.48,-6449.23,-6025.75,,,,,
5911,1866.67,4143.28,5227.12,500.22,282.21,-219.37,-3880.9,-31606.2,1739.52,22595.7,-6828.88,187.08,648.24,-6641.79,-5993.56,,,,,
5921,1878.79,4229.71,5168.33,508.34,275.48,-215.87,-3875.14,-31642.14,1711.68,22626.7,-6890.22,187.31,665.89,-6702.92,-6037.02,,,,,
5931,1782.08,4159.83,5262.04,503.54,274.55,-213.11,-3875.63,-31646.48,1744.42,22608.58,-6768.59,182.19,599.8,-6586.39,-5986.59,,,,,
5941,1789.12,4182.61,5209.35,504.15,277.94,-247.92,-3833.45,-31989.2,1784.34,22722.56,-6551.68,183.69,399.49,-6367.99,-5968.5,,,,,
5951,1780.86,4176.34,5229.93,492.63,265.65,-230.88,-3851.52,-31781.62,1769.97,22482.36,-6635.7,186.87,333.73,-6448.83,-6115.11,,,,,
5961,1786.68,4235.97,5230.12,499.94,283.31,-228.21,-3858.69,-32013.55,1723.71,22645.4,-6480.51,183.39,304.68,-6297.12,-5992.44,,,,,
5971,1757.91,4214.4,5233.37,504.69,261.64,-258.27,-3823.22,-31840.83,1749.62,22667.28,-6698.87,193,466.58,-6505.87,-6039.3,,,,,
5981,1800.79,4225.77,5188.2,491.42,258.87,-223.74,-3907.45,-31848.1,1747.83,22724.4,-6666.06,183.91,458,-6482.15,-6024.15,,,,,
5991,1831.98,4214.36,5164.85,522.09,271.86,-261.08,-3833.84,-31786.36,1718.06,22583.73,-6678.01,186.43,425.64,-6491.58,-6065.95,,,,,
6001,1861.29,4203.47,5258.15,516.89,263.69,-223.53,-3882.94,-31869.12,1711.34,22571.76,-6544.65,188.87,411,-6355.78,-5944.78,,,,,
6011,1845.61,4235.48,5213.17,509.32,289.7,-226.41,-3879.76,-31929.83,1730.22,22568.9,-6516.89,186.17,356.41,-6330.71,-5974.31,,,,,
6021,1836.35,4250.57,5197.02,528.16,260.29,-201.88,-3825.19,-31864.79,1717.25,22590.88,-6558.53,185.36,488.65,-6373.17,-5884.52,,,,,
6031,1800.31,4133.38,5214.97,505.32,290.41,-237.67,-3877.56,-31825.36,1747.84,22670.96,-6636.51,186.55,422.6,-6449.96,-6027.36,,,,,
6041,1819.62,4155.31,5220,503.4,282,-227.12,-3867.64,-31776.48,1768.56,22642.26,-6645.09,184.13,519.91,-6460.96,-5941.05,,,,,
6051,1791.87,4102.38,5224.9,505.57,269.62,-227.79,-3846.24,-32020.62,1749.27,22661.13,-6476.08,188.32,210.09,-6287.76,-6077.67,,,,,
6061,1794.76,4233.25,5186.27,496.7,273.02,-204.49,-3919.88,-32035.44,1705,22663.08,-6457.87,182.06,192.25,-6275.81,-6083.56,,,,,
6071,1773.77,4149.93,5192.66,508.1,262.04,-214.53,-3896.77,-31921.56,1746.39,22644.02,-6539.12,182.47,244.05,-6356.65,-6112.6,,,,,
6081,1862.61,4115.45,5205.85,508.22,269.95,-199.18,-3814.29,-31640.03,1752.25,22571.57,-6768.15,186.72,632.4,-6581.43,-5949.03,,,,,
6091,1808.89,4240.52,5218.09,508.13,285.61,-218.55,-3900.11,-31604.3,1749.98,22520.28,-6741.46,184.25,608.55,-6557.22,-5948.67,,,,,
6101,1814.92,4234.72,5223.99,516.34,281.48,-232.58,-3885.3,-31742.5,1730.09,22591.8,-6638.44,181.36,532.97,-6457.08,-5924.11,,,,,
6111,1844.78,4077.47,5233.95,528.55,274.09,-238.26,-3842.22,-31591.81,1745.19,22496.76,-6725.53,184.83,528.5,-6540.7,-6012.2,,,,,
6121,1809.74,4192.47,5221.84,520.8,263.58,-203.98,-3886.44,-31780.85,1725,22559.42,-6613.52,180.61,421.59,-6432.92,-6011.33,,,,,
6131,1726.97,4180.89,5210.01,512.75,278.22,-244.87,-3823.92,-31828.79,1748.74,22607.12,-6609.2,186.32,367.11,-6422.88,-6055.77,,,,,
6141,1844.36,4136.77,5204.63,497.58,280.66,-222.35,-3844.34,-31597.32,1714.54,22505.23,-6752.66,187.99,519.74,-6564.66,-6044.92,,,,,
6151,1836.57,4226.14,5216.4,523.26,271.79,-208.5,-3842.7,-31663.58,1752.33,22534.66,-6725.31,189.39,646.37,-6535.91,-5889.54,,,,,
6161,1875.44,4138.74,5184.09,515.05,274.73,-205.63,-3836.02,-31973.37,1710.81,22632.99,-6504.99,188.56,316.84,-6316.43,-5999.59,,,,,
6171,1814.15,4299.62,5222.15,495.42,275.21,-214.88,-3901.45,-31589.26,1751.4,22395.99,-6690.08,183.54,548.35,-6506.54,-5958.19,,,,,
6181,1769.95,4174.98,5220.7,529.34,277.9,-225.25,-3868.25,-31555.58,1784.09,22556.18,-6814.8,187.22,664.05,-6627.59,-5963.53,,,,,
6191,1807.13,4185.59,5245.38,499.69,288.44,-253.35,-3843.05,-31736.98,1718.69,22615.88,-6697.74,190.72,527.41,-6507.02,-5979.61,,,,,
6201,1807.15,4192.96,5273.35,504.2,258.18,-246.78,-3831.78,-31677.86,1719.71,22583.83,-6738.23,193.68,582.95,-6544.55,-5961.61,,,,,
6211,1779.87,4295.42,5219.52,501.2,273.98,-225.04,-3831.43,-31628.66,1742.19,22538.45,-6738.06,188.21,665.49,-6549.85,-5884.36,,,,,
6221,1804.24,4260.46,5192.36,506.05,269.12,-217.5,-3864.88,-31731.1,1745,22523.06,-6639.01,187.37,486.82,-6451.64,-5964.82,,,,,
6231,1804.58,4174.56,5216.5,498.06,268.11,-226.43,-3847.66,-31672.54,1743.03,22512.45,-6694.28,190.67,470.66,-6503.62,-6032.96,,,,,
6241,1805.65,4234.04,5126.76,507.35,251.4,-226.83,-3896.69,-31755.8,1762.31,22518.29,-6586.99,185.17,326.48,-6401.82,-6075.34,,,,,
6251,1837.24,4306.99,5202.94,518.04,288.47,-192.87,-3844.69,-31705.89,1698.19,22453.82,-6658.36,190.6,562.24,-6467.76,-5905.52,,,,,
6261,1762.35,4194.22,5245.51,528.96,262.82,-228.98,-3832.97,-31806.5,1748.51,22586.41,-6641.25,188.25,460.32,-6452.99,-5992.67,,,,,
6271,1791.69,4153.78,5240.48,494.97,263.13,-219.47,-3869.21,-31814.38,1736.62,22574.82,-6615.95,189.4,352.43,-6426.55,-6074.12,,,,,
6281,1817.39,4224.79,5239.03,496.18,282.9,-235.55,-3836.71,-31715.67,1725.5,22483.46,-6710.21,190.27,481.32,-6519.94,-6038.62,,,,,
6291,1805.06,4092.36,5218.81,504.22,300.93,-198.5,-3856.5,-31675.51,1719.96,22610.13,-6784.03,187.57,520.97,-6596.46,-6075.49,,,,,
6301,1793.17,4153.63,5231.53,496.98,271.39,-221.82,-3811.11,-31695.87,1747.73,22628.73,-6771.28,189.57,594.36,-6581.71,-5987.35,,,,,
6311,1842.11,4223.62,5219.51,489.67,265.54,-213.56,-3788.84,-31654.89,1747.06,22548.59,-6784.76,191.51,678.81,-6593.25,-5914.44,,,,,
6321,1785.48,4184.58,5225.88,488.39,273.98,-207.95,-3856.08,-31513.38,1753.59,22504.76,-6861,188.6,639.27,-6672.4,-6033.13,,,,,
6331,1773.77,4248,5255.99,505.4,272.03,-225.8,-3838.5,-31781.6,1733.5,22597.27,-6717.57,189.36,540.06,-6528.2,-5988.14,,,,,
6341,1807.02,4298.22,5196.24,519.9,268.02,-217.61,-3846.39,-31552.91,1707.82,22457.43,-6785.54,195.33,637.75,-6590.2,-5952.46,,,,,
6351,1759.09,4200.08,5213.56,494.6,261.63,-252.08,-3762.33,-31514.68,1732.73,22501.5,-6886.29,194.16,634.11,-6692.14,-6058.03,,,,,
6361,1811.82,4199.93,5270.72,514.86,279.44,-269.23,-3814.4,-31534.83,1749.41,22483.05,-6785.75,189.22,690.77,-6596.53,-5905.76,,,,,
6371,1768.13,4265.58,5232.49,505.92,263.77,-232.62,-3866.19,-31314.47,1731.06,22389.15,-6924.16,190.24,742.81,-6733.92,-5991.12,,,,,
6381,1774.03,4317.31,5193.64,509.53,263.15,-223.92,-3872.63,-31553.53,1730.15,22512.25,-6788.39,189.66,649.98,-6598.73,-5948.75,,,,,
6391,1859.1,4164.08,5263.91,508.24,280.88,-235.74,-3900.81,-31570.24,1713.66,22568.6,-6869.26,189.05,651.69,-6680.22,-6028.53,,,,,
6401,1749.84,4263.16,5191.71,503.44,268.99,-233.17,-3812.71,-31629.2,1787.11,22493.91,-6748.54,189.31,583.08,-6559.23,-5976.15,,,,,
6411,1777.6,4303.46,5244.28,515.44,283.09,-197.57,-3878.7,-31617.89,1698.32,22525.54,-6746.07,190.59,653.57,-6555.48,-5901.91,,,,,
6421,1799.94,4239.47,5203.45,512.72,279.55,-204.74,-3820.85,-31562.42,1739.13,22504.31,-6865.64,196.11,690.56,-6669.53,-5978.97,,,,,
6431,1826.2,4265.57,5197.04,528.53,290.42,-243.09,-3855.8,-31502.12,1777.27,22500.53,-6839.26,192.7,784.54,-6646.56,-5862.02,,,,,
6441,1752.75,4245.29,5176.4,493.61,274.44,-203.81,-3811.46,-31638.26,1707.6,22517.67,-6742.62,192.86,514.23,-6549.76,-6035.52,,,,,
6451,1823.82,4141.07,5234.05,495.86,267.37,-229.43,-3882.88,-31689.06,1725.61,22568.68,-6688.92,190.71,455.1,-6498.2,-6043.1,,,,,
6461,1801.82,4212.61,5203.73,517.5,268.98,-218,-3847.85,-31651.02,1736.68,22636.44,-6816.55,191.04,660.89,-6625.51,-5964.62,,,,,
6471,1830.14,4233.41,5209.61,503.51,278.64,-234.6,-3858.85,-31488.11,1731.11,22542.58,-6882.06,188.7,747.44,-6693.35,-5945.92,,,,,
6481,1774.47,4236.07,5224.08,507.79,283.38,-227.04,-3811.5,-31680.81,1729.18,22549.12,-6751.82,190.83,584.74,-6560.99,-5976.25,,,,,
6491,1821.06,4171.01,5215.64,504.23,279.02,-202.94,-3803.07,-31762.19,1751.38,22565.46,-6690.37,189.9,539.61,-6500.47,-5960.86,,,,,
6501,1851.15,4116.43,5220.66,490.49,284.13,-207.93,-3811.16,-31814.17,1746.5,22670.5,-6693.16,187.85,546.62,-6505.31,-5958.69,,,,,
6511,1814.02,4284.25,5168.39,516.67,285.41,-214.42,-3814.86,-31677.72,1728.17,22582.46,-6774.83,188.68,672.34,-6586.15,-5913.8,,,,,
6521,1775.16,4228.79,5188.15,500.46,273.53,-204.11,-3781.32,-31915.06,1758.26,22509.52,-6547.56,188.49,333.38,-6359.07,-6025.69,,,,,
6531,1778.51,4192.17,5222.92,507.34,260.76,-211.84,-3849.37,-31885.53,1784.92,22620.6,-6615.63,186.34,420.49,-6429.28,-6008.79,,,,,
6541,1839.94,4225.21,5220.88,506.67,274.96,-230.4,-3801.64,-31937.15,1721.2,22608.15,-6574.42,190.98,427.8,-6383.44,-5955.64,,,,,
6551,1884.59,4132.61,5241.5,500.03,275.92,-237.51,-3842.35,-31662.69,1682.5,22535.65,-6727.82,189.72,510.26,-6538.1,-6027.84,,,,,
6561,1776.19,4197.8,5231.75,498.75,267.03,-207.25,-3873.24,-31768.75,1747.09,22542.88,-6626.27,186.53,412.25,-6439.73,-6027.48,,,,,
6571,1746.93,4286.96,5251.59,515.54,269.9,-209.98,-3842.21,-31755.18,1750.68,22639.27,-6735.8,189.57,653.49,-6546.23,-5892.74,,,,,
6581,1854.83,4249.47,5168.77,516.17,279.05,-211.04,-3829.17,-31789.93,1706.09,22524.3,-6667.76,191.77,468.55,-6475.99,-6007.43,,,,,
6591,1811.95,4280.05,5189.97,506.77,265.18,-229.58,-3840.34,-31661.28,1745.56,22641.98,-6811.76,187.88,710.26,-6623.87,-5913.61,,,,,
6601,1780.51,4190.86,5179.95,508.59,280.78,-232.77,-3827.07,-31675.26,1762.43,22574.83,-6775.92,187.6,542.85,-6588.33,-6045.48,,,,,
6611,1780.17,4212.36,5196.87,509.57,290.44,-224.28,-3851.78,-31469.83,1764.44,22659.85,-6963.5,188.13,867.82,-6775.37,-5907.55,,,,,
6621,1802.42,4213.75,5244.45,502.8,293.66,-236.88,-3829.56,-31571.69,1756.36,22689.41,-6917.64,185.86,864.72,-6731.78,-5867.06,,,,,
6631,1812.14,4231.68,5226.94,522.82,286.56,-219.24,-3824.74,-31561.03,1723.93,22676.88,-6901.22,186.61,875.95,-6714.61,-5838.66,,,,,
6641,1822.97,4236.74,5228.16,516.02,259.96,-231.44,-3879.34,-31322.99,1745.19,22565.23,-7070.77,192.52,940.51,-6878.26,-5937.75,,,,,
6651,1785.96,4218.03,5259.76,508.25,271.88,-203.03,-3848.65,-31383.09,1744.31,22624.77,-7069.16,194.45,978.17,-6874.7,-5896.54,,,,,
6661,1838.54,4255.7,5206,515.23,266.43,-226.28,-3901.16,-31521.98,1738.67,22517.74,-6825.69,183.39,688.87,-6642.3,-5953.43,,,,,
6671,1821.41,4195.82,5194.16,516.79,276.47,-226.78,-3888.03,-31609.92,1734.55,22660.87,-6862.13,184.47,675.34,-6677.66,-6002.33,,,,,
6681,1726.15,4214.64,5232.03,491.97,267.48,-249.78,-3861.34,-31682.95,1700.39,22648.28,-6752.63,185.9,486.87,-6566.73,-6079.86,,,,,
6691,1831.41,4196.44,5202.66,515.96,282.43,-229.29,-3851.78,-31661.52,1735.18,22591.96,-6790.01,187.63,613.46,-6602.38,-5988.93,,,,,
6701,1751.02,4217.92,5198.42,510.78,260.35,-207.92,-3738.21,-31656.36,1718.4,22653.8,-6847.08,194.42,708.2,-6652.66,-5944.46,,,,,
6711,1833.41,4289.82,5234.04,514.66,288.06,-256.7,-3841.48,-31501.14,1752.51,22638.64,-6948.43,189.63,951.83,-6758.81,-5806.98,,,,,
6721,1824.01,4239.17,5189.19,519.01,266.74,-247.89,-3822.71,-31580.05,1727.79,22580.09,-6848.08,189.77,695.35,-6658.31,-5962.95,,,,,
6731,1834.86,4169.39,5198.76,504.33,285.82,-218.58,-3835.36,-31725.67,1744.86,22634.15,-6723.7,188.3,592.56,-6535.41,-5942.84,,,,,
6741,1792.45,4210.99,5175.12,501.1,277.82,-215.97,-3823.4,-31643.79,1764.3,22615.61,-6808.02,189.7,654.23,-6618.31,-5964.09,,,,,
6751,1857.95,4209.98,5195.25,503.73,267.04,-218.3,-3833.83,-31629.18,1738.93,22640.58,-6852.46,188.08,732.16,-6664.38,-5932.23,,,,,
6761,1837.68,4184.24,5159.88,510.62,287.67,-222.33,-3812.45,-31601.1,1722.85,22575.8,-6822.6,192.01,642.84,-6630.59,-5987.74,,,,,
6771,1779.4,4281.93,5157.62,509.31,275.81,-200.93,-3852.63,-31587.64,1726.5,22585.56,-6901.28,191.85,674.93,-6709.42,-6034.5,,,,,
6781,1856.9,4290.11,5205.5,532.28,296.62,-239.75,-3891.99,-31623.6,1700.16,22644.83,-6825.37,190.58,771.06,-6634.79,-5863.73,,,,,
6791,1753.27,4319.62,5213.71,510.27,259.11,-227.26,-3806.77,-31556.17,1733.72,22651.77,-6902.04,191.77,851.26,-6710.26,-5859,,,,,
6801,1783.37,4177.92,5207.66,482.33,270.93,-225.61,-3906.73,-31606.63,1774.65,22581.29,-6782.02,188.61,539.16,-6593.41,-6054.25,,,,,
6811,1840.35,4323.77,5257.03,511.42,291.62,-223.46,-3886.83,-31472.83,1735.11,22497.99,-6871.59,189.33,874.17,-6682.26,-5808.08,,,,,
6821,1787.3,4198.64,5215.49,507.67,265.04,-205.69,-3874.91,-31733.65,1725.21,22576.99,-6627.87,188.24,462.07,-6439.63,-5977.56,,,,,
6831,1755.75,4158.97,5235.43,486.44,292.66,-233.2,-3821.06,-31800.74,1717.88,22677.16,-6690.85,188.7,469.3,-6502.15,-6032.85,,,,,
6841,1741.9,4230.83,5231.08,503.5,276.84,-216.47,-3878.57,-31634.15,1730.12,22599.57,-6800.49,188.72,584.65,-6611.77,-6027.12,,,,,
6851,1784.29,4200.05,5237.58,488.47,264.94,-206.25,-3870.18,-31654.35,1733.6,22575.43,-6768.35,185.92,553.59,-6582.43,-6028.84,,,,,
6861,1790.49,4194.4,5186.95,514.47,257.81,-214.37,-3881.46,-31795.71,1749.79,22598.1,-6679.56,184.47,400.46,-6495.1,-6094.64,,,,,
6871,1769.15,4205.67,5198.39,506.16,287.14,-239.98,-3887.45,-31520.86,1784.8,22612.75,-6858.21,186.83,715.77,-6671.38,-5955.61,,,,,
6881,1753.81,4206.9,5233.71,506.34,268.99,-222.57,-3900.93,-31564.12,1744.14,22517.49,-6779.59,186.47,543.75,-6593.12,-6049.37,,,,,
6891,1820.97,4227.68,5216.48,521.08,274.99,-209.71,-3903.83,-31707.07,1724.03,22572.18,-6688.4,185.17,536.81,-6503.23,-5966.42,,,,,
6901,1811.88,4157.83,5223.32,509.32,253.22,-237.08,-3866.1,-31769.64,1747.6,22610.92,-6647.74,188.74,441.28,-6459,-6017.72,,,,,
6911,1831.71,4196.68,5230.16,516.43,271.18,-215.41,-3897.38,-31799.57,1717.06,22594.95,-6607.13,185.89,445.81,-6421.24,-5975.43,,,,,
6921,1792.75,4207.14,5172.49,499.04,255.16,-194.2,-3876.91,-31635.96,1699.32,22515.07,-6664.57,188.74,433.9,-6475.83,-6041.92,,,,,
6931,1796.04,4234.98,5201.45,508.14,255.5,-226.06,-3874.02,-31674.04,1748.5,22524.04,-6683.26,185.71,494.53,-6497.54,-6003.02,,,,,
6941,1928.38,4283.63,5213.36,509.38,291.62,-222.61,-3886.53,-31560.55,1747.87,22350.66,-6641.96,184.85,655.23,-6457.11,-5801.88,,,,,
6951,1789.6,4214.21,5267.28,492.75,258.27,-213.89,-3908.22,-31744.35,1742.8,22583.98,-6623.55,185.78,482.42,-6437.77,-5955.34,,,,,
6961,1814.1,4256.38,5236.82,500.07,289.48,-216.83,-3922.98,-31494.9,1704.58,22486.78,-6748.26,187.02,653.51,-6561.23,-5907.73,,,,,
6971,1792.57,4294.04,5176.71,503.81,270.66,-225.87,-3829.61,-31638.88,1740.01,22517.98,-6717.68,192.08,601.41,-6525.6,-5924.19,,,,,
6981,1868.34,4239.19,5221.32,503.44,284.44,-225.56,-3858.27,-31526.37,1739.35,22453.46,-6771.33,191.88,699.34,-6579.46,-5880.11,,,,,
6991,1791.07,4170.46,5204.18,525.07,261.99,-235.03,-3871.07,-31870.52,1777.48,22661.5,-6603.51,186.9,415.14,-6416.61,-6001.47,,,,,
7001,1785.74,4245.23,5174.82,505.05,263.9,-211.56,-3880.66,-31784.38,1715.4,22503.53,-6553,186.08,317.07,-6366.92,-6049.85,,,,,
7011,1788.34,4269.62,5197.57,508.2,279.72,-229.62,-3844.66,-31598.09,1732.36,22496.54,-6745.69,188.14,600,-6557.56,-5957.55,,,,,
7021,1799.93,4301.02,5199.79,516.85,298.43,-229.14,-3841.36,-31849.26,1763.85,22568.49,-6584.64,187.48,528.59,-6397.16,-5868.57,,,,,
7031,1809.63,4288.92,5192.54,511.13,274.11,-218.87,-3857.8,-31569.86,1676.18,22471.26,-6719.03,186.47,577.24,-6532.56,-5955.31,,,,,
7041,1795.7,4190.22,5235.85,508.97,279.21,-227.47,-3829.4,-31457.37,1740.24,22465.59,-6851.85,186.26,701.53,-6665.59,-5964.07,,,,,
7051,1799.33,4205.59,5204.55,511.01,280.05,-224.97,-3882.9,-31516.21,1742.17,22460.96,-6747.44,185.75,579.58,-6561.69,-5982.11,,,,,
7061,1806.44,4250.72,5228.5,518.33,266.99,-194.74,-3862.6,-31547.75,1759.05,22480.35,-6779.3,185.22,705.3,-6594.08,-5888.79,,,,,
7071,1822.51,4116.72,5202.07,489.72,272.31,-208.24,-3896.3,-31576.08,1746.73,22456.51,-6676.73,183.99,425.95,-6492.74,-6066.79,,,,,
7081,1783.77,4192.92,5250.23,494.94,294.78,-208.92,-3852.05,-31570.51,1759.28,22475.98,-6772.74,188.35,620.4,-6584.39,-5963.98,,,,,
7091,1761.96,4243.05,5154.65,496.92,277.32,-223.62,-3881.36,-31492.27,1741.34,22509.09,-6818.58,186.12,587.09,-6632.46,-6045.38,,,,,
7101,1865.55,4241.85,5162.34,507.86,263.55,-203.03,-3885.18,-31458.12,1728.79,22530.85,-6836.66,186.29,754.46,-6650.37,-5895.91,,,,,
7111,1791.38,4150.19,5212.68,514.4,271.97,-216.38,-3820.91,-31903.49,1746.1,22543.23,-6517.95,185.57,289.17,-6332.39,-6043.22,,,,,
7121,1823.02,4111.66,5189.87,503.74,271.09,-235.38,-3869.7,-31558.73,1754.67,22534.12,-6772.99,186.42,524.35,-6586.57,-6062.22,,,,,
7131,1757.22,4229.18,5211.74,516.35,273.05,-216.04,-3810.15,-31532.13,1757.56,22451.71,-6803.12,191.43,638.48,-6611.69,-5973.21,,,,,
7141,1782.26,4145.65,5241.38,504.08,286.76,-205.63,-3863.56,-31713.13,1790.41,22622.86,-6668.53,186.56,591.09,-6481.96,-5890.87,,,,,
7151,1818.98,4216.6,5225.26,494.79,266.66,-224.97,-3901.65,-31597.54,1740.08,22592.96,-6769.52,185.44,631.16,-6584.08,-5952.92,,,,,
7161,1855.51,4230,5241.57,510.1,288.58,-231.47,-3893.03,-31603.79,1753.09,22532.68,-6729.21,189.11,683.23,-6540.09,-5856.86,,,,,
7171,1783.43,4134.81,5220.17,519.66,274.02,-218.67,-3886.48,-31778.02,1739.48,22646.79,-6651.59,185.01,435.19,-6466.58,-6031.39,,,,,
7181,1820.76,4327.48,5209.33,526.82,259.18,-233.22,-3837.24,-31756.44,1687.41,22493.04,-6643.6,192.1,497.13,-6451.5,-5954.38,,,,,
7191,1872.87,4180.16,5186.09,521.53,271.17,-229.83,-3889.21,-31662.5,1718.65,22440.8,-6650.28,188.68,409.74,-6461.6,-6051.85,,,,,
7201,1832.34,4230.03,5208.52,514.14,276.51,-215.48,-3842.68,-31770.08,1758.79,22584.2,-6635.86,185.77,576.3,-6450.09,-5873.8,,,,,
7211,1767.72,4277.56,5202.23,510.01,265.98,-222.77,-3902.03,-31663.53,1735.68,22542.67,-6660.53,185.62,513.52,-6474.92,-5961.4,,,,,
7221,1787.55,4250.75,5235.67,499.71,268.16,-235.34,-3838.17,-31599.24,1743.57,22426.83,-6668.91,185.92,539.5,-6482.99,-5943.49,,,,,
7231,1869.04,4200.2,5180.33,497.89,265.69,-226.05,-3894.42,-31722.07,1716.89,22598.54,-6715.35,184.81,486.03,-6530.54,-6044.5,,,,,
7241,1884.3,4251.45,5187.16,505.79,260.93,-223.95,-3854.63,-31848.73,1723.21,22603.46,-6635.9,186.62,488.99,-6449.28,-5960.3,,,,,
7251,1827.89,4219.94,5230.73,489.96,270.63,-224.7,-3804.82,-31866.74,1713.53,22620.69,-6565.41,187.52,477.1,-6377.89,-5900.79,,,,,
7261,1857.13,4219.94,5183.66,510.77,278.23,-211.94,-3886.19,-31773.94,1705.48,22555.29,-6619.16,186.88,438.42,-6432.28,-5993.86,,,,,
7271,1845.84,4270.85,5234.56,509.56,271.96,-238.68,-3835.63,-31546.07,1718.86,22494.95,-6775.19,188.77,726.21,-6586.43,-5860.22,,,,,
7281,1811.55,4164.83,5207.35,489.17,281.27,-215,-3828.24,-31461.39,1739.79,22526.94,-6856.01,189.6,716.28,-6666.41,-5950.14,,,,,
7291,1801.56,4209.53,5215.65,514.03,260.55,-241.69,-3834.4,-31610.85,1771.24,22619.87,-6822.13,189.91,705.49,-6632.22,-5926.72,,,,,
7301,1769.85,4270.71,5234.41,499.8,288.51,-217.38,-3906.12,-31659.7,1729.16,22569.04,-6679.33,185.53,578.28,-6493.8,-5915.53,,,,,
7311,1750.79,4262.95,5237.53,506.15,265.46,-240.46,-3887.78,-31478.12,1711.56,22601.36,-6863.77,186,729.44,-6677.77,-5948.33,,,,,
7321,1850.67,4143.49,5158.31,488.11,269.61,-211.29,-3849.82,-31681.38,1758.78,22622.01,-6718.04,184.75,548.47,-6533.29,-5984.81,,,,,
7331,1784.2,4287.62,5222.15,502.29,269.82,-218.17,-3938.46,-31487.41,1731.18,22435.7,-6789.8,185.49,588.92,-6604.3,-6015.38,,,,,
7341,1803.54,4227.64,5180.98,512.74,274.21,-210.4,-3851.23,-31779.56,1731.52,22612.21,-6659.88,186,501.66,-6473.88,-5972.22,,,,,
7351,1831.29,4258.96,5244.51,522.12,286.94,-235.69,-3869.75,-31653.16,1728.91,22623.18,-6735.87,187.86,737.29,-6548.01,-5810.72,,,,,
7361,1925.11,4174.44,5167.82,497.67,272.78,-219.71,-3840.31,-31702.16,1731.84,22639.1,-6714.63,187.16,646.57,-6527.47,-5880.9,,,,,
7371,1895.87,4231.18,5178.2,499.39,271.55,-221.52,-3848.2,-31587.13,1728.94,22536.03,-6804.43,185.04,684.31,-6619.39,-5935.08,,,,,
7381,1823.42,4242.44,5211.14,509.3,291.96,-246.07,-3836.29,-31729.76,1752.46,22594.74,-6721.15,186.73,613.34,-6534.42,-5921.07,,,,,
7391,1836.92,4223.51,5274.25,508.09,263.62,-227.57,-3834.67,-31682.05,1702.88,22544.67,-6744.31,191.38,609.65,-6552.93,-5943.27,,,,,
7401,1800.29,4200.14,5265.93,508.15,292.89,-238.95,-3895.94,-31926.98,1773.23,22741.2,-6592.06,186.87,519.96,-6405.19,-5885.23,,,,,
7411,1839.06,4263.19,5211.24,516.43,275.5,-232.58,-3844.04,-31814.53,1738.35,22608.78,-6603.02,186.09,561.41,-6416.93,-5855.52,,,,,
7421,1804.99,4318.89,5220.6,507.18,290.95,-209.41,-3856.61,-32004.16,1701.9,22667.37,-6511.4,184.87,441.7,-6326.52,-5884.82,,,,,
7431,1820.11,4185.4,5233.49,496.49,272.57,-245.35,-3902.26,-31720.65,1725.99,22691.44,-6727.75,184.5,557.24,-6543.25,-5986.02,,,,,
7441,1779.12,4206.16,5232.49,491.06,278.22,-255.25,-3862.88,-31845.49,1725.35,22645.01,-6603.21,188.5,393.79,-6414.71,-6020.92,,,,,
7451,1734.81,4246.75,5241.15,516.35,281.02,-234.1,-3886.93,-31853.61,1750.81,22746.79,-6627.7,184.29,543.02,-6443.41,-5900.39,,,,,
7461,1828.04,4294.69,5242.28,511.96,288.38,-242.24,-3856.14,-32182.26,1711.92,22629.08,-6353.36,185.79,225.71,-6167.57,-5941.86,,,,,
7471,1764.47,4237.62,5216.47,511.63,271.94,-223.58,-3886.54,-31761.07,1739.57,22588.72,-6640.78,190.17,459.22,-6450.6,-5991.38,,,,,
7481,1805.02,4254.82,5230.84,501.57,279.28,-215.83,-3823.74,-31668.36,1745.56,22586.09,-6771.17,189.66,695.26,-6581.52,-5886.26,,,,,
7491,1853.24,4185.9,5229.19,506.79,252.28,-218.34,-3843.88,-31775.4,1735.66,22638.15,-6680.34,190.17,563.58,-6490.17,-5926.59,,,,,
7501,1807.55,4209.27,5227.23,526.15,266.19,-227.05,-3850.68,-31756.03,1721.97,22651.2,-6687.28,185.65,575.79,-6501.63,-5925.84,,,,,
7511,1874.19,4191.18,5187.18,506.04,296.98,-216.42,-3839.14,-31544.61,1701.28,22451.1,-6772.24,185.58,607.77,-6586.66,-5978.9,,,,,
7521,1827.94,4309.16,5273.77,504.58,272.06,-196.07,-3824.9,-31852.83,1701.36,22529.65,-6604.32,185.05,544.72,-6419.27,-5874.54,,,,,
7531,1806.86,4266.57,5248.51,506.73,277.39,-249.52,-3870.7,-31892.18,1732.61,22572.56,-6511.34,184.27,398.82,-6327.06,-5928.24,,,,,
7541,1808.28,4211.83,5216.84,506.99,274.84,-193.44,-3875.73,-31904.81,1747.75,22649.11,-6556.25,183.51,441.66,-6372.73,-5931.08,,,,,
7551,1756.03,4192.82,5174.38,505.11,275.01,-215.55,-3845.02,-32039.21,1715.27,22696.45,-6496.87,186.16,215.3,-6310.71,-6095.41,,,,,
7561,1849.39,4177.49,5155.75,511.39,272.9,-220.64,-3876.85,-31817.65,1740.16,22585.92,-6635.11,188.1,377.87,-6447.01,-6069.14,,,,,
7571,1810.5,4191.16,5223.19,522.62,268.86,-222.49,-3807.26,-32069.15,1747.7,22752.72,-6516.42,186.08,417.84,-6330.34,-5912.5,,,,,
7581,1841.81,4178.39,5188.1,493.7,270.89,-197.27,-3881.24,-31938.73,1723.19,22689.2,-6577.68,185.01,368.03,-6392.67,-6024.64,,,,,
7591,1812.38,4235.26,5189.79,537.55,256.48,-218.36,-3878.23,-32006.32,1744.45,22645.31,-6465.79,181.72,318.29,-6284.07,-5965.78,,,,,
7601,1814.55,4211.87,5139.99,500.88,257.65,-214.22,-3856.96,-31834.12,1736.54,22666.35,-6652.24,185.84,422.52,-6466.41,-6043.89,,,,,
7611,1834.43,4181.5,5176.21,500.73,259.42,-213.86,-3872.95,-31927.96,1715.73,22649.54,-6520.8,181.24,302.78,-6339.56,-6036.78,,,,,
7621,1811.07,4288.66,5184.2,538.03,247.14,-191.93,-3942.15,-31978.87,1762.04,22667.5,-6474.48,179.71,385.69,-6294.77,-5909.08,,,,,
7631,1832.9,4334.28,5205.07,531.1,290.11,-203.81,-3896.01,-32022.98,1737.13,22692.31,-6519.57,180.73,500.1,-6338.84,-5838.74,,,,,
7641,1891.14,4229.65,5191.25,516.04,268.61,-226.7,-3831.79,-32062.51,1724.31,22624.38,-6425.29,183.15,324.39,-6242.13,-5917.75,,,,,
7651,1830.37,4184.07,5234.85,513.59,276.33,-213.43,-3860.06,-32071.63,1749.03,22744.41,-6500.16,182.1,387.52,-6318.06,-5930.54,,,,,
7661,1797.98,4229.29,5219.62,508.41,276.46,-203.28,-3873.56,-31954.16,1734.79,22543.55,-6466.94,185.27,279.1,-6281.68,-6002.58,,,,,
7671,1775.6,4179.93,5215.28,500.32,280.14,-217.63,-3889.36,-31664.01,1755.1,22585.79,-6727.41,183.58,521.17,-6543.82,-6022.66,,,,,
7681,1827.86,4235.21,5220.35,501.03,269.23,-238.53,-3916.62,-31945.63,1719.9,22605.16,-6487.67,178.96,277.95,-6308.7,-6030.75,,,,,
7691,1840.77,4252.78,5198.52,519.79,254.32,-209.32,-3941.4,-32019.44,1674.56,22604.22,-6411.65,180.61,174.8,-6231.04,-6056.24,,,,,
7701,1844.78,4276.8,5235.45,512.92,299.04,-212.85,-3919.23,-31825.72,1712.3,22536.8,-6597.37,182.58,460.3,-6414.79,-5954.49,,,,,
7711,1852.04,4286.88,5213.23,495.83,268.06,-233.18,-3874.65,-31979.38,1734.41,22563.77,-6471.6,183.84,327.01,-6287.76,-5960.76,,,,,
7721,1778.91,4264.06,5240.84,510.91,290.22,-223.96,-3898.13,-32006.5,1732.22,22636.09,-6479.98,181.47,324.67,-6298.51,-5973.84,,,,,
7731,1847.92,4327.4,5208.88,519.16,257.27,-240.68,-3857.11,-31954.72,1717.84,22500.16,-6427.48,182.86,326.11,-6244.62,-5918.5,,,,,
7741,1793.02,4203.16,5209.61,482.08,308.28,-223.7,-3899.98,-31892.94,1714.37,22619.15,-6517.78,180.38,313.03,-6337.4,-6024.37,,,,,
7751,1825.25,4217.13,5178.15,505.05,270.9,-201.2,-3871.09,-31984.87,1744.42,22579.71,-6407.68,177.9,263.47,-6229.77,-5966.31,,,,,
7761,1835.04,4173.55,5216.11,507.85,269.35,-197.14,-3901.42,-31805.4,1701.42,22513.71,-6535.38,179.44,313.07,-6355.93,-6042.86,,,,,
7771,1778.51,4325.99,5221.58,516.92,281.36,-230.94,-3871.3,-31883.29,1715.66,22541.6,-6520.87,183.41,396.09,-6337.46,-5941.37,,,,,
7781,1794.72,4228.05,5240.18,515.79,274.52,-226.36,-3889.88,-31773.83,1735.4,22472.89,-6559.96,179.26,371.48,-6380.71,-6009.23,,,,,
7791,1776.02,4194.37,5229.95,509.75,269.19,-208.96,-3877.99,-31976.91,1721.07,22669.65,-6515.44,181.26,306.14,-6334.18,-6028.04,,,,,
7801,1774.39,4254.95,5212.25,515.16,261.83,-216.03,-3909.98,-31848.14,1736.82,22566.61,-6570.9,182.12,347.87,-6388.78,-6040.91,,,,,
7811,1738.48,4165.78,5188.99,507.98,284.62,-205.1,-3904.8,-31933.1,1723.41,22694.91,-6546.12,178.18,261.18,-6367.93,-6106.76,,,,,
7821,1773.45,4245.95,5218.73,513.3,254.67,-213.49,-3887.99,-31940.97,1742.5,22613.21,-6490.26,182.32,319.36,-6307.94,-5988.58,,,,,
7831,1812.56,4272.2,5221.28,519.04,285.45,-183.59,-3896.4,-31912.99,1733.67,22636.85,-6557.01,183.45,488.08,-6373.56,-5885.48,,,,,
7841,1849.23,4099.46,5235.91,496.19,261.13,-233.93,-3916.57,-31717.48,1723.56,22512.48,-6568.32,179.97,309.98,-6388.36,-6078.38,,,,,
7851,1756.7,4338.62,5193.21,520.43,280.38,-214.8,-3851.75,-31694.7,1724.64,22497.45,-6635.73,184.77,550.19,-6450.96,-5900.76,,,,,
7861,1880.33,4217.42,5198.04,525.79,268.54,-212.97,-3876.67,-31947.95,1750.69,22583.65,-6445.12,181.4,386.88,-6263.72,-5876.84,,,,,
7871,1771.8,4222.93,5236.82,509.2,263.28,-206.47,-3872.3,-31946.85,1764.36,22568.45,-6477.51,183.66,311.24,-6293.85,-5982.61,,,,,
7881,1792.26,4160.62,5155.86,514.5,276.84,-219.8,-3846.79,-31825.24,1765.38,22439.21,-6490.72,181.26,212.85,-6309.46,-6096.61,,,,,
7891,1817.86,4246.61,5236.18,528.92,256.23,-209.33,-3882.14,-32107.95,1729.82,22594.12,-6334.13,180.72,210.32,-6153.41,-5943.09,,,,,
7901,1814.08,4212.13,5223.42,508.99,271.1,-205.94,-3869.3,-32120.89,1758.1,22533.55,-6301.79,176.99,125.24,-6124.79,-5999.56,,,,,
7911,1835.22,4198.24,5218.86,489.73,280.84,-195.28,-3900.16,-32021.5,1714.59,22443.29,-6323.74,179.01,63.83,-6144.73,-6080.9,,,,,
7921,1772.41,4236.75,5223.53,511.78,299.06,-185.92,-3853.47,-31935.6,1751.47,22544.21,-6478.98,182.09,364.21,-6296.89,-5932.68,,,,,
7931,1864.42,4166.51,5220.77,500.8,261.86,-240.79,-3872.43,-31991.28,1732.72,22543.53,-6410.12,181.39,186.11,-6228.73,-6042.62,,,,,
7941,1825.54,4210.33,5214.2,498.26,284.2,-210.9,-3887.78,-32025.59,1744.63,22537.19,-6398.09,180.82,190.09,-6217.28,-6027.19,,,,,
7951,1786.88,4173.28,5216.96,496.14,272.09,-246.4,-3891.62,-31986.2,1756.23,22584.01,-6404.56,179.47,161.37,-6225.09,-6063.71,,,,,
7961,1864.15,4127.44,5203.19,515.1,282.26,-204.29,-3905.08,-31780.44,1745.72,22544.74,-6606.77,180.61,392.8,-6426.16,-6033.36,,,,,
7971,1778.69,4247.35,5239.81,523.63,279.43,-219.99,-3935.8,-31826.3,1733.72,22478.67,-6487.15,178.21,299.22,-6308.94,-6009.72,,,,,
7981,1841.88,4277.05,5187.08,505.28,252.22,-197.52,-3926.17,-31795.92,1724.4,22537.91,-6520.75,179.09,406.23,-6341.66,-5935.43,,,,,
7991,1792.6,4317.77,5212.2,509.54,281.22,-185.31,-3927.45,-31870.42,1750.33,22518.84,-6479.43,183.05,399.3,-6296.38,-5897.08,,,,,
8001,1825.76,4190.28,5201.69,500.08,273.13,-226.9,-3962.42,-31855.33,1684.62,22543.04,-6510.06,177.44,173.93,-6332.61,-6158.69,,,,,
8011,1822.97,4266.3,5198.79,514.44,244.47,-207.49,-3916.02,-31943.36,1739.71,22525.15,-6407.77,179.57,244.96,-6228.2,-5983.24,,,,,
8021,1892.39,4230.09,5211.26,506.34,305.57,-216.27,-3891.14,-31954.56,1745.73,22589.55,-6444,179.85,418.97,-6264.15,-5845.18,,,,,
8031,1813.85,4281.01,5206.4,520.8,285.18,-236.83,-3947.61,-31884.24,1715.65,22495.28,-6444.81,178.59,249.48,-6266.22,-6016.74,,,,,
8041,1812.9,4261.56,5187.43,503.07,255.9,-234.34,-3861.56,-31975.67,1731.24,22507.77,-6395.64,180.33,188.32,-6215.31,-6026.99,,,,,
8051,1788.67,4200.65,5235.32,506.5,273.58,-239.94,-3917.11,-31984.49,1762.97,22634.54,-6438.33,178.23,260.67,-6260.09,-5999.42,,,,,
8061,1791.16,4256.14,5185.4,510.6,263.3,-223.29,-3919.61,-31939.28,1736.83,22513.73,-6367.23,181.61,174.98,-6185.61,-6010.64,,,,,
8071,1781.99,4176.2,5243,496.95,287.86,-248.49,-3934.27,-31994.37,1758.48,22636.32,-6439.66,181.03,203.69,-6258.63,-6054.93,,,,,
8081,1798.25,4165.57,5240.23,507.57,269.35,-252.9,-3900.56,-32128.96,1753.24,22597.04,-6354.63,181.66,48.84,-6172.97,-6124.13,,,,,
8091,1762,4164.09,5224.6,510.9,274.88,-240.65,-3902.84,-31966.49,1764.74,22623.02,-6421.51,180.95,214.24,-6240.57,-6026.33,,,,,
8101,1844.88,4147.43,5160.7,509.51,263.68,-202.54,-3880.83,-31980.16,1756.61,22551.51,-6397.52,181.46,170.78,-6216.06,-6045.28,,,,,
8111,1761.85,4183.47,5188.72,507.27,313.73,-226.91,-3883.73,-32081.38,1730.8,22677.61,-6418.07,180.69,171.44,-6237.37,-6065.94,,,,,
8121,1740.72,4234.77,5223.49,511.51,300.98,-256.67,-3893.67,-31910.05,1773.29,22632.86,-6510.9,180.74,357.22,-6330.15,-5972.93,,,,,
8131,1807.31,4202.76,5217.03,516.68,288.34,-220.86,-3949.56,-31739.41,1784.79,22478.39,-6558.22,181.58,385.47,-6376.64,-5991.18,,,,,
8141,1840.59,4140.25,5216.49,496.65,293.39,-224.68,-3874.28,-31860.97,1729.85,22501.74,-6505.15,183.91,259.03,-6321.24,-6062.21,,,,,
8151,1947.18,4207.37,5245.97,512.58,263.07,-198.47,-3909.61,-31785.78,1697.63,22573.08,-6576.63,181.92,553.04,-6394.72,-5841.68,,,,,
8161,1797.73,4196.73,5195.79,523.42,275.42,-211.16,-3896.27,-31682.13,1774.27,22442.47,-6595.74,180.74,416.27,-6415,-5998.73,,,,,
8171,1805.37,4219.92,5191.76,498.44,276.03,-227.25,-3909.73,-31873.31,1733.57,22483.45,-6447.86,180.75,198.25,-6267.11,-6068.86,,,,,
8181,1839.12,4201.83,5225.06,516.42,285.11,-232.95,-3886.77,-31845.58,1761.84,22501.84,-6459.77,183.28,365.92,-6276.49,-5910.57,,,,,
8191,1768.78,4258.82,5211.64,504.75,267.85,-235.32,-3892.19,-31662.17,1752.33,22428.63,-6640.86,179,403.12,-6461.86,-6058.74,,,,,
8201,1785.07,4256.99,5247.56,510.77,264.02,-236.07,-3919.47,-31880.21,1770.46,22486.77,-6472.8,179.37,285.89,-6293.42,-6007.53,,,,,
8211,1785.05,4175.33,5211.46,506.31,282.52,-225.46,-3892.34,-31821.33,1742,22503.56,-6506.59,181.43,267.09,-6325.16,-6058.07,,,,,
8221,1865.17,4172.57,5229.38,507.81,268.57,-206,-3947.42,-31937.67,1733.66,22538.64,-6399.09,181.09,224.71,-6218,-5993.29,,,,,
8231,1833.19,4282.16,5244.6,511.17,269.13,-221.38,-3921.01,-31975.18,1734.94,22495.88,-6384.56,179.5,253.51,-6205.06,-5951.55,,,,,
8241,1798.26,4176.17,5241.52,504.99,264.88,-235.4,-3940.62,-31976.53,1773.67,22580.86,-6402.38,177.53,187.79,-6224.84,-6037.05,,,,,
8251,1850.86,4238.89,5232.84,505.83,282.03,-227.57,-3924.48,-31917.84,1711.9,22470.92,-6412.52,179.76,223.39,-6232.76,-6009.37,,,,,
8261,1855.81,4158.53,5212.97,505.37,281.47,-213.02,-3891.98,-31836.92,1755.5,22442.48,-6491.15,185.94,270.21,-6305.21,-6035,,,,,
8271,1738.64,4221.05,5252.72,521.74,267.18,-246.88,-3904.76,-31827.59,1776.12,22500.75,-6511.31,181.45,298.97,-6329.86,-6030.89,,,,,
8281,1836.12,4207.57,5180.09,501.77,273.36,-205.16,-3953.58,-31763.55,1706.73,22392.26,-6504.49,181.2,175.6,-6323.28,-6147.69,,,,,
8291,1762.23,4307.84,5221.9,513.16,280.32,-238.42,-3861.62,-31973.75,1749.6,22442.54,-6359.04,180.95,203.8,-6178.09,-5974.28,,,,,
8301,1754.38,4217.44,5224.2,521.93,282.41,-216.34,-3934.51,-31783.2,1753.86,22379.64,-6442.78,179.79,199.81,-6262.99,-6063.18,,,,,
8311,1834.52,4237.16,5214.6,511.29,279.14,-216.67,-3928.41,-31613.04,1691.53,22367.55,-6593.85,181.06,377.68,-6412.78,-6035.11,,,,,
8321,1806.49,4158.23,5246.47,497.34,293.68,-245.17,-3932.38,-31872.53,1771.27,22517.85,-6439.49,179.11,241.27,-6260.38,-6019.11,,,,,
8331,1829.92,4129.76,5239.44,499.64,272.47,-244.46,-3915.41,-31759.32,1741.96,22433.18,-6536.97,180.31,227.19,-6356.66,-6129.47,,,,,
8341,1791.26,4202.71,5223.51,521.54,272.8,-233,-3891.02,-31749.88,1746.02,22489.63,-6559.09,182.58,373.58,-6376.51,-6002.93,,,,,
8351,1818.72,4221.16,5232.28,498.73,253.18,-234.98,-3898.74,-31842.25,1744.88,22477.03,-6435.11,179.05,270.02,-6256.06,-5986.05,,,,,
8361,1842.89,4186.36,5209.02,529.06,261.51,-240.03,-3870.42,-31836.94,1732.69,22521.94,-6496.95,181.9,336.08,-6315.05,-5978.97,,,,,
8371,1810.27,4223.38,5225.05,511.73,276.22,-221.65,-3889.33,-31958.43,1751.52,22440.94,-6354.94,177.96,169.7,-6176.98,-6007.27,,,,,
8381,1853.33,4251.76,5235.33,522.51,284.24,-228.5,-3893.26,-31999.18,1728.54,22487.54,-6337.16,180.66,242.33,-6156.5,-5914.17,,,,,
8391,1797.77,4204.28,5204.29,501.23,247.22,-197.53,-3936.54,-31815.05,1735.71,22468.59,-6471.56,178.67,209.95,-6292.88,-6082.93,,,,,
8401,1908.53,4253.05,5221.54,514.45,282.16,-220.99,-3894,-31803.75,1713.53,22388.47,-6460.72,182.58,362.99,-6278.13,-5915.14,,,,,
8411,1822.4,4195.38,5198.28,505.36,279.58,-231.1,-3898.09,-31849.66,1747.4,22368.69,-6412.05,182.46,138.23,-6229.59,-6091.36,,,,,
8421,1779.75,4170.55,5185.33,522.27,266.42,-214.02,-3862.17,-31800.41,1728.48,22384.3,-6478.1,182.13,160.51,-6295.97,-6135.46,,,,,
8431,1711.24,4235.91,5251.27,491.3,268.19,-209.3,-3918.54,-31823.8,1726.14,22511.76,-6467.2,179.78,244.16,-6287.41,-6043.25,,,,,
8441,1813.3,4244.79,5183.52,514.93,273.53,-212.57,-3953.59,-31706.91,1746.06,22345.4,-6500.18,180.13,248.45,-6320.05,-6071.59,,,,,
8451,1785.05,4281.3,5230.83,516.52,294.42,-200.72,-3972.89,-31808.31,1741.91,22448.16,-6500.85,182.1,316.27,-6318.75,-6002.48,,,,,
8461,1913.15,4175.05,5220.3,514.48,271.81,-239.03,-3927.03,-31768.97,1737.68,22508.03,-6524.66,183.04,405.45,-6341.62,-5936.17,,,,,
8471,1783.73,4199.74,5187.89,495.17,281.67,-227.35,-3879.88,-31625.72,1728.5,22465.57,-6708.13,185.85,409.33,-6522.28,-6112.95,,,,,
8481,1867.06,4141.83,5204.51,503.24,273.29,-254.48,-3913.48,-31689.68,1755.87,22496.79,-6585.89,180.76,384.94,-6405.13,-6020.19,,,,,
8491,1825.08,4175.24,5268.65,500.58,303.77,-238.86,-3863.25,-31774.42,1724.55,22395.73,-6509.06,186.21,317.08,-6322.85,-6005.77,,,,,
8501,1778.9,4205.43,5226.34,497.06,285.68,-210.99,-3854.02,-31931.99,1765.44,22490.54,-6444.05,180.65,252.41,-6263.4,-6010.99,,,,,
8511,1838.19,4172.96,5223.17,486.99,275.23,-231.33,-3875.31,-31552.52,1740.01,22352.55,-6655.02,184.5,429.95,-6470.52,-6040.57,,,,,
8521,1767.9,4217.27,5177.72,508.35,263.27,-202.83,-3918.78,-31617.48,1746.89,22411.12,-6633.65,185.68,353.42,-6447.97,-6094.55,,,,,
8531,1843.63,4285.31,5170.97,513.95,264.43,-245.07,-3829.95,-31617.27,1746.63,22435.04,-6718.46,187.29,567.68,-6531.18,-5963.5,,,,,
8541,1752.41,4180.15,5186.92,509.38,276.06,-213.18,-3885.72,-31657.12,1746.53,22523.68,-6662.47,182.88,419.13,-6479.59,-6060.46,,,,,
8551,1825.61,4183.89,5226.71,518.55,277.87,-233.38,-3881.05,-31851.64,1732.72,22509.08,-6470.73,182.15,308.37,-6288.59,-5980.22,,,,,
8561,1772.93,4167,5206.34,500.45,273.43,-204.94,-3803.65,-31855.16,1774.14,22591.89,-6580.75,180.86,422.44,-6399.9,-5977.46,,,,,
8571,1770.19,4238.89,5208.69,507.63,275.18,-207.11,-3898.14,-31567.13,1750.38,22378.88,-6653.06,182.31,457.45,-6470.74,-6013.29,,,,,
8581,1844.79,4213.08,5235.24,505.49,283.16,-201.64,-3886.39,-31647.94,1715.37,22439.94,-6646.21,182.4,501.1,-6463.81,-5962.7,,,,,
8591,1766.95,4280.78,5192.07,523.1,285.59,-240.45,-3877.59,-31545.14,1746.77,22531.17,-6778.1,181.81,663.25,-6596.28,-5933.04,,,,,
8601,1841.81,4118.24,5191.86,501.31,263.39,-234.44,-3889.03,-31621.26,1750.88,22616.67,-6774.63,185.07,539.44,-6589.56,-6050.12,,,,,
8611,1727.39,4269.97,5182.34,494.6,288.73,-174.67,-3892.25,-31517.31,1752.87,22406.13,-6752.22,184.98,537.81,-6567.25,-6029.44,,,,,
8621,1792.6,4236.96,5192.12,522.9,276.6,-215.4,-3900.25,-31604.67,1730.71,22501.76,-6679.85,183.85,533.34,-6496,-5962.67,,,,,
8631,1830.3,4226.02,5203.82,492.34,293.46,-227.04,-3856.08,-31469.55,1721.65,22392.53,-6740.41,181.63,607.45,-6558.78,-5951.33,,,,,
8641,1808.14,4323.63,5237.73,512.17,269.37,-237.64,-3892.23,-31657.05,1733.72,22455.67,-6627.36,182.05,553.51,-6445.31,-5891.8,,,,,
8651,1827.5,4231.55,5185.89,510.73,291.69,-222.25,-3862.37,-31684.5,1747.03,22541.8,-6704.42,187.29,567.06,-6517.13,-5950.07,,,,,
8661,1874.99,4176.97,5224.29,513.55,279.67,-219.6,-3909.11,-31779.93,1742.25,22539.8,-6608.18,179.83,442.88,-6428.35,-5985.47,,,,,
8671,1772.97,4244.48,5246.31,508.89,259.98,-242.06,-3911.83,-31577.99,1781.29,22475.46,-6743.86,182.53,557.49,-6561.33,-6003.84,,,,,
8681,1822.63,4283.73,5201.04,509.11,286.43,-203.58,-3894.92,-31571.16,1722.85,22474.05,-6734.27,185.13,630.18,-6549.14,-5918.96,,,,,
8691,1816.24,4181.49,5210.36,503.04,287.09,-216.84,-3914.01,-31481.7,1716.74,22531.97,-6817.64,186.61,634.38,-6631.03,-5996.64,,,,,
8701,1893.28,4272.33,5224.07,517.64,267.57,-222.67,-3895.9,-31578.91,1731.66,22549.11,-6778.93,180.64,758.16,-6598.29,-5840.13,,,,,
8711,1811.98,4241.58,5233.21,512.86,275.67,-200.21,-3939.45,-31763.68,1715.07,22641.92,-6650.9,180.54,528.95,-6470.36,-5941.41,,,,,
8721,1865.09,4282.17,5238.76,532.95,274.36,-229.7,-3869.39,-31808.28,1741.11,22539.41,-6587.69,183.28,566.49,-6404.41,-5837.92,,,,,
8731,1787.59,4150.37,5221.81,498.14,260.72,-211.69,-3894.47,-31763.45,1748.32,22623.39,-6650.84,179.48,420.72,-6471.36,-6050.64,,,,,
8741,1829.23,4135.23,5172.2,513.79,263.76,-217.21,-3867.47,-31578.58,1736.84,22608.41,-6838.14,185.61,596.21,-6652.53,-6056.32,,,,,
8751,1803.22,4236,5197.3,518.6,282.16,-215.11,-3922.9,-31610.93,1747.73,22513.77,-6734.52,183.3,549.85,-6551.22,-6001.37,,,,,
8761,1841.39,4292.02,5155.35,515.43,275.52,-198.37,-3912.32,-31848.27,1766.83,22521.8,-6553.39,183.89,409.38,-6369.5,-5960.12,,,,,
8771,1866.37,4257.61,5168.33,517.07,281.88,-182.65,-3887.08,-31621.99,1721.42,22589.2,-6810.84,186.38,710.17,-6624.46,-5914.29,,,,,
8781,1788.83,4094.7,5218.58,517.25,273.96,-230.83,-3859.07,-31698.13,1716.83,22578.99,-6694.46,184.33,401.1,-6510.13,-6109.02,,,,,
8791,1799.49,4164.38,5191.39,514.17,286.89,-240.63,-3918.18,-31637.33,1759.86,22627.88,-6775.85,184.73,547.93,-6591.12,-6043.19,,,,,
8801,1846.7,4138.88,5221.15,524.66,272.94,-216.76,-3853.21,-31730.15,1712.59,22643.34,-6737.22,183.09,560.15,-6554.13,-5993.99,,,,,
8811,1864.73,4229.31,5173.18,506.78,287.34,-230.41,-3890.69,-31631.82,1710.93,22586.24,-6705.61,188.87,605.6,-6516.74,-5911.13,,,,,
8821,1775.46,4246.92,5207.69,517.79,280.32,-207.67,-3897.1,-31727.76,1746.86,22641.4,-6717.04,184.06,583.89,-6532.98,-5949.09,,,,,
8831,1803.69,4282.01,5189.86,511.22,260.39,-191.6,-3853.68,-31771.99,1715.64,22467.97,-6603.03,182.37,413.52,-6420.66,-6007.15,,,,,
8841,1856.07,4103.91,5237.26,505.19,273.42,-236.16,-3891.85,-31578.4,1749.81,22501.16,-6748.63,184.89,520.41,-6563.74,-6043.34,,,,,
8851,1775.94,4135.04,5195.49,498.77,259.35,-218.64,-3880.22,-31749.07,1759.43,22480.39,-6544.65,184,256.47,-6360.66,-6104.18,,,,,
8861,1785.8,4222.56,5169.79,528.73,266.87,-187.73,-3894.5,-31664.83,1771.52,22530.85,-6676.9,179.77,529.05,-6497.13,-5968.08,,,,,
8871,1771.17,4240.77,5227.96,505.1,269.79,-224.66,-3904.21,-31741.97,1740.65,22488.07,-6578.77,183.53,372.67,-6395.24,-6022.57,,,,,
8881,1819.91,4203.37,5250.25,503.22,265.01,-222.63,-3904.53,-31725.35,1756.36,22391.39,-6558.64,182.39,336.99,-6376.25,-6039.26,,,,,
8891,1805.11,4277.98,5194.51,526.26,291.95,-224.22,-3862.49,-31799.02,1738.96,22520.89,-6619.5,183.14,469.94,-6436.36,-5966.42,,,,,
8901,1813.2,4232.11,5194.69,510.21,265.3,-211.47,-3889.46,-31830.38,1765.22,22563.44,-6560.44,177.86,412.86,-6382.59,-5969.73,,,,,
8911,1809.85,4181.27,5217.96,490.81,269.82,-219.97,-3921.2,-31527.04,1722.35,22381.67,-6715.25,184.2,405.53,-6531.05,-6125.52,,,,,
8921,1726.76,4220.21,5219.8,496.76,283.13,-212.3,-3850.29,-31727.56,1780.09,22449.14,-6648.42,187.28,385.75,-6461.13,-6075.38,,,,,
8931,1861.26,4162.27,5215.86,507.62,264.25,-226.05,-3889.48,-31647.84,1722.36,22430.38,-6686.77,186.03,400.65,-6500.74,-6100.09,,,,,
8941,1797.19,4295.24,5249.45,500.27,272.08,-210.84,-3847.85,-31766.7,1741.37,22429.84,-6565.99,185.43,460.05,-6380.56,-5920.5,,,,,
8951,1825.32,4234.84,5204.42,520.31,249.97,-221.66,-3867.58,-31814.64,1727.25,22479.86,-6543.33,184.72,338.09,-6358.61,-6020.52,,,,,
8961,1838.24,4163.08,5242.07,494.27,286.66,-202.53,-3843.6,-31666.92,1746.39,22532.1,-6718.16,185.51,589.76,-6532.65,-5942.9,,,,,
8971,1804.32,4290.52,5221.46,514.9,287.31,-237.19,-3869.98,-31719.53,1728.81,22471.4,-6650.67,188.45,492.03,-6462.22,-5970.19,,,,,
8981,1822.79,4181.27,5199.09,508.92,274.2,-239.58,-3841.93,-31694.61,1743.08,22618.21,-6713.14,188.01,571.44,-6525.13,-5953.69,,,,,
8991,1819.98,4264.35,5228.75,511.68,274.74,-231.53,-3947.19,-31639.19,1760.21,22569.78,-6719.01,184.01,611.57,-6535,-5923.43,,,,,
9001,1878.72,4296.12,5223.31,521.69,268,-223.29,-3932.25,-31637.89,1711.69,22491.92,-6674.58,182.1,598.02,-6492.48,-5894.47,,,,,
9011,1786.31,4189.66,5237.62,500.93,305.97,-202.14,-3897.01,-31720.44,1735.88,22507.62,-6602.29,185.91,444.39,-6416.38,-5971.99,,,,,
9021,1820.68,4185.73,5218.87,523.84,289.03,-231.84,-3852.8,-31717.92,1709.17,22534.91,-6745.19,186.35,479.66,-6558.85,-6079.18,,,,,
9031,1811.36,4231.98,5236.66,515.42,272.92,-234.64,-3825.22,-31748.87,1756.43,22418.45,-6577.8,183.86,434.49,-6393.94,-5959.45,,,,,
9041,1800.76,4216.17,5226.41,489.02,278.56,-234.61,-3862.09,-31791.43,1701.71,22576.81,-6644.96,181.23,401.3,-6463.73,-6062.43,,,,,
9051,1815.97,4169.01,5179.71,497.93,277.48,-210.17,-3910.36,-31777.44,1766.77,22609.94,-6691.09,178.89,418.84,-6512.2,-6093.36,,,,,
9061,1775.81,4254.04,5219.56,495.18,295.54,-229.03,-3874.47,-31542.75,1756.18,22476.2,-6746.88,186.27,626.25,-6560.61,-5934.36,,,,,
9071,1785.32,4132.73,5202.28,517.21,264.95,-235.53,-3861.26,-31838.5,1764.24,22524.55,-6509.53,184.64,255.99,-6324.89,-6068.9,,,,,
9081,1787.78,4229.19,5210.48,502.17,269.52,-220.78,-3828.98,-31770.18,1750.37,22522.58,-6608.85,185.29,452.15,-6423.56,-5971.41,,,,,
9091,1765.36,4181.84,5203.04,512.48,276.19,-231.67,-3850.54,-31958.38,1767.25,22625.26,-6528.46,183.31,290.83,-6345.14,-6054.32,,,,,
9101,1840.43,4228.63,5263.59,518.52,295.84,-213.96,-3896.19,-31689.71,1727.43,22444.4,-6611.2,182.79,518.97,-6428.41,-5909.44,,,,,
9111,1754.88,4162.39,5238.8,487.4,273.1,-215.84,-3942.13,-31781.71,1745.82,22550.27,-6604.49,181.01,272.98,-6423.48,-6150.5,,,,,
9121,1807.45,4165.1,5280.39,508.65,289.23,-245.06,-3906.54,-31849.65,1750.91,22497.46,-6487.91,180.3,297.94,-6307.61,-6009.67,,,,,
9131,1775.39,4181.71,5193.37,496.5,275.24,-226.27,-3886.59,-31662.07,1774.41,22498.84,-6607.08,180.88,420.52,-6426.2,-6005.68,,,,,
9141,1783.64,4185.53,5205.07,517.27,269.84,-196.7,-3883.64,-31607.96,1763.12,22541.78,-6725.93,183.2,577.94,-6542.73,-5964.79,,,,,
9151,1769.28,4198.36,5171.65,499.12,268.42,-196.19,-3907.78,-31490.48,1748.19,22518.93,-6863.82,184.08,579.5,-6679.74,-6100.24,,,,,
9161,1855.73,4169.15,5227.21,526.44,280.53,-258.98,-3902.07,-31660.21,1741.3,22453.05,-6639.96,182.05,432.14,-6457.9,-6025.76,,,,,
9171,1802.76,4110.24,5203.11,501.12,276.49,-229.56,-3868.51,-31667.86,1731.44,22690.27,-6790.09,184.86,549.5,-6605.23,-6055.73,,,,,
9181,1759.25,4188.75,5236.21,500.59,269.29,-233,-3914.26,-31583.88,1739.95,22636.75,-6834.29,187.76,599.65,-6646.53,-6046.88,,,,,
9191,1883.63,4149.31,5233.53,510.69,283.07,-211.52,-3864.4,-31732.25,1744.42,22602.98,-6706.18,182.28,599.45,-6523.9,-5924.45,,,,,
9201,1789.03,4202.16,5214.68,512.01,282.3,-223.86,-3879.06,-31771.05,1721.61,22474.82,-6576.37,185.77,322.66,-6390.6,-6067.94,,,,,
9211,1779.49,4198.82,5209.4,506.48,281.32,-241.77,-3894.62,-31876.07,1758.92,22601.63,-6548.74,182.21,323.61,-6366.53,-6042.92,,,,,
9221,1804.22,4245.39,5265.73,523.27,267.49,-222.87,-3864.05,-31766.67,1784.29,22663.23,-6726.35,187.54,700.03,-6538.81,-5838.78,,,,,
9231,1846.56,4201.71,5248.8,518.55,286.57,-198.92,-3939.12,-31642.87,1709.74,22530,-6681.08,183.13,561.04,-6497.95,-5936.91,,,,,
9241,1815.51,4273.13,5198.22,523.98,260.54,-205.32,-3885.47,-31783.39,1760.88,22588.98,-6619.33,184.4,547.05,-6434.92,-5887.87,,,,,
9251,1837.65,4277.24,5203.92,511.7,269.81,-216.3,-3878.97,-31804.74,1760,22500.67,-6581.96,186.11,460.99,-6395.85,-5934.86,,,,,
9261,1799.34,4243.26,5228.61,511.35,287.43,-226.3,-3954.33,-31565.39,1724.38,22509.55,-6786.27,181.74,557.9,-6604.53,-6046.63,,,,,
9271,1868.79,4212.38,5210.51,516.37,280.51,-187.43,-3894.5,-31735.06,1706.03,22524.44,-6649.36,182.38,502.04,-6466.98,-5964.94,,,,,
9281,1850.22,4246.57,5274.96,510.07,243.7,-233.45,-3841.58,-31738.95,1734.25,22581.63,-6680.6,182.05,627.43,-6498.55,-5871.12,,,,,
9291,1869.63,4218.18,5209.48,499.08,282.85,-227.22,-3853.6,-31552.19,1734.43,22413.54,-6715.58,186.32,594.18,-6529.26,-5935.08,,,,,
9301,1819.23,4198.66,5234.72,512.11,265.3,-207.49,-3891.19,-31744.93,1732.75,22504.33,-6598.9,182.29,423.49,-6416.61,-5993.13,,,,,
9311,1799.03,4295.05,5184.93,520.84,273.36,-214.41,-3847.76,-31618.62,1747.88,22437.66,-6678.69,182.3,577.96,-6496.39,-5918.43,,,,,
9321,1846.5,4254.23,5198.82,537.01,272.79,-187.37,-3906.11,-31515.93,1719.18,22486.24,-6765.5,184.2,705.37,-6581.3,-5875.92,,,,,
9331,1745.84,4217.36,5221.7,500.39,271.06,-209.99,-3888.11,-31740.27,1739.87,22567.25,-6634.33,183.74,425.1,-6450.58,-6025.48,,,,,
9341,1804.84,4120.45,5254.55,510.97,258.54,-209.2,-3902.51,-31618.03,1754.4,22640.56,-6812.48,183.86,614.58,-6628.63,-6014.05,,,,,
9351,1820.81,4300.67,5217.34,523.15,273.07,-220.85,-3864.27,-31522.35,1725.6,22471.33,-6831.13,187.55,724.51,-6643.58,-5919.07,,,,,
9361,1812.23,4191.04,5203.66,506.37,293.51,-194.69,-3904.17,-31676.51,1737.06,22531.15,-6695.01,185.02,499.66,-6510,-6010.34,,,,,
9371,1766.95,4180.66,5160.41,495.71,268.25,-233.71,-3906.59,-31579.07,1726.1,22620.71,-6769.74,179.97,499.39,-6589.76,-6090.38,,,,,
9381,1744.22,4236.3,5216.54,500.42,266.82,-202.28,-3866.42,-31597.36,1741.27,22495.05,-6792.46,183.22,534.55,-6609.24,-6074.68,,,,,
9391,1810.37,4221,5217.22,531.98,278.55,-215.58,-3866.85,-31669.88,1767.28,22508.32,-6692.89,186.64,582.41,-6506.25,-5923.85,,,,,
9401,1841.55,4142.03,5195.54,513.71,260.63,-197.19,-3844.97,-31569.09,1754.61,22551.35,-6803.32,186.32,648.18,-6617,-5968.82,,,,,
9411,1802.18,4219.98,5188.78,507.37,275.43,-224.23,-3868.15,-31564.86,1737.92,22605.49,-6828.4,184.28,679.91,-6644.12,-5964.21,,,,,
9421,1805.85,4225.86,5224.46,511.48,287.04,-224.79,-3860.19,-31534.54,1709.87,22493.4,-6817.79,187.19,638.44,-6630.6,-5992.15,,,,,
9431,1804.29,4305.41,5224.26,504.16,263.78,-204.04,-3874.81,-31661.51,1746.3,22447.3,-6653.73,184.63,555.15,-6469.1,-5913.95,,,,,
9441,1852.16,4159.17,5176.89,509.54,285.73,-201.65,-3843.9,-31443.24,1735.88,22399.12,-6805.98,186.52,629.7,-6619.45,-5989.76,,,,,
9451,1870.64,4181.8,5189.49,514.87,257.76,-193.47,-3880.85,-31655.3,1710.77,22476.45,-6668.02,183.89,472.17,-6484.13,-6011.96,,,,,
9461,1787.91,4255.27,5188.09,497.31,281.43,-228.86,-3856.42,-31595.42,1727.3,22506.96,-6720.36,185.57,563.56,-6534.8,-5971.23,,,,,
9471,1733.29,4198.05,5221,507.5,269.37,-227.8,-3896.27,-31630.35,1765.44,22517.11,-6673.27,184.66,457.33,-6488.6,-6031.27,,,,,
9481,1799.97,4234.25,5268.9,517.09,281.83,-245.7,-3877.6,-31478.67,1738.4,22390.8,-6696.63,182.61,629.26,-6514.01,-5884.75,,,,,
9491,1783.26,4208.38,5153.9,514.6,267.72,-203.53,-3855.36,-31704.82,1771.52,22487.58,-6619.61,182.71,423.24,-6436.9,-6013.65,,,,,
9501,1775.69,4237.63,5245.09,516.65,252.42,-217,-3870.35,-31690.41,1747.54,22547.1,-6589.98,181.23,544.37,-6408.74,-5864.37,,,,,
9511,1785.33,4206.65,5247.67,502.61,274.72,-223.09,-3868.47,-31644.36,1765.51,22444.84,-6621.74,183.19,491.39,-6438.56,-5947.17,,,,,
9521,1797.09,4222.89,5211.93,511.01,277.26,-227.83,-3868.94,-31443.83,1748.05,22503.23,-6832.64,189.8,730.86,-6642.84,-5911.98,,,,,
9531,1826.75,4123.67,5257.31,497.88,284.45,-205.49,-3891.55,-31453.64,1727.48,22467.4,-6811.71,183.94,634.26,-6627.77,-5993.52,,,,,
9541,1734.81,4196.84,5235.49,512.23,250.87,-203.19,-3886,-31663.19,1755.32,22579.8,-6655.82,183.36,512.99,-6472.47,-5959.48,,,,,
9551,1815.9,4206.79,5192.76,499.67,269.39,-213.04,-3882.05,-31686.43,1739.33,22586.44,-6713.46,186.48,528.76,-6526.97,-5998.21,,,,,
9561,1810.74,4134.51,5219.18,503.66,271.7,-205.08,-3853.24,-31528.49,1764.06,22523.5,-6799.45,187.7,640.57,-6611.75,-5971.19,,,,,
9571,1822.66,4219.12,5202.77,500.32,265.29,-210.77,-3957.31,-31440.16,1717.62,22511.66,-6827.74,184.91,631.21,-6642.83,-6011.62,,,,,
9581,1800.28,4271.75,5251.7,498.93,274.95,-212.09,-3905.2,-31599.85,1733.22,22514.29,-6738.51,184.33,627.98,-6554.18,-5926.2,,,,,
9591,1894.8,4302.61,5248.83,529.93,277.72,-204.29,-3837,-31397.14,1759.37,22479.02,-6910.54,187.16,1053.86,-6723.38,-5669.53,,,,,
9601,1858.33,4137.9,5221.16,506.24,286.86,-226.06,-3892.87,-31553.18,1730.53,22561.69,-6819.19,186.35,630.6,-6632.84,-6002.24,,,,,
9611,1808.14,4118.64,5197.05,503.4,263.41,-215.64,-3896.95,-31310.03,1752.69,22448.77,-6904.44,183.46,669.48,-6720.98,-6051.5,,,,,
9621,1818.24,4233.3,5228.79,494.43,287.05,-200.95,-3860.64,-31627.41,1737.1,22490.53,-6689.44,187.47,600.44,-6501.97,-5901.53,,,,,
9631,1779.83,4253.31,5206.72,510.38,269.5,-212.17,-3833.13,-31345.81,1778.75,22487.54,-6928.88,189.66,894.92,-6739.23,-5844.31,,,,,
9641,1769.83,4205.81,5178.81,505.56,271.51,-208.06,-3880.33,-31551.86,1739.25,22543.88,-6766.68,184.72,574.41,-6581.96,-6007.56,,,,,
9651,1891.59,4248.33,5210.13,510.91,253.46,-230.35,-3869.29,-31573.51,1719.5,22590.49,-6806.75,187.28,751.27,-6619.47,-5868.2,,,,,
9661,1800.52,4190.52,5199.08,503.18,285.55,-205.4,-3855.33,-31714.65,1738.92,22514.3,-6654.34,185.89,456.68,-6468.45,-6011.77,,,,,
9671,1842.64,4270.17,5199.07,507.9,264.48,-210.21,-3866.21,-31635,1750.69,22582.54,-6740.02,182.62,706.06,-6557.4,-5851.33,,,,,
9681,1813.09,4142.83,5224.08,503.43,289.07,-213.86,-3896.52,-31658.78,1715.56,22623.24,-6697.98,185.04,542.15,-6512.95,-5970.8,,,,,
9691,1825.18,4254.64,5193.84,515.54,286.43,-191.05,-3881.79,-31494.64,1744.59,22549.09,-6866.83,186.34,801.82,-6680.5,-5878.68,,,,,
9701,1781.36,4236.92,5186.29,515.98,252.53,-217.61,-3891.57,-31500.74,1750.16,22493.19,-6815.37,181.07,606.51,-6634.3,-6027.79,,,,,
9711,1812.88,4166.84,5202.41,503.51,289,-234.6,-3934.61,-31380.82,1754.56,22438.77,-6873.49,182.62,617.95,-6690.86,-6072.91,,,,,
9721,1843.22,4135.91,5228.51,500.31,276.53,-240.58,-3923.47,-31482.07,1767.81,22566.3,-6858.88,188.2,672.48,-6670.68,-5998.2,,,,,
9731,1838.3,4255.55,5199.14,513.52,280,-215.45,-3904.3,-31495.68,1736.37,22551.07,-6801.45,183.98,758.51,-6617.47,-5858.96,,,,,
9741,1786.28,4242.84,5179.11,531.5,264.83,-219.6,-3915.54,-31446.59,1765.51,22532.02,-6841.02,182.99,720.35,-6658.03,-5937.67,,,,,
9751,1813.29,4238.13,5194.7,514.44,282.17,-209.07,-3863.13,-31644.12,1735.65,22548.09,-6726.55,187,610.14,-6539.55,-5929.41,,,,,
9761,1747.99,4185.58,5193.72,493.29,256.9,-225.98,-3911.33,-31557.97,1742.15,22593.37,-6815.84,185.48,517.72,-6630.35,-6112.63,,,,,
9771,1829.5,4257.12,5212.37,500.24,261.76,-199.97,-3889.1,-31676.14,1734.93,22567.39,-6716.95,183.02,598.09,-6533.94,-5935.85,,,,,
9781,1883.25,4229.33,5161.52,496.71,273.27,-193.71,-3893.04,-31830.83,1760.43,22602.48,-6606.28,182.17,489.4,-6424.11,-5934.71,,,,,
9791,1828.85,4200.2,5161.45,511,287.13,-197.4,-3853.64,-31531.51,1732.65,22550.11,-6826.87,187.5,688.83,-6639.37,-5950.54,,,,,
9801,1812.13,4170.73,5210.75,511.2,262.92,-196.62,-3919,-31492.52,1762.65,22529.08,-6812.53,184.93,651.35,-6627.6,-5976.25,,,,,
9811,1825.07,4218.32,5120.93,515.73,277.83,-196.61,-3885.26,-31533.1,1727.9,22473.23,-6736.8,185.08,544.03,-6551.72,-6007.68,,,,,
9821,1823.97,4215.37,5203.69,503.15,282.15,-209,-3895.9,-31510.1,1731.26,22489.51,-6741.54,183.74,634.1,-6557.8,-5923.7,,,,,
9831,1825.61,4225.31,5172.56,505.81,285.46,-215.71,-3863.91,-31475.88,1749.67,22560.89,-6875.32,190.11,769.81,-6685.22,-5915.41,,,,,
9841,1876.83,4247.95,5188.44,521.36,283.01,-227.93,-3884.29,-31662.11,1729.1,22526.45,-6717.58,184.33,598.82,-6533.25,-5934.43,,,,,
9851,1848.91,4173.35,5171.32,517.22,266.56,-213.33,-3898.25,-31759.4,1728.86,22525.13,-6585.74,185.57,360.38,-6400.17,-6039.79,,,,,
9861,1816.39,4246.63,5179.15,501.81,258.04,-199.73,-3836.1,-31632.56,1741.66,22552.86,-6762.18,187.93,628.16,-6574.24,-5946.09,,,,,
9871,1818.46,4262.08,5211.54,515.66,279.04,-228.3,-3800.35,-31635.79,1698.85,22419.82,-6709.73,189.17,541.02,-6520.56,-5979.54,,,,,
9881,1821.17,4229.19,5227.94,522.83,282.77,-222.97,-3911.56,-31725.99,1750.04,22571.31,-6667.98,182.96,544.74,-6485.02,-5940.28,,,,,
9891,1802.29,4220.09,5205.95,495.17,276.96,-218.31,-3929.41,-31763.97,1745.76,22577.75,-6601.73,183.26,412.29,-6418.46,-6006.18,,,,,
9901,1763.29,4278.16,5205.78,507.96,263.52,-224.09,-3876.44,-31841.99,1730.58,22496.5,-6565.83,186.21,303.27,-6379.62,-6076.35,,,,,
9911,1824.96,4262.45,5220.37,512.56,252.34,-217.25,-3906.12,-31782.46,1686.83,22488.03,-6590.12,183.63,341.71,-6406.49,-6064.78,,,,,
9921,1858.65,4237.29,5231.36,515.1,256.6,-240.23,-3897,-31779.54,1714.77,22472.09,-6551.67,183.39,369.11,-6368.29,-5999.17,,,,,
9931,1843.77,4159,5253.9,503.61,279.42,-216.8,-3891.04,-31817.33,1747.45,22572.84,-6623.3,183.42,434.83,-6439.89,-6005.05,,,,,
9941,1818.54,4202.58,5203.34,502.61,256,-222.98,-3894.96,-31845.21,1752.26,22544.58,-6545.48,184.25,316.74,-6361.23,-6044.49,,,,,
9951,1866.68,4230.74,5215.71,507.35,268.05,-202.12,-3853.57,-31923.91,1722.84,22597.2,-6560.51,186.97,428.97,-6373.53,-5944.56,,,,,
9961,1754.79,4263.3,5177.93,515.45,297.32,-213.27,-3840.43,-31960.36,1790.27,22545.39,-6480.44,180.62,330.4,-6299.82,-5969.42,,,,,
9971,1871.86,4257.45,5174.62,521.62,277.88,-196.11,-3817.25,-31810.21,1750.41,22672.21,-6689.83,191.21,702.48,-6498.62,-5796.14,,,,,
9981,1808.42,4197.02,5179.67,519.11,277.16,-209.07,-3868.89,-31874.41,1709.57,22681.62,-6612.5,186.8,420.2,-6425.71,-6005.5,,,,,
9991,1838.49,4169.45,5205.62,507.36,280.54,-214.26,-3841.2,-31770.1,1711.1,22666.48,-6686.49,188.69,553.48,-6497.81,-5944.32,,,,,
10001,1846.23,4211.62,5134.37,501.24,263.76,-225.95,-3854.5,-31698.33,1699.55,22613.25,-6717.25,189.58,491.22,-6527.67,-6036.44,,,,,
,,,,,,,,,,,,,,,,,,,,
Receptor Energy Terms,,,,,,,,,,,,,,,,,,,,
Frame #,BOND,ANGLE,DIHED,UB,IMP,CMAP,VDWAALS,EEL,1-4 VDW,1-4 EEL,EGB,ESURF,GGAS,GSOLV,TOTAL,,,,,
1,1714.88,4144.32,5358.03,501.83,271.91,-171.11,-3943.25,-32330.91,1768.65,22693.02,-5998.56,163.44,7.37,-5835.12,-5827.75,,,,,
11,1798.64,4315.22,5305.77,519.35,286.33,-202.27,-3810.9,-31914.77,1725.53,22511.49,-6430.12,183.34,534.4,-6246.78,-5712.38,,,,,
21,1818.07,4194.1,5306.97,515.04,273.46,-207.18,-3837.37,-31754.62,1689.56,22627.05,-6609.14,187.93,625.06,-6421.21,-5796.15,,,,,
31,1832.46,4172.68,5276.21,507.13,258.63,-195.07,-3853.21,-32100.96,1700.02,22730.18,-6349.13,185,328.05,-6164.13,-5836.07,,,,,
41,1776.87,4283.48,5265.26,508.81,275.59,-199.72,-3908.97,-31954.1,1737.34,22689.93,-6422.34,181.11,474.47,-6241.23,-5766.76,,,,,
51,1790.16,4199.24,5267.69,502.95,266.23,-181.58,-3820.52,-32002.03,1734.52,22552.24,-6368.96,183.3,308.9,-6185.65,-5876.75,,,,,
61,1828.49,4231.97,5262.21,497.14,285.81,-192.62,-3824.5,-32124.93,1709.77,22641.12,-6311.83,182.44,314.47,-6129.4,-5814.92,,,,,
71,1811.72,4174.02,5259.15,504.18,278.77,-157.87,-3845.21,-31841.14,1717.16,22685.43,-6561.34,183.4,586.22,-6377.94,-5791.72,,,,,
81,1794.82,4204.91,5216,492.87,275.6,-188.72,-3829.97,-32037.25,1728.32,22705.89,-6426.63,185.51,362.47,-6241.12,-5878.64,,,,,
91,1797.01,4243.15,5266.31,509.54,280.48,-180.74,-3799.9,-31890.75,1730.11,22724.24,-6556.5,191.57,679.44,-6364.93,-5685.5,,,,,
101,1803.33,4171.76,5273.11,492.26,273.06,-196.44,-3788.74,-31786.54,1729.49,22643.42,-6666.51,193.11,614.71,-6473.4,-5858.7,,,,,
111,1849.47,4155.76,5260.6,493.31,269.35,-169.27,-3853.98,-31875.47,1715.84,22679.86,-6535.15,182.74,525.47,-6352.41,-5826.94,,,,,
121,1854.01,4217.3,5302.98,519.63,280.23,-177.55,-3871.08,-31847.29,1690.19,22700.31,-6586.76,185.57,668.74,-6401.19,-5732.45,,,,,
131,1824.55,4214.23,5268.65,513.5,264.51,-202,-3797.22,-31785.62,1706.63,22674.84,-6692.66,188.51,682.06,-6504.15,-5822.09,,,,,
141,1834.52,4208.88,5245.64,508.24,286.22,-173.68,-3799.88,-31954.35,1715.11,22742.41,-6550.89,186.97,613.1,-6363.92,-5750.82,,,,,
151,1818.57,4170.67,5229.99,503.91,284.88,-172.01,-3878.23,-31897.78,1720.13,22711.6,-6592.55,182.14,491.73,-6410.41,-5918.68,,,,,
161,1817.11,4195.9,5224,506.11,285.79,-164.28,-3855.13,-32005.3,1690.42,22681.78,-6533.37,184.83,376.4,-6348.54,-5972.15,,,,,
171,1744.18,4185.13,5252.42,516.18,270.4,-181.66,-3835.72,-32044.9,1723.91,22803.63,-6521.63,184.36,433.55,-6337.27,-5903.72,,,,,
181,1738.05,4230.52,5209.76,501.66,259.17,-179.55,-3848.24,-31938.72,1748.86,22715.4,-6575.66,182.79,436.92,-6392.86,-5955.95,,,,,
191,1847.87,4204.35,5276.85,511.55,273.21,-212.85,-3848.59,-32120.85,1724.32,22696.22,-6398.72,180.86,352.08,-6217.86,-5865.79,,,,,
201,1794.52,4163.46,5285.89,506.14,276.14,-202.64,-3858.72,-32193.39,1706.51,22812.01,-6352.21,181.71,289.94,-6170.5,-5880.56,,,,,
211,1819.44,4137.13,5221.49,518.41,283.33,-187.42,-3843.9,-31981.66,1741.48,22646.36,-6471.84,180.78,354.65,-6291.06,-5936.41,,,,,
221,1840.86,4146.3,5247.02,508.16,262.6,-192.7,-3840.31,-31986.32,1723.86,22659.16,-6460.78,180.34,368.63,-6280.44,-5911.81,,,,,
231,1785.94,4168.81,5259.31,503.45,281.99,-205.01,-3822.7,-32091.61,1740.47,22697.43,-6431.37,182.85,318.07,-6248.53,-5930.46,,,,,
241,1771.52,4302.11,5267.56,517.74,260.31,-213.99,-3871.23,-32102.9,1731.15,22731.31,-6346.17,180.03,393.59,-6166.14,-5772.56,,,,,
251,1758.59,4270.08,5266.27,524.68,280.17,-215.23,-3844.41,-32113.88,1723.26,22606.58,-6337.09,184.12,256.12,-6152.96,-5896.85,,,,,
261,1831.49,4269.15,5209.14,514.71,285.93,-198.39,-3844.18,-31718.97,1701.04,22526.68,-6604.25,180.92,576.6,-6423.33,-5846.73,,,,,
271,1760.35,4253.72,5245.24,513.78,284.71,-208.27,-3876,-32053.64,1733.49,22643.96,-6395.31,182.45,297.35,-6212.86,-5915.51,,,,,
281,1863.28,4270.36,5232.62,526.04,276.43,-185.74,-3873.83,-32073.94,1676.7,22737.44,-6435.75,184.29,449.37,-6251.46,-5802.09,,,,,
291,1777,4108.65,5211.79,513.32,249.93,-163.75,-3813.02,-31830.79,1725.45,22713.8,-6660.56,186.74,492.37,-6473.82,-5981.45,,,,,
301,1843.2,4144.03,5256.25,519.84,277.35,-169.76,-3863.71,-31891.39,1689.57,22652.24,-6565.09,183.27,457.61,-6381.82,-5924.21,,,,,
311,1825.46,4132.54,5331.75,497.43,266.69,-206.34,-3875.9,-31814.58,1718.3,22612.26,-6514.22,183.28,487.59,-6330.94,-5843.35,,,,,
321,1801.86,4153.35,5231.28,503.95,284.9,-196.66,-3821.87,-31607.19,1724.02,22621.49,-6783.26,190.51,695.12,-6592.75,-5897.63,,,,,
331,1806.66,4157.93,5261.8,502.46,271.62,-233.41,-3837.3,-31510.8,1728.2,22498.31,-6781.4,190.86,645.47,-6590.54,-5945.07,,,,,
341,1777.83,4200.66,5208.04,508.37,283.97,-190.1,-3858.16,-31561.24,1689.68,22625.45,-6769.57,193.21,684.49,-6576.36,-5891.87,,,,,
351,1777.01,4235.47,5215.28,499.56,289.4,-185.33,-3813.64,-31538.43,1729.73,22595.38,-6858.42,193.51,804.42,-6664.92,-5860.49,,,,,
361,1802.09,4139.63,5220.91,502.3,293.05,-198.74,-3814.96,-31458.6,1712.57,22508.38,-6853.77,193.3,706.65,-6660.47,-5953.82,,,,,
371,1839.99,4243.6,5253.72,509.88,269.11,-200.96,-3811.42,-31594.46,1709.73,22667.54,-6871.43,188.67,886.72,-6682.76,-5796.04,,,,,
381,1806.1,4261.21,5180.52,521.69,279.78,-202.82,-3800.25,-31625,1729.59,22574.16,-6709.99,192.83,724.96,-6517.15,-5792.19,,,,,
391,1768.26,4252.1,5232.38,505.14,304.56,-204.58,-3786.99,-31593.57,1707.5,22552.97,-6741.58,190.54,737.77,-6551.03,-5813.26,,,,,
401,1778.73,4200.39,5221.31,501.18,280.74,-213.11,-3797.84,-31582.34,1724.56,22552.52,-6760.46,192.58,666.14,-6567.88,-5901.73,,,,,
411,1827.22,4265.4,5190.37,522.08,259.67,-234.99,-3809.52,-31657.64,1716.94,22688.27,-6802.98,193.51,767.8,-6609.46,-5841.67,,,,,
421,1814.2,4141.33,5250.81,500.97,293.02,-196.92,-3856.22,-31610.23,1732.92,22676.93,-6834.29,187.3,746.8,-6646.99,-5900.18,,,,,
431,1828.39,4235.92,5253.31,508.85,276.54,-198.77,-3854.37,-31583.92,1733.41,22627.52,-6865.95,188.32,826.88,-6677.64,-5850.76,,,,,
441,1821.17,4118.4,5202.89,491.26,282.64,-186.88,-3860.83,-31610.99,1723.15,22617.67,-6754.29,185.77,598.47,-6568.52,-5970.05,,,,,
451,1825.18,4188.62,5204.32,505.41,278.93,-171.96,-3843.3,-31666.91,1706.42,22748.66,-6796.24,190.45,775.37,-6605.79,-5830.42,,,,,
461,1792.25,4188.19,5191.61,517.12,238.32,-153.52,-3851.89,-31701.32,1728.27,22711.98,-6751.42,186.04,661,-6565.38,-5904.38,,,,,
471,1851.38,4192.95,5251.91,510.88,273.98,-223.66,-3810.29,-31702.78,1763.51,22735.99,-6823.32,186.78,843.87,-6636.54,-5792.67,,,,,
481,1748.36,4182.56,5213.92,503.84,265.95,-215.16,-3805,-31590.17,1713.43,22585.65,-6788.03,186.91,603.39,-6601.12,-5997.73,,,,,
491,1813.35,4198.02,5183.4,512.64,267.3,-187.76,-3864.11,-31806.86,1744.25,22644.79,-6613.66,187.71,505.02,-6425.95,-5920.93,,,,,
501,1802.1,4147.76,5222.71,496.13,276.92,-167.01,-3836.82,-31775.73,1675.35,22722.53,-6735.61,188.8,563.94,-6546.81,-5982.87,,,,,
511,1839.78,4234.82,5198.04,514.74,264.73,-204.87,-3858.05,-31711.94,1695.51,22633.95,-6725.65,187.17,606.72,-6538.48,-5931.76,,,,,
521,1800.11,4118.16,5223.62,503.84,277.56,-183.78,-3841.89,-31670.16,1689.39,22715.43,-6740.64,188.39,632.28,-6552.25,-5919.97,,,,,
531,1802.34,4142.87,5221.6,494.83,272.31,-197.09,-3797.21,-31755.47,1721.57,22764.19,-6743.88,192.03,669.94,-6551.85,-5881.92,,,,,
541,1825.5,4231.62,5232.08,523.28,253.96,-193.24,-3876.01,-31709.77,1699.36,22650.31,-6675.81,186.6,637.09,-6489.22,-5852.13,,,,,
551,1763.45,4149.72,5234.63,493.99,281.26,-234.35,-3823.79,-31782.54,1708.47,22761.73,-6750.52,190.51,552.58,-6560.01,-6007.43,,,,,
561,1787.37,4208.13,5213.87,492.88,291.11,-208.53,-3861.33,-31901.01,1713.86,22777.67,-6626.5,190.33,514.01,-6436.17,-5922.16,,,,,
571,1796.2,4117.79,5185.44,512.03,268.68,-185.31,-3765.5,-31745.25,1711.22,22781.1,-6797.54,197.07,676.41,-6600.46,-5924.05,,,,,
581,1820.85,4095.59,5225.59,491.1,272.58,-184.52,-3797.38,-31738.79,1715.03,22732.34,-6742.54,190.72,632.39,-6551.82,-5919.43,,,,,
591,1851.49,4165.31,5248,510.97,264.14,-217.62,-3789.67,-31727.76,1720.6,22653.09,-6721.27,192.48,678.55,-6528.79,-5850.24,,,,,
601,1776.39,4166.37,5195.07,508.81,266.63,-200.83,-3814.59,-31638.83,1686.78,22680.77,-6810.8,189.96,626.57,-6620.83,-5994.27,,,,,
611,1765.72,4182.47,5232.27,494.17,271.2,-218.89,-3808.08,-32086.73,1733.35,22830.77,-6500.14,189.37,396.25,-6310.77,-5914.53,,,,,
621,1778.57,4186.12,5254.25,490.05,271.63,-240.45,-3845.68,-31892.81,1734.92,22735.42,-6613.32,185.91,472.03,-6427.41,-5955.38,,,,,
631,1780.71,4323.76,5159.87,513.54,268.8,-188.32,-3796.53,-31963.45,1718.63,22681,-6576.85,187.02,498.01,-6389.83,-5891.82,,,,,
641,1796.88,4143.55,5181.88,510.47,279.66,-207.94,-3790.76,-31943.09,1705.68,22790.83,-6679.46,190.33,467.17,-6489.13,-6021.96,,,,,
651,1741.79,4299.88,5198.66,506.49,276.54,-201.56,-3820.31,-31695.75,1717.69,22742.74,-6818.97,189.68,766.18,-6629.3,-5863.11,,,,,
661,1789.67,4178.4,5213.82,490.83,281.8,-201.86,-3819.54,-31906.21,1744.93,22764.68,-6646.43,187.32,536.51,-6459.11,-5922.59,,,,,
671,1810.25,4247.38,5247.19,518.82,265.62,-210.53,-3848.15,-31602.84,1717.54,22625.68,-6848.88,189.48,770.97,-6659.4,-5888.43,,,,,
681,1788.36,4266.68,5226.12,509.93,259.95,-220.33,-3835.75,-31783.45,1701.11,22716.48,-6692.54,185.54,629.11,-6507,-5877.89,,,,,
691,1839.91,4233.39,5232.95,522,274.8,-199.79,-3816.8,-31675.73,1718.2,22675.71,-6789,187.44,804.63,-6601.56,-5796.93,,,,,
701,1777.69,4225.56,5205.61,494.46,282.57,-188.06,-3838.22,-31646.8,1727.44,22715.1,-6803.58,188.35,755.35,-6615.24,-5859.89,,,,,
711,1814.92,4156.41,5195.43,494.88,263.54,-224.63,-3814.35,-31764.6,1733.42,22666.8,-6689.51,188.6,521.83,-6500.91,-5979.08,,,,,
721,1826.48,4197.16,5196.37,487.75,273.6,-221.18,-3819.44,-31623.12,1719.33,22657.64,-6820.63,188.76,694.59,-6631.87,-5937.28,,,,,
731,1746,4190.2,5164.22,490.26,283.17,-198.84,-3853.69,-31793.81,1696.48,22747.56,-6699.29,187.09,471.54,-6512.19,-6040.65,,,,,
741,1834.73,4149.82,5224.21,517.95,267.21,-215.89,-3842.73,-31753.1,1695.34,22711.32,-6740.95,185.03,588.88,-6555.92,-5967.04,,,,,
751,1805.17,4168,5238.3,498.33,279.55,-240.87,-3872.33,-31868.74,1724.75,22698.67,-6596.15,184.08,430.81,-6412.08,-5981.26,,,,,
761,1829.69,4208.42,5177.38,508.8,272.29,-207.66,-3808.84,-31802.67,1718.29,22656.92,-6682.1,189.33,552.61,-6492.77,-5940.16,,,,,
771,1793.81,4181.02,5204.9,502.06,281.24,-206.31,-3856.03,-31738.41,1711.6,22740.23,-6745.52,185.85,614.11,-6559.67,-5945.56,,,,,
781,1770.1,4122.58,5198.03,485.72,273.06,-199.25,-3905.11,-31720.69,1720.75,22809.77,-6807.13,187.07,554.94,-6620.05,-6065.11,,,,,
791,1790.44,4140.3,5213.91,497.96,263.75,-230.81,-3813.09,-31677.11,1738.48,22716.95,-6811.91,186.04,640.78,-6625.87,-5985.09,,,,,
801,1810.4,4119.76,5236.06,501.73,258.83,-212.24,-3745.55,-31718.98,1745.8,22765.44,-6867.68,188.52,761.27,-6679.15,-5917.89,,,,,
811,1831.33,4192.26,5200.45,518.25,296.86,-230.37,-3815.11,-31655.37,1686.68,22672.66,-6804.69,183.54,697.64,-6621.15,-5923.51,,,,,
821,1826.07,4181.73,5221.38,496.8,286.23,-197.03,-3831.77,-31590.72,1761.46,22562.98,-6795.43,184.8,717.13,-6610.63,-5893.5,,,,,
831,1800.87,4154.66,5145.88,501.29,273.35,-223.18,-3827.98,-31673.02,1738.52,22685.16,-6793.21,183.71,575.56,-6609.5,-6033.94,,,,,
841,1777.56,4130.64,5215.33,495.58,269.51,-175.66,-3851.84,-31695.24,1740.65,22751.41,-6759.34,186.96,657.95,-6572.38,-5914.43,,,,,
851,1818.16,4154.99,5256.01,505.96,273.62,-196.61,-3844.17,-31569.14,1702.06,22665,-6860,186.96,765.88,-6673.04,-5907.17,,,,,
861,1840.95,4180.95,5168.63,517.55,267.85,-196.21,-3804.39,-31602.02,1676.9,22607.85,-6819.11,188.39,658.06,-6630.71,-5972.66,,,,,
871,1853.15,4208.14,5202.39,513.5,283.26,-199.61,-3803.43,-31812.69,1742.24,22607.72,-6624.78,186.73,594.68,-6438.05,-5843.37,,,,,
881,1781.96,4185.91,5181.03,517.94,286,-195.94,-3847.51,-31831.56,1709.66,22762.98,-6648.76,184.64,550.46,-6464.12,-5913.66,,,,,
891,1829.8,4122.44,5199.02,487.46,276.98,-173.52,-3822.71,-31805.28,1713.15,22621.53,-6593.9,183.49,448.87,-6410.41,-5961.54,,,,,
901,1829.96,4167.62,5144.96,514.17,263.37,-200.89,-3829.26,-31781.62,1723.02,22710.46,-6698.8,184.8,541.8,-6514,-5972.2,,,,,
911,1837.95,4158.85,5213.39,504.16,271.73,-199.3,-3859.22,-31656.16,1708.4,22729.87,-6833.97,188.75,709.67,-6645.22,-5935.56,,,,,
921,1776.35,4197.07,5186.93,510.16,275.09,-180.72,-3846.72,-31652.86,1732.49,22610.29,-6785.78,184.52,608.08,-6601.26,-5993.18,,,,,
931,1830.29,4128.92,5205.76,524.99,250.54,-204.95,-3849.96,-31882.05,1766.76,22664.16,-6603.18,182.6,434.45,-6420.58,-5986.12,,,,,
941,1844.34,4137.52,5263.22,508.04,276.81,-179.75,-3851.48,-31706.15,1719.84,22685.73,-6767.43,183.98,698.13,-6583.45,-5885.32,,,,,
951,1834.25,4179.37,5230.21,521.89,279.45,-210.02,-3908.9,-31690.02,1709.9,22673.64,-6742.16,181.88,619.76,-6560.27,-5940.51,,,,,
961,1772.11,4155.85,5251.82,509.89,262.18,-205.48,-3869.19,-31856.89,1722.45,22723.15,-6629.34,180.45,465.88,-6448.89,-5983,,,,,
971,1801.55,4168.42,5222.23,505.81,286.09,-188.13,-3871.54,-31721.11,1737.61,22705.14,-6753.91,180.59,646.06,-6573.32,-5927.26,,,,,
981,1813.82,4190.5,5196.7,511.88,284.98,-191.98,-3856.27,-31920.61,1738.98,22808.88,-6626.53,179.73,576.88,-6446.8,-5869.92,,,,,
991,1776.22,4146.38,5171.28,501.63,274.55,-174.61,-3833.05,-31881.21,1751.55,22762.82,-6643.52,182.37,495.56,-6461.15,-5965.6,,,,,
1001,1774.58,4140.65,5158.41,510.43,270.56,-186.69,-3864.42,-31853.13,1731.79,22788.1,-6658.28,181.7,470.27,-6476.58,-6006.31,,,,,
1011,1763.74,4173.06,5194.07,501.94,278.46,-217.35,-3850.14,-31666.83,1728.94,22788.66,-6826.08,183.07,694.55,-6643.01,-5948.46,,,,,
1021,1799.96,4141.21,5209.7,521.18,264.36,-181.78,-3841.73,-31619.92,1726.27,22606.9,-6787.19,182.66,626.16,-6604.53,-5978.38,,,,,
1031,1839.1,4244.59,5209.5,531.04,284.47,-182.93,-3841.16,-31748,1728.23,22790.89,-6827.72,183.27,855.72,-6644.45,-5788.73,,,,,
1041,1810.3,4143.57,5239.69,496.09,277.11,-225.84,-3876.53,-31633.07,1716.87,22663.51,-6798.38,178.81,611.7,-6619.57,-6007.87,,,,,
1051,1752.52,4186.94,5204.83,511.65,272.59,-220.74,-3857.72,-31747.78,1719.03,22722.17,-6738.88,181.21,543.49,-6557.67,-6014.18,,,,,
1061,1790.13,4098.19,5200.25,498.13,282.32,-230.06,-3873.49,-31797.03,1708.22,22813.8,-6762.37,182.9,490.45,-6579.47,-6089.02,,,,,
1071,1810.73,4140.67,5236.36,514.08,291.07,-216.82,-3890.04,-31837.63,1729.02,22824.08,-6744.94,179.48,601.52,-6565.47,-5963.95,,,,,
1081,1828.39,4157.42,5188.19,501.67,261.22,-236.96,-3866.85,-31817,1707.82,22652.56,-6639.95,181.09,376.46,-6458.86,-6082.4,,,,,
1091,1850.44,4165.55,5248.67,510.04,272.56,-214.93,-3858.61,-31919.98,1728.16,22790.63,-6638.96,177.54,572.53,-6461.42,-5888.89,,,,,
1101,1829.24,4122.8,5235.12,521.96,277.99,-199.99,-3832.41,-31957.29,1727.28,22730.16,-6589.77,183.64,454.85,-6406.13,-5951.28,,,,,
1111,1784.59,4064.54,5205.98,485.86,268.7,-200.73,-3849.2,-31714.4,1728.89,22786.29,-6789.77,183.13,560.53,-6606.64,-6046.12,,,,,
1121,1764.7,4269.15,5220.1,499.42,264.8,-209.41,-3883.68,-31718.94,1740.22,22849.35,-6860.49,182,795.71,-6678.48,-5882.77,,,,,
1131,1752.47,4215,5185.99,495.28,272.31,-214.31,-3865.06,-31668.77,1739.94,22663.38,-6786.91,182.07,576.22,-6604.84,-6028.61,,,,,
1141,1847.54,4113.04,5199.83,511.19,266.28,-216.65,-3869.96,-31701.57,1734.97,22679.28,-6820.99,181.8,563.96,-6639.19,-6075.24,,,,,
1151,1809.6,4123.24,5209.79,505.84,256.79,-224.95,-3874.93,-31735.41,1728.84,22770.47,-6764.6,183.48,569.3,-6581.12,-6011.82,,,,,
1161,1763.05,4256.62,5211.35,512.85,272.33,-208.48,-3830.44,-31801.37,1730.1,22744.62,-6735.13,184.71,650.63,-6550.42,-5899.79,,,,,
1171,1808.31,4211.78,5178.57,512.46,261.65,-190.67,-3840.64,-31727.24,1705.95,22715.24,-6823.07,185.39,635.42,-6637.68,-6002.27,,,,,
1181,1772.57,4133.52,5216.62,500.65,264.07,-200.7,-3836.31,-31716.42,1766.17,22785.79,-6858.68,184.91,685.94,-6673.78,-5987.84,,,,,
1191,1817.76,4167.74,5199.18,516.64,254.01,-179.73,-3847.64,-31658.16,1737.87,22716.53,-6848.99,184.54,724.21,-6664.45,-5940.24,,,,,
1201,1804.77,4175.68,5212.53,519.91,278.03,-190.78,-3820.61,-31734.41,1742.85,22663.68,-6765.38,182.36,651.65,-6583.02,-5931.36,,,,,
1211,1753.54,4209.88,5237.04,500.03,270.98,-212.81,-3821.53,-31812.54,1724.08,22763.01,-6762.57,187.2,611.7,-6575.37,-5963.67,,,,,
1221,1797.17,4129.45,5240.22,502.03,270,-196.91,-3883.91,-31858.04,1732.13,22727.03,-6634.37,181.34,459.16,-6453.03,-5993.86,,,,,
1231,1750.1,4183.83,5211.9,515.42,259.23,-201.41,-3853.82,-31785.89,1748.43,22726.78,-6722.41,182.92,554.57,-6539.49,-5984.92,,,,,
1241,1812.68,4120.47,5186.21,503.33,265.69,-175.55,-3878.97,-31723.87,1761.03,22711.47,-6761.58,183.45,582.49,-6578.13,-5995.64,,,,,
1251,1791.69,4191.91,5220.08,519.69,248.44,-203.07,-3855.94,-31624.31,1747.41,22601.96,-6796.93,182.35,637.85,-6614.58,-5976.73,,,,,
1261,1816.47,4161.58,5193.85,510.7,269.42,-224.19,-3876.29,-31773.8,1735.77,22744.79,-6717.97,181.44,558.3,-6536.53,-5978.23,,,,,
1271,1729.49,4136.48,5170.16,507,299.91,-162.99,-3847.25,-31667.02,1723.61,22661.88,-6771.71,185.31,551.27,-6586.4,-6035.13,,,,,
1281,1787.13,4190.84,5162.86,506.79,264.54,-199.53,-3821.92,-31706.69,1682.57,22689.78,-6770.9,182.5,556.36,-6588.4,-6032.04,,,,,
1291,1763.16,4169.21,5201.69,512.72,299.02,-206.44,-3878.77,-31624.13,1723.99,22658.09,-6765.16,181.99,618.54,-6583.18,-5964.64,,,,,
1301,1830.22,4231.01,5238.93,508.47,277.98,-206.93,-3855.26,-31612.88,1719.3,22548.38,-6759,186.16,679.22,-6572.84,-5893.62,,,,,
1311,1828.38,4181.22,5174.96,500.77,253.87,-186.19,-3873.81,-31567.96,1748.16,22567.54,-6799.68,185.81,626.94,-6613.86,-5986.93,,,,,
1321,1866.52,4192,5177.25,523.58,266.29,-198.86,-3820.17,-31600.65,1707.77,22717.91,-6887.7,184.11,831.65,-6703.59,-5871.93,,,,,
1331,1805.66,4161.02,5217.81,506.77,295.97,-180.39,-3838.27,-31560.86,1742.78,22653.93,-6844.49,183.27,804.41,-6661.23,-5856.82,,,,,
1341,1755,4155.1,5236.42,493.95,246.51,-186.6,-3853.58,-31432.45,1748.2,22703.15,-7008.22,184.51,865.71,-6823.72,-5958.01,,,,,
1351,1740.17,4252.26,5158.28,507.74,283.52,-190.98,-3885.57,-31558.46,1733.41,22658.96,-6824.8,185.25,699.33,-6639.55,-5940.22,,,,,
1361,1853.55,4177.51,5179.44,520.78,252.19,-202.71,-3876.6,-31462.29,1686.96,22593.06,-6872.56,186.05,721.89,-6686.5,-5964.61,,,,,
1371,1835.81,4156.05,5207.47,519.21,282.46,-198.15,-3875.15,-31373.18,1684.98,22661.19,-6980.95,185.3,900.69,-6795.64,-5894.95,,,,,
1381,1803.54,4157.41,5147.21,487.49,277.26,-203.12,-3881.84,-31481.51,1731.23,22690.11,-6926.78,187.18,727.77,-6739.6,-6011.83,,,,,
1391,1823.74,4196.38,5191.57,513.86,302.91,-187.54,-3894.51,-31556.23,1716.6,22639.13,-6836.66,185.37,745.9,-6651.29,-5905.39,,,,,
1401,1785.86,4113.85,5188.33,514.89,282.17,-185.53,-3858.13,-31537.6,1728.23,22712.03,-6864.2,188.56,744.11,-6675.64,-5931.53,,,,,
1411,1828.53,4119.44,5233.41,506.44,285.45,-199.52,-3877.83,-31514.76,1722.62,22560.04,-6783.24,183.53,663.82,-6599.71,-5935.89,,,,,
1421,1800.95,4208.25,5234.26,498.7,273.67,-188.26,-3854.38,-31594.64,1734.19,22673.62,-6809.17,183.73,786.36,-6625.45,-5839.08,,,,,
1431,1752.92,4174.55,5204.55,509.05,286.71,-186.23,-3867.32,-31770.01,1737.82,22590.32,-6606.75,183.56,432.38,-6423.19,-5990.82,,,,,
1441,1791.13,4206.29,5204.97,525.72,284.28,-195.06,-3883.76,-31707.12,1714.26,22618.82,-6684.05,184.56,559.53,-6499.48,-5939.96,,,,,
1451,1829.29,4149.68,5229.02,508.9,295.35,-227.5,-3842.12,-31654.28,1736.69,22574.91,-6670.39,187.63,599.95,-6482.76,-5882.82,,,,,
1461,1789.35,4159.66,5224.87,492.89,280.04,-215.45,-3877.3,-31643.42,1709.88,22559.39,-6749.32,186.16,479.91,-6563.17,-6083.26,,,,,
1471,1802.02,4218.63,5196.8,503.18,263.28,-192.58,-3937.29,-31446.82,1730.44,22567.67,-6844.44,184.2,705.33,-6660.24,-5954.91,,,,,
1481,1818.16,4133.85,5198.6,515.12,258.79,-212.73,-3868.46,-31789.63,1721.33,22781.48,-6675.96,183.48,556.5,-6492.48,-5935.99,,,,,
1491,1807.6,4188.36,5216.02,505.17,281.83,-204.86,-3914.19,-31645.22,1749.1,22717.8,-6728.41,183.81,701.62,-6544.6,-5842.98,,,,,
1501,1772.68,4189.91,5204.79,502.17,289.45,-203.06,-3855.41,-31801.97,1719.95,22662.97,-6622.21,182.54,481.48,-6439.67,-5958.19,,,,,
1511,1801.74,4128.05,5211.11,495.61,262.87,-199.43,-3845.04,-31698.41,1713.23,22764.67,-6792.45,187.33,634.39,-6605.12,-5970.73,,,,,
1521,1780.35,4109.1,5195.54,499.9,268.17,-215.37,-3838.17,-31856.69,1744.71,22829.34,-6747.65,186.24,516.88,-6561.41,-6044.54,,,,,
1531,1817.38,4084.29,5227.66,488.72,271.48,-203.42,-3859.84,-31713.02,1730.85,22759.02,-6786.74,185.83,603.14,-6600.91,-5997.77,,,,,
1541,1754.06,4191.75,5200.34,492.57,281.94,-201.64,-3860.1,-31839.42,1708.26,22713.86,-6632.68,183.88,441.62,-6448.8,-6007.18,,,,,
1551,1759.22,4085.92,5204.54,499.27,268.28,-198,-3892.48,-31756.36,1735.45,22800.95,-6744.18,180.54,506.77,-6563.64,-6056.87,,,,,
1561,1802.23,4212.06,5202.38,514.82,255.34,-190.04,-3859.28,-31899.26,1746.75,22663.53,-6605.23,184.53,448.54,-6420.7,-5972.15,,,,,
1571,1796.36,4174.66,5194.71,505.98,271.37,-216.56,-3857.64,-31632.47,1724.12,22670.62,-6748.29,187.56,631.15,-6560.73,-5929.58,,,,,
1581,1843.23,4318.29,5223.16,523.07,280.88,-192.27,-3871.86,-31759.97,1681.55,22608.87,-6630.96,186.6,654.97,-6444.36,-5789.39,,,,,
1591,1784.71,4169.21,5237.45,493.16,266.33,-196.01,-3877.62,-31590.54,1738.86,22741.15,-6845.39,186.33,766.7,-6659.05,-5892.36,,,,,
1601,1840.77,4113.68,5203.67,498.84,247.48,-202.6,-3850.67,-31704.04,1755.91,22763.7,-6792.16,186.32,666.75,-6605.84,-5939.1,,,,,
1611,1863.47,4152.47,5204.53,508.04,272.08,-176.04,-3845.12,-31481.34,1686.93,22636.84,-6885.47,191.23,821.86,-6694.24,-5872.38,,,,,
1621,1837.45,4207.8,5202.82,523.82,273.95,-184.33,-3807.66,-31543.73,1728.83,22699.18,-6911.95,192.02,938.14,-6719.93,-5781.79,,,,,
1631,1776.55,4181.09,5233.06,500.8,272.18,-212.68,-3856.16,-31770.4,1753.81,22738.41,-6731.36,188.43,616.66,-6542.93,-5926.27,,,,,
1641,1789.6,4170.04,5198.71,504.79,281.81,-214.98,-3833.45,-31614.12,1735.54,22606.63,-6784.05,183.21,624.58,-6600.84,-5976.26,,,,,
1651,1827.96,4218.7,5256.61,522.69,263.89,-187.68,-3819.2,-31776.73,1731.03,22756,-6763.35,188.81,793.27,-6574.54,-5781.27,,,,,
1661,1816.79,4134.68,5215.58,500.66,279.74,-222.08,-3867.44,-31692.72,1723.03,22831.8,-6821.45,186.22,720.06,-6635.23,-5915.18,,,,,
1671,1752.19,4199.59,5210.01,498.48,264.01,-203.28,-3897.22,-31694.86,1725.67,22711.55,-6748.29,189.46,566.14,-6558.83,-5992.68,,,,,
1681,1782.9,4187.85,5209.52,510.1,273.41,-179.31,-3881.36,-31769.34,1749.06,22741.49,-6718.34,191.68,624.31,-6526.65,-5902.34,,,,,
1691,1831.86,4198.44,5209.66,518.49,266.9,-190.47,-3869.86,-31880.84,1701.87,22667.61,-6570.9,187.05,453.66,-6383.85,-5930.19,,,,,
1701,1815.29,4144.84,5237.61,505.86,284.77,-189.74,-3860.97,-31872.46,1712.79,22857.77,-6669.86,188.19,635.77,-6481.67,-5845.91,,,,,
1711,1785.6,4188.12,5181.4,502.24,283.28,-198.41,-3831.63,-31669.36,1727.89,22622.97,-6755.31,189.57,592.11,-6565.74,-5973.63,,,,,
1721,1804.42,4209.94,5188.17,507.71,274.66,-221.24,-3857.19,-31645.59,1719.45,22761.79,-6797.74,189.19,742.14,-6608.55,-5866.41,,,,,
1731,1864.77,4286.09,5181.6,504.34,299.7,-205,-3811.79,-31636.93,1719.25,22605.72,-6806.52,191.64,807.75,-6614.88,-5807.12,,,,,
1741,1830.87,4163.85,5180.75,501.58,289.56,-182.22,-3867.03,-31522.51,1704.19,22768.35,-6940.85,188.53,867.39,-6752.33,-5884.93,,,,,
1751,1766.35,4244.6,5167.92,521.21,275.77,-192.81,-3866.9,-31755.09,1671.48,22798.92,-6787.78,192.2,631.45,-6595.58,-5964.13,,,,,
1761,1800.25,4237.42,5189.99,502.8,276.28,-207.21,-3867.98,-31432.96,1712.8,22619.14,-6937.64,190.71,830.52,-6746.93,-5916.41,,,,,
1771,1857.74,4298.01,5209.83,517.13,275.24,-209.13,-3806.91,-31628.69,1691.62,22568,-6745.03,191.2,772.84,-6553.83,-5780.99,,,,,
1781,1829.51,4198.37,5223.48,503.46,284.85,-200.63,-3829.23,-31685.01,1726.06,22643,-6745.28,192.06,693.87,-6553.22,-5859.35,,,,,
1791,1781.83,4228.08,5240.99,507.81,267.26,-196.87,-3929,-31623.6,1709.63,22766.3,-6784.96,189.96,752.44,-6595,-5842.56,,,,,
1801,1791.53,4196.94,5197.58,519.08,296.98,-240.67,-3814.29,-31664.26,1704.01,22638.9,-6733.07,190.77,625.8,-6542.3,-5916.49,,,,,
1811,1798.37,4220.23,5161.62,500.84,281.22,-199.18,-3833.69,-31603.27,1715.5,22668.42,-6795.47,187.41,710.07,-6608.06,-5898,,,,,
1821,1839.39,4264.94,5179.8,505.3,266,-214.06,-3804.44,-31717.13,1709.1,22694.11,-6720.17,186.09,723.01,-6534.09,-5811.08,,,,,
1831,1783.57,4137.01,5187.02,490.27,270.73,-193.7,-3803.82,-31568.97,1729.77,22702.69,-6822.31,187.39,734.56,-6634.92,-5900.36,,,,,
1841,1868.09,4264.75,5198.08,501.2,296.91,-197.6,-3846.59,-31595.59,1724.82,22636.92,-6768.39,190.79,850.99,-6577.6,-5726.6,,,,,
1851,1856.23,4169.68,5180.8,495.72,266.6,-193,-3820.62,-31709.17,1714.99,22618.77,-6695.46,187.78,579.99,-6507.68,-5927.69,,,,,
1861,1725.49,4156.74,5211.03,494.43,271.86,-186.46,-3855.91,-31794.42,1722.33,22773.56,-6675.07,181.49,518.66,-6493.58,-5974.93,,,,,
1871,1848.75,4186.83,5195.96,513.75,264.02,-201.53,-3886.84,-31515.16,1708.71,22658.56,-6868.79,187.26,773.06,-6681.53,-5908.47,,,,,
1881,1865.6,4220.46,5194.59,525.04,278.28,-189.28,-3826.88,-31780.12,1700.1,22613.79,-6679.76,187.77,601.57,-6491.99,-5890.41,,,,,
1891,1824.04,4237.75,5187.96,524.28,278.84,-214.47,-3892.34,-31785.24,1740.42,22603.93,-6576.99,184.55,505.17,-6392.44,-5887.27,,,,,
1901,1777.94,4180.54,5208.77,508.68,269.63,-208.95,-3855.62,-31737.76,1733.65,22692.55,-6705.97,188.33,569.43,-6517.64,-5948.21,,,,,
1911,1761.79,4212.61,5212.92,517.71,286.09,-181.51,-3844.29,-31657.09,1744.47,22710.6,-6834.99,189.79,763.3,-6645.2,-5881.9,,,,,
1921,1756.98,4261.09,5194.26,507.44,276.26,-181.56,-3837.85,-31632.25,1717.31,22663.45,-6819.29,187.28,725.14,-6632.01,-5906.87,,,,,
1931,1803.29,4205,5189.56,502.32,272.7,-205.43,-3893.41,-31600.56,1747.42,22633.14,-6782.99,186.59,654.04,-6596.4,-5942.36,,,,,
1941,1815.23,4090.08,5239.7,490.76,278.05,-219.42,-3908.96,-31619.91,1735.59,22735.41,-6818.27,185.39,636.52,-6632.88,-5996.36,,,,,
1951,1770.29,4202.91,5236.49,515.07,295.82,-175.76,-3868.38,-31493.57,1698.68,22717.02,-6935.32,189.07,898.56,-6746.25,-5847.69,,,,,
1961,1812.7,4229.73,5211.42,510.14,286.71,-185.98,-3875.24,-31497,1723.58,22710.19,-6969.69,191.18,926.25,-6778.5,-5852.26,,,,,
1971,1767.82,4247.55,5204.38,523.65,266.58,-232.73,-3861.83,-31441.49,1730.94,22746.93,-7063.05,188.16,951.79,-6874.88,-5923.09,,,,,
1981,1839.58,4171.87,5240.91,503.99,282.28,-202.39,-3871.98,-31618.89,1732.19,22614.68,-6805.82,184.38,692.24,-6621.43,-5929.19,,,,,
1991,1803.92,4195.73,5210.5,512.57,288.26,-212.77,-3890.19,-31572.68,1738.12,22755.23,-6899.37,190.17,828.7,-6709.2,-5880.5,,,,,
2001,1779.07,4244.14,5180.47,524.1,268.45,-175.05,-3816.27,-31573.74,1760.75,22660.88,-6869.65,188.78,852.81,-6680.87,-5828.06,,,,,
2011,1817.69,4208.5,5218.8,528.67,279.29,-212.77,-3876.16,-31447.01,1693.68,22670.46,-6958.69,187.95,881.14,-6770.74,-5889.6,,,,,
2021,1797.27,4286.18,5199.73,510.05,274.51,-205,-3875.98,-31802.09,1688.84,22658.73,-6642.12,186.51,532.23,-6455.61,-5923.38,,,,,
2031,1800.99,4235.34,5212.75,508.36,270.44,-210.35,-3856.56,-31582.54,1686.1,22646.96,-6809.89,187.5,711.5,-6622.39,-5910.89,,,,,
2041,1802.2,4215.79,5200.32,511.69,285.79,-229.64,-3834.82,-31621.68,1724.06,22610.54,-6791.1,187.04,664.25,-6604.07,-5939.81,,,,,
2051,1804.69,4174.15,5170.42,510.4,271.94,-199.78,-3907.42,-31518.04,1716.35,22626.24,-6848.38,183.73,648.96,-6664.66,-6015.7,,,,,
2061,1823.22,4165.34,5153.07,496.64,277.35,-189.14,-3844.02,-31754.04,1715.64,22789.24,-6790,185.89,633.31,-6604.11,-5970.8,,,,,
2071,1800.32,4254.62,5202.62,522.39,261.17,-198.21,-3856.06,-31786.49,1719.23,22714.36,-6696.46,186.61,633.94,-6509.85,-5875.91,,,,,
2081,1857.24,4134.25,5162.13,506.24,269.53,-202.08,-3829.52,-31799.04,1738.43,22800.73,-6740.29,186.82,637.91,-6553.47,-5915.55,,,,,
2091,1781.91,4140.06,5178.22,497.91,273.4,-205.58,-3850.87,-31605.68,1737.96,22671.1,-6837.68,188.38,618.44,-6649.31,-6030.87,,,,,
2101,1804.05,4185.54,5202.46,497.47,283.09,-217.4,-3877.4,-31608.77,1723.8,22609.83,-6808.38,185.36,602.65,-6623.02,-6020.37,,,,,
2111,1872.83,4169.52,5190.63,502.56,263.59,-207.84,-3849.41,-31781.13,1720.92,22661.71,-6629.7,183.2,543.38,-6446.51,-5903.13,,,,,
2121,1782.12,4164.15,5227.74,503.06,258.99,-219.44,-3878.82,-31782.83,1744.29,22648.59,-6621.34,179.03,447.84,-6442.31,-5994.47,,,,,
2131,1796.21,4193.48,5191.02,504,245.3,-207.41,-3902.68,-31784.19,1681.62,22718.24,-6656.29,182.26,435.58,-6474.03,-6038.45,,,,,
2141,1732.86,4206.79,5193.03,507.47,254.98,-201.3,-3884.58,-31743.16,1716.81,22705.24,-6667.84,182.31,488.12,-6485.54,-5997.42,,,,,
2151,1781.69,4239.53,5212.16,515.82,275.59,-233.3,-3837.44,-31688.76,1716.27,22720.53,-6778.03,191.14,702.09,-6586.89,-5884.8,,,,,
2161,1819.98,4163.45,5231.37,506.19,271.43,-190.28,-3875.3,-31527.78,1715.12,22662.11,-6879.03,185.13,776.29,-6693.9,-5917.61,,,,,
2171,1834.61,4178.09,5190.01,494.83,267.64,-214.05,-3862.06,-31440.51,1723.29,22612.98,-6910.33,184.33,784.83,-6726,-5941.17,,,,,
2181,1743.92,4160.25,5222.39,488.62,290.8,-200.26,-3843.76,-31674.01,1775.8,22705.01,-6833.17,186.09,668.76,-6647.08,-5978.32,,,,,
2191,1796.3,4184.57,5236.8,507.33,281.32,-208.61,-3846.9,-31432.16,1745.09,22657.6,-6980.62,186.63,921.33,-6793.99,-5872.66,,,,,
2201,1758.73,4120.76,5203.14,500.89,275.53,-205.4,-3842.45,-31656.98,1706.36,22710.36,-6793.47,186.01,570.93,-6607.46,-6036.53,,,,,
2211,1831.98,4228.09,5194.95,524.85,254.29,-221.15,-3835.64,-31567.82,1729.2,22590.44,-6830.68,188.22,729.19,-6642.45,-5913.26,,,,,
2221,1803.92,4252.87,5167.58,525.42,278.84,-219.8,-3869.68,-31392.59,1726.3,22636.84,-7004.64,189.72,909.7,-6814.92,-5905.22,,,,,
2231,1798.98,4173.66,5219.11,517.31,281.72,-207.84,-3882.97,-31429.5,1730.18,22602.25,-6940.07,184.69,802.9,-6755.38,-5952.48,,,,,
2241,1793.87,4217.92,5209.76,507.41,272.68,-221.34,-3849.93,-31601.84,1715.66,22650.54,-6848.97,188.16,694.73,-6660.81,-5966.08,,,,,
2251,1768.15,4240.46,5241.39,526.21,272.08,-209.6,-3875.49,-31583.39,1740.67,22716.49,-6898.66,188.26,836.99,-6710.4,-5873.41,,,,,
2261,1827.09,4121.4,5199.55,495.06,263.91,-206.15,-3758.37,-31805.92,1705.61,22724.98,-6744.16,190.37,567.15,-6553.79,-5986.64,,,,,
2271,1848.19,4188.84,5178.59,503.95,264.93,-205.2,-3860.76,-31652.46,1695.99,22582.47,-6717.63,187.93,544.55,-6529.7,-5985.15,,,,,
2281,1797.4,4190.2,5220.49,516.76,270.17,-214.49,-3816.04,-31695,1687.62,22700.43,-6840.93,190.05,657.54,-6650.88,-5993.34,,,,,
2291,1780.73,4229.28,5216.02,510.3,290.48,-225.91,-3825.35,-31730.49,1716.72,22607.71,-6758.97,188.66,569.51,-6570.31,-6000.81,,,,,
2301,1775.47,4214.68,5235.19,479.24,271.19,-216.14,-3882.99,-31736.31,1695.59,22682.38,-6713.85,185.66,518.3,-6528.19,-6009.89,,,,,
2311,1791.83,4215.37,5189.77,509.55,275.54,-209.48,-3834.13,-31825.01,1724.27,22658.61,-6641.78,185.59,496.32,-6456.18,-5959.86,,,,,
2321,1838.26,4152.18,5198.82,519.03,250.68,-214.4,-3835.85,-31604.36,1717.71,22511.64,-6688.62,185.39,533.71,-6503.23,-5969.52,,,,,
2331,1857.49,4217.18,5205.13,517.12,273.38,-199.06,-3831.7,-31731.67,1707.58,22576.7,-6690.27,186.11,592.14,-6504.16,-5912.02,,,,,
2341,1752.63,4181.34,5203.91,483.87,281,-244.72,-3802.82,-31642.7,1741.81,22742.69,-6856.27,185.65,697,-6670.62,-5973.62,,,,,
2351,1804.2,4198.24,5199.81,486.98,277.22,-213.54,-3873.79,-31663.67,1724.72,22704.14,-6765.83,183.95,644.31,-6581.88,-5937.57,,,,,
2361,1837.48,4216.03,5218.12,508.56,281.91,-206.43,-3857.32,-31782.01,1722.86,22657.8,-6639.81,182.02,596.98,-6457.79,-5860.81,,,,,
2371,1844.83,4200.97,5178.47,508.23,272.27,-244.4,-3804.69,-31699.82,1710.72,22675.41,-6792.74,186.24,642,-6606.5,-5964.51,,,,,
2381,1805.81,4198.16,5205.04,507.28,286.66,-212.24,-3870.06,-31623.02,1711.5,22641.3,-6805.43,185.3,650.42,-6620.13,-5969.71,,,,,
2391,1833.25,4260.69,5207.2,520.49,300.26,-213.46,-3856.72,-31578.08,1698.02,22562.11,-6735.26,185.77,733.77,-6549.49,-5815.72,,,,,
2401,1815.3,4225.74,5227.19,509.94,280.05,-231.63,-3885.01,-31813.13,1755.71,22618.07,-6580.21,180.18,502.22,-6400.03,-5897.8,,,,,
2411,1816.34,4180.28,5222.16,502.66,278.41,-208.61,-3865.62,-31704.88,1749.93,22688.44,-6708,180.88,659.1,-6527.13,-5868.02,,,,,
2421,1742.91,4189.01,5268.64,515.91,281.82,-209.18,-3850.41,-31937.2,1783.57,22690.73,-6548.78,178,475.81,-6370.78,-5894.97,,,,,
2431,1791.9,4198.34,5250.87,513.83,283.63,-196.27,-3849.31,-31896.42,1725.45,22626.42,-6591.78,184.81,448.43,-6406.97,-5958.54,,,,,
2441,1804.5,4154.82,5157.13,495.31,285.32,-212.26,-3871.49,-31690.65,1715.95,22756.09,-6785.48,186.57,594.72,-6598.91,-6004.19,,,,,
2451,1753.98,4147.5,5224.99,505.54,296.54,-201.08,-3857.77,-31669.65,1721.56,22723.32,-6754.62,183.11,644.94,-6571.5,-5926.57,,,,,
2461,1803.68,4164.53,5253.35,532.91,290.47,-201.11,-3848.89,-31895.44,1716.37,22710.23,-6585.33,183.95,526.1,-6401.38,-5875.28,,,,,
2471,1799.41,4102.14,5232.14,513.93,269.47,-241.85,-3865.27,-31787.69,1717.57,22625.14,-6614.3,186.52,364.98,-6427.78,-6062.8,,,,,
2481,1806.7,4192.1,5213.03,507.75,264.35,-198.9,-3816.22,-31786.91,1725.79,22622.87,-6641.79,182.66,530.55,-6459.12,-5928.58,,,,,
2491,1861.77,4220.11,5220.61,505.76,269.97,-219.64,-3862.89,-31964.76,1697.88,22616.06,-6517.85,181.94,344.86,-6335.92,-5991.06,,,,,
2501,1757.74,4246.83,5180.81,520.46,263.15,-184.79,-3841.14,-31673.14,1719.29,22700.09,-6791.32,184.75,689.3,-6606.57,-5917.26,,,,,
2511,1786.75,4314.41,5210.43,514.26,271.44,-216.84,-3859.32,-31885.91,1710,22668.72,-6587.39,182.53,513.92,-6404.86,-5890.94,,,,,
2521,1822.62,4252.4,5170.99,526.69,259.11,-215.97,-3819.26,-31668.3,1717.28,22623.66,-6740.42,181.22,669.21,-6559.2,-5889.98,,,,,
2531,1810.61,4233.93,5198.97,517.38,283.61,-169.51,-3898.13,-31703.92,1693.12,22575.92,-6673.79,179.4,541.97,-6494.4,-5952.43,,,,,
2541,1812.78,4179.42,5236.18,498.8,279.02,-207.63,-3848.87,-31856.7,1710.6,22640.34,-6589.85,179.83,443.94,-6410.03,-5966.08,,,,,
2551,1837.66,4228.82,5142.3,507.21,272.9,-165.87,-3853.01,-31653.85,1721.99,22585.44,-6705.65,183.43,623.59,-6522.22,-5898.63,,,,,
2561,1803.77,4109.78,5234.6,500.19,280.14,-190.81,-3878.56,-31730.56,1719.24,22667.69,-6695.18,182.49,515.48,-6512.69,-5997.21,,,,,
2571,1742.82,4206.54,5229.37,510.69,280.92,-224.67,-3873.11,-31897.34,1740.85,22742.82,-6593.5,178.94,458.89,-6414.56,-5955.67,,,,,
2581,1842.37,4247.2,5189.69,509.82,272.6,-225.09,-3884.39,-31780.17,1716.55,22637.63,-6653.99,177.07,526.2,-6476.92,-5950.72,,,,,
2591,1781.97,4212.9,5208.5,519.39,266.95,-169.33,-3849.66,-31861.27,1749.54,22605.36,-6597.72,184.93,464.34,-6412.79,-5948.45,,,,,
2601,1752.45,4140.2,5211.25,502.3,276.64,-217.62,-3836.69,-31858.58,1730.71,22734.6,-6647.6,181.06,435.26,-6466.54,-6031.28,,,,,
2611,1788.14,4184.21,5282.33,498.52,296.68,-202.4,-3870.88,-31713.32,1766.83,22638.99,-6696.68,181.03,669.08,-6515.65,-5846.56,,,,,
2621,1844.33,4215.9,5210.81,518.87,285.73,-196.34,-3821.91,-31795.91,1694.38,22687.96,-6707.37,182.88,643.81,-6524.49,-5880.68,,,,,
2631,1787.59,4221.97,5220.15,501.97,269.67,-209.1,-3888.41,-31936.26,1740.9,22736.67,-6568.85,180.77,445.13,-6388.08,-5942.95,,,,,
2641,1826.63,4185.81,5161.4,492.69,289.06,-188.62,-3801.87,-31817.94,1714.22,22738.76,-6696.67,183.32,600.12,-6513.36,-5913.24,,,,,
2651,1752.68,4142.68,5203.36,507.59,286.56,-200.41,-3899.46,-31882.93,1752.62,22843.84,-6718.04,179.13,506.53,-6538.91,-6032.38,,,,,
2661,1737.4,4207.47,5162.72,505.85,268.23,-179.24,-3854.46,-31815.52,1734.8,22860.1,-6768.8,185.53,627.33,-6583.26,-5955.93,,,,,
2671,1826.74,4173.2,5216.08,498.75,273.37,-224.66,-3893.53,-31950.82,1727.6,22749.98,-6556.94,179.8,396.7,-6377.14,-5980.44,,,,,
2681,1846.65,4189.97,5236.12,512.4,280.04,-238.95,-3833.44,-31965.17,1764.19,22779,-6624.39,184.34,570.81,-6440.04,-5869.23,,,,,
2691,1762.8,4196.86,5193.54,499.13,258.94,-231.75,-3878.81,-32038.67,1732.89,22758.37,-6469.43,179.1,253.29,-6290.33,-6037.04,,,,,
2701,1763.29,4184.14,5209.23,504.98,276.78,-207.65,-3898.14,-31769.45,1733.09,22652.93,-6648.14,182.89,449.2,-6465.25,-6016.05,,,,,
2711,1759.22,4187.6,5220.91,489.54,301.41,-218.48,-3874.04,-31815.72,1701.84,22749.58,-6678.94,184.22,501.85,-6494.71,-5992.86,,,,,
2721,1813.9,4205.54,5262.34,512.93,258.04,-226.63,-3892.19,-31973.68,1719,22799.74,-6575.54,181.43,478.99,-6394.11,-5915.12,,,,,
2731,1833.95,4176.96,5184.35,519.2,288.44,-216.31,-3832.78,-31883.21,1715.3,22681.12,-6624.02,185.95,467.02,-6438.07,-5971.04,,,,,
2741,1816.56,4157.13,5226.62,512.08,263.51,-231.48,-3878.86,-31867.18,1726.85,22781.75,-6620.87,181.99,506.99,-6438.88,-5931.89,,,,,
2751,1734.27,4204.79,5219.17,496.02,262.06,-225.6,-3885.75,-31848.44,1736.02,22799.42,-6668.41,184.78,491.97,-6483.62,-5991.66,,,,,
2761,1746.55,4157.73,5252.92,511.59,279.28,-247.83,-3894.15,-31728.05,1741.63,22647.37,-6630.91,179.98,467.03,-6450.93,-5983.9,,,,,
2771,1843.45,4260.55,5174.52,517.99,266.65,-208.8,-3899.03,-31554.11,1680.46,22591.89,-6809.94,185.05,673.59,-6624.89,-5951.3,,,,,
2781,1783.9,4085.53,5219.32,493.18,273.48,-219.32,-3911.96,-31817.86,1733.27,22761,-6671.3,180.6,400.55,-6490.7,-6090.16,,,,,
2791,1749.55,4177.97,5252.39,497.69,286.52,-208.04,-3846.65,-31871.61,1720.34,22695.47,-6634.61,182.66,453.62,-6451.95,-5998.32,,,,,
2801,1845.12,4168.47,5199.64,515.49,273,-188.8,-3840.32,-31867.57,1708.43,22683.04,-6611.61,184.82,496.49,-6426.79,-5930.31,,,,,
2811,1798.74,4192.54,5202.79,508.77,280.63,-192.69,-3857.92,-31850.65,1702.98,22739.67,-6660.65,184.05,524.86,-6476.6,-5951.74,,,,,
2821,1790.07,4193.43,5190.46,514.32,253.24,-217.53,-3857.17,-31910.92,1779.65,22704.91,-6581.61,182.99,440.46,-6398.61,-5958.15,,,,,
2831,1755.17,4175.63,5249.41,512.27,263.96,-223.15,-3838.62,-31946.77,1742.54,22676.39,-6522.83,182.26,366.83,-6340.56,-5973.73,,,,,
2841,1832.62,4249.6,5200.11,522.67,276.42,-190.05,-3840.24,-31823.87,1719.81,22643.94,-6630.15,188.41,591,-6441.75,-5850.75,,,,,
2851,1849.18,4167.81,5211.46,505.01,278.07,-222.87,-3802.37,-31717.75,1701.58,22659.45,-6741.27,188.17,629.57,-6553.09,-5923.52,,,,,
2861,1833.84,4140.49,5190.72,513.53,283.04,-193.95,-3851.79,-31622.5,1716.9,22650.48,-6817.98,188.42,660.76,-6629.56,-5968.8,,,,,
2871,1823.16,4205.14,5213.17,513.77,271.59,-223.63,-3840.85,-31607.85,1713.09,22686.07,-6842.64,183.84,753.67,-6658.8,-5905.13,,,,,
2881,1780.39,4255.3,5260.54,527.58,255.81,-231.25,-3836.61,-31721.86,1703.64,22663.93,-6706.89,183.14,657.49,-6523.75,-5866.26,,,,,
2891,1814.16,4213.02,5196.84,510.43,275.73,-223.2,-3852.06,-31687.63,1702.08,22644.39,-6714.11,186.31,593.77,-6527.8,-5934.03,,,,,
2901,1837.42,4119.83,5188.01,509.71,275.76,-206.8,-3845.4,-31952.16,1725.52,22721.85,-6547.38,184,373.74,-6363.38,-5989.64,,,,,
2911,1783.34,4197.02,5197.42,510.22,282.03,-238.81,-3852.52,-31765.03,1720.14,22734.28,-6721.81,187.61,568.1,-6534.2,-5966.1,,,,,
2921,1797.03,4281.11,5215.05,523.55,267.03,-219.38,-3863.08,-31717,1739.54,22754.39,-6749.77,185,778.26,-6564.77,-5786.52,,,,,
2931,1779.54,4162.05,5200.21,502.61,278.22,-219.05,-3892.07,-31793.46,1728.73,22698.08,-6678.55,182.99,444.87,-6495.56,-6050.69,,,,,
2941,1843.51,4211.48,5247.88,510.44,274.69,-215.75,-3866.89,-31730.6,1734.84,22800.53,-6785.44,185.64,810.11,-6599.8,-5789.69,,,,,
2951,1780.21,4202.64,5226.9,505.3,285.55,-209.31,-3900.84,-31707,1725.54,22741.22,-6734.94,184.35,650.2,-6550.58,-5900.38,,,,,
2961,1767.07,4156.26,5196.31,507.93,267.11,-202.54,-3872.85,-31732.93,1699.95,22754.26,-6743.78,186.77,540.55,-6557.01,-6016.46,,,,,
2971,1773.73,4298.61,5216.01,504.52,272.24,-226.5,-3823.67,-31967.78,1701.32,22763.06,-6588.62,185.99,511.54,-6402.63,-5891.09,,,,,
2981,1745.24,4180.82,5171.05,505.28,280.9,-217.75,-3865.87,-31920.3,1698.9,22751.49,-6584.22,185.85,329.78,-6398.37,-6068.59,,,,,
2991,1903.59,4138.54,5169.97,516.67,260.98,-219.41,-3853.37,-31841.81,1734.04,22728.07,-6643.96,186.1,537.29,-6457.86,-5920.58,,,,,
3001,1814.61,4207.78,5192.37,508.4,261.04,-205.6,-3893.74,-31716.84,1724.32,22665.7,-6702.59,182.31,558.02,-6520.28,-5962.26,,,,,
3011,1827,4145.69,5249.23,505.77,285.66,-210.51,-3873.69,-31870.33,1700.56,22767.58,-6604.3,180.2,526.96,-6424.1,-5897.15,,,,,
3021,1767.28,4279.81,5177.35,524.59,254.44,-227.26,-3840.66,-31607.03,1713.62,22511.65,-6722.92,190.32,553.8,-6532.6,-5978.81,,,,,
3031,1787.34,4286.01,5210.03,519.52,291.07,-211.88,-3839.78,-31551.89,1713.19,22690.92,-6869.72,184.81,894.53,-6684.91,-5790.39,,,,,
3041,1805.44,4147.14,5220.35,519.13,271.34,-216.83,-3869.34,-31645.3,1719.55,22771.07,-6875.98,189.75,722.56,-6686.23,-5963.67,,,,,
3051,1779.03,4206.66,5204.54,492.1,301.81,-201.9,-3856.61,-31638.77,1722.78,22757.04,-6848.17,186.06,766.67,-6662.11,-5895.44,,,,,
3061,1790.74,4236.98,5205.48,502.74,264.09,-218.01,-3894.5,-31351.82,1682.76,22532.44,-6923.89,183.47,750.89,-6740.42,-5989.53,,,,,
3071,1784.56,4188.86,5213.59,517.04,286.66,-223.14,-3840.8,-31756.84,1693.99,22706.47,-6721.54,185.79,570.4,-6535.75,-5965.35,,,,,
3081,1837.4,4138.21,5194.36,511.77,264.91,-209.78,-3858.13,-31587.38,1720.35,22688.44,-6851.32,183.01,700.14,-6668.31,-5968.17,,,,,
3091,1796.26,4181.69,5238.51,498.84,278.35,-228.05,-3867.8,-31690.14,1704.08,22659.75,-6701.55,181.06,571.48,-6520.49,-5949.01,,,,,
3101,1835.79,4189.89,5166.63,513.23,262.88,-206.3,-3788.39,-31528.26,1679.04,22498.25,-6810.4,190.14,622.77,-6620.27,-5997.5,,,,,
3111,1819.59,4118.57,5205.91,496.92,271.93,-200.5,-3855.49,-31574.94,1745.76,22665.64,-6856.38,185.66,693.39,-6670.72,-5977.32,,,,,
3121,1813.27,4270.97,5242.44,523.51,297.65,-199.3,-3819.1,-31826.92,1704.58,22601.92,-6617.07,189.04,609.01,-6428.02,-5819.01,,,,,
3131,1821.21,4245.23,5226.91,515.54,286.23,-188.18,-3854.39,-31708.37,1718.62,22623.46,-6714.94,183.73,686.26,-6531.21,-5844.95,,,,,
3141,1793.66,4219.74,5224.39,506.45,272.81,-200.95,-3829.19,-31549.57,1706.16,22557.58,-6840.42,186.66,701.06,-6653.76,-5952.7,,,,,
3151,1779.83,4240.88,5207.75,529.96,278.77,-220.96,-3821.4,-31564.39,1747.12,22616.68,-6823.32,188.18,794.23,-6635.13,-5840.91,,,,,
3161,1842.36,4146,5224.01,492.45,297,-198.28,-3837.3,-31772.66,1709.12,22650.08,-6682.06,186.86,552.79,-6495.2,-5942.41,,,,,
3171,1782.35,4194.75,5191.35,504.54,278.57,-199.84,-3788.64,-31645.67,1701.77,22684.68,-6783.18,185.39,703.86,-6597.78,-5893.92,,,,,
3181,1797.36,4182.82,5187.49,496.57,264.65,-180.55,-3818.5,-31517.57,1739.16,22541.58,-6827.89,187.33,693,-6640.56,-5947.56,,,,,
3191,1794.7,4156.79,5216.18,503.69,270.8,-183.4,-3856.34,-31709.55,1726.28,22712.27,-6735.44,186.73,631.43,-6548.71,-5917.28,,,,,
3201,1823.62,4224.3,5255.44,502.19,282.22,-204.86,-3817.06,-31768.33,1712.55,22640.67,-6650.77,187.77,650.74,-6462.99,-5812.25,,,,,
3211,1835.86,4197.12,5204.59,510.11,287.34,-187.83,-3842.59,-31722.4,1676.85,22654.35,-6677.59,189.36,613.41,-6488.23,-5874.82,,,,,
3221,1742.69,4113.69,5201.06,506.18,283.96,-204.64,-3834.95,-31794.47,1736.39,22764.19,-6711.71,182.45,514.09,-6529.26,-6015.17,,,,,
3231,1773.59,4177.2,5188.65,502.31,264.03,-232.46,-3859.22,-31729.32,1740.22,22739.75,-6734,183.12,564.75,-6550.88,-5986.13,,,,,
3241,1770.62,4165.11,5223.55,518.51,261.19,-217.05,-3817.64,-31716.31,1736.01,22651.6,-6697.85,187.02,575.58,-6510.83,-5935.25,,,,,
3251,1788.81,4191.16,5181.92,497.05,264.94,-205.22,-3817.9,-31729.38,1725.95,22645.02,-6640,186.26,542.33,-6453.74,-5911.42,,,,,
3261,1734.32,4272.37,5214.17,506.06,278.68,-208.04,-3836.85,-31935.08,1704.03,22657.85,-6510.85,186.64,387.52,-6324.22,-5936.69,,,,,
3271,1781.93,4277.25,5206.12,516.41,273.83,-209.05,-3838,-31908.82,1727.81,22683.27,-6582.85,186.43,510.75,-6396.42,-5885.67,,,,,
3281,1879.24,4153.56,5209.31,525.32,265.68,-202.06,-3861.38,-31891.88,1682.63,22654.23,-6569.23,186.21,414.64,-6383.02,-5968.37,,,,,
3291,1816.88,4291.2,5191.51,509.67,257.86,-189.18,-3873.16,-31819.41,1690.08,22568.44,-6581.28,182.94,443.89,-6398.34,-5954.45,,,,,
3301,1812.57,4197.76,5261.24,515.92,275.82,-220.86,-3911.81,-31673.29,1709,22605.29,-6703.85,182.95,571.65,-6520.9,-5949.26,,,,,
3311,1787.17,4205.39,5184.94,501.87,293.86,-242.67,-3845.14,-31642.28,1715.37,22560.36,-6710.05,184.34,518.87,-6525.71,-6006.84,,,,,
3321,1808.14,4218.84,5163.75,509.74,270.34,-215.37,-3826.71,-31790.48,1696.97,22732.2,-6701.13,185.94,567.4,-6515.19,-5947.79,,,,,
3331,1807.41,4154.51,5204.08,497.36,275.24,-215.15,-3907.99,-31531.93,1710.03,22711.73,-6896.49,184.24,705.29,-6712.26,-6006.96,,,,,
3341,1839.41,4193.55,5185.68,486.67,275.87,-232.15,-3836.16,-31816.28,1721.15,22687.26,-6688.41,182.73,504.99,-6505.68,-6000.69,,,,,
3351,1792.97,4111.23,5172.61,500.34,273.05,-218.04,-3804.72,-31849.35,1716.99,22781.85,-6721.08,190.86,476.94,-6530.22,-6053.27,,,,,
3361,1768.94,4153.12,5244.07,499.4,276.63,-229.86,-3828.38,-31886.55,1693.94,22815.23,-6672.77,186.51,506.54,-6486.26,-5979.72,,,,,
3371,1723.52,4185.6,5227.14,502.62,280.29,-200.05,-3847.39,-31897.64,1734.65,22706.71,-6594.85,184.15,415.45,-6410.71,-5995.26,,,,,
3381,1828.53,4178.07,5220.36,496.68,273.98,-192.94,-3872.5,-31912.32,1720.26,22676.04,-6568.25,183.02,416.16,-6385.23,-5969.07,,,,,
3391,1801.74,4226.39,5208.53,515.34,285.02,-209.53,-3828.8,-31966.69,1710.61,22631.59,-6489.58,183.02,374.21,-6306.56,-5932.35,,,,,
3401,1844.99,4201.41,5182.48,497.3,264.7,-189.57,-3828.42,-31464.81,1690.17,22533.69,-6892.04,188.36,731.94,-6703.68,-5971.75,,,,,
3411,1756.1,4207.59,5193.29,501.02,262.92,-210.91,-3846.09,-31799.16,1686.28,22736.16,-6672.38,184.05,487.21,-6488.34,-6001.13,,,,,
3421,1827.88,4135.96,5209.48,513.99,292.27,-188.15,-3856.55,-31799.29,1699.15,22721.04,-6698.09,183.31,555.78,-6514.78,-5959,,,,,
3431,1808.76,4097.16,5201.53,504.79,257.4,-198.18,-3867.25,-31697.07,1708.12,22761.24,-6778.92,182.29,576.49,-6596.63,-6020.14,,,,,
3441,1795.65,4133.24,5170.89,499.8,252.76,-183.49,-3838.39,-31572.35,1724.52,22662.04,-6849.45,183.01,644.67,-6666.44,-6021.76,,,,,
3451,1777.79,4139.16,5201.88,519.3,258.32,-226.53,-3853.49,-31765.37,1727.97,22758.07,-6719.14,185.71,537.11,-6533.43,-5996.33,,,,,
3461,1743.48,4176.8,5209.13,494.47,269.52,-227.35,-3844.47,-31719.64,1737.92,22694.09,-6677.48,187.17,533.95,-6490.31,-5956.35,,,,,
3471,1814.78,4167.91,5225.31,510.7,258.94,-208.17,-3820.63,-31816.85,1712.61,22789.22,-6700.68,186.24,633.81,-6514.45,-5880.63,,,,,
3481,1830.57,4231.63,5250.51,523.32,267.42,-214.95,-3809.22,-31689.25,1750.27,22631.74,-6733.24,182.39,772.04,-6550.86,-5778.82,,,,,
3491,1819.09,4231.59,5237.92,525.97,296.48,-237.28,-3834.72,-31683.79,1717.67,22645.73,-6777.67,184.23,718.66,-6593.44,-5874.78,,,,,
3501,1744.33,4200.32,5202.13,500.4,280.88,-230.08,-3872.16,-31924.93,1694.81,22836.22,-6662.73,183.2,431.93,-6479.54,-6047.61,,,,,
3511,1722.56,4229.48,5242.8,515.39,281.77,-213.22,-3818.27,-31732.16,1710.17,22718.31,-6775.03,187.3,656.83,-6587.72,-5930.89,,,,,
3521,1801.97,4144.29,5246.69,490.66,275.38,-211.24,-3850.15,-31696.86,1713.43,22718.47,-6777.92,186.71,632.64,-6591.21,-5958.56,,,,,
3531,1774.3,4215.02,5176.8,503.61,271.53,-200.71,-3833.19,-31616.54,1691.38,22673.64,-6790.89,188.51,655.85,-6602.38,-5946.52,,,,,
3541,1845.5,4178.87,5179.65,520.43,282.48,-187.05,-3846.29,-31662.43,1713.44,22621.44,-6718.62,182.59,646.05,-6536.03,-5889.98,,,,,
3551,1857.2,4217.12,5241.85,516.64,274.86,-205.49,-3839.59,-31797.62,1690.68,22612.71,-6623.72,186.55,568.36,-6437.17,-5868.81,,,,,
3561,1845.52,4216.59,5230.63,523.08,287.96,-232.3,-3842.65,-31760.95,1693.81,22665.11,-6675.22,185.66,626.8,-6489.56,-5862.76,,,,,
3571,1787.42,4148.31,5199.24,509.52,277.54,-201.72,-3840.49,-31670.22,1702.74,22617.41,-6710.35,185.57,529.73,-6524.78,-5995.05,,,,,
3581,1797.58,4183.16,5227.3,510.05,288.16,-227.28,-3826.63,-31727,1736.12,22707.43,-6703.67,180.84,668.89,-6522.83,-5853.94,,,,,
3591,1829.65,4184.28,5205.89,491.76,282.79,-218.5,-3845.9,-31801,1696.89,22666.52,-6654.88,182.24,492.38,-6472.64,-5980.26,,,,,
3601,1845.76,4244.79,5212.44,513.21,283.06,-225.29,-3823.02,-31702.86,1684.9,22529.46,-6653.99,184.83,562.45,-6469.16,-5906.71,,,,,
3611,1853.49,4265.16,5201.81,516.99,279.14,-242.99,-3816.54,-31705.96,1678.22,22583.17,-6635.39,184.53,612.48,-6450.87,-5838.39,,,,,
3621,1787.91,4215.3,5218.64,504.06,275.8,-226.97,-3849.22,-31511.16,1696.3,22630.27,-6863.41,186.35,740.93,-6677.06,-5936.12,,,,,
3631,1833.33,4347.41,5174.01,550.09,264.42,-203.22,-3836.53,-31601.5,1675.93,22537.88,-6701.87,185.07,741.82,-6516.81,-5774.99,,,,,
3641,1827,4296.45,5220.84,517.39,273.43,-235.66,-3814.99,-31600.91,1660.37,22500.71,-6694.32,184.85,644.63,-6509.47,-5864.83,,,,,
3651,1838.68,4238.15,5199.07,527.29,269.79,-214.1,-3781.12,-31700.4,1719.18,22541.49,-6683.01,186.39,638.04,-6496.62,-5858.58,,,,,
3661,1751.37,4208.94,5192.27,494.21,277.67,-217.77,-3879.63,-31702.3,1668.95,22618.13,-6660.46,184.5,411.83,-6475.96,-6064.13,,,,,
3671,1747.19,4140.68,5163.79,509.27,263.22,-205.6,-3840.82,-31684.15,1724.56,22661.63,-6694.2,183.65,479.79,-6510.55,-6030.76,,,,,
3681,1829.23,4121.24,5217.67,495.98,266.31,-221.24,-3863.06,-31678.41,1695.78,22551.58,-6678.46,181.43,415.08,-6497.03,-6081.94,,,,,
3691,1756.22,4239.99,5241.64,518.89,258.09,-223.44,-3865.01,-31577.46,1743.86,22704.67,-6849.23,182.47,797.45,-6666.76,-5869.32,,,,,
3701,1862.02,4196.97,5219.27,496.7,262.59,-229.37,-3827.23,-31841.95,1701.44,22623.12,-6583.83,183.73,463.54,-6400.11,-5936.57,,,,,
3711,1835.03,4186.01,5241.53,508.33,276.38,-222.59,-3860.3,-31741.78,1717.32,22573.64,-6588.25,180.55,513.58,-6407.69,-5894.11,,,,,
3721,1790.07,4205.78,5188.89,506.11,273.75,-210.2,-3846.83,-32005.38,1693.75,22726.23,-6440.34,181.65,322.18,-6258.68,-5936.51,,,,,
3731,1829.18,4140.7,5190.62,511.8,274.93,-208.21,-3909.23,-31710.21,1709.86,22700.23,-6714.39,183.5,529.68,-6530.88,-6001.2,,,,,
3741,1800.82,4125.64,5198.27,502.79,294.56,-200.15,-3826.18,-31752.35,1725.82,22629.58,-6639.91,181.76,498.82,-6458.15,-5959.33,,,,,
3751,1789.37,4201.39,5183.74,513.6,287.85,-208.19,-3841.69,-31707.62,1714.2,22611.59,-6697.33,184.24,544.23,-6513.08,-5968.85,,,,,
3761,1796.44,4184.3,5185.1,498.48,257.67,-248.72,-3820.74,-31797.47,1706.84,22741.02,-6699.7,183.78,502.92,-6515.91,-6012.99,,,,,
3771,1831.54,4158.97,5178.23,506.99,278.39,-208.24,-3840.43,-31646.9,1700.8,22667.04,-6709.72,182.22,626.38,-6527.51,-5901.13,,,,,
3781,1859,4212.78,5206.61,509.35,286.18,-229.66,-3863.76,-31836.18,1718.64,22656.61,-6545.45,180.03,519.59,-6365.42,-5845.83,,,,,
3791,1841.32,4223.72,5226.55,498.77,286.65,-234.95,-3811.71,-31740.59,1687.76,22647.36,-6638.97,184.64,624.87,-6454.33,-5829.46,,,,,
3801,1790.19,4231.57,5244.2,511.41,275.93,-257.2,-3805.58,-31858.85,1695.33,22678.92,-6641.9,184.47,505.92,-6457.43,-5951.51,,,,,
3811,1791.8,4152.97,5216.11,508.7,255.57,-235.12,-3855.93,-31731.93,1724.62,22770.3,-6703.76,183.8,597.08,-6519.96,-5922.87,,,,,
3821,1776.55,4209.7,5239.94,518.28,280.78,-226.21,-3853.04,-31697.74,1678.83,22617.2,-6669.08,183.39,544.27,-6485.69,-5941.42,,,,,
3831,1825.3,4171.57,5197.66,506.44,273.38,-210.99,-3874.24,-31748.25,1709.27,22744.68,-6714.21,182.69,594.81,-6531.52,-5936.7,,,,,
3841,1758,4221.1,5198.32,514.22,292.24,-211.62,-3839.34,-31885.73,1719.83,22793.48,-6633.61,182.48,560.49,-6451.13,-5890.64,,,,,
3851,1866.43,4137.23,5210.89,492.69,293.26,-198.04,-3885.38,-31759.18,1706.69,22647.73,-6635.32,184.4,512.31,-6450.91,-5938.6,,,,,
3861,1803.5,4229.93,5179.61,515.29,277.56,-181.11,-3898.88,-31832.31,1685.57,22656.88,-6572.57,180.64,436.04,-6391.93,-5955.89,,,,,
3871,1774.94,4120.08,5207.6,490.2,267.73,-221.37,-3853.18,-31642.56,1689.68,22722.53,-6793.56,182.75,555.64,-6610.81,-6055.17,,,,,
3881,1766.3,4203.97,5178.87,514.68,279.43,-204.46,-3876.85,-31608.94,1700.89,22695.92,-6800.69,185.99,649.8,-6614.69,-5964.89,,,,,
3891,1796.64,4189.2,5243,522.26,296.6,-197.18,-3868.23,-31652.13,1714.79,22549.31,-6721.92,184.58,594.27,-6537.34,-5943.07,,,,,
3901,1820.69,4194.85,5189.04,525.37,260.67,-214.13,-3829.3,-31708.55,1713.39,22691.63,-6703.58,185.77,643.65,-6517.82,-5874.17,,,,,
3911,1780.51,4163.21,5214.66,516.61,269.56,-204.57,-3780.69,-31959.45,1724.28,22724.4,-6567.91,184.51,448.53,-6383.4,-5934.87,,,,,
3921,1780.97,4232.93,5250.32,519.25,264.43,-194.52,-3904.46,-31608.32,1711.27,22590.08,-6702.94,181.9,641.95,-6521.04,-5879.09,,,,,
3931,1787.33,4263.81,5226.42,506.81,271.29,-229.52,-3877.08,-31763.23,1701.46,22583.02,-6599.04,181.86,470.31,-6417.18,-5946.87,,,,,
3941,1827.71,4170.21,5173.56,498.3,285.36,-194.01,-3819.95,-31799.43,1699.89,22701.17,-6654.89,183.93,542.82,-6470.96,-5928.14,,,,,
3951,1857.39,4237.59,5223.1,515.36,275.28,-216.84,-3847.58,-31720.77,1697.2,22516.55,-6627.96,187.42,537.28,-6440.54,-5903.25,,,,,
3961,1807.36,4205.67,5192.99,519.06,268.83,-222.73,-3850.25,-31731.81,1726.42,22682.53,-6694.18,183.19,598.08,-6510.98,-5912.9,,,,,
3971,1817.37,4198.61,5214.87,509.95,270.16,-226.09,-3843.03,-31744.79,1715.7,22565.72,-6585.6,185.24,478.47,-6400.37,-5921.9,,,,,
3981,1813.48,4100.69,5192.46,510.09,285.07,-221.57,-3837.58,-31725.78,1708.26,22640.49,-6650.62,183,465.61,-6467.62,-6002.02,,,,,
3991,1720.13,4137.32,5248.99,496.33,277.72,-222.33,-3797.85,-31805.99,1743.69,22704.29,-6654.76,183.14,502.29,-6471.62,-5969.33,,,,,
4001,1807.79,4064.13,5212.41,495.21,278.23,-236.82,-3817.58,-31667.15,1751.16,22668.46,-6701.19,185.25,555.84,-6515.94,-5960.1,,,,,
4011,1836.01,4108.96,5180.01,514.02,289.24,-211.23,-3858.22,-31763.17,1716.17,22699.68,-6615.39,183.32,511.46,-6432.07,-5920.61,,,,,
4021,1818.98,4113.25,5248.1,505.66,262.26,-228.31,-3836.33,-31655.95,1723.49,22638.14,-6705.41,184.34,589.29,-6521.07,-5931.78,,,,,
4031,1849.12,4151.22,5235.88,521.63,265.08,-198.91,-3837.03,-31549.73,1708.12,22621.87,-6792.13,184.77,767.26,-6607.37,-5840.11,,,,,
4041,1796.18,4191.19,5269.66,503.53,278.1,-227.37,-3833.7,-31632.69,1729.12,22619.1,-6705.45,181.53,693.12,-6523.93,-5830.8,,,,,
4051,1801.27,4194.94,5177.51,512.77,284.7,-209.55,-3856.56,-31518.02,1694.29,22516.87,-6752.74,183.42,598.22,-6569.32,-5971.1,,,,,
4061,1788.78,4150.18,5181.86,493.17,279.99,-207.16,-3835.05,-31719.33,1721.79,22679.28,-6671.79,185.76,533.52,-6486.03,-5952.51,,,,,
4071,1787.36,4227.17,5202.21,497.67,273.23,-221.59,-3873.22,-31371.36,1709.46,22579.73,-6904.71,187.61,810.66,-6717.1,-5906.45,,,,,
4081,1876.99,4187.75,5208.98,518.45,281.85,-208,-3877.45,-31779.64,1689.08,22603.61,-6585.88,180.02,501.62,-6405.87,-5904.24,,,,,
4091,1798.4,4154.88,5179.14,509.71,268.35,-198.03,-3848.08,-31720.97,1726.39,22731.24,-6752.93,183.87,601.03,-6569.06,-5968.03,,,,,
4101,1839.96,4198.69,5177.97,514.61,284.99,-218.59,-3878.67,-31633.68,1694.32,22603.61,-6740.48,186.97,583.21,-6553.51,-5970.3,,,,,
4111,1849.17,4084.36,5239.77,513.03,279.71,-233.47,-3846.25,-31758.45,1673.64,22693.51,-6690.78,186.69,495.05,-6504.08,-6009.04,,,,,
4121,1835.28,4246.95,5210.14,514.23,259.28,-219.53,-3817.57,-31533.36,1690.49,22465.02,-6772.61,186.42,650.94,-6586.19,-5935.25,,,,,
4131,1779.83,4116.67,5209.19,481.32,283.27,-208.1,-3800.05,-31548.23,1723.55,22677.13,-6875.63,186.36,714.58,-6689.27,-5974.7,,,,,
4141,1779.77,4161.27,5232.57,516.3,264.9,-233.91,-3853.86,-31712.32,1727.46,22654.98,-6663.75,180.99,537.15,-6482.77,-5945.62,,,,,
4151,1799.47,4185.02,5192.13,523.2,284.49,-214.6,-3856.27,-31580.09,1740.11,22555.66,-6724.21,183.23,629.11,-6540.98,-5911.87,,,,,
4161,1806.19,4079.76,5171.52,513.41,259.59,-211.54,-3807.54,-31755.37,1765.26,22607.5,-6614.28,185.07,428.8,-6429.21,-6000.41,,,,,
4171,1742.69,4155.43,5219.83,496.99,294.74,-214.85,-3856.48,-31841.18,1733.48,22643.68,-6582.09,180.33,374.33,-6401.76,-6027.43,,,,,
4181,1811.05,4190.77,5187.62,493.59,274.65,-199.56,-3816.68,-31846.71,1704.61,22465.2,-6488.47,182.15,264.54,-6306.31,-6041.78,,,,,
4191,1733.5,4216.81,5190.76,503.01,273.01,-198.82,-3862.07,-31633.7,1714.15,22535.42,-6677.25,185.44,472.08,-6491.81,-6019.74,,,,,
4201,1812.22,4134.28,5166.31,518.67,262.84,-197.93,-3840.3,-31787.25,1690.64,22527.81,-6564.2,184.91,287.3,-6379.29,-6092,,,,,
4211,1810.89,4146.53,5216.7,488.52,273.89,-183.16,-3820.05,-31639.23,1691.41,22519.04,-6693.68,186.47,504.52,-6507.21,-6002.69,,,,,
4221,1840.66,4201.94,5221.39,527.35,271.88,-210.05,-3846.75,-31743.75,1731.88,22561.01,-6602.23,183.58,555.55,-6418.65,-5863.1,,,,,
4231,1775.74,4144.03,5187.61,509.83,257.6,-198.52,-3854.49,-31760.63,1708.64,22560.3,-6550.68,183.9,330.11,-6366.78,-6036.67,,,,,
4241,1777.1,4207.89,5151.83,528.45,277.71,-203.25,-3863.36,-31726.57,1720.63,22565.6,-6642.47,186.77,436.03,-6455.71,-6019.68,,,,,
4251,1778.3,4181.94,5196.76,505.04,285.3,-225.35,-3829.77,-31713.93,1687.82,22551.81,-6631.09,185.73,417.93,-6445.36,-6027.43,,,,,
4261,1782.41,4176.51,5173.53,495.57,275.33,-206.69,-3850.86,-31847.28,1707,22629.43,-6561.89,182.54,334.94,-6379.34,-6044.4,,,,,
4271,1801.9,4263.37,5232.46,519.48,277.55,-200.3,-3842.38,-31685.78,1709.52,22505.48,-6668.21,184.68,581.31,-6483.53,-5902.22,,,,,
4281,1822.8,4163.45,5214.21,500.58,276.96,-196.88,-3853.67,-31645.54,1701.11,22521.47,-6659.56,184.53,504.5,-6475.03,-5970.53,,,,,
4291,1840.65,4123.14,5201.91,518.88,279.78,-193.45,-3860.93,-31866.28,1716.29,22563.34,-6518.32,182.62,323.34,-6335.7,-6012.36,,,,,
4301,1801.52,4174.59,5191.57,518.32,282,-195.02,-3854.28,-31721.06,1735.5,22563.11,-6597.6,183.56,496.26,-6414.03,-5917.77,,,,,
4311,1869.63,4212.92,5204.78,528.27,269.69,-181.63,-3834.04,-31720.56,1664.95,22474.87,-6582.34,184.65,488.87,-6397.69,-5908.82,,,,,
4321,1772.43,4192.86,5171.48,508.5,268.54,-189.89,-3862.12,-31511.11,1732.22,22427.99,-6688.11,184.16,510.89,-6503.95,-5993.05,,,,,
4331,1797.85,4129.9,5222.36,500.75,267.96,-221.82,-3799.92,-31600.91,1706.3,22538.88,-6742.46,188.57,541.34,-6553.9,-6012.56,,,,,
4341,1770.63,4129.35,5191.05,496.54,267.81,-210.6,-3863.42,-31578.89,1763.11,22606.11,-6750.6,181.23,571.69,-6569.38,-5997.69,,,,,
4351,1780.9,4207.27,5203.54,520.82,288.79,-210.6,-3827.27,-31674.19,1715.72,22571.81,-6666.33,181.13,576.78,-6485.19,-5908.42,,,,,
4361,1797.85,4285.95,5191.52,523.2,269.39,-204.03,-3857.09,-31762.25,1693.95,22497.35,-6556.01,182.15,435.82,-6373.86,-5938.04,,,,,
4371,1777.4,4063.91,5261.42,489.15,270.83,-194.4,-3845.68,-31752.87,1713.41,22625.45,-6614.43,186.27,408.61,-6428.17,-6019.55,,,,,
4381,1835.75,4202.6,5254.25,502.17,267.17,-213.07,-3867.77,-31715.16,1710.29,22557.04,-6598.43,181.98,533.26,-6416.45,-5883.2,,,,,
4391,1834.31,4118.26,5165.5,501.32,275.75,-203.88,-3860.15,-31668.98,1700.02,22569.45,-6652.93,182.47,431.6,-6470.47,-6038.86,,,,,
4401,1821.17,4165.5,5229.97,504.55,265.81,-216.74,-3865.3,-31687.77,1708.17,22482.54,-6572.19,183.55,407.89,-6388.64,-5980.76,,,,,
4411,1813.47,4139.24,5183.17,497.59,247.67,-215.97,-3819.2,-31703.37,1682.56,22611.81,-6609.42,184.87,436.97,-6424.55,-5987.58,,,,,
4421,1802.4,4110.21,5191.11,495.56,260.67,-203.27,-3848.75,-31863.14,1724.77,22588.07,-6498.93,181.72,257.62,-6317.22,-6059.59,,,,,
4431,1840.6,4168.43,5171.66,496.15,279.41,-227.65,-3845,-31717.39,1716.76,22526.53,-6615.43,184.39,409.49,-6431.04,-6021.55,,,,,
4441,1765.22,4139.67,5194.61,511.3,274.79,-203.4,-3845.65,-31780.56,1715.91,22565.72,-6525.82,180.03,337.61,-6345.78,-6008.17,,,,,
4451,1842.38,4169.94,5189.39,509.99,267.63,-198.57,-3864.91,-31569.04,1708.8,22491.79,-6679.12,185.1,547.41,-6494.02,-5946.62,,,,,
4461,1780.83,4244.27,5238.89,510.02,290.09,-215.83,-3818.09,-31611.63,1685.5,22572.33,-6766.04,185.95,676.37,-6580.09,-5903.72,,,,,
4471,1795.13,4193.1,5188.02,519.24,267.86,-222.37,-3780.49,-31865.51,1704.34,22578.46,-6521.85,184.1,377.78,-6337.75,-5959.98,,,,,
4481,1784.13,4234.53,5169.87,496.49,288.81,-201.59,-3890.37,-31504.03,1718.15,22445.02,-6739.29,183.2,541.01,-6556.08,-6015.07,,,,,
4491,1843.25,4281.08,5204.53,515.66,265.44,-241.32,-3812.19,-31614.67,1692.43,22460.56,-6678.69,187.63,594.77,-6491.05,-5896.28,,,,,
4501,1799.41,4190.44,5197.83,491.58,275.92,-230.48,-3837.62,-31624.5,1712.96,22514.69,-6630.53,183.05,490.24,-6447.48,-5957.24,,,,,
4511,1792.31,4226.68,5216.58,517.84,288.52,-234.26,-3822.96,-31734.77,1726.01,22471.53,-6570.46,185.2,447.48,-6385.26,-5937.78,,,,,
4521,1843.58,4139.96,5198.74,501.17,272.16,-230.86,-3880.86,-31865.45,1696.15,22573.4,-6465.53,184.38,247.99,-6281.14,-6033.15,,,,,
4531,1801.38,4207.03,5178.78,505.85,264.25,-219.82,-3843.54,-31754.38,1714.86,22564.7,-6567.09,183.21,419.12,-6383.88,-5964.76,,,,,
4541,1758.04,4242.8,5207.79,507.86,274.4,-210.5,-3853.99,-31726.88,1701.13,22496.91,-6573.27,182.27,397.55,-6391,-5993.45,,,,,
4551,1803.12,4196.46,5199.65,519.41,279.61,-218.31,-3847.07,-31641.46,1700.29,22604.84,-6709.86,185.68,596.54,-6524.18,-5927.63,,,,,
4561,1761.28,4110.01,5183.71,495.66,264.8,-214.7,-3822.34,-31746.15,1768.39,22626.66,-6640.04,183.75,427.32,-6456.29,-6028.97,,,,,
4571,1805.18,4125.29,5225.66,485.03,261.48,-256.44,-3800.63,-31699.54,1717.27,22500.08,-6595.98,186.03,363.38,-6409.95,-6046.57,,,,,
4581,1854.76,4161.1,5223.91,518.77,291.49,-208.1,-3804.71,-31727.06,1727.87,22530.55,-6630.9,184.56,568.58,-6446.34,-5877.76,,,,,
4591,1797.65,4141.22,5228.85,496.96,273.78,-211.45,-3866.9,-31700.69,1715.79,22577.14,-6677.42,184.68,452.35,-6492.74,-6040.39,,,,,
4601,1787.09,4191.7,5179,501.87,278.8,-212.04,-3863.03,-31664.13,1704.85,22610.09,-6725.24,186.62,514.2,-6538.62,-6024.42,,,,,
4611,1774.43,4173.74,5226.56,507.76,301.2,-228.54,-3871.44,-31701.45,1750.27,22617.84,-6701.28,189.25,550.37,-6512.04,-5961.67,,,,,
4621,1837.37,4149.05,5201.81,490.6,275.45,-211.74,-3827.63,-31792.38,1701.07,22585.95,-6595.77,180.57,409.54,-6415.2,-6005.66,,,,,
4631,1746.66,4121.1,5226.04,513.19,267.36,-213.82,-3890.23,-31744.06,1692.36,22695.85,-6708.61,187.23,414.44,-6521.38,-6106.94,,,,,
4641,1855.6,4199.26,5230.54,504.92,262.89,-212.61,-3853.16,-31769.51,1740.4,22601.11,-6603.52,186.2,559.43,-6417.33,-5857.9,,,,,
4651,1803.62,4078.09,5212.12,500.53,256.99,-211.54,-3817.75,-31742.1,1715.37,22649.11,-6623.49,188.07,444.44,-6435.42,-5990.99,,,,,
4661,1819.22,4233.69,5207,517.17,265.27,-215.99,-3866.19,-31539.04,1695.02,22502.5,-6727.97,187.55,618.66,-6540.42,-5921.76,,,,,
4671,1854.93,4161.2,5206.18,530.12,278.95,-196.95,-3823.68,-31583.46,1719.19,22504.02,-6646.42,185.87,650.5,-6460.55,-5810.05,,,,,
4681,1816.38,4196.99,5194.09,497.67,282.74,-227.22,-3869.04,-31753.32,1709.52,22681.43,-6692.17,183.99,529.24,-6508.18,-5978.94,,,,,
4691,1817.88,4240.59,5223.28,521.4,283.12,-218.97,-3910.14,-31685.68,1723.36,22559.16,-6650.22,184.51,554.01,-6465.72,-5911.71,,,,,
4701,1789.95,4193.4,5209.19,497.96,266.29,-222.07,-3837.09,-31744.86,1740.29,22625.08,-6657.42,184.51,518.15,-6472.91,-5954.76,,,,,
4711,1837.69,4267,5191.46,514.82,277.25,-202.54,-3863.91,-31711.62,1683.39,22577.75,-6644.86,185.53,571.3,-6459.33,-5888.03,,,,,
4721,1776.68,4172.68,5239.69,491.2,277.89,-194.24,-3900.41,-31699.53,1693.82,22621.53,-6629.15,185.78,479.32,-6443.37,-5964.06,,,,,
4731,1819.81,4177.84,5192.97,502.48,279.03,-228.22,-3814.86,-31864.51,1744.81,22614.26,-6546.01,183.16,423.63,-6362.85,-5939.23,,,,,
4741,1839.33,4208.49,5269.59,491.94,305.9,-226.83,-3815.19,-31677.18,1722.66,22757.47,-6810.58,186.8,876.18,-6623.78,-5747.6,,,,,
4751,1820.43,4183.43,5239.24,520.09,294.46,-201.46,-3834.85,-31753.92,1731.74,22623.31,-6630.36,180.16,622.46,-6450.2,-5827.74,,,,,
4761,1822.48,4136.73,5236.01,492.9,267.3,-227.9,-3805.26,-31928.83,1725.92,22703.07,-6571.36,184.39,422.41,-6386.97,-5964.56,,,,,
4771,1820.19,4167.71,5223.77,495.12,294.09,-228.8,-3803.32,-31856.83,1727.91,22662.52,-6606.05,185.22,502.35,-6420.83,-5918.48,,,,,
4781,1860.15,4077.99,5234.07,512.71,269.51,-228.3,-3809.12,-31874.06,1718.56,22673.5,-6564,185.92,435.01,-6378.08,-5943.07,,,,,
4791,1832.72,4138.23,5217.45,505.21,257.05,-186.22,-3841.12,-31804.75,1689.17,22603.11,-6583.01,184.59,410.87,-6398.42,-5987.55,,,,,
4801,1792.64,4124.52,5219.03,507.41,268.51,-225.24,-3774.69,-31708.69,1728.07,22568.7,-6645.96,191.82,500.24,-6454.14,-5953.9,,,,,
4811,1823.65,4183.51,5211.16,504.9,267.82,-193.88,-3857.38,-31811.36,1686.8,22604.2,-6573.45,188.34,419.41,-6385.1,-5965.69,,,,,
4821,1853.82,4133.68,5246.13,508.39,287.7,-219.16,-3798.69,-31577.39,1709.99,22479,-6642.32,186.61,623.48,-6455.72,-5832.24,,,,,
4831,1846.05,4159.54,5253.84,501.97,255.54,-207.65,-3811.79,-31669.59,1697.5,22444.75,-6612.74,185.15,470.15,-6427.59,-5957.44,,,,,
4841,1777.31,4179.37,5191.92,488.01,268.08,-228.43,-3865.33,-31674.2,1687.26,22526.13,-6618.13,183.47,350.13,-6434.66,-6084.53,,,,,
4851,1811.44,4173.07,5226.66,506.46,285.33,-219.84,-3818.45,-31612.27,1743.88,22594.9,-6773.57,188.2,691.17,-6585.37,-5894.2,,,,,
4861,1801.86,4192.88,5200.24,504.85,264.3,-215.21,-3906.89,-31596.3,1710.58,22648.6,-6752.69,184.43,604.9,-6568.26,-5963.37,,,,,
4871,1729.96,4165.05,5194.02,520,276.79,-217.88,-3826.02,-31707.32,1729.95,22692.36,-6765.77,187.96,556.91,-6577.81,-6020.9,,,,,
4881,1815.17,4242.73,5168.57,511.29,286.96,-223.58,-3824.04,-31561.25,1696.34,22579.3,-6826.53,189.34,691.49,-6637.19,-5945.69,,,,,
4891,1779.99,4180.61,5229.87,496.77,272.75,-230,-3854.44,-31654.07,1714.06,22610.43,-6747.58,189.2,545.96,-6558.38,-6012.42,,,,,
4901,1808.52,4253.38,5268.13,497.48,265.84,-245.88,-3820.56,-31673.36,1735.15,22570.36,-6720.55,188.26,659.07,-6532.29,-5873.22,,,,,
4911,1798.88,4229.33,5197.25,493.34,284.8,-190.74,-3900.63,-31838.31,1728.98,22633.33,-6602.99,183.83,436.24,-6419.16,-5982.93,,,,,
4921,1834.37,4204.6,5251.15,497.84,291.84,-249.39,-3881.38,-31793.52,1727.55,22690.83,-6634.46,185.32,573.89,-6449.14,-5875.25,,,,,
4931,1739.69,4261.26,5166,491.83,267.9,-231.6,-3845.78,-31841.45,1734.61,22786.75,-6707.14,189.04,529.21,-6518.11,-5988.9,,,,,
4941,1863.58,4061.98,5206.07,494.95,272.63,-221.06,-3811.12,-31840.04,1728.64,22776.6,-6689.48,187.63,532.24,-6501.84,-5969.6,,,,,
4951,1819.83,4152.49,5207.57,496.64,268.98,-215.87,-3872.28,-31970.75,1727.07,22691.09,-6512.94,184.47,304.77,-6328.47,-6023.7,,,,,
4961,1797.5,4145.78,5214.93,500.45,276.96,-217.71,-3770.49,-31788.27,1721.7,22844.61,-6799.56,191.48,725.46,-6608.08,-5882.63,,,,,
4971,1805.95,4205.02,5216.72,509.22,263.42,-213.77,-3865.36,-31577.88,1735.02,22763.29,-6910.45,190.72,841.64,-6719.73,-5878.09,,,,,
4981,1826.72,4200.51,5252.92,500.62,272.53,-235.54,-3840.95,-31744.49,1718.38,22709.93,-6730.69,188.82,660.64,-6541.87,-5881.23,,,,,
4991,1820.06,4161.14,5203.35,514.17,262.41,-196.85,-3839.52,-31811.03,1708.74,22702.81,-6667.72,187.12,525.3,-6480.6,-5955.3,,,,,
5001,1829.26,4133.15,5233.83,508.01,284.61,-207.86,-3821.54,-31686.31,1705.4,22803.33,-6839.54,191.85,781.88,-6647.69,-5865.81,,,,,
5011,1798.34,4230.6,5174.39,506.34,271.48,-215.27,-3830.73,-31484.79,1705.61,22632.7,-6918.31,185.7,788.68,-6732.61,-5943.93,,,,,
5021,1814.05,4146.75,5199.56,500.23,261.48,-189.71,-3855.94,-31541.99,1703.05,22788.55,-6949.11,190.16,826.03,-6758.95,-5932.92,,,,,
5031,1774.95,4218.6,5209.66,505,252.3,-239.18,-3834.04,-31614.11,1706.82,22717.51,-6816.77,189.04,697.5,-6627.72,-5930.22,,,,,
5041,1890.47,4191.82,5209.95,489,265.02,-211.04,-3807.14,-31645.58,1684.27,22616.89,-6787.41,192.43,683.66,-6594.98,-5911.32,,,,,
5051,1796.7,4170.7,5197.42,502.82,275.75,-212.14,-3836.09,-31545.18,1703.98,22791.19,-6963.57,190.63,845.14,-6772.94,-5927.8,,,,,
5061,1803.7,4183.04,5243.87,508.12,300.96,-225.3,-3825.76,-31792.65,1708.02,22752.35,-6732.92,186.61,656.35,-6546.31,-5889.96,,,,,
5071,1803.27,4162.06,5220.9,501.73,270.38,-236.49,-3824.83,-31525.86,1714.5,22549.71,-6850.51,193.03,635.36,-6657.48,-6022.12,,,,,
5081,1836.44,4209.1,5234.85,519.8,248.76,-206.09,-3817.44,-31725.9,1711.4,22502.16,-6608.34,188.42,513.08,-6419.92,-5906.84,,,,,
5091,1795.26,4136.27,5254.77,512.95,278.7,-203.64,-3850.22,-31593.3,1721.28,22643.52,-6807.34,187.76,695.6,-6619.59,-5923.99,,,,,
5101,1826.65,4261.49,5213.35,516.03,254.19,-234.26,-3853.74,-31522.52,1699.62,22561.14,-6787.63,189.33,721.96,-6598.3,-5876.34,,,,,
5111,1758.71,4194.17,5230.61,503.22,275.76,-237.56,-3851.64,-31635.52,1741.94,22691.25,-6816.64,186.5,670.94,-6630.14,-5959.2,,,,,
5121,1792.9,4232.56,5226.37,497.28,275.75,-208.19,-3839.12,-31515.7,1706.67,22579.46,-6856.4,188.1,747.97,-6668.3,-5920.33,,,,,
5131,1817.63,4081.4,5177.31,514.74,262.2,-203.54,-3877.46,-31397.73,1689.86,22731.34,-7067.3,190.25,795.75,-6877.05,-6081.3,,,,,
5141,1772.99,4197.66,5223.04,489.69,253.82,-237.2,-3854.6,-31575.16,1713.81,22753.7,-6912.63,187.3,737.76,-6725.33,-5987.57,,,,,
5151,1788.8,4189.14,5181.3,508.52,289.63,-225.65,-3840.92,-31531.59,1724.66,22647.47,-6825.66,186.68,731.36,-6638.98,-5907.61,,,,,
5161,1794.93,4199.95,5242.19,499.8,284.47,-225.3,-3854.77,-31367.3,1724.9,22620.69,-6981.9,186.95,919.56,-6794.95,-5875.39,,,,,
5171,1845.2,4195.27,5245.51,495.52,284.1,-255.3,-3851.29,-31574.91,1700.65,22614.1,-6828.91,186.33,698.84,-6642.58,-5943.74,,,,,
5181,1757.89,4266.24,5230.87,507.26,280.53,-225.35,-3875.31,-31699.14,1745.48,22841.34,-6796.53,183.81,829.81,-6612.71,-5782.91,,,,,
5191,1832.78,4249,5253.11,513.95,276.89,-222.03,-3861.6,-31701.4,1696.54,22748.53,-6755.79,184.41,785.77,-6571.37,-5785.61,,,,,
5201,1847.25,4139.08,5214.79,509.29,284.23,-252.32,-3816.76,-31644.5,1689.16,22785.81,-6864.34,189.41,756.03,-6674.93,-5918.9,,,,,
5211,1738.01,4259.81,5228.78,501.21,313.96,-216.34,-3852.8,-31672.09,1730.43,22699.48,-6764.66,185.05,730.45,-6579.62,-5849.17,,,,,
5221,1803.56,4218.19,5204.48,492.92,287.66,-235.15,-3862.91,-31998.61,1688.16,22817.4,-6585.55,187.64,415.71,-6397.9,-5982.2,,,,,
5231,1795.18,4213.69,5231.35,504.99,274.36,-233.48,-3785.02,-31816.98,1763.59,22739.7,-6686.75,189.19,687.38,-6497.56,-5810.19,,,,,
5241,1844.86,4270.09,5237.91,505.87,280.72,-233.34,-3838.01,-31579.24,1711.61,22615.28,-6806.83,186.2,815.76,-6620.63,-5804.87,,,,,
5251,1829.12,4226.67,5217.48,503.14,276.91,-200.96,-3835.53,-31526.23,1727.61,22592.52,-6805.99,192.85,810.72,-6613.14,-5802.42,,,,,
5261,1830.28,4148.79,5212.89,501.82,272.74,-212.23,-3821.41,-31888.52,1707.37,22696.33,-6558.47,186.04,448.05,-6372.43,-5924.38,,,,,
5271,1801.7,4196.12,5243.78,512.16,280.7,-213.64,-3807.65,-31734.61,1696.84,22577.79,-6662.99,188.5,553.19,-6474.5,-5921.31,,,,,
5281,1832.22,4198.86,5227.29,514.65,275.29,-232.55,-3839.49,-31756.04,1682.22,22754.78,-6733.93,184.74,657.23,-6549.19,-5891.96,,,,,
5291,1825.42,4161.58,5238.5,507.68,282.76,-255.68,-3852.72,-31667.9,1680.36,22604.17,-6689.96,188.99,524.18,-6500.97,-5976.79,,,,,
5301,1835.04,4282.2,5209.51,522.14,272.51,-178.31,-3843.66,-31771.21,1707.7,22616.68,-6636.72,184.1,652.6,-6452.62,-5800.02,,,,,
5311,1787.4,4199.4,5201.84,510.23,265.58,-219.83,-3835.43,-31663.85,1707.38,22613.04,-6750.5,186.44,565.76,-6564.06,-5998.3,,,,,
5321,1738.67,4213.15,5203.4,503.86,276.85,-225.36,-3834.43,-31918.9,1728.79,22651.32,-6585.36,185.19,337.35,-6400.17,-6062.81,,,,,
5331,1784.18,4177.77,5181.23,504.58,284.62,-245.24,-3857.7,-31787.15,1735.85,22625.48,-6658.75,187.33,403.61,-6471.42,-6067.81,,,,,
5341,1769.59,4220.19,5238.4,524.39,285.31,-235,-3820.3,-31817.25,1709.06,22661.67,-6672.57,187.14,536.05,-6485.43,-5949.37,,,,,
5351,1888.57,4213.41,5238.74,493.46,272,-235.85,-3858.09,-31813.23,1686.22,22752.17,-6713.76,187.73,637.39,-6526.03,-5888.64,,,,,
5361,1751.06,4228.47,5221.09,483.38,271.68,-205.16,-3866.56,-31857.69,1723.31,22720.39,-6609.53,182.78,469.98,-6426.75,-5956.77,,,,,
5371,1853.2,4189.56,5204.78,505.89,274.51,-233.43,-3882.78,-31847.01,1678.16,22745.23,-6656.54,185.96,488.11,-6470.58,-5982.47,,,,,
5381,1768.91,4191.8,5199.85,507.11,272.21,-234,-3848.41,-31991.12,1723.65,22765.07,-6522.27,185.39,355.06,-6336.89,-5981.83,,,,,
5391,1812.02,4215.06,5244.89,487.42,273.56,-233.71,-3820.76,-31942.94,1717.34,22652.9,-6521.62,184.31,405.8,-6337.31,-5931.52,,,,,
5401,1809.31,4246.92,5183.05,502.63,258.35,-229.99,-3811.2,-31890.45,1736.34,22623.15,-6554.34,187.71,428.11,-6366.64,-5938.53,,,,,
5411,1833.88,4170.47,5167.62,518.32,282.48,-225.11,-3790.94,-31839.33,1735.3,22739.03,-6648.94,189.39,591.71,-6459.55,-5867.84,,,,,
5421,1816.34,4167.06,5204.92,500.37,283.71,-200.64,-3845.1,-32077,1713.92,22721.58,-6422.92,186.59,285.17,-6236.34,-5951.17,,,,,
5431,1773,4194.53,5205.39,514.19,289.9,-213.53,-3870.27,-31929.97,1744.39,22773.11,-6549.02,186.2,480.73,-6362.82,-5882.09,,,,,
5441,1742.95,4128.95,5207.12,492.58,268.32,-236.48,-3799.54,-32048.47,1750.02,22845.81,-6563.24,187.04,351.25,-6376.2,-6024.94,,,,,
5451,1818.99,4179.89,5202.15,505.79,267.26,-230.44,-3902.13,-31673.56,1697.41,22673.58,-6724.42,183.67,538.93,-6540.75,-6001.82,,,,,
5461,1744.08,4156.95,5225.54,493.9,294.96,-219.76,-3829.56,-31830.12,1730.81,22640.06,-6632.6,186.35,406.86,-6446.25,-6039.39,,,,,
5471,1769.16,4210.18,5223.64,513.75,264.17,-245.1,-3770.55,-31754.37,1734.23,22774.55,-6797.31,191.61,719.66,-6605.7,-5886.04,,,,,
5481,1767.45,4237.21,5219.07,506.32,269.15,-220.73,-3794.29,-31866.27,1735.9,22735.78,-6626.98,186.56,589.59,-6440.42,-5850.83,,,,,
5491,1752.11,4193.2,5210.56,506.29,271.8,-251.57,-3823.05,-31862.64,1748.36,22675.17,-6584.36,185.54,420.25,-6398.82,-5978.57,,,,,
5501,1790.6,4179.91,5181.05,496.86,264.99,-217.73,-3833.93,-31778.69,1702.45,22657.47,-6628.87,189.02,442.97,-6439.84,-5996.87,,,,,
5511,1779.38,4202.64,5199.84,505.27,294.02,-230.62,-3862.74,-31839.68,1707.69,22636.89,-6569.77,187.58,392.7,-6382.19,-5989.5,,,,,
5521,1789.74,4242.99,5188.3,508.09,273.22,-234.54,-3858.87,-31792.84,1688.34,22605.81,-6639.22,186.72,410.24,-6452.5,-6042.26,,,,,
5531,1775.16,4191.64,5180.82,505.18,273.16,-218.48,-3895.55,-31908.7,1745.92,22664.99,-6540.72,182.79,314.14,-6357.93,-6043.78,,,,,
5541,1826.91,4146.82,5225.75,510.01,258.53,-223.98,-3798.55,-32061.9,1701.29,22718.29,-6472.74,183.82,303.17,-6288.91,-5985.74,,,,,
5551,1787.5,4126.38,5301.18,505.75,259.84,-216.29,-3806.38,-31832.23,1743.14,22664.8,-6595.04,186.35,533.71,-6408.68,-5874.98,,,,,
5561,1760.91,4222.94,5240.91,491.26,276.56,-244.71,-3841.02,-31763.59,1718.15,22681.78,-6685.64,188.4,543.19,-6497.24,-5954.05,,,,,
5571,1780.79,4166.69,5243.22,514.92,276.84,-230.36,-3782.9,-31728.9,1685.66,22637.82,-6732.57,191.99,563.78,-6540.58,-5976.8,,,,,
5581,1779.2,4128.37,5243.9,507.91,287.06,-212.85,-3773.91,-31523.92,1722.22,22598.07,-6878.05,188.37,756.05,-6689.68,-5933.64,,,,,
5591,1780.82,4160.2,5208.36,505.7,280.26,-230.25,-3786.77,-31745.02,1697.05,22681.75,-6726.73,193.72,552.1,-6533.01,-5980.91,,,,,
5601,1843.88,4245.26,5257.18,499.7,270.04,-227.45,-3815.26,-31544.73,1697.99,22554.8,-6783.44,188.19,781.42,-6595.25,-5813.83,,,,,
5611,1824.35,4049.29,5246.88,503.57,279.64,-215.34,-3739.36,-31595.32,1714.23,22617.51,-6852.31,190.28,685.47,-6662.03,-5976.56,,,,,
5621,1750.61,4223.23,5238.21,508.73,263.32,-223.46,-3843.96,-31704.02,1695.76,22578.89,-6695.45,189.08,487.32,-6506.37,-6019.05,,,,,
5631,1894.67,4165.54,5189.68,499.14,281.28,-216.14,-3778.92,-31885.38,1726.06,22554.61,-6521.29,186.37,430.54,-6334.92,-5904.38,,,,,
5641,1830.03,4199.13,5243.63,520.75,268.7,-251.89,-3870.25,-31621.8,1701.19,22542.28,-6728.47,186.75,561.77,-6541.73,-5979.96,,,,,
5651,1846,4223.22,5262.63,511.1,284.36,-211.67,-3849.58,-31610.49,1705.67,22559.38,-6744.08,190.62,720.61,-6553.46,-5832.85,,,,,
5661,1792.98,4132.64,5201.08,510.47,275.35,-223.09,-3787.87,-31824.21,1729.51,22684.07,-6654.86,187.13,490.93,-6467.73,-5976.8,,,,,
5671,1780.28,4162.25,5242.04,506.12,280.9,-257.34,-3831.17,-31644.4,1707,22624.6,-6769.19,189.36,570.27,-6579.82,-6009.55,,,,,
5681,1814.31,4172.5,5265.17,505.17,274.09,-242.72,-3838.73,-31817.84,1696.12,22674.62,-6616.42,188.19,502.69,-6428.23,-5925.54,,,,,
5691,1848.17,4194.94,5213.97,498.77,253.52,-240.03,-3835.67,-31790.7,1729.02,22587.55,-6601,185.73,459.53,-6415.27,-5955.73,,,,,
5701,1829.37,4243.73,5203.02,509.07,296.34,-226.66,-3867.78,-31811.5,1701.08,22643.67,-6662.96,184.26,520.34,-6478.7,-5958.36,,,,,
5711,1873,4257.92,5212.05,509.79,252.99,-248.68,-3782.73,-31692.56,1729.19,22557.48,-6682.63,188.83,668.45,-6493.8,-5825.35,,,,,
5721,1758.6,4174.06,5180.57,512.6,279.33,-226.09,-3877.97,-31777.95,1701.07,22685.91,-6663.97,184.33,410.13,-6479.64,-6069.51,,,,,
5731,1787.74,4260.47,5236.83,510.95,277.69,-241.19,-3776.93,-31886.48,1727.39,22484.62,-6557.35,189.69,381.09,-6367.66,-5986.57,,,,,
5741,1767.02,4239.04,5207.54,521.73,265.13,-237.69,-3843.03,-31768.19,1694.53,22649.2,-6628.81,189.03,495.28,-6439.77,-5944.49,,,,,
5751,1799.02,4144.91,5222.06,515.46,274.27,-258.98,-3732.16,-31861.93,1708.67,22583.1,-6605.95,191.42,394.42,-6414.53,-6020.1,,,,,
5761,1761.71,4172.14,5216.66,495.29,274.53,-222.4,-3791.69,-31991.18,1708.04,22750.93,-6532.68,185.5,374.03,-6347.18,-5973.16,,,,,
5771,1825.39,4094.62,5211.8,504.93,253.28,-222.73,-3837.76,-31752.45,1741.04,22708.28,-6656.16,186.26,526.4,-6469.9,-5943.5,,,,,
5781,1808.69,4249.05,5188.28,510.13,260.79,-254.88,-3812.97,-31621.51,1704.3,22497.26,-6668,191.15,529.15,-6476.85,-5947.7,,,,,
5791,1834.9,4172.62,5213.79,502.66,271.81,-226.79,-3793.5,-31758.26,1681.42,22546.23,-6591.54,186.79,444.89,-6404.76,-5959.87,,,,,
5801,1760.33,4226.3,5185.74,522.37,260.81,-226.48,-3852.85,-31777.79,1680.8,22653.72,-6586.72,184.14,432.95,-6402.57,-5969.63,,,,,
5811,1791.68,4125.07,5200.31,505.63,270.33,-247.05,-3873.96,-31647.73,1728.39,22601.27,-6718.59,188.15,453.94,-6530.44,-6076.49,,,,,
5821,1762.98,4189.27,5221.66,506.27,275.27,-220.85,-3823.44,-31695.53,1712.09,22635.47,-6721.74,184.98,563.19,-6536.76,-5973.57,,,,,
5831,1815.2,4230.18,5235.12,517.69,287.82,-230.31,-3812.79,-31771.67,1741.44,22560.88,-6606.55,182.79,573.57,-6423.75,-5850.19,,,,,
5841,1779.66,4226.85,5241.56,502.3,269.35,-243.08,-3839.9,-31769.11,1698.89,22655.33,-6684.24,182.83,521.84,-6501.41,-5979.57,,,,,
5851,1830.47,4225.48,5195.09,499.22,256.55,-222.89,-3841.9,-31852.5,1698.15,22628.82,-6579.68,184.97,416.49,-6394.71,-5978.22,,,,,
5861,1766.77,4234.13,5208.77,503.83,274.04,-239.12,-3859.47,-31711.35,1732.55,22679.05,-6727.55,182.05,589.2,-6545.5,-5956.29,,,,,
5871,1856.02,4231.06,5238.73,517.06,274.67,-222.77,-3890.62,-31851.48,1712.27,22654.04,-6571.9,183.08,518.98,-6388.83,-5869.85,,,,,
5881,1839.93,4118.93,5208.71,499.03,290.78,-223.46,-3860.91,-31988.42,1674.73,22668.32,-6504.62,182.88,227.63,-6321.73,-6094.1,,,,,
5891,1766.83,4265.7,5215.87,511.47,266.61,-242.35,-3857.79,-31872.08,1720.71,22653.3,-6586.62,182.92,428.27,-6403.71,-5975.44,,,,,
5901,1780.13,4168.17,5195.51,505.75,277.91,-248.94,-3833.31,-31855.85,1758.43,22716.11,-6637.52,184.12,463.9,-6453.4,-5989.49,,,,,
5911,1859.52,4121.85,5222.85,500.22,282.15,-219.37,-3850.8,-31613.63,1718.98,22660.56,-6831.36,188.36,682.32,-6643,-5960.68,,,,,
5921,1871.04,4206.35,5165.97,508.34,275.42,-215.87,-3842.86,-31646.01,1693.61,22690.68,-6893.28,188.69,706.66,-6704.59,-5997.93,,,,,
5931,1772.22,4136.02,5257,503.54,274.52,-213.11,-3845.67,-31652.35,1723.86,22674.41,-6776.68,183.65,630.44,-6593.03,-5962.59,,,,,
5941,1780.28,4162.51,5204.66,504.15,277.97,-247.92,-3804.36,-31999.2,1761.39,22787.43,-6552.73,185.13,426.92,-6367.6,-5940.68,,,,,
5951,1774.7,4152.3,5223.38,492.63,265.46,-230.88,-3822.36,-31788.96,1747.72,22547.98,-6638.41,187.98,361.97,-6450.43,-6088.46,,,,,
5961,1778.09,4222.03,5229.77,499.94,283.25,-228.21,-3829.43,-32023.56,1702.57,22711.46,-6483.5,184.75,345.9,-6298.75,-5952.85,,,,,
5971,1743.14,4194.05,5229.77,504.69,261.41,-258.27,-3822.85,-31845.4,1730.05,22733.59,-6685.64,189.96,470.19,-6495.67,-6025.48,,,,,
5981,1793.35,4202.68,5184.91,491.42,258.61,-223.74,-3876.65,-31857.83,1723.98,22791.29,-6672.05,184.94,488.02,-6487.11,-5999.09,,,,,
5991,1822.25,4195.33,5163.13,522.09,271.73,-261.08,-3802.02,-31792.66,1696.16,22649.57,-6685.24,187.7,464.5,-6497.54,-6033.04,,,,,
6001,1853.72,4180.89,5255.61,516.89,263.71,-223.53,-3851.81,-31877.14,1691.48,22637.1,-6549.51,189.98,446.93,-6359.53,-5912.6,,,,,
6011,1832.82,4217.07,5209.06,509.32,289.52,-226.41,-3850.41,-31937.54,1711.61,22634.62,-6519.1,187.41,389.67,-6331.69,-5942.02,,,,,
6021,1827.05,4232.13,5190.59,528.16,260.21,-201.88,-3797.81,-31870.6,1697.22,22656.8,-6561.65,186.51,521.88,-6375.13,-5853.26,,,,,
6031,1791.07,4114.04,5211.52,505.32,290.16,-237.67,-3848.5,-31835.96,1726.97,22736.92,-6636.61,187.7,453.86,-6448.92,-5995.05,,,,,
6041,1808.44,4134.72,5218.57,503.4,281.98,-227.12,-3837.25,-31785.33,1748.52,22707.35,-6645.78,185,553.28,-6460.79,-5907.51,,,,,
6051,1780.71,4082.22,5221.25,505.57,269.29,-227.79,-3848.36,-32024.74,1727.16,22726.99,-6463.03,185.27,212.31,-6277.75,-6065.44,,,,,
6061,1788.74,4214.04,5181.55,496.7,272.75,-204.49,-3885.78,-32042.87,1683.61,22728.18,-6462.38,183.23,232.43,-6279.15,-6046.72,,,,,
6071,1763.32,4127.46,5189.87,508.1,261.97,-214.53,-3868.14,-31928.96,1727.09,22709.74,-6541.77,183.53,275.91,-6358.25,-6082.33,,,,,
6081,1850.19,4083.6,5202.21,508.22,269.86,-199.18,-3782.87,-31650.85,1735.75,22637.22,-6768.46,187.73,654.15,-6580.73,-5926.58,,,,,
6091,1806.02,4219.67,5218.19,508.13,285.46,-218.55,-3865.47,-31611.95,1728.8,22584.92,-6749.19,185.39,655.22,-6563.8,-5908.58,,,,,
6101,1802.83,4216.55,5220.94,516.34,281.31,-232.58,-3853.69,-31751.54,1710.73,22655.89,-6644.49,182.46,566.78,-6462.03,-5895.25,,,,,
6111,1839.69,4056.11,5232.81,528.55,274.06,-238.26,-3810.52,-31597.83,1719.72,22562.37,-6733.4,185.95,566.7,-6547.46,-5980.76,,,,,
6121,1798.15,4176.25,5217.45,520.8,263.51,-203.98,-3854.52,-31787.24,1702.68,22626.35,-6620.71,181.78,459.45,-6438.94,-5979.48,,,,,
6131,1719.56,4159.82,5204.84,512.75,278.07,-244.87,-3822.72,-31834.15,1727.6,22673.38,-6596.44,183.32,374.29,-6413.12,-6038.83,,,,,
6141,1836.87,4114.99,5201.46,497.58,280.58,-222.35,-3846.62,-31601.15,1694.58,22569.82,-6739.64,185,525.75,-6554.64,-6028.9,,,,,
6151,1828.07,4209.69,5212.05,523.26,271.67,-208.5,-3844.4,-31668.2,1731.31,22598.18,-6711.77,186.38,653.14,-6525.39,-5872.25,,,,,
6161,1869.46,4120.08,5178.16,515.05,274.56,-205.63,-3837.15,-31979.13,1690.29,22699.07,-6491.14,185.53,324.76,-6305.61,-5980.85,,,,,
6171,1803.39,4276.43,5219.48,495.42,275.1,-214.88,-3870.48,-31598.34,1731.58,22462.5,-6693.81,184.97,580.2,-6508.83,-5928.63,,,,,
6181,1761.78,4156.96,5214.79,529.34,277.82,-225.25,-3834.77,-31563.45,1757.73,22622.82,-6821.41,188.62,697.77,-6632.8,-5935.02,,,,,
6191,1797.93,4162.57,5243.55,499.69,288.43,-253.35,-3842.3,-31741.27,1697.15,22681.3,-6684.3,187.71,533.7,-6496.59,-5962.9,,,,,
6201,1799.6,4172.85,5273.4,504.2,258.16,-246.78,-3834.1,-31682.16,1699.03,22649.49,-6725.3,190.7,593.71,-6534.61,-5940.9,,,,,
6211,1770.91,4273.81,5215.51,501.2,273.69,-225.04,-3830.38,-31634.25,1722.11,22604.84,-6724.99,185.19,672.41,-6539.8,-5867.4,,,,,
6221,1797.16,4233.79,5188.71,506.05,268.95,-217.5,-3865.84,-31735.73,1726.65,22587.49,-6625.62,184.35,489.73,-6441.28,-5951.55,,,,,
6231,1796.12,4152.11,5214.7,498.06,268.02,-226.43,-3846.77,-31676.55,1723.53,22575.98,-6680.43,187.64,478.79,-6492.79,-6014,,,,,
6241,1794.22,4214.47,5124.41,507.35,251.34,-226.83,-3897.52,-31760.14,1741.29,22583.53,-6574.08,182.16,332.1,-6391.93,-6059.83,,,,,
6251,1827.36,4285.37,5195.88,518.04,288.36,-192.87,-3844.27,-31710.72,1676.65,22521.57,-6645.65,187.58,565.38,-6458.07,-5892.69,,,,,
6261,1753.33,4176.89,5239.18,528.96,262.67,-228.98,-3832.17,-31810.63,1729.41,22652.43,-6628.75,185.26,471.08,-6443.49,-5972.41,,,,,
6271,1785.87,4133.97,5238.88,494.97,262.87,-219.47,-3868.25,-31818.38,1717.44,22641.15,-6603.04,186.39,369.05,-6416.65,-6047.6,,,,,
6281,1806.36,4205.23,5237.61,496.18,282.83,-235.55,-3839.19,-31720.99,1706.25,22549.82,-6697.4,187.28,488.55,-6510.12,-6021.58,,,,,
6291,1798.21,4069.46,5216.75,504.22,300.88,-198.5,-3856.65,-31681.19,1700.54,22675.71,-6770.18,184.53,529.41,-6585.65,-6056.24,,,,,
6301,1786.28,4132.16,5222.9,496.98,271.27,-221.82,-3813.8,-31701.16,1725.33,22694.02,-6757.47,186.5,592.16,-6570.97,-5978.81,,,,,
6311,1832.19,4196.95,5218.7,489.67,265.48,-213.56,-3790.12,-31659.69,1729.4,22612.62,-6770.83,188.5,681.64,-6582.33,-5900.69,,,,,
6321,1777.55,4162.31,5223.68,488.39,273.97,-207.95,-3858.22,-31519.55,1732.97,22571.63,-6847.54,185.63,644.77,-6661.91,-6017.14,,,,,
6331,1767.62,4225.73,5252.3,505.4,271.66,-225.8,-3838.28,-31786.65,1714.61,22662.16,-6703.95,186.33,548.74,-6517.62,-5968.88,,,,,
6341,1797.08,4278.27,5190.58,519.9,267.97,-217.61,-3847.36,-31558.64,1684.76,22525.42,-6773.18,192.35,640.35,-6580.83,-5940.48,,,,,
6351,1751.09,4178.61,5213.12,494.6,261.56,-252.08,-3761.68,-31518.05,1711.97,22565.52,-6873.09,191.15,644.66,-6681.95,-6037.29,,,,,
6361,1803.12,4174.96,5263.84,514.86,279.34,-269.23,-3814.08,-31538.59,1728.93,22546.13,-6772.07,186.15,689.28,-6585.91,-5896.64,,,,,
6371,1762.22,4245.91,5227.54,505.92,263.56,-232.62,-3866.42,-31319.63,1709.24,22456.28,-6911.22,187.22,751.98,-6724,-5972.02,,,,,
6381,1765.92,4302.14,5191.72,509.53,262.95,-223.92,-3872.91,-31558.69,1708.34,22578.1,-6774.79,186.62,663.17,-6588.17,-5925,,,,,
6391,1850.38,4145.96,5263.03,508.24,280.77,-235.74,-3902.56,-31573.7,1693.06,22631.45,-6855.64,186.05,660.9,-6669.59,-6008.69,,,,,
6401,1740.64,4242.4,5189.95,503.44,269.02,-233.17,-3813.8,-31634.12,1768.5,22562.53,-6735.83,186.27,595.4,-6549.55,-5954.16,,,,,
6411,1766.24,4282.89,5240.39,515.44,283.01,-197.57,-3878.18,-31623.6,1678.34,22592.62,-6732.36,187.58,659.58,-6544.78,-5885.2,,,,,
6421,1784.84,4219.36,5201.37,512.72,279.49,-204.74,-3822.98,-31568.15,1718.12,22572.22,-6853.37,193.15,692.24,-6660.22,-5967.98,,,,,
6431,1819.85,4242.66,5193.75,528.53,290.34,-243.09,-3855.93,-31507.16,1757.3,22566.51,-6826.64,189.76,792.76,-6636.88,-5844.12,,,,,
6441,1744.41,4227.2,5172.52,493.61,274.33,-203.81,-3812.31,-31644.77,1687.46,22585.05,-6729.23,189.92,523.7,-6539.3,-6015.61,,,,,
6451,1812.59,4123.99,5232.58,495.86,267.23,-229.43,-3883.24,-31694.91,1705.08,22636.3,-6676.17,187.76,466.06,-6488.4,-6022.34,,,,,
6461,1792.73,4180.08,5203.62,517.5,268.84,-218,-3849.65,-31654.9,1721.07,22700.87,-6803.48,188.02,662.16,-6615.46,-5953.3,,,,,
6471,1821.82,4209.24,5206.01,503.51,278.39,-234.6,-3860.07,-31492.75,1710.53,22607.64,-6869.7,185.72,749.71,-6683.97,-5934.26,,,,,
6481,1765.17,4214.53,5221.66,507.79,283.27,-227.04,-3811.91,-31685.52,1709.81,22615.22,-6739.27,187.85,592.99,-6551.42,-5958.43,,,,,
6491,1814.81,4148.11,5216.51,504.23,278.95,-202.94,-3805.46,-31767.49,1731.45,22632.18,-6678.23,186.92,550.34,-6491.31,-5940.97,,,,,
6501,1845.35,4099,5220.28,490.49,284.1,-207.93,-3813.76,-31819.63,1725.12,22737.68,-6681,184.88,560.7,-6496.12,-5935.41,,,,,
6511,1806.55,4270.36,5168.02,516.67,285.36,-214.42,-3817.29,-31683.3,1706.98,22646.82,-6760.9,185.69,685.73,-6575.21,-5889.49,,,,,
6521,1762.72,4205.28,5188.43,500.46,273.47,-204.11,-3783.14,-31919.8,1738.79,22574.06,-6534.16,185.46,336.15,-6348.7,-6012.55,,,,,
6531,1772.82,4173.56,5221.16,507.34,260.69,-211.84,-3849.44,-31891.79,1758.51,22687.88,-6601.86,183.38,428.89,-6418.48,-5989.59,,,,,
6541,1834.88,4207.16,5217.75,506.67,274.88,-230.4,-3802.8,-31943.26,1697.64,22673.4,-6559.63,187.99,435.92,-6371.63,-5935.71,,,,,
6551,1875.85,4110.75,5238.88,500.03,275.86,-237.51,-3842.48,-31669.12,1662.62,22602.71,-6713.72,186.68,517.58,-6527.04,-6009.46,,,,,
6561,1769.03,4181.58,5229.89,498.75,266.91,-207.25,-3876.62,-31774.18,1725.47,22608.2,-6612.22,183.54,421.78,-6428.69,-6006.91,,,,,
6571,1739.29,4263.62,5249,515.54,269.86,-209.98,-3842.47,-31762.49,1731.97,22706.14,-6719.98,186.52,660.48,-6533.46,-5872.98,,,,,
6581,1843.65,4228.26,5168.55,516.17,279.04,-211.04,-3829.13,-31795.67,1686.58,22589.07,-6653.17,188.72,475.49,-6464.44,-5988.96,,,,,
6591,1803.87,4261.85,5188.29,506.77,265.14,-229.58,-3842.87,-31667.65,1723.56,22708.05,-6798.09,184.92,717.43,-6613.17,-5895.74,,,,,
6601,1773.52,4170.28,5178.8,508.59,280.6,-232.77,-3829.57,-31680.36,1741.76,22639.5,-6762.01,184.6,550.35,-6577.42,-6027.06,,,,,
6611,1767.47,4193.06,5191.16,509.57,290.42,-224.28,-3852.19,-31475.71,1747.09,22724.9,-6948.79,185.13,871.48,-6763.66,-5892.18,,,,,
6621,1794.84,4193.57,5241.05,502.8,293.42,-236.88,-3829.45,-31575.86,1731.97,22755.25,-6905.4,182.9,870.72,-6722.49,-5851.77,,,,,
6631,1800.18,4213.43,5225.99,522.82,286.53,-219.24,-3826.91,-31566.52,1701.52,22742.27,-6887.79,183.59,880.07,-6704.2,-5824.14,,,,,
6641,1816.25,4220.27,5220.29,516.02,259.8,-231.44,-3877.85,-31328.5,1723.06,22632.08,-7057.57,189.55,949.99,-6868.02,-5918.03,,,,,
6651,1776.85,4197.75,5256.01,508.25,271.71,-203.03,-3847.98,-31387.6,1725.19,22689.51,-7055.15,191.43,986.65,-6863.72,-5877.07,,,,,
6661,1829.66,4230.38,5204.6,515.23,266.46,-226.28,-3868.23,-31534.57,1714.86,22585.12,-6829.36,184.92,717.23,-6644.43,-5927.2,,,,,
6671,1813.43,4172.76,5187.83,516.79,276.3,-226.78,-3855.44,-31619.83,1715.4,22724.01,-6865.79,185.96,704.47,-6679.83,-5975.36,,,,,
6681,1718.63,4194.42,5226.61,491.97,267.21,-249.78,-3861.96,-31687.97,1679.89,22711.64,-6738.27,182.86,490.65,-6555.41,-6064.76,,,,,
6691,1822.02,4175.75,5200.49,515.96,282.37,-229.29,-3851.76,-31666.97,1716.85,22657.58,-6775.71,184.56,623,-6591.15,-5968.15,,,,,
6701,1739.68,4197.35,5195.24,510.78,260.33,-207.92,-3738.85,-31662.77,1701.78,22720.28,-6832.98,191.39,715.88,-6641.59,-5925.7,,,,,
6711,1828.06,4263.85,5232.5,514.66,288.02,-256.7,-3841.59,-31507.11,1731.97,22705.33,-6935.44,186.6,958.99,-6748.84,-5789.84,,,,,
6721,1816.21,4215.24,5185.46,519.01,266.67,-247.89,-3821.72,-31585.36,1709.14,22644.23,-6833.61,186.72,701,-6646.89,-5945.89,,,,,
6731,1826.35,4146.11,5197.48,504.33,285.76,-218.58,-3836.12,-31729.72,1725.78,22699.6,-6710.87,185.22,600.98,-6525.65,-5924.67,,,,,
6741,1781.76,4191.73,5172.69,501.1,277.82,-215.97,-3822.18,-31649.77,1744.33,22683.2,-6794.86,186.68,664.71,-6608.18,-5943.47,,,,,
6751,1847.6,4192.8,5193.47,503.73,266.97,-218.3,-3837.17,-31635.05,1719.31,22705.49,-6838.13,185.03,738.85,-6653.1,-5914.25,,,,,
6761,1829.71,4168.39,5160.56,510.62,287.45,-222.33,-3815.89,-31607.85,1700.9,22641.64,-6808.09,189.02,653.2,-6619.08,-5965.88,,,,,
6771,1768.3,4268.09,5155.93,509.31,275.68,-200.93,-3851.3,-31592.18,1705.43,22649.63,-6887.38,188.81,687.96,-6698.57,-6010.61,,,,,
6781,1849.31,4269.28,5203.75,532.28,296.53,-239.75,-3890.96,-31629.94,1682.24,22709.71,-6810.56,187.56,782.46,-6623,-5840.54,,,,,
6791,1743.96,4299.62,5210.19,510.27,258.91,-227.26,-3807.78,-31561.81,1713.46,22717.41,-6887.62,188.75,856.97,-6698.88,-5841.91,,,,,
6801,1771.5,4152.45,5202.75,482.33,270.87,-225.61,-3906.89,-31613.16,1757.28,22646.82,-6767.36,185.55,538.33,-6581.81,-6043.48,,,,,
6811,1830.83,4297.96,5256.07,511.42,291.65,-223.46,-3890.02,-31479.6,1712.99,22564.5,-6856.66,186.27,872.32,-6670.39,-5798.06,,,,,
6821,1780.13,4172.1,5214.51,507.67,264.82,-205.69,-3876.12,-31739.32,1704.6,22642.57,-6613.58,185.15,465.26,-6428.43,-5963.17,,,,,
6831,1748.72,4137.13,5229.38,486.44,292.72,-233.2,-3819.51,-31805.75,1697.32,22744.08,-6678,185.69,477.31,-6492.31,-6014.99,,,,,
6841,1730.9,4209.6,5227.88,503.5,276.77,-216.47,-3879.36,-31638.88,1713.14,22664.83,-6787.21,185.68,591.89,-6601.53,-6009.64,,,,,
6851,1777.11,4180.04,5236.44,488.47,264.82,-206.25,-3870.06,-31659.04,1714.12,22641.52,-6755.3,182.92,567.16,-6572.38,-6005.22,,,,,
6861,1782.08,4172.46,5183.7,514.47,257.58,-214.37,-3880.78,-31800.54,1731.41,22664.6,-6666.43,181.44,410.62,-6484.98,-6074.36,,,,,
6871,1761.56,4186.99,5194.94,506.16,287,-239.98,-3890.37,-31525.52,1764.5,22677.6,-6844.55,183.81,722.89,-6660.74,-5937.85,,,,,
6881,1746.8,4187.21,5233.8,506.34,268.72,-222.57,-3904.15,-31568.86,1724.18,22583,-6767.61,183.51,554.46,-6584.1,-6029.65,,,,,
6891,1811.34,4209.64,5216.23,521.08,274.93,-209.71,-3906.57,-31712.84,1705.07,22639.82,-6675.69,182.23,548.98,-6493.47,-5944.49,,,,,
6901,1804.97,4134.99,5222.18,509.32,253,-237.08,-3869.68,-31775.37,1725.65,22678.14,-6634.85,185.75,446.12,-6449.1,-6002.97,,,,,
6911,1813.65,4173.7,5228.79,516.43,271.04,-215.41,-3897.88,-31804.88,1701.63,22662.2,-6594.54,182.88,449.26,-6411.66,-5962.41,,,,,
6921,1783.43,4186.49,5169.39,499.04,255.1,-194.2,-3877.6,-31641.05,1682.1,22580.81,-6651.75,185.7,443.5,-6466.05,-6022.55,,,,,
6931,1789.2,4216.13,5201.21,508.14,255.45,-226.06,-3881.45,-31678.94,1729.58,22589.8,-6669.93,182.69,503.05,-6487.24,-5984.18,,,,,
6941,1921.06,4266.78,5210.12,509.38,291.46,-222.61,-3888.73,-31565.61,1727.38,22416.51,-6629.09,181.84,665.74,-6447.25,-5781.51,,,,,
6951,1783.6,4188.54,5260.18,492.75,258.11,-213.89,-3908.21,-31749.01,1720.7,22651,-6611.27,182.83,483.77,-6428.44,-5944.67,,,,,
6961,1799.69,4234.97,5234.87,500.07,289.44,-216.83,-3924.57,-31499.97,1687.37,22554.16,-6735.76,184.02,659.21,-6551.74,-5892.53,,,,,
6971,1786.1,4275.4,5174.64,503.81,270.55,-225.87,-3832.18,-31644.6,1717.29,22586.34,-6705.89,189.14,611.49,-6516.75,-5905.26,,,,,
6981,1857.82,4219.76,5218.42,503.44,284.4,-225.56,-3861.16,-31532.43,1721.15,22521.79,-6758.94,188.88,707.63,-6570.06,-5862.43,,,,,
6991,1782.39,4153.45,5202.05,525.07,261.89,-235.03,-3872.56,-31875.88,1757.89,22728.02,-6590.74,183.92,427.28,-6406.82,-5979.54,,,,,
7001,1772.01,4220.03,5170.33,505.05,263.79,-211.56,-3879.69,-31789.84,1697.02,22569.1,-6539.8,183.09,316.23,-6356.72,-6040.48,,,,,
7011,1784,4239.58,5196.09,508.2,279.66,-229.62,-3846.92,-31602.88,1710.52,22561.92,-6733.27,185.19,600.55,-6548.08,-5947.53,,,,,
7021,1792.99,4274.97,5199.69,516.85,298.46,-229.14,-3842.84,-31852.71,1746.27,22633.77,-6571.94,184.43,538.31,-6387.51,-5849.21,,,,,
7031,1799.38,4274.95,5191.4,511.13,273.98,-218.87,-3864.12,-31575.25,1655.48,22538.13,-6706.76,183.51,586.21,-6523.26,-5937.05,,,,,
7041,1787.81,4171.28,5233.2,508.97,279.19,-227.47,-3831.37,-31462.31,1720.37,22530.81,-6838.11,183.28,710.5,-6654.83,-5944.33,,,,,
7051,1790.81,4188.99,5202.96,511.01,280.04,-224.97,-3885.48,-31521.53,1720.04,22527.76,-6734.16,182.7,589.62,-6551.45,-5961.83,,,,,
7061,1799.76,4233.13,5226.54,518.33,266.88,-194.74,-3865.18,-31552.28,1737.62,22545.29,-6765.47,182.18,715.36,-6583.29,-5867.92,,,,,
7071,1815.21,4100.65,5200.65,489.72,272.3,-208.24,-3896.71,-31579.54,1726.27,22521.58,-6663.82,181.01,441.89,-6482.82,-6040.93,,,,,
7081,1778.86,4172.35,5241.54,494.94,294.62,-208.92,-3852.25,-31575.15,1740.53,22541.66,-6759.68,185.3,628.18,-6574.38,-5946.21,,,,,
7091,1753.08,4212.86,5152.18,496.92,277.26,-223.62,-3881.39,-31497.42,1720.94,22575.16,-6805.5,183.07,585.97,-6622.44,-6036.47,,,,,
7101,1858.92,4215.21,5160.06,507.86,263.47,-203.03,-3884.45,-31463.2,1710.39,22595.31,-6822.9,183.24,760.55,-6639.67,-5879.12,,,,,
7111,1783.85,4131,5209.65,514.4,271.94,-216.38,-3822.79,-31908.73,1725.75,22607.04,-6503.8,182.57,295.74,-6321.23,-6025.5,,,,,
7121,1809.32,4088.39,5188.06,503.74,271.05,-235.38,-3870.91,-31563.2,1738.04,22600.03,-6760.04,183.36,529.13,-6576.68,-6047.55,,,,,
7131,1747.13,4208.02,5207.79,516.35,272.72,-216.04,-3810.11,-31537.45,1739.01,22517.11,-6789.45,188.43,644.52,-6601.02,-5956.5,,,,,
7141,1769.74,4126.61,5241.3,504.08,286.7,-205.63,-3864.9,-31718.41,1770.5,22688.18,-6654.86,183.54,598.17,-6471.32,-5873.15,,,,,
7151,1812.54,4200.43,5220.09,494.79,266.49,-224.97,-3903.2,-31602.49,1719.82,22657.96,-6755.86,182.41,641.46,-6573.45,-5931.99,,,,,
7161,1845.36,4209.53,5239.65,510.1,288.27,-231.47,-3895.35,-31608.88,1733.42,22597.86,-6715.17,186.04,688.48,-6529.12,-5840.64,,,,,
7171,1777.88,4113.49,5220.19,519.66,273.99,-218.67,-3887.89,-31783.42,1718.37,22713.08,-6638.48,182.01,446.69,-6456.48,-6009.79,,,,,
7181,1813.42,4304.9,5205.68,526.82,259.01,-233.22,-3836.28,-31760.48,1665.61,22556.67,-6630.44,189.05,502.13,-6441.4,-5939.27,,,,,
7191,1858.74,4158.23,5184.58,521.53,271.1,-229.83,-3888.18,-31667.62,1698.57,22506.03,-6636.74,185.65,413.15,-6451.09,-6037.93,,,,,
7201,1824.73,4212.87,5204.88,514.14,276.55,-215.48,-3843.52,-31775.64,1736.84,22650.59,-6622.91,182.75,585.95,-6440.16,-5854.2,,,,,
7211,1761.89,4256.2,5200.9,510.01,265.87,-222.77,-3903.36,-31667.72,1714.05,22607.93,-6646.97,182.6,523,-6464.37,-5941.37,,,,,
7221,1777.55,4228.44,5229.08,499.71,267.97,-235.34,-3837.4,-31604.45,1721.9,22491.81,-6655.22,182.87,539.29,-6472.35,-5933.06,,,,,
7231,1855.68,4179.79,5177.14,497.89,265.52,-226.05,-3895.77,-31727.34,1695.53,22663.74,-6701.27,181.77,486.12,-6519.5,-6033.38,,,,,
7241,1874.24,4223.19,5183.41,505.79,260.72,-223.95,-3856.95,-31853.61,1704.62,22669.67,-6623.08,183.58,487.13,-6439.5,-5952.36,,,,,
7251,1818.89,4201.83,5227.86,489.96,270.5,-224.7,-3805.68,-31871.39,1693.06,22685.33,-6551.74,184.49,485.66,-6367.25,-5881.6,,,,,
7261,1849.4,4202.53,5182.02,510.77,278.16,-211.94,-3886.1,-31777.36,1687.52,22619.21,-6606.11,183.8,454.21,-6422.3,-5968.1,,,,,
7271,1838.63,4250.8,5233.16,509.56,271.86,-238.68,-3838.54,-31551.11,1696.36,22560.64,-6761.49,185.75,732.67,-6575.74,-5843.07,,,,,
7281,1805.22,4136.8,5204.55,489.17,281.23,-215,-3829.16,-31465.7,1720.32,22592.1,-6842.18,186.56,719.54,-6655.62,-5936.09,,,,,
7291,1792.5,4192.42,5214.77,514.03,260.48,-241.69,-3836.67,-31615.88,1748.32,22685.22,-6808.72,186.91,713.51,-6621.81,-5908.3,,,,,
7301,1764.92,4252.85,5229.76,499.8,288.44,-217.38,-3908.31,-31665.38,1709.1,22635.28,-6666.23,182.49,589.09,-6483.74,-5894.65,,,,,
7311,1744.64,4240.59,5234.53,506.15,265.38,-240.46,-3889.03,-31482.52,1692.17,22666.08,-6850.38,182.92,737.54,-6667.46,-5929.92,,,,,
7321,1843.69,4124.7,5153.68,488.11,269.49,-211.29,-3852.91,-31686.33,1738.41,22687.18,-6704.98,181.72,554.73,-6523.26,-5968.52,,,,,
7331,1772.02,4264.59,5220.9,502.29,269.89,-218.17,-3939.08,-31492.48,1713.27,22501.15,-6776.03,182.46,594.38,-6593.57,-5999.19,,,,,
7341,1790.19,4209.27,5178.79,512.74,274.14,-210.4,-3853.04,-31785.26,1712.93,22680.06,-6646.83,182.96,509.44,-6463.87,-5954.43,,,,,
7351,1819.02,4240.6,5240.9,522.12,287.01,-235.69,-3869.93,-31658.19,1707,22688.84,-6722.72,184.85,741.68,-6537.87,-5796.19,,,,,
7361,1911.94,4155.6,5166.51,497.67,272.69,-219.71,-3840.64,-31707.72,1710.27,22704.34,-6701.43,184.15,650.95,-6517.28,-5866.33,,,,,
7371,1889.22,4210.13,5177.2,499.39,271.51,-221.52,-3847.86,-31591.2,1709,22600.44,-6791.02,182.05,696.33,-6608.96,-5912.64,,,,,
7381,1815.37,4224.82,5209.82,509.3,291.73,-246.07,-3838.72,-31734.53,1730.01,22659.11,-6708,183.74,620.85,-6524.26,-5903.41,,,,,
7391,1827.63,4197.81,5270.9,508.09,263.61,-227.57,-3834.83,-31686.92,1683.46,22609.95,-6731.09,188.32,612.14,-6542.77,-5930.63,,,,,
7401,1793.77,4183.95,5261.59,508.15,292.75,-238.95,-3898.84,-31931.53,1747.25,22806.58,-6579.58,183.88,524.72,-6395.7,-5870.98,,,,,
7411,1831.25,4245.82,5208.27,516.43,275.36,-232.58,-3846.11,-31820.09,1715.02,22676.33,-6590.33,183.09,569.69,-6407.24,-5837.55,,,,,
7421,1795.77,4296.29,5218.4,507.18,290.89,-209.41,-3857.51,-32008.88,1681.95,22732.23,-6498.17,181.85,446.91,-6316.33,-5869.42,,,,,
7431,1810.24,4163.3,5235.46,496.49,272.54,-245.35,-3906.45,-31726.06,1706.5,22757.8,-6714.46,181.46,564.49,-6533,-5968.51,,,,,
7441,1773.16,4185.11,5224.83,491.06,277.91,-255.25,-3863.73,-31850.44,1704.55,22709.9,-6589.46,185.46,397.1,-6404,-6006.91,,,,,
7451,1726.65,4229.7,5240.78,516.35,281,-234.1,-3886.27,-31858.29,1732.09,22811.62,-6614.09,181.24,559.53,-6432.85,-5873.32,,,,,
7461,1820.23,4273.06,5238.45,511.96,288.31,-242.24,-3856.12,-32186.99,1693.37,22693.78,-6339.59,182.77,233.81,-6156.82,-5923.02,,,,,
7471,1756.53,4217.25,5212.1,511.63,271.81,-223.58,-3886.07,-31765.84,1717.22,22652.15,-6627.03,187.17,463.21,-6439.86,-5976.65,,,,,
7481,1796.38,4235.18,5230.19,501.57,279.25,-215.83,-3824.46,-31673.57,1727.01,22652.57,-6757.61,186.64,708.29,-6570.96,-5862.67,,,,,
7491,1843.08,4167.54,5227.18,506.79,252.26,-218.34,-3845.26,-31780.75,1711.55,22705.25,-6667.22,187.17,569.29,-6480.06,-5910.77,,,,,
7501,1796.24,4188.36,5221.94,526.15,266.06,-227.05,-3850.03,-31759.61,1704.27,22716.04,-6674.26,182.66,582.36,-6491.6,-5909.23,,,,,
7511,1869.01,4174,5179.77,506.04,296.76,-216.42,-3842.85,-31549.95,1678.52,22517.8,-6759.54,182.55,612.68,-6576.99,-5964.31,,,,,
7521,1817.9,4288.61,5269.4,504.58,271.9,-196.07,-3824.44,-31858.37,1681.27,22594.54,-6589.83,182.02,549.33,-6407.82,-5858.49,,,,,
7531,1796.91,4247.37,5243.97,506.73,277.34,-249.52,-3871.1,-31896.89,1713.41,22637.99,-6497.75,181.24,406.21,-6316.51,-5910.3,,,,,
7541,1797.53,4184.12,5212.72,506.99,274.76,-193.44,-3873.83,-31909.98,1730.15,22715.7,-6542.88,180.49,444.72,-6362.39,-5917.67,,,,,
7551,1747.34,4170.85,5171.46,505.11,274.84,-215.55,-3846.17,-32043.79,1696.22,22761.13,-6483.63,183.11,221.43,-6300.51,-6079.08,,,,,
7561,1842.8,4152.64,5151.98,511.39,272.68,-220.64,-3876.29,-31822.32,1718.78,22652.09,-6621.56,185.1,383.11,-6436.47,-6053.36,,,,,
7571,1803.38,4169.89,5216.92,522.62,268.8,-222.49,-3807.08,-32074.53,1726.57,22820.35,-6503.96,183.06,424.44,-6320.9,-5896.46,,,,,
7581,1834.42,4148.91,5183.74,493.7,270.78,-197.27,-3880.73,-31943.42,1702.92,22754.47,-6565.32,181.99,367.51,-6383.33,-6015.82,,,,,
7591,1805.74,4213.27,5187.25,537.55,256.32,-218.36,-3845.56,-32014.24,1723.23,22710.21,-6468.45,183.29,355.4,-6285.15,-5929.76,,,,,
7601,1810.45,4193.51,5138.05,500.88,257.67,-214.22,-3857.12,-31838.78,1712.3,22731.28,-6638.84,182.82,434.02,-6456.02,-6022,,,,,
7611,1821.37,4165.94,5167.86,500.73,259.17,-213.86,-3843.81,-31937.48,1694.08,22717.36,-6524.43,182.41,331.35,-6342.02,-6010.67,,,,,
7621,1799.83,4264.39,5178.08,538.03,247.06,-191.93,-3908.53,-31989.17,1742.7,22732.88,-6476.47,181.08,413.36,-6295.39,-5882.03,,,,,
7631,1824.76,4316.91,5195.92,531.1,289.86,-203.81,-3861.75,-32029.43,1718.87,22756.74,-6523.79,182.06,539.18,-6341.73,-5802.55,,,,,
7641,1888.77,4211.32,5189.74,516.04,268.5,-226.7,-3799.69,-32069.54,1699.7,22690.5,-6429.66,184.69,368.65,-6244.98,-5876.33,,,,,
7651,1823.65,4164.14,5232.37,513.59,276.14,-213.43,-3831.92,-32081.53,1728.11,22809.82,-6503.62,183.95,420.93,-6319.66,-5898.73,,,,,
7661,1791.15,4210.26,5218.16,508.41,276.44,-203.28,-3839.14,-31961.63,1715.16,22607.83,-6470.74,186.85,323.35,-6283.89,-5960.54,,,,,
7671,1768.59,4158.44,5211.08,500.32,280.12,-217.63,-3858.03,-31675.31,1734.59,22650.81,-6729.33,185.39,552.96,-6543.93,-5990.97,,,,,
7681,1821.78,4212.75,5218.56,501.03,269.16,-238.53,-3883.23,-31951.65,1699.28,22671.06,-6493.53,180.8,320.21,-6312.73,-5992.52,,,,,
7691,1833.46,4238.83,5192.54,519.79,254.18,-209.32,-3912.27,-32030.51,1651.89,22668.88,-6414.25,182.07,207.47,-6232.18,-6024.71,,,,,
7701,1836.29,4262.9,5232.3,512.92,298.79,-212.85,-3887.45,-31837.54,1691.96,22601.89,-6598.82,184.25,499.21,-6414.57,-5915.36,,,,,
7711,1841.56,4269.89,5211.54,495.83,267.9,-233.18,-3843.72,-31988.7,1714.84,22627.45,-6472.37,185.19,363.4,-6287.17,-5923.77,,,,,
7721,1769.24,4246.98,5237.57,510.91,290.03,-223.96,-3868.9,-32017.16,1712.5,22699.86,-6479.57,182.93,357.07,-6296.64,-5939.57,,,,,
7731,1838.55,4301.01,5203.14,519.16,257.11,-240.68,-3824.54,-31962.81,1701.74,22566.4,-6431.1,184.55,359.07,-6246.55,-5887.48,,,,,
7741,1782.37,4183.02,5206.19,482.08,308.31,-223.7,-3866.82,-31900.53,1694.84,22685.36,-6519.99,181.81,351.11,-6338.18,-5987.08,,,,,
7751,1817.81,4193.71,5177.47,505.05,270.88,-201.2,-3840.64,-31991.67,1723.81,22647.18,-6411.29,179.41,302.39,-6231.88,-5929.49,,,,,
7761,1828.34,4152.04,5208.92,507.85,269.17,-197.14,-3864.71,-31809.72,1682.03,22578.17,-6540.56,181.08,354.94,-6359.48,-6004.53,,,,,
7771,1771.36,4300.78,5215.46,516.92,281.26,-230.94,-3839.44,-31893.38,1695.84,22607.49,-6523.5,185.04,425.36,-6338.46,-5913.11,,,,,
7781,1785.56,4211.14,5238.88,515.79,274.41,-226.36,-3857.92,-31785.58,1714.12,22538.68,-6560.89,180.91,408.73,-6379.98,-5971.25,,,,,
7791,1767.56,4179.89,5223.07,509.75,268.94,-208.96,-3846.24,-31987.73,1700.97,22735.93,-6519.28,182.89,343.17,-6336.39,-5993.21,,,,,
7801,1768.23,4232.24,5206.77,515.16,261.27,-216.03,-3877.32,-31857.19,1716.48,22633.78,-6573.21,183.37,383.4,-6389.84,-6006.44,,,,,
7811,1730.97,4147.27,5183.8,507.98,284.56,-205.1,-3874.02,-31941.03,1702.63,22760.98,-6548.26,179.7,298.05,-6368.56,-6070.51,,,,,
7821,1763.16,4228.05,5215.98,513.3,254.5,-213.49,-3857.23,-31949.91,1722.02,22678.1,-6492.54,183.72,354.48,-6308.81,-5954.33,,,,,
7831,1803.62,4254.11,5221.28,519.04,285.49,-183.59,-3866.48,-31922.19,1713.91,22701.21,-6559.73,184.99,526.39,-6374.74,-5848.35,,,,,
7841,1837.93,4081.66,5234.04,496.19,261.11,-233.93,-3886.12,-31726.74,1702.98,22577.03,-6571.61,181.29,344.15,-6390.32,-6046.17,,,,,
7851,1751.52,4320.9,5188.94,520.43,280.21,-214.8,-3824.21,-31699.98,1703.18,22562.38,-6639.49,186.24,588.58,-6453.25,-5864.67,,,,,
7861,1873.26,4196.29,5194.54,525.79,268.24,-212.97,-3847.67,-31955.23,1729.82,22649.62,-6449.8,182.77,421.68,-6267.04,-5845.36,,,,,
7871,1762.22,4202.57,5236.78,509.2,263.26,-206.47,-3845.6,-31954.23,1746.59,22633.81,-6481.54,185.35,348.14,-6296.19,-5948.05,,,,,
7881,1777.93,4144.06,5151.56,514.5,276.74,-219.8,-3816.02,-31832.51,1746.36,22505.12,-6495.24,182.59,247.95,-6312.65,-6064.7,,,,,
7891,1807.88,4224.87,5233.35,528.92,256.15,-209.33,-3850.05,-32115.2,1711.98,22659.45,-6336.41,182.25,248.02,-6154.16,-5906.14,,,,,
7901,1806.62,4197.76,5220.24,508.99,271.03,-205.94,-3840.96,-32130.57,1738.12,22599.91,-6304.44,178.46,165.2,-6125.98,-5960.78,,,,,
7911,1826.17,4173.2,5217.57,489.73,280.83,-195.28,-3866.58,-32029.69,1695.1,22510.02,-6327.71,180.46,101.07,-6147.25,-6046.18,,,,,
7921,1767.39,4213.71,5221.89,511.78,299.04,-185.92,-3822.87,-31945.06,1729,22611.84,-6481.07,183.97,400.8,-6297.1,-5896.29,,,,,
7931,1850.63,4150.09,5219.33,500.8,261.73,-240.79,-3841.37,-32000.39,1715.16,22609.9,-6412.72,183.09,225.1,-6229.63,-6004.53,,,,,
7941,1818.34,4186.26,5214.26,498.26,284.14,-210.9,-3858.63,-32032.64,1725.36,22603.55,-6401.36,182.15,227.99,-6219.21,-5991.22,,,,,
7951,1773.74,4156.26,5213.18,496.14,272,-246.4,-3861.44,-31993.78,1738.09,22649.58,-6406.77,180.85,197.39,-6225.92,-6028.53,,,,,
7961,1855.49,4110.27,5198.21,515.1,282.33,-204.29,-3874.44,-31783.79,1723.48,22611.11,-6611.66,182.01,433.47,-6429.65,-5996.19,,,,,
7971,1771.7,4222.68,5232.5,523.63,279.51,-219.99,-3909.18,-31834.75,1715.06,22543,-6489.46,179.79,324.15,-6309.67,-5985.52,,,,,
7981,1831.28,4254.54,5185.54,505.28,252.19,-197.52,-3897.77,-31805.35,1704.62,22602.6,-6525.69,180.73,435.42,-6344.96,-5909.54,,,,,
7991,1785.22,4297.27,5209.59,509.54,281.21,-185.31,-3901.73,-31876.01,1727.68,22585.34,-6481.18,183.98,432.8,-6297.2,-5864.4,,,,,
8001,1817.72,4172.11,5201.05,500.08,272.93,-226.9,-3933.67,-31860.73,1661.59,22608.63,-6513.4,178.65,212.8,-6334.75,-6121.95,,,,,
8011,1812.48,4243.77,5198.05,514.44,244.46,-207.49,-3885.34,-31950.17,1719.06,22590.75,-6409.78,180.79,280,-6228.99,-5948.99,,,,,
8021,1886.34,4207.53,5209.94,506.34,305.53,-216.27,-3862.85,-31961.33,1725.69,22655.46,-6447.49,181.15,456.36,-6266.34,-5809.98,,,,,
8031,1806.97,4262,5204.08,520.8,284.95,-236.83,-3917.66,-31893.98,1696.8,22561.52,-6445.1,179.69,288.66,-6265.41,-5976.76,,,,,
8041,1804.61,4240.3,5185.13,503.07,255.79,-234.34,-3830.72,-31985.64,1709.98,22575.78,-6396.05,181.59,223.96,-6214.46,-5990.49,,,,,
8051,1781.66,4182.9,5229.78,506.5,273.49,-239.94,-3886.98,-31992.75,1738.31,22701.51,-6441.26,179.52,294.47,-6261.74,-5967.26,,,,,
8061,1783.17,4234.24,5183.35,510.6,263.24,-223.29,-3886.11,-31947.35,1716.66,22577.36,-6367.51,183.04,211.88,-6184.47,-5972.59,,,,,
8071,1772.62,4159.26,5236.35,496.95,287.72,-248.49,-3900.17,-32003.89,1738.35,22701.67,-6441.74,182.54,240.37,-6259.2,-6018.82,,,,,
8081,1786.86,4146.91,5239.1,507.57,269.3,-252.9,-3874.34,-32139.01,1732.37,22662.53,-6355.57,182.92,78.4,-6172.66,-6094.26,,,,,
8091,1753.69,4145.42,5220.11,510.9,274.83,-240.65,-3873.77,-31975.23,1745.17,22689.54,-6424.8,181.71,250,-6243.09,-5993.09,,,,,
8101,1835,4125.98,5156.32,509.51,263.51,-202.54,-3853.64,-31984.61,1738.46,22616.44,-6404.4,182.42,204.42,-6221.98,-6017.56,,,,,
8111,1754.09,4162.64,5181.13,507.27,313.38,-226.91,-3855.37,-32090.31,1709.48,22741.93,-6419.79,181.57,197.32,-6238.22,-6040.9,,,,,
8121,1732.99,4210.91,5220.92,511.51,300.81,-256.67,-3868.25,-31917.04,1750.08,22698.5,-6517.46,181.72,383.77,-6335.73,-5951.97,,,,,
8131,1795.21,4181.99,5211.25,516.68,287.9,-220.86,-3921.45,-31745.23,1764.63,22544.25,-6562.73,182.46,414.37,-6380.28,-5965.9,,,,,
8141,1830.5,4117,5213.56,496.65,293.34,-224.68,-3843.35,-31867.49,1708.04,22567.64,-6511.15,184.84,291.21,-6326.31,-6035.1,,,,,
8151,1940.72,4187.25,5242.54,512.58,262.94,-198.47,-3882.32,-31793.39,1676.1,22637.92,-6580,182.9,585.89,-6397.1,-5811.21,,,,,
8161,1783.8,4176.02,5193.92,523.42,275.25,-211.16,-3867.73,-31691.55,1754.45,22509.03,-6596.56,181.89,445.44,-6414.67,-5969.24,,,,,
8171,1794.7,4198.45,5186.52,498.44,275.9,-227.25,-3878,-31878.71,1710.61,22548.49,-6452.12,181.63,229.14,-6270.49,-6041.35,,,,,
8181,1825.52,4186.44,5223.83,516.42,285.07,-232.95,-3857.11,-31853.23,1742.08,22567.61,-6464.97,184.39,403.67,-6280.57,-5876.9,,,,,
8191,1760.4,4236.93,5208.13,504.75,267.27,-235.32,-3859.01,-31668.89,1730.31,22493.74,-6645.54,180.22,438.31,-6465.32,-6027.01,,,,,
8201,1776.29,4234.73,5241.5,510.77,263.91,-236.07,-3889.4,-31886.3,1747.84,22553.56,-6477.85,180.48,316.83,-6297.37,-5980.54,,,,,
8211,1775.02,4154.35,5209.4,506.31,282.43,-225.46,-3863.22,-31829.85,1723.54,22566.99,-6508.94,182.45,299.5,-6326.49,-6026.99,,,,,
8221,1855.41,4154.68,5228.58,507.81,268.32,-206,-3916.94,-31945.01,1714.43,22604.62,-6402.25,182.25,265.91,-6219.99,-5954.09,,,,,
8231,1822.19,4262.97,5240.12,511.17,269.08,-221.38,-3890.17,-31981.18,1714.56,22561.28,-6391.36,180.9,288.65,-6210.47,-5921.82,,,,,
8241,1785.57,4157.02,5241.18,504.99,264.83,-235.4,-3912.41,-31983.11,1755.5,22648.27,-6407.05,178.64,226.44,-6228.41,-6001.97,,,,,
8251,1841.26,4220.23,5228.52,505.83,281.98,-227.57,-3891.53,-31922.49,1690.26,22536.67,-6419.34,180.98,263.15,-6238.36,-5975.21,,,,,
8261,1846.24,4140.27,5208.17,505.37,281.12,-213.02,-3859.15,-31842.86,1734.78,22506.82,-6495.5,187.22,307.74,-6308.27,-6000.53,,,,,
8271,1732.23,4203.8,5251.16,521.74,267.08,-246.88,-3875,-31830.65,1754.27,22564.38,-6517.77,182.54,342.14,-6335.23,-5993.09,,,,,
8281,1825.56,4191.53,5176.13,501.77,273.25,-205.16,-3920.01,-31769.44,1687.1,22458.68,-6507.95,182.19,219.39,-6325.76,-6106.37,,,,,
8291,1751.92,4285.71,5223.3,513.16,280.26,-238.42,-3833.69,-31980.89,1733.25,22506.77,-6360.86,181.82,241.37,-6179.04,-5937.67,,,,,
8301,1749.2,4202.27,5221.04,521.93,282.24,-216.34,-3904.49,-31790.03,1729.15,22445.1,-6445.89,180.96,240.09,-6264.93,-6024.84,,,,,
8311,1818.84,4221.01,5207.98,511.29,278.86,-216.67,-3902.46,-31618.98,1670.05,22434.45,-6598.63,182.14,404.37,-6416.49,-6012.12,,,,,
8321,1802.2,4138.91,5245.71,497.34,293.71,-245.17,-3898.43,-31879.06,1749.1,22584.11,-6447.21,180.64,288.44,-6266.57,-5978.13,,,,,
8331,1824.56,4112.41,5239.66,499.64,272.46,-244.46,-3882.34,-31763.39,1720.32,22498.96,-6544.24,181.76,277.82,-6362.47,-6084.65,,,,,
8341,1782.14,4184.07,5221.76,521.54,272.8,-233,-3857.13,-31754.51,1727.49,22552.65,-6563.96,184.08,417.8,-6379.89,-5962.08,,,,,
8351,1810.9,4201.5,5224.41,498.73,252.95,-234.98,-3865.76,-31840.18,1723.59,22543.46,-6445.95,180.59,314.63,-6265.36,-5950.72,,,,,
8361,1834.39,4163,5203.92,529.06,261.24,-240.03,-3839.16,-31844.18,1714.22,22587.34,-6500.37,183.4,369.81,-6316.97,-5947.17,,,,,
8371,1798.58,4206.32,5222.53,511.73,276.13,-221.65,-3858.89,-31965.7,1730.77,22505.58,-6357.65,179.18,205.4,-6178.46,-5973.07,,,,,
8381,1846.48,4233.95,5230.53,522.51,283.92,-228.5,-3865.13,-32002.09,1707.16,22551.24,-6344.64,181.78,280.06,-6162.86,-5882.81,,,,,
8391,1789.73,4182.91,5200.94,501.23,247.22,-197.53,-3905.62,-31822.4,1716.26,22534.62,-6474.88,179.58,247.34,-6295.29,-6047.95,,,,,
8401,1897.5,4237.8,5216.85,514.45,282.06,-220.99,-3861.21,-31810.02,1694.09,22453.97,-6466.48,183.87,404.49,-6282.61,-5878.12,,,,,
8411,1812.22,4172.33,5194.96,505.36,279.57,-231.1,-3868.3,-31854.28,1725.27,22435.32,-6417.79,183.58,171.36,-6234.21,-6062.85,,,,,
8421,1771.94,4146.21,5181.37,522.27,266.35,-214.02,-3830.55,-31806.14,1709.04,22449.27,-6483.13,183.49,195.74,-6299.64,-6103.9,,,,,
8431,1697.85,4219.3,5245.66,491.3,267.99,-209.3,-3884.39,-31831.68,1705.82,22577.21,-6472,181.27,279.75,-6290.73,-6010.98,,,,,
8441,1806.9,4220.64,5179.81,514.93,273.6,-212.57,-3924.85,-31713.22,1724.31,22413.12,-6505.16,181.26,282.67,-6323.89,-6041.23,,,,,
8451,1772.58,4264.37,5225.67,516.52,294.21,-200.72,-3945.02,-31815.3,1719.35,22515.13,-6503.04,182.94,346.79,-6320.1,-5973.31,,,,,
8461,1907.15,4162.91,5217.67,514.48,271.77,-239.03,-3899.15,-31773.1,1719.37,22572.65,-6528.03,184.19,454.71,-6343.84,-5889.13,,,,,
8471,1776.41,4183.71,5181.27,495.17,281.64,-227.35,-3851.55,-31631.25,1707.8,22530.51,-6709.73,186.85,446.36,-6522.88,-6076.52,,,,,
8481,1857.38,4123.18,5201.55,503.24,273.2,-254.48,-3882.39,-31694.42,1733.23,22563.32,-6592.29,182.05,423.8,-6410.24,-5986.44,,,,,
8491,1816.57,4157.06,5264.02,500.58,303.54,-238.86,-3831.34,-31778.55,1706.33,22459.34,-6514.55,187.4,358.7,-6327.15,-5968.46,,,,,
8501,1769.13,4182.5,5224.56,497.06,285.71,-210.99,-3821.7,-31936.97,1745.54,22557.42,-6449.14,181.97,292.26,-6267.16,-5974.9,,,,,
8511,1830.35,4154.47,5219.73,486.99,275,-231.33,-3848.52,-31560.83,1717.74,22418.96,-6655.49,185.32,462.55,-6470.17,-6007.62,,,,,
8521,1760.47,4199.2,5173.16,508.35,263.02,-202.83,-3889.45,-31623.1,1727.99,22474.83,-6637.24,186.89,391.65,-6450.35,-6058.7,,,,,
8531,1830.87,4261.75,5167.53,513.95,264.4,-245.07,-3803.39,-31623.7,1728.03,22500.23,-6719.19,188.01,594.6,-6531.18,-5936.58,,,,,
8541,1741.37,4160.22,5185.49,509.38,275.96,-213.18,-3856.03,-31664.99,1728.32,22588.48,-6663.05,183.85,455.02,-6479.2,-6024.18,,,,,
8551,1816,4166.1,5225.45,518.55,277.73,-233.38,-3849.92,-31860.51,1712.79,22573.44,-6472.28,183.41,346.24,-6288.87,-5942.63,,,,,
8561,1764.56,4139.08,5200.41,500.45,273.03,-204.94,-3774.76,-31862.23,1754.7,22658.99,-6585.85,182.17,449.29,-6403.68,-5954.39,,,,,
8571,1764.05,4223.36,5206.24,507.63,275.19,-207.11,-3865.92,-31574.24,1729.35,22444.78,-6660.09,183.58,503.34,-6476.51,-5973.17,,,,,
8581,1838.14,4187.69,5230.81,505.49,283.05,-201.64,-3856.31,-31650.9,1695.98,22504.61,-6651.65,183.4,536.94,-6468.25,-5931.32,,,,,
8591,1755.23,4264.41,5187.55,523.1,285.34,-240.45,-3847.63,-31553.09,1727.72,22596.51,-6780.59,182.56,698.68,-6598.03,-5899.35,,,,,
8601,1835.22,4093.53,5189.21,501.31,263.36,-234.44,-3859.58,-31631.08,1728.96,22682.1,-6774.49,185.8,568.58,-6588.68,-6020.11,,,,,
8611,1722.61,4252.93,5177.56,494.6,288.57,-174.67,-3864.69,-31523.96,1729.26,22471.9,-6754.58,185.61,574.12,-6568.97,-5994.85,,,,,
8621,1781.91,4215.31,5186.78,522.9,276.6,-215.4,-3867.52,-31607.72,1709.28,22566.64,-6685.63,184.98,568.79,-6500.65,-5931.87,,,,,
8631,1821.82,4205.28,5198.29,492.34,293.26,-227.04,-3831.24,-31476.62,1700.95,22459.99,-6744.49,181.96,637.03,-6562.53,-5925.5,,,,,
8641,1800.73,4306.52,5237.37,512.17,269.3,-237.64,-3867.97,-31664.33,1713.13,22522.2,-6632.41,182.84,591.49,-6449.57,-5858.08,,,,,
8651,1815.48,4206.61,5182.4,510.73,291.55,-222.25,-3836.51,-31692.21,1731.78,22605.81,-6703.72,187.58,593.38,-6516.14,-5922.76,,,,,
8661,1866.58,4156.66,5220.94,513.55,279.54,-219.6,-3878.39,-31779.54,1720.09,22605.2,-6615.39,180.81,485.02,-6434.58,-5949.56,,,,,
8671,1766.86,4229.63,5242.55,508.89,259.83,-242.06,-3882.65,-31581.14,1759,22541.49,-6748.67,183.24,602.4,-6565.44,-5963.03,,,,,
8681,1811.8,4270.72,5199.77,509.11,286.35,-203.58,-3870.89,-31575.41,1700.72,22541.08,-6738.04,185.6,669.67,-6552.44,-5882.77,,,,,
8691,1807.49,4164.61,5205.47,503.04,286.95,-216.84,-3884.06,-31484.51,1699.36,22596.81,-6822.39,187.62,678.3,-6634.78,-5956.47,,,,,
8701,1882.27,4249.29,5222.59,517.64,267.52,-222.67,-3863.83,-31581.88,1715.55,22613.49,-6783.67,181.54,799.97,-6602.13,-5802.16,,,,,
8711,1804.51,4216.77,5230.53,512.86,275.61,-200.21,-3910.22,-31769.9,1694.9,22706.68,-6654.28,181.42,561.54,-6472.86,-5911.32,,,,,
8721,1859.98,4256.61,5236.46,532.95,274.23,-229.7,-3841.07,-31813.61,1716.61,22602.78,-6589.66,184,595.24,-6405.66,-5810.41,,,,,
8731,1774.07,4127.64,5214.92,498.14,260.63,-211.69,-3863.25,-31769.87,1728.79,22688.81,-6655.45,180.64,448.18,-6474.81,-6026.63,,,,,
8741,1816.96,4117.95,5169.83,513.79,263.67,-217.21,-3836.38,-31582.85,1710.64,22673.71,-6841.82,186.61,630.1,-6655.21,-6025.1,,,,,
8751,1796.48,4217.65,5191.1,518.6,281.94,-215.11,-3894.66,-31616.51,1726.86,22579.62,-6737.65,184.08,585.98,-6553.57,-5967.59,,,,,
8761,1833.57,4273.09,5152.94,515.43,275.4,-198.37,-3889.67,-31846.81,1738.63,22587.47,-6562.81,184.5,441.67,-6378.31,-5936.64,,,,,
8771,1860.67,4233.91,5161.85,517.07,281.73,-182.65,-3858.34,-31628.02,1699.89,22654.33,-6812.67,186.87,740.46,-6625.79,-5885.33,,,,,
8781,1778.94,4081.21,5214.58,517.25,273.88,-230.83,-3832.28,-31708.55,1696.98,22646.06,-6693.73,185.09,437.24,-6508.64,-6071.4,,,,,
8791,1789.67,4138.55,5187.28,514.17,286.75,-240.63,-3886.65,-31644.3,1740.76,22693.78,-6779.71,185.86,579.39,-6593.85,-6014.46,,,,,
8801,1836.42,4121.18,5215.75,524.66,272.89,-216.76,-3824.41,-31732.88,1690.64,22707.75,-6741.98,183.63,595.24,-6558.35,-5963.1,,,,,
8811,1859.14,4209.31,5171.94,506.78,287.21,-230.41,-3863.61,-31638.82,1690.37,22652.82,-6707.74,189.34,644.74,-6518.4,-5873.66,,,,,
8821,1766.85,4226.7,5205.22,517.79,280.25,-207.67,-3867.14,-31734.1,1727.39,22705.41,-6718.51,184.93,620.69,-6533.58,-5912.89,,,,,
8831,1793.51,4257.62,5187.16,511.22,260.44,-191.6,-3822.9,-31778.27,1696.22,22533.14,-6605.51,183.26,446.53,-6422.25,-5975.72,,,,,
8841,1846.38,4084.34,5234,505.19,273.3,-236.16,-3860.48,-31585.34,1733.19,22565.16,-6749.25,185.59,559.59,-6563.67,-6004.08,,,,,
8851,1769.75,4115.4,5195.45,498.77,259.23,-218.64,-3853.12,-31756.61,1738.19,22544.42,-6547.75,184.83,292.84,-6362.92,-6070.08,,,,,
8861,1779.16,4199.03,5166.32,528.73,266.94,-187.73,-3866.48,-31673.43,1749.85,22597.78,-6678.51,180.24,560.17,-6498.26,-5938.09,,,,,
8871,1763.09,4225.67,5224.21,505.1,269.71,-224.66,-3877.92,-31747.84,1716.8,22554.54,-6581.75,184.09,408.71,-6397.66,-5988.96,,,,,
8881,1809.22,4178.86,5245.12,503.22,264.89,-222.63,-3878.47,-31728.87,1737.78,22455.72,-6560.35,182.86,364.83,-6377.49,-6012.66,,,,,
8891,1799.48,4252.46,5188.8,526.26,291.76,-224.22,-3833.02,-31808.13,1719.27,22587.39,-6617.99,183.59,500.06,-6434.41,-5934.35,,,,,
8901,1802.55,4208.99,5192.77,510.21,265.2,-211.47,-3863.2,-31834.53,1746.74,22629.59,-6564.72,178.51,446.85,-6386.2,-5939.35,,,,,
8911,1804.54,4167.8,5214.47,490.81,269.59,-219.97,-3893.67,-31530.65,1699.5,22447.38,-6718.25,184.63,449.81,-6533.62,-6083.81,,,,,
8921,1717.94,4197.34,5216.95,496.76,282.94,-212.3,-3823.28,-31733.74,1760.25,22515.24,-6648.98,187.55,418.1,-6461.43,-6043.34,,,,,
8931,1853.7,4138.05,5209.46,507.62,264.16,-226.05,-3863.52,-31653.4,1703.76,22495.41,-6689.89,186.78,429.2,-6503.11,-6073.91,,,,,
8941,1786.86,4269.03,5244.85,500.27,272.04,-210.84,-3820.38,-31770.99,1722.16,22494.07,-6568.04,185.89,487.06,-6382.14,-5895.08,,,,,
8951,1818.24,4212.89,5200.27,520.31,249.97,-221.66,-3841.39,-31823.22,1707.26,22545.5,-6542.39,185.22,368.18,-6357.17,-5989,,,,,
8961,1831.05,4147.68,5242.73,494.27,286.64,-202.53,-3815.66,-31670.78,1726.15,22595.8,-6719.51,185.94,635.37,-6533.57,-5898.2,,,,,
8971,1796.46,4275.55,5218.89,514.9,287.29,-237.19,-3844.68,-31725.3,1707.16,22537.08,-6652.4,188.88,530.17,-6463.53,-5933.36,,,,,
8981,1814.36,4160.11,5197.65,508.92,274.12,-239.58,-3816.42,-31701.03,1720.75,22684.68,-6716.48,188.87,603.55,-6527.61,-5924.06,,,,,
8991,1812.49,4245.67,5226.3,511.68,274.71,-231.53,-3916.87,-31642.86,1739.85,22634.17,-6724.21,184.9,653.6,-6539.31,-5885.71,,,,,
9001,1869.92,4275.97,5219.13,521.69,267.66,-223.29,-3906.8,-31643.08,1693.25,22555.59,-6677.91,182.87,630.04,-6495.05,-5865,,,,,
9011,1773.51,4172.43,5237.02,500.93,305.86,-202.14,-3868.74,-31727.59,1714.52,22573.02,-6604.72,186.78,478.82,-6417.94,-5939.11,,,,,
9021,1812.61,4162.36,5216.02,523.84,288.83,-231.84,-3825,-31722.48,1688.97,22600.72,-6749.92,186.85,514.04,-6563.07,-6049.03,,,,,
9031,1802.59,4215.11,5233.24,515.42,272.8,-234.64,-3799.55,-31751.82,1735.91,22482.27,-6580.91,184.26,471.32,-6396.66,-5925.33,,,,,
9041,1786.56,4199.4,5225.5,489.02,278.44,-234.61,-3837.3,-31793.56,1683.67,22641.13,-6646.57,182,438.25,-6464.57,-6026.32,,,,,
9051,1810.09,4153.12,5177.61,497.93,277.38,-210.17,-3883.6,-31782.02,1743.14,22673.91,-6690.48,179.39,457.39,-6511.09,-6053.7,,,,,
9061,1767.49,4230.44,5213.84,495.18,295.14,-229.03,-3841.23,-31546.7,1734.3,22542.14,-6750.18,187.23,661.57,-6562.95,-5901.38,,,,,
9071,1775.3,4111.41,5200.88,517.21,264.92,-235.53,-3834.14,-31843.02,1743.38,22590.53,-6511.65,185.43,290.93,-6326.22,-6035.29,,,,,
9081,1785.24,4207.75,5208.21,502.17,269.42,-220.78,-3800.07,-31775.77,1729.34,22586.75,-6609.44,186.1,492.26,-6423.34,-5931.08,,,,,
9091,1757.64,4161.52,5198.72,512.48,276.05,-231.67,-3822.27,-31966.94,1742.88,22692.63,-6527.61,184.05,321.03,-6343.56,-6022.54,,,,,
9101,1832.64,4203.83,5258.14,518.52,295.64,-213.96,-3866.4,-31695.78,1704.99,22512.9,-6611.91,183.66,550.52,-6428.25,-5877.74,,,,,
9111,1744.14,4139.14,5233.23,487.4,272.55,-215.84,-3911.77,-31786.45,1727.63,22615.22,-6605.11,181.82,305.26,-6423.3,-6118.04,,,,,
9121,1802.11,4146.48,5277.11,508.65,289.2,-245.06,-3882.33,-31856.7,1728.29,22564.4,-6487.77,180.85,332.14,-6306.92,-5974.78,,,,,
9131,1766.86,4163.5,5190.55,496.5,275.22,-226.27,-3857.52,-31665.24,1754.36,22563.38,-6608.83,181.49,461.33,-6427.34,-5966.01,,,,,
9141,1779.13,4162.09,5199.5,517.27,269.81,-196.7,-3859.39,-31611.34,1740.46,22609.18,-6728.97,183.77,610.01,-6545.2,-5935.2,,,,,
9151,1760.55,4178.26,5170.04,499.12,268.24,-196.19,-3876.47,-31496.06,1729.05,22583.41,-6865.34,184.87,619.96,-6680.47,-6060.51,,,,,
9161,1850.16,4141.99,5225.03,526.44,280.46,-258.98,-3868.8,-31666.35,1720.59,22519.36,-6642.07,182.98,469.89,-6459.08,-5989.19,,,,,
9171,1798.51,4094.64,5203.71,501.12,276.45,-229.56,-3837.93,-31673.79,1709.16,22755.1,-6791,185.67,597.42,-6605.34,-6007.92,,,,,
9181,1750.46,4169.3,5230.7,500.59,269.2,-233,-3879.28,-31590.23,1718.44,22703.04,-6834.82,188.79,639.21,-6646.03,-6006.82,,,,,
9191,1875.63,4127.44,5229.91,510.69,283.12,-211.52,-3837.05,-31738.89,1723.76,22668.23,-6704.12,182.62,631.32,-6521.5,-5890.18,,,,,
9201,1776.99,4177.95,5210.44,512.01,281.82,-223.86,-3853.53,-31776.88,1696.89,22538.7,-6574.8,186,340.53,-6388.8,-6048.27,,,,,
9211,1770.27,4182.95,5203.03,506.48,281.27,-241.77,-3863.02,-31882.17,1738.27,22669.06,-6548.45,183.26,364.38,-6365.19,-6000.81,,,,,
9221,1796.97,4219.89,5262.24,523.27,267.24,-222.87,-3835.29,-31776.78,1765.6,22727.94,-6724.68,188.21,728.22,-6536.47,-5808.24,,,,,
9231,1840.01,4180.64,5247.76,518.55,286.42,-198.92,-3908.92,-31651.7,1690.26,22593.81,-6679.4,184.04,597.91,-6495.36,-5897.45,,,,,
9241,1809.27,4246.56,5193.78,523.98,260.31,-205.32,-3853.59,-31792.93,1739.8,22653.98,-6618.79,185.43,575.84,-6433.36,-5857.52,,,,,
9251,1830.47,4249.59,5202.83,511.7,269.77,-216.3,-3851.88,-31815.08,1739.01,22567.64,-6579.97,186.92,487.75,-6393.05,-5905.3,,,,,
9261,1790.95,4224.51,5223.75,511.35,287.24,-226.3,-3922.67,-31573,1704.58,22575.41,-6788.26,183.3,595.84,-6604.96,-6009.13,,,,,
9271,1855.25,4186.79,5208.58,516.37,280.47,-187.43,-3864.21,-31745.58,1688.26,22591.85,-6647.23,183.67,530.34,-6463.56,-5933.22,,,,,
9281,1834.64,4222.48,5272.81,510.07,243.6,-233.45,-3808.57,-31745.47,1714.67,22648.13,-6681.71,183.47,658.91,-6498.24,-5839.34,,,,,
9291,1863.84,4202.68,5204.5,499.08,282.67,-227.22,-3825.98,-31559.5,1710.99,22479.73,-6717.83,187.5,630.79,-6530.33,-5899.54,,,,,
9301,1811.26,4178.09,5233.58,512.11,265.24,-207.49,-3857.52,-31754.26,1712.32,22570.19,-6602.49,183.59,463.51,-6418.9,-5955.39,,,,,
9311,1791.71,4271.96,5184.09,520.84,273.25,-214.41,-3813.96,-31628.13,1726.47,22503.27,-6680.22,183.68,615.09,-6496.54,-5881.45,,,,,
9321,1837.69,4234.6,5198.78,537.01,272.75,-187.37,-3871.12,-31526.7,1700.53,22550.75,-6764.73,185.72,746.92,-6579.01,-5832.09,,,,,
9331,1735.84,4190.86,5220,500.39,270.93,-209.99,-3856.88,-31749.18,1720.17,22634.13,-6634.65,185.02,456.27,-6449.62,-5993.35,,,,,
9341,1796.57,4103.67,5247.15,510.97,258.46,-209.2,-3873.33,-31625.04,1735.14,22706.94,-6813.1,184.96,651.32,-6628.14,-5976.82,,,,,
9351,1816.37,4281.11,5213.69,523.15,273.05,-220.85,-3832.65,-31530.65,1704.77,22537.03,-6832.13,188.48,765.02,-6643.65,-5878.63,,,,,
9361,1805.74,4171.19,5194.68,506.37,293.08,-194.69,-3872.08,-31689.2,1716.05,22596.69,-6691.49,186.32,527.83,-6505.18,-5977.35,,,,,
9371,1760.8,4153.69,5157.64,495.71,268.08,-233.71,-3872.13,-31593.09,1707.71,22685.11,-6767.16,181.51,529.81,-6585.64,-6055.83,,,,,
9381,1736.51,4216.31,5212.74,500.42,266.87,-202.28,-3837.95,-31612.69,1718.73,22563.64,-6791.5,184.27,562.29,-6607.23,-6044.94,,,,,
9391,1799.62,4193.88,5214.66,531.98,278.43,-215.58,-3835.88,-31684.74,1746.81,22573.72,-6687.92,187.95,602.91,-6499.97,-5897.07,,,,,
9401,1835.34,4122.96,5189.67,513.71,260.4,-197.19,-3816.02,-31578.89,1734.25,22615.36,-6800.17,187.39,679.58,-6612.79,-5933.2,,,,,
9411,1792.48,4200,5184.08,507.37,275.29,-224.23,-3838.44,-31569.34,1719.96,22670.65,-6829.27,185.73,717.82,-6643.53,-5925.71,,,,,
9421,1796,4203.3,5220.69,511.48,286.95,-224.79,-3836.1,-31549.3,1692.88,22558.2,-6812.6,188.28,659.33,-6624.32,-5964.99,,,,,
9431,1798.7,4284.85,5221.14,504.16,263.66,-204.04,-3845.2,-31671.89,1727.14,22510.81,-6650.77,185.52,589.33,-6465.25,-5875.92,,,,,
9441,1843.98,4136.36,5172.91,509.54,285.67,-201.65,-3816.81,-31452.54,1714.78,22465.32,-6805.42,187.37,657.56,-6618.05,-5960.49,,,,,
9451,1859.67,4162.64,5186.94,514.87,257.76,-193.47,-3849.95,-31663.34,1693.13,22540.79,-6668.68,184.86,509.03,-6483.82,-5974.79,,,,,
9461,1781.89,4227.2,5187.66,497.31,281.3,-228.86,-3825.91,-31604.81,1708.21,22572.75,-6721.49,186.61,596.75,-6534.89,-5938.13,,,,,
9471,1724.42,4179.41,5219.31,507.5,269.3,-227.8,-3870.57,-31642.14,1744.99,22584.52,-6670.14,185.32,488.94,-6484.82,-5995.88,,,,,
9481,1795.62,4221.14,5265.67,517.09,281.73,-245.7,-3852.85,-31488.63,1715.2,22458.66,-6699.34,183.69,667.93,-6515.64,-5847.71,,,,,
9491,1771.48,4188.02,5153.1,514.6,267.68,-203.53,-3829.86,-31715.32,1752.45,22553.9,-6618.32,183.55,452.52,-6434.77,-5982.25,,,,,
9501,1764.69,4217.26,5242.41,516.65,252.28,-217,-3842.87,-31697.41,1727.78,22612.94,-6595.89,182.29,576.71,-6413.61,-5836.9,,,,,
9511,1773.27,4187,5244.48,502.61,274.58,-223.09,-3846.53,-31649.79,1745.73,22510.91,-6625.97,184.15,519.16,-6441.82,-5922.66,,,,,
9521,1789.13,4202.64,5207.12,511.01,277.24,-227.83,-3839.72,-31453.36,1728.86,22568.68,-6832.34,190.55,763.78,-6641.79,-5878.01,,,,,
9531,1818.31,4100.26,5253.45,497.88,284.3,-205.49,-3863.77,-31463.55,1704.99,22532.8,-6812.25,184.85,659.17,-6627.39,-5968.22,,,,,
9541,1729.46,4172.97,5232.73,512.23,250.74,-203.19,-3864.2,-31672.67,1732.93,22645.6,-6654.3,183.72,536.59,-6470.57,-5933.99,,,,,
9551,1805.1,4185.73,5191.74,499.67,269.4,-213.04,-3855.44,-31697.11,1719.94,22651.71,-6714.59,187.49,557.7,-6527.1,-5969.41,,,,,
9561,1804.84,4114.71,5214.21,503.66,271.65,-205.08,-3825.17,-31535.09,1745.81,22588.26,-6803.02,188.9,677.81,-6614.13,-5936.31,,,,,
9571,1811.36,4196.83,5201.17,500.32,265.3,-210.77,-3927.35,-31447.02,1698.77,22576.33,-6831.23,186.07,664.96,-6645.15,-5980.2,,,,,
9581,1792.8,4253.63,5246.02,498.93,274.77,-212.09,-3876.41,-31610.09,1709.05,22579.85,-6739.19,185.37,656.45,-6553.82,-5897.36,,,,,
9591,1876.79,4286.75,5245.33,529.93,277.68,-204.29,-3812.61,-31406.44,1741.27,22545.27,-6912.15,188.33,1079.68,-6723.82,-5644.14,,,,,
9601,1849.87,4120.19,5217.13,506.24,286.75,-226.06,-3866.22,-31561.9,1707.61,22626.48,-6821.31,187.51,660.1,-6633.8,-5973.7,,,,,
9611,1798.27,4095.46,5194.05,503.4,263.28,-215.64,-3870.66,-31321.61,1731.61,22515.27,-6903.53,184.67,693.43,-6718.87,-6025.44,,,,,
9621,1808.99,4218.76,5226.42,494.43,286.98,-200.95,-3830.27,-31641.61,1716.66,22556.46,-6687.46,188.8,635.87,-6498.66,-5862.79,,,,,
9631,1767.23,4235.45,5202.97,510.38,269.53,-212.17,-3810.5,-31358.4,1758.95,22551.12,-6927.23,190.58,914.55,-6736.65,-5822.1,,,,,
9641,1763.05,4181.01,5176.91,505.56,271.44,-208.06,-3858.23,-31564.42,1719.24,22609.86,-6766.06,185.76,596.37,-6580.3,-5983.94,,,,,
9651,1883.95,4225.94,5207.31,510.91,253.23,-230.35,-3842.81,-31583.4,1699.02,22655.59,-6807.5,188.46,779.38,-6619.03,-5839.65,,,,,
9661,1788.96,4168.86,5196.69,503.18,285.44,-205.4,-3828.17,-31725.46,1717.78,22580.08,-6654.34,187.09,481.95,-6467.25,-5985.3,,,,,
9671,1838.16,4251.33,5195.2,507.9,264.36,-210.21,-3838.52,-31647.7,1727.28,22649.57,-6743.44,183.78,737.38,-6559.67,-5822.29,,,,,
9681,1808.61,4126.73,5219.52,503.43,288.92,-213.86,-3870.19,-31666.89,1693.58,22688.95,-6700.32,186.21,578.82,-6514.12,-5935.3,,,,,
9691,1813.4,4232.12,5190.62,515.54,286.38,-191.05,-3849.54,-31500.35,1727.32,22614.16,-6870.71,187.61,838.6,-6683.1,-5844.5,,,,,
9701,1772.42,4214.52,5185.35,515.98,252.49,-217.61,-3864.86,-31508.82,1730.32,22559.46,-6818.95,182.28,639.25,-6636.67,-5997.42,,,,,
9711,1806.59,4143.19,5199.78,503.51,288.92,-234.6,-3902.99,-31387.85,1734.58,22504.16,-6877.69,183.66,655.31,-6694.03,-6038.73,,,,,
9721,1835.2,4117.13,5222.92,500.31,276.3,-240.58,-3895.19,-31494.36,1744.37,22632.93,-6858.43,189.18,699.04,-6669.25,-5970.21,,,,,
9731,1831.67,4233.77,5195.52,513.52,279.89,-215.45,-3874.4,-31507.61,1716.45,22616.62,-6799.05,184.9,789.98,-6614.15,-5824.16,,,,,
9741,1777.97,4229,5174.58,531.5,264.77,-219.6,-3889.02,-31454.61,1745.11,22598.69,-6845.84,184.04,758.4,-6661.81,-5903.4,,,,,
9751,1806.7,4218.23,5191.57,514.44,282.11,-209.07,-3839.12,-31655,1711.32,22615.04,-6726.52,187.29,636.22,-6539.23,-5903.01,,,,,
9761,1738.38,4165.27,5190.85,493.29,256.96,-225.98,-3888.83,-31567.08,1724,22657.68,-6816.21,186.48,544.54,-6629.73,-6085.18,,,,,
9771,1821.73,4235.38,5211.04,500.24,261.57,-199.97,-3866.22,-31687.89,1715.15,22632.18,-6716.74,184.11,623.2,-6532.63,-5909.42,,,,,
9781,1875.76,4212,5155.42,496.71,272.92,-193.71,-3862.3,-31842.8,1739.97,22669.29,-6606.48,183.21,523.25,-6423.26,-5900.02,,,,,
9791,1819.89,4185.38,5158.33,511,287.03,-197.4,-3825.73,-31543.19,1713.99,22615.05,-6825.06,188.35,724.36,-6636.7,-5912.35,,,,,
9801,1804.37,4145.98,5208.14,511.2,262.87,-196.62,-3888.88,-31500.26,1742.39,22592.97,-6814.08,185.78,682.17,-6628.29,-5946.12,,,,,
9811,1819.51,4194.64,5120.24,515.73,277.73,-196.61,-3860.05,-31544.56,1705.63,22538.24,-6737,186.1,570.5,-6550.9,-5980.4,,,,,
9821,1813.55,4196.51,5200.39,503.15,282.11,-209,-3867.06,-31520.25,1713.31,22555.02,-6744.22,184.94,667.74,-6559.29,-5891.55,,,,,
9831,1817.93,4207.15,5171.42,505.81,285.39,-215.71,-3838.42,-31485.45,1730.42,22625.03,-6876.56,190.84,803.59,-6685.72,-5882.13,,,,,
9841,1867.64,4230.19,5187.12,521.36,283.03,-227.93,-3856.95,-31668.68,1709.57,22590.38,-6721.58,185.21,635.74,-6536.36,-5900.62,,,,,
9851,1838.61,4160.69,5167.88,517.22,266.33,-213.33,-3872.88,-31767.32,1705.31,22592.57,-6589.16,186.33,395.08,-6402.83,-6007.75,,,,,
9861,1806.79,4232.28,5176.95,501.81,258.01,-199.73,-3809.43,-31642.68,1720.52,22618.64,-6761.92,188.61,663.15,-6573.32,-5910.17,,,,,
9871,1807.59,4241.38,5210.12,515.66,278.88,-228.3,-3774.51,-31643.97,1680.46,22483.64,-6710.6,190,570.96,-6520.6,-5949.64,,,,,
9881,1813.65,4205.72,5224.85,522.83,282.76,-222.97,-3885.76,-31733.95,1732.59,22636.54,-6671.54,183.52,576.26,-6488.02,-5911.76,,,,,
9891,1795.56,4199.84,5202.08,495.17,276.92,-218.31,-3900.96,-31775.25,1726.72,22643.48,-6602.6,184.19,445.26,-6418.41,-5973.15,,,,,
9901,1753.02,4254.19,5202.88,507.96,263.41,-224.09,-3848.32,-31850.77,1711.42,22560.15,-6567.76,187.26,329.86,-6380.5,-6050.64,,,,,
9911,1817.03,4242.15,5216.22,512.56,252.25,-217.25,-3876.99,-31790.66,1666.25,22551.94,-6591.66,184.72,373.5,-6406.94,-6033.44,,,,,
9921,1844.88,4215.58,5228.34,515.1,256.55,-240.23,-3866.73,-31788.15,1696.01,22537.83,-6554.34,184.46,399.18,-6369.88,-5970.7,,,,,
9931,1838.54,4139.7,5250.14,503.61,279.04,-216.8,-3862.27,-31827.45,1724.32,22638.18,-6625.57,184.32,467,-6441.25,-5974.25,,,,,
9941,1805.66,4180.78,5203.24,502.61,255.95,-222.98,-3871.59,-31856.56,1734.86,22609.38,-6542.58,184.66,341.34,-6357.92,-6016.58,,,,,
9951,1859.89,4211.32,5214.54,507.35,268.02,-202.12,-3824.49,-31930.87,1699.39,22662.16,-6564.38,187.59,465.2,-6376.78,-5911.58,,,,,
9961,1749.23,4244.12,5176.84,515.45,297.24,-213.27,-3815.59,-31966.09,1769.88,22611.85,-6482.19,181.14,369.67,-6301.06,-5931.39,,,,,
9971,1863.84,4239.69,5169.48,521.62,277.68,-196.11,-3793.5,-31810.58,1727.15,22737.67,-6696.37,191.64,736.94,-6504.73,-5767.8,,,,,
9981,1800.75,4172.81,5175.64,519.11,277.04,-209.07,-3839.08,-31879.34,1689.01,22746.86,-6616,187.84,453.73,-6428.16,-5974.44,,,,,
9991,1829.19,4148.85,5202.46,507.36,280.48,-214.26,-3815.83,-31774.56,1690.3,22731.37,-6687.89,189.24,585.35,-6498.65,-5913.3,,,,,
10001,1837.25,4194.26,5130.74,501.24,263.68,-225.95,-3826.53,-31710.28,1679.37,22680.69,-6716.58,190.61,524.48,-6525.96,-6001.49,,,,,
,,,,,,,,,,,,,,,,,,,,
Ligand Energy Terms,,,,,,,,,,,,,,,,,,,,
Frame #,BOND,ANGLE,DIHED,UB,IMP,CMAP,VDWAALS,EEL,1-4 VDW,1-4 EEL,EGB,ESURF,GGAS,GSOLV,TOTAL,,,,,
1,6.25,21.2,4.78,0,0.14,0,0.93,4.98,23.49,-67.13,-12.82,2.95,-5.35,-9.87,-15.22,,,,,
11,6.08,19.72,2.49,0,-0.07,0,-0.78,6.07,19.96,-66.84,-13.43,2.95,-13.38,-10.47,-23.85,,,,,
21,12.09,18.07,7.76,0,0.03,0,-0.51,4.93,19.98,-67.36,-11.89,2.93,-5.02,-8.95,-13.97,,,,,
31,12.34,19.58,3.58,0,0.21,0,-1.79,3.71,17.23,-65.6,-12.77,2.99,-10.74,-9.78,-20.53,,,,,
41,7.36,20.07,3.33,0,0.06,0,0.87,6.1,19.71,-66.96,-13.48,2.99,-9.46,-10.49,-19.94,,,,,
51,5.03,21.22,3.57,0,0.03,0,-2.7,5.46,22.34,-65.53,-13.43,2.97,-10.59,-10.46,-21.05,,,,,
61,8.92,15.25,5.94,0,0.16,0,0.91,4.16,19.78,-64.38,-13.45,3,-9.27,-10.45,-19.72,,,,,
71,12.38,18.55,5.18,0,0.22,0,-0.55,5.88,21.89,-65.12,-15.27,2.98,-1.58,-12.29,-13.87,,,,,
81,5.33,15.68,3.26,0,0.12,0,-1.7,4.69,21.31,-64.51,-13.52,2.99,-15.81,-10.53,-26.34,,,,,
91,4.51,26.11,3.8,0,0.15,0,0.43,5.64,21.66,-66.86,-13.3,2.96,-4.55,-10.34,-14.89,,,,,
101,9.49,19.11,2.73,0,0.04,0,-0.31,5.54,20.9,-67.52,-12.48,2.97,-10.02,-9.51,-19.53,,,,,
111,12.76,23.11,0.4,0,-0.02,0,-0.65,4.65,17.49,-64.45,-14.3,3.02,-6.72,-11.28,-18.01,,,,,
121,6.46,18.01,3.09,0,0.06,0,0.53,5.99,23.9,-65.96,-13.8,2.95,-7.93,-10.85,-18.78,,,,,
131,4.88,18.79,2.87,0,0.12,0,-0.44,5.2,20.9,-64.97,-13.4,3.01,-12.66,-10.39,-23.05,,,,,
141,9.96,24.71,4.93,0,-0.01,0,0.46,6.98,18.07,-67.47,-14.22,3.02,-2.36,-11.2,-13.57,,,,,
151,9.57,19.39,1.57,0,0.01,0,-2.19,5.99,18.39,-65.16,-14.34,3.03,-12.42,-11.31,-23.73,,,,,
161,8.64,23.84,1.85,0,0.04,0,0.43,6.35,20.66,-65.57,-14.13,3.01,-3.75,-11.12,-14.87,,,,,
171,10.21,20.4,3.68,0,-0.04,0,0.09,5.56,19.77,-64.46,-14.12,3.01,-4.79,-11.11,-15.9,,,,,
181,11.1,13.54,5.17,0,0.26,0,0.38,5.48,22.53,-66.41,-13.25,2.98,-7.96,-10.27,-18.23,,,,,
191,4.44,19.32,8.31,0,0.18,0,-1.74,4.68,26.23,-67.56,-12.11,2.95,-6.14,-9.16,-15.3,,,,,
201,9.9,12.72,2.53,0,0.04,0,0.91,5.3,19.55,-63.8,-14.62,3,-12.85,-11.62,-24.47,,,,,
211,7.07,18.96,4.94,0,0.04,0,-1.98,6.46,21.77,-66.34,-13.69,3.02,-9.07,-10.68,-19.75,,,,,
221,4.89,19.9,4.4,0,0.07,0,1.51,6.87,19.89,-65.47,-14.68,3.01,-7.93,-11.67,-19.6,,,,,
231,3.67,23.56,2.37,0,0.07,0,3.3,5.41,22.19,-64.47,-13.86,3.03,-3.9,-10.83,-14.74,,,,,
241,8.63,25.43,2.88,0,0.1,0,2.38,5.65,16.59,-64.77,-14.47,3.07,-3.12,-11.4,-14.52,,,,,
251,8.22,26.7,4.05,0,0.05,0,0.88,4.33,20.82,-66.49,-12.54,3,-1.46,-9.54,-10.99,,,,,
261,6.92,14.16,3.39,0,0.14,0,2.69,4.66,23.65,-64.6,-14.04,2.99,-8.99,-11.05,-20.04,,,,,
271,10.16,16.66,3.68,0,0.09,0,0.07,5.04,20.6,-63.99,-14.46,3,-7.7,-11.46,-19.16,,,,,
281,8.96,17.26,2.97,0,0.08,0,-0.36,5.46,20.34,-65.83,-14.02,3,-11.11,-11.02,-22.13,,,,,
291,3.91,20.09,3.86,0,-0.02,0,-0.94,4.1,21.45,-64.35,-13.68,2.98,-11.9,-10.71,-22.61,,,,,
301,12.26,26.4,3,0,0.12,0,0.27,5.32,19.21,-65.27,-14.58,3.1,1.32,-11.48,-10.17,,,,,
311,9.1,23.04,4.07,0,0.12,0,1.17,5.76,22.62,-66.72,-13.44,2.97,-0.83,-10.48,-11.31,,,,,
321,8.23,20.01,1.68,0,0.1,0,-0.38,6.83,25.05,-65.12,-15.11,2.99,-3.59,-12.11,-15.71,,,,,
331,11.04,23.28,1.06,0,0.01,0,0.2,4.29,21.67,-65.84,-13.16,2.96,-4.28,-10.2,-14.48,,,,,
341,12.02,23.79,3.06,0,0.12,0,-0.04,4.72,21.32,-64.04,-14.27,3.04,0.95,-11.23,-10.29,,,,,
351,8.34,24.6,4.9,0,0.09,0,0.31,5.58,20.36,-65.13,-15.34,3.05,-0.96,-12.29,-13.24,,,,,
361,8.61,18.35,4.83,0,0.09,0,-0.85,3.52,19.75,-62.95,-13.46,2.95,-8.64,-10.51,-19.15,,,,,
371,9.52,20.53,3.31,0,0.06,0,-1.52,6.35,20.79,-67.75,-13.56,3,-8.71,-10.57,-19.27,,,,,
381,5.39,24.21,4.43,0,0.06,0,-0.86,5.6,20.59,-67.91,-12.92,3.03,-8.48,-9.9,-18.37,,,,,
391,6.3,21.96,4.09,0,0.18,0,3.65,6.12,23.02,-68.54,-13.25,3,-3.2,-10.25,-13.46,,,,,
401,8.08,19.31,3.87,0,0.15,0,0.02,6.6,19.76,-67.7,-13.84,3.03,-9.92,-10.81,-20.72,,,,,
411,13.89,18.76,5.75,0,0.07,0,-1.36,6.65,18.13,-67.18,-14.99,3.02,-5.3,-11.97,-17.27,,,,,
421,8.18,13.85,4.18,0,0.18,0,1.32,4.6,21.29,-64.91,-14.08,2.99,-11.31,-11.09,-22.4,,,,,
431,7.46,22.14,3.97,0,0.1,0,-0.76,5.49,19.69,-65.32,-15.21,3.02,-7.22,-12.18,-19.41,,,,,
441,3.68,24.51,2.31,0,0.13,0,-0.29,4.08,20.1,-65.43,-13.42,2.97,-10.93,-10.45,-21.38,,,,,
451,11.36,19.76,3.4,0,0.09,0,0.73,5.83,20.88,-66.03,-14.32,3.03,-3.98,-11.29,-15.27,,,,,
461,8.06,18.64,3.53,0,0.16,0,-1.57,6.03,23,-66.25,-13.95,3.02,-8.4,-10.94,-19.34,,,,,
471,6.56,25.94,2.28,0,0.09,0,-0.27,6.9,18.89,-66.5,-13.83,3.04,-6.12,-10.8,-16.92,,,,,
481,18.21,16.93,6.88,0,0.02,0,0.12,4.79,19.22,-66.93,-13.13,2.95,-0.76,-10.19,-10.95,,,,,
491,10.22,17.17,3.3,0,0.63,0,0.21,3.31,21.71,-65.77,-12.86,2.99,-9.22,-9.88,-19.09,,,,,
501,9.22,24.39,1.08,0,0.08,0,-0.59,4.27,19.22,-63.87,-13.55,3.09,-6.2,-10.46,-16.66,,,,,
511,6.72,21.52,7.2,0,0.06,0,0.24,6.58,23.34,-64.95,-14.62,3.02,0.7,-11.61,-10.9,,,,,
521,11.06,20.05,6.52,0,0.17,0,-1.49,5.7,18.92,-65.66,-14.23,3.01,-4.73,-11.23,-15.96,,,,,
531,7.23,15.92,2.86,0,0.07,0,0.57,5.49,21.67,-64.41,-14.39,3.04,-10.59,-11.34,-21.94,,,,,
541,9.5,18.84,0.66,0,0.18,0,0.96,4.97,18.51,-64.78,-14.58,3.06,-11.16,-11.51,-22.67,,,,,
551,9.39,23.83,3.24,0,0.2,0,1.62,6.82,21.57,-65.54,-14.78,2.98,1.13,-11.8,-10.67,,,,,
561,10.67,20.95,1.37,0,0.07,0,1.51,5.26,20.05,-64.94,-14.58,3.02,-5.07,-11.56,-16.63,,,,,
571,6.21,20.9,0.93,0,0.08,0,-1.11,5.64,21.94,-64.37,-14.61,3.01,-9.77,-11.6,-21.38,,,,,
581,11.06,22.79,5.03,0,0.01,0,-0.36,4.66,17.82,-63.16,-14.07,3.06,-2.14,-11.01,-13.16,,,,,
591,7.66,21.97,2.58,0,0.13,0,0.97,6.12,19.07,-65.22,-14.1,3.04,-6.72,-11.05,-17.77,,,,,
601,9.93,21.71,5.38,0,0.14,0,3.89,7.14,21.49,-66.18,-15.43,3.07,3.5,-12.36,-8.85,,,,,
611,9.2,25.35,1.14,0,0.03,0,-0.97,6.12,19.83,-65.48,-15.58,3,-4.78,-12.58,-17.35,,,,,
621,13.97,13.85,7.82,0,0.13,0,-1.21,6.33,20.75,-68.71,-13.2,3.01,-7.07,-10.19,-17.26,,,,,
631,8.31,19.63,3.62,0,0.12,0,3.78,7.44,21.64,-66.41,-15.17,3.02,-1.87,-12.15,-14.02,,,,,
641,7.41,22.05,0.72,0,0.18,0,0.74,5.17,23.14,-66.22,-12.97,2.99,-6.8,-9.98,-16.78,,,,,
651,5.09,24.26,3.44,0,0.06,0,0.81,5.58,20.89,-63.95,-14.44,3.01,-3.82,-11.42,-15.24,,,,,
661,8.85,25.1,0.85,0,0.02,0,0.92,4.14,17.53,-63.55,-14.04,3.03,-6.13,-11,-17.14,,,,,
671,8.18,24.96,0.1,0,0.01,0,0.26,5.21,18.47,-62.92,-14.43,3,-5.72,-11.43,-17.15,,,,,
681,2.85,21.02,3.48,0,0.04,0,-1.09,5.57,22.58,-66.05,-13.38,3,-11.59,-10.38,-21.98,,,,,
691,4.72,21.13,2.68,0,0.21,0,-0.5,6.29,18.58,-66.01,-14.1,3,-12.89,-11.1,-23.99,,,,,
701,18.48,23.76,1.96,0,0.23,0,0.6,5.61,14.83,-63.44,-14.98,3.05,2.03,-11.92,-9.9,,,,,
711,10.85,13.6,4.24,0,0.14,0,2.86,5.15,21.11,-64.76,-14.25,3.03,-6.8,-11.23,-18.02,,,,,
721,5.73,22.34,1.39,0,0.14,0,2.75,6.14,22.19,-64.63,-14.31,2.97,-3.95,-11.34,-15.29,,,,,
731,6.59,15.28,1.16,0,0.05,0,-0.41,6.42,21.74,-64.48,-14.79,2.98,-13.66,-11.81,-25.47,,,,,
741,10.69,21.23,3.81,0,0.05,0,-1.07,6.1,16.11,-64.27,-15.56,3.05,-7.35,-12.51,-19.86,,,,,
751,7.65,19.68,0.31,0,0.02,0,-0.38,4.9,20.8,-65.08,-13.41,3.01,-12.1,-10.4,-22.5,,,,,
761,6.67,23.13,2.78,0,0.08,0,0.06,6.24,19.75,-65.41,-14.01,3,-6.7,-11.01,-17.71,,,,,
771,8.86,21.43,4.5,0,0.11,0,-0.08,5.74,22.94,-64.6,-14.46,3,-1.1,-11.46,-12.56,,,,,
781,11.36,18.01,5.05,0,0.11,0,-0.54,6,19.82,-66.69,-14.43,3.06,-6.88,-11.38,-18.26,,,,,
791,6.55,19.89,0.62,0,0.05,0,1.4,5.93,20.34,-65.31,-14.46,3.02,-10.53,-11.44,-21.97,,,,,
801,9.69,22.81,3.2,0,0.07,0,-0.83,7.63,20.04,-67.82,-13.86,3.01,-5.2,-10.85,-16.05,,,,,
811,13.24,13.38,3.15,0,0.23,0,1.23,6.31,18.06,-65.14,-14.27,3.02,-9.54,-11.25,-20.78,,,,,
821,5.85,18.28,3.46,0,0.1,0,0.45,5.56,21.2,-64.96,-13.9,2.98,-10.07,-10.92,-20.99,,,,,
831,8.65,19.03,3.25,0,0.18,0,1.18,5.92,19.84,-66.06,-14.08,2.98,-8.03,-11.11,-19.13,,,,,
841,7,16.08,5.21,0,0.31,0,-0.06,5.66,20.39,-63.55,-14.68,3.05,-8.96,-11.63,-20.59,,,,,
851,7.67,21.94,1.94,0,0.05,0,-2.07,5.07,22.24,-65.84,-13.13,3,-9,-10.13,-19.13,,,,,
861,7.55,18.65,3.91,0,0.07,0,-0.72,5.67,20.65,-65.61,-14.05,3.02,-9.84,-11.03,-20.88,,,,,
871,7.09,24.03,4.17,0,0.11,0,0.51,4.93,20.76,-64.37,-14.25,3.07,-2.77,-11.18,-13.95,,,,,
881,8.85,18.56,0.88,0,0.17,0,3.55,5.67,18.8,-65.03,-14.27,3.01,-8.54,-11.26,-19.8,,,,,
891,8.03,18.05,0.75,0,0.06,0,0.01,5.39,21.9,-65.32,-13.77,3.02,-11.12,-10.76,-21.87,,,,,
901,10.19,23.93,4.22,0,0.21,0,-0.81,6.12,18.04,-64.41,-15.56,3.02,-2.49,-12.54,-15.04,,,,,
911,11.95,24.07,3.51,0,0.09,0,0.18,4.92,19.57,-65.18,-13.78,3.03,-0.9,-10.75,-11.65,,,,,
921,6.6,11.91,3.35,0,0.16,0,-0.28,6.7,22.07,-66.06,-14.3,3.01,-15.55,-11.3,-26.85,,,,,
931,12.67,24.73,0.03,0,0.05,0,2.99,6.63,25.23,-68.5,-13.43,2.97,3.84,-10.45,-6.61,,,,,
941,11.67,19.23,2.67,0,0.09,0,0.65,5.04,19.57,-64.4,-14.51,3.02,-5.47,-11.49,-16.95,,,,,
951,9.82,16.93,6.14,0,0.07,0,-0.31,6.64,19.63,-65.16,-15.01,3.01,-6.23,-12,-18.23,,,,,
961,9.63,21.38,3.29,0,0.07,0,-0.01,7.05,19.72,-64.94,-15.83,2.97,-3.8,-12.86,-16.66,,,,,
971,8.31,21.1,4.94,0,0.15,0,-1.14,6.48,20.67,-65.07,-14.74,2.99,-4.56,-11.75,-16.3,,,,,
981,6.64,23.76,0.86,0,0.14,0,0.09,4.83,21.29,-64.18,-13.89,2.98,-6.57,-10.91,-17.48,,,,,
991,13.27,20.95,0.97,0,0.21,0,1.5,5.56,18.48,-65.44,-13.88,3.01,-4.49,-10.87,-15.36,,,,,
1001,11.72,20.36,1.55,0,0.48,0,2.85,6.33,19.27,-64.96,-14.6,3.04,-2.39,-11.57,-13.95,,,,,
1011,7.83,19.66,2.36,0,0.15,0,-0.37,5.82,20.48,-63.46,-15.14,2.98,-7.54,-12.16,-19.7,,,,,
1021,9.1,27.72,0.56,0,0.17,0,0.17,6.47,19.31,-66.54,-13.36,3,-3.05,-10.36,-13.41,,,,,
1031,5.71,24.48,6.8,0,0.25,0,3.11,5.61,20.34,-65.36,-14.12,3.06,0.95,-11.06,-10.11,,,,,
1041,7.89,29.72,-0.83,0,0.06,0,0.58,5.35,19.52,-64.09,-14.44,3.02,-1.8,-11.42,-13.22,,,,,
1051,5.56,18.47,7.46,0,-0.03,0,-0.57,5.32,22.29,-66.2,-13.78,2.99,-7.7,-10.79,-18.5,,,,,
1061,10.64,18.71,5.46,0,0.34,0,0.96,6.1,19.23,-66.09,-13.9,3.01,-4.65,-10.89,-15.54,,,,,
1071,6.54,17.51,7.62,0,0.24,0,-1.03,4.55,19.09,-65.28,-13.16,3.05,-10.75,-10.11,-20.87,,,,,
1081,9.51,24.25,3.25,0,0.26,0,0.43,5.81,21.26,-66.05,-13.82,3.01,-1.27,-10.81,-12.08,,,,,
1091,8.35,23.27,5.68,0,0.02,0,1.43,7.41,20.62,-67.44,-14.93,3.03,-0.65,-11.91,-12.56,,,,,
1101,7.38,20.55,3.03,0,0.01,0,0.15,6.12,19.16,-66.87,-13.63,3.01,-10.48,-10.62,-21.1,,,,,
1111,9.69,27.89,-1.88,0,0.03,0,1.16,6.71,21.26,-65.16,-15.11,3.02,-0.3,-12.08,-12.38,,,,,
1121,7.32,23.68,1.7,0,0.01,0,-0.24,5.03,22.45,-64.88,-13.97,3.04,-4.92,-10.93,-15.86,,,,,
1131,9.6,20.55,4.75,0,0.21,0,0.57,7.39,23.22,-65.54,-15.08,2.98,0.75,-12.09,-11.34,,,,,
1141,7.74,20.1,-1.25,0,0.06,0,-0.33,5.7,21.13,-65.39,-13.82,3,-12.24,-10.82,-23.06,,,,,
1151,8.27,18.24,2.38,0,0.03,0,0.34,6.39,17.29,-64.71,-14.5,2.99,-11.77,-11.51,-23.27,,,,,
1161,7.04,24.76,1.93,0,0.03,0,-0.2,6.84,20.26,-66.65,-14.79,3.05,-5.99,-11.74,-17.73,,,,,
1171,10.17,21.43,1.07,0,0.03,0,-0.21,6.66,20.38,-68.07,-13.68,3.01,-8.55,-10.66,-19.21,,,,,
1181,7.53,23.86,4.58,0,0.03,0,0.23,4.25,20.03,-65.65,-12.69,3.01,-5.14,-9.68,-14.82,,,,,
1191,7.37,17.61,6.75,0,0.11,0,0.41,6.34,21.03,-65.48,-14.61,3.01,-5.86,-11.6,-17.46,,,,,
1201,5.44,22.93,0.89,0,0.08,0,-0.66,5.56,19.11,-63.6,-13.84,3.02,-10.25,-10.82,-21.07,,,,,
1211,7.16,25.35,4.91,0,0.14,0,0.48,4.89,20.29,-65.42,-13.91,3.02,-2.2,-10.89,-13.09,,,,,
1221,6.46,17.21,2.8,0,0.08,0,0.24,6.93,24.07,-66.11,-13.79,3.04,-8.3,-10.75,-19.05,,,,,
1231,7.62,20.88,2.55,0,0.19,0,4.04,4.09,18.88,-64.74,-13.82,3.03,-6.48,-10.79,-17.26,,,,,
1241,9.22,19.73,3.24,0,0.11,0,-1.01,5.62,19.28,-65,-15.06,3.02,-8.81,-12.04,-20.84,,,,,
1251,9.25,27.68,0.69,0,0.1,0,-1.6,5.54,19.32,-64.73,-14.16,3.04,-3.76,-11.12,-14.88,,,,,
1261,7.72,27.02,4.54,0,0.25,0,-1.06,4.54,17.56,-63.92,-14.67,3.05,-3.35,-11.62,-14.97,,,,,
1271,9.43,16.41,5.51,0,0.13,0,1.22,6.25,19.02,-66.16,-14.06,3.01,-8.19,-11.05,-19.24,,,,,
1281,7.07,21.29,4,0,-0.02,0,-1.16,5.79,22.02,-67.19,-13.43,2.99,-8.19,-10.44,-18.63,,,,,
1291,7.52,17.64,4.6,0,0.03,0,-1.53,7.19,22.04,-67.35,-14.42,3.04,-9.86,-11.38,-21.25,,,,,
1301,7.66,18.99,3.87,0,0.01,0,2.84,7.32,24.35,-67.11,-14.09,2.95,-2.07,-11.14,-13.21,,,,,
1311,10.49,18.92,2.02,0,0.13,0,1.42,7.1,20.78,-66.34,-14.32,3.03,-5.48,-11.29,-16.77,,,,,
1321,5.98,17.34,2.94,0,0.19,0,1.38,5.66,20.57,-64.42,-14.46,2.99,-10.37,-11.47,-21.84,,,,,
1331,9.79,23.76,6.86,0,0.24,0,0.28,5.56,21.35,-66.27,-13.95,2.97,1.56,-10.99,-9.43,,,,,
1341,6.76,20.03,6.29,0,0.08,0,2.14,6.27,19.68,-67.03,-13.53,3.01,-5.78,-10.52,-16.3,,,,,
1351,7.84,20.64,5,0,0.13,0,0.03,5.1,19.94,-66.55,-13.88,3.02,-7.88,-10.86,-18.74,,,,,
1361,12.66,24.14,2.23,0,0.18,0,1.09,6.49,20.58,-63.11,-15.39,3.06,4.27,-12.32,-8.05,,,,,
1371,12.2,16.68,4.81,0,0.14,0,0.11,7.06,18.52,-66.47,-14.35,3.04,-6.95,-11.3,-18.25,,,,,
1381,10.04,18.99,2.07,0,0.01,0,-1.28,6.28,17.8,-64.15,-15.02,2.99,-10.22,-12.03,-22.25,,,,,
1391,7.39,21.19,0.28,0,0.06,0,2.94,6.72,18.65,-66.12,-14.74,3.05,-8.89,-11.69,-20.58,,,,,
1401,10.13,22.83,0.79,0,-0.02,0,1.14,6.52,21.71,-66.27,-13.99,3.04,-3.17,-10.94,-14.12,,,,,
1411,6.38,17.39,6.21,0,0.2,0,1.64,5.68,21.15,-64.3,-15.2,3.02,-5.65,-12.18,-17.82,,,,,
1421,12.38,18.83,2.01,0,0.09,0,3.81,6.49,18.61,-66.06,-14.38,3.04,-3.84,-11.34,-15.19,,,,,
1431,8.72,23.58,4.28,0,0.11,0,1.74,6.27,20.35,-67.6,-14.59,3.02,-2.55,-11.57,-14.12,,,,,
1441,11.76,15.09,4.55,0,0.37,0,1.25,6.11,19.69,-65.81,-14.11,3,-7,-11.11,-18.11,,,,,
1451,6.66,26.59,0.56,0,0.16,0,1.95,6.47,23.4,-66.37,-13.52,3.03,-0.58,-10.49,-11.06,,,,,
1461,8.58,17.58,5.33,0,0.12,0,0.71,6.07,19.07,-65.59,-14.76,3,-8.14,-11.77,-19.91,,,,,
1471,10.64,22.58,2.36,0,0.12,0,0,7.31,20.04,-65.2,-15.22,3,-2.15,-12.22,-14.37,,,,,
1481,5.74,20.64,3.03,0,0.03,0,2.51,6.5,23.19,-64.3,-15.21,3.03,-2.66,-12.18,-14.85,,,,,
1491,5.59,19.37,2.28,0,-0.01,0,4.59,5.4,21.72,-65.11,-14.44,3.04,-6.17,-11.4,-17.57,,,,,
1501,5.8,17.45,7.5,0,0.07,0,-1.25,6.21,22.22,-65.57,-14.86,3.05,-7.57,-11.81,-19.38,,,,,
1511,10.7,15.57,4.8,0,0.21,0,0.1,5.34,19.9,-65.59,-14.03,3.04,-8.98,-10.99,-19.97,,,,,
1521,3.83,16.42,4.98,0,0.11,0,2.56,5.91,22.48,-66.73,-13.5,3,-10.45,-10.5,-20.95,,,,,
1531,10.84,15.97,1.71,0,0.05,0,1.41,6.58,21.28,-64.81,-14.8,2.99,-6.96,-11.81,-18.77,,,,,
1541,9.05,21.56,3,0,0.05,0,-0.88,7.04,19.1,-66.92,-14.46,3,-7.99,-11.46,-19.44,,,,,
1551,10.68,21.45,5.74,0,-0.05,0,-0.28,5.24,18.5,-64.35,-14.49,3.05,-3.06,-11.44,-14.5,,,,,
1561,9.22,22,1.17,0,0.05,0,0.69,5.04,19.37,-64.55,-13.97,3.01,-7.02,-10.96,-17.98,,,,,
1571,9.2,20.97,5.39,0,0.05,0,-0.58,7.31,20.72,-67.78,-14.36,3,-4.73,-11.36,-16.08,,,,,
1581,5.87,19.45,4.01,0,0.02,0,0.43,6.14,20.24,-64.68,-14.71,3.02,-8.51,-11.69,-20.21,,,,,
1591,7.82,20.06,3.54,0,0.19,0,2.59,5.81,22.16,-64.25,-15.38,3.04,-2.08,-12.34,-14.43,,,,,
1601,7.15,21.63,4.63,0,0.05,0,-0.81,7.26,19.97,-64.31,-15.48,3.01,-4.42,-12.47,-16.89,,,,,
1611,5.92,15.52,1.35,0,0.17,0,2.98,7.52,22.57,-65.02,-15.39,3,-8.99,-12.4,-21.39,,,,,
1621,12.17,17.45,2.45,0,0.03,0,-0.96,5.04,18.16,-64.03,-14.66,3.04,-9.72,-11.62,-21.34,,,,,
1631,8.38,21.23,4.91,0,0.24,0,0.92,6.62,22.21,-67.26,-13.96,3.01,-2.74,-10.95,-13.69,,,,,
1641,7.38,15.14,4.44,0,0.33,0,-0.24,5.68,20.51,-66.9,-13.46,3.01,-13.65,-10.45,-24.1,,,,,
1651,5.76,18.66,2.78,0,0.18,0,0.13,5.5,23.66,-65.27,-13.73,3.02,-8.58,-10.71,-19.29,,,,,
1661,6.26,15.51,5.61,0,0.11,0,-0.56,4.81,23.11,-64.53,-13.62,3.01,-9.68,-10.62,-20.29,,,,,
1671,5.01,26.96,-1.02,0,0.16,0,2.67,3.51,22.18,-64.25,-12.69,3.02,-4.77,-9.67,-14.45,,,,,
1681,9.95,33.72,-0.33,0,0.17,0,0.95,2.34,16.75,-62.77,-13.16,3.02,0.78,-10.14,-9.36,,,,,
1691,8.95,23.08,1.79,0,0.12,0,4.8,5.15,19.95,-65.03,-13.94,3.05,-1.2,-10.9,-12.1,,,,,
1701,6.63,20.56,3.23,0,0.19,0,-1.22,3.29,21.15,-64.8,-12.82,3,-10.97,-9.81,-20.78,,,,,
1711,10.4,23.69,1.47,0,0.11,0,0.07,5.37,19.42,-64.08,-13.66,3.05,-3.55,-10.6,-14.15,,,,,
1721,5.37,19.85,5.83,0,0.1,0,1.28,5.27,23.8,-68.26,-11.92,2.98,-6.76,-8.95,-15.7,,,,,
1731,15.56,19.53,6.66,0,0.24,0,0.29,3.97,17.53,-64.94,-13.67,3.02,-1.16,-10.65,-11.81,,,,,
1741,8.58,22.37,7.48,0,0.36,0,-1.54,6.04,18.17,-64.99,-13.93,3.04,-3.53,-10.9,-14.43,,,,,
1751,10.44,19.86,2.92,0,0.03,0,0.75,3.73,23.54,-64.12,-12.68,2.98,-2.85,-9.7,-12.55,,,,,
1761,13.35,26.29,0.46,0,0.16,0,2.2,5.48,19.25,-66.57,-12.77,3.02,0.63,-9.75,-9.12,,,,,
1771,9.34,18.6,3.71,0,0.1,0,-0.77,4.62,18.75,-65.44,-13.27,3.03,-11.1,-10.24,-21.34,,,,,
1781,5.72,23.19,3.94,0,-0.05,0,0.82,4.61,20.64,-65.11,-13.43,3,-6.24,-10.43,-16.66,,,,,
1791,5.53,20.31,5.96,0,0.19,0,-0.31,4.39,22.35,-63.34,-13.85,3.04,-4.93,-10.82,-15.75,,,,,
1801,7.66,20.63,3.99,0,0.25,0,4.98,4.02,21.31,-64.02,-13.54,3.04,-1.18,-10.5,-11.68,,,,,
1811,7.96,15.01,5.05,0,0.24,0,1.77,5.08,21.39,-65.98,-13.44,3,-9.48,-10.44,-19.92,,,,,
1821,8,20.57,2.53,0,0.38,0,1.77,4.24,19.22,-63.53,-14.18,3.06,-6.83,-11.11,-17.94,,,,,
1831,9.43,17.45,1.28,0,0.13,0,2.8,5.06,20.8,-66.86,-12.24,2.96,-9.91,-9.29,-19.19,,,,,
1841,6.45,16.79,-0.49,0,0.02,0,0.81,6.36,20.88,-67.02,-13.08,2.95,-16.2,-10.13,-26.33,,,,,
1851,11.15,19.01,1.63,0,0.13,0,0.66,6.9,22.13,-67.24,-13.61,2.97,-5.63,-10.64,-16.28,,,,,
1861,9.78,23.63,1.45,0,0.09,0,1.6,5.14,18.79,-65.96,-12.23,3,-5.48,-9.23,-14.7,,,,,
1871,5.84,21.84,1,0,0.03,0,0.69,5.15,22.74,-64.79,-13.76,2.99,-7.51,-10.77,-18.28,,,,,
1881,4.34,22.56,3.26,0,0.1,0,-0.21,2.43,18.8,-63.69,-12.2,3.04,-12.4,-9.17,-21.57,,,,,
1891,8.07,15.63,2.98,0,0.11,0,0.92,5,23.02,-66.02,-13.5,3.01,-10.3,-10.49,-20.79,,,,,
1901,11.54,21.58,-0.63,0,0.04,0,-0.6,4.27,19.18,-65.1,-12.6,3.03,-9.73,-9.57,-19.3,,,,,
1911,7.97,12.35,2.57,0,0.06,0,2.73,4.05,20.34,-64.8,-13.17,2.99,-14.73,-10.18,-24.92,,,,,
1921,9.57,20.34,5.56,0,0.25,0,-0.49,3.7,19.52,-65.77,-12.69,3.03,-7.33,-9.66,-16.99,,,,,
1931,7.78,22.1,4.21,0,0.08,0,3.27,3.03,21.84,-64.95,-12.21,3,-2.64,-9.21,-11.85,,,,,
1941,7.78,21.24,3.7,0,0.05,0,0.57,3.98,21.92,-64.88,-12.94,3.01,-5.63,-9.93,-15.56,,,,,
1951,5.14,17.38,5.03,0,-0.01,0,0.56,5.3,22.1,-66.75,-13.45,3,-11.25,-10.45,-21.7,,,,,
1961,15.55,13.62,2.99,0,0.06,0,0.6,5.57,21.55,-65.49,-12.97,2.98,-5.56,-10,-15.55,,,,,
1971,8.82,22.01,0.99,0,0.05,0,0.49,4.06,18.96,-63.33,-14.21,3.05,-7.96,-11.17,-19.12,,,,,
1981,10.78,27.25,0.88,0,0.1,0,-1.06,4.55,19.16,-65.21,-13.36,3.01,-3.55,-10.35,-13.9,,,,,
1991,6.26,25.48,3.15,0,-0.12,0,0.22,4.68,21.6,-66.82,-13.01,2.96,-5.56,-10.05,-15.61,,,,,
2001,9.33,23.44,4.75,0,0.11,0,-0.71,5.19,21.57,-65.11,-13.48,3.01,-1.44,-10.47,-11.91,,,,,
2011,11.36,20.06,4.39,0,0.16,0,2.78,2.69,18.88,-61.81,-13.78,3.03,-1.49,-10.75,-12.24,,,,,
2021,9.56,17.76,6.73,0,0.18,0,-0.45,5.58,22.56,-66.65,-13.28,3,-4.73,-10.28,-15,,,,,
2031,8.85,23.13,0.62,0,0.07,0,-0.83,5.12,18.6,-66.36,-13,3.06,-10.8,-9.94,-20.74,,,,,
2041,7.74,23.7,1.36,0,0.29,0,0.14,4.6,20.28,-65.36,-12.49,3.02,-7.24,-9.47,-16.72,,,,,
2051,15.43,21.37,2.79,0,0.11,0,-1.19,5.81,18.08,-64.49,-14.47,3.04,-2.1,-11.43,-13.53,,,,,
2061,6.7,15.03,1.93,0,0.09,0,1.28,4.85,21.2,-65.09,-13.4,3.03,-14,-10.37,-24.37,,,,,
2071,14.69,18.59,5.52,0,0.06,0,0.55,5.23,19.58,-67.41,-13.83,3,-3.19,-10.82,-14.02,,,,,
2081,7.21,19.15,5.55,0,0.05,0,-0.37,6.14,23.64,-67.97,-11.9,2.98,-6.61,-8.92,-15.53,,,,,
2091,12.1,19.71,2.53,0,0.32,0,2.08,6.46,18.63,-69.08,-12.46,2.99,-7.23,-9.47,-16.7,,,,,
2101,9.7,20.56,3.62,0,0.28,0,2.94,5.76,21.51,-68.2,-12.3,2.95,-3.82,-9.35,-13.17,,,,,
2111,10.61,21.66,4.06,0,0.07,0,2.38,4.97,17.74,-66.43,-12.14,3.01,-4.94,-9.13,-14.07,,,,,
2121,19.04,31.95,0.55,0,0.02,0,1.55,5.69,18.02,-67.57,-12.54,2.95,9.26,-9.59,-0.33,,,,,
2131,4.79,24,-0.45,0,0.16,0,1.57,4.73,18.89,-66.25,-12.48,3,-12.56,-9.48,-22.04,,,,,
2141,9.64,21.2,5.32,0,0.04,0,-1.11,6.2,19.27,-68.19,-12.71,2.99,-7.63,-9.73,-17.36,,,,,
2151,8.52,18.02,4.03,0,0.09,0,-0.08,4.83,18.32,-67.04,-12.33,2.96,-13.31,-9.38,-22.69,,,,,
2161,7.28,24.7,-0.37,0,0.01,0,1.26,5.87,19.29,-67.17,-13.28,2.98,-9.12,-10.3,-19.42,,,,,
2171,6.43,23.1,1.4,0,0.06,0,-0.46,5.39,18.27,-66.95,-12.5,2.96,-12.75,-9.54,-22.29,,,,,
2181,15.83,20.9,1,0,0.05,0,-0.6,5.56,15.75,-66.58,-12.78,3.02,-8.1,-9.76,-17.86,,,,,
2191,11.41,19.61,0.5,0,0.07,0,0.73,5.02,17.95,-65.14,-13.52,3.04,-9.86,-10.48,-20.34,,,,,
2201,4.53,19.54,6.91,0,0.12,0,-1.2,4.42,23.67,-66.63,-12.97,3.01,-8.64,-9.96,-18.6,,,,,
2211,7.65,15.09,1.76,0,0.02,0,0.56,4.46,20.44,-65.28,-13.05,3.03,-15.3,-10.02,-25.32,,,,,
2221,7.2,15.5,3.99,0,0.06,0,1.61,4.93,22.79,-65.51,-13.37,3.02,-9.43,-10.34,-19.77,,,,,
2231,8.62,16.48,3.57,0,0.08,0,1.39,4.73,18.55,-63.98,-13.84,3.08,-10.55,-10.77,-21.32,,,,,
2241,14.31,26.84,9.91,0,0.09,0,-1.65,4.85,16.53,-64.11,-15.06,3.08,6.78,-11.98,-5.2,,,,,
2251,8.12,12.73,4.11,0,0.03,0,-0.15,5.61,25.4,-66.21,-13.3,2.99,-10.35,-10.3,-20.66,,,,,
2261,6.85,21.4,0.99,0,-0.01,0,1.48,4.96,22.85,-64.22,-13.24,3.04,-5.69,-10.21,-15.9,,,,,
2271,6.81,19.71,1.62,0,0.02,0,-1.66,4.21,21.4,-62.39,-14.16,3.03,-10.27,-11.13,-21.41,,,,,
2281,12.5,20,1.92,0,0.07,0,0.79,4.57,18.01,-66.29,-12.93,3.03,-8.42,-9.89,-18.31,,,,,
2291,8.33,21.3,5.46,0,0.07,0,-0.29,3.85,16.95,-62.19,-14.06,3.08,-6.53,-10.97,-17.5,,,,,
2301,12.39,16.91,4.12,0,0.09,0,0.68,6.04,21.85,-66.58,-13.49,2.99,-4.5,-10.49,-14.99,,,,,
2311,9.35,23.23,2.58,0,0.05,0,2.37,4.1,20.71,-64.77,-13.8,3.02,-2.39,-10.78,-13.17,,,,,
2321,7.13,22.4,2.03,0,0.1,0,0.19,4.63,19.26,-66.42,-13.33,3.04,-10.68,-10.29,-20.97,,,,,
2331,8.24,19.79,9.29,0,0.18,0,0.31,3.53,21.86,-64.23,-13.19,3,-1.02,-10.19,-11.22,,,,,
2341,8.32,26.39,5,0,0.15,0,-0.99,3.88,17.34,-64.27,-13.31,3.03,-4.18,-10.27,-14.46,,,,,
2351,9.94,19.05,6.22,0,0.28,0,-2.15,5,20.44,-65.14,-13.74,3.04,-6.37,-10.7,-17.07,,,,,
2361,11.14,25.12,-1.06,0,0.01,0,-0.54,5.61,19.74,-65.01,-13.71,3,-4.99,-10.71,-15.69,,,,,
2371,8.68,16.99,6.34,0,0.09,0,1.76,4.65,24.34,-65.25,-12.81,3.02,-2.41,-9.79,-12.2,,,,,
2381,9.58,27.75,2.11,0,0.04,0,0.6,4.73,17.72,-64.95,-13.53,3.02,-2.42,-10.5,-12.92,,,,,
2391,10.02,24.76,2.83,0,0.01,0,-0.9,4.4,17.48,-65.32,-12.89,2.97,-6.71,-9.92,-16.63,,,,,
2401,8.44,24.38,2.73,0,0.07,0,-0.71,4.79,17.4,-65.39,-13.65,3.05,-8.29,-10.6,-18.89,,,,,
2411,9.6,20.6,2.2,0,0.04,0,0.44,6.74,21.62,-67.22,-13.57,3,-5.97,-10.57,-16.54,,,,,
2421,9.45,21,4.5,0,0.25,0,-0.23,3.75,21.63,-65.12,-13.42,2.99,-4.77,-10.43,-15.2,,,,,
2431,9.54,16.61,0.24,0,0.08,0,2.8,4.6,19.91,-64.35,-13.3,3.02,-10.56,-10.28,-20.85,,,,,
2441,7.3,17.87,2.76,0,0.29,0,2.18,5.56,23.07,-66.4,-13.37,3.02,-7.36,-10.34,-17.7,,,,,
2451,11.8,18.77,3.36,0,-0.06,0,-1.21,4.43,19.57,-67,-13.55,3.01,-10.34,-10.55,-20.89,,,,,
2461,14.33,18.42,3.34,0,0.14,0,0.98,4.73,18.34,-65.04,-14.28,3.01,-4.76,-11.27,-16.03,,,,,
2471,4.8,19.06,1.59,0,0.03,0,-0.88,4.59,23.23,-65.85,-12.35,2.98,-13.44,-9.37,-22.81,,,,,
2481,6.82,26.88,3.28,0,0.02,0,-0.91,4.77,19.82,-65.31,-12.91,3,-4.64,-9.9,-14.54,,,,,
2491,11.46,25.17,0.49,0,0.12,0,-0.06,6.49,19.96,-69.07,-12.1,2.95,-5.44,-9.15,-14.59,,,,,
2501,10.87,27.22,4.62,0,0.16,0,1.02,4.87,19.25,-66.24,-13.11,2.99,1.77,-10.12,-8.35,,,,,
2511,10.56,21.75,2.37,0,0.08,0,2.55,5.48,18.59,-65.39,-13.96,3.05,-4.01,-10.91,-14.93,,,,,
2521,3.09,17.52,0.83,0,0.06,0,-0.11,4.5,22.14,-64.74,-12.47,3,-16.72,-9.47,-26.18,,,,,
2531,8.21,17.21,3.47,0,0.02,0,0.85,6.19,21.47,-64.89,-14.26,3,-7.46,-11.26,-18.72,,,,,
2541,12.01,14.85,4.42,0,0.08,0,0.09,5.6,20.39,-64.26,-13.61,3,-6.82,-10.61,-17.43,,,,,
2551,7.99,24.21,1.49,0,0.18,0,-1.26,5.06,20.47,-64.8,-14.01,3,-6.66,-11.02,-17.67,,,,,
2561,12.85,17.14,1.86,0,0.21,0,0.39,3.79,16.98,-65.06,-13.55,3.05,-11.84,-10.5,-22.34,,,,,
2571,7.23,18.76,3.7,0,0.28,0,-1.08,5.3,21.85,-65.48,-13.35,2.99,-9.45,-10.36,-19.81,,,,,
2581,9.6,26.87,-0.74,0,0.05,0,1.61,4.95,19.62,-65.84,-12.97,3.02,-3.88,-9.95,-13.83,,,,,
2591,9.4,19.09,1.93,0,0.32,0,-0.17,4.41,18.42,-65.45,-13.47,3.04,-12.03,-10.44,-22.47,,,,,
2601,11.91,17.37,2.7,0,0.14,0,0.3,4.88,20.45,-64.71,-13.54,3,-6.96,-10.53,-17.5,,,,,
2611,8.23,19.83,5.28,0,0.1,0,1.8,5.41,21.37,-64.61,-14.28,3,-2.59,-11.28,-13.87,,,,,
2621,9.94,19.44,3,0,0.03,0,-1.02,5.9,22.92,-66.32,-13.85,2.99,-6.1,-10.86,-16.96,,,,,
2631,16.58,29,4.57,0,0.03,0,-2.14,5.04,16.56,-66.84,-13.91,3.03,2.8,-10.88,-8.08,,,,,
2641,7.87,18.47,4.67,0,0.17,0,-0.63,4.83,20.74,-65.86,-12.16,3.01,-9.74,-9.15,-18.9,,,,,
2651,7.15,21.18,3.28,0,-0.03,0,2.25,5.68,20.12,-67.36,-12.76,3.03,-7.73,-9.73,-17.46,,,,,
2661,8.17,17.98,2.37,0,0,0,3.15,6.05,24.11,-67.89,-12.85,2.98,-6.06,-9.87,-15.92,,,,,
2671,6.98,17.99,2,0,0,0,-1.34,4.38,22.8,-66.13,-12.78,3,-13.32,-9.78,-23.11,,,,,
2681,8.41,18.77,4.5,0,0.05,0,1.83,5.69,22.48,-66.28,-13.26,3.01,-4.55,-10.25,-14.8,,,,,
2691,8.16,23.4,4.56,0,0.1,0,1.55,4.51,19.05,-66.22,-12.95,3.03,-4.9,-9.92,-14.82,,,,,
2701,13.73,19.4,5.18,0,0.69,0,-0.61,4.99,21.86,-65.34,-13.4,3.04,-0.1,-10.36,-10.46,,,,,
2711,6.41,23.46,2.27,0,0.16,0,0.48,4.19,21.3,-63.71,-13.49,2.99,-5.44,-10.49,-15.93,,,,,
2721,13.41,19.19,2.22,0,0.1,0,-0.56,3.69,19.37,-62.98,-13.89,3.04,-5.57,-10.85,-16.41,,,,,
2731,10.6,20.07,2.53,0,0.16,0,-0.45,4.19,21.51,-64.47,-13.86,2.97,-5.87,-10.88,-16.76,,,,,
2741,7.25,17.05,2.2,0,0,0,1.35,4.97,22.25,-67.59,-12.24,3,-12.52,-9.24,-21.76,,,,,
2751,11.35,19.77,2.07,0,0.3,0,-0.14,4.99,18.4,-66.74,-13.26,3.05,-10,-10.21,-20.2,,,,,
2761,6.09,18.39,9.28,0,0.26,0,2.69,7.33,22.24,-65.97,-15.39,3.04,0.33,-12.35,-12.02,,,,,
2771,13.76,22.23,7.05,0,0.06,0,-1,6.34,19.93,-68.13,-13.7,3.04,0.24,-10.66,-10.43,,,,,
2781,10.47,17.69,2.39,0,0.01,0,3.15,6.87,20.82,-66.86,-14.05,3,-5.46,-11.05,-16.51,,,,,
2791,8.68,17.69,3.98,0,0.19,0,1.65,6.79,27.27,-65.04,-15.41,2.97,1.22,-12.44,-11.22,,,,,
2801,13.91,20.32,1.56,0,0.24,0,0.92,8.03,23.69,-66.93,-14.67,2.99,1.74,-11.68,-9.94,,,,,
2811,5.7,20.5,3.04,0,0.43,0,2.14,6.74,21.99,-65.65,-14.42,3.04,-5.13,-11.38,-16.51,,,,,
2821,9.56,24.41,3.29,0,0.06,0,-2.08,4.68,20,-65.56,-13.42,2.99,-5.63,-10.43,-16.06,,,,,
2831,8.63,18.74,0.6,0,0.07,0,0.65,6.97,21.86,-66.64,-14.25,3.02,-9.12,-11.23,-20.35,,,,,
2841,7.18,19.86,4.12,0,0.1,0,2.35,5.65,23.68,-65.79,-14.27,3.05,-2.86,-11.22,-14.08,,,,,
2851,9.45,22.87,-1.23,0,0.04,0,2.77,5.19,19.71,-64.77,-14.35,3.01,-5.96,-11.34,-17.31,,,,,
2861,8.51,17.1,2.71,0,0.06,0,1.66,6.05,19.56,-64.58,-15.2,3.02,-8.93,-12.17,-21.1,,,,,
2871,11.68,17.5,2.32,0,0.07,0,2.57,5.29,20.29,-66.37,-13.42,3,-6.65,-10.42,-17.06,,,,,
2881,6.96,20.16,3.56,0,0.07,0,0.38,6.23,21.73,-64.85,-14.23,3.03,-5.78,-11.2,-16.98,,,,,
2891,4.5,26.35,5.17,0,0.05,0,-0.71,3.59,21.4,-64.44,-12.84,3.02,-4.09,-9.82,-13.91,,,,,
2901,8.27,21.2,1.94,0,-0.04,0,1.92,5.07,20.06,-67.02,-13.25,3.03,-8.61,-10.22,-18.83,,,,,
2911,10.26,20.95,0.92,0,0.06,0,0.86,6.21,18.03,-65.67,-14.17,3.02,-8.38,-11.15,-19.53,,,,,
2921,8.69,21.85,1.63,0,0.1,0,-0.2,5.24,20.69,-66.03,-13.67,3.04,-8.04,-10.63,-18.67,,,,,
2931,6.37,17.54,1.33,0,0.04,0,3.48,6.35,21.47,-67.6,-13.63,3.01,-11.02,-10.61,-21.64,,,,,
2941,9.27,23.06,3.25,0,0.2,0,-1.21,5.52,19.6,-66.15,-13.6,3.06,-6.45,-10.54,-16.99,,,,,
2951,6.63,20.88,0.1,0,0,0,0.58,4.63,21.19,-63.46,-14.38,3.02,-9.44,-11.36,-20.8,,,,,
2961,8.14,17.77,0.91,0,0.18,0,-1.36,4.74,20.4,-64.28,-13.55,3.04,-13.51,-10.51,-24.02,,,,,
2971,6.16,19.71,5.16,0,0.3,0,1.01,5.28,21.28,-64.88,-14.41,3.04,-5.98,-11.37,-17.35,,,,,
2981,10.47,22.57,7.73,0,0.65,0,3.5,4.53,22.28,-65.61,-13.04,3.04,6.11,-9.99,-3.88,,,,,
2991,5.71,21.28,4.45,0,0.31,0,-1.2,5.34,19.59,-66.48,-12.33,3,-11.02,-9.34,-20.36,,,,,
3001,13.28,19.37,2.78,0,0.08,0,1.35,3.97,19.85,-65.78,-12.49,2.99,-5.09,-9.5,-14.59,,,,,
3011,15.44,19.36,1.86,0,0.12,0,-0.44,5.67,19.64,-66.46,-12.28,2.96,-4.82,-9.32,-14.14,,,,,
3021,8.94,18.33,4.12,0,0.09,0,2.64,6.41,20.6,-69.58,-12.41,2.93,-8.44,-9.48,-17.92,,,,,
3031,4.21,21.6,0.8,0,0.04,0,0.62,5.55,20.46,-66.5,-12.27,2.91,-13.22,-9.36,-22.58,,,,,
3041,9.76,22.49,1.31,0,0,0,-1.41,5.2,18.28,-67.25,-12.5,2.93,-11.61,-9.57,-21.18,,,,,
3051,6.52,18.94,2.07,0,0.11,0,-0.28,5.47,19.46,-67.37,-12.19,2.91,-15.08,-9.27,-24.35,,,,,
3061,4.7,15.51,1.09,0,0.2,0,3.58,5.15,22.84,-68.73,-11.79,2.92,-15.67,-8.87,-24.54,,,,,
3071,5.04,24.64,1.21,0,0.08,0,1.12,5.58,21.77,-66.95,-12.27,2.94,-7.49,-9.33,-16.82,,,,,
3081,8.29,23.45,2.65,0,0.16,0,3.15,4.99,19.72,-66.6,-12.24,2.96,-4.18,-9.28,-13.46,,,,,
3091,10.72,19.84,3.64,0,0.23,0,0.32,7.18,22.46,-68.9,-12.62,2.91,-4.52,-9.71,-14.23,,,,,
3101,11.79,18.96,3.31,0,0.07,0,0.61,6.24,21.94,-67.51,-13.19,2.95,-4.59,-10.24,-14.84,,,,,
3111,4.48,16.6,4.6,0,-0.01,0,-1.27,5.24,20.67,-64.86,-14.21,2.99,-14.55,-11.22,-25.77,,,,,
3121,13.83,24.34,1.9,0,0.17,0,-0.24,3.33,21.51,-65.45,-13.47,3,-0.6,-10.47,-11.07,,,,,
3131,10.7,17.44,1.56,0,0.05,0,0.44,5.38,21.17,-65.13,-14.85,3.07,-8.39,-11.78,-20.17,,,,,
3141,9.06,15.6,3.29,0,0.05,0,-1.71,6.01,21.99,-65.42,-14.45,3.04,-11.12,-11.42,-22.54,,,,,
3151,9.45,22.14,0.67,0,0.03,0,-1.15,3.91,20.4,-63.66,-13.65,3.01,-8.21,-10.64,-18.86,,,,,
3161,5.56,24.84,7.38,0,-0.08,0,-2.52,5.2,23.42,-67.36,-12.8,3,-3.55,-9.8,-13.35,,,,,
3171,7.72,21.71,1.06,0,0.11,0,0.29,4.81,19.82,-65.3,-13.24,2.99,-9.79,-10.25,-20.04,,,,,
3181,9.76,21.47,6.21,0,0.04,0,-1.06,6.06,22.05,-65.62,-13.99,2.96,-1.1,-11.03,-12.13,,,,,
3191,11.35,18.5,4.83,0,0.18,0,2.15,6.05,21.34,-66.69,-13.48,3.04,-2.3,-10.44,-12.74,,,,,
3201,9.47,17.88,2.5,0,0.14,0,-0.38,5.77,17.83,-65.94,-13.76,3.02,-12.72,-10.74,-23.47,,,,,
3211,8.36,21.84,2.52,0,0.08,0,0.72,4.46,19.54,-64.73,-13.42,2.98,-7.19,-10.44,-17.63,,,,,
3221,7.44,14.4,1.56,0,0,0,1.61,6.66,21.42,-67.51,-13.51,2.99,-14.4,-10.51,-24.92,,,,,
3231,12.97,21.29,5.22,0,0.25,0,0.73,4.79,17.27,-64.88,-13.7,3.04,-2.37,-10.66,-13.03,,,,,
3241,7.9,28.02,1.04,0,0.03,0,-1.31,3.74,18.23,-65.26,-12.88,3.03,-7.62,-9.85,-17.47,,,,,
3251,4.44,21.33,0.8,0,0.05,0,-0.7,4.25,19.48,-65.12,-12.8,3.01,-15.47,-9.79,-25.26,,,,,
3261,5.46,20.05,4.73,0,0.17,0,0.54,2.93,22.68,-64.1,-12.82,3.01,-7.54,-9.81,-17.34,,,,,
3271,9.63,16.22,5.01,0,0.33,0,-0.69,4.13,15.77,-64.62,-13.89,3.08,-14.22,-10.81,-25.03,,,,,
3281,10.77,21.91,5.91,0,0.18,0,-1.46,4.03,20,-64.99,-13.64,3.04,-3.65,-10.6,-14.24,,,,,
3291,12.93,22.87,0.73,0,0.02,0,-1.23,6.03,20.97,-65.37,-12.97,3.04,-3.05,-9.93,-12.98,,,,,
3301,7.4,22.36,1.48,0,0.06,0,-0.1,4.87,18.6,-65.22,-12.72,3.03,-10.55,-9.69,-20.24,,,,,
3311,12.39,14.93,2.15,0,0.1,0,3.48,3.91,20.42,-64.54,-12.67,3.03,-7.15,-9.65,-16.79,,,,,
3321,5.26,19.06,-0.24,0,0.02,0,1.9,4.41,22.22,-64.28,-13.79,3.04,-11.66,-10.75,-22.41,,,,,
3331,9.08,22.6,2.9,0,0.07,0,-0.51,4.1,20.6,-65.78,-12.87,3.01,-6.95,-9.86,-16.81,,,,,
3341,9.22,22.93,1.59,0,0.05,0,0.5,5.53,21.25,-68.27,-12.81,3.02,-7.2,-9.8,-16.99,,,,,
3351,8.54,13.65,2.69,0,0.17,0,2.3,5.19,20.7,-66.94,-13.17,3.01,-13.71,-10.15,-23.86,,,,,
3361,8.99,19.05,3.62,0,0.13,0,-1.72,5.44,19.5,-66.69,-13.48,3.01,-11.68,-10.48,-22.16,,,,,
3371,7.36,21.64,1.38,0,0.04,0,-1.04,5.93,20.92,-65.59,-13.55,3.02,-9.36,-10.54,-19.9,,,,,
3381,11.94,16.39,1.59,0,0.01,0,0.18,4.89,18.14,-63.92,-13.87,3.04,-10.79,-10.82,-21.61,,,,,
3391,7.75,19.28,3.25,0,0.08,0,-0.73,5.1,23.33,-66.87,-11.62,2.99,-8.81,-8.63,-17.44,,,,,
3401,9.86,21.4,3.3,0,0.08,0,-1.26,3.61,18.01,-65.56,-12.74,3.01,-10.55,-9.73,-20.28,,,,,
3411,5.31,17.93,1.77,0,0.08,0,-0.81,3.76,24.56,-64.96,-13.32,3,-12.36,-10.32,-22.68,,,,,
3421,9.55,20.83,3.4,0,0.13,0,-0.44,3.08,21.8,-64.94,-13.05,2.98,-6.59,-10.06,-16.65,,,,,
3431,6.34,28.77,10.65,0,0.01,0,-1.13,4.95,22.35,-64.49,-13.57,3.1,7.44,-10.48,-3.04,,,,,
3441,7.59,26.92,2.45,0,0.21,0,1.21,4.96,21.4,-66.74,-12.7,3.03,-2.02,-9.66,-11.68,,,,,
3451,8.26,17.87,2.17,0,0.3,0,0.71,4.01,20.31,-64.72,-13.47,3.02,-11.09,-10.45,-21.54,,,,,
3461,10.09,19.55,4.49,0,-0.11,0,1.94,5.71,17.07,-64.59,-14.58,3.03,-5.83,-11.55,-17.38,,,,,
3471,8.95,17.11,2.93,0,0.06,0,-1.04,6,21.59,-65.98,-14.14,3.01,-10.4,-11.14,-21.54,,,,,
3481,7.02,15.04,2.47,0,0.12,0,2.15,3.91,24.09,-65.42,-12.48,2.98,-10.61,-9.5,-20.11,,,,,
3491,13.65,16.67,2.01,0,0.05,0,0.3,4.87,18.25,-65.39,-13.61,3.03,-9.6,-10.58,-20.17,,,,,
3501,7.92,22.19,0.4,0,0.03,0,-0.3,4.96,21.63,-65.71,-13.42,3.01,-8.9,-10.41,-19.3,,,,,
3511,15.49,21.79,0.71,0,0.04,0,0.13,4.4,17.4,-66.54,-12.64,3.05,-6.59,-9.59,-16.18,,,,,
3521,8.47,21.03,2.86,0,-0.03,0,0.92,4.95,17.9,-64.92,-14.18,3.03,-8.83,-11.14,-19.97,,,,,
3531,5.52,24.26,2.44,0,0.05,0,-1.15,5.98,21.51,-66.16,-13.22,3.01,-7.54,-10.21,-17.75,,,,,
3541,9.64,16.1,3.11,0,0.08,0,2.37,3.56,20.28,-64.66,-12.09,2.98,-9.52,-9.11,-18.62,,,,,
3551,10.4,18.02,1.57,0,-0.01,0,-0.24,3.83,20.69,-64.89,-12.7,2.98,-10.63,-9.72,-20.35,,,,,
3561,8.76,19.15,6.25,0,0.2,0,-0.52,5.68,19.93,-66.77,-13.74,3.02,-7.32,-10.73,-18.05,,,,,
3571,7.78,21.15,2.23,0,0.06,0,0.84,5.6,20.21,-66.42,-13.44,3,-8.54,-10.44,-18.97,,,,,
3581,5.79,18.36,2.05,0,0.01,0,0.91,4.82,22.13,-66.5,-13.03,3,-12.44,-10.03,-22.47,,,,,
3591,6.57,19.2,0.99,0,0.09,0,2.63,3.23,21.07,-63.41,-12.59,2.98,-9.64,-9.61,-19.25,,,,,
3601,9.57,19.33,3.95,0,0.13,0,0.99,4.62,20.36,-65.65,-12.87,2.98,-6.7,-9.89,-16.59,,,,,
3611,11.88,21.42,0.51,0,0.11,0,1,4.57,20.74,-66.38,-13.33,3.06,-6.15,-10.27,-16.42,,,,,
3621,7.21,21.23,6.07,0,0.19,0,-1.41,4.59,20.19,-65.07,-13.62,3.03,-6.99,-10.6,-17.59,,,,,
3631,6.09,16.43,1.37,0,0.15,0,0.41,5.28,22.58,-66.57,-13.43,2.99,-14.28,-10.44,-24.72,,,,,
3641,11.08,20.47,2.3,0,0.03,0,-0.97,3.9,22.28,-64.16,-13.24,2.98,-5.08,-10.25,-15.33,,,,,
3651,8.14,21.84,4.02,0,0.02,0,1.1,4.25,21.45,-66.53,-13.22,3.07,-5.7,-10.15,-15.85,,,,,
3661,7.87,19.14,4.84,0,0.06,0,8.3,3.72,20.23,-65.01,-12.74,3.05,-0.87,-9.69,-10.56,,,,,
3671,7.44,22.88,0.22,0,0.01,0,3.61,5.19,22.58,-66.02,-13.3,3.02,-4.08,-10.28,-14.36,,,,,
3681,13.45,22.35,1.55,0,0.11,0,-1.99,4.38,16.93,-63.48,-14.66,3.08,-6.69,-11.58,-18.28,,,,,
3691,4.53,22.23,6,0,0.55,0,0.31,3.87,23.21,-65.62,-12.38,2.98,-4.93,-9.4,-14.33,,,,,
3701,5.47,20.3,1.15,0,0.22,0,-0.08,4.21,20.73,-63.3,-14.23,3.02,-11.29,-11.2,-22.5,,,,,
3711,11.04,26.56,-0.68,0,-0.05,0,2.7,4.7,20.9,-64.05,-12.83,3.05,1.13,-9.78,-8.66,,,,,
3721,8.47,18.33,4.16,0,0.27,0,-1.64,4.43,20.53,-64.24,-13.61,3.01,-9.7,-10.6,-20.3,,,,,
3731,6.89,18.72,0.73,0,0.14,0,0.56,3.87,22.15,-64.66,-12.69,2.98,-11.6,-9.72,-21.31,,,,,
3741,9.77,13.84,2.97,0,0.02,0,0.12,4.7,21.23,-66.03,-12.43,3.01,-13.38,-9.42,-22.8,,,,,
3751,11.51,13.6,3.11,0,0.4,0,0.58,4.3,19.51,-66.66,-11.91,3.01,-13.66,-8.9,-22.56,,,,,
3761,11.41,17.49,3.79,0,0.04,0,-0.14,4.39,18.91,-66.03,-13.2,2.99,-10.16,-10.21,-20.36,,,,,
3771,5.71,23,2.32,0,0.04,0,-0.89,5.15,18,-66.78,-12.81,2.98,-13.46,-9.83,-23.29,,,,,
3781,5.01,17.49,0.87,0,0.13,0,1.91,4.21,23.15,-64.27,-13.25,3.02,-11.5,-10.24,-21.74,,,,,
3791,7.31,21.98,0.84,0,0.11,0,0.45,4.18,17.89,-65.23,-13.66,3.03,-12.47,-10.63,-23.1,,,,,
3801,7.36,18.59,0.15,0,0.03,0,-0.03,5.41,21.39,-67.48,-13.21,3,-14.58,-10.22,-24.8,,,,,
3811,10.46,18.19,5.88,0,0.07,0,-1.58,5.33,18.15,-65.27,-13.48,3.04,-8.78,-10.44,-19.22,,,,,
3821,11.1,19.85,3.88,0,0.17,0,-0.89,4.4,18.84,-65.28,-13.57,3.05,-7.91,-10.52,-18.44,,,,,
3831,8.72,19.95,4.56,0,0.07,0,-0.62,5.36,21.38,-65.56,-12.84,2.97,-6.15,-9.87,-16.02,,,,,
3841,12.97,19.38,2.83,0,0.1,0,-0.27,4.99,21.75,-65.46,-13.6,3.01,-3.7,-10.59,-14.3,,,,,
3851,11.81,22.42,2.47,0,0.1,0,-0.13,5.78,18.78,-66.56,-14.05,3.04,-5.32,-11.01,-16.33,,,,,
3861,6.49,21.81,3.49,0,0.1,0,-1.04,4.65,22.22,-64.26,-13.45,3,-6.55,-10.45,-16.99,,,,,
3871,10.65,32.16,2.97,0,0.16,0,-0.84,4.77,17.78,-68.46,-12.88,3.03,-0.81,-9.84,-10.65,,,,,
3881,8.12,21.59,3.58,0,0.23,0,-0.49,5.23,22.8,-65.11,-13.35,2.99,-4.04,-10.37,-14.41,,,,,
3891,11.1,24.51,4,0,0.39,0,-0.2,6.49,19.73,-66.58,-14.11,3.04,-0.57,-11.07,-11.64,,,,,
3901,11.19,22.98,2.78,0,0,0,-0.96,5.91,20.4,-66.74,-13.98,3,-4.44,-10.99,-15.43,,,,,
3911,6.49,18.43,2.23,0,0.03,0,1.7,4.88,20.59,-64.13,-13.91,3.03,-9.77,-10.88,-20.65,,,,,
3921,8.56,23.64,3.01,0,0.06,0,2.08,5.83,22.61,-65.77,-13.21,3,0.02,-10.21,-10.19,,,,,
3931,6.87,25.85,3.6,0,0.1,0,0.68,5.65,21.4,-67.06,-12.97,3.01,-2.91,-9.97,-12.88,,,,,
3941,10.18,25.47,3.72,0,0.41,0,-2.75,3.63,15.5,-63.12,-13.78,3.05,-6.97,-10.73,-17.7,,,,,
3951,8.71,22.34,1.99,0,0.14,0,0.47,5.4,20.22,-65.61,-13.55,3.01,-6.34,-10.54,-16.89,,,,,
3961,7.54,17.33,1.59,0,0.03,0,0.7,5.97,20.06,-65.64,-14.02,3.04,-12.42,-10.98,-23.4,,,,,
3971,13.88,15.74,6.08,0,-0.01,0,0.67,5.33,18.3,-65.59,-14.61,3.05,-5.61,-11.55,-17.16,,,,,
3981,15.94,21.53,1.74,0,0.14,0,1.5,4.59,18.95,-63.43,-14.02,3.05,0.95,-10.97,-10.02,,,,,
3991,8.59,26.15,1.71,0,0.03,0,-0.91,4.7,18.16,-65.26,-13.68,3.04,-6.84,-10.63,-17.48,,,,,
4001,8.94,13.75,2.8,0,0.13,0,2.58,5.59,23.34,-66.83,-13.56,3.02,-9.69,-10.54,-20.23,,,,,
4011,10.16,21,2.13,0,0.08,0,0.72,5.16,19.86,-65.99,-14.08,3.04,-6.88,-11.04,-17.92,,,,,
4021,8.31,19.29,4.08,0,0.01,0,-0.15,5.2,20.99,-67.11,-13.01,3.03,-9.38,-9.98,-19.36,,,,,
4031,7.74,27.09,0.6,0,-0.05,0,0.35,3.8,17.93,-65.65,-13,3.03,-8.19,-9.97,-18.16,,,,,
4041,16.95,22.91,2.58,0,0.05,0,0.38,1.83,18.6,-63.63,-12.66,3.05,-0.34,-9.61,-9.95,,,,,
4051,8.55,24.25,1.42,0,0.07,0,3.62,6.25,21.38,-66.63,-13.43,3.04,-1.08,-10.39,-11.47,,,,,
4061,11.23,27.42,6.5,0,-0.01,0,0.94,4.15,22.36,-65.84,-12.79,3.05,6.75,-9.75,-3,,,,,
4071,7.82,16.44,0.88,0,0.04,0,0.14,5.07,21.88,-65.01,-13.63,2.98,-12.74,-10.65,-23.39,,,,,
4081,7.13,25.6,1.02,0,0.34,0,0.63,5.04,20.55,-66.64,-13.38,3,-6.32,-10.39,-16.71,,,,,
4091,10.67,17.27,0.82,0,0.14,0,0.31,5.09,21.21,-66.09,-13.13,2.99,-10.56,-10.14,-20.7,,,,,
4101,8.02,21.07,3.06,0,0.03,0,0.17,4.86,21.09,-63.37,-14.32,3.01,-5.07,-11.31,-16.38,,,,,
4111,8.24,19.35,2.69,0,0.18,0,0,4.16,18.88,-64.55,-13.48,3.04,-11.05,-10.44,-21.49,,,,,
4121,8.8,26.29,3.24,0,0.02,0,0.35,4.98,18.9,-65.39,-14.12,3.06,-2.81,-11.06,-13.87,,,,,
4131,14.55,21.45,-0.21,0,0.1,0,-0.17,3.64,16.31,-62.79,-14.37,3.06,-7.12,-11.31,-18.43,,,,,
4141,7.46,28.22,2.12,0,0.32,0,-1.91,4.41,18.22,-65.06,-13.41,3.02,-6.23,-10.4,-16.63,,,,,
4151,9.53,18.11,2.03,0,0.1,0,0.35,5.31,20.2,-63.99,-13.88,3.02,-8.36,-10.87,-19.23,,,,,
4161,5.92,23.55,0.86,0,-0.04,0,0.97,4.97,22.42,-65.53,-12.74,3.01,-6.88,-9.73,-16.61,,,,,
4171,12.23,12.92,5.56,0,-0.01,0,3.44,5.38,21.47,-64.59,-13.65,3.04,-3.6,-10.6,-14.2,,,,,
4181,7.1,16.71,2.45,0,0.15,0,-0.07,5.25,21.8,-65.8,-13.01,2.99,-12.43,-10.01,-22.44,,,,,
4191,10.41,18.92,2.57,0,0.18,0,2.9,6.54,22.15,-68.78,-13.64,3.01,-5.12,-10.64,-15.75,,,,,
4201,7.27,21.9,3.22,0,0.15,0,1.34,4.4,19.2,-65.21,-13.03,3.06,-7.73,-9.97,-17.7,,,,,
4211,5.04,13.81,4.86,0,0.09,0,-0.15,6.03,22.44,-65.97,-13.56,3.01,-13.85,-10.55,-24.4,,,,,
4221,8.59,17.77,3.76,0,0.31,0,-1.6,4.78,20.95,-64.18,-13.54,3,-9.63,-10.54,-20.17,,,,,
4231,6.87,17.64,3.45,0,0,0,-0.34,3.9,18.5,-65.09,-13.28,3.02,-15.07,-10.26,-25.33,,,,,
4241,10.6,24.5,3.47,0,-0.02,0,-0.39,5.2,21.45,-65.31,-13.48,3.01,-0.51,-10.47,-10.97,,,,,
4251,14.3,14.94,2.52,0,0.17,0,0,5.5,21.9,-66.52,-13.5,3.01,-7.18,-10.49,-17.67,,,,,
4261,9.39,16.57,2.77,0,-0.02,0,-0.8,4.04,19.43,-64.06,-13.73,3.04,-12.68,-10.69,-23.37,,,,,
4271,8.45,24.56,1.4,0,-0.11,0,1.36,4.78,21.39,-66.34,-13.22,3.07,-4.51,-10.15,-14.66,,,,,
4281,7.86,22.19,4.17,0,0.11,0,-1.49,5.16,21.71,-64.79,-13.74,3.03,-5.06,-10.71,-15.77,,,,,
4291,7.61,27.3,4.33,0,0.28,0,0.41,4.97,19.21,-65.56,-14.21,3.05,-1.45,-11.16,-12.61,,,,,
4301,8.71,24.06,1.96,0,0.1,0,-0.45,4.56,20.91,-64.69,-13.13,3.02,-4.86,-10.11,-14.97,,,,,
4311,6.89,17.54,0.89,0,0.06,0,0.34,4,22.93,-63.89,-12.85,3.02,-11.24,-9.83,-21.07,,,,,
4321,7.59,21.28,7.98,0,0.03,0,-0.71,5.17,19.25,-64.58,-14.34,3.05,-4.01,-11.3,-15.3,,,,,
4331,7.43,22.35,5.56,0,0.27,0,-0.83,3.66,19.57,-64.34,-13.28,3.01,-6.33,-10.27,-16.6,,,,,
4341,12.28,18.92,2.23,0,0.04,0,0.38,5.97,18.2,-65.93,-13.39,3.05,-7.91,-10.33,-18.25,,,,,
4351,8.15,21.58,-0.48,0,0.02,0,1.32,3.9,19.74,-64.65,-13.28,3.06,-10.44,-10.22,-20.66,,,,,
4361,11.38,18.09,0.58,0,0.03,0,-0.11,3.74,17.95,-63.99,-12.72,3.02,-12.32,-9.7,-22.02,,,,,
4371,10.51,21.01,5.29,0,0.3,0,3.45,5.31,22.89,-66.83,-12.79,3.07,1.94,-9.72,-7.78,,,,,
4381,9.73,22.11,2.69,0,0.09,0,1.38,5.17,20.53,-65.4,-13.38,3.03,-3.7,-10.35,-14.05,,,,,
4391,7.49,19.64,1.69,0,0.08,0,-0.04,4.9,18.27,-64.61,-14.11,3.06,-12.58,-11.05,-23.63,,,,,
4401,11.83,20.89,3.42,0,0.08,0,-1.49,5.62,18.78,-66.74,-13.4,3,-7.6,-10.41,-18.01,,,,,
4411,5.18,21.29,1,0,0.04,0,0.13,5.25,22.26,-66.75,-13.04,2.98,-11.59,-10.06,-21.66,,,,,
4421,6.12,19.83,4.2,0,0.07,0,-0.42,5.01,22.44,-65.9,-13.22,3,-8.65,-10.21,-18.86,,,,,
4431,8.04,20.01,3.98,0,0.17,0,-1.07,4.92,22.49,-65.77,-13.28,2.97,-7.22,-10.3,-17.53,,,,,
4441,7.58,20.5,3.22,0,0.02,0,0.52,5.89,22.67,-66.57,-13.3,2.98,-6.19,-10.32,-16.5,,,,,
4451,11.55,17.42,4.76,0,0.37,0,-0.42,4.9,17.25,-63.84,-14.14,3.04,-7.99,-11.09,-19.09,,,,,
4461,5.72,23.35,1.7,0,0.12,0,0.55,4.65,22.59,-65.95,-13.07,2.98,-7.27,-10.09,-17.36,,,,,
4471,10.45,15.99,1.31,0,0.05,0,2.42,5.53,20.48,-65.29,-14.2,3,-9.05,-11.21,-20.26,,,,,
4481,11.8,19.71,1.61,0,0.05,0,0.83,5.97,20.43,-66.5,-13.46,3.04,-6.09,-10.41,-16.5,,,,,
4491,9.2,23.23,5.79,0,-0.04,0,-2.02,4.56,21.65,-65.54,-13.5,3.04,-3.18,-10.46,-13.64,,,,,
4501,5.36,22.14,3.72,0,0.12,0,0.06,5.3,18.42,-64.9,-14.14,3.05,-9.78,-11.09,-20.87,,,,,
4511,9.59,13.29,2.45,0,0.08,0,2.35,4.5,22.7,-64.69,-13.63,3.02,-9.72,-10.61,-20.33,,,,,
4521,5.34,27.14,1.58,0,0.05,0,-0.5,5.56,20.24,-65.86,-13.44,3.01,-6.45,-10.44,-16.89,,,,,
4531,9.18,22.04,1.2,0,0.19,0,2.13,4.73,21.23,-66.16,-13.47,3,-5.46,-10.47,-15.93,,,,,
4541,8.36,20.7,1.55,0,0.1,0,3.3,5.36,21.24,-66.39,-12.91,2.99,-5.79,-9.93,-15.72,,,,,
4551,8.47,19.61,2.28,0,0.07,0,1.63,5.38,21.06,-65.14,-14,3,-6.63,-10.99,-17.63,,,,,
4561,11.8,18.85,3.93,0,0.04,0,0.51,5.28,20.4,-66.19,-12.74,3,-5.38,-9.75,-15.13,,,,,
4571,7.5,17.18,3.03,0,0.58,0,-0.21,5.98,21.87,-66.71,-14.12,3.05,-10.78,-11.06,-21.84,,,,,
4581,8.9,19.52,4.62,0,0.3,0,1.11,5.47,18.82,-65.52,-13.96,3.04,-6.78,-10.92,-17.7,,,,,
4591,6.83,14.29,3.83,0,0.1,0,1.74,4.82,23.93,-65.24,-13.28,3,-9.7,-10.28,-19.98,,,,,
4601,7.68,12.1,4.41,0,0.09,0,0.45,4.64,21.35,-65.3,-13.72,3.02,-14.58,-10.7,-25.28,,,,,
4611,8.69,21.85,5.36,0,0.1,0,-0.02,5.58,22.58,-66.56,-13.16,3,-2.43,-10.16,-12.58,,,,,
4621,8.25,19,1.33,0,0.11,0,0.09,4.65,22.37,-65.06,-13.55,3.03,-9.26,-10.52,-19.78,,,,,
4631,5.79,16.6,3.43,0,0.19,0,-0.91,5.09,23.79,-66.95,-12.84,3.02,-12.98,-9.82,-22.8,,,,,
4641,10.33,24.66,7.64,0,0.17,0,-2.44,4.5,19.69,-64.78,-13.76,3.05,-0.23,-10.71,-10.95,,,,,
4651,10.83,22.83,4.97,0,0.34,0,-0.29,5.05,19.96,-65.62,-14,3.06,-1.94,-10.94,-12.88,,,,,
4661,12.42,19.03,3.31,0,0.1,0,0.28,5.65,20.31,-66.07,-13.66,3.01,-4.97,-10.65,-15.62,,,,,
4671,7.7,22.49,2.39,0,0.12,0,-0.74,4.24,20.67,-65.04,-13.5,3.03,-8.17,-10.46,-18.63,,,,,
4681,7.38,30.52,2.8,0,0.05,0,1.3,4.85,20.26,-65.27,-13.35,3.05,1.9,-10.3,-8.41,,,,,
4691,7.06,19.88,-0.58,0,0.03,0,1.44,5.84,24.31,-65.96,-13.43,3.01,-7.97,-10.42,-18.39,,,,,
4701,9.08,20.35,3.73,0,0.12,0,0.2,5.73,19.23,-65.77,-13.41,3.03,-7.33,-10.39,-17.71,,,,,
4711,7.64,22.07,2.23,0,0.1,0,0.38,3.5,19.45,-63.88,-13.31,3,-8.51,-10.31,-18.82,,,,,
4721,12.09,19.61,7.58,0,0.11,0,-1.31,3.82,17.14,-63.83,-13.56,3.03,-4.79,-10.52,-15.31,,,,,
4731,11.16,20.57,5.24,0,0.09,0,-0.36,4.57,20.05,-65.8,-12.91,3.02,-4.49,-9.88,-14.37,,,,,
4741,8.64,14.36,3.88,0,0.1,0,0.9,5.36,20.55,-65.28,-13.59,3.01,-11.49,-10.58,-22.07,,,,,
4751,8.8,22.1,1.97,0,0.12,0,1.84,4.83,20.42,-64.93,-13.6,3.04,-4.83,-10.56,-15.4,,,,,
4761,11.37,17.53,1.78,0,0.15,0,-1.47,6.06,18.27,-65.74,-13.97,3.02,-12.05,-10.95,-23,,,,,
4771,12.41,17.26,4.45,0,0.15,0,1.27,5.35,18.77,-66.04,-13.78,3.03,-6.36,-10.75,-17.11,,,,,
4781,10.15,27.87,3.98,0,0.45,0,-1.27,4.65,19.91,-65.8,-12.85,2.98,-0.07,-9.88,-9.94,,,,,
4791,7.04,17.19,4.52,0,0.08,0,0.54,5.86,20.73,-66.58,-13.59,3.03,-10.63,-10.57,-21.19,,,,,
4801,4.43,21.67,5.44,0,0.11,0,1.2,4.66,21.82,-65.03,-13.38,3.02,-5.7,-10.36,-16.06,,,,,
4811,13.27,25.68,1.55,0,0.39,0,2.03,6.41,19.96,-68.24,-13.41,3,1.05,-10.4,-9.36,,,,,
4821,9.54,17.56,3.95,0,0.16,0,1.12,4.76,20.27,-66.36,-13.1,3.02,-9.01,-10.07,-19.09,,,,,
4831,6.91,16.11,4.55,0,0.06,0,-0.17,4.53,21.58,-64.43,-13.18,2.96,-10.87,-10.21,-21.08,,,,,
4841,6.42,13.63,3.18,0,0.05,0,-0.57,4.26,22.99,-64.99,-13.21,3,-15.03,-10.21,-25.24,,,,,
4851,9.58,20.56,2.06,0,0,0,-0.31,4.51,15.53,-64.83,-14.07,3.01,-12.89,-11.06,-23.95,,,,,
4861,10.47,20.7,-0.17,0,0.16,0,0.39,4.26,19.04,-63.61,-13.88,3.01,-8.76,-10.88,-19.64,,,,,
4871,5.79,21.67,7.27,0,0.14,0,-0.78,4.11,19.69,-64.72,-13.28,3.03,-6.85,-10.25,-17.1,,,,,
4881,14.53,19.96,2.42,0,-0.04,0,-0.71,4.93,18.23,-65.05,-14.26,3.04,-5.72,-11.22,-16.94,,,,,
4891,4.38,18.91,2.85,0,0.06,0,1.55,4.24,22.72,-64.88,-12.76,3.02,-10.18,-9.74,-19.91,,,,,
4901,7.48,18.54,2,0,0.05,0,1.57,5.63,23.73,-64.02,-13.87,3.02,-5.05,-10.85,-15.9,,,,,
4911,9.94,19.96,11,0,0.03,0,-1.31,3.36,20.18,-63.9,-13,3.05,-0.75,-9.95,-10.7,,,,,
4921,11.26,19.35,1.38,0,0.18,0,1.39,5.5,21.46,-67.18,-12.67,3,-6.66,-9.67,-16.33,,,,,
4931,9.49,20.82,-0.23,0,0.1,0,0.3,5.09,17.38,-65.59,-13.52,3.02,-12.64,-10.5,-23.14,,,,,
4941,7.42,21.62,2,0,0.09,0,-0.56,5.15,24.47,-66.21,-13.02,2.98,-6.01,-10.04,-16.05,,,,,
4951,5.91,20.9,1.52,0,-0.03,0,-0.73,5.39,22.38,-66.24,-13.71,3,-10.9,-10.7,-21.61,,,,,
4961,8.42,14.99,6.22,0,0.07,0,-1.15,3.7,20.02,-64.92,-13.27,3.03,-12.62,-10.23,-22.86,,,,,
4971,12.45,24.3,2.25,0,0.06,0,-2.45,6.16,18.3,-66.55,-13.59,3.07,-5.49,-10.52,-16.01,,,,,
4981,8.99,20.72,3.38,0,0.07,0,2.81,6.64,18.81,-67.41,-13.52,3.04,-5.99,-10.48,-16.47,,,,,
4991,7.34,21.9,-0.29,0,0.03,0,1.04,3.27,22.88,-63.2,-13.28,3,-7.03,-10.28,-17.31,,,,,
5001,9.64,18.87,5.02,0,0.14,0,0.24,4.65,20.32,-66.45,-12.88,3,-7.57,-9.87,-17.44,,,,,
5011,3.65,19.41,5.53,0,0.09,0,0.6,5.09,24.52,-65.46,-13.16,2.99,-6.58,-10.17,-16.75,,,,,
5021,8.21,26.01,-0.01,0,0.08,0,-1.67,3.94,17.5,-63.46,-13.37,3.08,-9.4,-10.3,-19.7,,,,,
5031,8.39,18.22,3.43,0,0.1,0,2.12,5.97,24.66,-65.46,-13.2,2.97,-2.57,-10.23,-12.8,,,,,
5041,10.63,18.1,4.21,0,0.06,0,0.01,5.29,21.42,-65.97,-13.38,2.98,-6.24,-10.4,-16.64,,,,,
5051,7.17,18.2,1.15,0,0,0,-0.23,3.88,21.19,-63.94,-12.9,2.99,-12.57,-9.91,-22.48,,,,,
5061,8.06,15.31,4.26,0,0.1,0,0.64,5.66,22.98,-66.1,-13.15,2.99,-9.1,-10.16,-19.26,,,,,
5071,9.22,22.86,4.38,0,0.06,0,-1.15,4.78,20.49,-64.73,-13.39,3.03,-4.09,-10.37,-14.45,,,,,
5081,5.96,19.76,5.5,0,0.22,0,2.74,5.25,25.44,-66.64,-12.98,2.99,-1.76,-9.99,-11.74,,,,,
5091,4.11,24.58,4.04,0,0.04,0,-0.78,3.45,20.79,-64.02,-13.21,3.03,-7.79,-10.18,-17.97,,,,,
5101,7.94,16.16,3.61,0,0.22,0,-0.63,5.04,20.4,-66.53,-13.25,2.99,-13.79,-10.26,-24.04,,,,,
5111,6.05,19.68,3.77,0,0.07,0,3.12,4.02,22.2,-65.13,-12.72,2.97,-6.23,-9.75,-15.97,,,,,
5121,8.13,21.11,1.96,0,0.08,0,0.52,5.82,25.36,-65.13,-13.94,3,-2.15,-10.94,-13.09,,,,,
5131,8.31,15.81,3.05,0,0.01,0,-0.6,4.78,20.22,-65.4,-13.55,3.01,-13.8,-10.54,-24.34,,,,,
5141,9.31,21.97,1.65,0,0.01,0,0.28,4.8,23.53,-65.62,-12.74,3.02,-4.08,-9.72,-13.81,,,,,
5151,4.55,26.42,5.61,0,0.1,0,2,5.27,20.07,-66.97,-13.08,3.04,-2.95,-10.04,-12.99,,,,,
5161,10.3,20.78,0.73,0,0.03,0,-0.41,4.68,20.29,-64.8,-13.98,3.01,-8.41,-10.97,-19.38,,,,,
5171,6.33,23.8,3.46,0,0.16,0,0.68,4,21.56,-64.83,-13.22,3.01,-4.84,-10.2,-15.05,,,,,
5181,7.3,16.3,6.13,0,0.18,0,0.42,5.72,23.33,-65.23,-13.52,3.04,-5.86,-10.48,-16.34,,,,,
5191,9.96,22.37,0.93,0,0.04,0,2.15,4.28,18.79,-65.29,-13,3,-6.78,-10,-16.78,,,,,
5201,11.31,18.52,5.03,0,0.07,0,-0.99,5.27,18.46,-65.75,-13.3,3.03,-8.09,-10.28,-18.37,,,,,
5211,7.09,23.52,0.82,0,0.12,0,0.94,3.59,23.3,-65.3,-12.76,2.99,-5.92,-9.77,-15.69,,,,,
5221,14.39,23.42,2.16,0,0.32,0,-0.23,3.07,15.96,-64.2,-13.07,3.09,-5.11,-9.98,-15.09,,,,,
5231,7.91,24.68,0.63,0,0.11,0,3.11,5.62,18.16,-64.98,-13.89,3.07,-4.76,-10.81,-15.57,,,,,
5241,4.26,29.03,1.86,0,-0.04,0,0.23,4.7,21.54,-64.63,-13.65,3.02,-3.06,-10.63,-13.69,,,,,
5251,4.69,17.34,5.56,0,0.36,0,1.52,4.95,21.98,-66.85,-13.03,3,-10.43,-10.03,-20.46,,,,,
5261,4.96,17.77,2.74,0,0.03,0,1.3,5.06,22.65,-66.19,-13.4,3.02,-11.68,-10.38,-22.06,,,,,
5271,7.39,25.32,2.71,0,-0.07,0,-0.32,6.21,22.02,-65.77,-14.54,3.05,-2.5,-11.49,-13.99,,,,,
5281,6.69,22.62,1.75,0,-0.06,0,2.46,4.68,17.86,-65.26,-13.23,3.01,-9.25,-10.23,-19.48,,,,,
5291,8.05,21.28,4.79,0,0.11,0,3.65,4.76,19.96,-64.14,-13.12,3.01,-1.55,-10.11,-11.66,,,,,
5301,7.43,17.41,2.83,0,0.23,0,1.03,3.89,18.84,-62.93,-14.22,3.05,-11.27,-11.17,-22.44,,,,,
5311,6.12,15.21,2,0,0.06,0,1.14,6.03,21.77,-65.6,-14.17,3.01,-13.26,-11.15,-24.42,,,,,
5321,9.34,21.76,1.34,0,0,0,-1.35,6.19,19.91,-65.42,-14.38,3.01,-8.23,-11.37,-19.6,,,,,
5331,13.03,22.78,3.85,0,0.1,0,1.47,3.56,18.45,-64.7,-13.12,3.02,-1.45,-10.1,-11.56,,,,,
5341,6.02,14.82,6.63,0,-0.01,0,-0.44,4.08,21.69,-64.14,-12.43,2.99,-11.35,-9.43,-20.79,,,,,
5351,10.34,14.89,3.33,0,0.28,0,0.56,5.09,21.42,-66.71,-12.4,3.01,-10.8,-9.4,-20.2,,,,,
5361,9.92,22.23,3.14,0,0.13,0,0.99,5.66,21.32,-65.15,-13.85,3.04,-1.76,-10.8,-12.56,,,,,
5371,6.83,22.71,2.72,0,0.07,0,-1.25,3.59,21.64,-64.8,-13.49,2.99,-8.49,-10.5,-19,,,,,
5381,9.53,16.55,5.89,0,0.17,0,-1.05,4.89,18.04,-65.48,-13.48,3.04,-11.46,-10.44,-21.9,,,,,
5391,9.79,17.28,6.13,0,0.14,0,0.1,4.03,17.92,-63.57,-13.54,3.03,-8.2,-10.51,-18.71,,,,,
5401,11.15,20.78,1.21,0,-0.01,0,1.86,6.55,20.38,-66.1,-13.55,2.99,-4.18,-10.56,-14.74,,,,,
5411,7.51,19.58,3.57,0,0.18,0,1.75,5,20.44,-65.67,-13.56,3.01,-7.64,-10.56,-18.2,,,,,
5421,8.66,19.23,1,0,0.25,0,1.26,4.88,20.13,-66.09,-13.4,3,-10.67,-10.39,-21.06,,,,,
5431,7.24,21.46,4.31,0,0.05,0,-0.01,4.01,20.67,-64.71,-13.74,3.03,-6.98,-10.71,-17.69,,,,,
5441,5.84,21.32,0.73,0,0.07,0,1.24,3.9,19.93,-64.68,-13.25,3.03,-11.64,-10.22,-21.86,,,,,
5451,5.03,19.17,1.25,0,0.03,0,0.39,5.84,23.34,-66.12,-13.62,3,-11.08,-10.63,-21.71,,,,,
5461,5.11,24.93,4.52,0,0.04,0,0.02,5.28,22.96,-66.06,-13.56,3.02,-3.2,-10.53,-13.73,,,,,
5471,19.91,16.38,4.89,0,0.06,0,0.07,5.7,18.58,-65.42,-13.4,3.03,0.18,-10.37,-10.2,,,,,
5481,7.2,17.76,2.47,0,0.06,0,1.84,4.78,20.38,-65.63,-13.51,3.02,-11.15,-10.49,-21.64,,,,,
5491,13.19,17.46,4.5,0,0.3,0,0.53,4.16,16.85,-64.69,-13.7,3.02,-7.7,-10.68,-18.38,,,,,
5501,6.63,21.98,4.25,0,0.14,0,-0.23,5.54,22.7,-66.39,-14.44,3.01,-5.39,-11.43,-16.82,,,,,
5511,7.46,23.95,4.48,0,0.01,0,-0.28,4.62,19.86,-66.18,-13.11,3.03,-6.07,-10.08,-16.15,,,,,
5521,8.32,22.89,1.25,0,0.12,0,1.17,5.04,20.59,-66.47,-13.68,2.99,-7.09,-10.69,-17.78,,,,,
5531,4.68,17.7,3.96,0,0.01,0,-1.02,4.86,22.76,-66.17,-13.46,3,-13.22,-10.46,-23.68,,,,,
5541,8.14,19.74,4.27,0,0.05,0,-1.01,4.16,24.2,-64.75,-13.19,3.01,-5.2,-10.17,-15.38,,,,,
5551,6.95,20.18,3.44,0,0.08,0,1.27,6.04,21.13,-65.54,-13.84,3.02,-6.45,-10.82,-17.27,,,,,
5561,9.09,19.02,2.7,0,0.04,0,2.42,4.6,19.96,-64.31,-14.17,3.01,-6.47,-11.15,-17.62,,,,,
5571,6.76,18.45,5.21,0,0.06,0,-0.99,5.57,22.09,-66.1,-13.56,3.01,-8.94,-10.55,-19.49,,,,,
5581,9.91,26.44,4.77,0,0.06,0,0.35,5.37,18.17,-64.56,-14.35,3.04,0.52,-11.32,-10.8,,,,,
5591,10.59,23.92,3.72,0,0.1,0,0.38,4.63,18.71,-65.58,-13.77,3.03,-3.54,-10.74,-14.28,,,,,
5601,11.09,18.49,7.88,0,0.07,0,0.37,3.73,16.84,-64.37,-13.33,3.04,-5.9,-10.29,-16.19,,,,,
5611,7.46,19.93,6.14,0,0.32,0,1.66,4.72,20.13,-66.02,-12.66,2.99,-5.65,-9.68,-15.33,,,,,
5621,5.62,18.92,1.93,0,0.12,0,0.76,6.17,23.38,-65.52,-13.7,3.01,-8.63,-10.7,-19.33,,,,,
5631,9.52,22.4,2.94,0,0.08,0,-0.57,3.23,23.17,-65.09,-12.77,3,-4.32,-9.78,-14.1,,,,,
5641,5.78,15.93,9.15,0,0.42,0,-1.7,6.16,22.72,-66.85,-13.09,3.02,-8.39,-10.08,-18.47,,,,,
5651,10.13,17.5,4.75,0,0.38,0,-0.4,6.07,20.63,-66.92,-13.74,2.99,-7.87,-10.74,-18.61,,,,,
5661,8.41,16.45,2.02,0,0.08,0,0.9,5.83,20.92,-64.64,-14.15,3.04,-10.04,-11.11,-21.16,,,,,
5671,11.32,18.95,7.39,0,0.28,0,-0.69,3.65,17.96,-64.74,-13.13,3.03,-5.89,-10.1,-15.99,,,,,
5681,6.05,23.28,6.74,0,0.32,0,0.08,4.08,22.64,-64.63,-13.31,2.99,-1.43,-10.31,-11.75,,,,,
5691,10.79,19.29,2.45,0,0.02,0,-0.73,5.12,20.37,-65.88,-13.61,3.02,-8.59,-10.59,-19.18,,,,,
5701,7.58,16.06,2.37,0,0.2,0,0.67,4.14,19.63,-65.3,-13.07,2.98,-14.64,-10.09,-24.73,,,,,
5711,9.54,21.74,1.73,0,0.05,0,0.65,4.87,22.39,-65.88,-13.2,3.01,-4.91,-10.19,-15.1,,,,,
5721,8.47,24.85,4.51,0,0,0,0.36,5.48,22.47,-68.53,-12.4,3.02,-2.38,-9.39,-11.77,,,,,
5731,9.33,22.39,3.92,0,0.03,0,2.17,4.64,19.53,-64.63,-13.65,3.03,-2.62,-10.62,-13.24,,,,,
5741,7.99,26.76,0.99,0,0.14,0,2.85,6.54,22.21,-67.63,-13.16,3.02,-0.14,-10.14,-10.28,,,,,
5751,9.13,27.78,8.56,0,0.2,0,-2.35,4.38,18.91,-65.59,-12.91,3.05,1.01,-9.86,-8.85,,,,,
5761,10.51,17.73,3.62,0,0.08,0,2.04,5.09,18.77,-64.59,-14.26,3.02,-6.75,-11.24,-17.99,,,,,
5771,15.48,25.37,2.25,0,0,0,1.08,4.51,16.49,-65.68,-13.25,3.02,-0.49,-10.23,-10.72,,,,,
5781,9.56,20.62,1.51,0,-0.03,0,1.82,4.13,18.16,-63.06,-13.55,3.07,-7.29,-10.48,-17.77,,,,,
5791,10.14,16.92,6.49,0,0.1,0,0.14,4.83,22.44,-63.76,-14.28,2.98,-2.71,-11.3,-14.01,,,,,
5801,10.16,19.3,2.62,0,0.13,0,4.1,4.55,19.83,-64.16,-14.14,3,-3.48,-11.15,-14.62,,,,,
5811,7.99,18.73,2.58,0,0.09,0,0.01,6.08,19.87,-66.8,-13.86,3.04,-11.45,-10.82,-22.27,,,,,
5821,6.2,15.15,4.05,0,0.05,0,-2.11,4.93,20.23,-65.64,-13.27,3.01,-17.14,-10.26,-27.4,,,,,
5831,5.68,21.35,1.77,0,0.16,0,-1,6.08,21.47,-66.43,-13.55,3,-10.92,-10.55,-21.47,,,,,
5841,7.96,20.36,1.67,0,0.02,0,0.56,5.88,20.61,-66.01,-13.56,3.01,-8.94,-10.55,-19.49,,,,,
5851,7.17,19.12,1.9,0,0.15,0,1.79,4.63,20.61,-66.01,-12.89,3.01,-10.62,-9.88,-20.5,,,,,
5861,5.55,20.7,5.25,0,0.18,0,-0.53,4.21,21.71,-66.98,-12.62,2.98,-9.92,-9.64,-19.56,,,,,
5871,8.28,16.75,4.88,0,0.2,0,0.25,3.76,19.06,-64.96,-12.32,3.01,-11.78,-9.31,-21.09,,,,,
5881,9.65,15.29,1.84,0,0.05,0,0.65,5.6,21.17,-65.96,-13.61,3.01,-11.72,-10.61,-22.32,,,,,
5891,6.83,19.77,1.67,0,0.17,0,1.61,5.83,22.12,-66.69,-13.71,3,-8.71,-10.7,-19.42,,,,,
5901,6.71,18.67,3.67,0,0.1,0,-0.22,3.82,20.53,-65.22,-12.56,3.04,-11.93,-9.52,-21.46,,,,,
5911,7.15,21.42,4.27,0,0.05,0,-0.85,4.76,20.54,-64.86,-13.09,2.99,-7.51,-10.09,-17.6,,,,,
5921,7.76,23.37,2.36,0,0.06,0,-1.18,3.83,18.07,-63.98,-13.45,3.02,-9.71,-10.43,-20.14,,,,,
5931,9.86,23.81,5.04,0,0.02,0,1.92,4.11,20.56,-65.84,-12.41,3.03,-0.51,-9.38,-9.89,,,,,
5941,8.84,20.09,4.69,0,-0.03,0,2.47,4.53,22.95,-64.87,-13.87,3,-1.33,-10.87,-12.2,,,,,
5951,6.16,24.03,6.55,0,0.19,0,-0.49,4.18,22.25,-65.62,-13.34,3.05,-2.74,-10.29,-13.03,,,,,
5961,8.59,13.94,0.35,0,0.05,0,3.27,6,21.14,-66.05,-13.49,3,-12.7,-10.48,-23.18,,,,,
5971,14.77,20.35,3.59,0,0.22,0,-0.38,4.65,19.57,-66.31,-13.3,3.03,-3.54,-10.27,-13.81,,,,,
5981,7.44,23.09,3.3,0,0.26,0,0.5,5.58,23.85,-66.89,-12.97,3.04,-2.88,-9.93,-12.81,,,,,
5991,9.72,19.03,1.72,0,0.14,0,-0.24,5.4,21.9,-65.84,-13.36,3.01,-8.18,-10.35,-18.53,,,,,
6001,7.57,22.58,2.54,0,-0.02,0,-0.58,4.07,19.86,-65.35,-12.81,2.99,-9.33,-9.82,-19.14,,,,,
6011,12.8,18.4,4.11,0,0.18,0,1.1,5.15,18.61,-65.73,-13.33,3.01,-5.38,-10.32,-15.7,,,,,
6021,9.3,18.44,6.43,0,0.08,0,0.61,5.08,20.03,-65.92,-13.33,3.01,-5.95,-10.33,-16.28,,,,,
6031,9.24,19.34,3.45,0,0.25,0,0.44,4.99,20.87,-65.95,-13.83,3.04,-7.38,-10.79,-18.17,,,,,
6041,11.18,20.6,1.43,0,0.02,0,-1.01,5.94,20.04,-65.09,-14.01,3.02,-6.9,-11,-17.89,,,,,
6051,11.15,20.16,3.65,0,0.33,0,2.12,4.17,22.11,-65.86,-13.11,3.05,-2.16,-10.07,-12.23,,,,,
6061,6.02,19.2,4.72,0,0.27,0,-0.13,4.29,21.4,-65.1,-12.91,3.02,-9.33,-9.9,-19.23,,,,,
6071,10.45,22.47,2.79,0,0.08,0,0.36,5.22,19.3,-65.73,-13.84,3,-5.06,-10.84,-15.9,,,,,
6081,12.41,31.85,3.64,0,0.09,0,0.91,5.26,16.5,-65.65,-14.34,3.07,5.01,-11.27,-6.26,,,,,
6091,2.87,20.85,-0.1,0,0.16,0,-0.97,3.41,21.17,-64.65,-13.04,2.99,-17.24,-10.05,-27.29,,,,,
6101,12.09,18.17,3.05,0,0.17,0,-0.04,5.06,19.36,-64.09,-13.87,3.03,-6.22,-10.84,-17.06,,,,,
6111,5.09,21.36,1.14,0,0.03,0,1.01,5.27,25.47,-65.62,-13.36,3.01,-6.24,-10.35,-16.59,,,,,
6121,11.6,16.22,4.39,0,0.07,0,-0.37,5.2,22.32,-66.93,-13.55,2.98,-7.5,-10.56,-18.06,,,,,
6131,7.41,21.07,5.17,0,0.15,0,-1.2,5.44,21.14,-66.27,-12.85,3,-7.09,-9.85,-16.94,,,,,
6141,7.49,21.78,3.17,0,0.08,0,2.27,3.89,19.96,-64.58,-13.07,2.99,-5.94,-10.08,-16.03,,,,,
6151,8.5,16.44,4.35,0,0.12,0,1.7,4.7,21.02,-63.52,-13.62,3.02,-6.69,-10.6,-17.29,,,,,
6161,5.98,18.66,5.94,0,0.17,0,1.13,5.78,20.52,-66.08,-13.87,3.03,-7.9,-10.84,-18.74,,,,,
6171,10.75,23.2,2.68,0,0.12,0,1.58,6.7,19.81,-66.52,-14.3,3.04,-1.67,-11.26,-12.94,,,,,
6181,8.17,18.02,5.92,0,0.08,0,0.87,5.53,26.35,-66.65,-12.81,2.96,-1.71,-9.84,-11.56,,,,,
6191,9.19,23.01,1.83,0,0.01,0,-0.75,4.35,21.55,-65.42,-13.5,3.01,-6.23,-10.49,-16.72,,,,,
6201,7.54,20.11,-0.05,0,0.01,0,2.31,4.4,20.68,-65.67,-13.03,2.98,-10.66,-10.05,-20.7,,,,,
6211,8.96,21.61,4.01,0,0.29,0,-1.05,5.69,20.08,-66.39,-13.17,3.02,-6.82,-10.15,-16.97,,,,,
6221,7.08,26.68,3.65,0,0.18,0,0.96,4.71,18.35,-64.43,-13.46,3.02,-2.83,-10.44,-13.27,,,,,
6231,8.46,22.45,1.79,0,0.08,0,-0.89,4.12,19.5,-63.53,-13.96,3.02,-8.02,-10.94,-18.96,,,,,
6241,11.43,19.57,2.36,0,0.06,0,0.83,4.44,21.03,-65.24,-13.01,3.01,-5.52,-10,-15.52,,,,,
6251,9.87,21.63,7.05,0,0.11,0,-0.42,4.91,21.54,-67.74,-12.8,3.02,-3.05,-9.78,-12.83,,,,,
6261,9.02,17.33,6.33,0,0.15,0,-0.8,4.23,19.09,-66.02,-12.59,3,-10.66,-9.6,-20.26,,,,,
6271,5.82,19.8,1.6,0,0.26,0,-0.95,4.09,19.18,-66.33,-13,3.01,-16.53,-9.99,-26.52,,,,,
6281,11.03,19.56,1.42,0,0.07,0,2.48,5.42,19.25,-66.37,-12.9,2.99,-7.13,-9.91,-17.04,,,,,
6291,6.85,22.91,2.06,0,0.05,0,0.15,5.72,19.42,-65.58,-13.89,3.04,-8.4,-10.84,-19.25,,,,,
6301,6.89,21.47,8.63,0,0.12,0,2.69,5.34,22.4,-65.28,-13.86,3.06,2.25,-10.79,-8.54,,,,,
6311,9.92,26.66,0.81,0,0.06,0,1.28,4.91,17.66,-64.02,-14.04,3.01,-2.72,-11.03,-13.75,,,,,
6321,7.94,22.27,2.21,0,0.01,0,2.14,6.29,20.61,-66.87,-13.57,2.97,-5.4,-10.6,-16,,,,,
6331,6.15,22.27,3.69,0,0.38,0,-0.23,5.09,18.9,-64.88,-13.66,3.03,-8.63,-10.63,-19.26,,,,,
6341,9.94,19.96,5.66,0,0.05,0,0.97,5.78,23.06,-67.98,-12.4,2.98,-2.56,-9.42,-11.98,,,,,
6351,8,21.48,0.44,0,0.07,0,-0.66,3.43,20.76,-64.01,-13.26,3.01,-10.49,-10.25,-20.74,,,,,
6361,8.7,24.98,6.88,0,0.1,0,-0.32,3.82,20.48,-63.08,-13.75,3.07,1.57,-10.68,-9.12,,,,,
6371,5.91,19.67,4.95,0,0.21,0,0.22,5.19,21.82,-67.12,-12.97,3.02,-9.15,-9.95,-19.1,,,,,
6381,8.11,15.17,1.92,0,0.2,0,0.29,5.22,21.81,-65.85,-13.66,3.04,-13.13,-10.62,-23.74,,,,,
6391,8.71,18.13,0.88,0,0.1,0,1.76,3.48,20.6,-62.85,-13.64,3,-9.19,-10.65,-19.84,,,,,
6401,9.2,20.76,1.76,0,-0.03,0,1.09,4.93,18.6,-68.62,-12.72,3.03,-12.31,-9.68,-21.99,,,,,
6411,11.36,20.57,3.88,0,0.08,0,-0.52,5.73,19.98,-67.08,-13.72,3.01,-5.99,-10.71,-16.7,,,,,
6421,15.1,20.12,2.08,0,0.06,0,2.13,5.75,21.01,-67.91,-12.29,2.96,-1.66,-9.33,-11,,,,,
6431,6.34,22.92,3.28,0,0.08,0,0.13,5.05,19.97,-65.98,-12.63,2.94,-8.21,-9.69,-17.9,,,,,
6441,8.34,18.1,3.87,0,0.11,0,0.84,6.52,20.14,-67.38,-13.4,2.94,-9.45,-10.46,-19.92,,,,,
6451,11.24,17.07,1.47,0,0.14,0,0.36,5.86,20.53,-67.61,-12.75,2.95,-10.96,-9.8,-20.76,,,,,
6461,9.09,32.53,0.11,0,0.14,0,1.81,3.9,15.61,-64.44,-13.09,3.02,-1.24,-10.08,-11.32,,,,,
6471,8.32,24.16,3.6,0,0.25,0,1.23,4.63,20.58,-65.06,-12.36,2.98,-2.28,-9.38,-11.66,,,,,
6481,9.3,21.53,2.42,0,0.11,0,0.41,4.71,19.37,-66.1,-12.55,2.97,-8.25,-9.57,-17.83,,,,,
6491,6.26,22.9,-0.87,0,0.06,0,2.39,5.29,19.93,-66.71,-12.13,2.98,-10.74,-9.15,-19.89,,,,,
6501,5.81,17.43,0.38,0,0.04,0,2.6,5.49,21.38,-67.18,-12.18,2.97,-14.06,-9.21,-23.28,,,,,
6511,7.47,13.88,0.37,0,0.05,0,2.43,5.58,21.19,-64.35,-13.93,3,-13.38,-10.93,-24.32,,,,,
6521,12.44,23.51,-0.28,0,0.07,0,1.81,4.75,19.47,-64.54,-13.42,3.04,-2.76,-10.38,-13.14,,,,,
6531,5.68,18.61,1.77,0,0.07,0,0.07,6.25,26.41,-67.27,-13.76,2.96,-8.41,-10.8,-19.21,,,,,
6541,5.06,18.05,3.13,0,0.08,0,1.16,6.13,23.56,-65.26,-14.81,2.98,-8.1,-11.83,-19.93,,,,,
6551,8.74,21.87,2.62,0,0.07,0,0.14,6.42,19.89,-67.07,-14.09,3.04,-7.33,-11.05,-18.38,,,,,
6561,7.15,16.22,1.86,0,0.12,0,3.38,5.5,21.62,-65.32,-14.11,3,-9.46,-11.12,-20.57,,,,,
6571,7.63,23.34,2.6,0,0.04,0,0.26,7.38,18.71,-66.88,-15.9,3.05,-6.91,-12.85,-19.76,,,,,
6581,11.18,21.21,0.23,0,0.01,0,-0.04,5.81,19.51,-64.77,-14.66,3.05,-6.87,-11.61,-18.48,,,,,
6591,8.08,18.2,1.68,0,0.04,0,2.53,6.5,22.01,-66.07,-13.79,2.97,-7.04,-10.83,-17.87,,,,,
6601,6.99,20.58,1.15,0,0.18,0,2.5,5.19,20.67,-64.67,-14,3,-7.41,-11,-18.41,,,,,
6611,12.71,19.3,5.71,0,0.02,0,0.41,5.98,17.35,-65.05,-14.8,3,-3.57,-11.8,-15.37,,,,,
6621,7.57,20.18,3.4,0,0.25,0,-0.11,4.19,24.39,-65.84,-12.27,2.96,-5.97,-9.31,-15.28,,,,,
6631,11.96,18.26,0.95,0,0.03,0,2.16,5.48,22.41,-65.38,-13.42,3.02,-4.12,-10.4,-14.52,,,,,
6641,6.71,16.47,7.87,0,0.17,0,-1.49,5.48,22.13,-66.86,-13.16,2.96,-9.52,-10.2,-19.72,,,,,
6651,9.1,20.29,3.75,0,0.17,0,-0.67,4.5,19.12,-64.74,-14,3.02,-8.49,-10.97,-19.47,,,,,
6661,8.87,25.31,1.4,0,-0.03,0,-0.02,7.28,23.8,-67.38,-14.41,3.02,-0.76,-11.39,-12.15,,,,,
6671,7.98,23.06,6.33,0,0.17,0,-2.1,5.39,19.15,-63.14,-14.74,3.05,-3.16,-11.69,-14.84,,,,,
6681,7.52,20.23,5.42,0,0.27,0,0.63,5.05,20.5,-63.36,-14.4,3.04,-3.75,-11.35,-15.1,,,,,
6691,9.39,20.69,2.17,0,0.06,0,-0.02,5.44,18.33,-65.62,-14.28,3.06,-9.56,-11.22,-20.78,,,,,
6701,11.34,20.57,3.18,0,0.03,0,0.64,6.41,16.62,-66.48,-14.1,3.03,-7.68,-11.07,-18.76,,,,,
6711,5.35,25.97,1.55,0,0.04,0,0.11,6.01,20.53,-66.69,-13.03,3.02,-7.12,-10.01,-17.13,,,,,
6721,7.8,23.93,3.73,0,0.07,0,-0.99,5.33,18.65,-64.14,-14.49,3.05,-5.63,-11.43,-17.06,,,,,
6731,8.51,23.28,1.28,0,0.06,0,0.75,4.1,19.09,-65.44,-12.87,3.08,-8.38,-9.8,-18.18,,,,,
6741,10.69,19.26,2.43,0,0,0,-1.23,5.99,19.98,-67.59,-13.17,3.02,-10.47,-10.15,-20.62,,,,,
6751,10.35,17.18,1.79,0,0.07,0,3.34,5.9,19.62,-64.91,-14.36,3.05,-6.67,-11.3,-17.97,,,,,
6761,7.97,15.85,-0.68,0,0.22,0,3.43,6.77,21.95,-65.84,-14.52,2.99,-10.34,-11.53,-21.86,,,,,
6771,11.1,13.84,1.7,0,0.13,0,-1.33,4.57,21.06,-64.07,-13.93,3.05,-13,-10.88,-23.88,,,,,
6781,7.59,20.83,1.75,0,0.09,0,-1.02,6.43,17.91,-64.88,-14.9,3.02,-11.31,-11.88,-23.19,,,,,
6791,9.31,20.01,3.52,0,0.2,0,1,5.76,20.26,-65.64,-14.53,3.03,-5.58,-11.51,-17.09,,,,,
6801,11.88,25.47,4.9,0,0.06,0,0.16,6.61,17.37,-65.54,-14.74,3.06,0.91,-11.68,-10.77,,,,,
6811,9.52,25.82,0.96,0,-0.03,0,3.19,6.8,22.13,-66.51,-14.96,3.06,1.88,-11.9,-10.02,,,,,
6821,7.17,26.55,0.97,0,0.22,0,1.21,5.69,20.61,-65.58,-14.32,3.09,-3.16,-11.22,-14.38,,,,,
6831,7.03,21.84,6.06,0,-0.06,0,-1.55,5.1,20.57,-66.92,-12.93,3.01,-7.93,-9.92,-17.86,,,,,
6841,11,21.24,3.2,0,0.07,0,0.8,4.81,16.98,-65.26,-13.35,3.04,-7.16,-10.32,-17.48,,,,,
6851,7.19,20.02,1.14,0,0.13,0,-0.12,4.8,19.48,-66.09,-13.16,3,-13.46,-10.16,-23.62,,,,,
6861,8.4,21.94,3.24,0,0.23,0,-0.68,4.95,18.38,-66.5,-13.26,3.03,-10.04,-10.23,-20.27,,,,,
6871,7.6,18.68,3.45,0,0.14,0,2.92,4.78,20.3,-64.85,-13.79,3.02,-6.99,-10.77,-17.76,,,,,
6881,7.01,19.69,-0.09,0,0.27,0,3.22,4.8,19.96,-65.52,-12.03,2.96,-10.66,-9.07,-19.72,,,,,
6891,9.64,18.04,0.25,0,0.07,0,2.73,5.85,18.97,-67.64,-12.78,2.95,-12.09,-9.83,-21.93,,,,,
6901,6.91,22.85,1.13,0,0.23,0,3.58,5.83,21.95,-67.23,-12.99,2.99,-4.75,-10,-14.75,,,,,
6911,18.06,22.98,1.37,0,0.15,0,0.51,5.39,15.44,-67.26,-12.66,3,-3.37,-9.66,-13.03,,,,,
6921,9.32,20.66,3.1,0,0.06,0,0.69,5.18,17.22,-65.74,-12.91,3.04,-9.51,-9.87,-19.38,,,,,
6931,6.84,18.84,0.24,0,0.05,0,7.44,5.03,18.92,-65.76,-13.46,3.03,-8.4,-10.44,-18.83,,,,,
6941,7.32,16.85,3.24,0,0.16,0,2.21,5.19,20.5,-65.86,-12.99,3.01,-10.39,-9.98,-20.37,,,,,
6951,6,25.67,7.1,0,0.16,0,-0.01,4.74,22.1,-67.02,-12.36,2.95,-1.26,-9.41,-10.67,,,,,
6961,14.41,21.42,1.94,0,0.04,0,1.59,5.13,17.2,-67.37,-12.55,3,-5.65,-9.55,-15.19,,,,,
6971,6.46,18.64,2.07,0,0.11,0,2.57,5.79,22.72,-68.37,-11.86,2.94,-10.01,-8.92,-18.93,,,,,
6981,10.52,19.43,2.91,0,0.04,0,2.89,6.16,18.2,-68.33,-12.48,3,-8.2,-9.49,-17.69,,,,,
6991,8.68,17.01,2.13,0,0.1,0,1.49,5.46,19.6,-66.51,-12.88,2.98,-12.05,-9.89,-21.94,,,,,
7001,13.73,25.2,4.49,0,0.1,0,-0.97,5.58,18.38,-65.57,-13.31,2.99,0.95,-10.31,-9.37,,,,,
7011,4.34,30.05,1.48,0,0.07,0,2.26,4.88,21.84,-65.38,-12.51,2.95,-0.46,-9.56,-10.02,,,,,
7021,6.94,26.05,0.1,0,-0.03,0,1.48,3.58,17.58,-65.28,-12.84,3.05,-9.58,-9.79,-19.37,,,,,
7031,10.24,13.97,1.14,0,0.13,0,6.32,5.47,20.71,-66.87,-12.34,2.96,-8.89,-9.38,-18.26,,,,,
7041,7.88,18.93,2.65,0,0.01,0,1.97,5.08,19.87,-65.23,-13.89,2.98,-8.83,-10.91,-19.74,,,,,
7051,8.52,16.6,1.59,0,0.01,0,2.59,5.46,22.13,-66.8,-13.42,3.05,-9.9,-10.38,-20.28,,,,,
7061,6.67,17.6,1.96,0,0.11,0,2.57,4.67,21.44,-64.94,-13.98,3.03,-9.92,-10.95,-20.86,,,,,
7071,7.29,16.07,1.42,0,0.01,0,0.41,3.63,20.46,-65.08,-13.07,2.98,-15.77,-10.09,-25.86,,,,,
7081,4.91,20.57,8.69,0,0.16,0,0.2,4.74,18.75,-65.68,-13.17,3.05,-7.66,-10.12,-17.78,,,,,
7091,8.88,30.18,2.48,0,0.06,0,0.04,5.28,20.4,-66.06,-13.21,3.05,1.25,-10.16,-8.91,,,,,
7101,6.63,26.64,2.28,0,0.08,0,-0.73,5.18,18.4,-64.47,-13.86,3.06,-5.99,-10.8,-16.79,,,,,
7111,7.53,19.19,3.03,0,0.03,0,1.88,5.36,20.35,-63.81,-14.28,3,-6.43,-11.29,-17.72,,,,,
7121,13.7,23.27,1.81,0,0.03,0,1.2,4.58,16.63,-65.9,-13.06,3.06,-4.67,-10,-14.67,,,,,
7131,10.09,21.16,3.96,0,0.33,0,-0.04,5.48,18.55,-65.4,-13.83,3,-5.88,-10.83,-16.71,,,,,
7141,12.52,19.05,0.08,0,0.06,0,1.34,5.41,19.91,-65.31,-13.8,3.02,-6.94,-10.78,-17.72,,,,,
7151,6.45,16.17,5.17,0,0.17,0,1.55,5.06,20.26,-65,-13.78,3.03,-10.18,-10.75,-20.93,,,,,
7161,10.15,20.47,1.92,0,0.31,0,2.32,5.24,19.67,-65.19,-14.18,3.07,-5.11,-11.11,-16.22,,,,,
7171,5.55,21.32,-0.02,0,0.03,0,1.41,5.54,21.1,-66.29,-13.25,3,-11.36,-10.25,-21.6,,,,,
7181,7.34,22.58,3.65,0,0.18,0,-0.96,4.17,21.8,-63.63,-13.28,3.05,-4.88,-10.23,-15.11,,,,,
7191,14.12,21.93,1.51,0,0.07,0,-1.03,5.28,20.08,-65.23,-13.69,3.03,-3.26,-10.67,-13.92,,,,,
7201,7.61,17.16,3.64,0,-0.03,0,0.84,5.68,21.95,-66.39,-13.06,3.01,-9.54,-10.05,-19.59,,,,,
7211,5.83,21.35,1.33,0,0.11,0,1.33,4.32,21.63,-65.25,-13.7,3.02,-9.35,-10.68,-20.03,,,,,
7221,9.99,22.31,6.58,0,0.2,0,-0.77,5.38,21.67,-64.99,-13.86,3.05,0.38,-10.81,-10.43,,,,,
7231,13.37,20.41,3.19,0,0.17,0,1.36,5.38,21.36,-65.2,-14.2,3.04,0.04,-11.16,-11.12,,,,,
7241,10.06,28.26,3.76,0,0.2,0,2.33,5.02,18.58,-66.21,-12.97,3.04,1.99,-9.93,-7.93,,,,,
7251,8.99,18.11,2.86,0,0.13,0,0.86,4.77,20.47,-64.64,-13.78,3.03,-8.44,-10.75,-19.2,,,,,
7261,7.72,17.41,1.64,0,0.06,0,-0.08,3.58,17.96,-63.93,-13.21,3.07,-15.63,-10.14,-25.76,,,,,
7271,7.22,20.05,1.4,0,0.11,0,2.91,5.17,22.5,-65.69,-13.83,3.01,-6.34,-10.81,-17.15,,,,,
7281,6.33,28.03,2.8,0,0.04,0,0.92,4.45,19.47,-65.16,-13.97,3.04,-3.12,-10.93,-14.05,,,,,
7291,9.06,17.11,0.88,0,0.06,0,2.27,5.17,22.92,-65.36,-13.55,3.01,-7.88,-10.54,-18.42,,,,,
7301,4.93,17.86,4.65,0,0.07,0,2.19,5.78,20.06,-66.24,-13.2,3.03,-10.71,-10.17,-20.88,,,,,
7311,6.15,22.36,3,0,0.08,0,1.24,4.5,19.39,-64.73,-13.48,3.07,-8,-10.41,-18.41,,,,,
7321,6.98,18.79,4.62,0,0.12,0,3.09,5.04,20.37,-65.17,-13.15,3.03,-6.17,-10.12,-16.29,,,,,
7331,12.18,23.03,1.26,0,-0.07,0,0.63,5.17,17.91,-65.45,-13.87,3.04,-5.36,-10.83,-16.19,,,,,
7341,13.35,18.36,2.19,0,0.07,0,1.81,5.81,18.59,-67.85,-13.16,3.04,-7.67,-10.12,-17.79,,,,,
7351,12.27,18.35,3.61,0,-0.07,0,0.18,5.13,21.91,-65.66,-13.25,3.01,-4.29,-10.24,-14.53,,,,,
7361,13.17,18.84,1.31,0,0.08,0,0.33,5.66,21.57,-65.24,-13.3,3.01,-4.28,-10.29,-14.57,,,,,
7371,6.65,21.05,1,0,0.04,0,-0.34,4.2,19.94,-64.41,-13.55,2.99,-11.88,-10.56,-22.44,,,,,
7381,8.05,17.62,1.32,0,0.24,0,2.43,4.87,22.46,-64.38,-13.25,2.99,-7.4,-10.26,-17.66,,,,,
7391,9.29,25.7,3.36,0,0.01,0,0.16,5.02,19.42,-65.29,-13.37,3.06,-2.33,-10.31,-12.64,,,,,
7401,6.52,16.18,4.33,0,0.14,0,2.9,4.66,25.99,-65.37,-12.59,2.99,-4.64,-9.61,-14.25,,,,,
7411,7.82,17.38,2.98,0,0.15,0,2.07,5.69,23.32,-67.55,-12.81,3,-8.16,-9.81,-17.97,,,,,
7421,9.22,22.59,2.2,0,0.06,0,0.9,4.81,19.96,-64.86,-13.31,3.03,-5.12,-10.28,-15.4,,,,,
7431,9.86,22.1,-1.97,0,0.03,0,4.19,5.53,19.49,-66.36,-13.41,3.03,-7.13,-10.38,-17.5,,,,,
7441,5.95,21.05,7.66,0,0.31,0,0.85,5.02,20.8,-64.89,-13.81,3.04,-3.24,-10.77,-14.01,,,,,
7451,8.16,17.04,0.36,0,0.02,0,-0.65,4.77,18.72,-64.84,-13.71,3.05,-16.41,-10.66,-27.07,,,,,
7461,7.81,21.63,3.83,0,0.07,0,-0.01,4.81,18.55,-64.7,-13.84,3.02,-8.02,-10.82,-18.84,,,,,
7471,7.93,20.37,4.37,0,0.13,0,-0.47,4.85,22.36,-63.43,-13.82,3,-3.91,-10.82,-14.73,,,,,
7481,8.64,19.64,0.65,0,0.03,0,0.72,5.29,18.54,-66.47,-13.64,3.02,-12.96,-10.63,-23.58,,,,,
7491,10.16,18.36,2,0,0.02,0,1.38,5.41,24.11,-67.09,-13.17,3,-5.65,-10.17,-15.82,,,,,
7501,11.31,20.91,5.29,0,0.12,0,-0.65,3.68,17.7,-64.83,-13.12,3,-6.48,-10.12,-16.61,,,,,
7511,5.18,17.19,7.41,0,0.21,0,3.71,5.41,22.76,-66.7,-12.78,3.03,-4.84,-9.75,-14.58,,,,,
7521,10.04,20.55,4.37,0,0.15,0,-0.46,5.61,20.09,-64.89,-14.56,3.03,-4.53,-11.53,-16.06,,,,,
7531,9.95,19.19,4.53,0,0.05,0,0.4,4.76,19.2,-65.43,-13.65,3.04,-7.33,-10.61,-17.95,,,,,
7541,10.76,27.71,4.11,0,0.08,0,-1.9,5.22,17.6,-66.58,-13.42,3.02,-3,-10.4,-13.41,,,,,
7551,8.69,21.98,2.92,0,0.17,0,1.16,4.65,19.05,-64.68,-13.31,3.04,-6.06,-10.27,-16.33,,,,,
7561,6.59,24.85,3.78,0,0.22,0,-0.56,4.75,21.38,-66.17,-13.63,3,-5.16,-10.62,-15.79,,,,,
7571,7.12,21.27,6.27,0,0.05,0,-0.18,5.44,21.12,-67.63,-12.52,3.02,-6.54,-9.5,-16.04,,,,,
7581,7.39,29.48,4.36,0,0.11,0,-0.51,4.74,20.27,-65.27,-12.41,3.02,0.57,-9.39,-8.82,,,,,
7591,6.64,22,2.54,0,0.15,0,2.36,5.16,21.22,-64.91,-14.03,3.02,-4.83,-11.02,-15.85,,,,,
7601,4.1,18.36,1.94,0,-0.02,0,0.16,4.71,24.24,-64.93,-13.44,3.01,-11.46,-10.43,-21.88,,,,,
7611,13.06,15.56,8.36,0,0.24,0,0.73,5.77,21.65,-67.82,-12.99,3.02,-2.45,-9.97,-12.42,,,,,
7621,11.24,24.27,6.11,0,0.08,0,-1.49,5.24,19.34,-65.39,-14.49,3.06,-0.6,-11.43,-12.03,,,,,
7631,8.14,17.37,9.16,0,0.25,0,-1.61,3.9,18.25,-64.43,-12.93,3.06,-8.97,-9.87,-18.85,,,,,
7641,2.37,18.33,1.52,0,0.1,0,0.33,5.04,24.61,-66.12,-12.5,2.98,-13.81,-9.51,-23.33,,,,,
7651,6.72,19.93,2.48,0,0.19,0,4.15,4.89,20.91,-65.41,-13.83,3.03,-6.15,-10.8,-16.95,,,,,
7661,6.83,19.02,1.46,0,0.02,0,-0.42,3.46,19.63,-64.27,-13.02,3,-14.26,-10.02,-24.29,,,,,
7671,7.01,21.49,4.2,0,0.02,0,2.71,5.49,20.52,-65.02,-14.19,3.01,-3.57,-11.18,-14.75,,,,,
7681,6.08,22.46,1.79,0,0.07,0,0.9,4.12,20.62,-65.9,-12.7,3.04,-9.86,-9.66,-19.52,,,,,
7691,7.31,13.95,5.98,0,0.14,0,1.19,4.51,22.66,-64.66,-13.18,3.03,-8.92,-10.16,-19.08,,,,,
7701,8.49,13.9,3.15,0,0.26,0,1.24,5.07,20.34,-65.09,-13.95,3.02,-12.64,-10.93,-23.58,,,,,
7711,10.48,16.99,1.69,0,0.16,0,-0.73,5,19.57,-63.68,-13.89,3.01,-10.52,-10.88,-21.4,,,,,
7721,9.67,17.09,3.27,0,0.19,0,1.79,4.34,19.72,-63.77,-13.61,3.05,-7.7,-10.56,-18.26,,,,,
7731,9.37,26.39,5.74,0,0.16,0,0.71,4.85,16.11,-66.25,-13.14,3.06,-2.92,-10.08,-13,,,,,
7741,10.65,20.13,3.43,0,-0.03,0,0.09,5.12,19.53,-66.2,-13.8,3.05,-7.28,-10.74,-18.03,,,,,
7751,7.44,23.42,0.68,0,0.02,0,0.76,5.68,20.61,-67.47,-12.58,3,-8.85,-9.58,-18.42,,,,,
7761,6.7,21.51,7.19,0,0.18,0,-1.1,4.19,19.39,-64.47,-13.88,3.05,-6.4,-10.83,-17.23,,,,,
7771,7.16,25.21,6.11,0,0.1,0,1.17,5.87,19.82,-65.89,-13.85,3.03,-0.46,-10.82,-11.28,,,,,
7781,9.16,16.91,1.3,0,0.11,0,1.69,5.55,21.28,-65.8,-13.95,3.02,-9.81,-10.93,-20.74,,,,,
7791,8.47,14.48,6.88,0,0.24,0,0.05,5.6,20.11,-66.29,-13.43,3.02,-10.46,-10.41,-20.87,,,,,
7801,6.15,22.7,5.48,0,0.57,0,-0.16,5.18,20.34,-67.17,-13.01,2.99,-6.9,-10.02,-16.92,,,,,
7811,7.51,18.51,5.19,0,0.07,0,1.49,4.89,20.78,-66.07,-13.28,3.01,-7.65,-10.27,-17.91,,,,,
7821,10.29,17.91,2.76,0,0.17,0,0.44,4.46,20.48,-64.9,-13.72,3.03,-8.38,-10.69,-19.07,,,,,
7831,8.94,18.09,0,0,-0.03,0,-0.07,4.67,19.76,-64.36,-13.83,3.04,-13.01,-10.79,-23.8,,,,,
7841,11.3,17.79,1.87,0,0.02,0,-0.25,5.66,20.59,-64.55,-14.05,3,-7.57,-11.05,-18.63,,,,,
7851,5.18,17.72,4.27,0,0.18,0,-0.27,3.8,21.46,-64.93,-13.46,3.02,-12.59,-10.45,-23.04,,,,,
7861,7.07,21.13,3.51,0,0.3,0,0.48,5.53,20.87,-65.97,-13.15,3.01,-7.08,-10.13,-17.22,,,,,
7871,9.58,20.37,0.04,0,0.02,0,5.41,5.22,17.77,-65.36,-13.66,3.03,-6.96,-10.62,-17.58,,,,,
7881,14.33,16.55,4.3,0,0.1,0,2.44,4.96,19.02,-65.91,-14.15,3.07,-4.2,-11.08,-15.29,,,,,
7891,9.98,21.74,2.83,0,0.08,0,-0.78,4.81,17.84,-65.33,-13.6,3.03,-8.84,-10.57,-19.42,,,,,
7901,7.45,14.36,3.17,0,0.08,0,1.27,4.8,19.98,-66.35,-13.09,3.01,-15.24,-10.08,-25.32,,,,,
7911,9.05,25.04,1.29,0,0.01,0,-1.8,6.1,19.49,-66.72,-13.09,2.98,-7.55,-10.11,-17.65,,,,,
7921,5.02,23.04,1.64,0,0.02,0,2.53,5.36,22.46,-67.63,-12.98,3,-7.56,-9.97,-17.54,,,,,
7931,13.79,16.41,1.44,0,0.13,0,1.61,5.56,17.56,-66.37,-13.55,3.03,-9.88,-10.52,-20.39,,,,,
7941,7.2,24.07,-0.06,0,0.07,0,2.26,4.99,19.27,-66.36,-13.31,3.02,-8.56,-10.29,-18.85,,,,,
7951,13.14,17.02,3.78,0,0.09,0,0.64,3.33,18.13,-65.57,-13.01,3.04,-9.43,-9.97,-19.4,,,,,
7961,8.66,17.18,4.99,0,-0.07,0,-2.27,4.7,22.24,-66.37,-12.55,2.99,-10.95,-9.56,-20.5,,,,,
7971,6.99,24.68,7.31,0,-0.08,0,-1.61,5.54,18.66,-64.33,-14.79,3.03,-2.84,-11.75,-14.59,,,,,
7981,10.6,22.51,1.54,0,0.03,0,1.13,4.4,19.78,-64.69,-12.95,3.05,-4.68,-9.9,-14.58,,,,,
7991,7.37,20.49,2.61,0,0.01,0,0.14,4.23,22.65,-66.5,-12.97,3.01,-9,-9.96,-18.96,,,,,
8001,8.04,18.17,0.64,0,0.2,0,0.42,5.52,23.02,-65.59,-13.51,3.01,-9.58,-10.5,-20.08,,,,,
8011,10.49,22.53,0.74,0,0.01,0,0.43,5.76,20.65,-65.59,-13.37,3.02,-4.97,-10.34,-15.32,,,,,
8021,6.06,22.55,1.32,0,0.04,0,1.31,5.39,20.05,-65.9,-13.02,3.05,-9.18,-9.97,-19.15,,,,,
8031,6.87,19.01,2.32,0,0.23,0,-0.71,4.92,18.84,-66.24,-13.14,3,-14.75,-10.14,-24.89,,,,,
8041,8.3,21.25,2.29,0,0.11,0,1.38,5.52,21.26,-68,-12.75,3,-7.89,-9.75,-17.64,,,,,
8051,7.01,17.74,5.55,0,0.09,0,0.26,5.86,24.66,-66.97,-13.06,2.95,-5.8,-10.11,-15.9,,,,,
8061,7.99,21.9,2.05,0,0.06,0,-1.65,4.23,20.16,-63.64,-14.35,3.01,-8.9,-11.34,-20.23,,,,,
8071,9.38,16.95,6.66,0,0.14,0,-0.1,4.01,20.13,-65.35,-13.64,3,-8.18,-10.64,-18.81,,,,,
8081,11.39,18.66,1.13,0,0.05,0,3.29,4.08,20.87,-65.48,-12.83,3.03,-6.02,-9.8,-15.81,,,,,
8091,8.32,18.67,4.49,0,0.06,0,-1.89,4.78,19.56,-66.52,-12.93,3.01,-12.53,-9.92,-22.45,,,,,
8101,9.88,21.45,4.38,0,0.16,0,0.61,4.6,18.15,-64.93,-13.01,2.99,-5.69,-10.02,-15.71,,,,,
8111,7.76,20.84,7.59,0,0.35,0,0.04,4.07,21.31,-64.31,-13.32,3.07,-2.36,-10.26,-12.61,,,,,
8121,7.72,23.85,2.56,0,0.16,0,3.57,5.27,23.2,-65.63,-13.02,3.01,0.72,-10.02,-9.3,,,,,
8131,12.1,20.77,5.78,0,0.45,0,0.84,3.86,20.16,-65.86,-13.1,3.01,-1.92,-10.09,-12.01,,,,,
8141,10.1,23.24,2.93,0,0.05,0,-1.12,6.66,21.81,-65.9,-13.48,3.04,-2.23,-10.45,-12.68,,,,,
8151,6.45,20.12,3.43,0,0.13,0,1.12,4.8,21.53,-64.84,-13.86,3.01,-7.25,-10.85,-18.1,,,,,
8161,13.92,20.72,1.88,0,0.18,0,2.94,5.83,19.82,-66.56,-13.6,3.04,-1.27,-10.57,-11.84,,,,,
8171,10.67,21.46,5.25,0,0.14,0,-0.87,5.05,22.96,-65.04,-13.49,3.02,-0.38,-10.48,-10.85,,,,,
8181,13.6,15.4,1.23,0,0.04,0,2.4,5.59,19.76,-65.77,-13.61,3.03,-7.75,-10.58,-18.33,,,,,
8191,8.38,21.89,3.52,0,0.59,0,-0.95,5.61,22.02,-65.11,-14.45,3.01,-4.06,-11.44,-15.51,,,,,
8201,8.78,22.26,6.06,0,0.11,0,-0.16,6.34,22.63,-66.8,-13.94,3.01,-0.78,-10.93,-11.71,,,,,
8211,10.02,20.98,2.06,0,0.09,0,1.33,4.53,18.46,-63.43,-14.17,3.01,-5.94,-11.16,-17.1,,,,,
8221,9.76,17.89,0.8,0,0.25,0,2.01,5.56,19.23,-65.98,-14.06,3.07,-10.49,-10.99,-21.48,,,,,
8231,11.01,19.19,4.48,0,0.05,0,2.29,5.15,20.38,-65.41,-13.92,3,-2.86,-10.91,-13.78,,,,,
8241,12.69,19.15,0.35,0,0.04,0,3.12,5.37,18.17,-67.41,-12.5,2.99,-8.51,-9.51,-18.02,,,,,
8251,9.61,18.66,4.32,0,0.05,0,-0.66,5.28,21.64,-65.74,-13.99,3.04,-6.85,-10.96,-17.8,,,,,
8261,9.58,18.26,4.81,0,0.35,0,-2,3.79,20.72,-64.34,-13.58,3.01,-8.85,-10.57,-19.42,,,,,
8271,6.41,17.25,1.56,0,0.1,0,0.04,4.78,21.84,-63.64,-13.28,3,-11.65,-10.29,-21.94,,,,,
8281,10.56,16.04,3.96,0,0.11,0,-1.24,5.29,19.63,-66.42,-13.95,3.01,-12.07,-10.94,-23,,,,,
8291,10.31,22.13,-1.4,0,0.06,0,1.82,4.95,16.35,-64.23,-13.64,3.08,-10.01,-10.56,-20.57,,,,,
8301,5.18,15.17,3.15,0,0.17,0,1.7,4.69,24.7,-65.46,-12.93,3,-10.7,-9.94,-20.63,,,,,
8311,15.68,16.16,6.62,0,0.28,0,1.06,5.94,21.47,-66.89,-12.98,3.02,0.32,-9.96,-9.64,,,,,
8321,4.29,19.32,0.75,0,-0.04,0,0.13,5.04,22.18,-66.26,-12.7,2.96,-14.58,-9.73,-24.31,,,,,
8331,5.36,17.34,-0.22,0,0.01,0,-0.84,4.97,21.64,-65.78,-13.1,3.02,-17.51,-10.09,-27.59,,,,,
8341,9.12,18.65,1.75,0,0,0,0.8,3.89,18.53,-63.02,-13.39,3.02,-10.28,-10.37,-20.65,,,,,
8351,7.81,19.66,7.87,0,0.23,0,0.06,4.97,21.29,-66.43,-13.18,3.06,-4.53,-10.12,-14.65,,,,,
8361,8.51,23.36,5.1,0,0.26,0,0.97,3.81,18.47,-65.4,-13.18,3.03,-4.92,-10.15,-15.07,,,,,
8371,11.68,17.06,2.52,0,0.08,0,-0.58,3.59,20.76,-64.64,-13.17,2.98,-9.52,-10.19,-19.71,,,,,
8381,6.86,17.81,4.8,0,0.32,0,1.32,3.74,21.39,-63.7,-13.33,3.02,-7.46,-10.31,-17.77,,,,,
8391,8.05,21.37,3.35,0,0,0,-0.99,5.66,19.45,-66.03,-13.81,3.05,-9.15,-10.76,-19.91,,,,,
8401,11.03,15.25,4.69,0,0.1,0,0.23,4.81,19.44,-65.5,-14.04,2.99,-9.94,-11.05,-20.99,,,,,
8411,10.18,23.05,3.32,0,0.01,0,-0.15,5.67,22.12,-66.63,-13.91,3.02,-2.43,-10.89,-13.32,,,,,
8421,7.81,24.35,3.96,0,0.07,0,-0.46,4.31,19.44,-64.96,-13.83,3.03,-5.48,-10.8,-16.27,,,,,
8431,13.4,16.61,5.61,0,0.2,0,-0.71,5.25,20.32,-65.45,-13.35,3.03,-4.78,-10.32,-15.1,,,,,
8441,6.4,24.15,3.71,0,-0.07,0,2.1,5.56,21.75,-67.71,-12.98,3,-4.11,-9.98,-14.09,,,,,
8451,12.47,16.92,5.16,0,0.21,0,1.04,5.44,22.56,-66.96,-12.99,3.02,-3.16,-9.97,-13.13,,,,,
8461,6,12.14,2.63,0,0.03,0,0.84,3.59,18.31,-64.62,-12.78,3,-21.08,-9.79,-30.86,,,,,
8471,7.31,16.03,6.62,0,0.03,0,-0.93,4.94,20.7,-64.93,-13.63,3,-10.23,-10.63,-20.86,,,,,
8481,9.68,18.65,2.96,0,0.09,0,-0.33,4.08,22.64,-66.53,-12.52,2.98,-8.76,-9.54,-18.3,,,,,
8491,8.51,18.18,4.64,0,0.23,0,-0.91,3,18.22,-63.6,-12.76,3.04,-11.74,-9.72,-21.46,,,,,
8501,9.77,22.93,1.79,0,-0.02,0,-0.79,4.65,19.9,-66.88,-12.82,3,-8.65,-9.81,-18.46,,,,,
8511,7.84,18.5,3.44,0,0.23,0,2,5.04,22.27,-66.41,-13.43,3,-7.09,-10.42,-17.51,,,,,
8521,7.43,18.07,4.56,0,0.24,0,0.42,3.18,18.9,-63.71,-13.27,3,-10.91,-10.27,-21.19,,,,,
8531,12.76,23.56,3.44,0,0.03,0,-0.5,5.06,18.6,-65.19,-14.07,3.03,-2.24,-11.05,-13.29,,,,,
8541,11.04,19.93,1.43,0,0.1,0,-0.61,5.08,18.22,-64.79,-13.65,3.05,-9.6,-10.6,-20.2,,,,,
8551,9.61,17.79,1.27,0,0.14,0,-0.85,4.24,19.93,-64.36,-13.99,3,-12.23,-10.99,-23.22,,,,,
8561,8.37,27.92,5.93,0,0.4,0,-1.06,6.12,19.45,-67.1,-13.76,3.04,0.02,-10.72,-10.71,,,,,
8571,6.13,15.52,2.46,0,-0.01,0,0.2,4.61,21.03,-65.9,-12.86,2.99,-15.96,-9.87,-25.83,,,,,
8581,6.65,25.39,4.42,0,0.11,0,-1.22,4.55,19.4,-64.67,-13.87,3.01,-5.38,-10.86,-16.25,,,,,
8591,11.72,16.37,4.53,0,0.25,0,0.53,3.71,19.05,-65.34,-12.75,3.03,-9.18,-9.72,-18.9,,,,,
8601,6.59,24.72,2.65,0,0.04,0,-0.36,5.15,21.93,-65.43,-13.63,3.02,-4.73,-10.61,-15.34,,,,,
8611,4.78,17.04,4.79,0,0.16,0,0.86,5.35,23.61,-65.77,-13.3,2.99,-9.2,-10.32,-19.52,,,,,
8621,10.69,21.65,5.34,0,0,0,-2.01,4.52,21.43,-64.89,-13.62,2.99,-3.25,-10.62,-13.87,,,,,
8631,8.47,20.74,5.52,0,0.2,0,1.47,5.56,20.71,-67.46,-12.16,3.05,-4.78,-9.11,-13.89,,,,,
8641,7.4,17.11,0.36,0,0.07,0,4.81,5.74,20.59,-66.54,-13.24,3.01,-10.45,-10.23,-20.68,,,,,
8651,12.02,24.94,3.49,0,0.14,0,0.9,5.36,15.25,-64,-14.5,3.05,-1.92,-11.45,-13.37,,,,,
8661,8.41,20.31,3.35,0,0.13,0,-0.38,4.2,22.16,-65.4,-13.45,2.97,-7.22,-10.48,-17.71,,,,,
8671,6.11,14.86,3.76,0,0.15,0,-1.44,4.23,22.29,-66.04,-12.52,3,-16.09,-9.52,-25.6,,,,,
8681,10.84,13.01,1.27,0,0.08,0,0.5,5.96,22.13,-67.04,-13.43,2.97,-13.24,-10.46,-23.71,,,,,
8691,8.76,16.88,4.89,0,0.14,0,1.09,3.98,17.39,-64.83,-13.52,3.02,-11.7,-10.51,-22.21,,,,,
8701,11,23.03,1.47,0,0.05,0,-0.43,3.63,16.11,-64.37,-13.16,3.04,-9.51,-10.12,-19.63,,,,,
8711,7.47,24.81,2.68,0,0.05,0,0.33,4.31,20.17,-64.77,-13.47,3.05,-4.94,-10.42,-15.36,,,,,
8721,5.11,25.56,2.29,0,0.13,0,1.23,2.68,24.5,-63.36,-13.33,3,-1.86,-10.33,-12.19,,,,,
8731,13.52,22.73,6.89,0,0.09,0,-1.04,4.6,19.53,-65.42,-13.24,3.03,0.9,-10.21,-9.32,,,,,
8741,12.27,17.28,2.37,0,0.09,0,0.34,4.83,26.2,-65.31,-13.36,2.99,-1.91,-10.36,-12.27,,,,,
8751,6.74,18.35,6.2,0,0.22,0,-1.47,4.49,20.87,-65.85,-13.32,3.02,-10.44,-10.3,-20.74,,,,,
8761,7.83,18.92,2.41,0,0.12,0,2.89,4.69,28.2,-65.66,-12.31,2.98,-0.59,-9.33,-9.92,,,,,
8771,5.7,23.7,6.49,0,0.15,0,-1.38,3.88,21.52,-65.13,-12.03,3,-5.08,-9.03,-14.11,,,,,
8781,9.89,13.48,4,0,0.08,0,1.73,6.18,19.85,-67.07,-12.96,3.03,-11.85,-9.93,-21.78,,,,,
8791,9.83,25.82,4.11,0,0.14,0,0.74,5.11,19.1,-65.9,-14.37,3.01,-1.05,-11.36,-12.41,,,,,
8801,10.28,17.7,5.4,0,0.04,0,-0.32,4.11,21.95,-64.4,-12.96,3,-5.25,-9.96,-15.21,,,,,
8811,5.59,19.99,1.24,0,0.13,0,0.58,5.23,20.57,-66.58,-13.55,3.01,-13.25,-10.54,-23.8,,,,,
8821,8.61,20.22,2.47,0,0.07,0,-0.74,4.24,19.46,-64,-13.75,3,-9.67,-10.75,-20.43,,,,,
8831,10.17,24.39,2.71,0,-0.05,0,-0.86,4.98,19.43,-65.16,-13.96,3.02,-4.4,-10.94,-15.34,,,,,
8841,9.69,19.57,3.25,0,0.12,0,-1.28,4.46,16.63,-64,-13.96,3.04,-11.56,-10.93,-22.49,,,,,
8851,6.19,19.64,0.04,0,0.13,0,2.06,3.84,21.24,-64.03,-13.13,2.99,-10.9,-10.14,-21.04,,,,,
8861,6.63,23.52,3.47,0,-0.07,0,0.2,4.62,21.67,-66.93,-12.25,3.02,-6.88,-9.23,-16.11,,,,,
8871,8.08,15.11,3.75,0,0.07,0,-0.47,5.69,23.84,-66.46,-13.53,2.98,-10.4,-10.54,-20.94,,,,,
8881,10.69,24.51,5.13,0,0.13,0,0.07,4.01,18.58,-64.34,-13.79,3.01,-1.22,-10.77,-11.99,,,,,
8891,5.63,25.53,5.71,0,0.19,0,-1.11,5.37,19.69,-66.5,-13.93,3.01,-5.5,-10.92,-16.42,,,,,
8901,10.65,23.11,1.92,0,0.11,0,2.44,3.93,18.48,-66.15,-12.62,3.01,-5.5,-9.61,-15.11,,,,,
8911,5.31,13.47,3.49,0,0.23,0,-0.33,3.96,22.85,-65.71,-12.55,2.96,-16.73,-9.59,-26.32,,,,,
8921,8.82,22.87,2.85,0,0.19,0,-0.46,5.33,19.83,-66.09,-13.5,3,-6.66,-10.5,-17.15,,,,,
8931,7.56,24.23,6.39,0,0.09,0,0.54,6.51,18.6,-65.03,-13.67,3,-1.1,-10.68,-11.77,,,,,
8941,10.33,26.21,4.6,0,0.04,0,-1.83,3.79,19.21,-64.23,-14.04,3.03,-1.87,-11.01,-12.88,,,,,
8951,7.09,21.95,4.14,0,0,0,0.74,5.01,19.99,-65.64,-13.59,3.05,-6.72,-10.54,-17.26,,,,,
8961,7.18,15.41,-0.67,0,0.02,0,0.04,3.59,20.24,-63.7,-13.76,3.02,-17.9,-10.74,-28.64,,,,,
8971,7.86,14.97,2.57,0,0.02,0,0.9,4.98,21.65,-65.67,-13.52,3,-12.73,-10.52,-23.25,,,,,
8981,8.43,21.17,1.44,0,0.08,0,2.11,5.68,22.33,-66.47,-13.06,3,-5.24,-10.06,-15.3,,,,,
8991,7.48,18.68,2.45,0,0.04,0,-1,3.74,20.36,-64.38,-13.57,3.01,-12.64,-10.56,-23.2,,,,,
9001,8.79,20.14,4.18,0,0.34,0,3.1,3.07,18.44,-63.67,-13.1,3.03,-5.6,-10.06,-15.66,,,,,
9011,12.8,17.23,0.6,0,0.1,0,-0.15,5.49,21.36,-65.41,-13.3,3.01,-7.97,-10.29,-18.26,,,,,
9021,8.07,23.37,2.85,0,0.19,0,0.31,4.05,20.2,-65.82,-12.45,2.99,-6.77,-9.46,-16.23,,,,,
9031,8.77,16.87,3.42,0,0.12,0,-0.58,3.23,20.52,-63.82,-13.48,3.03,-11.47,-10.44,-21.91,,,,,
9041,14.2,16.78,0.91,0,0.11,0,0.64,3.49,18.04,-64.32,-13.27,3.02,-10.16,-10.24,-20.4,,,,,
9051,5.88,15.89,2.1,0,0.1,0,1.07,3.5,23.63,-63.97,-13.25,3.02,-11.8,-10.23,-22.03,,,,,
9061,8.32,23.6,5.72,0,0.4,0,-1.46,4.49,21.88,-65.95,-12.83,3,-3,-9.83,-12.83,,,,,
9071,10.02,21.33,1.4,0,0.03,0,-1.41,5.16,20.86,-65.98,-12.89,2.99,-8.59,-9.89,-18.48,,,,,
9081,2.54,21.44,2.27,0,0.1,0,-0.65,3.45,21.03,-64.17,-12.99,2.98,-14,-10.01,-24.01,,,,,
9091,7.72,20.32,4.32,0,0.14,0,-0.09,5.16,24.37,-67.37,-12.66,3.02,-5.43,-9.65,-15.07,,,,,
9101,7.78,24.8,5.45,0,0.2,0,0.82,4.79,22.44,-68.5,-12.37,3,-2.22,-9.37,-11.59,,,,,
9111,10.74,23.25,5.57,0,0.55,0,-1.59,3.12,18.19,-64.95,-13.33,3.01,-5.12,-10.31,-15.43,,,,,
9121,5.34,18.62,3.28,0,0.03,0,0.02,5.53,22.62,-66.94,-13.09,3,-11.49,-10.09,-21.58,,,,,
9131,8.52,18.21,2.83,0,0.02,0,-0.44,2.87,20.05,-64.55,-12.14,3,-12.48,-9.13,-21.61,,,,,
9141,4.51,23.44,5.58,0,0.03,0,2.65,4.2,22.65,-67.4,-11.64,3.03,-4.33,-8.6,-12.94,,,,,
9151,8.73,20.1,1.61,0,0.18,0,-1.54,4.77,19.14,-64.48,-13.19,2.97,-11.49,-10.22,-21.71,,,,,
9161,5.56,27.16,2.19,0,0.06,0,-0.86,5.04,20.71,-66.31,-12.83,3.02,-6.45,-9.81,-16.25,,,,,
9171,4.25,15.59,-0.6,0,0.04,0,-2.02,5.14,22.28,-64.83,-13.53,3,-20.15,-10.54,-30.69,,,,,
9181,8.78,19.45,5.51,0,0.09,0,-2.32,4.81,21.52,-66.29,-13.28,3.02,-8.45,-10.26,-18.71,,,,,
9191,8,21.87,3.62,0,-0.05,0,-0.1,3.89,20.65,-65.25,-12.43,2.99,-7.36,-9.45,-16.81,,,,,
9201,12.04,24.22,4.25,0,0.48,0,0.37,4.32,24.72,-63.88,-13.35,3,6.52,-10.35,-3.83,,,,,
9211,9.22,15.87,6.37,0,0.05,0,0.68,4.64,20.65,-67.42,-13.01,2.98,-9.95,-10.03,-19.98,,,,,
9221,7.24,25.5,3.49,0,0.24,0,0.67,4.51,18.69,-64.71,-13.18,3.04,-4.36,-10.14,-14.5,,,,,
9231,6.55,21.07,1.04,0,0.16,0,1,4.07,19.49,-63.81,-13.41,3.03,-10.43,-10.39,-20.82,,,,,
9241,6.23,26.56,4.44,0,0.23,0,-0.72,4.73,21.08,-65,-12.65,3,-2.43,-9.65,-12.08,,,,,
9251,7.18,27.65,1.1,0,0.04,0,1.31,5.7,20.99,-66.97,-13.1,3.06,-3,-10.04,-13.04,,,,,
9261,8.39,18.75,4.86,0,0.19,0,1.61,3.71,19.81,-65.86,-13.09,3.05,-8.55,-10.04,-18.59,,,,,
9271,13.54,25.59,1.94,0,0.04,0,0.19,5.47,17.78,-67.41,-13.81,3,-2.86,-10.8,-13.66,,,,,
9281,15.58,24.09,2.15,0,0.1,0,-0.06,4,19.59,-66.5,-13.54,3.01,-1.04,-10.52,-11.56,,,,,
9291,5.8,15.5,4.98,0,0.18,0,1.51,5.01,23.44,-66.2,-12.91,3,-9.78,-9.91,-19.69,,,,,
9301,7.97,20.57,1.13,0,0.06,0,-1.07,4.31,20.43,-65.85,-12.21,3,-12.45,-9.21,-21.66,,,,,
9311,7.32,23.09,0.84,0,0.11,0,-0.25,3.69,21.4,-65.61,-12.2,3.02,-9.4,-9.18,-18.58,,,,,
9321,8.81,19.63,0.04,0,0.05,0,1.3,5.36,18.66,-64.51,-14.74,3.03,-10.67,-11.71,-22.38,,,,,
9331,10,26.51,1.69,0,0.13,0,0.3,4.11,19.7,-66.88,-12.75,2.98,-4.44,-9.78,-14.22,,,,,
9341,8.28,16.78,7.4,0,0.09,0,-1.74,4.64,19.27,-66.38,-12.97,3.05,-11.67,-9.92,-21.59,,,,,
9351,4.44,19.56,3.65,0,0.02,0,-0.34,3.71,20.84,-65.7,-12.26,3.01,-13.82,-9.25,-23.06,,,,,
9361,6.49,19.85,8.98,0,0.43,0,0.75,4.79,21.01,-65.54,-13.68,3.05,-3.23,-10.63,-13.86,,,,,
9371,6.15,26.97,2.76,0,0.17,0,1.56,4.52,18.39,-64.4,-13.85,3.02,-3.89,-10.83,-14.72,,,,,
9381,7.71,19.99,3.8,0,-0.05,0,1.39,6.74,22.54,-68.59,-13.02,3.03,-6.46,-9.99,-16.45,,,,,
9391,10.75,27.12,2.57,0,0.12,0,1.97,4.87,20.46,-65.4,-14.42,3.01,2.46,-11.42,-8.96,,,,,
9401,6.21,19.07,5.87,0,0.24,0,1.01,5.03,20.36,-64,-14.19,3.02,-6.22,-11.17,-17.39,,,,,
9411,9.7,19.99,4.7,0,0.14,0,3.63,6.21,17.96,-65.17,-14.7,3.02,-2.85,-11.68,-14.53,,,,,
9421,9.84,22.56,3.77,0,0.1,0,2.84,4.51,16.99,-64.8,-13.79,3.04,-4.21,-10.75,-14.96,,,,,
9431,5.59,20.56,3.12,0,0.11,0,0.11,5.16,19.17,-63.5,-14.21,3.07,-9.68,-11.14,-20.82,,,,,
9441,8.18,22.81,3.98,0,0.07,0,0.26,4.5,21.1,-66.21,-12.65,2.99,-5.31,-9.66,-14.97,,,,,
9451,10.97,19.16,2.55,0,0,0,0.74,4.16,17.63,-64.34,-13.36,3.03,-9.1,-10.33,-19.43,,,,,
9461,6.03,28.06,0.43,0,0.12,0,-0.35,4.37,19.09,-65.79,-12.97,3.03,-8.05,-9.94,-17.98,,,,,
9471,8.87,18.63,1.68,0,0.07,0,1.38,5.68,20.45,-67.4,-13.28,3.01,-10.63,-10.27,-20.9,,,,,
9481,4.36,13.11,3.22,0,0.1,0,1.52,5.71,23.2,-67.86,-13.08,3,-16.65,-10.09,-26.74,,,,,
9491,11.78,20.36,0.8,0,0.04,0,1.98,5.22,19.07,-66.32,-13.27,3.04,-7.08,-10.23,-17.31,,,,,
9501,11,20.37,2.68,0,0.15,0,0.02,4.77,19.76,-65.84,-13.35,3.01,-7.08,-10.34,-17.42,,,,,
9511,12.06,19.64,3.19,0,0.13,0,3.65,4.27,19.78,-66.07,-13.32,3.01,-3.35,-10.31,-13.65,,,,,
9521,7.96,20.25,4.81,0,0.02,0,-1.16,3.72,19.18,-65.45,-12.34,3.05,-10.67,-9.28,-19.95,,,,,
9531,8.44,23.41,3.86,0,0.15,0,-0.6,4.48,22.5,-65.4,-13.87,3,-3.18,-10.87,-14.04,,,,,
9541,5.35,23.87,2.76,0,0.13,0,0.94,5.17,22.39,-65.8,-13.75,3,-5.18,-10.74,-15.92,,,,,
9551,10.8,21.06,1.02,0,-0.02,0,1.81,5.04,19.38,-65.26,-13.59,3.07,-6.16,-10.51,-16.67,,,,,
9561,5.9,19.8,4.97,0,0.05,0,-0.21,4.37,18.25,-64.76,-13.09,3.01,-11.63,-10.07,-21.7,,,,,
9571,11.3,22.29,1.61,0,-0.01,0,-0.62,4.82,18.86,-64.68,-13.53,3,-6.44,-10.53,-16.97,,,,,
9581,7.48,18.12,5.68,0,0.19,0,0.02,5.08,24.17,-65.56,-13.33,3.05,-4.82,-10.28,-15.1,,,,,
9591,18.01,15.87,3.5,0,0.03,0,-0.34,5.81,18.1,-66.25,-13.77,3.01,-5.27,-10.75,-16.02,,,,,
9601,8.46,17.71,4.03,0,0.11,0,-0.14,5.08,22.92,-64.79,-13.87,3.02,-6.63,-10.85,-17.48,,,,,
9611,9.87,23.18,3,0,0.13,0,2.98,5.04,21.07,-66.5,-13.11,3.05,-1.22,-10.06,-11.28,,,,,
9621,9.25,14.53,2.37,0,0.07,0,-0.56,5.66,20.44,-65.93,-13.79,3.01,-14.16,-10.79,-24.95,,,,,
9631,12.6,17.86,3.75,0,-0.03,0,2.64,5.21,19.8,-63.58,-13.91,3.06,-1.74,-10.86,-12.59,,,,,
9641,6.78,24.8,1.9,0,0.07,0,4.01,5.32,20.01,-65.98,-13.14,3,-3.09,-10.14,-13.23,,,,,
9651,7.64,22.39,2.82,0,0.24,0,0.29,4.91,20.48,-65.1,-13.49,2.99,-6.33,-10.5,-16.83,,,,,
9661,11.56,21.66,2.39,0,0.11,0,1.2,5.66,21.14,-65.77,-13.88,3.02,-2.05,-10.86,-12.91,,,,,
9671,4.49,18.84,3.86,0,0.12,0,1.08,5.47,23.4,-67.03,-12.83,3.02,-9.77,-9.81,-19.58,,,,,
9681,4.47,16.1,4.56,0,0.15,0,2.8,5.12,21.97,-65.71,-13.79,3.03,-10.54,-10.77,-21.31,,,,,
9691,11.77,22.52,3.22,0,0.05,0,-0.79,4.1,17.26,-65.07,-13.5,3.04,-6.93,-10.46,-17.39,,,,,
9701,8.94,22.4,0.94,0,0.04,0,2.98,6.14,19.83,-66.27,-14.53,3.02,-4.99,-11.51,-16.51,,,,,
9711,6.29,23.65,2.63,0,0.08,0,-0.96,4.23,19.99,-65.39,-13.46,3.01,-9.49,-10.44,-19.94,,,,,
9721,8.03,18.78,5.58,0,0.23,0,-0.29,5.72,23.44,-66.63,-13.49,3.03,-5.13,-10.46,-15.59,,,,,
9731,6.63,21.78,3.62,0,0.1,0,-0.9,5.52,19.92,-65.56,-14.04,3.02,-8.88,-11.02,-19.9,,,,,
9741,8.31,13.83,4.52,0,0.05,0,2.61,4.94,20.4,-66.68,-13.32,3.02,-12,-10.3,-22.31,,,,,
9751,6.59,19.9,3.14,0,0.06,0,1.38,6.35,24.33,-66.95,-13.23,2.98,-5.21,-10.25,-15.47,,,,,
9761,9.61,20.31,2.88,0,-0.06,0,1.24,4.45,18.14,-64.31,-13.63,3.03,-7.74,-10.6,-18.34,,,,,
9771,7.77,21.74,1.33,0,0.18,0,2.08,4.73,19.78,-64.79,-13.6,3.02,-7.17,-10.58,-17.75,,,,,
9781,7.49,17.33,6.1,0,0.35,0,-0.8,6.23,20.46,-66.82,-13.5,3.02,-9.66,-10.48,-20.14,,,,,
9791,8.97,14.82,3.12,0,0.1,0,0.12,4.44,18.66,-64.94,-14,3.05,-14.73,-10.95,-25.68,,,,,
9801,7.76,24.75,2.61,0,0.06,0,-2.23,4.04,20.26,-63.89,-13.99,3.02,-6.64,-10.97,-17.61,,,,,
9811,5.56,23.68,0.69,0,0.09,0,2.89,4.83,22.27,-65.01,-13.38,2.99,-5,-10.39,-15.39,,,,,
9821,10.42,18.85,3.31,0,0.04,0,-0.73,5.08,17.94,-65.52,-13.81,3.04,-10.61,-10.77,-21.38,,,,,
9831,7.68,18.16,1.13,0,0.07,0,1.45,5.29,19.25,-64.13,-14.03,3.02,-11.11,-11.01,-22.12,,,,,
9841,9.19,17.76,1.32,0,-0.02,0,-0.46,4.7,19.53,-63.93,-13.75,3.01,-11.91,-10.73,-22.64,,,,,
9851,10.3,12.67,3.43,0,0.23,0,-0.21,5.29,23.55,-67.44,-12.84,3,-12.17,-9.85,-22.02,,,,,
9861,9.6,14.34,2.2,0,0.04,0,0.41,5.5,21.15,-65.77,-13.4,3.02,-12.54,-10.38,-22.91,,,,,
9871,10.87,20.7,1.42,0,0.16,0,-0.54,4.7,18.39,-63.82,-13.92,3.02,-8.11,-10.9,-19.01,,,,,
9881,7.52,23.47,3.09,0,0.01,0,0.7,4.72,17.45,-65.23,-13.38,3.03,-8.26,-10.35,-18.61,,,,,
9891,6.73,20.25,3.88,0,0.03,0,-0.41,5.82,19.04,-65.73,-14.01,3.05,-10.4,-10.96,-21.36,,,,,
9901,10.27,23.96,2.9,0,0.11,0,-0.68,3.41,19.16,-63.66,-13.71,3.03,-4.53,-10.69,-15.21,,,,,
9911,7.93,20.3,4.15,0,0.09,0,-0.79,4.09,20.58,-63.91,-13.3,3.01,-7.56,-10.3,-17.86,,,,,
9921,13.78,21.71,3.02,0,0.05,0,-1.63,5.34,18.77,-65.74,-13.31,3.04,-4.7,-10.27,-14.97,,,,,
9931,5.23,19.3,3.76,0,0.38,0,0.41,5.86,23.13,-65.33,-13.61,2.98,-7.25,-10.62,-17.88,,,,,
9941,12.88,21.8,0.11,0,0.05,0,2.11,5.02,17.4,-64.8,-14.1,3.04,-5.44,-11.07,-16.51,,,,,
9951,6.79,19.42,1.18,0,0.03,0,-1.62,4.8,23.45,-64.96,-13.25,2.99,-10.92,-10.26,-21.18,,,,,
9961,5.56,19.18,1.09,0,0.08,0,-1.67,5.39,20.39,-66.46,-13.72,3.03,-16.44,-10.69,-27.13,,,,,
9971,8.02,17.76,5.15,0,0.2,0,0.02,3.62,23.26,-65.46,-12.76,3,-7.43,-9.77,-17.19,,,,,
9981,7.67,24.21,4.03,0,0.12,0,1.01,4.34,20.56,-65.24,-13.56,2.98,-3.29,-10.59,-13.88,,,,,
9991,9.3,20.61,3.16,0,0.07,0,1.62,4.5,20.8,-64.89,-13.53,3.04,-4.83,-10.49,-15.32,,,,,
10001,8.97,17.36,3.63,0,0.08,0,0.95,6.32,20.17,-67.43,-13.32,3.01,-9.96,-10.32,-20.28,,,,,
,,,,,,,,,,,,,,,,,,,,
Delta Energy Terms,,,,,,,,,,,,,,,,,,,,
Frame #,BOND,ANGLE,DIHED,UB,IMP,CMAP,VDWAALS,EEL,1-4 VDW,1-4 EEL,EGB,ESURF,GGAS,GSOLV,TOTAL,,,,,
1,0,0,0,0,0,0,-30.67,-1.4,0,0,19.83,-3.9,-32.07,15.93,-16.15,,,RUN 3,AVE,STDV
11,0,0,0,0,0,0,-28.37,-0.13,0,0,18.91,-3.65,-28.5,15.26,-13.24,,,VDWAALS,-22.6667033,12.36527458
21,0,0,0,0,0,0,-27.38,0.36,0,0,18.84,-3.54,-27.01,15.29,-11.72,,,EEL,2.536863137,2.76179209
31,0,0,0,0,0,0,-30.31,-3.05,0,0,22.52,-3.65,-33.36,18.87,-14.49,,,GSOLV,9.469140859,5.486121568
41,0,0,0,0,0,0,-30.45,-2.33,0,0,22.34,-3.81,-32.78,18.53,-14.24,,,GBIND,-10.66062937,6.193991129
51,0,0,0,0,0,0,-28.92,-2.03,0,0,20.38,-3.55,-30.95,16.83,-14.12,,,,,
61,0,0,0,0,0,0,-31.29,-5.08,0,0,23,-3.84,-36.36,19.15,-17.21,,,,,
71,0,0,0,0,0,0,-28.4,-3.4,0,0,22.88,-3.69,-31.79,19.19,-12.6,,,,,
81,0,0,0,0,0,0,-28.21,-3.03,0,0,21.32,-3.43,-31.24,17.89,-13.35,,,,,
91,0,0,0,0,0,0,-31.39,-4.09,0,0,22.08,-3.79,-35.48,18.29,-17.19,,,,,
101,0,0,0,0,0,0,-30.58,-2.18,0,0,21.27,-3.73,-32.76,17.54,-15.22,,,,,
111,0,0,0,0,0,0,-31.75,-3.42,0,0,26.48,-4.19,-35.17,22.29,-12.88,,,,,
121,0,0,0,0,0,0,-28.2,-4.03,0,0,24.08,-3.5,-32.23,20.58,-11.64,,,,,
131,0,0,0,0,0,0,-30.67,-0.24,0,0,19.09,-3.86,-30.91,15.23,-15.68,,,,,
141,0,0,0,0,0,0,-26.91,-5.1,0,0,21.3,-3.21,-32.01,18.09,-13.92,,,,,
151,0,0,0,0,0,0,-32.42,-3.79,0,0,22.29,-3.86,-36.2,18.42,-17.78,,,,,
161,0,0,0,0,0,0,-29.56,-5.51,0,0,23.56,-3.65,-35.07,19.92,-15.16,,,,,
171,0,0,0,0,0,0,-31.1,-4.45,0,0,24.52,-3.8,-35.55,20.72,-14.84,,,,,
181,0,0,0,0,0,0,-28.36,-3.64,0,0,22.58,-3.74,-32,18.84,-13.16,,,,,
191,0,0,0,0,0,0,-27.22,-1.6,0,0,19.67,-3.29,-28.81,16.39,-12.43,,,,,
201,0,0,0,0,0,0,-28.7,-1.77,0,0,20.99,-3.45,-30.47,17.54,-12.92,,,,,
211,0,0,0,0,0,0,-31.78,0.71,0,0,19.95,-3.9,-31.07,16.06,-15.02,,,,,
221,0,0,0,0,0,0,-34.42,0.59,0,0,20.85,-4.02,-33.84,16.82,-17.01,,,,,
231,0,0,0,0,0,0,-32.28,-1.83,0,0,20.12,-3.84,-34.11,16.27,-17.84,,,,,
241,0,0,0,0,0,0,-28.08,-1.03,0,0,18.28,-3.66,-29.11,14.62,-14.49,,,,,
251,0,0,0,0,0,0,-29.09,-2.41,0,0,22.03,-3.86,-31.51,18.17,-13.33,,,,,
261,0,0,0,0,0,0,-29.24,2.15,0,0,13.56,-3.42,-27.09,10.14,-16.95,,,,,
271,0,0,0,0,0,0,-29.19,-1.76,0,0,19.72,-3.71,-30.94,16.02,-14.93,,,,,
281,0,0,0,0,0,0,-22.55,-2.67,0,0,17.86,-3.36,-25.22,14.5,-10.72,,,,,
291,0,0,0,0,0,0,-26.16,-1.08,0,0,16.3,-3.34,-27.24,12.96,-14.28,,,,,
301,0,0,0,0,0,0,-26.08,-2.78,0,0,18.33,-3.58,-28.87,14.75,-14.12,,,,,
311,0,0,0,0,0,0,-23.58,-3.99,0,0,21.67,-3.27,-27.56,18.4,-9.17,,,,,
321,0,0,0,0,0,0,-27.43,-0.07,0,0,17.12,-3.49,-27.5,13.63,-13.87,,,,,
331,0,0,0,0,0,0,-26.76,0.54,0,0,15.56,-3.4,-26.23,12.16,-14.07,,,,,
341,0,0,0,0,0,0,-27.32,-0.83,0,0,16.94,-3.49,-28.15,13.45,-14.7,,,,,
351,0,0,0,0,0,0,-28.95,0.75,0,0,14.84,-3.52,-28.2,11.32,-16.88,,,,,
361,0,0,0,0,0,0,-23.24,-0.84,0,0,18.57,-3.45,-24.08,15.12,-8.96,,,,,
371,0,0,0,0,0,0,-29.16,2.55,0,0,14.15,-3.55,-26.61,10.61,-16.01,,,,,
381,0,0,0,0,0,0,-25.48,3.97,0,0,12.62,-3.55,-21.52,9.07,-12.45,,,,,
391,0,0,0,0,0,0,-24.53,0.02,0,0,15.62,-3.58,-24.51,12.04,-12.47,,,,,
401,0,0,0,0,0,0,-25.23,-1.43,0,0,16.92,-3.33,-26.66,13.59,-13.07,,,,,
411,0,0,0,0,0,0,-27.53,0.71,0,0,17.54,-3.89,-26.82,13.66,-13.16,,,,,
421,0,0,0,0,0,0,-28.72,-0.92,0,0,18.03,-3.91,-29.63,14.12,-15.52,,,,,
431,0,0,0,0,0,0,-27.19,3.39,0,0,12.92,-3.62,-23.81,9.3,-14.51,,,,,
441,0,0,0,0,0,0,-26.89,5.8,0,0,10.89,-3.43,-21.09,7.46,-13.63,,,,,
451,0,0,0,0,0,0,-27.65,3.6,0,0,12.51,-3.44,-24.05,9.07,-14.98,,,,,
461,0,0,0,0,0,0,-24.88,1.57,0,0,13.43,-3.38,-23.31,10.06,-13.25,,,,,
471,0,0,0,0,0,0,-23.35,0.71,0,0,12.99,-2.76,-22.64,10.23,-12.41,,,,,
481,0,0,0,0,0,0,-24.7,2.36,0,0,14.04,-3.04,-22.34,11,-11.35,,,,,
491,0,0,0,0,0,0,-26.65,-2.32,0,0,16.8,-3.17,-28.96,13.63,-15.34,,,,,
501,0,0,0,0,0,0,-25.92,0.68,0,0,14.09,-3.61,-25.24,10.48,-14.75,,,,,
511,0,0,0,0,0,0,-20.62,0.41,0,0,12.1,-2.44,-20.2,9.66,-10.54,,,,,
521,0,0,0,0,0,0,-23.78,3.68,0,0,10.98,-2.91,-20.1,8.07,-12.03,,,,,
531,0,0,0,0,0,0,-23.86,3.24,0,0,11.06,-3.15,-20.62,7.91,-12.71,,,,,
541,0,0,0,0,0,0,-22.81,-0.91,0,0,15.89,-2.96,-23.72,12.93,-10.79,,,,,
551,0,0,0,0,0,0,-23.07,-3.12,0,0,17.04,-2.6,-26.19,14.44,-11.75,,,,,
561,0,0,0,0,0,0,-26.14,5.85,0,0,9.03,-3.19,-20.29,5.84,-14.45,,,,,
571,0,0,0,0,0,0,-23.57,10.41,0,0,8.75,-3.07,-13.16,5.68,-7.49,,,,,
581,0,0,0,0,0,0,-25.83,6.2,0,0,11.69,-3.51,-19.63,8.18,-11.45,,,,,
591,0,0,0,0,0,0,-25.79,6.39,0,0,12.49,-3.41,-19.4,9.07,-10.33,,,,,
601,0,0,0,0,0,0,-28.5,2.57,0,0,15,-3.52,-25.93,11.47,-14.46,,,,,
611,0,0,0,0,0,0,-26.97,5.37,0,0,11.61,-3.21,-21.6,8.4,-13.2,,,,,
621,0,0,0,0,0,0,-27.2,6.69,0,0,11.32,-3.35,-20.51,7.96,-12.55,,,,,
631,0,0,0,0,0,0,-27.33,1.65,0,0,16.52,-3.69,-25.68,12.83,-12.85,,,,,
641,0,0,0,0,0,0,-24.57,4.37,0,0,13.06,-3.22,-20.2,9.84,-10.36,,,,,
651,0,0,0,0,0,0,-25.63,5.62,0,0,12.03,-3.27,-20.01,8.76,-11.25,,,,,
661,0,0,0,0,0,0,-30.19,0.06,0,0,16.77,-3.74,-30.13,13.04,-17.09,,,,,
671,0,0,0,0,0,0,-29.53,5.04,0,0,13.89,-3.7,-24.49,10.19,-14.3,,,,,
681,0,0,0,0,0,0,-28.77,2.82,0,0,13.41,-3.61,-25.95,9.8,-16.14,,,,,
691,0,0,0,0,0,0,-26.13,7.9,0,0,10.66,-3.53,-18.23,7.13,-11.1,,,,,
701,0,0,0,0,0,0,-28.66,5.53,0,0,12.9,-3.64,-23.13,9.26,-13.87,,,,,
711,0,0,0,0,0,0,-22.71,5.42,0,0,11.54,-2.99,-17.3,8.55,-8.74,,,,,
721,0,0,0,0,0,0,-27.08,4.87,0,0,12.82,-3.36,-22.21,9.46,-12.74,,,,,
731,0,0,0,0,0,0,-25.99,6.74,0,0,12.76,-3.36,-19.25,9.41,-9.84,,,,,
741,0,0,0,0,0,0,-26.16,3.68,0,0,15.12,-3.63,-22.48,11.49,-10.99,,,,,
751,0,0,0,0,0,0,-28.82,5.7,0,0,15.12,-3.68,-23.11,11.44,-11.67,,,,,
761,0,0,0,0,0,0,-26.54,3.64,0,0,14.4,-3.25,-22.9,11.15,-11.75,,,,,
771,0,0,0,0,0,0,-25.64,6.62,0,0,13.4,-3.56,-19.02,9.84,-9.18,,,,,
781,0,0,0,0,0,0,-26.19,3.31,0,0,12.73,-3.44,-22.88,9.29,-13.58,,,,,
791,0,0,0,0,0,0,-26.15,7.37,0,0,10.46,-3.2,-18.78,7.25,-11.53,,,,,
801,0,0,0,0,0,0,-26.19,6.32,0,0,12.27,-3.35,-19.87,8.92,-10.95,,,,,
811,0,0,0,0,0,0,-27.79,5.14,0,0,14.94,-3.69,-22.65,11.25,-11.4,,,,,
821,0,0,0,0,0,0,-26.67,6.71,0,0,11.72,-3.31,-19.96,8.41,-11.55,,,,,
831,0,0,0,0,0,0,-26.31,5.34,0,0,14.75,-3.56,-20.96,11.19,-9.77,,,,,
841,0,0,0,0,0,0,-27.76,5.97,0,0,13.91,-3.44,-21.79,10.47,-11.32,,,,,
851,0,0,0,0,0,0,-26.64,3.12,0,0,16.53,-3.45,-23.52,13.08,-10.44,,,,,
861,0,0,0,0,0,0,-26.32,5.42,0,0,13,-3.4,-20.89,9.6,-11.3,,,,,
871,0,0,0,0,0,0,-24.65,6.23,0,0,11.46,-3.46,-18.42,8,-10.42,,,,,
881,0,0,0,0,0,0,-26.31,3.3,0,0,15.93,-3.41,-23.01,12.51,-10.5,,,,,
891,0,0,0,0,0,0,-27.71,4.39,0,0,14.47,-3.5,-23.32,10.97,-12.35,,,,,
901,0,0,0,0,0,0,-29.44,5.42,0,0,12.76,-3.66,-24.01,9.11,-14.91,,,,,
911,0,0,0,0,0,0,-25.09,8.8,0,0,12.7,-3.42,-16.29,9.28,-7.01,,,,,
921,0,0,0,0,0,0,-27.83,4.68,0,0,16.14,-3.61,-23.14,12.52,-10.62,,,,,
931,0,0,0,0,0,0,-27.69,6.74,0,0,14.27,-3.66,-20.95,10.61,-10.34,,,,,
941,0,0,0,0,0,0,-27.45,3.98,0,0,15.05,-3.69,-23.48,11.36,-12.12,,,,,
951,0,0,0,0,0,0,-26.96,5.33,0,0,15.52,-3.7,-21.63,11.82,-9.81,,,,,
961,0,0,0,0,0,0,-27.27,6.53,0,0,13.76,-3.58,-20.73,10.19,-10.55,,,,,
971,0,0,0,0,0,0,-29.1,5.61,0,0,14.98,-3.81,-23.49,11.17,-12.32,,,,,
981,0,0,0,0,0,0,-25.54,8.51,0,0,12.08,-3.52,-17.03,8.56,-8.47,,,,,
991,0,0,0,0,0,0,-27.74,10.62,0,0,11.95,-3.89,-17.12,8.06,-9.06,,,,,
1001,0,0,0,0,0,0,-26.62,5.25,0,0,16.01,-3.95,-21.37,12.05,-9.31,,,,,
1011,0,0,0,0,0,0,-28.85,5.3,0,0,15.5,-3.68,-23.55,11.82,-11.73,,,,,
1021,0,0,0,0,0,0,-26.2,0.72,0,0,16.54,-3.58,-25.48,12.96,-12.52,,,,,
1031,0,0,0,0,0,0,-26.81,3.59,0,0,15.47,-3.96,-23.22,11.51,-11.71,,,,,
1041,0,0,0,0,0,0,-26.62,4.96,0,0,14,-3.59,-21.66,10.42,-11.25,,,,,
1051,0,0,0,0,0,0,-30.47,1.19,0,0,17.03,-3.78,-29.28,13.25,-16.03,,,,,
1061,0,0,0,0,0,0,-27.75,2.43,0,0,16.67,-3.68,-25.32,12.99,-12.33,,,,,
1071,0,0,0,0,0,0,-27.72,7.77,0,0,13.17,-3.6,-19.95,9.57,-10.37,,,,,
1081,0,0,0,0,0,0,-22.46,5.97,0,0,16.11,-3.78,-16.49,12.32,-4.16,,,,,
1091,0,0,0,0,0,0,-26.82,6.6,0,0,14.39,-3.65,-20.22,10.74,-9.48,,,,,
1101,0,0,0,0,0,0,-27.36,6.24,0,0,14.46,-3.67,-21.11,10.78,-10.33,,,,,
1111,0,0,0,0,0,0,-29.24,1.9,0,0,17.19,-4.02,-27.33,13.16,-14.17,,,,,
1121,0,0,0,0,0,0,-31.88,3.55,0,0,18.77,-4.16,-28.33,14.61,-13.72,,,,,
1131,0,0,0,0,0,0,-30.9,-1.09,0,0,19.68,-3.88,-31.99,15.8,-16.19,,,,,
1141,0,0,0,0,0,0,-25.27,1.53,0,0,17.6,-3.61,-23.74,13.98,-9.76,,,,,
1151,0,0,0,0,0,0,-28.44,2.01,0,0,15.51,-3.87,-26.43,11.64,-14.79,,,,,
1161,0,0,0,0,0,0,-28.09,3.66,0,0,14.21,-3.69,-24.43,10.52,-13.91,,,,,
1171,0,0,0,0,0,0,-25.26,5.73,0,0,14.27,-3.63,-19.53,10.64,-8.89,,,,,
1181,0,0,0,0,0,0,-27.81,4.05,0,0,15.68,-3.83,-23.76,11.85,-11.91,,,,,
1191,0,0,0,0,0,0,-28.58,5.71,0,0,11.88,-3.68,-22.87,8.2,-14.67,,,,,
1201,0,0,0,0,0,0,-29.15,2.28,0,0,17.82,-3.71,-26.87,14.1,-12.77,,,,,
1211,0,0,0,0,0,0,-27.59,1.43,0,0,17.08,-3.81,-26.16,13.28,-12.88,,,,,
1221,0,0,0,0,0,0,-28.93,7.11,0,0,12.83,-3.71,-21.82,9.12,-12.7,,,,,
1231,0,0,0,0,0,0,-26.48,8.54,0,0,10.6,-3.56,-17.94,7.04,-10.91,,,,,
1241,0,0,0,0,0,0,-25.34,2.97,0,0,16.25,-3.47,-22.37,12.77,-9.59,,,,,
1251,0,0,0,0,0,0,-25.2,5.91,0,0,15.06,-3.65,-19.3,11.41,-7.89,,,,,
1261,0,0,0,0,0,0,-26.28,7.01,0,0,13.94,-3.66,-19.26,10.28,-8.99,,,,,
1271,0,0,0,0,0,0,-26.45,5.06,0,0,14.48,-3.85,-21.39,10.63,-10.76,,,,,
1281,0,0,0,0,0,0,-24.16,7.24,0,0,11.88,-3.49,-16.91,8.4,-8.52,,,,,
1291,0,0,0,0,0,0,-24.99,8.39,0,0,11.65,-3.69,-16.6,7.96,-8.64,,,,,
1301,0,0,0,0,0,0,-25.65,5.3,0,0,14.68,-3.7,-20.35,10.98,-9.37,,,,,
1311,0,0,0,0,0,0,-26.54,6.32,0,0,12.57,-3.41,-20.23,9.16,-11.07,,,,,
1321,0,0,0,0,0,0,-29.96,7.65,0,0,12.72,-3.98,-22.32,8.73,-13.58,,,,,
1331,0,0,0,0,0,0,-29.24,4.46,0,0,14.96,-3.95,-24.78,11.01,-13.77,,,,,
1341,0,0,0,0,0,0,-24.66,0.72,0,0,17.32,-3.7,-23.94,13.62,-10.32,,,,,
1351,0,0,0,0,0,0,-28.36,3.47,0,0,14.75,-3.61,-24.89,11.15,-13.75,,,,,
1361,0,0,0,0,0,0,-30.34,3,0,0,15.7,-3.91,-27.34,11.79,-15.55,,,,,
1371,0,0,0,0,0,0,-25.01,2.85,0,0,14.17,-3.68,-22.16,10.49,-11.67,,,,,
1381,0,0,0,0,0,0,-31.66,1.86,0,0,16.62,-4.05,-29.8,12.57,-17.23,,,,,
1391,0,0,0,0,0,0,-31.07,4.81,0,0,12.47,-3.99,-26.26,8.49,-17.77,,,,,
1401,0,0,0,0,0,0,-30.21,3.83,0,0,15.21,-4.07,-26.38,11.14,-15.24,,,,,
1411,0,0,0,0,0,0,-30.02,3.71,0,0,17.51,-4.03,-26.31,13.49,-12.82,,,,,
1421,0,0,0,0,0,0,-27.72,3.7,0,0,12.08,-3.66,-24.03,8.42,-15.61,,,,,
1431,0,0,0,0,0,0,-30.24,1.48,0,0,17.06,-4.02,-28.76,13.04,-15.72,,,,,
1441,0,0,0,0,0,0,-29.33,0.43,0,0,18.12,-3.91,-28.9,14.22,-14.68,,,,,
1451,0,0,0,0,0,0,-27.66,3.95,0,0,14.32,-3.77,-23.71,10.55,-13.16,,,,,
1461,0,0,0,0,0,0,-29.72,2.21,0,0,16.91,-4,-27.51,12.92,-14.6,,,,,
1471,0,0,0,0,0,0,-30.5,2.18,0,0,15.24,-4.04,-28.32,11.2,-17.12,,,,,
1481,0,0,0,0,0,0,-28.49,4.85,0,0,14.19,-4,-23.63,10.19,-13.44,,,,,
1491,0,0,0,0,0,0,-31.15,2.74,0,0,14.92,-3.98,-28.41,10.93,-17.48,,,,,
1501,0,0,0,0,0,0,-29.87,1.59,0,0,16.33,-3.85,-28.28,12.48,-15.79,,,,,
1511,0,0,0,0,0,0,-27.03,3.08,0,0,14.93,-3.6,-23.95,11.33,-12.62,,,,,
1521,0,0,0,0,0,0,-28.79,4.59,0,0,15.14,-3.77,-24.21,11.37,-12.84,,,,,
1531,0,0,0,0,0,0,-26.94,2.93,0,0,14.35,-3.76,-24,10.59,-13.41,,,,,
1541,0,0,0,0,0,0,-27.88,2.03,0,0,16.04,-3.57,-25.85,12.46,-13.38,,,,,
1551,0,0,0,0,0,0,-31.4,2.69,0,0,16.64,-3.89,-28.71,12.76,-15.95,,,,,
1561,0,0,0,0,0,0,-28.13,3.76,0,0,15.23,-3.61,-24.37,11.63,-12.74,,,,,
1571,0,0,0,0,0,0,-28.17,4.68,0,0,14.23,-3.6,-23.49,10.62,-12.86,,,,,
1581,0,0,0,0,0,0,-29.37,1.89,0,0,16.26,-3.83,-27.48,12.43,-15.05,,,,,
1591,0,0,0,0,0,0,-32.52,2.94,0,0,16.12,-3.92,-29.57,12.19,-17.38,,,,,
1601,0,0,0,0,0,0,-27.29,3.44,0,0,16.37,-3.53,-23.85,12.84,-11.01,,,,,
1611,0,0,0,0,0,0,-29.54,3.84,0,0,16.83,-3.83,-25.7,13,-12.7,,,,,
1621,0,0,0,0,0,0,-28.83,7.06,0,0,13.67,-4.05,-21.77,9.62,-12.15,,,,,
1631,0,0,0,0,0,0,-29.57,6.87,0,0,13.46,-3.76,-22.7,9.7,-13,,,,,
1641,0,0,0,0,0,0,-26.51,5.01,0,0,15.59,-3.66,-21.51,11.93,-9.57,,,,,
1651,0,0,0,0,0,0,-26.08,5.59,0,0,13.65,-3.52,-20.49,10.13,-10.35,,,,,
1661,0,0,0,0,0,0,-24.69,4.56,0,0,13.92,-3.34,-20.13,10.58,-9.55,,,,,
1671,0,0,0,0,0,0,-24.86,3.07,0,0,15.52,-3.3,-21.79,12.22,-9.57,,,,,
1681,0,0,0,0,0,0,-26.23,1.41,0,0,17.07,-3.87,-24.82,13.21,-11.61,,,,,
1691,0,0,0,0,0,0,-24.98,0.96,0,0,15.41,-3.36,-24.01,12.06,-11.96,,,,,
1701,0,0,0,0,0,0,-24.75,-0.33,0,0,19.38,-3.22,-25.08,16.16,-8.92,,,,,
1711,0,0,0,0,0,0,-23.78,0.89,0,0,18.98,-3.27,-22.89,15.71,-7.18,,,,,
1721,0,0,0,0,0,0,-25.85,1.26,0,0,20.47,-3.64,-24.59,16.83,-7.76,,,,,
1731,0,0,0,0,0,0,-26.58,4.24,0,0,14.75,-3.52,-22.34,11.24,-11.1,,,,,
1741,0,0,0,0,0,0,-25.41,2.68,0,0,14.84,-3.36,-22.73,11.48,-11.26,,,,,
1751,0,0,0,0,0,0,-26.79,3.9,0,0,14.35,-3.54,-22.89,10.81,-12.08,,,,,
1761,0,0,0,0,0,0,-28.56,7.59,0,0,12.87,-3.8,-20.98,9.07,-11.91,,,,,
1771,0,0,0,0,0,0,-26.86,1.36,0,0,16.56,-3.64,-25.5,12.92,-12.59,,,,,
1781,0,0,0,0,0,0,-25.63,5.43,0,0,11.52,-3.19,-20.2,8.33,-11.87,,,,,
1791,0,0,0,0,0,0,-25.1,7.34,0,0,13,-3.27,-17.77,9.73,-8.04,,,,,
1801,0,0,0,0,0,0,-27.05,4.82,0,0,18.15,-4.05,-22.23,14.1,-8.13,,,,,
1811,0,0,0,0,0,0,-23.13,6.44,0,0,12.56,-3.29,-16.69,9.27,-7.42,,,,,
1821,0,0,0,0,0,0,-27.74,7.86,0,0,13.45,-3.63,-19.88,9.82,-10.06,,,,,
1831,0,0,0,0,0,0,-28.68,6.58,0,0,13.9,-3.48,-22.1,10.42,-11.68,,,,,
1841,0,0,0,0,0,0,-28.04,4.57,0,0,14.43,-3.71,-23.47,10.72,-12.75,,,,,
1851,0,0,0,0,0,0,-24.34,4.86,0,0,11.85,-3.39,-19.47,8.46,-11.01,,,,,
1861,0,0,0,0,0,0,-28.77,7.92,0,0,12.55,-3.69,-20.86,8.85,-12,,,,,
1871,0,0,0,0,0,0,-26.26,0.66,0,0,16.07,-3.49,-25.6,12.58,-13.02,,,,,
1881,0,0,0,0,0,0,-23.49,3.34,0,0,14.13,-3.53,-20.15,10.6,-9.55,,,,,
1891,0,0,0,0,0,0,-27.43,4.57,0,0,14.84,-3.73,-22.86,11.12,-11.74,,,,,
1901,0,0,0,0,0,0,-25.13,4.41,0,0,11.97,-3.3,-20.72,8.67,-12.05,,,,,
1911,0,0,0,0,0,0,-25.26,3.65,0,0,17.03,-3.75,-21.61,13.28,-8.33,,,,,
1921,0,0,0,0,0,0,-24.65,3.38,0,0,14.86,-3.39,-21.27,11.48,-9.79,,,,,
1931,0,0,0,0,0,0,-26.8,4.57,0,0,14.51,-3.37,-22.24,11.14,-11.1,,,,,
1941,0,0,0,0,0,0,-25.67,1.68,0,0,17.23,-3.17,-23.99,14.07,-9.92,,,,,
1951,0,0,0,0,0,0,-25.22,4.02,0,0,16.53,-3.6,-21.21,12.92,-8.28,,,,,
1961,0,0,0,0,0,0,-25.66,5.33,0,0,11.18,-3.22,-20.33,7.96,-12.36,,,,,
1971,0,0,0,0,0,0,-27.57,6.63,0,0,12.36,-3.56,-20.93,8.8,-12.13,,,,,
1981,0,0,0,0,0,0,-27.56,2.29,0,0,16.67,-3.55,-25.27,13.12,-12.15,,,,,
1991,0,0,0,0,0,0,-27.28,3.27,0,0,16.14,-3.73,-24.01,12.42,-11.59,,,,,
2001,0,0,0,0,0,0,-29.65,4.07,0,0,14.11,-3.88,-25.59,10.23,-15.35,,,,,
2011,0,0,0,0,0,0,-25.01,0.16,0,0,19.81,-3.55,-24.85,16.27,-8.58,,,,,
2021,0,0,0,0,0,0,-29.87,4.42,0,0,15.72,-3.73,-25.45,12,-13.46,,,,,
2031,0,0,0,0,0,0,-27.05,5.75,0,0,12.98,-3.49,-21.3,9.49,-11.81,,,,,
2041,0,0,0,0,0,0,-27.21,7.41,0,0,13.24,-3.77,-19.8,9.46,-10.33,,,,,
2051,0,0,0,0,0,0,-29.07,8.4,0,0,11.65,-3.84,-20.68,7.81,-12.87,,,,,
2061,0,0,0,0,0,0,-23.54,3.33,0,0,14.46,-3.16,-20.21,11.31,-8.91,,,,,
2071,0,0,0,0,0,0,-26.03,5.52,0,0,15.98,-3.87,-20.52,12.11,-8.4,,,,,
2081,0,0,0,0,0,0,-26.54,3.45,0,0,15.24,-3.57,-23.09,11.67,-11.42,,,,,
2091,0,0,0,0,0,0,-25.26,4.81,0,0,16.79,-3.59,-20.45,13.19,-7.26,,,,,
2101,0,0,0,0,0,0,-26.04,2.4,0,0,15.12,-3.45,-23.65,11.67,-11.98,,,,,
2111,0,0,0,0,0,0,-26.15,0.91,0,0,17.84,-3.82,-25.25,14.02,-11.22,,,,,
2121,0,0,0,0,0,0,-25.95,5.25,0,0,16.6,-3.69,-20.7,12.91,-7.79,,,,,
2131,0,0,0,0,0,0,-24.97,2.11,0,0,16.07,-3.75,-22.86,12.33,-10.53,,,,,
2141,0,0,0,0,0,0,-25.13,3.86,0,0,16.44,-3.73,-21.28,12.71,-8.57,,,,,
2151,0,0,0,0,0,0,-25.73,4.04,0,0,15.76,-3.56,-21.69,12.2,-9.49,,,,,
2161,0,0,0,0,0,0,-24.45,5.03,0,0,17.47,-3.79,-19.42,13.68,-5.73,,,,,
2171,0,0,0,0,0,0,-22.79,5,0,0,13.29,-3.27,-17.79,10.02,-7.77,,,,,
2181,0,0,0,0,0,0,-27.9,4.6,0,0,13.79,-3.66,-23.3,10.13,-13.17,,,,,
2191,0,0,0,0,0,0,-24.48,3.59,0,0,18.1,-3.6,-20.89,14.5,-6.39,,,,,
2201,0,0,0,0,0,0,-24.29,1.03,0,0,15.9,-3.3,-23.26,12.6,-10.66,,,,,
2211,0,0,0,0,0,0,-25.1,5.89,0,0,13.45,-3.32,-19.21,10.13,-9.09,,,,,
2221,0,0,0,0,0,0,-25.04,5.21,0,0,12.14,-3.37,-19.83,8.77,-11.05,,,,,
2231,0,0,0,0,0,0,-27.3,3.51,0,0,15.9,-3.73,-23.78,12.17,-11.62,,,,,
2241,0,0,0,0,0,0,-25.81,4.78,0,0,12.65,-3.59,-21.04,9.06,-11.97,,,,,
2251,0,0,0,0,0,0,-27.21,5.95,0,0,14.24,-3.52,-21.25,10.72,-10.53,,,,,
2261,0,0,0,0,0,0,-25.55,2.75,0,0,15.97,-3.55,-22.8,12.42,-10.38,,,,,
2271,0,0,0,0,0,0,-29.38,0.02,0,0,20.84,-4.02,-29.35,16.82,-12.53,,,,,
2281,0,0,0,0,0,0,-28.82,1.08,0,0,17.44,-3.71,-27.74,13.73,-14.01,,,,,
2291,0,0,0,0,0,0,-28.04,2.97,0,0,15.21,-3.73,-25.07,11.48,-13.59,,,,,
2301,0,0,0,0,0,0,-27.66,1.83,0,0,15.96,-3.47,-25.83,12.49,-13.34,,,,,
2311,0,0,0,0,0,0,-28.29,3.52,0,0,14.58,-3.57,-24.76,11,-13.76,,,,,
2321,0,0,0,0,0,0,-25.13,0.08,0,0,17.74,-3.38,-25.05,14.36,-10.69,,,,,
2331,0,0,0,0,0,0,-22.15,-0.01,0,0,18.41,-2.94,-22.16,15.46,-6.7,,,,,
2341,0,0,0,0,0,0,-27.95,6.06,0,0,14.23,-3.84,-21.89,10.39,-11.5,,,,,
2351,0,0,0,0,0,0,-24.75,3.24,0,0,15.27,-3.64,-21.51,11.64,-9.87,,,,,
2361,0,0,0,0,0,0,-28.79,4.48,0,0,14.77,-4.17,-24.3,10.59,-13.71,,,,,
2371,0,0,0,0,0,0,-28.78,4.72,0,0,15.66,-3.93,-24.06,11.73,-12.33,,,,,
2381,0,0,0,0,0,0,-29.67,4.11,0,0,13.16,-3.93,-25.56,9.24,-16.32,,,,,
2391,0,0,0,0,0,0,-27.9,3.94,0,0,13.87,-3.47,-23.95,10.39,-13.56,,,,,
2401,0,0,0,0,0,0,-28.97,2.84,0,0,17.22,-4.11,-26.13,13.11,-13.01,,,,,
2411,0,0,0,0,0,0,-29.24,3.35,0,0,14.65,-3.72,-25.89,10.93,-14.96,,,,,
2421,0,0,0,0,0,0,-30.36,2.29,0,0,16.7,-3.94,-28.07,12.76,-15.31,,,,,
2431,0,0,0,0,0,0,-31.06,3.57,0,0,14.64,-3.95,-27.49,10.69,-16.8,,,,,
2441,0,0,0,0,0,0,-29.27,1.36,0,0,15.97,-3.88,-27.91,12.1,-15.81,,,,,
2451,0,0,0,0,0,0,-27.14,3.98,0,0,17.69,-4.21,-23.16,13.48,-9.68,,,,,
2461,0,0,0,0,0,0,-27.65,3,0,0,16.16,-3.99,-24.65,12.18,-12.47,,,,,
2471,0,0,0,0,0,0,-29.06,1.77,0,0,17.08,-4.03,-27.3,13.06,-14.24,,,,,
2481,0,0,0,0,0,0,-31.21,3.09,0,0,16.69,-4.06,-28.13,12.64,-15.49,,,,,
2491,0,0,0,0,0,0,-28.25,6.5,0,0,19.53,-4.42,-21.74,15.1,-6.64,,,,,
2501,0,0,0,0,0,0,-31.36,0.21,0,0,18.78,-4.25,-31.14,14.53,-16.61,,,,,
2511,0,0,0,0,0,0,-31.35,2.68,0,0,16.49,-4.2,-28.67,12.29,-16.38,,,,,
2521,0,0,0,0,0,0,-31.83,3.83,0,0,17.16,-4.09,-28.01,13.08,-14.93,,,,,
2531,0,0,0,0,0,0,-31.76,2.72,0,0,16.81,-4.25,-29.04,12.57,-16.48,,,,,
2541,0,0,0,0,0,0,-29.6,2.11,0,0,17.93,-3.99,-27.49,13.94,-13.56,,,,,
2551,0,0,0,0,0,0,-26.01,3.85,0,0,15.43,-3.85,-22.16,11.57,-10.59,,,,,
2561,0,0,0,0,0,0,-30.82,2.54,0,0,17.09,-4.01,-28.28,13.08,-15.19,,,,,
2571,0,0,0,0,0,0,-28.24,4.18,0,0,15.21,-3.86,-24.05,11.35,-12.7,,,,,
2581,0,0,0,0,0,0,-28.99,3.71,0,0,16.69,-3.93,-25.29,12.75,-12.53,,,,,
2591,0,0,0,0,0,0,-27.05,0.47,0,0,18.35,-3.85,-26.58,14.51,-12.07,,,,,
2601,0,0,0,0,0,0,-29.27,6.84,0,0,14.55,-3.77,-22.43,10.78,-11.64,,,,,
2611,0,0,0,0,0,0,-29.74,2.93,0,0,15.51,-3.94,-26.81,11.56,-15.24,,,,,
2621,0,0,0,0,0,0,-28.55,2.61,0,0,15.63,-3.61,-25.94,12.02,-13.92,,,,,
2631,0,0,0,0,0,0,-28.11,2.12,0,0,14.96,-3.92,-25.99,11.03,-14.96,,,,,
2641,0,0,0,0,0,0,-24.24,0.05,0,0,17.29,-3.91,-24.19,13.38,-10.81,,,,,
2651,0,0,0,0,0,0,-31.28,0.57,0,0,17.08,-3.97,-30.71,13.12,-17.6,,,,,
2661,0,0,0,0,0,0,-28.58,6.92,0,0,13.86,-3.82,-21.66,10.04,-11.62,,,,,
2671,0,0,0,0,0,0,-28.62,4.3,0,0,17.05,-4.16,-24.31,12.89,-11.42,,,,,
2681,0,0,0,0,0,0,-30.11,4.85,0,0,16.54,-4.13,-25.26,12.42,-12.84,,,,,
2691,0,0,0,0,0,0,-28.61,4.21,0,0,15.21,-3.99,-24.4,11.22,-13.19,,,,,
2701,0,0,0,0,0,0,-25.71,1.68,0,0,14.12,-3.5,-24.03,10.62,-13.41,,,,,
2711,0,0,0,0,0,0,-28.87,2.37,0,0,16.45,-3.79,-26.5,12.66,-13.84,,,,,
2721,0,0,0,0,0,0,-30.41,4.87,0,0,14.41,-3.98,-25.54,10.43,-15.12,,,,,
2731,0,0,0,0,0,0,-32.95,4.75,0,0,14.94,-3.99,-28.19,10.95,-17.25,,,,,
2741,0,0,0,0,0,0,-28.82,7.51,0,0,15.4,-4.03,-21.31,11.36,-9.95,,,,,
2751,0,0,0,0,0,0,-32.8,5.48,0,0,18.22,-4.21,-27.32,14.01,-13.31,,,,,
2761,0,0,0,0,0,0,-29.15,5.13,0,0,14.61,-4.08,-24.02,10.52,-13.5,,,,,
2771,0,0,0,0,0,0,-29.1,7.06,0,0,13.35,-4.15,-22.04,9.21,-12.83,,,,,
2781,0,0,0,0,0,0,-32.79,9.22,0,0,15.31,-4.16,-23.57,11.16,-12.41,,,,,
2791,0,0,0,0,0,0,-33.57,8.85,0,0,14.76,-4.2,-24.72,10.57,-14.15,,,,,
2801,0,0,0,0,0,0,-28.38,9.5,0,0,11.87,-3.81,-18.88,8.06,-10.82,,,,,
2811,0,0,0,0,0,0,-26.36,9.17,0,0,11.53,-3.76,-17.19,7.77,-9.42,,,,,
2821,0,0,0,0,0,0,-30.27,7.29,0,0,14.91,-3.97,-22.98,10.95,-12.04,,,,,
2831,0,0,0,0,0,0,-27.65,6.49,0,0,14.08,-3.7,-21.15,10.38,-10.78,,,,,
2841,0,0,0,0,0,0,-29.08,5.55,0,0,12.52,-3.93,-23.53,8.59,-14.94,,,,,
2851,0,0,0,0,0,0,-28.13,-2,0,0,18.31,-3.78,-30.13,14.52,-15.6,,,,,
2861,0,0,0,0,0,0,-27.63,5.94,0,0,14.16,-3.85,-21.69,10.32,-11.37,,,,,
2871,0,0,0,0,0,0,-26.96,7.47,0,0,13.43,-3.91,-19.5,9.52,-9.98,,,,,
2881,0,0,0,0,0,0,-29.56,6.89,0,0,15.42,-3.96,-22.67,11.46,-11.21,,,,,
2891,0,0,0,0,0,0,-26.19,5.3,0,0,13.69,-3.75,-20.9,9.94,-10.96,,,,,
2901,0,0,0,0,0,0,-26.69,4.32,0,0,14.19,-3.68,-22.38,10.52,-11.86,,,,,
2911,0,0,0,0,0,0,-30.01,7.1,0,0,14.97,-3.92,-22.91,11.04,-11.87,,,,,
2921,0,0,0,0,0,0,-28.8,8.13,0,0,11.02,-3.79,-20.68,7.23,-13.45,,,,,
2931,0,0,0,0,0,0,-30.22,9.78,0,0,14.38,-4.26,-20.44,10.12,-10.32,,,,,
2941,0,0,0,0,0,0,-29.37,10.8,0,0,11.65,-4.06,-18.57,7.59,-10.98,,,,,
2951,0,0,0,0,0,0,-27.39,7.35,0,0,12.82,-3.8,-20.04,9.03,-11.01,,,,,
2961,0,0,0,0,0,0,-31.96,8.35,0,0,14.38,-3.97,-23.61,10.41,-13.2,,,,,
2971,0,0,0,0,0,0,-26.63,6.21,0,0,13.53,-3.76,-20.42,9.77,-10.65,,,,,
2981,0,0,0,0,0,0,-33.17,9.3,0,0,14.29,-4.22,-23.88,10.06,-13.81,,,,,
2991,0,0,0,0,0,0,-31.27,7.35,0,0,14.08,-4.02,-23.92,10.06,-13.86,,,,,
3001,0,0,0,0,0,0,-32.13,5.61,0,0,15.38,-4.13,-26.52,11.24,-15.27,,,,,
3011,0,0,0,0,0,0,-32.41,4.59,0,0,17.01,-4.12,-27.83,12.89,-14.94,,,,,
3021,0,0,0,0,0,0,-30.6,3.79,0,0,17.8,-4.24,-26.81,13.56,-13.25,,,,,
3031,0,0,0,0,0,0,-30.01,2.47,0,0,16.75,-4.06,-27.54,12.7,-14.84,,,,,
3041,0,0,0,0,0,0,-29.01,3.28,0,0,15.95,-3.75,-25.73,12.21,-13.53,,,,,
3051,0,0,0,0,0,0,-30.59,4.79,0,0,17.43,-3.98,-25.81,13.44,-12.36,,,,,
3061,0,0,0,0,0,0,-30.18,4.33,0,0,15.68,-3.94,-25.85,11.73,-14.12,,,,,
3071,0,0,0,0,0,0,-30.2,5.7,0,0,15.25,-4,-24.5,11.26,-13.24,,,,,
3081,0,0,0,0,0,0,-28.84,6.29,0,0,13.95,-4.11,-22.55,9.84,-12.71,,,,,
3091,0,0,0,0,0,0,-31.16,4.33,0,0,18.57,-4.15,-26.83,14.43,-12.4,,,,,
3101,0,0,0,0,0,0,-30.38,7.47,0,0,15.05,-4,-22.9,11.05,-11.85,,,,,
3111,0,0,0,0,0,0,-32.2,5.71,0,0,17.17,-4.22,-26.48,12.96,-13.53,,,,,
3121,0,0,0,0,0,0,-30.45,5.41,0,0,16.63,-4.15,-25.05,12.48,-12.57,,,,,
3131,0,0,0,0,0,0,-30.65,0.68,0,0,18.97,-4.12,-29.97,14.85,-15.12,,,,,
3141,0,0,0,0,0,0,-27.6,7.03,0,0,12.55,-3.65,-20.57,8.9,-11.67,,,,,
3151,0,0,0,0,0,0,-33.79,6.07,0,0,15.57,-4.18,-27.72,11.39,-16.33,,,,,
3161,0,0,0,0,0,0,-32.58,5.14,0,0,17.25,-4.07,-27.44,13.17,-14.26,,,,,
3171,0,0,0,0,0,0,-33.06,9.42,0,0,14.12,-4.16,-23.64,9.95,-13.69,,,,,
3181,0,0,0,0,0,0,-34.52,6.68,0,0,15.65,-4.2,-27.84,11.45,-16.39,,,,,
3191,0,0,0,0,0,0,-28.62,1.29,0,0,18.4,-3.82,-27.32,14.59,-12.74,,,,,
3201,0,0,0,0,0,0,-32.62,9.97,0,0,12.39,-4.12,-22.65,8.27,-14.38,,,,,
3211,0,0,0,0,0,0,-32.78,5.04,0,0,18.2,-4.12,-27.75,14.08,-13.67,,,,,
3221,0,0,0,0,0,0,-28.77,3.13,0,0,18.05,-4.05,-25.64,13.99,-11.65,,,,,
3231,0,0,0,0,0,0,-28.01,2.59,0,0,17.53,-4.14,-25.43,13.4,-12.03,,,,,
3241,0,0,0,0,0,0,-31.4,4.36,0,0,18.39,-4.09,-27.04,14.3,-12.73,,,,,
3251,0,0,0,0,0,0,-27.61,3.18,0,0,16.44,-3.72,-24.44,12.72,-11.72,,,,,
3261,0,0,0,0,0,0,-28.12,2.59,0,0,15.64,-3.79,-25.53,11.86,-13.67,,,,,
3271,0,0,0,0,0,0,-27.01,4.58,0,0,13.06,-3.61,-22.43,9.45,-12.98,,,,,
3281,0,0,0,0,0,0,-28.88,5.36,0,0,14.47,-3.97,-23.52,10.5,-13.01,,,,,
3291,0,0,0,0,0,0,-28.75,1.22,0,0,16.9,-4.01,-27.53,12.89,-14.64,,,,,
3301,0,0,0,0,0,0,-31.31,3.17,0,0,17.29,-3.99,-28.14,13.29,-14.85,,,,,
3311,0,0,0,0,0,0,-27.25,1.3,0,0,17.4,-3.71,-25.95,13.69,-12.26,,,,,
3321,0,0,0,0,0,0,-26.69,-0.16,0,0,18.06,-3.89,-26.85,14.16,-12.69,,,,,
3331,0,0,0,0,0,0,-29.51,1.35,0,0,19.85,-4.17,-28.16,15.68,-12.48,,,,,
3341,0,0,0,0,0,0,-30.29,4.08,0,0,14.25,-4.03,-26.21,10.22,-16,,,,,
3351,0,0,0,0,0,0,-29.44,3.01,0,0,16.2,-4.3,-26.43,11.9,-14.53,,,,,
3361,0,0,0,0,0,0,-30.43,0.45,0,0,18.69,-4.16,-29.98,14.53,-15.45,,,,,
3371,0,0,0,0,0,0,-31.15,7.19,0,0,13.88,-4.12,-23.96,9.75,-14.21,,,,,
3381,0,0,0,0,0,0,-31.47,3.73,0,0,15.43,-4.21,-27.74,11.22,-16.52,,,,,
3391,0,0,0,0,0,0,-30.03,2.51,0,0,20.25,-4.43,-27.52,15.82,-11.7,,,,,
3401,0,0,0,0,0,0,-31.13,3.23,0,0,16.17,-4.08,-27.9,12.09,-15.81,,,,,
3411,0,0,0,0,0,0,-31.23,0.84,0,0,19.72,-4.29,-30.39,15.44,-14.95,,,,,
3421,0,0,0,0,0,0,-33.52,2,0,0,19.05,-4.22,-31.52,14.83,-16.69,,,,,
3431,0,0,0,0,0,0,-33.43,6.93,0,0,15.57,-4.54,-26.5,11.03,-15.48,,,,,
3441,0,0,0,0,0,0,-28.6,2.41,0,0,20.25,-4.1,-26.19,16.15,-10.04,,,,,
3451,0,0,0,0,0,0,-31.18,2.12,0,0,18.76,-4.22,-29.06,14.54,-14.52,,,,,
3461,0,0,0,0,0,0,-27.95,6.32,0,0,13.34,-4.01,-21.63,9.32,-12.31,,,,,
3471,0,0,0,0,0,0,-32.45,4.64,0,0,14.73,-4.23,-27.8,10.5,-17.3,,,,,
3481,0,0,0,0,0,0,-30.47,2.3,0,0,17.29,-4.13,-28.17,13.16,-15.01,,,,,
3491,0,0,0,0,0,0,-30.44,2.31,0,0,17.25,-4.21,-28.12,13.04,-15.09,,,,,
3501,0,0,0,0,0,0,-29.47,1.45,0,0,18.65,-4.27,-28.03,14.37,-13.65,,,,,
3511,0,0,0,0,0,0,-30.71,1.68,0,0,17.61,-4.23,-29.04,13.38,-15.66,,,,,
3521,0,0,0,0,0,0,-25.99,4.71,0,0,14.33,-4.09,-21.27,10.25,-11.02,,,,,
3531,0,0,0,0,0,0,-31.2,2.24,0,0,17.63,-4.2,-28.96,13.43,-15.53,,,,,
3541,0,0,0,0,0,0,-31.46,5.59,0,0,18.77,-4.36,-25.87,14.42,-11.45,,,,,
3551,0,0,0,0,0,0,-29.87,1.66,0,0,17.29,-3.99,-28.21,13.3,-14.91,,,,,
3561,0,0,0,0,0,0,-31.34,2.22,0,0,16.9,-4.02,-29.12,12.88,-16.24,,,,,
3571,0,0,0,0,0,0,-30.95,3.38,0,0,16.8,-4.12,-27.57,12.68,-14.89,,,,,
3581,0,0,0,0,0,0,-30.2,3.42,0,0,17.6,-4.24,-26.78,13.36,-13.42,,,,,
3591,0,0,0,0,0,0,-28.6,1.78,0,0,18.32,-4.15,-26.82,14.16,-12.66,,,,,
3601,0,0,0,0,0,0,-27.29,6.6,0,0,13.64,-4.05,-20.69,9.6,-11.09,,,,,
3611,0,0,0,0,0,0,-33.62,4.17,0,0,17.04,-4.45,-29.45,12.59,-16.86,,,,,
3621,0,0,0,0,0,0,-32.59,1.68,0,0,17.82,-4.46,-30.91,13.35,-17.56,,,,,
3631,0,0,0,0,0,0,-31.16,5.03,0,0,15.31,-4.14,-26.13,11.17,-14.96,,,,,
3641,0,0,0,0,0,0,-31.76,4.97,0,0,18,-4.31,-26.8,13.69,-13.11,,,,,
3651,0,0,0,0,0,0,-25,0.99,0,0,14.98,-3.94,-24.01,11.04,-12.97,,,,,
3661,0,0,0,0,0,0,-31.92,5.05,0,0,17.8,-4.36,-26.87,13.44,-13.43,,,,,
3671,0,0,0,0,0,0,-29.49,6.79,0,0,16.72,-4.24,-22.71,12.47,-10.23,,,,,
3681,0,0,0,0,0,0,-28.86,4.71,0,0,16.03,-4.21,-24.15,11.82,-12.33,,,,,
3691,0,0,0,0,0,0,-29.23,2.63,0,0,19.11,-4.04,-26.6,15.06,-11.54,,,,,
3701,0,0,0,0,0,0,-28.85,4.69,0,0,15.87,-4.15,-24.17,11.72,-12.44,,,,,
3711,0,0,0,0,0,0,-32.06,1.96,0,0,16.51,-4.1,-30.09,12.42,-17.67,,,,,
3721,0,0,0,0,0,0,-31.99,2.4,0,0,18.84,-4.3,-29.59,14.54,-15.05,,,,,
3731,0,0,0,0,0,0,-30.29,6.2,0,0,17.33,-4.09,-24.09,13.24,-10.85,,,,,
3741,0,0,0,0,0,0,-30.99,2.04,0,0,19.4,-4.25,-28.95,15.15,-13.8,,,,,
3751,0,0,0,0,0,0,-30.64,2.55,0,0,18.3,-4.05,-28.09,14.25,-13.83,,,,,
3761,0,0,0,0,0,0,-30.55,0.97,0,0,19.17,-4.09,-29.58,15.08,-14.5,,,,,
3771,0,0,0,0,0,0,-28.9,5.24,0,0,16.51,-4.22,-23.65,12.29,-11.37,,,,,
3781,0,0,0,0,0,0,-31.36,4.03,0,0,16.49,-4.33,-27.33,12.16,-15.17,,,,,
3791,0,0,0,0,0,0,-30.94,4.41,0,0,16.99,-4.23,-26.54,12.76,-13.78,,,,,
3801,0,0,0,0,0,0,-32.22,4.31,0,0,18.52,-4.16,-27.91,14.36,-13.56,,,,,
3811,0,0,0,0,0,0,-31.67,5.96,0,0,16.31,-4.43,-25.71,11.88,-13.83,,,,,
3821,0,0,0,0,0,0,-30.91,2.71,0,0,17,-4.27,-28.2,12.72,-15.47,,,,,
3831,0,0,0,0,0,0,-33.27,4.04,0,0,18.98,-4.42,-29.23,14.56,-14.67,,,,,
3841,0,0,0,0,0,0,-31.72,2.88,0,0,19.12,-4.22,-28.84,14.9,-13.94,,,,,
3851,0,0,0,0,0,0,-27.72,1.91,0,0,18.83,-4.44,-25.81,14.4,-11.42,,,,,
3861,0,0,0,0,0,0,-33.16,7.32,0,0,16.66,-4.51,-25.84,12.14,-13.7,,,,,
3871,0,0,0,0,0,0,-29.32,2.05,0,0,20.13,-4.52,-27.28,15.6,-11.67,,,,,
3881,0,0,0,0,0,0,-30.72,2.22,0,0,17.92,-4.09,-28.5,13.83,-14.67,,,,,
3891,0,0,0,0,0,0,-30.02,1.72,0,0,19.5,-4.36,-28.3,15.14,-13.16,,,,,
3901,0,0,0,0,0,0,-30.37,4.63,0,0,15.87,-4.34,-25.73,11.53,-14.2,,,,,
3911,0,0,0,0,0,0,-33.98,7.04,0,0,13.71,-4.62,-26.94,9.09,-17.86,,,,,
3921,0,0,0,0,0,0,-31.59,6.43,0,0,15.36,-4.25,-25.16,11.1,-14.05,,,,,
3931,0,0,0,0,0,0,-33.43,2.44,0,0,18.8,-4.65,-30.99,14.15,-16.84,,,,,
3941,0,0,0,0,0,0,-28.9,4.97,0,0,14.79,-4.27,-23.93,10.51,-13.42,,,,,
3951,0,0,0,0,0,0,-30.21,3.41,0,0,16.95,-4.11,-26.8,12.84,-13.96,,,,,
3961,0,0,0,0,0,0,-33.03,5.11,0,0,16.49,-4.66,-27.92,11.83,-16.08,,,,,
3971,0,0,0,0,0,0,-33.18,2.13,0,0,18.76,-4.63,-31.05,14.13,-16.92,,,,,
3981,0,0,0,0,0,0,-30.4,5,0,0,15.55,-4.03,-25.4,11.52,-13.88,,,,,
3991,0,0,0,0,0,0,-32.42,0.92,0,0,21.35,-4.26,-31.51,17.1,-14.41,,,,,
4001,0,0,0,0,0,0,-29.22,3.56,0,0,16.01,-4.15,-25.66,11.86,-13.8,,,,,
4011,0,0,0,0,0,0,-35.38,7.21,0,0,14.23,-4.77,-28.17,9.46,-18.71,,,,,
4021,0,0,0,0,0,0,-30.22,2.51,0,0,15.81,-4.26,-27.71,11.54,-16.17,,,,,
4031,0,0,0,0,0,0,-31.52,4.9,0,0,15.1,-4.29,-26.62,10.81,-15.81,,,,,
4041,0,0,0,0,0,0,-31.44,5.5,0,0,17.59,-4.56,-25.94,13.03,-12.92,,,,,
4051,0,0,0,0,0,0,-30.3,7.86,0,0,15.27,-4.33,-22.44,10.93,-11.5,,,,,
4061,0,0,0,0,0,0,-30,6.09,0,0,15.28,-4.33,-23.91,10.95,-12.96,,,,,
4071,0,0,0,0,0,0,-31.53,6.71,0,0,16.32,-4.35,-24.82,11.97,-12.85,,,,,
4081,0,0,0,0,0,0,-29.57,3.72,0,0,16.85,-4.09,-25.85,12.76,-13.09,,,,,
4091,0,0,0,0,0,0,-30.76,4.6,0,0,16.55,-4.25,-26.16,12.31,-13.85,,,,,
4101,0,0,0,0,0,0,-28.14,4.28,0,0,15.63,-3.92,-23.86,11.7,-12.16,,,,,
4111,0,0,0,0,0,0,-29.97,1.28,0,0,16.44,-3.87,-28.68,12.57,-16.11,,,,,
4121,0,0,0,0,0,0,-31.27,4.82,0,0,15.47,-4.6,-26.45,10.87,-15.58,,,,,
4131,0,0,0,0,0,0,-32.14,3.71,0,0,18.19,-4.54,-28.43,13.66,-14.77,,,,,
4141,0,0,0,0,0,0,-31.34,5.5,0,0,17.62,-4.26,-25.84,13.37,-12.47,,,,,
4151,0,0,0,0,0,0,-28.7,5.74,0,0,17.48,-4.42,-22.96,13.06,-9.9,,,,,
4161,0,0,0,0,0,0,-28.98,3.48,0,0,19.14,-4.37,-25.5,14.76,-10.74,,,,,
4171,0,0,0,0,0,0,-34.88,1.25,0,0,20.36,-4.43,-33.63,15.93,-17.7,,,,,
4181,0,0,0,0,0,0,-31.81,3.09,0,0,16.75,-4.51,-28.72,12.24,-16.48,,,,,
4191,0,0,0,0,0,0,-33.8,5.78,0,0,16.03,-4.39,-28.02,11.64,-16.38,,,,,
4201,0,0,0,0,0,0,-32.87,4.73,0,0,15.07,-4.55,-28.15,10.52,-17.63,,,,,
4211,0,0,0,0,0,0,-31.22,5.18,0,0,17.29,-4.51,-26.03,12.78,-13.26,,,,,
4221,0,0,0,0,0,0,-29.87,3.64,0,0,16.71,-4.26,-26.23,12.44,-13.79,,,,,
4231,0,0,0,0,0,0,-31.82,1.78,0,0,18.44,-4.24,-30.03,14.2,-15.83,,,,,
4241,0,0,0,0,0,0,-30.39,4.11,0,0,16.37,-4.4,-26.28,11.97,-14.31,,,,,
4251,0,0,0,0,0,0,-30.59,1.9,0,0,19.6,-4.43,-28.69,15.17,-13.52,,,,,
4261,0,0,0,0,0,0,-28.02,7.36,0,0,15.17,-4.18,-20.66,10.99,-9.67,,,,,
4271,0,0,0,0,0,0,-32.51,0.75,0,0,19.98,-4.53,-31.76,15.45,-16.31,,,,,
4281,0,0,0,0,0,0,-31.21,0.66,0,0,19.83,-4.11,-30.55,15.72,-14.83,,,,,
4291,0,0,0,0,0,0,-32.03,2.17,0,0,18.25,-4.46,-29.85,13.79,-16.07,,,,,
4301,0,0,0,0,0,0,-30.35,2.29,0,0,17.21,-4.31,-28.06,12.89,-15.16,,,,,
4311,0,0,0,0,0,0,-32.01,6.21,0,0,15.23,-4.39,-25.8,10.83,-14.97,,,,,
4321,0,0,0,0,0,0,-26.73,8.7,0,0,16.01,-4.42,-18.04,11.59,-6.45,,,,,
4331,0,0,0,0,0,0,-30.08,4.93,0,0,15.36,-4.25,-25.15,11.11,-14.04,,,,,
4341,0,0,0,0,0,0,-32.46,4.23,0,0,16.94,-4.29,-28.23,12.65,-15.57,,,,,
4351,0,0,0,0,0,0,-30.38,3.87,0,0,18.33,-4.45,-26.5,13.88,-12.63,,,,,
4361,0,0,0,0,0,0,-31.38,6.21,0,0,16.81,-4.41,-25.17,12.41,-12.76,,,,,
4371,0,0,0,0,0,0,-31.67,4.79,0,0,15.12,-4.43,-26.88,10.69,-16.19,,,,,
4381,0,0,0,0,0,0,-31.82,4.86,0,0,15.96,-4.41,-26.96,11.54,-15.41,,,,,
4391,0,0,0,0,0,0,-32.42,2.29,0,0,18.74,-4.22,-30.13,14.52,-15.61,,,,,
4401,0,0,0,0,0,0,-33.39,5.54,0,0,17.4,-4.26,-27.85,13.14,-14.71,,,,,
4411,0,0,0,0,0,0,-31.19,-0.05,0,0,20.29,-4.16,-31.24,16.14,-15.11,,,,,
4421,0,0,0,0,0,0,-29.16,2.16,0,0,18.13,-3.88,-27,14.25,-12.75,,,,,
4431,0,0,0,0,0,0,-33.91,2.39,0,0,20.04,-4.35,-31.51,15.69,-15.83,,,,,
4441,0,0,0,0,0,0,-30.51,1.71,0,0,20.01,-4.2,-28.8,15.81,-12.98,,,,,
4451,0,0,0,0,0,0,-30.03,3.66,0,0,17.72,-4.12,-26.37,13.6,-12.77,,,,,
4461,0,0,0,0,0,0,-27.58,2.04,0,0,19.35,-3.84,-25.55,15.51,-10.03,,,,,
4471,0,0,0,0,0,0,-33.71,4.59,0,0,16.27,-4.62,-29.12,11.65,-17.46,,,,,
4481,0,0,0,0,0,0,-33.8,7,0,0,16.47,-4.64,-26.8,11.84,-14.96,,,,,
4491,0,0,0,0,0,0,-30.7,3.61,0,0,16.35,-4.14,-27.1,12.21,-14.89,,,,,
4501,0,0,0,0,0,0,-29.23,5.25,0,0,16.61,-4.41,-23.99,12.2,-11.78,,,,,
4511,0,0,0,0,0,0,-32.69,1.72,0,0,18.54,-4.36,-30.97,14.18,-16.79,,,,,
4521,0,0,0,0,0,0,-30.36,3.94,0,0,21.21,-4.58,-26.43,16.64,-9.79,,,,,
4531,0,0,0,0,0,0,-32.62,4.68,0,0,18.33,-4.31,-27.94,14.02,-13.92,,,,,
4541,0,0,0,0,0,0,-31.75,2.36,0,0,18.43,-4.38,-29.39,14.05,-15.34,,,,,
4551,0,0,0,0,0,0,0,-0.07,0,0,0.07,0,-0.07,0.07,0,,,,,
4561,0,0,0,0,0,0,0,-0.07,0,0,0.07,0,-0.07,0.07,0,,,,,
4571,0,0,0,0,0,0,-29.89,1.14,0,0,19.66,-4.11,-28.75,15.54,-13.21,,,,,
4581,0,0,0,0,0,0,-29.36,2.16,0,0,19.67,-4.21,-27.2,15.46,-11.75,,,,,
4591,0,0,0,0,0,0,-23,1.82,0,0,19.86,-3.77,-21.18,16.09,-5.09,,,,,
4601,0,0,0,0,0,0,-31.87,5.04,0,0,17.37,-4.27,-26.83,13.11,-13.72,,,,,
4611,0,0,0,0,0,0,-30.38,3,0,0,18.66,-4.17,-27.38,14.49,-12.89,,,,,
4621,0,0,0,0,0,0,-28.87,0.89,0,0,20.84,-4.26,-27.98,16.58,-11.4,,,,,
4631,0,0,0,0,0,0,-32.26,2.37,0,0,19.62,-4.31,-29.89,15.31,-14.58,,,,,
4641,0,0,0,0,0,0,-30.47,3.09,0,0,20.15,-4.31,-27.37,15.84,-11.53,,,,,
4651,0,0,0,0,0,0,-33.02,3.77,0,0,18,-4.38,-29.25,13.62,-15.63,,,,,
4661,0,0,0,0,0,0,-32.04,5.17,0,0,18.33,-4.35,-26.87,13.98,-12.89,,,,,
4671,0,0,0,0,0,0,-31.23,1.55,0,0,20.56,-4.15,-29.68,16.41,-13.27,,,,,
4681,0,0,0,0,0,0,-31.94,3.49,0,0,21,-4.67,-28.45,16.32,-12.13,,,,,
4691,0,0,0,0,0,0,-32.22,4.82,0,0,17.52,-4.23,-27.4,13.29,-14.11,,,,,
4701,0,0,0,0,0,0,-32.92,2.55,0,0,18.02,-4.32,-30.37,13.7,-16.67,,,,,
4711,0,0,0,0,0,0,-33.12,3.95,0,0,19.2,-4.39,-29.17,14.82,-14.35,,,,,
4721,0,0,0,0,0,0,-30.02,3.52,0,0,18.32,-4.47,-26.5,13.86,-12.64,,,,,
4731,0,0,0,0,0,0,-31.26,5.68,0,0,15.85,-4.09,-25.58,11.76,-13.83,,,,,
4741,0,0,0,0,0,0,-30.41,3.47,0,0,17.34,-4.32,-26.94,13.02,-13.92,,,,,
4751,0,0,0,0,0,0,-31.65,2,0,0,21.26,-4.61,-29.65,16.65,-13,,,,,
4761,0,0,0,0,0,0,-29.8,5.16,0,0,17.21,-4.1,-24.64,13.11,-11.53,,,,,
4771,0,0,0,0,0,0,-26.31,4.54,0,0,16.09,-4.34,-21.77,11.75,-10.02,,,,,
4781,0,0,0,0,0,0,-25.86,3.54,0,0,15.17,-3.55,-22.32,11.62,-10.7,,,,,
4791,0,0,0,0,0,0,-28.75,1.31,0,0,19.6,-4.27,-27.44,15.33,-12.11,,,,,
4801,0,0,0,0,0,0,-29.27,3.23,0,0,15.88,-4.21,-26.04,11.67,-14.37,,,,,
4811,0,0,0,0,0,0,-29.64,3.58,0,0,16.6,-4.09,-26.06,12.5,-13.56,,,,,
4821,0,0,0,0,0,0,-30.97,0.42,0,0,17.86,-4.03,-30.55,13.82,-16.73,,,,,
4831,0,0,0,0,0,0,-31.56,3.8,0,0,18.21,-4.44,-27.76,13.76,-14,,,,,
4841,0,0,0,0,0,0,-29.59,2.72,0,0,17.76,-4,-26.87,13.76,-13.11,,,,,
4851,0,0,0,0,0,0,-26.9,4.24,0,0,15.72,-3.81,-22.65,11.91,-10.74,,,,,
4861,0,0,0,0,0,0,-30.26,4.25,0,0,15.69,-4.18,-26.01,11.52,-14.5,,,,,
4871,0,0,0,0,0,0,-30.3,5.84,0,0,14.97,-4.24,-24.45,10.73,-13.72,,,,,
4881,0,0,0,0,0,0,-30.44,5.26,0,0,15.87,-4.31,-25.18,11.56,-13.62,,,,,
4891,0,0,0,0,0,0,-30.32,2.43,0,0,16.62,-4.21,-27.88,12.4,-15.48,,,,,
4901,0,0,0,0,0,0,-31.85,2.65,0,0,20.48,-4.41,-29.2,16.07,-13.13,,,,,
4911,0,0,0,0,0,0,-33.73,3.17,0,0,18.21,-4.39,-30.56,13.82,-16.75,,,,,
4921,0,0,0,0,0,0,-30.52,2.74,0,0,18.74,-4.25,-27.77,14.49,-13.29,,,,,
4931,0,0,0,0,0,0,-31.19,3.95,0,0,16.57,-3.97,-27.24,12.6,-14.65,,,,,
4941,0,0,0,0,0,0,-32.91,4.1,0,0,19.38,-4.41,-28.81,14.98,-13.84,,,,,
4951,0,0,0,0,0,0,-34.25,1.33,0,0,21.17,-4.4,-32.92,16.77,-16.15,,,,,
4961,0,0,0,0,0,0,-31.93,1.08,0,0,18.83,-4.17,-30.85,14.66,-16.19,,,,,
4971,0,0,0,0,0,0,-32.01,3.71,0,0,17.41,-4.29,-28.3,13.12,-15.18,,,,,
4981,0,0,0,0,0,0,-32.01,7.06,0,0,15.34,-4.54,-24.95,10.8,-14.15,,,,,
4991,0,0,0,0,0,0,-32.13,4.7,0,0,17.31,-4.72,-27.43,12.59,-14.84,,,,,
5001,0,0,0,0,0,0,-30.38,1.78,0,0,18.5,-4.25,-28.6,14.25,-14.35,,,,,
5011,0,0,0,0,0,0,-33.59,0.86,0,0,22.42,-4.47,-32.72,17.95,-14.77,,,,,
5021,0,0,0,0,0,0,-30.7,3.17,0,0,16.71,-4.21,-27.53,12.5,-15.02,,,,,
5031,0,0,0,0,0,0,-31.72,4.81,0,0,16.38,-4.29,-26.9,12.09,-14.81,,,,,
5041,0,0,0,0,0,0,-30.83,5.41,0,0,14.78,-4.41,-25.41,10.37,-15.04,,,,,
5051,0,0,0,0,0,0,-31.11,7.2,0,0,13.99,-4.35,-23.9,9.64,-14.26,,,,,
5061,0,0,0,0,0,0,-30.61,1.19,0,0,17.01,-4.12,-29.42,12.88,-16.54,,,,,
5071,0,0,0,0,0,0,-30,2.44,0,0,16.9,-4.08,-27.57,12.81,-14.76,,,,,
5081,0,0,0,0,0,0,-30.15,3.09,0,0,14.25,-3.89,-27.07,10.36,-16.71,,,,,
5091,0,0,0,0,0,0,-31.45,2.92,0,0,20.03,-4.17,-28.53,15.86,-12.67,,,,,
5101,0,0,0,0,0,0,-29.19,0.63,0,0,20.29,-4.08,-28.56,16.22,-12.34,,,,,
5111,0,0,0,0,0,0,-28.07,4.22,0,0,17.02,-3.98,-23.85,13.04,-10.81,,,,,
5121,0,0,0,0,0,0,0,-0.11,0,0,0.11,0,-0.11,0.11,0,,,,,
5131,0,0,0,0,0,0,0,-0.07,0,0,0.07,0,-0.07,0.07,0,,,,,
5141,0,0,0,0,0,0,0,-0.08,0,0,0.08,0,-0.08,0.08,0,,,,,
5151,0,0,0,0,0,0,0,-0.08,0,0,0.08,0,-0.08,0.08,0,,,,,
5161,0,0,0,0,0,0,0,-0.12,0,0,0.12,0,-0.13,0.12,0,,,,,
5171,0,0,0,0,0,0,0,-0.1,0,0,0.1,0,-0.1,0.1,0,,,,,
5181,0,0,0,0,0,0,0,-0.14,0,0,0.14,0,-0.14,0.14,0,,,,,
5191,0,0,0,0,0,0,0,-0.1,0,0,0.1,0,-0.1,0.1,0,,,,,
5201,0,0,0,0,0,0,0,-0.13,0,0,0.13,0,-0.13,0.13,0,,,,,
5211,0,0,0,0,0,0,0,-0.12,0,0,0.12,0,-0.12,0.12,0,,,,,
5221,0,0,0,0,0,0,0,-0.12,0,0,0.12,0,-0.12,0.12,0,,,,,
5231,0,0,0,0,0,0,0,-0.1,0,0,0.1,0,-0.1,0.1,0,,,,,
5241,0,0,0,0,0,0,0,-0.07,0,0,0.07,0,-0.07,0.07,0,,,,,
5251,0,0,0,0,0,0,0,-0.11,0,0,0.11,0,-0.11,0.11,0,,,,,
5261,0,0,0,0,0,0,0,-0.1,0,0,0.1,0,-0.1,0.1,0,,,,,
5271,0,0,0,0,0,0,0,-0.03,0,0,0.03,0,-0.03,0.03,0,,,,,
5281,0,0,0,0,0,0,0,-0.1,0,0,0.1,0,-0.1,0.1,0,,,,,
5291,0,0,0,0,0,0,0,-0.1,0,0,0.1,0,-0.1,0.1,0,,,,,
5301,0,0,0,0,0,0,0,-0.1,0,0,0.1,0,-0.1,0.1,0,,,,,
5311,0,0,0,0,0,0,0,-0.09,0,0,0.09,0,-0.09,0.09,0,,,,,
5321,0,0,0,0,0,0,0,-0.09,0,0,0.09,0,-0.09,0.09,0,,,,,
5331,0,0,0,0,0,0,0,-0.1,0,0,0.1,0,-0.1,0.1,0,,,,,
5341,0,0,0,0,0,0,0,-0.1,0,0,0.1,0,-0.1,0.1,0,,,,,
5351,0,0,0,0,0,0,0,-0.09,0,0,0.09,0,-0.09,0.09,0,,,,,
5361,0,0,0,0,0,0,0,-0.1,0,0,0.1,0,-0.1,0.1,0,,,,,
5371,0,0,0,0,0,0,0,-0.12,0,0,0.12,0,-0.12,0.12,0,,,,,
5381,0,0,0,0,0,0,0,-0.09,0,0,0.09,0,-0.09,0.09,0,,,,,
5391,0,0,0,0,0,0,0,-0.1,0,0,0.1,0,-0.1,0.1,0,,,,,
5401,0,0,0,0,0,0,0,-0.1,0,0,0.1,0,-0.1,0.1,0,,,,,
5411,0,0,0,0,0,0,0,-0.07,0,0,0.07,0,-0.07,0.07,0,,,,,
5421,0,0,0,0,0,0,0,-0.1,0,0,0.1,0,-0.1,0.1,0,,,,,
5431,0,0,0,0,0,0,0,-0.1,0,0,0.1,0,-0.1,0.1,0,,,,,
5441,0,0,0,0,0,0,0,-0.11,0,0,0.11,0,-0.11,0.11,0,,,,,
5451,0,0,0,0,0,0,0,-0.12,0,0,0.12,0,-0.12,0.12,0,,,,,
5461,0,0,0,0,0,0,0,-0.09,0,0,0.09,0,-0.09,0.09,0,,,,,
5471,0,0,0,0,0,0,0,-0.06,0,0,0.06,0,-0.06,0.06,0,,,,,
5481,0,0,0,0,0,0,0,-0.1,0,0,0.1,0,-0.1,0.1,0,,,,,
5491,0,0,0,0,0,0,0,-0.09,0,0,0.09,0,-0.09,0.09,0,,,,,
5501,0,0,0,0,0,0,0,-0.08,0,0,0.08,0,-0.08,0.08,0,,,,,
5511,0,0,0,0,0,0,0,-0.08,0,0,0.08,0,-0.08,0.08,0,,,,,
5521,0,0,0,0,0,0,0,-0.09,0,0,0.09,0,-0.09,0.09,0,,,,,
5531,0,0,0,0,0,0,0,-0.06,0,0,0.06,0,-0.06,0.06,0,,,,,
5541,0,0,0,0,0,0,0,-0.06,0,0,0.06,0,-0.06,0.06,0,,,,,
5551,0,0,0,0,0,0,0,-0.07,0,0,0.07,0,-0.07,0.07,0,,,,,
5561,0,0,0,0,0,0,0,-0.08,0,0,0.08,0,-0.08,0.08,0,,,,,
5571,0,0,0,0,0,0,0,-0.1,0,0,0.1,0,-0.1,0.1,0,,,,,
5581,0,0,0,0,0,0,0,-0.07,0,0,0.07,0,-0.07,0.07,0,,,,,
5591,0,0,0,0,0,0,0,-0.06,0,0,0.06,0,-0.06,0.06,0,,,,,
5601,0,0,0,0,0,0,0,-0.09,0,0,0.09,0,-0.09,0.09,0,,,,,
5611,0,0,0,0,0,0,0,-0.08,0,0,0.08,0,-0.08,0.08,0,,,,,
5621,0,0,0,0,0,0,0,-0.09,0,0,0.09,0,-0.09,0.09,0,,,,,
5631,0,0,0,0,0,0,0,-0.08,0,0,0.08,0,-0.08,0.08,0,,,,,
5641,0,0,0,0,0,0,0,-0.07,0,0,0.07,0,-0.07,0.07,0,,,,,
5651,0,0,0,0,0,0,0,-0.1,0,0,0.1,0,-0.1,0.1,0,,,,,
5661,0,0,0,0,0,0,0,-0.06,0,0,0.06,0,-0.06,0.06,0,,,,,
5671,0,0,0,0,0,0,0,-0.06,0,0,0.06,0,-0.06,0.06,0,,,,,
5681,0,0,0,0,0,0,0,-0.05,0,0,0.05,0,-0.05,0.05,0,,,,,
5691,0,0,0,0,0,0,0,-0.07,0,0,0.07,0,-0.07,0.07,0,,,,,
5701,0,0,0,0,0,0,0,-0.08,0,0,0.08,0,-0.08,0.08,0,,,,,
5711,0,0,0,0,0,0,0,-0.07,0,0,0.07,0,-0.07,0.07,0,,,,,
5721,0,0,0,0,0,0,0,-0.04,0,0,0.04,0,-0.04,0.04,0,,,,,
5731,0,0,0,0,0,0,0,-0.05,0,0,0.05,0,-0.05,0.05,0,,,,,
5741,0,0,0,0,0,0,0,-0.06,0,0,0.06,0,-0.06,0.06,0,,,,,
5751,0,0,0,0,0,0,0,-0.02,0,0,0.02,0,-0.02,0.02,0,,,,,
5761,0,0,0,0,0,0,0,-0.04,0,0,0.04,0,-0.04,0.04,0,,,,,
5771,0,0,0,0,0,0,0,-0.09,0,0,0.09,0,-0.09,0.09,0,,,,,
5781,0,0,0,0,0,0,0,-0.07,0,0,0.07,0,-0.07,0.07,0,,,,,
5791,0,0,0,0,0,0,0,-0.1,0,0,0.1,0,-0.1,0.1,0,,,,,
5801,0,0,0,0,0,0,0,-0.08,0,0,0.08,0,-0.08,0.08,0,,,,,
5811,0,0,0,0,0,0,0,-0.08,0,0,0.08,0,-0.08,0.08,0,,,,,
5821,0,0,0,0,0,0,0,-0.07,0,0,0.07,0,-0.07,0.07,0,,,,,
5831,0,0,0,0,0,0,0,-0.02,0,0,0.02,0,-0.02,0.02,0,,,,,
5841,0,0,0,0,0,0,0,-0.05,0,0,0.05,0,-0.05,0.05,0,,,,,
5851,0,0,0,0,0,0,0,-0.08,0,0,0.09,0,-0.08,0.09,0,,,,,
5861,0,0,0,0,0,0,0,-0.07,0,0,0.07,0,-0.07,0.07,0,,,,,
5871,0,0,0,0,0,0,0,-0.06,0,0,0.06,0,-0.06,0.06,0,,,,,
5881,0,0,0,0,0,0,-30.23,6.99,0,0,15.66,-4.44,-23.24,11.21,-12.03,,,,,
5891,0,0,0,0,0,0,-30.2,7.05,0,0,16.11,-4.53,-23.15,11.58,-11.57,,,,,
5901,0,0,0,0,0,0,-30.68,2.19,0,0,17.77,-4.08,-28.49,13.69,-14.8,,,,,
5911,0,0,0,0,0,0,-29.25,2.67,0,0,15.57,-4.27,-26.58,11.3,-15.28,,,,,
5921,0,0,0,0,0,0,-31.1,0.04,0,0,16.51,-4.4,-31.06,12.11,-18.95,,,,,
5931,0,0,0,0,0,0,-31.89,1.76,0,0,20.5,-4.49,-30.13,16.01,-14.12,,,,,
5941,0,0,0,0,0,0,-31.57,5.46,0,0,14.91,-4.43,-26.11,10.48,-15.63,,,,,
5951,0,0,0,0,0,0,-28.66,3.16,0,0,16.05,-4.17,-25.5,11.88,-13.61,,,,,
5961,0,0,0,0,0,0,-32.53,4.02,0,0,16.48,-4.36,-28.51,12.11,-16.4,,,,,
5971,0,0,0,0,0,0,0,-0.07,0,0,0.07,0,-0.07,0.07,0,,,,,
5981,0,0,0,0,0,0,-31.3,4.15,0,0,18.96,-4.06,-27.14,14.9,-12.25,,,,,
5991,0,0,0,0,0,0,-31.59,0.9,0,0,20.59,-4.28,-30.68,16.31,-14.38,,,,,
6001,0,0,0,0,0,0,-30.56,3.95,0,0,17.68,-4.11,-26.6,13.57,-13.03,,,,,
6011,0,0,0,0,0,0,-30.45,2.57,0,0,15.54,-4.25,-27.88,11.3,-16.58,,,,,
6021,0,0,0,0,0,0,-28,0.72,0,0,16.45,-4.16,-27.28,12.29,-14.98,,,,,
6031,0,0,0,0,0,0,-29.5,5.62,0,0,13.93,-4.19,-23.88,9.75,-14.14,,,,,
6041,0,0,0,0,0,0,-29.39,2.91,0,0,14.71,-3.89,-26.48,10.83,-15.65,,,,,
6051,0,0,0,0,0,0,0,-0.06,0,0,0.06,0,-0.06,0.06,0,,,,,
6061,0,0,0,0,0,0,-33.98,3.13,0,0,17.43,-4.19,-30.85,13.24,-17.61,,,,,
6071,0,0,0,0,0,0,-29,2.19,0,0,16.5,-4.06,-26.81,12.44,-14.37,,,,,
6081,0,0,0,0,0,0,-32.33,5.56,0,0,14.65,-4.08,-26.77,10.57,-16.2,,,,,
6091,0,0,0,0,0,0,-33.68,4.24,0,0,20.76,-4.13,-29.44,16.63,-12.8,,,,,
6101,0,0,0,0,0,0,-31.58,3.99,0,0,19.93,-4.14,-27.59,15.79,-11.8,,,,,
6111,0,0,0,0,0,0,-32.71,0.75,0,0,21.23,-4.12,-31.95,17.11,-14.85,,,,,
6121,0,0,0,0,0,0,-31.55,1.18,0,0,20.74,-4.16,-30.37,16.58,-13.79,,,,,
6131,0,0,0,0,0,0,0,-0.09,0,0,0.09,0,-0.09,0.09,0,,,,,
6141,0,0,0,0,0,0,0,-0.06,0,0,0.06,0,-0.06,0.06,0,,,,,
6151,0,0,0,0,0,0,0,-0.08,0,0,0.08,0,-0.08,0.08,0,,,,,
6161,0,0,0,0,0,0,0,-0.02,0,0,0.02,0,-0.02,0.02,0,,,,,
6171,0,0,0,0,0,0,-32.56,2.37,0,0,18.03,-4.47,-30.18,13.56,-16.62,,,,,
6181,0,0,0,0,0,0,-34.35,2.34,0,0,19.42,-4.36,-32.01,15.05,-16.95,,,,,
6191,0,0,0,0,0,0,0,-0.06,0,0,0.06,0,-0.06,0.06,0,,,,,
6201,0,0,0,0,0,0,0,-0.1,0,0,0.1,0,-0.1,0.1,0,,,,,
6211,0,0,0,0,0,0,0,-0.1,0,0,0.1,0,-0.1,0.1,0,,,,,
6221,0,0,0,0,0,0,0,-0.08,0,0,0.08,0,-0.08,0.08,0,,,,,
6231,0,0,0,0,0,0,0,-0.11,0,0,0.11,0,-0.11,0.11,0,,,,,
6241,0,0,0,0,0,0,0,-0.1,0,0,0.1,0,-0.1,0.1,0,,,,,
6251,0,0,0,0,0,0,0,-0.09,0,0,0.09,0,-0.09,0.09,0,,,,,
6261,0,0,0,0,0,0,0,-0.1,0,0,0.1,0,-0.1,0.1,0,,,,,
6271,0,0,0,0,0,0,0,-0.09,0,0,0.09,0,-0.09,0.09,0,,,,,
6281,0,0,0,0,0,0,0,-0.1,0,0,0.1,0,-0.1,0.1,0,,,,,
6291,0,0,0,0,0,0,0,-0.04,0,0,0.04,0,-0.04,0.04,0,,,,,
6301,0,0,0,0,0,0,0,-0.05,0,0,0.05,0,-0.05,0.05,0,,,,,
6311,0,0,0,0,0,0,0,-0.11,0,0,0.11,0,-0.11,0.11,0,,,,,
6321,0,0,0,0,0,0,0,-0.11,0,0,0.11,0,-0.11,0.11,0,,,,,
6331,0,0,0,0,0,0,0,-0.04,0,0,0.04,0,-0.04,0.04,0,,,,,
6341,0,0,0,0,0,0,0,-0.04,0,0,0.04,0,-0.04,0.04,0,,,,,
6351,0,0,0,0,0,0,0,-0.06,0,0,0.06,0,-0.06,0.06,0,,,,,
6361,0,0,0,0,0,0,0,-0.07,0,0,0.07,0,-0.07,0.07,0,,,,,
6371,0,0,0,0,0,0,0,-0.03,0,0,0.03,0,-0.03,0.03,0,,,,,
6381,0,0,0,0,0,0,0,-0.06,0,0,0.06,0,-0.06,0.06,0,,,,,
6391,0,0,0,0,0,0,0,-0.02,0,0,0.02,0,-0.02,0.02,0,,,,,
6401,0,0,0,0,0,0,0,0,0,0,0,0,0,0,0,,,,,
6411,0,0,0,0,0,0,0,-0.02,0,0,0.02,0,-0.02,0.02,0,,,,,
6421,0,0,0,0,0,0,0,-0.02,0,0,0.02,0,-0.02,0.02,0,,,,,
6431,0,0,0,0,0,0,0,-0.01,0,0,0.01,0,-0.01,0.01,0,,,,,
6441,0,0,0,0,0,0,0,-0.01,0,0,0.01,0,-0.01,0.01,0,,,,,
6451,0,0,0,0,0,0,0,0,0,0,0,0,0,0,0,,,,,
6461,0,0,0,0,0,0,0,-0.02,0,0,0.02,0,-0.02,0.02,0,,,,,
6471,0,0,0,0,0,0,0,0.01,0,0,-0.01,0,0.01,-0.01,0,,,,,
6481,0,0,0,0,0,0,0,0,0,0,0,0,0,0,0,,,,,
6491,0,0,0,0,0,0,0,0.01,0,0,-0.01,0,0.01,-0.01,0,,,,,
6501,0,0,0,0,0,0,0,-0.02,0,0,0.02,0,-0.02,0.02,0,,,,,
6511,0,0,0,0,0,0,0,0,0,0,0,0,0,0,0,,,,,
6521,0,0,0,0,0,0,0,-0.01,0,0,0.01,0,-0.01,0.01,0,,,,,
6531,0,0,0,0,0,0,0,0.01,0,0,-0.01,0,0.01,-0.01,0,,,,,
6541,0,0,0,0,0,0,0,-0.02,0,0,0.02,0,-0.02,0.02,0,,,,,
6551,0,0,0,0,0,0,0,0.01,0,0,-0.01,0,0.01,-0.01,0,,,,,
6561,0,0,0,0,0,0,0,-0.07,0,0,0.07,0,-0.07,0.07,0,,,,,
6571,0,0,0,0,0,0,0,-0.08,0,0,0.08,0,-0.08,0.08,0,,,,,
6581,0,0,0,0,0,0,0,-0.07,0,0,0.07,0,-0.07,0.07,0,,,,,
6591,0,0,0,0,0,0,0,-0.13,0,0,0.13,0,-0.13,0.13,0,,,,,
6601,0,0,0,0,0,0,0,-0.09,0,0,0.09,0,-0.09,0.09,0,,,,,
6611,0,0,0,0,0,0,0,-0.1,0,0,0.1,0,-0.1,0.1,0,,,,,
6621,0,0,0,0,0,0,0,-0.03,0,0,0.03,0,-0.03,0.03,0,,,,,
6631,0,0,0,0,0,0,0,0.01,0,0,-0.01,0,0.01,-0.01,0,,,,,
6641,0,0,0,0,0,0,0,0.03,0,0,-0.03,0,0.03,-0.03,0,,,,,
6651,0,0,0,0,0,0,0,0.01,0,0,-0.01,0,0.01,-0.01,0,,,,,
6661,0,0,0,0,0,0,-32.91,5.3,0,0,18.08,-4.55,-27.61,13.53,-14.07,,,,,
6671,0,0,0,0,0,0,-30.49,4.51,0,0,18.39,-4.54,-25.98,13.85,-12.12,,,,,
6681,0,0,0,0,0,0,0,-0.03,0,0,0.03,0,-0.03,0.03,0,,,,,
6691,0,0,0,0,0,0,0,0.01,0,0,-0.01,0,0.01,-0.01,0,,,,,
6701,0,0,0,0,0,0,0,0,0,0,0,0,0,0,0,,,,,
6711,0,0,0,0,0,0,0,-0.04,0,0,0.04,0,-0.04,0.04,0,,,,,
6721,0,0,0,0,0,0,0,-0.02,0,0,0.02,0,-0.02,0.02,0,,,,,
6731,0,0,0,0,0,0,0,-0.04,0,0,0.04,0,-0.04,0.04,0,,,,,
6741,0,0,0,0,0,0,0,-0.01,0,0,0.01,0,-0.01,0.01,0,,,,,
6751,0,0,0,0,0,0,0,-0.02,0,0,0.02,0,-0.02,0.02,0,,,,,
6761,0,0,0,0,0,0,0,-0.01,0,0,0.01,0,-0.01,0.01,0,,,,,
6771,0,0,0,0,0,0,0,-0.03,0,0,0.03,0,-0.03,0.03,0,,,,,
6781,0,0,0,0,0,0,0,-0.09,0,0,0.09,0,-0.09,0.09,0,,,,,
6791,0,0,0,0,0,0,0,-0.12,0,0,0.12,0,-0.12,0.12,0,,,,,
6801,0,0,0,0,0,0,0,-0.08,0,0,0.08,0,-0.08,0.08,0,,,,,
6811,0,0,0,0,0,0,0,-0.03,0,0,0.03,0,-0.03,0.03,0,,,,,
6821,0,0,0,0,0,0,0,-0.02,0,0,0.02,0,-0.02,0.02,0,,,,,
6831,0,0,0,0,0,0,0,-0.08,0,0,0.08,0,-0.08,0.08,0,,,,,
6841,0,0,0,0,0,0,0,-0.08,0,0,0.08,0,-0.08,0.08,0,,,,,
6851,0,0,0,0,0,0,0,-0.11,0,0,0.11,0,-0.11,0.11,0,,,,,
6861,0,0,0,0,0,0,0,-0.12,0,0,0.12,0,-0.12,0.12,0,,,,,
6871,0,0,0,0,0,0,0,-0.12,0,0,0.12,0,-0.12,0.12,0,,,,,
6881,0,0,0,0,0,0,0,-0.05,0,0,0.05,0,-0.05,0.05,0,,,,,
6891,0,0,0,0,0,0,0,-0.08,0,0,0.08,0,-0.08,0.08,0,,,,,
6901,0,0,0,0,0,0,0,-0.1,0,0,0.1,0,-0.1,0.1,0,,,,,
6911,0,0,0,0,0,0,0,-0.08,0,0,0.08,0,-0.08,0.08,0,,,,,
6921,0,0,0,0,0,0,0,-0.09,0,0,0.09,0,-0.09,0.09,0,,,,,
6931,0,0,0,0,0,0,0,-0.13,0,0,0.13,0,-0.13,0.13,0,,,,,
6941,0,0,0,0,0,0,0,-0.12,0,0,0.12,0,-0.12,0.12,0,,,,,
6951,0,0,0,0,0,0,0,-0.08,0,0,0.08,0,-0.08,0.08,0,,,,,
6961,0,0,0,0,0,0,0,-0.06,0,0,0.06,0,-0.06,0.06,0,,,,,
6971,0,0,0,0,0,0,0,-0.07,0,0,0.07,0,-0.07,0.07,0,,,,,
6981,0,0,0,0,0,0,0,-0.1,0,0,0.1,0,-0.1,0.1,0,,,,,
6991,0,0,0,0,0,0,0,-0.1,0,0,0.1,0,-0.1,0.1,0,,,,,
7001,0,0,0,0,0,0,0,-0.11,0,0,0.11,0,-0.11,0.11,0,,,,,
7011,0,0,0,0,0,0,0,-0.09,0,0,0.09,0,-0.09,0.09,0,,,,,
7021,0,0,0,0,0,0,0,-0.14,0,0,0.14,0,-0.14,0.14,0,,,,,
7031,0,0,0,0,0,0,0,-0.08,0,0,0.08,0,-0.08,0.08,0,,,,,
7041,0,0,0,0,0,0,0,-0.14,0,0,0.14,0,-0.14,0.14,0,,,,,
7051,0,0,0,0,0,0,0,-0.14,0,0,0.14,0,-0.14,0.14,0,,,,,
7061,0,0,0,0,0,0,0,-0.15,0,0,0.15,0,-0.15,0.15,0,,,,,
7071,0,0,0,0,0,0,0,-0.17,0,0,0.17,0,-0.17,0.17,0,,,,,
7081,0,0,0,0,0,0,0,-0.11,0,0,0.11,0,-0.11,0.11,0,,,,,
7091,0,0,0,0,0,0,0,-0.13,0,0,0.13,0,-0.13,0.13,0,,,,,
7101,0,0,0,0,0,0,0,-0.1,0,0,0.1,0,-0.1,0.1,0,,,,,
7111,0,0,0,0,0,0,0,-0.13,0,0,0.13,0,-0.13,0.13,0,,,,,
7121,0,0,0,0,0,0,0,-0.11,0,0,0.11,0,-0.11,0.11,0,,,,,
7131,0,0,0,0,0,0,0,-0.16,0,0,0.16,0,-0.16,0.16,0,,,,,
7141,0,0,0,0,0,0,0,-0.13,0,0,0.13,0,-0.13,0.13,0,,,,,
7151,0,0,0,0,0,0,0,-0.12,0,0,0.12,0,-0.12,0.12,0,,,,,
7161,0,0,0,0,0,0,0,-0.15,0,0,0.15,0,-0.15,0.15,0,,,,,
7171,0,0,0,0,0,0,0,-0.14,0,0,0.14,0,-0.14,0.14,0,,,,,
7181,0,0,0,0,0,0,0,-0.13,0,0,0.13,0,-0.13,0.13,0,,,,,
7191,0,0,0,0,0,0,0,-0.15,0,0,0.15,0,-0.15,0.15,0,,,,,
7201,0,0,0,0,0,0,0,-0.11,0,0,0.11,0,-0.11,0.11,0,,,,,
7211,0,0,0,0,0,0,0,-0.14,0,0,0.14,0,-0.14,0.14,0,,,,,
7221,0,0,0,0,0,0,0,-0.17,0,0,0.17,0,-0.17,0.17,0,,,,,
7231,0,0,0,0,0,0,0,-0.12,0,0,0.12,0,-0.12,0.12,0,,,,,
7241,0,0,0,0,0,0,0,-0.14,0,0,0.14,0,-0.14,0.14,0,,,,,
7251,0,0,0,0,0,0,0,-0.12,0,0,0.12,0,-0.12,0.12,0,,,,,
7261,0,0,0,0,0,0,0,-0.16,0,0,0.16,0,-0.16,0.16,0,,,,,
7271,0,0,0,0,0,0,0,-0.12,0,0,0.12,0,-0.12,0.12,0,,,,,
7281,0,0,0,0,0,0,0,-0.14,0,0,0.14,0,-0.14,0.14,0,,,,,
7291,0,0,0,0,0,0,0,-0.14,0,0,0.14,0,-0.14,0.14,0,,,,,
7301,0,0,0,0,0,0,0,-0.1,0,0,0.1,0,-0.1,0.1,0,,,,,
7311,0,0,0,0,0,0,0,-0.1,0,0,0.1,0,-0.1,0.1,0,,,,,
7321,0,0,0,0,0,0,0,-0.09,0,0,0.09,0,-0.09,0.09,0,,,,,
7331,0,0,0,0,0,0,0,-0.1,0,0,0.1,0,-0.1,0.1,0,,,,,
7341,0,0,0,0,0,0,0,-0.11,0,0,0.11,0,-0.11,0.11,0,,,,,
7351,0,0,0,0,0,0,0,-0.1,0,0,0.1,0,-0.1,0.1,0,,,,,
7361,0,0,0,0,0,0,0,-0.1,0,0,0.1,0,-0.1,0.1,0,,,,,
7371,0,0,0,0,0,0,0,-0.13,0,0,0.13,0,-0.13,0.13,0,,,,,
7381,0,0,0,0,0,0,0,-0.1,0,0,0.1,0,-0.1,0.1,0,,,,,
7391,0,0,0,0,0,0,0,-0.15,0,0,0.15,0,-0.15,0.15,0,,,,,
7401,0,0,0,0,0,0,0,-0.12,0,0,0.12,0,-0.12,0.12,0,,,,,
7411,0,0,0,0,0,0,0,-0.12,0,0,0.12,0,-0.12,0.12,0,,,,,
7421,0,0,0,0,0,0,0,-0.09,0,0,0.09,0,-0.09,0.09,0,,,,,
7431,0,0,0,0,0,0,0,-0.12,0,0,0.12,0,-0.12,0.12,0,,,,,
7441,0,0,0,0,0,0,0,-0.07,0,0,0.07,0,-0.07,0.07,0,,,,,
7451,0,0,0,0,0,0,0,-0.09,0,0,0.09,0,-0.09,0.09,0,,,,,
7461,0,0,0,0,0,0,0,-0.07,0,0,0.07,0,-0.07,0.07,0,,,,,
7471,0,0,0,0,0,0,0,-0.08,0,0,0.08,0,-0.08,0.08,0,,,,,
7481,0,0,0,0,0,0,0,-0.08,0,0,0.08,0,-0.08,0.08,0,,,,,
7491,0,0,0,0,0,0,0,-0.06,0,0,0.06,0,-0.06,0.06,0,,,,,
7501,0,0,0,0,0,0,0,-0.09,0,0,0.09,0,-0.09,0.09,0,,,,,
7511,0,0,0,0,0,0,0,-0.08,0,0,0.08,0,-0.08,0.08,0,,,,,
7521,0,0,0,0,0,0,0,-0.07,0,0,0.07,0,-0.07,0.07,0,,,,,
7531,0,0,0,0,0,0,0,-0.06,0,0,0.06,0,-0.06,0.06,0,,,,,
7541,0,0,0,0,0,0,0,-0.06,0,0,0.06,0,-0.06,0.06,0,,,,,
7551,0,0,0,0,0,0,0,-0.07,0,0,0.07,0,-0.07,0.07,0,,,,,
7561,0,0,0,0,0,0,0,-0.08,0,0,0.08,0,-0.08,0.08,0,,,,,
7571,0,0,0,0,0,0,0,-0.06,0,0,0.06,0,-0.06,0.06,0,,,,,
7581,0,0,0,0,0,0,0,-0.05,0,0,0.05,0,-0.05,0.05,0,,,,,
7591,0,0,0,0,0,0,-35.04,2.76,0,0,16.68,-4.59,-32.27,12.1,-20.18,,,,,
7601,0,0,0,0,0,0,0,-0.04,0,0,0.04,0,-0.04,0.04,0,,,,,
7611,0,0,0,0,0,0,-29.87,3.75,0,0,16.61,-4.18,-26.12,12.43,-13.69,,,,,
7621,0,0,0,0,0,0,-32.12,5.05,0,0,16.48,-4.43,-27.07,12.06,-15.01,,,,,
7631,0,0,0,0,0,0,-32.66,2.55,0,0,17.15,-4.39,-30.11,12.76,-17.34,,,,,
7641,0,0,0,0,0,0,-32.43,1.98,0,0,16.88,-4.52,-30.45,12.36,-18.09,,,,,
7651,0,0,0,0,0,0,-32.28,5.01,0,0,17.29,-4.88,-27.27,12.41,-14.86,,,,,
7661,0,0,0,0,0,0,-34,4.01,0,0,16.82,-4.58,-29.99,12.24,-17.75,,,,,
7671,0,0,0,0,0,0,-34.03,5.81,0,0,16.11,-4.82,-28.22,11.29,-16.93,,,,,
7681,0,0,0,0,0,0,-34.29,1.9,0,0,18.56,-4.87,-32.39,13.68,-18.71,,,,,
7691,0,0,0,0,0,0,-30.32,6.57,0,0,15.78,-4.48,-23.75,11.3,-12.45,,,,,
7701,0,0,0,0,0,0,-33.02,6.75,0,0,15.41,-4.7,-26.26,10.71,-15.55,,,,,
7711,0,0,0,0,0,0,-30.2,4.32,0,0,14.66,-4.36,-25.88,10.29,-15.59,,,,,
7721,0,0,0,0,0,0,-31.02,6.32,0,0,13.2,-4.51,-24.7,8.69,-16.01,,,,,
7731,0,0,0,0,0,0,-33.27,3.24,0,0,16.76,-4.75,-30.04,12.01,-18.03,,,,,
7741,0,0,0,0,0,0,-33.25,2.46,0,0,16.01,-4.49,-30.79,11.53,-19.27,,,,,
7751,0,0,0,0,0,0,-31.2,1.13,0,0,16.19,-4.51,-30.08,11.69,-18.39,,,,,
7761,0,0,0,0,0,0,-35.61,0.14,0,0,19.06,-4.69,-35.47,14.38,-21.09,,,,,
7771,0,0,0,0,0,0,-33.02,4.22,0,0,16.48,-4.65,-28.81,11.83,-16.98,,,,,
7781,0,0,0,0,0,0,-33.64,6.2,0,0,14.88,-4.68,-27.44,10.2,-17.24,,,,,
7791,0,0,0,0,0,0,-31.79,5.22,0,0,17.27,-4.66,-26.58,12.62,-13.96,,,,,
7801,0,0,0,0,0,0,-32.5,3.86,0,0,15.32,-4.24,-28.64,11.08,-17.55,,,,,
7811,0,0,0,0,0,0,-32.27,3.04,0,0,15.41,-4.53,-29.23,10.89,-18.34,,,,,
7821,0,0,0,0,0,0,-31.21,4.47,0,0,15.99,-4.43,-26.73,11.56,-15.18,,,,,
7831,0,0,0,0,0,0,-29.84,4.54,0,0,16.55,-4.57,-25.3,11.97,-13.33,,,,,
7841,0,0,0,0,0,0,-30.2,3.6,0,0,17.34,-4.32,-26.6,13.01,-13.59,,,,,
7851,0,0,0,0,0,0,-27.26,1.47,0,0,17.23,-4.49,-25.79,12.74,-13.05,,,,,
7861,0,0,0,0,0,0,-29.47,1.75,0,0,17.83,-4.38,-27.72,13.45,-14.27,,,,,
7871,0,0,0,0,0,0,-32.1,2.16,0,0,17.69,-4.73,-29.94,12.96,-16.98,,,,,
7881,0,0,0,0,0,0,-33.21,2.32,0,0,18.67,-4.4,-30.89,14.27,-16.62,,,,,
7891,0,0,0,0,0,0,-31.31,2.45,0,0,15.89,-4.56,-28.86,11.33,-17.53,,,,,
7901,0,0,0,0,0,0,-29.61,4.89,0,0,15.74,-4.47,-24.73,11.27,-13.46,,,,,
7911,0,0,0,0,0,0,-31.78,2.09,0,0,17.06,-4.43,-29.69,12.63,-17.06,,,,,
7921,0,0,0,0,0,0,-33.13,4.1,0,0,15.06,-4.89,-29.02,10.18,-18.85,,,,,
7931,0,0,0,0,0,0,-32.67,3.55,0,0,16.15,-4.73,-29.12,11.42,-17.69,,,,,
7941,0,0,0,0,0,0,-31.4,2.07,0,0,16.58,-4.36,-29.34,12.22,-17.12,,,,,
7951,0,0,0,0,0,0,-30.82,4.24,0,0,15.21,-4.41,-26.58,10.8,-15.78,,,,,
7961,0,0,0,0,0,0,-28.37,-1.35,0,0,17.45,-4.4,-29.72,13.05,-16.67,,,,,
7971,0,0,0,0,0,0,-25,2.91,0,0,17.1,-4.61,-22.09,12.48,-9.61,,,,,
7981,0,0,0,0,0,0,-29.54,5.03,0,0,17.89,-4.69,-24.51,13.19,-11.32,,,,,
7991,0,0,0,0,0,0,-25.86,1.36,0,0,14.71,-3.94,-24.5,10.78,-13.72,,,,,
8001,0,0,0,0,0,0,-29.17,-0.12,0,0,16.85,-4.21,-29.29,12.64,-16.65,,,,,
8011,0,0,0,0,0,0,-31.12,1.05,0,0,15.37,-4.24,-30.07,11.13,-18.93,,,,,
8021,0,0,0,0,0,0,-29.6,1.38,0,0,16.52,-4.35,-28.22,12.16,-16.05,,,,,
8031,0,0,0,0,0,0,-29.24,4.81,0,0,13.43,-4.1,-24.42,9.33,-15.1,,,,,
8041,0,0,0,0,0,0,-32.22,4.46,0,0,13.16,-4.26,-27.76,8.9,-18.86,,,,,
8051,0,0,0,0,0,0,-30.39,2.39,0,0,15.98,-4.23,-28,11.75,-16.25,,,,,
8061,0,0,0,0,0,0,-31.85,3.85,0,0,14.63,-4.44,-28,10.19,-17.81,,,,,
8071,0,0,0,0,0,0,-34.01,5.5,0,0,15.72,-4.51,-28.5,11.21,-17.3,,,,,
8081,0,0,0,0,0,0,-29.51,5.96,0,0,13.78,-4.3,-23.55,9.48,-14.06,,,,,
8091,0,0,0,0,0,0,-27.18,3.96,0,0,16.21,-3.77,-23.23,12.44,-10.78,,,,,
8101,0,0,0,0,0,0,-27.8,-0.15,0,0,19.89,-3.95,-27.95,15.94,-12.01,,,,,
8111,0,0,0,0,0,0,-28.39,4.87,0,0,15.05,-3.94,-23.52,11.1,-12.42,,,,,
8121,0,0,0,0,0,0,-28.98,1.72,0,0,19.58,-3.99,-27.26,15.6,-11.67,,,,,
8131,0,0,0,0,0,0,-28.95,1.96,0,0,17.61,-3.89,-26.99,13.72,-13.27,,,,,
8141,0,0,0,0,0,0,-29.82,-0.13,0,0,19.48,-3.97,-29.95,15.52,-14.43,,,,,
8151,0,0,0,0,0,0,-28.41,2.81,0,0,17.22,-4,-25.6,13.23,-12.37,,,,,
8161,0,0,0,0,0,0,-31.48,3.58,0,0,14.43,-4.19,-27.89,10.24,-17.65,,,,,
8171,0,0,0,0,0,0,-30.86,0.35,0,0,17.75,-3.9,-30.52,13.85,-16.66,,,,,
8181,0,0,0,0,0,0,-32.06,2.06,0,0,18.81,-4.14,-30,14.66,-15.34,,,,,
8191,0,0,0,0,0,0,-32.24,1.11,0,0,19.14,-4.23,-31.13,14.91,-16.22,,,,,
8201,0,0,0,0,0,0,-29.91,-0.25,0,0,18.99,-4.11,-30.16,14.87,-15.29,,,,,
8211,0,0,0,0,0,0,-30.45,3.99,0,0,16.51,-4.02,-26.47,12.49,-13.98,,,,,
8221,0,0,0,0,0,0,-32.49,1.78,0,0,17.21,-4.23,-30.71,12.98,-17.73,,,,,
8231,0,0,0,0,0,0,-33.14,0.86,0,0,20.71,-4.39,-32.28,16.32,-15.96,,,,,
8241,0,0,0,0,0,0,-31.34,1.2,0,0,17.17,-4.09,-30.13,13.08,-17.05,,,,,
8251,0,0,0,0,0,0,-32.29,-0.62,0,0,20.81,-4.26,-32.92,16.55,-16.36,,,,,
8261,0,0,0,0,0,0,-30.83,2.15,0,0,17.92,-4.3,-28.68,13.63,-15.05,,,,,
8271,0,0,0,0,0,0,-29.8,-1.72,0,0,19.74,-4.09,-31.51,15.65,-15.86,,,,,
8281,0,0,0,0,0,0,-32.33,0.6,0,0,17.41,-4,-31.73,13.41,-18.32,,,,,
8291,0,0,0,0,0,0,-29.75,2.19,0,0,15.46,-3.95,-27.56,11.52,-16.04,,,,,
8301,0,0,0,0,0,0,-31.73,2.15,0,0,16.04,-4.17,-29.58,11.87,-17.71,,,,,
8311,0,0,0,0,0,0,-27.01,-0.01,0,0,17.76,-4.1,-27.01,13.67,-13.35,,,,,
8321,0,0,0,0,0,0,-34.08,1.49,0,0,20.42,-4.49,-32.59,15.92,-16.67,,,,,
8331,0,0,0,0,0,0,-32.23,-0.9,0,0,20.37,-4.47,-33.13,15.9,-17.23,,,,,
8341,0,0,0,0,0,0,-34.69,0.74,0,0,18.26,-4.51,-33.95,13.75,-20.2,,,,,
8351,0,0,0,0,0,0,-33.04,-7.04,0,0,24.01,-4.6,-40.08,19.41,-20.67,,,,,
8361,0,0,0,0,0,0,-32.23,3.42,0,0,16.61,-4.54,-28.81,12.07,-16.74,,,,,
8371,0,0,0,0,0,0,-29.86,3.68,0,0,15.88,-4.2,-26.18,11.68,-14.5,,,,,
8381,0,0,0,0,0,0,-29.44,-0.83,0,0,20.82,-4.14,-30.27,16.68,-13.59,,,,,
8391,0,0,0,0,0,0,-29.93,1.69,0,0,17.13,-3.96,-28.25,13.17,-15.07,,,,,
8401,0,0,0,0,0,0,-33.02,1.46,0,0,19.8,-4.28,-31.56,15.52,-16.03,,,,,
8411,0,0,0,0,0,0,-29.63,-1.06,0,0,19.65,-4.15,-30.69,15.5,-15.19,,,,,
8421,0,0,0,0,0,0,-31.16,1.41,0,0,18.86,-4.4,-29.75,14.46,-15.28,,,,,
8431,0,0,0,0,0,0,-33.45,2.64,0,0,18.16,-4.52,-30.81,13.64,-17.17,,,,,
8441,0,0,0,0,0,0,-30.85,0.74,0,0,17.95,-4.13,-30.1,13.83,-16.28,,,,,
8451,0,0,0,0,0,0,-28.91,1.55,0,0,15.17,-3.86,-27.36,11.31,-16.05,,,,,
8461,0,0,0,0,0,0,-28.73,0.54,0,0,16.16,-4.15,-28.19,12,-16.18,,,,,
8471,0,0,0,0,0,0,-27.4,0.6,0,0,15.24,-4,-26.8,11.23,-15.57,,,,,
8481,0,0,0,0,0,0,-30.76,0.66,0,0,18.91,-4.26,-30.1,14.65,-15.45,,,,,
8491,0,0,0,0,0,0,-31,1.13,0,0,18.25,-4.24,-29.87,14.02,-15.86,,,,,
8501,0,0,0,0,0,0,-31.53,0.33,0,0,17.9,-4.32,-31.2,13.58,-17.62,,,,,
8511,0,0,0,0,0,0,-28.79,3.28,0,0,13.9,-3.82,-25.51,10.08,-15.44,,,,,
8521,0,0,0,0,0,0,-29.74,2.43,0,0,16.86,-4.21,-27.31,12.65,-14.66,,,,,
8531,0,0,0,0,0,0,-26.06,1.38,0,0,14.8,-3.75,-24.69,11.05,-13.63,,,,,
8541,0,0,0,0,0,0,-29.08,2.79,0,0,14.23,-4.02,-26.29,10.21,-16.08,,,,,
8551,0,0,0,0,0,0,-30.28,4.64,0,0,15.54,-4.27,-25.64,11.27,-14.37,,,,,
8561,0,0,0,0,0,0,-27.82,0.95,0,0,18.86,-4.35,-26.88,14.51,-12.37,,,,,
8571,0,0,0,0,0,0,-32.42,2.49,0,0,19.89,-4.25,-29.93,15.64,-14.29,,,,,
8581,0,0,0,0,0,0,-28.86,-1.59,0,0,19.31,-4.01,-30.45,15.31,-15.14,,,,,
8591,0,0,0,0,0,0,-30.49,4.24,0,0,15.24,-3.77,-26.26,11.46,-14.79,,,,,
8601,0,0,0,0,0,0,-29.08,4.67,0,0,13.49,-3.75,-24.41,9.74,-14.67,,,,,
8611,0,0,0,0,0,0,-28.41,1.31,0,0,15.66,-3.62,-27.11,12.04,-15.07,,,,,
8621,0,0,0,0,0,0,-30.72,-1.48,0,0,19.4,-4.13,-32.2,15.27,-16.93,,,,,
8631,0,0,0,0,0,0,-26.31,1.51,0,0,16.24,-3.38,-24.8,12.86,-11.94,,,,,
8641,0,0,0,0,0,0,-29.07,1.54,0,0,18.29,-3.8,-27.53,14.49,-13.04,,,,,
8651,0,0,0,0,0,0,-26.76,2.36,0,0,13.8,-3.34,-24.4,10.46,-13.94,,,,,
8661,0,0,0,0,0,0,-30.34,-4.58,0,0,20.66,-3.94,-34.92,16.72,-18.2,,,,,
8671,0,0,0,0,0,0,-27.73,-1.09,0,0,17.33,-3.7,-28.82,13.62,-15.2,,,,,
8681,0,0,0,0,0,0,-24.53,-1.71,0,0,17.2,-3.43,-26.25,13.76,-12.48,,,,,
8691,0,0,0,0,0,0,-31.04,-1.17,0,0,18.28,-4.02,-32.22,14.26,-17.96,,,,,
8701,0,0,0,0,0,0,-31.64,-0.66,0,0,17.9,-3.93,-32.3,13.96,-18.34,,,,,
8711,0,0,0,0,0,0,-29.56,1.91,0,0,16.85,-3.93,-27.65,12.92,-14.73,,,,,
8721,0,0,0,0,0,0,-29.55,2.65,0,0,15.3,-3.73,-26.89,11.57,-15.32,,,,,
8731,0,0,0,0,0,0,-30.18,1.83,0,0,17.85,-4.19,-28.35,13.66,-14.69,,,,,
8741,0,0,0,0,0,0,-31.43,-0.56,0,0,17.03,-3.99,-31.99,13.04,-18.94,,,,,
8751,0,0,0,0,0,0,-26.77,1.09,0,0,16.45,-3.8,-25.68,12.64,-13.04,,,,,
8761,0,0,0,0,0,0,-25.54,-6.16,0,0,21.74,-3.59,-31.7,18.15,-13.55,,,,,
8771,0,0,0,0,0,0,-27.35,2.14,0,0,13.85,-3.49,-25.21,10.37,-14.85,,,,,
8781,0,0,0,0,0,0,-28.52,4.24,0,0,12.22,-3.79,-24.28,8.44,-15.84,,,,,
8791,0,0,0,0,0,0,-32.28,1.86,0,0,18.23,-4.14,-30.42,14.09,-16.33,,,,,
8801,0,0,0,0,0,0,-28.48,-1.38,0,0,17.72,-3.53,-29.85,14.18,-15.67,,,,,
8811,0,0,0,0,0,0,-27.66,1.77,0,0,15.68,-3.48,-25.88,12.21,-13.68,,,,,
8821,0,0,0,0,0,0,-29.23,2.1,0,0,15.22,-3.87,-27.13,11.35,-15.78,,,,,
8831,0,0,0,0,0,0,-29.91,1.3,0,0,16.43,-3.91,-28.61,12.53,-16.09,,,,,
8841,0,0,0,0,0,0,-30.09,2.47,0,0,14.59,-3.73,-27.62,10.85,-16.77,,,,,
8851,0,0,0,0,0,0,-29.17,3.7,0,0,16.23,-3.83,-25.47,12.4,-13.07,,,,,
8861,0,0,0,0,0,0,-28.22,3.98,0,0,13.86,-3.49,-24.24,10.37,-13.87,,,,,
8871,0,0,0,0,0,0,-25.82,0.18,0,0,16.5,-3.54,-25.63,12.96,-12.67,,,,,
8881,0,0,0,0,0,0,-26.13,-0.49,0,0,15.5,-3.48,-26.62,12.01,-14.6,,,,,
8891,0,0,0,0,0,0,-28.36,3.74,0,0,12.43,-3.46,-24.62,8.97,-15.65,,,,,
8901,0,0,0,0,0,0,-28.71,0.22,0,0,16.9,-3.67,-28.49,13.22,-15.27,,,,,
8911,0,0,0,0,0,0,-27.2,-0.35,0,0,15.55,-3.39,-27.55,12.16,-15.39,,,,,
8921,0,0,0,0,0,0,-26.54,0.85,0,0,14.07,-3.27,-25.69,10.79,-14.9,,,,,
8931,0,0,0,0,0,0,-26.5,-0.96,0,0,16.79,-3.74,-27.45,13.05,-14.4,,,,,
8941,0,0,0,0,0,0,-25.64,0.51,0,0,16.09,-3.49,-25.13,12.6,-12.54,,,,,
8951,0,0,0,0,0,0,-26.93,3.56,0,0,12.65,-3.54,-23.36,9.11,-14.26,,,,,
8961,0,0,0,0,0,0,-27.98,0.27,0,0,15.1,-3.45,-27.72,11.66,-16.06,,,,,
8971,0,0,0,0,0,0,-26.2,0.79,0,0,15.25,-3.43,-25.41,11.82,-13.58,,,,,
8981,0,0,0,0,0,0,-27.62,0.75,0,0,16.4,-3.86,-26.88,12.55,-14.33,,,,,
8991,0,0,0,0,0,0,-29.32,-0.07,0,0,18.78,-3.9,-29.39,14.87,-14.52,,,,,
9001,0,0,0,0,0,0,-28.55,2.12,0,0,16.43,-3.8,-26.43,12.63,-13.8,,,,,
9011,0,0,0,0,0,0,-28.12,1.66,0,0,15.73,-3.88,-26.47,11.85,-14.61,,,,,
9021,0,0,0,0,0,0,-28.1,0.5,0,0,17.18,-3.5,-27.6,13.68,-13.92,,,,,
9031,0,0,0,0,0,0,-25.09,-0.27,0,0,16.59,-3.42,-25.37,13.16,-12.2,,,,,
9041,0,0,0,0,0,0,-25.43,-1.36,0,0,14.87,-3.79,-26.79,11.09,-15.71,,,,,
9051,0,0,0,0,0,0,-27.83,1.08,0,0,12.63,-3.52,-26.74,9.11,-17.63,,,,,
9061,0,0,0,0,0,0,-31.78,-0.53,0,0,16.14,-3.97,-32.31,12.17,-20.15,,,,,
9071,0,0,0,0,0,0,-25.71,-0.63,0,0,15.01,-3.79,-26.34,11.22,-15.12,,,,,
9081,0,0,0,0,0,0,-28.26,2.15,0,0,13.58,-3.79,-26.11,9.79,-16.32,,,,,
9091,0,0,0,0,0,0,-28.17,3.4,0,0,11.82,-3.75,-24.77,8.07,-16.71,,,,,
9101,0,0,0,0,0,0,-30.61,1.29,0,0,13.08,-3.87,-29.32,9.21,-20.12,,,,,
9111,0,0,0,0,0,0,-28.78,1.62,0,0,13.95,-3.82,-27.16,10.13,-17.03,,,,,
9121,0,0,0,0,0,0,-24.23,1.52,0,0,12.96,-3.55,-22.71,9.4,-13.31,,,,,
9131,0,0,0,0,0,0,-28.63,0.3,0,0,13.89,-3.61,-28.32,10.27,-18.05,,,,,
9141,0,0,0,0,0,0,-26.9,-0.83,0,0,14.68,-3.61,-27.73,11.08,-16.65,,,,,
9151,0,0,0,0,0,0,-29.76,0.8,0,0,14.71,-3.77,-28.96,10.95,-18.01,,,,,
9161,0,0,0,0,0,0,-32.4,1.1,0,0,14.94,-3.95,-31.3,10.99,-20.32,,,,,
9171,0,0,0,0,0,0,-28.56,0.8,0,0,14.45,-3.81,-27.77,10.64,-17.13,,,,,
9181,0,0,0,0,0,0,-32.66,1.55,0,0,13.81,-4.05,-31.12,9.76,-21.35,,,,,
9191,0,0,0,0,0,0,-27.26,2.76,0,0,10.37,-3.32,-24.5,7.05,-17.45,,,,,
9201,0,0,0,0,0,0,-25.9,1.51,0,0,11.78,-3.23,-24.39,8.55,-15.84,,,,,
9211,0,0,0,0,0,0,-32.28,1.46,0,0,12.72,-4.03,-30.82,8.69,-22.13,,,,,
9221,0,0,0,0,0,0,-29.43,5.6,0,0,11.51,-3.71,-23.83,7.8,-16.03,,,,,
9231,0,0,0,0,0,0,-31.19,4.76,0,0,11.73,-3.94,-26.44,7.8,-18.64,,,,,
9241,0,0,0,0,0,0,-31.16,4.8,0,0,12.11,-4.03,-26.36,8.09,-18.27,,,,,
9251,0,0,0,0,0,0,-28.39,4.63,0,0,11.1,-3.87,-23.76,7.23,-16.52,,,,,
9261,0,0,0,0,0,0,-33.28,3.9,0,0,15.08,-4.61,-29.38,10.47,-18.91,,,,,
9271,0,0,0,0,0,0,-30.49,5.05,0,0,11.68,-4.3,-25.44,7.38,-18.05,,,,,
9281,0,0,0,0,0,0,-32.95,2.51,0,0,14.64,-4.43,-30.44,10.22,-20.22,,,,,
9291,0,0,0,0,0,0,-29.13,2.3,0,0,15.16,-4.18,-26.82,10.98,-15.85,,,,,
9301,0,0,0,0,0,0,-32.6,5.02,0,0,15.79,-4.3,-27.58,11.5,-16.08,,,,,
9311,0,0,0,0,0,0,-33.56,5.82,0,0,13.73,-4.4,-27.73,9.33,-18.4,,,,,
9321,0,0,0,0,0,0,-36.29,5.41,0,0,13.97,-4.54,-30.88,9.43,-21.45,,,,,
9331,0,0,0,0,0,0,-31.53,4.8,0,0,13.08,-4.26,-26.73,8.82,-17.91,,,,,
9341,0,0,0,0,0,0,-27.44,2.37,0,0,13.58,-4.15,-25.07,9.44,-15.64,,,,,
9351,0,0,0,0,0,0,-31.29,4.59,0,0,13.25,-3.94,-26.7,9.32,-17.38,,,,,
9361,0,0,0,0,0,0,-32.84,7.9,0,0,10.15,-4.35,-24.94,5.81,-19.13,,,,,
9371,0,0,0,0,0,0,-36.02,9.5,0,0,11.27,-4.56,-26.53,6.71,-19.82,,,,,
9381,0,0,0,0,0,0,-29.86,8.58,0,0,12.06,-4.08,-21.28,7.98,-13.3,,,,,
9391,0,0,0,0,0,0,-32.94,9.98,0,0,9.45,-4.31,-22.96,5.13,-17.82,,,,,
9401,0,0,0,0,0,0,-29.96,4.77,0,0,11.05,-4.09,-25.19,6.96,-18.23,,,,,
9411,0,0,0,0,0,0,-33.34,-1.72,0,0,15.56,-4.47,-35.06,11.09,-23.97,,,,,
9421,0,0,0,0,0,0,-26.93,10.25,0,0,8.6,-4.12,-16.68,4.48,-12.2,,,,,
9431,0,0,0,0,0,0,-29.72,5.22,0,0,11.25,-3.96,-24.5,7.29,-17.21,,,,,
9441,0,0,0,0,0,0,-27.35,4.8,0,0,12.1,-3.85,-22.56,8.25,-14.31,,,,,
9451,0,0,0,0,0,0,-31.64,3.88,0,0,14.02,-4,-27.76,10.02,-17.74,,,,,
9461,0,0,0,0,0,0,-30.16,5.02,0,0,14.1,-4.07,-25.14,10.03,-15.12,,,,,
9471,0,0,0,0,0,0,-27.09,6.11,0,0,10.16,-3.67,-20.98,6.49,-14.5,,,,,
9481,0,0,0,0,0,0,-26.27,4.25,0,0,15.79,-4.07,-22.02,11.72,-10.3,,,,,
9491,0,0,0,0,0,0,-27.48,5.29,0,0,11.98,-3.88,-22.19,8.1,-14.09,,,,,
9501,0,0,0,0,0,0,-27.49,2.23,0,0,19.27,-4.06,-25.26,15.21,-10.05,,,,,
9511,0,0,0,0,0,0,-25.59,1.16,0,0,17.55,-3.97,-24.43,13.58,-10.85,,,,,
9521,0,0,0,0,0,0,-28.06,5.81,0,0,12.04,-3.8,-22.26,8.24,-14.02,,,,,
9531,0,0,0,0,0,0,-27.18,5.44,0,0,14.4,-3.92,-21.74,10.49,-11.25,,,,,
9541,0,0,0,0,0,0,-22.74,4.32,0,0,12.22,-3.37,-18.42,8.85,-9.57,,,,,
9551,0,0,0,0,0,0,-28.42,5.64,0,0,14.72,-4.08,-22.78,10.64,-12.14,,,,,
9561,0,0,0,0,0,0,-27.85,2.23,0,0,16.65,-4.21,-25.62,12.45,-13.17,,,,,
9571,0,0,0,0,0,0,-29.34,2.03,0,0,17.02,-4.17,-27.3,12.85,-14.45,,,,,
9581,0,0,0,0,0,0,-28.81,5.16,0,0,14.02,-4.1,-23.66,9.92,-13.74,,,,,
9591,0,0,0,0,0,0,-24.04,3.49,0,0,15.37,-4.18,-20.56,11.19,-9.37,,,,,
9601,0,0,0,0,0,0,-26.51,3.64,0,0,16,-4.19,-22.87,11.81,-11.06,,,,,
9611,0,0,0,0,0,0,-29.27,6.54,0,0,12.21,-4.26,-22.73,7.95,-14.78,,,,,
9621,0,0,0,0,0,0,-29.81,8.53,0,0,11.82,-4.34,-21.27,7.48,-13.8,,,,,
9631,0,0,0,0,0,0,-25.28,7.38,0,0,12.26,-3.99,-17.9,8.28,-9.62,,,,,
9641,0,0,0,0,0,0,-26.11,7.24,0,0,12.52,-4.04,-18.87,8.48,-10.39,,,,,
9651,0,0,0,0,0,0,-26.77,4.99,0,0,14.23,-4.18,-21.77,10.06,-11.72,,,,,
9661,0,0,0,0,0,0,-28.37,5.15,0,0,13.88,-4.22,-23.22,9.66,-13.55,,,,,
9671,0,0,0,0,0,0,-28.77,7.22,0,0,16.25,-4.17,-21.55,12.08,-9.47,,,,,
9681,0,0,0,0,0,0,-29.13,2.99,0,0,16.13,-4.2,-26.13,11.93,-14.2,,,,,
9691,0,0,0,0,0,0,-31.46,1.61,0,0,17.38,-4.32,-29.85,13.06,-16.79,,,,,
9701,0,0,0,0,0,0,-29.7,1.94,0,0,18.12,-4.23,-27.75,13.89,-13.87,,,,,
9711,0,0,0,0,0,0,-30.66,2.8,0,0,17.66,-4.05,-27.86,13.61,-14.25,,,,,
9721,0,0,0,0,0,0,-27.99,6.56,0,0,13.04,-4.01,-21.43,9.03,-12.4,,,,,
9731,0,0,0,0,0,0,-29,6.4,0,0,11.64,-3.95,-22.6,7.7,-14.9,,,,,
9741,0,0,0,0,0,0,-29.13,3.08,0,0,18.14,-4.06,-26.05,14.08,-11.97,,,,,
9751,0,0,0,0,0,0,-25.39,4.53,0,0,13.2,-3.28,-20.86,9.93,-10.93,,,,,
9761,0,0,0,0,0,0,-23.74,4.66,0,0,14,-4.03,-19.08,9.97,-9.11,,,,,
9771,0,0,0,0,0,0,-24.97,7.03,0,0,13.39,-4.11,-17.95,9.27,-8.67,,,,,
9781,0,0,0,0,0,0,-29.94,5.75,0,0,13.7,-4.06,-24.19,9.63,-14.56,,,,,
9791,0,0,0,0,0,0,-28.03,7.24,0,0,12.19,-3.9,-20.79,8.29,-12.51,,,,,
9801,0,0,0,0,0,0,-27.88,3.7,0,0,15.54,-3.87,-24.19,11.67,-12.52,,,,,
9811,0,0,0,0,0,0,-28.1,6.63,0,0,13.59,-4.01,-21.46,9.57,-11.89,,,,,
9821,0,0,0,0,0,0,-28.11,5.07,0,0,16.5,-4.24,-23.04,12.26,-10.77,,,,,
9831,0,0,0,0,0,0,-26.95,4.28,0,0,15.26,-3.75,-22.67,11.51,-11.16,,,,,
9841,0,0,0,0,0,0,-26.89,1.87,0,0,17.74,-3.89,-25.01,13.85,-11.16,,,,,
9851,0,0,0,0,0,0,-25.16,2.63,0,0,16.26,-3.75,-22.53,12.51,-10.02,,,,,
9861,0,0,0,0,0,0,-27.07,4.62,0,0,13.15,-3.7,-22.45,9.45,-13,,,,,
9871,0,0,0,0,0,0,-25.31,3.48,0,0,14.79,-3.86,-21.83,10.93,-10.89,,,,,
9881,0,0,0,0,0,0,-26.5,3.24,0,0,16.94,-3.6,-23.26,13.35,-9.91,,,,,
9891,0,0,0,0,0,0,-28.04,5.46,0,0,14.88,-3.98,-22.58,10.9,-11.67,,,,,
9901,0,0,0,0,0,0,-27.44,5.37,0,0,15.64,-4.07,-22.07,11.57,-10.5,,,,,
9911,0,0,0,0,0,0,-28.34,4.11,0,0,14.84,-4.09,-24.23,10.75,-13.48,,,,,
9921,0,0,0,0,0,0,-28.64,3.27,0,0,15.97,-4.11,-25.37,11.86,-13.51,,,,,
9931,0,0,0,0,0,0,-29.18,4.26,0,0,15.87,-3.89,-24.91,11.98,-12.93,,,,,
9941,0,0,0,0,0,0,-25.48,6.32,0,0,11.21,-3.45,-19.15,7.76,-11.4,,,,,
9951,0,0,0,0,0,0,-27.46,2.15,0,0,17.12,-3.61,-25.31,13.51,-11.8,,,,,
9961,0,0,0,0,0,0,-23.17,0.34,0,0,15.48,-3.55,-22.83,11.93,-10.91,,,,,
9971,0,0,0,0,0,0,-23.77,-3.25,0,0,19.3,-3.42,-27.02,15.88,-11.15,,,,,
9981,0,0,0,0,0,0,-30.82,0.59,0,0,17.06,-4.01,-30.23,13.05,-17.18,,,,,
9991,0,0,0,0,0,0,-26.98,-0.04,0,0,14.92,-3.59,-27.03,11.33,-15.7,,,,,
10001,0,0,0,0,0,0,-28.91,5.62,0,0,12.66,-4.04,-23.29,8.61,-14.68,,,,,
