GENERALIZED BORN:,,,,,,,,,,,,,,,,,,,,
Complex Energy Terms,,,,,,,,,,,,,,,,,,,,
Frame #,BOND,ANGLE,DIHED,UB,IMP,CMAP,VDWAALS,EEL,1-4 VDW,1-4 EEL,EGB,ESURF,GGAS,GSOLV,TOTAL,,,,,
1,1763.47,4481.63,5411.72,504.29,259.52,-179.28,-3981.75,-32466.45,1776.07,22539.69,-5885.52,160.63,108.9,-5724.89,-5615.98,,,,,
11,1825.16,4423.27,5313.52,505.04,282.6,-200.94,-3849.91,-31878.49,1727.21,22561.09,-6515.31,182.6,708.56,-6332.71,-5624.15,,,,,
21,1819.2,4530.6,5335.22,514.2,282.92,-208.57,-3926.71,-31975.66,1776.52,22601.08,-6475.48,179.86,748.79,-6295.62,-5546.83,,,,,
31,1826.03,4520.83,5257.45,521.59,276.52,-157.19,-3924.19,-31978.17,1751.04,22613.28,-6488.21,180.34,707.2,-6307.86,-5600.66,,,,,
41,1804.14,4464.86,5242.86,515.98,261.91,-202.71,-3926.08,-32095.36,1784.64,22718.2,-6454.06,179.94,568.42,-6274.12,-5705.7,,,,,
51,1797.48,4550.96,5207.88,516.92,276.19,-151.54,-3961.32,-31768.87,1716.46,22607.42,-6601.32,183.06,791.56,-6418.26,-5626.7,,,,,
61,1809.43,4486.15,5257.67,520.01,272.09,-178.94,-3887.62,-31828.02,1740.01,22688.76,-6716.54,185.58,879.56,-6530.96,-5651.4,,,,,
71,1835.36,4525.17,5273.91,514.87,303.74,-181.34,-3905.69,-32038.21,1775.07,22706.43,-6498.75,183.38,809.31,-6315.37,-5506.06,,,,,
81,1763.95,4472.73,5226.35,489.29,263.02,-179.59,-3901.5,-32037.99,1762.09,22700.92,-6468.34,181.25,559.27,-6287.09,-5727.82,,,,,
91,1841.91,4502.89,5266.41,494.09,284.89,-180.97,-3880.65,-32048.71,1741.68,22518.79,-6389.78,185.33,540.33,-6204.45,-5664.12,,,,,
101,1846.46,4425.44,5310.19,503.51,258.71,-206.02,-3883.06,-31978.13,1752.44,22558.3,-6461.23,186.35,587.84,-6274.87,-5687.04,,,,,
111,1828.28,4451.22,5239.52,506.25,285.01,-192.45,-3858.75,-32206.95,1720.35,22690.88,-6387.07,183.73,463.36,-6203.34,-5739.97,,,,,
121,1836.44,4492.82,5274.14,514.7,296.86,-198.55,-3902.14,-32029.48,1746.48,22551.39,-6449.49,187.71,582.66,-6261.78,-5679.12,,,,,
131,1847.52,4438.19,5275.78,506.49,297.83,-196.85,-3915.07,-32091.79,1737.21,22695.19,-6426.53,183.57,594.5,-6242.96,-5648.45,,,,,
141,1834.27,4438.9,5232.19,518.62,273.39,-188.69,-3854.17,-32252.92,1725.48,22670.21,-6335.7,180.19,397.28,-6155.51,-5758.23,,,,,
151,1766.48,4487.59,5307.87,512.78,268.73,-201.59,-3868.29,-32135.4,1778.42,22681.75,-6442.07,188.82,598.34,-6253.25,-5654.91,,,,,
161,1871.17,4379.23,5299.2,492.12,267.68,-187.24,-3935.22,-32159.15,1758.98,22716.97,-6403.28,179.58,503.73,-6223.7,-5719.97,,,,,
171,1845.26,4415.13,5249.12,509.6,267.36,-188.81,-3932.16,-32007.7,1771.84,22648.4,-6478.49,180.6,578.03,-6297.89,-5719.85,,,,,
181,1780.08,4538.28,5258.63,517.3,288.79,-206.6,-3916.7,-32020.61,1768.81,22712.37,-6559.49,181.58,720.34,-6377.91,-5657.56,,,,,
191,1796.09,4444.16,5210.15,523.68,253.84,-198.53,-3897.87,-31890.82,1786,22690.51,-6581.23,177.62,717.2,-6403.6,-5686.4,,,,,
201,1820.78,4398.65,5234.66,507.91,275.75,-186.52,-3932.02,-32096.18,1754.1,22721.38,-6497,180.06,498.5,-6316.94,-5818.44,,,,,
211,1814.06,4473.09,5254.17,506.05,287.77,-212.55,-3906.93,-32205.94,1724.98,22723.66,-6399.19,180.28,458.35,-6218.92,-5760.56,,,,,
221,1830.62,4381.29,5242.69,514.41,282.46,-167.72,-3884.21,-32204.33,1758.29,22732.04,-6415.16,179.22,485.53,-6235.94,-5750.41,,,,,
231,1845.38,4413.97,5246.32,519.95,279.64,-201.89,-3917.14,-32113.67,1774.45,22625.38,-6393.68,176.56,472.4,-6217.11,-5744.71,,,,,
241,1886.35,4525.43,5273.8,515.47,293.81,-209.18,-3903.74,-32047,1716.51,22632.9,-6477.01,177.19,684.35,-6299.82,-5615.47,,,,,
251,1780.16,4442.01,5295.5,506.79,298.51,-205.94,-3876.21,-32236.67,1743.28,22744.09,-6419.28,182.41,491.53,-6236.87,-5745.35,,,,,
261,1742.03,4475.81,5254.7,509.72,282.64,-189.55,-3898.61,-32142.3,1761.91,22817.01,-6528.17,183.49,613.37,-6344.68,-5731.31,,,,,
271,1841.88,4476.69,5275.18,498.24,275.5,-206.24,-3918.34,-32256.79,1746.04,22674.4,-6333.17,175.56,406.56,-6157.61,-5751.04,,,,,
281,1840.41,4468.51,5221.95,501.06,266.21,-177.02,-3867.3,-32369.56,1718.93,22617.72,-6210.62,181.65,220.9,-6028.98,-5808.07,,,,,
291,1764.42,4455.31,5291.1,508.59,272.55,-204.26,-3921.5,-32330.03,1792.16,22680.84,-6241.79,176.31,309.19,-6065.48,-5756.29,,,,,
301,1811.41,4411.02,5276.63,503.47,283.02,-182.23,-3878.84,-32235.98,1763.02,22655.75,-6313.45,175.11,407.26,-6138.34,-5731.08,,,,,
311,1794.39,4455.85,5278.71,520.26,262.82,-181.29,-3915.7,-32053.93,1766.93,22657.09,-6426.43,180.79,585.13,-6245.65,-5660.52,,,,,
321,1785.92,4499.83,5267.05,507.99,263.99,-205.98,-3889.37,-32117.57,1759.58,22601.02,-6388.21,178.14,472.46,-6210.07,-5737.62,,,,,
331,1764.65,4454.6,5245.77,510.6,278.8,-182.31,-3924.45,-32191.97,1766.66,22692.37,-6364.23,176.47,414.72,-6187.77,-5773.05,,,,,
341,1784.18,4489.98,5270.76,508.28,282.36,-188.78,-3888.95,-32198,1776.2,22603.63,-6348.27,177.14,439.65,-6171.14,-5731.49,,,,,
351,1816.53,4459.72,5220.98,526.31,259.04,-203.62,-3865.66,-32099.81,1721.2,22613.93,-6407.76,182.1,448.62,-6225.66,-5777.03,,,,,
361,1829.65,4473.44,5266.42,505.18,277.98,-176.55,-3921.83,-32238.41,1754.09,22717.13,-6326.75,178.17,487.1,-6148.57,-5661.48,,,,,
371,1835.52,4456.29,5227.96,516.71,271.73,-177.73,-3950.3,-31893.03,1732.42,22566.17,-6523.72,182.73,585.74,-6341,-5755.26,,,,,
381,1783.79,4540.65,5261.44,516.21,263.27,-187.15,-3930.6,-32054.65,1752.79,22679.16,-6477.15,180.2,624.91,-6296.94,-5672.03,,,,,
391,1798.6,4409.78,5222.94,514.86,268.45,-187.63,-3888.92,-32290.66,1737.93,22710.53,-6302.41,182.16,295.87,-6120.25,-5824.38,,,,,
401,1844.06,4511.06,5234.25,502.04,266.18,-176.65,-3922.02,-31927.96,1763.33,22541.71,-6556.76,181.7,636,-6375.06,-5739.06,,,,,
411,1815.87,4513.82,5217.42,530.81,260.49,-171.02,-3890.92,-32052.8,1778.72,22628.75,-6433.63,182.65,631.13,-6250.98,-5619.85,,,,,
421,1886.99,4590.42,5213.23,519.69,292.47,-193.44,-3893.83,-32247.65,1748.02,22550.81,-6323.93,180.46,466.69,-6143.46,-5676.77,,,,,
431,1824.57,4473.68,5202.77,502.08,276.65,-186.63,-3867.63,-32233.98,1737.78,22667.06,-6353.76,184.04,396.35,-6169.72,-5773.37,,,,,
441,1822.69,4486.49,5236.89,510.17,278.13,-199.58,-3920.61,-32092.85,1773.38,22702.5,-6487.13,181.28,597.2,-6305.85,-5708.65,,,,,
451,1844.65,4518.86,5262.36,504.2,281.73,-169.99,-3889.17,-32272.53,1770.17,22653.59,-6359.73,185.86,503.87,-6173.86,-5669.99,,,,,
461,1824.22,4487.46,5170.11,503.77,305.06,-184.15,-3935.06,-32105.77,1736.21,22568.91,-6362.12,181,370.76,-6181.12,-5810.36,,,,,
471,1815.49,4456.55,5230.48,502.23,268.14,-231.41,-3915.1,-32107.24,1783.65,22684.84,-6435.62,183.46,487.64,-6252.15,-5764.52,,,,,
481,1763.44,4531.53,5198.53,498.64,280.72,-156.76,-3855.66,-32203.75,1763.58,22629.78,-6325.63,181.11,450.04,-6144.52,-5694.48,,,,,
491,1826.8,4517.85,5231.26,495.2,258.45,-206.41,-3930.3,-32223.14,1750.14,22692.01,-6324.44,177.14,411.85,-6147.3,-5735.46,,,,,
501,1800.78,4435.51,5188.35,504.63,283.19,-195.96,-3918.01,-31875.3,1769.68,22631.97,-6612.08,181.02,624.84,-6431.06,-5806.22,,,,,
511,1802.94,4427.39,5214.34,521.74,271.13,-189.4,-3932.84,-32057.36,1759.5,22600.76,-6434.18,179.99,418.22,-6254.2,-5835.98,,,,,
521,1871.57,4539.3,5273.25,526.28,272.35,-207.33,-3911.94,-32196.04,1782.01,22505.81,-6270.16,177.99,455.26,-6092.17,-5636.91,,,,,
531,1804.39,4394.06,5222.98,506.6,279.04,-226.19,-3881.06,-32242.61,1760.41,22693.82,-6326.15,179.47,311.42,-6146.68,-5835.26,,,,,
541,1830.76,4416.37,5271.28,505.18,269.62,-197.21,-3915.86,-32364.69,1758.41,22606.83,-6169.93,179.12,180.68,-5990.81,-5810.13,,,,,
551,1770.05,4380.18,5239.82,503.95,273.22,-174.9,-3904.39,-32244.43,1802.98,22724.83,-6338.21,180.42,371.3,-6157.8,-5786.49,,,,,
561,1878.22,4385.32,5251.34,499.46,274.02,-206.4,-3874.16,-32296.93,1726.56,22649.72,-6273.24,180.1,287.15,-6093.14,-5805.99,,,,,
571,1821.99,4443.47,5210.86,503.02,277.61,-183.57,-3937.99,-32312.19,1746.96,22706.33,-6274.77,177.52,276.5,-6097.25,-5820.75,,,,,
581,1775.87,4429.55,5256.06,508.02,287.14,-195.15,-3920.13,-32330.78,1747.36,22740.13,-6240.11,179.51,298.08,-6060.6,-5762.52,,,,,
591,1826.68,4390.83,5228.26,511.23,277.87,-198.73,-3895.39,-32292.84,1768.82,22639.52,-6259.9,181.63,256.24,-6078.27,-5822.03,,,,,
601,1834.13,4417.61,5230.52,499.47,297.73,-227.12,-3914.14,-32186.98,1752.51,22625.46,-6318.88,179.23,329.2,-6139.65,-5810.45,,,,,
611,1797.72,4506.31,5220.83,513.7,278.32,-204.14,-3921.21,-32103.03,1783.99,22574.18,-6339.67,176.93,446.68,-6162.75,-5716.07,,,,,
621,1893.24,4441.62,5270.11,494,291.27,-199.19,-3896.01,-32363.15,1766.54,22638.27,-6245.25,180.95,336.7,-6064.3,-5727.6,,,,,
631,1835.81,4514.02,5274.64,501.82,303,-188.25,-4016.36,-32208.53,1760.67,22648.14,-6244.4,174.55,424.95,-6069.85,-5644.9,,,,,
641,1895.93,4365.29,5203.26,513.48,275.18,-201.42,-3926.15,-32010.48,1737.22,22656.15,-6482.24,182.09,508.46,-6300.15,-5791.69,,,,,
651,1776.9,4454.26,5251.77,512.72,272.06,-199.94,-3927.97,-32160.62,1735.01,22704.52,-6361.11,180.56,418.7,-6180.55,-5761.85,,,,,
661,1764.22,4450.38,5229.74,503.08,275.38,-186.61,-3937.69,-32115.23,1760.3,22631.11,-6372.76,178.55,374.67,-6194.21,-5819.54,,,,,
671,1740.59,4411.78,5238.65,492.82,263.61,-204,-3923.72,-32256.09,1772.82,22672.23,-6318.27,178.67,208.7,-6139.61,-5930.91,,,,,
681,1803.99,4470.84,5229.77,521.8,264.69,-187.51,-3903.44,-31883.31,1730.14,22525.16,-6511.58,181.92,572.12,-6329.66,-5757.54,,,,,
691,1788.83,4430.84,5245.15,498.33,279.22,-188.07,-3893.26,-32037.9,1756.22,22693.75,-6501.01,183.12,573.11,-6317.88,-5744.78,,,,,
701,1832.28,4529.57,5246.42,515.99,279.59,-208.87,-3876.43,-32020.17,1746.92,22601.75,-6493.39,180.02,647.06,-6313.37,-5666.32,,,,,
711,1789.83,4519.77,5202.08,523.46,279.78,-152.01,-3954.81,-31948.15,1763.21,22565.9,-6474.13,179.53,589.06,-6294.6,-5705.54,,,,,
721,1798.4,4443.61,5212.58,507.18,259.3,-201.58,-3946.72,-31787.39,1749.28,22561.11,-6592.97,178.18,595.76,-6414.79,-5819.03,,,,,
731,1828.42,4538.86,5220.12,515.59,304.74,-192.65,-3968.36,-31891.87,1703.7,22547.76,-6523.3,181.52,606.31,-6341.78,-5735.47,,,,,
741,1797.96,4537.72,5250.52,514.48,294.36,-225.99,-3935.8,-31879.83,1759.81,22518.83,-6547.25,180.1,632.06,-6367.16,-5735.09,,,,,
751,1824.37,4427.32,5239.11,498.62,293.31,-201.48,-3932.47,-31874.7,1760.37,22587.23,-6593.22,181.19,621.67,-6412.02,-5790.35,,,,,
761,1822.4,4419.63,5224.06,517.46,295.9,-186.16,-3923.92,-31848.05,1791.35,22748.26,-6689.28,183.15,860.92,-6506.13,-5645.2,,,,,
771,1783.98,4528.18,5243.06,503.98,278.51,-188.56,-3954.88,-32004.81,1745.49,22702.67,-6523.86,181.56,637.61,-6342.3,-5704.69,,,,,
781,1773.84,4408.65,5224.54,498.68,286.64,-194.96,-3900.56,-32087.86,1734.54,22730.46,-6476.06,182.73,473.98,-6293.33,-5819.35,,,,,
791,1888.83,4463.04,5244.8,513.78,274.84,-186.83,-3958.08,-31998.54,1730.37,22728.55,-6580.44,179.79,700.76,-6400.65,-5699.89,,,,,
801,1759.07,4437.28,5212.66,515.64,287.06,-166.61,-3914.28,-32162.85,1754.35,22770.12,-6505.26,182.06,492.44,-6323.2,-5830.75,,,,,
811,1832.32,4425.93,5272.76,509.26,292.79,-171.72,-3927.4,-32223.05,1807.15,22842.68,-6482.69,183.72,660.71,-6298.96,-5638.25,,,,,
821,1755.62,4391.33,5217.64,492.79,266.68,-216.23,-3959.84,-32102.11,1759.06,22729.83,-6478.93,178.15,334.76,-6300.78,-5966.01,,,,,
831,1783.87,4426.88,5271.5,503.88,273.53,-212.39,-3890.4,-32063.31,1785.61,22702.13,-6545.2,181.39,581.29,-6363.81,-5782.52,,,,,
841,1815.82,4475.64,5202.56,506.72,278.95,-199.04,-3914.83,-32114.77,1765.74,22770.38,-6566.39,179.88,587.18,-6386.52,-5799.34,,,,,
851,1830.7,4491.89,5269.69,503.6,276.03,-215.55,-3899.34,-31687.93,1752.28,22598.1,-6822.65,183.3,919.49,-6639.35,-5719.86,,,,,
861,1873.35,4493.65,5201.83,518.3,269.64,-191.27,-3988.83,-31969.11,1716.16,22626.99,-6525.32,179.31,550.71,-6346.01,-5795.31,,,,,
871,1828.74,4554.22,5237.65,505.25,250.16,-206.07,-3848.82,-31902.28,1774.88,22629.07,-6666.9,182.75,822.81,-6484.15,-5661.34,,,,,
881,1785.14,4443.75,5211.81,502.98,269.22,-195.39,-3857.88,-31871.3,1771.19,22699.65,-6732.71,182.14,759.18,-6550.57,-5791.39,,,,,
891,1823.63,4438.69,5224.33,507.08,277.98,-199.19,-3957.64,-32139.1,1744.98,22741.13,-6366.78,176.83,461.89,-6189.95,-5728.06,,,,,
901,1755.28,4501.98,5242.95,488.54,263.68,-203.27,-3923.31,-32070.91,1765.15,22850.85,-6580.35,181.08,670.94,-6399.28,-5728.34,,,,,
911,1796.37,4410.72,5268.85,485.76,282.18,-222.03,-3808.74,-31824.78,1747.26,22798.79,-6804.95,186.5,934.38,-6618.44,-5684.06,,,,,
921,1846.42,4479.63,5237.91,516.83,250.61,-216.46,-3934.45,-31932.06,1758.45,22774.48,-6657.92,179.86,781.37,-6478.07,-5696.69,,,,,
931,1780.29,4452.58,5236.36,509.67,274.77,-237.01,-3925.45,-32100.09,1764.3,22791.21,-6496.2,175.18,546.64,-6321.02,-5774.38,,,,,
941,1790.86,4495.11,5202.97,508.1,282.82,-175.12,-3949.54,-31920.48,1778.59,22679.72,-6592.16,175.83,693.05,-6416.33,-5723.29,,,,,
951,1839.27,4490.56,5223.45,519.79,260.9,-188.15,-3912.51,-32096.05,1736.89,22616.39,-6395.06,178.15,490.54,-6216.91,-5726.37,,,,,
961,1775.43,4486.05,5236.11,502.37,277.18,-179.52,-3893.42,-32114.51,1778.17,22692.98,-6477.04,180.63,560.83,-6296.42,-5735.58,,,,,
971,1851.6,4463.03,5235.65,506.36,276.29,-229.09,-3923.83,-32215.02,1743.91,22690.95,-6386.47,180.31,399.87,-6206.16,-5806.29,,,,,
981,1845.21,4527.47,5262.17,495.26,274.8,-216.14,-3909.78,-31950.92,1746.5,22552.91,-6497.07,178.14,627.48,-6318.93,-5691.45,,,,,
991,1777.73,4438.19,5271.32,503.78,294.09,-220.39,-3903.55,-32195.17,1752.1,22716.55,-6408,177.21,434.64,-6230.79,-5796.14,,,,,
1001,1828.4,4449.75,5224,512.62,289.01,-234.1,-3893.12,-32120.88,1746.94,22677.36,-6480.16,179.23,479.99,-6300.93,-5820.94,,,,,
1011,1811.48,4455.43,5236.3,509.28,271.25,-205.04,-3869.77,-32033.37,1740.26,22616.16,-6480.73,185.41,531.98,-6295.32,-5763.33,,,,,
1021,1798.43,4425.02,5277.48,502.96,256.62,-195.14,-3904.4,-31991.27,1758.37,22763.58,-6585.53,183.32,691.66,-6402.21,-5710.55,,,,,
1031,1800.54,4485.77,5226.85,522.22,276.23,-183.9,-3904.89,-32021.6,1780.69,22750.17,-6569,179.88,732.08,-6389.12,-5657.03,,,,,
1041,1796.88,4457.03,5200.23,517.34,270.97,-200.56,-3864.86,-31909.87,1740.67,22668.97,-6613.33,184.66,676.8,-6428.67,-5751.86,,,,,
1051,1811.19,4408.62,5244.75,512.13,265.96,-201.97,-3955.88,-31933.01,1737.46,22633.3,-6524.72,180.42,522.56,-6344.29,-5821.73,,,,,
1061,1805.73,4549.57,5233.84,506.23,268.94,-203.68,-3884.07,-32060.47,1763.83,22646.79,-6523.8,177.52,626.71,-6346.28,-5719.57,,,,,
1071,1783.16,4471.7,5244.09,513.69,244.92,-181.8,-3910.59,-31585.05,1746.23,22588.9,-6823.59,186.3,915.25,-6637.29,-5722.05,,,,,
1081,1862.15,4517.69,5222.49,510.38,283.93,-207.11,-3956.6,-31620.02,1732.85,22520.28,-6754.71,182.19,866.04,-6572.52,-5706.48,,,,,
1091,1836.24,4413.4,5204.52,510.32,263.56,-166.61,-3892.65,-31874.58,1739.86,22725.49,-6649.04,181.44,759.55,-6467.6,-5708.05,,,,,
1101,1751.59,4457.65,5228.58,509.2,291.78,-230.74,-3951.66,-31881.81,1746.99,22632.28,-6566.65,176.46,553.85,-6390.18,-5836.33,,,,,
1111,1806.29,4484.38,5249.71,507.09,271.94,-228.38,-3892.47,-31950.16,1763.47,22614.26,-6530.02,180.4,626.13,-6349.62,-5723.49,,,,,
1121,1778.94,4436.89,5223.85,513.13,291.25,-185.89,-3928.02,-31929.35,1766.93,22655.99,-6534.51,177.31,623.72,-6357.21,-5733.48,,,,,
1131,1781.03,4518.55,5250.55,496.97,293.71,-198.79,-3955.33,-31921.52,1787.72,22572.13,-6495.84,176.98,625.03,-6318.87,-5693.84,,,,,
1141,1884.08,4553.02,5212.65,506.1,273.37,-236.1,-3941.13,-31799.19,1702.66,22396.6,-6539.53,175.45,552.07,-6364.08,-5812.01,,,,,
1151,1908.27,4603.87,5238.54,508.75,292.46,-225.98,-3948.15,-31646.59,1706.27,22388.74,-6660.89,178.48,826.18,-6482.41,-5656.24,,,,,
1161,1794.1,4441.4,5276.69,500.68,286.54,-189.56,-3978.18,-31698,1779.74,22541.96,-6668.52,177.47,755.37,-6491.05,-5735.68,,,,,
1171,1728.38,4460,5285.07,506.76,285.07,-217.33,-3940.83,-31821.53,1794.36,22572.53,-6569.26,175.36,652.47,-6393.91,-5741.44,,,,,
1181,1860.79,4511.68,5181.97,506.6,285.01,-208.63,-3936.42,-31748.45,1755.8,22519.05,-6626.1,182.21,727.4,-6443.88,-5716.48,,,,,
1191,1862.8,4520.69,5199.07,520.93,265.85,-195.71,-3924.93,-31654.48,1730.34,22428.33,-6694.4,182.2,752.89,-6512.19,-5759.3,,,,,
1201,1843.68,4412.2,5245.66,515.28,270.82,-194.3,-3876.43,-31782.98,1762.51,22452.63,-6568.22,182.71,649.08,-6385.51,-5736.43,,,,,
1211,1799.54,4486.97,5221.26,505.74,274.14,-211.11,-3928.55,-31623.57,1745.24,22549.88,-6779.65,184.28,819.55,-6595.38,-5775.83,,,,,
1221,1806.59,4539.02,5225.19,509.63,282.31,-207.55,-3836.09,-31819.52,1763.95,22516.24,-6636.69,185.62,779.75,-6451.07,-5671.32,,,,,
1231,1810.21,4466.27,5213.47,513.54,262.32,-230.81,-3871.49,-31682.18,1756.92,22491.07,-6699.99,186.97,729.32,-6513.02,-5783.7,,,,,
1241,1823.23,4426.65,5243.78,512.06,286.17,-217.9,-3919.03,-31530.9,1760.11,22495.68,-6836.12,187.04,879.84,-6649.07,-5769.23,,,,,
1251,1852.18,4493.1,5252.85,508.02,290.08,-229.96,-3873.54,-31806.84,1731.45,22558.51,-6649.74,182.09,775.84,-6467.66,-5691.81,,,,,
1261,1783.89,4423.11,5210.89,505.17,286.8,-200.09,-3824.68,-31715.85,1780.65,22542.33,-6732.74,186.04,792.21,-6546.7,-5754.5,,,,,
1271,1887.54,4473.1,5235.26,501.97,291.61,-196.46,-3908.75,-31587.5,1744.55,22470.56,-6730.65,184.81,911.88,-6545.83,-5633.96,,,,,
1281,1875.33,4428.92,5255.47,510.08,270.64,-195.36,-3898.37,-31591.17,1703.18,22430.37,-6747.14,184.94,789.09,-6562.2,-5773.11,,,,,
1291,1809.15,4492.74,5240.68,497.2,288.99,-182.81,-3915.9,-31829.16,1736.12,22560.48,-6600.48,184.67,697.49,-6415.81,-5718.32,,,,,
1301,1839.72,4454.93,5284.82,509.82,277.67,-205.51,-3873.61,-31676.24,1767.2,22537.95,-6730.72,188.4,916.75,-6542.33,-5625.58,,,,,
1311,1759.13,4548.2,5256.65,514.6,281.61,-207.55,-3850.23,-31826.68,1775.16,22583.12,-6637.95,183.25,834.02,-6454.71,-5620.69,,,,,
1321,1783.55,4418.58,5201.77,497.04,289.02,-199.23,-3872.14,-31874.47,1743.18,22443.51,-6464.7,181.65,430.83,-6283.05,-5852.22,,,,,
1331,1842.65,4546.07,5212.58,528.29,278.41,-212.68,-3830.7,-31730.64,1744.73,22464.23,-6703.66,189.54,842.94,-6514.12,-5671.18,,,,,
1341,1865.92,4533.1,5272.23,496.65,271.81,-209.1,-3878.67,-31811.16,1738.54,22487.18,-6573.74,181.52,766.51,-6392.22,-5625.71,,,,,
1351,1851.51,4446.47,5259.68,515.35,291.73,-185.48,-3870.43,-31898.75,1776.03,22566.39,-6585.75,179.61,752.5,-6406.14,-5653.64,,,,,
1361,1823.33,4428.77,5251.12,505.38,277.57,-209.33,-3919.38,-32015.4,1765.83,22530.81,-6391.12,179.73,438.7,-6211.39,-5772.69,,,,,
1371,1766.99,4553.34,5234.9,518.36,263.12,-199.56,-3894.77,-31602.68,1745.35,22524.31,-6750.19,182.99,909.37,-6567.2,-5657.84,,,,,
1381,1872.13,4596.34,5217.32,529.34,282.11,-195.15,-3807.61,-32036.93,1745.52,22458.86,-6412.97,182.62,661.92,-6230.35,-5568.43,,,,,
1391,1842.21,4472.83,5246.16,530.25,280.2,-202.37,-3903.51,-31811.01,1763.77,22532.13,-6615.64,182.98,750.67,-6432.66,-5681.99,,,,,
1401,1752.26,4539.97,5231.41,517.64,277.59,-215.97,-3870.69,-31965.06,1752.72,22489,-6419.44,183.21,508.86,-6236.22,-5727.36,,,,,
1411,1888.82,4433.61,5206.37,523.22,273.76,-196.14,-3930.05,-31993.91,1738.96,22485.8,-6402.36,178.4,430.43,-6223.97,-5793.53,,,,,
1421,1781.86,4561.78,5231,508.28,258.58,-232.04,-3879.61,-31904.23,1721.61,22471.84,-6486.33,190.09,519.07,-6296.24,-5777.17,,,,,
1431,1781.97,4479.68,5231.68,522.47,284.35,-209.65,-3920.51,-31837.29,1724.45,22430.9,-6527.56,181.58,488.05,-6345.98,-5857.93,,,,,
1441,1880.25,4475.41,5269.19,500.32,283.47,-211.78,-3888.67,-31921.44,1753.91,22546.86,-6527.1,183.89,687.52,-6343.21,-5655.69,,,,,
1451,1762.68,4449.38,5245.56,503.78,286.53,-212.29,-3857.33,-31775.91,1758.27,22539.52,-6642.91,186.1,700.19,-6456.81,-5756.62,,,,,
1461,1765.64,4507.52,5281.08,500.34,299.49,-205.74,-3890.27,-31848.93,1755.25,22524.28,-6552.45,183.57,688.66,-6368.89,-5680.23,,,,,
1471,1832.18,4352.03,5278.62,496.76,288.44,-206.99,-3807.2,-32000.76,1770.15,22538.14,-6487.41,186.41,541.37,-6301,-5759.63,,,,,
1481,1741.97,4415.69,5247.25,499.37,280.93,-234.59,-3852.11,-31933.11,1778.64,22561.19,-6531.05,184.96,505.22,-6346.1,-5840.88,,,,,
1491,1793.95,4443.15,5229.03,511.1,267.35,-193,-3856.83,-31900.09,1737.18,22621.37,-6562.45,189.84,653.21,-6372.61,-5719.4,,,,,
1501,1822.91,4436.85,5230.47,489.42,292.66,-197.11,-3906.78,-31654.64,1749.33,22557.7,-6735.93,188.14,820.82,-6547.79,-5726.97,,,,,
1511,1828.12,4443.86,5217.74,497.74,260.18,-223.75,-3905.82,-31844.65,1743.96,22554.13,-6579.72,182.04,571.51,-6397.67,-5826.17,,,,,
1521,1790.25,4373.27,5222.29,489.49,272.26,-178.39,-3921.43,-32113.74,1759.13,22680.11,-6402.29,181.21,373.25,-6221.07,-5847.83,,,,,
1531,1808.73,4419.44,5236.35,511.72,266.12,-173.51,-3930.53,-32130.31,1769.81,22593.8,-6373.93,178.65,371.63,-6195.28,-5823.65,,,,,
1541,1769.13,4425.25,5260.74,511.92,277.43,-216.74,-3922.95,-32231.44,1754.51,22627.66,-6284.58,178.79,255.52,-6105.79,-5850.27,,,,,
1551,1854.65,4454.5,5247.54,498.42,275.98,-211.36,-3916.08,-32087.37,1756.83,22586.58,-6369.07,177.67,459.68,-6191.4,-5731.72,,,,,
1561,1793.38,4480.36,5226.65,514.2,260.34,-192.62,-3947.57,-32001.47,1756.49,22523.65,-6385.71,179,413.41,-6206.71,-5793.3,,,,,
1571,1805.25,4485.27,5184.87,515.79,284.96,-222.37,-3921.63,-31789.82,1749.1,22441.06,-6500.1,180.62,532.49,-6319.49,-5787,,,,,
1581,1781.06,4490.59,5246.88,513.3,286.02,-212.47,-3913.65,-32147.84,1765.36,22532.25,-6302.1,179.62,341.5,-6122.47,-5780.98,,,,,
1591,1783.39,4395.13,5270.58,481.4,281.22,-206.35,-3897.59,-31832.35,1728.27,22519.93,-6534.4,180.75,523.62,-6353.66,-5830.04,,,,,
1601,1801.82,4452.65,5269.73,509.32,278.31,-199.25,-3912.55,-31918.53,1767.97,22578.91,-6489.72,184.29,628.37,-6305.43,-5677.06,,,,,
1611,1760.06,4437.92,5241.69,502.12,273.27,-216.46,-3925.27,-31963.81,1777.47,22510.93,-6459.63,180.68,397.92,-6278.95,-5881.03,,,,,
1621,1836.95,4484.22,5248.47,524.05,250.41,-176.37,-3913.59,-31987.42,1769.89,22480.53,-6358.4,179.17,517.14,-6179.23,-5662.09,,,,,
1631,1791,4458.87,5253.96,517.56,285.25,-216.32,-3921.97,-31977.33,1761.9,22516.42,-6425.89,180.39,469.33,-6245.5,-5776.17,,,,,
1641,1887.87,4414.69,5246.11,505.37,270.76,-215.97,-3907.35,-31645.64,1724.38,22500.3,-6699.86,183.16,780.5,-6516.7,-5736.21,,,,,
1651,1838.17,4445.39,5279.31,494.24,278.23,-211.41,-3885.01,-31877.48,1768.86,22524.95,-6547.42,181.06,655.25,-6366.36,-5711.11,,,,,
1661,1807.35,4412.83,5238.06,492.12,277.15,-207.31,-3914.86,-31981.57,1767.45,22623.03,-6461.21,181.17,514.24,-6280.04,-5765.8,,,,,
1671,1775.53,4488.74,5237.87,499.92,266.09,-193.15,-3921.16,-31897.95,1786.33,22453.89,-6482.12,178.08,496.1,-6304.04,-5807.94,,,,,
1681,1842.84,4459.1,5252.55,504.44,276.62,-193.48,-3901.53,-31944.92,1726.57,22577.83,-6499.39,180.23,600.03,-6319.16,-5719.13,,,,,
1691,1850.46,4593.15,5213.05,519.2,283.98,-202.02,-3908.86,-31913.82,1739.04,22442.47,-6496.09,180.27,616.66,-6315.82,-5699.16,,,,,
1701,1800.75,4493.48,5264.33,519.45,270.93,-189.56,-3934.57,-31993.47,1739.57,22568.19,-6487.9,181.64,539.1,-6306.26,-5767.17,,,,,
1711,1775.91,4453.08,5252.23,509,278.1,-217.78,-3906.39,-32070,1732.72,22616.57,-6404.73,181.53,423.43,-6223.2,-5799.77,,,,,
1721,1822.34,4481.18,5253.56,528.15,281.04,-221.74,-3941.19,-31896.37,1700.54,22547.01,-6525.65,184.15,554.52,-6341.49,-5786.98,,,,,
1731,1783.16,4436.04,5227.53,491.24,289.76,-194.58,-3897.3,-31721.43,1771.02,22556.33,-6682.93,188.16,741.76,-6494.77,-5753.01,,,,,
1741,1746.36,4492.68,5246.51,497.08,285.65,-176.98,-3880.18,-32053.53,1757.32,22649.87,-6452,183.66,564.76,-6268.34,-5703.58,,,,,
1751,1819.02,4565.88,5270.44,515.11,277.67,-219.14,-3919.97,-31765.42,1732.46,22528.06,-6642.47,187.71,804.1,-6454.76,-5650.66,,,,,
1761,1820.06,4474.56,5246.85,516.93,287.55,-198.65,-3879.18,-32019.26,1730.22,22591.7,-6527.73,184.33,570.78,-6343.4,-5772.63,,,,,
1771,1856.66,4359.41,5254.16,483.37,273.04,-223.64,-3942.18,-32163.18,1771.73,22570.95,-6295.5,176.39,240.33,-6119.11,-5878.78,,,,,
1781,1802.11,4461.61,5228.88,505.1,263.18,-204.47,-3876.9,-32050.06,1741.56,22636.95,-6468.2,181.14,507.95,-6287.06,-5779.11,,,,,
1791,1793.29,4399.11,5238.69,512.03,283.8,-226.81,-3899.14,-32097.79,1762.92,22686.36,-6417.24,179.25,452.45,-6237.98,-5785.54,,,,,
1801,1793.08,4509.49,5239.24,522.21,278.46,-199.9,-3891.77,-32042.75,1748.32,22548.72,-6372.17,181.45,505.11,-6190.73,-5685.62,,,,,
1811,1829.81,4486.73,5213.55,507.86,258.23,-215.18,-3932.6,-31992.01,1766.77,22485.45,-6416.47,177.66,408.61,-6238.82,-5830.2,,,,,
1821,1836.96,4516.37,5218.03,492.56,275.66,-225.32,-3884.75,-31903.58,1749.81,22454.64,-6502.52,181.7,530.39,-6320.82,-5790.43,,,,,
1831,1828.5,4521.06,5245.43,532.62,270.6,-224.58,-3867.01,-31685.36,1739.99,22461.42,-6673.23,185.96,822.69,-6487.27,-5664.58,,,,,
1841,1741.35,4435.21,5217.27,484.03,259.37,-197.57,-3979.6,-31997.31,1766.97,22605.36,-6423.02,177.93,335.08,-6245.09,-5910.01,,,,,
1851,1778.79,4456.26,5202.38,500.14,263.15,-199.6,-3900.77,-32129.3,1727.52,22714.81,-6387.03,182.63,413.4,-6204.4,-5791,,,,,
1861,1764.14,4414.09,5219.58,496.75,266.48,-204.02,-3864.26,-31902.62,1777.03,22503.12,-6528.68,182.12,470.29,-6346.56,-5876.27,,,,,
1871,1797.44,4426.46,5208.64,500.65,274.32,-209.39,-3847.09,-31901.63,1740.56,22616.5,-6612.05,183.83,606.47,-6428.22,-5821.75,,,,,
1881,1846.58,4377.34,5235,507.76,292.79,-169.76,-3963.47,-31957.11,1746.02,22618.72,-6492.73,182.57,533.88,-6310.16,-5776.29,,,,,
1891,1797.56,4491.35,5267.04,499.31,265.81,-208.8,-3881.29,-32102.59,1747.39,22591.62,-6392.02,186.33,467.4,-6205.7,-5738.3,,,,,
1901,1812.69,4513.33,5235.25,503.61,260.76,-207.69,-3927.14,-31949.58,1731.09,22586.69,-6498.62,185.53,559.03,-6313.1,-5754.07,,,,,
1911,1761.41,4485.87,5195.42,502.87,270.71,-200.74,-3875.2,-31841.7,1733.71,22647.16,-6682.4,187.94,679.53,-6494.46,-5814.93,,,,,
1921,1765.98,4480.29,5240.15,512.73,272.45,-230.21,-3885.98,-31841.75,1753.76,22599.91,-6597.89,187.71,667.33,-6410.18,-5742.85,,,,,
1931,1761.6,4533.84,5225.76,514.48,283.31,-206.61,-3907.9,-31894.11,1741.51,22606.18,-6598.16,186.38,658.05,-6411.78,-5753.73,,,,,
1941,1807.61,4504.68,5279.25,519.94,283.17,-209.09,-3863.11,-31800.34,1783.31,22568.83,-6665.92,183.98,874.25,-6481.93,-5607.68,,,,,
1951,1862.39,4381.01,5236.23,496.8,276.4,-197.52,-3882.5,-31866.99,1742.98,22568.45,-6582.47,187.36,617.25,-6395.12,-5777.87,,,,,
1961,1800.35,4528.55,5229.95,514.28,271.81,-197.82,-3864.1,-31813.5,1727.57,22527.23,-6684.66,183.7,724.31,-6500.96,-5776.65,,,,,
1971,1820.82,4475.63,5215.96,508.68,285.02,-192.67,-3889.44,-31660.9,1746.67,22657.07,-6771.36,188.41,966.86,-6582.95,-5616.1,,,,,
1981,1812.19,4437.44,5277.78,505.98,291.41,-201.68,-3870.92,-31713.15,1730.25,22564.07,-6733.19,187.27,833.37,-6545.92,-5712.56,,,,,
1991,1883.91,4433.25,5236.41,516.66,249.08,-198.2,-3948.63,-31986.07,1744.19,22575.48,-6445.63,178.36,506.09,-6267.27,-5761.18,,,,,
2001,1795.39,4366.8,5227.39,502.65,268.47,-196.66,-3901.49,-31827.77,1737.46,22662.52,-6648.76,182.82,634.77,-6465.94,-5831.17,,,,,
2011,1786.34,4440.44,5275.13,514.96,268.08,-188.39,-3957.08,-31689.69,1765.96,22535.93,-6651.35,182.69,751.68,-6468.65,-5716.97,,,,,
2021,1802.9,4452.08,5220.85,506.74,259.28,-183.47,-3861.3,-31859.72,1735.12,22498.29,-6546.24,180.82,570.75,-6365.42,-5794.67,,,,,
2031,1821.3,4648.29,5268.24,504.81,278.25,-215.11,-3820.72,-31687.74,1766.89,22368.3,-6667.47,188.44,932.51,-6479.03,-5546.52,,,,,
2041,1872.28,4453.7,5246.66,514.93,290.06,-227.16,-3855.38,-31770.84,1742.88,22654.3,-6756.91,186.99,921.42,-6569.92,-5648.5,,,,,
2051,1739.78,4490.89,5232.47,493.81,276.82,-200.57,-3918.82,-31900.4,1772.19,22600.85,-6539.07,185.82,587.01,-6353.25,-5766.24,,,,,
2061,1773.22,4426.72,5225.29,509.83,267.38,-222.12,-3918.8,-32066.85,1737.87,22691.99,-6478.66,181.2,424.53,-6297.46,-5872.93,,,,,
2071,1794.42,4468.46,5187.21,504.1,264.26,-186.54,-3876.73,-31675.16,1747.82,22597.51,-6816.98,188.51,825.33,-6628.47,-5803.14,,,,,
2081,1818.02,4380.72,5219.58,504.74,285.62,-200.87,-3885.93,-31816.14,1745.31,22640.97,-6714.31,188.58,692.02,-6525.73,-5833.71,,,,,
2091,1798.06,4465.31,5292.08,502.24,266.13,-214.03,-3908.97,-31911.05,1746.46,22651.15,-6614.62,185.57,687.38,-6429.06,-5741.68,,,,,
2101,1809.02,4499.9,5249.08,515.05,266.21,-201.35,-3891.34,-32214.86,1747.65,22607.97,-6321.67,180.63,387.33,-6141.04,-5753.71,,,,,
2111,1825.46,4470.67,5191.33,512.4,294.74,-197.81,-3857.16,-32032.82,1725.96,22633.97,-6518.34,188.03,566.74,-6330.32,-5763.58,,,,,
2121,1769.25,4435.86,5205.75,505.15,280.74,-188.96,-3881.99,-31944.16,1765.84,22678.83,-6559.43,186.19,626.31,-6373.24,-5746.93,,,,,
2131,1840.9,4442.39,5233.6,521.71,276.56,-197.01,-3892.98,-32112.06,1735.14,22600.8,-6412.37,186.64,449.06,-6225.72,-5776.67,,,,,
2141,1845.46,4416.47,5228.97,488.85,274.18,-207.58,-3900.32,-32082.84,1746.14,22663.44,-6478.03,185.23,472.78,-6292.8,-5820.02,,,,,
2151,1803.71,4444.97,5287.96,503.15,276.13,-205.45,-3900.44,-32061.82,1742.5,22764.17,-6547.53,187.34,654.89,-6360.19,-5705.31,,,,,
2161,1787.82,4436.11,5240.16,495.12,282.62,-179.56,-3887.58,-32001.65,1747.91,22675.11,-6534.63,188.4,596.06,-6346.23,-5750.17,,,,,
2171,1834.36,4526.64,5243.08,494.03,265.26,-211.74,-3837.86,-32081.58,1727.25,22545.62,-6411.79,187.02,505.05,-6224.77,-5719.71,,,,,
2181,1757.17,4454.21,5227.92,507.66,274.84,-217.57,-3860.47,-32189.32,1765.95,22606.57,-6345.04,185.5,326.97,-6159.54,-5832.57,,,,,
2191,1742.77,4466.73,5241.25,509.52,259.12,-190.86,-3898.03,-32134.04,1769.62,22655.42,-6391.61,184.73,421.5,-6206.88,-5785.38,,,,,
2201,1785.51,4453.74,5200.22,521.53,281.03,-197.52,-3878.94,-32236.99,1747.47,22684.1,-6392.61,182.57,360.14,-6210.04,-5849.9,,,,,
2211,1818.63,4418.6,5238.86,512.85,270.22,-207.46,-3952.44,-32218.54,1756.49,22643.26,-6281.5,177.72,280.47,-6103.78,-5823.31,,,,,
2221,1740.78,4487.2,5211.01,506.71,262.21,-202.2,-3927.75,-32369.91,1757.13,22671.27,-6189.67,181.06,136.44,-6008.61,-5872.16,,,,,
2231,1801.39,4406.35,5212.26,481.82,265.62,-183.77,-3895.2,-32228.58,1752.92,22693.72,-6325.93,183.95,306.53,-6141.98,-5835.45,,,,,
2241,1748.2,4544.82,5239.19,516.3,271.3,-197.73,-3895.65,-32060.95,1753.84,22607.11,-6443.87,184.77,526.43,-6259.1,-5732.67,,,,,
2251,1789.18,4429.13,5214.72,500.47,267.84,-181.35,-3895.74,-32411.8,1744.87,22558.57,-6070.91,175.22,15.9,-5895.69,-5879.8,,,,,
2261,1800.26,4454.23,5276.38,505.95,260.03,-219.64,-3900.13,-32383.9,1748.97,22629.59,-6178.09,180.09,171.75,-5998,-5826.26,,,,,
2271,1825.75,4413.02,5220.47,502.13,277.23,-208.22,-3893.11,-32478.15,1736.09,22619.36,-6112.27,180.89,14.56,-5931.38,-5916.81,,,,,
2281,1775.96,4458.79,5221.49,495.51,268.01,-213.61,-3912.54,-32280.81,1742.99,22629.42,-6269.32,180.14,185.21,-6089.18,-5903.97,,,,,
2291,1832.81,4490.88,5224.74,510.15,265.27,-187.46,-3907.96,-32235.93,1747.39,22548.85,-6270.79,182.98,288.74,-6087.81,-5799.07,,,,,
2301,1797.96,4495.14,5276.74,499.34,294.9,-191.97,-3938.19,-32255.36,1729.6,22605.37,-6200.65,179.06,313.53,-6021.59,-5708.07,,,,,
2311,1862.94,4477.83,5237.92,494.86,264.96,-225.13,-3908.74,-32181.75,1737.94,22656.83,-6359.54,181.35,417.65,-6178.19,-5760.54,,,,,
2321,1793.15,4470.21,5234.37,508.93,261.93,-227.17,-3912.73,-32195.52,1758.91,22665.74,-6388.74,182.4,357.82,-6206.34,-5848.52,,,,,
2331,1821.38,4434.38,5232.25,508.32,278.51,-180.94,-3903.07,-32321.08,1707.57,22638.1,-6212.64,181.78,215.41,-6030.86,-5815.45,,,,,
2341,1820.93,4429.5,5177.52,497.05,279.88,-204.43,-3878.24,-32076.98,1725.76,22618.54,-6409.77,187.62,389.54,-6222.15,-5832.61,,,,,
2351,1821.01,4491.53,5244.33,529.75,272.02,-201.79,-3891.78,-32275.75,1719,22592.46,-6248.21,180.19,300.79,-6068.03,-5767.24,,,,,
2361,1796.28,4351.31,5199.59,501.24,272.72,-193.57,-3881.3,-32279.43,1756.79,22687.03,-6295.98,180.05,210.66,-6115.93,-5905.27,,,,,
2371,1815.66,4391.39,5220.68,489.91,273.72,-201.82,-3866.54,-32212.6,1726.43,22635.36,-6339,180.59,272.2,-6158.41,-5886.22,,,,,
2381,1798.75,4415.05,5206.33,512.41,282.44,-216.66,-3925.25,-32206.41,1759.31,22605.96,-6303.82,180.03,231.93,-6123.8,-5891.86,,,,,
2391,1827.41,4453.71,5189.63,499.09,261.24,-200.41,-3908.41,-32303.06,1741.52,22699.82,-6222.27,179.05,260.55,-6043.22,-5782.67,,,,,
2401,1803.01,4446.79,5250.15,513.76,265.65,-219.89,-3941.58,-32233.26,1747.83,22643.3,-6300.19,175.69,275.77,-6124.5,-5848.74,,,,,
2411,1803.44,4407.52,5239.63,509.94,274.55,-179.94,-3939.42,-32116.61,1748.47,22607.73,-6392.56,179.96,355.31,-6212.6,-5857.29,,,,,
2421,1834.57,4411.74,5231.98,509.18,265.71,-212.46,-3927.82,-32163.63,1731.94,22655.95,-6407.03,177.95,337.17,-6229.08,-5891.91,,,,,
2431,1763.15,4400.12,5222.52,508.65,286.09,-209.96,-3953.89,-32098.78,1769.28,22777.44,-6457.84,184.04,464.63,-6273.8,-5809.17,,,,,
2441,1846.23,4516.91,5250.41,518.58,307.95,-202.91,-3908.53,-32099.37,1717.86,22524.9,-6360.87,180.08,472.02,-6180.79,-5708.77,,,,,
2451,1816.54,4444.07,5221.53,509.2,280.85,-184.56,-3900.87,-31987.54,1737.44,22592.52,-6492.69,183.58,529.18,-6309.11,-5779.93,,,,,
2461,1784.98,4441.61,5239.18,517.1,287.54,-196.03,-3890.09,-32252.17,1770.36,22724.66,-6343.33,180.87,427.14,-6162.46,-5735.32,,,,,
2471,1784.08,4410.68,5262.7,508.85,261.71,-189.94,-3898.75,-32215.12,1742.01,22748.73,-6452.19,183.07,414.95,-6269.11,-5854.16,,,,,
2481,1798.06,4498.64,5226.92,515.81,280.56,-195.22,-3920.46,-32218.44,1740.88,22697.61,-6365.41,178.48,424.35,-6186.92,-5762.57,,,,,
2491,1737.07,4562.12,5267.84,521.77,271.04,-205.83,-3928.52,-32195.98,1755.83,22698.49,-6368.7,179.37,483.83,-6189.33,-5705.5,,,,,
2501,1827.76,4405.77,5218.44,525.16,273.97,-178.41,-3839.25,-32197.19,1750.88,22631.02,-6350.49,179.76,418.16,-6170.73,-5752.57,,,,,
2511,1877.13,4518.74,5201.53,519.2,259.03,-193.26,-3874.98,-32024.59,1723.23,22516.07,-6396.84,183.79,522.09,-6213.05,-5690.96,,,,,
2521,1802.56,4424.9,5192.68,493.27,262.45,-180.06,-3900,-32189.32,1764.02,22676.44,-6403.82,184.62,346.94,-6219.2,-5872.26,,,,,
2531,1791.77,4480.49,5238.98,499.08,268.15,-180.97,-3892.51,-32097.38,1741.7,22609.5,-6443.81,183.62,458.8,-6260.2,-5801.39,,,,,
2541,1803.77,4400.31,5221.39,517.17,275.07,-195.73,-3873.2,-31995.77,1792.24,22630.72,-6464.76,181.44,575.96,-6283.32,-5707.36,,,,,
2551,1796.6,4495.34,5242.73,511.01,272.38,-207.26,-3924.38,-31996.65,1785.87,22586.1,-6476.11,181.47,561.73,-6294.63,-5732.9,,,,,
2561,1797.08,4400.85,5236.83,512.17,265.33,-167.43,-3921.5,-32016.92,1759.21,22630.65,-6503.64,180.95,496.27,-6322.69,-5826.41,,,,,
2571,1822.88,4492.21,5258.38,524.95,283.32,-180.02,-3917.16,-32078.71,1766.63,22509.4,-6387.53,179.02,481.88,-6208.51,-5726.63,,,,,
2581,1780.59,4445.14,5279.26,496.16,275.26,-196.97,-3917.31,-32130.2,1747.07,22618.78,-6385.56,177.76,397.78,-6207.8,-5810.02,,,,,
2591,1937.2,4434.1,5246.57,510.11,275.57,-196.38,-3945.87,-32003.88,1710.61,22589.89,-6473.77,181.18,557.92,-6292.59,-5734.67,,,,,
2601,1910.94,4352.97,5230.4,501.72,276.9,-182.34,-3911.16,-32027.1,1706.03,22655.87,-6525.28,183.2,514.22,-6342.07,-5827.85,,,,,
2611,1783.44,4403.02,5215.34,511.84,272.26,-209.85,-3912.17,-31977.78,1754.74,22604.9,-6561.45,182.12,445.75,-6379.33,-5933.58,,,,,
2621,1844.45,4447.35,5226.41,509.88,272.81,-194.05,-3878.99,-31843.22,1753.05,22465.56,-6580.95,187.85,603.27,-6393.11,-5789.84,,,,,
2631,1812.53,4495.98,5222.09,519.67,288.21,-206.69,-3896.53,-31968.12,1726.57,22594.83,-6546.29,182.94,588.54,-6363.35,-5774.81,,,,,
2641,1839.32,4538.14,5264.21,510.14,295.64,-190.93,-3916.21,-32076.02,1693.27,22534.18,-6416.34,183.36,491.74,-6232.98,-5741.24,,,,,
2651,1781.78,4433.27,5212.06,491.04,256.58,-205.45,-3877.68,-32111.39,1771.02,22561.05,-6385.17,182.12,312.29,-6203.05,-5890.76,,,,,
2661,1790.23,4507.99,5198.52,511.86,269.68,-172.4,-3855.8,-32136.12,1752.23,22596.09,-6385.47,176.95,462.27,-6208.52,-5746.25,,,,,
2671,1871.08,4497.1,5225.67,515.05,288.85,-194.98,-3893.62,-32104.49,1718.21,22596.54,-6451.1,181.06,519.42,-6270.04,-5750.62,,,,,
2681,1800.82,4416.64,5235.9,510.19,290.94,-198.32,-3913.16,-32087.85,1736.77,22556.14,-6402.26,183.9,348.04,-6218.36,-5870.32,,,,,
2691,1783.27,4495.46,5259.27,507.83,269.88,-203.77,-3914.77,-32156.79,1802.28,22687.91,-6462.34,182.44,530.56,-6279.9,-5749.34,,,,,
2701,1877.21,4439.56,5185.58,505.17,275.08,-176.66,-3898.72,-32097.22,1773.95,22550.75,-6405.84,181.06,434.7,-6224.78,-5790.08,,,,,
2711,1833.48,4514.75,5220.92,524.31,275.36,-193.2,-3889.28,-32025.58,1730.73,22629.4,-6471.75,184.07,620.89,-6287.68,-5666.79,,,,,
2721,1759.4,4556.88,5238.59,514.43,298.83,-215.29,-3896.4,-32055,1762.87,22574.69,-6464.57,184.81,539,-6279.76,-5740.75,,,,,
2731,1758.26,4528.24,5201.86,505.07,280.96,-178.37,-3903.05,-31954.81,1766.36,22579.87,-6543.25,183.72,584.38,-6359.53,-5775.15,,,,,
2741,1879.95,4435.38,5226.86,507.35,276.62,-196.73,-3890.37,-31752.46,1740.72,22503.57,-6693.64,186.83,730.88,-6506.81,-5775.93,,,,,
2751,1800.44,4399.99,5245.93,493.46,287.94,-196.25,-3955.46,-32116.18,1771.85,22724.22,-6442.12,179.49,455.95,-6262.63,-5806.68,,,,,
2761,1807.39,4495.47,5267.62,502.85,285.54,-215.55,-3882.19,-31940.72,1756.7,22564.81,-6541.15,184.64,641.92,-6356.51,-5714.59,,,,,
2771,1832.14,4454.17,5242.91,500.8,272.57,-204.24,-3949.6,-31946.29,1754.53,22622.87,-6536.33,182.32,579.86,-6354.02,-5774.15,,,,,
2781,1755.77,4433.32,5214.57,494,253.62,-183.53,-3972.44,-32002.68,1733.68,22573.39,-6428.75,180.7,299.71,-6248.05,-5948.33,,,,,
2791,1829.29,4455.44,5208.96,523.64,265.16,-200.78,-3905.52,-31841.35,1739.2,22559.97,-6618.42,189.91,634.01,-6428.51,-5794.5,,,,,
2801,1881.13,4442.62,5256.09,506.63,268.44,-203.16,-3885.42,-31980.12,1747.52,22631.84,-6566.97,184.19,665.59,-6382.78,-5717.19,,,,,
2811,1857.34,4449.89,5243.85,507.75,267.54,-204.23,-3921.52,-31982.52,1761.04,22603.64,-6536.56,184.71,582.79,-6351.85,-5769.06,,,,,
2821,1821,4463.17,5179.06,495.72,269.72,-203.89,-3924.16,-31979.09,1753.94,22663.33,-6550.84,183.63,538.82,-6367.21,-5828.39,,,,,
2831,1768.94,4359.22,5209.15,485.54,281.59,-192.04,-3923.79,-32249.83,1767.31,22889.41,-6428.21,183.24,395.5,-6244.97,-5849.46,,,,,
2841,1817.67,4405.08,5264.33,502.11,266.31,-220,-3862.13,-32090.77,1761.06,22604.83,-6519.58,186.37,448.47,-6333.21,-5884.74,,,,,
2851,1803.82,4476.56,5228.06,509.46,278.76,-189.56,-3856.54,-31969.43,1740.46,22685.6,-6602.59,186.43,707.19,-6416.16,-5708.97,,,,,
2861,1841.91,4533.04,5247.62,505.1,292.29,-238.02,-3914.78,-32022.94,1746.76,22716.11,-6559.21,184.32,707.08,-6374.89,-5667.81,,,,,
2871,1846.84,4484.33,5234.04,503.73,268.77,-209.54,-3939.9,-32137.93,1772.78,22592.48,-6372.05,186.37,415.59,-6185.68,-5770.09,,,,,
2881,1838.56,4427.31,5227.93,510.23,255.17,-186.87,-3849.74,-32036.2,1762.71,22527.33,-6443.4,189.57,476.42,-6253.82,-5777.4,,,,,
2891,1876.13,4536.58,5222.27,506.97,267.36,-206.56,-3928.07,-31843.82,1724.02,22622.63,-6627.94,187.97,777.54,-6439.98,-5662.44,,,,,
2901,1784.22,4414.11,5238.22,504.61,268.21,-212.98,-3874.62,-31916.61,1767.6,22604.59,-6608.37,184.83,577.35,-6423.54,-5846.19,,,,,
2911,1772.83,4353.23,5213.06,503.63,278.05,-197.92,-3838,-31966.72,1743.29,22633.25,-6604.29,187.2,494.7,-6417.09,-5922.39,,,,,
2921,1822.87,4496.22,5258.48,507.19,282.4,-200.17,-3863.25,-32126.2,1744.39,22575.08,-6405.78,186.13,497.01,-6219.64,-5722.63,,,,,
2931,1826.62,4424.12,5231.61,513.12,274.11,-209.23,-3849.3,-32051.39,1732.91,22593.03,-6491.47,185.33,485.6,-6306.14,-5820.55,,,,,
2941,1804.04,4481.05,5212.21,504.36,268.7,-201.29,-3848.83,-32057.08,1750.51,22632.56,-6538.86,187.28,546.24,-6351.58,-5805.34,,,,,
2951,1880.68,4489.89,5222.14,510.66,282.46,-213.18,-3851.27,-31963.34,1742.75,22451.41,-6445.63,187.5,552.2,-6258.13,-5705.93,,,,,
2961,1810.22,4526.07,5237.27,517.71,261.73,-176.06,-3890.48,-32094.55,1754.63,22573.17,-6417.09,184.34,519.71,-6232.75,-5713.04,,,,,
2971,1840.94,4444.96,5210.25,522.5,264.13,-196.45,-3868.82,-32016.3,1734.7,22536.35,-6435.64,186.47,472.26,-6249.17,-5776.91,,,,,
2981,1845.86,4543.02,5246.15,511.04,282.07,-211.38,-3869.43,-31958.18,1725.43,22485.17,-6469.77,187.57,599.76,-6282.19,-5682.44,,,,,
2991,1849.98,4434.2,5208.41,499.67,274.63,-194.26,-3933.67,-32106.74,1759.45,22692.75,-6442.52,184.17,484.43,-6258.35,-5773.92,,,,,
3001,1813.18,4500.09,5256.93,512.43,281.79,-215.67,-3867.03,-32036.63,1754.15,22565.28,-6446.42,184.93,564.52,-6261.48,-5696.97,,,,,
3011,1766.61,4470.24,5234.15,514.38,279.03,-192.93,-3875.81,-32025.89,1756.53,22528.54,-6438.29,183.93,454.86,-6254.36,-5799.5,,,,,
3021,1740.61,4379.17,5226.54,474.61,278.82,-212.67,-3860.64,-31961.02,1762.9,22621.12,-6487.4,188.16,449.47,-6299.24,-5849.77,,,,,
3031,1815.25,4483.04,5216.11,507.63,274.54,-214.42,-3879.68,-32144.89,1774.02,22656.04,-6372.37,185.2,487.63,-6187.17,-5699.54,,,,,
3041,1855.1,4491.09,5297.65,519.36,246.63,-210.89,-3873.1,-32022.91,1733.03,22536.29,-6403.01,183.96,572.25,-6219.05,-5646.81,,,,,
3051,1793.57,4470.84,5263.82,505.52,260.68,-211.08,-3864.85,-31943.76,1733.21,22494.28,-6454.82,186.72,502.22,-6268.09,-5765.87,,,,,
3061,1843.36,4373.54,5260.93,505.64,265.2,-209.21,-3912.86,-32035.93,1833.46,22613.76,-6453.84,187.04,537.89,-6266.8,-5728.91,,,,,
3071,1827.9,4427.74,5266.27,501.28,294.46,-205.92,-3862.05,-32107.39,1722.43,22540.55,-6353.56,184.25,405.27,-6169.31,-5764.04,,,,,
3081,1771.4,4378.44,5266.54,487.75,280.28,-193.92,-3866.18,-32071.61,1764.59,22665.3,-6430.47,186.45,482.59,-6244.02,-5761.43,,,,,
3091,1765.71,4496.46,5215.75,498.65,270.03,-215.96,-3882.3,-31939.76,1766.04,22442.02,-6448.73,188.36,416.64,-6260.37,-5843.74,,,,,
3101,1861.51,4473.15,5225.75,521.92,268.12,-198.04,-3885.69,-31920.58,1703.41,22582.47,-6585.05,186.16,632.02,-6398.89,-5766.87,,,,,
3111,1848.64,4381.43,5222.73,519.73,277.39,-203.1,-3878.62,-32038.39,1732.48,22551.75,-6464.56,187.48,414.04,-6277.09,-5863.05,,,,,
3121,1845.74,4454.18,5244.2,493.81,265.41,-199.05,-3879.84,-32087.04,1760.44,22602.87,-6403.63,186.48,500.73,-6217.15,-5716.42,,,,,
3131,1817.34,4461.27,5253.5,502.42,261.78,-210.87,-3876.08,-32117.24,1729.49,22587.17,-6384.79,186.69,408.79,-6198.1,-5789.31,,,,,
3141,1775.26,4485.83,5237.82,523.52,302.24,-205.05,-3904.6,-31934.85,1775.15,22659.97,-6574.27,184.14,715.3,-6390.13,-5674.84,,,,,
3151,1822.02,4454.78,5213.8,513.34,262.05,-221.18,-3848.44,-32210.33,1775.35,22559.42,-6257.73,182.41,320.82,-6075.32,-5754.5,,,,,
3161,1846.03,4463.77,5260.24,512.92,292.58,-197.84,-3863.71,-32102.05,1765,22600.17,-6414.98,183.66,577.11,-6231.32,-5654.2,,,,,
3171,1772.79,4445.74,5241.87,496.82,277.99,-198.52,-3912.1,-32097.71,1742.18,22576.58,-6349.35,183.36,345.63,-6165.99,-5820.36,,,,,
3181,1829.48,4430.88,5233.16,500.52,270.68,-217.77,-3871.8,-32227.81,1764.58,22713.56,-6354.13,188.54,425.49,-6165.59,-5740.1,,,,,
3191,1807.38,4413.03,5257.7,483.63,273.37,-203.23,-3913.73,-32012.74,1736.39,22587.01,-6458.16,183.77,428.8,-6274.39,-5845.59,,,,,
3201,1788.09,4440.11,5214.01,503.24,281.05,-192.37,-3898.56,-32027.09,1753.54,22532.54,-6477.49,186.36,394.57,-6291.12,-5896.56,,,,,
3211,1809.5,4433.46,5261.01,516,270.27,-183.73,-3954.54,-32349.61,1767.53,22587.94,-6124.01,179.68,157.81,-5944.32,-5786.51,,,,,
3221,1789.21,4438.87,5188.85,494.07,261.97,-172.77,-3902.81,-32076.94,1740.69,22677.47,-6454.66,182.82,438.62,-6271.84,-5833.22,,,,,
3231,1808.19,4424.03,5221.61,509.97,279.48,-193.76,-3969.3,-32387.41,1779.68,22572.28,-6129.13,177.53,44.77,-5951.61,-5906.84,,,,,
3241,1825.41,4464.84,5237.83,516.57,266.93,-210.35,-3887.52,-32296.64,1770.35,22613.32,-6232.72,179.7,300.74,-6053.02,-5752.28,,,,,
3251,1810.41,4473.27,5197.63,498.84,263.47,-225.93,-3933.23,-32329.65,1756.66,22614.86,-6222.58,175.68,126.32,-6046.9,-5920.58,,,,,
3261,1776.32,4394.7,5204.85,486.33,274.17,-223.11,-3969.41,-32312.31,1749.39,22703.26,-6239.53,177.03,84.18,-6062.5,-5978.32,,,,,
3271,1695.63,4475.46,5207.41,516.63,290.83,-213.77,-3937.87,-32207.35,1771.57,22635.56,-6344.06,180.97,234.11,-6163.09,-5928.98,,,,,
3281,1837.39,4539.96,5212.17,508.05,257.97,-221.52,-3918.15,-32023.48,1724.92,22615.81,-6485.3,183.21,533.12,-6302.09,-5768.96,,,,,
3291,1837.53,4533.01,5248.6,520.9,297.22,-223.46,-3901.51,-32034.11,1743.92,22621.69,-6501.92,187.07,643.78,-6314.84,-5671.06,,,,,
3301,1812.36,4432.19,5162.15,504.74,273.86,-194.41,-3908.89,-32015.75,1762.5,22639.91,-6467.13,183.21,468.66,-6283.92,-5815.26,,,,,
3311,1814.43,4463.5,5193.01,507.36,271.79,-225.58,-3922.38,-32294.57,1765.46,22574.51,-6193.94,176.18,147.51,-6017.77,-5870.25,,,,,
3321,1878.46,4471.37,5237.59,512.19,266.38,-215.42,-3938.41,-32128.86,1716.82,22574.1,-6318.09,178.09,374.22,-6140,-5765.79,,,,,
3331,1830.26,4546.11,5233.57,526.56,271.33,-187.59,-3930.08,-31995.88,1736.24,22561.66,-6488.7,183.95,592.21,-6304.75,-5712.55,,,,,
3341,1819.63,4448.42,5230.83,486.88,291.77,-224.74,-3940.15,-31897.85,1721.5,22549.22,-6516.92,186.29,485.51,-6330.63,-5845.12,,,,,
3351,1777.81,4474.31,5264.09,515.5,267.19,-190.47,-3930.95,-32182.85,1773.68,22515.84,-6280.35,176.69,284.17,-6103.66,-5819.49,,,,,
3361,1801.42,4503.62,5226.98,493.76,291.65,-223.27,-3916.05,-31948.84,1736.92,22554.8,-6516.79,180.49,520.98,-6336.3,-5815.32,,,,,
3371,1820.14,4471.93,5248.93,507.17,281.48,-221.94,-3924.79,-32013.46,1778.9,22596.89,-6459.77,178.97,545.23,-6280.8,-5735.57,,,,,
3381,1797.91,4501.68,5256.56,502.78,294.22,-228.45,-3888.8,-32138.04,1724.51,22677,-6447.26,184.2,499.36,-6263.07,-5763.7,,,,,
3391,1792.96,4386.28,5234.97,490.98,288.87,-204.15,-3878.37,-31966.06,1725.96,22686.08,-6565.5,185.32,557.53,-6380.19,-5822.66,,,,,
3401,1723.17,4516.63,5246.55,495.01,255.58,-211.6,-3915.66,-32141.75,1759.13,22673.43,-6419.34,180.15,400.5,-6239.19,-5838.69,,,,,
3411,1886.08,4523.01,5196.09,513.25,289.82,-196.68,-3886.48,-32093.3,1741.83,22657.13,-6460.16,182.93,630.76,-6277.24,-5646.48,,,,,
3421,1791.92,4469.49,5191.96,512.59,273.61,-211.03,-3862.69,-32169.02,1758.86,22631.89,-6445.68,183.93,387.59,-6261.76,-5874.17,,,,,
3431,1845.84,4405.4,5208.6,503.7,262.05,-206.45,-3913,-32131.95,1728.67,22681.14,-6407.53,180.63,384,-6226.89,-5842.89,,,,,
3441,1784.9,4470.53,5160.73,502.58,290.34,-202.09,-3880.68,-32204.64,1734.86,22752.8,-6420.44,180.39,409.33,-6240.05,-5830.73,,,,,
3451,1797.82,4421.97,5205.59,491.68,289.2,-206.06,-3903.4,-32072.86,1752.18,22738.32,-6523.2,178.17,514.43,-6345.03,-5830.6,,,,,
3461,1832.18,4446.08,5171.84,499.66,265.35,-203.25,-3906.96,-31830.57,1725.02,22594.5,-6616.67,182.35,593.85,-6434.33,-5840.48,,,,,
3471,1796.56,4428.6,5188.2,520.62,267.95,-225.76,-3889.46,-32073.69,1766.12,22663.13,-6488.57,182.19,442.26,-6306.38,-5864.12,,,,,
3481,1767.73,4423.5,5187.52,511.12,279.83,-192.31,-3875.22,-32184,1758.05,22716.01,-6421.89,180.33,392.23,-6241.55,-5849.33,,,,,
3491,1801.55,4474.51,5254.39,494.34,269.31,-205.81,-3913.11,-32247.18,1730.1,22647.15,-6339.74,182.32,305.25,-6157.42,-5852.17,,,,,
3501,1863.97,4480.8,5237.93,511.25,293.18,-222.97,-3891.12,-31919.51,1753.21,22574.28,-6536.17,178.13,681.03,-6358.04,-5677.01,,,,,
3511,1743,4405.28,5250.19,489.59,296,-212.54,-3919.31,-32027.83,1771.26,22704.61,-6479.71,184.03,500.26,-6295.68,-5795.43,,,,,
3521,1874.15,4478.91,5244.25,503.64,258.87,-229.96,-3853.02,-32012.33,1735.28,22628.36,-6530.17,182.66,628.15,-6347.51,-5719.37,,,,,
3531,1828.72,4401.18,5243.58,520.3,286.5,-192.82,-3899.79,-32241.81,1778.82,22672.36,-6278.37,175.67,397.05,-6102.7,-5705.65,,,,,
3541,1779.81,4456.41,5224.07,514.75,279.11,-205.35,-3896.51,-31864.65,1769.77,22705.89,-6648.53,182.05,763.31,-6466.48,-5703.18,,,,,
3551,1770.71,4423.83,5218.87,499.33,293.08,-186.4,-3875.96,-32004.97,1734.99,22668.38,-6538.08,183.59,541.85,-6354.48,-5812.63,,,,,
3561,1810.92,4444.05,5188.28,509.88,260.34,-193.99,-3855.67,-31898.93,1737.79,22533.34,-6563.63,183.25,536.01,-6380.38,-5844.37,,,,,
3571,1766.68,4481.75,5226.06,496.78,264.83,-219.03,-3881.48,-31899.83,1758.03,22567.59,-6542.5,182.65,561.38,-6359.84,-5798.46,,,,,
3581,1753,4534.25,5226.17,504.46,274.92,-210.7,-3915.08,-31765.99,1739.86,22482.41,-6658.02,187.09,623.32,-6470.93,-5847.61,,,,,
3591,1799.36,4457.67,5222.03,509.74,257.99,-227.06,-3879.73,-31958.38,1753.21,22609.92,-6568.76,183.76,544.75,-6385,-5840.24,,,,,
3601,1781.66,4470,5184.69,508.82,293.48,-204.17,-3895.82,-32041.01,1737.82,22649.28,-6503.48,183.01,484.74,-6320.47,-5835.74,,,,,
3611,1845.65,4504.11,5227.18,501.62,271.76,-186.69,-3903.58,-31909.27,1729.36,22532.85,-6554.36,181.79,613.01,-6372.56,-5759.56,,,,,
3621,1835.67,4514.08,5199.06,497.42,267.1,-207.48,-3925.1,-31914.29,1728.15,22679.83,-6614.69,183.8,674.43,-6430.89,-5756.46,,,,,
3631,1876.86,4401.78,5214.4,509.49,296.13,-218.45,-3882.72,-31967.51,1743.74,22684.04,-6627.96,185.33,657.77,-6442.63,-5784.86,,,,,
3641,1851.5,4465.44,5264.86,512.99,296.69,-224.92,-3907.39,-31946.48,1732.64,22615.58,-6572.72,181.98,660.92,-6390.75,-5729.83,,,,,
3651,1826.25,4449.3,5210.81,508.82,294.98,-187.91,-3917.37,-31790.19,1743.51,22621.16,-6667.67,183.21,759.36,-6484.46,-5725.1,,,,,
3661,1873.38,4529.6,5220.4,503.49,253.48,-196.59,-3924.17,-32169.78,1729.15,22610.85,-6335,178.36,429.8,-6156.64,-5726.84,,,,,
3671,1817.67,4468.3,5219.55,499.62,274.17,-184.68,-3936.51,-31957.7,1737.45,22707.17,-6622.87,183.75,645.04,-6439.12,-5794.08,,,,,
3681,1824.84,4518.77,5220.99,505.67,281.14,-197.5,-3852.34,-31968.41,1742.35,22541.05,-6503.32,185.59,616.57,-6317.73,-5701.16,,,,,
3691,1872.28,4431.08,5229.92,507.35,271.71,-200.79,-3876.21,-31948.39,1715.53,22426.71,-6446.43,182.84,429.18,-6263.59,-5834.4,,,,,
3701,1802.65,4548.4,5236.87,527.19,271.52,-206.62,-3898.33,-31962.79,1717.81,22572.6,-6539.99,182.48,609.3,-6357.51,-5748.21,,,,,
3711,1811.97,4417.46,5217.55,499.44,280.24,-198.31,-3913.6,-32028.88,1744.56,22637.88,-6514.2,183.68,468.32,-6330.51,-5862.19,,,,,
3721,1755.14,4358.2,5246.51,496.8,275.12,-196.64,-3862.24,-32090.98,1750.46,22637.89,-6505.85,184.09,370.26,-6321.76,-5951.5,,,,,
3731,1783.44,4315.24,5253.13,502.87,268.84,-224.63,-3883.94,-31940.64,1768.02,22564.54,-6540.69,182.83,406.86,-6357.87,-5951.01,,,,,
3741,1815.64,4517.32,5237.49,522.35,277.01,-203.75,-3888.41,-32009.03,1736.92,22653.47,-6587.68,181.27,659,-6406.41,-5747.41,,,,,
3751,1809.21,4446.4,5224.34,516.46,280.85,-195.77,-3920.38,-32002.27,1778.28,22605.92,-6544.74,179.46,543.05,-6365.28,-5822.23,,,,,
3761,1751.05,4426.93,5252,501.78,279.46,-198.13,-3894.55,-31863.2,1771.87,22600.23,-6627.74,183.65,627.46,-6444.09,-5816.63,,,,,
3771,1804.19,4460.26,5198.31,506.02,282.77,-202.92,-3867.44,-31807.96,1783.61,22460.01,-6618.54,183.24,616.85,-6435.3,-5818.44,,,,,
3781,1826.96,4386.71,5192.68,516.67,273.86,-205.26,-3867.43,-32076.42,1762.05,22705.62,-6524.08,185.09,515.44,-6338.99,-5823.55,,,,,
3791,1756.87,4537.4,5233.63,504.33,265.81,-178.65,-3894.87,-32074.45,1748.09,22639.27,-6486.86,182.08,537.43,-6304.78,-5767.35,,,,,
3801,1800.94,4497.09,5218.26,507.55,300.16,-203.4,-3853.99,-31917.19,1751.59,22507.04,-6524.69,187.27,608.06,-6337.42,-5729.36,,,,,
3811,1809.16,4438.67,5260.56,511.32,271.84,-210.99,-3863.61,-32011.91,1748.13,22629.53,-6571.05,183.96,582.7,-6387.1,-5804.39,,,,,
3821,1849.58,4427.69,5229.14,513.53,276.63,-171.61,-3884.33,-31928.32,1716.85,22596.43,-6562.47,184.54,625.6,-6377.94,-5752.34,,,,,
3831,1802.32,4420.09,5228.12,512.39,275.61,-181.64,-3880.9,-32081.62,1735.12,22673.68,-6495.21,184.05,503.16,-6311.16,-5808,,,,,
3841,1847.35,4408.51,5200.47,507.07,294.54,-197.54,-3886.42,-32000.11,1768.83,22604.19,-6528.92,180.38,546.89,-6348.53,-5801.64,,,,,
3851,1809.77,4479.84,5196.26,505.98,288.77,-186.16,-3867.14,-31998.07,1765.84,22647.08,-6567.1,184.07,642.16,-6383.03,-5740.87,,,,,
3861,1805.96,4512.18,5189.62,492.4,282.74,-189.79,-3898.91,-31990.81,1765.88,22568.04,-6471.15,180.96,537.32,-6290.19,-5752.87,,,,,
3871,1718.42,4501.95,5224.58,510.93,284.93,-187.62,-3881.98,-32128.34,1767.61,22740.17,-6514.21,184.28,550.65,-6329.93,-5779.29,,,,,
3881,1777.7,4433.32,5240.17,515.43,278.82,-174.92,-3848.65,-31987.96,1771.08,22694.66,-6568.89,185.91,699.64,-6382.97,-5683.33,,,,,
3891,1822.83,4414.41,5228.38,505.68,278.45,-193.52,-3874.94,-31852.56,1764.36,22691.5,-6706.05,183.77,784.59,-6522.28,-5737.7,,,,,
3901,1824.51,4400.51,5269.4,513.4,288.45,-182.04,-3938.73,-31760.55,1761.09,22529.85,-6614.15,181.83,705.9,-6432.32,-5726.42,,,,,
3911,1819.08,4410.83,5188,502.77,294.13,-205.66,-3902.89,-31715.51,1761.87,22522.58,-6697.39,185.04,675.2,-6512.36,-5837.16,,,,,
3921,1792.05,4492.15,5224.16,509.5,260.47,-214.45,-3938.04,-31807.67,1767.45,22590.24,-6663.88,185.01,675.85,-6478.87,-5803.02,,,,,
3931,1770.68,4416.45,5257.06,506.45,293.82,-203.27,-3949.94,-31721.99,1743.96,22684.77,-6771.66,186.02,798,-6585.64,-5787.64,,,,,
3941,1827.5,4518.84,5236.9,520.4,259.08,-233.93,-3871.88,-31895.91,1752.38,22601.87,-6606.48,184.24,715.26,-6422.24,-5706.99,,,,,
3951,1826.01,4379,5267.97,498.65,275.39,-201.75,-3906.83,-31811.67,1742.83,22547.75,-6612.62,181.85,617.34,-6430.77,-5813.43,,,,,
3961,1844.44,4542.31,5236.53,508.78,278.12,-227.95,-3876,-31753.64,1735.63,22498.06,-6654.28,185.19,786.27,-6469.09,-5682.82,,,,,
3971,1794.29,4480.33,5194.57,515.91,282.42,-186.99,-3885.91,-31886.53,1739.88,22518.16,-6557.01,187.66,566.12,-6369.35,-5803.23,,,,,
3981,1813.45,4495.67,5244.98,500.21,277.84,-199.32,-3874.55,-31812.91,1762.12,22483.26,-6573.26,187.12,690.76,-6386.14,-5695.39,,,,,
3991,1857.53,4520.01,5196.47,516.98,268.77,-184.06,-3884.33,-31715.38,1738.98,22568.91,-6738.51,189.21,883.87,-6549.3,-5665.43,,,,,
4001,1807.44,4457.03,5230.38,499.48,285.73,-195.86,-3914.87,-31823.59,1745.18,22585.73,-6663.81,184.82,676.66,-6478.99,-5802.33,,,,,
4011,1794.49,4423.8,5190.59,504.83,294.69,-206.77,-3891.42,-31648.83,1780.31,22499.56,-6764.64,184.44,741.23,-6580.2,-5838.97,,,,,
4021,1775.83,4452.93,5207.64,502.59,262.39,-214.7,-3902.38,-31718.24,1765.39,22483.94,-6654.15,185.57,615.36,-6468.58,-5853.21,,,,,
4031,1829.61,4434.56,5225.56,501.63,278.66,-228.28,-3920.17,-31844.54,1752,22496.06,-6553.29,184.58,525.08,-6368.71,-5843.63,,,,,
4041,1824.81,4494.59,5242.73,536.13,273.52,-209.54,-3889.07,-32136.22,1769.8,22648.64,-6467.78,184.78,555.38,-6283,-5727.62,,,,,
4051,1788.53,4420.53,5235.92,511.6,270.9,-202.52,-3882.1,-32067.02,1806.27,22695.97,-6502.2,181.66,578.08,-6320.54,-5742.46,,,,,
4061,1829.9,4446.33,5175.75,499.97,282.59,-196.05,-3888.43,-31962.51,1781.44,22630.42,-6592.37,186.53,599.42,-6405.84,-5806.42,,,,,
4071,1836.32,4479.08,5253.02,530.92,273.27,-199.08,-3897.52,-31743.62,1740.67,22601.29,-6774.92,182.58,874.34,-6592.34,-5718.01,,,,,
4081,1862.05,4497.74,5221.8,514.41,283.01,-227.54,-3914.84,-31734.18,1749.2,22543.94,-6715.7,181.37,795.57,-6534.33,-5738.75,,,,,
4091,1859.81,4488.16,5242.35,514.49,281.13,-220.2,-3934.78,-31860.21,1741.21,22556.65,-6586.73,184.29,668.61,-6402.45,-5733.84,,,,,
4101,1822.22,4486.72,5219.14,511.56,271.22,-227.72,-3934.12,-31649.97,1767.88,22522.92,-6710.12,182.76,789.85,-6527.36,-5737.51,,,,,
4111,1828.3,4608.32,5181.08,510.25,279.32,-176.19,-3919.28,-31572.23,1748.38,22431.42,-6786.13,187.58,919.35,-6598.56,-5679.2,,,,,
4121,1721.88,4470.75,5216.4,504.44,290.14,-213.49,-3925.91,-31768.92,1751.02,22718.62,-6726.67,185.54,764.91,-6541.13,-5776.21,,,,,
4131,1796.93,4409.95,5209.87,506.32,268.3,-215.42,-3877.08,-31915.77,1752.66,22710.45,-6664.4,183.08,646.23,-6481.31,-5835.09,,,,,
4141,1835.06,4392.44,5199.37,498.81,270.09,-199.4,-3839.36,-31793.61,1738.6,22553.11,-6706.57,185.29,655.11,-6521.28,-5866.17,,,,,
4151,1902.76,4451.64,5242.08,518.43,283.82,-207.69,-3882.73,-31844.35,1741.22,22543.89,-6605.83,185.86,749.08,-6419.98,-5670.9,,,,,
4161,1832.14,4420.61,5207.84,495.4,269.78,-226.22,-3894.17,-31750.03,1761.07,22476.84,-6658.59,185.17,593.26,-6473.42,-5880.15,,,,,
4171,1841.94,4440.64,5213.48,497.73,268.06,-209.06,-3911.6,-32019.48,1756.25,22534.2,-6434.81,178.72,412.19,-6256.08,-5843.9,,,,,
4181,1848.01,4477.82,5272.43,515.58,274.09,-219.92,-3960.32,-31893.18,1750.95,22547.89,-6500.47,180.62,613.35,-6319.85,-5706.5,,,,,
4191,1805.79,4470.89,5216.23,512.71,293.87,-214.42,-3907.88,-31980.52,1752.18,22573.11,-6496.13,186.7,521.97,-6309.43,-5787.47,,,,,
4201,1853.26,4556.9,5191.26,526.93,275.46,-208.76,-3887.76,-31945.99,1735.83,22547.79,-6526.47,184.99,644.92,-6341.48,-5696.56,,,,,
4211,1825.17,4451.61,5228.36,508.82,279.07,-222.35,-3881.97,-31859.28,1743.52,22471.16,-6547.49,184.55,544.11,-6362.94,-5818.84,,,,,
4221,1813.31,4516.36,5245.49,507.47,278.99,-202.95,-3919.36,-32056.6,1740.3,22494.35,-6356.76,179.6,417.37,-6177.16,-5759.79,,,,,
4231,1840.54,4497.66,5229.86,519.1,288.65,-214.75,-3922.38,-31945.66,1729.45,22573.54,-6549.79,183.27,596,-6366.52,-5770.52,,,,,
4241,1814.62,4429.5,5242.05,511.29,279,-185.7,-3933.05,-32089.09,1735.22,22597.37,-6371.13,179.47,401.21,-6191.66,-5790.45,,,,,
4251,1775.52,4472.01,5227.26,517.72,275.86,-197.67,-3932.37,-32126.73,1756.01,22585.17,-6319.19,176.51,352.76,-6142.69,-5789.92,,,,,
4261,1827.96,4468.58,5199.09,504.09,281.17,-209.13,-3939.38,-32043.28,1740.03,22510.31,-6355.17,177.62,339.44,-6177.55,-5838.11,,,,,
4271,1770.48,4477.72,5244.42,510.65,303.38,-232.94,-3911.81,-32064.12,1737.92,22591,-6434.66,180.88,426.72,-6253.78,-5827.06,,,,,
4281,1780.14,4419.41,5231.26,478.64,263.46,-218.61,-3903.91,-31893.73,1794.38,22564.29,-6545.76,178.7,515.34,-6367.06,-5851.72,,,,,
4291,1853.93,4415.73,5209.37,491.59,256.71,-203.03,-3911.02,-32071.57,1715.94,22580.31,-6409.8,179.51,337.96,-6230.3,-5892.34,,,,,
4301,1824.25,4467.42,5261.06,510.22,260.98,-171.74,-3962.44,-32092.02,1747.17,22603.11,-6368.84,179.28,448,-6189.56,-5741.56,,,,,
4311,1840.01,4517.02,5238.1,516.76,278.34,-226.73,-3920.16,-31999.98,1752.66,22468.18,-6431.89,178.57,464.21,-6253.32,-5789.11,,,,,
4321,1810.23,4447.48,5213.34,504.05,276.43,-207.92,-3957.43,-31870.29,1767.77,22578.83,-6610.61,181.52,562.49,-6429.09,-5866.59,,,,,
4331,1807.61,4458.55,5250.1,517.52,272.87,-207.32,-3946.84,-32261.37,1755.04,22639.74,-6280.56,175.34,285.91,-6105.22,-5819.31,,,,,
4341,1759.65,4430.82,5209.8,504.2,266.55,-210.23,-3946.13,-32058.43,1726.22,22622.64,-6416.41,178.92,305.08,-6237.49,-5932.42,,,,,
4351,1845.85,4490.94,5205.57,520.29,275.82,-178.6,-3961.99,-32148.19,1737.03,22637.66,-6361.55,179.64,424.37,-6181.91,-5757.54,,,,,
4361,1854.22,4414.25,5182.23,500.49,266.81,-194.77,-3902.65,-32196.83,1742.19,22627.12,-6303.97,179.78,293.07,-6124.19,-5831.11,,,,,
4371,1837.52,4387.67,5222.78,500.2,270.14,-184.24,-3956.97,-32213.41,1768.85,22600.77,-6286.82,174.4,233.31,-6112.41,-5879.1,,,,,
4381,1830.88,4558.18,5219.54,518.65,248.32,-218.1,-3907.6,-32094.39,1735.93,22642.25,-6434.81,179.78,533.65,-6255.02,-5721.38,,,,,
4391,1790.96,4474.91,5231.28,517.41,273.22,-166.5,-3919.66,-32284.38,1766.16,22633.04,-6277.34,179.74,316.45,-6097.6,-5781.15,,,,,
4401,1829.05,4419.12,5219.17,514.83,267.38,-182.61,-3928.62,-32254.87,1746.2,22647.86,-6288.04,178.42,277.51,-6109.62,-5832.11,,,,,
4411,1788.94,4367.8,5227.96,496.36,267.23,-209.96,-3943.05,-32193.8,1745.15,22675.13,-6349.59,179.73,221.77,-6169.87,-5948.1,,,,,
4421,1781.05,4533.93,5237.57,512.98,288.91,-204.81,-3970.9,-32125.92,1747.84,22559.26,-6324.92,178.26,359.9,-6146.66,-5786.76,,,,,
4431,1802.09,4499.23,5226.37,509.27,294.5,-192.7,-3941.67,-32210.29,1736.2,22633.58,-6338.81,176.8,356.58,-6162.01,-5805.43,,,,,
4441,1824.75,4471.76,5189.67,507.67,272.88,-224.78,-3954.07,-32296.47,1791.71,22560.67,-6161.46,176.65,143.78,-5984.81,-5841.03,,,,,
4451,1796.77,4507.77,5237.24,521.34,276.57,-222.05,-3888.12,-32140.61,1750.15,22483.65,-6335.64,181.62,322.71,-6154.02,-5831.31,,,,,
4461,1763.48,4481.74,5197.38,507.55,282.14,-222.54,-3879.01,-32491.1,1735.75,22762.8,-6170.89,177.63,138.19,-5993.27,-5855.08,,,,,
4471,1842.61,4476.18,5221.25,520.96,257.39,-182.36,-3902.97,-32312.65,1740.68,22579.77,-6184.43,178.23,240.86,-6006.2,-5765.34,,,,,
4481,1828.48,4506.6,5249.49,509.88,269.36,-208.06,-3908.04,-32236.01,1725.18,22612.54,-6303.83,181.24,349.42,-6122.6,-5773.18,,,,,
4491,1848.48,4445.87,5227.25,511.92,257.92,-199.42,-3980.93,-32365.12,1699.28,22640.13,-6200.49,179.02,85.38,-6021.47,-5936.09,,,,,
4501,1855.19,4406.19,5206.16,517.38,260.27,-180.55,-3920.4,-32263.27,1723.78,22676.95,-6271.39,176.84,281.7,-6094.55,-5812.85,,,,,
4511,1813.96,4420.67,5230.45,515.64,268.45,-225.7,-3924.76,-32204.78,1786.76,22558.69,-6261.88,177.57,239.37,-6084.31,-5844.94,,,,,
4521,1841.62,4522.05,5225.25,503.01,292.22,-218.29,-3945.98,-32061.58,1743.36,22611.49,-6404.33,178.05,513.14,-6226.28,-5713.14,,,,,
4531,1834.31,4440.03,5234.67,498.98,272.06,-207.05,-3879.27,-31934.96,1746.53,22522.16,-6492.42,180.63,527.48,-6311.78,-5784.3,,,,,
4541,1828.21,4461.58,5227.75,513.62,261.44,-204.12,-3895.79,-31933.68,1747.2,22505.81,-6474.07,178.79,512.03,-6295.29,-5783.26,,,,,
4551,1877.97,4430.74,5215.63,498.35,272.36,-187.41,-3939.07,-32197.39,1768.66,22539.13,-6273.04,180.39,278.98,-6092.64,-5813.66,,,,,
4561,1808.2,4346.44,5263.95,507.95,267.23,-213.84,-3914.96,-32100.97,1756.3,22586.24,-6390.27,182.8,306.55,-6207.47,-5900.92,,,,,
4571,1855.91,4472.54,5248.48,513.91,277.3,-216.23,-3978.09,-32106.2,1769.72,22546.17,-6328.72,176.59,383.51,-6152.14,-5768.63,,,,,
4581,1787.84,4451.12,5185.3,499.62,276.79,-202.18,-3911.61,-32213.33,1764.52,22516.17,-6270.66,180.59,154.25,-6090.07,-5935.82,,,,,
4591,1827.21,4351.93,5208.68,501.34,267.53,-196.86,-3951.69,-32138.45,1741.72,22423.71,-6183.54,177.47,35.11,-6006.07,-5970.96,,,,,
4601,1804.95,4379.33,5207.41,488.74,288.19,-173.15,-3875.06,-32101.57,1738.56,22525.31,-6322.47,179.61,282.71,-6142.87,-5860.16,,,,,
4611,1805.46,4397.82,5210.71,500.46,290.44,-176.6,-3966.82,-32088.19,1750.55,22640.62,-6374.79,180.23,364.45,-6194.56,-5830.11,,,,,
4621,1759.16,4503.29,5204.16,508.84,275.62,-182.48,-3954.99,-32251.38,1729.63,22639.65,-6243.01,181.12,231.51,-6061.88,-5830.37,,,,,
4631,1770.78,4415.18,5242.44,496.73,289.85,-199.57,-3945.16,-32242.99,1782.04,22670.5,-6331.04,179.85,279.79,-6151.19,-5871.4,,,,,
4641,1830.42,4485.66,5262.72,513.36,264.12,-208.05,-3922.73,-32261.85,1780.65,22682.65,-6335.77,177.23,426.96,-6158.55,-5731.59,,,,,
4651,1859.92,4457.63,5223.3,504.92,262.77,-191.1,-3907.84,-32214.57,1717.85,22601.85,-6320.19,179.98,314.74,-6140.22,-5825.48,,,,,
4661,1783.82,4408.87,5226.03,496.83,278.55,-191.6,-3959.98,-32082.31,1744.35,22615.58,-6397.74,179.2,320.13,-6218.55,-5898.41,,,,,
4671,1804.94,4538.41,5217.87,504.86,275.33,-199.99,-3953.6,-31991.46,1747.97,22622.96,-6502.81,182.69,567.3,-6320.12,-5752.82,,,,,
4681,1810.72,4404.77,5178.51,496.12,276.22,-219.11,-3890.58,-32041.44,1769.44,22584.98,-6470.38,182.06,369.64,-6288.33,-5918.69,,,,,
4691,1792.7,4492.1,5192.3,501.26,261.54,-198.46,-3981.33,-31968.08,1747.37,22596.67,-6528.43,180.35,436.07,-6348.08,-5912.01,,,,,
4701,1771.31,4506.43,5239.69,500.46,280.29,-199.33,-3925.86,-32066.04,1770.49,22655.73,-6454.96,180.73,533.17,-6274.24,-5741.06,,,,,
4711,1783.11,4352.76,5233.48,513.36,278.18,-191,-3970.41,-32225.24,1786.51,22732.57,-6353.62,178.76,293.3,-6174.86,-5881.56,,,,,
4721,1824.97,4431.72,5240.02,501.21,279.02,-207.42,-3914.19,-32039.55,1753.14,22614.91,-6511.45,181.48,483.81,-6329.97,-5846.17,,,,,
4731,1828.25,4415.18,5222.08,504.67,250.28,-205.29,-3938.19,-32113.04,1754.62,22772.27,-6493.95,180.98,490.83,-6312.97,-5822.14,,,,,
4741,1779.78,4508.3,5224.56,520.95,266.62,-176.73,-3928.43,-32053.16,1770.64,22614.25,-6430.79,178.75,526.78,-6252.04,-5725.27,,,,,
4751,1808.31,4457.65,5259.17,506.26,277.87,-210.96,-3939.27,-31994.83,1760.36,22699.11,-6532.19,181.1,623.68,-6351.09,-5727.42,,,,,
4761,1862.79,4399.65,5214.71,522.2,283.06,-213.2,-3897.68,-31789.1,1762.59,22617.8,-6689.68,184.13,762.81,-6505.55,-5742.75,,,,,
4771,1747.62,4371.46,5244.34,512.44,268.47,-211.37,-3934.58,-31889.45,1784.61,22729.75,-6630.58,179.07,623.29,-6451.51,-5828.22,,,,,
4781,1840.55,4465.79,5261.61,491.18,262.06,-201.78,-3936.31,-32075.76,1763.84,22618.99,-6420.86,178.23,490.18,-6242.63,-5752.45,,,,,
4791,1793.96,4437.2,5233.94,505.12,291.08,-223.32,-3953.32,-32032.73,1756.55,22625.86,-6446.7,182.22,434.33,-6264.47,-5830.14,,,,,
4801,1808.16,4438.7,5221.36,507.47,276.94,-163.24,-3905.24,-31917.93,1717.98,22699.33,-6623.23,184.08,683.52,-6439.15,-5755.63,,,,,
4811,1786.52,4412.45,5227.94,490.46,269.62,-190.67,-3916.87,-31951.18,1766.12,22631.67,-6538.5,181.35,526.07,-6357.15,-5831.08,,,,,
4821,1848.57,4446.76,5204.11,504.8,266.23,-174.87,-3995.67,-32017.1,1718.68,22625.25,-6473.27,177.69,426.77,-6295.58,-5868.81,,,,,
4831,1791.94,4449.27,5246.18,503.94,282.63,-190.43,-3952.44,-31974.93,1760.7,22624.68,-6528.98,179.69,541.54,-6349.29,-5807.75,,,,,
4841,1846.48,4368.86,5163.95,497.05,284.27,-210.87,-3974.13,-32080.89,1736.36,22691.86,-6461.54,178.96,322.92,-6282.57,-5959.65,,,,,
4851,1812.82,4510.45,5251.07,514.74,276.13,-209.96,-4002.77,-32001.15,1728.74,22645.87,-6498.2,181.16,525.94,-6317.04,-5791.1,,,,,
4861,1798.77,4491.64,5235.79,499.8,295.46,-188.38,-3966.68,-31917.67,1761.48,22698.09,-6568.94,182.69,708.31,-6386.26,-5677.95,,,,,
4871,1741.5,4494.99,5242.47,509.16,262.16,-189.12,-3968.8,-32169.3,1733.9,22701.37,-6401.78,179.33,358.32,-6222.45,-5864.12,,,,,
4881,1763,4517.14,5205.16,511.48,262.89,-179.66,-3956.74,-31930.23,1739.98,22611.02,-6537.8,181.25,544.06,-6356.55,-5812.49,,,,,
4891,1829.06,4386.57,5206.3,499.82,264.16,-167.05,-3970.94,-32068.05,1730.81,22631.35,-6437.85,178.89,342.02,-6258.96,-5916.94,,,,,
4901,1781.97,4462.5,5169.19,487.7,271.26,-165.15,-3948.12,-31850.78,1730,22654.89,-6683.7,182.14,593.46,-6501.56,-5908.1,,,,,
4911,1788.24,4375.66,5179.16,496.38,278.79,-188.5,-3938.2,-31987.22,1750.3,22751.56,-6574.02,179.42,506.2,-6394.61,-5888.41,,,,,
4921,1797.19,4447.08,5217.33,497.27,299.32,-206.05,-3890.21,-32213.35,1750.88,22724.38,-6406.7,178.88,423.82,-6227.82,-5803.99,,,,,
4931,1845.64,4431.23,5205.25,515.09,261.07,-182.09,-3933.23,-32110.05,1770.79,22701.28,-6446.07,177.38,504.98,-6268.69,-5763.72,,,,,
4941,1823.86,4515.68,5248,516.24,291.01,-192.56,-3936.54,-31821.14,1759.71,22608.63,-6638.71,179.36,812.9,-6459.35,-5646.45,,,,,
4951,1813.8,4418.92,5185.36,514.35,264.72,-188.97,-3918.55,-32243.15,1744.47,22660.32,-6317.51,180.75,251.27,-6136.76,-5885.49,,,,,
4961,1773.33,4448.06,5212.33,514.32,286.03,-193.8,-3987.02,-32041.2,1769.71,22630.25,-6411.85,178.09,412.02,-6233.75,-5821.73,,,,,
4971,1839.6,4454.84,5179.7,510.96,275,-168.59,-3934.12,-31912.05,1729.39,22626.89,-6502.46,180.7,601.62,-6321.77,-5720.15,,,,,
4981,1778.22,4394.12,5203.33,502.16,285.38,-204.52,-3955.28,-31849.37,1751.58,22629.25,-6595.26,174.88,534.86,-6420.39,-5885.53,,,,,
4991,1767.82,4462.47,5236.32,505.97,287.07,-191.54,-3958.48,-31932.1,1749.43,22670.84,-6531.51,177.19,597.8,-6354.32,-5756.52,,,,,
5001,1763.92,4458.57,5230.59,503.85,269.7,-200.4,-3973.54,-31989.04,1755.61,22706.77,-6471.3,175.72,526.03,-6295.57,-5769.54,,,,,
5011,1768.66,4387.77,5270.92,488.36,271.78,-199.2,-4041.69,-31964.66,1760.66,22668.8,-6433.4,173.74,411.41,-6259.66,-5848.25,,,,,
5021,1747,4505.51,5238.89,511.07,265.67,-170.79,-3966.16,-32013.1,1740.64,22613.24,-6415.58,176.45,471.99,-6239.14,-5767.15,,,,,
5031,1848.99,4393.17,5249.64,503.68,289.15,-203.56,-3948.22,-32012.31,1737.39,22660.42,-6430.21,177.43,518.33,-6252.78,-5734.45,,,,,
5041,1761.5,4376.65,5205.6,490.95,280.36,-191.42,-3949.53,-32191.06,1770.51,22652.87,-6251.43,178.35,206.43,-6073.08,-5866.65,,,,,
5051,1842.01,4415.66,5260.48,505.35,296.69,-196.29,-3909.37,-32243.16,1775.91,22635.37,-6250.41,180.44,382.65,-6069.97,-5687.32,,,,,
5061,1727.98,4581.33,5199,500.63,268.12,-212.4,-3954.96,-32251.98,1768.9,22576.07,-6204.91,177.24,202.68,-6027.67,-5824.99,,,,,
5071,1835.38,4425.85,5193.3,507.87,283.84,-189.92,-3986.11,-32107.5,1716.34,22528.7,-6303.3,176.66,207.73,-6126.64,-5918.91,,,,,
5081,1804.76,4507.59,5214.89,512.86,281.63,-187.52,-3998.99,-32265.49,1758.77,22707.55,-6238.2,176.35,336.05,-6061.85,-5725.8,,,,,
5091,1861.21,4460.34,5197.98,524.11,269.72,-202.17,-3959.47,-32227.48,1770.02,22639.06,-6274.1,178.71,333.32,-6095.39,-5762.06,,,,,
5101,1762.94,4398.61,5239.37,503.62,282.81,-191.51,-3944.9,-32384.03,1757.38,22652.85,-6147.86,173.42,77.15,-5974.45,-5897.3,,,,,
5111,1766.38,4340.3,5266.43,492.16,277.2,-180.28,-3942.56,-32252.8,1771.51,22619.39,-6217.47,175.07,157.73,-6042.4,-5884.67,,,,,
5121,1847.53,4376.94,5220.01,514.71,275.88,-201.04,-3917.55,-32292.02,1768.48,22617.04,-6208.62,176.74,209.97,-6031.88,-5821.91,,,,,
5131,1797.09,4450.81,5197.23,502.85,257.08,-194.43,-3920.13,-32437.59,1747.61,22625.56,-6040.97,175.28,26.08,-5865.69,-5839.61,,,,,
5141,1806,4554.82,5238.61,517.68,277.6,-197.11,-3966.65,-32221.72,1774.51,22626.49,-6267.19,175.54,410.23,-6091.66,-5681.42,,,,,
5151,1798.81,4438.55,5206.21,493.71,272.36,-195.24,-3928.09,-31976.82,1727.43,22481.47,-6359.68,179.8,318.4,-6179.88,-5861.48,,,,,
5161,1811,4393,5199.13,492.78,258.98,-180.34,-3945.06,-32118.6,1769.7,22534.06,-6317.17,176.94,214.66,-6140.23,-5925.57,,,,,
5171,1846.6,4487.37,5217.87,506.26,276.07,-186.44,-3946.2,-31897.73,1752.54,22512.35,-6497.95,178.55,568.7,-6319.4,-5750.71,,,,,
5181,1747.38,4437.09,5239.53,493.62,269.49,-195.12,-3918.26,-32091.03,1777.26,22547.57,-6334.63,178.79,307.53,-6155.84,-5848.31,,,,,
5191,1852.35,4332.55,5230.12,497.62,273.43,-203.2,-3939.64,-32149.53,1725.68,22576.02,-6292.35,179.09,195.41,-6113.26,-5917.85,,,,,
5201,1815.07,4473.13,5257.59,513.5,280.14,-184.93,-3907.22,-32143.08,1752.17,22556.1,-6288.59,180.59,412.46,-6107.99,-5695.53,,,,,
5211,1741.1,4480.41,5235.14,490.01,296.19,-209.95,-3911.89,-32042.83,1737.94,22437.16,-6321.18,179.92,253.28,-6141.26,-5887.98,,,,,
5221,1847.95,4412.51,5281.99,512.31,279.46,-225.19,-3938.09,-31942.37,1742.43,22527.02,-6436.79,178.93,498.01,-6257.86,-5759.84,,,,,
5231,1792.32,4422.43,5263.1,502.73,272.46,-190.02,-3976.21,-32088.84,1729.09,22653.07,-6339.03,176.08,380.13,-6162.95,-5782.82,,,,,
5241,1788.83,4491.48,5243.81,499.49,279.51,-199.41,-3905,-32031.04,1737.32,22480.38,-6365.16,181.96,385.36,-6183.21,-5797.84,,,,,
5251,1743.61,4423.56,5214.75,498.29,287.07,-192.05,-3930.39,-32045.61,1754.36,22651.73,-6415.96,180.53,405.31,-6235.43,-5830.12,,,,,
5261,1797.95,4525.69,5192.66,518.52,268.04,-211.09,-3913.33,-31992.79,1743.32,22493.57,-6374.28,182.17,422.55,-6192.11,-5769.56,,,,,
5271,1801.41,4391.68,5244.05,496.46,284.86,-196.71,-3962.53,-32160.25,1769.87,22658.93,-6290.56,182.45,327.76,-6108.11,-5780.35,,,,,
5281,1874.64,4452.81,5198.63,512.79,275.61,-182.23,-3918.33,-31877.92,1738.35,22412.79,-6437.18,179.54,487.13,-6257.64,-5770.51,,,,,
5291,1831.7,4456.02,5236.94,509.72,277.27,-214.05,-3951.3,-32096.17,1746.17,22657.43,-6387.23,177,453.72,-6210.23,-5756.5,,,,,
5301,1852.12,4442.63,5238.17,512.61,264.55,-217.65,-3976.35,-32047.05,1740.62,22505.53,-6367.98,177.08,315.19,-6190.9,-5875.71,,,,,
5311,1812.67,4490.33,5223.11,512.37,261.25,-191.86,-3942.63,-31955.51,1758.91,22457.04,-6427.6,180.65,425.68,-6246.95,-5821.27,,,,,
5321,1827.56,4420.13,5197.94,511.19,282.17,-208.13,-3893.51,-32000.58,1752.63,22567.98,-6448.05,178.61,457.38,-6269.44,-5812.06,,,,,
5331,1841.23,4477.47,5218.41,507.14,284.92,-199.08,-3974.73,-32035.25,1724.46,22529.35,-6369.76,180.22,373.93,-6189.54,-5815.61,,,,,
5341,1797.97,4502.01,5189.85,517.78,277.4,-220.74,-3925.51,-32045.24,1771.97,22502.8,-6432.92,180.68,368.31,-6252.24,-5883.93,,,,,
5351,1812.38,4519.5,5169.25,502.12,288.45,-195.21,-3904.65,-31878.57,1734.6,22461.32,-6531,183.88,509.2,-6347.12,-5837.92,,,,,
5361,1811.79,4501.48,5214.81,506.51,275.44,-204.01,-3915.59,-32057.68,1755.17,22458.52,-6360.38,178.86,346.44,-6181.52,-5835.08,,,,,
5371,1809.15,4523.76,5216.93,514.62,283,-189.15,-3893.51,-32120.24,1761.03,22541.01,-6401.71,182.7,446.58,-6219.01,-5772.43,,,,,
5381,1781.85,4474.16,5207.1,514.65,277.8,-198.6,-3951.7,-32051.4,1776.06,22551.72,-6413.26,183.38,381.63,-6229.87,-5848.24,,,,,
5391,1764.46,4392.33,5216.46,506.83,276.58,-218.35,-3950.31,-32059.52,1789.27,22645.31,-6462.3,178.65,363.05,-6283.65,-5920.6,,,,,
5401,1855.13,4391.09,5225.35,512.18,293.4,-205.86,-3946.08,-32112.68,1760.62,22592.15,-6386.8,177.44,365.31,-6209.36,-5844.05,,,,,
5411,1830.82,4412.36,5217.45,504.01,279.25,-209.84,-3967.22,-31951.37,1747.34,22614.06,-6510.85,176.16,476.86,-6334.69,-5857.83,,,,,
5421,1822.05,4465.62,5171.56,512.11,257.02,-195.13,-3964.63,-31987.75,1741.67,22721.37,-6577.51,181.83,543.86,-6395.68,-5851.82,,,,,
5431,1823.91,4408.32,5246.78,508.24,288.37,-202.72,-3954.47,-32032.68,1751.06,22683.49,-6503.17,181.93,520.28,-6321.24,-5800.96,,,,,
5441,1837.39,4524.86,5182.76,502.45,260.9,-205.63,-3948.29,-31939.05,1721.44,22529.57,-6500.29,177.77,466.39,-6322.52,-5856.13,,,,,
5451,1747.71,4491.92,5198.45,515.21,258.13,-169.45,-3961.63,-32061.77,1736.53,22730.26,-6474.35,181.77,485.34,-6292.57,-5807.24,,,,,
5461,1832.95,4357.83,5218.85,506.12,277.64,-190.23,-3931.71,-32043.14,1741.41,22730.46,-6536.58,183.58,500.16,-6352.99,-5852.83,,,,,
5471,1776.48,4501.66,5213.53,508.28,253.38,-185.19,-3897.53,-31957.39,1747.32,22644.42,-6561.36,182.72,604.96,-6378.64,-5773.68,,,,,
5481,1799.02,4429.25,5226.4,508.23,275.66,-202.78,-3941.75,-32047.03,1757.59,22580.02,-6411.77,180.25,384.62,-6231.52,-5846.9,,,,,
5491,1811.22,4429.58,5258.82,502.34,308.08,-206.21,-3911.64,-32104.02,1736.11,22633.88,-6387.64,178.92,458.14,-6208.72,-5750.58,,,,,
5501,1835.13,4452.08,5234.4,515.01,278.14,-231.41,-3924.32,-32107.62,1738.59,22581.6,-6362.37,181.99,371.61,-6180.38,-5808.77,,,,,
5511,1826.36,4446.95,5209.11,510.5,262.89,-205.6,-3905.79,-31967.45,1797.99,22606.1,-6488.24,183.72,581.07,-6304.51,-5723.44,,,,,
5521,1820.78,4442.41,5228.2,519.37,292.42,-196.57,-3881,-32148,1772.08,22576.61,-6350.23,179.11,426.3,-6171.12,-5744.83,,,,,
5531,1839.36,4479.01,5241,486.22,284.04,-187.23,-3965.49,-32249.15,1724.08,22603.93,-6224.05,178.1,255.76,-6045.96,-5790.2,,,,,
5541,1822.12,4400,5268.07,514.1,284.92,-212.58,-3934.2,-31999.73,1755.76,22497.84,-6401.38,180.81,396.29,-6220.57,-5824.28,,,,,
5551,1787.11,4497.89,5215.85,506.6,268.23,-199.08,-3970.04,-32000.17,1749.6,22543.77,-6423.79,177.23,399.75,-6246.56,-5846.81,,,,,
5561,1858.66,4528.21,5239.98,526.91,273.23,-212.55,-3965.39,-31924.62,1717.12,22490.39,-6477.56,178.27,531.94,-6299.28,-5767.35,,,,,
5571,1812,4530.42,5206.26,497.48,283.57,-198.68,-3919.17,-31985.18,1765.4,22593.81,-6518,180.2,585.91,-6337.8,-5751.89,,,,,
5581,1787.5,4360.65,5212.62,490.1,265.71,-195.91,-3936.68,-32056.05,1748.7,22597.29,-6422.41,179.76,273.92,-6242.65,-5968.73,,,,,
5591,1772.67,4451.43,5231.89,496.21,275.07,-200.81,-3932.71,-31931.86,1770.68,22665.72,-6546.82,182.24,598.28,-6364.58,-5766.3,,,,,
5601,1781.66,4376.61,5277.45,489.06,266.64,-188.24,-3960.24,-32033.39,1725.71,22653.66,-6467.1,179.1,388.91,-6288,-5899.09,,,,,
5611,1828.87,4371.45,5243.76,495.28,289.52,-210.09,-3896.06,-31862.26,1750.39,22567.42,-6604.21,184.12,578.3,-6420.09,-5841.79,,,,,
5621,1761.59,4501.68,5235.91,510.23,268.04,-175.12,-3863.83,-31957.19,1755.92,22580.01,-6541.15,184.51,617.24,-6356.64,-5739.4,,,,,
5631,1764.99,4460.62,5236.58,503.73,300.04,-190.63,-3935.11,-32028.87,1752.61,22582.35,-6448.36,181.77,446.31,-6266.58,-5820.27,,,,,
5641,1813.34,4467.75,5202.53,505.15,292.02,-195.78,-3896.51,-31998.91,1784.04,22569.84,-6456.24,182.27,543.48,-6273.97,-5730.49,,,,,
5651,1808.77,4416.81,5280.13,505.11,261.27,-210.02,-3934.13,-32005.65,1766.28,22607.03,-6456.18,179.38,495.62,-6276.79,-5781.18,,,,,
5661,1860.93,4495.62,5247.07,512.52,272.26,-205.71,-3915.68,-31835.37,1763.01,22555.14,-6582.1,183.82,749.78,-6398.28,-5648.5,,,,,
5671,1828.86,4420.49,5232.75,532.26,301,-187.79,-3990.06,-31837.46,1751.14,22629.47,-6586.82,180.89,680.67,-6405.94,-5725.27,,,,,
5681,1751.47,4469.61,5234.65,507.78,270.13,-206.73,-3929.04,-31927.45,1763.44,22569.87,-6505.3,186.87,503.72,-6318.43,-5814.71,,,,,
5691,1821.52,4477.29,5217.12,511.82,283.19,-197.28,-3944.94,-32029.87,1764.32,22598.42,-6452.09,180.52,501.59,-6271.56,-5769.97,,,,,
5701,1714.78,4473.76,5206.95,493.09,295.51,-183.9,-3872.55,-32157.32,1754.28,22705.17,-6379.7,179.32,429.76,-6200.38,-5770.62,,,,,
5711,1780.16,4443.81,5218.81,519.57,271.57,-186.5,-3870.8,-32131.32,1784.12,22547.85,-6329.57,182,377.28,-6147.57,-5770.29,,,,,
5721,1804.21,4442.26,5228.71,511.56,257.55,-177.6,-3947.5,-32148.94,1718.31,22659.08,-6314.26,181.42,347.63,-6132.84,-5785.21,,,,,
5731,1800.09,4472.23,5216.91,520.4,274.15,-166.19,-3956.79,-32212.61,1723.48,22576.75,-6232.31,181.29,248.42,-6051.03,-5802.6,,,,,
5741,1797.15,4445.42,5197.24,512.13,280.64,-208.31,-3940.39,-32033.01,1776.82,22524.18,-6347.35,185.95,351.85,-6161.4,-5809.55,,,,,
5751,1813.14,4501.7,5232.17,524.97,294.11,-178.15,-3946.16,-32092.71,1788.33,22551.2,-6324.88,180.71,488.61,-6144.17,-5655.57,,,,,
5761,1823.38,4432.85,5217.7,502.22,272.89,-214.28,-3906.9,-32085.74,1764.16,22572.96,-6361.6,183.33,379.23,-6178.27,-5799.04,,,,,
5771,1818.67,4447.72,5279.87,506.85,279.81,-181.44,-3926.89,-32134.48,1752.45,22615.63,-6348,179.82,458.18,-6168.18,-5710,,,,,
5781,1777.34,4416.35,5215.64,504.04,256.84,-197.65,-3922.59,-31926.99,1762.37,22632.79,-6509.59,183.58,518.14,-6326.02,-5807.87,,,,,
5791,1865.74,4389.88,5238.63,500.53,286.52,-193.55,-3908.23,-31825.8,1735.31,22449.65,-6500.85,183.28,538.68,-6317.57,-5778.89,,,,,
5801,1737.47,4479.79,5248.85,494.58,274.84,-194.53,-3967.72,-31876.98,1732.18,22577.6,-6511.25,181.18,506.08,-6330.08,-5824,,,,,
5811,1884.69,4437.15,5223.8,508.18,277.24,-195.73,-3919.72,-31772.63,1754.79,22548.07,-6617.32,183.96,745.85,-6433.37,-5687.52,,,,,
5821,1741.96,4533.16,5247.37,502.8,273.23,-196.56,-3870.74,-31885.85,1761.94,22588.62,-6578.36,185.02,695.92,-6393.34,-5697.42,,,,,
5831,1809.73,4477.01,5208.63,521.93,267.71,-183.24,-3932.53,-32017.6,1721.8,22609.75,-6517.15,181.76,483.2,-6335.39,-5852.18,,,,,
5841,1800.15,4425.23,5242.39,504.77,264.97,-203.23,-3882.98,-32102.29,1751.17,22620.9,-6379.52,181.27,421.09,-6198.25,-5777.16,,,,,
5851,1800.07,4498.98,5207.99,508.38,291.5,-211.99,-3897.56,-32053.27,1744.8,22580.06,-6387.67,181.08,468.96,-6206.59,-5737.63,,,,,
5861,1779.16,4442.71,5210.5,518.89,269.02,-189.36,-3951.07,-31925.81,1755.57,22602.7,-6520.08,180.72,512.32,-6339.36,-5827.04,,,,,
5871,1877.51,4437.89,5211.92,507.12,271.09,-219.61,-3889.52,-32118.76,1790.37,22617.09,-6391.14,180.67,485.11,-6210.47,-5725.36,,,,,
5881,1773.24,4429.51,5209.02,508.8,282.08,-177.09,-3899.79,-32132.37,1772.42,22590.81,-6383.49,178.71,356.64,-6204.79,-5848.15,,,,,
5891,1824.6,4511.05,5196.09,522.16,279.05,-209.61,-3930.47,-31866.37,1738.91,22606.19,-6600.34,184.77,671.61,-6415.57,-5743.96,,,,,
5901,1838.22,4480.86,5170.99,500.76,252.5,-186.77,-3858.94,-31880.64,1723.13,22583.73,-6601.33,184.73,623.83,-6416.61,-5792.78,,,,,
5911,1767.86,4539.57,5265.06,501.55,273.97,-196.25,-3896.69,-31884.76,1749.53,22651.25,-6649.38,187.69,771.1,-6461.69,-5690.59,,,,,
5921,1790.51,4529.51,5163.7,515.28,285.71,-165.99,-3894.02,-32032.02,1772.23,22649.58,-6494.19,183.07,614.48,-6311.12,-5696.64,,,,,
5931,1757.14,4419.25,5252.08,513.03,294.73,-196.93,-3914.24,-31841.94,1768.04,22576.06,-6626.54,187.55,627.22,-6438.99,-5811.77,,,,,
5941,1834.58,4481.35,5209.83,506.25,271.82,-186.69,-3963.3,-31930.43,1720.57,22582,-6507.98,182.68,525.98,-6325.3,-5799.32,,,,,
5951,1788.38,4384.56,5249.58,489.98,274.31,-206.76,-3899.55,-32033.16,1746.57,22615.18,-6510.08,186.79,409.09,-6323.29,-5914.2,,,,,
5961,1822.06,4460.28,5201.62,500.79,268.69,-189.29,-3900.3,-32005.26,1721.21,22561.56,-6476.02,186.29,441.36,-6289.74,-5848.37,,,,,
5971,1871.16,4483.24,5251.67,520.91,282.51,-214.93,-3930.26,-31985.3,1736.14,22582.59,-6449.41,183.14,597.73,-6266.27,-5668.54,,,,,
5981,1847.92,4494.6,5202.78,522.05,282.26,-182.73,-3916.68,-31889.13,1748.25,22495.73,-6553.12,187.75,605.06,-6365.37,-5760.3,,,,,
5991,1871.52,4379.35,5230.94,510.23,277.26,-216.59,-3942.01,-31944.74,1745.55,22494.91,-6465.82,183.03,406.43,-6282.8,-5876.36,,,,,
6001,1894.64,4423.23,5231.22,498.27,266.98,-172.18,-3939.92,-32073.29,1743.24,22621.14,-6431.23,178.94,493.33,-6252.29,-5758.95,,,,,
6011,1849.54,4494.65,5195.4,500.75,270.48,-208.68,-3875.54,-32012.91,1754.68,22540.87,-6425.08,181.52,509.25,-6243.56,-5734.31,,,,,
6021,1749.63,4509.38,5250.67,499.52,271.05,-203.57,-3890.08,-31944.29,1749.63,22462.34,-6483.29,181.21,454.28,-6302.08,-5847.8,,,,,
6031,1785.15,4394.23,5189.93,522.33,265.4,-202.53,-3970.62,-31785.12,1771.39,22519.84,-6592.79,181.41,490,-6411.38,-5921.38,,,,,
6041,1807.55,4424.81,5238.24,498.91,266.88,-234.78,-3950.65,-31933.53,1798.15,22563.83,-6480.06,180.02,479.41,-6300.04,-5820.63,,,,,
6051,1844.82,4487.41,5250.04,523.29,284.2,-205.2,-3959.88,-31880.55,1803.85,22533.94,-6527.52,179.4,681.9,-6348.11,-5666.21,,,,,
6061,1826.4,4515,5222.55,513.93,269.64,-220.74,-3941.23,-32124.23,1761.36,22563.31,-6347.06,179.57,386,-6167.5,-5781.5,,,,,
6071,1789.91,4367.25,5214.98,493.67,282.96,-211.5,-3906.66,-32166.38,1745.39,22704.29,-6383.95,181.61,313.9,-6202.34,-5888.44,,,,,
6081,1781.7,4529.3,5170.2,503.15,273.83,-195.77,-3942.2,-31846.59,1720.65,22507.31,-6551.04,177.16,501.58,-6373.87,-5872.29,,,,,
6091,1829.13,4464.9,5263.88,519.28,274.47,-210.74,-3926.92,-32007.74,1736.25,22491.99,-6427.88,182.62,434.5,-6245.26,-5810.75,,,,,
6101,1811.86,4583.65,5200.98,523.88,284.93,-181.72,-3928.56,-31957.82,1757.01,22647.84,-6585.28,180.18,742.04,-6405.1,-5663.06,,,,,
6111,1821.61,4441.41,5234.3,511.72,270.76,-209.3,-3961.99,-32065.33,1732.64,22744.42,-6534.44,179.42,520.23,-6355.02,-5834.79,,,,,
6121,1796.44,4500.46,5228.71,529.47,279.93,-189.71,-3941.28,-31934.47,1717.07,22574.58,-6504.64,182.1,561.19,-6322.54,-5761.34,,,,,
6131,1831.96,4441.99,5223.87,487.8,275.58,-196.33,-3933.29,-32153.4,1738.17,22661.52,-6393.6,181.35,377.84,-6212.24,-5834.4,,,,,
6141,1767.11,4434.94,5245.82,537.91,289.1,-194.36,-3945.75,-32103.92,1749.59,22741.23,-6486.39,181.68,521.67,-6304.71,-5783.03,,,,,
6151,1833.52,4425.06,5186.79,509.62,272.18,-179.59,-3941.82,-31935.9,1753.37,22609.34,-6577.24,180.51,532.56,-6396.73,-5864.17,,,,,
6161,1829.84,4403.81,5241.71,496.87,281.12,-198.64,-3921.85,-31846.52,1753.06,22557.71,-6586.88,183.34,597.1,-6403.54,-5806.44,,,,,
6171,1810.3,4415.41,5212.87,502.16,284.41,-186.23,-3972.8,-31978.38,1754.87,22695.17,-6576.34,182.37,537.77,-6393.97,-5856.2,,,,,
6181,1822.34,4410.6,5204.14,524.22,263.31,-211.33,-3929.22,-31984.95,1778.51,22684.72,-6559.16,178.19,562.34,-6380.96,-5818.62,,,,,
6191,1828.87,4543.13,5205.19,514.28,279.41,-190.73,-3933.74,-32079.44,1730.38,22568.37,-6374.03,179.53,465.73,-6194.5,-5728.77,,,,,
6201,1826.6,4403.48,5279.13,509.81,269.13,-213.32,-3931.64,-31963.27,1752.5,22592.41,-6495.27,175.28,524.84,-6319.99,-5795.14,,,,,
6211,1843.47,4481.86,5191.38,514.52,268.77,-183.56,-3902.79,-32014.41,1711.32,22556.46,-6419.62,184.32,467.02,-6235.31,-5768.29,,,,,
6221,1794.94,4482.11,5249.41,516.52,278.02,-202.95,-3898.81,-31960.26,1803.56,22510.04,-6498.44,179.21,572.57,-6319.23,-5746.66,,,,,
6231,1814.92,4535.93,5224.71,521.14,267.05,-190.32,-3874.56,-31967.12,1760.07,22556.1,-6519.73,182.95,647.92,-6336.78,-5688.86,,,,,
6241,1817.38,4421.88,5267.92,494.84,273.65,-192.9,-3898.72,-31946.66,1717.26,22670.69,-6552.57,182.21,625.33,-6370.36,-5745.03,,,,,
6251,1836.33,4377.45,5180.09,510.98,270.98,-162.17,-3887.06,-31974.08,1775.96,22657.47,-6593.43,181.39,585.95,-6412.05,-5826.1,,,,,
6261,1856.54,4428.65,5222.6,502.1,283.91,-198.93,-3858.74,-32031.01,1776.79,22593.38,-6527.44,183.3,575.27,-6344.14,-5768.87,,,,,
6271,1851.72,4447.69,5213.8,517.12,272.66,-179.53,-3900.5,-32135.71,1738.37,22662.12,-6396.81,182.69,487.73,-6214.12,-5726.38,,,,,
6281,1766.9,4404.33,5215.66,503.63,276.28,-170.23,-3876.61,-32082.13,1750.44,22730.3,-6552.63,182.78,518.58,-6369.85,-5851.28,,,,,
6291,1819.31,4500.68,5201.29,535.36,276.47,-155.86,-3906.74,-32012.6,1749.65,22587.03,-6531.75,184.44,594.6,-6347.31,-5752.71,,,,,
6301,1802.92,4471.41,5217.74,522.28,275.74,-208.34,-3927.92,-31861.42,1771.2,22657.16,-6620.84,180.09,720.78,-6440.75,-5719.98,,,,,
6311,1791.34,4488.02,5262.57,498.02,266.53,-181.05,-3910.59,-31946.69,1755.96,22666.72,-6598.22,184.32,690.81,-6413.9,-5723.09,,,,,
6321,1863.13,4395.22,5234.73,513.77,291.42,-200.54,-3936.48,-31931.26,1735.75,22683.62,-6621.7,181.83,649.36,-6439.87,-5790.51,,,,,
6331,1810.84,4488.81,5229.95,520.98,268.4,-196.43,-3877.89,-31946.97,1783.03,22561.18,-6553.04,183.95,641.89,-6369.09,-5727.2,,,,,
6341,1867.29,4462.68,5216.18,513.05,294.34,-207.02,-3893.43,-31960.7,1760.08,22638.64,-6555.08,184.63,691.09,-6370.45,-5679.35,,,,,
6351,1844.91,4375.43,5234.25,502.93,284.17,-201.01,-3933.73,-31962.2,1744.77,22668.39,-6542.13,182.3,557.92,-6359.83,-5801.91,,,,,
6361,1792.44,4392.44,5233.05,502.48,278.17,-167.49,-3964.66,-32100.61,1755.76,22614.96,-6396.37,175.85,336.54,-6220.52,-5883.98,,,,,
6371,1833.82,4408.11,5216.13,492.8,294.35,-190.23,-3946.76,-31970.27,1796.71,22545.5,-6463.32,179.13,480.16,-6284.19,-5804.04,,,,,
6381,1833.26,4493.8,5216.42,504.58,274.14,-170.83,-3916.44,-31834.66,1704.47,22484.9,-6583.84,182.29,589.63,-6401.55,-5811.92,,,,,
6391,1813.16,4442.55,5235.58,521.9,249.18,-190.7,-3882.74,-31993.95,1740.3,22497.69,-6449.55,178.98,432.97,-6270.57,-5837.61,,,,,
6401,1801.25,4414.41,5240.65,494.6,273.06,-186.55,-3900.96,-32220.01,1745.68,22574.01,-6296.06,180.84,236.14,-6115.22,-5879.08,,,,,
6411,1885.63,4506.09,5255.71,524.63,277.88,-191.14,-3989.46,-31835,1719.81,22404.43,-6490.57,178.68,558.58,-6311.89,-5753.31,,,,,
6421,1811.87,4437.14,5232.7,504.62,292.32,-179.99,-3919.08,-32099.46,1742.21,22558.65,-6394.38,181.79,380.99,-6212.59,-5831.6,,,,,
6431,1795.82,4495.52,5162.22,513.52,263.05,-192.25,-3856.86,-32119.45,1768.21,22550.52,-6402.52,181.47,380.31,-6221.05,-5840.74,,,,,
6441,1805.14,4543.61,5243.84,496.82,269.47,-184.05,-3905.67,-32045.64,1703.8,22461.44,-6386.09,180.77,388.77,-6205.32,-5816.55,,,,,
6451,1890.7,4538.15,5206.1,518.43,263.3,-197.11,-3968.89,-31730.4,1726.7,22464.17,-6639.7,181.97,711.14,-6457.73,-5746.58,,,,,
6461,1785.13,4410.88,5207.66,513.35,272.65,-205.21,-3873.19,-32099.52,1779.53,22642.61,-6479.98,187.87,433.89,-6292.11,-5858.22,,,,,
6471,1785.29,4467.84,5257.09,497.07,283.42,-174.82,-3884.54,-31907.27,1767.97,22615.92,-6591.04,187.92,707.96,-6403.12,-5695.16,,,,,
6481,1849.16,4457.06,5261.28,508.67,270.93,-202.63,-3835.46,-31795.99,1743.67,22511.44,-6674.63,185.28,768.12,-6489.35,-5721.23,,,,,
6491,1820.35,4353.75,5288.09,499.67,280.45,-202.16,-3909.49,-31813.51,1757.55,22618.91,-6671.96,186.77,693.61,-6485.19,-5791.58,,,,,
6501,1775.63,4479.15,5248.62,513.79,281.71,-195.4,-3923.56,-31917.31,1758.4,22595.72,-6556.63,184.27,616.75,-6372.36,-5755.6,,,,,
6511,1924.14,4470.36,5218.73,535.42,264.7,-171.86,-3867.95,-31830.06,1718.36,22496.24,-6629.23,186.51,758.08,-6442.72,-5684.64,,,,,
6521,1717.41,4474.49,5251.57,511.43,274.11,-185.28,-3870.44,-31843.63,1763.09,22620.72,-6667.08,185.29,713.46,-6481.79,-5768.33,,,,,
6531,1843.95,4359.4,5188.31,496.6,258.78,-188.58,-3883.2,-31803.63,1766.44,22617.9,-6711.38,185.92,655.96,-6525.45,-5869.49,,,,,
6541,1777.07,4488.4,5210.61,505.69,268.58,-219.53,-3814.16,-31997.07,1757.55,22655.31,-6565.96,189,632.44,-6376.96,-5744.52,,,,,
6551,1844.38,4423.22,5217.46,503.21,287.38,-166.64,-3878.06,-31904.72,1741.32,22575.66,-6608.64,184.92,643.22,-6423.72,-5780.5,,,,,
6561,1863.09,4445.98,5187.1,513.31,275.67,-205.35,-3835.18,-31839.48,1733.38,22602.87,-6651.92,187.26,741.39,-6464.66,-5723.27,,,,,
6571,1855.96,4394.57,5202.7,514.74,283.79,-205.51,-3894.86,-31783.97,1752.95,22602.59,-6707.6,185.96,722.95,-6521.64,-5798.7,,,,,
6581,1772.05,4451.49,5237.85,506.22,274.21,-159.71,-3899.23,-31571.64,1726.97,22592.51,-6885.49,187.36,930.73,-6698.13,-5767.4,,,,,
6591,1832.09,4382.02,5236.77,493.04,268.29,-164.16,-3884.76,-31484.27,1704.05,22528.51,-6967.99,188.9,911.57,-6779.09,-5867.52,,,,,
6601,1795.64,4379.75,5251.66,498.75,296.54,-187.99,-3906.44,-31622.17,1738.42,22628.82,-6885.96,187.85,872.98,-6698.11,-5825.13,,,,,
6611,1837.54,4510.23,5239.91,535.25,273.26,-195.98,-3823.61,-31837.5,1724.03,22523.09,-6649.24,184.07,786.22,-6465.17,-5678.95,,,,,
6621,1736.83,4489.65,5203.62,492.05,289.97,-198.97,-3830.7,-31856.86,1744.54,22528,-6651.64,185.85,598.13,-6465.79,-5867.66,,,,,
6631,1766.5,4425.1,5224.73,512.92,274.57,-198.38,-3888.67,-31780.04,1744.73,22570.75,-6715.64,182.49,652.21,-6533.15,-5880.95,,,,,
6641,1856.28,4375.33,5225.89,493.03,266.34,-178.43,-3839.64,-31689.18,1713.51,22692.54,-6857.89,187.02,915.66,-6670.88,-5755.21,,,,,
6651,1747.77,4475.18,5248.91,504.95,265.7,-181.54,-3881.72,-31848.38,1767.28,22547.69,-6627.22,185.92,645.86,-6441.3,-5795.44,,,,,
6661,1854.73,4436.99,5271.69,513.97,283.42,-205.46,-3887.75,-31936.29,1757.31,22647.72,-6628.59,186.65,736.33,-6441.94,-5705.61,,,,,
6671,1815.57,4402.29,5247.34,502.09,281.15,-188.03,-3816.4,-32098.94,1757.05,22650.99,-6480.17,183.45,553.11,-6296.72,-5743.62,,,,,
6681,1801.1,4451.31,5200.46,503.71,262.21,-194.35,-3880.82,-32099.71,1736.72,22626.14,-6475.57,183.76,406.76,-6291.81,-5885.06,,,,,
6691,1752.46,4474.81,5255.45,493.24,286.63,-203.14,-3840.54,-32189.34,1769.16,22651.05,-6383.42,182.44,449.78,-6200.99,-5751.21,,,,,
6701,1882.62,4445.09,5209.33,510.19,253.92,-236.94,-3831.24,-32115.78,1734.58,22574.94,-6435.4,189.16,426.73,-6246.24,-5819.51,,,,,
6711,1760.71,4472.77,5200.7,498.1,290.87,-203.79,-3866.59,-31936.85,1757.41,22502.09,-6522.31,185.51,475.41,-6336.8,-5861.39,,,,,
6721,1886.62,4408.91,5207.35,480.71,262.06,-210.25,-3905.04,-31921.39,1740.86,22682.06,-6628.28,188.35,631.88,-6439.93,-5808.05,,,,,
6731,1786.47,4407.79,5221.99,508.32,266.46,-195.23,-3892.72,-31832.63,1765.78,22637.23,-6660.41,184.97,673.46,-6475.44,-5801.98,,,,,
6741,1867.29,4400.04,5205.27,507.24,303.97,-205.81,-3887.33,-31867.19,1752.46,22599.05,-6641.95,181.33,674.99,-6460.62,-5785.63,,,,,
6751,1848.81,4448.24,5203.31,503.31,274.42,-198.99,-3845.88,-31940.74,1734.41,22512.91,-6554.11,188.82,539.78,-6365.29,-5825.51,,,,,
6761,1829.89,4453.46,5194.26,513.09,299.9,-170.93,-3860.23,-31964.47,1731.73,22603.19,-6556.23,181.01,629.89,-6375.22,-5745.33,,,,,
6771,1817.12,4514.93,5227.02,512.5,259.49,-181.19,-3860.22,-31998.96,1741.88,22512.52,-6457.7,183.21,545.08,-6274.49,-5729.41,,,,,
6781,1806.79,4442.82,5197.16,512.19,264.18,-214.29,-3809.48,-31768.51,1737.88,22431.45,-6635.63,188.23,600.18,-6447.39,-5847.21,,,,,
6791,1796.88,4455.34,5285.88,508.98,298.96,-194.07,-3830.31,-31936.7,1760.14,22558.64,-6590.94,187.83,703.74,-6403.11,-5699.37,,,,,
6801,1793.82,4515.48,5252.72,497.34,276.58,-206.53,-3936.21,-31901.64,1760.5,22567.34,-6554.25,180.82,619.41,-6373.43,-5754.02,,,,,
6811,1750.64,4416.43,5239.95,525.99,285.18,-198.78,-3876.98,-32099.74,1760.54,22681.94,-6498.26,185.16,485.18,-6313.11,-5827.93,,,,,
6821,1784.92,4391.45,5266.47,523.32,279.47,-205.43,-3829.76,-32121.59,1768.93,22591.33,-6421.59,184.75,449.11,-6236.84,-5787.73,,,,,
6831,1819.97,4476.68,5246.27,496.38,254.67,-216.53,-3883.26,-31959.12,1777.79,22541.31,-6491.39,184.44,554.15,-6306.96,-5752.8,,,,,
6841,1772.34,4440.41,5204.51,505.22,287.53,-199.67,-3869.24,-31896.47,1754.42,22573.68,-6607.43,186.72,572.75,-6420.71,-5847.96,,,,,
6851,1784.96,4461.94,5222.75,496.25,266.92,-184.41,-3927.52,-31790.11,1755.25,22595.75,-6644.85,183.26,681.77,-6461.59,-5779.82,,,,,
6861,1810.48,4444.2,5242.59,511.24,278.61,-213.78,-3917.6,-31817.58,1777.39,22651.25,-6687.99,185.2,766.79,-6502.79,-5736,,,,,
6871,1719.37,4504.51,5229.91,484.87,271.57,-200.33,-3904.77,-32122.14,1777.1,22642.23,-6432.78,183.28,402.31,-6249.5,-5847.2,,,,,
6881,1790.02,4499.6,5218.51,502.67,264.42,-196.06,-3876.02,-32131.31,1738.03,22584.42,-6386.13,182.63,394.27,-6203.5,-5809.23,,,,,
6891,1880.16,4487.39,5187.84,517.17,277.48,-210.92,-3815.51,-32079.68,1750.81,22550.2,-6489.43,184.44,544.93,-6304.99,-5760.06,,,,,
6901,1775.26,4490.96,5279.16,511.51,287.58,-181.37,-3859.87,-32044.24,1768.24,22672.11,-6470.84,181.04,699.32,-6289.8,-5590.48,,,,,
6911,1912.6,4447.74,5225.19,522.06,284.84,-188.4,-3848.22,-31835.04,1744.61,22463.13,-6642.51,185.75,728.51,-6456.75,-5728.24,,,,,
6921,1751.29,4518.01,5164.99,507.55,280.74,-188.83,-3802.68,-31929.39,1773.71,22570.43,-6560.51,185.63,645.82,-6374.88,-5729.05,,,,,
6931,1760.45,4543.42,5205.98,516.39,268.18,-215.19,-3838.41,-31959,1760.21,22592.94,-6576.39,184.19,634.97,-6392.2,-5757.23,,,,,
6941,1851.03,4409.74,5270.2,513.06,287.89,-219.58,-3870.37,-31849.41,1732.45,22521.68,-6634.52,185.38,646.68,-6449.14,-5802.46,,,,,
6951,1798.86,4494.56,5195.19,496.53,282.9,-192.27,-3915.9,-31967.01,1748.29,22610.25,-6566.01,184.55,551.39,-6381.46,-5830.07,,,,,
6961,1815.89,4432.49,5221.98,510.36,277.39,-204.7,-3860.69,-32086,1769.59,22546.88,-6416.88,182.09,423.19,-6234.79,-5811.61,,,,,
6971,1826.51,4459.59,5223.4,512.14,261.48,-169.46,-3879.71,-32119.99,1736.18,22586.6,-6455.21,186.49,436.76,-6268.72,-5831.96,,,,,
6981,1788.13,4433.88,5178.64,505.91,262.78,-173.14,-3878.6,-32063.31,1738.09,22574.55,-6456.98,184.53,366.93,-6272.45,-5905.52,,,,,
6991,1818.42,4366.44,5204.88,505.63,281.28,-219.13,-3907.48,-31914.99,1774.92,22534.53,-6530.21,183.78,444.5,-6346.43,-5901.92,,,,,
7001,1828.69,4454.32,5262.02,508.19,273.65,-196.47,-3892.28,-31891.94,1762.34,22597.74,-6623.84,185.59,706.25,-6438.25,-5732,,,,,
7011,1826.63,4432.97,5212.15,487.02,320.08,-170.09,-3914.13,-31744.58,1736.33,22499.99,-6694.51,183.63,686.37,-6510.87,-5824.5,,,,,
7021,1851.97,4472.76,5180.59,499.08,257.81,-175.7,-3916.04,-31766.65,1702.22,22597.51,-6737,184.58,703.55,-6552.42,-5848.87,,,,,
7031,1780.13,4493.64,5233.95,509.09,288.38,-181.53,-3858.85,-31786.87,1731.14,22516.19,-6677.97,189.06,725.29,-6488.91,-5763.62,,,,,
7041,1816.89,4462.02,5221.62,504.44,281.46,-190.44,-3857.73,-31727.9,1709.19,22541.81,-6724.16,187.93,761.36,-6536.23,-5774.88,,,,,
7051,1855.88,4426.31,5231.77,504.08,269.18,-206.56,-3906.08,-31710.53,1759.12,22559.01,-6737.53,183.06,782.18,-6554.47,-5772.29,,,,,
7061,1883.37,4492.45,5251.14,527.99,263.15,-184.86,-3906.97,-31686.47,1733.78,22423.55,-6690.43,182.4,797.12,-6508.03,-5710.9,,,,,
7071,1811.53,4520.21,5224.52,509.7,282.76,-203.86,-3876.12,-31619.7,1750.33,22462.4,-6801.83,185.65,861.78,-6616.18,-5754.41,,,,,
7081,1702.55,4471.71,5193.95,497,262.43,-197.74,-3908.71,-31652.52,1725.67,22754.46,-6846.55,189.07,848.79,-6657.47,-5808.68,,,,,
7091,1821.16,4493.6,5196.19,513.06,275.87,-187.53,-3929.49,-31558.79,1751.28,22534.32,-6821.95,187.39,909.68,-6634.56,-5724.88,,,,,
7101,1841.35,4500.05,5206.43,492.87,286.01,-208.15,-3927.41,-31727.22,1712.09,22599.88,-6737.02,183.02,775.9,-6554,-5778.1,,,,,
7111,1815.36,4467.49,5216.11,494.31,267.12,-178.98,-3875.83,-31606.59,1744.52,22428.27,-6743.8,185.8,771.78,-6558,-5786.21,,,,,
7121,1875.6,4394.01,5207.9,515.72,285.91,-160.34,-3860.84,-31576.47,1731.38,22534.63,-6888.73,188.15,947.51,-6700.58,-5753.07,,,,,
7131,1789.5,4405.28,5210.34,491.85,268.31,-200.6,-3863.03,-31971.18,1755.33,22638.42,-6593.49,182.3,524.22,-6411.19,-5886.97,,,,,
7141,1795.02,4401.48,5246.45,507.1,284.28,-209.78,-3921.61,-31827.57,1760.3,22709.35,-6721.18,184.33,745.03,-6536.85,-5791.82,,,,,
7151,1809.61,4520.75,5182.78,513.62,281.59,-198.25,-3842.99,-31945.31,1775.2,22603.62,-6605.69,183.64,700.61,-6422.05,-5721.44,,,,,
7161,1869.15,4415.95,5253.29,505.62,257.61,-188.52,-3893.15,-32080.49,1735.26,22701.65,-6510.57,183.42,576.36,-6327.15,-5750.78,,,,,
7171,1830.59,4477.41,5234.96,522.71,271.55,-182.51,-3902.41,-32143.66,1739.08,22588.93,-6391.15,184.54,436.65,-6206.61,-5769.96,,,,,
7181,1781.56,4444.64,5224.42,499.22,288.29,-199.26,-3883.86,-32011.55,1749.77,22647.12,-6543.75,184.45,540.34,-6359.29,-5818.95,,,,,
7191,1854.53,4507.05,5179.55,512.66,250.6,-184.86,-3902.35,-31848.77,1752.25,22567.54,-6616.28,178.34,688.2,-6437.94,-5749.74,,,,,
7201,1781.63,4488.68,5222.77,513.56,260.62,-194.01,-3896.78,-32041.29,1743.28,22653.92,-6514.93,186.64,532.37,-6328.29,-5795.92,,,,,
7211,1820.74,4390.14,5222.81,502.62,269.93,-195.29,-3859.53,-32044.87,1747.35,22648.44,-6543.92,184.98,502.34,-6358.94,-5856.6,,,,,
7221,1835.04,4465.26,5207.36,504.39,281.87,-201.19,-3919.77,-31904.4,1757.02,22530.47,-6539.05,181.95,556.04,-6357.1,-5801.06,,,,,
7231,1853.57,4438.52,5211.3,514.3,267.91,-182.6,-3910.68,-31906.99,1746.38,22598.95,-6593.96,182.13,630.67,-6411.83,-5781.16,,,,,
7241,1808.01,4584.05,5205.67,513.88,274.27,-183.69,-3875.51,-32048.1,1746.26,22601.96,-6518.1,186.25,626.81,-6331.85,-5705.04,,,,,
7251,1826.22,4377.3,5215.12,508.14,280.29,-201.7,-3842.97,-31900.87,1721.73,22531.29,-6596.38,189,514.54,-6407.38,-5892.84,,,,,
7261,1824.01,4559.57,5263.89,511.17,271.33,-206.58,-3865.88,-31843.45,1738.52,22576.53,-6648.49,188.92,829.1,-6459.57,-5630.47,,,,,
7271,1780.63,4415.71,5255.73,515.91,265.58,-181.85,-3892.14,-32198.39,1799.66,22631.23,-6401.24,185.84,392.06,-6215.4,-5823.34,,,,,
7281,1798.02,4383.79,5263.24,499,268.42,-203.25,-3867.83,-31927.35,1752.49,22716.58,-6631.03,183.54,683.13,-6447.49,-5764.36,,,,,
7291,1824.27,4531.06,5224.51,507.05,269.06,-199.45,-3854.81,-31904.01,1731.93,22559.95,-6569.56,186.68,689.55,-6382.88,-5693.33,,,,,
7301,1760.29,4509.45,5233.03,515.21,267.5,-216.34,-3860.6,-31764.04,1771.28,22523.43,-6669.72,188.02,739.2,-6481.7,-5742.49,,,,,
7311,1785.79,4393.17,5232.06,495.62,275.08,-185.43,-3908.93,-31838.55,1759.75,22633.12,-6659.01,185.25,641.65,-6473.76,-5832.1,,,,,
7321,1880.88,4445.28,5205.78,520.81,283.06,-200.05,-3882.15,-31947.44,1705.97,22514.47,-6515.18,185.34,526.61,-6329.84,-5803.23,,,,,
7331,1801.61,4508.35,5215.71,513.2,251.05,-186.39,-3914.73,-31926.78,1742.2,22648.6,-6573.27,183.03,652.81,-6390.24,-5737.42,,,,,
7341,1789.55,4421.75,5201.82,509.71,274.58,-153.58,-3912.14,-31972.31,1755.91,22702.7,-6607,185.13,617.99,-6421.87,-5803.88,,,,,
7351,1826.78,4451.15,5229.19,510.33,256.38,-186.79,-3852.96,-32119.99,1728.71,22700.71,-6511.61,186.92,543.51,-6324.69,-5781.18,,,,,
7361,1791.32,4477.92,5216.42,499.33,274.22,-182.89,-3881.71,-31878.49,1754.51,22578.44,-6614.04,186.41,649.07,-6427.63,-5778.56,,,,,
7371,1852.86,4472.83,5233.6,508.5,279.75,-210.51,-3881.14,-31887.69,1759.81,22441.28,-6596.03,181.21,569.3,-6414.82,-5845.52,,,,,
7381,1783.82,4470.83,5245.7,525.92,262,-194.42,-3865.73,-31884.81,1760.57,22626.01,-6642.88,185.19,729.89,-6457.69,-5727.8,,,,,
7391,1856.77,4554.17,5181.16,504.95,253.68,-213.62,-3865.12,-32054.42,1757.45,22545.49,-6464.73,184.51,520.5,-6280.22,-5759.72,,,,,
7401,1790.8,4494.91,5222.33,517.3,245.29,-191.77,-3856.1,-31984.79,1742.68,22613.84,-6589.2,187.4,594.5,-6401.81,-5807.31,,,,,
7411,1821.94,4477.42,5171.45,492.71,258.82,-202.26,-3903.78,-31908.12,1738.56,22604.39,-6589.69,181.73,551.12,-6407.96,-5856.84,,,,,
7421,1796.54,4366.38,5219.79,489.55,259.17,-180.13,-3835.15,-31888.65,1769.47,22668.65,-6677.61,186.08,665.62,-6491.53,-5825.9,,,,,
7431,1884.08,4401.56,5206.94,516.53,275.62,-203.19,-3885.3,-31968.37,1768.03,22663.61,-6583.3,185.15,659.5,-6398.16,-5738.65,,,,,
7441,1777.61,4397.65,5207.02,504.47,258.99,-211.15,-3892.96,-31855.51,1798.48,22650.41,-6681.63,183.08,635,-6498.55,-5863.55,,,,,
7451,1810.72,4475.8,5170.26,499.38,264.72,-177.03,-3822.99,-31968.28,1790.44,22581.04,-6604.62,186.17,624.06,-6418.45,-5794.4,,,,,
7461,1816.06,4497.19,5217.16,519.55,267.63,-179.34,-3914.97,-31834.9,1745.51,22569.66,-6646.6,185.16,703.56,-6461.44,-5757.87,,,,,
7471,1806.5,4473.9,5211.26,505.94,271.93,-212.36,-3878.08,-31883.67,1775.62,22519.03,-6589.5,183.88,590.07,-6405.62,-5815.56,,,,,
7481,1801.65,4450.93,5230.63,498.7,267.72,-204.22,-3839.19,-32035.4,1783.8,22694.76,-6576.09,179.59,649.37,-6396.5,-5747.13,,,,,
7491,1786.85,4528.16,5210.2,517.03,278.69,-183.34,-3929.64,-31910.9,1758.39,22572.86,-6580.56,180.39,628.29,-6400.18,-5771.88,,,,,
7501,1828.33,4478.71,5164.22,500.85,266.9,-148.96,-3925.72,-31760.7,1738.38,22559.74,-6723,185.23,701.74,-6537.77,-5836.03,,,,,
7511,1779.28,4476.51,5278.83,512.8,281.31,-174.15,-3872.7,-31778.64,1780.79,22546.11,-6703.99,185.63,830.15,-6518.35,-5688.21,,,,,
7521,1842.71,4504.56,5224.79,507.61,271.18,-224.33,-3923.7,-31664.68,1751.09,22500.83,-6728.94,188.41,790.06,-6540.54,-5750.48,,,,,
7531,1860.72,4421.18,5212.93,510.94,300.41,-210.06,-3897.74,-31679.46,1763.14,22456.75,-6703.64,184.06,738.81,-6519.57,-5780.76,,,,,
7541,1867.26,4379.54,5248.84,497.33,274.93,-188.57,-3921.95,-31754.76,1763.34,22609.76,-6711.48,186.16,775.71,-6525.32,-5749.61,,,,,
7551,1841.78,4410.11,5246.01,493.74,283.92,-201.51,-3891.01,-31877.17,1743.86,22617.36,-6660.62,186.32,667.08,-6474.3,-5807.22,,,,,
7561,1799.29,4386.6,5272.81,503.52,280.38,-181.45,-3912.53,-31722.4,1797.84,22670.29,-6810.87,186.08,894.36,-6624.79,-5730.42,,,,,
7571,1793.59,4409.61,5252.17,502.54,268.6,-197.55,-3891.39,-31819.62,1784.25,22669.63,-6690.44,186.49,771.83,-6503.95,-5732.12,,,,,
7581,1895.47,4404.23,5217.97,498.59,287.67,-186.41,-3921.65,-32066.92,1735.31,22646.11,-6481.75,182.25,510.38,-6299.49,-5789.11,,,,,
7591,1836.36,4462.79,5204.27,512.59,264.7,-220.98,-3911.77,-31788.18,1779,22658.32,-6718.23,180.86,797.1,-6537.37,-5740.27,,,,,
7601,1812.25,4465.59,5260.6,516.34,268.1,-186.65,-3906.29,-31921.35,1772.83,22577.79,-6588.63,181.62,659.21,-6407.02,-5747.81,,,,,
7611,1864.43,4494.8,5199.61,517.77,272.71,-198.7,-3918.4,-32004.49,1785.81,22544.62,-6480.52,185.22,558.15,-6295.3,-5737.15,,,,,
7621,1802.83,4525.78,5234.95,513.64,278.1,-183.77,-3951.28,-32145.37,1774,22619.99,-6419.89,182.04,468.87,-6237.85,-5768.98,,,,,
7631,1780.73,4548.12,5238.94,512.11,276.23,-188.37,-3857.17,-32021.75,1778.58,22692.8,-6555.95,185.94,760.21,-6370.01,-5609.8,,,,,
7641,1794.43,4474.23,5237.21,506.93,269.21,-188.48,-3916.81,-31792.85,1745.43,22607.81,-6713.14,185.42,737.1,-6527.72,-5790.62,,,,,
7651,1761.43,4518.28,5247.69,503.83,297.9,-176.79,-3905.5,-31928.53,1759.32,22577.68,-6571.36,184.9,655.31,-6386.46,-5731.15,,,,,
7661,1838.26,4565.18,5234.56,504.04,277.42,-215.45,-3900.24,-31790.37,1760.83,22578.09,-6713.79,186.93,852.31,-6526.86,-5674.55,,,,,
7671,1848.16,4425.08,5216.45,502.39,262.93,-206.21,-3911.64,-31952.7,1813.51,22690.09,-6591.33,184.78,688.07,-6406.55,-5718.48,,,,,
7681,1799.93,4478.78,5235.52,495.65,265.04,-204.96,-3912.7,-31886.19,1764.88,22523.36,-6553.97,186.89,559.3,-6367.08,-5807.78,,,,,
7691,1800.45,4498.55,5199.35,509.35,280.61,-157.37,-3912.83,-31788.68,1763.08,22561.93,-6697.24,185.07,754.44,-6512.17,-5757.73,,,,,
7701,1851.25,4525.05,5217.38,515.86,299.59,-157.35,-3907.28,-31844.18,1766.12,22503.91,-6628.54,188.1,770.35,-6440.45,-5670.1,,,,,
7711,1817.8,4453.86,5206.83,504.95,285.64,-190.73,-3937.24,-31847.54,1737.78,22582.19,-6606.33,184.93,613.54,-6421.4,-5807.86,,,,,
7721,1812.72,4513.49,5183.82,513.84,301.93,-174.05,-3907.16,-31881.97,1745.41,22509.64,-6608.98,185.63,617.68,-6423.35,-5805.66,,,,,
7731,1825.94,4459.22,5244.22,512.3,268.05,-194.37,-3900.08,-32006.79,1779.73,22596.72,-6538.65,183.74,584.94,-6354.91,-5769.97,,,,,
7741,1787.1,4497.84,5227.9,514.73,272.78,-206.69,-3974.31,-32013.19,1796.42,22590.05,-6475.4,178.88,492.62,-6296.53,-5803.9,,,,,
7751,1803.31,4450.98,5187.08,500.56,259.27,-200.65,-3905.48,-31989.99,1795.99,22622.45,-6506.26,184.59,523.52,-6321.67,-5798.15,,,,,
7761,1809.92,4535.74,5277.02,517.81,285.25,-217.42,-3907.08,-32083.61,1779.99,22691.97,-6486.23,183.3,689.57,-6302.93,-5613.36,,,,,
7771,1823.43,4472.16,5156.2,518.09,255.1,-203.18,-3911.03,-32134.9,1758.59,22529.11,-6361.61,180.59,263.57,-6181.03,-5917.46,,,,,
7781,1886.25,4481.57,5236.69,521.97,264.49,-214.23,-3904.4,-31854.87,1709.53,22529.13,-6613.09,183.97,656.13,-6429.13,-5773,,,,,
7791,1823.78,4482.37,5248.1,494.2,275.73,-187.26,-3927.79,-31852.82,1774.08,22587.11,-6670.11,184.31,717.51,-6485.81,-5768.3,,,,,
7801,1722.14,4439.44,5198.19,499.84,287.73,-202.08,-3902.7,-31902.09,1786.66,22640,-6596.59,183.42,567.13,-6413.17,-5846.04,,,,,
7811,1825.98,4419.99,5261.36,528.1,269.58,-184.35,-3901.09,-31740.03,1764.04,22558.2,-6696.69,186.23,801.78,-6510.46,-5708.68,,,,,
7821,1863.27,4430.18,5240.39,496.94,267.98,-194.63,-3920.89,-31942.11,1752.05,22687.61,-6591.97,183.04,680.79,-6408.93,-5728.14,,,,,
7831,1864.19,4453.15,5277.36,503.05,270.66,-180.57,-3962,-31731.01,1763.54,22550.16,-6717.15,186.92,808.54,-6530.22,-5721.68,,,,,
7841,1807.58,4443.76,5217.66,528.75,293.77,-212.39,-3906.09,-31659.28,1797.12,22645.78,-6828.99,188.81,956.67,-6640.18,-5683.52,,,,,
7851,1786.83,4387.19,5275.73,500.67,271.29,-190.75,-3915.89,-31973.97,1753.96,22707.88,-6584.97,181.81,602.95,-6403.16,-5800.21,,,,,
7861,1852.92,4469.21,5216.07,511.21,264.22,-207.99,-3912.79,-32013.67,1763.97,22716.97,-6568.65,183.57,660.13,-6385.08,-5724.94,,,,,
7871,1817.57,4460.19,5179.44,497.49,277.66,-194.53,-3934.01,-32065.19,1742.36,22673.95,-6490.37,184.41,454.94,-6305.96,-5851.02,,,,,
7881,1795.61,4512.55,5247.16,516.62,300.19,-199.55,-3935.15,-32038.34,1768.61,22651.47,-6518.44,180.39,619.16,-6338.04,-5718.88,,,,,
7891,1843.05,4415.88,5186.83,485.6,289.47,-184.97,-3903.35,-32091.05,1754.32,22681.14,-6525.16,187.77,476.92,-6337.39,-5860.47,,,,,
7901,1852.56,4501.65,5202.89,523.31,268.48,-182.6,-3868.46,-32082.32,1759.43,22673.99,-6545.69,187.59,648.94,-6358.11,-5709.16,,,,,
7911,1804.65,4499.2,5206.32,498.52,295.34,-203.5,-3886.62,-32133.02,1727.42,22688.27,-6471.54,184.33,496.56,-6287.21,-5790.64,,,,,
7921,1827.95,4420.97,5188.36,507.1,274.66,-183.92,-3917.62,-32123.66,1722.83,22752.54,-6528.98,183.84,469.21,-6345.13,-5875.92,,,,,
7931,1802.78,4420.27,5245.79,500.22,279.94,-183.47,-3864.42,-32201.17,1783.92,22763.05,-6463.23,183.11,546.91,-6280.13,-5733.22,,,,,
7941,1822.87,4511.62,5208.91,524.79,277.16,-183.87,-3902.31,-32080.71,1744.76,22580.97,-6465.81,183.57,504.2,-6282.24,-5778.05,,,,,
7951,1814.59,4484.54,5218.59,507.7,277.3,-192,-3880.78,-31988.75,1748.59,22628.7,-6573.32,181.76,618.48,-6391.56,-5773.08,,,,,
7961,1850.86,4527.13,5196.96,513.86,281.51,-174.54,-3879.62,-31969.46,1776.22,22658.52,-6606.07,184.3,781.42,-6421.77,-5640.35,,,,,
7971,1850.8,4408.78,5199.52,501.03,280.13,-204.42,-3879.99,-31917.07,1758.84,22576.03,-6578.67,184.75,573.65,-6393.92,-5820.28,,,,,
7981,1850.62,4380.1,5217.26,500.26,265.16,-184.93,-3922.93,-32097.35,1762.63,22634.2,-6499.63,180.28,405.04,-6319.35,-5914.31,,,,,
7991,1863.22,4479.9,5270.99,501.63,255.69,-178.3,-3884.56,-31933.92,1739.44,22646.48,-6638.9,181.82,760.55,-6457.08,-5696.53,,,,,
8001,1866.22,4486.17,5177.89,502.68,259.76,-186.81,-3928.89,-31904.21,1732.59,22668.29,-6711.52,181.53,673.67,-6529.99,-5856.31,,,,,
8011,1872,4467.91,5226,513.47,269.93,-201.38,-3873,-31851.23,1793.43,22677.03,-6772.3,186.87,894.16,-6585.43,-5691.27,,,,,
8021,1823.92,4392.67,5198.65,509.41,272.06,-164.32,-3892.76,-31787.26,1742.26,22569.61,-6702.59,184.34,664.23,-6518.25,-5854.02,,,,,
8031,1758.7,4535.95,5222.66,515.66,264.22,-211.38,-3919.16,-32001.67,1778.87,22590.51,-6534.1,181.25,534.35,-6352.85,-5818.49,,,,,
8041,1778.94,4373.94,5221.68,494.61,268.5,-190.46,-3885.78,-32072.36,1750.75,22602.27,-6411.68,184.62,342.1,-6227.06,-5884.96,,,,,
8051,1795.03,4424.19,5226.91,504.63,252.04,-188.27,-3913.75,-32234.15,1753.64,22723.15,-6388.53,182.58,343.43,-6205.96,-5862.53,,,,,
8061,1850.38,4492.25,5228.14,516.96,247.09,-205.11,-3926.85,-31925.43,1748.79,22615.98,-6587.27,178.03,642.2,-6409.23,-5767.03,,,,,
8071,1764.05,4558.89,5246.37,513.13,253.41,-193.19,-3969.76,-31897.07,1754.87,22564.06,-6545.32,177.04,594.77,-6368.27,-5773.5,,,,,
8081,1892.42,4400.39,5220.36,511.35,272.77,-190.51,-3915.42,-31949.16,1744.69,22532.82,-6478.09,181.71,519.71,-6296.38,-5776.67,,,,,
8091,1819.57,4360.08,5278.74,510.7,278.39,-205.72,-3950.81,-31900.54,1727.94,22728.81,-6666.52,180.56,647.15,-6485.96,-5838.81,,,,,
8101,1806.94,4495.02,5189.44,502.27,292.78,-198.8,-3910.36,-31764.58,1725.52,22510.25,-6680.49,185.94,648.47,-6494.55,-5846.08,,,,,
8111,1784.03,4503.13,5197.34,490.14,278.34,-197.13,-3894.17,-31878,1778.38,22593.32,-6600.58,186.15,655.38,-6414.44,-5759.06,,,,,
8121,1886.6,4476.3,5226.32,526.35,285.26,-191.96,-3867.76,-31950.08,1744.84,22590.99,-6582.76,188.21,726.84,-6394.55,-5667.7,,,,,
8131,1832.05,4459.34,5239.8,509.74,278.35,-208.84,-3893.53,-31717.86,1762.31,22597.9,-6752.38,186.68,859.26,-6565.7,-5706.44,,,,,
8141,1764.78,4489.77,5199.7,502.79,270.13,-204.03,-3920.1,-31812.52,1725.68,22699.58,-6713.75,186.17,715.78,-6527.59,-5811.81,,,,,
8151,1783.18,4468.83,5198.77,511.83,259.37,-175.26,-3849.7,-31854.11,1738.36,22581.2,-6641.94,187.84,662.48,-6454.1,-5791.62,,,,,
8161,1815.45,4501.48,5226.11,504.76,289.8,-199.27,-3906.89,-31821.84,1764.94,22622.97,-6704.85,186.35,797.51,-6518.51,-5720.99,,,,,
8171,1814.63,4507.03,5227.71,505.42,258.01,-187.19,-3926.32,-31687.68,1766.56,22630.6,-6801.42,188.45,908.77,-6612.97,-5704.2,,,,,
8181,1814.23,4452.1,5193.24,515.92,266.79,-194.8,-3922.03,-31729.96,1771.53,22632.42,-6772.36,188.66,799.44,-6583.7,-5784.26,,,,,
8191,1831.5,4475.82,5226.73,515.86,276.77,-189.12,-3847.08,-31771.62,1748.23,22546.85,-6675.15,186.13,813.94,-6489.02,-5675.08,,,,,
8201,1760.33,4428.38,5197.05,501.71,255.16,-193.76,-3894.66,-31886.54,1773.9,22661.76,-6626.71,184.95,603.32,-6441.76,-5838.44,,,,,
8211,1791.94,4410.25,5236.37,500.96,294.43,-191.36,-3859.48,-31957,1757.2,22583.39,-6571.3,183.46,566.7,-6387.84,-5821.14,,,,,
8221,1816.46,4437.71,5204.28,500.97,285.09,-200.99,-3875.35,-31998.35,1741.13,22568.59,-6509.08,186.99,479.54,-6322.09,-5842.55,,,,,
8231,1859.59,4512.76,5217.58,524.65,280.02,-204.68,-3890.27,-32012.44,1746.57,22602.24,-6532.83,184.55,636.02,-6348.28,-5712.26,,,,,
8241,1810.44,4496.75,5199.16,495.76,282.02,-177.19,-3964.64,-31683.14,1745.33,22609.55,-6734.23,184.38,814.03,-6549.85,-5735.82,,,,,
8251,1813.87,4491.68,5190.23,503.82,276.68,-172.16,-3847.71,-31967.02,1736.22,22504.34,-6511.81,186.5,529.95,-6325.31,-5795.36,,,,,
8261,1886.22,4440.16,5221.46,489.29,282.19,-191.18,-3880.94,-31966.08,1736.11,22517.74,-6532.61,185.69,534.98,-6346.92,-5811.94,,,,,
8271,1805.26,4423.7,5246.92,500.34,293.87,-201.17,-3886.85,-31950.14,1764.61,22656.95,-6546.97,182.17,653.48,-6364.8,-5711.32,,,,,
8281,1801.17,4364.56,5209.81,517.23,267.52,-180.42,-3870.72,-31953.69,1760.98,22690.84,-6629.12,187.13,607.28,-6441.99,-5834.72,,,,,
8291,1748.21,4537.16,5184.28,512.51,271.32,-188.05,-3924.3,-31755.34,1754.22,22557.98,-6676.44,181.77,697.99,-6494.67,-5796.67,,,,,
8301,1803.28,4494.51,5269.41,508.07,266.96,-191.73,-3900.74,-31862.63,1750.01,22564.68,-6632.16,183.23,701.81,-6448.93,-5747.12,,,,,
8311,1817.98,4494.55,5196.06,490.86,288.91,-202.16,-3858.59,-31940.01,1739.84,22657.35,-6625.31,185.33,684.78,-6439.98,-5755.19,,,,,
8321,1839.86,4529.32,5209.64,505.18,265.16,-172.69,-3930.75,-31699.37,1731.35,22438.39,-6674.79,184.41,716.09,-6490.38,-5774.28,,,,,
8331,1832.25,4527.62,5194.25,515.18,272.12,-201.4,-3905.69,-31903.62,1745.27,22623.5,-6638.08,186.72,699.49,-6451.35,-5751.86,,,,,
8341,1792.85,4439.69,5213.04,523.96,280.52,-190.74,-3883.27,-31819.2,1742.98,22546.89,-6610.81,183.53,646.72,-6427.28,-5780.56,,,,,
8351,1825.88,4474.41,5206.5,519.1,286.1,-193.64,-3916.47,-31830.38,1733.21,22546.47,-6657.36,186.17,651.18,-6471.18,-5820.01,,,,,
8361,1853.34,4462.42,5241.05,497.24,263.27,-193.55,-3868.28,-32001.76,1719.45,22602.15,-6548.83,187.67,575.33,-6361.17,-5785.84,,,,,
8371,1848.12,4455.28,5220.93,498.99,273.05,-188.24,-3860.45,-31822.6,1760.75,22493.23,-6610.39,190.27,679.07,-6420.12,-5741.04,,,,,
8381,1828.48,4519.4,5237.42,515.69,286.79,-185.98,-3930.79,-31812.08,1771.67,22538.07,-6579.32,186.82,768.67,-6392.5,-5623.83,,,,,
8391,1833.85,4437.96,5239.21,500.8,263.67,-201.48,-3829.3,-31845.99,1758.1,22588.69,-6644.38,189.71,745.5,-6454.67,-5709.17,,,,,
8401,1813.75,4526.9,5212.38,515.67,255.89,-233.11,-3877.05,-31749.21,1769.48,22466.98,-6696.44,187.06,701.68,-6509.38,-5807.7,,,,,
8411,1781.49,4426.54,5243.67,507.68,277.14,-194.28,-3913.08,-31733.99,1757.18,22527.22,-6712.86,184.87,679.58,-6527.98,-5848.41,,,,,
8421,1802.08,4434.63,5200.25,502.92,265.59,-181.14,-3883.62,-31845.54,1750.79,22630.97,-6726.66,184.93,676.92,-6541.74,-5864.82,,,,,
8431,1811.65,4456.01,5203.12,515.02,270.7,-180.51,-3869.41,-31871.78,1737.76,22638.01,-6648.34,184.64,710.57,-6463.69,-5753.12,,,,,
8441,1812.89,4447.09,5170.75,497.66,269.11,-173.45,-3826.61,-32001.01,1764.14,22625.77,-6575.59,189.04,586.33,-6386.55,-5800.21,,,,,
8451,1748.5,4423.48,5232.87,491.61,270.21,-175.78,-3911.3,-31767.72,1756.08,22571.92,-6680.39,187.97,639.87,-6492.42,-5852.56,,,,,
8461,1779.64,4485.47,5203.07,513.67,259.79,-192.98,-3889.63,-31811.69,1758.81,22568.22,-6684.43,189.28,674.37,-6495.15,-5820.78,,,,,
8471,1730.78,4521.74,5275.99,497.3,286.46,-186.21,-3877.37,-32082.62,1784.51,22628.56,-6464.75,183.83,579.14,-6280.92,-5701.78,,,,,
8481,1735.21,4443.21,5172.09,498.35,267.73,-185.12,-3899.47,-31856.92,1787.23,22640.02,-6648.23,182.15,602.34,-6466.08,-5863.74,,,,,
8491,1793.57,4390.44,5175.39,498.08,262.54,-186.34,-3825.16,-31692.32,1760.23,22526.38,-6767.34,185.19,702.81,-6582.16,-5879.34,,,,,
8501,1823.11,4430.16,5229.12,504.45,261.57,-182.08,-3921.1,-31903.18,1744.7,22604.36,-6556.05,186.59,591.11,-6369.46,-5778.35,,,,,
8511,1824.98,4449.07,5213.57,507.61,282.46,-205.06,-3878.62,-31762.77,1727.24,22500.28,-6666.57,183.52,658.76,-6483.05,-5824.29,,,,,
8521,1786.46,4473.31,5251.94,506.95,260.17,-198.37,-3866.33,-31815.62,1780.59,22608.46,-6661.85,188.39,787.55,-6473.46,-5685.91,,,,,
8531,1788.52,4480.51,5232.38,501.76,296.09,-195.36,-3877.26,-31756.26,1777.02,22563.93,-6697.1,187.08,811.34,-6510.02,-5698.67,,,,,
8541,1788.76,4487.04,5222.74,509.13,289.53,-196.61,-3910.35,-31855.82,1743.14,22597.7,-6652.44,186.75,675.27,-6465.68,-5790.41,,,,,
8551,1846.75,4481.99,5234.66,513.5,273.42,-184.73,-3883.92,-31780.11,1747.36,22596.4,-6684.95,185.37,845.33,-6499.59,-5654.26,,,,,
8561,1825.07,4392.97,5228.14,509.47,273.53,-185.49,-3872.12,-31814.72,1765.72,22599.8,-6697.95,188.31,722.37,-6509.64,-5787.27,,,,,
8571,1776.85,4493.42,5172.11,507.83,263.62,-176.37,-3854.22,-31713.96,1735.69,22529.79,-6750.1,189,734.77,-6561.1,-5826.34,,,,,
8581,1838.61,4481.7,5226.24,504.06,268.67,-186.29,-3877.28,-31781.01,1721.48,22506.44,-6685.68,186.3,702.63,-6499.38,-5796.76,,,,,
8591,1818.17,4483.34,5227.37,517.75,274.57,-179.14,-3857.96,-31791.61,1762.12,22511.4,-6670.52,187.34,766.01,-6483.18,-5717.17,,,,,
8601,1732.37,4450.57,5234.96,486.35,269.49,-182.3,-3890.57,-31731.29,1752.3,22627.73,-6755.32,183.87,749.62,-6571.44,-5821.83,,,,,
8611,1835.28,4419,5186.02,500.69,269.48,-191.11,-3861.92,-31751.3,1747.18,22521.5,-6671.18,184.82,674.83,-6486.36,-5811.53,,,,,
8621,1901.45,4519.13,5206.87,519.69,263.83,-192.15,-3919.15,-31925.21,1753.88,22449.98,-6456.07,188.12,578.32,-6267.95,-5689.63,,,,,
8631,1823.94,4428.81,5191.38,511.91,248.85,-168.34,-3926.37,-31776.47,1759.13,22551.51,-6654.7,183.25,644.35,-6471.45,-5827.1,,,,,
8641,1775.87,4411.14,5163.23,499.06,273.53,-184.5,-3868.56,-31909.46,1753.11,22621.87,-6609.3,188.84,535.27,-6420.45,-5885.18,,,,,
8651,1855.56,4493.46,5198.56,513.99,293.52,-164.75,-3883.66,-32155.33,1728.26,22557.32,-6392.61,185.91,436.94,-6206.69,-5769.75,,,,,
8661,1883.25,4422.63,5214.39,510.36,281.9,-173.29,-3863.47,-31869.78,1742.32,22525.9,-6571.09,183.62,674.21,-6387.47,-5713.26,,,,,
8671,1839.62,4429.08,5193.9,526.06,269.56,-195.39,-3796.03,-31918.92,1753.72,22625.83,-6629.25,189.24,727.41,-6440,-5712.59,,,,,
8681,1828.89,4387.35,5180.55,506.63,287.58,-191.01,-3898.27,-31790.5,1723.68,22615.51,-6693.79,185.59,650.41,-6508.19,-5857.78,,,,,
8691,1827.74,4367.87,5231.66,502.19,266.57,-178.33,-3894.62,-31952.04,1773.25,22531.01,-6541.03,185.36,475.3,-6355.68,-5880.37,,,,,
8701,1845.99,4446.32,5264,497.05,268.64,-198.37,-3902.73,-31979.04,1777.52,22586.68,-6527.05,183.19,606.05,-6343.86,-5737.8,,,,,
8711,1814.15,4428.55,5199.7,507.98,272.06,-194.96,-3898.85,-31948.49,1774.14,22632.72,-6569.46,185.21,587,-6384.25,-5797.25,,,,,
8721,1761.4,4451.83,5235.42,503.84,291.37,-188.84,-3942.24,-31915.38,1780.09,22646.53,-6560.88,186.25,624.01,-6374.63,-5750.62,,,,,
8731,1895.9,4419.41,5219.3,512.64,263.84,-161.32,-3872.74,-31925.5,1763,22518.46,-6559.21,183.74,633,-6375.47,-5742.47,,,,,
8741,1834.98,4488.74,5247.71,496.61,289.27,-190.89,-3948.89,-32024.45,1754.87,22596.82,-6438.64,181.14,544.76,-6257.5,-5712.74,,,,,
8751,1786.59,4453.07,5239.24,493.02,283.17,-169.33,-3893.56,-32075.73,1720.96,22614.6,-6458.76,184.51,452.04,-6274.24,-5822.21,,,,,
8761,1834.73,4429.65,5225.42,520.91,290.72,-168.8,-3915.85,-31989.11,1764.3,22677.4,-6566.26,183.54,669.39,-6382.71,-5713.33,,,,,
8771,1719.36,4428.55,5200.72,506.37,282.64,-175.41,-3811.89,-32271.1,1762.67,22831.87,-6440.34,186.06,473.79,-6254.28,-5780.49,,,,,
8781,1830.11,4365.76,5232.74,505.69,278.3,-187.21,-3885.04,-32028.49,1758.15,22662.49,-6496.74,185.33,532.49,-6311.41,-5778.92,,,,,
8791,1795.3,4399.02,5185.47,505.09,256.78,-173.08,-3904.7,-31931.59,1752.96,22593.29,-6513.58,184.54,478.52,-6329.03,-5850.52,,,,,
8801,1796.06,4435.55,5190.12,485.49,280.67,-186.67,-3878.23,-31775.64,1743.23,22503.03,-6603.6,188.08,593.6,-6415.52,-5821.92,,,,,
8811,1862.85,4456.42,5239.23,506.45,281.54,-187.46,-3842.68,-32025.83,1730.5,22553.16,-6508.28,185.48,574.18,-6322.81,-5748.63,,,,,
8821,1770.23,4438.8,5166.51,507.91,277.72,-175.62,-3900.85,-32065.93,1746.33,22734.25,-6488.16,184.11,499.35,-6304.05,-5804.7,,,,,
8831,1811.28,4383.01,5216.33,496.94,268.82,-209.12,-3873.61,-32053.96,1741.96,22673.94,-6476.84,186.97,455.6,-6289.87,-5834.27,,,,,
8841,1827.45,4432.97,5213.41,499.53,274.49,-184.74,-3968.79,-32150.69,1759.34,22686.56,-6375.83,180.23,389.54,-6195.6,-5806.05,,,,,
8851,1855.06,4392.2,5252.81,497.41,263.44,-174.79,-3870.71,-32342.51,1746.52,22704.22,-6283.12,181.92,323.66,-6101.19,-5777.53,,,,,
8861,1841.7,4481.97,5202,502.19,262.74,-176.11,-3895.58,-32079.83,1728.8,22565.11,-6440.41,182.65,433.01,-6257.76,-5824.75,,,,,
8871,1812.16,4467.74,5211.84,502.05,275.55,-200.32,-3863.85,-32106.81,1737.05,22582.39,-6447.38,183.19,417.81,-6264.19,-5846.38,,,,,
8881,1844.2,4570.26,5237.89,525.77,277.44,-175.03,-3906.93,-31751.03,1729.05,22580.95,-6714.02,186.04,932.56,-6527.98,-5595.41,,,,,
8891,1772.77,4475.82,5200.91,526.29,277.37,-172.7,-3869.76,-31786.88,1759.4,22555.71,-6639.88,189.1,738.91,-6450.78,-5711.87,,,,,
8901,1811.07,4449.7,5187.55,501.63,277.91,-176.17,-3898.68,-31768.86,1758.84,22566.28,-6684.6,184.79,709.26,-6499.81,-5790.54,,,,,
8911,1845.55,4420.69,5261.31,487.17,272.46,-201.21,-3866.47,-31794.43,1753.83,22621.14,-6734.75,187.43,800.04,-6547.33,-5747.29,,,,,
8921,1798.43,4417.64,5228.73,496.56,261.2,-164.34,-3864.57,-31961.07,1772.99,22625.29,-6619.94,188.8,610.86,-6431.14,-5820.28,,,,,
8931,1844.06,4496.92,5208.4,511.67,268.04,-182.43,-3900.37,-31956.51,1743.73,22663.87,-6590.2,185.03,697.38,-6405.16,-5707.79,,,,,
8941,1847.26,4417.69,5183.3,507.09,273.41,-180.97,-3876.52,-31931.3,1767.85,22545.72,-6567.29,183.59,553.52,-6383.69,-5830.17,,,,,
8951,1830.13,4488.63,5159.14,521.21,274.51,-168.02,-3894.9,-31791.52,1752.27,22470.28,-6595.28,184.24,641.72,-6411.04,-5769.32,,,,,
8961,1851.43,4410.71,5226.03,512.16,288.76,-172.04,-3809.84,-31886.55,1718.95,22474.97,-6594.2,189.52,614.58,-6404.69,-5790.11,,,,,
8971,1767.44,4418.1,5175.38,482.91,264.3,-151.71,-3897.88,-31828.26,1732.34,22564.33,-6600.24,186.31,526.95,-6413.93,-5886.98,,,,,
8981,1790.09,4450.77,5225.8,495.78,280.03,-196.24,-3865.47,-32174.05,1758.81,22651.77,-6394,184.91,417.29,-6209.1,-5791.8,,,,,
8991,1819.4,4481.41,5173.52,500.19,293.18,-184.31,-3894.81,-31971.41,1738.92,22484.19,-6450.76,184.13,440.29,-6266.63,-5826.34,,,,,
9001,1810.21,4426.25,5212.92,501.09,271.72,-172.67,-3875.59,-32090.26,1732.26,22620.52,-6421.46,186.33,436.45,-6235.13,-5798.68,,,,,
9011,1817.47,4485.18,5187.39,503.11,279.15,-159.8,-3884.84,-31999.75,1758.38,22514.45,-6473.31,183.75,500.72,-6289.56,-5788.84,,,,,
9021,1820.83,4477.63,5207.22,502.63,283.63,-191.58,-3879.7,-31819.13,1754.29,22545.63,-6586.51,184.59,701.47,-6401.92,-5700.45,,,,,
9031,1791.8,4396.05,5191.82,495.4,275.16,-188.26,-3874.52,-31913.11,1734.37,22549.1,-6503.64,184.12,457.81,-6319.52,-5861.71,,,,,
9041,1809.82,4352.63,5230,516.91,276.13,-189.24,-3862.89,-31906.54,1785.91,22556.49,-6545.31,186.24,569.23,-6359.07,-5789.83,,,,,
9051,1823.32,4452.12,5186.93,493.8,271.42,-179.03,-3885.56,-31845.35,1752.48,22406.9,-6519.88,183.24,477.03,-6336.64,-5859.61,,,,,
9061,1842.68,4440.58,5183.4,507.84,270.28,-188.42,-3881.75,-31825.43,1744.1,22488.11,-6615.09,181.43,581.4,-6433.66,-5852.25,,,,,
9071,1820.6,4477.1,5190.84,502.78,295.03,-195.19,-3875.55,-31972.08,1744.99,22520.59,-6490.02,184.34,509.12,-6305.67,-5796.55,,,,,
9081,1799.8,4527.89,5177.68,504.86,286.05,-231.39,-3806.68,-31765.31,1765.87,22499.18,-6678.61,188.45,757.95,-6490.16,-5732.21,,,,,
9091,1780.25,4449.86,5245.91,492.66,262.66,-214.05,-3912.59,-32003.65,1741.8,22609.85,-6513.65,183.84,452.7,-6329.81,-5877.11,,,,,
9101,1851.3,4392.88,5215.94,507.31,310.24,-191.3,-3861.72,-31914.52,1779.47,22474.76,-6500.95,188.42,564.35,-6312.53,-5748.18,,,,,
9111,1768.81,4449.26,5195.24,512.94,268.59,-177.37,-3882.35,-31760,1738.79,22548.73,-6664.22,187.19,662.64,-6477.03,-5814.39,,,,,
9121,1847.44,4420.76,5208.34,510.86,263.84,-173.37,-3863.43,-31914.87,1789.15,22475.33,-6525.48,187.05,564.04,-6338.43,-5774.38,,,,,
9131,1735.7,4470.49,5238.95,509.52,278.39,-205.4,-3828.57,-31937.83,1753.25,22501.42,-6502.89,187.24,515.93,-6315.65,-5799.72,,,,,
9141,1795.25,4450.49,5189.03,481.12,289.61,-190.89,-3880.71,-31941.35,1787.65,22448.75,-6448.97,184.93,428.96,-6264.04,-5835.08,,,,,
9151,1792.56,4405.88,5229.96,497.43,303.99,-205.73,-3837.91,-31865.38,1764.72,22461.15,-6551.56,189.84,546.68,-6361.71,-5815.04,,,,,
9161,1738.76,4449.6,5180.24,499.79,289.51,-190.43,-3908.68,-31849.25,1771.62,22545.55,-6532.54,189.74,526.71,-6342.8,-5816.09,,,,,
9171,1871.02,4428.23,5174.43,505.85,269.54,-174.7,-3865.96,-31995.72,1718.95,22584.2,-6515.75,189.59,515.85,-6326.16,-5810.31,,,,,
9181,1893.73,4481.33,5244.63,503.61,284.97,-197.18,-3934.5,-31957.24,1737.8,22511.77,-6435.26,184.93,568.91,-6250.32,-5681.41,,,,,
9191,1795.94,4507.88,5201.53,500.19,284.21,-182.71,-3884.59,-31923.72,1746.83,22501.07,-6488,189.45,546.6,-6298.54,-5751.94,,,,,
9201,1889.63,4431.38,5206.93,500.96,293.19,-181.72,-3919.34,-31863.96,1736.82,22550.14,-6570.15,186.59,644.01,-6383.56,-5739.54,,,,,
9211,1823.7,4426.59,5234.57,502.99,294.17,-189.95,-3918.5,-31886.62,1747.93,22523.96,-6490.4,185.24,558.85,-6305.17,-5746.32,,,,,
9221,1776.16,4493.14,5222.15,507.96,269.1,-194.41,-3877.93,-32106.69,1773.71,22541.25,-6359.55,183.15,404.43,-6176.4,-5771.97,,,,,
9231,1809.69,4483.92,5205.68,516.49,276.14,-182.1,-3878.94,-32157.98,1750.8,22570.82,-6337.13,186.9,394.53,-6150.23,-5755.7,,,,,
9241,1811.25,4435.93,5248.32,476.44,270.89,-202.75,-3854.78,-32166.64,1780.46,22641.72,-6385.66,186.26,440.85,-6199.39,-5758.54,,,,,
9251,1805.05,4453.61,5207.54,506.87,256.62,-188.95,-3872.07,-31978.92,1735.93,22523.5,-6482.56,191.1,449.19,-6291.46,-5842.27,,,,,
9261,1791.55,4470.83,5173.29,497.82,255.66,-218.32,-3872.7,-31886.67,1755.86,22431.97,-6521.32,186.61,399.29,-6334.71,-5935.42,,,,,
9271,1836.46,4470.67,5198.05,514.86,284.67,-188.77,-3885.66,-32108.34,1767.54,22573.04,-6402.92,184,462.52,-6218.92,-5756.39,,,,,
9281,1825.28,4464.47,5158.62,514.89,281.67,-172.05,-3830.33,-32070.24,1768.19,22562.87,-6421.23,185.9,503.37,-6235.33,-5731.96,,,,,
9291,1809.73,4408.72,5223.58,507.92,294.74,-168.73,-3854.08,-31852.82,1747.94,22497.11,-6532.16,183.83,614.11,-6348.33,-5734.22,,,,,
9301,1772.18,4496.68,5183.66,498.63,280.07,-200.39,-3884.6,-31873.29,1720.58,22476.88,-6514.09,185.57,470.39,-6328.51,-5858.12,,,,,
9311,1804.83,4453.36,5155.04,519.97,275.63,-194.51,-3911.93,-31988.77,1767.33,22495.83,-6411.23,185.16,376.78,-6226.07,-5849.29,,,,,
9321,1863.01,4392.83,5231.46,518,273.57,-204.52,-3856.9,-31786.57,1759.28,22365.43,-6557.53,185.85,555.6,-6371.69,-5816.09,,,,,
9331,1768.34,4439.79,5216.92,502.29,270,-183.73,-3783.13,-31980.83,1803.77,22463.71,-6482.37,184.88,517.14,-6297.49,-5780.35,,,,,
9341,1801.57,4527.9,5238.89,506.34,273.3,-200.35,-3849.92,-31797.81,1727.21,22403.31,-6582.56,184.82,630.45,-6397.74,-5767.29,,,,,
9351,1794.55,4519.99,5167.81,515.48,276.5,-178.51,-3936.63,-31909.7,1754.96,22538.06,-6546.48,184.58,542.51,-6361.9,-5819.39,,,,,
9361,1870.03,4380.6,5190.64,520.11,248.65,-176.47,-3873.59,-31852.14,1737.06,22489.41,-6531.27,182.25,534.3,-6349.02,-5814.72,,,,,
9371,1837.83,4397.34,5186.67,514.5,287.6,-196.04,-3841.5,-31982.61,1771.03,22550.57,-6529.83,182.64,525.4,-6347.19,-5821.79,,,,,
9381,1773.79,4484.92,5210.63,500.76,275.17,-212.58,-3904.94,-31917.41,1781.16,22650.62,-6604.06,183.9,642.13,-6420.16,-5778.03,,,,,
9391,1840.41,4465.9,5159.61,510.99,266.99,-196.15,-3876.63,-31990.42,1735.06,22568.95,-6495.2,186.09,484.71,-6309.11,-5824.41,,,,,
9401,1818.94,4429.79,5182.5,513.66,243.58,-190.82,-3872.18,-31978.6,1789.48,22651.63,-6584.92,185.22,587.98,-6399.7,-5811.73,,,,,
9411,1796.88,4527.23,5164.39,505.57,275.59,-175.39,-3872.93,-31969.51,1754,22554.31,-6495.72,182.3,560.13,-6313.42,-5753.29,,,,,
9421,1810.35,4424.41,5173.02,507.74,252.69,-188.02,-3866.22,-32055.46,1733.05,22636.03,-6508.47,186.78,427.59,-6321.69,-5894.09,,,,,
9431,1869.5,4465.85,5211.49,508.88,278.94,-205.28,-3850.92,-31964.86,1741.75,22549.51,-6546.94,184.7,604.86,-6362.23,-5757.37,,,,,
9441,1796.85,4519.84,5160.55,502.54,268.41,-176.86,-3842.44,-31963.08,1791.32,22558.43,-6591.31,188.42,615.56,-6402.9,-5787.34,,,,,
9451,1830.42,4444.76,5218.24,503.71,285.22,-199.85,-3900.32,-31810.15,1759.51,22549.09,-6680.47,185.79,680.62,-6494.68,-5814.06,,,,,
9461,1838.31,4418.82,5210.39,510.09,262.78,-176.88,-3906.25,-31992.13,1770.66,22547.28,-6463.6,181.85,483.07,-6281.75,-5798.68,,,,,
9471,1900,4484.4,5243.27,517.61,264.92,-185.9,-3910.36,-31936.59,1717.58,22577.5,-6579.48,184.32,672.42,-6395.16,-5722.74,,,,,
9481,1791.54,4470.05,5184.25,499.89,282.07,-198.63,-3931.54,-31891.35,1758.17,22572.54,-6592.07,181.93,536.99,-6410.14,-5873.15,,,,,
9491,1823.12,4460.29,5175.34,513.39,273.82,-181.84,-3902.5,-31989.03,1774.84,22640.52,-6577.91,184.38,587.95,-6393.53,-5805.59,,,,,
9501,1840.6,4433.92,5199.91,496.05,243,-204.14,-3910.03,-31961.88,1750.25,22678.59,-6550.86,184.11,566.27,-6366.75,-5800.48,,,,,
9511,1781.84,4428.38,5146.7,506.25,283.04,-170.51,-3876.69,-31873.14,1752.05,22571.02,-6612.55,185.88,548.94,-6426.67,-5877.72,,,,,
9521,1788.84,4549.69,5204.29,493.55,265.73,-225.17,-3877.04,-32073.07,1744.31,22552.58,-6426.48,185.27,423.71,-6241.2,-5817.5,,,,,
9531,1791.83,4479.93,5191.82,503.2,269.48,-172.86,-3853.1,-31898.96,1753.36,22533.95,-6538.5,184.27,598.66,-6354.23,-5755.57,,,,,
9541,1844.81,4484.95,5182.48,507.31,298.14,-191.86,-3912.63,-32162.93,1726.01,22575.64,-6362.38,182.81,351.91,-6179.57,-5827.66,,,,,
9551,1882.61,4426.68,5178.59,504.45,267.44,-185.88,-3884.27,-31908.51,1761.89,22667.71,-6637.92,183.27,710.71,-6454.65,-5743.94,,,,,
9561,1808.42,4436.87,5202,518.15,298.1,-154.5,-3905.8,-31988.94,1744.22,22627.47,-6502.31,182.38,585.99,-6319.93,-5733.94,,,,,
9571,1755.42,4442.51,5177.66,498.68,289.61,-180.01,-3856.83,-32176.64,1778.06,22682.15,-6411.83,183.31,410.6,-6228.52,-5817.92,,,,,
9581,1837.13,4475.77,5181.52,496.1,271.89,-193.61,-3919.12,-32030.65,1730.39,22572.85,-6416.38,183.86,422.28,-6232.51,-5810.24,,,,,
9591,1811.06,4431.93,5206.12,517.67,270.99,-193.6,-3924.8,-31907.82,1751.12,22567.08,-6529.32,188.23,529.76,-6341.09,-5811.33,,,,,
9601,1819.2,4466.83,5160.35,501.37,271.57,-168.22,-3832.67,-31984.11,1764.15,22533.75,-6498.39,184.68,532.22,-6313.72,-5781.49,,,,,
9611,1780.65,4500.99,5205.45,523.22,272.38,-191.99,-3906.9,-31855.27,1799.04,22470.77,-6479.72,184.15,598.34,-6295.57,-5697.23,,,,,
9621,1856.4,4519.61,5232.96,517.01,273.33,-165.39,-3897.28,-31838.4,1745.6,22415.84,-6548.57,183.77,659.69,-6364.79,-5705.1,,,,,
9631,1824.88,4425.9,5200,509.23,285.61,-196.75,-3837.34,-31979.14,1748.07,22524.61,-6462.41,187.64,505.07,-6274.77,-5769.7,,,,,
9641,1816.76,4454.06,5185.01,496.19,278.87,-172.84,-3853.35,-31895.42,1741.53,22529.29,-6546.07,185.53,580.1,-6360.54,-5780.43,,,,,
9651,1803.59,4454.88,5168.75,514.79,258.37,-183.59,-3877.06,-31634.59,1772.14,22521.93,-6766.29,187.58,799.2,-6578.71,-5779.51,,,,,
9661,1821.88,4425.38,5180.67,502.19,302.86,-183.13,-3900.01,-31762.01,1768.37,22533.26,-6665.5,188.61,689.45,-6476.89,-5787.43,,,,,
9671,1865.69,4460.06,5215.76,514.72,292.39,-200.6,-3874.75,-31808.94,1762.6,22455.1,-6547.08,189.92,682.03,-6357.16,-5675.13,,,,,
9681,1776.36,4447.86,5207.83,500.33,282.98,-187.32,-3932.85,-31859.37,1771.58,22465.65,-6498.11,182.88,473.06,-6315.24,-5842.18,,,,,
9691,1776.2,4413.52,5214.12,514.65,267.42,-185.02,-3886.02,-31814.45,1759.94,22435.79,-6585.76,186.9,496.15,-6398.86,-5902.71,,,,,
9701,1858.63,4513.19,5225.86,511.26,288.5,-189.67,-3894.54,-31715.07,1741.9,22430.57,-6672.22,187.03,770.64,-6485.19,-5714.55,,,,,
9711,1791.06,4413.61,5165.89,501.56,280.38,-174.52,-3922.03,-31959.98,1736.6,22505.73,-6463.43,182.69,338.3,-6280.73,-5942.43,,,,,
9721,1829.68,4538.29,5194.45,502.09,294.75,-196.72,-3841.85,-31929.88,1709.62,22469.3,-6475.95,185.63,569.73,-6290.33,-5720.6,,,,,
9731,1754.43,4550.94,5155.24,510.64,297.85,-167.01,-3861.63,-31917.63,1779.32,22506.81,-6495.26,184.68,608.98,-6310.58,-5701.6,,,,,
9741,1810.69,4554.26,5192.67,505.94,279.12,-179.33,-3893.76,-31893.62,1747.35,22475.51,-6520.24,182.1,598.83,-6338.13,-5739.3,,,,,
9751,1834.35,4484.33,5205.32,502.49,302.59,-158.62,-3915.41,-31737.06,1756.17,22525.46,-6679.18,187.85,799.61,-6491.33,-5691.71,,,,,
9761,1742.07,4543.81,5230.19,505.54,273.13,-195.07,-3925.88,-31940.11,1775.04,22469.96,-6491.24,185.08,478.67,-6306.16,-5827.49,,,,,
9771,1796.46,4441.27,5240.38,514.31,272.04,-180.32,-3899.32,-31873.18,1769.93,22508.04,-6539.55,183.4,589.62,-6356.15,-5766.53,,,,,
9781,1785.92,4421.81,5182.45,486.43,280.15,-154.23,-3891.94,-32022.03,1757.44,22541.95,-6470.23,183.78,387.95,-6286.44,-5898.49,,,,,
9791,1767.76,4472.55,5229.9,488.03,268.81,-207.58,-3909.52,-31785.43,1747.18,22478.3,-6619.03,187.52,550,-6431.51,-5881.51,,,,,
9801,1811.07,4514.05,5226.52,518.35,283.22,-194.38,-3877.01,-31572.47,1782.66,22378.71,-6704.24,185.44,870.73,-6518.79,-5648.07,,,,,
9811,1798.08,4403.79,5184.48,514.38,276.71,-203.15,-3848.35,-31849.17,1766.64,22567.67,-6611.21,185.83,611.08,-6425.38,-5814.3,,,,,
9821,1887.88,4467.94,5241.83,528.95,267.55,-195.41,-3915.69,-31755.08,1771.48,22323.61,-6544.08,185.81,623.07,-6358.27,-5735.21,,,,,
9831,1838.19,4339.7,5215.35,499.39,301.29,-178.91,-3898.61,-31800.63,1749.89,22460.04,-6553.75,185.31,525.7,-6368.45,-5842.75,,,,,
9841,1828.76,4388.1,5219.45,501,276.39,-198.49,-3863.29,-31728.9,1767.86,22478.56,-6665.48,186.7,669.43,-6478.78,-5809.35,,,,,
9851,1726.96,4499.74,5195.15,511.76,279.02,-229.4,-3901.9,-31846.76,1780.12,22525.53,-6592.9,183.59,540.22,-6409.32,-5869.09,,,,,
9861,1818.37,4509.55,5172.29,507.97,275.92,-187.93,-3802.48,-31809.12,1773.98,22497.6,-6600.82,187.83,756.15,-6412.99,-5656.84,,,,,
9871,1792.23,4568.49,5219.71,514.37,277.74,-190.8,-3924.11,-31850.7,1755.4,22417.48,-6509.83,184.8,579.8,-6325.04,-5745.23,,,,,
9881,1806.36,4484.83,5174.6,513.88,281.85,-184.91,-3894.74,-31738.26,1750.62,22427.7,-6594.37,186.42,621.92,-6407.95,-5786.03,,,,,
9891,1770.65,4464.27,5223.4,498.01,259.27,-176.55,-3878.82,-31865.01,1769.93,22522.3,-6534.52,186.22,587.46,-6348.3,-5760.84,,,,,
9901,1781.82,4448.92,5212.71,510.21,275.39,-193.75,-3846.78,-31953.64,1772.92,22511.53,-6487.46,182.49,519.32,-6304.96,-5785.64,,,,,
9911,1835.11,4426.36,5235.36,523.92,292.95,-206.34,-3819.36,-31919.07,1733.03,22589.84,-6596.64,185.93,691.81,-6410.71,-5718.9,,,,,
9921,1857.94,4446.75,5233.44,504.73,290.18,-207.2,-3927.23,-31616.21,1724.51,22397.76,-6692.09,188.43,704.66,-6503.66,-5799,,,,,
9931,1748.69,4431.53,5212.35,501.96,264.05,-182.96,-3870.62,-31624.11,1766.44,22491.29,-6755.91,188.42,738.62,-6567.49,-5828.87,,,,,
9941,1794.6,4559.38,5245.23,521.44,276.86,-179.22,-3861.22,-31545.99,1748.61,22405.93,-6815.56,188.8,965.61,-6626.76,-5661.15,,,,,
9951,1724.3,4464.91,5176.14,495.96,273.7,-188.96,-3877.74,-31751.12,1772.51,22450.57,-6630.94,184.14,540.24,-6446.79,-5906.55,,,,,
9961,1847.03,4428.55,5212.76,491.79,276.69,-195.13,-3850.37,-31863.02,1774.14,22439.06,-6549.28,185.55,561.49,-6363.73,-5802.23,,,,,
9971,1805.49,4497.78,5240.95,519.91,305.83,-189.42,-3874.8,-31754.21,1739.42,22472.14,-6672.6,187.72,763.08,-6484.88,-5721.8,,,,,
9981,1842.96,4501.44,5191.88,523.1,280.96,-185.63,-3893.05,-31669.83,1751.25,22502.97,-6795.81,188.2,846.04,-6607.61,-5761.57,,,,,
9991,1827.98,4434.55,5246.34,512.94,269.98,-159.35,-3865.43,-31801.99,1771.57,22567.43,-6711.93,189.38,804.03,-6522.55,-5718.52,,,,,
10001,1816.27,4463.82,5235.52,521.17,279.73,-199.54,-3859.96,-31897.65,1750.27,22593.02,-6652.31,189.2,702.65,-6463.11,-5760.46,,,,,
,,,,,,,,,,,,,,,,,,,,
Receptor Energy Terms,,,,,,,,,,,,,,,,,,,,
Frame #,BOND,ANGLE,DIHED,UB,IMP,CMAP,VDWAALS,EEL,1-4 VDW,1-4 EEL,EGB,ESURF,GGAS,GSOLV,TOTAL,,,,,
1,1748.69,4213.84,5395.03,504.29,259.41,-179.28,-3939.55,-32379.19,1748.18,22614.07,-5963.02,161.73,-14.52,-5801.29,-5815.81,,,,,
11,1801.66,4142,5299.85,505.04,282.45,-200.94,-3807.12,-31790.48,1702.66,22634.34,-6591.48,183.72,569.45,-6407.76,-5838.31,,,,,
21,1803.95,4260.93,5320.38,514.2,282.12,-208.57,-3882.86,-31893.15,1746.6,22674.37,-6549.65,181.06,617.98,-6368.59,-5750.61,,,,,
31,1809.99,4243.18,5242.94,521.59,276.44,-157.19,-3885.37,-31882.5,1726.3,22685.97,-6572.65,181.42,581.35,-6391.22,-5809.87,,,,,
41,1792.66,4187.25,5227.63,515.98,261.72,-202.71,-3893.4,-31982.01,1755.54,22791.9,-6552.79,181.14,454.56,-6371.65,-5917.09,,,,,
51,1783.37,4270.71,5195.19,516.92,275.91,-151.54,-3917.51,-31653.8,1688.45,22679.55,-6708.07,184.31,687.25,-6523.76,-5836.52,,,,,
61,1799.86,4207.74,5240.97,520.01,272.04,-178.94,-3846.9,-31707.85,1712.79,22762.13,-6824.72,187.02,781.85,-6637.7,-5855.85,,,,,
71,1824.56,4244.37,5257.09,514.87,303.55,-181.34,-3871.27,-31940.26,1744.64,22779.61,-6586.29,184.34,675.83,-6401.95,-5726.12,,,,,
81,1753.05,4191.65,5214.41,489.29,262.71,-179.59,-3861.79,-31922.3,1735.87,22772.71,-6571.1,182.25,456,-6388.84,-5932.85,,,,,
91,1827.92,4229.15,5252.42,494.09,284.61,-180.97,-3843.38,-31957.15,1716.36,22592.62,-6469.78,185.86,415.66,-6283.92,-5868.26,,,,,
101,1827.78,4159.74,5296.26,503.51,258.28,-206.02,-3845.87,-31875.1,1723.14,22632.78,-6552.08,187.31,474.51,-6364.77,-5890.26,,,,,
111,1818.93,4168.84,5224.61,506.25,284.64,-192.45,-3818.38,-32096.49,1691.54,22764.15,-6487.49,184.46,351.64,-6303.04,-5951.4,,,,,
121,1819.26,4223.03,5262.16,514.7,296.76,-198.55,-3860.76,-31925.05,1722.31,22624.85,-6546.22,188.68,478.73,-6357.54,-5878.81,,,,,
131,1832.29,4165.12,5262.88,506.49,297.67,-196.85,-3876.26,-31987.71,1708.95,22768,-6519.87,184.52,480.58,-6335.35,-5854.77,,,,,
141,1817.85,4164.32,5220.37,518.62,272.4,-188.69,-3814.89,-32154.55,1700.02,22742.95,-6423.49,180.87,278.39,-6242.62,-5964.23,,,,,
151,1752.59,4208.46,5291.84,512.78,268.19,-201.59,-3830.43,-32036.39,1752.45,22755.64,-6533.32,189.88,473.56,-6343.44,-5869.88,,,,,
161,1855.45,4106.81,5281.04,492.12,267.63,-187.24,-3893.01,-32058.6,1732.53,22790.28,-6494.86,180.87,387.01,-6313.99,-5926.98,,,,,
171,1827.41,4150.57,5232.63,509.6,266.97,-188.81,-3892.78,-31913.05,1743.82,22721.24,-6564.63,181.8,457.61,-6382.84,-5925.23,,,,,
181,1765.27,4264.33,5239.23,517.3,288.59,-206.6,-3875.97,-31928.6,1742.04,22785.5,-6640.84,182.69,591.08,-6458.15,-5867.07,,,,,
191,1775.28,4168.4,5194,523.68,253.65,-198.53,-3859.1,-31795.04,1757.97,22764.32,-6666.68,178.65,584.62,-6488.03,-5903.41,,,,,
201,1808.86,4130.82,5217.66,507.91,275.57,-186.52,-3884.32,-32000.32,1722.96,22794.66,-6582.01,181.41,387.28,-6400.6,-6013.32,,,,,
211,1799.8,4196.68,5238.36,506.05,287.5,-212.55,-3866.36,-32107.03,1697.22,22796.1,-6488.45,181.56,335.76,-6306.89,-5971.12,,,,,
221,1816.02,4097.4,5226.32,514.41,282.4,-167.72,-3845.68,-32112.67,1733.02,22804.53,-6495.93,180.32,348.03,-6315.62,-5967.59,,,,,
231,1827.55,4135.84,5226.95,519.95,279.52,-201.89,-3876.38,-32018.89,1749.4,22699.12,-6480.08,177.92,341.16,-6302.16,-5961,,,,,
241,1869.53,4252.77,5263.18,515.47,293.64,-209.18,-3861.23,-31955.32,1689.49,22705.43,-6556.46,178.59,563.78,-6377.87,-5814.09,,,,,
251,1769.17,4154.7,5283.16,506.79,297.55,-205.94,-3836.42,-32126.57,1717.88,22817.75,-6518.5,183.77,378.07,-6334.73,-5956.66,,,,,
261,1725.05,4199.25,5240.85,509.72,282.46,-189.55,-3859.5,-32046.52,1737.21,22889.64,-6611.41,184.79,488.61,-6426.62,-5938.01,,,,,
271,1826.93,4202.98,5258.92,498.24,275.42,-206.24,-3881.24,-32149.94,1717.16,22748.11,-6426.77,176.85,290.34,-6249.92,-5959.58,,,,,
281,1825.79,4192.42,5207.38,501.06,265.5,-177.02,-3830.55,-32268.91,1692.57,22690.95,-6299.69,182.54,99.19,-6117.15,-6017.96,,,,,
291,1754.81,4172.16,5277.14,508.59,272.33,-204.26,-3882.76,-32230.69,1763.39,22753.71,-6327.33,177.48,184.41,-6149.85,-5965.44,,,,,
301,1796.78,4134.14,5264.62,503.47,282.8,-182.23,-3841.63,-32132.75,1736.44,22729.28,-6403.46,176.05,290.91,-6227.41,-5936.5,,,,,
311,1783.32,4176.97,5262.34,520.26,262.53,-181.29,-3876.73,-31954.17,1738.65,22731.16,-6513.59,182.05,463.04,-6331.54,-5868.5,,,,,
321,1774.71,4217.28,5251.06,507.99,263.92,-205.98,-3846.01,-32018.11,1734.62,22674.65,-6480.08,179.62,354.12,-6300.46,-5946.34,,,,,
331,1743.98,4182.76,5227.34,510.6,278.72,-182.31,-3883.1,-32089.36,1736.37,22764.5,-6453.22,177.82,289.51,-6275.4,-5985.89,,,,,
341,1770.49,4215.67,5256.2,508.28,281.99,-188.78,-3849.19,-32090.91,1746.78,22677.75,-6441.3,178.5,328.28,-6262.8,-5934.53,,,,,
351,1803.19,4176.26,5209.5,526.31,258.71,-203.62,-3827.02,-31998.07,1695.1,22685.77,-6496.49,183.22,326.13,-6313.27,-5987.13,,,,,
361,1815.22,4190.82,5251.76,505.18,277.94,-176.55,-3882.53,-32143.45,1726.64,22789.78,-6411.72,179.49,354.81,-6232.22,-5877.41,,,,,
371,1822.95,4176.69,5213.81,516.71,271.54,-177.73,-3917.06,-31788.27,1705.14,22639.99,-6617.44,184.09,463.76,-6433.35,-5969.59,,,,,
381,1768.79,4261.36,5250.7,516.21,262.06,-187.15,-3889.84,-31945.53,1728.15,22751.21,-6575.3,181.57,515.97,-6393.73,-5877.76,,,,,
391,1783.95,4136.45,5206.37,514.86,268.29,-187.63,-3852.94,-32176.12,1710.87,22783.3,-6399.65,183.49,187.4,-6216.16,-6028.76,,,,,
401,1824.84,4231.88,5219.06,502.04,266.03,-176.65,-3885.94,-31832.44,1735.12,22615.87,-6637.75,182.77,499.82,-6454.98,-5955.17,,,,,
411,1796.75,4225.47,5202.78,530.81,260.06,-171.02,-3851.57,-31939.52,1753.87,22702.13,-6534.05,183.94,509.75,-6350.1,-5840.36,,,,,
421,1873.68,4307.06,5198.01,519.69,292.11,-193.44,-3852.87,-32147.1,1721.65,22624.55,-6409.76,181.61,343.33,-6228.15,-5884.82,,,,,
431,1806.25,4204.99,5185.69,502.08,276.33,-186.63,-3824.02,-32139.85,1707.49,22739.88,-6435.08,185.15,272.19,-6249.93,-5977.74,,,,,
441,1805.74,4212.48,5223.3,510.17,277.27,-199.58,-3883.45,-31999.14,1743.76,22777.31,-6568.89,182.42,467.86,-6386.46,-5918.6,,,,,
451,1825.2,4240.15,5248.55,504.2,281.11,-169.99,-3846.24,-32174.4,1742.96,22726.38,-6443.2,187.05,377.92,-6256.15,-5878.23,,,,,
461,1805.34,4213.49,5156.45,503.77,304.87,-184.15,-3894.46,-31999.25,1711.46,22642.32,-6457.91,182.29,259.84,-6275.62,-6015.78,,,,,
471,1803.1,4181.8,5215.82,502.23,268.06,-231.41,-3871.19,-32002.78,1759.67,22756.79,-6525.65,184.84,382.09,-6340.8,-5958.72,,,,,
481,1752.08,4253,5183.76,498.64,279.89,-156.76,-3816.23,-32106.38,1736.74,22702.26,-6406.13,182.4,327,-6223.73,-5896.72,,,,,
491,1808.78,4239.35,5218.17,495.2,258.23,-206.41,-3890.02,-32122.54,1723.09,22765.02,-6410.76,178.5,288.86,-6232.26,-5943.4,,,,,
501,1786.01,4159.28,5175.33,504.63,283.09,-195.96,-3880.17,-31765.45,1744.01,22705.05,-6710.23,182.2,515.83,-6528.03,-6012.19,,,,,
511,1783.64,4153.46,5201.62,521.74,270.53,-189.4,-3893.62,-31961.78,1733.56,22672.87,-6517.97,181.26,292.61,-6336.71,-6044.1,,,,,
521,1859.47,4266.8,5258,526.28,271.98,-207.33,-3870.71,-32094.48,1756.28,22579.51,-6360.98,179.53,345.79,-6181.45,-5835.66,,,,,
531,1792.39,4119.19,5205.11,506.6,278.86,-226.19,-3839.37,-32139.2,1729.42,22765.98,-6419.24,180.94,192.78,-6238.3,-6045.52,,,,,
541,1819.33,4150.41,5255.67,505.18,269.1,-197.21,-3882.42,-32255,1728.77,22680.31,-6268.24,180.48,74.13,-6087.76,-6013.64,,,,,
551,1757.34,4102.04,5226.05,503.95,273,-174.9,-3864.37,-32143.62,1777.09,22797.53,-6427.57,181.75,254.11,-6245.82,-5991.71,,,,,
561,1859.8,4106,5238.88,499.46,273.96,-206.4,-3832.05,-32181.83,1703.07,22722.51,-6377.19,181.59,183.39,-6195.6,-6012.21,,,,,
571,1810,4167.56,5197.36,503.02,276.5,-183.57,-3897.25,-32217.08,1720.31,22779.96,-6360.32,178.86,156.81,-6181.45,-6024.65,,,,,
581,1759.71,4145.99,5244.99,508.02,286.09,-195.15,-3877.88,-32225.77,1718.65,22812.24,-6331.28,180.92,176.89,-6150.36,-5973.48,,,,,
591,1812.6,4122.5,5212.05,511.23,276.85,-198.73,-3855.27,-32202.08,1740.13,22713.21,-6337.39,182.81,132.5,-6154.59,-6022.09,,,,,
601,1818.17,4145.12,5218.97,499.47,296.68,-227.12,-3880.62,-32086.19,1725.75,22698.06,-6407.72,180.47,208.28,-6227.25,-6018.97,,,,,
611,1785.12,4230.53,5202.02,513.7,278,-204.14,-3880.22,-31998.01,1753.67,22648.36,-6433.03,178.16,329.02,-6254.87,-5925.85,,,,,
621,1872.96,4171.53,5252.11,494,290.04,-199.19,-3853.32,-32264.6,1740.53,22710.48,-6330.22,182.62,214.53,-6147.6,-5933.07,,,,,
631,1821.32,4243.61,5254.62,501.82,302.91,-188.25,-3973.9,-32110.95,1731.94,22721.82,-6330.88,175.91,304.94,-6154.98,-5850.04,,,,,
641,1882.19,4092,5188.37,513.48,274.64,-201.42,-3886.9,-31913.14,1707.52,22730.65,-6568.11,183.46,387.39,-6384.66,-5997.26,,,,,
651,1759.18,4179.19,5235.26,512.72,271.53,-199.94,-3885.53,-32054.89,1708.01,22777.09,-6456.2,181.95,302.64,-6274.25,-5971.61,,,,,
661,1742.82,4169.42,5215.25,503.08,275.19,-186.61,-3897.07,-32007.01,1731.92,22702.73,-6466.17,179.9,249.7,-6286.26,-6036.57,,,,,
671,1722.79,4134.92,5225.31,492.82,263.33,-204,-3880.62,-32159.75,1745.89,22744.43,-6401.52,180.31,85.11,-6221.2,-6136.1,,,,,
681,1787.3,4200.66,5213.73,521.8,264.14,-187.51,-3858.89,-31803.06,1702.97,22598.09,-6581.59,183.45,439.22,-6398.13,-5958.91,,,,,
691,1772.6,4150.11,5229.07,498.33,279.06,-188.07,-3852.57,-31943.7,1728.08,22766.02,-6582.23,184.29,438.94,-6397.94,-5959,,,,,
701,1820.5,4247.64,5230.35,515.99,279.33,-208.87,-3831.07,-31929.21,1717.77,22675.38,-6573.06,181.64,517.81,-6391.42,-5873.6,,,,,
711,1777.2,4249.92,5191.24,523.46,279.49,-152.01,-3918.08,-31843.41,1739.12,22637.2,-6566.49,180.77,484.14,-6385.72,-5901.58,,,,,
721,1780.67,4168.12,5201.14,507.18,258.94,-201.58,-3909.15,-31690.04,1718.54,22633.47,-6678.33,179.52,467.29,-6498.81,-6031.52,,,,,
731,1815.83,4262.83,5207.4,515.59,303.89,-192.65,-3930.88,-31798.52,1678.08,22621.7,-6608.84,182.53,483.27,-6426.3,-5943.04,,,,,
741,1783.63,4262.43,5237.29,514.48,293.41,-225.99,-3895.62,-31788.3,1729.45,22593.19,-6628.21,181.29,503.97,-6446.92,-5942.94,,,,,
751,1808.84,4153.96,5219.35,498.62,292.99,-201.48,-3892.83,-31765.01,1735.55,22658.68,-6688.56,182.46,508.67,-6506.1,-5997.43,,,,,
761,1807.6,4145.89,5209.69,517.46,295.78,-186.16,-3886.42,-31759.12,1762.65,22822.57,-6768.61,184.01,729.94,-6584.6,-5854.65,,,,,
771,1767.41,4254.22,5227.53,503.98,278.16,-188.56,-3916.35,-31911.86,1719.53,22774.96,-6606.07,182.65,509.02,-6423.41,-5914.39,,,,,
781,1757.67,4133.59,5208.76,498.68,286.45,-194.96,-3861.58,-31992.1,1705.77,22804.63,-6559.74,183.93,346.92,-6375.81,-6028.88,,,,,
791,1870.51,4190.06,5228.12,513.78,274.65,-186.83,-3923.34,-31890.58,1703.71,22800.49,-6672.76,181.02,580.57,-6491.74,-5911.17,,,,,
801,1742.57,4162.04,5199.33,515.64,286.86,-166.61,-3874.43,-32059.71,1728.71,22844.11,-6598.99,183.05,378.52,-6415.94,-6037.42,,,,,
811,1823.04,4154.62,5260.77,509.26,292.46,-171.72,-3888.82,-32116.72,1777.29,22915.95,-6578.32,184.5,556.12,-6393.81,-5837.69,,,,,
821,1741.99,4114.63,5204.45,492.79,266.47,-216.23,-3924.96,-31995.9,1727.34,22802.74,-6571.39,179.19,213.31,-6392.2,-6178.89,,,,,
831,1771.29,4154.27,5256.07,503.88,273.2,-212.39,-3854,-31956.02,1756.46,22776.13,-6639.38,182.04,468.89,-6457.34,-5988.45,,,,,
841,1795.82,4201.68,5187.95,506.72,278.37,-199.04,-3877.21,-32012.79,1740.54,22842.58,-6655.15,180.78,464.61,-6474.37,-6009.76,,,,,
851,1813.15,4211.93,5253.77,503.6,275.96,-215.55,-3899.82,-31754.7,1726.86,22672.03,-6731.34,179.61,587.24,-6551.73,-5964.49,,,,,
861,1857.44,4213.47,5188.26,518.3,269.36,-191.27,-3950.97,-31885.7,1686.5,22699.42,-6598.13,180.61,404.82,-6417.52,-6012.7,,,,,
871,1811.86,4279.47,5221.42,505.25,249.62,-206.07,-3845.47,-31967.73,1746.25,22701.71,-6576.08,179.07,496.32,-6397.01,-5900.69,,,,,
881,1772.16,4166.74,5198.21,502.98,268.78,-195.39,-3853.37,-31938.87,1744.61,22774.41,-6640.52,178.45,440.25,-6462.07,-6021.82,,,,,
891,1811.12,4165.43,5208.55,507.08,277.69,-199.19,-3915.26,-32045.18,1714.86,22814.32,-6450.84,178.07,339.41,-6272.77,-5933.36,,,,,
901,1741.48,4234.01,5226.33,488.54,263.54,-203.27,-3887.86,-31976.68,1737.9,22924.73,-6660.34,181.83,548.72,-6478.51,-5929.78,,,,,
911,1787.64,4135.52,5255.67,485.76,281.29,-222.03,-3808.24,-31892.59,1716.06,22872.34,-6711.12,182.81,611.42,-6528.3,-5916.88,,,,,
921,1823.62,4205.61,5222.31,516.83,249.82,-216.46,-3893.41,-31839.95,1735.22,22845.2,-6739.1,181.02,648.8,-6558.07,-5909.28,,,,,
931,1761.66,4173.69,5224.12,509.67,274.57,-237.01,-3884.39,-32012.63,1738.17,22864.59,-6577.2,176.15,412.45,-6401.06,-5988.61,,,,,
941,1774.67,4223.36,5189.34,508.1,282.5,-175.12,-3912.27,-31831.76,1749.89,22753.82,-6672.02,176.73,562.55,-6495.29,-5932.74,,,,,
951,1822.19,4212.14,5208.24,519.79,260.66,-188.15,-3870.77,-32006.72,1705.77,22689.65,-6476.39,179,352.8,-6297.39,-5944.6,,,,,
961,1760.37,4212.17,5220.76,502.37,277.1,-179.52,-3856.3,-32018.94,1749.31,22766.67,-6560.71,181.39,433.99,-6379.31,-5945.33,,,,,
971,1841.17,4185.57,5221.91,506.36,275.58,-229.09,-3888.42,-32129.27,1717.05,22763.44,-6460.25,180.77,264.32,-6279.48,-6015.16,,,,,
981,1832.18,4255.06,5248.04,495.26,274.64,-216.14,-3870.25,-31854.57,1713.24,22627.86,-6587.99,178.69,505.33,-6409.3,-5903.97,,,,,
991,1765.34,4170.2,5258.01,503.78,294,-220.39,-3866.92,-32101.06,1723.15,22789.52,-6487.87,177.77,315.63,-6310.1,-5994.47,,,,,
1001,1816.59,4170,5208.77,512.62,288.73,-234.1,-3852.94,-32028.11,1716.91,22752.47,-6563.49,179.87,350.94,-6383.61,-6032.67,,,,,
1011,1799.96,4183.28,5219.28,509.28,271.07,-205.04,-3834.77,-31936.66,1712.02,22689.37,-6564.48,186.26,407.78,-6378.22,-5970.44,,,,,
1021,1780.14,4153.65,5262.99,502.96,256.49,-195.14,-3864.76,-31897.09,1733.27,22837.13,-6670.12,184.21,569.64,-6485.91,-5916.27,,,,,
1031,1791.12,4212.75,5212,522.22,276.18,-183.9,-3864.67,-31924.6,1748.12,22824.65,-6657.96,181.01,613.87,-6476.95,-5863.08,,,,,
1041,1779.05,4179.13,5183.06,517.34,270.85,-200.56,-3821.56,-31821.93,1713.67,22741.62,-6691.95,185.61,540.66,-6506.34,-5965.68,,,,,
1051,1794.06,4133.59,5229.29,512.13,265.44,-201.97,-3916.9,-31844.68,1708.53,22706.38,-6603.88,181.04,385.87,-6422.84,-6036.97,,,,,
1061,1793.71,4273.47,5221.81,506.23,268.76,-203.68,-3846.12,-31960.07,1737.46,22719.52,-6608.33,178.39,511.08,-6429.95,-5918.86,,,,,
1071,1768.13,4191.31,5231.34,513.69,244.65,-181.8,-3905.93,-31657.66,1722.05,22662.48,-6725.65,182.61,588.26,-6543.05,-5954.79,,,,,
1081,1846.62,4248.04,5209.44,510.38,283.84,-207.11,-3914.58,-31518.3,1706.7,22593.62,-6847.12,183.17,758.65,-6663.95,-5905.31,,,,,
1091,1825,4139.29,5190.2,510.32,263.18,-166.61,-3856.9,-31776.59,1712.2,22799.08,-6736.78,182.25,639.18,-6554.53,-5915.35,,,,,
1101,1739.12,4184,5211.2,509.2,291.65,-230.74,-3914.14,-31787.06,1720.49,22705.51,-6650.78,177.54,429.23,-6473.24,-6044.01,,,,,
1111,1792.46,4211,5236.08,507.09,271.44,-228.38,-3854.27,-31841.28,1735.03,22686.5,-6625.53,181.32,515.69,-6444.21,-5928.52,,,,,
1121,1762.72,4164.38,5212.33,513.13,290.67,-185.89,-3891.39,-31829.5,1741.69,22728.68,-6620.36,178.2,506.82,-6442.16,-5935.34,,,,,
1131,1771.63,4236.01,5238.55,496.97,292.97,-198.79,-3917.75,-31812.16,1756.8,22647.46,-6593,178.08,511.66,-6414.93,-5903.27,,,,,
1141,1861.08,4283.63,5196.53,506.1,273.23,-236.1,-3903.07,-31701.99,1677.1,22468.58,-6623.99,176.24,425.1,-6447.75,-6022.65,,,,,
1151,1890.97,4323.46,5225.41,508.75,291.94,-225.98,-3909.23,-31553.57,1676.93,22461.44,-6741.03,179.52,690.12,-6561.51,-5871.39,,,,,
1161,1775.88,4166.48,5261.9,500.68,285.97,-189.56,-3937.37,-31598.31,1752.57,22614.84,-6757.2,178.35,633.09,-6578.84,-5945.75,,,,,
1171,1715.09,4186.46,5268.05,506.76,283.97,-217.33,-3902.59,-31722.46,1767.97,22645.84,-6655.63,176.3,531.76,-6479.33,-5947.57,,,,,
1181,1847.32,4237.01,5166.59,506.6,284.42,-208.63,-3895.99,-31655.74,1727.66,22592.28,-6709.47,182.93,601.52,-6526.54,-5925.02,,,,,
1191,1849.33,4244.16,5184.05,520.93,265.64,-195.71,-3886.95,-31568.1,1704.81,22501.15,-6769.35,183.08,619.3,-6586.26,-5966.96,,,,,
1201,1828.8,4130.31,5229.44,515.28,270.58,-194.3,-3871.88,-31848.94,1736.08,22524.92,-6476.79,179.04,320.29,-6297.75,-5977.46,,,,,
1211,1789.11,4212.58,5209.71,505.74,273.78,-211.11,-3924.38,-31690.51,1715.11,22622.37,-6687.53,180.61,502.4,-6506.92,-6004.52,,,,,
1221,1794.21,4263.42,5208.94,509.63,281.55,-207.55,-3835.31,-31886.78,1737.79,22589.45,-6543.33,181.96,455.36,-6361.37,-5906.01,,,,,
1231,1797.87,4187.02,5202.9,513.54,262.19,-230.81,-3870.13,-31750.15,1729.63,22564.55,-6606.69,183.31,406.6,-6423.39,-6016.78,,,,,
1241,1813.05,4144.24,5226.51,512.06,285.87,-217.9,-3918.81,-31595.05,1730.63,22568.56,-6746.46,183.4,549.14,-6563.06,-6013.92,,,,,
1251,1835.21,4209.5,5241.66,508.02,289.24,-229.96,-3871.73,-31874.15,1708.15,22632.05,-6555.49,178.46,447.97,-6377.03,-5929.06,,,,,
1261,1767.76,4157.23,5195.57,505.17,286.27,-200.09,-3823.71,-31781.68,1754.69,22615.29,-6642.35,182.4,476.49,-6459.95,-5983.46,,,,,
1271,1876.83,4200.89,5218.56,501.97,291.56,-196.46,-3906.02,-31656.44,1716.78,22545.33,-6636.85,181.1,592.99,-6455.75,-5862.76,,,,,
1281,1862.35,4155.87,5238.52,510.08,270.43,-195.36,-3896.09,-31658.32,1677.94,22503.87,-6653.47,181.24,469.29,-6472.23,-6002.94,,,,,
1291,1794.58,4222.71,5224.47,497.2,288.8,-182.81,-3917.31,-31895.55,1710.29,22632.53,-6508.36,180.96,374.91,-6327.4,-5952.49,,,,,
1301,1827.85,4187.89,5267.92,509.82,277.09,-205.51,-3869.68,-31741.85,1739.14,22611.6,-6638.66,184.71,604.28,-6453.95,-5849.68,,,,,
1311,1747.34,4274.36,5244.56,514.6,280.94,-207.55,-3848.3,-31894.62,1745.69,22655.11,-6543.34,179.55,512.14,-6363.79,-5851.65,,,,,
1321,1773.13,4145.57,5183.92,497.04,288.75,-199.23,-3833.05,-31766.84,1715.18,22517.35,-6559.39,182.71,321.84,-6376.68,-6054.84,,,,,
1331,1825.65,4272.16,5195.92,528.29,278.21,-212.68,-3828.42,-31801.69,1712.93,22538.97,-6608.5,185.86,509.34,-6422.64,-5913.3,,,,,
1341,1845.45,4270.75,5257.42,496.65,271.08,-209.1,-3875.44,-31882.07,1707.21,22559.88,-6478.45,177.84,441.83,-6300.61,-5858.78,,,,,
1351,1835.55,4175.97,5245.02,515.35,291.16,-185.48,-3866.68,-31965.63,1748.96,22640.15,-6492.68,175.91,434.38,-6316.77,-5882.39,,,,,
1361,1805.96,4155.15,5232.57,505.38,277.46,-209.33,-3877.7,-31909.3,1736.78,22605.2,-6487.79,181,322.18,-6306.79,-5984.61,,,,,
1371,1755.59,4273.5,5221.19,518.36,262.46,-199.56,-3893.77,-31669.62,1716.75,22598.7,-6657.93,179.26,583.6,-6478.66,-5895.06,,,,,
1381,1857.2,4318.67,5201.11,529.34,282.07,-195.15,-3803.06,-32102.17,1717.78,22531.51,-6321.44,178.94,337.31,-6142.5,-5805.19,,,,,
1391,1827.81,4196.91,5229.5,530.25,279.79,-202.37,-3902.71,-31878.98,1736.36,22605.63,-6521.81,179.28,422.2,-6342.53,-5920.34,,,,,
1401,1737.45,4266.67,5220.9,517.64,276.43,-215.97,-3829.2,-31868.01,1726.25,22561.91,-6506.25,184.42,394.07,-6321.83,-5927.76,,,,,
1411,1878.42,4152.07,5191.43,523.22,273.59,-196.14,-3888.82,-31882.99,1707.92,22560.61,-6504.39,179.4,319.31,-6324.99,-6005.68,,,,,
1421,1763.71,4285.06,5220.23,508.28,258.53,-232.04,-3876.46,-31970.21,1698.2,22544.24,-6395.25,186.41,199.53,-6208.83,-6009.31,,,,,
1431,1767.46,4204.73,5219.71,522.47,284.24,-209.65,-3883.19,-31727.56,1696.65,22506.04,-6627.63,182.88,380.89,-6444.75,-6063.87,,,,,
1441,1861.52,4197.51,5253.82,500.32,283.3,-211.78,-3886.22,-31986.6,1730.93,22618.52,-6434.69,180.21,361.31,-6254.47,-5893.16,,,,,
1451,1749.77,4163.66,5232.26,503.78,285.33,-212.29,-3853.71,-31842.28,1731.46,22613.83,-6551.22,182.41,371.81,-6368.81,-5997,,,,,
1461,1745.39,4232.1,5267.41,500.34,298.77,-205.74,-3885.86,-31909.84,1732.49,22596.65,-6463.87,179.83,371.72,-6284.05,-5912.33,,,,,
1471,1825.14,4077.06,5263.86,496.76,288.3,-206.99,-3807.37,-32062.67,1742.25,22609.92,-6399.68,182.75,226.27,-6216.93,-5990.66,,,,,
1481,1727.74,4138.69,5236.21,499.37,280.73,-234.59,-3851.29,-31996.84,1754.34,22634.28,-6442.05,181.27,188.63,-6260.78,-6072.16,,,,,
1491,1778.52,4164.08,5215.72,511.1,266.89,-193,-3856,-31963.36,1711.13,22693.88,-6473.65,186.17,328.97,-6287.48,-5958.51,,,,,
1501,1809.43,4151.13,5217.08,489.42,292.44,-197.11,-3903.06,-31717.27,1723.82,22630.03,-6647.73,184.46,495.91,-6463.26,-5967.35,,,,,
1511,1811.21,4170.73,5203.37,497.74,260.03,-223.75,-3863.85,-31743.59,1716.55,22626.87,-6668.08,183.36,455.31,-6484.72,-6029.41,,,,,
1521,1770.8,4097.12,5206.78,489.49,271.75,-178.39,-3879.77,-32018.35,1736.65,22751.59,-6485.31,182.47,247.66,-6302.83,-6055.18,,,,,
1531,1795.44,4144.7,5220.65,511.72,265.93,-173.51,-3886.68,-32038.94,1745.32,22667.6,-6455.45,180.08,252.22,-6275.37,-6023.15,,,,,
1541,1757.03,4152.06,5244.49,511.92,276.7,-216.74,-3889.75,-32134.77,1722.19,22701.28,-6365.9,179.91,124.41,-6186,-6061.59,,,,,
1551,1842.45,4183.96,5233.7,498.42,274.83,-211.36,-3878.26,-31987.03,1729.55,22659.02,-6456.18,179.07,345.27,-6277.11,-5931.85,,,,,
1561,1782.52,4205.67,5210.1,514.2,260.14,-192.62,-3906.55,-31900.56,1728.43,22597.23,-6476.28,180.32,298.56,-6295.95,-5997.39,,,,,
1571,1793.81,4220.08,5167.79,515.79,284.71,-222.37,-3877.6,-31699.35,1722.46,22514.13,-6583.74,181.78,419.47,-6401.96,-5982.49,,,,,
1581,1767.02,4208.65,5231.97,513.3,285.63,-212.47,-3871.61,-32053.27,1736.06,22605.16,-6386.29,180.83,210.44,-6205.46,-5995.02,,,,,
1591,1771.63,4122.9,5255.12,481.4,280.95,-206.35,-3857.16,-31731.79,1699.24,22592.65,-6623.23,181.7,408.59,-6441.53,-6032.94,,,,,
1601,1783.94,4171.13,5256.83,509.32,278.26,-199.25,-3870.44,-31811.99,1742.77,22651.36,-6581.99,185.55,511.93,-6396.44,-5884.51,,,,,
1611,1747.77,4158.44,5231.09,502.12,272.95,-216.46,-3887.38,-31874.59,1750.63,22583.14,-6536.54,181.76,267.71,-6354.78,-6087.07,,,,,
1621,1817.54,4212.59,5233.59,524.05,249.77,-176.37,-3872.11,-31885.56,1744.2,22551.26,-6446.19,180.4,398.97,-6265.79,-5866.83,,,,,
1631,1770.36,4178.36,5239.28,517.56,284.29,-216.32,-3885.61,-31885.89,1736.53,22589.58,-6504.76,181.1,328.13,-6323.67,-5995.53,,,,,
1641,1865.38,4136.58,5234.33,505.37,269.99,-215.97,-3867.76,-31549.88,1699.38,22571.92,-6782.65,184.3,649.34,-6598.35,-5949.01,,,,,
1651,1823.1,4167.9,5266.53,494.24,277.84,-211.41,-3846.13,-31780.55,1742.88,22598.14,-6637.06,182.16,532.56,-6454.9,-5922.34,,,,,
1661,1794.1,4142.13,5221.92,492.12,276.74,-207.31,-3877.42,-31886.59,1737.64,22694.44,-6547.49,182.22,387.76,-6365.27,-5977.51,,,,,
1671,1763.89,4224.65,5220.76,499.92,265.95,-193.15,-3886.73,-31797.02,1758.3,22528.19,-6570.4,179.22,384.76,-6391.18,-6006.42,,,,,
1681,1826.59,4185.18,5239.4,504.44,275.5,-193.48,-3861.23,-31856.08,1702.21,22650.48,-6573.96,181.07,473,-6392.89,-5919.89,,,,,
1691,1832.16,4325.35,5197.95,519.2,283.91,-202.02,-3866.91,-31811.97,1711.56,22516.81,-6587.08,181.25,506.03,-6405.83,-5899.81,,,,,
1701,1785.81,4218.7,5247.62,519.45,270.77,-189.56,-3893.56,-31896.5,1712.39,22640.13,-6572.2,182.88,415.26,-6389.32,-5974.06,,,,,
1711,1760.09,4178.42,5238.68,509,277.87,-217.78,-3867.75,-31970.24,1707.36,22689.44,-6491.48,182.76,305.09,-6308.72,-6003.63,,,,,
1721,1806.01,4210.54,5238.42,528.15,280.67,-221.74,-3943.22,-31959.93,1674.73,22618.93,-6434.9,180.49,232.56,-6254.41,-6021.85,,,,,
1731,1764.61,4161.21,5210.84,491.24,288.48,-194.58,-3893.19,-31784.99,1741.83,22628.6,-6592,184.49,414.06,-6407.51,-5993.45,,,,,
1741,1731.26,4220.63,5231.56,497.08,285.51,-176.98,-3841.14,-31959.78,1727.65,22723.27,-6535.17,184.64,439.06,-6350.53,-5911.47,,,,,
1751,1811.45,4293.74,5255.42,515.11,277.51,-219.14,-3918.07,-31828.28,1706.58,22600.78,-6553.52,184.08,495.09,-6369.45,-5874.35,,,,,
1761,1808.3,4195.79,5233.93,516.93,287,-198.65,-3877.91,-32079.67,1703.62,22665.2,-6441.44,180.69,254.53,-6260.75,-6006.22,,,,,
1771,1841.75,4085.44,5238.68,483.37,272.92,-223.64,-3901.98,-32078.16,1744.86,22644.18,-6372.62,177.64,107.42,-6194.98,-6087.57,,,,,
1781,1786.51,4189.98,5215.39,505.1,262.48,-204.47,-3874.29,-32108.62,1716.67,22708.75,-6382.45,177.49,197.5,-6204.96,-6007.46,,,,,
1791,1781.86,4132.55,5223.31,512.03,283.14,-226.81,-3857.34,-32004.53,1733.83,22759.26,-6502.14,180.59,337.31,-6321.55,-5984.24,,,,,
1801,1772.16,4236.11,5228.08,522.21,277.97,-199.9,-3855.37,-31952.42,1722.11,22621.69,-6448.93,182.49,372.65,-6266.44,-5893.8,,,,,
1811,1812.25,4212.72,5197.5,507.86,257.86,-215.18,-3895.93,-31901.47,1740.18,22558.82,-6490.28,178.73,274.6,-6311.55,-6036.95,,,,,
1821,1822.78,4241.29,5204.95,492.56,275.45,-225.32,-3884.93,-31959.23,1724.4,22527.05,-6419.04,178.03,219.01,-6241.01,-6021.99,,,,,
1831,1813,4243.07,5231.44,532.62,270.1,-224.58,-3865.91,-31741.62,1716.05,22533.62,-6591.27,182.32,507.79,-6408.96,-5901.17,,,,,
1841,1726.43,4165.42,5205.86,484.03,258.77,-197.57,-3939.81,-31899.92,1735.31,22679.01,-6508.31,178.89,217.52,-6329.42,-6111.9,,,,,
1851,1763.2,4181.79,5190.17,500.14,262.57,-199.6,-3898.26,-32184.06,1702.88,22785.61,-6303.52,178.97,104.46,-6124.56,-6020.1,,,,,
1861,1752.85,4135.49,5206.37,496.75,265.58,-204.02,-3861.02,-31961.06,1750.6,22576.67,-6445.19,178.43,158.21,-6266.76,-6108.56,,,,,
1871,1778.92,4147.35,5194.1,500.65,274.28,-209.39,-3845.61,-31958.67,1713.34,22689.11,-6526.33,180.22,284.06,-6346.12,-6062.06,,,,,
1881,1834.03,4107.56,5219.81,507.76,292.46,-169.76,-3960.49,-32013.93,1719.25,22692.16,-6409.51,178.92,228.85,-6230.59,-6001.75,,,,,
1891,1778.43,4212.02,5251.66,499.31,265.74,-208.8,-3881.04,-32158.96,1723.58,22663.49,-6310.41,182.69,145.42,-6127.72,-5982.3,,,,,
1901,1793.9,4240.28,5223,503.61,259.5,-207.69,-3924.37,-32006.99,1704.01,22660.07,-6415.67,181.84,245.33,-6233.82,-5988.5,,,,,
1911,1746.36,4210.2,5181.76,502.87,270.64,-200.74,-3873.57,-31896.38,1708.62,22720.09,-6601.94,184.3,369.85,-6417.64,-6047.79,,,,,
1921,1755.11,4205.95,5225.37,512.73,272.19,-230.21,-3886.27,-31896.61,1725.66,22673.04,-6516.62,184.02,356.96,-6332.61,-5975.65,,,,,
1931,1749.91,4251.39,5206.98,514.48,282.57,-206.61,-3904.51,-31948.93,1712.91,22678.65,-6517.14,182.67,336.85,-6334.47,-5997.63,,,,,
1941,1794.15,4220.57,5264.27,519.94,281.83,-209.09,-3858.97,-31853.03,1757.47,22640.78,-6587.25,180.29,557.91,-6406.96,-5849.05,,,,,
1951,1849.16,4099.95,5223.34,496.8,275.84,-197.52,-3882.86,-31920.64,1713.48,22641.86,-6502.98,183.68,299.4,-6319.31,-6019.91,,,,,
1961,1788.2,4253.34,5210.52,514.28,271.63,-197.82,-3859.18,-31866.04,1699.28,22600.18,-6604.84,180.01,414.38,-6424.83,-6010.45,,,,,
1971,1804.3,4203.35,5201.1,508.68,284.04,-192.67,-3886.54,-31712.42,1720.28,22729.93,-6692.75,184.69,660.05,-6508.06,-5848.01,,,,,
1981,1799.91,4166.17,5261.95,505.98,290.27,-201.68,-3866.96,-31765.56,1702.54,22636.01,-6654.4,183.6,528.62,-6470.8,-5942.18,,,,,
1991,1867.34,4165.99,5221.7,516.66,248.83,-198.2,-3907.3,-31895.81,1714.56,22648.9,-6525.35,179.4,382.67,-6345.95,-5963.28,,,,,
2001,1779.44,4097.66,5214.95,502.65,267.96,-196.66,-3860.51,-31719.44,1709.76,22737.09,-6743.25,183.99,532.9,-6559.26,-6026.36,,,,,
2011,1773.3,4168.97,5263.34,514.96,267.98,-188.39,-3958.39,-31741.88,1737.69,22608.99,-6573.99,179.03,446.56,-6394.96,-5948.4,,,,,
2021,1780.49,4173.68,5205.35,506.74,259.05,-183.47,-3819.5,-31758.25,1709.3,22569.94,-6633.02,182.2,443.34,-6450.81,-6007.48,,,,,
2031,1808.24,4372.14,5252.39,504.81,277.8,-215.11,-3822.94,-31739.29,1735.64,22442.81,-6591.47,184.81,616.49,-6406.66,-5790.17,,,,,
2041,1855.69,4178.74,5228.42,514.93,289.83,-227.16,-3855.04,-31820.98,1716.94,22727.53,-6681.58,183.35,608.9,-6498.24,-5889.34,,,,,
2051,1727.31,4217.62,5219.26,493.81,276.65,-200.57,-3872.89,-31805.86,1742.9,22674.7,-6626.08,187.27,472.94,-6438.81,-5965.87,,,,,
2061,1761.38,4152.48,5210.77,509.83,266.99,-222.12,-3882.52,-31953.68,1711.1,22763.65,-6576.02,182.47,317.88,-6393.55,-6075.66,,,,,
2071,1782.26,4191.75,5173.36,504.1,263.5,-186.54,-3875.39,-31727,1717.94,22671.27,-6740.8,184.88,515.25,-6555.92,-6040.67,,,,,
2081,1807.98,4107.52,5202.76,504.74,285.28,-200.87,-3883.95,-31868.33,1715.54,22714.22,-6636.08,184.92,384.9,-6451.16,-6066.26,,,,,
2091,1789.14,4187.16,5276.54,502.24,265.86,-214.03,-3906.24,-31961.64,1714.46,22725.26,-6537.39,181.94,378.74,-6355.45,-5976.71,,,,,
2101,1798.92,4232.16,5235.45,515.05,266.05,-201.35,-3850.23,-32131.24,1716.81,22681.91,-6395.97,181.81,263.54,-6214.16,-5950.62,,,,,
2111,1810.13,4195.52,5179.78,512.4,294.04,-197.81,-3854.26,-32082.62,1698.37,22707.07,-6442.12,184.34,262.61,-6257.78,-5995.17,,,,,
2121,1748.51,4157.47,5193.78,505.15,279.99,-188.96,-3880.5,-31994.88,1736.2,22751.19,-6481.63,182.52,307.94,-6299.11,-5991.17,,,,,
2131,1823.04,4164.17,5219.97,521.71,275.6,-197.01,-3889.61,-32163.05,1708.74,22673.23,-6335.24,183,136.82,-6152.25,-6015.43,,,,,
2141,1830.5,4136.23,5217.05,488.85,274.12,-207.58,-3898.1,-32136.02,1721.46,22736.43,-6399.66,181.56,162.95,-6218.1,-6055.15,,,,,
2151,1786.11,4161.31,5274.77,503.15,275.93,-205.45,-3899.87,-32114.4,1711.12,22838.44,-6469.96,183.68,331.11,-6286.28,-5955.17,,,,,
2161,1774.19,4160.51,5225.62,495.12,282.28,-179.56,-3884.32,-32055.23,1722.6,22746.92,-6454.89,184.77,288.13,-6270.12,-5982,,,,,
2171,1821.58,4247.9,5227.14,494.03,264.8,-211.74,-3837.29,-32135.98,1701.36,22619,-6333.8,183.37,190.81,-6150.43,-5959.62,,,,,
2181,1739.8,4179.14,5214.96,507.66,274.37,-217.57,-3859.19,-32242.27,1736.05,22679.22,-6264.58,181.81,12.19,-6082.77,-6070.59,,,,,
2191,1723.23,4190.81,5228.33,509.52,258.8,-190.86,-3897.15,-32186.68,1745.98,22727.43,-6313.27,181.09,109.42,-6132.17,-6022.76,,,,,
2201,1771.52,4178.68,5188.53,521.53,280.84,-197.52,-3877.64,-32290.76,1719.48,22756.4,-6312.48,178.94,51.06,-6133.55,-6082.48,,,,,
2211,1798.36,4143.05,5225.08,512.85,269.57,-207.46,-3908.99,-32121.41,1732.5,22715.29,-6362.41,179.31,158.84,-6183.1,-6024.26,,,,,
2221,1731.74,4200.82,5201.47,506.71,262.03,-202.2,-3885.63,-32272.29,1729.76,22745.88,-6276.03,182.49,18.28,-6093.54,-6075.26,,,,,
2231,1785.62,4134.29,5195.92,481.82,265.43,-183.77,-3891.44,-32284.38,1724.53,22767.23,-6244.22,180.29,-4.74,-6063.93,-6068.68,,,,,
2241,1734.51,4271.13,5224.23,516.3,270.86,-197.73,-3895.5,-32116.39,1723.99,22681.24,-6363.24,181.13,212.65,-6182.11,-5969.46,,,,,
2251,1774.2,4152.17,5202.45,500.47,266.79,-181.35,-3851.61,-32310.86,1716.96,22631.51,-6160.31,176.87,-99.27,-5983.45,-6082.72,,,,,
2261,1790.03,4177.42,5264.55,505.95,259.43,-219.64,-3855.62,-32299.34,1720.97,22703.04,-6254.15,181.36,46.78,-6072.79,-6026.01,,,,,
2271,1810.85,4132.19,5204.28,502.13,276.54,-208.22,-3849.38,-32374.24,1710.01,22692.39,-6201.75,182.13,-103.44,-6019.62,-6123.06,,,,,
2281,1763.99,4187.1,5206.07,495.51,267.65,-213.61,-3877.3,-32176.42,1712.54,22701.96,-6362.45,181.17,67.48,-6181.28,-6113.8,,,,,
2291,1821.01,4220.31,5212.25,510.15,264.69,-187.46,-3870.08,-32139.62,1717.53,22622.25,-6355.23,183.99,171.02,-6171.23,-6000.21,,,,,
2301,1785.87,4215.68,5261.84,499.34,294.32,-191.97,-3899.7,-32167.39,1702.48,22677.7,-6281.14,180.27,178.15,-6100.88,-5922.73,,,,,
2311,1846.76,4205.63,5222.01,494.86,264.62,-225.13,-3869.35,-32072.79,1711.09,22729.46,-6453.46,182.51,307.16,-6270.96,-5963.79,,,,,
2321,1783.03,4186.27,5220.57,508.93,261.13,-227.17,-3873.64,-32088.96,1730.64,22739.66,-6481.82,183.51,240.46,-6298.31,-6057.85,,,,,
2331,1809.9,4160.39,5218.76,508.32,278.21,-180.94,-3861.99,-32229.23,1683.12,22709.51,-6289.41,183.15,96.04,-6106.25,-6010.22,,,,,
2341,1801.11,4163.62,5163.94,497.05,279.42,-204.43,-3879.29,-32136.79,1699.83,22692.33,-6326.09,183.99,76.8,-6142.1,-6065.3,,,,,
2351,1803.65,4204.07,5227.69,529.75,271.67,-201.79,-3850.04,-32173.96,1691.69,22664.76,-6334.86,181.37,167.5,-6153.49,-5986,,,,,
2361,1784.07,4079.51,5185.22,501.24,272.3,-193.57,-3841.62,-32180.18,1727.73,22759.09,-6385.26,181.27,93.79,-6203.99,-6110.2,,,,,
2371,1804.35,4112.61,5209.11,489.91,273.2,-201.82,-3826.86,-32120.75,1695.61,22706.89,-6418.93,181.55,142.26,-6237.38,-6095.11,,,,,
2381,1779.61,4142.08,5190.41,512.41,282.28,-216.66,-3882.32,-32111.82,1736.22,22679.83,-6388.81,181.4,112.04,-6207.4,-6095.37,,,,,
2391,1814.69,4171.57,5176.13,499.09,260.48,-200.41,-3865.09,-32198.03,1711.96,22772.17,-6314.06,180.51,142.57,-6133.55,-5990.98,,,,,
2401,1790.9,4175.47,5240.58,513.76,264.8,-219.89,-3894.43,-32124.16,1721.99,22716.6,-6398.81,177.37,185.62,-6221.45,-6035.83,,,,,
2411,1791.27,4123.7,5227.29,509.94,274.27,-179.94,-3898.84,-32007.54,1722.5,22681.07,-6488.33,181.2,243.73,-6307.13,-6063.4,,,,,
2421,1820.76,4137.71,5219.94,509.18,265.52,-212.46,-3892.22,-32064.03,1705.68,22729.21,-6494.67,179.02,219.29,-6315.65,-6096.37,,,,,
2431,1745.11,4119.62,5205.81,508.65,285.53,-209.96,-3915.85,-31994.35,1743.46,22851.52,-6552.86,185.04,339.54,-6367.82,-6028.28,,,,,
2441,1836.32,4236.69,5235.66,518.58,307.38,-202.91,-3872.55,-32000.3,1689.05,22599.44,-6449.84,180.94,347.38,-6268.9,-5921.52,,,,,
2451,1802.97,4163.75,5208.87,509.2,280.54,-184.56,-3901,-32053.59,1711.13,22666.57,-6401.04,179.88,203.88,-6221.16,-6017.28,,,,,
2461,1766.95,4157.95,5223.83,517.1,287.33,-196.03,-3849.43,-32141.84,1745.34,22797.92,-6440.52,181.81,309.13,-6258.71,-5949.57,,,,,
2471,1765.41,4143.02,5248.21,508.85,261.45,-189.94,-3898.39,-32277.61,1717.5,22821.5,-6364.12,179.45,100.01,-6184.67,-6084.66,,,,,
2481,1784.75,4220.2,5214.19,515.81,280.33,-195.22,-3919.08,-32280.82,1713.84,22770.87,-6276.06,174.85,104.86,-6101.21,-5996.35,,,,,
2491,1719.84,4293.67,5253.67,521.77,270.34,-205.83,-3929.36,-32258.57,1726.55,22772.86,-6282.03,175.72,164.93,-6106.31,-5941.37,,,,,
2501,1815.25,4133.57,5207.45,525.16,273.89,-178.41,-3839.55,-32258.77,1726.15,22704.26,-6263.98,176.1,109.01,-6087.88,-5978.88,,,,,
2511,1862.73,4233.07,5187.62,519.2,258.52,-193.26,-3870.91,-32085.18,1698.46,22589.06,-6309.34,180.14,199.31,-6129.2,-5929.89,,,,,
2521,1789.87,4148.05,5174.43,493.27,262.26,-180.06,-3901.64,-32249.55,1734.96,22751.58,-6319.91,180.96,23.16,-6138.95,-6115.79,,,,,
2531,1782.16,4198.51,5225.14,499.08,268.06,-180.97,-3888.26,-32157.35,1713.47,22682.97,-6357.32,179.93,142.81,-6177.39,-6034.58,,,,,
2541,1784.2,4129.78,5206.57,517.17,274.46,-195.73,-3870.67,-32055.67,1762.78,22701.91,-6377.95,177.76,254.8,-6200.19,-5945.39,,,,,
2551,1780.96,4224.69,5225.74,511.01,272.29,-207.26,-3921.03,-32057.35,1760.51,22657.35,-6387.85,177.78,246.91,-6210.07,-5963.16,,,,,
2561,1784.58,4126.83,5222.99,512.17,265.12,-167.43,-3918.97,-32082.6,1730.81,22704.98,-6414.78,177.27,178.47,-6237.51,-6059.04,,,,,
2571,1812.38,4218.13,5242.46,524.95,283,-180.02,-3914.88,-32141.35,1735.96,22582.28,-6300.5,175.33,162.92,-6125.17,-5962.26,,,,,
2581,1767.22,4177.41,5263.32,496.16,274.21,-196.97,-3915.96,-32193.47,1719.35,22691.95,-6295.68,174.08,83.22,-6121.6,-6038.37,,,,,
2591,1918.35,4165.62,5234.06,510.11,275.01,-196.38,-3942.82,-32069.49,1684.11,22663.81,-6382.57,177.51,242.38,-6205.07,-5962.69,,,,,
2601,1893.76,4073.8,5215.91,501.72,276.54,-182.34,-3904.95,-32093.48,1677.21,22729.75,-6433.66,179.5,187.92,-6254.15,-6066.23,,,,,
2611,1772.71,4127.08,5202.43,511.84,271.95,-209.85,-3909.28,-32043.21,1723.77,22678.13,-6470.19,178.41,125.56,-6291.78,-6166.21,,,,,
2621,1829.31,4168.27,5208.83,509.88,272.56,-194.05,-3874.23,-31907.08,1726.84,22535.67,-6487.75,184.15,276,-6303.6,-6027.61,,,,,
2631,1797.19,4215.32,5208.22,519.67,287.98,-206.69,-3892.22,-32033.89,1697.87,22668.79,-6455.65,179.23,262.24,-6276.42,-6014.18,,,,,
2641,1821.79,4260.52,5246.94,510.14,295.2,-190.93,-3912.31,-32141.84,1666.21,22608.16,-6324.84,179.68,163.87,-6145.17,-5981.29,,,,,
2651,1769.51,4156.36,5197.88,491.04,256.32,-205.45,-3877.05,-32176.08,1744.31,22634.42,-6294.11,178.43,-8.74,-6115.68,-6124.42,,,,,
2661,1775.42,4238.8,5180.97,511.86,269.53,-172.4,-3854.12,-32200.99,1727.06,22672.44,-6295.84,173.25,148.56,-6122.59,-5974.03,,,,,
2671,1853.55,4230.67,5205.93,515.05,288.2,-194.98,-3894.34,-32166.48,1692.49,22669.59,-6362.97,177.37,199.67,-6185.6,-5985.92,,,,,
2681,1785.88,4143.94,5220.89,510.19,290.51,-198.32,-3910.74,-32149.6,1708.81,22629.91,-6315.66,180.2,31.45,-6135.45,-6104,,,,,
2691,1768.95,4225.17,5245.57,507.83,269.24,-203.77,-3913.33,-32221.69,1774.42,22760.5,-6371.51,178.78,212.9,-6192.73,-5979.83,,,,,
2701,1856.45,4158.49,5170.1,505.17,274.44,-176.66,-3895.75,-32160.54,1749.85,22622.54,-6315.17,177.37,104.1,-6137.8,-6033.71,,,,,
2711,1818.16,4240.67,5208.16,524.31,274.9,-193.2,-3892.12,-32092.42,1704.77,22703.23,-6379.8,180.4,296.44,-6199.39,-5902.95,,,,,
2721,1743.89,4288.82,5225.58,514.43,298.58,-215.29,-3896.14,-32120.65,1733.97,22648.37,-6374.52,181.17,221.56,-6193.36,-5971.79,,,,,
2731,1746.81,4253.84,5187.13,505.07,280.33,-178.37,-3900.11,-32016.13,1739.08,22651.95,-6453.65,180.05,269.61,-6273.61,-6004,,,,,
2741,1864.46,4159.6,5211.02,507.35,276.29,-196.73,-3886.64,-31816.19,1713.49,22577.45,-6603.91,183.13,410.11,-6420.78,-6010.67,,,,,
2751,1785.64,4123.63,5233.38,493.46,287.73,-196.25,-3914.16,-32011.44,1741.98,22797.81,-6534.24,180.76,341.77,-6353.48,-6011.7,,,,,
2761,1787.62,4228.17,5253.94,502.85,285.36,-215.55,-3879.69,-32002.31,1729,22637.26,-6452.26,180.93,326.65,-6271.33,-5944.68,,,,,
2771,1818.36,4175.01,5227.6,500.8,271.84,-204.24,-3906.73,-31848.86,1729.37,22694.69,-6622.94,183.39,457.84,-6439.55,-5981.71,,,,,
2781,1737.32,4154.16,5199.22,494,253.3,-183.53,-3932.83,-31903.33,1708.86,22646.52,-6517.14,181.71,173.71,-6335.44,-6161.73,,,,,
2791,1816.13,4181.98,5196.29,523.64,264.3,-200.78,-3903.69,-31905.88,1713.67,22633.48,-6529.2,186.22,319.14,-6342.98,-6023.84,,,,,
2801,1863.51,4167.83,5239.29,506.63,268.08,-203.16,-3883.8,-32043.54,1717.21,22705.79,-6478.99,180.48,337.85,-6298.51,-5960.66,,,,,
2811,1850.57,4171.36,5229.87,507.75,266.42,-204.23,-3921.17,-32049.32,1732.35,22677.31,-6443.8,181.01,260.91,-6262.79,-6001.89,,,,,
2821,1805.58,4191.48,5165.97,495.72,269.07,-203.89,-3923.05,-32044.79,1725.1,22736.31,-6457.69,179.93,217.5,-6277.76,-6060.25,,,,,
2831,1755.49,4073.72,5193.14,485.54,281.28,-192.04,-3921.41,-32317.99,1737.28,22962.21,-6334.67,179.58,57.22,-6155.09,-6097.87,,,,,
2841,1799.56,4139.91,5244.41,502.11,266.06,-220,-3859.99,-32156.98,1733.93,22678.04,-6427.19,182.68,127.06,-6244.51,-6117.45,,,,,
2851,1786.06,4203.23,5210.16,509.46,278.72,-189.56,-3851.32,-32034.24,1714.86,22758.56,-6510.67,182.75,385.93,-6327.92,-5942,,,,,
2861,1830.31,4244.76,5235.63,505.1,292.18,-238.02,-3911.75,-32087.96,1721.49,22789.41,-6468.31,180.67,381.16,-6287.63,-5906.48,,,,,
2871,1828.36,4204.67,5224.84,503.73,267.57,-209.54,-3937.49,-32203.05,1748.97,22665.25,-6281.13,182.69,93.32,-6098.44,-6005.12,,,,,
2881,1822.84,4148.67,5215.57,510.23,254.66,-186.87,-3850.48,-32101.62,1738.06,22599.63,-6351.53,185.9,150.68,-6165.63,-6014.95,,,,,
2891,1858.4,4257.16,5209.88,506.97,267.11,-206.56,-3921.9,-31910.52,1700.41,22694.67,-6534.25,184.31,455.64,-6349.94,-5894.3,,,,,
2901,1767.98,4135.79,5223.25,504.61,268.06,-212.98,-3870.32,-31980.97,1740.66,22677.31,-6516.59,181.2,253.38,-6335.39,-6082.01,,,,,
2911,1759.52,4074.7,5199.94,503.63,277.36,-197.92,-3837.14,-32029.38,1715.72,22706.34,-6516.97,183.56,172.77,-6333.41,-6160.65,,,,,
2921,1806.85,4222.33,5245.64,507.19,281.85,-200.17,-3861.74,-32186.62,1715.96,22647.37,-6318.85,182.47,178.66,-6136.38,-5957.72,,,,,
2931,1810.73,4152.84,5218.02,513.12,273.43,-209.23,-3847.16,-32113.4,1705.97,22664.92,-6401.89,181.68,169.25,-6220.21,-6050.96,,,,,
2941,1793.97,4200.04,5199.92,504.36,268.39,-201.29,-3848.67,-32119.72,1717.59,22704.59,-6449.14,183.62,219.2,-6265.52,-6046.33,,,,,
2951,1868.56,4218.48,5210.3,510.66,282.1,-213.18,-3850.27,-32030.32,1714.38,22526.15,-6354.35,183.85,236.86,-6170.5,-5933.64,,,,,
2961,1796.35,4251.96,5220.12,517.71,261.64,-176.06,-3886.68,-32158.03,1729.82,22645.98,-6327.32,180.66,202.81,-6146.66,-5943.85,,,,,
2971,1828.77,4168.39,5198.41,522.5,263.73,-196.45,-3865.7,-32081.57,1709.17,22610.21,-6345.09,182.77,157.46,-6162.32,-6004.85,,,,,
2981,1834.66,4262.25,5232.3,511.04,281.79,-211.38,-3865.48,-32024,1701.44,22558.46,-6378.85,183.9,281.08,-6194.95,-5913.88,,,,,
2991,1836.74,4165.35,5192.95,499.67,273.93,-194.26,-3930.97,-32170.81,1729.93,22766.41,-6352.43,180.47,168.94,-6171.96,-6003.02,,,,,
3001,1801.78,4225.12,5241.9,512.43,281.73,-215.67,-3865.9,-32099.26,1724.28,22638.53,-6357.38,181.28,244.94,-6176.1,-5931.16,,,,,
3011,1756.2,4198.85,5219.56,514.38,278.42,-192.93,-3873.6,-32087.88,1728.13,22601.31,-6350.52,180.27,142.44,-6170.25,-6027.81,,,,,
3021,1728.11,4105.51,5213.12,474.61,278.59,-212.67,-3857.73,-32023.53,1738.16,22693.36,-6398.43,184.44,137.54,-6213.99,-6076.45,,,,,
3031,1801.4,4206.15,5198.72,507.63,273.66,-214.42,-3876.73,-32206.1,1746.39,22727.27,-6282.47,181.51,163.96,-6100.96,-5937,,,,,
3041,1843.34,4212.44,5284.79,519.36,245.61,-210.89,-3871.93,-32088.54,1706.69,22609.02,-6311.56,180.27,249.89,-6131.29,-5881.4,,,,,
3051,1779.43,4195.65,5249.62,505.52,260.44,-211.08,-3863.05,-32008.99,1708.53,22567.08,-6364.66,183.05,183.14,-6181.61,-5998.47,,,,,
3061,1824.97,4093.06,5249.69,505.64,264.57,-209.21,-3908.2,-32101.2,1808.85,22686.72,-6361.7,183.35,214.88,-6178.35,-5963.47,,,,,
3071,1813.59,4154.32,5251.09,501.28,294.03,-205.92,-3859.7,-32169.46,1697.25,22613.66,-6265.97,180.55,90.13,-6085.42,-5995.29,,,,,
3081,1758.99,4102.67,5253.41,487.75,279.39,-193.92,-3865.85,-32133.2,1737.91,22736.64,-6342.08,182.75,163.78,-6159.33,-5995.56,,,,,
3091,1749.29,4224.51,5203.23,498.65,269.73,-215.96,-3882.14,-32002.77,1740.02,22514.85,-6359.77,184.65,99.41,-6175.12,-6075.71,,,,,
3101,1847.79,4196.17,5217.08,521.92,267.64,-198.04,-3883.19,-31981.77,1676.3,22655.57,-6498.91,182.48,319.46,-6316.43,-5996.97,,,,,
3111,1829.02,4111.46,5207.77,519.73,277.32,-203.1,-3872.71,-32099.62,1705.68,22625.07,-6377.78,183.81,100.61,-6193.98,-6093.37,,,,,
3121,1826.27,4174.7,5230.14,493.81,265.01,-199.05,-3877.03,-32146.62,1734.33,22675.64,-6315.85,182.77,177.2,-6133.08,-5955.87,,,,,
3131,1799.98,4193.14,5240.54,502.42,260.97,-210.87,-3873.21,-32176.32,1703.92,22659.66,-6299.41,183.02,100.21,-6116.39,-6016.18,,,,,
3141,1761.97,4210.53,5224.97,523.52,301.01,-205.05,-3902.51,-31996.66,1747.5,22732.54,-6486.11,180.47,397.82,-6305.63,-5907.82,,,,,
3151,1807.85,4181.84,5199.4,513.34,261.42,-221.18,-3846.87,-32270.16,1748.36,22632.47,-6171.55,178.77,6.46,-5992.78,-5986.33,,,,,
3161,1831.45,4185.25,5244.17,512.92,292.4,-197.84,-3859.35,-32159.68,1739.72,22672.7,-6331.15,180,261.74,-6151.15,-5889.42,,,,,
3171,1762.72,4156.62,5230.95,496.82,277.55,-198.52,-3908.16,-32153.59,1718.13,22648.54,-6266.08,179.71,31.04,-6086.36,-6055.32,,,,,
3181,1814.93,4157.4,5219.3,500.52,270.25,-217.77,-3869.62,-32284.55,1735.17,22787.44,-6271.83,184.88,113.06,-6086.95,-5973.89,,,,,
3191,1788.02,4133.2,5245.53,483.63,273.16,-203.23,-3909.04,-32068.63,1708.3,22659.7,-6374.34,180.1,110.65,-6194.23,-6083.59,,,,,
3201,1766.64,4163.94,5200.82,503.24,280.6,-192.37,-3896.22,-32081.89,1728.97,22605.09,-6397.02,182.7,78.8,-6214.32,-6135.52,,,,,
3211,1799.54,4154.04,5246.02,516,270.03,-183.73,-3910.57,-32258.99,1740.92,22661.82,-6200.28,180.95,35.07,-6019.33,-5984.25,,,,,
3221,1772.11,4159.03,5177.45,494.07,261.27,-172.77,-3900.51,-32129.51,1715.36,22749.33,-6374.98,179.17,125.83,-6195.81,-6069.98,,,,,
3231,1793.66,4144.06,5207.67,509.97,279.43,-193.76,-3927.84,-32294.49,1751.3,22643.14,-6207.72,179,-86.85,-6028.72,-6115.57,,,,,
3241,1812.35,4188.92,5226.72,516.57,266.29,-210.35,-3846.44,-32202.91,1742.8,22688.58,-6315.15,181.01,182.54,-6134.14,-5951.6,,,,,
3251,1793.94,4188.88,5186.62,498.84,263.22,-225.93,-3892.43,-32223.34,1733.2,22687.58,-6313.19,177.07,10.56,-6136.12,-6125.56,,,,,
3261,1760.65,4119.78,5190.46,486.33,273.37,-223.11,-3925.88,-32217.29,1719.89,22775.72,-6322.82,178.2,-40.09,-6144.61,-6184.7,,,,,
3271,1684.64,4201.41,5196.84,516.63,290.35,-213.77,-3935.94,-32261.63,1746.37,22709.15,-6264.61,177.31,-65.95,-6087.29,-6153.24,,,,,
3281,1821,4264.12,5199.72,508.05,257.88,-221.52,-3917.31,-32078.47,1701.01,22688.51,-6405.12,179.55,222.99,-6225.57,-6002.58,,,,,
3291,1824.17,4255.56,5233.77,520.9,296.83,-223.46,-3900.37,-32086.35,1715.79,22693.83,-6422.31,183.42,330.66,-6238.89,-5908.23,,,,,
3301,1796.4,4151.35,5150.96,504.74,273.71,-194.41,-3905.82,-32069.96,1731.47,22713.54,-6388.4,179.55,151.98,-6208.85,-6056.88,,,,,
3311,1799.05,4186.01,5180.6,507.36,271.29,-225.58,-3880.91,-32201.3,1739.22,22647.28,-6274.25,177.61,23.01,-6096.63,-6073.62,,,,,
3321,1866.55,4196.36,5224.15,512.19,265.9,-215.42,-3897.64,-32022.27,1690.03,22647.69,-6409.12,179.37,267.55,-6229.75,-5962.2,,,,,
3331,1819.92,4274.38,5223.13,526.56,270.59,-187.59,-3927.71,-32051.07,1708.86,22635.28,-6409.81,180.3,292.35,-6229.5,-5937.15,,,,,
3341,1808.73,4180.3,5218.51,486.88,291.35,-224.74,-3940.49,-31952.59,1692.97,22622.93,-6438.5,182.62,183.86,-6255.88,-6072.02,,,,,
3351,1758.31,4198.31,5251.39,515.5,267.07,-190.47,-3891.86,-32091.3,1745.72,22588.17,-6359.42,177.71,150.84,-6181.71,-6030.87,,,,,
3361,1780.57,4219.53,5205.78,493.76,291.42,-223.27,-3912.92,-32003.5,1710.36,22626.2,-6434.38,176.83,187.93,-6257.55,-6069.62,,,,,
3371,1810.59,4192.26,5237.26,507.17,281.19,-221.94,-3928.42,-32070.37,1751.53,22670.32,-6377.75,175.3,229.59,-6202.45,-5972.86,,,,,
3381,1780.01,4228.35,5241.51,502.78,293.92,-228.45,-3885.7,-32196.1,1697.79,22749.91,-6363.04,180.55,184.01,-6182.5,-5998.49,,,,,
3391,1778.23,4107.43,5218.95,490.98,288.71,-204.15,-3876.88,-32023.77,1696.84,22758.17,-6480.8,181.69,234.5,-6299.12,-6064.62,,,,,
3401,1713.12,4233.84,5235.38,495.01,255.43,-211.6,-3911.59,-32201.75,1729.67,22746.76,-6333.88,176.5,84.27,-6157.38,-6073.11,,,,,
3411,1869.3,4242.94,5183.28,513.25,289.11,-196.68,-3885.27,-32151.56,1716.27,22730.04,-6374.31,179.26,310.67,-6195.05,-5884.38,,,,,
3421,1783.54,4190.2,5179.76,512.59,273.42,-211.03,-3859.95,-32229.24,1726.53,22705.42,-6359.32,180.26,71.24,-6179.06,-6107.82,,,,,
3431,1834.54,4126.07,5194.76,503.7,261.62,-206.45,-3911.4,-32191.72,1699.1,22755.06,-6323.74,176.97,65.28,-6146.77,-6081.48,,,,,
3441,1771.04,4192.08,5146.75,502.58,289.82,-202.09,-3879.41,-32264.64,1709.04,22825.64,-6334.06,176.75,90.83,-6157.3,-6066.48,,,,,
3451,1788.09,4144.3,5191.56,491.68,288.57,-206.06,-3902.96,-32133.77,1722.99,22811.6,-6436.56,174.52,196,-6262.04,-6066.04,,,,,
3461,1817.37,4171.2,5156.68,499.66,265.14,-203.25,-3905.44,-31888.61,1699.22,22667.7,-6532.81,178.71,279.68,-6354.1,-6074.43,,,,,
3471,1784.07,4157,5173.53,520.62,267.2,-225.76,-3886.34,-32133.94,1740.21,22736.21,-6402.43,178.53,132.79,-6223.9,-6091.11,,,,,
3481,1751.38,4145.76,5176.85,511.12,279.26,-192.31,-3874.82,-32243.73,1732.01,22789.45,-6336.21,176.65,74.97,-6159.55,-6084.58,,,,,
3491,1782.19,4204.42,5243.16,494.34,268.39,-205.81,-3910.45,-32305.79,1704.61,22719.19,-6254.51,178.67,-5.74,-6075.85,-6081.58,,,,,
3501,1844.25,4197.02,5223.38,511.25,292.83,-222.97,-3888.49,-31976.9,1723.82,22647.66,-6453.15,174.48,351.85,-6278.67,-5926.81,,,,,
3511,1731.27,4127.37,5234.84,489.59,295.85,-212.54,-3916.33,-32086.32,1745.34,22775.51,-6394.47,180.38,184.57,-6214.08,-6029.51,,,,,
3521,1855.77,4205.6,5232.34,503.64,258.61,-229.96,-3848.06,-32070.36,1711.76,22699.68,-6444.53,179.01,319.01,-6265.51,-5946.5,,,,,
3531,1819,4130.81,5227.3,520.3,285.27,-192.82,-3860.28,-32139.66,1749.36,22745.44,-6368.55,177.05,284.71,-6191.49,-5906.78,,,,,
3541,1762.67,4184.69,5209.99,514.75,278.72,-205.35,-3894.29,-31925.78,1742.36,22778.32,-6561.17,178.37,446.08,-6382.8,-5936.72,,,,,
3551,1757.43,4152.97,5209.66,499.33,292.64,-186.4,-3876.22,-32069.62,1705.66,22742.12,-6450.02,179.94,227.56,-6270.08,-6042.52,,,,,
3561,1792.31,4176.15,5174.07,509.88,260.19,-193.99,-3852.94,-31963.5,1714.74,22606.53,-6472.05,179.61,223.42,-6292.44,-6069.01,,,,,
3571,1751.2,4206.27,5213.91,496.78,264.23,-219.03,-3880.51,-31966.32,1729.41,22639.8,-6450.98,178.97,235.75,-6272.01,-6036.26,,,,,
3581,1738.42,4264.46,5210.47,504.46,274.77,-210.7,-3913.83,-31834.83,1711.43,22555.31,-6564.69,183.45,299.95,-6381.24,-6081.29,,,,,
3591,1788.38,4177.06,5210.87,509.74,257.85,-227.06,-3880.04,-32028.87,1722.19,22684.29,-6476.13,180.09,214.42,-6296.04,-6081.62,,,,,
3601,1769.36,4187.63,5169.35,508.82,293.16,-204.17,-3893.26,-32106.33,1711.38,22721.21,-6412.55,179.39,157.16,-6233.16,-6076,,,,,
3611,1824.58,4227.27,5212.59,501.62,271.62,-186.69,-3901.75,-31978.05,1703.03,22604.52,-6458.27,178.16,278.73,-6280.11,-6001.38,,,,,
3621,1813.62,4236.57,5184.34,497.42,266.8,-207.48,-3924.34,-31980.78,1704.02,22752.66,-6521.18,180.15,342.83,-6341.04,-5998.21,,,,,
3631,1862.69,4123.9,5201.91,509.49,296.11,-218.45,-3881.74,-32034.09,1718.36,22756.78,-6536.01,181.69,334.96,-6354.32,-6019.36,,,,,
3641,1839.92,4195.02,5250.32,512.99,296.27,-224.92,-3907,-32010.88,1705.58,22687.52,-6481.35,178.31,344.84,-6303.04,-5958.2,,,,,
3651,1813.15,4172.44,5196.96,508.82,294.8,-187.91,-3916.07,-31851.21,1714.02,22693.23,-6579.3,179.57,438.23,-6399.73,-5961.5,,,,,
3661,1852.77,4249.72,5205,503.49,252.88,-196.59,-3883.21,-32057.65,1702.26,22682.99,-6435.07,179.75,311.66,-6255.32,-5943.66,,,,,
3671,1807.35,4191.42,5209,499.62,273.88,-184.68,-3935.95,-32019.65,1707.65,22780.39,-6534.89,180.12,329.02,-6354.77,-6025.75,,,,,
3681,1813.73,4240.02,5209.87,505.67,279.94,-197.5,-3850.23,-32028.44,1713.25,22613.8,-6417.27,181.93,300.12,-6235.34,-5935.21,,,,,
3691,1858.42,4155.91,5217.5,507.35,271.42,-200.79,-3876.67,-32005.45,1689.25,22498.46,-6362.85,179.17,115.39,-6183.68,-6068.29,,,,,
3701,1789.93,4273.95,5224.02,527.19,271.44,-206.62,-3897.67,-32019.35,1689.26,22644.97,-6458.68,178.82,297.13,-6279.86,-5982.73,,,,,
3711,1795.3,4146.44,5200.24,499.44,280.17,-198.31,-3911.97,-32084.13,1719.18,22711.18,-6432.04,179.97,157.54,-6252.07,-6094.53,,,,,
3721,1746.59,4089.32,5231,496.8,273.78,-196.64,-3859.5,-32147.64,1720.05,22710.03,-6422.89,180.41,63.81,-6242.48,-6178.68,,,,,
3731,1772.07,4040.14,5235.93,502.87,268.43,-224.63,-3880.92,-31997.86,1740.58,22639.04,-6458.9,179.16,95.65,-6279.74,-6184.09,,,,,
3741,1800.01,4241.34,5219.32,522.35,276.66,-203.75,-3884.89,-32065.57,1709,22726.29,-6504.62,177.54,340.77,-6327.08,-5986.31,,,,,
3751,1792.27,4168.79,5212.66,516.46,280.62,-195.77,-3916.71,-32060.54,1752.25,22679.08,-6459.32,175.77,229.1,-6283.55,-6054.45,,,,,
3761,1736.22,4148.84,5234.12,501.78,279.37,-198.13,-3895.04,-31921.63,1746.39,22673.27,-6544.4,179.99,305.18,-6364.41,-6059.23,,,,,
3771,1786.19,4189.13,5183.12,506.02,282.52,-202.92,-3868.03,-31865.58,1751,22533.83,-6535.08,179.53,295.28,-6355.55,-6060.27,,,,,
3781,1810.72,4108.49,5181.88,516.67,273.8,-205.26,-3870,-32135.93,1734.87,22779.92,-6439,181.41,195.16,-6257.59,-6062.42,,,,,
3791,1744.79,4259.11,5214.92,504.33,265.6,-178.65,-3896.21,-32131.84,1723.19,22713.19,-6403.7,178.4,218.44,-6225.31,-6006.86,,,,,
3801,1790.77,4224.34,5206.31,507.55,299.58,-203.4,-3854.56,-31976.65,1722.78,22580.73,-6438.54,183.61,297.46,-6254.93,-5957.47,,,,,
3811,1796.8,4166.01,5243.92,511.32,271.47,-210.99,-3862.41,-32068.5,1717.74,22703.85,-6489.43,180.3,269.2,-6309.13,-6039.92,,,,,
3821,1834.15,4150.46,5216.75,513.53,276.2,-171.61,-3880.57,-31985.23,1690.27,22668.94,-6479.04,180.9,312.89,-6298.14,-5985.25,,,,,
3831,1783.94,4146.15,5212.08,512.39,275.01,-181.64,-3879.75,-32138.37,1712.46,22745.07,-6410,180.36,187.35,-6229.64,-6042.29,,,,,
3841,1833.15,4128.03,5189.58,507.07,293.4,-197.54,-3885.62,-32056.98,1742.77,22675.94,-6445.26,176.72,229.8,-6268.53,-6038.74,,,,,
3851,1795.93,4195.94,5179.14,505.98,288.62,-186.16,-3862.98,-32059.83,1735.89,22721,-6479.75,180.41,313.53,-6299.34,-5985.81,,,,,
3861,1787.45,4235.87,5175.51,492.4,282.08,-189.79,-3896.04,-32049.87,1740.15,22639.91,-6383.35,177.31,217.66,-6206.04,-5988.37,,,,,
3871,1706.24,4228.52,5214.7,510.93,284.36,-187.62,-3881.49,-32186.85,1741.81,22813,-6428.95,180.64,243.61,-6248.32,-6004.71,,,,,
3881,1766.06,4159.13,5223.57,515.43,278.7,-174.92,-3851.33,-32044.53,1742.6,22767.31,-6485.61,182.26,382.02,-6303.35,-5921.34,,,,,
3891,1806.9,4135.13,5216.75,505.68,278.31,-193.52,-3873.88,-31909.86,1732.93,22764.67,-6623.73,180.1,463.12,-6443.63,-5980.5,,,,,
3901,1802.68,4139.91,5252.74,513.4,288.06,-182.04,-3939.75,-31816.22,1736.77,22602.04,-6533.13,178.21,397.59,-6354.91,-5957.32,,,,,
3911,1805.76,4124.46,5171.45,502.77,293.63,-205.66,-3900.1,-31770.87,1734.15,22595.63,-6616.22,181.4,351.21,-6434.82,-6083.61,,,,,
3921,1773.9,4213.65,5205.97,509.5,259.85,-214.45,-3934.14,-31865.69,1739.32,22664.99,-6582.02,181.37,352.89,-6400.65,-6047.76,,,,,
3931,1750.09,4136.61,5245.2,506.45,293.19,-203.27,-3946.72,-31777.18,1717.63,22756.31,-6688.64,182.34,478.31,-6506.3,-6027.99,,,,,
3941,1811.67,4229.64,5219.89,520.4,258.13,-233.93,-3869.51,-31954.04,1721.8,22675.28,-6521.05,180.57,379.34,-6340.48,-5961.14,,,,,
3951,1806.83,4109,5253.74,498.65,275.19,-201.75,-3903.16,-31872.1,1719.04,22620.82,-6526.4,178.23,306.26,-6348.17,-6041.91,,,,,
3961,1830.72,4259.45,5223.98,508.78,277.33,-227.95,-3874.15,-31813.18,1710.23,22571.51,-6568.85,181.5,466.71,-6387.35,-5920.63,,,,,
3971,1780.42,4199.4,5184.14,515.91,281.32,-186.99,-3884.03,-31945.76,1715.38,22591.34,-6471.86,183.99,251.15,-6287.87,-6036.72,,,,,
3981,1801.1,4218.71,5230.67,500.21,277.46,-199.32,-3873.29,-31871.29,1732.54,22558.13,-6489.49,183.46,374.92,-6306.02,-5931.1,,,,,
3991,1845.41,4239.97,5183.42,516.98,268.65,-184.06,-3884.15,-31774.19,1712.53,22640.76,-6652.39,185.55,565.3,-6466.83,-5901.53,,,,,
4001,1786.01,4178.26,5213.28,499.48,285.61,-195.86,-3911.51,-31885.07,1719.21,22660.68,-6578.68,181.2,350.08,-6397.48,-6047.4,,,,,
4011,1783.16,4147.95,5177.83,504.83,294.51,-206.77,-3889.43,-31708.06,1754.54,22573.01,-6680.82,180.79,431.57,-6500.03,-6068.46,,,,,
4021,1761.57,4177.63,5192.84,502.59,262.12,-214.7,-3896.83,-31778.99,1740.55,22557.05,-6567.06,181.92,303.83,-6385.14,-6081.31,,,,,
4031,1811.97,4162.93,5212.58,501.63,277.92,-228.28,-3919.12,-31906.1,1723.76,22571.05,-6466.96,180.94,208.33,-6286.02,-6077.69,,,,,
4041,1803.8,4213.38,5232.77,536.13,273.41,-209.54,-3890.42,-32197.46,1746.19,22722.04,-6380.77,181.14,230.3,-6199.62,-5969.32,,,,,
4051,1777.14,4139.82,5221.31,511.6,270.67,-202.52,-3878.36,-32125.13,1778.2,22769.75,-6420,178,262.49,-6242,-5979.51,,,,,
4061,1815.1,4168.36,5165.85,499.97,282.25,-196.05,-3886.73,-32020.4,1754.99,22703.01,-6507.46,182.88,286.35,-6324.59,-6038.23,,,,,
4071,1821.67,4198.37,5238.77,530.92,272.31,-199.08,-3892.4,-31800.01,1716.42,22672.53,-6691.2,178.93,559.48,-6512.28,-5952.79,,,,,
4081,1847.7,4219.46,5208.72,514.41,282.49,-227.54,-3912.66,-31790.16,1722.79,22616.27,-6632.7,177.72,481.48,-6454.98,-5973.5,,,,,
4091,1842.58,4207.72,5228.22,514.49,280.76,-220.2,-3931.78,-31916.35,1718.74,22629.08,-6502.64,180.62,353.27,-6322.03,-5968.75,,,,,
4101,1800.25,4211.16,5205.03,511.56,270.65,-227.72,-3932.02,-31707.19,1743.4,22595.98,-6627,179.11,471.1,-6447.89,-5976.79,,,,,
4111,1815.59,4329.49,5169.83,510.25,277.67,-176.19,-3916.96,-31628.28,1720.02,22504.62,-6704.07,183.91,606.04,-6520.15,-5914.11,,,,,
4121,1705.48,4181.63,5206.07,504.44,289.35,-213.49,-3921.42,-31823.18,1725.81,22791.38,-6647.24,181.89,446.07,-6465.36,-6019.29,,,,,
4131,1785.49,4136.9,5193.44,506.32,267.92,-215.42,-3873.98,-31970.33,1726.51,22783.49,-6584.61,179.47,340.33,-6405.14,-6064.81,,,,,
4141,1821.98,4115.21,5182.58,498.81,269.84,-199.4,-3838.15,-31855.06,1707.95,22627.71,-6620.77,181.66,331.49,-6439.11,-6107.62,,,,,
4151,1884.76,4182.17,5226.17,518.43,283.43,-207.69,-3882.72,-31924.98,1714.81,22616.92,-6499.95,182.19,411.28,-6317.77,-5906.48,,,,,
4161,1821.04,4150.21,5195.64,495.4,269.53,-226.22,-3891.1,-31832.66,1732.27,22550.33,-6553.03,181.56,264.43,-6371.47,-6107.04,,,,,
4171,1819.98,4169.94,5201.46,497.73,267.7,-209.06,-3870.97,-31910.32,1730.54,22606.9,-6528.96,180.1,303.91,-6348.86,-6044.95,,,,,
4181,1831.01,4203.29,5258.24,515.58,273.78,-219.92,-3921.07,-31794.05,1728.07,22619.92,-6588.22,181.76,494.85,-6406.46,-5911.6,,,,,
4191,1793.84,4195.28,5202.32,512.71,293.14,-214.42,-3905.69,-32060.05,1726.76,22645.62,-6389.66,183.03,189.5,-6206.62,-6017.12,,,,,
4201,1843.22,4272.03,5181.19,526.93,274.53,-208.76,-3884.28,-32028.05,1710.2,22621.25,-6419.32,181.31,308.27,-6238.01,-5929.74,,,,,
4211,1812.99,4179.72,5216.11,508.82,278.55,-222.35,-3881.33,-31941.29,1717.69,22543.08,-6439.01,180.87,211.98,-6258.14,-6046.16,,,,,
4221,1797.83,4236.37,5230.02,507.47,278.42,-202.95,-3880.44,-31952.95,1713.11,22566.82,-6446.4,181,293.69,-6265.39,-5971.7,,,,,
4231,1821.81,4226.84,5213.15,519.1,288.14,-214.75,-3918.35,-32029.06,1704.45,22645.84,-6439.82,179.61,257.19,-6260.2,-6003.02,,,,,
4241,1796.27,4151.87,5228.81,511.29,278.69,-185.7,-3893.84,-31984.4,1713.95,22669.18,-6464.35,180.41,286.11,-6283.94,-5997.83,,,,,
4251,1762.71,4197.28,5216.67,517.72,274.75,-197.67,-3889.94,-32018.64,1731.1,22658.34,-6413.96,177.98,252.31,-6235.98,-5983.67,,,,,
4261,1811.71,4189.7,5190.11,504.09,280.35,-209.13,-3905.28,-31932.33,1711.4,22582.95,-6450.12,178.94,223.57,-6271.17,-6047.6,,,,,
4271,1749.85,4195.79,5231.16,510.65,303.23,-232.94,-3871.04,-31960.71,1711.04,22664.44,-6525.75,182.43,301.48,-6343.32,-6041.84,,,,,
4281,1759.79,4141.25,5214.32,478.64,262.49,-218.61,-3868.31,-31784.28,1764.2,22636.48,-6637.43,180.27,385.97,-6457.16,-6071.19,,,,,
4291,1834.16,4140.56,5193.77,491.59,256.18,-203.03,-3870.6,-31983.78,1692.2,22651.68,-6486.72,180.49,202.72,-6306.23,-6103.51,,,,,
4301,1812.88,4191.4,5248.4,510.22,260.75,-171.74,-3924.52,-31983.53,1718.37,22677.58,-6463.52,180.53,339.81,-6282.98,-5943.17,,,,,
4311,1820.92,4249.3,5225.09,516.76,278.07,-226.73,-3881.18,-31894.47,1725.09,22542.71,-6525.31,179.57,355.57,-6345.73,-5990.16,,,,,
4321,1800.87,4169.66,5200.15,504.05,276.35,-207.92,-3922.8,-31773.31,1735.57,22653.34,-6695.97,182.64,435.96,-6513.33,-6077.37,,,,,
4331,1796.58,4175.45,5233.84,517.52,272.66,-207.32,-3905.9,-32164.91,1727.78,22712.07,-6363.28,176.29,157.78,-6186.99,-6029.2,,,,,
4341,1744.46,4157.36,5197.35,504.2,265.68,-210.23,-3907.49,-31967.62,1695.11,22697.93,-6496.7,179.61,176.75,-6317.09,-6140.34,,,,,
4351,1825.92,4206.34,5194.6,520.29,275.52,-178.6,-3922.91,-32049.99,1711.41,22709.29,-6446.65,180.66,291.86,-6265.99,-5974.12,,,,,
4361,1843.45,4136.97,5168.17,500.49,266.53,-194.77,-3861.51,-32109.13,1714.09,22700.4,-6380.51,180.81,164.69,-6199.7,-6035.01,,,,,
4371,1827.9,4111.5,5208.69,500.2,269.77,-184.24,-3918.28,-32103.64,1740.64,22673.95,-6383.53,175.83,126.5,-6207.69,-6081.19,,,,,
4381,1812.86,4282.18,5206.21,518.65,247.22,-218.1,-3867.11,-32019.74,1712.04,22715.27,-6498.63,180.57,389.47,-6318.05,-5928.58,,,,,
4391,1776.98,4200.64,5214.47,517.41,272.85,-166.5,-3879.73,-32187,1738.78,22706.94,-6363.79,180.65,194.85,-6183.15,-5988.29,,,,,
4401,1813.97,4137.42,5204.35,514.83,267.14,-182.61,-3891.49,-32162.05,1719.85,22720.35,-6369.24,179.47,141.75,-6189.77,-6048.02,,,,,
4411,1773.49,4096.46,5211.22,496.36,267.15,-209.96,-3906.77,-32096.15,1716.79,22749.22,-6435.49,180.76,97.82,-6254.73,-6156.91,,,,,
4421,1758.19,4261.49,5222.36,512.98,288.84,-204.81,-3929.15,-32030.48,1722.14,22631.18,-6407.87,179.44,232.75,-6228.43,-5995.68,,,,,
4431,1790.76,4224.69,5213.72,509.27,293.96,-192.7,-3899.17,-32114.08,1708.99,22707.35,-6425.44,177.89,242.8,-6247.55,-6004.75,,,,,
4441,1811.22,4192.33,5175.77,507.67,272.02,-224.78,-3915.39,-32203.07,1764.96,22634.93,-6242.95,177.76,15.66,-6065.19,-6049.53,,,,,
4451,1781.02,4234.52,5221.38,521.34,276.12,-222.05,-3849.35,-32041.13,1723.66,22556.79,-6424.53,182.55,202.29,-6241.99,-6039.7,,,,,
4461,1751.53,4213.82,5184.24,507.55,282.11,-222.54,-3840.06,-32398.79,1706.04,22837.29,-6252.93,178.61,21.19,-6074.32,-6053.13,,,,,
4471,1829.04,4204.35,5205.33,520.96,256.94,-182.36,-3865.66,-32210.81,1716.9,22652.96,-6271.97,179.26,127.65,-6092.72,-5965.06,,,,,
4481,1814.03,4230.15,5236.26,509.88,269.25,-208.06,-3865.78,-32135.96,1697.52,22685.39,-6393.95,182.43,232.67,-6211.52,-5978.85,,,,,
4491,1838.21,4166.44,5211.57,511.92,256.66,-199.42,-3939.99,-32267.85,1671.17,22712.31,-6283.37,180.04,-38.99,-6103.33,-6142.32,,,,,
4501,1836.4,4130.8,5191.64,517.38,260.2,-180.55,-3881.3,-32171.48,1700.51,22748.63,-6350.84,177.99,152.24,-6172.84,-6020.6,,,,,
4511,1798.44,4149.59,5220.55,515.64,267.88,-225.7,-3887.94,-32106.22,1759.74,22630.79,-6343.98,178.58,122.76,-6165.4,-6042.64,,,,,
4521,1821.28,4231.22,5212.32,503.01,291.77,-218.29,-3904.25,-31958.27,1715.19,22685.1,-6497.02,179.07,379.07,-6317.95,-5938.88,,,,,
4531,1815.04,4169.25,5218.88,498.98,271.17,-207.05,-3838.49,-31842.96,1714.92,22597.1,-6573.54,181.7,396.84,-6391.84,-5995,,,,,
4541,1811.83,4183.07,5216.44,513.62,261.2,-204.12,-3862.24,-31834.08,1726.85,22578.24,-6558.59,179.99,390.82,-6378.6,-5987.78,,,,,
4551,1864.92,4151.92,5197.85,498.35,271.77,-187.41,-3904.59,-32101.87,1739.63,22610.89,-6353.44,181.09,141.47,-6172.34,-6030.87,,,,,
4561,1795.41,4079.98,5249.39,507.95,267.15,-213.84,-3873.35,-32000.24,1727.93,22658.96,-6480.83,183.9,199.34,-6296.93,-6097.6,,,,,
4571,1837.3,4200.19,5231.87,513.91,276.9,-216.23,-3937.73,-31999.77,1744.02,22618.48,-6424.38,177.62,268.93,-6246.76,-5977.83,,,,,
4581,1775.05,4183.36,5169.66,499.62,276.64,-202.18,-3872.98,-32104.6,1737.53,22589.57,-6364.77,181.71,51.68,-6183.06,-6131.38,,,,,
4591,1810.24,4076.44,5196.24,501.34,267.05,-196.86,-3910.36,-32023.46,1718.25,22495.99,-6283.48,179,-65.14,-6104.48,-6169.62,,,,,
4601,1784.77,4110.29,5190.38,488.74,288.01,-173.15,-3831.95,-31998.99,1714.44,22597.56,-6413.78,180.65,170.11,-6233.13,-6063.02,,,,,
4611,1790.14,4126.54,5192.57,500.46,290.29,-176.6,-3926.22,-31993.86,1725.68,22715.2,-6460.45,181.39,244.2,-6279.06,-6034.86,,,,,
4621,1748.94,4228.56,5193.06,508.84,275.02,-182.48,-3912.66,-32150.21,1703.54,22712.46,-6334.66,182.26,125.06,-6152.4,-6027.33,,,,,
4631,1756.24,4148.17,5227.9,496.73,289.76,-199.57,-3909.03,-32140,1754.61,22744.81,-6418.98,180.96,169.61,-6238.02,-6068.41,,,,,
4641,1817.76,4208.55,5247.03,513.36,263.98,-208.05,-3884.36,-32155.13,1753.31,22755.45,-6425.14,178.4,311.9,-6246.74,-5934.84,,,,,
4651,1844.05,4186.85,5206.78,504.92,261.68,-191.1,-3866.04,-32124.86,1691.53,22676.26,-6398.23,181.24,190.08,-6216.99,-6026.91,,,,,
4661,1767.19,4139.14,5209.32,496.83,278.13,-191.6,-3917.61,-31985.71,1718.99,22687.82,-6485.05,180.16,202.51,-6304.89,-6102.38,,,,,
4671,1788.36,4256.38,5202.44,504.86,275.13,-199.99,-3910.25,-31893.92,1722.31,22695.69,-6587.5,183.94,441.01,-6403.56,-5962.55,,,,,
4681,1796,4132.19,5164.62,496.12,276.2,-219.11,-3850.9,-31945.26,1743.43,22658.43,-6554.63,183.03,251.72,-6371.6,-6119.88,,,,,
4691,1771.62,4211.8,5178.66,501.26,260.82,-198.46,-3936.11,-31869.79,1722.72,22670.94,-6615.81,181.65,313.47,-6434.15,-6120.69,,,,,
4701,1755.86,4237.61,5224.62,500.46,279.47,-199.33,-3889.72,-31955.42,1743.39,22729.4,-6547.24,182.07,426.34,-6365.16,-5938.82,,,,,
4711,1767.93,4071.71,5219.5,513.36,278.07,-191,-3931.65,-32117.06,1758.11,22805.74,-6447.37,180.17,174.72,-6267.2,-6092.49,,,,,
4721,1813.75,4154.5,5225.2,501.21,278.81,-207.42,-3874.87,-31923.81,1728.6,22687.13,-6613.06,182.55,383.09,-6430.51,-6047.43,,,,,
4731,1815.73,4136.33,5207.92,504.67,250.12,-205.29,-3900.17,-32016.69,1725.67,22846.6,-6578.78,182.1,364.91,-6396.68,-6031.77,,,,,
4741,1761.47,4235.64,5209.48,520.95,266.1,-176.73,-3890.72,-31936.32,1744.2,22686.88,-6530.17,180.18,420.95,-6349.99,-5929.04,,,,,
4751,1796.38,4178.7,5244.2,506.26,277.27,-210.96,-3896.17,-31887.5,1730.02,22771.82,-6623.81,182.26,510.03,-6441.56,-5931.53,,,,,
4761,1845.84,4112.99,5202.04,522.2,282.28,-213.2,-3859.94,-31700.36,1738.17,22689.6,-6763.64,185.1,619.61,-6578.54,-5958.93,,,,,
4771,1731.09,4098.69,5227.64,512.44,268.13,-211.37,-3893.54,-31777.61,1756.13,22802.59,-6726.58,180.35,514.18,-6546.23,-6032.05,,,,,
4781,1832.26,4193.82,5249.05,491.18,261.4,-201.78,-3898.56,-31969.79,1732.5,22693.5,-6510.22,179.47,383.58,-6330.75,-5947.16,,,,,
4791,1780.58,4161.04,5217.85,505.12,290.19,-223.32,-3914.25,-31926.08,1729.47,22698.84,-6538.7,183.6,319.43,-6355.1,-6035.67,,,,,
4801,1794.26,4158.1,5211.47,507.47,276.68,-163.24,-3867.54,-31815.34,1691.19,22770.31,-6710.99,185.66,563.35,-6525.33,-5961.98,,,,,
4811,1768.1,4139.14,5213.99,490.46,269.5,-190.67,-3880.72,-31857.06,1739.26,22705.98,-6619.03,182.7,397.98,-6436.33,-6038.35,,,,,
4821,1831.56,4172.29,5190.53,504.8,266.06,-174.87,-3957.84,-31913.36,1691.98,22698.96,-6563.55,179.16,310.1,-6384.39,-6074.29,,,,,
4831,1783.57,4167.48,5231.44,503.94,282.39,-190.43,-3907.86,-31866.73,1732.66,22696.87,-6621.92,181.42,433.32,-6440.51,-6007.19,,,,,
4841,1828.58,4090.73,5151.84,497.05,283.97,-210.87,-3926.75,-31975.6,1712.62,22761.99,-6552.1,180.62,213.56,-6371.48,-6157.92,,,,,
4851,1796.64,4234.91,5238.52,514.74,275.91,-209.96,-3959.29,-31899.05,1703.11,22718.77,-6587.41,182.45,414.3,-6404.95,-5990.65,,,,,
4861,1785.9,4209.59,5223.85,499.8,294.83,-188.38,-3919.67,-31817.33,1731.79,22771.31,-6657.3,184.11,591.69,-6473.18,-5881.49,,,,,
4871,1727.05,4219.84,5228.79,509.16,262.1,-189.12,-3928.59,-32071.59,1708.61,22773.92,-6489.84,180.7,240.17,-6309.14,-6068.97,,,,,
4881,1749.73,4240.92,5191.93,511.48,262.76,-179.66,-3922.92,-31819.48,1710.63,22685.97,-6635.7,182.21,431.38,-6453.49,-6022.11,,,,,
4891,1817.33,4105.93,5196.2,499.82,263.96,-167.05,-3930.29,-31977.01,1704.97,22705.01,-6520.69,179.9,218.87,-6340.8,-6121.93,,,,,
4901,1768.26,4189.71,5157.89,487.7,270.14,-165.15,-3907.75,-31751.32,1705.43,22726.49,-6772.37,183.3,481.4,-6589.07,-6107.67,,,,,
4911,1770.57,4103.42,5170.25,496.38,278.55,-188.5,-3899.38,-31878.87,1725.6,22824.02,-6669.64,180.83,402.04,-6488.81,-6086.77,,,,,
4921,1782.98,4170.12,5203.62,497.27,298.95,-206.05,-3846.73,-32113.38,1721.6,22799.51,-6500.24,180.04,307.88,-6320.21,-6012.32,,,,,
4931,1832.18,4162.31,5188.63,515.09,260.83,-182.09,-3891.16,-32006.22,1740.38,22774.08,-6536.91,178.68,394.03,-6358.22,-5964.19,,,,,
4941,1808.95,4240.63,5235.61,516.24,290.1,-192.56,-3897.01,-31712.61,1733.48,22682.51,-6734.64,180.52,705.35,-6554.12,-5848.77,,,,,
4951,1798.57,4143.8,5171.87,514.35,264.62,-188.97,-3881.52,-32147.8,1717.05,22733.42,-6396.74,181.73,125.4,-6215.01,-6089.61,,,,,
4961,1758.92,4175.57,5195.51,514.32,285.83,-193.8,-3950.82,-31952.85,1742.27,22703.02,-6485.75,179.42,277.97,-6306.33,-6028.36,,,,,
4971,1826.05,4177.48,5168.84,510.96,274.2,-168.59,-3895.69,-31806.35,1700.45,22701.47,-6597.18,181.78,488.82,-6415.4,-5926.58,,,,,
4981,1763.16,4121.53,5190.65,502.16,284.79,-204.52,-3920.64,-31741.76,1724.95,22702.09,-6690.83,175.93,422.4,-6514.9,-6092.51,,,,,
4991,1754.7,4184.29,5221.93,505.97,286.15,-191.54,-3912.59,-31832.19,1723.37,22742.38,-6617.75,178.85,482.46,-6438.9,-5956.45,,,,,
5001,1751.46,4183.29,5215.44,503.85,269.27,-200.4,-3931.16,-31892.78,1727.5,22779.27,-6556.18,177.15,405.75,-6379.03,-5973.29,,,,,
5011,1755.32,4109.86,5256.19,488.36,270.91,-199.2,-3996.83,-31875.13,1729.56,22739.8,-6511.61,175.09,278.84,-6336.52,-6057.69,,,,,
5021,1734.39,4221.82,5230.63,511.07,264.47,-170.79,-3932.15,-31917.76,1714.63,22686.15,-6496.18,177.64,342.48,-6318.54,-5976.06,,,,,
5031,1834.83,4121.11,5233.64,503.68,288.73,-203.56,-3908.19,-31923.65,1709.66,22733.22,-6506.12,178.8,389.45,-6327.33,-5937.87,,,,,
5041,1747.69,4106.2,5189.48,490.95,279.95,-191.42,-3911.56,-32092.64,1744.59,22725.71,-6335.33,179.25,88.95,-6156.08,-6067.13,,,,,
5051,1831.97,4143.86,5244.53,505.35,296.28,-196.29,-3870.26,-32147.03,1748.62,22707.75,-6334.54,181.48,264.77,-6153.06,-5888.29,,,,,
5061,1705.43,4302.78,5186.11,500.63,267.89,-212.4,-3911.4,-32159.81,1743.55,22648.21,-6283.78,178.17,70.99,-6105.61,-6034.62,,,,,
5071,1824.07,4158.18,5177.74,507.87,283.31,-189.92,-3946.06,-32017.85,1689.03,22601.32,-6381.55,177.68,87.68,-6203.87,-6116.18,,,,,
5081,1790.02,4222.52,5203.91,512.86,280.25,-187.52,-3964.02,-32163.26,1731.51,22779.98,-6330.17,177.44,206.25,-6152.73,-5946.47,,,,,
5091,1851.58,4188.95,5184.15,524.11,268.79,-202.17,-3923.14,-32135.24,1738.57,22712.92,-6358.1,179.7,208.5,-6178.4,-5969.9,,,,,
5101,1744.4,4125.04,5224.07,503.62,282.18,-191.51,-3901.09,-32283.76,1730.12,22725.59,-6237.34,174.68,-41.34,-6062.66,-6104,,,,,
5111,1752.45,4074.6,5246.7,492.16,276.59,-180.28,-3905.19,-32151.19,1744.32,22692.06,-6306.85,176.23,42.22,-6130.62,-6088.4,,,,,
5121,1832.15,4109.85,5204.36,514.71,274.53,-201.04,-3881.19,-32191.69,1742.44,22689.37,-6292.54,177.8,93.47,-6114.74,-6021.27,,,,,
5131,1781.49,4173.78,5181.73,502.85,256.91,-194.43,-3879.42,-32351.66,1723.78,22697.99,-6117.17,176.45,-106.98,-5940.72,-6047.7,,,,,
5141,1795.56,4281.82,5224.63,517.68,276.68,-197.11,-3931.07,-32129.6,1745.56,22700.03,-6348.02,176.84,284.18,-6171.18,-5887,,,,,
5151,1787.4,4168.89,5190.75,493.71,271.47,-195.24,-3892.1,-31877.96,1700,22554.03,-6442.71,180.71,200.93,-6262,-6061.06,,,,,
5161,1799.07,4110.54,5185.22,492.78,258.43,-180.34,-3903.41,-32031.1,1743.05,22606.97,-6394.85,177.92,81.22,-6216.94,-6135.72,,,,,
5171,1826.64,4214.7,5205.4,506.26,274.79,-186.44,-3907.27,-31791.7,1725.78,22585.24,-6594.49,179.69,453.41,-6414.81,-5961.4,,,,,
5181,1732.25,4165.09,5224.52,493.62,269.24,-195.12,-3878.67,-32002.66,1753.3,22619.71,-6408.68,179.91,181.27,-6228.77,-6047.49,,,,,
5191,1838.81,4059.6,5214.92,497.62,273.3,-203.2,-3900.49,-32059.76,1699.83,22648.88,-6367.48,180.27,69.5,-6187.21,-6117.7,,,,,
5201,1798.35,4198,5244.43,513.5,278.97,-184.93,-3868.03,-32035.47,1725.98,22626.86,-6382.34,181.74,297.66,-6200.6,-5902.94,,,,,
5211,1728.81,4205.31,5221.46,490.01,296.02,-209.95,-3878.95,-31939.14,1710.58,22510.44,-6411.54,180.67,134.6,-6230.87,-6096.27,,,,,
5221,1833.08,4138.33,5269.89,512.31,278.96,-225.19,-3902.58,-31836.44,1711.87,22600.3,-6528.91,179.87,380.52,-6349.03,-5968.51,,,,,
5231,1779.81,4147.01,5250.39,502.73,272.17,-190.02,-3935.61,-31988.64,1702.82,22727.17,-6423.04,177.38,267.84,-6245.67,-5977.83,,,,,
5241,1777.64,4208.78,5229.62,499.49,278.75,-199.41,-3863.93,-31929.2,1708.69,22552.84,-6455.7,183.06,263.26,-6272.64,-6009.38,,,,,
5251,1732.52,4151.28,5204.69,498.29,286.54,-192.05,-3889.86,-31939.99,1728.09,22724.9,-6508.78,181.75,304.41,-6327.03,-6022.61,,,,,
5261,1784.1,4247.21,5176.86,518.52,267.66,-211.09,-3876.17,-31907.59,1718.42,22566.16,-6446.11,182.97,284.06,-6263.14,-5979.07,,,,,
5271,1784.32,4106.93,5230.53,496.46,284.22,-196.71,-3922.29,-32055.92,1743.7,22733.06,-6381.95,183.52,204.31,-6198.43,-5994.12,,,,,
5281,1861.82,4178.38,5185.15,512.79,275.43,-182.23,-3880.52,-31773.54,1710.15,22485.56,-6526.18,180.87,373,-6345.3,-5972.3,,,,,
5291,1815.82,4180.38,5223.55,509.72,276.71,-214.05,-3910.06,-31990.36,1723.17,22730,-6479.29,178.27,344.88,-6301.02,-5956.14,,,,,
5301,1838.11,4168.21,5227.42,512.61,264.47,-217.65,-3935.76,-31948.81,1713.19,22580.86,-6454.3,178.11,202.65,-6276.19,-6073.54,,,,,
5311,1797.72,4220.36,5208.81,512.37,261.16,-191.86,-3902.11,-31864.29,1732.83,22530.16,-6507.97,181.92,305.13,-6326.05,-6020.91,,,,,
5321,1812.75,4149,5184.76,511.19,282,-208.13,-3854.35,-31890.21,1726.66,22641.07,-6543.8,179.46,354.72,-6364.34,-6009.62,,,,,
5331,1829.11,4198.52,5205.59,507.14,284.11,-199.08,-3933.35,-31928.68,1697.56,22601.97,-6460.41,181.38,262.9,-6279.04,-6016.14,,,,,
5341,1783.86,4224.28,5174.61,517.78,276.84,-220.74,-3885.73,-31943.1,1742.39,22574.75,-6521.14,181.87,244.94,-6339.27,-6094.33,,,,,
5351,1793.8,4240.05,5156.81,502.12,287.66,-195.21,-3864.35,-31774.01,1709.7,22534.16,-6619.34,184.92,390.72,-6434.42,-6043.7,,,,,
5361,1795.48,4231.41,5199.89,506.51,275.05,-204.01,-3877.89,-31945.64,1728.57,22533.1,-6460.5,179.82,242.46,-6280.68,-6038.22,,,,,
5371,1795.02,4251.69,5199.32,514.62,282.45,-189.15,-3849.22,-32033.74,1732.58,22615.11,-6481.1,183.83,318.67,-6297.27,-5978.6,,,,,
5381,1768.53,4204.62,5192.74,514.65,277.48,-198.6,-3910.44,-31937.18,1746.61,22623.74,-6512.7,184.45,282.14,-6328.24,-6046.1,,,,,
5391,1752.68,4115,5203.82,506.83,275.94,-218.35,-3909.59,-31958.3,1761.67,22718.48,-6550.16,179.63,248.18,-6370.53,-6122.35,,,,,
5401,1833.08,4118.35,5213.24,512.18,292.84,-205.86,-3906.89,-32007.93,1735.41,22666.37,-6477.63,178.36,250.81,-6299.27,-6048.47,,,,,
5411,1817.37,4131.13,5201.84,504.01,279.13,-209.84,-3924.01,-31846.7,1719.69,22687.7,-6602.77,177.19,360.32,-6425.58,-6065.26,,,,,
5421,1801.92,4198.16,5157.36,512.11,256.95,-195.13,-3927.46,-31886.46,1714.36,22795.1,-6665.25,182.76,426.91,-6482.49,-6055.58,,,,,
5431,1808.26,4131.52,5233.41,508.24,288.11,-202.72,-3912.87,-31933.69,1723.4,22756.26,-6588.52,182.82,399.92,-6405.7,-6005.78,,,,,
5441,1825.16,4255.35,5171.65,502.45,259.31,-205.63,-3906.19,-31841.53,1691.32,22603.09,-6585.68,178.74,354.97,-6406.94,-6051.97,,,,,
5451,1733.66,4207.66,5184.35,515.21,257.86,-169.45,-3921.24,-31961.36,1711.1,22802.6,-6558.46,182.99,360.39,-6375.47,-6015.08,,,,,
5461,1816.5,4081.11,5206.58,506.12,277.03,-190.23,-3895.41,-31945.67,1716.17,22802.94,-6619.39,184.64,375.14,-6434.75,-6059.61,,,,,
5471,1762.25,4231.93,5199.47,508.28,252.8,-185.19,-3859.47,-31857.35,1719.84,22717.79,-6647.16,183.8,490.35,-6463.35,-5973,,,,,
5481,1783.19,4153.64,5212.05,508.23,274.3,-202.78,-3899.74,-31950,1731.03,22654.03,-6497.5,181.6,263.96,-6315.91,-6051.94,,,,,
5491,1800,4155.14,5245.68,502.34,307.71,-206.21,-3869.88,-31998.52,1711.44,22706.01,-6479.3,180.08,353.7,-6299.23,-5945.53,,,,,
5501,1817.98,4177.84,5222.63,515.01,277.36,-231.41,-3881.28,-32023.05,1710.48,22654.78,-6439.6,183.36,240.34,-6256.24,-6015.9,,,,,
5511,1817.01,4168.51,5195.14,510.5,262.78,-205.6,-3865.12,-31877.64,1766.84,22680.69,-6568.68,184.68,453.12,-6384,-5930.88,,,,,
5521,1800.64,4168.36,5212.97,519.37,291.95,-196.57,-3842.56,-32050.48,1748.47,22649.12,-6435.94,180.29,301.27,-6255.64,-5954.37,,,,,
5531,1826.85,4199.09,5227.36,486.22,283.42,-187.23,-3924.56,-32149.19,1698.25,22675.92,-6313.82,179.02,136.14,-6134.8,-5998.66,,,,,
5541,1806.53,4125.14,5255.86,514.1,284.75,-212.58,-3893.19,-31901.28,1725.73,22571.3,-6487.15,181.92,276.35,-6305.22,-6028.88,,,,,
5551,1776.23,4224.21,5203.11,506.6,267.86,-199.08,-3927.49,-31896.51,1721.97,22618.04,-6515.66,178.32,294.94,-6337.34,-6042.4,,,,,
5561,1847.9,4252.41,5227.21,526.91,271.89,-212.55,-3920.15,-31816.07,1688.57,22564.3,-6577.68,179.53,430.44,-6398.15,-5967.71,,,,,
5571,1794.75,4251.05,5194.22,497.48,282.96,-198.68,-3878.14,-31895.49,1738.68,22667.67,-6595.74,181.35,454.49,-6414.4,-5959.91,,,,,
5581,1775.45,4085.64,5194.04,490.1,265.53,-195.91,-3897.36,-31951.15,1721.51,22672.07,-6520.16,181.07,159.94,-6339.1,-6179.16,,,,,
5591,1765.48,4178.5,5216.7,496.21,275.05,-200.81,-3893.15,-31831.52,1742.06,22738.23,-6636.04,183.34,486.75,-6452.7,-5965.95,,,,,
5601,1766.21,4096.19,5267.66,489.06,266.47,-188.24,-3921.76,-31936.93,1699.82,22726.51,-6552.54,180.04,264.99,-6372.5,-6107.51,,,,,
5611,1813.29,4098.36,5233.53,495.28,289.25,-210.09,-3857.76,-31757.37,1724.42,22640.26,-6698.58,185.2,469.17,-6513.38,-6044.21,,,,,
5621,1746.89,4232.07,5219.97,510.23,267.97,-175.12,-3826.4,-31860.28,1726.02,22653.74,-6629.9,185.58,495.09,-6444.32,-5949.23,,,,,
5631,1753.75,4185.2,5222.97,503.73,299.96,-190.63,-3897.36,-31941.24,1725.09,22655.51,-6525.99,182.91,316.99,-6343.08,-6026.1,,,,,
5641,1793.63,4191.77,5185.23,505.15,291.82,-195.78,-3856.51,-31908.37,1759.9,22643.34,-6539.14,183.37,410.18,-6355.77,-5945.59,,,,,
5651,1794.91,4131.52,5267.68,505.11,260.63,-210.02,-3900.49,-31906.38,1739.79,22678.13,-6540.03,180.23,360.89,-6359.8,-5998.91,,,,,
5661,1848.15,4222.03,5230.83,512.52,271.97,-205.71,-3886.3,-31748.67,1735.03,22629.49,-6656.02,184.54,609.33,-6471.47,-5862.14,,,,,
5671,1808.82,4142.96,5219.79,532.26,300.8,-187.79,-3951.37,-31747.81,1725.61,22701.2,-6663.82,181.86,544.48,-6481.96,-5937.48,,,,,
5681,1733.97,4191.85,5222.41,507.78,269.19,-206.73,-3889.42,-31845.57,1735.95,22642.95,-6576.08,187.66,362.39,-6388.43,-6026.04,,,,,
5691,1808.52,4208.22,5201.34,511.82,282.79,-197.28,-3904.99,-31941.5,1738.69,22670.78,-6530.8,181.44,378.39,-6349.36,-5970.97,,,,,
5701,1700.88,4197.93,5193.97,493.09,294.78,-183.9,-3834.17,-32057.84,1727.6,22779.01,-6466.73,180.32,311.35,-6286.41,-5975.06,,,,,
5711,1766.94,4168.35,5207.37,519.57,270.92,-186.5,-3831.83,-32040.26,1757.25,22621.62,-6408.91,182.97,253.43,-6225.95,-5972.52,,,,,
5721,1792.01,4159.75,5215.3,511.56,257.26,-177.6,-3909.63,-32068.6,1689.52,22732.69,-6382.16,182.32,202.25,-6199.84,-5997.59,,,,,
5731,1785.89,4202.47,5203.66,520.4,273.45,-166.19,-3918.76,-32128.6,1694.55,22650.38,-6302.8,182.26,117.25,-6120.54,-6003.29,,,,,
5741,1786.82,4170.84,5183.2,512.13,280.41,-208.31,-3902.36,-31947.56,1750.99,22597.5,-6423.25,187.2,223.65,-6236.05,-6012.4,,,,,
5751,1798.39,4230.96,5215.06,524.97,294.02,-178.15,-3908.36,-31997.58,1762.18,22625.02,-6408.8,181.89,366.51,-6226.9,-5860.39,,,,,
5761,1807.41,4149.85,5203.71,502.22,272.72,-214.28,-3867.33,-31991.19,1734.54,22644.69,-6443.93,184.25,242.36,-6259.68,-6017.32,,,,,
5771,1800.55,4177.75,5268.43,506.85,279.68,-181.44,-3891.01,-32040.12,1726.41,22690.08,-6428.78,180.77,337.18,-6248.01,-5910.83,,,,,
5781,1764.62,4139.11,5200.51,504.04,255.43,-197.65,-3879.23,-31834.49,1731.82,22706.86,-6591.18,184.77,391,-6406.4,-6015.4,,,,,
5791,1839.76,4119.41,5227.91,500.53,286.26,-193.55,-3869.74,-31731.51,1712.72,22523.4,-6582.02,184.34,415.19,-6397.68,-5982.49,,,,,
5801,1720.61,4206.52,5235.33,494.58,274.35,-194.53,-3928.61,-31785.26,1704.73,22651.42,-6592.47,182.51,379.15,-6409.96,-6030.81,,,,,
5811,1871.73,4163.73,5212.3,508.18,276.59,-195.73,-3879.87,-31676.81,1729.97,22621.98,-6703.25,185.34,632.08,-6517.91,-5885.83,,,,,
5821,1733.28,4261.68,5232.4,502.8,272.75,-196.56,-3833.29,-31781.8,1731.99,22663.67,-6671.49,185.91,586.92,-6485.58,-5898.66,,,,,
5831,1794.81,4200.06,5195.51,521.93,266.59,-183.24,-3890.57,-31912.96,1693.76,22681.83,-6606.79,182.98,367.71,-6423.81,-6056.1,,,,,
5841,1788.12,4151.62,5231.6,504.77,264.02,-203.23,-3842.55,-32008.3,1722.69,22695.19,-6462.47,182.26,303.93,-6280.21,-5976.28,,,,,
5851,1786.82,4225.04,5194.23,508.38,291.02,-211.99,-3859.83,-31948.89,1717.83,22652.51,-6478.38,182.08,355.12,-6296.3,-5941.18,,,,,
5861,1764.66,4173.81,5194.6,518.89,268.5,-189.36,-3914.95,-31829.44,1729.37,22675.78,-6604.66,181.74,391.86,-6422.92,-6031.06,,,,,
5871,1864.19,4164.72,5196.81,507.12,270.97,-219.61,-3847.45,-32031.15,1765.89,22690.62,-6465.88,181.7,362.11,-6284.17,-5922.06,,,,,
5881,1758.2,4151.01,5192.59,508.8,281.42,-177.09,-3862.81,-32046.49,1741.77,22664.3,-6456.73,179.68,211.72,-6277.05,-6065.32,,,,,
5891,1807.74,4236.9,5173.74,522.16,278.56,-209.61,-3889.08,-31784.27,1710.67,22679.96,-6672.03,185.65,526.78,-6486.38,-5959.59,,,,,
5901,1825.72,4200.52,5158.29,500.76,252.42,-186.77,-3816.68,-31781.79,1696.09,22657.74,-6687.66,185.9,506.29,-6501.76,-5995.47,,,,,
5911,1751.17,4257.05,5249.96,501.55,273.56,-196.25,-3855.2,-31783.22,1721.84,22724.1,-6742.17,188.67,644.56,-6553.5,-5908.94,,,,,
5921,1774.29,4249.93,5151.4,515.28,285.36,-165.99,-3856.65,-31938.16,1742.4,22722.24,-6574.95,183.98,480.09,-6390.96,-5910.87,,,,,
5931,1740.14,4143.85,5236.61,513.03,294.61,-196.93,-3873.93,-31737.49,1746.59,22647.63,-6718.67,188.49,514.11,-6530.17,-6016.07,,,,,
5941,1820.23,4208.31,5196.25,506.25,270.87,-186.69,-3923.84,-31837.71,1693.22,22655.54,-6590.76,183.71,402.43,-6407.05,-6004.62,,,,,
5951,1777.78,4108.06,5233.9,489.98,274.06,-206.76,-3860.77,-31935.17,1716.58,22688.02,-6593.99,187.52,285.67,-6406.48,-6120.8,,,,,
5961,1811.02,4177.5,5186.53,500.79,268.35,-189.29,-3857.96,-31911.95,1693.27,22634.85,-6560.52,187.3,313.12,-6373.22,-6060.1,,,,,
5971,1849.45,4207.3,5241.41,520.91,281.97,-214.93,-3892.21,-31884.41,1711.24,22655.88,-6537.53,184.07,476.61,-6353.46,-5876.86,,,,,
5981,1836.58,4209.89,5184.43,522.05,281.62,-182.73,-3877.32,-31794.01,1720.07,22569.25,-6635.51,188.45,469.84,-6447.06,-5977.22,,,,,
5991,1855.96,4110.37,5214.09,510.23,277.22,-216.59,-3905.02,-31855.99,1718.22,22567.66,-6541.94,183.59,276.15,-6358.34,-6082.2,,,,,
6001,1887.61,4153.05,5216.83,498.27,266.9,-172.18,-3904.63,-31983.22,1715.54,22695.51,-6511.15,179.79,373.69,-6331.35,-5957.67,,,,,
6011,1838.78,4217.18,5184.64,500.75,269.98,-208.68,-3838.35,-31916.03,1725.15,22613.97,-6511.32,182.42,387.38,-6328.9,-5941.52,,,,,
6021,1737.03,4234.2,5235.68,499.52,270.89,-203.57,-3849.31,-31850.04,1722.9,22535.12,-6565.66,182.1,332.43,-6383.56,-6051.14,,,,,
6031,1770.23,4120.13,5174.45,522.33,264.38,-202.53,-3933.23,-31692.05,1742.63,22591.68,-6673.35,182.13,358.02,-6491.22,-6133.2,,,,,
6041,1790.2,4151.1,5225.1,498.91,266.76,-234.78,-3911.18,-31839.72,1771.97,22637.04,-6565.18,181.12,355.39,-6384.06,-6028.68,,,,,
6051,1830.22,4208.67,5235.01,523.29,283.76,-205.2,-3921.73,-31778.36,1775.81,22607.16,-6614.71,180.46,558.62,-6434.25,-5875.64,,,,,
6061,1815.55,4240.01,5206.5,513.93,269.25,-220.74,-3901.52,-32031.04,1732.15,22635.47,-6431.3,180.5,259.56,-6250.8,-5991.25,,,,,
6071,1769.16,4092.26,5202.25,493.67,282.6,-211.5,-3865.68,-32063.92,1721.81,22776.94,-6473.46,182.5,197.59,-6290.97,-6093.38,,,,,
6081,1763.69,4260.52,5155.86,503.15,272.67,-195.77,-3905.3,-31750.2,1694.12,22580.98,-6637,178.05,379.72,-6458.95,-6079.24,,,,,
6091,1810.74,4187.62,5244.93,519.28,274.33,-210.74,-3887.8,-31899.31,1707.82,22563.06,-6518.35,183.98,309.94,-6334.37,-6024.43,,,,,
6101,1793.22,4299.93,5188.82,523.88,284.32,-181.72,-3883.68,-31863.51,1732.62,22720.48,-6671.37,181.57,614.35,-6489.79,-5875.44,,,,,
6111,1802.89,4158.07,5222.97,511.72,270.38,-209.3,-3919.38,-31963.56,1707.04,22816.75,-6618.89,180.58,397.57,-6438.31,-6040.73,,,,,
6121,1780.95,4229.52,5213.53,529.47,279.7,-189.71,-3903.84,-31833.31,1691.05,22648.18,-6589.46,182.95,445.56,-6406.52,-5960.96,,,,,
6131,1815.25,4166.34,5209.1,487.8,275.5,-196.33,-3888.03,-32052.29,1710.55,22735.47,-6483.56,182.79,263.35,-6300.77,-6037.41,,,,,
6141,1750.74,4163.74,5227.75,537.91,289.05,-194.36,-3905.32,-32006.28,1725.25,22813.71,-6570.71,182.75,402.2,-6387.95,-5985.75,,,,,
6151,1821.68,4146.59,5173.35,509.62,272.02,-179.59,-3906,-31827.24,1722.95,22684.19,-6669.75,181.8,417.57,-6487.95,-6070.38,,,,,
6161,1818.92,4134.52,5226.21,496.87,280.96,-198.64,-3882.05,-31749.51,1727.11,22631.48,-6673.13,184.42,485.84,-6488.72,-6002.87,,,,,
6171,1792.5,4135.85,5198.1,502.16,284.14,-186.23,-3933.45,-31893.79,1729.01,22769.02,-6653.45,183.04,397.32,-6470.41,-6073.1,,,,,
6181,1808.92,4141.55,5190.13,524.22,262.86,-211.33,-3895.84,-31890.96,1751.38,22758.81,-6639.08,178.95,439.74,-6460.13,-6020.39,,,,,
6191,1819.53,4261.84,5193.55,514.28,279.35,-190.73,-3897.63,-31980.9,1701.69,22642.93,-6466.65,180.18,343.9,-6286.46,-5942.56,,,,,
6201,1814.83,4128.93,5260.62,509.81,268.69,-213.32,-3888.95,-31863.22,1725.61,22665.96,-6586.25,176.31,408.95,-6409.94,-6000.99,,,,,
6211,1832.02,4211.86,5180.62,514.52,267.84,-183.56,-3866.49,-31933.18,1683.87,22631.04,-6494.86,184.89,338.54,-6309.97,-5971.43,,,,,
6221,1784.32,4210.27,5229.84,516.52,277.87,-202.95,-3861.22,-31860.65,1769.96,22584.08,-6584.32,180.17,448.04,-6404.15,-5956.1,,,,,
6231,1805.11,4254.12,5210.6,521.14,266.84,-190.32,-3837.41,-31873.51,1732.84,22629.4,-6601.26,183.73,518.81,-6417.53,-5898.72,,,,,
6241,1804.96,4141.07,5251.58,494.84,273.59,-192.9,-3856.35,-31850.37,1693.42,22743.21,-6637.76,183.09,503.04,-6454.67,-5951.63,,,,,
6251,1818.39,4108.98,5165.63,510.98,270.44,-162.17,-3854.37,-31860.25,1749.1,22731.86,-6695.86,182.17,478.58,-6513.69,-6035.11,,,,,
6261,1838.31,4163.28,5207.22,502.1,283.09,-198.93,-3821.83,-31940.61,1745.25,22668.77,-6608.49,184.41,446.64,-6424.08,-5977.44,,,,,
6271,1838.42,4180.92,5195.97,517.12,272.57,-179.53,-3863.09,-32039.79,1709.67,22736.08,-6481.41,183.66,368.34,-6297.75,-5929.41,,,,,
6281,1752.96,4129.94,5203.66,503.63,276.24,-170.23,-3837.85,-31993.77,1724.78,22804.13,-6630.41,183.61,393.5,-6446.81,-6053.31,,,,,
6291,1803.67,4221.48,5188.37,535.36,275.17,-155.86,-3872.09,-31912.66,1724.29,22661.3,-6621.87,185.53,469.01,-6436.35,-5967.34,,,,,
6301,1790.21,4189.77,5202.68,522.28,274.98,-208.34,-3893.44,-31757.36,1743.67,22731.23,-6712.96,180.96,595.69,-6532,-5936.31,,,,,
6311,1782.38,4216.24,5247.84,498.02,265.79,-181.05,-3872.97,-31843.62,1726.55,22739.04,-6689.25,185,578.22,-6504.25,-5926.03,,,,,
6321,1851.61,4127.27,5216.91,513.77,290.9,-200.54,-3898.31,-31822.33,1704.6,22755.79,-6716.43,182.99,539.66,-6533.45,-5993.79,,,,,
6331,1801.58,4217.6,5217.24,520.98,268.2,-196.43,-3839.66,-31849.16,1753.82,22636.43,-6642.21,185.06,530.6,-6457.15,-5926.54,,,,,
6341,1856.94,4189.23,5201.07,513.05,294.21,-207.02,-3857.38,-31874.4,1733.08,22713.05,-6633.54,185.57,561.83,-6447.96,-5886.14,,,,,
6351,1832.78,4101.65,5220.81,502.93,283.6,-201.01,-3891.56,-31864.37,1715.12,22740.27,-6627,183.47,440.21,-6443.52,-6003.31,,,,,
6361,1779.95,4115.67,5219.21,502.48,278.02,-167.49,-3925.27,-32008.18,1729.79,22688.48,-6476.18,176.6,212.66,-6299.58,-6086.92,,,,,
6371,1819.59,4134.94,5203.46,492.8,294.1,-190.23,-3915.39,-31879.84,1768.73,22618.59,-6546.83,179.92,346.73,-6366.9,-6020.17,,,,,
6381,1817.33,4215.75,5199.48,504.58,273.98,-170.83,-3874.76,-31743.33,1676.64,22559.23,-6667.64,183.02,458.07,-6484.62,-6026.55,,,,,
6391,1803.14,4170.29,5218.47,521.9,249,-190.7,-3842.67,-31893.28,1712.08,22570.53,-6541.17,179.86,318.77,-6361.3,-6042.54,,,,,
6401,1789.34,4149.9,5226.38,494.6,273,-186.55,-3863.77,-32128.25,1716.64,22646.52,-6379.33,181.72,117.82,-6197.61,-6079.79,,,,,
6411,1875.07,4232.11,5243.14,524.63,277.73,-191.14,-3948.95,-31743.25,1694.03,22477.22,-6571.16,179.71,440.6,-6391.45,-5950.85,,,,,
6421,1803.07,4160.54,5217.6,504.62,292.08,-179.99,-3881.44,-32004.17,1712.77,22631.98,-6478.72,182.58,257.06,-6296.14,-6039.08,,,,,
6431,1785.19,4206.69,5148,513.52,262.74,-192.25,-3819.66,-32027.93,1742.57,22624.31,-6482.95,182.04,243.19,-6300.91,-6057.72,,,,,
6441,1792.16,4267.8,5230.79,496.82,269.22,-184.05,-3875.78,-31948.05,1678.38,22536.42,-6468.26,181.6,263.71,-6286.66,-6022.95,,,,,
6451,1880.01,4263,5190.25,518.43,262.6,-197.11,-3967.8,-31791.26,1699.62,22536.3,-6552.34,178.28,394.04,-6374.06,-5980.03,,,,,
6461,1767.61,4133.47,5193.74,513.35,272.59,-205.21,-3871.8,-32163.38,1749.29,22717.4,-6390.61,184.2,107.08,-6206.4,-6099.33,,,,,
6471,1769.85,4189.16,5243.62,497.07,282.97,-174.82,-3882.16,-31970.98,1736.85,22689.94,-6501.86,184.24,381.51,-6317.62,-5936.11,,,,,
6481,1835.61,4185.2,5244.06,508.67,270.31,-202.63,-3833.96,-31861.33,1716.13,22584.34,-6582.32,181.55,446.41,-6400.77,-5954.36,,,,,
6491,1807.87,4083.74,5272.89,499.67,279.4,-202.16,-3909.57,-31879.93,1729.31,22693.24,-6580.04,183.07,374.45,-6396.97,-6022.52,,,,,
6501,1766.64,4198.46,5236.48,513.79,281.6,-195.4,-3920.66,-31983.75,1729.98,22668.09,-6464.3,180.57,295.24,-6283.74,-5988.5,,,,,
6511,1911.03,4194.16,5203.81,535.42,264.33,-171.86,-3866.49,-31897.91,1693.07,22569.36,-6535.88,182.85,434.92,-6353.03,-5918.11,,,,,
6521,1708.31,4197.72,5238.17,511.43,273.48,-185.28,-3869.35,-31912.19,1732.5,22693.78,-6572.26,181.59,388.56,-6390.66,-6002.1,,,,,
6531,1828.89,4089.95,5174.19,496.6,258.7,-188.58,-3879.76,-31870.8,1739.66,22691.57,-6616.65,182.23,340.41,-6434.42,-6094.01,,,,,
6541,1762.6,4208.25,5193.19,505.69,267.66,-219.53,-3811.24,-32062.56,1729.73,22727.11,-6473.43,185.32,300.89,-6288.11,-5987.23,,,,,
6551,1831.62,4150.82,5202.19,503.21,287.32,-166.64,-3873.45,-31968.95,1715.14,22647.2,-6516.48,181.24,328.47,-6335.24,-6006.78,,,,,
6561,1850.38,4171.71,5172.39,513.31,275.13,-205.35,-3833.57,-31903.76,1706.43,22675.16,-6560.65,183.57,421.84,-6377.08,-5955.25,,,,,
6571,1837.24,4127.92,5184.37,514.74,283.58,-205.51,-3892.63,-31850.33,1729.37,22674.24,-6614.93,182.3,402.98,-6432.63,-6029.65,,,,,
6581,1762.29,4172.85,5221.04,506.22,273.76,-159.71,-3897.05,-31640.58,1693.88,22666.71,-6790.78,183.67,599.42,-6607.1,-6007.69,,,,,
6591,1819.88,4102.87,5226.45,493.04,267.87,-164.16,-3880.39,-31553.23,1675.54,22602.29,-6873.42,185.19,590.17,-6688.23,-6098.06,,,,,
6601,1781.3,4109.65,5237.78,498.75,296.45,-187.99,-3903.91,-31688.44,1712.43,22702.71,-6795.05,184.17,558.74,-6610.88,-6052.14,,,,,
6611,1819.27,4235.86,5224.79,535.25,272.22,-195.98,-3824.07,-31904.05,1695.63,22595.21,-6557.61,180.4,454.13,-6377.21,-5923.07,,,,,
6621,1727.03,4205.36,5189.45,492.05,289.17,-198.97,-3826.49,-31925.05,1718.38,22601,-6557.56,182.2,271.93,-6375.37,-6103.43,,,,,
6631,1751.85,4151.97,5210.49,512.92,274.22,-198.38,-3886.69,-31849.84,1717.27,22645.4,-6621.22,178.78,329.21,-6442.43,-6113.23,,,,,
6641,1839.44,4107.56,5206.36,493.03,266.01,-178.43,-3838.3,-31760.46,1686.5,22766.23,-6761.24,183.33,587.94,-6577.91,-5989.97,,,,,
6651,1734.78,4205.55,5234.15,504.95,265.61,-181.54,-3879.34,-31917.27,1737.76,22621.29,-6533.32,182.23,325.96,-6351.09,-6025.12,,,,,
6661,1839.19,4166.1,5256.81,513.97,283.13,-205.46,-3883.56,-32003.51,1727.28,22722.28,-6535.49,182.95,416.23,-6352.53,-5936.31,,,,,
6671,1802.97,4132.05,5231.69,502.09,280.79,-188.03,-3815.99,-32166.85,1726.69,22724.92,-6385.45,179.77,230.34,-6205.68,-5975.33,,,,,
6681,1786.67,4165.54,5184.18,503.71,261.9,-194.35,-3874.88,-32165.84,1709,22699.16,-6383.21,180.06,75.1,-6203.14,-6128.04,,,,,
6691,1737.66,4196.28,5237.04,493.24,286.38,-203.14,-3835.94,-32256.86,1739.89,22723.98,-6288.36,178.73,118.53,-6109.63,-5991.1,,,,,
6701,1867.43,4168.55,5193.83,510.19,253.66,-236.94,-3829.27,-32180.23,1706.44,22647.09,-6344.58,185.48,100.75,-6159.1,-6058.35,,,,,
6711,1744.59,4202.56,5185.6,498.1,290.19,-203.79,-3863.17,-32004.85,1728.51,22576.38,-6429.72,181.83,154.11,-6247.88,-6093.77,,,,,
6721,1869.02,4135.96,5193.19,480.71,261.67,-210.25,-3904.91,-31989.52,1713.79,22755.56,-6535.45,184.69,305.22,-6350.76,-6045.55,,,,,
6731,1767.32,4136.01,5204.37,508.32,266.18,-195.23,-3888.98,-31901.93,1738.52,22711.34,-6565.88,181.28,345.91,-6384.6,-6038.69,,,,,
6741,1851,4123.86,5190.18,507.24,302.72,-205.81,-3883.95,-31937.57,1723.57,22672.9,-6545.8,177.68,344.14,-6368.11,-6023.98,,,,,
6751,1836.74,4161.12,5191.37,503.31,273.62,-198.99,-3842.17,-32009.52,1707.46,22586.21,-6458.21,185.12,209.15,-6273.09,-6063.94,,,,,
6761,1814.92,4178.31,5180.43,513.09,299.22,-170.93,-3859.69,-32036.21,1707.34,22676.65,-6458.07,177.37,303.13,-6280.7,-5977.57,,,,,
6771,1804.95,4241.78,5211.57,512.5,259.03,-181.19,-3858.04,-32069.61,1714.87,22586.8,-6361.77,179.54,222.66,-6182.23,-5959.56,,,,,
6781,1795.66,4166.84,5181.41,512.19,264.06,-214.29,-3808.42,-31839.13,1708.58,22505.3,-6539.19,184.59,272.2,-6354.6,-6082.4,,,,,
6791,1780.46,4175.3,5270.03,508.98,298.79,-194.07,-3830.29,-32004.49,1737.43,22631.32,-6496.35,184.15,373.47,-6312.2,-5938.73,,,,,
6801,1781.69,4238.61,5237.73,497.34,275.81,-206.53,-3936.19,-31965.98,1733.08,22640.43,-6462.51,177.12,296.02,-6285.39,-5989.37,,,,,
6811,1729.48,4147.73,5225.04,525.99,284.83,-198.78,-3874.81,-32165.45,1732.98,22754.94,-6406.77,181.48,161.97,-6225.29,-6063.32,,,,,
6821,1772.81,4112.71,5252.92,523.32,279.39,-205.43,-3826.03,-32186.34,1741.59,22665.17,-6331.25,181.06,130.11,-6150.19,-6020.08,,,,,
6831,1808.52,4202.41,5231.78,496.38,254.07,-216.53,-3884.98,-32024.23,1751.6,22613.68,-6401.6,180.76,232.7,-6220.85,-5988.14,,,,,
6841,1753.79,4168.85,5190.25,505.22,287.24,-199.67,-3865.59,-31959.87,1725.47,22647.33,-6519,183.02,253.02,-6335.98,-6082.96,,,,,
6851,1759.64,4189.76,5207.77,496.25,266.8,-184.41,-3927.35,-31855.29,1728.04,22670.54,-6557.33,179.57,351.76,-6377.76,-6026,,,,,
6861,1794.82,4171.7,5226.93,511.24,278.42,-213.78,-3915.89,-31879.97,1748.17,22724.81,-6601.28,181.52,446.44,-6419.77,-5973.32,,,,,
6871,1706.34,4232.82,5215.77,484.87,270.72,-200.33,-3903.43,-32187.03,1748.88,22715.78,-6344.04,179.62,84.38,-6164.42,-6080.03,,,,,
6881,1778.42,4233.59,5204.6,502.67,264.22,-196.06,-3874.37,-32193.82,1707.81,22658.44,-6298.52,178.96,85.49,-6119.56,-6034.07,,,,,
6891,1865.6,4207.55,5174.1,517.17,276.54,-210.92,-3814.36,-32141.78,1723.43,22623.2,-6400.07,180.76,220.53,-6219.3,-5998.78,,,,,
6901,1758.05,4216.99,5266.66,511.51,286.92,-181.37,-3859.18,-32106.28,1742.48,22744.12,-6382.14,177.38,379.9,-6204.77,-5824.87,,,,,
6911,1891.68,4171.55,5209.28,522.06,284.61,-188.4,-3844.18,-31896.61,1715.73,22536.61,-6554.78,182.05,402.32,-6372.73,-5970.41,,,,,
6921,1735.65,4244.68,5151.67,507.55,280.16,-188.83,-3801.43,-31993.09,1746.42,22644.52,-6471.81,181.97,327.3,-6289.84,-5962.55,,,,,
6931,1746.46,4268.16,5192.18,516.39,268.07,-215.19,-3834.7,-32020.71,1734.04,22664.21,-6487.13,180.5,318.9,-6306.64,-5987.73,,,,,
6941,1837.57,4127.95,5251.79,513.06,287.83,-219.58,-3866.13,-31911.62,1702.9,22594.29,-6545.02,181.69,318.05,-6363.33,-6045.28,,,,,
6951,1784.34,4214.67,5183.6,496.53,282.13,-192.27,-3914.57,-32030.87,1723.58,22684.75,-6477.27,180.86,231.88,-6296.41,-6064.53,,,,,
6961,1806.92,4150.59,5207.58,510.36,276.87,-204.7,-3860.97,-32146.83,1740.53,22620.69,-6329.21,178.43,101.04,-6150.78,-6049.74,,,,,
6971,1814.96,4174.42,5210.59,512.14,260.63,-169.46,-3878.05,-32180.28,1707.76,22661.56,-6369.51,182.82,114.28,-6186.69,-6072.41,,,,,
6981,1778.51,4154.57,5163.34,505.91,262.62,-173.14,-3878.63,-32122.73,1711.02,22647.64,-6371.6,180.89,49.11,-6190.71,-6141.61,,,,,
6991,1807.33,4090.83,5190.52,505.63,280.61,-219.13,-3907.7,-31976.35,1746.91,22607.08,-6443.71,180.14,125.74,-6263.57,-6137.83,,,,,
7001,1817.01,4177.68,5247.58,508.19,273.3,-196.47,-3893.92,-31954.17,1736.29,22670.92,-6535.36,181.89,386.42,-6353.47,-5967.04,,,,,
7011,1809.49,4150.37,5195.77,487.02,319.76,-170.09,-3911.49,-31807.4,1710.33,22572.96,-6606.88,179.97,356.72,-6426.91,-6070.2,,,,,
7021,1841.12,4192.38,5168.34,499.08,257.7,-175.7,-3914.51,-31829.94,1675.37,22670.73,-6648.73,180.94,384.57,-6467.79,-6083.22,,,,,
7031,1767.49,4220.39,5218.18,509.09,287.9,-181.53,-3855.11,-31848.55,1705.13,22589.06,-6590,185.37,412.06,-6404.63,-5992.57,,,,,
7041,1807.39,4184.5,5207.2,504.44,280.31,-190.44,-3855.54,-31792.69,1682.3,22615.4,-6634.62,184.27,442.86,-6450.36,-6007.5,,,,,
7051,1839.71,4144.08,5219.39,504.08,268.81,-206.56,-3902.86,-31776.18,1735.1,22632.61,-6646.97,179.41,458.19,-6467.56,-6009.37,,,,,
7061,1862.39,4213.58,5238.69,527.99,263.11,-184.86,-3908.03,-31749.99,1710.73,22495.38,-6600.25,178.78,468.99,-6421.47,-5952.48,,,,,
7071,1795.35,4242.93,5214.15,509.7,282,-203.86,-3873.36,-31686.13,1719.13,22536.45,-6711.2,182.01,536.35,-6529.18,-5992.83,,,,,
7081,1688.81,4196.12,5182.04,497,261.7,-197.74,-3903.95,-31719.04,1699.39,22826.52,-6752.81,185.38,530.85,-6567.43,-6036.57,,,,,
7091,1805.25,4218.75,5184.16,513.06,275.72,-187.53,-3926.69,-31623.88,1727.05,22607.61,-6731.16,183.71,593.49,-6547.44,-5953.95,,,,,
7101,1821.16,4220.91,5191.26,492.87,285.62,-208.15,-3923.66,-31791.6,1687.02,22671.36,-6646.54,179.38,446.79,-6467.15,-6020.36,,,,,
7111,1800.47,4189.33,5204.68,494.31,266.9,-178.98,-3873.48,-31671.91,1717.21,22502.65,-6653.95,182.12,451.19,-6471.83,-6020.64,,,,,
7121,1858.52,4121.7,5195.51,515.72,285.83,-160.34,-3860.62,-31641.57,1707.27,22608.1,-6798.89,184.53,630.13,-6614.36,-5984.23,,,,,
7131,1774.08,4134.26,5193.1,491.85,268.15,-200.6,-3860.56,-32036.84,1729.28,22711.7,-6502.81,178.63,204.44,-6324.17,-6119.74,,,,,
7141,1782.48,4127.19,5231.74,507.1,283.91,-209.78,-3922.5,-31893.42,1731.01,22782.9,-6630.45,180.67,420.64,-6449.78,-6029.14,,,,,
7151,1792.17,4237.29,5170.9,513.62,280.96,-198.25,-3840.81,-32010.77,1750.1,22677.71,-6514.04,179.96,372.92,-6334.07,-5961.15,,,,,
7161,1852.67,4137.7,5236.9,505.62,257.35,-188.52,-3892.03,-32141.22,1709.98,22772.11,-6421.01,179.76,250.55,-6241.25,-5990.7,,,,,
7171,1814.11,4200.84,5222.19,522.71,271.49,-182.51,-3900.14,-32205.74,1709.96,22660.95,-6302.19,180.88,113.86,-6121.3,-6007.45,,,,,
7181,1767.99,4170.05,5208.96,499.22,287.98,-199.26,-3880.61,-32072.95,1722.32,22720.19,-6456.76,180.81,223.91,-6275.94,-6052.03,,,,,
7191,1841.9,4225.67,5165.92,512.66,250.48,-184.86,-3901.3,-31913.31,1723.41,22641.73,-6527.97,174.68,362.31,-6353.29,-5990.98,,,,,
7201,1762.79,4217.36,5209.42,513.56,260.27,-194.01,-3892.46,-32104.69,1716.75,22727.72,-6426.81,182.98,216.71,-6243.83,-6027.12,,,,,
7211,1811.59,4119.86,5209.03,502.62,269.51,-195.29,-3862.93,-32108.38,1717.5,22723.85,-6456.22,181.28,187.37,-6274.94,-6087.57,,,,,
7221,1824.6,4187.97,5189.66,504.39,281.37,-201.19,-3917.07,-31966.26,1728.43,22603.87,-6453.29,178.26,235.78,-6275.02,-6039.24,,,,,
7231,1835.13,4163.99,5195.78,514.3,267.52,-182.6,-3911.19,-31968.53,1718.94,22673.55,-6508.17,178.44,306.91,-6329.73,-6022.82,,,,,
7241,1790.15,4305.17,5189.01,513.88,273.98,-183.69,-3872.7,-32108.46,1719.34,22675.3,-6432.12,182.56,301.98,-6249.56,-5947.58,,,,,
7251,1813.78,4103.66,5203.59,508.14,279.7,-201.7,-3845.44,-31961.85,1694.58,22604.44,-6509.49,185.31,198.9,-6324.18,-6125.28,,,,,
7261,1803.25,4292.15,5250.59,511.17,270.65,-206.58,-3863.74,-31903.69,1717.78,22648.33,-6560,185.27,519.9,-6374.73,-5854.82,,,,,
7271,1770.76,4151.59,5238.37,515.91,265.34,-181.85,-3892.54,-32258.05,1769.96,22705.21,-6315.34,182.2,84.7,-6133.14,-6048.44,,,,,
7281,1780.1,4110.09,5250.09,499,267.87,-203.25,-3866.08,-31990.59,1727.15,22790.19,-6542.64,179.89,364.57,-6362.75,-5998.18,,,,,
7291,1812.57,4249.11,5214.78,507.05,268.99,-199.45,-3853.3,-31966.75,1705.14,22634.34,-6481.96,183.02,372.49,-6298.94,-5926.45,,,,,
7301,1744.31,4229.77,5220.43,515.21,266.98,-216.34,-3860.04,-31828.16,1746.89,22596.25,-6578.41,184.36,415.31,-6394.05,-5978.74,,,,,
7311,1774.25,4114.01,5218.88,495.62,274.28,-185.43,-3905.44,-31902.52,1732.56,22707.14,-6571.07,181.59,323.36,-6389.48,-6066.12,,,,,
7321,1860.35,4169.69,5192.38,520.81,282.5,-200.05,-3879.67,-32010.87,1682,22586.59,-6426.64,181.7,203.75,-6244.94,-6041.19,,,,,
7331,1787.27,4224.9,5204,513.2,250.2,-186.39,-3909.37,-31990.95,1715.74,22720.91,-6482.76,179.37,329.51,-6303.39,-5973.88,,,,,
7341,1778.22,4155.03,5187.98,509.71,274.28,-153.58,-3907.75,-32037.39,1728.11,22775.83,-6516.67,181.46,310.46,-6335.21,-6024.75,,,,,
7351,1810.05,4176.85,5215.64,510.33,255.71,-186.79,-3852.86,-32185.2,1706.01,22773.13,-6419.37,183.25,222.88,-6236.12,-6013.25,,,,,
7361,1775.38,4202.41,5203.3,499.33,274.12,-182.89,-3882.4,-31941.93,1726.74,22652.03,-6524.11,182.73,326.08,-6341.38,-6015.3,,,,,
7371,1837.51,4193.52,5218.15,508.5,279.36,-210.51,-3877.85,-31950.42,1733.79,22516.02,-6508.87,177.57,248.07,-6331.3,-6083.22,,,,,
7381,1766.92,4205.36,5232.96,525.92,261.44,-194.42,-3863.96,-31945.79,1736.1,22698.89,-6555.26,181.55,423.42,-6373.71,-5950.29,,,,,
7391,1838.62,4285.71,5166.29,504.95,253.32,-213.62,-3865.23,-32113.2,1729.53,22618.01,-6379.43,180.87,204.37,-6198.56,-5994.2,,,,,
7401,1774.93,4223.24,5209.38,517.3,245.07,-191.77,-3854.98,-32043.93,1712.24,22687.73,-6503.59,183.79,279.2,-6319.8,-6040.6,,,,,
7411,1807.98,4209.25,5155.1,492.71,258.58,-202.26,-3902.02,-31966.7,1712.22,22676.81,-6505.08,178.12,241.67,-6326.96,-6085.29,,,,,
7421,1780.59,4092.98,5208.37,489.55,258.54,-180.13,-3833.83,-31947.44,1742.4,22742.55,-6592.07,182.4,353.57,-6409.67,-6056.1,,,,,
7431,1867.63,4128.8,5191.67,516.53,275.41,-203.19,-3882.95,-32027.35,1738.31,22737.61,-6499.19,181.51,342.47,-6317.68,-5975.21,,,,,
7441,1763.3,4116.25,5197.67,504.47,258.29,-211.15,-3892.16,-31914.53,1771.52,22724.58,-6598.5,179.41,318.23,-6419.09,-6100.86,,,,,
7451,1798.81,4204.37,5155.83,499.38,264.44,-177.03,-3818.15,-32026.02,1759.87,22653.81,-6519.89,182.5,315.31,-6337.39,-6022.07,,,,,
7461,1804.26,4227.63,5201.41,519.55,267.53,-179.34,-3913.98,-31892.86,1720.11,22642.05,-6562.82,181.52,396.38,-6381.3,-5984.93,,,,,
7471,1787.92,4199.2,5193.82,505.94,271.44,-212.36,-3877.12,-31943.26,1749.08,22593.36,-6505.24,180.21,268.02,-6325.04,-6057.01,,,,,
7481,1790.44,4174.81,5217.24,498.7,267.6,-204.22,-3840.98,-32094.24,1754.96,22768.03,-6492.06,175.94,332.35,-6316.12,-5983.77,,,,,
7491,1776.9,4252.2,5199.08,517.03,278,-183.34,-3929.24,-31969.9,1733.33,22644.87,-6495.91,176.69,318.92,-6319.23,-6000.31,,,,,
7501,1814.57,4195.63,5148.32,500.85,266.83,-148.96,-3920.12,-31820.04,1711.13,22633.29,-6637.19,181.52,381.5,-6455.67,-6074.18,,,,,
7511,1768.68,4209.65,5264.22,512.8,280.86,-174.15,-3871.21,-31837.92,1751.77,22620.16,-6618.48,181.93,524.87,-6436.56,-5911.69,,,,,
7521,1830.69,4233.61,5206.7,507.61,270.49,-224.33,-3921.94,-31721.62,1724.27,22573.87,-6645.25,184.74,479.37,-6460.51,-5981.14,,,,,
7531,1847.11,4145.28,5200.34,510.94,300.25,-210.06,-3894.84,-31738.66,1733.38,22530.89,-6619.44,180.41,424.63,-6439.03,-6014.4,,,,,
7541,1854.59,4108.49,5235.39,497.33,274.46,-188.57,-3920.95,-31814.29,1734.61,22683.74,-6626.86,182.49,464.79,-6444.37,-5979.58,,,,,
7551,1831.4,4133.41,5229.8,493.74,283.52,-201.51,-3886.89,-31935.3,1716.51,22691.71,-6577.27,182.63,356.39,-6394.64,-6038.26,,,,,
7561,1784.4,4126.45,5258,503.52,280.05,-181.45,-3912.63,-31780.84,1767.42,22744.54,-6728.72,182.39,589.46,-6546.33,-5956.87,,,,,
7571,1771.4,4135.09,5237.44,502.54,268.43,-197.55,-3887.46,-31878.24,1760.17,22741.2,-6603.3,182.79,453.02,-6420.51,-5967.49,,,,,
7581,1878.7,4136.07,5204.12,498.59,287.53,-186.41,-3920.74,-32125.27,1708.12,22719.68,-6398.39,178.55,200.4,-6219.84,-6019.44,,,,,
7591,1823.39,4188.13,5192.68,512.59,264.33,-220.98,-3907.92,-31845.82,1753.77,22731.99,-6633.57,177.2,492.16,-6456.37,-5964.22,,,,,
7601,1802.56,4184.01,5245.39,516.34,267.72,-186.65,-3902.78,-31976.8,1743.89,22650.03,-6506.92,177.94,343.73,-6328.98,-5985.25,,,,,
7611,1849.29,4220.14,5185.8,517.77,272.17,-198.7,-3914.93,-32059.1,1759.49,22617.06,-6400.4,181.56,249.01,-6218.84,-5969.83,,,,,
7621,1784.76,4242.77,5221.5,513.64,277.98,-183.77,-3947.9,-32200.84,1749.48,22693.21,-6336.54,178.39,150.82,-6158.15,-6007.33,,,,,
7631,1764.43,4279.11,5224.45,512.11,275.71,-188.37,-3855.66,-32079.16,1750.74,22765.78,-6470.88,182.3,449.14,-6288.59,-5839.44,,,,,
7641,1778.9,4195.83,5223.26,506.93,269.07,-188.48,-3915.52,-31850.38,1719.08,22681.66,-6629.99,181.77,420.33,-6448.22,-6027.89,,,,,
7651,1743.57,4248.38,5232.86,503.83,297.64,-176.79,-3904.83,-31983.25,1730.13,22650.45,-6492.52,181.25,341.99,-6311.27,-5969.28,,,,,
7661,1818.88,4282.98,5221.3,504.04,276.78,-215.45,-3898.13,-31844.39,1734.19,22649.78,-6632.59,183.26,529.98,-6449.33,-5919.35,,,,,
7671,1833.83,4144.09,5204.75,502.39,262.36,-206.21,-3910.38,-32005.78,1786.9,22763.07,-6511.46,181.12,375.03,-6330.34,-5955.31,,,,,
7681,1787.1,4198.16,5223.61,495.65,264.31,-204.96,-3911.79,-31938.89,1740.01,22597.62,-6476.89,183.22,250.83,-6293.67,-6042.84,,,,,
7691,1783.19,4221.37,5186.02,509.35,280.52,-157.37,-3910.69,-31840.78,1740.34,22634,-6619.77,181.41,445.94,-6438.35,-5992.41,,,,,
7701,1835.09,4244.43,5205.8,515.86,299.36,-157.35,-3905.67,-31898.12,1739.19,22578.31,-6549.68,184.44,456.9,-6365.24,-5908.34,,,,,
7711,1803.07,4173.62,5189.44,504.95,285.43,-190.73,-3932.97,-31900.72,1708.48,22654.48,-6526.34,181.29,295.05,-6345.05,-6050,,,,,
7721,1800.69,4236.04,5168.53,513.84,301.59,-174.05,-3903.21,-31936.6,1717.53,22583.39,-6528.74,181.97,307.77,-6346.77,-6039,,,,,
7731,1813.97,4174.33,5231.55,512.3,267.97,-194.37,-3896.94,-32058.46,1755.73,22669.87,-6459.98,180.09,275.96,-6279.89,-6003.93,,,,,
7741,1776.69,4224.01,5213.87,514.73,272.45,-206.69,-3972.22,-32066.43,1768.8,22664.25,-6398.37,175.23,189.46,-6223.14,-6033.68,,,,,
7751,1789.56,4176.83,5176.12,500.56,259.1,-200.65,-3904.73,-32042.64,1769.9,22696.39,-6429.81,180.92,220.43,-6248.88,-6028.45,,,,,
7761,1798.48,4250.07,5267.17,517.81,284.57,-217.42,-3904.74,-32133.69,1754.96,22764.92,-6409.64,179.66,382.13,-6229.99,-5847.85,,,,,
7771,1812.26,4193.73,5142.69,518.09,254.95,-203.18,-3908.32,-32185.46,1733,22601.82,-6285.47,176.96,-40.42,-6108.51,-6148.94,,,,,
7781,1871.01,4200.84,5223.16,521.97,264.09,-214.23,-3901.72,-31904.85,1685.7,22601.97,-6536.46,180.31,347.94,-6356.16,-6008.22,,,,,
7791,1810.15,4203.75,5233.08,494.2,275.58,-187.26,-3926.49,-31904.84,1748.5,22660.77,-6592.98,180.68,407.44,-6412.3,-6004.86,,,,,
7801,1712.12,4161.83,5185.2,499.84,286.59,-202.08,-3906.24,-31953.34,1758.72,22714.39,-6520.14,179.76,257.02,-6340.39,-6083.36,,,,,
7811,1808.5,4146.01,5247.26,528.1,269.42,-184.35,-3902.18,-31789.7,1740.06,22630.81,-6619.65,182.57,493.93,-6437.08,-5943.14,,,,,
7821,1849.92,4156.71,5225.36,496.94,266.66,-194.63,-3917.5,-31993.02,1721.34,22760.31,-6514.27,179.39,372.09,-6334.88,-5962.78,,,,,
7831,1850.6,4179.04,5262.43,503.05,270.47,-180.57,-3961.64,-31780.48,1736.29,22622.7,-6642.95,183.27,501.9,-6459.68,-5957.79,,,,,
7841,1793.91,4170.94,5203.85,528.75,293.29,-212.39,-3904.25,-31709.17,1768.45,22720.06,-6752.58,185.16,653.43,-6567.42,-5913.99,,,,,
7851,1768.99,4104.25,5258.42,500.67,271.16,-190.75,-3913.62,-32022.24,1727.29,22780.37,-6510.76,178.14,284.55,-6332.62,-6048.07,,,,,
7861,1840.97,4194.94,5203.86,511.21,263.34,-207.99,-3913.18,-32063.55,1733.25,22791.6,-6494.08,179.89,354.45,-6314.18,-5959.73,,,,,
7871,1804.4,4183.62,5166.69,497.49,276.86,-194.53,-3934.44,-32114.46,1717.46,22746.85,-6415.71,180.68,149.93,-6235.03,-6085.1,,,,,
7881,1782.38,4237.7,5232.14,516.62,299.26,-199.55,-3931.34,-32089.43,1740.9,22725.72,-6442.87,176.69,314.38,-6266.18,-5951.8,,,,,
7891,1827.88,4147.57,5172.97,485.6,288.66,-184.97,-3901.32,-32140.58,1723.58,22755.09,-6449.72,184.07,174.48,-6265.64,-6091.16,,,,,
7901,1828.09,4226.11,5186.66,523.31,268.11,-182.6,-3863.12,-32131.34,1736.49,22746.3,-6471.06,183.88,338.01,-6287.18,-5949.17,,,,,
7911,1787.37,4222.07,5189.65,498.52,294.65,-203.5,-3883.97,-32186.4,1700.09,22763.35,-6394.84,180.64,181.83,-6214.2,-6032.37,,,,,
7921,1815.74,4144.94,5174.66,507.1,274.1,-183.92,-3913.53,-32173.67,1692.3,22825.74,-6452.92,180.13,163.47,-6272.79,-6109.33,,,,,
7931,1790.75,4143.68,5230.64,500.22,279.85,-183.47,-3861.92,-32250.51,1756.4,22836.89,-6388.19,179.41,242.54,-6208.78,-5966.23,,,,,
7941,1804.08,4238.99,5193.59,524.79,277.04,-183.87,-3898.32,-32130.52,1719.38,22654.92,-6390.87,179.89,200.08,-6210.98,-6010.9,,,,,
7951,1797.55,4216.52,5203.06,507.7,276.98,-192,-3878.16,-32038.29,1720.53,22702.64,-6497.66,178.05,316.54,-6319.6,-6003.06,,,,,
7961,1835.41,4255.45,5180.6,513.86,281.04,-174.54,-3876.15,-32018.49,1749.87,22731.4,-6530.22,180.61,478.46,-6349.61,-5871.15,,,,,
7971,1834.78,4138.1,5182.48,501.03,279.93,-204.42,-3877.85,-31967.46,1731.08,22648.9,-6502.37,181.05,266.58,-6321.32,-6054.74,,,,,
7981,1838.17,4108.32,5202.13,500.26,265.03,-184.93,-3922.57,-32145.7,1737.77,22706.39,-6424.23,176.59,104.88,-6247.64,-6142.76,,,,,
7991,1847.4,4201.67,5256.56,501.63,255.36,-178.3,-3886.46,-31983.96,1708.03,22719.46,-6562.92,178.11,441.37,-6384.81,-5943.43,,,,,
8001,1856.65,4211.7,5163.63,502.68,259.51,-186.81,-3927.17,-31955.92,1705.58,22741.19,-6633.15,177.83,371.03,-6455.32,-6084.29,,,,,
8011,1857.25,4193.91,5211.62,513.47,269.43,-201.38,-3869.44,-31902.52,1765.92,22750.23,-6694.41,183.21,588.49,-6511.2,-5922.7,,,,,
8021,1808.34,4119.23,5184.48,509.41,271.71,-164.32,-3893.23,-31837.57,1716.66,22641.98,-6627.33,180.63,356.68,-6446.7,-6090.02,,,,,
8031,1745.88,4255.89,5205.68,515.66,263.83,-211.38,-3916.77,-32052.04,1750.26,22663.38,-6458.63,177.56,220.41,-6281.07,-6060.66,,,,,
8041,1765.57,4101.68,5207.41,494.61,268.26,-190.46,-3884.03,-32122.43,1727.12,22675.02,-6336,180.97,42.77,-6155.03,-6112.26,,,,,
8051,1776.68,4150.94,5210.17,504.63,251.85,-188.27,-3910.44,-32282.97,1729.36,22796.32,-6312.71,178.9,38.26,-6133.8,-6095.54,,,,,
8061,1835.06,4218.38,5213.28,516.96,247.05,-205.11,-3927.13,-31975.01,1725.89,22688.61,-6511.39,174.37,337.99,-6337.02,-5999.03,,,,,
8071,1751.01,4282.09,5235.81,513.13,252.56,-193.19,-3971.02,-31948.2,1727.82,22638.48,-6469.11,173.38,288.5,-6295.74,-6007.23,,,,,
8081,1876.2,4125.88,5200.71,511.35,272.6,-190.51,-3911.45,-32001.39,1714.93,22606.05,-6399.76,178.1,204.37,-6221.66,-6017.29,,,,,
8091,1806.75,4094.41,5263.04,510.7,277.72,-205.72,-3951.57,-31953.29,1698.59,22802.3,-6589.26,176.94,342.94,-6412.33,-6069.39,,,,,
8101,1798.69,4217.7,5176.11,502.27,292.34,-198.8,-3910.64,-31816.91,1695.13,22583.66,-6604.93,182.3,339.55,-6422.63,-6083.08,,,,,
8111,1771.44,4228.19,5181.29,490.14,277.99,-197.13,-3890.67,-31930.54,1751.96,22667.26,-6522.9,182.5,349.93,-6340.4,-5990.47,,,,,
8121,1874.15,4200.21,5213.48,526.35,284.82,-191.96,-3863.86,-32002.12,1716.91,22663.95,-6503.89,184.54,421.93,-6319.35,-5897.42,,,,,
8131,1819.12,4191.54,5223.32,509.74,277.91,-208.84,-3896.15,-31771.72,1733.04,22671.18,-6671.36,183.04,549.14,-6488.33,-5939.19,,,,,
8141,1753.76,4212.72,5185.41,502.79,269.9,-204.03,-3918.69,-31865.02,1700.11,22773.5,-6635.59,182.5,410.45,-6453.09,-6042.64,,,,,
8151,1766.71,4193.86,5186.95,511.83,258.84,-175.26,-3847.9,-31908.09,1713.14,22654.91,-6562.87,184.18,355,-6378.69,-6023.69,,,,,
8161,1802.89,4219.37,5212.07,504.76,289.13,-199.27,-3903.68,-31874.66,1737.62,22695.94,-6624.27,182.69,484.19,-6441.57,-5957.38,,,,,
8171,1799.4,4232.12,5212.56,505.42,257.42,-187.19,-3924.51,-31742.11,1740.71,22702.85,-6720.58,184.82,596.65,-6535.76,-5939.11,,,,,
8181,1790.61,4176.43,5176.32,515.92,265.9,-194.8,-3917.38,-31787,1741.8,22705.95,-6690.25,185.05,473.73,-6505.2,-6031.47,,,,,
8191,1815.74,4200.52,5213.33,515.86,276.62,-189.12,-3846.59,-31827.48,1721.97,22620.66,-6594.22,182.5,501.51,-6411.71,-5910.2,,,,,
8201,1745.4,4158.95,5183.3,501.71,254.95,-193.76,-3892.72,-31942.67,1744.7,22735.68,-6547.27,181.3,295.53,-6365.98,-6070.45,,,,,
8211,1771.01,4140.66,5222.32,500.96,293.93,-191.36,-3858.66,-32010.88,1730.18,22655.85,-6489.98,179.81,253.99,-6310.18,-6056.18,,,,,
8221,1804.18,4154.51,5190.63,500.97,284.27,-200.99,-3871.64,-32056.4,1713.83,22641.2,-6425.67,183.31,160.55,-6242.36,-6081.81,,,,,
8231,1843.66,4244.26,5203.07,524.65,279.87,-204.68,-3888.05,-32067.28,1722.49,22674.77,-6453.25,180.91,332.76,-6272.34,-5939.58,,,,,
8241,1800,4223.73,5184.31,495.76,281.47,-177.19,-3963.42,-31735.1,1716.51,22681.46,-6655.3,180.71,507.54,-6474.59,-5967.05,,,,,
8251,1800.38,4216.31,5176.05,503.82,276.47,-172.16,-3846.59,-32019.91,1712.55,22576.84,-6431.8,182.84,223.76,-6248.96,-6025.21,,,,,
8261,1868.64,4169.44,5201.24,489.29,281.66,-191.18,-3879.13,-32018.96,1710.37,22590.41,-6454.48,182.05,221.8,-6272.42,-6050.63,,,,,
8271,1792.41,4152.71,5231.73,500.34,293.62,-201.17,-3886.27,-32002.15,1735.9,22729.28,-6469.2,178.52,346.39,-6290.68,-5944.3,,,,,
8281,1789.19,4082.32,5194.85,517.23,267.24,-180.42,-3869.08,-32007.08,1731.66,22764.32,-6551.38,183.46,290.22,-6367.92,-6077.7,,,,,
8291,1731.92,4254.3,5170.61,512.51,270.62,-188.05,-3920.41,-31807.26,1726.31,22630.66,-6596.62,178.13,381.21,-6418.49,-6037.28,,,,,
8301,1787.24,4216.42,5253.2,508.07,266.75,-191.73,-3900.83,-31913.9,1723.49,22637.63,-6555.71,179.56,386.33,-6376.15,-5989.82,,,,,
8311,1803.28,4216.68,5183.38,490.86,287.99,-202.16,-3855.6,-31990.85,1714.66,22729.24,-6547.24,181.72,377.47,-6365.52,-5988.05,,,,,
8321,1827.3,4257.14,5199.06,505.18,264.97,-172.69,-3929.33,-31751.58,1704.9,22512.64,-6596.97,180.74,417.59,-6416.23,-5998.64,,,,,
8331,1816.3,4247.29,5181.25,515.18,271.84,-201.4,-3902.99,-31956.41,1718.65,22696.55,-6559.54,183.09,386.25,-6376.45,-5990.2,,,,,
8341,1776.69,4157.55,5196.8,523.96,280.15,-190.74,-3876.31,-31869.96,1720.38,22619.77,-6533.23,179.88,338.28,-6353.35,-6015.07,,,,,
8351,1813.28,4201.82,5191.63,519.1,284.9,-193.64,-3913.73,-31880.48,1704.84,22619.4,-6580.83,182.51,347.11,-6398.32,-6051.21,,,,,
8361,1838.41,4186.78,5228.14,497.24,262.95,-193.55,-3867.62,-32053.35,1692.99,22675.62,-6472.01,183.98,267.63,-6288.03,-6020.41,,,,,
8371,1822.87,4168.51,5207.31,498.99,272.86,-188.24,-3859.28,-31873.71,1735.15,22567.4,-6532.91,186.59,351.87,-6346.32,-5994.46,,,,,
8381,1812.4,4244.26,5223.09,515.69,286.46,-185.98,-3927.12,-31863.71,1741.46,22611.74,-6503.17,183.18,458.3,-6319.99,-5861.69,,,,,
8391,1816.91,4157.17,5225.46,500.8,262.12,-201.48,-3825.53,-31896.62,1734.73,22662.44,-6568.38,186.06,435.99,-6382.32,-5946.33,,,,,
8401,1798.61,4255.04,5197.38,515.67,255.26,-233.11,-3876.85,-31799.73,1738.86,22540.22,-6622.34,183.42,391.33,-6438.92,-6047.58,,,,,
8411,1771.81,4145.3,5233.12,507.68,275.86,-194.28,-3910.52,-31784.46,1729.21,22601.13,-6637.33,181.21,374.85,-6456.11,-6081.27,,,,,
8421,1790.06,4156.72,5185.65,502.92,265.43,-181.14,-3879.46,-31894.62,1723.81,22704.32,-6652.77,181.24,373.69,-6471.53,-6097.84,,,,,
8431,1794.61,4182.93,5190.85,515.02,268.94,-180.51,-3866.25,-31921.05,1708.75,22712.53,-6573.69,180.99,405.82,-6392.69,-5986.88,,,,,
8441,1797.06,4166.89,5155.13,497.66,268.11,-173.45,-3823.65,-32052.07,1737.82,22699.34,-6499.08,185.39,272.84,-6313.68,-6040.84,,,,,
8451,1730.52,4142.19,5217.57,491.61,269.93,-175.78,-3906.67,-31817.24,1728.66,22645.24,-6604.71,184.33,326.04,-6420.38,-6094.34,,,,,
8461,1765.49,4208.2,5189.46,513.67,259.11,-192.98,-3886.65,-31860.15,1732.82,22641.38,-6609.21,185.58,370.35,-6423.63,-6053.27,,,,,
8471,1716.74,4245.56,5261.97,497.3,285.44,-186.21,-3874.45,-32131.61,1754.52,22700.39,-6388.56,180.18,269.66,-6208.38,-5938.72,,,,,
8481,1721.41,4173.25,5158.36,498.35,267.09,-185.12,-3899.2,-31907.56,1759.09,22713.95,-6572.73,178.54,299.62,-6394.2,-6094.58,,,,,
8491,1782.56,4122.79,5161.63,498.08,262.09,-186.34,-3822.86,-31742.21,1734.69,22598.18,-6690.81,181.53,408.6,-6509.28,-6100.68,,,,,
8501,1808.15,4154.9,5214.76,504.45,261.03,-182.08,-3915.72,-31952.21,1716.62,22677.45,-6480.63,182.92,287.34,-6297.71,-6010.37,,,,,
8511,1815.15,4177.81,5201.75,507.61,281.75,-205.06,-3875.83,-31813.05,1697.18,22574.36,-6591.49,179.86,361.68,-6411.63,-6049.95,,,,,
8521,1775.04,4184.2,5236.94,506.95,259.88,-198.37,-3864.81,-31865.8,1754,22680.78,-6584.54,184.74,468.82,-6399.8,-5930.98,,,,,
8531,1773.88,4205.48,5220.57,501.76,295.54,-195.36,-3877.13,-31805.69,1750.7,22637.09,-6622.26,183.43,506.84,-6438.83,-5931.99,,,,,
8541,1770.43,4216.97,5206.77,509.13,288.62,-196.61,-3904.86,-31906.99,1718.65,22671.04,-6576.1,183.1,373.14,-6393,-6019.86,,,,,
8551,1832.3,4202.3,5219.96,513.5,272.81,-184.73,-3880.45,-31829.57,1719.34,22670.01,-6610.05,181.7,535.48,-6428.35,-5892.87,,,,,
8561,1810.36,4122.67,5214.64,509.47,273.41,-185.49,-3868.4,-31862.06,1741.29,22672.47,-6625.07,184.64,428.37,-6440.44,-6012.07,,,,,
8571,1760.55,4218.46,5155.5,507.83,262.64,-176.37,-3850.71,-31766.71,1708.84,22603.33,-6671.85,185.34,423.37,-6486.51,-6063.14,,,,,
8581,1824.38,4202.02,5214.7,504.06,268.5,-186.29,-3872.93,-31829.48,1695.7,22580.11,-6612.33,182.62,400.78,-6429.71,-6028.93,,,,,
8591,1796.57,4211.19,5214.07,517.75,274.34,-179.14,-3857.29,-31844.25,1735.2,22583.96,-6590.37,183.7,452.42,-6406.67,-5954.24,,,,,
8601,1717.85,4179.16,5219.11,486.35,269.15,-182.3,-3890.62,-31783.82,1724.29,22700.72,-6678.04,180.24,439.9,-6497.79,-6057.89,,,,,
8611,1823.44,4140.66,5171.56,500.69,268.88,-191.11,-3864.12,-31805.55,1718.6,22595.4,-6591.04,181.2,358.45,-6409.84,-6051.39,,,,,
8621,1884.44,4240.96,5197.12,519.69,263.36,-192.15,-3916.69,-31979.7,1727.62,22522.45,-6376.36,184.47,267.09,-6191.88,-5924.8,,,,,
8631,1810.4,4157.32,5175.55,511.91,248.48,-168.34,-3923,-31829.5,1731.48,22623.74,-6576.93,179.59,338.04,-6397.34,-6059.3,,,,,
8641,1764.06,4134.61,5150.47,499.06,273.02,-184.5,-3867.77,-31963.98,1725.44,22694.62,-6529.92,185.2,225.02,-6344.72,-6119.7,,,,,
8651,1841.61,4217.78,5185.16,513.99,292.22,-164.75,-3883.55,-32207.68,1700.63,22631.4,-6316.35,182.24,126.8,-6134.11,-6007.31,,,,,
8661,1869.03,4148.14,5203.25,510.36,281.44,-173.29,-3861.94,-31922.39,1715.84,22599.1,-6491.12,179.99,369.54,-6311.14,-5941.6,,,,,
8671,1825.26,4156.84,5181.5,526.06,269.3,-195.39,-3793.22,-31970.78,1726.86,22699.58,-6550.63,185.58,426.01,-6365.05,-5939.04,,,,,
8681,1811.9,4111.73,5165.77,506.63,286.79,-191.01,-3898.49,-31843.27,1695.44,22690.38,-6618.6,181.95,335.86,-6436.65,-6100.79,,,,,
8691,1813.98,4098.32,5214.68,502.19,266.44,-178.33,-3892.6,-32002.49,1746.77,22602.93,-6463.62,181.7,171.89,-6281.92,-6110.03,,,,,
8701,1828.45,4167.25,5249.83,497.05,267.78,-198.37,-3898.71,-32031.3,1749.81,22660.66,-6450.81,179.54,292.46,-6271.27,-5978.81,,,,,
8711,1803.02,4152.22,5188.41,507.98,271.93,-194.96,-3896.42,-31998.63,1747.54,22706.02,-6493.8,181.56,287.1,-6312.24,-6025.14,,,,,
8721,1748.73,4174.21,5225.55,503.84,290.9,-188.84,-3940.02,-31961.43,1757.04,22719.51,-6489.44,182.57,329.5,-6306.87,-5977.37,,,,,
8731,1880.42,4139.54,5205.53,512.64,263.03,-161.32,-3871.48,-31973.15,1737.14,22590.89,-6485.05,180.06,323.24,-6304.99,-5981.75,,,,,
8741,1820.45,4213.24,5233.03,496.61,289.12,-190.89,-3949.19,-32071.3,1730.94,22668.86,-6365.18,177.45,240.86,-6187.73,-5946.86,,,,,
8751,1769.17,4181.83,5221.58,493.02,282.87,-169.33,-3890.95,-32124.82,1692,22688.27,-6383.04,180.82,143.64,-6202.22,-6058.58,,,,,
8761,1821.7,4160.23,5210.18,520.91,289.92,-168.8,-3914.33,-32037.92,1736.48,22750.03,-6491.21,179.87,368.41,-6311.34,-5942.93,,,,,
8771,1703.43,4153.26,5186.82,506.37,282.39,-175.41,-3808.42,-32319.8,1734.97,22905.47,-6365.9,182.39,169.08,-6183.51,-6014.43,,,,,
8781,1815.91,4090.89,5215.63,505.69,278,-187.21,-3884.97,-32077.48,1729.06,22736.66,-6422.35,181.63,222.19,-6240.72,-6018.53,,,,,
8791,1785.94,4124.25,5171.9,505.09,256.22,-173.08,-3902.05,-31979.72,1722.53,22665.75,-6440.08,180.83,176.84,-6259.25,-6082.41,,,,,
8801,1783.32,4157.97,5175.06,485.49,280.47,-186.67,-3876.26,-31823.25,1715.26,22577.43,-6532.09,184.4,288.82,-6347.7,-6058.87,,,,,
8811,1843.77,4185.55,5224.96,506.45,281.41,-187.46,-3840.32,-32071.96,1707.21,22624.25,-6433.99,181.8,273.86,-6252.19,-5978.33,,,,,
8821,1755.85,4156.25,5152.18,507.91,277.33,-175.62,-3898.45,-32113.64,1719.3,22807.41,-6414.34,180.44,188.52,-6233.9,-6045.38,,,,,
8831,1799.48,4105.9,5200.1,496.94,268.71,-209.12,-3869.58,-32100.69,1713.93,22746.48,-6402.14,183.25,152.15,-6218.89,-6066.74,,,,,
8841,1817.21,4150.39,5200.8,499.53,274.01,-184.74,-3967.13,-32199.81,1733.73,22759.89,-6300.75,176.56,83.89,-6124.19,-6040.3,,,,,
8851,1839.93,4124.65,5234.23,497.41,263.27,-174.79,-3867.98,-32390.89,1719.43,22777.85,-6208.69,178.23,23.1,-6030.46,-6007.35,,,,,
8861,1826.53,4207.1,5187.56,502.19,262.05,-176.11,-3893.15,-32127.58,1704.2,22636.15,-6366.23,178.96,128.93,-6187.27,-6058.34,,,,,
8871,1797.88,4192.06,5197.51,502.05,275.49,-200.32,-3862.12,-32156.8,1708.98,22656.44,-6371.52,179.51,111.17,-6192.02,-6080.85,,,,,
8881,1826.38,4301.19,5220.72,525.77,275.68,-175.03,-3906.37,-31802.02,1699.5,22655.02,-6637.8,182.37,620.84,-6455.43,-5834.59,,,,,
8891,1757.28,4201.82,5188.76,526.29,276.95,-172.7,-3867.49,-31837.6,1733.27,22628.41,-6563.47,185.42,434.99,-6378.05,-5943.06,,,,,
8901,1795.76,4174.4,5173.21,501.63,276.73,-176.17,-3894.58,-31818.59,1731.49,22639.26,-6608.78,181.08,403.13,-6427.7,-6024.57,,,,,
8911,1828.99,4144.99,5249.15,487.17,271.35,-201.21,-3863.97,-31842.04,1725.6,22693.87,-6660.99,183.69,493.89,-6477.3,-5983.41,,,,,
8921,1787.18,4145.39,5214.45,496.56,261.15,-164.34,-3861.76,-32010.64,1741.76,22699.35,-6544.54,185.12,309.12,-6359.42,-6050.3,,,,,
8931,1833.28,4226.44,5194.86,511.67,267.96,-182.43,-3897.91,-32007.29,1715.09,22737.35,-6515.05,181.37,399.02,-6333.68,-5934.66,,,,,
8941,1827.47,4142.23,5171.93,507.09,273.33,-180.97,-3875.21,-31981.26,1742.33,22618.14,-6492.05,179.93,245.07,-6312.13,-6067.06,,,,,
8951,1814.87,4200.41,5144.01,521.21,273.87,-168.02,-3892.03,-31841.38,1724.88,22541.76,-6517.01,180.58,319.58,-6336.43,-6016.84,,,,,
8961,1837.38,4137.49,5213.89,512.16,288.66,-172.04,-3809.1,-31938.02,1690.81,22550.55,-6520.19,185.88,311.77,-6334.31,-6022.54,,,,,
8971,1751.42,4146.15,5161,482.91,264.23,-151.71,-3894.96,-31876.75,1703.62,22636.52,-6525.39,182.66,222.44,-6342.73,-6120.29,,,,,
8981,1775.2,4175.24,5214.1,495.78,278.96,-196.24,-3863.14,-32222.66,1727.88,22724.09,-6320.04,181.29,109.22,-6138.75,-6029.53,,,,,
8991,1808.85,4205.02,5163.66,500.19,292.76,-184.31,-3893.35,-32020.51,1715.13,22556.68,-6376.26,180.46,144.14,-6195.8,-6051.67,,,,,
9001,1793.65,4149.13,5196.48,501.09,271.59,-172.67,-3875.57,-32137.87,1702.78,22694.71,-6348.42,182.68,123.33,-6165.74,-6042.41,,,,,
9011,1800.51,4203.82,5168.25,503.11,278.9,-159.8,-3886.1,-32047.89,1730.97,22587.88,-6400.21,180.09,179.65,-6220.12,-6040.47,,,,,
9021,1807.2,4197.65,5194.29,502.63,282.88,-191.58,-3874.59,-31868.89,1725.97,22621.46,-6513.07,180.96,397.03,-6332.11,-5935.07,,,,,
9031,1778.93,4122.14,5174.44,495.4,274.82,-188.26,-3870.91,-31962.02,1702.12,22621.43,-6427.33,180.49,148.08,-6246.85,-6098.76,,,,,
9041,1790.79,4082.79,5211.8,516.91,275.4,-189.24,-3859.41,-31953.81,1760.58,22628.23,-6471.45,182.58,264.05,-6288.87,-6024.82,,,,,
9051,1807.64,4175.89,5170.06,493.8,270.87,-179.03,-3880.34,-31892.96,1727.61,22478.32,-6444.81,179.61,171.89,-6265.2,-6093.31,,,,,
9061,1833.07,4159.65,5168.99,507.84,268.76,-188.42,-3881.32,-31873.04,1715.42,22560.46,-6541.11,177.78,271.41,-6363.32,-6091.92,,,,,
9071,1806.43,4207.42,5176.33,502.78,294.74,-195.19,-3871.21,-32019.13,1717.78,22593.98,-6417.53,180.68,213.93,-6236.85,-6022.92,,,,,
9081,1782.37,4255.37,5165.14,504.86,285.59,-231.39,-3804.69,-31817.07,1739.07,22573.13,-6601.63,184.78,452.37,-6416.85,-5964.48,,,,,
9091,1764.54,4177.26,5232.56,492.66,261.78,-214.05,-3907.83,-32055.26,1716.53,22682.9,-6436.03,180.18,151.09,-6255.84,-6104.76,,,,,
9101,1839.73,4119.34,5203.28,507.31,309.68,-191.3,-3865.17,-31967.2,1750.56,22548.28,-6423.87,184.75,254.5,-6239.12,-5984.62,,,,,
9111,1753.55,4173.92,5181.47,512.94,268.13,-177.37,-3879.06,-31810.76,1713.54,22621.05,-6586.58,183.55,357.43,-6403.02,-6045.6,,,,,
9121,1825.63,4140.77,5195.61,510.86,263.49,-173.37,-3861.57,-31965.78,1766.37,22548.83,-6447.93,183.42,250.82,-6264.52,-6013.69,,,,,
9131,1718.97,4188.22,5225.65,509.52,277.84,-205.4,-3827.53,-31987.85,1725.93,22573.1,-6426.54,183.61,198.43,-6242.93,-6044.5,,,,,
9141,1778.6,4175.37,5173.87,481.12,289.52,-190.89,-3876.73,-31991.51,1762.08,22521.25,-6372.08,181.27,122.66,-6190.81,-6068.15,,,,,
9151,1775.19,4138.82,5216.23,497.43,303.4,-205.73,-3836.36,-31916.77,1737.99,22533.64,-6473.53,186.2,243.83,-6287.33,-6043.5,,,,,
9161,1721.25,4162.23,5169.6,499.79,288.99,-190.43,-3904.29,-31898.14,1746.12,22618.62,-6457.49,186.08,213.73,-6271.4,-6057.68,,,,,
9171,1855.92,4148.18,5161.85,505.85,269.4,-174.7,-3865.12,-32044.4,1694.86,22658.34,-6442.47,185.96,210.19,-6256.51,-6046.32,,,,,
9181,1877.14,4206.13,5232.66,503.61,284.69,-197.18,-3932.78,-32005.67,1714.98,22583.44,-6359.3,181.29,267.02,-6178.01,-5910.99,,,,,
9191,1770.76,4237.08,5187.08,500.19,283.8,-182.71,-3882.63,-31972.84,1722.45,22574.59,-6412.78,185.8,237.78,-6226.99,-5989.21,,,,,
9201,1866.56,4158.05,5197.65,500.96,292.91,-181.72,-3917.11,-31914.65,1714.78,22622.27,-6493.18,182.94,339.7,-6310.24,-5970.54,,,,,
9211,1807.27,4150.57,5219.9,502.99,293.68,-189.95,-3917.33,-31937.65,1722.44,22597.51,-6413.82,181.61,249.44,-6232.21,-5982.77,,,,,
9221,1763.41,4199.54,5214.25,507.96,268.22,-194.41,-3878.33,-32159.14,1745.87,22614.05,-6280.45,179.5,81.43,-6100.94,-6019.51,,,,,
9231,1795.9,4205.61,5192.2,516.49,275.62,-182.1,-3878.03,-32210.1,1725.88,22643.77,-6260.48,183.26,85.24,-6077.22,-5991.98,,,,,
9241,1798.21,4159.84,5237.51,476.44,270.33,-202.75,-3850.75,-32219.47,1755.47,22714.6,-6305.58,182.6,139.43,-6122.98,-5983.54,,,,,
9251,1789.58,4176.32,5192.86,506.87,255.31,-188.95,-3868.04,-32031.87,1708.58,22596.61,-6406.18,187.45,137.29,-6218.73,-6081.45,,,,,
9261,1773.08,4198.02,5161.44,497.82,254.82,-218.32,-3872.51,-31938.47,1731.38,22505.61,-6443.41,182.96,92.88,-6260.45,-6167.57,,,,,
9271,1820.79,4194.04,5183.83,514.86,284.56,-188.77,-3882.87,-32162.14,1736.38,22645.71,-6323.58,180.31,146.39,-6143.27,-5996.88,,,,,
9281,1809.01,4190.61,5142.52,514.89,281.11,-172.05,-3828.55,-32122.28,1741.07,22636.07,-6343.41,182.21,192.41,-6161.19,-5968.78,,,,,
9291,1793.76,4135.46,5210.86,507.92,294.46,-168.73,-3852.55,-31906.33,1721.5,22570.39,-6453.87,180.19,306.74,-6273.69,-5966.95,,,,,
9301,1762.33,4219.96,5168.52,498.63,278.93,-200.39,-3884.87,-31927.57,1691.79,22550.48,-6435.47,181.95,157.82,-6253.52,-6095.7,,,,,
9311,1789.7,4175.31,5141.44,519.97,274.52,-194.51,-3909.48,-32041.16,1739.6,22567.91,-6334.6,181.49,63.3,-6153.11,-6089.81,,,,,
9321,1851.19,4119.42,5215.32,518,273.07,-204.52,-3853.34,-31837.73,1732.69,22438.2,-6478.97,182.18,252.3,-6296.78,-6044.48,,,,,
9331,1756.74,4159.34,5200.09,502.29,269.66,-183.73,-3782.19,-32033.46,1773.32,22538.1,-6405.36,181.22,200.18,-6224.15,-6023.97,,,,,
9341,1788.14,4256.97,5221.23,506.34,273.14,-200.35,-3851.58,-31848.9,1694.54,22476.52,-6505.6,181.18,316.05,-6324.42,-6008.37,,,,,
9351,1782.45,4233.15,5154.05,515.48,276.29,-178.51,-3932.58,-31961.8,1728.93,22611,-6469.3,180.95,228.46,-6288.35,-6059.89,,,,,
9361,1857.82,4106.36,5178.75,520.11,248.48,-176.47,-3870.65,-31903.57,1713.12,22561.49,-6453.23,178.6,235.45,-6274.63,-6039.18,,,,,
9371,1819.75,4125.8,5175.55,514.5,286.64,-196.04,-3837.48,-32033.41,1744.32,22622.14,-6451.61,178.98,221.75,-6272.63,-6050.88,,,,,
9381,1760.82,4209.77,5194.45,500.76,274.9,-212.58,-3902.98,-31968.21,1751.65,22723.59,-6527.54,180.24,332.18,-6347.3,-6015.13,,,,,
9391,1829.87,4184.66,5147.67,510.99,266.44,-196.15,-3873.2,-32043.54,1709.44,22642.44,-6416.8,182.42,178.63,-6234.38,-6055.75,,,,,
9401,1804.68,4154.09,5165.66,513.66,243.54,-190.82,-3869.12,-32029.14,1762.2,22724.77,-6507.61,181.6,279.53,-6326.01,-6046.48,,,,,
9411,1782,4245.75,5148.33,505.57,275.52,-175.39,-3868.99,-32019.1,1727.71,22629.08,-6419.87,178.65,250.49,-6241.22,-5990.74,,,,,
9421,1799.08,4150.89,5156.48,507.74,252.61,-188.02,-3862.98,-32105.78,1704.14,22710.02,-6432.79,183.12,124.17,-6249.67,-6125.5,,,,,
9431,1857.92,4187.26,5197.62,508.88,278.69,-205.28,-3847.65,-32014.5,1713.23,22623.84,-6471.88,181.04,300.02,-6290.84,-5990.83,,,,,
9441,1781.92,4247.47,5152.44,502.54,267.56,-176.86,-3843.64,-32014.25,1765.65,22632.27,-6515.47,184.75,315.1,-6330.71,-6015.61,,,,,
9451,1812.39,4168.85,5205.34,503.71,284.99,-199.85,-3900.02,-31861.15,1734.01,22621.84,-6602.1,182.14,370.11,-6419.96,-6049.85,,,,,
9461,1824.06,4145.78,5199.37,510.09,262.16,-176.88,-3905.53,-32044.71,1742.01,22622,-6387.01,178.22,178.35,-6208.79,-6030.43,,,,,
9471,1887.5,4213.6,5229.51,517.61,264.62,-185.9,-3908.54,-31988.78,1688.82,22652.1,-6503.96,180.67,370.55,-6323.29,-5952.74,,,,,
9481,1778.56,4192.65,5170.85,499.89,281.65,-198.63,-3927.8,-31941.72,1727.17,22646.78,-6515.83,178.27,229.4,-6337.57,-6108.17,,,,,
9491,1807.91,4188.79,5163.51,513.39,273.08,-181.84,-3899.49,-32041.69,1746.58,22712.6,-6499.02,180.72,282.85,-6318.3,-6035.46,,,,,
9501,1826.17,4158,5185.98,496.05,242.85,-204.14,-3911.01,-32014.79,1722.34,22752.01,-6471.87,180.47,253.45,-6291.39,-6037.94,,,,,
9511,1765.18,4154.77,5133.22,506.25,282.55,-170.51,-3876.11,-31925.79,1725.39,22645.27,-6533.95,182.23,240.22,-6351.72,-6111.5,,,,,
9521,1775.03,4280.51,5186.96,493.55,265.21,-225.17,-3877.3,-32125.05,1718.03,22626.23,-6349.45,181.6,117.99,-6167.85,-6049.86,,,,,
9531,1778.32,4211.08,5169.47,503.2,269.17,-172.86,-3851.98,-31951.45,1722.79,22606.96,-6459.54,180.62,284.7,-6278.92,-5994.22,,,,,
9541,1829.13,4207.07,5167.89,507.31,297.9,-191.86,-3914.27,-32215.85,1699.15,22650.09,-6283.45,179.19,36.56,-6104.26,-6067.69,,,,,
9551,1863.53,4143.77,5167.53,504.45,266.16,-185.88,-3878.36,-31960.66,1737.18,22739.79,-6558.33,179.61,397.51,-6378.73,-5981.22,,,,,
9561,1796.7,4161.88,5187.58,518.15,297.79,-154.5,-3903.85,-32040.47,1718.5,22699.43,-6424.05,178.71,281.22,-6245.34,-5964.12,,,,,
9571,1739.39,4169.63,5163.97,498.68,288.36,-180.01,-3856.64,-32230.4,1750.68,22755.98,-6332.67,179.69,99.63,-6152.97,-6053.34,,,,,
9581,1825.4,4194.57,5169.41,496.1,271.16,-193.61,-3915.83,-32083.28,1700.46,22645.76,-6338.34,180.23,110.14,-6158.11,-6047.96,,,,,
9591,1799.72,4160.02,5193.62,517.67,270.04,-193.6,-3928.61,-31964.36,1723.07,22640.72,-6447.88,184.59,218.29,-6263.29,-6045,,,,,
9601,1804.36,4189.92,5145.57,501.37,270.97,-168.22,-3827.44,-32039.53,1736.65,22606.87,-6417.01,181,220.52,-6236.01,-6015.49,,,,,
9611,1767.47,4226.06,5189.66,523.22,272.21,-191.99,-3904.52,-31911.17,1771.45,22542.88,-6398.52,180.49,285.28,-6218.03,-5932.75,,,,,
9621,1837.24,4249.23,5220.55,517.01,272.67,-165.39,-3897.55,-31894.27,1716.5,22489.62,-6468,180.13,345.61,-6287.88,-5942.27,,,,,
9631,1811.44,4147.18,5184.82,509.23,285.37,-196.75,-3834.44,-32034.64,1720.51,22597.68,-6380.74,183.97,190.41,-6196.76,-6006.36,,,,,
9641,1796.56,4179.99,5171.94,496.19,278.52,-172.84,-3849.69,-31952.1,1716.4,22602.15,-6463.71,181.88,267.12,-6281.83,-6014.71,,,,,
9651,1789.16,4183.01,5153.51,514.79,257.69,-183.59,-3878.72,-31691.44,1744.49,22596.55,-6686.24,183.9,485.47,-6502.34,-6016.87,,,,,
9661,1807.71,4150.92,5165.6,502.19,301.92,-183.13,-3893.98,-31816.85,1743.3,22605.22,-6584.81,184.97,382.9,-6399.84,-6016.93,,,,,
9671,1852.32,4181.01,5201.68,514.72,292,-200.6,-3872.62,-31861.56,1737.15,22526.89,-6468.01,186.23,370.99,-6281.78,-5910.79,,,,,
9681,1761.09,4177.74,5194.58,500.33,282.9,-187.32,-3929.95,-31913.44,1745.81,22539.54,-6419.46,179.26,171.28,-6240.21,-6068.93,,,,,
9691,1764.65,4140.15,5202.4,514.65,266.67,-185.02,-3885.66,-31868.37,1726.57,22509.41,-6507.21,183.28,185.43,-6323.93,-6138.5,,,,,
9701,1836.96,4240.01,5214.99,511.26,288.28,-189.67,-3892.09,-31768.31,1716.31,22502.31,-6592.24,183.36,460.04,-6408.87,-5948.83,,,,,
9711,1777.31,4139.71,5152.12,501.56,279.64,-174.52,-3920.13,-32013.23,1709.26,22577.71,-6384,179.02,29.43,-6204.99,-6175.56,,,,,
9721,1817.67,4263.55,5179.21,502.09,293.78,-196.72,-3840.09,-31984.26,1682.49,22541.93,-6397.19,181.98,259.65,-6215.21,-5955.56,,,,,
9731,1739.1,4279.49,5143.29,510.64,297.48,-167.01,-3859.99,-31972.44,1753.06,22580.69,-6415.7,181.03,304.32,-6234.67,-5930.35,,,,,
9741,1793.23,4272.32,5180.57,505.94,278.68,-179.33,-3890.74,-31947.03,1720.58,22547.48,-6439.83,178.48,281.7,-6261.35,-5979.64,,,,,
9751,1818.43,4207.38,5189.45,502.49,302.16,-158.62,-3911.28,-31789.94,1729.28,22598.31,-6600.94,184.21,487.66,-6416.72,-5929.06,,,,,
9761,1731.72,4266.23,5216.82,505.54,272.85,-195.07,-3923.28,-31992.86,1750.24,22542.63,-6412.49,181.44,174.81,-6231.05,-6056.24,,,,,
9771,1779.08,4160.38,5226.15,514.31,271.33,-180.32,-3896.74,-31925.82,1741.81,22581.67,-6459.22,179.76,271.86,-6279.46,-6007.6,,,,,
9781,1772.79,4152.5,5170.76,486.43,279.49,-154.23,-3891.84,-32075.54,1730.68,22614,-6390.39,180.13,85.04,-6210.26,-6125.22,,,,,
9791,1750.76,4195.95,5216.64,488.03,268.76,-207.58,-3906.31,-31839.07,1719.47,22552.47,-6539.2,183.85,239.12,-6355.34,-6116.22,,,,,
9801,1793.44,4242.28,5211.76,518.35,282.97,-194.38,-3872.93,-31626.06,1755.59,22451.98,-6626.21,181.81,563,-6444.39,-5881.39,,,,,
9811,1782.62,4128.65,5168.8,514.38,275.6,-203.15,-3844.86,-31900.75,1741.01,22639.58,-6532.67,182.18,301.88,-6350.5,-6048.61,,,,,
9821,1875.6,4193.83,5229.18,528.95,267.45,-195.41,-3915.74,-31818.97,1742.9,22398.3,-6456.29,182.15,306.11,-6274.15,-5968.04,,,,,
9831,1822.41,4061.97,5202.63,499.39,300.46,-178.91,-3893.67,-31851.09,1723.3,22531.76,-6474.88,181.66,218.25,-6293.21,-6074.96,,,,,
9841,1810.19,4118.9,5205.76,501,275.34,-198.49,-3860.5,-31779.49,1741.02,22549.51,-6587.63,183.05,363.23,-6404.59,-6041.36,,,,,
9851,1710.37,4222.19,5181.05,511.76,278.1,-229.4,-3900.8,-31908.83,1752.08,22598.22,-6505.72,179.93,214.74,-6325.79,-6111.05,,,,,
9861,1804.92,4230.4,5161.43,507.97,275.34,-187.93,-3802.97,-31868.33,1746.94,22569.93,-6515.52,184.17,437.69,-6331.35,-5893.65,,,,,
9871,1778.55,4292.89,5205.89,514.37,277.68,-190.8,-3920.08,-31908.54,1731.83,22491.09,-6426.2,181.15,272.87,-6245.05,-5972.18,,,,,
9881,1787.58,4215.28,5160.36,513.88,281.68,-184.91,-3892.93,-31798.79,1726.34,22500.34,-6507.79,182.78,308.81,-6325.02,-6016.2,,,,,
9891,1760.23,4189.76,5208.21,498.01,258.57,-176.55,-3878.46,-31929.84,1740.86,22595.54,-6444.75,182.57,266.33,-6262.18,-5995.85,,,,,
9901,1767.56,4173.45,5198.38,510.21,275,-193.75,-3845.6,-32015.77,1747.35,22585.1,-6399.55,178.83,201.93,-6220.72,-6018.79,,,,,
9911,1823.94,4152.24,5221.48,523.92,291.91,-206.34,-3817.68,-31983.94,1705.66,22663.2,-6506.56,182.28,374.41,-6324.28,-5949.87,,,,,
9921,1848.35,4170.71,5219.09,504.73,289.08,-207.2,-3922.71,-31676.26,1693.58,22471.03,-6606.52,184.8,390.41,-6421.72,-6031.31,,,,,
9931,1735.94,4163.28,5200.37,501.96,263.79,-182.96,-3871.17,-31685.14,1737.79,22566.08,-6670.97,184.75,429.95,-6486.22,-6056.28,,,,,
9941,1778.72,4287.83,5232.26,521.44,276.67,-179.22,-3861.41,-31606.36,1723.68,22479.01,-6729.9,185.18,652.62,-6544.73,-5892.11,,,,,
9951,1710.36,4194.13,5160.19,495.96,273.42,-188.96,-3873.79,-31814.34,1742.56,22522.55,-6541.32,180.5,222.07,-6360.82,-6138.76,,,,,
9961,1835.51,4153.41,5197.95,491.79,276.28,-195.13,-3848.25,-31924.52,1742.98,22511.38,-6461.26,181.91,241.4,-6279.34,-6037.94,,,,,
9971,1787.55,4218.05,5227.83,519.91,305.61,-189.42,-3869.79,-31813.17,1713.78,22543.39,-6585.69,184.1,443.75,-6401.6,-5957.85,,,,,
9981,1830.12,4213.51,5177.74,523.1,280.68,-185.63,-3890.21,-31731.32,1724.83,22576.15,-6708.39,184.56,518.96,-6523.83,-6004.87,,,,,
9991,1807.32,4162.45,5229.22,512.94,269.6,-159.35,-3863.46,-31862.14,1745.92,22639.31,-6623.37,185.74,481.81,-6437.63,-5955.81,,,,,
10001,1802.31,4183.75,5221.33,521.17,278.37,-199.54,-3861,-31955.94,1720.76,22666.3,-6568.7,185.55,377.5,-6383.15,-6005.65,,,,,
,,,,,,,,,,,,,,,,,,,,
Ligand Energy Terms,,,,,,,,,,,,,,,,,,,,
Frame #,BOND,ANGLE,DIHED,UB,IMP,CMAP,VDWAALS,EEL,1-4 VDW,1-4 EEL,EGB,ESURF,GGAS,GSOLV,TOTAL,,,,,
1,14.77,267.79,16.69,0,0.12,0,-4.13,44.24,27.89,-74.38,-68.95,3.67,292.98,-65.29,227.69,,,,,
11,23.5,281.27,13.68,0,0.15,0,-2.88,45.56,24.55,-73.25,-72.14,3.65,312.58,-68.49,244.09,,,,,
21,15.25,269.67,14.84,0,0.8,0,-2.99,45.25,29.91,-73.29,-69.06,3.7,299.44,-65.36,234.08,,,,,
31,16.05,277.65,14.51,0,0.09,0,-1.96,43.67,24.74,-72.69,-71.02,3.69,302.05,-67.32,234.73,,,,,
41,11.48,277.62,15.23,0,0.18,0,0.3,44.54,29.09,-73.7,-71.08,3.65,304.74,-67.43,237.31,,,,,
51,14.1,280.25,12.69,0,0.27,0,-4.26,43.77,28.01,-72.13,-70.86,3.69,302.7,-67.17,235.53,,,,,
61,9.57,278.41,16.7,0,0.06,0,-0.78,45.12,27.22,-73.36,-70.43,3.67,302.93,-66.75,236.18,,,,,
71,10.8,280.8,16.82,0,0.18,0,2.41,43.4,30.43,-73.19,-70.27,3.69,311.66,-66.57,245.08,,,,,
81,10.89,281.08,11.94,0,0.31,0,-2.08,43.11,26.22,-71.79,-70.7,3.74,299.7,-66.97,232.73,,,,,
91,14,273.74,13.99,0,0.28,0,-3.01,44.13,25.32,-73.83,-69.88,3.7,294.62,-66.18,228.44,,,,,
101,18.68,265.7,13.93,0,0.43,0,-1.22,44.74,29.3,-74.48,-70.45,3.66,297.07,-66.79,230.28,,,,,
111,9.35,282.38,14.91,0,0.37,0,-2.9,44.32,28.81,-73.28,-70.21,3.69,303.97,-66.52,237.44,,,,,
121,17.18,269.78,11.99,0,0.09,0,-3.98,44.47,24.16,-73.46,-69.85,3.69,290.23,-66.16,224.07,,,,,
131,15.23,273.07,12.9,0,0.16,0,-3.17,44.47,28.26,-72.81,-70.44,3.67,298.1,-66.77,231.33,,,,,
141,16.42,274.58,11.82,0,0.99,0,-3.31,44.72,25.47,-72.73,-71.32,3.68,297.96,-67.64,230.31,,,,,
151,13.89,279.13,16.03,0,0.54,0,-1.27,44.63,25.97,-73.89,-68.77,3.68,305.02,-65.09,239.93,,,,,
161,15.72,272.42,18.16,0,0.04,0,-2.96,44.95,26.44,-73.31,-71.82,3.66,301.47,-68.15,233.32,,,,,
171,17.85,264.56,16.48,0,0.39,0,-3.4,44.28,28.02,-72.84,-70.63,3.68,295.34,-66.95,228.38,,,,,
181,14.81,273.96,19.4,0,0.21,0,-2.45,44.81,26.77,-73.13,-70.74,3.66,304.38,-67.08,237.3,,,,,
191,20.8,275.77,16.14,0,0.19,0,0.05,45.27,28.03,-73.81,-70.03,3.68,312.43,-66.35,246.08,,,,,
201,11.92,267.83,17,0,0.18,0,-4.79,44.84,31.13,-73.28,-70.51,3.69,294.83,-66.82,228.01,,,,,
211,14.26,276.41,15.81,0,0.27,0,-2.06,44.73,27.76,-72.44,-70.45,3.67,304.75,-66.78,237.97,,,,,
221,14.6,283.88,16.38,0,0.06,0,-0.33,43.34,25.27,-72.5,-70.25,3.68,310.69,-66.58,244.12,,,,,
231,17.83,278.14,19.37,0,0.12,0,-2.77,44.64,25.05,-73.74,-69.44,3.72,308.65,-65.73,242.92,,,,,
241,16.82,272.66,10.62,0,0.17,0,-1.27,44.93,27.02,-72.53,-72.01,3.68,298.42,-68.33,230.09,,,,,
251,11,287.3,12.35,0,0.96,0,-2.15,44.68,25.4,-73.66,-70.35,3.71,305.88,-66.64,239.24,,,,,
261,16.98,276.56,13.85,0,0.18,0,-4.45,43.56,24.7,-72.63,-69.83,3.68,298.76,-66.16,232.6,,,,,
271,14.95,273.71,16.26,0,0.08,0,-1.11,43.97,28.88,-73.71,-70.14,3.7,303.03,-66.44,236.6,,,,,
281,14.62,276.08,14.57,0,0.71,0,0.01,45.77,26.36,-73.23,-69.85,3.69,304.89,-66.17,238.72,,,,,
291,9.61,283.15,13.96,0,0.22,0,-2.16,43.96,28.77,-72.86,-70.92,3.68,304.65,-67.24,237.41,,,,,
301,14.63,276.88,12.01,0,0.22,0,-2.9,45.33,26.58,-73.52,-71.72,3.66,299.23,-68.06,231.17,,,,,
311,11.06,278.88,16.37,0,0.29,0,-2.02,44.41,28.28,-74.07,-70.33,3.69,303.2,-66.64,236.56,,,,,
321,11.21,282.56,15.99,0,0.06,0,-0.88,43.6,24.96,-73.63,-69.12,3.7,303.88,-65.43,238.45,,,,,
331,20.67,271.84,18.43,0,0.07,0,-2.64,43.63,30.29,-72.13,-70.63,3.66,310.18,-66.97,243.21,,,,,
341,13.68,274.31,14.55,0,0.37,0,-3.18,44.27,29.42,-74.12,-68.54,3.67,299.3,-64.87,234.43,,,,,
351,13.34,283.45,11.48,0,0.33,0,-2.28,44.04,26.1,-71.84,-70.34,3.68,304.62,-66.66,237.96,,,,,
361,14.43,282.62,14.66,0,0.04,0,-2.11,44.46,27.45,-72.65,-72.43,3.71,308.9,-68.72,240.18,,,,,
371,12.56,279.6,14.15,0,0.2,0,1.01,45.68,27.28,-73.81,-69.63,3.69,306.67,-65.94,240.73,,,,,
381,15,279.29,10.74,0,1.21,0,-0.45,44.66,24.63,-72.05,-71.77,3.66,303.04,-68.11,234.93,,,,,
391,14.65,273.33,16.57,0,0.16,0,-2.65,43.68,27.06,-72.77,-70.92,3.72,300.02,-67.2,232.81,,,,,
401,19.22,279.18,15.19,0,0.15,0,0.11,43.71,28.2,-74.16,-70.39,3.69,311.6,-66.71,244.89,,,,,
411,19.12,288.35,14.64,0,0.44,0,-1.54,45.69,24.85,-73.39,-71.65,3.69,318.16,-67.96,250.2,,,,,
421,13.31,283.36,15.22,0,0.36,0,-3.07,43.9,26.37,-73.75,-70.96,3.7,305.7,-67.26,238.44,,,,,
431,18.32,268.7,17.08,0,0.32,0,-3.9,43.98,30.29,-72.82,-71.41,3.69,301.97,-67.72,234.25,,,,,
441,16.94,274.01,13.59,0,0.86,0,-0.42,45.23,29.62,-74.81,-70.02,3.69,305.02,-66.33,238.68,,,,,
451,19.45,278.72,13.81,0,0.63,0,-4.41,44.34,27.2,-72.79,-70.09,3.68,306.95,-66.41,240.54,,,,,
461,18.88,273.97,13.65,0,0.19,0,-1.83,46.2,24.75,-73.41,-71.95,3.68,302.42,-68.27,234.15,,,,,
471,12.39,274.76,14.66,0,0.08,0,-4.9,43.97,23.98,-71.95,-71.81,3.68,292.99,-68.13,224.85,,,,,
481,11.36,278.52,14.77,0,0.83,0,-4.4,43.64,26.84,-72.48,-70.58,3.71,299.08,-66.88,232.21,,,,,
491,18.01,278.5,13.09,0,0.22,0,-3.27,43.76,27.05,-73.01,-71.65,3.71,304.36,-67.95,236.41,,,,,
501,14.76,276.22,13.02,0,0.1,0,-0.36,45.07,25.68,-73.08,-70.54,3.71,301.41,-66.83,234.58,,,,,
511,19.3,273.93,12.72,0,0.6,0,-2.31,43.03,25.95,-72.1,-70.61,3.7,301.12,-66.91,234.21,,,,,
521,12.1,272.51,15.25,0,0.37,0,-1.76,45.38,25.73,-73.7,-70.56,3.66,295.89,-66.9,228.98,,,,,
531,12.01,274.86,17.86,0,0.18,0,-0.1,43.8,30.99,-72.16,-70.38,3.67,307.45,-66.71,240.74,,,,,
541,11.43,265.96,15.61,0,0.51,0,2.72,43.4,29.65,-73.48,-69.95,3.71,295.8,-66.25,229.55,,,,,
551,12.71,278.14,13.77,0,0.22,0,-3.05,42.82,25.89,-72.71,-68.98,3.69,297.8,-65.29,232.51,,,,,
561,18.43,279.33,12.46,0,0.05,0,-0.88,45.25,23.49,-72.78,-72.67,3.67,305.34,-69,236.34,,,,,
571,11.99,275.91,13.51,0,1.11,0,-0.65,43.96,26.66,-73.63,-69.31,3.69,298.86,-65.62,233.24,,,,,
581,16.16,283.56,11.07,0,1.05,0,-2.31,43.95,28.71,-72.11,-70.73,3.68,310.09,-67.05,243.04,,,,,
591,14.08,268.32,16.21,0,1.02,0,-2.38,44.26,28.69,-73.68,-69.51,3.69,296.51,-65.82,230.69,,,,,
601,15.96,272.49,11.55,0,1.05,0,2.55,44.81,26.76,-72.59,-71.07,3.7,302.58,-67.37,235.2,,,,,
611,12.6,275.78,18.81,0,0.32,0,-1.05,43.95,30.32,-74.17,-70.05,3.69,306.56,-66.36,240.2,,,,,
621,20.28,270.09,18,0,1.24,0,-3.11,42.98,26.02,-72.21,-70.09,3.67,303.29,-66.42,236.87,,,,,
631,14.49,270.41,20.01,0,0.09,0,-3.14,44.53,28.73,-73.68,-70.1,3.67,301.46,-66.43,235.03,,,,,
641,13.73,273.3,14.89,0,0.54,0,-0.72,46.23,29.7,-74.5,-70.72,3.69,303.17,-67.03,236.15,,,,,
651,17.72,275.06,16.5,0,0.53,0,-3.89,44.3,27,-72.57,-69.69,3.63,304.66,-66.06,238.59,,,,,
661,21.4,280.97,14.49,0,0.19,0,-2.3,43.69,28.38,-71.62,-71.47,3.69,315.2,-67.78,247.42,,,,,
671,17.8,276.86,13.35,0,0.29,0,-3.58,44.62,26.93,-72.2,-71.71,3.68,304.07,-68.03,236.04,,,,,
681,16.69,270.18,16.04,0,0.55,0,-2.55,44.24,27.17,-72.93,-69.7,3.64,299.4,-66.06,233.33,,,,,
691,16.23,280.73,16.08,0,0.16,0,-4.14,43.76,28.14,-72.28,-70.97,3.69,308.69,-67.28,241.41,,,,,
701,11.78,281.93,16.08,0,0.26,0,-2.89,45.1,29.15,-73.63,-71.78,3.69,307.76,-68.08,239.68,,,,,
711,12.62,269.85,10.84,0,0.29,0,-3.61,44,24.09,-71.31,-69.82,3.71,286.79,-66.11,220.68,,,,,
721,17.74,275.49,11.43,0,0.36,0,-0.38,44.11,30.73,-72.36,-70.7,3.66,307.11,-67.05,240.07,,,,,
731,12.59,276.03,12.72,0,0.84,0,-1.29,45.48,25.63,-73.94,-70.72,3.67,298.06,-67.05,231.02,,,,,
741,14.32,275.29,13.22,0,0.95,0,-1.95,45.48,30.36,-74.36,-70.63,3.67,303.32,-66.97,236.35,,,,,
751,15.53,273.36,19.75,0,0.32,0,-5.4,43.42,24.82,-71.45,-70.35,3.69,300.35,-66.66,233.69,,,,,
761,14.8,273.73,14.37,0,0.12,0,-2.85,45,28.7,-74.31,-69.89,3.7,299.57,-66.19,233.38,,,,,
771,16.57,273.96,15.53,0,0.35,0,-0.7,44.16,25.96,-72.29,-69.94,3.7,303.52,-66.23,237.29,,,,,
781,16.17,275.06,15.77,0,0.18,0,-0.33,45.13,28.77,-74.17,-70.74,3.68,306.58,-67.05,239.53,,,,,
791,18.32,272.98,16.68,0,0.19,0,-1.66,43.71,26.66,-71.94,-71.31,3.65,304.95,-67.66,237.28,,,,,
801,16.5,275.23,13.33,0,0.2,0,-2.88,45.04,25.64,-73.99,-70.34,3.71,299.07,-66.63,232.44,,,,,
811,9.28,271.31,11.99,0,0.33,0,-0.86,43.84,29.86,-73.27,-69.89,3.66,292.46,-66.23,226.24,,,,,
821,13.62,276.69,13.18,0,0.21,0,-2.34,44.96,31.72,-72.91,-69.16,3.66,305.14,-65.49,239.65,,,,,
831,12.58,272.61,15.42,0,0.33,0,-1.56,45.45,29.15,-74,-70.19,3.7,299.98,-66.49,233.49,,,,,
841,20,273.96,14.61,0,0.58,0,-1.98,42.48,25.2,-72.2,-70.31,3.7,302.66,-66.61,236.05,,,,,
851,17.55,279.96,15.93,0,0.07,0,0.48,44.33,25.42,-73.92,-68.88,3.69,309.81,-65.19,244.63,,,,,
861,15.91,280.18,13.57,0,0.28,0,-3.59,44.79,29.66,-72.44,-72.14,3.66,308.35,-68.48,239.87,,,,,
871,16.88,274.74,16.23,0,0.54,0,-3.36,44.68,28.63,-72.64,-70.06,3.68,305.72,-66.37,239.35,,,,,
881,12.98,277.02,13.6,0,0.43,0,-4.51,45.95,26.59,-74.75,-70.58,3.69,297.31,-66.89,230.43,,,,,
891,12.52,273.27,15.79,0,0.29,0,-4.39,44.6,30.12,-73.19,-69.4,3.68,298.99,-65.72,233.26,,,,,
901,13.8,267.97,16.62,0,0.14,0,-4.29,44.05,27.25,-73.88,-70.83,3.68,291.67,-67.15,224.52,,,,,
911,8.72,275.2,13.19,0,0.89,0,-0.5,45.41,31.2,-73.55,-71.44,3.69,300.57,-67.75,232.82,,,,,
921,22.81,274.02,15.6,0,0.79,0,-4.31,43.21,23.23,-70.72,-71.96,3.68,304.62,-68.28,236.33,,,,,
931,18.63,278.89,12.24,0,0.19,0,-1.52,44.77,26.13,-73.37,-71.42,3.68,305.97,-67.75,238.22,,,,,
941,16.19,271.74,13.63,0,0.32,0,-0.92,43.34,28.7,-74.1,-68.23,3.71,298.9,-64.53,234.37,,,,,
951,17.08,278.43,15.21,0,0.23,0,-2.76,43.52,31.12,-73.27,-69.51,3.68,309.56,-65.83,243.74,,,,,
961,15.05,273.88,15.34,0,0.08,0,-1.54,44.88,28.86,-73.7,-69.73,3.68,302.87,-66.05,236.82,,,,,
971,10.43,277.45,13.74,0,0.71,0,-2.24,45.27,26.86,-72.49,-72.72,3.7,299.74,-69.02,230.72,,,,,
981,13.03,272.41,14.13,0,0.16,0,-1.75,45.33,33.26,-74.95,-68.3,3.72,301.61,-64.58,237.03,,,,,
991,12.39,267.98,13.31,0,0.09,0,-2.04,43.84,28.95,-72.97,-70.58,3.71,291.56,-66.87,224.69,,,,,
1001,11.81,279.75,15.23,0,0.28,0,-3.37,46.12,30.03,-75.11,-70.3,3.68,304.74,-66.62,238.13,,,,,
1011,11.53,272.15,17.02,0,0.18,0,0.45,43.28,28.25,-73.22,-70.08,3.66,299.64,-66.42,233.22,,,,,
1021,18.3,271.37,14.49,0,0.13,0,-4.73,44.85,25.1,-73.55,-70.46,3.68,295.96,-66.79,229.17,,,,,
1031,9.42,273.03,14.84,0,0.05,0,-1.2,46.16,32.57,-74.48,-70.61,3.69,300.38,-66.92,233.47,,,,,
1041,17.83,277.9,17.18,0,0.12,0,-5.05,43.8,27,-72.64,-70.25,3.7,306.14,-66.55,239.59,,,,,
1051,17.13,275.03,15.46,0,0.52,0,-2.81,43.8,28.93,-73.08,-70.53,3.69,304.99,-66.84,238.15,,,,,
1061,12.02,276.1,12.02,0,0.18,0,-2.91,44.38,26.37,-72.73,-72.8,3.66,295.44,-69.14,226.3,,,,,
1071,15.03,280.39,12.75,0,0.27,0,-4.67,44.81,24.18,-73.57,-70.14,3.69,299.19,-66.45,232.74,,,,,
1081,15.52,269.65,13.06,0,0.09,0,-4.52,43.77,26.16,-73.34,-70.4,3.72,290.39,-66.68,223.71,,,,,
1091,11.24,274.11,14.32,0,0.37,0,1.05,43.88,27.65,-73.59,-69.5,3.71,299.03,-65.78,233.25,,,,,
1101,12.46,273.66,17.38,0,0.13,0,-0.83,43.53,26.5,-73.23,-69.43,3.71,299.61,-65.72,233.89,,,,,
1111,13.83,273.38,13.63,0,0.5,0,-3.96,43.8,28.44,-72.24,-71.29,3.68,297.37,-67.61,229.76,,,,,
1121,16.22,272.51,11.52,0,0.58,0,-3.25,44.58,25.24,-72.69,-71.91,3.69,294.71,-68.22,226.49,,,,,
1131,9.41,282.54,12.01,0,0.75,0,-1.62,46.29,30.92,-75.33,-70.11,3.72,304.97,-66.39,238.59,,,,,
1141,23,269.38,16.12,0,0.14,0,-2.68,43.04,25.57,-71.98,-69.46,3.67,302.59,-65.79,236.8,,,,,
1151,17.3,280.41,13.13,0,0.52,0,-4.86,44.84,29.34,-72.7,-70.91,3.66,307.97,-67.25,240.72,,,,,
1161,18.22,274.92,14.79,0,0.57,0,-3.7,43.27,27.17,-72.88,-69.37,3.7,302.35,-65.67,236.69,,,,,
1171,13.29,273.54,17.01,0,1.1,0,-3.94,44.46,26.39,-73.31,-71.31,3.68,298.55,-67.63,230.92,,,,,
1181,13.47,274.67,15.39,0,0.59,0,-3.11,44.57,28.14,-73.23,-71.29,3.68,300.48,-67.61,232.87,,,,,
1191,13.47,276.53,15.02,0,0.21,0,-2.08,43.87,25.53,-72.82,-69.51,3.71,299.73,-65.8,233.94,,,,,
1201,14.88,281.89,16.22,0,0.25,0,-4.55,45.59,26.44,-72.28,-71.07,3.67,308.43,-67.4,241.03,,,,,
1211,10.43,274.39,11.55,0,0.36,0,-4.16,44.39,30.12,-72.48,-69.57,3.66,294.59,-65.91,228.69,,,,,
1221,12.37,275.59,16.25,0,0.76,0,-0.78,43.71,26.15,-73.22,-69.82,3.65,300.85,-66.17,234.68,,,,,
1231,12.33,279.25,10.58,0,0.13,0,-1.35,45.67,27.28,-73.48,-70.99,3.67,300.41,-67.33,233.08,,,,,
1241,10.18,282.41,17.27,0,0.3,0,-0.23,44.25,29.48,-72.88,-69.76,3.65,310.81,-66.11,244.69,,,,,
1251,16.97,283.6,11.19,0,0.84,0,-1.81,44.84,23.31,-73.53,-71.79,3.63,305.41,-68.16,237.24,,,,,
1261,16.13,265.88,15.32,0,0.53,0,-0.98,44.23,25.96,-72.96,-68.8,3.64,294.12,-65.16,228.96,,,,,
1271,10.7,272.21,16.71,0,0.05,0,-2.73,45.14,27.77,-74.76,-70,3.71,295.09,-66.29,228.8,,,,,
1281,12.98,273.04,16.95,0,0.21,0,-2.28,44.01,25.24,-73.5,-70.53,3.7,296.66,-66.83,229.83,,,,,
1291,14.58,270.03,16.21,0,0.19,0,1.41,43.93,25.83,-72.05,-69.66,3.71,300.11,-65.95,234.16,,,,,
1301,11.87,267.03,16.9,0,0.58,0,-3.93,43.94,28.06,-73.65,-70.4,3.69,290.81,-66.71,224.1,,,,,
1311,11.78,273.84,12.09,0,0.67,0,-1.93,44.62,29.47,-71.99,-71.3,3.7,298.55,-67.6,230.95,,,,,
1321,10.42,273.01,17.85,0,0.26,0,-3.3,42.49,28,-73.84,-69.42,3.7,294.9,-65.72,229.18,,,,,
1331,17,273.92,16.65,0,0.2,0,-2.29,44.86,31.8,-74.74,-68.97,3.68,307.41,-65.29,242.12,,,,,
1341,20.47,262.35,14.81,0,0.73,0,-3.23,45.63,31.33,-72.7,-70.01,3.68,299.4,-66.34,233.06,,,,,
1351,15.95,270.5,14.66,0,0.57,0,-3.75,44.66,27.07,-73.76,-70.85,3.7,295.91,-67.16,228.75,,,,,
1361,17.37,273.61,18.56,0,0.1,0,-0.35,43.89,29.05,-74.39,-69.08,3.71,307.84,-65.37,242.47,,,,,
1371,11.4,279.84,13.72,0,0.66,0,-1,45.59,28.6,-74.4,-70.91,3.72,304.41,-67.19,237.22,,,,,
1381,14.93,277.67,16.2,0,0.04,0,-4.55,43.55,27.74,-72.65,-69.85,3.68,302.92,-66.17,236.75,,,,,
1391,14.4,275.92,16.66,0,0.4,0,-0.79,43.83,27.41,-73.5,-69.69,3.7,304.32,-65.98,238.34,,,,,
1401,14.81,273.29,10.51,0,1.16,0,-0.9,45.02,26.47,-72.91,-70.79,3.68,297.45,-67.11,230.34,,,,,
1411,10.4,281.54,14.94,0,0.17,0,-2.52,45.5,31.04,-74.81,-69.05,3.67,306.24,-65.38,240.87,,,,,
1421,18.15,276.72,10.77,0,0.05,0,-3.14,45.17,23.41,-72.4,-70.28,3.68,298.73,-66.6,232.13,,,,,
1431,14.51,274.95,11.97,0,0.12,0,-1.76,46.42,27.79,-75.13,-69.21,3.67,298.87,-65.54,233.33,,,,,
1441,18.74,277.9,15.38,0,0.17,0,-2.45,44.18,22.98,-71.66,-71.43,3.67,305.23,-67.76,237.47,,,,,
1451,12.9,285.72,13.31,0,1.2,0,-3.62,45.79,26.81,-74.31,-71.11,3.69,307.8,-67.42,240.38,,,,,
1461,20.25,275.42,13.67,0,0.72,0,-4.41,42.77,22.75,-72.37,-70.44,3.74,298.8,-66.7,232.1,,,,,
1471,7.04,274.97,14.76,0,0.13,0,0.17,43.25,27.9,-71.78,-69.08,3.67,296.44,-65.42,231.03,,,,,
1481,14.23,277.01,11.04,0,0.2,0,-0.82,45.02,24.3,-73.09,-70.3,3.69,297.88,-66.61,231.28,,,,,
1491,15.43,279.07,13.31,0,0.45,0,-0.83,45.24,26.05,-72.51,-70.78,3.68,306.21,-67.1,239.1,,,,,
1501,13.48,285.72,13.39,0,0.22,0,-3.72,43.58,25.51,-72.33,-69.16,3.68,305.86,-65.48,240.38,,,,,
1511,16.91,273.13,14.37,0,0.14,0,-0.66,44.17,27.41,-72.74,-71.25,3.7,302.74,-67.55,235.18,,,,,
1521,19.45,276.16,15.52,0,0.51,0,-2.6,44.14,22.48,-71.48,-71.23,3.72,304.17,-67.52,236.65,,,,,
1531,13.3,274.75,15.7,0,0.19,0,-3.59,44.76,24.49,-73.8,-69.95,3.7,295.79,-66.26,229.54,,,,,
1541,12.1,273.19,16.25,0,0.73,0,-0.08,44.16,32.32,-73.63,-70.64,3.7,305.05,-66.95,238.1,,,,,
1551,12.2,270.55,13.84,0,1.15,0,0.2,43.57,27.28,-72.44,-70.84,3.69,296.34,-67.15,229.19,,,,,
1561,10.86,274.69,16.55,0,0.2,0,-1.14,43.73,28.06,-73.58,-68.75,3.69,299.36,-65.05,234.31,,,,,
1571,11.44,265.19,17.08,0,0.25,0,-4.05,45.33,26.64,-73.07,-71.37,3.68,288.81,-67.68,221.13,,,,,
1581,14.05,281.93,14.91,0,0.39,0,-3.08,44.14,29.3,-72.91,-70.54,3.7,308.72,-66.84,241.88,,,,,
1591,11.77,272.23,15.45,0,0.27,0,-2.9,44.83,29.02,-72.73,-69.38,3.64,297.94,-65.74,232.2,,,,,
1601,17.88,281.52,12.9,0,0.04,0,-3.61,44.07,25.2,-72.45,-71.6,3.65,305.55,-67.95,237.6,,,,,
1611,12.29,279.48,10.6,0,0.33,0,-1.82,44.43,26.84,-72.21,-72.6,3.65,299.93,-68.95,230.98,,,,,
1621,19.41,271.63,14.88,0,0.64,0,-2.45,43.75,25.68,-70.73,-70.98,3.64,302.82,-67.34,235.48,,,,,
1631,20.64,280.5,14.68,0,0.96,0,-0.49,44.75,25.37,-73.16,-72.33,3.66,313.25,-68.67,244.58,,,,,
1641,22.49,278.11,11.77,0,0.77,0,-3.16,44,25,-71.62,-71.48,3.66,307.35,-67.82,239.53,,,,,
1651,15.06,277.49,12.78,0,0.39,0,-0.58,44.2,25.98,-73.18,-69.3,3.65,302.13,-65.65,236.47,,,,,
1661,13.25,270.69,16.14,0,0.41,0,-1,44.46,29.81,-71.41,-70.17,3.66,302.36,-66.51,235.85,,,,,
1671,11.64,264.08,17.11,0,0.14,0,0.2,44.74,28.02,-74.3,-69.04,3.65,291.64,-65.39,226.25,,,,,
1681,16.25,273.93,13.15,0,1.12,0,-3.29,43.42,24.36,-72.64,-69.56,3.66,296.31,-65.9,230.41,,,,,
1691,18.31,267.8,15.1,0,0.07,0,-3.3,44.82,27.48,-74.34,-70.44,3.64,295.95,-66.79,229.16,,,,,
1701,14.94,274.78,16.71,0,0.16,0,-1.86,44.3,27.17,-71.94,-71.57,3.66,304.27,-67.91,236.36,,,,,
1711,15.83,274.66,13.54,0,0.23,0,-0.7,44.21,25.36,-72.88,-70.64,3.65,300.25,-66.99,233.26,,,,,
1721,16.34,270.64,15.14,0,0.37,0,2.03,43.54,25.81,-71.93,-70.73,3.66,301.94,-67.07,234.87,,,,,
1731,18.55,274.83,16.69,0,1.28,0,-4.12,44.97,29.19,-72.27,-72.34,3.67,309.11,-68.67,240.44,,,,,
1741,15.1,272.05,14.94,0,0.14,0,-1.32,45.14,29.67,-73.41,-70.03,3.64,302.32,-66.39,235.93,,,,,
1751,7.57,272.14,15.02,0,0.16,0,-1.9,43.97,25.88,-72.71,-70.06,3.63,290.12,-66.43,223.69,,,,,
1761,11.76,278.77,12.92,0,0.55,0,-1.27,44.31,26.6,-73.5,-70.19,3.64,300.14,-66.55,233.59,,,,,
1771,14.91,273.97,15.48,0,0.13,0,-0.78,43.06,26.87,-73.23,-68.86,3.65,300.42,-65.22,235.2,,,,,
1781,15.59,271.63,13.49,0,0.7,0,-2.61,43.76,24.89,-71.8,-70.95,3.65,295.65,-67.31,228.35,,,,,
1791,11.43,266.56,15.37,0,0.66,0,-1.81,44.2,29.09,-72.9,-69.83,3.61,292.59,-66.22,226.37,,,,,
1801,20.92,273.38,11.16,0,0.49,0,-0.37,45.34,26.21,-72.97,-71.19,3.68,304.16,-67.5,236.65,,,,,
1811,17.57,274.01,16.04,0,0.37,0,1.57,45.6,26.6,-73.37,-71.34,3.64,308.38,-67.7,240.69,,,,,
1821,14.18,275.08,13.08,0,0.21,0,0.18,42.94,25.41,-72.41,-70.77,3.67,298.66,-67.1,231.57,,,,,
1831,15.51,277.99,13.99,0,0.51,0,-1.1,44.65,23.95,-72.19,-70.36,3.65,303.29,-66.71,236.58,,,,,
1841,14.92,269.79,11.42,0,0.6,0,-2.19,45.29,31.66,-73.65,-68.76,3.63,297.83,-65.13,232.7,,,,,
1851,15.59,274.47,12.21,0,0.57,0,-2.51,43.12,24.64,-70.8,-71.87,3.67,297.3,-68.2,229.09,,,,,
1861,11.29,278.6,13.21,0,0.91,0,-3.24,45.8,26.43,-73.55,-70.87,3.69,299.46,-67.17,232.28,,,,,
1871,18.53,279.11,14.54,0,0.04,0,-1.47,42.98,27.22,-72.61,-71.65,3.62,308.34,-68.03,240.31,,,,,
1881,12.55,269.78,15.18,0,0.33,0,-2.98,43.88,26.78,-73.44,-70.28,3.65,292.09,-66.63,225.46,,,,,
1891,19.12,279.33,15.38,0,0.08,0,-0.25,44.38,23.81,-71.87,-69.63,3.64,309.98,-65.98,244,,,,,
1901,18.79,273.05,12.25,0,1.27,0,-2.77,45.88,27.08,-73.39,-71.43,3.68,302.17,-67.75,234.43,,,,,
1911,15.05,275.67,13.66,0,0.07,0,-1.62,44.24,25.09,-72.93,-70.01,3.64,299.23,-66.37,232.86,,,,,
1921,10.86,274.34,14.78,0,0.26,0,0.29,44.43,28.1,-73.14,-70.83,3.69,299.93,-67.14,232.79,,,,,
1931,11.69,282.45,18.78,0,0.74,0,-3.39,43.49,28.6,-72.48,-69.69,3.72,309.88,-65.98,243.9,,,,,
1941,13.46,284.11,14.98,0,1.34,0,-4.14,43.11,25.85,-71.95,-69.09,3.7,306.77,-65.4,241.37,,,,,
1951,13.23,281.07,12.89,0,0.56,0,0.36,44.62,29.49,-73.41,-70.45,3.68,308.81,-66.77,242.04,,,,,
1961,12.15,275.21,19.43,0,0.18,0,-4.91,43.71,28.29,-72.95,-70.99,3.69,301.1,-67.29,233.81,,,,,
1971,16.52,272.28,14.87,0,0.98,0,-2.89,43.81,26.39,-72.86,-70.88,3.71,299.08,-67.17,231.91,,,,,
1981,12.28,271.27,15.83,0,1.14,0,-3.96,44.21,27.72,-71.94,-70.6,3.67,296.56,-66.93,229.62,,,,,
1991,16.57,267.26,14.71,0,0.25,0,-2.68,45.81,29.62,-73.42,-70.76,3.68,298.13,-67.08,231.05,,,,,
2001,15.95,269.14,12.44,0,0.51,0,-3.99,45.2,27.7,-74.56,-70.21,3.69,292.38,-66.52,225.86,,,,,
2011,13.04,271.48,11.79,0,0.1,0,1.3,45.2,28.27,-73.05,-70.37,3.66,298.13,-66.7,231.43,,,,,
2021,22.41,278.39,15.49,0,0.23,0,-3.19,45.06,25.83,-71.65,-71.61,3.7,312.58,-67.91,244.67,,,,,
2031,13.06,276.15,15.85,0,0.44,0,2.22,44.88,31.26,-74.5,-69.33,3.63,309.35,-65.7,243.65,,,,,
2041,16.59,274.96,18.23,0,0.23,0,-0.34,44.27,25.94,-73.23,-69.45,3.64,306.65,-65.81,240.84,,,,,
2051,12.46,273.27,13.21,0,0.16,0,-3.6,46.35,29.29,-73.85,-70.19,3.62,297.3,-66.57,230.73,,,,,
2061,11.84,274.24,14.52,0,0.39,0,-4.3,42.8,26.77,-71.66,-69.49,3.62,294.59,-65.87,228.72,,,,,
2071,12.16,276.71,13.85,0,0.76,0,-1.34,44.83,29.87,-73.76,-69.18,3.63,303.09,-65.55,237.53,,,,,
2081,10.04,273.2,16.82,0,0.34,0,-1.98,44.63,29.77,-73.25,-70.66,3.66,299.55,-67.01,232.55,,,,,
2091,8.92,278.15,15.54,0,0.27,0,-2.72,44.92,32,-74.11,-71.56,3.63,302.97,-67.93,235.04,,,,,
2101,10.09,267.74,13.63,0,0.17,0,-3.05,45.26,30.84,-73.94,-69.44,3.66,290.73,-65.79,224.95,,,,,
2111,15.34,275.15,11.55,0,0.7,0,-2.9,44.31,27.59,-73.09,-70.74,3.69,298.65,-67.05,231.6,,,,,
2121,20.73,278.39,11.97,0,0.76,0,-1.48,44.81,29.64,-72.36,-71.89,3.67,312.46,-68.22,244.24,,,,,
2131,17.85,278.21,13.62,0,0.96,0,-3.37,44.01,26.4,-72.44,-70.14,3.65,305.25,-66.49,238.76,,,,,
2141,14.96,280.24,11.93,0,0.06,0,-2.22,45.79,24.68,-72.99,-70.98,3.66,302.45,-67.32,235.13,,,,,
2151,17.6,283.66,13.19,0,0.2,0,-0.57,45.24,31.38,-74.27,-70.24,3.66,316.44,-66.58,249.86,,,,,
2161,13.64,275.6,14.54,0,0.34,0,-3.25,44.78,25.31,-71.81,-70.94,3.63,299.15,-67.31,231.83,,,,,
2171,12.78,278.74,15.94,0,0.46,0,-0.57,46.06,25.89,-73.38,-69.65,3.65,305.9,-66,239.91,,,,,
2181,17.37,275.06,12.96,0,0.47,0,-1.27,43.73,29.9,-72.65,-71.25,3.69,305.57,-67.56,238.01,,,,,
2191,19.54,275.92,12.92,0,0.33,0,-0.88,43.4,23.64,-72.01,-69.1,3.63,302.85,-65.47,237.38,,,,,
2201,13.98,275.06,11.69,0,0.19,0,-1.29,44.78,27.98,-72.3,-71.14,3.64,300.09,-67.5,232.59,,,,,
2211,20.27,275.55,13.78,0,0.65,0,-3.11,43.7,24,-72.04,-71.67,3.64,302.8,-68.03,234.77,,,,,
2221,9.04,286.37,9.54,0,0.18,0,-2.63,45.62,27.38,-74.61,-70.03,3.65,300.89,-66.38,234.51,,,,,
2231,15.77,272.06,16.34,0,0.18,0,-3.76,44.82,28.4,-73.51,-70.73,3.67,300.29,-67.06,233.23,,,,,
2241,13.69,273.69,14.96,0,0.44,0,-0.15,44.71,29.85,-74.14,-69.9,3.64,303.06,-66.26,236.79,,,,,
2251,14.98,276.96,12.26,0,1.05,0,-1.36,44.83,27.91,-72.94,-70.75,3.63,303.71,-67.12,236.59,,,,,
2261,10.22,276.82,11.83,0,0.6,0,-3.45,44.92,28,-73.45,-69.65,3.63,295.5,-66.03,229.47,,,,,
2271,14.9,280.84,16.18,0,0.69,0,-4.61,44.24,26.08,-73.03,-71.35,3.64,305.28,-67.7,237.57,,,,,
2281,11.96,271.7,15.42,0,0.36,0,-0.77,44.94,30.46,-72.55,-69.62,3.65,301.51,-65.97,235.55,,,,,
2291,11.8,270.57,12.49,0,0.58,0,1.64,44.15,29.87,-73.4,-70.72,3.65,297.7,-67.07,230.63,,,,,
2301,12.09,279.46,14.91,0,0.58,0,-0.72,44.45,27.12,-72.33,-70.1,3.65,305.57,-66.45,239.12,,,,,
2311,16.18,272.19,15.91,0,0.34,0,-2.05,43.83,26.85,-72.64,-70.95,3.62,300.61,-67.33,233.28,,,,,
2321,10.12,283.93,13.8,0,0.8,0,-2.44,45.75,28.27,-73.91,-71.13,3.66,306.32,-67.47,238.84,,,,,
2331,11.49,273.98,13.49,0,0.31,0,-3.67,43.49,24.44,-71.41,-70.49,3.65,292.12,-66.84,225.27,,,,,
2341,19.82,265.88,13.58,0,0.46,0,1.05,45.29,25.93,-73.79,-69.17,3.63,298.22,-65.53,232.69,,,,,
2351,17.36,287.46,16.64,0,0.35,0,-2.65,43.27,27.31,-72.3,-70.15,3.68,317.44,-66.47,250.96,,,,,
2361,12.21,271.8,14.37,0,0.42,0,0.15,44.17,29.06,-72.06,-69.74,3.63,300.13,-66.11,234.02,,,,,
2371,11.31,278.79,11.56,0,0.51,0,-4.2,44.85,30.82,-71.53,-71.71,3.65,302.12,-68.06,234.06,,,,,
2381,19.14,272.97,15.92,0,0.16,0,-3.43,43.25,23.09,-73.87,-70.02,3.66,297.23,-66.36,230.87,,,,,
2391,12.72,282.14,13.5,0,0.76,0,-2.93,43.66,29.56,-72.34,-70.99,3.64,307.07,-67.36,239.71,,,,,
2401,12.12,271.32,9.57,0,0.85,0,-3.38,44.18,25.84,-73.3,-69.81,3.67,287.2,-66.14,221.06,,,,,
2411,12.17,283.81,12.34,0,0.27,0,-0.71,44.69,25.96,-73.34,-70.42,3.66,305.19,-66.77,238.42,,,,,
2421,13.81,274.03,12.04,0,0.19,0,1.28,44.6,26.27,-73.26,-68.78,3.66,298.95,-65.12,233.83,,,,,
2431,18.04,280.51,16.71,0,0.56,0,-0.67,44.52,25.82,-74.09,-69.11,3.64,311.4,-65.47,245.93,,,,,
2441,9.9,280.22,14.75,0,0.56,0,-1.68,45.23,28.81,-74.55,-68.44,3.64,303.25,-64.8,238.45,,,,,
2451,13.57,280.32,12.66,0,0.31,0,0.13,45.71,26.32,-74.05,-71.31,3.7,304.96,-67.61,237.34,,,,,
2461,18.03,283.66,15.35,0,0.21,0,-3.07,44.01,25.02,-73.26,-70.87,3.65,309.93,-67.22,242.72,,,,,
2471,18.67,267.66,14.49,0,0.26,0,-0.36,43.8,24.51,-72.77,-69.39,3.63,296.27,-65.76,230.5,,,,,
2481,13.32,278.44,12.73,0,0.23,0,-1.38,44.49,27.04,-73.25,-71.46,3.64,301.6,-67.82,233.78,,,,,
2491,17.23,268.45,14.17,0,0.71,0,0.84,44.63,29.28,-74.38,-68.71,3.65,300.93,-65.06,235.87,,,,,
2501,12.51,272.2,10.99,0,0.08,0,0.3,44.88,24.73,-73.24,-69.8,3.66,292.45,-66.14,226.3,,,,,
2511,14.39,285.68,13.9,0,0.51,0,-4.06,44.97,24.77,-72.99,-71.89,3.65,307.17,-68.24,238.93,,,,,
2521,12.69,276.84,18.26,0,0.19,0,1.64,44.19,29.06,-75.14,-67.86,3.66,307.74,-64.21,243.53,,,,,
2531,9.6,281.97,13.84,0,0.09,0,-4.25,44.39,28.23,-73.47,-70.91,3.69,300.41,-67.22,233.19,,,,,
2541,19.56,270.53,14.82,0,0.61,0,-2.54,43.52,29.47,-71.19,-70.44,3.68,304.79,-66.76,238.03,,,,,
2551,15.65,270.64,16.99,0,0.08,0,-3.34,42.85,25.36,-71.25,-70.41,3.69,296.97,-66.72,230.25,,,,,
2561,12.5,274.03,13.84,0,0.21,0,-2.53,45.84,28.39,-74.32,-69.02,3.68,297.96,-65.34,232.62,,,,,
2571,10.5,274.08,15.92,0,0.32,0,-2.28,43.47,30.66,-72.88,-67.86,3.69,299.8,-64.17,235.63,,,,,
2581,13.37,267.73,15.94,0,1.05,0,-1.35,43.85,27.72,-73.17,-70.46,3.67,295.14,-66.78,228.35,,,,,
2591,18.86,268.48,12.51,0,0.56,0,-3.04,44.8,26.49,-73.93,-70.38,3.67,294.73,-66.71,228.02,,,,,
2601,17.17,279.17,14.5,0,0.36,0,-6.21,45.12,28.81,-73.88,-70.36,3.7,305.04,-66.66,238.38,,,,,
2611,10.72,275.94,12.92,0,0.32,0,-2.89,44.71,30.97,-73.22,-70.55,3.71,299.47,-66.84,232.63,,,,,
2621,15.14,279.09,17.59,0,0.26,0,-4.75,42.07,26.21,-70.11,-71.42,3.7,305.48,-67.72,237.77,,,,,
2631,15.34,280.66,13.87,0,0.23,0,-4.31,44.5,28.7,-73.96,-69.37,3.71,305.03,-65.66,239.36,,,,,
2641,17.54,277.62,17.27,0,0.44,0,-3.9,44.83,27.06,-73.98,-70.5,3.68,306.87,-66.82,240.05,,,,,
2651,12.28,276.91,14.18,0,0.27,0,-0.63,44.92,26.71,-73.37,-71.29,3.69,301.26,-67.6,233.66,,,,,
2661,14.81,269.19,17.55,0,0.16,0,-1.68,45.59,25.17,-76.35,-70.36,3.71,294.44,-66.66,227.78,,,,,
2671,17.53,266.43,19.75,0,0.66,0,0.72,43.91,25.72,-73.05,-70.05,3.69,301.67,-66.36,235.31,,,,,
2681,14.94,272.7,15,0,0.43,0,-2.42,45.11,27.96,-73.77,-69.97,3.7,299.96,-66.28,233.69,,,,,
2691,14.32,270.29,13.7,0,0.63,0,-1.45,44.54,27.85,-72.6,-70.47,3.66,297.3,-66.81,230.49,,,,,
2701,20.75,281.07,15.48,0,0.64,0,-2.97,42.87,24.11,-71.79,-70.22,3.69,310.16,-66.53,243.62,,,,,
2711,15.32,274.08,12.76,0,0.46,0,2.85,45.5,25.96,-73.83,-70.62,3.67,303.11,-66.95,236.16,,,,,
2721,15.51,268.06,13.02,0,0.25,0,-0.25,45.81,28.89,-73.68,-70.22,3.64,297.61,-66.57,231.04,,,,,
2731,11.45,274.4,14.73,0,0.63,0,-2.95,43.71,27.28,-72.09,-71.99,3.67,297.17,-68.32,228.85,,,,,
2741,15.49,275.78,15.84,0,0.33,0,-3.73,44.86,27.23,-73.88,-70.87,3.7,301.91,-67.16,234.74,,,,,
2751,14.81,276.37,12.55,0,0.21,0,-0.36,44.32,29.87,-73.59,-69.25,3.68,304.17,-65.57,238.61,,,,,
2761,19.77,267.31,13.68,0,0.18,0,-2.5,43.43,27.7,-72.46,-70.74,3.71,297.11,-67.03,230.08,,,,,
2771,13.79,279.15,15.31,0,0.73,0,-3.27,44.96,25.16,-71.81,-70.87,3.69,304.01,-67.18,236.83,,,,,
2781,18.45,279.17,15.36,0,0.32,0,-2.11,45.58,24.82,-73.14,-70.27,3.7,308.44,-66.57,241.87,,,,,
2791,13.16,273.46,12.68,0,0.87,0,-1.84,45.48,25.53,-73.51,-70.17,3.69,295.82,-66.47,229.34,,,,,
2801,17.62,274.8,16.8,0,0.36,0,-1.63,44.84,30.31,-73.95,-69.41,3.71,309.16,-65.69,243.47,,,,,
2811,6.77,278.53,13.98,0,1.12,0,-0.35,45.28,28.69,-73.67,-71.24,3.7,300.35,-67.53,232.82,,,,,
2821,15.42,271.69,13.09,0,0.65,0,-1.11,43.79,28.85,-72.98,-71.25,3.7,299.41,-67.55,231.87,,,,,
2831,13.44,285.5,16.02,0,0.31,0,-2.39,44.79,30.03,-72.8,-70.18,3.67,314.92,-66.51,248.4,,,,,
2841,18.1,265.17,19.92,0,0.24,0,-2.15,43.33,27.13,-73.21,-69.5,3.69,298.53,-65.82,232.71,,,,,
2851,17.76,273.33,17.91,0,0.04,0,-5.22,43.77,25.6,-72.96,-70.88,3.68,300.22,-67.2,233.03,,,,,
2861,11.6,288.28,11.99,0,0.11,0,-3.04,44.96,25.26,-73.3,-70.84,3.65,305.86,-67.2,238.67,,,,,
2871,18.47,279.66,9.2,0,1.2,0,-2.41,44.67,23.81,-72.77,-70.47,3.68,301.82,-66.79,235.03,,,,,
2881,15.72,278.64,12.35,0,0.51,0,0.74,42.85,24.65,-72.29,-69.3,3.67,303.17,-65.63,237.54,,,,,
2891,17.73,279.42,12.39,0,0.25,0,-6.17,44.07,23.61,-72.04,-71.07,3.65,299.27,-67.42,231.85,,,,,
2901,16.24,278.32,14.97,0,0.15,0,-4.3,43.34,26.94,-72.72,-70.77,3.63,302.95,-67.14,235.82,,,,,
2911,13.31,278.53,13.12,0,0.69,0,-0.86,44.88,27.57,-73.1,-69.54,3.65,304.15,-65.9,238.26,,,,,
2921,16.02,273.89,12.84,0,0.55,0,-1.51,43.42,28.43,-72.29,-69.93,3.66,301.35,-66.27,235.08,,,,,
2931,15.89,271.28,13.58,0,0.68,0,-2.14,43.95,26.94,-71.89,-71.53,3.65,298.29,-67.88,230.41,,,,,
2941,10.07,281.01,12.3,0,0.31,0,-0.16,43.41,32.92,-72.03,-70.49,3.66,307.81,-66.83,240.98,,,,,
2951,12.13,271.41,11.84,0,0.36,0,-1,46.33,28.37,-74.74,-70.64,3.65,294.7,-66.98,227.71,,,,,
2961,13.87,274.11,17.15,0,0.08,0,-3.8,43.47,24.82,-72.81,-69.77,3.68,296.89,-66.09,230.81,,,,,
2971,12.17,276.57,11.84,0,0.4,0,-3.12,44.73,25.53,-73.86,-70.02,3.7,294.27,-66.32,227.95,,,,,
2981,11.2,280.78,13.85,0,0.28,0,-3.95,44.86,23.99,-73.29,-69.96,3.68,297.72,-66.28,231.44,,,,,
2991,13.25,268.85,15.45,0,0.7,0,-2.69,44.66,29.52,-73.66,-70.68,3.7,296.08,-66.98,229.1,,,,,
3001,11.4,274.97,15.03,0,0.06,0,-1.14,44.4,29.87,-73.25,-70.82,3.65,301.35,-67.16,234.18,,,,,
3011,10.41,271.38,14.59,0,0.61,0,-2.21,44.42,28.4,-72.77,-70.2,3.66,294.84,-66.53,228.31,,,,,
3021,12.5,273.66,13.43,0,0.24,0,-2.9,43.51,24.74,-72.24,-69.97,3.72,292.93,-66.25,226.68,,,,,
3031,13.84,276.89,17.39,0,0.88,0,-2.94,41.67,27.62,-71.23,-70.37,3.69,304.13,-66.67,237.45,,,,,
3041,11.76,278.65,12.86,0,1.02,0,-1.17,44.17,26.34,-72.73,-69.99,3.69,300.89,-66.31,234.59,,,,,
3051,14.14,275.19,14.2,0,0.24,0,-1.79,44.7,24.68,-72.8,-69.64,3.68,298.56,-65.96,232.6,,,,,
3061,18.39,280.48,11.24,0,0.63,0,-4.65,44.4,24.61,-72.96,-71.26,3.69,302.13,-67.57,234.56,,,,,
3071,14.31,273.43,15.18,0,0.43,0,-2.35,44.01,25.18,-73.12,-69.53,3.7,297.07,-65.83,231.25,,,,,
3081,12.42,275.76,13.14,0,0.9,0,-0.34,44.58,26.68,-71.33,-71.38,3.7,301.8,-67.67,234.12,,,,,
3091,16.42,271.94,12.52,0,0.3,0,-0.15,44.75,26.02,-72.83,-70.71,3.71,298.97,-67,231.97,,,,,
3101,13.72,276.98,8.67,0,0.48,0,-2.5,44.84,27.11,-73.1,-69.79,3.68,296.2,-66.11,230.09,,,,,
3111,19.62,269.97,14.96,0,0.07,0,-5.9,44.2,26.8,-73.32,-69.76,3.67,296.4,-66.09,230.31,,,,,
3121,19.47,279.49,14.06,0,0.4,0,-2.8,43.75,26.11,-72.77,-71.95,3.71,307.7,-68.24,239.45,,,,,
3131,17.36,268.13,12.96,0,0.82,0,-2.87,44.16,25.57,-72.48,-70.47,3.67,293.66,-66.79,226.87,,,,,
3141,13.29,275.3,12.86,0,1.23,0,-2.09,44.36,27.65,-72.57,-70.71,3.67,300.02,-67.04,232.98,,,,,
3151,14.17,272.94,14.4,0,0.63,0,-1.57,44.35,27,-73.04,-70.71,3.64,298.89,-67.07,231.82,,,,,
3161,14.58,278.52,16.08,0,0.18,0,-4.36,45.23,25.28,-72.53,-71.44,3.67,302.98,-67.77,235.21,,,,,
3171,10.07,289.12,10.92,0,0.44,0,-3.94,43.61,24.05,-71.96,-71,3.65,302.32,-67.35,234.96,,,,,
3181,14.56,273.48,13.86,0,0.44,0,-2.18,44.32,29.42,-73.88,-69.88,3.66,300.01,-66.22,233.79,,,,,
3191,19.37,279.83,12.17,0,0.21,0,-4.7,44.91,28.09,-72.69,-72.84,3.66,307.18,-69.18,238,,,,,
3201,21.45,276.17,13.2,0,0.45,0,-2.34,44.75,24.57,-72.55,-70.4,3.66,305.71,-66.74,238.96,,,,,
3211,9.96,279.42,14.99,0,0.24,0,-4.03,44.89,26.6,-73.89,-71.22,3.62,298.19,-67.61,230.59,,,,,
3221,17.1,279.84,11.4,0,0.7,0,-2.29,43.41,25.33,-71.86,-70.51,3.65,303.62,-66.86,236.76,,,,,
3231,14.53,279.96,13.94,0,0.04,0,-0.74,43.79,28.38,-70.85,-71.62,3.64,309.06,-67.98,241.08,,,,,
3241,13.05,275.93,11.11,0,0.64,0,-0.7,45.83,27.54,-75.26,-69.12,3.67,298.15,-65.46,232.69,,,,,
3251,16.47,284.39,11.01,0,0.25,0,-1.41,44.14,23.46,-72.72,-71.18,3.65,305.6,-67.53,238.07,,,,,
3261,15.67,274.92,14.39,0,0.8,0,-5,45.09,29.51,-72.46,-70.89,3.66,302.92,-67.23,235.69,,,,,
3271,10.99,274.05,10.58,0,0.49,0,-1.93,45.27,25.2,-73.59,-70.44,3.66,291.05,-66.79,224.26,,,,,
3281,16.39,275.84,12.46,0,0.08,0,-0.84,45.85,23.91,-72.69,-71.04,3.67,300.99,-67.37,233.62,,,,,
3291,13.36,277.45,14.83,0,0.39,0,-1.14,42.88,28.13,-72.14,-70.25,3.65,303.77,-66.6,237.17,,,,,
3301,15.95,280.85,11.2,0,0.15,0,-3.08,44.71,31.03,-73.63,-69.23,3.66,307.19,-65.57,241.62,,,,,
3311,15.38,277.49,12.41,0,0.5,0,-2.33,45.25,26.24,-72.77,-70.17,3.66,302.16,-66.5,235.66,,,,,
3321,11.92,275.01,13.44,0,0.48,0,-4.72,45.18,26.79,-73.6,-72.08,3.67,294.5,-68.41,226.09,,,,,
3331,10.34,271.74,10.44,0,0.75,0,-2.37,45.32,27.39,-73.62,-69.01,3.64,289.98,-65.37,224.61,,,,,
3341,10.9,268.11,12.32,0,0.42,0,0.34,45.01,28.53,-73.71,-68.68,3.66,291.92,-65.02,226.9,,,,,
3351,19.5,276,12.71,0,0.12,0,-1.49,44.63,27.97,-72.33,-70.68,3.65,307.1,-67.03,240.08,,,,,
3361,20.84,284.1,21.2,0,0.23,0,-3.13,43.21,26.56,-71.41,-70.96,3.66,321.6,-67.3,254.3,,,,,
3371,9.55,279.67,11.67,0,0.29,0,3.63,45.23,27.37,-73.43,-70.35,3.67,303.97,-66.68,237.29,,,,,
3381,17.9,273.33,15.04,0,0.31,0,-3.1,44.47,26.72,-72.91,-70.63,3.65,301.76,-66.98,234.78,,,,,
3391,14.74,278.86,16.03,0,0.16,0,-1.49,44.62,29.12,-72.09,-71.61,3.63,309.94,-67.99,241.96,,,,,
3401,10.06,282.79,11.17,0,0.15,0,-4.07,44.94,29.46,-73.33,-70.4,3.65,301.17,-66.75,234.41,,,,,
3411,16.78,280.07,12.82,0,0.71,0,-1.2,43.28,25.56,-72.91,-70.87,3.67,305.1,-67.2,237.9,,,,,
3421,8.38,279.3,12.2,0,0.19,0,-2.74,44.86,32.32,-73.53,-71,3.66,300.99,-67.34,233.65,,,,,
3431,11.3,279.32,13.85,0,0.43,0,-1.6,44.82,29.57,-73.92,-68.84,3.66,303.77,-65.18,238.59,,,,,
3441,13.85,278.45,13.98,0,0.52,0,-1.26,44.75,25.81,-72.85,-71.14,3.64,303.25,-67.5,235.75,,,,,
3451,9.73,277.68,14.02,0,0.63,0,-0.44,45.33,29.2,-73.28,-71.07,3.65,302.85,-67.42,235.44,,,,,
3461,14.81,274.88,15.16,0,0.21,0,-1.52,44.4,25.79,-73.2,-70.22,3.64,300.54,-66.59,233.95,,,,,
3471,12.49,271.6,14.67,0,0.75,0,-3.12,45.23,25.91,-73.08,-71.12,3.66,294.45,-67.46,226.99,,,,,
3481,16.35,277.74,10.67,0,0.57,0,-0.4,45.13,26.04,-73.44,-71.08,3.68,302.66,-67.4,235.26,,,,,
3491,19.36,270.09,11.22,0,0.92,0,-2.66,43.99,25.49,-72.04,-70.6,3.65,296.37,-66.95,229.42,,,,,
3501,19.72,283.77,14.56,0,0.35,0,-2.63,44.49,29.39,-73.38,-70.12,3.64,316.27,-66.48,249.8,,,,,
3511,11.74,277.91,15.35,0,0.15,0,-2.97,44.4,25.92,-70.89,-71.16,3.65,301.6,-67.51,234.09,,,,,
3521,18.39,273.3,11.92,0,0.26,0,-4.96,43.44,23.52,-71.32,-71.05,3.64,294.54,-67.41,227.13,,,,,
3531,9.72,270.37,16.28,0,1.23,0,2.81,44.43,29.46,-73.08,-70.37,3.65,301.22,-66.72,234.5,,,,,
3541,17.14,271.72,14.08,0,0.39,0,-2.22,43.95,27.41,-72.42,-70.18,3.68,300.05,-66.5,233.55,,,,,
3551,13.28,270.86,9.21,0,0.44,0,0.26,45.04,29.33,-73.73,-68.45,3.65,294.68,-64.8,229.89,,,,,
3561,18.61,267.9,14.21,0,0.15,0,-2.73,43.85,23.05,-73.19,-70.86,3.64,291.86,-67.22,224.64,,,,,
3571,15.48,275.48,12.14,0,0.59,0,-0.97,43.98,28.63,-72.21,-69.02,3.69,303.12,-65.33,237.79,,,,,
3581,14.58,269.79,15.7,0,0.15,0,-1.25,45.11,28.44,-72.9,-69.6,3.64,299.63,-65.96,233.67,,,,,
3591,10.98,280.61,11.15,0,0.14,0,0.31,46.19,31.03,-74.37,-68.33,3.67,306.04,-64.66,241.38,,,,,
3601,12.29,282.37,15.33,0,0.32,0,-2.56,44.45,26.43,-71.92,-70.07,3.62,306.72,-66.45,240.26,,,,,
3611,21.07,276.84,14.59,0,0.14,0,-1.82,43.77,26.34,-71.67,-71.07,3.63,309.26,-67.44,241.82,,,,,
3621,22.05,277.51,14.72,0,0.3,0,-0.77,43.75,24.13,-72.83,-70.76,3.65,308.86,-67.11,241.74,,,,,
3631,14.18,277.88,12.49,0,0.03,0,-0.98,45.07,25.38,-72.74,-70.45,3.64,301.3,-66.81,234.5,,,,,
3641,11.58,270.41,14.54,0,0.42,0,-0.38,43.71,27.05,-71.94,-70.69,3.67,295.39,-67.02,228.37,,,,,
3651,13.1,276.86,13.85,0,0.17,0,-1.3,43.7,29.49,-72.07,-71.05,3.65,303.81,-67.4,236.4,,,,,
3661,20.62,279.88,15.39,0,0.6,0,-2.19,43.92,26.89,-72.14,-70.08,3.67,312.98,-66.41,246.56,,,,,
3671,10.32,276.88,10.55,0,0.29,0,-0.56,44.94,29.8,-73.22,-70.97,3.63,299.01,-67.34,231.67,,,,,
3681,11.11,278.75,11.12,0,1.2,0,-2.11,43.92,29.09,-72.76,-69.94,3.66,300.33,-66.28,234.05,,,,,
3691,13.85,275.18,12.42,0,0.29,0,0.47,44.39,26.28,-71.75,-70.91,3.67,301.12,-67.24,233.89,,,,,
3701,12.72,274.45,12.85,0,0.08,0,-0.67,44.8,28.54,-72.37,-69.56,3.66,300.42,-65.9,234.52,,,,,
3711,16.68,271.02,17.31,0,0.07,0,-1.63,43.09,25.38,-73.29,-70,3.71,298.62,-66.29,232.33,,,,,
3721,8.55,268.88,15.51,0,1.34,0,-2.74,44.08,30.4,-72.14,-70.39,3.69,293.88,-66.7,227.18,,,,,
3731,11.37,275.1,17.19,0,0.41,0,-3.02,45.31,27.44,-74.5,-69.89,3.67,299.3,-66.22,233.08,,,,,
3741,15.62,275.98,18.18,0,0.34,0,-3.53,43.95,27.92,-72.83,-70.47,3.73,305.64,-66.74,238.9,,,,,
3751,16.94,277.61,11.68,0,0.23,0,-3.67,44.68,26.03,-73.16,-71.82,3.69,300.35,-68.13,232.22,,,,,
3761,14.83,278.09,17.89,0,0.09,0,0.49,44.74,25.48,-73.04,-69.64,3.66,308.58,-65.98,242.6,,,,,
3771,18,271.13,15.2,0,0.25,0,0.59,44.86,32.61,-73.82,-70.69,3.71,308.8,-66.98,241.82,,,,,
3781,16.23,278.22,10.8,0,0.05,0,2.57,45.18,27.19,-74.31,-70.75,3.68,305.95,-67.08,238.87,,,,,
3791,12.07,278.29,18.71,0,0.22,0,1.34,44.93,24.9,-73.92,-70.7,3.69,306.53,-67.02,239.51,,,,,
3801,10.16,272.76,11.96,0,0.58,0,0.57,45.71,28.8,-73.69,-72.4,3.65,296.86,-68.75,228.11,,,,,
3811,12.37,272.66,16.63,0,0.37,0,-1.2,43.98,30.39,-74.32,-69,3.66,300.88,-65.35,235.53,,,,,
3821,15.43,277.23,12.39,0,0.44,0,-3.76,44.24,26.58,-72.51,-70.76,3.64,300.04,-67.13,232.91,,,,,
3831,18.38,273.93,16.04,0,0.6,0,-1.15,42.71,22.66,-71.39,-71.17,3.69,301.78,-67.48,234.3,,,,,
3841,14.2,280.47,10.89,0,1.15,0,-0.79,43.72,26.06,-71.75,-70.51,3.66,303.95,-66.85,237.09,,,,,
3851,13.84,283.9,17.12,0,0.15,0,-4.16,46.23,29.95,-73.92,-71.82,3.65,313.1,-68.16,244.94,,,,,
3861,18.52,276.31,14.1,0,0.66,0,-2.87,43.12,25.73,-71.86,-71.86,3.65,303.71,-68.21,235.5,,,,,
3871,12.17,273.43,9.88,0,0.56,0,-0.49,44.79,25.8,-72.82,-71.55,3.65,293.32,-67.9,225.42,,,,,
3881,11.64,274.2,16.6,0,0.12,0,2.69,43.04,28.48,-72.66,-69.75,3.66,304.1,-66.09,238.01,,,,,
3891,15.92,279.28,11.63,0,0.13,0,-1.06,44.98,31.43,-73.17,-70.01,3.67,309.15,-66.34,242.81,,,,,
3901,21.83,260.61,16.66,0,0.39,0,1.02,43.77,24.32,-72.2,-69.13,3.62,296.41,-65.51,230.9,,,,,
3911,13.32,286.37,16.54,0,0.5,0,-2.79,45.07,27.72,-73.05,-70.88,3.63,313.7,-67.25,246.45,,,,,
3921,18.15,278.5,18.19,0,0.62,0,-3.9,45.92,28.13,-74.75,-69.75,3.64,310.85,-66.11,244.74,,,,,
3931,20.6,279.84,11.86,0,0.63,0,-3.22,43.42,26.33,-71.53,-71.25,3.68,307.92,-67.57,240.35,,,,,
3941,15.83,289.21,17.02,0,0.95,0,-2.37,43.81,30.58,-73.41,-71.11,3.66,321.6,-67.45,254.15,,,,,
3951,19.18,270,14.23,0,0.19,0,-3.67,45.58,23.79,-73.07,-71.37,3.62,296.23,-67.75,228.49,,,,,
3961,13.72,282.86,12.55,0,0.79,0,-1.85,44.37,25.4,-73.45,-70.27,3.69,304.39,-66.58,237.82,,,,,
3971,13.87,280.92,10.43,0,1.09,0,-1.87,44.55,24.5,-73.19,-70.48,3.67,300.3,-66.81,233.49,,,,,
3981,12.35,276.96,14.31,0,0.38,0,-1.26,44.81,29.59,-74.88,-70.2,3.65,302.27,-66.55,235.72,,,,,
3991,12.12,280.04,13.05,0,0.12,0,-0.18,44.59,26.45,-71.85,-71.9,3.66,304.35,-68.25,236.1,,,,,
4001,21.43,278.77,17.1,0,0.12,0,-3.36,45.56,25.97,-74.94,-69.2,3.62,310.65,-65.58,245.08,,,,,
4011,11.34,275.85,12.75,0,0.18,0,-1.99,45.05,25.76,-73.46,-69.65,3.65,295.48,-65.99,229.49,,,,,
4021,14.26,275.29,14.79,0,0.27,0,-5.55,45.3,24.84,-73.11,-71.64,3.65,296.08,-67.99,228.1,,,,,
4031,17.64,271.62,12.98,0,0.75,0,-1.05,46.1,28.24,-74.99,-70.87,3.64,301.29,-67.22,234.07,,,,,
4041,21.01,281.2,9.97,0,0.11,0,1.34,45.06,23.61,-73.4,-70.83,3.63,308.9,-67.2,241.7,,,,,
4051,11.39,280.7,14.62,0,0.22,0,-3.74,45.18,28.07,-73.78,-69.27,3.66,302.66,-65.61,237.05,,,,,
4061,14.8,277.97,9.9,0,0.35,0,-1.7,44.45,26.45,-72.59,-71.47,3.65,299.63,-67.81,231.82,,,,,
4071,14.65,280.72,14.25,0,0.96,0,-5.12,43.65,24.25,-71.24,-70.98,3.65,302.12,-67.33,234.79,,,,,
4081,14.35,278.28,13.08,0,0.52,0,-2.18,43.77,26.4,-72.33,-70.79,3.65,301.89,-67.14,234.74,,,,,
4091,17.23,280.43,14.13,0,0.37,0,-3,43.93,22.47,-72.43,-71.89,3.67,303.14,-68.22,234.92,,,,,
4101,21.97,275.56,14.11,0,0.57,0,-2.1,45.58,24.48,-73.06,-71.48,3.64,307.11,-67.83,239.27,,,,,
4111,12.7,278.83,11.25,0,1.65,0,-2.32,45.11,28.35,-73.2,-71.14,3.66,302.38,-67.47,234.91,,,,,
4121,16.4,289.12,10.33,0,0.79,0,-4.5,45.06,25.21,-72.76,-70.23,3.65,309.65,-66.58,243.08,,,,,
4131,11.44,273.06,16.43,0,0.38,0,-3.09,44.92,26.15,-73.03,-70.15,3.61,296.26,-66.54,229.72,,,,,
4141,13.08,277.23,16.78,0,0.25,0,-1.21,45.4,30.65,-74.61,-69.75,3.63,307.57,-66.12,241.45,,,,,
4151,18.01,269.47,15.91,0,0.39,0,0,43.9,26.42,-73.03,-69.17,3.67,301.08,-65.5,235.57,,,,,
4161,11.1,270.4,12.2,0,0.25,0,-3.07,45.11,28.8,-73.49,-68.05,3.61,291.31,-64.43,226.88,,,,,
4171,21.96,270.7,12.03,0,0.35,0,-2.08,43.81,25.71,-72.69,-70.82,3.67,299.79,-67.15,232.64,,,,,
4181,17,274.53,14.19,0,0.3,0,-0.44,43.64,22.88,-72.03,-68.74,3.66,300.08,-65.09,234.99,,,,,
4191,11.95,275.61,13.91,0,0.74,0,-2.18,43.35,25.42,-72.51,-70.31,3.67,296.29,-66.65,229.64,,,,,
4201,10.04,284.87,10.07,0,0.93,0,-3.48,43.69,25.63,-73.46,-68.8,3.68,298.27,-65.11,233.16,,,,,
4211,12.17,271.89,12.26,0,0.52,0,-0.64,44.22,25.83,-71.92,-70.7,3.68,294.34,-67.03,227.32,,,,,
4221,15.49,279.99,15.48,0,0.57,0,0.11,44.44,27.19,-72.47,-71.04,3.61,310.81,-67.43,243.38,,,,,
4231,18.73,270.82,16.7,0,0.5,0,-4.03,44.43,25,-72.3,-71.02,3.66,299.85,-67.36,232.49,,,,,
4241,18.34,277.64,13.24,0,0.32,0,-2.67,44.3,21.27,-71.81,-70.88,3.64,300.63,-67.24,233.39,,,,,
4251,12.81,274.73,10.59,0,1.11,0,-2.21,44.7,24.9,-73.17,-70.39,3.65,293.46,-66.74,226.72,,,,,
4261,16.25,278.88,8.98,0,0.81,0,3.02,44.72,28.63,-72.64,-70.97,3.63,308.65,-67.35,241.3,,,,,
4271,20.63,281.94,13.26,0,0.15,0,-2.24,44.15,26.89,-73.44,-70.74,3.65,311.33,-67.09,244.24,,,,,
4281,20.36,278.16,16.94,0,0.97,0,0.48,44.82,30.18,-72.19,-72.08,3.65,319.72,-68.43,251.29,,,,,
4291,19.77,275.17,15.6,0,0.53,0,-1.38,43.69,23.74,-71.37,-71.15,3.67,305.77,-67.48,238.29,,,,,
4301,11.37,276.02,12.66,0,0.23,0,0.08,45.13,28.8,-74.47,-70.25,3.65,299.81,-66.6,233.21,,,,,
4311,19.09,267.72,13.01,0,0.27,0,-2.88,44.74,27.58,-74.53,-69.51,3.67,294.99,-65.85,229.14,,,,,
4321,9.36,277.82,13.19,0,0.07,0,2.79,44.38,32.2,-74.51,-68.68,3.67,305.31,-65.01,240.3,,,,,
4331,11.03,283.1,16.27,0,0.21,0,-4.91,43.3,27.26,-72.33,-70.64,3.68,303.91,-66.96,236.95,,,,,
4341,15.19,273.45,12.45,0,0.87,0,-1.66,45.37,31.11,-75.29,-70.19,3.69,301.49,-66.5,234.99,,,,,
4351,19.93,284.61,10.97,0,0.29,0,-1.8,44.2,25.62,-71.63,-71.46,3.69,312.19,-67.77,244.42,,,,,
4361,10.77,277.28,14.06,0,0.28,0,-3.81,44.06,28.1,-73.27,-69.67,3.7,297.48,-65.97,231.51,,,,,
4371,9.62,276.16,14.09,0,0.37,0,0.27,44.85,28.21,-73.18,-70.15,3.67,300.39,-66.47,233.92,,,,,
4381,18.02,275.99,13.33,0,1.1,0,-2.15,43.91,23.89,-73.02,-70.54,3.7,301.08,-66.84,234.23,,,,,
4391,13.98,274.27,16.8,0,0.37,0,-2.8,45.52,27.38,-73.9,-69.18,3.69,301.63,-65.49,236.14,,,,,
4401,15.08,281.71,14.82,0,0.24,0,-0.8,43.49,26.35,-72.49,-69.67,3.68,308.4,-65.99,242.41,,,,,
4411,15.45,271.34,16.74,0,0.08,0,-0.24,45.64,28.36,-74.09,-71.89,3.68,303.27,-68.21,235.06,,,,,
4421,22.85,272.43,15.21,0,0.06,0,-3.14,43.99,25.71,-71.92,-71.72,3.68,305.2,-68.04,237.16,,,,,
4431,11.33,274.54,12.65,0,0.54,0,-1.88,44.55,27.2,-73.77,-70.52,3.67,295.17,-66.84,228.33,,,,,
4441,13.53,279.43,13.89,0,0.87,0,-1.43,43.94,26.75,-74.27,-68.79,3.68,302.72,-65.11,237.61,,,,,
4451,15.75,273.25,15.86,0,0.46,0,-3.15,44.87,26.49,-73.13,-69.85,3.67,300.4,-66.18,234.22,,,,,
4461,11.96,267.91,13.15,0,0.03,0,0.03,45.2,29.72,-74.49,-70.65,3.67,293.5,-66.98,226.52,,,,,
4471,13.57,271.83,15.92,0,0.45,0,-1.04,43.56,23.77,-73.19,-69.97,3.72,294.87,-66.25,228.62,,,,,
4481,14.44,276.45,13.23,0,0.1,0,-2.82,44.45,27.67,-72.84,-70.39,3.67,300.69,-66.73,233.96,,,,,
4491,10.26,279.43,15.68,0,1.26,0,-1.04,43.66,28.12,-72.18,-70.83,3.66,305.2,-67.16,238.04,,,,,
4501,18.79,275.38,14.51,0,0.07,0,-1.32,43.61,23.27,-71.68,-71.71,3.68,302.64,-68.03,234.61,,,,,
4511,15.52,271.08,9.89,0,0.57,0,0.48,44.02,27.03,-72.1,-71.16,3.7,296.49,-67.46,229.03,,,,,
4521,20.34,290.84,12.93,0,0.44,0,-3.21,45.41,28.17,-73.6,-69.43,3.67,321.32,-65.77,255.55,,,,,
4531,19.27,270.79,15.8,0,0.89,0,-2.84,45.11,31.61,-74.94,-70.29,3.68,305.68,-66.62,239.06,,,,,
4541,16.38,278.51,11.31,0,0.24,0,0.01,43.88,20.35,-72.44,-71.38,3.7,298.25,-67.68,230.57,,,,,
4551,13.04,278.82,17.78,0,0.59,0,-0.33,43.5,29.03,-71.76,-71,3.69,310.68,-67.31,243.37,,,,,
4561,12.79,266.46,14.57,0,0.08,0,-1.45,44.67,28.36,-72.71,-71.02,3.68,292.77,-67.34,225.44,,,,,
4571,18.6,272.35,16.61,0,0.4,0,-2.63,44.58,25.71,-72.31,-70.15,3.68,303.32,-66.47,236.85,,,,,
4581,12.79,267.76,15.63,0,0.14,0,-3.62,45.2,26.99,-73.4,-71.02,3.68,291.49,-67.34,224.15,,,,,
4591,16.97,275.49,12.44,0,0.48,0,-3.24,44.51,23.47,-72.28,-70.1,3.69,297.84,-66.4,231.44,,,,,
4601,20.18,269.04,17.03,0,0.18,0,-4.62,43.28,24.12,-72.25,-70.48,3.66,296.96,-66.82,230.14,,,,,
4611,15.32,271.29,18.14,0,0.15,0,-1.58,45.56,24.87,-74.58,-69.77,3.67,299.16,-66.1,233.06,,,,,
4621,10.22,274.74,11.1,0,0.61,0,-3.22,45.31,26.09,-72.81,-69.6,3.7,292.03,-65.91,226.13,,,,,
4631,14.54,267.01,14.54,0,0.1,0,-2.96,44.56,27.43,-74.31,-70.42,3.7,290.9,-66.71,224.18,,,,,
4641,12.66,277.12,15.69,0,0.14,0,-1.69,43.92,27.34,-72.79,-71.49,3.71,302.38,-67.79,234.6,,,,,
4651,15.87,270.78,16.52,0,1.09,0,-2.33,45.81,26.33,-74.41,-71.96,3.67,299.65,-68.29,231.36,,,,,
4661,16.63,269.73,16.71,0,0.42,0,-3.31,43.7,25.36,-72.24,-70.6,3.71,296.99,-66.89,230.1,,,,,
4671,16.57,282.03,15.43,0,0.2,0,-4.75,44.33,25.67,-72.73,-70.5,3.68,306.75,-66.83,239.92,,,,,
4681,14.72,272.57,13.89,0,0.03,0,-2.67,44.94,26.02,-73.45,-69.34,3.69,296.05,-65.65,230.4,,,,,
4691,21.08,280.3,13.64,0,0.72,0,-4.27,45.3,24.65,-74.27,-70.91,3.71,307.14,-67.21,239.93,,,,,
4701,15.45,268.81,15.07,0,0.83,0,-0.11,44.75,27.09,-73.67,-70.6,3.64,298.23,-66.95,231.28,,,,,
4711,15.18,281.05,13.97,0,0.11,0,-0.63,45.3,28.4,-73.17,-71.11,3.66,310.2,-67.45,242.75,,,,,
4721,11.22,277.22,14.82,0,0.21,0,-0.96,43.79,24.54,-72.22,-70.26,3.62,298.62,-66.64,231.97,,,,,
4731,12.52,278.85,14.16,0,0.15,0,-1.24,44.14,28.94,-74.34,-68.66,3.65,303.19,-65,238.19,,,,,
4741,18.3,272.67,15.08,0,0.52,0,0.14,44.05,26.44,-72.64,-70.78,3.64,304.57,-67.15,237.43,,,,,
4751,11.93,278.94,14.97,0,0.6,0,-3.83,43.87,30.34,-72.71,-71.64,3.67,304.12,-67.97,236.15,,,,,
4761,16.95,286.65,12.66,0,0.78,0,-1.4,43.38,24.42,-71.8,-71.26,3.66,311.65,-67.6,244.05,,,,,
4771,16.54,272.77,16.7,0,0.33,0,-4.15,44.33,28.48,-72.83,-72.22,3.66,302.16,-68.56,233.6,,,,,
4781,8.29,271.97,12.56,0,0.66,0,-1.86,45.34,31.34,-74.51,-69.44,3.65,293.8,-65.79,228.02,,,,,
4791,13.38,276.16,16.09,0,0.9,0,-2.02,43.92,27.07,-72.98,-69.54,3.67,302.51,-65.87,236.64,,,,,
4801,13.9,280.6,9.89,0,0.26,0,2.95,43.46,26.79,-70.98,-71.8,3.65,306.87,-68.15,238.72,,,,,
4811,18.42,273.31,13.96,0,0.12,0,-0.29,46.62,26.86,-74.31,-71.03,3.66,304.7,-67.37,237.33,,,,,
4821,17.01,274.47,13.58,0,0.17,0,-0.73,44.74,26.7,-73.71,-69.64,3.68,302.25,-65.95,236.3,,,,,
4831,8.37,281.79,14.75,0,0.24,0,-4.31,44.99,28.04,-72.19,-71.69,3.65,301.67,-68.04,233.63,,,,,
4841,17.9,278.13,12.1,0,0.3,0,-4.18,42.86,23.74,-70.13,-71.86,3.67,300.72,-68.19,232.53,,,,,
4851,16.18,275.54,12.55,0,0.22,0,-3.28,44,25.63,-72.9,-70.61,3.65,297.94,-66.96,230.99,,,,,
4861,12.87,282.05,11.95,0,0.62,0,-4.39,44.39,29.69,-73.21,-70.37,3.67,303.97,-66.7,237.27,,,,,
4871,14.45,275.15,13.67,0,0.06,0,-1.66,43.64,25.29,-72.54,-69.86,3.67,298.05,-66.19,231.85,,,,,
4881,13.27,276.22,13.24,0,0.13,0,1.64,45.57,29.35,-74.95,-69.26,3.64,304.46,-65.62,238.84,,,,,
4891,11.73,280.64,10.1,0,0.21,0,-2.66,44.84,25.84,-73.67,-72.12,3.62,297.02,-68.49,228.53,,,,,
4901,13.71,272.79,11.3,0,1.12,0,-2.69,44.28,24.58,-71.6,-70.99,3.67,293.5,-67.33,226.17,,,,,
4911,17.68,272.25,8.91,0,0.25,0,1.38,44.77,24.71,-72.46,-70.41,3.65,297.48,-66.76,230.71,,,,,
4921,14.21,276.96,13.71,0,0.36,0,-2.81,46.09,29.28,-75.13,-70.36,3.67,302.67,-66.68,235.99,,,,,
4931,13.46,268.92,16.62,0,0.24,0,-2.2,43.47,30.41,-72.8,-69.59,3.64,298.12,-65.95,232.17,,,,,
4941,14.91,275.05,12.39,0,0.91,0,0.02,45.48,26.22,-73.89,-70.53,3.65,301.1,-66.88,234.22,,,,,
4951,15.23,275.12,13.48,0,0.1,0,-2.01,44.86,27.42,-73.1,-71.96,3.66,301.1,-68.31,232.79,,,,,
4961,14.41,272.49,16.81,0,0.2,0,-1.36,45.57,27.44,-72.77,-69.89,3.65,302.81,-66.24,236.56,,,,,
4971,13.55,277.36,10.87,0,0.81,0,-1.38,45.1,28.94,-74.57,-70.25,3.66,300.67,-66.6,234.07,,,,,
4981,15.06,272.59,12.69,0,0.59,0,2.03,44.56,26.63,-72.84,-70.11,3.67,301.3,-66.44,234.86,,,,,
4991,13.12,278.19,14.4,0,0.93,0,-3.61,44.58,26.06,-71.54,-70.93,3.66,302.12,-67.28,234.85,,,,,
5001,12.46,275.28,15.15,0,0.43,0,-2.76,43.91,28.11,-72.5,-70.17,3.68,300.08,-66.49,233.59,,,,,
5011,13.34,277.91,14.73,0,0.88,0,-3.45,43.66,31.1,-71,-70.96,3.65,307.18,-67.31,239.87,,,,,
5021,12.61,283.68,8.26,0,1.21,0,1.07,44.09,26.02,-72.91,-71.37,3.65,304.03,-67.72,236.32,,,,,
5031,14.16,272.06,16,0,0.42,0,-3.86,43.33,27.73,-72.8,-70.02,3.67,297.04,-66.35,230.68,,,,,
5041,13.81,270.45,16.12,0,0.41,0,-3.68,44.76,25.92,-72.84,-70.02,3.65,294.95,-66.37,228.58,,,,,
5051,10.04,271.8,15.95,0,0.41,0,-4.14,43.71,27.29,-72.38,-70.59,3.65,292.69,-66.94,225.75,,,,,
5061,22.55,278.55,12.89,0,0.22,0,-4.97,44.48,25.35,-72.14,-71.79,3.69,306.93,-68.1,238.83,,,,,
5071,11.31,267.67,15.56,0,0.53,0,-3.22,45.26,27.3,-72.62,-70.84,3.68,291.8,-67.15,224.65,,,,,
5081,14.74,285.07,10.98,0,1.38,0,1.22,45.26,27.26,-72.43,-70.43,3.67,313.48,-66.76,246.72,,,,,
5091,9.63,271.39,13.84,0,0.93,0,1.88,44.96,31.45,-73.86,-70.09,3.7,300.21,-66.39,233.83,,,,,
5101,18.55,273.57,15.3,0,0.63,0,-3,44.7,27.26,-72.73,-69.22,3.62,304.27,-65.6,238.68,,,,,
5111,13.94,265.7,19.73,0,0.61,0,-1.45,42.85,27.19,-72.67,-68.76,3.69,295.89,-65.07,230.82,,,,,
5121,15.38,267.09,15.65,0,1.35,0,-0.31,43.95,26.05,-72.33,-71.15,3.62,296.84,-67.53,229.31,,,,,
5131,15.6,277.02,15.5,0,0.16,0,-1.38,43.72,23.84,-72.44,-69.42,3.66,302.03,-65.77,236.26,,,,,
5141,10.43,273,13.98,0,0.91,0,1.58,44.83,28.95,-73.54,-71.03,3.63,300.15,-67.39,232.75,,,,,
5151,11.41,269.66,15.46,0,0.89,0,-1.94,43.37,27.44,-72.55,-70.25,3.66,293.74,-66.59,227.15,,,,,
5161,11.93,282.46,13.91,0,0.55,0,-4.14,45.66,26.65,-72.91,-70.19,3.64,304.11,-66.55,237.57,,,,,
5171,19.96,272.67,12.47,0,1.28,0,-0.42,45.35,26.76,-72.89,-68.64,3.65,305.19,-64.99,240.2,,,,,
5181,15.13,272,15.01,0,0.25,0,-2.02,43.7,23.96,-72.14,-70.64,3.68,295.9,-66.96,228.93,,,,,
5191,13.54,272.95,15.21,0,0.12,0,-0.32,43.8,25.85,-72.86,-70.14,3.66,298.29,-66.49,231.81,,,,,
5201,16.71,275.13,13.16,0,1.17,0,-1.07,43.64,26.19,-70.76,-71.3,3.65,304.17,-67.65,236.52,,,,,
5211,12.29,275.1,13.67,0,0.17,0,-0.81,44.13,27.36,-73.28,-69.44,3.67,298.63,-65.77,232.86,,,,,
5221,14.87,274.17,12.1,0,0.5,0,0.96,44.74,30.57,-73.28,-71.01,3.62,304.62,-67.39,237.23,,,,,
5231,12.51,275.42,12.71,0,0.29,0,-3.79,43.97,26.26,-74.1,-70.11,3.66,293.28,-66.46,226.82,,,,,
5241,11.19,282.7,14.19,0,0.76,0,-2.93,43.85,28.63,-72.47,-70.55,3.65,305.93,-66.9,239.02,,,,,
5251,11.09,272.27,10.06,0,0.53,0,-2.26,45.13,26.26,-73.17,-69.46,3.64,289.92,-65.82,224.1,,,,,
5261,13.85,278.49,15.8,0,0.38,0,-2.79,44.63,24.91,-72.58,-71.52,3.66,302.68,-67.85,234.82,,,,,
5271,17.09,284.75,13.52,0,0.64,0,-1.84,44.54,26.17,-74.13,-69.98,3.66,310.73,-66.33,244.41,,,,,
5281,12.82,274.43,13.48,0,0.17,0,-0.66,45.08,28.2,-72.78,-70.87,3.64,300.74,-67.23,233.51,,,,,
5291,15.88,275.64,13.38,0,0.56,0,-1.39,45.62,23,-72.56,-70.81,3.64,300.14,-67.17,232.96,,,,,
5301,14.01,274.42,10.76,0,0.08,0,-1.72,46.25,27.44,-75.33,-70.58,3.65,295.9,-66.93,228.96,,,,,
5311,14.95,269.97,14.31,0,0.08,0,-0.68,44.8,26.09,-73.13,-71.43,3.67,296.39,-67.76,228.63,,,,,
5321,14.81,271.13,13.18,0,0.17,0,-4.33,44.33,25.97,-73.09,-69.93,3.66,292.18,-66.27,225.91,,,,,
5331,12.12,278.95,12.82,0,0.81,0,-4.42,44.6,26.9,-72.62,-71.2,3.66,299.16,-67.54,231.62,,,,,
5341,14.1,277.73,15.24,0,0.56,0,-2.88,44.51,29.59,-71.94,-71.01,3.64,306.91,-67.36,239.54,,,,,
5351,18.59,279.45,12.44,0,0.8,0,-3.9,44.73,24.89,-72.83,-71.61,3.64,304.17,-67.97,236.2,,,,,
5361,16.31,270.07,14.92,0,0.39,0,-0.75,45.67,26.6,-74.58,-69.89,3.66,298.63,-66.23,232.4,,,,,
5371,14.13,272.07,17.61,0,0.55,0,-3.85,45.01,28.44,-74.1,-68.86,3.65,299.86,-65.21,234.64,,,,,
5381,13.32,269.54,14.36,0,0.33,0,-2.64,43.78,29.45,-72.02,-68.9,3.67,296.1,-65.24,230.87,,,,,
5391,11.78,277.33,12.64,0,0.64,0,-4.66,44.73,27.6,-73.17,-70.36,3.65,296.88,-66.71,230.17,,,,,
5401,22.05,272.74,12.11,0,0.56,0,-1.84,45.23,25.21,-74.22,-71.83,3.66,301.83,-68.17,233.65,,,,,
5411,13.45,281.24,15.61,0,0.12,0,-4.12,44.77,27.65,-73.64,-70.26,3.67,305.08,-66.59,238.49,,,,,
5421,20.12,267.45,14.2,0,0.07,0,-1.2,44.79,27.31,-73.73,-70.41,3.63,299.01,-66.77,232.23,,,,,
5431,15.65,276.79,13.37,0,0.26,0,-3.25,43.37,27.65,-72.77,-69.4,3.65,301.07,-65.75,235.32,,,,,
5441,12.23,269.51,11.11,0,1.6,0,-2.64,44.67,30.12,-73.53,-70.69,3.67,293.07,-67.02,226.05,,,,,
5451,14.05,284.25,14.1,0,0.26,0,-3.29,43.89,25.42,-72.34,-71.52,3.66,306.35,-67.86,238.5,,,,,
5461,16.45,276.72,12.27,0,0.6,0,1.77,43.91,25.23,-72.48,-70.14,3.66,304.48,-66.48,238.01,,,,,
5471,14.23,269.73,14.06,0,0.58,0,0.09,45.28,27.48,-73.38,-70.65,3.64,298.08,-67.01,231.07,,,,,
5481,15.83,275.61,14.35,0,1.36,0,-2.88,44.43,26.56,-74.01,-69.71,3.66,301.26,-66.05,235.21,,,,,
5491,11.22,274.44,13.14,0,0.37,0,-3.01,43.16,24.67,-72.13,-69.21,3.66,291.86,-65.55,226.31,,,,,
5501,17.14,274.24,11.77,0,0.77,0,-2.14,45.99,28.11,-73.17,-70.96,3.63,302.72,-67.32,235.39,,,,,
5511,9.35,278.44,13.97,0,0.11,0,-3.32,45.82,31.15,-74.6,-70.73,3.66,300.92,-67.07,233.85,,,,,
5521,20.14,274.05,15.23,0,0.47,0,-0.84,44.67,23.61,-72.51,-70.2,3.67,304.81,-66.53,238.28,,,,,
5531,12.51,279.92,13.64,0,0.62,0,-2.12,45.8,25.82,-71.99,-70.73,3.62,304.21,-67.1,237.1,,,,,
5541,15.59,274.86,12.22,0,0.16,0,-1.66,44.53,30.02,-73.46,-70.3,3.66,302.28,-66.63,235.64,,,,,
5551,10.88,273.67,12.74,0,0.37,0,-1.2,44.41,27.63,-74.27,-69,3.65,294.23,-65.35,228.88,,,,,
5561,10.76,275.79,12.76,0,1.34,0,-4.44,45.33,28.55,-73.91,-68.6,3.64,296.18,-64.96,231.21,,,,,
5571,17.25,279.36,12.04,0,0.61,0,-2.68,44.4,26.73,-73.86,-70.08,3.67,303.86,-66.41,237.45,,,,,
5581,12.05,275.01,18.57,0,0.18,0,3.38,45.11,27.19,-74.78,-69.15,3.68,306.71,-65.48,241.23,,,,,
5591,7.19,272.93,15.19,0,0.02,0,-1.4,44.18,28.62,-72.52,-69.84,3.64,294.21,-66.2,228.01,,,,,
5601,15.45,280.42,9.79,0,0.17,0,-1.5,44.92,25.89,-72.85,-69.02,3.65,302.29,-65.37,236.92,,,,,
5611,15.59,273.09,10.24,0,0.27,0,-1.8,45.4,25.97,-72.84,-70.86,3.62,295.92,-67.24,228.68,,,,,
5621,14.69,269.61,15.94,0,0.06,0,3.23,45.62,29.9,-73.73,-67.5,3.6,305.33,-63.9,241.42,,,,,
5631,11.24,275.42,13.61,0,0.08,0,0.39,44.91,27.52,-73.16,-70.23,3.66,300,-66.57,233.43,,,,,
5641,19.71,275.99,17.3,0,0.21,0,-3,44.43,24.15,-73.5,-68.9,3.63,305.28,-65.27,240,,,,,
5651,13.86,285.29,12.46,0,0.64,0,2.58,43.97,26.49,-71.1,-72.13,3.68,314.18,-68.45,245.73,,,,,
5661,12.78,273.59,16.24,0,0.29,0,5.07,45.49,27.98,-74.35,-70.52,3.64,307.08,-66.88,240.2,,,,,
5671,20.04,277.52,12.96,0,0.2,0,-3.11,43.13,25.53,-71.73,-70.14,3.66,304.54,-66.49,238.05,,,,,
5681,17.51,277.76,12.24,0,0.93,0,-4.07,44.95,27.49,-73.09,-70.01,3.64,303.72,-66.37,237.35,,,,,
5691,13.01,269.07,15.78,0,0.4,0,-2.19,43.34,25.63,-72.36,-68.94,3.61,292.67,-65.33,227.34,,,,,
5701,13.91,275.83,12.98,0,0.73,0,0.32,45.57,26.67,-73.84,-70.91,3.64,302.17,-67.27,234.9,,,,,
5711,13.23,275.46,11.44,0,0.65,0,0.15,45.19,26.87,-73.77,-70.51,3.64,299.22,-66.87,232.35,,,,,
5721,12.2,282.51,13.41,0,0.29,0,-2.93,45.01,28.79,-73.61,-70.45,3.64,305.68,-66.81,238.87,,,,,
5731,14.2,269.76,13.25,0,0.7,0,0.13,43.77,28.93,-73.64,-69.26,3.68,297.11,-65.58,231.54,,,,,
5741,10.33,274.58,14.04,0,0.22,0,-1.27,44.18,25.83,-73.32,-69.66,3.67,294.6,-65.99,228.61,,,,,
5751,14.75,270.75,17.11,0,0.1,0,-1.47,44.85,26.15,-73.83,-69.28,3.68,298.41,-65.6,232.81,,,,,
5761,15.97,282.99,13.99,0,0.16,0,-1.29,44.09,29.62,-71.73,-70.27,3.65,313.8,-66.62,247.19,,,,,
5771,18.11,269.97,11.44,0,0.13,0,-0.44,45.24,26.04,-74.45,-70.18,3.69,296.04,-66.49,229.55,,,,,
5781,12.72,277.24,15.13,0,1.41,0,-2.75,46.08,30.56,-74.07,-70.8,3.66,306.32,-67.14,239.18,,,,,
5791,25.98,270.47,10.72,0,0.26,0,-0.65,44.19,22.59,-73.75,-69.54,3.64,299.82,-65.91,233.91,,,,,
5801,16.86,273.27,13.52,0,0.48,0,-0.24,45.63,27.45,-73.82,-69.53,3.66,303.15,-65.87,237.28,,,,,
5811,12.96,273.42,11.5,0,0.64,0,-0.43,45.62,24.82,-73.91,-69.61,3.66,294.63,-65.96,228.67,,,,,
5821,8.68,271.49,14.97,0,0.47,0,0.33,45.17,29.95,-75.05,-68.39,3.65,296,-64.74,231.26,,,,,
5831,14.92,276.95,13.12,0,1.13,0,-4.13,44.14,28.04,-72.07,-71.34,3.69,302.1,-67.66,234.44,,,,,
5841,12.03,273.61,10.78,0,0.96,0,-2.4,44.99,28.48,-74.29,-70.2,3.65,294.15,-66.55,227.59,,,,,
5851,13.25,273.95,13.76,0,0.48,0,-1.24,44.76,26.97,-72.45,-70.83,3.65,299.47,-67.18,232.29,,,,,
5861,14.5,268.91,15.9,0,0.53,0,2.85,43.79,26.2,-73.08,-69.15,3.66,299.58,-65.49,234.09,,,,,
5871,13.33,273.17,15.1,0,0.12,0,-3.19,43.32,24.48,-73.53,-70.47,3.65,292.8,-66.82,225.98,,,,,
5881,15.04,278.5,16.43,0,0.66,0,0.43,43.61,30.65,-73.49,-69.73,3.67,311.83,-66.06,245.77,,,,,
5891,16.86,274.15,22.35,0,0.49,0,-2.96,44.36,28.24,-73.77,-70.5,3.62,309.72,-66.87,242.84,,,,,
5901,12.5,280.35,12.7,0,0.08,0,-2.1,44.42,27.03,-74.01,-69.28,3.6,300.97,-65.68,235.29,,,,,
5911,16.69,282.53,15.1,0,0.41,0,-4.17,44.38,27.69,-72.86,-69.83,3.64,309.78,-66.19,243.59,,,,,
5921,16.22,279.58,12.3,0,0.35,0,-2.93,45.46,29.83,-72.66,-71.75,3.65,308.15,-68.1,240.05,,,,,
5931,16.99,275.4,15.48,0,0.12,0,-2.07,42.93,21.45,-71.57,-70.42,3.66,298.73,-66.76,231.98,,,,,
5941,14.35,273.03,13.59,0,0.95,0,-0.16,43.96,27.35,-73.54,-70.69,3.66,299.53,-67.03,232.5,,,,,
5951,10.6,276.5,15.68,0,0.25,0,-3.84,43.77,29.99,-72.85,-71.07,3.73,300.11,-67.35,232.77,,,,,
5961,11.04,282.77,15.09,0,0.34,0,-2.32,44.8,27.94,-73.29,-69.17,3.69,306.38,-65.48,240.9,,,,,
5971,21.71,275.94,10.25,0,0.54,0,-1.58,44.83,24.9,-73.29,-70.72,3.72,303.29,-67.01,236.28,,,,,
5981,11.34,284.72,18.35,0,0.64,0,-2.69,44.88,28.18,-73.52,-71.48,3.67,311.9,-67.81,244.09,,,,,
5991,15.56,268.99,16.86,0,0.04,0,-2.71,44.14,27.33,-72.74,-70.04,3.67,297.46,-66.37,231.08,,,,,
6001,7.03,270.19,14.39,0,0.08,0,0.37,44.68,27.7,-74.37,-68.98,3.68,290.06,-65.3,224.76,,,,,
6011,10.76,277.46,10.76,0,0.51,0,-2.3,45.03,29.53,-73.1,-70.62,3.7,298.66,-66.93,231.73,,,,,
6021,12.6,275.18,14.99,0,0.17,0,-3.69,44.13,26.73,-72.79,-70.63,3.65,297.3,-66.97,230.33,,,,,
6031,14.92,274.11,15.48,0,1.02,0,-2.74,43.12,28.76,-71.84,-69.63,3.69,302.82,-65.93,236.89,,,,,
6041,17.35,273.71,13.14,0,0.12,0,-0.83,44.55,26.18,-73.21,-69.6,3.71,301.02,-65.88,235.13,,,,,
6051,14.59,278.74,15.04,0,0.45,0,-3.89,45.15,28.04,-73.23,-71,3.68,304.89,-67.32,237.57,,,,,
6061,10.85,274.99,16.05,0,0.4,0,-2.08,43.64,29.21,-72.16,-69.59,3.69,300.91,-65.9,235,,,,,
6071,20.75,274.99,12.74,0,0.36,0,-3.33,44.08,23.58,-72.66,-70.73,3.71,300.52,-67.02,233.5,,,,,
6081,18.01,268.78,14.34,0,1.16,0,-3.39,45.93,26.53,-73.67,-70.02,3.71,297.69,-66.31,231.38,,,,,
6091,18.39,277.28,18.95,0,0.14,0,-3.99,42.74,28.43,-71.07,-70.59,3.66,310.87,-66.92,243.95,,,,,
6101,18.64,283.72,12.16,0,0.61,0,-3.08,44.26,24.39,-72.64,-69.45,3.69,308.06,-65.75,242.31,,,,,
6111,18.72,283.34,11.34,0,0.38,0,-4.61,45.03,25.59,-72.33,-72.32,3.68,307.46,-68.64,238.82,,,,,
6121,15.48,270.94,15.18,0,0.23,0,-1.07,43.11,26.01,-73.6,-69.25,3.72,296.28,-65.53,230.75,,,,,
6131,16.71,275.65,14.76,0,0.09,0,-5.52,45.44,27.62,-73.96,-69.07,3.7,300.79,-65.37,235.41,,,,,
6141,16.36,271.2,18.07,0,0.05,0,-0.65,44.95,24.34,-72.48,-71.21,3.68,301.84,-67.53,234.31,,,,,
6151,11.84,278.47,13.44,0,0.15,0,0.73,45.02,30.42,-74.84,-70.42,3.71,305.22,-66.71,238.51,,,,,
6161,10.92,269.29,15.51,0,0.17,0,-1.79,44.39,25.95,-73.77,-69.06,3.69,290.67,-65.37,225.3,,,,,
6171,17.8,279.56,14.77,0,0.26,0,-3.52,45.25,25.86,-73.86,-69.87,3.71,306.14,-66.16,239.97,,,,,
6181,13.42,269.05,14.01,0,0.45,0,0.7,44.93,27.13,-74.09,-69.23,3.69,295.6,-65.54,230.06,,,,,
6191,9.35,281.29,11.64,0,0.06,0,0.34,44.96,28.69,-74.56,-68.97,3.68,301.77,-65.29,236.49,,,,,
6201,11.77,274.55,18.51,0,0.44,0,-3.45,43.76,26.89,-73.55,-69.93,3.68,298.93,-66.25,232.68,,,,,
6211,11.45,270,10.76,0,0.93,0,-1.47,44.82,27.45,-74.58,-70.75,3.68,289.35,-67.07,222.28,,,,,
6221,10.62,271.84,19.57,0,0.15,0,-1.18,44.82,33.6,-74.04,-69.25,3.68,305.38,-65.57,239.81,,,,,
6231,9.81,281.81,14.11,0,0.22,0,-1.07,44.46,27.23,-73.31,-70.1,3.69,303.25,-66.41,236.84,,,,,
6241,12.42,280.81,16.34,0,0.06,0,-3.95,43.32,23.84,-72.51,-69.1,3.69,300.33,-65.42,234.91,,,,,
6251,17.94,268.47,14.46,0,0.54,0,1.39,44.81,26.86,-74.39,-68.48,3.68,300.08,-64.8,235.28,,,,,
6261,18.23,265.38,15.37,0,0.82,0,-1.53,45.5,31.53,-75.39,-68.75,3.69,299.92,-65.06,234.86,,,,,
6271,13.3,266.77,17.83,0,0.09,0,0.91,43.86,28.7,-73.97,-69.19,3.66,297.49,-65.53,231.96,,,,,
6281,13.94,274.39,12,0,0.05,0,-2.69,44.84,25.66,-73.84,-70.54,3.68,294.35,-66.86,227.49,,,,,
6291,15.65,279.2,12.92,0,1.3,0,0.14,45.01,25.36,-74.26,-70.37,3.66,305.31,-66.71,238.6,,,,,
6301,12.71,281.64,15.06,0,0.76,0,0.73,45.06,27.53,-74.07,-71.4,3.7,309.42,-67.7,241.72,,,,,
6311,8.96,271.77,14.73,0,0.73,0,-1.58,44.41,29.41,-72.32,-70.26,3.67,296.12,-66.59,229.53,,,,,
6321,11.52,267.96,17.82,0,0.52,0,-3.14,43.71,31.15,-72.18,-70.01,3.7,297.37,-66.31,231.06,,,,,
6331,9.26,271.21,12.7,0,0.19,0,0.68,45.2,29.21,-75.25,-68.96,3.69,293.21,-65.27,227.94,,,,,
6341,10.35,273.45,15.1,0,0.13,0,0.46,45.4,27,-74.41,-70.38,3.68,297.48,-66.7,230.77,,,,,
6351,12.13,273.79,13.44,0,0.57,0,-4.53,43.1,29.65,-71.88,-70.01,3.71,296.26,-66.3,229.96,,,,,
6361,12.49,276.77,13.84,0,0.15,0,-3.41,44.15,25.97,-73.52,-70.96,3.72,296.44,-67.24,229.2,,,,,
6371,14.23,273.17,12.67,0,0.25,0,4.64,44.15,27.99,-73.1,-68.75,3.69,304.01,-65.06,238.95,,,,,
6381,15.93,278.05,16.95,0,0.16,0,-3.08,44.93,27.83,-74.33,-70.75,3.67,306.42,-67.08,239.34,,,,,
6391,10.02,272.26,17.11,0,0.17,0,-2.4,45.05,28.22,-72.84,-70.83,3.7,297.6,-67.13,230.47,,,,,
6401,11.91,264.51,14.27,0,0.06,0,1.28,45.1,29.04,-72.51,-70.61,3.66,293.65,-66.95,226.7,,,,,
6411,10.57,273.99,12.57,0,0.15,0,-2.04,44.74,25.78,-72.79,-70.52,3.69,292.95,-66.82,226.13,,,,,
6421,8.81,276.6,15.1,0,0.25,0,-0.37,44.75,29.44,-73.33,-69.33,3.69,301.24,-65.64,235.6,,,,,
6431,10.63,288.82,14.22,0,0.31,0,-3.23,43.95,25.64,-73.79,-69.92,3.69,306.55,-66.23,240.32,,,,,
6441,12.98,275.81,13.05,0,0.25,0,0.27,45.2,25.42,-74.98,-70.41,3.71,298,-66.69,231.3,,,,,
6451,10.69,275.14,15.85,0,0.7,0,-1.09,43.52,27.08,-72.13,-70.03,3.7,299.77,-66.33,233.44,,,,,
6461,17.52,277.41,13.92,0,0.05,0,-1.39,45.07,30.24,-74.8,-70.58,3.67,308.02,-66.91,241.11,,,,,
6471,15.44,278.68,13.47,0,0.46,0,-2.38,44.44,31.11,-74.02,-69.91,3.67,307.19,-66.24,240.96,,,,,
6481,13.55,271.85,17.22,0,0.62,0,-1.5,44.28,27.54,-72.9,-71.25,3.72,300.66,-67.53,233.13,,,,,
6491,12.49,270.01,15.2,0,1.05,0,0.08,44.2,28.25,-74.33,-69.71,3.7,296.94,-66,230.94,,,,,
6501,8.98,280.69,12.14,0,0.11,0,-2.9,45.43,28.42,-72.36,-71.31,3.7,300.5,-67.61,232.89,,,,,
6511,13.11,276.2,14.92,0,0.37,0,-1.46,45.25,25.3,-73.12,-70.74,3.65,300.55,-67.09,233.47,,,,,
6521,9.09,276.78,13.4,0,0.63,0,-1.09,44.23,30.59,-73.07,-70.49,3.69,300.57,-66.8,233.77,,,,,
6531,15.05,269.45,14.12,0,0.08,0,-3.44,43.12,26.78,-73.67,-70.68,3.69,291.49,-66.98,224.51,,,,,
6541,14.46,280.15,17.43,0,0.92,0,-2.92,44.35,27.82,-71.8,-71.39,3.68,310.41,-67.71,242.7,,,,,
6551,12.76,272.4,15.27,0,0.06,0,-4.6,42.69,26.18,-71.55,-70.63,3.69,293.21,-66.94,226.27,,,,,
6561,12.71,274.27,14.71,0,0.54,0,-1.61,43.06,26.95,-72.29,-70.05,3.7,298.33,-66.35,231.98,,,,,
6571,18.72,266.65,18.33,0,0.21,0,-2.23,44.13,23.58,-71.64,-70.44,3.66,297.74,-66.78,230.96,,,,,
6581,9.76,278.64,16.81,0,0.45,0,-2.19,44.88,33.09,-74.2,-70.65,3.69,307.25,-66.97,240.29,,,,,
6591,12.21,279.15,10.32,0,0.41,0,-4.37,44.75,28.51,-73.79,-70.37,3.71,297.19,-66.65,230.54,,,,,
6601,14.34,270.1,13.88,0,0.09,0,-2.52,44.17,25.99,-73.89,-68.81,3.68,292.15,-65.14,227.02,,,,,
6611,18.26,274.37,15.12,0,1.05,0,0.46,43.51,28.4,-72.12,-68.6,3.67,309.05,-64.93,244.12,,,,,
6621,9.81,284.29,14.17,0,0.8,0,-4.22,44.45,26.16,-73,-70.35,3.66,302.47,-66.69,235.78,,,,,
6631,14.65,273.14,14.24,0,0.35,0,-1.98,45.67,27.46,-74.65,-70.3,3.71,298.87,-66.59,232.28,,,,,
6641,16.84,267.77,19.54,0,0.32,0,-1.34,45.28,27.01,-73.69,-70.66,3.68,301.73,-66.98,234.76,,,,,
6651,12.99,269.63,14.76,0,0.09,0,-2.39,44.44,29.52,-73.6,-69.45,3.69,295.43,-65.76,229.68,,,,,
6661,15.55,270.89,14.88,0,0.29,0,-4.19,44.8,30.03,-74.56,-70.69,3.7,297.68,-66.99,230.69,,,,,
6671,12.6,270.25,15.65,0,0.35,0,-0.41,45.41,30.36,-73.94,-72.22,3.68,300.27,-68.55,231.72,,,,,
6681,14.43,285.76,16.28,0,0.3,0,-5.94,43.98,27.72,-73.02,-70.22,3.7,309.51,-66.52,242.99,,,,,
6691,14.8,278.53,18.41,0,0.26,0,-4.6,44.08,29.27,-72.93,-71.63,3.71,307.82,-67.93,239.89,,,,,
6701,15.19,276.54,15.5,0,0.27,0,-1.97,43.64,28.14,-72.15,-70.01,3.69,305.16,-66.32,238.84,,,,,
6711,16.12,270.21,15.1,0,0.68,0,-3.42,45.07,28.9,-74.29,-69.67,3.67,298.37,-65.99,232.38,,,,,
6721,17.6,272.96,14.15,0,0.39,0,-0.13,45.38,27.07,-73.5,-70.09,3.66,303.91,-66.42,237.49,,,,,
6731,19.15,271.79,17.62,0,0.28,0,-3.74,44.81,27.26,-74.11,-70.04,3.7,303.06,-66.35,236.71,,,,,
6741,16.29,276.17,15.1,0,1.25,0,-3.38,44.88,28.9,-73.85,-70.66,3.64,305.36,-67.01,238.35,,,,,
6751,12.06,287.12,11.93,0,0.8,0,-3.71,43.76,26.94,-73.3,-70.88,3.7,305.61,-67.19,238.42,,,,,
6761,14.97,275.15,13.83,0,0.68,0,-0.54,44.72,24.39,-73.46,-71.14,3.64,299.74,-67.5,232.24,,,,,
6771,12.17,273.15,15.45,0,0.46,0,-2.18,45.32,27.01,-74.28,-70.61,3.67,297.09,-66.95,230.15,,,,,
6781,11.13,275.98,15.74,0,0.12,0,-1.06,45.41,29.3,-73.85,-71.23,3.64,302.77,-67.59,235.19,,,,,
6791,16.42,280.04,15.85,0,0.17,0,-0.02,43.63,22.71,-72.68,-70.43,3.68,306.11,-66.75,239.36,,,,,
6801,12.13,276.86,14.99,0,0.77,0,-0.02,43.14,27.42,-73.09,-70.54,3.7,302.19,-66.84,235.35,,,,,
6811,21.16,268.71,14.9,0,0.34,0,-2.16,44.77,27.55,-73,-70.56,3.68,302.27,-66.88,235.39,,,,,
6821,12.11,278.74,13.55,0,0.09,0,-3.73,45.01,27.33,-73.84,-70.6,3.69,299.26,-66.91,232.35,,,,,
6831,11.45,274.27,14.48,0,0.6,0,1.72,45.4,26.19,-72.37,-70.08,3.68,301.74,-66.4,235.34,,,,,
6841,18.55,271.57,14.26,0,0.29,0,-3.64,43.85,28.95,-73.65,-68.88,3.7,300.18,-65.18,235,,,,,
6851,25.31,272.18,14.98,0,0.12,0,-0.17,46.4,27.2,-74.8,-68.74,3.69,311.23,-65.05,246.18,,,,,
6861,15.65,272.5,15.66,0,0.19,0,-1.71,43.28,29.22,-73.57,-67.59,3.69,301.23,-63.91,237.32,,,,,
6871,13.03,271.69,14.14,0,0.85,0,-1.35,46.32,28.22,-73.55,-70.17,3.66,299.35,-66.51,232.84,,,,,
6881,11.6,266.01,13.92,0,0.2,0,-1.65,45.42,30.22,-74.02,-70.53,3.67,291.69,-66.86,224.84,,,,,
6891,14.56,279.84,13.73,0,0.94,0,-1.15,43.53,27.37,-72.99,-70.8,3.68,305.84,-67.12,238.72,,,,,
6901,17.21,273.97,12.5,0,0.66,0,-0.7,44.2,25.76,-72.01,-70.86,3.67,301.59,-67.19,234.39,,,,,
6911,20.92,276.2,15.91,0,0.24,0,-4.04,43.82,28.87,-73.48,-69.97,3.7,308.43,-66.27,242.17,,,,,
6921,15.64,273.33,13.33,0,0.59,0,-1.25,45.46,27.29,-74.09,-70.47,3.67,300.29,-66.8,233.49,,,,,
6931,13.99,275.26,13.8,0,0.12,0,-3.71,43.31,26.17,-71.27,-70.85,3.69,297.66,-67.16,230.5,,,,,
6941,13.46,281.78,18.41,0,0.06,0,-4.24,44.12,29.55,-72.61,-71.42,3.7,310.54,-67.72,242.82,,,,,
6951,14.52,279.89,11.59,0,0.76,0,-1.32,45.71,24.71,-74.5,-70.6,3.69,301.37,-66.91,234.46,,,,,
6961,8.96,281.9,14.4,0,0.52,0,0.29,45.01,29.05,-73.81,-71.85,3.65,306.33,-68.19,238.13,,,,,
6971,11.56,285.17,12.81,0,0.86,0,-1.66,44.18,28.42,-74.96,-69.59,3.67,306.37,-65.93,240.45,,,,,
6981,9.62,279.31,15.31,0,0.16,0,0.03,43.45,27.07,-73.09,-69.41,3.64,301.86,-65.77,236.09,,,,,
6991,11.1,275.6,14.35,0,0.67,0,0.23,45.21,28.01,-72.55,-70.36,3.64,302.62,-66.71,235.9,,,,,
7001,11.68,276.64,14.44,0,0.34,0,1.63,43.7,26.04,-73.18,-69.96,3.69,301.31,-66.26,235.05,,,,,
7011,17.14,282.6,16.37,0,0.32,0,-2.64,44.16,26,-72.97,-68.96,3.67,310.99,-65.3,245.69,,,,,
7021,10.85,280.38,12.25,0,0.11,0,-1.53,45.24,26.85,-73.22,-70.23,3.64,300.93,-66.58,234.35,,,,,
7031,12.65,273.25,15.78,0,0.47,0,-3.74,43.45,26.01,-72.86,-69.74,3.69,295.01,-66.05,228.95,,,,,
7041,9.5,277.52,14.42,0,1.16,0,-2.19,45.46,26.88,-73.59,-70.21,3.66,299.17,-66.55,232.62,,,,,
7051,16.16,282.23,12.38,0,0.37,0,-3.21,47.08,24.02,-73.6,-72,3.65,305.42,-68.35,237.08,,,,,
7061,20.98,278.87,12.45,0,0.04,0,1.06,44.85,23.05,-71.83,-71.51,3.62,309.47,-67.89,241.58,,,,,
7071,16.18,277.28,10.38,0,0.76,0,-2.76,44.69,31.2,-74.05,-68.89,3.64,303.68,-65.25,238.42,,,,,
7081,13.74,275.59,11.9,0,0.73,0,-4.77,44.44,26.28,-72.06,-71.67,3.69,295.87,-67.98,227.89,,,,,
7091,15.91,274.85,12.03,0,0.16,0,-2.79,44.53,24.22,-73.29,-70.23,3.67,295.62,-66.55,229.06,,,,,
7101,20.19,279.13,15.17,0,0.4,0,-3.76,44.29,25.07,-71.48,-70.39,3.64,309.01,-66.75,242.26,,,,,
7111,14.89,278.15,11.43,0,0.22,0,-2.35,44.31,27.31,-74.37,-68.84,3.68,299.58,-65.16,234.43,,,,,
7121,17.08,272.31,12.39,0,0.08,0,-0.22,44.22,24.11,-73.47,-68.97,3.63,296.5,-65.34,231.17,,,,,
7131,15.42,271.02,17.24,0,0.16,0,-2.47,44.31,26.05,-73.28,-69.33,3.66,298.44,-65.67,232.77,,,,,
7141,12.54,274.29,14.72,0,0.37,0,0.89,44.55,29.29,-73.56,-69.43,3.66,303.09,-65.77,237.31,,,,,
7151,17.44,283.46,11.88,0,0.64,0,-2.18,44.41,25.09,-74.09,-70.61,3.68,306.64,-66.93,239.71,,,,,
7161,16.48,278.25,16.39,0,0.27,0,-1.12,41.86,25.28,-70.46,-70.7,3.67,306.95,-67.03,239.92,,,,,
7171,16.48,276.57,12.77,0,0.07,0,-2.27,43.89,29.13,-72.02,-70.78,3.65,304.61,-67.12,237.49,,,,,
7181,13.56,274.59,15.46,0,0.3,0,-3.25,43.15,27.45,-73.07,-68.75,3.64,298.19,-65.11,233.08,,,,,
7191,12.63,281.38,13.63,0,0.12,0,-1.05,45.66,28.83,-74.19,-69.43,3.66,307.02,-65.77,241.24,,,,,
7201,18.83,271.31,13.35,0,0.35,0,-4.32,44.83,26.53,-73.79,-69.54,3.65,297.09,-65.89,231.2,,,,,
7211,9.15,270.27,13.78,0,0.42,0,3.4,45.38,29.84,-75.41,-69.57,3.7,296.83,-65.87,230.97,,,,,
7221,10.44,277.29,17.7,0,0.5,0,-2.7,45.86,28.59,-73.4,-69.77,3.69,304.26,-66.08,238.18,,,,,
7231,18.45,274.53,15.52,0,0.38,0,0.5,46.17,27.44,-74.6,-70.43,3.69,308.39,-66.74,241.66,,,,,
7241,17.86,278.88,16.66,0,0.29,0,-2.81,44.45,26.92,-73.34,-70.07,3.69,308.92,-66.38,242.55,,,,,
7251,12.44,273.63,11.53,0,0.59,0,2.47,44.72,27.16,-73.15,-70.63,3.69,299.39,-66.94,232.45,,,,,
7261,20.75,267.42,13.3,0,0.69,0,-2.14,43.41,20.74,-71.8,-71.67,3.66,292.37,-68.01,224.36,,,,,
7271,9.87,264.12,17.36,0,0.25,0,0.39,43.35,29.7,-73.98,-69.59,3.63,291.06,-65.96,225.1,,,,,
7281,17.92,273.7,13.16,0,0.55,0,-1.75,45.66,25.35,-73.6,-70.8,3.65,300.96,-67.15,233.82,,,,,
7291,11.7,281.95,9.73,0,0.07,0,-1.51,44.72,26.79,-74.39,-69.59,3.66,299.04,-65.92,233.12,,,,,
7301,15.97,279.68,12.6,0,0.51,0,-0.56,44.78,24.39,-72.83,-71.97,3.66,304.55,-68.31,236.24,,,,,
7311,11.54,279.15,13.17,0,0.8,0,-3.49,45.41,27.19,-74.03,-69.38,3.66,299.74,-65.72,234.02,,,,,
7321,20.52,275.58,13.41,0,0.56,0,-2.48,44.08,23.96,-72.12,-69.2,3.65,303.51,-65.55,237.96,,,,,
7331,14.34,283.45,11.71,0,0.85,0,-5.37,44.35,26.46,-72.31,-70.69,3.66,303.48,-67.03,236.45,,,,,
7341,11.32,266.72,13.84,0,0.3,0,-4.4,44.98,27.8,-73.13,-70.23,3.67,287.43,-66.56,220.87,,,,,
7351,16.73,274.29,13.54,0,0.68,0,-0.1,44.67,22.7,-72.42,-71.71,3.68,300.1,-68.03,232.07,,,,,
7361,15.94,275.51,13.13,0,0.11,0,0.69,43.71,27.77,-73.59,-70.19,3.67,303.26,-66.52,236.74,,,,,
7371,15.35,279.3,15.45,0,0.39,0,-3.29,45.17,26.03,-74.74,-69.59,3.64,303.66,-65.95,237.71,,,,,
7381,16.9,265.47,12.75,0,0.56,0,-1.78,44.39,24.47,-72.88,-71.03,3.63,289.89,-67.4,222.49,,,,,
7391,18.15,268.46,14.87,0,0.37,0,0.11,43.8,27.92,-72.52,-70.31,3.64,301.15,-66.67,234.48,,,,,
7401,15.87,271.67,12.95,0,0.23,0,-1.12,43.93,30.44,-73.89,-70.4,3.61,300.09,-66.79,233.29,,,,,
7411,13.96,268.17,16.35,0,0.24,0,-1.76,44.15,26.33,-72.43,-70.18,3.61,295.02,-66.57,228.46,,,,,
7421,15.95,273.4,11.42,0,0.63,0,-1.32,45.32,27.08,-73.9,-72.07,3.69,298.58,-68.38,230.2,,,,,
7431,16.45,272.76,15.27,0,0.21,0,-2.35,45.45,29.72,-74,-70.59,3.63,303.51,-66.96,236.55,,,,,
7441,14.31,281.4,9.35,0,0.7,0,-0.8,45.25,26.96,-74.17,-69.36,3.66,303,-65.69,237.3,,,,,
7451,11.92,271.43,14.43,0,0.28,0,-4.84,44.2,30.57,-72.77,-71.19,3.66,295.21,-67.53,227.68,,,,,
7461,11.8,269.56,15.76,0,0.1,0,-0.99,43.42,25.4,-72.39,-69.24,3.64,292.65,-65.59,227.05,,,,,
7471,18.58,274.7,17.44,0,0.48,0,-0.96,45.12,26.54,-74.33,-69.78,3.67,307.57,-66.11,241.46,,,,,
7481,11.21,276.12,13.39,0,0.12,0,1.79,44.52,28.83,-73.27,-69.71,3.65,302.7,-66.06,236.64,,,,,
7491,9.94,275.96,11.12,0,0.69,0,-0.39,44.68,25.07,-72.01,-70.34,3.7,295.06,-66.64,228.42,,,,,
7501,13.76,283.08,15.9,0,0.07,0,-5.61,44.52,27.25,-73.55,-70.99,3.71,305.43,-67.28,238.15,,,,,
7511,10.6,266.86,14.61,0,0.45,0,-1.49,44.13,29.02,-74.05,-70.36,3.71,290.13,-66.65,223.48,,,,,
7521,12.02,270.94,18.09,0,0.68,0,-1.76,42.95,26.81,-73.04,-69.71,3.67,296.7,-66.04,230.66,,,,,
7531,13.61,275.9,12.59,0,0.16,0,-2.9,45.15,29.76,-74.14,-70.15,3.65,300.14,-66.49,233.65,,,,,
7541,12.66,271.05,13.45,0,0.47,0,-1.01,45.1,28.73,-73.98,-70.2,3.68,296.49,-66.52,229.97,,,,,
7551,10.38,276.7,16.2,0,0.4,0,-4.12,44.01,27.35,-74.35,-69.22,3.69,296.57,-65.54,231.04,,,,,
7561,14.89,260.16,14.81,0,0.33,0,0.1,44.62,30.41,-74.25,-68.33,3.69,291.08,-64.64,226.45,,,,,
7571,22.19,274.52,14.72,0,0.18,0,-3.93,43.85,24.08,-71.58,-72.37,3.71,304.04,-68.66,235.37,,,,,
7581,16.77,268.15,13.86,0,0.14,0,-0.91,43.65,27.19,-73.57,-68.65,3.7,295.28,-64.95,230.33,,,,,
7591,12.97,274.66,11.58,0,0.37,0,-3.85,44.23,25.23,-73.67,-71.25,3.66,291.54,-67.59,223.95,,,,,
7601,9.69,281.58,15.21,0,0.37,0,-3.51,43.37,28.94,-72.24,-69.64,3.68,303.4,-65.96,237.44,,,,,
7611,15.13,274.66,13.81,0,0.54,0,-3.47,43.62,26.31,-72.44,-69.14,3.66,298.17,-65.48,232.68,,,,,
7621,18.07,283.02,13.45,0,0.12,0,-3.38,44.3,24.52,-73.22,-72.17,3.65,306.88,-68.52,238.35,,,,,
7631,16.3,269,14.49,0,0.51,0,-1.51,44.45,27.84,-72.98,-72.12,3.65,298.11,-68.47,229.64,,,,,
7641,15.53,278.4,13.95,0,0.14,0,-1.28,44.92,26.35,-73.85,-70.54,3.65,304.16,-66.9,237.27,,,,,
7651,17.87,269.9,14.82,0,0.26,0,-0.66,43.87,29.19,-72.77,-67.99,3.65,302.47,-64.35,238.13,,,,,
7661,19.38,282.2,13.26,0,0.64,0,-2.11,43.45,26.64,-71.7,-70.62,3.67,311.76,-66.95,244.81,,,,,
7671,14.33,280.99,11.7,0,0.57,0,-1.26,43.96,26.61,-72.98,-70.75,3.66,303.91,-67.09,236.83,,,,,
7681,12.83,280.61,11.91,0,0.72,0,-0.91,45.44,24.87,-74.26,-69.82,3.67,301.21,-66.15,235.06,,,,,
7691,17.26,277.18,13.34,0,0.09,0,-2.13,44.54,22.74,-72.07,-69.92,3.66,300.94,-66.26,234.68,,,,,
7701,16.16,280.62,11.59,0,0.23,0,-1.61,45.21,26.93,-74.41,-70.13,3.65,304.72,-66.48,238.24,,,,,
7711,14.73,280.24,17.39,0,0.21,0,-4.27,44.26,29.3,-72.29,-71.07,3.64,309.58,-67.43,242.15,,,,,
7721,12.02,277.45,15.29,0,0.34,0,-3.95,45.18,27.88,-73.75,-70.79,3.66,300.47,-67.13,233.34,,,,,
7731,11.97,284.89,12.67,0,0.08,0,-3.14,44.14,24,-73.16,-71.13,3.64,301.45,-67.49,233.96,,,,,
7741,10.4,273.83,14.02,0,0.34,0,-2.09,45.9,27.61,-74.21,-69.69,3.65,295.81,-66.04,229.77,,,,,
7751,13.75,274.15,10.96,0,0.17,0,-0.75,45.19,26.1,-73.93,-68.98,3.66,295.62,-65.32,230.31,,,,,
7761,11.44,285.67,9.85,0,0.68,0,-2.35,43.78,25.02,-72.94,-70.29,3.64,301.14,-66.65,234.5,,,,,
7771,11.17,278.44,13.51,0,0.15,0,-2.71,43.59,25.59,-72.71,-69.18,3.63,297.03,-65.55,231.48,,,,,
7781,15.24,280.72,13.54,0,0.4,0,-2.68,43.44,23.83,-72.85,-70.09,3.66,301.65,-66.43,235.22,,,,,
7791,13.63,278.62,15.02,0,0.14,0,-1.3,45.17,25.58,-73.65,-70.28,3.62,303.22,-66.66,236.56,,,,,
7801,10.03,277.61,12.99,0,1.14,0,3.53,44.33,27.95,-74.39,-69.53,3.67,303.19,-65.87,237.32,,,,,
7811,17.47,273.98,14.09,0,0.17,0,1.1,43.23,23.98,-72.6,-70.61,3.66,301.41,-66.95,234.46,,,,,
7821,13.35,273.47,15.03,0,1.32,0,-3.4,44.43,30.71,-72.7,-71.21,3.65,302.22,-67.57,234.65,,,,,
7831,13.59,274.12,14.93,0,0.19,0,-0.36,44.93,27.25,-72.54,-69.66,3.66,302.1,-66,236.1,,,,,
7841,13.67,272.82,13.81,0,0.48,0,-1.84,44.69,28.68,-74.28,-71.21,3.65,298.03,-67.56,230.48,,,,,
7851,17.84,282.94,17.31,0,0.12,0,-2.27,43.19,26.67,-72.49,-69.13,3.68,313.31,-65.45,247.86,,,,,
7861,11.95,274.27,12.22,0,0.88,0,0.4,45.48,30.71,-74.62,-70.17,3.68,301.28,-66.49,234.79,,,,,
7871,13.17,276.58,12.76,0,0.81,0,0.43,44.66,24.91,-72.91,-70.05,3.73,300.4,-66.32,234.08,,,,,
7881,13.23,274.85,15.02,0,0.93,0,-3.81,46.18,27.71,-74.25,-70.66,3.7,299.87,-66.96,232.91,,,,,
7891,15.17,268.31,13.86,0,0.81,0,-2.03,43.48,30.74,-73.95,-69.4,3.7,296.4,-65.7,230.69,,,,,
7901,24.48,275.54,16.23,0,0.37,0,-5.34,43.34,22.94,-72.31,-68.95,3.7,305.25,-65.25,240,,,,,
7911,17.28,277.13,16.66,0,0.68,0,-2.66,46.18,27.33,-75.08,-69.49,3.69,307.53,-65.8,241.72,,,,,
7921,12.21,276.03,13.7,0,0.57,0,-4.09,44.78,30.53,-73.2,-70.83,3.71,300.52,-67.12,233.41,,,,,
7931,12.03,276.58,15.15,0,0.09,0,-2.5,44.08,27.51,-73.85,-69.78,3.69,299.1,-66.08,233.01,,,,,
7941,18.79,272.62,15.33,0,0.12,0,-3.99,44.53,25.38,-73.95,-69.66,3.68,298.84,-65.98,232.86,,,,,
7951,17.04,268.02,15.52,0,0.32,0,-2.62,43.79,28.06,-73.94,-69.92,3.71,296.19,-66.21,229.98,,,,,
7961,15.45,271.67,16.36,0,0.46,0,-3.47,43.67,26.34,-72.88,-70.49,3.68,297.61,-66.81,230.8,,,,,
7971,16.02,270.68,17.04,0,0.19,0,-2.14,44.27,27.76,-72.87,-70.18,3.7,300.95,-66.49,234.46,,,,,
7981,12.45,271.78,15.13,0,0.13,0,-0.36,42.39,24.86,-72.19,-69.44,3.69,294.2,-65.75,228.45,,,,,
7991,15.82,278.23,14.43,0,0.33,0,1.91,43.95,31.41,-72.99,-69.89,3.71,313.09,-66.18,246.91,,,,,
8001,9.57,274.47,14.26,0,0.25,0,-1.72,44.28,27.01,-72.91,-70.95,3.7,295.22,-67.25,227.98,,,,,
8011,14.75,274,14.38,0,0.5,0,-3.56,43.61,27.51,-73.2,-70.21,3.66,297.99,-66.56,231.43,,,,,
8021,15.58,273.45,14.17,0,0.36,0,0.47,43,25.6,-72.37,-67.95,3.71,300.25,-64.24,236.01,,,,,
8031,12.82,280.06,16.98,0,0.38,0,-2.4,43.02,28.61,-72.88,-68.12,3.69,306.6,-64.43,242.17,,,,,
8041,13.37,272.25,14.27,0,0.24,0,-1.74,43.8,23.62,-72.75,-69.43,3.66,293.07,-65.77,227.3,,,,,
8051,18.36,273.25,16.74,0,0.19,0,-3.31,42.51,24.29,-73.17,-69.51,3.67,298.85,-65.84,233.01,,,,,
8061,15.32,273.86,14.86,0,0.04,0,0.28,42.84,22.9,-72.62,-69.14,3.67,297.47,-65.47,231.99,,,,,
8071,13.04,276.8,10.57,0,0.84,0,1.26,44.03,27.05,-74.42,-69.11,3.67,299.17,-65.44,233.73,,,,,
8081,16.22,274.51,19.65,0,0.17,0,-3.97,43.98,29.76,-73.23,-70.07,3.61,307.08,-66.46,240.62,,,,,
8091,12.81,265.66,15.7,0,0.67,0,0.76,45.02,29.35,-73.48,-69.54,3.62,296.49,-65.92,230.58,,,,,
8101,8.25,277.32,13.33,0,0.45,0,0.27,43.58,30.38,-73.41,-66.81,3.64,300.17,-63.17,237.01,,,,,
8111,12.6,274.93,16.05,0,0.35,0,-3.5,44.67,26.41,-73.94,-69.81,3.65,297.57,-66.15,231.41,,,,,
8121,12.45,276.09,12.83,0,0.43,0,-3.9,44.56,27.93,-72.96,-71.39,3.68,297.43,-67.71,229.72,,,,,
8131,12.94,267.8,16.47,0,0.44,0,2.62,44.48,29.27,-73.28,-71.64,3.64,300.75,-68,232.75,,,,,
8141,11.02,277.06,14.29,0,0.23,0,-1.41,44.46,25.57,-73.92,-70.12,3.67,297.29,-66.46,230.83,,,,,
8151,16.47,274.97,11.82,0,0.53,0,-1.79,45.5,25.21,-73.72,-70.59,3.66,299,-66.93,232.07,,,,,
8161,12.55,282.11,14.04,0,0.67,0,-3.22,43.91,27.32,-72.97,-71.68,3.65,304.41,-68.03,236.39,,,,,
8171,15.24,274.91,15.15,0,0.59,0,-1.8,44.48,25.85,-72.25,-70.89,3.62,302.16,-67.26,234.9,,,,,
8181,23.62,275.67,16.93,0,0.89,0,-4.65,45.27,29.73,-73.52,-70.33,3.61,313.93,-66.72,247.21,,,,,
8191,15.76,275.31,13.39,0,0.15,0,-0.48,45.6,26.26,-73.81,-70.68,3.63,302.18,-67.05,235.12,,,,,
8201,14.94,269.43,13.75,0,0.22,0,-1.95,45.62,29.2,-73.92,-68.93,3.66,297.29,-65.28,232.01,,,,,
8211,20.93,269.59,14.05,0,0.51,0,-0.82,43.51,27.02,-72.46,-70.95,3.65,302.34,-67.29,235.04,,,,,
8221,12.28,283.2,13.65,0,0.82,0,-3.71,45.92,27.31,-72.62,-71.28,3.68,306.86,-67.6,239.26,,,,,
8231,15.93,268.5,14.51,0,0.15,0,-2.22,43.18,24.08,-72.53,-67.93,3.64,291.61,-64.29,227.32,,,,,
8241,10.44,273.01,14.84,0,0.55,0,-1.22,41.06,28.83,-71.91,-68.04,3.68,295.59,-64.36,231.23,,,,,
8251,13.49,275.37,14.17,0,0.21,0,-1.12,43.99,23.67,-72.5,-71.11,3.67,297.3,-67.45,229.85,,,,,
8261,17.58,270.72,20.22,0,0.53,0,-1.81,44.73,25.75,-72.68,-69.98,3.64,305.03,-66.34,238.69,,,,,
8271,12.85,270.99,15.2,0,0.25,0,-0.58,43.4,28.71,-72.33,-69.16,3.65,298.49,-65.51,232.98,,,,,
8281,11.98,282.24,14.96,0,0.28,0,-1.63,45.08,29.32,-73.48,-69.44,3.67,308.75,-65.77,242.98,,,,,
8291,16.29,282.86,13.68,0,0.7,0,-3.88,44.62,27.9,-72.68,-72.52,3.64,309.48,-68.88,240.6,,,,,
8301,16.04,278.1,16.2,0,0.22,0,0.09,44.65,26.51,-72.95,-69.83,3.66,308.86,-66.16,242.7,,,,,
8311,14.7,277.87,12.68,0,0.92,0,-2.99,43.87,25.18,-71.89,-71.1,3.62,300.34,-67.48,232.85,,,,,
8321,12.56,272.18,10.58,0,0.19,0,-1.42,44.9,26.45,-74.25,-70.5,3.67,291.19,-66.83,224.36,,,,,
8331,15.95,280.33,13,0,0.29,0,-2.7,45.31,26.62,-73.04,-71.05,3.64,305.76,-67.42,238.34,,,,,
8341,16.16,282.14,16.24,0,0.37,0,-6.96,44.1,22.6,-72.87,-70.91,3.64,301.77,-67.27,234.5,,,,,
8351,12.6,272.59,14.88,0,1.2,0,-2.74,44.34,28.37,-72.93,-70.77,3.66,298.31,-67.1,231.2,,,,,
8361,14.93,275.64,12.9,0,0.32,0,-0.66,45.99,26.46,-73.47,-71.22,3.68,302.1,-67.54,234.57,,,,,
8371,25.24,286.77,13.62,0,0.19,0,-1.17,44.8,25.6,-74.16,-71.16,3.69,320.89,-67.48,253.41,,,,,
8381,16.08,275.14,14.33,0,0.33,0,-3.68,45.13,30.21,-73.67,-69.66,3.64,303.88,-66.01,237.86,,,,,
8391,16.94,280.79,13.75,0,1.55,0,-3.77,45.37,23.38,-73.75,-70.74,3.65,304.26,-67.1,237.16,,,,,
8401,15.14,271.87,15,0,0.64,0,-0.2,45.18,30.63,-73.24,-68.76,3.64,305.01,-65.12,239.89,,,,,
8411,9.68,281.24,10.56,0,1.28,0,-2.56,45.14,27.97,-73.9,-70.21,3.66,299.41,-66.55,232.86,,,,,
8421,12.03,277.91,14.59,0,0.17,0,-4.16,43.96,26.97,-73.35,-68.77,3.69,298.11,-65.09,233.03,,,,,
8431,17.04,273.08,12.27,0,1.76,0,-3.17,44.91,29.01,-74.52,-70.29,3.65,300.4,-66.64,233.75,,,,,
8441,15.84,280.19,15.63,0,1,0,-2.96,45.66,26.32,-73.58,-71.1,3.65,308.08,-67.45,240.63,,,,,
8451,17.98,281.29,15.3,0,0.28,0,-4.63,43.94,27.42,-73.32,-70.11,3.64,308.25,-66.46,241.78,,,,,
8461,14.16,277.27,13.61,0,0.68,0,-2.98,43.64,25.99,-73.16,-70.41,3.7,299.2,-66.71,232.49,,,,,
8471,14.03,276.18,14.02,0,1.02,0,-2.92,44.31,29.99,-71.84,-71.51,3.65,304.8,-67.86,236.94,,,,,
8481,13.8,269.96,13.73,0,0.64,0,-0.27,45.03,28.14,-73.93,-69.89,3.61,297.12,-66.28,230.84,,,,,
8491,11.01,267.65,13.75,0,0.46,0,-2.29,43.73,25.54,-71.8,-70.38,3.66,288.06,-66.72,221.34,,,,,
8501,14.96,275.26,14.36,0,0.54,0,-5.37,43.42,28.08,-73.09,-69.8,3.67,298.15,-66.13,232.02,,,,,
8511,9.84,271.25,11.82,0,0.7,0,-2.79,45.03,30.06,-74.08,-69.83,3.66,291.83,-66.17,225.66,,,,,
8521,11.41,289.11,15,0,0.28,0,-1.53,45.16,26.59,-72.32,-72.29,3.65,313.71,-68.64,245.07,,,,,
8531,14.64,275.04,11.81,0,0.56,0,-0.13,44.38,26.32,-73.17,-69.78,3.65,299.44,-66.13,233.31,,,,,
8541,18.33,270.08,15.97,0,0.92,0,-5.49,45.23,24.5,-73.35,-70.39,3.65,296.19,-66.74,229.45,,,,,
8551,14.45,279.69,14.71,0,0.61,0,-3.47,44.48,28.02,-73.61,-69.92,3.67,304.86,-66.25,238.61,,,,,
8561,14.71,270.3,13.5,0,0.12,0,-3.73,43.38,24.43,-72.67,-68.91,3.67,290.03,-65.24,224.8,,,,,
8571,16.3,274.97,16.61,0,0.98,0,-3.51,44.58,26.85,-73.54,-70.09,3.66,303.24,-66.44,236.81,,,,,
8581,14.22,279.68,11.54,0,0.17,0,-4.35,44.98,25.78,-73.67,-69.85,3.67,298.35,-66.18,232.17,,,,,
8591,21.6,272.14,13.3,0,0.23,0,-0.68,43.83,26.92,-72.57,-71.34,3.64,304.77,-67.7,237.07,,,,,
8601,14.52,271.41,15.86,0,0.34,0,0.05,43.83,28,-72.99,-68.58,3.63,301.01,-64.95,236.06,,,,,
8611,11.85,278.34,14.46,0,0.59,0,2.19,45.1,28.58,-73.9,-70.99,3.62,307.23,-67.37,239.85,,,,,
8621,17.01,278.18,9.75,0,0.47,0,-2.46,44.65,26.27,-72.47,-69.88,3.65,301.39,-66.23,235.16,,,,,
8631,13.54,271.49,15.83,0,0.37,0,-3.37,43.14,27.65,-72.23,-67.87,3.66,296.42,-64.21,232.2,,,,,
8641,11.8,276.53,12.75,0,0.51,0,-0.79,45.24,27.67,-72.74,-70.1,3.64,300.97,-66.46,234.52,,,,,
8651,13.95,275.68,13.4,0,1.3,0,-0.1,43.91,27.63,-74.08,-67.81,3.67,301.69,-64.14,237.55,,,,,
8661,14.22,274.5,11.14,0,0.46,0,-1.53,44.87,26.48,-73.2,-72.22,3.63,296.92,-68.59,228.33,,,,,
8671,14.36,272.23,12.4,0,0.26,0,-2.81,44.24,26.86,-73.75,-71,3.66,293.79,-67.34,226.45,,,,,
8681,16.99,275.62,14.77,0,0.8,0,0.22,45.27,28.24,-74.87,-67.68,3.65,307.04,-64.04,243.01,,,,,
8691,13.75,269.55,16.97,0,0.13,0,-2.01,43.28,26.48,-71.92,-70.24,3.66,296.24,-66.58,229.66,,,,,
8701,17.54,279.07,14.17,0,0.86,0,-4.02,45.15,27.71,-73.98,-69.12,3.65,306.48,-65.48,241.01,,,,,
8711,11.13,276.33,11.29,0,0.13,0,-2.43,44.3,26.6,-73.3,-69.82,3.65,294.06,-66.17,227.89,,,,,
8721,12.67,277.62,9.86,0,0.46,0,-2.22,43.96,23.04,-72.97,-69.36,3.68,292.43,-65.68,226.75,,,,,
8731,15.48,279.87,13.78,0,0.81,0,-1.27,45.11,25.86,-72.43,-71.61,3.68,307.21,-67.93,239.28,,,,,
8741,14.53,275.5,14.68,0,0.15,0,0.31,43.74,23.92,-72.04,-70.35,3.68,300.79,-66.67,234.12,,,,,
8751,17.42,271.24,17.66,0,0.3,0,-2.61,44.66,28.96,-73.67,-71.28,3.69,303.96,-67.59,236.37,,,,,
8761,13.03,269.42,15.25,0,0.8,0,-1.52,44.5,27.82,-72.63,-70.73,3.67,296.66,-67.06,229.6,,,,,
8771,15.93,275.29,13.9,0,0.24,0,-3.46,45.2,27.71,-73.6,-70.94,3.66,301.22,-67.27,233.94,,,,,
8781,14.2,274.87,17.11,0,0.3,0,-0.08,44.97,29.09,-74.18,-70.37,3.69,306.29,-66.67,239.61,,,,,
8791,9.35,274.77,13.56,0,0.56,0,-2.65,44.17,30.42,-72.46,-69.54,3.71,297.73,-65.83,231.9,,,,,
8801,12.74,277.58,15.06,0,0.2,0,-1.98,43.33,27.97,-74.4,-67.23,3.68,300.5,-63.55,236.95,,,,,
8811,19.07,270.87,14.27,0,0.14,0,-2.36,43.04,23.3,-71.1,-71.19,3.68,297.22,-67.52,229.71,,,,,
8821,14.39,282.55,14.33,0,0.39,0,-2.4,44.08,27.03,-73.16,-70.19,3.67,307.21,-66.52,240.68,,,,,
8831,11.8,277.11,16.24,0,0.11,0,-4.03,43.32,28.03,-72.55,-71.28,3.72,300.03,-67.56,232.47,,,,,
8841,10.24,282.58,12.61,0,0.48,0,-1.66,45.31,25.61,-73.33,-71.27,3.67,301.84,-67.6,234.24,,,,,
8851,15.13,267.55,18.57,0,0.17,0,-2.73,43.98,27.09,-73.63,-70.02,3.69,296.14,-66.33,229.82,,,,,
8861,15.17,274.87,14.44,0,0.7,0,-2.43,44.22,24.61,-71.04,-70.65,3.69,300.54,-66.96,233.58,,,,,
8871,14.28,275.67,14.33,0,0.06,0,-1.73,44.53,28.08,-74.05,-70.39,3.68,301.17,-66.71,234.46,,,,,
8881,17.82,269.07,17.17,0,1.76,0,-0.56,45.12,29.56,-74.08,-70.34,3.67,305.85,-66.67,239.18,,,,,
8891,15.49,273.99,12.14,0,0.43,0,-2.27,45.39,26.12,-72.7,-71.07,3.68,298.59,-67.39,231.2,,,,,
8901,15.32,275.3,14.34,0,1.18,0,-4.11,45.16,27.36,-72.99,-71.25,3.72,301.56,-67.53,234.03,,,,,
8911,16.56,275.7,12.16,0,1.11,0,-2.5,44.24,28.24,-72.73,-70.4,3.74,302.79,-66.67,236.12,,,,,
8921,11.25,272.25,14.27,0,0.05,0,-2.81,44.37,31.23,-74.07,-70.2,3.68,296.54,-66.51,230.02,,,,,
8931,10.77,270.49,13.54,0,0.07,0,-2.46,45.28,28.64,-73.48,-69.65,3.66,292.86,-65.99,226.87,,,,,
8941,19.79,275.46,11.37,0,0.08,0,-1.31,44.03,25.52,-72.41,-69.31,3.67,302.52,-65.64,236.89,,,,,
8951,15.26,288.22,15.13,0,0.63,0,-2.87,44.06,27.39,-71.48,-72.47,3.66,316.34,-68.81,247.52,,,,,
8961,14.05,273.22,12.14,0,0.1,0,-0.74,45.09,28.15,-75.58,-67.64,3.64,296.44,-64,232.44,,,,,
8971,16.02,271.95,14.38,0,0.07,0,-2.92,43.94,28.72,-72.18,-70.31,3.65,299.98,-66.66,233.32,,,,,
8981,14.89,275.53,11.7,0,1.06,0,-2.33,43.78,30.92,-72.32,-69.13,3.61,303.24,-65.52,237.73,,,,,
8991,10.55,276.39,9.85,0,0.42,0,-1.46,44.82,23.79,-72.49,-70.21,3.67,291.87,-66.55,225.33,,,,,
9001,16.55,277.11,16.44,0,0.13,0,-0.02,43.46,29.48,-74.19,-68.9,3.65,308.97,-65.25,243.73,,,,,
9011,16.95,281.36,19.14,0,0.25,0,1.26,44.74,27.41,-73.44,-69.7,3.65,317.68,-66.05,251.63,,,,,
9021,13.62,279.98,12.93,0,0.75,0,-5.11,45.62,28.32,-75.83,-69.3,3.63,300.29,-65.66,234.62,,,,,
9031,12.88,273.91,17.37,0,0.34,0,-3.61,44.25,32.26,-72.33,-71.64,3.64,305.06,-68.01,237.06,,,,,
9041,19.02,269.84,18.2,0,0.73,0,-3.48,42.58,25.33,-71.74,-69.17,3.66,300.49,-65.51,234.99,,,,,
9051,15.68,276.23,16.86,0,0.55,0,-5.23,43.72,24.87,-71.42,-71.19,3.63,301.26,-67.56,233.7,,,,,
9061,9.62,280.93,14.41,0,1.52,0,-0.43,43.66,28.68,-72.34,-70.03,3.65,306.05,-66.38,239.66,,,,,
9071,14.17,269.69,14.52,0,0.29,0,-4.34,43.94,27.21,-73.39,-69.38,3.66,292.08,-65.72,226.36,,,,,
9081,17.43,272.52,12.54,0,0.47,0,-1.99,45.03,26.81,-73.95,-70.26,3.67,298.86,-66.59,232.27,,,,,
9091,15.71,272.6,13.36,0,0.89,0,-4.77,45.17,25.26,-73.04,-71.19,3.66,295.17,-67.53,227.65,,,,,
9101,11.57,273.54,12.66,0,0.56,0,3.45,45.85,28.91,-73.52,-70.25,3.67,303.01,-66.57,236.44,,,,,
9111,15.26,275.34,13.77,0,0.45,0,-3.29,43.99,25.24,-72.32,-70.88,3.64,298.45,-67.24,231.21,,,,,
9121,21.81,280,12.73,0,0.35,0,-1.85,44.3,22.77,-73.5,-70.93,3.64,306.6,-67.29,239.31,,,,,
9131,16.73,282.27,13.31,0,0.56,0,-1.04,43.94,27.32,-71.68,-70.27,3.63,311.41,-66.64,244.77,,,,,
9141,16.65,275.12,15.17,0,0.1,0,-3.97,43.71,25.57,-72.5,-70.44,3.66,299.85,-66.78,233.07,,,,,
9151,17.38,267.06,13.73,0,0.6,0,-1.55,44.97,26.73,-72.49,-71.62,3.65,296.43,-67.97,228.46,,,,,
9161,17.51,287.37,10.65,0,0.52,0,-4.39,44.72,25.5,-73.07,-70.89,3.66,308.81,-67.23,241.58,,,,,
9171,15.1,280.05,12.58,0,0.14,0,-0.84,45.05,24.09,-74.14,-69.66,3.63,302.03,-66.03,236,,,,,
9181,16.58,275.2,11.96,0,0.28,0,-1.72,44.88,22.82,-71.66,-72.4,3.64,298.34,-68.76,229.58,,,,,
9191,25.17,270.79,14.44,0,0.4,0,-1.97,43.39,24.38,-73.52,-69.49,3.66,303.1,-65.83,237.27,,,,,
9201,23.07,273.33,9.27,0,0.28,0,-2.24,45.08,22.04,-72.14,-71.35,3.66,298.7,-67.7,231,,,,,
9211,16.43,276.02,14.67,0,0.49,0,-1.18,44.58,25.5,-73.55,-70.14,3.63,302.97,-66.51,236.46,,,,,
9221,12.75,293.6,7.9,0,0.88,0,0.39,45.22,27.83,-72.8,-71.87,3.64,315.77,-68.22,247.54,,,,,
9231,13.78,278.31,13.48,0,0.52,0,-0.91,45.28,24.92,-72.94,-69.8,3.64,302.44,-66.16,236.28,,,,,
9241,13.04,276.09,10.81,0,0.57,0,-4.03,44.61,24.99,-72.87,-71.86,3.66,293.2,-68.2,225,,,,,
9251,15.47,277.29,14.68,0,1.31,0,-4.03,44.76,27.35,-73.11,-68.19,3.65,303.71,-64.54,239.18,,,,,
9261,18.47,272.81,11.85,0,0.85,0,-0.19,44.28,24.48,-73.64,-70.39,3.64,298.9,-66.75,232.15,,,,,
9271,15.67,276.63,14.21,0,0.11,0,-2.78,44.85,31.16,-72.66,-70.4,3.69,307.19,-66.7,240.49,,,,,
9281,16.27,273.86,16.1,0,0.56,0,-1.79,43.69,27.12,-73.2,-69.47,3.68,302.6,-65.79,236.81,,,,,
9291,15.97,273.26,12.72,0,0.28,0,-1.53,45.2,26.44,-73.28,-69.97,3.64,299.06,-66.33,232.73,,,,,
9301,9.85,276.72,15.14,0,1.14,0,0.27,46.39,28.79,-73.61,-70.73,3.62,304.68,-67.11,237.58,,,,,
9311,15.13,278.05,13.59,0,1.11,0,-2.45,44.39,27.73,-72.08,-68.62,3.67,305.47,-64.95,240.52,,,,,
9321,11.82,273.41,16.14,0,0.5,0,-3.56,43.53,26.59,-72.76,-70.94,3.66,295.67,-67.28,228.39,,,,,
9331,11.59,280.45,16.83,0,0.33,0,-0.94,45.71,30.45,-74.39,-70.08,3.66,310.03,-66.42,243.62,,,,,
9341,13.43,270.93,17.66,0,0.17,0,1.66,43.32,32.67,-73.21,-69.18,3.64,306.62,-65.55,241.08,,,,,
9351,12.1,286.84,13.76,0,0.21,0,-4.05,44.85,26.03,-72.95,-69.93,3.63,306.8,-66.3,240.5,,,,,
9361,12.2,274.24,11.89,0,0.17,0,-2.94,44.51,23.93,-72.08,-71.11,3.65,291.93,-67.46,224.47,,,,,
9371,18.08,271.54,11.12,0,0.96,0,-4.02,44.08,26.72,-71.57,-71.49,3.66,296.92,-67.83,229.09,,,,,
9381,12.97,275.15,16.18,0,0.27,0,-1.96,43.92,29.51,-72.97,-69.64,3.66,303.07,-65.98,237.09,,,,,
9391,10.54,281.23,11.94,0,0.56,0,-3.43,45.56,25.62,-73.49,-70.84,3.66,298.52,-67.18,231.34,,,,,
9401,14.26,275.7,16.84,0,0.03,0,-3.06,43.7,27.28,-73.14,-70.48,3.62,301.62,-66.86,234.76,,,,,
9411,14.88,281.48,16.06,0,0.06,0,-3.94,43.54,26.28,-74.78,-69.8,3.65,303.6,-66.16,237.45,,,,,
9421,11.27,273.51,16.55,0,0.08,0,-3.23,44.89,28.9,-73.99,-70.24,3.66,297.99,-66.58,231.4,,,,,
9431,11.57,278.59,13.87,0,0.25,0,-3.27,43.67,28.52,-74.33,-69.09,3.67,298.88,-65.42,233.45,,,,,
9441,14.93,272.37,8.11,0,0.84,0,1.2,45.12,25.67,-73.83,-69.8,3.66,294.41,-66.14,228.27,,,,,
9451,18.03,275.91,12.89,0,0.23,0,-0.3,44.62,25.5,-72.75,-72.01,3.65,304.14,-68.35,235.79,,,,,
9461,14.24,273.05,11.02,0,0.63,0,-0.72,45.9,28.65,-74.72,-69.92,3.63,298.05,-66.29,231.76,,,,,
9471,12.5,270.8,13.75,0,0.3,0,-1.82,45.24,28.76,-74.6,-68.57,3.65,294.92,-64.92,230.01,,,,,
9481,12.98,277.4,13.4,0,0.42,0,-3.74,43.57,31,-74.24,-69.43,3.66,300.78,-65.77,235.01,,,,,
9491,15.21,271.5,11.83,0,0.73,0,-3.02,44.39,28.27,-72.08,-70.63,3.66,296.84,-66.97,229.87,,,,,
9501,14.42,275.93,13.92,0,0.16,0,0.99,44.72,27.92,-73.42,-70.8,3.63,304.63,-67.17,237.46,,,,,
9511,16.65,273.61,13.48,0,0.49,0,-0.58,44.62,26.66,-74.25,-70.57,3.65,300.69,-66.92,233.78,,,,,
9521,13.81,269.18,17.33,0,0.52,0,0.25,43.54,26.28,-73.64,-68.58,3.67,297.27,-64.91,232.36,,,,,
9531,13.51,268.85,22.35,0,0.31,0,-1.12,44.42,30.57,-73.01,-70.89,3.65,305.89,-67.24,238.65,,,,,
9541,15.68,277.88,14.59,0,0.24,0,1.64,44.63,26.85,-74.45,-70.65,3.61,307.06,-67.03,240.03,,,,,
9551,19.08,282.91,11.06,0,1.28,0,-5.91,44.39,24.72,-72.07,-71.83,3.66,305.45,-68.17,237.28,,,,,
9561,11.71,274.99,14.42,0,0.31,0,-1.96,43.38,25.71,-71.96,-70.11,3.67,296.62,-66.44,230.18,,,,,
9571,16.03,272.87,13.69,0,1.25,0,-0.19,45.27,27.38,-73.83,-70.67,3.62,302.48,-67.05,235.43,,,,,
9581,11.73,281.2,12.11,0,0.73,0,-3.29,44.28,29.93,-72.91,-69.7,3.63,303.79,-66.06,237.73,,,,,
9591,11.34,271.91,12.5,0,0.95,0,3.81,44.93,28.05,-73.63,-69.84,3.64,299.87,-66.2,233.67,,,,,
9601,14.84,276.91,14.79,0,0.61,0,-5.23,44.78,27.5,-73.12,-70.74,3.67,301.06,-67.07,234,,,,,
9611,13.18,274.93,15.79,0,0.17,0,-2.38,44.7,27.59,-72.11,-70,3.65,301.87,-66.35,235.52,,,,,
9621,19.16,270.39,12.41,0,0.66,0,0.28,44.44,29.1,-73.78,-69.14,3.65,302.66,-65.49,237.17,,,,,
9631,13.44,278.73,15.18,0,0.24,0,-2.9,44.09,27.56,-73.07,-70.26,3.67,303.26,-66.6,236.66,,,,,
9641,20.2,274.06,13.08,0,0.35,0,-3.66,44.6,25.13,-72.86,-70.27,3.65,300.9,-66.62,234.28,,,,,
9651,14.43,271.87,15.23,0,0.68,0,1.66,44.63,27.64,-74.62,-67.84,3.68,301.52,-64.16,237.36,,,,,
9661,14.17,274.46,15.06,0,0.94,0,-6.04,44.62,25.07,-71.96,-70.48,3.64,296.33,-66.84,229.5,,,,,
9671,13.37,279.05,14.08,0,0.4,0,-2.13,44.03,25.45,-71.79,-70.48,3.69,302.45,-66.79,235.66,,,,,
9681,15.27,270.12,13.26,0,0.08,0,-2.9,45.57,25.77,-73.89,-70.14,3.62,293.27,-66.52,226.75,,,,,
9691,11.56,273.37,11.71,0,0.75,0,-0.36,45.32,33.37,-73.62,-69.94,3.62,302.11,-66.32,235.79,,,,,
9701,21.67,273.18,10.87,0,0.23,0,-2.44,43.74,25.59,-71.74,-70.48,3.66,301.09,-66.81,234.28,,,,,
9711,13.75,273.91,13.77,0,0.73,0,-1.9,44.23,27.34,-71.98,-70.41,3.67,299.86,-66.73,233.13,,,,,
9721,12.01,274.74,15.24,0,0.98,0,-1.76,44.03,27.13,-72.63,-68.42,3.65,299.72,-64.77,234.95,,,,,
9731,15.33,271.45,11.95,0,0.37,0,-1.64,44.73,26.26,-73.88,-69.47,3.65,294.57,-65.83,228.75,,,,,
9741,17.46,281.94,12.1,0,0.44,0,-3.02,43.92,26.77,-71.97,-70.92,3.62,307.64,-67.3,240.34,,,,,
9751,15.92,276.94,15.87,0,0.43,0,-4.13,44,26.89,-72.85,-69.37,3.64,303.08,-65.73,237.35,,,,,
9761,10.35,277.58,13.37,0,0.28,0,-2.6,44.08,24.8,-72.67,-70.09,3.64,295.2,-66.45,228.75,,,,,
9771,17.37,280.89,14.23,0,0.71,0,-2.58,43.98,28.12,-73.63,-71.66,3.64,309.09,-68.03,241.07,,,,,
9781,13.13,269.31,11.69,0,0.67,0,-0.1,44.93,26.76,-72.05,-71.25,3.65,294.33,-67.6,226.72,,,,,
9791,17,276.6,13.26,0,0.05,0,-3.21,44.75,27.72,-74.17,-70.94,3.66,301.99,-67.28,234.72,,,,,
9801,17.63,271.77,14.76,0,0.25,0,-4.08,45.5,27.07,-73.26,-69.95,3.63,299.64,-66.32,233.32,,,,,
9811,15.46,275.14,15.68,0,1.11,0,-3.49,44.02,25.63,-71.91,-70.98,3.65,301.64,-67.33,234.32,,,,,
9821,12.28,274.11,12.65,0,0.09,0,0.05,45.88,28.58,-74.69,-69.78,3.66,298.95,-66.12,232.83,,,,,
9831,15.78,277.73,12.73,0,0.82,0,-4.94,43.74,26.59,-71.73,-72.15,3.65,300.72,-68.51,232.21,,,,,
9841,18.56,269.2,13.69,0,1.05,0,-2.79,43.59,26.84,-70.94,-70.85,3.65,299.2,-67.2,232,,,,,
9851,16.59,277.55,14.11,0,0.92,0,-1.1,45.24,28.03,-72.68,-70.36,3.65,308.66,-66.7,241.96,,,,,
9861,13.45,279.15,10.85,0,0.58,0,0.49,43.6,27.04,-72.32,-69.7,3.66,302.85,-66.04,236.81,,,,,
9871,13.68,275.6,13.82,0,0.06,0,-4.03,44.68,23.57,-73.61,-70.47,3.65,293.77,-66.82,226.95,,,,,
9881,18.77,269.54,14.24,0,0.18,0,-1.8,43.58,24.28,-72.64,-69.63,3.64,296.16,-65.99,230.17,,,,,
9891,10.43,274.51,15.19,0,0.7,0,-0.36,45.19,29.07,-73.23,-70.15,3.66,301.5,-66.49,235.01,,,,,
9901,14.26,275.47,14.33,0,0.39,0,-1.18,43.59,25.57,-73.57,-69.37,3.67,298.85,-65.7,233.14,,,,,
9911,11.17,274.11,13.88,0,1.03,0,-1.68,45.78,27.38,-73.36,-70.99,3.65,298.31,-67.35,230.96,,,,,
9921,9.58,276.04,14.34,0,1.09,0,-4.52,44.54,30.94,-73.27,-70.07,3.64,298.74,-66.43,232.31,,,,,
9931,12.75,268.25,11.98,0,0.26,0,0.54,44.78,28.66,-74.79,-68.7,3.67,292.43,-65.03,227.4,,,,,
9941,15.88,271.56,12.97,0,0.19,0,0.19,44.05,24.93,-73.09,-69.35,3.63,296.68,-65.72,230.96,,,,,
9951,13.94,270.78,15.95,0,0.28,0,-3.95,44.02,29.95,-71.98,-70.42,3.65,298.98,-66.78,232.2,,,,,
9961,11.51,275.14,14.81,0,0.4,0,-2.11,44.47,31.16,-72.32,-71,3.64,303.06,-67.36,235.7,,,,,
9971,17.94,279.73,13.12,0,0.21,0,-5.01,43.38,25.63,-71.25,-71.34,3.63,303.76,-67.71,236.05,,,,,
9981,12.84,287.93,14.14,0,0.28,0,-2.84,44.58,26.42,-73.17,-70.51,3.63,310.17,-66.88,243.29,,,,,
9991,20.66,272.1,17.12,0,0.39,0,-1.96,43.97,25.65,-71.88,-72.39,3.64,306.04,-68.76,237.29,,,,,
10001,13.97,280.06,14.19,0,1.36,0,1.04,44.94,29.51,-73.27,-70.25,3.65,311.8,-66.61,245.19,,,,,
,,,,,,,,,,,,,,,,,,,,
Delta Energy Terms,,,,,,,,,,,,,,,,,,,,
Frame #,BOND,ANGLE,DIHED,UB,IMP,CMAP,VDWAALS,EEL,1-4 VDW,1-4 EEL,EGB,ESURF,GGAS,GSOLV,TOTAL,,,,,
1,0,0,0,0,0,0,-38.06,-131.5,0,0,146.46,-4.76,-169.56,141.7,-27.87,,,RUN 2,AVE,STDV
11,0,0,0,0,0,0,-39.91,-133.56,0,0,148.31,-4.76,-173.47,143.55,-29.92,,,VDWAALS,-15.4752048,18.56416278
21,0,0,0,0,0,0,-40.86,-127.77,0,0,143.23,-4.9,-168.63,138.33,-30.3,,,EEL,50.92733267,77.3440036
31,0,0,0,0,0,0,-36.87,-139.34,0,0,155.46,-4.77,-176.2,150.68,-25.52,,,GSOLV,-54.68223776,81.79355996
41,0,0,0,0,0,0,-32.99,-157.89,0,0,169.8,-4.85,-190.88,164.96,-25.92,,,GBIND,-11.72081918,14.12330426
51,0,0,0,0,0,0,-39.55,-158.84,0,0,177.61,-4.93,-198.38,172.68,-25.71,,,,,
61,0,0,0,0,0,0,-39.93,-165.29,0,0,178.61,-5.12,-205.22,173.49,-31.73,,,,,
71,0,0,0,0,0,0,-36.83,-141.34,0,0,157.81,-4.65,-178.17,153.15,-25.02,,,,,
81,0,0,0,0,0,0,-37.63,-158.8,0,0,173.46,-4.74,-196.43,168.72,-27.71,,,,,
91,0,0,0,0,0,0,-34.27,-135.68,0,0,149.88,-4.23,-169.95,145.66,-24.3,,,,,
101,0,0,0,0,0,0,-35.97,-147.77,0,0,161.3,-4.61,-183.74,156.69,-27.05,,,,,
111,0,0,0,0,0,0,-37.46,-154.79,0,0,170.64,-4.42,-192.25,166.23,-26.02,,,,,
121,0,0,0,0,0,0,-37.4,-148.9,0,0,166.58,-4.66,-186.3,161.92,-24.39,,,,,
131,0,0,0,0,0,0,-35.64,-148.55,0,0,163.78,-4.62,-184.18,159.16,-25.02,,,,,
141,0,0,0,0,0,0,-35.97,-143.1,0,0,159.11,-4.36,-179.07,154.75,-24.32,,,,,
151,0,0,0,0,0,0,-36.59,-143.64,0,0,160.03,-4.74,-180.23,155.28,-24.95,,,,,
161,0,0,0,0,0,0,-39.26,-145.5,0,0,163.4,-4.96,-184.75,158.44,-26.31,,,,,
171,0,0,0,0,0,0,-35.98,-138.93,0,0,156.78,-4.87,-174.91,151.9,-23,,,,,
181,0,0,0,0,0,0,-38.29,-136.83,0,0,152.09,-4.77,-175.12,147.32,-27.79,,,,,
191,0,0,0,0,0,0,-38.81,-141.04,0,0,155.49,-4.71,-179.85,150.78,-29.08,,,,,
201,0,0,0,0,0,0,-42.92,-140.7,0,0,155.53,-5.04,-183.61,150.49,-33.13,,,,,
211,0,0,0,0,0,0,-38.51,-143.65,0,0,159.7,-4.95,-182.16,154.75,-27.41,,,,,
221,0,0,0,0,0,0,-38.2,-134.99,0,0,151.02,-4.77,-173.19,146.25,-26.94,,,,,
231,0,0,0,0,0,0,-37.98,-139.42,0,0,155.84,-5.07,-177.4,150.78,-26.63,,,,,
241,0,0,0,0,0,0,-41.24,-136.61,0,0,151.46,-5.08,-177.85,146.38,-31.47,,,,,
251,0,0,0,0,0,0,-37.64,-154.78,0,0,169.57,-5.07,-192.42,164.5,-27.92,,,,,
261,0,0,0,0,0,0,-34.66,-139.34,0,0,153.08,-4.98,-174,148.09,-25.9,,,,,
271,0,0,0,0,0,0,-35.99,-150.82,0,0,163.74,-4.99,-186.81,158.75,-28.06,,,,,
281,0,0,0,0,0,0,-36.76,-146.42,0,0,158.93,-4.58,-183.18,154.34,-28.83,,,,,
291,0,0,0,0,0,0,-36.58,-143.3,0,0,156.46,-4.85,-179.87,151.61,-28.26,,,,,
301,0,0,0,0,0,0,-34.31,-148.57,0,0,161.73,-4.6,-182.88,157.13,-25.75,,,,,
311,0,0,0,0,0,0,-36.95,-144.17,0,0,157.49,-4.95,-181.12,152.54,-28.58,,,,,
321,0,0,0,0,0,0,-42.48,-143.06,0,0,160.99,-5.18,-185.54,155.82,-29.73,,,,,
331,0,0,0,0,0,0,-38.72,-146.24,0,0,159.61,-5.02,-184.96,154.59,-30.37,,,,,
341,0,0,0,0,0,0,-36.58,-151.35,0,0,161.57,-5.04,-187.92,156.54,-31.39,,,,,
351,0,0,0,0,0,0,-36.35,-145.78,0,0,159.07,-4.8,-182.13,154.27,-27.86,,,,,
361,0,0,0,0,0,0,-37.19,-139.42,0,0,157.4,-5.03,-176.61,152.37,-24.24,,,,,
371,0,0,0,0,0,0,-34.25,-150.44,0,0,163.34,-5.05,-184.69,158.29,-26.4,,,,,
381,0,0,0,0,0,0,-40.31,-153.78,0,0,169.92,-5.02,-194.09,164.89,-29.19,,,,,
391,0,0,0,0,0,0,-33.33,-158.22,0,0,168.15,-5.04,-191.55,163.11,-28.44,,,,,
401,0,0,0,0,0,0,-36.19,-139.23,0,0,151.39,-4.75,-175.42,146.63,-28.79,,,,,
411,0,0,0,0,0,0,-37.81,-158.97,0,0,172.07,-4.98,-196.78,167.08,-29.7,,,,,
421,0,0,0,0,0,0,-37.89,-144.45,0,0,156.8,-4.85,-182.34,151.95,-30.4,,,,,
431,0,0,0,0,0,0,-39.7,-138.11,0,0,152.74,-4.81,-177.81,147.93,-29.88,,,,,
441,0,0,0,0,0,0,-36.75,-138.94,0,0,151.79,-4.84,-175.68,146.95,-28.73,,,,,
451,0,0,0,0,0,0,-38.53,-142.48,0,0,153.56,-4.86,-181,148.7,-32.3,,,,,
461,0,0,0,0,0,0,-38.78,-152.72,0,0,167.74,-4.97,-191.5,162.77,-28.73,,,,,
471,0,0,0,0,0,0,-39.01,-148.43,0,0,161.84,-5.06,-187.44,156.78,-30.66,,,,,
481,0,0,0,0,0,0,-35.04,-141.01,0,0,151.08,-4.99,-176.05,146.08,-29.96,,,,,
491,0,0,0,0,0,0,-37.01,-144.36,0,0,157.97,-5.06,-181.37,152.9,-28.47,,,,,
501,0,0,0,0,0,0,-37.48,-154.93,0,0,168.69,-4.89,-192.41,163.8,-28.61,,,,,
511,0,0,0,0,0,0,-36.91,-138.61,0,0,154.39,-4.97,-175.51,149.42,-26.09,,,,,
521,0,0,0,0,0,0,-39.48,-146.94,0,0,161.38,-5.19,-186.41,156.19,-30.22,,,,,
531,0,0,0,0,0,0,-41.59,-147.2,0,0,163.47,-5.15,-188.8,158.32,-30.48,,,,,
541,0,0,0,0,0,0,-36.16,-153.09,0,0,168.27,-5.07,-189.25,163.2,-26.05,,,,,
551,0,0,0,0,0,0,-36.97,-143.64,0,0,158.33,-5.02,-180.6,153.31,-27.3,,,,,
561,0,0,0,0,0,0,-41.23,-160.35,0,0,176.62,-5.16,-201.58,171.46,-30.12,,,,,
571,0,0,0,0,0,0,-40.09,-139.07,0,0,154.86,-5.04,-179.17,149.83,-29.34,,,,,
581,0,0,0,0,0,0,-39.94,-148.96,0,0,161.9,-5.08,-188.9,156.82,-32.08,,,,,
591,0,0,0,0,0,0,-37.74,-135.03,0,0,147,-4.86,-172.77,142.14,-30.63,,,,,
601,0,0,0,0,0,0,-36.06,-145.6,0,0,159.91,-4.94,-181.66,154.97,-26.69,,,,,
611,0,0,0,0,0,0,-39.93,-148.97,0,0,163.4,-4.92,-188.91,158.48,-30.43,,,,,
621,0,0,0,0,0,0,-39.59,-141.53,0,0,155.05,-5.34,-181.12,149.72,-31.4,,,,,
631,0,0,0,0,0,0,-39.32,-142.12,0,0,156.58,-5.02,-181.44,151.56,-29.88,,,,,
641,0,0,0,0,0,0,-38.53,-143.58,0,0,156.6,-5.06,-182.11,151.53,-30.57,,,,,
651,0,0,0,0,0,0,-38.56,-150.03,0,0,164.78,-5.02,-188.59,159.77,-28.82,,,,,
661,0,0,0,0,0,0,-38.32,-151.9,0,0,164.88,-5.05,-190.22,159.83,-30.39,,,,,
671,0,0,0,0,0,0,-39.52,-140.96,0,0,154.95,-5.32,-180.48,149.63,-30.85,,,,,
681,0,0,0,0,0,0,-42,-124.5,0,0,139.7,-5.16,-166.49,134.54,-31.96,,,,,
691,0,0,0,0,0,0,-36.56,-137.96,0,0,152.2,-4.86,-174.52,147.33,-27.18,,,,,
701,0,0,0,0,0,0,-42.47,-136.05,0,0,151.44,-5.32,-178.52,146.13,-32.4,,,,,
711,0,0,0,0,0,0,-33.13,-148.74,0,0,162.18,-4.95,-181.87,157.24,-24.63,,,,,
721,0,0,0,0,0,0,-37.19,-141.46,0,0,156.06,-5,-178.64,151.07,-27.58,,,,,
731,0,0,0,0,0,0,-36.19,-138.83,0,0,156.26,-4.68,-175.02,151.57,-23.45,,,,,
741,0,0,0,0,0,0,-38.22,-137.01,0,0,151.59,-4.86,-175.23,146.73,-28.5,,,,,
751,0,0,0,0,0,0,-34.24,-153.11,0,0,165.69,-4.95,-187.35,160.74,-26.61,,,,,
761,0,0,0,0,0,0,-34.65,-133.93,0,0,149.22,-4.56,-168.58,144.66,-23.93,,,,,
771,0,0,0,0,0,0,-37.83,-137.1,0,0,152.14,-4.8,-174.94,147.34,-27.59,,,,,
781,0,0,0,0,0,0,-38.64,-140.88,0,0,154.42,-4.89,-179.53,149.53,-30,,,,,
791,0,0,0,0,0,0,-33.08,-151.68,0,0,163.63,-4.87,-184.76,158.76,-26,,,,,
801,0,0,0,0,0,0,-36.97,-148.18,0,0,164.07,-4.69,-185.15,159.38,-25.77,,,,,
811,0,0,0,0,0,0,-37.71,-150.16,0,0,165.52,-4.44,-187.87,161.08,-26.8,,,,,
821,0,0,0,0,0,0,-32.53,-151.16,0,0,161.62,-4.7,-183.69,156.92,-26.77,,,,,
831,0,0,0,0,0,0,-34.83,-152.74,0,0,164.37,-4.36,-187.57,160.01,-27.56,,,,,
841,0,0,0,0,0,0,-35.64,-144.46,0,0,159.06,-4.6,-180.1,154.46,-25.64,,,,,
851,0,0,0,0,0,0,0,22.44,0,0,-22.43,0,22.44,-22.43,0,,,,,
861,0,0,0,0,0,0,-34.26,-128.2,0,0,144.96,-4.97,-162.47,139.99,-22.48,,,,,
871,0,0,0,0,0,0,0,20.77,0,0,-20.77,0,20.77,-20.77,0,,,,,
881,0,0,0,0,0,0,0,21.61,0,0,-21.61,0,21.61,-21.61,0,,,,,
891,0,0,0,0,0,0,-37.99,-138.51,0,0,153.46,-4.92,-176.5,148.54,-27.96,,,,,
901,0,0,0,0,0,0,-31.17,-138.28,0,0,150.82,-4.44,-169.45,146.38,-23.08,,,,,
911,0,0,0,0,0,0,0,22.4,0,0,-22.39,0,22.4,-22.39,0,,,,,
921,0,0,0,0,0,0,-36.73,-135.31,0,0,153.13,-4.84,-172.04,148.29,-23.75,,,,,
931,0,0,0,0,0,0,-39.55,-132.23,0,0,152.43,-4.64,-171.77,147.79,-23.99,,,,,
941,0,0,0,0,0,0,-36.35,-132.05,0,0,148.1,-4.61,-168.4,143.49,-24.91,,,,,
951,0,0,0,0,0,0,-38.98,-132.85,0,0,150.84,-4.53,-171.82,146.31,-25.51,,,,,
961,0,0,0,0,0,0,-35.58,-140.44,0,0,153.4,-4.45,-176.02,148.95,-27.07,,,,,
971,0,0,0,0,0,0,-33.17,-131.02,0,0,146.5,-4.16,-164.19,142.34,-21.85,,,,,
981,0,0,0,0,0,0,-37.78,-141.68,0,0,159.22,-4.27,-179.46,154.95,-24.51,,,,,
991,0,0,0,0,0,0,-34.59,-137.95,0,0,150.45,-4.26,-172.54,146.19,-26.36,,,,,
1001,0,0,0,0,0,0,-36.81,-138.89,0,0,153.62,-4.32,-175.7,149.3,-26.39,,,,,
1011,0,0,0,0,0,0,-35.44,-140,0,0,153.84,-4.51,-175.44,149.32,-26.11,,,,,
1021,0,0,0,0,0,0,-34.91,-139.03,0,0,155.05,-4.57,-173.93,150.48,-23.45,,,,,
1031,0,0,0,0,0,0,-39.01,-143.15,0,0,159.57,-4.82,-182.17,154.74,-27.42,,,,,
1041,0,0,0,0,0,0,-38.26,-131.74,0,0,148.87,-4.64,-170,144.23,-25.77,,,,,
1051,0,0,0,0,0,0,-36.17,-132.13,0,0,149.69,-4.31,-168.29,145.38,-22.91,,,,,
1061,0,0,0,0,0,0,-35.04,-144.77,0,0,157.34,-4.53,-179.81,152.8,-27.01,,,,,
1071,0,0,0,0,0,0,0,27.8,0,0,-27.8,0,27.8,-27.8,0.01,,,,,
1081,0,0,0,0,0,0,-37.5,-145.5,0,0,162.81,-4.7,-182.99,158.11,-24.88,,,,,
1091,0,0,0,0,0,0,-36.8,-141.86,0,0,157.24,-4.53,-178.67,152.71,-25.96,,,,,
1101,0,0,0,0,0,0,-36.7,-138.28,0,0,153.56,-4.79,-174.99,148.78,-26.21,,,,,
1111,0,0,0,0,0,0,-34.25,-152.68,0,0,166.8,-4.6,-186.93,162.2,-24.73,,,,,
1121,0,0,0,0,0,0,-33.38,-144.43,0,0,157.76,-4.58,-177.81,153.18,-24.63,,,,,
1131,0,0,0,0,0,0,-35.96,-155.64,0,0,167.26,-4.82,-191.6,162.45,-29.16,,,,,
1141,0,0,0,0,0,0,-35.38,-140.24,0,0,153.92,-4.46,-175.62,149.46,-26.16,,,,,
1151,0,0,0,0,0,0,-34.05,-137.86,0,0,151.05,-4.7,-171.91,146.35,-25.57,,,,,
1161,0,0,0,0,0,0,-37.11,-142.97,0,0,158.05,-4.58,-180.08,153.47,-26.62,,,,,
1171,0,0,0,0,0,0,-34.3,-143.54,0,0,157.68,-4.63,-177.84,153.05,-24.79,,,,,
1181,0,0,0,0,0,0,-37.32,-137.28,0,0,154.66,-4.4,-174.6,150.26,-24.33,,,,,
1191,0,0,0,0,0,0,-35.89,-130.25,0,0,144.46,-4.59,-166.14,139.87,-26.28,,,,,
1201,0,0,0,0,0,0,0,20.37,0,0,-20.36,0,20.37,-20.36,0,,,,,
1211,0,0,0,0,0,0,0,22.55,0,0,-22.55,0,22.55,-22.55,0,,,,,
1221,0,0,0,0,0,0,0,23.54,0,0,-23.54,0,23.54,-23.54,0,,,,,
1231,0,0,0,0,0,0,0,22.31,0,0,-22.3,0,22.31,-22.3,0,,,,,
1241,0,0,0,0,0,0,0,19.9,0,0,-19.9,0,19.9,-19.9,0,,,,,
1251,0,0,0,0,0,0,0,22.47,0,0,-22.46,0,22.47,-22.46,0,,,,,
1261,0,0,0,0,0,0,0,21.6,0,0,-21.59,0,21.6,-21.59,0,,,,,
1271,0,0,0,0,0,0,0,23.8,0,0,-23.8,0,23.8,-23.8,0,,,,,
1281,0,0,0,0,0,0,0,23.15,0,0,-23.14,0,23.14,-23.14,0,,,,,
1291,0,0,0,0,0,0,0,22.47,0,0,-22.46,0,22.46,-22.46,0,,,,,
1301,0,0,0,0,0,0,0,21.66,0,0,-21.66,0,21.66,-21.66,0,,,,,
1311,0,0,0,0,0,0,0,23.33,0,0,-23.32,0,23.32,-23.32,0,,,,,
1321,0,0,0,0,0,0,-35.79,-150.11,0,0,164.11,-4.77,-185.9,159.34,-26.56,,,,,
1331,0,0,0,0,0,0,0,26.19,0,0,-26.19,0,26.19,-26.19,0,,,,,
1341,0,0,0,0,0,0,0,25.28,0,0,-25.27,0,25.28,-25.27,0,,,,,
1351,0,0,0,0,0,0,0,22.22,0,0,-22.21,0,22.21,-22.21,0,,,,,
1361,0,0,0,0,0,0,-41.34,-149.98,0,0,165.75,-4.99,-191.32,160.76,-30.56,,,,,
1371,0,0,0,0,0,0,0,21.36,0,0,-21.35,0,21.36,-21.35,0,,,,,
1381,0,0,0,0,0,0,0,21.68,0,0,-21.68,0,21.68,-21.68,0,,,,,
1391,0,0,0,0,0,0,0,24.15,0,0,-24.15,0,24.15,-24.15,0,,,,,
1401,0,0,0,0,0,0,-40.59,-142.07,0,0,157.6,-4.89,-182.66,152.71,-29.95,,,,,
1411,0,0,0,0,0,0,-38.71,-156.41,0,0,171.07,-4.67,-195.12,166.4,-28.72,,,,,
1421,0,0,0,0,0,0,0,20.81,0,0,-20.81,0,20.81,-20.81,0,,,,,
1431,0,0,0,0,0,0,-35.56,-156.15,0,0,169.28,-4.97,-191.71,164.31,-27.4,,,,,
1441,0,0,0,0,0,0,0,20.99,0,0,-20.98,0,20.99,-20.98,0,,,,,
1451,0,0,0,0,0,0,0,20.58,0,0,-20.58,0,20.58,-20.58,0,,,,,
1461,0,0,0,0,0,0,0,18.14,0,0,-18.14,0,18.14,-18.14,0,,,,,
1471,0,0,0,0,0,0,0,18.65,0,0,-18.65,0,18.65,-18.65,0,,,,,
1481,0,0,0,0,0,0,0,18.71,0,0,-18.71,0,18.71,-18.71,0,,,,,
1491,0,0,0,0,0,0,0,18.03,0,0,-18.03,0,18.03,-18.03,0,,,,,
1501,0,0,0,0,0,0,0,19.05,0,0,-19.05,0,19.05,-19.05,0,,,,,
1511,0,0,0,0,0,0,-41.31,-145.23,0,0,159.61,-5.01,-186.54,154.6,-31.94,,,,,
1521,0,0,0,0,0,0,-39.06,-139.52,0,0,154.25,-4.97,-178.58,149.28,-29.3,,,,,
1531,0,0,0,0,0,0,-40.26,-136.12,0,0,151.47,-5.13,-176.38,146.35,-30.03,,,,,
1541,0,0,0,0,0,0,-33.11,-140.83,0,0,151.96,-4.81,-173.94,147.15,-26.79,,,,,
1551,0,0,0,0,0,0,-38.02,-143.91,0,0,157.96,-5.09,-181.93,152.86,-29.07,,,,,
1561,0,0,0,0,0,0,-39.88,-144.64,0,0,159.31,-5.02,-184.51,154.3,-30.22,,,,,
1571,0,0,0,0,0,0,-39.98,-135.81,0,0,155,-4.85,-175.79,150.16,-25.63,,,,,
1581,0,0,0,0,0,0,-38.96,-138.71,0,0,154.73,-4.9,-177.67,149.83,-27.84,,,,,
1591,0,0,0,0,0,0,-37.52,-145.38,0,0,158.21,-4.6,-182.91,153.62,-29.29,,,,,
1601,0,0,0,0,0,0,-38.5,-150.61,0,0,163.87,-4.91,-189.11,158.96,-30.15,,,,,
1611,0,0,0,0,0,0,-36.07,-133.65,0,0,149.52,-4.74,-169.72,144.78,-24.94,,,,,
1621,0,0,0,0,0,0,-39.03,-145.61,0,0,158.77,-4.87,-184.64,153.9,-30.74,,,,,
1631,0,0,0,0,0,0,-35.87,-136.18,0,0,151.2,-4.36,-172.05,146.84,-25.21,,,,,
1641,0,0,0,0,0,0,-36.43,-139.76,0,0,154.27,-4.8,-176.19,149.47,-26.72,,,,,
1651,0,0,0,0,0,0,-38.3,-141.14,0,0,158.93,-4.74,-179.44,154.19,-25.25,,,,,
1661,0,0,0,0,0,0,-36.43,-139.44,0,0,156.45,-4.71,-175.88,151.74,-24.14,,,,,
1671,0,0,0,0,0,0,-34.63,-145.67,0,0,157.32,-4.78,-180.3,152.54,-27.76,,,,,
1681,0,0,0,0,0,0,-37.01,-132.26,0,0,144.13,-4.51,-169.28,139.63,-29.65,,,,,
1691,0,0,0,0,0,0,-38.65,-146.68,0,0,161.42,-4.62,-185.32,156.8,-28.52,,,,,
1701,0,0,0,0,0,0,-39.16,-141.27,0,0,155.88,-4.91,-180.43,150.97,-29.46,,,,,
1711,0,0,0,0,0,0,-37.93,-143.97,0,0,157.38,-4.88,-181.9,152.5,-29.4,,,,,
1721,0,0,0,0,0,0,0,20.02,0,0,-20.02,0,20.02,-20.02,0,,,,,
1731,0,0,0,0,0,0,0,18.59,0,0,-18.59,0,18.59,-18.59,0,,,,,
1741,0,0,0,0,0,0,-37.72,-138.89,0,0,153.2,-4.62,-176.62,148.58,-28.03,,,,,
1751,0,0,0,0,0,0,0,18.89,0,0,-18.89,0,18.89,-18.89,0,,,,,
1761,0,0,0,0,0,0,0,16.11,0,0,-16.11,0,16.11,-16.11,0,,,,,
1771,0,0,0,0,0,0,-39.42,-128.08,0,0,145.99,-4.9,-167.5,141.09,-26.41,,,,,
1781,0,0,0,0,0,0,0,14.8,0,0,-14.8,0,14.8,-14.8,0,,,,,
1791,0,0,0,0,0,0,-39.99,-137.46,0,0,154.73,-4.95,-177.45,149.79,-27.66,,,,,
1801,0,0,0,0,0,0,-36.03,-135.67,0,0,147.94,-4.72,-171.69,143.22,-28.48,,,,,
1811,0,0,0,0,0,0,-38.24,-136.13,0,0,145.15,-4.71,-174.37,140.43,-33.94,,,,,
1821,0,0,0,0,0,0,0,12.72,0,0,-12.72,0,12.72,-12.72,0,,,,,
1831,0,0,0,0,0,0,0,11.6,0,0,-11.6,0,11.6,-11.6,0,,,,,
1841,0,0,0,0,0,0,-37.6,-142.67,0,0,154.05,-4.59,-180.27,149.46,-30.8,,,,,
1851,0,0,0,0,0,0,0,11.64,0,0,-11.64,0,11.64,-11.64,0,,,,,
1861,0,0,0,0,0,0,0,12.63,0,0,-12.63,0,12.63,-12.63,0,,,,,
1871,0,0,0,0,0,0,0,14.07,0,0,-14.07,0,14.07,-14.07,0,,,,,
1881,0,0,0,0,0,0,0,12.94,0,0,-12.94,0,12.94,-12.94,0,,,,,
1891,0,0,0,0,0,0,0,11.99,0,0,-11.99,0,11.99,-11.99,0,,,,,
1901,0,0,0,0,0,0,0,11.53,0,0,-11.53,0,11.53,-11.53,0,,,,,
1911,0,0,0,0,0,0,0,10.44,0,0,-10.44,0,10.44,-10.44,0,,,,,
1921,0,0,0,0,0,0,0,10.43,0,0,-10.43,0,10.43,-10.43,0,,,,,
1931,0,0,0,0,0,0,0,11.33,0,0,-11.33,0,11.33,-11.33,0,,,,,
1941,0,0,0,0,0,0,0,9.57,0,0,-9.57,0,9.57,-9.57,0,,,,,
1951,0,0,0,0,0,0,0,9.04,0,0,-9.04,0,9.04,-9.04,0,,,,,
1961,0,0,0,0,0,0,0,8.83,0,0,-8.83,0,8.83,-8.83,0,,,,,
1971,0,0,0,0,0,0,0,7.72,0,0,-7.72,0,7.72,-7.72,0,,,,,
1981,0,0,0,0,0,0,0,8.19,0,0,-8.19,0,8.19,-8.19,0,,,,,
1991,0,0,0,0,0,0,-38.65,-136.06,0,0,150.47,-4.71,-174.72,145.76,-28.95,,,,,
2001,0,0,0,0,0,0,-36.98,-153.53,0,0,164.7,-4.86,-190.51,159.84,-30.67,,,,,
2011,0,0,0,0,0,0,0,6.99,0,0,-6.99,0,6.99,-6.99,0,,,,,
2021,0,0,0,0,0,0,-38.62,-146.54,0,0,158.38,-5.08,-185.16,153.3,-31.86,,,,,
2031,0,0,0,0,0,0,0,6.67,0,0,-6.67,0,6.67,-6.67,0,,,,,
2041,0,0,0,0,0,0,0,5.87,0,0,-5.87,0,5.87,-5.87,0,,,,,
2051,0,0,0,0,0,0,-42.33,-140.9,0,0,157.2,-5.07,-183.23,152.13,-31.1,,,,,
2061,0,0,0,0,0,0,-31.97,-155.96,0,0,166.85,-4.9,-187.93,161.95,-25.98,,,,,
2071,0,0,0,0,0,0,0,7,0,0,-7,0,7,-7,0,,,,,
2081,0,0,0,0,0,0,0,7.56,0,0,-7.56,0,7.56,-7.56,0,,,,,
2091,0,0,0,0,0,0,0,5.67,0,0,-5.67,0,5.67,-5.67,0,,,,,
2101,0,0,0,0,0,0,-38.05,-128.89,0,0,143.74,-4.84,-166.94,138.91,-28.04,,,,,
2111,0,0,0,0,0,0,0,5.49,0,0,-5.49,0,5.49,-5.49,0,,,,,
2121,0,0,0,0,0,0,0,5.91,0,0,-5.91,0,5.91,-5.91,0,,,,,
2131,0,0,0,0,0,0,0,6.99,0,0,-6.99,0,6.98,-6.99,0,,,,,
2141,0,0,0,0,0,0,0,7.39,0,0,-7.39,0,7.39,-7.39,0,,,,,
2151,0,0,0,0,0,0,0,7.34,0,0,-7.34,0,7.34,-7.34,0,,,,,
2161,0,0,0,0,0,0,0,8.79,0,0,-8.79,0,8.79,-8.79,0,,,,,
2171,0,0,0,0,0,0,0,8.34,0,0,-8.34,0,8.34,-8.34,0,,,,,
2181,0,0,0,0,0,0,0,9.21,0,0,-9.21,0,9.21,-9.21,0,,,,,
2191,0,0,0,0,0,0,0,9.24,0,0,-9.24,0,9.24,-9.24,0,,,,,
2201,0,0,0,0,0,0,0,8.99,0,0,-8.99,0,8.99,-8.99,0,,,,,
2211,0,0,0,0,0,0,-40.34,-140.84,0,0,152.58,-5.23,-181.17,147.35,-33.82,,,,,
2221,0,0,0,0,0,0,-39.49,-143.24,0,0,156.39,-5.08,-182.73,151.31,-31.41,,,,,
2231,0,0,0,0,0,0,0,10.98,0,0,-10.98,0,10.98,-10.98,0,,,,,
2241,0,0,0,0,0,0,0,10.73,0,0,-10.73,0,10.73,-10.73,0,,,,,
2251,0,0,0,0,0,0,-42.77,-145.77,0,0,160.15,-5.28,-188.54,154.87,-33.67,,,,,
2261,0,0,0,0,0,0,-41.05,-129.48,0,0,145.71,-4.89,-170.53,140.82,-29.71,,,,,
2271,0,0,0,0,0,0,-39.12,-148.15,0,0,160.83,-4.88,-187.27,155.95,-31.32,,,,,
2281,0,0,0,0,0,0,-34.46,-149.33,0,0,162.75,-4.68,-183.79,158.07,-25.72,,,,,
2291,0,0,0,0,0,0,-39.52,-140.46,0,0,155.15,-4.66,-179.98,150.49,-29.49,,,,,
2301,0,0,0,0,0,0,-37.77,-132.42,0,0,150.59,-4.86,-170.19,145.73,-24.46,,,,,
2311,0,0,0,0,0,0,-37.34,-152.78,0,0,164.88,-4.78,-190.12,160.09,-30.03,,,,,
2321,0,0,0,0,0,0,-36.65,-152.31,0,0,164.2,-4.77,-188.95,159.44,-29.51,,,,,
2331,0,0,0,0,0,0,-37.41,-135.34,0,0,147.27,-5.02,-172.75,142.24,-30.51,,,,,
2341,0,0,0,0,0,0,0,14.52,0,0,-14.52,0,14.52,-14.52,0,,,,,
2351,0,0,0,0,0,0,-39.09,-145.06,0,0,156.81,-4.86,-184.15,151.94,-32.21,,,,,
2361,0,0,0,0,0,0,-39.84,-143.43,0,0,159.02,-4.86,-183.27,154.17,-29.1,,,,,
2371,0,0,0,0,0,0,-35.48,-136.71,0,0,151.64,-4.61,-172.19,147.02,-25.17,,,,,
2381,0,0,0,0,0,0,-39.5,-137.84,0,0,155.01,-5.04,-177.34,149.97,-27.37,,,,,
2391,0,0,0,0,0,0,-40.39,-148.7,0,0,162.78,-5.09,-189.09,157.69,-31.4,,,,,
2401,0,0,0,0,0,0,-43.77,-153.28,0,0,168.43,-5.35,-197.05,163.08,-33.97,,,,,
2411,0,0,0,0,0,0,-39.86,-153.75,0,0,166.2,-4.9,-193.61,161.3,-32.31,,,,,
2421,0,0,0,0,0,0,-36.88,-144.19,0,0,156.43,-4.73,-181.07,151.69,-29.38,,,,,
2431,0,0,0,0,0,0,-37.36,-148.95,0,0,164.13,-4.64,-186.31,159.49,-26.82,,,,,
2441,0,0,0,0,0,0,-34.3,-144.3,0,0,157.42,-4.51,-178.6,152.91,-25.69,,,,,
2451,0,0,0,0,0,0,0,20.34,0,0,-20.34,0,20.34,-20.34,0,,,,,
2461,0,0,0,0,0,0,-37.59,-154.33,0,0,168.05,-4.59,-191.92,163.46,-28.46,,,,,
2471,0,0,0,0,0,0,0,18.68,0,0,-18.68,0,18.68,-18.68,0,,,,,
2481,0,0,0,0,0,0,0,17.89,0,0,-17.89,0,17.89,-17.89,0,,,,,
2491,0,0,0,0,0,0,0,17.97,0,0,-17.96,0,17.96,-17.96,0,,,,,
2501,0,0,0,0,0,0,0,16.7,0,0,-16.7,0,16.7,-16.7,0,,,,,
2511,0,0,0,0,0,0,0,15.62,0,0,-15.61,0,15.62,-15.61,0,,,,,
2521,0,0,0,0,0,0,0,16.04,0,0,-16.04,0,16.04,-16.04,0,,,,,
2531,0,0,0,0,0,0,0,15.59,0,0,-15.59,0,15.59,-15.59,0,,,,,
2541,0,0,0,0,0,0,0,16.38,0,0,-16.38,0,16.38,-16.38,0,,,,,
2551,0,0,0,0,0,0,0,17.85,0,0,-17.85,0,17.85,-17.85,0,,,,,
2561,0,0,0,0,0,0,0,19.84,0,0,-19.84,0,19.84,-19.84,0,,,,,
2571,0,0,0,0,0,0,0,19.17,0,0,-19.17,0,19.17,-19.17,0,,,,,
2581,0,0,0,0,0,0,0,19.42,0,0,-19.42,0,19.42,-19.42,0,,,,,
2591,0,0,0,0,0,0,0,20.82,0,0,-20.82,0,20.82,-20.82,0,,,,,
2601,0,0,0,0,0,0,0,21.26,0,0,-21.26,0,21.26,-21.26,0,,,,,
2611,0,0,0,0,0,0,0,20.72,0,0,-20.72,0,20.72,-20.72,0,,,,,
2621,0,0,0,0,0,0,0,21.79,0,0,-21.78,0,21.79,-21.78,0,,,,,
2631,0,0,0,0,0,0,0,21.27,0,0,-21.27,0,21.27,-21.27,0,,,,,
2641,0,0,0,0,0,0,0,20.99,0,0,-20.99,0,20.99,-20.99,0,,,,,
2651,0,0,0,0,0,0,0,19.78,0,0,-19.78,0,19.78,-19.78,0,,,,,
2661,0,0,0,0,0,0,0,19.28,0,0,-19.27,0,19.28,-19.27,0,,,,,
2671,0,0,0,0,0,0,0,18.08,0,0,-18.08,0,18.08,-18.08,0,,,,,
2681,0,0,0,0,0,0,0,16.63,0,0,-16.63,0,16.63,-16.63,0,,,,,
2691,0,0,0,0,0,0,0,20.36,0,0,-20.36,0,20.36,-20.36,0,,,,,
2701,0,0,0,0,0,0,0,20.45,0,0,-20.44,0,20.45,-20.44,0,,,,,
2711,0,0,0,0,0,0,0,21.34,0,0,-21.34,0,21.34,-21.34,0,,,,,
2721,0,0,0,0,0,0,0,19.83,0,0,-19.83,0,19.83,-19.83,0,,,,,
2731,0,0,0,0,0,0,0,17.61,0,0,-17.61,0,17.61,-17.61,0,,,,,
2741,0,0,0,0,0,0,0,18.86,0,0,-18.86,0,18.86,-18.86,0,,,,,
2751,0,0,0,0,0,0,-40.94,-149.06,0,0,161.37,-4.95,-190,156.42,-33.58,,,,,
2761,0,0,0,0,0,0,0,18.16,0,0,-18.15,0,18.16,-18.15,0,,,,,
2771,0,0,0,0,0,0,-39.59,-142.39,0,0,157.47,-4.76,-181.99,152.71,-29.27,,,,,
2781,0,0,0,0,0,0,-37.5,-144.94,0,0,158.66,-4.71,-182.43,153.96,-28.48,,,,,
2791,0,0,0,0,0,0,0,19.06,0,0,-19.05,0,19.06,-19.05,0,,,,,
2801,0,0,0,0,0,0,0,18.58,0,0,-18.57,0,18.58,-18.57,0,,,,,
2811,0,0,0,0,0,0,0,21.53,0,0,-21.53,0,21.53,-21.53,0,,,,,
2821,0,0,0,0,0,0,0,21.91,0,0,-21.9,0,21.91,-21.9,0,,,,,
2831,0,0,0,0,0,0,0,23.36,0,0,-23.36,0,23.36,-23.36,0,,,,,
2841,0,0,0,0,0,0,0,22.88,0,0,-22.88,0,22.88,-22.88,0,,,,,
2851,0,0,0,0,0,0,0,21.04,0,0,-21.04,0,21.04,-21.04,0,,,,,
2861,0,0,0,0,0,0,0,20.06,0,0,-20.06,0,20.06,-20.06,0,,,,,
2871,0,0,0,0,0,0,0,20.46,0,0,-20.45,0,20.46,-20.45,0,,,,,
2881,0,0,0,0,0,0,0,22.57,0,0,-22.56,0,22.57,-22.56,0,,,,,
2891,0,0,0,0,0,0,0,22.63,0,0,-22.63,0,22.63,-22.63,0,,,,,
2901,0,0,0,0,0,0,0,21.02,0,0,-21.01,0,21.02,-21.01,0,,,,,
2911,0,0,0,0,0,0,0,17.78,0,0,-17.78,0,17.78,-17.78,0,,,,,
2921,0,0,0,0,0,0,0,17,0,0,-17,0,17,-17,0,,,,,
2931,0,0,0,0,0,0,0,18.06,0,0,-18.06,0,18.06,-18.06,0,,,,,
2941,0,0,0,0,0,0,0,19.23,0,0,-19.23,0,19.23,-19.23,0,,,,,
2951,0,0,0,0,0,0,0,20.64,0,0,-20.64,0,20.64,-20.64,0,,,,,
2961,0,0,0,0,0,0,0,20.01,0,0,-20.01,0,20.01,-20.01,0,,,,,
2971,0,0,0,0,0,0,0,20.53,0,0,-20.53,0,20.53,-20.53,0,,,,,
2981,0,0,0,0,0,0,0,20.96,0,0,-20.96,0,20.96,-20.96,0,,,,,
2991,0,0,0,0,0,0,0,19.41,0,0,-19.41,0,19.41,-19.41,0,,,,,
3001,0,0,0,0,0,0,0,18.23,0,0,-18.22,0,18.22,-18.22,0,,,,,
3011,0,0,0,0,0,0,0,17.58,0,0,-17.58,0,17.58,-17.58,0,,,,,
3021,0,0,0,0,0,0,0,19,0,0,-19,0,19,-19,0,,,,,
3031,0,0,0,0,0,0,0,19.54,0,0,-19.54,0,19.54,-19.54,0,,,,,
3041,0,0,0,0,0,0,0,21.46,0,0,-21.46,0,21.46,-21.46,0,,,,,
3051,0,0,0,0,0,0,0,20.53,0,0,-20.52,0,20.53,-20.52,0,,,,,
3061,0,0,0,0,0,0,0,20.87,0,0,-20.87,0,20.87,-20.87,0,,,,,
3071,0,0,0,0,0,0,0,18.06,0,0,-18.06,0,18.06,-18.06,0,,,,,
3081,0,0,0,0,0,0,0,17.01,0,0,-17.01,0,17.01,-17.01,0,,,,,
3091,0,0,0,0,0,0,0,18.25,0,0,-18.25,0,18.25,-18.25,0,,,,,
3101,0,0,0,0,0,0,0,16.35,0,0,-16.35,0,16.35,-16.35,0,,,,,
3111,0,0,0,0,0,0,0,17.03,0,0,-17.02,0,17.03,-17.02,0,,,,,
3121,0,0,0,0,0,0,0,15.83,0,0,-15.83,0,15.83,-15.83,0,,,,,
3131,0,0,0,0,0,0,0,14.91,0,0,-14.91,0,14.91,-14.91,0,,,,,
3141,0,0,0,0,0,0,0,17.46,0,0,-17.45,0,17.46,-17.45,0,,,,,
3151,0,0,0,0,0,0,0,15.47,0,0,-15.47,0,15.47,-15.47,0,,,,,
3161,0,0,0,0,0,0,0,12.39,0,0,-12.39,0,12.39,-12.39,0,,,,,
3171,0,0,0,0,0,0,0,12.27,0,0,-12.27,0,12.27,-12.27,0,,,,,
3181,0,0,0,0,0,0,0,12.42,0,0,-12.42,0,12.42,-12.42,0,,,,,
3191,0,0,0,0,0,0,0,10.98,0,0,-10.98,0,10.98,-10.98,0,,,,,
3201,0,0,0,0,0,0,0,10.06,0,0,-10.06,0,10.06,-10.06,0,,,,,
3211,0,0,0,0,0,0,-39.94,-135.52,0,0,147.5,-4.89,-175.46,142.61,-32.85,,,,,
3221,0,0,0,0,0,0,0,9.17,0,0,-9.17,0,9.17,-9.17,0,,,,,
3231,0,0,0,0,0,0,-40.73,-136.71,0,0,150.2,-5.11,-177.44,145.09,-32.35,,,,,
3241,0,0,0,0,0,0,-40.38,-139.56,0,0,151.56,-4.98,-179.94,146.57,-33.37,,,,,
3251,0,0,0,0,0,0,-39.4,-150.44,0,0,161.79,-5.04,-189.84,156.75,-33.09,,,,,
3261,0,0,0,0,0,0,-38.54,-140.11,0,0,154.18,-4.83,-178.65,149.34,-29.31,,,,,
3271,0,0,0,0,0,0,0,9.02,0,0,-9.02,0,9.02,-9.02,0,,,,,
3281,0,0,0,0,0,0,0,9.14,0,0,-9.14,0,9.14,-9.14,0,,,,,
3291,0,0,0,0,0,0,0,9.36,0,0,-9.36,0,9.36,-9.36,0,,,,,
3301,0,0,0,0,0,0,0,9.5,0,0,-9.5,0,9.5,-9.5,0,,,,,
3311,0,0,0,0,0,0,-39.14,-138.52,0,0,150.47,-5.1,-177.66,145.37,-32.29,,,,,
3321,0,0,0,0,0,0,-36.06,-151.77,0,0,163.11,-4.96,-187.83,158.16,-29.67,,,,,
3331,0,0,0,0,0,0,0,9.88,0,0,-9.88,0,9.88,-9.88,0,,,,,
3341,0,0,0,0,0,0,0,9.73,0,0,-9.73,0,9.73,-9.73,0,,,,,
3351,0,0,0,0,0,0,-37.59,-136.18,0,0,149.75,-4.67,-173.77,145.08,-28.69,,,,,
3361,0,0,0,0,0,0,0,11.45,0,0,-11.45,0,11.45,-11.45,0,,,,,
3371,0,0,0,0,0,0,0,11.67,0,0,-11.67,0,11.67,-11.67,0,,,,,
3381,0,0,0,0,0,0,0,13.59,0,0,-13.59,0,13.59,-13.59,0,,,,,
3391,0,0,0,0,0,0,0,13.09,0,0,-13.09,0,13.09,-13.09,0,,,,,
3401,0,0,0,0,0,0,0,15.06,0,0,-15.06,0,15.06,-15.06,0,,,,,
3411,0,0,0,0,0,0,0,14.98,0,0,-14.98,0,14.98,-14.98,0,,,,,
3421,0,0,0,0,0,0,0,15.36,0,0,-15.36,0,15.36,-15.36,0,,,,,
3431,0,0,0,0,0,0,0,14.95,0,0,-14.95,0,14.95,-14.95,0,,,,,
3441,0,0,0,0,0,0,0,15.25,0,0,-15.25,0,15.25,-15.25,0,,,,,
3451,0,0,0,0,0,0,0,15.58,0,0,-15.58,0,15.58,-15.58,0,,,,,
3461,0,0,0,0,0,0,0,13.64,0,0,-13.64,0,13.64,-13.64,0,,,,,
3471,0,0,0,0,0,0,0,15.03,0,0,-15.02,0,15.03,-15.02,0,,,,,
3481,0,0,0,0,0,0,0,14.6,0,0,-14.6,0,14.6,-14.6,0,,,,,
3491,0,0,0,0,0,0,0,14.62,0,0,-14.62,0,14.62,-14.62,0,,,,,
3501,0,0,0,0,0,0,0,12.9,0,0,-12.9,0,12.9,-12.9,0,,,,,
3511,0,0,0,0,0,0,0,14.09,0,0,-14.09,0,14.09,-14.09,0,,,,,
3521,0,0,0,0,0,0,0,14.59,0,0,-14.59,0,14.59,-14.59,0,,,,,
3531,0,0,0,0,0,0,-42.31,-146.57,0,0,160.55,-5.04,-188.88,155.51,-33.37,,,,,
3541,0,0,0,0,0,0,0,17.18,0,0,-17.18,0,17.18,-17.18,0,,,,,
3551,0,0,0,0,0,0,0,19.61,0,0,-19.61,0,19.61,-19.61,0,,,,,
3561,0,0,0,0,0,0,0,20.72,0,0,-20.72,0,20.72,-20.72,0,,,,,
3571,0,0,0,0,0,0,0,22.5,0,0,-22.5,0,22.5,-22.5,0,,,,,
3581,0,0,0,0,0,0,0,23.73,0,0,-23.73,0,23.73,-23.73,0,,,,,
3591,0,0,0,0,0,0,0,24.3,0,0,-24.29,0,24.3,-24.29,0,,,,,
3601,0,0,0,0,0,0,0,20.86,0,0,-20.86,0,20.86,-20.86,0,,,,,
3611,0,0,0,0,0,0,0,25.02,0,0,-25.01,0,25.02,-25.01,0,,,,,
3621,0,0,0,0,0,0,0,22.74,0,0,-22.74,0,22.74,-22.74,0,,,,,
3631,0,0,0,0,0,0,0,21.51,0,0,-21.5,0,21.5,-21.5,0,,,,,
3641,0,0,0,0,0,0,0,20.69,0,0,-20.69,0,20.69,-20.69,0,,,,,
3651,0,0,0,0,0,0,0,17.33,0,0,-17.33,0,17.33,-17.33,0,,,,,
3661,0,0,0,0,0,0,-38.78,-156.06,0,0,170.16,-5.06,-194.84,165.1,-29.74,,,,,
3671,0,0,0,0,0,0,0,17.01,0,0,-17.01,0,17.01,-17.01,0,,,,,
3681,0,0,0,0,0,0,0,16.11,0,0,-16.11,0,16.11,-16.11,0,,,,,
3691,0,0,0,0,0,0,0,12.67,0,0,-12.67,0,12.67,-12.67,0,,,,,
3701,0,0,0,0,0,0,0,11.75,0,0,-11.75,0,11.75,-11.75,0,,,,,
3711,0,0,0,0,0,0,0,12.16,0,0,-12.16,0,12.16,-12.16,0,,,,,
3721,0,0,0,0,0,0,0,12.57,0,0,-12.57,0,12.57,-12.57,0,,,,,
3731,0,0,0,0,0,0,0,11.91,0,0,-11.91,0,11.91,-11.91,0,,,,,
3741,0,0,0,0,0,0,0,12.59,0,0,-12.59,0,12.59,-12.59,0,,,,,
3751,0,0,0,0,0,0,0,13.6,0,0,-13.6,0,13.6,-13.6,0,,,,,
3761,0,0,0,0,0,0,0,13.69,0,0,-13.69,0,13.69,-13.69,0,,,,,
3771,0,0,0,0,0,0,0,12.77,0,0,-12.77,0,12.77,-12.77,0,,,,,
3781,0,0,0,0,0,0,0,14.33,0,0,-14.33,0,14.33,-14.33,0,,,,,
3791,0,0,0,0,0,0,0,12.46,0,0,-12.46,0,12.46,-12.46,0,,,,,
3801,0,0,0,0,0,0,0,13.74,0,0,-13.74,0,13.74,-13.74,0,,,,,
3811,0,0,0,0,0,0,0,12.62,0,0,-12.62,0,12.62,-12.62,0,,,,,
3821,0,0,0,0,0,0,0,12.67,0,0,-12.67,0,12.67,-12.67,0,,,,,
3831,0,0,0,0,0,0,0,14.04,0,0,-14.04,0,14.04,-14.04,0,,,,,
3841,0,0,0,0,0,0,0,13.15,0,0,-13.15,0,13.15,-13.15,0,,,,,
3851,0,0,0,0,0,0,0,15.53,0,0,-15.53,0,15.53,-15.53,0,,,,,
3861,0,0,0,0,0,0,0,15.94,0,0,-15.94,0,15.94,-15.94,0,,,,,
3871,0,0,0,0,0,0,0,13.71,0,0,-13.71,0,13.71,-13.71,0,,,,,
3881,0,0,0,0,0,0,0,13.53,0,0,-13.53,0,13.53,-13.53,0,,,,,
3891,0,0,0,0,0,0,0,12.32,0,0,-12.32,0,12.32,-12.32,0,,,,,
3901,0,0,0,0,0,0,0,11.9,0,0,-11.9,0,11.9,-11.9,0,,,,,
3911,0,0,0,0,0,0,0,10.29,0,0,-10.29,0,10.29,-10.29,0,,,,,
3921,0,0,0,0,0,0,0,12.11,0,0,-12.11,0,12.11,-12.11,0,,,,,
3931,0,0,0,0,0,0,0,11.77,0,0,-11.77,0,11.77,-11.77,0,,,,,
3941,0,0,0,0,0,0,0,14.32,0,0,-14.32,0,14.32,-14.32,0,,,,,
3951,0,0,0,0,0,0,0,14.86,0,0,-14.86,0,14.86,-14.86,0,,,,,
3961,0,0,0,0,0,0,0,15.17,0,0,-15.17,0,15.17,-15.17,0,,,,,
3971,0,0,0,0,0,0,0,14.68,0,0,-14.68,0,14.68,-14.68,0,,,,,
3981,0,0,0,0,0,0,0,13.57,0,0,-13.57,0,13.57,-13.57,0,,,,,
3991,0,0,0,0,0,0,0,14.22,0,0,-14.22,0,14.22,-14.22,0,,,,,
4001,0,0,0,0,0,0,0,15.93,0,0,-15.93,0,15.93,-15.93,0,,,,,
4011,0,0,0,0,0,0,0,14.18,0,0,-14.17,0,14.17,-14.17,0,,,,,
4021,0,0,0,0,0,0,0,15.45,0,0,-15.45,0,15.45,-15.45,0,,,,,
4031,0,0,0,0,0,0,0,15.46,0,0,-15.46,0,15.46,-15.46,0,,,,,
4041,0,0,0,0,0,0,0,16.19,0,0,-16.19,0,16.19,-16.19,0,,,,,
4051,0,0,0,0,0,0,0,12.93,0,0,-12.92,0,12.92,-12.92,0,,,,,
4061,0,0,0,0,0,0,0,13.44,0,0,-13.44,0,13.44,-13.44,0,,,,,
4071,0,0,0,0,0,0,0,12.74,0,0,-12.74,0,12.74,-12.74,0,,,,,
4081,0,0,0,0,0,0,0,12.2,0,0,-12.2,0,12.2,-12.2,0,,,,,
4091,0,0,0,0,0,0,0,12.21,0,0,-12.2,0,12.2,-12.2,0,,,,,
4101,0,0,0,0,0,0,0,11.65,0,0,-11.65,0,11.65,-11.65,0,,,,,
4111,0,0,0,0,0,0,0,10.93,0,0,-10.93,0,10.93,-10.93,0,,,,,
4121,0,0,0,0,0,0,0,9.19,0,0,-9.19,0,9.19,-9.19,0,,,,,
4131,0,0,0,0,0,0,0,9.64,0,0,-9.64,0,9.64,-9.64,0,,,,,
4141,0,0,0,0,0,0,0,16.05,0,0,-16.05,0,16.05,-16.05,0,,,,,
4151,0,0,0,0,0,0,0,36.72,0,0,-36.71,0,36.72,-36.71,0.01,,,,,
4161,0,0,0,0,0,0,0,37.52,0,0,-37.51,0,37.52,-37.51,0.01,,,,,
4171,0,0,0,0,0,0,-38.55,-152.97,0,0,164.98,-5.05,-191.52,159.93,-31.59,,,,,
4181,0,0,0,0,0,0,-38.81,-142.77,0,0,156.49,-4.8,-181.58,151.69,-29.88,,,,,
4191,0,0,0,0,0,0,0,36.18,0,0,-36.16,0,36.18,-36.16,0.01,,,,,
4201,0,0,0,0,0,0,0,38.37,0,0,-38.36,0,38.37,-38.36,0.01,,,,,
4211,0,0,0,0,0,0,0,37.79,0,0,-37.77,0,37.79,-37.77,0.01,,,,,
4221,0,0,0,0,0,0,-39.03,-148.1,0,0,160.68,-5.01,-187.13,155.66,-31.47,,,,,
4231,0,0,0,0,0,0,0,38.96,0,0,-38.95,0,38.96,-38.95,0.01,,,,,
4241,0,0,0,0,0,0,-36.54,-148.99,0,0,164.1,-4.58,-185.53,159.52,-26.01,,,,,
4251,0,0,0,0,0,0,-40.22,-152.79,0,0,165.16,-5.12,-193.01,160.04,-32.97,,,,,
4261,0,0,0,0,0,0,-37.12,-155.66,0,0,165.92,-4.95,-192.78,160.97,-31.81,,,,,
4271,0,0,0,0,0,0,-38.53,-147.57,0,0,161.82,-5.19,-186.09,156.63,-29.46,,,,,
4281,0,0,0,0,0,0,-36.08,-154.26,0,0,163.75,-5.22,-190.35,158.53,-31.81,,,,,
4291,0,0,0,0,0,0,-39.04,-131.49,0,0,148.07,-4.66,-170.52,143.41,-27.11,,,,,
4301,0,0,0,0,0,0,-38,-153.62,0,0,164.92,-4.9,-191.62,160.02,-31.6,,,,,
4311,0,0,0,0,0,0,-36.11,-150.25,0,0,162.93,-4.67,-186.35,158.26,-28.09,,,,,
4321,0,0,0,0,0,0,-37.42,-141.36,0,0,154.04,-4.79,-178.78,149.25,-29.52,,,,,
4331,0,0,0,0,0,0,-36.02,-139.76,0,0,153.36,-4.64,-175.78,148.72,-27.06,,,,,
4341,0,0,0,0,0,0,-36.99,-136.18,0,0,150.47,-4.37,-173.17,146.1,-27.07,,,,,
4351,0,0,0,0,0,0,-37.28,-142.4,0,0,156.56,-4.71,-179.68,151.85,-27.83,,,,,
4361,0,0,0,0,0,0,-37.34,-131.76,0,0,146.21,-4.73,-169.1,141.48,-27.62,,,,,
4371,0,0,0,0,0,0,-38.97,-154.61,0,0,166.86,-5.11,-193.58,161.76,-31.82,,,,,
4381,0,0,0,0,0,0,-38.34,-118.56,0,0,134.36,-4.49,-156.9,129.87,-27.03,,,,,
4391,0,0,0,0,0,0,-37.13,-142.91,0,0,155.63,-4.59,-180.03,151.04,-29,,,,,
4401,0,0,0,0,0,0,-36.33,-136.3,0,0,150.88,-4.73,-172.64,146.14,-26.49,,,,,
4411,0,0,0,0,0,0,-36.03,-143.29,0,0,157.79,-4.71,-179.33,153.07,-26.25,,,,,
4421,0,0,0,0,0,0,-38.62,-139.43,0,0,154.66,-4.85,-178.05,149.8,-28.25,,,,,
4431,0,0,0,0,0,0,-40.62,-140.77,0,0,157.15,-4.76,-181.38,152.38,-29,,,,,
4441,0,0,0,0,0,0,-37.26,-137.34,0,0,150.29,-4.8,-174.6,145.49,-29.11,,,,,
4451,0,0,0,0,0,0,-35.62,-144.36,0,0,158.75,-4.6,-179.98,154.14,-25.83,,,,,
4461,0,0,0,0,0,0,-38.98,-137.51,0,0,152.69,-4.66,-176.49,148.03,-28.46,,,,,
4471,0,0,0,0,0,0,-36.27,-145.39,0,0,157.51,-4.74,-181.66,152.77,-28.89,,,,,
4481,0,0,0,0,0,0,-39.44,-144.5,0,0,160.51,-4.86,-183.94,155.65,-28.29,,,,,
4491,0,0,0,0,0,0,-39.9,-140.93,0,0,153.71,-4.68,-180.83,149.02,-31.8,,,,,
4501,0,0,0,0,0,0,-37.78,-135.4,0,0,151.16,-4.83,-173.18,146.33,-26.85,,,,,
4511,0,0,0,0,0,0,-37.31,-142.58,0,0,153.26,-4.71,-179.89,148.55,-31.33,,,,,
4521,0,0,0,0,0,0,-38.52,-148.72,0,0,162.12,-4.69,-187.24,157.44,-29.81,,,,,
4531,0,0,0,0,0,0,-37.93,-137.11,0,0,151.42,-4.74,-175.04,146.67,-28.37,,,,,
4541,0,0,0,0,0,0,-33.56,-143.48,0,0,155.9,-4.91,-177.04,151,-26.04,,,,,
4551,0,0,0,0,0,0,-34.15,-139.02,0,0,151.4,-4.39,-173.17,147.01,-26.16,,,,,
4561,0,0,0,0,0,0,-40.17,-145.39,0,0,161.58,-4.79,-185.56,156.8,-28.77,,,,,
4571,0,0,0,0,0,0,-37.73,-151.01,0,0,165.81,-4.72,-188.74,161.09,-27.65,,,,,
4581,0,0,0,0,0,0,-35,-153.92,0,0,165.13,-4.8,-188.92,160.33,-28.59,,,,,
4591,0,0,0,0,0,0,-38.1,-159.5,0,0,170.04,-5.22,-197.59,164.82,-32.77,,,,,
4601,0,0,0,0,0,0,-38.49,-145.86,0,0,161.79,-4.7,-184.36,157.08,-27.27,,,,,
4611,0,0,0,0,0,0,-39.02,-139.89,0,0,155.43,-4.83,-178.91,150.6,-28.31,,,,,
4621,0,0,0,0,0,0,-39.12,-146.47,0,0,161.26,-4.84,-185.59,156.42,-29.17,,,,,
4631,0,0,0,0,0,0,-33.16,-147.56,0,0,158.36,-4.81,-180.72,153.54,-27.18,,,,,
4641,0,0,0,0,0,0,-36.68,-150.64,0,0,160.86,-4.88,-187.32,155.98,-31.34,,,,,
4651,0,0,0,0,0,0,-39.47,-135.52,0,0,150,-4.93,-174.99,145.07,-29.93,,,,,
4661,0,0,0,0,0,0,-39.06,-140.3,0,0,157.9,-4.67,-179.37,153.24,-26.13,,,,,
4671,0,0,0,0,0,0,-38.59,-141.87,0,0,155.19,-4.92,-180.47,150.27,-30.19,,,,,
4681,0,0,0,0,0,0,-37.01,-141.12,0,0,153.59,-4.67,-178.13,148.92,-29.21,,,,,
4691,0,0,0,0,0,0,-40.95,-143.59,0,0,158.29,-5.01,-184.54,153.28,-31.26,,,,,
4701,0,0,0,0,0,0,-36.03,-155.37,0,0,162.87,-4.99,-191.4,157.88,-33.52,,,,,
4711,0,0,0,0,0,0,-38.12,-153.49,0,0,164.86,-5.07,-191.62,159.79,-31.82,,,,,
4721,0,0,0,0,0,0,-38.36,-159.53,0,0,171.88,-4.69,-197.89,167.18,-30.71,,,,,
4731,0,0,0,0,0,0,-36.78,-140.5,0,0,153.48,-4.77,-177.27,148.71,-28.56,,,,,
4741,0,0,0,0,0,0,-37.86,-160.89,0,0,170.16,-5.07,-198.75,165.1,-33.65,,,,,
4751,0,0,0,0,0,0,-39.27,-151.19,0,0,163.26,-4.83,-190.47,158.43,-32.04,,,,,
4761,0,0,0,0,0,0,-36.34,-132.12,0,0,145.22,-4.63,-168.46,140.59,-27.87,,,,,
4771,0,0,0,0,0,0,-36.89,-156.16,0,0,168.21,-4.94,-193.05,163.28,-29.78,,,,,
4781,0,0,0,0,0,0,-35.9,-151.31,0,0,158.79,-4.88,-187.21,153.91,-33.31,,,,,
4791,0,0,0,0,0,0,-37.04,-150.57,0,0,161.55,-5.05,-187.61,156.5,-31.11,,,,,
4801,0,0,0,0,0,0,-40.65,-146.05,0,0,159.56,-5.23,-186.7,154.33,-32.37,,,,,
4811,0,0,0,0,0,0,-35.86,-140.74,0,0,151.57,-5.02,-176.6,146.55,-30.05,,,,,
4821,0,0,0,0,0,0,-37.1,-148.48,0,0,159.92,-5.16,-185.58,154.77,-30.82,,,,,
4831,0,0,0,0,0,0,-40.27,-153.18,0,0,164.63,-5.37,-193.45,159.26,-34.19,,,,,
4841,0,0,0,0,0,0,-43.2,-148.15,0,0,162.42,-5.32,-191.35,157.1,-34.25,,,,,
4851,0,0,0,0,0,0,-40.21,-146.1,0,0,159.81,-4.94,-186.31,154.87,-31.44,,,,,
4861,0,0,0,0,0,0,-42.62,-144.74,0,0,158.72,-5.09,-187.36,153.63,-33.73,,,,,
4871,0,0,0,0,0,0,-38.55,-141.35,0,0,157.93,-5.05,-179.89,152.88,-27.01,,,,,
4881,0,0,0,0,0,0,-35.46,-156.32,0,0,167.17,-4.6,-191.79,162.57,-29.22,,,,,
4891,0,0,0,0,0,0,-38,-135.88,0,0,154.96,-4.63,-173.87,150.33,-23.55,,,,,
4901,0,0,0,0,0,0,-37.68,-143.75,0,0,159.65,-4.82,-181.43,154.83,-26.6,,,,,
4911,0,0,0,0,0,0,-40.2,-153.12,0,0,166.02,-5.06,-193.32,160.96,-32.36,,,,,
4921,0,0,0,0,0,0,-40.67,-146.06,0,0,163.9,-4.83,-186.73,159.07,-27.66,,,,,
4931,0,0,0,0,0,0,-39.87,-147.31,0,0,160.42,-4.94,-187.18,155.48,-31.7,,,,,
4941,0,0,0,0,0,0,-39.55,-154.01,0,0,166.46,-4.8,-193.56,161.65,-31.91,,,,,
4951,0,0,0,0,0,0,-35.03,-140.2,0,0,151.2,-4.64,-175.23,146.56,-28.67,,,,,
4961,0,0,0,0,0,0,-34.84,-133.92,0,0,143.8,-4.98,-168.76,138.82,-29.94,,,,,
4971,0,0,0,0,0,0,-37.06,-150.81,0,0,164.97,-4.74,-187.87,160.23,-27.63,,,,,
4981,0,0,0,0,0,0,-36.67,-152.17,0,0,165.68,-4.73,-188.84,160.96,-27.88,,,,,
4991,0,0,0,0,0,0,-42.28,-144.5,0,0,157.18,-5.32,-186.78,151.86,-34.92,,,,,
5001,0,0,0,0,0,0,-39.63,-140.17,0,0,155.05,-5.1,-179.79,149.95,-29.84,,,,,
5011,0,0,0,0,0,0,-41.42,-133.19,0,0,149.18,-5,-174.61,144.18,-30.43,,,,,
5021,0,0,0,0,0,0,-35.08,-139.44,0,0,151.97,-4.85,-174.52,147.12,-27.41,,,,,
5031,0,0,0,0,0,0,-36.18,-131.98,0,0,145.93,-5.03,-168.16,140.9,-27.26,,,,,
5041,0,0,0,0,0,0,-34.29,-143.17,0,0,153.92,-4.55,-177.46,149.37,-28.09,,,,,
5051,0,0,0,0,0,0,-34.97,-139.84,0,0,154.73,-4.7,-174.8,150.03,-24.78,,,,,
5061,0,0,0,0,0,0,-38.59,-136.65,0,0,150.66,-4.62,-175.24,146.04,-29.2,,,,,
5071,0,0,0,0,0,0,-36.84,-134.91,0,0,149.08,-4.7,-171.75,144.38,-27.37,,,,,
5081,0,0,0,0,0,0,-36.19,-147.49,0,0,162.4,-4.76,-183.68,157.64,-26.04,,,,,
5091,0,0,0,0,0,0,-38.2,-137.19,0,0,154.08,-4.69,-175.39,149.4,-25.99,,,,,
5101,0,0,0,0,0,0,-40.81,-144.97,0,0,158.7,-4.89,-185.78,153.81,-31.97,,,,,
5111,0,0,0,0,0,0,-35.91,-144.46,0,0,158.14,-4.85,-180.38,153.28,-27.09,,,,,
5121,0,0,0,0,0,0,-36.05,-144.29,0,0,155.06,-4.67,-180.34,150.39,-29.95,,,,,
5131,0,0,0,0,0,0,-39.32,-129.65,0,0,145.62,-4.83,-168.97,140.79,-28.17,,,,,
5141,0,0,0,0,0,0,-37.15,-136.94,0,0,151.86,-4.94,-174.1,146.92,-27.18,,,,,
5151,0,0,0,0,0,0,-34.04,-142.23,0,0,153.28,-4.57,-176.28,148.71,-27.57,,,,,
5161,0,0,0,0,0,0,-37.51,-133.17,0,0,147.87,-4.62,-170.67,143.25,-27.42,,,,,
5171,0,0,0,0,0,0,-38.52,-151.38,0,0,165.19,-4.79,-189.9,160.4,-29.5,,,,,
5181,0,0,0,0,0,0,-37.57,-132.07,0,0,144.68,-4.8,-169.64,139.89,-29.75,,,,,
5191,0,0,0,0,0,0,-38.83,-133.57,0,0,145.28,-4.84,-172.39,140.44,-31.95,,,,,
5201,0,0,0,0,0,0,-38.11,-151.25,0,0,165.05,-4.8,-189.36,160.26,-29.11,,,,,
5211,0,0,0,0,0,0,-32.13,-147.82,0,0,159.79,-4.42,-179.95,155.37,-24.57,,,,,
5221,0,0,0,0,0,0,-36.47,-150.67,0,0,163.13,-4.56,-187.13,158.57,-28.57,,,,,
5231,0,0,0,0,0,0,-36.81,-144.17,0,0,154.13,-4.96,-180.98,149.17,-31.81,,,,,
5241,0,0,0,0,0,0,-38.14,-145.69,0,0,161.09,-4.76,-183.82,156.33,-27.49,,,,,
5251,0,0,0,0,0,0,-38.27,-150.76,0,0,162.27,-4.86,-189.03,157.41,-31.62,,,,,
5261,0,0,0,0,0,0,-34.36,-129.82,0,0,143.35,-4.47,-164.18,138.88,-25.31,,,,,
5271,0,0,0,0,0,0,-38.41,-148.88,0,0,161.37,-4.72,-187.28,156.65,-30.63,,,,,
5281,0,0,0,0,0,0,-37.15,-149.46,0,0,159.86,-4.98,-186.61,154.89,-31.72,,,,,
5291,0,0,0,0,0,0,-39.85,-151.43,0,0,162.87,-4.9,-191.29,157.96,-33.32,,,,,
5301,0,0,0,0,0,0,-38.87,-144.5,0,0,156.91,-4.68,-183.36,152.23,-31.14,,,,,
5311,0,0,0,0,0,0,-39.83,-136.01,0,0,151.8,-4.94,-175.84,146.86,-28.98,,,,,
5321,0,0,0,0,0,0,-34.83,-154.7,0,0,165.68,-4.51,-189.52,161.17,-28.35,,,,,
5331,0,0,0,0,0,0,-36.96,-151.17,0,0,161.85,-4.81,-188.13,157.04,-31.09,,,,,
5341,0,0,0,0,0,0,-36.89,-146.64,0,0,159.23,-4.84,-183.54,154.4,-29.14,,,,,
5351,0,0,0,0,0,0,-36.41,-149.28,0,0,159.94,-4.68,-185.69,155.27,-30.42,,,,,
5361,0,0,0,0,0,0,-36.96,-157.7,0,0,170.01,-4.63,-194.66,165.39,-29.27,,,,,
5371,0,0,0,0,0,0,-40.43,-131.52,0,0,148.26,-4.78,-171.95,143.48,-28.47,,,,,
5381,0,0,0,0,0,0,-38.62,-158,0,0,168.34,-4.74,-196.62,163.61,-33.01,,,,,
5391,0,0,0,0,0,0,-36.06,-145.95,0,0,158.22,-4.63,-182.01,153.59,-28.42,,,,,
5401,0,0,0,0,0,0,-37.35,-149.98,0,0,162.67,-4.59,-187.33,158.08,-29.24,,,,,
5411,0,0,0,0,0,0,-39.09,-149.44,0,0,162.18,-4.7,-188.53,157.48,-31.05,,,,,
5421,0,0,0,0,0,0,-35.97,-146.08,0,0,158.15,-4.57,-182.05,153.58,-28.47,,,,,
5431,0,0,0,0,0,0,-38.35,-142.36,0,0,154.75,-4.54,-180.71,150.21,-30.5,,,,,
5441,0,0,0,0,0,0,-39.46,-142.19,0,0,156.09,-4.64,-181.65,151.45,-30.21,,,,,
5451,0,0,0,0,0,0,-37.1,-144.31,0,0,155.63,-4.88,-181.41,150.75,-30.66,,,,,
5461,0,0,0,0,0,0,-38.07,-141.39,0,0,152.95,-4.72,-179.46,148.23,-31.23,,,,,
5471,0,0,0,0,0,0,-38.15,-145.32,0,0,156.45,-4.72,-183.47,151.72,-31.74,,,,,
5481,0,0,0,0,0,0,-39.14,-141.47,0,0,155.44,-5.01,-180.6,150.43,-30.17,,,,,
5491,0,0,0,0,0,0,-38.76,-148.66,0,0,160.88,-4.82,-187.42,156.06,-31.36,,,,,
5501,0,0,0,0,0,0,-40.9,-130.56,0,0,148.19,-5,-171.45,143.19,-28.26,,,,,
5511,0,0,0,0,0,0,-37.34,-135.63,0,0,151.17,-4.62,-172.97,146.55,-26.41,,,,,
5521,0,0,0,0,0,0,-37.6,-142.19,0,0,155.9,-4.85,-179.79,151.05,-28.73,,,,,
5531,0,0,0,0,0,0,-38.82,-145.76,0,0,160.49,-4.55,-184.58,155.94,-28.64,,,,,
5541,0,0,0,0,0,0,-39.35,-142.98,0,0,156.06,-4.78,-182.34,151.29,-31.05,,,,,
5551,0,0,0,0,0,0,-41.34,-148.08,0,0,160.87,-4.74,-189.42,156.13,-33.29,,,,,
5561,0,0,0,0,0,0,-40.8,-153.87,0,0,168.72,-4.89,-194.68,163.83,-30.84,,,,,
5571,0,0,0,0,0,0,-38.35,-134.09,0,0,147.83,-4.82,-172.43,143.01,-29.43,,,,,
5581,0,0,0,0,0,0,-42.7,-150.02,0,0,166.9,-4.98,-192.72,161.92,-30.8,,,,,
5591,0,0,0,0,0,0,-38.16,-144.52,0,0,159.06,-4.74,-182.67,154.32,-28.36,,,,,
5601,0,0,0,0,0,0,-36.98,-141.38,0,0,154.45,-4.59,-178.36,149.86,-28.5,,,,,
5611,0,0,0,0,0,0,-36.51,-150.29,0,0,165.23,-4.7,-186.8,160.53,-26.27,,,,,
5621,0,0,0,0,0,0,-40.65,-142.52,0,0,156.25,-4.67,-183.17,151.59,-31.59,,,,,
5631,0,0,0,0,0,0,-38.14,-132.54,0,0,147.86,-4.79,-170.68,143.07,-27.61,,,,,
5641,0,0,0,0,0,0,-37.01,-134.96,0,0,151.8,-4.73,-171.97,147.07,-24.9,,,,,
5651,0,0,0,0,0,0,-36.21,-143.24,0,0,155.99,-4.53,-179.46,151.46,-28,,,,,
5661,0,0,0,0,0,0,-34.45,-132.18,0,0,144.44,-4.36,-166.64,140.08,-26.56,,,,,
5671,0,0,0,0,0,0,-35.58,-132.77,0,0,147.14,-4.63,-168.36,142.51,-25.85,,,,,
5681,0,0,0,0,0,0,-35.55,-126.84,0,0,140.79,-4.42,-162.39,136.37,-26.01,,,,,
5691,0,0,0,0,0,0,-37.75,-131.71,0,0,147.65,-4.52,-169.46,143.12,-26.34,,,,,
5701,0,0,0,0,0,0,-38.7,-145.05,0,0,157.94,-4.64,-183.76,153.29,-30.46,,,,,
5711,0,0,0,0,0,0,-39.12,-136.25,0,0,149.85,-4.6,-175.36,145.25,-30.11,,,,,
5721,0,0,0,0,0,0,-34.94,-125.36,0,0,138.35,-4.55,-160.3,133.81,-26.49,,,,,
5731,0,0,0,0,0,0,-38.16,-127.78,0,0,139.74,-4.65,-165.94,135.09,-30.85,,,,,
5741,0,0,0,0,0,0,-36.76,-129.63,0,0,145.56,-4.92,-166.39,140.64,-25.75,,,,,
5751,0,0,0,0,0,0,-36.33,-139.98,0,0,153.2,-4.87,-176.31,148.33,-27.98,,,,,
5761,0,0,0,0,0,0,-38.28,-138.64,0,0,152.6,-4.58,-176.93,148.02,-28.91,,,,,
5771,0,0,0,0,0,0,-35.44,-139.6,0,0,150.96,-4.63,-175.04,146.33,-28.71,,,,,
5781,0,0,0,0,0,0,-40.6,-138.58,0,0,152.39,-4.86,-179.18,147.53,-31.65,,,,,
5791,0,0,0,0,0,0,-37.84,-138.49,0,0,150.71,-4.7,-176.33,146.02,-30.31,,,,,
5801,0,0,0,0,0,0,-38.88,-137.35,0,0,150.75,-5,-176.22,145.75,-30.47,,,,,
5811,0,0,0,0,0,0,-39.42,-141.44,0,0,155.55,-5.04,-180.86,150.5,-30.36,,,,,
5821,0,0,0,0,0,0,-37.78,-149.22,0,0,161.51,-4.53,-187,156.98,-30.02,,,,,
5831,0,0,0,0,0,0,-37.83,-148.77,0,0,160.98,-4.9,-186.6,156.08,-30.52,,,,,
5841,0,0,0,0,0,0,-38.02,-138.97,0,0,153.15,-4.64,-176.99,148.52,-28.48,,,,,
5851,0,0,0,0,0,0,-36.49,-149.13,0,0,161.54,-4.65,-185.62,156.89,-28.74,,,,,
5861,0,0,0,0,0,0,-38.96,-140.16,0,0,153.74,-4.69,-179.12,149.05,-30.07,,,,,
5871,0,0,0,0,0,0,-38.87,-130.93,0,0,145.2,-4.68,-169.8,140.52,-29.29,,,,,
5881,0,0,0,0,0,0,-37.41,-129.49,0,0,142.96,-4.65,-166.91,138.32,-28.59,,,,,
5891,0,0,0,0,0,0,-38.43,-126.46,0,0,142.19,-4.51,-164.89,137.68,-27.21,,,,,
5901,0,0,0,0,0,0,-40.15,-143.27,0,0,155.61,-4.78,-183.43,150.83,-32.6,,,,,
5911,0,0,0,0,0,0,-37.31,-145.93,0,0,162.61,-4.61,-183.24,157.99,-25.25,,,,,
5921,0,0,0,0,0,0,-34.45,-139.32,0,0,152.51,-4.57,-173.76,147.94,-25.82,,,,,
5931,0,0,0,0,0,0,-38.25,-147.37,0,0,162.55,-4.61,-185.62,157.94,-27.68,,,,,
5941,0,0,0,0,0,0,-39.3,-136.68,0,0,153.47,-4.69,-175.98,148.78,-27.2,,,,,
5951,0,0,0,0,0,0,-34.94,-141.76,0,0,154.99,-4.45,-176.7,150.54,-26.16,,,,,
5961,0,0,0,0,0,0,-40.03,-138.11,0,0,153.67,-4.7,-178.14,148.96,-29.18,,,,,
5971,0,0,0,0,0,0,-36.46,-145.71,0,0,158.84,-4.64,-182.17,154.21,-27.97,,,,,
5981,0,0,0,0,0,0,-36.67,-140,0,0,153.88,-4.37,-176.68,149.5,-27.17,,,,,
5991,0,0,0,0,0,0,-34.28,-132.9,0,0,146.15,-4.23,-167.17,141.92,-25.25,,,,,
6001,0,0,0,0,0,0,-35.66,-134.76,0,0,148.9,-4.53,-170.42,144.37,-26.05,,,,,
6011,0,0,0,0,0,0,-34.88,-141.91,0,0,156.86,-4.59,-176.79,152.27,-24.52,,,,,
6021,0,0,0,0,0,0,-37.08,-138.37,0,0,153,-4.54,-175.45,148.46,-26.99,,,,,
6031,0,0,0,0,0,0,-34.65,-136.19,0,0,150.19,-4.41,-170.84,145.77,-25.07,,,,,
6041,0,0,0,0,0,0,-38.64,-138.36,0,0,154.72,-4.81,-177,149.91,-27.08,,,,,
6051,0,0,0,0,0,0,-34.26,-147.34,0,0,158.2,-4.74,-181.6,153.46,-28.14,,,,,
6061,0,0,0,0,0,0,-37.63,-136.83,0,0,153.83,-4.62,-174.46,149.21,-25.25,,,,,
6071,0,0,0,0,0,0,-37.66,-146.55,0,0,160.24,-4.6,-184.2,155.65,-28.56,,,,,
6081,0,0,0,0,0,0,-33.51,-142.32,0,0,155.98,-4.59,-175.83,151.39,-24.43,,,,,
6091,0,0,0,0,0,0,-35.14,-151.17,0,0,161.06,-5.02,-186.31,156.04,-30.27,,,,,
6101,0,0,0,0,0,0,-41.8,-138.57,0,0,155.53,-5.09,-180.37,150.44,-29.93,,,,,
6111,0,0,0,0,0,0,-38.01,-146.8,0,0,156.77,-4.84,-184.8,151.93,-32.87,,,,,
6121,0,0,0,0,0,0,-36.38,-144.27,0,0,154.07,-4.56,-180.64,149.5,-31.14,,,,,
6131,0,0,0,0,0,0,-39.75,-146.55,0,0,159.03,-5.13,-186.3,153.9,-32.4,,,,,
6141,0,0,0,0,0,0,-39.79,-142.59,0,0,155.53,-4.75,-182.37,150.78,-31.59,,,,,
6151,0,0,0,0,0,0,-36.56,-153.67,0,0,162.93,-5,-190.23,157.94,-32.29,,,,,
6161,0,0,0,0,0,0,-38.01,-141.4,0,0,155.31,-4.76,-179.41,150.55,-28.86,,,,,
6171,0,0,0,0,0,0,-35.84,-129.84,0,0,146.98,-4.38,-165.68,142.61,-23.08,,,,,
6181,0,0,0,0,0,0,-34.09,-138.92,0,0,149.16,-4.45,-173,144.71,-28.29,,,,,
6191,0,0,0,0,0,0,-36.44,-143.5,0,0,161.58,-4.33,-179.95,157.25,-22.69,,,,,
6201,0,0,0,0,0,0,-39.24,-143.8,0,0,160.91,-4.71,-183.04,156.2,-26.84,,,,,
6211,0,0,0,0,0,0,-34.82,-126.04,0,0,145.98,-4.26,-160.87,141.73,-19.14,,,,,
6221,0,0,0,0,0,0,-36.42,-144.43,0,0,155.13,-4.64,-180.85,150.48,-30.37,,,,,
6231,0,0,0,0,0,0,-36.08,-138.06,0,0,151.63,-4.47,-174.15,147.17,-26.98,,,,,
6241,0,0,0,0,0,0,-38.42,-139.61,0,0,154.29,-4.57,-178.03,149.72,-28.3,,,,,
6251,0,0,0,0,0,0,-34.08,-158.63,0,0,170.91,-4.46,-192.72,166.45,-26.27,,,,,
6261,0,0,0,0,0,0,-35.38,-135.9,0,0,149.8,-4.8,-171.28,144.99,-26.29,,,,,
6271,0,0,0,0,0,0,-38.32,-139.78,0,0,153.79,-4.63,-178.1,149.17,-28.94,,,,,
6281,0,0,0,0,0,0,-36.06,-133.21,0,0,148.33,-4.51,-169.27,143.82,-25.45,,,,,
6291,0,0,0,0,0,0,-34.78,-144.94,0,0,160.5,-4.75,-179.72,155.75,-23.97,,,,,
6301,0,0,0,0,0,0,-35.21,-149.12,0,0,163.52,-4.58,-184.33,158.94,-25.38,,,,,
6311,0,0,0,0,0,0,-36.04,-147.48,0,0,161.29,-4.35,-183.52,156.94,-26.58,,,,,
6321,0,0,0,0,0,0,-35.02,-152.64,0,0,164.74,-4.86,-187.67,159.88,-27.79,,,,,
6331,0,0,0,0,0,0,-38.91,-143.01,0,0,158.13,-4.8,-181.92,153.33,-28.59,,,,,
6341,0,0,0,0,0,0,-36.51,-131.7,0,0,148.84,-4.62,-168.21,144.22,-23.99,,,,,
6351,0,0,0,0,0,0,-37.63,-140.92,0,0,154.88,-4.88,-178.55,150,-28.56,,,,,
6361,0,0,0,0,0,0,-35.98,-136.58,0,0,150.76,-4.47,-172.56,146.3,-26.26,,,,,
6371,0,0,0,0,0,0,-36.01,-134.58,0,0,152.25,-4.48,-170.59,147.77,-22.82,,,,,
6381,0,0,0,0,0,0,-38.6,-136.26,0,0,154.55,-4.4,-174.85,150.15,-24.7,,,,,
6391,0,0,0,0,0,0,-37.68,-145.72,0,0,162.45,-4.59,-183.4,157.86,-25.54,,,,,
6401,0,0,0,0,0,0,-38.47,-136.85,0,0,153.89,-4.55,-175.32,149.34,-25.98,,,,,
6411,0,0,0,0,0,0,-38.47,-136.49,0,0,151.11,-4.73,-174.96,146.38,-28.58,,,,,
6421,0,0,0,0,0,0,-37.27,-140.03,0,0,153.67,-4.48,-177.31,149.19,-28.12,,,,,
6431,0,0,0,0,0,0,-33.97,-135.46,0,0,150.35,-4.26,-169.43,146.08,-23.35,,,,,
6441,0,0,0,0,0,0,-30.15,-142.79,0,0,152.58,-4.55,-172.94,148.04,-24.91,,,,,
6451,0,0,0,0,0,0,0,17.34,0,0,-17.34,0,17.34,-17.34,0,,,,,
6461,0,0,0,0,0,0,0,18.79,0,0,-18.79,0,18.79,-18.79,0,,,,,
6471,0,0,0,0,0,0,0,19.27,0,0,-19.26,0,19.27,-19.26,0,,,,,
6481,0,0,0,0,0,0,0,21.06,0,0,-21.06,0,21.06,-21.06,0,,,,,
6491,0,0,0,0,0,0,0,22.22,0,0,-22.22,0,22.22,-22.22,0,,,,,
6501,0,0,0,0,0,0,0,21.01,0,0,-21.01,0,21.01,-21.01,0,,,,,
6511,0,0,0,0,0,0,0,22.61,0,0,-22.61,0,22.61,-22.61,0,,,,,
6521,0,0,0,0,0,0,0,24.33,0,0,-24.33,0,24.33,-24.33,0,,,,,
6531,0,0,0,0,0,0,0,24.06,0,0,-24.05,0,24.06,-24.05,0,,,,,
6541,0,0,0,0,0,0,0,21.14,0,0,-21.14,0,21.14,-21.14,0,,,,,
6551,0,0,0,0,0,0,0,21.54,0,0,-21.54,0,21.54,-21.54,0,,,,,
6561,0,0,0,0,0,0,0,21.22,0,0,-21.22,0,21.22,-21.22,0,,,,,
6571,0,0,0,0,0,0,0,22.23,0,0,-22.23,0,22.23,-22.23,0,,,,,
6581,0,0,0,0,0,0,0,24.06,0,0,-24.06,0,24.06,-24.06,0,,,,,
6591,0,0,0,0,0,0,0,24.21,0,0,-24.21,0,24.21,-24.21,0,,,,,
6601,0,0,0,0,0,0,0,22.1,0,0,-22.09,0,22.09,-22.09,0,,,,,
6611,0,0,0,0,0,0,0,23.04,0,0,-23.04,0,23.04,-23.04,0,,,,,
6621,0,0,0,0,0,0,0,23.73,0,0,-23.73,0,23.73,-23.73,0,,,,,
6631,0,0,0,0,0,0,0,24.13,0,0,-24.13,0,24.13,-24.13,0,,,,,
6641,0,0,0,0,0,0,0,25.99,0,0,-25.99,0,25.99,-25.99,0,,,,,
6651,0,0,0,0,0,0,0,24.46,0,0,-24.46,0,24.46,-24.46,0,,,,,
6661,0,0,0,0,0,0,0,22.42,0,0,-22.42,0,22.42,-22.42,0,,,,,
6671,0,0,0,0,0,0,0,22.5,0,0,-22.5,0,22.5,-22.5,0,,,,,
6681,0,0,0,0,0,0,0,22.15,0,0,-22.15,0,22.15,-22.15,0,,,,,
6691,0,0,0,0,0,0,0,23.43,0,0,-23.43,0,23.43,-23.43,0,,,,,
6701,0,0,0,0,0,0,0,20.82,0,0,-20.82,0,20.82,-20.82,0,,,,,
6711,0,0,0,0,0,0,0,22.93,0,0,-22.93,0,22.93,-22.93,0,,,,,
6721,0,0,0,0,0,0,0,22.75,0,0,-22.75,0,22.75,-22.75,0,,,,,
6731,0,0,0,0,0,0,0,24.49,0,0,-24.49,0,24.49,-24.49,0,,,,,
6741,0,0,0,0,0,0,0,25.5,0,0,-25.49,0,25.5,-25.49,0,,,,,
6751,0,0,0,0,0,0,0,25.02,0,0,-25.01,0,25.02,-25.01,0,,,,,
6761,0,0,0,0,0,0,0,27.02,0,0,-27.02,0,27.02,-27.02,0,,,,,
6771,0,0,0,0,0,0,0,25.32,0,0,-25.32,0,25.32,-25.32,0,,,,,
6781,0,0,0,0,0,0,0,25.21,0,0,-25.21,0,25.21,-25.21,0,,,,,
6791,0,0,0,0,0,0,0,24.16,0,0,-24.16,0,24.16,-24.16,0,,,,,
6801,0,0,0,0,0,0,0,21.2,0,0,-21.2,0,21.2,-21.2,0,,,,,
6811,0,0,0,0,0,0,0,20.94,0,0,-20.94,0,20.94,-20.94,0,,,,,
6821,0,0,0,0,0,0,0,19.74,0,0,-19.74,0,19.74,-19.74,0,,,,,
6831,0,0,0,0,0,0,0,19.71,0,0,-19.71,0,19.71,-19.71,0,,,,,
6841,0,0,0,0,0,0,0,19.55,0,0,-19.55,0,19.55,-19.55,0,,,,,
6851,0,0,0,0,0,0,0,18.79,0,0,-18.78,0,18.78,-18.78,0,,,,,
6861,0,0,0,0,0,0,0,19.12,0,0,-19.11,0,19.12,-19.11,0,,,,,
6871,0,0,0,0,0,0,0,18.57,0,0,-18.57,0,18.57,-18.57,0,,,,,
6881,0,0,0,0,0,0,0,17.09,0,0,-17.09,0,17.09,-17.09,0,,,,,
6891,0,0,0,0,0,0,0,18.57,0,0,-18.57,0,18.57,-18.57,0,,,,,
6901,0,0,0,0,0,0,0,17.84,0,0,-17.84,0,17.84,-17.84,0,,,,,
6911,0,0,0,0,0,0,0,17.76,0,0,-17.76,0,17.76,-17.76,0,,,,,
6921,0,0,0,0,0,0,0,18.24,0,0,-18.24,0,18.24,-18.24,0,,,,,
6931,0,0,0,0,0,0,0,18.41,0,0,-18.4,0,18.41,-18.4,0,,,,,
6941,0,0,0,0,0,0,0,18.09,0,0,-18.09,0,18.09,-18.09,0,,,,,
6951,0,0,0,0,0,0,0,18.14,0,0,-18.14,0,18.14,-18.14,0,,,,,
6961,0,0,0,0,0,0,0,15.82,0,0,-15.82,0,15.82,-15.82,0,,,,,
6971,0,0,0,0,0,0,0,16.11,0,0,-16.11,0,16.11,-16.11,0,,,,,
6981,0,0,0,0,0,0,0,15.96,0,0,-15.96,0,15.96,-15.96,0,,,,,
6991,0,0,0,0,0,0,0,16.14,0,0,-16.14,0,16.14,-16.14,0,,,,,
7001,0,0,0,0,0,0,0,18.52,0,0,-18.52,0,18.52,-18.52,0,,,,,
7011,0,0,0,0,0,0,0,18.66,0,0,-18.66,0,18.66,-18.66,0,,,,,
7021,0,0,0,0,0,0,0,18.04,0,0,-18.04,0,18.04,-18.04,0,,,,,
7031,0,0,0,0,0,0,0,18.23,0,0,-18.23,0,18.23,-18.23,0,,,,,
7041,0,0,0,0,0,0,0,19.33,0,0,-19.33,0,19.33,-19.33,0,,,,,
7051,0,0,0,0,0,0,0,18.56,0,0,-18.56,0,18.56,-18.56,0,,,,,
7061,0,0,0,0,0,0,0,18.67,0,0,-18.67,0,18.67,-18.67,0,,,,,
7071,0,0,0,0,0,0,0,21.75,0,0,-21.75,0,21.75,-21.75,0,,,,,
7081,0,0,0,0,0,0,0,22.07,0,0,-22.07,0,22.07,-22.07,0,,,,,
7091,0,0,0,0,0,0,0,20.57,0,0,-20.57,0,20.57,-20.57,0,,,,,
7101,0,0,0,0,0,0,0,20.09,0,0,-20.09,0,20.09,-20.09,0,,,,,
7111,0,0,0,0,0,0,0,21.01,0,0,-21.01,0,21.01,-21.01,0,,,,,
7121,0,0,0,0,0,0,0,20.88,0,0,-20.88,0,20.88,-20.88,0,,,,,
7131,0,0,0,0,0,0,0,21.35,0,0,-21.35,0,21.35,-21.35,0,,,,,
7141,0,0,0,0,0,0,0,21.3,0,0,-21.3,0,21.3,-21.3,0,,,,,
7151,0,0,0,0,0,0,0,21.05,0,0,-21.05,0,21.05,-21.05,0,,,,,
7161,0,0,0,0,0,0,0,18.87,0,0,-18.86,0,18.86,-18.86,0,,,,,
7171,0,0,0,0,0,0,0,18.18,0,0,-18.18,0,18.18,-18.18,0,,,,,
7181,0,0,0,0,0,0,0,18.25,0,0,-18.24,0,18.25,-18.24,0,,,,,
7191,0,0,0,0,0,0,0,18.88,0,0,-18.88,0,18.88,-18.88,0,,,,,
7201,0,0,0,0,0,0,0,18.57,0,0,-18.57,0,18.57,-18.57,0,,,,,
7211,0,0,0,0,0,0,0,18.14,0,0,-18.14,0,18.14,-18.14,0,,,,,
7221,0,0,0,0,0,0,0,16,0,0,-16,0,16,-16,0,,,,,
7231,0,0,0,0,0,0,0,15.37,0,0,-15.37,0,15.37,-15.37,0,,,,,
7241,0,0,0,0,0,0,0,15.9,0,0,-15.9,0,15.9,-15.9,0,,,,,
7251,0,0,0,0,0,0,0,16.26,0,0,-16.26,0,16.26,-16.26,0,,,,,
7261,0,0,0,0,0,0,0,16.83,0,0,-16.83,0,16.83,-16.83,0,,,,,
7271,0,0,0,0,0,0,0,16.3,0,0,-16.3,0,16.3,-16.3,0,,,,,
7281,0,0,0,0,0,0,0,17.59,0,0,-17.59,0,17.59,-17.59,0,,,,,
7291,0,0,0,0,0,0,0,18.02,0,0,-18.01,0,18.02,-18.01,0,,,,,
7301,0,0,0,0,0,0,0,19.34,0,0,-19.34,0,19.34,-19.34,0,,,,,
7311,0,0,0,0,0,0,0,18.56,0,0,-18.55,0,18.56,-18.55,0,,,,,
7321,0,0,0,0,0,0,0,19.35,0,0,-19.35,0,19.35,-19.35,0,,,,,
7331,0,0,0,0,0,0,0,19.82,0,0,-19.82,0,19.82,-19.82,0,,,,,
7341,0,0,0,0,0,0,0,20.1,0,0,-20.1,0,20.1,-20.1,0,,,,,
7351,0,0,0,0,0,0,0,20.54,0,0,-20.54,0,20.54,-20.54,0,,,,,
7361,0,0,0,0,0,0,0,19.73,0,0,-19.73,0,19.73,-19.73,0,,,,,
7371,0,0,0,0,0,0,0,17.57,0,0,-17.57,0,17.57,-17.57,0,,,,,
7381,0,0,0,0,0,0,0,16.58,0,0,-16.58,0,16.58,-16.58,0,,,,,
7391,0,0,0,0,0,0,0,14.98,0,0,-14.98,0,14.98,-14.98,0,,,,,
7401,0,0,0,0,0,0,0,15.21,0,0,-15.21,0,15.21,-15.21,0,,,,,
7411,0,0,0,0,0,0,0,14.43,0,0,-14.43,0,14.43,-14.43,0,,,,,
7421,0,0,0,0,0,0,0,13.48,0,0,-13.48,0,13.48,-13.48,0,,,,,
7431,0,0,0,0,0,0,0,13.52,0,0,-13.52,0,13.52,-13.52,0,,,,,
7441,0,0,0,0,0,0,0,13.77,0,0,-13.77,0,13.77,-13.77,0,,,,,
7451,0,0,0,0,0,0,0,13.53,0,0,-13.53,0,13.53,-13.53,0,,,,,
7461,0,0,0,0,0,0,0,14.54,0,0,-14.54,0,14.54,-14.54,0,,,,,
7471,0,0,0,0,0,0,0,14.47,0,0,-14.47,0,14.47,-14.47,0,,,,,
7481,0,0,0,0,0,0,0,14.32,0,0,-14.32,0,14.32,-14.32,0,,,,,
7491,0,0,0,0,0,0,0,14.31,0,0,-14.31,0,14.31,-14.31,0,,,,,
7501,0,0,0,0,0,0,0,14.81,0,0,-14.81,0,14.81,-14.81,0,,,,,
7511,0,0,0,0,0,0,0,15.15,0,0,-15.15,0,15.15,-15.15,0,,,,,
7521,0,0,0,0,0,0,0,13.99,0,0,-13.99,0,13.99,-13.99,0,,,,,
7531,0,0,0,0,0,0,0,14.05,0,0,-14.05,0,14.05,-14.05,0,,,,,
7541,0,0,0,0,0,0,0,14.43,0,0,-14.43,0,14.43,-14.43,0,,,,,
7551,0,0,0,0,0,0,0,14.12,0,0,-14.12,0,14.12,-14.12,0,,,,,
7561,0,0,0,0,0,0,0,13.83,0,0,-13.82,0,13.83,-13.82,0,,,,,
7571,0,0,0,0,0,0,0,14.77,0,0,-14.77,0,14.77,-14.77,0,,,,,
7581,0,0,0,0,0,0,0,14.7,0,0,-14.7,0,14.7,-14.7,0,,,,,
7591,0,0,0,0,0,0,0,13.41,0,0,-13.41,0,13.41,-13.41,0,,,,,
7601,0,0,0,0,0,0,0,12.08,0,0,-12.07,0,12.07,-12.07,0,,,,,
7611,0,0,0,0,0,0,0,10.98,0,0,-10.98,0,10.98,-10.98,0,,,,,
7621,0,0,0,0,0,0,0,11.18,0,0,-11.18,0,11.18,-11.18,0,,,,,
7631,0,0,0,0,0,0,0,12.95,0,0,-12.95,0,12.95,-12.95,0,,,,,
7641,0,0,0,0,0,0,0,12.61,0,0,-12.61,0,12.61,-12.61,0,,,,,
7651,0,0,0,0,0,0,0,10.84,0,0,-10.84,0,10.84,-10.84,0,,,,,
7661,0,0,0,0,0,0,0,10.58,0,0,-10.58,0,10.58,-10.58,0,,,,,
7671,0,0,0,0,0,0,0,9.12,0,0,-9.12,0,9.12,-9.12,0,,,,,
7681,0,0,0,0,0,0,0,7.26,0,0,-7.26,0,7.26,-7.26,0,,,,,
7691,0,0,0,0,0,0,0,7.55,0,0,-7.55,0,7.55,-7.55,0,,,,,
7701,0,0,0,0,0,0,0,8.73,0,0,-8.73,0,8.73,-8.73,0,,,,,
7711,0,0,0,0,0,0,0,8.92,0,0,-8.92,0,8.92,-8.92,0,,,,,
7721,0,0,0,0,0,0,0,9.45,0,0,-9.45,0,9.45,-9.45,0,,,,,
7731,0,0,0,0,0,0,0,7.53,0,0,-7.53,0,7.53,-7.53,0,,,,,
7741,0,0,0,0,0,0,0,7.35,0,0,-7.35,0,7.35,-7.35,0,,,,,
7751,0,0,0,0,0,0,0,7.47,0,0,-7.47,0,7.47,-7.47,0,,,,,
7761,0,0,0,0,0,0,0,6.3,0,0,-6.3,0,6.3,-6.3,0,,,,,
7771,0,0,0,0,0,0,0,6.96,0,0,-6.96,0,6.96,-6.96,0,,,,,
7781,0,0,0,0,0,0,0,6.54,0,0,-6.54,0,6.54,-6.54,0,,,,,
7791,0,0,0,0,0,0,0,6.85,0,0,-6.85,0,6.85,-6.85,0,,,,,
7801,0,0,0,0,0,0,0,6.92,0,0,-6.92,0,6.92,-6.92,0,,,,,
7811,0,0,0,0,0,0,0,6.43,0,0,-6.43,0,6.43,-6.43,0,,,,,
7821,0,0,0,0,0,0,0,6.48,0,0,-6.48,0,6.48,-6.48,0,,,,,
7831,0,0,0,0,0,0,0,4.54,0,0,-4.54,0,4.54,-4.54,0,,,,,
7841,0,0,0,0,0,0,0,5.2,0,0,-5.2,0,5.2,-5.2,0,,,,,
7851,0,0,0,0,0,0,0,5.08,0,0,-5.08,0,5.08,-5.08,0,,,,,
7861,0,0,0,0,0,0,0,4.4,0,0,-4.4,0,4.4,-4.4,0,,,,,
7871,0,0,0,0,0,0,0,4.61,0,0,-4.61,0,4.61,-4.61,0,,,,,
7881,0,0,0,0,0,0,0,4.91,0,0,-4.91,0,4.91,-4.91,0,,,,,
7891,0,0,0,0,0,0,0,6.04,0,0,-6.04,0,6.04,-6.04,0,,,,,
7901,0,0,0,0,0,0,0,5.68,0,0,-5.68,0,5.68,-5.68,0,,,,,
7911,0,0,0,0,0,0,0,7.2,0,0,-7.2,0,7.2,-7.2,0,,,,,
7921,0,0,0,0,0,0,0,5.22,0,0,-5.22,0,5.22,-5.22,0,,,,,
7931,0,0,0,0,0,0,0,5.27,0,0,-5.27,0,5.27,-5.27,0,,,,,
7941,0,0,0,0,0,0,0,5.28,0,0,-5.28,0,5.28,-5.28,0,,,,,
7951,0,0,0,0,0,0,0,5.74,0,0,-5.74,0,5.74,-5.74,0,,,,,
7961,0,0,0,0,0,0,0,5.36,0,0,-5.36,0,5.36,-5.36,0,,,,,
7971,0,0,0,0,0,0,0,6.12,0,0,-6.12,0,6.12,-6.12,0,,,,,
7981,0,0,0,0,0,0,0,5.96,0,0,-5.96,0,5.96,-5.96,0,,,,,
7991,0,0,0,0,0,0,0,6.09,0,0,-6.09,0,6.09,-6.09,0,,,,,
8001,0,0,0,0,0,0,0,7.42,0,0,-7.42,0,7.42,-7.42,0,,,,,
8011,0,0,0,0,0,0,0,7.68,0,0,-7.68,0,7.68,-7.68,0,,,,,
8021,0,0,0,0,0,0,0,7.31,0,0,-7.31,0,7.31,-7.31,0,,,,,
8031,0,0,0,0,0,0,0,7.34,0,0,-7.34,0,7.34,-7.34,0,,,,,
8041,0,0,0,0,0,0,0,6.26,0,0,-6.26,0,6.26,-6.26,0,,,,,
8051,0,0,0,0,0,0,0,6.31,0,0,-6.31,0,6.31,-6.31,0,,,,,
8061,0,0,0,0,0,0,0,6.74,0,0,-6.74,0,6.74,-6.74,0,,,,,
8071,0,0,0,0,0,0,0,7.1,0,0,-7.1,0,7.1,-7.1,0,,,,,
8081,0,0,0,0,0,0,0,8.26,0,0,-8.26,0,8.26,-8.26,0,,,,,
8091,0,0,0,0,0,0,0,7.72,0,0,-7.72,0,7.72,-7.72,0,,,,,
8101,0,0,0,0,0,0,0,8.75,0,0,-8.75,0,8.75,-8.75,0,,,,,
8111,0,0,0,0,0,0,0,7.88,0,0,-7.88,0,7.88,-7.88,0,,,,,
8121,0,0,0,0,0,0,0,7.48,0,0,-7.48,0,7.48,-7.48,0,,,,,
8131,0,0,0,0,0,0,0,9.38,0,0,-9.38,0,9.38,-9.38,0,,,,,
8141,0,0,0,0,0,0,0,8.04,0,0,-8.04,0,8.04,-8.04,0,,,,,
8151,0,0,0,0,0,0,0,8.48,0,0,-8.48,0,8.48,-8.48,0,,,,,
8161,0,0,0,0,0,0,0,8.91,0,0,-8.91,0,8.91,-8.91,0,,,,,
8171,0,0,0,0,0,0,0,9.95,0,0,-9.95,0,9.95,-9.95,0,,,,,
8181,0,0,0,0,0,0,0,11.78,0,0,-11.78,0,11.78,-11.78,0,,,,,
8191,0,0,0,0,0,0,0,10.25,0,0,-10.25,0,10.25,-10.25,0,,,,,
8201,0,0,0,0,0,0,0,10.5,0,0,-10.5,0,10.5,-10.5,0,,,,,
8211,0,0,0,0,0,0,0,10.37,0,0,-10.37,0,10.37,-10.37,0,,,,,
8221,0,0,0,0,0,0,0,12.13,0,0,-12.13,0,12.13,-12.13,0,,,,,
8231,0,0,0,0,0,0,0,11.66,0,0,-11.66,0,11.66,-11.66,0,,,,,
8241,0,0,0,0,0,0,0,10.9,0,0,-10.9,0,10.9,-10.9,0,,,,,
8251,0,0,0,0,0,0,0,8.9,0,0,-8.9,0,8.9,-8.9,0,,,,,
8261,0,0,0,0,0,0,0,8.15,0,0,-8.15,0,8.15,-8.15,0,,,,,
8271,0,0,0,0,0,0,0,8.6,0,0,-8.6,0,8.6,-8.6,0,,,,,
8281,0,0,0,0,0,0,0,8.31,0,0,-8.31,0,8.31,-8.31,0,,,,,
8291,0,0,0,0,0,0,0,7.3,0,0,-7.3,0,7.3,-7.3,0,,,,,
8301,0,0,0,0,0,0,0,6.62,0,0,-6.62,0,6.62,-6.62,0,,,,,
8311,0,0,0,0,0,0,0,6.97,0,0,-6.97,0,6.97,-6.97,0,,,,,
8321,0,0,0,0,0,0,0,7.32,0,0,-7.32,0,7.32,-7.32,0,,,,,
8331,0,0,0,0,0,0,0,7.48,0,0,-7.48,0,7.48,-7.48,0,,,,,
8341,0,0,0,0,0,0,0,6.66,0,0,-6.66,0,6.66,-6.66,0,,,,,
8351,0,0,0,0,0,0,0,5.76,0,0,-5.76,0,5.76,-5.76,0,,,,,
8361,0,0,0,0,0,0,0,5.6,0,0,-5.6,0,5.6,-5.6,0,,,,,
8371,0,0,0,0,0,0,0,6.32,0,0,-6.32,0,6.32,-6.32,0,,,,,
8381,0,0,0,0,0,0,0,6.5,0,0,-6.5,0,6.5,-6.5,0,,,,,
8391,0,0,0,0,0,0,0,5.26,0,0,-5.26,0,5.26,-5.26,0,,,,,
8401,0,0,0,0,0,0,0,5.34,0,0,-5.34,0,5.34,-5.34,0,,,,,
8411,0,0,0,0,0,0,0,5.32,0,0,-5.32,0,5.32,-5.32,0,,,,,
8421,0,0,0,0,0,0,0,5.12,0,0,-5.12,0,5.12,-5.12,0,,,,,
8431,0,0,0,0,0,0,0,4.36,0,0,-4.36,0,4.36,-4.36,0,,,,,
8441,0,0,0,0,0,0,0,5.41,0,0,-5.41,0,5.41,-5.41,0,,,,,
8451,0,0,0,0,0,0,0,5.58,0,0,-5.58,0,5.58,-5.58,0,,,,,
8461,0,0,0,0,0,0,0,4.82,0,0,-4.81,0,4.82,-4.81,0,,,,,
8471,0,0,0,0,0,0,0,4.68,0,0,-4.68,0,4.68,-4.68,0,,,,,
8481,0,0,0,0,0,0,0,5.6,0,0,-5.6,0,5.6,-5.6,0,,,,,
8491,0,0,0,0,0,0,0,6.16,0,0,-6.16,0,6.16,-6.16,0,,,,,
8501,0,0,0,0,0,0,0,5.62,0,0,-5.62,0,5.62,-5.62,0,,,,,
8511,0,0,0,0,0,0,0,5.25,0,0,-5.25,0,5.25,-5.25,0,,,,,
8521,0,0,0,0,0,0,0,5.02,0,0,-5.02,0,5.02,-5.02,0,,,,,
8531,0,0,0,0,0,0,0,5.06,0,0,-5.06,0,5.06,-5.06,0,,,,,
8541,0,0,0,0,0,0,0,5.94,0,0,-5.94,0,5.94,-5.94,0,,,,,
8551,0,0,0,0,0,0,0,4.98,0,0,-4.98,0,4.98,-4.98,0,,,,,
8561,0,0,0,0,0,0,0,3.97,0,0,-3.97,0,3.97,-3.97,0,,,,,
8571,0,0,0,0,0,0,0,8.16,0,0,-8.16,0,8.16,-8.16,0,,,,,
8581,0,0,0,0,0,0,0,3.49,0,0,-3.49,0,3.49,-3.49,0,,,,,
8591,0,0,0,0,0,0,0,8.81,0,0,-8.81,0,8.81,-8.81,0,,,,,
8601,0,0,0,0,0,0,0,8.7,0,0,-8.7,0,8.7,-8.7,0,,,,,
8611,0,0,0,0,0,0,0,9.15,0,0,-9.15,0,9.15,-9.15,0,,,,,
8621,0,0,0,0,0,0,0,9.84,0,0,-9.84,0,9.84,-9.84,0,,,,,
8631,0,0,0,0,0,0,0,9.89,0,0,-9.89,0,9.89,-9.89,0,,,,,
8641,0,0,0,0,0,0,0,9.28,0,0,-9.28,0,9.28,-9.28,0,,,,,
8651,0,0,0,0,0,0,0,8.44,0,0,-8.44,0,8.44,-8.44,0,,,,,
8661,0,0,0,0,0,0,0,7.75,0,0,-7.75,0,7.75,-7.75,0,,,,,
8671,0,0,0,0,0,0,0,7.62,0,0,-7.62,0,7.62,-7.62,0,,,,,
8681,0,0,0,0,0,0,0,7.5,0,0,-7.5,0,7.5,-7.5,0,,,,,
8691,0,0,0,0,0,0,0,7.17,0,0,-7.17,0,7.17,-7.17,0,,,,,
8701,0,0,0,0,0,0,0,7.11,0,0,-7.11,0,7.11,-7.11,0,,,,,
8711,0,0,0,0,0,0,0,5.84,0,0,-5.84,0,5.84,-5.84,0,,,,,
8721,0,0,0,0,0,0,0,2.08,0,0,-2.08,0,2.08,-2.08,0,,,,,
8731,0,0,0,0,0,0,0,2.55,0,0,-2.55,0,2.55,-2.55,0,,,,,
8741,0,0,0,0,0,0,0,3.11,0,0,-3.11,0,3.11,-3.11,0,,,,,
8751,0,0,0,0,0,0,0,4.44,0,0,-4.44,0,4.44,-4.44,0,,,,,
8761,0,0,0,0,0,0,0,4.32,0,0,-4.32,0,4.32,-4.32,0,,,,,
8771,0,0,0,0,0,0,0,3.5,0,0,-3.5,0,3.5,-3.5,0,,,,,
8781,0,0,0,0,0,0,0,4.02,0,0,-4.02,0,4.02,-4.02,0,,,,,
8791,0,0,0,0,0,0,0,3.95,0,0,-3.95,0,3.95,-3.95,0,,,,,
8801,0,0,0,0,0,0,0,4.27,0,0,-4.27,0,4.27,-4.27,0,,,,,
8811,0,0,0,0,0,0,0,3.1,0,0,-3.1,0,3.1,-3.1,0,,,,,
8821,0,0,0,0,0,0,0,3.63,0,0,-3.63,0,3.63,-3.63,0,,,,,
8831,0,0,0,0,0,0,0,3.42,0,0,-3.42,0,3.42,-3.42,0,,,,,
8841,0,0,0,0,0,0,0,3.81,0,0,-3.81,0,3.81,-3.81,0,,,,,
8851,0,0,0,0,0,0,0,4.41,0,0,-4.41,0,4.41,-4.41,0,,,,,
8861,0,0,0,0,0,0,0,3.53,0,0,-3.53,0,3.53,-3.53,0,,,,,
8871,0,0,0,0,0,0,0,5.46,0,0,-5.46,0,5.46,-5.46,0,,,,,
8881,0,0,0,0,0,0,0,5.88,0,0,-5.88,0,5.88,-5.88,0,,,,,
8891,0,0,0,0,0,0,0,5.34,0,0,-5.34,0,5.34,-5.34,0,,,,,
8901,0,0,0,0,0,0,0,4.58,0,0,-4.58,0,4.58,-4.58,0,,,,,
8911,0,0,0,0,0,0,0,3.36,0,0,-3.36,0,3.36,-3.36,0,,,,,
8921,0,0,0,0,0,0,0,5.2,0,0,-5.2,0,5.2,-5.2,0,,,,,
8931,0,0,0,0,0,0,0,5.5,0,0,-5.5,0,5.5,-5.5,0,,,,,
8941,0,0,0,0,0,0,0,5.93,0,0,-5.93,0,5.93,-5.93,0,,,,,
8951,0,0,0,0,0,0,0,5.8,0,0,-5.8,0,5.8,-5.8,0,,,,,
8961,0,0,0,0,0,0,0,6.37,0,0,-6.37,0,6.37,-6.37,0,,,,,
8971,0,0,0,0,0,0,0,4.54,0,0,-4.54,0,4.54,-4.54,0,,,,,
8981,0,0,0,0,0,0,0,4.83,0,0,-4.83,0,4.83,-4.83,0,,,,,
8991,0,0,0,0,0,0,0,4.28,0,0,-4.28,0,4.28,-4.28,0,,,,,
9001,0,0,0,0,0,0,0,4.14,0,0,-4.14,0,4.14,-4.14,0,,,,,
9011,0,0,0,0,0,0,0,3.39,0,0,-3.39,0,3.39,-3.39,0,,,,,
9021,0,0,0,0,0,0,0,4.15,0,0,-4.15,0,4.15,-4.15,0,,,,,
9031,0,0,0,0,0,0,0,4.66,0,0,-4.66,0,4.66,-4.66,0,,,,,
9041,0,0,0,0,0,0,0,4.69,0,0,-4.69,0,4.69,-4.69,0,,,,,
9051,0,0,0,0,0,0,0,3.88,0,0,-3.88,0,3.88,-3.88,0,,,,,
9061,0,0,0,0,0,0,0,3.95,0,0,-3.95,0,3.95,-3.95,0,,,,,
9071,0,0,0,0,0,0,0,3.11,0,0,-3.11,0,3.11,-3.11,0,,,,,
9081,0,0,0,0,0,0,0,6.72,0,0,-6.72,0,6.72,-6.72,0,,,,,
9091,0,0,0,0,0,0,0,6.44,0,0,-6.44,0,6.44,-6.44,0,,,,,
9101,0,0,0,0,0,0,0,6.83,0,0,-6.83,0,6.83,-6.83,0,,,,,
9111,0,0,0,0,0,0,0,6.76,0,0,-6.76,0,6.76,-6.76,0,,,,,
9121,0,0,0,0,0,0,0,6.62,0,0,-6.62,0,6.62,-6.62,0,,,,,
9131,0,0,0,0,0,0,0,6.08,0,0,-6.08,0,6.08,-6.08,0,,,,,
9141,0,0,0,0,0,0,0,6.45,0,0,-6.45,0,6.45,-6.45,0,,,,,
9151,0,0,0,0,0,0,0,6.41,0,0,-6.41,0,6.41,-6.41,0,,,,,
9161,0,0,0,0,0,0,0,4.17,0,0,-4.17,0,4.17,-4.17,0,,,,,
9171,0,0,0,0,0,0,0,3.63,0,0,-3.63,0,3.63,-3.63,0,,,,,
9181,0,0,0,0,0,0,0,3.56,0,0,-3.56,0,3.56,-3.56,0,,,,,
9191,0,0,0,0,0,0,0,5.72,0,0,-5.72,0,5.72,-5.72,0,,,,,
9201,0,0,0,0,0,0,0,5.62,0,0,-5.62,0,5.62,-5.62,0,,,,,
9211,0,0,0,0,0,0,0,6.45,0,0,-6.45,0,6.45,-6.45,0,,,,,
9221,0,0,0,0,0,0,0,7.23,0,0,-7.23,0,7.23,-7.23,0,,,,,
9231,0,0,0,0,0,0,0,6.84,0,0,-6.84,0,6.84,-6.84,0,,,,,
9241,0,0,0,0,0,0,0,8.22,0,0,-8.22,0,8.22,-8.22,0,,,,,
9251,0,0,0,0,0,0,0,8.19,0,0,-8.19,0,8.19,-8.19,0,,,,,
9261,0,0,0,0,0,0,0,7.52,0,0,-7.52,0,7.52,-7.52,0,,,,,
9271,0,0,0,0,0,0,0,8.94,0,0,-8.94,0,8.94,-8.94,0,,,,,
9281,0,0,0,0,0,0,0,8.35,0,0,-8.35,0,8.35,-8.35,0,,,,,
9291,0,0,0,0,0,0,0,8.31,0,0,-8.31,0,8.31,-8.31,0,,,,,
9301,0,0,0,0,0,0,0,7.89,0,0,-7.89,0,7.89,-7.89,0,,,,,
9311,0,0,0,0,0,0,0,8.01,0,0,-8.01,0,8.01,-8.01,0,,,,,
9321,0,0,0,0,0,0,0,7.62,0,0,-7.62,0,7.62,-7.62,0,,,,,
9331,0,0,0,0,0,0,0,6.92,0,0,-6.92,0,6.92,-6.92,0,,,,,
9341,0,0,0,0,0,0,0,7.77,0,0,-7.77,0,7.77,-7.77,0,,,,,
9351,0,0,0,0,0,0,0,7.25,0,0,-7.25,0,7.25,-7.25,0,,,,,
9361,0,0,0,0,0,0,0,6.93,0,0,-6.93,0,6.93,-6.93,0,,,,,
9371,0,0,0,0,0,0,0,6.73,0,0,-6.73,0,6.73,-6.73,0,,,,,
9381,0,0,0,0,0,0,0,6.88,0,0,-6.88,0,6.88,-6.88,0,,,,,
9391,0,0,0,0,0,0,0,7.56,0,0,-7.56,0,7.56,-7.56,0,,,,,
9401,0,0,0,0,0,0,0,6.83,0,0,-6.83,0,6.83,-6.83,0,,,,,
9411,0,0,0,0,0,0,0,6.05,0,0,-6.05,0,6.05,-6.05,0,,,,,
9421,0,0,0,0,0,0,0,5.43,0,0,-5.43,0,5.43,-5.43,0,,,,,
9431,0,0,0,0,0,0,0,5.97,0,0,-5.97,0,5.97,-5.97,0,,,,,
9441,0,0,0,0,0,0,0,6.04,0,0,-6.04,0,6.04,-6.04,0,,,,,
9451,0,0,0,0,0,0,0,6.37,0,0,-6.37,0,6.37,-6.37,0,,,,,
9461,0,0,0,0,0,0,0,6.67,0,0,-6.67,0,6.67,-6.67,0,,,,,
9471,0,0,0,0,0,0,0,6.95,0,0,-6.95,0,6.95,-6.95,0,,,,,
9481,0,0,0,0,0,0,0,6.8,0,0,-6.8,0,6.8,-6.8,0,,,,,
9491,0,0,0,0,0,0,0,8.26,0,0,-8.26,0,8.26,-8.26,0,,,,,
9501,0,0,0,0,0,0,0,8.19,0,0,-8.19,0,8.19,-8.19,0,,,,,
9511,0,0,0,0,0,0,0,8.03,0,0,-8.03,0,8.03,-8.03,0,,,,,
9521,0,0,0,0,0,0,0,8.44,0,0,-8.44,0,8.44,-8.44,0,,,,,
9531,0,0,0,0,0,0,0,8.07,0,0,-8.07,0,8.07,-8.07,0,,,,,
9541,0,0,0,0,0,0,0,8.28,0,0,-8.28,0,8.28,-8.28,0,,,,,
9551,0,0,0,0,0,0,0,7.76,0,0,-7.76,0,7.76,-7.76,0,,,,,
9561,0,0,0,0,0,0,0,8.15,0,0,-8.15,0,8.15,-8.15,0,,,,,
9571,0,0,0,0,0,0,0,8.49,0,0,-8.49,0,8.49,-8.49,0,,,,,
9581,0,0,0,0,0,0,0,8.35,0,0,-8.35,0,8.35,-8.35,0,,,,,
9591,0,0,0,0,0,0,0,11.6,0,0,-11.6,0,11.6,-11.6,0,,,,,
9601,0,0,0,0,0,0,0,10.64,0,0,-10.64,0,10.64,-10.64,0,,,,,
9611,0,0,0,0,0,0,0,11.2,0,0,-11.2,0,11.2,-11.2,0,,,,,
9621,0,0,0,0,0,0,0,11.43,0,0,-11.43,0,11.43,-11.43,0,,,,,
9631,0,0,0,0,0,0,0,11.41,0,0,-11.41,0,11.41,-11.41,0,,,,,
9641,0,0,0,0,0,0,0,12.09,0,0,-12.09,0,12.09,-12.09,0,,,,,
9651,0,0,0,0,0,0,0,12.21,0,0,-12.21,0,12.21,-12.21,0,,,,,
9661,0,0,0,0,0,0,0,10.22,0,0,-10.22,0,10.22,-10.22,0,,,,,
9671,0,0,0,0,0,0,0,8.59,0,0,-8.59,0,8.59,-8.59,0,,,,,
9681,0,0,0,0,0,0,0,8.51,0,0,-8.51,0,8.51,-8.51,0,,,,,
9691,0,0,0,0,0,0,0,8.61,0,0,-8.61,0,8.61,-8.61,0,,,,,
9701,0,0,0,0,0,0,0,9.5,0,0,-9.5,0,9.5,-9.5,0,,,,,
9711,0,0,0,0,0,0,0,9.01,0,0,-9.01,0,9.01,-9.01,0,,,,,
9721,0,0,0,0,0,0,0,10.35,0,0,-10.35,0,10.35,-10.35,0,,,,,
9731,0,0,0,0,0,0,0,10.08,0,0,-10.08,0,10.08,-10.08,0,,,,,
9741,0,0,0,0,0,0,0,9.49,0,0,-9.49,0,9.49,-9.49,0,,,,,
9751,0,0,0,0,0,0,0,8.88,0,0,-8.88,0,8.88,-8.88,0,,,,,
9761,0,0,0,0,0,0,0,8.66,0,0,-8.66,0,8.66,-8.66,0,,,,,
9771,0,0,0,0,0,0,0,8.66,0,0,-8.66,0,8.66,-8.66,0,,,,,
9781,0,0,0,0,0,0,0,8.58,0,0,-8.58,0,8.58,-8.58,0,,,,,
9791,0,0,0,0,0,0,0,8.89,0,0,-8.89,0,8.89,-8.89,0,,,,,
9801,0,0,0,0,0,0,0,8.08,0,0,-8.08,0,8.08,-8.08,0,,,,,
9811,0,0,0,0,0,0,0,7.55,0,0,-7.55,0,7.55,-7.55,0,,,,,
9821,0,0,0,0,0,0,0,18.01,0,0,-18.01,0,18.01,-18.01,0,,,,,
9831,0,0,0,0,0,0,0,6.73,0,0,-6.73,0,6.72,-6.73,0,,,,,
9841,0,0,0,0,0,0,0,7,0,0,-7,0,7,-7,0,,,,,
9851,0,0,0,0,0,0,0,16.83,0,0,-16.82,0,16.83,-16.82,0,,,,,
9861,0,0,0,0,0,0,0,15.6,0,0,-15.6,0,15.6,-15.6,0,,,,,
9871,0,0,0,0,0,0,0,13.16,0,0,-13.16,0,13.16,-13.16,0,,,,,
9881,0,0,0,0,0,0,0,16.95,0,0,-16.95,0,16.95,-16.95,0,,,,,
9891,0,0,0,0,0,0,0,19.63,0,0,-19.63,0,19.63,-19.63,0,,,,,
9901,0,0,0,0,0,0,0,18.54,0,0,-18.54,0,18.54,-18.54,0,,,,,
9911,0,0,0,0,0,0,0,19.09,0,0,-19.09,0,19.09,-19.09,0,,,,,
9921,0,0,0,0,0,0,0,15.51,0,0,-15.51,0,15.51,-15.51,0,,,,,
9931,0,0,0,0,0,0,0,16.24,0,0,-16.24,0,16.24,-16.24,0,,,,,
9941,0,0,0,0,0,0,0,16.32,0,0,-16.31,0,16.31,-16.31,0,,,,,
9951,0,0,0,0,0,0,0,19.2,0,0,-19.19,0,19.2,-19.19,0,,,,,
9961,0,0,0,0,0,0,0,17.03,0,0,-17.03,0,17.03,-17.03,0,,,,,
9971,0,0,0,0,0,0,0,15.58,0,0,-15.58,0,15.58,-15.58,0,,,,,
9981,0,0,0,0,0,0,0,16.92,0,0,-16.91,0,16.92,-16.91,0,,,,,
9991,0,0,0,0,0,0,0,16.18,0,0,-16.17,0,16.18,-16.17,0,,,,,
10001,0,0,0,0,0,0,0,13.35,0,0,-13.35,0,13.35,-13.35,0,,,,,
