GENERALIZED BORN:,,,,,,,,,,,,,,,,,,,,
Complex Energy Terms,,,,,,,,,,,,,,,,,,,,
Frame #,BOND,ANGLE,DIHED,UB,IMP,CMAP,VDWAALS,EEL,1-4 VDW,1-4 EEL,EGB,ESURF,GGAS,GSOLV,TOTAL,,,,,
1,1718.78,4240.89,5407.85,496.68,308.95,-166.23,-3960.94,-32418.43,1798.49,22750.1,-5976.01,160.14,176.13,-5815.87,-5639.74,,,,,
11,1845.2,4243.49,5330.55,502.64,284.3,-194.48,-3910.22,-31941.67,1730.39,22679.05,-6410.92,180.39,569.24,-6230.53,-5661.29,,,,,
21,1832.98,4231.22,5251.86,505.67,304.31,-181.36,-3923.7,-32096.26,1774.54,22633.8,-6288.29,177.84,333.05,-6110.45,-5777.4,,,,,
31,1835.42,4293.65,5261.74,495.64,278.66,-188.41,-3922.31,-32177.46,1751.5,22734.32,-6360.22,178.99,362.74,-6181.23,-5818.49,,,,,
41,1836.15,4214.1,5282.55,504.56,258.7,-199.19,-3886.07,-32215.42,1762.96,22739.15,-6275.48,180.16,297.48,-6095.32,-5797.84,,,,,
51,1800.83,4329.52,5257.02,508.48,278.14,-194.04,-3897.14,-32077.88,1746.05,22661.54,-6374.25,179.3,412.53,-6194.95,-5782.42,,,,,
61,1811.78,4281.95,5287.3,513.55,266.5,-170.03,-3949.3,-31920.73,1778.72,22598.61,-6462.92,177.9,498.35,-6285.03,-5786.67,,,,,
71,1849.39,4195.06,5295.88,509.84,261.16,-199.71,-3944.91,-32020.61,1728.34,22739.48,-6444.01,179.43,413.92,-6264.58,-5850.66,,,,,
81,1886.22,4126.07,5275.32,495.58,266,-185.3,-3939.92,-31985.56,1715.17,22718.19,-6464.49,178.84,371.78,-6285.65,-5913.87,,,,,
91,1768.78,4268.69,5248.01,518.99,286.15,-172.28,-3947.14,-31916.6,1753.69,22765.45,-6537.61,174.87,573.73,-6362.74,-5789.01,,,,,
101,1808.94,4304.11,5278.97,530.18,304.9,-171.3,-3938.51,-32000.81,1731.77,22705.57,-6470.39,177.52,553.81,-6292.87,-5739.06,,,,,
111,1847.22,4335.03,5239.29,515.44,257.72,-182.26,-3936.37,-31973.4,1732.84,22634.54,-6436.43,179.52,470.04,-6256.91,-5786.87,,,,,
121,1844.25,4248.78,5264.38,508.76,280.85,-173.02,-3909.05,-32071.6,1735.12,22740.53,-6442.17,181.24,469.01,-6260.93,-5791.93,,,,,
131,1843.08,4282.81,5282.15,504.08,266.88,-163.55,-3954.6,-32089.96,1761.31,22811.54,-6435.67,176.15,543.72,-6259.52,-5715.8,,,,,
141,1812.96,4234.56,5220.83,501.8,291.12,-192.94,-3920.45,-31957.83,1744.17,22741.31,-6580.55,182.73,475.53,-6397.82,-5922.29,,,,,
151,1923.26,4304.95,5211.75,528.18,281.79,-191.73,-3881.81,-31903.74,1745.67,22689.55,-6565.03,180.28,707.86,-6384.75,-5676.89,,,,,
161,1847.06,4272.94,5234.51,507.83,290.93,-213.93,-3962.56,-31729.02,1762.32,22642.25,-6647.06,178.93,652.34,-6468.13,-5815.79,,,,,
171,1885.52,4180.27,5276.7,517.78,286.86,-169.85,-3918.24,-31892.56,1726.06,22791.72,-6564.59,177.04,684.26,-6387.54,-5703.29,,,,,
181,1839.97,4220.27,5250.15,489.42,283.22,-174.3,-3913.16,-31879.6,1779.22,22677.9,-6570.97,177.74,573.08,-6393.23,-5820.15,,,,,
191,1784.18,4190,5230.97,508.94,265.83,-172.47,-3925.81,-32058.85,1749.16,22797.06,-6490.92,176.75,369.02,-6314.17,-5945.15,,,,,
201,1823.29,4246.27,5216.49,506.58,283.53,-206.11,-3931.85,-31918.74,1742.19,22783.66,-6578.63,179.75,545.32,-6398.88,-5853.55,,,,,
211,1836.29,4306.25,5236.13,508.03,273.24,-207.85,-3954.87,-31909.81,1747.42,22825.53,-6627.53,178.51,660.36,-6449.01,-5788.65,,,,,
221,1838.82,4196.95,5231.07,518.98,277.67,-164.89,-3934.73,-31821.32,1769.96,22832.93,-6726.99,187.42,745.42,-6539.57,-5794.15,,,,,
231,1778.91,4283.23,5264.32,504.83,257.71,-189.25,-3885.58,-32059.66,1727.39,22851.03,-6541.72,182.03,532.93,-6359.69,-5826.76,,,,,
241,1797.72,4242.73,5227.5,524.02,273.77,-193.17,-3934.04,-32004.89,1755.65,22776.12,-6520.8,177.06,465.4,-6343.74,-5878.34,,,,,
251,1741.68,4243.87,5259.71,503.01,269.4,-181.36,-3931.53,-32043.79,1768.54,22890.65,-6560.41,177.78,520.18,-6382.63,-5862.45,,,,,
261,1810.82,4237.89,5217.19,500.95,286.35,-185.28,-3932.91,-31829.77,1760.04,22687.62,-6643.67,182.54,552.89,-6461.13,-5908.24,,,,,
271,1807.5,4163.27,5283.21,492.21,265.09,-205.05,-3897.74,-31979.08,1770.95,22877.45,-6666.27,182.46,577.8,-6483.82,-5906.01,,,,,
281,1858.08,4196.85,5255.43,496.56,266.81,-184.2,-3913.05,-31677.87,1726.14,22710.97,-6765.4,182.47,735.72,-6582.93,-5847.21,,,,,
291,1814,4200.99,5278.14,514.68,265.46,-176.31,-3912.41,-31814.02,1756.41,22712.81,-6672.02,180.84,639.74,-6491.17,-5851.43,,,,,
301,1787.42,4168.58,5245.69,494.22,262.97,-188.76,-3991.99,-31797.64,1753.63,22758.67,-6694.61,179.93,492.81,-6514.68,-6021.87,,,,,
311,1747.94,4210.21,5233.75,505.04,283.56,-177.01,-3918.84,-31647.5,1799.74,22688.11,-6801.3,179.09,724.99,-6622.21,-5897.23,,,,,
321,1800.19,4273.17,5243.18,506.18,273.31,-167.52,-3922.44,-31680.71,1757.25,22679.34,-6747.79,178.65,761.96,-6569.14,-5807.18,,,,,
331,1921.23,4225.71,5249.79,512.69,268.63,-220.42,-3942.25,-31862.95,1745.74,22715.78,-6598.57,177.86,613.94,-6420.7,-5806.76,,,,,
341,1788.93,4190.82,5269.02,500.81,280.75,-195.79,-3914.27,-31766.6,1767.68,22744.31,-6695.03,181.2,665.66,-6513.83,-5848.17,,,,,
351,1822,4266.36,5258.66,514.94,288.43,-187.81,-3933.95,-31914.05,1731.42,22761.48,-6620.65,181.7,607.47,-6438.95,-5831.48,,,,,
361,1771.76,4270.74,5286.29,498.18,268.37,-194.13,-3917.19,-31807.94,1744.96,22785.27,-6660.22,183.55,706.32,-6476.67,-5770.35,,,,,
371,1761.92,4306.27,5242.03,512.99,279.85,-194.2,-3921.19,-31793.52,1779.04,22695.21,-6686.52,180.22,668.39,-6506.3,-5837.91,,,,,
381,1776.81,4194.77,5227.11,513.27,264.42,-182.84,-3862.43,-31927.64,1746.26,22797.4,-6598.67,176.6,547.11,-6422.07,-5874.96,,,,,
391,1797.73,4224.68,5286.49,511.98,281.84,-194.74,-3937.28,-31844.11,1762.88,22642.74,-6568.88,174.19,532.21,-6394.69,-5862.48,,,,,
401,1809.26,4273.15,5281.28,522.86,268.35,-194.13,-3944,-31900.32,1761.51,22583.45,-6510.24,178.03,461.38,-6332.21,-5870.82,,,,,
411,1804.28,4274.48,5293.51,522.89,269.34,-192.38,-3926.31,-31748.2,1772.44,22660.64,-6678.98,180.8,730.68,-6498.19,-5767.51,,,,,
421,1773.88,4143.2,5221.71,485.91,263.57,-200.82,-3948.83,-31883.18,1770.39,22796.73,-6589.7,177.72,422.54,-6411.98,-5989.44,,,,,
431,1800.48,4227.62,5246.74,514.79,262.84,-194.99,-3842.68,-31840.82,1771.09,22713.68,-6678.72,185.12,658.74,-6493.6,-5834.87,,,,,
441,1822.98,4128.25,5279.99,501.57,282.72,-192.1,-3945.43,-31980.39,1765.23,22793.57,-6596.56,178.07,456.38,-6418.49,-5962.11,,,,,
451,1776.18,4266.56,5253.06,516,276.46,-203.21,-3928.48,-32047.26,1771.45,22847.26,-6502.01,180.08,528,-6321.92,-5793.92,,,,,
461,1777.14,4208.07,5242.02,486.9,276.76,-193.51,-3923.57,-31955.26,1760.04,22855.85,-6611.04,179.96,534.43,-6431.08,-5896.65,,,,,
471,1795.8,4256.95,5190.71,512.74,290.56,-188.04,-3902.8,-32028.77,1781.8,22759.61,-6531.51,180.4,468.56,-6351.11,-5882.55,,,,,
481,1834.57,4165.22,5254.98,504.27,263.99,-185.68,-3928.87,-32001.98,1767.61,22727.84,-6471.83,179.28,401.95,-6292.55,-5890.6,,,,,
491,1809.19,4240.33,5239.7,512.74,276.52,-191.4,-3949.37,-32048.35,1767.16,22861.78,-6548.16,178.94,518.31,-6369.23,-5850.91,,,,,
501,1796.08,4218.78,5279.73,499.43,260.01,-195.76,-3930.12,-32054.33,1755.36,22819.31,-6504.28,177.14,448.49,-6327.14,-5878.65,,,,,
511,1794.43,4243.67,5248.19,497.99,266.8,-236.16,-3958.6,-32022.62,1778.01,22753.52,-6459.89,175.79,365.23,-6284.1,-5918.87,,,,,
521,1826.9,4200.18,5247.65,527.36,277.92,-227.29,-3914.48,-32016.19,1747.29,22817.2,-6560.08,184.09,486.54,-6375.99,-5889.45,,,,,
531,1884.78,4213.21,5241.93,504.41,289.67,-188.52,-3909,-31946.37,1751.17,22688.99,-6587.37,182.64,530.27,-6404.73,-5874.46,,,,,
541,1878.12,4193.28,5225.84,507.87,292.85,-199.67,-3950.28,-32066.33,1763.33,22707.92,-6438.44,177.28,352.96,-6261.16,-5908.2,,,,,
551,1801.43,4249.93,5211.26,508.07,289.33,-175.17,-3945.68,-32094.96,1779.59,22722.1,-6404.04,179.73,345.88,-6224.31,-5878.43,,,,,
561,1864.59,4285.82,5229.24,529.08,265.68,-215.28,-3939.05,-32000.78,1754.72,22730.74,-6539.69,180.33,504.77,-6359.37,-5854.59,,,,,
571,1825.89,4269.29,5265.43,517.42,286.11,-199.51,-3957.45,-31953.93,1702.31,22724.9,-6498,181.06,480.47,-6316.94,-5836.48,,,,,
581,1903.78,4292.8,5270.65,525.99,280.13,-191.77,-3919.31,-32071.29,1764.22,22763.53,-6479.18,180.13,618.72,-6299.05,-5680.33,,,,,
591,1773.83,4343.11,5222.12,505.52,266.84,-176.67,-3956.77,-31964.37,1693.1,22681.36,-6503.38,180.97,388.06,-6322.41,-5934.35,,,,,
601,1758.57,4232.08,5249.91,502.8,269.06,-198.91,-3937.76,-32037.97,1786.73,22761.15,-6464.27,179.42,385.66,-6284.84,-5899.19,,,,,
611,1867.86,4223.45,5254.34,502.01,291.6,-197.07,-3912.14,-32057.53,1739.95,22654.37,-6399.81,179.82,366.83,-6219.99,-5853.16,,,,,
621,1810.24,4258.66,5244.22,506.75,278.8,-183.09,-3859.79,-32017.95,1728.62,22758.43,-6503.07,183.43,524.89,-6319.63,-5794.75,,,,,
631,1811.49,4286.59,5248.67,518.99,285.47,-174.21,-3920.59,-31903.2,1739,22692.27,-6560.96,182,584.48,-6378.97,-5794.48,,,,,
641,1796.59,4109.48,5223.08,509.58,275.54,-205.5,-3925.14,-31894.3,1786.59,22823.94,-6634.93,180.21,499.87,-6454.72,-5954.85,,,,,
651,1830.38,4161.65,5238.15,489.09,265.86,-202.01,-3961.62,-31744.23,1779.61,22765.29,-6725.37,180.86,622.17,-6544.51,-5922.34,,,,,
661,1818.89,4266.5,5257.38,517.61,273.6,-185.96,-3928.7,-32068.94,1791.57,22798.37,-6482.54,180.43,540.33,-6302.11,-5761.78,,,,,
671,1854.25,4166.35,5239.59,502.36,269.58,-221.97,-3914.95,-31911.45,1746.36,22696.92,-6536.34,179.19,427.04,-6357.15,-5930.11,,,,,
681,1807.59,4307.27,5182.21,495.42,266.92,-190.51,-3902.24,-32017.45,1720.83,22766.99,-6519.88,177.8,437.03,-6342.08,-5905.05,,,,,
691,1837.64,4200.8,5230.56,507.98,288.23,-184.95,-3949.96,-31967.59,1738.69,22727.84,-6499.34,180.43,429.24,-6318.91,-5889.67,,,,,
701,1817.48,4250.79,5172.42,507.15,281.53,-172.74,-3945.24,-31906.43,1719.58,22729.64,-6556.83,176.07,454.18,-6380.76,-5926.58,,,,,
711,1827.75,4245.46,5209.01,521.06,288.18,-166.36,-3900.72,-32070.03,1771.24,22692.61,-6409.26,175.18,418.2,-6234.07,-5815.87,,,,,
721,1842.89,4199.57,5248.68,505.77,279.77,-191.58,-3961.26,-32112.74,1756.15,22733.94,-6332.8,178.84,301.2,-6153.95,-5852.76,,,,,
731,1860.77,4195.07,5238.74,506.44,283.59,-190.12,-3957.78,-32004.11,1760.34,22693.85,-6487.31,175.89,386.79,-6311.42,-5924.63,,,,,
741,1812.55,4207.45,5262.05,502.37,278.92,-193.81,-3912.84,-32054.56,1756.81,22733.31,-6448.5,174.01,392.25,-6274.49,-5882.24,,,,,
751,1790,4253.51,5246.06,516.78,296.72,-207.48,-3920.63,-31850.35,1755.11,22646.28,-6544.09,181.87,526,-6362.22,-5836.22,,,,,
761,1762.61,4240.36,5202.97,504.41,266.8,-214.4,-3932.8,-32010.26,1787.55,22727.87,-6414.66,176.06,335.1,-6238.6,-5903.5,,,,,
771,1854.72,4195.06,5192.85,514.78,270.45,-196.71,-3944.44,-32075.29,1809.59,22652.43,-6357.12,175.43,273.45,-6181.69,-5908.25,,,,,
781,1913.13,4310.37,5191.45,510.75,277.2,-198.15,-3967.91,-32093,1734.08,22581.67,-6314.8,172.9,259.58,-6141.9,-5882.32,,,,,
791,1837.73,4155.35,5199.52,510.53,277.41,-220.02,-3893.76,-32033.11,1762.94,22688.33,-6435.05,178.61,284.92,-6256.44,-5971.51,,,,,
801,1792.01,4237.35,5215.12,499.25,264.16,-181.34,-3944.87,-32195.67,1735.46,22731.68,-6326.41,178.25,153.14,-6148.16,-5995.02,,,,,
811,1830.52,4194.53,5229.47,509.42,259.72,-167.78,-3966.59,-31861.66,1759.43,22741.56,-6598.09,182.07,528.62,-6416.02,-5887.4,,,,,
821,1756.22,4253.64,5215.68,503.03,261.15,-208.38,-3879.59,-31860.11,1773.49,22664.61,-6593.66,181.07,479.74,-6412.59,-5932.85,,,,,
831,1799.85,4169.85,5211,511.61,274.28,-208.53,-3960.99,-31922.18,1756.14,22717.96,-6524.28,180.01,349,-6344.27,-5995.27,,,,,
841,1779.66,4153.65,5208.66,512.19,297.25,-191.81,-3927.03,-31733.79,1808.78,22628.29,-6602.7,180.22,535.85,-6422.48,-5886.62,,,,,
851,1809.57,4268.67,5196.01,504.64,283.33,-175.16,-3911.32,-31962.24,1754.49,22669.46,-6508.75,180.64,437.45,-6328.11,-5890.66,,,,,
861,1799.56,4261.84,5167.36,507.56,284.47,-180.96,-3888.48,-32083.84,1732.54,22677.68,-6441.15,179.99,277.71,-6261.16,-5983.45,,,,,
871,1815.31,4167.4,5287.8,496.93,284.08,-190.85,-3915.09,-32042.69,1772.76,22770.89,-6511.47,178.57,446.52,-6332.9,-5886.37,,,,,
881,1769.61,4277.68,5228.07,533.41,279.46,-203.99,-3947.13,-32105.59,1751.77,22797.49,-6473.52,180.04,380.78,-6293.48,-5912.7,,,,,
891,1807.43,4184.99,5222.98,510.16,285.27,-207.98,-3863.41,-32147.36,1763.71,22839.91,-6496.76,184.66,395.71,-6312.1,-5916.38,,,,,
901,1784.93,4241.64,5215.68,511.32,283.86,-218.5,-3932.91,-31900.62,1745.78,22781.03,-6610.84,180.22,512.21,-6430.62,-5918.41,,,,,
911,1818.4,4229.72,5221.79,493.93,271.22,-194.36,-3917.32,-31924.22,1709.32,22750.05,-6538.44,181.39,458.53,-6357.05,-5898.52,,,,,
921,1806.73,4207.01,5233.51,516.84,268.57,-192.69,-3889.41,-32074.5,1783.29,22750.91,-6480.68,178.03,410.28,-6302.65,-5892.37,,,,,
931,1879.22,4284.56,5253.24,506.4,274.27,-199.27,-3895.83,-32085.57,1759.72,22667.64,-6404.57,178.97,444.37,-6225.59,-5781.23,,,,,
941,1767.94,4266.68,5220.86,501.32,282.31,-198.78,-3952.26,-31983.15,1749.83,22794.23,-6566.1,175.59,448.99,-6390.52,-5941.53,,,,,
951,1876.86,4196.72,5203.15,502.96,249.04,-188.97,-3943.93,-31997.51,1735.54,22668.07,-6468.85,177.86,301.93,-6290.98,-5989.05,,,,,
961,1825.91,4251.79,5250.17,507.06,273.29,-183.3,-3885.5,-32050.85,1734.9,22623.19,-6451.38,178.89,346.66,-6272.49,-5925.83,,,,,
971,1817.06,4206.99,5217.4,508.48,258.24,-212.47,-3969.52,-32180.18,1751.35,22842.41,-6451.34,177.81,239.76,-6273.52,-6033.77,,,,,
981,1847.33,4215.93,5198.66,511.08,251.86,-216.98,-3833.56,-32134.96,1775.87,22720.03,-6442.64,180.03,335.25,-6262.61,-5927.35,,,,,
991,1809.03,4231.33,5175.76,507.92,272.55,-191.93,-3910.87,-32001.81,1746.5,22801.11,-6531.99,181.29,439.6,-6350.71,-5911.1,,,,,
1001,1830.97,4262.37,5257.05,496.3,306.17,-191.77,-3963.34,-31955.5,1733.77,22728.09,-6508.82,179.19,504.13,-6329.63,-5825.5,,,,,
1011,1810.07,4209.12,5181.86,505.91,281.79,-224.82,-3886.01,-31888.06,1763.07,22735.87,-6592.68,182.45,488.8,-6410.23,-5921.43,,,,,
1021,1778.92,4179.68,5249.78,497.74,270.85,-204.36,-3928.03,-31813.38,1749.39,22763.6,-6680.67,181.16,544.18,-6499.51,-5955.32,,,,,
1031,1769.62,4230.2,5222.29,494.62,277.81,-167.31,-3958.4,-31892.08,1753.97,22689.07,-6559.11,181.32,419.79,-6377.8,-5958.01,,,,,
1041,1815.32,4164.67,5250.98,509.2,272.21,-185.73,-3947.27,-31965.2,1756.17,22719.15,-6542.46,179.16,389.52,-6363.3,-5973.78,,,,,
1051,1787.42,4236.91,5183.95,509.48,291.46,-182.2,-3979.74,-31963.55,1733.35,22644.49,-6461.41,178.24,261.57,-6283.17,-6021.61,,,,,
1061,1780.02,4141.45,5224.69,508.9,264.71,-182.92,-3932.1,-32100.13,1744.19,22785.65,-6386.35,176.6,234.46,-6209.76,-5975.3,,,,,
1071,1815.7,4228.51,5266.53,515,279.33,-204.55,-3972.55,-31902.56,1724.17,22653.42,-6484.45,175.46,403,-6308.99,-5905.99,,,,,
1081,1830.23,4210.83,5278.19,495.67,270.54,-211.24,-3949.66,-32135.82,1723.26,22728.77,-6405.89,181.25,240.78,-6224.64,-5983.86,,,,,
1091,1802.38,4138.8,5214.15,504.9,281.3,-163.7,-3927.61,-32067.05,1733.75,22761.59,-6462.21,181.83,278.51,-6280.38,-6001.88,,,,,
1101,1768.86,4186.05,5252.6,515.54,268.62,-193.97,-3966.62,-32135.41,1764.91,22744.46,-6360.67,177.88,205.03,-6182.8,-5977.76,,,,,
1111,1845.89,4159.56,5199.64,515.73,279.62,-214.19,-3906.08,-32035.84,1754.06,22742.27,-6456.81,181.15,340.65,-6275.66,-5935.01,,,,,
1121,1801.58,4192.16,5219.62,506.91,288.54,-201.45,-3962.57,-32058.92,1771.72,22757.97,-6404.13,179.14,315.56,-6224.99,-5909.43,,,,,
1131,1812.1,4213.17,5244.36,503.84,247.93,-189.86,-3909.52,-32103.39,1739.21,22725.87,-6380.61,180.14,283.71,-6200.47,-5916.76,,,,,
1141,1816.5,4245.47,5224.92,508.38,276.39,-182.94,-3941.56,-32097.94,1759.7,22733.94,-6413.91,179.08,342.86,-6234.83,-5891.97,,,,,
1151,1836.05,4263.97,5247.22,496.96,270.94,-200.82,-3930.04,-31774.22,1732.59,22631.73,-6596.52,179.36,574.38,-6417.15,-5842.77,,,,,
1161,1822,4229.71,5173.24,503.59,268.61,-163.93,-3954.71,-32050.97,1757.05,22814.97,-6468.07,177.35,399.56,-6290.71,-5891.15,,,,,
1171,1860.92,4156.39,5157.97,513.3,269.21,-188.01,-3927.94,-31958.74,1759.81,22689.53,-6471.12,178.74,332.45,-6292.38,-5959.93,,,,,
1181,1826.55,4326.14,5209.59,515.55,263.54,-206.68,-3863.65,-31837.89,1758.85,22647.31,-6635.26,185.1,639.29,-6450.15,-5810.86,,,,,
1191,1824.33,4166.14,5237.8,509.13,282.48,-166.82,-3941.76,-32023.38,1771.16,22813.06,-6528.28,177.48,472.14,-6350.8,-5878.66,,,,,
1201,1809.15,4133.19,5192.03,508.62,254.84,-169.18,-3934.78,-32151.25,1770.22,22748.37,-6380.53,181.37,161.2,-6199.15,-6037.95,,,,,
1211,1824.2,4210.85,5226.24,510.82,266.96,-200.77,-3966.96,-31852.27,1788.64,22655.82,-6578.19,178.71,463.54,-6399.49,-5935.95,,,,,
1221,1852.25,4186.43,5212.95,513.82,269.48,-187.77,-3980.68,-32065.76,1796.13,22701.76,-6348.89,176.72,298.62,-6172.17,-5873.55,,,,,
1231,1844.17,4161.78,5283.46,494.87,286.89,-190.5,-3913.65,-32225.55,1754.4,22675.43,-6249.58,177,171.29,-6072.58,-5901.29,,,,,
1241,1833.36,4327.8,5236.71,530.61,256.76,-178.43,-3922.93,-31948.94,1781.18,22521.09,-6422.33,180.15,437.21,-6242.18,-5804.97,,,,,
1251,1791.88,4179.66,5230.62,488.14,284.75,-203.43,-3958.17,-31909.22,1787.94,22704.97,-6476.51,182.14,397.15,-6294.37,-5897.22,,,,,
1261,1856.78,4127.02,5273.48,507.08,276.69,-217.74,-3891.28,-32109.48,1723.36,22621.32,-6329.35,182.9,167.23,-6146.46,-5979.22,,,,,
1271,1804.29,4236.31,5274.87,506.67,284.72,-202.44,-3930.79,-31997.31,1730.28,22699.67,-6470.56,185.41,406.27,-6285.14,-5878.87,,,,,
1281,1842.44,4263.15,5276.73,519.49,284.7,-199.94,-3917.9,-32187.79,1767.66,22756.31,-6360.83,180.18,404.86,-6180.65,-5775.79,,,,,
1291,1830.98,4262.26,5219.02,497.18,283.46,-164.39,-3901.62,-32185.63,1747.05,22736.52,-6357.21,182.89,324.83,-6174.31,-5849.48,,,,,
1301,1827.79,4167.16,5228.48,498.35,270.75,-186.66,-3920.64,-32109.47,1758.45,22845.39,-6456.39,180.28,379.61,-6276.11,-5896.49,,,,,
1311,1878.89,4267.64,5225.96,510.46,262.69,-202.8,-3896.43,-31992.68,1759.52,22710.51,-6525.09,181.21,523.75,-6343.88,-5820.13,,,,,
1321,1822.78,4255.39,5211.17,515.23,280.01,-186.87,-3945.85,-31794.3,1751.38,22607.98,-6638.39,184.07,516.92,-6454.32,-5937.4,,,,,
1331,1828.23,4219.97,5197.32,512.87,276.61,-180.32,-3937.93,-31955.66,1741.34,22719.88,-6538.1,178.39,422.31,-6359.71,-5937.41,,,,,
1341,1828.17,4346.46,5212.89,500.89,277.29,-178.64,-3918.58,-31888.11,1750.56,22716.7,-6591.84,184.79,647.63,-6407.05,-5759.42,,,,,
1351,1805.82,4199.22,5217.59,495.36,286.55,-165.17,-3876,-31904.09,1758.81,22731.75,-6568.9,183.43,549.83,-6385.47,-5835.64,,,,,
1361,1785.19,4183.59,5203.31,499.1,290.86,-166.35,-3940.4,-31983.28,1752.2,22796.24,-6519.41,182.61,420.46,-6336.81,-5916.34,,,,,
1371,1875.47,4190.64,5226.26,513.76,293.42,-211.53,-3886.45,-31718.83,1750.96,22675.28,-6697.03,185.5,708.99,-6511.53,-5802.54,,,,,
1381,1794.69,4206.55,5195.28,508.21,282.68,-208.3,-3902.97,-31788.16,1755.62,22734.68,-6671.71,184.42,578.28,-6487.29,-5909.01,,,,,
1391,1834.59,4212.97,5223.25,508.46,268.13,-184.22,-3939.69,-31821,1775.69,22722.57,-6661.2,181.75,600.73,-6479.46,-5878.72,,,,,
1401,1845.53,4249.32,5240.44,512,267.08,-220.67,-3934.38,-32033.94,1762.77,22707.61,-6444.56,181.5,395.75,-6263.06,-5867.31,,,,,
1411,1816.36,4288.63,5193.99,511.43,292.46,-187.46,-3897.12,-31911.34,1752.88,22681.02,-6569.45,181.09,540.85,-6388.36,-5847.52,,,,,
1421,1761.64,4279.43,5228.04,516.51,272.52,-186.15,-3922.57,-32073.21,1760.83,22831.06,-6503.93,179.6,468.1,-6324.32,-5856.22,,,,,
1431,1808.17,4171.04,5242.96,498.73,263.73,-192.21,-3909.52,-32051.78,1735.84,22714.28,-6465.67,181.21,281.23,-6284.47,-6003.23,,,,,
1441,1854.91,4204.41,5224.54,510.88,285.18,-183.09,-3924.14,-32090.57,1773.38,22725.56,-6373.6,177.91,381.04,-6195.69,-5814.65,,,,,
1451,1779.59,4195.01,5208.3,518.53,284.1,-205.89,-3921.48,-31670.35,1767.37,22727.18,-6760.54,187.89,682.34,-6572.66,-5890.31,,,,,
1461,1799.66,4239.83,5223.01,484.92,280.14,-179.9,-3965.93,-31884.43,1742.49,22773.1,-6595.78,182.92,512.91,-6412.86,-5899.96,,,,,
1471,1777.68,4221.55,5284.68,506.09,276.72,-220.45,-3937.04,-32011.16,1809.69,22697.51,-6439.18,179.39,405.26,-6259.79,-5854.53,,,,,
1481,1855.72,4276.28,5219.89,512.95,283.44,-205.25,-3926.02,-31956.74,1716.38,22782.58,-6543.89,182.59,559.23,-6361.3,-5802.08,,,,,
1491,1809.5,4241.83,5240.15,511.97,269.5,-168.97,-3918.79,-31904.86,1787.16,22769.85,-6593.28,182.05,637.35,-6411.23,-5773.88,,,,,
1501,1862.64,4141.45,5244.85,503.36,276.53,-194.65,-3934.42,-31973.2,1745.19,22747.09,-6498.71,177.95,418.84,-6320.76,-5901.92,,,,,
1511,1812.48,4228.73,5213.28,499.75,284.49,-182.31,-3919.24,-32142.41,1777.67,22814.41,-6447.06,179.75,386.84,-6267.31,-5880.46,,,,,
1521,1830.91,4201.65,5159.56,512.52,281.3,-177.14,-3922.55,-31925.32,1716.36,22718.58,-6557.5,178.44,395.86,-6379.06,-5983.21,,,,,
1531,1857.17,4139.26,5238.56,502.65,278.38,-187.06,-3983.79,-32007.25,1780.17,22815.96,-6516.74,173.4,434.05,-6343.34,-5909.29,,,,,
1541,1795.72,4207.15,5186.04,500.75,280.99,-205.44,-3943.47,-31844.19,1763.36,22698.34,-6561.26,178.46,439.25,-6382.8,-5943.55,,,,,
1551,1868.56,4266.57,5245.58,526.28,267.15,-203.83,-3938.22,-31943.5,1762.81,22678.07,-6543.88,175.66,529.46,-6368.22,-5838.76,,,,,
1561,1822.24,4222.02,5181.87,519.06,276.35,-175.08,-3925.28,-31985.96,1762.94,22758.72,-6539.17,181.51,456.88,-6357.66,-5900.78,,,,,
1571,1850.82,4236.74,5237.92,496.55,271.41,-203.19,-3953.14,-32159.43,1752.81,22757.72,-6362.81,174.51,288.21,-6188.3,-5900.09,,,,,
1581,1851.14,4199.14,5232.56,503.76,276.59,-169.45,-3954.67,-31732.91,1757.83,22648.5,-6680.3,181.12,612.48,-6499.18,-5886.7,,,,,
1591,1790.96,4260.78,5198.58,501.3,264.81,-193.03,-3946.95,-31641.5,1762.09,22660.87,-6729.14,177.97,657.91,-6551.16,-5893.25,,,,,
1601,1773.6,4231.56,5237.22,513.31,266.52,-171.87,-3941.16,-31749.75,1771.47,22662.31,-6655.97,179.1,593.22,-6476.87,-5883.65,,,,,
1611,1734.96,4179.22,5228.76,484.74,256.8,-183.16,-3951.22,-31711.75,1769.76,22840.89,-6764.19,177.87,649,-6586.32,-5937.32,,,,,
1621,1855.72,4162.94,5212.39,510.01,286.78,-201.23,-3938.39,-31649.85,1738.58,22677.9,-6761.79,176.44,654.86,-6585.36,-5930.49,,,,,
1631,1819.47,4341.35,5248.71,508.65,280.97,-203.34,-3938.85,-31826.21,1751.63,22594.58,-6545.95,176.94,576.95,-6369.01,-5792.06,,,,,
1641,1760.5,4226.63,5228.41,488.58,264.61,-177.88,-3926.49,-31767.66,1758.03,22740.87,-6713.02,180.14,595.6,-6532.88,-5937.29,,,,,
1651,1816.69,4214.8,5181.55,516.74,273.74,-191.44,-3950.68,-31852.09,1755.22,22724.95,-6613.5,178.76,489.48,-6434.74,-5945.26,,,,,
1661,1815.8,4182.51,5249.08,509.92,281.15,-195.73,-3928.84,-31768.79,1738.62,22622.97,-6628.57,180.19,506.69,-6448.38,-5941.69,,,,,
1671,1779.6,4234.74,5241.09,506.04,281.13,-191.71,-3929.48,-31914.25,1802.07,22730,-6562.81,181.02,539.25,-6381.8,-5842.55,,,,,
1681,1910.82,4165.09,5268.99,511.54,273.46,-202.66,-3980.56,-31840.78,1788.36,22645.53,-6561.37,179.28,539.8,-6382.1,-5842.3,,,,,
1691,1770.56,4222.36,5214.66,503.2,273.76,-179.11,-3928.75,-31860.46,1766.56,22700.45,-6524.38,179.12,483.23,-6345.26,-5862.02,,,,,
1701,1842.12,4335.51,5221.03,505.58,270.45,-183.42,-3903.21,-31880.75,1741.81,22663.64,-6575.54,181.36,612.76,-6394.18,-5781.42,,,,,
1711,1784.99,4226.89,5273.61,498.65,274.4,-192.57,-3964.63,-31853.61,1744.04,22736.06,-6649.97,180.38,527.82,-6469.59,-5941.76,,,,,
1721,1810.67,4219.77,5201.93,492.91,275.23,-180.28,-3949.91,-32078.57,1746.21,22824.79,-6476.44,176.93,362.74,-6299.5,-5936.76,,,,,
1731,1867.49,4187.26,5170.77,501.98,279.18,-171.64,-3893.5,-31975.84,1764.64,22757.38,-6511.68,181.38,487.71,-6330.3,-5842.59,,,,,
1741,1781.18,4286.42,5238.95,507.1,272.07,-176.07,-3929.8,-31880.4,1757.04,22837.03,-6702.4,181.8,693.52,-6520.6,-5827.08,,,,,
1751,1801.79,4229.64,5203.47,529.6,263.32,-169.56,-3949.51,-31832.61,1759.34,22784.59,-6662.48,178.83,620.08,-6483.65,-5863.57,,,,,
1761,1839.39,4234.37,5183.08,499.27,276.88,-159.29,-3935.67,-31669.42,1751.08,22710.89,-6802.16,185.8,730.57,-6616.37,-5885.79,,,,,
1771,1886.21,4190.65,5189.46,505.02,275.38,-187.76,-3911.56,-31459.49,1717.83,22631.47,-6941.76,184.07,837.22,-6757.69,-5920.47,,,,,
1781,1838.5,4145.97,5212.42,507.04,273.41,-178.88,-3880.38,-31723.85,1766.08,22722.81,-6723.49,184.63,683.12,-6538.86,-5855.74,,,,,
1791,1831.23,4237.97,5201.36,514.32,282.1,-189.16,-3900.92,-31746.34,1764.7,22681.45,-6689.68,183.56,676.71,-6506.13,-5829.42,,,,,
1801,1778.91,4135.69,5241.03,513.5,297.78,-149.11,-3945.21,-31687.24,1779.67,22843.78,-6814.3,180.02,808.8,-6634.28,-5825.47,,,,,
1811,1756.4,4222.64,5236.22,523.45,283.44,-192.84,-3944.24,-31641.21,1783.36,22736.71,-6808.21,183.03,763.93,-6625.18,-5861.25,,,,,
1821,1792.13,4241.96,5284.3,515.66,273.96,-184.77,-3962.67,-31736.28,1772.68,22646.17,-6624.75,180.26,643.13,-6444.49,-5801.36,,,,,
1831,1829.67,4237.62,5226.19,509.09,262.71,-166.2,-3906.86,-31888.85,1742.9,22679.56,-6593.56,177.67,525.82,-6415.89,-5890.07,,,,,
1841,1812.35,4199.52,5196.13,495.19,259.54,-181.9,-3924.4,-31782.17,1770.64,22747.7,-6674.54,180.98,592.61,-6493.56,-5900.95,,,,,
1851,1778.64,4197.37,5249.71,510.84,280.42,-197.59,-3960.85,-31729.26,1778.99,22705.03,-6702.07,181.83,613.3,-6520.24,-5906.93,,,,,
1861,1764.92,4254.45,5201.88,506.54,274.48,-204.11,-3925.95,-31440.97,1781.69,22697.26,-6974.78,184.8,910.2,-6789.97,-5879.78,,,,,
1871,1815.21,4250.98,5189.33,532.16,267.34,-192.41,-3913.43,-31734.29,1768.83,22683.16,-6686.47,182.44,666.88,-6504.03,-5837.15,,,,,
1881,1770.82,4186.85,5262.82,490.34,284.24,-182.97,-3916.12,-31943.06,1751.54,22715.47,-6546.59,179.51,419.92,-6367.08,-5947.16,,,,,
1891,1822.37,4332.84,5280.66,521.8,302.69,-170.02,-3969.69,-31800.93,1713.84,22646.64,-6590.84,179.55,680.2,-6411.29,-5731.08,,,,,
1901,1810.13,4193.11,5231.7,504.24,278.34,-224.12,-3909.52,-31658.09,1762.81,22685.4,-6744.67,179.75,674,-6564.93,-5890.92,,,,,
1911,1835.76,4242.9,5236.81,503.98,252.48,-202.38,-3947.17,-31769.06,1763.65,22707.84,-6612.68,178.32,624.8,-6434.36,-5809.56,,,,,
1921,1850.23,4209.6,5179.6,522.27,282.11,-220.05,-3919.56,-31765.91,1748.91,22752.28,-6716.68,179.45,639.47,-6537.24,-5897.77,,,,,
1931,1767.55,4350.49,5229.99,503.7,259.7,-223.15,-3902.6,-31743.46,1741.81,22671.83,-6698.09,181.37,655.86,-6516.73,-5860.87,,,,,
1941,1823.98,4243.37,5215.18,502.32,274.85,-212.2,-3954.45,-31704.3,1774.46,22652.16,-6701.92,180.65,615.39,-6521.27,-5905.89,,,,,
1951,1844.4,4242.6,5245.44,497.85,253.99,-220.65,-3969.74,-31708.08,1767.16,22703.59,-6700.84,180.36,656.56,-6520.48,-5863.92,,,,,
1961,1772.45,4229.47,5215.26,510.8,271,-198.94,-3904.07,-31646.69,1748.65,22694.27,-6793.03,178.38,692.2,-6614.65,-5922.45,,,,,
1971,1730.75,4256.82,5221.19,485.72,267.58,-187.13,-3901.4,-31623.86,1759.77,22681.61,-6816.53,181.97,691.04,-6634.56,-5943.52,,,,,
1981,1829.38,4204.71,5215.8,518.18,292.53,-193.8,-3913.05,-31874.62,1750.71,22707.82,-6576.52,178.57,537.66,-6397.95,-5860.28,,,,,
1991,1798.69,4252.81,5224.53,501.03,275.65,-183.76,-3944.61,-31663.58,1753.1,22699.8,-6745.2,179.45,713.67,-6565.75,-5852.08,,,,,
2001,1765.02,4153.03,5243.11,491.73,278.55,-200.97,-3934.92,-31831.31,1774.77,22833.59,-6680.16,177.67,572.63,-6502.49,-5929.86,,,,,
2011,1816.28,4258.6,5232.85,504.23,260.29,-186.28,-3966.15,-31820.21,1783.02,22622.88,-6565.91,173.2,505.5,-6392.71,-5887.21,,,,,
2021,1873.6,4200.89,5250.16,500.96,293.26,-188.66,-3970.72,-31820.23,1745.32,22676.03,-6586.36,174.91,560.61,-6411.45,-5850.84,,,,,
2031,1848.62,4154.22,5247.39,509.06,263.79,-197.52,-3933.18,-31728.78,1743.09,22641.29,-6650.22,179.29,548,-6470.92,-5922.93,,,,,
2041,1851.08,4199.69,5238.54,531.38,267.87,-205.33,-3952.46,-31777.93,1765.44,22711.5,-6695.36,177.75,629.78,-6517.61,-5887.82,,,,,
2051,1819.8,4214.89,5169.6,506.86,268.76,-185.91,-3969.87,-31537,1768.96,22603.49,-6781.96,177.57,659.57,-6604.38,-5944.81,,,,,
2061,1873.13,4291.33,5214.13,501.16,294,-203.25,-3882.04,-32003.4,1753.41,22697.36,-6500.59,178.32,535.83,-6322.27,-5786.44,,,,,
2071,1822.03,4273.26,5195.75,513.07,275.37,-201.74,-3880.62,-31992.37,1746.74,22719.69,-6517.16,181.5,471.19,-6335.67,-5864.48,,,,,
2081,1737.34,4167.67,5250.01,493.75,289.87,-179.06,-3943.87,-31838.58,1774.86,22668.17,-6560.64,174.29,420.16,-6386.34,-5966.18,,,,,
2091,1700.91,4246.38,5249.91,516.09,289.42,-212.98,-3987.41,-31749.98,1752.12,22745.59,-6651.84,172.99,550.06,-6478.86,-5928.79,,,,,
2101,1774.49,4241.16,5242.57,520.71,280.56,-201.02,-3908.97,-31646.04,1756.68,22628.19,-6738.54,176.29,688.33,-6562.25,-5873.92,,,,,
2111,1844.61,4300.32,5193.52,523.99,264.39,-203.17,-3980.16,-31618.43,1754.17,22581.93,-6710.32,176.33,661.18,-6533.98,-5872.81,,,,,
2121,1839.82,4264.61,5207.26,509.31,300.78,-187.62,-4000.99,-31651.4,1765.97,22620.25,-6645.38,174.74,667.98,-6470.64,-5802.65,,,,,
2131,1869.69,4190.34,5197.42,512.07,268.7,-187.87,-3936.18,-31730.78,1723.45,22661.43,-6699.88,181.97,568.27,-6517.92,-5949.65,,,,,
2141,1874.16,4223.08,5209.67,509.33,277.07,-179.84,-3915.27,-31513.88,1732.38,22535.61,-6796.14,178.52,752.31,-6617.62,-5865.31,,,,,
2151,1815.46,4148.53,5211.81,509.21,273.79,-181.87,-4022.93,-31489.97,1781.13,22638.74,-6807.75,176.66,683.9,-6631.09,-5947.19,,,,,
2161,1823.11,4243.32,5251.34,520.83,269.69,-191.66,-3940.11,-31671.55,1748.68,22615.95,-6686.98,178.86,669.6,-6508.13,-5838.53,,,,,
2171,1784.85,4290.82,5235.23,518.71,267.29,-200.26,-3945.34,-31732.02,1751.3,22711.4,-6650.35,180.22,681.98,-6470.12,-5788.14,,,,,
2181,1779.04,4158.38,5238.19,497.2,294.34,-184,-3972.33,-31719.66,1771.61,22663,-6674.85,180.7,525.77,-6494.16,-5968.38,,,,,
2191,1816.42,4258.93,5264.12,520,278.18,-191.17,-3900.89,-31715.45,1767.87,22676.18,-6705.47,181.58,774.21,-6523.89,-5749.68,,,,,
2201,1859.91,4249.58,5263.52,494.58,266.15,-201.37,-3956.88,-31627.81,1723.48,22546.62,-6670.24,181.35,617.78,-6488.89,-5871.11,,,,,
2211,1792.12,4310.33,5266.84,505.74,268.47,-209.74,-3929.36,-31780.08,1739.1,22593.52,-6620.55,181.74,556.93,-6438.81,-5881.88,,,,,
2221,1841.55,4190.42,5227.26,503.05,281.19,-188.47,-3974.51,-31751.89,1749.38,22616.46,-6588.69,178.49,494.43,-6410.2,-5915.77,,,,,
2231,1801.51,4264.74,5233.72,513.68,275.74,-194.34,-3937.99,-31873.54,1729.09,22654.46,-6527.2,182.36,467.08,-6344.84,-5877.76,,,,,
2241,1767.48,4199.57,5233.77,499.54,261.82,-213.87,-3947.44,-31800.71,1747.55,22678.48,-6582.93,177.44,426.19,-6405.5,-5979.31,,,,,
2251,1801.09,4271.36,5218.45,507.87,272.88,-202.29,-3942.34,-31675.06,1793.47,22535.09,-6642.18,177.53,580.53,-6464.65,-5884.12,,,,,
2261,1775.98,4286.19,5219.34,508.63,262.72,-195.36,-3923.84,-31865.78,1750.48,22584.78,-6471.32,179.42,403.13,-6291.9,-5888.77,,,,,
2271,1744.48,4217.25,5193.83,508.62,272.55,-180.68,-3942.87,-31772.94,1775.75,22656.09,-6578.11,179.75,472.08,-6398.36,-5926.28,,,,,
2281,1867.67,4312.19,5240.66,523.58,284.07,-233.31,-3902.11,-31689.14,1749.66,22616.07,-6671.26,181.47,769.35,-6489.79,-5720.43,,,,,
2291,1828.64,4219.18,5234.11,514.35,271.44,-208.19,-3968.46,-31644.52,1726.69,22694.73,-6752.52,181.1,667.96,-6571.42,-5903.46,,,,,
2301,1838.4,4262.9,5229.96,525.69,273.6,-197.99,-3937.02,-31688.73,1739.33,22516.39,-6612.56,179.88,562.53,-6432.68,-5870.15,,,,,
2311,1739.95,4304.59,5176.49,509.26,279.85,-204.95,-3874.68,-31724.24,1789.22,22528.56,-6564.8,182.47,524.04,-6382.32,-5858.29,,,,,
2321,1818.52,4266.75,5222.03,498.73,236.23,-198.21,-3940.99,-31940.1,1762.87,22521.2,-6408.85,176.13,247.02,-6232.72,-5985.7,,,,,
2331,1845.97,4113.03,5231.28,510.05,282.56,-217.38,-3927.27,-31743.7,1722.44,22572.51,-6630.81,182.81,389.51,-6447.99,-6058.48,,,,,
2341,1733.82,4215.97,5224.75,507.72,286.65,-196.99,-3917.43,-31856.6,1788.05,22586.5,-6549.41,179.79,372.44,-6369.63,-5997.19,,,,,
2351,1846.92,4232.21,5211.87,517.05,262.7,-213.65,-3937.02,-31840.2,1742.38,22582.01,-6532.32,178.97,404.27,-6353.35,-5949.08,,,,,
2361,1824.94,4278.34,5287.11,522.55,282.14,-196.65,-3950.5,-31758.61,1714.2,22617.07,-6614.27,181.11,620.59,-6433.16,-5812.57,,,,,
2371,1816.71,4152.33,5245.29,503.63,274.13,-197.88,-3953.94,-32129.35,1782.52,22694.31,-6352.22,174.9,187.75,-6177.32,-5989.57,,,,,
2381,1840.83,4336.91,5208.35,501.19,273.49,-207.66,-3920.24,-31834.35,1735.17,22492.25,-6477.46,182.42,425.94,-6295.04,-5869.1,,,,,
2391,1799.47,4229.18,5254.58,503.56,276.67,-198.58,-3952.46,-32015.68,1758.59,22635,-6372.54,178.57,290.35,-6193.97,-5903.62,,,,,
2401,1846.69,4238.75,5199.62,495.22,283.6,-189.36,-3900.2,-31780.04,1763.88,22521.69,-6537.29,183.45,479.84,-6353.84,-5874,,,,,
2411,1769.82,4188.13,5251.62,502.24,255.82,-204.11,-3927.78,-31918.99,1748.47,22630.23,-6451.29,178.79,295.45,-6272.5,-5977.05,,,,,
2421,1858.86,4233.88,5296.96,513.44,289.35,-211.64,-3939.26,-31977.24,1758.08,22635.33,-6456.81,178.23,457.75,-6278.58,-5820.83,,,,,
2431,1807.19,4325.68,5220.01,502.9,270.69,-196.61,-3930.48,-31969.09,1769.98,22571.89,-6418.48,177.36,372.16,-6241.12,-5868.96,,,,,
2441,1822.05,4188.91,5239.84,506.18,274.95,-180.74,-3935.09,-31831.91,1722.69,22660.27,-6595.4,179.26,467.16,-6416.14,-5948.98,,,,,
2451,1753.72,4171.7,5268.9,515.79,280.47,-193.82,-3929.54,-32010.75,1785.89,22766.81,-6462.85,177.79,409.16,-6285.05,-5875.89,,,,,
2461,1819.21,4202.98,5253.01,507.8,291.86,-201.4,-3959.33,-31845.4,1746.4,22583,-6489.26,178.9,398.15,-6310.37,-5912.22,,,,,
2471,1822.65,4281.54,5235.37,498.7,279.28,-175.38,-3936.06,-31930.05,1730.01,22593.84,-6437.55,177.47,399.9,-6260.08,-5860.18,,,,,
2481,1761.38,4235.03,5239.32,515.96,279.71,-203.49,-3933.97,-31775.66,1759.13,22604.69,-6609.19,181.37,482.1,-6427.83,-5945.73,,,,,
2491,1815.09,4294.59,5194.04,508.23,252.13,-175.69,-4004.6,-31679.82,1733.46,22594.9,-6708.96,177.61,532.32,-6531.35,-5999.04,,,,,
2501,1768.28,4261.19,5267.87,506.94,290.11,-196.2,-3927.44,-31667.28,1800.31,22620.83,-6670.05,181.91,724.62,-6488.14,-5763.53,,,,,
2511,1802.91,4202.96,5230.23,502.71,278.33,-172.15,-3911.36,-31905.96,1775.24,22693.29,-6509.5,178.39,496.2,-6331.1,-5834.9,,,,,
2521,1775.27,4202.71,5250.92,522.58,280.12,-191.13,-3922.99,-31912.74,1751.86,22571.31,-6492.89,181.59,327.91,-6311.31,-5983.4,,,,,
2531,1744.4,4180.02,5253.97,490.41,258,-172.85,-3943.81,-31915.4,1806.15,22710.49,-6515.75,179.83,411.38,-6335.92,-5924.54,,,,,
2541,1797.73,4332.68,5212.47,515.42,276.47,-206.16,-3923.21,-31876.29,1771.29,22663.85,-6582.05,180.35,564.24,-6401.7,-5837.46,,,,,
2551,1815.76,4241.55,5248.51,504.66,288.52,-200.83,-3915.1,-31963.28,1755.13,22646.72,-6509.5,178.85,421.63,-6330.65,-5909.03,,,,,
2561,1761.47,4249.1,5216.31,495.87,269.95,-183.03,-3922.46,-31993.79,1759.83,22719.83,-6474.45,177.32,373.07,-6297.13,-5924.06,,,,,
2571,1864.96,4213,5244.51,508.88,289.3,-181.09,-3870.66,-31856.77,1725.26,22608.33,-6571.92,181.91,545.72,-6390.02,-5844.3,,,,,
2581,1825.32,4147.21,5242.72,516.93,298.85,-180.1,-3902.32,-32022.19,1758.51,22633.41,-6436.27,181.24,318.32,-6255.03,-5936.71,,,,,
2591,1790.16,4127.57,5255.93,495.85,267.9,-196.06,-3923.61,-31855.94,1785.33,22685.15,-6570.45,178.5,432.27,-6391.95,-5959.68,,,,,
2601,1808.72,4226.57,5235.02,517.5,281.93,-214.16,-3912.01,-31864.11,1758.52,22646.17,-6614.96,179.15,484.15,-6435.8,-5951.66,,,,,
2611,1815.53,4211.83,5258.83,512.32,266.94,-202.4,-3916.81,-32021.94,1733.05,22747.61,-6482.81,182.7,404.93,-6300.11,-5895.18,,,,,
2621,1803.94,4214.54,5228.4,503.05,268.99,-177.29,-3894.47,-32043.2,1754.42,22690.37,-6446.09,183.36,348.76,-6262.73,-5913.97,,,,,
2631,1772.77,4257.5,5186.22,497.05,283.33,-193.51,-3937.61,-31884.05,1769.61,22784.32,-6623.68,180.85,535.63,-6442.83,-5907.2,,,,,
2641,1795.41,4266.21,5279.04,507.67,266.16,-202.14,-3940.48,-31965.32,1760.14,22757.14,-6547.31,183.74,523.82,-6363.57,-5839.75,,,,,
2651,1838.39,4222.4,5294.51,524.82,292.48,-204.47,-3903.86,-31866.16,1737.22,22666.74,-6597.31,183.99,602.06,-6413.32,-5811.26,,,,,
2661,1891.11,4186.47,5224.45,505.39,297.88,-165.87,-3912.8,-31914.42,1756.14,22632.32,-6531.67,179.87,500.68,-6351.79,-5851.12,,,,,
2671,1830.11,4305.91,5210.94,504.27,274.08,-179.54,-3971.27,-31614.85,1754.44,22685,-6782.57,184.06,799.08,-6598.52,-5799.43,,,,,
2681,1816.31,4217.58,5254.2,505.89,272.8,-163.02,-3878.04,-31724.42,1760.26,22657.34,-6668.4,182.1,718.89,-6486.3,-5767.41,,,,,
2691,1794.23,4237.81,5230.66,505.48,254.33,-199.97,-3958.92,-31719.87,1745.27,22658.94,-6682.99,184.24,547.95,-6498.76,-5950.8,,,,,
2701,1837.46,4254.21,5207.46,505.93,268.99,-179.63,-3935.67,-31769.99,1718.76,22570.38,-6597.55,183.73,477.89,-6413.82,-5935.93,,,,,
2711,1781.63,4229.25,5214.95,512.64,264,-192.79,-3911.4,-31727.09,1760.61,22684.4,-6747.95,187.57,616.2,-6560.38,-5944.18,,,,,
2721,1775.02,4257.37,5219.44,514.03,290.68,-188.03,-3940.7,-31856.91,1754.25,22650.11,-6555.35,181.63,475.27,-6373.72,-5898.45,,,,,
2731,1836.65,4293.78,5176.18,522.5,271.66,-182.48,-3946.1,-32039.92,1762.54,22700.37,-6423.11,177.27,395.17,-6245.83,-5850.67,,,,,
2741,1785,4248.69,5190.2,501.62,262.45,-192.09,-3937.51,-31861.38,1760.07,22654.98,-6580.74,180.41,412.05,-6400.33,-5988.29,,,,,
2751,1863.31,4262.19,5229.98,491.49,262.66,-180.59,-3923.15,-31854.71,1739.91,22589.45,-6489.1,179.17,480.55,-6309.93,-5829.38,,,,,
2761,1752.85,4215.07,5239.81,505.85,279.37,-173.52,-3927.23,-31839.62,1744.38,22760.54,-6616.02,179.15,557.5,-6436.87,-5879.37,,,,,
2771,1807.29,4281.84,5237.03,528.4,303.17,-198.36,-3932.21,-32151.26,1757.23,22668.62,-6306.48,181.44,301.75,-6125.04,-5823.29,,,,,
2781,1853.06,4307.77,5207.88,515.18,266.04,-195.61,-3934.42,-31968.03,1710.16,22610.16,-6445.48,180.39,372.18,-6265.09,-5892.91,,,,,
2791,1801.08,4230.74,5242.9,509.81,281.38,-209.21,-3949.39,-32039.4,1744.12,22591.38,-6365.83,181.5,203.4,-6184.33,-5980.93,,,,,
2801,1832.76,4246.42,5229.24,519.07,277.95,-207.71,-3897.16,-32119.47,1737.56,22717.83,-6436.36,184.34,336.5,-6252.03,-5915.52,,,,,
2811,1867.09,4242.03,5250.96,513.97,281.22,-183.62,-3926.39,-32000.48,1752.54,22689.79,-6444.1,180.01,487.09,-6264.09,-5777,,,,,
2821,1820.98,4326.2,5240.78,512.25,287.29,-178.84,-3912.27,-32012.93,1720.52,22643.72,-6438.35,181.03,447.68,-6257.32,-5809.64,,,,,
2831,1815.89,4215.82,5240.34,497.83,290.99,-189.38,-3907,-31711.21,1744.13,22667.1,-6728.95,184.81,664.51,-6544.15,-5879.64,,,,,
2841,1844.69,4295.32,5268,510.33,271.29,-230.36,-3858.19,-31858.54,1743.32,22706.66,-6673.44,185.59,692.53,-6487.85,-5795.32,,,,,
2851,1782.87,4239.11,5224.68,504.14,268.46,-193.82,-3911.36,-31906.52,1736.93,22771.33,-6603.24,181.68,515.83,-6421.56,-5905.73,,,,,
2861,1788.03,4177.81,5244.06,513.15,273.32,-198.57,-3854.8,-31808,1791.07,22763.77,-6729.9,185.33,689.82,-6544.57,-5854.74,,,,,
2871,1797.71,4139.09,5208.45,506.51,278.98,-185.17,-3892.42,-31891.96,1764.12,22726.97,-6587.07,186.01,452.29,-6401.06,-5948.77,,,,,
2881,1783.82,4250.04,5246.53,512.5,275.68,-196.83,-3888.83,-31678.66,1749.97,22704.27,-6819.28,183.04,758.49,-6636.24,-5877.74,,,,,
2891,1822.06,4274.1,5184.63,503.65,254.1,-180.4,-3891.47,-31832.72,1738.94,22742.91,-6669.24,181.78,615.81,-6487.46,-5871.65,,,,,
2901,1819.99,4258.9,5238.12,511.69,282.51,-197.63,-3877.23,-31785.81,1728.41,22665.23,-6659.06,183.69,644.18,-6475.37,-5831.2,,,,,
2911,1861.86,4218.34,5255.65,505.46,289.27,-200.3,-3907.1,-31594.56,1721,22663.56,-6849.75,187.13,813.2,-6662.62,-5849.43,,,,,
2921,1848.07,4168.21,5211.73,500.89,279.62,-179.85,-3922.55,-31703.4,1744.21,22683.58,-6747.65,183.56,630.51,-6564.08,-5933.58,,,,,
2931,1841.15,4192.49,5204.67,513.7,281.54,-195.07,-3879.56,-31720.59,1714.81,22664.08,-6713.27,180.63,617.22,-6532.64,-5915.43,,,,,
2941,1813.67,4258.4,5225.57,512.3,266.45,-185.29,-3888.7,-31866.16,1735.05,22622.19,-6560.31,183.78,493.49,-6376.53,-5883.03,,,,,
2951,1841.16,4233.62,5231.28,504.7,264.83,-176.26,-3890.51,-31855.19,1739.36,22790.49,-6648.75,179.95,683.48,-6468.8,-5785.32,,,,,
2961,1789.01,4290.26,5247.15,515.75,282.36,-198.33,-3913.88,-31894.16,1745.49,22738.11,-6650.95,177.95,601.77,-6473,-5871.23,,,,,
2971,1812.59,4252.85,5209.67,506.81,283.44,-192.62,-3899.61,-31915.62,1734.84,22747.03,-6613.95,182.48,539.38,-6431.47,-5892.1,,,,,
2981,1841.36,4245.72,5246.58,513.2,270.31,-209.84,-3809.4,-31906.08,1759.52,22668.48,-6639.95,188.49,619.85,-6451.46,-5831.61,,,,,
2991,1826.77,4202.03,5273.61,516.97,275.21,-192.99,-3885.38,-32051.52,1769.67,22810.75,-6547,183.42,545.11,-6363.58,-5818.46,,,,,
3001,1863.95,4263.22,5303.25,520.01,270.53,-199.26,-3908.42,-31907.46,1760.05,22758.95,-6600.35,183.69,724.82,-6416.66,-5691.84,,,,,
3011,1840.58,4223.27,5241.37,508.95,252.55,-188.55,-3861.17,-31979.12,1736.88,22790.29,-6555.73,181.28,565.05,-6374.45,-5809.4,,,,,
3021,1796.47,4254.74,5215.01,511.8,285.64,-193.54,-3900.1,-31835.35,1732.65,22678.44,-6623.38,178.14,545.76,-6445.24,-5899.48,,,,,
3031,1831.47,4245.66,5240.86,514.24,277.06,-218.49,-3879.36,-31927.76,1745.87,22730.82,-6589.99,181.51,560.38,-6408.47,-5848.09,,,,,
3041,1798.71,4156.52,5209.72,504.16,275.4,-196.47,-3865.45,-31964.3,1787.03,22751.45,-6569.26,182.12,456.79,-6387.14,-5930.35,,,,,
3051,1848.23,4209.85,5206.86,500.32,288.79,-179.38,-3893.82,-31869.41,1763.06,22671.36,-6604.35,180.88,545.86,-6423.47,-5877.61,,,,,
3061,1826.17,4272.94,5232.95,518.85,277.8,-215.78,-3860.41,-31796.41,1742.14,22644.18,-6674.42,186.05,642.43,-6488.38,-5845.94,,,,,
3071,1879.23,4232.9,5274.7,513.45,290.04,-190.55,-3906.6,-31890.37,1739.88,22736.49,-6628.28,183.97,679.18,-6444.31,-5765.13,,,,,
3081,1858.81,4315.26,5192.55,521.82,267.64,-185.67,-3883.32,-31873.96,1769.1,22556.8,-6525.94,186.89,539.03,-6339.06,-5800.03,,,,,
3091,1816.97,4175.64,5222.49,522.75,287.98,-198.38,-3913.45,-31984.78,1760.64,22784.36,-6558.76,184.75,474.23,-6374.01,-5899.78,,,,,
3101,1849.55,4294.14,5239.65,496.53,276.23,-206.67,-3906.77,-31673.03,1742.31,22589.89,-6676.42,181.48,701.84,-6494.94,-5793.1,,,,,
3111,1802.68,4205.07,5266.02,506.14,283.09,-225.24,-3896.52,-31638.62,1781.9,22595.08,-6722.24,181.57,679.61,-6540.68,-5861.07,,,,,
3121,1776.68,4240.11,5240.76,487.82,266.2,-220.7,-3898.77,-31669.74,1786.58,22624.68,-6763.33,181.15,633.62,-6582.17,-5948.56,,,,,
3131,1803.75,4272.35,5194.86,497.39,293.34,-210.25,-3830.48,-31766.12,1763.35,22763.48,-6777.99,187.47,781.68,-6590.52,-5808.83,,,,,
3141,1837.23,4270.61,5220.56,527.58,283.2,-195.6,-3928.76,-31581.6,1743.15,22546.4,-6783.29,184.4,722.77,-6598.89,-5876.12,,,,,
3151,1871.04,4178.59,5232.86,509.87,271.15,-210.4,-3909.11,-31753.69,1723.34,22552.74,-6630.83,183.34,466.4,-6447.49,-5981.09,,,,,
3161,1874.92,4241.86,5236.08,527.72,291.75,-223.54,-3915.57,-31647.71,1732.78,22663.89,-6774.43,184.83,782.19,-6589.6,-5807.41,,,,,
3171,1831.39,4240.01,5232.61,509.75,278.53,-213.92,-3943.11,-31484.31,1759.88,22694.35,-6923.8,187.55,905.17,-6736.25,-5831.08,,,,,
3181,1825.7,4242.22,5279.4,509,268.19,-202.87,-3897,-31535.69,1770.26,22743.54,-6929.84,187.15,1002.75,-6742.69,-5739.93,,,,,
3191,1772.24,4240.53,5212.43,503.47,293.14,-212.26,-3899.2,-31551.98,1789.54,22682.86,-6876.38,181.72,830.77,-6694.66,-5863.89,,,,,
3201,1811.52,4207.44,5270.55,507.21,285.83,-190.85,-3936.56,-31718.17,1789.01,22687.85,-6746.71,179.95,713.82,-6566.77,-5852.95,,,,,
3211,1804.75,4277.1,5240.04,512.17,283.31,-230.15,-3873.73,-31701.99,1747.23,22619.64,-6730.03,183.64,678.39,-6546.39,-5868,,,,,
3221,1826.37,4288.94,5206.41,515.59,258.73,-203.49,-3891.84,-31596.93,1783.29,22748.15,-6872.41,185.24,935.23,-6687.18,-5751.95,,,,,
3231,1865.83,4302.59,5200.06,510.15,287.23,-220.77,-3955.94,-31501.6,1727.63,22602.33,-6868.96,182.32,817.51,-6686.64,-5869.13,,,,,
3241,1801.32,4131.68,5244.04,491.22,266.34,-218.7,-3898.32,-31577.59,1787.4,22725.89,-6866,184.63,753.29,-6681.37,-5928.08,,,,,
3251,1792.61,4187.31,5264.05,502.73,259.91,-213.55,-3894.64,-31495.4,1754.89,22653.73,-6872.72,182.93,811.65,-6689.79,-5878.15,,,,,
3261,1807.79,4187.57,5264.85,506.55,283.2,-198.07,-3957.53,-31578.65,1762.33,22683.22,-6833.37,180.2,761.28,-6653.17,-5891.89,,,,,
3271,1751.15,4255.3,5243.51,508.21,276.02,-197.72,-3940.51,-31608.41,1740.11,22656.62,-6824.76,180.6,684.28,-6644.16,-5959.88,,,,,
3281,1786.79,4229.23,5226.33,510.89,264.6,-190.89,-3887.36,-31645.17,1782.15,22589.57,-6768.39,182.25,666.14,-6586.14,-5920,,,,,
3291,1782.33,4250.94,5245.2,518.33,285.3,-202.58,-3891.86,-31503.57,1769.13,22637.49,-6890.25,186.82,890.71,-6703.43,-5812.72,,,,,
3301,1806.06,4228.45,5230.18,504.53,279.5,-201.18,-3927.32,-31574.66,1755.52,22739.91,-6854.94,179.31,841,-6675.62,-5834.62,,,,,
3311,1803.33,4247.59,5215.8,516.47,281.3,-221.89,-3904.76,-31625.01,1767.04,22661.98,-6803.71,184.7,741.84,-6619.01,-5877.17,,,,,
3321,1789.43,4249.35,5303.58,522.11,269.04,-189.08,-3940.66,-31624.55,1738.32,22553.89,-6717.81,182.23,671.44,-6535.58,-5864.14,,,,,
3331,1911.48,4274.58,5264.55,523.44,276.03,-207.99,-3898.74,-31729.11,1742.39,22721.64,-6774.85,183.12,878.27,-6591.73,-5713.45,,,,,
3341,1826.53,4306.65,5246.31,520.65,273.28,-196.64,-3908,-31698.75,1753.24,22692.99,-6738.71,180.77,816.24,-6557.93,-5741.69,,,,,
3351,1846.79,4190.56,5253.61,514.14,289.5,-187.88,-3899.48,-31639.17,1742.31,22676.86,-6828.33,182.14,787.25,-6646.19,-5858.94,,,,,
3361,1775.18,4221.94,5260.58,522.79,284.02,-196.7,-3896.15,-31577.52,1750.48,22578.28,-6787.58,183.39,722.92,-6604.19,-5881.28,,,,,
3371,1778.3,4226.77,5239.71,511.71,268.59,-188.83,-3881.81,-31775.26,1778.74,22730.41,-6702.28,182.4,688.33,-6519.88,-5831.55,,,,,
3381,1822.46,4257.98,5190.54,508.53,292.25,-178.65,-3908.01,-31914.46,1722.02,22686.46,-6568.52,180.25,479.11,-6388.27,-5909.16,,,,,
3391,1850.06,4208.97,5212.24,512.07,275.06,-182.81,-3975.35,-31950.33,1727.63,22642.33,-6485.6,176.33,319.88,-6309.27,-5989.39,,,,,
3401,1862.63,4216.62,5271.32,515.51,269.66,-196.98,-3931.57,-31876.02,1761.81,22584.07,-6518.73,176.21,477.05,-6342.52,-5865.47,,,,,
3411,1861.54,4198.45,5226.57,512.26,249.42,-200.78,-3963.48,-31781.94,1758.37,22648.46,-6616.74,180.58,508.88,-6436.17,-5927.29,,,,,
3421,1879.02,4218.49,5232.26,509.52,263.62,-219.55,-3960.94,-31857.7,1726.64,22619.28,-6523.96,178.32,410.62,-6345.64,-5935.02,,,,,
3431,1817.94,4176.34,5219.84,496.72,300.76,-193.81,-3949.64,-31772.88,1756.27,22626.46,-6630.82,179.92,478,-6450.9,-5972.9,,,,,
3441,1831.3,4244.62,5267.58,504.37,271.12,-208.31,-3907.74,-32103.96,1780.16,22748.44,-6461.45,177.46,427.58,-6283.98,-5856.4,,,,,
3451,1834.31,4306.78,5211.73,529.39,281.67,-205.54,-3890.8,-31957.84,1741.62,22684.06,-6536.4,180.65,535.38,-6355.74,-5820.36,,,,,
3461,1790.44,4337.91,5238.17,512.87,275.37,-191.7,-3991.74,-31848.98,1740.93,22695.84,-6574.45,176.65,559.12,-6397.81,-5838.68,,,,,
3471,1841.26,4216.94,5249.74,499.62,281.42,-180.38,-3953.82,-31801.42,1758.01,22456.38,-6498.07,180.31,367.74,-6317.76,-5950.03,,,,,
3481,1832.29,4275.26,5264.23,523.15,272.58,-189.13,-3946.16,-31867.11,1770.93,22594.41,-6542.04,178.64,530.44,-6363.4,-5832.96,,,,,
3491,1818.6,4263.94,5254.27,518.38,279.37,-211.02,-3961.41,-31928.13,1737.52,22635.85,-6461.17,175.22,407.39,-6285.95,-5878.57,,,,,
3501,1886.1,4216.56,5232.86,511.68,266.97,-222.55,-3957.62,-31965.59,1773.9,22659.66,-6479.7,176.9,401.97,-6302.81,-5900.84,,,,,
3511,1817.06,4253.28,5201.66,507.1,257.88,-189.94,-3927.76,-31937.54,1738.41,22553.66,-6434.3,177.99,273.81,-6256.31,-5982.5,,,,,
3521,1825.79,4209.63,5209.89,497.88,286.6,-176.27,-3928.24,-31778.6,1772.62,22620.09,-6634.91,181.17,539.39,-6453.73,-5914.34,,,,,
3531,1786.53,4228.63,5210.38,509.33,277.38,-180.55,-3961.61,-31848.29,1746.74,22663.12,-6563.75,181.85,431.67,-6381.9,-5950.24,,,,,
3541,1789.65,4231.69,5193.55,512.61,272.15,-191.72,-3900.71,-31743.8,1784.54,22625.02,-6664.87,180.01,572.97,-6484.86,-5911.9,,,,,
3551,1788.05,4264.14,5211.01,515.41,269.95,-172.92,-3890.63,-31996.78,1743.45,22735.34,-6560.38,182.73,467.02,-6377.65,-5910.64,,,,,
3561,1876.48,4256.3,5241.09,501.95,285.44,-184.31,-3934.9,-31840,1740.45,22643.59,-6608.53,185.48,586.08,-6423.05,-5836.97,,,,,
3571,1828.59,4219.27,5238.13,508.43,291.88,-202.01,-3903.23,-31899.92,1775.94,22729.25,-6608.76,182.94,586.32,-6425.82,-5839.5,,,,,
3581,1783.19,4210.22,5248.29,521.4,276.9,-181.94,-3941.86,-31891.23,1759.4,22804.2,-6616.32,181.51,588.56,-6434.8,-5846.24,,,,,
3591,1913.95,4217.53,5218.13,508.62,269.62,-181.36,-3908.12,-31882.62,1753.12,22642.04,-6582.05,183.75,550.93,-6398.3,-5847.37,,,,,
3601,1788.95,4264.82,5278.55,492.83,273.95,-194.82,-3926.75,-31958.23,1732.18,22651.69,-6506.47,183.75,403.17,-6322.71,-5919.54,,,,,
3611,1796.43,4214.8,5231.55,509.37,278.67,-195.06,-3890.54,-31990.25,1784.71,22727.52,-6510.36,187.07,467.2,-6323.29,-5856.09,,,,,
3621,1820.37,4255.98,5196.09,523.05,266.12,-222.49,-3908.8,-31903.78,1728.58,22622.5,-6526.94,180.89,377.61,-6346.05,-5968.44,,,,,
3631,1845.1,4281.57,5227.66,524.29,273.75,-195.31,-3946.81,-31730.57,1733.75,22534.84,-6653.02,180.19,548.27,-6472.83,-5924.56,,,,,
3641,1873.56,4135.51,5178.99,501.29,269.21,-194.69,-3932.6,-31781.96,1751.86,22693.35,-6681.25,182.37,494.53,-6498.87,-6004.35,,,,,
3651,1776.89,4246.59,5183.82,505.07,270.78,-180.42,-3955.25,-31786.41,1756.9,22591.89,-6579.43,182.17,409.86,-6397.26,-5987.4,,,,,
3661,1793.37,4322.3,5244.8,504.15,291.88,-174.49,-3952.06,-31862.8,1751.86,22549.39,-6486.93,174.57,468.4,-6312.37,-5843.97,,,,,
3671,1848.7,4244.14,5187.86,518.65,272.88,-172.83,-3917.28,-31914.38,1763.52,22570.91,-6488.53,178.19,402.18,-6310.34,-5908.16,,,,,
3681,1785.44,4199.25,5172.62,494.75,265.83,-180.98,-3927.57,-31720.37,1746.01,22532.28,-6582.61,183.58,367.26,-6399.03,-6031.77,,,,,
3691,1813.74,4331.67,5191.87,508.9,289.21,-192.81,-3973.59,-31850.69,1758.98,22566.15,-6477.45,174.73,443.44,-6302.71,-5859.28,,,,,
3701,1838.85,4245.16,5183.54,504.35,269.54,-182.01,-3976.92,-31798.95,1779.14,22567.84,-6517.88,179.88,430.54,-6338,-5907.45,,,,,
3711,1789.37,4211.73,5227.45,522.25,275.66,-165.45,-3984.15,-32015.42,1771.35,22748.37,-6490.54,176.97,381.16,-6313.57,-5932.41,,,,,
3721,1854.72,4159.58,5192.12,506.21,293.08,-182.85,-3924.11,-31975.62,1759.78,22581.48,-6428.56,177.52,264.4,-6251.04,-5986.64,,,,,
3731,1791.13,4206.48,5193.55,508.34,275.34,-183.31,-3919.65,-31963.11,1744.28,22637.56,-6482.39,185.61,290.61,-6296.78,-6006.16,,,,,
3741,1844.62,4212.77,5180.77,497.84,280.53,-154.88,-3905.06,-31970.35,1741.86,22726.04,-6543.14,186.71,454.14,-6356.42,-5902.28,,,,,
3751,1792.79,4207.64,5214.57,491.44,286.46,-199.3,-3864.82,-31909.94,1751.48,22771.8,-6640.06,189.33,542.1,-6450.73,-5908.62,,,,,
3761,1829.8,4177.91,5212.82,525.41,278.55,-195.16,-3905.12,-31799.87,1779.36,22592.58,-6632.57,184.72,496.28,-6447.86,-5951.58,,,,,
3771,1792.61,4277.47,5174.55,522.23,278.99,-173.63,-3953.66,-31789.42,1779.2,22590.3,-6560.99,174.16,498.65,-6386.83,-5888.18,,,,,
3781,1852.62,4176.1,5224.35,519.18,277.07,-178.69,-3895.18,-31906.16,1750.97,22664.43,-6571.72,185.42,484.68,-6386.3,-5901.62,,,,,
3791,1815.24,4274.56,5186.69,506.45,284.51,-196.07,-3911.68,-32085.75,1749.4,22761.98,-6459.45,183.84,385.33,-6275.61,-5890.28,,,,,
3801,1811.88,4147.29,5175.94,502.93,281.17,-187.72,-3911.25,-32072.1,1777.16,22688.76,-6459.09,179.47,214.06,-6279.62,-6065.56,,,,,
3811,1782,4245.39,5198.87,497.26,299.29,-174.6,-3866.58,-31810.96,1770.13,22576.63,-6609.94,182.79,517.45,-6427.15,-5909.7,,,,,
3821,1826.68,4220.16,5232.2,516.51,279.77,-170.72,-3898.11,-31756.62,1768.95,22639.95,-6702.69,185.77,658.77,-6516.91,-5858.15,,,,,
3831,1847.54,4214.85,5185.39,522.8,263.44,-213.66,-3917.22,-31812.08,1765.5,22641.66,-6613.9,183.13,498.23,-6430.77,-5932.54,,,,,
3841,1804.06,4207.07,5223.09,514.97,278.62,-184.34,-3911.41,-31894.61,1772.46,22597.64,-6538.39,182.98,407.56,-6355.41,-5947.85,,,,,
3851,1834.92,4177.53,5218.81,495.66,282.06,-179.55,-3843.08,-31837.2,1782.2,22745.78,-6679.59,185.14,677.13,-6494.45,-5817.32,,,,,
3861,1726.07,4189.3,5209.35,515.27,281.85,-181.56,-3866.47,-31806.77,1755.55,22642.86,-6619.48,188.54,465.47,-6430.95,-5965.48,,,,,
3871,1832.31,4225.62,5226.19,532.21,262.26,-169.42,-3882.56,-31936.48,1793.32,22607.19,-6504.66,183.05,490.64,-6321.61,-5830.97,,,,,
3881,1849.98,4209.63,5208.49,525.26,271.83,-174.71,-3876.68,-31977.36,1754.73,22636.66,-6469.78,183.94,427.83,-6285.85,-5858.02,,,,,
3891,1803.08,4261.85,5162.33,502.84,253.28,-182.35,-3903.58,-31770.06,1762.94,22733.34,-6740.89,184.82,623.66,-6556.07,-5932.41,,,,,
3901,1815.78,4166.55,5198.84,498.49,274.84,-201.95,-3916.4,-31758.07,1785.47,22678.26,-6694,185.62,541.82,-6508.38,-5966.56,,,,,
3911,1890.09,4200.1,5195.08,501.06,290.29,-180.83,-3860.93,-31708.83,1746.39,22564.94,-6729.01,186.61,637.36,-6542.4,-5905.04,,,,,
3921,1778.11,4249.58,5226.19,515.08,271.71,-176.57,-3923.35,-31837.71,1772.49,22710.8,-6631.86,186.99,586.34,-6444.87,-5858.53,,,,,
3931,1833.77,4221.35,5198.72,523.8,273.88,-206.87,-3861.28,-31738.62,1758.53,22532.9,-6647.48,185.55,536.18,-6461.93,-5925.75,,,,,
3941,1857.9,4261.31,5221.32,519.78,285.36,-194.73,-3844.04,-31849.31,1724.29,22598.42,-6578,185.06,580.3,-6392.94,-5812.64,,,,,
3951,1830.62,4205.55,5212.97,483.08,278.12,-180.16,-3830.48,-31866.17,1731.87,22652.19,-6592.09,185.89,517.57,-6406.2,-5888.63,,,,,
3961,1824.55,4211,5217.66,507.36,291.16,-202.08,-3907.76,-31726.23,1721.36,22628.47,-6680.04,187,565.49,-6493.04,-5927.54,,,,,
3971,1847.25,4207.22,5243.41,525.71,277.36,-201.88,-3888.87,-31861.55,1741.29,22624.64,-6558.11,185.83,514.57,-6372.27,-5857.7,,,,,
3981,1825.18,4218.27,5239.24,515.63,265.68,-176.65,-3909.51,-31919.73,1734.27,22614.86,-6547.69,186,407.25,-6361.69,-5954.44,,,,,
3991,1838.59,4160.34,5229.76,497.72,276.2,-182.02,-3885.79,-31856.93,1773.21,22702.88,-6618.3,187.17,553.94,-6431.13,-5877.2,,,,,
4001,1776.92,4197.28,5197.18,498.38,271.49,-168.07,-3880.21,-32015.05,1765.31,22613.19,-6394.09,183.77,256.41,-6210.32,-5953.9,,,,,
4011,1812.83,4203.29,5239.47,516.53,270.53,-180.19,-3863.65,-31855.32,1756.69,22681.14,-6603.9,183.01,581.32,-6420.89,-5839.57,,,,,
4021,1869.8,4159.74,5201.41,505.32,287.13,-183.57,-3867.36,-31812.61,1768.76,22716.32,-6703.7,180.91,644.94,-6522.79,-5877.85,,,,,
4031,1780.85,4175.5,5193.15,496.8,271.95,-177.66,-3857.08,-31871.83,1759.81,22721.65,-6607.71,187.81,493.12,-6419.9,-5926.78,,,,,
4041,1784.06,4216.71,5228.59,500.77,271.73,-183.16,-3896.66,-31727.1,1764.09,22652.08,-6695.04,187.85,611.12,-6507.19,-5896.07,,,,,
4051,1786.45,4213.49,5158.64,511.17,272.09,-194.75,-3872.08,-31734.1,1742.01,22673.59,-6745.67,187.62,556.5,-6558.06,-6001.56,,,,,
4061,1828.23,4310.49,5219.37,503.07,298.14,-203.27,-3835.68,-31795.5,1752.07,22606.46,-6726,184.31,683.39,-6541.68,-5858.3,,,,,
4071,1847.16,4189.93,5245.84,507,285.13,-177.84,-3874.45,-31888.69,1754.41,22726.33,-6661.51,187.77,614.83,-6473.73,-5858.9,,,,,
4081,1849.76,4243.76,5202.21,517.14,277.25,-178.43,-3861.67,-31981.32,1743.46,22706.86,-6572.93,182.96,519.02,-6389.97,-5870.95,,,,,
4091,1767.71,4225.85,5196.96,509.26,257.95,-199.28,-3868.64,-31867.66,1743.37,22752.19,-6705.23,184.8,517.71,-6520.43,-6002.73,,,,,
4101,1840.93,4168.36,5213.42,497,288.83,-202.5,-3857.35,-31790.25,1751.66,22708.82,-6788.79,184.9,618.92,-6603.89,-5984.97,,,,,
4111,1815.39,4298.5,5203.64,518.56,268.31,-210.55,-3859.24,-31531.56,1769.68,22508.01,-6845.72,188.17,780.75,-6657.56,-5876.81,,,,,
4121,1885.88,4302.02,5223.35,517.04,282,-192.29,-3888.03,-31917.58,1766.81,22678.73,-6588.57,186.95,657.93,-6401.62,-5743.69,,,,,
4131,1809.27,4246.66,5179.37,508.16,295.24,-194.93,-3878.17,-31994.02,1799.7,22715.12,-6586.24,183.45,486.39,-6402.79,-5916.4,,,,,
4141,1867.26,4180.12,5158.48,515.82,269.63,-189.67,-3901.26,-31651.59,1731.93,22613.37,-6768.31,183.28,594.09,-6585.03,-5990.94,,,,,
4151,1848.92,4279.1,5241.87,509.31,298.45,-185.31,-3937.78,-31895.86,1749.59,22647.39,-6586.96,180.81,555.68,-6406.15,-5850.47,,,,,
4161,1809.95,4183.46,5164.9,523.56,272.5,-162.27,-3941.39,-31833.09,1732.47,22675.59,-6620.18,177.07,425.69,-6443.11,-6017.42,,,,,
4171,1902.44,4175.3,5234.57,503.51,281.22,-207.23,-3922.06,-31808.59,1763.11,22651.37,-6698.1,182.24,573.63,-6515.86,-5942.23,,,,,
4181,1821.52,4261.66,5235.24,516.49,275.72,-183.89,-3853.91,-31906.46,1753.96,22592.18,-6590.78,184.27,512.52,-6406.51,-5893.99,,,,,
4191,1848.29,4209.5,5185.72,512.72,301.24,-176.41,-3852.13,-31763.17,1734.68,22635.94,-6745.88,187.66,636.36,-6558.22,-5921.86,,,,,
4201,1808.4,4167.9,5178.09,505.28,281.9,-170.3,-3863.6,-31689.23,1737.17,22662.73,-6776.75,190.5,618.35,-6586.26,-5967.9,,,,,
4211,1890.26,4163.74,5216.61,506.49,273.61,-197.06,-3870.67,-31674.72,1766.28,22634.26,-6786.72,187,708.79,-6599.73,-5890.93,,,,,
4221,1825.76,4224.57,5210.2,518.38,288.56,-187.3,-3871.86,-31902.33,1753.89,22569.9,-6544.28,182.18,429.77,-6362.11,-5932.34,,,,,
4231,1805.19,4228.82,5200.73,503.91,274.56,-200.47,-3821.22,-31785.86,1783.17,22560.29,-6624.11,187.9,549.12,-6436.21,-5887.09,,,,,
4241,1829.15,4201.02,5241.92,503.08,292.08,-208.71,-3892.82,-31768.98,1725.62,22681.67,-6709.73,186.32,604.03,-6523.4,-5919.38,,,,,
4251,1835.14,4163.09,5195.96,517.17,257.42,-166.28,-3898.78,-31785.65,1750.37,22588.16,-6593.5,182.46,456.6,-6411.03,-5954.43,,,,,
4261,1764.74,4238.22,5152.83,496.54,286.4,-200.55,-3904.78,-31859.67,1755.82,22634.35,-6594.19,184.96,363.89,-6409.23,-6045.34,,,,,
4271,1790.51,4236.57,5218.09,503.68,274.18,-197.72,-3858.59,-31966.46,1755.07,22760.92,-6629.34,186.03,516.24,-6443.31,-5927.06,,,,,
4281,1796.03,4208.18,5254.04,503.46,262.22,-169.63,-3900.56,-31837.53,1747.36,22651.42,-6614.59,182.79,514.98,-6431.8,-5916.82,,,,,
4291,1806.11,4280.07,5214.81,509.92,259.27,-173.95,-3880.43,-31618.66,1765.42,22622.25,-6802.16,189.78,784.81,-6612.39,-5827.58,,,,,
4301,1813.32,4240.81,5222.99,507.15,278.83,-195.74,-3960.58,-31663.91,1750.95,22706.05,-6774.31,181.31,699.86,-6593,-5893.13,,,,,
4311,1864.11,4270.84,5216.66,521.57,275.25,-153.22,-3828.55,-31873.48,1755.97,22654.52,-6598.57,189.83,703.69,-6408.74,-5705.05,,,,,
4321,1892.79,4249.8,5210.03,510.27,276.97,-199.66,-3840.03,-31972.07,1746.16,22776.72,-6658.19,183.52,650.99,-6474.66,-5823.67,,,,,
4331,1830.44,4130.48,5198.59,504.6,286.49,-199,-3950.07,-32056.28,1781.17,22826.82,-6511.88,175.49,353.24,-6336.39,-5983.14,,,,,
4341,1786.83,4206.14,5225.4,513,279.85,-183.43,-3941.22,-32000.46,1753.2,22710.51,-6470.5,178.3,349.82,-6292.2,-5942.38,,,,,
4351,1844.62,4163.69,5204.19,510.63,287.13,-191.77,-3896.78,-32156.16,1713.59,22709.75,-6390.05,182.62,188.89,-6207.43,-6018.55,,,,,
4361,1840.42,4134.01,5242.79,503.02,283.81,-177.43,-3949.73,-32135.46,1767.5,22813.26,-6448.46,177.37,322.21,-6271.1,-5948.89,,,,,
4371,1839.19,4177.51,5252.88,511.42,294.8,-200.56,-3932.92,-32086.72,1732.22,22721.49,-6437.28,179.96,309.29,-6257.32,-5948.03,,,,,
4381,1805.26,4111.99,5218.69,509.44,278.38,-202.61,-3937.75,-32053.43,1736.43,22690.42,-6423.03,176.08,156.81,-6246.95,-6090.14,,,,,
4391,1763.81,4199.4,5226.77,513.38,270.79,-187.11,-3950.6,-32022.75,1767.25,22675.7,-6401.82,177.05,256.64,-6224.77,-5968.13,,,,,
4401,1856.34,4167.41,5234.99,502.18,274.16,-207.1,-3924.08,-32009.94,1776.05,22713.41,-6474.96,180.3,383.42,-6294.66,-5911.24,,,,,
4411,1803.93,4263.18,5151.17,502.75,279.43,-188.71,-4012.04,-31951.95,1739.28,22734.6,-6508.69,175.91,321.63,-6332.78,-6011.15,,,,,
4421,1822.03,4145.02,5225.91,506.76,273.78,-184.91,-3912.05,-31980.61,1784.31,22758.72,-6566.71,180.63,438.96,-6386.09,-5947.13,,,,,
4431,1812.78,4253.59,5225.77,497.67,260.04,-168.73,-3964.56,-31956.05,1762.68,22719.07,-6527.34,177.75,442.28,-6349.59,-5907.31,,,,,
4441,1837.9,4211.47,5169.28,512.17,273.78,-184.23,-3905.32,-31857.24,1755.22,22719.84,-6598.36,183.99,532.88,-6414.37,-5881.49,,,,,
4451,1813.66,4233.45,5226.48,508.1,296.73,-201.91,-3941.74,-31785.54,1748.25,22680.61,-6667.56,178.58,578.09,-6488.98,-5910.9,,,,,
4461,1790.77,4237.91,5221.43,524.58,271.2,-192.8,-3931.76,-31859.66,1760.08,22671.75,-6586.93,174.97,493.5,-6411.96,-5918.46,,,,,
4471,1757.49,4263.23,5226.1,512.15,305.69,-176.21,-3976.02,-31982.3,1765.31,22688.24,-6458.57,175.96,383.69,-6282.61,-5898.92,,,,,
4481,1811.22,4202.26,5238.08,490.79,269.55,-197.86,-3975.65,-32136.8,1752.32,22694.8,-6332.26,174.31,148.73,-6157.95,-6009.22,,,,,
4491,1804.55,4176.12,5177.95,501.49,290.52,-199.5,-3879.44,-32133.06,1717.52,22740.77,-6477.05,185.74,196.92,-6291.31,-6094.38,,,,,
4501,1774.61,4271.53,5171.85,502.56,284.33,-193.73,-3905.35,-32037.41,1766.56,22735.64,-6488.67,176.81,370.6,-6311.86,-5941.26,,,,,
4511,1883.89,4205.27,5239.12,513.15,281.56,-214.52,-3946.85,-31951.71,1749.75,22768.38,-6579.42,177.61,528.03,-6401.8,-5873.77,,,,,
4521,1838.87,4225.45,5213.65,522.04,276.88,-211.79,-3889.86,-31986.62,1769.91,22690.47,-6480.04,184.76,448.99,-6295.28,-5846.29,,,,,
4531,1783.73,4181.6,5264.79,509.3,266.46,-185.81,-3898.37,-31916.81,1760.83,22665.25,-6550.56,184.13,430.96,-6366.43,-5935.47,,,,,
4541,1802.7,4249.73,5207.24,510.16,304.67,-169.97,-3911.6,-31891.19,1726.84,22614.73,-6565.77,182.11,443.32,-6383.65,-5940.34,,,,,
4551,1794.21,4231.71,5204.63,513.41,263.7,-198.74,-3936.76,-31958.1,1745.52,22603.71,-6492.81,180.58,263.28,-6312.22,-6048.95,,,,,
4561,1807.99,4182.9,5177.35,498.99,257.83,-154.46,-3924.76,-32002.01,1781.31,22803.54,-6539.49,177.54,428.66,-6361.95,-5933.3,,,,,
4571,1819.27,4306.6,5194.45,523.31,275.98,-196.9,-3880.27,-32007.4,1745.19,22698.37,-6560.29,186.52,478.61,-6373.77,-5895.16,,,,,
4581,1865.4,4156.19,5234.92,500.85,300.63,-169,-3897.41,-31980.06,1745.37,22618.79,-6481.92,179.97,375.68,-6301.95,-5926.27,,,,,
4591,1783.26,4200.47,5203.6,482.61,271.45,-191.08,-3888.05,-31823,1725.46,22719.96,-6635.72,187.47,484.68,-6448.26,-5963.57,,,,,
4601,1806.22,4204.4,5224.86,498.72,278.37,-188.88,-3909.19,-32025.36,1752.83,22670.49,-6461.97,181.72,312.45,-6280.25,-5967.8,,,,,
4611,1805.19,4155.03,5227.01,506.78,272.43,-156.52,-3918.89,-31887.36,1797.76,22695.22,-6580.27,183.53,496.64,-6396.74,-5900.11,,,,,
4621,1840.34,4241.74,5245.59,519.51,281.96,-189.92,-3975.99,-31878.16,1777.78,22634.3,-6516.86,177.97,497.15,-6338.89,-5841.74,,,,,
4631,1778.11,4243.52,5222.04,499.74,279.14,-198.23,-3953.64,-31840.78,1780.1,22577.22,-6500.34,174.23,387.23,-6326.11,-5938.88,,,,,
4641,1779.61,4229.91,5178.08,497.31,275.67,-189.74,-3942.19,-31752.33,1773.58,22588.84,-6638.15,180.33,438.75,-6457.82,-6019.07,,,,,
4651,1834.25,4134.35,5215.76,501.28,268.74,-182.77,-3906.39,-31838.91,1751.83,22664.2,-6627.64,182.76,442.33,-6444.88,-6002.55,,,,,
4661,1785.02,4298.65,5189.79,499.57,289.83,-173,-3905.71,-31887.88,1749.38,22678.53,-6663.21,183.73,524.19,-6479.48,-5955.3,,,,,
4671,1802.16,4171.41,5249.63,490.11,269.74,-189.59,-3895.55,-31920.27,1750.31,22614.52,-6500.99,175.46,342.47,-6325.53,-5983.06,,,,,
4681,1890.11,4219.75,5239.51,500.68,264.38,-205.32,-3877.44,-31913.74,1707.27,22545.96,-6484.98,184.58,371.18,-6300.39,-5929.22,,,,,
4691,1844.42,4212.39,5198.84,513.53,269.56,-202.73,-3869.49,-31813.92,1763.81,22546.96,-6572.32,184.42,463.39,-6387.91,-5924.52,,,,,
4701,1798.77,4298.84,5221.95,514.8,266,-171.11,-3838.77,-31827.13,1741.59,22609.37,-6637.85,186.29,614.31,-6451.56,-5837.25,,,,,
4711,1811.83,4181.7,5237.17,500.74,270.04,-224.96,-3899.87,-31850.23,1740.99,22525.63,-6511.81,184.65,293.04,-6327.16,-6034.13,,,,,
4721,1821.82,4327.7,5208.31,517.54,258.53,-155.37,-3916.83,-31741.54,1737.69,22562.24,-6600.65,184.56,620.1,-6416.08,-5795.98,,,,,
4731,1850.08,4184.89,5228.43,519.2,258.81,-169.77,-3911.08,-31923.87,1777.04,22671.75,-6522.48,184.88,485.5,-6337.6,-5852.1,,,,,
4741,1878.89,4142.1,5189.05,490.38,295.03,-194.83,-3842.32,-32004.32,1745.37,22680.28,-6466.12,184.79,379.62,-6281.33,-5901.72,,,,,
4751,1843.89,4217.9,5218.75,511.01,260.39,-191.61,-3910.47,-31806.55,1751.79,22631,-6622.77,184.22,526.11,-6438.55,-5912.44,,,,,
4761,1824.85,4191.21,5243.26,518.59,296.1,-218.52,-3859.1,-31801.84,1767.23,22513.77,-6544.59,187.26,475.56,-6357.32,-5881.76,,,,,
4771,1795.3,4298.13,5201.88,505.29,283.58,-193.8,-3879.03,-31805.15,1741.87,22639.91,-6631.19,186.34,587.99,-6444.85,-5856.86,,,,,
4781,1826.78,4226.47,5171.09,498.33,281.9,-185.7,-3941.22,-31813.9,1726.11,22634.32,-6591.72,185.69,424.18,-6406.03,-5981.85,,,,,
4791,1803.22,4259.61,5227.18,518.22,293.06,-220.94,-3865.83,-31831.96,1732.99,22528.03,-6547.72,187.82,443.58,-6359.9,-5916.32,,,,,
4801,1818.64,4224.09,5207.85,518.51,260.48,-167.21,-3964.12,-31708.96,1734.5,22539.75,-6645.92,180.66,463.52,-6465.26,-6001.74,,,,,
4811,1790.11,4307.68,5182.83,524.41,258.88,-193.93,-3918.08,-31627.66,1743.34,22645.71,-6766.43,184.7,713.29,-6581.73,-5868.44,,,,,
4821,1805.03,4157.82,5213.15,509.8,291.95,-166.34,-3888.36,-31624.01,1764.41,22688.82,-6824.12,188.06,752.27,-6636.06,-5883.78,,,,,
4831,1829.68,4267.32,5190.96,524.12,275.34,-185.55,-3895.67,-31573.87,1788.78,22595.26,-6838.37,188.69,816.37,-6649.68,-5833.3,,,,,
4841,1758.35,4240.97,5175.3,501.55,290.52,-167.5,-3894.69,-31776.14,1769.71,22624.16,-6630.58,185.85,522.22,-6444.72,-5922.5,,,,,
4851,1810.39,4201.13,5219.79,495.49,278.93,-191.33,-3883,-31674.33,1748.92,22706.06,-6831.1,189.08,712.05,-6642.02,-5929.97,,,,,
4861,1819.43,4274.32,5192.4,512.1,275.32,-177.3,-3892.91,-31780.41,1765.21,22649.42,-6697.15,188.23,637.57,-6508.92,-5871.35,,,,,
4871,1765.09,4299.2,5219.68,514.25,288.7,-170.2,-3893.23,-31696.86,1795.1,22518.24,-6640.15,185.71,639.96,-6454.44,-5814.48,,,,,
4881,1806.61,4259.27,5234.24,515.18,271.22,-168.55,-3862.87,-31723.81,1756.2,22623.88,-6729.88,190.1,711.37,-6539.78,-5828.42,,,,,
4891,1856.69,4250.3,5237.34,504,288.1,-183.07,-3831.94,-31672.69,1708.71,22607.45,-6792.26,187.01,764.88,-6605.24,-5840.36,,,,,
4901,1725.84,4198.64,5197.3,501.81,273.14,-184.22,-3853.02,-31720.08,1770.53,22714.84,-6780.71,190.44,624.79,-6590.27,-5965.48,,,,,
4911,1820.85,4196.35,5191.58,499.53,279.9,-191.4,-3798.67,-31632.43,1761.81,22700.84,-6872.9,188.86,828.35,-6684.04,-5855.69,,,,,
4921,1806.14,4319.38,5233.45,508.28,288.21,-180.06,-3861.32,-31538.85,1711.45,22550.37,-6880.48,188.19,837.06,-6692.3,-5855.23,,,,,
4931,1850.24,4287.45,5211.73,537.74,255.16,-176.25,-3860.63,-31614.45,1761.29,22673.54,-6851.6,191.63,925.82,-6659.97,-5734.15,,,,,
4941,1810.83,4236.51,5209.79,518.35,277.64,-177.24,-3920.55,-31556.34,1768.84,22672.77,-6880.53,184.33,840.59,-6696.2,-5855.61,,,,,
4951,1854.22,4210.33,5174.27,521.36,279.61,-161.52,-3914.81,-31539.37,1742.28,22650.83,-6915.02,184.3,817.22,-6730.72,-5913.5,,,,,
4961,1799.67,4280.1,5219.64,514.57,291.74,-174.44,-3854.6,-31500.16,1775.32,22534.96,-6864.78,185.65,886.81,-6679.12,-5792.32,,,,,
4971,1825.07,4273.03,5208.71,512.99,259.97,-179.51,-3871.93,-31648.06,1737.88,22526.66,-6736.84,188.89,644.81,-6547.96,-5903.15,,,,,
4981,1825.64,4175.59,5209.42,489.87,267.63,-201.32,-3896.39,-31684.79,1766.92,22662.76,-6774.99,186.07,615.33,-6588.92,-5973.59,,,,,
4991,1783.23,4269.82,5183.53,527.19,254.55,-205.83,-3876.34,-31704.85,1757.8,22654.94,-6756.26,188.14,644.02,-6568.11,-5924.09,,,,,
5001,1858.9,4127.42,5249.08,506.62,274.03,-207.12,-3860.8,-31633.41,1774.04,22666.57,-6802.26,190.01,755.34,-6612.25,-5856.91,,,,,
5011,1848.01,4171.73,5238.77,497.63,283.84,-187.9,-3853.97,-31733.66,1737.41,22776.47,-6779.47,188.59,778.31,-6590.88,-5812.57,,,,,
5021,1763.08,4125.58,5214.96,494.47,286.32,-179.1,-3891.44,-31699.66,1759.51,22714.77,-6772.67,188.17,588.48,-6584.49,-5996.01,,,,,
5031,1791.92,4264.1,5275.86,528.86,298.39,-193.33,-3895.62,-31797.37,1758.23,22733.9,-6764.28,189.71,764.93,-6574.57,-5809.64,,,,,
5041,1842.51,4161.12,5178.33,501.26,287.02,-175.53,-3871.6,-31703.77,1762.04,22698.56,-6757.85,184.19,679.94,-6573.65,-5893.72,,,,,
5051,1795.7,4227.84,5228.9,507.11,290.49,-176.6,-3832.93,-31871.82,1771.43,22675.65,-6632.62,183.3,615.76,-6449.33,-5833.57,,,,,
5061,1765.51,4269.52,5218.74,499.43,282.95,-199.4,-3942.44,-31685.12,1752.47,22625.14,-6715.48,183.59,586.8,-6531.89,-5945.08,,,,,
5071,1806.07,4156.49,5209.85,505.88,281.16,-187.18,-3897.6,-31839,1759.36,22777.43,-6669.77,182.15,572.47,-6487.63,-5915.16,,,,,
5081,1765.73,4253.42,5194.73,503.65,283.75,-202.23,-3906.15,-31613.15,1751.89,22668.12,-6767.6,185.89,699.76,-6581.71,-5881.95,,,,,
5091,1845.17,4210.89,5242.05,496.15,279.18,-179.54,-3942.65,-31717.19,1721.51,22665.4,-6709.44,185.29,620.97,-6524.15,-5903.18,,,,,
5101,1811.77,4199.19,5204.46,500.88,285.03,-196.48,-3933.26,-31687.75,1748.3,22737.73,-6776.47,181.4,669.87,-6595.07,-5925.2,,,,,
5111,1764.3,4213.96,5221.84,499.33,289.09,-195.1,-3929.5,-31850.91,1718.87,22704.07,-6581.25,179.15,435.96,-6402.11,-5966.15,,,,,
5121,1815.42,4151.51,5247.61,509.28,265.11,-190.45,-3881.25,-31830.68,1738.94,22878.84,-6785.28,186.67,704.34,-6598.6,-5894.26,,,,,
5131,1767.19,4257.29,5231.77,503.51,270.28,-209.79,-3930.5,-31749.16,1745.92,22691.65,-6699.92,182.21,578.18,-6517.71,-5939.53,,,,,
5141,1813.65,4210.26,5277.47,522.74,278.86,-194.62,-3984.49,-31543.7,1720.55,22668.22,-6853.2,184.92,768.94,-6668.28,-5899.34,,,,,
5151,1765.81,4286.89,5168.81,515.58,261.02,-178.7,-3953.26,-31476.55,1738.84,22588.81,-6869.33,183.32,717.24,-6686.01,-5968.77,,,,,
5161,1862.49,4187.03,5233.36,517.87,264.97,-169.86,-3924.19,-31747.84,1753.55,22612.77,-6664.74,180.22,590.17,-6484.52,-5894.35,,,,,
5171,1813.55,4199.33,5221.51,518.66,271.46,-174,-3908.38,-31617.72,1782.5,22654.41,-6781.88,190.57,761.33,-6591.32,-5829.99,,,,,
5181,1798.63,4236.31,5235.71,518.33,294.14,-189.3,-3944.18,-31891.13,1758.53,22737.54,-6642.86,181.77,554.58,-6461.08,-5906.5,,,,,
5191,1846.95,4200.76,5195.15,501.57,264.45,-175.27,-3889.64,-31865.38,1752.89,22753.74,-6657.79,187.26,585.23,-6470.53,-5885.3,,,,,
5201,1812.79,4136.05,5215.6,509.1,256.66,-192.9,-3913.4,-31829.42,1759.71,22741.69,-6678.35,184.63,495.88,-6493.73,-5997.84,,,,,
5211,1837.08,4211.02,5238.53,509.12,295.85,-188.32,-3944.5,-31795.08,1714.47,22653.99,-6638.03,182.65,532.17,-6455.38,-5923.21,,,,,
5221,1798.36,4262.74,5241.5,504.09,265.16,-198.04,-3919.05,-31911.95,1763.91,22706.26,-6547.73,185.85,512.97,-6361.88,-5848.91,,,,,
5231,1778.09,4246.52,5230.04,498.45,285.74,-188.6,-3899.33,-31993.31,1742.27,22771.31,-6542.16,185.12,471.17,-6357.04,-5885.86,,,,,
5241,1846.6,4232.06,5285.35,513.28,269.96,-194.14,-3868.72,-31979.06,1761.83,22742.85,-6621.7,188.11,610,-6433.59,-5823.59,,,,,
5251,1773.27,4202.21,5165.45,497.93,263.54,-174.35,-3902.39,-31886.69,1736.08,22719.26,-6629.72,186.83,394.31,-6442.89,-6048.58,,,,,
5261,1876.01,4217.16,5243.26,524.19,262.8,-167.7,-3973.73,-31684.71,1719.35,22669.04,-6725.39,186.14,685.66,-6539.25,-5853.59,,,,,
5271,1799.71,4178.29,5220.22,482.54,272.12,-169.99,-3892.97,-31753.85,1730.58,22693.53,-6694.3,186.85,560.17,-6507.45,-5947.28,,,,,
5281,1825.33,4279.34,5269.41,499.45,284.5,-199.8,-3860.55,-31848.61,1757.15,22705.87,-6692.94,186.88,712.09,-6506.05,-5793.97,,,,,
5291,1844,4233.57,5222.46,502.37,268.7,-189.99,-3944.5,-32066.44,1743.35,22694.87,-6451.37,177.14,308.39,-6274.23,-5965.84,,,,,
5301,1854.27,4164.11,5268.52,510.31,280.89,-183.95,-3944.18,-32176.94,1781.37,22822.01,-6402.29,177.07,376.42,-6225.22,-5848.79,,,,,
5311,1815.1,4243.53,5227.4,509.47,280.24,-183.08,-4003.31,-32151.7,1716.89,22728.79,-6336.66,177.64,183.33,-6159.02,-5975.69,,,,,
5321,1825.29,4191.23,5235.21,512.5,265.1,-166.05,-3972.57,-32133.38,1786.78,22794.21,-6430.11,174.66,338.31,-6255.45,-5917.14,,,,,
5331,1909.37,4197.05,5281.94,528.65,276.9,-172.33,-3957.92,-32043.14,1756.86,22713.04,-6458.69,173.09,490.42,-6285.6,-5795.18,,,,,
5341,1805.88,4192,5220.26,514.35,260.64,-170.04,-3946.44,-32044.52,1729.19,22648.65,-6405.18,179.04,209.97,-6226.14,-6016.17,,,,,
5351,1745.93,4122.14,5221.03,505.03,274.95,-202.67,-3981.64,-32083.59,1786.27,22786.5,-6436.96,173.79,173.95,-6263.17,-6089.22,,,,,
5361,1803.97,4228.6,5212.67,515.07,284.32,-207.08,-3926.45,-32075.08,1742.71,22719,-6451.6,174.52,297.73,-6277.08,-5979.35,,,,,
5371,1866.29,4242.78,5199.11,528.28,268.83,-181.76,-3893.88,-31921.82,1727.77,22653.14,-6553.18,181.23,488.72,-6371.95,-5883.23,,,,,
5381,1786.5,4137.32,5207.89,491.36,270.23,-216.37,-3912.16,-31918.5,1774.15,22824.22,-6636.92,179.8,444.64,-6457.12,-6012.48,,,,,
5391,1805.21,4176,5216.97,513.02,288.93,-166.51,-3881.82,-31715.72,1754.52,22617.85,-6677.97,183.27,608.45,-6494.69,-5886.24,,,,,
5401,1800.17,4170.02,5269.17,511.37,273.53,-196.83,-3900.12,-31999.29,1752.63,22751.95,-6546.32,183.92,432.61,-6362.4,-5929.79,,,,,
5411,1832.27,4207.44,5250.55,502.72,271.36,-181.7,-3862.48,-31851.7,1693.35,22592.57,-6589.43,182.54,454.38,-6406.89,-5952.51,,,,,
5421,1752.68,4170.15,5257.63,501.01,280.39,-203.04,-3909.12,-32012.22,1779.34,22848.07,-6567.59,179.91,464.88,-6387.68,-5922.8,,,,,
5431,1765.85,4119.22,5252.32,495.05,290.07,-192.95,-3929.03,-31956.85,1772.03,22808.68,-6558.72,178.25,424.39,-6380.47,-5956.08,,,,,
5441,1888.22,4180.62,5248.41,503.63,284.64,-188.98,-3898.77,-32075.6,1767.83,22814.95,-6565.54,183.32,524.95,-6382.22,-5857.27,,,,,
5451,1829.49,4257.77,5234.61,511.44,270.91,-152.18,-3913.17,-31923.6,1695.67,22675.72,-6509.85,185.73,486.67,-6324.12,-5837.45,,,,,
5461,1822.77,4246.8,5222.08,494.32,280.62,-188.13,-3900.48,-31879.18,1706.5,22702.02,-6583.7,183.15,507.33,-6400.56,-5893.23,,,,,
5471,1813.5,4180.57,5213.77,505.75,274.69,-175.16,-3921.54,-32005.11,1751.57,22760.8,-6550.99,180.81,398.84,-6370.18,-5971.34,,,,,
5481,1790.93,4196.06,5218.81,511.02,283.24,-181.8,-3888.82,-31971.59,1740.75,22724.69,-6512.85,182.83,423.31,-6330.03,-5906.72,,,,,
5491,1816.99,4276.45,5210.01,502,302.9,-164.84,-3835.35,-31721.06,1702.25,22668.2,-6781.4,187.21,757.57,-6594.18,-5836.61,,,,,
5501,1829.4,4155.34,5225.73,490.19,267.03,-184.27,-3922.58,-31767.78,1720.84,22804.76,-6761.62,184.74,618.66,-6576.88,-5958.22,,,,,
5511,1893.41,4178.97,5249.98,524.94,270.75,-189.38,-3870.66,-31679.73,1744.32,22681.61,-6830,185.84,804.21,-6644.16,-5839.95,,,,,
5521,1820.04,4338.75,5237.61,515.3,268.42,-188.99,-3916.77,-31716.26,1757.5,22641.91,-6733.61,186.99,757.51,-6546.62,-5789.1,,,,,
5531,1799.06,4285.51,5230.96,508.92,287.15,-201.09,-3832.53,-31664.94,1779.38,22711.81,-6873,186.3,904.22,-6686.7,-5782.47,,,,,
5541,1869.72,4230.01,5213.45,517.44,276.38,-171.19,-3898.45,-31539.79,1759.52,22691.48,-6893.07,184.84,948.57,-6708.23,-5759.65,,,,,
5551,1850.58,4234.45,5236.78,495.61,285.06,-175.36,-3811.61,-31803.13,1764.97,22761.25,-6775.66,184.84,838.6,-6590.82,-5752.22,,,,,
5561,1829.7,4180.91,5256.32,487.19,291.76,-199.14,-3851.74,-31767.03,1729.59,22722.18,-6811.1,186.19,679.74,-6624.91,-5945.17,,,,,
5571,1837.62,4247.65,5207.96,516.06,259.7,-169.37,-3852.19,-31623.16,1755.99,22713.78,-6880.53,188.81,894.04,-6691.72,-5797.69,,,,,
5581,1807.46,4147.48,5213.14,513.06,269.43,-207.45,-3845.35,-31799.9,1753.28,22812.39,-6762.06,186.22,663.55,-6575.85,-5912.3,,,,,
5591,1784.22,4290.9,5221.56,517.03,282.89,-211.02,-3792.27,-31776,1782.35,22610.73,-6677.06,186.26,710.38,-6490.8,-5780.42,,,,,
5601,1811.96,4109.38,5253.66,485.91,268.89,-169.16,-3893.21,-31772.96,1737.03,22670.93,-6738.36,186.53,502.43,-6551.83,-6049.39,,,,,
5611,1860.24,4168.87,5235.12,500.37,266.09,-185.83,-3891.87,-31634.84,1745.06,22658.15,-6845.49,183.96,721.35,-6661.53,-5940.18,,,,,
5621,1821.66,4189.62,5238.5,503.07,287.14,-201.47,-3857.9,-31745.38,1753.83,22690.08,-6733.24,187.77,679.15,-6545.47,-5866.32,,,,,
5631,1840.5,4169.67,5212.38,504.12,277.24,-178.28,-3866.39,-31828.86,1739.13,22678.39,-6664.55,187.43,547.9,-6477.13,-5929.23,,,,,
5641,1867.04,4247.87,5227.56,530.4,289.14,-200.87,-3840.18,-31765.38,1765.76,22705.68,-6765.02,185.49,827.03,-6579.54,-5752.51,,,,,
5651,1883.16,4215.67,5184.11,514.9,294.47,-168.49,-3919.7,-31699.94,1743.12,22647.91,-6776.7,183.71,695.2,-6592.99,-5897.79,,,,,
5661,1825.79,4125.9,5258.99,496.75,280.94,-183.92,-3911.21,-31768.86,1733.82,22702.27,-6675.06,184.26,560.46,-6490.8,-5930.33,,,,,
5671,1808.65,4231.12,5193.17,513.29,265.64,-168.91,-3877.91,-31598.69,1745.33,22675.66,-6913.14,188.62,787.35,-6724.52,-5937.17,,,,,
5681,1784.53,4260.35,5183.05,499.28,277.95,-158.59,-3925.12,-31776.42,1753.1,22773.94,-6779.95,185.12,672.06,-6594.83,-5922.77,,,,,
5691,1869.92,4217.9,5238.74,496.03,284.94,-203.19,-3884.29,-31803.94,1748.46,22603.01,-6636.81,188.45,567.59,-6448.36,-5880.77,,,,,
5701,1805.76,4282.7,5234.55,509.73,282.48,-195.57,-3907.45,-31819.97,1736.67,22625.43,-6644.56,182.57,554.33,-6461.98,-5907.66,,,,,
5711,1838.97,4202.04,5243.88,508.49,270.8,-173.65,-3856.25,-31941.91,1763.12,22744.51,-6588.81,184.64,599.99,-6404.17,-5804.17,,,,,
5721,1744.59,4190.87,5245.89,497,261.47,-177.93,-3872.56,-31592.08,1776.91,22528.89,-6803.63,188.66,603.06,-6614.97,-6011.91,,,,,
5731,1903.11,4359.28,5196.06,519,282.07,-188.7,-3909.49,-31651.01,1757.05,22568.18,-6748.63,189.84,835.57,-6558.79,-5723.22,,,,,
5741,1799.79,4214.15,5200.8,524.06,297.82,-193.71,-3927.29,-31869.74,1741.84,22666.18,-6583.53,186.11,453.9,-6397.42,-5943.53,,,,,
5751,1802.29,4230.35,5245.19,494.54,287.07,-159.8,-3874.1,-31781.99,1725.15,22657.47,-6677.8,188.05,626.18,-6489.75,-5863.56,,,,,
5761,1832.67,4169.33,5262.99,493.47,282.14,-210.26,-3928.08,-31818.09,1744.83,22742.33,-6654.17,185.27,571.32,-6468.9,-5897.58,,,,,
5771,1815.01,4193.46,5259.38,493.87,279.33,-172.74,-3895.08,-31739.13,1728.14,22653.02,-6726.02,184.65,615.26,-6541.37,-5926.1,,,,,
5781,1774.3,4227.9,5218.16,511.4,270.25,-197.38,-3847.92,-31804.46,1744.39,22712.35,-6690.04,183.43,608.97,-6506.61,-5897.63,,,,,
5791,1821.06,4209.71,5199.32,513.21,267.18,-180,-3892.47,-31714.4,1770.02,22602.66,-6711.32,185.41,596.28,-6525.92,-5929.64,,,,,
5801,1831.96,4201.84,5191.37,512.28,276.62,-173.34,-3899.95,-32017.37,1747.48,22706.45,-6526.8,183.49,377.35,-6343.31,-5965.96,,,,,
5811,1801.08,4220.75,5233.07,525.33,289.37,-173.42,-3899.7,-31989.48,1750.93,22713.08,-6558.58,183.26,471.02,-6375.32,-5904.3,,,,,
5821,1824.41,4193.85,5297.8,505.89,295.39,-199.02,-3884.57,-31963.27,1750.81,22753.24,-6602.08,188.29,574.52,-6413.79,-5839.27,,,,,
5831,1866.85,4220.38,5172.03,519.41,275.66,-177.05,-3860.53,-31916.11,1763.87,22694.94,-6630.27,184.14,559.45,-6446.12,-5886.68,,,,,
5841,1869.72,4162.34,5224.36,523.66,267.69,-186.53,-3864.98,-31677.47,1742.46,22742.84,-6842.75,186.95,804.1,-6655.8,-5851.7,,,,,
5851,1813.47,4282.1,5237.38,522.98,282.63,-201.22,-3884.13,-31945.62,1743.52,22758.55,-6641.06,191.22,609.67,-6449.84,-5840.17,,,,,
5861,1752.12,4249.75,5272.55,510.47,296.86,-209.39,-3880.44,-31861.47,1763.89,22665.98,-6639.67,187.09,560.31,-6452.58,-5892.27,,,,,
5871,1846.91,4155.71,5228.51,500.91,275.81,-173.57,-3853.34,-31866.18,1761.39,22622.74,-6621.49,186.27,498.89,-6435.22,-5936.33,,,,,
5881,1833.86,4146.57,5202.02,503.82,266.63,-190.52,-3893.1,-31755.7,1784.33,22657.12,-6660.58,182.75,555.02,-6477.83,-5922.81,,,,,
5891,1753.96,4278.57,5191.81,505.87,271.26,-188.26,-3889.06,-31815.83,1740.77,22640.35,-6634.1,184.03,489.43,-6450.06,-5960.63,,,,,
5901,1824.19,4254.78,5237.95,503.84,287.73,-191.51,-3868.22,-31944.95,1780.71,22636.38,-6571.65,185.92,520.9,-6385.73,-5864.83,,,,,
5911,1822.17,4302.71,5188.36,509.26,266.07,-181.51,-3925.19,-31832.03,1720.87,22713.91,-6659.08,187.18,584.62,-6471.9,-5887.28,,,,,
5921,1820.02,4268.85,5232.02,522.63,282.65,-166.82,-3937,-32047.97,1785.17,22733.95,-6511.82,182.27,493.49,-6329.55,-5836.06,,,,,
5931,1765.35,4253.88,5230.84,507.39,270.71,-195.95,-3916.72,-31901.83,1746.48,22745.52,-6649.89,186.14,505.67,-6463.76,-5958.09,,,,,
5941,1811.44,4192.68,5240.03,489.96,276.72,-160.65,-3891.37,-31869.4,1758.97,22655.7,-6584.73,185.06,504.08,-6399.67,-5895.6,,,,,
5951,1858.54,4206.12,5218.36,517.11,271.53,-162.17,-3902.87,-32133.55,1750.38,22708.55,-6401.98,182.64,332,-6219.34,-5887.34,,,,,
5961,1858.91,4310.31,5181.96,504.37,283.54,-170.44,-3878.31,-32040,1759.63,22512.78,-6366.52,183.02,322.76,-6183.51,-5860.75,,,,,
5971,1813.7,4237.3,5219.55,504.23,265.65,-168.04,-3879.79,-32018.41,1741.07,22628.11,-6455.78,182.42,343.35,-6273.35,-5930.01,,,,,
5981,1814.82,4209.6,5219.45,511.73,270.59,-190.33,-3900.94,-31907.73,1744.92,22627.79,-6516.73,183.58,399.9,-6333.16,-5933.26,,,,,
5991,1767.77,4111.02,5214.67,513.89,285.77,-209.76,-3919.96,-31985.68,1766.06,22813.34,-6569.27,181.64,357.12,-6387.63,-6030.52,,,,,
6001,1810.84,4254.4,5213.07,506.72,267.21,-192.44,-3893.53,-31922.08,1734.89,22616.42,-6507.89,182.67,395.51,-6325.22,-5929.71,,,,,
6011,1781.87,4287.25,5222.07,513.05,291.07,-184.47,-3895.44,-32103.68,1745.84,22688.84,-6416.37,183.76,346.4,-6232.61,-5886.21,,,,,
6021,1785.1,4183.24,5254.34,498.92,302.29,-179.09,-3846.59,-32195.76,1786.17,22780.22,-6375.39,182.72,368.85,-6192.66,-5823.82,,,,,
6031,1811.13,4206.44,5240.98,500.17,289.78,-170.55,-3835.67,-31857.13,1786.41,22664.77,-6586.27,185.03,636.32,-6401.24,-5764.93,,,,,
6041,1861.33,4171.12,5250.47,504.66,289.45,-210.13,-3875.39,-31911.63,1739.85,22685.67,-6548.19,184.67,505.39,-6363.52,-5858.13,,,,,
6051,1830.81,4168.67,5252.48,505.14,284.43,-200.93,-3907.43,-31935.83,1735.95,22618.77,-6444.89,181.57,352.07,-6263.32,-5911.26,,,,,
6061,1822.38,4164.27,5208.63,492.99,280.58,-186.49,-3879.15,-32105.34,1732.28,22757.44,-6434.47,181.77,287.6,-6252.7,-5965.1,,,,,
6071,1814.64,4166.94,5234.93,514.84,285.38,-179.53,-3872.73,-32286.11,1765.96,22719.35,-6295.51,183.02,163.68,-6112.49,-5948.81,,,,,
6081,1874.73,4304.55,5246.9,512.46,282.9,-168.9,-3923.67,-31922.32,1750.91,22555.84,-6499.61,182.04,513.42,-6317.57,-5804.15,,,,,
6091,1866.31,4219.64,5236.35,513.01,268.27,-184.78,-3949.49,-31984.58,1729.72,22715.01,-6503.41,185.26,429.45,-6318.15,-5888.71,,,,,
6101,1835.42,4218.57,5243.35,506.46,290.09,-207.69,-3881.92,-32118.16,1737.18,22735.97,-6441.74,186.06,359.27,-6255.67,-5896.4,,,,,
6111,1865.08,4143.18,5222.79,515.73,285.8,-199.13,-3876.2,-32003.89,1730.95,22703.46,-6482.82,187.34,387.77,-6295.48,-5907.71,,,,,
6121,1848.27,4199.16,5282.91,513.13,283.39,-183.14,-3883.54,-32099,1744.37,22721.15,-6458.18,182.73,426.7,-6275.45,-5848.75,,,,,
6131,1775.21,4184.92,5254.21,498.4,275.37,-188.91,-3936.33,-31950.06,1808.94,22755.98,-6550.76,184.26,477.74,-6366.5,-5888.76,,,,,
6141,1794.65,4254.8,5192.2,504.77,270.53,-165.95,-3904.78,-31901.9,1732.6,22790.06,-6635.37,181.83,567,-6453.53,-5886.54,,,,,
6151,1849.36,4267.44,5220.85,508.98,280.01,-197.7,-3924.16,-32030.13,1702.57,22814.56,-6528.91,185.2,491.77,-6343.71,-5851.93,,,,,
6161,1764.69,4155.89,5203.24,499.62,263.43,-180.14,-3896.02,-32026.52,1790.33,22723.57,-6502.85,184.19,298.09,-6318.67,-6020.58,,,,,
6171,1787.64,4178.91,5200.74,507.25,273.54,-173.32,-3919.34,-32023.59,1728.69,22693.36,-6434.83,180.85,253.88,-6253.97,-6000.09,,,,,
6181,1799.87,4276.16,5207.63,520.01,276.02,-186.63,-3904.65,-31923.08,1768.33,22700.03,-6562.67,183.3,533.69,-6379.37,-5845.68,,,,,
6191,1820.06,4224.87,5204.12,502.68,265.93,-177.41,-3897.93,-31987.9,1734.24,22829.37,-6582.43,185.97,518.04,-6396.46,-5878.42,,,,,
6201,1812.84,4169.64,5265.34,508.36,271.47,-226.01,-3848.76,-31994.61,1755.5,22753.8,-6554.76,187.65,467.57,-6367.12,-5899.54,,,,,
6211,1809.26,4268.62,5188.01,498.77,271.88,-163.23,-3898.18,-31798.14,1769.05,22721.45,-6668.49,187.43,667.49,-6481.06,-5813.57,,,,,
6221,1769.88,4244.73,5203.31,518.69,270.93,-178.43,-3931.12,-31764.47,1789.6,22779.78,-6761.9,186.41,702.89,-6575.49,-5872.6,,,,,
6231,1851.98,4185.36,5219.03,506.02,258.94,-182.75,-3856.03,-31898.2,1788.47,22846.74,-6743.8,185.45,719.57,-6558.36,-5838.79,,,,,
6241,1776.55,4263.53,5151.6,502.32,254.56,-177.61,-3901.49,-31898.1,1754.63,22746.97,-6687.1,178.33,472.95,-6508.77,-6035.82,,,,,
6251,1807.84,4196.34,5232.29,514.67,293.1,-146.4,-3857.45,-31852.62,1746.68,22735.28,-6680.34,188.69,669.74,-6491.65,-5821.91,,,,,
6261,1810.59,4250.07,5172.34,501.07,278.4,-143.2,-3867.99,-31891.85,1755.04,22735.81,-6624.89,187.43,600.28,-6437.47,-5837.19,,,,,
6271,1805.91,4281.38,5206.76,510.69,261.04,-182.87,-3918.72,-31570.35,1755.43,22615.72,-6845.01,184.44,764.99,-6660.56,-5895.57,,,,,
6281,1783.34,4122.46,5203.87,512.04,274.31,-176.12,-3931.67,-31632.99,1782.9,22697.77,-6823.7,182.53,635.9,-6641.17,-6005.27,,,,,
6291,1813.63,4220.45,5238.33,500.11,258.45,-174.39,-3907.06,-31674.06,1774.93,22753.38,-6816.11,185.62,803.78,-6630.49,-5826.71,,,,,
6301,1816.13,4165.1,5245.47,498.2,292.43,-196.06,-3924.52,-31901.71,1769.94,22715.26,-6593,180.56,480.23,-6412.44,-5932.21,,,,,
6311,1891.34,4196.1,5238.69,510.03,275.25,-191.42,-3899.96,-31621.13,1725.43,22647.13,-6814.09,183.81,771.46,-6630.28,-5858.82,,,,,
6321,1812.64,4237.78,5178.46,506,285.06,-180.07,-3925.25,-31754.42,1742.83,22755.63,-6787.26,184.63,658.65,-6602.63,-5943.98,,,,,
6331,1806.12,4200.14,5223.56,505.46,294.68,-179.67,-3894.7,-31543.1,1755.3,22716.4,-6868.54,184.22,884.19,-6684.31,-5800.12,,,,,
6341,1823.55,4171.45,5276.04,521.47,284.41,-192.11,-3940.28,-31671.74,1758.99,22620.79,-6741.41,182.04,652.56,-6559.37,-5906.81,,,,,
6351,1834.91,4245.76,5239.96,512.31,288.02,-167.78,-3935.9,-31660.24,1773.73,22715.71,-6837.31,185.52,846.47,-6651.8,-5805.33,,,,,
6361,1823.93,4317.17,5143.67,509.83,301.82,-155.99,-3864.51,-31534.19,1770.95,22538.74,-6842.46,184.45,851.42,-6658.01,-5806.59,,,,,
6371,1795.62,4249.01,5181.56,509.45,279.43,-192.43,-3880.18,-31551.97,1754.76,22659.76,-6896.37,185.41,805.02,-6710.96,-5905.94,,,,,
6381,1852.61,4246.3,5209.75,487.08,267.23,-194.08,-3866.63,-31703.49,1740.77,22497.69,-6686.82,187.93,537.21,-6498.89,-5961.67,,,,,
6391,1831.56,4222.9,5152.76,509.26,271.38,-192.02,-3950.66,-31959.43,1721.55,22637.27,-6476.8,180.97,244.56,-6295.83,-6051.26,,,,,
6401,1770.75,4199.52,5222.09,500.86,263.08,-182.41,-3912.79,-31837.89,1737.03,22628.31,-6566.1,186.56,388.55,-6379.53,-5990.98,,,,,
6411,1798.69,4255.67,5202.42,515.7,298.47,-185.15,-3925.16,-31881.81,1772.66,22717.9,-6598.75,183.36,569.4,-6415.39,-5845.99,,,,,
6421,1825.83,4126.14,5174.49,510.43,264.61,-188.38,-3840.99,-31846,1773.74,22690.46,-6656.73,186.53,490.33,-6470.2,-5979.87,,,,,
6431,1768.77,4266.82,5184.92,506.71,289.66,-204.12,-3890.28,-31562.05,1753.72,22560.64,-6787.79,188.07,674.79,-6599.72,-5924.93,,,,,
6441,1761.01,4170.71,5210.09,513.83,285.5,-162.62,-3836.33,-31810.5,1807.72,22616.06,-6599.28,189.42,555.47,-6409.85,-5854.39,,,,,
6451,1830.48,4236.69,5225.01,519.12,245.56,-192.87,-3847.6,-31674.28,1742.4,22620.2,-6767.04,189.68,704.7,-6577.36,-5872.66,,,,,
6461,1817.02,4234.2,5232.66,508.24,279.78,-175.48,-3877.24,-31707.48,1785.37,22563.8,-6724.67,185.85,660.88,-6538.82,-5877.94,,,,,
6471,1780.83,4171.88,5230.69,511.05,288.25,-189.51,-3858.57,-31566.29,1752.27,22527.82,-6736.64,187.78,648.42,-6548.86,-5900.44,,,,,
6481,1794.25,4220.81,5154.53,501.52,281.02,-159.67,-3798.97,-31802.31,1777.09,22656.5,-6678.8,194.69,624.76,-6484.1,-5859.34,,,,,
6491,1805.65,4208.05,5152.45,499.08,265.37,-168.25,-3851.15,-31596.69,1771.71,22557.16,-6776.17,191.6,643.38,-6584.57,-5941.18,,,,,
6501,1801.37,4270.12,5181.46,505.15,264.73,-176.33,-3896.38,-31803.56,1749.15,22641.3,-6676.61,184.09,537.01,-6492.52,-5955.51,,,,,
6511,1835.44,4272.45,5189.9,517.4,263.97,-175.85,-3794.2,-31847.14,1753.35,22641.59,-6637.94,188.56,656.92,-6449.39,-5792.47,,,,,
6521,1818.84,4241.76,5203.41,500.55,270.41,-181.34,-3916.9,-31856.54,1775.86,22678.22,-6616.83,186.06,534.26,-6430.77,-5896.5,,,,,
6531,1773.22,4158.3,5191.41,490.16,250.05,-170.52,-3823.29,-31875.66,1774.05,22677.09,-6648.52,189.01,444.81,-6459.51,-6014.69,,,,,
6541,1797.13,4173.36,5193.81,490.44,284.87,-171.56,-3815.13,-31928.6,1762.88,22655.02,-6565.96,190.86,442.22,-6375.1,-5932.87,,,,,
6551,1791.79,4309.47,5202.42,515.25,275.04,-177.39,-3870.49,-31735.42,1726.26,22606.22,-6704.6,184.03,643.15,-6520.57,-5877.42,,,,,
6561,1780.42,4221.7,5202.25,522.03,297.12,-172.84,-3865.69,-31971.22,1745.54,22637.03,-6476.87,189.7,396.35,-6287.17,-5890.83,,,,,
6571,1775.51,4220.77,5188.52,517.96,282.41,-169.82,-3901.56,-31887.79,1766.9,22634.8,-6549.48,185.82,427.71,-6363.66,-5935.95,,,,,
6581,1825.23,4323.24,5143.28,519.76,268.25,-187.39,-3900.29,-31555.54,1739.64,22628.18,-6841.79,187.34,804.36,-6654.46,-5850.09,,,,,
6591,1888.64,4176.18,5208.1,519.08,280.28,-180.26,-3876.54,-31589.33,1739.5,22619.67,-6795.49,186.78,785.3,-6608.71,-5823.41,,,,,
6601,1817.27,4267.57,5191.55,505.88,295.52,-180.84,-3924.55,-31704.22,1741.97,22592.41,-6656.97,185.74,602.55,-6471.24,-5868.69,,,,,
6611,1822.54,4219.71,5230.7,514.1,317.23,-198.33,-3905.78,-31589.65,1757.06,22551.35,-6773.19,187.15,718.93,-6586.03,-5867.1,,,,,
6621,1879.93,4277.03,5200.58,509.56,283.87,-207.69,-3911.83,-31589.57,1726.89,22550.7,-6762.6,185.07,719.47,-6577.54,-5858.06,,,,,
6631,1847.78,4279.38,5183.57,513.77,277.37,-171.65,-3891.36,-31707.34,1727.46,22672.39,-6772.84,189.17,731.36,-6583.68,-5852.31,,,,,
6641,1799.77,4241.08,5227.52,528.97,275.73,-198.21,-3873.53,-31557.86,1746.94,22741.12,-6949.59,188.41,931.53,-6761.17,-5829.64,,,,,
6651,1790.34,4270.8,5183.35,513.44,270.78,-191.66,-3906.85,-31676.72,1736.92,22653.04,-6761.26,186.48,643.42,-6574.78,-5931.36,,,,,
6661,1813.78,4239.06,5167.02,494.4,283.12,-171.2,-3875.61,-31784.85,1723.74,22633.37,-6676.69,183.06,522.84,-6493.63,-5970.79,,,,,
6671,1806.27,4215.83,5185.1,507.53,284.94,-162.02,-3844.11,-31882.45,1737.7,22706.41,-6667.92,184.25,555.19,-6483.67,-5928.48,,,,,
6681,1854.57,4193.52,5197.15,509.11,281.13,-164.73,-3844.27,-31894.23,1723.04,22689.69,-6643.61,186.78,544.98,-6456.84,-5911.86,,,,,
6691,1841,4198.73,5207.88,514.26,278.53,-151.69,-3887.38,-31876.47,1759.33,22833.5,-6746.63,183.11,717.68,-6563.52,-5845.84,,,,,
6701,1805.47,4207.77,5209.44,510.37,269.86,-162.64,-3899.13,-31836.64,1763.53,22754.39,-6687.3,186.28,622.4,-6501.02,-5878.62,,,,,
6711,1806.08,4227.97,5200.75,515.42,280.53,-202.06,-3883.23,-31843.31,1767.99,22687.44,-6660.87,180.35,557.58,-6480.51,-5922.94,,,,,
6721,1817.61,4256.36,5200.7,505.29,282.16,-182.68,-3884.36,-31626.91,1707.6,22570.21,-6789.22,187.65,645.98,-6601.57,-5955.58,,,,,
6731,1807.38,4154.65,5240.84,498.09,259.89,-168.8,-3870.76,-31724.58,1754.54,22658.65,-6726.21,186.37,609.9,-6539.84,-5929.94,,,,,
6741,1784.68,4168.36,5212.25,511.37,260.76,-175.24,-3865.07,-31809.04,1754.6,22641.14,-6723.17,188.23,483.82,-6534.94,-6051.12,,,,,
6751,1800.48,4245.84,5229.67,516.22,289.24,-192.88,-3848.13,-31788.64,1765.7,22648.59,-6674.76,189.86,666.08,-6484.9,-5818.82,,,,,
6761,1736.71,4273.92,5184.3,506.37,280.39,-194.9,-3877.42,-31657.91,1754.55,22698.44,-6778.28,187.63,704.46,-6590.65,-5886.19,,,,,
6771,1778.01,4238.72,5214.71,496.37,247.46,-155.09,-3892.24,-31636.16,1779.93,22715.63,-6846.46,185.36,787.34,-6661.1,-5873.76,,,,,
6781,1866.63,4222.45,5224.72,516.8,282.2,-206.21,-3880.66,-31585.44,1716.15,22659.15,-6867.58,187.17,815.78,-6680.41,-5864.63,,,,,
6791,1797.12,4206.71,5170.28,509.48,259.94,-161.48,-3887.24,-31801.49,1759.43,22766.81,-6720.69,187.81,619.56,-6532.88,-5913.33,,,,,
6801,1836.86,4214.59,5185.32,521.65,270.05,-170.2,-3906.22,-31599.41,1746.8,22671.04,-6847.56,188.38,770.47,-6659.18,-5888.71,,,,,
6811,1827.94,4202.43,5209.58,493.88,286.14,-173.46,-3884.63,-31653.54,1731.94,22699.69,-6789.14,186.53,739.96,-6602.61,-5862.65,,,,,
6821,1787.93,4194.45,5258.3,506.37,287.68,-190.07,-3889.97,-31560.14,1768.06,22718.62,-6917.4,186.29,881.25,-6731.11,-5849.86,,,,,
6831,1821.29,4126.85,5202.83,487.66,277.72,-182.01,-3873.51,-31809.15,1766.05,22741.3,-6745.89,184.41,559.03,-6561.48,-6002.45,,,,,
6841,1819.58,4247.13,5218.4,500.77,265.42,-174.91,-3949.68,-31520.59,1729.81,22538.43,-6836.75,185.39,674.36,-6651.36,-5977.01,,,,,
6851,1806.1,4133.48,5225.51,501.45,278.59,-171.23,-3881.43,-31644.44,1739.87,22684.87,-6773.11,184.32,672.78,-6588.79,-5916.01,,,,,
6861,1817.23,4132.92,5207.42,513.7,261.35,-202.11,-3850,-31599.69,1797.89,22620.23,-6781.41,186.26,698.96,-6595.15,-5896.2,,,,,
6871,1825.99,4156.24,5210.52,502.57,254.73,-150.92,-3896.35,-31627.07,1744.81,22678.03,-6799.88,186.55,698.56,-6613.33,-5914.78,,,,,
6881,1821.94,4153.67,5173.37,498.31,271.52,-174.1,-3845.5,-31617.87,1760.69,22662.87,-6798.88,192.21,704.89,-6606.67,-5901.78,,,,,
6891,1855.58,4154.25,5208.76,503.96,287.77,-171.52,-3908.88,-31764.68,1758.81,22625.76,-6639.56,186.44,549.81,-6453.12,-5903.31,,,,,
6901,1854.8,4268.62,5183.93,506.27,272.7,-182.64,-3907.96,-31556.04,1730.68,22645.59,-6812.88,185.9,815.96,-6626.97,-5811.02,,,,,
6911,1800.14,4251.41,5212.59,510.62,280.76,-159.53,-3900.18,-31776.53,1719.45,22738.43,-6726.98,189.15,677.16,-6537.82,-5860.66,,,,,
6921,1788.4,4257.01,5174.06,515.15,285.95,-191.52,-3914.42,-31727.6,1771.41,22690.84,-6785.43,185.61,649.28,-6599.82,-5950.54,,,,,
6931,1832.7,4188.8,5148.39,522.77,269.1,-180.13,-3835.5,-31877.99,1738.35,22768.51,-6697.97,188.2,574.99,-6509.76,-5934.77,,,,,
6941,1870.88,4211.89,5218.78,510.6,259.32,-188.02,-3909.8,-31815.63,1729.12,22731.61,-6662.18,181.56,618.76,-6480.62,-5861.85,,,,,
6951,1798.04,4277.12,5194.4,509.3,288.77,-220.75,-3837.4,-31716.51,1771.46,22722.05,-6826.05,189.95,786.47,-6636.11,-5849.64,,,,,
6961,1863.53,4242.46,5196.93,491.9,261.46,-181.39,-3890.68,-31623.06,1717.7,22762.31,-6870.37,186.46,841.15,-6683.91,-5842.76,,,,,
6971,1854.38,4185.55,5194.27,497.59,275.69,-164.51,-3865.19,-31814.05,1716.28,22743.96,-6701.47,188.28,623.97,-6513.2,-5889.23,,,,,
6981,1844.05,4282.23,5204.69,503.06,278.84,-207.05,-3866.21,-31797.27,1759.87,22673.63,-6682.09,188.81,675.84,-6493.28,-5817.45,,,,,
6991,1822.32,4248.33,5186.05,512.06,280.79,-191.7,-3879.24,-31739.5,1743.41,22795.67,-6836.91,189.94,778.17,-6646.97,-5868.8,,,,,
7001,1837.64,4189.55,5230.53,501.28,279.55,-171.92,-3897.93,-31722.66,1771.99,22727.58,-6806.57,190.71,745.6,-6615.86,-5870.26,,,,,
7011,1871.87,4240.32,5217.38,513.61,276.22,-205.31,-3894.52,-31480.34,1734.82,22661.71,-6947.19,187.54,935.76,-6759.65,-5823.9,,,,,
7021,1716.36,4126.25,5195.98,488.19,265.34,-175.58,-3902.1,-31650.97,1806.83,22775.47,-6865.33,186.18,645.77,-6679.15,-6033.38,,,,,
7031,1835.87,4280.53,5241.91,519.92,274.3,-225.68,-3859.15,-31792.06,1746.29,22636.52,-6684,185.64,658.45,-6498.36,-5839.91,,,,,
7041,1817.27,4232.53,5173.01,507.57,279.61,-183.46,-3897.57,-31868.09,1725.03,22770.98,-6693.73,192.03,556.88,-6501.7,-5944.82,,,,,
7051,1811.88,4171.05,5210.94,511.6,255.04,-158.52,-3911.19,-31764.91,1755.53,22828.99,-6782.29,185.05,710.41,-6597.24,-5886.83,,,,,
7061,1787.82,4252.54,5191.56,508.13,285.18,-184.06,-3875.4,-31632.86,1756.39,22812.36,-6895.07,187.97,901.67,-6707.1,-5805.43,,,,,
7071,1774.71,4239.74,5170.82,510.39,282.65,-177.22,-3954.12,-31672.77,1759.01,22622.98,-6740.5,186.7,556.21,-6553.81,-5997.6,,,,,
7081,1763.97,4215.6,5198.36,502.19,272.08,-174.09,-3879.17,-31742.56,1805.3,22754.8,-6757.95,188.18,716.48,-6569.77,-5853.29,,,,,
7091,1836.86,4247.58,5194.29,492.67,254.11,-221.6,-3887.36,-31581.15,1719.19,22545.89,-6748.09,186.61,600.49,-6561.49,-5961,,,,,
7101,1802.24,4155.06,5202.12,510.67,290.81,-202.18,-3894.84,-31758.87,1749.37,22731.49,-6718.69,189.23,585.88,-6529.47,-5943.59,,,,,
7111,1807.05,4216.06,5188.48,506.7,268.36,-197.24,-3927.11,-31773.46,1737.39,22622,-6624.68,186.32,448.22,-6438.37,-5990.15,,,,,
7121,1860.02,4276.28,5190.56,535.47,286.84,-178.24,-3873.04,-31657.9,1776.1,22603.97,-6722.29,191.02,820.06,-6531.28,-5711.22,,,,,
7131,1850.92,4208.64,5219.31,501.51,266.54,-188.25,-3894.25,-31815.55,1714.62,22625.79,-6609.2,185.4,489.3,-6423.8,-5934.5,,,,,
7141,1843.86,4165.81,5180.84,510.98,272.15,-197.95,-3908.26,-31620.81,1758.66,22607.95,-6734.91,188.31,613.22,-6546.6,-5933.38,,,,,
7151,1821.21,4158.95,5219.18,501.48,274.99,-178.7,-3874.39,-31719.05,1761.18,22703.87,-6731.8,189.79,668.73,-6542.01,-5873.29,,,,,
7161,1818.22,4157.89,5220.18,492.41,275.53,-181.02,-3914.8,-31467.08,1754.36,22627.85,-6874.49,192.37,783.52,-6682.12,-5898.6,,,,,
7171,1841.24,4238.35,5166.9,497.07,267.86,-197.1,-3898.88,-31592.42,1733.44,22705.19,-6785.44,188.64,761.65,-6596.8,-5835.15,,,,,
7181,1774.7,4134.7,5240.58,491.68,287.14,-198.7,-3894,-31401.89,1788.47,22665.13,-6926.27,191.29,887.8,-6734.98,-5847.18,,,,,
7191,1808.19,4117.33,5222.96,513.73,276.5,-209.44,-3946.52,-31479.32,1738.84,22676.33,-6922.33,189.02,718.59,-6733.31,-6014.72,,,,,
7201,1811.61,4261.15,5203.44,511.46,267.44,-188.97,-3874.36,-31644.6,1765.53,22790.2,-6885.71,189.58,902.91,-6696.12,-5793.22,,,,,
7211,1890.02,4210.24,5233.23,504.26,270.21,-195.05,-3859.06,-31397.4,1729.76,22658.97,-7023.52,191.89,1045.17,-6831.64,-5786.46,,,,,
7221,1795.53,4169.15,5231.19,503.92,279.17,-187.75,-3917.93,-31818.85,1757.52,22869.86,-6731.27,183.77,681.8,-6547.49,-5865.7,,,,,
7231,1837.55,4337.22,5198.23,501.47,264.26,-168.67,-3913.26,-31726.3,1770.71,22735.55,-6793.57,190.76,836.74,-6602.81,-5766.07,,,,,
7241,1828.64,4237.26,5177.13,517.96,262.07,-177.93,-3922.04,-31816.82,1747.72,22898.49,-6794.02,190.1,752.47,-6603.93,-5851.46,,,,,
7251,1769.56,4306.51,5189.46,517.4,262.37,-204.51,-3918.4,-31929.86,1771.08,22782.32,-6593.25,187.82,545.93,-6405.43,-5859.5,,,,,
7261,1852.08,4245.75,5211.72,507.33,282.42,-205.89,-3861.76,-31807.1,1745.08,22795.11,-6746.41,191.32,764.74,-6555.09,-5790.35,,,,,
7271,1843.41,4197.15,5316.45,514.88,276.87,-196.92,-3917.25,-31689.49,1757.1,22782.42,-6869.68,193.46,884.63,-6676.21,-5791.59,,,,,
7281,1758.49,4171.75,5191.9,509.12,263.6,-205.03,-3867.46,-31938.68,1780.29,22802.71,-6604.12,187.69,466.68,-6416.43,-5949.75,,,,,
7291,1783.97,4218.13,5239.15,515.64,287.13,-202.62,-3876.85,-31811.75,1765.68,22755.66,-6702.45,190.72,674.13,-6511.73,-5837.6,,,,,
7301,1822.5,4286.01,5212.97,509.2,260.64,-183.74,-3830.62,-31741.75,1742.79,22656.75,-6693.99,190.51,734.74,-6503.48,-5768.74,,,,,
7311,1777.2,4162.7,5201.3,506.37,278.93,-181.67,-3858.09,-32045.97,1776.27,22818.87,-6518.06,186.34,435.91,-6331.72,-5895.81,,,,,
7321,1830.9,4235.2,5168.31,508.95,246.75,-169.83,-3895.22,-31751.54,1754.41,22693.23,-6716.94,188.94,621.17,-6527.99,-5906.82,,,,,
7331,1814.39,4325.06,5225.73,508.48,286.33,-213.67,-3878.11,-31731.53,1758.41,22759.14,-6798.01,189.71,854.24,-6608.29,-5754.05,,,,,
7341,1840.06,4150.45,5198.87,510.37,269.84,-190.64,-3865.89,-31905.04,1743.71,22725.79,-6541.59,186.09,477.51,-6355.5,-5877.99,,,,,
7351,1774.21,4198.77,5158.71,494.33,259.86,-176.51,-3851.33,-31995.42,1759.89,22696.41,-6516.4,184.33,318.92,-6332.07,-6013.15,,,,,
7361,1855.8,4160.54,5225.66,517.98,253.4,-175.19,-3872.38,-31966.06,1766.7,22715.64,-6573.79,187.63,482.09,-6386.16,-5904.07,,,,,
7371,1802.08,4262.79,5207.87,517.73,291.92,-198.22,-3895.07,-31754.09,1753.76,22614.38,-6645.82,189.59,603.15,-6456.23,-5853.08,,,,,
7381,1850.93,4232.18,5196.12,506.57,274.13,-198.87,-3885.76,-31927.88,1732.36,22774.51,-6604.91,187.39,554.29,-6417.52,-5863.23,,,,,
7391,1765.63,4217.25,5162.52,502.86,271.4,-198.66,-3893.97,-31856.39,1743.96,22653.87,-6586.2,188.83,368.47,-6397.37,-6028.9,,,,,
7401,1834.67,4196.79,5172.63,520.43,260.94,-195.19,-3879.04,-32107.77,1774.8,22802.97,-6468.06,189.15,381.23,-6278.91,-5897.68,,,,,
7411,1856.19,4300.7,5189.45,514.96,273.6,-196.49,-3813.13,-32031.66,1734.15,22663.07,-6433.34,187.42,490.86,-6245.91,-5755.05,,,,,
7421,1862.07,4238.06,5182.28,504.34,290.96,-163.06,-3839.12,-31761.4,1767.95,22572.94,-6647.37,191.32,655.02,-6456.05,-5801.03,,,,,
7431,1918.28,4171.26,5168.93,496.15,289.91,-169.8,-3886.12,-31766,1746.06,22573.88,-6652.91,188.17,542.54,-6464.74,-5922.19,,,,,
7441,1799.83,4226.1,5173.87,506.46,269.77,-206.89,-3895.37,-31879.49,1758.76,22717.59,-6621.86,189.16,470.63,-6432.7,-5962.07,,,,,
7451,1837.5,4176.54,5205.03,506.93,252.71,-180.73,-3794.57,-31891.27,1711.11,22643.45,-6571.54,194.83,466.69,-6376.71,-5910.01,,,,,
7461,1857.76,4166.75,5211.23,493.17,291.52,-180.48,-3866.22,-31954.21,1735.01,22771.66,-6597.78,189.95,526.21,-6407.82,-5881.61,,,,,
7471,1798.14,4258.68,5176.52,522.45,265.47,-177.31,-3888.56,-31935.63,1785.09,22787.68,-6638.08,188.89,592.54,-6449.19,-5856.65,,,,,
7481,1840.61,4127.49,5140.38,506.96,267.64,-172.3,-3863.07,-31996.12,1742.53,22738.02,-6555.72,187.6,332.14,-6368.12,-6035.98,,,,,
7491,1792.76,4169.63,5208.12,507.64,256.15,-173.22,-3871.59,-31978.49,1745.25,22715.98,-6525,187.69,372.22,-6337.31,-5965.08,,,,,
7501,1831.3,4252.86,5205.75,504.72,274.43,-201.75,-3913.52,-31811.83,1749.25,22751.31,-6679.62,189.46,642.51,-6490.16,-5847.65,,,,,
7511,1784.26,4231.28,5184.6,502.88,261.27,-177.82,-3844.31,-31776.5,1772.49,22639.69,-6704.43,189.09,577.85,-6515.34,-5937.49,,,,,
7521,1814.23,4286.38,5139.46,506.32,258.66,-194.87,-3860.18,-31835.05,1760.59,22610.45,-6661.87,187.68,486.01,-6474.19,-5988.18,,,,,
7531,1842.09,4296.01,5174.92,512.49,266.83,-191.04,-3799.78,-31937.32,1739.73,22808.91,-6724.92,187.87,712.83,-6537.05,-5824.22,,,,,
7541,1831.16,4174.1,5218.97,510.56,263.73,-176.54,-3842.24,-31842.49,1772.46,22801.53,-6768.09,190.37,711.25,-6577.71,-5866.46,,,,,
7551,1860.79,4166.29,5178.35,504.24,274.19,-198.24,-3836.12,-31905.72,1747.37,22726.05,-6673.69,187.05,517.18,-6486.64,-5969.46,,,,,
7561,1793.63,4250.35,5208.02,498.88,272.16,-194.89,-3858.73,-31688.17,1785.46,22742.15,-6840.87,191.29,808.87,-6649.58,-5840.72,,,,,
7571,1776.78,4202.87,5148.17,497.37,279.71,-220.94,-3865.66,-31855.07,1767.26,22737.83,-6673.14,187.19,468.33,-6485.94,-6017.61,,,,,
7581,1768.95,4227.85,5195.8,503.21,281.92,-170.46,-3865.19,-31951,1754.42,22763.95,-6623.27,187.36,509.46,-6435.92,-5926.46,,,,,
7591,1747.94,4289.43,5161.02,510.98,274.13,-153.55,-3866.01,-31976.92,1769.19,22733.43,-6596.46,187.04,489.64,-6409.42,-5919.77,,,,,
7601,1795.47,4269.47,5233.36,524.86,287.01,-191.34,-3907.8,-31755.86,1781.34,22757.36,-6767.04,190.28,793.87,-6576.76,-5782.89,,,,,
7611,1872.22,4168.59,5175.3,509.33,281.66,-188.69,-3836.01,-31661.05,1729.47,22650.65,-6870.35,193.73,701.48,-6676.62,-5975.14,,,,,
7621,1863.98,4252.14,5205.36,515.12,289.58,-190.91,-3824.97,-31746.79,1726.24,22714.08,-6803.6,195.12,803.83,-6608.48,-5804.65,,,,,
7631,1812.67,4198.08,5199.88,504.84,282.7,-187.32,-3830.35,-31785.87,1764.93,22761.06,-6795.4,193.75,720.63,-6601.65,-5881.02,,,,,
7641,1821.1,4215.32,5226.84,503.98,273.51,-187.73,-3875.98,-31566.12,1709.99,22652.19,-6854.2,191.89,773.09,-6662.31,-5889.22,,,,,
7651,1804.66,4218.6,5178.01,485.55,274.92,-187.81,-3861.02,-31470.64,1721.33,22554.18,-6940.06,191.34,717.78,-6748.72,-6030.95,,,,,
7661,1775.79,4275.23,5209.53,508.91,256.15,-182.66,-3873.32,-31638.64,1754.02,22698.99,-6872.35,190.8,784,-6681.54,-5897.54,,,,,
7671,1799.37,4263.3,5213.76,510.98,277.55,-199.44,-3856.12,-31623.54,1803.74,22620.2,-6824.56,189.93,809.79,-6634.63,-5824.84,,,,,
7681,1849.45,4314.64,5183.14,510.2,281.12,-215.58,-3785.18,-31557.43,1731.22,22600.16,-6913.23,195.08,911.74,-6718.16,-5806.42,,,,,
7691,1811.72,4151.58,5204.73,490.07,264.27,-195.43,-3864.18,-31452.29,1778.72,22663.17,-6965.58,188.72,852.35,-6776.86,-5924.51,,,,,
7701,1848.24,4223.94,5187.4,514.05,254.45,-203.48,-3797.91,-31795.7,1753.58,22682.7,-6687.67,192.45,667.27,-6495.23,-5827.96,,,,,
7711,1831.62,4187.51,5215.01,522.9,283.76,-233.04,-3861.86,-31812.78,1735.48,22722.93,-6682.47,191.21,591.53,-6491.27,-5899.73,,,,,
7721,1869.1,4221.35,5231.3,514.69,284.39,-171.91,-3869.11,-31791.42,1755.95,22635.71,-6640.52,186.76,680.05,-6453.77,-5773.71,,,,,
7731,1781.6,4214.01,5181.91,500.27,283.34,-180.78,-3851.31,-31907.47,1753.84,22651.03,-6591.61,187.22,426.43,-6404.39,-5977.96,,,,,
7741,1808.24,4178.26,5199.61,526.52,265.85,-171.02,-3814.45,-31816.71,1755.87,22704.33,-6699.88,190.39,636.5,-6509.49,-5872.99,,,,,
7751,1800.63,4160.81,5230.56,494.35,263.75,-167.07,-3859.73,-31872.74,1746.89,22724.52,-6631.09,188.91,521.98,-6442.18,-5920.2,,,,,
7761,1822.56,4269.53,5156.85,524.96,281.35,-178.45,-3863.66,-31819.4,1755.7,22756.96,-6712.61,185.93,706.42,-6526.69,-5820.27,,,,,
7771,1770.96,4141.54,5189.4,491.26,260.39,-153.88,-3853.82,-31695.3,1733.88,22813.38,-6830.03,189.36,697.8,-6640.66,-5942.86,,,,,
7781,1862.21,4209.49,5193.56,504.23,266.92,-230.08,-3843.01,-31698.8,1732.49,22704.63,-6783.85,192.21,701.64,-6591.63,-5889.99,,,,,
7791,1814.43,4238.25,5229.79,530.84,260.67,-241.94,-3875.42,-31919.17,1726.56,22760.76,-6596.26,185.9,524.78,-6410.36,-5885.58,,,,,
7801,1811.94,4236.33,5175.68,522.82,277.67,-198.89,-3887.94,-31739.95,1767.98,22748.05,-6722.58,188.63,713.69,-6533.95,-5820.25,,,,,
7811,1774.85,4262.02,5219.57,511.66,283.01,-186.95,-3834.18,-31851.08,1797.48,22720,-6688.37,191.56,696.36,-6496.81,-5800.45,,,,,
7821,1823.57,4211.9,5189.55,524.21,269.42,-195.53,-3909.3,-31490.17,1739.82,22648.77,-6916.04,189.58,812.24,-6726.46,-5914.22,,,,,
7831,1790.66,4215.11,5167.81,500.42,275.12,-181.52,-3922.52,-31635.95,1757.57,22674.08,-6771.49,185.77,640.77,-6585.72,-5944.95,,,,,
7841,1815.11,4178.59,5219.65,505.85,274.76,-213.14,-3865.22,-31722.72,1777.72,22645.12,-6696.08,187.82,615.71,-6508.26,-5892.54,,,,,
7851,1841.04,4120.45,5216.53,504.15,275.54,-190.74,-3902.59,-31783.11,1757.64,22701.3,-6706.47,186.35,540.2,-6520.12,-5979.92,,,,,
7861,1811.77,4200.43,5210.56,501.65,260.63,-197.62,-3866.35,-31803.1,1747.16,22773.21,-6720.74,188.82,638.37,-6531.92,-5893.56,,,,,
7871,1812.56,4115.42,5196.06,495.47,275.12,-175.59,-3924.22,-31700.33,1769.78,22785.72,-6808.73,184.06,650,-6624.67,-5974.68,,,,,
7881,1833.51,4216.58,5222.72,513.2,269.57,-207.05,-3899.37,-31689.28,1769.58,22658.44,-6763.65,186.44,687.9,-6577.2,-5889.31,,,,,
7891,1823.72,4176.57,5225.57,521.2,281.14,-203.18,-3915.72,-31578.53,1761.29,22626.98,-6856.85,186.89,719.05,-6669.96,-5950.91,,,,,
7901,1832.28,4198.21,5165.6,487.87,291.34,-191.58,-3916.04,-31709.18,1757.79,22666.5,-6697.53,185.36,582.79,-6512.18,-5929.38,,,,,
7911,1762.82,4217.64,5190.17,505.04,276.89,-188.51,-3899.97,-31668.66,1750.34,22690.11,-6765.06,184.69,635.85,-6580.37,-5944.52,,,,,
7921,1866.77,4288.31,5221.44,518.22,273.64,-168.26,-3871.13,-31702.52,1730.76,22504.9,-6705.29,184,662.13,-6521.29,-5859.16,,,,,
7931,1876.27,4205.16,5189.91,514.87,251.99,-185.05,-3904.66,-31810.18,1750.36,22692.29,-6652.48,183.04,580.97,-6469.44,-5888.46,,,,,
7941,1835.19,4203.06,5183.92,504.75,301.46,-202.1,-3886.72,-31704.71,1751.29,22691.09,-6776.64,180.43,677.22,-6596.21,-5918.99,,,,,
7951,1771.26,4198.83,5163.11,509.99,275.3,-204.64,-3910.4,-31704.35,1788.51,22624.63,-6679.71,183.95,512.25,-6495.77,-5983.51,,,,,
7961,1766.39,4130.52,5181.14,515.27,270.53,-198.13,-3921.36,-31689.06,1766.26,22741.42,-6763.83,189.24,562.98,-6574.59,-6011.61,,,,,
7971,1802.24,4145.55,5212.4,494.05,291.13,-195.85,-3861.87,-31675.76,1783.19,22671.58,-6772.47,186.01,666.66,-6586.46,-5919.8,,,,,
7981,1790.74,4169.69,5236.53,499.97,268.83,-218.04,-3909.91,-31653.47,1724.5,22744.78,-6846.67,186.83,653.62,-6659.84,-6006.22,,,,,
7991,1827.67,4248.61,5203.3,519.84,274.27,-210.25,-3887.11,-31581.46,1755.46,22641,-6860.17,187.6,791.32,-6672.57,-5881.25,,,,,
8001,1785.43,4227.32,5201.84,516.27,273.67,-194.67,-3868.2,-31895.31,1749.99,22700.21,-6621.37,186.42,496.54,-6434.95,-5938.41,,,,,
8011,1817.5,4184.7,5215.34,515.06,291.51,-212.77,-3815.66,-31659.29,1749.77,22649.08,-6858.67,193.15,735.24,-6665.51,-5930.28,,,,,
8021,1791.49,4254.49,5220.43,515.54,289.43,-196.87,-3912.18,-31559.06,1720.93,22575.27,-6819.29,188.04,699.46,-6631.24,-5931.78,,,,,
8031,1801.85,4230.93,5218.89,506.53,299.12,-201.36,-3898.29,-31656.46,1755.5,22691.28,-6837.49,187.05,747.98,-6650.44,-5902.46,,,,,
8041,1831.8,4174.17,5184.92,508.06,266.1,-226.77,-3910.25,-31711.23,1765.86,22748.71,-6768.97,188.69,631.37,-6580.27,-5948.91,,,,,
8051,1806.64,4219.69,5180.55,496.73,279.33,-200.25,-3898.49,-31587.35,1771.99,22717.34,-6854.19,184.56,786.17,-6669.63,-5883.46,,,,,
8061,1758.39,4251.44,5200.45,505.69,276.39,-188.62,-3885.49,-31480.54,1782.62,22735.1,-6980.62,191.15,955.44,-6789.47,-5834.02,,,,,
8071,1767.72,4254.77,5177.96,496.4,270.31,-177.13,-3890.32,-31617.48,1754.82,22655.05,-6827.61,185.06,692.11,-6642.55,-5950.44,,,,,
8081,1839.73,4287.03,5178.31,516.63,286.71,-175.87,-3928.13,-31583.39,1750.36,22702.05,-6883.39,189.9,873.43,-6693.49,-5820.06,,,,,
8091,1805.55,4225.12,5160.86,513.41,273.13,-188.8,-3869.48,-31661.08,1722.42,22732.46,-6824.74,188.15,713.59,-6636.59,-5922.99,,,,,
8101,1765.51,4218.65,5163.58,494.09,266.55,-196.69,-3896.13,-31701.73,1760.09,22656.99,-6767.11,188.72,530.92,-6578.4,-6047.48,,,,,
8111,1867.34,4256.67,5167.43,502.18,253.08,-197.58,-3850.45,-31551.15,1761.56,22636.17,-6854.12,186.36,845.25,-6667.76,-5822.51,,,,,
8121,1830.31,4258.31,5188.21,512.15,273.33,-181.76,-3889.47,-31590.78,1718.99,22660.66,-6884.49,188.36,779.97,-6696.13,-5916.16,,,,,
8131,1876.83,4161.2,5212.09,509.67,265.84,-211.77,-3890.84,-31649.78,1777.24,22858.42,-6957.7,190.46,908.91,-6767.24,-5858.33,,,,,
8141,1779.72,4202,5178.98,504.23,270.49,-236.96,-3918.93,-31540.92,1777.55,22779.59,-6959.52,185.83,795.76,-6773.69,-5977.93,,,,,
8151,1806.31,4288.08,5189.63,501.42,283.31,-223.04,-3871.87,-31728.63,1762.79,22801.52,-6843.91,192.36,809.51,-6651.55,-5842.03,,,,,
8161,1767.1,4330.89,5183.14,522.18,274.92,-182.9,-3917.94,-31511.55,1736.09,22709.35,-6942.77,190.31,911.3,-6752.47,-5841.17,,,,,
8171,1859.9,4246.05,5201.5,516.4,260.62,-187.71,-3939.62,-31555.65,1691.8,22735.25,-6919.95,184.39,828.55,-6735.56,-5907.01,,,,,
8181,1860.16,4198.25,5221.84,499.03,279.86,-198.66,-3902.19,-31566.22,1717.26,22774.56,-6952.54,186.65,883.88,-6765.89,-5882.02,,,,,
8191,1763.54,4193.55,5183.71,494.81,265.53,-196.53,-3913.65,-31551.38,1812.56,22797.82,-6940.57,182.78,849.97,-6757.79,-5907.82,,,,,
8201,1807.57,4157.81,5199.36,497.57,286.61,-197.24,-3900.78,-31364.79,1771.65,22654.37,-7051.1,189.67,912.14,-6861.43,-5949.29,,,,,
8211,1796.66,4222.75,5248.47,499.51,292.24,-200.69,-3936.36,-31528.2,1729.97,22719.4,-6950.03,188.81,843.75,-6761.22,-5917.47,,,,,
8221,1882.23,4237.73,5154.93,522.81,264.22,-176.18,-3842.17,-31618.04,1741.12,22735.74,-6868.88,186.36,902.4,-6682.53,-5780.13,,,,,
8231,1824.16,4198.22,5206.86,510.78,256.86,-194.45,-3924.47,-31517.35,1708,22831.13,-6942.53,185.64,899.75,-6756.89,-5857.14,,,,,
8241,1839.94,4250.84,5219.74,513.08,268.08,-210.79,-3903.15,-31495.6,1744.02,22770.37,-7007.98,189.89,996.52,-6818.09,-5821.57,,,,,
8251,1790.3,4323.37,5241.6,509.79,282.92,-212.29,-3904.28,-31540.43,1754.76,22764.32,-6949.44,187.3,1010.06,-6762.13,-5752.07,,,,,
8261,1815.09,4218.8,5255.05,509.17,287.47,-215.94,-3936.63,-31428.1,1741.04,22708.75,-7043.81,187.31,954.71,-6856.5,-5901.79,,,,,
8271,1789.9,4192.58,5186.76,488.16,268.95,-192.79,-3911.23,-31553.92,1715.27,22700.56,-6866.73,187.81,684.25,-6678.92,-5994.66,,,,,
8281,1808.23,4214.65,5182.25,486.59,272.75,-185.4,-3944.4,-31453.78,1730.04,22672.95,-6902.63,187.44,783.9,-6715.18,-5931.29,,,,,
8291,1880.55,4283.53,5265.8,522.39,277.82,-215.16,-3933.24,-31732.95,1773.72,22609.93,-6624.09,182.16,732.39,-6441.93,-5709.54,,,,,
8301,1777.12,4256.65,5174.79,511.68,289.83,-216.35,-3874.01,-31650.47,1764.31,22728.24,-6824.42,188.89,761.78,-6635.52,-5873.74,,,,,
8311,1811.26,4195.72,5222.92,500.28,271.34,-199.54,-3892.86,-31657.79,1751.14,22694.72,-6800.95,186.71,697.19,-6614.24,-5917.05,,,,,
8321,1769.13,4216.51,5231.32,490.86,274.95,-191.09,-3910.01,-31747.12,1754.77,22784.27,-6773.43,188.17,673.59,-6585.26,-5911.67,,,,,
8331,1798.77,4134.13,5159.74,505.32,272.93,-183.53,-3883.34,-31767.62,1740.73,22763.99,-6770.86,189.94,541.12,-6580.91,-6039.79,,,,,
8341,1791.65,4261.74,5210.83,508.5,280.51,-214.73,-3889.63,-31532.57,1758.19,22680.34,-6881.3,188.39,854.84,-6692.91,-5838.07,,,,,
8351,1774.49,4201.18,5212.66,518.48,274.18,-180.96,-3935.95,-31567.7,1785.12,22709.47,-6881.71,188.86,790.98,-6692.85,-5901.87,,,,,
8361,1769.68,4279.13,5216.26,505.72,292.65,-208.98,-3894.65,-31514.29,1760.51,22746.31,-6968.96,189.01,952.34,-6779.94,-5827.6,,,,,
8371,1833.42,4187.48,5154.55,511.14,285.01,-209.06,-3925.57,-31722.44,1753.05,22822.69,-6777.7,182.88,690.27,-6594.83,-5904.56,,,,,
8381,1836.14,4262.2,5171.66,509.89,285.15,-176.76,-3924.26,-31493.27,1750.34,22689.46,-6952.04,185.38,910.55,-6766.66,-5856.11,,,,,
8391,1820.02,4199.21,5244.26,517.67,265.17,-229.75,-3839.06,-31481.12,1740.69,22648.99,-6988.66,191.84,886.09,-6796.82,-5910.73,,,,,
8401,1821.14,4190.77,5200.03,507.28,294.49,-196.97,-3908.1,-31426.28,1771.94,22595.89,-6919.01,184.57,850.18,-6734.44,-5884.26,,,,,
8411,1789.94,4233.33,5215.59,523.12,261.61,-190.52,-3889.63,-31628.69,1735.92,22656.04,-6820.28,185.64,706.71,-6634.64,-5927.93,,,,,
8421,1871.24,4173.75,5155.17,509.08,274.02,-186.49,-3859.83,-31544.54,1722.82,22634.55,-6897.78,190.02,749.76,-6707.77,-5958.01,,,,,
8431,1815.2,4198.66,5148.11,519.03,268.22,-173.12,-3824.12,-31731.98,1748.94,22714.49,-6785.73,190.89,683.43,-6594.84,-5911.4,,,,,
8441,1834.68,4214.02,5250.09,506.54,261.12,-216.66,-3909.77,-31747.13,1748.46,22665.44,-6714.25,189.81,606.8,-6524.44,-5917.65,,,,,
8451,1815.7,4106.35,5196.22,512.44,285.49,-208.63,-3893.25,-31541.35,1750.7,22641.56,-6865.77,187.63,665.24,-6678.15,-6012.91,,,,,
8461,1822.42,4267.02,5247.01,520.73,267.93,-226.33,-3833.87,-31788.83,1725.78,22750.57,-6746.06,191.46,752.44,-6554.6,-5802.16,,,,,
8471,1812.27,4225.84,5208.01,496.58,273,-176.69,-3861.22,-31703.44,1732.01,22720.97,-6808.72,193.13,727.33,-6615.59,-5888.26,,,,,
8481,1849.35,4269.27,5200.82,516.75,269.05,-190.82,-3908.43,-31537.19,1708.17,22659.4,-6849.4,187.38,836.37,-6662.02,-5825.65,,,,,
8491,1727.82,4264.59,5212.49,503.78,274.45,-185.27,-3939.94,-31620.96,1782.59,22794.04,-6853.9,184.01,813.6,-6669.89,-5856.29,,,,,
8501,1770.66,4241.28,5191.6,506.49,272.1,-171.61,-3891.12,-31663.9,1732.04,22760.97,-6820.27,187.61,748.52,-6632.66,-5884.14,,,,,
8511,1782.57,4170.2,5172.18,501.26,264.85,-205.72,-3868.62,-31810.79,1786.8,22791.35,-6734.09,187.34,584.08,-6546.75,-5962.67,,,,,
8521,1782.18,4253.66,5197.16,524.27,278.11,-198.9,-3906.54,-31721.81,1774.47,22665.6,-6770.01,187.19,648.21,-6582.82,-5934.62,,,,,
8531,1832.54,4228.38,5207.13,506.5,282.94,-167.85,-3902.8,-32022.69,1724.9,22744.71,-6486.38,185.73,433.76,-6300.65,-5866.89,,,,,
8541,1798.26,4262.44,5189.84,515.55,268.74,-181.74,-3911.15,-31913.13,1764.86,22656.85,-6587.63,187.92,450.51,-6399.71,-5949.19,,,,,
8551,1853.82,4240.48,5195.84,519.66,249,-193.98,-3906.56,-31813.43,1765.05,22757.66,-6689.83,186.32,667.54,-6503.51,-5835.97,,,,,
8561,1727.72,4267.12,5188.42,503.28,284.05,-183.83,-3895.35,-31680.78,1734.87,22770.99,-6805.14,190.32,716.5,-6614.82,-5898.32,,,,,
8571,1803.75,4209.2,5212.36,502.69,271.03,-230.09,-3912.92,-31788.25,1740.84,22741.44,-6727.49,185.52,550.07,-6541.98,-5991.91,,,,,
8581,1791,4193.59,5233.08,510.88,279.82,-202.28,-3939.27,-31798.09,1787.76,22771.18,-6689.2,184.38,627.66,-6504.82,-5877.16,,,,,
8591,1819.99,4213.32,5223.26,520.04,269.82,-184.72,-3942.23,-31603.36,1729.66,22726.71,-6838.32,184.29,772.5,-6654.03,-5881.53,,,,,
8601,1784.11,4241.6,5242.5,511.04,275.04,-184.14,-3951.06,-31741.4,1738.12,22738.62,-6744.84,186.26,654.44,-6558.58,-5904.14,,,,,
8611,1812.95,4211.55,5234.59,516.61,280.02,-204.97,-3922.73,-31750.74,1750.53,22672.29,-6696.89,190.41,600.11,-6506.48,-5906.37,,,,,
8621,1803.55,4128.89,5240.31,518.08,279.1,-193.13,-3907.93,-31726.33,1769.59,22732.8,-6749.52,188.6,644.93,-6560.92,-5916,,,,,
8631,1797.51,4283.46,5169.36,511.25,277.15,-187.07,-3850.82,-31793.26,1733.76,22614.49,-6633.15,190.71,555.84,-6442.44,-5886.6,,,,,
8641,1819.57,4295.13,5214.6,510.53,285.23,-217.84,-3910.03,-31833.54,1734.83,22671.29,-6615.9,186.12,569.78,-6429.78,-5860,,,,,
8651,1907.8,4198.14,5188.9,510.29,285.44,-184.78,-3870.33,-31682.26,1726.11,22633.38,-6786.79,191.86,712.69,-6594.93,-5882.24,,,,,
8661,1800.36,4280.78,5215.66,513.88,274.11,-214.42,-3855.66,-31641.24,1755.04,22613.05,-6792.06,189.51,741.55,-6602.55,-5861,,,,,
8671,1844.98,4229.98,5221.89,541.35,269.04,-222.23,-3880.83,-31772.13,1763.51,22703.83,-6709.83,190.31,699.38,-6519.52,-5820.13,,,,,
8681,1808.76,4205.94,5213.7,509.42,266.51,-192.45,-3930.4,-31638.84,1760.6,22634.98,-6757.4,187.33,638.21,-6570.07,-5931.86,,,,,
8691,1845.78,4188.34,5202.28,503.95,267.49,-218.84,-3894.55,-31523.81,1763.58,22494.29,-6814.08,188.09,628.52,-6626,-5997.48,,,,,
8701,1843.4,4209.03,5163.06,506.08,277.61,-186.45,-3865.18,-31485.25,1763.42,22564.95,-6881.97,194.95,790.68,-6687.02,-5896.33,,,,,
8711,1794.35,4201.47,5204.41,498.63,264.36,-218.54,-3888.23,-31347.01,1739.37,22601.37,-7040.91,191.06,850.18,-6849.85,-5999.67,,,,,
8721,1792.94,4232.05,5216.73,502.35,285.6,-211.84,-3903.86,-31585.12,1778.77,22628.39,-6745.13,185.38,736.02,-6559.75,-5823.73,,,,,
8731,1828.83,4259.91,5200.76,524.86,289.29,-201.92,-3856.7,-31228.38,1737.63,22611.18,-7142.78,194.03,1165.46,-6948.75,-5783.29,,,,,
8741,1834.43,4308.67,5230.22,503.75,275.98,-216.65,-3925.4,-31348.89,1729.94,22566.66,-6998.45,189.37,958.72,-6809.08,-5850.36,,,,,
8751,1803.34,4289.21,5237.06,511.98,285.27,-203.01,-3873.58,-31588.16,1759.6,22556.94,-6800.96,189.66,778.64,-6611.31,-5832.67,,,,,
8761,1815.28,4234.36,5192.9,503.76,281.96,-214.16,-3895.75,-31402.39,1719.37,22468.91,-6876.71,191.17,704.24,-6685.55,-5981.3,,,,,
8771,1825.76,4157.09,5250.46,493.99,253.49,-216.99,-3900.27,-31586.95,1770.2,22547.88,-6774.75,186.36,594.66,-6588.39,-5993.72,,,,,
8781,1824.96,4224.29,5196.14,505.33,291.15,-209.7,-3902.76,-31488.92,1756.81,22647.15,-6895.2,186.92,844.45,-6708.29,-5863.83,,,,,
8791,1759.98,4270.38,5186.39,519.57,275.54,-193.5,-3867.69,-31844.98,1745.16,22727.64,-6697.36,190.09,578.49,-6507.28,-5928.79,,,,,
8801,1835.24,4263.78,5188.45,520,291.77,-198.95,-3855.01,-31731.65,1773.63,22622.31,-6701.53,188.46,709.58,-6513.06,-5803.48,,,,,
8811,1749.08,4168.29,5179.23,498.74,273.48,-216.09,-3840.49,-31672.88,1760.87,22710.5,-6803.13,187.2,610.74,-6615.93,-6005.2,,,,,
8821,1834.59,4221.23,5180.63,504.13,257.09,-212.72,-3907.21,-31536.79,1784.03,22538.33,-6815.18,186.42,663.31,-6628.76,-5965.45,,,,,
8831,1764.95,4224.12,5216.58,501.93,286.86,-217.77,-3836.54,-31730.61,1786.81,22612.38,-6700.64,188.98,608.7,-6511.65,-5902.95,,,,,
8841,1798.5,4210.73,5194.23,496.86,287.29,-205.95,-3843.6,-31725.55,1763.59,22607.94,-6729.73,187.58,584.05,-6542.16,-5958.11,,,,,
8851,1812.51,4231.73,5163.48,501.11,251.88,-192.56,-3854.44,-31570.95,1777.41,22747.26,-6921.05,190.19,867.43,-6730.86,-5863.43,,,,,
8861,1778.07,4233.88,5169.55,521.48,252.62,-205.22,-3883.5,-31798.14,1765.92,22738,-6711.91,185.61,572.65,-6526.3,-5953.65,,,,,
8871,1810.88,4188.8,5202.92,517.39,276.44,-188.9,-3901.17,-31748.3,1741.13,22669.54,-6722.51,187.04,568.72,-6535.46,-5966.74,,,,,
8881,1804.5,4061.5,5233.28,485.58,283.13,-206.8,-3871.9,-31695.32,1763.92,22792.57,-6794.26,186.31,650.47,-6607.95,-5957.48,,,,,
8891,1841.19,4226.85,5201.86,517.58,268.58,-234.29,-3806.19,-31419.75,1751.66,22511.87,-6929.17,188.89,859.36,-6740.28,-5880.93,,,,,
8901,1782.93,4256.56,5202.62,498.61,274.63,-211.22,-3864.7,-31657.57,1732.84,22691.98,-6779.93,186.05,706.69,-6593.88,-5887.2,,,,,
8911,1844.93,4244.11,5182.7,498.16,264.82,-190.3,-3933.46,-31766.22,1739.29,22619.9,-6660.99,181.82,503.95,-6479.16,-5975.21,,,,,
8921,1865.94,4216.54,5226.35,517.8,275.33,-208.1,-3875.13,-31547.38,1754.19,22564.23,-6819.28,188.92,789.77,-6630.36,-5840.59,,,,,
8931,1746.36,4363.44,5196.19,517.31,266.66,-189.29,-3926.69,-31776.88,1767.19,22755.39,-6703.88,184.9,719.68,-6518.99,-5799.31,,,,,
8941,1756.56,4188.34,5166.37,502.95,268.49,-182.7,-3873.05,-31852.91,1723.39,22782.96,-6702.41,188.23,480.41,-6514.18,-6033.77,,,,,
8951,1789.99,4210.17,5165.91,518.24,275.16,-198.82,-3861.43,-31825.33,1758.5,22672.86,-6683.69,188.94,505.25,-6494.75,-5989.5,,,,,
8961,1764.35,4243.83,5208.81,509.28,273.23,-200.24,-3871.42,-31623.26,1767.39,22631.3,-6845.84,184.88,703.27,-6660.96,-5957.68,,,,,
8971,1821.37,4184.17,5217,505.37,259.49,-190.98,-3873.87,-31491.34,1733.97,22689.34,-6907.19,188.2,854.53,-6718.99,-5864.46,,,,,
8981,1774.88,4192.74,5222.82,493.84,279.45,-222.23,-3876.61,-31718.96,1760.55,22728.06,-6743.21,187.96,634.52,-6555.26,-5920.74,,,,,
8991,1791.84,4264.49,5175.49,506.35,274.99,-210.15,-3847.67,-31731.85,1744.65,22705.78,-6738.38,187.57,673.91,-6550.81,-5876.9,,,,,
9001,1818.85,4271.48,5188.25,501.6,283.52,-186.14,-3856.66,-31905.67,1758.42,22649.25,-6623.54,188.48,522.9,-6435.06,-5912.16,,,,,
9011,1831.94,4193.31,5158.7,504.93,308.32,-203.38,-3858.65,-31761.45,1728.53,22722.82,-6741.12,185.92,625.07,-6555.2,-5930.13,,,,,
9021,1853.9,4247.61,5211.77,498.06,278.05,-198.59,-3924.02,-31591.03,1721.7,22629.52,-6806.84,184.63,726.97,-6622.21,-5895.23,,,,,
9031,1785.81,4152.51,5197.85,481.34,278.43,-204.85,-3902.07,-31645.95,1737.32,22693.88,-6806.65,184.94,574.26,-6621.71,-6047.45,,,,,
9041,1858.21,4173.9,5200.05,512.63,272.23,-217.05,-3908.83,-31778.56,1731.79,22635.87,-6647.04,184.81,480.24,-6462.23,-5981.99,,,,,
9051,1820.17,4304.09,5205.81,531.06,280.77,-223.53,-3849.71,-31788.43,1762.74,22729.98,-6738.13,186.65,772.96,-6551.48,-5778.52,,,,,
9061,1779.82,4222.6,5287.02,520.84,274.14,-218.36,-3882.51,-31775.86,1732.92,22754.84,-6734.98,188.78,695.46,-6546.2,-5850.74,,,,,
9071,1785.82,4220.59,5234.82,514.99,279.12,-219.02,-3833.37,-31654.38,1786.28,22727.62,-6794.23,191.62,842.47,-6602.61,-5760.14,,,,,
9081,1843.64,4289.35,5225.36,506.98,259.86,-184.73,-3898.4,-31628.19,1725.02,22658.32,-6804.17,188.33,797.22,-6615.84,-5818.61,,,,,
9091,1717.74,4246.83,5241.98,493.61,281.12,-236.11,-3956.8,-31555.62,1776.02,22709.78,-6875.35,184.69,718.54,-6690.66,-5972.13,,,,,
9101,1815.65,4226.2,5249.16,524.74,278.85,-222.77,-3908.86,-31666.16,1776.04,22690.79,-6815.07,184.62,763.64,-6630.45,-5866.81,,,,,
9111,1832.22,4205.6,5176.26,501.46,269.35,-193.08,-3934.17,-31529.49,1742.68,22675.72,-6899.85,182.18,746.56,-6717.67,-5971.11,,,,,
9121,1769.05,4183.77,5228.86,483.93,282.41,-196.93,-3948.36,-31690.28,1753.55,22749.83,-6795.69,180.68,615.83,-6615.01,-5999.17,,,,,
9131,1829.81,4211.45,5217.27,507.69,273.82,-200.24,-3884,-31699.05,1732.26,22693.89,-6746.89,185.51,682.91,-6561.38,-5878.46,,,,,
9141,1821.51,4172.57,5217.88,510.5,264.53,-207.81,-3913.59,-31808.25,1753.77,22666.72,-6619.74,182.14,477.83,-6437.6,-5959.76,,,,,
9151,1836.19,4144.4,5261.39,493.22,282,-201.66,-3922.49,-31755.96,1736.65,22675.98,-6712.42,183.22,549.71,-6529.2,-5979.49,,,,,
9161,1826.62,4303.1,5219.73,519.47,274.15,-196.85,-3968.88,-31679.81,1738.21,22580.79,-6678.24,179.05,616.53,-6499.19,-5882.66,,,,,
9171,1831.29,4164.5,5229.33,520.2,275.33,-188.87,-3943.58,-31763.04,1767.9,22771.2,-6741.07,182,664.26,-6559.07,-5894.81,,,,,
9181,1822.03,4301.44,5188.2,510.01,284.7,-212.29,-3951.32,-31658.36,1739.82,22693.77,-6808.21,185.92,718.02,-6622.29,-5904.28,,,,,
9191,1766.17,4280.46,5200.31,524.5,265.21,-214.84,-3927.76,-31949.77,1754.32,22749.76,-6621.66,181.66,448.34,-6440,-5991.65,,,,,
9201,1820.4,4189.94,5248.45,512.12,281.78,-215.92,-3917.26,-31951.1,1800.1,22740.63,-6544.5,177.49,509.15,-6367.01,-5857.85,,,,,
9211,1812.34,4251.3,5197.78,518.86,294.28,-202.37,-3932.29,-31909.58,1747.12,22735.12,-6557.4,180.29,512.54,-6377.1,-5864.56,,,,,
9221,1782.2,4227.96,5197.74,503.81,278.75,-205.19,-3937.04,-31838.55,1739.43,22709.8,-6584.09,178.75,458.92,-6405.34,-5946.42,,,,,
9231,1778.56,4228.16,5165.42,498.67,258.13,-185.62,-3860.32,-31732.96,1755.32,22682.71,-6762.99,183.55,588.07,-6579.44,-5991.38,,,,,
9241,1809.14,4252.26,5214.24,517.34,285.33,-199.22,-3932.69,-31610.98,1746.29,22691.28,-6861.75,183.44,772.99,-6678.3,-5905.31,,,,,
9251,1814.06,4171.47,5222.54,499.21,297.03,-207.27,-3960.37,-31602.69,1745.79,22713.43,-6836.73,182.35,693.2,-6654.38,-5961.18,,,,,
9261,1817.14,4153.58,5223.76,499.46,283.53,-204.22,-3884.11,-31852.44,1761.87,22783.74,-6683.39,182.04,582.31,-6501.35,-5919.05,,,,,
9271,1791.94,4161.32,5219.83,504.61,274.02,-205.83,-3941.24,-31710.97,1740.7,22751.72,-6758.46,178.97,586.12,-6579.5,-5993.38,,,,,
9281,1803.4,4292.91,5214.89,507.47,277.17,-208.44,-3898.28,-31747.02,1742.45,22692.42,-6758.47,186.94,676.96,-6571.53,-5894.57,,,,,
9291,1805.95,4314.09,5190.88,531.58,292.82,-197.29,-3870.99,-31535.73,1768.2,22584.31,-6826.3,183.9,883.82,-6642.4,-5758.58,,,,,
9301,1820.02,4223.23,5241.05,517.21,261.73,-224.81,-3842.25,-31838.98,1733.13,22671.92,-6645.35,182.16,562.25,-6463.19,-5900.94,,,,,
9311,1793.61,4256.18,5205.23,511.6,288.43,-202.1,-3880.51,-31764.59,1735.85,22693.15,-6681.26,180.53,636.85,-6500.73,-5863.88,,,,,
9321,1779.88,4156.14,5246.1,501.46,258.4,-192.32,-3937.91,-31607.96,1764.29,22660.67,-6814.04,180.23,628.76,-6633.81,-6005.05,,,,,
9331,1811.5,4205.95,5226.85,496.07,285.65,-187.6,-3901.44,-31710.73,1785.9,22676.89,-6769.31,184.32,689.06,-6585,-5895.94,,,,,
9341,1844.98,4096.39,5241.4,500.42,270.7,-215.01,-3895.33,-31467.41,1750.94,22639.54,-6924.11,184.34,766.62,-6739.77,-5973.15,,,,,
9351,1773.31,4169.67,5209.34,489.29,273.81,-195.24,-3916.35,-31542.74,1759.94,22522.13,-6759.03,183.29,543.16,-6575.74,-6032.58,,,,,
9361,1806.23,4195.83,5225.31,494.9,267.91,-208,-3919.86,-31824.4,1742.2,22716.96,-6653.63,182.75,497.09,-6470.88,-5973.79,,,,,
9371,1819.84,4211.61,5194.03,512.13,277.91,-201.47,-3942.05,-31790.19,1730.58,22688.85,-6635.66,184.73,501.23,-6450.93,-5949.7,,,,,
9381,1784.43,4219.3,5148.95,511.03,260.12,-191.46,-3859.94,-31767.36,1773.03,22608.92,-6678.38,184.48,487.03,-6493.9,-6006.87,,,,,
9391,1749.36,4191.58,5274.08,512.17,285.48,-217.14,-3901.56,-31863.95,1771.78,22691.65,-6637.74,182.18,493.44,-6455.56,-5962.12,,,,,
9401,1792.6,4184.2,5175.07,488.47,282.74,-204.21,-3937.94,-31642.17,1752.17,22654.48,-6722.65,181.21,545.4,-6541.44,-5996.04,,,,,
9411,1787.36,4207.31,5177.91,503.77,271.05,-171.74,-3927.17,-31643.99,1751.01,22622.13,-6743.73,182.08,577.63,-6561.65,-5984.02,,,,,
9421,1805.63,4185.84,5176.6,499.55,279.5,-180.76,-3854.21,-31671.64,1739.22,22649.42,-6809.29,185.47,629.14,-6623.82,-5994.68,,,,,
9431,1812.29,4245.78,5232.66,515.1,290.16,-197.82,-3920.6,-31856.88,1728.25,22699.17,-6622.21,182.56,548.12,-6439.65,-5891.54,,,,,
9441,1854.73,4196.66,5177.39,502.63,286.95,-185.74,-3905.05,-31974.99,1748.88,22758.69,-6567.76,178.03,460.16,-6389.72,-5929.56,,,,,
9451,1842.5,4215.87,5204.94,510.17,276.13,-202.63,-3944.77,-31798.85,1751.36,22778.63,-6707.71,176.73,633.35,-6530.98,-5897.63,,,,,
9461,1766.82,4262.84,5196.26,504.07,275.52,-169.31,-3946.96,-31813.13,1760.67,22746.34,-6673.2,179.78,583.11,-6493.42,-5910.31,,,,,
9471,1779.49,4098.05,5236.34,497.75,274.97,-180.35,-3927.94,-31840.06,1757.56,22802.84,-6677.7,180.77,498.64,-6496.92,-5998.28,,,,,
9481,1760.83,4163.63,5193.5,511.38,273.25,-189.9,-3925.25,-31604.99,1792.79,22729.29,-6825.35,183.22,704.53,-6642.13,-5937.59,,,,,
9491,1815.21,4170.95,5218.79,489.91,266.15,-170.82,-3860.3,-31766.5,1760.96,22663.43,-6709.4,186.69,587.8,-6522.71,-5934.91,,,,,
9501,1756.18,4219.49,5228.02,508.04,274.65,-177.71,-3915.32,-31848.94,1799.09,22821.65,-6738.6,179.6,665.13,-6559,-5893.87,,,,,
9511,1821.05,4225.49,5188.13,511.01,267.04,-197.91,-3948.17,-31628.57,1740.51,22717.53,-6818.9,181.8,696.1,-6637.11,-5941,,,,,
9521,1793.19,4164.74,5204.48,520.75,270.1,-206.18,-3916.75,-31813.11,1728.34,22654.67,-6644.64,179.49,400.24,-6465.15,-6064.91,,,,,
9531,1808.21,4206.96,5191.08,495.04,274.45,-195.8,-3873.28,-31631.04,1759.34,22654.98,-6782.6,185.44,689.94,-6597.15,-5907.21,,,,,
9541,1848.32,4196.82,5204.74,515.41,284.72,-231.03,-3931.64,-31768.25,1785.33,22683.09,-6686.51,182.8,587.53,-6503.71,-5916.19,,,,,
9551,1775.77,4184.13,5225.04,488.09,276.12,-188.9,-3846.19,-31764.63,1776,22671.36,-6702.5,186.31,596.78,-6516.18,-5919.4,,,,,
9561,1795.56,4229.44,5185.09,506.16,291,-197.95,-3899.06,-31554.5,1755.88,22558.48,-6794.94,184.7,670.1,-6610.24,-5940.14,,,,,
9571,1808.7,4193.25,5260.12,501.16,273.68,-218.4,-3905.47,-31448.59,1724.24,22679.99,-6977.87,186.5,868.68,-6791.37,-5922.68,,,,,
9581,1804.13,4125.09,5224.95,503.83,288.9,-186.95,-3892.28,-31628.09,1755.64,22711.17,-6839.15,187.41,706.39,-6651.75,-5945.36,,,,,
9591,1828.08,4278.31,5211.43,519.88,273.71,-209.35,-3917.98,-31314.11,1763.94,22522.59,-6941.35,186.19,956.51,-6755.15,-5798.64,,,,,
9601,1857.96,4173.42,5182.49,510.88,282.37,-203.16,-3913.32,-31585.41,1766.98,22758.9,-6915.88,183.96,831.12,-6731.91,-5900.79,,,,,
9611,1838.29,4146.25,5213.15,514.04,275.41,-192.17,-3913.14,-31645.92,1761.54,22742.9,-6865.76,183.84,740.34,-6681.92,-5941.58,,,,,
9621,1816.59,4097.16,5147.96,507.75,262.56,-209.91,-3892.5,-31621.63,1742.77,22838.95,-6906.61,184.96,689.68,-6721.65,-6031.97,,,,,
9631,1876.56,4124.76,5187.92,508.02,286,-185.56,-3930.52,-31453.42,1738.31,22641.65,-6949.46,185.4,793.72,-6764.06,-5970.34,,,,,
9641,1801.45,4225.19,5185.07,506.72,271,-195.48,-3895.68,-31410.54,1775.14,22637.95,-6985.24,184.98,900.82,-6800.26,-5899.44,,,,,
9651,1886.25,4208.49,5201.51,506.21,269.83,-199.55,-3967.41,-31654.79,1727.57,22667.66,-6754.3,183.73,645.76,-6570.56,-5924.8,,,,,
9661,1745.18,4202.43,5230.51,493.7,283.29,-205.26,-3888.92,-31517.17,1774.23,22651.21,-6907.99,189.1,769.2,-6718.89,-5949.69,,,,,
9671,1850.73,4208.51,5214.15,522.47,282.87,-181.35,-3848.15,-31563.34,1732.88,22611.43,-6838.34,185.66,830.19,-6652.68,-5822.49,,,,,
9681,1842.76,4199.86,5201.47,515.82,268.42,-201,-3908.54,-31590.62,1721.79,22752.63,-6884.85,183.54,802.59,-6701.31,-5898.72,,,,,
9691,1820.74,4244.55,5162.35,514.04,288.62,-193.9,-3890.57,-31522.73,1762.35,22504.77,-6792.12,185.19,690.22,-6606.93,-5916.72,,,,,
9701,1760.01,4143.99,5194,513.64,277.2,-206.02,-3834.73,-31601.55,1774.91,22678.35,-6861.85,183.97,699.81,-6677.88,-5978.07,,,,,
9711,1801.72,4198.83,5168.92,512.38,291.15,-209.91,-3883.68,-31442.03,1737.41,22568.04,-6905.01,187.37,742.83,-6717.64,-5974.81,,,,,
9721,1874.73,4167.79,5235.37,517.65,297.35,-185.51,-3943.72,-31355.12,1731.74,22569.66,-6967.02,185.02,909.93,-6782,-5872.06,,,,,
9731,1814.93,4245.76,5183.08,512.67,275.52,-193.17,-3885.21,-31610,1731.16,22601.27,-6782.65,183.69,676,-6598.96,-5922.95,,,,,
9741,1784.95,4248.86,5194.3,508.7,279.77,-192.87,-3898.7,-31577.66,1739.67,22639.7,-6842.71,186.2,726.72,-6656.51,-5929.79,,,,,
9751,1747.45,4184.28,5255.98,485.76,273.58,-186.9,-3931.92,-31578.05,1770.64,22667.09,-6811.79,179.13,687.91,-6632.66,-5944.76,,,,,
9761,1856.37,4066.98,5241.14,483.55,282.64,-198.95,-3839.23,-31550.64,1752.14,22667.93,-6881.46,187.85,761.93,-6693.61,-5931.68,,,,,
9771,1790.96,4184.08,5229.32,499.31,261.42,-212,-3884.38,-31518.08,1759.66,22625.52,-6875,185.45,735.81,-6689.55,-5953.74,,,,,
9781,1819.79,4265.1,5227.48,516.99,270.94,-223.32,-3911.34,-31526.54,1755.52,22641.35,-6861.47,188.79,835.97,-6672.68,-5836.71,,,,,
9791,1790.42,4270,5187.22,502.65,253.24,-199.53,-3904.49,-31313.04,1745.74,22626.99,-7047.63,187.33,959.19,-6860.3,-5901.11,,,,,
9801,1892.96,4161.52,5244.47,519.72,273.74,-208.86,-3913.65,-31506.67,1747.74,22567.62,-6848.79,182.65,778.58,-6666.14,-5887.55,,,,,
9811,1786.96,4226.44,5243.6,502.71,278.54,-215.38,-3903.06,-31443.27,1778.85,22554.36,-6882.5,185.35,809.75,-6697.15,-5887.4,,,,,
9821,1803.95,4180.77,5205.03,507.18,272.27,-195.91,-3884.6,-31413.56,1761.65,22567.81,-6951.5,183.96,804.58,-6767.54,-5962.96,,,,,
9831,1820.42,4208.98,5208,499.58,272.19,-183.68,-3915.71,-31326.96,1731.67,22595.2,-7015.82,181.98,909.69,-6833.84,-5924.15,,,,,
9841,1841.16,4149.5,5190.34,504.02,268.11,-189.54,-3945.43,-31447.89,1779.63,22750.91,-6978.5,184.53,900.82,-6793.98,-5893.16,,,,,
9851,1815.29,4180.58,5193.58,509.68,275.22,-174.58,-3903.92,-31487.95,1739.62,22645.46,-6912.12,185.88,792.96,-6726.23,-5933.27,,,,,
9861,1821.12,4200.07,5174.11,516.05,295.34,-203.22,-3907.71,-31680.89,1759.73,22690.77,-6729.83,180.04,665.37,-6549.79,-5884.42,,,,,
9871,1819.42,4139.2,5217.14,514.66,283.01,-188.98,-3875.26,-31555.43,1761.41,22753.65,-6918.79,184.25,868.81,-6734.54,-5865.72,,,,,
9881,1779.66,4241.33,5191.28,502.36,272.81,-195.07,-3930.64,-31573.79,1740.2,22504.76,-6689.4,179.07,532.9,-6510.33,-5977.43,,,,,
9891,1857.33,4216.57,5166.93,502.69,258.94,-194.41,-3920.23,-31510.56,1727.1,22559.71,-6797.43,182.34,664.06,-6615.08,-5951.03,,,,,
9901,1846.59,4174.96,5148.08,522.39,270.34,-181.41,-3914.44,-31590.82,1748.61,22651.82,-6788.01,183.85,676.11,-6604.17,-5928.06,,,,,
9911,1797.56,4233.6,5234.1,530.27,269.32,-195.83,-3883.26,-31522.22,1736.93,22608.54,-6889.57,186.33,809.01,-6703.25,-5894.24,,,,,
9921,1825.62,4194.03,5178.36,512.23,293.83,-187.64,-3917.26,-31567.03,1748.64,22556.83,-6725.92,181.19,637.6,-6544.73,-5907.13,,,,,
9931,1719.1,4108.37,5218.94,496.05,270.31,-215.35,-3864.14,-31592.54,1784.54,22740.07,-6864.67,185.94,665.34,-6678.73,-6013.39,,,,,
9941,1808.42,4245.1,5192.75,509.77,251.91,-214.15,-3914.63,-31473.85,1757.34,22671.27,-6863.57,182.76,833.91,-6680.81,-5846.9,,,,,
9951,1866.84,4210.95,5199.47,520.75,264.61,-198.9,-3920.74,-31466.78,1747.91,22667.84,-6917.45,182.02,891.94,-6735.43,-5843.49,,,,,
9961,1835.56,4213.12,5210.25,521.63,258.83,-214.2,-3911.98,-31456.87,1734.59,22607.82,-6915.8,182.17,798.76,-6733.63,-5934.87,,,,,
9971,1769.56,4202.71,5232.9,490.33,261.64,-193.99,-3899.8,-31329.69,1736.01,22532.11,-6990.51,184.06,801.78,-6806.45,-6004.68,,,,,
9981,1777,4085.73,5232.09,504.8,291.27,-187.53,-3920.66,-31606.12,1750.39,22731.64,-6854.35,182.27,658.62,-6672.08,-6013.47,,,,,
9991,1810.96,4255.58,5194.83,508.98,267.47,-220.48,-3914.96,-31472.59,1752.85,22579.11,-6814.26,177.8,761.75,-6636.47,-5874.72,,,,,
10001,1810.64,4177.48,5213.85,495.55,271.22,-215.47,-3937.78,-31362.54,1753.54,22550.79,-6923.53,182.99,757.27,-6740.54,-5983.27,,,,,
,,,,,,,,,,,,,,,,,,,,
Receptor Energy Terms,,,,,,,,,,,,,,,,,,,,
Frame #,BOND,ANGLE,DIHED,UB,IMP,CMAP,VDWAALS,EEL,1-4 VDW,1-4 EEL,EGB,ESURF,GGAS,GSOLV,TOTAL,,,,,
1,1708.39,4199.18,5400.87,496.68,308.82,-166.23,-3916.85,-32389.41,1765.66,22706.03,-5981.54,162.38,113.15,-5819.16,-5706.01,,,,,
11,1822.13,4204.31,5328.51,502.64,284.05,-194.48,-3867.44,-31908.29,1703.18,22634.37,-6418.89,181.99,508.97,-6236.9,-5727.93,,,,,
21,1820.95,4191.73,5242.25,505.67,303.85,-181.36,-3877.08,-32053.69,1741.87,22588.34,-6305.31,179.75,282.51,-6125.56,-5843.05,,,,,
31,1824.43,4258.64,5255.36,495.64,278.44,-188.41,-3871.9,-32139.27,1718.01,22688.67,-6373.65,181.22,319.6,-6192.43,-5872.83,,,,,
41,1822.04,4183.18,5276.08,504.56,258.55,-199.19,-3835.72,-32171.01,1733.02,22694.84,-6293.46,181.97,266.35,-6111.49,-5845.15,,,,,
51,1782.11,4296.81,5245.72,508.48,277.93,-194.04,-3843.35,-32038.1,1716.87,22616.76,-6390.41,181.17,369.19,-6209.24,-5840.06,,,,,
61,1800.72,4245.47,5279.18,513.55,266.37,-170.03,-3903.97,-31879.9,1741.39,22555.07,-6476.69,179.74,447.86,-6296.95,-5849.1,,,,,
71,1834.6,4156.35,5285.77,509.84,260.89,-199.71,-3892.6,-31977.8,1698.51,22695.47,-6460.3,181.19,371.33,-6279.11,-5907.77,,,,,
81,1870.81,4091.82,5268.36,495.58,265.85,-185.3,-3888.21,-31942.87,1683.38,22670.12,-6479.37,181.04,329.53,-6298.33,-5968.8,,,,,
91,1758.19,4229.56,5241.29,518.99,285.92,-172.28,-3894.97,-31873.26,1720.07,22719.94,-6556.73,176.97,533.44,-6379.76,-5846.32,,,,,
101,1792.44,4267.93,5280.79,530.18,304.85,-171.3,-3891.56,-31958.38,1700.43,22661.18,-6487.96,179.64,516.57,-6308.32,-5791.75,,,,,
111,1829,4297.35,5231.71,515.44,257.57,-182.26,-3887.46,-31929.5,1700.58,22588.86,-6453.59,181.74,421.28,-6271.85,-5850.57,,,,,
121,1826.44,4207.03,5258.5,508.76,280.64,-173.02,-3854.2,-32030.15,1703.58,22693.32,-6455.27,183.22,420.91,-6272.05,-5851.14,,,,,
131,1829.63,4242,5271.63,504.08,266.63,-163.55,-3902.04,-32043.9,1731.65,22764.74,-6452.12,177.9,500.87,-6274.22,-5773.35,,,,,
141,1796.03,4195.4,5220.67,501.8,291.02,-192.94,-3877.07,-31921.35,1711.21,22695.36,-6589.51,184,420.13,-6405.51,-5985.38,,,,,
151,1910.69,4267.73,5211.41,528.18,281.58,-191.73,-3840.39,-31867.01,1713.19,22643.74,-6577.66,182.17,657.39,-6395.49,-5738.1,,,,,
161,1837.26,4231.74,5231.78,507.83,290.73,-213.93,-3918.51,-31689.23,1730.38,22596.77,-6657.78,180.73,604.82,-6477.05,-5872.23,,,,,
171,1877.18,4144.09,5271.2,517.78,286.78,-169.85,-3872.98,-31857.09,1688.34,22746.3,-6575.13,178.75,631.75,-6396.38,-5764.62,,,,,
181,1825.54,4178.01,5239.92,489.42,282.86,-174.3,-3867.23,-31839.89,1746.37,22633.41,-6587.9,179.32,514.1,-6408.59,-5894.49,,,,,
191,1770.12,4158.95,5221.03,508.94,265.59,-172.47,-3882.56,-32015.66,1714.88,22751.64,-6505.82,178.32,320.46,-6327.51,-6007.04,,,,,
201,1810.01,4206.36,5207.91,506.58,283.37,-206.11,-3890.81,-31883.6,1711.72,22738.39,-6586.8,180.96,483.83,-6405.84,-5922.01,,,,,
211,1823.24,4267.92,5225.56,508.03,273.07,-207.85,-3910.07,-31866.79,1715.17,22778.9,-6642.42,179.76,607.18,-6462.67,-5855.49,,,,,
221,1827.33,4159.92,5224.71,518.98,277.35,-164.89,-3891.82,-31775.44,1737.95,22786.09,-6742.4,188.9,700.19,-6553.5,-5853.31,,,,,
231,1763.73,4250.68,5251.35,504.83,257.3,-189.25,-3838.77,-32012.46,1695.22,22805.37,-6560.08,183.61,488,-6376.47,-5888.47,,,,,
241,1784.09,4209.36,5216.57,524.02,273.69,-193.17,-3887.47,-31959.54,1724.8,22730.53,-6539.24,178.62,422.87,-6360.63,-5937.76,,,,,
251,1727,4205.52,5256.29,503.01,269.16,-181.36,-3884.13,-31997.33,1737.82,22844.58,-6580.14,179.58,480.56,-6400.56,-5920.01,,,,,
261,1801.69,4202.73,5206.63,500.95,286.27,-185.28,-3880.02,-31788.13,1725.13,22642.51,-6659.52,184.55,512.46,-6474.97,-5962.51,,,,,
271,1796.94,4127.52,5270.28,492.21,264.89,-205.05,-3848.88,-31936.55,1736.33,22831.33,-6681.04,184.23,529.02,-6496.81,-5967.8,,,,,
281,1845.53,4159.94,5248.29,496.56,266.47,-184.2,-3863.64,-31642.42,1694.88,22666.37,-6777.04,184.47,687.78,-6592.58,-5904.8,,,,,
291,1797.57,4167.48,5267.44,514.68,265.15,-176.31,-3867.94,-31773.38,1728,22667.97,-6685.66,181.98,590.65,-6503.69,-5913.03,,,,,
301,1772.77,4128.83,5239.89,494.22,262.85,-188.76,-3947.76,-31760.56,1725.92,22714.08,-6705.42,181.36,441.48,-6524.06,-6082.58,,,,,
311,1734.01,4168.05,5225.33,505.04,283.29,-177.01,-3878.53,-31601.5,1767.76,22643.45,-6816.94,180.56,669.9,-6636.37,-5966.48,,,,,
321,1786.63,4236.13,5233.12,506.18,273.15,-167.52,-3878.62,-31639.6,1721.53,22632.9,-6762.47,180.22,703.89,-6582.25,-5878.36,,,,,
331,1906.34,4190.07,5247.84,512.69,268.28,-220.42,-3901.14,-31822.42,1714.02,22669.34,-6611.03,179.39,564.6,-6431.64,-5867.04,,,,,
341,1772.45,4149.99,5267.67,500.81,280.56,-195.79,-3874.45,-31727.23,1734.85,22698.67,-6705.97,182.64,607.55,-6523.33,-5915.78,,,,,
351,1806.64,4227.05,5250.22,514.94,288.11,-187.81,-3894.87,-31874.86,1698.32,22715.21,-6628.91,182.71,542.94,-6446.19,-5903.26,,,,,
361,1756.18,4240.11,5270.09,498.18,268.16,-194.13,-3871.29,-31764.91,1714.08,22739.33,-6671.25,184.88,655.79,-6486.37,-5830.58,,,,,
371,1748.83,4268.92,5228.24,512.99,279.74,-194.2,-3872.27,-31736.94,1750.04,22650.19,-6709.51,182.09,635.54,-6527.41,-5891.87,,,,,
381,1765.08,4158.32,5221.83,513.27,264.28,-182.84,-3814.59,-31871.46,1711.98,22751.19,-6621.62,178.81,517.05,-6442.81,-5925.76,,,,,
391,1785.41,4192.54,5277.91,511.98,281.66,-194.74,-3888.63,-31787.45,1731.51,22597.48,-6591.22,176.25,507.66,-6414.97,-5907.31,,,,,
401,1794.94,4239.16,5274.59,522.86,268.03,-194.13,-3890.55,-31851.1,1730.84,22537.61,-6530.63,180.45,432.23,-6350.17,-5917.95,,,,,
411,1786.76,4243.2,5282.48,522.89,269.14,-192.38,-3879.94,-31702.65,1744.11,22615.7,-6697.24,182.71,689.31,-6514.53,-5825.22,,,,,
421,1755.61,4113.3,5218.17,485.91,263.23,-200.82,-3899.38,-31836.52,1740.47,22751.61,-6608.85,179.97,391.58,-6428.88,-6037.3,,,,,
431,1784.86,4188.26,5232.63,514.79,262.64,-194.99,-3789.42,-31796.83,1737.12,22667.63,-6695.58,187.34,606.7,-6508.24,-5901.53,,,,,
441,1800.59,4094.12,5269.7,501.57,282.17,-192.1,-3895.94,-31938.56,1735.27,22747.35,-6610.57,180.2,404.16,-6430.37,-6026.21,,,,,
451,1760.54,4234.8,5235.56,516,276.17,-203.21,-3882,-32003.48,1740.52,22802.09,-6516.11,182.38,477.01,-6333.73,-5856.72,,,,,
461,1754.55,4168.98,5232.92,486.9,276.6,-193.51,-3874.31,-31912.26,1729.94,22810.37,-6626,181.68,480.18,-6444.32,-5964.14,,,,,
471,1779.13,4217.06,5183.26,512.74,290.49,-188.04,-3856.58,-31983.87,1753.43,22713.76,-6546.81,182.4,421.38,-6364.41,-5943.04,,,,,
481,1816.24,4127.99,5249.47,504.27,263.85,-185.68,-3881.13,-31955.63,1735.16,22683.83,-6492.03,181.47,358.36,-6310.56,-5952.2,,,,,
491,1792.59,4198.35,5228.8,512.74,276.31,-191.4,-3896.23,-31999.14,1739.34,22815.66,-6567.66,181.02,477.03,-6386.64,-5909.61,,,,,
501,1785.57,4189.51,5268.07,499.43,259.75,-195.76,-3881.06,-32005.32,1720.72,22771.17,-6521.21,179.52,412.07,-6341.69,-5929.62,,,,,
511,1783.72,4211.51,5236.52,497.99,266.52,-236.16,-3904.19,-31973.65,1747.42,22710.07,-6479.67,177.76,339.75,-6301.91,-5962.16,,,,,
521,1815.64,4171.14,5234.87,527.36,277.74,-227.29,-3868.93,-31964.21,1712.37,22771.27,-6581.7,185.74,449.96,-6395.96,-5946,,,,,
531,1868.67,4181.07,5225.92,504.41,288.68,-188.52,-3860.03,-31895.81,1718.82,22642.75,-6605.15,184.44,485.98,-6420.71,-5934.73,,,,,
541,1865.04,4159.4,5214.89,507.87,292.8,-199.67,-3898.56,-32019.19,1729.98,22663.56,-6457.54,179.45,316.13,-6278.09,-5961.96,,,,,
551,1786.14,4206.92,5196.28,508.07,288.71,-175.17,-3891.36,-32049.44,1743.08,22677.33,-6423.5,181.92,290.56,-6241.58,-5951.02,,,,,
561,1852.42,4253,5213.83,529.08,265.44,-215.28,-3884.68,-31953.55,1721.16,22686.94,-6557.62,182.42,468.34,-6375.2,-5906.85,,,,,
571,1813.31,4230.03,5260.05,517.42,285.94,-199.51,-3909.6,-31907.69,1668.5,22679.89,-6515.67,183.04,438.34,-6332.63,-5894.29,,,,,
581,1890.65,4263.4,5256.7,525.99,280.04,-191.77,-3864.9,-32023.11,1730.33,22718.13,-6497.73,182.38,585.45,-6315.36,-5729.9,,,,,
591,1759.68,4311.07,5211.12,505.52,266.37,-176.67,-3908.82,-31918.47,1660.84,22634.98,-6519.36,183,345.61,-6336.36,-5990.75,,,,,
601,1745.17,4196.86,5235.22,502.8,268.71,-198.91,-3893.09,-31995.45,1753.81,22715.45,-6476.23,181.25,330.57,-6294.98,-5964.41,,,,,
611,1854.38,4180.72,5243.1,502.01,291.5,-197.07,-3863.89,-32016.55,1706.87,22609.32,-6411.23,181.45,310.4,-6229.78,-5919.38,,,,,
621,1797.81,4220.72,5230.93,506.75,278.55,-183.09,-3814.04,-31977.78,1697.42,22712.84,-6514.13,185.14,470.1,-6328.99,-5858.89,,,,,
631,1798.39,4244.73,5240.94,518.99,285.3,-174.21,-3870.92,-31856.47,1710.16,22647.11,-6575.47,183.5,544.03,-6391.97,-5847.94,,,,,
641,1787.5,4078.12,5211.75,509.58,275.3,-205.5,-3875.19,-31848.14,1751.7,22778.16,-6651.58,182.3,463.27,-6469.29,-6006.02,,,,,
651,1816.96,4126.31,5225.08,489.09,265.74,-202.01,-3911.03,-31698.41,1746.82,22719.03,-6740.24,182.6,577.59,-6557.64,-5980.05,,,,,
661,1799.82,4219.95,5250.77,517.61,273.53,-185.96,-3883.31,-32025.28,1759.96,22754.33,-6494.2,181.65,481.43,-6312.55,-5831.12,,,,,
671,1841.86,4128.58,5233.58,502.36,269.48,-221.97,-3866.35,-31868.02,1713.28,22651.21,-6551.37,181.17,384,-6370.19,-5986.19,,,,,
681,1790.36,4266.02,5173.48,495.42,266.63,-190.51,-3854.55,-31976.04,1693.16,22721.71,-6532.78,179.83,385.69,-6352.95,-5967.25,,,,,
691,1819.34,4169.23,5215.72,507.98,288.04,-184.95,-3899.78,-31921.36,1708.95,22684.04,-6515.08,182.5,387.21,-6332.58,-5945.37,,,,,
701,1797.01,4220.2,5161.02,507.15,281.44,-172.74,-3897.49,-31861.4,1691.48,22683.58,-6572.25,178.13,410.24,-6394.12,-5983.88,,,,,
711,1814.69,4200.88,5200.48,521.06,288.1,-166.36,-3847.77,-32030.45,1741.32,22647.51,-6422.56,177.51,369.47,-6245.05,-5875.58,,,,,
721,1825.46,4170.74,5240.91,505.77,279.33,-191.58,-3909,-32067.34,1728.12,22689.65,-6347.74,180.76,272.07,-6166.98,-5894.91,,,,,
731,1846.01,4161.09,5225.84,506.44,283.44,-190.12,-3906.69,-31958.22,1727.4,22648.72,-6503.06,177.83,343.89,-6325.23,-5981.34,,,,,
741,1799.09,4171.56,5251.11,502.37,278.55,-193.81,-3864.99,-32008.41,1726.18,22687.92,-6464.78,175.99,349.58,-6288.8,-5939.22,,,,,
751,1773.61,4225,5234.21,516.78,296.63,-207.48,-3875.87,-31803.34,1723.85,22601.23,-6559.63,183.41,484.63,-6376.22,-5891.59,,,,,
761,1745.5,4206.73,5191.83,504.41,266.66,-214.4,-3884.62,-31964.52,1753.7,22682.17,-6431.53,178.26,287.47,-6253.28,-5965.8,,,,,
771,1841.44,4165.68,5181.69,514.78,270.36,-196.71,-3893.97,-32031.75,1776.43,22606.56,-6371.95,177.32,234.51,-6194.63,-5960.13,,,,,
781,1895.06,4266.46,5182.31,510.75,277.04,-198.15,-3914.43,-32045.84,1704.79,22537.22,-6332.91,175.15,215.2,-6157.76,-5942.56,,,,,
791,1825.5,4121.13,5190.73,510.53,277.29,-220.02,-3848.99,-31983.04,1729.15,22641.49,-6454.98,180.25,243.77,-6274.73,-6030.96,,,,,
801,1778.34,4203.35,5204.42,499.25,263.95,-181.34,-3895.48,-32146.44,1703.06,22685.15,-6345.14,180.49,114.27,-6164.65,-6050.38,,,,,
811,1813.56,4161.24,5218.64,509.42,259.54,-167.78,-3917.99,-31813.72,1730.81,22696.41,-6615.82,183.91,490.12,-6431.9,-5941.78,,,,,
821,1742.42,4216.02,5201.8,503.03,260.89,-208.38,-3830,-31810.3,1743.65,22619.73,-6614.32,183.54,438.84,-6430.79,-5991.95,,,,,
831,1784.28,4135.35,5203.17,511.61,274.18,-208.53,-3912.04,-31877.77,1728.16,22673.23,-6539.72,182.32,311.65,-6357.41,-6045.76,,,,,
841,1769.94,4116.72,5196.74,512.19,297.04,-191.81,-3881.5,-31687.04,1771.46,22583.93,-6617.83,181.95,487.68,-6435.89,-5948.21,,,,,
851,1796.68,4223.08,5191.38,504.64,283.19,-175.16,-3866.18,-31922.35,1722.27,22623.96,-6519.33,182.04,381.51,-6337.3,-5955.78,,,,,
861,1781.33,4223.92,5160.96,507.56,284.38,-180.96,-3840.34,-32042.39,1704.66,22632.2,-6453.49,181.46,231.33,-6272.03,-6040.7,,,,,
871,1801.66,4132.66,5278.5,496.93,283.73,-190.85,-3866.02,-32002.04,1740.7,22726.25,-6525.84,180.42,401.51,-6345.42,-5943.9,,,,,
881,1750.83,4240.26,5221.75,533.41,279.3,-203.99,-3903.04,-32065.27,1720.19,22754.05,-6487.17,181.53,327.49,-6305.64,-5978.15,,,,,
891,1793.08,4145.74,5214.85,510.16,285.13,-207.98,-3819.76,-32107.07,1731.55,22794.92,-6507.27,185.63,340.61,-6321.64,-5981.02,,,,,
901,1766.46,4197.44,5208.89,511.32,283.58,-218.5,-3887.23,-31864.22,1718.7,22735.78,-6617.63,181.38,452.22,-6436.26,-5984.03,,,,,
911,1798.83,4195.3,5220.74,493.93,271.12,-194.36,-3872.24,-31877.85,1679.4,22704.27,-6554.39,182.78,419.14,-6371.61,-5952.47,,,,,
921,1794.84,4171.27,5220.82,516.84,268.38,-192.69,-3842.88,-32031.44,1750.16,22705.38,-6493.32,179.64,360.69,-6313.69,-5953,,,,,
931,1865.2,4242.47,5251.35,506.4,273.89,-199.27,-3851,-32038.94,1726.97,22620.87,-6417.45,180.03,397.93,-6237.42,-5839.5,,,,,
941,1750.59,4228.18,5215.77,501.32,282.11,-198.78,-3910.67,-31938.7,1715.21,22749.07,-6581.29,177.25,394.09,-6404.04,-6009.95,,,,,
951,1861.41,4148.06,5202.53,502.96,248.7,-188.97,-3899.95,-31957.33,1698.7,22621.71,-6482.32,179.35,237.82,-6302.97,-6065.15,,,,,
961,1810.45,4210.49,5239.25,507.06,273.14,-183.3,-3838.22,-32013.71,1704.98,22578.56,-6458.59,180.28,288.69,-6278.31,-5989.62,,,,,
971,1798.66,4166.34,5211.1,508.48,257.55,-212.47,-3925.08,-32138.87,1719.3,22797.87,-6463.62,179.26,182.88,-6284.36,-6101.48,,,,,
981,1828.06,4182.09,5191.87,511.08,251.55,-216.98,-3788.24,-32094.39,1747.92,22675.12,-6454.84,181.41,288.07,-6273.43,-5985.36,,,,,
991,1791.9,4189.39,5170.14,507.92,272.26,-191.93,-3867.54,-31968.62,1714.74,22756.44,-6536.26,182.4,374.71,-6353.86,-5979.15,,,,,
1001,1813.75,4226.53,5248.97,496.3,305.99,-191.77,-3919.87,-31917.27,1708.05,22684.27,-6518.63,180.36,454.94,-6338.27,-5883.32,,,,,
1011,1797.79,4173.69,5179.28,505.91,281.45,-224.82,-3839.22,-31852.06,1731.04,22690,-6601.76,184.24,443.06,-6417.52,-5974.46,,,,,
1021,1767.58,4135.81,5248.24,497.74,270.75,-204.36,-3880.93,-31769.86,1717.63,22717.15,-6694.48,182.84,499.73,-6511.64,-6011.91,,,,,
1031,1757.79,4191.48,5217.35,494.62,277.55,-167.31,-3913.72,-31848.55,1718.1,22642.16,-6572.61,182.67,369.48,-6389.94,-6020.46,,,,,
1041,1801.8,4130.7,5243.99,509.2,272.02,-185.73,-3899.73,-31920.62,1720.55,22674.28,-6559.98,180.89,346.46,-6379.1,-6032.64,,,,,
1051,1759.79,4193.75,5184.04,509.48,291.34,-182.2,-3934.38,-31918.57,1704.02,22598.71,-6475.03,179.8,205.98,-6295.23,-6089.25,,,,,
1061,1763.53,4100.89,5219.24,508.9,264.43,-182.92,-3882.15,-32053.77,1712.24,22740.12,-6402.6,178.58,190.5,-6224.02,-6033.52,,,,,
1071,1804.57,4189.27,5263.37,515,279.13,-204.55,-3926.61,-31861.18,1688.59,22607.33,-6501.68,177.72,354.92,-6323.96,-5969.03,,,,,
1081,1816.74,4175.26,5276.17,495.67,270.4,-211.24,-3900.71,-32089.11,1691.66,22684.7,-6424,183.4,209.55,-6240.59,-6031.05,,,,,
1091,1780.58,4100.41,5211.54,504.9,281.18,-163.7,-3880.44,-32024.7,1706.15,22716.96,-6477.63,183.54,232.88,-6294.09,-6061.22,,,,,
1101,1753.88,4149.54,5249.7,515.54,268.35,-193.97,-3914.93,-32088.58,1733.54,22699.08,-6380.71,179.69,172.15,-6201.02,-6028.87,,,,,
1111,1826.34,4122.06,5195.7,515.73,279.28,-214.19,-3860.01,-31993.18,1724.23,22697.82,-6473.57,182.91,293.79,-6290.66,-5996.87,,,,,
1121,1785.21,4157.87,5216.2,506.91,288.41,-201.45,-3916.33,-32011.6,1739.11,22713.09,-6420.74,181.12,277.41,-6239.63,-5962.22,,,,,
1131,1788.44,4170.74,5237.8,503.84,247.84,-189.86,-3863.95,-32052.99,1708.17,22680.49,-6399.98,181.68,230.52,-6218.31,-5987.79,,,,,
1141,1802.44,4200.98,5220.6,508.38,276.08,-182.94,-3898.47,-32053.5,1727.15,22689.42,-6429.31,180.69,290.15,-6248.62,-5958.48,,,,,
1151,1818.39,4226.31,5247.11,496.96,270.65,-200.82,-3882.91,-31731.6,1704.21,22585.84,-6612.42,181.26,534.14,-6431.16,-5897.02,,,,,
1161,1803.23,4189.61,5167.68,503.59,268.4,-163.93,-3909.15,-32000.6,1726.52,22769.56,-6486.77,179.02,354.92,-6307.75,-5952.83,,,,,
1171,1847.9,4121.05,5153.2,513.3,269.06,-188.01,-3880.2,-31913.97,1727.33,22643.17,-6487,180.28,292.83,-6306.72,-6013.89,,,,,
1181,1813.61,4289.47,5201.23,515.55,263.31,-206.68,-3824.26,-31784.59,1725.45,22599.74,-6654.76,186.07,592.83,-6468.7,-5875.87,,,,,
1191,1811.22,4132.54,5225.76,509.13,282.34,-166.82,-3895.21,-31982.51,1741.27,22767.85,-6539.12,179.08,425.56,-6360.04,-5934.48,,,,,
1201,1797.4,4102.18,5179.39,508.62,254.56,-169.18,-3886.85,-32107.66,1737.37,22703.63,-6393.76,183.18,119.47,-6210.59,-6091.11,,,,,
1211,1810.64,4178.53,5213.27,510.82,266.82,-200.77,-3919.01,-31806.83,1757.15,22610.44,-6592.83,180.7,421.04,-6412.13,-5991.09,,,,,
1221,1834.84,4158.79,5196.69,513.82,269.15,-187.77,-3927.87,-32022.06,1767.15,22655.21,-6361.92,179.06,257.94,-6182.86,-5924.92,,,,,
1231,1835.8,4125.51,5266.64,494.87,286.74,-190.5,-3857.74,-32182.18,1722.42,22629.99,-6261.38,179.37,131.54,-6082.01,-5950.47,,,,,
1241,1819,4295.05,5225.36,530.61,256.45,-178.43,-3871.3,-31905.19,1749.62,22474.15,-6433.45,182.41,395.32,-6251.04,-5855.72,,,,,
1251,1777.98,4146.64,5214.57,488.14,284.63,-203.43,-3904.95,-31863.4,1753.82,22658.95,-6490.6,184.34,352.94,-6306.26,-5953.33,,,,,
1261,1845.23,4086.59,5263.53,507.08,276.59,-217.74,-3837.93,-32062.79,1694.64,22575.42,-6344.6,185.06,130.63,-6159.54,-6028.91,,,,,
1271,1786.99,4205.18,5260.41,506.67,284.55,-202.44,-3875.79,-31954.41,1701.29,22653.9,-6483.87,187.95,366.37,-6295.93,-5929.56,,,,,
1281,1832.45,4221,5262.49,519.49,284.47,-199.94,-3871.29,-32140.77,1733.55,22710.64,-6377.04,181.91,352.08,-6195.13,-5843.05,,,,,
1291,1815.23,4228.18,5212,497.18,283.23,-164.39,-3852.83,-32142.05,1715.62,22690.66,-6370.81,185.09,282.83,-6185.72,-5902.89,,,,,
1301,1810.82,4127.47,5219.34,498.35,270.58,-186.66,-3868.96,-32068.92,1726.08,22801.13,-6468.09,182.39,329.23,-6285.7,-5956.48,,,,,
1311,1865.3,4228,5216.23,510.46,262.58,-202.8,-3846.16,-31951.78,1726.48,22664.32,-6536.52,183.4,472.63,-6353.12,-5880.48,,,,,
1321,1806.19,4219.77,5196.59,515.23,279.73,-186.87,-3895.11,-31750.89,1722.34,22562.13,-6653.96,186.5,469.11,-6467.46,-5998.36,,,,,
1331,1816.5,4179.95,5186.17,512.87,276.26,-180.32,-3889.52,-31905.66,1709.09,22674.06,-6558.69,180.89,379.39,-6377.8,-5998.41,,,,,
1341,1804.14,4312.43,5204.07,500.89,277.17,-178.64,-3868.83,-31845.51,1723.47,22672.48,-6605.46,186.8,601.66,-6418.65,-5816.99,,,,,
1351,1789.14,4157.91,5207.71,495.36,286.18,-165.17,-3826.02,-31857.87,1726.11,22686.97,-6586.06,185.66,500.3,-6400.41,-5900.1,,,,,
1361,1772.85,4152.73,5186.67,499.1,290.54,-166.35,-3890.04,-31937.46,1716.15,22749.86,-6534.98,184.49,374.06,-6350.48,-5976.43,,,,,
1371,1863.86,4157.8,5212.17,513.76,293.3,-211.53,-3837.72,-31675.15,1717.24,22630.4,-6711.25,187.31,664.14,-6523.94,-5859.8,,,,,
1381,1782.41,4176,5178.81,508.21,282.47,-208.3,-3851.47,-31744.37,1722.27,22689.26,-6685.23,186.2,535.3,-6499.03,-5963.73,,,,,
1391,1815.62,4179.57,5214.38,508.46,267.83,-184.22,-3891.61,-31778.05,1745.61,22678.08,-6672.27,183.62,555.67,-6488.65,-5932.98,,,,,
1401,1832.5,4212.41,5236.9,512,266.99,-220.67,-3886.62,-31986.62,1729.82,22661,-6460.11,183.15,357.72,-6276.96,-5919.24,,,,,
1411,1804.47,4253.29,5188.92,511.43,292.4,-187.46,-3848.97,-31860.85,1721.2,22634.73,-6587.6,182.91,509.14,-6404.7,-5895.56,,,,,
1421,1751.1,4244.25,5214.57,516.51,272.33,-186.15,-3874.22,-32023.47,1727.22,22785.48,-6521.66,181.19,427.62,-6340.47,-5912.85,,,,,
1431,1798.13,4132.55,5230.78,498.73,263.25,-192.21,-3862.76,-32003.32,1703.76,22667.8,-6481.57,182.99,236.71,-6298.58,-6061.88,,,,,
1441,1838.43,4167.96,5219.65,510.88,285.11,-183.09,-3879.05,-32044.48,1743.45,22680.78,-6388.22,179.72,339.64,-6208.51,-5868.87,,,,,
1451,1763.85,4156.52,5193.46,518.53,283.66,-205.89,-3876.09,-31627.02,1734.59,22682.02,-6770.82,189.24,623.63,-6581.58,-5957.95,,,,,
1461,1783.29,4197.7,5210.8,484.92,279.92,-179.9,-3918.36,-31834.23,1711.57,22728.64,-6616.72,184.89,464.35,-6431.83,-5967.48,,,,,
1471,1767.97,4184.06,5264.24,506.09,276.44,-220.45,-3885.71,-31964.97,1774.83,22651.44,-6454.31,181.17,353.96,-6273.14,-5919.19,,,,,
1481,1841.36,4241.16,5209.06,512.95,283.03,-205.25,-3882.17,-31905.21,1685.71,22736.79,-6563.13,184.23,517.44,-6378.9,-5861.46,,,,,
1491,1799.63,4205.22,5227.91,511.97,269.18,-168.97,-3869.68,-31859.95,1753.74,22724.76,-6608.81,184.25,593.81,-6424.56,-5830.74,,,,,
1501,1851.74,4104.44,5227.93,503.36,276.28,-194.65,-3883.01,-31927.83,1713.6,22701.07,-6514.12,180.03,372.93,-6334.09,-5961.15,,,,,
1511,1796.83,4194.09,5203.06,499.75,284.03,-182.31,-3870.24,-32095.54,1745.89,22768.62,-6463.23,181.66,344.16,-6281.57,-5937.41,,,,,
1521,1816.5,4170.28,5151.2,512.52,281.19,-177.14,-3873.18,-31883.25,1686.08,22673,-6570.07,180.47,357.21,-6389.6,-6032.39,,,,,
1531,1849.08,4098.39,5227.74,502.65,278.16,-187.06,-3936.43,-31957.66,1745,22770.37,-6537.12,175.08,390.23,-6362.05,-5971.81,,,,,
1541,1780.29,4167.95,5177.2,500.75,280.5,-205.44,-3889.34,-31805.02,1731.77,22653.88,-6572.64,180.57,392.53,-6392.07,-5999.55,,,,,
1551,1858.14,4229.72,5234.08,526.28,267.01,-203.83,-3887.6,-31899.7,1732.66,22632.33,-6557.36,177.49,489.1,-6379.88,-5890.78,,,,,
1561,1811.25,4186.13,5166.17,519.06,276.16,-175.08,-3872.99,-31946.16,1728.68,22713.67,-6550.56,183.39,406.88,-6367.16,-5960.28,,,,,
1571,1828.12,4194.53,5226.31,496.55,271.27,-203.19,-3899.81,-32121.18,1724.92,22712.09,-6373.79,176.83,229.61,-6196.97,-5967.35,,,,,
1581,1836.09,4165.56,5219.94,503.76,276.39,-169.45,-3903.74,-31689.63,1725.35,22601,-6694.08,183.19,565.26,-6510.89,-5945.64,,,,,
1591,1771.99,4210.11,5196.07,501.3,264.24,-193.03,-3900.57,-31599.77,1732.51,22615.51,-6741,180.17,598.36,-6560.84,-5962.47,,,,,
1601,1754.56,4196.43,5229.38,513.31,266.35,-171.87,-3896.42,-31704.1,1742.65,22615.88,-6668.58,180.79,546.17,-6487.79,-5941.62,,,,,
1611,1722.63,4141.16,5222.08,484.74,256.63,-183.16,-3900.87,-31669.64,1738.87,22794.77,-6777.84,180.14,607.22,-6597.7,-5990.48,,,,,
1621,1838.81,4125.54,5205.28,510.01,286.68,-201.23,-3889.32,-31606.67,1707.63,22631.93,-6775.12,178.69,608.66,-6596.43,-5987.77,,,,,
1631,1806.94,4302.97,5240.09,508.65,280.83,-203.34,-3888.15,-31780.38,1719.77,22548.98,-6560.88,178.91,536.37,-6381.98,-5845.6,,,,,
1641,1749.34,4187.48,5221.26,488.58,264.31,-177.88,-3878.94,-31720.95,1729.19,22696.42,-6730.82,182.05,558.81,-6548.77,-5989.97,,,,,
1651,1802.72,4182.68,5175.95,516.74,273.57,-191.44,-3905.31,-31805.89,1724.25,22678.21,-6628.87,180.7,451.47,-6448.17,-5996.71,,,,,
1661,1800.89,4140.05,5242.73,509.92,280.96,-195.73,-3882.21,-31722.54,1708.22,22576.89,-6644.32,182.09,459.19,-6462.23,-6003.04,,,,,
1671,1763.76,4199.3,5227.12,506.04,281.04,-191.71,-3877.12,-31876.03,1773.27,22684.96,-6570.68,182.66,490.62,-6388.02,-5897.4,,,,,
1681,1895.9,4133.31,5259.35,511.54,273.34,-202.66,-3930.8,-31795.93,1756.04,22599.4,-6575.74,181.29,499.49,-6394.45,-5894.96,,,,,
1691,1754.27,4183.14,5204.28,503.2,273.21,-179.11,-3882.65,-31815.85,1734.33,22654.78,-6537.11,180.8,429.59,-6356.31,-5926.72,,,,,
1701,1824.27,4289.19,5221.24,505.58,270.13,-183.42,-3852.44,-31843.05,1710.9,22619.27,-6587.26,183.38,561.66,-6403.88,-5842.22,,,,,
1711,1777.65,4183.33,5267.53,498.65,274.04,-192.57,-3913,-31817.85,1710.11,22690.26,-6658,182.58,478.16,-6475.43,-5997.26,,,,,
1721,1793.96,4185.22,5194.99,492.91,275.09,-180.28,-3899.3,-32035.56,1713.04,22779.46,-6490.72,179.01,319.53,-6311.71,-5992.18,,,,,
1731,1857.31,4153.32,5163.99,501.98,279.08,-171.64,-3845.69,-31935.5,1730.69,22711.49,-6523.73,183.18,445.04,-6340.55,-5895.51,,,,,
1741,1769.95,4256.22,5221.95,507.1,271.81,-176.07,-3878.78,-31836.73,1725.06,22791.91,-6715.86,183.9,652.42,-6531.96,-5879.54,,,,,
1751,1785.4,4194.31,5192.71,529.6,263.04,-169.56,-3904.48,-31792.28,1727.59,22738.68,-6671.94,180.3,565,-6491.63,-5926.63,,,,,
1761,1821,4201.48,5178.68,499.27,276.64,-159.29,-3888,-31629.06,1719.74,22666.03,-6812.76,187.75,686.49,-6625.01,-5938.52,,,,,
1771,1870.38,4152.04,5182.52,505.02,275.02,-187.76,-3864.41,-31422.69,1686.13,22586.61,-6948.13,185.9,782.86,-6762.23,-5979.37,,,,,
1781,1819.35,4107.14,5207.02,507.04,273.25,-178.88,-3834.37,-31681.59,1734.61,22678.07,-6738.04,186.71,631.63,-6551.33,-5919.69,,,,,
1791,1812.37,4193.15,5192.89,514.32,281.89,-189.16,-3853.4,-31705.3,1729.26,22634.74,-6701.75,185.6,610.75,-6516.16,-5905.4,,,,,
1801,1764.93,4106.91,5231.19,513.5,297.38,-149.11,-3899.4,-31647.09,1743.37,22798.47,-6824.93,181.91,760.15,-6643.02,-5882.87,,,,,
1811,1745.07,4191.39,5234.38,523.45,283.37,-192.84,-3898.25,-31602.88,1749.73,22691.91,-6817.01,184.79,725.32,-6632.22,-5906.9,,,,,
1821,1778.32,4204.97,5269.51,515.66,273.57,-184.77,-3914.44,-31693.14,1743.7,22601.09,-6638.74,182.12,594.45,-6456.62,-5862.17,,,,,
1831,1810.39,4199.3,5215.13,509.09,262.61,-166.2,-3852.69,-31847.18,1709.62,22633.52,-6606.88,179.84,473.6,-6427.04,-5953.44,,,,,
1841,1798.47,4164.85,5192.16,495.19,259.38,-181.9,-3879.35,-31741.26,1736.32,22701.58,-6686.94,183,545.45,-6503.94,-5958.49,,,,,
1851,1762.9,4156.13,5241.16,510.84,280.29,-197.59,-3910.51,-31681.36,1747.44,22658.52,-6723.01,183.92,567.81,-6539.09,-5971.28,,,,,
1861,1753.64,4219.19,5191.67,506.54,274.35,-204.11,-3879.93,-31397.3,1745.55,22651.73,-6988.47,186.76,861.34,-6801.72,-5940.37,,,,,
1871,1795.39,4219.28,5181.62,532.16,267.11,-192.41,-3870.71,-31694.67,1737.57,22636.6,-6696.36,183.95,611.95,-6512.42,-5900.47,,,,,
1881,1752.07,4149.47,5250.73,490.34,283.7,-182.97,-3866.3,-31897.14,1723.42,22670.22,-6562.9,181.51,373.56,-6381.38,-6007.83,,,,,
1891,1807.33,4296.99,5269.51,521.8,302.2,-170.02,-3926.94,-31757.66,1683.07,22600.64,-6602.27,181.01,626.91,-6421.26,-5794.35,,,,,
1901,1802.19,4155.4,5223.85,504.24,278.26,-224.12,-3862.76,-31615.32,1727.27,22639.13,-6758.07,181.59,628.15,-6576.48,-5948.33,,,,,
1911,1818.65,4211.39,5220.46,503.98,252.37,-202.38,-3891.46,-31723.47,1734.42,22662.09,-6628.59,180.46,586.06,-6448.13,-5862.07,,,,,
1921,1838.27,4180.1,5171.7,522.27,282.04,-220.05,-3870.13,-31723.23,1716.78,22707.16,-6731.08,181.63,604.92,-6549.45,-5944.53,,,,,
1931,1755.21,4309.56,5225.77,503.7,259.43,-223.15,-3852.88,-31703.09,1706.68,22625.41,-6709.57,183.34,606.64,-6526.23,-5919.59,,,,,
1941,1808.13,4202.17,5211.97,502.32,274.72,-212.2,-3905.47,-31663.45,1743.64,22605.74,-6716.53,182.52,567.57,-6534.01,-5966.44,,,,,
1951,1826.87,4203.83,5246.79,497.85,253.92,-220.65,-3918.5,-31666.27,1731.66,22657.2,-6713.7,182.62,612.7,-6531.07,-5918.38,,,,,
1961,1756,4196.94,5209.51,510.8,270.94,-198.94,-3854.25,-31602.06,1717.68,22648.02,-6807.99,180.59,654.63,-6627.4,-5972.77,,,,,
1971,1714.35,4218.96,5214.62,485.72,267.13,-187.13,-3852.35,-31580.86,1727.17,22634.9,-6830.33,184.08,642.51,-6646.25,-6003.74,,,,,
1981,1816.45,4172.81,5204.87,518.18,292.1,-193.8,-3862.08,-31829.87,1714.79,22662.32,-6591.25,180.64,495.77,-6410.62,-5914.85,,,,,
1991,1784.81,4216.06,5218.87,501.03,275.57,-183.76,-3895.27,-31624.41,1721.74,22654.87,-6758.36,181.46,669.52,-6576.9,-5907.38,,,,,
2001,1752.42,4121.02,5228.76,491.73,277.91,-200.97,-3884.66,-31793.63,1741.68,22788.21,-6691.3,180.03,522.48,-6511.28,-5988.8,,,,,
2011,1796.77,4220.98,5227.82,504.23,260.18,-186.28,-3916.28,-31783.94,1754.01,22576.85,-6575.18,175.24,454.34,-6399.94,-5945.6,,,,,
2021,1856.23,4167.54,5237.76,500.96,293.06,-188.66,-3918.03,-31783.03,1714.25,22630.8,-6594.91,176.89,510.88,-6418.01,-5907.13,,,,,
2031,1837.26,4114.59,5238,509.06,263.63,-197.52,-3884.82,-31693.46,1709.22,22595.09,-6657.44,181.25,491.06,-6476.19,-5985.13,,,,,
2041,1828.47,4160.55,5226.52,531.38,267.72,-205.33,-3901.48,-31738.36,1734.8,22665.61,-6705.94,179.96,569.89,-6525.98,-5956.09,,,,,
2051,1803.16,4180.59,5157.59,506.86,268.25,-185.91,-3916.34,-31487.81,1739.46,22557.64,-6800.08,179.81,623.49,-6620.27,-5996.78,,,,,
2061,1849.49,4252.75,5204.52,501.16,293.88,-203.25,-3828.7,-31963.22,1728.51,22652.4,-6511.37,180.48,487.53,-6330.9,-5843.36,,,,,
2071,1809.8,4231.24,5193.04,513.07,274.96,-201.74,-3837.74,-31955.54,1712.52,22674.98,-6525.59,183.17,414.61,-6342.42,-5927.81,,,,,
2081,1719.49,4142.28,5237.5,493.75,289.7,-179.06,-3891.09,-31797.69,1741.98,22623.61,-6574.4,176.67,380.46,-6397.74,-6017.27,,,,,
2091,1685.35,4212.46,5239.06,516.09,289.37,-212.98,-3936.88,-31707.92,1723.88,22699.29,-6664.06,175.15,507.71,-6488.91,-5981.2,,,,,
2101,1763.3,4208.11,5223.07,520.71,280.22,-201.02,-3857.1,-31589.9,1723.31,22582.99,-6760.06,178.52,653.7,-6581.54,-5927.83,,,,,
2111,1832.69,4264.27,5191.56,523.99,263.98,-203.17,-3931.85,-31569.97,1719.92,22535.87,-6730.37,178.84,627.3,-6551.54,-5924.24,,,,,
2121,1824.24,4230.27,5199.07,509.31,300.66,-187.62,-3948.23,-31596.24,1732.54,22575.36,-6665.57,177.31,639.37,-6488.25,-5848.88,,,,,
2131,1847.78,4156.02,5190.71,512.07,268.59,-187.87,-3884.9,-31680.43,1692.87,22617.29,-6717.16,184.15,532.14,-6533.01,-6000.88,,,,,
2141,1862.01,4184.12,5205.38,509.33,276.81,-179.84,-3863.43,-31457.25,1700.71,22490.64,-6816.82,181.15,728.48,-6635.67,-5907.19,,,,,
2151,1800.77,4112.07,5209.88,509.21,273.71,-181.87,-3974.23,-31450.01,1750.04,22593.96,-6822.54,179.26,643.52,-6643.28,-5999.76,,,,,
2161,1807.3,4202.97,5252.11,520.83,269.5,-191.66,-3892.8,-31632.78,1716.21,22570.78,-6698.76,181.32,622.45,-6517.44,-5894.99,,,,,
2171,1767.73,4238.61,5222.15,518.71,267.17,-200.26,-3893.48,-31692.91,1721.81,22667.38,-6663.38,182.59,616.9,-6480.78,-5863.89,,,,,
2181,1767.61,4117.25,5231.95,497.2,294.26,-184,-3922.28,-31679.26,1737.91,22617.23,-6688.18,182.96,477.87,-6505.23,-6027.36,,,,,
2191,1799.28,4226.6,5260.44,520,277.87,-191.17,-3850.49,-31675.55,1735.55,22630.8,-6717.67,183.72,733.34,-6533.95,-5800.61,,,,,
2201,1845.6,4220.21,5252.33,494.58,265.97,-201.37,-3902.73,-31585.7,1690.08,22500.16,-6684.88,183.64,579.14,-6501.24,-5922.09,,,,,
2211,1778.31,4279.89,5258.65,505.74,268.22,-209.74,-3880.67,-31744.27,1704.2,22547.61,-6629.56,183.71,507.94,-6445.85,-5937.91,,,,,
2221,1824.4,4156.95,5218.09,503.05,280.97,-188.47,-3923.54,-31712.3,1718.74,22571.26,-6600.7,180.75,449.15,-6419.96,-5970.81,,,,,
2231,1782.3,4230.63,5229.47,513.68,275.59,-194.34,-3892.23,-31834.15,1700.14,22610.07,-6537.82,183.94,421.17,-6353.88,-5932.71,,,,,
2241,1758.52,4161.73,5225.02,499.54,261.65,-213.87,-3898.87,-31765.36,1715.87,22634.41,-6590.46,179.18,378.64,-6411.28,-6032.65,,,,,
2251,1788.74,4235.83,5214.22,507.87,272.74,-202.29,-3889.27,-31638.3,1760.69,22490.38,-6653.17,179.67,540.61,-6473.5,-5932.89,,,,,
2261,1761.05,4251.43,5205.58,508.63,262.49,-195.36,-3876.52,-31826.79,1719.51,22540.76,-6481.73,181.01,350.78,-6300.72,-5949.93,,,,,
2271,1726.93,4184.23,5186.27,508.62,272.24,-180.68,-3893.71,-31731.18,1746.06,22609.54,-6589.27,181.79,428.32,-6407.47,-5979.15,,,,,
2281,1845.56,4276.72,5232.41,523.58,283.95,-233.31,-3849.57,-31648.62,1720.45,22571.24,-6682.06,183.63,722.4,-6498.43,-5776.02,,,,,
2291,1815.25,4186.4,5225.02,514.35,271.25,-208.19,-3917.31,-31606.79,1696.49,22650.89,-6762.33,183.33,627.35,-6579,-5951.65,,,,,
2301,1815.12,4230.77,5219.96,525.69,273.02,-197.99,-3888.17,-31643,1710.13,22471.09,-6625.65,181.73,516.63,-6443.91,-5927.28,,,,,
2311,1724.15,4265.17,5172.78,509.26,279.7,-204.95,-3823.24,-31684.01,1758.48,22483.86,-6578.39,184.58,481.21,-6393.81,-5912.6,,,,,
2321,1805.45,4231.18,5208.66,498.73,235.94,-198.21,-3892.45,-31896.94,1730.68,22473.17,-6419.63,178.3,196.2,-6241.32,-6045.12,,,,,
2331,1824.26,4071.32,5218.34,510.05,282.42,-217.38,-3872.98,-31700.32,1693.83,22526.12,-6642.81,185.22,335.65,-6457.59,-6121.94,,,,,
2341,1719.97,4180.22,5215.51,507.72,286.23,-196.99,-3865.28,-31816.3,1758.38,22541.36,-6561.31,182.02,330.83,-6379.28,-6048.45,,,,,
2351,1825.03,4202.76,5204.54,517.05,262.5,-213.65,-3885.01,-31796.22,1716.21,22536.9,-6547.57,181.25,370.12,-6366.32,-5996.2,,,,,
2361,1813.9,4248.04,5276.18,522.55,281.86,-196.65,-3899.65,-31714.54,1680.4,22572.86,-6627.77,183.1,584.93,-6444.68,-5859.75,,,,,
2371,1800.58,4119.15,5235.15,503.63,273.83,-197.88,-3902.67,-32080.42,1750.63,22649.43,-6369.46,177.29,151.43,-6192.17,-6040.75,,,,,
2381,1822.97,4304.05,5197.71,501.19,273.37,-207.66,-3872.77,-31778.35,1705.89,22447.43,-6496.62,184.67,393.83,-6311.94,-5918.11,,,,,
2391,1784.52,4193.8,5247.83,503.56,276.49,-198.58,-3900.37,-31963.06,1726.38,22589.29,-6392.91,180.94,259.87,-6211.97,-5952.1,,,,,
2401,1836.77,4197.97,5196.31,495.22,283.49,-189.36,-3847.12,-31729.34,1731.99,22475.9,-6553.98,185.6,451.83,-6368.38,-5916.55,,,,,
2411,1753.53,4152.47,5243.81,502.24,255.51,-204.11,-3874.98,-31866.07,1719.94,22584.51,-6470.59,181.16,266.84,-6289.43,-6022.59,,,,,
2421,1841.97,4196.91,5281.14,513.44,288.76,-211.64,-3886.73,-31928.72,1727.44,22591.65,-6473.49,180.43,414.21,-6293.06,-5878.85,,,,,
2431,1794.47,4294.35,5217.78,502.9,270.6,-196.61,-3883.67,-31918.17,1737.67,22525.74,-6438.8,179.48,345.05,-6259.33,-5914.27,,,,,
2441,1807.73,4162.62,5225.39,506.18,274.77,-180.74,-3883.73,-31781.94,1692.25,22614.59,-6612.33,181.28,437.12,-6431.04,-5993.92,,,,,
2451,1738.61,4131.94,5260.56,515.79,280.32,-193.82,-3880.75,-31957.86,1756.13,22720.9,-6481.96,180.09,371.81,-6301.87,-5930.06,,,,,
2461,1801.91,4172.31,5242.79,507.8,291.61,-201.4,-3912.49,-31806.48,1710.66,22536.74,-6498.93,180.76,343.46,-6318.17,-5974.71,,,,,
2471,1809.48,4242.98,5228.18,498.7,279.14,-175.38,-3886.58,-31890.3,1696.91,22548.84,-6447.67,179.39,351.97,-6268.28,-5916.31,,,,,
2481,1747.6,4194.52,5234.14,515.96,279.43,-203.49,-3884.49,-31736.83,1729.96,22559.22,-6619.13,183.38,436.03,-6435.76,-5999.73,,,,,
2491,1805.12,4258.49,5178.34,508.23,252,-175.69,-3951.88,-31644.11,1699.07,22549.42,-6714.28,179.47,478.99,-6534.81,-6055.83,,,,,
2501,1755.44,4226.28,5260.41,506.94,289.94,-196.2,-3875.44,-31628.45,1769.75,22576.47,-6681.51,184.13,685.14,-6497.37,-5812.24,,,,,
2511,1793.67,4166.35,5216.67,502.71,278.1,-172.15,-3864.26,-31866.08,1741.92,22649.57,-6520.79,180.16,446.5,-6340.63,-5894.13,,,,,
2521,1756.95,4168.47,5236.45,522.58,279.96,-191.13,-3872.54,-31868.48,1720.98,22526.03,-6506,183.51,279.28,-6322.49,-6043.21,,,,,
2531,1731.47,4138.84,5241.23,490.41,257.8,-172.85,-3890.26,-31874.29,1775.21,22665.37,-6526.6,181.9,362.92,-6344.71,-5981.78,,,,,
2541,1779.25,4297.99,5204.25,515.42,276.33,-206.16,-3873.86,-31839.26,1740.25,22618.46,-6588.8,182.03,512.66,-6406.77,-5894.11,,,,,
2551,1798.48,4196.15,5238.7,504.66,288.32,-200.83,-3866.79,-31920.64,1722.42,22600.15,-6521.99,181.09,360.62,-6340.9,-5980.28,,,,,
2561,1751.06,4210.96,5206.08,495.87,269.73,-183.03,-3869.88,-31946.38,1726.51,22674.53,-6489.06,179.53,335.45,-6309.53,-5974.08,,,,,
2571,1849.96,4182,5233.79,508.88,288.94,-181.09,-3821.18,-31815.82,1690.51,22562.35,-6581.02,183.93,498.35,-6397.09,-5898.74,,,,,
2581,1812.11,4110.35,5234.22,516.93,298.4,-180.1,-3851.77,-31980.68,1729.06,22588.18,-6446.71,183.32,276.7,-6263.39,-5986.69,,,,,
2591,1774.3,4084.02,5247.26,495.85,267.72,-196.06,-3870.55,-31812.45,1750.92,22639.32,-6584.22,180.52,380.33,-6403.7,-6023.37,,,,,
2601,1798.76,4185.42,5226.01,517.5,281.65,-214.16,-3862.62,-31812.7,1724.76,22602.24,-6630.22,181.15,446.87,-6449.07,-6002.21,,,,,
2611,1796.61,4178.34,5249.3,512.32,266.8,-202.4,-3867.76,-31969.68,1700.27,22702.74,-6501.02,184.8,366.54,-6316.22,-5949.68,,,,,
2621,1788.52,4176.05,5220.03,503.05,268.8,-177.29,-3843.55,-31997.85,1726.89,22644.37,-6455.91,185.31,309.02,-6270.59,-5961.57,,,,,
2631,1759.38,4223.95,5172.86,497.05,283.18,-193.51,-3888.62,-31840.52,1739.17,22740.69,-6634.98,182.9,493.62,-6452.08,-5958.45,,,,,
2641,1781.07,4224.21,5269.3,507.67,265.87,-202.14,-3895.52,-31916.55,1730.11,22712.55,-6561.41,185.49,476.58,-6375.92,-5899.34,,,,,
2651,1826.55,4187.81,5276.76,524.82,292.2,-204.47,-3850.62,-31823.64,1703.79,22620.5,-6606.05,186.16,553.69,-6419.89,-5866.2,,,,,
2661,1879.05,4145.67,5216.13,505.39,297.71,-165.87,-3864.83,-31867.64,1723.16,22586.81,-6546.74,181.8,455.58,-6364.93,-5909.36,,,,,
2671,1813.26,4269.13,5196.3,504.27,273.89,-179.54,-3920.63,-31565.35,1724.95,22639.77,-6799.14,186.38,756.04,-6612.76,-5856.71,,,,,
2681,1803.55,4176.2,5246.49,505.89,272.24,-163.02,-3826.36,-31682.15,1731.19,22612.43,-6681.9,183.93,676.45,-6497.97,-5821.52,,,,,
2691,1778.91,4196.53,5222.73,505.48,254.1,-199.97,-3906.43,-31671.36,1715.11,22613.23,-6696.63,186.26,508.32,-6510.38,-6002.06,,,,,
2701,1818.83,4219.2,5196.05,505.93,268.6,-179.63,-3880.99,-31724.85,1688.76,22523.11,-6610.02,185.84,435.02,-6424.18,-5989.16,,,,,
2711,1767.16,4196.4,5198.99,512.64,263.91,-192.79,-3864.92,-31684.31,1728.01,22638.41,-6756.99,188.78,563.49,-6568.21,-6004.72,,,,,
2721,1763,4222.22,5208.38,514.03,290.46,-188.03,-3894.69,-31815.38,1719.52,22603.41,-6564.96,182.94,422.92,-6382.03,-5959.1,,,,,
2731,1824.91,4261.18,5169.52,522.5,271.35,-182.48,-3898.43,-32000.75,1729.46,22654.25,-6432.24,178.5,351.49,-6253.74,-5902.24,,,,,
2741,1768.76,4211.87,5180.27,501.62,262.33,-192.09,-3891.98,-31824.02,1724.6,22608.93,-6587.33,181.76,350.28,-6405.57,-6055.28,,,,,
2751,1849.8,4226.27,5220.38,491.49,262.5,-180.59,-3873.01,-31813.14,1709.13,22544.58,-6501.15,180.54,437.4,-6320.61,-5883.21,,,,,
2761,1736.85,4174.64,5223.32,505.85,279.23,-173.52,-3880,-31798.45,1712.92,22715.32,-6626.32,180.67,496.18,-6445.65,-5949.47,,,,,
2771,1778.19,4244.66,5222.99,528.4,302.7,-198.36,-3885.75,-32108.75,1730.5,22624.64,-6318.07,182.71,239.23,-6135.37,-5896.14,,,,,
2781,1833.29,4278.3,5193.81,515.18,265.91,-195.61,-3887.64,-31925.2,1678.04,22563.48,-6456.8,181.72,319.56,-6275.08,-5955.52,,,,,
2791,1786.51,4197.01,5235.87,509.81,281.28,-209.21,-3906.84,-31998.66,1711.02,22546.09,-6374.3,182.1,152.88,-6192.2,-6039.32,,,,,
2801,1812.93,4207.78,5213.87,519.07,277.86,-207.71,-3848.58,-32075.83,1708.96,22673.52,-6445.42,185.96,281.87,-6259.46,-5977.59,,,,,
2811,1850.47,4209.52,5232.33,513.97,281.03,-183.62,-3874.5,-31957.28,1723.3,22644.35,-6456.29,182.02,439.56,-6274.27,-5834.71,,,,,
2821,1805.53,4291.4,5235.57,512.25,287.18,-178.84,-3874.27,-31971.41,1686.57,22597.75,-6449.81,182.7,391.72,-6267.1,-5875.38,,,,,
2831,1802.4,4182.98,5225.12,497.83,290.89,-189.38,-3857.5,-31668.37,1711.84,22621.3,-6739.93,186.74,617.11,-6553.19,-5936.08,,,,,
2841,1828.49,4265.22,5254.21,510.33,271.07,-230.36,-3811.14,-31813.66,1716.15,22661.61,-6686.67,187.33,651.93,-6499.34,-5847.42,,,,,
2851,1770.88,4202.02,5209.48,504.14,268.23,-193.82,-3856.92,-31864.03,1705.73,22727.14,-6615.93,183.93,472.85,-6432,-5959.15,,,,,
2861,1773.55,4149.73,5228.8,513.15,273.15,-198.57,-3805.41,-31767.58,1760.94,22717.96,-6739.78,187.38,645.73,-6552.4,-5906.67,,,,,
2871,1775.74,4102.96,5198.78,506.51,278.91,-185.17,-3850.01,-31856.74,1736.46,22681.97,-6591.1,187.53,389.4,-6403.57,-6014.17,,,,,
2881,1774.93,4209.79,5229.89,512.5,275.5,-196.83,-3843.39,-31639.27,1716.92,22659.14,-6825.98,184.47,699.17,-6641.51,-5942.34,,,,,
2891,1802.05,4242.62,5168.87,503.65,253.49,-180.4,-3838.83,-31792.95,1711.24,22698.34,-6680.6,184.05,568.08,-6496.55,-5928.47,,,,,
2901,1801.04,4224.23,5220.97,511.69,282.22,-197.63,-3822.05,-31746.17,1696.93,22619.98,-6669.85,185.89,591.2,-6483.96,-5892.76,,,,,
2911,1849,4186.44,5244.26,505.46,289.13,-200.3,-3858.84,-31555.08,1685.33,22616.39,-6859.25,189.26,761.8,-6670,-5908.2,,,,,
2921,1831.23,4137.18,5199.33,500.89,279.37,-179.85,-3871.95,-31666.08,1714.98,22637.86,-6757.46,185.84,582.96,-6571.62,-5988.66,,,,,
2931,1824.91,4161.97,5194.29,513.7,281.16,-195.07,-3828.49,-31681.65,1683.94,22618.31,-6725.75,183.03,573.07,-6542.72,-5969.65,,,,,
2941,1794.39,4224.25,5219.96,512.3,266.21,-185.29,-3839.16,-31820.68,1704.88,22576.77,-6572.24,186.2,453.63,-6386.04,-5932.41,,,,,
2951,1824.44,4197.96,5220.62,504.7,264.75,-176.26,-3838.86,-31813.43,1709.95,22744.29,-6660.8,182.52,638.17,-6478.28,-5840.11,,,,,
2961,1768.38,4262.31,5234.49,515.75,282.12,-198.33,-3863.26,-31849.43,1719.52,22692.48,-6663.32,180.42,564.03,-6482.9,-5918.87,,,,,
2971,1794.98,4221.44,5198.72,506.81,282.97,-192.62,-3847.14,-31863.21,1704.82,22700.63,-6632.4,184.84,507.39,-6447.55,-5940.16,,,,,
2981,1821.25,4208.81,5239.25,513.2,270.09,-209.84,-3758.24,-31854.55,1728.81,22622.45,-6655.89,190.8,581.23,-6465.09,-5883.85,,,,,
2991,1816.16,4175.19,5259.51,516.97,274.92,-192.99,-3838.48,-32007.51,1738.11,22766.28,-6561.78,185.99,508.16,-6375.79,-5867.63,,,,,
3001,1844.42,4222.41,5298.86,520.01,269.98,-199.26,-3857.18,-31868.15,1727.64,22711.54,-6609.81,185.92,670.27,-6423.89,-5753.61,,,,,
3011,1828.23,4180.98,5232.72,508.95,251.67,-188.55,-3813.52,-31938.51,1705.69,22744.96,-6565.54,183.33,512.62,-6382.22,-5869.6,,,,,
3021,1782.38,4222.32,5199.48,511.8,284.98,-193.54,-3848.73,-31797.88,1702.94,22631.21,-6631.18,180.22,494.97,-6450.96,-5955.99,,,,,
3031,1819.16,4214.51,5232.54,514.24,276.98,-218.49,-3828.52,-31891.88,1714.2,22685.79,-6598.08,183.92,518.54,-6414.16,-5895.63,,,,,
3041,1782.93,4118.9,5201.29,504.16,275.28,-196.47,-3817.29,-31929.12,1756.47,22703.37,-6574.5,184.35,399.54,-6390.14,-5990.61,,,,,
3051,1831.93,4173.51,5195.65,500.32,288.54,-179.38,-3845.32,-31829.63,1734.64,22625.7,-6612.92,182.99,495.96,-6429.94,-5933.98,,,,,
3061,1811.01,4240.46,5228.42,518.85,277.73,-215.78,-3815.2,-31755.72,1711.83,22598.21,-6684.32,188.09,599.8,-6496.23,-5896.43,,,,,
3071,1865.31,4207.12,5259.64,513.45,289.82,-190.55,-3854.76,-31854.43,1709.21,22692.19,-6635.4,185.84,637.01,-6449.56,-5812.55,,,,,
3081,1843.21,4281.16,5185.29,521.82,267.56,-185.67,-3831.98,-31832.91,1736.41,22511.3,-6538.85,189.12,496.19,-6349.73,-5853.55,,,,,
3091,1804.35,4138.33,5204.22,522.75,287.69,-198.38,-3862.36,-31944.78,1728.25,22739.44,-6568.2,187.06,419.53,-6381.14,-5961.62,,,,,
3101,1832.29,4258.75,5227.35,496.53,275.88,-206.67,-3855.67,-31638.55,1709.61,22544.07,-6681.27,183.96,643.59,-6497.31,-5853.72,,,,,
3111,1788.9,4163.26,5262.71,506.14,282.8,-225.24,-3846.08,-31602.62,1749.81,22550.19,-6730.75,183.77,629.86,-6546.99,-5917.12,,,,,
3121,1760.4,4200.93,5235.04,487.82,266.04,-220.7,-3845.93,-31638.19,1758.41,22580.49,-6767.88,183.56,584.31,-6584.32,-6000.01,,,,,
3131,1786.56,4229.94,5186.37,497.39,293.28,-210.25,-3828.81,-31732.61,1732.46,22716.7,-6754.93,183.71,671.04,-6571.22,-5900.18,,,,,
3141,1822.33,4233.4,5209.42,527.58,282.74,-195.6,-3878.68,-31538.53,1710.8,22502.59,-6798.18,186.7,676.06,-6611.48,-5935.42,,,,,
3151,1856.78,4141.36,5217.8,509.87,270.79,-210.4,-3856.34,-31707.17,1692.52,22506.26,-6648.09,185.59,421.48,-6462.5,-6041.02,,,,,
3161,1862.17,4198.58,5236.36,527.72,291.63,-223.54,-3867.85,-31608.14,1695.62,22617.96,-6789.63,187.27,730.53,-6602.37,-5871.84,,,,,
3171,1821.72,4200.7,5223.14,509.75,278.35,-213.92,-3891.5,-31446.73,1725.61,22649.74,-6934,190.06,856.87,-6743.94,-5887.06,,,,,
3181,1811.08,4199.57,5265.48,509,268.02,-202.87,-3844.41,-31497.76,1740.27,22698.1,-6940.74,189.53,946.48,-6751.21,-5804.73,,,,,
3191,1761.92,4210.26,5203.1,503.47,292.98,-212.26,-3847.32,-31513.4,1752.67,22636.24,-6887.81,184.19,787.65,-6703.62,-5915.96,,,,,
3201,1792.11,4165.67,5255.58,507.21,285.66,-190.85,-3883.62,-31680.53,1758.96,22643.28,-6757.64,182.39,653.48,-6575.25,-5921.77,,,,,
3211,1790.41,4242.1,5236.99,512.17,283.16,-230.15,-3824.39,-31662.97,1716.64,22572.35,-6741.05,185.7,636.31,-6555.34,-5919.03,,,,,
3221,1810.39,4251.6,5203.58,515.59,258.63,-203.49,-3840.2,-31559.86,1751.4,22702.58,-6880.49,187.36,890.21,-6693.14,-5802.92,,,,,
3231,1841.42,4264.09,5195.37,510.15,287.15,-220.77,-3910.95,-31466.11,1701.76,22556.34,-6876.54,184.55,758.45,-6691.99,-5933.54,,,,,
3241,1781.98,4101.04,5226.43,491.22,266.09,-218.7,-3847.67,-31542.92,1757.38,22681.14,-6870.53,186.74,695.98,-6683.8,-5987.81,,,,,
3251,1778.83,4151.86,5249.05,502.73,259.54,-213.55,-3848.54,-31460,1726.36,22609.65,-6883.69,185.29,755.93,-6698.41,-5942.47,,,,,
3261,1796.34,4148.83,5253.34,506.55,283.01,-198.07,-3905.25,-31538.07,1731.75,22637.26,-6847.7,182.51,715.68,-6665.19,-5949.51,,,,,
3271,1735.71,4212.55,5238.13,508.21,275.8,-197.72,-3895.1,-31567.21,1711.19,22609.88,-6835.98,182.68,631.44,-6653.3,-6021.86,,,,,
3281,1765.05,4186.92,5217.64,510.89,264.24,-190.89,-3839.58,-31604.37,1755.78,22544.23,-6780.75,184.52,609.9,-6596.23,-5986.32,,,,,
3291,1770.09,4216.66,5231.16,518.33,285.17,-202.58,-3836.05,-31462.56,1735.67,22592.78,-6904.38,189.35,848.67,-6715.03,-5866.36,,,,,
3301,1792.58,4184.97,5218.04,504.53,279.35,-201.18,-3879.52,-31528.01,1723.97,22693.6,-6870.58,181.42,788.34,-6689.16,-5900.82,,,,,
3311,1790.46,4211.74,5205.64,516.47,281.19,-221.89,-3855.19,-31581.99,1730.65,22618.15,-6816.58,186.88,695.23,-6629.7,-5934.47,,,,,
3321,1774.76,4212.56,5293.49,522.11,268.91,-189.08,-3891.76,-31580.47,1705.28,22507.81,-6732.96,184.58,623.61,-6548.38,-5924.76,,,,,
3331,1897.91,4239.24,5254.29,523.44,275.78,-207.99,-3849.84,-31686.71,1711.42,22675.53,-6789.26,185.37,833.07,-6603.9,-5770.83,,,,,
3341,1811.54,4270.04,5236.19,520.65,273.08,-196.64,-3858.47,-31663.04,1721.91,22647.9,-6744.48,182.76,763.15,-6561.72,-5798.58,,,,,
3351,1825.69,4156.5,5252.46,514.14,289.33,-187.88,-3853.08,-31609.56,1710.14,22630.84,-6829.61,184.03,728.57,-6645.58,-5917.01,,,,,
3361,1758.48,4181.6,5251.64,522.79,283.82,-196.7,-3851.21,-31539.61,1719.23,22532.5,-6796.35,184.96,662.52,-6611.4,-5948.87,,,,,
3371,1765.49,4196.75,5232.22,511.71,268.4,-188.83,-3840.4,-31735.1,1741.86,22684.93,-6713.9,184.1,637.03,-6529.8,-5892.77,,,,,
3381,1805.04,4224.69,5180.28,508.53,292.15,-178.65,-3858.56,-31871.64,1692.77,22641.47,-6581.83,182.54,436.07,-6399.3,-5963.22,,,,,
3391,1838.67,4166.16,5204.09,512.07,274.76,-182.81,-3926.06,-31904.83,1695.24,22598.01,-6502.85,178.51,275.29,-6324.34,-6049.05,,,,,
3401,1849.64,4181.68,5261.66,515.51,269.48,-196.98,-3882.59,-31838.65,1730.97,22540.73,-6529.34,178.33,431.45,-6351,-5919.55,,,,,
3411,1846.04,4156.69,5223.63,512.26,249.32,-200.78,-3912.88,-31742.77,1728.06,22601.67,-6625.61,182.84,461.24,-6442.77,-5981.52,,,,,
3421,1863.29,4177.12,5221.08,509.52,263.44,-219.55,-3908.06,-31821.41,1696.34,22573.96,-6534.08,180.78,355.73,-6353.3,-5997.57,,,,,
3431,1800.06,4135.85,5212.07,496.72,300.64,-193.81,-3894.56,-31731.01,1727.78,22581.83,-6645.42,182.51,435.58,-6462.91,-6027.33,,,,,
3441,1814.9,4211.07,5256.99,504.37,270.88,-208.31,-3861.09,-32060.61,1751.31,22703.31,-6475.9,179.84,382.83,-6296.07,-5913.24,,,,,
3451,1823.41,4261.28,5203.66,529.39,281.61,-205.54,-3834.6,-31920.72,1710.97,22638.05,-6546.53,183.12,487.51,-6363.41,-5875.91,,,,,
3461,1778.06,4299.12,5238.68,512.87,275.04,-191.7,-3949.36,-31810.09,1708.34,22651.42,-6585.76,178.75,512.38,-6407.01,-5894.63,,,,,
3471,1822.23,4177.89,5235.11,499.62,281.37,-180.38,-3906.46,-31761.9,1730.36,22410.61,-6504.85,182.27,308.45,-6322.58,-6014.13,,,,,
3481,1814.7,4239.25,5256.91,523.15,272.37,-189.13,-3899.31,-31834.26,1741.71,22549.04,-6547.71,181,474.42,-6366.71,-5892.29,,,,,
3491,1800.91,4230.15,5243.52,518.38,279.24,-211.02,-3911.38,-31890.77,1706.88,22589.72,-6467.24,177.32,355.64,-6289.92,-5934.28,,,,,
3501,1877.29,4180.16,5218,511.68,266.5,-222.55,-3905.7,-31927.06,1743.51,22613.71,-6487.98,179.01,355.55,-6308.97,-5953.42,,,,,
3511,1800.81,4218.55,5191.7,507.1,257.78,-189.94,-3883.31,-31898.06,1710.46,22509.3,-6442.84,179.7,224.4,-6263.14,-6038.74,,,,,
3521,1814.17,4168.54,5194.77,497.88,286.44,-176.27,-3883.49,-31737.43,1736.23,22575.44,-6643.03,183.07,476.28,-6459.97,-5983.69,,,,,
3531,1775.83,4192.46,5201.35,509.33,277.23,-180.55,-3912.51,-31808.46,1710.49,22618.01,-6572.78,183.83,383.19,-6388.95,-6005.76,,,,,
3541,1777.96,4199.35,5179.39,512.61,271.86,-191.72,-3852.07,-31705.73,1752.24,22580.45,-6674.96,182.04,524.34,-6492.91,-5968.57,,,,,
3551,1768.79,4224.77,5209.34,515.41,269.84,-172.92,-3887.13,-31964.43,1712.89,22689.62,-6536.33,178.89,366.16,-6357.43,-5991.27,,,,,
3561,1854.97,4216.5,5232.94,501.95,285.26,-184.31,-3930.21,-31806.15,1712.39,22599.81,-6587.38,181.67,483.13,-6405.71,-5922.58,,,,,
3571,1810.06,4186.61,5230.78,508.43,291.82,-202.01,-3901.74,-31867.05,1746.3,22685.08,-6586.99,179.1,488.29,-6407.89,-5919.6,,,,,
3581,1772.3,4176.15,5240.07,521.4,276.84,-181.94,-3939.89,-31857.42,1728.1,22758.68,-6595.29,177.71,494.29,-6417.59,-5923.3,,,,,
3591,1896.91,4181.79,5208.96,508.62,269.51,-181.36,-3906.79,-31848.89,1720.11,22596.25,-6560.77,179.99,445.12,-6380.78,-5935.66,,,,,
3601,1771.57,4222.78,5267.04,492.83,273.67,-194.82,-3924,-31922.76,1705.65,22605.84,-6485.22,179.95,297.79,-6305.27,-6007.47,,,,,
3611,1782.24,4173.75,5220.68,509.37,278.53,-195.06,-3888.17,-31955.54,1758.63,22682.06,-6488.51,183.25,366.49,-6305.26,-5938.77,,,,,
3621,1809.19,4220.88,5191.01,523.05,265.98,-222.49,-3859.31,-31867.68,1698.17,22577.14,-6532.96,183.05,335.95,-6349.92,-6013.96,,,,,
3631,1821.27,4247.93,5219.44,524.29,273.63,-195.31,-3894.06,-31695.06,1705.85,22489.66,-6660.69,182.75,497.65,-6477.93,-5980.29,,,,,
3641,1858.57,4097.27,5163.74,501.29,269.03,-194.69,-3877.46,-31744.75,1721.34,22647.94,-6687.87,184.71,442.27,-6503.16,-6060.89,,,,,
3651,1765.06,4212.45,5170.47,505.07,270.26,-180.42,-3904.09,-31746.24,1724.92,22544.02,-6589.31,184.56,361.49,-6404.75,-6043.26,,,,,
3661,1780.58,4286.81,5234.13,504.15,291.58,-174.49,-3897.82,-31826.07,1723.25,22503.21,-6496.48,177.26,425.33,-6319.22,-5893.89,,,,,
3671,1831.77,4210.9,5173,518.65,272.62,-172.83,-3865.01,-31879.38,1732.71,22525.93,-6496.11,180.75,348.34,-6315.36,-5967.02,,,,,
3681,1771.76,4167.84,5162.34,494.75,265.65,-180.98,-3882.98,-31687.22,1714.07,22487.49,-6587.98,185.83,312.72,-6402.15,-6089.43,,,,,
3691,1802.03,4293.36,5178.15,508.9,288.76,-192.81,-3921.19,-31813.55,1728.31,22521.95,-6483.97,177.23,393.93,-6306.74,-5912.81,,,,,
3701,1824.67,4204.42,5181.75,504.35,269.27,-182.01,-3928.45,-31763.83,1744.63,22521.56,-6525.81,181.69,376.36,-6344.11,-5967.76,,,,,
3711,1771.49,4165.28,5227.29,522.25,275.49,-165.45,-3936.74,-31984.91,1743.77,22703.27,-6495.07,179.28,321.75,-6315.79,-5994.04,,,,,
3721,1832.35,4122.09,5184.74,506.21,292.48,-182.85,-3877.53,-31942.79,1728.75,22534.31,-6428.82,179.37,197.75,-6249.45,-6051.69,,,,,
3731,1780.71,4173.12,5181.17,508.34,275.27,-183.31,-3915.12,-31930.02,1712.19,22591.87,-6460.7,181.85,194.22,-6278.85,-6084.63,,,,,
3741,1831.31,4174.69,5175.33,497.84,280.44,-154.88,-3904.85,-31939,1712.07,22680.98,-6520,182.9,353.93,-6337.1,-5983.17,,,,,
3751,1781.47,4172.08,5200.5,491.44,286.34,-199.3,-3859.01,-31876.33,1722.51,22726.01,-6618.4,185.57,445.71,-6432.83,-5987.12,,,,,
3761,1810.92,4140.13,5195.35,525.41,277.79,-195.16,-3900.79,-31766.61,1749.51,22546.48,-6611.24,180.96,383.02,-6430.28,-6047.25,,,,,
3771,1778.47,4242.87,5162.45,522.23,278.92,-173.63,-3899.74,-31754.43,1746.93,22545.66,-6566.72,176.48,449.72,-6390.24,-5940.52,,,,,
3781,1835.67,4138.12,5216.36,519.18,276.99,-178.69,-3892.53,-31872.3,1723.47,22620.07,-6550.27,181.63,386.34,-6368.64,-5982.3,,,,,
3791,1796.08,4236.97,5179.93,506.45,284.39,-196.07,-3911.65,-32052.82,1721.23,22715.54,-6437.13,180.02,280.04,-6257.11,-5977.07,,,,,
3801,1796.92,4105.41,5171.08,502.93,280.96,-187.72,-3907.82,-32039.21,1745.22,22642.61,-6437.03,175.64,110.39,-6261.39,-6151,,,,,
3811,1766.23,4213.66,5186.95,497.26,299.03,-174.6,-3863.54,-31778.46,1739.65,22531.45,-6587.41,178.97,417.62,-6408.44,-5990.82,,,,,
3821,1814.25,4192.94,5212.69,516.51,279.52,-170.72,-3895.52,-31722.04,1735.57,22594.65,-6682.23,182.07,557.85,-6500.17,-5942.31,,,,,
3831,1836.13,4181.43,5168.19,522.8,263.19,-213.66,-3914.09,-31780.24,1732.5,22597.21,-6591.25,179.35,393.47,-6411.9,-6018.43,,,,,
3841,1787.58,4169.87,5214.46,514.97,278.5,-184.34,-3907.11,-31862.19,1742.53,22552.84,-6516.33,179.15,307.11,-6337.19,-6030.07,,,,,
3851,1817.29,4144.34,5214.71,495.66,282.03,-179.55,-3841.66,-31807.26,1752.42,22702.9,-6656.38,181.3,580.88,-6475.08,-5894.21,,,,,
3861,1709.07,4154.07,5202.93,515.27,281.7,-181.56,-3864.75,-31774.3,1722.86,22596.94,-6597.07,184.73,362.25,-6412.34,-6050.09,,,,,
3871,1819.52,4191.27,5208.82,532.21,262.2,-169.42,-3878.3,-31902.49,1760.42,22561.32,-6483.47,179.29,385.55,-6304.18,-5918.64,,,,,
3881,1832.04,4183.59,5201.59,525.26,271.4,-174.71,-3873.76,-31945.68,1722.89,22590.96,-6446.45,180.09,333.56,-6266.36,-5932.8,,,,,
3891,1788.65,4223.1,5154.15,502.84,252.97,-182.35,-3900.09,-31737.94,1728.86,22688.41,-6717.68,181.02,518.58,-6536.66,-6018.08,,,,,
3901,1800.95,4128.05,5196.97,498.49,274.7,-201.95,-3914.2,-31727.04,1754.43,22632.84,-6670.68,181.78,443.24,-6488.9,-6045.66,,,,,
3911,1873.76,4163.7,5189.17,501.06,290.1,-180.83,-3861.45,-31676.81,1715.67,22520.09,-6707,182.82,534.47,-6524.18,-5989.71,,,,,
3921,1762.56,4218.17,5215.72,515.08,271.49,-176.57,-3918.35,-31804.95,1741.36,22666.25,-6610.41,183.17,490.76,-6427.24,-5936.48,,,,,
3931,1819.09,4191.19,5185.07,523.8,273.65,-206.87,-3856.42,-31704.98,1727.03,22488.28,-6625.71,181.73,439.84,-6443.98,-6004.13,,,,,
3941,1847.64,4222.82,5209.99,519.78,285.25,-194.73,-3841.69,-31816.46,1691.67,22552.92,-6556.08,181.3,477.18,-6374.77,-5897.6,,,,,
3951,1806.02,4174.74,5202.57,483.08,277.99,-180.16,-3827.52,-31831.66,1704.06,22605.35,-6570.16,182.1,414.48,-6388.07,-5973.59,,,,,
3961,1810.93,4170.1,5210.64,507.36,291,-202.08,-3905.73,-31693.26,1692.06,22582.49,-6658.28,183.19,463.52,-6475.09,-6011.58,,,,,
3971,1829.85,4168.83,5232.64,525.71,277.27,-201.88,-3885.78,-31829.19,1712.47,22580.33,-6535.73,182.03,410.25,-6353.7,-5943.45,,,,,
3981,1809.78,4188.48,5225.83,515.63,265.47,-176.65,-3904.45,-31885.01,1699.94,22567.87,-6526.12,182.23,306.9,-6343.89,-6036.99,,,,,
3991,1825.7,4126.08,5215.02,497.72,275.91,-182.02,-3880.68,-31822.82,1740.96,22658.37,-6597.9,183.39,454.23,-6414.51,-5960.28,,,,,
4001,1762.3,4155.24,5189.64,498.38,271.37,-168.07,-3876.11,-31982.89,1736.42,22568.29,-6372.16,179.91,154.56,-6192.25,-6037.68,,,,,
4011,1795.99,4166.45,5232.39,516.53,269.94,-180.19,-3861.66,-31820.9,1727.82,22636.3,-6583.03,179.23,482.68,-6403.81,-5921.13,,,,,
4021,1860.02,4117.91,5189.92,505.32,287,-183.57,-3862.4,-31780.16,1738.54,22671.28,-6681,177.1,543.84,-6503.89,-5960.05,,,,,
4031,1761.21,4141.24,5192.18,496.8,271.68,-177.66,-3856.08,-31839.72,1727.24,22675.6,-6585.44,184.02,392.49,-6401.41,-6008.92,,,,,
4041,1765.8,4189.5,5218.37,500.77,271.5,-183.16,-3892.24,-31693.45,1732.14,22606.9,-6673.39,184.05,516.13,-6489.34,-5973.22,,,,,
4051,1771.84,4170.16,5154.84,511.17,272.03,-194.75,-3873.7,-31698.3,1712.96,22628.49,-6725.39,183.81,454.73,-6541.58,-6086.85,,,,,
4061,1809.14,4270.34,5216.18,503.07,298,-203.27,-3831.18,-31764.53,1722,22560.6,-6702.23,180.44,580.34,-6521.79,-5941.45,,,,,
4071,1829.34,4154.64,5228.34,507,284.46,-177.84,-3869.85,-31853.7,1723.64,22680.36,-6640.21,184,506.4,-6456.21,-5949.8,,,,,
4081,1834.42,4203,5194.55,517.14,277.21,-178.43,-3857.41,-31947.99,1707.58,22660.92,-6551.03,179.16,411,-6371.87,-5960.87,,,,,
4091,1753.49,4180.18,5186.29,509.26,257.62,-199.28,-3867.3,-31836.16,1711.59,22708.35,-6683.35,180.98,404.03,-6502.37,-6098.34,,,,,
4101,1824.83,4136.28,5205.71,497,288.62,-202.5,-3852.45,-31757.76,1721.37,22661.71,-6765.3,181.05,522.82,-6584.24,-6061.42,,,,,
4111,1802.92,4265.15,5198.39,518.56,268.02,-210.55,-3856.42,-31499.36,1736.69,22462.2,-6823.29,184.37,685.61,-6638.93,-5953.31,,,,,
4121,1871.13,4264.43,5212.56,517.04,281.83,-192.29,-3884.07,-31884.51,1736.07,22633.44,-6566.85,183.13,555.63,-6383.72,-5828.08,,,,,
4131,1792.41,4202.97,5169.32,508.16,294.94,-194.93,-3876.13,-31960.94,1768.5,22670.84,-6564.44,179.63,375.14,-6384.81,-6009.67,,,,,
4141,1854.41,4133.93,5157.36,515.82,269.46,-189.67,-3901,-31620.08,1700.63,22568.25,-6745.5,179.5,489.11,-6565.99,-6076.88,,,,,
4151,1833.64,4244.67,5231.04,509.31,298.19,-185.31,-3884.7,-31856.31,1714.23,22602.75,-6594.21,182.97,507.5,-6411.24,-5903.73,,,,,
4161,1796.81,4149.52,5157.15,523.56,272.41,-162.27,-3892.87,-31796.63,1699.56,22630.42,-6627.5,179.08,377.66,-6448.42,-6070.76,,,,,
4171,1890.24,4141.23,5223.96,503.51,281.09,-207.23,-3870.57,-31774.54,1732.61,22605.98,-6703.04,184.2,526.28,-6518.84,-5992.56,,,,,
4181,1806.43,4227.67,5226.61,516.49,275.49,-183.89,-3851.37,-31874.61,1724.4,22547.37,-6568.07,180.45,414.6,-6387.62,-5973.02,,,,,
4191,1835.41,4173.2,5173.72,512.72,300.85,-176.41,-3848.45,-31728.74,1703.07,22590.2,-6724.69,183.88,535.57,-6540.81,-6005.24,,,,,
4201,1788.76,4132.09,5172.2,505.28,281.79,-170.3,-3860.81,-31656.45,1706.09,22616.52,-6754.61,186.67,515.18,-6567.93,-6052.76,,,,,
4211,1869.92,4127.18,5209.37,506.49,273.44,-197.06,-3868.68,-31642.76,1736.98,22588.91,-6764.07,183.19,603.79,-6580.88,-5977.09,,,,,
4221,1819.14,4192,5207.66,518.38,288.45,-187.3,-3871.03,-31870.22,1718.94,22524.74,-6522.76,178.43,340.76,-6344.34,-6003.57,,,,,
4231,1793.52,4185.1,5191.34,503.91,274.36,-200.47,-3821.53,-31751.76,1747.74,22513.48,-6603.3,184.16,435.69,-6419.14,-5983.44,,,,,
4241,1814.62,4163.92,5233.43,503.08,291.83,-208.71,-3889.27,-31736.17,1693.08,22635.85,-6687.75,182.51,501.66,-6505.23,-6003.57,,,,,
4251,1818.7,4128.37,5192.78,517.17,257.32,-166.28,-3850.93,-31750.67,1718.87,22543.59,-6603.2,184.44,408.92,-6418.76,-6009.84,,,,,
4261,1748.36,4200.17,5146.79,496.54,285.94,-200.55,-3902.37,-31825.96,1726.69,22587.98,-6572.68,181.15,263.6,-6391.53,-6127.93,,,,,
4271,1778.56,4195.76,5210.51,503.68,273.97,-197.72,-3856.73,-31933.7,1723.03,22714.75,-6607.11,182.25,412.1,-6424.86,-6012.77,,,,,
4281,1778.68,4163.4,5247.78,503.46,261.76,-169.63,-3895.9,-31802.08,1716.62,22605.11,-6594.72,179.06,409.2,-6415.66,-6006.47,,,,,
4291,1790.28,4241.81,5207.66,509.92,259.18,-173.95,-3877.36,-31586.94,1733.33,22577.43,-6779.63,185.94,681.36,-6593.69,-5912.32,,,,,
4301,1801.11,4206.66,5208.13,507.15,278.39,-195.74,-3907.58,-31624.88,1717.76,22660.41,-6783.21,183.56,651.41,-6599.65,-5948.24,,,,,
4311,1846.43,4232.22,5208.86,521.57,274.92,-153.22,-3827.16,-31842.2,1723.55,22609.52,-6575.36,186.01,594.5,-6389.36,-5794.86,,,,,
4321,1875.91,4216.01,5194.73,510.27,276.68,-199.66,-3792.71,-31929.36,1717.61,22731.65,-6669.25,185.7,601.13,-6483.55,-5882.41,,,,,
4331,1815.6,4093.21,5196,504.6,286.4,-199,-3895.68,-32014.4,1751.33,22780.18,-6523.99,177.9,318.24,-6346.09,-6027.86,,,,,
4341,1775.55,4174.84,5210.85,513,279.79,-183.43,-3888.8,-31956.38,1719.66,22665.94,-6483.22,180.34,311.02,-6302.87,-5991.85,,,,,
4351,1827.82,4128.39,5198.49,510.63,286.99,-191.77,-3851.09,-32116.97,1683.46,22665.37,-6402.71,184.89,141.33,-6217.82,-6076.49,,,,,
4361,1821.61,4089.9,5234.86,503.02,283.51,-177.43,-3895.01,-32092.71,1738.51,22766.51,-6461.27,179.57,272.77,-6281.71,-6008.93,,,,,
4371,1826.48,4138.12,5247.76,511.42,294.7,-200.56,-3883.22,-32046.17,1697.27,22675.26,-6446.4,181.83,261.06,-6264.57,-6003.52,,,,,
4381,1795.04,4072.53,5216.91,509.44,278.2,-202.61,-3897.37,-32016.95,1705.82,22644.94,-6430.03,177.77,105.94,-6252.26,-6146.32,,,,,
4391,1752.84,4165.06,5220.05,513.38,270.6,-187.11,-3901.24,-31984.65,1734.92,22631.6,-6412.4,179.11,215.46,-6233.29,-6017.83,,,,,
4401,1843.21,4128.11,5233.33,502.18,273.51,-207.1,-3872.63,-31975.1,1743.92,22666.7,-6483.42,182.51,336.14,-6300.91,-5964.76,,,,,
4411,1781.5,4231.02,5139.91,502.75,279.08,-188.71,-3958.48,-31916.02,1711.09,22688.64,-6516.12,177.99,270.77,-6338.13,-6067.36,,,,,
4421,1807.93,4111.92,5220.45,506.76,273.51,-184.91,-3863.69,-31945.71,1751.28,22713.02,-6574.03,182.81,390.56,-6391.22,-6000.67,,,,,
4431,1799.35,4211.41,5222.28,497.67,259.83,-168.73,-3911.1,-31917.22,1733.23,22673.82,-6538.37,180.01,400.54,-6358.36,-5957.82,,,,,
4441,1821.87,4180.01,5162.72,512.17,273.45,-184.23,-3854.64,-31819.91,1724.52,22675.17,-6607.54,186.1,491.11,-6421.44,-5930.33,,,,,
4451,1800.81,4191.68,5222.79,508.1,296.47,-201.91,-3892.79,-31747.04,1717.2,22636.15,-6678.93,180.94,531.46,-6497.99,-5966.54,,,,,
4461,1771.92,4205.12,5219.35,524.58,271.05,-192.8,-3877,-31821.71,1729.4,22625.53,-6596.72,177.35,455.44,-6419.37,-5963.93,,,,,
4471,1742.27,4225.32,5216.88,512.15,305.45,-176.21,-3922.72,-31942.89,1733.84,22643.3,-6471.12,178.33,337.38,-6292.79,-5955.41,,,,,
4481,1797.25,4159.76,5228.42,490.79,269.12,-197.86,-3927.24,-32103.31,1719.06,22649.62,-6341.64,176.7,85.61,-6164.94,-6079.33,,,,,
4491,1791.53,4140.42,5170.09,501.49,290.23,-199.5,-3879.03,-32101.33,1683.95,22696.87,-6454.55,181.96,94.73,-6272.59,-6177.86,,,,,
4501,1759.72,4226.38,5170.75,502.56,284.27,-193.73,-3856.01,-32002.39,1733.93,22690.11,-6495.07,178.81,315.6,-6316.26,-6000.66,,,,,
4511,1870.57,4167.06,5236.61,513.15,281.2,-214.52,-3895.54,-31914.49,1719.81,22723.68,-6590.36,179.85,487.54,-6410.51,-5922.97,,,,,
4521,1830.59,4182.19,5209.1,522.04,276.71,-211.79,-3885.95,-31955.7,1738.01,22646.28,-6456.93,180.94,351.49,-6276,-5924.5,,,,,
4531,1766.92,4146.32,5259.33,509.3,266.27,-185.81,-3896.38,-31885.58,1729.71,22620.02,-6527.97,180.34,330.11,-6347.63,-6017.53,,,,,
4541,1792.93,4218.54,5204.14,510.16,304.52,-169.97,-3868.85,-31853.29,1697.18,22569.64,-6576.67,184.03,405,-6392.64,-5987.64,,,,,
4551,1782.4,4186.82,5199.21,513.41,263.28,-198.74,-3885.86,-31925.55,1708.46,22557.99,-6499.8,182.39,201.43,-6317.41,-6115.98,,,,,
4561,1791.58,4140.26,5174.62,498.99,257.64,-154.46,-3878.21,-31965.24,1747.48,22757.1,-6550.25,179.69,369.75,-6370.56,-6000.81,,,,,
4571,1803.61,4267.95,5189.66,523.31,275.85,-196.9,-3878.58,-31975.44,1712.83,22652.36,-6537.26,182.69,374.65,-6354.57,-5979.92,,,,,
4581,1850.59,4124.92,5226.82,500.85,300.17,-169,-3849.28,-31946.17,1710.42,22573.77,-6486.57,181.92,323.08,-6304.65,-5981.56,,,,,
4591,1766.38,4163.1,5199.34,482.61,271.2,-191.08,-3888.22,-31791.9,1692.63,22674.14,-6612.73,183.65,378.2,-6429.08,-6050.88,,,,,
4601,1791.83,4171.02,5215.18,498.72,278.09,-188.88,-3863.41,-31988.14,1719.59,22623.44,-6471.28,183.68,257.43,-6287.6,-6030.17,,,,,
4611,1787.2,4123.73,5225.08,506.78,272.23,-156.52,-3871.83,-31849.01,1769.18,22649.08,-6588.89,185.23,455.92,-6403.66,-5947.73,,,,,
4621,1822.69,4205.95,5239.56,519.51,281.5,-189.92,-3927.33,-31841.69,1748.17,22588.33,-6527.89,180.01,446.78,-6347.89,-5901.1,,,,,
4631,1757.58,4210.22,5216.87,499.74,278.89,-198.23,-3899.92,-31804.03,1750.6,22530.76,-6510.62,176.38,342.49,-6334.24,-5991.74,,,,,
4641,1763.25,4192.65,5176.14,497.31,275.54,-189.74,-3895.62,-31721.27,1741.09,22543.96,-6644.03,182.46,383.3,-6461.56,-6078.26,,,,,
4651,1818.12,4091.22,5209.38,501.28,268.56,-182.77,-3857.21,-31802.12,1725.39,22618.38,-6634.45,184.62,390.22,-6449.82,-6059.6,,,,,
4661,1768.84,4255.23,5182.61,499.57,289.61,-173,-3856.94,-31852.97,1718.56,22633.16,-6669.54,185.3,464.67,-6484.24,-6019.57,,,,,
4671,1783.83,4130.52,5243.31,490.11,269.66,-189.59,-3848.93,-31890.44,1719.8,22569.06,-6503.25,177.31,277.32,-6325.94,-6048.62,,,,,
4681,1873.47,4180.94,5230.97,500.68,264.22,-205.32,-3873.97,-31881.14,1679.26,22500.18,-6463.07,180.73,269.28,-6282.33,-6013.06,,,,,
4691,1831.98,4180.26,5191.49,513.53,269.31,-202.73,-3867.16,-31781.23,1728.14,22499.98,-6549.9,180.63,363.58,-6369.28,-6005.7,,,,,
4701,1776.34,4265.64,5216.59,514.8,264.76,-171.11,-3839.14,-31795.52,1713.71,22563.14,-6613.94,182.45,509.22,-6431.49,-5922.27,,,,,
4711,1794.38,4141.4,5235.7,500.74,269.94,-224.96,-3898.23,-31818.48,1708.85,22479.87,-6488.65,180.77,189.22,-6307.88,-6118.66,,,,,
4721,1805.84,4282.81,5208.55,517.54,258.33,-155.37,-3913.76,-31711.43,1709.76,22518.2,-6578.09,180.74,520.48,-6397.35,-5876.87,,,,,
4731,1833.99,4151.07,5229.43,519.2,258.68,-169.77,-3910.91,-31890.65,1743.35,22624.78,-6500.65,181.08,389.17,-6319.57,-5930.4,,,,,
4741,1857.47,4109.63,5182.69,490.38,294.74,-194.83,-3838.9,-31971.53,1714.91,22633.11,-6442.77,180.96,277.66,-6261.82,-5984.16,,,,,
4751,1828.45,4182.06,5210.64,511.01,260.32,-191.61,-3907.3,-31774.62,1722.25,22586.66,-6601.37,180.41,427.86,-6420.96,-5993.1,,,,,
4761,1808.16,4153.14,5239.44,518.59,296,-218.52,-3855.72,-31770.81,1734.32,22469.01,-6521.64,183.46,373.62,-6338.18,-5964.56,,,,,
4771,1782.78,4257.92,5195.06,505.29,283.39,-193.8,-3876.67,-31772.86,1712.21,22594,-6607.98,182.52,487.32,-6425.46,-5938.13,,,,,
4781,1813.31,4197.82,5159.68,498.33,281.75,-185.7,-3939.59,-31780.67,1691.16,22587.39,-6569.58,181.91,323.48,-6387.67,-6064.19,,,,,
4791,1792,4213.73,5224.95,518.22,292.04,-220.94,-3868.37,-31801.11,1702.66,22483.98,-6525.59,183.99,337.15,-6341.6,-6004.45,,,,,
4801,1801.44,4186.98,5203.54,518.51,260.38,-167.21,-3921.81,-31669.74,1701.95,22493.72,-6655.62,182.2,407.76,-6473.42,-6065.66,,,,,
4811,1779.89,4269.53,5177.83,524.41,258.71,-193.93,-3913.55,-31595.08,1711.4,22598.69,-6743.52,180.89,617.92,-6562.64,-5944.72,,,,,
4821,1791.13,4119.74,5212.21,509.8,291.84,-166.34,-3887.18,-31591.94,1730.04,22642.3,-6800.98,184.27,651.61,-6616.71,-5965.1,,,,,
4831,1817.2,4229.56,5177.11,524.12,274.9,-185.55,-3896.15,-31538.34,1754.67,22548.68,-6817.16,184.92,706.19,-6632.25,-5926.05,,,,,
4841,1743.8,4207.21,5171.6,501.55,290.32,-167.5,-3894.29,-31745.15,1738.47,22578.02,-6606.6,182.04,424.03,-6424.56,-6000.54,,,,,
4851,1795.23,4161.88,5217.35,495.49,278.51,-191.33,-3879.57,-31643.2,1718.65,22660.16,-6808.39,185.23,613.17,-6623.16,-6009.99,,,,,
4861,1798.31,4238.81,5190.88,512.1,275.21,-177.3,-3892.18,-31750.27,1735.53,22604.24,-6673.04,184.39,535.35,-6488.65,-5953.3,,,,,
4871,1752.17,4259.79,5208.22,514.25,288.56,-170.2,-3890.67,-31665.24,1765.62,22473.86,-6617.48,181.93,536.34,-6435.55,-5899.21,,,,,
4881,1792.71,4223.56,5233.05,515.18,270.95,-168.55,-3861.77,-31693.56,1723.92,22579.15,-6706.72,186.3,614.65,-6520.42,-5905.78,,,,,
4891,1842.43,4217.06,5222.37,504,287.86,-183.07,-3827.38,-31638.89,1677.96,22560.35,-6769.63,183.23,662.68,-6586.4,-5923.72,,,,,
4901,1708.26,4158.52,5193.14,501.81,273.05,-184.22,-3848.44,-31688.39,1740.64,22669.12,-6757.65,186.59,523.51,-6571.05,-6047.55,,,,,
4911,1807.57,4158.89,5188.98,499.53,279.6,-191.4,-3794.72,-31600.19,1733.17,22655.21,-6850.66,185.03,736.64,-6665.62,-5928.98,,,,,
4921,1793.83,4274.64,5223.89,508.28,287.95,-180.06,-3858.93,-31505.05,1682.95,22506.87,-6859.98,184.36,734.37,-6675.62,-5941.25,,,,,
4931,1833.22,4246.5,5210.42,537.74,255.07,-176.25,-3859.94,-31582.51,1730.87,22628.09,-6828.64,187.84,823.21,-6640.8,-5817.59,,,,,
4941,1791.2,4201.56,5204.57,518.35,277.52,-177.24,-3917.97,-31525.25,1738.79,22626.77,-6856.04,180.49,738.3,-6675.55,-5937.25,,,,,
4951,1836.34,4174.01,5167.57,521.36,279.48,-161.52,-3916.8,-31508.13,1705.5,22605.61,-6892.76,180.51,703.41,-6712.26,-6008.85,,,,,
4961,1780.02,4234.74,5211.83,514.57,291.6,-174.44,-3851.46,-31467.86,1744.92,22489.78,-6841.84,181.87,773.69,-6659.97,-5886.27,,,,,
4971,1811.47,4239.08,5203.36,512.99,259.75,-179.51,-3871.12,-31616.82,1707.46,22482.08,-6714.03,185.04,548.73,-6528.99,-5980.26,,,,,
4981,1809.63,4142.94,5205.57,489.87,267.5,-201.32,-3894.73,-31652.08,1734.9,22615.4,-6751.99,182.24,517.67,-6569.75,-6052.08,,,,,
4991,1769.85,4237.36,5177.62,527.19,254.14,-205.83,-3876.32,-31672.22,1723.5,22609.28,-6735.29,184.38,544.56,-6550.91,-6006.36,,,,,
5001,1843.28,4094.64,5245.68,506.62,273.87,-207.12,-3858.14,-31600.98,1739.68,22620.2,-6780.01,186.16,657.71,-6593.85,-5936.14,,,,,
5011,1834.6,4136.17,5232.94,497.63,283.76,-187.9,-3854.25,-31701.26,1707.17,22731.15,-6757.35,184.82,680.02,-6572.54,-5892.51,,,,,
5021,1749.01,4086.66,5209.27,494.47,286.24,-179.1,-3889.77,-31667.92,1726.23,22669.48,-6750.3,184.39,484.57,-6565.91,-6081.34,,,,,
5031,1775.03,4228.63,5267.33,528.86,297.94,-193.33,-3891.43,-31762.42,1726.33,22687.75,-6742.96,185.95,664.7,-6557.01,-5892.32,,,,,
5041,1823.22,4124.68,5171.5,501.26,286.82,-175.53,-3822.84,-31662.35,1734.08,22652.08,-6767.58,185.84,632.92,-6581.74,-5948.82,,,,,
5051,1775.97,4181.81,5222.13,507.11,290.23,-176.6,-3783.83,-31833.61,1743.46,22631.14,-6641,185.12,557.8,-6455.88,-5898.08,,,,,
5061,1752.89,4223.2,5219.34,499.43,282.86,-199.4,-3893.7,-31645.14,1722.36,22579.77,-6728.88,185.63,541.6,-6543.25,-6001.65,,,,,
5071,1790.83,4111.59,5211.53,505.88,281.03,-187.18,-3855.14,-31798.83,1730.74,22730.43,-6679.04,183.96,520.89,-6495.08,-5974.19,,,,,
5081,1757.14,4218.49,5186.05,503.65,283.5,-202.23,-3860.43,-31575.81,1716,22623.28,-6776.51,187.62,649.64,-6588.88,-5939.25,,,,,
5091,1825.27,4170.74,5237.57,496.15,278.99,-179.54,-3894.15,-31675.58,1693.16,22621.13,-6723.46,187.44,573.76,-6536.02,-5962.26,,,,,
5101,1794.63,4160.81,5202.59,500.88,284.88,-196.48,-3888.32,-31649.47,1718.02,22693.19,-6787.9,183.28,620.72,-6604.62,-5983.9,,,,,
5111,1751.7,4172.56,5214.01,499.33,288.91,-195.1,-3882.08,-31813.22,1688.2,22660.16,-6590.6,180.87,384.46,-6409.73,-6025.27,,,,,
5121,1805.63,4114.93,5239.32,509.28,264.99,-190.45,-3837.33,-31798.81,1707.8,22833.41,-6787.51,188.26,648.77,-6599.25,-5950.48,,,,,
5131,1752.85,4224.56,5222.06,503.51,270.08,-209.79,-3879.23,-31707.43,1716.28,22645.41,-6715.23,184.45,538.31,-6530.78,-5992.47,,,,,
5141,1798.2,4172.7,5269.74,522.74,278.51,-194.62,-3934.76,-31501.98,1688.78,22620.87,-6864.81,186.57,720.2,-6678.24,-5958.04,,,,,
5151,1750.65,4249.82,5165.13,515.58,260.8,-178.7,-3910.08,-31435.06,1709.32,22543.12,-6881.62,185.12,670.58,-6696.5,-6025.92,,,,,
5161,1845.33,4152.03,5225.31,517.87,264.55,-169.86,-3877.29,-31711.99,1721.34,22567.27,-6675.38,182.25,534.56,-6493.13,-5958.57,,,,,
5171,1799.57,4170.61,5210.8,518.66,271.12,-174,-3907.37,-31585.07,1750.69,22608.8,-6759.82,186.8,663.79,-6573.02,-5909.22,,,,,
5181,1787.12,4193.85,5229.4,518.33,294.01,-189.3,-3899.13,-31852.19,1728.98,22691.68,-6649.78,183.49,502.75,-6466.29,-5963.55,,,,,
5191,1838.61,4162.26,5185.43,501.57,264.23,-175.27,-3885.28,-31832.96,1716.83,22707.31,-6635.53,183.46,482.73,-6452.07,-5969.34,,,,,
5201,1796.84,4104.71,5213.48,509.1,256.26,-192.9,-3870.28,-31790.2,1727.95,22696.79,-6690.51,186.53,451.75,-6503.98,-6052.22,,,,,
5211,1826.43,4169.77,5233.83,509.12,295.48,-188.32,-3897.68,-31753.84,1684.97,22607.93,-6649.43,184.5,487.68,-6464.93,-5977.25,,,,,
5221,1782.65,4221.67,5230.32,504.09,264.93,-198.04,-3919.03,-31878.32,1732.88,22661.7,-6525.86,182.08,402.87,-6343.78,-5940.91,,,,,
5231,1761.93,4211.94,5218.12,498.45,285.66,-188.6,-3896.89,-31959.1,1710.83,22725.71,-6519.85,181.37,368.05,-6338.49,-5970.43,,,,,
5241,1835.78,4197.32,5275.52,513.28,269.78,-194.14,-3869.77,-31946.56,1725.62,22697.96,-6599.92,184.39,504.78,-6415.54,-5910.76,,,,,
5251,1760.25,4166.29,5162.49,497.93,263.39,-174.35,-3900.83,-31855.16,1705.29,22673.74,-6607.23,183.01,299.05,-6424.23,-6125.18,,,,,
5261,1857.84,4184.75,5231.33,524.19,262.76,-167.7,-3969.55,-31651.6,1686.95,22622.74,-6702.03,182.36,581.71,-6519.67,-5937.96,,,,,
5271,1780.52,4145.51,5218.73,482.54,272.04,-169.99,-3893.02,-31721.7,1700.86,22646.27,-6671.71,183.03,461.75,-6488.68,-6026.93,,,,,
5281,1808.38,4247.27,5259.85,499.45,284.39,-199.8,-3856.84,-31817.68,1725.38,22660.9,-6669.73,183.07,611.3,-6486.65,-5875.35,,,,,
5291,1822.74,4191.37,5222.88,502.37,268.61,-189.99,-3898.83,-32022.08,1711.82,22650.41,-6467.28,179.07,259.31,-6288.21,-6028.91,,,,,
5301,1833.55,4128.84,5259.85,510.31,280.64,-183.95,-3893.83,-32137.43,1751.27,22776.37,-6411.92,179.06,325.64,-6232.86,-5907.22,,,,,
5311,1800.28,4207.59,5227.41,509.47,279.83,-183.08,-3958.82,-32106.4,1683.95,22683.45,-6352.96,179.22,143.69,-6173.75,-6030.05,,,,,
5321,1808.43,4160.59,5223.95,512.5,264.8,-166.05,-3923.73,-32091.35,1754.74,22749.24,-6442.34,176.28,293.12,-6266.06,-5972.93,,,,,
5331,1898.73,4159.18,5278.47,528.65,276.7,-172.33,-3909.58,-32001.06,1718.47,22667.35,-6474.77,175.35,444.57,-6299.42,-5854.85,,,,,
5341,1789.94,4154.83,5210.64,514.35,260.52,-170.04,-3895.19,-32005.6,1701.52,22603.69,-6416.43,181.4,164.67,-6235.03,-6070.36,,,,,
5351,1732.55,4077.28,5219.53,505.03,274.43,-202.67,-3929.25,-32036.88,1755.9,22740.69,-6455.8,176.08,136.62,-6279.72,-6143.1,,,,,
5361,1792.16,4185.33,5209.02,515.07,283.43,-207.08,-3877.91,-32029.59,1711.11,22674.14,-6469.05,176.69,255.68,-6292.36,-6036.69,,,,,
5371,1851.87,4204.07,5194.19,528.28,268.72,-181.76,-3893.15,-31888.69,1696.58,22606.59,-6530.19,177.42,386.69,-6352.77,-5966.08,,,,,
5381,1770.21,4093.98,5201.09,491.36,270.09,-216.37,-3859.67,-31883.47,1747.94,22778.84,-6645.72,181.79,394.01,-6463.93,-6069.92,,,,,
5391,1790.1,4137.77,5206.65,513.02,288.67,-166.51,-3880.37,-31683.03,1722.15,22573.13,-6657.15,179.49,501.59,-6477.66,-5976.06,,,,,
5401,1781.21,4136.68,5261.38,511.37,273.44,-196.83,-3899.29,-31968.35,1718.55,22708.09,-6522.48,180.11,326.25,-6342.37,-6016.12,,,,,
5411,1817.88,4171.61,5242.25,502.72,270.69,-181.7,-3859.56,-31816.73,1660.61,22545.6,-6567.64,178.75,353.38,-6388.89,-6035.51,,,,,
5421,1734.83,4134.97,5250.64,501.01,280.24,-203.04,-3906.6,-31979.6,1749.19,22802.9,-6545.63,176.1,364.53,-6369.53,-6005,,,,,
5431,1748.78,4089.21,5243.28,495.05,289.64,-192.95,-3926.38,-31922.7,1741.35,22761.81,-6536.2,174.48,327.09,-6361.72,-6034.63,,,,,
5441,1865.59,4141.97,5240.65,503.63,284.43,-188.98,-3896.36,-32044.34,1737.8,22769.24,-6542.75,179.51,413.63,-6363.24,-5949.61,,,,,
5451,1807.43,4219.86,5228.63,511.44,270.74,-152.18,-3911.18,-31891.86,1668.13,22631.32,-6487.79,181.89,382.34,-6305.9,-5923.56,,,,,
5461,1805.24,4205.69,5222.87,494.32,280.41,-188.13,-3900.42,-31847.78,1678.61,22656.53,-6560.73,179.28,407.33,-6381.44,-5974.11,,,,,
5471,1796.84,4144.52,5207.21,505.75,274.46,-175.16,-3918.67,-31971.65,1717.94,22713.47,-6528.47,176.97,294.71,-6351.5,-6056.79,,,,,
5481,1773.22,4163.48,5215.31,511.02,283.06,-181.8,-3887.33,-31940.15,1709.19,22679.26,-6490.41,178.97,325.27,-6311.44,-5986.17,,,,,
5491,1797.01,4230.91,5203.14,502,302.7,-164.84,-3830.87,-31689.34,1675.83,22622.4,-6758.72,183.32,648.94,-6575.4,-5926.46,,,,,
5501,1810.63,4110.28,5221.5,490.19,266.69,-184.27,-3922.46,-31735.68,1687.29,22759.73,-6739.69,180.98,503.9,-6558.71,-6054.81,,,,,
5511,1881.45,4139.77,5248.04,524.94,270.37,-189.38,-3873.62,-31647.18,1709.98,22635.93,-6808.09,182.05,700.3,-6626.04,-5925.74,,,,,
5521,1806.67,4300.08,5233.98,515.3,268.32,-188.99,-3914.93,-31683.51,1724.62,22596.49,-6712.08,183.22,658.02,-6528.85,-5870.84,,,,,
5531,1785.88,4242.72,5229.68,508.92,286.88,-201.09,-3831.42,-31632.24,1746.74,22664.88,-6850.75,182.47,800.96,-6668.28,-5867.32,,,,,
5541,1856.95,4188.73,5208.95,517.44,276.29,-171.19,-3893.92,-31506.04,1724.29,22645.11,-6871.23,181.02,846.6,-6690.21,-5843.61,,,,,
5551,1827.35,4191.04,5233.61,495.61,284.96,-175.36,-3810.4,-31771.69,1738.02,22717.13,-6753.35,181,730.29,-6572.35,-5842.07,,,,,
5561,1807.76,4140.88,5257.55,487.19,291.68,-199.14,-3855.77,-31735.9,1700.28,22676.87,-6788,182.37,571.39,-6605.63,-6034.23,,,,,
5571,1818.06,4203.73,5199.63,516.06,259.61,-169.37,-3848.43,-31589.58,1727.01,22668.41,-6858.42,184.95,785.14,-6673.48,-5888.34,,,,,
5581,1780.83,4105.43,5206.21,513.06,269.18,-207.45,-3843.18,-31765.59,1724.29,22766.01,-6740.27,182.4,548.79,-6557.88,-6009.09,,,,,
5591,1769.41,4243.93,5222.09,517.03,282.66,-211.02,-3790.15,-31743.89,1754.41,22565.84,-6654.78,182.44,610.31,-6472.34,-5862.03,,,,,
5601,1796.59,4071.65,5250.2,485.91,268.62,-169.16,-3888.8,-31741.96,1708.56,22625.3,-6714.51,182.61,406.89,-6531.9,-6125.01,,,,,
5611,1842.8,4134.9,5233.83,500.37,265.9,-185.83,-3890.69,-31601.64,1715.31,22610.8,-6823.43,180.15,625.74,-6643.28,-6017.53,,,,,
5621,1805.66,4153.81,5230.29,503.07,286.97,-201.47,-3856.98,-31714.06,1723.06,22645.71,-6710.94,183.95,576.05,-6526.99,-5950.94,,,,,
5631,1826.92,4134.71,5212.78,504.12,277.15,-178.28,-3864.74,-31795.88,1709.61,22632.63,-6642.84,183.61,459.01,-6459.23,-6000.22,,,,,
5641,1847.72,4209.12,5225.41,530.4,288.95,-200.87,-3838.62,-31732.48,1736.21,22658.86,-6742.52,181.67,724.7,-6560.85,-5836.15,,,,,
5651,1871.69,4174.12,5173.48,514.9,294.2,-168.49,-3918.32,-31666.31,1711.2,22602.65,-6755.89,179.94,589.13,-6575.95,-5986.82,,,,,
5661,1810.98,4085.71,5254.18,496.75,280.68,-183.92,-3908.35,-31735.59,1703.3,22656.7,-6652.58,180.42,460.44,-6472.16,-6011.73,,,,,
5671,1797.42,4194.4,5183.55,513.29,265.4,-168.91,-3873.54,-31565.45,1712.16,22629.34,-6891.58,184.81,687.65,-6706.78,-6019.13,,,,,
5681,1772.32,4226.27,5182.41,499.28,277.77,-158.59,-3923.56,-31744.01,1721.53,22728.45,-6758.26,181.31,581.87,-6576.95,-5995.08,,,,,
5691,1858.72,4179.56,5231.61,496.03,284.81,-203.19,-3880.06,-31771.27,1716.3,22557.08,-6614.31,184.62,469.59,-6429.69,-5960.1,,,,,
5701,1792.51,4243.33,5235.02,509.73,282.33,-195.57,-3906.95,-31789.22,1706.35,22579.82,-6620.67,178.75,457.34,-6441.93,-5984.59,,,,,
5711,1825.5,4163.06,5239.6,508.49,270.5,-173.65,-3855.45,-31912.28,1730.94,22699.82,-6565.32,180.77,496.53,-6384.55,-5888.02,,,,,
5721,1730.59,4153.14,5231.11,497,260.86,-177.93,-3871.49,-31560.92,1746.6,22484.62,-6781.25,184.79,493.58,-6596.46,-6102.88,,,,,
5731,1883.59,4323.74,5198.46,519,281.99,-188.7,-3910.19,-31619.68,1727.11,22523.83,-6725.84,186.05,739.13,-6539.79,-5800.66,,,,,
5741,1785.59,4169.81,5190.04,524.06,297.7,-193.71,-3922.46,-31838.79,1710.44,22621.34,-6560.28,182.22,344.03,-6378.07,-6034.04,,,,,
5751,1783.25,4189.45,5243.7,494.54,286.97,-159.8,-3871.85,-31750.23,1696.28,22612.47,-6655.43,184.22,524.79,-6471.21,-5946.42,,,,,
5761,1822.18,4135.51,5259.4,493.47,282.02,-210.26,-3923.71,-31785.96,1715.14,22697.2,-6631.91,181.43,484.99,-6450.48,-5965.49,,,,,
5771,1801.38,4152.61,5255.38,493.87,278.77,-172.74,-3891.8,-31707.31,1699.43,22607.2,-6704.08,180.83,516.78,-6523.25,-6006.47,,,,,
5781,1765.15,4195.14,5215.87,511.4,270.04,-197.38,-3846.13,-31772.34,1711.97,22667.16,-6668.7,179.61,520.88,-6489.1,-5968.22,,,,,
5791,1805.63,4169.63,5201.56,513.21,266.93,-180,-3891.13,-31682.97,1738.82,22557.01,-6688.32,181.57,498.67,-6506.75,-6008.07,,,,,
5801,1818.92,4160.99,5190.63,512.28,276.5,-173.34,-3898.76,-31986.01,1715.19,22661.36,-6504.07,179.64,277.75,-6324.43,-6046.68,,,,,
5811,1791.62,4183.9,5231.71,525.33,289.23,-173.42,-3899.28,-31956.73,1715.66,22666.04,-6536.16,179.45,374.07,-6356.71,-5982.64,,,,,
5821,1806.67,4155.79,5293.47,505.89,295.28,-199.02,-3883.31,-31931.82,1723.98,22707.78,-6579.42,184.43,474.69,-6394.99,-5920.31,,,,,
5831,1849.75,4186.22,5168.1,519.41,275.54,-177.05,-3858.87,-31884.06,1730.89,22649.1,-6607.21,180.32,459.03,-6426.88,-5967.85,,,,,
5841,1857.23,4118.02,5217.9,523.66,267.5,-186.53,-3863.31,-31646.21,1711.63,22698.38,-6819.82,183.12,698.27,-6636.69,-5938.42,,,,,
5851,1799.67,4241.32,5237.69,522.98,282.18,-201.22,-3880.37,-31912.9,1710.08,22711.03,-6618.92,187.39,510.46,-6431.53,-5921.06,,,,,
5861,1732.99,4208.83,5265.66,510.47,296.57,-209.39,-3875.9,-31827.3,1735.42,22619.2,-6617.61,183.23,456.55,-6434.38,-5977.83,,,,,
5871,1825.22,4116.53,5224.55,500.91,275.61,-173.57,-3852.46,-31834.35,1729.66,22575.59,-6599.07,182.41,387.68,-6416.66,-6028.98,,,,,
5881,1813.91,4113.66,5204.04,503.82,266.54,-190.52,-3893.04,-31722.98,1754.84,22609.81,-6637.61,178.92,460.08,-6458.7,-5998.62,,,,,
5891,1733.48,4235.86,5190.14,505.87,271.05,-188.26,-3887.55,-31784.09,1712.16,22594.91,-6611.11,180.17,383.57,-6430.94,-6047.38,,,,,
5901,1807.27,4214.88,5237.49,503.84,287.61,-191.51,-3866.03,-31913.21,1749.37,22590.62,-6548.71,182.08,420.33,-6366.63,-5946.3,,,,,
5911,1804.86,4263.76,5186.12,509.26,265.29,-181.51,-3928.8,-31799.6,1684.75,22667.85,-6638.27,183.45,471.96,-6454.82,-5982.85,,,,,
5921,1808.35,4227.68,5232.71,522.63,282.57,-166.82,-3935.82,-32015.77,1753.22,22688.21,-6489.49,178.44,396.96,-6311.05,-5914.09,,,,,
5931,1750.94,4211.2,5228.88,507.39,270.59,-195.95,-3913.42,-31868.97,1713.78,22699.28,-6627.57,182.33,403.71,-6445.24,-6041.53,,,,,
5941,1791.19,4146.41,5235.56,489.96,276.61,-160.65,-3889.84,-31837.66,1728.04,22611.62,-6563.02,181.24,391.23,-6381.78,-5990.55,,,,,
5951,1839.64,4164.96,5218.3,517.11,271.27,-162.17,-3901.54,-32101.84,1720.41,22662.39,-6379.32,178.81,228.53,-6200.51,-5971.99,,,,,
5961,1840.23,4272.13,5180.77,504.37,283.42,-170.44,-3875.85,-32007.76,1729.93,22466.71,-6343.62,179.17,223.5,-6164.45,-5940.95,,,,,
5971,1800.38,4198.37,5218.88,504.23,265.48,-168.04,-3880.13,-31985.57,1706.15,22581.78,-6434.67,178.65,241.53,-6256.02,-6014.49,,,,,
5981,1802.07,4167.3,5214.79,511.73,270.31,-190.33,-3901.04,-31875.93,1714.94,22583.39,-6495.15,179.77,297.24,-6315.38,-6018.14,,,,,
5991,1754.74,4066.06,5216.29,513.89,285.31,-209.76,-3916.19,-31954.66,1734.26,22768.39,-6546.27,177.79,258.34,-6368.48,-6110.14,,,,,
6001,1790.81,4216.58,5211.99,506.72,267.13,-192.44,-3891.87,-31889.49,1703.9,22570.16,-6485.79,178.88,293.51,-6306.91,-6013.4,,,,,
6011,1766.6,4241.92,5214.69,513.05,290.94,-184.47,-3891.53,-32068.14,1716.39,22641.93,-6395.55,179.96,241.39,-6215.59,-5974.21,,,,,
6021,1771.44,4145.45,5253.18,498.92,302.07,-179.09,-3845.98,-32162.87,1755.91,22735.14,-6353.4,178.87,274.17,-6174.53,-5900.36,,,,,
6031,1792.26,4167.66,5232.26,500.17,289.42,-170.55,-3835.17,-31823.41,1757.14,22618.02,-6564.13,181.24,527.8,-6382.89,-5855.09,,,,,
6041,1851.38,4126.17,5251.06,504.66,289.4,-210.13,-3874.03,-31879.47,1705.58,22639.16,-6525.59,180.85,403.77,-6344.73,-5940.96,,,,,
6051,1804.23,4130.1,5249.54,505.14,284.05,-200.93,-3908.58,-31904.53,1709.57,22573.33,-6421.44,177.72,241.91,-6243.72,-6001.81,,,,,
6061,1803.06,4125.24,5209.71,492.99,280.39,-186.49,-3875.18,-32073.05,1703.56,22712.11,-6412.57,177.95,192.35,-6234.62,-6042.27,,,,,
6071,1802.39,4128.39,5234.08,514.84,285.24,-179.53,-3871.44,-32252.92,1732.86,22673.47,-6273.8,179.22,67.37,-6094.57,-6027.2,,,,,
6081,1846.22,4267.21,5243.44,512.46,282.72,-168.9,-3921.14,-31889.6,1721.37,22509.98,-6476.17,178.2,403.76,-6297.97,-5894.2,,,,,
6091,1849.69,4179.14,5239.21,513.01,268.09,-184.78,-3949.67,-31952.85,1698.71,22668.35,-6480.28,181.42,328.9,-6298.86,-5969.97,,,,,
6101,1821.27,4188.55,5244.55,506.46,289.63,-207.69,-3881.75,-32085.64,1700.54,22688.89,-6419.28,182.26,264.81,-6237.02,-5972.21,,,,,
6111,1847.73,4107.05,5219.07,515.73,285.56,-199.13,-3876.59,-31973.47,1699.22,22658.66,-6459.39,183.47,283.84,-6275.92,-5992.09,,,,,
6121,1836.29,4168.82,5268.75,513.13,283.12,-183.14,-3879.83,-32066.03,1708.91,22675.84,-6436.69,178.93,325.85,-6257.76,-5931.91,,,,,
6131,1759.96,4141.38,5251.19,498.4,275.24,-188.91,-3932.83,-31918.38,1773.92,22710.1,-6527.8,180.4,370.07,-6347.4,-5977.34,,,,,
6141,1779.95,4216.69,5189.87,504.77,270,-165.95,-3902.27,-31871,1702.82,22745.14,-6611.8,177.96,470.04,-6433.84,-5963.8,,,,,
6151,1833.53,4227.06,5219.87,508.98,279.8,-197.7,-3921.13,-31998.06,1671.62,22769.16,-6506.33,181.36,393.12,-6324.97,-5931.85,,,,,
6161,1751.07,4113.12,5199.06,499.62,263.3,-180.14,-3895.13,-31994.89,1758.07,22678,-6480.82,180.35,192.08,-6300.48,-6108.4,,,,,
6171,1772.12,4144.67,5200.14,507.25,273.33,-173.32,-3918.3,-31991.79,1696.02,22647.7,-6412.02,177.04,157.81,-6234.98,-6077.17,,,,,
6181,1787.88,4242.42,5207.54,520.01,275.79,-186.63,-3905.02,-31892.55,1736.4,22654.43,-6539.51,179.5,440.27,-6360,-5919.73,,,,,
6191,1803.61,4182.89,5202.99,502.68,265.85,-177.41,-3894.54,-31955.69,1703.83,22783.3,-6559.02,182.12,417.5,-6376.9,-5959.4,,,,,
6201,1801.04,4125.34,5264.32,508.36,271.27,-226.01,-3846.84,-31961.94,1721.84,22708.13,-6532.27,183.79,365.51,-6348.48,-5982.98,,,,,
6211,1792.39,4221.1,5183.96,498.77,271.79,-163.23,-3893.8,-31765.08,1741.08,22675.48,-6646.49,183.62,562.46,-6462.87,-5900.41,,,,,
6221,1757.38,4203.51,5199.72,518.69,270.81,-178.43,-3930.29,-31733.7,1759.54,22736.27,-6739.31,182.59,603.49,-6556.72,-5953.23,,,,,
6231,1840.73,4146.45,5216.78,506.02,258.82,-182.75,-3854.72,-31867.22,1755.88,22802.24,-6721.74,181.61,622.22,-6540.13,-5917.9,,,,,
6241,1763.22,4222.86,5144.3,502.32,254.25,-177.61,-3898.93,-31863.86,1724.56,22701.62,-6666.47,174.55,372.71,-6491.92,-6119.21,,,,,
6251,1789.07,4160.49,5222.57,514.67,292.77,-146.4,-3855.01,-31820.19,1719.76,22690.83,-6657.62,184.85,568.55,-6472.77,-5904.22,,,,,
6261,1798.15,4200.9,5167.18,501.07,278.31,-143.2,-3863.83,-31858.41,1723.17,22690.07,-6603.05,183.56,493.4,-6419.49,-5926.1,,,,,
6271,1791.95,4245.19,5199.34,510.69,260.8,-182.87,-3916.36,-31539.06,1721.79,22570.56,-6821.61,180.6,662.03,-6641.01,-5978.98,,,,,
6281,1769.66,4084.38,5195.99,512.04,273.88,-176.12,-3929.03,-31598.5,1751.48,22651.81,-6802.91,178.74,535.59,-6624.17,-6088.58,,,,,
6291,1801.48,4180.64,5232.51,500.11,258.2,-174.39,-3904.48,-31642.43,1743.58,22709.04,-6794.24,181.8,704.26,-6612.45,-5908.19,,,,,
6301,1798.71,4131.48,5240.5,498.2,292.09,-196.06,-3923.32,-31869.32,1742.83,22669.94,-6570.88,176.75,385.04,-6394.13,-6009.09,,,,,
6311,1870.19,4156.64,5238.11,510.03,275.12,-191.42,-3900.38,-31588.62,1698.58,22600.53,-6791.55,179.99,668.77,-6611.56,-5942.79,,,,,
6321,1800.25,4206.92,5172.02,506,285,-180.07,-3922.42,-31721.66,1710.64,22709.13,-6764.65,180.8,565.82,-6583.85,-6018.02,,,,,
6331,1796.79,4162.47,5222.8,505.46,294.57,-179.67,-3889.95,-31509.33,1720.51,22669.2,-6846.81,180.43,792.87,-6666.38,-5873.52,,,,,
6341,1806.96,4136.54,5264.81,521.47,284.17,-192.11,-3938.79,-31637.2,1732.83,22575.13,-6719.66,178.22,553.8,-6541.44,-5987.64,,,,,
6351,1817.36,4210.65,5231.4,512.31,287.93,-167.78,-3932.97,-31626.08,1742.39,22668.72,-6815.04,181.69,743.92,-6633.35,-5889.43,,,,,
6361,1812.27,4286.82,5133.43,509.83,301.61,-155.99,-3861.14,-31501.41,1739.45,22492.48,-6819.29,180.63,757.35,-6638.67,-5881.32,,,,,
6371,1782.87,4209.67,5177.14,509.45,279.13,-192.43,-3875.96,-31519.95,1723.01,22613.38,-6873.46,181.6,706.3,-6691.86,-5985.55,,,,,
6381,1840.24,4207.27,5207.29,487.08,266.7,-194.08,-3864.39,-31672.24,1707.32,22451.63,-6663.75,184.12,436.83,-6479.63,-6042.81,,,,,
6391,1819.18,4190.11,5146.61,509.26,271.3,-192.02,-3950.6,-31928.65,1690.6,22592.27,-6453.48,177.16,148.06,-6276.32,-6128.26,,,,,
6401,1750.87,4162.6,5219.9,500.86,262.63,-182.41,-3910.48,-31807.42,1708.45,22582.91,-6542.82,182.74,287.92,-6360.08,-6072.16,,,,,
6411,1779.09,4212.63,5200.72,515.7,298.41,-185.15,-3924.46,-31851.34,1744.39,22672.85,-6575.43,179.5,462.83,-6395.93,-5933.1,,,,,
6421,1806.95,4089.48,5171.84,510.43,264.49,-188.38,-3840.85,-31813.24,1746.01,22644.87,-6635.17,182.73,391.6,-6452.44,-6060.85,,,,,
6431,1749.89,4230.83,5178.2,506.71,289.44,-204.12,-3888.42,-31527.44,1723.59,22515.74,-6766.67,184.28,574.43,-6582.4,-6007.97,,,,,
6441,1744.94,4134.32,5199.24,513.83,285.3,-162.62,-3833.04,-31777.59,1776.05,22569.48,-6576.67,185.62,449.91,-6391.05,-5941.15,,,,,
6451,1813.7,4197.22,5219.62,519.12,245.3,-192.87,-3846.11,-31643.08,1707.44,22575.83,-6743.87,185.87,596.18,-6558,-5961.82,,,,,
6461,1805.94,4190.87,5229.27,508.24,279.52,-175.48,-3876.31,-31674.98,1747.12,22517.05,-6702.04,182.09,551.23,-6519.95,-5968.72,,,,,
6471,1768.75,4134.5,5231.73,511.05,288.17,-189.51,-3856.88,-31535.51,1718.93,22481.82,-6713.31,183.94,553.07,-6529.36,-5976.3,,,,,
6481,1776.93,4184.35,5145.11,501.52,280.78,-159.67,-3795.35,-31770.01,1746.84,22610.52,-6656.27,190.93,521.03,-6465.33,-5944.3,,,,,
6491,1785.92,4163.03,5153.42,499.08,265.29,-168.25,-3851.12,-31565.39,1742.56,22511.96,-6752.76,187.76,536.52,-6565,-6028.48,,,,,
6501,1790.62,4225.54,5182.66,505.15,264.67,-176.33,-3895.4,-31772.13,1716.28,22596.17,-6653.97,180.28,437.23,-6473.69,-6036.46,,,,,
6511,1821.65,4230.79,5190.41,517.4,263.79,-175.85,-3793.12,-31815.25,1718.63,22595.54,-6614.96,184.73,553.97,-6430.23,-5876.26,,,,,
6521,1807.33,4202.97,5196.65,500.55,269.91,-181.34,-3914.87,-31823.56,1747.03,22632.85,-6595.59,182.27,437.53,-6413.32,-5975.78,,,,,
6531,1756.34,4117.79,5190.99,490.16,249.98,-170.52,-3823.32,-31844.02,1744.32,22632.4,-6625.82,185.18,344.12,-6440.64,-6096.51,,,,,
6541,1780.17,4135.13,5188.51,490.44,284.54,-171.56,-3814.59,-31896.02,1733.17,22609.28,-6544,187.06,339.07,-6356.95,-6017.88,,,,,
6551,1777.41,4274.63,5201.82,515.25,274.88,-177.39,-3869.72,-31704.33,1692,22561.22,-6682.13,180.19,545.78,-6501.94,-5956.16,,,,,
6561,1769.48,4182.35,5199.04,522.03,296.96,-172.84,-3861.8,-31939.94,1714.16,22592.18,-6453.35,185.81,301.62,-6267.54,-5965.92,,,,,
6571,1765.15,4183.05,5184.28,517.96,282.32,-169.82,-3899.38,-31856.18,1735.93,22590.48,-6527.37,181.98,333.8,-6345.39,-6011.58,,,,,
6581,1808.1,4285.59,5145.13,519.76,268.16,-187.39,-3898.3,-31524.33,1707.78,22582.65,-6818.79,183.5,707.14,-6635.29,-5928.15,,,,,
6591,1874.23,4130.33,5209.99,519.08,280.15,-180.26,-3874.73,-31558.09,1710.32,22574.53,-6772.74,182.94,685.54,-6589.8,-5904.26,,,,,
6601,1798.43,4218.83,5183.48,505.88,295.39,-180.84,-3921.08,-31672.34,1712.68,22548.73,-6634.53,181.91,489.15,-6452.62,-5963.47,,,,,
6611,1804.02,4178.05,5221.62,514.1,316.56,-198.33,-3902.37,-31557.51,1729.95,22505.57,-6750.05,183.28,611.67,-6566.77,-5955.11,,,,,
6621,1869.03,4238.94,5191.3,509.56,283.33,-207.69,-3910.99,-31557.68,1691.95,22504.91,-6740.48,181.25,612.66,-6559.23,-5946.58,,,,,
6631,1828.18,4240.25,5183.66,513.77,277.27,-171.65,-3891.24,-31676.42,1699.39,22626.79,-6749.67,185.31,630,-6564.36,-5934.37,,,,,
6641,1779.22,4211.75,5213.28,528.97,275,-198.21,-3872.24,-31524.13,1718.14,22695.51,-6927.45,184.59,827.3,-6742.86,-5915.56,,,,,
6651,1774.21,4228.92,5176.29,513.44,270.38,-191.66,-3906.27,-31645.3,1706.52,22608.34,-6738.91,182.71,534.86,-6556.21,-6021.34,,,,,
6661,1801.32,4190.48,5161.68,494.4,283.02,-171.2,-3872.5,-31749.94,1693.48,22585.89,-6654.11,179.27,416.65,-6474.84,-6058.19,,,,,
6671,1788.11,4181.92,5175.2,507.53,284.18,-162.02,-3842.66,-31851.63,1706.28,22661.92,-6644.94,180.41,448.82,-6464.53,-6015.7,,,,,
6681,1839.5,4157.24,5185.7,509.11,280.9,-164.73,-3841.27,-31861.46,1694.68,22644.32,-6622.08,182.97,444.01,-6439.11,-5995.11,,,,,
6691,1822.29,4150.82,5199.16,514.26,278.1,-151.69,-3884.65,-31841.97,1731.97,22787.81,-6724.92,179.3,606.1,-6545.62,-5939.52,,,,,
6701,1789.59,4175.54,5200.81,510.37,269.63,-162.64,-3897.56,-31802.74,1732.36,22706.9,-6664.81,182.49,522.25,-6482.32,-5960.07,,,,,
6711,1791.59,4191.6,5192.61,515.42,280.41,-202.06,-3882.81,-31809.96,1732.55,22642.24,-6639.51,176.59,451.58,-6462.93,-6011.34,,,,,
6721,1806.4,4217.67,5190.27,505.29,281.36,-182.68,-3882.36,-31594.42,1676.69,22525.16,-6767.4,183.9,543.37,-6583.5,-6040.13,,,,,
6731,1794.94,4123.86,5226.08,498.09,259.63,-168.8,-3867.52,-31691.14,1720.44,22613.46,-6705.18,182.56,509.05,-6522.62,-6013.57,,,,,
6741,1771.46,4138.23,5198.51,511.37,260.26,-175.24,-3862.96,-31776.57,1726.05,22597.61,-6701.81,184.45,388.71,-6517.35,-6128.64,,,,,
6751,1784.21,4205.54,5223.75,516.22,289.19,-192.88,-3843.46,-31754.87,1733.45,22602.03,-6653.4,186.05,563.18,-6467.35,-5904.17,,,,,
6761,1722.15,4237.32,5176.51,506.37,280.22,-194.9,-3872.45,-31624.61,1719.06,22651.98,-6755.64,183.83,601.64,-6571.8,-5970.16,,,,,
6771,1766.23,4193.49,5211.75,496.37,247.35,-155.09,-3888.59,-31605.17,1747.91,22670.24,-6822.92,181.5,684.49,-6641.41,-5956.92,,,,,
6781,1851.66,4183.97,5220.07,516.8,282,-206.21,-3877.6,-31553.87,1682.94,22614.74,-6844.97,183.36,714.5,-6661.6,-5947.1,,,,,
6791,1777.93,4162.79,5173.49,509.48,259.8,-161.48,-3884.92,-31770.43,1729.47,22721.05,-6696.86,183.96,517.19,-6512.9,-5995.72,,,,,
6801,1823.92,4173.82,5181.83,521.65,269.94,-170.2,-3904.76,-31566.82,1719.34,22625.79,-6824.84,184.56,674.51,-6640.28,-5965.77,,,,,
6811,1812.99,4165.8,5205.45,493.88,285.9,-173.46,-3882.52,-31621.53,1700.36,22653.56,-6766.14,182.73,640.43,-6583.41,-5942.98,,,,,
6821,1772.91,4158.12,5255.8,506.37,287.52,-190.07,-3888.09,-31528.22,1739.01,22672.49,-6894.65,182.47,785.85,-6712.18,-5926.33,,,,,
6831,1808.92,4081.33,5201.71,487.66,277.52,-182.01,-3873.27,-31777.16,1732.29,22695.55,-6722.79,180.61,452.53,-6542.18,-6089.65,,,,,
6841,1802.71,4209.55,5215.01,500.77,265.16,-174.91,-3950.19,-31488.24,1696.17,22492.25,-6813.89,181.57,568.28,-6632.32,-6064.05,,,,,
6851,1784.04,4085.95,5220.56,501.45,278.52,-171.23,-3879.55,-31612.74,1707.49,22640.66,-6750.5,180.5,555.16,-6570,-6014.84,,,,,
6861,1796.26,4095.03,5202.76,513.7,261.11,-202.11,-3848.73,-31568.81,1761.35,22573.9,-6758.07,182.44,584.46,-6575.63,-5991.17,,,,,
6871,1806.74,4113.36,5213.33,502.57,254.63,-150.92,-3894.7,-31596.01,1714.57,22632.37,-6776.27,182.72,595.94,-6593.55,-5997.61,,,,,
6881,1810.83,4116.57,5167.63,498.31,271.13,-174.1,-3842.65,-31586.02,1727.95,22616.82,-6775.68,188.41,606.46,-6587.27,-5980.8,,,,,
6891,1841.08,4111.52,5209.16,503.96,287.67,-171.52,-3909.89,-31732.9,1726.65,22580.73,-6617.33,182.65,446.46,-6434.68,-5988.22,,,,,
6901,1836.61,4226.53,5189.16,506.27,272.58,-182.64,-3907.12,-31524.28,1703.06,22600.08,-6790.65,182.08,720.26,-6608.57,-5888.31,,,,,
6911,1784.59,4209.27,5215.52,510.62,280.64,-159.53,-3900.99,-31745.58,1690.48,22693.94,-6704.32,185.35,578.97,-6518.97,-5940,,,,,
6921,1773.14,4222.05,5167.07,515.15,285.66,-191.52,-3912.44,-31694.69,1740.56,22645.14,-6763.5,181.83,550.12,-6581.68,-6031.56,,,,,
6931,1820.59,4146.78,5149.74,522.77,268.97,-180.13,-3834.48,-31845.96,1706.42,22722.56,-6675.75,184.42,477.25,-6491.33,-6014.08,,,,,
6941,1858.93,4164.23,5213.65,510.6,259.11,-188.02,-3909.24,-31783.04,1696.16,22685.91,-6640.02,177.77,508.29,-6462.25,-5953.96,,,,,
6951,1777.55,4234.51,5191.22,509.3,288.03,-220.75,-3835.02,-31682.03,1743.14,22675.25,-6804.08,186.17,681.2,-6617.92,-5936.72,,,,,
6961,1839.59,4205.99,5200.74,491.9,261.28,-181.39,-3892.26,-31591.07,1688.5,22715.85,-6847.45,182.67,739.13,-6664.78,-5925.65,,,,,
6971,1835.32,4153.91,5190.41,497.59,275.46,-164.51,-3862.54,-31780.6,1685.09,22697.44,-6679.29,184.5,527.57,-6494.79,-5967.23,,,,,
6981,1823.77,4245.72,5195.27,503.06,278.31,-207.05,-3863.68,-31763.2,1728.85,22627.68,-6659.87,185.02,568.73,-6474.85,-5906.12,,,,,
6991,1797.23,4205.54,5184.86,512.06,280.21,-191.7,-3880.8,-31707.91,1712.95,22749.56,-6814.84,186.14,662,-6628.7,-5966.7,,,,,
7001,1817.88,4151.52,5231.08,501.28,279.42,-171.92,-3896.15,-31690.31,1739.85,22681.97,-6783.92,186.89,644.62,-6597.04,-5952.42,,,,,
7011,1856,4195.63,5214.22,513.61,276.13,-205.31,-3894.39,-31450.5,1704.62,22617.43,-6923.64,183.69,827.43,-6739.95,-5912.53,,,,,
7021,1697.47,4082.49,5193.84,488.19,265.17,-175.58,-3900.25,-31620.21,1776.58,22730.08,-6842.42,182.35,537.79,-6660.07,-6122.28,,,,,
7031,1815.8,4248.88,5227.55,519.92,274.15,-225.68,-3855.98,-31759.28,1718.77,22591.81,-6661.64,181.87,555.94,-6479.77,-5923.84,,,,,
7041,1795.02,4194.43,5166.91,507.57,279.51,-183.46,-3893.54,-31835.31,1693.64,22725.4,-6672.08,188.25,450.16,-6483.83,-6033.68,,,,,
7051,1794.37,4130.36,5209.29,511.6,254.83,-158.52,-3908.08,-31733.03,1722.33,22782.87,-6759.69,181.21,606.01,-6578.48,-5972.47,,,,,
7061,1770.9,4208.96,5188.57,508.13,285.08,-184.06,-3872.71,-31601,1727.51,22766.35,-6872.84,184.15,797.71,-6688.68,-5890.97,,,,,
7071,1759.92,4207.21,5161.82,510.39,282.39,-177.22,-3951.88,-31638.76,1727.86,22578.26,-6719.36,182.91,459.99,-6536.45,-6076.46,,,,,
7081,1750.41,4183.2,5191.05,502.19,271.96,-174.09,-3879.65,-31711.07,1768.11,22709.41,-6735.43,184.35,611.52,-6551.08,-5939.56,,,,,
7091,1819.16,4213.27,5183.93,492.67,253.69,-221.6,-3885.74,-31547.59,1687.54,22501.04,-6726.91,182.82,496.38,-6544.1,-6047.71,,,,,
7101,1786.06,4120.52,5194.03,510.67,290.61,-202.18,-3891.09,-31726.3,1716.63,22686.42,-6697.05,185.45,485.38,-6511.6,-6026.22,,,,,
7111,1790.1,4176.29,5183.86,506.7,268.29,-197.24,-3926.53,-31740.48,1708.84,22577.29,-6603.79,182.52,347.12,-6421.28,-6074.16,,,,,
7121,1843.52,4233.24,5183.67,535.47,286.43,-178.24,-3868.71,-31624.23,1746.48,22558.12,-6700.3,187.27,715.75,-6513.03,-5797.27,,,,,
7131,1833.39,4164.1,5219.41,501.51,266.29,-188.25,-3891.13,-31783.15,1682.61,22579.43,-6586.62,181.58,384.21,-6405.04,-6020.84,,,,,
7141,1828.31,4126.58,5178.18,510.98,272.03,-197.95,-3906.06,-31588.71,1728.43,22562.71,-6712.08,184.5,514.51,-6527.58,-6013.07,,,,,
7151,1800.91,4113.88,5212.04,501.48,274.69,-178.7,-3869.15,-31685.86,1729.5,22657.87,-6709.51,185.98,556.65,-6523.54,-5966.88,,,,,
7161,1800.95,4120.39,5213.87,492.41,275.24,-181.02,-3911.35,-31433.14,1724.52,22581.21,-6852.74,188.56,683.07,-6664.18,-5981.11,,,,,
7171,1827.53,4194.32,5169.18,497.07,267.7,-197.1,-3897.96,-31561.6,1703.12,22660.87,-6761.97,184.81,663.14,-6577.15,-5914.02,,,,,
7181,1757.99,4095.36,5234.26,491.68,286.98,-198.7,-3893.2,-31368.34,1758.23,22619.75,-6904.66,187.5,784,-6717.17,-5933.16,,,,,
7191,1792.72,4087.43,5214.74,513.73,275.9,-209.44,-3943.05,-31445.38,1709.07,22629.16,-6900.64,185.24,624.88,-6715.39,-6090.52,,,,,
7201,1792.4,4227.68,5189.75,511.46,267.15,-188.97,-3869.04,-31610.6,1737.09,22744.74,-6863.9,185.75,801.66,-6678.15,-5876.49,,,,,
7211,1871.53,4174.73,5222.3,504.26,269.97,-195.05,-3854.58,-31365.35,1700.53,22613.59,-7000.05,188.07,941.94,-6811.98,-5870.04,,,,,
7221,1772.57,4131.64,5231.59,503.92,278.96,-187.75,-3919.86,-31787.3,1730.61,22824.7,-6708.89,179.95,579.07,-6528.94,-5949.87,,,,,
7231,1824.61,4302.69,5195.27,501.47,263.82,-168.67,-3911.19,-31694.75,1739.64,22690.04,-6771.96,186.95,742.93,-6585.01,-5842.09,,,,,
7241,1811.64,4200.26,5169.98,517.96,261.69,-177.93,-3919.59,-31784.04,1715.68,22854.12,-6773.5,186.35,649.77,-6587.15,-5937.37,,,,,
7251,1753.38,4272.67,5176.72,517.4,262.11,-204.51,-3915.8,-31897.83,1736.95,22736.86,-6570.4,184.02,437.94,-6386.38,-5948.44,,,,,
7261,1842.37,4209,5199.58,507.33,282.15,-205.89,-3859.24,-31773.95,1711.46,22748.63,-6724.76,187.54,661.42,-6537.22,-5875.8,,,,,
7271,1827.38,4154.85,5306.75,514.88,276.77,-196.92,-3911.7,-31656.56,1727.84,22736.14,-6846.4,189.61,779.43,-6656.79,-5877.36,,,,,
7281,1741.63,4133.93,5189.13,509.12,263.23,-205.03,-3865.22,-31906.56,1751.79,22756.05,-6581.79,183.91,368.07,-6397.88,-6029.81,,,,,
7291,1767.35,4177.96,5238.66,515.64,287,-202.62,-3874.96,-31780.9,1734.73,22709.96,-6678.52,186.88,572.82,-6491.64,-5918.82,,,,,
7301,1799.33,4247.56,5204.22,509.2,260.43,-183.74,-3827.01,-31710.59,1713.85,22611.96,-6670.88,186.66,625.19,-6484.22,-5859.03,,,,,
7311,1757.08,4128.19,5192.68,506.37,278.53,-181.67,-3856.12,-32013,1746.52,22773.23,-6495.49,182.53,331.81,-6312.96,-5981.15,,,,,
7321,1818.55,4194.73,5164.21,508.95,246.19,-169.83,-3893.34,-31719.25,1724.16,22648,-6694.61,185.11,522.38,-6509.5,-5987.12,,,,,
7331,1796.23,4287.24,5222.36,508.48,285.94,-213.67,-3874.66,-31699.87,1728.32,22713.71,-6775.34,185.86,754.1,-6589.48,-5835.38,,,,,
7341,1818.76,4115.4,5197.38,510.37,269.61,-190.64,-3865.14,-31872.41,1714.19,22680.23,-6519.61,182.29,377.75,-6337.31,-5959.57,,,,,
7351,1759.05,4161.45,5150.68,494.33,259.58,-176.51,-3848.35,-31961.47,1729.34,22651.37,-6494.85,180.5,219.46,-6314.35,-6094.89,,,,,
7361,1837.93,4127.75,5226.61,517.98,253.23,-175.19,-3872.75,-31934.42,1736.08,22670.06,-6551.28,183.82,387.28,-6367.45,-5980.17,,,,,
7371,1783.01,4222.05,5205.49,517.73,291.85,-198.22,-3892.48,-31722.16,1726.15,22568.73,-6623.15,185.73,502.15,-6437.42,-5935.27,,,,,
7381,1837.44,4194.21,5199.5,506.57,274.07,-198.87,-3887.29,-31895.05,1698.89,22728.39,-6583.12,183.59,457.86,-6399.53,-5941.68,,,,,
7391,1755.79,4176.57,5155.87,502.86,271.31,-198.66,-3890.57,-31822.79,1714.46,22608.15,-6564.94,185.03,272.98,-6379.91,-6106.93,,,,,
7401,1816.44,4157.8,5167.67,520.43,260.6,-195.19,-3875.55,-32074.49,1745.09,22756.96,-6446.22,185.35,279.78,-6260.87,-5981.09,,,,,
7411,1841.87,4249.82,5190.09,514.96,273.22,-196.49,-3812.87,-31998.36,1700.5,22616.6,-6411.32,183.61,379.35,-6227.71,-5848.37,,,,,
7421,1841.27,4195.79,5182.71,504.34,290.79,-163.06,-3837.44,-31729.8,1739.86,22528,-6624.75,187.5,552.45,-6437.25,-5884.8,,,,,
7431,1905.04,4131.03,5163.94,496.15,289.78,-169.8,-3882.47,-31735.32,1717.87,22529.4,-6629.58,184.32,445.62,-6445.26,-5999.64,,,,,
7441,1785.93,4182.58,5174.37,506.46,269.1,-206.89,-3892.5,-31846.98,1724.37,22671.87,-6599.88,185.37,368.32,-6414.51,-6046.19,,,,,
7451,1816.12,4136.81,5204.63,506.93,252.66,-180.73,-3794.58,-31860.35,1685.99,22598.68,-6548.8,190.98,366.16,-6357.81,-5991.66,,,,,
7461,1837.69,4122.93,5212.16,493.17,291.36,-180.48,-3865.66,-31924.37,1707.29,22728.37,-6574.44,186.1,422.45,-6388.34,-5965.89,,,,,
7471,1782.91,4207.2,5176.65,522.45,265.33,-177.31,-3883.03,-31903.06,1753.71,22741.74,-6615.23,185.03,486.58,-6430.2,-5943.62,,,,,
7481,1830.05,4093.27,5136.56,506.96,266.99,-172.3,-3863.64,-31964.98,1711.54,22693.4,-6533.21,183.79,237.83,-6349.41,-6111.58,,,,,
7491,1777.72,4126.67,5208.33,507.64,256.04,-173.22,-3868.04,-31946.24,1717.91,22670.69,-6502.43,183.87,277.51,-6318.57,-6041.06,,,,,
7501,1814.37,4208.03,5203.81,504.72,274.04,-201.75,-3909.1,-31778.46,1719.07,22704.18,-6657.31,185.66,538.92,-6471.64,-5932.72,,,,,
7511,1765.05,4191.26,5178.12,502.88,261.09,-177.82,-3841.02,-31744.43,1743.25,22594.25,-6681.34,185.26,472.64,-6496.07,-6023.43,,,,,
7521,1803.97,4255.41,5127.07,506.32,258.44,-194.87,-3860.23,-31801.31,1726.24,22564.42,-6639.96,183.93,385.45,-6456.04,-6070.59,,,,,
7531,1830.52,4257.22,5175.2,512.49,266.53,-191.04,-3798.54,-31905.13,1703.86,22762.36,-6702.24,184.02,613.46,-6518.21,-5904.75,,,,,
7541,1816.43,4135.56,5207.11,510.56,263.45,-176.54,-3837.31,-31809.31,1739.66,22755.42,-6746.23,186.54,605.04,-6559.68,-5954.64,,,,,
7551,1844.83,4127.31,5174.09,504.24,273.61,-198.24,-3837.27,-31872.05,1715.91,22681.39,-6652.68,183.29,413.81,-6469.39,-6055.59,,,,,
7561,1776.9,4213.08,5199.72,498.88,271.89,-194.89,-3857.3,-31655.6,1753.48,22697.36,-6818.54,187.49,703.53,-6631.05,-5927.52,,,,,
7571,1760.32,4169.58,5147.93,497.37,279.56,-220.94,-3864.59,-31823.84,1734.35,22691.2,-6649.79,183.38,370.95,-6466.41,-6095.45,,,,,
7581,1759.43,4184.08,5191.33,503.21,281.8,-170.46,-3861.86,-31916.48,1721.3,22716.92,-6601.87,183.58,409.28,-6418.3,-6009.02,,,,,
7591,1734.61,4250.67,5154.24,510.98,273.99,-153.55,-3861.53,-31945.06,1738.42,22688.41,-6574.2,183.19,391.19,-6391.01,-5999.82,,,,,
7601,1782.08,4227.36,5230.83,524.86,286.65,-191.34,-3904.86,-31724.2,1748.59,22712.02,-6744.25,186.44,691.98,-6557.82,-5865.83,,,,,
7611,1857.52,4137.16,5164.13,509.33,281.56,-188.69,-3832.65,-31623.08,1696.97,22602.63,-6850.67,189.96,604.9,-6660.71,-6055.81,,,,,
7621,1850.57,4219.93,5194.77,515.12,289.45,-190.91,-3822,-31709.91,1695,22666.72,-6783.66,191.35,708.73,-6592.31,-5883.58,,,,,
7631,1792.26,4152.98,5200.48,504.84,282.64,-187.32,-3827.65,-31754.08,1732.71,22715.87,-6772.65,189.9,612.74,-6582.75,-5970.01,,,,,
7641,1807.19,4178.1,5225.56,503.98,273.31,-187.73,-3875.87,-31534.52,1676.82,22606.7,-6831.55,188.07,673.54,-6643.48,-5969.94,,,,,
7651,1785.51,4180.84,5171.39,485.55,274.8,-187.81,-3860.29,-31437.41,1692.19,22507.37,-6917.54,187.5,612.15,-6730.04,-6117.89,,,,,
7661,1762.77,4240.48,5209.17,508.91,256.08,-182.66,-3873.21,-31606.76,1721.49,22653.25,-6849.88,187,689.52,-6662.88,-5973.36,,,,,
7671,1784.52,4227.92,5213.47,510.98,277.45,-199.44,-3857.71,-31592.43,1773.76,22575,-6801.54,186.15,713.53,-6615.39,-5901.86,,,,,
7681,1826.64,4278.88,5180.57,510.2,280.67,-215.58,-3782.6,-31526.23,1702.29,22554.9,-6889.84,191.26,809.74,-6698.57,-5888.84,,,,,
7691,1799.55,4112.93,5194.56,490.07,264.04,-195.43,-3860.53,-31418.8,1742.98,22617.09,-6944.07,184.94,746.47,-6759.13,-6012.66,,,,,
7701,1828.41,4188.33,5181.59,514.05,254.26,-203.48,-3795.83,-31763.17,1722.93,22636.57,-6665.64,188.66,563.66,-6476.98,-5913.32,,,,,
7711,1812.73,4154.61,5217.22,522.9,283.56,-233.04,-3860.7,-31779.75,1707.22,22677.08,-6660.25,187.4,501.84,-6472.85,-5971.01,,,,,
7721,1852.62,4180.83,5231.38,514.69,284.25,-171.91,-3867.36,-31757.96,1722.4,22588.45,-6618.61,182.95,577.38,-6435.66,-5858.27,,,,,
7731,1761.88,4174.35,5185.51,500.27,283.18,-180.78,-3850.74,-31875.58,1726.06,22604.97,-6568.37,183.41,329.11,-6384.96,-6055.85,,,,,
7741,1794.18,4142.04,5195.86,526.52,265.72,-171.02,-3814.13,-31784.53,1723.67,22658.65,-6676.65,186.59,536.94,-6490.06,-5953.12,,,,,
7751,1787.95,4120.24,5226.97,494.35,263.1,-167.07,-3860.2,-31841.72,1713.98,22680.09,-6609,185.11,417.7,-6423.88,-6006.19,,,,,
7761,1802.8,4232.5,5154.93,524.96,280.89,-178.45,-3861.65,-31787.89,1726.95,22711.41,-6689.24,182.14,606.43,-6507.11,-5900.67,,,,,
7771,1757.43,4101.8,5184.12,491.26,260.21,-153.88,-3850.37,-31663.02,1703.22,22768.3,-6807.44,185.55,599.08,-6621.89,-6022.81,,,,,
7781,1849.17,4179.26,5190.53,504.23,266.79,-230.08,-3842.77,-31666.71,1694.6,22659.3,-6762.33,188.46,604.31,-6573.88,-5969.57,,,,,
7791,1791.9,4190.91,5231.09,530.84,260.54,-241.94,-3832.18,-31884.26,1701.17,22716.35,-6602.35,187.43,464.41,-6414.93,-5950.52,,,,,
7801,1794.49,4194.19,5178.61,522.82,277.4,-198.89,-3844.36,-31699.44,1739.21,22702.84,-6732.51,189.8,666.88,-6542.7,-5875.82,,,,,
7811,1754.93,4226.43,5208.93,511.66,282.42,-186.95,-3788.94,-31809.88,1766.03,22675.1,-6699.67,192.9,639.73,-6506.77,-5867.03,,,,,
7821,1809.37,4178.07,5178.54,524.21,269.22,-195.53,-3867.86,-31455.53,1710.56,22603.23,-6921.93,190.62,754.28,-6731.31,-5977.03,,,,,
7831,1780.24,4172.65,5165.78,500.42,275.06,-181.52,-3875.62,-31596.97,1722.07,22626.43,-6782.4,187.64,588.54,-6594.75,-6006.22,,,,,
7841,1797.08,4140.65,5211.52,505.85,274.45,-213.14,-3821.11,-31687.63,1748.04,22600.18,-6701.83,189.25,555.89,-6512.59,-5956.69,,,,,
7851,1824.72,4078.79,5210.34,504.15,275.2,-190.74,-3858.05,-31738.34,1727.95,22656.58,-6722.29,188.04,490.6,-6534.25,-6043.65,,,,,
7861,1791.59,4155.26,5208.01,501.65,260.49,-197.62,-3826.81,-31763.35,1712.8,22726.17,-6728.26,190.01,568.2,-6538.25,-5970.05,,,,,
7871,1795.5,4076.01,5199,495.47,274.99,-175.59,-3885.86,-31661.95,1736.51,22739.19,-6814.64,184.95,593.26,-6629.69,-6036.43,,,,,
7881,1821.08,4173.47,5226.88,513.2,269.49,-207.05,-3859.4,-31649.11,1737.98,22612.42,-6772.39,187.43,638.96,-6584.96,-5945.99,,,,,
7891,1809.5,4137.61,5217.17,521.2,280.95,-203.18,-3874.8,-31536.7,1727.97,22580.9,-6868.65,187.9,660.62,-6680.75,-6020.13,,,,,
7901,1820.93,4158.69,5164.74,487.87,291.28,-191.58,-3878.77,-31673.49,1723.35,22620.58,-6700.69,186.21,523.61,-6514.48,-5990.87,,,,,
7911,1746.78,4182.5,5191.67,505.04,276.78,-188.51,-3860.79,-31628.67,1721.1,22644.59,-6774.94,185.97,590.49,-6588.97,-5998.48,,,,,
7921,1858.59,4253.7,5209.09,518.22,273.44,-168.26,-3824.13,-31666.82,1697.71,22458.14,-6710.13,185.72,609.69,-6524.41,-5914.73,,,,,
7931,1864.05,4165.54,5184.2,514.87,251.1,-185.05,-3855.74,-31769.81,1719.37,22647.63,-6663.88,184.83,536.17,-6479.05,-5942.88,,,,,
7941,1824.06,4160.74,5181.17,504.75,300.5,-202.1,-3844.82,-31664.84,1717.87,22646.1,-6785.86,181.44,623.42,-6604.42,-5981,,,,,
7951,1755.35,4164.32,5157.64,509.99,275.12,-204.64,-3868.33,-31664.38,1759.93,22579.64,-6687.82,184.67,464.63,-6503.14,-6038.52,,,,,
7961,1753.14,4089.78,5175.54,515.27,270.4,-198.13,-3880.78,-31647.73,1728.12,22693.77,-6771.77,190.29,499.39,-6581.47,-6082.09,,,,,
7971,1785.12,4116.94,5208.56,494.05,290.99,-195.85,-3825.71,-31635.87,1749.38,22625.59,-6781.41,187.1,613.21,-6594.31,-5981.1,,,,,
7981,1774.15,4130.83,5236.83,499.97,268.6,-218.04,-3870.77,-31612.21,1695.7,22698.15,-6856.42,187.92,603.2,-6668.5,-6065.3,,,,,
7991,1810.08,4211.7,5203.66,519.84,274,-210.25,-3846.13,-31538.64,1726.26,22594.86,-6871.72,188.48,745.38,-6683.24,-5937.86,,,,,
8001,1772.84,4187.4,5194.58,516.27,273.47,-194.67,-3821.64,-31851.98,1720.91,22655.07,-6632.7,187.46,452.26,-6445.24,-5992.99,,,,,
8011,1806.41,4141.37,5209.12,515.06,291.43,-212.77,-3776.41,-31618.92,1716.29,22603.36,-6864.75,193.48,674.94,-6671.26,-5996.32,,,,,
8021,1778.73,4204.63,5215.33,515.54,289.24,-196.87,-3872.34,-31516.65,1690.44,22530.63,-6828.05,188.54,638.66,-6639.52,-6000.86,,,,,
8031,1784.77,4194.68,5217.72,506.53,298.96,-201.36,-3860.65,-31613.75,1721.73,22644.83,-6847.05,187.82,693.46,-6659.23,-5965.77,,,,,
8041,1817.52,4131.37,5181.09,508.06,265.84,-226.77,-3871.5,-31675.24,1736.99,22703.54,-6773.09,189.55,570.91,-6583.54,-6012.63,,,,,
8051,1793.18,4175.7,5181.51,496.73,279.08,-200.25,-3859.33,-31550.22,1742.49,22672.13,-6859.45,185.16,731.01,-6674.28,-5943.27,,,,,
8061,1746.54,4204.32,5204.76,505.69,276.19,-188.62,-3848.78,-31439.49,1752.71,22689.31,-6990.07,191.73,902.64,-6798.34,-5895.71,,,,,
8071,1751.32,4209.74,5182.58,496.4,270.13,-177.13,-3850.5,-31576.22,1718.41,22608.69,-6838.3,185.84,633.43,-6652.46,-6019.03,,,,,
8081,1827,4243.21,5178.34,516.63,286.63,-175.87,-3888.34,-31543.05,1720.73,22656.45,-6892.65,190.77,821.74,-6701.88,-5880.14,,,,,
8091,1786.7,4188.45,5159.62,513.41,272.53,-188.8,-3829.01,-31619.67,1693.73,22687.23,-6834.48,189.08,664.2,-6645.4,-5981.2,,,,,
8101,1749.22,4178.86,5157.79,494.09,266.3,-196.69,-3856.64,-31660.67,1728.61,22611.71,-6775.39,189.41,472.59,-6585.97,-6113.38,,,,,
8111,1851.75,4215.6,5167.95,502.18,252.85,-197.58,-3810.1,-31510.4,1730.16,22590.59,-6866.35,187.63,793,-6678.73,-5885.73,,,,,
8121,1817.3,4220.3,5176.04,512.15,273.04,-181.76,-3845.95,-31554.8,1689.14,22615.87,-6889.77,189.33,721.33,-6700.44,-5979.11,,,,,
8131,1854.13,4127.08,5203.5,509.67,265.63,-211.77,-3853.53,-31609.38,1747.76,22813.66,-6965.9,191.01,846.74,-6774.89,-5928.14,,,,,
8141,1766.9,4158.31,5175.01,504.23,270.3,-236.96,-3872.34,-31500.75,1747.72,22734.5,-6969.12,187.17,746.92,-6781.95,-6035.03,,,,,
8151,1793.93,4241.64,5190.35,501.42,283.23,-223.04,-3833.81,-31682.39,1729.08,22754.67,-6856.43,192.56,755.09,-6663.87,-5908.78,,,,,
8161,1750.2,4284.99,5179.67,522.18,274.76,-182.9,-3875.7,-31468.63,1701.45,22664.31,-6954.28,191.28,850.33,-6763,-5912.67,,,,,
8171,1842.04,4207.88,5196.05,516.4,259.36,-187.71,-3896.42,-31515.93,1662.19,22689.79,-6930.85,185.7,773.64,-6745.15,-5971.51,,,,,
8181,1849.45,4147.12,5217.26,499.03,279.68,-198.66,-3856.96,-31528.02,1685.14,22729.29,-6959.91,188.05,823.33,-6771.85,-5948.53,,,,,
8191,1753.68,4153,5182.32,494.81,265.12,-196.53,-3875.47,-31510.25,1779.32,22751.36,-6951.4,184.12,797.36,-6767.28,-5969.91,,,,,
8201,1791.21,4113.9,5191.41,497.57,286.4,-197.24,-3857.07,-31323.56,1740.54,22607.48,-7060.07,190.56,850.64,-6869.51,-6018.87,,,,,
8211,1786.86,4180.54,5243.29,499.51,292.15,-200.69,-3893.98,-31488.96,1699.33,22675.3,-6957.41,189.85,793.36,-6767.56,-5974.2,,,,,
8221,1864.47,4208.01,5148.17,522.81,263.95,-176.18,-3804.09,-31580.26,1714.4,22691.77,-6876.16,187.02,853.05,-6689.15,-5836.09,,,,,
8231,1809.49,4155.06,5201.45,510.78,256.76,-194.45,-3879.5,-31477.77,1679.5,22787.05,-6952.49,187.16,848.37,-6765.33,-5916.96,,,,,
8241,1822.27,4210.21,5214.63,513.08,267.89,-210.79,-3858.91,-31456.87,1713.19,22724.05,-7013.48,190.89,938.75,-6822.58,-5883.83,,,,,
8251,1778.16,4281.42,5235.35,509.79,282.8,-212.29,-3867.35,-31504.57,1725.48,22720.16,-6952.59,188.27,948.95,-6764.32,-5815.38,,,,,
8261,1800.7,4184.27,5251.36,509.17,287.18,-215.94,-3894.98,-31386.4,1711.28,22663.3,-7054.9,188.72,909.92,-6866.18,-5956.25,,,,,
8271,1779.55,4149.03,5188.1,488.16,268.89,-192.79,-3863.83,-31517.99,1681.72,22653.98,-6873.68,188.87,634.8,-6684.8,-6050,,,,,
8281,1791.63,4174.96,5182.1,486.59,272.66,-185.4,-3907.06,-31414.71,1700.68,22627,-6910.03,188.18,728.45,-6721.86,-5993.41,,,,,
8291,1862.97,4247.86,5247.24,522.39,277.47,-215.16,-3888.37,-31688.43,1745.12,22565.86,-6636.97,183.47,676.95,-6453.49,-5776.55,,,,,
8301,1765.48,4210.76,5170.83,511.68,289.64,-216.35,-3829.74,-31608.89,1729.66,22681.94,-6837.87,189.85,705,-6648.02,-5943.02,,,,,
8311,1793.19,4150.39,5225.73,500.28,271.12,-199.54,-3846.45,-31612.72,1716.79,22647.79,-6814.43,187.92,646.59,-6626.51,-5979.93,,,,,
8321,1754.48,4175.09,5227.98,490.86,274.13,-191.09,-3871.64,-31706.39,1723.11,22739.09,-6785.16,188.72,615.62,-6596.44,-5980.83,,,,,
8331,1777.08,4094.65,5161.99,505.32,272.72,-183.53,-3845.5,-31726.75,1710.92,22717.63,-6778.83,190.23,484.52,-6588.59,-6104.08,,,,,
8341,1775.55,4222.36,5211.06,508.5,280.37,-214.73,-3849.94,-31491.15,1729.28,22634.01,-6891.33,189.04,805.32,-6702.3,-5896.98,,,,,
8351,1757.91,4161.09,5207.3,518.48,274.01,-180.96,-3900.53,-31525,1752.62,22663.64,-6891.93,189.43,728.56,-6702.5,-5973.95,,,,,
8361,1755.97,4245.29,5211.47,505.72,292.52,-208.98,-3853.65,-31470.7,1727.68,22701.4,-6979.08,190.13,906.71,-6788.95,-5882.24,,,,,
8371,1821.57,4150.84,5150.33,511.14,284.89,-209.06,-3880,-31679.03,1720.76,22776.53,-6790.05,183.81,647.97,-6606.24,-5958.27,,,,,
8381,1818.61,4212.2,5173.35,509.89,285.02,-176.76,-3878,-31452.74,1719.84,22643.53,-6963.28,186.58,854.94,-6776.7,-5921.76,,,,,
8391,1808.63,4152.78,5240.39,517.67,265.06,-229.75,-3796.08,-31438.61,1709.2,22602.86,-6998.13,193.01,832.16,-6805.11,-5972.96,,,,,
8401,1800.04,4148.17,5200.61,507.28,293.96,-196.97,-3862.38,-31384.79,1737.78,22549.76,-6931.07,185.9,793.46,-6745.17,-5951.71,,,,,
8411,1776.74,4188.6,5214.09,523.12,261.3,-190.52,-3845.83,-31580.84,1704.79,22609.06,-6836.08,187.01,660.51,-6649.07,-5988.56,,,,,
8421,1856.9,4140.59,5154.65,509.08,273.93,-186.49,-3815.4,-31506.23,1689.18,22589.58,-6906.69,191.1,705.8,-6715.59,-6009.8,,,,,
8431,1800.49,4159.99,5148.73,519.03,268.05,-173.12,-3782.12,-31691.53,1720.48,22668.17,-6796.59,192.16,638.16,-6604.43,-5966.28,,,,,
8441,1820.59,4175.65,5250.53,506.54,260.67,-216.66,-3871.82,-31704.11,1712.1,22619.69,-6726,190.81,553.18,-6535.18,-5982.01,,,,,
8451,1792.92,4062.15,5188.3,512.44,285.01,-208.63,-3845.16,-31498.95,1722.98,22596.37,-6876.7,188.75,607.42,-6687.95,-6080.53,,,,,
8461,1808.82,4229.96,5243.11,520.73,267.65,-226.33,-3793.16,-31743.46,1691.04,22704.02,-6757.59,192.37,702.37,-6565.22,-5862.85,,,,,
8471,1793.43,4189.32,5199.24,496.58,272.4,-176.69,-3818.42,-31670.47,1702.59,22674.52,-6809.74,194.36,662.49,-6615.38,-5952.89,,,,,
8481,1829.62,4232.16,5201.09,516.75,268.78,-190.82,-3875.22,-31496.56,1679.9,22614.3,-6857.61,188.17,780,-6669.44,-5889.45,,,,,
8491,1713.25,4224.11,5205.15,503.78,274.24,-185.27,-3896.51,-31587.63,1752.85,22748.6,-6859.6,185.55,752.56,-6674.05,-5921.48,,,,,
8501,1753.35,4205.92,5182.04,506.49,271.88,-171.61,-3848.42,-31632.59,1702.06,22714.83,-6821.74,188.81,683.96,-6632.93,-5948.97,,,,,
8511,1763.86,4137.54,5153.03,501.26,264.69,-205.72,-3830.05,-31774.2,1756.01,22745.49,-6734.91,187.69,511.9,-6547.22,-6035.32,,,,,
8521,1766.04,4215.94,5193.02,524.27,277.81,-198.9,-3864.68,-31686.68,1739.96,22620.47,-6775.51,188.11,587.25,-6587.4,-6000.15,,,,,
8531,1818.93,4192.01,5198.59,506.5,282.72,-167.85,-3866.41,-31978.21,1691.37,22700.23,-6498.02,185.93,377.89,-6312.09,-5934.2,,,,,
8541,1774.68,4227.02,5191.22,515.55,268.57,-181.74,-3873.85,-31871.8,1737.53,22612.73,-6596.55,188.41,399.91,-6408.14,-6008.23,,,,,
8551,1843.53,4197.45,5194.29,519.66,248.9,-193.98,-3869.74,-31768.1,1730.56,22711.47,-6701.32,186.9,614.03,-6514.42,-5900.4,,,,,
8561,1711.58,4226.48,5178.84,503.28,283.91,-183.83,-3854.61,-31641.43,1704.22,22725.1,-6812.5,191.41,653.55,-6621.09,-5967.55,,,,,
8571,1787.91,4165,5211.33,502.69,270.8,-230.09,-3870.92,-31742.25,1710.45,22696.35,-6741.95,186.27,501.29,-6555.68,-6054.39,,,,,
8581,1777.09,4159.01,5224.06,510.88,279.51,-202.28,-3897.76,-31750.67,1754.14,22726.07,-6704.63,185.43,580.04,-6519.2,-5939.15,,,,,
8591,1801.87,4178.76,5217.63,520.04,269.7,-184.72,-3899.81,-31565.21,1695.6,22681.09,-6844.9,185.18,714.95,-6659.72,-5944.77,,,,,
8601,1770.54,4205.25,5230.61,511.04,274.66,-184.14,-3910.62,-31699.12,1705.79,22693.38,-6753.75,187.18,597.39,-6566.57,-5969.18,,,,,
8611,1791.86,4183.35,5224.02,516.61,279.51,-204.97,-3880.6,-31709.23,1719.25,22627.18,-6705.15,191.1,546.99,-6514.05,-5967.06,,,,,
8621,1785.04,4086.33,5240.53,518.08,279.04,-193.13,-3867.11,-31680.14,1735.77,22687.8,-6764.51,189.7,592.2,-6574.82,-5982.61,,,,,
8631,1780.1,4240.29,5167.82,511.25,277,-187.07,-3813.09,-31749.96,1702.58,22568.33,-6641.47,190.95,497.24,-6450.51,-5953.27,,,,,
8641,1802.35,4250.38,5216.48,510.53,284.44,-217.84,-3870.08,-31788.87,1705.81,22625.25,-6629.42,187.04,518.45,-6442.38,-5923.94,,,,,
8651,1894.96,4154.04,5185.3,510.29,285.05,-184.78,-3832.34,-31637.82,1695.02,22588.3,-6795.26,192.17,658.01,-6603.09,-5945.08,,,,,
8661,1789.56,4246,5204.65,513.88,273.96,-214.42,-3815.92,-31598.55,1721.84,22568.03,-6799.17,189.62,689.01,-6609.55,-5920.54,,,,,
8671,1829.37,4198.47,5215.9,541.35,268.9,-222.23,-3845.69,-31727.85,1735.44,22658.68,-6718.96,190.24,652.34,-6528.72,-5876.38,,,,,
8681,1790.84,4169.45,5213.25,509.42,265.83,-192.45,-3891,-31596.78,1730.36,22588.54,-6764.72,187.69,587.47,-6577.02,-5989.56,,,,,
8691,1827.24,4149.29,5202.49,503.95,267.17,-218.84,-3853.24,-31480.3,1732.94,22447.7,-6822.94,188.58,578.39,-6634.36,-6055.97,,,,,
8701,1827.92,4163.64,5157.31,506.08,277.49,-186.45,-3825.11,-31441.3,1729.36,22520.01,-6891.22,195.77,728.96,-6695.45,-5966.49,,,,,
8711,1778.53,4151.32,5200.74,498.63,263.95,-218.54,-3845.36,-31300.76,1712,22556.84,-7055.16,192.61,797.35,-6862.54,-6065.19,,,,,
8721,1778.49,4197.71,5208.31,502.35,285.37,-211.84,-3860.2,-31537.52,1743.65,22583.45,-6758.89,186.02,689.77,-6572.88,-5883.11,,,,,
8731,1814.75,4231.69,5197.43,524.86,289.13,-201.92,-3818.21,-31179.38,1699.68,22565.38,-7156.59,194.43,1123.4,-6962.16,-5838.76,,,,,
8741,1815.78,4278.59,5217.21,503.75,275.71,-216.65,-3883.59,-31299.5,1694.86,22520.9,-7011.3,190.2,907.06,-6821.1,-5914.04,,,,,
8751,1793.35,4250.71,5234.32,511.98,285.1,-203.01,-3836.48,-31539.93,1726.1,22512.25,-6816.56,190.97,734.39,-6625.59,-5891.2,,,,,
8761,1802.02,4195.8,5191,503.76,281.73,-214.16,-3858.15,-31358.38,1689.51,22423.43,-6886.09,191.78,656.57,-6694.31,-6037.74,,,,,
8771,1812.57,4121.52,5246.31,493.99,253.06,-216.99,-3858.83,-31540.1,1739.88,22502.22,-6787.27,187.1,553.63,-6600.17,-6046.55,,,,,
8781,1811.74,4189.28,5195.96,505.33,291.05,-209.7,-3862.57,-31441.71,1724.11,22601.6,-6910.21,187.61,805.09,-6722.6,-5917.51,,,,,
8791,1744.15,4227.43,5184.94,519.57,275.27,-193.5,-3822.88,-31795.5,1715.82,22682.57,-6713.45,191.24,537.87,-6522.21,-5984.34,,,,,
8801,1821.03,4230.17,5184.7,520,291.55,-198.95,-3815.57,-31686.54,1740.21,22576.23,-6711.85,188.86,662.83,-6522.99,-5860.15,,,,,
8811,1734.47,4132.18,5176.14,498.74,273.25,-216.09,-3805.7,-31625.42,1726.66,22665.66,-6816.04,187.58,559.9,-6628.46,-6068.56,,,,,
8821,1821.43,4188.84,5172.36,504.13,256.91,-212.72,-3859.34,-31494.6,1747.22,22493.76,-6829.08,187.47,617.99,-6641.61,-6023.62,,,,,
8831,1751.24,4186.97,5216.35,501.93,286.46,-217.77,-3791.08,-31685.31,1756.41,22567.03,-6716.09,190.33,572.22,-6525.76,-5953.54,,,,,
8841,1780.23,4165.54,5193.56,496.86,287.05,-205.95,-3805.09,-31680.14,1735.35,22562.55,-6742.72,188.45,529.96,-6554.27,-6024.31,,,,,
8851,1798.84,4203.3,5156.61,501.11,251.64,-192.56,-3813.61,-31525.16,1742.9,22702.18,-6933.03,191.26,825.24,-6741.77,-5916.52,,,,,
8861,1758.88,4199.85,5163.91,521.48,252.44,-205.22,-3834.68,-31748.98,1736.22,22693.08,-6727.34,187.01,536.98,-6540.33,-6003.35,,,,,
8871,1800.42,4150.14,5197.89,517.39,276.11,-188.9,-3856.62,-31699.69,1706.26,22622,-6733.85,187.86,525.01,-6545.99,-6020.98,,,,,
8881,1786.41,4022.99,5218.18,485.58,282.96,-206.8,-3826.28,-31650.78,1735.61,22747.8,-6803.79,187.35,595.67,-6616.43,-6020.76,,,,,
8891,1820.34,4190.37,5195.63,517.58,268.42,-234.29,-3761.65,-31376.74,1720.63,22467.03,-6943.06,190.22,807.3,-6752.84,-5945.54,,,,,
8901,1767.71,4217.44,5189.9,498.61,273.96,-211.22,-3818.36,-31610.63,1704.24,22646.18,-6791.56,187.38,657.83,-6604.18,-5946.35,,,,,
8911,1830.94,4210.42,5172.37,498.16,264.58,-190.3,-3885.93,-31721.51,1703.91,22574.75,-6673.28,183.42,457.4,-6489.86,-6032.46,,,,,
8921,1851.11,4185.45,5209.72,517.8,274.91,-208.1,-3828.93,-31500.06,1725.6,22519.35,-6830.71,190.03,746.86,-6640.68,-5893.82,,,,,
8931,1733.05,4328.22,5191.62,517.31,266.52,-189.29,-3883.63,-31724.74,1734.9,22709.85,-6720.42,186.31,683.81,-6534.12,-5850.31,,,,,
8941,1740.27,4152.58,5165.5,502.95,267.68,-182.7,-3833.59,-31810.84,1690.31,22737,-6712.37,189.35,429.18,-6523.03,-6093.85,,,,,
8951,1772.71,4172.24,5165.08,518.24,275.02,-198.82,-3820.42,-31785.93,1726.1,22625.18,-6690.65,189.64,449.42,-6501.01,-6051.59,,,,,
8961,1751.27,4206.75,5202.63,509.28,273.13,-200.24,-3831.13,-31580.21,1733.1,22585.92,-6855.25,185.83,650.49,-6669.42,-6018.92,,,,,
8971,1802.65,4147.03,5213.06,505.37,259.37,-190.98,-3832.88,-31448.13,1702.77,22645.59,-6919.4,188.91,803.85,-6730.49,-5926.64,,,,,
8981,1765.55,4151.88,5211.5,493.84,279.28,-222.23,-3829.94,-31674.45,1729.59,22681.36,-6756.75,189.36,586.38,-6567.4,-5981.01,,,,,
8991,1778.46,4228.68,5166.35,506.35,274.65,-210.15,-3801.84,-31687.31,1709.38,22659.84,-6751.9,189.11,624.41,-6562.79,-5938.39,,,,,
9001,1807.8,4237.23,5185.36,501.6,283.43,-186.14,-3814.33,-31865.46,1726,22604.41,-6631.64,189.53,479.9,-6442.11,-5962.21,,,,,
9011,1817.18,4147.18,5159.55,504.93,308.26,-203.38,-3817.73,-31720.28,1696.58,22678.53,-6754.78,187.18,570.82,-6567.6,-5996.78,,,,,
9021,1842.31,4217.94,5202.68,498.06,277.86,-198.59,-3877.59,-31544.76,1683.17,22581.83,-6821.21,185.95,682.91,-6635.26,-5952.35,,,,,
9031,1772.65,4117.9,5200.11,481.34,278.39,-204.85,-3862.82,-31613.55,1704.84,22648.82,-6810.8,185.94,522.81,-6624.86,-6102.05,,,,,
9041,1843.59,4136.83,5198.95,512.63,272.08,-217.05,-3870.18,-31746.89,1701.08,22590.42,-6650.4,185.48,421.45,-6464.92,-6043.47,,,,,
9051,1805.7,4266.97,5202.32,531.06,280.27,-223.53,-3805.97,-31748.54,1730.07,22683.79,-6750.5,188.28,722.14,-6562.22,-5840.09,,,,,
9061,1763.33,4185.38,5283.49,520.84,273.76,-218.36,-3841.46,-31739.79,1702.47,22709.55,-6741.28,189.87,639.22,-6551.41,-5912.2,,,,,
9071,1770.78,4181.5,5231.1,514.99,278.86,-219.02,-3786.73,-31622.56,1757.01,22681.15,-6798.78,193.19,787.07,-6605.59,-5818.52,,,,,
9081,1827.37,4255.33,5218.17,506.98,259.64,-184.73,-3854.08,-31594.67,1695.59,22613.26,-6807.26,189.62,742.86,-6617.63,-5874.77,,,,,
9091,1703.4,4207.64,5240.1,493.61,280.62,-236.11,-3916.87,-31521.52,1744.54,22663.61,-6877.93,185.79,659.01,-6692.15,-6033.14,,,,,
9101,1799.07,4194.34,5235.53,524.74,277.52,-222.77,-3866.38,-31639.34,1747,22644.99,-6814.1,185.74,694.71,-6628.36,-5933.65,,,,,
9111,1820.14,4172.2,5170.95,501.46,269.23,-193.08,-3888.96,-31492.86,1705.46,22629.22,-6905.25,183.51,693.77,-6721.74,-6027.97,,,,,
9121,1760.25,4143.81,5227.05,483.93,282.36,-196.93,-3906.21,-31651.9,1720.4,22704.51,-6801.97,181.94,567.28,-6620.03,-6052.75,,,,,
9131,1811.04,4174.96,5214.09,507.69,273.58,-200.24,-3843.14,-31663.68,1701.34,22646.59,-6749.06,186.11,622.23,-6562.95,-5940.72,,,,,
9141,1803.32,4135.18,5209.73,510.5,264.23,-207.81,-3871.47,-31767.98,1726.71,22621.28,-6625.24,183.4,423.69,-6441.83,-6018.15,,,,,
9151,1824.9,4102.89,5255.48,493.22,281.64,-201.66,-3880.3,-31711.84,1707.27,22630.34,-6724.55,184.55,501.94,-6540,-6038.05,,,,,
9161,1813.07,4265.04,5210.94,519.47,274.03,-196.85,-3924.68,-31636.35,1704.67,22534.49,-6686.17,179.78,563.84,-6506.39,-5942.55,,,,,
9171,1819.95,4132.28,5215.87,520.2,275.16,-188.87,-3899.66,-31726.5,1733.55,22723.66,-6742.19,183,605.64,-6559.19,-5953.55,,,,,
9181,1804.73,4264.47,5185.83,510.01,284.49,-212.29,-3913.13,-31612.61,1707.49,22647.95,-6818.31,186.61,666.94,-6631.7,-5964.76,,,,,
9191,1755.79,4242.71,5193.25,524.5,265.12,-214.84,-3883.4,-31895.62,1720.39,22704.36,-6642.3,182.83,412.26,-6459.47,-6047.21,,,,,
9201,1805.23,4154.03,5244.92,512.12,281.43,-215.92,-3873.25,-31906.08,1769.67,22694.32,-6556.07,178.68,466.48,-6377.39,-5910.91,,,,,
9211,1798.72,4209.79,5186.12,518.86,294.1,-202.37,-3887.8,-31865.18,1714.82,22688.12,-6568.37,181.6,455.18,-6386.77,-5931.59,,,,,
9221,1765.25,4185.21,5198.16,503.81,278.22,-205.19,-3889.11,-31791.74,1708.83,22662.41,-6598.69,180.37,415.86,-6418.32,-6002.46,,,,,
9231,1765.93,4187.06,5159.82,498.67,257.91,-185.62,-3809.66,-31682.43,1724.22,22636.99,-6779.72,185.24,552.91,-6594.49,-6041.58,,,,,
9241,1795.75,4216.15,5204.85,517.34,285.09,-199.22,-3885.59,-31569.16,1711.8,22646.07,-6869.98,185.34,723.07,-6684.65,-5961.57,,,,,
9251,1791.56,4139.32,5215.36,499.21,296.89,-207.27,-3914.33,-31566.97,1719.97,22666.99,-6841.27,184.18,640.74,-6657.09,-6016.35,,,,,
9261,1799.32,4114.26,5218.67,499.46,283.46,-204.22,-3836.91,-31813.56,1728.16,22739.18,-6692.47,183.89,527.81,-6508.58,-5980.77,,,,,
9271,1778.47,4126.74,5217.12,504.61,273.84,-205.83,-3893.25,-31662.34,1706.35,22706.6,-6773.5,180.75,552.31,-6592.75,-6040.44,,,,,
9281,1787.43,4248,5215.35,507.47,276.91,-208.44,-3853.35,-31699.18,1712.58,22647.29,-6772.32,188.35,634.06,-6583.96,-5949.91,,,,,
9291,1786.79,4274.27,5187.3,531.58,292.59,-197.29,-3826.72,-31498.93,1738.07,22539.81,-6834.92,185.65,827.46,-6649.27,-5821.81,,,,,
9301,1801.13,4180.26,5238.07,517.21,261.54,-224.81,-3798.35,-31801.63,1699.65,22625.83,-6652.18,183.74,498.91,-6468.44,-5969.54,,,,,
9311,1778.97,4216.13,5197.3,511.6,288.18,-202.1,-3834.12,-31728.72,1703.24,22647.87,-6686.54,182.45,578.36,-6504.09,-5925.73,,,,,
9321,1760.73,4122.24,5241.49,501.46,258.15,-192.32,-3892.49,-31567.52,1732.3,22615.16,-6823.42,182.01,579.22,-6641.41,-6062.2,,,,,
9331,1798.87,4172.08,5217.32,496.07,285.57,-187.6,-3857.44,-31675.32,1754.43,22630.27,-6773.24,186.29,634.25,-6586.95,-5952.7,,,,,
9341,1831.44,4059,5232.92,500.42,270.66,-215.01,-3850.59,-31429.15,1719.23,22595.16,-6932.16,186.19,714.08,-6745.97,-6031.88,,,,,
9351,1757.89,4135.8,5204.3,489.29,273.58,-195.24,-3872.68,-31499.91,1724.26,22475.44,-6769.9,184.97,492.73,-6584.92,-6092.19,,,,,
9361,1792.71,4166.61,5219.07,494.9,267.5,-208,-3873.78,-31783.29,1706.89,22671.3,-6664.45,184.68,453.93,-6479.77,-6025.85,,,,,
9371,1807.04,4174.76,5190.6,512.13,277.85,-201.47,-3892.47,-31752.52,1699.44,22642.82,-6645.7,186.91,458.17,-6458.79,-6000.62,,,,,
9381,1766.68,4182.37,5148.55,511.03,260.08,-191.46,-3812.91,-31726.76,1740.53,22561.81,-6686.93,185.99,439.93,-6500.94,-6061.02,,,,,
9391,1730.08,4156.77,5266.87,512.17,285.39,-217.14,-3854.12,-31822.29,1738.11,22645.01,-6649.75,184.04,440.86,-6465.71,-6024.86,,,,,
9401,1778.11,4153.71,5166.25,488.47,282.46,-204.21,-3892.31,-31604.53,1722.41,22608.14,-6733.71,183,498.5,-6550.71,-6052.21,,,,,
9411,1772.41,4172.33,5177.04,503.77,270.88,-171.74,-3883.15,-31603.99,1718.27,22575.51,-6753.16,183.53,531.33,-6569.63,-6038.3,,,,,
9421,1790.99,4150.41,5173.86,499.55,279.34,-180.76,-3809.79,-31635.9,1705.43,22603.44,-6815.71,187.02,576.57,-6628.69,-6052.13,,,,,
9431,1793.53,4215.68,5233.86,515.1,290.02,-197.82,-3879.02,-31819.58,1699.12,22654.45,-6629.92,183.78,505.31,-6446.14,-5940.83,,,,,
9441,1840.69,4151.78,5175.04,502.63,286.81,-185.74,-3862.2,-31936.93,1715.84,22712.68,-6576.62,179.49,400.61,-6397.12,-5996.51,,,,,
9451,1827.23,4172.27,5204.67,510.17,276.01,-202.63,-3900.18,-31759.76,1719.61,22732.47,-6717.32,178.4,579.85,-6538.92,-5959.07,,,,,
9461,1751.22,4218.08,5195.68,504.07,275.25,-169.31,-3900.04,-31778.31,1729.15,22701.04,-6680.16,181.65,526.83,-6498.51,-5971.68,,,,,
9471,1765.22,4062.27,5231.1,497.75,274.71,-180.35,-3885.74,-31803.29,1727.69,22757,-6686.08,182.41,446.35,-6503.67,-6057.32,,,,,
9481,1744.37,4122.05,5189.22,511.38,273.09,-189.9,-3880.77,-31571.02,1761.2,22683.57,-6830.68,184.75,643.18,-6645.92,-6002.75,,,,,
9491,1799.05,4142.93,5206.91,489.91,265.86,-170.82,-3815.85,-31728.17,1730.64,22618.25,-6716.76,188.53,538.7,-6528.23,-5989.53,,,,,
9501,1744.53,4189.8,5223.99,508.04,274.45,-177.71,-3869.34,-31811.25,1760.48,22776.03,-6751.23,181.77,619.02,-6569.46,-5950.44,,,,,
9511,1807.55,4185.01,5188.71,511.01,266.93,-197.91,-3900.59,-31590.87,1711.26,22671.27,-6828.68,183.55,652.37,-6645.13,-5992.75,,,,,
9521,1774.76,4133.53,5190.81,520.75,269.66,-206.18,-3872.81,-31773.09,1697.38,22608.55,-6654.2,181.36,343.36,-6472.84,-6129.48,,,,,
9531,1797.73,4169.81,5187.63,495.04,274.22,-195.8,-3827.92,-31591.2,1728.4,22609.26,-6795.6,187.6,647.17,-6608,-5960.83,,,,,
9541,1826.7,4159.51,5195.69,515.41,284.5,-231.03,-3887.21,-31727.45,1754.25,22637.32,-6697.29,184.79,527.68,-6512.49,-5984.82,,,,,
9551,1757.87,4149.83,5215.84,488.09,275.91,-188.9,-3799.86,-31723.6,1741.7,22625.96,-6714.57,188.33,542.84,-6526.24,-5983.4,,,,,
9561,1780.56,4191.54,5183.94,506.16,290.89,-197.95,-3855.14,-31511.7,1722.84,22512.67,-6808.27,186.35,623.81,-6621.92,-5998.11,,,,,
9571,1786.59,4157.6,5262.84,501.16,273.59,-218.4,-3861.94,-31406.3,1695.99,22635.63,-6992.24,188.37,826.76,-6803.87,-5977.11,,,,,
9581,1790.19,4076.96,5222.01,503.83,288.72,-186.95,-3846.42,-31586.18,1724.93,22666.71,-6853.38,189.41,653.8,-6663.97,-6010.17,,,,,
9591,1814.62,4240.15,5205.49,519.88,273.1,-209.35,-3870.52,-31273.48,1734.9,22477.48,-6953.75,187.77,912.26,-6765.98,-5853.72,,,,,
9601,1843.57,4129.54,5180.08,510.88,282.27,-203.16,-3866.94,-31550.46,1732.52,22712.35,-6923.26,185.85,770.67,-6737.41,-5966.74,,,,,
9611,1825.16,4105.32,5206.99,514.04,274.94,-192.17,-3868.11,-31602.81,1730.55,22696.49,-6879.79,185.7,690.41,-6694.09,-6003.68,,,,,
9621,1800.35,4058.44,5150.94,507.75,262.42,-209.91,-3847.6,-31583.09,1709.83,22792.37,-6916.55,186.57,641.49,-6729.98,-6088.49,,,,,
9631,1865.26,4091.63,5185.57,508.02,285.75,-185.56,-3891.39,-31414.41,1705.01,22595.74,-6959.39,187.03,745.61,-6772.36,-6026.75,,,,,
9641,1788.51,4178.65,5180.98,506.72,270.53,-195.48,-3848.21,-31376.84,1743.18,22592,-6989.37,186.24,840.04,-6803.13,-5963.1,,,,,
9651,1873.13,4174.48,5202.6,506.21,269.24,-199.55,-3924.22,-31620.43,1695.94,22622.06,-6758.95,185.28,599.45,-6573.67,-5974.22,,,,,
9661,1733.33,4162.47,5225.18,493.7,282.4,-205.26,-3843.76,-31479.15,1739.48,22604.51,-6916.09,190.92,712.9,-6725.17,-6012.27,,,,,
9671,1830.28,4174.42,5213.8,522.47,282.8,-181.35,-3807.33,-31526,1703.82,22565.79,-6845.63,187.31,778.7,-6658.31,-5879.62,,,,,
9681,1824.39,4168.72,5200.02,515.82,268.28,-201,-3864.63,-31550.26,1690.81,22707.66,-6895.96,185.18,759.82,-6710.78,-5950.96,,,,,
9691,1803.48,4207.52,5161.54,514.04,288.42,-193.9,-3846.39,-31480.85,1734.02,22458.65,-6805.6,187.07,646.54,-6618.53,-5971.99,,,,,
9701,1745.38,4112.32,5195.47,513.64,277.15,-206.02,-3792.94,-31557.34,1740.2,22632.59,-6875.86,185.64,660.45,-6690.21,-6029.77,,,,,
9711,1780.87,4152.14,5171.36,512.38,290.99,-209.91,-3844.62,-31399.66,1707.62,22521.7,-6915.17,189.04,682.87,-6726.13,-6043.26,,,,,
9721,1859.25,4128.26,5234.05,517.65,297.16,-185.51,-3896.52,-31308.71,1701,22523.43,-6983.69,186.85,870.05,-6796.84,-5926.79,,,,,
9731,1799.37,4204.67,5178.85,512.67,275.3,-193.17,-3838.29,-31568.94,1700.4,22556.38,-6793.65,185.4,627.24,-6608.25,-5981.01,,,,,
9741,1770.22,4202.64,5192.82,508.7,279.66,-192.87,-3853.91,-31539.8,1709.59,22593.64,-6852.98,188.11,670.7,-6664.87,-5994.17,,,,,
9751,1732.8,4136.96,5256.95,485.76,273.41,-186.9,-3883.49,-31535.85,1738.69,22621.23,-6824.76,181.08,639.58,-6643.67,-6004.1,,,,,
9761,1843.92,4034.68,5233.49,483.55,282.4,-198.95,-3798.03,-31510.76,1717.88,22621.78,-6888.93,189.26,709.97,-6699.67,-5989.7,,,,,
9771,1774.54,4147.92,5222.26,499.31,261.18,-212,-3840.6,-31473.84,1726.13,22578.17,-6887.29,187.13,683.07,-6700.16,-6017.09,,,,,
9781,1802.04,4231.63,5227.89,516.99,270.25,-223.32,-3865.66,-31486.56,1724.37,22595.23,-6871.06,190.52,792.87,-6680.54,-5887.67,,,,,
9791,1779.85,4236.69,5186.76,502.65,252.91,-199.53,-3862.02,-31271.18,1710.19,22580.33,-7058.72,188.8,916.65,-6869.92,-5953.27,,,,,
9801,1873.2,4128.28,5233.34,519.72,273.27,-208.86,-3868.58,-31469.52,1716.47,22523.06,-6854.58,184,720.38,-6670.57,-5950.19,,,,,
9811,1765.34,4196.62,5233.51,502.71,278.28,-215.38,-3857.62,-31402.6,1747.44,22509.12,-6893.02,187.19,757.42,-6705.83,-5948.41,,,,,
9821,1787.48,4144.66,5204.44,507.18,271.94,-195.91,-3838.84,-31381.39,1732.21,22521.5,-6955.2,185.31,753.28,-6769.89,-6016.61,,,,,
9831,1808.64,4174.02,5201.78,499.58,272.06,-183.68,-3867.94,-31289.74,1699.83,22549.26,-7026.2,183.86,863.82,-6842.35,-5978.53,,,,,
9841,1825.61,4117.51,5183.83,504.02,267.98,-189.54,-3903.07,-31414.17,1749.07,22704.69,-6985.72,186.12,845.94,-6799.6,-5953.66,,,,,
9851,1802.83,4143.26,5185.05,509.68,275.11,-174.58,-3857.58,-31453.98,1706.04,22600.55,-6918.2,187.67,736.37,-6730.53,-5994.15,,,,,
9861,1809.58,4167.05,5162.89,516.05,295.12,-203.22,-3860.15,-31647.44,1725.27,22644.9,-6737.42,182.06,610.05,-6555.37,-5945.32,,,,,
9871,1801.37,4094.28,5216.02,514.66,282.66,-188.98,-3829.55,-31511.73,1730.71,22707.91,-6934.03,186.39,817.35,-6747.64,-5930.29,,,,,
9881,1769.59,4205.5,5184.66,502.36,272.54,-195.07,-3886.85,-31529.23,1707.17,22458.69,-6705.43,181.05,489.37,-6524.38,-6035.01,,,,,
9891,1841.49,4184.1,5160.65,502.69,258.83,-194.41,-3878.79,-31473.87,1692.99,22515.16,-6806.48,184.1,608.84,-6622.38,-6013.54,,,,,
9901,1830.99,4140.76,5142.14,522.39,269.74,-181.41,-3865.31,-31551.21,1712.62,22604.84,-6798.81,185.79,625.55,-6613.02,-5987.47,,,,,
9911,1786.5,4192.57,5231.08,530.27,269.11,-195.83,-3836.25,-31479.8,1705.35,22564.44,-6904.3,188.42,767.42,-6715.88,-5948.45,,,,,
9921,1809.84,4157.8,5172.39,512.23,293.59,-187.64,-3867.22,-31526.36,1713.24,22511.65,-6739.96,183.57,589.52,-6556.38,-5966.86,,,,,
9931,1711.6,4072.76,5215.5,496.05,270.12,-215.35,-3819.1,-31555.64,1749.33,22693.77,-6871.61,187.65,619.04,-6683.96,-6064.91,,,,,
9941,1794.28,4212.8,5186.81,509.77,251.79,-214.15,-3865.58,-31437.53,1725.44,22625.66,-6873.75,185.04,789.29,-6688.71,-5899.41,,,,,
9951,1854.31,4172.54,5200.53,520.75,264.4,-198.9,-3875.68,-31426.9,1715.73,22620.59,-6929.82,184.01,847.36,-6745.81,-5898.45,,,,,
9961,1816.42,4168.03,5210.2,521.63,258.72,-214.2,-3866.1,-31410.88,1700.56,22562.28,-6930.2,184.01,746.67,-6746.19,-5999.52,,,,,
9971,1754.19,4168.14,5227.51,490.33,261.44,-193.99,-3854.15,-31288.45,1704.71,22486.46,-7002.4,186.05,756.17,-6816.35,-6060.18,,,,,
9981,1763.3,4052.32,5228.68,504.8,291.12,-187.53,-3872.29,-31571.51,1714.8,22685.95,-6861.91,184.29,609.66,-6677.62,-6067.96,,,,,
9991,1796.52,4220.53,5192.94,508.98,267.33,-220.48,-3870.36,-31431.58,1721.92,22533.95,-6827.07,179.82,719.76,-6647.25,-5927.49,,,,,
10001,1792.69,4133.13,5215.85,495.55,271.16,-215.47,-3891.09,-31321.4,1721.83,22504.94,-6936.68,185.03,707.17,-6751.65,-6044.48,,,,,
,,,,,,,,,,,,,,,,,,,,
Ligand Energy Terms,,,,,,,,,,,,,,,,,,,,
Frame #,BOND,ANGLE,DIHED,UB,IMP,CMAP,VDWAALS,EEL,1-4 VDW,1-4 EEL,EGB,ESURF,GGAS,GSOLV,TOTAL,,,,,
1,10.38,41.71,6.98,0,0.13,0,0.4,-31.52,32.83,44.07,-21.17,3.73,104.98,-17.44,87.53,,,,,
11,23.07,39.19,2.04,0,0.25,0,-1.36,-30.62,27.21,44.69,-23.54,3.88,104.45,-19.66,84.79,,,,,
21,12.03,39.49,9.61,0,0.46,0,0.92,-31.16,32.67,45.46,-22.66,3.81,109.48,-18.85,90.63,,,,,
31,10.98,35.01,6.38,0,0.22,0,-2.41,-31.07,33.49,45.65,-23.17,3.82,98.25,-19.36,78.89,,,,,
41,14.11,30.91,6.48,0,0.15,0,-1.34,-30.42,29.94,44.31,-22.85,3.81,94.14,-19.04,75.1,,,,,
51,18.72,32.71,11.3,0,0.22,0,-3.64,-31.47,29.18,44.78,-22.79,3.81,101.8,-18.97,82.83,,,,,
61,11.07,36.48,8.12,0,0.13,0,-0.26,-31.56,37.32,43.54,-21.76,3.79,104.83,-17.97,86.86,,,,,
71,14.79,38.71,10.11,0,0.26,0,-2.44,-31.3,29.82,44.01,-22.73,3.81,103.97,-18.92,85.06,,,,,
81,15.41,34.25,6.97,0,0.15,0,-0.94,-33.05,31.8,48.07,-22.34,3.83,102.66,-18.51,84.14,,,,,
91,10.59,39.13,6.72,0,0.23,0,-2.44,-32.26,33.62,45.51,-21.98,3.78,101.1,-18.19,82.9,,,,,
101,16.5,36.18,-1.82,0,0.04,0,-1.44,-29.95,31.34,44.39,-23.64,3.82,95.24,-19.81,75.42,,,,,
111,18.21,37.68,7.57,0,0.16,0,0.98,-32.62,32.26,45.68,-22.11,3.78,109.92,-18.33,91.59,,,,,
121,17.81,41.75,5.88,0,0.21,0,-4.16,-33.68,31.54,47.2,-22.64,3.79,106.56,-18.85,87.71,,,,,
131,13.45,40.81,10.51,0,0.24,0,-5.34,-33.01,29.66,46.8,-22.42,3.85,103.14,-18.57,84.56,,,,,
141,16.94,39.16,0.15,0,0.1,0,-1.22,-31.43,32.96,45.95,-23.07,3.83,102.62,-19.24,83.38,,,,,
151,12.57,37.22,0.34,0,0.2,0,2.09,-30.73,32.48,45.81,-23.03,3.78,99.97,-19.25,80.72,,,,,
161,9.8,41.2,2.73,0,0.21,0,-1.2,-32.43,31.94,45.48,-21.44,3.82,97.73,-17.63,80.1,,,,,
171,8.34,36.19,5.5,0,0.08,0,-2.68,-31.79,37.71,45.42,-22.34,3.79,98.77,-18.55,80.23,,,,,
181,14.43,42.27,10.23,0,0.36,0,-2.52,-30.79,32.85,44.49,-22.7,3.83,111.31,-18.87,92.45,,,,,
191,14.07,31.04,9.94,0,0.24,0,0,-35.14,34.29,45.42,-20.86,3.81,99.86,-17.05,82.81,,,,,
201,13.28,39.91,8.58,0,0.16,0,-3.22,-32.91,30.47,45.28,-21.81,3.77,101.55,-18.04,83.51,,,,,
211,13.06,38.33,10.57,0,0.17,0,-3.75,-32.33,32.25,46.62,-22.6,3.84,104.93,-18.76,86.16,,,,,
221,11.49,37.03,6.36,0,0.32,0,-1.13,-32.45,32.01,46.83,-22.85,3.82,100.46,-19.04,81.43,,,,,
231,15.18,32.55,12.96,0,0.41,0,-3.35,-31.39,32.17,45.66,-23.03,3.81,104.2,-19.22,84.98,,,,,
241,13.62,33.37,10.94,0,0.08,0,-3.41,-32.76,30.85,45.59,-22.17,3.8,98.27,-18.37,79.9,,,,,
251,14.69,38.35,3.42,0,0.24,0,-1.69,-32,30.72,46.07,-23.11,3.8,99.79,-19.31,80.48,,,,,
261,9.14,35.16,10.55,0,0.08,0,-2.95,-32.23,34.91,45.11,-23.22,3.84,99.78,-19.39,80.39,,,,,
271,10.56,35.75,12.93,0,0.2,0,-4.41,-33.65,34.62,46.12,-21.59,3.79,102.12,-17.8,84.31,,,,,
281,12.54,36.91,7.15,0,0.35,0,-3.31,-32.21,31.26,44.59,-22.16,3.81,97.29,-18.34,78.95,,,,,
291,16.43,33.51,10.7,0,0.3,0,-4.07,-32.39,28.41,44.84,-22.58,3.79,97.74,-18.79,78.95,,,,,
301,14.65,39.76,5.81,0,0.12,0,-2.01,-30.8,27.71,44.59,-23.67,3.84,99.82,-19.83,79.99,,,,,
311,13.93,42.16,8.41,0,0.27,0,-1.82,-31.63,31.98,44.65,-22.39,3.79,107.95,-18.6,89.35,,,,,
321,13.57,37.04,10.06,0,0.16,0,-1.36,-33.12,35.72,46.44,-22.3,3.8,108.51,-18.5,90.01,,,,,
331,14.89,35.64,1.95,0,0.34,0,2.01,-32.29,31.72,46.43,-23.04,3.79,100.7,-19.25,81.45,,,,,
341,16.48,40.82,1.35,0,0.19,0,-0.21,-31.94,32.82,45.65,-22.75,3.82,105.16,-18.93,86.22,,,,,
351,15.35,39.31,8.44,0,0.32,0,-3.12,-33.75,33.1,46.27,-21.36,3.82,105.92,-17.54,88.39,,,,,
361,15.59,30.63,16.2,0,0.21,0,-3.19,-33.81,30.88,45.94,-22.76,3.79,102.45,-18.97,83.48,,,,,
371,13.09,37.35,13.79,0,0.11,0,-5.15,-33.11,29.01,45.02,-21.62,3.8,100.1,-17.82,82.29,,,,,
381,11.73,36.45,5.28,0,0.14,0,-3.63,-33.03,34.28,46.21,-22.21,3.82,97.43,-18.4,79.03,,,,,
391,12.32,32.14,8.58,0,0.18,0,-3.42,-32.59,31.37,45.26,-22.38,3.81,93.84,-18.57,75.26,,,,,
401,14.32,33.98,6.69,0,0.32,0,-3.26,-31.85,30.67,45.84,-23.08,3.8,96.71,-19.28,77.44,,,,,
411,17.51,31.28,11.02,0,0.19,0,-3.16,-33.44,28.33,44.94,-21.7,3.76,96.68,-17.94,78.74,,,,,
421,18.27,29.9,3.54,0,0.34,0,-0.42,-31.08,29.92,45.12,-23.58,3.84,95.58,-19.75,75.84,,,,,
431,15.61,39.36,14.1,0,0.2,0,-4.67,-33.09,33.97,46.05,-22.54,3.78,111.53,-18.76,92.77,,,,,
441,22.4,34.13,10.29,0,0.55,0,-4.14,-33.39,29.96,46.22,-21.9,3.76,106.01,-18.14,87.87,,,,,
451,15.63,31.75,17.5,0,0.28,0,-2.2,-32.83,30.93,45.17,-21.99,3.78,106.23,-18.21,88.03,,,,,
461,22.58,39.08,9.1,0,0.15,0,-2.26,-33.29,30.11,45.48,-21.7,3.83,110.96,-17.87,93.09,,,,,
471,16.66,39.89,7.45,0,0.07,0,-1.33,-34.27,28.37,45.86,-22.13,3.8,102.7,-18.33,84.36,,,,,
481,18.33,37.23,5.51,0,0.14,0,-0.44,-31.06,32.45,44.01,-23.14,3.83,106.17,-19.31,86.86,,,,,
491,16.6,41.98,10.9,0,0.21,0,-4.87,-33.07,27.82,46.13,-22.9,3.81,105.7,-19.09,86.61,,,,,
501,10.51,29.27,11.67,0,0.26,0,-3.88,-35.79,34.64,48.14,-20.82,3.71,94.82,-17.11,77.71,,,,,
511,10.71,32.16,11.67,0,0.28,0,-3.67,-30.53,30.59,43.45,-23.55,3.85,94.65,-19.7,74.95,,,,,
521,11.26,29.04,12.77,0,0.18,0,-3.09,-32.44,34.93,45.93,-22.75,3.77,98.58,-18.98,79.6,,,,,
531,16.11,32.14,16.01,0,0.99,0,-2.09,-33.22,32.34,46.24,-22.46,3.78,108.51,-18.68,89.83,,,,,
541,13.08,33.88,10.95,0,0.05,0,-3.48,-31.61,33.35,44.36,-22.6,3.8,100.59,-18.81,81.78,,,,,
551,15.28,43,14.97,0,0.62,0,-4.93,-31.89,36.51,44.77,-22.81,3.77,118.34,-19.04,99.29,,,,,
561,12.17,32.83,15.41,0,0.24,0,-5.28,-31.17,33.57,43.81,-22.88,3.78,101.57,-19.1,82.47,,,,,
571,12.58,39.27,5.39,0,0.17,0,0.42,-31.2,33.81,45,-22.37,3.82,105.43,-18.55,86.89,,,,,
581,13.13,29.39,13.95,0,0.08,0,-4.52,-32.54,33.89,45.4,-23,3.8,98.79,-19.2,79.59,,,,,
591,14.16,32.04,11,0,0.47,0,-1.87,-32.46,32.26,46.38,-21.9,3.78,101.97,-18.12,83.85,,,,,
601,13.4,35.22,14.69,0,0.35,0,-0.99,-34.36,32.91,45.7,-20.94,3.77,106.93,-17.17,89.77,,,,,
611,13.48,42.72,11.24,0,0.1,0,-4.57,-32.59,33.08,45.05,-22.11,3.81,108.5,-18.29,90.21,,,,,
621,12.42,37.95,13.3,0,0.25,0,-4.79,-34.75,31.2,45.6,-21.34,3.79,101.18,-17.55,83.63,,,,,
631,13.1,41.86,7.74,0,0.17,0,-5.59,-31.99,28.84,45.15,-23.34,3.86,99.27,-19.48,79.8,,,,,
641,9.1,31.36,11.34,0,0.24,0,-2.91,-32.65,34.89,45.78,-21.89,3.77,97.16,-18.12,79.04,,,,,
651,13.41,35.34,13.07,0,0.12,0,-5.99,-33.49,32.79,46.26,-22.19,3.78,101.52,-18.41,83.11,,,,,
661,19.07,46.55,6.61,0,0.07,0,-3.93,-31,31.61,44.04,-23.17,3.82,113.02,-19.34,93.67,,,,,
671,12.39,37.77,6,0,0.1,0,-2.29,-31.94,33.08,45.72,-22.07,3.84,100.83,-18.23,82.6,,,,,
681,17.23,41.25,8.73,0,0.29,0,-0.59,-34.38,27.66,45.28,-21.18,3.78,105.46,-17.4,88.06,,,,,
691,18.3,31.56,14.84,0,0.2,0,-1.88,-33.02,29.74,43.8,-22.08,3.78,103.54,-18.3,85.24,,,,,
701,20.48,30.59,11.4,0,0.1,0,-3.89,-32.88,28.1,46.06,-23.16,3.8,99.95,-19.36,80.59,,,,,
711,13.06,44.58,8.53,0,0.08,0,-5.08,-34.1,29.92,45.1,-20.9,3.82,102.09,-17.08,85.01,,,,,
721,17.44,28.83,7.77,0,0.44,0,-4.17,-32.32,28.03,44.29,-22.22,3.79,90.31,-18.43,71.89,,,,,
731,14.76,33.98,12.9,0,0.15,0,-4.6,-33.04,32.94,45.13,-21.68,3.79,102.24,-17.89,84.35,,,,,
741,13.46,35.89,10.94,0,0.36,0,-4.32,-32.02,30.63,45.39,-23.13,3.85,100.33,-19.28,81.05,,,,,
751,16.39,28.51,11.85,0,0.09,0,-3.65,-31.89,31.26,45.04,-22.65,3.8,97.61,-18.85,78.76,,,,,
761,17.11,33.62,11.13,0,0.13,0,-3.52,-33.7,33.85,45.7,-22.53,3.78,104.33,-18.75,85.58,,,,,
771,13.28,29.39,11.16,0,0.09,0,-2.59,-32.78,33.16,45.87,-22.48,3.76,97.58,-18.72,78.86,,,,,
781,18.07,43.92,9.14,0,0.16,0,-4.65,-31.23,29.28,44.45,-23.16,3.86,109.14,-19.3,89.84,,,,,
791,12.23,34.22,8.79,0,0.13,0,-2.01,-33.91,33.79,46.84,-21.97,3.81,100.07,-18.16,81.91,,,,,
801,13.67,33.99,10.7,0,0.21,0,-0.82,-33.81,32.39,46.53,-22.97,3.77,102.86,-19.2,83.65,,,,,
811,16.96,33.29,10.83,0,0.18,0,-2.23,-33.27,28.62,45.15,-22.29,3.78,99.53,-18.51,81.02,,,,,
821,13.8,37.63,13.88,0,0.27,0,-1.67,-32.56,29.85,44.88,-23.11,3.81,106.07,-19.31,86.76,,,,,
831,15.57,34.5,7.83,0,0.1,0,-3.83,-33.24,27.98,44.73,-22.16,3.8,93.64,-18.36,75.28,,,,,
841,9.72,36.94,11.92,0,0.21,0,-2.91,-33.2,37.32,44.35,-22.05,3.77,104.34,-18.29,86.06,,,,,
851,12.89,45.59,4.63,0,0.15,0,-3.1,-31.38,32.22,45.5,-22.77,3.85,106.5,-18.92,87.58,,,,,
861,18.23,37.91,6.39,0,0.08,0,-3.83,-32.22,27.87,45.48,-23,3.85,99.92,-19.14,80.78,,,,,
871,13.65,34.73,9.3,0,0.35,0,-3,-30.77,32.06,44.64,-22.63,3.84,100.96,-18.79,82.17,,,,,
881,18.79,37.42,6.32,0,0.16,0,-2.18,-29.7,31.58,43.45,-23.54,3.86,105.82,-19.68,86.14,,,,,
891,14.35,39.26,8.13,0,0.14,0,-3.93,-31.97,32.16,44.99,-23.2,3.83,103.14,-19.37,83.77,,,,,
901,18.47,44.2,6.79,0,0.27,0,-2.85,-32.37,27.08,45.25,-22.23,3.86,106.84,-18.37,88.47,,,,,
911,19.57,34.42,1.05,0,0.1,0,-2.95,-32.08,29.92,45.78,-22.62,3.85,95.81,-18.77,77.04,,,,,
921,11.89,35.74,12.69,0,0.19,0,-4.24,-33.58,33.14,45.53,-21.27,3.82,101.36,-17.46,83.9,,,,,
931,14.02,42.08,1.88,0,0.38,0,-2.88,-32.19,32.75,46.77,-23.13,3.87,102.82,-19.26,83.56,,,,,
941,17.36,38.51,5.09,0,0.19,0,-0.75,-31.23,34.62,45.17,-23.69,3.86,108.96,-19.83,89.13,,,,,
951,15.46,48.66,0.62,0,0.34,0,-2.1,-32.41,36.85,46.35,-22.24,3.83,113.77,-18.4,95.37,,,,,
961,15.46,41.3,10.92,0,0.15,0,-2.93,-33.33,29.92,44.63,-22.14,3.84,106.13,-18.3,87.82,,,,,
971,18.4,40.65,6.3,0,0.69,0,-1.02,-30.85,32.05,44.54,-24.31,3.89,110.77,-20.42,90.34,,,,,
981,19.26,33.85,6.79,0,0.31,0,-4.13,-31.97,27.94,44.91,-22.16,3.86,96.96,-18.3,78.66,,,,,
991,17.13,41.94,5.62,0,0.29,0,-3.34,-32.5,31.75,44.67,-21.01,3.81,105.57,-17.2,88.37,,,,,
1001,17.23,35.84,8.08,0,0.18,0,-3.91,-30.43,25.72,43.83,-23.48,3.88,96.54,-19.6,76.94,,,,,
1011,12.28,35.42,2.58,0,0.33,0,-3.22,-32.78,32.03,45.87,-22.81,3.78,92.52,-19.03,73.49,,,,,
1021,11.35,43.87,1.54,0,0.1,0,-3.26,-32.85,31.76,46.45,-22.49,3.86,98.95,-18.62,80.33,,,,,
1031,11.83,38.72,4.93,0,0.26,0,-2.28,-33.41,35.86,46.91,-21.69,3.78,102.84,-17.91,84.93,,,,,
1041,13.53,33.97,6.99,0,0.2,0,-2.86,-32.63,35.62,44.87,-21.02,3.79,99.69,-17.23,82.46,,,,,
1051,27.63,43.16,-0.1,0,0.12,0,-2.68,-31.94,29.33,45.78,-23.21,3.84,111.3,-19.37,91.93,,,,,
1061,16.49,40.56,5.46,0,0.28,0,-4.29,-31.69,31.95,45.53,-23.06,3.84,104.27,-19.22,85.05,,,,,
1071,11.13,39.24,3.16,0,0.2,0,1.42,-32.36,35.58,46.09,-22.55,3.83,104.45,-18.73,85.72,,,,,
1081,13.49,35.57,2.03,0,0.13,0,-1.2,-30.78,31.6,44.07,-23.25,3.84,94.9,-19.4,75.5,,,,,
1091,21.79,38.39,2.61,0,0.11,0,-1.51,-30.59,27.6,44.63,-23.5,3.87,103.04,-19.63,83.41,,,,,
1101,14.98,36.51,2.9,0,0.27,0,-3.06,-30.54,31.37,45.38,-23.47,3.87,97.8,-19.6,78.2,,,,,
1111,19.54,37.5,3.94,0,0.33,0,-2.99,-31.28,29.83,44.46,-22.63,3.85,101.32,-18.78,82.54,,,,,
1121,16.37,34.3,3.42,0,0.13,0,-1.47,-30.93,32.62,44.88,-22.65,3.83,99.31,-18.81,80.49,,,,,
1131,23.66,42.42,6.57,0,0.1,0,-3.18,-32.31,31.04,45.38,-22.79,3.83,113.68,-18.96,94.72,,,,,
1141,14.06,44.49,4.32,0,0.31,0,-0.45,-30.88,32.55,44.52,-22.35,3.84,108.91,-18.5,90.4,,,,,
1151,17.66,37.66,0.11,0,0.3,0,0.31,-31.44,28.38,45.89,-23.03,3.83,98.86,-19.19,79.67,,,,,
1161,18.76,40.1,5.56,0,0.21,0,-2.15,-30.84,30.53,45.41,-24.44,3.87,107.58,-20.58,87.01,,,,,
1171,13.02,35.35,4.77,0,0.15,0,-3.96,-32.46,32.49,46.36,-22.78,3.82,95.71,-18.95,76.76,,,,,
1181,12.94,36.67,8.36,0,0.23,0,0.65,-33.81,33.4,47.57,-21.78,3.8,106,-17.97,88.03,,,,,
1191,13.11,33.6,12.05,0,0.14,0,-3.64,-34.09,29.9,45.21,-21.35,3.8,96.27,-17.55,78.72,,,,,
1201,11.74,31.01,12.64,0,0.28,0,-2.63,-33.08,32.85,44.74,-21.88,3.81,97.54,-18.07,79.48,,,,,
1211,13.57,32.32,12.98,0,0.14,0,-1.46,-34.75,31.49,45.38,-21.47,3.76,99.66,-17.71,81.95,,,,,
1221,17.41,27.64,16.26,0,0.33,0,-5.05,-35.93,28.98,46.55,-21.68,3.86,96.21,-17.82,78.39,,,,,
1231,8.37,36.27,16.82,0,0.15,0,-5.81,-36.41,31.98,45.44,-20.73,3.82,96.8,-16.92,79.89,,,,,
1241,14.36,32.75,11.35,0,0.31,0,-3.18,-34.73,31.56,46.93,-21.57,3.81,99.37,-17.76,81.61,,,,,
1251,13.91,33.02,16.05,0,0.13,0,-3.21,-36.98,34.11,46.02,-19.69,3.78,103.05,-15.9,87.15,,,,,
1261,11.55,40.42,9.95,0,0.09,0,-3.8,-33.34,28.72,45.91,-22.29,3.83,99.5,-18.46,81.04,,,,,
1271,17.29,31.13,14.45,0,0.18,0,-4.05,-37.6,28.98,45.78,-18.71,3.74,96.16,-14.97,81.18,,,,,
1281,10,42.15,14.24,0,0.23,0,-2.82,-34.71,34.11,45.67,-21.29,3.75,108.87,-17.54,91.33,,,,,
1291,15.74,34.08,7.03,0,0.23,0,-2.25,-34.12,31.43,45.87,-21.75,3.78,98.01,-17.97,80.03,,,,,
1301,16.98,39.69,9.14,0,0.17,0,-3.5,-33.23,32.38,44.26,-21.14,3.78,105.89,-17.36,88.53,,,,,
1311,13.58,39.63,9.73,0,0.11,0,-2.62,-34.14,33.04,46.19,-22.47,3.77,105.51,-18.69,86.82,,,,,
1321,16.6,35.62,14.58,0,0.28,0,-0.61,-33.49,29.04,45.85,-22.56,3.84,107.86,-18.72,89.14,,,,,
1331,11.73,40.02,11.15,0,0.35,0,0.58,-33.69,32.25,45.82,-22.3,3.77,108.21,-18.53,89.68,,,,,
1341,24.04,34.03,8.82,0,0.12,0,-2.54,-32.31,27.09,44.21,-22.98,3.79,103.46,-19.19,84.27,,,,,
1351,16.68,41.31,9.89,0,0.37,0,-2.81,-32.6,32.69,44.78,-21.8,3.76,110.32,-18.04,92.28,,,,,
1361,12.34,30.86,16.64,0,0.33,0,-4.5,-33.39,36.04,46.38,-21.76,3.77,104.7,-17.99,86.72,,,,,
1371,11.61,32.84,14.09,0,0.12,0,-3.78,-33.67,33.71,44.89,-21.49,3.8,99.81,-17.69,82.12,,,,,
1381,12.28,30.55,16.47,0,0.21,0,-4.37,-33.25,33.35,45.42,-22.26,3.74,100.64,-18.52,82.12,,,,,
1391,18.97,33.4,8.87,0,0.3,0,-4.45,-31.91,30.08,44.48,-23.25,3.83,99.74,-19.42,80.32,,,,,
1401,13.02,36.92,3.54,0,0.08,0,-2.96,-32.92,32.94,46.6,-21.85,3.77,97.23,-18.09,79.14,,,,,
1411,11.89,35.34,5.07,0,0.05,0,-1.67,-33.79,31.69,46.29,-22.22,3.81,94.88,-18.42,76.46,,,,,
1421,10.54,35.18,13.47,0,0.19,0,-3.22,-33.1,33.61,45.58,-22.97,3.8,102.24,-19.18,83.07,,,,,
1431,10.04,38.49,12.18,0,0.47,0,-4.32,-33.51,32.08,46.48,-22.17,3.78,101.92,-18.39,83.52,,,,,
1441,16.48,36.45,4.89,0,0.07,0,-3.16,-30.85,29.92,44.77,-24.31,3.85,98.57,-20.47,78.1,,,,,
1451,15.74,38.49,14.83,0,0.43,0,-4.68,-33.9,32.78,45.16,-21.59,3.75,108.85,-17.85,91,,,,,
1461,16.37,42.13,12.21,0,0.23,0,-2.42,-32.24,30.92,44.46,-22.45,3.8,111.66,-18.66,93,,,,,
1471,9.71,37.49,20.44,0,0.27,0,-5.57,-34.38,34.85,46.07,-21.56,3.81,108.88,-17.75,91.13,,,,,
1481,14.36,35.11,10.83,0,0.41,0,-3.3,-34.52,30.67,45.79,-22.11,3.8,99.35,-18.32,81.04,,,,,
1491,9.87,36.61,12.24,0,0.32,0,-1.01,-33.56,33.42,45.09,-20.85,3.77,102.98,-17.07,85.9,,,,,
1501,10.9,37.01,16.93,0,0.25,0,-5.85,-34.24,31.59,46.02,-22.52,3.76,102.6,-18.76,83.84,,,,,
1511,15.65,34.64,10.22,0,0.46,0,-3.55,-33.86,31.79,45.79,-21.54,3.82,101.14,-17.72,83.42,,,,,
1521,14.4,31.37,8.36,0,0.12,0,-1.67,-32.27,30.28,45.58,-22.39,3.79,96.15,-18.59,77.56,,,,,
1531,8.09,40.86,10.83,0,0.22,0,-3.16,-33.84,35.17,45.6,-21.7,3.76,103.78,-17.94,85.84,,,,,
1541,15.42,39.2,8.85,0,0.49,0,-4.27,-31.06,31.6,44.46,-23.17,3.84,104.69,-19.33,85.36,,,,,
1551,10.42,36.84,11.5,0,0.14,0,-4.72,-34.31,30.14,45.73,-21.08,3.78,95.74,-17.3,78.45,,,,,
1561,11,35.89,15.7,0,0.19,0,-4.89,-33.25,34.26,45.05,-21.23,3.78,103.95,-17.45,86.5,,,,,
1571,22.7,42.21,11.61,0,0.14,0,-4.61,-33.11,27.9,45.63,-22.81,3.81,112.46,-19,93.46,,,,,
1581,15.05,33.58,12.61,0,0.2,0,-5.57,-34.66,32.48,47.5,-21.76,3.77,101.2,-17.99,83.21,,,,,
1591,18.97,50.67,2.51,0,0.57,0,0.74,-34.74,29.57,45.36,-20.83,3.77,113.66,-17.06,96.6,,,,,
1601,19.05,35.13,7.84,0,0.17,0,0.68,-34.12,28.82,46.43,-22.27,3.78,103.99,-18.49,85.5,,,,,
1611,12.33,38.07,6.67,0,0.17,0,-0.76,-34.9,30.89,46.12,-21.23,3.78,98.59,-17.45,81.14,,,,,
1621,16.91,37.41,7.12,0,0.1,0,-1.98,-33.98,30.95,45.97,-21.65,3.78,102.49,-17.88,84.62,,,,,
1631,12.53,38.38,8.61,0,0.13,0,-1.94,-33.14,31.86,45.6,-23.24,3.78,102.04,-19.46,82.58,,,,,
1641,11.16,39.14,7.15,0,0.3,0,-0.63,-32.81,28.85,44.45,-21.83,3.77,97.61,-18.06,79.55,,,,,
1651,13.97,32.12,5.6,0,0.17,0,2.29,-35.34,30.98,46.74,-21.01,3.75,96.52,-17.25,79.27,,,,,
1661,14.91,42.45,6.35,0,0.18,0,-0.9,-34.37,30.4,46.08,-21.33,3.8,105.1,-17.53,87.57,,,,,
1671,15.85,35.44,13.98,0,0.09,0,-5.94,-33.33,28.8,45.05,-22.68,3.81,99.93,-18.88,81.05,,,,,
1681,14.92,31.78,9.64,0,0.12,0,-1.8,-33.72,32.33,46.13,-22.71,3.81,99.4,-18.89,80.5,,,,,
1691,16.29,39.22,10.38,0,0.55,0,-2.05,-32.83,32.23,45.67,-22.32,3.79,109.46,-18.53,90.93,,,,,
1701,17.84,46.32,-0.21,0,0.33,0,-1.82,-30.99,30.92,44.37,-22.26,3.83,106.76,-18.43,88.33,,,,,
1711,7.34,43.56,6.08,0,0.36,0,-5.31,-33.32,33.93,45.8,-21.62,3.8,98.43,-17.82,80.6,,,,,
1721,16.7,34.55,6.95,0,0.13,0,-3.24,-32.96,33.17,45.33,-21.61,3.76,100.63,-17.85,82.78,,,,,
1731,10.18,33.93,6.79,0,0.1,0,-0.97,-32.87,33.94,45.89,-22.06,3.78,96.99,-18.28,78.71,,,,,
1741,11.23,30.19,17,0,0.26,0,-4.21,-32.72,31.98,45.12,-22.43,3.85,98.85,-18.58,80.27,,,,,
1751,16.39,35.33,10.77,0,0.29,0,-2.59,-33,31.75,45.91,-22.68,3.84,104.84,-18.84,86,,,,,
1761,18.38,32.89,4.41,0,0.23,0,-1.56,-31.15,31.34,44.85,-23.17,3.84,99.41,-19.33,80.07,,,,,
1771,15.82,38.61,6.94,0,0.37,0,-2.99,-32.88,31.7,44.86,-22.39,3.79,102.43,-18.6,83.83,,,,,
1781,19.16,38.83,5.41,0,0.16,0,-1.36,-31.82,31.48,44.74,-23.36,3.82,106.58,-19.55,87.03,,,,,
1791,18.86,44.82,8.47,0,0.21,0,-3.81,-34.04,35.44,46.71,-21.73,3.79,116.67,-17.94,98.73,,,,,
1801,13.98,28.78,9.84,0,0.4,0,-3.17,-33.46,36.3,45.31,-21.22,3.78,97.98,-17.44,80.54,,,,,
1811,11.33,31.25,1.84,0,0.07,0,-0.54,-31.46,33.63,44.8,-22.86,3.81,90.92,-19.05,71.88,,,,,
1821,13.82,36.99,14.79,0,0.39,0,-2.29,-34.49,28.98,45.09,-21.08,3.76,103.27,-17.32,85.95,,,,,
1831,19.27,38.33,11.06,0,0.1,0,-5.08,-34.68,33.28,46.04,-20.99,3.79,108.31,-17.2,91.11,,,,,
1841,13.89,34.67,3.97,0,0.16,0,-3.41,-33.05,34.32,46.13,-21.65,3.77,96.68,-17.88,78.79,,,,,
1851,15.74,41.25,8.55,0,0.13,0,-3.2,-33.36,31.55,46.52,-22.46,3.82,107.18,-18.64,88.53,,,,,
1861,11.27,35.25,10.21,0,0.13,0,-4.02,-33,36.14,45.54,-21.38,3.78,101.52,-17.6,83.92,,,,,
1871,19.83,31.7,7.71,0,0.23,0,-2.61,-33.42,31.25,46.56,-21.63,3.79,101.24,-17.84,83.4,,,,,
1881,18.75,37.38,12.09,0,0.53,0,-4.03,-33.06,28.11,45.24,-22.13,3.8,105.02,-18.33,86.69,,,,,
1891,15.04,35.86,11.15,0,0.49,0,-4.58,-31.95,30.77,46,-22.83,3.76,102.78,-19.08,83.7,,,,,
1901,7.94,37.7,7.84,0,0.08,0,-3.49,-32.63,35.55,46.27,-22.47,3.82,99.27,-18.65,80.62,,,,,
1911,17.1,31.51,16.35,0,0.11,0,-5.86,-34.2,29.23,45.75,-21.71,3.82,99.99,-17.89,82.09,,,,,
1921,11.95,29.49,7.9,0,0.08,0,-2.84,-32.15,32.13,45.12,-22.24,3.81,91.68,-18.44,73.24,,,,,
1931,12.33,40.93,4.23,0,0.26,0,-3.28,-31.51,35.13,46.43,-23.55,3.85,104.53,-19.69,84.83,,,,,
1941,15.85,41.2,3.21,0,0.14,0,-3.31,-31.21,30.82,46.42,-23.5,3.84,103.13,-19.65,83.47,,,,,
1951,17.53,38.77,-1.35,0,0.07,0,-3.26,-32.54,35.5,46.39,-22.94,3.78,101.11,-19.17,81.94,,,,,
1961,16.45,32.53,5.75,0,0.07,0,-5.14,-32.2,30.98,46.25,-23.32,3.85,94.69,-19.47,75.22,,,,,
1971,16.4,37.87,6.56,0,0.45,0,-0.58,-33.81,32.6,46.71,-21.74,3.78,106.2,-17.96,88.23,,,,,
1981,12.92,31.9,10.93,0,0.43,0,-3.07,-32.11,35.92,45.51,-22.78,3.81,102.43,-18.97,83.45,,,,,
1991,13.89,36.75,5.66,0,0.08,0,-1.51,-31.06,31.36,44.93,-23.18,3.83,100.1,-19.35,80.74,,,,,
2001,12.61,32.01,14.35,0,0.64,0,-1.49,-34.3,33.09,45.38,-20.74,3.76,102.3,-16.98,85.32,,,,,
2011,19.51,37.61,5.03,0,0.11,0,-3.85,-32.12,29.01,46.03,-22.22,3.85,101.32,-18.37,82.95,,,,,
2021,17.36,33.35,12.4,0,0.2,0,-5.9,-32.4,31.07,45.22,-22.69,3.83,101.32,-18.86,82.46,,,,,
2031,11.35,39.63,9.4,0,0.16,0,-3.04,-33.71,33.87,46.21,-21.77,3.81,103.87,-17.97,85.9,,,,,
2041,22.61,39.15,12.03,0,0.15,0,-2.53,-33.76,30.63,45.89,-22.06,3.8,114.17,-18.25,95.91,,,,,
2051,16.64,34.3,12.01,0,0.51,0,-4.64,-33.69,29.49,45.85,-22.27,3.81,100.47,-18.46,82.01,,,,,
2061,23.64,38.58,9.61,0,0.12,0,-4.34,-32.31,24.9,44.95,-22.64,3.86,105.16,-18.78,86.38,,,,,
2071,12.23,42.02,2.71,0,0.41,0,-0.37,-31.03,34.22,44.71,-22.79,3.82,104.89,-18.97,85.92,,,,,
2081,17.85,25.39,12.51,0,0.17,0,-3,-32.57,32.89,44.56,-21.61,3.79,97.8,-17.81,79.99,,,,,
2091,15.57,33.92,10.85,0,0.06,0,-4.98,-35.19,28.25,46.31,-20.99,3.8,94.77,-17.19,77.58,,,,,
2101,11.19,33.05,19.49,0,0.34,0,-5.32,-35.05,33.37,45.19,-20.47,3.78,102.27,-16.7,85.57,,,,,
2111,11.91,36.05,1.97,0,0.4,0,-1.46,-31.3,34.25,46.06,-22.33,3.79,97.89,-18.54,79.35,,,,,
2121,15.58,34.34,8.18,0,0.12,0,-2.08,-31.77,33.43,44.89,-23.12,3.81,102.69,-19.31,83.38,,,,,
2131,21.91,34.32,6.71,0,0.11,0,-2.35,-31.55,30.58,44.14,-22.92,3.83,103.86,-19.08,84.78,,,,,
2141,12.15,38.96,4.29,0,0.26,0,-4.67,-31.6,31.66,44.97,-22.68,3.83,96.03,-18.86,77.17,,,,,
2151,14.7,36.46,1.93,0,0.08,0,1.97,-30.59,31.09,44.78,-23,3.85,100.42,-19.15,81.27,,,,,
2161,15.81,40.35,-0.77,0,0.19,0,1.32,-31.93,32.47,45.18,-22.34,3.8,102.62,-18.54,84.08,,,,,
2171,17.13,52.21,13.08,0,0.12,0,-0.04,-31.21,29.49,44.02,-24.43,3.82,124.81,-20.61,104.2,,,,,
2181,11.44,41.13,6.24,0,0.08,0,-0.67,-32.97,33.7,45.77,-21.43,3.76,104.71,-17.66,87.05,,,,,
2191,17.14,32.33,3.68,0,0.31,0,-1.02,-32.01,32.32,45.38,-22.7,3.78,98.13,-18.92,79.21,,,,,
2201,14.31,29.37,11.19,0,0.18,0,-3.56,-32.38,33.4,46.46,-22.72,3.82,98.96,-18.9,80.06,,,,,
2211,13.81,30.45,8.19,0,0.25,0,-2.42,-32.98,34.9,45.9,-22.09,3.79,98.11,-18.3,79.8,,,,,
2221,17.14,33.47,9.17,0,0.22,0,-2.77,-31.88,30.64,45.2,-22.78,3.8,101.19,-18.98,82.21,,,,,
2231,19.21,34.11,4.25,0,0.15,0,-2.37,-31.16,28.95,44.39,-22.93,3.86,97.52,-19.06,78.46,,,,,
2241,8.96,37.84,8.76,0,0.17,0,-2.81,-31.01,31.68,44.06,-23.06,3.84,97.65,-19.23,78.43,,,,,
2251,12.35,35.53,4.24,0,0.14,0,-3.09,-31.49,32.79,44.71,-21.58,3.81,95.17,-17.76,77.41,,,,,
2261,14.93,34.76,13.76,0,0.23,0,-2.95,-32.67,30.96,44.02,-22.45,3.81,103.04,-18.64,84.4,,,,,
2271,17.55,33.03,7.56,0,0.3,0,-3.73,-34.59,29.69,46.55,-20.73,3.8,96.37,-16.93,79.44,,,,,
2281,22.11,35.47,8.25,0,0.12,0,-3.81,-32.12,29.21,44.83,-22.97,3.8,104.06,-19.16,84.89,,,,,
2291,13.39,32.78,9.1,0,0.19,0,-3.28,-31.73,30.2,43.84,-22.38,3.85,94.49,-18.53,75.95,,,,,
2301,23.29,32.12,10,0,0.58,0,-3.37,-33.45,29.19,45.3,-21.54,3.79,103.67,-17.74,85.92,,,,,
2311,15.8,39.42,3.7,0,0.14,0,-2.12,-31.79,30.74,44.7,-21.87,3.8,100.6,-18.08,82.52,,,,,
2321,13.07,35.57,13.37,0,0.29,0,-2.44,-37.43,32.19,48.02,-20.52,3.75,102.64,-16.77,85.88,,,,,
2331,21.7,41.71,12.95,0,0.14,0,-4.93,-34.06,28.62,46.4,-21.75,3.82,112.53,-17.92,94.6,,,,,
2341,13.85,35.75,9.24,0,0.42,0,-3.82,-32.95,29.67,45.14,-21.83,3.78,97.29,-18.05,79.25,,,,,
2351,21.89,29.45,7.33,0,0.2,0,-2.31,-34.06,26.17,45.11,-21.14,3.8,93.78,-17.34,76.44,,,,,
2361,11.05,30.31,10.93,0,0.28,0,-4.16,-31.66,33.8,44.22,-22.39,3.79,94.77,-18.59,76.17,,,,,
2371,16.14,33.18,10.14,0,0.3,0,-3.4,-33.49,31.89,44.88,-21.76,3.78,99.64,-17.98,81.66,,,,,
2381,17.86,32.86,10.64,0,0.12,0,-3.54,-33.15,29.28,44.82,-21.26,3.79,98.88,-17.47,81.41,,,,,
2391,14.96,35.38,6.75,0,0.17,0,-1.63,-31.81,32.21,45.71,-23.02,3.82,101.73,-19.2,82.54,,,,,
2401,9.91,40.78,3.32,0,0.12,0,-3.01,-31.54,31.89,45.79,-23.13,3.83,97.25,-19.3,77.95,,,,,
2411,16.29,35.66,7.81,0,0.31,0,-2.72,-32.67,28.53,45.72,-22.9,3.84,98.93,-19.06,79.87,,,,,
2421,16.89,36.96,15.82,0,0.59,0,-4.87,-32.45,30.64,43.68,-21.34,3.79,107.27,-17.55,89.72,,,,,
2431,12.72,31.33,2.23,0,0.09,0,2.52,-31.94,32.31,46.15,-21.99,3.81,95.4,-18.18,77.22,,,,,
2441,14.32,26.29,14.44,0,0.18,0,-5.33,-32.6,30.44,45.69,-22.61,3.81,93.42,-18.8,74.62,,,,,
2451,15.1,39.76,8.34,0,0.15,0,-3.15,-32.67,29.76,45.92,-22.22,3.77,103.21,-18.45,84.77,,,,,
2461,17.3,30.68,10.22,0,0.25,0,-1.34,-33.56,35.75,46.25,-20.84,3.73,105.55,-17.11,88.44,,,,,
2471,13.17,38.56,7.19,0,0.13,0,-2.82,-33.16,33.1,45,-21.1,3.8,101.18,-17.3,83.88,,,,,
2481,13.78,40.51,5.18,0,0.28,0,-1.7,-31.53,29.17,45.47,-23.36,3.88,101.16,-19.48,81.68,,,,,
2491,9.97,36.1,15.7,0,0.12,0,-5.9,-34.79,34.39,45.48,-20.67,3.8,101.07,-16.87,84.2,,,,,
2501,12.84,34.91,7.46,0,0.17,0,-2.43,-31.42,30.56,44.36,-22.01,3.84,96.45,-18.17,78.28,,,,,
2511,9.24,36.61,13.56,0,0.23,0,-3.12,-32.65,33.32,43.72,-20.57,3.76,100.92,-16.81,84.11,,,,,
2521,18.32,34.24,14.46,0,0.16,0,-6.13,-33.37,30.88,45.28,-21.19,3.8,103.83,-17.39,86.45,,,,,
2531,12.93,41.18,12.73,0,0.21,0,-3.67,-33.19,30.94,45.12,-21.26,3.8,106.26,-17.46,88.8,,,,,
2541,18.48,34.69,8.22,0,0.15,0,-4.51,-33.61,31.04,45.39,-21.73,3.81,99.85,-17.92,81.94,,,,,
2551,17.27,45.4,9.81,0,0.2,0,-2.51,-34.16,32.71,46.57,-21.69,3.76,115.3,-17.94,97.36,,,,,
2561,10.42,38.13,10.22,0,0.21,0,-3.93,-34.78,33.32,45.3,-20.71,3.8,98.89,-16.9,81.99,,,,,
2571,14.99,31,10.72,0,0.37,0,-1.7,-34.63,34.74,45.97,-21.37,3.78,101.47,-17.59,83.89,,,,,
2581,13.2,36.86,8.51,0,0.44,0,-3.69,-32.9,29.45,45.22,-21.81,3.86,97.09,-17.95,79.14,,,,,
2591,15.86,43.55,8.67,0,0.18,0,-4.12,-33.03,34.41,45.83,-22.01,3.84,111.34,-18.16,93.18,,,,,
2601,9.95,41.15,9.01,0,0.28,0,-2.87,-32.35,33.77,43.94,-21.57,3.81,102.87,-17.76,85.11,,,,,
2611,18.92,33.49,9.53,0,0.14,0,-1.91,-32.63,32.77,44.87,-22.07,3.8,105.18,-18.27,86.91,,,,,
2621,15.42,38.49,8.37,0,0.19,0,-5.19,-33.55,27.52,46.01,-22.64,3.86,97.26,-18.78,78.48,,,,,
2631,13.4,33.55,13.35,0,0.15,0,-5.17,-33.04,30.44,43.63,-21.09,3.82,96.3,-17.27,79.04,,,,,
2641,14.34,41.99,9.74,0,0.28,0,-2.2,-32.43,30.02,44.59,-22.18,3.81,106.35,-18.36,87.99,,,,,
2651,11.84,34.59,17.75,0,0.28,0,-5.3,-36.36,33.43,46.24,-20.51,3.78,102.47,-16.74,85.74,,,,,
2661,12.06,40.8,8.32,0,0.16,0,-3.09,-32.42,32.98,45.51,-22.47,3.84,104.33,-18.63,85.7,,,,,
2671,16.85,36.77,14.64,0,0.19,0,-4.77,-34.06,29.5,45.23,-21.39,3.85,104.35,-17.54,86.81,,,,,
2681,12.76,41.38,7.71,0,0.56,0,-3.83,-34.5,29.07,44.91,-19.93,3.81,98.06,-16.12,81.94,,,,,
2691,15.32,41.28,7.93,0,0.23,0,-4.12,-33.46,30.16,45.71,-21.58,3.8,103.05,-17.78,85.27,,,,,
2701,18.63,35.01,11.41,0,0.39,0,-5.99,-35.59,30,47.26,-21.19,3.79,101.12,-17.4,83.72,,,,,
2711,14.46,32.85,15.96,0,0.09,0,-3.92,-35.01,32.6,46,-20.49,3.79,103.03,-16.7,86.33,,,,,
2721,12.01,35.15,11.05,0,0.23,0,-4.45,-34.22,34.73,46.7,-21.76,3.84,101.21,-17.92,83.29,,,,,
2731,11.74,32.6,6.66,0,0.31,0,-4.39,-33.98,33.08,46.12,-21.16,3.81,92.14,-17.35,74.79,,,,,
2741,16.24,36.82,9.93,0,0.13,0,-4.14,-35.58,35.48,46.05,-20.42,3.79,104.93,-16.63,88.3,,,,,
2751,13.51,35.92,9.6,0,0.15,0,-4.89,-32.37,30.79,44.88,-22.32,3.84,97.6,-18.48,79.12,,,,,
2761,16,40.43,16.48,0,0.14,0,-5.23,-33.87,31.47,45.22,-22.56,3.78,110.64,-18.78,91.86,,,,,
2771,29.1,37.18,14.04,0,0.47,0,-5.44,-31.68,26.74,43.98,-22.84,3.84,114.39,-19,95.39,,,,,
2781,19.77,29.47,14.07,0,0.13,0,-5.42,-34.64,32.12,46.67,-21.64,3.79,102.17,-17.84,84.33,,,,,
2791,14.56,33.73,7.03,0,0.11,0,-2.21,-31.45,33.1,45.29,-23.06,3.82,100.16,-19.24,80.92,,,,,
2801,19.83,38.65,15.37,0,0.08,0,-4.68,-35.01,28.6,44.31,-20.56,3.78,107.16,-16.78,90.38,,,,,
2811,16.62,32.51,18.63,0,0.19,0,-5.38,-34.97,29.23,45.44,-20.7,3.81,102.27,-16.89,85.38,,,,,
2821,15.45,34.8,5.21,0,0.11,0,2.71,-32.04,33.94,45.97,-21.7,3.77,106.14,-17.93,88.21,,,,,
2831,13.49,32.84,15.22,0,0.1,0,-3.72,-33.89,32.28,45.8,-21.43,3.81,102.13,-17.63,84.51,,,,,
2841,16.2,30.11,13.79,0,0.21,0,-2.53,-34.2,27.18,45.06,-21.85,3.83,95.81,-18.02,77.79,,,,,
2851,11.99,37.09,15.2,0,0.23,0,-4.37,-34.42,31.21,44.19,-20.38,3.79,101.1,-16.59,84.51,,,,,
2861,14.47,28.08,15.26,0,0.17,0,-2.72,-36.15,30.13,45.81,-19.9,3.77,95.04,-16.13,78.91,,,,,
2871,21.97,36.13,9.67,0,0.07,0,-1.37,-32.78,27.65,45,-22.44,3.84,106.35,-18.6,87.75,,,,,
2881,8.89,40.25,16.64,0,0.18,0,-3.83,-35.21,33.05,45.13,-20.49,3.76,105.12,-16.73,88.39,,,,,
2891,20.02,31.48,15.75,0,0.61,0,-4.64,-33.91,27.71,44.57,-20.98,3.81,101.59,-17.17,84.42,,,,,
2901,18.95,34.66,17.14,0,0.29,0,-6.1,-33.45,31.49,45.24,-22.19,3.79,108.23,-18.4,89.83,,,,,
2911,12.86,31.9,11.39,0,0.14,0,-2.7,-34.15,35.67,47.17,-21.96,3.79,102.29,-18.16,84.13,,,,,
2921,16.84,31.02,12.4,0,0.24,0,-4.72,-32.6,29.23,45.73,-22.86,3.78,98.14,-19.08,79.07,,,,,
2931,16.24,30.52,10.37,0,0.38,0,-0.93,-33.49,30.87,45.78,-22.13,3.79,99.74,-18.34,81.39,,,,,
2941,19.28,34.15,5.61,0,0.24,0,-2.93,-31.49,30.16,45.42,-23.44,3.83,100.45,-19.61,80.84,,,,,
2951,16.71,35.66,10.66,0,0.08,0,-3.5,-34.49,29.41,46.2,-21.37,3.79,100.74,-17.59,83.16,,,,,
2961,20.63,27.95,12.65,0,0.24,0,-0.88,-36.5,25.97,45.63,-20.19,3.78,95.7,-16.42,79.29,,,,,
2971,17.61,31.42,10.94,0,0.48,0,-2.36,-34.21,30.02,46.4,-21.91,3.77,100.3,-18.14,82.16,,,,,
2981,20.11,36.91,7.33,0,0.22,0,-3.51,-33.29,30.7,46.03,-22.18,3.79,104.5,-18.38,86.12,,,,,
2991,10.61,26.84,14.09,0,0.29,0,1.07,-34.14,31.56,44.47,-20.66,3.75,94.81,-16.91,77.89,,,,,
3001,19.53,40.81,4.39,0,0.55,0,-1.48,-34.15,32.4,47.41,-22.34,3.79,109.46,-18.55,90.91,,,,,
3011,12.35,42.29,8.65,0,0.88,0,-1.64,-33.91,31.2,45.33,-21.15,3.76,105.14,-17.39,87.75,,,,,
3021,14.09,32.42,15.52,0,0.66,0,-2.2,-34.93,29.71,47.23,-20.47,3.76,102.5,-16.72,85.78,,,,,
3031,12.31,31.16,8.32,0,0.08,0,1.01,-32.86,31.67,45.03,-21.52,3.78,96.71,-17.75,78.96,,,,,
3041,15.78,37.62,8.44,0,0.12,0,-2.04,-35.85,30.55,48.09,-21.52,3.72,102.71,-17.8,84.91,,,,,
3051,16.3,36.34,11.21,0,0.26,0,-1.42,-33.89,28.42,45.67,-21.65,3.8,102.88,-17.85,85.02,,,,,
3061,15.17,32.49,4.53,0,0.07,0,0.4,-35.96,30.3,45.97,-20.81,3.81,92.97,-17,75.97,,,,,
3071,13.92,25.77,15.06,0,0.22,0,-4.76,-33.69,30.67,44.31,-21.12,3.82,91.49,-17.3,74.19,,,,,
3081,15.6,34.09,7.26,0,0.08,0,-2.97,-32.82,32.69,45.5,-22.62,3.77,99.44,-18.85,80.59,,,,,
3091,12.62,37.31,18.27,0,0.3,0,-1.13,-34.55,32.39,44.92,-21.58,3.77,110.12,-17.81,92.31,,,,,
3101,17.27,35.4,12.31,0,0.35,0,-5.71,-33.18,32.7,45.83,-23.45,3.76,104.95,-19.69,85.27,,,,,
3111,13.79,41.81,3.31,0,0.29,0,-2.22,-29.4,32.09,44.89,-24.04,3.86,104.55,-20.18,84.37,,,,,
3121,16.28,39.18,5.72,0,0.16,0,-2.8,-30.1,28.17,44.19,-24.47,3.84,100.8,-20.63,80.17,,,,,
3131,17.19,42.4,8.49,0,0.06,0,-1.67,-33.73,30.88,46.78,-22.83,3.76,110.42,-19.07,91.35,,,,,
3141,14.9,37.21,11.14,0,0.46,0,-1.6,-33.35,32.35,43.8,-21.43,3.82,104.91,-17.62,87.3,,,,,
3151,14.25,37.23,15.06,0,0.36,0,-5.89,-32.97,30.83,46.48,-22.47,3.79,105.35,-18.67,86.67,,,,,
3161,12.75,43.28,-0.28,0,0.11,0,-0.47,-31.5,37.16,45.92,-22.09,3.79,106.98,-18.3,88.68,,,,,
3171,9.67,39.31,9.46,0,0.17,0,-2.54,-32.18,34.27,44.62,-22.31,3.8,102.79,-18.5,84.28,,,,,
3181,14.62,42.64,13.92,0,0.17,0,-3.6,-33.44,29.99,45.44,-21.41,3.82,109.75,-17.59,92.15,,,,,
3191,10.33,30.27,9.33,0,0.16,0,-1.69,-33.53,36.87,46.61,-22.15,3.76,98.34,-18.39,79.95,,,,,
3201,19.4,41.77,14.97,0,0.17,0,-4.4,-33.21,30.04,44.57,-21.68,3.78,113.31,-17.89,95.42,,,,,
3211,14.35,35,3.05,0,0.15,0,-1.82,-32.58,30.6,47.3,-22.28,3.78,96.04,-18.5,77.54,,,,,
3221,15.98,37.33,2.84,0,0.1,0,-2.38,-30.96,31.9,45.57,-23.94,3.85,100.39,-20.09,80.3,,,,,
3231,24.41,38.5,4.69,0,0.08,0,0.07,-32.52,25.86,45.99,-22.72,3.78,107.08,-18.94,88.14,,,,,
3241,19.35,30.64,17.62,0,0.25,0,-4.24,-33.65,30.03,44.75,-21.21,3.79,104.73,-17.42,87.31,,,,,
3251,13.78,35.45,15,0,0.37,0,-3.74,-32.12,28.52,44.08,-22.12,3.82,101.35,-18.3,83.05,,,,,
3261,11.46,38.75,11.51,0,0.19,0,-5.01,-32.72,30.58,45.96,-22.67,3.76,100.72,-18.91,81.81,,,,,
3271,15.44,42.76,5.38,0,0.22,0,-0.97,-33.96,28.92,46.74,-22.07,3.78,104.52,-18.29,86.23,,,,,
3281,21.74,42.31,8.68,0,0.36,0,-0.3,-33.82,26.37,45.34,-21.76,3.79,110.69,-17.97,92.72,,,,,
3291,12.24,34.29,14.03,0,0.13,0,-5.44,-32.51,33.45,44.71,-22.27,3.79,100.9,-18.48,82.42,,,,,
3301,13.48,43.47,12.14,0,0.15,0,-2.07,-34.04,31.56,46.3,-22.32,3.77,110.99,-18.55,92.44,,,,,
3311,12.87,35.85,10.15,0,0.11,0,-1.99,-35,36.39,43.83,-19.84,3.77,102.21,-16.07,86.13,,,,,
3321,14.67,36.79,10.09,0,0.13,0,-3.86,-33.21,33.04,46.08,-22.77,3.83,103.73,-18.94,84.79,,,,,
3331,13.57,35.34,10.27,0,0.25,0,-2.92,-32.11,30.96,46.12,-23.04,3.84,101.47,-19.19,82.28,,,,,
3341,14.99,36.61,10.12,0,0.2,0,-0.92,-33.88,31.33,45.08,-21.42,3.79,103.53,-17.63,85.9,,,,,
3351,21.1,34.06,1.15,0,0.17,0,-2.73,-31.96,32.18,46.03,-22.83,3.78,99.99,-19.05,80.95,,,,,
3361,16.7,40.35,8.95,0,0.2,0,-3.04,-33.11,31.26,45.79,-21.14,3.8,107.09,-17.34,89.75,,,,,
3371,12.81,30.03,7.5,0,0.19,0,-0.18,-31.92,36.88,45.48,-22.68,3.79,100.78,-18.9,81.88,,,,,
3381,17.42,33.29,10.25,0,0.1,0,-2.28,-32.43,29.25,44.99,-22.3,3.8,100.6,-18.5,82.09,,,,,
3391,11.39,42.81,8.15,0,0.3,0,-3.09,-33.53,32.4,44.32,-20.88,3.75,102.75,-17.14,85.61,,,,,
3401,12.99,34.94,9.66,0,0.18,0,-2.41,-31.31,30.84,43.34,-23.07,3.79,98.24,-19.28,78.96,,,,,
3411,15.5,41.76,2.94,0,0.1,0,-5.02,-34.3,30.32,46.79,-22.71,3.78,98.09,-18.93,79.16,,,,,
3421,15.73,41.36,11.17,0,0.18,0,-2.68,-32.48,30.29,45.33,-22.11,3.77,108.9,-18.34,90.56,,,,,
3431,17.87,40.5,7.77,0,0.12,0,-4.3,-31.2,28.48,44.63,-23.37,3.82,103.87,-19.54,84.32,,,,,
3441,16.39,33.54,10.6,0,0.24,0,-2.69,-34.19,28.85,45.12,-21.15,3.78,97.87,-17.36,80.51,,,,,
3451,10.9,45.5,8.07,0,0.06,0,-3.98,-32.3,30.65,46.01,-23.34,3.8,104.92,-19.54,85.38,,,,,
3461,12.38,38.79,-0.5,0,0.33,0,2.22,-30.73,32.59,44.42,-22.92,3.78,99.5,-19.14,80.36,,,,,
3471,19.03,39.04,14.63,0,0.06,0,-1.53,-35.71,27.65,45.76,-20.53,3.77,108.93,-16.76,92.16,,,,,
3481,17.59,36.01,7.33,0,0.2,0,-1.8,-31.87,29.23,45.37,-23.38,3.77,102.05,-19.61,82.44,,,,,
3491,17.7,33.79,10.75,0,0.13,0,-3,-34.56,30.64,46.13,-21.48,3.76,101.58,-17.72,83.86,,,,,
3501,8.81,36.41,14.86,0,0.47,0,-6.02,-33.65,30.38,45.95,-21.93,3.8,97.2,-18.13,79.08,,,,,
3511,16.24,34.73,9.96,0,0.1,0,-0.79,-32.39,27.95,44.35,-22.67,3.77,100.16,-18.9,81.25,,,,,
3521,11.62,41.09,15.12,0,0.16,0,-1.54,-37.06,36.38,44.65,-19.09,3.77,110.43,-15.32,95.11,,,,,
3531,10.7,36.17,9.03,0,0.15,0,-0.96,-33.11,36.25,45.11,-21.79,3.77,103.34,-18.02,85.32,,,,,
3541,11.69,32.34,14.16,0,0.29,0,-2.85,-33.28,32.3,44.57,-21.5,3.8,99.21,-17.7,81.51,,,,,
3551,19.26,39.37,1.67,0,0.12,0,-3.5,-32.57,30.56,45.73,-23.83,3.84,100.63,-19.99,80.64,,,,,
3561,21.5,39.8,8.16,0,0.18,0,-4.69,-33.8,28.07,43.78,-21.19,3.81,103,-17.38,85.61,,,,,
3571,18.53,32.66,7.35,0,0.06,0,-1.49,-33.02,29.64,44.17,-21.62,3.83,97.89,-17.78,80.1,,,,,
3581,10.9,34.07,8.22,0,0.05,0,-1.97,-33.35,31.3,45.52,-21.49,3.81,94.74,-17.68,77.06,,,,,
3591,17.04,35.74,9.17,0,0.11,0,-1.33,-33.69,33.01,45.79,-21.31,3.75,105.84,-17.56,88.29,,,,,
3601,17.39,42.04,11.51,0,0.28,0,-2.75,-36.02,26.53,45.85,-20.7,3.8,104.83,-16.9,87.93,,,,,
3611,14.19,41.05,10.87,0,0.14,0,-2.37,-35.12,26.07,45.46,-21.43,3.82,100.3,-17.61,82.68,,,,,
3621,11.18,35.09,5.08,0,0.14,0,-2.15,-34.25,30.4,45.36,-21.47,3.8,90.84,-17.68,73.16,,,,,
3631,23.84,33.63,8.21,0,0.11,0,-3.02,-35.7,27.91,45.18,-20.15,3.77,100.15,-16.38,83.77,,,,,
3641,14.99,38.24,15.25,0,0.18,0,-4.68,-36.38,30.53,45.41,-20.68,3.8,103.55,-16.89,86.66,,,,,
3651,11.83,34.15,13.35,0,0.52,0,-3.26,-35.74,31.99,47.87,-21.07,3.8,100.7,-17.27,83.43,,,,,
3661,12.79,35.48,10.68,0,0.31,0,-1.6,-35.99,28.62,46.18,-19.89,3.77,96.45,-16.12,80.33,,,,,
3671,16.93,33.24,14.86,0,0.26,0,-3.03,-33.57,30.81,44.98,-21.5,3.81,104.5,-17.69,86.81,,,,,
3681,13.68,31.41,10.28,0,0.18,0,0.43,-31.59,31.94,44.79,-21.67,3.78,101.12,-17.89,83.23,,,,,
3691,11.71,38.3,13.72,0,0.45,0,-3.43,-32.93,30.66,44.2,-20.86,3.79,102.69,-17.08,85.61,,,,,
3701,14.18,40.74,1.79,0,0.27,0,-2.33,-32.05,34.52,46.29,-22.05,3.8,103.39,-18.24,85.14,,,,,
3711,17.89,46.45,0.16,0,0.18,0,0.93,-31.46,27.57,45.09,-22.69,3.82,106.81,-18.87,87.93,,,,,
3721,22.37,37.49,7.38,0,0.6,0,-3.2,-34.97,31.03,47.18,-21.19,3.74,107.88,-17.45,90.43,,,,,
3731,10.42,33.35,12.38,0,0.07,0,-4.52,-33.03,32.08,45.69,-21.75,3.76,96.45,-17.99,78.47,,,,,
3741,13.31,38.08,5.44,0,0.09,0,-0.21,-31.41,29.79,45.06,-23.08,3.82,100.15,-19.26,80.9,,,,,
3751,11.32,35.56,14.07,0,0.11,0,-5.81,-33.59,28.97,45.79,-21.68,3.77,96.42,-17.92,78.5,,,,,
3761,18.88,37.78,17.47,0,0.76,0,-4.33,-33.14,29.84,46.11,-21.46,3.75,113.38,-17.7,95.67,,,,,
3771,14.14,34.6,12.1,0,0.07,0,-4.38,-32.73,32.27,44.65,-21.71,3.78,100.73,-17.92,82.81,,,,,
3781,16.94,37.98,7.99,0,0.08,0,-2.65,-34.09,27.51,44.36,-21.24,3.79,98.13,-17.45,80.68,,,,,
3791,19.16,37.59,6.76,0,0.12,0,-0.03,-32.9,28.18,46.44,-22.35,3.82,105.32,-18.53,86.79,,,,,
3801,14.96,41.88,4.86,0,0.2,0,-3.43,-32.87,31.95,46.15,-22.08,3.83,103.69,-18.25,85.44,,,,,
3811,15.78,31.73,11.92,0,0.27,0,-3.04,-32.45,30.48,45.19,-22.58,3.82,99.88,-18.76,81.13,,,,,
3821,12.43,27.22,19.51,0,0.24,0,-2.59,-34.38,33.38,45.3,-20.65,3.71,101.11,-16.94,84.17,,,,,
3831,11.41,33.42,17.2,0,0.25,0,-3.13,-31.82,33,44.45,-22.67,3.79,104.78,-18.89,85.9,,,,,
3841,16.48,37.2,8.63,0,0.12,0,-4.29,-32.2,29.93,44.8,-22.28,3.83,100.67,-18.45,82.22,,,,,
3851,17.63,33.19,4.1,0,0.03,0,-1.42,-30,29.78,42.88,-23.14,3.84,96.19,-19.3,76.89,,,,,
3861,17,35.23,6.42,0,0.15,0,-1.72,-32.5,32.69,45.93,-22.39,3.81,103.2,-18.58,84.62,,,,,
3871,12.79,34.35,17.37,0,0.05,0,-4.26,-33.82,32.91,45.87,-21.35,3.76,105.26,-17.59,87.67,,,,,
3881,17.94,26.04,6.9,0,0.44,0,-2.93,-31.61,31.84,45.7,-23.4,3.85,94.33,-19.56,74.78,,,,,
3891,14.43,38.75,8.19,0,0.31,0,-3.49,-31.98,34.08,44.93,-23.35,3.8,105.22,-19.55,85.67,,,,,
3901,14.83,38.5,1.88,0,0.14,0,-2.2,-31.31,31.05,45.42,-23.03,3.84,98.3,-19.2,79.1,,,,,
3911,16.33,36.4,5.91,0,0.19,0,0.52,-31.89,30.72,44.85,-22.14,3.79,103.02,-18.34,84.68,,,,,
3921,15.56,31.41,10.46,0,0.22,0,-5,-32.47,31.13,44.55,-21.74,3.82,95.86,-17.92,77.95,,,,,
3931,14.68,30.16,13.65,0,0.23,0,-4.86,-33.47,31.5,44.62,-21.94,3.82,96.51,-18.13,78.38,,,,,
3941,10.26,38.5,11.33,0,0.11,0,-2.35,-32.76,32.62,45.5,-22.01,3.76,103.21,-18.25,84.96,,,,,
3951,24.6,30.81,10.4,0,0.13,0,-2.97,-34.5,27.8,46.84,-21.94,3.79,103.1,-18.15,84.96,,,,,
3961,13.61,40.9,7.01,0,0.17,0,-2.03,-32.82,29.29,45.98,-21.89,3.81,102.11,-18.08,84.03,,,,,
3971,17.4,38.39,10.77,0,0.1,0,-3.09,-32.39,28.81,44.31,-22.35,3.8,104.3,-18.55,85.75,,,,,
3981,15.4,29.79,13.41,0,0.21,0,-5.06,-35,34.33,46.99,-21.3,3.77,100.08,-17.53,82.55,,,,,
3991,12.89,34.26,14.74,0,0.29,0,-5.1,-34.29,32.25,44.51,-20.23,3.78,99.54,-16.45,83.09,,,,,
4001,14.62,42.04,7.54,0,0.12,0,-4.1,-32.36,28.89,44.9,-21.73,3.86,101.65,-17.87,83.78,,,,,
4011,16.83,36.84,7.08,0,0.59,0,-1.98,-34.19,28.87,44.84,-21.1,3.78,98.87,-17.32,81.55,,,,,
4021,9.78,41.83,11.49,0,0.13,0,-4.96,-32.72,30.23,45.04,-22.44,3.81,100.83,-18.63,82.2,,,,,
4031,19.63,34.27,0.97,0,0.26,0,-1,-32.01,32.57,46.05,-22.38,3.78,100.74,-18.6,82.14,,,,,
4041,18.27,27.21,10.22,0,0.23,0,-4.42,-33.61,31.95,45.18,-21.69,3.79,95.04,-17.89,77.15,,,,,
4051,14.61,43.33,3.8,0,0.06,0,1.62,-35.86,29.04,45.1,-20.22,3.8,101.71,-16.42,85.29,,,,,
4061,19.09,40.15,3.19,0,0.15,0,-4.5,-31.32,30.07,45.86,-23.42,3.88,102.69,-19.54,83.15,,,,,
4071,17.82,35.29,17.5,0,0.67,0,-4.59,-35.17,30.77,45.97,-21.12,3.77,108.26,-17.35,90.9,,,,,
4081,15.34,40.76,7.66,0,0.04,0,-4.26,-33.3,35.88,45.94,-21.94,3.8,108.06,-18.14,89.92,,,,,
4091,14.23,45.67,10.67,0,0.34,0,-1.34,-31.42,31.78,43.85,-21.97,3.82,113.76,-18.15,95.61,,,,,
4101,16.1,32.08,7.71,0,0.21,0,-4.9,-32.71,30.29,47.1,-23.27,3.84,95.88,-19.43,76.45,,,,,
4111,12.47,33.35,5.25,0,0.29,0,-2.82,-32.27,32.99,45.82,-22.36,3.8,95.06,-18.56,76.51,,,,,
4121,14.75,37.59,10.78,0,0.18,0,-3.96,-33.26,30.74,45.29,-21.52,3.81,102.11,-17.71,84.4,,,,,
4131,16.85,43.7,10.05,0,0.3,0,-2.04,-33.09,31.2,44.28,-21.79,3.82,111.25,-17.98,93.28,,,,,
4141,12.85,46.19,1.12,0,0.18,0,-0.26,-31.55,31.3,45.11,-22.77,3.78,104.93,-18.99,85.94,,,,,
4151,15.28,34.43,10.83,0,0.25,0,-4.1,-33.58,35.36,44.64,-21.15,3.76,103.12,-17.39,85.73,,,,,
4161,13.14,33.95,7.74,0,0.1,0,0.2,-32.26,32.91,45.18,-21.14,3.79,100.95,-17.35,83.61,,,,,
4171,12.21,34.07,10.61,0,0.12,0,-6.08,-33,30.5,45.39,-21.73,3.78,93.82,-17.94,75.87,,,,,
4181,15.1,33.99,8.62,0,0.23,0,-2.54,-31.77,29.56,44.81,-22.79,3.82,98.01,-18.98,79.03,,,,,
4191,12.87,36.3,12.01,0,0.38,0,-3.68,-34.37,31.61,45.74,-21.26,3.79,100.86,-17.48,83.39,,,,,
4201,19.63,35.81,5.9,0,0.11,0,-2.79,-33.2,31.09,46.21,-21.72,3.82,102.75,-17.9,84.85,,,,,
4211,20.35,36.56,7.24,0,0.17,0,-1.98,-32.42,29.29,45.35,-22.2,3.81,104.55,-18.39,86.16,,,,,
4221,6.62,32.56,2.54,0,0.11,0,-0.83,-31.96,34.95,45.16,-21.68,3.75,89.16,-17.93,71.24,,,,,
4231,11.68,43.72,9.39,0,0.2,0,0.31,-34.03,35.43,46.81,-20.89,3.74,113.5,-17.15,96.35,,,,,
4241,14.53,37.09,8.5,0,0.25,0,-3.55,-32.78,32.54,45.81,-22.01,3.81,102.4,-18.2,84.2,,,,,
4251,16.44,34.72,3.17,0,0.1,0,-0.47,-31.41,31.51,44.57,-21.76,3.76,98.63,-18,80.63,,,,,
4261,16.38,38.05,6.03,0,0.45,0,-2.4,-33.8,29.12,46.37,-21.43,3.81,100.21,-17.61,82.59,,,,,
4271,11.95,40.81,7.58,0,0.21,0,-1.86,-32.68,32.04,46.18,-22.31,3.78,104.23,-18.52,85.7,,,,,
4281,17.35,44.77,6.26,0,0.46,0,-4.65,-35.38,30.74,46.31,-19.95,3.74,105.85,-16.21,89.64,,,,,
4291,15.83,38.26,7.15,0,0.09,0,-3.07,-31.87,32.09,44.82,-22.38,3.83,103.3,-18.55,84.75,,,,,
4301,12.21,34.15,14.86,0,0.43,0,-3.93,-34.47,33.19,45.65,-21.46,3.81,102.09,-17.65,84.44,,,,,
4311,17.68,38.62,7.8,0,0.33,0,-1.39,-31.61,32.42,45,-22.87,3.83,108.85,-19.04,89.81,,,,,
4321,16.88,33.79,15.29,0,0.3,0,-4.6,-35.41,28.56,45.06,-20.77,3.76,99.87,-17.01,82.86,,,,,
4331,14.83,37.26,2.59,0,0.1,0,-3.51,-33.94,29.84,46.64,-21.85,3.8,93.82,-18.05,75.77,,,,,
4341,11.28,31.3,14.54,0,0.05,0,-5.83,-33.61,33.54,44.57,-21.12,3.78,95.85,-17.34,78.52,,,,,
4351,16.8,35.3,5.71,0,0.14,0,-0.74,-31.27,30.13,44.37,-22.11,3.81,100.45,-18.3,82.15,,,,,
4361,18.81,44.11,7.93,0,0.3,0,-3.88,-33.49,28.99,46.76,-21.51,3.81,109.52,-17.71,91.81,,,,,
4371,12.71,39.39,5.12,0,0.1,0,-4.61,-33.03,34.95,46.23,-21.38,3.8,100.85,-17.58,83.27,,,,,
4381,10.23,39.46,1.78,0,0.17,0,3.09,-31.09,30.61,45.48,-22.58,3.75,99.74,-18.83,80.9,,,,,
4391,10.96,34.34,6.71,0,0.19,0,-2.29,-31.46,32.33,44.1,-22.62,3.77,94.89,-18.85,76.04,,,,,
4401,13.13,39.3,1.66,0,0.65,0,-3.19,-31.63,32.13,46.72,-23.43,3.85,98.76,-19.58,79.18,,,,,
4411,22.43,32.15,11.26,0,0.35,0,-3.97,-33.03,28.19,45.96,-22.84,3.84,103.35,-19,84.35,,,,,
4421,14.1,33.1,5.46,0,0.28,0,-0.58,-31.12,33.03,45.7,-23.07,3.82,99.96,-19.25,80.71,,,,,
4431,13.43,42.18,3.49,0,0.22,0,-2.82,-32.01,29.45,45.25,-21.71,3.83,99.19,-17.88,81.32,,,,,
4441,16.03,31.46,6.57,0,0.33,0,-3.25,-31.69,30.7,44.67,-23.01,3.82,94.83,-19.18,75.64,,,,,
4451,12.85,41.77,3.68,0,0.26,0,0.33,-31.48,31.05,44.46,-21.69,3.81,102.93,-17.88,85.06,,,,,
4461,18.86,32.78,2.08,0,0.14,0,-2.93,-31.46,30.68,46.22,-23.52,3.84,96.38,-19.69,76.69,,,,,
4471,15.23,37.91,9.22,0,0.24,0,-2.47,-31.97,31.48,44.94,-22.01,3.81,104.58,-18.2,86.38,,,,,
4481,13.97,42.5,9.66,0,0.43,0,-0.99,-32.28,33.27,45.18,-22.07,3.82,111.74,-18.25,93.49,,,,,
4491,13.02,35.7,7.86,0,0.29,0,-0.41,-31.54,33.56,43.89,-22.69,3.78,102.39,-18.91,83.48,,,,,
4501,14.89,45.15,1.1,0,0.06,0,-1.97,-32.82,32.63,45.53,-22.9,3.79,104.57,-19.11,85.45,,,,,
4511,13.31,38.21,2.52,0,0.35,0,-0.83,-30.96,29.94,44.7,-23.33,3.81,97.23,-19.51,77.72,,,,,
4521,8.28,43.26,4.55,0,0.16,0,-3.91,-31,31.9,44.18,-23.03,3.82,97.42,-19.21,78.22,,,,,
4531,16.81,35.28,5.46,0,0.19,0,-1.99,-31.3,31.12,45.23,-22.52,3.79,100.79,-18.73,82.06,,,,,
4541,9.77,31.2,3.1,0,0.15,0,2.47,-30.62,29.66,45.09,-23.25,3.79,90.82,-19.46,71.35,,,,,
4551,11.81,44.88,5.42,0,0.42,0,-0.4,-31.94,37.06,45.72,-21.61,3.76,112.97,-17.84,95.12,,,,,
4561,16.41,42.64,2.73,0,0.19,0,-2.61,-32.31,33.83,46.43,-22.37,3.78,107.31,-18.59,88.73,,,,,
4571,15.66,38.65,4.79,0,0.13,0,-1.69,-32.14,32.36,46.01,-22.84,3.83,103.78,-19.01,84.77,,,,,
4581,14.81,31.27,8.1,0,0.46,0,-0.66,-32.67,34.95,45.02,-21.66,3.77,101.29,-17.88,83.41,,,,,
4591,16.88,37.38,4.26,0,0.25,0,0.18,-31.2,32.83,45.82,-22.89,3.82,106.39,-19.08,87.31,,,,,
4601,14.4,33.38,9.68,0,0.28,0,-0.39,-32.93,33.24,47.05,-22.45,3.77,104.7,-18.68,86.02,,,,,
4611,17.99,31.3,1.93,0,0.2,0,-1.9,-32.2,28.58,46.14,-22.25,3.8,92.04,-18.46,73.58,,,,,
4621,17.65,35.79,6.02,0,0.46,0,-4.11,-30.63,29.61,45.97,-23.73,3.84,100.75,-19.89,80.86,,,,,
4631,20.53,33.3,5.17,0,0.25,0,-2.53,-32.38,29.5,46.46,-22.16,3.82,100.3,-18.34,81.96,,,,,
4641,16.36,37.26,1.95,0,0.13,0,-2.85,-30.97,32.5,44.88,-23.46,3.84,99.25,-19.62,79.63,,,,,
4651,16.13,43.14,6.38,0,0.18,0,-5.13,-33.15,26.44,45.82,-22.24,3.82,99.81,-18.41,81.39,,,,,
4661,16.19,43.43,7.18,0,0.22,0,-3.38,-30.6,30.82,45.37,-23.55,3.86,109.23,-19.69,89.54,,,,,
4671,18.33,40.89,6.32,0,0.08,0,0.11,-30.8,30.51,45.46,-23.56,3.84,110.91,-19.72,91.19,,,,,
4681,16.65,38.82,8.54,0,0.16,0,-3.46,-32.37,28.02,45.79,-22.14,3.85,102.13,-18.29,83.84,,,,,
4691,12.45,32.13,7.35,0,0.25,0,-2.34,-32.57,35.67,46.99,-22.54,3.79,99.93,-18.74,81.18,,,,,
4701,22.43,33.2,5.36,0,1.24,0,0.38,-31.76,27.88,46.22,-23.77,3.85,104.94,-19.92,85.02,,,,,
4711,17.46,40.3,1.47,0,0.1,0,-1.64,-31.72,32.14,45.76,-23.19,3.87,103.86,-19.32,84.54,,,,,
4721,15.98,44.89,-0.24,0,0.21,0,-3.07,-30.17,27.93,44.04,-22.51,3.83,99.57,-18.68,80.89,,,,,
4731,16.09,33.82,-1,0,0.14,0,-0.16,-32.99,33.7,46.97,-22.05,3.8,96.56,-18.26,78.3,,,,,
4741,21.42,32.47,6.36,0,0.29,0,-3.42,-32.69,30.45,47.17,-23.45,3.83,102.06,-19.62,82.44,,,,,
4751,15.45,35.83,8.11,0,0.07,0,-3.17,-31.7,29.55,44.34,-21.63,3.81,98.48,-17.82,80.66,,,,,
4761,16.69,38.07,3.82,0,0.11,0,-3.38,-31.03,32.91,44.75,-22.94,3.81,101.93,-19.13,82.8,,,,,
4771,12.52,40.21,6.82,0,0.19,0,-2.35,-32.42,29.66,45.9,-23.08,3.81,100.54,-19.27,81.27,,,,,
4781,13.47,28.65,11.41,0,0.15,0,-1.63,-33.34,34.94,46.93,-22.03,3.79,100.59,-18.25,82.34,,,,,
4791,11.22,45.88,2.24,0,1.01,0,2.55,-30.7,30.33,44.05,-22.27,3.82,106.58,-18.45,88.13,,,,,
4801,17.2,37.1,4.31,0,0.11,0,1.3,-32.55,32.56,46.03,-23.34,3.81,106.05,-19.53,86.52,,,,,
4811,10.22,38.15,4.99,0,0.16,0,-4.53,-32.86,31.94,47.02,-22.62,3.81,95.09,-18.81,76.28,,,,,
4821,13.9,38.09,0.94,0,0.1,0,-1.18,-32.11,34.37,46.52,-23.1,3.79,100.63,-19.31,81.32,,,,,
4831,12.48,37.76,13.85,0,0.44,0,0.48,-35.62,34.11,46.58,-21.11,3.78,110.08,-17.33,92.75,,,,,
4841,14.55,33.75,3.7,0,0.2,0,-0.4,-31.6,31.24,46.14,-23.37,3.82,97.59,-19.56,78.03,,,,,
4851,15.16,39.25,2.43,0,0.43,0,-3.43,-31.22,30.27,45.9,-22.61,3.84,98.78,-18.77,80.02,,,,,
4861,21.12,35.51,1.52,0,0.11,0,-0.74,-30.35,29.67,45.18,-23.9,3.84,102.01,-20.06,81.95,,,,,
4871,12.93,39.41,11.46,0,0.13,0,-2.55,-31.64,29.48,44.37,-22.64,3.78,103.59,-18.86,84.74,,,,,
4881,13.89,35.71,1.19,0,0.27,0,-1.1,-30.49,32.28,44.73,-22.92,3.8,96.48,-19.12,77.36,,,,,
4891,14.26,33.23,14.97,0,0.24,0,-4.56,-33.64,30.75,47.1,-22.78,3.78,102.36,-19,83.36,,,,,
4901,17.58,40.12,4.16,0,0.09,0,-4.57,-31.8,29.89,45.72,-22.95,3.84,101.18,-19.11,82.07,,,,,
4911,13.28,37.45,2.61,0,0.29,0,-3.95,-32.3,28.65,45.63,-22.17,3.82,91.65,-18.35,73.3,,,,,
4921,12.31,44.75,9.56,0,0.26,0,-2.38,-33.61,28.5,43.5,-20.69,3.83,102.88,-16.86,86.01,,,,,
4931,17.03,40.95,1.31,0,0.09,0,-0.69,-32.47,30.42,45.45,-22.44,3.79,102.09,-18.64,83.44,,,,,
4941,19.63,34.95,5.21,0,0.12,0,-2.58,-31.06,30.05,45.99,-24.52,3.84,102.32,-20.68,81.64,,,,,
4951,17.89,36.32,6.7,0,0.14,0,2,-30.87,36.78,45.23,-22.63,3.8,114.19,-18.83,95.35,,,,,
4961,19.65,45.36,7.81,0,0.14,0,-3.14,-32.3,30.41,45.18,-22.94,3.78,113.11,-19.15,93.96,,,,,
4971,13.6,33.95,5.35,0,0.21,0,-0.81,-30.95,30.42,44.59,-23.1,3.85,96.36,-19.25,77.11,,,,,
4981,16.02,32.65,3.86,0,0.13,0,-1.66,-32.3,32.02,47.36,-23.41,3.83,98.07,-19.58,78.49,,,,,
4991,13.37,32.46,5.91,0,0.42,0,-0.01,-31.97,34.3,45.65,-21.63,3.77,100.13,-17.86,82.27,,,,,
5001,15.63,32.77,3.4,0,0.16,0,-2.65,-32.29,34.37,46.37,-22.39,3.85,97.76,-18.54,79.22,,,,,
5011,13.41,35.56,5.83,0,0.07,0,0.28,-31.86,30.23,45.32,-22.65,3.77,98.83,-18.89,79.95,,,,,
5021,14.07,38.92,5.68,0,0.09,0,-1.67,-31.43,33.29,45.29,-22.68,3.78,104.23,-18.9,85.33,,,,,
5031,16.89,35.47,8.52,0,0.45,0,-4.19,-34.54,31.9,46.14,-21.73,3.76,100.65,-17.97,82.68,,,,,
5041,19.29,36.44,6.83,0,0.2,0,-3.33,-34.16,27.95,46.48,-21.49,3.79,99.7,-17.7,82,,,,,
5051,19.73,46.03,6.77,0,0.26,0,-2.56,-30.38,27.97,44.51,-23.23,3.82,112.33,-19.41,92.92,,,,,
5061,12.62,46.32,-0.59,0,0.1,0,-2.05,-30.56,30.1,45.37,-24.09,3.89,101.31,-20.2,81.11,,,,,
5071,15.24,44.9,-1.68,0,0.13,0,-0.78,-32.66,28.62,47,-22.62,3.83,100.78,-18.79,81.99,,,,,
5081,8.59,34.93,8.68,0,0.25,0,-0.65,-32.26,35.89,44.85,-21.71,3.77,100.28,-17.94,82.34,,,,,
5091,19.9,40.14,4.48,0,0.19,0,-2.44,-30.46,28.34,44.27,-23.58,3.88,104.42,-19.7,84.72,,,,,
5101,17.14,38.39,1.87,0,0.15,0,-3.19,-31.19,30.28,44.54,-22.97,3.83,98,-19.14,78.86,,,,,
5111,12.6,41.4,7.84,0,0.18,0,-1.26,-32.01,30.68,43.91,-22.35,3.83,103.33,-18.52,84.81,,,,,
5121,9.79,36.58,8.29,0,0.11,0,-2.17,-33.84,31.14,45.43,-21.28,3.79,95.35,-17.49,77.86,,,,,
5131,14.34,32.74,9.71,0,0.2,0,-5.03,-32.65,29.64,46.24,-22.43,3.8,95.19,-18.63,76.56,,,,,
5141,15.45,37.55,7.73,0,0.34,0,-4.35,-34.06,31.77,47.35,-21.79,3.76,101.79,-18.02,83.77,,,,,
5151,15.16,37.07,3.68,0,0.22,0,-0.81,-32.14,29.52,45.69,-22.73,3.81,98.4,-18.92,79.47,,,,,
5161,17.16,35,8.06,0,0.42,0,-2.54,-31.46,32.22,45.5,-22.89,3.81,104.35,-19.08,85.28,,,,,
5171,13.99,28.72,10.72,0,0.35,0,-1.01,-32.23,31.81,45.61,-22.48,3.77,97.95,-18.71,79.24,,,,,
5181,11.51,42.46,6.31,0,0.13,0,1.11,-34.63,29.55,45.86,-22.75,3.76,102.31,-18.99,83.33,,,,,
5191,8.35,38.49,9.72,0,0.22,0,-4.35,-32.17,36.06,46.43,-22.51,3.8,102.75,-18.71,84.04,,,,,
5201,15.95,31.34,2.12,0,0.4,0,-1.59,-30.3,31.76,44.9,-23.07,3.81,94.59,-19.26,75.32,,,,,
5211,10.65,41.25,4.7,0,0.37,0,-4.74,-34.19,29.51,46.06,-21.36,3.77,93.62,-17.59,76.02,,,,,
5221,15.7,41.07,11.17,0,0.23,0,-0.02,-33.48,31.03,44.55,-22.01,3.77,110.26,-18.25,92.01,,,,,
5231,16.15,34.58,11.92,0,0.07,0,-2.44,-34.1,31.44,45.59,-22.42,3.76,103.23,-18.66,84.57,,,,,
5241,10.83,34.75,9.83,0,0.18,0,1.05,-32.33,36.21,44.89,-21.95,3.72,105.4,-18.23,87.17,,,,,
5251,13.02,35.91,2.96,0,0.15,0,-1.56,-31.43,30.79,45.52,-22.58,3.82,95.36,-18.76,76.6,,,,,
5261,18.17,32.41,11.93,0,0.04,0,-4.18,-33.82,32.4,46.3,-22.66,3.78,103.25,-18.88,84.37,,,,,
5271,19.19,32.78,1.49,0,0.09,0,0.05,-32.29,29.72,47.26,-22.45,3.82,98.28,-18.63,79.65,,,,,
5281,16.95,32.07,9.56,0,0.1,0,-3.71,-31.49,31.77,44.97,-22.65,3.81,100.23,-18.84,81.39,,,,,
5291,21.26,42.2,-0.42,0,0.09,0,-0.48,-31.29,31.53,44.47,-21.39,3.8,107.35,-17.6,89.75,,,,,
5301,20.72,35.27,8.67,0,0.25,0,-1.47,-33.94,30.1,45.64,-21.4,3.77,105.24,-17.63,87.61,,,,,
5311,14.82,35.93,0,0,0.42,0,-1.03,-31.64,32.93,45.34,-22.52,3.78,96.77,-18.74,78.04,,,,,
5321,16.86,30.64,11.26,0,0.3,0,-5.28,-33.04,32.04,44.97,-21.66,3.85,97.75,-17.81,79.94,,,,,
5331,10.64,37.87,3.47,0,0.21,0,-0.59,-31.87,38.39,45.69,-22.2,3.81,103.8,-18.38,85.42,,,,,
5341,15.94,37.17,9.62,0,0.11,0,-2.88,-32.53,27.67,44.96,-22.05,3.81,100.06,-18.24,81.83,,,,,
5351,13.37,44.87,1.49,0,0.52,0,-1.57,-31.59,30.37,45.81,-22.93,3.82,103.29,-19.11,84.18,,,,,
5361,11.81,43.27,3.65,0,0.89,0,-0.06,-30.67,31.6,44.86,-23.14,3.75,105.35,-19.39,85.96,,,,,
5371,14.41,38.71,4.93,0,0.11,0,-0.74,-33.1,31.19,46.55,-23.02,3.81,102.06,-19.21,82.85,,,,,
5381,16.29,43.33,6.8,0,0.14,0,-3.02,-31.97,26.22,45.37,-22.62,3.85,103.17,-18.77,84.39,,,,,
5391,15.11,38.22,10.32,0,0.26,0,-1.45,-31.81,32.36,44.72,-21.69,3.79,107.74,-17.91,89.83,,,,,
5401,18.96,33.34,7.79,0,0.09,0,-0.83,-30.44,34.09,43.86,-24.34,3.81,106.86,-20.53,86.33,,,,,
5411,14.39,35.83,8.3,0,0.67,0,-2.91,-34.15,32.74,46.97,-22.61,3.79,101.83,-18.82,83.01,,,,,
5421,17.86,35.18,6.99,0,0.15,0,-2.52,-31.76,30.15,45.17,-22.81,3.81,101.21,-19.01,82.2,,,,,
5431,17.06,30,9.05,0,0.43,0,-2.65,-33.7,30.68,46.87,-22.96,3.77,97.74,-19.19,78.55,,,,,
5441,22.63,38.65,7.76,0,0.21,0,-2.41,-31.02,30.03,45.71,-23.03,3.81,111.56,-19.23,92.34,,,,,
5451,22.06,37.9,5.98,0,0.17,0,-1.98,-31.47,27.53,44.41,-22.33,3.84,104.6,-18.49,86.11,,,,,
5461,17.53,41.12,-0.79,0,0.22,0,-0.06,-31.06,27.89,45.48,-23.31,3.86,100.33,-19.45,80.88,,,,,
5471,16.67,36.04,6.57,0,0.23,0,-2.87,-32.75,33.63,47.32,-23.22,3.83,104.84,-19.39,85.45,,,,,
5481,17.71,32.57,3.5,0,0.18,0,-1.48,-31.02,31.56,45.43,-22.86,3.86,98.45,-19,79.45,,,,,
5491,19.98,45.55,6.87,0,0.21,0,-4.48,-31.53,26.42,45.8,-22.86,3.9,108.81,-18.97,89.85,,,,,
5501,18.77,45.05,4.24,0,0.34,0,-0.12,-31.45,33.55,45.03,-22.58,3.77,115.4,-18.81,96.59,,,,,
5511,11.95,39.2,1.94,0,0.37,0,2.96,-31.95,34.35,45.68,-22.5,3.78,104.51,-18.71,85.79,,,,,
5521,13.37,38.68,3.63,0,0.1,0,-1.84,-32.17,32.88,45.42,-22.12,3.77,100.08,-18.35,81.74,,,,,
5531,13.18,42.79,1.27,0,0.26,0,-1.11,-32.1,32.63,46.93,-22.84,3.83,103.86,-19.01,84.85,,,,,
5541,12.77,41.28,4.5,0,0.09,0,-4.53,-33.08,35.23,46.37,-22.5,3.82,102.64,-18.68,83.96,,,,,
5551,23.23,43.4,3.16,0,0.1,0,-1.21,-30.93,26.95,44.12,-22.83,3.85,108.83,-18.98,89.85,,,,,
5561,21.94,40.03,-1.24,0,0.08,0,4.03,-30.42,29.32,45.31,-23.8,3.82,109.05,-19.98,89.07,,,,,
5571,19.55,43.92,8.32,0,0.09,0,-3.76,-32.94,28.97,45.37,-22.74,3.86,109.53,-18.88,90.65,,,,,
5581,26.63,42.05,6.94,0,0.25,0,-2.17,-33.35,28.99,46.38,-22.76,3.82,115.73,-18.94,96.79,,,,,
5591,14.82,46.97,-0.54,0,0.22,0,-2.12,-31.24,27.94,44.89,-23.16,3.83,100.95,-19.34,81.61,,,,,
5601,15.37,37.73,3.46,0,0.27,0,-4.41,-30.66,28.47,45.64,-24.18,3.92,95.88,-20.26,75.62,,,,,
5611,17.44,33.97,1.29,0,0.19,0,-1.18,-32.64,29.76,47.34,-22.62,3.81,96.16,-18.81,77.35,,,,,
5621,16.01,35.81,8.22,0,0.17,0,-0.92,-31.01,30.76,44.37,-22.61,3.82,103.41,-18.79,84.62,,,,,
5631,13.58,34.96,-0.4,0,0.1,0,-1.65,-32.24,29.52,45.76,-22.45,3.81,89.63,-18.64,70.99,,,,,
5641,19.32,38.75,2.15,0,0.19,0,-1.56,-32.07,29.55,46.82,-23.34,3.82,103.16,-19.51,83.64,,,,,
5651,11.47,41.55,10.63,0,0.26,0,-1.38,-32.56,31.92,45.26,-21.87,3.76,107.14,-18.1,89.03,,,,,
5661,14.81,40.19,4.81,0,0.26,0,-2.86,-32.11,30.52,45.57,-23.63,3.84,101.19,-19.79,81.39,,,,,
5671,11.23,36.72,9.62,0,0.24,0,-4.36,-32.72,33.17,46.32,-22.07,3.81,100.21,-18.25,81.96,,,,,
5681,12.21,34.08,0.64,0,0.19,0,-1.56,-31.66,31.57,45.48,-22.45,3.81,90.94,-18.64,72.3,,,,,
5691,11.2,38.34,7.13,0,0.12,0,-4.23,-32.28,32.16,45.93,-22.88,3.82,98.39,-19.06,79.33,,,,,
5701,13.25,39.37,-0.47,0,0.15,0,-0.5,-30.27,30.32,45.61,-24.37,3.83,97.47,-20.54,76.93,,,,,
5711,13.47,38.97,4.28,0,0.3,0,-0.8,-29.46,32.18,44.69,-23.67,3.87,103.65,-19.79,83.85,,,,,
5721,14,37.73,14.78,0,0.6,0,-1.06,-30.73,30.31,44.27,-22.81,3.87,109.9,-18.94,90.96,,,,,
5731,19.52,35.55,-2.39,0,0.09,0,0.71,-30.6,29.94,44.36,-23.51,3.79,97.17,-19.72,77.45,,,,,
5741,14.2,44.34,10.76,0,0.12,0,-4.83,-30.77,31.4,44.85,-23.43,3.89,110.06,-19.55,90.52,,,,,
5751,19.05,40.91,1.48,0,0.1,0,-2.25,-31.06,28.86,45,-23.06,3.83,102.1,-19.23,82.86,,,,,
5761,10.49,33.82,3.59,0,0.12,0,-4.37,-31.69,29.69,45.13,-22.71,3.84,86.78,-18.87,67.91,,,,,
5771,13.63,40.85,4.01,0,0.57,0,-3.27,-31.32,28.71,45.82,-22.45,3.82,98.99,-18.63,80.37,,,,,
5781,9.15,32.76,2.29,0,0.21,0,-1.79,-31.44,32.42,45.19,-22.01,3.83,88.77,-18.18,70.59,,,,,
5791,15.43,40.07,-2.24,0,0.26,0,-1.34,-30.79,31.2,45.65,-23.64,3.84,98.24,-19.81,78.44,,,,,
5801,13.04,40.85,0.74,0,0.13,0,-1.19,-30.69,32.3,45.09,-23.39,3.85,100.27,-19.55,80.72,,,,,
5811,9.46,36.85,1.36,0,0.14,0,-0.42,-32.23,35.27,47.04,-22.93,3.8,97.47,-19.12,78.34,,,,,
5821,17.74,38.07,4.33,0,0.1,0,-1.26,-30.89,26.83,45.47,-23.22,3.87,100.39,-19.36,81.04,,,,,
5831,17.11,34.16,3.92,0,0.12,0,-1.66,-31.53,32.98,45.84,-23.58,3.82,100.94,-19.77,81.18,,,,,
5841,12.49,44.32,6.46,0,0.19,0,-1.66,-30.71,30.83,44.45,-23.47,3.83,106.37,-19.65,86.73,,,,,
5851,13.81,40.79,-0.31,0,0.45,0,-3.76,-32.07,33.44,47.52,-22.79,3.83,99.86,-18.96,80.9,,,,,
5861,19.13,40.92,6.88,0,0.29,0,-4.54,-33.39,28.47,46.77,-22.84,3.86,104.54,-18.98,85.56,,,,,
5871,21.69,39.18,3.96,0,0.2,0,-0.88,-31.38,31.73,47.15,-22.86,3.86,111.65,-19,92.65,,,,,
5881,19.95,32.91,-2.02,0,0.09,0,-0.06,-32.01,29.49,47.31,-23.68,3.83,95.66,-19.85,75.81,,,,,
5891,20.48,42.7,1.67,0,0.22,0,-1.51,-30.95,28.61,45.44,-23.78,3.87,106.66,-19.91,86.75,,,,,
5901,16.92,39.9,0.46,0,0.12,0,-2.19,-30.86,31.33,45.76,-23.83,3.84,101.46,-19.99,81.47,,,,,
5911,17.31,38.95,2.25,0,0.79,0,3.61,-31.79,36.12,46.06,-21.45,3.73,113.3,-17.72,95.58,,,,,
5921,11.67,41.16,-0.69,0,0.08,0,-1.18,-31.57,31.95,45.75,-22.97,3.83,97.17,-19.14,78.04,,,,,
5931,14.42,42.67,1.96,0,0.13,0,-3.3,-32.37,32.7,46.24,-22.82,3.81,102.46,-19.01,83.45,,,,,
5941,20.25,46.27,4.47,0,0.11,0,-1.53,-31.09,30.93,44.08,-22.36,3.82,113.5,-18.54,94.96,,,,,
5951,18.91,41.16,0.06,0,0.26,0,-1.33,-31.04,29.97,46.16,-23.32,3.83,104.14,-19.49,84.65,,,,,
5961,18.68,38.18,1.19,0,0.13,0,-2.46,-31.33,29.7,46.08,-23.8,3.85,100.17,-19.96,80.21,,,,,
5971,13.32,38.92,0.67,0,0.17,0,0.34,-32.13,34.92,46.33,-21.82,3.77,102.53,-18.05,84.49,,,,,
5981,12.76,42.3,4.66,0,0.28,0,0.1,-31.07,29.97,44.39,-22.31,3.8,103.39,-18.51,84.88,,,,,
5991,13.03,44.95,-1.62,0,0.46,0,-3.77,-30.29,31.8,44.95,-23.72,3.85,99.5,-19.88,79.63,,,,,
6001,20.03,37.83,1.08,0,0.08,0,-1.66,-31.65,30.99,46.26,-23.04,3.79,102.95,-19.25,83.7,,,,,
6011,15.27,45.33,7.38,0,0.13,0,-3.91,-34.43,29.45,46.91,-21.93,3.8,106.13,-18.13,88,,,,,
6021,13.66,37.79,1.16,0,0.22,0,-0.61,-32.11,30.26,45.08,-22.77,3.85,95.45,-18.91,76.54,,,,,
6031,18.87,38.78,8.72,0,0.36,0,-0.5,-33.18,29.26,46.75,-22.69,3.79,109.06,-18.9,90.16,,,,,
6041,9.95,44.95,-0.59,0,0.06,0,-1.36,-31.72,34.27,46.51,-23.05,3.82,102.07,-19.23,82.84,,,,,
6051,26.58,38.57,2.94,0,0.38,0,1.15,-30.5,26.38,45.44,-24.25,3.85,110.96,-20.4,90.56,,,,,
6061,19.32,39.03,-1.08,0,0.19,0,-3.96,-31.57,28.72,45.32,-22.61,3.82,95.97,-18.79,77.17,,,,,
6071,12.25,38.56,0.85,0,0.15,0,-1.29,-32.18,33.1,45.88,-22.72,3.8,97.32,-18.92,78.4,,,,,
6081,28.51,37.35,3.46,0,0.19,0,-2.53,-31.93,29.54,45.86,-24.23,3.83,110.45,-20.39,90.06,,,,,
6091,16.62,40.5,-2.86,0,0.18,0,0.18,-31.32,31,46.66,-23.54,3.84,100.96,-19.7,81.26,,,,,
6101,14.15,30.02,-1.2,0,0.47,0,-0.17,-31.83,36.64,47.08,-23.15,3.8,95.16,-19.35,75.81,,,,,
6111,17.36,36.12,3.73,0,0.24,0,0.39,-30.12,31.73,44.8,-23.73,3.86,104.24,-19.86,84.38,,,,,
6121,11.98,30.34,14.16,0,0.27,0,-3.71,-32.23,35.47,45.31,-22.23,3.81,101.58,-18.42,83.16,,,,,
6131,15.25,43.55,3.02,0,0.13,0,-3.5,-31.18,35.02,45.88,-23.46,3.86,108.17,-19.59,88.58,,,,,
6141,14.7,38.11,2.33,0,0.53,0,-2.51,-30.7,29.78,44.92,-23.77,3.87,97.16,-19.9,77.26,,,,,
6151,15.83,40.37,0.98,0,0.2,0,-3.02,-31.52,30.95,45.4,-23.12,3.84,99.2,-19.28,79.92,,,,,
6161,13.63,42.76,4.18,0,0.13,0,-0.88,-30.99,32.26,45.57,-22.66,3.84,106.65,-18.82,87.82,,,,,
6171,15.52,34.25,0.6,0,0.2,0,-1.03,-31.37,32.67,45.66,-23.23,3.81,96.5,-19.42,77.08,,,,,
6181,11.99,33.74,0.1,0,0.24,0,0.37,-30.38,31.92,45.59,-23.32,3.8,93.57,-19.51,74.05,,,,,
6191,16.45,41.98,1.14,0,0.08,0,-3.39,-31.72,30.42,46.07,-23.9,3.85,101.04,-20.05,80.99,,,,,
6201,11.81,44.3,1.02,0,0.2,0,-1.91,-32.31,33.65,45.67,-22.85,3.86,102.43,-18.99,83.44,,,,,
6211,16.87,47.52,4.05,0,0.09,0,-4.38,-32.07,27.98,45.97,-22.98,3.81,106.02,-19.17,86.85,,,,,
6221,12.5,41.23,3.59,0,0.12,0,-0.83,-30.04,30.06,43.51,-23.32,3.81,100.13,-19.5,80.63,,,,,
6231,11.26,38.92,2.25,0,0.13,0,-1.31,-30.31,32.59,44.5,-22.73,3.84,98.01,-18.89,79.12,,,,,
6241,13.32,40.67,7.3,0,0.31,0,-2.55,-33.22,30.08,45.36,-21.65,3.78,101.26,-17.87,83.39,,,,,
6251,18.77,35.85,9.72,0,0.33,0,-2.43,-31.75,26.92,44.45,-23.4,3.84,101.87,-19.56,82.3,,,,,
6261,12.43,49.17,5.16,0,0.1,0,-4.16,-32.65,31.88,45.74,-22.63,3.87,107.67,-18.77,88.91,,,,,
6271,13.96,36.19,7.42,0,0.24,0,-2.36,-30.66,33.64,45.16,-24.02,3.84,103.59,-20.18,83.41,,,,,
6281,13.69,38.08,7.88,0,0.43,0,-2.64,-33.59,31.41,45.96,-21.7,3.79,101.22,-17.9,83.32,,,,,
6291,12.15,39.8,5.82,0,0.25,0,-2.57,-30.64,31.35,44.34,-22.84,3.82,100.51,-19.02,81.48,,,,,
6301,17.42,33.61,4.97,0,0.35,0,-1.2,-31.23,27.12,45.32,-23.28,3.8,96.36,-19.48,76.88,,,,,
6311,21.15,39.46,0.58,0,0.14,0,0.42,-31.78,26.85,46.61,-23.26,3.81,103.42,-19.45,83.97,,,,,
6321,12.38,30.86,6.45,0,0.06,0,-2.83,-31.92,32.18,46.5,-23.47,3.83,93.68,-19.64,74.05,,,,,
6331,9.33,37.67,0.76,0,0.1,0,-4.75,-33.06,34.79,47.2,-22.45,3.8,92.04,-18.65,73.39,,,,,
6341,16.59,34.91,11.24,0,0.24,0,-1.48,-33.76,26.16,45.66,-22.53,3.82,99.55,-18.71,80.83,,,,,
6351,17.56,35.11,8.56,0,0.08,0,-2.93,-34.22,31.34,46.99,-22.22,3.83,102.5,-18.39,84.1,,,,,
6361,11.66,30.35,10.23,0,0.21,0,-3.36,-33.12,31.5,46.26,-22.83,3.83,93.73,-19,74.73,,,,,
6371,12.75,39.34,4.43,0,0.3,0,-4.22,-32.16,31.75,46.38,-22.78,3.82,98.57,-18.96,79.61,,,,,
6381,12.37,39.03,2.45,0,0.52,0,-2.24,-31.03,33.45,46.06,-23.29,3.82,100.61,-19.47,81.14,,,,,
6391,12.39,32.78,6.15,0,0.08,0,-0.07,-30.91,30.95,44.99,-23.2,3.81,96.37,-19.38,76.99,,,,,
6401,19.88,36.92,2.18,0,0.45,0,-2.31,-30.72,28.58,45.4,-23.03,3.82,100.39,-19.21,81.18,,,,,
6411,19.61,43.05,1.7,0,0.06,0,-0.7,-30.52,28.27,45.05,-23.26,3.86,106.52,-19.41,87.11,,,,,
6421,18.88,36.66,2.66,0,0.12,0,-0.14,-32.4,27.72,45.59,-21.91,3.8,99.1,-18.11,80.98,,,,,
6431,18.89,35.99,6.72,0,0.22,0,-1.86,-34.21,30.13,44.9,-21.53,3.8,100.77,-17.73,83.04,,,,,
6441,16.07,36.39,10.85,0,0.2,0,-3.28,-33.31,31.66,46.58,-22.2,3.8,105.16,-18.4,86.76,,,,,
6451,16.78,39.46,5.39,0,0.26,0,-1.49,-30.62,34.96,44.36,-23.74,3.81,109.1,-19.93,89.17,,,,,
6461,11.08,43.33,3.4,0,0.26,0,-0.92,-32.47,38.25,46.75,-22.66,3.77,109.67,-18.89,90.78,,,,,
6471,12.08,37.38,-1.04,0,0.08,0,-1.69,-30.66,33.34,46,-23.46,3.84,95.48,-19.62,75.86,,,,,
6481,17.32,36.46,9.42,0,0.24,0,-3.62,-31.61,30.24,45.97,-23.21,3.76,104.42,-19.45,84.96,,,,,
6491,19.73,45.01,-0.98,0,0.08,0,-0.02,-30.89,29.14,45.2,-23.82,3.84,107.28,-19.98,87.3,,,,,
6501,10.76,44.58,-1.19,0,0.07,0,-0.99,-31.08,32.86,45.13,-22.99,3.82,100.14,-19.18,80.96,,,,,
6511,13.79,41.67,-0.51,0,0.18,0,-1.07,-31.63,34.73,46.05,-23.24,3.83,103.21,-19.41,83.79,,,,,
6521,11.51,38.79,6.76,0,0.5,0,-2.04,-32.35,28.83,45.36,-21.87,3.79,97.36,-18.08,79.28,,,,,
6531,16.87,40.5,0.42,0,0.07,0,0.03,-31.05,29.73,44.7,-23.29,3.84,101.28,-19.46,81.82,,,,,
6541,16.96,38.23,5.3,0,0.33,0,-0.54,-32.02,29.71,45.74,-22.51,3.8,103.72,-18.71,85.01,,,,,
6551,14.37,34.84,0.59,0,0.15,0,-0.77,-30.77,34.26,45,-22.79,3.84,97.69,-18.95,78.74,,,,,
6561,10.94,39.35,3.22,0,0.15,0,-3.89,-30.88,31.39,44.85,-23.92,3.89,95.13,-20.03,75.1,,,,,
6571,10.36,37.72,4.24,0,0.09,0,-2.18,-31.09,30.97,44.32,-22.63,3.84,94.42,-18.79,75.63,,,,,
6581,17.12,37.65,-1.85,0,0.09,0,-1.99,-30.88,31.86,45.53,-23.33,3.84,97.55,-19.49,78.06,,,,,
6591,14.41,45.85,-1.89,0,0.12,0,-1.81,-31.05,29.18,45.14,-22.95,3.84,99.96,-19.11,80.85,,,,,
6601,18.84,48.73,8.08,0,0.12,0,-3.47,-31.31,29.29,43.68,-23.01,3.83,113.97,-19.18,94.79,,,,,
6611,18.51,41.66,9.08,0,0.67,0,-3.41,-32.16,27.11,45.78,-23.12,3.88,107.25,-19.24,88.01,,,,,
6621,10.9,38.09,9.28,0,0.54,0,-0.83,-31.69,34.94,45.79,-22.33,3.82,107.03,-18.51,88.51,,,,,
6631,19.6,39.13,-0.1,0,0.1,0,-0.12,-30.96,28.07,45.61,-23.12,3.85,101.32,-19.26,82.06,,,,,
6641,20.55,29.32,14.25,0,0.73,0,-1.29,-33.4,28.8,45.61,-22.46,3.82,104.56,-18.64,85.92,,,,,
6651,16.13,41.88,7.06,0,0.4,0,-0.58,-31.11,30.4,44.7,-22.66,3.78,108.86,-18.88,89.98,,,,,
6661,12.46,48.58,5.34,0,0.11,0,-3.11,-34.87,30.26,47.48,-22.62,3.78,106.24,-18.84,87.4,,,,,
6671,18.16,33.91,9.9,0,0.77,0,-1.44,-30.78,31.42,44.49,-23.03,3.84,106.42,-19.19,87.23,,,,,
6681,15.07,36.28,11.45,0,0.23,0,-3,-32.58,28.36,45.37,-21.74,3.81,101.18,-17.93,83.25,,,,,
6691,18.7,47.92,8.72,0,0.42,0,-2.72,-34.43,27.35,45.69,-21.8,3.81,111.67,-17.99,93.68,,,,,
6701,15.88,32.23,8.62,0,0.23,0,-1.57,-33.49,31.17,47.49,-22.9,3.79,100.56,-19.11,81.45,,,,,
6711,14.49,36.36,8.14,0,0.12,0,-0.42,-33.21,35.44,45.2,-21.5,3.77,106.14,-17.73,88.41,,,,,
6721,11.21,38.69,10.43,0,0.8,0,-1.99,-32.05,30.92,45.04,-22.26,3.75,103.06,-18.51,84.55,,,,,
6731,12.44,30.8,14.76,0,0.26,0,-3.24,-32.99,34.09,45.19,-21.47,3.8,101.3,-17.67,83.63,,,,,
6741,13.22,30.13,13.74,0,0.5,0,-2.11,-32.17,28.55,43.53,-21.66,3.78,95.4,-17.88,77.53,,,,,
6751,16.27,40.29,5.92,0,0.05,0,-4.67,-33.58,32.25,46.56,-21.56,3.81,103.09,-17.74,85.35,,,,,
6761,14.56,36.6,7.8,0,0.17,0,-4.96,-33.61,35.49,46.46,-22.33,3.8,102.51,-18.53,83.97,,,,,
6771,11.78,45.23,2.96,0,0.11,0,-3.65,-31.12,32.02,45.39,-23.42,3.86,102.73,-19.56,83.17,,,,,
6781,14.97,38.48,4.65,0,0.2,0,-3.06,-31.96,33.2,44.41,-22.23,3.81,100.89,-18.42,82.47,,,,,
6791,19.19,43.92,-3.21,0,0.14,0,-2.32,-31.14,29.96,45.76,-23.75,3.85,102.3,-19.91,82.39,,,,,
6801,12.95,40.77,3.49,0,0.11,0,-1.47,-32.56,27.46,45.24,-22.75,3.83,95.99,-18.92,77.07,,,,,
6811,14.95,36.63,4.13,0,0.24,0,-2.11,-31.87,31.58,46.13,-23.13,3.8,99.67,-19.33,80.34,,,,,
6821,15.03,36.34,2.5,0,0.15,0,-1.88,-31.97,29.06,46.13,-22.7,3.82,95.35,-18.88,76.47,,,,,
6831,12.37,45.52,1.12,0,0.21,0,-0.23,-32.09,33.76,45.75,-23,3.8,106.4,-19.2,87.21,,,,,
6841,16.87,37.58,3.39,0,0.26,0,0.52,-32.45,33.64,46.18,-22.76,3.82,105.98,-18.94,87.04,,,,,
6851,22.06,47.53,4.95,0,0.08,0,-1.88,-31.34,32.38,44.21,-22.96,3.81,117.98,-19.15,98.83,,,,,
6861,20.97,37.9,4.66,0,0.24,0,-1.27,-30.98,36.54,46.34,-23.25,3.82,114.41,-19.43,94.98,,,,,
6871,19.25,42.89,-2.81,0,0.1,0,-1.66,-31.07,30.24,45.66,-23.6,3.83,102.6,-19.77,82.83,,,,,
6881,11.11,37.1,5.74,0,0.39,0,-2.85,-31.43,32.74,46.05,-23.63,3.8,98.85,-19.83,79.02,,,,,
6891,14.5,42.73,-0.4,0,0.1,0,1.02,-31.53,32.16,45.03,-22.49,3.79,103.61,-18.7,84.91,,,,,
6901,18.19,42.09,-5.22,0,0.12,0,-0.84,-31.61,27.62,45.51,-22.37,3.82,95.85,-18.55,77.3,,,,,
6911,15.55,42.14,-2.93,0,0.11,0,0.81,-30.66,28.97,44.49,-22.94,3.8,98.48,-19.13,79.34,,,,,
6921,15.26,34.96,7,0,0.29,0,-1.98,-32.52,30.85,45.7,-22.32,3.78,99.56,-18.53,81.02,,,,,
6931,12.11,42.02,-1.35,0,0.13,0,-1.01,-31.69,31.93,45.95,-22.55,3.78,98.09,-18.77,79.32,,,,,
6941,11.95,47.66,5.13,0,0.21,0,-0.56,-32.31,32.96,45.7,-22.43,3.8,110.75,-18.64,92.11,,,,,
6951,20.49,42.61,3.18,0,0.73,0,-2.38,-33.74,28.31,46.81,-22.7,3.78,106,-18.92,87.08,,,,,
6961,23.95,36.47,-3.81,0,0.18,0,1.58,-31.81,29.2,46.45,-23.11,3.8,102.2,-19.32,82.89,,,,,
6971,19.06,31.64,3.85,0,0.23,0,-2.64,-32.9,31.19,46.52,-22.72,3.78,96.94,-18.95,78,,,,,
6981,20.28,36.51,9.43,0,0.52,0,-2.53,-33.26,31.02,45.94,-23.03,3.78,107.92,-19.25,88.67,,,,,
6991,25.09,42.79,1.18,0,0.57,0,1.56,-31.15,30.46,46.11,-22.5,3.79,116.61,-18.71,97.9,,,,,
7001,19.76,38.04,-0.56,0,0.13,0,-1.77,-31.76,32.14,45.6,-23.24,3.82,101.57,-19.41,82.16,,,,,
7011,15.87,44.69,3.16,0,0.09,0,-0.13,-29.46,30.2,44.29,-23.93,3.85,108.72,-20.08,88.63,,,,,
7021,18.89,43.77,2.13,0,0.17,0,-1.85,-30.39,30.25,45.39,-23.28,3.83,108.35,-19.45,88.91,,,,,
7031,20.08,31.66,14.36,0,0.14,0,-3.16,-32.27,27.52,44.71,-22.87,3.77,103.03,-19.1,83.93,,,,,
7041,22.25,38.1,6.11,0,0.1,0,-4.03,-32.59,31.39,45.58,-21.83,3.78,106.91,-18.05,88.86,,,,,
7051,17.51,40.69,1.65,0,0.21,0,-3.11,-31.58,33.2,46.11,-22.88,3.83,104.69,-19.05,85.64,,,,,
7061,16.93,43.58,2.99,0,0.1,0,-2.68,-31.43,28.89,46.01,-22.66,3.81,104.39,-18.85,85.54,,,,,
7071,14.79,32.53,9,0,0.26,0,-2.24,-32.99,31.15,44.73,-22.15,3.78,97.23,-18.37,78.86,,,,,
7081,13.56,32.4,7.31,0,0.11,0,0.48,-31,37.19,45.39,-23.01,3.83,105.45,-19.18,86.27,,,,,
7091,17.7,34.31,10.36,0,0.42,0,-1.62,-33.16,31.65,44.85,-21.57,3.79,104.5,-17.78,86.72,,,,,
7101,16.18,34.55,8.09,0,0.2,0,-3.75,-32.31,32.74,45.07,-21.91,3.78,100.77,-18.13,82.64,,,,,
7111,16.94,39.76,4.61,0,0.07,0,-0.58,-32.92,28.56,44.71,-20.94,3.8,101.15,-17.14,84.01,,,,,
7121,16.5,43.04,6.89,0,0.41,0,-4.33,-33.06,29.62,45.85,-22.6,3.74,104.92,-18.86,86.06,,,,,
7131,17.53,44.54,-0.1,0,0.25,0,-3.11,-32.15,32.01,46.37,-22.82,3.82,105.33,-19,86.33,,,,,
7141,15.54,39.23,2.66,0,0.12,0,-2.2,-31.79,30.23,45.24,-23.14,3.82,99.02,-19.32,79.7,,,,,
7151,20.3,45.07,7.14,0,0.3,0,-5.23,-32.79,31.69,46,-22.69,3.81,112.48,-18.88,93.6,,,,,
7161,17.26,37.5,6.31,0,0.29,0,-3.45,-33.57,29.84,46.63,-22.12,3.81,100.82,-18.31,82.51,,,,,
7171,13.7,44.03,-2.28,0,0.16,0,-0.91,-30.62,30.31,44.32,-23.66,3.82,98.71,-19.84,78.87,,,,,
7181,16.71,39.34,6.32,0,0.16,0,-0.8,-33.12,30.23,45.38,-22.04,3.79,104.22,-18.24,85.98,,,,,
7191,15.47,29.9,8.23,0,0.6,0,-3.47,-33.37,29.77,47.17,-22.27,3.78,94.29,-18.49,75.8,,,,,
7201,19.21,33.47,13.69,0,0.3,0,-5.32,-33.31,28.44,45.46,-22.49,3.84,101.93,-18.66,83.28,,,,,
7211,18.48,35.51,10.92,0,0.23,0,-4.47,-31.61,29.23,45.38,-23.92,3.82,103.68,-20.1,83.58,,,,,
7221,22.96,37.51,-0.4,0,0.21,0,1.94,-31.42,26.9,45.16,-22.51,3.82,102.86,-18.69,84.17,,,,,
7231,12.93,34.53,2.96,0,0.44,0,-2.07,-31.43,31.07,45.51,-21.73,3.81,93.94,-17.92,76.02,,,,,
7241,17,36.99,7.16,0,0.37,0,-2.45,-32.3,32.04,44.37,-21.02,3.75,103.19,-17.27,85.92,,,,,
7251,16.18,33.84,12.74,0,0.26,0,-2.6,-31.72,34.13,45.47,-23.16,3.8,108.3,-19.36,88.94,,,,,
7261,9.71,36.75,12.14,0,0.27,0,-2.52,-32.64,33.62,46.49,-22.16,3.79,103.82,-18.37,85.45,,,,,
7271,16.03,42.3,9.7,0,0.1,0,-5.54,-32.76,29.26,46.28,-23.45,3.86,105.38,-19.6,85.78,,,,,
7281,16.86,37.83,2.76,0,0.36,0,-2.24,-31.73,28.5,46.66,-22.72,3.78,99,-18.94,80.06,,,,,
7291,16.61,40.17,0.48,0,0.13,0,-1.89,-30.97,30.96,45.7,-23.82,3.85,101.2,-19.98,81.22,,,,,
7301,23.17,38.45,8.75,0,0.21,0,-3.6,-30.74,28.95,44.79,-23.54,3.85,109.97,-19.68,90.29,,,,,
7311,20.12,34.51,8.62,0,0.4,0,-1.97,-32.36,29.74,45.64,-23.19,3.81,104.71,-19.37,85.34,,,,,
7321,12.35,40.47,4.1,0,0.56,0,-1.87,-31.53,30.25,45.23,-23.08,3.84,99.55,-19.24,80.31,,,,,
7331,18.16,37.81,3.37,0,0.39,0,-3.45,-31.04,30.09,45.43,-23.28,3.85,100.76,-19.43,81.33,,,,,
7341,21.3,35.05,1.49,0,0.22,0,-0.75,-31.99,29.52,45.56,-22.63,3.8,100.41,-18.83,81.58,,,,,
7351,15.16,37.32,8.02,0,0.28,0,-2.97,-32.91,30.56,45.04,-22.59,3.83,100.5,-18.76,81.74,,,,,
7361,17.86,32.8,-0.95,0,0.17,0,0.37,-30.85,30.62,45.57,-23.3,3.8,95.59,-19.49,76.1,,,,,
7371,19.06,40.74,2.39,0,0.07,0,-2.58,-31.36,27.61,45.65,-23.25,3.86,101.57,-19.39,82.19,,,,,
7381,13.49,37.96,-3.38,0,0.06,0,1.53,-32.19,33.47,46.12,-22.42,3.8,97.07,-18.62,78.45,,,,,
7391,9.84,40.68,6.65,0,0.09,0,-3.39,-32.66,29.5,45.73,-22.21,3.8,96.44,-18.41,78.03,,,,,
7401,18.23,38.99,4.96,0,0.34,0,-3.48,-32.61,29.7,46,-22.52,3.8,102.13,-18.71,83.42,,,,,
7411,14.32,50.88,-0.63,0,0.38,0,-0.25,-32.69,33.66,46.48,-22.62,3.81,112.13,-18.81,93.32,,,,,
7421,20.8,42.27,-0.43,0,0.17,0,-1.68,-30.98,28.1,44.94,-23.24,3.82,103.19,-19.42,83.77,,,,,
7431,13.23,40.23,4.99,0,0.13,0,-3.64,-30.33,28.19,44.47,-23.67,3.86,97.26,-19.82,77.45,,,,,
7441,13.9,43.52,-0.5,0,0.67,0,-2.87,-31.68,34.39,45.71,-22.8,3.79,103.14,-19.02,84.12,,,,,
7451,21.38,39.73,0.4,0,0.04,0,0.01,-30.34,25.12,44.77,-23.31,3.85,101.11,-19.46,81.65,,,,,
7461,20.07,43.83,-0.93,0,0.17,0,-0.55,-29.24,27.72,43.3,-23.93,3.85,104.36,-20.08,84.28,,,,,
7471,15.24,51.48,-0.13,0,0.14,0,-5.53,-31.97,31.39,45.94,-23.44,3.86,106.56,-19.59,86.98,,,,,
7481,10.56,34.23,3.83,0,0.65,0,0.57,-30.39,30.98,44.62,-23.26,3.8,95.06,-19.46,75.6,,,,,
7491,15.04,42.96,-0.21,0,0.1,0,-3.54,-31.6,27.34,45.28,-23.22,3.82,95.38,-19.4,75.98,,,,,
7501,16.93,44.82,1.94,0,0.39,0,-4.42,-32.6,30.17,47.13,-23.09,3.8,104.36,-19.29,85.07,,,,,
7511,19.21,40.02,6.47,0,0.18,0,-3.28,-31.43,29.25,45.44,-23.73,3.83,105.84,-19.9,85.94,,,,,
7521,10.27,30.98,12.39,0,0.22,0,0.06,-33.01,34.35,46.03,-22.63,3.76,101.28,-18.87,82.4,,,,,
7531,11.57,38.79,-0.27,0,0.29,0,-1.24,-31.72,35.86,46.55,-23.15,3.85,99.84,-19.3,80.54,,,,,
7541,14.73,38.54,11.86,0,0.28,0,-4.93,-32.73,32.8,46.11,-22.31,3.83,106.66,-18.48,88.18,,,,,
7551,15.96,38.97,4.26,0,0.58,0,1.16,-33.14,31.46,44.66,-21.53,3.76,103.9,-17.78,86.13,,,,,
7561,16.73,37.27,8.3,0,0.27,0,-1.42,-32.07,31.97,44.79,-22.84,3.8,105.83,-19.04,86.8,,,,,
7571,16.46,33.29,0.24,0,0.15,0,-1.06,-30.74,32.91,46.63,-23.84,3.81,97.87,-20.03,77.84,,,,,
7581,9.52,43.77,4.46,0,0.12,0,-3.33,-33.69,33.12,47.03,-22.23,3.78,101.02,-18.45,82.56,,,,,
7591,13.33,38.76,6.78,0,0.14,0,-4.48,-31.55,30.77,45.01,-22.56,3.85,98.76,-18.71,80.05,,,,,
7601,13.39,42.11,2.54,0,0.36,0,-2.93,-31.06,32.74,45.34,-23.39,3.84,102.49,-19.55,82.94,,,,,
7611,14.7,31.42,11.17,0,0.1,0,-3.36,-37.32,32.5,48.02,-20.32,3.76,97.23,-16.56,80.67,,,,,
7621,13.41,32.21,10.59,0,0.13,0,-2.97,-36.18,31.24,47.36,-20.63,3.77,95.8,-16.87,78.93,,,,,
7631,20.41,45.1,-0.61,0,0.06,0,-2.69,-31.39,32.22,45.19,-23.15,3.85,108.29,-19.3,88.99,,,,,
7641,13.9,37.22,1.28,0,0.19,0,-0.11,-31.09,33.17,45.49,-23.16,3.82,100.06,-19.34,80.73,,,,,
7651,19.15,37.75,6.62,0,0.12,0,-0.73,-32.55,29.14,46.81,-23.21,3.83,106.32,-19.37,86.94,,,,,
7661,13.01,34.75,0.36,0,0.07,0,-0.11,-31.15,32.53,45.74,-23.2,3.81,95.21,-19.39,75.82,,,,,
7671,14.85,35.38,0.29,0,0.09,0,1.59,-30.54,29.98,45.2,-23.59,3.78,96.84,-19.81,77.03,,,,,
7681,22.81,35.76,2.57,0,0.46,0,-2.58,-30.5,28.93,45.26,-24.11,3.81,102.71,-20.29,82.42,,,,,
7691,12.17,38.65,10.16,0,0.23,0,-3.65,-33.09,35.74,46.08,-21.92,3.78,106.29,-18.14,88.15,,,,,
7701,19.83,35.61,5.8,0,0.19,0,-2.08,-31.92,30.65,46.13,-22.65,3.79,104.23,-18.86,85.37,,,,,
7711,18.89,32.9,-2.21,0,0.2,0,-1.16,-32.38,28.26,45.85,-22.87,3.81,90.35,-19.07,71.28,,,,,
7721,16.48,40.52,-0.08,0,0.14,0,-1.74,-32.92,33.55,47.25,-22.45,3.8,103.21,-18.65,84.56,,,,,
7731,19.72,39.66,-3.59,0,0.16,0,-0.57,-31.4,27.78,46.06,-23.73,3.81,97.81,-19.92,77.89,,,,,
7741,14.06,36.21,3.75,0,0.13,0,-0.31,-31.7,32.2,45.69,-23.7,3.8,100.03,-19.9,80.13,,,,,
7751,12.68,40.57,3.58,0,0.66,0,0.47,-30.53,32.91,44.43,-22.58,3.8,104.77,-18.78,85.99,,,,,
7761,19.76,37.04,1.92,0,0.46,0,-2.01,-31,28.76,45.55,-23.88,3.79,100.5,-20.09,80.4,,,,,
7771,13.52,39.75,5.28,0,0.18,0,-3.45,-31.77,30.66,45.07,-23.1,3.81,99.24,-19.29,79.95,,,,,
7781,13.04,30.23,3.03,0,0.13,0,-0.24,-31.53,37.89,45.34,-22.07,3.75,97.89,-18.32,79.58,,,,,
7791,22.53,47.34,-1.3,0,0.13,0,-2.01,-30.33,25.4,44.41,-23.52,3.86,106.17,-19.65,86.52,,,,,
7801,17.45,42.14,-2.94,0,0.27,0,-0.75,-30.94,28.78,45.2,-23.32,3.84,99.22,-19.47,79.75,,,,,
7811,19.91,35.58,10.63,0,0.59,0,-2.23,-31.6,31.45,44.89,-22.62,3.85,109.24,-18.78,90.46,,,,,
7821,14.2,33.83,11.02,0,0.2,0,-4.43,-33.14,29.25,45.55,-21.69,3.81,96.47,-17.87,78.6,,,,,
7831,10.42,42.46,2.03,0,0.06,0,-4.22,-33.79,35.5,47.65,-22.47,3.82,100.12,-18.65,81.47,,,,,
7841,18.03,37.93,8.13,0,0.31,0,-3.14,-31.8,29.68,44.93,-23.14,3.86,104.08,-19.27,84.81,,,,,
7851,16.32,41.66,6.19,0,0.34,0,-0.7,-30.98,29.69,44.73,-23.65,3.8,107.24,-19.85,87.39,,,,,
7861,20.18,45.17,2.55,0,0.14,0,0.26,-33.22,34.36,47.04,-23.03,3.77,116.49,-19.26,97.23,,,,,
7871,17.06,39.41,-2.94,0,0.13,0,-0.24,-32.49,33.27,46.54,-23.37,3.84,100.75,-19.54,81.21,,,,,
7881,12.42,43.1,-4.16,0,0.09,0,-0.83,-31.71,31.6,46.02,-22.58,3.77,96.53,-18.81,77.72,,,,,
7891,14.22,38.96,8.4,0,0.19,0,-1.59,-32.18,33.32,46.09,-22.91,3.8,107.4,-19.11,88.29,,,,,
7901,11.35,39.52,0.86,0,0.06,0,-1.09,-30.89,34.43,45.92,-22.89,3.81,100.16,-19.09,81.07,,,,,
7911,16.04,35.14,-1.5,0,0.11,0,-1.35,-31.43,29.24,45.52,-23.25,3.82,91.77,-19.43,72.34,,,,,
7921,8.18,34.61,12.36,0,0.19,0,-4.52,-34.04,33.05,46.76,-21.76,3.81,96.59,-17.96,78.63,,,,,
7931,12.22,39.62,5.71,0,0.89,0,-2.08,-30.15,30.99,44.66,-23.55,3.82,101.87,-19.73,82.14,,,,,
7941,11.14,42.32,2.76,0,0.95,0,-0.6,-32.08,33.42,44.99,-22.67,3.82,102.89,-18.84,84.05,,,,,
7951,15.91,34.51,5.47,0,0.19,0,-2.84,-31.26,28.58,44.99,-22.95,3.81,95.57,-19.13,76.43,,,,,
7961,13.25,40.74,5.6,0,0.12,0,-1.6,-33.93,38.14,47.66,-22.89,3.78,109.99,-19.11,90.88,,,,,
7971,17.13,28.61,3.84,0,0.13,0,3.79,-31.55,33.81,45.99,-22.73,3.78,101.75,-18.96,82.79,,,,,
7981,16.59,38.87,-0.29,0,0.22,0,-3.05,-33.07,28.8,46.64,-22.18,3.78,94.7,-18.41,76.29,,,,,
7991,17.59,36.91,-0.37,0,0.27,0,-1.22,-31.67,29.19,46.14,-23.34,3.83,96.85,-19.51,77.33,,,,,
8001,12.59,39.92,7.26,0,0.2,0,-2.98,-31.14,29.08,45.14,-23.36,3.86,100.05,-19.5,80.55,,,,,
8011,11.09,43.33,6.22,0,0.08,0,-3.19,-32.89,33.48,45.72,-22.36,3.8,103.84,-18.56,85.28,,,,,
8021,12.76,49.86,5.1,0,0.19,0,-2.84,-31.54,30.49,44.65,-23.71,3.87,108.66,-19.84,88.82,,,,,
8031,17.07,36.25,1.18,0,0.15,0,-1.55,-31.64,33.76,46.45,-23.1,3.81,101.68,-19.29,82.39,,,,,
8041,14.27,42.8,3.83,0,0.26,0,-2.17,-30.45,28.87,45.17,-24.09,3.8,102.58,-20.29,82.29,,,,,
8051,13.47,43.99,-0.96,0,0.25,0,-2.61,-30.81,29.5,45.21,-23.35,3.85,98.02,-19.5,78.52,,,,,
8061,11.85,47.12,-4.3,0,0.19,0,0.37,-31.23,29.91,45.79,-23.39,3.82,99.71,-19.57,80.14,,,,,
8071,16.4,45.03,-4.63,0,0.18,0,2.86,-31.36,36.42,46.36,-23.03,3.8,111.26,-19.23,92.03,,,,,
8081,12.72,43.82,-0.03,0,0.08,0,-2.13,-31.95,29.63,45.6,-22.49,3.83,97.75,-18.66,79.08,,,,,
8091,18.85,36.67,1.24,0,0.6,0,-1.11,-31.07,28.69,45.22,-23.66,3.85,99.09,-19.81,79.28,,,,,
8101,16.29,39.79,5.79,0,0.25,0,-0.43,-31.24,31.48,45.28,-23.48,3.8,107.2,-19.68,87.52,,,,,
8111,15.59,41.07,-0.52,0,0.23,0,-2.04,-30.92,31.4,45.58,-24.12,3.88,100.4,-20.24,80.16,,,,,
8121,13.02,38.02,12.17,0,0.29,0,-5.29,-32.47,29.84,44.79,-22.8,3.8,100.37,-19,81.37,,,,,
8131,22.71,34.12,8.6,0,0.21,0,-0.17,-31.23,29.48,44.75,-23,3.83,108.47,-19.17,89.3,,,,,
8141,12.82,43.69,3.97,0,0.19,0,-3.65,-31.8,29.83,45.1,-22.76,3.83,100.14,-18.92,81.21,,,,,
8151,12.38,46.43,-0.72,0,0.08,0,-1.23,-31.4,33.71,46.85,-23.95,3.82,106.09,-20.13,85.96,,,,,
8161,16.9,45.91,3.47,0,0.16,0,-2.87,-30.58,34.65,45.04,-24.17,3.86,112.68,-20.31,92.37,,,,,
8171,17.85,38.17,5.46,0,1.25,0,-1.36,-31.87,29.62,45.46,-23.2,3.82,104.59,-19.38,85.22,,,,,
8181,10.71,51.13,4.58,0,0.18,0,-3.53,-31.32,32.13,45.27,-23.64,3.88,109.14,-19.77,89.37,,,,,
8191,9.86,40.55,1.39,0,0.41,0,0.1,-31.31,33.24,46.46,-22.95,3.84,100.7,-19.11,81.59,,,,,
8201,16.37,43.9,7.95,0,0.21,0,-4.02,-33.36,31.11,46.9,-22.96,3.78,109.06,-19.17,89.88,,,,,
8211,9.79,42.21,5.18,0,0.09,0,-1.77,-30.96,30.64,44.1,-23.99,3.83,99.28,-20.16,79.12,,,,,
8221,17.76,29.72,6.76,0,0.27,0,-0.39,-30.51,26.72,43.97,-23.07,3.85,94.31,-19.22,75.09,,,,,
8231,14.67,43.16,5.41,0,0.1,0,-2.62,-30.05,28.5,44.08,-23.75,3.85,103.25,-19.89,83.36,,,,,
8241,17.67,40.63,5.11,0,0.19,0,-4.43,-32.17,30.82,46.32,-23.27,3.81,104.14,-19.46,84.68,,,,,
8251,12.14,41.95,6.25,0,0.12,0,-0.7,-30.92,29.28,44.16,-23.13,3.81,102.29,-19.32,82.96,,,,,
8261,14.39,34.54,3.69,0,0.29,0,-1.22,-33.16,29.76,45.46,-22.86,3.83,93.74,-19.03,74.72,,,,,
8271,10.36,43.56,-1.34,0,0.06,0,-4.16,-32.15,33.56,46.59,-23.13,3.83,96.47,-19.3,77.17,,,,,
8281,16.6,39.69,0.15,0,0.09,0,-1.4,-31.78,29.37,45.95,-23.17,3.8,98.67,-19.37,79.3,,,,,
8291,17.58,35.67,18.56,0,0.34,0,-3.71,-31.91,28.6,44.07,-22.87,3.81,109.21,-19.06,90.15,,,,,
8301,11.64,45.89,3.96,0,0.18,0,-3.33,-31.67,34.65,46.3,-22.9,3.85,107.62,-19.05,88.56,,,,,
8311,18.07,45.32,-2.81,0,0.22,0,-2.46,-32.86,34.36,46.92,-22.47,3.82,106.76,-18.65,88.11,,,,,
8321,14.65,41.42,3.35,0,0.82,0,-2.07,-31.37,31.66,45.18,-22.91,3.82,103.64,-19.09,84.54,,,,,
8331,21.69,39.48,-2.25,0,0.21,0,-1.91,-32.29,29.81,46.37,-22.82,3.84,101.11,-18.98,82.13,,,,,
8341,16.1,39.38,-0.22,0,0.14,0,-3.17,-32.78,28.91,46.33,-23.3,3.85,94.69,-19.45,75.24,,,,,
8351,16.58,40.09,5.36,0,0.18,0,-0.27,-30.45,32.51,45.83,-24.1,3.87,109.82,-20.22,89.6,,,,,
8361,13.71,33.84,4.78,0,0.13,0,-0.64,-32.51,32.83,44.92,-22.8,3.83,97.05,-18.97,78.09,,,,,
8371,11.85,36.63,4.22,0,0.12,0,-5.09,-31.63,32.29,46.16,-22.78,3.85,94.55,-18.94,75.61,,,,,
8381,17.53,50.01,-1.69,0,0.13,0,-3.03,-31.42,30.5,45.93,-23.51,3.84,107.96,-19.67,88.29,,,,,
8391,11.39,46.44,3.88,0,0.1,0,-3.42,-32.54,31.48,46.13,-22.87,3.81,103.45,-19.06,84.39,,,,,
8401,21.1,42.6,-0.59,0,0.52,0,-3.34,-31.75,34.16,46.12,-22.85,3.87,108.84,-18.98,89.86,,,,,
8411,13.2,44.73,1.5,0,0.31,0,-0.8,-32.37,31.13,46.99,-24.46,3.9,104.68,-20.56,84.12,,,,,
8421,14.34,33.16,0.52,0,0.09,0,-2.94,-31.28,33.64,44.97,-23.6,3.86,92.49,-19.73,72.76,,,,,
8431,14.72,38.67,-0.62,0,0.17,0,-1.74,-31.62,28.46,46.32,-23.49,3.89,94.36,-19.6,74.76,,,,,
8441,14.08,38.37,-0.44,0,0.45,0,0.72,-31.63,36.36,45.75,-24.05,3.84,103.66,-20.22,83.45,,,,,
8451,22.79,44.2,7.93,0,0.48,0,-5.59,-31.9,27.72,45.2,-24.24,3.92,110.82,-20.32,90.51,,,,,
8461,13.61,37.06,3.9,0,0.28,0,-2.14,-33.23,34.74,46.55,-22.14,3.83,100.78,-18.3,82.48,,,,,
8471,18.85,36.52,8.77,0,0.6,0,-4.15,-33.62,29.42,46.46,-22.85,3.87,102.85,-18.98,83.87,,,,,
8481,19.73,37.11,-0.27,0,0.27,0,1.6,-30.44,28.27,45.1,-24.13,3.85,101.38,-20.28,81.1,,,,,
8491,14.58,40.48,7.35,0,0.21,0,-3.31,-30.24,29.74,45.44,-25.28,3.92,104.23,-21.36,82.87,,,,,
8501,17.31,35.37,9.56,0,0.22,0,-4.4,-34.12,29.97,46.14,-21.57,3.87,100.05,-17.7,82.34,,,,,
8511,18.71,32.67,19.15,0,0.16,0,-5.73,-36.08,30.79,45.86,-20.68,3.85,105.52,-16.83,88.68,,,,,
8521,16.14,37.72,4.14,0,0.3,0,-1.31,-30.85,34.52,45.13,-22.9,3.87,105.79,-19.02,86.77,,,,,
8531,13.61,36.37,8.54,0,0.22,0,-2.23,-32.91,33.53,44.48,-21.43,3.84,101.61,-17.58,84.03,,,,,
8541,23.58,35.42,-1.38,0,0.17,0,-2.29,-31.13,27.33,44.12,-22.36,3.87,95.81,-18.48,77.32,,,,,
8551,10.29,43.04,1.54,0,0.1,0,0.38,-33.15,34.49,46.19,-21.79,3.84,102.87,-17.95,84.92,,,,,
8561,16.14,40.64,9.58,0,0.15,0,-4.11,-33.22,30.65,45.89,-21.91,3.87,105.72,-18.04,87.68,,,,,
8571,15.84,44.2,1.03,0,0.23,0,-3.62,-31.97,30.39,45.09,-22.32,3.88,101.2,-18.44,82.76,,,,,
8581,13.91,34.58,9.02,0,0.32,0,-3.61,-32.7,33.62,45.11,-22.48,3.86,100.23,-18.61,81.62,,,,,
8591,18.12,34.56,5.63,0,0.13,0,-1.89,-33.22,34.06,45.62,-22.56,3.91,103.02,-18.65,84.37,,,,,
8601,13.57,36.35,11.89,0,0.38,0,-3.69,-33.39,32.34,45.24,-22.18,3.84,102.7,-18.34,84.35,,,,,
8611,21.09,28.2,10.57,0,0.51,0,-3.05,-33.54,31.28,45.11,-22.18,3.86,100.17,-18.32,81.85,,,,,
8621,18.51,42.56,-0.22,0,0.06,0,-1.44,-32.37,33.82,45,-22.4,3.87,105.92,-18.53,87.39,,,,,
8631,17.41,43.17,1.54,0,0.15,0,-2.52,-33.24,31.18,46.16,-22.77,3.86,103.86,-18.91,84.95,,,,,
8641,17.23,44.75,-1.87,0,0.79,0,-1.8,-32.62,29.02,46.04,-22.67,3.89,101.52,-18.78,82.74,,,,,
8651,12.84,44.11,3.6,0,0.38,0,-1.68,-33.82,31.09,45.09,-21.53,3.84,101.6,-17.69,83.91,,,,,
8661,10.8,34.78,11.02,0,0.15,0,-4.82,-35.08,33.21,45.02,-21.03,3.83,95.08,-17.2,77.87,,,,,
8671,15.61,31.51,5.99,0,0.14,0,-4.41,-31.74,28.07,45.15,-22.94,3.92,90.31,-19.02,71.29,,,,,
8681,17.92,36.5,0.44,0,0.67,0,-1.7,-31.47,30.24,46.44,-23.66,3.9,99.04,-19.76,79.27,,,,,
8691,18.54,39.06,-0.21,0,0.32,0,-2.52,-33.75,30.64,46.59,-22.1,3.88,98.67,-18.22,80.45,,,,,
8701,15.48,45.39,5.75,0,0.12,0,-2.39,-33.63,34.07,44.94,-21.96,3.85,109.72,-18.11,91.61,,,,,
8711,15.82,50.15,3.67,0,0.41,0,-1.79,-32.33,27.37,44.54,-22,3.89,107.85,-18.11,89.73,,,,,
8721,14.45,34.34,8.43,0,0.23,0,-3.11,-33.57,35.13,44.94,-20.56,3.82,100.83,-16.74,84.09,,,,,
8731,14.08,28.23,3.34,0,0.16,0,-1.8,-34.17,37.95,45.8,-21.21,3.79,93.58,-17.41,76.17,,,,,
8741,18.65,30.07,13.02,0,0.27,0,-3.71,-35.92,35.09,45.76,-20.8,3.83,103.23,-16.97,86.26,,,,,
8751,9.98,38.5,2.74,0,0.17,0,2.03,-33.39,33.49,44.69,-21.43,3.85,98.22,-17.58,80.64,,,,,
8761,13.26,38.55,1.9,0,0.23,0,-1.77,-31.54,29.86,45.48,-23.1,3.93,95.97,-19.17,76.8,,,,,
8771,13.2,35.57,4.15,0,0.43,0,-1.22,-33.3,30.32,45.66,-22.32,3.88,94.81,-18.44,76.37,,,,,
8781,13.22,35,0.18,0,0.11,0,-2.35,-32.56,32.7,45.55,-21.9,3.84,91.85,-18.06,73.79,,,,,
8791,15.83,42.96,1.45,0,0.27,0,-2.81,-33.38,29.34,45.07,-22.12,3.86,98.73,-18.26,80.47,,,,,
8801,14.21,33.62,3.75,0,0.22,0,-3.51,-33.98,33.42,46.08,-21.99,3.83,93.8,-18.15,75.65,,,,,
8811,14.61,36.11,3.1,0,0.22,0,2.16,-31.6,34.22,44.84,-22.65,3.85,103.65,-18.8,84.85,,,,,
8821,13.16,32.39,8.27,0,0.18,0,-3.83,-31.55,36.82,44.56,-22.46,3.88,100,-18.58,81.42,,,,,
8831,13.71,37.16,0.22,0,0.39,0,-1.21,-31.73,30.4,45.35,-22.24,3.84,94.3,-18.4,75.91,,,,,
8841,18.27,45.18,0.68,0,0.25,0,-3.64,-33.1,28.24,45.39,-21.42,3.88,101.25,-17.54,83.71,,,,,
8851,13.67,28.43,6.86,0,0.24,0,-2.03,-32.53,34.51,45.07,-22.06,3.87,94.23,-18.19,76.03,,,,,
8861,19.18,34.03,5.63,0,0.18,0,-4.65,-33.85,29.7,44.92,-21.25,3.84,95.15,-17.41,77.74,,,,,
8871,10.46,38.66,5.03,0,0.33,0,-3.9,-35.07,34.87,47.54,-21.46,3.79,97.91,-17.68,80.23,,,,,
8881,18.09,38.51,15.1,0,0.17,0,-3.46,-34.69,28.31,44.78,-21.14,3.84,106.81,-17.3,89.51,,,,,
8891,20.86,36.48,6.22,0,0.16,0,-0.74,-31.42,31.03,44.84,-21.85,3.83,107.44,-18.02,89.42,,,,,
8901,15.23,39.12,12.72,0,0.67,0,-3.36,-34.4,28.6,45.8,-21.42,3.84,104.37,-17.58,86.79,,,,,
8911,13.99,33.69,10.33,0,0.24,0,-3.03,-33.74,35.38,45.15,-21.51,3.81,102.01,-17.7,84.31,,,,,
8921,14.83,31.09,16.62,0,0.42,0,-5.82,-33.78,28.58,44.88,-22.06,3.85,96.83,-18.21,78.62,,,,,
8931,13.31,35.22,4.57,0,0.14,0,-0.89,-33.33,32.29,45.54,-21.85,3.85,96.85,-18,78.85,,,,,
8941,16.28,35.76,0.87,0,0.81,0,-1.55,-33.65,33.08,45.96,-21.37,3.82,97.56,-17.56,80,,,,,
8951,17.28,37.93,0.83,0,0.14,0,-4.49,-32.71,32.4,47.67,-22.79,3.9,99.06,-18.89,80.17,,,,,
8961,13.08,37.08,6.19,0,0.1,0,-3.55,-34.82,34.29,45.38,-20.53,3.83,97.74,-16.7,81.04,,,,,
8971,18.72,37.14,3.94,0,0.13,0,-2.18,-32.06,31.2,43.75,-21.97,3.87,100.64,-18.1,82.54,,,,,
8981,9.33,40.86,11.32,0,0.16,0,-2.8,-33.97,30.95,46.69,-21.68,3.82,102.54,-17.86,84.69,,,,,
8991,13.38,35.81,9.14,0,0.34,0,-3.81,-33.63,35.27,45.94,-21.6,3.84,102.43,-17.76,84.66,,,,,
9001,11.06,34.25,2.89,0,0.09,0,-3.7,-32.7,32.42,44.84,-22.34,3.88,89.15,-18.46,70.69,,,,,
9011,14.76,46.12,-0.85,0,0.06,0,-1.66,-31.68,31.95,44.29,-22.23,3.87,103.01,-18.37,84.64,,,,,
9021,11.59,29.67,9.09,0,0.19,0,-4.36,-35.47,38.53,47.69,-21.32,3.8,96.93,-17.52,79.41,,,,,
9031,13.16,34.61,-2.26,0,0.04,0,-0.91,-31.75,32.48,45.06,-22.85,3.89,90.44,-18.96,71.48,,,,,
9041,14.61,37.07,1.1,0,0.14,0,-1.56,-32.44,30.72,45.45,-22.32,3.88,95.1,-18.44,76.66,,,,,
9051,14.47,37.13,3.49,0,0.5,0,-1.53,-32.69,32.68,46.19,-22.22,3.84,100.23,-18.38,81.85,,,,,
9061,16.49,37.22,3.53,0,0.38,0,-0.19,-31.35,30.45,45.29,-22.97,3.9,101.81,-19.07,82.75,,,,,
9071,15.04,39.09,3.72,0,0.26,0,-4.75,-32.93,29.28,46.47,-22.66,3.88,96.19,-18.77,77.41,,,,,
9081,16.27,34.02,7.19,0,0.22,0,-3.01,-32.46,29.43,45.07,-23.17,3.89,96.72,-19.28,77.44,,,,,
9091,14.33,39.19,1.88,0,0.5,0,-4.06,-31.75,31.48,46.17,-24.12,3.91,97.75,-20.21,77.54,,,,,
9101,16.58,31.86,13.63,0,1.33,0,-3.14,-30.95,29.04,45.8,-23.35,3.89,104.14,-19.46,84.68,,,,,
9111,12.08,33.4,5.31,0,0.12,0,-2.82,-33.04,37.22,46.51,-22.92,3.86,98.78,-19.05,79.73,,,,,
9121,8.8,39.96,1.81,0,0.04,0,-1.81,-32.89,33.14,45.32,-22.06,3.89,94.37,-18.17,76.2,,,,,
9131,18.77,36.49,3.18,0,0.24,0,-3.97,-33.8,30.92,47.3,-22.35,3.85,99.12,-18.5,80.62,,,,,
9141,18.2,37.38,8.16,0,0.3,0,-3.11,-34.8,27.06,45.44,-21.04,3.85,98.64,-17.19,81.44,,,,,
9151,11.28,41.51,5.91,0,0.36,0,-2.44,-33.52,29.38,45.64,-21.44,3.87,98.11,-17.56,80.55,,,,,
9161,13.54,38.06,8.79,0,0.13,0,-2.77,-33.22,33.54,46.3,-22.99,3.92,104.38,-19.08,85.3,,,,,
9171,11.33,32.22,13.46,0,0.17,0,-5.02,-35.37,34.35,47.54,-21.4,3.82,98.69,-17.57,81.11,,,,,
9181,17.3,36.97,2.37,0,0.21,0,1.46,-32.64,32.33,45.83,-22.89,3.92,103.83,-18.97,84.86,,,,,
9191,10.37,37.75,7.06,0,0.09,0,-2.16,-33.18,33.92,45.4,-21.85,3.88,99.26,-17.97,81.29,,,,,
9201,15.17,35.91,3.53,0,0.35,0,-2.86,-33.03,30.43,46.31,-22.16,3.89,95.82,-18.27,77.56,,,,,
9211,13.62,41.51,11.66,0,0.18,0,-4.9,-33.87,32.3,47,-21.74,3.88,107.49,-17.86,89.64,,,,,
9221,16.95,42.74,-0.42,0,0.53,0,-3.34,-34.03,30.6,47.38,-22.81,3.89,100.43,-18.92,81.51,,,,,
9231,12.63,41.09,5.59,0,0.21,0,-3.88,-33.85,31.1,45.72,-21.31,3.89,98.62,-17.42,81.2,,,,,
9241,13.4,36.12,9.38,0,0.24,0,-3.94,-33.88,34.49,45.22,-21.35,3.81,101.02,-17.54,83.48,,,,,
9251,22.5,32.16,7.18,0,0.13,0,-2.95,-35.58,25.82,46.44,-20.82,3.84,95.7,-16.98,78.73,,,,,
9261,17.82,39.33,5.1,0,0.08,0,0.5,-31.03,33.71,44.56,-23.05,3.89,110.05,-19.16,90.89,,,,,
9271,13.47,34.58,2.71,0,0.18,0,-2.95,-32.56,34.36,45.12,-22.58,3.9,94.91,-18.68,76.23,,,,,
9281,15.96,44.92,-0.46,0,0.25,0,-1.41,-33.78,29.87,45.12,-21.47,3.86,100.48,-17.61,82.87,,,,,
9291,19.17,39.82,3.58,0,0.22,0,-0.72,-32.79,30.13,44.5,-21.44,3.86,103.92,-17.58,86.34,,,,,
9301,18.9,42.97,2.98,0,0.19,0,-3.42,-34.02,33.48,46.08,-21.53,3.86,107.15,-17.67,89.48,,,,,
9311,14.64,40.04,7.93,0,0.25,0,-2.65,-33.21,32.61,45.28,-22.26,3.9,104.88,-18.36,86.52,,,,,
9321,19.15,33.89,4.61,0,0.26,0,-2.13,-33.22,31.98,45.5,-21.96,3.89,100.05,-18.08,81.98,,,,,
9331,12.63,33.87,9.53,0,0.09,0,-3.19,-35.01,31.47,46.62,-21.67,3.85,96.02,-17.82,78.2,,,,,
9341,13.54,37.38,8.49,0,0.04,0,-3.28,-32.98,31.71,44.38,-21.33,3.86,99.27,-17.47,81.8,,,,,
9351,15.43,33.87,5.04,0,0.23,0,-1.77,-35.21,35.68,46.69,-20.74,3.84,99.95,-16.9,83.05,,,,,
9361,13.53,29.22,6.24,0,0.4,0,-2.01,-35.79,35.31,45.65,-20.55,3.81,92.54,-16.74,75.8,,,,,
9371,12.8,36.86,3.42,0,0.06,0,-4.93,-33.34,31.14,46.03,-21.87,3.87,92.04,-17.99,74.04,,,,,
9381,17.74,36.93,0.4,0,0.04,0,-3.01,-34.28,32.5,47.11,-22.59,3.89,97.44,-18.7,78.74,,,,,
9391,19.28,34.81,7.2,0,0.09,0,-3.17,-35.14,33.67,46.63,-21.22,3.82,103.38,-17.4,85.98,,,,,
9401,14.5,30.49,8.82,0,0.27,0,-3.85,-34.4,29.76,46.33,-21.1,3.88,91.93,-17.23,74.7,,,,,
9411,14.95,34.97,0.87,0,0.17,0,-3.24,-33.39,32.74,46.62,-21.96,3.88,93.69,-18.07,75.62,,,,,
9421,14.64,35.43,2.74,0,0.15,0,-4.07,-34.06,33.79,45.98,-21.49,3.86,94.61,-17.63,76.98,,,,,
9431,18.76,30.11,-1.19,0,0.14,0,-0.51,-32.36,29.13,44.73,-21.82,3.87,88.82,-17.95,70.87,,,,,
9441,14.04,44.88,2.35,0,0.14,0,-2.39,-33.66,33.04,46.01,-21.15,3.85,104.4,-17.29,87.11,,,,,
9451,15.27,43.59,0.27,0,0.12,0,-1.32,-32.76,31.76,46.16,-22.47,3.86,103.09,-18.62,84.47,,,,,
9461,15.6,44.76,0.59,0,0.27,0,-3.43,-32.55,31.52,45.29,-22.37,3.87,102.06,-18.5,83.56,,,,,
9471,14.27,35.78,5.24,0,0.26,0,-1.47,-34.05,29.87,45.84,-21.22,3.83,95.74,-17.39,78.35,,,,,
9481,16.47,41.58,4.29,0,0.17,0,-2.83,-33.21,31.59,45.72,-22.32,3.87,103.77,-18.45,85.32,,,,,
9491,16.16,28.03,11.89,0,0.29,0,-3.98,-33.69,30.32,45.19,-21.89,3.82,94.2,-18.06,76.14,,,,,
9501,11.65,29.69,4.03,0,0.2,0,-0.12,-32.74,38.61,45.61,-22,3.87,96.93,-18.13,78.79,,,,,
9511,13.51,40.47,-0.58,0,0.11,0,-4.08,-32.33,29.25,46.26,-22.59,3.86,92.61,-18.73,73.88,,,,,
9521,18.43,31.22,13.67,0,0.44,0,-1.62,-33.72,30.96,46.12,-22.09,3.79,105.49,-18.29,87.2,,,,,
9531,10.48,37.15,3.45,0,0.23,0,-1.61,-33.22,30.94,45.72,-22.38,3.89,93.15,-18.49,74.66,,,,,
9541,21.63,37.31,9.05,0,0.22,0,-3.87,-34.58,31.09,45.78,-21.62,3.86,106.62,-17.76,88.86,,,,,
9551,17.9,34.3,9.2,0,0.21,0,-1.34,-32.51,34.3,45.4,-21.86,3.86,107.45,-18.01,89.45,,,,,
9561,15,37.9,1.15,0,0.11,0,-1.52,-32.4,33.04,45.81,-21.76,3.84,99.09,-17.92,81.17,,,,,
9571,22.11,35.65,-2.72,0,0.09,0,1.01,-31.89,28.25,44.36,-22.07,3.87,96.87,-18.2,78.67,,,,,
9581,13.94,48.12,2.94,0,0.19,0,0.04,-32.74,30.71,44.46,-20.92,3.85,107.65,-17.07,90.59,,,,,
9591,13.46,38.17,5.95,0,0.61,0,-3.1,-32.19,29.05,45.11,-21.99,3.89,97.04,-18.1,78.95,,,,,
9601,14.39,43.88,2.41,0,0.1,0,-2.19,-32.85,34.46,46.55,-21.95,3.83,106.76,-18.12,88.64,,,,,
9611,13.13,40.93,6.16,0,0.47,0,-3.35,-35.38,30.99,46.41,-19.89,3.82,99.34,-16.07,83.27,,,,,
9621,16.24,38.72,-2.99,0,0.13,0,-1.21,-32.83,32.94,46.58,-22.42,3.87,97.58,-18.55,79.04,,,,,
9631,11.3,33.13,2.35,0,0.25,0,3.68,-34.13,33.31,45.91,-20.91,3.83,95.81,-17.08,78.73,,,,,
9641,12.94,46.54,4.09,0,0.47,0,-4.57,-33.08,31.96,45.95,-21.61,3.88,104.3,-17.73,86.57,,,,,
9651,13.11,34.01,-1.09,0,0.58,0,-0.08,-32.74,31.64,45.6,-21.42,3.84,91.04,-17.58,73.46,,,,,
9661,11.85,39.96,5.33,0,0.89,0,-2.38,-33.22,34.75,46.7,-22.42,3.87,103.87,-18.55,85.32,,,,,
9671,20.45,34.09,0.34,0,0.07,0,-0.16,-32.22,29.06,45.64,-22.96,3.86,97.28,-19.11,78.17,,,,,
9681,18.37,31.14,1.45,0,0.13,0,0.38,-33.14,30.97,44.97,-21.07,3.84,94.28,-17.23,77.04,,,,,
9691,17.26,37.03,0.81,0,0.2,0,-1.73,-33.49,28.33,46.12,-21.58,3.82,94.53,-17.75,76.78,,,,,
9701,14.63,31.68,-1.47,0,0.06,0,1,-33.33,34.7,45.76,-21.56,3.85,93.03,-17.7,75.33,,,,,
9711,20.85,46.7,-2.44,0,0.16,0,1.11,-33.83,29.79,46.34,-22.47,3.89,108.67,-18.59,90.08,,,,,
9721,15.48,39.54,1.33,0,0.19,0,-0.67,-34.59,30.74,46.23,-20.95,3.82,98.24,-17.13,81.1,,,,,
9731,15.55,41.09,4.23,0,0.23,0,-3.89,-33.4,30.76,44.89,-22.03,3.89,99.46,-18.14,81.33,,,,,
9741,14.72,46.22,1.48,0,0.11,0,-3.29,-33.32,30.08,46.06,-22.6,3.9,102.05,-18.71,83.35,,,,,
9751,14.65,47.32,-0.97,0,0.16,0,-2.54,-32.69,31.94,45.87,-22.63,3.88,103.74,-18.76,84.98,,,,,
9761,12.44,32.3,7.65,0,0.24,0,-0.47,-33.83,34.26,46.14,-21.41,3.83,98.75,-17.57,81.17,,,,,
9771,16.42,36.16,7.07,0,0.24,0,-1.83,-34.76,33.53,47.35,-21.97,3.82,104.18,-18.16,86.02,,,,,
9781,17.75,33.47,-0.41,0,0.69,0,-1.77,-33.75,31.16,46.12,-21.48,3.86,93.25,-17.61,75.64,,,,,
9791,10.57,33.31,0.46,0,0.33,0,-1.87,-33.23,35.55,46.66,-21.74,3.89,91.78,-17.85,73.94,,,,,
9801,19.76,33.24,11.13,0,0.47,0,-3.24,-34.84,31.27,44.55,-20.51,3.87,102.35,-16.64,85.7,,,,,
9811,21.62,29.82,10.09,0,0.26,0,-2.86,-33.89,31.41,45.24,-21.87,3.83,101.7,-18.04,83.66,,,,,
9821,16.47,36.1,0.59,0,0.33,0,-1.49,-32.17,29.44,46.3,-22.64,3.87,95.57,-18.76,76.81,,,,,
9831,11.78,34.96,6.21,0,0.13,0,-3.78,-33.9,31.84,45.94,-21.59,3.83,93.19,-17.76,75.43,,,,,
9841,15.55,31.99,6.51,0,0.13,0,-2.26,-34.16,30.56,46.21,-21.23,3.86,94.53,-17.37,77.16,,,,,
9851,12.46,37.32,8.53,0,0.11,0,-2.18,-33.61,33.58,44.91,-21.53,3.84,101.11,-17.69,83.42,,,,,
9861,11.53,33.02,11.22,0,0.23,0,-1.08,-34.71,34.45,45.87,-20.37,3.82,100.54,-16.55,83.99,,,,,
9871,18.05,44.91,1.12,0,0.35,0,-0.64,-33.39,30.7,45.74,-21.29,3.87,106.84,-17.42,89.43,,,,,
9881,10.06,35.82,6.63,0,0.27,0,-1.68,-34.12,33.03,46.08,-21.49,3.81,96.09,-17.68,78.41,,,,,
9891,15.85,32.47,6.27,0,0.11,0,-1.8,-31.37,34.11,44.55,-22.67,3.87,100.19,-18.8,81.39,,,,,
9901,15.59,34.2,5.94,0,0.6,0,-3.01,-33.84,35.98,46.98,-21.79,3.88,102.45,-17.91,84.54,,,,,
9911,11.06,41.03,3.03,0,0.21,0,-1.59,-32.06,31.59,44.11,-22.01,3.88,97.37,-18.13,79.24,,,,,
9921,15.77,36.23,5.97,0,0.24,0,-2.42,-34.13,35.4,45.18,-21.65,3.81,102.24,-17.85,84.4,,,,,
9931,7.5,35.61,3.44,0,0.18,0,-1.28,-32.81,35.21,46.29,-21.26,3.83,94.15,-17.43,76.71,,,,,
9941,14.13,32.3,5.94,0,0.12,0,-2.37,-33.11,31.89,45.6,-22.19,3.86,94.51,-18.33,76.18,,,,,
9951,12.53,38.41,-1.06,0,0.21,0,-2.86,-33.99,32.17,47.25,-21.4,3.8,92.67,-17.6,75.07,,,,,
9961,19.14,45.09,0.04,0,0.11,0,-2.56,-33.42,34.03,45.54,-21.55,3.88,107.98,-17.67,90.31,,,,,
9971,15.37,34.57,5.4,0,0.21,0,-3.3,-32.98,31.3,45.65,-21.67,3.86,96.22,-17.81,78.41,,,,,
9981,13.7,33.41,3.41,0,0.14,0,-1.84,-32.49,35.59,45.69,-21.76,3.84,97.62,-17.93,79.69,,,,,
9991,14.43,35.05,1.89,0,0.14,0,-1.29,-32.47,30.92,45.16,-21.65,3.87,93.83,-17.78,76.05,,,,,
10001,17.95,44.35,-2,0,0.05,0,-0.02,-33.38,31.72,45.85,-21.16,3.84,104.52,-17.32,87.2,,,,,
,,,,,,,,,,,,,,,,,,,,
Delta Energy Terms,,,,,,,,,,,,,,,,,,,,
Frame #,BOND,ANGLE,DIHED,UB,IMP,CMAP,VDWAALS,EEL,1-4 VDW,1-4 EEL,EGB,ESURF,GGAS,GSOLV,TOTAL,,,,,
1,0,0,0,0,0,0,-44.49,2.5,0,0,26.71,-5.97,-41.99,20.73,-21.26,,,RUN 2,AVE,STDV
11,0,0,0,0,0,0,-41.42,-2.76,0,0,31.51,-5.48,-44.17,26.03,-18.15,,,VDWAALS,-28.75668332,21.37678748
21,0,0,0,0,0,0,-47.54,-11.41,0,0,39.69,-5.72,-58.94,33.96,-24.98,,,EEL,-5.792067932,5.544598977
31,0,0,0,0,0,0,-48,-7.11,0,0,36.61,-6.05,-55.11,30.56,-24.56,,,GSOLV,18.52061938,13.783674
41,0,0,0,0,0,0,-49.01,-13.99,0,0,40.83,-5.61,-63,35.21,-27.79,,,GBIND,-16.02805195,12.18508962
51,0,0,0,0,0,0,-50.14,-8.31,0,0,38.95,-5.69,-58.45,33.26,-25.19,,,,,
61,0,0,0,0,0,0,-45.07,-9.27,0,0,35.52,-5.63,-54.33,29.9,-24.44,,,,,
71,0,0,0,0,0,0,-49.88,-11.51,0,0,39.02,-5.57,-61.39,33.45,-27.94,,,,,
81,0,0,0,0,0,0,-50.77,-9.64,0,0,37.23,-6.03,-60.41,31.19,-29.21,,,,,
91,0,0,0,0,0,0,-49.73,-11.08,0,0,41.09,-5.88,-60.81,35.21,-25.59,,,,,
101,0,0,0,0,0,0,-45.51,-12.48,0,0,41.21,-5.94,-57.99,35.27,-22.73,,,,,
111,0,0,0,0,0,0,-49.89,-11.28,0,0,39.28,-6.01,-61.17,33.27,-27.89,,,,,
121,0,0,0,0,0,0,-50.69,-7.77,0,0,35.74,-5.78,-58.46,29.96,-28.5,,,,,
131,0,0,0,0,0,0,-47.23,-13.06,0,0,38.87,-5.6,-60.29,33.27,-27.02,,,,,
141,0,0,0,0,0,0,-42.16,-5.06,0,0,32.02,-5.1,-47.22,26.92,-20.3,,,,,
151,0,0,0,0,0,0,-43.51,-5.99,0,0,35.66,-5.67,-49.5,29.99,-19.51,,,,,
161,0,0,0,0,0,0,-42.85,-7.36,0,0,32.17,-5.62,-50.21,26.55,-23.66,,,,,
171,0,0,0,0,0,0,-42.59,-3.68,0,0,32.88,-5.5,-46.27,27.38,-18.89,,,,,
181,0,0,0,0,0,0,-43.41,-8.92,0,0,39.64,-5.41,-52.33,34.23,-18.1,,,,,
191,0,0,0,0,0,0,-43.26,-8.05,0,0,35.76,-5.38,-51.31,30.39,-20.92,,,,,
201,0,0,0,0,0,0,-37.82,-2.24,0,0,29.98,-4.98,-40.06,25,-15.06,,,,,
211,0,0,0,0,0,0,-41.05,-10.7,0,0,37.5,-5.08,-51.75,32.42,-19.33,,,,,
221,0,0,0,0,0,0,-41.78,-13.44,0,0,38.26,-5.3,-55.22,32.97,-22.26,,,,,
231,0,0,0,0,0,0,-43.46,-15.81,0,0,41.39,-5.39,-59.26,35.99,-23.27,,,,,
241,0,0,0,0,0,0,-43.16,-12.59,0,0,40.62,-5.35,-55.75,35.26,-20.49,,,,,
251,0,0,0,0,0,0,-45.71,-14.46,0,0,42.84,-5.6,-60.16,37.24,-22.93,,,,,
261,0,0,0,0,0,0,-49.94,-9.41,0,0,39.08,-5.85,-59.35,33.23,-26.12,,,,,
271,0,0,0,0,0,0,-44.45,-8.88,0,0,36.36,-5.56,-53.33,30.8,-22.53,,,,,
281,0,0,0,0,0,0,-46.11,-3.24,0,0,33.8,-5.81,-49.35,27.99,-21.36,,,,,
291,0,0,0,0,0,0,-40.4,-8.25,0,0,36.22,-4.92,-48.65,31.31,-17.35,,,,,
301,0,0,0,0,0,0,-42.22,-6.28,0,0,34.48,-5.27,-48.49,29.21,-19.28,,,,,
311,0,0,0,0,0,0,-38.49,-14.37,0,0,38.02,-5.26,-52.86,32.76,-20.1,,,,,
321,0,0,0,0,0,0,-42.46,-7.98,0,0,36.99,-5.37,-50.44,31.62,-18.83,,,,,
331,0,0,0,0,0,0,-43.13,-8.24,0,0,35.5,-5.31,-51.37,30.19,-21.18,,,,,
341,0,0,0,0,0,0,-39.62,-7.44,0,0,33.7,-5.26,-47.05,28.44,-18.61,,,,,
351,0,0,0,0,0,0,-35.95,-5.44,0,0,29.62,-4.84,-41.39,24.78,-16.61,,,,,
361,0,0,0,0,0,0,-42.7,-9.21,0,0,33.79,-5.12,-51.92,28.67,-23.25,,,,,
371,0,0,0,0,0,0,-43.78,-23.48,0,0,44.6,-5.67,-67.26,38.93,-28.33,,,,,
381,0,0,0,0,0,0,-44.22,-23.15,0,0,45.16,-6.02,-67.37,39.14,-28.23,,,,,
391,0,0,0,0,0,0,-45.23,-24.06,0,0,44.73,-5.87,-69.29,38.86,-30.43,,,,,
401,0,0,0,0,0,0,-50.18,-17.37,0,0,43.46,-6.22,-67.56,37.24,-30.31,,,,,
411,0,0,0,0,0,0,-43.2,-12.11,0,0,39.96,-5.68,-55.31,34.28,-21.03,,,,,
421,0,0,0,0,0,0,-49.04,-15.58,0,0,42.73,-6.08,-64.62,36.65,-27.98,,,,,
431,0,0,0,0,0,0,-48.59,-10.9,0,0,39.4,-6.01,-59.49,33.39,-26.11,,,,,
441,0,0,0,0,0,0,-45.36,-8.43,0,0,35.91,-5.89,-53.79,30.02,-23.77,,,,,
451,0,0,0,0,0,0,-44.29,-10.95,0,0,36.09,-6.08,-55.24,30.01,-25.23,,,,,
461,0,0,0,0,0,0,-47.01,-9.7,0,0,36.66,-5.54,-56.71,31.12,-25.59,,,,,
471,0,0,0,0,0,0,-44.89,-10.63,0,0,37.43,-5.8,-55.52,31.63,-23.88,,,,,
481,0,0,0,0,0,0,-47.3,-15.28,0,0,43.34,-6.02,-62.58,37.32,-25.26,,,,,
491,0,0,0,0,0,0,-48.27,-16.14,0,0,42.39,-5.89,-64.41,36.5,-27.91,,,,,
501,0,0,0,0,0,0,-45.18,-13.23,0,0,37.74,-6.08,-58.41,31.66,-26.75,,,,,
511,0,0,0,0,0,0,-50.75,-18.43,0,0,43.33,-5.81,-69.17,37.52,-31.66,,,,,
521,0,0,0,0,0,0,-42.45,-19.54,0,0,44.37,-5.42,-61.99,38.95,-23.04,,,,,
531,0,0,0,0,0,0,-46.88,-17.34,0,0,40.24,-5.58,-64.22,34.66,-29.56,,,,,
541,0,0,0,0,0,0,-48.23,-15.52,0,0,41.7,-5.96,-63.76,35.74,-28.02,,,,,
551,0,0,0,0,0,0,-49.38,-13.63,0,0,42.27,-5.96,-63.02,36.31,-26.71,,,,,
561,0,0,0,0,0,0,-49.09,-16.05,0,0,40.8,-5.87,-65.14,34.93,-30.21,,,,,
571,0,0,0,0,0,0,-48.26,-15.05,0,0,40.04,-5.8,-63.31,34.23,-29.08,,,,,
581,0,0,0,0,0,0,-49.88,-15.64,0,0,41.56,-6.05,-65.52,35.5,-30.02,,,,,
591,0,0,0,0,0,0,-46.08,-13.44,0,0,37.87,-5.81,-59.52,32.07,-27.46,,,,,
601,0,0,0,0,0,0,-43.68,-8.16,0,0,32.9,-5.59,-51.84,27.3,-24.54,,,,,
611,0,0,0,0,0,0,-43.68,-8.39,0,0,33.52,-5.44,-52.07,28.08,-23.99,,,,,
621,0,0,0,0,0,0,-40.97,-5.43,0,0,32.41,-5.5,-46.39,26.91,-19.49,,,,,
631,0,0,0,0,0,0,-44.08,-14.74,0,0,37.84,-5.36,-58.82,32.48,-26.34,,,,,
641,0,0,0,0,0,0,-47.04,-13.52,0,0,38.55,-5.87,-60.56,32.68,-27.88,,,,,
651,0,0,0,0,0,0,-44.6,-12.33,0,0,37.06,-5.52,-56.93,31.54,-25.4,,,,,
661,0,0,0,0,0,0,-41.46,-12.66,0,0,34.83,-5.04,-54.12,29.79,-24.33,,,,,
671,0,0,0,0,0,0,-46.31,-11.48,0,0,37.1,-5.82,-57.8,31.28,-26.52,,,,,
681,0,0,0,0,0,0,-47.09,-7.03,0,0,34.08,-5.81,-54.13,28.27,-25.86,,,,,
691,0,0,0,0,0,0,-48.3,-13.22,0,0,37.82,-5.85,-61.52,31.97,-29.54,,,,,
701,0,0,0,0,0,0,-43.86,-12.15,0,0,38.58,-5.87,-56.01,32.72,-23.29,,,,,
711,0,0,0,0,0,0,-47.88,-5.48,0,0,34.2,-6.15,-53.36,28.05,-25.31,,,,,
721,0,0,0,0,0,0,-48.1,-13.09,0,0,37.16,-5.71,-61.19,31.46,-29.73,,,,,
731,0,0,0,0,0,0,-46.49,-12.85,0,0,37.43,-5.73,-59.33,31.7,-27.64,,,,,
741,0,0,0,0,0,0,-43.53,-14.13,0,0,39.41,-5.82,-57.67,33.59,-24.08,,,,,
751,0,0,0,0,0,0,-41.11,-15.12,0,0,38.18,-5.34,-56.24,32.84,-23.4,,,,,
761,0,0,0,0,0,0,-44.66,-12.04,0,0,39.4,-5.98,-56.7,33.42,-23.28,,,,,
771,0,0,0,0,0,0,-47.87,-10.76,0,0,37.31,-5.66,-58.64,31.65,-26.98,,,,,
781,0,0,0,0,0,0,-48.82,-15.94,0,0,41.26,-6.11,-64.76,35.15,-29.61,,,,,
791,0,0,0,0,0,0,-42.77,-16.15,0,0,41.9,-5.45,-58.92,36.45,-22.47,,,,,
801,0,0,0,0,0,0,-48.56,-15.42,0,0,41.69,-6,-63.98,35.7,-28.29,,,,,
811,0,0,0,0,0,0,-46.37,-14.66,0,0,40.02,-5.62,-61.03,34.39,-26.64,,,,,
821,0,0,0,0,0,0,-47.93,-17.24,0,0,43.78,-6.27,-65.17,37.51,-27.66,,,,,
831,0,0,0,0,0,0,-45.12,-11.17,0,0,37.6,-6.1,-56.29,31.5,-24.79,,,,,
841,0,0,0,0,0,0,-42.62,-13.54,0,0,37.19,-5.49,-56.16,31.7,-24.47,,,,,
851,0,0,0,0,0,0,-42.04,-8.52,0,0,33.35,-5.25,-50.56,28.1,-22.46,,,,,
861,0,0,0,0,0,0,-44.31,-9.23,0,0,35.34,-5.33,-53.54,30.01,-23.53,,,,,
871,0,0,0,0,0,0,-46.07,-9.88,0,0,37,-5.7,-55.95,31.31,-24.65,,,,,
881,0,0,0,0,0,0,-41.91,-10.62,0,0,37.2,-5.36,-52.54,31.84,-20.7,,,,,
891,0,0,0,0,0,0,-39.72,-8.32,0,0,33.71,-4.8,-48.04,28.91,-19.13,,,,,
901,0,0,0,0,0,0,-42.83,-4.02,0,0,29.03,-5.02,-46.85,24.01,-22.85,,,,,
911,0,0,0,0,0,0,-42.14,-14.29,0,0,38.58,-5.24,-56.42,33.34,-23.09,,,,,
921,0,0,0,0,0,0,-42.28,-9.49,0,0,33.92,-5.42,-51.77,28.5,-23.27,,,,,
931,0,0,0,0,0,0,-41.95,-14.44,0,0,36.02,-4.92,-56.38,31.09,-25.29,,,,,
941,0,0,0,0,0,0,-40.84,-13.21,0,0,38.87,-5.52,-54.06,33.35,-20.7,,,,,
951,0,0,0,0,0,0,-41.89,-7.77,0,0,35.71,-5.32,-49.66,30.39,-19.27,,,,,
961,0,0,0,0,0,0,-44.35,-3.81,0,0,29.36,-5.24,-48.16,24.12,-24.04,,,,,
971,0,0,0,0,0,0,-43.43,-10.46,0,0,36.59,-5.34,-53.89,31.26,-22.63,,,,,
981,0,0,0,0,0,0,-41.18,-8.6,0,0,34.37,-5.24,-49.78,29.13,-20.65,,,,,
991,0,0,0,0,0,0,-39.99,-0.69,0,0,25.28,-4.93,-40.68,20.35,-20.33,,,,,
1001,0,0,0,0,0,0,-39.55,-7.8,0,0,33.28,-5.05,-47.35,28.23,-19.12,,,,,
1011,0,0,0,0,0,0,-43.56,-3.23,0,0,31.89,-5.56,-46.79,26.33,-20.46,,,,,
1021,0,0,0,0,0,0,-43.83,-10.67,0,0,36.3,-5.54,-54.5,30.76,-23.74,,,,,
1031,0,0,0,0,0,0,-42.4,-10.13,0,0,35.18,-5.13,-52.52,30.05,-22.48,,,,,
1041,0,0,0,0,0,0,-44.68,-11.95,0,0,38.54,-5.51,-56.63,33.03,-23.6,,,,,
1051,0,0,0,0,0,0,-42.68,-13.04,0,0,36.84,-5.41,-55.72,31.43,-24.29,,,,,
1061,0,0,0,0,0,0,-45.65,-14.67,0,0,39.31,-5.82,-60.32,33.49,-26.83,,,,,
1071,0,0,0,0,0,0,-47.36,-9.01,0,0,39.78,-6.09,-56.37,33.69,-22.68,,,,,
1081,0,0,0,0,0,0,-47.74,-15.93,0,0,41.35,-5.99,-63.67,35.36,-28.31,,,,,
1091,0,0,0,0,0,0,-45.65,-11.76,0,0,38.92,-5.58,-57.41,33.34,-24.07,,,,,
1101,0,0,0,0,0,0,-48.62,-16.29,0,0,43.51,-5.68,-64.92,37.83,-27.09,,,,,
1111,0,0,0,0,0,0,-43.08,-11.38,0,0,39.39,-5.61,-54.46,33.78,-20.68,,,,,
1121,0,0,0,0,0,0,-44.77,-16.39,0,0,39.26,-5.81,-61.16,33.45,-27.7,,,,,
1131,0,0,0,0,0,0,-42.4,-18.09,0,0,42.16,-5.37,-60.49,36.79,-23.7,,,,,
1141,0,0,0,0,0,0,-42.64,-13.56,0,0,37.75,-5.45,-56.2,32.3,-23.9,,,,,
1151,0,0,0,0,0,0,-47.44,-11.18,0,0,38.93,-5.73,-58.62,33.2,-25.42,,,,,
1161,0,0,0,0,0,0,-43.41,-19.53,0,0,43.14,-5.53,-62.94,37.61,-25.33,,,,,
1171,0,0,0,0,0,0,-43.78,-12.32,0,0,38.67,-5.37,-56.09,33.3,-22.79,,,,,
1181,0,0,0,0,0,0,-40.05,-19.49,0,0,41.28,-4.77,-59.54,36.52,-23.02,,,,,
1191,0,0,0,0,0,0,-42.91,-6.78,0,0,32.2,-5.4,-49.69,26.8,-22.9,,,,,
1201,0,0,0,0,0,0,-45.3,-10.51,0,0,35.11,-5.61,-55.81,29.5,-26.31,,,,,
1211,0,0,0,0,0,0,-46.48,-10.68,0,0,36.1,-5.75,-57.16,30.36,-26.81,,,,,
1221,0,0,0,0,0,0,-47.76,-7.77,0,0,34.72,-6.21,-55.53,28.51,-27.02,,,,,
1231,0,0,0,0,0,0,-50.09,-6.96,0,0,32.54,-6.19,-57.05,26.35,-30.7,,,,,
1241,0,0,0,0,0,0,-48.46,-9.02,0,0,32.68,-6.06,-57.47,26.61,-30.86,,,,,
1251,0,0,0,0,0,0,-50.01,-8.83,0,0,33.78,-5.98,-58.84,27.8,-31.04,,,,,
1261,0,0,0,0,0,0,-49.54,-13.35,0,0,37.54,-5.99,-62.89,31.54,-31.35,,,,,
1271,0,0,0,0,0,0,-50.95,-5.29,0,0,32.03,-6.28,-56.25,25.76,-30.49,,,,,
1281,0,0,0,0,0,0,-43.79,-12.3,0,0,37.5,-5.48,-56.1,32.02,-24.07,,,,,
1291,0,0,0,0,0,0,-46.54,-9.46,0,0,35.36,-5.98,-56,29.38,-26.62,,,,,
1301,0,0,0,0,0,0,-48.18,-7.33,0,0,32.85,-5.89,-55.51,26.95,-28.55,,,,,
1311,0,0,0,0,0,0,-47.65,-6.75,0,0,33.9,-5.96,-54.4,27.93,-26.46,,,,,
1321,0,0,0,0,0,0,-50.13,-9.93,0,0,38.13,-6.27,-60.05,31.87,-28.19,,,,,
1331,0,0,0,0,0,0,-48.98,-16.32,0,0,42.89,-6.27,-65.3,36.62,-28.67,,,,,
1341,0,0,0,0,0,0,-47.21,-10.28,0,0,36.61,-5.81,-57.5,30.8,-26.7,,,,,
1351,0,0,0,0,0,0,-47.17,-13.62,0,0,38.97,-5.99,-60.79,32.97,-27.82,,,,,
1361,0,0,0,0,0,0,-45.86,-12.43,0,0,37.32,-5.66,-58.3,31.66,-26.64,,,,,
1371,0,0,0,0,0,0,-44.95,-10.01,0,0,35.71,-5.61,-54.96,30.1,-24.86,,,,,
1381,0,0,0,0,0,0,-47.12,-10.54,0,0,35.78,-5.52,-57.66,30.26,-27.39,,,,,
1391,0,0,0,0,0,0,-43.63,-11.05,0,0,34.32,-5.7,-54.68,28.62,-26.06,,,,,
1401,0,0,0,0,0,0,-44.8,-14.4,0,0,37.4,-5.41,-59.2,31.99,-27.21,,,,,
1411,0,0,0,0,0,0,-46.48,-16.7,0,0,40.37,-5.62,-63.17,34.75,-28.42,,,,,
1421,0,0,0,0,0,0,-45.13,-16.64,0,0,40.71,-5.39,-61.77,35.32,-26.45,,,,,
1431,0,0,0,0,0,0,-42.44,-14.95,0,0,38.07,-5.56,-57.39,32.51,-24.88,,,,,
1441,0,0,0,0,0,0,-41.92,-15.23,0,0,38.93,-5.65,-57.16,33.28,-23.88,,,,,
1451,0,0,0,0,0,0,-40.71,-9.43,0,0,31.87,-5.1,-50.14,26.78,-23.36,,,,,
1461,0,0,0,0,0,0,-45.15,-17.95,0,0,43.4,-5.77,-63.1,37.63,-25.48,,,,,
1471,0,0,0,0,0,0,-45.76,-11.82,0,0,36.69,-5.59,-57.57,31.1,-26.47,,,,,
1481,0,0,0,0,0,0,-40.56,-17.01,0,0,41.35,-5.43,-57.57,35.91,-21.65,,,,,
1491,0,0,0,0,0,0,-48.1,-11.34,0,0,36.37,-5.97,-59.44,30.4,-29.04,,,,,
1501,0,0,0,0,0,0,-45.56,-11.14,0,0,37.93,-5.84,-56.7,32.09,-24.6,,,,,
1511,0,0,0,0,0,0,-45.46,-13.01,0,0,37.71,-5.73,-58.46,31.99,-26.48,,,,,
1521,0,0,0,0,0,0,-47.7,-9.81,0,0,34.95,-5.82,-57.5,29.13,-28.37,,,,,
1531,0,0,0,0,0,0,-44.21,-15.75,0,0,42.08,-5.44,-59.96,36.64,-23.31,,,,,
1541,0,0,0,0,0,0,-49.85,-8.12,0,0,34.55,-5.94,-57.97,28.61,-29.36,,,,,
1551,0,0,0,0,0,0,-45.89,-9.49,0,0,34.56,-5.61,-55.38,28.95,-26.43,,,,,
1561,0,0,0,0,0,0,-47.4,-6.55,0,0,32.62,-5.66,-53.95,26.96,-26.99,,,,,
1571,0,0,0,0,0,0,-48.72,-5.14,0,0,33.8,-6.13,-53.86,27.67,-26.19,,,,,
1581,0,0,0,0,0,0,-45.35,-8.62,0,0,35.54,-5.83,-53.97,29.71,-24.27,,,,,
1591,0,0,0,0,0,0,-47.12,-6.99,0,0,32.7,-5.96,-54.12,26.74,-27.38,,,,,
1601,0,0,0,0,0,0,-45.42,-11.53,0,0,34.88,-5.47,-56.95,29.41,-27.53,,,,,
1611,0,0,0,0,0,0,-49.6,-7.21,0,0,34.88,-6.06,-56.81,28.82,-27.99,,,,,
1621,0,0,0,0,0,0,-47.08,-9.21,0,0,34.98,-6.03,-56.29,28.95,-27.34,,,,,
1631,0,0,0,0,0,0,-48.76,-12.69,0,0,38.17,-5.75,-61.46,32.42,-29.04,,,,,
1641,0,0,0,0,0,0,-46.92,-13.9,0,0,39.64,-5.69,-60.82,33.95,-26.87,,,,,
1651,0,0,0,0,0,0,-47.66,-10.85,0,0,36.39,-5.7,-58.51,30.69,-27.82,,,,,
1661,0,0,0,0,0,0,-45.73,-11.88,0,0,37.08,-5.7,-57.61,31.38,-26.23,,,,,
1671,0,0,0,0,0,0,-46.42,-4.89,0,0,30.55,-5.45,-51.3,25.1,-26.2,,,,,
1681,0,0,0,0,0,0,-47.96,-11.13,0,0,37.07,-5.82,-59.09,31.25,-27.84,,,,,
1691,0,0,0,0,0,0,-44.05,-11.77,0,0,35.06,-5.47,-55.82,29.59,-26.24,,,,,
1701,0,0,0,0,0,0,-48.95,-6.72,0,0,33.98,-5.84,-55.67,28.14,-27.53,,,,,
1711,0,0,0,0,0,0,-46.32,-2.45,0,0,29.66,-5.99,-48.76,23.66,-25.1,,,,,
1721,0,0,0,0,0,0,-47.37,-10.06,0,0,35.9,-5.84,-57.43,30.06,-27.37,,,,,
1731,0,0,0,0,0,0,-46.85,-7.48,0,0,34.11,-5.58,-54.32,28.53,-25.79,,,,,
1741,0,0,0,0,0,0,-46.82,-10.94,0,0,35.89,-5.95,-57.75,29.94,-27.81,,,,,
1751,0,0,0,0,0,0,-42.43,-7.33,0,0,32.13,-5.31,-49.76,26.82,-22.93,,,,,
1761,0,0,0,0,0,0,-46.12,-9.21,0,0,33.77,-5.79,-55.32,27.98,-27.34,,,,,
1771,0,0,0,0,0,0,-44.15,-3.92,0,0,28.76,-5.62,-48.07,23.14,-24.93,,,,,
1781,0,0,0,0,0,0,-44.65,-10.44,0,0,37.91,-5.9,-55.09,32.01,-23.08,,,,,
1791,0,0,0,0,0,0,-43.71,-7,0,0,33.8,-5.83,-50.71,27.97,-22.74,,,,,
1801,0,0,0,0,0,0,-42.64,-6.69,0,0,31.86,-5.68,-49.33,26.18,-23.15,,,,,
1811,0,0,0,0,0,0,-45.45,-6.87,0,0,31.66,-5.57,-52.32,26.09,-26.23,,,,,
1821,0,0,0,0,0,0,-45.94,-8.65,0,0,35.07,-5.62,-54.59,29.45,-25.15,,,,,
1831,0,0,0,0,0,0,-49.09,-6.99,0,0,34.31,-5.96,-56.09,28.35,-27.74,,,,,
1841,0,0,0,0,0,0,-41.65,-7.86,0,0,34.05,-5.79,-49.51,28.26,-21.25,,,,,
1851,0,0,0,0,0,0,-47.14,-14.54,0,0,43.4,-5.9,-61.68,37.5,-24.19,,,,,
1861,0,0,0,0,0,0,-42,-10.67,0,0,35.08,-5.74,-52.66,29.34,-23.32,,,,,
1871,0,0,0,0,0,0,-40.11,-6.19,0,0,31.52,-5.3,-46.3,26.22,-20.08,,,,,
1881,0,0,0,0,0,0,-45.79,-12.86,0,0,38.44,-5.81,-58.65,32.63,-26.03,,,,,
1891,0,0,0,0,0,0,-38.17,-11.33,0,0,34.26,-5.21,-49.49,29.05,-20.44,,,,,
1901,0,0,0,0,0,0,-43.28,-10.14,0,0,35.87,-5.67,-53.42,30.2,-23.21,,,,,
1911,0,0,0,0,0,0,-49.85,-11.39,0,0,37.63,-5.96,-61.25,31.66,-29.58,,,,,
1921,0,0,0,0,0,0,-46.6,-10.52,0,0,36.64,-5.99,-57.13,30.65,-26.48,,,,,
1931,0,0,0,0,0,0,-46.43,-8.87,0,0,35.02,-5.82,-55.31,29.2,-26.11,,,,,
1941,0,0,0,0,0,0,-45.67,-9.64,0,0,38.1,-5.72,-55.31,32.39,-22.92,,,,,
1951,0,0,0,0,0,0,-47.98,-9.27,0,0,35.8,-6.04,-57.25,29.76,-27.49,,,,,
1961,0,0,0,0,0,0,-44.68,-12.43,0,0,38.28,-6.06,-57.12,32.22,-24.9,,,,,
1971,0,0,0,0,0,0,-48.47,-9.19,0,0,35.54,-5.88,-57.66,29.66,-28.01,,,,,
1981,0,0,0,0,0,0,-47.89,-12.64,0,0,37.51,-5.87,-60.53,31.64,-28.89,,,,,
1991,0,0,0,0,0,0,-47.84,-8.11,0,0,36.34,-5.84,-55.95,30.5,-25.45,,,,,
2001,0,0,0,0,0,0,-48.76,-3.38,0,0,31.88,-6.11,-52.15,25.77,-26.38,,,,,
2011,0,0,0,0,0,0,-46.02,-4.15,0,0,31.49,-5.89,-50.17,25.6,-24.57,,,,,
2021,0,0,0,0,0,0,-46.79,-4.8,0,0,31.23,-5.81,-51.59,25.42,-26.17,,,,,
2031,0,0,0,0,0,0,-45.31,-1.61,0,0,29,-5.77,-46.92,23.23,-23.69,,,,,
2041,0,0,0,0,0,0,-48.46,-5.81,0,0,32.64,-6.01,-54.28,26.63,-27.65,,,,,
2051,0,0,0,0,0,0,-48.89,-15.5,0,0,40.39,-6.05,-64.39,34.34,-30.04,,,,,
2061,0,0,0,0,0,0,-49,-7.87,0,0,33.43,-6.02,-56.86,27.41,-29.45,,,,,
2071,0,0,0,0,0,0,-42.51,-5.8,0,0,31.22,-5.49,-48.31,25.72,-22.59,,,,,
2081,0,0,0,0,0,0,-49.79,-8.32,0,0,35.38,-6.17,-58.11,29.21,-28.9,,,,,
2091,0,0,0,0,0,0,-45.55,-6.87,0,0,33.21,-5.97,-52.42,27.24,-25.18,,,,,
2101,0,0,0,0,0,0,-46.55,-21.09,0,0,41.99,-6.01,-67.64,35.98,-31.65,,,,,
2111,0,0,0,0,0,0,-46.85,-17.16,0,0,42.39,-6.3,-64.01,36.09,-27.92,,,,,
2121,0,0,0,0,0,0,-50.69,-23.38,0,0,43.31,-6.39,-74.07,36.92,-37.15,,,,,
2131,0,0,0,0,0,0,-48.94,-18.8,0,0,40.19,-6.01,-67.74,34.18,-33.56,,,,,
2141,0,0,0,0,0,0,-47.17,-25.03,0,0,43.36,-6.46,-72.19,36.9,-35.29,,,,,
2151,0,0,0,0,0,0,-50.68,-9.37,0,0,37.79,-6.45,-60.05,31.35,-28.7,,,,,
2161,0,0,0,0,0,0,-48.63,-6.83,0,0,34.12,-6.27,-55.46,27.85,-27.61,,,,,
2171,0,0,0,0,0,0,-51.81,-7.91,0,0,37.46,-6.19,-59.73,31.27,-28.46,,,,,
2181,0,0,0,0,0,0,-49.38,-7.44,0,0,34.76,-6.03,-56.81,28.73,-28.08,,,,,
2191,0,0,0,0,0,0,-49.37,-7.89,0,0,34.9,-5.92,-57.26,28.98,-28.28,,,,,
2201,0,0,0,0,0,0,-50.59,-9.73,0,0,37.37,-6.11,-60.32,31.25,-29.07,,,,,
2211,0,0,0,0,0,0,-46.27,-2.84,0,0,31.1,-5.76,-49.11,25.34,-23.77,,,,,
2221,0,0,0,0,0,0,-48.2,-7.7,0,0,34.8,-6.06,-55.9,28.74,-27.16,,,,,
2231,0,0,0,0,0,0,-43.39,-8.23,0,0,33.56,-5.45,-51.61,28.11,-23.51,,,,,
2241,0,0,0,0,0,0,-45.76,-4.34,0,0,30.59,-5.58,-50.1,25.02,-25.09,,,,,
2251,0,0,0,0,0,0,-49.98,-5.28,0,0,32.57,-5.95,-55.25,26.61,-28.64,,,,,
2261,0,0,0,0,0,0,-44.37,-6.32,0,0,32.86,-5.4,-50.69,27.46,-23.23,,,,,
2271,0,0,0,0,0,0,-45.44,-7.17,0,0,31.89,-5.84,-52.61,26.05,-26.56,,,,,
2281,0,0,0,0,0,0,-48.72,-8.39,0,0,33.76,-5.96,-57.11,27.81,-29.3,,,,,
2291,0,0,0,0,0,0,-47.88,-6,0,0,32.19,-6.08,-53.87,26.1,-27.77,,,,,
2301,0,0,0,0,0,0,-45.48,-12.28,0,0,34.62,-5.65,-57.76,28.97,-28.79,,,,,
2311,0,0,0,0,0,0,-49.33,-8.44,0,0,35.47,-5.91,-57.77,29.56,-28.21,,,,,
2321,0,0,0,0,0,0,-46.1,-5.73,0,0,31.3,-5.93,-51.82,25.37,-26.45,,,,,
2331,0,0,0,0,0,0,-49.36,-9.32,0,0,33.75,-6.23,-58.67,27.53,-31.15,,,,,
2341,0,0,0,0,0,0,-48.34,-7.35,0,0,33.73,-6.02,-55.69,27.7,-27.98,,,,,
2351,0,0,0,0,0,0,-49.7,-9.93,0,0,36.38,-6.07,-59.63,30.31,-29.32,,,,,
2361,0,0,0,0,0,0,-46.69,-12.41,0,0,35.89,-5.79,-59.1,30.1,-29,,,,,
2371,0,0,0,0,0,0,-47.87,-15.44,0,0,39,-6.17,-63.31,32.83,-30.47,,,,,
2381,0,0,0,0,0,0,-43.93,-22.84,0,0,40.42,-6.05,-66.77,34.37,-32.4,,,,,
2391,0,0,0,0,0,0,-50.46,-20.8,0,0,43.39,-6.19,-71.26,37.2,-34.06,,,,,
2401,0,0,0,0,0,0,-50.08,-19.16,0,0,39.81,-5.98,-69.24,33.84,-35.4,,,,,
2411,0,0,0,0,0,0,-50.08,-20.25,0,0,42.21,-6.21,-70.33,35.99,-34.33,,,,,
2421,0,0,0,0,0,0,-47.66,-16.08,0,0,38.02,-5.99,-63.74,32.03,-31.71,,,,,
2431,0,0,0,0,0,0,-49.33,-18.97,0,0,42.31,-5.92,-68.3,36.39,-31.91,,,,,
2441,0,0,0,0,0,0,-46.03,-17.36,0,0,39.54,-5.83,-63.39,33.71,-29.68,,,,,
2451,0,0,0,0,0,0,-45.64,-20.22,0,0,41.33,-6.07,-65.86,35.26,-30.59,,,,,
2461,0,0,0,0,0,0,-45.5,-5.36,0,0,30.51,-5.6,-50.86,24.91,-25.95,,,,,
2471,0,0,0,0,0,0,-46.66,-6.58,0,0,31.22,-5.73,-53.25,25.49,-27.75,,,,,
2481,0,0,0,0,0,0,-47.79,-7.31,0,0,33.3,-5.89,-55.09,27.42,-27.68,,,,,
2491,0,0,0,0,0,0,-46.82,-0.92,0,0,25.99,-5.66,-47.74,20.33,-27.41,,,,,
2501,0,0,0,0,0,0,-49.57,-7.4,0,0,33.46,-6.06,-56.97,27.4,-29.57,,,,,
2511,0,0,0,0,0,0,-43.98,-7.23,0,0,31.87,-5.53,-51.21,26.34,-24.87,,,,,
2521,0,0,0,0,0,0,-44.32,-10.88,0,0,34.29,-5.72,-55.21,28.57,-26.64,,,,,
2531,0,0,0,0,0,0,-49.88,-7.92,0,0,32.11,-5.87,-57.8,26.25,-31.55,,,,,
2541,0,0,0,0,0,0,-44.84,-3.43,0,0,28.47,-5.49,-48.27,22.99,-25.28,,,,,
2551,0,0,0,0,0,0,-45.81,-8.48,0,0,34.18,-6,-54.28,28.18,-26.1,,,,,
2561,0,0,0,0,0,0,-48.64,-12.63,0,0,35.31,-6.01,-61.27,29.3,-31.97,,,,,
2571,0,0,0,0,0,0,-47.79,-6.32,0,0,30.47,-5.81,-54.1,24.66,-29.45,,,,,
2581,0,0,0,0,0,0,-46.86,-8.62,0,0,32.24,-5.94,-55.47,26.31,-29.16,,,,,
2591,0,0,0,0,0,0,-48.94,-10.45,0,0,35.77,-5.86,-59.39,29.91,-29.48,,,,,
2601,0,0,0,0,0,0,-46.52,-19.07,0,0,36.84,-5.81,-65.59,31.03,-34.56,,,,,
2611,0,0,0,0,0,0,-47.15,-19.64,0,0,40.28,-5.91,-66.78,34.38,-32.41,,,,,
2621,0,0,0,0,0,0,-45.72,-11.8,0,0,32.45,-5.81,-57.52,26.64,-30.88,,,,,
2631,0,0,0,0,0,0,-43.82,-10.48,0,0,32.39,-5.87,-54.3,26.52,-27.79,,,,,
2641,0,0,0,0,0,0,-42.77,-16.35,0,0,36.28,-5.56,-59.11,30.72,-28.39,,,,,
2651,0,0,0,0,0,0,-47.95,-6.16,0,0,29.25,-5.94,-54.11,23.31,-30.8,,,,,
2661,0,0,0,0,0,0,-44.87,-14.36,0,0,37.54,-5.78,-59.23,31.77,-27.47,,,,,
2671,0,0,0,0,0,0,-45.86,-15.44,0,0,37.96,-6.18,-61.31,31.78,-29.53,,,,,
2681,0,0,0,0,0,0,-47.84,-7.77,0,0,33.43,-5.65,-55.61,27.79,-27.83,,,,,
2691,0,0,0,0,0,0,-48.37,-15.05,0,0,35.22,-5.82,-63.41,29.4,-34.01,,,,,
2701,0,0,0,0,0,0,-48.69,-9.55,0,0,33.66,-5.9,-58.24,27.76,-30.49,,,,,
2711,0,0,0,0,0,0,-42.56,-7.76,0,0,29.53,-5,-50.32,24.53,-25.79,,,,,
2721,0,0,0,0,0,0,-41.55,-7.31,0,0,31.37,-5.14,-48.86,26.23,-22.63,,,,,
2731,0,0,0,0,0,0,-43.28,-5.19,0,0,30.29,-5.03,-48.47,25.26,-23.21,,,,,
2741,0,0,0,0,0,0,-41.39,-1.79,0,0,27.02,-5.15,-43.17,21.87,-21.31,,,,,
2751,0,0,0,0,0,0,-45.25,-9.2,0,0,34.36,-5.2,-54.45,29.16,-25.29,,,,,
2761,0,0,0,0,0,0,-42.01,-7.3,0,0,32.86,-5.3,-49.32,27.56,-21.76,,,,,
2771,0,0,0,0,0,0,-41.03,-10.83,0,0,34.44,-5.11,-51.86,29.32,-22.54,,,,,
2781,0,0,0,0,0,0,-41.36,-8.19,0,0,32.96,-5.12,-49.55,27.84,-21.71,,,,,
2791,0,0,0,0,0,0,-40.34,-9.3,0,0,31.54,-4.43,-49.64,27.11,-22.52,,,,,
2801,0,0,0,0,0,0,-43.89,-8.63,0,0,29.61,-5.41,-52.53,24.21,-28.32,,,,,
2811,0,0,0,0,0,0,-46.51,-8.23,0,0,32.88,-5.82,-54.74,27.07,-27.67,,,,,
2821,0,0,0,0,0,0,-40.71,-9.48,0,0,33.15,-5.43,-50.19,27.72,-22.47,,,,,
2831,0,0,0,0,0,0,-45.78,-8.95,0,0,32.41,-5.75,-54.73,26.67,-28.06,,,,,
2841,0,0,0,0,0,0,-44.52,-10.68,0,0,35.08,-5.57,-55.2,29.51,-25.7,,,,,
2851,0,0,0,0,0,0,-50.06,-8.07,0,0,33.07,-6.04,-58.13,27.03,-31.1,,,,,
2861,0,0,0,0,0,0,-46.67,-4.28,0,0,29.78,-5.81,-50.95,23.97,-26.98,,,,,
2871,0,0,0,0,0,0,-41.03,-2.44,0,0,26.47,-5.36,-43.47,21.11,-22.36,,,,,
2881,0,0,0,0,0,0,-41.61,-4.18,0,0,27.18,-5.19,-45.79,21.99,-23.8,,,,,
2891,0,0,0,0,0,0,-48.01,-5.85,0,0,32.34,-6.08,-53.86,26.26,-27.6,,,,,
2901,0,0,0,0,0,0,-49.07,-6.19,0,0,32.98,-5.99,-55.26,26.99,-28.27,,,,,
2911,0,0,0,0,0,0,-45.56,-5.33,0,0,31.46,-5.93,-50.89,25.54,-25.36,,,,,
2921,0,0,0,0,0,0,-45.88,-4.72,0,0,32.67,-6.05,-50.6,26.62,-23.98,,,,,
2931,0,0,0,0,0,0,-50.14,-5.46,0,0,34.61,-6.19,-55.6,28.42,-27.17,,,,,
2941,0,0,0,0,0,0,-46.6,-13.99,0,0,35.37,-6.25,-60.59,29.12,-31.47,,,,,
2951,0,0,0,0,0,0,-48.15,-7.27,0,0,33.42,-6.36,-55.43,27.06,-28.37,,,,,
2961,0,0,0,0,0,0,-49.73,-8.23,0,0,32.56,-6.25,-57.96,26.31,-31.65,,,,,
2971,0,0,0,0,0,0,-50.11,-18.2,0,0,40.35,-6.13,-68.31,34.22,-34.09,,,,,
2981,0,0,0,0,0,0,-47.65,-18.24,0,0,38.11,-6.1,-65.89,32.01,-33.88,,,,,
2991,0,0,0,0,0,0,-47.97,-9.88,0,0,35.44,-6.32,-57.85,29.12,-28.73,,,,,
3001,0,0,0,0,0,0,-49.76,-5.16,0,0,31.8,-6.03,-54.91,25.78,-29.14,,,,,
3011,0,0,0,0,0,0,-46.01,-6.7,0,0,30.97,-5.81,-52.71,25.16,-27.55,,,,,
3021,0,0,0,0,0,0,-49.17,-2.54,0,0,28.27,-5.83,-51.71,22.44,-29.27,,,,,
3031,0,0,0,0,0,0,-51.85,-3.02,0,0,29.62,-6.19,-54.87,23.44,-31.43,,,,,
3041,0,0,0,0,0,0,-46.12,0.67,0,0,26.76,-5.95,-45.45,20.8,-24.65,,,,,
3051,0,0,0,0,0,0,-47.08,-5.9,0,0,30.22,-5.9,-52.98,24.32,-28.66,,,,,
3061,0,0,0,0,0,0,-45.6,-4.73,0,0,30.71,-5.86,-50.34,24.85,-25.49,,,,,
3071,0,0,0,0,0,0,-47.07,-2.25,0,0,28.24,-5.69,-49.32,22.55,-26.78,,,,,
3081,0,0,0,0,0,0,-48.36,-8.23,0,0,35.53,-6,-56.59,29.53,-27.07,,,,,
3091,0,0,0,0,0,0,-49.96,-5.45,0,0,31.03,-6.08,-55.41,24.95,-30.46,,,,,
3101,0,0,0,0,0,0,-45.39,-1.31,0,0,28.29,-6.24,-46.7,22.05,-24.65,,,,,
3111,0,0,0,0,0,0,-48.22,-6.59,0,0,32.54,-6.06,-54.81,26.49,-28.32,,,,,
3121,0,0,0,0,0,0,-50.04,-1.45,0,0,29.02,-6.25,-51.49,22.77,-28.72,,,,,
3131,0,0,0,0,0,0,0,0.22,0,0,-0.22,0,0.22,-0.22,0,,,,,
3141,0,0,0,0,0,0,-48.48,-9.73,0,0,36.32,-6.12,-58.21,30.21,-28,,,,,
3151,0,0,0,0,0,0,-46.88,-13.55,0,0,39.72,-6.04,-60.43,33.68,-26.75,,,,,
3161,0,0,0,0,0,0,-47.25,-8.07,0,0,37.29,-6.22,-55.32,31.07,-24.25,,,,,
3171,0,0,0,0,0,0,-49.08,-5.41,0,0,32.5,-6.31,-54.49,26.19,-28.3,,,,,
3181,0,0,0,0,0,0,-48.98,-4.49,0,0,32.3,-6.19,-53.47,26.12,-27.35,,,,,
3191,0,0,0,0,0,0,-50.18,-5.04,0,0,33.58,-6.23,-55.23,27.35,-27.88,,,,,
3201,0,0,0,0,0,0,-48.54,-4.43,0,0,32.6,-6.22,-52.97,26.37,-26.6,,,,,
3211,0,0,0,0,0,0,-47.52,-6.44,0,0,33.3,-5.84,-53.96,27.46,-26.51,,,,,
3221,0,0,0,0,0,0,-49.26,-6.11,0,0,32.02,-5.97,-55.37,26.05,-29.32,,,,,
3231,0,0,0,0,0,0,-45.06,-2.97,0,0,30.3,-6.01,-48.03,24.29,-23.74,,,,,
3241,0,0,0,0,0,0,-46.41,-1.02,0,0,25.75,-5.9,-47.43,19.85,-27.58,,,,,
3251,0,0,0,0,0,0,-42.36,-3.28,0,0,33.09,-6.18,-45.64,26.91,-18.72,,,,,
3261,0,0,0,0,0,0,-47.27,-7.85,0,0,37.01,-6.07,-55.12,30.93,-24.18,,,,,
3271,0,0,0,0,0,0,-44.45,-7.24,0,0,33.29,-5.85,-51.68,27.43,-24.25,,,,,
3281,0,0,0,0,0,0,-47.48,-6.98,0,0,34.12,-6.06,-54.45,28.05,-26.4,,,,,
3291,0,0,0,0,0,0,-50.36,-8.5,0,0,36.41,-6.32,-58.87,30.08,-28.78,,,,,
3301,0,0,0,0,0,0,-45.72,-12.61,0,0,37.97,-5.88,-58.33,32.09,-26.24,,,,,
3311,0,0,0,0,0,0,-47.57,-8.02,0,0,32.71,-5.95,-55.59,26.76,-28.83,,,,,
3321,0,0,0,0,0,0,-45.04,-10.87,0,0,37.91,-6.18,-55.91,31.74,-24.17,,,,,
3331,0,0,0,0,0,0,-45.98,-10.29,0,0,37.45,-6.09,-56.27,31.36,-24.9,,,,,
3341,0,0,0,0,0,0,-48.61,-1.83,0,0,27.19,-5.77,-50.44,21.42,-29.02,,,,,
3351,0,0,0,0,0,0,-43.67,2.35,0,0,24.12,-5.67,-41.32,18.44,-22.88,,,,,
3361,0,0,0,0,0,0,-41.9,-4.79,0,0,29.92,-5.37,-46.69,24.54,-22.15,,,,,
3371,0,0,0,0,0,0,-41.23,-8.24,0,0,34.3,-5.48,-49.47,28.82,-20.65,,,,,
3381,0,0,0,0,0,0,-47.17,-10.39,0,0,35.62,-6.09,-57.56,29.53,-28.03,,,,,
3391,0,0,0,0,0,0,-46.19,-11.97,0,0,38.13,-5.93,-58.17,32.2,-25.96,,,,,
3401,0,0,0,0,0,0,-46.58,-6.07,0,0,33.68,-5.91,-52.64,27.77,-24.88,,,,,
3411,0,0,0,0,0,0,-45.59,-4.87,0,0,31.58,-6.05,-50.46,25.53,-24.93,,,,,
3421,0,0,0,0,0,0,-50.2,-3.81,0,0,32.23,-6.24,-54.01,26,-28.01,,,,,
3431,0,0,0,0,0,0,-50.78,-10.66,0,0,37.97,-6.41,-61.45,31.56,-29.89,,,,,
3441,0,0,0,0,0,0,-43.96,-9.16,0,0,35.61,-6.16,-53.13,29.45,-23.67,,,,,
3451,0,0,0,0,0,0,-52.22,-4.82,0,0,33.48,-6.27,-57.05,27.21,-29.83,,,,,
3461,0,0,0,0,0,0,-44.6,-8.15,0,0,34.22,-5.88,-52.75,28.34,-24.41,,,,,
3471,0,0,0,0,0,0,-45.82,-3.81,0,0,27.31,-5.73,-49.63,21.58,-28.06,,,,,
3481,0,0,0,0,0,0,-45.05,-0.98,0,0,29.05,-6.13,-46.03,22.92,-23.11,,,,,
3491,0,0,0,0,0,0,-47.03,-2.8,0,0,27.55,-5.86,-49.83,21.69,-28.15,,,,,
3501,0,0,0,0,0,0,-45.9,-4.88,0,0,30.2,-5.92,-50.78,24.29,-26.49,,,,,
3511,0,0,0,0,0,0,-43.66,-7.09,0,0,31.21,-5.48,-50.75,25.73,-25.01,,,,,
3521,0,0,0,0,0,0,-43.21,-4.1,0,0,27.22,-5.66,-47.31,21.56,-25.75,,,,,
3531,0,0,0,0,0,0,-48.14,-6.73,0,0,30.83,-5.76,-54.87,25.07,-29.8,,,,,
3541,0,0,0,0,0,0,-45.79,-4.79,0,0,31.58,-5.83,-50.58,25.75,-24.83,,,,,
3551,0,0,0,0,0,0,0,0.22,0,0,-0.22,0,0.22,-0.22,0,,,,,
3561,0,0,0,0,0,0,0,-0.04,0,0,0.04,0,-0.04,0.04,0,,,,,
3571,0,0,0,0,0,0,0,0.15,0,0,-0.15,0,0.15,-0.15,0,,,,,
3581,0,0,0,0,0,0,0,-0.47,0,0,0.47,0,-0.47,0.47,0,,,,,
3591,0,0,0,0,0,0,0,-0.04,0,0,0.04,0,-0.04,0.04,0,,,,,
3601,0,0,0,0,0,0,0,0.55,0,0,-0.55,0,0.55,-0.55,0,,,,,
3611,0,0,0,0,0,0,0,0.42,0,0,-0.42,0,0.42,-0.42,0,,,,,
3621,0,0,0,0,0,0,-47.35,-1.84,0,0,27.5,-5.95,-49.19,21.55,-27.64,,,,,
3631,0,0,0,0,0,0,-49.73,0.19,0,0,27.82,-6.33,-49.54,21.49,-28.05,,,,,
3641,0,0,0,0,0,0,-50.47,-0.83,0,0,27.3,-6.13,-51.29,21.17,-30.12,,,,,
3651,0,0,0,0,0,0,-47.9,-4.43,0,0,30.95,-6.2,-52.33,24.76,-27.57,,,,,
3661,0,0,0,0,0,0,-52.64,-0.74,0,0,29.44,-6.47,-53.38,22.97,-30.41,,,,,
3671,0,0,0,0,0,0,-49.23,-1.42,0,0,29.07,-6.36,-50.66,22.71,-27.95,,,,,
3681,0,0,0,0,0,0,-45.03,-1.55,0,0,27.04,-6.03,-46.58,21.01,-25.57,,,,,
3691,0,0,0,0,0,0,-48.96,-4.21,0,0,27.38,-6.28,-53.17,21.1,-32.07,,,,,
3701,0,0,0,0,0,0,-46.13,-3.07,0,0,29.97,-5.61,-49.2,24.36,-24.84,,,,,
3711,0,0,0,0,0,0,-48.35,0.96,0,0,27.22,-6.13,-47.39,21.09,-26.3,,,,,
3721,0,0,0,0,0,0,-43.38,2.14,0,0,21.44,-5.59,-41.24,15.85,-25.38,,,,,
3731,0,0,0,0,0,0,0,-0.06,0,0,0.06,0,-0.06,0.06,0,,,,,
3741,0,0,0,0,0,0,0,0.06,0,0,-0.06,0,0.06,-0.06,0,,,,,
3751,0,0,0,0,0,0,0,-0.02,0,0,0.02,0,-0.02,0.02,0,,,,,
3761,0,0,0,0,0,0,0,-0.12,0,0,0.12,0,-0.12,0.12,0,,,,,
3771,0,0,0,0,0,0,-49.55,-2.25,0,0,27.44,-6.11,-51.8,21.33,-30.47,,,,,
3781,0,0,0,0,0,0,0,0.22,0,0,-0.22,0,0.22,-0.22,0,,,,,
3791,0,0,0,0,0,0,0,-0.03,0,0,0.03,0,-0.03,0.03,0,,,,,
3801,0,0,0,0,0,0,0,-0.02,0,0,0.02,0,-0.02,0.02,0,,,,,
3811,0,0,0,0,0,0,0,-0.05,0,0,0.05,0,-0.05,0.05,0,,,,,
3821,0,0,0,0,0,0,0,-0.2,0,0,0.19,0,-0.2,0.19,0,,,,,
3831,0,0,0,0,0,0,0,-0.02,0,0,0.02,0,-0.02,0.02,0,,,,,
3841,0,0,0,0,0,0,0,-0.22,0,0,0.22,0,-0.22,0.22,0,,,,,
3851,0,0,0,0,0,0,0,0.07,0,0,-0.07,0,0.06,-0.07,0,,,,,
3861,0,0,0,0,0,0,0,0.03,0,0,-0.03,0,0.02,-0.03,0,,,,,
3871,0,0,0,0,0,0,0,-0.17,0,0,0.17,0,-0.17,0.17,0,,,,,
3881,0,0,0,0,0,0,0,-0.07,0,0,0.07,0,-0.07,0.07,0,,,,,
3891,0,0,0,0,0,0,0,-0.14,0,0,0.14,0,-0.14,0.14,0,,,,,
3901,0,0,0,0,0,0,0,0.28,0,0,-0.28,0,0.28,-0.28,0,,,,,
3911,0,0,0,0,0,0,0,-0.13,0,0,0.13,0,-0.13,0.13,0,,,,,
3921,0,0,0,0,0,0,0,-0.29,0,0,0.29,0,-0.29,0.29,0,,,,,
3931,0,0,0,0,0,0,0,-0.17,0,0,0.17,0,-0.17,0.17,0,,,,,
3941,0,0,0,0,0,0,0,-0.08,0,0,0.08,0,-0.09,0.08,0,,,,,
3951,0,0,0,0,0,0,0,-0.01,0,0,0.01,0,-0.01,0.01,0,,,,,
3961,0,0,0,0,0,0,0,-0.14,0,0,0.14,0,-0.14,0.14,0,,,,,
3971,0,0,0,0,0,0,0,0.02,0,0,-0.02,0,0.02,-0.02,0,,,,,
3981,0,0,0,0,0,0,0,0.28,0,0,-0.28,0,0.28,-0.28,0,,,,,
3991,0,0,0,0,0,0,0,0.17,0,0,-0.17,0,0.17,-0.17,0,,,,,
4001,0,0,0,0,0,0,0,0.2,0,0,-0.2,0,0.2,-0.2,0,,,,,
4011,0,0,0,0,0,0,0,-0.23,0,0,0.23,0,-0.23,0.23,0,,,,,
4021,0,0,0,0,0,0,0,0.27,0,0,-0.27,0,0.27,-0.27,0,,,,,
4031,0,0,0,0,0,0,0,-0.11,0,0,0.11,0,-0.11,0.11,0,,,,,
4041,0,0,0,0,0,0,0,-0.04,0,0,0.04,0,-0.04,0.04,0,,,,,
4051,0,0,0,0,0,0,0,0.06,0,0,-0.06,0,0.06,-0.06,0,,,,,
4061,0,0,0,0,0,0,0,0.36,0,0,-0.36,0,0.35,-0.36,0,,,,,
4071,0,0,0,0,0,0,0,0.17,0,0,-0.17,0,0.17,-0.17,0,,,,,
4081,0,0,0,0,0,0,0,-0.03,0,0,0.03,0,-0.03,0.03,0,,,,,
4091,0,0,0,0,0,0,0,-0.09,0,0,0.09,0,-0.09,0.09,0,,,,,
4101,0,0,0,0,0,0,0,0.22,0,0,-0.22,0,0.22,-0.22,0,,,,,
4111,0,0,0,0,0,0,0,0.07,0,0,-0.07,0,0.07,-0.07,0,,,,,
4121,0,0,0,0,0,0,0,0.2,0,0,-0.2,0,0.2,-0.2,0,,,,,
4131,0,0,0,0,0,0,0,0,0,0,0,0,0,-0.01,0,,,,,
4141,0,0,0,0,0,0,0,0.04,0,0,-0.04,0,0.04,-0.04,0,,,,,
4151,0,0,0,0,0,0,-48.98,-5.97,0,0,28.4,-5.92,-54.95,22.48,-32.47,,,,,
4161,0,0,0,0,0,0,-48.72,-4.2,0,0,28.46,-5.8,-52.92,22.66,-30.26,,,,,
4171,0,0,0,0,0,0,-45.41,-1.06,0,0,26.67,-5.74,-46.47,20.93,-25.54,,,,,
4181,0,0,0,0,0,0,0,-0.09,0,0,0.09,0,-0.09,0.09,0,,,,,
4191,0,0,0,0,0,0,0,-0.07,0,0,0.07,0,-0.07,0.07,0,,,,,
4201,0,0,0,0,0,0,0,0.43,0,0,-0.43,0,0.42,-0.43,0,,,,,
4211,0,0,0,0,0,0,0,0.46,0,0,-0.46,0,0.46,-0.46,0,,,,,
4221,0,0,0,0,0,0,0,-0.16,0,0,0.16,0,-0.16,0.16,0,,,,,
4231,0,0,0,0,0,0,0,-0.07,0,0,0.07,0,-0.08,0.07,0,,,,,
4241,0,0,0,0,0,0,0,-0.03,0,0,0.03,0,-0.03,0.03,0,,,,,
4251,0,0,0,0,0,0,-47.38,-3.57,0,0,31.47,-5.74,-50.95,25.73,-25.22,,,,,
4261,0,0,0,0,0,0,0,0.09,0,0,-0.08,0,0.08,-0.08,0,,,,,
4271,0,0,0,0,0,0,0,-0.08,0,0,0.08,0,-0.08,0.08,0,,,,,
4281,0,0,0,0,0,0,0,-0.07,0,0,0.07,0,-0.07,0.07,0,,,,,
4291,0,0,0,0,0,0,0,0.15,0,0,-0.15,0,0.15,-0.15,0,,,,,
4301,0,0,0,0,0,0,-49.07,-4.56,0,0,30.36,-6.06,-53.63,24.3,-29.33,,,,,
4311,0,0,0,0,0,0,0,0.34,0,0,-0.34,0,0.34,-0.34,0,,,,,
4321,0,0,0,0,0,0,-42.72,-7.29,0,0,31.84,-5.94,-50.02,25.9,-24.12,,,,,
4331,0,0,0,0,0,0,-50.88,-7.94,0,0,33.97,-6.21,-58.82,27.76,-31.06,,,,,
4341,0,0,0,0,0,0,-46.59,-10.47,0,0,33.84,-5.83,-57.06,28.01,-29.05,,,,,
4351,0,0,0,0,0,0,-44.96,-7.93,0,0,34.77,-6.09,-52.89,28.69,-24.2,,,,,
4361,0,0,0,0,0,0,-50.83,-9.26,0,0,34.33,-6.01,-60.08,28.32,-31.77,,,,,
4371,0,0,0,0,0,0,-45.09,-7.52,0,0,30.5,-5.67,-52.61,24.83,-27.78,,,,,
4381,0,0,0,0,0,0,-43.47,-5.39,0,0,29.58,-5.43,-48.87,24.14,-24.72,,,,,
4391,0,0,0,0,0,0,-47.07,-6.65,0,0,33.2,-5.83,-53.71,27.37,-26.34,,,,,
4401,0,0,0,0,0,0,-48.27,-3.22,0,0,31.89,-6.06,-51.49,25.83,-25.66,,,,,
4411,0,0,0,0,0,0,-49.59,-2.9,0,0,30.26,-5.91,-52.49,24.35,-28.14,,,,,
4421,0,0,0,0,0,0,-47.77,-3.78,0,0,30.39,-6,-51.56,24.39,-27.17,,,,,
4431,0,0,0,0,0,0,-50.64,-6.82,0,0,32.75,-6.1,-57.46,26.65,-30.81,,,,,
4441,0,0,0,0,0,0,-47.43,-5.64,0,0,32.19,-5.94,-53.06,26.25,-26.81,,,,,
4451,0,0,0,0,0,0,-49.27,-7.03,0,0,33.06,-6.17,-56.3,26.88,-29.42,,,,,
4461,0,0,0,0,0,0,-51.83,-6.49,0,0,33.32,-6.22,-58.32,27.1,-31.22,,,,,
4471,0,0,0,0,0,0,-50.83,-7.44,0,0,34.56,-6.18,-58.27,28.38,-29.89,,,,,
4481,0,0,0,0,0,0,-47.42,-1.21,0,0,31.45,-6.21,-48.62,25.24,-23.38,,,,,
4491,0,0,0,0,0,0,0,-0.2,0,0,0.2,0,-0.2,0.2,0,,,,,
4501,0,0,0,0,0,0,-47.37,-2.2,0,0,29.31,-5.79,-49.56,23.52,-26.05,,,,,
4511,0,0,0,0,0,0,-50.48,-6.26,0,0,34.27,-6.05,-56.74,28.22,-28.52,,,,,
4521,0,0,0,0,0,0,0,0.08,0,0,-0.08,0,0.08,-0.08,0,,,,,
4531,0,0,0,0,0,0,0,0.07,0,0,-0.07,0,0.07,-0.07,0,,,,,
4541,0,0,0,0,0,0,-45.22,-7.28,0,0,34.15,-5.71,-52.5,28.45,-24.05,,,,,
4551,0,0,0,0,0,0,-50.51,-0.62,0,0,28.6,-5.57,-51.12,23.03,-28.09,,,,,
4561,0,0,0,0,0,0,-43.94,-4.46,0,0,33.12,-5.93,-48.41,27.19,-21.21,,,,,
4571,0,0,0,0,0,0,0,0.18,0,0,-0.18,0,0.18,-0.18,0,,,,,
4581,0,0,0,0,0,0,-47.47,-1.22,0,0,26.31,-5.73,-48.7,20.58,-28.11,,,,,
4591,0,0,0,0,0,0,0,0.11,0,0,-0.11,0,0.1,-0.11,0,,,,,
4601,0,0,0,0,0,0,-45.39,-4.29,0,0,31.76,-5.73,-49.69,26.04,-23.65,,,,,
4611,0,0,0,0,0,0,-45.17,-6.15,0,0,30.87,-5.5,-51.32,25.37,-25.95,,,,,
4621,0,0,0,0,0,0,-44.54,-5.85,0,0,34.77,-5.88,-50.39,28.89,-21.5,,,,,
4631,0,0,0,0,0,0,-51.18,-4.38,0,0,32.44,-5.97,-55.56,26.47,-29.09,,,,,
4641,0,0,0,0,0,0,-43.71,-0.09,0,0,29.33,-5.98,-43.8,23.36,-20.44,,,,,
4651,0,0,0,0,0,0,-44.06,-3.64,0,0,29.04,-5.69,-47.7,23.36,-24.34,,,,,
4661,0,0,0,0,0,0,-45.4,-4.32,0,0,29.88,-5.44,-49.71,24.45,-25.26,,,,,
4671,0,0,0,0,0,0,-46.73,0.97,0,0,25.81,-5.68,-45.76,20.13,-25.63,,,,,
4681,0,0,0,0,0,0,0,-0.23,0,0,0.23,0,-0.23,0.23,0,,,,,
4691,0,0,0,0,0,0,0,-0.12,0,0,0.12,0,-0.12,0.12,0,,,,,
4701,0,0,0,0,0,0,0,0.15,0,0,-0.15,0,0.15,-0.15,0,,,,,
4711,0,0,0,0,0,0,0,-0.03,0,0,0.03,0,-0.03,0.03,0,,,,,
4721,0,0,0,0,0,0,0,0.05,0,0,-0.05,0,0.05,-0.05,0,,,,,
4731,0,0,0,0,0,0,0,-0.23,0,0,0.23,0,-0.23,0.23,0,,,,,
4741,0,0,0,0,0,0,0,-0.1,0,0,0.1,0,-0.1,0.1,0,,,,,
4751,0,0,0,0,0,0,0,-0.23,0,0,0.23,0,-0.23,0.23,0,,,,,
4761,0,0,0,0,0,0,0,0.01,0,0,-0.01,0,0.01,-0.01,0,,,,,
4771,0,0,0,0,0,0,0,0.13,0,0,-0.13,0,0.13,-0.13,0,,,,,
4781,0,0,0,0,0,0,0,0.11,0,0,-0.11,0,0.11,-0.11,0,,,,,
4791,0,0,0,0,0,0,0,-0.15,0,0,0.15,0,-0.15,0.15,0,,,,,
4801,0,0,0,0,0,0,-43.61,-6.67,0,0,33.04,-5.35,-50.29,27.69,-22.6,,,,,
4811,0,0,0,0,0,0,0,0.29,0,0,-0.29,0,0.29,-0.29,0,,,,,
4821,0,0,0,0,0,0,0,0.03,0,0,-0.03,0,0.03,-0.03,0,,,,,
4831,0,0,0,0,0,0,0,0.1,0,0,-0.1,0,0.09,-0.1,0,,,,,
4841,0,0,0,0,0,0,0,0.61,0,0,-0.6,0,0.6,-0.6,0,,,,,
4851,0,0,0,0,0,0,0,0.09,0,0,-0.09,0,0.09,-0.09,0,,,,,
4861,0,0,0,0,0,0,0,0.21,0,0,-0.21,0,0.21,-0.21,0,,,,,
4871,0,0,0,0,0,0,0,0.03,0,0,-0.03,0,0.02,-0.03,0,,,,,
4881,0,0,0,0,0,0,0,0.24,0,0,-0.24,0,0.24,-0.24,0,,,,,
4891,0,0,0,0,0,0,0,-0.15,0,0,0.15,0,-0.15,0.15,0,,,,,
4901,0,0,0,0,0,0,0,0.11,0,0,-0.11,0,0.1,-0.11,0,,,,,
4911,0,0,0,0,0,0,0,0.06,0,0,-0.06,0,0.06,-0.06,0,,,,,
4921,0,0,0,0,0,0,0,-0.18,0,0,0.18,0,-0.19,0.18,0,,,,,
4931,0,0,0,0,0,0,0,0.53,0,0,-0.53,0,0.53,-0.53,0,,,,,
4941,0,0,0,0,0,0,0,-0.03,0,0,0.03,0,-0.03,0.03,0,,,,,
4951,0,0,0,0,0,0,0,-0.38,0,0,0.38,0,-0.38,0.38,0,,,,,
4961,0,0,0,0,0,0,0,0,0,0,0,0,0,0,0,,,,,
4971,0,0,0,0,0,0,0,-0.28,0,0,0.28,0,-0.28,0.28,0,,,,,
4981,0,0,0,0,0,0,0,-0.41,0,0,0.41,0,-0.41,0.41,0,,,,,
4991,0,0,0,0,0,0,0,-0.67,0,0,0.67,0,-0.67,0.67,0,,,,,
5001,0,0,0,0,0,0,0,-0.14,0,0,0.14,0,-0.14,0.14,0,,,,,
5011,0,0,0,0,0,0,0,-0.54,0,0,0.54,0,-0.54,0.54,0,,,,,
5021,0,0,0,0,0,0,0,-0.31,0,0,0.31,0,-0.31,0.31,0,,,,,
5031,0,0,0,0,0,0,0,-0.41,0,0,0.41,0,-0.42,0.41,0,,,,,
5041,0,0,0,0,0,0,-45.43,-7.25,0,0,31.23,-5.44,-52.68,25.79,-26.9,,,,,
5051,0,0,0,0,0,0,-46.54,-7.84,0,0,31.61,-5.64,-54.37,25.97,-28.41,,,,,
5061,0,0,0,0,0,0,-46.68,-9.42,0,0,37.49,-5.92,-56.11,31.57,-24.54,,,,,
5071,0,0,0,0,0,0,-41.68,-7.52,0,0,31.88,-5.64,-49.2,26.24,-22.95,,,,,
5081,0,0,0,0,0,0,-45.08,-5.07,0,0,30.62,-5.51,-50.16,25.11,-25.05,,,,,
5091,0,0,0,0,0,0,-46.07,-11.14,0,0,37.59,-6.02,-57.21,31.57,-25.64,,,,,
5101,0,0,0,0,0,0,-41.75,-7.1,0,0,34.39,-5.71,-48.85,28.69,-20.16,,,,,
5111,0,0,0,0,0,0,-46.15,-5.68,0,0,31.69,-5.55,-51.83,26.15,-25.68,,,,,
5121,0,0,0,0,0,0,-41.75,1.97,0,0,23.5,-5.37,-39.78,18.13,-21.65,,,,,
5131,0,0,0,0,0,0,-46.24,-9.07,0,0,37.74,-6.04,-55.31,31.7,-23.61,,,,,
5141,0,0,0,0,0,0,-45.39,-7.67,0,0,33.39,-5.42,-53.05,27.98,-25.08,,,,,
5151,0,0,0,0,0,0,-42.38,-9.36,0,0,35.02,-5.61,-51.74,29.41,-22.32,,,,,
5161,0,0,0,0,0,0,-44.35,-4.39,0,0,33.53,-5.84,-48.74,27.69,-21.05,,,,,
5171,0,0,0,0,0,0,0,-0.41,0,0,0.41,0,-0.42,0.41,0,,,,,
5181,0,0,0,0,0,0,-46.17,-4.31,0,0,29.67,-5.47,-50.48,24.2,-26.28,,,,,
5191,0,0,0,0,0,0,0,-0.25,0,0,0.25,0,-0.25,0.25,0,,,,,
5201,0,0,0,0,0,0,-41.54,-8.92,0,0,35.23,-5.72,-50.46,29.51,-20.95,,,,,
5211,0,0,0,0,0,0,-42.07,-7.05,0,0,32.76,-5.62,-49.12,27.14,-21.98,,,,,
5221,0,0,0,0,0,0,0,-0.15,0,0,0.15,0,-0.15,0.15,0,,,,,
5231,0,0,0,0,0,0,0,-0.11,0,0,0.11,0,-0.11,0.11,0,,,,,
5241,0,0,0,0,0,0,0,-0.17,0,0,0.17,0,-0.17,0.17,0,,,,,
5251,0,0,0,0,0,0,0,-0.1,0,0,0.1,0,-0.1,0.1,0,,,,,
5261,0,0,0,0,0,0,0,0.7,0,0,-0.7,0,0.7,-0.7,0,,,,,
5271,0,0,0,0,0,0,0,0.14,0,0,-0.14,0,0.14,-0.14,0,,,,,
5281,0,0,0,0,0,0,0,0.56,0,0,-0.56,0,0.56,-0.56,0,,,,,
5291,0,0,0,0,0,0,-45.19,-13.08,0,0,37.31,-5.73,-58.27,31.58,-26.69,,,,,
5301,0,0,0,0,0,0,-48.88,-5.58,0,0,31.03,-5.76,-54.46,25.28,-29.18,,,,,
5311,0,0,0,0,0,0,-43.47,-13.67,0,0,38.82,-5.36,-57.14,33.46,-23.68,,,,,
5321,0,0,0,0,0,0,-43.56,-9,0,0,33.89,-5.48,-52.56,28.41,-24.15,,,,,
5331,0,0,0,0,0,0,-47.75,-10.2,0,0,38.27,-6.07,-57.95,32.2,-25.75,,,,,
5341,0,0,0,0,0,0,-48.37,-6.4,0,0,33.3,-6.17,-54.77,27.13,-27.64,,,,,
5351,0,0,0,0,0,0,-50.82,-15.13,0,0,41.76,-6.1,-65.95,35.66,-30.29,,,,,
5361,0,0,0,0,0,0,-48.47,-14.82,0,0,40.59,-5.92,-63.29,34.67,-28.62,,,,,
5371,0,0,0,0,0,0,0,-0.03,0,0,0.03,0,-0.03,0.03,0,,,,,
5381,0,0,0,0,0,0,-49.47,-3.06,0,0,31.42,-5.83,-52.54,25.58,-26.95,,,,,
5391,0,0,0,0,0,0,0,-0.88,0,0,0.87,0,-0.88,0.87,0,,,,,
5401,0,0,0,0,0,0,0,-0.5,0,0,0.5,0,-0.5,0.5,0,,,,,
5411,0,0,0,0,0,0,0,-0.83,0,0,0.82,0,-0.83,0.82,0,,,,,
5421,0,0,0,0,0,0,0,-0.86,0,0,0.85,0,-0.86,0.85,0,,,,,
5431,0,0,0,0,0,0,0,-0.44,0,0,0.44,0,-0.44,0.44,0,,,,,
5441,0,0,0,0,0,0,0,-0.25,0,0,0.24,0,-0.25,0.24,0,,,,,
5451,0,0,0,0,0,0,0,-0.27,0,0,0.27,0,-0.27,0.27,0,,,,,
5461,0,0,0,0,0,0,0,-0.33,0,0,0.33,0,-0.34,0.33,0,,,,,
5471,0,0,0,0,0,0,0,-0.71,0,0,0.71,0,-0.71,0.71,0,,,,,
5481,0,0,0,0,0,0,0,-0.41,0,0,0.41,0,-0.42,0.41,0,,,,,
5491,0,0,0,0,0,0,0,-0.18,0,0,0.18,0,-0.18,0.18,0,,,,,
5501,0,0,0,0,0,0,0,-0.64,0,0,0.64,0,-0.65,0.64,0,,,,,
5511,0,0,0,0,0,0,0,-0.6,0,0,0.59,0,-0.6,0.59,0,,,,,
5521,0,0,0,0,0,0,0,-0.59,0,0,0.59,0,-0.59,0.59,0,,,,,
5531,0,0,0,0,0,0,0,-0.6,0,0,0.6,0,-0.6,0.6,0,,,,,
5541,0,0,0,0,0,0,0,-0.67,0,0,0.66,0,-0.67,0.66,0,,,,,
5551,0,0,0,0,0,0,0,-0.52,0,0,0.51,0,-0.52,0.51,0,,,,,
5561,0,0,0,0,0,0,0,-0.7,0,0,0.7,0,-0.7,0.7,0,,,,,
5571,0,0,0,0,0,0,0,-0.64,0,0,0.64,0,-0.64,0.64,0,,,,,
5581,0,0,0,0,0,0,0,-0.97,0,0,0.97,0,-0.97,0.97,0,,,,,
5591,0,0,0,0,0,0,0,-0.87,0,0,0.87,0,-0.88,0.87,0,,,,,
5601,0,0,0,0,0,0,0,-0.34,0,0,0.33,0,-0.34,0.33,0,,,,,
5611,0,0,0,0,0,0,0,-0.56,0,0,0.56,0,-0.56,0.56,0,,,,,
5621,0,0,0,0,0,0,0,-0.31,0,0,0.31,0,-0.31,0.31,0,,,,,
5631,0,0,0,0,0,0,0,-0.74,0,0,0.74,0,-0.74,0.74,0,,,,,
5641,0,0,0,0,0,0,0,-0.83,0,0,0.83,0,-0.83,0.83,0,,,,,
5651,0,0,0,0,0,0,0,-1.07,0,0,1.07,0,-1.07,1.07,0,,,,,
5661,0,0,0,0,0,0,0,-1.16,0,0,1.16,0,-1.16,1.16,0,,,,,
5671,0,0,0,0,0,0,0,-0.51,0,0,0.51,0,-0.51,0.51,0,,,,,
5681,0,0,0,0,0,0,0,-0.76,0,0,0.76,0,-0.76,0.76,0,,,,,
5691,0,0,0,0,0,0,0,-0.39,0,0,0.39,0,-0.39,0.39,0,,,,,
5701,0,0,0,0,0,0,0,-0.48,0,0,0.48,0,-0.49,0.48,0,,,,,
5711,0,0,0,0,0,0,0,-0.18,0,0,0.18,0,-0.18,0.18,0,,,,,
5721,0,0,0,0,0,0,0,-0.43,0,0,0.43,0,-0.43,0.43,0,,,,,
5731,0,0,0,0,0,0,0,-0.73,0,0,0.72,0,-0.73,0.72,0,,,,,
5741,0,0,0,0,0,0,0,-0.19,0,0,0.19,0,-0.19,0.19,0,,,,,
5751,0,0,0,0,0,0,0,-0.7,0,0,0.7,0,-0.7,0.7,0,,,,,
5761,0,0,0,0,0,0,0,-0.45,0,0,0.45,0,-0.45,0.45,0,,,,,
5771,0,0,0,0,0,0,0,-0.51,0,0,0.51,0,-0.51,0.51,0,,,,,
5781,0,0,0,0,0,0,0,-0.68,0,0,0.67,0,-0.68,0.67,0,,,,,
5791,0,0,0,0,0,0,0,-0.64,0,0,0.64,0,-0.64,0.64,0,,,,,
5801,0,0,0,0,0,0,0,-0.67,0,0,0.67,0,-0.67,0.67,0,,,,,
5811,0,0,0,0,0,0,0,-0.51,0,0,0.51,0,-0.52,0.51,0,,,,,
5821,0,0,0,0,0,0,0,-0.56,0,0,0.56,0,-0.56,0.56,0,,,,,
5831,0,0,0,0,0,0,0,-0.53,0,0,0.52,0,-0.53,0.52,0,,,,,
5841,0,0,0,0,0,0,0,-0.54,0,0,0.54,0,-0.54,0.54,0,,,,,
5851,0,0,0,0,0,0,0,-0.65,0,0,0.65,0,-0.65,0.65,0,,,,,
5861,0,0,0,0,0,0,0,-0.78,0,0,0.78,0,-0.78,0.78,0,,,,,
5871,0,0,0,0,0,0,0,-0.44,0,0,0.44,0,-0.44,0.44,0,,,,,
5881,0,0,0,0,0,0,0,-0.71,0,0,0.71,0,-0.71,0.71,0,,,,,
5891,0,0,0,0,0,0,0,-0.79,0,0,0.79,0,-0.8,0.79,0,,,,,
5901,0,0,0,0,0,0,0,-0.88,0,0,0.88,0,-0.89,0.88,0,,,,,
5911,0,0,0,0,0,0,0,-0.64,0,0,0.64,0,-0.64,0.64,0,,,,,
5921,0,0,0,0,0,0,0,-0.64,0,0,0.64,0,-0.64,0.64,0,,,,,
5931,0,0,0,0,0,0,0,-0.49,0,0,0.49,0,-0.5,0.49,0,,,,,
5941,0,0,0,0,0,0,0,-0.65,0,0,0.65,0,-0.65,0.65,0,,,,,
5951,0,0,0,0,0,0,0,-0.66,0,0,0.66,0,-0.66,0.66,0,,,,,
5961,0,0,0,0,0,0,0,-0.9,0,0,0.9,0,-0.91,0.9,0,,,,,
5971,0,0,0,0,0,0,0,-0.71,0,0,0.71,0,-0.71,0.71,0,,,,,
5981,0,0,0,0,0,0,0,-0.72,0,0,0.72,0,-0.72,0.72,0,,,,,
5991,0,0,0,0,0,0,0,-0.72,0,0,0.72,0,-0.72,0.72,0,,,,,
6001,0,0,0,0,0,0,0,-0.94,0,0,0.94,0,-0.95,0.94,0,,,,,
6011,0,0,0,0,0,0,0,-1.11,0,0,1.11,0,-1.11,1.11,0,,,,,
6021,0,0,0,0,0,0,0,-0.78,0,0,0.78,0,-0.78,0.78,0,,,,,
6031,0,0,0,0,0,0,0,-0.54,0,0,0.54,0,-0.54,0.54,0,,,,,
6041,0,0,0,0,0,0,0,-0.44,0,0,0.44,0,-0.45,0.44,0,,,,,
6051,0,0,0,0,0,0,0,-0.8,0,0,0.8,0,-0.8,0.8,0,,,,,
6061,0,0,0,0,0,0,0,-0.72,0,0,0.72,0,-0.72,0.72,0,,,,,
6071,0,0,0,0,0,0,0,-1.01,0,0,1.01,0,-1.01,1.01,0,,,,,
6081,0,0,0,0,0,0,0,-0.79,0,0,0.79,0,-0.79,0.79,0,,,,,
6091,0,0,0,0,0,0,0,-0.4,0,0,0.4,0,-0.41,0.4,0,,,,,
6101,0,0,0,0,0,0,0,-0.69,0,0,0.69,0,-0.69,0.69,0,,,,,
6111,0,0,0,0,0,0,0,-0.3,0,0,0.3,0,-0.31,0.3,0,,,,,
6121,0,0,0,0,0,0,0,-0.74,0,0,0.74,0,-0.74,0.74,0,,,,,
6131,0,0,0,0,0,0,0,-0.5,0,0,0.5,0,-0.5,0.5,0,,,,,
6141,0,0,0,0,0,0,0,-0.2,0,0,0.2,0,-0.2,0.2,0,,,,,
6151,0,0,0,0,0,0,0,-0.55,0,0,0.55,0,-0.55,0.55,0,,,,,
6161,0,0,0,0,0,0,0,-0.63,0,0,0.63,0,-0.63,0.63,0,,,,,
6171,0,0,0,0,0,0,0,-0.42,0,0,0.42,0,-0.42,0.42,0,,,,,
6181,0,0,0,0,0,0,0,-0.15,0,0,0.15,0,-0.15,0.15,0,,,,,
6191,0,0,0,0,0,0,0,-0.49,0,0,0.49,0,-0.49,0.49,0,,,,,
6201,0,0,0,0,0,0,0,-0.36,0,0,0.36,0,-0.36,0.36,0,,,,,
6211,0,0,0,0,0,0,0,-0.98,0,0,0.98,0,-0.98,0.98,0,,,,,
6221,0,0,0,0,0,0,0,-0.73,0,0,0.73,0,-0.73,0.73,0,,,,,
6231,0,0,0,0,0,0,0,-0.66,0,0,0.66,0,-0.67,0.66,0,,,,,
6241,0,0,0,0,0,0,0,-1.02,0,0,1.01,0,-1.02,1.01,0,,,,,
6251,0,0,0,0,0,0,0,-0.68,0,0,0.68,0,-0.69,0.68,0,,,,,
6261,0,0,0,0,0,0,0,-0.79,0,0,0.79,0,-0.79,0.79,0,,,,,
6271,0,0,0,0,0,0,0,-0.63,0,0,0.63,0,-0.63,0.63,0,,,,,
6281,0,0,0,0,0,0,0,-0.91,0,0,0.91,0,-0.91,0.91,0,,,,,
6291,0,0,0,0,0,0,0,-0.98,0,0,0.98,0,-0.98,0.98,0,,,,,
6301,0,0,0,0,0,0,0,-1.17,0,0,1.16,0,-1.17,1.16,0,,,,,
6311,0,0,0,0,0,0,0,-0.73,0,0,0.73,0,-0.73,0.73,0,,,,,
6321,0,0,0,0,0,0,0,-0.85,0,0,0.85,0,-0.85,0.85,0,,,,,
6331,0,0,0,0,0,0,0,-0.72,0,0,0.72,0,-0.72,0.72,0,,,,,
6341,0,0,0,0,0,0,0,-0.78,0,0,0.78,0,-0.79,0.78,0,,,,,
6351,0,0,0,0,0,0,0,0.05,0,0,-0.05,0,0.05,-0.05,0,,,,,
6361,0,0,0,0,0,0,0,0.34,0,0,-0.34,0,0.34,-0.34,0,,,,,
6371,0,0,0,0,0,0,0,0.14,0,0,-0.14,0,0.14,-0.14,0,,,,,
6381,0,0,0,0,0,0,0,-0.22,0,0,0.22,0,-0.22,0.22,0,,,,,
6391,0,0,0,0,0,0,0,0.13,0,0,-0.13,0,0.13,-0.13,0,,,,,
6401,0,0,0,0,0,0,0,0.25,0,0,-0.25,0,0.25,-0.25,0,,,,,
6411,0,0,0,0,0,0,0,0.05,0,0,-0.05,0,0.05,-0.05,0,,,,,
6421,0,0,0,0,0,0,0,-0.36,0,0,0.36,0,-0.36,0.36,0,,,,,
6431,0,0,0,0,0,0,0,-0.41,0,0,0.41,0,-0.41,0.41,0,,,,,
6441,0,0,0,0,0,0,0,0.41,0,0,-0.41,0,0.4,-0.41,0,,,,,
6451,0,0,0,0,0,0,0,-0.57,0,0,0.57,0,-0.57,0.57,0,,,,,
6461,0,0,0,0,0,0,0,-0.03,0,0,0.03,0,-0.03,0.03,0,,,,,
6471,0,0,0,0,0,0,0,-0.12,0,0,0.12,0,-0.13,0.12,0,,,,,
6481,0,0,0,0,0,0,0,-0.69,0,0,0.69,0,-0.69,0.69,0,,,,,
6491,0,0,0,0,0,0,0,-0.41,0,0,0.41,0,-0.41,0.41,0,,,,,
6501,0,0,0,0,0,0,0,-0.35,0,0,0.35,0,-0.36,0.35,0,,,,,
6511,0,0,0,0,0,0,0,-0.26,0,0,0.26,0,-0.26,0.26,0,,,,,
6521,0,0,0,0,0,0,0,-0.63,0,0,0.63,0,-0.63,0.63,0,,,,,
6531,0,0,0,0,0,0,0,-0.59,0,0,0.59,0,-0.59,0.59,0,,,,,
6541,0,0,0,0,0,0,0,-0.56,0,0,0.56,0,-0.56,0.56,0,,,,,
6551,0,0,0,0,0,0,0,-0.32,0,0,0.32,0,-0.32,0.32,0,,,,,
6561,0,0,0,0,0,0,0,-0.4,0,0,0.4,0,-0.4,0.4,0,,,,,
6571,0,0,0,0,0,0,0,-0.52,0,0,0.52,0,-0.52,0.52,0,,,,,
6581,0,0,0,0,0,0,0,-0.33,0,0,0.33,0,-0.33,0.33,0,,,,,
6591,0,0,0,0,0,0,0,-0.2,0,0,0.2,0,-0.2,0.2,0,,,,,
6601,0,0,0,0,0,0,0,-0.57,0,0,0.57,0,-0.57,0.57,0,,,,,
6611,0,0,0,0,0,0,0,0.01,0,0,-0.01,0,0.01,-0.01,0,,,,,
6621,0,0,0,0,0,0,0,-0.21,0,0,0.21,0,-0.21,0.21,0,,,,,
6631,0,0,0,0,0,0,0,0.05,0,0,-0.05,0,0.05,-0.05,0,,,,,
6641,0,0,0,0,0,0,0,-0.33,0,0,0.33,0,-0.33,0.33,0,,,,,
6651,0,0,0,0,0,0,0,-0.31,0,0,0.31,0,-0.31,0.31,0,,,,,
6661,0,0,0,0,0,0,0,-0.04,0,0,0.04,0,-0.04,0.04,0,,,,,
6671,0,0,0,0,0,0,0,-0.04,0,0,0.04,0,-0.04,0.04,0,,,,,
6681,0,0,0,0,0,0,0,-0.2,0,0,0.2,0,-0.2,0.2,0,,,,,
6691,0,0,0,0,0,0,0,-0.08,0,0,0.08,0,-0.08,0.08,0,,,,,
6701,0,0,0,0,0,0,0,-0.41,0,0,0.41,0,-0.41,0.41,0,,,,,
6711,0,0,0,0,0,0,0,-0.14,0,0,0.14,0,-0.14,0.14,0,,,,,
6721,0,0,0,0,0,0,0,-0.44,0,0,0.44,0,-0.44,0.44,0,,,,,
6731,0,0,0,0,0,0,0,-0.45,0,0,0.45,0,-0.45,0.45,0,,,,,
6741,0,0,0,0,0,0,0,-0.3,0,0,0.3,0,-0.3,0.3,0,,,,,
6751,0,0,0,0,0,0,0,-0.19,0,0,0.19,0,-0.19,0.19,0,,,,,
6761,0,0,0,0,0,0,0,0.31,0,0,-0.31,0,0.31,-0.31,0,,,,,
6771,0,0,0,0,0,0,0,0.12,0,0,-0.12,0,0.12,-0.12,0,,,,,
6781,0,0,0,0,0,0,0,0.39,0,0,-0.39,0,0.39,-0.39,0,,,,,
6791,0,0,0,0,0,0,0,0.07,0,0,-0.07,0,0.07,-0.07,0,,,,,
6801,0,0,0,0,0,0,0,-0.03,0,0,0.03,0,-0.03,0.03,0,,,,,
6811,0,0,0,0,0,0,0,-0.13,0,0,0.13,0,-0.13,0.13,0,,,,,
6821,0,0,0,0,0,0,0,0.04,0,0,-0.04,0,0.04,-0.04,0,,,,,
6831,0,0,0,0,0,0,0,0.1,0,0,-0.1,0,0.1,-0.1,0,,,,,
6841,0,0,0,0,0,0,0,0.1,0,0,-0.1,0,0.1,-0.1,0,,,,,
6851,0,0,0,0,0,0,0,-0.36,0,0,0.36,0,-0.36,0.36,0,,,,,
6861,0,0,0,0,0,0,0,0.09,0,0,-0.09,0,0.09,-0.09,0,,,,,
6871,0,0,0,0,0,0,0,0.01,0,0,-0.01,0,0.01,-0.01,0,,,,,
6881,0,0,0,0,0,0,0,-0.42,0,0,0.42,0,-0.43,0.42,0,,,,,
6891,0,0,0,0,0,0,0,-0.26,0,0,0.26,0,-0.26,0.26,0,,,,,
6901,0,0,0,0,0,0,0,-0.15,0,0,0.15,0,-0.15,0.15,0,,,,,
6911,0,0,0,0,0,0,0,-0.28,0,0,0.28,0,-0.29,0.28,0,,,,,
6921,0,0,0,0,0,0,0,-0.39,0,0,0.39,0,-0.4,0.39,0,,,,,
6931,0,0,0,0,0,0,0,-0.34,0,0,0.34,0,-0.34,0.34,0,,,,,
6941,0,0,0,0,0,0,0,-0.27,0,0,0.27,0,-0.27,0.27,0,,,,,
6951,0,0,0,0,0,0,0,-0.73,0,0,0.73,0,-0.73,0.73,0,,,,,
6961,0,0,0,0,0,0,0,-0.18,0,0,0.18,0,-0.18,0.18,0,,,,,
6971,0,0,0,0,0,0,0,-0.54,0,0,0.54,0,-0.54,0.54,0,,,,,
6981,0,0,0,0,0,0,0,-0.81,0,0,0.81,0,-0.82,0.81,0,,,,,
6991,0,0,0,0,0,0,0,-0.44,0,0,0.44,0,-0.44,0.44,0,,,,,
7001,0,0,0,0,0,0,0,-0.59,0,0,0.58,0,-0.59,0.58,0,,,,,
7011,0,0,0,0,0,0,0,-0.38,0,0,0.38,0,-0.38,0.38,0,,,,,
7021,0,0,0,0,0,0,0,-0.37,0,0,0.37,0,-0.37,0.37,0,,,,,
7031,0,0,0,0,0,0,0,-0.51,0,0,0.51,0,-0.51,0.51,0,,,,,
7041,0,0,0,0,0,0,0,-0.19,0,0,0.19,0,-0.19,0.19,0,,,,,
7051,0,0,0,0,0,0,0,-0.29,0,0,0.29,0,-0.29,0.29,0,,,,,
7061,0,0,0,0,0,0,0,-0.43,0,0,0.43,0,-0.43,0.43,0,,,,,
7071,0,0,0,0,0,0,0,-1.01,0,0,1.01,0,-1.01,1.01,0,,,,,
7081,0,0,0,0,0,0,0,-0.49,0,0,0.49,0,-0.49,0.49,0,,,,,
7091,0,0,0,0,0,0,0,-0.39,0,0,0.39,0,-0.39,0.39,0,,,,,
7101,0,0,0,0,0,0,0,-0.27,0,0,0.27,0,-0.27,0.27,0,,,,,
7111,0,0,0,0,0,0,0,-0.05,0,0,0.05,0,-0.05,0.05,0,,,,,
7121,0,0,0,0,0,0,0,-0.61,0,0,0.61,0,-0.61,0.61,0,,,,,
7131,0,0,0,0,0,0,0,-0.24,0,0,0.24,0,-0.24,0.24,0,,,,,
7141,0,0,0,0,0,0,0,-0.31,0,0,0.31,0,-0.31,0.31,0,,,,,
7151,0,0,0,0,0,0,0,-0.4,0,0,0.4,0,-0.4,0.4,0,,,,,
7161,0,0,0,0,0,0,0,-0.37,0,0,0.37,0,-0.37,0.37,0,,,,,
7171,0,0,0,0,0,0,0,-0.2,0,0,0.2,0,-0.2,0.2,0,,,,,
7181,0,0,0,0,0,0,0,-0.43,0,0,0.43,0,-0.43,0.43,0,,,,,
7191,0,0,0,0,0,0,0,-0.58,0,0,0.57,0,-0.58,0.57,0,,,,,
7201,0,0,0,0,0,0,0,-0.69,0,0,0.69,0,-0.69,0.69,0,,,,,
7211,0,0,0,0,0,0,0,-0.44,0,0,0.44,0,-0.45,0.44,0,,,,,
7221,0,0,0,0,0,0,0,-0.13,0,0,0.13,0,-0.14,0.13,0,,,,,
7231,0,0,0,0,0,0,0,-0.12,0,0,0.12,0,-0.12,0.12,0,,,,,
7241,0,0,0,0,0,0,0,-0.49,0,0,0.49,0,-0.49,0.49,0,,,,,
7251,0,0,0,0,0,0,0,-0.31,0,0,0.31,0,-0.31,0.31,0,,,,,
7261,0,0,0,0,0,0,0,-0.5,0,0,0.5,0,-0.5,0.5,0,,,,,
7271,0,0,0,0,0,0,0,-0.18,0,0,0.18,0,-0.18,0.18,0,,,,,
7281,0,0,0,0,0,0,0,-0.39,0,0,0.39,0,-0.39,0.39,0,,,,,
7291,0,0,0,0,0,0,0,0.11,0,0,-0.11,0,0.11,-0.11,0,,,,,
7301,0,0,0,0,0,0,0,-0.42,0,0,0.42,0,-0.42,0.42,0,,,,,
7311,0,0,0,0,0,0,0,-0.62,0,0,0.62,0,-0.62,0.62,0,,,,,
7321,0,0,0,0,0,0,0,-0.75,0,0,0.75,0,-0.75,0.75,0,,,,,
7331,0,0,0,0,0,0,0,-0.62,0,0,0.62,0,-0.62,0.62,0,,,,,
7341,0,0,0,0,0,0,0,-0.64,0,0,0.64,0,-0.64,0.64,0,,,,,
7351,0,0,0,0,0,0,0,-1.03,0,0,1.03,0,-1.03,1.03,0,,,,,
7361,0,0,0,0,0,0,0,-0.79,0,0,0.79,0,-0.79,0.79,0,,,,,
7371,0,0,0,0,0,0,0,-0.58,0,0,0.58,0,-0.58,0.58,0,,,,,
7381,0,0,0,0,0,0,0,-0.63,0,0,0.63,0,-0.63,0.63,0,,,,,
7391,0,0,0,0,0,0,0,-0.95,0,0,0.95,0,-0.95,0.95,0,,,,,
7401,0,0,0,0,0,0,0,-0.68,0,0,0.68,0,-0.68,0.68,0,,,,,
7411,0,0,0,0,0,0,0,-0.61,0,0,0.61,0,-0.61,0.61,0,,,,,
7421,0,0,0,0,0,0,0,-0.62,0,0,0.62,0,-0.63,0.62,0,,,,,
7431,0,0,0,0,0,0,0,-0.34,0,0,0.34,0,-0.34,0.34,0,,,,,
7441,0,0,0,0,0,0,0,-0.82,0,0,0.82,0,-0.82,0.82,0,,,,,
7451,0,0,0,0,0,0,0,-0.57,0,0,0.57,0,-0.57,0.57,0,,,,,
7461,0,0,0,0,0,0,0,-0.6,0,0,0.6,0,-0.6,0.6,0,,,,,
7471,0,0,0,0,0,0,0,-0.6,0,0,0.6,0,-0.6,0.6,0,,,,,
7481,0,0,0,0,0,0,0,-0.75,0,0,0.75,0,-0.75,0.75,0,,,,,
7491,0,0,0,0,0,0,0,-0.66,0,0,0.66,0,-0.66,0.66,0,,,,,
7501,0,0,0,0,0,0,0,-0.77,0,0,0.77,0,-0.77,0.77,0,,,,,
7511,0,0,0,0,0,0,0,-0.64,0,0,0.64,0,-0.64,0.64,0,,,,,
7521,0,0,0,0,0,0,0,-0.72,0,0,0.72,0,-0.72,0.72,0,,,,,
7531,0,0,0,0,0,0,0,-0.46,0,0,0.46,0,-0.46,0.46,0,,,,,
7541,0,0,0,0,0,0,0,-0.45,0,0,0.45,0,-0.45,0.45,0,,,,,
7551,0,0,0,0,0,0,0,-0.53,0,0,0.53,0,-0.53,0.53,0,,,,,
7561,0,0,0,0,0,0,0,-0.5,0,0,0.5,0,-0.5,0.5,0,,,,,
7571,0,0,0,0,0,0,0,-0.49,0,0,0.49,0,-0.49,0.49,0,,,,,
7581,0,0,0,0,0,0,0,-0.83,0,0,0.83,0,-0.83,0.83,0,,,,,
7591,0,0,0,0,0,0,0,-0.31,0,0,0.31,0,-0.31,0.31,0,,,,,
7601,0,0,0,0,0,0,0,-0.6,0,0,0.6,0,-0.6,0.6,0,,,,,
7611,0,0,0,0,0,0,0,-0.65,0,0,0.65,0,-0.65,0.65,0,,,,,
7621,0,0,0,0,0,0,0,-0.7,0,0,0.7,0,-0.7,0.7,0,,,,,
7631,0,0,0,0,0,0,0,-0.4,0,0,0.4,0,-0.4,0.4,0,,,,,
7641,0,0,0,0,0,0,0,-0.51,0,0,0.51,0,-0.51,0.51,0,,,,,
7651,0,0,0,0,0,0,0,-0.69,0,0,0.69,0,-0.69,0.69,0,,,,,
7661,0,0,0,0,0,0,0,-0.73,0,0,0.73,0,-0.73,0.73,0,,,,,
7671,0,0,0,0,0,0,0,-0.57,0,0,0.57,0,-0.57,0.57,0,,,,,
7681,0,0,0,0,0,0,0,-0.71,0,0,0.71,0,-0.71,0.71,0,,,,,
7691,0,0,0,0,0,0,0,-0.41,0,0,0.41,0,-0.41,0.41,0,,,,,
7701,0,0,0,0,0,0,0,-0.61,0,0,0.61,0,-0.61,0.61,0,,,,,
7711,0,0,0,0,0,0,0,-0.65,0,0,0.65,0,-0.65,0.65,0,,,,,
7721,0,0,0,0,0,0,0,-0.54,0,0,0.54,0,-0.54,0.54,0,,,,,
7731,0,0,0,0,0,0,0,-0.5,0,0,0.5,0,-0.5,0.5,0,,,,,
7741,0,0,0,0,0,0,0,-0.48,0,0,0.48,0,-0.48,0.48,0,,,,,
7751,0,0,0,0,0,0,0,-0.49,0,0,0.49,0,-0.49,0.49,0,,,,,
7761,0,0,0,0,0,0,0,-0.51,0,0,0.51,0,-0.51,0.51,0,,,,,
7771,0,0,0,0,0,0,0,-0.51,0,0,0.51,0,-0.51,0.51,0,,,,,
7781,0,0,0,0,0,0,0,-0.56,0,0,0.56,0,-0.56,0.56,0,,,,,
7791,0,0,0,0,0,0,-41.23,-4.58,0,0,29.61,-5.39,-45.81,24.22,-21.58,,,,,
7801,0,0,0,0,0,0,-42.84,-9.57,0,0,33.25,-5.02,-52.41,28.23,-24.18,,,,,
7811,0,0,0,0,0,0,-43,-9.61,0,0,33.93,-5.19,-52.61,28.73,-23.88,,,,,
7821,0,0,0,0,0,0,-37.01,-1.5,0,0,27.57,-4.85,-38.52,22.72,-15.79,,,,,
7831,0,0,0,0,0,0,-42.68,-5.2,0,0,33.37,-5.7,-47.88,27.68,-20.2,,,,,
7841,0,0,0,0,0,0,-40.98,-3.28,0,0,28.89,-5.29,-44.26,23.6,-20.66,,,,,
7851,0,0,0,0,0,0,-43.84,-13.79,0,0,39.47,-5.49,-57.64,33.97,-23.66,,,,,
7861,0,0,0,0,0,0,-39.79,-6.53,0,0,30.55,-4.97,-46.32,25.58,-20.74,,,,,
7871,0,0,0,0,0,0,-38.11,-5.89,0,0,29.28,-4.73,-44,24.55,-19.45,,,,,
7881,0,0,0,0,0,0,-39.14,-8.46,0,0,31.33,-4.75,-47.6,26.57,-21.03,,,,,
7891,0,0,0,0,0,0,-39.33,-9.65,0,0,34.71,-4.81,-48.98,29.9,-19.07,,,,,
7901,0,0,0,0,0,0,-36.18,-4.79,0,0,26.05,-4.66,-40.97,21.39,-19.58,,,,,
7911,0,0,0,0,0,0,-37.84,-8.56,0,0,33.13,-5.1,-46.4,28.03,-18.38,,,,,
7921,0,0,0,0,0,0,-42.48,-1.66,0,0,26.6,-5.52,-44.15,21.08,-23.07,,,,,
7931,0,0,0,0,0,0,-46.84,-10.22,0,0,34.94,-5.6,-57.07,29.34,-27.73,,,,,
7941,0,0,0,0,0,0,-41.3,-7.79,0,0,31.89,-4.83,-49.09,27.06,-22.03,,,,,
7951,0,0,0,0,0,0,-39.23,-8.71,0,0,31.05,-4.54,-47.94,26.51,-21.43,,,,,
7961,0,0,0,0,0,0,-38.99,-7.4,0,0,30.83,-4.84,-46.39,25.99,-20.4,,,,,
7971,0,0,0,0,0,0,-39.95,-8.34,0,0,31.67,-4.86,-48.3,26.8,-21.49,,,,,
7981,0,0,0,0,0,0,-36.09,-8.19,0,0,31.93,-4.87,-44.28,27.07,-17.21,,,,,
7991,0,0,0,0,0,0,-39.76,-11.15,0,0,34.9,-4.71,-50.91,30.19,-20.72,,,,,
8001,0,0,0,0,0,0,-43.58,-12.19,0,0,34.68,-4.89,-55.77,29.79,-25.97,,,,,
8011,0,0,0,0,0,0,-36.07,-7.48,0,0,28.44,-4.13,-43.54,24.31,-19.23,,,,,
8021,0,0,0,0,0,0,-36.99,-10.87,0,0,32.48,-4.36,-47.86,28.11,-19.74,,,,,
8031,0,0,0,0,0,0,-36.09,-11.07,0,0,32.66,-4.58,-47.16,28.08,-19.08,,,,,
8041,0,0,0,0,0,0,-36.57,-5.54,0,0,28.21,-4.66,-42.11,23.55,-18.56,,,,,
8051,0,0,0,0,0,0,-36.55,-6.32,0,0,28.62,-4.46,-42.87,24.16,-18.71,,,,,
8061,0,0,0,0,0,0,-37.08,-9.82,0,0,32.84,-4.39,-46.91,28.45,-18.46,,,,,
8071,0,0,0,0,0,0,-42.69,-9.9,0,0,33.73,-4.59,-52.58,29.14,-23.45,,,,,
8081,0,0,0,0,0,0,-37.66,-8.4,0,0,31.75,-4.7,-46.06,27.05,-19.01,,,,,
8091,0,0,0,0,0,0,-39.35,-10.34,0,0,33.41,-4.78,-49.7,28.63,-21.07,,,,,
8101,0,0,0,0,0,0,-39.06,-9.82,0,0,31.76,-4.5,-48.88,27.25,-21.62,,,,,
8111,0,0,0,0,0,0,-38.31,-9.84,0,0,36.35,-5.14,-48.15,31.2,-16.94,,,,,
8121,0,0,0,0,0,0,-38.22,-3.51,0,0,28.08,-4.77,-41.74,23.32,-18.42,,,,,
8131,0,0,0,0,0,0,-37.14,-9.17,0,0,31.2,-4.38,-46.31,26.82,-19.48,,,,,
8141,0,0,0,0,0,0,-42.94,-8.37,0,0,32.36,-5.17,-51.3,27.19,-24.11,,,,,
8151,0,0,0,0,0,0,-36.82,-14.84,0,0,36.47,-4.02,-51.67,32.45,-19.22,,,,,
8161,0,0,0,0,0,0,-39.37,-12.34,0,0,35.68,-4.83,-51.71,30.84,-20.87,,,,,
8171,0,0,0,0,0,0,-41.84,-7.85,0,0,34.1,-5.13,-49.69,28.97,-20.72,,,,,
8181,0,0,0,0,0,0,-41.7,-6.88,0,0,31,-5.28,-48.58,25.73,-22.85,,,,,
8191,0,0,0,0,0,0,-38.28,-9.81,0,0,33.78,-5.18,-48.09,28.6,-19.49,,,,,
8201,0,0,0,0,0,0,-39.68,-7.87,0,0,31.93,-4.68,-47.55,27.25,-20.31,,,,,
8211,0,0,0,0,0,0,-40.61,-8.28,0,0,31.36,-4.86,-48.89,26.5,-22.39,,,,,
8221,0,0,0,0,0,0,-37.7,-7.27,0,0,30.35,-4.51,-44.97,25.84,-19.12,,,,,
8231,0,0,0,0,0,0,-42.35,-9.53,0,0,33.71,-5.37,-51.88,28.34,-23.54,,,,,
8241,0,0,0,0,0,0,-39.81,-6.57,0,0,28.77,-4.81,-46.38,23.95,-22.42,,,,,
8251,0,0,0,0,0,0,-36.23,-4.94,0,0,26.29,-4.78,-41.17,21.51,-19.66,,,,,
8261,0,0,0,0,0,0,-40.43,-8.53,0,0,33.95,-5.25,-48.96,28.71,-20.25,,,,,
8271,0,0,0,0,0,0,-43.24,-3.78,0,0,30.08,-4.89,-47.02,25.19,-21.83,,,,,
8281,0,0,0,0,0,0,-35.94,-7.28,0,0,30.57,-4.53,-43.22,26.04,-17.18,,,,,
8291,0,0,0,0,0,0,-41.16,-12.61,0,0,35.75,-5.12,-53.77,30.63,-23.14,,,,,
8301,0,0,0,0,0,0,-40.94,-9.9,0,0,36.36,-4.81,-50.84,31.55,-19.29,,,,,
8311,0,0,0,0,0,0,-43.94,-12.21,0,0,35.96,-5.04,-56.16,30.92,-25.24,,,,,
8321,0,0,0,0,0,0,-36.3,-9.36,0,0,34.64,-4.37,-45.66,30.27,-15.39,,,,,
8331,0,0,0,0,0,0,-35.93,-8.58,0,0,30.79,-4.13,-44.51,26.66,-17.85,,,,,
8341,0,0,0,0,0,0,-36.53,-8.64,0,0,33.34,-4.5,-45.17,28.84,-16.33,,,,,
8351,0,0,0,0,0,0,-35.15,-12.25,0,0,34.32,-4.44,-47.4,29.88,-17.52,,,,,
8361,0,0,0,0,0,0,-40.35,-11.07,0,0,32.92,-4.95,-51.43,27.98,-23.45,,,,,
8371,0,0,0,0,0,0,-40.48,-11.77,0,0,35.13,-4.78,-52.24,30.35,-21.89,,,,,
8381,0,0,0,0,0,0,-43.23,-9.12,0,0,34.75,-5.04,-52.35,29.71,-22.64,,,,,
8391,0,0,0,0,0,0,-39.56,-9.96,0,0,32.33,-4.98,-49.52,27.35,-22.17,,,,,
8401,0,0,0,0,0,0,-42.38,-9.74,0,0,34.92,-5.2,-52.13,29.72,-22.41,,,,,
8411,0,0,0,0,0,0,-43.01,-15.47,0,0,40.26,-5.26,-58.48,35,-23.48,,,,,
8421,0,0,0,0,0,0,-41.5,-7.04,0,0,32.51,-4.94,-48.53,27.56,-20.97,,,,,
8431,0,0,0,0,0,0,-40.26,-8.82,0,0,34.35,-5.16,-49.08,29.19,-19.89,,,,,
8441,0,0,0,0,0,0,-38.66,-11.38,0,0,35.8,-4.84,-50.05,30.96,-19.09,,,,,
8451,0,0,0,0,0,0,-42.5,-10.5,0,0,35.17,-5.05,-53,30.12,-22.88,,,,,
8461,0,0,0,0,0,0,-38.57,-12.14,0,0,33.66,-4.74,-50.71,28.92,-21.79,,,,,
8471,0,0,0,0,0,0,-38.65,0.65,0,0,23.87,-5.11,-38.01,18.77,-19.24,,,,,
8481,0,0,0,0,0,0,-34.82,-10.18,0,0,32.34,-4.64,-45,27.7,-17.3,,,,,
8491,0,0,0,0,0,0,-40.11,-3.08,0,0,30.99,-5.47,-43.19,25.52,-17.67,,,,,
8501,0,0,0,0,0,0,-38.3,2.82,0,0,23.04,-5.07,-35.48,17.97,-17.51,,,,,
8511,0,0,0,0,0,0,-32.83,-0.51,0,0,21.51,-4.2,-33.34,17.31,-16.03,,,,,
8521,0,0,0,0,0,0,-40.55,-4.28,0,0,28.4,-4.79,-44.83,23.61,-21.23,,,,,
8531,0,0,0,0,0,0,-34.16,-11.58,0,0,33.07,-4.04,-45.74,29.02,-16.72,,,,,
8541,0,0,0,0,0,0,-35.01,-10.2,0,0,31.28,-4.37,-45.21,26.92,-18.29,,,,,
8551,0,0,0,0,0,0,-37.19,-12.18,0,0,33.28,-4.41,-49.37,28.87,-20.5,,,,,
8561,0,0,0,0,0,0,-36.63,-6.14,0,0,29.27,-4.96,-42.77,24.32,-18.45,,,,,
8571,0,0,0,0,0,0,-38.38,-14.04,0,0,36.78,-4.63,-52.42,32.14,-20.28,,,,,
8581,0,0,0,0,0,0,-37.9,-14.72,0,0,37.9,-4.91,-52.62,32.99,-19.62,,,,,
8591,0,0,0,0,0,0,-40.54,-4.93,0,0,29.14,-4.8,-45.47,24.34,-21.13,,,,,
8601,0,0,0,0,0,0,-36.75,-8.9,0,0,31.1,-4.76,-45.65,26.33,-19.32,,,,,
8611,0,0,0,0,0,0,-39.08,-7.97,0,0,30.44,-4.55,-47.05,25.89,-21.16,,,,,
8621,0,0,0,0,0,0,-39.37,-13.82,0,0,37.39,-4.97,-53.19,32.42,-20.77,,,,,
8631,0,0,0,0,0,0,-35.21,-10.05,0,0,31.08,-4.1,-45.26,26.98,-18.28,,,,,
8641,0,0,0,0,0,0,-38.14,-12.04,0,0,36.19,-4.81,-50.18,31.38,-18.8,,,,,
8651,0,0,0,0,0,0,-36.31,-10.61,0,0,30,-4.15,-46.92,25.85,-21.07,,,,,
8661,0,0,0,0,0,0,-34.93,-7.61,0,0,28.14,-3.94,-42.53,24.2,-18.33,,,,,
8671,0,0,0,0,0,0,-30.73,-12.53,0,0,32.07,-3.84,-43.27,28.23,-15.04,,,,,
8681,0,0,0,0,0,0,-37.7,-10.59,0,0,30.97,-4.25,-48.29,26.72,-21.58,,,,,
8691,0,0,0,0,0,0,-38.8,-9.75,0,0,30.96,-4.37,-48.55,26.58,-21.97,,,,,
8701,0,0,0,0,0,0,-37.68,-10.32,0,0,31.22,-4.68,-48,26.55,-21.45,,,,,
8711,0,0,0,0,0,0,-41.09,-13.93,0,0,36.25,-5.44,-55.01,30.81,-24.21,,,,,
8721,0,0,0,0,0,0,-40.55,-14.03,0,0,34.32,-4.46,-54.58,29.86,-24.72,,,,,
8731,0,0,0,0,0,0,-36.69,-14.84,0,0,35.02,-4.19,-51.52,30.82,-20.7,,,,,
8741,0,0,0,0,0,0,-38.1,-13.48,0,0,33.65,-4.66,-51.57,28.99,-22.58,,,,,
8751,0,0,0,0,0,0,-39.13,-14.84,0,0,37.02,-5.15,-53.97,31.87,-22.1,,,,,
8761,0,0,0,0,0,0,-35.83,-12.46,0,0,32.47,-4.54,-48.29,27.93,-20.36,,,,,
8771,0,0,0,0,0,0,-40.22,-13.55,0,0,34.84,-4.61,-53.78,30.23,-23.55,,,,,
8781,0,0,0,0,0,0,-37.84,-14.65,0,0,36.91,-4.53,-52.49,32.38,-20.11,,,,,
8791,0,0,0,0,0,0,-42.01,-16.1,0,0,38.2,-5.01,-58.11,33.19,-24.92,,,,,
8801,0,0,0,0,0,0,-35.93,-11.13,0,0,32.31,-4.23,-47.06,28.08,-18.98,,,,,
8811,0,0,0,0,0,0,-36.95,-15.86,0,0,35.55,-4.22,-52.82,31.33,-21.49,,,,,
8821,0,0,0,0,0,0,-44.03,-10.64,0,0,36.35,-4.92,-54.67,31.43,-23.24,,,,,
8831,0,0,0,0,0,0,-44.25,-13.57,0,0,37.69,-5.19,-57.82,32.5,-25.32,,,,,
8841,0,0,0,0,0,0,-34.86,-12.3,0,0,34.41,-4.76,-47.17,29.65,-17.51,,,,,
8851,0,0,0,0,0,0,-38.79,-13.26,0,0,34.04,-4.93,-52.05,29.1,-22.94,,,,,
8861,0,0,0,0,0,0,-44.17,-15.31,0,0,36.68,-5.24,-59.48,31.44,-28.05,,,,,
8871,0,0,0,0,0,0,-40.66,-13.53,0,0,32.81,-4.61,-54.19,28.2,-25.99,,,,,
8881,0,0,0,0,0,0,-42.17,-9.84,0,0,30.66,-4.88,-52.01,25.79,-26.23,,,,,
8891,0,0,0,0,0,0,-43.8,-11.59,0,0,35.74,-5.16,-55.39,30.58,-24.81,,,,,
8901,0,0,0,0,0,0,-42.98,-12.53,0,0,33.04,-5.17,-55.52,27.87,-27.64,,,,,
8911,0,0,0,0,0,0,-44.49,-10.97,0,0,33.8,-5.4,-55.45,28.4,-27.06,,,,,
8921,0,0,0,0,0,0,-40.39,-13.54,0,0,33.49,-4.96,-53.92,28.53,-25.39,,,,,
8931,0,0,0,0,0,0,-42.17,-18.8,0,0,38.38,-5.26,-60.98,33.13,-27.85,,,,,
8941,0,0,0,0,0,0,-37.91,-8.42,0,0,31.34,-4.94,-46.33,26.41,-19.92,,,,,
8951,0,0,0,0,0,0,-36.53,-6.69,0,0,29.75,-4.6,-43.22,25.15,-18.08,,,,,
8961,0,0,0,0,0,0,-36.74,-8.22,0,0,29.94,-4.78,-44.96,25.16,-19.8,,,,,
8971,0,0,0,0,0,0,-38.81,-11.15,0,0,34.18,-4.58,-49.96,29.59,-20.37,,,,,
8981,0,0,0,0,0,0,-43.87,-10.54,0,0,35.22,-5.22,-54.41,30,-24.41,,,,,
8991,0,0,0,0,0,0,-42.01,-10.91,0,0,35.12,-5.38,-52.92,29.74,-23.18,,,,,
9001,0,0,0,0,0,0,-38.63,-7.52,0,0,30.44,-4.93,-46.14,25.5,-20.64,,,,,
9011,0,0,0,0,0,0,-39.27,-9.49,0,0,35.89,-5.13,-48.76,30.76,-18,,,,,
9021,0,0,0,0,0,0,-42.06,-10.8,0,0,35.69,-5.12,-52.87,30.57,-22.29,,,,,
9031,0,0,0,0,0,0,-38.34,-0.65,0,0,26.99,-4.89,-38.99,22.11,-16.88,,,,,
9041,0,0,0,0,0,0,-37.08,0.77,0,0,25.68,-4.55,-36.31,21.13,-15.18,,,,,
9051,0,0,0,0,0,0,-42.21,-7.2,0,0,34.6,-5.47,-49.41,29.12,-20.28,,,,,
9061,0,0,0,0,0,0,-40.86,-4.72,0,0,29.27,-4.99,-45.57,24.28,-21.3,,,,,
9071,0,0,0,0,0,0,-41.89,1.11,0,0,27.21,-5.46,-40.78,21.75,-19.03,,,,,
9081,0,0,0,0,0,0,-41.31,-1.05,0,0,26.26,-5.18,-42.36,21.08,-21.28,,,,,
9091,0,0,0,0,0,0,-35.88,-2.35,0,0,26.7,-5.01,-38.22,21.69,-16.53,,,,,
9101,0,0,0,0,0,0,-39.34,4.13,0,0,22.38,-5.01,-35.22,17.37,-17.85,,,,,
9111,0,0,0,0,0,0,-42.39,-3.6,0,0,28.31,-5.19,-45.99,23.12,-22.87,,,,,
9121,0,0,0,0,0,0,-40.34,-5.48,0,0,28.34,-5.15,-45.82,23.2,-22.63,,,,,
9131,0,0,0,0,0,0,-36.88,-1.56,0,0,24.52,-4.45,-38.44,20.07,-18.37,,,,,
9141,0,0,0,0,0,0,-39.01,-5.48,0,0,26.54,-5.11,-44.49,21.43,-23.06,,,,,
9151,0,0,0,0,0,0,-39.74,-10.6,0,0,33.56,-5.2,-50.34,28.36,-21.98,,,,,
9161,0,0,0,0,0,0,-41.43,-10.24,0,0,30.92,-4.65,-51.68,26.27,-25.41,,,,,
9171,0,0,0,0,0,0,-38.9,-1.17,0,0,22.52,-4.83,-40.07,17.69,-22.38,,,,,
9181,0,0,0,0,0,0,-39.65,-13.1,0,0,32.98,-4.6,-52.75,28.38,-24.37,,,,,
9191,0,0,0,0,0,0,-42.21,-20.97,0,0,42.49,-5.05,-63.17,37.44,-25.73,,,,,
9201,0,0,0,0,0,0,-41.15,-11.99,0,0,33.73,-5.07,-53.15,28.65,-24.5,,,,,
9211,0,0,0,0,0,0,-39.6,-10.53,0,0,32.71,-5.19,-50.13,27.52,-22.6,,,,,
9221,0,0,0,0,0,0,-44.59,-12.78,0,0,37.41,-5.51,-57.37,31.9,-25.47,,,,,
9231,0,0,0,0,0,0,-46.78,-16.68,0,0,38.04,-5.58,-63.46,32.46,-31,,,,,
9241,0,0,0,0,0,0,-43.16,-7.94,0,0,29.59,-5.7,-51.1,23.88,-27.22,,,,,
9251,0,0,0,0,0,0,-43.09,-0.14,0,0,25.36,-5.68,-43.23,19.68,-23.55,,,,,
9261,0,0,0,0,0,0,-47.7,-7.85,0,0,32.13,-5.74,-55.55,26.39,-29.16,,,,,
9271,0,0,0,0,0,0,-45.04,-16.07,0,0,37.62,-5.68,-61.11,31.94,-29.17,,,,,
9281,0,0,0,0,0,0,-43.52,-14.06,0,0,35.32,-5.28,-57.58,30.04,-27.53,,,,,
9291,0,0,0,0,0,0,-43.55,-4.01,0,0,30.07,-5.61,-47.56,24.45,-23.11,,,,,
9301,0,0,0,0,0,0,-40.48,-3.33,0,0,28.36,-5.44,-43.81,22.93,-20.88,,,,,
9311,0,0,0,0,0,0,-43.73,-2.66,0,0,27.54,-5.82,-46.39,21.72,-24.67,,,,,
9321,0,0,0,0,0,0,-43.29,-7.22,0,0,31.35,-5.67,-50.51,25.68,-24.83,,,,,
9331,0,0,0,0,0,0,-40.81,-0.4,0,0,25.6,-5.82,-41.2,19.77,-21.43,,,,,
9341,0,0,0,0,0,0,-41.46,-5.28,0,0,29.38,-5.71,-46.74,23.67,-23.07,,,,,
9351,0,0,0,0,0,0,-41.9,-7.62,0,0,31.61,-5.53,-49.52,26.08,-23.44,,,,,
9361,0,0,0,0,0,0,-44.06,-5.32,0,0,31.37,-5.74,-49.38,25.63,-23.75,,,,,
9371,0,0,0,0,0,0,-44.65,-4.32,0,0,31.91,-6.06,-48.97,25.85,-23.12,,,,,
9381,0,0,0,0,0,0,-44.02,-6.31,0,0,31.14,-5.4,-50.34,25.74,-24.6,,,,,
9391,0,0,0,0,0,0,-44.28,-6.52,0,0,33.23,-5.68,-50.8,27.56,-23.24,,,,,
9401,0,0,0,0,0,0,-41.79,-3.24,0,0,32.16,-5.66,-45.03,26.5,-18.53,,,,,
9411,0,0,0,0,0,0,-40.78,-6.61,0,0,31.39,-5.33,-47.39,26.05,-21.34,,,,,
9421,0,0,0,0,0,0,-40.35,-1.69,0,0,27.91,-5.41,-42.04,22.5,-19.54,,,,,
9431,0,0,0,0,0,0,-41.07,-4.94,0,0,29.53,-5.09,-46.01,24.44,-21.57,,,,,
9441,0,0,0,0,0,0,-40.46,-4.4,0,0,30.01,-5.31,-44.85,24.69,-20.16,,,,,
9451,0,0,0,0,0,0,-43.26,-6.33,0,0,32.08,-5.52,-49.59,26.56,-23.03,,,,,
9461,0,0,0,0,0,0,-43.49,-2.28,0,0,29.34,-5.74,-45.77,23.6,-22.18,,,,,
9471,0,0,0,0,0,0,-40.73,-2.72,0,0,29.61,-5.46,-43.45,24.14,-19.31,,,,,
9481,0,0,0,0,0,0,-41.65,-0.76,0,0,27.65,-5.4,-42.41,22.25,-20.16,,,,,
9491,0,0,0,0,0,0,-40.46,-4.64,0,0,29.25,-5.66,-45.1,23.58,-21.52,,,,,
9501,0,0,0,0,0,0,-45.86,-4.95,0,0,34.63,-6.03,-50.81,28.6,-22.22,,,,,
9511,0,0,0,0,0,0,-43.51,-5.37,0,0,32.37,-5.62,-48.88,26.75,-22.13,,,,,
9521,0,0,0,0,0,0,-42.32,-6.3,0,0,31.64,-5.66,-48.61,25.98,-22.63,,,,,
9531,0,0,0,0,0,0,-43.76,-6.62,0,0,35.38,-6.04,-50.38,29.34,-21.04,,,,,
9541,0,0,0,0,0,0,-40.55,-6.22,0,0,32.4,-5.86,-46.77,26.54,-20.23,,,,,
9551,0,0,0,0,0,0,-44.99,-8.52,0,0,33.94,-5.87,-53.51,28.07,-25.45,,,,,
9561,0,0,0,0,0,0,-42.39,-10.41,0,0,35.08,-5.49,-52.8,29.59,-23.21,,,,,
9571,0,0,0,0,0,0,-44.54,-10.41,0,0,36.45,-5.74,-54.95,30.71,-24.24,,,,,
9581,0,0,0,0,0,0,-45.89,-9.17,0,0,35.14,-5.86,-55.06,29.29,-25.78,,,,,
9591,0,0,0,0,0,0,-44.36,-8.43,0,0,34.39,-5.47,-52.79,28.93,-23.86,,,,,
9601,0,0,0,0,0,0,-44.2,-2.11,0,0,29.33,-5.71,-46.31,23.62,-22.69,,,,,
9611,0,0,0,0,0,0,-41.68,-7.72,0,0,33.92,-5.68,-49.41,28.24,-21.17,,,,,
9621,0,0,0,0,0,0,-43.69,-5.71,0,0,32.36,-5.48,-49.39,26.88,-22.51,,,,,
9631,0,0,0,0,0,0,-42.81,-4.88,0,0,30.84,-5.46,-47.69,25.38,-22.31,,,,,
9641,0,0,0,0,0,0,-42.91,-0.61,0,0,25.74,-5.14,-43.52,20.6,-22.92,,,,,
9651,0,0,0,0,0,0,-43.11,-1.62,0,0,26.08,-5.39,-44.73,20.69,-24.04,,,,,
9661,0,0,0,0,0,0,-42.77,-4.8,0,0,30.52,-5.69,-47.57,24.83,-22.74,,,,,
9671,0,0,0,0,0,0,-40.67,-5.12,0,0,30.25,-5.51,-45.79,24.73,-21.05,,,,,
9681,0,0,0,0,0,0,-44.29,-7.22,0,0,32.19,-5.49,-51.5,26.7,-24.8,,,,,
9691,0,0,0,0,0,0,-42.46,-8.39,0,0,35.05,-5.71,-50.85,29.34,-21.51,,,,,
9701,0,0,0,0,0,0,-42.8,-10.87,0,0,35.56,-5.53,-53.67,30.03,-23.64,,,,,
9711,0,0,0,0,0,0,-40.17,-8.54,0,0,32.64,-5.56,-48.72,27.08,-21.63,,,,,
9721,0,0,0,0,0,0,-46.53,-11.82,0,0,37.63,-5.65,-58.36,31.97,-26.38,,,,,
9731,0,0,0,0,0,0,-43.03,-7.67,0,0,33.03,-5.6,-50.7,27.43,-23.27,,,,,
9741,0,0,0,0,0,0,-41.5,-4.53,0,0,32.87,-5.8,-46.04,27.07,-18.97,,,,,
9751,0,0,0,0,0,0,-45.89,-9.52,0,0,35.6,-5.83,-55.41,29.76,-25.64,,,,,
9761,0,0,0,0,0,0,-40.73,-6.05,0,0,28.87,-5.24,-46.79,23.63,-23.16,,,,,
9771,0,0,0,0,0,0,-41.95,-9.49,0,0,34.26,-5.5,-51.44,28.76,-22.67,,,,,
9781,0,0,0,0,0,0,-43.92,-6.23,0,0,31.07,-5.59,-50.15,25.47,-24.68,,,,,
9791,0,0,0,0,0,0,-40.6,-8.64,0,0,32.83,-5.37,-49.24,27.47,-21.78,,,,,
9801,0,0,0,0,0,0,-41.84,-2.31,0,0,26.3,-5.22,-44.15,21.08,-23.07,,,,,
9811,0,0,0,0,0,0,-42.58,-6.78,0,0,32.39,-5.67,-49.37,26.72,-22.65,,,,,
9821,0,0,0,0,0,0,-44.27,0,0,0,26.34,-5.23,-44.27,21.11,-23.16,,,,,
9831,0,0,0,0,0,0,-43.99,-3.33,0,0,31.98,-5.71,-47.32,26.27,-21.05,,,,,
9841,0,0,0,0,0,0,-40.1,0.45,0,0,28.44,-5.45,-39.65,23,-16.65,,,,,
9851,0,0,0,0,0,0,-44.15,-0.36,0,0,27.61,-5.62,-44.52,21.98,-22.53,,,,,
9861,0,0,0,0,0,0,-46.49,1.27,0,0,27.96,-5.83,-45.22,22.12,-23.1,,,,,
9871,0,0,0,0,0,0,-45.08,-10.31,0,0,36.53,-6.01,-55.38,30.52,-24.86,,,,,
9881,0,0,0,0,0,0,-42.12,-10.45,0,0,37.52,-5.79,-52.56,31.73,-20.83,,,,,
9891,0,0,0,0,0,0,-39.65,-5.33,0,0,31.71,-5.62,-44.97,26.09,-18.88,,,,,
9901,0,0,0,0,0,0,-46.13,-5.76,0,0,32.59,-5.83,-51.89,26.76,-25.13,,,,,
9911,0,0,0,0,0,0,-45.42,-10.36,0,0,36.73,-5.97,-55.78,30.76,-25.03,,,,,
9921,0,0,0,0,0,0,-47.61,-6.55,0,0,35.69,-6.18,-54.16,29.5,-24.66,,,,,
9931,0,0,0,0,0,0,-43.75,-4.1,0,0,28.2,-5.54,-47.85,22.66,-25.19,,,,,
9941,0,0,0,0,0,0,-46.69,-3.21,0,0,32.36,-6.14,-49.89,26.22,-23.67,,,,,
9951,0,0,0,0,0,0,-42.2,-5.89,0,0,33.77,-5.79,-48.09,27.98,-20.11,,,,,
9961,0,0,0,0,0,0,-43.32,-12.58,0,0,35.95,-5.72,-55.9,30.23,-25.67,,,,,
9971,0,0,0,0,0,0,-42.35,-8.26,0,0,33.56,-5.86,-50.61,27.7,-22.91,,,,,
9981,0,0,0,0,0,0,-46.53,-2.13,0,0,29.32,-5.86,-48.66,23.46,-25.2,,,,,
9991,0,0,0,0,0,0,-43.3,-8.54,0,0,34.46,-5.89,-51.85,28.57,-23.28,,,,,
10001,0,0,0,0,0,0,-46.67,-7.76,0,0,34.31,-5.88,-54.43,28.43,-26,,,,,
