GENERALIZED BORN:,,,,,,,,,,,,,,,,,,,,
Complex Energy Terms,,,,,,,,,,,,,,,,,,,,
Frame #,BOND,ANGLE,DIHED,UB,IMP,CMAP,VDWAALS,EEL,1-4 VDW,1-4 EEL,EGB,ESURF,GGAS,GSOLV,TOTAL,,,,,
1,1765.26,4508.81,5418.24,507.72,292.9,-174.98,-3935.89,-32355.47,1752.86,22509.44,-5906.53,162.26,288.88,-5744.27,-5455.39,,,,,
11,1739.74,4528.53,5284.28,497.53,291.41,-167.94,-3816.49,-32298.57,1713.07,22709.85,-6275.4,183.42,481.39,-6091.98,-5610.59,,,,,
21,1805.34,4520.75,5306.52,510.04,257.63,-184.15,-3890.63,-32066.57,1726,22518.38,-6299.7,180.91,503.3,-6118.79,-5615.49,,,,,
31,1791.65,4468.2,5285.9,519.39,275.18,-197.94,-3860.76,-32220.32,1755.18,22824.88,-6336.06,183.4,641.36,-6152.66,-5511.3,,,,,
41,1822.9,4523.34,5253.84,509.63,252.03,-200.99,-3894.74,-31882.74,1742.08,22729.07,-6573.27,181.46,854.42,-6391.81,-5537.39,,,,,
51,1800.79,4525.59,5256.91,513.04,270.55,-174.68,-3890.74,-32062.18,1764.36,22721.3,-6490.33,186.28,724.94,-6304.05,-5579.12,,,,,
61,1783.93,4445.21,5268.4,500.99,265.85,-164.44,-3890.12,-32033.18,1759.56,22693.41,-6431.5,183.01,629.61,-6248.49,-5618.88,,,,,
71,1786.6,4414.87,5229.83,499.67,297.18,-152.07,-3910.55,-32161.08,1744.25,22680.36,-6316.85,182.77,429.07,-6134.08,-5705.01,,,,,
81,1823.79,4459.31,5276.07,516.32,263.69,-189.11,-3885.51,-32153.04,1749.45,22685.07,-6301.61,182.56,546.05,-6119.05,-5573,,,,,
91,1772.07,4546.02,5279.47,505.98,272.94,-205.7,-3863.11,-31994.95,1736.88,22522.1,-6449.81,182.54,571.68,-6267.27,-5695.59,,,,,
101,1786.76,4459.5,5245.79,504.11,274.45,-176.89,-3871.53,-32000.34,1735.38,22609.6,-6439.33,183.55,566.82,-6255.78,-5688.95,,,,,
111,1795.44,4492.93,5301.26,501.7,276.16,-187.94,-3841.58,-32367.92,1718.65,22738.71,-6189.47,181.31,427.42,-6008.16,-5580.75,,,,,
121,1856.75,4591.92,5303.41,524.25,280.02,-192.76,-3911.28,-31858.36,1679.06,22582.57,-6543.33,183.84,855.57,-6359.49,-5503.92,,,,,
131,1820.17,4523.34,5286.06,524.05,270.47,-194.47,-3888.35,-31891.84,1727.27,22651.14,-6581.38,184.96,827.84,-6396.41,-5568.57,,,,,
141,1864.02,4514.03,5262.7,521.93,288.43,-214.82,-3892.52,-31855.98,1732.95,22628.51,-6574.75,184.18,849.25,-6390.57,-5541.32,,,,,
151,1771.01,4439.14,5236.73,510.83,265.8,-173.62,-3862.39,-31973.43,1724.17,22695.16,-6509.42,186.9,633.41,-6322.52,-5689.12,,,,,
161,1875.12,4507.21,5267.96,503.37,284.39,-203.84,-3841.73,-31690.02,1725.68,22539.58,-6665.44,184.47,967.72,-6480.97,-5513.25,,,,,
171,1873.17,4514.13,5218.46,498.07,266.45,-198.41,-3832.7,-31707.95,1705.62,22555.92,-6674.41,185.54,892.76,-6488.87,-5596.11,,,,,
181,1897.86,4486.54,5240.23,511.26,262.5,-171.96,-3875.82,-31837.51,1709.98,22527.98,-6513.91,186.78,751.06,-6327.13,-5576.07,,,,,
191,1710.32,4507.38,5207.3,511.48,297.36,-181.94,-3895.42,-31832.56,1754.88,22637.51,-6592,184.75,716.31,-6407.26,-5690.94,,,,,
201,1847.62,4372.47,5238.55,490.03,291.47,-196.74,-3933.35,-31896.86,1688.88,22737.35,-6551.78,182.56,639.41,-6369.21,-5729.8,,,,,
211,1793.92,4453.16,5260.3,514.32,280.81,-190.36,-3856.51,-31900.61,1739.17,22661.84,-6512.14,183.59,756.04,-6328.55,-5572.51,,,,,
221,1787.96,4459.9,5263.67,505.24,282.2,-213,-3887.17,-31969.03,1727.96,22598.68,-6477.19,178.04,556.42,-6299.15,-5742.73,,,,,
231,1840.5,4447.54,5211.13,501.31,298.33,-160.19,-3883.34,-32135.17,1741.52,22743.85,-6374.15,180.49,605.48,-6193.66,-5588.19,,,,,
241,1841.32,4526.36,5235.17,533.61,275.98,-178.25,-3844.11,-32126.98,1766.27,22659.67,-6409.6,184.65,689.06,-6224.95,-5535.9,,,,,
251,1839.92,4482.88,5256.32,504.84,258.52,-194.35,-3854.96,-32271.21,1732.76,22707.3,-6291.6,182.23,462,-6109.37,-5647.37,,,,,
261,1813.74,4580.02,5240.4,505.45,301.99,-190.61,-3829.83,-32147.3,1704.38,22588.36,-6364.47,180.07,566.61,-6184.4,-5617.79,,,,,
271,1750.27,4493.75,5178.26,517.91,261.5,-196.17,-3880.55,-31918.75,1768.08,22777.48,-6588.72,183.28,751.77,-6405.44,-5653.67,,,,,
281,1843.87,4567.67,5215.27,510.63,281.85,-190.18,-3878.92,-32137.36,1735.59,22699.33,-6385.31,184.72,647.74,-6200.6,-5552.86,,,,,
291,1818.09,4416.88,5265.31,501.94,274.43,-181.72,-3851.03,-32220.54,1727.61,22728.85,-6380.01,184.16,479.83,-6195.84,-5716.01,,,,,
301,1839.4,4488.53,5215.67,498.73,266.19,-176.35,-3868.62,-32144.67,1714.83,22715.59,-6404.97,185.85,549.32,-6219.12,-5669.8,,,,,
311,1817.65,4483.95,5240.62,526,291.74,-199.6,-3832.3,-32097.73,1713.93,22640.9,-6409.51,186.87,585.16,-6222.64,-5637.48,,,,,
321,1761.52,4450.75,5274.21,504.23,269.2,-172.06,-3861.93,-32172.45,1727.47,22731.4,-6385.52,185.31,512.34,-6200.21,-5687.87,,,,,
331,1859.86,4474.47,5248.28,500.79,267.03,-166.05,-3845.55,-32066.53,1710.04,22640.18,-6437.32,185.41,622.51,-6251.91,-5629.41,,,,,
341,1772.62,4492.01,5268.02,510.99,265.46,-189.21,-3913.28,-32192.87,1737.76,22727.97,-6313.43,184.07,479.47,-6129.36,-5649.89,,,,,
351,1879.25,4473.27,5254.25,507.91,266.06,-188.44,-3929.38,-32050.38,1687.12,22650.32,-6424.47,183.34,549.97,-6241.13,-5691.16,,,,,
361,1824.69,4573.83,5240.6,513.63,289.57,-194.41,-3904.01,-32145.6,1705.2,22599.57,-6361.9,185.14,503.08,-6176.76,-5673.69,,,,,
371,1785.78,4438.6,5240.75,506.45,270.26,-172.21,-3907.63,-32120.73,1733.7,22696.05,-6381.32,180.54,471.02,-6200.78,-5729.76,,,,,
381,1861.81,4518.37,5288.18,526.12,278.91,-172.03,-3906.2,-32170.52,1730.89,22745.78,-6395.12,181.92,701.32,-6213.2,-5511.88,,,,,
391,1780.24,4447.2,5268.37,520.54,274.2,-197.12,-3897.51,-32051.36,1759.31,22762.82,-6480.91,183.6,666.7,-6297.31,-5630.61,,,,,
401,1818.13,4414.13,5253.36,526.83,277.76,-187.85,-3891.01,-31965.86,1721.1,22715.62,-6520.94,181.83,682.21,-6339.12,-5656.91,,,,,
411,1831.74,4485.55,5228.87,498.68,273.05,-199.76,-3958.51,-32064.36,1698.46,22727.97,-6443.86,179.13,521.69,-6264.73,-5743.04,,,,,
421,1820.66,4415.42,5223.98,493.3,274.25,-205.26,-3902.48,-32278.83,1724.5,22755.48,-6299.94,180.22,321.01,-6119.71,-5798.7,,,,,
431,1826.49,4425.88,5241.27,515.05,291.88,-181.36,-3919.91,-32143.08,1736.37,22719.59,-6357.14,178.67,512.19,-6178.47,-5666.28,,,,,
441,1808.23,4449.28,5247.3,513.63,285.85,-169.65,-3922.97,-32218.13,1705.54,22743.69,-6361.76,182.85,442.76,-6178.91,-5736.15,,,,,
451,1834.31,4458.02,5222.96,522.31,287.71,-169.76,-3934.08,-32070.27,1735.83,22769.53,-6451.22,182.24,656.55,-6268.97,-5612.43,,,,,
461,1787.59,4497.63,5253.31,516.26,275.98,-169.79,-3903.23,-31886.43,1731.77,22658.93,-6522.91,181.88,762.02,-6341.02,-5579,,,,,
471,1773.99,4464.78,5238.85,499.76,261.91,-149.12,-3911.29,-32138.09,1770.52,22643.2,-6347.13,179.01,454.52,-6168.11,-5713.59,,,,,
481,1800.12,4435.3,5215.96,505.84,287.23,-161.89,-3949.99,-32122.1,1764.37,22757.34,-6378.35,181.11,532.19,-6197.24,-5665.05,,,,,
491,1815.9,4400.99,5276.22,494.25,285.29,-173.48,-3925.39,-31952.91,1758.99,22716.76,-6552.95,182.76,696.62,-6370.19,-5673.57,,,,,
501,1830.78,4468.42,5225.11,514.36,279.93,-167.53,-3859.7,-32108.72,1717.85,22728.27,-6427.3,181.74,628.77,-6245.56,-5616.79,,,,,
511,1762.63,4430.7,5213.22,497.41,262.3,-194.82,-3924.72,-32128.98,1754.75,22691.61,-6348.75,180.26,364.11,-6168.49,-5804.39,,,,,
521,1854.22,4478.01,5223.16,505.75,271.42,-193.59,-3915.02,-32162.63,1713.23,22688.94,-6313.29,179.3,463.49,-6133.99,-5670.5,,,,,
531,1820.19,4484.34,5235.19,496.78,263.1,-153.85,-3891.64,-32156.94,1744.01,22642.32,-6327.33,179.21,483.48,-6148.12,-5664.64,,,,,
541,1734.33,4549.74,5214.41,529.95,276.41,-168.49,-3913.29,-32149.35,1752.16,22648.78,-6299.72,178.13,474.67,-6121.59,-5646.92,,,,,
551,1790.44,4399.47,5224.95,510.42,274.52,-149.56,-3932.38,-32137.2,1713.79,22713.85,-6354.75,182.16,408.3,-6172.59,-5764.29,,,,,
561,1793.43,4439.49,5237.87,506.63,285.17,-161.94,-3901.25,-32118.94,1733.7,22682.08,-6332.59,181.62,496.23,-6150.97,-5654.74,,,,,
571,1829.4,4504.83,5220.1,523.34,285.39,-198.23,-3921.44,-32126.98,1696.88,22696.34,-6390.85,184.02,509.64,-6206.82,-5697.19,,,,,
581,1774.39,4416.8,5266.25,498.69,291.09,-162.97,-3893.51,-32239.04,1742.92,22719.1,-6284.82,184.61,413.72,-6100.21,-5686.49,,,,,
591,1893.29,4370.26,5189.38,500.87,267.75,-169.62,-3889.55,-32093.52,1719.67,22747.7,-6460.45,182.97,536.22,-6277.48,-5741.27,,,,,
601,1781.31,4496.38,5219.49,520.65,259.61,-190.85,-3893.75,-31998.97,1719.98,22645.24,-6461.03,183.67,559.07,-6277.37,-5718.3,,,,,
611,1761.02,4428.19,5254.63,500.68,285.92,-177.64,-3963.72,-31904.27,1718.91,22810.16,-6579.2,182.67,713.88,-6396.52,-5682.65,,,,,
621,1835.14,4495.34,5244.64,519.91,287.5,-172.22,-3931.56,-32068.16,1709.85,22676.7,-6402.81,182.96,597.13,-6219.85,-5622.72,,,,,
631,1795.44,4482.64,5258.73,502.35,277.56,-169.88,-3912.08,-31957.23,1735.42,22693.21,-6489.76,184.13,706.16,-6305.63,-5599.47,,,,,
641,1790.88,4499.98,5222.63,514.52,276.38,-160.76,-3922.25,-32101.66,1704.33,22701,-6360.95,182.13,525.06,-6178.82,-5653.76,,,,,
651,1843.23,4466.19,5253.23,514.39,276.52,-184.5,-3939.12,-32099.4,1715.09,22758.29,-6428.16,186.16,603.91,-6242,-5638.09,,,,,
661,1799.9,4342.69,5237.7,495.49,261.15,-205.69,-3920.96,-32228.27,1731.98,22800.76,-6340.39,181.42,314.75,-6158.96,-5844.22,,,,,
671,1860.53,4434.15,5225.12,507.6,272.08,-189.33,-3855.2,-32015.7,1745.53,22680.1,-6433.88,182.35,664.88,-6251.52,-5586.64,,,,,
681,1871.87,4432.5,5243.47,536.59,287.09,-194.97,-3915.34,-32022.42,1714.93,22590.46,-6432.85,184.97,544.17,-6247.88,-5703.71,,,,,
691,1758.36,4489.31,5241.3,514.77,299.87,-182.69,-3896.91,-31926.11,1718.24,22705.72,-6569.03,183.9,721.85,-6385.13,-5663.29,,,,,
701,1758.47,4431.19,5217.72,510.41,274.1,-201.52,-3899.59,-31986.9,1733.74,22721.81,-6435.78,185.55,559.43,-6250.23,-5690.8,,,,,
711,1831.44,4439.37,5199.2,497.11,279.74,-193.24,-3883.59,-31953.98,1704.48,22598.2,-6453.4,185.96,518.72,-6267.43,-5748.71,,,,,
721,1856.03,4465.92,5236.31,507.4,281.49,-189.09,-3950.06,-32088.79,1769.54,22703.14,-6424.85,179.77,591.91,-6245.08,-5653.18,,,,,
731,1901.6,4364.64,5280.57,503.22,265.62,-212.74,-3897.8,-31988.82,1717.69,22722.25,-6516.12,182.57,656.23,-6333.55,-5677.32,,,,,
741,1766.59,4563.11,5228.53,523.16,296.65,-188.46,-3906.53,-32085.98,1734.25,22627.76,-6384.84,180.12,559.09,-6204.73,-5645.64,,,,,
751,1808.96,4388.54,5252.09,519.27,267.57,-171.11,-3914.41,-32078.53,1750.96,22624.27,-6386.79,178.45,447.6,-6208.34,-5760.73,,,,,
761,1800.35,4483.99,5272.6,513.36,274.6,-197.06,-3915.24,-31968.36,1695.41,22669.1,-6494.37,183.42,628.76,-6310.95,-5682.18,,,,,
771,1816.23,4385.81,5245.1,506.3,270.66,-199.92,-3905.13,-31957.67,1764.2,22649.27,-6451.77,181.51,574.85,-6270.25,-5695.4,,,,,
781,1808.27,4405.88,5199.36,509.17,276.33,-195.58,-3882.17,-31861.18,1746.08,22632.56,-6581.08,187.02,638.72,-6394.06,-5755.35,,,,,
791,1834.13,4493.22,5216.89,510.14,290.74,-218.92,-3908.92,-32201.09,1723.97,22700.05,-6318.14,181.8,440.21,-6136.34,-5696.13,,,,,
801,1802.36,4456.88,5226.95,493.38,284.7,-193.83,-3939.71,-32077.3,1717.54,22740.47,-6416.8,184.32,511.46,-6232.48,-5721.02,,,,,
811,1767.36,4436.53,5186.28,505.05,281.98,-204.01,-3833.29,-32105.89,1761.41,22594.74,-6343.03,183.54,390.16,-6159.5,-5769.34,,,,,
821,1815.58,4444.72,5277.15,509.12,282.96,-215.39,-3848.56,-32125.81,1731.82,22516.23,-6298.98,184.82,387.84,-6114.16,-5726.32,,,,,
831,1829.92,4474.22,5267.93,503.13,257.6,-208.42,-3905.54,-32253.41,1710.96,22587.93,-6195.59,180.65,264.32,-6014.94,-5750.62,,,,,
841,1909.67,4460.39,5213.27,512.54,271.71,-206,-3944.83,-32014.15,1719.63,22604.11,-6413.13,182.11,526.34,-6231.02,-5704.68,,,,,
851,1791,4525.82,5279.24,512.64,281.68,-200.7,-3856.73,-31996.25,1724.13,22535.01,-6409.12,184.96,595.84,-6224.15,-5628.31,,,,,
861,1842.8,4521.02,5208.95,530.76,254.06,-161.78,-3896.12,-31983.97,1724.47,22598.06,-6433.55,184.37,638.24,-6249.18,-5610.93,,,,,
871,1808.94,4393.29,5225.97,507.74,270.25,-193,-3873.02,-32092.07,1731.34,22696.91,-6441.42,179.88,476.36,-6261.54,-5785.18,,,,,
881,1825.46,4603.6,5227.22,517.49,268.56,-182.17,-3866.87,-32028.97,1699.32,22548.91,-6462.09,184.01,612.55,-6278.08,-5665.53,,,,,
891,1835.94,4466.06,5250.7,505.62,289.91,-180.55,-3900.36,-31960.6,1689.45,22591.16,-6487.61,183.78,587.33,-6303.83,-5716.49,,,,,
901,1846.18,4515.01,5247.14,519.54,261.94,-184.24,-3881.4,-32005.29,1729.58,22616.24,-6479.97,183.26,664.69,-6296.7,-5632.01,,,,,
911,1816.67,4412.28,5263.37,499.07,281.89,-202.79,-3907.49,-32106.06,1735.6,22706.14,-6412,183.88,498.69,-6228.12,-5729.43,,,,,
921,1807.13,4418.5,5257.56,501.09,277.24,-182.37,-3917.95,-31982.93,1731.8,22641.59,-6491.67,180.91,551.65,-6310.76,-5759.11,,,,,
931,1842.27,4390.15,5203.24,492.82,251.93,-173.27,-3870.26,-32068.64,1733.68,22506.04,-6364.44,181.45,307.95,-6182.99,-5875.04,,,,,
941,1734.95,4426.98,5219.58,503.07,262.33,-184.73,-3931.89,-31898.34,1716.6,22607.53,-6533.25,179.86,456.08,-6353.39,-5897.31,,,,,
951,1814.33,4482.37,5210.69,500.67,285.14,-174.77,-3953.17,-31996.68,1696.1,22611.11,-6440.11,177.97,475.79,-6262.14,-5786.36,,,,,
961,1803.91,4374.9,5241.42,506.04,291.81,-189.01,-3919.9,-32045.7,1770.57,22698.27,-6457.49,179.82,532.33,-6277.67,-5745.35,,,,,
971,1874.82,4359.87,5226.53,525.85,280.54,-172.73,-3922.13,-31839.84,1713.17,22562.7,-6536.67,179.31,608.79,-6357.36,-5748.57,,,,,
981,1816.16,4520.2,5273.96,516.74,281.22,-186.63,-3893.24,-31881.75,1690.72,22549.89,-6521.52,177.12,687.26,-6344.4,-5657.14,,,,,
991,1840.91,4420.79,5236.51,508.3,286.61,-148.21,-3927.02,-32089.33,1728.56,22681.92,-6449.01,178.37,539.05,-6270.63,-5731.58,,,,,
1001,1830.81,4443.43,5248.25,508.84,278.24,-159.76,-3880.91,-31933.32,1723.63,22574.39,-6492.48,175.8,633.61,-6316.68,-5683.07,,,,,
1011,1917.78,4387.53,5222.38,506.91,280.32,-181.64,-3906.01,-31869.23,1765.12,22544.51,-6556.57,178.95,667.67,-6377.62,-5709.95,,,,,
1021,1864.2,4474.12,5228.6,517.55,278.69,-182.68,-3940.44,-31908.2,1745.15,22539.7,-6480.36,178.19,616.7,-6302.17,-5685.48,,,,,
1031,1831.61,4602.99,5204.41,551.09,280.75,-184.49,-3893.15,-31854.4,1751.24,22514.97,-6547.07,182.64,805.02,-6364.42,-5559.41,,,,,
1041,1793.63,4484.46,5239.85,511.95,293.8,-180.7,-3915.34,-31737.7,1717.55,22630.48,-6703.89,187.6,837.98,-6516.29,-5678.31,,,,,
1051,1835.51,4485.63,5231.24,501.89,281.45,-180.83,-3882.26,-31793.95,1738.45,22550.62,-6590.13,185.41,767.75,-6404.73,-5636.98,,,,,
1061,1812.77,4468.99,5265.92,509.9,275.23,-203.98,-3920.9,-31694.68,1692.19,22588.9,-6698.7,183.16,794.35,-6515.54,-5721.19,,,,,
1071,1782.22,4360.02,5255.9,503.9,275.92,-196.25,-3888.21,-31835.21,1730.55,22730.71,-6632.31,184.24,719.55,-6448.07,-5728.52,,,,,
1081,1772.96,4444.67,5213,482.77,285.41,-157.47,-3890.43,-31916.32,1722.91,22603.74,-6508.27,186.25,561.25,-6322.03,-5760.77,,,,,
1091,1867.07,4536.92,5192.81,530.2,274.84,-174.76,-3942.9,-31751.18,1726.06,22609.61,-6689.21,181.78,868.67,-6507.43,-5638.76,,,,,
1101,1765.25,4467.87,5220.77,509.36,268.97,-176.54,-3923.52,-31986.1,1735.03,22786.46,-6567.45,182.46,667.54,-6385,-5717.45,,,,,
1111,1799.52,4450.2,5211.82,504.54,267.56,-166.24,-3908.93,-31834.28,1733.74,22640.81,-6632.83,182.36,698.74,-6450.47,-5751.73,,,,,
1121,1831.38,4404.82,5229.74,490.75,320.9,-180.12,-3875.37,-31956.09,1736.01,22739.43,-6602.56,181.82,741.45,-6420.74,-5679.29,,,,,
1131,1764.58,4398.19,5263.57,501.83,285.08,-178.9,-3896.95,-31966.98,1746.34,22771.21,-6572.95,182.34,687.96,-6390.62,-5702.66,,,,,
1141,1826.34,4490.18,5272.53,507.93,252.08,-194.3,-3913.15,-31966.83,1767.7,22693.95,-6545.27,180.14,736.44,-6365.12,-5628.69,,,,,
1151,1782.03,4493.91,5249.01,509.26,261.44,-162.87,-3883.14,-31991.38,1762.22,22742.56,-6531.92,186.17,763.04,-6345.75,-5582.7,,,,,
1161,1837.69,4535.36,5217.48,511.62,266.95,-203.23,-3883.19,-31888.13,1727.22,22603.49,-6507.44,183.47,725.26,-6323.97,-5598.71,,,,,
1171,1811.59,4445.97,5256.68,514.66,283.7,-168.89,-3866.74,-32024.65,1741.96,22721.96,-6535.6,182.25,716.26,-6353.35,-5637.09,,,,,
1181,1793.09,4421.89,5205.5,493.53,272.62,-196.47,-3907.21,-32039.72,1733.22,22824.13,-6570.46,187.9,600.57,-6382.55,-5781.98,,,,,
1191,1882.55,4511.03,5241.71,503.36,302.5,-206.16,-3855.48,-31847.01,1744.84,22656.54,-6633.51,189.52,933.88,-6443.99,-5510.11,,,,,
1201,1842,4378.19,5210.05,502.32,292.11,-161.49,-3883.11,-31884.72,1711.7,22655.16,-6575.47,181.02,662.22,-6394.45,-5732.23,,,,,
1211,1877.77,4482.5,5184.65,523,264.31,-173.86,-3945.52,-31652.76,1721.26,22630.65,-6751.94,185.2,912,-6566.75,-5654.74,,,,,
1221,1775.32,4478.64,5167.87,510.46,265.14,-156.7,-3952.8,-31923.12,1734.21,22650.73,-6570.38,184.96,549.75,-6385.42,-5835.68,,,,,
1231,1810.43,4336.99,5225.74,498.17,260.28,-159.72,-3910.44,-31900.99,1724.71,22703.11,-6613.17,185.76,588.28,-6427.42,-5839.14,,,,,
1241,1781.04,4529.74,5167.9,506.9,278.22,-163.79,-3902.54,-31916.97,1728.22,22762.29,-6648.05,186.28,771.01,-6461.76,-5690.75,,,,,
1251,1809.84,4424.61,5196.46,519.57,287.4,-158.38,-3924.07,-31987.24,1748.54,22638.56,-6464.36,182.16,555.27,-6282.21,-5726.93,,,,,
1261,1851.19,4452.59,5208.92,507.82,271.62,-174.71,-3865.11,-31908.77,1707.48,22664.59,-6607.7,184.64,715.63,-6423.06,-5707.43,,,,,
1271,1829.98,4482.03,5226.69,520.89,270.82,-163.9,-3938.58,-31679.45,1738.27,22573.35,-6716.62,188.27,860.11,-6528.34,-5668.23,,,,,
1281,1781.2,4459.67,5218.15,487.7,272.9,-181.45,-3906.09,-31805.58,1732.72,22734.26,-6690.57,185.23,793.49,-6505.35,-5711.86,,,,,
1291,1828.75,4458.42,5198.93,507.47,288.71,-140.01,-3899.48,-31830.91,1776.75,22688.3,-6641.96,184.89,876.94,-6457.06,-5580.13,,,,,
1301,1756.81,4415.21,5225.08,504.46,292.27,-180.33,-3890.11,-32059.68,1743.34,22740.69,-6503.71,181.37,547.74,-6322.34,-5774.6,,,,,
1311,1824.42,4469.45,5212.64,495.07,278.52,-160.34,-3886.89,-32053.63,1739.76,22705.82,-6532.84,183.97,624.82,-6348.87,-5724.05,,,,,
1321,1802.81,4415.46,5235.86,512.05,280.33,-172.88,-3928.93,-31836.48,1743.26,22711.25,-6668.1,185.32,762.72,-6482.77,-5720.06,,,,,
1331,1797.64,4470.09,5135.95,524.46,270.11,-166.47,-3893.91,-32010.75,1727.72,22710.9,-6522.72,182.72,565.74,-6340,-5774.25,,,,,
1341,1855.94,4444.28,5237.92,490.18,284.83,-147.75,-3842.07,-32106.96,1683.09,22769.8,-6483.5,186.21,669.25,-6297.29,-5628.04,,,,,
1351,1890.25,4421.37,5226.16,510.79,283.49,-193.22,-3870.3,-31983.54,1735.5,22681.66,-6528.19,184.09,702.16,-6344.1,-5641.94,,,,,
1361,1782.91,4463.57,5225.01,507.33,274.62,-204.18,-3903.29,-32222.89,1730,22696.56,-6296.42,180.21,349.65,-6116.21,-5766.55,,,,,
1371,1915.98,4426.14,5271.79,490.97,289.47,-165.71,-3920.69,-32215.85,1704.2,22758.82,-6349.29,179.42,555.12,-6169.88,-5614.76,,,,,
1381,1816.71,4510.7,5240.17,505.43,273.35,-173.1,-3969.66,-31936.7,1745.55,22709.86,-6497.19,180.07,722.32,-6317.12,-5594.8,,,,,
1391,1883.31,4405.65,5222.9,507.81,279.37,-176.13,-3942.95,-32094.81,1741.1,22699.95,-6433.52,179.96,526.2,-6253.56,-5727.36,,,,,
1401,1804.95,4505.04,5194.65,513.55,270.1,-178.69,-3942.54,-31938.56,1711.73,22627.19,-6491.24,182.3,567.42,-6308.93,-5741.52,,,,,
1411,1816.54,4495.92,5213.97,524.73,271.31,-196.89,-3930.55,-31972.6,1735.33,22681.58,-6468.28,180.3,639.34,-6287.98,-5648.63,,,,,
1421,1737.52,4568.68,5195.35,503.47,275.66,-207.44,-3947.7,-31848.93,1772.64,22591.07,-6527.14,181.79,640.35,-6345.35,-5705,,,,,
1431,1798.73,4441.03,5227.17,492.3,266.3,-184.99,-3899.85,-31907.35,1736.62,22675.56,-6575.08,183.14,645.51,-6391.95,-5746.44,,,,,
1441,1799.5,4534.36,5203.59,518.32,291.32,-175.32,-3883.22,-31957.7,1755.54,22629.26,-6527.45,184.55,715.65,-6342.91,-5627.25,,,,,
1451,1770.67,4425.34,5217.11,503.8,288.29,-172.48,-3866.4,-32031.9,1767.94,22628.09,-6446.51,182.9,530.46,-6263.61,-5733.16,,,,,
1461,1791.77,4437.65,5200.4,507.75,273.95,-173.94,-3887.82,-31890.66,1744.65,22670.13,-6613.73,188.05,673.87,-6425.69,-5751.82,,,,,
1471,1794.96,4448.1,5208.82,504.67,286.7,-179.74,-3896.95,-31835.46,1716.89,22633.68,-6631,187.54,681.66,-6443.47,-5761.81,,,,,
1481,1821.59,4509.7,5209.22,498.65,285.53,-193.45,-3911.55,-31632.15,1718.52,22639.5,-6750.42,187.93,945.57,-6562.49,-5616.93,,,,,
1491,1812.29,4413.56,5264.62,500.88,270.47,-221.18,-3892.95,-31961.92,1732.4,22666.46,-6511.1,178.05,584.62,-6333.05,-5748.43,,,,,
1501,1767.48,4399.44,5177.7,501.78,274.37,-189.03,-3906.89,-31852.12,1726.97,22755.33,-6663.15,186.24,655.04,-6476.91,-5821.87,,,,,
1511,1797.26,4610.81,5223.04,522.22,260.98,-204.67,-3928.94,-31587.95,1744.02,22524.85,-6703.2,184.28,961.62,-6518.92,-5557.3,,,,,
1521,1821.91,4457.77,5209.75,515.69,269.15,-193.01,-3891.73,-31824.83,1721.51,22661.85,-6652.74,184.22,748.05,-6468.52,-5720.47,,,,,
1531,1820.49,4489.49,5220.81,514.31,272.89,-193.97,-3862.38,-31899.55,1767.49,22563.58,-6550.66,181.7,693.17,-6368.96,-5675.79,,,,,
1541,1851.58,4387.44,5230.78,506.9,282.97,-185.46,-3903.43,-31913.75,1731.07,22699.67,-6576.28,185.71,687.77,-6390.57,-5702.8,,,,,
1551,1859.18,4412.28,5239.19,497.1,266.9,-191.89,-3921.71,-31914.61,1695.52,22630.29,-6529.1,185.55,572.23,-6343.56,-5771.32,,,,,
1561,1766.23,4422.04,5206.6,520.57,288.75,-182.63,-3891,-31962.45,1743.48,22696.86,-6548.67,180.69,608.45,-6367.98,-5759.53,,,,,
1571,1766.06,4453.82,5199.14,505.94,282.63,-200.42,-3941.95,-32036.6,1756.69,22670.51,-6475.84,182.24,455.81,-6293.6,-5837.79,,,,,
1581,1784.93,4463.22,5277.06,527.07,274.52,-212.35,-3908.04,-32009.97,1769.81,22661.91,-6476.37,184.63,628.15,-6291.75,-5663.59,,,,,
1591,1866.2,4437.49,5214.45,516.83,269.21,-152.19,-3902.74,-31928.79,1733.33,22705.46,-6612.64,190.22,759.25,-6422.42,-5663.17,,,,,
1601,1855.29,4493.46,5244.6,510.14,277.66,-198.03,-3852.73,-32103.65,1733.25,22618.81,-6403.65,185.91,578.81,-6217.74,-5638.94,,,,,
1611,1826,4448,5218.66,509.68,282.91,-179.24,-3892.83,-31954.16,1733.28,22681.45,-6547.65,183.5,673.75,-6364.14,-5690.39,,,,,
1621,1870.86,4420.58,5250.55,520.17,284.71,-186.17,-3910.26,-31944.48,1736.37,22605.95,-6521.73,180.69,648.28,-6341.04,-5692.76,,,,,
1631,1808.95,4439.16,5213.41,493.31,298.64,-199.26,-3902.91,-31811.27,1711.24,22704.68,-6659.78,182.73,755.94,-6477.05,-5721.11,,,,,
1641,1777.29,4422.61,5203.43,523.78,263.57,-178.37,-3896.44,-31616.53,1768.7,22591.64,-6802.17,184.3,859.67,-6617.88,-5758.2,,,,,
1651,1900.06,4406.77,5188.54,509.22,278.51,-197.79,-3861.67,-31657.16,1733.32,22691.78,-6795.37,189.22,991.59,-6606.14,-5614.56,,,,,
1661,1729.2,4448.82,5207.68,506.82,286.08,-188.02,-3910.96,-31754.06,1762.69,22875.48,-6818.4,187.46,963.75,-6630.94,-5667.19,,,,,
1671,1768.8,4493.23,5208.52,504.12,272.61,-182.69,-3835.67,-31600.31,1736.85,22574.73,-6785.79,190.11,940.18,-6595.69,-5655.5,,,,,
1681,1749.83,4495.35,5254.77,506.27,275.76,-184.03,-3948.14,-31631.86,1747.57,22636.17,-6746.1,181.39,901.68,-6564.71,-5663.03,,,,,
1691,1814.48,4438.59,5213.79,508.78,282.01,-210.96,-3883.42,-31849.9,1716.01,22653.96,-6597.13,184.54,683.35,-6412.58,-5729.23,,,,,
1701,1832.85,4486.1,5241.41,522.85,299.57,-196.06,-3942.13,-31812.1,1750.57,22661.52,-6608.74,184.53,844.57,-6424.22,-5579.65,,,,,
1711,1811.12,4442.86,5233.17,503.48,278.18,-192.74,-3911.65,-31905.6,1776.63,22664.02,-6574.8,184.01,699.47,-6390.79,-5691.32,,,,,
1721,1802.6,4396.96,5212.99,514.81,272.89,-187.55,-3868.18,-32084.42,1735,22758.85,-6473.26,185.73,553.94,-6287.53,-5733.59,,,,,
1731,1857.96,4542.48,5221.35,527.81,275.88,-164.36,-3887.13,-31982.62,1727.12,22656.88,-6514.1,183.55,775.39,-6330.55,-5555.16,,,,,
1741,1796.36,4506.46,5240.52,515.72,268.81,-210.74,-3855.65,-32037.97,1746.76,22595.14,-6444.76,185.06,565.41,-6259.7,-5694.29,,,,,
1751,1829.24,4505.17,5228.09,514.89,294.85,-188.1,-3920.85,-31992.24,1724.6,22719,-6536.73,182.08,714.65,-6354.65,-5640.01,,,,,
1761,1803.73,4561.5,5217.35,529.28,267.07,-201.46,-3939.48,-31797.64,1736.25,22650.51,-6623.76,183.05,827.1,-6440.71,-5613.61,,,,,
1771,1806.76,4522.05,5194.83,513.59,287.58,-203.08,-3936.21,-32000.6,1743.23,22667.6,-6465.18,183.3,595.76,-6281.88,-5686.11,,,,,
1781,1866.58,4385.19,5199.78,508.35,298.35,-198.54,-3902.74,-31839.71,1739.06,22643.97,-6625.33,184.37,700.29,-6440.96,-5740.67,,,,,
1791,1825.05,4429.83,5207.3,489.34,279.21,-188.63,-3922.6,-31709.53,1710.96,22682.51,-6766.03,186.47,803.44,-6579.56,-5776.13,,,,,
1801,1788.27,4526.93,5218.44,519.27,301.42,-171.76,-3901.96,-31899.67,1736.97,22631.71,-6533.04,181.07,749.61,-6351.97,-5602.36,,,,,
1811,1829.75,4465.29,5167.59,513,247.18,-194.57,-3932.84,-31854.85,1750.64,22705.31,-6637.09,180.42,696.51,-6456.67,-5760.17,,,,,
1821,1831.76,4461.71,5194.03,517.8,284.54,-210.97,-3913.67,-31914.02,1749.68,22610.05,-6535.67,183.84,610.91,-6351.83,-5740.93,,,,,
1831,1809.36,4428.87,5194.47,490.58,269.88,-185.86,-3887.43,-32051.51,1747.75,22655.61,-6480.68,185.32,471.71,-6295.36,-5823.65,,,,,
1841,1835.73,4377.08,5177.53,505.28,288.88,-211.92,-3839.87,-32221.52,1742.99,22736.66,-6371.42,181.87,390.85,-6189.55,-5798.71,,,,,
1851,1780.32,4433.76,5245.57,497.46,256.3,-205.65,-3903.93,-32173.66,1742.6,22801.42,-6437.27,177.96,474.18,-6259.32,-5785.14,,,,,
1861,1837.97,4467.2,5205.11,522.68,273.87,-207.09,-3920.37,-32045.36,1719.15,22620.55,-6446.52,178.39,473.71,-6268.13,-5794.42,,,,,
1871,1794.22,4430.2,5191.2,499.1,271.77,-202.57,-3870.18,-32183.16,1734.56,22802.17,-6425.28,180.33,467.32,-6244.96,-5777.63,,,,,
1881,1797.43,4468.8,5211.49,493.86,270.69,-214.64,-3928.19,-32109.49,1773.46,22727.7,-6426.02,174.09,491.11,-6251.93,-5760.82,,,,,
1891,1784.71,4470.16,5192.99,518.61,277.66,-195.73,-3923.43,-32101.28,1730.01,22753.56,-6507.52,181.39,507.25,-6326.14,-5818.88,,,,,
1901,1828.65,4463.25,5267.05,509.68,269.37,-196.21,-3928.47,-31897.49,1737.75,22617.97,-6556.22,181.79,671.55,-6374.44,-5702.89,,,,,
1911,1823.55,4482.39,5237.91,514.57,290,-205.81,-3878.73,-31978.25,1750.51,22631.18,-6556.18,183.77,667.32,-6372.41,-5705.09,,,,,
1921,1811.33,4471.35,5238.33,503.28,278.18,-192.26,-3927.64,-32067.81,1773.2,22748.54,-6519.56,181.89,636.49,-6337.67,-5701.19,,,,,
1931,1845.86,4495.52,5221.93,503.28,265.42,-179.96,-3920.52,-31946.33,1719.94,22583.94,-6515.76,181.63,589.07,-6334.13,-5745.06,,,,,
1941,1855.08,4469.85,5192.79,515.27,260.96,-189.69,-3886.94,-31699.99,1707.15,22596.61,-6726.5,186.7,821.1,-6539.8,-5718.7,,,,,
1951,1891.8,4490.19,5196.47,510.74,259.65,-196.18,-3884.64,-31826.51,1726.52,22803.08,-6783.5,184.19,971.11,-6599.3,-5628.19,,,,,
1961,1775.28,4373.91,5215.49,481.52,264.78,-207.85,-3921.93,-31776.97,1725.96,22767.79,-6765.98,187.62,697.99,-6578.36,-5880.37,,,,,
1971,1823.9,4408.78,5228.4,520.14,274.75,-197.62,-3894.12,-31765.88,1732.98,22732.47,-6772.8,190.67,863.8,-6582.13,-5718.32,,,,,
1981,1759.24,4449.62,5203.27,497.79,284.26,-195.1,-3920.55,-31920.28,1759.45,22754.01,-6596.48,182.59,671.7,-6413.89,-5742.18,,,,,
1991,1853.21,4476.23,5209.74,522.83,253.14,-191.75,-3878.46,-31944.03,1744.95,22777.25,-6626.88,187.13,823.12,-6439.75,-5616.62,,,,,
2001,1823.85,4396.92,5208.15,489.43,264.5,-183.07,-3893.87,-31954.16,1725.2,22730.18,-6609.54,186.02,607.11,-6423.52,-5816.4,,,,,
2011,1813.88,4440.25,5213.46,507.1,282.97,-196.05,-3876.34,-32052.4,1770.98,22851.03,-6581.01,186.79,754.86,-6394.22,-5639.36,,,,,
2021,1793.14,4358.18,5230.48,493.67,294,-198.26,-3912.52,-31946.5,1760.35,22734.85,-6600.25,181.31,607.4,-6418.93,-5811.54,,,,,
2031,1835.48,4311.54,5213.21,486.37,270.3,-168.34,-3884.1,-31860.74,1708.02,22680.22,-6651.67,183.09,591.96,-6468.58,-5876.63,,,,,
2041,1754.73,4434.52,5217.38,497.2,269.83,-164.55,-3920.85,-31865.56,1755.36,22654.42,-6579.48,185.51,632.49,-6393.98,-5761.49,,,,,
2051,1772.08,4523.66,5186.18,501.32,258.14,-198.03,-3889.03,-31813.97,1730.92,22669.88,-6686.44,188.58,741.17,-6497.86,-5756.69,,,,,
2061,1795.91,4392.32,5219.04,499.67,280.32,-156.1,-3922.96,-31865.71,1742.93,22742.43,-6601.47,186.4,727.85,-6415.07,-5687.21,,,,,
2071,1869.33,4519.83,5173.46,503.4,276.89,-170.86,-3921.41,-31806.82,1732.81,22578.27,-6597.18,185.93,754.9,-6411.25,-5656.35,,,,,
2081,1808.51,4498.91,5199.54,505.24,280.8,-168.18,-3859.93,-31729.57,1700.58,22654.53,-6799.05,187.02,890.44,-6612.04,-5721.59,,,,,
2091,1739.27,4337.44,5199.21,504.74,282.79,-181.75,-3859.94,-32055.01,1750.87,22793.66,-6517.04,186.65,511.29,-6330.39,-5819.1,,,,,
2101,1794.38,4442,5213.81,494.15,252.84,-211.09,-3966.7,-32001.73,1695.44,22650.09,-6456.25,180.63,363.18,-6275.62,-5912.44,,,,,
2111,1788.27,4446.15,5219.99,512.7,269.1,-172.19,-3928.7,-32009.74,1754.14,22680.86,-6483.86,183.87,560.59,-6299.99,-5739.39,,,,,
2121,1763.27,4319.37,5255.97,488.65,294.74,-178.42,-3887.72,-32015.51,1778.13,22719.65,-6529.27,184.96,538.14,-6344.31,-5806.18,,,,,
2131,1879.28,4403.47,5230.29,515,266.56,-172.78,-3908.78,-31910.28,1775.88,22645.75,-6528.09,182.14,724.39,-6345.95,-5621.56,,,,,
2141,1793.55,4472.97,5207.75,521.18,286.53,-175.53,-3889.27,-31927.22,1785.37,22759.29,-6582.23,184.62,834.61,-6397.61,-5563.01,,,,,
2151,1847.22,4372.07,5209.72,515.13,298.29,-169.36,-3885.46,-32033.39,1708.48,22611.75,-6456.53,186.19,474.46,-6270.34,-5795.88,,,,,
2161,1843.08,4365.54,5208.38,522.2,257.34,-180.67,-3876.86,-32258.02,1742.07,22792.59,-6345.65,182.88,415.66,-6162.77,-5747.11,,,,,
2171,1833,4466.94,5180.45,509.96,258.36,-164.83,-3877.28,-32087.24,1757.99,22786.71,-6537.74,183.92,664.07,-6353.82,-5689.75,,,,,
2181,1854.55,4454.55,5233.96,511.01,276.88,-187.43,-3889.74,-31978.78,1753.5,22568.09,-6466.52,182.56,596.59,-6283.97,-5687.37,,,,,
2191,1785.42,4403.83,5192.95,502.77,275.3,-184.39,-3892.98,-32086.3,1741.89,22803.68,-6510.61,183.09,542.17,-6327.52,-5785.35,,,,,
2201,1778.86,4384.86,5224.76,506.19,291.45,-210.45,-3881.87,-31923.26,1744.87,22714.33,-6617.62,182.89,629.73,-6434.73,-5804.99,,,,,
2211,1816.51,4398.18,5230.61,512.99,257.24,-176.27,-3882.16,-31998.49,1710.75,22861.17,-6627.83,186.92,730.53,-6440.92,-5710.38,,,,,
2221,1785.48,4439.3,5232.05,501.84,282.99,-210.65,-3877.64,-31988.57,1711.13,22827.87,-6601.44,185.51,703.79,-6415.93,-5712.14,,,,,
2231,1857.1,4535.02,5236.51,506.42,286.29,-190.25,-3901.39,-31869.6,1732.53,22667.6,-6659.13,187.19,860.24,-6471.94,-5611.69,,,,,
2241,1770.89,4506.67,5211.85,493.52,259.35,-205.22,-3929.23,-31804.24,1746.01,22796.55,-6732.36,184.07,846.14,-6548.29,-5702.15,,,,,
2251,1784.13,4415.78,5212.29,506.26,293.25,-208.49,-3915.88,-31971.66,1778.56,22801.32,-6595.63,184.21,695.56,-6411.41,-5715.85,,,,,
2261,1827.02,4452.18,5187.56,493.9,273.98,-180.43,-3911.21,-31836.33,1747.97,22685.18,-6650.54,185.04,739.83,-6465.5,-5725.67,,,,,
2271,1756.09,4395.07,5186.23,505.62,264.12,-182.44,-3875.65,-31818.5,1757.46,22715.56,-6706.43,184.45,703.55,-6521.98,-5818.43,,,,,
2281,1822.3,4460.4,5165.85,511.21,269.27,-188.11,-3902.69,-31885.62,1695.78,22765.98,-6680.43,182.86,714.38,-6497.58,-5783.2,,,,,
2291,1790.87,4459.53,5178.42,525.59,273.79,-171.84,-3874.16,-31868.44,1763.29,22763.65,-6692.87,187.42,840.7,-6505.45,-5664.75,,,,,
2301,1775.05,4407.34,5257.57,495.52,282.94,-179.99,-3928.92,-31730.19,1713.42,22614.83,-6705.99,181.37,707.56,-6524.62,-5817.05,,,,,
2311,1905.39,4387.52,5238.61,512.02,275.68,-178.52,-3906.24,-31787.52,1728.53,22651.47,-6677.22,185.51,826.93,-6491.71,-5664.78,,,,,
2321,1833.82,4398.05,5203.12,519.07,269.6,-186.9,-3889.82,-32052.3,1749.44,22789.12,-6579.58,183.82,633.21,-6395.76,-5762.55,,,,,
2331,1799.02,4445.17,5221.24,495.04,270.46,-178.43,-3882.17,-31985.96,1747.84,22739.53,-6555.53,183.76,671.73,-6371.77,-5700.04,,,,,
2341,1803.44,4472.69,5187.86,490.33,265.44,-177.06,-3926.97,-31945.98,1744.21,22687.53,-6553.94,183.92,601.49,-6370.02,-5768.52,,,,,
2351,1846.47,4440.88,5228.83,501.1,263.7,-181.05,-3910.93,-31821.12,1726.8,22730.01,-6723.59,187.24,824.68,-6536.36,-5711.68,,,,,
2361,1884.24,4436.5,5221.85,502.2,283.76,-203.36,-3932.3,-31888.04,1718.02,22674.81,-6601.15,183.72,697.7,-6417.44,-5719.74,,,,,
2371,1831.02,4525.68,5187.67,492.7,274.36,-179.43,-3891.93,-32025.92,1732.7,22648.58,-6488.29,182.45,595.41,-6305.85,-5710.44,,,,,
2381,1832.14,4379.56,5219.11,502.9,279.73,-210.09,-3925.35,-31866.97,1754.01,22736.99,-6639.58,185.72,702.02,-6453.86,-5751.84,,,,,
2391,1828.66,4499.75,5215.66,512.05,277.97,-213.4,-3867.57,-31809.45,1747.79,22655.76,-6666.91,184.62,847.22,-6482.3,-5635.07,,,,,
2401,1817.39,4364.13,5178.37,492.52,267.69,-182.89,-3894.82,-31645.52,1710.97,22717.08,-6856.48,187.36,824.92,-6669.12,-5844.2,,,,,
2411,1815.43,4481.5,5179.57,509.22,272.97,-169.82,-3939.51,-31827.58,1765.83,22766.98,-6697.38,185.29,854.58,-6512.08,-5657.5,,,,,
2421,1803.99,4436.86,5193.88,516.91,275.15,-175.02,-3958.27,-31809.15,1745.52,22788.79,-6700.04,182.96,818.67,-6517.08,-5698.41,,,,,
2431,1807.67,4377.84,5188.77,507.75,270.79,-187.84,-3894.88,-31854.13,1742.63,22720.46,-6667.16,185.59,679.06,-6481.57,-5802.51,,,,,
2441,1874.66,4351.44,5226.14,511.27,274.5,-193.03,-3896.85,-31854.7,1749.58,22777.62,-6671.96,183.33,820.64,-6488.63,-5667.99,,,,,
2451,1785.19,4434.48,5182.15,500.73,268.79,-181.55,-3928.68,-31830.57,1742.34,22777.43,-6709.86,186.42,750.3,-6523.43,-5773.14,,,,,
2461,1831.82,4303.44,5238.71,508.54,279.52,-192.59,-3903.11,-31980.37,1739.42,22782.28,-6585.08,186.41,607.66,-6398.67,-5791.01,,,,,
2471,1876.7,4439.8,5237.06,499.08,285.76,-204.45,-3900.99,-31801.22,1758.83,22718.55,-6684.25,187.28,909.11,-6496.97,-5587.86,,,,,
2481,1760.9,4411.28,5170.86,501.25,286.06,-204.74,-3883,-31863.6,1751.11,22817.75,-6721.72,185.72,747.87,-6536,-5788.13,,,,,
2491,1826.96,4526.07,5194.53,527.26,285.36,-193.03,-3881.44,-31782.34,1715.03,22662.65,-6669.08,186.83,881.05,-6482.25,-5601.2,,,,,
2501,1845.05,4475.77,5250.59,512.46,282.24,-190,-3881.1,-32031.65,1738.66,22723.25,-6557.8,182.41,725.27,-6375.39,-5650.12,,,,,
2511,1780.37,4426.22,5247,486.63,286.42,-218.83,-3911.84,-32044.09,1739.04,22867.27,-6576.96,185.33,658.19,-6391.63,-5733.44,,,,,
2521,1847.45,4494.36,5246.01,511.69,274.34,-203.46,-3890.43,-31834.56,1711.21,22695.77,-6628.52,187.81,852.38,-6440.71,-5588.33,,,,,
2531,1836.4,4444.39,5219.44,498.57,249.57,-178.21,-3917.3,-31828.41,1713.11,22742.63,-6673.07,186.24,780.17,-6486.83,-5706.66,,,,,
2541,1918.83,4415.29,5232.14,507.15,280.86,-184.45,-3926.29,-31858.94,1708.51,22734.88,-6697.96,186.01,827.98,-6511.95,-5683.97,,,,,
2551,1760.17,4396.36,5226.49,515.22,301.9,-192.64,-3912.26,-31918.39,1758.85,22815.32,-6633.76,186.33,751.02,-6447.43,-5696.41,,,,,
2561,1818.25,4345.01,5177.9,503.21,265.76,-190.44,-3874.44,-32023.67,1770.36,22799.42,-6547.18,185.16,591.38,-6362.02,-5770.63,,,,,
2571,1817.07,4503.69,5224.99,510.75,292.21,-196.68,-3915.41,-31803.01,1736.85,22787.36,-6719.83,182.38,957.83,-6537.44,-5579.61,,,,,
2581,1853.5,4501.82,5230.25,508.59,278.02,-202.94,-3871.02,-32033.07,1743.93,22689.7,-6481.25,185.25,698.78,-6296,-5597.22,,,,,
2591,1793.72,4444.99,5238.13,496.27,278.67,-180.41,-3907.91,-31778.8,1780.83,22672.68,-6676.81,183.63,838.15,-6493.19,-5655.03,,,,,
2601,1835.48,4385.22,5210.71,510.78,256.21,-188.93,-3883.83,-31860.33,1737.2,22704.28,-6657.19,186.85,706.79,-6470.34,-5763.55,,,,,
2611,1801.23,4417.65,5238.87,520.08,273.15,-203.74,-3893.27,-31913.69,1760.2,22675.61,-6568.38,184.81,676.08,-6383.57,-5707.49,,,,,
2621,1800.66,4415.39,5242.93,514.41,269.09,-193.11,-3978.25,-31863.31,1757.48,22749.07,-6663.89,183.23,714.35,-6480.66,-5766.31,,,,,
2631,1819.61,4368.04,5267.66,496.51,269.04,-183.44,-3914.24,-31949.44,1743.8,22755.49,-6613.25,184.08,673.02,-6429.17,-5756.15,,,,,
2641,1799.6,4450.8,5210.25,508.63,278.37,-195.39,-3912.52,-31906.76,1696.8,22811.79,-6657.01,184.52,741.57,-6472.49,-5730.92,,,,,
2651,1823.96,4366.6,5212.99,494.42,289.96,-180.44,-3898.15,-31941.23,1749.31,22789.98,-6690.63,183.4,707.38,-6507.23,-5799.84,,,,,
2661,1818.4,4440.92,5239.15,528.91,274.39,-195.87,-3888.92,-32077.5,1728.76,22777.17,-6506.9,179.98,645.4,-6326.92,-5681.52,,,,,
2671,1812.97,4453.91,5176.71,505.09,256.54,-178.27,-3891.77,-31922.26,1738.33,22687.33,-6612.22,183.16,638.6,-6429.06,-5790.47,,,,,
2681,1843.3,4504.13,5221.94,501.88,281.93,-170.03,-3942.82,-31759.85,1715.87,22636.21,-6701.59,184.65,832.55,-6516.93,-5684.39,,,,,
2691,1783.7,4508.62,5227.75,507.2,271.32,-201.02,-3927.1,-31891.82,1728.06,22694.9,-6611.58,179.2,701.61,-6432.38,-5730.76,,,,,
2701,1848.14,4403.22,5206.5,506.62,274.32,-196.9,-3884.63,-31922.66,1746.68,22811.54,-6666.47,178.53,792.84,-6487.94,-5695.1,,,,,
2711,1808.38,4423.62,5214.79,511.32,285.81,-188.48,-3944.32,-31724.3,1717.56,22635.25,-6698.37,179.76,739.62,-6518.61,-5778.99,,,,,
2721,1808.3,4481.58,5199.13,528.72,259.02,-170.91,-3991.13,-31920.3,1738.34,22735.67,-6579.37,182.25,668.42,-6397.12,-5728.7,,,,,
2731,1821.59,4477.04,5192.9,520.89,255.67,-203.83,-3961.86,-31719.99,1746.87,22624.76,-6707.06,181.17,754.04,-6525.88,-5771.84,,,,,
2741,1845.66,4365.81,5236.76,506.91,285.34,-190.92,-3909.73,-31916.46,1742.45,22706.85,-6647.11,184.45,672.66,-6462.66,-5790,,,,,
2751,1770.35,4479.15,5231.12,492.37,278.08,-208.7,-3940.18,-31764.73,1730.95,22753.2,-6723.87,184.41,821.59,-6539.47,-5717.87,,,,,
2761,1794.39,4431.92,5190.98,497.27,304.47,-217.4,-3884.69,-31968.15,1773.99,22708.83,-6568.28,183.49,631.61,-6384.79,-5753.17,,,,,
2771,1796.21,4536.61,5210.33,519.45,276.11,-213.48,-3922.52,-31875.02,1748.53,22715.85,-6621.05,181.21,792.07,-6439.84,-5647.77,,,,,
2781,1823.94,4517.97,5223.91,520.22,257.1,-215.83,-3965.45,-31898.12,1728.69,22581.96,-6502.28,179.22,574.38,-6323.06,-5748.68,,,,,
2791,1803.88,4392.42,5252.7,497.01,286.96,-213.87,-3895.87,-32146.59,1734.9,22668.32,-6389.99,181.36,379.84,-6208.63,-5828.79,,,,,
2801,1809.61,4458.77,5231.38,507.83,274.17,-173.67,-3931.87,-32136.86,1760.53,22752.03,-6373.7,179.6,551.92,-6194.1,-5642.19,,,,,
2811,1788.89,4445.75,5209.57,500.89,264.44,-183.69,-3851.02,-32077.32,1753.36,22720.21,-6466.19,181.83,571.06,-6284.36,-5713.3,,,,,
2821,1742.46,4462.3,5226.84,500.99,295.83,-210.92,-3936.34,-32132.46,1717.38,22818.58,-6439.57,178.24,484.67,-6261.33,-5776.66,,,,,
2831,1785.71,4443.08,5241.75,508.83,278.95,-206.36,-3938.91,-32058.54,1766.79,22781.48,-6458.62,181.45,602.78,-6277.16,-5674.38,,,,,
2841,1783.93,4424.22,5219.25,512.17,283.82,-202.34,-3935.45,-31921.34,1746.24,22803.56,-6620.65,181.23,714.05,-6439.42,-5725.37,,,,,
2851,1833.11,4455.7,5210.62,503.73,273.7,-203.78,-3875.07,-31719.41,1747.4,22690.52,-6788.02,190.06,916.52,-6597.96,-5681.44,,,,,
2861,1819.97,4444.77,5247.54,498.25,266.7,-196.47,-3950.65,-31909.34,1717.06,22709.34,-6559.49,179.71,647.16,-6379.77,-5732.61,,,,,
2871,1885.25,4381.78,5215.82,512.64,277.23,-202.06,-3873.24,-31817.44,1745.38,22598.57,-6596.5,182.31,723.94,-6414.19,-5690.26,,,,,
2881,1790.07,4420.07,5247.51,497.56,267.03,-240,-3921.69,-32120.41,1724.78,22718.14,-6403.01,177.23,383.06,-6225.78,-5842.72,,,,,
2891,1816.29,4450.44,5208.94,493.99,258.01,-195.24,-3942.49,-31858.77,1738.88,22663.45,-6556.56,179.13,633.5,-6377.43,-5743.93,,,,,
2901,1740.38,4335.52,5250.59,494.06,298.15,-181.28,-3903.83,-31884.63,1744.55,22731.35,-6580.01,184.92,624.86,-6395.08,-5770.23,,,,,
2911,1775.33,4467.68,5195.29,515.86,256.88,-181.73,-3922.9,-31832.75,1767.4,22645.17,-6619.97,179.99,686.22,-6439.99,-5753.76,,,,,
2921,1726.96,4420.9,5229.95,504.65,277.6,-177.25,-3909.71,-31936.53,1768.99,22713.04,-6612.35,182.42,618.59,-6429.93,-5811.35,,,,,
2931,1830.28,4396.59,5222.48,512.9,262.28,-182.2,-3965.58,-31798.54,1749.21,22695.52,-6635.19,180.67,722.93,-6454.53,-5731.6,,,,,
2941,1773.07,4405.33,5240.84,497.86,265.88,-193.4,-3943.06,-31739.22,1734.7,22745.63,-6708.48,185.8,787.63,-6522.67,-5735.05,,,,,
2951,1827.73,4464.04,5172.2,498.63,277.85,-215.01,-3908.59,-31955.73,1734.49,22750.93,-6561.25,184.51,646.55,-6376.74,-5730.2,,,,,
2961,1782.81,4441.88,5219.4,503.42,270.83,-225.78,-3946.39,-31851.73,1726.36,22764.38,-6631.55,186.69,685.18,-6444.86,-5759.68,,,,,
2971,1835.23,4455.31,5250.86,518.94,265.36,-223.35,-3913.07,-31867.23,1744.25,22737.34,-6690.31,186.27,803.63,-6504.03,-5700.4,,,,,
2981,1842.94,4406.48,5215.86,504.57,269.73,-209.94,-3921.18,-31969.44,1734.35,22805.31,-6594.9,183.48,678.67,-6411.42,-5732.75,,,,,
2991,1762.49,4366.45,5194.98,497.93,273.8,-222.23,-3948.03,-31847.7,1748.86,22765.85,-6649.55,185.1,592.41,-6464.45,-5872.04,,,,,
3001,1809.17,4434.16,5255.97,504.87,287.19,-211.71,-3940.77,-32032.53,1733.46,22715.32,-6521.04,181.93,555.14,-6339.11,-5783.97,,,,,
3011,1775.87,4346.03,5236.57,497.66,282.59,-182.09,-3937.08,-31903.01,1727.93,22768.28,-6619.44,180.86,612.76,-6438.58,-5825.82,,,,,
3021,1786.37,4391.26,5195.35,509.8,267.04,-205.58,-3929.85,-31872.9,1729.68,22738.44,-6652.44,185.98,609.62,-6466.46,-5856.83,,,,,
3031,1841.44,4423.31,5248.18,501.42,279.01,-220.84,-3948.58,-31821.28,1763.84,22656.33,-6587.45,181.93,722.84,-6405.52,-5682.68,,,,,
3041,1766.88,4454.32,5251.38,506.61,263.73,-194.45,-3945.94,-31946.2,1764.13,22801.89,-6596.07,182.9,722.35,-6413.17,-5690.82,,,,,
3051,1865.03,4431.51,5211.7,512.69,271.89,-198.13,-3911.84,-31825.69,1711.9,22675.47,-6641.31,180.76,744.53,-6460.55,-5716.02,,,,,
3061,1835.41,4365.53,5216.69,490.89,269.6,-173.61,-3980.3,-31948.95,1710.55,22755.21,-6541.19,182.14,541.03,-6359.05,-5818.02,,,,,
3071,1788.08,4454.23,5248.53,504.94,283.52,-207.93,-3893.99,-31806.51,1777.03,22681.27,-6651.37,182.29,829.17,-6469.08,-5639.91,,,,,
3081,1777.43,4442.56,5222.02,510.04,286.36,-188.51,-3981.69,-31872.02,1725.66,22705.77,-6591.34,181.34,627.62,-6409.99,-5782.38,,,,,
3091,1814.56,4495.53,5226.6,511.89,278.11,-205.67,-3904.1,-31795.43,1734.12,22611.33,-6607.03,181.45,766.94,-6425.59,-5658.65,,,,,
3101,1796.24,4519.05,5247.01,499.64,268.45,-214.19,-3910.46,-31668.28,1716.18,22604.16,-6715.65,184.53,857.81,-6531.12,-5673.31,,,,,
3111,1849.9,4410.4,5218.84,498.02,265.22,-190.28,-3911.93,-31764.54,1749.16,22619.97,-6653.14,180.2,744.75,-6472.94,-5728.19,,,,,
3121,1756.46,4410.5,5198.98,520.5,265.96,-188.93,-3924.77,-31777.01,1719.42,22597.68,-6618.13,181.93,578.77,-6436.21,-5857.44,,,,,
3131,1819.66,4480.09,5239.21,524.95,269.46,-207.93,-3946.07,-31697.99,1742.27,22614.61,-6703.41,181.12,838.27,-6522.3,-5684.02,,,,,
3141,1753.1,4479.29,5240.15,494.41,284.91,-196.53,-3948.26,-31581.46,1742.57,22574.01,-6748.64,183.03,842.19,-6565.62,-5723.42,,,,,
3151,1766.8,4480.57,5186.82,505.76,283.47,-178.07,-3935.87,-31630.85,1753.71,22630.92,-6784.05,184.14,863.25,-6599.91,-5736.66,,,,,
3161,1829.05,4457.57,5237.05,503.62,291.35,-207.96,-3959.29,-31569.33,1721.92,22543.72,-6818.74,181.51,847.69,-6637.23,-5789.54,,,,,
3171,1846.78,4470.59,5260.59,507.14,279.12,-183.32,-3966.65,-31557.75,1723.31,22637.92,-6866.54,185.19,1017.72,-6681.35,-5663.62,,,,,
3181,1833.46,4328.84,5215.67,512.93,269.85,-209.77,-3909.26,-31556.84,1723.56,22508.63,-6729.56,186.84,717.06,-6542.72,-5825.66,,,,,
3191,1831.68,4518.66,5201.96,529.38,268.88,-193.94,-3909.35,-31899.58,1706.92,22562.08,-6461.99,184.21,616.7,-6277.78,-5661.08,,,,,
3201,1820.7,4446.55,5191.52,512.37,285.59,-175.69,-3919.39,-31866.49,1766.34,22608.88,-6508.22,179.06,670.38,-6329.16,-5658.78,,,,,
3211,1851.33,4474.83,5226.58,502.94,267.56,-200.05,-3922.58,-31688.26,1731.24,22556.21,-6670.21,183.57,799.79,-6486.65,-5686.86,,,,,
3221,1844.55,4469.7,5211.19,521.71,290.07,-215.75,-3928.57,-31865.12,1698.21,22675.41,-6596.37,186.23,701.41,-6410.15,-5708.74,,,,,
3231,1848.12,4421.27,5266.64,506.16,288.98,-221.13,-3984.07,-31709.94,1745.99,22635.17,-6654.83,180.38,797.2,-6474.45,-5677.25,,,,,
3241,1805.22,4440.38,5254.62,496.02,266.47,-205.51,-3937.54,-31765.85,1735.57,22648.29,-6662.98,182.75,737.67,-6480.23,-5742.56,,,,,
3251,1822.96,4541.2,5236.61,526.59,259.2,-178.67,-3918.62,-31763.97,1728.37,22636.93,-6685.64,185.82,890.6,-6499.82,-5609.22,,,,,
3261,1855.09,4449.32,5259.03,507.84,254.39,-188.43,-3946.43,-31570.3,1741.19,22517.23,-6724.44,185.33,878.93,-6539.11,-5660.19,,,,,
3271,1843.65,4450.77,5221.09,506.22,264.42,-193.66,-3907.14,-31729.89,1700.76,22603.07,-6658.83,179.46,759.3,-6479.37,-5720.07,,,,,
3281,1742.27,4345.52,5273.07,506.92,282.64,-197.91,-3920.1,-31918.54,1781.17,22667.93,-6566.52,181.15,562.98,-6385.37,-5822.39,,,,,
3291,1835.1,4437.66,5239.1,525.02,284.88,-188.26,-3920.29,-31751.55,1722.51,22778.96,-6781.1,184.21,963.12,-6596.89,-5633.77,,,,,
3301,1758,4473.48,5240.65,499.76,273.23,-219.64,-3915.3,-31672.38,1746.79,22556.54,-6760.24,184.52,741.13,-6575.72,-5834.58,,,,,
3311,1817.24,4415.35,5230.33,495.8,278.35,-180.58,-3925.03,-31739.8,1734.89,22695.58,-6716.82,181.98,822.16,-6534.84,-5712.68,,,,,
3321,1813.18,4529.61,5264.78,509.41,290.23,-199.13,-3853.38,-31861.84,1762.01,22684.36,-6599.96,182.23,939.24,-6417.74,-5478.5,,,,,
3331,1790.07,4434.52,5251.38,485.94,280.26,-220.27,-3908.73,-31941.55,1753.97,22693.08,-6600.15,181.14,618.65,-6419.01,-5800.35,,,,,
3341,1790.39,4438.65,5246.77,490.78,269.77,-205.04,-3887.22,-31788.05,1774.06,22643.62,-6660.82,181.53,773.73,-6479.29,-5705.56,,,,,
3351,1814.66,4385.36,5210.94,515.06,268.68,-206.59,-3893.57,-31694.41,1740.66,22626.65,-6737.73,187.39,767.45,-6550.34,-5782.9,,,,,
3361,1870.99,4493.07,5222.53,513.35,280.84,-191.35,-3950.76,-31654.4,1693.11,22605.8,-6705.91,185.27,883.18,-6520.64,-5637.46,,,,,
3371,1793.81,4392.42,5216.44,496.82,275.37,-194.32,-3902.83,-31768.13,1781.64,22659.42,-6675.99,180.88,750.63,-6495.11,-5744.48,,,,,
3381,1836.29,4434.92,5225.23,491.56,275.28,-208.43,-3930.62,-31758.12,1739.96,22636.81,-6645.16,178.75,742.88,-6466.41,-5723.53,,,,,
3391,1829.94,4381.4,5258.23,509.8,265.18,-223.04,-3914.56,-31768.73,1709.8,22713.47,-6720.14,185,761.48,-6535.14,-5773.66,,,,,
3401,1784.24,4425.89,5226.09,516.49,275.13,-197.43,-3907.42,-31959.26,1721.48,22780.75,-6608.37,182.62,665.97,-6425.75,-5759.78,,,,,
3411,1796.58,4402,5254.04,502.01,272.64,-212.1,-3972.07,-31946.72,1736.52,22795.22,-6596.22,178.12,628.12,-6418.11,-5789.99,,,,,
3421,1810.56,4400.64,5260.74,501.66,286.71,-208.06,-3922.43,-31885.18,1750.93,22598.36,-6531.58,180.38,593.93,-6351.2,-5757.27,,,,,
3431,1802.32,4461.49,5194.61,512.58,266.77,-207.7,-3880.95,-31938.12,1737.82,22794.24,-6631.38,183.38,743.06,-6448,-5704.94,,,,,
3441,1792.98,4439.8,5238.24,500.58,282.81,-228.3,-3924.7,-32038.78,1741.78,22807.79,-6526.65,179.72,612.2,-6346.93,-5734.73,,,,,
3451,1756.16,4384.68,5239.81,499.5,279.12,-188.41,-3906.71,-31788.27,1752.18,22710.81,-6694.93,180.45,738.87,-6514.48,-5775.61,,,,,
3461,1834.13,4476.93,5253.28,511.43,288.45,-217.91,-3934.54,-31792.19,1725.85,22665.39,-6588.55,182.44,810.82,-6406.11,-5595.29,,,,,
3471,1792.47,4482.85,5222.79,515.02,282.32,-217.43,-3900.51,-31764.09,1744.21,22699.23,-6670.36,184.36,856.86,-6485.99,-5629.13,,,,,
3481,1768.3,4543.14,5169.94,512.75,250.36,-195.49,-3966.64,-31713.84,1714.47,22648.68,-6684.7,185.84,731.67,-6498.85,-5767.19,,,,,
3491,1810.86,4414.83,5242.54,519.03,276.24,-213.38,-3933.07,-31688.51,1734.36,22648,-6670.02,182.19,810.91,-6487.83,-5676.92,,,,,
3501,1792.65,4451.07,5214.96,502.75,265.17,-211.11,-3911.21,-31928.91,1753.86,22723.44,-6569.12,183.78,652.67,-6385.35,-5732.68,,,,,
3511,1814.64,4445.28,5177.85,510.11,267.17,-200.31,-3926.83,-31866.81,1717.1,22701.15,-6610.15,182.69,639.35,-6427.47,-5788.12,,,,,
3521,1859.3,4483.43,5171.01,510.74,277.14,-171.22,-3945.04,-31819.36,1690.71,22639.98,-6630.74,179.66,696.69,-6451.09,-5754.39,,,,,
3531,1785.11,4416.73,5179.31,493.22,269.14,-207.19,-3901.01,-31788.93,1741.92,22726.4,-6673.46,181.79,714.69,-6491.67,-5776.98,,,,,
3541,1824.68,4468.86,5223.96,519.14,257.55,-221.71,-3906.63,-31956.52,1770.79,22648.36,-6483.46,179.2,628.49,-6304.26,-5675.77,,,,,
3551,1858.11,4483.19,5272.19,522.47,297.79,-208.59,-3916.55,-31956.02,1758.31,22638.11,-6517.84,175.95,749.02,-6341.89,-5592.86,,,,,
3561,1826.78,4486.06,5241.23,520.83,272.45,-214.11,-3927.11,-31763.78,1721.67,22614.46,-6655.31,184.78,778.47,-6470.53,-5692.06,,,,,
3571,1847.55,4385.85,5227.31,499.42,270.6,-185.81,-3904.88,-31873.3,1723.03,22713.11,-6605,184.01,702.88,-6420.99,-5718.11,,,,,
3581,1816.89,4372.39,5200.82,507.17,273.78,-188.26,-3927.67,-31891.4,1734.74,22770.85,-6612.13,182.28,669.32,-6429.86,-5760.53,,,,,
3591,1713.59,4483.52,5208.97,504.66,265.62,-203.46,-3922.24,-31996.28,1734.11,22786.95,-6542,184.32,575.44,-6357.68,-5782.24,,,,,
3601,1841.56,4433.2,5219.59,489.46,260.2,-218.5,-3974.89,-31822.06,1700.54,22650.74,-6645.31,180.57,579.83,-6464.74,-5884.91,,,,,
3611,1745.9,4425.58,5248.25,515.96,277.38,-217.4,-3950.87,-31839.19,1734.71,22719.59,-6602.95,181.75,659.92,-6421.19,-5761.27,,,,,
3621,1854.73,4437.07,5206.69,522.56,283.75,-207.66,-3953.82,-31647.94,1722.91,22677.93,-6793.12,183.39,896.22,-6609.73,-5713.5,,,,,
3631,1779.43,4527.71,5203.57,494.85,270.39,-185.16,-3913.13,-31644.61,1717,22698.83,-6837.87,184.33,948.89,-6653.54,-5704.65,,,,,
3641,1777.77,4404.67,5245.87,509.38,272.68,-202.97,-3877.51,-31722.06,1720.1,22828.71,-6878.6,187.28,956.64,-6691.32,-5734.68,,,,,
3651,1815.5,4426.47,5258.82,494.87,269.3,-198.13,-3917,-31646.77,1735.87,22685.64,-6824.77,184.05,924.58,-6640.72,-5716.15,,,,,
3661,1797.99,4495.45,5226.23,528.52,270.89,-213.28,-3900.11,-31605.51,1750.84,22691.74,-6868.68,182.81,1042.76,-6685.87,-5643.11,,,,,
3671,1803.96,4433.19,5234.24,503.94,266.38,-189.98,-3891.78,-31822.84,1723.96,22726.42,-6680.79,180.6,787.49,-6500.19,-5712.7,,,,,
3681,1850.73,4464.17,5216.95,510.24,271.65,-214.99,-3849.26,-31567.57,1717.29,22655.63,-6871.02,187.47,1054.83,-6683.55,-5628.72,,,,,
3691,1802.92,4399.1,5166.95,492.35,271.71,-198.84,-3926.02,-31640.75,1733.86,22668.85,-6800.67,181.98,770.15,-6618.69,-5848.54,,,,,
3701,1735.62,4515.61,5203.21,505.25,294.39,-200.86,-3908.16,-31793.07,1771.51,22677.02,-6675.23,188.12,800.52,-6487.11,-5686.6,,,,,
3711,1822.68,4423.97,5219.52,501.55,294.85,-185.29,-3849.5,-31689.42,1731.01,22760.25,-6863.29,189.27,1029.64,-6674.02,-5644.38,,,,,
3721,1853.25,4353.04,5212.59,495.6,277.2,-197.33,-3912.07,-31759.38,1715.68,22699.82,-6700.32,184.9,738.41,-6515.42,-5777.01,,,,,
3731,1838.07,4423.71,5226.22,523.66,270.41,-183.43,-3882.96,-31931.58,1750.77,22691,-6581.76,185.38,725.87,-6396.37,-5670.51,,,,,
3741,1845.85,4479.66,5204.46,525.58,273.14,-183.33,-3887.88,-31767.45,1705.81,22585.68,-6641.11,182.45,781.52,-6458.67,-5677.15,,,,,
3751,1808.14,4452.94,5184.06,508.4,284.84,-200.71,-3925.25,-31893.99,1774.57,22755.6,-6611.28,182.11,748.6,-6429.17,-5680.57,,,,,
3761,1788.74,4441.74,5225.14,515.04,290.35,-190.04,-3917.27,-31837.92,1732.93,22740.37,-6692.07,183.19,789.08,-6508.87,-5719.8,,,,,
3771,1807.71,4435.32,5220.72,499.49,283.72,-193.97,-3915.89,-31773.72,1727.89,22709.92,-6705.43,183.12,801.21,-6522.31,-5721.1,,,,,
3781,1784.83,4396.88,5217.49,505.4,282.3,-203.93,-3901.72,-31877.2,1739.26,22797.89,-6713.95,182.63,741.19,-6531.32,-5790.12,,,,,
3791,1863.09,4386.81,5229.15,514.37,259.9,-185.77,-3864.1,-31750.45,1717.5,22748.41,-6764.71,181.5,918.92,-6583.21,-5664.28,,,,,
3801,1747.7,4377.66,5197.28,507.38,287.96,-186.34,-3905.85,-31718.85,1747.33,22782.06,-6841.53,185.95,836.34,-6655.59,-5819.24,,,,,
3811,1853.33,4396.83,5219.72,497.66,272.59,-174.94,-3922.74,-31689.7,1733.55,22706.86,-6792.13,184.43,893.15,-6607.7,-5714.55,,,,,
3821,1817.58,4427.44,5236.92,503.36,267.16,-192.08,-3920.6,-31758.22,1761.85,22641.38,-6687.54,178.61,784.79,-6508.93,-5724.14,,,,,
3831,1850.36,4447.97,5200.34,514.08,290.75,-185.01,-3870,-31976.74,1742.61,22731.6,-6585.92,185.41,745.97,-6400.51,-5654.54,,,,,
3841,1817.2,4437.59,5220.84,495.93,265.75,-208.73,-3949.6,-31696.83,1750.77,22669.56,-6754.6,184.21,802.48,-6570.39,-5767.91,,,,,
3851,1789.64,4387.49,5253.32,507.08,269.24,-199.62,-3899.83,-31767.43,1737.38,22660.64,-6681.41,181.72,737.92,-6499.69,-5761.77,,,,,
3861,1842.41,4424.19,5231.73,511.62,278.54,-213.95,-3928.49,-31714.92,1707.86,22595.05,-6702,184.77,734.04,-6517.23,-5783.19,,,,,
3871,1792.18,4465.79,5171.84,514.51,268.4,-189.19,-3928.79,-31828.74,1743.83,22635.43,-6641.24,177.34,645.27,-6463.9,-5818.63,,,,,
3881,1824.35,4495.67,5239.02,512.48,266.97,-201.01,-3893.07,-31893.49,1704.94,22613.13,-6617.53,188.75,668.98,-6428.77,-5759.79,,,,,
3891,1843.75,4448.48,5256.04,512.81,264.57,-193.15,-3902.79,-31759.57,1760.13,22633.19,-6690.04,185.13,863.45,-6504.91,-5641.46,,,,,
3901,1820.31,4359.49,5235.37,512.22,270.34,-212.7,-3943.21,-31608.65,1697.65,22621.28,-6789.11,185.42,752.09,-6603.69,-5851.61,,,,,
3911,1818.61,4370.87,5188.83,506.4,269.99,-192.29,-3877.26,-31800.73,1713.54,22715.38,-6708.53,185.72,713.34,-6522.81,-5809.47,,,,,
3921,1877.98,4464.94,5230.17,516.31,294.1,-215.38,-3928.73,-31973.04,1743.84,22688.97,-6541.31,180.25,699.15,-6361.05,-5661.9,,,,,
3931,1787.5,4447.97,5212.63,514.81,254.05,-195.49,-3913.93,-31660.53,1774.14,22652.85,-6773.3,185.45,874.01,-6587.85,-5713.84,,,,,
3941,1772.56,4498.4,5242.68,502.73,266.4,-194.72,-3951.02,-31752.96,1705.08,22651.79,-6739.5,185.05,740.94,-6554.45,-5813.51,,,,,
3951,1793.05,4422.95,5254.46,505.69,263.42,-175.89,-3890.45,-31958.2,1771.76,22700.98,-6539.04,184.42,687.79,-6354.62,-5666.84,,,,,
3961,1821.08,4432.75,5236.97,509.09,275.4,-224.11,-3883.53,-32110.77,1747.47,22710.59,-6413.66,181.44,514.94,-6232.22,-5717.28,,,,,
3971,1834.61,4442.42,5226.79,507.98,286.02,-205.41,-3875.45,-32080.58,1716.69,22719.06,-6488.07,184.24,572.12,-6303.82,-5731.7,,,,,
3981,1845.18,4489.38,5245.11,515.73,269.2,-200.69,-3929.85,-31784.37,1724.71,22718.9,-6673.66,184.34,893.3,-6489.32,-5596.01,,,,,
3991,1802.98,4385.68,5237.23,514.82,273.73,-194.26,-3958.53,-32024.15,1737.48,22749.87,-6530.22,177.68,524.85,-6352.54,-5827.69,,,,,
4001,1894.49,4433.48,5223.23,513.96,275.72,-197.14,-3945.76,-32013.34,1742.68,22624.37,-6469.2,176.48,551.7,-6292.72,-5741.03,,,,,
4011,1810.37,4532.26,5214.04,510.86,265.01,-190.43,-3904.61,-31721.5,1743.28,22598.01,-6659.79,181.37,857.3,-6478.42,-5621.12,,,,,
4021,1802.8,4452.68,5199.45,515.23,257.14,-186.54,-3937.56,-31906.04,1724.28,22605.04,-6510.29,182.19,526.49,-6328.11,-5801.62,,,,,
4031,1883.65,4414.92,5165.66,500.14,268.04,-195.52,-3912.6,-32023.2,1724.44,22759.98,-6485.55,179.85,585.49,-6305.69,-5720.2,,,,,
4041,1823.78,4370.95,5247.77,529.28,286.42,-206.14,-3894.42,-31900.43,1739.96,22651.6,-6548.53,181.2,648.78,-6367.33,-5718.54,,,,,
4051,1828.25,4347.64,5222.23,497.96,267.43,-207.9,-3889.93,-32118.14,1732.63,22720.66,-6353.01,182.45,400.82,-6170.56,-5769.75,,,,,
4061,1825.41,4422.95,5236.37,512.4,253.37,-164.99,-3912.69,-31837.39,1740.07,22645.5,-6616.69,185.86,721,-6430.83,-5709.83,,,,,
4071,1804.6,4387.03,5190.07,509.31,306.05,-199.11,-3930.04,-32012.02,1726.55,22793.04,-6526.39,179.4,575.49,-6346.99,-5771.5,,,,,
4081,1809.23,4452.4,5237.76,503,272.07,-176.58,-3909.67,-31869.57,1745.3,22678.92,-6623.17,185.65,742.86,-6437.52,-5694.66,,,,,
4091,1824.25,4425.72,5197.67,504.99,296.36,-222.87,-3883.86,-31966.43,1742.35,22678.54,-6510.44,181.62,596.71,-6328.83,-5732.11,,,,,
4101,1872.33,4474.93,5217.5,498.32,284.76,-181.84,-3900.71,-31929.62,1726.21,22609.25,-6504.65,183.34,671.12,-6321.31,-5650.19,,,,,
4111,1798.55,4511.67,5235.34,520.4,299.07,-202.79,-3910.62,-31911.63,1754.16,22654.5,-6550.31,182.64,748.65,-6367.67,-5619.02,,,,,
4121,1817.12,4393.8,5221.59,509.56,281.17,-185.86,-3928.23,-31932.83,1748.95,22676.75,-6541.62,182.39,602.01,-6359.23,-5757.23,,,,,
4131,1789.85,4429.6,5231.34,499.04,265,-196.46,-3937.1,-31745.89,1717.52,22653.2,-6664.72,182.99,706.11,-6481.73,-5775.62,,,,,
4141,1805.36,4462.43,5239.34,505.3,281.01,-209.02,-3908.08,-31917.32,1757.62,22733.87,-6591.98,181.4,750.5,-6410.58,-5660.08,,,,,
4151,1814.75,4392.91,5193.79,493.09,280.48,-170.96,-3938.69,-31883.74,1728.03,22660.68,-6575.77,178.12,570.35,-6397.65,-5827.3,,,,,
4161,1833.74,4447.35,5212.68,506.77,257.9,-189.96,-3950.29,-31825.63,1740.33,22642.23,-6585.75,181.97,675.11,-6403.78,-5728.67,,,,,
4171,1826.74,4398.05,5230.82,501,293.25,-227.73,-3918.52,-31830.86,1717.79,22610.99,-6550.26,180.74,601.53,-6369.52,-5768,,,,,
4181,1828.59,4398.97,5195.98,522.06,272.03,-202.33,-3882.27,-31822.29,1759.04,22696.12,-6673.87,184.15,765.88,-6489.73,-5723.84,,,,,
4191,1826.73,4445.97,5230.91,501.54,295.71,-188.84,-3907.75,-31895.95,1729.71,22659.4,-6593.26,180.19,697.44,-6413.08,-5715.64,,,,,
4201,1828.05,4410.69,5222.46,496.71,288.77,-178.73,-3899.29,-32011.13,1719.8,22675.3,-6487.25,182.64,552.63,-6304.6,-5751.97,,,,,
4211,1817.99,4407.8,5248.48,504.53,280.6,-190.21,-3906.6,-31784.91,1773.05,22677.52,-6682.64,184.62,828.25,-6498.02,-5669.77,,,,,
4221,1778.64,4498.47,5192.92,512.57,257.46,-186,-3930.18,-32039.12,1743.7,22681.43,-6423.08,179.89,509.91,-6243.2,-5733.29,,,,,
4231,1797.91,4414.09,5225.76,498.58,259.11,-198.6,-3932.14,-31909.78,1737.79,22564.51,-6480.94,179.54,457.22,-6301.41,-5844.19,,,,,
4241,1773.86,4331.27,5209.49,513.61,266.85,-189.83,-3915.03,-31943.91,1762.45,22791.28,-6567.63,178.52,600.03,-6389.11,-5789.08,,,,,
4251,1830.73,4332.13,5226.22,496.4,266.49,-198.27,-3875.95,-31983.51,1746.32,22727.06,-6529.33,181.94,567.62,-6347.39,-5779.76,,,,,
4261,1776.73,4516.74,5217.65,523.32,285.42,-187.6,-3940.62,-31922.14,1751.28,22694.33,-6547.4,181.11,715.11,-6366.29,-5651.18,,,,,
4271,1770.53,4336.41,5225.14,489.38,263.12,-205.57,-3947.23,-31874.28,1729.22,22665.63,-6538.8,181.49,452.37,-6357.31,-5904.94,,,,,
4281,1820.19,4342.97,5244.86,503.92,259.33,-186.21,-3933.56,-32011.86,1752.53,22669.09,-6466.06,180.17,461.26,-6285.89,-5824.64,,,,,
4291,1748.25,4386.25,5222.6,494.66,280.28,-190.78,-3935.83,-31652.2,1767.81,22652.64,-6679.86,181.48,773.68,-6498.39,-5724.71,,,,,
4301,1845.49,4452.24,5251.95,515.5,276.24,-193.27,-3873.32,-31666.78,1763.64,22654.13,-6772.99,186.78,1025.82,-6586.21,-5560.38,,,,,
4311,1809.66,4329.24,5212.17,510.02,275.38,-203.49,-3940.82,-31899.08,1759.39,22680.08,-6618.59,182.03,532.54,-6436.56,-5904.03,,,,,
4321,1802.59,4379.49,5173.74,508.22,268.69,-193.68,-3915.99,-31770.17,1739.14,22685.62,-6649.97,183.24,677.64,-6466.73,-5789.09,,,,,
4331,1791.93,4414.04,5269.47,508.42,260.45,-224.88,-3927.41,-31869.16,1741.28,22690.83,-6544.29,182.02,654.97,-6362.27,-5707.3,,,,,
4341,1814.41,4445.41,5210.23,497.76,255.41,-175.64,-3967.18,-32013.77,1703.24,22719.44,-6437.59,180.06,489.3,-6257.53,-5768.23,,,,,
4351,1829.92,4403.43,5257.35,506.01,258.19,-176.63,-3952.68,-31924.77,1743.98,22708.01,-6492.99,179.81,652.8,-6313.18,-5660.38,,,,,
4361,1762.15,4366.83,5211.1,500.82,268.96,-208.42,-3940.02,-31790.05,1734.73,22687.82,-6670.5,180.46,593.91,-6490.04,-5896.13,,,,,
4371,1777.98,4388.61,5165.62,514.71,268.14,-209.93,-3952.72,-31980.93,1737.11,22805.17,-6527.15,182.2,513.75,-6344.95,-5831.19,,,,,
4381,1845.3,4270.57,5213.73,501.62,282.62,-180.1,-3941.62,-32122.36,1723.3,22847.58,-6467.18,178.6,440.63,-6288.59,-5847.96,,,,,
4391,1800.81,4403.34,5278.61,510.23,267.43,-193.01,-3928.73,-32081.27,1753.32,22735.37,-6445.64,181.2,546.09,-6264.44,-5718.35,,,,,
4401,1856.5,4480.18,5247.96,508.21,286.18,-214.08,-3945.41,-31943.37,1752.16,22684.71,-6566.63,181.57,713.04,-6385.06,-5672.02,,,,,
4411,1774.72,4457.78,5227.99,514.31,263.67,-177.5,-3917.24,-32112.03,1734.96,22745.78,-6411.97,181.85,512.44,-6230.12,-5717.68,,,,,
4421,1775.96,4366.26,5208.92,502.29,290.74,-192.83,-3962.44,-32083.88,1738.48,22747.34,-6421.8,179.91,390.85,-6241.88,-5851.03,,,,,
4431,1854.87,4434.04,5177.87,525.63,282.88,-197.14,-3903.69,-32045.67,1712.34,22789.94,-6519.45,183.56,631.07,-6335.89,-5704.82,,,,,
4441,1825.91,4406.34,5238.32,505.04,277.55,-209.31,-3983.63,-31921.13,1738.59,22721.49,-6558.63,181.52,599.17,-6377.1,-5777.93,,,,,
4451,1833.67,4374.25,5235.61,499.63,254.46,-214,-3922.42,-32147.09,1741.01,22732.52,-6398.92,179.69,387.64,-6219.22,-5831.58,,,,,
4461,1815.63,4441.07,5242.24,517.54,276.68,-201.3,-3909.6,-32034.01,1733.45,22701.35,-6508.33,181.43,583.05,-6326.91,-5743.85,,,,,
4471,1811.85,4396.72,5280.85,510.28,269.94,-205.38,-3982.73,-31789.68,1714.08,22795.16,-6658.72,181.46,801.09,-6477.26,-5676.17,,,,,
4481,1863.14,4381.59,5246.76,504.51,259.83,-205.74,-3939.71,-31947.15,1698.52,22720.95,-6550.43,181.03,582.69,-6369.4,-5786.71,,,,,
4491,1871.92,4324.49,5209.74,509.35,272.32,-197.49,-3898.34,-31981,1763.23,22811.96,-6587.98,182.73,686.17,-6405.25,-5719.07,,,,,
4501,1691.93,4417.32,5198.58,515.98,261.7,-218.82,-3917.69,-31827.74,1768.57,22827.85,-6695.57,181.58,717.67,-6513.99,-5796.32,,,,,
4511,1786.1,4362.77,5209.05,489.4,274.66,-208.67,-3948.27,-31809.52,1739.49,22713.39,-6671.31,183.62,608.41,-6487.69,-5879.29,,,,,
4521,1809.92,4427.62,5206.16,501.26,268.74,-181.26,-3953.97,-31732.27,1754.78,22689.04,-6664,181.05,790.02,-6482.95,-5692.92,,,,,
4531,1778.91,4443.88,5197.25,503.31,284.72,-201.81,-3915.19,-31880.06,1733.09,22808.7,-6692.26,186.86,752.79,-6505.4,-5752.61,,,,,
4541,1854.55,4426.44,5207.49,508.08,280.12,-184.45,-3915.34,-31824.28,1740.25,22772.35,-6673.17,183.88,865.22,-6489.3,-5624.08,,,,,
4551,1898.21,4408.77,5224.63,507.86,270.43,-207.9,-3947.48,-31831.79,1729.22,22818.75,-6707.31,184.51,870.71,-6522.8,-5652.09,,,,,
4561,1846.06,4431.49,5234.42,525.71,263.45,-220.58,-3921.45,-31904.15,1764.45,22792.75,-6622.5,182.13,812.16,-6440.37,-5628.21,,,,,
4571,1818.53,4346.55,5192.86,497.48,267.05,-203.87,-3966.78,-31955.06,1737.36,22760.81,-6512.67,177.93,494.93,-6334.73,-5839.8,,,,,
4581,1769.64,4413.99,5194.7,507.06,277.38,-194.11,-3884.51,-32022.13,1747.34,22710.43,-6502.05,183.75,519.77,-6318.3,-5798.53,,,,,
4591,1817.1,4470.15,5193.5,505.35,287.37,-204.58,-3939.82,-31938.94,1739.09,22822.36,-6581.2,180.34,751.58,-6400.86,-5649.28,,,,,
4601,1823.63,4365.04,5204.4,489.08,260.02,-203.1,-3937.23,-31685.38,1710.98,22734.5,-6777.07,181.69,761.95,-6595.37,-5833.43,,,,,
4611,1793.91,4453.83,5220.8,503.69,271.28,-195.52,-3928.88,-31714.11,1746.22,22648.48,-6684.12,182.15,799.7,-6501.97,-5702.27,,,,,
4621,1804.1,4426.43,5181.04,505.13,275.18,-208.39,-3873.85,-31750.57,1754.7,22698.95,-6733.7,187.53,812.71,-6546.17,-5733.45,,,,,
4631,1743.43,4325.35,5207.95,481.62,274.79,-176.74,-3900.99,-31998.14,1767.64,22712.22,-6490.75,176.97,437.13,-6313.78,-5876.65,,,,,
4641,1842.78,4401.44,5208.8,493.01,285.02,-175.63,-3876.51,-31796.28,1717.08,22594.57,-6577.11,183.86,694.28,-6393.26,-5698.98,,,,,
4651,1842.97,4372.54,5216.54,502.66,277.65,-196.66,-3898.26,-31846.48,1700.81,22651.86,-6608.77,182.43,623.63,-6426.33,-5802.71,,,,,
4661,1852.88,4316.24,5194.9,492.61,287.67,-183.04,-3890.62,-32048.01,1739.16,22747.22,-6505.87,182.03,509.01,-6323.84,-5814.82,,,,,
4671,1796.71,4503.34,5252.37,514.32,280.52,-186.06,-3930.03,-31850.19,1747.75,22687.22,-6600.82,184.47,815.94,-6416.35,-5600.41,,,,,
4681,1793.08,4420.73,5224.41,504.24,277.91,-178.17,-3907.53,-31726.94,1763.81,22574.36,-6633.12,184.08,745.92,-6449.04,-5703.12,,,,,
4691,1782.73,4499.16,5223.21,512.21,278.04,-193.27,-3898.27,-32017.95,1761.96,22603.1,-6430.96,176.64,550.93,-6254.32,-5703.39,,,,,
4701,1787.77,4481.19,5272.38,520.69,290.55,-201.37,-3953.36,-31675.16,1709.67,22633.35,-6674.22,185.38,865.7,-6488.84,-5623.14,,,,,
4711,1808.67,4383.21,5233.32,505.52,276.8,-216.25,-3890.92,-31875.22,1773.44,22715.68,-6601.49,187.14,714.25,-6414.35,-5700.11,,,,,
4721,1836.63,4392.95,5266.74,517.34,269.07,-223.44,-3903.69,-31639.56,1740.18,22634.31,-6727.3,182.04,890.54,-6545.26,-5654.73,,,,,
4731,1842.57,4382.4,5208.75,499.75,263.4,-171.19,-3923.15,-31913.49,1740.68,22778.34,-6591.66,184.02,708.06,-6407.64,-5699.58,,,,,
4741,1802.99,4447.56,5220.5,506.77,260.99,-183.53,-3867.22,-32059.1,1768.43,22858.42,-6529.96,182.38,755.81,-6347.58,-5591.78,,,,,
4751,1769.69,4381,5190.42,498.5,287.86,-199.2,-3935.78,-31956.82,1763.28,22700.42,-6466.17,183.53,499.38,-6282.64,-5783.26,,,,,
4761,1791.68,4414.36,5212.01,498.33,284.51,-181.06,-3907.03,-31995.39,1776.76,22684.63,-6470.39,178.95,578.81,-6291.43,-5712.62,,,,,
4771,1794.21,4427.78,5217.95,511.61,287.77,-160.81,-3933.21,-31950.34,1761.38,22662.83,-6480.04,178.26,619.17,-6301.79,-5682.61,,,,,
4781,1780.93,4397.37,5215.12,475.1,268.58,-188.97,-3928.55,-31908.74,1731.56,22655.15,-6495.83,183.22,497.55,-6312.61,-5815.07,,,,,
4791,1846.16,4366.74,5205.58,505.42,273.3,-197.35,-3917.36,-31878.74,1728.08,22679.96,-6550.45,177.49,611.79,-6372.95,-5761.17,,,,,
4801,1811.64,4483.09,5225.71,505.81,275.98,-175.13,-3928.48,-31924.05,1705.99,22640.91,-6532.34,184.18,621.46,-6348.15,-5726.7,,,,,
4811,1761.69,4367.03,5233.02,510,281.21,-196.95,-3948.81,-32080.75,1763.42,22757.05,-6436.49,181.24,446.91,-6255.24,-5808.33,,,,,
4821,1854.91,4488.16,5229.7,497.64,267.48,-192.03,-3905.41,-31872.24,1714.79,22650.61,-6596.93,184.07,733.61,-6412.86,-5679.25,,,,,
4831,1781.09,4395.98,5225.77,496.79,286.85,-199.08,-3930.45,-32050.29,1737.48,22803.83,-6529.27,182.2,547.97,-6347.07,-5799.1,,,,,
4841,1858.3,4369.1,5211.58,501.55,270.68,-187.7,-3930.87,-31856.64,1706.81,22653.76,-6605.07,181.32,596.57,-6423.75,-5827.19,,,,,
4851,1778.3,4371.24,5235.57,509.75,286.54,-202.53,-3900.12,-32048.47,1724.51,22733.65,-6505.59,183.79,488.45,-6321.8,-5833.35,,,,,
4861,1764.68,4504.45,5247.24,515.58,288.96,-196.71,-3912.93,-31920.34,1762.21,22623.89,-6535.93,179.54,677.05,-6356.39,-5679.34,,,,,
4871,1801.91,4371.39,5213.28,507.72,272.35,-177.51,-3935.11,-32106.84,1726.72,22761.59,-6442.08,181.6,435.5,-6260.48,-5824.98,,,,,
4881,1878.13,4477.8,5227.12,522.65,278.04,-208.82,-3894.84,-31991.23,1736.56,22699.28,-6505.3,182.9,724.69,-6322.4,-5597.71,,,,,
4891,1806.05,4431,5201.68,503.59,255.53,-189.94,-3909.18,-32010.59,1761.09,22784.39,-6549.11,181.65,633.62,-6367.46,-5733.85,,,,,
4901,1803.66,4394.97,5189.66,504.65,283.59,-182.87,-3933.83,-32067.21,1765.08,22787.65,-6510.8,181.27,545.35,-6329.53,-5784.18,,,,,
4911,1793.56,4451.41,5248.98,506.22,293.36,-208.83,-3946.1,-31987.77,1783.51,22750.11,-6520.66,181.96,684.45,-6338.7,-5654.25,,,,,
4921,1843.03,4404.07,5208.24,518.12,288.64,-202.55,-3986.06,-31989.62,1708.15,22754.9,-6481.55,179.72,546.93,-6301.83,-5754.9,,,,,
4931,1769.39,4374.18,5228.29,506.44,272.27,-179.72,-3906.59,-32193.63,1744.34,22845.56,-6472.1,182.06,460.53,-6290.04,-5829.51,,,,,
4941,1744.83,4510.51,5179.92,500.84,280.04,-187.93,-3959.55,-31860.2,1721.97,22739.03,-6629,180.27,669.47,-6448.72,-5779.25,,,,,
4951,1794.89,4462.7,5160.45,506.85,282.22,-196.35,-3877.88,-31865.97,1762.78,22741.52,-6647.96,182.48,771.19,-6465.49,-5694.29,,,,,
4961,1785.68,4385.97,5188.54,489.18,264.2,-193.11,-3861.79,-32030.57,1745,22788.05,-6541.93,180.81,561.15,-6361.11,-5799.97,,,,,
4971,1815.55,4467.52,5184.29,494.13,263.94,-180.06,-3914.22,-31929.74,1719.86,22606.85,-6514.02,180.79,528.12,-6333.23,-5805.11,,,,,
4981,1854.62,4398.33,5218.6,505.67,274.25,-172.59,-3918.69,-32095.07,1744.47,22759.2,-6449.62,182.38,568.79,-6267.24,-5698.45,,,,,
4991,1848.14,4432.93,5251.95,505.12,292.55,-201.54,-3916.94,-31907.69,1744.94,22633.55,-6564.27,180.24,683,-6384.03,-5701.03,,,,,
5001,1794.37,4414.69,5162.55,512.82,270.65,-203.19,-3901.71,-32020.11,1705.63,22729.94,-6527.36,183.12,465.64,-6344.24,-5878.6,,,,,
5011,1804.25,4421.95,5211.95,509.18,276.03,-178.75,-3912.08,-32132.41,1733.78,22820.19,-6516.23,181.39,554.09,-6334.84,-5780.75,,,,,
5021,1835.08,4455.8,5223,519.14,251.48,-219.56,-3874.54,-31991.18,1701.64,22768.12,-6563,182.17,669,-6380.83,-5711.83,,,,,
5031,1814.79,4417.07,5232.89,505.61,283.1,-210.18,-3917.74,-32085.11,1737.85,22741.24,-6460.43,185.83,519.53,-6274.6,-5755.07,,,,,
5041,1825.3,4467.96,5194.89,526.3,284.89,-202.49,-3906.11,-32054.66,1735.65,22836.22,-6532.35,185.83,707.95,-6346.52,-5638.57,,,,,
5051,1764.98,4345.97,5195.5,501.54,263.26,-209.08,-3944.61,-32237.28,1776.98,22876.01,-6363.04,179.97,333.26,-6183.08,-5849.81,,,,,
5061,1791.75,4463.21,5237.66,498.08,277.15,-195.61,-3905.01,-32052.7,1730.07,22748.32,-6473.52,185.31,592.92,-6288.21,-5695.29,,,,,
5071,1803.23,4438.17,5257.52,490.64,282.89,-215.58,-3928.03,-32097.81,1743.61,22712.43,-6458.89,179.51,487.07,-6279.38,-5792.31,,,,,
5081,1832.42,4442.81,5260.27,487.59,276.31,-230.4,-3954.79,-32287.54,1721.56,22713.74,-6243.89,179,261.98,-6064.89,-5802.92,,,,,
5091,1828.61,4442.54,5223.72,504.87,301,-160.42,-3886.75,-32155.05,1738.08,22757.5,-6407.48,183.8,594.1,-6223.68,-5629.57,,,,,
5101,1779.64,4519.78,5206.99,509.77,293.33,-217.64,-3946.96,-32259.36,1709.34,22691.98,-6249.67,181.08,286.87,-6068.59,-5781.72,,,,,
5111,1757.71,4381.87,5277.32,501.43,282.42,-215.77,-3875.44,-32210.02,1721.02,22835.27,-6425.14,182.1,455.79,-6243.05,-5787.26,,,,,
5121,1771.93,4399.27,5236.18,504.07,272.88,-193.19,-3935.08,-32245.44,1738.18,22763.66,-6317.62,178.53,312.46,-6139.09,-5826.63,,,,,
5131,1804.57,4430.77,5226.57,492.19,268.31,-182.48,-3936.28,-32172.62,1752.13,22713.11,-6295.92,177.82,396.26,-6118.09,-5721.83,,,,,
5141,1814.23,4470.77,5231.2,501.96,268.06,-221.79,-3884.78,-32263.31,1750.84,22839.97,-6376.17,183.48,507.15,-6192.69,-5685.54,,,,,
5151,1844.89,4460.96,5203.3,514.27,258.64,-197.89,-3861.29,-32151.05,1715.95,22828.06,-6487.4,181.93,615.84,-6305.47,-5689.63,,,,,
5161,1835.32,4470.98,5230.59,520.25,285.85,-202.04,-3877.41,-32289.46,1723.1,22816.84,-6337.93,185,514.03,-6152.93,-5638.89,,,,,
5171,1848.73,4482.85,5192.48,501.33,277.94,-192.96,-3914.61,-32249.35,1715.28,22755.86,-6304.92,178.05,417.54,-6126.87,-5709.33,,,,,
5181,1846.05,4393.09,5199.17,516.36,272.99,-213.19,-3927.23,-32077.02,1774.41,22714.18,-6418.91,179.63,498.82,-6239.28,-5740.46,,,,,
5191,1811.9,4383.68,5201.11,495.62,273.49,-212.7,-3944.04,-32072.29,1758.81,22833.7,-6528.95,176.97,529.27,-6351.98,-5822.71,,,,,
5201,1824.56,4425.13,5233.64,505.36,301.41,-195.32,-3916.77,-32128.89,1756.42,22740.04,-6451.68,180.75,545.57,-6270.93,-5725.36,,,,,
5211,1842.47,4384.27,5197.59,493.05,261.7,-178.02,-3922.54,-32113.74,1693.79,22817.81,-6422.16,180.09,476.38,-6242.07,-5765.7,,,,,
5221,1852.65,4368.64,5204.39,496.52,273.29,-181.07,-3911.22,-32135.78,1732.14,22676.82,-6356.6,178.04,376.38,-6178.57,-5802.19,,,,,
5231,1761.66,4449.61,5219.53,507.74,285.65,-192.87,-3932.07,-32243.09,1744.01,22779.57,-6332.34,177.7,379.74,-6154.64,-5774.9,,,,,
5241,1806.61,4395.72,5253.67,506.41,257.51,-155.5,-3916,-32133.2,1753.32,22876.9,-6535.02,179.96,645.43,-6355.06,-5709.63,,,,,
5251,1808.71,4415.87,5167.38,484.28,286.46,-199.32,-3902.52,-32095.06,1734.76,22694.11,-6437.23,183.34,394.68,-6253.88,-5859.21,,,,,
5261,1842.14,4435.1,5223.63,519.36,285.39,-204.56,-3910.91,-31908.9,1717.93,22698.05,-6612.93,185.07,697.23,-6427.86,-5730.62,,,,,
5271,1811.76,4416.2,5216.66,519.44,269.01,-217.05,-3882.34,-32031.16,1777.43,22719.22,-6505.81,181.15,599.18,-6324.66,-5725.48,,,,,
5281,1837.21,4436.48,5255.55,513.07,283.69,-198.64,-3884.37,-32158.87,1770.12,22683.99,-6416.33,181.55,538.23,-6234.79,-5696.55,,,,,
5291,1784.35,4405.53,5226.78,503.37,263.91,-186.78,-3921.91,-32179.58,1745.81,22724.9,-6351.33,184.48,366.37,-6166.84,-5800.47,,,,,
5301,1771.71,4499.46,5227.43,506.41,292.16,-219.46,-3904.77,-32061.99,1731.21,22643,-6425.44,178.68,485.16,-6246.76,-5761.6,,,,,
5311,1831.94,4412.75,5228.16,506.36,260.58,-209.23,-3893.15,-32098.62,1750.82,22682.88,-6409.33,178.99,472.5,-6230.34,-5757.84,,,,,
5321,1786.27,4356.09,5212.33,514.06,285.12,-210.93,-3904.74,-32072.12,1739.53,22734.23,-6446.91,178.07,439.83,-6268.84,-5829.01,,,,,
5331,1793.91,4506.58,5204.5,510.46,265.56,-201.6,-3924.04,-31919.92,1712.19,22557.58,-6469.21,181.78,505.22,-6287.43,-5782.21,,,,,
5341,1777.14,4392.88,5239.55,508.48,286.96,-200.98,-3911.2,-31969.09,1734.4,22776.17,-6619.33,182.95,634.32,-6436.38,-5802.06,,,,,
5351,1862.71,4414.45,5241.06,516.6,273.58,-191.6,-3869.99,-31893.67,1698.24,22602.24,-6575.19,183.66,653.63,-6391.54,-5737.91,,,,,
5361,1771.18,4455.94,5288.38,499.91,271.86,-208.69,-3977.1,-31946.05,1749.09,22784.37,-6550.54,179.83,688.92,-6370.71,-5681.79,,,,,
5371,1833.67,4335.21,5218.26,515.14,256.34,-203.02,-3920.8,-31961.63,1766.74,22723.58,-6530.04,184.42,563.48,-6345.62,-5782.14,,,,,
5381,1770.91,4453.5,5211.43,502.72,255.38,-182.77,-3894.61,-32117.77,1752.42,22706.02,-6425.08,184.06,457.23,-6241.01,-5783.78,,,,,
5391,1810.87,4418.4,5217.76,486.34,268.1,-197.84,-3956.84,-31939.92,1734.65,22758.32,-6583.5,188.38,599.85,-6395.12,-5795.26,,,,,
5401,1804.55,4427.78,5165.43,495.91,263.63,-186.09,-3894.42,-32099.81,1716.6,22745.59,-6453.81,181.29,439.16,-6272.52,-5833.36,,,,,
5411,1814.28,4396.64,5231.53,504.65,261.94,-205.26,-3924.64,-32024.37,1770.82,22748.02,-6532.41,183.78,573.62,-6348.63,-5775.02,,,,,
5421,1807.17,4470.08,5196.8,519.37,266.04,-200.42,-3960.69,-32258.02,1711.84,22760.46,-6343.38,180.54,312.64,-6162.84,-5850.2,,,,,
5431,1815.39,4379.82,5245.07,501.24,303.56,-190.37,-3919.12,-31927.33,1745.85,22659.96,-6543.6,185.65,614.07,-6357.96,-5743.89,,,,,
5441,1775.18,4440.29,5219.99,517.99,285.57,-179.01,-3889.21,-32046.24,1736.36,22765.28,-6511.48,184.64,626.2,-6326.84,-5700.64,,,,,
5451,1795.34,4417.27,5244.19,507.87,275.01,-181.21,-3902.31,-32171.74,1706.12,22825.88,-6389.17,184.11,516.42,-6205.06,-5688.64,,,,,
5461,1830.07,4384.8,5211.97,501.85,256.81,-191.99,-3850.63,-31921,1708.37,22656.62,-6536.24,183.43,586.86,-6352.81,-5765.95,,,,,
5471,1778.98,4385.24,5214.74,493.64,260.51,-182.17,-3893.85,-31985.46,1729.32,22711.75,-6498.21,184.58,512.69,-6313.63,-5800.94,,,,,
5481,1844.43,4444.81,5216.54,498.13,291.83,-185.65,-3914.75,-32110.76,1702.89,22680.01,-6345.14,181.12,467.46,-6164.03,-5696.56,,,,,
5491,1813.23,4380.19,5248.07,479.44,293.61,-205.17,-3933.72,-31927.37,1740.7,22697.84,-6565.58,178.62,586.82,-6386.96,-5800.13,,,,,
5501,1809.32,4398.15,5263.77,526.21,280.74,-220.54,-3877.22,-31975.16,1735.52,22634.72,-6481.93,184.38,575.5,-6297.55,-5722.05,,,,,
5511,1785.81,4448.12,5214.5,510.72,257.69,-179.81,-3875.81,-32108.52,1716.74,22739.89,-6447.56,182.62,509.34,-6264.94,-5755.6,,,,,
5521,1859.72,4454.41,5197.68,511.62,272.52,-197.72,-3879.1,-31928.14,1736.81,22576.14,-6454.67,183.58,603.93,-6271.09,-5667.16,,,,,
5531,1846.09,4510.81,5287.43,535.01,288.32,-209.3,-3879.55,-31993.21,1733.39,22628.77,-6458.74,184.11,747.76,-6274.63,-5526.86,,,,,
5541,1783.91,4370.8,5250.81,488.95,276.57,-194.61,-3947.45,-31940.79,1721.92,22715.3,-6537.42,181.61,525.41,-6355.8,-5830.39,,,,,
5551,1859.4,4424.74,5246.73,493.26,277.19,-195.1,-3907.13,-31964.43,1705.6,22686.27,-6513.48,185.62,626.53,-6327.86,-5701.32,,,,,
5561,1803.52,4423.31,5253.85,506.07,289.74,-209.28,-3930.28,-32156.43,1737.18,22710.6,-6363.37,180.9,428.29,-6182.47,-5754.18,,,,,
5571,1799.9,4417.19,5245.72,499.35,289.02,-228.65,-3873.53,-32288.32,1754.01,22799.33,-6337.73,180.61,414.01,-6157.12,-5743.11,,,,,
5581,1782.12,4406.84,5226.55,526.99,270.61,-193.38,-3987.67,-31910.69,1738.85,22762.73,-6593.88,179.41,622.96,-6414.47,-5791.51,,,,,
5591,1876.81,4394.44,5240.58,506.25,273.49,-192.64,-3914.62,-32105.53,1759.05,22760.12,-6447.05,182.38,597.94,-6264.67,-5666.72,,,,,
5601,1832.86,4411.2,5246.84,503.69,293.31,-196.13,-3897.57,-32060.64,1691.63,22720.79,-6488.43,181.14,545.96,-6307.28,-5761.33,,,,,
5611,1812.07,4462.39,5181.7,517.48,268.71,-201.45,-3877.85,-31827.75,1729.53,22686.76,-6693.51,185.47,751.59,-6508.05,-5756.45,,,,,
5621,1844.86,4394.67,5202.99,505.71,264.64,-187.45,-3901.18,-31987.34,1732.93,22755.38,-6578.56,185.54,625.21,-6393.02,-5767.81,,,,,
5631,1834.25,4462.93,5193.44,518.2,296.7,-184.55,-3849.35,-32069.24,1753.23,22710.21,-6470.38,181.73,665.83,-6288.64,-5622.81,,,,,
5641,1802.9,4430.84,5249.8,519.71,296.86,-173.44,-3955.92,-32120.73,1746.62,22725.05,-6412.12,179.19,521.68,-6232.93,-5711.25,,,,,
5651,1803.56,4347.02,5246.86,492.19,275.33,-175.58,-3934.46,-31897.42,1743.93,22702.43,-6556.74,183.09,603.85,-6373.65,-5769.8,,,,,
5661,1812.75,4386.17,5161.64,505.55,294.04,-187.54,-3924.92,-32000.9,1752.36,22768.53,-6576.39,179.95,567.69,-6396.45,-5828.76,,,,,
5671,1851.14,4400.82,5229.55,499.74,271.83,-197.87,-3903.19,-31992.82,1734.38,22745.94,-6539.06,183.67,639.53,-6355.39,-5715.86,,,,,
5681,1798.77,4454.08,5193.63,520.57,281.31,-208.62,-3907.2,-31909.81,1755.82,22636.64,-6527.66,181.25,615.21,-6346.41,-5731.2,,,,,
5691,1788.14,4521.58,5215.15,524.29,287.01,-194.87,-3896.23,-31909.6,1738.91,22581.89,-6548.45,183.05,656.26,-6365.4,-5709.14,,,,,
5701,1770.22,4491.18,5212.26,523.11,285.96,-192.92,-3897.56,-31996.09,1758.23,22764.53,-6535.11,184.28,718.91,-6350.83,-5631.92,,,,,
5711,1857.42,4438.2,5229.37,503.38,276.79,-193.47,-3894.22,-32011.23,1768.71,22636.32,-6508.94,181.53,611.27,-6327.41,-5716.15,,,,,
5721,1852.44,4392.44,5226.18,496.34,278.06,-218.87,-3893.16,-32212.06,1730.54,22755.16,-6363.13,183.57,407.08,-6179.56,-5772.48,,,,,
5731,1862.94,4510.58,5188.88,512.34,283.05,-189.41,-3909.64,-32101.21,1712.06,22734.93,-6428.12,182.3,604.52,-6245.82,-5641.3,,,,,
5741,1796.63,4414.13,5254.4,524.74,289.33,-189.34,-3932.26,-32098.61,1775.33,22731.51,-6418.48,177.55,565.88,-6240.93,-5675.06,,,,,
5751,1867.82,4394.31,5191.17,500.56,277.14,-180.38,-3908.66,-32133.63,1743.04,22653.52,-6341.81,181.22,404.87,-6160.59,-5755.72,,,,,
5761,1847.55,4403.78,5222.06,507.52,264.39,-217.25,-3881.81,-32274.55,1726.91,22771.1,-6305.01,182.09,369.71,-6122.93,-5753.22,,,,,
5771,1804.5,4416.68,5206.55,498.93,295.81,-199.53,-3865.06,-32150.39,1768.5,22744.58,-6431.01,182.28,520.56,-6248.73,-5728.17,,,,,
5781,1846.47,4362.4,5233.22,506.07,277.2,-185.67,-3933.49,-32025.73,1732.99,22750.63,-6480.53,179.74,564.09,-6300.79,-5736.71,,,,,
5791,1815.97,4396.92,5212.58,504.37,276.19,-194.06,-3916.02,-31888.52,1760.29,22730.48,-6596.63,182.9,698.19,-6413.73,-5715.54,,,,,
5801,1766.42,4404.12,5205.93,504.68,260.09,-182.82,-3919.15,-32190.48,1721.97,22813.44,-6368.23,179.52,384.2,-6188.7,-5804.5,,,,,
5811,1785.92,4458.03,5132.34,499.86,260.55,-157.78,-3909.4,-32092.65,1712.96,22653.58,-6400.7,183.16,343.41,-6217.54,-5874.13,,,,,
5821,1807.19,4520.95,5175.87,524.74,273.18,-190.74,-3855.3,-32120.34,1701.75,22802.84,-6500.02,186.24,640.14,-6313.78,-5673.64,,,,,
5831,1885.83,4419.61,5206.71,521.1,282.57,-202,-3965.02,-31899.87,1729.37,22619.38,-6479.13,182.76,597.68,-6296.37,-5698.69,,,,,
5841,1844.16,4336.62,5222.42,513.97,276.79,-210.52,-3874.42,-31879.53,1741.09,22784.49,-6621,182.82,755.07,-6438.18,-5683.11,,,,,
5851,1761.28,4449.77,5197.45,515.98,270.11,-203.12,-3941.51,-31971.06,1771.08,22774.84,-6536.86,180.12,624.82,-6356.74,-5731.92,,,,,
5861,1823.23,4408.17,5198.71,499.27,259.18,-190.46,-3947.24,-32090.81,1749.82,22791.83,-6410.51,180.39,501.69,-6230.12,-5728.43,,,,,
5871,1842.48,4386.86,5198.87,514.34,277.16,-166.83,-3926.75,-32082.56,1748.2,22699.56,-6417.83,182.64,491.32,-6235.18,-5743.86,,,,,
5881,1796.4,4430.82,5255.79,512.47,278.31,-199.76,-3936.33,-31847.25,1743.65,22699.2,-6594.82,180.98,733.31,-6413.84,-5680.53,,,,,
5891,1817.16,4375.55,5217.43,508.51,259.16,-198.12,-3937.06,-31787.15,1725.42,22768.65,-6693.68,183.41,749.55,-6510.27,-5760.72,,,,,
5901,1880.28,4416.29,5196.62,516.32,274.53,-208.88,-3909.78,-32166.02,1744.76,22831.01,-6409.1,180.8,575.13,-6228.3,-5653.17,,,,,
5911,1776.25,4414.95,5212.79,515.11,252.25,-176.88,-3923.54,-32136.57,1743.49,22787.97,-6402.98,183.96,465.82,-6219.02,-5753.2,,,,,
5921,1748.14,4445.06,5221.16,510.72,271.05,-199.27,-3854.52,-32367.35,1765.67,22839.33,-6318.18,182.76,379.98,-6135.42,-5755.43,,,,,
5931,1860.48,4341.86,5225.52,498.15,277.31,-205.74,-3869.24,-31953.31,1724.57,22574.61,-6493.07,184,474.21,-6309.07,-5834.86,,,,,
5941,1796.09,4410.55,5267.56,491.14,296.24,-203.02,-3917.89,-32069.75,1760.7,22728.38,-6395.56,180.14,559.99,-6215.42,-5655.43,,,,,
5951,1825.14,4449.24,5232.44,500.33,259.59,-195.86,-3909.17,-32239.8,1763.54,22771.94,-6344.77,180.75,457.39,-6164.01,-5706.62,,,,,
5961,1812.51,4470.8,5198.71,514.89,279.93,-186.64,-3874.2,-32152.51,1724.51,22752.04,-6416.56,180.7,540.04,-6235.86,-5695.82,,,,,
5971,1825.22,4430.93,5278.04,506.94,286.2,-189.39,-3947.34,-32028.72,1759.07,22670.78,-6442.62,186.35,591.74,-6256.27,-5664.53,,,,,
5981,1816.46,4485.91,5201.35,511.99,265.85,-187.39,-3939.94,-32009.37,1734.9,22777.08,-6516.9,187.66,656.84,-6329.24,-5672.4,,,,,
5991,1760.15,4441.05,5215.62,480.96,268.53,-180.5,-3933.39,-31947.63,1764.25,22622.25,-6480.16,183.31,491.29,-6296.85,-5805.57,,,,,
6001,1827.33,4367.28,5187.72,503.49,275.51,-180.52,-3881.9,-32093,1759.95,22723.73,-6404.77,182.25,489.59,-6222.52,-5732.94,,,,,
6011,1801.26,4365.56,5225.58,477.51,284.4,-212.04,-3873.59,-32277.22,1752.17,22768.72,-6259.41,182.8,312.33,-6076.62,-5764.28,,,,,
6021,1851.39,4348.72,5248.23,506.95,268.31,-201.41,-3870.34,-32008.71,1749.92,22690.07,-6491.29,183.43,583.13,-6307.86,-5724.73,,,,,
6031,1797.91,4379.42,5191.84,481.48,275.89,-200.8,-3925.15,-31902.17,1720.24,22650.87,-6565.45,182.79,469.54,-6382.65,-5913.11,,,,,
6041,1759.55,4445.41,5215.17,493.82,261.01,-185.25,-3874.58,-32042.03,1772.25,22557.68,-6375.96,184.88,403.03,-6191.08,-5788.05,,,,,
6051,1872.68,4439.76,5238.16,507.93,291.69,-187.07,-3877.81,-32015.12,1680.48,22609.97,-6426.41,184.17,560.67,-6242.25,-5681.57,,,,,
6061,1817.07,4369.89,5190.11,492.51,280.63,-186.07,-3924.95,-32045.31,1728.67,22556.97,-6344.76,179.79,279.52,-6164.97,-5885.45,,,,,
6071,1772.37,4509.63,5243.35,500.27,271.81,-231.09,-3932.38,-32042.09,1730.31,22633.31,-6380.77,185.24,455.5,-6195.52,-5740.03,,,,,
6081,1818.99,4376.39,5246.84,493.27,267.08,-192.38,-3886.63,-32095.99,1732.16,22634.3,-6353.5,185.12,394.02,-6168.38,-5774.36,,,,,
6091,1815.5,4460.1,5206.37,513.48,272.76,-204.65,-3905.17,-31918.94,1719.5,22615.27,-6508.91,182.93,574.21,-6325.97,-5751.77,,,,,
6101,1808.71,4410.62,5232.07,501.54,276.86,-186.37,-3897.94,-32059.81,1753.73,22598.74,-6383.55,182.43,438.16,-6201.12,-5762.96,,,,,
6111,1796.43,4378.76,5163.21,499.29,261.99,-182.6,-3946.49,-32016.45,1744.3,22739.5,-6481.05,182.73,437.95,-6298.32,-5860.37,,,,,
6121,1785.94,4451.86,5213.35,507.87,280.78,-168,-3948.31,-31964.67,1714.57,22664.35,-6480.55,184.72,537.74,-6295.84,-5758.1,,,,,
6131,1791.73,4453.46,5156.37,508,279.68,-193.64,-3945.81,-32103.07,1760.99,22761.74,-6395.96,179.24,469.46,-6216.72,-5747.26,,,,,
6141,1746.52,4431.65,5217.83,499.65,268.44,-196.87,-3889.73,-32118.52,1749.31,22715.41,-6428.95,180.82,423.7,-6248.13,-5824.43,,,,,
6151,1817.3,4551.24,5189.19,501.55,276.25,-198.09,-3881.43,-32091.75,1736.97,22549.11,-6340.39,181.84,450.34,-6158.55,-5708.21,,,,,
6161,1866.88,4364.98,5231.5,509.05,277.74,-194.44,-3915.43,-31843.45,1686.58,22689.53,-6579.82,188.96,672.96,-6390.87,-5717.91,,,,,
6171,1781.42,4428.27,5209.28,504.95,281.71,-176.48,-3927.81,-32003.48,1703.16,22703.33,-6457.43,187.18,504.35,-6270.25,-5765.89,,,,,
6181,1826.44,4336.42,5211.85,497.68,289.3,-198.27,-3898.18,-32092.54,1722.94,22784.31,-6471.19,181.52,479.93,-6289.67,-5809.74,,,,,
6191,1847.23,4452.14,5254.18,497.39,263.71,-202.45,-3935.83,-32113.68,1742.06,22751.34,-6430.38,182.71,556.09,-6247.67,-5691.58,,,,,
6201,1814.13,4392.74,5204.85,498.65,269.69,-189.17,-3959.03,-32230.29,1729.38,22856.37,-6333.6,181.35,387.31,-6152.25,-5764.94,,,,,
6211,1811.13,4466.04,5253.83,509.73,277.82,-205.96,-3882.23,-32248.53,1764.78,22745.84,-6294.48,181.96,492.44,-6112.51,-5620.08,,,,,
6221,1796.31,4499.53,5252.83,509.81,316,-188.66,-3959.13,-32304.55,1708.42,22667.81,-6175.02,180.34,298.37,-5994.68,-5696.31,,,,,
6231,1742.57,4465.98,5210.1,513.33,288.36,-195.2,-3905.99,-31991.79,1747.98,22622.78,-6421.04,181.34,498.11,-6239.7,-5741.6,,,,,
6241,1812.45,4372.04,5191,515.21,274.33,-175.73,-3933.64,-32129.99,1707.28,22678.82,-6328.67,179.92,311.77,-6148.75,-5836.98,,,,,
6251,1808.84,4450.43,5205.3,510.94,264.93,-154.43,-3926.99,-32006.57,1755.1,22647.94,-6411.66,178.87,555.5,-6232.79,-5677.29,,,,,
6261,1762.77,4337.44,5249.17,505.67,281.73,-195.57,-3909.6,-32194.66,1736.96,22718.08,-6299.23,183.49,291.98,-6115.74,-5823.76,,,,,
6271,1805.52,4401.36,5144.71,512.38,274.69,-209.62,-3947.89,-32044.03,1722.35,22710.31,-6413.63,183.46,369.78,-6230.17,-5860.39,,,,,
6281,1904.45,4425.53,5254.9,513,257.99,-203.3,-3941.62,-32019.15,1701.79,22671.96,-6419.65,183.29,565.55,-6236.36,-5670.81,,,,,
6291,1858.82,4388.62,5211.05,502.8,278.47,-190.72,-3939.37,-32098.07,1736.89,22594.88,-6329.41,183.08,343.38,-6146.33,-5802.95,,,,,
6301,1759.35,4393.13,5238.78,503.95,290.87,-180.57,-3918.97,-32138.04,1759.45,22746.87,-6360.87,182.21,454.82,-6178.66,-5723.84,,,,,
6311,1838.59,4488.15,5183.59,510.79,278.34,-159.47,-3903.58,-31884.77,1716.26,22494.04,-6429.17,184.54,561.94,-6244.63,-5682.69,,,,,
6321,1848.11,4437.52,5238.11,511.49,272.91,-203.69,-3943.84,-31869.15,1711.77,22508.05,-6458.9,182.12,511.3,-6276.77,-5765.47,,,,,
6331,1849.73,4436.39,5197.45,499.84,286.96,-176.41,-3933.18,-31967.6,1741.27,22607.97,-6463.68,185.26,542.42,-6278.42,-5736,,,,,
6341,1854.49,4474.56,5208.26,519.51,275.68,-207.54,-3906.84,-31961.03,1761.66,22583.11,-6394.33,183.31,601.86,-6211.02,-5609.16,,,,,
6351,1768.84,4410.92,5197.85,495.21,292.74,-172.56,-3947.43,-31944.44,1714.73,22625.3,-6498.01,183.45,441.16,-6314.56,-5873.4,,,,,
6361,1823.78,4428.16,5256.96,509.24,276.7,-172.93,-3937.46,-31933.44,1704.43,22571.32,-6441.33,185.32,526.77,-6256,-5729.23,,,,,
6371,1839.51,4489.4,5193.05,515.8,252.52,-183.32,-3926.28,-31936.86,1717.56,22637.41,-6507.78,186.72,598.8,-6321.07,-5722.27,,,,,
6381,1789.72,4501.32,5188.37,526.96,288.93,-188.28,-3907.43,-31834.16,1734.47,22524.35,-6547.22,186.41,624.26,-6360.81,-5736.55,,,,,
6391,1830.67,4425.65,5167.96,512.62,274.12,-186.27,-3847.64,-32016.72,1715.23,22489.72,-6333.32,183.68,365.32,-6149.64,-5784.31,,,,,
6401,1890.38,4435.05,5196.88,505.29,272.67,-184.26,-3929.07,-31990.69,1737.88,22533.15,-6368.11,182.42,467.27,-6185.69,-5718.42,,,,,
6411,1857.8,4466.4,5194.63,513.07,266.49,-183.83,-3905.09,-32040.3,1760.95,22573.32,-6387.56,181.18,503.43,-6206.38,-5702.95,,,,,
6421,1828.62,4490.3,5209.68,506.4,265.51,-167.55,-3839.17,-31994.19,1745.17,22551.07,-6419.82,186.52,595.85,-6233.3,-5637.45,,,,,
6431,1746.69,4518.35,5209.92,510.73,280.36,-206.09,-3915.66,-32024.61,1762.69,22656.65,-6416.2,181.68,539.04,-6234.52,-5695.49,,,,,
6441,1776.15,4349.73,5220.55,500.07,296.08,-212.19,-3920.73,-31822.77,1748.05,22531.03,-6509.85,181.34,465.97,-6328.51,-5862.55,,,,,
6451,1862.91,4461.35,5221.45,511.15,261.48,-223.42,-3886.54,-31768.07,1710.23,22568.42,-6622.05,188.18,718.96,-6433.87,-5714.91,,,,,
6461,1816.69,4464.14,5245.39,513.34,272.81,-218.56,-3894.8,-31892.16,1723.28,22575.96,-6498.56,183.47,606.09,-6315.09,-5709,,,,,
6471,1799.38,4475.3,5209.08,492.91,273.24,-178.48,-3914.08,-31689.69,1709.43,22506.12,-6653.35,185.41,683.2,-6467.95,-5784.75,,,,,
6481,1843.98,4401.68,5171.6,499.22,267.98,-183.71,-3872.48,-31804.58,1719.48,22672.16,-6637.06,187.53,715.33,-6449.53,-5734.2,,,,,
6491,1805.59,4469.66,5214.17,510.27,259.44,-208.62,-3947.5,-31864.6,1725.6,22727.34,-6608.92,182.89,691.34,-6426.03,-5734.69,,,,,
6501,1804.44,4401.94,5159.22,491.12,284.36,-175.5,-3902.51,-31999.82,1723.72,22671.95,-6495.65,186.06,458.93,-6309.59,-5850.66,,,,,
6511,1799.71,4515.94,5226.34,541.97,263.39,-205.07,-3852.81,-31904.36,1746.07,22630.7,-6551.88,185.59,761.88,-6366.29,-5604.42,,,,,
6521,1811.86,4393.29,5261.72,513.65,255.78,-171.69,-3901.47,-31984.57,1753.47,22648.44,-6468.79,181.57,580.5,-6287.21,-5706.71,,,,,
6531,1774.01,4383.27,5224.85,495.97,269.64,-191.79,-3904.09,-32079.81,1735.97,22686.14,-6444.15,181.24,394.17,-6262.91,-5868.74,,,,,
6541,1813.87,4499.11,5170.68,513.56,256.78,-175.9,-3857.6,-32172.2,1764.53,22639.07,-6319.39,180.9,451.88,-6138.5,-5686.61,,,,,
6551,1835.95,4501.56,5230.27,510.18,266.65,-165.09,-3902.58,-31930.72,1751.49,22660.92,-6555.58,185.19,758.63,-6370.39,-5611.76,,,,,
6561,1809.23,4459.58,5197.98,506.43,285.41,-184.55,-3890.31,-31847.99,1734.09,22676.47,-6618.29,184.19,746.33,-6434.1,-5687.76,,,,,
6571,1804.29,4434.79,5263.58,522.58,301.02,-209.15,-3904.8,-32129.46,1777.93,22663.2,-6342.69,181.26,524,-6161.42,-5637.42,,,,,
6581,1838.88,4542.69,5206.71,508.07,274.19,-211.5,-3911.71,-31990.48,1739.28,22572.54,-6415.13,183.86,568.66,-6231.27,-5662.62,,,,,
6591,1767.38,4473.69,5236.75,521.83,295.83,-195.29,-3912.25,-32011.47,1729.08,22682.47,-6448.26,179.97,588.01,-6268.29,-5680.28,,,,,
6601,1847.68,4439.89,5192.64,493.59,286.95,-190.8,-3919.42,-31973.25,1716.64,22573.98,-6455.58,182.56,467.91,-6273.02,-5805.1,,,,,
6611,1847.22,4391.68,5202.75,515.18,262.3,-167.43,-3879.93,-31919.92,1736.67,22708.67,-6582.65,185.73,697.19,-6396.91,-5699.72,,,,,
6621,1828.79,4439.15,5163.46,506.02,289.42,-211.93,-3884.66,-31868.67,1734.52,22632.12,-6615.5,183.27,628.21,-6432.23,-5804.02,,,,,
6631,1850.2,4472.66,5199.13,514.16,265.98,-178.48,-3876.05,-32011.86,1730.86,22641.25,-6468.35,183.43,607.87,-6284.92,-5677.06,,,,,
6641,1766.84,4509.63,5186.63,513.39,278.95,-159.6,-3879.46,-32091.36,1769.1,22690.93,-6371.11,183.4,585.05,-6187.71,-5602.66,,,,,
6651,1844.95,4444.65,5223.31,501.87,276.26,-189.04,-3898.65,-32292.93,1751.09,22603.21,-6196.28,177.56,264.72,-6018.72,-5754,,,,,
6661,1774.67,4377.26,5233.33,507.93,273.42,-170.75,-3830.76,-32139.78,1796.54,22747.8,-6397.99,185.47,569.65,-6212.52,-5642.87,,,,,
6671,1817.54,4509.22,5206.63,525.35,287.1,-195.05,-3882.46,-31971.78,1749.5,22666.65,-6462.19,188.04,712.71,-6274.15,-5561.43,,,,,
6681,1879.65,4438.05,5181.15,516.7,267.98,-174.56,-3972.52,-31902.96,1718.27,22641.02,-6548.96,180.97,592.78,-6368,-5775.21,,,,,
6691,1793.05,4472.4,5216.47,508.91,262.62,-177.29,-3890.5,-31712.02,1737.1,22637.53,-6728.77,187.39,848.28,-6541.38,-5693.1,,,,,
6701,1780.06,4400.07,5259.61,505.04,270.47,-182.53,-3889.18,-31987.06,1728.12,22570.85,-6400.19,183.84,455.46,-6216.35,-5760.89,,,,,
6711,1839.89,4421.69,5201.72,529.36,264.07,-194.11,-3852.98,-32041.8,1734.62,22690.96,-6477.17,185.31,593.42,-6291.86,-5698.44,,,,,
6721,1830.45,4492.74,5204.13,520.15,274.36,-199.12,-3894.4,-32013.29,1752.28,22599.49,-6409.59,183.68,566.79,-6225.9,-5659.12,,,,,
6731,1849.94,4370.98,5225.07,512.13,283.53,-175.17,-3913.1,-31870.37,1746.16,22615.07,-6522.78,183.34,644.24,-6339.44,-5695.19,,,,,
6741,1833.85,4409.28,5235.87,509.83,283.69,-189.56,-3924.69,-31896.9,1744.33,22706.15,-6605.79,183.13,711.84,-6422.66,-5710.82,,,,,
6751,1882.67,4367.88,5196.15,506.56,261.97,-197.41,-3855,-31811.66,1716.61,22612.55,-6586.77,188.65,680.33,-6398.12,-5717.79,,,,,
6761,1818.36,4392.89,5193.8,513.73,283.02,-199.47,-3911.64,-32180.49,1747.33,22777.16,-6361.45,182.55,434.68,-6178.9,-5744.23,,,,,
6771,1853.26,4487.84,5205.55,528.18,275.26,-205.9,-3919.84,-31971.39,1739.29,22688.45,-6502.97,186.05,680.7,-6316.92,-5636.22,,,,,
6781,1776.33,4419.95,5203.28,505.66,268.6,-172.48,-3868.42,-32164.83,1747.34,22822.37,-6449.42,185.43,537.79,-6263.99,-5726.2,,,,,
6791,1806.66,4443.97,5261.57,496.8,302.62,-201.37,-3943.61,-31920.94,1729.04,22834.1,-6589.83,182.14,808.84,-6407.69,-5598.85,,,,,
6801,1816.82,4397.18,5220.84,497.3,261.41,-190.79,-3876.47,-31917.07,1728.37,22739.11,-6632.28,184.65,676.7,-6447.63,-5770.93,,,,,
6811,1793.12,4401.05,5208.09,517.69,268.33,-193.8,-3899.34,-31945.85,1771.45,22759.5,-6605.96,184.3,680.24,-6421.66,-5741.41,,,,,
6821,1833.06,4510,5200.42,501.69,272.33,-206.65,-3865.51,-31804.92,1708.86,22686.6,-6732.34,187.82,835.88,-6544.52,-5708.63,,,,,
6831,1843.52,4347.08,5247.14,514.68,284.25,-169.05,-3884.59,-31970.52,1735.07,22677.17,-6532.77,185.8,624.75,-6346.97,-5722.21,,,,,
6841,1863.36,4345.38,5234.27,506.97,308.44,-190.59,-3875.68,-31852.67,1710.43,22730.43,-6629.75,186.99,780.35,-6442.76,-5662.41,,,,,
6851,1867.27,4391.89,5250.92,514.01,273.6,-196.93,-3875.99,-31784.54,1750.13,22625.44,-6645.74,185.34,815.8,-6460.39,-5644.59,,,,,
6861,1743.15,4432.5,5235.76,487.13,265.19,-219.2,-3891.82,-31874.55,1752.21,22759.76,-6673.9,190.29,690.12,-6483.61,-5793.49,,,,,
6871,1784.49,4436.32,5243.3,511.95,295.42,-195.14,-3868.29,-31734.65,1745.71,22676.66,-6733.32,190.65,895.77,-6542.67,-5646.9,,,,,
6881,1828.11,4444.93,5214.8,513.48,270.05,-201.25,-3875.21,-31917.39,1739.33,22715.14,-6591.44,189.19,731.99,-6402.25,-5670.26,,,,,
6891,1814.35,4428.96,5188.53,508.63,306.36,-213.13,-3860.52,-31863.71,1743.72,22711.48,-6680.34,190,764.65,-6490.34,-5725.69,,,,,
6901,1767.97,4450.56,5181,513.04,288.2,-186.38,-3899.19,-32004.38,1764.04,22785.58,-6575.17,190.23,660.44,-6384.94,-5724.5,,,,,
6911,1847.11,4466.62,5155.01,515.95,268.53,-209.31,-3848.59,-31801.39,1725.34,22692.54,-6733.16,187.86,811.8,-6545.3,-5733.5,,,,,
6921,1825.52,4372.94,5239.4,509.59,293.11,-210.49,-3841.27,-31822.96,1742.2,22754.41,-6685.24,187.57,862.45,-6497.67,-5635.21,,,,,
6931,1859.9,4489.04,5168.76,503.5,263.9,-183.82,-3880.23,-31904.73,1735.5,22604.65,-6535.79,185.99,656.47,-6349.8,-5693.33,,,,,
6941,1763.07,4352.95,5250.04,498.04,272.61,-213.6,-3892.91,-32010.79,1747.98,22802.82,-6559.57,188.48,570.21,-6371.09,-5800.88,,,,,
6951,1785.86,4368.42,5217.68,510.8,286.33,-192.96,-3907.07,-32067.19,1743.84,22860.25,-6563.54,184.74,605.98,-6378.8,-5772.82,,,,,
6961,1817.41,4438.2,5231.18,500.88,273.37,-200.04,-3888.93,-31867.86,1742.8,22749.27,-6684.13,185.84,796.28,-6498.29,-5702.01,,,,,
6971,1870.49,4415.94,5205.02,516.58,283.25,-187.62,-3930.67,-31928.81,1702.09,22831.26,-6659.69,186.54,777.52,-6473.15,-5695.63,,,,,
6981,1835.29,4531.34,5203.43,515.38,274.72,-203.44,-3940.8,-31699.67,1730,22628.74,-6760.93,186.58,874.99,-6574.35,-5699.35,,,,,
6991,1813.01,4425.31,5228.83,503.04,262.53,-196.32,-3897.81,-32019.31,1749.6,22725.14,-6501.54,186.5,594.03,-6315.05,-5721.02,,,,,
7001,1778.56,4450.97,5252.17,503.56,284.45,-196.91,-3901.44,-32000.99,1725.66,22771.2,-6578.48,185.18,667.23,-6393.29,-5726.07,,,,,
7011,1770.62,4485.41,5226.56,515.43,265.82,-209.04,-3866.8,-31931.23,1716.31,22616.5,-6574.06,184.32,589.59,-6389.73,-5800.15,,,,,
7021,1814.86,4390.42,5241.4,506.43,277.49,-193.64,-3880.68,-32150.12,1726.29,22653.1,-6391.51,184.69,385.54,-6206.82,-5821.27,,,,,
7031,1848.19,4400.61,5172.44,508.26,279.15,-218.66,-3876.26,-31990.4,1720.36,22730.8,-6554.13,181.72,574.49,-6372.4,-5797.92,,,,,
7041,1740.12,4437.16,5284.92,497.9,292.04,-201.51,-3885.76,-32245.05,1764.13,22735.25,-6320.6,181.03,419.2,-6139.57,-5720.38,,,,,
7051,1831.63,4434.83,5242.02,518.3,279.52,-194.74,-3890.01,-32165.12,1714.45,22767.22,-6380.91,184.92,538.1,-6195.99,-5657.89,,,,,
7061,1825.02,4473.43,5257.56,513.7,279.19,-214.25,-3869.11,-31905.79,1748.85,22654.38,-6619.61,185.33,762.98,-6434.28,-5671.3,,,,,
7071,1799.88,4351.33,5214.65,510.25,311.24,-175.5,-3892,-31967.36,1743.75,22685.06,-6537.34,184.33,581.29,-6353.01,-5771.72,,,,,
7081,1832.41,4432.5,5195.61,516.06,284.18,-236.1,-3880.23,-32068.87,1760.56,22627.68,-6419.87,180.45,463.8,-6239.42,-5775.62,,,,,
7091,1872.64,4391.44,5207.61,516.72,268.72,-185.49,-3950.92,-32018.41,1757.93,22725.94,-6464.45,181.28,586.18,-6283.17,-5696.99,,,,,
7101,1824.16,4439.92,5217.98,510.54,269.21,-189.76,-3848.06,-32064.42,1770.49,22755.11,-6524.35,184.91,685.16,-6339.43,-5654.28,,,,,
7111,1782.42,4415.69,5252.72,507.81,265.33,-184.68,-3876.33,-32123.52,1751.38,22763.56,-6450.15,185.94,554.37,-6264.22,-5709.85,,,,,
7121,1844.34,4429.36,5196.2,503.93,283.79,-209.73,-3902.8,-32039.79,1691.19,22798.92,-6532.74,186.72,595.42,-6346.02,-5750.6,,,,,
7131,1748.35,4510.3,5254.01,508.02,276.45,-202.7,-3859.56,-32173.82,1732.72,22757.28,-6422.73,183.12,551.05,-6239.61,-5688.56,,,,,
7141,1765.09,4433.24,5202.47,483.59,283.86,-190.76,-3879.4,-32182.16,1772.98,22770.76,-6387.66,181.32,459.67,-6206.34,-5746.67,,,,,
7151,1865.11,4434.17,5177.96,510.02,263.9,-189.01,-3896.94,-31936.38,1737.07,22656.13,-6560.62,185.2,622.03,-6375.43,-5753.4,,,,,
7161,1746.01,4441.13,5251.98,494.64,276.45,-191.93,-3893.61,-31956.72,1740.69,22630.04,-6450.41,183.15,538.69,-6267.26,-5728.57,,,,,
7171,1864.86,4430.55,5200.01,502.98,273.42,-191.98,-3916.19,-31889.53,1745.59,22659.38,-6549.05,183.3,679.08,-6365.75,-5686.67,,,,,
7181,1816.08,4433.79,5238.51,506.31,277.26,-187.31,-3907.32,-31961.69,1737.1,22731.94,-6555.47,185.3,684.66,-6370.16,-5685.51,,,,,
7191,1843.55,4496.29,5234.2,520.97,288.36,-195.01,-3865.08,-31859.96,1715.59,22630.91,-6624.97,188.59,809.82,-6436.37,-5626.56,,,,,
7201,1799.61,4384.45,5248.99,510.69,279.36,-210.05,-3930.29,-31955.73,1753.4,22712,-6460.64,181.2,592.45,-6279.44,-5686.99,,,,,
7211,1752.19,4480.55,5143,511.11,270.46,-177.56,-3877.42,-32034.26,1730.48,22640.5,-6408.44,181.7,439.06,-6226.74,-5787.67,,,,,
7221,1791.31,4450.12,5194.12,509.63,266.86,-184.23,-3949.68,-31988.44,1767.28,22667.07,-6446.34,180.72,524.05,-6265.62,-5741.57,,,,,
7231,1786.65,4317.58,5223.07,497.95,282.42,-201.38,-3908.26,-31994.29,1746.48,22747.54,-6534.78,186.19,497.76,-6348.6,-5850.83,,,,,
7241,1775.43,4458.7,5216.37,509.73,260.28,-180.27,-3877.9,-32079.69,1730.74,22679.85,-6396.16,181.67,493.25,-6214.49,-5721.24,,,,,
7251,1797.24,4391.85,5312.59,501.09,282.1,-196.47,-3934.53,-31819.94,1708.66,22686.8,-6618.85,182.11,729.39,-6436.74,-5707.35,,,,,
7261,1815.82,4389.89,5272.89,512.26,291.42,-204.17,-3892.06,-31989.87,1731.49,22614.33,-6451.59,180.9,542,-6270.7,-5728.69,,,,,
7271,1790.27,4518.66,5215.23,517.35,295.57,-178.46,-3930.44,-31919.27,1704.45,22580.41,-6456.89,182.45,593.77,-6274.44,-5680.67,,,,,
7281,1782.34,4436.77,5166.25,515.78,272.71,-163.41,-3950.19,-31901,1743.06,22709.68,-6524.59,183.65,611.99,-6340.95,-5728.95,,,,,
7291,1837.66,4528.28,5217.77,516.63,256.46,-172.72,-3863.42,-31749.93,1712.96,22622.16,-6653.59,187.05,905.85,-6466.53,-5560.68,,,,,
7301,1779.63,4469.13,5211.12,517.65,251.13,-181.69,-3913.38,-32088.74,1752.52,22682.03,-6456.69,183.23,479.39,-6273.47,-5794.08,,,,,
7311,1748.24,4501.53,5190.53,525.42,270.41,-205.81,-3843.4,-32063.86,1763.01,22755.3,-6503,187.3,641.37,-6315.7,-5674.33,,,,,
7321,1765.84,4471.24,5188.47,498.61,278.63,-183.38,-3898.59,-31636.18,1705.97,22521.75,-6696.13,186.16,712.34,-6509.97,-5797.64,,,,,
7331,1834.54,4460.96,5230.74,528.03,272.55,-190.76,-3919.58,-31927.04,1733.13,22680.16,-6555.77,182.22,702.73,-6373.55,-5670.81,,,,,
7341,1810.3,4390.48,5267.5,490.46,271.45,-221.06,-3921.28,-31850.83,1737.26,22780.78,-6689.42,184.2,755.05,-6505.22,-5750.17,,,,,
7351,1802.22,4407.14,5240.29,508.76,277.86,-217.31,-3908.19,-31918.55,1752.21,22713.6,-6594.7,182.69,658.03,-6412.01,-5753.98,,,,,
7361,1796.52,4398.7,5204.98,512.71,256.2,-198,-3865.4,-31925.76,1720.19,22670.94,-6570.97,184.75,571.07,-6386.22,-5815.15,,,,,
7371,1828.34,4390.59,5227.92,504.82,249.08,-209.25,-3913.84,-31961.16,1698.72,22706.77,-6556.17,182.24,521.99,-6373.93,-5851.94,,,,,
7381,1730.32,4320.06,5227.94,499.91,296.43,-188.87,-3914.76,-32009.69,1783.19,22852.67,-6568.17,187.65,597.2,-6380.52,-5783.33,,,,,
7391,1838.68,4330.02,5237.62,493.25,294.04,-201.58,-3920.59,-31818,1738.15,22868.54,-6726.15,186.86,860.13,-6539.28,-5679.15,,,,,
7401,1859.71,4510.26,5232.21,492.6,284.24,-194.48,-3900.63,-31897.92,1723.31,22765.87,-6656.72,188.31,875.16,-6468.41,-5593.24,,,,,
7411,1806.97,4406.61,5266.33,495.79,293.02,-201.11,-3913.6,-31723.21,1749.56,22759.65,-6747.98,184.87,940.01,-6563.11,-5623.1,,,,,
7421,1880.63,4462.6,5188.42,503.6,273.35,-192.81,-3908.55,-31832.9,1742.71,22698.81,-6658.71,186.5,815.86,-6472.2,-5656.35,,,,,
7431,1793.05,4424.35,5232.82,492.77,259.86,-220.65,-3909.83,-32032.41,1707.64,22799.77,-6529.08,184.7,547.38,-6344.38,-5797,,,,,
7441,1812.82,4404.08,5198.17,494.93,276.04,-177.31,-3904.55,-32093.2,1743.64,22758.6,-6476.44,185.31,513.22,-6291.13,-5777.9,,,,,
7451,1829.49,4424.01,5193.8,507.74,266.36,-169.55,-3859.02,-32003.91,1718.23,22669.69,-6473.13,187.48,576.83,-6285.65,-5708.82,,,,,
7461,1827.47,4414.7,5244.22,515.61,276.83,-185.96,-3908.23,-31986.17,1716.91,22661.98,-6498.17,182.34,577.37,-6315.82,-5738.45,,,,,
7471,1790.68,4487.02,5186.75,512.9,288.32,-233.36,-3907.57,-31898.13,1718.9,22736.25,-6578.41,187.95,681.74,-6390.45,-5708.71,,,,,
7481,1778.66,4350.32,5232.22,500.54,270.15,-192.45,-3905.42,-31636.32,1709.26,22669.03,-6779.86,185.07,776,-6594.79,-5818.79,,,,,
7491,1836.52,4395.27,5262.14,499.06,295.98,-197.6,-3912.33,-31701.09,1736.77,22640.73,-6705.16,182.79,855.47,-6522.37,-5666.9,,,,,
7501,1798.23,4361.19,5199.23,493.09,289.3,-176.58,-3901.71,-31733.39,1753.77,22814.84,-6776.48,185.09,897.98,-6591.39,-5693.42,,,,,
7511,1733.1,4430.2,5208.98,497.87,278.26,-198.85,-3931.27,-31660.15,1723.25,22730.32,-6830.6,187.78,811.72,-6642.82,-5831.11,,,,,
7521,1797.27,4336.67,5224.38,493.53,275.28,-205.46,-3895.5,-31862.26,1746.82,22679.76,-6624.88,185.09,590.48,-6439.79,-5849.3,,,,,
7531,1889.92,4348.96,5250.1,500.1,276.39,-217.98,-3948.46,-31769.34,1742.09,22761.78,-6733.13,184.75,833.56,-6548.37,-5714.81,,,,,
7541,1831.17,4330.21,5219.61,480.49,278.8,-222.07,-3874.79,-31858.63,1713.84,22702.12,-6656.98,185.05,600.74,-6471.93,-5871.19,,,,,
7551,1806.49,4451.42,5256.83,504.4,268.75,-203.75,-3912.43,-31794.26,1753.37,22647.96,-6649.61,185.74,778.79,-6463.87,-5685.08,,,,,
7561,1807.43,4454.5,5286.45,519.06,284.1,-207.6,-3902.9,-31728.91,1727.57,22632.16,-6712.6,187.76,871.87,-6524.84,-5652.97,,,,,
7571,1816.08,4436.58,5241.17,500.63,276.47,-192.55,-3867.99,-31884,1730.21,22736.73,-6638,186.12,793.34,-6451.88,-5658.54,,,,,
7581,1821.87,4456.68,5278.83,503.77,272.62,-166.63,-3962.57,-31962.75,1745.11,22731,-6519.59,180.5,717.93,-6339.09,-5621.16,,,,,
7591,1752.69,4410.85,5273.53,516.5,276.79,-222.02,-3872.96,-32069.07,1749.5,22825.41,-6502.28,183.33,641.23,-6318.96,-5677.73,,,,,
7601,1797.8,4411.78,5236.11,515.9,268.59,-210.41,-3900.38,-31856.44,1742.79,22624.37,-6553.63,185.55,630.12,-6368.08,-5737.96,,,,,
7611,1819.09,4485.45,5262.66,528.97,258.65,-199.25,-3848.98,-31949.44,1694.04,22637.6,-6559.92,186.65,688.78,-6373.27,-5684.49,,,,,
7621,1791.5,4491.85,5207.65,512.54,287.95,-198.57,-3916.45,-31774.49,1727.34,22598.46,-6583.29,185.85,727.78,-6397.44,-5669.66,,,,,
7631,1832.95,4355.93,5228.3,503.07,259.12,-188.16,-3855.69,-31890.46,1757.36,22583.57,-6576.11,187.4,585.99,-6388.72,-5802.73,,,,,
7641,1883.27,4334.3,5248.19,513.28,265.84,-184.84,-3905.37,-31910.93,1741.68,22629.97,-6510.8,184.71,615.39,-6326.08,-5710.69,,,,,
7651,1823.79,4502.02,5208.16,505.82,272.34,-194.73,-3973.24,-31682.13,1693.97,22637.33,-6707.99,186.83,793.34,-6521.16,-5727.82,,,,,
7661,1838.3,4416.69,5219.85,522.75,287.76,-179.13,-3887.37,-31981.46,1752.84,22688.83,-6510.3,183.32,679.06,-6326.98,-5647.93,,,,,
7671,1731.83,4385.66,5232.01,491.98,276.2,-207.51,-3940.14,-31888.61,1755.9,22765.47,-6593.34,184.26,602.79,-6409.08,-5806.29,,,,,
7681,1822.16,4455.9,5226.98,516.91,275.11,-210.67,-3892.39,-31816.19,1765.6,22529.98,-6559.63,185.08,673.38,-6374.55,-5701.17,,,,,
7691,1788.02,4477.81,5215.85,513.34,277.43,-178.37,-3865.73,-31864.65,1725.21,22523.85,-6527.63,185.54,612.75,-6342.08,-5729.33,,,,,
7701,1813.21,4542.02,5193.43,520.76,263.17,-214.86,-3934.32,-31739.67,1735.02,22596.2,-6612.45,187.91,774.96,-6424.53,-5649.57,,,,,
7711,1792.28,4431.47,5222,504.83,258.42,-202.73,-3851,-32026.77,1759.88,22650.5,-6437.1,187.63,538.87,-6249.47,-5710.6,,,,,
7721,1738.75,4396.4,5276.43,488.23,293.18,-176.2,-3926.21,-31987.73,1759.3,22687.76,-6442.38,183.07,549.9,-6259.31,-5709.41,,,,,
7731,1831.49,4425.85,5209.24,495.45,276.62,-195.07,-3893.58,-32087.76,1691.16,22702.52,-6352.22,184.77,455.93,-6167.45,-5711.52,,,,,
7741,1847.49,4362.42,5193.92,505.77,273.38,-163.31,-3894.5,-31965.43,1751.68,22639.45,-6479.26,184.3,550.86,-6294.96,-5744.1,,,,,
7751,1834.02,4523.91,5211.13,507.81,271.75,-160.33,-3913.33,-32026.68,1713.67,22623.1,-6398.25,183.27,585.06,-6214.98,-5629.91,,,,,
7761,1769.47,4357.93,5226.79,517.55,283.86,-197.12,-3874.4,-32223.54,1736.25,22799.23,-6340.06,182.78,396.04,-6157.27,-5761.24,,,,,
7771,1790.03,4414,5208.29,504.48,251.61,-202.8,-3858.63,-31814.86,1728.87,22523.62,-6552.6,187.39,544.61,-6365.21,-5820.6,,,,,
7781,1837.52,4416.33,5241.32,500.71,278.03,-194.45,-3913.76,-31948.62,1709.15,22607.04,-6445.46,188.31,533.26,-6257.15,-5723.88,,,,,
7791,1809.56,4439.59,5228.23,505.84,284.43,-190.93,-3835.4,-32099.98,1758.36,22706.42,-6449.08,188.79,606.14,-6260.29,-5654.15,,,,,
7801,1854.58,4519.14,5176.46,523.64,286.24,-174.91,-3866.86,-31751.02,1731.97,22567.97,-6679.14,187.83,867.19,-6491.31,-5624.12,,,,,
7811,1904.99,4377.33,5238.8,530.28,296.08,-209.16,-3912.67,-31624.81,1735.25,22632.91,-6740.92,185.59,969,-6555.33,-5586.32,,,,,
7821,1852.22,4380.77,5211.9,507.16,266.82,-183.76,-3872.72,-31913.8,1745.05,22675.16,-6563.35,182.43,668.8,-6380.92,-5712.12,,,,,
7831,1744.8,4412.12,5223.79,513.6,278.59,-169.05,-3886.86,-31851.88,1757.84,22714.01,-6615.9,183.18,736.94,-6432.72,-5695.78,,,,,
7841,1866.16,4379.55,5247.99,509.83,275.86,-181.75,-3913.88,-31894.36,1716.24,22738.36,-6646.65,187.58,744.01,-6459.07,-5715.06,,,,,
7851,1810.26,4440.83,5244.5,509.5,260.28,-205.19,-3916.2,-31657.86,1765.25,22557.02,-6666.61,183.62,808.38,-6482.98,-5674.6,,,,,
7861,1804.01,4378.2,5185.51,513.07,258.73,-189.46,-3874.65,-31898.67,1740.33,22652.1,-6538.37,185.89,569.17,-6352.49,-5783.32,,,,,
7871,1880.6,4453.66,5222.6,509.93,278.38,-193.88,-3936.8,-31781.78,1715.24,22575.37,-6588.16,182.17,723.33,-6405.98,-5682.66,,,,,
7881,1822.74,4397.27,5261.68,516.09,257.97,-190.42,-3924.07,-32039.47,1756.34,22751.65,-6470.89,185.16,609.79,-6285.73,-5675.94,,,,,
7891,1846.17,4540.61,5197.16,523.61,270.99,-199.89,-3904.73,-31697.01,1680.88,22477.07,-6593.11,185.84,734.86,-6407.27,-5672.41,,,,,
7901,1823.84,4321.94,5208.07,501.69,284.79,-188.19,-3931.83,-31790.07,1716.86,22632.21,-6594.54,183.49,579.31,-6411.06,-5831.75,,,,,
7911,1819.26,4492.14,5236.72,512.29,257.26,-205.99,-3922.23,-31854.99,1756.07,22572.69,-6527.41,182.89,663.23,-6344.52,-5681.29,,,,,
7921,1931.62,4377.47,5234.95,497.79,259.14,-195.91,-3863,-32025.01,1725.4,22724.98,-6493.52,185.1,667.44,-6308.43,-5640.99,,,,,
7931,1792.31,4398.02,5263.68,523.01,278.87,-195.46,-3944.04,-31829.46,1755.83,22660.87,-6555.13,183.64,703.64,-6371.5,-5667.86,,,,,
7941,1809.24,4391.39,5251.01,510.21,286.46,-214.74,-3897.05,-32034.73,1727.45,22744.25,-6481.31,181.82,573.51,-6299.49,-5725.98,,,,,
7951,1852.06,4440.08,5234.89,502.69,259.15,-208.44,-3899.25,-31647.43,1720.66,22683.62,-6753.65,184,938.05,-6569.65,-5631.61,,,,,
7961,1844.66,4355.52,5210.6,506.36,277.89,-205.87,-3904.61,-32003.26,1735.82,22705.8,-6506.91,186.21,522.91,-6320.69,-5797.78,,,,,
7971,1820.61,4517.98,5256.18,502.08,286.4,-203.32,-3916.93,-31733.55,1730.04,22587,-6641.09,184.56,846.49,-6456.53,-5610.04,,,,,
7981,1830.87,4367.94,5222.25,513.51,281.37,-201.84,-3902.32,-31882.4,1744.06,22663.59,-6534.45,185.36,637.01,-6349.09,-5712.08,,,,,
7991,1732.24,4429.56,5214.2,515.43,271.4,-194.88,-3930.17,-31893.28,1764.32,22638.59,-6495.36,179.87,547.41,-6315.48,-5768.07,,,,,
8001,1801.93,4451.01,5205.73,509.46,268.46,-178.84,-3952.66,-31906.95,1718.64,22717.39,-6543.12,184.4,634.19,-6358.71,-5724.53,,,,,
8011,1777.28,4414.27,5200.3,507.68,284.98,-212.93,-3890.48,-31856.35,1711.14,22740.58,-6641.2,179.63,676.46,-6461.57,-5785.11,,,,,
8021,1722.66,4363.96,5231.25,498.1,287.85,-201.77,-3905.96,-32178.51,1732.1,22834.36,-6397.32,182.16,384.05,-6215.16,-5831.11,,,,,
8031,1815.51,4459.67,5249.5,504.22,289.58,-190.64,-3945.01,-31995.95,1733.45,22691.59,-6497.58,180.88,611.92,-6316.7,-5704.77,,,,,
8041,1829.29,4369.33,5216.93,506.36,264.05,-187.63,-3856.92,-32122.3,1746.63,22727.27,-6429.65,183.41,493.01,-6246.24,-5753.23,,,,,
8051,1773,4417.97,5218.13,495.57,271.85,-203.03,-3913.89,-32020.7,1757.42,22785.37,-6495.64,180.75,581.69,-6314.9,-5733.21,,,,,
8061,1818.08,4423.65,5205.49,493.53,263.23,-217.21,-3910.11,-31790.05,1719.2,22643.48,-6649.4,186.83,649.3,-6462.57,-5813.27,,,,,
8071,1812.93,4453.6,5208.38,529.63,287.88,-206.63,-3904.11,-31855.98,1733.29,22695.66,-6616.14,182.73,754.65,-6433.42,-5678.77,,,,,
8081,1784.74,4429.72,5246.75,518.29,287.95,-199.04,-3961.13,-32174.84,1758.89,22820.95,-6403.41,179.28,512.28,-6224.13,-5711.86,,,,,
8091,1780.45,4414.35,5168.86,496.18,272.03,-180.11,-3937.57,-31925.55,1764.73,22732.25,-6523.63,180.83,585.63,-6342.81,-5757.18,,,,,
8101,1839.42,4466.28,5196.14,512.32,272.93,-221.75,-3886.76,-31902.49,1732.25,22744.52,-6629.11,184.48,752.87,-6444.63,-5691.76,,,,,
8111,1761.04,4407.1,5198.75,495.18,305.73,-211.84,-3876.21,-31975.48,1697.17,22658.08,-6468.99,183.29,459.53,-6285.7,-5826.17,,,,,
8121,1765.56,4466.42,5236.54,516.8,257.24,-221.64,-3875.5,-31832.77,1737.27,22515.51,-6506.82,182.59,565.43,-6324.23,-5758.8,,,,,
8131,1777.27,4492.06,5244.38,503.13,290.22,-208.14,-3908.63,-31912.45,1717.4,22618.11,-6496.05,179.31,613.34,-6316.74,-5703.4,,,,,
8141,1817.35,4478.24,5261.55,504.29,292.55,-200.97,-3896.36,-31771.56,1750.09,22578.44,-6609.62,184.58,813.61,-6425.04,-5611.43,,,,,
8151,1815.78,4464.74,5280.18,505.11,270.78,-210.62,-3864.09,-31694.18,1770.67,22461.31,-6634.3,182.83,799.68,-6451.47,-5651.79,,,,,
8161,1844.42,4452.19,5243.12,509.76,268.59,-188.2,-3861.66,-31896.11,1712.9,22596.54,-6573.74,185.48,681.56,-6388.26,-5706.7,,,,,
8171,1756.85,4489.59,5234.53,506.5,301.43,-194.53,-3929.56,-32012.65,1738.7,22601.9,-6407.62,183.02,492.76,-6224.6,-5731.84,,,,,
8181,1816.7,4443.12,5262.11,513.43,268.99,-206.56,-3932.79,-31980.9,1755.63,22664.83,-6403.5,183.04,604.56,-6220.46,-5615.91,,,,,
8191,1772.99,4388.34,5220.63,501.52,268.07,-196.14,-3855.66,-32017.15,1727.04,22704.26,-6474.78,186.04,513.9,-6288.73,-5774.83,,,,,
8201,1806.96,4389.24,5263.44,490.49,254.98,-187.64,-3879.77,-31807.65,1765.28,22624.67,-6587.07,184.16,720.01,-6402.91,-5682.9,,,,,
8211,1798.32,4379.8,5211.77,501.31,287.5,-194.7,-3863.38,-31966.03,1708.12,22586.24,-6432.7,184.05,448.93,-6248.66,-5799.72,,,,,
8221,1797.43,4476.43,5240.57,508.76,277.69,-182.86,-3912.61,-31847.84,1738.53,22607.86,-6554.86,184.23,703.97,-6370.63,-5666.66,,,,,
8231,1867.76,4496.49,5225.01,523.14,257.65,-201.79,-3889.53,-31924.02,1741.81,22573.39,-6470.78,184.97,669.92,-6285.81,-5615.89,,,,,
8241,1821.61,4378.14,5212.56,505.48,291.5,-163.91,-3886.32,-32049.24,1701.19,22632.66,-6374.29,182.01,443.67,-6192.28,-5748.61,,,,,
8251,1811.43,4380.51,5222.17,509.35,263.9,-173.51,-3914.5,-31789.05,1729.31,22681.1,-6642.69,187.3,720.71,-6455.39,-5734.67,,,,,
8261,1808.17,4360.17,5276.46,503.6,275.37,-223.71,-3892.13,-31739.27,1763.9,22744.94,-6668.66,186.05,877.5,-6482.61,-5605.11,,,,,
8271,1821.13,4408.56,5258.59,488.81,269.34,-205.81,-3875.02,-31783.47,1719.14,22615.6,-6604.59,186.04,716.87,-6418.55,-5701.68,,,,,
8281,1881.86,4376.75,5218.09,514.41,279.98,-175.98,-3898.75,-31873.31,1715.13,22709.69,-6551.88,184.53,747.86,-6367.35,-5619.5,,,,,
8291,1766.29,4502.5,5215.87,505.34,279.55,-175.89,-3878.81,-31913.19,1738.35,22636.3,-6533.4,184.74,676.29,-6348.66,-5672.37,,,,,
8301,1786.92,4515.28,5232.89,524.84,270.48,-214.74,-3928.77,-31759.47,1728.95,22601.08,-6617.81,185.24,757.47,-6432.57,-5675.1,,,,,
8311,1834.65,4519.87,5254.04,524.22,265.2,-202.97,-3908.32,-31864.26,1770.58,22774.81,-6638.69,184.18,967.81,-6454.51,-5486.7,,,,,
8321,1852.76,4382.34,5285.28,498.62,295.3,-204.68,-3853.54,-31869.59,1715.63,22662.44,-6573.15,183.64,764.57,-6389.52,-5624.95,,,,,
8331,1829.48,4461.66,5196.35,516.76,278.23,-182.73,-3970.7,-31801.93,1701.14,22681.31,-6594.76,182.31,709.55,-6412.46,-5702.9,,,,,
8341,1836.34,4345.03,5209.99,513.52,287.85,-217.83,-3894.48,-31662.51,1720.55,22705.95,-6803.56,185.86,844.4,-6617.7,-5773.3,,,,,
8351,1809.64,4376.7,5208.14,492.67,276.4,-175.73,-3909.22,-31822.34,1717.24,22642.94,-6591.19,181.7,616.45,-6409.48,-5793.04,,,,,
8361,1853.8,4381.44,5253.23,505.44,246.5,-185.62,-3895.15,-31590.11,1702.3,22650.43,-6790.01,187.13,922.25,-6602.88,-5680.63,,,,,
8371,1779.79,4455.2,5232.49,516.94,279.05,-168.7,-3936.92,-31844.35,1718.54,22795.16,-6647.54,182.63,827.19,-6464.9,-5637.71,,,,,
8381,1847.68,4476.89,5233.57,498.98,264.27,-161.71,-3945.57,-31707.17,1714.75,22613.97,-6702.97,183.34,835.66,-6519.63,-5683.97,,,,,
8391,1815.81,4450.07,5182.63,510.96,287.9,-186.89,-3949.22,-31746.36,1757.97,22689.71,-6665.87,183.68,812.58,-6482.19,-5669.6,,,,,
8401,1842.44,4470.91,5275.08,502.97,269.24,-193.86,-3917.28,-31865.58,1702.48,22623.84,-6558.44,181.05,710.24,-6377.39,-5667.14,,,,,
8411,1851.29,4453.36,5220.07,499.97,267.24,-189.23,-3933.77,-31924.52,1736.99,22747.92,-6583.06,181.14,729.32,-6401.93,-5672.6,,,,,
8421,1863.6,4468.61,5238.7,503.89,267.51,-187.23,-3901.34,-31890.42,1695.64,22623.13,-6498.27,184.82,682.09,-6313.45,-5631.36,,,,,
8431,1828.96,4449.45,5244.83,527.38,279.06,-198.78,-3920.63,-31739.4,1729.77,22548.29,-6645.31,183.81,748.93,-6461.5,-5712.57,,,,,
8441,1868.21,4393.1,5234.81,508.35,268.31,-222.21,-3899.54,-31717.2,1717.33,22609.44,-6678.63,185.37,760.59,-6493.26,-5732.66,,,,,
8451,1826.44,4556.89,5213.94,511.29,284.78,-191.58,-3894.75,-31928.11,1715.9,22603.31,-6496.68,184.93,698.1,-6311.75,-5613.64,,,,,
8461,1830.96,4357.97,5250.42,506.55,279.74,-194.82,-3903.75,-31735.27,1729.49,22597.34,-6632.65,184.72,718.63,-6447.93,-5729.3,,,,,
8471,1796.25,4424.73,5218.33,496.58,294.24,-187.85,-3921.86,-31728.53,1729.3,22654.19,-6641.55,182.79,775.37,-6458.76,-5683.39,,,,,
8481,1807.93,4426.66,5213.76,519.65,275.55,-177.22,-3903.47,-31606,1701.27,22507.56,-6685.5,184.79,765.69,-6500.71,-5735.02,,,,,
8491,1814.96,4468.12,5203.16,499.95,283.36,-181.46,-3874.14,-31714.36,1718.4,22581.88,-6638.09,182.21,799.86,-6455.88,-5656.02,,,,,
8501,1828.5,4448.52,5182.38,497.49,263.75,-213.11,-3842.22,-31730.93,1719.6,22629.94,-6667.45,183.33,783.92,-6484.11,-5700.2,,,,,
8511,1782.92,4379.96,5238.31,508.05,266.46,-185.44,-3878.39,-31787.25,1764.75,22603.92,-6570.12,180.61,693.29,-6389.51,-5696.22,,,,,
8521,1828.08,4392.66,5225.26,485.87,282.48,-205.38,-3890.98,-31669.08,1733.05,22641.89,-6747.73,182.66,823.85,-6565.07,-5741.22,,,,,
8531,1771.29,4468.33,5201.47,510.27,277.63,-216.34,-3932.15,-31846.64,1726.54,22709.68,-6606.96,177.1,670.07,-6429.86,-5759.8,,,,,
8541,1758.14,4534.79,5212.26,505.44,283.15,-185.39,-3954.77,-31786.76,1706.22,22743.64,-6697.74,181.71,816.73,-6516.03,-5699.3,,,,,
8551,1849.52,4441.16,5189.32,514.39,270.55,-201.27,-3928.9,-31740.58,1713.5,22628.25,-6694.72,184.92,735.93,-6509.8,-5773.87,,,,,
8561,1760.57,4486.36,5238.62,522.19,275.55,-197.77,-3924.61,-31689.6,1715.77,22678.52,-6724.47,179.47,865.61,-6545,-5679.39,,,,,
8571,1860.4,4374.56,5216.66,497.31,292.14,-193.43,-3884.5,-31686.89,1715.2,22748.49,-6844.2,185.55,939.96,-6658.65,-5718.69,,,,,
8581,1841.88,4380.61,5228.45,506.8,281.63,-192.18,-3897.73,-31860.39,1708.24,22650.28,-6610.66,182.56,647.6,-6428.1,-5780.5,,,,,
8591,1864.13,4382.7,5215.7,511.49,258.27,-190.95,-3873.36,-32000.75,1705.66,22762.02,-6556.53,182.96,634.93,-6373.57,-5738.64,,,,,
8601,1852.65,4346.64,5205.87,519.79,261.27,-191.79,-3878.36,-32004.13,1722.19,22801.73,-6573.16,183.17,635.85,-6389.99,-5754.14,,,,,
8611,1780.99,4435.57,5255.47,528.5,271.13,-177.54,-3922.88,-31790.1,1723.45,22759.96,-6686.09,182.51,864.56,-6503.58,-5639.03,,,,,
8621,1823.6,4315.27,5225.06,513.03,267.33,-182.94,-3899.94,-31990.51,1750.23,22807.29,-6592.39,183.66,628.41,-6408.73,-5780.32,,,,,
8631,1877.47,4389.51,5229.8,515.4,284.76,-180.26,-3924.18,-31873.06,1693.82,22763.55,-6595.37,182.36,776.81,-6413.02,-5636.21,,,,,
8641,1819.84,4398.85,5244.6,510.59,268.66,-188.94,-3909.8,-31888.47,1731.62,22678.28,-6547.28,178.32,665.22,-6368.96,-5703.74,,,,,
8651,1824.58,4382.97,5300.97,503.48,275.9,-201.42,-3930.23,-31929.12,1688.97,22728.8,-6518.2,182.03,644.89,-6336.17,-5691.28,,,,,
8661,1784.14,4347.2,5219.92,506.16,290.52,-161.75,-3880.85,-31882.79,1753.3,22802.07,-6657.89,182.8,777.92,-6475.09,-5697.17,,,,,
8671,1839.45,4388.28,5216.46,508.6,285.31,-193.41,-3901.21,-31886.46,1715.73,22669.42,-6559.3,185.06,642.18,-6374.24,-5732.07,,,,,
8681,1883.23,4404.89,5257.19,509.17,278.62,-211.5,-3912.38,-31959.33,1719.27,22787.09,-6567.42,187.35,756.27,-6380.07,-5623.8,,,,,
8691,1797.94,4511.21,5228.94,526.39,272.28,-185.79,-3928.47,-31768.98,1704.85,22707.2,-6678.36,182.71,865.58,-6495.64,-5630.06,,,,,
8701,1831.28,4427.98,5232.43,515.2,273.98,-212.92,-3946.47,-31940.63,1736.77,22842.71,-6624.36,185.87,760.32,-6438.49,-5678.17,,,,,
8711,1762.23,4479.39,5197.16,509.65,276.06,-201.06,-3870.73,-31883.79,1747.2,22755.68,-6617.12,186.66,771.79,-6430.46,-5658.67,,,,,
8721,1755.3,4398.47,5223.95,497.32,295.75,-198.36,-3923.57,-31753.75,1745.16,22624.42,-6697.83,186.38,664.69,-6511.45,-5846.76,,,,,
8731,1821.12,4377.14,5252.85,505.19,250.5,-171.18,-3968.14,-31828.13,1718.4,22736.52,-6612.74,179.92,694.27,-6432.82,-5738.55,,,,,
8741,1750.87,4411.6,5220.51,499.46,271.55,-163.09,-3870.69,-31695.83,1747.99,22633.97,-6733.71,187.27,806.32,-6546.43,-5740.11,,,,,
8751,1804.24,4424.07,5213.96,510.98,267.84,-179.86,-3869.06,-32005.78,1720.37,22658.09,-6525.84,183.04,544.84,-6342.8,-5797.96,,,,,
8761,1861.58,4405.33,5227.47,511.89,268.05,-179.42,-3804.81,-31795.9,1736.83,22575.66,-6649.75,191.07,806.7,-6458.69,-5651.98,,,,,
8771,1867.21,4457.42,5253.21,508.29,285.12,-180.54,-3899.49,-31986.54,1731.84,22644.24,-6499.68,185.23,680.76,-6314.45,-5633.69,,,,,
8781,1847.32,4361.65,5252.35,508.68,273.6,-180.85,-3920.45,-31976.79,1712.5,22780.7,-6517.87,180.32,658.71,-6337.55,-5678.84,,,,,
8791,1858.17,4470.09,5230.52,513.28,272.23,-176.1,-3842.95,-31655,1749.76,22603.53,-6741.97,186.88,1023.52,-6555.09,-5531.57,,,,,
8801,1845.76,4427.06,5230.31,508.93,267.86,-205.92,-3869.44,-31750.16,1730.79,22620.52,-6681.66,187.19,805.73,-6494.47,-5688.74,,,,,
8811,1804.21,4416.7,5214.94,508.12,282.78,-179.12,-3882.9,-31690.56,1770.43,22604.38,-6762.54,189.48,849,-6573.07,-5724.07,,,,,
8821,1855.48,4353.01,5217.63,514.85,282.26,-200.87,-3838.11,-31636.14,1729.12,22643.43,-6836.75,193.03,920.66,-6643.71,-5723.06,,,,,
8831,1764.92,4372.82,5175.39,493.76,274.02,-157.59,-3806.69,-31757.29,1739.28,22638.96,-6690.28,192.13,737.57,-6498.15,-5760.58,,,,,
8841,1822.98,4363.99,5212.06,495.03,291.17,-183.75,-3876.55,-31640.39,1698.82,22821.67,-6877.48,191.25,1005.03,-6686.24,-5681.2,,,,,
8851,1734.06,4376.05,5229.04,493.75,266.31,-179.34,-3835.35,-31638.7,1742.1,22752.06,-6890.11,190.09,939.98,-6700.03,-5760.05,,,,,
8861,1837.17,4472.25,5189.02,504.45,261.66,-186.77,-3889.11,-31774.23,1722.38,22672.93,-6700.75,187.09,809.74,-6513.66,-5703.92,,,,,
8871,1796.75,4443.01,5205.61,502.75,275.53,-194.76,-3842.06,-31394.33,1748.95,22567.87,-6980.04,189.17,1109.31,-6790.87,-5681.56,,,,,
8881,1786.83,4413.16,5186.03,496.36,291.42,-174.9,-3844.81,-31928.72,1742.71,22714,-6625.97,186.73,682.08,-6439.24,-5757.16,,,,,
8891,1862.81,4444.29,5205.18,511.18,297.54,-189.89,-3922.76,-32067.99,1749.44,22622.79,-6380.45,182.42,512.58,-6198.04,-5685.45,,,,,
8901,1820.04,4488.54,5220.34,507.24,267.13,-189.21,-3906.58,-31934.1,1722.5,22667.05,-6560.66,180.43,662.95,-6380.23,-5717.28,,,,,
8911,1779.23,4303,5218.47,504.16,273.32,-190.21,-3917.33,-31918.11,1741.63,22694.57,-6574.38,184.57,488.73,-6389.81,-5901.07,,,,,
8921,1795.97,4480.51,5216.62,516.82,284.32,-194.03,-3944.85,-31919.83,1752.09,22733.95,-6555.67,183.88,721.56,-6371.8,-5650.24,,,,,
8931,1755.88,4429.54,5254.57,498.5,284.79,-166.24,-3931.22,-31879.76,1763.18,22720.46,-6570.71,182.72,729.7,-6387.99,-5658.29,,,,,
8941,1855.92,4392.41,5227.84,514.33,286.34,-186.28,-3832.09,-31816.14,1720.22,22708.75,-6705.98,188.69,871.3,-6517.29,-5645.99,,,,,
8951,1882.36,4361.38,5189,507.13,280.25,-186.75,-3841.87,-31808.1,1704.19,22743.2,-6733.92,189.96,830.79,-6543.96,-5713.17,,,,,
8961,1847.84,4404.68,5263.11,512.65,303.11,-200.32,-3917.8,-31901.64,1726.78,22701.24,-6583.21,184.37,739.63,-6398.84,-5659.21,,,,,
8971,1818.52,4388.46,5204.35,506.57,257.6,-191.67,-3943.87,-31984.28,1728.04,22768.26,-6556.38,180.71,551.97,-6375.67,-5823.7,,,,,
8981,1818.93,4363.57,5255.11,498.65,266.32,-218.38,-3961.41,-32130.11,1769.11,22739.76,-6366.99,174.89,401.55,-6192.1,-5790.55,,,,,
8991,1820.88,4368.82,5205.64,498.64,282.81,-183.38,-3943.19,-32136.52,1735.42,22801.03,-6450.27,179.42,450.15,-6270.85,-5820.7,,,,,
9001,1749.96,4320.91,5220.11,503.06,259.1,-173.99,-3856.92,-32091.84,1774.83,22812.46,-6447.68,180.89,517.67,-6266.8,-5749.13,,,,,
9011,1757.57,4349.8,5198.7,526.02,284.93,-173.87,-3924.35,-32094.99,1758.87,22782.41,-6443.55,178.89,465.09,-6264.65,-5799.56,,,,,
9021,1752.44,4440.77,5217.75,488.59,270.34,-194.97,-3921.15,-31985.84,1735.18,22681.48,-6463.27,179.1,484.59,-6284.16,-5799.57,,,,,
9031,1820.6,4465.97,5213.47,526.58,276.79,-199.73,-3902.7,-32083.22,1747.62,22686.21,-6400.49,181.07,551.59,-6219.42,-5667.82,,,,,
9041,1807.67,4428.9,5207.21,508.21,273.85,-205.02,-3878.62,-32070.8,1754.04,22731.4,-6416.05,180.88,556.85,-6235.17,-5678.32,,,,,
9051,1791.6,4379.34,5225.11,505.66,285.19,-182.21,-3915.9,-31910.95,1751.4,22821.73,-6655.66,182.18,750.98,-6473.47,-5722.49,,,,,
9061,1813.57,4426.3,5261.75,521.56,299.48,-201,-3931.53,-31917.46,1736.03,22739.39,-6617.05,179.41,748.1,-6437.64,-5689.54,,,,,
9071,1822.54,4492.22,5221.93,532.67,265.04,-193.19,-3910.38,-32068.37,1728.97,22798.96,-6510.19,183.65,690.39,-6326.54,-5636.15,,,,,
9081,1824.54,4497.16,5200.98,508.85,251.35,-178.32,-3956.81,-32109.93,1700.76,22707.06,-6406.66,178.23,445.66,-6228.43,-5782.77,,,,,
9091,1727.81,4532.3,5228.08,493.45,256.66,-210.5,-3891.95,-31941.24,1761.65,22732.48,-6576.71,180.84,688.75,-6395.87,-5707.13,,,,,
9101,1836.78,4500.05,5232.78,518.92,272.41,-176.48,-3890.08,-31906.67,1723.73,22740.78,-6610.96,184.8,852.23,-6426.16,-5573.93,,,,,
9111,1824.28,4441.96,5185.23,509.46,287.03,-184.42,-3952.34,-31900.98,1726.17,22782.3,-6597,182.02,718.69,-6414.98,-5696.3,,,,,
9121,1797.38,4491.62,5208.19,513.96,275.4,-195.53,-3956.15,-31983.64,1723.99,22725.26,-6492.79,181.88,600.5,-6310.91,-5710.41,,,,,
9131,1816.97,4301.5,5221.23,497.45,285.71,-180.74,-3878.89,-31985.12,1732.66,22738.4,-6517.9,182.97,549.17,-6334.93,-5785.76,,,,,
9141,1741.17,4457.22,5196.26,507.48,283.81,-189.61,-3900.27,-32136.34,1769.26,22735.33,-6359.98,181.81,464.31,-6178.16,-5713.85,,,,,
9151,1793.22,4449.37,5207.97,505.59,279.1,-207.98,-3914.91,-31979.73,1732.84,22683.06,-6493.48,183.82,548.53,-6309.66,-5761.12,,,,,
9161,1863.74,4422.96,5213.06,499.97,280.38,-196.52,-3868.81,-32164.36,1770.48,22808.49,-6401.89,184.26,629.38,-6217.63,-5588.25,,,,,
9171,1873.32,4316.86,5207.42,511.92,289.74,-176.18,-3854.22,-32025.76,1742.93,22667.86,-6444.36,185.21,553.89,-6259.14,-5705.25,,,,,
9181,1799.15,4496.11,5243.65,517.21,268.72,-193.73,-3886.07,-32046.06,1731.49,22729.45,-6491.93,180.96,659.92,-6310.98,-5651.06,,,,,
9191,1818.35,4411.07,5167.08,527.3,296.73,-179.56,-3862.57,-31956.9,1781.93,22641.64,-6528.81,185.18,645.08,-6343.63,-5698.55,,,,,
9201,1853.58,4371.94,5212.16,507.84,271.91,-200.13,-3862.26,-32056.19,1735.43,22700.73,-6460.04,184.69,535,-6275.36,-5740.35,,,,,
9211,1755.1,4486.14,5179.19,504.6,258.5,-176.24,-3910.56,-31980.43,1740.33,22779.38,-6567.23,183.72,636.01,-6383.51,-5747.5,,,,,
9221,1879.13,4516.93,5198.3,509.86,293.94,-197.15,-3902.24,-32028.91,1712.04,22743.16,-6478.63,182.56,725.05,-6296.07,-5571.02,,,,,
9231,1777.01,4505.46,5247.9,506.13,298.07,-189.59,-3900.92,-32157.07,1751.71,22728.83,-6364.61,180.67,567.54,-6183.94,-5616.4,,,,,
9241,1786.95,4490.59,5205.28,526.95,298,-237.36,-3833.92,-31968.55,1747.76,22712.45,-6556.2,188.16,728.15,-6368.04,-5639.89,,,,,
9251,1849.74,4510.43,5246.22,513.9,250.32,-176.78,-3942.59,-31874.22,1728.22,22675.54,-6569.27,185.64,780.78,-6383.63,-5602.85,,,,,
9261,1853.37,4470.88,5213.03,513.49,283.48,-206.63,-3907.21,-31925.85,1727.7,22712.47,-6596.99,183.54,734.72,-6413.45,-5678.73,,,,,
9271,1803.03,4338.57,5216.71,502.18,288.68,-197.14,-3937.09,-32029.13,1730.63,22747.3,-6433.33,182.51,463.75,-6250.82,-5787.07,,,,,
9281,1820.89,4446.77,5158.21,497.05,263.01,-195.33,-3918.42,-32133.56,1741.65,22745.2,-6403.7,181.16,425.47,-6222.54,-5797.07,,,,,
9291,1851.71,4344.32,5194.51,487.79,267.11,-159.06,-3915.25,-31861.66,1746.81,22631.92,-6557.52,188.35,588.2,-6369.17,-5780.97,,,,,
9301,1833.51,4405.14,5207.36,513.59,280.18,-222.76,-3793.67,-32043.62,1738.08,22730.61,-6488.41,185.46,648.44,-6302.94,-5654.5,,,,,
9311,1836.7,4480,5215.88,512.66,280.26,-203.17,-3900.97,-32065.86,1736.36,22788.74,-6498.41,181.48,680.6,-6316.94,-5636.34,,,,,
9321,1776.34,4367.89,5247.69,522.69,284.92,-200.02,-3876.29,-31845.6,1759.39,22736.06,-6649.13,184.86,773.06,-6464.27,-5691.21,,,,,
9331,1809.69,4427.13,5204.42,506.83,259.21,-183.64,-3897.76,-31984.95,1748.75,22772.82,-6569,186.01,662.5,-6382.98,-5720.49,,,,,
9341,1811.35,4466.58,5209.24,510.62,256.86,-186.82,-3871.83,-31998.6,1733,22707.8,-6504.19,182.78,638.2,-6321.41,-5683.22,,,,,
9351,1811.07,4498.96,5190.44,514.19,271.57,-185.49,-3905.09,-31932.82,1715.54,22667.55,-6515.64,184.37,645.91,-6331.27,-5685.36,,,,,
9361,1825.7,4453.73,5236.84,511.25,285.48,-208.64,-3924.9,-31976.38,1721.1,22680.13,-6470.6,183.72,604.3,-6286.88,-5682.58,,,,,
9371,1859.14,4500.55,5212.5,494.48,266.98,-200.84,-3921.42,-31740.02,1722,22574.75,-6633.58,186.42,768.12,-6447.15,-5679.03,,,,,
9381,1836.88,4432.16,5178.43,488.69,258.86,-189.77,-3885.45,-32031.52,1757.25,22693.38,-6470.49,182.92,538.91,-6287.56,-5748.65,,,,,
9391,1795.15,4403.57,5188.05,493.93,261.74,-189.25,-3911.36,-31847.41,1779.99,22683.14,-6613.34,185.23,657.55,-6428.1,-5770.56,,,,,
9401,1837.61,4499.67,5208.58,507.64,276.78,-188.73,-3964.41,-31799.48,1721.73,22657.87,-6605.92,184.81,757.26,-6421.11,-5663.85,,,,,
9411,1859.12,4443.74,5202.81,498.94,271.5,-209.62,-3927.14,-31897.66,1715.09,22613.3,-6533.06,179.81,570.09,-6353.25,-5783.15,,,,,
9421,1796.23,4384.28,5198.36,501.98,279.64,-160.58,-3950.1,-31966.49,1719.42,22693.5,-6464.12,178.14,496.24,-6285.98,-5789.73,,,,,
9431,1762.11,4490.22,5199.07,491.17,274.78,-183.24,-3971.04,-32143.53,1765.92,22724.67,-6326.45,180.1,410.13,-6146.34,-5736.21,,,,,
9441,1880.81,4443.99,5229.31,524.72,264.85,-205.22,-3906.32,-32069.99,1724.2,22702.49,-6393.43,181.39,588.84,-6212.04,-5623.2,,,,,
9451,1841.31,4451.75,5238.78,501.65,278.48,-200.02,-3968.56,-32074.94,1683.73,22653.53,-6384.93,180.1,405.72,-6204.83,-5799.11,,,,,
9461,1841.58,4450.27,5248.61,498.18,271.2,-191.44,-3943.99,-31969.68,1725.07,22592.93,-6453.48,183.51,522.74,-6269.98,-5747.24,,,,,
9471,1843.94,4452.37,5194.68,505.7,285.72,-166.38,-3929.92,-32013.65,1721.3,22640.83,-6412.48,179.34,534.6,-6233.14,-5698.54,,,,,
9481,1786.4,4396.49,5206.11,498.14,269.29,-204.46,-3894.17,-31973.79,1739.88,22712.85,-6550.93,183.87,536.73,-6367.06,-5830.32,,,,,
9491,1804.6,4404.53,5189.19,516.79,252.42,-175.55,-3930.15,-31934.48,1741.24,22726.74,-6542.26,182.21,595.33,-6360.04,-5764.72,,,,,
9501,1797.43,4444.53,5185.21,512.1,282.41,-186.22,-3897.07,-32054.45,1708.93,22683.87,-6456.31,180.88,476.73,-6275.43,-5798.7,,,,,
9511,1805.76,4428.58,5148.24,503.59,274.62,-189.83,-3865.97,-32124.95,1743.39,22678.22,-6430.88,187.27,401.66,-6243.61,-5841.95,,,,,
9521,1798.48,4354.71,5213.63,498.69,297.1,-201.46,-3925.82,-32213.96,1729.06,22838.69,-6399.55,179.98,389.11,-6219.57,-5830.46,,,,,
9531,1768.85,4399.27,5200.69,481.83,255.4,-166.49,-3921.41,-32114.14,1747.71,22746.25,-6372.81,179.47,397.96,-6193.34,-5795.38,,,,,
9541,1796.24,4368.24,5229.43,513.53,269.02,-185.6,-3869.09,-32032.12,1757.26,22701.12,-6487.47,184.22,548.03,-6303.25,-5755.22,,,,,
9551,1828.34,4454.65,5204.9,515.96,273.4,-199.45,-3906.2,-32047.34,1708.87,22767.39,-6475.06,182.06,600.53,-6293,-5692.47,,,,,
9561,1798.07,4380.64,5210.03,516.65,285.9,-213.98,-3946.39,-31821.36,1732.67,22663.39,-6612.32,183.53,605.64,-6428.79,-5823.15,,,,,
9571,1878.83,4533.12,5161.72,515.92,279.26,-187.84,-3862.09,-31884.91,1714.05,22654.36,-6599.11,186.42,802.43,-6412.69,-5610.26,,,,,
9581,1811.1,4429.09,5199.66,506.98,277.94,-192.31,-3878.43,-31967.38,1725.27,22711.91,-6564.03,185.14,623.84,-6378.89,-5755.05,,,,,
9591,1811.48,4393.05,5187.37,504.41,280.79,-183.08,-3912.34,-32029.16,1737.73,22758.75,-6479.78,181.14,548.99,-6298.64,-5749.65,,,,,
9601,1819.57,4387.44,5198.24,502.48,256.96,-194.54,-3916.19,-31918.3,1749.5,22824.98,-6644.83,178.15,710.12,-6466.67,-5756.55,,,,,
9611,1855.35,4418.88,5228.5,501,260.68,-164.7,-3937.69,-31735.16,1724.44,22627.05,-6665.11,180.84,778.35,-6484.27,-5705.92,,,,,
9621,1810.18,4473.11,5190.06,505.53,257.75,-184.69,-3941.21,-31866.36,1736.59,22738.2,-6660.98,180.56,719.16,-6480.42,-5761.26,,,,,
9631,1784.38,4407.61,5185.08,493.81,282.24,-205.06,-3920.22,-31892.85,1693.75,22692.84,-6546.89,178.13,521.58,-6368.76,-5847.18,,,,,
9641,1855.48,4415.15,5180.76,524.6,282.44,-217.81,-3928.07,-32012.09,1712.26,22788.47,-6539.8,180.57,601.2,-6359.23,-5758.03,,,,,
9651,1796.88,4503.75,5193.34,509.02,293.54,-192.98,-3916.9,-31833.74,1726.74,22628.41,-6557.82,177.4,708.05,-6380.43,-5672.37,,,,,
9661,1800.95,4460.54,5211.82,510.12,274.7,-165.75,-3952.35,-31961.59,1768.4,22668.67,-6485.02,175.21,615.5,-6309.81,-5694.31,,,,,
9671,1823.67,4478.33,5187.35,518.81,273.18,-195.99,-3891.36,-31889.6,1719.6,22609,-6531.69,179.06,633.01,-6352.63,-5719.62,,,,,
9681,1852.17,4370.38,5228.79,507.14,279.69,-164.56,-3892.37,-31968.18,1720.8,22699.16,-6490.67,179.8,633.01,-6310.86,-5677.86,,,,,
9691,1810.14,4415.07,5232.19,505.05,271.36,-170.61,-3929.04,-32015.73,1729.14,22873.72,-6635.37,181.89,721.29,-6453.49,-5732.2,,,,,
9701,1780.93,4511.43,5226.64,506.27,254.6,-202.81,-3902.61,-32093.63,1758.69,22709.29,-6429.05,177.48,548.81,-6251.57,-5702.76,,,,,
9711,1755.14,4425.86,5209.8,508.52,268.01,-169.28,-3939.09,-32059.73,1754.88,22682.97,-6407.12,178.11,437.06,-6229.01,-5791.95,,,,,
9721,1848.35,4389.11,5235.72,514.99,286.39,-200.93,-3911.17,-31833.07,1728.44,22617.31,-6528.54,180.74,675.13,-6347.8,-5672.67,,,,,
9731,1796.99,4392.33,5252.72,511.92,283.36,-185.14,-3932.87,-31930.89,1750.49,22655.39,-6533.02,178.39,594.29,-6354.63,-5760.34,,,,,
9741,1771.47,4418.73,5138.45,490.18,286.68,-174.19,-3948.95,-31840.98,1707.1,22797.16,-6635.03,176.33,645.64,-6458.7,-5813.05,,,,,
9751,1806.15,4425.22,5234.88,518.52,254.04,-190.48,-3862.34,-32049.5,1735.97,22727.63,-6491.86,183.23,600.09,-6308.63,-5708.54,,,,,
9761,1790.96,4425.05,5184.44,490.68,269.47,-180.05,-3970.73,-31943.78,1748.65,22733.95,-6542.73,181.06,548.63,-6361.67,-5813.03,,,,,
9771,1819.13,4414.56,5273.52,510.71,298.04,-199.78,-3910.66,-31836.81,1733.15,22694.16,-6628.84,180.56,796.01,-6448.29,-5652.27,,,,,
9781,1766.9,4380.58,5235.68,502.64,264.44,-177.45,-4000.66,-31886.9,1737.24,22821.53,-6568.86,180.44,643.99,-6388.42,-5744.43,,,,,
9791,1812.42,4366.82,5204.22,489.58,276.23,-202.74,-3956.49,-31800.77,1721.63,22687.4,-6578.93,180.24,598.31,-6398.7,-5800.39,,,,,
9801,1803.52,4391.46,5254.12,497.2,273.59,-169.57,-3944.62,-32013.91,1749.24,22789.18,-6542.83,178.69,630.2,-6364.14,-5733.94,,,,,
9811,1837.45,4495.13,5243.01,510.12,261.73,-203.58,-3911.31,-31988.1,1721.49,22616.83,-6488.81,175.68,582.78,-6313.14,-5730.36,,,,,
9821,1793.82,4430.06,5196.25,505.12,289.83,-193.78,-3899.97,-31791.65,1712.91,22592.99,-6616.21,182.47,635.6,-6433.74,-5798.14,,,,,
9831,1872.71,4359.16,5248.66,500.02,254.46,-204.92,-3873.29,-31998.08,1720.03,22820.32,-6567.44,181.8,699.07,-6385.64,-5686.57,,,,,
9841,1831.88,4462.31,5229.12,519.02,250.16,-196.19,-3899.2,-31917.98,1702.21,22783.47,-6604.64,181.15,764.8,-6423.49,-5658.69,,,,,
9851,1823.67,4346.7,5286.83,505.47,286.28,-208.44,-3926.13,-31987.21,1733.74,22691.6,-6497.05,179.4,552.52,-6317.65,-5765.13,,,,,
9861,1841.59,4449.2,5201.06,520.1,293.86,-188.24,-3899.25,-31900.51,1715.7,22698.21,-6617.78,183.27,731.72,-6434.51,-5702.79,,,,,
9871,1774.14,4409.02,5212.89,509.16,299.7,-168.72,-3914.1,-32155.2,1769.73,22850.2,-6451.51,177.93,586.82,-6273.57,-5686.75,,,,,
9881,1794.86,4400.58,5176.1,503.56,259.81,-162.97,-3939.13,-32017.21,1740.09,22711.82,-6522.48,177.16,467.49,-6345.32,-5877.83,,,,,
9891,1824.18,4406.05,5178.27,503.48,284.91,-179.26,-3956.21,-31978.19,1748.98,22720.92,-6504.43,180.87,553.13,-6323.55,-5770.43,,,,,
9901,1834.1,4421.52,5201.09,514.5,287.78,-188.75,-3892.24,-31995.13,1713.9,22613.23,-6489.61,178.89,510,-6310.72,-5800.71,,,,,
9911,1818.22,4476.48,5175.23,517.28,269.48,-178,-3948.85,-32077.38,1703.13,22753.56,-6465.52,179.64,509.16,-6285.88,-5776.72,,,,,
9921,1801.01,4434.46,5227.77,516.28,256.6,-179.74,-3917.02,-32007.72,1694.41,22623.94,-6431.76,179.31,449.98,-6252.46,-5802.47,,,,,
9931,1764.27,4494.69,5233.06,531.35,285.22,-200.68,-3928.65,-32035.72,1751.67,22720.54,-6447.8,181.95,615.75,-6265.85,-5650.1,,,,,
9941,1798.84,4359.2,5220.31,503.95,267.14,-185.98,-3919.66,-31993.7,1755.74,22716.38,-6487.24,182.42,522.23,-6304.82,-5782.6,,,,,
9951,1788.86,4367.94,5210.25,488.81,276.56,-181.36,-3869.86,-32072.66,1733.99,22679.66,-6455.2,179.14,422.2,-6276.06,-5853.85,,,,,
9961,1826.39,4448.69,5219.16,513.43,289.77,-156.18,-3963.41,-31968.29,1768,22595.33,-6453.61,177.92,572.88,-6275.68,-5702.8,,,,,
9971,1782.75,4410.68,5214.21,489.92,281.88,-224.71,-3959.13,-31865.58,1687.58,22615.86,-6521.58,180.52,433.46,-6341.05,-5907.59,,,,,
9981,1766.28,4533.73,5245.43,508.78,286.01,-182.52,-3959.26,-31970.82,1729,22554.9,-6449.97,179.88,511.54,-6270.1,-5758.56,,,,,
9991,1796.05,4449.43,5298.89,508.23,279.53,-212.52,-3927.42,-32175.77,1729.98,22649.2,-6293.76,177.82,395.61,-6115.94,-5720.33,,,,,
10001,1824.35,4457.13,5243.14,494.28,283.99,-211.73,-3915.38,-31949.02,1735.88,22640.24,-6485.62,184.77,602.88,-6300.85,-5697.97,,,,,
,,,,,,,,,,,,,,,,,,,,
Receptor Energy Terms,,,,,,,,,,,,,,,,,,,,
Frame #,BOND,ANGLE,DIHED,UB,IMP,CMAP,VDWAALS,EEL,1-4 VDW,1-4 EEL,EGB,ESURF,GGAS,GSOLV,TOTAL,,,,,
1,1749.86,4241.3,5398.81,507.72,292.28,-174.98,-3900.24,-32235.88,1739.8,22497.99,-5976.48,162.95,116.66,-5813.53,-5696.87,,,,,
11,1724.55,4259.72,5268.6,497.53,291.37,-167.94,-3781.51,-32159.74,1701.9,22698.11,-6365.98,184.32,332.59,-6181.66,-5849.07,,,,,
21,1789.04,4257.91,5291.9,510.04,257.57,-184.15,-3857.65,-31946.42,1713.34,22507.03,-6370,182.09,338.61,-6187.9,-5849.29,,,,,
31,1775.26,4200.36,5272.21,519.39,274.94,-197.94,-3825.03,-32103.93,1742.48,22813.92,-6401.29,184.12,471.65,-6217.17,-5745.51,,,,,
41,1811.49,4258.53,5234.67,509.63,251.97,-200.99,-3866.62,-31756.58,1728.1,22716.67,-6646.48,182.07,686.88,-6464.41,-5777.53,,,,,
51,1785.73,4249.78,5242.39,513.04,270.24,-174.68,-3865.21,-31928.91,1752.13,22709.13,-6570.99,186.52,553.63,-6384.47,-5830.84,,,,,
61,1772.04,4178.83,5250.79,500.99,265.81,-164.44,-3855.06,-31906.45,1745.61,22681.79,-6507.55,183.68,469.9,-6323.87,-5853.98,,,,,
71,1774.08,4153.09,5215.53,499.67,296.13,-152.07,-3873.9,-32026.66,1733.15,22669.06,-6404.08,183.95,288.06,-6220.14,-5932.07,,,,,
81,1808.78,4190.42,5259.9,516.32,263.6,-189.11,-3851.04,-32017.2,1735.74,22674.94,-6388.45,183.31,392.35,-6205.14,-5812.79,,,,,
91,1763.11,4282.66,5262.82,505.98,272.12,-205.7,-3827.73,-31854.5,1725.08,22510.05,-6539.65,183.21,433.89,-6356.44,-5922.55,,,,,
101,1774.38,4190.97,5228.77,504.11,274.2,-176.89,-3838.45,-31863.3,1722.31,22598.13,-6527.49,184.33,414.22,-6343.15,-5928.93,,,,,
111,1781.68,4229.41,5284.39,501.7,275.6,-187.94,-3804.72,-32235.79,1707.11,22727.58,-6271.13,182.21,279.02,-6088.91,-5809.89,,,,,
121,1845.17,4333.5,5285.51,524.25,279.97,-192.76,-3879.91,-31726.34,1666.5,22570.48,-6624.95,184.78,706.38,-6440.17,-5733.79,,,,,
131,1807.2,4259.8,5269.75,524.05,270.32,-194.47,-3856.4,-31759.42,1715.84,22639.97,-6664.06,185.62,676.65,-6478.44,-5801.79,,,,,
141,1846.8,4237.58,5244.48,521.93,288.32,-214.82,-3856.74,-31714.03,1721.92,22616.29,-6665.99,184.88,691.73,-6481.12,-5789.39,,,,,
151,1755.33,4178.14,5217.06,510.83,265.77,-173.62,-3825.24,-31837.03,1712.49,22684.47,-6596.23,188.03,488.19,-6408.2,-5920.01,,,,,
161,1862.83,4241.84,5249.28,503.37,284.3,-203.84,-3804.89,-31551.37,1711.07,22529.28,-6754.38,185.43,821.88,-6568.95,-5747.07,,,,,
171,1852.68,4253.1,5199.3,498.07,266.3,-198.41,-3797.86,-31571.39,1693.75,22545.04,-6759.06,186.51,740.56,-6572.55,-5831.98,,,,,
181,1880.79,4219.14,5224.67,511.26,262.49,-171.96,-3839.65,-31708.2,1698.7,22516.43,-6592.45,187.81,593.68,-6404.64,-5810.96,,,,,
191,1698.59,4245.13,5192.02,511.48,296.82,-181.94,-3859.01,-31696.59,1742.3,22625.87,-6677.74,185.63,574.67,-6492.11,-5917.44,,,,,
201,1833.52,4108.31,5220.37,490.03,291.33,-196.74,-3892.79,-31765.04,1675.46,22726.38,-6634.54,183.56,490.83,-6450.98,-5960.16,,,,,
211,1784.97,4187.83,5242.52,514.32,280.69,-190.36,-3817.25,-31768.35,1724.31,22651.2,-6598.21,184.66,609.88,-6413.56,-5803.68,,,,,
221,1767.29,4194.68,5246.04,505.24,281.89,-213,-3850.01,-31840,1717.11,22587.15,-6558.35,178.98,396.38,-6379.37,-5982.98,,,,,
231,1824.49,4185.89,5195.59,501.31,298.32,-160.19,-3848.57,-32014.42,1729.49,22732.2,-6443.92,181.6,444.1,-6262.32,-5818.22,,,,,
241,1824.51,4252.53,5217.92,533.61,275.83,-178.25,-3804.62,-31995.52,1752.35,22648.78,-6489.9,185.47,527.15,-6304.43,-5777.28,,,,,
251,1822.86,4222.3,5239.51,504.84,258.19,-194.35,-3817.73,-32144.77,1721.14,22695.96,-6367.59,182.98,307.95,-6184.61,-5876.66,,,,,
261,1804.14,4311.99,5225.55,505.45,301.98,-190.61,-3794.9,-32014.05,1692.16,22577.35,-6446.8,180.73,419.05,-6266.07,-5847.01,,,,,
271,1731.81,4216.23,5162.93,517.91,261.46,-196.17,-3846.07,-31786.35,1755.38,22766.13,-6670.24,184.12,583.24,-6486.12,-5902.88,,,,,
281,1831.99,4304.41,5195.09,510.63,281.69,-190.18,-3844.27,-32005.15,1721.37,22687.75,-6467.6,185.62,493.33,-6281.98,-5788.64,,,,,
291,1800.87,4155.19,5251.05,501.94,274.23,-181.72,-3811.99,-32082.43,1715.11,22717.91,-6468.9,185.29,340.17,-6283.62,-5943.45,,,,,
301,1825.06,4214.78,5194.11,498.73,266.06,-176.35,-3830.52,-32009.57,1701.57,22703.92,-6490.08,186.93,387.8,-6303.15,-5915.35,,,,,
311,1803.19,4215.49,5223.44,526,291.7,-199.6,-3794.43,-31963.51,1700.42,22629.89,-6495.89,187.98,432.6,-6307.91,-5875.31,,,,,
321,1749.44,4182.06,5256.04,504.23,268.42,-172.06,-3823.99,-32046.5,1716.69,22719.83,-6462.87,186.38,354.15,-6276.49,-5922.33,,,,,
331,1838.22,4204.91,5228.88,500.79,266.4,-166.05,-3809.41,-31921.64,1697.58,22626.57,-6525.25,186.52,466.26,-6338.73,-5872.47,,,,,
341,1756.07,4219.21,5252.73,510.99,265.42,-189.21,-3877.27,-32052.19,1726.88,22716.46,-6403.13,185.11,329.11,-6218.03,-5888.92,,,,,
351,1867.41,4218.91,5235.98,507.91,265.99,-188.44,-3897.19,-31925.46,1671.54,22638.98,-6501.71,184.44,395.62,-6317.27,-5921.65,,,,,
361,1810.16,4311.99,5223.05,513.63,289.38,-194.41,-3872.11,-32012.61,1691.65,22588.39,-6445.43,185.93,349.12,-6259.51,-5910.38,,,,,
371,1773.15,4161.25,5223.08,506.45,270.2,-172.21,-3870.48,-31987.28,1721.52,22684.86,-6465.33,181.54,310.55,-6283.78,-5973.24,,,,,
381,1847.78,4241.86,5271.46,526.12,278.75,-172.03,-3868.22,-32033.1,1718.34,22735.11,-6478.45,182.85,546.06,-6295.6,-5749.54,,,,,
391,1767.98,4188.48,5251.68,520.54,274.1,-197.12,-3866.9,-31918.34,1745.65,22752.08,-6563.2,184.45,518.16,-6378.75,-5860.58,,,,,
401,1806.04,4153.71,5236.47,526.83,277.69,-187.85,-3854.14,-31837.86,1710.15,22704.42,-6599.7,182.91,535.46,-6416.8,-5881.34,,,,,
411,1818.54,4220.26,5213.44,498.68,272.87,-199.76,-3928.93,-31932.84,1688.48,22716.86,-6526.87,179.95,367.61,-6346.92,-5979.31,,,,,
421,1809.45,4147.74,5210.64,493.3,274.1,-205.26,-3867.62,-32150.01,1711,22744.22,-6378.55,181.1,167.56,-6197.44,-6029.88,,,,,
431,1814.33,4162.27,5224.38,515.05,291.8,-181.36,-3887.63,-32009.86,1721.42,22706.91,-6439.96,179.58,357.31,-6260.38,-5903.07,,,,,
441,1794.28,4183.53,5227.08,513.63,285.62,-169.65,-3888.64,-32084.48,1691.21,22732.36,-6445.27,183.81,284.94,-6261.47,-5976.53,,,,,
451,1820.3,4188.72,5205.3,522.31,287.58,-169.76,-3900.35,-31928.35,1724.78,22757.97,-6542.69,183.02,508.49,-6359.67,-5851.18,,,,,
461,1773.58,4230.91,5234.29,516.26,275.93,-169.79,-3864.96,-31748.2,1720.09,22647.55,-6611.22,182.91,615.65,-6428.31,-5812.66,,,,,
471,1756.71,4189.1,5220.52,499.76,261.87,-149.12,-3873.02,-31993.48,1758.56,22632.39,-6441.35,179.98,303.29,-6261.37,-5958.09,,,,,
481,1787.04,4173.75,5201.33,505.84,287.2,-161.89,-3916.87,-31977.27,1752.86,22745.43,-6471.13,181.7,397.42,-6289.43,-5892.01,,,,,
491,1802.17,4132.7,5263.38,494.25,285.02,-173.48,-3890.38,-31819.65,1745.84,22705.24,-6635.28,183.68,545.1,-6451.6,-5906.51,,,,,
501,1813.52,4204.97,5209.6,514.36,279.78,-167.53,-3825.84,-31968.45,1706.35,22716.16,-6515.18,182.38,482.92,-6332.79,-5849.88,,,,,
511,1755.82,4163.71,5197.55,497.41,261.84,-194.82,-3888.94,-31988.26,1740.34,22680.72,-6439.78,181.11,225.37,-6258.67,-6033.29,,,,,
521,1840.27,4214.17,5204.87,505.75,271.21,-193.59,-3886.6,-32021.64,1699.03,22677.24,-6402.99,180.25,310.71,-6222.74,-5912.03,,,,,
531,1808.98,4220.5,5220.26,496.78,263.04,-153.85,-3856.85,-32019,1731,22630.97,-6417.04,180.42,341.82,-6236.62,-5894.8,,,,,
541,1720.13,4285.02,5198.69,529.95,276.3,-168.49,-3878.87,-32020,1741.52,22638.4,-6380.1,178.8,322.65,-6201.3,-5878.65,,,,,
551,1770.41,4137.92,5207.81,510.42,274.51,-149.56,-3892.49,-32009.87,1700.62,22701.82,-6434.36,183.38,251.58,-6250.98,-5999.4,,,,,
561,1779.72,4161.05,5220.85,506.63,285.12,-161.94,-3861.22,-31989.96,1719.68,22670.35,-6412.67,182.48,330.28,-6230.19,-5899.91,,,,,
571,1815.15,4240.47,5202.24,523.34,285.19,-198.23,-3887.34,-31991.16,1682.99,22684.32,-6476.14,184.74,356.99,-6291.4,-5934.41,,,,,
581,1761.92,4150.03,5248.7,498.69,291.01,-162.97,-3861.16,-32111.36,1729.58,22707.57,-6362.26,185.37,252.01,-6176.89,-5924.88,,,,,
591,1874.8,4092.82,5172.59,500.87,267.52,-169.62,-3849.43,-31951.63,1710.07,22735.09,-6551.2,183.95,383.07,-6367.25,-5984.18,,,,,
601,1769.43,4234.52,5203.5,520.65,259.6,-190.85,-3858.52,-31865.73,1705.7,22634.21,-6543.27,184.63,412.51,-6358.63,-5946.13,,,,,
611,1744.41,4168.23,5236.96,500.68,285.83,-177.64,-3927.85,-31765.35,1705.24,22798.28,-6670.14,183.63,568.8,-6486.52,-5917.72,,,,,
621,1820.43,4235.08,5224.73,519.91,287.06,-172.22,-3897.52,-31933.51,1697.72,22665.27,-6488.22,183.52,446.96,-6304.69,-5857.73,,,,,
631,1785.27,4213.43,5239.98,502.35,277.51,-169.88,-3877.97,-31826.79,1722.09,22681.73,-6570.7,184.47,547.73,-6386.23,-5838.51,,,,,
641,1778.08,4234.72,5206.73,514.52,276.34,-160.76,-3884.03,-31978.36,1693.48,22688.98,-6432.76,183.1,369.7,-6249.66,-5879.96,,,,,
651,1830.86,4201.77,5237.83,514.39,276.33,-184.5,-3898.62,-31960.42,1703.13,22747.34,-6513.72,187.57,468.1,-6326.15,-5858.05,,,,,
661,1785.58,4079.8,5219.31,495.49,261.1,-205.69,-3884.58,-32094.64,1720.39,22789.22,-6419.26,182.66,165.97,-6236.6,-6070.63,,,,,
671,1851.86,4156.96,5207.22,507.6,272.01,-189.33,-3823,-31887.92,1733.62,22669.88,-6506.74,183.45,498.91,-6323.29,-5824.38,,,,,
681,1856.29,4170.53,5226.88,536.59,287,-194.97,-3877.79,-31878.14,1702.99,22578.98,-6527.8,186.11,408.36,-6341.7,-5933.34,,,,,
691,1747.09,4226.88,5225.03,514.77,299.8,-182.69,-3874.45,-31789.7,1705.89,22693.53,-6651.89,183.98,566.14,-6467.91,-5901.77,,,,,
701,1749.89,4172.69,5201.43,510.41,273.83,-201.52,-3869.05,-31853.66,1718.8,22710.7,-6520.33,186.23,413.52,-6334.1,-5920.59,,,,,
711,1821.38,4181.82,5181.54,497.11,279.57,-193.24,-3849.33,-31816.34,1691.42,22585.87,-6540.54,186.71,379.8,-6353.82,-5974.02,,,,,
721,1845.15,4200.4,5218.06,507.4,281.11,-189.09,-3914.79,-31945.48,1756.75,22691.17,-6515.12,180.36,450.68,-6334.76,-5884.08,,,,,
731,1886,4100.09,5261.84,503.22,265.55,-212.74,-3861.88,-31831.35,1705.89,22711.92,-6621.2,183.25,528.55,-6437.95,-5909.4,,,,,
741,1753.87,4292.71,5214.81,523.16,296.62,-188.46,-3874.87,-31944.09,1721.87,22615.66,-6475.37,180.65,411.27,-6294.72,-5883.45,,,,,
751,1797.61,4120.74,5232.16,519.27,267.35,-171.11,-3880.25,-31930.53,1739.2,22614.4,-6481.93,178.82,308.84,-6303.12,-5994.28,,,,,
761,1784.72,4212.58,5255.8,513.36,274.48,-197.06,-3881.19,-31825.17,1683.93,22656.69,-6584.73,183.66,478.15,-6401.08,-5922.92,,,,,
771,1806.88,4117.29,5229.11,506.3,270.59,-199.92,-3868.53,-31813.72,1745.93,22637.18,-6543.33,182.04,431.12,-6361.28,-5930.16,,,,,
781,1794.74,4145.9,5184.35,509.17,275.77,-195.58,-3852.8,-31722.98,1731.88,22621.91,-6665.77,187.25,492.36,-6478.52,-5986.16,,,,,
791,1821.84,4225.22,5199.75,510.14,290.59,-218.92,-3878.22,-32074.41,1711.21,22688.68,-6392.14,181.99,275.88,-6210.15,-5934.27,,,,,
801,1786.3,4184.04,5212.91,493.38,284.67,-193.83,-3905.04,-31935.88,1706.32,22729.46,-6505.93,184.69,362.33,-6321.24,-5958.91,,,,,
811,1753.89,4174.58,5171.87,505.05,281.95,-204.01,-3804.81,-31972.44,1749.6,22583.53,-6424.28,184.16,239.21,-6240.12,-6000.91,,,,,
821,1802.7,4182.74,5259.59,509.12,282.61,-215.39,-3826.87,-31953.04,1718.59,22504.44,-6407.25,185.1,264.5,-6222.15,-5957.65,,,,,
831,1818.89,4210.87,5250.4,503.13,257.18,-208.42,-3875.96,-32080.41,1699.59,22576.21,-6306.47,181.33,151.49,-6125.14,-5973.65,,,,,
841,1892.11,4195.95,5199,512.54,271.7,-206,-3914.8,-31841.29,1707.45,22593.33,-6526.01,182.53,409.99,-6343.48,-5933.49,,,,,
851,1779.84,4262.53,5261.06,512.64,280.93,-200.7,-3832.49,-31815.42,1711.6,22523.61,-6524.7,185.37,483.61,-6339.33,-5855.73,,,,,
861,1831.21,4251.49,5190.89,530.76,253.37,-161.78,-3865.81,-31814.17,1710.7,22586.97,-6547.17,184.79,513.64,-6362.38,-5848.74,,,,,
871,1797.77,4123.08,5210.39,507.74,269.85,-193,-3846.02,-31909.57,1718.46,22686.12,-6560.55,180.2,364.82,-6380.35,-6015.54,,,,,
881,1807.27,4334.94,5210.31,517.49,267.71,-182.17,-3840.77,-31856.86,1688.96,22538.24,-6569.37,184.05,485.11,-6385.31,-5900.2,,,,,
891,1825.72,4199.35,5232.17,505.62,289.82,-180.55,-3871.85,-31798.24,1677.15,22579.44,-6587.77,183.94,458.63,-6403.83,-5945.2,,,,,
901,1835.99,4250.01,5230.97,519.54,261.77,-184.24,-3854.68,-31837.08,1715.48,22605.21,-6586.23,183.3,542.97,-6402.93,-5859.96,,,,,
911,1808.65,4140.06,5247.66,499.07,281.82,-202.79,-3887.1,-31946.19,1721.33,22694.95,-6508.96,183.95,357.46,-6325.01,-5967.55,,,,,
921,1796.79,4152.77,5241.08,501.09,276.96,-182.37,-3889.16,-31813.58,1721.92,22629.45,-6601,181.29,434.97,-6419.72,-5984.75,,,,,
931,1826.26,4123.74,5187.54,492.82,251.76,-173.27,-3841.41,-31925.21,1721.89,22495.68,-6454.69,181.54,159.81,-6273.15,-6113.34,,,,,
941,1719.63,4156.94,5203.75,503.07,262.3,-184.73,-3899.69,-31757.79,1700.14,22596.61,-6620.89,180.5,300.24,-6440.39,-6140.16,,,,,
951,1794.35,4219.75,5194.04,500.67,285.12,-174.77,-3916.67,-31872.71,1684.18,22600.64,-6507.48,178.52,314.6,-6328.96,-6014.36,,,,,
961,1792.36,4104.28,5223.03,506.04,291.8,-189.01,-3883.23,-31915.77,1759.39,22687.95,-6533.15,180.27,376.84,-6352.88,-5976.03,,,,,
971,1863.87,4088.52,5209.78,525.85,280.34,-172.73,-3888.09,-31711.87,1700.27,22551.69,-6615.07,179.99,447.64,-6435.09,-5987.45,,,,,
981,1803.28,4259.36,5258.72,516.74,281.03,-186.63,-3864.52,-31755.38,1677.43,22538.71,-6596.55,177.75,528.73,-6418.8,-5890.07,,,,,
991,1825.38,4148.03,5218.84,508.3,286.45,-148.21,-3889.07,-31965.75,1716.91,22669.05,-6519.94,178.78,369.92,-6341.15,-5971.24,,,,,
1001,1813.73,4176.88,5228.49,508.84,277.53,-159.76,-3845.01,-31805.07,1711.09,22564.13,-6574.45,176.7,470.87,-6397.75,-5926.87,,,,,
1011,1901.07,4126.19,5205.99,506.91,280.31,-181.64,-3871.79,-31737.68,1754.04,22532.35,-6637.18,179.72,515.76,-6457.46,-5941.7,,,,,
1021,1851.31,4203.86,5210.18,517.55,278.61,-182.68,-3905.63,-31778.57,1732.16,22528.91,-6561.34,178.98,455.7,-6382.36,-5926.66,,,,,
1031,1815.74,4339.7,5189.72,551.09,280.67,-184.49,-3862.85,-31723.15,1738.4,22504.04,-6626.54,182.92,648.85,-6443.63,-5794.77,,,,,
1041,1783.03,4215.44,5221.21,511.95,293.49,-180.7,-3880.79,-31600.45,1703.71,22619.59,-6791.39,188.13,686.5,-6603.26,-5916.76,,,,,
1051,1822.29,4223.18,5214.06,501.89,281.45,-180.83,-3852.72,-31670.73,1727.25,22540.1,-6658.94,185.64,605.93,-6473.3,-5867.38,,,,,
1061,1799.73,4203.61,5249.48,509.9,275.17,-203.98,-3892.9,-31569.33,1680.1,22578.32,-6772.42,183.45,630.11,-6588.97,-5958.86,,,,,
1071,1770.22,4090.29,5237.02,503.9,274.86,-196.25,-3856.89,-31710.97,1715.41,22718.6,-6706.19,184.7,546.18,-6521.48,-5975.31,,,,,
1081,1756.9,4179.73,5197.13,482.77,285.25,-157.47,-3856,-31771.7,1713.44,22592.38,-6600.02,186.91,422.44,-6413.11,-5990.67,,,,,
1091,1854.45,4262.17,5177.4,530.2,274.78,-174.76,-3903.13,-31602.69,1714.1,22598.41,-6781.37,182.72,730.94,-6598.65,-5867.71,,,,,
1101,1749.53,4203.44,5202.59,509.36,268.11,-176.54,-3886.99,-31832.81,1721.62,22776.84,-6669.52,183.21,535.14,-6486.31,-5951.17,,,,,
1111,1782.96,4190.27,5194.39,504.54,267.12,-166.24,-3875.87,-31683.32,1720.96,22628.94,-6732.18,182.86,563.74,-6549.32,-5985.58,,,,,
1121,1814.06,4141.97,5214.1,490.75,320.81,-180.12,-3841.71,-31820.84,1722.39,22728.61,-6684.37,182.36,590.04,-6502.01,-5911.97,,,,,
1131,1750.59,4131.36,5244.08,501.83,284.44,-178.9,-3867.55,-31833.51,1734.61,22760.53,-6654.69,182.84,527.46,-6471.85,-5944.39,,,,,
1141,1809.35,4225.78,5248.94,507.93,251.79,-194.3,-3879.06,-31825.68,1756.09,22682.31,-6631.68,180.89,583.16,-6450.79,-5867.63,,,,,
1151,1764.58,4233.38,5235.13,509.26,261.3,-162.87,-3849.24,-31858.26,1750.14,22730.88,-6611.72,186.47,614.31,-6425.25,-5810.95,,,,,
1161,1824.74,4270.96,5204.31,511.62,266.95,-203.23,-3851.29,-31760.02,1713.03,22593.68,-6581.74,184.01,570.75,-6397.74,-5826.99,,,,,
1171,1796.52,4174.42,5238.65,514.66,283.27,-168.89,-3829.45,-31892.57,1729.62,22710.84,-6616.9,182.67,557.06,-6434.23,-5877.17,,,,,
1181,1780.56,4161.3,5189.35,493.53,272.56,-196.47,-3874.75,-31922.11,1718.76,22811.96,-6632.99,188.19,434.7,-6444.81,-6010.11,,,,,
1191,1869.95,4244.62,5226.17,503.36,302.26,-206.16,-3825.03,-31716.91,1732.39,22644.84,-6710.16,190.06,775.48,-6520.1,-5744.62,,,,,
1201,1828.6,4107.46,5196.31,502.32,291.9,-161.49,-3844.45,-31761.35,1700.97,22644.22,-6645.86,182.07,504.48,-6463.79,-5959.31,,,,,
1211,1859.68,4224.25,5169.09,523,264.19,-173.86,-3916.04,-31535.53,1709.34,22619.15,-6815.31,185.45,743.26,-6629.86,-5886.59,,,,,
1221,1761.95,4209.12,5151.78,510.46,265.08,-156.7,-3914.62,-31799.1,1721.1,22638.33,-6642.78,185.67,387.42,-6457.11,-6069.7,,,,,
1231,1794.3,4067.92,5208.97,498.17,260.16,-159.72,-3875.17,-31768.13,1711.71,22692.56,-6696.11,186.82,430.77,-6509.29,-6078.52,,,,,
1241,1768.43,4265.01,5150.37,506.9,277.9,-163.79,-3866.27,-31779.71,1717.74,22751.73,-6733.61,187.17,628.31,-6546.45,-5918.14,,,,,
1251,1797.23,4166.98,5178.3,519.57,287.34,-158.38,-3894.27,-31851.14,1734.2,22626.88,-6545.54,182.45,406.71,-6363.09,-5956.38,,,,,
1261,1835.1,4183.33,5191.99,507.82,271.31,-174.71,-3829.15,-31774.16,1696.05,22653.33,-6690.21,185.23,560.9,-6504.98,-5944.08,,,,,
1271,1815.63,4210.52,5209.45,520.89,270.71,-163.9,-3902.66,-31565.81,1725.6,22561.7,-6777.76,189.02,682.11,-6588.74,-5906.63,,,,,
1281,1768.76,4194.44,5199.27,487.7,271.88,-181.45,-3870.44,-31689.37,1720.14,22722.46,-6757.14,186,623.38,-6571.14,-5947.76,,,,,
1291,1813.52,4194.45,5180.82,507.47,288.23,-140.01,-3870.24,-31710.02,1765.82,22677.37,-6711.53,185.3,707.41,-6526.22,-5818.82,,,,,
1301,1747.11,4153.58,5207.28,504.46,292.24,-180.33,-3853.62,-31942.13,1730.4,22729.24,-6571.85,182.28,388.25,-6389.57,-6001.32,,,,,
1311,1808.25,4201.58,5198.5,495.07,278.39,-160.34,-3851.57,-31923.24,1726.55,22693.91,-6612.12,184.81,467.1,-6427.31,-5960.21,,,,,
1321,1794.36,4158.14,5219.85,512.05,280.28,-172.88,-3894.91,-31711.85,1729.29,22700.74,-6742.49,186.03,615.07,-6556.46,-5941.39,,,,,
1331,1788.65,4205.2,5120.16,524.46,269.3,-166.47,-3860.14,-31875.48,1715.01,22700.34,-6605.78,183.47,421.05,-6422.31,-6001.26,,,,,
1341,1841.6,4183.39,5219.95,490.18,284.78,-147.75,-3811.39,-31945.34,1671.61,22756.87,-6588.59,186.98,543.88,-6401.61,-5857.73,,,,,
1351,1875.17,4153.15,5209.77,510.79,283.1,-193.22,-3841.23,-31841.38,1723.48,22670.13,-6615.37,184.52,549.78,-6430.85,-5881.07,,,,,
1361,1767.41,4194.48,5209.89,507.33,274.61,-204.18,-3867.83,-32095.06,1717.99,22683.75,-6371.87,181.11,188.38,-6190.76,-6002.38,,,,,
1371,1902.19,4162.55,5256.4,490.97,289.45,-165.71,-3887.08,-32089.46,1693.31,22748.17,-6424.17,180.04,400.79,-6244.13,-5843.34,,,,,
1381,1800.73,4242.47,5222.46,505.43,273.24,-173.1,-3931.42,-31805,1734.27,22698.45,-6576.78,180.65,567.52,-6396.13,-5828.6,,,,,
1391,1868.81,4143.64,5206.67,507.81,279.12,-176.13,-3911.09,-31969.28,1728.07,22688.23,-6508.53,180.71,365.84,-6327.82,-5961.97,,,,,
1401,1793.46,4237.62,5178.56,513.55,270.08,-178.69,-3912.13,-31813.74,1699.28,22615.38,-6563.22,182.76,403.36,-6380.46,-5977.11,,,,,
1411,1798.34,4232.16,5197.53,524.73,271.3,-196.89,-3898.15,-31854.64,1725.61,22671.32,-6534.48,180.84,471.3,-6353.64,-5882.34,,,,,
1421,1723.29,4308.77,5180.4,503.47,275.62,-207.44,-3913.28,-31727.84,1760.61,22580.23,-6597.45,182.41,483.83,-6415.04,-5931.21,,,,,
1431,1787.54,4176.45,5208.89,492.3,266.15,-184.99,-3868.35,-31789.53,1724.81,22664.48,-6641.64,183.79,477.75,-6457.85,-5980.09,,,,,
1441,1789.41,4264.7,5188.22,518.32,290.92,-175.32,-3849.23,-31843.88,1741.29,22617.87,-6587.64,185.15,542.3,-6402.5,-5860.2,,,,,
1451,1755.03,4165.48,5193.84,503.8,288.12,-172.48,-3835.08,-31912.93,1755.91,22616.31,-6511.38,183.44,358,-6327.94,-5969.93,,,,,
1461,1780.84,4169.43,5184.82,507.75,273.84,-173.94,-3858.09,-31772.2,1730.22,22658.55,-6680.24,188.38,501.21,-6491.86,-5990.65,,,,,
1471,1778.69,4184.78,5190.14,504.67,286.26,-179.74,-3863.12,-31697.4,1703.04,22621.96,-6715.78,188,529.26,-6527.78,-5998.52,,,,,
1481,1811.64,4251.88,5190.85,498.65,285.3,-193.45,-3885.07,-31492.54,1703.15,22628.3,-6835.06,188.2,798.73,-6646.86,-5848.14,,,,,
1491,1798.24,4144.8,5247.53,500.88,270.36,-221.18,-3857.48,-31830.05,1718.51,22655.08,-6591.41,178.96,426.69,-6412.45,-5985.77,,,,,
1501,1756.18,4135.25,5161.57,501.78,273.83,-189.03,-3871.56,-31737.23,1715.28,22743.72,-6727.33,186.94,489.79,-6540.38,-6050.6,,,,,
1511,1786.53,4334.28,5208.12,522.22,260.93,-204.67,-3889.71,-31458.71,1732.52,22513.84,-6781.12,185.39,805.35,-6595.72,-5790.38,,,,,
1521,1804.47,4191.24,5194.94,515.69,269.08,-193.01,-3856.49,-31681.18,1711.03,22651.23,-6741.17,185.06,606.98,-6556.11,-5949.13,,,,,
1531,1803.95,4216.07,5206.02,514.31,272.86,-193.97,-3827.19,-31760.15,1756.43,22552.07,-6637.07,182.64,540.4,-6454.43,-5914.03,,,,,
1541,1837.14,4116.02,5213.55,506.9,282.92,-185.46,-3874.52,-31779.61,1718.03,22688.48,-6659.58,186.66,523.44,-6472.92,-5949.48,,,,,
1551,1847.31,4148.09,5224.1,497.1,266.22,-191.89,-3891.87,-31798.96,1684.28,22618.66,-6591.29,186.13,403.03,-6405.16,-6002.13,,,,,
1561,1750.18,4155.45,5191.43,520.57,288.68,-182.63,-3859.03,-31827.43,1730.37,22686.33,-6629.04,181.48,453.9,-6447.56,-5993.66,,,,,
1571,1751.53,4191.76,5181.51,505.94,282.52,-200.42,-3910.39,-31912.16,1743.02,22658.1,-6545.16,182.88,291.41,-6362.28,-6070.87,,,,,
1581,1764.15,4202.21,5259.92,527.07,274.16,-212.35,-3872.23,-31912.14,1760.06,22650.14,-6524.41,185.2,440.96,-6339.21,-5898.25,,,,,
1591,1852.47,4167.66,5197.52,516.83,269,-152.19,-3874.14,-31823.72,1720.64,22692.92,-6664.57,190.39,567,-6474.18,-5907.19,,,,,
1601,1842.11,4236.24,5223.92,510.14,277.25,-198.03,-3822.41,-31996.56,1720.54,22607.74,-6459.67,186.08,400.93,-6273.58,-5872.65,,,,,
1611,1807.58,4188.78,5199.6,509.68,282.72,-179.24,-3859.58,-31825.79,1722.99,22669.11,-6624.56,184.11,515.86,-6440.45,-5924.59,,,,,
1621,1861.36,4162.49,5233.01,520.17,284.59,-186.17,-3880.67,-31804.07,1721.54,22594.64,-6612.98,181.35,506.88,-6431.63,-5924.75,,,,,
1631,1797.08,4179.85,5195.16,493.31,298.51,-199.26,-3875.15,-31691.82,1697.68,22694.04,-6726.8,182.84,589.4,-6543.96,-5954.56,,,,,
1641,1765.34,4155.56,5187.75,523.78,263.47,-178.37,-3861.82,-31492.26,1756.63,22579.88,-6873.49,184.64,699.96,-6688.85,-5988.89,,,,,
1651,1885.46,4139.46,5169.74,509.22,278.03,-197.79,-3831.31,-31536.78,1721.58,22680.15,-6860.82,189.77,817.77,-6671.05,-5853.28,,,,,
1661,1714.71,4180.96,5191.51,506.82,285.71,-188.02,-3881.35,-31618.53,1750.18,22862.98,-6902.82,188.12,804.96,-6714.7,-5909.74,,,,,
1671,1756.51,4229.93,5186.67,504.12,272.47,-182.69,-3803.29,-31470.54,1724.97,22562.93,-6862.28,190.84,781.08,-6671.44,-5890.37,,,,,
1681,1738.62,4230.09,5238.14,506.27,275.65,-184.03,-3914.69,-31505.29,1733.42,22624.84,-6818.42,182.01,743.02,-6636.41,-5893.39,,,,,
1691,1802.69,4158.79,5193.26,508.78,281.84,-210.96,-3846.49,-31721.5,1702.63,22642.97,-6673.35,185.39,512.02,-6487.95,-5975.94,,,,,
1701,1818.19,4226.93,5222.76,522.85,299.4,-196.06,-3910.05,-31676.79,1738.09,22649.33,-6689.7,185.5,694.65,-6504.2,-5809.55,,,,,
1711,1800.93,4175.07,5215.35,503.48,278.14,-192.74,-3878.12,-31778.18,1760.55,22653.24,-6650.87,184.92,537.73,-6465.96,-5928.23,,,,,
1721,1788.23,4129.15,5196.45,514.81,272.34,-187.55,-3834.16,-31964.18,1720.87,22748.23,-6543.41,186.4,384.19,-6357.01,-5972.82,,,,,
1731,1840.12,4279.9,5203.64,527.81,275.68,-164.36,-3852,-31851.41,1715.55,22646.76,-6593.05,184.34,621.69,-6408.72,-5787.02,,,,,
1741,1781.93,4243.92,5225.2,515.72,268.77,-210.74,-3821.12,-31914.61,1735.7,22584.02,-6518.14,186.06,408.78,-6332.07,-5923.29,,,,,
1751,1816.45,4237.12,5209.98,514.89,294.7,-188.1,-3886.04,-31853.02,1709.78,22707.7,-6624.15,182.77,563.47,-6441.38,-5877.91,,,,,
1761,1791.3,4298.32,5202.31,529.28,267.05,-201.46,-3899.28,-31659,1724.29,22639.26,-6709.75,184.04,692.09,-6525.71,-5833.62,,,,,
1771,1795.26,4239.78,5181.07,513.59,287.43,-203.08,-3906.9,-31860.69,1731.61,22655.5,-6551.95,184.14,433.57,-6367.82,-5934.24,,,,,
1781,1850.14,4122.54,5185.75,508.35,298.08,-198.54,-3867.79,-31710.48,1728.12,22631.82,-6700.61,185.32,548,-6515.29,-5967.29,,,,,
1791,1803.52,4157.48,5191.22,489.34,279.12,-188.63,-3887.01,-31574.98,1698.84,22671.81,-6847.27,187.54,640.72,-6659.73,-6019.01,,,,,
1801,1781.09,4264.78,5201.63,519.27,301.38,-171.76,-3873.75,-31765.39,1724.58,22619.85,-6614.73,181.97,601.68,-6432.76,-5831.08,,,,,
1811,1818.56,4199.47,5153.89,513,247.16,-194.57,-3901.43,-31728.39,1738.52,22694.37,-6711.84,180.98,540.58,-6530.86,-5990.28,,,,,
1821,1821.03,4202.21,5177.27,517.8,284.12,-210.97,-3888.96,-31788.85,1737.64,22598.2,-6606.28,184.64,449.49,-6421.64,-5972.15,,,,,
1831,1791.76,4164.61,5180.71,490.58,269.87,-185.86,-3855.75,-31918.5,1735.2,22645.01,-6560.5,185.69,317.64,-6374.81,-6057.18,,,,,
1841,1819.77,4118.98,5162.85,505.28,288.85,-211.92,-3807.28,-32100.66,1732.3,22725.41,-6438.9,182.18,233.57,-6256.71,-6023.14,,,,,
1851,1760.02,4168.4,5228.26,497.46,256.05,-205.65,-3871.15,-32049.74,1730.87,22790.27,-6506.65,178.68,304.78,-6327.97,-6023.19,,,,,
1861,1820.53,4197.65,5186.95,522.68,273.52,-207.09,-3883.71,-31915.54,1708.02,22609.64,-6521.94,179.39,312.64,-6342.54,-6029.9,,,,,
1871,1778.12,4165.13,5174.72,499.1,271.41,-202.57,-3837.17,-32054.52,1722,22791.01,-6501.13,181.22,307.22,-6319.91,-6012.69,,,,,
1881,1783.73,4205.24,5193.56,493.86,270.5,-214.64,-3892.21,-31968.13,1762.51,22716.78,-6513.32,174.71,351.2,-6338.6,-5987.4,,,,,
1891,1770.92,4207.39,5174.87,518.61,277.51,-195.73,-3887.74,-31980.69,1717.04,22741.64,-6575.53,182.26,343.83,-6393.27,-6049.44,,,,,
1901,1814.51,4195.25,5250.67,509.68,269.19,-196.21,-3898.27,-31774.93,1722.74,22607.66,-6626.88,182.2,500.29,-6444.68,-5944.39,,,,,
1911,1807.86,4221.75,5223.55,514.57,289.9,-205.81,-3847.93,-31846.34,1740.64,22619.02,-6637.58,184.28,517.21,-6453.3,-5936.08,,,,,
1921,1799.23,4207.53,5220.4,503.28,278.1,-192.26,-3893.69,-31949.28,1759.26,22737.28,-6583.58,182.52,469.84,-6401.06,-5931.22,,,,,
1931,1833.86,4230.27,5205.9,503.28,265.39,-179.96,-3884.04,-31822.6,1706.92,22572.42,-6587.23,182.39,431.44,-6404.85,-5973.41,,,,,
1941,1835.94,4203.87,5174.7,515.27,260.86,-189.69,-3856.21,-31579.43,1695.52,22585.09,-6793.33,186.97,645.92,-6606.36,-5960.44,,,,,
1951,1880.28,4231.68,5177.05,510.74,259.62,-196.18,-3856.53,-31697.77,1712.7,22791.61,-6860.95,184.67,813.21,-6676.28,-5863.07,,,,,
1961,1759.39,4105.5,5198.3,481.52,264.55,-207.85,-3885.82,-31664.42,1714.07,22756.87,-6828.37,187.87,522.12,-6640.5,-6118.38,,,,,
1971,1803.91,4134.61,5210.56,520.14,274.22,-197.62,-3857.67,-31658.26,1722.64,22720.01,-6827.27,191.14,672.54,-6636.14,-5963.59,,,,,
1981,1744.85,4181.33,5186.26,497.79,283.88,-195.1,-3884.07,-31811.25,1746.75,22743.3,-6654.95,183.14,493.74,-6471.81,-5978.07,,,,,
1991,1836.79,4210.02,5192.97,522.83,252.43,-191.75,-3849.11,-31820.68,1732.32,22767.09,-6697.18,187.49,652.91,-6509.68,-5856.77,,,,,
2001,1814.92,4136.79,5190.55,489.43,264.45,-183.07,-3857.56,-31840.78,1710.12,22719.88,-6672.04,186.57,444.73,-6485.48,-6040.75,,,,,
2011,1796.32,4175.12,5195.73,507.1,282.82,-196.05,-3846.26,-31943.4,1759.27,22839.9,-6638.1,187.32,570.56,-6450.77,-5880.22,,,,,
2021,1779.48,4094.4,5213.52,493.67,293.94,-198.26,-3880.06,-31823.61,1747.37,22723.71,-6672.11,181.93,444.17,-6490.18,-6046.01,,,,,
2031,1819.87,4051.19,5197.1,486.37,269.74,-168.34,-3850.51,-31722.72,1695.89,22668.29,-6735.24,183.44,446.87,-6551.8,-6104.93,,,,,
2041,1741.13,4163.67,5202.8,497.2,269.75,-164.55,-3886.78,-31749.84,1741.37,22643.65,-6644.08,186.11,458.41,-6457.97,-5999.56,,,,,
2051,1756.57,4253.1,5165.5,501.32,258.04,-198.03,-3858.47,-31699.08,1716.96,22657.63,-6747.09,189.05,553.55,-6558.04,-6004.49,,,,,
2061,1782.24,4115.59,5201.68,499.67,279.7,-156.1,-3888.96,-31742.15,1731.47,22729.83,-6672.67,186.85,552.98,-6485.82,-5932.84,,,,,
2071,1855.35,4257.55,5156.3,503.4,276.33,-170.86,-3886.44,-31693.52,1720.17,22566.47,-6659.73,186.57,584.74,-6473.16,-5888.41,,,,,
2081,1793.82,4229.24,5180.23,505.24,280.74,-168.18,-3823.94,-31609.99,1689.35,22642.54,-6866.91,187.56,719.05,-6679.35,-5960.3,,,,,
2091,1729.48,4068.91,5182.48,504.74,282.41,-181.75,-3824.26,-31937.92,1738.03,22782.53,-6583.06,187.31,344.65,-6395.75,-6051.1,,,,,
2101,1779.14,4174.01,5194.25,494.15,252.51,-211.09,-3929.26,-31894.75,1682.41,22639.12,-6511.95,181.31,180.49,-6330.64,-6150.15,,,,,
2111,1777.96,4182.5,5203.65,512.7,268.84,-172.19,-3896.68,-31900.86,1740.59,22669.02,-6541.3,184.41,385.54,-6356.89,-5971.35,,,,,
2121,1754.07,4054.13,5237.87,488.65,294.04,-178.42,-3854.7,-31904.79,1765.45,22708.58,-6590.29,185.59,364.87,-6404.7,-6039.84,,,,,
2131,1862.48,4141.59,5212.19,515,266.33,-172.78,-3876.63,-31801.43,1763.1,22633.41,-6586.19,182.93,543.25,-6403.26,-5860.01,,,,,
2141,1780.79,4210.43,5192.98,521.18,286.5,-175.53,-3862.7,-31800.81,1772.31,22748.6,-6655.54,185.24,673.75,-6470.3,-5796.55,,,,,
2151,1835.85,4113.93,5190.84,515.13,297.82,-169.36,-3853.36,-31911.76,1696.51,22600.7,-6526.04,186.81,316.31,-6339.23,-6022.92,,,,,
2161,1826.7,4100.99,5193.23,522.2,257.21,-180.67,-3841.37,-32149.5,1729.46,22782.35,-6401.63,183.6,240.6,-6218.03,-5977.43,,,,,
2171,1817.72,4203.31,5157.79,509.96,258.09,-164.83,-3843.78,-31963.87,1745.21,22775.26,-6609.29,184.63,494.86,-6424.67,-5929.81,,,,,
2181,1840.73,4194.03,5216.06,511.01,276.75,-187.43,-3856.86,-31857.1,1739.46,22556.2,-6537.43,183,432.84,-6354.43,-5921.58,,,,,
2191,1773.23,4139.13,5176.92,502.77,275.27,-184.39,-3858.43,-31967.18,1730.46,22791.37,-6578.68,183.71,379.15,-6394.97,-6015.82,,,,,
2201,1768.94,4124.48,5207.4,506.19,291.29,-210.45,-3855.77,-31798.15,1730.1,22701.91,-6690.83,183.61,465.96,-6507.22,-6041.26,,,,,
2211,1805.55,4128.86,5213.08,512.99,257.15,-176.27,-3851.64,-31884.07,1697.81,22849.44,-6690.35,187.31,552.9,-6503.03,-5950.13,,,,,
2221,1772.56,4163.47,5212.69,501.84,282.93,-210.65,-3848.28,-31861.76,1698.75,22817.18,-6675.81,185.88,528.73,-6489.93,-5961.2,,,,,
2231,1840.61,4267.93,5220.2,506.42,285.93,-190.25,-3868.95,-31743.86,1719.82,22656.79,-6733.56,187.58,694.64,-6545.98,-5851.33,,,,,
2241,1757.1,4238.03,5194.89,493.52,259.01,-205.22,-3894.72,-31670.8,1732.85,22784.77,-6813.08,184.33,689.43,-6628.75,-5939.32,,,,,
2251,1770.72,4156.62,5197.42,506.26,293.19,-208.49,-3882.36,-31846.74,1766.19,22790.67,-6669.44,185.01,543.48,-6484.43,-5940.94,,,,,
2261,1813.36,4185.33,5173.33,493.9,273.96,-180.43,-3886.66,-31705.93,1736.16,22675.25,-6727.67,184.74,578.28,-6542.93,-5964.65,,,,,
2271,1739.12,4120.99,5172.32,505.62,263.95,-182.44,-3841.26,-31705.16,1744.51,22703.37,-6766.85,185.06,521.03,-6581.79,-6060.77,,,,,
2281,1809.73,4203.47,5149.89,511.21,269.18,-188.11,-3869.42,-31772,1682.63,22754.21,-6741.92,183.63,550.79,-6558.29,-6007.5,,,,,
2291,1780.45,4195.21,5159.76,525.59,272.69,-171.84,-3838.27,-31746.31,1752.91,22751.92,-6763.01,187.89,682.12,-6575.12,-5893,,,,,
2301,1764.75,4144.44,5241.86,495.52,282.7,-179.99,-3898.61,-31602.68,1702.47,22604.28,-6780.64,181.87,554.75,-6598.77,-6044.02,,,,,
2311,1887.17,4114,5222.91,512.02,275.51,-178.52,-3875.11,-31660.69,1716.26,22640.59,-6751.54,185.69,654.12,-6565.85,-5911.73,,,,,
2321,1820.31,4136.71,5186.01,519.07,269.45,-186.9,-3857.76,-31924.96,1737.36,22778.21,-6654.04,184.17,477.5,-6469.87,-5992.37,,,,,
2331,1786.12,4184.06,5201.42,495.04,269.94,-178.43,-3858.06,-31851.22,1733.55,22727.79,-6636.66,183.87,510.21,-6452.8,-5942.58,,,,,
2341,1791.07,4210.9,5169.92,490.33,265.34,-177.06,-3899.21,-31821.06,1730.37,22675.84,-6627.98,184.17,436.45,-6443.81,-6007.36,,,,,
2351,1830.08,4177.28,5211.57,501.1,263.52,-181.05,-3883.33,-31689.55,1713.86,22716.98,-6799.89,187.29,660.45,-6612.6,-5952.15,,,,,
2361,1871.03,4168.43,5203.19,502.2,283.54,-203.36,-3900.83,-31761.29,1704.67,22663.5,-6674.18,184.16,531.1,-6490.02,-5958.92,,,,,
2371,1819.2,4263.44,5169.55,492.7,274.26,-179.43,-3861.14,-31895.81,1719.53,22636.9,-6565.08,182.8,439.19,-6382.28,-5943.09,,,,,
2381,1818.44,4106.92,5202.26,502.9,279.71,-210.09,-3891.13,-31733.87,1741.27,22725.46,-6718.62,186.05,541.86,-6532.57,-5990.71,,,,,
2391,1814.77,4226.24,5201.44,512.05,277.3,-213.4,-3838.24,-31685.6,1736.9,22645.23,-6738.22,185,676.69,-6553.22,-5876.53,,,,,
2401,1805.94,4101.42,5163.47,492.52,267.29,-182.89,-3871.47,-31501.72,1698.63,22705.58,-6945.09,187.35,678.76,-6757.73,-6078.97,,,,,
2411,1792.71,4209.65,5162.83,509.22,272.86,-169.82,-3903.91,-31699.49,1753.16,22755.61,-6773.1,185.71,682.83,-6587.38,-5904.55,,,,,
2421,1791.01,4179.95,5178.08,516.91,275.04,-175.02,-3922.71,-31689.44,1734.05,22777.63,-6770.74,183.57,665.5,-6587.17,-5921.67,,,,,
2431,1799.09,4107.52,5172.42,507.75,270.71,-187.84,-3860.39,-31733.58,1728.62,22709.82,-6734.11,186.21,514.12,-6547.9,-6033.78,,,,,
2441,1857.2,4082.95,5210.15,511.27,274.37,-193.03,-3861.84,-31722.18,1737.11,22766.67,-6751.8,183.82,662.67,-6567.98,-5905.31,,,,,
2451,1772.84,4161.99,5169.31,500.73,268.04,-181.55,-3898.98,-31701.22,1729.36,22765.65,-6788.41,187.13,586.16,-6601.28,-6015.12,,,,,
2461,1823.9,4036.78,5223.14,508.54,279.52,-192.59,-3875.33,-31851.5,1726.14,22769.91,-6659.79,186.59,448.51,-6473.2,-6024.69,,,,,
2471,1863.51,4174.55,5221.29,499.08,285.72,-204.45,-3866.96,-31675.57,1747.39,22706.72,-6759.48,187.84,751.28,-6571.65,-5820.36,,,,,
2481,1742.26,4148.48,5154.38,501.25,286,-204.74,-3849.61,-31744.16,1739.67,22806.04,-6787.1,186.35,579.58,-6600.76,-6021.17,,,,,
2491,1810.68,4261.65,5179.61,527.26,285.1,-193.03,-3853.93,-31653.73,1703.25,22651.3,-6743.96,187.15,718.15,-6556.81,-5838.65,,,,,
2501,1831.57,4208.43,5230.63,512.46,282.16,-190,-3851.47,-31897.96,1725.94,22711.98,-6640.54,182.81,563.75,-6457.72,-5893.97,,,,,
2511,1768.31,4149.72,5229.02,486.63,286.19,-218.83,-3876.14,-31915.54,1727.54,22855.73,-6653.8,185.98,492.62,-6467.82,-5975.2,,,,,
2521,1834.67,4228.49,5229.28,511.69,274.16,-203.46,-3861.03,-31709.47,1699.86,22684.18,-6699.89,187.99,688.38,-6511.9,-5823.53,,,,,
2531,1821.93,4175.12,5202.6,498.57,249.49,-178.21,-3887.94,-31701.15,1701.89,22731.11,-6747.79,186.59,613.41,-6561.2,-5947.79,,,,,
2541,1902.68,4154.3,5214.69,507.15,280.75,-184.45,-3894.86,-31733.85,1697.66,22723.34,-6771.58,186.41,667.41,-6585.17,-5917.75,,,,,
2551,1750.86,4133.85,5210.1,515.22,301.86,-192.64,-3882.52,-31792.43,1743.22,22804.16,-6706.21,186.57,591.67,-6519.64,-5927.97,,,,,
2561,1806.62,4079.39,5161.5,503.21,265.75,-190.44,-3842.05,-31900.82,1759.35,22788.54,-6618.56,185.34,431.05,-6433.22,-6002.17,,,,,
2571,1800.14,4237.67,5204.53,510.75,292.15,-196.68,-3889.27,-31686.05,1725.76,22775.36,-6782.18,182.69,774.37,-6599.49,-5825.12,,,,,
2581,1838.98,4232.02,5211.65,508.59,277.84,-202.94,-3842.74,-31912.9,1731.74,22679.35,-6547.53,185.42,521.59,-6362.12,-5840.53,,,,,
2591,1773.55,4180.03,5221.78,496.27,278.33,-180.41,-3877.02,-31664.12,1767.75,22661.04,-6739.78,184.09,657.2,-6555.69,-5898.49,,,,,
2601,1816.25,4122.38,5192.06,510.78,256.19,-188.93,-3853.51,-31730.27,1727.22,22693.21,-6732.78,187.28,545.39,-6545.51,-6000.11,,,,,
2611,1788.81,4142.32,5224.56,520.08,273.07,-203.74,-3864.92,-31789.19,1747.55,22664.65,-6639.07,185.21,503.2,-6453.86,-5950.66,,,,,
2621,1787.6,4153.2,5222.94,514.41,268.45,-193.11,-3951.43,-31735.42,1743.64,22737.32,-6739.52,183.44,547.61,-6556.08,-6008.48,,,,,
2631,1807.27,4102.03,5250.03,496.51,268.96,-183.44,-3884.24,-31831.38,1730.58,22744.95,-6680.32,184.47,501.25,-6495.85,-5994.6,,,,,
2641,1785.46,4183.56,5191.48,508.63,278.21,-195.39,-3877.98,-31786.16,1686.04,22799.58,-6726.24,185.64,573.42,-6540.61,-5967.18,,,,,
2651,1812.03,4106.8,5196.61,494.42,289.9,-180.44,-3861.67,-31807.19,1736.18,22779.23,-6773.2,183.97,565.87,-6589.23,-6023.36,,,,,
2661,1805.74,4176.77,5224.49,528.91,274.13,-195.87,-3860.6,-31942.2,1715.81,22765.76,-6587.07,180.59,492.95,-6406.47,-5913.52,,,,,
2671,1796.12,4195.13,5163.33,505.09,256.46,-178.27,-3868.9,-31794.99,1724.58,22676.57,-6686.1,183.45,475.13,-6502.64,-6027.51,,,,,
2681,1829.8,4240.57,5201.73,501.88,281.75,-170.03,-3905.3,-31628.37,1704.57,22623.5,-6780.61,185.19,680.09,-6595.42,-5915.33,,,,,
2691,1770.8,4248.75,5211.35,507.2,271.28,-201.02,-3894.1,-31758.27,1713.49,22684.13,-6690.32,179.89,553.61,-6510.43,-5956.82,,,,,
2701,1835.86,4130.6,5189.19,506.62,274.27,-196.9,-3850.43,-31800.98,1730.81,22801.09,-6738.73,179.29,620.14,-6559.44,-5939.3,,,,,
2711,1798.38,4158.27,5200.39,511.32,285.62,-188.48,-3915.6,-31602.06,1705.58,22624.35,-6768.8,180.06,577.76,-6588.74,-6010.99,,,,,
2721,1794.66,4217.89,5180.54,528.72,258.74,-170.91,-3955.53,-31788.82,1726.68,22723.87,-6659.15,183,515.86,-6476.14,-5960.29,,,,,
2731,1807.98,4218.24,5174.22,520.89,255.03,-203.83,-3929.51,-31598.51,1735.39,22613.35,-6775.81,181.5,593.24,-6594.31,-6001.07,,,,,
2741,1832.25,4102.77,5219.21,506.91,285.03,-190.92,-3880.64,-31794.13,1730.35,22694.9,-6717.24,184.93,505.71,-6532.31,-6026.6,,,,,
2751,1755.12,4221.42,5212.44,492.37,277.87,-208.7,-3908.31,-31641.19,1716.52,22741.11,-6796.58,184.91,658.64,-6611.68,-5953.03,,,,,
2761,1781.46,4164.75,5173.22,497.27,304.45,-217.4,-3853.72,-31854.73,1762.27,22698.15,-6629.73,183.55,455.72,-6446.18,-5990.46,,,,,
2771,1785.02,4271.38,5191.78,519.45,275.64,-213.48,-3892.32,-31767.39,1735.91,22705.1,-6678.6,181.79,611.09,-6496.81,-5885.71,,,,,
2781,1811.86,4245.84,5209.84,520.22,256.62,-215.83,-3931.69,-31779.16,1715.73,22569.36,-6566.88,179.7,402.78,-6387.19,-5984.4,,,,,
2791,1791.65,4126.54,5234.03,497.01,286.95,-213.87,-3867.86,-32026.96,1721.54,22657.68,-6455.87,181.71,206.71,-6274.16,-6067.46,,,,,
2801,1797.89,4193.6,5212.5,507.83,273.6,-173.67,-3900.52,-32014.06,1747.48,22741.24,-6446,180.01,385.9,-6265.99,-5880.09,,,,,
2811,1771.39,4190.8,5191.17,500.89,263.97,-183.69,-3821.24,-31968.34,1741.09,22708.16,-6523.36,182.47,394.19,-6340.89,-5946.7,,,,,
2821,1726.83,4196.83,5212.56,500.99,295.76,-210.92,-3916.73,-31998.66,1707.26,22807.15,-6518.54,178.5,321.06,-6340.04,-6018.98,,,,,
2831,1767.7,4178.42,5225.67,508.83,278.6,-206.36,-3903.08,-31954.76,1754.88,22769.73,-6509.78,181.97,419.62,-6327.81,-5908.19,,,,,
2841,1769.97,4156.73,5199.03,512.17,283.75,-202.34,-3901.46,-31794.85,1732.95,22793.73,-6696.09,181.7,549.69,-6514.38,-5964.69,,,,,
2851,1817.64,4196.47,5191.81,503.73,273.45,-203.78,-3845.12,-31585.97,1736.42,22679.84,-6868.35,190.01,764.47,-6678.33,-5913.86,,,,,
2861,1809.05,4188.58,5231.97,498.25,266.41,-196.47,-3922.36,-31791.53,1701.81,22697.19,-6627.86,180.29,482.9,-6447.57,-5964.67,,,,,
2871,1869.76,4120.83,5200.07,512.64,277.18,-202.06,-3838.94,-31695.78,1731.57,22587.22,-6664.11,182.92,562.47,-6481.19,-5918.71,,,,,
2881,1777.35,4151.13,5230.64,497.56,266.82,-240,-3889.74,-32005.1,1713.41,22706.7,-6465.56,177.73,208.78,-6287.83,-6079.05,,,,,
2891,1800.25,4182.61,5192.61,493.99,257.84,-195.24,-3906.52,-31748.17,1725.14,22651.9,-6616.27,179.43,454.41,-6436.85,-5982.44,,,,,
2901,1728.3,4065.42,5235.6,494.06,298,-181.28,-3875.02,-31763.48,1732.06,22719.61,-6647.61,184.87,453.28,-6462.74,-6009.46,,,,,
2911,1756.99,4209.27,5178.79,515.86,256.62,-181.73,-3894.25,-31727.1,1754.12,22632.94,-6671.33,180.07,501.51,-6491.26,-5989.75,,,,,
2921,1712.04,4155.12,5216.02,504.65,277.38,-177.25,-3882.56,-31823.12,1758.54,22702.47,-6672.11,182.72,443.27,-6489.39,-6046.12,,,,,
2931,1818.98,4130.1,5206.31,512.9,262.15,-182.2,-3934.66,-31678.44,1735.83,22684.12,-6703.93,181.31,555.09,-6522.62,-5967.53,,,,,
2941,1756.68,4135.79,5226.5,497.86,265.47,-193.4,-3909.76,-31619.21,1723.63,22733.7,-6778.81,186.5,617.27,-6592.31,-5975.04,,,,,
2951,1815.05,4202.39,5158.58,498.63,277.6,-215.01,-3884.29,-31843.93,1722.88,22739.49,-6619.55,184.82,471.4,-6434.73,-5963.34,,,,,
2961,1770.93,4175.7,5202.71,503.42,270.56,-225.78,-3912.09,-31714.32,1713.66,22753.32,-6716.19,187.35,538.11,-6528.84,-5990.73,,,,,
2971,1823.49,4194.32,5232.16,518.94,265.07,-223.35,-3884.85,-31739.9,1731.15,22725.68,-6765.62,186.66,642.69,-6578.96,-5936.27,,,,,
2981,1825.67,4138.6,5201.76,504.57,269.37,-209.94,-3887.92,-31847.73,1721.92,22794.38,-6664.1,183.86,510.67,-6480.24,-5969.56,,,,,
2991,1745.8,4101.48,5179.03,497.93,273.46,-222.23,-3916.81,-31714.63,1737.64,22755.61,-6731.72,185.71,437.29,-6546.01,-6108.72,,,,,
3001,1800.41,4174.31,5236.96,504.87,286.1,-211.71,-3909.25,-31918.92,1718.24,22703.21,-6581.94,182.05,384.22,-6399.89,-6015.67,,,,,
3011,1758.57,4081.55,5218.84,497.66,282.56,-182.09,-3901.42,-31774.55,1716.29,22756.41,-6694.81,181.52,453.83,-6513.28,-6059.46,,,,,
3021,1776.34,4130.69,5176.2,509.8,266.98,-205.58,-3900.77,-31749.75,1713.3,22727.88,-6724.21,186.43,445.09,-6537.78,-6092.7,,,,,
3031,1822.58,4155.97,5231.82,501.42,278.99,-220.84,-3914.92,-31684.48,1748.77,22644.57,-6671.51,182.52,563.9,-6488.99,-5925.09,,,,,
3041,1752.41,4187.03,5237.39,506.61,263.68,-194.45,-3914.19,-31815.77,1751.74,22790.98,-6671.86,183.19,565.44,-6488.67,-5923.23,,,,,
3051,1848.63,4169.3,5195.87,512.69,271.72,-198.13,-3882.33,-31703.37,1700.46,22663.68,-6712.03,181.4,578.53,-6530.63,-5952.1,,,,,
3061,1823.9,4101.07,5199.27,490.89,269.51,-173.61,-3949.19,-31829.31,1697.07,22743.35,-6605.26,182.57,372.95,-6422.68,-6049.73,,,,,
3071,1769.94,4189.07,5230.41,504.94,283.41,-207.93,-3859.8,-31681.75,1766.18,22668.79,-6721.29,182.87,663.27,-6538.43,-5875.16,,,,,
3081,1758.26,4168.65,5202.96,510.04,286.2,-188.51,-3947.12,-31758.01,1714.25,22694.97,-6653.09,181.78,441.68,-6471.31,-6029.63,,,,,
3091,1802.92,4228.32,5211.42,511.89,277.97,-205.67,-3871.83,-31672.71,1722.38,22600.37,-6677.08,181.72,605.06,-6495.36,-5890.31,,,,,
3101,1787.49,4257.59,5231.8,499.64,268.42,-214.19,-3885.72,-31545.08,1701.31,22592.94,-6785.87,185.11,694.21,-6600.76,-5906.55,,,,,
3111,1831.22,4143.75,5201.21,498.02,264.92,-190.28,-3881.7,-31643.18,1736.62,22607.78,-6721.43,180.54,568.35,-6540.9,-5972.55,,,,,
3121,1742.7,4146.69,5181.86,520.5,265.92,-188.93,-3894.19,-31642.23,1706.23,22586.84,-6700.78,182.14,425.38,-6518.64,-6093.26,,,,,
3131,1803.86,4214.2,5221.78,524.95,269.41,-207.93,-3910.87,-31575.08,1726.97,22604.16,-6774.3,181.69,671.44,-6592.6,-5921.16,,,,,
3141,1741.69,4207.07,5223.51,494.41,284.41,-196.53,-3916.46,-31453.47,1728.95,22563.5,-6824.72,183.29,677.06,-6641.43,-5964.37,,,,,
3151,1755.43,4219.86,5171.88,505.76,283.43,-178.07,-3903.91,-31503.16,1738.13,22619.69,-6860.38,184.58,709.05,-6675.81,-5966.76,,,,,
3161,1815.92,4195.1,5219.74,503.62,291.27,-207.96,-3927.98,-31441.94,1710.75,22533.21,-6894.45,182.08,691.73,-6712.37,-6020.64,,,,,
3171,1833.88,4204.17,5241.98,507.14,278.85,-183.32,-3934.39,-31427.75,1712.21,22626.78,-6942.33,185.43,859.54,-6756.9,-5897.35,,,,,
3181,1820.5,4067.3,5196.3,512.93,269.68,-209.77,-3875.2,-31425.55,1708.65,22497.12,-6808.55,187.36,561.96,-6621.2,-6059.23,,,,,
3191,1819.28,4249.5,5187.13,529.38,268.78,-193.94,-3880.31,-31766.01,1694.81,22549.86,-6537.81,184.7,458.49,-6353.1,-5894.61,,,,,
3201,1807.91,4176.98,5175.57,512.37,285.54,-175.69,-3890.84,-31739.43,1754.11,22598.39,-6582.7,179.46,504.91,-6403.24,-5898.34,,,,,
3211,1836.08,4212.98,5206.99,502.94,267.43,-200.05,-3894.07,-31561.17,1717.21,22545.7,-6744.28,183.72,634.05,-6560.56,-5926.51,,,,,
3221,1827.46,4199.68,5198.19,521.71,290.03,-215.75,-3899.85,-31746.14,1685.41,22664.03,-6660.07,186.69,524.77,-6473.38,-5948.61,,,,,
3231,1834.14,4159.8,5248.87,506.16,288.76,-221.13,-3952.13,-31579.25,1732.9,22622.83,-6729.78,180.87,640.95,-6548.91,-5907.97,,,,,
3241,1796.17,4173.81,5240.1,496.02,266.25,-205.51,-3911.13,-31649.54,1723.57,22637.53,-6728.92,183.06,567.29,-6545.86,-5978.57,,,,,
3251,1810.57,4268.82,5219.62,526.59,259.19,-178.67,-3887.68,-31637.01,1714.61,22625.66,-6759.66,186.29,721.71,-6573.37,-5851.65,,,,,
3261,1840.74,4188.37,5244.04,507.84,254.34,-188.43,-3920.92,-31457,1727.18,22506.25,-6784.39,185.64,702.41,-6598.76,-5896.35,,,,,
3271,1827.69,4175.41,5206.13,506.22,264.41,-193.66,-3875.71,-31610.79,1689.74,22591.97,-6723.36,179.89,581.41,-6543.47,-5962.06,,,,,
3281,1727.05,4082.1,5254.68,506.92,282.54,-197.91,-3888.06,-31792.56,1767.8,22655.29,-6637.75,181.44,397.86,-6456.32,-6058.46,,,,,
3291,1822.75,4167.84,5224.18,525.02,284.81,-188.26,-3888.58,-31620.26,1710.44,22768.02,-6857.38,184.83,805.97,-6672.55,-5866.58,,,,,
3301,1748.19,4209.92,5224.25,499.76,273.15,-219.64,-3885.56,-31543.53,1734.99,22544.53,-6835.93,185.12,586.07,-6650.81,-6064.74,,,,,
3311,1806.03,4153.04,5214.48,495.8,278.06,-180.58,-3890.54,-31626.8,1721.7,22684.21,-6780.75,182.72,655.42,-6598.03,-5942.61,,,,,
3321,1799.55,4264.61,5248.46,509.41,289.89,-199.13,-3823.66,-31754.52,1749.62,22672.27,-6654.9,182.67,756.5,-6472.24,-5715.74,,,,,
3331,1777.67,4159.12,5232.39,485.94,280.26,-220.27,-3881.62,-31821.67,1738.28,22682.58,-6667.87,181.33,432.67,-6486.54,-6053.87,,,,,
3341,1777.62,4172.41,5228.99,490.78,269.43,-205.04,-3854.82,-31655.27,1761.41,22630.81,-6739.69,182.21,616.32,-6557.48,-5941.16,,,,,
3351,1800.34,4123.63,5196.07,515.06,268.66,-206.59,-3862.23,-31576.5,1728.82,22615.27,-6801.88,187.81,602.53,-6614.07,-6011.55,,,,,
3361,1862.24,4228.48,5206.71,513.35,280.22,-191.35,-3916.28,-31535.39,1680.13,22594.11,-6773.27,185.92,722.22,-6587.35,-5865.13,,,,,
3371,1784.23,4127.66,5201.98,496.82,275.3,-194.32,-3872.26,-31640.51,1768.97,22649.01,-6751.55,181.52,596.86,-6570.03,-5973.17,,,,,
3381,1820.54,4166.03,5210.61,491.56,274.86,-208.43,-3898.94,-31633.63,1728.04,22624.81,-6716.35,179.43,575.44,-6536.91,-5961.47,,,,,
3391,1815.34,4118.99,5241.13,509.8,265.16,-223.04,-3882.19,-31641,1698.56,22701.82,-6794.55,185.43,604.57,-6609.12,-6004.55,,,,,
3401,1773.83,4162.67,5208.18,516.49,275.04,-197.43,-3876.69,-31836.2,1706.63,22769.12,-6679.73,183.12,501.64,-6496.61,-5994.97,,,,,
3411,1779.66,4139.65,5238.8,502.01,272.6,-212.1,-3940.36,-31836.91,1722.6,22784.77,-6654.49,178.56,450.72,-6475.93,-6025.21,,,,,
3421,1798.76,4135.72,5242.71,501.66,286.57,-208.06,-3887.67,-31760.33,1737.78,22586.77,-6605.13,180.98,433.91,-6424.14,-5990.24,,,,,
3431,1789.31,4193.49,5178.34,512.58,266.52,-207.7,-3848.52,-31809.96,1724.6,22782.59,-6706.04,183.87,581.25,-6522.17,-5940.92,,,,,
3441,1776.82,4169.85,5222.03,500.58,282.7,-228.3,-3894.77,-31920.78,1728.42,22796.3,-6591.96,179.96,432.84,-6411.99,-5979.15,,,,,
3451,1740.98,4121.47,5224.32,499.5,278.97,-188.41,-3877.12,-31655.91,1741.2,22698.61,-6774.71,181.15,583.61,-6593.57,-6009.95,,,,,
3461,1822.02,4212.56,5233.45,511.43,288.29,-217.91,-3901.5,-31669.85,1713.26,22652.95,-6659,183.07,644.7,-6475.93,-5831.22,,,,,
3471,1777.65,4219.02,5207.66,515.02,282.28,-217.43,-3865.96,-31635.13,1732.58,22688.13,-6746.05,184.98,703.82,-6561.06,-5857.25,,,,,
3481,1755.64,4281.73,5150.24,512.75,250.35,-195.49,-3936.43,-31589.76,1701.82,22636.94,-6756.1,186.25,567.79,-6569.85,-6002.06,,,,,
3491,1801.65,4147.92,5227.52,519.03,276.21,-213.38,-3902.07,-31558.53,1721.31,22636.78,-6745.34,182.5,656.44,-6562.84,-5906.4,,,,,
3501,1780.66,4186.56,5199.95,502.75,264.66,-211.11,-3880.41,-31811.18,1742.12,22711.79,-6633.24,184.35,485.79,-6448.89,-5963.1,,,,,
3511,1797.89,4185.07,5164.29,510.11,267.13,-200.31,-3897.68,-31736.19,1705.53,22689.36,-6686.88,183.08,485.2,-6503.81,-6018.6,,,,,
3521,1842.82,4218.95,5153.27,510.74,277.08,-171.22,-3913,-31690.02,1679.23,22628.39,-6704.98,179.97,536.23,-6525.01,-5988.78,,,,,
3531,1769.49,4155.88,5165.05,493.22,269.07,-207.19,-3873.09,-31660.62,1730.14,22714.09,-6746.87,182.51,556.04,-6564.36,-6008.31,,,,,
3541,1802.68,4208.55,5209.27,519.14,257.53,-221.71,-3873.44,-31839.14,1758.53,22636.72,-6548.4,179.73,458.13,-6368.67,-5910.55,,,,,
3551,1848.44,4218.22,5254.86,522.47,297.7,-208.59,-3881.71,-31833.42,1743.75,22626.22,-6589.12,176.64,587.96,-6412.48,-5824.52,,,,,
3561,1815.18,4220.68,5223.38,520.83,272.37,-214.11,-3898.3,-31663.78,1709.75,22602.95,-6704,185.27,588.96,-6518.72,-5929.77,,,,,
3571,1835.53,4122.43,5208.63,499.42,270.52,-185.81,-3874.82,-31754.49,1708.45,22701.94,-6672.83,184.24,531.8,-6488.59,-5956.79,,,,,
3581,1801.99,4108.65,5185.59,507.17,273.74,-188.26,-3892.38,-31769.82,1721.72,22759.9,-6682.33,182.72,508.3,-6499.61,-5991.31,,,,,
3591,1699.69,4215.93,5191.74,504.66,265.39,-203.46,-3889.07,-31867.77,1720.44,22775.01,-6621.56,184.93,412.57,-6436.63,-6024.06,,,,,
3601,1826.07,4164.19,5204.48,489.46,260.08,-218.5,-3941.64,-31690.68,1687.25,22639.47,-6727.11,181.01,420.18,-6546.1,-6125.92,,,,,
3611,1737.24,4168.31,5230.29,515.96,276.92,-217.4,-3918.73,-31711.36,1719.89,22707.05,-6678.84,182.31,508.17,-6496.53,-5988.36,,,,,
3621,1844.59,4172.56,5189.63,522.56,283.62,-207.66,-3928.62,-31528.04,1707.98,22666.62,-6862.27,183.84,723.24,-6678.42,-5955.19,,,,,
3631,1763.75,4256.22,5185.75,494.85,270.34,-185.16,-3878.39,-31523.53,1707.07,22688.54,-6905.83,184.87,779.44,-6720.96,-5941.52,,,,,
3641,1760.52,4141.22,5230.33,509.38,272.44,-202.97,-3849.63,-31589.13,1710.06,22816.76,-6956.21,187.76,799,-6768.45,-5969.45,,,,,
3651,1796.48,4159.06,5240.46,494.87,269.24,-198.13,-3881.04,-31510.94,1722.39,22674.93,-6907.33,184.88,767.34,-6722.45,-5955.12,,,,,
3661,1787.13,4228.38,5208.83,528.52,270.7,-213.28,-3867.88,-31487.18,1737.91,22680.74,-6935,183.45,873.88,-6751.56,-5877.68,,,,,
3671,1789.98,4169.24,5218.04,503.94,266.36,-189.98,-3856.07,-31709.62,1710.42,22716.02,-6740.41,181,618.33,-6559.41,-5941.08,,,,,
3681,1838.29,4187.5,5200.07,510.24,271.49,-214.99,-3815.04,-31437.11,1703.77,22644.46,-6948.75,188.24,888.68,-6760.51,-5871.83,,,,,
3691,1785.09,4136.16,5148.62,492.35,271.61,-198.84,-3890.02,-31506.14,1722.37,22657.87,-6887.44,182.9,619.07,-6704.54,-6085.47,,,,,
3701,1726.08,4253.8,5185.1,505.25,294.17,-200.86,-3876.26,-31670.69,1760,22666.95,-6744.36,188.35,643.54,-6556,-5912.47,,,,,
3711,1811.76,4159.42,5204.44,501.55,294.83,-185.29,-3857.26,-31713.42,1717.69,22749.57,-6769.48,185.5,683.28,-6583.99,-5900.7,,,,,
3721,1842.89,4087.04,5195.01,495.6,276.95,-197.33,-3880.82,-31625.03,1702.55,22688.67,-6782.3,185.59,585.55,-6596.71,-6011.17,,,,,
3731,1825.83,4157.77,5210.36,523.66,270.3,-183.43,-3849.48,-31800.9,1739.43,22679.46,-6658.73,185.9,572.99,-6472.83,-5899.84,,,,,
3741,1827.03,4218.02,5189.16,525.58,272.91,-183.33,-3856.14,-31642.45,1696.59,22573.89,-6714.1,182.99,621.25,-6531.11,-5909.86,,,,,
3751,1797.63,4180.42,5168.13,508.4,284.68,-200.71,-3897.88,-31765.89,1761.13,22743.22,-6685.61,182.63,579.11,-6502.98,-5923.87,,,,,
3761,1774.45,4176.1,5209.24,515.04,290.16,-190.04,-3887.26,-31714.7,1721.75,22728.9,-6763.1,183.58,623.63,-6579.52,-5955.89,,,,,
3771,1796.78,4165.3,5204.62,499.49,283.66,-193.97,-3880.11,-31647.39,1714.64,22698.84,-6780.98,183.79,641.86,-6597.18,-5955.32,,,,,
3781,1771.77,4123.16,5200.93,505.4,282.12,-203.93,-3870.02,-31744.28,1724.49,22786.73,-6796.07,183.35,576.37,-6612.72,-6036.35,,,,,
3791,1848.69,4127.77,5210.1,514.37,259.86,-185.77,-3834.28,-31621.22,1706.74,22736.32,-6840.36,181.71,762.58,-6658.66,-5896.08,,,,,
3801,1736.04,4114.24,5177.86,507.38,287.68,-186.34,-3872.44,-31599,1733.9,22771,-6909.66,186.56,670.33,-6723.1,-6052.78,,,,,
3811,1837.26,4136.83,5200.6,497.66,272.39,-174.94,-3892.42,-31564.48,1722.49,22693.44,-6863.94,184.9,728.83,-6679.04,-5950.21,,,,,
3821,1807.33,4163.05,5218.67,503.36,266.82,-192.08,-3894.37,-31641.43,1748.89,22629.22,-6754.43,178.89,609.46,-6575.53,-5966.07,,,,,
3831,1839,4182.36,5183.61,514.08,290.71,-185.01,-3836.22,-31852.76,1731.25,22720.14,-6655.65,185.88,587.16,-6469.77,-5882.61,,,,,
3841,1804.81,4174.79,5204.21,495.93,265.58,-208.73,-3916.37,-31574.16,1736.54,22659.23,-6828.17,184.67,641.85,-6643.5,-6001.65,,,,,
3851,1773.57,4125.63,5236.22,507.08,269.02,-199.62,-3869.26,-31654.6,1727.17,22649.86,-6741.61,182.3,565.09,-6559.31,-5994.22,,,,,
3861,1828.75,4154.45,5215.79,511.62,278.51,-213.95,-3894.19,-31600.08,1694.95,22584.38,-6764.01,185.2,560.22,-6578.81,-6018.6,,,,,
3871,1777.14,4196.6,5158.86,514.51,268.38,-189.19,-3899.12,-31720.22,1732.75,22623.56,-6696.87,177.51,463.25,-6519.36,-6056.1,,,,,
3881,1810.95,4233.29,5222.01,512.48,266.51,-201.01,-3866.08,-31780.2,1691.68,22602.21,-6677.15,188.86,491.84,-6488.29,-5996.45,,,,,
3891,1831.15,4183.83,5238.32,512.81,264.36,-193.15,-3873.81,-31639.49,1749.24,22621.84,-6758.48,185.7,695.08,-6572.78,-5877.69,,,,,
3901,1809.94,4096.34,5220.01,512.22,270.2,-212.7,-3911.36,-31482.84,1684.49,22609.97,-6860.56,185.85,596.29,-6674.71,-6078.43,,,,,
3911,1800.23,4097.27,5173.09,506.4,269.76,-192.29,-3848.16,-31672.83,1702.48,22704.36,-6782.86,185.9,540.33,-6596.95,-6056.63,,,,,
3921,1859.61,4205,5211.91,516.31,294.04,-215.38,-3898.46,-31850.23,1732.96,22677.69,-6611.37,180.75,533.45,-6430.61,-5897.16,,,,,
3931,1776.13,4179.46,5199.12,514.81,253.87,-195.49,-3875.3,-31532.9,1760.94,22642.19,-6849.86,186.22,722.83,-6663.64,-5940.81,,,,,
3941,1760.04,4226.29,5224.04,502.73,266.03,-194.72,-3919.31,-31633.21,1691.53,22639.98,-6807.84,185.42,563.4,-6622.43,-6059.03,,,,,
3951,1780.23,4151.77,5237.79,505.69,263.31,-175.89,-3861.77,-31830.67,1758.27,22690.22,-6611.75,184.41,518.94,-6427.34,-5908.4,,,,,
3961,1803.86,4170.16,5218.3,509.09,275.13,-224.11,-3851.47,-31987.08,1735.36,22700.19,-6484.52,181.88,349.44,-6302.63,-5953.2,,,,,
3971,1820.76,4174.23,5210.43,507.98,285.93,-205.41,-3847.3,-31952.92,1703.6,22708.59,-6561.92,184.41,405.88,-6377.51,-5971.63,,,,,
3981,1828.37,4227.06,5226,515.73,268.91,-200.69,-3899.92,-31651.34,1712.75,22707.17,-6755.35,184.79,734.03,-6570.56,-5836.53,,,,,
3991,1788.25,4115.12,5219.67,514.82,273.64,-194.26,-3922.75,-31888.07,1724.3,22737.7,-6614.57,178.3,368.44,-6436.27,-6067.84,,,,,
4001,1884.18,4171.59,5207.24,513.96,275.64,-197.14,-3918.29,-31885.96,1728.6,22613.82,-6544.07,176.84,393.64,-6367.23,-5973.59,,,,,
4011,1790.87,4266.01,5194.08,510.86,264.92,-190.43,-3871.89,-31590.5,1730.98,22587.03,-6736.98,181.75,691.92,-6555.23,-5863.31,,,,,
4021,1787.37,4187.56,5180.31,515.23,257.02,-186.54,-3902.67,-31777.29,1710.89,22593.49,-6587.4,182.69,365.39,-6404.71,-6039.32,,,,,
4031,1872.65,4150.55,5150.22,500.14,268.03,-195.52,-3881.45,-31910.56,1711.4,22748.1,-6545.97,180.1,413.56,-6365.86,-5952.3,,,,,
4041,1809.67,4109.37,5228.47,529.28,285.84,-206.14,-3865.53,-31784.81,1726.66,22640.12,-6609.4,181.14,472.93,-6428.26,-5955.33,,,,,
4051,1810.55,4084.95,5204.37,497.96,267.39,-207.9,-3854.2,-31996.53,1720.2,22710.12,-6423.7,182.71,236.91,-6240.98,-6004.07,,,,,
4061,1811.87,4153.18,5217.82,512.4,253.33,-164.99,-3881.74,-31717.32,1728.44,22634.28,-6687.17,186.42,547.27,-6500.75,-5953.47,,,,,
4071,1786.32,4132.47,5173.55,509.31,305.77,-199.11,-3903.14,-31876.32,1711.96,22782.54,-6607.41,180,423.35,-6427.42,-6004.07,,,,,
4081,1794.28,4188.61,5219.92,503,271.88,-176.58,-3879.83,-31732.47,1734.31,22667.83,-6706.66,185.5,590.94,-6521.16,-5930.21,,,,,
4091,1812.01,4161,5182.06,504.99,296.29,-222.87,-3855.94,-31837.54,1727.99,22666.86,-6587.5,181.17,434.85,-6406.33,-5971.48,,,,,
4101,1855.04,4211.71,5200.34,498.32,284.64,-181.84,-3872.48,-31778.31,1716.88,22597.79,-6599.17,183.87,532.09,-6415.3,-5883.21,,,,,
4111,1783.99,4249.67,5216.36,520.4,299.06,-202.79,-3879.35,-31773.22,1738.85,22642.42,-6633.2,183.31,595.38,-6449.88,-5854.51,,,,,
4121,1803.97,4127.48,5204.28,509.56,281.04,-185.86,-3899.26,-31793.25,1736.28,22665.45,-6620.14,182.8,449.69,-6437.34,-5987.65,,,,,
4131,1780.08,4167.42,5212.71,499.04,264.62,-196.46,-3911.33,-31599.73,1704.57,22639.85,-6751.98,183.33,560.77,-6568.65,-6007.88,,,,,
4141,1791.77,4191.73,5223.92,505.3,280.9,-209.02,-3880.39,-31777.27,1745.7,22723.41,-6675.46,181.91,596.06,-6493.55,-5897.5,,,,,
4151,1798.09,4131.7,5176.77,493.09,280.41,-170.96,-3909.99,-31738.14,1714.74,22649.08,-6663.7,178.53,424.81,-6485.17,-6060.36,,,,,
4161,1818.54,4180.74,5194.91,506.77,257.66,-189.96,-3915.92,-31686.46,1725.14,22631.74,-6673.78,182.08,523.16,-6491.69,-5968.53,,,,,
4171,1810.27,4132.46,5210.12,501,292.39,-227.73,-3891.03,-31681.92,1705.13,22599.55,-6639.04,181.45,450.23,-6457.59,-6007.36,,,,,
4181,1815.15,4122.93,5177.88,522.06,271.98,-202.33,-3850.65,-31690.88,1747.67,22685.09,-6750.57,184.56,598.89,-6566.01,-5967.12,,,,,
4191,1810.71,4183.25,5215.07,501.54,295.53,-188.84,-3874.9,-31765.46,1717.97,22647.87,-6671.3,180.79,542.76,-6490.51,-5947.75,,,,,
4201,1814.46,4145.01,5204.93,496.71,288.66,-178.73,-3870.14,-31883.78,1705.77,22663.5,-6563.82,182.91,386.38,-6380.9,-5994.52,,,,,
4211,1799.18,4143.64,5230.85,504.53,280.48,-190.21,-3878.76,-31654.29,1760.88,22666.14,-6759.56,184.73,662.44,-6574.83,-5912.38,,,,,
4221,1761.81,4234.23,5176.53,512.57,257.43,-186,-3899.9,-31917.81,1730.65,22670.87,-6492.55,180.49,340.38,-6312.06,-5971.68,,,,,
4231,1787.06,4150.82,5210.2,498.58,258.42,-198.6,-3902.76,-31778.52,1725.15,22552.17,-6557.94,179.89,302.53,-6378.05,-6075.52,,,,,
4241,1758.4,4061.42,5193.35,513.61,266.65,-189.83,-3886.11,-31810.6,1749.88,22779.86,-6648.18,178.96,436.62,-6469.23,-6032.61,,,,,
4251,1814.04,4058.91,5209.38,496.4,266.1,-198.27,-3842.32,-31849.08,1734.27,22717.08,-6611.1,182.37,406.5,-6428.74,-6022.24,,,,,
4261,1760.83,4250.97,5200.57,523.32,285.19,-187.6,-3910.94,-31800.37,1740.36,22683.45,-6614.82,181.23,545.77,-6433.6,-5887.83,,,,,
4271,1756.31,4074.05,5207.35,489.38,262.82,-205.57,-3919.74,-31746.86,1717.61,22653.72,-6612.37,181.74,289.06,-6430.62,-6141.56,,,,,
4281,1804.37,4082.54,5228.45,503.92,259.28,-186.21,-3904.3,-31891.17,1738.66,22657.64,-6533.98,180.54,293.18,-6353.45,-6060.27,,,,,
4291,1728.57,4122.7,5206.08,494.66,279.98,-190.78,-3905.96,-31520.5,1756.56,22641.51,-6757.78,181.73,612.83,-6576.04,-5963.22,,,,,
4301,1828.76,4191.78,5233.52,515.5,276.08,-193.27,-3847.01,-31539.92,1750.49,22643.09,-6847.44,186.93,859,-6660.51,-5801.52,,,,,
4311,1796.97,4060.28,5190.99,510.02,274.68,-203.49,-3907.21,-31770.33,1744.98,22669.34,-6693.86,182.12,366.21,-6511.75,-6145.54,,,,,
4321,1789.48,4109.83,5157.98,508.22,268.53,-193.68,-3886.91,-31656.94,1726.18,22674.48,-6709.5,183.07,497.18,-6526.43,-6029.25,,,,,
4331,1779.79,4145.64,5254.37,508.42,260.39,-224.88,-3897.43,-31753.86,1728.87,22680.51,-6608.21,182.1,481.82,-6426.12,-5944.3,,,,,
4341,1792.98,4186.36,5192.87,497.76,255.16,-175.64,-3935.6,-31894.75,1691.79,22708.33,-6507.02,180.41,319.26,-6326.61,-6007.35,,,,,
4351,1818.25,4132.41,5241.11,506.01,258.08,-176.63,-3919.13,-31823.43,1729.65,22696.16,-6542.52,180.43,462.47,-6362.09,-5899.62,,,,,
4361,1747.09,4106.08,5196.35,500.82,268.9,-208.42,-3910.77,-31667.96,1720.58,22676.76,-6739.4,180.73,429.43,-6558.68,-6129.25,,,,,
4371,1767.38,4122.02,5151.37,514.71,268.11,-209.93,-3922.19,-31867.86,1725.17,22794.12,-6588.5,182.67,342.9,-6405.83,-6062.93,,,,,
4381,1829.6,4003.33,5196.15,501.62,282.4,-180.1,-3906.7,-32008.81,1710.11,22836.23,-6527.8,179.16,263.82,-6348.64,-6084.81,,,,,
4391,1781.17,4147.01,5261.79,510.23,267.41,-193.01,-3897.93,-31956.77,1741.64,22724.23,-6516.29,181.72,385.76,-6334.57,-5948.81,,,,,
4401,1829.78,4217.94,5235.04,508.21,285.99,-214.08,-3911.39,-31827.95,1742.27,22672.56,-6629.17,182.1,538.37,-6447.07,-5908.7,,,,,
4411,1762.61,4188.62,5210.57,514.31,263.54,-177.5,-3885.51,-31996.86,1722.25,22735.08,-6473.45,182.16,337.12,-6291.3,-5954.17,,,,,
4421,1763.19,4109.76,5191.74,502.29,290.55,-192.83,-3930.86,-31970.81,1725.61,22735.69,-6483.42,180.57,224.33,-6302.84,-6078.52,,,,,
4431,1844.69,4170.4,5161.83,525.63,282.86,-197.14,-3875.96,-31933.73,1699.19,22778.01,-6579.41,183.88,455.78,-6395.53,-5939.74,,,,,
4441,1813.66,4132.49,5223.03,505.04,277.46,-209.31,-3951.82,-31802.64,1726.31,22709.81,-6622.35,181.6,424.06,-6440.75,-6016.69,,,,,
4451,1816.31,4109.24,5219.66,499.63,254.41,-214,-3887.98,-32034.42,1729.69,22721.11,-6459.39,180.13,213.65,-6279.26,-6065.61,,,,,
4461,1799.09,4179.14,5227.41,517.54,276.62,-201.3,-3873.38,-31922.54,1722.7,22690.31,-6567.53,181.61,415.59,-6385.92,-5970.33,,,,,
4471,1796.63,4132.79,5264.54,510.28,269.92,-205.38,-3952.34,-31672.29,1700.87,22785.16,-6725.7,181.95,630.18,-6543.74,-5913.56,,,,,
4481,1851.21,4121.05,5227.45,504.51,259.69,-205.74,-3909.3,-31812.97,1685.77,22708.88,-6628.16,181.42,430.54,-6446.74,-6016.2,,,,,
4491,1857.84,4064.3,5193.73,509.35,272.31,-197.49,-3864.06,-31872.69,1752.25,22800.9,-6646.16,183.12,516.43,-6463.03,-5946.6,,,,,
4501,1678.05,4153.86,5182.76,515.98,260.99,-218.82,-3885.67,-31713.21,1756.78,22816.54,-6758.71,182.05,547.25,-6576.66,-6029.41,,,,,
4511,1769.75,4104.47,5192.28,489.4,274.42,-208.67,-3918.66,-31689.02,1727.08,22702.14,-6741.36,184.04,443.19,-6557.32,-6114.14,,,,,
4521,1799.43,4159.65,5191.99,501.26,268.59,-181.26,-3924.4,-31603.49,1742.02,22676.82,-6740.21,181.46,630.61,-6558.76,-5928.14,,,,,
4531,1765.33,4173.43,5181.66,503.31,284.39,-201.81,-3883.09,-31755.65,1720.95,22798.46,-6764.78,187.21,586.98,-6577.57,-5990.59,,,,,
4541,1835.16,4153.25,5192.24,508.08,280.08,-184.45,-3880.62,-31705.15,1727.95,22761.91,-6743.61,184.5,688.45,-6559.11,-5870.66,,,,,
4551,1883.22,4141.07,5207.48,507.86,270.1,-207.9,-3912.51,-31700.21,1717.23,22806.89,-6783.49,185.28,713.25,-6598.21,-5884.96,,,,,
4561,1828.03,4158.85,5216.85,525.71,263.39,-220.58,-3890.51,-31757.35,1753.66,22780.08,-6710.14,182.71,658.14,-6527.43,-5869.29,,,,,
4571,1803.35,4083.04,5176.77,497.48,267.03,-203.87,-3933.04,-31834.62,1724.72,22749.86,-6581.13,178.56,330.72,-6402.57,-6071.85,,,,,
4581,1758.09,4153.4,5177.82,507.06,277.26,-194.11,-3856.16,-31918.88,1735.59,22698.47,-6560.64,184.69,338.54,-6375.95,-6037.41,,,,,
4591,1802.72,4210.43,5175.51,505.35,287.17,-204.58,-3908.26,-31813.16,1726.47,22810.29,-6656.24,180.74,591.93,-6475.5,-5883.56,,,,,
4601,1807.62,4097.65,5186.92,489.08,260.01,-203.1,-3906.11,-31566.13,1699.56,22723.45,-6843.03,181.93,588.95,-6661.1,-6072.16,,,,,
4611,1780.76,4193.17,5202.92,503.69,271.05,-195.52,-3901.77,-31599.36,1735.4,22636.13,-6746.06,182.45,626.46,-6563.61,-5937.15,,,,,
4621,1792.04,4167.94,5162.46,505.13,275.1,-208.39,-3849.8,-31638.88,1743.09,22687.17,-6791.88,187.54,635.84,-6604.34,-5968.49,,,,,
4631,1732.92,4063.11,5193.96,481.62,274.73,-176.74,-3871.68,-31885.06,1753.42,22699.51,-6550.74,177.16,265.78,-6373.58,-6107.8,,,,,
4641,1825.29,4138.32,5192.11,493.01,284.74,-175.63,-3849.28,-31690.98,1704.04,22582.78,-6630,184.31,504.4,-6445.69,-5941.29,,,,,
4651,1830.95,4110.8,5199.58,502.66,276.77,-196.66,-3867.96,-31729.64,1688.82,22639.05,-6672.11,182.67,454.38,-6489.45,-6035.07,,,,,
4661,1841.28,4055.59,5182.24,492.61,287.59,-183.04,-3870.97,-31935.46,1726.59,22735.71,-6564.98,182.25,332.15,-6382.72,-6050.58,,,,,
4671,1782.76,4224.28,5232.72,514.32,280.43,-186.06,-3899.04,-31746.64,1735.01,22675.82,-6651.43,185.15,613.59,-6466.28,-5852.69,,,,,
4681,1778.06,4163.87,5207.74,504.24,277.83,-178.17,-3878.11,-31619.91,1751.92,22562.2,-6688.96,184.62,569.66,-6504.34,-5934.68,,,,,
4691,1768.19,4234.9,5206.02,512.21,278.01,-193.27,-3866.11,-31901.4,1749.77,22592.13,-6495.71,177.27,380.45,-6318.44,-5937.99,,,,,
4701,1773.24,4218.05,5257.3,520.69,290.43,-201.37,-3927.71,-31546.65,1697.24,22623.21,-6750.68,185.76,704.42,-6564.92,-5860.49,,,,,
4711,1793.77,4123.31,5218.03,505.52,276.72,-216.25,-3858.1,-31762.36,1761.44,22704.24,-6663.53,187.88,546.33,-6475.64,-5929.31,,,,,
4721,1824.42,4129.67,5249.96,517.34,268.91,-223.44,-3875.6,-31534.62,1728.11,22624.02,-6781.12,182.67,708.76,-6598.45,-5889.69,,,,,
4731,1827.45,4117.48,5190.9,499.75,263.18,-171.19,-3885.48,-31798.72,1730,22766.6,-6654.26,184.74,539.96,-6469.52,-5929.56,,,,,
4741,1787.72,4177.81,5203.75,506.77,260.85,-183.53,-3832.21,-31948.46,1755.69,22847.43,-6590.71,183.01,575.82,-6407.7,-5831.88,,,,,
4751,1758.67,4117.86,5173.17,498.5,287.81,-199.2,-3904.68,-31846.42,1749.33,22689.2,-6527.33,184.14,324.26,-6343.19,-6018.93,,,,,
4761,1776.04,4144.01,5195.98,498.33,284.37,-181.06,-3875.21,-31891.57,1761.15,22673.88,-6522.99,179.43,385.92,-6343.55,-5957.64,,,,,
4771,1782.53,4167.63,5199.84,511.61,287.03,-160.81,-3903.78,-31840.85,1745.78,22651.07,-6537.03,178.64,440.05,-6358.39,-5918.34,,,,,
4781,1764.36,4137.86,5199.44,475.1,268.24,-188.97,-3894.46,-31803.5,1718.32,22644.72,-6550.37,183.64,321.12,-6366.73,-6045.61,,,,,
4791,1838.35,4100.88,5188.25,505.42,272.9,-197.35,-3884.98,-31774.24,1714.63,22668.51,-6602.94,178.09,432.37,-6424.85,-5992.48,,,,,
4801,1799.32,4215.18,5208.94,505.81,275.03,-175.13,-3897.07,-31810.63,1692.99,22630.34,-6593.55,184.35,444.77,-6409.2,-5964.43,,,,,
4811,1748.61,4098.46,5215.53,510,281.07,-196.95,-3910.08,-31957.75,1750.36,22746.67,-6506.56,182.17,285.91,-6324.39,-6038.48,,,,,
4821,1838.59,4221.7,5211.57,497.64,267.36,-192.03,-3872.54,-31755.57,1705.11,22638.44,-6661.48,184.4,560.27,-6477.09,-5916.82,,,,,
4831,1761.9,4137.17,5208.28,496.79,286.74,-199.08,-3897.84,-31935.45,1726.68,22792.73,-6593.46,182.73,377.92,-6410.72,-6032.8,,,,,
4841,1843.5,4105.69,5196.63,501.55,270.55,-187.7,-3895.67,-31733.48,1696.11,22642.54,-6677.28,182.16,439.72,-6495.11,-6055.39,,,,,
4851,1761.87,4103.79,5219.19,509.75,285.63,-202.53,-3863.86,-31923.51,1714.69,22722.03,-6576.95,184.35,327.05,-6392.59,-6065.54,,,,,
4861,1749.07,4237.16,5230.11,515.58,288.94,-196.71,-3882.55,-31813.52,1749.48,22612.86,-6593.79,180.51,490.43,-6413.28,-5922.85,,,,,
4871,1787.49,4098.71,5196.68,507.72,272.02,-177.51,-3897.19,-32001.43,1715.61,22751.11,-6495.1,182.24,253.2,-6312.86,-6059.65,,,,,
4881,1869.31,4211.09,5211.17,522.65,277.63,-208.82,-3865.25,-31873.46,1723.75,22687.52,-6569.33,183.11,555.6,-6386.22,-5830.62,,,,,
4891,1791.34,4162.26,5182.6,503.59,255.27,-189.94,-3875.16,-31873.79,1746.98,22770.07,-6627.27,182.15,473.22,-6445.13,-5971.9,,,,,
4901,1792.4,4134.25,5176,504.65,283.52,-182.87,-3901.37,-31942.52,1754.09,22776.37,-6581.77,182.17,394.52,-6399.6,-6005.08,,,,,
4911,1779.88,4185.33,5232.52,506.22,293.28,-208.83,-3909.01,-31852.98,1766.99,22739.44,-6600.18,182.92,532.83,-6417.25,-5884.43,,,,,
4921,1828.5,4141.57,5192.21,518.12,288.62,-202.55,-3956.64,-31847.61,1694.22,22743.07,-6568.5,180.56,399.53,-6387.94,-5988.4,,,,,
4931,1755.11,4102.68,5212.98,506.44,272.23,-179.72,-3875.48,-32061.19,1731.64,22836.24,-6547.67,182.71,300.94,-6364.96,-6064.02,,,,,
4941,1732.04,4235.26,5163.11,500.84,279.96,-187.93,-3923.52,-31737.69,1706.5,22728,-6699.08,181.3,496.58,-6517.78,-6021.21,,,,,
4951,1782.2,4197.67,5145.64,506.85,282.14,-196.35,-3847.41,-31745.57,1749.56,22731.1,-6715.82,183.03,605.84,-6532.79,-5926.95,,,,,
4961,1773.27,4112.53,5171.96,489.18,264.17,-193.11,-3833.62,-31899.06,1730.27,22776.1,-6618.63,181.52,391.68,-6437.11,-6045.43,,,,,
4971,1803.9,4206.29,5166.34,494.13,263.92,-180.06,-3882.07,-31807.37,1707.72,22595.43,-6582.85,181.43,368.23,-6401.42,-6033.19,,,,,
4981,1838.04,4134.11,5203.96,505.67,274.25,-172.59,-3887.42,-31966.83,1731.13,22748.82,-6522.57,183.42,409.15,-6339.15,-5930,,,,,
4991,1840.41,4154.26,5237.19,505.12,292.46,-201.54,-3880.26,-31781.19,1732.25,22622.12,-6636.77,181.54,520.82,-6455.23,-5934.41,,,,,
5001,1786.44,4155.46,5146.06,512.82,270.61,-203.19,-3873.24,-31878.53,1690.35,22717.88,-6612.19,184.28,324.67,-6427.91,-6103.23,,,,,
5011,1786.95,4151.47,5197.39,509.18,276.02,-178.75,-3882.98,-31990.91,1721.88,22808.53,-6599.77,182.47,398.78,-6417.3,-6018.53,,,,,
5021,1820.35,4183.03,5208.22,519.14,251.37,-219.56,-3841.12,-31863.63,1687.93,22756.63,-6634.26,183.25,502.35,-6451.02,-5948.66,,,,,
5031,1799.82,4151.54,5214.76,505.61,282.98,-210.18,-3885.87,-31958.41,1726.25,22730.37,-6528.37,186.82,356.88,-6341.54,-5984.66,,,,,
5041,1808.99,4198.91,5180.57,526.3,284.71,-202.49,-3870.12,-31912.35,1723.19,22825.21,-6619.15,187.11,562.91,-6432.03,-5869.12,,,,,
5051,1749.73,4077.53,5179.35,501.54,263.01,-209.08,-3909.21,-32118.42,1764.56,22864.64,-6430.73,181.05,163.66,-6249.68,-6086.02,,,,,
5061,1780.02,4199.93,5222.66,498.08,276.42,-195.61,-3868.87,-31934.73,1716.87,22737.37,-6539.39,186.1,432.14,-6353.29,-5921.15,,,,,
5071,1788.67,4166.47,5242.77,490.64,282.88,-215.58,-3895.12,-31975.1,1728.2,22701.59,-6530.97,180.32,315.41,-6350.65,-6035.24,,,,,
5081,1816.87,4180.13,5242.65,487.59,276.23,-230.4,-3916.68,-32173.61,1708.97,22701.27,-6308.59,180.09,93.03,-6128.5,-6035.47,,,,,
5091,1812.9,4182.83,5205.19,504.87,300.78,-160.42,-3856.24,-32043.9,1726.25,22746.78,-6468.41,184.87,419.06,-6283.54,-5864.48,,,,,
5101,1758.82,4256.37,5191.64,509.77,293.27,-217.64,-3914.83,-32153.91,1698.52,22680.81,-6307.52,181.97,102.81,-6125.55,-6022.74,,,,,
5111,1741.72,4122.63,5261.52,501.43,282.29,-215.77,-3841.76,-32098.95,1709.89,22824.06,-6486.3,182.91,287.06,-6303.39,-6016.33,,,,,
5121,1759.67,4135.8,5219.62,504.07,272.81,-193.19,-3902.34,-32133.7,1724.98,22752.96,-6376.61,179.57,140.67,-6197.03,-6056.37,,,,,
5131,1791.52,4159.12,5209.44,492.19,268.3,-182.48,-3902.53,-32066.69,1739.42,22702.74,-6350.05,178.43,211.01,-6171.62,-5960.61,,,,,
5141,1797.67,4199.12,5216.69,501.96,267.98,-221.79,-3852.28,-32158.49,1738.95,22828.22,-6427.07,183.93,318.02,-6243.14,-5925.12,,,,,
5151,1832.92,4200.17,5187.04,514.27,257.79,-197.89,-3828.87,-32057.38,1701.96,22817.91,-6535.46,182.64,427.92,-6352.82,-5924.91,,,,,
5161,1825.03,4205.98,5216.36,520.25,285.8,-202.04,-3847.08,-32201.9,1709.61,22805.43,-6374.39,185.53,317.45,-6188.86,-5871.41,,,,,
5171,1833.43,4210.07,5177.87,501.33,277.85,-192.96,-3884.73,-32150.34,1702.46,22744.9,-6351.88,178.68,219.89,-6173.2,-5953.31,,,,,
5181,1835.74,4127.64,5185.92,516.36,272.98,-213.19,-3895.51,-31986.27,1761.14,22703.76,-6459.49,180.26,308.58,-6279.23,-5970.65,,,,,
5191,1796.64,4121.6,5186.26,495.62,273.26,-212.7,-3911.69,-31969.29,1746.95,22823.36,-6583.35,177.92,349.99,-6405.43,-6055.44,,,,,
5201,1811.39,4156.1,5215.53,505.36,301.04,-195.32,-3881.8,-32030,1742.24,22728.18,-6498.87,181.54,352.72,-6317.33,-5964.61,,,,,
5211,1828.23,4115.01,5183.02,493.05,261.67,-178.02,-3887.84,-32007.22,1681.38,22806.18,-6475.83,180.71,295.46,-6295.12,-5999.66,,,,,
5221,1835.03,4094.85,5187.1,496.52,273.18,-181.07,-3872.15,-32036.89,1719.86,22665.52,-6405.9,178.77,181.96,-6227.14,-6045.17,,,,,
5231,1745.52,4186.97,5204.63,507.74,285.61,-192.87,-3900.13,-32160.57,1731.34,22768.95,-6364.89,178.37,177.18,-6186.53,-6009.34,,,,,
5241,1789.45,4128.67,5239.16,506.41,257.49,-155.5,-3883.81,-32035.79,1741.75,22866.76,-6580.21,180.77,454.59,-6399.44,-5944.85,,,,,
5251,1795.37,4137.7,5152.89,484.28,286.35,-199.32,-3867.53,-32003.25,1720.72,22682.71,-6478.28,183.63,189.93,-6294.66,-6104.73,,,,,
5261,1825.26,4164.38,5206.68,519.36,284.86,-204.56,-3879.55,-31820.36,1706.73,22687.34,-6650.38,185.39,490.15,-6464.99,-5974.84,,,,,
5271,1793.58,4146.81,5199.35,519.44,268.45,-217.05,-3850.78,-31932.33,1765.33,22707.67,-6552.05,181.26,400.46,-6370.79,-5970.33,,,,,
5281,1826.47,4170.59,5239.65,513.07,283.66,-198.64,-3853.63,-32050.15,1756.64,22672.38,-6472.81,181.86,360.04,-6290.95,-5930.91,,,,,
5291,1769.98,4129.79,5211.31,503.37,263.55,-186.78,-3893.72,-32073.04,1733.18,22714.1,-6404.99,184.66,171.74,-6220.32,-6048.58,,,,,
5301,1754.72,4227.93,5211.15,506.41,292.1,-219.46,-3869.65,-31932.12,1721.86,22631.27,-6497.69,179.23,324.2,-6318.46,-5994.25,,,,,
5311,1818.67,4141.65,5214.32,506.36,260.5,-209.23,-3858.11,-31966.93,1737.2,22671.33,-6487.09,179.27,315.76,-6307.82,-5992.05,,,,,
5321,1772.98,4087.06,5194.07,514.06,284.87,-210.93,-3868.89,-31942.6,1724.51,22721.63,-6523.68,178.58,276.76,-6345.1,-6068.34,,,,,
5331,1775.61,4244.89,5187.2,510.46,265.38,-201.6,-3893.83,-31792.16,1699.34,22545.06,-6542.83,181.71,340.35,-6361.12,-6020.78,,,,,
5341,1760.1,4126.96,5222.57,508.48,286.93,-200.98,-3878.45,-31832.42,1722.68,22763.78,-6699.98,183.31,479.65,-6516.68,-6037.03,,,,,
5351,1850.64,4137.73,5224.13,516.6,273.22,-191.6,-3834.72,-31759.06,1684.21,22591.47,-6654.1,184.07,492.63,-6470.03,-5977.4,,,,,
5361,1757.6,4186.51,5275,499.91,271.81,-208.69,-3947.52,-31826.51,1736.87,22772.7,-6615.27,180.31,517.69,-6434.96,-5917.27,,,,,
5371,1815.72,4075.34,5202.28,515.14,255.97,-203.02,-3892.22,-31831.19,1755.84,22711.87,-6602.29,185.19,405.74,-6417.09,-6011.35,,,,,
5381,1758.4,4186.75,5197.26,502.72,255.37,-182.77,-3862.98,-31987.07,1738.96,22696.27,-6500.13,184.47,302.92,-6315.65,-6012.74,,,,,
5391,1793.75,4156.01,5199.83,486.34,267,-197.84,-3924.42,-31824.6,1721.48,22747.68,-6644.67,188.46,425.22,-6456.21,-6030.99,,,,,
5401,1792.24,4157.66,5149.98,495.91,263.41,-186.09,-3863.94,-31991.06,1703.38,22734.26,-6509.58,181.63,255.76,-6327.95,-6072.19,,,,,
5411,1795.95,4128.8,5214.96,504.65,261.33,-205.26,-3893.62,-31911.78,1758.56,22737.05,-6592.79,183.8,390.64,-6408.99,-6018.35,,,,,
5421,1795.57,4203.05,5182.05,519.37,265.77,-200.42,-3929.31,-32156.42,1698.64,22749.16,-6393.96,180.79,127.47,-6213.18,-6085.7,,,,,
5431,1803.28,4115.29,5226.15,501.24,303.46,-190.37,-3885.26,-31820.59,1735.33,22648.21,-6599.27,185.9,436.73,-6413.37,-5976.64,,,,,
5441,1760.31,4170.27,5202.22,517.99,285.47,-179.01,-3855.84,-31935.64,1724.31,22754.19,-6567.42,184.88,444.27,-6382.55,-5938.27,,,,,
5451,1780.79,4152.24,5227.65,507.87,274.73,-181.21,-3868.85,-32060.57,1694.71,22815.28,-6448.09,184.45,342.64,-6263.64,-5921,,,,,
5461,1821.65,4121.87,5195.37,501.85,256.44,-191.99,-3817.85,-31811.03,1694.94,22646.13,-6593.24,183.73,417.39,-6409.52,-5992.13,,,,,
5471,1763.7,4117.46,5197.55,493.64,260.46,-182.17,-3859.71,-31870.7,1715.42,22700.17,-6560.03,185.06,335.82,-6374.97,-6039.15,,,,,
5481,1832.81,4168.95,5198.8,498.13,291.59,-185.65,-3883.88,-32011.02,1688.62,22669.09,-6390.68,181.58,267.44,-6209.1,-5941.66,,,,,
5491,1794.06,4124.27,5229.02,479.44,293.18,-205.17,-3900.52,-31800.7,1731.39,22686.1,-6640.48,179.24,431.09,-6461.25,-6030.16,,,,,
5501,1795.44,4133.13,5248.37,526.21,280.71,-220.54,-3843.78,-31855.56,1723.39,22623.35,-6547.87,184.7,410.71,-6363.17,-5952.46,,,,,
5511,1770.89,4186.3,5200.32,510.72,257.64,-179.81,-3852.67,-32013.6,1705.8,22727.8,-6490.46,182.74,313.4,-6307.72,-5994.32,,,,,
5521,1845.55,4188.24,5179.95,511.62,272.17,-197.72,-3848.59,-31815.47,1723.79,22563.94,-6514.68,183.82,423.48,-6330.86,-5907.39,,,,,
5531,1822.99,4243.89,5271.81,535.01,288.31,-209.3,-3851.68,-31884.94,1719.39,22618.67,-6513.98,184.16,554.13,-6329.81,-5775.68,,,,,
5541,1760.39,4107.82,5231.85,488.95,276.45,-194.61,-3912.58,-31840.96,1711.09,22703.5,-6585.07,182.35,331.9,-6402.72,-6070.83,,,,,
5551,1841.5,4156.76,5229.46,493.26,277.15,-195.1,-3873.85,-31841.28,1693.73,22675.69,-6582.43,185.95,457.3,-6396.48,-5939.18,,,,,
5561,1784.98,4157.52,5237.93,506.07,289.14,-209.28,-3899,-32059.68,1726.23,22699.08,-6408.13,181.08,232.97,-6227.06,-5994.09,,,,,
5571,1788.58,4139.15,5230.12,499.35,288.91,-228.65,-3843.68,-32171.77,1741.02,22787.64,-6401.88,181.23,230.68,-6220.64,-5989.97,,,,,
5581,1764.58,4141.71,5210.17,526.99,269.87,-193.38,-3954.54,-31808.48,1725.62,22751.72,-6643.28,179.98,434.27,-6463.3,-6029.03,,,,,
5591,1868.56,4127.47,5224.4,506.25,273.11,-192.64,-3885.36,-31990.99,1744.91,22748.58,-6507.8,182.74,424.27,-6325.05,-5900.78,,,,,
5601,1814.96,4148.76,5233.25,503.69,293.18,-196.13,-3866.86,-31942.3,1680.39,22710.08,-6553.83,181.57,379.02,-6372.26,-5993.24,,,,,
5611,1798.12,4199.71,5164.89,517.48,268.65,-201.45,-3845.91,-31714.51,1716.63,22675.09,-6754.05,185.72,578.71,-6568.33,-5989.63,,,,,
5621,1831.6,4130.97,5188.77,505.71,264.59,-187.45,-3869.26,-31857.63,1719.88,22744.3,-6657.4,185.79,471.5,-6471.61,-6000.11,,,,,
5631,1821.4,4187.4,5179.7,518.2,296.65,-184.55,-3825.47,-31953.86,1741.6,22698.27,-6535.63,182.09,479.32,-6353.53,-5874.21,,,,,
5641,1791.3,4163.75,5232.7,519.71,296.6,-173.44,-3926.36,-32022.66,1734.94,22713.63,-6458.21,179.4,330.17,-6278.81,-5948.64,,,,,
5651,1790.64,4090.36,5228.36,492.19,274.7,-175.58,-3909.25,-31793.31,1730.83,22691.24,-6611.07,183.5,420.19,-6427.57,-6007.38,,,,,
5661,1798.83,4123.43,5147.8,505.55,294.02,-187.54,-3897.43,-31865.7,1737.99,22757.02,-6654.49,180.3,413.97,-6474.19,-6060.21,,,,,
5671,1834.69,4124.33,5211.16,499.74,271.63,-197.87,-3873.18,-31868.37,1721.58,22733.67,-6606.15,184.22,457.4,-6421.93,-5964.53,,,,,
5681,1789.91,4189.33,5176.74,520.57,281.29,-208.62,-3877.08,-31777.9,1742.68,22625.05,-6599.78,182.14,461.97,-6417.64,-5955.67,,,,,
5691,1778.49,4256.72,5200.3,524.29,287,-194.87,-3867.52,-31795.59,1726.84,22571.43,-6611.48,183.81,487.09,-6427.67,-5940.58,,,,,
5701,1759.03,4215.09,5198.92,523.11,285.87,-192.92,-3865.41,-31896.87,1746.35,22753.35,-6583.62,185.07,526.52,-6398.55,-5872.03,,,,,
5711,1841.98,4171.2,5212.28,503.38,276.05,-193.47,-3859.06,-31908.71,1757.06,22625.69,-6562.2,182.48,426.39,-6379.72,-5953.33,,,,,
5721,1838.81,4119.94,5211.44,496.34,278.05,-218.87,-3861.51,-32115.95,1718.94,22743.71,-6409.11,184.32,210.9,-6224.8,-6013.89,,,,,
5731,1845.82,4244.3,5172.22,512.34,283.05,-189.41,-3874.16,-32000.46,1699.21,22723.78,-6479.21,182.99,416.68,-6296.23,-5879.54,,,,,
5741,1783.87,4151.32,5237.44,524.74,288.85,-189.34,-3899.07,-32001.93,1761.51,22720.53,-6463.81,178.38,377.94,-6285.43,-5907.49,,,,,
5751,1854.55,4129.15,5174.87,500.56,277.04,-180.38,-3873.24,-32043.55,1733.07,22641.71,-6381.22,182.16,213.77,-6199.06,-5985.29,,,,,
5761,1834.72,4147.5,5200.09,507.52,264.24,-217.25,-3850.02,-32174.18,1714.88,22759.43,-6353.07,182.82,186.94,-6170.25,-5983.31,,,,,
5771,1795.25,4145.29,5187.48,498.93,295.68,-199.53,-3830.37,-32041.81,1750.51,22731.86,-6487.24,183.01,333.28,-6304.23,-5970.95,,,,,
5781,1830.8,4101.75,5215.02,506.07,277.15,-185.67,-3896.93,-31925.85,1718.22,22738.84,-6529.58,180.41,379.4,-6349.17,-5969.77,,,,,
5791,1803.36,4131.67,5196.01,504.37,275.94,-194.06,-3878.1,-31773.34,1749.22,22717.91,-6659.56,183.85,532.97,-6475.71,-5942.75,,,,,
5801,1755.28,4125.92,5188.46,504.68,258.99,-182.82,-3883.04,-32086.86,1709.16,22803.22,-6419.01,180.12,192.98,-6238.89,-6045.91,,,,,
5811,1767.34,4194.57,5119.18,499.86,260.52,-157.78,-3874.88,-31981.4,1702.03,22642.56,-6460.8,183.57,171.99,-6277.23,-6105.24,,,,,
5821,1790.48,4251.02,5160.12,524.74,272.99,-190.74,-3822.85,-31995.96,1689.67,22791.89,-6569.87,186.61,471.36,-6383.26,-5911.9,,,,,
5831,1872.97,4152.03,5189.74,521.1,282.56,-202,-3933.83,-31771.59,1717.14,22608.89,-6555.66,183.45,437.01,-6372.21,-5935.19,,,,,
5841,1834.63,4066.77,5207.76,513.97,276.78,-210.52,-3848.03,-31753.54,1727.91,22771.86,-6693.31,183.28,587.6,-6510.03,-5922.43,,,,,
5851,1744.83,4186.3,5181.78,515.98,270.05,-203.12,-3908.89,-31856.1,1758.22,22765.35,-6600.97,180.78,454.4,-6420.19,-5965.78,,,,,
5861,1811.2,4131.66,5183.31,499.27,259.11,-190.46,-3919.86,-31951.05,1736.55,22781.64,-6489.64,181.34,341.38,-6308.3,-5966.92,,,,,
5871,1821.13,4121.06,5182.59,514.34,276.67,-166.83,-3892.28,-31959.4,1739.8,22688.3,-6483.27,183.36,325.39,-6299.91,-5974.53,,,,,
5881,1782.98,4158.57,5240.33,512.47,278.21,-199.76,-3899.92,-31703.92,1731.24,22687.6,-6677.77,181.67,587.79,-6496.09,-5908.3,,,,,
5891,1807.53,4105.78,5202.36,508.51,258.65,-198.12,-3908.17,-31647.35,1711.77,22756.51,-6771.71,183.85,597.48,-6587.86,-5990.39,,,,,
5901,1865.8,4141.71,5177.62,516.32,274.19,-208.88,-3875.47,-32051.56,1731.92,22818.32,-6470.91,181.34,389.98,-6289.57,-5899.59,,,,,
5911,1760.12,4146.71,5197.58,515.11,252.21,-176.88,-3896.54,-32004.73,1733.2,22777.61,-6475.85,184.38,304.4,-6291.47,-5987.07,,,,,
5921,1731.06,4179.57,5204.99,510.72,270.99,-199.27,-3829.16,-32233.14,1754.37,22828.7,-6392.48,183.2,218.84,-6209.27,-5990.43,,,,,
5931,1847.63,4072.41,5210.3,498.15,277.13,-205.74,-3840.05,-31818.88,1712.03,22563.34,-6567.77,184.71,316.3,-6383.05,-6066.75,,,,,
5941,1781.08,4148.93,5249.94,491.14,295.91,-203.02,-3886.96,-31946.3,1746.25,22716.78,-6462.68,180.46,393.75,-6282.22,-5888.47,,,,,
5951,1807.36,4187.98,5214.39,500.33,259.55,-195.86,-3882.9,-32111.9,1751.76,22760.33,-6411.66,180.89,291.04,-6230.78,-5939.74,,,,,
5961,1800.27,4199.49,5181.23,514.89,279.73,-186.64,-3847.5,-32020.55,1713.3,22740.63,-6489.02,181.15,374.85,-6307.87,-5933.02,,,,,
5971,1807.73,4170.11,5264.37,506.94,285.95,-189.39,-3917.29,-31911.84,1745.58,22660.28,-6506.72,186.43,422.44,-6320.29,-5897.85,,,,,
5981,1802.89,4223.24,5184.39,511.99,265.1,-187.39,-3917.17,-31897.26,1722.17,22765.47,-6578.32,187.88,473.42,-6390.43,-5917.01,,,,,
5991,1745.35,4169.82,5200.9,480.96,268.52,-180.5,-3902.78,-31843.4,1750.9,22610.62,-6529.91,183.33,300.39,-6346.58,-6046.19,,,,,
6001,1814.69,4096.43,5171.92,503.49,275.46,-180.52,-3849.4,-31982.81,1748.17,22712.75,-6465.07,182.83,310.19,-6282.23,-5972.05,,,,,
6011,1786.78,4101.71,5208.28,477.51,284.16,-212.04,-3844.73,-32167.68,1740.48,22755.93,-6316.18,182.9,130.37,-6133.28,-6002.91,,,,,
6021,1840.14,4077.3,5232.23,506.95,268.3,-201.41,-3837.45,-31874.07,1737.18,22678.58,-6569.24,184.17,427.75,-6385.07,-5957.32,,,,,
6031,1781.68,4116.44,5176.1,481.48,275.84,-200.8,-3894.15,-31753.01,1708.58,22639.42,-6654.41,183.39,331.56,-6471.02,-6139.46,,,,,
6041,1745.56,4182.51,5198.13,493.82,261.01,-185.25,-3845.35,-31913.64,1758.19,22546.67,-6449.48,185.21,241.65,-6264.27,-6022.62,,,,,
6051,1858.65,4177.75,5222.99,507.93,291.56,-187.07,-3847.84,-31892.81,1666.31,22597.93,-6494.11,184.55,395.4,-6309.56,-5914.16,,,,,
6061,1804.83,4099.77,5172.57,492.51,280.51,-186.07,-3891.32,-31929.88,1715.96,22545.89,-6407.8,180.4,104.79,-6227.4,-6122.61,,,,,
6071,1757.45,4248.5,5227.78,500.27,271.38,-231.09,-3904.52,-31932.5,1716.6,22621.23,-6436.69,185.55,275.08,-6251.14,-5976.06,,,,,
6081,1803.89,4109.51,5231.52,493.27,266.97,-192.38,-3855.59,-31982.44,1721.4,22623.17,-6411.47,185.31,219.32,-6226.16,-6006.84,,,,,
6091,1799.05,4194.92,5192.01,513.48,272.69,-204.65,-3874.36,-31800.19,1706.13,22603.56,-6575.82,183.15,402.63,-6392.67,-5990.04,,,,,
6101,1791.73,4138.33,5215.93,501.54,276.76,-186.37,-3866.37,-31938.91,1740.78,22588.02,-6453.18,182.65,261.44,-6270.54,-6009.1,,,,,
6111,1770.11,4118.13,5145.43,499.29,261.91,-182.6,-3917.77,-31906.73,1732.2,22728.46,-6537.25,182.6,248.42,-6354.65,-6106.23,,,,,
6121,1773.56,4187.28,5196.28,507.87,280.76,-168,-3914.03,-31847.5,1702.33,22653.62,-6543.84,185.05,372.16,-6358.79,-5986.63,,,,,
6131,1775.95,4188.06,5142.58,508,279.07,-193.64,-3912.58,-31984.25,1750.13,22751.19,-6464.1,179.71,304.52,-6284.39,-5979.87,,,,,
6141,1728.71,4169.47,5200.82,499.65,268.2,-196.87,-3857.88,-32011.28,1739.28,22703.01,-6481.26,181.1,243.1,-6300.16,-6057.06,,,,,
6151,1803.77,4281.62,5172.35,501.55,276.08,-198.09,-3848.75,-31948.55,1723.09,22538.25,-6424.8,182.47,301.32,-6242.33,-5941.01,,,,,
6161,1851.32,4098.29,5213.79,509.05,277.13,-194.44,-3885.82,-31712.4,1673.41,22678.29,-6650.65,189.24,508.62,-6461.41,-5952.79,,,,,
6171,1769.01,4158.5,5192.37,504.95,281.61,-176.48,-3891.22,-31875.36,1691.04,22692.27,-6528.62,187.9,346.69,-6340.72,-5994.04,,,,,
6181,1807.4,4076.89,5197.26,497.68,289.28,-198.27,-3873.38,-31956.4,1709.54,22772.85,-6547.28,181.95,322.82,-6365.32,-6042.5,,,,,
6191,1835.82,4185.53,5237.25,497.39,263.28,-202.45,-3901.79,-31991.6,1727.15,22740.5,-6499.57,183.1,391.09,-6316.47,-5925.39,,,,,
6201,1796.37,4131.74,5190.11,498.65,268.85,-189.17,-3927.94,-32108.61,1718.71,22844.22,-6402,181.97,222.93,-6220.04,-5997.11,,,,,
6211,1792.02,4196.34,5238.39,509.73,277.71,-205.96,-3851.14,-32131.8,1752.87,22734.36,-6359.34,182.51,312.52,-6176.83,-5864.32,,,,,
6221,1786.91,4231.41,5237.3,509.81,315.9,-188.66,-3928.43,-32197.78,1693.19,22656.67,-6231.25,181.02,116.31,-6050.23,-5933.92,,,,,
6231,1721.67,4200.93,5193.85,513.33,288.04,-195.2,-3868.29,-31868.53,1738.86,22611.29,-6492.58,181.95,335.94,-6310.63,-5974.69,,,,,
6241,1803.02,4114.12,5172.8,515.21,274.18,-175.73,-3900.89,-32010.26,1692.31,22666.35,-6397.57,180.56,151.12,-6217.01,-6065.89,,,,,
6251,1794.34,4181.56,5190.49,510.94,264.79,-154.43,-3892.19,-31882.95,1742.96,22636.38,-6481.72,179.4,391.89,-6302.32,-5910.43,,,,,
6261,1746.98,4072.13,5234.4,505.67,281.66,-195.57,-3877.18,-32090.5,1725.47,22707.57,-6348.45,183.58,110.63,-6164.87,-6054.24,,,,,
6271,1791.98,4131.86,5129.44,512.38,274.61,-209.62,-3913.21,-31934.01,1711.19,22699.01,-6471.23,183.96,193.64,-6287.27,-6093.63,,,,,
6281,1891.74,4154.99,5239.33,513,257.82,-203.3,-3911.46,-31905.89,1691.99,22660.46,-6480.27,183.88,388.67,-6296.39,-5907.72,,,,,
6291,1846.6,4123.49,5197.7,502.8,278.46,-190.72,-3911.59,-31991.05,1726.16,22583.7,-6382.68,183.06,165.56,-6199.62,-6034.06,,,,,
6301,1747.37,4129.67,5217.17,503.95,290.44,-180.57,-3890.49,-32031.94,1745.77,22736.38,-6413.97,182.19,267.76,-6231.78,-5964.03,,,,,
6311,1825,4225.56,5168.55,510.79,278.33,-159.47,-3871.39,-31779.87,1702.78,22482.93,-6480.86,184.52,383.2,-6296.34,-5913.14,,,,,
6321,1824.75,4171.69,5220.15,511.49,272.57,-203.69,-3913.04,-31752.92,1700.35,22495.58,-6519.35,181.98,326.92,-6337.37,-6010.46,,,,,
6331,1835.7,4169.57,5181.91,499.84,286.69,-176.41,-3902,-31853.24,1731.32,22595.82,-6526.88,185.51,369.19,-6341.37,-5972.17,,,,,
6341,1833.16,4211.02,5192.06,519.51,275.47,-207.54,-3884.62,-31849.71,1749.2,22571.89,-6451.63,182.77,410.44,-6268.87,-5858.42,,,,,
6351,1753.62,4144.64,5183.38,495.21,292.7,-172.56,-3921.83,-31828.19,1702.46,22613.82,-6561.44,183.63,263.25,-6377.82,-6114.56,,,,,
6361,1812.28,4168.02,5240.6,509.24,276.51,-172.93,-3909.3,-31816.12,1691.69,22560.05,-6501.41,185.36,360.05,-6316.05,-5956,,,,,
6371,1828.56,4218.63,5178.63,515.8,252.49,-183.32,-3896.63,-31816.03,1705.48,22626.19,-6573.39,187.04,429.8,-6386.36,-5956.56,,,,,
6381,1772.24,4237.87,5173.98,526.96,288.46,-188.28,-3877.71,-31708.64,1722.81,22512.75,-6619.54,186.79,460.43,-6432.75,-5972.32,,,,,
6391,1813.24,4149.51,5152.17,512.62,274.07,-186.27,-3813.38,-31898.32,1703.89,22478.07,-6394.53,184.04,185.6,-6210.49,-6024.89,,,,,
6401,1879.52,4165.8,5175.94,505.29,272.24,-184.26,-3893.13,-31873.78,1725.18,22519.63,-6432.52,182.71,292.43,-6249.81,-5957.38,,,,,
6411,1846.21,4202.24,5177.5,513.07,266.36,-183.83,-3872.51,-31932.62,1747.44,22561.93,-6442.12,181.19,325.79,-6260.93,-5935.14,,,,,
6421,1815.08,4215.11,5191.08,506.4,265.47,-167.55,-3810.3,-31879,1731.17,22539.71,-6483.67,186.18,407.18,-6297.49,-5890.31,,,,,
6431,1732.77,4255.69,5194.63,510.73,280.28,-206.09,-3882.69,-31906.73,1747.35,22644.99,-6481.53,182.11,370.95,-6299.42,-5928.47,,,,,
6441,1761.94,4081.64,5202.99,500.07,295.98,-212.19,-3889.98,-31708.18,1735.8,22519.15,-6572.64,181.57,287.23,-6391.07,-6103.83,,,,,
6451,1850.62,4198.44,5203.3,511.15,260.97,-223.42,-3858.05,-31640.59,1698.92,22556.87,-6694.65,188.46,558.2,-6506.19,-5947.99,,,,,
6461,1806.11,4192.49,5229.44,513.34,272.67,-218.56,-3865.7,-31781.35,1710.73,22564.83,-6558.17,183.52,424,-6374.65,-5950.65,,,,,
6471,1784.55,4211.46,5192.2,492.91,273.21,-178.48,-3884.99,-31578.72,1697.95,22494.72,-6711.71,185.54,504.81,-6526.18,-6021.37,,,,,
6481,1828.77,4140.78,5157.14,499.22,267.83,-183.71,-3847.48,-31700.23,1706.65,22661.24,-6691.16,187.76,530.2,-6503.4,-5973.2,,,,,
6491,1792.41,4204.28,5198.03,510.27,259.34,-208.62,-3913.96,-31742.57,1713.82,22715.69,-6676.09,183.32,528.67,-6492.77,-5964.09,,,,,
6501,1791.55,4139.8,5145.56,491.12,284.19,-175.5,-3874.76,-31887.25,1709.47,22659.65,-6555.6,186.35,283.84,-6369.24,-6085.41,,,,,
6511,1788.37,4255.69,5210.14,541.97,262.94,-205.07,-3821.2,-31781.98,1732.89,22619.29,-6622.27,185.95,603.03,-6436.32,-5833.3,,,,,
6521,1799.85,4121.27,5246.35,513.65,255.55,-171.69,-3866.88,-31864.25,1740.93,22637.77,-6538.37,181.89,412.55,-6356.48,-5943.93,,,,,
6531,1765.4,4125.25,5208.89,495.97,269.58,-191.79,-3877.1,-31949.88,1723.36,22673.87,-6522.12,181.56,243.55,-6340.56,-6097.01,,,,,
6541,1798.3,4220.29,5153.63,513.56,255.87,-175.9,-3821.54,-32039.45,1751.91,22627.52,-6399.32,181.26,284.19,-6218.06,-5933.87,,,,,
6551,1814.95,4233.44,5214.37,510.18,266.6,-165.09,-3873.81,-31806.16,1741.15,22649.51,-6627.14,185.42,585.15,-6441.72,-5856.57,,,,,
6561,1797.68,4188.88,5181.36,506.43,285.33,-184.55,-3857.84,-31709.89,1723.87,22664.8,-6703.71,184.62,596.1,-6519.09,-5922.99,,,,,
6571,1788.07,4174.64,5240.83,522.58,299.95,-209.15,-3873.12,-32015.06,1761.17,22653.4,-6406.9,181.71,343.32,-6225.19,-5881.87,,,,,
6581,1821.49,4273.08,5189.38,508.07,274.02,-211.5,-3877.86,-31862.04,1725.92,22561.35,-6492.84,184.37,401.9,-6308.47,-5906.57,,,,,
6591,1753.85,4197.7,5220.61,521.83,295.62,-195.29,-3879.85,-31883.44,1716.15,22671.12,-6524.34,180.19,418.29,-6344.15,-5925.85,,,,,
6601,1831.47,4179.21,5174.66,493.59,286.7,-190.8,-3880.93,-31857.56,1705.4,22562.04,-6520.8,183.58,303.8,-6337.21,-6033.41,,,,,
6611,1831.41,4130.29,5188.22,515.18,262.28,-167.43,-3846.26,-31799,1726.15,22697.42,-6651.4,186.28,538.27,-6465.11,-5926.85,,,,,
6621,1817.73,4169.79,5147.16,506.02,289.37,-211.93,-3850.07,-31756.5,1722.48,22620.68,-6676.41,183.74,454.74,-6492.67,-6037.93,,,,,
6631,1831.54,4212.73,5182.16,514.16,265.89,-178.48,-3844.69,-31898.59,1720.12,22629.62,-6530.86,184.35,434.46,-6346.5,-5912.05,,,,,
6641,1751.1,4248.44,5172.38,513.39,278.87,-159.6,-3854.11,-31984.05,1755.65,22678.68,-6427.41,184,400.76,-6243.41,-5842.65,,,,,
6651,1832.09,4180.05,5206.35,501.87,275.88,-189.04,-3858.44,-32187.19,1738.3,22592.66,-6253.94,178.55,92.53,-6075.39,-5982.87,,,,,
6661,1757.93,4107,5218.51,507.93,273.23,-170.75,-3795.84,-32026.22,1784.06,22737.15,-6459.38,185.76,393,-6273.62,-5880.62,,,,,
6671,1801.54,4246.36,5191.61,525.35,287.01,-195.05,-3855.11,-31852.51,1737.06,22653.35,-6527.66,188.21,539.63,-6339.46,-5799.83,,,,,
6681,1868.76,4169.23,5166.89,516.7,267.93,-174.56,-3937.32,-31789.19,1706.2,22629.19,-6611.79,181.92,423.84,-6429.87,-6006.03,,,,,
6691,1775.5,4205.09,5198.73,508.91,262.56,-177.29,-3856.4,-31604.02,1725.55,22627.24,-6786.01,187.71,665.87,-6598.3,-5932.43,,,,,
6701,1767.63,4132.5,5245.04,505.04,270.35,-182.53,-3854.18,-31865.67,1714.8,22559.12,-6469.77,184.59,292.11,-6285.18,-5993.07,,,,,
6711,1825.48,4155.2,5182.82,529.36,264.06,-194.11,-3817.56,-31924.35,1718.17,22679.88,-6545.67,185.94,418.97,-6359.74,-5940.77,,,,,
6721,1814.17,4219.56,5187.38,520.15,274.24,-199.12,-3857.34,-31914.39,1740.43,22587.24,-6457.4,184.57,372.32,-6272.82,-5900.5,,,,,
6731,1839.04,4111.81,5206.14,512.13,283.44,-175.17,-3873.13,-31750.61,1734.71,22604.86,-6594.62,184.55,493.24,-6410.07,-5916.83,,,,,
6741,1821.59,4146.4,5218.29,509.83,282.4,-189.56,-3889.74,-31783.64,1731.37,22695.83,-6669.67,184.14,542.77,-6485.53,-5942.76,,,,,
6751,1873.18,4105.25,5180.03,506.56,261.95,-197.41,-3823.82,-31697.91,1703.87,22601.27,-6649.38,189.1,512.97,-6460.28,-5947.31,,,,,
6761,1801.64,4122.49,5176.21,513.73,282.85,-199.47,-3871.47,-32062.02,1733.82,22766.11,-6429.17,183.31,263.88,-6245.86,-5981.97,,,,,
6771,1840.56,4234.4,5186.45,528.18,274.97,-205.9,-3885.97,-31869.47,1726.21,22676.91,-6555.53,186.85,506.34,-6368.68,-5862.34,,,,,
6781,1759.64,4162.7,5188.2,505.66,268.34,-172.48,-3832.1,-32048.13,1735.88,22811.75,-6514.06,186.17,379.44,-6327.89,-5948.45,,,,,
6791,1796.23,4180.04,5247.68,496.8,302.55,-201.37,-3911.05,-31811.16,1718.24,22822.64,-6649.66,182.78,640.6,-6466.88,-5826.28,,,,,
6801,1795.41,4135.89,5205.07,497.3,260.99,-190.79,-3850.44,-31790.7,1718.06,22727.93,-6708.65,185.04,508.7,-6523.61,-6014.91,,,,,
6811,1778.21,4140.36,5191.98,517.69,268.23,-193.8,-3865.25,-31831.27,1760.26,22747.93,-6667.68,184.82,514.33,-6482.86,-5968.53,,,,,
6821,1819.09,4238.34,5182.63,501.69,272.25,-206.65,-3834.5,-31675.95,1695.1,22675.64,-6808.16,188,667.63,-6620.17,-5952.53,,,,,
6831,1832.69,4077.43,5232.38,514.68,284.02,-169.05,-3853.06,-31850.38,1723.94,22667.2,-6599.39,185.9,459.84,-6413.49,-5953.64,,,,,
6841,1849.62,4075.94,5218.56,506.97,308.43,-190.59,-3853.7,-31735.73,1698.54,22719.72,-6692,186.98,597.77,-6505.02,-5907.25,,,,,
6851,1857.97,4130.49,5234.55,514.01,273.5,-196.93,-3851.45,-31663.34,1736.28,22614.07,-6711.4,185.64,649.15,-6525.76,-5876.61,,,,,
6861,1729.47,4166.63,5219.37,487.13,264.62,-219.2,-3859.85,-31750.76,1740.2,22747.47,-6745.6,191.19,525.09,-6554.41,-6029.32,,,,,
6871,1770.38,4166.31,5225.07,511.95,295.34,-195.14,-3834.48,-31617.13,1732.05,22664.44,-6797.66,191.02,718.79,-6606.64,-5887.85,,,,,
6881,1805.91,4187.13,5196.12,513.48,269.72,-201.25,-3842.59,-31795.81,1728.11,22703.55,-6659.64,189.27,564.36,-6470.38,-5906.02,,,,,
6891,1799.98,4163.29,5171.45,508.63,306.32,-213.13,-3824.78,-31750.41,1729.42,22700.17,-6745.62,190.86,590.94,-6554.76,-5963.82,,,,,
6901,1749.07,4183.78,5164.98,513.04,287.84,-186.38,-3860.12,-31889.77,1750.77,22775.03,-6640.18,191.4,488.25,-6448.78,-5960.53,,,,,
6911,1826.93,4200.48,5137.03,515.95,268.32,-209.31,-3816.31,-31677.61,1713.28,22681.81,-6806.75,188.48,640.57,-6618.28,-5977.7,,,,,
6921,1808.87,4101.63,5222.86,509.59,292.96,-210.49,-3815.8,-31700.91,1728.17,22741.97,-6753.19,187.81,678.86,-6565.38,-5886.53,,,,,
6931,1847.32,4222.72,5155.35,503.5,263.86,-183.82,-3850,-31792.8,1723.27,22593.59,-6596.24,186.7,483,-6409.54,-5926.53,,,,,
6941,1752.2,4087.32,5234.95,498.04,272.61,-213.6,-3867.76,-31904.18,1734.31,22790.77,-6611.03,188.4,384.66,-6422.63,-6037.97,,,,,
6951,1768.14,4096.19,5201.55,510.8,286.11,-192.96,-3871.42,-31933.5,1730.12,22849.17,-6643.39,184.91,444.21,-6458.48,-6014.27,,,,,
6961,1799.73,4178.47,5210.11,500.88,273.25,-200.04,-3857.98,-31746.33,1730.63,22736.69,-6749.33,186.01,625.41,-6563.32,-5937.91,,,,,
6971,1847.49,4141.02,5189.9,516.58,282.56,-187.62,-3898.02,-31805.65,1688.6,22821.02,-6730.34,186.95,595.89,-6543.39,-5947.5,,,,,
6981,1820.4,4268.62,5184.31,515.38,274.58,-203.44,-3909.76,-31581.17,1718.05,22617.17,-6823.12,186.69,704.12,-6636.42,-5932.3,,,,,
6991,1805.4,4160.87,5209.03,503.04,262.44,-196.32,-3874.86,-31896.42,1735.29,22713.62,-6569.33,186.64,422.1,-6382.69,-5960.6,,,,,
7001,1766.1,4186.12,5233.04,503.56,284.36,-196.91,-3873.44,-31884.75,1711.24,22758.6,-6640.41,185.33,487.91,-6455.07,-5967.16,,,,,
7011,1760.89,4223.47,5211.44,515.43,265.79,-209.04,-3838.76,-31813.48,1701.77,22605.37,-6636.73,185.01,422.89,-6451.72,-6028.84,,,,,
7021,1800.32,4114.19,5222.41,506.43,277.43,-193.64,-3851.7,-32020.84,1714.86,22639.75,-6461.24,185.17,209.2,-6276.07,-6066.87,,,,,
7031,1834.38,4126.77,5158.55,508.26,279.05,-218.66,-3851.19,-31872.97,1709,22719.99,-6617.15,182.14,393.18,-6435.01,-6041.83,,,,,
7041,1724.72,4179.69,5268.45,497.9,291.52,-201.51,-3852.17,-32107.07,1752.96,22723.58,-6404.6,181.73,278.07,-6222.86,-5944.79,,,,,
7051,1820.37,4167.25,5224.59,518.3,279.35,-194.74,-3856.09,-32045.14,1701.99,22755.76,-6449.26,185.5,371.63,-6263.75,-5892.12,,,,,
7061,1811.1,4214.31,5243.2,513.7,279.14,-214.25,-3838.81,-31783.87,1737.32,22642.6,-6685.29,185.97,604.45,-6499.33,-5894.87,,,,,
7071,1789.08,4084.46,5198.39,510.25,311.14,-175.5,-3861.94,-31843.09,1730.6,22673.36,-6604.52,184.78,416.76,-6419.75,-6002.99,,,,,
7081,1815.47,4167.85,5177.25,516.06,283.9,-236.1,-3847.61,-31939.7,1749.33,22616.51,-6497.62,181.33,302.94,-6316.29,-6013.35,,,,,
7091,1857.37,4125.09,5190.71,516.72,268.64,-185.49,-3916.38,-31898.43,1745.76,22714.17,-6531.75,181.96,418.16,-6349.79,-5931.62,,,,,
7101,1812.81,4173.04,5202.3,510.54,269.01,-189.76,-3817.43,-31953.62,1756.08,22742.9,-6582.24,185.64,505.86,-6396.6,-5890.74,,,,,
7111,1769.04,4158.53,5234.64,507.81,265.21,-184.68,-3849.11,-32003.23,1739.72,22752.66,-6517.33,186.35,390.59,-6330.99,-5940.39,,,,,
7121,1828.05,4163.6,5179.66,503.93,283.61,-209.73,-3875.89,-31917.8,1679.73,22787.57,-6597.32,187.07,422.73,-6410.25,-5987.52,,,,,
7131,1735.45,4245.72,5238.17,508.02,276.36,-202.7,-3828.57,-32035.7,1721.03,22745.89,-6505.54,183.73,403.69,-6321.81,-5918.12,,,,,
7141,1753.69,4166.15,5186.77,483.59,283.84,-190.76,-3850.03,-32058.81,1758.42,22759.75,-6460.55,181.89,292.62,-6278.67,-5986.05,,,,,
7151,1852.19,4168.4,5161.72,510.02,263.69,-189.01,-3866.09,-31800.23,1722.19,22645.39,-6642.28,185.71,468.27,-6456.57,-5988.3,,,,,
7161,1736.06,4177.26,5230.14,494.64,276.15,-191.93,-3861.04,-31830.02,1726.48,22616.94,-6521.94,183.27,374.67,-6338.67,-5964,,,,,
7171,1848.81,4173.16,5181.01,502.98,273.41,-191.98,-3886.19,-31772.25,1734.53,22648.11,-6610.57,183.91,511.6,-6426.66,-5915.06,,,,,
7181,1806.51,4157.67,5220.49,506.31,277.23,-187.31,-3873.01,-31850.33,1725.45,22720.93,-6613.38,185.73,503.93,-6427.65,-5923.73,,,,,
7191,1828.4,4241.41,5216.23,520.97,288.22,-195.01,-3843.87,-31739.25,1701.95,22619.15,-6689.82,188.92,638.19,-6500.9,-5862.71,,,,,
7201,1785.8,4114.65,5233.97,510.69,278.44,-210.05,-3902.34,-31839.09,1740.93,22700.78,-6523.28,181.69,413.8,-6341.59,-5927.79,,,,,
7211,1735.05,4213.23,5125.49,511.11,269.79,-177.56,-3843.38,-31917.65,1718.88,22628.28,-6470.47,182.04,263.25,-6288.43,-6025.18,,,,,
7221,1781.62,4180.88,5176.15,509.63,266.11,-184.23,-3923.05,-31859.3,1753.62,22655.45,-6522.53,181.43,356.9,-6341.1,-5984.2,,,,,
7231,1774.26,4048.09,5208.06,497.95,282.22,-201.38,-3882.14,-31859.11,1733.5,22736.17,-6614.9,186.91,337.62,-6427.99,-6090.37,,,,,
7241,1759.8,4186.71,5200.02,509.73,260.26,-180.27,-3849.43,-31950.77,1717.89,22668.16,-6470.4,182.12,322.09,-6288.28,-5966.19,,,,,
7251,1786.34,4133.32,5289.95,501.09,281.22,-196.47,-3905.69,-31689.89,1695.6,22674.66,-6694.4,182.89,570.12,-6511.51,-5941.4,,,,,
7261,1802.8,4129.33,5258.03,512.26,291.33,-204.17,-3858.29,-31862.49,1718.56,22602.22,-6525.36,181.7,389.59,-6343.66,-5954.08,,,,,
7271,1779.73,4244.08,5197.91,517.35,295.42,-178.46,-3904.85,-31799.41,1692.45,22569.22,-6520.42,182.74,413.44,-6337.68,-5924.24,,,,,
7281,1768.73,4169.24,5150.69,515.78,272.68,-163.41,-3919.06,-31781.01,1729.94,22698.32,-6590.98,184.25,441.89,-6406.74,-5964.85,,,,,
7291,1828.19,4255.42,5201.23,516.63,256.42,-172.72,-3831.82,-31627.47,1700.02,22610.65,-6721.96,187.33,736.55,-6534.63,-5798.08,,,,,
7301,1766.18,4209.43,5194.77,517.65,250.82,-181.69,-3882.21,-31970.4,1740.71,22669.42,-6523.59,183.91,314.69,-6339.69,-6025,,,,,
7311,1737.64,4237.3,5172.42,525.42,270.32,-205.81,-3816.01,-31951.27,1752.17,22743.47,-6562.18,187.87,465.66,-6374.3,-5908.64,,,,,
7321,1750.77,4208,5173.08,498.61,278.58,-183.38,-3869.44,-31522.22,1693.87,22511.06,-6756.94,186.4,538.91,-6570.54,-6031.63,,,,,
7331,1817.75,4196.16,5214.95,528.03,272.21,-190.76,-3886.17,-31802.75,1721.97,22669.65,-6625.68,182.81,541.04,-6442.87,-5901.83,,,,,
7341,1792.33,4130.45,5249.89,490.46,270.99,-221.06,-3883.44,-31716.18,1725.78,22770.36,-6772.12,184.97,609.58,-6587.15,-5977.57,,,,,
7351,1792.64,4147.08,5223.58,508.76,277.81,-217.31,-3874.32,-31801.96,1739.23,22701.89,-6657.63,183.46,497.39,-6474.16,-5976.78,,,,,
7361,1787.35,4124.33,5183.69,512.71,256.05,-198,-3831.77,-31813.98,1705.15,22660.46,-6630.03,185.17,385.99,-6444.85,-6058.86,,,,,
7371,1809.76,4136.33,5210.52,504.82,248.98,-209.25,-3883.97,-31839.45,1688.96,22695.46,-6625.36,183.04,362.16,-6442.32,-6080.16,,,,,
7381,1721.07,4063.1,5208.55,499.91,296.24,-188.87,-3888.53,-31889.82,1769.04,22841.11,-6634.25,188.16,431.81,-6446.09,-6014.28,,,,,
7391,1827.04,4071.72,5218.47,493.25,293.9,-201.58,-3899.55,-31696.04,1724.53,22857.5,-6792.69,187.2,689.24,-6605.49,-5916.26,,,,,
7401,1842.29,4239.9,5216.31,492.6,284.1,-194.48,-3868.84,-31778.05,1712.64,22752.6,-6721.55,188.64,699.08,-6532.9,-5833.82,,,,,
7411,1792.82,4140.72,5251,495.79,292.8,-201.11,-3879.86,-31603.77,1737.54,22749.16,-6811.28,185.46,775.09,-6625.82,-5850.73,,,,,
7421,1865.06,4197.63,5171.2,503.6,272.1,-192.81,-3873.42,-31722.92,1729.41,22687.46,-6717.16,187.38,637.3,-6529.78,-5892.47,,,,,
7431,1780.55,4162.54,5216.79,492.77,259.7,-220.65,-3874.5,-31909.32,1696.61,22787.77,-6597.74,185.32,392.27,-6412.42,-6020.16,,,,,
7441,1797.62,4129.37,5182.25,494.93,276.01,-177.31,-3873.42,-31984.51,1732.5,22747.69,-6531.14,185.89,325.15,-6345.25,-6020.09,,,,,
7451,1814.91,4157.8,5176.27,507.74,265.95,-169.55,-3824.89,-31887.3,1706,22658.58,-6536.46,188.06,405.51,-6348.4,-5942.89,,,,,
7461,1813.62,4146.91,5228,515.61,276.71,-185.96,-3873.22,-31869.43,1704.86,22650.38,-6561.89,183.17,407.49,-6378.72,-5971.23,,,,,
7471,1775.74,4220.81,5170.02,512.9,288.2,-233.36,-3875.81,-31784.12,1705.47,22725.29,-6641.12,188.48,505.12,-6452.64,-5947.51,,,,,
7481,1765.58,4080.54,5214.15,500.54,270.1,-192.45,-3877.85,-31513.45,1697.05,22658.15,-6849.12,185.73,602.37,-6663.39,-6061.02,,,,,
7491,1819.54,4133.37,5245.46,499.06,295.93,-197.6,-3879.88,-31581.93,1725.59,22628.59,-6771.94,183.7,688.14,-6588.24,-5900.1,,,,,
7501,1783.07,4097.92,5182.01,493.09,289.17,-176.58,-3870.2,-31605.86,1742.66,22803.31,-6850.63,185.94,738.58,-6664.69,-5926.11,,,,,
7511,1719.02,4162.98,5192.8,497.87,278.15,-198.85,-3897.86,-31541.59,1713.02,22719.25,-6896.15,188.4,644.78,-6707.74,-6062.96,,,,,
7521,1780.18,4076.07,5206.09,493.53,275.19,-205.46,-3871.85,-31758.69,1732.24,22668.35,-6676.18,185.62,395.64,-6490.56,-6094.92,,,,,
7531,1877.86,4085.19,5228.69,500.1,276,-217.98,-3912.44,-31656.64,1730.4,22751.27,-6793.34,185.45,662.44,-6607.89,-5945.45,,,,,
7541,1814.02,4067.05,5202.63,480.49,278.45,-222.07,-3843.61,-31750.43,1702.84,22689.72,-6712.18,185.6,419.09,-6526.58,-6107.49,,,,,
7551,1791.26,4182.04,5240.59,504.4,268.74,-203.75,-3878.79,-31683.99,1739.69,22637.03,-6706.65,186.13,597.23,-6520.52,-5923.29,,,,,
7561,1795.91,4198.55,5269.58,519.06,283.96,-207.6,-3878.32,-31625.86,1713.58,22620.06,-6762.18,188.19,688.92,-6574,-5885.07,,,,,
7571,1805.4,4181.04,5224.33,500.63,276.46,-192.55,-3844.06,-31762.28,1715.3,22726.07,-6706.44,186.83,630.34,-6519.61,-5889.28,,,,,
7581,1802.16,4206.17,5260.89,503.77,272.18,-166.63,-3936.28,-31850.07,1733.43,22719.05,-6579.81,181.3,544.66,-6398.51,-5853.85,,,,,
7591,1739.33,4146.36,5255.6,516.5,276.76,-222.02,-3844.06,-31947.11,1736.56,22812.68,-6570,184.1,470.6,-6385.89,-5915.3,,,,,
7601,1786.69,4143.84,5218.09,515.9,268.12,-210.41,-3871.02,-31739.74,1729.9,22613.88,-6619.85,186.27,455.27,-6433.58,-5978.31,,,,,
7611,1809.5,4222.71,5243.41,528.97,258.51,-199.25,-3816.8,-31827.2,1682.82,22625.79,-6628.47,187.33,528.47,-6441.14,-5912.67,,,,,
7621,1766.48,4224.75,5191.73,512.54,287.89,-198.57,-3882.94,-31655.53,1714.79,22587.27,-6651.15,186.53,548.4,-6464.61,-5916.21,,,,,
7631,1818.65,4090.53,5212.49,503.07,258.1,-188.16,-3823.07,-31754.4,1743.44,22572.59,-6658.84,188.36,433.24,-6470.48,-6037.24,,,,,
7641,1872.67,4066.77,5231.58,513.28,265.63,-184.84,-3875.85,-31795.48,1730.1,22618.7,-6572.47,185.25,442.56,-6387.22,-5944.66,,,,,
7651,1804.62,4234.8,5188.91,505.82,271.91,-194.73,-3938.59,-31545.46,1683.37,22624.68,-6788.51,187.66,635.35,-6600.85,-5965.49,,,,,
7661,1818.65,4146.98,5203.56,522.75,287.68,-179.13,-3857.37,-31836.34,1741.91,22677.34,-6599.48,183.87,526.04,-6415.61,-5889.57,,,,,
7671,1722.43,4119.13,5214.1,491.98,276.14,-207.51,-3909.04,-31773.05,1743.17,22755.1,-6655.96,184.96,432.46,-6471,-6038.54,,,,,
7681,1806.27,4192.77,5206.59,516.91,274.55,-210.67,-3864.68,-31676.82,1752.79,22518.13,-6643.43,185.86,515.83,-6457.57,-5941.74,,,,,
7691,1771.36,4207.71,5197.63,513.34,277.39,-178.37,-3834,-31749.51,1713.02,22512.79,-6588.03,185.93,431.36,-6402.1,-5970.74,,,,,
7701,1793.35,4278.84,5176.97,520.76,262.84,-214.86,-3899.47,-31615.93,1722.38,22585.37,-6683.25,188.18,610.26,-6495.07,-5884.81,,,,,
7711,1778.18,4162.51,5203.21,504.83,258.37,-202.73,-3821.74,-31893.33,1747.15,22640.19,-6517.05,187.93,376.64,-6329.12,-5952.48,,,,,
7721,1722.97,4133.74,5259.37,488.23,293.12,-176.2,-3895.49,-31853.8,1747.06,22676.81,-6522.51,183.36,395.81,-6339.15,-5943.34,,,,,
7731,1816.82,4152.37,5193.2,495.45,276.6,-195.07,-3868.63,-31954.52,1678.68,22690.23,-6431.28,184.96,285.14,-6246.32,-5961.18,,,,,
7741,1826.16,4093.08,5177.34,505.77,273.36,-163.31,-3862.62,-31837.24,1739.39,22629.6,-6556.33,184.77,381.53,-6371.56,-5990.03,,,,,
7751,1821.33,4254.81,5193.6,507.81,271.65,-160.33,-3882.25,-31900.7,1702.76,22611.86,-6470.63,183.58,420.53,-6287.05,-5866.52,,,,,
7761,1758.41,4100.67,5210.39,517.55,283.81,-197.12,-3847.6,-32089.3,1724.07,22787.24,-6420.35,183.33,248.12,-6237.01,-5988.89,,,,,
7771,1775.35,4147.71,5191.08,504.48,251.54,-202.8,-3831.42,-31682.84,1717.79,22513.28,-6630.76,187.54,384.17,-6443.22,-6059.05,,,,,
7781,1820.71,4152.87,5224.04,500.71,277.71,-194.45,-3890.05,-31820.96,1697.13,22595.69,-6518.98,188,363.4,-6330.98,-5967.58,,,,,
7791,1798.91,4169.29,5211.93,505.84,284.11,-190.93,-3808.38,-31971.42,1744.79,22694.93,-6523.07,188.67,439.06,-6334.4,-5895.34,,,,,
7801,1844.05,4247.98,5159.39,523.64,286.17,-174.91,-3841.56,-31634.77,1720.96,22556.57,-6736.61,188.03,687.53,-6548.58,-5861.05,,,,,
7811,1895.77,4105.55,5220.98,530.28,295.97,-209.16,-3880.84,-31498.95,1720.95,22622,-6816.03,185.96,802.56,-6630.07,-5827.51,,,,,
7821,1835.98,4119.07,5195.7,507.16,266.69,-183.76,-3844.63,-31779.5,1733.16,22663.6,-6643.92,183.23,513.48,-6460.69,-5947.21,,,,,
7831,1734.61,4152.73,5208.11,513.6,278.58,-169.05,-3861.34,-31712.71,1743.94,22702.61,-6701.37,184.07,591.09,-6517.31,-5926.22,,,,,
7841,1853.68,4116.46,5230.49,509.83,275.48,-181.75,-3884.85,-31757.23,1704.19,22727.21,-6730.31,187.99,593.52,-6542.32,-5948.8,,,,,
7851,1791.05,4176.6,5227.7,509.5,260.19,-205.19,-3883.47,-31516.07,1753.97,22544.88,-6754.21,184.37,659.18,-6569.84,-5910.66,,,,,
7861,1792.79,4107.27,5165.51,513.07,258.52,-189.46,-3838.98,-31769.68,1727.82,22640.79,-6615.74,186.75,407.64,-6428.99,-6021.35,,,,,
7871,1860.4,4190.48,5202.96,509.93,278.34,-193.88,-3899.29,-31648.71,1701.75,22565.65,-6667.9,182.98,567.64,-6484.92,-5917.29,,,,,
7881,1807.32,4137.66,5242.43,516.09,257.61,-190.42,-3897.83,-31898.9,1743.6,22740.21,-6556.83,185.62,457.76,-6371.2,-5913.44,,,,,
7891,1831.98,4273.14,5180.03,523.61,270.73,-199.89,-3875.46,-31571.76,1667.94,22465.26,-6661.03,186.57,565.58,-6474.46,-5908.88,,,,,
7901,1805.53,4065.71,5189.74,501.69,284.5,-188.19,-3904.09,-31643.79,1704.58,22621.01,-6688.06,184.37,436.7,-6503.69,-6066.99,,,,,
7911,1804.46,4226.3,5218.89,512.29,256.72,-205.99,-3889.77,-31708.46,1742.13,22561.02,-6621.16,184.15,517.59,-6437.01,-5919.42,,,,,
7921,1919.68,4113.95,5216.79,497.79,259,-195.91,-3825.54,-31886.94,1712.76,22711.92,-6577.04,185.92,523.52,-6391.12,-5867.6,,,,,
7931,1778.77,4133.04,5246.78,523.01,278.71,-195.46,-3904.97,-31690.86,1742.29,22650.14,-6640.95,184.47,561.47,-6456.47,-5895.01,,,,,
7941,1794.03,4119.12,5232.87,510.21,286.3,-214.74,-3862.18,-31892.88,1715.06,22732.8,-6569.86,182.73,420.59,-6387.12,-5966.54,,,,,
7951,1834.53,4174.94,5217.43,502.69,259.05,-208.44,-3865.25,-31509.57,1709.97,22671.46,-6838.55,184.73,786.83,-6653.82,-5867,,,,,
7961,1834.42,4092.67,5192.11,506.36,277.78,-205.87,-3872.83,-31877.07,1722.92,22694.09,-6579.81,186.74,364.58,-6393.06,-6028.48,,,,,
7971,1810.73,4253.93,5237.26,502.08,286.37,-203.32,-3888.09,-31592.89,1717.62,22574.45,-6730.52,185.33,698.14,-6545.19,-5847.05,,,,,
7981,1815.49,4110.91,5202.78,513.51,280.57,-201.84,-3868.34,-31736.9,1730.24,22651.95,-6628.13,186.26,498.37,-6441.87,-5943.51,,,,,
7991,1724.56,4164.19,5193.49,515.43,271.03,-194.88,-3895.21,-31758.97,1751.1,22627.06,-6578.76,180.79,397.81,-6397.97,-6000.17,,,,,
8001,1786.45,4189.13,5190.75,509.46,267.89,-178.84,-3919.94,-31757.97,1707.26,22706.25,-6641.81,185.41,500.44,-6456.4,-5955.96,,,,,
8011,1759.65,4156.17,5183.06,507.68,284.83,-212.93,-3856.66,-31715.56,1699.2,22729.28,-6729.03,180.64,534.72,-6548.38,-6013.67,,,,,
8021,1703.36,4099.57,5213.02,498.1,287.72,-201.77,-3867.75,-32049.96,1718.05,22823.73,-6474.03,183.15,224.07,-6290.88,-6066.81,,,,,
8031,1803.73,4198.06,5232.86,504.22,289.51,-190.64,-3913.09,-31865.58,1721.89,22680.44,-6575.65,181.66,461.39,-6393.99,-5932.61,,,,,
8041,1815,4103.24,5200.54,506.36,263.63,-187.63,-3822.52,-31985.34,1735.04,22716.18,-6513,184.2,344.5,-6328.81,-5984.31,,,,,
8051,1763.16,4151.9,5201.44,495.57,271.8,-203.03,-3884.3,-31884.81,1744.09,22773.92,-6575.42,181.48,429.74,-6393.94,-5964.2,,,,,
8061,1799.96,4150.81,5189.24,493.53,263.13,-217.21,-3871.33,-31657.5,1709.57,22632.15,-6726.66,187.9,492.36,-6538.76,-6046.4,,,,,
8071,1797.18,4194.01,5189.78,529.63,287.87,-206.63,-3871.1,-31721.41,1721.32,22685.02,-6698.28,183.36,605.67,-6514.92,-5909.25,,,,,
8081,1768.28,4163.03,5229.7,518.29,287.73,-199.04,-3931.67,-32035.3,1747.63,22809.49,-6488.1,179.95,358.14,-6308.15,-5950.01,,,,,
8091,1772.37,4142.54,5150,496.18,271.84,-180.11,-3903.41,-31783.87,1751.55,22720.9,-6609.44,181.44,437.98,-6428,-5990.01,,,,,
8101,1825.79,4194.18,5182.94,512.32,272.89,-221.75,-3852.54,-31779.82,1721.49,22732.86,-6699.91,185.27,588.35,-6514.64,-5926.29,,,,,
8111,1749.48,4146.79,5179.65,495.18,305.57,-211.84,-3845.57,-31853.49,1686.23,22647.04,-6536.89,183.9,299.05,-6352.99,-6053.94,,,,,
8121,1749.73,4203.83,5219.04,516.8,257.08,-221.64,-3838.11,-31720.93,1725.56,22505.08,-6565.11,183.16,396.44,-6381.95,-5985.51,,,,,
8131,1758.96,4226.55,5228.94,503.13,290,-208.14,-3876.39,-31781.3,1705.66,22607.56,-6574.29,179.86,454.97,-6394.43,-5939.46,,,,,
8141,1808.17,4210.14,5242.14,504.29,292.44,-200.97,-3865.62,-31637.38,1736.7,22567.72,-6692.42,185,657.64,-6507.41,-5849.77,,,,,
8151,1805.55,4190.69,5264.94,505.11,270.51,-210.62,-3833.59,-31571.48,1758.58,22450.97,-6700.44,183.24,630.66,-6517.2,-5886.55,,,,,
8161,1829.04,4182.48,5225.91,509.76,268.33,-188.2,-3828.86,-31769.68,1700.98,22586.28,-6646.75,186.06,516.04,-6460.69,-5944.65,,,,,
8171,1743.65,4224.18,5216.09,506.5,301.4,-194.53,-3898.13,-31879.72,1722.76,22590.27,-6485.85,183.3,332.45,-6302.55,-5970.1,,,,,
8181,1805.97,4182.06,5246.4,513.43,268.82,-206.56,-3908.8,-31850.77,1739.85,22652.52,-6477.11,183.27,442.91,-6293.84,-5850.93,,,,,
8191,1764.9,4120.94,5204.15,501.52,267.92,-196.14,-3826.02,-31892.6,1712.13,22691.67,-6543.78,186.51,348.47,-6357.27,-6008.8,,,,,
8201,1795.58,4129.57,5245.7,490.49,254.64,-187.64,-3852.63,-31678.68,1753.64,22613.91,-6662.87,184.33,564.57,-6478.54,-5913.96,,,,,
8211,1784.38,4115.37,5192.96,501.31,287.48,-194.7,-3834.51,-31850.56,1694.37,22574.42,-6495.43,184.51,270.52,-6310.92,-6040.39,,,,,
8221,1780.89,4213.98,5222.45,508.76,277.64,-182.86,-3875.92,-31729.39,1726.88,22597.26,-6622.21,184.83,539.7,-6437.38,-5897.68,,,,,
8231,1852.93,4222.2,5205.87,523.14,257.41,-201.79,-3858.8,-31805.49,1729.45,22561.29,-6537.26,185.57,486.21,-6351.68,-5865.48,,,,,
8241,1810.5,4116.43,5197.28,505.48,291.49,-163.91,-3857.15,-31932.34,1690.25,22620.85,-6438.89,182.68,278.88,-6256.21,-5977.33,,,,,
8251,1801.37,4118.27,5206.32,509.35,263.37,-173.51,-3876.61,-31653.96,1715.89,22670.27,-6725.24,188.09,580.76,-6537.15,-5956.39,,,,,
8261,1794.28,4091.1,5257.8,503.6,275.15,-223.71,-3856.66,-31612.65,1750.65,22732.9,-6744.48,186.84,712.46,-6557.64,-5845.18,,,,,
8271,1809.07,4144.25,5242.24,488.81,269.16,-205.81,-3843.72,-31662.14,1706.25,22604.71,-6673.9,186.96,552.82,-6486.94,-5934.12,,,,,
8281,1866.7,4113.87,5200.89,514.41,279.4,-175.98,-3867.66,-31746.66,1700.01,22697.5,-6627.54,185.31,582.47,-6442.23,-5859.76,,,,,
8291,1754.25,4235.71,5196.92,505.34,279.5,-175.89,-3849.41,-31776.2,1725.72,22624.25,-6615.59,185.17,520.18,-6430.41,-5910.23,,,,,
8301,1774.81,4246.22,5216.88,524.84,270.35,-214.74,-3897.13,-31616.88,1717.22,22589.76,-6706.38,186.1,611.34,-6520.27,-5908.93,,,,,
8311,1813.53,4253.75,5239.28,524.22,265.19,-202.97,-3875.61,-31730.27,1760.99,22764.57,-6721.42,185.07,812.69,-6536.35,-5723.66,,,,,
8321,1837.86,4116.6,5270.32,498.62,295.19,-204.68,-3826.34,-31739.82,1702.91,22650.95,-6646.86,184.07,601.61,-6462.78,-5861.18,,,,,
8331,1816.74,4196.17,5178.3,516.76,277.54,-182.73,-3934.9,-31673.37,1687.52,22669.62,-6670.74,183.1,551.64,-6487.64,-5936,,,,,
8341,1824.13,4086.84,5189.96,513.52,287.78,-217.83,-3868.65,-31522.02,1706.69,22694.51,-6888.19,186.39,694.95,-6701.8,-6006.86,,,,,
8351,1797.46,4113.3,5190.35,492.67,276.39,-175.73,-3876.56,-31687.6,1703.69,22632.35,-6674.53,182.41,466.31,-6492.11,-6025.8,,,,,
8361,1836.16,4116.89,5236.3,505.44,246.39,-185.62,-3865.84,-31452.42,1689.84,22639.12,-6874.94,187.66,766.28,-6687.28,-5921.01,,,,,
8371,1765,4197.08,5214.12,516.94,278.75,-168.7,-3903.76,-31706.45,1706.72,22783.73,-6733.73,183.2,683.42,-6550.53,-5867.11,,,,,
8381,1829.32,4211.06,5216.95,498.98,264.07,-161.71,-3910.57,-31569.73,1701.35,22603.96,-6787.32,183.87,683.68,-6603.45,-5919.77,,,,,
8391,1800.22,4177.88,5165.88,510.96,287.43,-186.89,-3912.93,-31609.98,1745.23,22678.73,-6751.35,184.46,656.54,-6566.89,-5910.35,,,,,
8401,1823.78,4199.43,5257.47,502.97,269.1,-193.86,-3881.47,-31731.47,1689.75,22613.84,-6640.22,181.89,549.56,-6458.33,-5908.77,,,,,
8411,1838.34,4178.36,5201.66,499.97,267.16,-189.23,-3896.48,-31799.37,1725.7,22736.88,-6653.05,182.03,562.98,-6471.02,-5908.04,,,,,
8421,1849.07,4206.81,5221.86,503.89,267.12,-187.23,-3869.18,-31766.47,1682.82,22611.5,-6567.77,185.47,520.19,-6382.3,-5862.1,,,,,
8431,1814.68,4189.4,5223.75,527.38,277.67,-198.78,-3890.38,-31622.9,1718.24,22537.17,-6708.71,184.3,576.23,-6524.41,-5948.18,,,,,
8441,1856.62,4130.15,5217.07,508.35,268.27,-222.21,-3864.61,-31589.44,1707.14,22598.02,-6752.73,186.13,609.37,-6566.6,-5957.23,,,,,
8451,1814.49,4288.08,5196.09,511.29,284.62,-191.58,-3858.34,-31800.7,1703.47,22590.73,-6572.01,185.55,538.14,-6386.46,-5848.32,,,,,
8461,1823.08,4099.21,5230.95,506.55,279.64,-194.82,-3873.13,-31603.23,1714.81,22584.92,-6710.55,185.16,568,-6525.38,-5957.39,,,,,
8471,1782.07,4155.52,5200.54,496.58,293.34,-187.85,-3891.96,-31595.98,1717.76,22642.62,-6721.23,183.26,612.64,-6537.97,-5925.33,,,,,
8481,1796.55,4167.58,5195.15,519.65,275.53,-177.22,-3870.8,-31479.72,1688.1,22496.87,-6760.66,185.68,611.69,-6574.98,-5963.29,,,,,
8491,1803.85,4196.89,5186.45,499.95,283.32,-181.46,-3843.83,-31584.86,1705.97,22570.46,-6715.12,183.01,636.74,-6532.11,-5895.37,,,,,
8501,1813.06,4184.61,5163.43,497.49,263.72,-213.11,-3813.32,-31598.44,1707.71,22619.32,-6748.36,184.21,624.47,-6564.16,-5939.69,,,,,
8511,1776.36,4112.41,5220.27,508.05,266.39,-185.44,-3848.63,-31658.04,1751.66,22593.67,-6649.76,181.45,536.7,-6468.31,-5931.61,,,,,
8521,1814.42,4129.6,5205.53,485.87,281.69,-205.38,-3857.81,-31533.44,1721.01,22630.59,-6827.78,183.47,672.08,-6644.3,-5972.22,,,,,
8531,1757.88,4200.92,5184.01,510.27,277.42,-216.34,-3898.72,-31727.43,1713.99,22699.18,-6672.96,177.72,501.19,-6495.24,-5994.05,,,,,
8541,1746.07,4270.33,5196.86,505.44,283.1,-185.39,-3921.87,-31662.05,1694.8,22733.12,-6770.42,182.29,660.41,-6588.13,-5927.72,,,,,
8551,1838.46,4170.48,5172.28,514.39,270.51,-201.27,-3890.53,-31624.63,1702.37,22616.79,-6756.75,185.7,568.84,-6571.04,-6002.2,,,,,
8561,1747.88,4228.04,5221.63,522.19,275.36,-197.77,-3893,-31565.36,1704.2,22666.82,-6795.02,180.09,710,-6614.93,-5904.94,,,,,
8571,1849.22,4111.07,5198.02,497.31,292.12,-193.43,-3848.24,-31567.93,1701.43,22737.61,-6910.12,186.22,777.18,-6723.9,-5946.72,,,,,
8581,1830.69,4116.96,5210.11,506.8,281.51,-192.18,-3870.57,-31733.69,1693.3,22637.28,-6682.04,183.46,480.22,-6498.58,-6018.37,,,,,
8591,1843.54,4119.93,5195.46,511.49,258.22,-190.95,-3833.35,-31880.2,1693.35,22750.58,-6625.25,183.78,468.07,-6441.47,-5973.4,,,,,
8601,1841.07,4084.75,5188.6,519.79,261.23,-191.79,-3846.63,-31884.2,1710.89,22789.98,-6642.05,183.71,473.68,-6458.34,-5984.66,,,,,
8611,1765.34,4167.82,5239.12,528.5,270.83,-177.54,-3885.43,-31681.04,1711.81,22748.19,-6743.8,183.21,687.61,-6560.59,-5872.98,,,,,
8621,1811.54,4056.52,5207.95,513.03,267.19,-182.94,-3875.78,-31876.12,1737.48,22795.12,-6653.03,183.86,454.02,-6469.17,-6015.15,,,,,
8631,1861.19,4129.73,5213.17,515.4,284.69,-180.26,-3890.02,-31765.76,1680.13,22752.28,-6652,183.26,600.56,-6468.75,-5868.19,,,,,
8641,1798.86,4135.7,5229.12,510.59,268.43,-188.94,-3873.83,-31789.59,1720.62,22666.27,-6592.93,179.17,477.22,-6413.76,-5936.55,,,,,
8651,1812.12,4115.61,5286.98,503.48,275.7,-201.42,-3894.49,-31811.35,1676.13,22718.4,-6583.12,182.82,481.16,-6400.29,-5919.13,,,,,
8661,1772.34,4085.37,5204.17,506.16,290,-161.75,-3846.62,-31768.56,1740.61,22789.84,-6716.96,183.57,611.55,-6533.39,-5921.84,,,,,
8671,1824.28,4120.87,5200.87,508.6,285.12,-193.41,-3865.87,-31769.03,1702.87,22658.09,-6622.13,186.11,472.4,-6436.02,-5963.62,,,,,
8681,1866.48,4133.66,5241.71,509.17,278.57,-211.5,-3878.87,-31843.64,1708.27,22775.97,-6628.85,187.77,579.81,-6441.08,-5861.27,,,,,
8691,1785.63,4245.95,5214.57,526.39,272.23,-185.79,-3899.04,-31656.91,1694.74,22695.7,-6737.44,183.49,693.47,-6553.95,-5860.48,,,,,
8701,1822.5,4161.03,5218.27,515.2,273.94,-212.92,-3914.15,-31805.93,1723.86,22831.68,-6705.64,186.49,613.47,-6519.15,-5905.68,,,,,
8711,1747.64,4211.54,5182.92,509.65,275.99,-201.06,-3838.69,-31766.76,1737.05,22744.91,-6679.56,187.04,603.18,-6492.52,-5889.34,,,,,
8721,1743.74,4133.23,5206.91,497.32,295.72,-198.36,-3888.01,-31636.39,1730.41,22613.75,-6762.6,186.92,498.31,-6575.68,-6077.37,,,,,
8731,1805.3,4113.45,5237.85,505.19,250.48,-171.18,-3938.89,-31706.56,1706.42,22725.43,-6683.07,180.37,527.49,-6502.7,-5975.22,,,,,
8741,1737.81,4150.2,5205.76,499.46,271.26,-163.09,-3874.86,-31720.39,1733.32,22622.82,-6638.55,183.4,462.29,-6455.14,-5992.85,,,,,
8751,1795.74,4149.53,5198.58,510.98,267.81,-179.86,-3875.39,-32030.89,1708.89,22646.54,-6431.2,179.19,191.92,-6252.01,-6060.09,,,,,
8761,1845.01,4136.54,5211.93,511.89,267.95,-179.42,-3806.92,-31820.99,1725.61,22564.12,-6552.66,187.24,455.72,-6365.42,-5909.71,,,,,
8771,1849.48,4192.29,5237.38,508.29,284.83,-180.54,-3904.76,-32010.59,1721.57,22632.21,-6405.9,181.42,330.17,-6224.49,-5894.31,,,,,
8781,1834.5,4098.87,5235.83,508.68,273.53,-180.85,-3888.09,-31864.48,1700.86,22770.46,-6580.28,181.14,489.33,-6399.14,-5909.81,,,,,
8791,1845.22,4205.24,5214.11,513.28,272.01,-176.1,-3847.26,-31681.32,1737.1,22593.41,-6646.72,183.05,675.7,-6463.66,-5787.96,,,,,
8801,1835.29,4164.17,5215.23,508.93,267.56,-205.92,-3872.47,-31774.93,1717.82,22608.94,-6587.43,183.38,464.63,-6404.05,-5939.42,,,,,
8811,1788.56,4158.16,5200.56,508.12,282.72,-179.12,-3890.31,-31713.6,1758.14,22592.85,-6670.26,185.66,506.09,-6484.6,-5978.51,,,,,
8821,1840.95,4094.98,5201.44,514.85,282.17,-200.87,-3843.5,-31659.44,1716.05,22632.4,-6743.41,189.22,579.04,-6554.2,-5975.16,,,,,
8831,1749.12,4109.21,5159.17,493.76,273.72,-157.59,-3807.97,-31780.86,1728.23,22627.51,-6597.02,188.33,394.3,-6408.69,-6014.39,,,,,
8841,1808.96,4103.56,5197.08,495.03,291.12,-183.75,-3883.2,-31665.3,1686.75,22810.83,-6782.97,187.41,661.07,-6595.56,-5934.49,,,,,
8851,1724.36,4105.43,5216.92,493.75,266.3,-179.34,-3844.02,-31663.43,1728.37,22740.23,-6796.31,186.25,588.56,-6610.06,-6021.5,,,,,
8861,1822.43,4210.72,5174.99,504.45,261.65,-186.77,-3895.87,-31798.72,1710.92,22662.41,-6608.22,183.31,466.21,-6424.91,-5958.7,,,,,
8871,1777.06,4177.66,5194.28,502.75,275.52,-194.76,-3848.96,-31418.93,1738.68,22557.21,-6884.42,185.38,760.5,-6699.04,-5938.54,,,,,
8881,1778.94,4144.77,5167.34,496.36,291.38,-174.9,-3853.27,-31952.02,1729.83,22702.58,-6531.81,182.9,331.02,-6348.91,-6017.89,,,,,
8891,1845.05,4169.86,5191.89,511.18,297.36,-189.89,-3888.65,-31951.55,1733.51,22612.81,-6445.14,183.32,331.59,-6261.82,-5930.23,,,,,
8901,1804.57,4226.53,5201.93,507.24,266.88,-189.21,-3877.53,-31815.15,1711.37,22655.42,-6625.18,181.35,492.06,-6443.84,-5951.78,,,,,
8911,1768.12,4038.22,5200.01,504.16,273.31,-190.21,-3878.72,-31803.3,1729.89,22683.57,-6636.76,185.55,325.07,-6451.22,-6126.15,,,,,
8921,1782.79,4218.64,5202.19,516.82,284.29,-194.03,-3953.1,-31941.41,1738.74,22722.28,-6462.7,180.05,377.19,-6282.65,-5905.46,,,,,
8931,1744.05,4153.08,5239.06,498.5,284.74,-166.24,-3896.62,-31773.88,1751.31,22709.16,-6622.22,183.39,543.16,-6438.83,-5895.67,,,,,
8941,1841.76,4125.15,5212.4,514.33,286.33,-186.28,-3835.18,-31840.51,1709.01,22696.72,-6610.23,184.85,523.74,-6425.38,-5901.64,,,,,
8951,1870.5,4093.68,5169.05,507.13,280.2,-186.75,-3845.29,-31831.72,1688.04,22731.75,-6641,186.14,476.59,-6454.86,-5978.27,,,,,
8961,1838.77,4139.69,5249.54,512.65,303.08,-200.32,-3888.79,-31790.42,1714.27,22690.44,-6641.55,184.82,568.9,-6456.73,-5887.83,,,,,
8971,1804.47,4125.56,5187.93,506.57,257.52,-191.67,-3910.5,-31856.08,1716.19,22756.58,-6631.82,181.68,396.57,-6450.13,-6053.56,,,,,
8981,1804.28,4099.97,5240.28,498.65,266.28,-218.38,-3929.51,-32004.69,1758.49,22728.99,-6441.73,175.63,244.37,-6266.1,-6021.73,,,,,
8991,1804.72,4103.47,5189.02,498.64,282.74,-183.38,-3914.16,-32012.08,1723.11,22790.2,-6521.44,180.02,282.28,-6341.42,-6059.14,,,,,
9001,1740.99,4055.6,5204.35,503.06,258.68,-173.99,-3822.49,-31979.53,1763.65,22801.17,-6505.05,181.71,351.48,-6323.34,-5971.86,,,,,
9011,1744.03,4089.36,5182.53,526.02,284.83,-173.87,-3896.21,-31971.58,1745.25,22771.27,-6512.46,179.46,301.63,-6333,-6031.37,,,,,
9021,1743.05,4173.53,5201.57,488.59,270.3,-194.97,-3898.02,-31856,1721.59,22670.19,-6540.89,179.59,319.82,-6361.3,-6041.48,,,,,
9031,1807.11,4201.65,5198.79,526.58,276.6,-199.73,-3872.55,-31965.24,1736.75,22674.84,-6463.84,181.56,384.81,-6282.28,-5897.47,,,,,
9041,1792.1,4165.18,5190.68,508.21,273.81,-205.02,-3848.04,-31956.15,1736.92,22720.43,-6479.99,181.35,378.13,-6298.64,-5920.51,,,,,
9051,1782.14,4110.54,5210.03,505.66,285.13,-182.21,-3890.48,-31791.23,1739.62,22810.39,-6721.11,182.59,579.59,-6538.52,-5958.94,,,,,
9061,1794.57,4154.5,5239.46,521.56,299.07,-201,-3894.37,-31803.75,1723.27,22728.95,-6678.51,180.21,562.27,-6498.29,-5936.02,,,,,
9071,1810.25,4221.99,5205.3,532.67,265.01,-193.19,-3878.17,-31943.44,1716.26,22786.8,-6580.69,184.02,523.47,-6396.66,-5873.19,,,,,
9081,1809.83,4231.88,5183.78,508.85,251.34,-178.32,-3922.39,-31980.55,1685.73,22696.54,-6483.73,178.82,286.69,-6304.91,-6018.22,,,,,
9091,1712.99,4269.95,5211.41,493.45,256.65,-210.5,-3860.06,-31808.23,1750.52,22721.86,-6655.52,181.57,538.03,-6473.95,-5935.92,,,,,
9101,1825.47,4235.69,5217.28,518.92,272.37,-176.48,-3857.23,-31785.48,1710.57,22729.53,-6679.28,185.26,690.64,-6494.02,-5803.38,,,,,
9111,1807.73,4181.86,5166.94,509.46,286.89,-184.42,-3924.69,-31786.02,1713.36,22770.91,-6658.91,182.4,542.03,-6476.51,-5934.48,,,,,
9121,1782.39,4227.08,5191.75,513.96,275.29,-195.53,-3920.97,-31867.9,1711.31,22713.16,-6554.89,182.62,430.55,-6372.27,-5941.72,,,,,
9131,1803.33,4040.29,5205.91,497.45,285.26,-180.74,-3850.52,-31873.61,1720.54,22727.5,-6575.04,183.28,375.41,-6391.76,-6016.35,,,,,
9141,1725.39,4190.32,5184.4,507.48,283.76,-189.61,-3868.72,-32038.36,1760.21,22722.86,-6406.84,182.61,277.73,-6224.23,-5946.5,,,,,
9151,1782.56,4177.01,5192.35,505.59,279.05,-207.98,-3880.44,-31864.8,1718.85,22671.75,-6554.55,184.61,373.94,-6369.95,-5996.01,,,,,
9161,1845.53,4155.9,5199.43,499.97,280.31,-196.52,-3832.11,-32058.91,1759.4,22798.46,-6454.78,184.7,451.46,-6270.09,-5818.62,,,,,
9171,1862.2,4055.42,5193.63,511.92,289.63,-176.18,-3818.38,-31890.86,1731.39,22656.58,-6526.99,186.41,415.36,-6340.58,-5925.21,,,,,
9181,1781.3,4230.57,5226.49,517.21,268.66,-193.73,-3853.06,-31915.34,1722.33,22717.57,-6564.74,181.75,502.01,-6382.99,-5880.99,,,,,
9191,1803.8,4147.86,5145.81,527.3,296.24,-179.56,-3829.84,-31848.13,1769.76,22628.78,-6585.16,185.51,462.01,-6399.65,-5937.64,,,,,
9201,1840.89,4100.35,5196.14,507.84,271.73,-200.13,-3822.75,-31948.88,1722.39,22690.72,-6515.85,185.61,358.3,-6330.24,-5971.93,,,,,
9211,1741.78,4213.66,5161.03,504.6,258.46,-176.24,-3876.12,-31855.35,1728.91,22767.32,-6639.07,184.52,468.05,-6454.55,-5986.49,,,,,
9221,1864.98,4257.53,5182.38,509.86,293.62,-197.15,-3869.08,-31920.08,1699,22731.08,-6535.56,183.11,552.14,-6352.45,-5800.31,,,,,
9231,1757.93,4244.76,5229.47,506.13,297.55,-189.59,-3869.38,-32043.81,1740.9,22718.07,-6424.91,181.39,392.05,-6243.52,-5851.47,,,,,
9241,1769.33,4228.15,5190.24,526.95,297.96,-237.36,-3799.66,-31855.18,1734.4,22701.28,-6614.53,188.85,556.12,-6425.68,-5869.56,,,,,
9251,1839.31,4246.76,5230.23,513.9,250.27,-176.78,-3914.78,-31766.47,1714.92,22663.83,-6624.23,186.22,601.21,-6438.02,-5836.81,,,,,
9261,1832.27,4205.01,5197.48,513.49,283.43,-206.63,-3870.89,-31816.44,1716.25,22701.25,-6654.16,184.08,555.22,-6470.08,-5914.86,,,,,
9271,1787.5,4074.83,5197.87,502.18,288.46,-197.14,-3899.07,-31925.05,1718.62,22735.44,-6486,183.41,283.66,-6302.59,-6018.93,,,,,
9281,1805.03,4174.53,5139.49,497.05,262.76,-195.33,-3879.04,-32022.21,1730.21,22733.9,-6463.39,181.88,246.38,-6281.51,-6035.13,,,,,
9291,1838.31,4078.21,5178.52,487.79,266.92,-159.06,-3880.55,-31754.54,1734.13,22619.54,-6611.18,188.78,409.27,-6422.4,-6013.13,,,,,
9301,1818.7,4140.15,5191.82,513.59,280.17,-222.76,-3763.02,-31925.13,1724.43,22719.1,-6552.74,185.94,477.06,-6366.8,-5889.73,,,,,
9311,1824.98,4209.77,5199.9,512.66,280.1,-203.17,-3867.03,-31950.09,1723.01,22777.4,-6560.55,182.05,507.53,-6378.5,-5870.97,,,,,
9321,1769.23,4104.56,5231.53,522.69,284.48,-200.02,-3846.83,-31721.51,1746.25,22724.85,-6719.51,185.44,615.23,-6534.08,-5918.85,,,,,
9331,1794.34,4160.03,5184.47,506.83,259.06,-183.64,-3860.79,-31870.29,1735.85,22761.75,-6631.71,186.9,487.62,-6444.82,-5957.2,,,,,
9341,1799.31,4198.8,5191.28,510.62,256.68,-186.82,-3837.06,-31865.24,1719.02,22697.58,-6587.6,183.57,484.17,-6404.03,-5919.87,,,,,
9351,1797.96,4220.18,5175.78,514.19,271.4,-185.49,-3871.71,-31799.66,1703.62,22656.37,-6595.4,184.9,482.64,-6410.5,-5927.86,,,,,
9361,1809.11,4193.23,5220.18,511.25,285.44,-208.64,-3887.73,-31856.16,1708.62,22668.66,-6537.35,184.57,443.97,-6352.77,-5908.8,,,,,
9371,1846.6,4224.89,5198.57,494.48,266.8,-200.84,-3891.14,-31618.9,1709.08,22564,-6704.15,187.01,593.53,-6517.13,-5923.61,,,,,
9381,1818.01,4164.02,5163.44,488.69,258.24,-189.77,-3845.74,-31914.59,1745.65,22680.61,-6533.79,184.03,368.56,-6349.76,-5981.2,,,,,
9391,1782.42,4142.21,5171.28,493.93,261.69,-189.25,-3877.87,-31736.16,1766.47,22670.77,-6672.12,185.97,485.48,-6486.15,-6000.68,,,,,
9401,1828.63,4230.3,5189.21,507.64,276.71,-188.73,-3923.8,-31689.96,1706.56,22646.39,-6662.99,185.35,582.94,-6477.64,-5894.7,,,,,
9411,1845,4181.88,5188.18,498.94,271.47,-209.62,-3892.86,-31780.67,1702.63,22602.61,-6599.58,180.55,407.56,-6419.03,-6011.47,,,,,
9421,1784.89,4122.2,5181.15,501.98,279.59,-160.58,-3917.99,-31843.47,1707.69,22682.21,-6535.36,179.16,337.68,-6356.19,-6018.52,,,,,
9431,1751.94,4221.11,5184.34,491.17,274.6,-183.24,-3939.2,-32019.89,1753.34,22713.15,-6398.22,180.81,247.32,-6217.42,-5970.1,,,,,
9441,1864.3,4179.76,5214.39,524.72,264.83,-205.22,-3873.94,-31951.08,1714.27,22690.44,-6459.83,182.06,422.48,-6277.76,-5855.28,,,,,
9451,1824.89,4187.96,5222.96,501.65,278,-200.02,-3931.26,-31953.8,1670.02,22642.61,-6453.94,181,243.02,-6272.94,-6029.92,,,,,
9461,1831.14,4183.27,5227.22,498.18,271.12,-191.44,-3909.89,-31865.19,1712.81,22580.77,-6504.55,184.08,338,-6320.46,-5982.47,,,,,
9471,1833.31,4188.94,5178.78,505.7,285.43,-166.38,-3892.83,-31887.75,1707.88,22629.14,-6486.54,180.18,382.22,-6306.36,-5924.14,,,,,
9481,1776.74,4125.46,5188.72,498.14,269.02,-204.46,-3859.55,-31855.46,1725.35,22702.67,-6616.64,184.71,366.63,-6431.93,-6065.3,,,,,
9491,1790.91,4140.34,5170.16,516.79,252.31,-175.55,-3893.07,-31820.45,1730.54,22715.93,-6603.41,182.64,427.92,-6420.77,-5992.85,,,,,
9501,1782.3,4184.89,5168.64,512.1,282.39,-186.22,-3865.96,-31937.34,1695.19,22672.43,-6520.36,181.67,308.41,-6338.69,-6030.28,,,,,
9511,1795.54,4160.17,5132.63,503.59,274.47,-189.83,-3834.09,-31994.7,1730.64,22666.86,-6507.79,188.1,245.29,-6319.69,-6074.4,,,,,
9521,1788.75,4095.75,5194.97,498.69,296.95,-201.46,-3894.26,-32090.25,1715.79,22826.56,-6470.57,180.82,231.47,-6289.75,-6058.28,,,,,
9531,1751.65,4135.66,5183.16,481.83,255.29,-166.49,-3885.87,-31997.82,1736.43,22734.28,-6435.09,180.01,228.12,-6255.08,-6026.96,,,,,
9541,1781.52,4095.95,5215.96,513.53,268.99,-185.6,-3833.86,-31910.03,1746.11,22690.95,-6558.11,184.85,383.52,-6373.26,-5989.74,,,,,
9551,1816.76,4194.91,5188.56,515.96,273.05,-199.45,-3874.51,-31923.85,1696.02,22755.79,-6547.83,182.97,443.25,-6364.87,-5921.62,,,,,
9561,1784.28,4115.98,5195.1,516.65,285.71,-213.98,-3910.79,-31701.02,1721.74,22652.5,-6681.04,184.16,446.17,-6496.88,-6050.71,,,,,
9571,1864.36,4258.64,5145.54,515.92,279.02,-187.84,-3828.43,-31772.75,1699.43,22643.36,-6658.36,186.93,617.25,-6471.43,-5854.18,,,,,
9581,1797.46,4166.77,5183.71,506.98,277.65,-192.31,-3844.53,-31846.17,1710.65,22699.8,-6631.85,186,460,-6445.84,-5985.84,,,,,
9591,1796.67,4125.39,5172.19,504.41,280.78,-183.08,-3877.61,-31916.14,1725.26,22748.46,-6539.99,181.82,376.34,-6358.17,-5981.83,,,,,
9601,1808.7,4124.39,5180.83,502.48,256.87,-194.54,-3881.54,-31793.26,1734.93,22813.74,-6718.12,178.85,552.58,-6539.27,-5986.69,,,,,
9611,1839.29,4154.61,5213.26,501,260.59,-164.7,-3902.66,-31618.67,1712.58,22616.19,-6730.59,181.52,611.48,-6549.07,-5937.59,,,,,
9621,1801.35,4201.65,5171.13,505.53,257.71,-184.69,-3911.64,-31750.63,1722.61,22725.99,-6723.2,181.13,539,-6542.07,-6003.07,,,,,
9631,1769.93,4147.74,5167.15,493.81,281.88,-205.06,-3883.61,-31791.45,1682.49,22680.8,-6594.88,179.08,343.69,-6415.8,-6072.11,,,,,
9641,1839.03,4155.63,5163.57,524.6,282.42,-217.81,-3891.12,-31898.83,1700.48,22776.67,-6600.02,181.38,434.64,-6418.64,-5983.99,,,,,
9651,1784.58,4238.07,5175.74,509.02,293.51,-192.98,-3889.19,-31731.92,1713.49,22616.59,-6607.03,178.06,516.92,-6428.97,-5912.05,,,,,
9661,1786.8,4197.41,5197.49,510.12,274.51,-165.75,-3918.7,-31835.77,1756.66,22658.78,-6562.12,175.92,461.55,-6386.2,-5924.65,,,,,
9671,1811.29,4210.97,5172.43,518.81,273.16,-195.99,-3857.46,-31770.17,1705.77,22596.95,-6596.94,179.93,465.76,-6417.01,-5951.24,,,,,
9681,1842.92,4104.38,5213.72,507.14,279.62,-164.56,-3856.8,-31857.35,1706.4,22687.19,-6549.48,180.61,462.67,-6368.88,-5906.21,,,,,
9691,1799.31,4152.41,5214.49,505.05,271.25,-170.61,-3891.24,-31900.27,1715.68,22862.23,-6698.03,182.84,558.31,-6515.2,-5956.88,,,,,
9701,1767.87,4246.93,5212.02,506.27,254.33,-202.81,-3864.79,-31971.26,1746.81,22698.96,-6498.67,178.45,394.32,-6320.22,-5925.9,,,,,
9711,1742.01,4162.64,5194.84,508.52,267.99,-169.28,-3905.91,-31946.08,1737.97,22672.47,-6468.11,178.95,265.16,-6289.17,-6024,,,,,
9721,1835.12,4120.7,5221.66,514.99,286.33,-200.93,-3880.72,-31709.8,1715,22606.5,-6599.73,181.56,508.86,-6418.17,-5909.32,,,,,
9731,1779.71,4127.19,5234.54,511.92,283.34,-185.14,-3896.35,-31825.73,1736.77,22644.61,-6588.09,179.43,410.83,-6408.65,-5997.82,,,,,
9741,1755.9,4151.25,5122.93,490.18,286.37,-174.19,-3911.87,-31731.71,1696.05,22785.78,-6692.9,177.36,470.7,-6515.54,-6044.84,,,,,
9751,1795.13,4159.34,5219.14,518.52,253.87,-190.48,-3830.61,-31935.23,1724.21,22715.58,-6553.98,184.08,429.46,-6369.9,-5940.44,,,,,
9761,1781.58,4154.75,5167.9,490.68,269.42,-180.05,-3934.9,-31831.44,1734.32,22723.08,-6602.31,181.64,375.34,-6420.67,-6045.33,,,,,
9771,1806.94,4145.44,5256.11,510.71,297.88,-199.78,-3875.56,-31719.7,1718.83,22681.75,-6693.49,181.27,622.62,-6512.22,-5889.6,,,,,
9781,1753.7,4117.15,5220.31,502.64,264.38,-177.45,-3967.87,-31770.16,1727.04,22809.38,-6632.74,180.9,479.12,-6451.84,-5972.72,,,,,
9791,1794.89,4104.28,5189.56,489.58,276.22,-202.74,-3918.42,-31665.38,1708.27,22676.5,-6660.34,181.35,452.78,-6478.98,-6026.21,,,,,
9801,1788.84,4126,5237.85,497.2,273.54,-169.57,-3909,-31873.68,1737.47,22778.53,-6628.71,179.94,487.17,-6448.77,-5961.6,,,,,
9811,1826.09,4225.72,5227.36,510.12,261.66,-203.58,-3869.89,-31862.58,1708.67,22605.72,-6562.9,176.82,429.3,-6386.09,-5956.79,,,,,
9821,1782.6,4167.49,5177.85,505.12,289.61,-193.78,-3865.54,-31673.84,1701.26,22581.61,-6682.26,183.43,472.38,-6498.82,-6026.44,,,,,
9831,1857.89,4097.06,5234.48,500.02,254.45,-204.92,-3842.37,-31886.08,1708.96,22808.7,-6628.99,182.52,528.19,-6446.47,-5918.28,,,,,
9841,1822.01,4198.66,5212.47,519.02,250.1,-196.19,-3863.76,-31804.31,1689.98,22772.15,-6666.39,181.97,600.12,-6484.42,-5884.29,,,,,
9851,1807.1,4073.65,5270.44,505.47,286.09,-208.44,-3884.79,-31872.93,1722.58,22679.95,-6560.95,180.2,379.13,-6380.75,-6001.62,,,,,
9861,1829.13,4195.08,5186.3,520.1,293.83,-188.24,-3870.83,-31771.86,1702.64,22686.47,-6696.42,184.43,582.61,-6511.99,-5929.38,,,,,
9871,1759.74,4149.37,5194.55,509.16,299.53,-168.72,-3880.55,-32033.34,1757.34,22838.57,-6520.03,178.51,425.64,-6341.52,-5915.88,,,,,
9881,1781.94,4137.35,5161.37,503.56,259.77,-162.97,-3898.92,-31895.72,1728.86,22700.12,-6591.23,177.81,315.35,-6413.42,-6098.07,,,,,
9891,1810.41,4130.77,5165.14,503.48,284.9,-179.26,-3917.5,-31862.29,1737.05,22710.06,-6566.65,181.63,382.75,-6385.02,-6002.27,,,,,
9901,1820.56,4155.38,5186.83,514.5,287.55,-188.75,-3863.17,-31870.75,1701.62,22601.98,-6560.93,179.55,345.74,-6381.37,-6035.63,,,,,
9911,1806.16,4210.66,5159.39,517.28,269.38,-178,-3915.86,-31958.29,1690.54,22742.22,-6532.47,180.63,343.48,-6351.83,-6008.35,,,,,
9921,1783.96,4167.81,5210.71,516.28,256.27,-179.74,-3885.18,-31895.53,1681.21,22613.2,-6492.83,180.1,268.98,-6312.73,-6043.75,,,,,
9931,1746.34,4230.3,5213.74,531.35,284.6,-200.68,-3894.01,-31929.18,1739.43,22708.85,-6500.1,182.45,430.74,-6317.66,-5886.92,,,,,
9941,1786.72,4094.69,5205.49,503.95,266.95,-185.98,-3884.63,-31876.96,1743.09,22706.29,-6552.29,182.94,359.62,-6369.34,-6009.73,,,,,
9951,1774.89,4107.2,5195.89,488.81,276.52,-181.36,-3835.48,-31950.73,1721.74,22668.32,-6523.89,180.04,265.81,-6343.85,-6078.04,,,,,
9961,1813.36,4176.62,5204.85,513.43,289.76,-156.18,-3925.7,-31852.36,1755.51,22584.22,-6516.26,178.86,403.49,-6337.4,-5933.91,,,,,
9971,1769.86,4152.68,5198.3,489.92,281.82,-224.71,-3922.38,-31750.28,1675.94,22603.79,-6584.79,181.55,274.94,-6403.24,-6128.3,,,,,
9981,1753.16,4268.99,5229.13,508.78,285.83,-182.52,-3924.94,-31865.55,1716.41,22544.18,-6502.98,180.73,333.46,-6322.26,-5988.8,,,,,
9991,1784.91,4188.5,5281.75,508.23,279.47,-212.52,-3892.7,-32068,1717.27,22638.18,-6348.13,178.69,225.1,-6169.44,-5944.34,,,,,
10001,1810.79,4187.74,5224.58,494.28,283.68,-211.73,-3874.92,-31825.8,1723.69,22629.08,-6556.72,185.48,441.38,-6371.24,-5929.85,,,,,
,,,,,,,,,,,,,,,,,,,,
Ligand Energy Terms,,,,,,,,,,,,,,,,,,,,
Frame #,BOND,ANGLE,DIHED,UB,IMP,CMAP,VDWAALS,EEL,1-4 VDW,1-4 EEL,EGB,ESURF,GGAS,GSOLV,TOTAL,,,,,
1,15.4,267.51,19.43,0,0.62,0,3.38,-1.27,13.06,11.45,-69.71,3.81,329.58,-65.9,263.67,,,,,
11,15.19,268.8,15.68,0,0.04,0,5.13,-0.52,11.17,11.74,-68.12,3.79,327.22,-64.33,262.89,,,,,
21,16.3,262.84,14.62,0,0.06,0,8.31,-0.59,12.67,11.34,-70.44,3.83,325.55,-66.61,258.94,,,,,
31,16.39,267.84,13.69,0,0.23,0,4.08,-0.62,12.7,10.96,-70.21,3.85,325.27,-66.36,258.91,,,,,
41,11.41,264.81,19.16,0,0.06,0,8.67,-1.7,13.98,12.4,-69.39,3.81,328.8,-65.58,263.22,,,,,
51,15.07,275.82,14.51,0,0.32,0,11.11,-1.41,12.23,12.17,-68.84,3.84,339.82,-64.99,274.83,,,,,
61,11.89,266.39,17.61,0,0.04,0,5.74,-1.43,13.94,11.62,-68.14,3.83,325.8,-64.31,261.48,,,,,
71,12.53,261.78,14.3,0,1.06,0,6.43,-0.72,11.1,11.3,-67.85,3.85,317.77,-64,253.78,,,,,
81,15,268.89,16.17,0,0.09,0,6.8,-0.13,13.71,10.13,-69.49,3.85,330.67,-65.64,265.04,,,,,
91,8.95,263.35,16.65,0,0.81,0,6.45,-1.24,11.8,12.04,-69.69,3.83,318.82,-65.86,252.96,,,,,
101,12.38,268.53,17.02,0,0.25,0,6.03,-1.5,13.07,11.47,-69.1,3.82,327.26,-65.28,261.98,,,,,
111,13.76,263.52,16.87,0,0.56,0,3.44,-0.82,11.54,11.13,-69.6,3.85,320,-65.75,254.25,,,,,
121,11.58,258.41,17.89,0,0.05,0,9.6,-1.25,12.56,12.09,-69.22,3.83,320.93,-65.39,255.54,,,,,
131,12.96,263.55,16.31,0,0.14,0,7.57,-0.5,11.43,11.17,-69.75,3.83,322.63,-65.92,256.71,,,,,
141,17.22,276.44,18.22,0,0.12,0,3.27,-1.3,11.03,12.22,-68.91,3.83,337.22,-65.08,272.14,,,,,
151,15.68,261,19.68,0,0.03,0,4.89,-0.34,11.68,10.69,-68.89,3.81,323.31,-65.08,258.22,,,,,
161,12.29,265.37,18.68,0,0.09,0,1.92,-0.23,14.61,10.3,-68.77,3.81,323.04,-64.96,258.08,,,,,
171,20.49,261.03,19.16,0,0.15,0,4.54,-1.02,11.87,10.88,-70.35,3.82,327.11,-66.53,260.58,,,,,
181,17.08,267.39,15.56,0,0.01,0,4.04,-1.5,11.28,11.55,-69.77,3.79,325.41,-65.98,259.43,,,,,
191,11.73,262.25,15.28,0,0.53,0,3.96,-0.71,12.58,11.65,-68.47,3.84,317.27,-64.64,252.63,,,,,
201,14.09,264.16,18.18,0,0.14,0,1.57,-0.49,13.42,10.97,-68.84,3.79,322.05,-65.05,257,,,,,
211,8.95,265.33,17.78,0,0.12,0,4.99,-0.84,14.85,10.63,-68.15,3.82,321.83,-64.33,257.5,,,,,
221,20.67,265.22,17.62,0,0.31,0,5.57,-0.57,10.85,11.53,-68.27,3.84,331.21,-64.43,266.78,,,,,
231,16.01,261.64,15.54,0,0.02,0,6.53,-1.19,12.03,11.65,-70.18,3.84,322.23,-66.34,255.9,,,,,
241,16.81,273.83,17.25,0,0.15,0,0.28,-0.25,13.92,10.89,-69.67,3.82,332.88,-65.85,267.03,,,,,
251,17.05,260.57,16.81,0,0.33,0,1.54,-1.23,11.62,11.34,-68.88,3.78,318.03,-65.1,252.93,,,,,
261,9.61,268.03,14.84,0,0.01,0,5.99,-0.48,12.23,11.01,-70.07,3.8,321.24,-66.28,254.97,,,,,
271,18.46,277.52,15.33,0,0.04,0,5.63,-0.53,12.71,11.35,-70.3,3.81,340.5,-66.49,274.02,,,,,
281,11.88,263.26,20.18,0,0.16,0,6.28,-0.49,14.22,11.58,-69.44,3.85,327.07,-65.59,261.47,,,,,
291,17.21,261.69,14.26,0,0.2,0,3.47,-0.67,12.5,10.94,-69.3,3.81,319.61,-65.49,254.12,,,,,
301,14.34,273.75,21.56,0,0.13,0,3.63,-0.9,13.26,11.67,-68.09,3.82,337.45,-64.27,273.18,,,,,
311,14.46,268.46,17.18,0,0.04,0,3.03,-0.52,13.51,11.01,-70.33,3.85,327.17,-66.48,260.68,,,,,
321,12.09,268.69,18.16,0,0.77,0,4.81,-0.85,10.78,11.57,-68.34,3.77,326.03,-64.58,261.45,,,,,
331,21.63,269.56,19.41,0,0.63,0,6.14,-1.48,12.46,13.61,-70.38,3.83,341.95,-66.55,275.4,,,,,
341,16.55,272.79,15.29,0,0.05,0,6.25,-1.23,10.88,11.51,-69.88,3.81,332.08,-66.07,266.01,,,,,
351,11.83,254.36,18.27,0,0.07,0,7.52,-1.16,15.58,11.34,-67.7,3.83,317.83,-63.88,253.95,,,,,
361,14.53,261.84,17.56,0,0.19,0,8.29,-0.94,13.55,11.18,-69.34,3.83,326.2,-65.51,260.68,,,,,
371,12.63,277.35,17.67,0,0.06,0,5.33,-0.27,12.17,11.19,-69.69,3.82,336.14,-65.87,270.26,,,,,
381,14.04,276.5,16.73,0,0.16,0,4.91,-0.63,12.55,10.67,-70.05,3.82,334.94,-66.22,268.72,,,,,
391,12.26,258.72,16.69,0,0.11,0,8.48,-0.2,13.65,10.74,-69.6,3.83,320.44,-65.77,254.67,,,,,
401,12.09,260.42,16.89,0,0.07,0,5.43,-0.94,10.95,11.21,-69.34,3.79,316.11,-65.55,250.56,,,,,
411,13.19,265.29,15.44,0,0.18,0,11.02,-0.61,9.98,11.11,-69.1,3.8,325.59,-65.31,260.29,,,,,
421,11.21,267.68,13.34,0,0.15,0,6.12,-0.9,13.5,11.26,-69.52,3.85,322.37,-65.68,256.69,,,,,
431,12.17,263.62,16.89,0,0.09,0,7.11,-1.33,14.95,12.68,-69.58,3.81,326.17,-65.76,260.4,,,,,
441,13.95,265.75,20.22,0,0.23,0,8.07,-0.47,14.33,11.33,-68.57,3.83,333.41,-64.74,268.67,,,,,
451,14,269.3,17.66,0,0.12,0,5.58,-1.05,11.05,11.55,-69.42,3.81,328.23,-65.61,262.62,,,,,
461,14.01,266.71,19.02,0,0.05,0,5.02,-0.66,11.68,11.38,-69,3.81,327.21,-65.19,262.03,,,,,
471,17.28,275.68,18.34,0,0.04,0,3.26,-0.31,11.96,10.81,-70.39,3.82,337.05,-66.56,270.48,,,,,
481,13.08,261.56,14.63,0,0.02,0,5.56,-0.92,11.51,11.91,-67.96,3.84,317.35,-64.12,253.23,,,,,
491,13.73,268.28,12.84,0,0.27,0,8.46,-1.28,13.15,11.52,-69.7,3.84,326.97,-65.86,261.11,,,,,
501,17.26,263.46,15.5,0,0.16,0,5.21,-1.14,11.5,12.11,-70.37,3.79,324.05,-66.59,257.46,,,,,
511,6.81,266.98,15.67,0,0.46,0,7.75,-0.73,14.4,10.89,-68.99,3.83,322.25,-65.15,257.1,,,,,
521,13.95,263.83,18.29,0,0.21,0,13.49,-0.87,14.2,11.71,-69.74,3.84,334.82,-65.9,268.92,,,,,
531,11.22,263.85,14.93,0,0.06,0,7.21,-1,13,11.35,-70.2,3.81,320.61,-66.38,254.23,,,,,
541,14.2,264.72,15.73,0,0.12,0,3.94,-0.65,10.65,10.38,-69.13,3.81,319.08,-65.31,253.76,,,,,
551,20.03,261.55,17.14,0,0.01,0,2.3,-1.78,13.17,12.03,-68.89,3.79,324.47,-65.1,259.37,,,,,
561,13.71,278.44,17.02,0,0.04,0,1.88,-0.88,14.02,11.72,-68.33,3.82,335.96,-64.51,271.45,,,,,
571,14.25,264.36,17.86,0,0.2,0,6.77,-1.23,13.88,12.02,-69,3.85,328.11,-65.14,262.96,,,,,
581,12.48,266.78,17.55,0,0.08,0,7.77,-0.64,13.34,11.53,-70.8,3.86,328.88,-66.94,261.93,,,,,
591,18.49,277.44,16.79,0,0.23,0,1.5,-1.21,9.59,12.61,-70.58,3.81,335.45,-66.76,268.68,,,,,
601,11.88,261.85,15.98,0,0,0,6.22,-0.59,14.28,11.03,-70.64,3.83,320.66,-66.8,253.85,,,,,
611,16.62,259.96,17.68,0,0.09,0,4.79,-0.49,13.66,11.88,-68.64,3.78,324.19,-64.86,259.33,,,,,
621,14.7,260.25,19.91,0,0.44,0,4.75,-0.53,12.13,11.44,-69.18,3.84,323.08,-65.34,257.74,,,,,
631,10.17,269.21,18.76,0,0.05,0,3.16,-1,13.33,11.47,-68.16,3.83,325.15,-64.33,260.82,,,,,
641,12.8,265.26,15.91,0,0.04,0,3.15,-1.02,10.85,12.02,-70.07,3.78,319.02,-66.29,252.72,,,,,
651,12.37,264.42,15.4,0,0.19,0,3.97,-0.2,11.96,10.95,-69.65,3.84,319.06,-65.82,253.25,,,,,
661,14.33,262.89,18.39,0,0.05,0,4.47,-0.98,11.59,11.54,-69.5,3.83,322.28,-65.67,256.61,,,,,
671,8.67,277.18,17.9,0,0.07,0,6.96,0.29,11.91,10.22,-69.44,3.82,333.21,-65.62,267.59,,,,,
681,15.58,261.97,16.59,0,0.09,0,3.3,-1.31,11.94,11.48,-67.61,3.8,319.64,-63.82,255.82,,,,,
691,11.27,262.42,16.27,0,0.07,0,8.73,-0.81,12.36,12.2,-69.27,3.83,322.51,-65.44,257.08,,,,,
701,8.58,258.5,16.29,0,0.27,0,7.22,-0.47,14.95,11.1,-68.49,3.83,316.44,-64.66,251.77,,,,,
711,10.06,257.55,17.66,0,0.17,0,4.8,-0.88,13.06,12.33,-68.79,3.84,314.75,-64.95,249.8,,,,,
721,10.88,265.52,18.25,0,0.39,0,2.88,-1.15,12.79,11.97,-70.62,3.82,321.52,-66.8,254.72,,,,,
731,15.6,264.55,18.72,0,0.07,0,0.48,-0.61,11.8,10.33,-69.5,3.81,320.96,-65.69,255.27,,,,,
741,12.72,270.41,13.73,0,0.03,0,5.36,-0.99,12.38,12.1,-69.45,3.82,325.73,-65.62,260.11,,,,,
751,11.34,267.8,19.93,0,0.22,0,3.46,-0.04,11.76,9.87,-69.91,3.84,324.34,-66.07,258.27,,,,,
761,15.64,271.4,16.8,0,0.12,0,1.65,-0.9,11.47,12.41,-69.42,3.82,328.6,-65.6,263,,,,,
771,9.35,268.52,15.99,0,0.07,0,2.08,-1.12,18.27,12.09,-69.78,3.82,325.24,-65.96,259.28,,,,,
781,13.53,259.98,15.02,0,0.56,0,5.17,-0.51,14.2,10.65,-68.91,3.82,318.59,-65.09,253.5,,,,,
791,12.29,268,17.14,0,0.15,0,4.63,-0.88,12.76,11.37,-69.03,3.81,325.45,-65.22,260.23,,,,,
801,16.06,272.84,14.04,0,0.04,0,2.31,-0.88,11.22,11.02,-67.76,3.8,326.65,-63.96,262.7,,,,,
811,13.47,261.95,14.41,0,0.03,0,9.33,-0.9,11.81,11.21,-68.04,3.81,321.31,-64.23,257.08,,,,,
821,12.88,261.99,17.56,0,0.35,0,8.37,-1.07,13.23,11.79,-68.48,3.82,325.1,-64.66,260.44,,,,,
831,11.02,263.35,17.53,0,0.42,0,5.45,-1.72,11.37,11.72,-68.69,3.81,319.14,-64.88,254.26,,,,,
841,17.56,264.44,14.26,0,0.01,0,5.08,-0.36,12.18,10.78,-68.79,3.83,323.96,-64.96,258.99,,,,,
851,11.16,263.29,18.18,0,0.74,0,5.54,-0.62,12.53,11.4,-68.8,3.83,322.23,-64.97,257.25,,,,,
861,11.59,269.53,18.05,0,0.69,0,2.39,-0.68,13.76,11.09,-68.14,3.81,326.43,-64.33,262.1,,,,,
871,11.17,270.21,15.58,0,0.4,0,6.18,-1.12,12.88,10.79,-70.69,3.79,326.09,-66.9,259.19,,,,,
881,18.19,268.66,16.91,0,0.85,0,2.05,-0.51,10.37,10.66,-69.05,3.82,327.19,-65.23,261.96,,,,,
891,10.22,266.71,18.53,0,0.09,0,3.68,-0.7,12.31,11.72,-68.45,3.83,322.56,-64.62,257.94,,,,,
901,10.18,265,16.17,0,0.17,0,4.64,-0.78,14.1,11.03,-69.94,3.84,320.51,-66.09,254.42,,,,,
911,8.02,272.22,15.71,0,0.08,0,9.13,-0.32,14.27,11.19,-70.15,3.82,330.29,-66.32,263.97,,,,,
921,10.34,265.72,16.48,0,0.28,0,4.91,-0.89,9.87,12.14,-69.17,3.81,318.86,-65.36,253.5,,,,,
931,16.01,266.41,15.7,0,0.16,0,2.65,-0.09,11.79,10.36,-69.81,3.81,322.99,-66,256.99,,,,,
941,15.32,270.03,15.82,0,0.03,0,4.82,-0.36,16.47,10.92,-68.78,3.84,333.05,-64.94,268.11,,,,,
951,19.98,262.62,16.65,0,0.02,0,2,0.15,11.92,10.47,-71.46,3.83,323.79,-67.63,256.16,,,,,
961,11.55,270.62,18.39,0,0.01,0,1.25,-0.25,11.18,10.32,-69.68,3.86,323.08,-65.82,257.25,,,,,
971,10.95,271.35,16.74,0,0.2,0,4.08,-0.63,12.91,11.01,-69.07,3.84,326.61,-65.23,261.39,,,,,
981,12.87,260.84,15.24,0,0.19,0,10.35,-1.03,13.29,11.19,-68.69,3.81,322.94,-64.88,258.06,,,,,
991,15.54,272.76,17.67,0,0.17,0,0.82,-1.29,11.65,12.87,-70.56,3.83,330.19,-66.72,263.47,,,,,
1001,17.08,266.55,19.76,0,0.71,0,6.32,-0.59,12.53,10.25,-67.42,3.79,332.62,-63.63,268.99,,,,,
1011,16.71,261.34,16.39,0,0.01,0,6.79,-1.13,11.09,12.16,-68.67,3.82,323.35,-64.86,258.5,,,,,
1021,12.89,270.26,18.43,0,0.07,0,5.7,-0.23,12.99,10.79,-66.64,3.84,330.91,-62.8,268.11,,,,,
1031,15.87,263.3,14.7,0,0.08,0,7.25,-0.9,12.84,10.93,-69.53,3.85,324.06,-65.69,258.38,,,,,
1041,10.6,269.02,18.64,0,0.3,0,4.34,-0.54,13.84,10.89,-69.34,3.84,327.09,-65.5,261.58,,,,,
1051,13.22,262.45,17.18,0,0.01,0,8.56,-0.54,11.2,10.52,-71.1,3.83,322.6,-67.27,255.34,,,,,
1061,13.04,265.38,16.44,0,0.06,0,7.62,-0.57,12.08,10.58,-68.87,3.83,324.64,-65.04,259.6,,,,,
1071,12,269.73,18.88,0,1.06,0,7.2,-1.03,15.14,12.12,-69.26,3.8,335.11,-65.46,269.65,,,,,
1081,16.06,264.94,15.86,0,0.16,0,6.07,-0.42,9.48,11.36,-70.56,3.84,323.51,-66.71,256.8,,,,,
1091,12.62,274.74,15.41,0,0.06,0,0.45,-0.12,11.96,11.19,-69.19,3.81,326.32,-65.38,260.94,,,,,
1101,15.72,264.43,18.19,0,0.86,0,3.37,0.16,13.41,9.61,-69.57,3.83,325.75,-65.74,260,,,,,
1111,16.55,259.93,17.44,0,0.45,0,6.46,-1.26,12.78,11.87,-68.65,3.82,324.22,-64.83,259.39,,,,,
1121,17.31,262.84,15.63,0,0.09,0,4.63,-0.88,13.63,10.81,-70.39,3.82,324.07,-66.57,257.5,,,,,
1131,14,266.83,19.49,0,0.64,0,8.93,-0.45,11.73,10.68,-69.32,3.83,331.84,-65.49,266.35,,,,,
1141,16.98,264.4,23.59,0,0.29,0,6.41,-0.81,11.61,11.64,-69.81,3.79,334.11,-66.02,268.09,,,,,
1151,17.45,260.53,13.88,0,0.15,0,5.48,-0.98,12.08,11.68,-69,3.84,320.26,-65.16,255.1,,,,,
1161,12.95,264.41,13.17,0,0,0,8.67,-0.43,14.19,9.81,-69.42,3.82,322.76,-65.59,257.17,,,,,
1171,15.08,271.56,18.03,0,0.43,0,1.51,-0.48,12.34,11.13,-68.91,3.83,329.6,-65.09,264.51,,,,,
1181,12.52,260.58,16.15,0,0.06,0,5.42,-1.48,14.46,12.17,-69.7,3.8,319.89,-65.9,253.99,,,,,
1191,12.6,266.41,15.54,0,0.24,0,7.13,-1.03,12.45,11.7,-68.91,3.83,325.04,-65.08,259.96,,,,,
1201,13.41,270.73,13.75,0,0.21,0,4.62,-0.66,10.72,10.94,-70.7,3.83,323.72,-66.87,256.85,,,,,
1211,18.08,258.25,15.56,0,0.12,0,6.36,-1.12,11.92,11.5,-69.21,3.8,320.69,-65.41,255.27,,,,,
1221,13.37,269.51,16.09,0,0.06,0,1.7,-1.49,13.11,12.39,-69.33,3.83,324.74,-65.49,259.25,,,,,
1231,16.13,269.06,16.77,0,0.12,0,3.97,-0.71,13,10.55,-68.47,3.82,328.9,-64.65,264.25,,,,,
1241,12.62,264.73,17.53,0,0.32,0,2.63,-0.36,10.48,10.56,-68.84,3.8,318.5,-65.04,253.46,,,,,
1251,12.61,257.63,18.16,0,0.06,0,7.26,-1.11,14.34,11.67,-69.79,3.87,320.62,-65.93,254.69,,,,,
1261,16.09,269.26,16.93,0,0.31,0,2.6,-0.62,11.43,11.27,-69.09,3.86,327.27,-65.24,262.03,,,,,
1271,14.36,271.51,17.24,0,0.12,0,4.21,-0.95,12.67,11.65,-70.28,3.82,330.81,-66.47,264.34,,,,,
1281,12.43,265.23,18.88,0,1.03,0,3.36,-0.44,12.58,11.81,-68.99,3.83,324.89,-65.16,259.73,,,,,
1291,15.23,263.97,18.11,0,0.49,0,8.26,-0.81,10.93,10.93,-69.29,3.83,327.1,-65.46,261.64,,,,,
1301,9.7,261.63,17.8,0,0.03,0,4.92,-1.05,12.94,11.44,-68.54,3.85,317.41,-64.69,252.72,,,,,
1311,16.17,267.87,14.14,0,0.14,0,4.91,-1.55,13.2,11.91,-67.21,3.83,326.79,-63.38,263.41,,,,,
1321,8.45,257.32,16.01,0,0.05,0,7.75,-0.31,13.97,10.51,-70.11,3.83,313.74,-66.28,247.46,,,,,
1331,8.99,264.89,15.8,0,0.8,0,5.75,-0.51,12.7,10.56,-68.48,3.8,318.97,-64.68,254.29,,,,,
1341,14.34,260.89,17.97,0,0.05,0,7.68,-2.22,11.48,12.93,-69.3,3.83,323.11,-65.47,257.65,,,,,
1351,15.07,268.22,16.39,0,0.39,0,6.98,-0.69,12.02,11.53,-70.23,3.86,329.91,-66.37,263.55,,,,,
1361,15.5,269.1,15.12,0,0.01,0,4.12,-1.5,12.01,12.82,-70.71,3.81,327.17,-66.9,260.27,,,,,
1371,13.8,263.59,15.39,0,0.02,0,5.29,-0.75,10.89,10.65,-69.47,3.82,318.89,-65.65,253.24,,,,,
1381,15.98,268.24,17.71,0,0.11,0,-0.98,-1.08,11.29,11.41,-68.93,3.82,322.68,-65.11,257.57,,,,,
1391,14.49,262.01,16.23,0,0.25,0,6.55,-1.35,13.02,11.73,-67.71,3.81,322.94,-63.9,259.04,,,,,
1401,11.49,267.42,16.09,0,0.03,0,7.39,-1.24,12.45,11.81,-69.33,3.83,325.43,-65.49,259.94,,,,,
1411,18.21,263.76,16.44,0,0.01,0,6.52,-0.07,9.72,10.27,-69.34,3.86,324.85,-65.49,259.36,,,,,
1421,14.24,259.91,14.95,0,0.04,0,5.35,-0.5,12.03,10.84,-69.03,3.8,316.86,-65.23,251.63,,,,,
1431,11.19,264.58,18.28,0,0.15,0,6.25,-0.94,11.81,11.08,-68.77,3.82,322.39,-64.96,257.43,,,,,
1441,10.09,269.67,15.36,0,0.41,0,4.48,-0.52,14.25,11.39,-70.49,3.78,325.12,-66.71,258.42,,,,,
1451,15.63,259.86,23.27,0,0.17,0,8.05,-1.3,12.03,11.78,-71.02,3.84,329.49,-67.18,262.31,,,,,
1461,10.93,268.22,15.58,0,0.11,0,6.12,-1.14,14.43,11.58,-68.96,3.86,325.84,-65.1,260.74,,,,,
1471,16.28,263.31,18.68,0,0.44,0,4.53,-1.07,13.86,11.72,-68.8,3.82,327.76,-64.98,262.78,,,,,
1481,9.96,257.82,18.37,0,0.23,0,9.24,-0.92,15.37,11.2,-69.08,3.84,321.25,-65.24,256.01,,,,,
1491,14.05,268.75,17.1,0,0.1,0,4.85,-1.15,13.88,11.38,-69.44,3.84,328.97,-65.59,263.37,,,,,
1501,11.31,264.2,16.13,0,0.54,0,3.67,-0.71,11.69,11.61,-69.41,3.86,318.43,-65.56,252.87,,,,,
1511,10.74,276.53,14.91,0,0.06,0,2.96,-0.51,11.5,11.01,-70.32,3.83,327.19,-66.49,260.7,,,,,
1521,17.43,266.53,14.81,0,0.07,0,5.69,-0.65,10.48,10.63,-69.68,3.8,324.98,-65.89,259.1,,,,,
1531,16.54,273.42,14.79,0,0.03,0,5.17,-1,11.05,11.51,-69.65,3.84,331.53,-65.81,265.72,,,,,
1541,14.44,271.42,17.23,0,0.05,0,5.08,-0.73,13.05,11.19,-69.2,3.8,331.74,-65.4,266.34,,,,,
1551,11.87,264.19,15.09,0,0.68,0,7.69,-0.93,11.23,11.63,-69.82,3.84,321.44,-65.99,255.46,,,,,
1561,16.06,266.59,15.17,0,0.07,0,8.15,-0.79,13.12,10.52,-68.42,3.83,328.89,-64.58,264.3,,,,,
1571,14.53,262.06,17.63,0,0.1,0,6.08,-1.68,13.67,12.41,-70.16,3.84,324.8,-66.32,258.48,,,,,
1581,20.79,261.01,17.14,0,0.36,0,2.27,-1.24,9.75,11.78,-68.32,3.81,321.85,-64.5,257.35,,,,,
1591,13.73,269.83,16.92,0,0.21,0,7.08,-1.26,12.69,12.54,-70.42,3.81,331.75,-66.61,265.14,,,,,
1601,13.18,257.22,20.68,0,0.41,0,7.41,-1.03,12.71,11.08,-69.05,3.8,321.65,-65.25,256.4,,,,,
1611,18.42,259.22,19.06,0,0.18,0,3.64,-1.82,10.29,12.35,-69.8,3.82,321.34,-65.98,255.36,,,,,
1621,9.5,258.1,17.54,0,0.12,0,10.13,-1.17,14.83,11.31,-68.39,3.82,320.35,-64.57,255.78,,,,,
1631,11.88,259.31,18.24,0,0.13,0,7.68,-0.61,13.56,10.63,-68.53,3.82,320.82,-64.7,256.12,,,,,
1641,11.95,267.04,15.68,0,0.1,0,3.43,-0.39,12.07,11.75,-69.51,3.83,321.64,-65.68,255.96,,,,,
1651,14.6,267.31,18.8,0,0.48,0,9.25,-0.63,11.74,11.63,-70.87,3.81,333.18,-67.06,266.13,,,,,
1661,14.49,267.86,16.17,0,0.38,0,9.59,-1.75,12.52,12.5,-68.61,3.81,331.76,-64.79,266.96,,,,,
1671,12.29,263.3,21.85,0,0.14,0,7.11,-1.16,11.88,11.8,-70.1,3.81,327.2,-66.29,260.91,,,,,
1681,11.2,265.25,16.63,0,0.1,0,5.7,-0.97,14.16,11.34,-69.41,3.83,323.41,-65.58,257.82,,,,,
1691,11.79,279.8,20.53,0,0.17,0,4.26,-1.16,13.38,10.99,-67.82,3.84,339.76,-63.97,275.79,,,,,
1701,14.66,259.17,18.65,0,0.17,0,8.83,-1.21,12.48,12.18,-68.92,3.79,324.94,-65.13,259.81,,,,,
1711,10.19,267.79,17.82,0,0.03,0,6.17,-0.3,16.08,10.77,-68.95,3.8,328.56,-65.14,263.41,,,,,
1721,14.37,267.81,16.53,0,0.55,0,4.69,-0.67,14.13,10.62,-67.54,3.79,328.05,-63.75,264.3,,,,,
1731,17.83,262.59,17.71,0,0.2,0,2.1,-0.3,11.57,10.12,-69.26,3.83,321.83,-65.43,256.4,,,,,
1741,14.43,262.53,15.32,0,0.05,0,6.65,-0.82,11.06,11.13,-68.47,3.8,320.35,-64.67,255.68,,,,,
1751,12.79,268.05,18.11,0,0.15,0,0.87,-1.2,14.82,11.29,-68.49,3.82,324.88,-64.66,260.22,,,,,
1761,12.42,263.18,15.03,0,0.01,0,1.56,-0.62,11.96,11.25,-69.6,3.81,314.79,-65.79,249.01,,,,,
1771,11.5,282.27,13.76,0,0.14,0,9.05,-1.44,11.62,12.1,-69.4,3.82,339,-65.58,273.43,,,,,
1781,16.44,262.65,14.03,0,0.27,0,7,-1.1,10.94,12.15,-69.11,3.82,322.37,-65.29,257.08,,,,,
1791,21.52,272.35,16.08,0,0.08,0,3.79,-0.21,12.12,10.7,-71.04,3.8,336.43,-67.24,269.2,,,,,
1801,7.18,262.15,16.81,0,0.03,0,8.51,-0.72,12.39,11.86,-69.68,3.83,318.2,-65.85,252.35,,,,,
1811,11.19,265.82,13.7,0,0.02,0,6.59,-0.37,12.12,10.94,-68.35,3.86,320.02,-64.49,255.53,,,,,
1821,10.73,259.5,16.77,0,0.43,0,13.59,-0.88,12.03,11.85,-69.09,3.82,324.01,-65.26,258.74,,,,,
1831,17.6,264.25,13.76,0,0,0,3.51,-0.46,12.55,10.59,-68.33,3.81,321.81,-64.52,257.3,,,,,
1841,15.96,258.1,14.68,0,0.03,0,5.39,-0.97,10.69,11.26,-69.57,3.77,315.15,-65.79,249.35,,,,,
1851,20.3,265.36,17.3,0,0.26,0,5.56,-1.08,11.73,11.15,-69.83,3.83,330.58,-66.01,264.57,,,,,
1861,17.44,269.55,18.16,0,0.35,0,3.58,-0.26,11.13,10.92,-71.4,3.82,330.87,-67.59,263.28,,,,,
1871,16.1,265.07,16.49,0,0.36,0,8.35,-1.12,12.57,11.16,-70.31,3.83,328.98,-66.49,262.49,,,,,
1881,13.71,263.56,17.93,0,0.19,0,3.73,-0.57,10.94,10.92,-69.91,3.81,320.41,-66.09,254.32,,,,,
1891,13.78,262.78,18.11,0,0.14,0,5.04,-1.15,12.97,11.92,-69.91,3.81,323.6,-66.1,257.5,,,,,
1901,14.14,268,16.38,0,0.18,0,8.95,-0.05,15.01,10.31,-68.62,3.83,332.92,-64.78,268.13,,,,,
1911,15.69,260.64,14.36,0,0.1,0,8.9,-0.88,9.87,12.16,-69.48,3.84,320.85,-65.64,255.21,,,,,
1921,12.1,263.82,17.94,0,0.07,0,4.34,-0.85,13.94,11.26,-69.79,3.84,322.61,-65.95,256.66,,,,,
1931,12,265.25,16.02,0,0.03,0,3.55,-0.69,13.02,11.52,-69.85,3.83,320.7,-66.02,254.68,,,,,
1941,19.14,265.98,18.1,0,0.1,0,5.1,-1.16,11.63,11.52,-70.34,3.81,330.41,-66.52,263.89,,,,,
1951,11.51,258.51,19.42,0,0.03,0,8.34,-0.96,13.82,11.47,-69.68,3.82,322.14,-65.86,256.28,,,,,
1961,15.89,268.41,17.19,0,0.22,0,1.31,-0.76,11.89,10.92,-67.64,3.8,325.08,-63.83,261.25,,,,,
1971,20,274.17,17.84,0,0.52,0,1.06,-1.59,10.34,12.46,-69.67,3.81,334.8,-65.85,268.94,,,,,
1981,14.39,268.29,17.02,0,0.38,0,2.49,-0.73,12.7,10.71,-69.51,3.82,325.25,-65.69,259.56,,,,,
1991,16.42,266.21,16.77,0,0.71,0,8.55,0.4,12.63,10.16,-70.14,3.82,331.86,-66.31,265.55,,,,,
2001,8.93,260.13,17.6,0,0.05,0,3.59,-0.39,15.07,10.29,-67.83,3.8,315.28,-64.04,251.24,,,,,
2011,17.56,265.13,17.73,0,0.15,0,6.32,-0.87,11.71,11.12,-69.1,3.78,328.86,-65.32,263.54,,,,,
2021,13.66,263.78,16.96,0,0.06,0,5.01,-0.85,12.97,11.14,-69.09,3.84,322.73,-65.24,257.49,,,,,
2031,15.61,260.35,16.11,0,0.56,0,3.37,-1.41,12.13,11.92,-70.24,3.81,318.65,-66.43,252.22,,,,,
2041,13.61,270.84,14.58,0,0.08,0,5.44,-0.11,13.99,10.77,-69.29,3.83,329.21,-65.46,263.75,,,,,
2051,15.51,270.56,20.68,0,0.1,0,5.62,-0.48,13.96,12.26,-71.51,3.85,338.2,-67.66,270.55,,,,,
2061,13.67,276.73,17.36,0,0.62,0,4.82,-1.52,11.46,12.6,-68.91,3.79,335.73,-65.11,270.62,,,,,
2071,13.98,262.28,17.16,0,0.56,0,4.58,-0.9,12.64,11.81,-68.76,3.83,322.12,-64.94,257.18,,,,,
2081,14.69,269.67,19.31,0,0.06,0,2.42,-1.21,11.24,11.99,-69.17,3.82,328.17,-65.35,262.82,,,,,
2091,9.79,268.53,16.73,0,0.38,0,3.15,-0.53,12.84,11.13,-69.5,3.82,322.02,-65.68,256.34,,,,,
2101,15.23,267.99,19.57,0,0.33,0,2.17,-0.7,13.02,10.97,-70.16,3.82,328.58,-66.33,262.25,,,,,
2111,10.31,263.65,16.34,0,0.26,0,7.09,-1.21,13.55,11.84,-70.06,3.83,321.84,-66.23,255.61,,,,,
2121,9.2,265.25,18.11,0,0.71,0,6.24,-0.92,12.68,11.08,-68.91,3.85,322.33,-65.06,257.27,,,,,
2131,16.8,261.88,18.1,0,0.23,0,6.98,-1.55,12.78,12.35,-68.77,3.83,327.57,-64.94,262.63,,,,,
2141,12.76,262.54,14.77,0,0.04,0,10.92,-0.16,13.05,10.69,-69.72,3.8,324.59,-65.91,258.68,,,,,
2151,11.36,258.15,18.87,0,0.47,0,3.67,-0.45,11.98,11.05,-69.56,3.79,315.11,-65.77,249.34,,,,,
2161,16.39,264.55,15.15,0,0.13,0,3.09,-0.3,12.61,10.24,-70.87,3.83,321.86,-67.04,254.82,,,,,
2171,15.28,263.64,22.66,0,0.28,0,3.27,-0.87,12.78,11.45,-70.16,3.83,328.47,-66.33,262.15,,,,,
2181,13.82,260.51,17.91,0,0.13,0,6.99,-1.11,14.04,11.89,-68.31,3.78,324.18,-64.53,259.65,,,,,
2191,12.19,264.7,16.03,0,0.04,0,2.86,-1.22,11.43,12.31,-68.95,3.84,318.34,-65.11,253.23,,,,,
2201,9.91,260.38,17.36,0,0.16,0,10.67,-1.11,14.77,12.42,-69.6,3.82,324.56,-65.78,258.78,,,,,
2211,10.96,269.32,17.53,0,0.09,0,5.38,-1.4,12.94,11.73,-68.11,3.82,326.55,-64.29,262.26,,,,,
2221,12.92,275.84,19.36,0,0.06,0,6.62,-0.87,12.37,10.68,-68.53,3.8,336.98,-64.73,272.25,,,,,
2231,16.49,267.09,16.31,0,0.36,0,5,-0.63,12.71,10.81,-69.55,3.84,328.14,-65.71,262.42,,,,,
2241,13.79,268.63,16.96,0,0.35,0,1.28,-0.4,13.16,11.78,-70.94,3.81,325.55,-67.13,258.42,,,,,
2251,13.41,259.17,14.87,0,0.07,0,7.3,-0.46,12.36,10.65,-69.16,3.82,317.35,-65.35,252,,,,,
2261,13.66,266.85,14.23,0,0.02,0,9.38,-0.21,11.81,9.92,-67.45,3.83,325.66,-63.62,262.04,,,,,
2271,16.96,274.07,13.91,0,0.16,0,4.45,-1.23,12.95,12.19,-70.99,3.82,333.47,-67.17,266.3,,,,,
2281,12.57,256.92,15.96,0,0.09,0,5.81,-1.34,13.15,11.77,-69.36,3.82,314.95,-65.54,249.41,,,,,
2291,10.43,264.32,18.66,0,1.1,0,1.65,-1.1,10.38,11.73,-69.75,3.82,317.16,-65.93,251.22,,,,,
2301,10.3,262.9,15.71,0,0.24,0,6.25,-0.67,10.95,10.54,-69.39,3.88,316.22,-65.51,250.72,,,,,
2311,18.22,273.52,15.7,0,0.17,0,2.17,-0.46,12.27,10.87,-68.4,3.84,332.48,-64.56,267.92,,,,,
2321,13.51,261.34,17.11,0,0.16,0,4.76,-0.48,12.08,10.91,-68.83,3.82,319.39,-65.01,254.37,,,,,
2331,12.9,261.11,19.82,0,0.52,0,11.31,-1.66,14.29,11.74,-68.57,3.86,330.02,-64.71,265.31,,,,,
2341,12.36,261.79,17.93,0,0.1,0,6.63,-0.91,13.84,11.69,-68.37,3.84,323.44,-64.53,258.91,,,,,
2351,16.39,263.6,17.27,0,0.18,0,6.74,-2.03,12.94,13.03,-69.89,3.84,328.12,-66.05,262.07,,,,,
2361,13.21,268.07,18.66,0,0.22,0,6.05,-1.03,13.35,11.3,-69.77,3.78,329.84,-65.99,263.84,,,,,
2371,11.82,262.24,18.12,0,0.1,0,5.94,-1.13,13.17,11.68,-68.7,3.83,321.93,-64.87,257.06,,,,,
2381,13.7,272.64,16.84,0,0.02,0,2.62,-1.68,12.74,11.53,-69.3,3.83,328.42,-65.47,262.95,,,,,
2391,13.89,273.51,14.22,0,0.67,0,6.26,-0.3,10.89,10.53,-69.61,3.83,329.68,-65.78,263.89,,,,,
2401,11.45,262.71,14.9,0,0.4,0,7.85,-1.09,12.34,11.49,-69.51,3.84,320.05,-65.67,254.39,,,,,
2411,22.72,271.85,16.74,0,0.1,0,2.55,-0.89,12.67,11.37,-69.89,3.81,337.11,-66.08,271.03,,,,,
2421,12.98,256.91,15.8,0,0.11,0,3.97,-0.51,11.47,11.16,-68.58,3.8,311.89,-64.78,247.11,,,,,
2431,8.58,270.32,16.35,0,0.07,0,3.08,0.04,14.01,10.64,-70.52,3.86,323.09,-66.66,256.43,,,,,
2441,17.46,268.49,16,0,0.13,0,2,-0.49,12.47,10.95,-68.8,3.8,327.01,-65,262,,,,,
2451,12.35,272.49,12.83,0,0.75,0,9.42,-0.92,12.98,11.79,-69.3,3.82,331.69,-65.48,266.21,,,,,
2461,7.92,266.66,15.57,0,0.01,0,7.78,-2.05,13.28,12.37,-68.95,3.85,321.52,-65.1,256.42,,,,,
2471,13.19,265.25,15.77,0,0.04,0,4.79,-0.7,11.44,11.82,-69.64,3.83,321.6,-65.81,255.79,,,,,
2481,18.64,262.8,16.48,0,0.06,0,4.35,-1.05,11.43,11.7,-70.75,3.83,324.41,-66.91,257.5,,,,,
2491,16.28,264.42,14.92,0,0.26,0,8.07,-0.75,11.78,11.35,-69.46,3.82,326.32,-65.65,260.68,,,,,
2501,13.47,267.34,19.96,0,0.08,0,4,-0.73,12.72,11.27,-69.12,3.81,328.13,-65.31,262.82,,,,,
2511,12.06,276.5,17.98,0,0.23,0,4.69,-0.48,11.49,11.54,-69.5,3.82,334.03,-65.68,268.35,,,,,
2521,12.78,265.87,16.72,0,0.18,0,4.44,-1.03,11.35,11.59,-69.24,3.8,321.9,-65.43,256.47,,,,,
2531,14.47,269.27,16.84,0,0.07,0,7.71,-0.97,11.22,11.52,-69.94,3.84,330.13,-66.09,264.04,,,,,
2541,16.15,261,17.45,0,0.11,0,3.91,-1.26,10.85,11.54,-68.11,3.79,319.75,-64.32,255.43,,,,,
2551,9.31,262.51,16.39,0,0.04,0,6.02,-1,15.63,11.16,-69.57,3.84,320.06,-65.73,254.33,,,,,
2561,11.63,265.63,16.4,0,0.02,0,3.56,-0.74,11.01,10.88,-69.03,3.8,318.38,-65.22,253.15,,,,,
2571,16.93,266.01,20.46,0,0.06,0,9.41,-1.37,11.09,12,-69.36,3.82,334.6,-65.54,269.06,,,,,
2581,14.52,269.8,18.6,0,0.18,0,7.2,-0.39,12.19,10.35,-69.74,3.81,332.44,-65.93,266.51,,,,,
2591,20.16,264.96,16.36,0,0.34,0,6.47,-1.28,13.07,11.63,-70.08,3.83,331.71,-66.26,265.45,,,,,
2601,19.23,262.84,18.65,0,0.02,0,4.39,-0.73,9.98,11.06,-69.55,3.83,325.45,-65.72,259.73,,,,,
2611,12.41,275.33,14.31,0,0.08,0,7.07,-1.08,12.65,10.96,-69.48,3.82,331.74,-65.66,266.08,,,,,
2621,13.05,262.19,19.99,0,0.64,0,8.77,-0.91,13.84,11.75,-69.79,3.79,329.32,-65.99,263.33,,,,,
2631,12.34,266.02,17.64,0,0.07,0,5.57,-0.33,13.22,10.54,-68.33,3.83,325.07,-64.5,260.57,,,,,
2641,14.14,267.25,18.77,0,0.15,0,4.74,-1.03,10.77,12.21,-70.66,3.82,326.99,-66.84,260.15,,,,,
2651,11.93,259.8,16.37,0,0.06,0,1.64,-0.12,13.13,10.75,-68.98,3.82,313.55,-65.16,248.39,,,,,
2661,12.65,264.14,14.66,0,0.25,0,5.19,-1.64,12.95,11.41,-69.36,3.83,319.62,-65.54,254.08,,,,,
2671,16.86,258.78,13.38,0,0.09,0,11.7,-0.18,13.75,10.77,-70.09,3.86,325.14,-66.23,258.91,,,,,
2681,13.5,263.56,20.22,0,0.18,0,1.77,-1.54,11.29,12.71,-68.81,3.78,321.69,-65.03,256.66,,,,,
2691,12.9,259.87,16.4,0,0.04,0,5.36,-0.57,14.57,10.78,-68.49,3.8,319.35,-64.69,254.65,,,,,
2701,12.28,272.62,17.31,0,0.05,0,2.23,-0.2,15.87,10.45,-69.67,3.84,330.61,-65.82,264.79,,,,,
2711,9.99,265.35,14.4,0,0.19,0,6.68,-0.66,11.99,10.9,-69.69,3.83,318.84,-65.86,252.98,,,,,
2721,13.64,263.68,18.58,0,0.28,0,1.69,-1.08,11.66,11.8,-68.74,3.82,320.25,-64.92,255.33,,,,,
2731,13.61,258.8,18.68,0,0.64,0,4.22,-0.37,11.48,11.41,-70.43,3.81,318.49,-66.62,251.87,,,,,
2741,13.41,263.04,17.54,0,0.32,0,5.92,-1.44,12.11,11.96,-69.19,3.83,322.86,-65.35,257.5,,,,,
2751,15.23,257.73,18.68,0,0.21,0,5.81,-1.18,14.43,12.09,-68.21,3.83,322.99,-64.38,258.62,,,,,
2761,12.93,267.17,17.76,0,0.02,0,4.31,-0.5,11.72,10.68,-69.23,3.84,324.09,-65.39,258.7,,,,,
2771,11.19,265.23,18.56,0,0.47,0,5.81,-0.18,12.62,10.75,-68.67,3.81,324.44,-64.86,259.59,,,,,
2781,12.08,272.13,14.07,0,0.48,0,5.14,-1.09,12.96,12.6,-70.93,3.81,328.38,-67.11,261.26,,,,,
2791,12.22,265.88,18.67,0,0,0,8.25,-0.94,13.36,10.63,-70.29,3.85,328.09,-66.45,261.64,,,,,
2801,11.72,265.18,18.87,0,0.57,0,3.77,-0.82,13.05,10.78,-67.61,3.84,323.12,-63.77,259.35,,,,,
2811,17.5,254.95,18.4,0,0.46,0,8.68,-0.64,12.27,12.06,-69.41,3.8,323.68,-65.6,258.08,,,,,
2821,15.63,265.48,14.29,0,0.07,0,11.47,-0.69,10.13,11.43,-69.47,3.84,327.81,-65.63,262.18,,,,,
2831,18.01,264.66,16.08,0,0.36,0,2.99,-1.07,11.91,11.75,-69.55,3.84,324.69,-65.71,258.98,,,,,
2841,13.96,267.49,20.21,0,0.07,0,2.62,0.36,13.28,9.83,-69.72,3.83,327.84,-65.9,261.94,,,,,
2851,15.47,259.24,18.81,0,0.25,0,3.33,-0.11,10.99,10.68,-68.47,3.82,318.66,-64.65,254.02,,,,,
2861,10.91,256.19,15.57,0,0.29,0,10.82,-1.36,15.25,12.15,-68.45,3.85,319.83,-64.61,255.22,,,,,
2871,15.49,260.95,15.75,0,0.06,0,2.91,-1.06,13.82,11.35,-69.73,3.84,319.27,-65.9,253.37,,,,,
2881,12.71,268.94,16.87,0,0.22,0,4.62,-0.86,11.36,11.44,-70.93,3.84,325.3,-67.09,258.21,,,,,
2891,16.04,267.83,16.33,0,0.17,0,1.69,-1.13,13.74,11.55,-70.08,3.87,326.21,-66.21,260,,,,,
2901,12.08,270.1,14.99,0,0.15,0,4.81,-0.87,12.5,11.74,-68.13,3.86,325.49,-64.27,261.22,,,,,
2911,18.34,258.41,16.5,0,0.27,0,4.29,-1.72,13.28,12.22,-70.25,3.81,321.58,-66.44,255.14,,,,,
2921,14.92,265.78,13.93,0,0.22,0,7.72,-0.6,10.46,10.56,-69.78,3.79,322.99,-65.99,257,,,,,
2931,11.3,266.49,16.17,0,0.13,0,6.85,-1.07,13.38,11.4,-69.58,3.81,324.65,-65.77,258.88,,,,,
2941,16.39,269.54,14.34,0,0.41,0,4.68,-1.28,11.07,11.93,-69.18,3.85,327.06,-65.34,261.73,,,,,
2951,12.68,261.65,13.62,0,0.25,0,7.8,-0.97,11.61,11.44,-69.95,3.82,318.08,-66.13,251.95,,,,,
2961,11.87,266.18,16.69,0,0.27,0,3.31,-0.5,12.7,11.07,-69.75,3.82,321.59,-65.93,255.66,,,,,
2971,11.74,260.99,18.7,0,0.3,0,9.36,-1.4,13.1,11.65,-68.46,3.84,324.45,-64.62,259.83,,,,,
2981,17.27,267.89,14.1,0,0.36,0,2.24,-0.94,12.43,10.93,-69.04,3.85,324.27,-65.19,259.08,,,,,
2991,16.69,264.97,15.94,0,0.34,0,4.16,-0.38,11.23,10.24,-68.27,3.82,323.19,-64.45,258.74,,,,,
3001,8.75,259.85,19.02,0,1.09,0,6.37,-1.41,15.22,12.11,-69.91,3.84,321.01,-66.07,254.93,,,,,
3011,17.29,264.48,17.73,0,0.03,0,2.98,-0.81,11.64,11.88,-70.7,3.82,325.22,-66.87,258.34,,,,,
3021,10.03,260.57,19.15,0,0.06,0,8.48,-0.56,16.38,10.56,-67.93,3.8,324.68,-64.13,260.55,,,,,
3031,18.86,267.34,16.36,0,0.01,0,4.75,-1.35,15.07,11.77,-69.22,3.84,332.81,-65.38,267.42,,,,,
3041,14.47,267.28,13.99,0,0.05,0,3.14,-0.62,12.39,10.91,-69.67,3.82,321.62,-65.85,255.76,,,,,
3051,16.39,262.21,15.83,0,0.17,0,8.93,-0.48,11.44,11.78,-69.72,3.83,326.27,-65.88,260.39,,,,,
3061,11.51,264.46,17.42,0,0.09,0,7.3,-1.44,13.48,11.86,-70.74,3.82,324.69,-66.92,257.77,,,,,
3071,18.14,265.16,18.12,0,0.11,0,3.62,-1.6,10.84,12.49,-70.88,3.8,326.88,-67.07,259.81,,,,,
3081,19.17,273.91,19.06,0,0.16,0,1.01,-0.08,11.41,10.8,-70.64,3.82,335.45,-66.81,268.63,,,,,
3091,11.64,267.21,15.18,0,0.13,0,2.86,-0.73,11.74,10.96,-69.17,3.82,319,-65.35,253.65,,,,,
3101,8.75,261.47,15.21,0,0.04,0,10.85,-0.85,14.87,11.21,-68.82,3.79,321.55,-65.03,256.53,,,,,
3111,18.68,266.65,17.63,0,0.3,0,5.67,-1.14,12.54,12.19,-69.16,3.79,332.52,-65.36,267.15,,,,,
3121,13.76,263.81,17.12,0,0.05,0,4.22,-0.89,13.18,10.84,-67.94,3.84,322.09,-64.11,257.98,,,,,
3131,15.8,265.89,17.43,0,0.05,0,4.05,-0.31,15.31,10.46,-70.38,3.81,328.68,-66.56,262.11,,,,,
3141,11.41,272.22,16.64,0,0.51,0,4.14,-0.36,13.63,10.51,-69.37,3.85,328.7,-65.52,263.17,,,,,
3151,11.37,260.7,14.94,0,0.05,0,5.3,-0.81,15.58,11.23,-67.52,3.83,318.34,-63.69,254.66,,,,,
3161,13.13,262.48,17.31,0,0.08,0,5.43,-0.44,11.17,10.51,-69.81,3.82,319.66,-66,253.66,,,,,
3171,12.9,266.42,18.61,0,0.27,0,2.2,-0.93,11.1,11.14,-69.54,3.82,321.72,-65.71,256,,,,,
3181,12.96,261.54,19.37,0,0.17,0,4.57,-0.82,14.91,11.51,-68.62,3.82,324.2,-64.8,259.4,,,,,
3191,12.4,269.16,14.83,0,0.1,0,6.95,-1.16,12.11,12.22,-70.7,3.83,326.6,-66.87,259.73,,,,,
3201,12.79,269.57,15.95,0,0.05,0,8.1,-0.52,12.23,10.49,-69.03,3.81,328.66,-65.22,263.44,,,,,
3211,15.25,261.84,19.59,0,0.13,0,0.87,-0.24,14.03,10.51,-69.37,3.82,321.98,-65.55,256.43,,,,,
3221,17.09,270.02,13.01,0,0.05,0,6.84,-1.08,12.8,11.38,-70.88,3.85,330.11,-67.03,263.08,,,,,
3231,13.98,261.47,17.77,0,0.22,0,5.35,-0.88,13.09,12.34,-69.42,3.82,323.35,-65.6,257.75,,,,,
3241,9.05,266.57,14.52,0,0.22,0,8.65,0.05,11.99,10.76,-69.62,3.83,321.81,-65.79,256.02,,,,,
3251,12.4,272.38,16.99,0,0.01,0,6.74,-0.3,13.76,11.27,-69.56,3.84,333.23,-65.73,267.5,,,,,
3261,14.34,260.95,15,0,0.05,0,8.7,-0.52,14,10.98,-69.77,3.81,323.5,-65.96,257.54,,,,,
3271,15.96,275.36,14.96,0,0.01,0,5.7,-0.92,11.02,11.11,-70.91,3.81,333.19,-67.1,266.09,,,,,
3281,15.22,263.42,18.4,0,0.11,0,5.08,-1.85,13.37,12.64,-68.91,3.82,326.37,-65.09,261.28,,,,,
3291,12.35,269.83,14.92,0,0.07,0,5.77,-0.89,12.07,10.94,-69.13,3.82,325.04,-65.31,259.73,,,,,
3301,9.81,263.56,16.4,0,0.08,0,7.78,-1.51,11.79,12.02,-69.64,3.81,319.92,-65.83,254.1,,,,,
3311,11.21,262.31,15.85,0,0.3,0,3.24,-0.89,13.19,11.37,-68.95,3.83,316.58,-65.12,251.46,,,,,
3321,13.63,265,16.32,0,0.35,0,6.86,-1.56,12.39,12.09,-70.43,3.83,325.09,-66.6,258.49,,,,,
3331,12.4,275.4,18.99,0,0,0,8.63,-0.84,15.69,10.5,-67.41,3.82,340.77,-63.59,277.18,,,,,
3341,12.77,266.24,17.78,0,0.34,0,7.38,-1.53,12.66,12.8,-69.31,3.81,328.44,-65.5,262.94,,,,,
3351,14.32,261.73,14.87,0,0.02,0,4.65,-1.47,11.84,11.38,-70.43,3.83,317.34,-66.6,250.74,,,,,
3361,8.75,264.59,15.82,0,0.63,0,2.74,-1.25,12.98,11.69,-69.25,3.81,315.94,-65.44,250.5,,,,,
3371,9.58,264.76,14.47,0,0.08,0,7.65,-0.63,12.66,10.41,-69.39,3.8,318.97,-65.59,253.38,,,,,
3381,15.75,268.89,14.63,0,0.42,0,5.37,-0.92,11.92,12,-70.41,3.83,328.06,-66.58,261.47,,,,,
3391,14.6,262.41,17.1,0,0.02,0,4.7,-1.18,11.24,11.65,-68.98,3.8,320.53,-65.18,255.35,,,,,
3401,10.41,263.22,17.92,0,0.09,0,6.31,-0.65,14.85,11.63,-68.97,3.81,323.78,-65.16,258.62,,,,,
3411,16.92,262.35,15.23,0,0.04,0,5.34,-0.4,13.92,10.45,-70.22,3.81,323.86,-66.41,257.45,,,,,
3421,11.8,264.93,18.03,0,0.13,0,2.09,-0.42,13.15,11.59,-69.16,3.82,321.28,-65.34,255.94,,,,,
3431,13.02,268,16.27,0,0.25,0,5.56,-1.17,13.22,11.65,-69.48,3.83,326.8,-65.65,261.15,,,,,
3441,16.16,269.95,16.21,0,0.11,0,5.54,-0.62,13.35,11.49,-68.52,3.82,332.2,-64.7,267.5,,,,,
3451,15.18,263.2,15.49,0,0.15,0,7.73,-1.58,10.98,12.2,-69,3.85,323.34,-65.15,258.19,,,,,
3461,12.11,264.37,19.83,0,0.15,0,6.56,-1.21,12.6,12.44,-69.85,3.81,326.85,-66.05,260.8,,,,,
3471,14.82,263.84,15.13,0,0.04,0,2.86,-0.82,11.63,11.1,-70.72,3.79,318.61,-66.93,251.68,,,,,
3481,12.66,261.41,19.7,0,0.01,0,6.58,-1.19,12.65,11.74,-68.91,3.8,323.55,-65.11,258.43,,,,,
3491,9.22,266.91,15.02,0,0.03,0,4.34,-0.7,13.05,11.22,-69.97,3.82,319.08,-66.15,252.93,,,,,
3501,11.99,264.51,15.02,0,0.51,0,8.04,-0.65,11.74,11.64,-69.78,3.8,322.8,-65.98,256.82,,,,,
3511,16.75,260.21,13.56,0,0.03,0,4.99,-0.85,11.56,11.79,-68.76,3.81,318.04,-64.95,253.09,,,,,
3521,16.48,264.48,17.74,0,0.06,0,4.15,-0.99,11.48,11.59,-70.42,3.81,324.99,-66.61,258.37,,,,,
3531,15.62,260.85,14.26,0,0.07,0,10.5,-1.69,11.78,12.31,-70.03,3.8,323.69,-66.23,257.46,,,,,
3541,22.01,260.31,14.69,0,0.02,0,2.55,-0.86,12.26,11.65,-68.92,3.83,322.62,-65.09,257.53,,,,,
3551,9.67,264.97,17.33,0,0.09,0,5.76,-1.15,14.56,11.89,-67.96,3.81,323.12,-64.15,258.97,,,,,
3561,11.59,265.38,17.85,0,0.08,0,7.76,-0.92,11.92,11.52,-70.15,3.83,325.17,-66.31,258.86,,,,,
3571,12.03,263.42,18.68,0,0.08,0,5.11,-0.84,14.58,11.17,-67.91,3.81,324.23,-64.11,260.13,,,,,
3581,14.9,263.74,15.23,0,0.03,0,1.99,-0.33,13.03,10.96,-70.07,3.83,319.56,-66.25,253.31,,,,,
3591,13.91,267.59,17.23,0,0.23,0,5.97,-0.96,13.66,11.94,-67.03,3.82,329.56,-63.21,266.35,,,,,
3601,15.49,269.01,15.11,0,0.12,0,0.9,-0.82,13.29,11.28,-66.77,3.82,324.36,-62.95,261.41,,,,,
3611,8.67,257.27,17.96,0,0.46,0,6.68,-1.29,14.81,12.54,-69.31,3.8,317.11,-65.51,251.6,,,,,
3621,10.14,264.51,17.06,0,0.13,0,11.42,-0.7,14.93,11.31,-69.74,3.83,328.81,-65.91,262.89,,,,,
3631,15.68,271.49,17.82,0,0.05,0,2.04,-0.44,9.93,10.29,-69.14,3.82,326.85,-65.32,261.54,,,,,
3641,17.25,263.45,15.54,0,0.24,0,8.21,-1.26,10.03,11.94,-69.01,3.8,325.41,-65.21,260.2,,,,,
3651,19.02,267.41,18.35,0,0.06,0,3.66,-0.61,13.48,10.71,-69.3,3.83,332.08,-65.47,266.62,,,,,
3661,10.86,267.07,17.39,0,0.18,0,4.71,-0.14,12.93,11.01,-69.59,3.82,324.02,-65.78,258.24,,,,,
3671,13.98,263.95,16.2,0,0.03,0,2.58,-0.17,13.54,10.4,-71.04,3.85,320.5,-67.19,253.31,,,,,
3681,12.44,276.68,16.88,0,0.15,0,6.46,-0.7,13.51,11.17,-70.13,3.82,336.59,-66.31,270.28,,,,,
3691,17.83,262.95,18.33,0,0.11,0,4.17,-0.15,11.49,10.98,-68.43,3.84,325.71,-64.59,261.12,,,,,
3701,9.54,261.81,18.11,0,0.21,0,5.03,0.26,11.5,10.07,-69.37,3.82,316.54,-65.55,250.99,,,,,
3711,10.92,264.55,15.08,0,0.02,0,7.76,-0.59,13.33,10.68,-69.21,3.77,321.76,-65.44,256.32,,,,,
3721,10.35,266,17.59,0,0.25,0,5.83,-0.65,13.13,11.14,-70.46,3.84,323.65,-66.62,257.02,,,,,
3731,12.24,265.93,15.86,0,0.1,0,4.13,-0.68,11.35,11.54,-70.41,3.83,320.47,-66.58,253.89,,,,,
3741,18.83,261.64,15.31,0,0.23,0,5.11,-0.97,9.22,11.79,-70.02,3.81,321.15,-66.2,254.95,,,,,
3751,10.52,272.53,15.93,0,0.16,0,7.59,-1.31,13.44,12.38,-70.44,3.81,331.23,-66.63,264.6,,,,,
3761,14.3,265.64,15.9,0,0.19,0,6.81,-0.75,11.19,11.47,-69.08,3.82,324.75,-65.26,259.49,,,,,
3771,10.93,270.03,16.1,0,0.06,0,3.79,-1.28,13.25,11.07,-68.63,3.81,323.95,-64.81,259.13,,,,,
3781,13.06,273.72,16.56,0,0.18,0,5.35,-0.61,14.76,11.16,-70.1,3.81,334.18,-66.29,267.89,,,,,
3791,14.4,259.04,19.05,0,0.05,0,5.53,-1.8,10.76,12.1,-69.58,3.8,319.12,-65.78,253.34,,,,,
3801,11.66,263.42,19.43,0,0.28,0,4.65,-0.86,13.43,11.06,-68.42,3.83,323.07,-64.59,258.48,,,,,
3811,16.07,260,19.12,0,0.2,0,5.47,-1.5,11.06,13.41,-70.25,3.82,323.83,-66.44,257.39,,,,,
3821,10.25,264.4,18.24,0,0.33,0,10.43,-1.44,12.96,12.16,-67.59,3.78,327.34,-63.81,263.53,,,,,
3831,11.36,265.61,16.73,0,0.04,0,2.03,-1.13,11.37,11.46,-70.57,3.83,317.47,-66.74,250.73,,,,,
3841,12.39,262.8,16.63,0,0.17,0,6.43,-0.05,14.23,10.32,-69.09,3.82,322.92,-65.28,257.64,,,,,
3851,16.07,261.86,17.1,0,0.22,0,5.8,-0.61,10.21,10.78,-70.49,3.81,321.43,-66.69,254.74,,,,,
3861,13.66,269.74,15.94,0,0.03,0,2.46,-0.22,12.91,10.67,-69.24,3.82,325.2,-65.42,259.78,,,,,
3871,15.05,269.19,12.98,0,0.02,0,6.26,-1.13,11.08,11.87,-69.64,3.83,325.32,-65.81,259.51,,,,,
3881,13.39,262.38,17.02,0,0.45,0,6.29,-0.59,13.27,10.92,-69.19,3.82,323.13,-65.37,257.76,,,,,
3891,12.6,264.65,17.72,0,0.21,0,5.29,-0.65,10.89,11.35,-69.39,3.86,322.07,-65.53,256.54,,,,,
3901,10.36,263.15,15.35,0,0.14,0,5.34,-0.76,13.15,11.3,-69.92,3.84,318.04,-66.08,251.96,,,,,
3911,18.38,273.6,15.74,0,0.22,0,4.46,-0.52,11.05,11.02,-69.79,3.83,333.96,-65.96,268,,,,,
3921,18.36,259.94,18.26,0,0.06,0,8.07,-0.73,10.87,11.28,-69.39,3.83,326.12,-65.56,260.57,,,,,
3931,11.37,268.51,13.51,0,0.18,0,1.54,-0.37,13.2,10.65,-69.47,3.82,318.6,-65.65,252.95,,,,,
3941,12.52,272.1,18.64,0,0.37,0,3.1,-1.39,13.55,11.81,-68.46,3.82,330.7,-64.64,266.06,,,,,
3951,12.82,271.19,16.68,0,0.11,0,3.93,-0.85,13.49,10.77,-67.6,3.82,328.13,-63.78,264.35,,,,,
3961,17.22,262.59,18.68,0,0.26,0,5.73,-0.64,12.1,10.4,-69.18,3.8,326.35,-65.38,260.96,,,,,
3971,13.85,268.19,16.36,0,0.09,0,8.21,-0.36,13.09,10.47,-69.29,3.81,329.9,-65.48,264.43,,,,,
3981,16.81,262.33,19.11,0,0.29,0,6.42,-1.15,11.96,11.73,-67.9,3.8,327.5,-64.1,263.4,,,,,
3991,14.73,270.56,17.56,0,0.08,0,3.84,-1.26,13.18,12.17,-69.43,3.84,330.87,-65.6,265.27,,,,,
4001,10.31,261.89,15.99,0,0.08,0,7.14,-1.12,14.08,10.55,-68.24,3.81,318.93,-64.42,254.5,,,,,
4011,19.5,266.25,19.97,0,0.1,0,3.1,-0.23,12.3,10.98,-70.82,3.84,331.97,-66.98,264.98,,,,,
4021,15.43,265.11,19.13,0,0.12,0,3.21,-0.91,13.39,11.55,-68.97,3.86,327.04,-65.11,261.93,,,,,
4031,11,264.37,15.45,0,0,0,4.34,-0.83,13.03,11.88,-68.67,3.82,319.24,-64.85,254.38,,,,,
4041,14.11,261.58,19.31,0,0.57,0,4.37,-0.98,13.3,11.49,-70.22,3.83,323.75,-66.39,257.35,,,,,
4051,17.7,262.69,17.86,0,0.04,0,0.55,-0.49,12.42,10.53,-68.75,3.8,321.31,-64.95,256.36,,,,,
4061,13.54,269.76,18.56,0,0.04,0,3.46,-0.84,11.63,11.22,-68.95,3.81,327.37,-65.14,262.23,,,,,
4071,18.28,254.56,16.52,0,0.29,0,10.35,-0.86,14.59,10.5,-69.43,3.81,324.23,-65.62,258.62,,,,,
4081,14.95,263.8,17.83,0,0.19,0,3.18,-0.98,10.98,11.1,-68.91,3.81,321.06,-65.11,255.95,,,,,
4091,12.24,264.71,15.61,0,0.08,0,6.34,-0.82,14.36,11.68,-69.05,3.84,324.19,-65.21,258.98,,,,,
4101,17.29,263.21,17.15,0,0.12,0,5.76,-0.93,9.33,11.47,-69.39,3.82,323.41,-65.58,257.83,,,,,
4111,14.56,262,18.98,0,0.02,0,6.24,-1.72,15.31,12.08,-69.79,3.82,327.47,-65.97,261.5,,,,,
4121,13.15,266.32,17.31,0,0.12,0,3.26,-0.43,12.67,11.3,-69.94,3.81,323.7,-66.12,257.58,,,,,
4131,9.78,262.18,18.64,0,0.38,0,10.05,-1.35,12.95,13.35,-70.25,3.84,325.97,-66.41,259.56,,,,,
4141,13.59,270.69,15.41,0,0.12,0,8.42,-0.23,11.92,10.46,-69.55,3.87,330.37,-65.68,264.69,,,,,
4151,16.66,261.21,17.02,0,0.07,0,4.72,-1.01,13.29,11.59,-67.26,3.8,323.55,-63.46,260.09,,,,,
4161,15.2,266.61,17.77,0,0.24,0,0.92,-0.89,15.19,10.49,-69.84,3.81,325.52,-66.02,259.5,,,,,
4171,16.46,265.59,20.7,0,0.86,0,3.47,-1.1,12.66,11.44,-69.56,3.81,330.1,-65.75,264.34,,,,,
4181,13.44,276.04,18.1,0,0.04,0,6.01,-0.88,11.37,11.03,-69.81,3.81,335.15,-66.01,269.14,,,,,
4191,16.02,262.71,15.84,0,0.18,0,5.94,-0.98,11.74,11.52,-69.28,3.82,322.97,-65.47,257.5,,,,,
4201,13.6,265.68,17.53,0,0.11,0,5.73,-0.78,14.04,11.8,-68.42,3.83,327.7,-64.59,263.11,,,,,
4211,18.82,264.16,17.63,0,0.12,0,7.65,-0.26,12.17,11.37,-70.47,3.81,331.66,-66.66,264.99,,,,,
4221,16.83,264.25,16.39,0,0.03,0,3.87,-0.81,13.05,10.57,-67.54,3.81,324.19,-63.73,260.46,,,,,
4231,10.85,263.26,15.56,0,0.69,0,7.33,-0.93,12.64,12.34,-70.58,3.8,321.73,-66.78,254.95,,,,,
4241,15.46,269.84,16.14,0,0.2,0,8.23,-0.87,12.58,11.43,-68.72,3.82,333,-64.9,268.1,,,,,
4251,16.69,273.22,16.84,0,0.39,0,2.03,-0.01,12.05,9.99,-69.61,3.84,331.19,-65.77,265.42,,,,,
4261,15.9,265.76,17.09,0,0.24,0,4.98,-0.65,10.91,10.88,-69.01,3.8,325.12,-65.21,259.91,,,,,
4271,14.23,262.36,17.79,0,0.3,0,8.18,-1.53,11.62,11.92,-69.13,3.81,324.87,-65.32,259.55,,,,,
4281,15.83,260.43,16.41,0,0.05,0,8.14,-0.7,13.86,11.46,-68.39,3.81,325.47,-64.58,260.9,,,,,
4291,19.68,263.56,16.52,0,0.29,0,3.74,-1.16,11.25,11.13,-69.3,3.83,325.01,-65.47,259.54,,,,,
4301,16.74,260.47,18.43,0,0.16,0,8.38,-0.29,13.15,11.04,-69.44,3.84,328.08,-65.6,262.48,,,,,
4311,12.69,268.96,21.19,0,0.7,0,2.15,-0.36,14.41,10.74,-69.96,3.82,330.48,-66.14,264.34,,,,,
4321,13.11,269.66,15.76,0,0.15,0,2.81,-0.49,12.96,11.13,-70.43,3.84,325.09,-66.59,258.5,,,,,
4331,12.14,268.4,15.1,0,0.06,0,3.79,-0.24,12.41,10.32,-68.65,3.81,321.99,-64.84,257.14,,,,,
4341,21.43,259.04,17.36,0,0.26,0,3.52,-0.63,11.44,11.11,-70.05,3.79,323.54,-66.26,257.28,,,,,
4351,11.67,271.02,16.24,0,0.11,0,3.89,-1.03,14.34,11.84,-68.92,3.82,328.08,-65.1,262.98,,,,,
4361,15.06,260.74,14.74,0,0.06,0,9.14,-0.9,14.15,11.06,-69.21,3.85,324.05,-65.36,258.69,,,,,
4371,10.59,266.59,14.25,0,0.03,0,7.42,-0.84,11.94,11.05,-68.57,3.82,321.03,-64.75,256.28,,,,,
4381,15.69,267.24,17.58,0,0.22,0,2.64,-0.52,13.19,11.35,-69.5,3.82,327.39,-65.68,261.71,,,,,
4391,19.63,256.33,16.82,0,0.02,0,5.5,-0.23,11.68,11.14,-70.27,3.79,320.9,-66.47,254.42,,,,,
4401,26.72,262.24,12.93,0,0.19,0,3.98,-0.84,9.88,12.15,-70.01,3.8,327.26,-66.2,261.05,,,,,
4411,12.11,269.16,17.42,0,0.13,0,4.88,-0.84,12.71,10.69,-69.97,3.82,326.26,-66.14,260.12,,,,,
4421,12.77,256.5,17.18,0,0.19,0,5.67,-0.33,12.87,11.65,-68.94,3.81,316.51,-65.13,251.38,,,,,
4431,10.18,263.63,16.04,0,0.02,0,8.55,-1.07,13.15,11.93,-68.9,3.82,322.44,-65.08,257.35,,,,,
4441,12.24,273.85,15.29,0,0.09,0,3.48,-0.83,12.27,11.68,-70.42,3.83,328.07,-66.59,261.48,,,,,
4451,17.37,265.01,15.96,0,0.05,0,3.98,-1.28,11.32,11.41,-68.28,3.83,323.81,-64.45,259.36,,,,,
4461,16.54,261.93,14.83,0,0.06,0,0.18,-0.59,10.76,11.03,-69.47,3.8,314.74,-65.68,249.06,,,,,
4471,15.22,263.94,16.31,0,0.02,0,7.12,-0.52,13.21,9.99,-68.11,3.83,325.28,-64.28,261.01,,,,,
4481,11.93,260.54,19.32,0,0.14,0,5.67,-1.26,12.74,12.07,-68.83,3.81,321.15,-65.02,256.12,,,,,
4491,14.08,260.18,16.01,0,0.01,0,2.92,-0.72,10.98,11.06,-70.43,3.84,314.53,-66.58,247.95,,,,,
4501,13.87,263.46,15.82,0,0.71,0,3.57,-0.72,11.79,11.31,-68.2,3.83,319.82,-64.37,255.44,,,,,
4511,16.35,258.3,16.77,0,0.24,0,4.21,-0.46,12.41,11.25,-69.92,3.79,319.08,-66.13,252.95,,,,,
4521,10.49,267.98,14.16,0,0.15,0,6.93,-1.09,12.77,12.21,-69.56,3.84,323.6,-65.72,257.88,,,,,
4531,13.58,270.44,15.59,0,0.33,0,4.07,-0.23,12.14,10.24,-70.29,3.83,326.15,-66.46,259.69,,,,,
4541,19.39,273.2,15.25,0,0.04,0,2.97,-0.54,12.3,10.44,-68.81,3.81,333.05,-65,268.06,,,,,
4551,14.99,267.7,17.15,0,0.33,0,2.52,-1.24,11.98,11.86,-69.78,3.82,325.29,-65.96,259.33,,,,,
4561,18.03,272.64,17.58,0,0.06,0,2.18,-2.02,10.79,12.67,-69.62,3.82,331.93,-65.8,266.13,,,,,
4571,15.18,263.52,16.09,0,0.02,0,5.89,-0.63,12.64,10.95,-69.28,3.82,323.66,-65.46,258.2,,,,,
4581,11.55,260.58,16.88,0,0.11,0,13.13,-1.03,11.75,11.96,-69,3.84,324.93,-65.16,259.77,,,,,
4591,14.39,259.72,17.99,0,0.2,0,5.31,-1.16,12.61,12.08,-68.7,3.82,321.14,-64.88,256.26,,,,,
4601,16.01,267.38,17.49,0,0.01,0,4.99,-0.78,11.42,11.05,-69.23,3.81,327.58,-65.42,262.16,,,,,
4611,13.15,260.66,17.88,0,0.24,0,9.32,-1.64,10.82,12.35,-69.88,3.82,322.78,-66.06,256.71,,,,,
4621,12.06,258.49,18.58,0,0.08,0,9.09,-1.47,11.62,11.78,-69.25,3.81,320.23,-65.44,254.8,,,,,
4631,10.52,262.24,13.99,0,0.06,0,6.74,-0.98,14.22,12.71,-69.31,3.83,319.51,-65.48,254.03,,,,,
4641,17.49,263.12,16.69,0,0.28,0,7.05,-1.24,13.04,11.79,-70.08,3.8,328.22,-66.28,261.94,,,,,
4651,12.02,261.74,16.97,0,0.88,0,5.73,-1.41,11.98,12.8,-69.28,3.82,320.71,-65.46,255.25,,,,,
4661,11.6,260.66,12.66,0,0.08,0,15.03,-0.43,12.57,11.51,-70.24,3.85,323.67,-66.39,257.29,,,,,
4671,13.95,279.06,19.65,0,0.09,0,7.5,-1.14,12.74,11.4,-70.25,3.8,343.24,-66.45,276.79,,,,,
4681,15.02,256.87,16.67,0,0.09,0,9.2,-1.78,11.89,12.16,-67.25,3.79,320.12,-63.46,256.66,,,,,
4691,14.54,264.26,17.19,0,0.03,0,8.64,-0.41,12.19,10.96,-69.67,3.84,327.41,-65.83,261.58,,,,,
4701,14.53,263.14,15.08,0,0.12,0,10.62,-0.35,12.44,10.14,-69.06,3.83,325.71,-65.24,260.47,,,,,
4711,14.9,259.9,15.29,0,0.08,0,6.64,-0.98,12,11.44,-68.22,3.84,319.26,-64.38,254.88,,,,,
4721,12.22,263.29,16.78,0,0.16,0,9.15,-0.31,12.07,10.29,-68.74,3.8,323.64,-64.94,258.71,,,,,
4731,15.12,264.92,17.85,0,0.23,0,2.47,-0.93,10.68,11.74,-70.1,3.81,322.09,-66.29,255.79,,,,,
4741,15.28,269.75,16.74,0,0.13,0,3.82,-0.85,12.74,10.99,-67.87,3.83,328.6,-64.04,264.56,,,,,
4751,11.03,263.14,17.25,0,0.05,0,7.42,-1.18,13.95,11.22,-68.18,3.83,322.88,-64.35,258.53,,,,,
4761,15.63,270.35,16.04,0,0.15,0,6.17,-0.45,15.61,10.76,-69.2,3.85,334.26,-65.35,268.91,,,,,
4771,11.68,260.15,18.11,0,0.74,0,5.78,-1.23,15.61,11.76,-69.26,3.84,322.6,-65.42,257.18,,,,,
4781,16.56,259.51,15.68,0,0.34,0,3.79,-0.26,13.24,10.43,-68.31,3.87,319.3,-64.44,254.85,,,,,
4791,7.82,265.85,17.33,0,0.4,0,7.37,-1,13.46,11.45,-69.51,3.82,322.68,-65.69,256.99,,,,,
4801,12.32,267.91,16.77,0,0.94,0,4.75,-0.43,13.01,10.58,-67.86,3.82,325.84,-64.03,261.8,,,,,
4811,13.08,268.58,17.49,0,0.14,0,1.58,-0.69,13.06,10.38,-69.16,3.82,323.62,-65.34,258.28,,,,,
4821,16.32,266.46,18.13,0,0.12,0,2.46,-1.41,9.68,12.17,-68.5,3.83,323.93,-64.67,259.25,,,,,
4831,19.19,258.81,17.48,0,0.11,0,3.75,-0.99,10.8,11.09,-68.04,3.85,320.26,-64.19,256.06,,,,,
4841,14.8,263.42,14.95,0,0.12,0,1.59,-0.91,10.71,11.22,-68.77,3.81,315.89,-64.96,250.93,,,,,
4851,16.44,267.45,16.39,0,0.91,0,2.95,-1.08,9.81,11.62,-69.93,3.83,324.49,-66.1,258.4,,,,,
4861,15.61,267.29,17.13,0,0.03,0,9.01,-0.58,12.73,11.03,-68.37,3.8,332.25,-64.57,267.68,,,,,
4871,14.43,272.68,16.6,0,0.33,0,1.68,-0.12,11.11,10.48,-70.29,3.84,327.18,-66.46,260.73,,,,,
4881,8.82,266.71,15.95,0,0.41,0,5.14,-1.13,12.81,11.75,-68.39,3.8,320.46,-64.59,255.87,,,,,
4891,14.7,268.74,19.08,0,0.26,0,3.7,-2.82,14.11,14.32,-69.31,3.82,332.1,-65.49,266.61,,,,,
4901,11.26,260.73,13.66,0,0.07,0,4.82,-0.48,10.99,11.28,-69.85,3.83,312.32,-66.02,246.3,,,,,
4911,13.68,266.09,16.46,0,0.08,0,2.59,-0.27,16.52,10.67,-68.82,3.8,325.82,-65.02,260.79,,,,,
4921,14.53,262.5,16.03,0,0.02,0,8.82,-1.27,13.93,11.83,-67.62,3.81,326.38,-63.81,262.57,,,,,
4931,14.27,271.5,15.31,0,0.04,0,3.8,0.46,12.7,9.32,-70.15,3.84,327.41,-66.32,261.09,,,,,
4941,12.79,275.25,16.82,0,0.08,0,5.66,-0.54,15.47,11.02,-69.85,3.84,336.55,-66.01,270.54,,,,,
4951,12.69,265.02,14.81,0,0.08,0,7.71,-0.75,13.22,10.42,-69.32,3.81,323.18,-65.5,257.68,,,,,
4961,12.41,273.44,16.58,0,0.03,0,5.82,-1.04,14.73,11.95,-69.86,3.81,333.92,-66.05,267.87,,,,,
4971,11.65,261.23,17.95,0,0.03,0,3.42,-0.61,12.13,11.42,-69.33,3.84,317.22,-65.49,251.73,,,,,
4981,16.58,264.22,14.64,0,0,0,5.82,-0.62,13.35,10.38,-68.35,3.8,324.36,-64.55,259.81,,,,,
4991,7.73,278.66,14.76,0,0.1,0,2.61,-0.35,12.68,11.43,-68.65,3.84,327.62,-64.82,262.81,,,,,
5001,7.92,259.23,16.49,0,0.03,0,10.16,-1.59,15.29,12.06,-68.65,3.82,319.6,-64.84,254.76,,,,,
5011,17.3,270.48,14.56,0,0.01,0,5.85,-0.98,11.91,11.66,-70.24,3.84,330.79,-66.4,264.39,,,,,
5021,14.74,272.77,14.78,0,0.11,0,3.17,-0.71,13.71,11.5,-69.2,3.84,330.07,-65.36,264.71,,,,,
5031,14.97,265.52,18.13,0,0.13,0,4.95,-0.68,11.6,10.87,-69.17,3.83,325.49,-65.34,260.15,,,,,
5041,16.31,269.06,14.32,0,0.17,0,2.52,-1.12,12.46,11.01,-68.44,3.86,324.74,-64.58,260.16,,,,,
5051,15.25,268.44,16.15,0,0.24,0,6.3,-0.97,12.42,11.37,-70.41,3.85,329.19,-66.56,262.63,,,,,
5061,11.73,263.29,15,0,0.73,0,5.46,-0.67,13.2,10.95,-69.44,3.84,319.67,-65.6,254.06,,,,,
5071,14.56,271.71,14.75,0,0.01,0,5.86,-0.37,15.41,10.84,-69.7,3.84,332.77,-65.86,266.91,,,,,
5081,15.56,262.68,17.62,0,0.08,0,4.62,-1.4,12.58,12.47,-69.35,3.81,324.22,-65.54,258.68,,,,,
5091,15.71,259.7,18.53,0,0.22,0,9.01,-0.54,11.83,10.72,-68.62,3.79,325.19,-64.82,260.36,,,,,
5101,20.82,263.41,15.35,0,0.06,0,5.35,-0.89,10.82,11.16,-67.67,3.81,326.09,-63.87,262.22,,,,,
5111,15.99,259.24,15.8,0,0.13,0,5.63,-0.04,11.13,11.21,-69.61,3.8,319.08,-65.81,253.27,,,,,
5121,12.26,263.47,16.56,0,0.08,0,5.62,-0.86,13.2,10.71,-69.11,3.8,321.03,-65.31,255.72,,,,,
5131,13.05,271.65,17.14,0,0.02,0,4.88,-0.34,12.71,10.37,-69.66,3.84,329.47,-65.81,263.66,,,,,
5141,16.56,271.65,14.51,0,0.08,0,4.59,-0.83,11.9,11.75,-71.09,3.85,330.21,-67.23,262.98,,,,,
5151,11.97,260.79,16.26,0,0.85,0,7.07,-0.22,13.99,10.16,-68.83,3.82,320.86,-65.02,255.85,,,,,
5161,10.29,265,14.23,0,0.05,0,8.63,-0.61,13.49,11.41,-69.71,3.82,322.49,-65.89,256.6,,,,,
5171,15.3,272.78,14.6,0,0.1,0,8.73,-0.9,12.81,10.96,-68.96,3.83,334.39,-65.13,269.26,,,,,
5181,10.31,265.45,13.25,0,0.01,0,7.06,-0.23,13.27,10.42,-68.95,3.8,319.53,-65.15,254.38,,,,,
5191,15.27,262.09,14.84,0,0.24,0,5.55,-0.06,11.86,10.33,-68.21,3.8,320.12,-64.42,255.7,,,,,
5201,13.17,269.02,18.11,0,0.37,0,4.89,-0.54,14.18,11.87,-69.52,3.85,331.06,-65.67,265.39,,,,,
5211,14.24,269.26,14.57,0,0.03,0,4.25,-0.64,12.41,11.63,-71.24,3.83,325.76,-67.41,258.35,,,,,
5221,17.62,273.79,17.29,0,0.11,0,1.98,-0.45,12.28,11.29,-69.8,3.84,333.92,-65.97,267.95,,,,,
5231,16.15,262.64,14.9,0,0.03,0,5.73,0.03,12.68,10.62,-70.74,3.83,322.77,-66.91,255.86,,,,,
5241,17.16,267.04,14.51,0,0.02,0,8.89,-0.25,11.57,10.13,-71.13,3.83,329.08,-67.3,261.78,,,,,
5251,13.34,278.16,14.49,0,0.11,0,3.05,-0.94,14.04,11.41,-68.86,3.8,333.66,-65.05,268.61,,,,,
5261,16.88,270.72,16.95,0,0.52,0,4.5,-0.67,11.2,10.71,-69.2,3.81,330.82,-65.39,265.43,,,,,
5271,18.18,269.39,17.32,0,0.57,0,4.55,-0.96,12.1,11.55,-68.76,3.82,332.7,-64.95,267.76,,,,,
5281,10.74,265.89,15.9,0,0.03,0,5.53,-1.28,13.48,11.61,-70.26,3.83,321.9,-66.42,255.47,,,,,
5291,14.38,275.73,15.47,0,0.36,0,7.96,-0.99,12.63,10.8,-69.66,3.82,336.33,-65.84,270.49,,,,,
5301,17,271.53,16.28,0,0.06,0,1,-0.94,9.34,11.73,-70.55,3.84,326,-66.71,259.3,,,,,
5311,13.27,271.1,13.84,0,0.08,0,1.61,-1.15,13.62,11.55,-69.78,3.8,323.91,-65.98,257.93,,,,,
5321,13.29,269.03,18.26,0,0.25,0,3.36,-1.35,15.02,12.6,-68.44,3.83,330.46,-64.61,265.85,,,,,
5331,18.3,261.69,17.31,0,0.18,0,4.47,-1.44,12.85,12.52,-68.39,3.82,325.88,-64.57,261.31,,,,,
5341,17.04,265.92,16.98,0,0.04,0,5.61,-0.81,11.72,12.39,-71.97,3.85,328.89,-68.12,260.77,,,,,
5351,12.07,276.72,16.93,0,0.37,0,1.17,-0.15,14.03,10.77,-70.35,3.83,331.91,-66.52,265.38,,,,,
5361,13.58,269.44,13.38,0,0.06,0,8.21,-1.17,12.22,11.67,-70.38,3.85,327.38,-66.53,260.85,,,,,
5371,17.94,259.87,15.98,0,0.37,0,10.71,-1.51,10.9,11.7,-68.76,3.82,325.96,-64.94,261.02,,,,,
5381,12.51,266.75,14.17,0,0.01,0,3.5,0.3,13.46,9.75,-67.84,3.82,320.45,-64.02,256.42,,,,,
5391,17.12,262.39,17.93,0,1.11,0,3.25,-0.48,13.17,10.64,-70.65,3.85,325.13,-66.8,258.33,,,,,
5401,12.31,270.13,15.45,0,0.23,0,4.66,-0.98,13.21,11.32,-70.1,3.83,326.32,-66.27,260.05,,,,,
5411,18.34,267.84,16.57,0,0.61,0,2.25,-0.66,12.25,10.98,-68.58,3.85,328.18,-64.73,263.45,,,,,
5421,11.6,267.03,14.75,0,0.27,0,4.51,-0.74,13.2,11.3,-68.07,3.85,321.92,-64.23,257.69,,,,,
5431,12.11,264.53,18.92,0,0.1,0,3.81,-0.49,10.53,11.74,-67.9,3.82,321.26,-64.08,257.18,,,,,
5441,14.87,270.02,17.77,0,0.11,0,2.72,-0.86,12.05,11.09,-70.82,3.86,327.77,-66.96,260.81,,,,,
5451,14.55,265.03,16.54,0,0.28,0,5.26,-0.79,11.41,10.59,-68.44,3.81,322.87,-64.62,258.25,,,,,
5461,8.42,262.93,16.59,0,0.37,0,6.45,-0.26,13.43,10.49,-69.36,3.81,318.41,-65.55,252.86,,,,,
5471,15.28,267.78,17.18,0,0.05,0,3.03,-1.12,13.9,11.58,-68.69,3.83,327.69,-64.86,262.82,,,,,
5481,11.62,275.86,17.74,0,0.24,0,5.71,-0.64,14.27,10.91,-70.91,3.85,335.72,-67.06,268.66,,,,,
5491,19.17,255.91,19.05,0,0.43,0,6.27,-0.49,9.31,11.74,-68.45,3.8,321.38,-64.65,256.73,,,,,
5501,13.88,265.02,15.39,0,0.03,0,4.8,-0.85,12.13,11.36,-69.39,3.83,321.77,-65.56,256.21,,,,,
5511,14.91,261.82,14.18,0,0.05,0,11.55,-1.3,10.94,12.09,-69.37,3.83,324.24,-65.54,258.7,,,,,
5521,14.17,266.16,17.73,0,0.35,0,5.77,-1.58,13.02,12.19,-68.68,3.83,327.81,-64.85,262.96,,,,,
5531,23.1,266.93,15.62,0,0.01,0,6.79,-0.37,14.01,10.1,-70.01,3.83,336.18,-66.18,270,,,,,
5541,23.52,262.99,18.96,0,0.11,0,3.47,-0.69,10.83,11.8,-70.11,3.8,330.98,-66.31,264.68,,,,,
5551,17.91,267.98,17.27,0,0.04,0,3.44,-0.77,11.88,10.58,-70.17,3.82,328.32,-66.34,261.98,,,,,
5561,18.54,265.79,15.92,0,0.6,0,3.4,-1.53,10.96,11.52,-68.83,3.86,325.21,-64.98,260.24,,,,,
5571,11.32,278.03,15.6,0,0.11,0,7.99,-0.92,12.99,11.69,-70.1,3.83,336.81,-66.27,270.54,,,,,
5581,17.55,265.12,16.38,0,0.74,0,6.55,-0.71,13.23,11.01,-70.51,3.86,329.88,-66.66,263.23,,,,,
5591,8.26,266.97,16.18,0,0.38,0,7.43,-1.01,14.14,11.55,-69.66,3.82,323.88,-65.83,258.05,,,,,
5601,17.9,262.43,13.59,0,0.13,0,6.94,-1.04,11.24,10.71,-69.46,3.85,321.88,-65.61,256.27,,,,,
5611,13.95,262.69,16.8,0,0.06,0,5.02,-1.01,12.9,11.67,-69.36,3.85,322.08,-65.52,256.56,,,,,
5621,13.26,263.7,14.21,0,0.05,0,3.28,-0.53,13.04,11.08,-69.76,3.84,318.09,-65.92,252.17,,,,,
5631,12.86,275.54,13.74,0,0.06,0,11.75,-1.14,11.64,11.94,-68.89,3.8,336.39,-65.09,271.3,,,,,
5641,11.59,267.09,17.1,0,0.26,0,5.43,-0.09,11.68,11.42,-70.49,3.84,324.49,-66.65,257.84,,,,,
5651,12.92,256.67,18.5,0,0.62,0,11.86,-0.99,13.09,11.19,-67.14,3.83,323.86,-63.31,260.55,,,,,
5661,13.92,262.74,13.84,0,0.02,0,8.42,-0.98,14.37,11.51,-70.21,3.85,323.84,-66.36,257.48,,,,,
5671,16.45,276.49,18.38,0,0.2,0,3.96,-1.68,12.79,12.27,-69.61,3.82,338.86,-65.78,273.07,,,,,
5681,8.87,264.75,16.89,0,0.02,0,4.22,-0.43,13.14,11.59,-70.05,3.82,319.06,-66.23,252.83,,,,,
5691,9.65,264.86,14.84,0,0.01,0,7.9,-0.25,12.06,10.46,-68.07,3.83,319.55,-64.24,255.31,,,,,
5701,11.19,276.09,13.34,0,0.09,0,4.41,-0.82,11.88,11.18,-70.21,3.85,327.36,-66.35,261,,,,,
5711,15.44,267,17.09,0,0.74,0,4.6,0.14,11.65,10.64,-70.73,3.83,327.3,-66.91,260.4,,,,,
5721,13.64,272.5,14.74,0,0.01,0,7,-0.85,11.6,11.45,-68.42,3.82,330.08,-64.6,265.48,,,,,
5731,17.12,266.28,16.66,0,0,0,2.54,-0.59,12.85,11.15,-68.45,3.84,326.02,-64.61,261.41,,,,,
5741,12.76,262.81,16.96,0,0.48,0,5.91,-1.02,13.82,10.97,-69.9,3.84,322.69,-66.06,256.63,,,,,
5751,13.27,265.16,16.3,0,0.1,0,2.32,-0.64,9.97,11.81,-69.69,3.8,318.28,-65.88,252.4,,,,,
5761,12.84,256.28,21.97,0,0.15,0,6.86,-0.7,12.02,11.67,-69.24,3.84,321.09,-65.4,255.69,,,,,
5771,9.25,271.38,19.07,0,0.13,0,4.5,-1.08,17.99,12.73,-69.25,3.84,333.97,-65.42,268.56,,,,,
5781,15.67,260.65,18.19,0,0.05,0,1.96,-0.88,14.78,11.79,-69.87,3.88,322.21,-65.99,256.22,,,,,
5791,12.61,265.25,16.57,0,0.25,0,4.09,-0.97,11.07,12.56,-70.66,3.84,321.44,-66.82,254.62,,,,,
5801,11.13,278.2,17.48,0,1.1,0,1.41,-0.19,12.81,10.22,-70.28,3.82,332.17,-66.47,265.7,,,,,
5811,18.58,263.46,13.17,0,0.03,0,3.79,-0.77,10.94,11.02,-68.86,3.86,320.21,-65,255.22,,,,,
5821,16.71,269.92,15.74,0,0.19,0,4.63,-0.72,12.08,10.95,-70.69,3.83,329.52,-66.86,262.65,,,,,
5831,12.86,267.58,16.97,0,0.01,0,7.34,-0.74,12.22,10.5,-68.6,3.84,326.74,-64.76,261.99,,,,,
5841,9.53,269.85,14.66,0,0.02,0,10.58,-1.51,13.18,12.63,-69.92,3.83,328.93,-66.08,262.84,,,,,
5851,16.45,263.47,15.67,0,0.05,0,7.63,-0.07,12.85,9.49,-70.33,3.83,325.56,-66.5,259.05,,,,,
5861,12.03,276.51,15.41,0,0.06,0,4.79,-0.11,13.27,10.18,-70.08,3.82,332.14,-66.27,265.88,,,,,
5871,21.34,265.79,16.27,0,0.5,0,5.02,-0.44,8.4,11.25,-69.04,3.81,328.14,-65.22,262.92,,,,,
5881,13.42,272.25,15.46,0,0.1,0,2.87,-1.25,12.41,11.6,-70.36,3.8,326.87,-66.56,260.31,,,,,
5891,9.63,269.76,15.08,0,0.5,0,5.58,-1.68,13.65,12.14,-69.76,3.83,324.66,-65.93,258.72,,,,,
5901,14.48,274.57,19,0,0.35,0,4.34,-1.59,12.84,12.68,-69.85,3.84,336.67,-66.01,270.66,,,,,
5911,16.13,268.24,15.21,0,0.04,0,3.06,-0.46,10.29,10.35,-68.17,3.79,322.87,-64.37,258.49,,,,,
5921,17.08,265.49,16.17,0,0.06,0,7.87,-0.59,11.3,10.62,-69.68,3.79,328,-65.89,262.11,,,,,
5931,12.86,269.45,15.22,0,0.18,0,6.73,-0.78,12.54,11.27,-69.48,3.81,327.46,-65.67,261.79,,,,,
5941,15.01,261.62,17.62,0,0.33,0,6.21,-1.27,14.44,11.61,-69.31,3.83,325.57,-65.48,260.09,,,,,
5951,17.78,261.26,18.05,0,0.04,0,4.98,-1.44,11.78,11.61,-69.44,3.78,324.06,-65.66,258.4,,,,,
5961,12.24,271.31,17.48,0,0.2,0,8.49,-1.11,11.2,11.41,-70.08,3.84,331.23,-66.24,264.99,,,,,
5971,17.49,260.83,13.67,0,0.25,0,3.95,-0.57,13.49,10.5,-68.97,3.83,319.62,-65.15,254.47,,,,,
5981,13.57,262.67,16.96,0,0.75,0,11.05,-0.7,12.74,11.61,-69.51,3.83,328.65,-65.69,262.96,,,,,
5991,14.8,271.22,14.72,0,0.01,0,2.31,-0.56,13.35,11.63,-71.17,3.81,327.49,-67.36,260.13,,,,,
6001,12.64,270.85,15.8,0,0.05,0,4.68,-0.48,11.78,10.97,-69.44,3.79,326.29,-65.64,260.64,,,,,
6011,14.48,263.86,17.3,0,0.24,0,5.8,-1.41,11.69,12.79,-69.52,3.83,324.75,-65.69,259.06,,,,,
6021,11.24,271.42,16,0,0,0,4.58,-0.68,12.74,11.49,-67.87,3.82,326.8,-64.05,262.75,,,,,
6031,16.23,262.99,15.75,0,0.06,0,4.06,-0.89,11.66,11.45,-70.09,3.85,321.3,-66.24,255.06,,,,,
6041,13.98,262.91,17.04,0,0.01,0,5.48,-0.68,14.06,11.02,-70.02,3.83,323.81,-66.2,257.61,,,,,
6051,14.03,262.01,15.17,0,0.13,0,5.48,-1.37,14.17,12.04,-70.42,3.82,321.67,-66.59,255.07,,,,,
6061,12.24,270.12,17.53,0,0.12,0,5.22,-0.72,12.71,11.07,-69.32,3.84,328.29,-65.49,262.81,,,,,
6071,14.93,261.13,15.58,0,0.43,0,9.84,-1.2,13.72,12.08,-68.87,3.83,326.5,-65.04,261.46,,,,,
6081,15.1,266.88,15.32,0,0.11,0,2.76,-0.47,10.76,11.13,-71.46,3.86,321.58,-67.6,253.98,,,,,
6091,16.46,265.18,14.35,0,0.07,0,6.92,-0.92,13.36,11.71,-67.79,3.86,327.14,-63.93,263.21,,,,,
6101,16.99,272.29,16.14,0,0.1,0,3.59,0.2,12.95,10.72,-69.68,3.82,332.98,-65.86,267.13,,,,,
6111,26.32,260.63,17.78,0,0.08,0,5.88,-0.76,12.1,11.05,-68.63,3.8,333.09,-64.83,268.26,,,,,
6121,12.38,264.58,17.07,0,0.02,0,2.9,-0.9,12.24,10.73,-68.81,3.83,319.03,-64.98,254.05,,,,,
6131,15.78,265.4,13.79,0,0.62,0,4.39,-0.16,10.85,10.55,-68.13,3.81,321.21,-64.31,256.9,,,,,
6141,17.82,262.18,17.01,0,0.24,0,4.11,-0.97,10.03,12.4,-69.68,3.8,322.81,-65.88,256.93,,,,,
6151,13.53,269.62,16.84,0,0.16,0,5.08,-1,13.88,10.86,-70.32,3.81,328.97,-66.51,262.46,,,,,
6161,15.56,266.7,17.72,0,0.6,0,2.57,-1.2,13.17,11.25,-69.43,3.85,326.37,-65.58,260.79,,,,,
6171,12.41,269.78,16.91,0,0.1,0,0.56,-0.26,12.12,11.05,-67.69,3.83,322.68,-63.86,258.82,,,,,
6181,19.04,259.53,14.59,0,0.02,0,7.23,-0.94,13.4,11.46,-69.62,3.81,324.34,-65.8,258.54,,,,,
6191,11.41,266.61,16.94,0,0.43,0,3.18,-0.59,14.91,10.84,-69.28,3.88,323.72,-65.4,258.33,,,,,
6201,17.76,260.99,14.73,0,0.83,0,6.4,-0.9,10.67,12.16,-69.52,3.82,322.65,-65.7,256.95,,,,,
6211,19.11,269.7,15.44,0,0.11,0,3.53,-1.29,11.91,11.48,-69.15,3.81,329.99,-65.34,264.65,,,,,
6221,9.4,268.12,15.54,0,0.1,0,8.15,-0.75,15.23,11.14,-69.36,3.87,326.92,-65.49,261.43,,,,,
6231,20.9,265.05,16.25,0,0.32,0,1.59,-0.86,9.12,11.49,-68.71,3.82,323.87,-64.89,258.98,,,,,
6241,9.43,257.92,18.2,0,0.14,0,6.18,-1.86,14.97,12.47,-67.18,3.81,317.46,-63.37,254.09,,,,,
6251,14.5,268.86,14.82,0,0.14,0,3.99,-0.88,12.14,11.57,-70.08,3.83,325.13,-66.25,258.88,,,,,
6261,15.79,265.31,14.77,0,0.08,0,2.76,-0.47,11.49,10.5,-71.4,3.83,320.22,-67.57,252.65,,,,,
6271,13.54,269.5,15.26,0,0.08,0,4.11,-0.54,11.16,11.3,-68.85,3.83,324.41,-65.02,259.39,,,,,
6281,12.71,270.55,15.58,0,0.17,0,5.77,-1.39,9.8,11.5,-69.52,3.84,324.68,-65.67,259.01,,,,,
6291,12.22,265.14,13.34,0,0.01,0,6.16,-0.66,10.73,11.18,-70.02,3.83,318.12,-66.19,251.93,,,,,
6301,11.97,263.46,21.62,0,0.42,0,7.28,-0.24,13.68,10.49,-69.81,3.8,328.69,-66.01,262.68,,,,,
6311,13.59,262.59,15.04,0,0.01,0,3.47,-0.75,13.49,11.11,-68.98,3.82,318.55,-65.16,253.39,,,,,
6321,23.36,265.83,17.97,0,0.35,0,2.58,-1.53,11.42,12.48,-70.19,3.82,332.46,-66.37,266.09,,,,,
6331,14.03,266.82,15.54,0,0.27,0,5.55,-1.56,9.96,12.15,-70.05,3.81,322.76,-66.23,256.53,,,,,
6341,21.33,263.54,16.2,0,0.2,0,8.41,-0.51,12.46,11.22,-69.7,3.79,332.85,-65.91,266.94,,,,,
6351,15.22,266.28,14.48,0,0.03,0,10.34,-0.24,12.27,11.48,-70.45,3.8,329.86,-66.65,263.21,,,,,
6361,11.5,260.14,16.37,0,0.19,0,4.03,-0.85,12.74,11.27,-71.03,3.82,315.38,-67.2,248.18,,,,,
6371,10.95,270.78,14.41,0,0.03,0,4.14,-0.66,12.08,11.21,-70.06,3.83,322.95,-66.23,256.72,,,,,
6381,17.48,263.46,14.4,0,0.48,0,6.25,-0.64,11.65,11.6,-68.91,3.84,324.68,-65.07,259.61,,,,,
6391,17.43,276.13,15.79,0,0.05,0,2.54,-1.04,11.33,11.65,-69.88,3.79,333.9,-66.09,267.8,,,,,
6401,10.85,269.24,20.94,0,0.43,0,2.2,-1.74,12.7,13.52,-69.46,3.83,328.15,-65.64,262.52,,,,,
6411,11.59,264.16,17.13,0,0.13,0,3.33,-0.99,13.51,11.39,-69.29,3.85,320.26,-65.44,254.82,,,,,
6421,13.54,275.19,18.59,0,0.04,0,5.78,-0.35,14,11.36,-69.13,3.81,338.16,-65.32,272.84,,,,,
6431,13.92,262.66,15.29,0,0.08,0,3.02,-1.04,15.34,11.66,-69.25,3.85,320.92,-65.4,255.53,,,,,
6441,14.2,268.09,17.56,0,0.1,0,4.06,-1.09,12.25,11.88,-67.09,3.84,327.04,-63.24,263.8,,,,,
6451,12.29,262.91,18.15,0,0.51,0,6.42,-1.24,11.31,11.55,-69.82,3.81,321.91,-66.01,255.9,,,,,
6461,10.58,271.64,15.95,0,0.15,0,3.8,-0.62,12.54,11.13,-68.1,3.8,325.18,-64.3,260.88,,,,,
6471,14.83,263.84,16.88,0,0.03,0,4.76,-0.51,11.48,11.4,-69.68,3.83,322.7,-65.85,256.85,,,,,
6481,15.2,260.9,14.47,0,0.15,0,11.01,-0.75,12.83,10.92,-68.74,3.82,324.74,-64.92,259.82,,,,,
6491,13.18,265.38,16.14,0,0.1,0,3.81,-0.96,11.78,11.65,-71.22,3.84,321.09,-67.38,253.7,,,,,
6501,12.89,262.14,13.66,0,0.17,0,8.88,-1.54,14.26,12.3,-68.75,3.82,322.75,-64.92,257.83,,,,,
6511,11.34,260.25,16.2,0,0.45,0,3.76,-1,13.18,11.42,-69.05,3.82,315.6,-65.23,250.37,,,,,
6521,12,272.02,15.37,0,0.23,0,3.14,-0.66,12.54,10.68,-68.46,3.82,325.34,-64.64,260.7,,,,,
6531,8.61,258.02,15.96,0,0.06,0,9.35,-1.8,12.61,12.27,-68.53,3.81,315.08,-64.72,250.36,,,,,
6541,15.57,278.81,17.04,0,0.9,0,1.56,-0.56,12.62,11.55,-69.64,3.81,337.5,-65.82,271.68,,,,,
6551,21,268.12,15.9,0,0.05,0,6.56,-1.08,10.34,11.41,-69.55,3.81,332.31,-65.74,266.57,,,,,
6561,11.54,270.69,16.61,0,0.08,0,3.64,-1.21,10.22,11.66,-70.44,3.8,323.25,-66.64,256.61,,,,,
6571,16.22,260.15,22.76,0,1.06,0,6.57,-0.18,16.76,9.8,-69.15,3.84,333.15,-65.31,267.84,,,,,
6581,17.39,269.61,17.32,0,0.17,0,4.18,-1.05,13.36,11.19,-70.11,3.81,332.17,-66.3,265.87,,,,,
6591,13.53,275.99,16.14,0,0.22,0,4.72,-1.34,12.94,11.34,-68.58,3.86,333.54,-64.72,268.82,,,,,
6601,16.21,260.67,17.98,0,0.26,0,5.22,-1.39,11.24,11.93,-69.32,3.83,322.12,-65.48,256.64,,,,,
6611,15.82,261.39,14.53,0,0.02,0,4.82,-0.92,10.52,11.25,-69.66,3.84,317.43,-65.82,251.62,,,,,
6621,11.06,269.36,16.29,0,0.04,0,6.5,-0.78,12.04,11.43,-69.45,3.8,325.96,-65.65,260.31,,,,,
6631,18.66,259.93,16.97,0,0.09,0,8.1,-0.75,10.74,11.63,-70.51,3.85,325.38,-66.66,258.72,,,,,
6641,15.74,261.18,14.25,0,0.09,0,12.97,-1.31,13.45,12.24,-68.82,3.81,328.6,-65.01,263.59,,,,,
6651,12.86,264.6,16.96,0,0.38,0,3.02,-0.27,12.8,10.55,-70.16,3.84,320.89,-66.32,254.58,,,,,
6661,16.74,270.25,14.82,0,0.19,0,2.28,-0.91,12.48,10.65,-69.48,3.86,326.5,-65.62,260.87,,,,,
6671,16,262.85,15.02,0,0.08,0,9.16,-2.6,12.44,13.3,-69.04,3.84,326.26,-65.2,261.06,,,,,
6681,10.89,268.81,14.26,0,0.05,0,7.72,-0.83,12.07,11.83,-69.85,3.82,324.81,-66.02,258.79,,,,,
6691,17.56,267.32,17.74,0,0.06,0,3.05,-0.8,11.55,10.29,-68.47,3.81,326.75,-64.66,262.1,,,,,
6701,12.43,267.57,14.57,0,0.13,0,6.52,-0.6,13.33,11.73,-69.86,3.79,325.66,-66.07,259.59,,,,,
6711,14.41,266.49,18.9,0,0.01,0,6.32,-1.11,16.45,11.08,-68.18,3.88,332.54,-64.29,268.25,,,,,
6721,16.28,273.18,16.76,0,0.12,0,3.03,-1.34,11.84,12.25,-70.72,3.83,332.11,-66.89,265.22,,,,,
6731,10.9,259.17,18.92,0,0.09,0,5.25,-0.15,11.45,10.21,-69.15,3.81,315.84,-65.34,250.5,,,,,
6741,12.25,262.88,17.58,0,1.29,0,6.51,-0.43,12.96,10.32,-69.84,3.81,323.36,-66.03,257.33,,,,,
6751,9.49,262.63,16.12,0,0.02,0,6.62,-0.29,12.74,11.28,-70,3.83,318.61,-66.17,252.43,,,,,
6761,16.71,270.41,17.59,0,0.18,0,1.69,-0.97,13.51,11.04,-68.79,3.84,330.15,-64.95,265.19,,,,,
6771,12.7,253.45,19.1,0,0.3,0,6.57,-0.9,13.08,11.54,-70.15,3.82,315.83,-66.33,249.49,,,,,
6781,16.68,257.25,15.08,0,0.26,0,3.54,-0.45,11.46,10.62,-69.71,3.81,314.46,-65.9,248.56,,,,,
6791,10.43,263.93,13.9,0,0.07,0,5.93,-0.85,10.79,11.46,-70.45,3.82,315.67,-66.63,249.04,,,,,
6801,21.41,261.29,15.77,0,0.43,0,7.98,-0.64,10.31,11.18,-68.92,3.81,327.72,-65.1,262.62,,,,,
6811,14.9,260.7,16.11,0,0.11,0,2.49,-0.61,11.2,11.56,-70.29,3.84,316.46,-66.45,250.01,,,,,
6821,13.97,271.66,17.79,0,0.08,0,5.44,-0.76,13.76,10.96,-69.95,3.82,332.91,-66.13,266.78,,,,,
6831,10.83,269.66,14.76,0,0.23,0,3.4,-0.02,11.13,9.96,-70.92,3.83,319.97,-67.09,252.87,,,,,
6841,13.74,269.44,15.71,0,0,0,11.14,-0.72,11.89,10.71,-69.94,3.85,331.92,-66.09,265.83,,,,,
6851,9.3,261.39,16.38,0,0.1,0,8.01,-0.46,13.86,11.37,-69.2,3.82,319.94,-65.38,254.56,,,,,
6861,13.68,265.86,16.39,0,0.56,0,4.73,-1.04,12.01,12.29,-70.27,3.8,324.49,-66.47,258.02,,,,,
6871,14.11,270.01,18.22,0,0.08,0,1.54,-1.82,13.66,12.22,-68.52,3.82,328.02,-64.7,263.32,,,,,
6881,22.2,257.81,18.68,0,0.33,0,2.82,-1.1,11.22,11.59,-69.03,3.79,323.54,-65.24,258.3,,,,,
6891,14.37,265.67,17.08,0,0.04,0,6.04,-1.02,14.3,11.3,-68.64,3.85,327.78,-64.79,262.99,,,,,
6901,18.9,266.77,16.02,0,0.36,0,2.32,-0.65,13.27,10.54,-69.13,3.82,327.54,-65.32,262.22,,,,,
6911,20.18,266.14,17.98,0,0.2,0,6.85,-0.59,12.06,10.73,-68.86,3.8,333.55,-65.06,268.49,,,,,
6921,16.65,271.31,16.54,0,0.15,0,8.26,-1.77,14.03,12.43,-70.19,3.8,337.61,-66.39,271.22,,,,,
6931,12.57,266.33,13.4,0,0.04,0,7.06,-0.62,12.23,11.06,-69.93,3.81,322.07,-66.12,255.95,,,,,
6941,10.87,265.64,15.1,0,0,0,7.08,-1.39,13.66,12.05,-69.86,3.86,323,-66,257,,,,,
6951,17.72,272.23,16.14,0,0.21,0,-0.27,-0.63,13.73,11.08,-70.06,3.82,330.22,-66.25,263.97,,,,,
6961,17.67,259.74,21.07,0,0.12,0,3.76,-1.53,12.18,12.58,-71.13,3.85,325.58,-67.28,258.3,,,,,
6971,23,274.91,15.12,0,0.69,0,2.6,-1.19,13.49,10.24,-69.28,3.81,338.86,-65.47,273.39,,,,,
6981,14.89,262.72,19.12,0,0.14,0,3.75,-1.46,11.95,11.57,-69.04,3.78,322.68,-65.26,257.43,,,,,
6991,7.61,264.44,19.8,0,0.09,0,9.96,-1.16,14.31,11.52,-68.53,3.83,326.58,-64.7,261.88,,,,,
7001,12.46,264.86,19.12,0,0.09,0,5.31,-1.59,14.43,12.6,-68.42,3.78,327.27,-64.63,262.64,,,,,
7011,9.73,261.95,15.12,0,0.03,0,8.08,-0.61,14.53,11.13,-69.73,3.8,319.97,-65.94,254.03,,,,,
7021,14.54,276.23,19,0,0.06,0,5.1,-1.83,11.42,13.35,-70.73,3.79,337.86,-66.94,270.92,,,,,
7031,13.81,273.85,13.89,0,0.1,0,7.86,-0.64,11.35,10.81,-69.71,3.8,331.02,-65.92,265.11,,,,,
7041,15.4,257.47,16.47,0,0.52,0,4.73,-0.87,11.17,11.67,-70.21,3.83,316.56,-66.38,250.19,,,,,
7051,11.27,267.58,17.43,0,0.17,0,5.66,-0.94,12.46,11.46,-69,3.83,325.08,-65.18,259.91,,,,,
7061,13.92,259.12,14.36,0,0.04,0,6.79,-0.79,11.54,11.78,-71.09,3.85,316.76,-67.24,249.52,,,,,
7071,10.8,266.87,16.25,0,0.1,0,4.69,-0.9,13.15,11.7,-70.49,3.86,322.65,-66.62,256.03,,,,,
7081,16.95,264.66,18.37,0,0.28,0,5.94,-1.16,11.23,11.17,-67.76,3.78,327.43,-63.98,263.44,,,,,
7091,15.27,266.35,16.9,0,0.08,0,3.11,-0.75,12.18,11.77,-69.3,3.81,324.9,-65.5,259.4,,,,,
7101,11.35,266.88,15.68,0,0.21,0,6.64,-1.45,14.41,12.21,-69.88,3.82,325.93,-66.06,259.87,,,,,
7111,13.38,257.16,18.07,0,0.12,0,7.7,-1.04,11.66,10.9,-68.35,3.8,317.95,-64.55,253.4,,,,,
7121,16.3,265.77,16.54,0,0.18,0,5.8,-0.34,11.45,11.36,-70.6,3.83,327.06,-66.77,260.29,,,,,
7131,12.9,264.58,15.84,0,0.09,0,5.23,-1.02,11.68,11.39,-70.22,3.83,320.69,-66.39,254.3,,,,,
7141,11.4,267.09,15.7,0,0.02,0,6.61,-0.87,14.56,11.01,-66.33,3.83,325.52,-62.5,263.02,,,,,
7151,12.92,265.77,16.24,0,0.21,0,6.23,-0.07,14.88,10.75,-68.92,3.82,326.91,-65.1,261.82,,,,,
7161,9.96,263.87,21.84,0,0.3,0,3.5,-0.78,14.21,13.1,-70.32,3.83,326,-66.49,259.51,,,,,
7171,16.05,257.39,19,0,0.01,0,3.26,-0.66,11.06,11.27,-70.21,3.79,317.38,-66.43,250.95,,,,,
7181,9.57,276.13,18.02,0,0.03,0,2.82,-0.55,11.64,11.01,-70.42,3.84,328.67,-66.59,262.09,,,,,
7191,15.15,254.88,17.97,0,0.14,0,11.49,-1.01,13.64,11.75,-69.13,3.78,324.01,-65.35,258.66,,,,,
7201,13.81,269.8,15.02,0,0.92,0,6.16,-0.8,12.47,11.22,-70.45,3.78,328.59,-66.67,261.92,,,,,
7211,17.14,267.32,17.51,0,0.66,0,0.84,-0.92,11.6,12.22,-69.65,3.83,326.38,-65.82,260.56,,,,,
7221,9.69,269.24,17.97,0,0.75,0,10.81,-1.3,13.65,11.61,-68.47,3.82,332.43,-64.66,267.77,,,,,
7231,12.38,269.49,15.01,0,0.2,0,10.88,-0.63,12.99,11.37,-70.37,3.82,331.7,-66.55,265.15,,,,,
7241,15.63,271.99,16.36,0,0.02,0,4.27,-0.72,12.85,11.69,-70.64,3.82,332.1,-66.82,265.28,,,,,
7251,10.9,258.54,22.65,0,0.88,0,5.67,-0.28,13.06,12.14,-67.37,3.82,323.55,-63.56,259.99,,,,,
7261,13.02,260.56,14.87,0,0.09,0,5.23,-1.13,12.93,12.11,-68.85,3.84,317.67,-65.01,252.66,,,,,
7271,10.54,274.58,17.32,0,0.15,0,7.38,-0.79,12.01,11.19,-70.5,3.84,332.37,-66.66,265.7,,,,,
7281,13.61,267.53,15.56,0,0.03,0,5.49,-0.68,13.12,11.36,-69.72,3.85,326.03,-65.87,260.16,,,,,
7291,9.47,272.87,16.54,0,0.03,0,4.31,-1.15,12.94,11.51,-67.91,3.81,326.52,-64.1,262.42,,,,,
7301,13.45,259.7,16.34,0,0.31,0,8.09,-1.04,11.81,12.61,-68.72,3.79,321.26,-64.93,256.33,,,,,
7311,10.6,264.24,18.1,0,0.09,0,6.04,-1.26,10.84,11.83,-69.8,3.81,320.48,-65.99,254.49,,,,,
7321,15.07,263.24,15.39,0,0.04,0,6.73,-0.28,12.1,10.69,-69.3,3.83,322.98,-65.47,257.52,,,,,
7331,16.79,264.8,15.79,0,0.34,0,2.82,-0.31,11.16,10.51,-69.26,3.85,321.9,-65.41,256.49,,,,,
7341,17.96,260.02,17.61,0,0.46,0,2.75,-0.13,11.47,10.42,-69.23,3.8,320.57,-65.43,255.14,,,,,
7351,9.58,260.06,16.71,0,0.06,0,5.22,-0.83,12.99,11.71,-68.81,3.8,315.48,-65.01,250.48,,,,,
7361,9.17,274.37,21.29,0,0.15,0,3.38,-0.09,15.04,10.48,-68.88,3.81,333.78,-65.08,268.71,,,,,
7371,18.59,254.26,17.4,0,0.1,0,9.21,-0.74,9.76,11.3,-69.16,3.8,319.88,-65.36,254.53,,,,,
7381,9.25,256.96,19.38,0,0.2,0,11.11,-1,14.15,11.56,-68.99,3.81,321.6,-65.18,256.42,,,,,
7391,11.65,258.3,19.15,0,0.14,0,14.59,-0.42,13.62,11.04,-68.98,3.81,328.07,-65.17,262.89,,,,,
7401,17.42,270.35,15.9,0,0.14,0,1.81,-1.53,10.67,13.27,-69.94,3.82,328.03,-66.11,261.91,,,,,
7411,14.15,265.89,15.33,0,0.22,0,1.81,-0.59,12.02,10.48,-68.83,3.83,319.32,-65,254.32,,,,,
7421,15.57,264.98,17.22,0,1.25,0,3.35,-0.99,13.3,11.35,-69.82,3.8,326.02,-66.02,260,,,,,
7431,12.5,261.81,16.03,0,0.16,0,3.62,-1.55,11.03,12.01,-69.71,3.83,315.61,-65.88,249.73,,,,,
7441,15.2,274.71,15.91,0,0.03,0,4.62,-0.25,11.13,10.9,-69.59,3.82,332.25,-65.77,266.48,,,,,
7451,14.58,266.21,17.53,0,0.41,0,5.23,-0.6,12.23,11.12,-69.28,3.8,326.7,-65.48,261.22,,,,,
7461,13.86,267.79,16.22,0,0.12,0,5.53,-1.27,12.05,11.6,-69.39,3.83,325.89,-65.56,260.33,,,,,
7471,14.94,266.21,16.73,0,0.12,0,4.87,-0.65,13.44,10.96,-68.15,3.83,326.61,-64.33,262.28,,,,,
7481,13.07,269.78,18.07,0,0.05,0,8.74,-0.9,12.21,10.88,-69.1,3.83,331.9,-65.27,266.63,,,,,
7491,16.98,261.9,16.68,0,0.04,0,5.32,-0.92,11.19,12.14,-69.32,3.81,323.33,-65.51,257.82,,,,,
7501,15.16,263.28,17.22,0,0.13,0,8.54,-1.09,11.12,11.52,-68.4,3.8,325.88,-64.6,261.28,,,,,
7511,14.08,267.23,16.18,0,0.12,0,3.13,-0.3,10.23,11.08,-70.36,3.85,321.73,-66.51,255.22,,,,,
7521,17.1,260.6,18.29,0,0.1,0,12.38,-0.97,14.58,11.4,-67.35,3.79,333.48,-63.57,269.92,,,,,
7531,12.06,263.77,21.41,0,0.4,0,1.28,-0.5,11.7,10.51,-70.18,3.83,320.63,-66.35,254.28,,,,,
7541,17.15,263.16,16.98,0,0.35,0,5.39,-1.24,10.99,12.4,-70.12,3.85,325.18,-66.27,258.9,,,,,
7551,15.23,269.38,16.25,0,0.01,0,1.79,-0.81,13.68,10.93,-68.49,3.84,326.45,-64.66,261.79,,,,,
7561,11.52,255.95,16.87,0,0.14,0,11.45,-1.16,13.99,12.1,-69.21,3.83,320.86,-65.39,255.48,,,,,
7571,10.68,255.54,16.85,0,0.02,0,7.8,-0.48,14.91,10.66,-68.93,3.81,315.96,-65.12,250.85,,,,,
7581,19.71,250.51,17.95,0,0.44,0,12.32,-0.71,11.68,11.95,-69.38,3.83,323.84,-65.55,258.29,,,,,
7591,13.36,264.49,17.93,0,0.04,0,6.96,-1.7,12.94,12.74,-69.52,3.83,326.75,-65.69,261.06,,,,,
7601,11.11,267.94,18.02,0,0.47,0,5.25,0.42,12.89,10.49,-69.1,3.8,326.59,-65.31,261.29,,,,,
7611,9.59,262.73,19.25,0,0.14,0,6.91,-0.94,11.22,11.81,-69.3,3.79,320.7,-65.51,255.19,,,,,
7621,25.02,267.1,15.93,0,0.07,0,4.22,-0.88,12.55,11.19,-68.68,3.8,335.2,-64.88,270.32,,,,,
7631,14.3,265.4,15.8,0,1.02,0,6.77,0.06,13.92,10.98,-69.55,3.78,328.25,-65.77,262.48,,,,,
7641,10.6,267.52,16.61,0,0.22,0,5.43,-0.55,11.59,11.26,-68.85,3.81,322.67,-65.04,257.63,,,,,
7651,19.18,267.22,19.25,0,0.43,0,1.9,-0.87,10.6,12.65,-70.53,3.82,330.35,-66.71,263.64,,,,,
7661,19.65,269.72,16.29,0,0.08,0,6.81,-1.61,10.93,11.48,-69.22,3.83,333.35,-65.39,267.96,,,,,
7671,9.39,266.53,17.91,0,0.06,0,4.44,-0.44,12.73,10.37,-69.35,3.82,320.99,-65.53,255.46,,,,,
7681,15.88,263.13,20.39,0,0.56,0,5.48,-1.05,12.81,11.85,-67.2,3.86,329.05,-63.34,265.71,,,,,
7691,16.66,270.1,18.22,0,0.04,0,3.57,-0.11,12.18,11.06,-70.51,3.82,331.74,-66.69,265.05,,,,,
7701,19.85,263.18,16.46,0,0.33,0,-0.31,-0.64,12.64,10.83,-68.76,3.82,322.33,-64.94,257.39,,,,,
7711,14.1,268.96,18.79,0,0.05,0,7.21,-0.9,12.73,10.31,-69.3,3.81,331.24,-65.5,265.74,,,,,
7721,15.78,262.66,17.06,0,0.06,0,2.36,-0.71,12.23,10.95,-69.15,3.8,320.4,-65.35,255.05,,,,,
7731,14.67,273.48,16.04,0,0.02,0,8.71,-1.84,12.48,12.29,-69.9,3.8,335.86,-66.1,269.75,,,,,
7741,21.34,269.34,16.57,0,0.02,0,4.2,0.21,12.28,9.85,-69.48,3.81,333.8,-65.67,268.13,,,,,
7751,12.69,269.1,17.53,0,0.1,0,3.21,-0.74,10.91,11.24,-69.78,3.81,324.05,-65.97,258.08,,,,,
7761,11.07,257.25,16.41,0,0.05,0,10.16,-0.96,12.18,11.99,-70.56,3.82,318.15,-66.74,251.41,,,,,
7771,14.67,266.29,17.21,0,0.06,0,3.48,-0.18,11.09,10.34,-70.59,3.78,322.96,-66.81,256.15,,,,,
7781,16.81,263.46,17.28,0,0.32,0,6.43,-0.83,12.02,11.35,-69.21,3.81,326.83,-65.4,261.43,,,,,
7791,10.65,270.3,16.29,0,0.32,0,5.58,-1.03,13.58,11.5,-68.9,3.81,327.19,-65.09,262.1,,,,,
7801,10.53,271.16,17.07,0,0.06,0,6.99,-1.32,11.01,11.39,-70.59,3.86,326.88,-66.73,260.16,,,,,
7811,9.22,271.78,17.82,0,0.1,0,4.18,-0.59,14.3,10.9,-68.93,3.83,327.72,-65.09,262.63,,,,,
7821,16.24,261.69,16.2,0,0.13,0,6.73,-0.22,11.89,11.56,-69.19,3.8,324.22,-65.4,258.83,,,,,
7831,10.18,259.39,15.68,0,0,0,11.36,-1.37,13.9,11.4,-68.04,3.81,320.55,-64.23,256.32,,,,,
7841,12.48,263.09,17.5,0,0.38,0,5.84,-0.52,12.05,11.15,-69.45,3.81,321.97,-65.64,256.32,,,,,
7851,19.2,264.22,16.79,0,0.09,0,7.64,-1.1,11.27,12.14,-69.73,3.79,330.25,-65.94,264.31,,,,,
7861,11.22,270.93,20,0,0.2,0,6.14,-0.07,12.51,11.31,-69.53,3.83,332.25,-65.69,266.56,,,,,
7871,20.19,263.18,19.65,0,0.04,0,2.06,-0.33,13.49,9.72,-69.18,3.78,328,-65.4,262.6,,,,,
7881,15.42,259.61,19.26,0,0.36,0,8.03,-0.82,12.74,11.44,-70.32,3.82,326.05,-66.5,259.55,,,,,
7891,14.19,267.48,17.12,0,0.26,0,7.06,-0.79,12.94,11.81,-70.14,3.81,330.07,-66.33,263.74,,,,,
7901,18.31,256.22,18.33,0,0.29,0,9.36,-0.74,12.29,11.2,-69.84,3.8,325.25,-66.04,259.21,,,,,
7911,14.81,265.83,17.83,0,0.55,0,5.34,-0.59,13.95,11.67,-68.27,3.79,329.37,-64.47,264.9,,,,,
7921,11.93,263.52,18.16,0,0.14,0,2.78,-1.22,12.64,13.07,-68.47,3.81,321.02,-64.66,256.36,,,,,
7931,13.54,264.98,16.9,0,0.16,0,3.31,-0.47,13.53,10.72,-70.04,3.82,322.67,-66.22,256.45,,,,,
7941,15.21,272.27,18.15,0,0.16,0,5.55,-1.19,12.4,11.46,-69.65,3.8,334,-65.85,268.14,,,,,
7951,17.52,265.14,17.46,0,0.1,0,2.8,-0.83,10.7,12.16,-68.71,3.8,325.05,-64.91,260.14,,,,,
7961,10.25,262.85,18.49,0,0.11,0,6.02,-1.16,12.9,11.71,-68.99,3.81,321.18,-65.18,256,,,,,
7971,9.88,264.05,18.91,0,0.03,0,8.67,-1.42,12.42,12.55,-68.5,3.82,325.09,-64.68,260.42,,,,,
7981,15.37,257.03,19.46,0,0.79,0,4.67,-1.25,13.82,11.64,-66.68,3.81,321.53,-62.87,258.66,,,,,
7991,7.68,265.37,20.71,0,0.37,0,4.73,-1.1,13.22,11.53,-67.85,3.83,322.51,-64.03,258.48,,,,,
8001,15.49,261.89,14.98,0,0.58,0,7.58,-0.37,11.38,11.15,-66.76,3.81,322.67,-62.95,259.72,,,,,
8011,17.63,258.09,17.24,0,0.15,0,4.35,-0.68,11.94,11.29,-69.01,3.77,320.02,-65.24,254.77,,,,,
8021,19.3,264.39,18.23,0,0.13,0,3.23,-0.49,14.05,10.64,-69.66,3.83,329.48,-65.83,263.66,,,,,
8031,11.78,261.61,16.64,0,0.07,0,5.95,-0.1,11.57,11.15,-69.77,3.81,318.68,-65.96,252.71,,,,,
8041,14.29,266.09,16.39,0,0.42,0,3.68,-1.01,11.59,11.1,-68.75,3.81,322.56,-64.94,257.62,,,,,
8051,9.84,266.07,16.69,0,0.04,0,4.42,-1.05,13.34,11.45,-68.64,3.81,320.8,-64.83,255.97,,,,,
8061,18.12,272.84,16.25,0,0.1,0,0.33,-1.25,9.63,11.34,-68.57,3.8,327.36,-64.78,262.58,,,,,
8071,15.75,259.59,18.6,0,0,0,5.09,-0.53,11.97,10.64,-69.27,3.79,321.12,-65.48,255.64,,,,,
8081,16.46,266.7,17.05,0,0.22,0,5.8,-1.42,11.26,11.46,-69.35,3.82,327.51,-65.54,261.98,,,,,
8091,8.08,271.81,18.86,0,0.19,0,3.84,-0.74,13.18,11.34,-69.38,3.84,326.58,-65.54,261.05,,,,,
8101,13.63,272.09,13.21,0,0.04,0,4.25,-0.87,10.76,11.66,-68.51,3.8,324.77,-64.71,260.07,,,,,
8111,11.57,260.31,19.1,0,0.16,0,7.15,-0.74,10.94,11.04,-69.23,3.84,319.53,-65.39,254.15,,,,,
8121,15.83,262.59,17.51,0,0.16,0,1.29,-0.36,11.72,10.43,-69.6,3.82,319.16,-65.78,253.38,,,,,
8131,18.3,265.52,15.44,0,0.22,0,3.97,-0.55,11.74,10.55,-68.59,3.8,325.19,-64.79,260.4,,,,,
8141,9.18,268.1,19.41,0,0.11,0,6.96,-0.55,13.38,10.72,-69.76,3.8,327.31,-65.96,261.35,,,,,
8151,10.23,274.05,15.24,0,0.27,0,4.61,-0.13,12.09,10.34,-70.28,3.82,326.69,-66.45,260.24,,,,,
8161,15.37,269.72,17.21,0,0.26,0,5.16,-0.84,11.92,10.26,-69.38,3.81,329.07,-65.57,263.5,,,,,
8171,13.2,265.42,18.45,0,0.03,0,5.54,-0.98,15.94,11.62,-69.4,3.84,329.21,-65.55,263.65,,,,,
8181,10.73,261.05,15.71,0,0.17,0,10.34,-1.37,15.78,12.31,-68.89,3.81,324.73,-65.08,259.65,,,,,
8191,8.09,267.4,16.48,0,0.15,0,7.34,-1.77,14.91,12.58,-70.2,3.85,325.19,-66.35,258.84,,,,,
8201,11.38,259.68,17.74,0,0.34,0,7.19,-0.28,11.64,10.76,-69.86,3.82,318.45,-66.04,252.41,,,,,
8211,13.93,264.42,18.81,0,0.02,0,6.59,-1.48,13.75,11.82,-68.4,3.79,327.87,-64.6,263.27,,,,,
8221,16.54,262.45,18.12,0,0.05,0,3.24,-0.37,11.65,10.59,-68.94,3.81,322.28,-65.13,257.15,,,,,
8231,14.83,274.29,19.15,0,0.24,0,4.35,-1.64,12.36,12.1,-68.32,3.77,335.68,-64.55,271.13,,,,,
8241,11.1,261.71,15.28,0,0.01,0,7.35,-1.17,10.94,11.81,-69.14,3.81,317.05,-65.33,251.72,,,,,
8251,10.06,262.23,15.84,0,0.54,0,1.53,-0.31,13.42,10.83,-69.21,3.78,314.14,-65.42,248.71,,,,,
8261,13.89,269.08,18.66,0,0.22,0,2.94,-1.58,13.25,12.05,-68.47,3.84,328.49,-64.63,263.86,,,,,
8271,12.06,264.31,16.35,0,0.18,0,6.66,-0.63,12.88,10.89,-68.94,3.82,322.72,-65.12,257.59,,,,,
8281,15.16,262.88,17.2,0,0.58,0,8.34,-1,15.12,12.19,-67.92,3.83,330.48,-64.09,266.39,,,,,
8291,12.04,266.79,18.95,0,0.05,0,6.16,-1.38,12.63,12.05,-68.93,3.79,327.28,-65.15,262.14,,,,,
8301,12.11,269.06,16.01,0,0.13,0,5.52,-1.2,11.74,11.32,-67.99,3.79,324.68,-64.19,260.49,,,,,
8311,21.12,266.11,14.76,0,0.01,0,5.51,-0.2,9.59,10.24,-69.38,3.85,327.13,-65.53,261.6,,,,,
8321,14.91,265.73,14.96,0,0.11,0,8.35,-0.83,12.73,11.49,-71.42,3.85,327.46,-67.57,259.89,,,,,
8331,12.74,265.49,18.04,0,0.69,0,4.03,-0.89,13.63,11.69,-68.04,3.8,325.42,-64.24,261.18,,,,,
8341,12.21,258.18,20.03,0,0.07,0,10.2,-0.61,13.86,11.43,-69.12,3.82,325.38,-65.3,260.08,,,,,
8351,12.18,263.4,17.79,0,0.01,0,7.3,-0.07,13.55,10.59,-68.67,3.85,324.76,-64.83,259.93,,,,,
8361,17.64,264.55,16.93,0,0.1,0,8.89,-0.55,12.46,11.32,-68.25,3.79,331.33,-64.46,266.87,,,,,
8371,14.79,258.11,18.38,0,0.3,0,5.96,-1.01,11.82,11.42,-68.22,3.84,319.78,-64.38,255.39,,,,,
8381,18.36,265.83,16.62,0,0.2,0,2.05,-0.08,13.4,10,-68.99,3.82,326.39,-65.17,261.22,,,,,
8391,15.59,272.19,16.75,0,0.47,0,2.63,-0.2,12.74,10.98,-68.68,3.82,331.14,-64.85,266.29,,,,,
8401,18.66,271.48,17.61,0,0.14,0,5.17,-0.27,12.73,9.99,-69.37,3.78,335.5,-65.58,269.92,,,,,
8411,12.95,275.01,18.41,0,0.09,0,2.11,-1.15,11.29,11.05,-69.93,3.8,329.75,-66.13,263.61,,,,,
8421,14.53,261.79,16.84,0,0.38,0,6.6,-1.53,12.82,11.63,-68.34,3.79,323.07,-64.54,258.53,,,,,
8431,14.28,260.05,21.08,0,1.39,0,6.22,-0.78,11.53,11.11,-67.9,3.82,324.9,-64.08,260.82,,,,,
8441,11.59,262.95,17.73,0,0.04,0,3.77,-1.39,10.19,11.42,-69.07,3.79,316.3,-65.28,251.03,,,,,
8451,11.94,268.81,17.84,0,0.16,0,1.32,-1.62,12.44,12.58,-68.66,3.83,323.48,-64.83,258.65,,,,,
8461,7.87,258.76,19.47,0,0.11,0,6.83,-1.45,14.68,12.42,-70.09,3.84,318.68,-66.25,252.43,,,,,
8471,14.18,269.2,17.8,0,0.91,0,5.43,-0.79,11.53,11.57,-69.24,3.8,329.82,-65.44,264.38,,,,,
8481,11.38,259.09,18.62,0,0.01,0,6.71,-0.37,13.17,10.69,-68.39,3.81,319.3,-64.59,254.72,,,,,
8491,11.1,271.23,16.71,0,0.04,0,9.46,-1.01,12.43,11.43,-69.59,3.85,331.38,-65.74,265.64,,,,,
8501,15.44,263.9,18.95,0,0.04,0,4.89,-0.35,11.89,10.62,-69.09,3.81,325.38,-65.28,260.1,,,,,
8511,6.57,267.55,18.04,0,0.07,0,7.79,-0.2,13.1,10.25,-68.61,3.82,323.16,-64.79,258.37,,,,,
8521,13.66,263.06,19.73,0,0.79,0,3.87,-0.9,12.04,11.3,-68.96,3.84,323.55,-65.11,258.43,,,,,
8531,13.41,267.41,17.46,0,0.21,0,3.29,-0.42,12.55,10.5,-69.91,3.81,324.4,-66.1,258.3,,,,,
8541,12.08,264.46,15.41,0,0.06,0,3.71,-0.23,11.42,10.52,-68.64,3.81,317.42,-64.82,252.6,,,,,
8551,11.06,270.68,17.04,0,0.05,0,2.41,-0.62,11.13,11.46,-70.16,3.84,323.21,-66.32,256.9,,,,,
8561,12.7,258.32,16.99,0,0.18,0,6.92,-0.95,11.57,11.7,-69.19,3.8,317.43,-65.38,252.05,,,,,
8571,11.18,263.5,18.64,0,0.02,0,3.54,-0.29,13.78,10.88,-68.6,3.81,321.24,-64.79,256.45,,,,,
8581,11.18,263.65,18.34,0,0.13,0,8.25,-1.96,14.94,13,-68.3,3.84,327.53,-64.46,263.08,,,,,
8591,20.6,262.77,20.24,0,0.05,0,1.11,-1,12.32,11.45,-68.27,3.8,327.53,-64.47,263.06,,,,,
8601,11.59,261.89,17.27,0,0.03,0,4.53,-1.21,11.3,11.75,-67.8,3.79,317.16,-64.01,253.15,,,,,
8611,15.66,267.75,16.35,0,0.3,0,3.74,-1.22,11.64,11.77,-69,3.82,325.98,-65.18,260.8,,,,,
8621,12.05,258.75,17.11,0,0.14,0,12.55,-1.77,12.74,12.17,-68.24,3.79,323.73,-64.45,259.28,,,,,
8631,16.28,259.78,16.63,0,0.08,0,6.94,-0.79,13.69,11.27,-69.26,3.84,323.87,-65.43,258.44,,,,,
8641,20.98,263.15,15.49,0,0.22,0,3.94,-1.11,11,12.01,-69.63,3.82,325.68,-65.82,259.86,,,,,
8651,12.46,267.36,13.99,0,0.19,0,4.73,-0.43,12.84,10.4,-68.75,3.81,321.54,-64.94,256.6,,,,,
8661,11.8,261.83,15.75,0,0.52,0,6.68,-1.7,12.7,12.23,-69.64,3.84,319.81,-65.8,254.01,,,,,
8671,15.17,267.41,15.59,0,0.19,0,7.25,-0.84,12.86,11.32,-70.55,3.79,328.96,-66.75,262.21,,,,,
8681,16.75,271.23,15.49,0,0.06,0,3.32,-0.91,11.01,11.13,-69.93,3.81,328.06,-66.12,261.95,,,,,
8691,12.31,265.26,14.37,0,0.05,0,9.74,-0.99,10.11,11.5,-69.85,3.84,322.35,-66.01,256.33,,,,,
8701,8.78,266.94,14.16,0,0.04,0,6.79,-1.09,12.91,11.03,-69.11,3.86,319.56,-65.25,254.31,,,,,
8711,14.59,267.85,14.24,0,0.08,0,4.75,-0.41,10.15,10.77,-70.11,3.83,322.02,-66.28,255.74,,,,,
8721,11.57,265.24,17.04,0,0.04,0,2.85,-0.54,14.75,10.67,-68.98,3.81,321.6,-65.17,256.43,,,,,
8731,15.82,263.69,14.99,0,0.02,0,8.46,-0.55,11.98,11.1,-66.73,3.82,325.52,-62.91,262.61,,,,,
8741,13.06,261.39,14.75,0,0.29,0,4.18,-0.74,14.67,11.14,-69.87,3.87,318.74,-66,252.74,,,,,
8751,8.5,274.54,15.39,0,0.03,0,6.34,-0.53,11.48,11.54,-69,3.85,327.28,-65.15,262.13,,,,,
8761,16.57,268.79,15.55,0,0.11,0,2.12,-0.59,11.23,11.54,-71.42,3.83,325.31,-67.59,257.72,,,,,
8771,17.73,265.13,15.83,0,0.29,0,5.27,-1.17,10.27,12.03,-68.56,3.81,325.37,-64.75,260.62,,,,,
8781,12.82,262.78,16.51,0,0.08,0,6.46,0,11.63,10.24,-68.86,3.86,320.52,-65,255.51,,,,,
8791,12.94,264.86,16.4,0,0.22,0,4.3,-0.23,12.66,10.11,-68.7,3.82,321.27,-64.88,256.4,,,,,
8801,10.47,262.89,15.08,0,0.31,0,3.03,-0.69,12.97,11.58,-68.78,3.82,315.64,-64.96,250.68,,,,,
8811,15.65,258.54,14.38,0,0.06,0,7.41,-1.03,12.3,11.53,-68.22,3.82,318.84,-64.4,254.44,,,,,
8821,14.53,258.03,16.19,0,0.09,0,5.4,-0.88,13.07,11.03,-69.17,3.82,317.45,-65.35,252.1,,,,,
8831,15.8,263.6,16.22,0,0.29,0,1.28,-0.64,11.05,11.45,-69.05,3.8,319.06,-65.25,253.81,,,,,
8841,14.02,260.44,14.99,0,0.06,0,6.65,-0.83,12.06,10.83,-68.78,3.83,318.23,-64.94,253.28,,,,,
8851,9.7,270.62,12.12,0,0.01,0,8.68,-0.95,13.74,11.82,-68.13,3.83,325.75,-64.3,261.46,,,,,
8861,14.74,261.53,14.02,0,0.01,0,6.77,-0.03,11.45,10.52,-68.02,3.78,319.02,-64.24,254.78,,,,,
8871,19.69,265.35,11.33,0,0.01,0,6.9,-0.85,10.27,10.66,-70.17,3.79,323.36,-66.38,256.98,,,,,
8881,7.89,268.39,18.69,0,0.04,0,8.46,-1.22,12.88,11.42,-69.65,3.83,326.55,-65.82,260.73,,,,,
8891,17.76,274.43,13.29,0,0.18,0,6.35,0.08,15.92,9.98,-69.1,3.87,337.99,-65.23,272.76,,,,,
8901,15.47,262.01,18.41,0,0.25,0,12.43,-1.51,11.13,11.62,-70.56,3.9,329.81,-66.66,263.15,,,,,
8911,11.11,264.78,18.46,0,0.01,0,2.47,-0.82,11.74,11,-69.71,3.85,318.74,-65.86,252.88,,,,,
8921,13.18,261.87,14.43,0,0.03,0,8.25,-1.19,13.35,11.68,-70.2,3.83,321.6,-66.38,255.22,,,,,
8931,11.83,276.47,15.51,0,0.05,0,2.49,-0.92,11.87,11.3,-70.28,3.84,328.59,-66.45,262.14,,,,,
8941,14.16,267.26,15.44,0,0.01,0,3.08,-0.95,11.21,12.03,-70.43,3.84,322.23,-66.59,255.64,,,,,
8951,11.86,267.7,19.95,0,0.06,0,3.42,-0.6,16.15,11.45,-68.71,3.82,329.98,-64.89,265.09,,,,,
8961,9.07,264.98,13.56,0,0.03,0,7.27,-0.2,12.51,10.79,-70.14,3.82,318.03,-66.33,251.7,,,,,
8971,14.05,262.9,16.41,0,0.09,0,5.3,-0.94,11.85,11.67,-69.57,3.79,321.32,-65.78,255.55,,,,,
8981,14.65,263.6,14.82,0,0.04,0,4.16,-0.56,10.62,10.77,-68.1,3.81,318.11,-64.29,253.82,,,,,
8991,16.15,265.34,16.62,0,0.07,0,7.81,-0.91,12.32,10.83,-69.1,3.8,328.23,-65.3,262.92,,,,,
9001,8.97,265.32,15.76,0,0.43,0,4.38,-0.65,11.18,11.29,-71.73,3.83,316.66,-67.9,248.76,,,,,
9011,13.54,260.45,16.17,0,0.1,0,9.48,-0.92,13.61,11.14,-70.18,3.8,323.57,-66.37,257.2,,,,,
9021,9.39,267.24,16.18,0,0.03,0,12.56,-0.91,13.6,11.29,-68.37,3.79,329.38,-64.58,264.8,,,,,
9031,13.49,264.32,14.68,0,0.19,0,7.02,-0.61,10.86,11.38,-71.26,3.8,321.32,-67.45,253.87,,,,,
9041,15.57,263.72,16.53,0,0.04,0,7.18,-0.41,17.13,10.97,-66.73,3.85,330.73,-62.88,267.85,,,,,
9051,9.45,268.8,15.08,0,0.07,0,11.42,-1.14,11.78,11.35,-70.1,3.83,326.81,-66.28,260.53,,,,,
9061,19,271.79,22.29,0,0.42,0,2.8,0.12,12.75,10.45,-70.15,3.8,339.62,-66.36,273.27,,,,,
9071,12.29,270.23,16.63,0,0.03,0,4.82,-1.14,12.71,12.17,-69.72,3.83,327.74,-65.88,261.85,,,,,
9081,14.72,265.28,17.2,0,0.01,0,3.24,-0.82,15.03,10.53,-68.48,3.79,325.18,-64.69,260.5,,,,,
9091,14.82,262.35,16.67,0,0.01,0,7.45,-1.17,11.13,10.63,-68.68,3.83,321.89,-64.85,257.04,,,,,
9101,11.31,264.36,15.5,0,0.05,0,4.35,-0.77,13.16,11.25,-68.6,3.82,319.2,-64.79,254.41,,,,,
9111,16.55,260.1,18.3,0,0.14,0,8.94,-0.77,12.81,11.39,-68.52,3.83,327.45,-64.69,262.75,,,,,
9121,14.99,264.54,16.44,0,0.11,0,4.27,-1.21,12.68,12.1,-70.79,3.82,323.92,-66.97,256.95,,,,,
9131,13.64,261.21,15.32,0,0.44,0,8.06,-1.02,12.12,10.9,-69.36,3.83,320.68,-65.53,255.16,,,,,
9141,15.78,266.9,11.86,0,0.05,0,6.78,-1.53,9.06,12.47,-68.99,3.82,321.36,-65.17,256.19,,,,,
9151,10.66,272.36,15.62,0,0.05,0,6.89,-0.83,13.99,11.31,-69.89,3.84,330.05,-66.05,264,,,,,
9161,18.21,267.06,13.62,0,0.06,0,0.93,-0.6,11.08,10.03,-68.55,3.83,320.4,-64.72,255.68,,,,,
9171,11.12,261.44,13.79,0,0.1,0,6.28,-0.33,11.53,11.27,-68.73,3.83,315.21,-64.9,250.3,,,,,
9181,17.85,265.54,17.16,0,0.06,0,4.86,-1.13,9.15,11.88,-70.18,3.79,325.37,-66.38,258.99,,,,,
9191,14.56,263.2,21.27,0,0.49,0,3.45,-1.41,12.17,12.86,-68.17,3.83,326.61,-64.33,262.27,,,,,
9201,12.69,271.59,16.02,0,0.18,0,2.21,-0.1,13.04,10.01,-69.54,3.84,325.64,-65.7,259.94,,,,,
9211,13.32,272.48,18.16,0,0.05,0,5.66,-1.35,11.41,12.07,-68.85,3.8,331.78,-65.05,266.73,,,,,
9221,14.15,259.4,15.91,0,0.32,0,6.57,-0.74,13.04,12.08,-68.6,3.83,320.74,-64.77,255.97,,,,,
9231,19.07,260.7,18.43,0,0.52,0,8.65,-0.7,10.8,10.76,-69.01,3.81,328.24,-65.2,263.04,,,,,
9241,17.62,262.44,15.04,0,0.04,0,5.99,-0.69,13.35,11.17,-70.28,3.85,324.96,-66.43,258.52,,,,,
9251,10.42,263.67,16,0,0.04,0,11.3,-0.98,13.31,11.71,-68.79,3.81,325.47,-64.99,260.48,,,,,
9261,21.1,265.87,15.54,0,0.04,0,0.33,-0.83,11.45,11.23,-69.26,3.8,324.73,-65.46,259.27,,,,,
9271,15.54,263.74,18.83,0,0.21,0,2.22,-1.13,12.01,11.86,-69.44,3.84,323.3,-65.6,257.7,,,,,
9281,15.86,272.24,18.72,0,0.25,0,0.68,-0.99,11.44,11.3,-68.72,3.85,329.51,-64.87,264.64,,,,,
9291,13.4,266.11,16,0,0.19,0,4.47,-1.52,12.68,12.38,-68.27,3.82,323.69,-64.45,259.24,,,,,
9301,14.81,265,15.54,0,0,0,7.81,-1.07,13.66,11.51,-69.5,3.78,327.26,-65.72,261.53,,,,,
9311,11.71,270.23,15.99,0,0.16,0,6.13,-1.07,13.35,11.34,-70.81,3.86,327.84,-66.94,260.89,,,,,
9321,7.11,263.33,16.16,0,0.44,0,7.65,-0.31,13.14,11.2,-69.72,3.83,318.73,-65.9,252.83,,,,,
9331,15.35,267.1,19.95,0,0.15,0,3.68,-0.34,12.9,11.06,-69.85,3.81,329.85,-66.04,263.81,,,,,
9341,12.04,267.78,17.96,0,0.18,0,4.59,0.35,13.98,10.22,-67.17,3.82,327.1,-63.35,263.74,,,,,
9351,13.1,278.79,14.66,0,0.17,0,3.72,-0.65,11.92,11.17,-69.67,3.83,332.89,-65.84,267.04,,,,,
9361,16.58,260.5,16.66,0,0.03,0,2.17,-0.9,12.48,11.47,-69.98,3.81,319,-66.17,252.83,,,,,
9371,12.53,275.66,13.93,0,0.18,0,6.43,-0.41,12.92,10.75,-67.61,3.81,332.01,-63.8,268.21,,,,,
9381,18.88,268.14,14.99,0,0.61,0,2.18,-2.05,11.6,12.77,-69.37,3.81,327.11,-65.56,261.55,,,,,
9391,12.73,261.36,16.77,0,0.05,0,5.44,-1.75,13.53,12.38,-68.48,3.84,320.51,-64.64,255.87,,,,,
9401,8.98,269.37,19.38,0,0.07,0,-0.49,-0.99,15.18,11.48,-69.2,3.88,322.97,-65.32,257.65,,,,,
9411,14.12,261.86,14.63,0,0.03,0,6.3,-0.35,12.46,10.69,-68.38,3.84,319.74,-64.54,255.2,,,,,
9421,11.34,262.08,17.22,0,0.05,0,8.44,-0.81,11.73,11.29,-69.34,3.85,321.33,-65.48,255.85,,,,,
9431,10.17,269.11,14.72,0,0.19,0,7.63,-0.77,12.59,11.52,-68.83,3.84,325.15,-64.99,260.16,,,,,
9441,16.51,264.24,14.92,0,0.02,0,8.04,-1.12,9.92,12.05,-68.98,3.81,324.57,-65.17,259.4,,,,,
9451,16.41,263.79,15.82,0,0.48,0,5.02,-1.15,13.71,10.92,-68.29,3.82,325.01,-64.47,260.53,,,,,
9461,10.44,267,21.39,0,0.08,0,5.7,-1.3,12.26,12.17,-69.13,3.83,327.72,-65.31,262.42,,,,,
9471,10.64,263.43,15.9,0,0.3,0,5.65,-1.35,13.42,11.68,-68.67,3.82,319.66,-64.85,254.81,,,,,
9481,9.66,271.04,17.39,0,0.27,0,5.7,-0.28,14.53,10.18,-69.78,3.82,328.48,-65.96,262.53,,,,,
9491,13.69,264.19,19.03,0,0.11,0,2.04,-0.35,10.69,10.81,-68.89,3.84,320.21,-65.04,255.16,,,,,
9501,15.14,259.64,16.57,0,0.01,0,4.58,-0.67,13.74,11.44,-70.47,3.82,320.45,-66.65,253.8,,,,,
9511,10.22,268.41,15.61,0,0.15,0,6.75,-1.1,12.75,11.36,-69.93,3.84,324.15,-66.09,258.05,,,,,
9521,9.72,258.96,18.66,0,0.16,0,9.86,-1.71,13.27,12.13,-69.1,3.83,321.06,-65.28,255.78,,,,,
9531,17.2,263.61,17.53,0,0.11,0,3.31,-1.16,11.28,11.97,-69.69,3.82,323.85,-65.87,257.98,,,,,
9541,14.72,272.29,13.47,0,0.04,0,5.3,-0.17,11.16,10.16,-68.69,3.83,326.97,-64.86,262.11,,,,,
9551,11.58,259.74,16.34,0,0.35,0,8.5,-1.14,12.85,11.6,-68,3.81,319.82,-64.19,255.63,,,,,
9561,13.79,264.66,14.93,0,0.2,0,3.31,-1.16,10.94,10.9,-68.13,3.81,317.56,-64.32,253.24,,,,,
9571,14.47,274.48,16.18,0,0.24,0,6.12,-0.44,14.62,11,-69.04,3.78,336.67,-65.26,271.41,,,,,
9581,13.64,262.32,15.95,0,0.29,0,7.74,-1.67,14.62,12.12,-68.57,3.8,325.01,-64.77,260.25,,,,,
9591,14.81,267.66,15.18,0,0.01,0,5.78,-0.46,12.47,10.28,-69.3,3.81,325.73,-65.49,260.24,,,,,
9601,10.87,263.05,17.41,0,0.08,0,4.93,-0.35,14.57,11.24,-69.98,3.85,321.8,-66.13,255.66,,,,,
9611,16.06,264.27,15.24,0,0.1,0,2.9,-0.5,11.86,10.86,-69.7,3.81,320.79,-65.89,254.91,,,,,
9621,8.83,271.46,18.93,0,0.04,0,8.05,-1.73,13.98,12.21,-69.75,3.85,331.77,-65.91,265.87,,,,,
9631,14.45,259.87,17.93,0,0.36,0,5.96,-1.3,11.26,12.05,-70.09,3.82,320.57,-66.27,254.3,,,,,
9641,16.45,259.51,17.19,0,0.02,0,3.03,-1,11.79,11.8,-69.85,3.82,318.8,-66.02,252.78,,,,,
9651,12.3,265.68,17.6,0,0.03,0,12.05,-1.31,13.24,11.82,-68.8,3.83,331.41,-64.97,266.45,,,,,
9661,14.15,263.13,14.33,0,0.19,0,5.2,0.19,11.74,9.89,-68.93,3.83,318.81,-65.1,253.71,,,,,
9671,12.38,267.36,14.92,0,0.03,0,7.33,-1.57,13.84,12.05,-69.9,3.86,326.32,-66.03,260.29,,,,,
9681,9.25,266,15.07,0,0.07,0,7.06,-0.78,14.39,11.97,-69.27,3.83,323.03,-65.44,257.59,,,,,
9691,10.83,262.66,17.71,0,0.11,0,4.37,-0.71,13.46,11.49,-70.01,3.83,319.9,-66.18,253.73,,,,,
9701,13.06,264.5,14.62,0,0.28,0,2.18,-0.57,11.88,10.33,-69.3,3.81,316.29,-65.49,250.8,,,,,
9711,13.13,263.22,14.96,0,0.02,0,6.94,-0.55,16.91,10.5,-70.17,3.82,325.12,-66.35,258.77,,,,,
9721,13.22,268.41,14.06,0,0.06,0,10.18,-1.22,13.44,10.81,-68.31,3.83,328.95,-64.48,264.47,,,,,
9731,17.28,265.14,18.19,0,0.02,0,5.53,-1.16,13.72,10.78,-67.94,3.79,329.5,-64.14,265.36,,,,,
9741,15.56,267.48,15.52,0,0.3,0,4.84,-0.47,11.05,11.38,-70.1,3.78,325.67,-66.32,259.35,,,,,
9751,11.02,265.88,15.74,0,0.17,0,7.61,-1.02,11.76,12.04,-68.5,3.81,323.22,-64.69,258.53,,,,,
9761,9.38,270.3,16.54,0,0.05,0,3.24,-1.03,14.33,10.87,-68.52,3.83,323.67,-64.69,258.98,,,,,
9771,12.19,269.12,17.4,0,0.16,0,5.09,-1.18,14.32,12.41,-69.18,3.84,329.5,-65.35,264.15,,,,,
9781,13.19,263.43,15.37,0,0.06,0,5.46,-1.36,10.2,12.15,-68.56,3.84,318.5,-64.73,253.77,,,,,
9791,17.54,262.53,14.65,0,0.01,0,4.3,-1.44,13.36,10.91,-69.64,3.83,321.86,-65.8,256.06,,,,,
9801,14.68,265.46,16.27,0,0.05,0,5.7,-0.52,11.78,10.65,-68.53,3.84,324.06,-64.69,259.37,,,,,
9811,11.37,269.4,15.65,0,0.07,0,3.38,-0.37,12.82,11.11,-70.09,3.83,323.43,-66.26,257.17,,,,,
9821,11.22,262.57,18.4,0,0.23,0,6.31,-0.54,11.65,11.38,-69.84,3.83,321.23,-66.01,255.21,,,,,
9831,14.81,262.1,14.18,0,0.01,0,8.3,-1.1,11.07,11.62,-67.92,3.84,321,-64.09,256.91,,,,,
9841,9.87,263.65,16.65,0,0.07,0,3.72,-0.94,12.23,11.32,-68.6,3.83,316.57,-64.78,251.79,,,,,
9851,16.57,273.04,16.39,0,0.19,0,-0.75,-0.95,11.16,11.65,-68.15,3.82,327.31,-64.33,262.98,,,,,
9861,12.47,254.13,14.76,0,0.02,0,9.95,-0.67,13.06,11.74,-68.03,3.79,315.46,-64.23,251.23,,,,,
9871,14.4,259.65,18.34,0,0.18,0,6.23,-0.93,12.39,11.63,-68.76,3.83,321.89,-64.93,256.96,,,,,
9881,12.92,263.23,14.73,0,0.04,0,0.38,-1.08,11.23,11.7,-69.17,3.83,313.14,-65.34,247.8,,,,,
9891,13.77,275.29,13.13,0,0.01,0,0.81,-0.46,11.93,10.86,-70.76,3.82,325.34,-66.94,258.4,,,,,
9901,13.55,266.14,14.26,0,0.23,0,6.88,-0.93,12.28,11.25,-70.73,3.83,323.65,-66.9,256.75,,,,,
9911,12.06,265.83,15.84,0,0.09,0,10.29,-1.03,12.59,11.33,-69.61,3.82,327.01,-65.79,261.22,,,,,
9921,17.05,266.65,17.07,0,0.32,0,9.1,-0.59,13.2,10.74,-68.63,3.81,333.54,-64.82,268.72,,,,,
9931,17.94,264.4,19.31,0,0.62,0,3.35,-0.84,12.24,11.68,-70.61,3.82,328.7,-66.79,261.92,,,,,
9941,12.12,264.51,14.82,0,0.19,0,4.32,-0.61,12.66,10.09,-68.16,3.85,318.09,-64.31,253.79,,,,,
9951,13.97,260.73,14.36,0,0.05,0,7.22,-1,12.25,11.34,-69.71,3.84,318.92,-65.87,253.05,,,,,
9961,13.04,272.08,14.31,0,0.01,0,4.19,-0.93,12.49,11.11,-69.8,3.81,326.3,-65.99,260.31,,,,,
9971,12.89,258,15.9,0,0.06,0,5.34,-1.28,11.64,12.07,-69.65,3.83,314.62,-65.81,248.8,,,,,
9981,13.12,264.74,16.3,0,0.18,0,5.41,-0.84,12.6,10.73,-68.9,3.83,322.23,-65.06,257.16,,,,,
9991,11.14,260.93,17.14,0,0.06,0,5.94,-0.53,12.72,11.03,-70.41,3.83,318.41,-66.58,251.83,,,,,
10001,13.56,269.39,18.56,0,0.3,0,-0.05,-0.61,12.2,11.16,-69.5,3.84,324.51,-65.66,258.85,,,,,
,,,,,,,,,,,,,,,,,,,,
Delta Energy Terms,,,,,,,,,,,,,,,,,,,,
Frame #,BOND,ANGLE,DIHED,UB,IMP,CMAP,VDWAALS,EEL,1-4 VDW,1-4 EEL,EGB,ESURF,GGAS,GSOLV,TOTAL,,,,,
1,0,0,0,0,0,0,-39.03,-118.32,0,0,139.66,-4.5,-157.35,135.16,-22.19,,,RUN 2,AVE,STDV
11,0,0,0,0,0,0,-40.11,-138.31,0,0,158.7,-4.69,-178.42,154.01,-24.41,,,VDWAALS,-36.9336963,5.614936769
21,0,0,0,0,0,0,-41.29,-119.56,0,0,140.73,-5.02,-160.86,135.72,-25.14,,,EEL,-120.0285714,23.06971527
31,0,0,0,0,0,0,-39.8,-115.76,0,0,135.43,-4.58,-155.56,130.86,-24.7,,,GSOLV,132.7816683,24.17553837
41,0,0,0,0,0,0,-36.79,-124.47,0,0,142.6,-4.42,-161.26,138.18,-23.08,,,GBIND,-24.1803996,4.139699801
51,0,0,0,0,0,0,-36.65,-131.86,0,0,149.5,-4.09,-168.51,145.41,-23.1,,,,,
61,0,0,0,0,0,0,-40.79,-125.29,0,0,144.19,-4.5,-166.08,139.7,-26.38,,,,,
71,0,0,0,0,0,0,-43.07,-133.7,0,0,155.08,-5.02,-176.77,150.05,-26.71,,,,,
81,0,0,0,0,0,0,-41.27,-135.71,0,0,156.33,-4.6,-176.98,151.73,-25.25,,,,,
91,0,0,0,0,0,0,-41.83,-139.2,0,0,159.52,-4.49,-181.03,155.03,-26,,,,,
101,0,0,0,0,0,0,-39.12,-135.54,0,0,157.26,-4.61,-174.66,152.65,-22,,,,,
111,0,0,0,0,0,0,-40.3,-131.31,0,0,151.26,-4.76,-171.61,146.5,-25.11,,,,,
121,0,0,0,0,0,0,-40.97,-130.77,0,0,150.83,-4.77,-171.73,146.07,-25.67,,,,,
131,0,0,0,0,0,0,-39.52,-131.92,0,0,152.44,-4.49,-171.44,147.95,-23.49,,,,,
141,0,0,0,0,0,0,-39.05,-140.65,0,0,160.16,-4.53,-179.7,155.63,-24.07,,,,,
151,0,0,0,0,0,0,-42.04,-136.05,0,0,155.7,-4.93,-178.09,150.76,-27.33,,,,,
161,0,0,0,0,0,0,-38.77,-138.43,0,0,157.71,-4.77,-177.19,152.94,-24.25,,,,,
171,0,0,0,0,0,0,-39.38,-135.53,0,0,155,-4.79,-174.92,150.21,-24.71,,,,,
181,0,0,0,0,0,0,-40.21,-127.82,0,0,148.31,-4.82,-168.03,143.49,-24.54,,,,,
191,0,0,0,0,0,0,-40.37,-135.26,0,0,154.21,-4.72,-175.62,149.49,-26.13,,,,,
201,0,0,0,0,0,0,-42.13,-131.33,0,0,151.6,-4.78,-173.46,146.82,-26.65,,,,,
211,0,0,0,0,0,0,-44.25,-131.42,0,0,154.22,-4.88,-175.67,149.34,-26.33,,,,,
221,0,0,0,0,0,0,-42.72,-128.46,0,0,149.43,-4.78,-171.18,144.65,-26.53,,,,,
231,0,0,0,0,0,0,-41.3,-119.56,0,0,139.95,-4.95,-160.86,135,-25.86,,,,,
241,0,0,0,0,0,0,-39.76,-131.22,0,0,149.97,-4.63,-170.98,145.33,-25.64,,,,,
251,0,0,0,0,0,0,-38.77,-125.21,0,0,144.88,-4.54,-163.98,140.34,-23.64,,,,,
261,0,0,0,0,0,0,-40.91,-132.77,0,0,152.41,-4.46,-173.69,147.95,-25.74,,,,,
271,0,0,0,0,0,0,-40.11,-131.86,0,0,151.81,-4.65,-171.97,147.16,-24.81,,,,,
281,0,0,0,0,0,0,-40.94,-131.72,0,0,151.73,-4.75,-172.66,146.97,-25.68,,,,,
291,0,0,0,0,0,0,-42.51,-137.44,0,0,158.2,-4.94,-179.95,153.26,-26.68,,,,,
301,0,0,0,0,0,0,-41.73,-134.21,0,0,153.2,-4.9,-175.93,148.3,-27.63,,,,,
311,0,0,0,0,0,0,-40.89,-133.71,0,0,156.72,-4.97,-174.6,151.75,-22.85,,,,,
321,0,0,0,0,0,0,-42.74,-125.1,0,0,145.7,-4.84,-167.84,140.85,-26.99,,,,,
331,0,0,0,0,0,0,-42.29,-143.42,0,0,158.31,-4.94,-185.7,153.37,-32.34,,,,,
341,0,0,0,0,0,0,-42.26,-139.45,0,0,159.59,-4.85,-181.71,154.73,-26.98,,,,,
351,0,0,0,0,0,0,-39.71,-123.76,0,0,144.94,-4.92,-163.48,140.01,-23.46,,,,,
361,0,0,0,0,0,0,-40.2,-132.04,0,0,152.87,-4.62,-172.24,148.26,-23.98,,,,,
371,0,0,0,0,0,0,-42.49,-133.18,0,0,153.7,-4.82,-175.66,148.87,-26.79,,,,,
381,0,0,0,0,0,0,-42.89,-136.79,0,0,153.37,-4.75,-179.68,148.62,-31.06,,,,,
391,0,0,0,0,0,0,-39.09,-132.81,0,0,151.88,-4.68,-171.91,147.2,-24.7,,,,,
401,0,0,0,0,0,0,-42.3,-127.06,0,0,148.1,-4.87,-169.36,143.23,-26.13,,,,,
411,0,0,0,0,0,0,-40.61,-130.91,0,0,152.11,-4.62,-171.51,147.49,-24.02,,,,,
421,0,0,0,0,0,0,-40.98,-127.93,0,0,148.13,-4.73,-168.91,143.41,-25.51,,,,,
431,0,0,0,0,0,0,-39.39,-131.89,0,0,152.39,-4.72,-171.28,147.68,-23.6,,,,,
441,0,0,0,0,0,0,-42.41,-133.17,0,0,152.08,-4.79,-175.58,147.29,-28.28,,,,,
451,0,0,0,0,0,0,-39.31,-140.87,0,0,160.9,-4.58,-180.17,156.31,-23.86,,,,,
461,0,0,0,0,0,0,-43.28,-137.56,0,0,157.31,-4.84,-180.84,152.48,-28.36,,,,,
471,0,0,0,0,0,0,-41.52,-144.3,0,0,164.61,-4.79,-185.82,159.82,-25.99,,,,,
481,0,0,0,0,0,0,-38.68,-143.9,0,0,160.75,-4.44,-182.58,156.31,-26.27,,,,,
491,0,0,0,0,0,0,-43.47,-131.98,0,0,152.03,-4.75,-175.45,147.27,-28.17,,,,,
501,0,0,0,0,0,0,-39.07,-139.13,0,0,158.26,-4.43,-178.2,153.82,-24.37,,,,,
511,0,0,0,0,0,0,-43.53,-139.99,0,0,160.02,-4.69,-183.52,155.33,-28.19,,,,,
521,0,0,0,0,0,0,-41.91,-140.13,0,0,159.44,-4.79,-182.04,154.65,-27.39,,,,,
531,0,0,0,0,0,0,-42,-136.95,0,0,159.91,-5.03,-178.94,154.88,-24.06,,,,,
541,0,0,0,0,0,0,-38.36,-128.7,0,0,149.51,-4.48,-167.06,145.03,-22.03,,,,,
551,0,0,0,0,0,0,-42.19,-125.56,0,0,148.51,-5.01,-167.75,143.5,-24.25,,,,,
561,0,0,0,0,0,0,-41.91,-128.1,0,0,148.41,-4.68,-170.02,143.73,-26.29,,,,,
571,0,0,0,0,0,0,-40.87,-134.59,0,0,154.29,-4.57,-175.46,149.72,-25.74,,,,,
581,0,0,0,0,0,0,-40.13,-127.04,0,0,148.24,-4.62,-167.17,143.62,-23.54,,,,,
591,0,0,0,0,0,0,-41.63,-140.68,0,0,161.33,-4.8,-182.31,156.54,-25.77,,,,,
601,0,0,0,0,0,0,-41.45,-132.65,0,0,152.88,-4.8,-174.09,148.07,-26.02,,,,,
611,0,0,0,0,0,0,-40.67,-138.44,0,0,159.59,-4.73,-179.11,154.85,-24.25,,,,,
621,0,0,0,0,0,0,-38.79,-134.13,0,0,154.59,-4.41,-172.91,150.19,-22.73,,,,,
631,0,0,0,0,0,0,-37.27,-129.45,0,0,149.1,-4.16,-166.72,144.93,-21.79,,,,,
641,0,0,0,0,0,0,-41.37,-122.29,0,0,141.89,-4.76,-163.66,137.13,-26.53,,,,,
651,0,0,0,0,0,0,-44.47,-138.78,0,0,155.22,-5.25,-183.25,149.96,-33.29,,,,,
661,0,0,0,0,0,0,-40.84,-132.65,0,0,148.37,-5.07,-173.5,143.3,-30.19,,,,,
671,0,0,0,0,0,0,-39.16,-128.07,0,0,142.31,-4.92,-167.23,137.39,-29.85,,,,,
681,0,0,0,0,0,0,-40.85,-142.97,0,0,162.57,-4.93,-183.82,157.64,-26.19,,,,,
691,0,0,0,0,0,0,-31.2,-135.61,0,0,152.12,-3.91,-166.81,148.22,-18.59,,,,,
701,0,0,0,0,0,0,-37.75,-132.77,0,0,153.04,-4.5,-170.53,148.54,-21.99,,,,,
711,0,0,0,0,0,0,-39.06,-136.77,0,0,155.93,-4.59,-175.83,151.34,-24.49,,,,,
721,0,0,0,0,0,0,-38.14,-142.15,0,0,160.89,-4.42,-180.29,156.47,-23.82,,,,,
731,0,0,0,0,0,0,-36.41,-156.87,0,0,174.58,-4.5,-193.27,170.08,-23.19,,,,,
741,0,0,0,0,0,0,-37.02,-140.89,0,0,159.97,-4.36,-177.91,155.61,-22.3,,,,,
751,0,0,0,0,0,0,-37.61,-147.96,0,0,165.05,-4.2,-185.58,160.85,-24.72,,,,,
761,0,0,0,0,0,0,-35.7,-142.29,0,0,159.79,-4.06,-177.99,155.73,-22.26,,,,,
771,0,0,0,0,0,0,-38.68,-142.84,0,0,161.34,-4.35,-181.52,156.99,-24.53,,,,,
781,0,0,0,0,0,0,-34.55,-137.69,0,0,153.59,-4.05,-172.24,149.54,-22.69,,,,,
791,0,0,0,0,0,0,-35.33,-125.8,0,0,143.03,-3.99,-161.12,139.03,-22.09,,,,,
801,0,0,0,0,0,0,-36.98,-140.54,0,0,156.89,-4.17,-177.52,152.72,-24.8,,,,,
811,0,0,0,0,0,0,-37.81,-132.56,0,0,149.29,-4.44,-170.36,144.85,-25.51,,,,,
821,0,0,0,0,0,0,-30.06,-171.7,0,0,176.75,-4.1,-201.76,172.65,-29.11,,,,,
831,0,0,0,0,0,0,-35.03,-171.28,0,0,179.57,-4.48,-206.31,175.08,-31.23,,,,,
841,0,0,0,0,0,0,-35.11,-172.49,0,0,181.68,-4.26,-207.61,177.42,-30.18,,,,,
851,0,0,0,0,0,0,-29.78,-180.21,0,0,184.39,-4.23,-209.99,180.16,-29.84,,,,,
861,0,0,0,0,0,0,-32.7,-169.12,0,0,181.76,-4.23,-201.82,177.53,-24.29,,,,,
871,0,0,0,0,0,0,-33.17,-181.38,0,0,189.82,-4.11,-214.55,185.71,-28.84,,,,,
881,0,0,0,0,0,0,-28.15,-171.61,0,0,176.33,-3.87,-199.75,172.47,-27.29,,,,,
891,0,0,0,0,0,0,-32.19,-161.66,0,0,168.61,-3.99,-193.85,164.62,-29.23,,,,,
901,0,0,0,0,0,0,-31.36,-167.43,0,0,176.2,-3.88,-198.79,172.32,-26.48,,,,,
911,0,0,0,0,0,0,-29.51,-159.55,0,0,167.11,-3.89,-189.06,163.22,-25.85,,,,,
921,0,0,0,0,0,0,-33.71,-168.46,0,0,178.5,-4.18,-202.17,174.32,-27.85,,,,,
931,0,0,0,0,0,0,-31.5,-143.34,0,0,160.06,-3.9,-174.84,156.16,-18.69,,,,,
941,0,0,0,0,0,0,-37.02,-140.19,0,0,156.42,-4.48,-177.2,151.94,-25.26,,,,,
951,0,0,0,0,0,0,-38.49,-124.11,0,0,138.83,-4.38,-162.6,134.45,-28.15,,,,,
961,0,0,0,0,0,0,-37.92,-129.68,0,0,145.34,-4.31,-167.6,141.03,-26.57,,,,,
971,0,0,0,0,0,0,-38.12,-127.34,0,0,147.47,-4.51,-165.47,142.96,-22.51,,,,,
981,0,0,0,0,0,0,-39.07,-125.34,0,0,143.72,-4.44,-164.41,139.27,-25.14,,,,,
991,0,0,0,0,0,0,-38.77,-122.29,0,0,141.49,-4.24,-161.06,137.25,-23.82,,,,,
1001,0,0,0,0,0,0,-42.22,-127.67,0,0,149.39,-4.69,-169.89,144.7,-25.19,,,,,
1011,0,0,0,0,0,0,-41.02,-130.43,0,0,149.28,-4.59,-171.44,144.69,-26.75,,,,,
1021,0,0,0,0,0,0,-40.51,-129.4,0,0,147.62,-4.64,-169.92,142.99,-26.93,,,,,
1031,0,0,0,0,0,0,-37.55,-130.35,0,0,149.01,-4.12,-167.9,144.89,-23.01,,,,,
1041,0,0,0,0,0,0,-38.9,-136.72,0,0,156.85,-4.37,-175.62,152.48,-23.14,,,,,
1051,0,0,0,0,0,0,-38.11,-122.68,0,0,139.91,-4.06,-160.78,135.85,-24.94,,,,,
1061,0,0,0,0,0,0,-35.62,-124.78,0,0,142.6,-4.13,-160.4,138.47,-21.93,,,,,
1071,0,0,0,0,0,0,-38.52,-123.22,0,0,143.14,-4.27,-161.73,138.87,-22.86,,,,,
1081,0,0,0,0,0,0,-40.5,-144.2,0,0,162.31,-4.51,-184.7,157.8,-26.91,,,,,
1091,0,0,0,0,0,0,-40.22,-148.36,0,0,161.35,-4.75,-188.59,156.6,-31.99,,,,,
1101,0,0,0,0,0,0,-39.9,-153.45,0,0,171.64,-4.58,-193.35,167.06,-26.29,,,,,
1111,0,0,0,0,0,0,-39.52,-149.7,0,0,168,-4.32,-189.21,163.68,-25.54,,,,,
1121,0,0,0,0,0,0,-38.28,-134.38,0,0,152.2,-4.36,-172.66,147.84,-24.82,,,,,
1131,0,0,0,0,0,0,-38.33,-133.01,0,0,151.05,-4.33,-171.35,146.72,-24.63,,,,,
1141,0,0,0,0,0,0,-40.5,-140.34,0,0,156.23,-4.54,-180.83,151.68,-29.15,,,,,
1151,0,0,0,0,0,0,-39.38,-132.14,0,0,148.81,-4.14,-171.52,144.67,-26.85,,,,,
1161,0,0,0,0,0,0,-40.57,-127.68,0,0,143.72,-4.36,-168.25,139.36,-28.89,,,,,
1171,0,0,0,0,0,0,-38.79,-131.6,0,0,150.21,-4.25,-170.39,145.96,-24.43,,,,,
1181,0,0,0,0,0,0,-37.88,-116.13,0,0,132.24,-4.08,-154.02,128.16,-25.86,,,,,
1191,0,0,0,0,0,0,-37.57,-129.07,0,0,145.56,-4.37,-166.64,141.19,-25.45,,,,,
1201,0,0,0,0,0,0,-43.28,-122.71,0,0,141.1,-4.88,-165.99,136.22,-29.77,,,,,
1211,0,0,0,0,0,0,-35.84,-116.1,0,0,132.58,-4.06,-151.94,128.52,-23.42,,,,,
1221,0,0,0,0,0,0,-39.88,-122.53,0,0,141.73,-4.54,-162.41,137.18,-25.23,,,,,
1231,0,0,0,0,0,0,-39.24,-132.15,0,0,151.41,-4.89,-171.39,146.52,-24.87,,,,,
1241,0,0,0,0,0,0,-38.9,-136.9,0,0,154.4,-4.68,-175.8,149.72,-26.08,,,,,
1251,0,0,0,0,0,0,-37.06,-134.99,0,0,150.97,-4.16,-172.06,146.81,-25.25,,,,,
1261,0,0,0,0,0,0,-38.56,-133.99,0,0,151.61,-4.45,-172.55,147.16,-25.39,,,,,
1271,0,0,0,0,0,0,-40.13,-112.68,0,0,131.43,-4.56,-152.81,126.86,-25.94,,,,,
1281,0,0,0,0,0,0,-39.01,-115.77,0,0,135.56,-4.61,-154.78,130.95,-23.83,,,,,
1291,0,0,0,0,0,0,-37.5,-120.08,0,0,138.85,-4.24,-157.57,134.62,-22.96,,,,,
1301,0,0,0,0,0,0,-41.42,-116.5,0,0,136.68,-4.76,-157.92,131.92,-26.01,,,,,
1311,0,0,0,0,0,0,-40.23,-128.84,0,0,146.49,-4.67,-169.07,141.82,-27.25,,,,,
1321,0,0,0,0,0,0,-41.77,-124.32,0,0,144.51,-4.55,-166.09,139.96,-26.13,,,,,
1331,0,0,0,0,0,0,-39.52,-134.76,0,0,151.54,-4.54,-174.28,146.99,-27.28,,,,,
1341,0,0,0,0,0,0,-38.35,-159.39,0,0,174.39,-4.6,-197.75,169.78,-27.96,,,,,
1351,0,0,0,0,0,0,-36.06,-141.48,0,0,157.41,-4.3,-177.53,153.11,-24.42,,,,,
1361,0,0,0,0,0,0,-39.57,-126.32,0,0,146.16,-4.7,-165.9,141.46,-24.44,,,,,
1371,0,0,0,0,0,0,-38.91,-125.65,0,0,144.35,-4.45,-164.56,139.9,-24.66,,,,,
1381,0,0,0,0,0,0,-37.27,-130.61,0,0,148.51,-4.4,-167.88,144.11,-23.77,,,,,
1391,0,0,0,0,0,0,-38.41,-124.18,0,0,142.72,-4.56,-162.58,138.16,-24.42,,,,,
1401,0,0,0,0,0,0,-37.8,-123.58,0,0,141.31,-4.29,-161.38,137.02,-24.35,,,,,
1411,0,0,0,0,0,0,-38.91,-117.89,0,0,135.54,-4.39,-156.8,131.15,-25.65,,,,,
1421,0,0,0,0,0,0,-39.76,-120.58,0,0,139.34,-4.43,-160.35,134.92,-25.43,,,,,
1431,0,0,0,0,0,0,-37.75,-116.88,0,0,135.33,-4.47,-154.63,130.85,-23.78,,,,,
1441,0,0,0,0,0,0,-38.47,-113.3,0,0,130.68,-4.38,-151.77,126.3,-25.48,,,,,
1451,0,0,0,0,0,0,-39.37,-117.66,0,0,135.89,-4.38,-157.04,131.5,-25.53,,,,,
1461,0,0,0,0,0,0,-35.85,-117.33,0,0,135.47,-4.19,-153.18,131.28,-21.9,,,,,
1471,0,0,0,0,0,0,-38.36,-136.99,0,0,153.58,-4.29,-175.36,149.29,-26.07,,,,,
1481,0,0,0,0,0,0,-35.72,-138.69,0,0,153.72,-4.11,-174.41,149.61,-24.8,,,,,
1491,0,0,0,0,0,0,-40.31,-130.72,0,0,149.75,-4.75,-171.03,145,-26.04,,,,,
1501,0,0,0,0,0,0,-39,-114.18,0,0,133.59,-4.56,-153.18,129.03,-24.15,,,,,
1511,0,0,0,0,0,0,-42.19,-128.73,0,0,148.24,-4.95,-170.92,143.29,-27.63,,,,,
1521,0,0,0,0,0,0,-40.92,-143,0,0,158.12,-4.63,-183.92,153.48,-30.43,,,,,
1531,0,0,0,0,0,0,-40.36,-138.4,0,0,156.06,-4.78,-178.76,151.28,-27.48,,,,,
1541,0,0,0,0,0,0,-33.99,-133.41,0,0,152.49,-4.75,-167.4,147.74,-19.66,,,,,
1551,0,0,0,0,0,0,-37.53,-114.71,0,0,132,-4.42,-152.24,127.58,-24.66,,,,,
1561,0,0,0,0,0,0,-40.11,-134.23,0,0,148.8,-4.63,-174.34,144.17,-30.17,,,,,
1571,0,0,0,0,0,0,-37.64,-122.75,0,0,139.48,-4.48,-160.4,135,-25.4,,,,,
1581,0,0,0,0,0,0,-38.07,-96.59,0,0,116.36,-4.39,-134.66,111.97,-22.69,,,,,
1591,0,0,0,0,0,0,-35.68,-103.81,0,0,122.36,-3.98,-139.49,118.37,-21.12,,,,,
1601,0,0,0,0,0,0,-37.73,-106.05,0,0,125.07,-3.97,-143.78,121.09,-22.68,,,,,
1611,0,0,0,0,0,0,-36.89,-126.55,0,0,146.71,-4.43,-163.44,142.28,-21.16,,,,,
1621,0,0,0,0,0,0,-39.72,-139.24,0,0,159.64,-4.48,-178.95,155.16,-23.79,,,,,
1631,0,0,0,0,0,0,-35.45,-118.83,0,0,135.55,-3.93,-154.28,131.62,-22.67,,,,,
1641,0,0,0,0,0,0,-38.05,-123.88,0,0,140.83,-4.17,-161.93,136.66,-25.27,,,,,
1651,0,0,0,0,0,0,-39.62,-119.75,0,0,136.32,-4.36,-159.36,131.96,-27.4,,,,,
1661,0,0,0,0,0,0,-39.2,-133.78,0,0,153.03,-4.47,-172.98,148.56,-24.42,,,,,
1671,0,0,0,0,0,0,-39.49,-128.61,0,0,146.59,-4.54,-168.09,142.05,-26.04,,,,,
1681,0,0,0,0,0,0,-39.15,-125.6,0,0,141.73,-4.44,-164.75,137.29,-27.46,,,,,
1691,0,0,0,0,0,0,-41.18,-127.24,0,0,144.04,-4.69,-168.43,139.35,-29.08,,,,,
1701,0,0,0,0,0,0,-40.92,-134.1,0,0,149.88,-4.76,-175.02,145.11,-29.9,,,,,
1711,0,0,0,0,0,0,-39.7,-127.12,0,0,145.02,-4.7,-166.82,140.31,-26.5,,,,,
1721,0,0,0,0,0,0,-38.72,-119.58,0,0,137.69,-4.46,-158.3,133.23,-25.07,,,,,
1731,0,0,0,0,0,0,-37.22,-130.91,0,0,148.22,-4.62,-168.13,143.6,-24.54,,,,,
1741,0,0,0,0,0,0,-41.18,-122.54,0,0,141.85,-4.8,-163.72,137.04,-26.68,,,,,
1751,0,0,0,0,0,0,-35.68,-138.02,0,0,155.9,-4.51,-173.71,151.39,-22.31,,,,,
1761,0,0,0,0,0,0,-41.76,-138.02,0,0,155.59,-4.8,-179.78,150.78,-29,,,,,
1771,0,0,0,0,0,0,-38.36,-138.46,0,0,156.17,-4.65,-176.82,151.52,-25.3,,,,,
1781,0,0,0,0,0,0,-41.94,-128.13,0,0,144.38,-4.77,-170.07,139.61,-30.46,,,,,
1791,0,0,0,0,0,0,-39.39,-134.33,0,0,152.28,-4.87,-173.72,147.41,-26.31,,,,,
1801,0,0,0,0,0,0,-36.72,-133.56,0,0,151.38,-4.74,-170.28,146.64,-23.64,,,,,
1811,0,0,0,0,0,0,-38,-126.09,0,0,143.1,-4.43,-164.09,138.68,-25.41,,,,,
1821,0,0,0,0,0,0,-38.3,-124.29,0,0,139.7,-4.63,-162.59,135.07,-27.52,,,,,
1831,0,0,0,0,0,0,-35.19,-132.55,0,0,148.16,-4.18,-167.74,143.97,-23.77,,,,,
1841,0,0,0,0,0,0,-37.98,-119.89,0,0,137.04,-4.09,-157.87,132.95,-24.92,,,,,
1851,0,0,0,0,0,0,-38.34,-122.84,0,0,139.21,-4.55,-161.18,134.66,-26.52,,,,,
1861,0,0,0,0,0,0,-40.25,-129.56,0,0,146.82,-4.82,-169.8,142,-27.8,,,,,
1871,0,0,0,0,0,0,-41.36,-127.52,0,0,146.16,-4.72,-168.88,141.44,-27.44,,,,,
1881,0,0,0,0,0,0,-39.71,-140.79,0,0,157.2,-4.44,-180.5,152.76,-27.73,,,,,
1891,0,0,0,0,0,0,-40.73,-119.44,0,0,137.91,-4.68,-160.17,133.23,-26.94,,,,,
1901,0,0,0,0,0,0,-39.15,-122.51,0,0,139.27,-4.25,-161.66,135.02,-26.63,,,,,
1911,0,0,0,0,0,0,-39.71,-131.03,0,0,150.87,-4.35,-170.74,146.53,-24.21,,,,,
1921,0,0,0,0,0,0,-38.29,-117.68,0,0,133.81,-4.47,-155.96,129.34,-26.62,,,,,
1931,0,0,0,0,0,0,-40.03,-123.04,0,0,141.32,-4.59,-163.07,136.74,-26.33,,,,,
1941,0,0,0,0,0,0,-35.84,-119.4,0,0,137.17,-4.08,-155.23,133.08,-22.15,,,,,
1951,0,0,0,0,0,0,-36.45,-127.79,0,0,147.14,-4.3,-164.24,142.84,-21.4,,,,,
1961,0,0,0,0,0,0,-37.42,-111.79,0,0,130.03,-4.06,-149.21,125.97,-23.24,,,,,
1971,0,0,0,0,0,0,-37.51,-106.03,0,0,124.14,-4.28,-143.54,119.86,-23.67,,,,,
1981,0,0,0,0,0,0,-38.98,-108.31,0,0,127.98,-4.37,-147.28,123.61,-23.67,,,,,
1991,0,0,0,0,0,0,-37.9,-123.75,0,0,140.43,-4.18,-161.65,136.25,-25.4,,,,,
2001,0,0,0,0,0,0,-39.9,-113,0,0,130.33,-4.34,-152.89,126,-26.9,,,,,
2011,0,0,0,0,0,0,-36.41,-108.14,0,0,126.18,-4.31,-144.55,121.87,-22.68,,,,,
2021,0,0,0,0,0,0,-37.47,-122.03,0,0,140.95,-4.47,-159.5,136.49,-23.02,,,,,
2031,0,0,0,0,0,0,-36.96,-136.61,0,0,153.81,-4.16,-173.57,149.65,-23.92,,,,,
2041,0,0,0,0,0,0,-39.52,-115.61,0,0,133.89,-4.43,-155.13,129.46,-25.67,,,,,
2051,0,0,0,0,0,0,-36.19,-114.4,0,0,132.17,-4.33,-150.59,127.84,-22.74,,,,,
2061,0,0,0,0,0,0,-38.82,-122.04,0,0,140.1,-4.25,-160.86,135.86,-25,,,,,
2071,0,0,0,0,0,0,-39.55,-112.41,0,0,131.32,-4.47,-151.96,126.85,-25.12,,,,,
2081,0,0,0,0,0,0,-38.41,-118.37,0,0,137.02,-4.36,-156.78,132.66,-24.11,,,,,
2091,0,0,0,0,0,0,-38.82,-116.56,0,0,135.52,-4.48,-155.38,131.05,-24.33,,,,,
2101,0,0,0,0,0,0,-39.61,-106.28,0,0,125.86,-4.51,-145.89,121.35,-24.53,,,,,
2111,0,0,0,0,0,0,-39.12,-107.67,0,0,127.49,-4.36,-146.78,123.13,-23.65,,,,,
2121,0,0,0,0,0,0,-39.26,-109.79,0,0,129.93,-4.47,-149.06,125.45,-23.61,,,,,
2131,0,0,0,0,0,0,-39.13,-107.3,0,0,126.87,-4.61,-146.43,122.26,-24.18,,,,,
2141,0,0,0,0,0,0,-37.48,-126.25,0,0,143.02,-4.43,-163.73,138.6,-25.13,,,,,
2151,0,0,0,0,0,0,-35.77,-121.19,0,0,139.08,-4.42,-156.96,134.66,-22.3,,,,,
2161,0,0,0,0,0,0,-38.57,-108.22,0,0,126.85,-4.56,-146.8,122.29,-24.5,,,,,
2171,0,0,0,0,0,0,-36.76,-122.5,0,0,141.71,-4.54,-159.26,137.17,-22.09,,,,,
2181,0,0,0,0,0,0,-39.86,-120.56,0,0,139.21,-4.23,-160.42,134.98,-25.44,,,,,
2191,0,0,0,0,0,0,-37.41,-117.9,0,0,137.02,-4.46,-155.32,132.55,-22.76,,,,,
2201,0,0,0,0,0,0,-36.78,-124.01,0,0,142.81,-4.54,-160.79,138.27,-22.52,,,,,
2211,0,0,0,0,0,0,-35.9,-113.02,0,0,130.62,-4.22,-148.92,126.41,-22.51,,,,,
2221,0,0,0,0,0,0,-35.99,-125.93,0,0,142.91,-4.17,-161.92,138.74,-23.18,,,,,
2231,0,0,0,0,0,0,-37.43,-125.11,0,0,143.98,-4.23,-162.54,139.75,-22.78,,,,,
2241,0,0,0,0,0,0,-35.8,-133.05,0,0,151.65,-4.06,-168.84,147.59,-21.25,,,,,
2251,0,0,0,0,0,0,-40.81,-124.46,0,0,142.98,-4.62,-165.27,138.36,-26.91,,,,,
2261,0,0,0,0,0,0,-33.93,-130.18,0,0,144.58,-3.53,-164.11,141.06,-23.06,,,,,
2271,0,0,0,0,0,0,-38.83,-112.12,0,0,131.41,-4.43,-150.95,126.98,-23.97,,,,,
2281,0,0,0,0,0,0,-39.08,-112.28,0,0,130.85,-4.59,-151.36,126.25,-25.11,,,,,
2291,0,0,0,0,0,0,-37.54,-121.04,0,0,139.89,-4.29,-158.57,135.6,-22.97,,,,,
2301,0,0,0,0,0,0,-36.57,-126.84,0,0,144.03,-4.37,-163.41,139.66,-23.75,,,,,
2311,0,0,0,0,0,0,-33.3,-126.37,0,0,142.72,-4.02,-159.67,138.7,-20.97,,,,,
2321,0,0,0,0,0,0,-36.82,-126.86,0,0,143.29,-4.17,-163.68,139.12,-24.56,,,,,
2331,0,0,0,0,0,0,-35.42,-133.08,0,0,149.7,-3.96,-168.5,145.74,-22.76,,,,,
2341,0,0,0,0,0,0,-34.39,-124,0,0,142.41,-4.09,-158.4,138.32,-20.08,,,,,
2351,0,0,0,0,0,0,-34.35,-129.55,0,0,146.19,-3.89,-163.9,142.3,-21.6,,,,,
2361,0,0,0,0,0,0,-37.52,-125.72,0,0,142.8,-4.22,-163.24,138.58,-24.66,,,,,
2371,0,0,0,0,0,0,-36.73,-128.98,0,0,145.49,-4.19,-165.71,141.3,-24.41,,,,,
2381,0,0,0,0,0,0,-36.84,-131.42,0,0,148.34,-4.17,-168.26,144.18,-24.08,,,,,
2391,0,0,0,0,0,0,-35.59,-123.55,0,0,140.91,-4.21,-159.14,136.71,-22.44,,,,,
2401,0,0,0,0,0,0,-31.2,-142.7,0,0,158.11,-3.83,-173.9,154.28,-19.62,,,,,
2411,0,0,0,0,0,0,-38.16,-127.2,0,0,145.62,-4.23,-165.36,141.38,-23.98,,,,,
2421,0,0,0,0,0,0,-39.53,-119.2,0,0,139.28,-4.41,-158.72,134.87,-23.85,,,,,
2431,0,0,0,0,0,0,-37.57,-120.59,0,0,137.47,-4.48,-158.15,132.99,-25.17,,,,,
2441,0,0,0,0,0,0,-37,-132.03,0,0,148.65,-4.3,-169.03,144.35,-24.68,,,,,
2451,0,0,0,0,0,0,-39.12,-128.43,0,0,147.85,-4.52,-167.55,143.33,-24.22,,,,,
2461,0,0,0,0,0,0,-35.56,-126.82,0,0,143.66,-4.03,-162.37,139.64,-22.74,,,,,
2471,0,0,0,0,0,0,-38.81,-124.96,0,0,144.87,-4.39,-163.77,140.49,-23.28,,,,,
2481,0,0,0,0,0,0,-37.73,-118.39,0,0,136.13,-4.45,-156.13,131.67,-24.45,,,,,
2491,0,0,0,0,0,0,-35.57,-127.85,0,0,144.34,-4.13,-163.43,140.2,-23.22,,,,,
2501,0,0,0,0,0,0,-33.64,-132.97,0,0,151.86,-4.21,-166.61,147.65,-18.97,,,,,
2511,0,0,0,0,0,0,-40.4,-128.06,0,0,146.34,-4.47,-168.46,141.87,-26.58,,,,,
2521,0,0,0,0,0,0,-33.84,-124.06,0,0,140.61,-3.98,-157.9,136.63,-21.28,,,,,
2531,0,0,0,0,0,0,-37.08,-126.29,0,0,144.66,-4.19,-163.37,140.47,-22.91,,,,,
2541,0,0,0,0,0,0,-35.34,-123.84,0,0,141.73,-4.2,-159.18,137.53,-21.64,,,,,
2551,0,0,0,0,0,0,-35.76,-124.95,0,0,142.02,-4.08,-160.71,137.95,-22.76,,,,,
2561,0,0,0,0,0,0,-35.94,-122.1,0,0,140.41,-3.98,-158.05,136.43,-21.62,,,,,
2571,0,0,0,0,0,0,-35.55,-115.59,0,0,131.72,-4.13,-151.14,127.58,-23.56,,,,,
2581,0,0,0,0,0,0,-35.48,-119.78,0,0,136.03,-3.97,-155.26,132.05,-23.2,,,,,
2591,0,0,0,0,0,0,-37.36,-113.4,0,0,133.04,-4.29,-150.76,128.76,-22,,,,,
2601,0,0,0,0,0,0,-34.72,-129.33,0,0,145.14,-4.25,-164.05,140.89,-23.16,,,,,
2611,0,0,0,0,0,0,-35.43,-123.43,0,0,140.16,-4.21,-158.85,135.95,-22.91,,,,,
2621,0,0,0,0,0,0,-35.59,-126.98,0,0,145.42,-4,-162.57,141.42,-21.16,,,,,
2631,0,0,0,0,0,0,-35.57,-117.73,0,0,135.4,-4.22,-153.3,131.18,-22.12,,,,,
2641,0,0,0,0,0,0,-39.27,-119.57,0,0,139.9,-4.94,-158.85,134.96,-23.89,,,,,
2651,0,0,0,0,0,0,-38.11,-133.92,0,0,151.55,-4.38,-172.03,147.17,-24.87,,,,,
2661,0,0,0,0,0,0,-33.51,-133.66,0,0,149.53,-4.44,-167.18,145.09,-22.09,,,,,
2671,0,0,0,0,0,0,-34.58,-127.1,0,0,143.97,-4.16,-161.67,139.81,-21.87,,,,,
2681,0,0,0,0,0,0,-39.29,-129.95,0,0,147.83,-4.32,-169.24,143.52,-25.72,,,,,
2691,0,0,0,0,0,0,-38.36,-132.98,0,0,147.23,-4.49,-171.34,142.75,-28.6,,,,,
2701,0,0,0,0,0,0,-36.43,-121.48,0,0,141.93,-4.6,-157.91,137.33,-20.58,,,,,
2711,0,0,0,0,0,0,-35.4,-121.58,0,0,140.12,-4.12,-156.98,136,-20.98,,,,,
2721,0,0,0,0,0,0,-37.29,-130.4,0,0,148.52,-4.58,-167.69,143.94,-23.74,,,,,
2731,0,0,0,0,0,0,-36.58,-121.11,0,0,139.18,-4.14,-157.69,135.04,-22.64,,,,,
2741,0,0,0,0,0,0,-35.02,-120.89,0,0,139.32,-4.31,-155.91,135.01,-20.9,,,,,
2751,0,0,0,0,0,0,-37.69,-122.36,0,0,140.92,-4.33,-160.04,136.59,-23.46,,,,,
2761,0,0,0,0,0,0,-35.28,-112.92,0,0,130.68,-3.9,-148.2,126.78,-21.42,,,,,
2771,0,0,0,0,0,0,-36.02,-107.45,0,0,126.22,-4.4,-143.46,121.82,-21.64,,,,,
2781,0,0,0,0,0,0,-38.91,-117.87,0,0,135.53,-4.29,-156.78,131.24,-25.54,,,,,
2791,0,0,0,0,0,0,-36.26,-118.69,0,0,136.18,-4.19,-154.95,131.98,-22.97,,,,,
2801,0,0,0,0,0,0,-35.12,-121.98,0,0,139.91,-4.26,-157.11,135.66,-21.45,,,,,
2811,0,0,0,0,0,0,-38.46,-108.35,0,0,126.57,-4.44,-146.81,122.13,-24.67,,,,,
2821,0,0,0,0,0,0,-31.08,-133.12,0,0,148.44,-4.1,-164.2,144.34,-19.86,,,,,
2831,0,0,0,0,0,0,-38.82,-102.71,0,0,120.71,-4.35,-141.53,116.36,-25.17,,,,,
2841,0,0,0,0,0,0,-36.61,-126.86,0,0,145.16,-4.3,-163.47,140.86,-22.61,,,,,
2851,0,0,0,0,0,0,-33.28,-133.33,0,0,148.79,-3.77,-166.61,145.02,-21.59,,,,,
2861,0,0,0,0,0,0,-39.11,-116.45,0,0,136.83,-4.43,-155.56,132.4,-23.16,,,,,
2871,0,0,0,0,0,0,-37.2,-120.6,0,0,137.34,-4.45,-157.81,132.89,-24.92,,,,,
2881,0,0,0,0,0,0,-36.57,-114.45,0,0,133.48,-4.34,-151.02,129.14,-21.87,,,,,
2891,0,0,0,0,0,0,-37.66,-109.47,0,0,129.79,-4.16,-147.12,125.63,-21.49,,,,,
2901,0,0,0,0,0,0,-33.62,-120.29,0,0,135.73,-3.8,-153.91,131.93,-21.98,,,,,
2911,0,0,0,0,0,0,-32.94,-103.93,0,0,121.6,-3.89,-136.87,117.72,-19.16,,,,,
2921,0,0,0,0,0,0,-34.87,-112.81,0,0,129.54,-4.09,-147.68,125.45,-22.23,,,,,
2931,0,0,0,0,0,0,-37.78,-119.04,0,0,138.32,-4.45,-156.81,133.87,-22.94,,,,,
2941,0,0,0,0,0,0,-37.98,-118.73,0,0,139.51,-4.54,-156.71,134.97,-21.74,,,,,
2951,0,0,0,0,0,0,-32.1,-110.83,0,0,128.25,-4.13,-142.93,124.12,-18.81,,,,,
2961,0,0,0,0,0,0,-37.6,-136.91,0,0,154.38,-4.47,-174.52,149.91,-24.61,,,,,
2971,0,0,0,0,0,0,-37.58,-125.93,0,0,143.77,-4.22,-163.51,139.55,-23.95,,,,,
2981,0,0,0,0,0,0,-35.5,-120.77,0,0,138.23,-4.23,-156.27,134,-22.26,,,,,
2991,0,0,0,0,0,0,-35.38,-132.69,0,0,150.44,-4.43,-168.07,146.01,-22.06,,,,,
3001,0,0,0,0,0,0,-37.89,-112.2,0,0,130.82,-3.96,-150.09,126.85,-23.24,,,,,
3011,0,0,0,0,0,0,-38.63,-127.66,0,0,146.06,-4.48,-166.29,141.58,-24.71,,,,,
3021,0,0,0,0,0,0,-37.56,-122.59,0,0,139.71,-4.25,-160.15,135.46,-24.69,,,,,
3031,0,0,0,0,0,0,-38.41,-135.46,0,0,153.29,-4.43,-173.87,148.86,-25.01,,,,,
3041,0,0,0,0,0,0,-34.89,-129.81,0,0,145.45,-4.11,-164.7,141.35,-23.35,,,,,
3051,0,0,0,0,0,0,-38.44,-121.84,0,0,140.44,-4.47,-160.28,135.97,-24.31,,,,,
3061,0,0,0,0,0,0,-38.41,-118.21,0,0,134.8,-4.25,-156.61,130.55,-26.06,,,,,
3071,0,0,0,0,0,0,-37.81,-123.17,0,0,140.8,-4.38,-160.98,136.42,-24.56,,,,,
3081,0,0,0,0,0,0,-35.59,-113.93,0,0,132.39,-4.26,-149.51,128.13,-21.38,,,,,
3091,0,0,0,0,0,0,-35.12,-121.99,0,0,139.22,-4.09,-157.12,135.12,-21.99,,,,,
3101,0,0,0,0,0,0,-35.6,-122.36,0,0,139.04,-4.38,-157.95,134.66,-23.29,,,,,
3111,0,0,0,0,0,0,-35.9,-120.22,0,0,137.45,-4.13,-156.12,133.32,-22.8,,,,,
3121,0,0,0,0,0,0,-34.8,-133.89,0,0,150.59,-4.05,-168.69,146.54,-22.15,,,,,
3131,0,0,0,0,0,0,-39.25,-122.6,0,0,141.26,-4.39,-161.85,136.87,-24.98,,,,,
3141,0,0,0,0,0,0,-35.93,-127.63,0,0,145.45,-4.11,-163.56,141.34,-22.22,,,,,
3151,0,0,0,0,0,0,-37.26,-126.88,0,0,143.85,-4.27,-164.14,139.59,-24.56,,,,,
3161,0,0,0,0,0,0,-36.75,-126.96,0,0,145.52,-4.38,-163.7,141.14,-22.57,,,,,
3171,0,0,0,0,0,0,-34.47,-129.06,0,0,145.33,-4.06,-163.53,141.27,-22.27,,,,,
3181,0,0,0,0,0,0,-38.63,-130.47,0,0,147.62,-4.34,-169.1,143.28,-25.82,,,,,
3191,0,0,0,0,0,0,-35.99,-132.4,0,0,146.52,-4.32,-168.39,142.19,-26.2,,,,,
3201,0,0,0,0,0,0,-36.65,-126.53,0,0,143.52,-4.21,-163.18,139.3,-23.88,,,,,
3211,0,0,0,0,0,0,-29.39,-126.85,0,0,143.44,-3.98,-156.24,139.46,-16.77,,,,,
3221,0,0,0,0,0,0,-35.57,-117.9,0,0,134.58,-4.32,-153.47,130.26,-23.21,,,,,
3231,0,0,0,0,0,0,-37.29,-129.81,0,0,144.38,-4.32,-167.09,140.06,-27.03,,,,,
3241,0,0,0,0,0,0,-35.07,-116.36,0,0,135.56,-4.13,-151.43,131.42,-20.01,,,,,
3251,0,0,0,0,0,0,-37.68,-126.66,0,0,143.59,-4.32,-164.34,139.27,-25.07,,,,,
3261,0,0,0,0,0,0,-34.21,-112.78,0,0,129.72,-4.11,-146.99,125.61,-21.38,,,,,
3271,0,0,0,0,0,0,-37.13,-118.17,0,0,135.43,-4.24,-155.3,131.19,-24.11,,,,,
3281,0,0,0,0,0,0,-37.13,-124.12,0,0,140.14,-4.11,-161.25,136.03,-25.22,,,,,
3291,0,0,0,0,0,0,-37.48,-130.41,0,0,145.41,-4.44,-167.88,140.97,-26.92,,,,,
3301,0,0,0,0,0,0,-37.52,-127.34,0,0,145.33,-4.41,-164.86,140.92,-23.95,,,,,
3311,0,0,0,0,0,0,-37.73,-112.12,0,0,132.88,-4.57,-149.85,128.31,-21.54,,,,,
3321,0,0,0,0,0,0,-36.58,-105.77,0,0,125.37,-4.27,-142.35,121.1,-21.25,,,,,
3331,0,0,0,0,0,0,-35.74,-119.05,0,0,135.14,-4.01,-154.79,131.13,-23.66,,,,,
3341,0,0,0,0,0,0,-39.78,-131.25,0,0,148.18,-4.5,-171.02,143.69,-27.34,,,,,
3351,0,0,0,0,0,0,-35.99,-116.43,0,0,134.58,-4.25,-152.42,130.33,-22.1,,,,,
3361,0,0,0,0,0,0,-37.22,-117.76,0,0,136.6,-4.46,-154.98,132.15,-22.83,,,,,
3371,0,0,0,0,0,0,-38.22,-126.99,0,0,144.95,-4.44,-165.21,140.51,-24.7,,,,,
3381,0,0,0,0,0,0,-37.05,-123.57,0,0,141.6,-4.51,-160.62,137.09,-23.53,,,,,
3391,0,0,0,0,0,0,-37.08,-126.55,0,0,143.39,-4.22,-163.62,139.16,-24.46,,,,,
3401,0,0,0,0,0,0,-37.04,-122.41,0,0,140.33,-4.3,-159.45,136.02,-23.43,,,,,
3411,0,0,0,0,0,0,-37.05,-109.41,0,0,128.49,-4.26,-146.46,124.23,-22.22,,,,,
3421,0,0,0,0,0,0,-36.84,-124.42,0,0,142.71,-4.42,-161.26,138.29,-22.97,,,,,
3431,0,0,0,0,0,0,-37.99,-127,0,0,144.13,-4.32,-164.99,139.82,-25.17,,,,,
3441,0,0,0,0,0,0,-35.46,-117.38,0,0,133.83,-4.07,-152.84,129.76,-23.08,,,,,
3451,0,0,0,0,0,0,-37.31,-130.77,0,0,148.78,-4.55,-168.08,144.24,-23.85,,,,,
3461,0,0,0,0,0,0,-39.6,-121.13,0,0,140.3,-4.44,-160.73,135.86,-24.87,,,,,
3471,0,0,0,0,0,0,-37.42,-128.15,0,0,146.41,-4.41,-165.56,142,-23.56,,,,,
3481,0,0,0,0,0,0,-36.78,-122.88,0,0,140.32,-4.21,-159.67,136.11,-23.56,,,,,
3491,0,0,0,0,0,0,-35.34,-129.27,0,0,145.29,-4.12,-164.61,141.17,-23.44,,,,,
3501,0,0,0,0,0,0,-38.85,-117.07,0,0,133.89,-4.37,-155.92,129.52,-26.4,,,,,
3511,0,0,0,0,0,0,-34.14,-129.76,0,0,145.49,-4.2,-163.9,141.29,-22.61,,,,,
3521,0,0,0,0,0,0,-36.18,-128.34,0,0,144.66,-4.13,-164.52,140.54,-23.99,,,,,
3531,0,0,0,0,0,0,-38.42,-126.62,0,0,143.44,-4.52,-165.04,138.92,-26.12,,,,,
3541,0,0,0,0,0,0,-35.73,-116.52,0,0,133.86,-4.36,-152.26,129.5,-22.76,,,,,
3551,0,0,0,0,0,0,-40.61,-121.45,0,0,139.23,-4.49,-162.06,134.74,-27.32,,,,,
3561,0,0,0,0,0,0,-36.57,-99.08,0,0,118.83,-4.33,-135.66,114.5,-21.16,,,,,
3571,0,0,0,0,0,0,-35.18,-117.98,0,0,135.75,-4.04,-153.15,131.7,-21.45,,,,,
3581,0,0,0,0,0,0,-37.29,-121.25,0,0,140.27,-4.27,-158.53,136,-22.53,,,,,
3591,0,0,0,0,0,0,-39.14,-127.55,0,0,146.59,-4.42,-166.69,142.16,-24.52,,,,,
3601,0,0,0,0,0,0,-34.15,-130.56,0,0,148.57,-4.26,-164.71,144.31,-20.4,,,,,
3611,0,0,0,0,0,0,-38.82,-126.54,0,0,145.2,-4.36,-165.36,140.84,-24.51,,,,,
3621,0,0,0,0,0,0,-36.62,-119.2,0,0,138.89,-4.28,-155.82,134.61,-21.21,,,,,
3631,0,0,0,0,0,0,-36.78,-120.63,0,0,137.1,-4.36,-157.41,132.74,-24.67,,,,,
3641,0,0,0,0,0,0,-36.1,-131.67,0,0,146.62,-4.28,-167.77,142.33,-25.43,,,,,
3651,0,0,0,0,0,0,-39.62,-135.22,0,0,151.86,-4.67,-174.84,147.2,-27.65,,,,,
3661,0,0,0,0,0,0,-36.95,-118.19,0,0,135.92,-4.45,-155.14,131.47,-23.67,,,,,
3671,0,0,0,0,0,0,-38.29,-113.05,0,0,130.67,-4.26,-151.34,126.41,-24.93,,,,,
3681,0,0,0,0,0,0,-40.68,-129.77,0,0,147.86,-4.58,-170.44,143.28,-27.17,,,,,
3691,0,0,0,0,0,0,-40.17,-134.46,0,0,155.2,-4.75,-174.63,150.44,-24.19,,,,,
3701,0,0,0,0,0,0,-36.92,-122.63,0,0,138.5,-4.05,-159.56,134.44,-25.12,,,,,
3711,0,0,0,0,0,0,0,24.59,0,0,-24.59,0,24.59,-24.59,0,,,,,
3721,0,0,0,0,0,0,-37.09,-133.7,0,0,152.44,-4.53,-170.79,147.91,-22.87,,,,,
3731,0,0,0,0,0,0,-37.6,-129.99,0,0,147.38,-4.35,-167.6,143.04,-24.56,,,,,
3741,0,0,0,0,0,0,-36.85,-124.04,0,0,143.01,-4.36,-160.89,138.65,-22.24,,,,,
3751,0,0,0,0,0,0,-34.96,-126.79,0,0,144.77,-4.32,-161.75,140.45,-21.3,,,,,
3761,0,0,0,0,0,0,-36.83,-122.47,0,0,140.11,-4.2,-159.3,135.91,-23.4,,,,,
3771,0,0,0,0,0,0,-39.56,-125.04,0,0,144.17,-4.48,-164.6,139.69,-24.91,,,,,
3781,0,0,0,0,0,0,-37.05,-132.31,0,0,152.22,-4.53,-169.36,147.69,-21.67,,,,,
3791,0,0,0,0,0,0,-35.35,-127.42,0,0,145.24,-4.01,-162.77,141.23,-21.54,,,,,
3801,0,0,0,0,0,0,-38.05,-118.99,0,0,136.55,-4.44,-157.05,132.1,-24.94,,,,,
3811,0,0,0,0,0,0,-35.79,-123.72,0,0,142.06,-4.28,-159.51,137.78,-21.73,,,,,
3821,0,0,0,0,0,0,-36.66,-115.36,0,0,134.47,-4.06,-152.02,130.41,-21.6,,,,,
3831,0,0,0,0,0,0,-35.81,-122.85,0,0,140.3,-4.31,-158.65,135.99,-22.66,,,,,
3841,0,0,0,0,0,0,-39.67,-122.62,0,0,142.67,-4.28,-162.29,138.39,-23.9,,,,,
3851,0,0,0,0,0,0,-36.38,-112.22,0,0,130.69,-4.39,-148.6,126.31,-22.29,,,,,
3861,0,0,0,0,0,0,-36.76,-114.62,0,0,131.26,-4.25,-151.38,127.01,-24.37,,,,,
3871,0,0,0,0,0,0,-35.93,-107.38,0,0,125.26,-3.99,-143.3,121.27,-22.03,,,,,
3881,0,0,0,0,0,0,-33.29,-112.7,0,0,128.81,-3.92,-145.99,124.88,-21.1,,,,,
3891,0,0,0,0,0,0,-34.28,-119.42,0,0,137.82,-4.43,-153.7,133.39,-20.31,,,,,
3901,0,0,0,0,0,0,-37.19,-125.05,0,0,141.37,-4.27,-162.24,137.1,-25.13,,,,,
3911,0,0,0,0,0,0,-33.57,-127.38,0,0,144.12,-4.01,-160.95,140.11,-20.84,,,,,
3921,0,0,0,0,0,0,-38.34,-122.09,0,0,139.45,-4.33,-160.42,135.12,-25.31,,,,,
3931,0,0,0,0,0,0,-40.16,-127.26,0,0,146.03,-4.6,-167.42,141.44,-25.98,,,,,
3941,0,0,0,0,0,0,-34.8,-118.36,0,0,136.8,-4.18,-153.16,132.62,-20.54,,,,,
3951,0,0,0,0,0,0,-32.61,-126.68,0,0,140.31,-3.81,-159.29,136.49,-22.79,,,,,
3961,0,0,0,0,0,0,-37.79,-123.06,0,0,140.04,-4.24,-160.85,135.8,-25.04,,,,,
3971,0,0,0,0,0,0,-36.36,-127.3,0,0,143.15,-3.98,-163.66,139.16,-24.5,,,,,
3981,0,0,0,0,0,0,-36.36,-131.87,0,0,149.59,-4.24,-168.23,145.34,-22.89,,,,,
3991,0,0,0,0,0,0,-39.63,-134.83,0,0,153.78,-4.45,-174.45,149.33,-25.13,,,,,
4001,0,0,0,0,0,0,-34.61,-126.26,0,0,143.11,-4.18,-160.87,138.93,-21.94,,,,,
4011,0,0,0,0,0,0,-35.82,-130.76,0,0,148.01,-4.22,-166.59,143.79,-22.79,,,,,
4021,0,0,0,0,0,0,-38.1,-127.84,0,0,146.07,-4.36,-165.94,141.71,-24.23,,,,,
4031,0,0,0,0,0,0,-35.49,-111.82,0,0,129.09,-4.07,-147.31,125.03,-22.28,,,,,
4041,0,0,0,0,0,0,-33.26,-114.64,0,0,131.09,-3.76,-147.89,127.32,-20.57,,,,,
4051,0,0,0,0,0,0,-36.28,-121.13,0,0,139.44,-4.06,-157.41,135.37,-22.04,,,,,
4061,0,0,0,0,0,0,-34.41,-119.23,0,0,139.43,-4.38,-153.64,135.05,-18.59,,,,,
4071,0,0,0,0,0,0,-37.26,-134.84,0,0,150.45,-4.4,-172.09,146.05,-26.04,,,,,
4081,0,0,0,0,0,0,-33.02,-136.13,0,0,152.41,-3.66,-169.15,148.75,-20.4,,,,,
4091,0,0,0,0,0,0,-34.26,-128.07,0,0,146.11,-3.39,-162.33,142.72,-19.61,,,,,
4101,0,0,0,0,0,0,-34,-150.38,0,0,163.91,-4.34,-184.38,159.57,-24.81,,,,,
4111,0,0,0,0,0,0,-37.51,-136.69,0,0,152.68,-4.5,-174.2,148.18,-26.02,,,,,
4121,0,0,0,0,0,0,-32.24,-139.15,0,0,148.46,-4.23,-171.39,144.23,-27.16,,,,,
4131,0,0,0,0,0,0,-35.82,-144.82,0,0,157.51,-4.18,-180.63,153.33,-27.3,,,,,
4141,0,0,0,0,0,0,-36.11,-139.82,0,0,153.03,-4.38,-175.93,148.65,-27.27,,,,,
4151,0,0,0,0,0,0,-33.42,-144.6,0,0,155.19,-4.21,-178.01,150.99,-27.03,,,,,
4161,0,0,0,0,0,0,-35.3,-138.28,0,0,157.87,-3.92,-173.57,153.94,-19.63,,,,,
4171,0,0,0,0,0,0,-30.96,-147.84,0,0,158.35,-4.52,-178.8,153.82,-24.98,,,,,
4181,0,0,0,0,0,0,-37.62,-130.53,0,0,146.51,-4.22,-168.16,142.29,-25.87,,,,,
4191,0,0,0,0,0,0,-38.79,-129.5,0,0,147.32,-4.42,-168.29,142.91,-25.38,,,,,
4201,0,0,0,0,0,0,-34.88,-126.57,0,0,144.99,-4.1,-161.45,140.89,-20.56,,,,,
4211,0,0,0,0,0,0,-35.49,-130.36,0,0,147.39,-3.93,-165.85,143.47,-22.38,,,,,
4221,0,0,0,0,0,0,-34.15,-120.5,0,0,137.01,-4.42,-154.66,132.59,-22.07,,,,,
4231,0,0,0,0,0,0,-36.71,-130.33,0,0,147.58,-4.15,-167.04,143.43,-23.61,,,,,
4241,0,0,0,0,0,0,-37.16,-132.43,0,0,149.28,-4.26,-169.59,145.02,-24.57,,,,,
4251,0,0,0,0,0,0,-35.66,-134.41,0,0,151.38,-4.26,-170.07,147.12,-22.95,,,,,
4261,0,0,0,0,0,0,-34.66,-121.12,0,0,136.44,-3.91,-155.78,132.52,-23.26,,,,,
4271,0,0,0,0,0,0,-35.67,-125.89,0,0,142.69,-4.06,-161.56,138.63,-22.93,,,,,
4281,0,0,0,0,0,0,-37.41,-119.99,0,0,136.31,-4.18,-157.4,132.13,-25.27,,,,,
4291,0,0,0,0,0,0,-33.61,-130.54,0,0,147.22,-4.09,-164.15,143.13,-21.03,,,,,
4301,0,0,0,0,0,0,-34.68,-126.57,0,0,143.9,-3.99,-161.25,139.91,-21.34,,,,,
4311,0,0,0,0,0,0,-35.76,-128.4,0,0,145.24,-3.91,-164.15,141.33,-22.82,,,,,
4321,0,0,0,0,0,0,-31.9,-112.74,0,0,129.96,-3.67,-144.63,126.29,-18.35,,,,,
4331,0,0,0,0,0,0,-33.77,-115.06,0,0,132.57,-3.89,-148.83,128.69,-20.15,,,,,
4341,0,0,0,0,0,0,-35.1,-118.39,0,0,139.47,-4.14,-153.49,135.33,-18.16,,,,,
4351,0,0,0,0,0,0,-37.44,-100.31,0,0,118.45,-4.44,-137.75,114.02,-23.74,,,,,
4361,0,0,0,0,0,0,-38.39,-121.19,0,0,138.12,-4.11,-159.58,134.01,-25.57,,,,,
4371,0,0,0,0,0,0,-37.95,-112.23,0,0,129.92,-4.29,-150.18,125.63,-24.55,,,,,
4381,0,0,0,0,0,0,-37.55,-113.03,0,0,130.11,-4.38,-150.58,125.73,-24.85,,,,,
4391,0,0,0,0,0,0,-36.3,-124.27,0,0,140.92,-4.31,-160.57,136.61,-23.96,,,,,
4401,0,0,0,0,0,0,-38,-114.58,0,0,132.55,-4.33,-152.59,128.21,-24.37,,,,,
4411,0,0,0,0,0,0,-36.61,-114.34,0,0,131.45,-4.13,-150.95,127.32,-23.63,,,,,
4421,0,0,0,0,0,0,-37.25,-112.74,0,0,130.56,-4.46,-149.99,126.09,-23.89,,,,,
4431,0,0,0,0,0,0,-36.28,-110.86,0,0,128.86,-4.15,-147.15,124.72,-22.43,,,,,
4441,0,0,0,0,0,0,-35.3,-117.66,0,0,134.15,-3.92,-152.96,130.24,-22.72,,,,,
4451,0,0,0,0,0,0,-38.42,-111.4,0,0,128.75,-4.26,-149.82,124.49,-25.33,,,,,
4461,0,0,0,0,0,0,-36.4,-110.88,0,0,128.67,-3.98,-147.28,124.69,-22.59,,,,,
4471,0,0,0,0,0,0,-37.51,-116.87,0,0,135.09,-4.33,-154.38,130.76,-23.62,,,,,
4481,0,0,0,0,0,0,-36.08,-132.92,0,0,146.56,-4.2,-169,142.36,-26.64,,,,,
4491,0,0,0,0,0,0,-37.2,-107.59,0,0,128.6,-4.24,-144.79,124.37,-20.42,,,,,
4501,0,0,0,0,0,0,-35.59,-113.81,0,0,131.34,-4.3,-149.39,127.04,-22.35,,,,,
4511,0,0,0,0,0,0,-33.82,-120.04,0,0,139.97,-4.2,-153.86,135.77,-18.1,,,,,
4521,0,0,0,0,0,0,-36.49,-127.7,0,0,145.77,-4.24,-164.19,141.53,-22.66,,,,,
4531,0,0,0,0,0,0,-36.17,-124.17,0,0,142.81,-4.18,-160.34,138.63,-21.72,,,,,
4541,0,0,0,0,0,0,-37.69,-118.59,0,0,139.24,-4.44,-156.28,134.81,-21.47,,,,,
4551,0,0,0,0,0,0,-37.49,-130.34,0,0,145.97,-4.6,-167.83,141.37,-26.46,,,,,
4561,0,0,0,0,0,0,-33.12,-144.78,0,0,157.26,-4.4,-177.9,152.86,-25.04,,,,,
4571,0,0,0,0,0,0,-39.64,-119.81,0,0,137.74,-4.44,-159.45,133.3,-26.15,,,,,
4581,0,0,0,0,0,0,-41.48,-102.23,0,0,127.59,-4.78,-143.71,122.81,-20.89,,,,,
4591,0,0,0,0,0,0,-36.86,-124.63,0,0,143.74,-4.23,-161.49,139.51,-21.97,,,,,
4601,0,0,0,0,0,0,-36.11,-118.47,0,0,135.19,-4.05,-154.58,131.15,-23.43,,,,,
4611,0,0,0,0,0,0,-36.44,-113.1,0,0,131.83,-4.12,-149.54,127.71,-21.83,,,,,
4621,0,0,0,0,0,0,-33.14,-110.22,0,0,127.43,-3.82,-143.36,123.61,-19.75,,,,,
4631,0,0,0,0,0,0,-36.05,-112.1,0,0,129.3,-4.02,-148.15,125.28,-22.87,,,,,
4641,0,0,0,0,0,0,-34.28,-104.06,0,0,122.97,-4.26,-138.34,118.71,-19.63,,,,,
4651,0,0,0,0,0,0,-36.04,-115.43,0,0,132.63,-4.05,-151.47,128.57,-22.89,,,,,
4661,0,0,0,0,0,0,-34.68,-112.12,0,0,129.35,-4.07,-146.81,125.27,-21.53,,,,,
4671,0,0,0,0,0,0,-38.48,-102.41,0,0,120.86,-4.48,-140.89,116.38,-24.51,,,,,
4681,0,0,0,0,0,0,-38.62,-105.24,0,0,123.09,-4.33,-143.86,118.76,-25.1,,,,,
4691,0,0,0,0,0,0,-40.8,-116.14,0,0,134.42,-4.47,-156.94,129.95,-26.99,,,,,
4701,0,0,0,0,0,0,-36.27,-128.17,0,0,145.53,-4.21,-164.43,141.32,-23.12,,,,,
4711,0,0,0,0,0,0,-39.46,-111.88,0,0,130.25,-4.59,-151.34,125.67,-25.67,,,,,
4721,0,0,0,0,0,0,-37.23,-104.63,0,0,122.55,-4.43,-141.87,118.13,-23.74,,,,,
4731,0,0,0,0,0,0,-40.14,-113.84,0,0,132.69,-4.52,-153.98,128.17,-25.81,,,,,
4741,0,0,0,0,0,0,-38.82,-109.79,0,0,128.62,-4.47,-148.62,124.16,-24.46,,,,,
4751,0,0,0,0,0,0,-38.53,-109.23,0,0,129.34,-4.44,-147.76,124.9,-22.86,,,,,
4761,0,0,0,0,0,0,-37.99,-103.37,0,0,121.8,-4.33,-141.37,117.47,-23.9,,,,,
4771,0,0,0,0,0,0,-35.22,-108.26,0,0,126.25,-4.23,-143.48,122.02,-21.46,,,,,
4781,0,0,0,0,0,0,-37.88,-104.99,0,0,122.85,-4.29,-142.87,118.56,-24.31,,,,,
4791,0,0,0,0,0,0,-39.76,-103.5,0,0,122.01,-4.42,-143.26,117.58,-25.67,,,,,
4801,0,0,0,0,0,0,-36.16,-112.99,0,0,129.07,-3.99,-149.15,125.08,-24.07,,,,,
4811,0,0,0,0,0,0,-40.31,-122.31,0,0,139.23,-4.74,-162.62,134.48,-28.14,,,,,
4821,0,0,0,0,0,0,-35.32,-115.26,0,0,133.06,-4.16,-150.58,128.9,-21.69,,,,,
4831,0,0,0,0,0,0,-36.36,-113.85,0,0,132.24,-4.39,-150.21,127.85,-22.36,,,,,
4841,0,0,0,0,0,0,-36.8,-122.25,0,0,140.97,-4.65,-159.05,136.32,-22.73,,,,,
4851,0,0,0,0,0,0,-39.21,-123.88,0,0,141.28,-4.39,-163.09,136.89,-26.2,,,,,
4861,0,0,0,0,0,0,-39.39,-106.25,0,0,126.23,-4.77,-145.63,121.46,-24.17,,,,,
4871,0,0,0,0,0,0,-39.6,-105.29,0,0,123.31,-4.48,-144.88,118.83,-26.05,,,,,
4881,0,0,0,0,0,0,-34.73,-116.64,0,0,132.42,-4.01,-151.37,128.41,-22.96,,,,,
4891,0,0,0,0,0,0,-37.72,-133.99,0,0,147.47,-4.32,-171.71,143.15,-28.56,,,,,
4901,0,0,0,0,0,0,-37.28,-124.21,0,0,140.81,-4.72,-161.49,136.09,-25.4,,,,,
4911,0,0,0,0,0,0,-39.67,-134.52,0,0,148.34,-4.76,-174.19,143.58,-30.61,,,,,
4921,0,0,0,0,0,0,-38.24,-140.74,0,0,154.57,-4.66,-178.98,149.91,-29.07,,,,,
4931,0,0,0,0,0,0,-34.91,-132.91,0,0,145.73,-4.48,-167.82,141.24,-26.58,,,,,
4941,0,0,0,0,0,0,-41.7,-121.96,0,0,139.94,-4.86,-163.66,135.07,-28.58,,,,,
4951,0,0,0,0,0,0,-38.18,-119.65,0,0,137.17,-4.36,-157.83,132.81,-25.02,,,,,
4961,0,0,0,0,0,0,-33.99,-130.46,0,0,146.57,-4.53,-164.45,142.04,-22.41,,,,,
4971,0,0,0,0,0,0,-35.57,-121.76,0,0,138.17,-4.49,-157.33,133.68,-23.65,,,,,
4981,0,0,0,0,0,0,-37.1,-127.62,0,0,141.3,-4.84,-164.72,136.46,-28.26,,,,,
4991,0,0,0,0,0,0,-39.29,-126.15,0,0,141.16,-5.14,-165.44,136.02,-29.42,,,,,
5001,0,0,0,0,0,0,-38.64,-139.99,0,0,153.49,-4.98,-178.63,148.5,-30.13,,,,,
5011,0,0,0,0,0,0,-34.95,-140.52,0,0,153.78,-4.92,-175.48,148.86,-26.61,,,,,
5021,0,0,0,0,0,0,-36.58,-126.84,0,0,140.46,-4.91,-163.42,135.55,-27.87,,,,,
5031,0,0,0,0,0,0,-36.81,-126.02,0,0,137.11,-4.83,-162.84,132.28,-30.55,,,,,
5041,0,0,0,0,0,0,-38.52,-141.19,0,0,155.23,-5.14,-179.7,150.09,-29.61,,,,,
5051,0,0,0,0,0,0,-41.7,-117.89,0,0,138.1,-4.93,-159.59,133.17,-26.42,,,,,
5061,0,0,0,0,0,0,-41.6,-117.29,0,0,135.32,-4.63,-158.9,130.69,-28.21,,,,,
5071,0,0,0,0,0,0,-38.77,-122.34,0,0,141.78,-4.64,-161.11,137.14,-23.97,,,,,
5081,0,0,0,0,0,0,-42.74,-112.54,0,0,134.05,-4.9,-155.27,129.15,-26.12,,,,,
5091,0,0,0,0,0,0,-39.52,-110.62,0,0,129.55,-4.87,-150.14,124.69,-25.45,,,,,
5101,0,0,0,0,0,0,-37.48,-104.55,0,0,125.52,-4.69,-142.04,120.83,-21.2,,,,,
5111,0,0,0,0,0,0,-39.32,-111.03,0,0,130.77,-4.62,-150.35,126.15,-24.2,,,,,
5121,0,0,0,0,0,0,-38.37,-110.87,0,0,128.1,-4.84,-149.24,123.26,-25.98,,,,,
5131,0,0,0,0,0,0,-38.63,-105.59,0,0,123.79,-4.45,-144.23,119.35,-24.88,,,,,
5141,0,0,0,0,0,0,-37.1,-103.99,0,0,121.99,-4.31,-141.09,117.68,-23.41,,,,,
5151,0,0,0,0,0,0,-39.49,-93.44,0,0,116.89,-4.52,-132.94,112.37,-20.56,,,,,
5161,0,0,0,0,0,0,-38.96,-86.94,0,0,106.17,-4.34,-125.9,101.82,-24.08,,,,,
5171,0,0,0,0,0,0,-38.62,-98.11,0,0,115.92,-4.46,-136.74,111.45,-25.28,,,,,
5181,0,0,0,0,0,0,-38.77,-90.51,0,0,109.52,-4.43,-129.29,105.1,-24.19,,,,,
5191,0,0,0,0,0,0,-37.9,-102.94,0,0,122.61,-4.75,-140.84,117.86,-22.97,,,,,
5201,0,0,0,0,0,0,-39.87,-98.34,0,0,116.7,-4.63,-138.21,112.07,-26.14,,,,,
5211,0,0,0,0,0,0,-38.96,-105.88,0,0,124.91,-4.45,-144.84,120.46,-24.38,,,,,
5221,0,0,0,0,0,0,-41.06,-98.44,0,0,119.11,-4.57,-139.5,114.54,-24.96,,,,,
5231,0,0,0,0,0,0,-37.67,-82.55,0,0,103.3,-4.5,-120.22,98.8,-21.42,,,,,
5241,0,0,0,0,0,0,-41.08,-97.17,0,0,116.31,-4.63,-138.24,111.68,-26.56,,,,,
5251,0,0,0,0,0,0,-38.04,-90.87,0,0,109.91,-4.08,-128.91,105.83,-23.08,,,,,
5261,0,0,0,0,0,0,-35.86,-87.88,0,0,106.66,-4.13,-123.74,102.53,-21.21,,,,,
5271,0,0,0,0,0,0,-36.12,-97.87,0,0,115,-3.93,-133.99,111.07,-22.91,,,,,
5281,0,0,0,0,0,0,-36.27,-107.43,0,0,126.73,-4.14,-143.7,122.59,-21.12,,,,,
5291,0,0,0,0,0,0,-36.15,-105.55,0,0,123.32,-4,-141.7,119.32,-22.38,,,,,
5301,0,0,0,0,0,0,-36.13,-128.93,0,0,142.81,-4.4,-165.05,138.41,-26.65,,,,,
5311,0,0,0,0,0,0,-36.64,-130.54,0,0,147.54,-4.08,-167.18,143.46,-23.72,,,,,
5321,0,0,0,0,0,0,-39.21,-128.18,0,0,145.21,-4.34,-167.39,140.87,-26.52,,,,,
5331,0,0,0,0,0,0,-34.68,-126.32,0,0,142.01,-3.75,-161.01,138.26,-22.74,,,,,
5341,0,0,0,0,0,0,-38.36,-135.86,0,0,152.63,-4.21,-174.22,148.42,-25.8,,,,,
5351,0,0,0,0,0,0,-36.44,-134.46,0,0,149.25,-4.24,-170.91,145.01,-25.89,,,,,
5361,0,0,0,0,0,0,-37.78,-118.37,0,0,135.1,-4.32,-156.15,130.78,-25.37,,,,,
5371,0,0,0,0,0,0,-39.29,-128.92,0,0,141,-4.59,-168.21,136.41,-31.81,,,,,
5381,0,0,0,0,0,0,-35.13,-131,0,0,142.89,-4.23,-166.13,138.67,-27.47,,,,,
5391,0,0,0,0,0,0,-35.67,-114.83,0,0,131.83,-3.93,-150.5,127.89,-22.6,,,,,
5401,0,0,0,0,0,0,-35.14,-107.77,0,0,125.86,-4.16,-142.91,121.7,-21.21,,,,,
5411,0,0,0,0,0,0,-33.27,-111.94,0,0,128.96,-3.87,-145.2,125.09,-20.12,,,,,
5421,0,0,0,0,0,0,-35.89,-100.86,0,0,118.66,-4.1,-136.75,114.56,-22.19,,,,,
5431,0,0,0,0,0,0,-37.67,-106.25,0,0,123.57,-4.07,-143.92,119.49,-24.42,,,,,
5441,0,0,0,0,0,0,-36.09,-109.75,0,0,126.76,-4.1,-145.84,122.66,-23.18,,,,,
5451,0,0,0,0,0,0,-38.72,-110.37,0,0,127.36,-4.15,-149.09,123.21,-25.89,,,,,
5461,0,0,0,0,0,0,-39.23,-109.71,0,0,126.37,-4.11,-148.94,122.26,-26.68,,,,,
5471,0,0,0,0,0,0,-37.17,-113.65,0,0,130.51,-4.31,-150.82,126.2,-24.61,,,,,
5481,0,0,0,0,0,0,-36.59,-99.1,0,0,116.45,-4.32,-135.69,112.13,-23.56,,,,,
5491,0,0,0,0,0,0,-39.47,-126.18,0,0,143.36,-4.41,-165.65,138.94,-26.7,,,,,
5501,0,0,0,0,0,0,-38.23,-118.75,0,0,135.34,-4.16,-156.98,131.18,-25.8,,,,,
5511,0,0,0,0,0,0,-34.68,-93.62,0,0,112.28,-3.95,-128.3,108.32,-19.98,,,,,
5521,0,0,0,0,0,0,-36.28,-111.08,0,0,128.69,-4.07,-147.35,124.62,-22.73,,,,,
5531,0,0,0,0,0,0,-34.65,-107.9,0,0,125.25,-3.88,-142.55,121.37,-21.18,,,,,
5541,0,0,0,0,0,0,-38.33,-99.14,0,0,117.76,-4.54,-137.47,113.22,-24.24,,,,,
5551,0,0,0,0,0,0,-36.72,-122.38,0,0,139.12,-4.15,-159.09,134.97,-24.12,,,,,
5561,0,0,0,0,0,0,-34.67,-95.22,0,0,113.59,-4.03,-129.89,109.56,-20.33,,,,,
5571,0,0,0,0,0,0,-37.84,-115.63,0,0,134.24,-4.45,-153.48,129.79,-23.69,,,,,
5581,0,0,0,0,0,0,-39.69,-101.5,0,0,119.91,-4.42,-141.19,115.49,-25.7,,,,,
5591,0,0,0,0,0,0,-36.69,-113.53,0,0,130.41,-4.19,-150.21,126.22,-23.99,,,,,
5601,0,0,0,0,0,0,-37.65,-117.3,0,0,134.86,-4.28,-154.95,130.59,-24.36,,,,,
5611,0,0,0,0,0,0,-36.97,-112.22,0,0,129.9,-4.1,-149.19,125.8,-23.39,,,,,
5621,0,0,0,0,0,0,-35.2,-129.19,0,0,148.6,-4.09,-164.38,144.51,-19.87,,,,,
5631,0,0,0,0,0,0,-35.63,-114.25,0,0,134.14,-4.16,-149.88,129.98,-19.9,,,,,
5641,0,0,0,0,0,0,-34.99,-97.99,0,0,116.58,-4.05,-132.98,112.53,-20.45,,,,,
5651,0,0,0,0,0,0,-37.08,-103.13,0,0,121.47,-4.25,-140.21,117.23,-22.98,,,,,
5661,0,0,0,0,0,0,-35.91,-134.22,0,0,148.31,-4.21,-170.13,144.1,-26.03,,,,,
5671,0,0,0,0,0,0,-33.96,-122.77,0,0,136.7,-4.38,-156.73,132.33,-24.4,,,,,
5681,0,0,0,0,0,0,-34.34,-131.48,0,0,142.17,-4.71,-165.82,137.46,-28.36,,,,,
5691,0,0,0,0,0,0,-36.61,-113.77,0,0,131.1,-4.59,-150.39,126.51,-23.87,,,,,
5701,0,0,0,0,0,0,-36.56,-98.4,0,0,118.72,-4.65,-134.97,114.07,-20.89,,,,,
5711,0,0,0,0,0,0,-39.77,-102.66,0,0,123.99,-4.78,-142.43,119.21,-23.21,,,,,
5721,0,0,0,0,0,0,-38.65,-95.25,0,0,114.4,-4.56,-133.9,109.83,-24.07,,,,,
5731,0,0,0,0,0,0,-38.02,-100.16,0,0,119.54,-4.52,-138.18,115.01,-23.17,,,,,
5741,0,0,0,0,0,0,-39.1,-95.66,0,0,115.22,-4.67,-134.75,110.56,-24.2,,,,,
5751,0,0,0,0,0,0,-37.75,-89.44,0,0,109.09,-4.74,-127.18,104.35,-22.83,,,,,
5761,0,0,0,0,0,0,-38.65,-99.67,0,0,117.3,-4.57,-138.32,112.72,-25.6,,,,,
5771,0,0,0,0,0,0,-39.2,-107.5,0,0,125.49,-4.56,-146.7,120.92,-25.77,,,,,
5781,0,0,0,0,0,0,-38.53,-99,0,0,118.92,-4.55,-137.52,114.37,-23.16,,,,,
5791,0,0,0,0,0,0,-42.01,-114.21,0,0,133.59,-4.78,-156.22,128.8,-27.41,,,,,
5801,0,0,0,0,0,0,-37.52,-103.43,0,0,121.07,-4.41,-140.95,116.66,-24.3,,,,,
5811,0,0,0,0,0,0,-38.31,-110.49,0,0,128.96,-4.27,-148.8,124.68,-24.11,,,,,
5821,0,0,0,0,0,0,-37.07,-123.66,0,0,140.53,-4.2,-160.74,136.34,-24.4,,,,,
5831,0,0,0,0,0,0,-38.53,-127.55,0,0,145.13,-4.53,-166.08,140.59,-25.49,,,,,
5841,0,0,0,0,0,0,-36.97,-124.48,0,0,142.23,-4.3,-161.45,137.93,-23.52,,,,,
5851,0,0,0,0,0,0,-40.25,-114.89,0,0,134.44,-4.49,-155.14,129.95,-25.19,,,,,
5861,0,0,0,0,0,0,-32.17,-139.66,0,0,149.2,-4.77,-171.83,144.44,-27.39,,,,,
5871,0,0,0,0,0,0,-39.48,-122.73,0,0,134.48,-4.53,-162.21,129.95,-32.26,,,,,
5881,0,0,0,0,0,0,-39.27,-142.08,0,0,153.3,-4.49,-181.35,148.81,-32.54,,,,,
5891,0,0,0,0,0,0,-34.47,-138.12,0,0,147.79,-4.27,-172.58,143.52,-29.06,,,,,
5901,0,0,0,0,0,0,-38.65,-112.87,0,0,131.65,-4.38,-151.52,127.27,-24.25,,,,,
5911,0,0,0,0,0,0,-30.07,-131.38,0,0,141.03,-4.21,-161.45,136.82,-24.62,,,,,
5921,0,0,0,0,0,0,-33.23,-133.62,0,0,143.98,-4.23,-166.86,139.74,-27.11,,,,,
5931,0,0,0,0,0,0,-35.91,-133.64,0,0,144.17,-4.52,-169.56,139.65,-29.91,,,,,
5941,0,0,0,0,0,0,-37.14,-122.18,0,0,136.43,-4.15,-159.33,132.27,-27.05,,,,,
5951,0,0,0,0,0,0,-31.25,-126.46,0,0,136.34,-3.92,-157.71,132.43,-25.28,,,,,
5961,0,0,0,0,0,0,-35.19,-130.85,0,0,142.54,-4.29,-166.04,138.25,-27.79,,,,,
5971,0,0,0,0,0,0,-34,-116.31,0,0,133.07,-3.91,-150.32,129.17,-21.15,,,,,
5981,0,0,0,0,0,0,-33.81,-111.42,0,0,130.94,-4.05,-145.23,126.88,-18.35,,,,,
5991,0,0,0,0,0,0,-32.92,-103.67,0,0,120.92,-3.83,-136.59,117.09,-19.5,,,,,
6001,0,0,0,0,0,0,-37.18,-109.71,0,0,129.73,-4.38,-146.88,125.35,-21.53,,,,,
6011,0,0,0,0,0,0,-34.66,-108.13,0,0,126.28,-3.93,-142.78,122.35,-20.43,,,,,
6021,0,0,0,0,0,0,-37.47,-133.95,0,0,145.82,-4.55,-171.43,141.27,-30.16,,,,,
6031,0,0,0,0,0,0,-35.05,-148.26,0,0,159.05,-4.44,-183.31,154.61,-28.71,,,,,
6041,0,0,0,0,0,0,-34.71,-127.72,0,0,143.55,-4.16,-162.43,139.39,-23.04,,,,,
6051,0,0,0,0,0,0,-35.46,-120.94,0,0,138.12,-4.21,-156.4,133.91,-22.49,,,,,
6061,0,0,0,0,0,0,-38.85,-114.71,0,0,132.36,-4.45,-153.56,127.91,-25.65,,,,,
6071,0,0,0,0,0,0,-37.69,-108.39,0,0,124.8,-4.14,-146.08,120.66,-25.43,,,,,
6081,0,0,0,0,0,0,-33.8,-113.08,0,0,129.43,-4.05,-146.88,125.38,-21.5,,,,,
6091,0,0,0,0,0,0,-37.73,-117.83,0,0,134.7,-4.07,-155.56,130.63,-24.93,,,,,
6101,0,0,0,0,0,0,-35.16,-121.1,0,0,139.31,-4.04,-156.26,135.27,-20.99,,,,,
6111,0,0,0,0,0,0,-34.59,-108.96,0,0,124.82,-3.67,-143.56,121.16,-22.4,,,,,
6121,0,0,0,0,0,0,-37.17,-116.28,0,0,132.09,-4.16,-153.45,127.93,-25.52,,,,,
6131,0,0,0,0,0,0,-37.61,-118.66,0,0,136.26,-4.28,-156.27,131.98,-24.29,,,,,
6141,0,0,0,0,0,0,-35.95,-106.26,0,0,121.99,-4.08,-142.22,117.91,-24.3,,,,,
6151,0,0,0,0,0,0,-37.76,-142.19,0,0,154.74,-4.44,-179.95,150.29,-29.66,,,,,
6161,0,0,0,0,0,0,-32.18,-129.86,0,0,140.25,-4.13,-162.03,136.12,-25.92,,,,,
6171,0,0,0,0,0,0,-37.15,-127.86,0,0,138.88,-4.54,-165.01,134.34,-30.67,,,,,
6181,0,0,0,0,0,0,-32.03,-135.21,0,0,145.7,-4.24,-167.24,141.46,-25.78,,,,,
6191,0,0,0,0,0,0,-37.22,-121.5,0,0,138.46,-4.26,-158.72,134.2,-24.52,,,,,
6201,0,0,0,0,0,0,-37.49,-120.77,0,0,137.92,-4.44,-158.26,133.48,-24.78,,,,,
6211,0,0,0,0,0,0,-34.62,-115.44,0,0,134.01,-4.36,-150.06,129.65,-20.41,,,,,
6221,0,0,0,0,0,0,-38.86,-106.01,0,0,125.59,-4.54,-144.87,121.05,-23.82,,,,,
6231,0,0,0,0,0,0,-39.3,-122.41,0,0,140.26,-4.44,-161.71,135.82,-25.89,,,,,
6241,0,0,0,0,0,0,-38.93,-117.88,0,0,136.07,-4.45,-156.81,131.62,-25.19,,,,,
6251,0,0,0,0,0,0,-38.79,-122.73,0,0,140.14,-4.36,-161.52,135.78,-25.74,,,,,
6261,0,0,0,0,0,0,-35.18,-103.68,0,0,120.63,-3.93,-138.87,116.7,-22.17,,,,,
6271,0,0,0,0,0,0,-38.79,-109.49,0,0,126.45,-4.33,-148.28,122.12,-26.15,,,,,
6281,0,0,0,0,0,0,-35.93,-111.87,0,0,130.14,-4.44,-147.81,125.7,-22.1,,,,,
6291,0,0,0,0,0,0,-33.94,-106.36,0,0,123.3,-3.82,-140.3,119.48,-20.82,,,,,
6301,0,0,0,0,0,0,-35.76,-105.87,0,0,122.9,-3.78,-141.63,119.13,-22.5,,,,,
6311,0,0,0,0,0,0,-35.66,-104.15,0,0,120.67,-3.8,-139.81,116.87,-22.94,,,,,
6321,0,0,0,0,0,0,-33.38,-114.7,0,0,130.65,-3.68,-148.08,126.97,-21.11,,,,,
6331,0,0,0,0,0,0,-36.73,-112.81,0,0,133.25,-4.06,-149.54,129.19,-20.35,,,,,
6341,0,0,0,0,0,0,-30.63,-110.8,0,0,127,-3.24,-141.43,123.76,-17.67,,,,,
6351,0,0,0,0,0,0,-35.94,-116.01,0,0,133.89,-3.98,-151.95,129.91,-22.04,,,,,
6361,0,0,0,0,0,0,-32.18,-116.47,0,0,131.11,-3.86,-148.66,127.25,-21.41,,,,,
6371,0,0,0,0,0,0,-33.78,-120.17,0,0,135.67,-4.15,-153.96,131.52,-22.44,,,,,
6381,0,0,0,0,0,0,-35.97,-124.88,0,0,141.23,-4.23,-160.85,137.01,-23.84,,,,,
6391,0,0,0,0,0,0,-36.81,-117.36,0,0,131.09,-4.14,-154.17,126.95,-27.23,,,,,
6401,0,0,0,0,0,0,-38.14,-115.18,0,0,133.87,-4.11,-153.31,129.76,-23.55,,,,,
6411,0,0,0,0,0,0,-35.92,-106.7,0,0,123.85,-3.87,-142.61,119.98,-22.63,,,,,
6421,0,0,0,0,0,0,-34.65,-114.85,0,0,132.99,-3.47,-149.5,129.51,-19.99,,,,,
6431,0,0,0,0,0,0,-35.99,-116.84,0,0,134.58,-4.29,-152.83,130.3,-22.54,,,,,
6441,0,0,0,0,0,0,-34.81,-113.5,0,0,129.88,-4.08,-148.31,125.8,-22.51,,,,,
6451,0,0,0,0,0,0,-34.9,-126.25,0,0,142.43,-4.09,-161.15,138.34,-22.81,,,,,
6461,0,0,0,0,0,0,-32.9,-110.19,0,0,127.71,-3.86,-143.09,123.86,-19.23,,,,,
6471,0,0,0,0,0,0,-33.85,-110.46,0,0,128.05,-3.97,-144.31,124.08,-20.23,,,,,
6481,0,0,0,0,0,0,-36.01,-103.6,0,0,122.84,-4.05,-139.61,118.79,-20.82,,,,,
6491,0,0,0,0,0,0,-37.35,-121.07,0,0,138.38,-4.27,-158.42,134.11,-24.31,,,,,
6501,0,0,0,0,0,0,-36.63,-111.03,0,0,128.7,-4.12,-147.66,124.58,-23.08,,,,,
6511,0,0,0,0,0,0,-35.37,-121.37,0,0,139.44,-4.18,-156.75,135.26,-21.49,,,,,
6521,0,0,0,0,0,0,-37.73,-119.66,0,0,138.04,-4.13,-157.39,133.91,-23.48,,,,,
6531,0,0,0,0,0,0,-36.34,-128.12,0,0,146.5,-4.13,-164.46,142.37,-22.09,,,,,
6541,0,0,0,0,0,0,-37.62,-132.19,0,0,149.56,-4.18,-169.81,145.38,-24.42,,,,,
6551,0,0,0,0,0,0,-35.34,-123.49,0,0,141.1,-4.04,-158.82,137.07,-21.76,,,,,
6561,0,0,0,0,0,0,-36.11,-136.9,0,0,155.86,-4.23,-173.01,151.63,-21.38,,,,,
6571,0,0,0,0,0,0,-38.24,-114.23,0,0,133.37,-4.28,-152.47,129.08,-23.39,,,,,
6581,0,0,0,0,0,0,-38.03,-127.39,0,0,147.82,-4.32,-165.42,143.5,-21.91,,,,,
6591,0,0,0,0,0,0,-37.12,-126.69,0,0,144.65,-4.08,-163.82,140.58,-23.24,,,,,
6601,0,0,0,0,0,0,-43.72,-114.3,0,0,134.53,-4.85,-158.01,129.68,-28.33,,,,,
6611,0,0,0,0,0,0,-38.5,-120.01,0,0,138.41,-4.39,-158.51,134.02,-24.49,,,,,
6621,0,0,0,0,0,0,-41.1,-111.39,0,0,130.36,-4.27,-152.49,126.09,-26.4,,,,,
6631,0,0,0,0,0,0,-39.45,-112.51,0,0,133.02,-4.78,-151.97,128.24,-23.73,,,,,
6641,0,0,0,0,0,0,-38.32,-105.99,0,0,125.12,-4.4,-144.31,120.71,-23.6,,,,,
6651,0,0,0,0,0,0,-43.23,-105.48,0,0,127.82,-4.82,-148.7,122.99,-25.71,,,,,
6661,0,0,0,0,0,0,-37.2,-112.65,0,0,130.87,-4.15,-149.85,126.73,-23.12,,,,,
6671,0,0,0,0,0,0,-36.5,-116.67,0,0,134.51,-4,-153.17,130.51,-22.67,,,,,
6681,0,0,0,0,0,0,-42.93,-112.94,0,0,132.67,-4.77,-155.87,127.9,-27.97,,,,,
6691,0,0,0,0,0,0,-37.15,-107.2,0,0,125.7,-4.12,-144.35,121.58,-22.77,,,,,
6701,0,0,0,0,0,0,-41.51,-120.79,0,0,139.44,-4.54,-162.31,134.9,-27.41,,,,,
6711,0,0,0,0,0,0,-41.75,-116.34,0,0,136.68,-4.5,-158.09,132.17,-25.91,,,,,
6721,0,0,0,0,0,0,-40.09,-97.56,0,0,118.53,-4.72,-137.64,113.81,-23.84,,,,,
6731,0,0,0,0,0,0,-45.22,-119.62,0,0,141,-5.03,-164.83,135.97,-28.86,,,,,
6741,0,0,0,0,0,0,-41.46,-112.83,0,0,133.73,-4.81,-154.3,128.91,-25.38,,,,,
6751,0,0,0,0,0,0,-37.8,-113.45,0,0,132.61,-4.28,-151.25,128.34,-22.91,,,,,
6761,0,0,0,0,0,0,-41.86,-117.5,0,0,136.51,-4.6,-159.36,131.91,-27.45,,,,,
6771,0,0,0,0,0,0,-40.44,-101.02,0,0,122.71,-4.61,-141.46,118.1,-23.36,,,,,
6781,0,0,0,0,0,0,-39.86,-116.25,0,0,134.35,-4.55,-156.11,129.79,-26.32,,,,,
6791,0,0,0,0,0,0,-38.5,-108.94,0,0,130.28,-4.46,-147.44,125.82,-21.62,,,,,
6801,0,0,0,0,0,0,-34,-125.73,0,0,145.28,-4.2,-159.73,141.08,-18.64,,,,,
6811,0,0,0,0,0,0,-36.58,-113.97,0,0,132.01,-4.36,-150.55,127.65,-22.9,,,,,
6821,0,0,0,0,0,0,-36.44,-128.21,0,0,145.78,-4,-164.66,141.77,-22.88,,,,,
6831,0,0,0,0,0,0,-34.93,-120.13,0,0,137.54,-3.92,-155.06,133.61,-21.44,,,,,
6841,0,0,0,0,0,0,-33.13,-116.21,0,0,132.19,-3.84,-149.34,128.35,-20.99,,,,,
6851,0,0,0,0,0,0,-32.55,-120.73,0,0,134.86,-4.12,-153.28,130.75,-22.54,,,,,
6861,0,0,0,0,0,0,-36.71,-122.74,0,0,141.96,-4.7,-159.45,137.26,-22.19,,,,,
6871,0,0,0,0,0,0,-35.35,-115.69,0,0,132.86,-4.19,-151.04,128.67,-22.37,,,,,
6881,0,0,0,0,0,0,-35.44,-120.47,0,0,137.24,-3.87,-155.91,133.37,-22.54,,,,,
6891,0,0,0,0,0,0,-41.79,-112.29,0,0,133.93,-4.72,-154.07,129.21,-24.86,,,,,
6901,0,0,0,0,0,0,-41.39,-113.96,0,0,134.15,-4.99,-155.35,129.16,-26.19,,,,,
6911,0,0,0,0,0,0,-39.13,-123.19,0,0,142.45,-4.42,-162.32,138.04,-24.29,,,,,
6921,0,0,0,0,0,0,-33.73,-120.28,0,0,138.14,-4.04,-154.01,134.11,-19.9,,,,,
6931,0,0,0,0,0,0,-37.29,-111.32,0,0,130.39,-4.53,-148.61,125.86,-22.75,,,,,
6941,0,0,0,0,0,0,-32.23,-105.22,0,0,121.32,-3.79,-137.45,117.54,-19.91,,,,,
6951,0,0,0,0,0,0,-35.38,-133.07,0,0,149.91,-3.99,-168.45,145.93,-22.52,,,,,
6961,0,0,0,0,0,0,-34.71,-120,0,0,136.33,-4.02,-154.71,132.31,-22.41,,,,,
6971,0,0,0,0,0,0,-35.26,-121.97,0,0,139.94,-4.23,-157.23,135.71,-21.52,,,,,
6981,0,0,0,0,0,0,-34.78,-117.04,0,0,131.23,-3.89,-151.81,127.34,-24.48,,,,,
6991,0,0,0,0,0,0,-32.92,-121.73,0,0,136.31,-3.97,-154.65,132.34,-22.31,,,,,
7001,0,0,0,0,0,0,-33.3,-114.65,0,0,130.35,-3.93,-147.96,126.41,-21.54,,,,,
7011,0,0,0,0,0,0,-36.12,-117.15,0,0,132.41,-4.48,-153.27,127.93,-25.34,,,,,
7021,0,0,0,0,0,0,-34.07,-127.44,0,0,140.46,-4.27,-161.51,136.19,-25.32,,,,,
7031,0,0,0,0,0,0,-32.92,-116.79,0,0,132.73,-4.21,-149.72,128.52,-21.19,,,,,
7041,0,0,0,0,0,0,-38.33,-137.11,0,0,154.2,-4.53,-175.44,149.67,-25.77,,,,,
7051,0,0,0,0,0,0,-39.57,-119.04,0,0,137.34,-4.41,-158.62,132.94,-25.68,,,,,
7061,0,0,0,0,0,0,-37.1,-121.14,0,0,136.77,-4.49,-158.24,132.28,-25.95,,,,,
7071,0,0,0,0,0,0,-34.75,-123.37,0,0,137.67,-4.31,-158.12,133.36,-24.77,,,,,
7081,0,0,0,0,0,0,-38.55,-128.01,0,0,145.51,-4.66,-166.56,140.85,-25.71,,,,,
7091,0,0,0,0,0,0,-37.65,-119.23,0,0,136.6,-4.49,-156.88,132.11,-24.77,,,,,
7101,0,0,0,0,0,0,-37.27,-109.36,0,0,127.78,-4.55,-146.63,123.23,-23.4,,,,,
7111,0,0,0,0,0,0,-34.92,-119.25,0,0,135.52,-4.2,-154.18,131.32,-22.86,,,,,
7121,0,0,0,0,0,0,-32.71,-121.65,0,0,135.18,-4.18,-154.36,131,-23.36,,,,,
7131,0,0,0,0,0,0,-36.22,-137.11,0,0,153.03,-4.44,-173.32,148.59,-24.73,,,,,
7141,0,0,0,0,0,0,-35.99,-122.48,0,0,139.22,-4.4,-158.47,134.83,-23.64,,,,,
7151,0,0,0,0,0,0,-37.08,-136.08,0,0,150.58,-4.34,-173.16,146.24,-26.92,,,,,
7161,0,0,0,0,0,0,-36.07,-125.91,0,0,141.85,-3.95,-161.98,137.9,-24.08,,,,,
7171,0,0,0,0,0,0,-33.26,-116.63,0,0,131.73,-4.4,-149.89,127.34,-22.56,,,,,
7181,0,0,0,0,0,0,-37.13,-110.81,0,0,128.33,-4.26,-147.94,124.07,-23.87,,,,,
7191,0,0,0,0,0,0,-32.69,-119.69,0,0,133.99,-4.11,-152.39,129.87,-22.51,,,,,
7201,0,0,0,0,0,0,-34.11,-115.84,0,0,133.09,-4.27,-149.94,128.82,-21.13,,,,,
7211,0,0,0,0,0,0,-34.88,-115.69,0,0,131.68,-4.17,-150.57,127.52,-23.05,,,,,
7221,0,0,0,0,0,0,-37.44,-127.84,0,0,144.67,-4.52,-165.28,140.14,-25.14,,,,,
7231,0,0,0,0,0,0,-37,-134.55,0,0,150.49,-4.54,-171.55,145.95,-25.6,,,,,
7241,0,0,0,0,0,0,-32.74,-128.2,0,0,144.88,-4.27,-160.94,140.61,-20.32,,,,,
7251,0,0,0,0,0,0,-34.52,-129.76,0,0,142.93,-4.59,-164.28,138.34,-25.94,,,,,
7261,0,0,0,0,0,0,-39,-126.25,0,0,142.62,-4.64,-165.26,137.98,-27.28,,,,,
7271,0,0,0,0,0,0,-32.97,-119.07,0,0,134.03,-4.13,-152.04,129.9,-22.13,,,,,
7281,0,0,0,0,0,0,-36.61,-119.31,0,0,136.11,-4.45,-155.92,131.66,-24.26,,,,,
7291,0,0,0,0,0,0,-35.91,-121.3,0,0,136.28,-4.08,-157.21,132.19,-25.02,,,,,
7301,0,0,0,0,0,0,-39.25,-117.31,0,0,135.62,-4.47,-156.56,131.15,-25.41,,,,,
7311,0,0,0,0,0,0,-33.43,-111.34,0,0,128.97,-4.39,-144.76,124.59,-20.18,,,,,
7321,0,0,0,0,0,0,-35.88,-113.68,0,0,130.1,-4.07,-149.56,126.03,-23.53,,,,,
7331,0,0,0,0,0,0,-36.23,-123.98,0,0,139.17,-4.44,-160.21,134.73,-25.47,,,,,
7341,0,0,0,0,0,0,-40.58,-134.51,0,0,151.93,-4.57,-175.1,147.35,-27.74,,,,,
7351,0,0,0,0,0,0,-39.09,-115.75,0,0,131.73,-4.57,-154.84,127.16,-27.68,,,,,
7361,0,0,0,0,0,0,-37.01,-111.7,0,0,127.94,-4.23,-148.71,123.71,-24.99,,,,,
7371,0,0,0,0,0,0,-39.09,-120.96,0,0,138.35,-4.61,-160.05,133.74,-26.31,,,,,
7381,0,0,0,0,0,0,-37.33,-118.87,0,0,135.07,-4.33,-156.21,130.74,-25.46,,,,,
7391,0,0,0,0,0,0,-35.63,-121.54,0,0,135.52,-4.14,-157.17,131.38,-25.79,,,,,
7401,0,0,0,0,0,0,-33.6,-118.34,0,0,134.76,-4.16,-151.94,130.61,-21.33,,,,,
7411,0,0,0,0,0,0,-35.55,-118.86,0,0,132.13,-4.41,-154.41,127.71,-26.7,,,,,
7421,0,0,0,0,0,0,-38.48,-108.98,0,0,128.27,-4.68,-147.46,123.59,-23.87,,,,,
7431,0,0,0,0,0,0,-38.95,-121.54,0,0,138.37,-4.45,-160.49,133.92,-26.57,,,,,
7441,0,0,0,0,0,0,-35.74,-108.44,0,0,124.3,-4.4,-144.18,119.89,-24.29,,,,,
7451,0,0,0,0,0,0,-39.37,-116.01,0,0,132.61,-4.37,-155.37,128.23,-27.14,,,,,
7461,0,0,0,0,0,0,-40.54,-115.47,0,0,133.12,-4.66,-156.01,128.46,-27.56,,,,,
7471,0,0,0,0,0,0,-36.63,-113.36,0,0,130.86,-4.35,-149.99,126.51,-23.48,,,,,
7481,0,0,0,0,0,0,-36.31,-121.96,0,0,138.36,-4.49,-158.27,133.87,-24.4,,,,,
7491,0,0,0,0,0,0,-37.76,-118.24,0,0,136.09,-4.72,-156,131.38,-24.62,,,,,
7501,0,0,0,0,0,0,-40.05,-126.43,0,0,142.55,-4.65,-166.49,137.9,-28.58,,,,,
7511,0,0,0,0,0,0,-36.54,-118.26,0,0,135.9,-4.47,-154.8,131.43,-23.36,,,,,
7521,0,0,0,0,0,0,-36.03,-102.61,0,0,118.65,-4.31,-138.64,114.34,-24.3,,,,,
7531,0,0,0,0,0,0,-37.31,-112.2,0,0,130.39,-4.52,-149.51,125.86,-23.64,,,,,
7541,0,0,0,0,0,0,-36.57,-106.96,0,0,125.32,-4.4,-143.53,120.92,-22.6,,,,,
7551,0,0,0,0,0,0,-35.43,-109.46,0,0,125.53,-4.22,-144.89,121.31,-23.58,,,,,
7561,0,0,0,0,0,0,-36.03,-101.88,0,0,118.8,-4.26,-137.92,114.54,-23.37,,,,,
7571,0,0,0,0,0,0,-31.73,-121.23,0,0,137.37,-4.51,-152.96,132.85,-20.11,,,,,
7581,0,0,0,0,0,0,-38.61,-111.96,0,0,129.6,-4.63,-150.57,124.97,-25.61,,,,,
7591,0,0,0,0,0,0,-35.86,-120.26,0,0,137.23,-4.6,-156.12,132.63,-23.49,,,,,
7601,0,0,0,0,0,0,-34.61,-117.13,0,0,135.32,-4.52,-151.74,130.81,-20.93,,,,,
7611,0,0,0,0,0,0,-39.08,-121.3,0,0,137.85,-4.47,-160.39,133.38,-27.01,,,,,
7621,0,0,0,0,0,0,-37.74,-118.08,0,0,136.55,-4.49,-155.82,132.06,-23.76,,,,,
7631,0,0,0,0,0,0,-39.39,-136.12,0,0,152.28,-4.74,-175.5,147.54,-27.96,,,,,
7641,0,0,0,0,0,0,-34.95,-114.89,0,0,130.52,-4.35,-149.84,126.18,-23.66,,,,,
7651,0,0,0,0,0,0,-36.56,-135.8,0,0,151.05,-4.65,-172.36,146.4,-25.96,,,,,
7661,0,0,0,0,0,0,-36.82,-143.51,0,0,158.39,-4.38,-180.33,154.01,-26.32,,,,,
7671,0,0,0,0,0,0,-35.54,-115.12,0,0,131.97,-4.52,-150.66,127.45,-23.21,,,,,
7681,0,0,0,0,0,0,-33.19,-138.32,0,0,150.99,-4.63,-171.51,146.36,-25.14,,,,,
7691,0,0,0,0,0,0,-35.3,-115.04,0,0,130.91,-4.21,-150.34,126.7,-23.64,,,,,
7701,0,0,0,0,0,0,-34.53,-123.1,0,0,139.56,-4.09,-157.63,135.48,-22.15,,,,,
7711,0,0,0,0,0,0,-36.47,-132.54,0,0,149.25,-4.11,-169,145.14,-23.86,,,,,
7721,0,0,0,0,0,0,-33.08,-133.23,0,0,149.28,-4.1,-166.31,145.18,-21.13,,,,,
7731,0,0,0,0,0,0,-33.66,-131.41,0,0,148.96,-3.99,-165.07,144.97,-20.09,,,,,
7741,0,0,0,0,0,0,-36.08,-128.4,0,0,146.55,-4.28,-164.48,142.27,-22.21,,,,,
7751,0,0,0,0,0,0,-34.29,-125.23,0,0,142.17,-4.12,-159.52,138.04,-21.48,,,,,
7761,0,0,0,0,0,0,-36.95,-133.28,0,0,150.85,-4.37,-170.23,146.48,-23.75,,,,,
7771,0,0,0,0,0,0,-30.69,-131.83,0,0,148.75,-3.93,-162.52,144.82,-17.7,,,,,
7781,0,0,0,0,0,0,-30.14,-126.83,0,0,142.72,-3.49,-156.96,139.23,-17.74,,,,,
7791,0,0,0,0,0,0,-32.59,-127.52,0,0,142.89,-3.69,-160.11,139.2,-20.91,,,,,
7801,0,0,0,0,0,0,-32.29,-114.93,0,0,128.06,-4.07,-147.22,124,-23.23,,,,,
7811,0,0,0,0,0,0,-36,-125.27,0,0,144.04,-4.2,-161.28,139.83,-21.44,,,,,
7821,0,0,0,0,0,0,-34.82,-134.09,0,0,149.77,-4.6,-168.9,145.17,-23.73,,,,,
7831,0,0,0,0,0,0,-36.88,-137.81,0,0,153.51,-4.7,-174.69,148.82,-25.87,,,,,
7841,0,0,0,0,0,0,-34.87,-136.6,0,0,153.11,-4.22,-171.47,148.89,-22.58,,,,,
7851,0,0,0,0,0,0,-40.37,-140.68,0,0,157.33,-4.54,-181.06,152.8,-28.26,,,,,
7861,0,0,0,0,0,0,-41.8,-128.92,0,0,146.9,-4.7,-170.72,142.2,-28.52,,,,,
7871,0,0,0,0,0,0,-39.57,-132.74,0,0,148.92,-4.58,-172.31,144.34,-27.97,,,,,
7881,0,0,0,0,0,0,-34.28,-139.75,0,0,156.26,-4.28,-174.02,151.97,-22.05,,,,,
7891,0,0,0,0,0,0,-36.33,-124.45,0,0,138.06,-4.54,-160.78,133.52,-27.27,,,,,
7901,0,0,0,0,0,0,-37.1,-145.54,0,0,163.36,-4.69,-182.64,158.67,-23.97,,,,,
7911,0,0,0,0,0,0,-37.8,-145.94,0,0,162.02,-5.05,-183.73,156.96,-26.77,,,,,
7921,0,0,0,0,0,0,-40.24,-136.85,0,0,151.98,-4.63,-177.1,147.35,-29.75,,,,,
7931,0,0,0,0,0,0,-42.38,-138.12,0,0,155.85,-4.65,-180.5,151.2,-29.3,,,,,
7941,0,0,0,0,0,0,-40.43,-140.66,0,0,158.2,-4.71,-181.08,153.49,-27.59,,,,,
7951,0,0,0,0,0,0,-36.8,-137.03,0,0,153.62,-4.53,-173.83,149.08,-24.75,,,,,
7961,0,0,0,0,0,0,-37.81,-125.04,0,0,141.89,-4.34,-162.84,137.55,-25.3,,,,,
7971,0,0,0,0,0,0,-37.51,-139.24,0,0,157.93,-4.59,-176.75,153.34,-23.4,,,,,
7981,0,0,0,0,0,0,-38.64,-144.24,0,0,160.36,-4.71,-182.88,155.65,-27.23,,,,,
7991,0,0,0,0,0,0,-39.69,-133.21,0,0,151.26,-4.74,-172.91,146.52,-26.39,,,,,
8001,0,0,0,0,0,0,-40.31,-148.62,0,0,165.45,-4.81,-188.92,160.64,-28.28,,,,,
8011,0,0,0,0,0,0,-38.16,-140.11,0,0,156.83,-4.78,-178.27,152.05,-26.22,,,,,
8021,0,0,0,0,0,0,-41.44,-128.06,0,0,146.37,-4.82,-169.5,141.55,-27.95,,,,,
8031,0,0,0,0,0,0,-37.87,-130.27,0,0,147.84,-4.58,-168.14,143.26,-24.88,,,,,
8041,0,0,0,0,0,0,-38.09,-135.96,0,0,152.1,-4.59,-174.05,147.51,-26.54,,,,,
8051,0,0,0,0,0,0,-34.01,-134.85,0,0,148.42,-4.55,-168.85,143.88,-24.98,,,,,
8061,0,0,0,0,0,0,-39.12,-131.31,0,0,145.83,-4.87,-170.42,140.96,-29.46,,,,,
8071,0,0,0,0,0,0,-38.1,-134.04,0,0,151.4,-4.42,-172.15,146.98,-25.16,,,,,
8081,0,0,0,0,0,0,-35.26,-138.12,0,0,154.05,-4.49,-173.38,149.55,-23.83,,,,,
8091,0,0,0,0,0,0,-38,-140.95,0,0,155.18,-4.46,-178.94,150.72,-28.22,,,,,
8101,0,0,0,0,0,0,-38.46,-121.8,0,0,139.32,-4.6,-160.26,134.72,-25.54,,,,,
8111,0,0,0,0,0,0,-37.8,-121.26,0,0,137.12,-4.45,-159.05,132.67,-26.38,,,,,
8121,0,0,0,0,0,0,-38.68,-111.49,0,0,127.89,-4.38,-150.17,123.5,-26.67,,,,,
8131,0,0,0,0,0,0,-36.22,-130.6,0,0,146.83,-4.35,-166.82,142.48,-24.34,,,,,
8141,0,0,0,0,0,0,-37.71,-133.63,0,0,152.56,-4.23,-171.34,148.34,-23.01,,,,,
8151,0,0,0,0,0,0,-35.11,-122.57,0,0,136.42,-4.23,-157.67,132.19,-25.48,,,,,
8161,0,0,0,0,0,0,-37.96,-125.59,0,0,142.39,-4.39,-163.55,138,-25.55,,,,,
8171,0,0,0,0,0,0,-36.96,-131.94,0,0,147.63,-4.12,-168.9,143.51,-25.4,,,,,
8181,0,0,0,0,0,0,-34.33,-128.76,0,0,142.5,-4.05,-163.09,138.46,-24.63,,,,,
8191,0,0,0,0,0,0,-36.97,-122.78,0,0,139.21,-4.32,-159.75,134.89,-24.86,,,,,
8201,0,0,0,0,0,0,-34.33,-128.69,0,0,145.65,-3.99,-163.02,141.66,-21.35,,,,,
8211,0,0,0,0,0,0,-35.46,-114,0,0,131.13,-4.26,-149.46,126.87,-22.59,,,,,
8221,0,0,0,0,0,0,-39.93,-118.08,0,0,136.29,-4.41,-158.01,131.87,-26.13,,,,,
8231,0,0,0,0,0,0,-35.07,-116.9,0,0,134.79,-4.36,-151.97,130.43,-21.54,,,,,
8241,0,0,0,0,0,0,-36.53,-115.73,0,0,133.74,-4.48,-152.26,129.26,-23,,,,,
8251,0,0,0,0,0,0,-39.41,-134.77,0,0,151.76,-4.57,-174.19,147.19,-27,,,,,
8261,0,0,0,0,0,0,-38.41,-125.04,0,0,144.29,-4.64,-163.45,139.66,-23.8,,,,,
8271,0,0,0,0,0,0,-37.96,-120.71,0,0,138.25,-4.74,-158.67,133.52,-25.16,,,,,
8281,0,0,0,0,0,0,-39.43,-125.66,0,0,143.58,-4.61,-165.09,138.96,-26.13,,,,,
8291,0,0,0,0,0,0,-35.56,-135.61,0,0,151.11,-4.22,-171.17,146.9,-24.28,,,,,
8301,0,0,0,0,0,0,-37.17,-141.39,0,0,156.55,-4.66,-178.56,151.9,-26.66,,,,,
8311,0,0,0,0,0,0,-38.22,-133.79,0,0,152.11,-4.74,-172.01,147.37,-24.65,,,,,
8321,0,0,0,0,0,0,-35.55,-128.95,0,0,145.12,-4.29,-164.5,140.83,-23.67,,,,,
8331,0,0,0,0,0,0,-39.83,-127.67,0,0,144.02,-4.59,-167.51,139.43,-28.08,,,,,
8341,0,0,0,0,0,0,-36.03,-139.89,0,0,153.75,-4.34,-175.92,149.4,-26.52,,,,,
8351,0,0,0,0,0,0,-39.96,-134.66,0,0,152.01,-4.56,-174.62,147.46,-27.17,,,,,
8361,0,0,0,0,0,0,-38.21,-137.14,0,0,153.18,-4.32,-175.35,148.87,-26.49,,,,,
8371,0,0,0,0,0,0,-39.12,-136.89,0,0,154.41,-4.4,-176.01,150.01,-26,,,,,
8381,0,0,0,0,0,0,-37.05,-137.36,0,0,153.34,-4.35,-174.41,148.99,-25.43,,,,,
8391,0,0,0,0,0,0,-38.92,-136.17,0,0,154.16,-4.6,-175.1,149.56,-25.54,,,,,
8401,0,0,0,0,0,0,-40.98,-133.83,0,0,151.15,-4.62,-174.81,146.53,-28.29,,,,,
8411,0,0,0,0,0,0,-39.4,-124.01,0,0,139.92,-4.69,-163.4,135.23,-28.17,,,,,
8421,0,0,0,0,0,0,-38.76,-122.42,0,0,137.83,-4.44,-161.17,133.39,-27.78,,,,,
8431,0,0,0,0,0,0,-36.47,-115.72,0,0,131.3,-4.31,-152.2,126.99,-25.21,,,,,
8441,0,0,0,0,0,0,-38.7,-126.38,0,0,143.17,-4.56,-165.08,138.62,-26.46,,,,,
8451,0,0,0,0,0,0,-37.73,-125.79,0,0,143.99,-4.45,-163.51,139.54,-23.97,,,,,
8461,0,0,0,0,0,0,-37.45,-130.6,0,0,147.98,-4.28,-168.05,143.71,-24.34,,,,,
8471,0,0,0,0,0,0,-35.33,-131.76,0,0,148.91,-4.27,-167.09,144.65,-22.44,,,,,
8481,0,0,0,0,0,0,-39.39,-125.91,0,0,143.56,-4.7,-165.3,138.86,-26.44,,,,,
8491,0,0,0,0,0,0,-39.77,-128.49,0,0,146.62,-4.66,-168.25,141.97,-26.29,,,,,
8501,0,0,0,0,0,0,-33.78,-132.14,0,0,150.01,-4.69,-165.92,145.32,-20.6,,,,,
8511,0,0,0,0,0,0,-37.55,-129.02,0,0,148.25,-4.66,-166.56,143.59,-22.98,,,,,
8521,0,0,0,0,0,0,-37.04,-134.74,0,0,149,-4.65,-171.78,144.35,-27.43,,,,,
8531,0,0,0,0,0,0,-36.73,-118.79,0,0,135.9,-4.43,-155.52,131.48,-24.05,,,,,
8541,0,0,0,0,0,0,-36.62,-124.49,0,0,141.32,-4.39,-161.11,136.92,-24.18,,,,,
8551,0,0,0,0,0,0,-40.79,-115.34,0,0,132.19,-4.63,-156.12,127.56,-28.57,,,,,
8561,0,0,0,0,0,0,-38.53,-123.28,0,0,139.74,-4.43,-161.81,135.31,-26.5,,,,,
8571,0,0,0,0,0,0,-39.8,-118.67,0,0,134.52,-4.48,-158.47,130.04,-28.43,,,,,
8581,0,0,0,0,0,0,-35.42,-124.73,0,0,139.68,-4.74,-160.15,134.94,-25.21,,,,,
8591,0,0,0,0,0,0,-41.12,-119.55,0,0,136.99,-4.62,-160.67,132.37,-28.3,,,,,
8601,0,0,0,0,0,0,-36.27,-118.72,0,0,136.69,-4.33,-154.99,132.36,-22.63,,,,,
8611,0,0,0,0,0,0,-41.19,-107.84,0,0,126.71,-4.52,-149.03,122.19,-26.85,,,,,
8621,0,0,0,0,0,0,-36.72,-112.62,0,0,128.88,-3.99,-149.34,124.89,-24.45,,,,,
8631,0,0,0,0,0,0,-41.11,-106.51,0,0,125.89,-4.74,-147.62,121.16,-26.47,,,,,
8641,0,0,0,0,0,0,-39.91,-97.76,0,0,115.28,-4.66,-137.67,110.62,-27.05,,,,,
8651,0,0,0,0,0,0,-40.47,-117.34,0,0,133.66,-4.6,-157.81,129.06,-28.75,,,,,
8661,0,0,0,0,0,0,-40.91,-112.53,0,0,128.72,-4.61,-153.44,124.1,-29.34,,,,,
8671,0,0,0,0,0,0,-42.59,-116.59,0,0,133.37,-4.84,-159.18,128.52,-30.66,,,,,
8681,0,0,0,0,0,0,-36.83,-114.77,0,0,131.36,-4.23,-151.6,127.13,-24.47,,,,,
8691,0,0,0,0,0,0,-39.16,-111.08,0,0,128.94,-4.61,-150.24,124.32,-25.92,,,,,
8701,0,0,0,0,0,0,-39.1,-133.61,0,0,150.39,-4.48,-172.71,145.91,-26.8,,,,,
8711,0,0,0,0,0,0,-36.79,-116.62,0,0,132.55,-4.21,-153.41,128.34,-25.07,,,,,
8721,0,0,0,0,0,0,-38.41,-116.81,0,0,133.75,-4.35,-155.22,129.4,-25.82,,,,,
8731,0,0,0,0,0,0,-37.71,-121.02,0,0,137.07,-4.27,-158.73,132.79,-25.94,,,,,
8741,0,0,0,0,0,0,0,25.29,0,0,-25.29,0,25.29,-25.29,0,,,,,
8751,0,0,0,0,0,0,0,25.64,0,0,-25.63,0,25.64,-25.63,0,,,,,
8761,0,0,0,0,0,0,0,25.68,0,0,-25.67,0,25.68,-25.67,0,,,,,
8771,0,0,0,0,0,0,0,25.22,0,0,-25.22,0,25.22,-25.22,0,,,,,
8781,0,0,0,0,0,0,-38.82,-112.32,0,0,131.27,-4.68,-151.14,126.59,-24.54,,,,,
8791,0,0,0,0,0,0,0,26.55,0,0,-26.55,0,26.55,-26.55,0,,,,,
8801,0,0,0,0,0,0,0,25.46,0,0,-25.46,0,25.46,-25.46,0,,,,,
8811,0,0,0,0,0,0,0,24.07,0,0,-24.07,0,24.07,-24.07,0,,,,,
8821,0,0,0,0,0,0,0,24.17,0,0,-24.17,0,24.17,-24.17,0,,,,,
8831,0,0,0,0,0,0,0,24.21,0,0,-24.21,0,24.21,-24.21,0,,,,,
8841,0,0,0,0,0,0,0,25.74,0,0,-25.73,0,25.74,-25.73,0,,,,,
8851,0,0,0,0,0,0,0,25.67,0,0,-25.67,0,25.67,-25.67,0,,,,,
8861,0,0,0,0,0,0,0,24.52,0,0,-24.52,0,24.52,-24.52,0,,,,,
8871,0,0,0,0,0,0,0,25.45,0,0,-25.45,0,25.45,-25.45,0,,,,,
8881,0,0,0,0,0,0,0,24.52,0,0,-24.52,0,24.52,-24.52,0,,,,,
8891,0,0,0,0,0,0,-40.46,-116.53,0,0,133.79,-4.78,-156.99,129.01,-27.98,,,,,
8901,0,0,0,0,0,0,-41.48,-117.44,0,0,135.08,-4.82,-158.91,130.26,-28.65,,,,,
8911,0,0,0,0,0,0,-41.08,-114,0,0,132.1,-4.83,-155.07,127.27,-27.8,,,,,
8921,0,0,0,0,0,0,0,22.77,0,0,-22.77,0,22.77,-22.77,0,,,,,
8931,0,0,0,0,0,0,-37.09,-104.96,0,0,121.78,-4.5,-142.05,117.28,-24.76,,,,,
8941,0,0,0,0,0,0,0,25.32,0,0,-25.31,0,25.32,-25.31,0,,,,,
8951,0,0,0,0,0,0,0,24.22,0,0,-24.22,0,24.22,-24.22,0,,,,,
8961,0,0,0,0,0,0,-36.28,-111.02,0,0,128.49,-4.27,-147.3,124.22,-23.08,,,,,
8971,0,0,0,0,0,0,-38.67,-127.26,0,0,145.01,-4.76,-165.93,140.24,-25.68,,,,,
8981,0,0,0,0,0,0,-36.07,-124.86,0,0,142.84,-4.55,-160.93,138.28,-22.64,,,,,
8991,0,0,0,0,0,0,-36.84,-123.52,0,0,140.28,-4.4,-160.36,135.87,-24.49,,,,,
9001,0,0,0,0,0,0,-38.81,-111.67,0,0,129.1,-4.66,-150.47,124.44,-26.03,,,,,
9011,0,0,0,0,0,0,-37.62,-122.48,0,0,139.09,-4.37,-160.11,134.72,-25.38,,,,,
9021,0,0,0,0,0,0,-35.69,-128.92,0,0,146,-4.28,-164.61,141.72,-22.89,,,,,
9031,0,0,0,0,0,0,-37.17,-117.37,0,0,134.6,-4.29,-154.54,130.31,-24.23,,,,,
9041,0,0,0,0,0,0,-37.76,-114.24,0,0,130.66,-4.32,-152,126.35,-25.66,,,,,
9051,0,0,0,0,0,0,-36.84,-118.58,0,0,135.56,-4.24,-155.42,131.33,-24.09,,,,,
9061,0,0,0,0,0,0,-39.96,-113.84,0,0,131.61,-4.6,-153.8,127.01,-26.79,,,,,
9071,0,0,0,0,0,0,-37.03,-123.79,0,0,140.22,-4.21,-160.82,136.01,-24.81,,,,,
9081,0,0,0,0,0,0,-37.65,-128.56,0,0,145.55,-4.38,-166.22,141.17,-25.05,,,,,
9091,0,0,0,0,0,0,-39.33,-131.84,0,0,147.48,-4.56,-171.17,142.93,-28.25,,,,,
9101,0,0,0,0,0,0,-37.2,-120.41,0,0,136.93,-4.28,-157.61,132.64,-24.97,,,,,
9111,0,0,0,0,0,0,-36.6,-114.19,0,0,130.43,-4.2,-150.79,126.22,-24.57,,,,,
9121,0,0,0,0,0,0,-39.45,-114.52,0,0,132.89,-4.56,-153.97,128.33,-25.64,,,,,
9131,0,0,0,0,0,0,-36.43,-110.49,0,0,126.5,-4.15,-146.92,122.36,-24.57,,,,,
9141,0,0,0,0,0,0,-38.33,-96.45,0,0,115.85,-4.61,-134.78,111.24,-23.55,,,,,
9151,0,0,0,0,0,0,-41.35,-114.1,0,0,130.96,-4.62,-155.45,126.34,-29.11,,,,,
9161,0,0,0,0,0,0,-37.63,-104.85,0,0,121.45,-4.27,-142.49,117.18,-25.31,,,,,
9171,0,0,0,0,0,0,-42.11,-134.57,0,0,151.36,-5.02,-176.68,146.34,-30.34,,,,,
9181,0,0,0,0,0,0,-37.87,-129.59,0,0,142.98,-4.58,-167.46,138.4,-29.06,,,,,
9191,0,0,0,0,0,0,-36.18,-107.36,0,0,124.51,-4.16,-143.54,120.35,-23.19,,,,,
9201,0,0,0,0,0,0,-41.73,-107.21,0,0,125.34,-4.76,-148.94,120.58,-28.36,,,,,
9211,0,0,0,0,0,0,-40.09,-123.73,0,0,140.69,-4.61,-163.82,136.09,-27.74,,,,,
9221,0,0,0,0,0,0,-39.73,-108.1,0,0,125.53,-4.38,-147.83,121.14,-26.69,,,,,
9231,0,0,0,0,0,0,-40.19,-112.55,0,0,129.31,-4.54,-152.74,124.78,-27.96,,,,,
9241,0,0,0,0,0,0,-40.25,-112.68,0,0,128.61,-4.54,-152.92,124.07,-28.86,,,,,
9251,0,0,0,0,0,0,-39.12,-106.78,0,0,123.76,-4.38,-145.9,119.37,-26.52,,,,,
9261,0,0,0,0,0,0,-36.65,-108.57,0,0,126.43,-4.34,-145.23,122.09,-23.14,,,,,
9271,0,0,0,0,0,0,-40.25,-102.96,0,0,122.11,-4.75,-143.21,117.37,-25.84,,,,,
9281,0,0,0,0,0,0,-40.06,-110.36,0,0,128.41,-4.58,-150.42,123.84,-26.59,,,,,
9291,0,0,0,0,0,0,-39.17,-105.59,0,0,121.93,-4.25,-144.76,117.68,-27.08,,,,,
9301,0,0,0,0,0,0,-38.46,-117.42,0,0,133.83,-4.26,-155.88,129.58,-26.3,,,,,
9311,0,0,0,0,0,0,-40.07,-114.7,0,0,132.94,-4.43,-154.77,128.51,-26.26,,,,,
9321,0,0,0,0,0,0,-37.11,-123.78,0,0,140.11,-4.4,-160.89,135.71,-25.18,,,,,
9331,0,0,0,0,0,0,-40.66,-114.32,0,0,132.57,-4.7,-154.98,127.87,-27.11,,,,,
9341,0,0,0,0,0,0,-39.36,-133.71,0,0,150.58,-4.61,-173.07,145.97,-27.1,,,,,
9351,0,0,0,0,0,0,-37.1,-132.52,0,0,149.43,-4.36,-169.62,145.07,-24.55,,,,,
9361,0,0,0,0,0,0,-39.35,-119.32,0,0,136.73,-4.67,-158.67,132.06,-26.61,,,,,
9371,0,0,0,0,0,0,-36.71,-120.7,0,0,138.18,-4.4,-157.41,133.78,-23.63,,,,,
9381,0,0,0,0,0,0,-41.88,-114.88,0,0,132.67,-4.92,-156.76,127.76,-29,,,,,
9391,0,0,0,0,0,0,-38.94,-109.5,0,0,127.27,-4.58,-148.44,122.69,-25.75,,,,,
9401,0,0,0,0,0,0,-40.12,-108.53,0,0,126.27,-4.42,-148.65,121.85,-26.8,,,,,
9411,0,0,0,0,0,0,-40.57,-116.63,0,0,134.9,-4.58,-157.21,130.32,-26.89,,,,,
9421,0,0,0,0,0,0,-40.55,-122.21,0,0,140.58,-4.88,-162.76,135.7,-27.06,,,,,
9431,0,0,0,0,0,0,-39.47,-122.87,0,0,140.6,-4.54,-162.34,136.06,-26.28,,,,,
9441,0,0,0,0,0,0,-40.42,-117.79,0,0,135.38,-4.48,-158.21,130.89,-27.32,,,,,
9451,0,0,0,0,0,0,-42.32,-119.99,0,0,137.3,-4.72,-162.3,132.58,-29.72,,,,,
9461,0,0,0,0,0,0,-39.8,-103.19,0,0,120.2,-4.4,-142.98,115.79,-27.19,,,,,
9471,0,0,0,0,0,0,-42.74,-124.55,0,0,142.73,-4.66,-167.28,138.07,-29.21,,,,,
9481,0,0,0,0,0,0,-40.32,-118.06,0,0,135.48,-4.65,-158.38,130.83,-27.55,,,,,
9491,0,0,0,0,0,0,-39.11,-113.68,0,0,130.04,-4.27,-152.8,125.77,-27.03,,,,,
9501,0,0,0,0,0,0,-35.69,-116.44,0,0,134.52,-4.62,-152.13,129.91,-22.23,,,,,
9511,0,0,0,0,0,0,-38.63,-129.15,0,0,146.83,-4.66,-167.78,142.17,-25.61,,,,,
9521,0,0,0,0,0,0,-41.42,-122,0,0,140.13,-4.67,-163.42,135.46,-27.96,,,,,
9531,0,0,0,0,0,0,-38.85,-115.16,0,0,131.97,-4.36,-154.01,127.61,-26.4,,,,,
9541,0,0,0,0,0,0,-40.54,-121.92,0,0,139.33,-4.46,-162.45,134.87,-27.59,,,,,
9551,0,0,0,0,0,0,-40.18,-122.35,0,0,140.77,-4.71,-162.54,136.06,-26.48,,,,,
9561,0,0,0,0,0,0,-38.91,-119.18,0,0,136.85,-4.44,-158.09,132.41,-25.68,,,,,
9571,0,0,0,0,0,0,-39.77,-111.72,0,0,128.28,-4.29,-151.49,124,-27.49,,,,,
9581,0,0,0,0,0,0,-41.64,-119.54,0,0,136.38,-4.67,-161.18,131.72,-29.46,,,,,
9591,0,0,0,0,0,0,-40.51,-112.56,0,0,129.51,-4.49,-153.08,125.02,-28.06,,,,,
9601,0,0,0,0,0,0,-39.57,-124.69,0,0,143.27,-4.54,-164.26,138.74,-25.52,,,,,
9611,0,0,0,0,0,0,-37.93,-115.99,0,0,135.19,-4.5,-153.93,130.69,-23.24,,,,,
9621,0,0,0,0,0,0,-37.62,-114,0,0,131.97,-4.41,-151.61,127.56,-24.06,,,,,
9631,0,0,0,0,0,0,-42.58,-100.1,0,0,118.07,-4.77,-142.68,113.31,-29.37,,,,,
9641,0,0,0,0,0,0,-39.98,-112.26,0,0,130.06,-4.63,-152.24,125.43,-26.81,,,,,
9651,0,0,0,0,0,0,-39.76,-100.51,0,0,118,-4.49,-140.27,113.5,-26.77,,,,,
9661,0,0,0,0,0,0,-38.85,-126.01,0,0,146.02,-4.53,-164.86,141.49,-23.37,,,,,
9671,0,0,0,0,0,0,-41.23,-117.85,0,0,135.15,-4.74,-159.08,130.42,-28.67,,,,,
9681,0,0,0,0,0,0,-42.63,-110.05,0,0,128.09,-4.63,-152.69,123.46,-29.23,,,,,
9691,0,0,0,0,0,0,-42.17,-114.75,0,0,132.67,-4.78,-156.93,127.89,-29.04,,,,,
9701,0,0,0,0,0,0,-40,-121.81,0,0,138.91,-4.77,-161.81,134.14,-27.67,,,,,
9711,0,0,0,0,0,0,-40.12,-113.1,0,0,131.16,-4.66,-153.22,126.5,-26.72,,,,,
9721,0,0,0,0,0,0,-40.63,-122.05,0,0,139.5,-4.65,-162.68,134.85,-27.83,,,,,
9731,0,0,0,0,0,0,-42.05,-103.99,0,0,123,-4.84,-146.04,118.17,-27.88,,,,,
9741,0,0,0,0,0,0,-41.92,-108.81,0,0,127.97,-4.81,-150.73,123.16,-27.57,,,,,
9751,0,0,0,0,0,0,-39.34,-113.25,0,0,130.62,-4.66,-152.59,125.97,-26.62,,,,,
9761,0,0,0,0,0,0,-39.07,-111.31,0,0,128.11,-4.41,-150.38,123.69,-26.68,,,,,
9771,0,0,0,0,0,0,-40.18,-115.93,0,0,133.83,-4.55,-156.11,129.28,-26.83,,,,,
9781,0,0,0,0,0,0,-38.26,-115.37,0,0,132.44,-4.3,-153.63,128.14,-25.48,,,,,
9791,0,0,0,0,0,0,-42.37,-133.96,0,0,151.04,-4.95,-176.33,146.09,-30.24,,,,,
9801,0,0,0,0,0,0,-41.31,-139.72,0,0,154.42,-5.09,-181.03,149.32,-31.71,,,,,
9811,0,0,0,0,0,0,-44.8,-125.15,0,0,144.18,-4.96,-169.95,139.21,-30.74,,,,,
9821,0,0,0,0,0,0,-40.74,-117.27,0,0,135.89,-4.79,-158.01,131.1,-26.91,,,,,
9831,0,0,0,0,0,0,-39.22,-110.9,0,0,129.47,-4.55,-150.12,124.92,-25.2,,,,,
9841,0,0,0,0,0,0,-39.16,-112.73,0,0,130.35,-4.65,-151.89,125.71,-26.19,,,,,
9851,0,0,0,0,0,0,-40.59,-113.33,0,0,132.05,-4.62,-153.92,127.43,-26.49,,,,,
9861,0,0,0,0,0,0,-38.37,-127.98,0,0,146.66,-4.95,-166.35,141.72,-24.63,,,,,
9871,0,0,0,0,0,0,-39.77,-120.94,0,0,137.29,-4.41,-160.71,132.88,-27.83,,,,,
9881,0,0,0,0,0,0,-40.59,-120.41,0,0,137.92,-4.48,-161,133.44,-27.56,,,,,
9891,0,0,0,0,0,0,-39.52,-115.44,0,0,132.99,-4.58,-154.96,128.41,-26.55,,,,,
9901,0,0,0,0,0,0,-35.95,-123.44,0,0,142.05,-4.49,-159.39,137.56,-21.83,,,,,
9911,0,0,0,0,0,0,-43.27,-118.06,0,0,136.57,-4.82,-161.33,131.74,-29.59,,,,,
9921,0,0,0,0,0,0,-40.93,-111.6,0,0,129.69,-4.6,-152.54,125.09,-27.44,,,,,
9931,0,0,0,0,0,0,-37.99,-105.7,0,0,122.91,-4.32,-143.69,118.59,-25.1,,,,,
9941,0,0,0,0,0,0,-39.35,-116.13,0,0,133.2,-4.37,-155.48,128.83,-26.66,,,,,
9951,0,0,0,0,0,0,-41.61,-120.93,0,0,138.4,-4.74,-162.54,133.67,-28.87,,,,,
9961,0,0,0,0,0,0,-41.9,-115.01,0,0,132.46,-4.75,-156.91,127.71,-29.2,,,,,
9971,0,0,0,0,0,0,-42.09,-114.01,0,0,132.86,-4.86,-156.1,128,-28.1,,,,,
9981,0,0,0,0,0,0,-39.72,-104.43,0,0,121.9,-4.68,-144.15,117.22,-26.93,,,,,
9991,0,0,0,0,0,0,-40.67,-107.23,0,0,124.78,-4.7,-147.9,120.08,-27.82,,,,,
10001,0,0,0,0,0,0,-40.41,-122.6,0,0,140.59,-4.55,-163.01,136.04,-26.97,,,,,
