GENERALIZED BORN:,,,,,,,,,,,,,,,,,,,,
Complex Energy Terms,,,,,,,,,,,,,,,,,,,,
Frame #,BOND,ANGLE,DIHED,UB,IMP,CMAP,VDWAALS,EEL,1-4 VDW,1-4 EEL,EGB,ESURF,GGAS,GSOLV,TOTAL,,,,,
1,1653.72,4256,5408.76,506.87,271.14,-176.49,-4019.13,-32324.62,1788.53,22690.05,-6035.45,161.25,54.83,-5874.2,-5819.36,,,,,
11,1809.59,4285.9,5292.53,514.37,269.59,-202.18,-3896.84,-31596.6,1747.43,22506.87,-6698.95,182.1,730.64,-6516.85,-5786.2,,,,,
21,1862.21,4332.73,5275.04,504.04,275.41,-172.58,-3922.54,-31547.27,1706.77,22509.11,-6692.48,178.98,822.92,-6513.5,-5690.58,,,,,
31,1883.71,4222.63,5302.96,524.74,276.11,-205.25,-3895.99,-31503.6,1743.52,22537.51,-6801.18,184.16,886.33,-6617.02,-5730.69,,,,,
41,1827.19,4252.88,5305.17,517.2,282.25,-213.94,-3931.96,-31709.47,1708.95,22581.24,-6686.37,183.47,619.52,-6502.9,-5883.38,,,,,
51,1871.23,4218.04,5276.4,499.54,297.13,-212.39,-3871.29,-31855.42,1721.95,22470.78,-6491.58,179.57,415.98,-6312.01,-5896.04,,,,,
61,1742.75,4136.89,5279.01,500.18,276.82,-174.56,-3868.88,-31827.8,1765.75,22594.3,-6572.53,182.31,424.45,-6390.22,-5965.77,,,,,
71,1784.37,4194.59,5275.09,517.9,277.79,-164.29,-3885.68,-31898.66,1754.89,22632.36,-6563.96,180.98,488.36,-6382.98,-5894.62,,,,,
81,1819.34,4232.91,5249.28,514,269.81,-171.28,-3862.98,-31955.98,1720.87,22510.46,-6484.38,185.46,326.44,-6298.91,-5972.47,,,,,
91,1799.09,4155.25,5249.55,514.12,292.58,-185.99,-3827.09,-31998,1771.38,22783.26,-6601.23,183.61,554.15,-6417.62,-5863.47,,,,,
101,1773.66,4255.37,5259.05,511.5,287.91,-167.8,-3847.08,-31738.96,1723.59,22569.93,-6707.97,182.66,627.18,-6525.31,-5898.13,,,,,
111,1840.86,4201.76,5218.58,515.34,270.83,-139.82,-3891.7,-31705.42,1712.33,22559.72,-6702.08,189.52,582.49,-6512.57,-5930.08,,,,,
121,1816.54,4207.07,5258.85,506.41,277.22,-159.69,-3877.85,-31816.48,1749.02,22603.41,-6642.46,185.23,564.51,-6457.23,-5892.72,,,,,
131,1776.08,4242.94,5216.28,498.01,276.71,-155.75,-3844.59,-32030.62,1741.78,22686.49,-6552.24,187.24,407.32,-6364.99,-5957.67,,,,,
141,1849.15,4267.07,5262.69,515.35,278.97,-187.71,-3858.28,-31985.14,1705.22,22649.42,-6542.88,186.51,496.74,-6356.37,-5859.63,,,,,
151,1826.22,4098.25,5219.64,486.82,285.03,-166.4,-3806.71,-32029.31,1734.6,22725.93,-6539.01,187.01,374.09,-6351.99,-5977.91,,,,,
161,1810.02,4190.59,5238.06,504.91,276.04,-197.05,-3849.68,-32020.45,1746.17,22710.27,-6526.19,187.41,408.88,-6338.78,-5929.9,,,,,
171,1835.83,4223.64,5270.02,521.97,279.18,-200.01,-3853.58,-31962.92,1745.75,22690.39,-6565.31,187.12,550.28,-6378.19,-5827.92,,,,,
181,1874.22,4224.01,5210.35,506.58,275.31,-162.51,-3860.38,-32063.45,1719.91,22638.03,-6434.62,185.5,362.07,-6249.12,-5887.05,,,,,
191,1766.33,4212.12,5217.33,518.48,268.64,-164.9,-3882.86,-32008.34,1765.58,22807.48,-6589.2,186.68,499.86,-6402.52,-5902.66,,,,,
201,1833.9,4150.45,5269.81,495.49,263.61,-175.25,-3856.25,-31963.71,1742.43,22703.61,-6565.99,187.25,464.1,-6378.74,-5914.64,,,,,
211,1826.26,4191.79,5260.79,510.29,267.8,-154.85,-3877.69,-31737.94,1722.36,22604.34,-6772.26,189.83,613.15,-6582.43,-5969.28,,,,,
221,1785.7,4232.99,5285.51,505.81,302.7,-204.98,-3811.86,-31996.21,1737.42,22622.28,-6558.42,188.51,459.35,-6369.91,-5910.56,,,,,
231,1859.4,4182.17,5258.56,522.19,244.78,-214.32,-3802.91,-32090.05,1744.83,22658.01,-6466.09,190.59,362.65,-6275.49,-5912.85,,,,,
241,1752.84,4282.3,5230.67,503.38,260.87,-199.13,-3859.91,-32010.87,1761.78,22749.19,-6582.75,186.8,471.11,-6395.95,-5924.84,,,,,
251,1833.63,4232.49,5254.95,519.89,286.28,-205.19,-3857.17,-31954.86,1753.76,22605.65,-6554.22,188.13,469.44,-6366.09,-5896.65,,,,,
261,1739.49,4160.61,5274.48,497.35,272.12,-198.97,-3804.13,-31930.16,1764.05,22682.62,-6630.66,189.89,457.45,-6440.78,-5983.33,,,,,
271,1786.65,4184.17,5246.48,494.13,263.53,-195.02,-3813.12,-32147.14,1742.54,22766.68,-6476.65,188.38,328.91,-6288.28,-5959.37,,,,,
281,1739.19,4160.89,5252.89,501.55,259.8,-173.52,-3844.66,-32018.77,1743.96,22617.96,-6502.77,188.85,239.3,-6313.92,-6074.62,,,,,
291,1800.2,4207.58,5241.11,499.22,302.18,-200.37,-3828.15,-32095.77,1742.98,22716.32,-6502.4,186.48,385.28,-6315.92,-5930.64,,,,,
301,1810.57,4170.24,5276.84,502.92,283.57,-180.17,-3840.87,-32048.89,1708.08,22691.77,-6540.13,187.62,374.07,-6352.51,-5978.44,,,,,
311,1803.54,4238.54,5252.15,517.13,282.13,-198.88,-3871.83,-32005.35,1708.23,22575.99,-6463.53,188.76,301.64,-6274.77,-5973.13,,,,,
321,1825.11,4210.24,5277.88,507.76,289.67,-218.15,-3838.83,-31993.23,1756.76,22631.05,-6499.44,186.49,448.25,-6312.95,-5864.7,,,,,
331,1770.03,4186.49,5193.79,506.08,292.39,-200.37,-3930.54,-31858.94,1763.64,22603.37,-6595.17,183.06,325.94,-6412.12,-6086.18,,,,,
341,1840.1,4202.71,5219.25,508.23,261.53,-184.42,-3862.72,-31957.38,1725.49,22665.68,-6589.41,186.73,418.46,-6402.67,-5984.22,,,,,
351,1834.35,4247.35,5227.79,508.26,276.92,-210.97,-3828.27,-31907.94,1745.08,22698.33,-6649.54,187.47,590.92,-6462.07,-5871.15,,,,,
361,1766.49,4218.46,5218.98,514.45,259.31,-213.14,-3884.67,-31931.66,1726.76,22643.08,-6577.67,185.68,318.05,-6391.99,-6073.94,,,,,
371,1855.23,4205.88,5210.43,501.53,260.59,-169.72,-3849.54,-31994.38,1746.54,22663.26,-6521.39,186.45,429.82,-6334.94,-5905.12,,,,,
381,1840.65,4200.3,5206.41,510.51,270.77,-182.3,-3856.74,-32133.83,1744.53,22662.07,-6426.43,184.9,262.37,-6241.53,-5979.16,,,,,
391,1835.77,4182.15,5218.34,503.96,256.93,-184.27,-3890.88,-32146.59,1746.53,22653.35,-6427.42,183.73,175.29,-6243.69,-6068.4,,,,,
401,1831.6,4207.52,5241.25,512.27,267.9,-212.77,-3884.02,-31874.53,1697.29,22608.74,-6622,182.76,395.24,-6439.23,-6043.99,,,,,
411,1852.29,4321.47,5211.35,508.89,276.34,-186.08,-3864.35,-31643.53,1726.06,22486.03,-6750.86,188.58,688.48,-6562.28,-5873.8,,,,,
421,1832.31,4161.81,5267.42,485.04,277.48,-178.15,-3886.12,-31775.52,1742.2,22614.11,-6706.12,185.44,540.58,-6520.68,-5980.1,,,,,
431,1832.94,4235.49,5265.06,510.1,275.11,-190.98,-3858.32,-31990.19,1745.19,22691.27,-6590.69,185.37,515.68,-6405.32,-5889.64,,,,,
441,1758.93,4202.61,5259.4,487.13,282.53,-188.37,-3859.48,-31916.97,1752.74,22656.61,-6594.99,185.47,435.12,-6409.52,-5974.4,,,,,
451,1724.53,4092.86,5196.39,485.44,270.66,-168.66,-3827.52,-32014.69,1743.64,22773.69,-6650.75,188.12,276.33,-6462.63,-6186.3,,,,,
461,1832.89,4200.36,5265.33,499.83,266.22,-220.47,-3798.54,-32046.41,1734.27,22626.05,-6538.87,188.74,359.53,-6350.13,-5990.6,,,,,
471,1845.75,4269.98,5235.48,506.74,281.71,-188.3,-3869.64,-31971.08,1732.83,22633.56,-6599.42,181.14,477.05,-6418.28,-5941.23,,,,,
481,1735.98,4210.01,5294.7,505.51,276.82,-189.67,-3866.53,-32063.48,1740.35,22722,-6556.91,181.19,365.7,-6375.72,-6010.02,,,,,
491,1876.62,4174.67,5212.62,492.65,267.79,-204.77,-3876.43,-31822.32,1725.07,22485.01,-6568.66,181.15,330.92,-6387.51,-6056.6,,,,,
501,1818.33,4182.02,5250.34,518.52,283.3,-213.54,-3859.02,-31863.58,1760.01,22562.2,-6613.97,183.84,438.58,-6430.13,-5991.55,,,,,
511,1788.76,4231.71,5210.8,491.43,283.04,-200.26,-3844.64,-31828.8,1763.72,22561.33,-6646.83,185.66,457.1,-6461.18,-6004.08,,,,,
521,1864.89,4152.71,5231.59,501.95,271.02,-182.01,-3829.11,-31906.3,1720.61,22638.08,-6651.75,189.36,463.42,-6462.39,-5998.98,,,,,
531,1835.39,4176.43,5205.57,531.84,270.81,-188.75,-3835.57,-31765.3,1760.81,22653.59,-6766.38,184.87,644.83,-6581.51,-5936.67,,,,,
541,1773.11,4246.85,5216.07,512.14,272.78,-181.2,-3856.37,-31925.02,1760.19,22675.22,-6631.18,185.99,493.77,-6445.2,-5951.42,,,,,
551,1865.75,4203.17,5253.12,522.65,264.71,-172.61,-3862.94,-32028.25,1755.24,22622.65,-6474.04,180.03,423.5,-6294.01,-5870.51,,,,,
561,1864.03,4181.05,5199.09,521.91,286.1,-180.66,-3884.47,-32000.7,1717.56,22612.16,-6477.58,185.38,316.05,-6292.19,-5976.14,,,,,
571,1824.24,4148.01,5181.25,476.31,286.36,-181.91,-3894.13,-32142.34,1772.4,22644.92,-6364.49,175.46,115.1,-6189.02,-6073.92,,,,,
581,1843.3,4274.36,5171,519.23,283.94,-214.22,-3889.84,-32110.19,1740.27,22582.51,-6373.56,180.49,200.36,-6193.07,-5992.71,,,,,
591,1775,4152.85,5223.34,517.84,271.15,-207.01,-3802.4,-32096.97,1776.87,22541.74,-6404.61,179.84,152.4,-6224.77,-6072.36,,,,,
601,1823.02,4198.52,5222.27,498.31,277.37,-175.84,-3895.95,-32079.01,1733.73,22702.2,-6487.04,179.77,304.61,-6307.28,-6002.66,,,,,
611,1767.73,4211.81,5210.29,511.95,270.67,-159.58,-3932.91,-32095.43,1747.63,22558.94,-6396.87,181.52,91.1,-6215.35,-6124.25,,,,,
621,1828.7,4243.78,5178.63,497.16,270.95,-175.53,-3854.45,-31894.19,1781.29,22519.34,-6509.17,185.71,395.67,-6323.46,-5927.79,,,,,
631,1840.39,4158.33,5275.51,499.69,260.45,-203.41,-3877.6,-31918.16,1729.85,22637.16,-6596.15,184.86,402.2,-6411.29,-6009.08,,,,,
641,1746.12,4263.14,5229.1,512.81,262.04,-202.29,-3898.29,-31973.36,1733.27,22659.05,-6483.88,179.84,331.59,-6304.03,-5972.45,,,,,
651,1840.25,4271.81,5203.84,518.23,261.87,-168.79,-3872.94,-32140.82,1737.63,22585.92,-6392.25,181.64,237,-6210.61,-5973.61,,,,,
661,1790.37,4177.22,5207.34,511.32,254.56,-176.22,-3869.78,-32003.23,1751.81,22573.35,-6487.46,181.42,216.74,-6306.05,-6089.31,,,,,
671,1775.38,4168.15,5182.32,487.13,256.58,-184.26,-3908.66,-32034.32,1731.51,22708.7,-6486.86,183.29,182.53,-6303.57,-6121.03,,,,,
681,1840.35,4195.38,5207.74,507.41,267.75,-208.02,-3907.75,-31908.01,1725.27,22606.37,-6511.99,183.31,326.51,-6328.67,-6002.17,,,,,
691,1819.13,4231.33,5217.47,515.79,289.06,-189.95,-3854.4,-32086.86,1737.02,22525.91,-6369.07,179.98,204.51,-6189.09,-5984.58,,,,,
701,1782.71,4231.07,5228.97,503.3,274.77,-195.95,-3898.76,-32005.63,1735.15,22521.77,-6419.94,183.67,177.4,-6236.26,-6058.86,,,,,
711,1733.2,4229.22,5199.84,508.16,301.84,-171.21,-3842.45,-32110.62,1733.79,22601.26,-6398.6,184.76,183.03,-6213.84,-6030.82,,,,,
721,1832.87,4217.12,5242.21,511.36,292.87,-200.18,-3867.32,-31755.24,1702.98,22471.56,-6651.75,184.96,448.23,-6466.8,-6018.56,,,,,
731,1828.53,4250.39,5278.88,508.45,255.55,-200.69,-3904.1,-31896.46,1711.29,22578.82,-6543.1,188.58,410.66,-6354.53,-5943.87,,,,,
741,1808.9,4176.75,5239.8,495.62,287.25,-186.67,-3889.68,-31898.71,1742.86,22608.27,-6587.23,185.57,384.38,-6401.66,-6017.28,,,,,
751,1891.62,4215.63,5215.32,505.79,298.32,-214,-3851.15,-31920.12,1720.65,22525.7,-6536.73,186.15,387.75,-6350.58,-5962.83,,,,,
761,1833.46,4158.14,5210.97,525.64,277.9,-201.18,-3842.78,-31812.46,1745.85,22547.76,-6620.17,185.58,443.29,-6434.59,-5991.3,,,,,
771,1810.21,4249.53,5198.38,519.2,270.23,-186.75,-3843.15,-31906.18,1726.35,22547.43,-6567.74,184.63,385.25,-6383.11,-5997.86,,,,,
781,1887.97,4194.07,5155.98,495.65,289.64,-178.59,-3800.91,-31940.79,1720.39,22539.75,-6542.1,185.49,363.15,-6356.6,-5993.45,,,,,
791,1833.22,4197.61,5246.22,520.18,250.54,-216.66,-3805.71,-31729.64,1753.36,22479.16,-6664.82,189.47,528.28,-6475.34,-5947.06,,,,,
801,1790.02,4158.47,5306.24,487.69,268.25,-188.58,-3854.22,-31946.4,1717.78,22535.01,-6490.59,181.63,274.25,-6308.96,-6034.71,,,,,
811,1830.28,4225.96,5173.47,507.37,271.38,-188.65,-3835.13,-31871.25,1717.03,22631.47,-6649.73,186.87,461.94,-6462.86,-6000.93,,,,,
821,1841.36,4318.8,5245.96,522.54,264.75,-188.34,-3883.4,-31818.13,1717.31,22484.54,-6585.08,184.2,505.4,-6400.88,-5895.49,,,,,
831,1794.02,4105.76,5224.04,507.08,261.9,-215.32,-3864.31,-31740.9,1740.95,22669.92,-6782.55,187.82,483.14,-6594.74,-6111.59,,,,,
841,1770.11,4266.56,5189.72,515.84,273.23,-197.27,-3875.82,-31764.69,1720.86,22521.77,-6647.48,184.07,420.31,-6463.41,-6043.09,,,,,
851,1815.76,4210.46,5251.99,511.17,291.81,-217.9,-3887.33,-31784.37,1736.26,22611.14,-6677.68,183.71,538.99,-6493.97,-5954.98,,,,,
861,1796.32,4233.45,5231.57,509.33,286.2,-205.97,-3879.25,-31846.35,1757.75,22585.08,-6579.41,181.89,468.14,-6397.52,-5929.38,,,,,
871,1794.78,4200.34,5198.33,518.66,264.21,-239.13,-3933.27,-31834.74,1727.81,22611.83,-6621.91,183.93,308.82,-6437.99,-6129.16,,,,,
881,1805.92,4179.48,5184.84,505.57,271.69,-174.19,-3850.79,-31974.54,1742.35,22685.83,-6547.83,182.8,376.15,-6365.03,-5988.87,,,,,
891,1806.51,4271.61,5204.01,505.38,284.75,-201.43,-3910.57,-31718.8,1716.19,22520.18,-6658.91,180.61,477.82,-6478.3,-6000.48,,,,,
901,1851.54,4229.27,5231.63,513.27,286.49,-192.86,-3904.44,-31796.03,1717.38,22514.52,-6644.57,184.23,450.77,-6460.35,-6009.57,,,,,
911,1850.58,4167.16,5231.9,519.03,259.51,-204.42,-3880.88,-31788.59,1713.32,22528.14,-6611.95,181.54,395.74,-6430.41,-6034.67,,,,,
921,1798.83,4184.15,5214.79,502.66,267.24,-188.62,-3876.07,-31808.98,1754.82,22428.85,-6572.37,183.06,277.67,-6389.31,-6111.63,,,,,
931,1836.13,4306.63,5207.68,525.27,289.12,-185.25,-3892.55,-31831.39,1745.02,22467.23,-6508.04,183.45,467.89,-6324.59,-5856.7,,,,,
941,1830.31,4180.75,5294.51,518.71,282.43,-203.68,-3860.92,-31922.01,1764.31,22558.75,-6524.88,181.99,443.16,-6342.88,-5899.72,,,,,
951,1814.54,4224.24,5206.64,514.45,266.22,-191.77,-3853.4,-31947.69,1740.38,22456.32,-6456.23,180.93,229.92,-6275.3,-6045.38,,,,,
961,1824.48,4237.25,5257.03,506.11,279.14,-196.8,-3852.11,-31826.5,1760.6,22544.87,-6588.76,185.21,534.07,-6403.56,-5869.49,,,,,
971,1863.22,4184.75,5237.83,511.2,274.43,-180.36,-3850.85,-31738.29,1721.09,22500.05,-6666.99,185.7,523.06,-6481.3,-5958.23,,,,,
981,1813.31,4135.65,5265.96,492.89,282.49,-203.8,-3878.9,-31805.3,1740.6,22565.81,-6610.11,182.8,408.71,-6427.3,-6018.59,,,,,
991,1772.86,4183.19,5218.68,497.67,251.31,-193.08,-3891.99,-31811.74,1748.3,22595.29,-6604.45,182.75,370.48,-6421.69,-6051.21,,,,,
1001,1892.09,4234.44,5214.15,511.6,273.01,-172.22,-3899.46,-31899.49,1701.39,22534.44,-6551.66,179.39,389.94,-6372.27,-5982.34,,,,,
1011,1757.42,4173.77,5212.66,507.07,266.61,-196.08,-3863.03,-31935.18,1750.35,22580.55,-6477.37,177.55,254.15,-6299.83,-6045.68,,,,,
1021,1853.03,4267.75,5199.9,520.77,255.36,-211.9,-3897.56,-31948.37,1687.87,22572.83,-6510.56,182.75,299.68,-6327.81,-6028.14,,,,,
1031,1785.58,4222.83,5184.53,499.61,265.32,-183.63,-3859.81,-31999.96,1720.76,22699.05,-6571.92,182.5,334.3,-6389.41,-6055.11,,,,,
1041,1838.03,4209.6,5237.88,505.69,281.84,-184.82,-3932.58,-31919.39,1713.4,22534.89,-6471.42,181.1,284.53,-6290.31,-6005.78,,,,,
1051,1786.04,4225.42,5256.39,515.28,262.5,-197.3,-3947.43,-32111.73,1746.82,22651.45,-6351.98,180.46,187.45,-6171.52,-5984.07,,,,,
1061,1889.56,4208.15,5203.35,508.74,273.42,-190.01,-3870.12,-31955.44,1731.64,22604.06,-6459.6,182.77,403.36,-6276.83,-5873.47,,,,,
1071,1729.99,4261.35,5264.15,514.05,294.32,-193.68,-3925.96,-32115.05,1772.04,22672.57,-6345.68,182.69,273.79,-6163,-5889.21,,,,,
1081,1840.33,4168.11,5201.45,528.77,261.55,-191.71,-3911.44,-32091.14,1745.14,22650.4,-6382.76,179.62,201.47,-6203.14,-6001.68,,,,,
1091,1799.7,4127.39,5261.11,506.34,275.7,-175.77,-3909.36,-31868.94,1750.9,22590.39,-6549.55,180.42,357.48,-6369.13,-6011.65,,,,,
1101,1793.55,4154.26,5232.66,496.61,277.69,-189.84,-3882.45,-32126.9,1765.08,22767.31,-6443.46,180.34,287.97,-6263.12,-5975.15,,,,,
1111,1784.63,4180.78,5217.32,502.05,264.22,-179.53,-3890.64,-32006.73,1761.29,22568.71,-6370.11,178.35,202.08,-6191.76,-5989.67,,,,,
1121,1780.41,4162.51,5187.19,510.27,265.08,-194.14,-3880.58,-32085.58,1740.58,22723.1,-6428.3,184.24,208.83,-6244.06,-6035.23,,,,,
1131,1816.27,4240.42,5255.15,504.45,286.24,-182.96,-3914.05,-32107.95,1692.37,22604.27,-6396.76,180.19,194.2,-6216.57,-6022.37,,,,,
1141,1774.57,4214.96,5240.51,514.16,268.33,-204.01,-3881.46,-32132.76,1746.76,22687.5,-6374.37,180.84,228.55,-6193.53,-5964.98,,,,,
1151,1759.02,4214.84,5201.33,519.66,251.31,-194.81,-3876.53,-32173.79,1738.89,22721.52,-6396.71,180.94,161.44,-6215.77,-6054.33,,,,,
1161,1857.56,4277.29,5204.85,507.55,267.28,-186.1,-3926.33,-32166.69,1745.13,22625.57,-6282.22,179.7,206.1,-6102.51,-5896.42,,,,,
1171,1776.96,4281.56,5215.15,502.27,276.32,-183.16,-3853.46,-32096.28,1727.16,22612.16,-6376.64,181.05,258.68,-6195.6,-5936.92,,,,,
1181,1744.37,4194.61,5179.6,504.31,281.09,-190.95,-3884.63,-32170.15,1753.77,22662.37,-6324.48,180.15,74.4,-6144.34,-6069.93,,,,,
1191,1800.71,4220.91,5209.94,518.14,266.5,-201.16,-3961.76,-32150.18,1683.27,22587.12,-6338.43,181.6,-26.5,-6156.83,-6183.34,,,,,
1201,1774.25,4218.5,5249.2,520.25,255.49,-186.82,-3869.74,-32241.55,1739.82,22646.27,-6296.63,177.87,105.68,-6118.75,-6013.08,,,,,
1211,1773.09,4233.05,5234.61,505.3,271.16,-168.33,-3943.74,-32153.15,1724.61,22663.7,-6388.17,178.2,140.29,-6209.97,-6069.68,,,,,
1221,1822.62,4154.14,5237.07,510.79,276.29,-187.44,-3913.91,-32151.74,1757.55,22646.44,-6337.43,178.98,151.81,-6158.45,-6006.64,,,,,
1231,1836.89,4259.89,5235.44,536.17,275.39,-201.28,-3868.16,-32040.31,1735.06,22706.92,-6515.35,179.79,476.01,-6335.56,-5859.55,,,,,
1241,1788.46,4179.14,5225.62,504.8,267.2,-176.72,-3913.51,-31944,1758.46,22571.13,-6478.48,180.59,260.58,-6297.88,-6037.3,,,,,
1251,1847.41,4212.82,5209.14,518.03,268.81,-171.56,-3869.78,-31935.74,1730.9,22518.6,-6527.16,179.76,328.63,-6347.4,-6018.77,,,,,
1261,1785.43,4213.52,5236.35,503.29,264.65,-192.49,-3901.92,-31893.87,1747.69,22643.18,-6549.31,181.94,405.83,-6367.37,-5961.54,,,,,
1271,1776.68,4296.36,5217.99,509.79,276.61,-202.11,-3940.1,-31859.11,1729.15,22629.57,-6628.67,182.39,434.82,-6446.28,-6011.46,,,,,
1281,1862.28,4246.46,5261.66,522.6,286.4,-196.09,-3908.89,-31905.95,1741.63,22555.6,-6500.1,180.03,465.71,-6320.07,-5854.35,,,,,
1291,1817.89,4260.81,5194.05,537.65,261.66,-168.21,-3939.84,-31817.31,1725.56,22394.77,-6511.44,182.15,267.04,-6329.28,-6062.24,,,,,
1301,1850.69,4180.59,5196.79,518.89,273.39,-178.51,-3888.5,-32013.74,1734.97,22558.9,-6392.79,182.15,233.47,-6210.64,-5977.18,,,,,
1311,1740.04,4209.17,5244.23,512.83,269.17,-203.97,-3823.27,-31831.88,1768.6,22566.14,-6579.29,181.98,451.05,-6397.3,-5946.25,,,,,
1321,1799.37,4185.79,5275.97,510.08,257.8,-181.21,-3921.96,-32018.67,1776.93,22632.41,-6431.13,176.4,316.51,-6254.73,-5938.23,,,,,
1331,1794.63,4319.6,5212.1,513.32,273.38,-195.1,-3902.01,-31841.56,1744.09,22563.1,-6546.25,181.49,481.54,-6364.75,-5883.21,,,,,
1341,1858.74,4178.13,5230.96,503.67,260.74,-201.24,-3890.91,-31841.16,1784.19,22598.1,-6551.52,183.17,481.23,-6368.36,-5887.12,,,,,
1351,1833.76,4158.97,5184.17,503.2,287.6,-211.49,-3887.69,-32024.38,1728.02,22577.81,-6377.14,178.46,149.98,-6198.68,-6048.71,,,,,
1361,1796.52,4219.9,5260.19,522.98,288.57,-193.25,-3855.15,-32080.1,1753.31,22532.87,-6301.4,176.52,245.84,-6124.88,-5879.04,,,,,
1371,1858.44,4283.22,5235.82,513.88,263.99,-177.85,-3927.67,-31964.31,1707.59,22496.59,-6400.55,177.68,289.72,-6222.86,-5933.15,,,,,
1381,1784.62,4159.6,5146.92,487.36,247.05,-201.92,-3901.56,-31914.89,1736.66,22516.14,-6420.78,178.18,59.99,-6242.6,-6182.61,,,,,
1391,1747.24,4139.92,5223.38,507.21,300.08,-205.03,-3909.23,-32000.46,1762.55,22640.13,-6417.03,179.59,205.79,-6237.44,-6031.64,,,,,
1401,1795.71,4185.05,5215.27,501.97,285.03,-172.22,-3894.82,-31815.85,1744.07,22492.31,-6561.62,178.69,336.52,-6382.93,-6046.41,,,,,
1411,1829.32,4177.95,5249.05,509.4,272.35,-168.81,-3881.03,-32080.28,1730.55,22610.48,-6419.98,178.37,248.98,-6241.61,-5992.63,,,,,
1421,1803.92,4155.88,5210.39,503.21,265.32,-176.95,-3874.62,-32003.73,1761.99,22583.37,-6485.15,187.17,228.77,-6297.97,-6069.2,,,,,
1431,1836.82,4257.34,5236.37,510.43,283.81,-202.48,-3863.37,-31844.39,1732.32,22629.45,-6628.29,183.26,576.31,-6445.03,-5868.72,,,,,
1441,1816.22,4324.3,5261.95,520.17,280.81,-196.05,-3880.75,-31684.37,1724.91,22477.9,-6645.91,182.62,645.09,-6463.29,-5818.2,,,,,
1451,1822.73,4295.77,5194.65,517.43,260.38,-192.61,-3888.85,-31656.59,1720.81,22508.74,-6695.46,181.78,582.46,-6513.68,-5931.22,,,,,
1461,1771.92,4177.51,5285.31,501.14,271.39,-193.93,-3941.68,-31717.65,1751.27,22543.87,-6647.07,183.49,449.17,-6463.58,-6014.41,,,,,
1471,1801.82,4178.86,5190.87,498.45,274.09,-155.76,-3860.32,-31864.6,1721.34,22527.36,-6507.54,176.81,312.12,-6330.73,-6018.62,,,,,
1481,1883.74,4166.73,5210.09,528.7,271.47,-164.55,-3865.52,-31796.71,1745.15,22530.64,-6602.78,180.65,509.74,-6422.13,-5912.39,,,,,
1491,1779.28,4135.91,5198.14,500.5,278.73,-180.95,-3880.1,-31776.44,1748.48,22595.28,-6609.74,181.36,398.83,-6428.38,-6029.55,,,,,
1501,1803.52,4210.13,5150.46,499.33,290.6,-166.72,-3880.8,-31947.84,1765.59,22539.68,-6487.19,181.32,263.97,-6305.87,-6041.9,,,,,
1511,1809.63,4249.88,5153.26,514.56,273.4,-192.39,-3849.38,-31958.74,1725.62,22628.5,-6551.65,185.3,354.33,-6366.35,-6012.01,,,,,
1521,1864.5,4252.58,5171.54,503.01,266.04,-186.65,-3895.54,-31871.82,1715.2,22606.95,-6564.95,178.39,425.8,-6386.56,-5960.76,,,,,
1531,1828.44,4287.82,5155.9,524.99,285.94,-156.97,-3918.63,-31787.59,1725.94,22575.89,-6631.82,178.47,521.72,-6453.35,-5931.63,,,,,
1541,1776.07,4231.95,5250.28,507.28,282.32,-189.5,-3835.17,-31679.02,1706.48,22567.72,-6731.1,188.98,618.41,-6542.11,-5923.7,,,,,
1551,1788.96,4118.56,5209.72,501.9,269.74,-175.62,-3884.28,-32098.65,1739.28,22787.69,-6511.79,183.6,257.31,-6328.19,-6070.88,,,,,
1561,1771.73,4193.85,5253.05,517.72,269.87,-180.01,-3870.77,-31825.11,1744.66,22564.23,-6604.8,183.5,439.23,-6421.3,-5982.07,,,,,
1571,1818,4235.92,5155.3,526.1,274.87,-177.97,-3818.63,-31739.95,1716.05,22558.89,-6746.46,184.28,548.58,-6562.18,-6013.59,,,,,
1581,1741.06,4235.98,5202.89,525.5,272.41,-177.69,-3844.65,-31863.8,1702.4,22640.33,-6671.19,186.34,434.44,-6484.85,-6050.41,,,,,
1591,1821.56,4183.32,5199.77,515.09,251.84,-175.11,-3855.62,-31923.62,1760.2,22651.97,-6580.93,181.57,429.39,-6399.36,-5969.97,,,,,
1601,1759.44,4140.53,5222.38,497.88,270.9,-175.04,-3860.7,-31938.79,1744.96,22688.93,-6564.26,182.73,350.49,-6381.53,-6031.04,,,,,
1611,1779.08,4200.06,5207.67,508.37,264.98,-158.5,-3869.76,-31968.52,1725.38,22696.24,-6589.81,184.76,385.01,-6405.05,-6020.04,,,,,
1621,1820.45,4270.1,5161.25,520.02,276.64,-204.83,-3884.33,-31868.52,1762.72,22667.49,-6664.82,188.25,520.99,-6476.56,-5955.58,,,,,
1631,1805.5,4162.93,5208.7,504.1,265.48,-163.08,-3885.72,-31731.59,1742.66,22620.54,-6707.87,189.49,529.53,-6518.38,-5988.85,,,,,
1641,1888.6,4205.41,5203.06,515.39,270.13,-171.6,-3876.71,-31882.05,1690.14,22615.46,-6574.85,187.2,457.83,-6387.65,-5929.82,,,,,
1651,1827.54,4242.46,5204.3,513.93,284.99,-182.2,-3878.18,-31793.82,1726.4,22581.52,-6646.33,185.13,526.95,-6461.2,-5934.25,,,,,
1661,1771.15,4202.44,5207.18,526.6,289.58,-190.96,-3969.84,-31871.04,1767.93,22740.24,-6577.42,180.31,473.27,-6397.11,-5923.84,,,,,
1671,1798.88,4189.77,5273,509.86,295.33,-215.49,-3940.98,-31894.53,1735.74,22611.14,-6527.47,180.99,362.7,-6346.48,-5983.78,,,,,
1681,1861.58,4194.27,5214.71,492.16,292.81,-179.66,-3867.98,-31821.29,1736.57,22508.29,-6569.42,182.86,431.47,-6386.56,-5955.09,,,,,
1691,1806.84,4168.37,5194.34,493.76,246.19,-195.57,-3892.09,-31755.04,1726.68,22598.79,-6675.89,182.04,392.26,-6493.86,-6101.59,,,,,
1701,1850.49,4208.98,5217.14,514.44,292.51,-175.74,-3878.66,-31908.4,1740.07,22616.21,-6552.42,179.59,477.04,-6372.83,-5895.78,,,,,
1711,1815.76,4210.24,5257.24,515.58,257.54,-196.72,-3921.97,-31786.62,1725.47,22543.88,-6588.06,180.13,420.39,-6407.93,-5987.54,,,,,
1721,1795.43,4266.12,5198.03,512.98,261.25,-166.45,-3894.82,-31712.21,1759.79,22647.26,-6737.89,178.23,667.39,-6559.66,-5892.26,,,,,
1731,1817.1,4180.02,5163.91,500.21,253.94,-196.02,-3910.91,-31701.65,1733.19,22677.01,-6739.26,182.86,516.8,-6556.39,-6039.59,,,,,
1741,1850.48,4210.01,5254.57,525.29,272.55,-186.16,-3924.27,-31834.71,1735.45,22610.36,-6596.65,177.87,513.56,-6418.78,-5905.22,,,,,
1751,1830.34,4138.51,5190.81,503.37,270.3,-189.17,-3912.98,-31837.73,1757.36,22669.5,-6616.59,183.12,420.32,-6433.48,-6013.16,,,,,
1761,1768.82,4217.69,5209.45,513.99,277.89,-183.24,-3908.65,-31748.13,1710.23,22551.48,-6614.49,180.22,409.54,-6434.27,-6024.73,,,,,
1771,1830.55,4151.52,5219.33,508.95,272.91,-197.33,-3905.86,-31821.71,1705.71,22642.6,-6633.23,183.51,406.67,-6449.72,-6043.05,,,,,
1781,1815.29,4205.21,5220.07,518.15,271.67,-160.9,-3898.34,-31870.53,1720.26,22644.95,-6569.25,178.63,465.84,-6390.62,-5924.79,,,,,
1791,1797.53,4155.38,5202.84,503.46,272.54,-193.05,-3924.53,-31745.36,1736.34,22614.9,-6651.18,180.88,420.05,-6470.29,-6050.25,,,,,
1801,1792.67,4219.73,5218.76,511.06,258.74,-182.57,-3939.83,-31871.38,1732.85,22686.48,-6600.24,178.25,426.51,-6421.98,-5995.48,,,,,
1811,1745.83,4216.7,5256.7,509.39,253.48,-210.93,-3946.84,-31796.49,1700.57,22646.38,-6635.98,182.62,374.81,-6453.36,-6078.55,,,,,
1821,1810.84,4243.66,5217.06,511.36,283.68,-190.66,-3891.05,-32000.56,1749.25,22619.13,-6485.86,179.08,352.7,-6306.78,-5954.08,,,,,
1831,1811.07,4212.92,5217.12,505.5,255.28,-193.9,-3901.77,-31786.41,1741.24,22607.06,-6604.74,180.79,468.11,-6423.95,-5955.84,,,,,
1841,1782.64,4134.5,5147.7,508.99,260.1,-192.53,-3904.57,-31846.99,1749.12,22635.8,-6609.29,179.59,274.77,-6429.71,-6154.94,,,,,
1851,1804.08,4107.87,5229.59,500.95,286.61,-175.15,-3915.3,-31932.11,1747.02,22612.64,-6503.38,179.71,266.21,-6323.67,-6057.47,,,,,
1861,1840.06,4215.53,5235.47,491.82,280.85,-198.64,-3885.36,-31840.96,1722.82,22632,-6644.26,179.26,493.6,-6465,-5971.4,,,,,
1871,1816.22,4195.12,5217.93,509.37,271.08,-172.67,-3930.74,-31623.05,1732.5,22594.77,-6784.15,179.77,610.54,-6604.38,-5993.84,,,,,
1881,1771.46,4215.09,5229.67,497.62,277.29,-162.66,-3937.91,-31998.43,1745.27,22664.12,-6487.97,178.32,301.52,-6309.65,-6008.13,,,,,
1891,1744.89,4132.18,5216.85,497.86,270.09,-164.91,-3870.48,-31863.93,1754.59,22720.4,-6670.92,179.74,437.54,-6491.18,-6053.64,,,,,
1901,1827.72,4247.97,5214.15,518.29,280.14,-165.18,-3907.54,-31708.15,1704.16,22561.26,-6675.55,181.2,572.82,-6494.35,-5921.53,,,,,
1911,1720.33,4254.51,5224.45,516.89,283.38,-189.21,-3922.93,-31806.46,1734.7,22636.82,-6604.69,180.16,452.49,-6424.53,-5972.04,,,,,
1921,1787.59,4143.85,5212.88,515.03,261.91,-195.74,-3919.32,-31900.39,1744.56,22703.22,-6627.32,178.38,353.61,-6448.93,-6095.32,,,,,
1931,1785.7,4234.25,5225.52,495.35,281.22,-179.74,-3921.08,-31717.51,1742.76,22548.68,-6681.32,178.29,495.14,-6503.04,-6007.9,,,,,
1941,1764.52,4232.04,5194.94,515.77,264.42,-191.11,-3925.96,-31782.53,1744.67,22671.34,-6618.82,174.62,488.09,-6444.2,-5956.1,,,,,
1951,1808.37,4228.83,5195.36,509.72,259.54,-199.86,-3915.05,-31748.16,1738.94,22625.45,-6668.04,181.88,503.15,-6486.16,-5983.01,,,,,
1961,1809.93,4237.25,5181.78,513.05,299.09,-189.37,-3954.41,-31860.42,1708.19,22625.37,-6588.05,177.35,370.44,-6410.71,-6040.27,,,,,
1971,1791.67,4271.64,5229.06,503.36,262.06,-211.78,-3872.99,-31659.44,1746.29,22567.23,-6751.24,178.8,627.08,-6572.44,-5945.36,,,,,
1981,1801.98,4105.48,5228.67,493.67,282.08,-184.17,-3925.67,-31939.56,1750.98,22722.37,-6562.96,178.48,335.82,-6384.47,-6048.65,,,,,
1991,1765.13,4209.85,5238.13,512.36,272.35,-213.02,-3866.67,-31761.94,1716.38,22564.09,-6686.76,181.86,436.67,-6504.9,-6068.23,,,,,
2001,1800.58,4203.41,5207.32,510.98,256.9,-183.01,-3926.76,-31703.78,1753.91,22654.81,-6784.74,179.36,574.35,-6605.38,-6031.03,,,,,
2011,1768.39,4180.47,5254.4,505.17,287.49,-201.31,-3948.68,-31705.31,1754.02,22646.46,-6702.05,182.78,541.1,-6519.27,-5978.17,,,,,
2021,1822.33,4208.54,5216.66,525.18,271.97,-205.37,-3941.6,-31870.23,1727.45,22569.26,-6509.62,181.34,324.19,-6328.29,-6004.1,,,,,
2031,1832.68,4241.43,5223.93,526.38,266.75,-190.35,-3915.98,-32099.72,1727.98,22716.43,-6454.93,180.46,329.53,-6274.47,-5944.94,,,,,
2041,1830.23,4165.38,5185.69,511.86,279.03,-189.85,-3896.32,-31901.97,1722.66,22630.16,-6535.69,184.09,336.88,-6351.6,-6014.72,,,,,
2051,1829.09,4155.71,5204.7,497.99,255.04,-182.78,-3861.72,-31797.59,1718.35,22561.48,-6604.94,184.83,380.28,-6420.11,-6039.83,,,,,
2061,1782.19,4211.75,5236,511.69,286.04,-203.22,-3897.41,-31746.7,1740.94,22567.34,-6695.69,185.39,488.63,-6510.3,-6021.67,,,,,
2071,1758.68,4276.01,5240.73,520.79,280.8,-185.5,-3866.88,-31712.37,1769.41,22436.17,-6589.47,180.15,517.83,-6409.32,-5891.49,,,,,
2081,1854.56,4251.42,5177.37,515.97,284.17,-184.7,-3885.92,-31715.54,1737.75,22511.95,-6676.26,181.04,547.03,-6495.22,-5948.19,,,,,
2091,1801.44,4160,5243.66,504.79,280.54,-168.83,-3906,-31639.74,1744.95,22602.3,-6735,186.88,623.11,-6548.12,-5925.01,,,,,
2101,1810.4,4197.99,5200.21,498.67,288.71,-163.26,-3852.74,-31834.75,1721.52,22615.53,-6617.97,181.63,482.29,-6436.35,-5954.06,,,,,
2111,1776.28,4336.15,5193.64,509.28,277.09,-170.69,-3935.95,-31663.38,1765.2,22603.33,-6680.12,183.06,690.94,-6497.06,-5806.12,,,,,
2121,1849.86,4167.39,5211.04,482.61,281.4,-174.25,-3940.86,-31592.42,1703.7,22567.54,-6764.29,183.08,556,-6581.22,-6025.22,,,,,
2131,1792.95,4213.68,5191.59,504.22,296.54,-182.06,-3937.52,-31703.27,1760.53,22529.81,-6634.1,179,466.48,-6455.1,-5988.62,,,,,
2141,1791.4,4311.15,5186.82,530.54,273.01,-196.93,-3914.29,-31832.86,1723.74,22665.99,-6652.15,178.16,538.56,-6473.99,-5935.42,,,,,
2151,1754.39,4230.51,5157.26,501.58,291.04,-164.15,-3915.71,-31922.99,1710.29,22564.23,-6430.79,177.06,206.44,-6253.73,-6047.29,,,,,
2161,1814.28,4232.16,5175.37,499.83,267.77,-172.58,-3862.44,-31838.28,1728.69,22481.05,-6524.14,182.31,325.87,-6341.82,-6015.95,,,,,
2171,1793.41,4248.94,5195.3,505.72,263,-190.53,-3876.42,-32051.92,1695.59,22626.64,-6407.54,176.99,209.74,-6230.55,-6020.81,,,,,
2181,1854.86,4212.1,5213.71,509.21,285.68,-182,-3904.73,-31807.5,1718.76,22479.96,-6559.78,179.48,380.05,-6380.3,-6000.26,,,,,
2191,1809.03,4195.99,5227.52,507.77,263.67,-208.62,-3952.84,-31926.58,1722.78,22596.25,-6454.72,175.35,234.97,-6279.37,-6044.39,,,,,
2201,1818.53,4214.28,5197.82,521.7,273.31,-186.38,-3887.55,-31979.36,1729.06,22664.02,-6454,181.56,365.43,-6272.44,-5907.02,,,,,
2211,1824.61,4194.35,5170.32,515.38,254.68,-182.13,-3908.73,-31743.42,1731.92,22526.54,-6550.38,181.73,383.53,-6368.64,-5985.12,,,,,
2221,1822.05,4137.16,5209.56,506.15,294.09,-173.22,-3902.34,-31792.64,1711.67,22521.62,-6538.67,183.47,334.1,-6355.2,-6021.09,,,,,
2231,1791.1,4235.44,5239.12,510.94,263.49,-221.43,-3893.83,-31927.32,1737.81,22578.45,-6456.86,179.24,313.77,-6277.62,-5963.85,,,,,
2241,1834.57,4186.96,5206.9,525.12,274.09,-177.11,-3877.72,-31995.72,1760.21,22663.03,-6429.29,176.77,400.33,-6252.53,-5852.19,,,,,
2251,1853.9,4257.97,5235.72,509.73,260.71,-183.45,-3910.01,-31718.56,1737.74,22432.92,-6531.55,179.86,476.68,-6351.69,-5875.02,,,,,
2261,1761.32,4140.04,5228.79,505.38,268.26,-202.52,-3894.41,-31787.71,1730.21,22563.33,-6569.18,183.31,312.7,-6385.87,-6073.17,,,,,
2271,1834.33,4236.45,5205.83,511.58,279.68,-179.44,-3929.36,-31778.39,1742.07,22499.14,-6499.06,181.68,421.91,-6317.38,-5895.47,,,,,
2281,1782.35,4251.07,5217.25,498.92,285.43,-210.94,-3922.27,-31811.49,1759.66,22524.91,-6466.23,180.3,374.9,-6285.92,-5911.02,,,,,
2291,1811.03,4247.23,5202.93,509.5,275.24,-206.33,-3873.44,-31830.45,1758.76,22496.09,-6495.55,179.81,390.55,-6315.74,-5925.19,,,,,
2301,1862.43,4259.78,5195.53,498.23,299.84,-176.25,-3907.39,-31821.89,1735.94,22543.06,-6531.9,179.16,489.27,-6352.73,-5863.46,,,,,
2311,1827.14,4228.68,5188.56,509.66,268.22,-209.64,-3887.1,-31598.77,1734.25,22431.4,-6643.14,186.43,492.41,-6456.71,-5964.3,,,,,
2321,1807.7,4248.51,5170.11,526.65,291.49,-193.74,-3907.24,-31886.54,1728.44,22514.2,-6464.49,182.11,299.59,-6282.38,-5982.8,,,,,
2331,1757.59,4211.89,5181.29,507.69,259.28,-183.17,-3872.31,-31947.71,1769.69,22456.03,-6366.33,180.19,140.27,-6186.13,-6045.86,,,,,
2341,1756.79,4211.92,5154.5,507.3,267.7,-183.86,-3884.97,-31883.36,1764.71,22515.06,-6436.5,182.12,225.79,-6254.38,-6028.59,,,,,
2351,1802.75,4120.3,5238.67,490.87,280.2,-157.61,-3876.1,-31770.06,1761.92,22513.28,-6494.79,182.73,404.23,-6312.05,-5907.83,,,,,
2361,1801.2,4315.89,5185.99,517.2,272.8,-162.41,-3911.89,-31790.26,1741.95,22392.84,-6440.76,183.22,363.31,-6257.55,-5894.24,,,,,
2371,1827.62,4219.64,5193.83,510.66,283.63,-185.23,-3846.47,-31552.35,1740.78,22362.53,-6681.99,186.24,554.63,-6495.75,-5941.12,,,,,
2381,1808,4235,5200.54,499,281,-209.62,-3883.95,-31940.44,1720.53,22580.03,-6437.04,183.8,290.09,-6253.24,-5963.15,,,,,
2391,1789.58,4181.85,5184.1,493.9,261.42,-202.33,-3896.78,-31723.95,1753.67,22508.23,-6574.81,182.33,349.71,-6392.48,-6042.78,,,,,
2401,1826.85,4185.47,5200.36,512.82,268.05,-183.48,-3897.52,-31796.41,1733.99,22486.49,-6545.78,182.21,336.63,-6363.57,-6026.94,,,,,
2411,1787.8,4306.27,5229.8,517.95,259.85,-189.2,-3869.78,-31672.86,1735.23,22543.42,-6700.34,183.35,648.49,-6516.99,-5868.51,,,,,
2421,1800.96,4190.34,5203.6,504.55,270.18,-178.78,-3844,-31766.53,1722.61,22512.81,-6602.71,184.93,415.74,-6417.78,-6002.04,,,,,
2431,1789.93,4149.01,5220.11,489.61,265.99,-165.72,-3912.48,-31869.26,1734.75,22602.49,-6505.51,182.26,304.45,-6323.25,-6018.81,,,,,
2441,1856.55,4126.7,5195.25,499.32,269.14,-208.03,-3851.34,-31833.41,1750.75,22578.94,-6536.35,184.89,383.88,-6351.46,-5967.58,,,,,
2451,1837.34,4199.42,5227.61,509.67,256.43,-195.18,-3865.43,-31831.84,1735.95,22569.78,-6549.18,185.19,443.75,-6363.99,-5920.23,,,,,
2461,1802.78,4149.62,5180.79,518.32,277.16,-164.64,-3925.55,-31683.69,1713.02,22626.71,-6675.5,182.03,494.53,-6493.47,-5998.94,,,,,
2471,1834.15,4147.21,5228.02,492.45,274.17,-165.44,-3923.03,-31827.48,1753.94,22622.1,-6590.58,179.52,436.1,-6411.06,-5974.97,,,,,
2481,1837.58,4104.85,5207.66,502.27,277.82,-171.95,-3910.68,-31698.53,1787.51,22619.8,-6694.32,183.31,556.33,-6511.01,-5954.69,,,,,
2491,1805.1,4240.42,5161.28,505.9,268.3,-178.76,-3903.14,-31410.74,1742.81,22569.97,-6953.17,187.78,801.12,-6765.38,-5964.26,,,,,
2501,1783.64,4273.54,5190.02,512.11,257.87,-178.49,-3887.45,-31570.02,1725.54,22535.5,-6779.83,181.37,642.26,-6598.46,-5956.21,,,,,
2511,1766.5,4220.84,5203.93,498.72,289.96,-205.77,-3913.5,-31467.91,1765.26,22497.25,-6836.7,182.52,655.27,-6654.18,-5998.9,,,,,
2521,1804.58,4154.93,5176.74,500.04,271.53,-155.72,-3898.35,-31815.1,1726.25,22592.41,-6601.85,184.61,357.31,-6417.24,-6059.92,,,,,
2531,1807.55,4242.03,5167.09,497.82,274.32,-169.97,-3876.44,-31710.86,1730.17,22592.85,-6754.45,187.89,554.56,-6566.56,-6012,,,,,
2541,1834.35,4233.16,5203.55,524.71,280.98,-188.6,-3900.55,-31735.96,1735.64,22595.31,-6676.43,187.47,582.6,-6488.96,-5906.37,,,,,
2551,1789.3,4156.98,5203.02,511.1,287.28,-158.37,-3908.22,-31878.33,1702.04,22568.09,-6525.95,183.18,272.9,-6342.77,-6069.86,,,,,
2561,1801.94,4240.82,5184.68,516.76,278.1,-188.65,-3876.7,-31794.02,1717.84,22540.33,-6574.18,180.61,421.08,-6393.57,-5972.49,,,,,
2571,1760.77,4216.58,5184.87,502.45,293.62,-148.33,-3893.1,-31825.95,1715.29,22607.78,-6574.25,182.98,413.97,-6391.28,-5977.31,,,,,
2581,1790.03,4198.61,5223.09,501.73,270.19,-159.83,-3845.73,-31714.24,1734.58,22580.06,-6719.77,187.6,578.5,-6532.17,-5953.68,,,,,
2591,1813.82,4153.8,5209.51,490.51,292.82,-193.87,-3874.46,-31781.48,1720.5,22563.44,-6660.44,183.21,394.58,-6477.22,-6082.64,,,,,
2601,1786.86,4157.17,5139.27,515.25,280.66,-162.16,-3895.17,-31933.31,1739.8,22662.78,-6531.28,183.02,291.15,-6348.27,-6057.12,,,,,
2611,1766.52,4227.45,5198.72,488.86,282.05,-192.71,-3902.39,-32079.33,1734.2,22598.43,-6389.7,183.44,121.8,-6206.26,-6084.46,,,,,
2621,1786.19,4161.45,5158.58,510.34,271.46,-192.05,-3887.85,-32090.18,1736.63,22692.28,-6400.27,183.68,146.86,-6216.6,-6069.74,,,,,
2631,1847.5,4190.64,5255.53,516.74,272.02,-182.19,-3939.35,-32083.55,1721.38,22700.15,-6418.92,179.81,298.88,-6239.11,-5940.23,,,,,
2641,1819.44,4208.51,5251.39,506.42,282.4,-224.83,-3913.63,-32033.23,1752.23,22640.76,-6375.02,181.48,289.47,-6193.54,-5904.07,,,,,
2651,1838.86,4146.14,5233.82,490.6,292.11,-194.84,-3871.7,-32088.25,1754.79,22634.77,-6363.07,182.38,236.31,-6180.69,-5944.38,,,,,
2661,1792.57,4163.3,5213.4,510.89,289.81,-212.02,-3938.11,-31948.09,1711.58,22591.64,-6449.69,179.88,174.97,-6269.81,-6094.85,,,,,
2671,1843.91,4218.26,5185.95,515.46,297.16,-185.62,-3913.13,-31864.65,1751.44,22599.07,-6512.51,182.25,447.85,-6330.27,-5882.41,,,,,
2681,1854.06,4155.21,5177.39,501.14,275.13,-183.68,-3877.81,-31952.44,1742.03,22662.18,-6484.93,182.51,353.22,-6302.43,-5949.21,,,,,
2691,1759.09,4116.75,5201.39,514.49,270.62,-173.46,-3907.04,-31925.22,1742.83,22694.21,-6517.38,180.45,293.66,-6336.92,-6043.26,,,,,
2701,1888.34,4214.12,5225.24,524.54,296.4,-194.06,-3900.75,-31652.45,1718.46,22558.44,-6709.17,183.59,678.29,-6525.59,-5847.3,,,,,
2711,1798.4,4171.61,5189.09,506.27,272.25,-153.26,-3907.62,-31644.32,1775.54,22463.92,-6676.25,182.29,471.88,-6493.96,-6022.08,,,,,
2721,1689.5,4162.63,5203.58,486.58,283.38,-190.02,-3886.34,-31784.47,1747.03,22612.44,-6637.32,185.16,324.32,-6452.17,-6127.84,,,,,
2731,1811.59,4225.25,5256.63,513.67,298.32,-197.57,-3906.21,-31714.24,1696.15,22537.59,-6670.1,186.55,521.19,-6483.55,-5962.36,,,,,
2741,1821.7,4216.07,5199.24,507.24,270.58,-181.62,-3884.74,-31945.78,1714.41,22630.48,-6526.41,181.56,347.59,-6344.86,-5997.27,,,,,
2751,1781.71,4210.96,5245.86,521.86,268.07,-177.01,-3879.42,-31832.68,1713.12,22658.12,-6624.92,188.02,510.59,-6436.9,-5926.31,,,,,
2761,1746.82,4201.11,5189.28,526.28,282.28,-185.05,-3906.09,-31697.2,1733.59,22753.35,-6753.81,186.46,644.37,-6567.36,-5922.99,,,,,
2771,1756.83,4198.75,5209.54,501.49,287.38,-177.47,-3957.95,-31792.19,1739.05,22627.4,-6627.04,181.36,392.84,-6445.68,-6052.84,,,,,
2781,1821.78,4208.64,5184.22,506.22,264.95,-193.07,-3898.53,-31800.44,1727.03,22671.79,-6687.48,183.5,492.6,-6503.98,-6011.38,,,,,
2791,1819.2,4180.2,5210.48,507.64,264.33,-181.9,-3911.3,-31734.5,1768.2,22794.21,-6791.67,184.27,716.54,-6607.41,-5890.87,,,,,
2801,1782.68,4244.35,5217.21,521.07,278.48,-212.97,-3885.54,-31911.96,1721.41,22693.37,-6633.47,186.01,448.09,-6447.46,-5999.37,,,,,
2811,1812.34,4166.52,5180.33,516.89,278.53,-188.91,-3814.43,-31844.01,1724.74,22698.65,-6667.38,189.6,530.65,-6477.78,-5947.13,,,,,
2821,1780.02,4126.87,5166.67,502.75,279.66,-167.48,-3888.12,-31877.47,1745.34,22737.14,-6623.35,185.94,405.39,-6437.4,-6032.01,,,,,
2831,1751.38,4176.39,5177.21,504.4,282.27,-176.15,-3887.36,-31986,1756.66,22700.98,-6522.34,181.47,299.77,-6340.87,-6041.1,,,,,
2841,1828.95,4117.96,5165.7,503.57,271.62,-191.54,-3881.82,-31807.38,1763.09,22785.53,-6737.4,185.62,555.67,-6551.79,-5996.12,,,,,
2851,1786.03,4194.93,5220.7,512.53,278.6,-174.64,-3905.59,-31805.86,1745.76,22709.77,-6614.32,184.85,562.22,-6429.47,-5867.24,,,,,
2861,1844.02,4173.72,5207,504.97,259.24,-182.21,-3916.1,-31776.61,1717.95,22694.41,-6698.76,186.26,526.39,-6512.5,-5986.11,,,,,
2871,1847.36,4166.68,5163.15,507.33,279.27,-169.52,-3969.42,-31798.92,1717.72,22780.21,-6642.47,182.54,523.87,-6459.93,-5936.06,,,,,
2881,1765.96,4151.88,5223.69,499.3,278.08,-184.68,-3881.03,-31791.92,1757.72,22630.89,-6623.25,185.77,449.88,-6437.48,-5987.6,,,,,
2891,1824.82,4181.19,5172.26,509.4,273.63,-130.2,-3921.04,-31659.03,1735.27,22521.87,-6683.54,181,508.15,-6502.54,-5994.39,,,,,
2901,1845.94,4240.77,5178.68,506.52,283.73,-168.35,-3885.89,-31745.88,1715.33,22710.65,-6739.66,183.97,681.49,-6555.69,-5874.2,,,,,
2911,1784.89,4162.69,5201.59,510.32,279.7,-154.81,-3897.24,-31823.91,1761.69,22773.6,-6718.38,185.68,598.53,-6532.69,-5934.16,,,,,
2921,1859.66,4157.78,5214.39,509.3,278.43,-200.94,-3903.92,-31841.46,1732.3,22703.92,-6657.79,183.05,509.45,-6474.74,-5965.28,,,,,
2931,1729.42,4177.51,5227.28,510.39,264.58,-198.52,-3904.82,-31893.82,1737.49,22723.51,-6646.87,181.26,373.03,-6465.6,-6092.57,,,,,
2941,1831.3,4075.52,5224.26,508.39,278.03,-215.92,-3884.52,-32059.67,1762.73,22852.3,-6546.16,181.86,372.43,-6364.3,-5991.87,,,,,
2951,1842.73,4183.51,5226.37,520.49,282.25,-188.47,-3925.35,-31941.77,1701.35,22738.35,-6592.97,186.44,439.46,-6406.53,-5967.07,,,,,
2961,1810.39,4213.2,5222.09,496.37,289.71,-210.22,-3911.66,-31852.05,1734.84,22650.47,-6575.88,181.75,443.14,-6394.13,-5950.99,,,,,
2971,1785.8,4231.46,5229.56,501.97,276.51,-201.16,-3841.21,-31771.14,1745.08,22635.7,-6706.25,185.69,592.58,-6520.56,-5927.98,,,,,
2981,1786.85,4233.65,5187.12,514.47,291.51,-210.21,-3863.39,-31875.16,1748.97,22756.32,-6671.92,185.71,570.13,-6486.21,-5916.08,,,,,
2991,1868.94,4196.44,5163.87,503.46,271.19,-198.28,-3881,-31594.6,1676.71,22585.08,-6790.02,187.43,591.83,-6602.59,-6010.77,,,,,
3001,1793.16,4156.01,5173.03,522.07,272.65,-157.74,-3913.97,-31720.08,1739.52,22749.53,-6792.3,182.7,614.17,-6609.6,-5995.43,,,,,
3011,1802.67,4169.54,5242.2,489.99,281.96,-208.12,-3899.41,-32011.95,1710.31,22732.88,-6538.14,184.4,310.08,-6353.73,-6043.65,,,,,
3021,1867.97,4143.35,5249.1,503.37,275.02,-179.75,-3911.4,-31913.93,1717.03,22674.61,-6568.76,181.99,425.37,-6386.77,-5961.41,,,,,
3031,1736.33,4194.72,5169.44,489.14,285.92,-208.71,-3842.66,-31952.7,1728.55,22671.97,-6565.69,185.25,272.01,-6380.44,-6108.43,,,,,
3041,1856.57,4199.46,5183.38,500.88,276.27,-183.14,-3883.36,-32101.16,1766.81,22703.28,-6451.61,183.32,319,-6268.29,-5949.29,,,,,
3051,1836.43,4140.13,5206.01,529.49,283.13,-192.38,-3862.38,-31899.91,1717.24,22664.47,-6575.32,184.54,422.22,-6390.78,-5968.56,,,,,
3061,1841.39,4156.57,5210.4,520.32,255.17,-197.73,-3913.13,-31926.57,1760.67,22684.81,-6543.45,181.73,391.89,-6361.72,-5969.83,,,,,
3071,1790.95,4285.48,5196.06,509.98,263.99,-175.57,-3868.09,-32009.24,1703.07,22607.27,-6447.49,181.52,303.9,-6265.97,-5962.07,,,,,
3081,1766.94,4219.37,5224.27,511.55,272.25,-193.35,-3895.9,-32077.46,1709.03,22577.56,-6378.67,184.07,114.26,-6194.6,-6080.33,,,,,
3091,1750.69,4191.68,5202.15,503.98,287.42,-199.24,-3883.68,-31936.46,1752.02,22605.55,-6517.46,183.63,274.11,-6333.83,-6059.73,,,,,
3101,1788.49,4140.26,5207.16,498.34,274.83,-208.95,-3921.5,-31791.65,1743.84,22707.9,-6668.2,183.09,438.71,-6485.11,-6046.39,,,,,
3111,1776.33,4293.63,5222.15,510.8,282.4,-182.87,-3942.38,-31912.49,1724.28,22670.25,-6526.06,179.42,442.11,-6346.64,-5904.54,,,,,
3121,1827.78,4142.23,5262.52,512.05,273.67,-197.17,-3893.58,-32105.24,1740.26,22711.16,-6423.13,180.03,273.66,-6243.1,-5969.44,,,,,
3131,1764.79,4168.91,5212.51,506.7,270.9,-184.19,-3917.41,-31896.07,1728.79,22695.56,-6545.69,183.83,350.49,-6361.85,-6011.36,,,,,
3141,1770.23,4116.19,5194.22,504.74,280.58,-215.7,-3913.48,-31911.11,1733.34,22747.75,-6622.03,182,306.75,-6440.04,-6133.29,,,,,
3151,1741.83,4154.35,5210.93,502.76,269.91,-167,-3934.02,-32016.98,1728.51,22752.07,-6533.4,184.28,242.36,-6349.12,-6106.77,,,,,
3161,1835.84,4150.08,5230.74,512.32,277.22,-183.3,-3890.73,-31873.62,1706.24,22691.1,-6649.53,186.8,455.91,-6462.72,-6006.82,,,,,
3171,1810.77,4259.31,5265.99,518.52,263.35,-174.08,-3893.12,-31892.39,1750.21,22556.69,-6535.49,186.27,465.24,-6349.23,-5883.98,,,,,
3181,1813.28,4140.32,5204.15,513.65,266.7,-182.32,-3908.74,-31776.24,1727.14,22601.1,-6642.84,185.96,399.04,-6456.88,-6057.84,,,,,
3191,1875.01,4108.51,5175.21,503.49,261.99,-181.83,-3910.01,-31770.45,1746.77,22679.73,-6683.71,184.67,488.43,-6499.05,-6010.62,,,,,
3201,1851.72,4234.19,5246.37,503.59,288.04,-189.01,-3899.3,-32004.96,1750.5,22685.48,-6485.11,182.32,466.62,-6302.79,-5836.17,,,,,
3211,1802.74,4203.45,5223.05,501.62,272.64,-221.32,-3862.53,-32039.01,1737.83,22677.5,-6509.63,184.04,295.97,-6325.59,-6029.62,,,,,
3221,1798.38,4206.12,5166.02,510.65,289.02,-178.9,-3921.59,-31928.97,1735.73,22673.45,-6539.81,181.24,349.9,-6358.56,-6008.66,,,,,
3231,1825.86,4220.75,5228.04,511.7,276.78,-181.3,-3925.35,-32062.6,1728.21,22701.79,-6466.37,181.53,323.89,-6284.84,-5960.95,,,,,
3241,1809.98,4140.98,5204.59,490.21,266.96,-216.08,-3890.39,-31825.57,1714.76,22664,-6616.69,186.02,359.44,-6430.67,-6071.23,,,,,
3251,1851.81,4191.42,5212.81,512.19,263.09,-186.61,-3882.93,-32141.74,1717.91,22733.99,-6431.01,187.91,271.93,-6243.11,-5971.18,,,,,
3261,1746.97,4126.83,5194.74,507.84,267.28,-179.73,-3898.62,-31968.93,1748,22732.5,-6565.48,183.6,276.87,-6381.88,-6105.01,,,,,
3271,1796.26,4218.14,5221.73,509.27,290.98,-215.03,-3904.34,-31955.51,1736.95,22690.17,-6557.34,183.62,388.61,-6373.73,-5985.12,,,,,
3281,1823.98,4200.62,5185.2,505.87,270.41,-185.34,-3878.61,-31923.61,1758.25,22507.52,-6496.36,184.54,264.29,-6311.82,-6047.53,,,,,
3291,1793.06,4178.2,5193.66,496.56,269.24,-153.89,-3919.61,-31779.79,1744.24,22649.57,-6652.45,185.72,471.24,-6466.72,-5995.49,,,,,
3301,1783.09,4136.69,5164.51,509.67,259.72,-207.74,-3867.72,-31914.9,1746.93,22752.1,-6629.32,182.34,362.34,-6446.99,-6084.65,,,,,
3311,1783.2,4218.95,5176.44,508.8,275.54,-187.17,-3887.38,-31873.44,1711.51,22613.9,-6596.17,184.13,340.34,-6412.05,-6071.7,,,,,
3321,1781.74,4194.62,5196.08,508.51,283.69,-171.12,-3862.84,-31814.82,1745.26,22646.31,-6657.84,186.56,507.42,-6471.28,-5963.86,,,,,
3331,1825.26,4242.48,5183.68,493.56,275.84,-199.43,-3879.76,-31788.79,1718.32,22612.13,-6690.75,185.95,483.3,-6504.8,-6021.5,,,,,
3341,1825.29,4143.88,5138.68,515.82,260.27,-166.32,-3928.94,-31735.89,1743.5,22710.17,-6722.78,184.77,506.45,-6538.01,-6031.56,,,,,
3351,1808.52,4167.1,5218.17,494.23,283.69,-209.96,-3874.48,-32025.58,1768.78,22670.48,-6504.61,182.31,300.95,-6322.3,-6021.35,,,,,
3361,1772.85,4180.02,5232.81,504.34,292,-191.42,-3963.37,-31882.91,1756.9,22640.35,-6526.39,179.42,341.56,-6346.97,-6005.42,,,,,
3371,1773.05,4185.03,5206.1,501.45,262.07,-176.48,-3902.7,-32012.07,1760.84,22638.21,-6465.21,182.13,235.52,-6283.08,-6047.56,,,,,
3381,1759.11,4129.28,5218.26,502.53,268.65,-215.11,-3877.13,-31889.27,1738.04,22624.13,-6579.5,184.16,258.5,-6395.34,-6136.85,,,,,
3391,1855.23,4265.77,5235.27,508.52,270.29,-204.29,-3915.6,-32024.18,1696.49,22613.02,-6440.42,179.66,300.52,-6260.75,-5960.24,,,,,
3401,1843.32,4206.39,5192.17,511.54,262.42,-237.34,-3899.28,-31976.71,1748.18,22636.9,-6460.97,182.73,287.6,-6278.24,-5990.64,,,,,
3411,1813.25,4239.2,5157.59,525.71,259.59,-190.17,-3932.34,-31897.52,1725.29,22565.38,-6491.38,184.53,265.98,-6306.85,-6040.87,,,,,
3421,1810.59,4141.93,5219.21,503.11,266.86,-197.45,-3878.68,-31966.46,1736.28,22543.79,-6468.04,184.73,179.18,-6283.31,-6104.13,,,,,
3431,1788.98,4180.42,5184.71,518.03,251.67,-206.65,-3949.04,-31894.15,1758.13,22625.56,-6537.26,182.38,257.67,-6354.87,-6097.2,,,,,
3441,1792.94,4172.58,5222.39,493.08,275.29,-207,-3916.3,-31828.02,1788.38,22654.82,-6645.19,181.92,448.16,-6463.27,-6015.11,,,,,
3451,1790.66,4169.39,5230.34,521.17,274.28,-181.56,-3960.15,-31855.98,1743.72,22603.23,-6585.98,182.2,335.09,-6403.78,-6068.69,,,,,
3461,1794.29,4125.91,5262.06,514.88,284.53,-207.07,-3880.97,-31870.65,1779.37,22635.45,-6594.31,188.3,437.79,-6406.01,-5968.22,,,,,
3471,1772.71,4144.38,5168.1,504.67,262.95,-208.1,-3890.71,-31949.62,1756.7,22735.85,-6555.66,187.26,296.92,-6368.4,-6071.49,,,,,
3481,1823.81,4158.4,5218.92,514.63,271.21,-206.72,-3928.65,-31821.74,1715.51,22776.21,-6668.89,184.95,521.57,-6483.95,-5962.38,,,,,
3491,1810.37,4160.31,5226.35,499.19,269.64,-210.67,-3870.03,-31909.92,1744.93,22624.83,-6576.93,183.51,344.99,-6393.42,-6048.43,,,,,
3501,1792.58,4057.6,5241.66,501.99,276.46,-195.16,-3870.11,-32016.5,1745.77,22807.61,-6588.64,184.65,341.9,-6403.99,-6062.09,,,,,
3511,1782.52,4242.32,5218.71,498.27,267.33,-220.48,-3915.95,-31875.26,1752.84,22758.23,-6662.22,184.97,508.52,-6477.25,-5968.73,,,,,
3521,1819.39,4130.25,5216.79,505.42,270.28,-207.65,-3906.43,-31695.55,1753.12,22636.84,-6748.35,184.45,522.44,-6563.9,-6041.46,,,,,
3531,1858.99,4200.2,5234.91,489.78,288.92,-212.63,-3916.21,-31854.63,1719.68,22612.94,-6617.55,186.87,421.95,-6430.68,-6008.73,,,,,
3541,1820.38,4175.87,5210.84,523.77,263.38,-189.29,-3872.43,-31768.13,1754.01,22610.78,-6660.65,189.42,529.16,-6471.22,-5942.06,,,,,
3551,1823.19,4187.22,5224.61,530.46,282.2,-198.68,-3931.94,-31692.19,1750.16,22579.18,-6740.7,187.7,554.21,-6553,-5998.79,,,,,
3561,1802.67,4260.09,5168.69,509.48,271.61,-205.7,-3879.65,-31782.86,1752.17,22611.79,-6669.29,184.73,508.29,-6484.57,-5976.28,,,,,
3571,1815.62,4244.11,5186.34,504.32,261.03,-205.78,-3951.74,-31879.35,1720.19,22706.88,-6627.69,184.56,401.62,-6443.13,-6041.51,,,,,
3581,1830.67,4225.35,5204.71,508.48,258.39,-185.44,-3900.48,-31844.24,1706.98,22640.32,-6638.49,184.82,444.74,-6453.67,-6008.93,,,,,
3591,1854.95,4186.49,5188.94,517.5,266.26,-186.46,-3940.37,-31798.71,1723.89,22632.33,-6663.03,183.99,444.8,-6479.04,-6034.23,,,,,
3601,1830.95,4123.69,5176.16,510.68,276.38,-197.56,-3923.35,-31824.75,1742.55,22709.67,-6685.7,186.14,424.42,-6499.56,-6075.14,,,,,
3611,1806.12,4113.4,5221.56,509.79,259.32,-167.55,-3900.76,-31877.36,1743.88,22704.49,-6635.48,184.03,412.88,-6451.45,-6038.57,,,,,
3621,1776.5,4111.94,5200.66,499.39,262.86,-217.25,-3880.32,-31905.19,1754.96,22755.16,-6675.25,185.62,358.71,-6489.63,-6130.91,,,,,
3631,1790.9,4172.14,5202.49,498.01,270.01,-186.66,-3916.77,-31886.32,1743.98,22772.07,-6649.3,182.27,459.85,-6467.03,-6007.18,,,,,
3641,1741.02,4116.4,5220.65,497.1,251.54,-172.53,-3909.21,-31922.37,1764.2,22683.68,-6580.73,183.14,270.47,-6397.59,-6127.13,,,,,
3651,1807.67,4201.94,5213.12,508.71,260.32,-196.45,-3873.35,-31865.35,1705.3,22679.92,-6624.63,183.2,441.83,-6441.43,-5999.6,,,,,
3661,1743.58,4205.7,5222.13,527.45,289.97,-193.65,-3907.47,-31724.59,1758.63,22663.71,-6706.96,184.08,585.46,-6522.88,-5937.42,,,,,
3671,1771.75,4269.37,5200.5,514.03,278.73,-203.34,-3865.66,-31820.93,1735.34,22650.7,-6666.76,186.51,530.48,-6480.25,-5949.76,,,,,
3681,1833.34,4069.6,5186.88,505.61,294.87,-194.24,-3849.07,-31847.45,1746.77,22736.37,-6629.53,187.29,482.67,-6442.24,-5959.57,,,,,
3691,1849.44,4221.57,5188.48,498.1,260.55,-225.43,-3849.39,-31942.89,1726.2,22598.23,-6494.36,188.03,324.86,-6306.33,-5981.47,,,,,
3701,1759.74,4225.88,5244.07,521.22,283.11,-215.64,-3926.42,-31735.88,1709.7,22592.36,-6682.2,184.59,458.15,-6497.62,-6039.47,,,,,
3711,1825.47,4174.32,5178.75,514.89,274.34,-185.29,-3901.4,-31776.07,1733.5,22654.45,-6701.06,187.51,492.97,-6513.55,-6020.59,,,,,
3721,1836.72,4199.8,5245.23,502.81,292.5,-202.15,-3842.11,-31693.54,1727.52,22623.54,-6758.69,189.86,690.32,-6568.84,-5878.52,,,,,
3731,1830.03,4086.08,5164.67,514.62,264.8,-194.43,-3855.23,-31781.35,1713.35,22698.8,-6735.41,191.53,441.34,-6543.88,-6102.54,,,,,
3741,1820.77,4139.1,5191.93,511.32,291.92,-224.72,-3891.45,-31765.7,1753.89,22703.68,-6755.06,189.17,530.76,-6565.89,-6035.13,,,,,
3751,1812.8,4173.06,5258.9,511.27,273.71,-194.82,-3914.3,-31751.19,1752.17,22646.24,-6670.43,184.12,567.82,-6486.31,-5918.49,,,,,
3761,1778.59,4170,5212.87,518.1,269.24,-201.78,-3887.79,-31755.35,1760.31,22665.21,-6690.99,187.4,529.4,-6503.59,-5974.19,,,,,
3771,1790.7,4231.7,5223.66,514.94,280.9,-211.9,-3902.7,-31747.33,1760.27,22662.76,-6721.42,185.39,603.01,-6536.03,-5933.02,,,,,
3781,1799.21,4138.92,5201.16,515.92,288.7,-220.55,-3874.73,-31991.47,1709.5,22651.4,-6515.61,185.93,218.07,-6329.68,-6111.61,,,,,
3791,1808.92,4228.73,5198.32,500.84,284.59,-200.6,-3867.78,-32003.77,1759.6,22716.04,-6542.45,186.67,424.89,-6355.78,-5930.89,,,,,
3801,1783.37,4217.62,5190.99,493.08,275.97,-193.61,-3913.83,-31720.74,1708.64,22475.14,-6622.8,188.74,316.64,-6434.06,-6117.43,,,,,
3811,1795.01,4178.63,5234.19,517.05,274.49,-184.17,-3887.52,-31730.84,1748.68,22564.31,-6681.12,185.8,509.82,-6495.33,-5985.51,,,,,
3821,1819.22,4248.93,5251.79,531.83,289.63,-195.07,-3879.02,-31865.17,1715,22550.07,-6548.2,187,467.21,-6361.21,-5894,,,,,
3831,1769.65,4176.4,5176.8,503.63,293.2,-184.06,-3942.24,-31955.99,1723.68,22631.74,-6461.69,186,192.82,-6275.69,-6082.87,,,,,
3841,1723.76,4191.37,5245.3,513.2,251.93,-172.4,-3865.7,-31921.06,1726.93,22624.38,-6527.46,187.8,317.73,-6339.66,-6021.93,,,,,
3851,1765.52,4253.7,5215.12,507.68,265.26,-193.43,-3908.93,-31664.38,1743.16,22575.75,-6717.38,185.83,559.45,-6531.55,-5972.1,,,,,
3861,1816.48,4237.16,5219.66,530.28,272.55,-205.08,-3856.95,-31752.1,1731.64,22634.81,-6674.68,188.14,628.47,-6486.54,-5858.07,,,,,
3871,1817.41,4163.48,5249.3,519.42,277.85,-204.9,-3893.56,-31818.71,1724.74,22659.34,-6660.6,185.93,494.37,-6474.67,-5980.29,,,,,
3881,1823.94,4097.93,5235.26,498.17,297.18,-208.98,-3903.74,-31660.79,1742.04,22589.79,-6727.67,186.11,510.8,-6541.56,-6030.76,,,,,
3891,1832.87,4288.74,5217.43,509.34,278.71,-188.39,-3885.46,-31815.82,1700.9,22594.3,-6601.27,185.32,532.61,-6415.95,-5883.34,,,,,
3901,1757.29,4237.41,5177.94,520.97,252.12,-185.14,-3898.52,-31651.55,1728.52,22526.76,-6707.52,187.09,465.8,-6520.43,-6054.64,,,,,
3911,1734.46,4209.7,5245.59,496.53,280.93,-200.46,-3877.06,-31780.71,1750.97,22529.61,-6598.53,182.84,389.55,-6415.7,-6026.15,,,,,
3921,1809.09,4080.34,5203.76,486.7,284.86,-172.87,-3910.18,-31787.95,1738.13,22598.23,-6624.14,188.05,330.12,-6436.09,-6105.98,,,,,
3931,1839.48,4230.46,5220.67,512.92,271.2,-213.28,-3905.13,-31772.46,1737.4,22644.13,-6667.32,184.64,565.4,-6482.68,-5917.27,,,,,
3941,1798.39,4179.93,5233.52,501.85,252,-214.78,-3906.77,-31521.57,1722.85,22527.27,-6793.99,183.66,572.68,-6610.33,-6037.65,,,,,
3951,1812.07,4177.29,5200.35,518.04,282.32,-206.31,-3840.37,-31719.97,1731.62,22569.14,-6706.99,188.36,524.17,-6518.63,-5994.46,,,,,
3961,1775.54,4226.35,5228,511.43,268.58,-191.28,-3877.32,-31554.23,1756.09,22447.5,-6757.57,187.32,590.67,-6570.25,-5979.58,,,,,
3971,1781.97,4171.29,5212.07,498.05,265.58,-181.37,-3876.65,-31575.53,1736.45,22534.72,-6836.55,190.81,566.59,-6645.74,-6079.15,,,,,
3981,1819.91,4173.48,5211.7,507.22,284.88,-168.44,-3924.98,-31722.17,1748.79,22592.04,-6667.74,185.5,522.43,-6482.23,-5959.8,,,,,
3991,1823.29,4162.85,5238.89,506.88,271.35,-199.58,-3918.43,-31711.61,1743.02,22530.03,-6630.08,185.52,446.69,-6444.56,-5997.87,,,,,
4001,1818.68,4291.39,5207.11,517.67,259.46,-191.96,-3931.23,-31710.11,1726.62,22617.31,-6675.94,185.57,604.95,-6490.37,-5885.42,,,,,
4011,1883.71,4113.68,5247.38,498.39,287.46,-201.45,-3929.02,-31447.31,1698.62,22581.39,-6896.17,189.04,732.84,-6707.13,-5974.29,,,,,
4021,1761.92,4144.24,5181.37,497.28,283.09,-184.26,-3868.92,-31630.29,1746.78,22535.22,-6717.51,187.79,466.43,-6529.72,-6063.29,,,,,
4031,1787.61,4216.3,5206.62,508.2,306.53,-215.73,-3843.35,-31780.72,1752.71,22668.5,-6706.6,187.73,606.67,-6518.87,-5912.2,,,,,
4041,1812.65,4057.19,5236.24,506.75,264.18,-216.28,-3867.79,-31568.78,1760.01,22579.38,-6833.79,185.07,563.56,-6648.73,-6085.17,,,,,
4051,1812.68,4155.34,5244.69,505.71,305.45,-231.56,-3877.6,-31663.28,1737.96,22593.87,-6747.25,188.08,583.28,-6559.17,-5975.89,,,,,
4061,1842.08,4153.71,5193.34,507.25,272.61,-216.44,-3859.05,-31875.9,1725.16,22615.45,-6590.03,187.32,358.22,-6402.71,-6044.5,,,,,
4071,1781.79,4213.17,5220.24,505.13,279.24,-219.93,-3956.81,-31721.75,1753.39,22620.34,-6641.89,183.65,474.82,-6458.24,-5983.42,,,,,
4081,1800.17,4187.07,5197.07,507.14,270.25,-220.05,-3909.96,-31678.89,1725.95,22598.29,-6760.4,185.93,477.04,-6574.47,-6097.43,,,,,
4091,1829.13,4180.52,5200.47,501.05,277.24,-196.3,-3893.38,-31832.79,1710.96,22582.91,-6603.65,184.92,359.81,-6418.73,-6058.92,,,,,
4101,1822.35,4140.11,5241.45,514.27,284.59,-210.62,-3909.81,-31888.54,1717.5,22643.46,-6568.26,184.18,354.75,-6384.08,-6029.33,,,,,
4111,1818.47,4247.49,5197,506.47,276.6,-222.16,-3885.64,-31966.41,1757.6,22707.41,-6562.33,183.51,436.83,-6378.83,-5942,,,,,
4121,1837.03,4199.12,5201.4,508.27,260.53,-179.66,-3900.47,-31859.25,1733.25,22618.11,-6599.48,182.92,418.33,-6416.56,-5998.23,,,,,
4131,1793.04,4159.94,5243.41,501.75,266.68,-184.28,-3914.41,-31883.87,1722.26,22645.18,-6591.3,181.74,349.7,-6409.56,-6059.86,,,,,
4141,1823.75,4180.24,5293.6,513.52,271.21,-201.38,-3859.17,-31923.92,1743.2,22578.95,-6537.18,187.08,420.01,-6350.11,-5930.09,,,,,
4151,1835.6,4121.56,5281.73,509.14,272.99,-197.27,-3883.98,-31751.69,1761.38,22650.75,-6694.42,186.6,600.21,-6507.82,-5907.61,,,,,
4161,1835.65,4202.7,5220.96,506.6,280.81,-174.79,-3900.91,-31713.09,1716.74,22552.02,-6636.26,188.72,526.69,-6447.54,-5920.85,,,,,
4171,1759.55,4167.97,5230.03,517.86,263.82,-198.83,-3903.63,-31924.29,1790.1,22643.58,-6512.55,180.11,346.16,-6332.43,-5986.27,,,,,
4181,1858.47,4226.59,5247.55,527.8,272.8,-195.43,-3914.14,-31689.89,1763.84,22574.66,-6680.86,186.4,672.25,-6494.45,-5822.21,,,,,
4191,1825.6,4179.77,5198.34,500.58,274.7,-167.96,-3849.55,-31683.41,1729.33,22587.51,-6737.15,186.15,594.91,-6551,-5956.09,,,,,
4201,1769.33,4092.01,5226.52,503.38,272.65,-164.43,-3851.7,-31889.12,1737.75,22693.36,-6623.33,187.04,389.74,-6436.29,-6046.55,,,,,
4211,1803.2,4213.93,5230.94,502.03,266.97,-181.46,-3909.61,-31726.44,1710.7,22554.24,-6642.13,190.22,464.49,-6451.91,-5987.42,,,,,
4221,1898.15,4141.54,5193.32,506.7,260.84,-208.3,-3877.74,-31831.07,1771.24,22605.11,-6619.22,183.54,459.77,-6435.68,-5975.91,,,,,
4231,1795.62,4156.02,5172.24,505.18,250.64,-208.93,-3869.85,-31873.47,1735.65,22705.59,-6624.93,186.78,368.67,-6438.15,-6069.48,,,,,
4241,1835.83,4185.13,5211.53,508.4,262.45,-206.63,-3848.54,-31812.99,1726.57,22664.5,-6639.61,190,526.24,-6449.61,-5923.37,,,,,
4251,1803.71,4139.74,5224.05,516.57,267.76,-182.79,-3884.16,-31620.36,1755.58,22628.4,-6820.29,192.37,648.5,-6627.92,-5979.42,,,,,
4261,1799.14,4253.46,5226.4,503.49,279.22,-175.33,-3922.91,-31792.3,1721.39,22648.51,-6674.04,188.72,541.09,-6485.32,-5944.24,,,,,
4271,1712.41,4142.11,5172.14,511.41,265.54,-173.62,-3862.67,-31796.45,1726.3,22719.29,-6690.91,188.99,416.47,-6501.91,-6085.45,,,,,
4281,1828.93,4134.78,5181.53,514.12,282.88,-182.17,-3911.62,-31620.09,1773.71,22637.01,-6821.18,189.65,639.08,-6631.53,-5992.44,,,,,
4291,1848.64,4271.12,5226.44,531.52,252.29,-183.83,-3870.71,-31612.43,1727.19,22651.41,-6835.39,187.5,841.63,-6647.89,-5806.26,,,,,
4301,1823.82,4228.2,5231.96,521.37,280.43,-188.64,-3882.87,-31820.18,1765.41,22551.25,-6574.75,183.03,510.76,-6391.72,-5880.96,,,,,
4311,1828.39,4096.66,5225.3,493.2,261.06,-184.83,-3877.76,-31669.06,1742.55,22661.45,-6748.95,184.49,576.96,-6564.45,-5987.5,,,,,
4321,1772.1,4175.78,5230.75,493.37,266.3,-233.89,-3843.57,-31617.98,1756.03,22675.69,-6902.89,192.03,674.58,-6710.86,-6036.28,,,,,
4331,1755.77,4167.76,5202.15,511.97,270.99,-198.99,-3898.12,-31682.03,1725.17,22580.82,-6719.67,187.96,435.48,-6531.71,-6096.23,,,,,
4341,1796.15,4254.16,5235.91,521.5,256.33,-207.61,-3919.56,-31778.52,1731.06,22634.81,-6663.82,186.11,524.23,-6477.71,-5953.48,,,,,
4351,1792.44,4133.58,5212.39,521.51,271.53,-189.13,-3929.88,-31762.22,1757.81,22706.16,-6699.04,188.24,514.18,-6510.8,-5996.62,,,,,
4361,1838.46,4140.99,5230.85,509.5,280.74,-223.92,-3852.95,-31836.25,1731.53,22624.22,-6598.25,189.22,443.17,-6409.04,-5965.87,,,,,
4371,1783.02,4212.96,5181.85,486.98,269.96,-194.73,-3837.94,-31785.38,1760.38,22614.31,-6641.47,190.16,491.4,-6451.32,-5959.91,,,,,
4381,1849.38,4195.49,5163.62,516.97,283.69,-194.5,-3883.53,-31782.52,1741.88,22513.48,-6611.59,188.43,403.95,-6423.16,-6019.21,,,,,
4391,1785.36,4198.15,5195.52,522.94,256.26,-221.05,-3854.2,-31919.51,1737.3,22679.53,-6543.1,186.15,380.29,-6356.95,-5976.66,,,,,
4401,1799.12,4250.79,5206.13,508.35,284.15,-211.03,-3874.33,-31962.22,1738.09,22712.49,-6580.1,186.5,451.55,-6393.6,-5942.05,,,,,
4411,1866.85,4087.86,5201.56,512.21,280.9,-186.1,-3856.26,-31993.14,1742.5,22588.41,-6462.84,183.61,244.8,-6279.23,-6034.43,,,,,
4421,1805.7,4118.85,5209.82,498.25,253.08,-184.57,-3858.63,-32111.05,1747.97,22728.08,-6453.92,187.51,207.49,-6266.41,-6058.92,,,,,
4431,1797.02,4215.83,5211.23,503.57,277.84,-200.61,-3907.08,-32141.27,1733.32,22700.57,-6375.15,184.95,190.41,-6190.2,-5999.8,,,,,
4441,1870.6,4188.52,5210.81,500.3,272,-202.53,-3935.11,-32030.41,1736.38,22641.55,-6451.99,185.06,252.13,-6266.94,-6014.81,,,,,
4451,1820.47,4133.99,5218.97,500,294.76,-196.13,-3862.43,-31982.02,1734.4,22693.14,-6543.18,182.6,355.15,-6360.58,-6005.43,,,,,
4461,1778.43,4121.64,5229.05,511.14,278.9,-181.87,-3855.35,-32022.64,1750.2,22734.55,-6529.33,184.85,344.04,-6344.49,-6000.45,,,,,
4471,1815.86,4202.7,5189.22,493.27,265.77,-191.61,-3881.22,-31965.41,1710.85,22675.16,-6516.68,186.4,314.59,-6330.29,-6015.7,,,,,
4481,1786.33,4049.01,5198.29,478.91,273.92,-183.78,-3901.76,-31735.71,1741.24,22662.03,-6650.4,187.25,368.49,-6463.14,-6094.65,,,,,
4491,1840.38,4151.94,5198.57,505.74,271.95,-178.17,-3916.28,-32030.98,1743.46,22614.79,-6411.08,184.21,201.4,-6226.87,-6025.47,,,,,
4501,1776.35,4139.55,5198.94,507.43,265.18,-205.05,-3878.45,-31993.13,1756.09,22733.78,-6554.39,187.4,300.68,-6366.99,-6066.31,,,,,
4511,1797.95,4186.67,5167.8,497.44,248.88,-182.38,-3842.23,-31944.79,1740.32,22624.71,-6538.48,189.04,294.37,-6349.43,-6055.06,,,,,
4521,1842.11,4167.76,5202.81,518.3,271.83,-175.91,-3886.05,-31852.71,1760.24,22607.28,-6557.89,185.04,455.66,-6372.85,-5917.19,,,,,
4531,1829.95,4242.81,5211.14,521.97,264.85,-215.01,-3893.35,-31858.67,1745.8,22693.75,-6633.3,185.01,543.24,-6448.29,-5905.05,,,,,
4541,1832.32,4137.71,5177.15,496.13,288.85,-215.91,-3855.86,-32032.45,1705.62,22575.52,-6413.14,186.31,109.09,-6226.83,-6117.75,,,,,
4551,1817.98,4125.56,5183.48,522.01,292.57,-191.76,-3881.92,-32077.39,1759,22672.79,-6390.1,180.36,222.33,-6209.74,-5987.42,,,,,
4561,1833.69,4229.51,5184.74,504.87,248.41,-185.03,-3894.51,-32084.29,1742.29,22678.38,-6418.39,182.78,258.06,-6235.61,-5977.55,,,,,
4571,1776.79,4222.81,5184.42,501.18,273.95,-184.28,-3911.39,-32046.88,1754.24,22589.75,-6382.1,183.14,160.59,-6198.96,-6038.37,,,,,
4581,1784.29,4174.86,5244.14,516.03,282.84,-201.26,-3920.87,-31840.86,1748.98,22731.38,-6613.92,187.35,519.52,-6426.57,-5907.05,,,,,
4591,1799.11,4185.9,5157.19,510.14,277.69,-201.42,-3875.25,-31984.38,1699.06,22642.81,-6483.93,187.93,210.86,-6296,-6085.15,,,,,
4601,1847.44,4154.79,5195.56,508.99,274.04,-217.65,-3813.19,-31890.84,1735.31,22625.01,-6580.38,188.51,419.48,-6391.87,-5972.4,,,,,
4611,1766.19,4170.94,5225.18,495.1,292.06,-199.13,-3870.77,-31877.85,1765.46,22601.22,-6534.9,182.97,368.4,-6351.93,-5983.53,,,,,
4621,1786.41,4157.81,5207.56,506.46,284,-221.23,-3843.01,-31876.81,1737.32,22673.16,-6547.6,182.73,411.66,-6364.86,-5953.2,,,,,
4631,1754.68,4149.57,5204.18,509.13,275.13,-202.65,-3922.29,-31827.5,1773.41,22608.99,-6527.94,180.4,322.66,-6347.54,-6024.88,,,,,
4641,1792.29,4111.46,5185.53,495.74,259.76,-200.45,-3919.82,-32136.01,1748.76,22752.31,-6350.57,181.61,89.57,-6168.97,-6079.4,,,,,
4651,1778.25,4154.07,5206.96,507.9,261.88,-189.91,-3907.8,-32043.49,1736.87,22663.13,-6402.56,180.59,167.87,-6221.97,-6054.1,,,,,
4661,1846.17,4141.45,5183.66,488.2,286.47,-235.5,-3899.02,-31908.38,1727.88,22698.86,-6549.69,180.8,329.78,-6368.88,-6039.1,,,,,
4671,1767.35,4151.52,5265.56,494.19,269.51,-200.54,-3938.14,-31827.28,1756.06,22667.13,-6610.31,181.89,405.36,-6428.43,-6023.06,,,,,
4681,1773.77,4181.08,5233.32,498.29,276.82,-192.08,-3952.14,-32016.01,1722.46,22625.96,-6351.96,177.88,151.47,-6174.09,-6022.61,,,,,
4691,1783.08,4211.75,5193.61,516.79,279.51,-208.52,-3917.22,-31719.92,1707.14,22510.51,-6555.02,179.2,356.75,-6375.82,-6019.07,,,,,
4701,1814.71,4185.23,5223.02,518.4,265.4,-217.95,-3905,-31980.79,1726.27,22625.3,-6415.81,181.8,254.59,-6234.01,-5979.42,,,,,
4711,1768.65,4165.74,5218.13,511.64,265.07,-217.61,-3932.84,-31922.12,1734.31,22590.81,-6410.95,179.01,181.8,-6231.94,-6050.15,,,,,
4721,1816.56,4252.73,5205.26,505.81,250.8,-199.54,-3950.16,-31962.68,1761.92,22574.16,-6428.56,180.56,254.85,-6247.99,-5993.15,,,,,
4731,1820.77,4137.79,5203.59,499.7,280.91,-198.88,-3879.21,-32031.61,1764.34,22703.02,-6447.57,183.29,300.43,-6264.28,-5963.85,,,,,
4741,1843.37,4187.87,5234.98,512.91,274.24,-191.17,-3890.79,-32006.24,1739,22718.33,-6457.76,182.78,422.5,-6274.97,-5852.47,,,,,
4751,1810.75,4135.63,5221.74,516.24,274.38,-203.46,-3904.78,-32029.33,1714.25,22556.27,-6373.8,181.02,91.7,-6192.78,-6101.08,,,,,
4761,1762.02,4252.3,5185.08,507.32,283.13,-198.76,-3880.17,-31952.1,1704.31,22520.87,-6422.77,182.28,184,-6240.5,-6056.5,,,,,
4771,1803.14,4228.49,5172.52,530.79,264.99,-192.12,-3880.55,-32018.47,1709.93,22647.23,-6417.57,183.33,265.94,-6234.24,-5968.3,,,,,
4781,1772.8,4191.41,5168.31,505.66,273.26,-191.81,-3878.2,-32023.12,1750.68,22580.31,-6392.25,181.42,149.31,-6210.84,-6061.53,,,,,
4791,1769.04,4084.48,5193.12,506.36,281.19,-183.87,-3887.98,-31901.51,1762.77,22572.28,-6460.63,181.25,195.88,-6279.38,-6083.5,,,,,
4801,1791.25,4189.23,5214.32,510.34,262.57,-184.57,-3920.09,-31749.44,1718.78,22585.31,-6630.94,182.68,417.7,-6448.26,-6030.56,,,,,
4811,1785.79,4141.14,5213.89,482.23,277.89,-210.34,-3934.81,-31903.84,1725.88,22611.86,-6482.68,181.4,189.7,-6301.28,-6111.58,,,,,
4821,1817.51,4066.48,5238.79,489.21,254.97,-214.83,-3907.35,-31973.5,1753.76,22750.58,-6509.68,182,275.61,-6327.68,-6052.07,,,,,
4831,1825.45,4143.07,5243.35,494.21,272.17,-221.49,-3913.5,-31975.95,1750.96,22605.62,-6456.19,183.52,223.89,-6272.67,-6048.78,,,,,
4841,1860.25,4171.79,5221.72,516.84,276.13,-204.82,-3951.25,-31995.66,1720.61,22712.43,-6457.26,182.91,328.04,-6274.35,-5946.32,,,,,
4851,1813.26,4067.25,5225.21,510.13,269.91,-183.57,-3941.73,-31871.48,1736.71,22724.76,-6563.59,180.62,350.44,-6382.96,-6032.52,,,,,
4861,1803.47,4150.63,5139.99,503.81,277.13,-190.44,-3907.74,-31904.35,1749.52,22568.77,-6506.22,180.9,190.79,-6325.32,-6134.53,,,,,
4871,1856.96,4071.8,5208.35,500.92,260.73,-178.72,-3931.1,-32007.13,1748.47,22695.19,-6463.33,180.84,225.46,-6282.49,-6057.04,,,,,
4881,1752.45,4122.11,5168.4,500.45,245.08,-146.74,-3908.61,-31876.94,1767.62,22835.4,-6666.37,184.41,459.23,-6481.96,-6022.74,,,,,
4891,1799.85,4142.73,5215.51,498.69,269.68,-204.91,-3976.96,-31821.36,1739.37,22625.91,-6567.28,179.4,288.49,-6387.88,-6099.39,,,,,
4901,1787.17,4263.6,5214.53,505.91,294.57,-202.14,-3962.49,-31750.49,1716.79,22569.44,-6551.83,178.61,436.89,-6373.22,-5936.33,,,,,
4911,1778.63,4136.37,5226.88,517.18,277.99,-182.83,-3923.11,-31781.14,1742.99,22562.26,-6572.51,183.01,355.22,-6389.49,-6034.28,,,,,
4921,1852.35,4225.03,5235.36,492.88,274.97,-213.24,-3916.05,-31834.98,1742.03,22552.22,-6550.47,187.1,410.55,-6363.37,-5952.82,,,,,
4931,1793.52,4248.33,5190.29,508.49,273.08,-188.7,-3899.05,-31934.89,1730.63,22598.72,-6444.26,184.38,320.42,-6259.88,-5939.46,,,,,
4941,1819.42,4156.37,5209.2,518.09,271.13,-223.72,-3873.09,-32085.81,1777.83,22659.35,-6362.72,182.42,228.77,-6180.29,-5951.53,,,,,
4951,1795.79,4173.84,5246.01,511.3,294.77,-202.73,-3951.84,-31840.81,1708.06,22561,-6489.86,180.84,295.39,-6309.02,-6013.63,,,,,
4961,1845.94,4171.24,5243.05,505.48,271.24,-175.59,-3905.39,-31950.02,1737.49,22592.59,-6502.61,185.24,336.06,-6317.37,-5981.31,,,,,
4971,1773.21,4214.69,5206.24,513.88,287.85,-205.13,-3909.49,-32014.54,1737.18,22646.11,-6415,178.73,250,-6236.27,-5986.27,,,,,
4981,1765.25,4226.75,5163.59,526.78,262.73,-189.72,-3893.06,-31998.39,1739.83,22641.87,-6506.87,184.96,245.63,-6321.91,-6076.28,,,,,
4991,1793.06,4134.39,5225.67,510.01,267.46,-198.3,-3937.84,-31767.96,1728.25,22692.84,-6632.45,184.65,447.58,-6447.8,-6000.22,,,,,
5001,1798.53,4238.51,5232.18,513.67,265.35,-233.43,-3887.83,-31827.47,1736.58,22699.39,-6628.72,183.91,535.48,-6444.81,-5909.33,,,,,
5011,1790.39,4066.91,5191.03,497.35,269.67,-182.01,-3916.03,-31863.73,1742.91,22657.49,-6538.47,180.55,253.97,-6357.92,-6103.94,,,,,
5021,1791.85,4199.7,5252.93,505.43,273.07,-187.41,-3927.25,-31832.52,1739.12,22621.21,-6576.1,181.77,436.12,-6394.32,-5958.2,,,,,
5031,1804.09,4179.67,5254,504.7,252.06,-158.66,-3943.45,-31904.38,1752.79,22568.28,-6467.74,175.66,309.1,-6292.08,-5982.98,,,,,
5041,1725.24,4206.62,5250.47,512.65,291.93,-212.35,-3945.33,-31870.55,1738.84,22814.23,-6670.84,180.33,511.76,-6490.51,-5978.75,,,,,
5051,1885.7,4121.44,5244.32,506.16,286.01,-194.6,-3930.09,-31809.38,1694.94,22629.38,-6603.79,186.95,433.88,-6416.85,-5982.97,,,,,
5061,1763.18,4120.94,5261.85,513.73,259.13,-198.3,-3900.49,-32088.24,1747.08,22665.37,-6414.04,177.63,144.26,-6236.41,-6092.14,,,,,
5071,1787.86,4127.4,5231.43,503.09,277.72,-190.84,-3861.39,-32136.69,1752.74,22738.5,-6397.41,181.7,229.81,-6215.71,-5985.89,,,,,
5081,1858.64,4220.11,5196.22,506.68,255.69,-223.6,-3922.5,-31883.31,1737.48,22599.58,-6500.82,178.83,344.99,-6321.99,-5977,,,,,
5091,1832.74,4300.68,5193.36,532.1,271.24,-205.54,-3972.73,-31985.82,1742.51,22711.23,-6438.44,174.75,419.76,-6263.69,-5843.92,,,,,
5101,1846.31,4120.97,5217.19,517.83,284.28,-199.75,-3921.2,-31970.65,1716.45,22675.11,-6525.09,182.02,286.53,-6343.07,-6056.54,,,,,
5111,1816.37,4266.21,5192.29,511.57,265.46,-199.28,-3899.05,-32163.34,1723.82,22714.92,-6336.9,181.71,228.98,-6155.19,-5926.21,,,,,
5121,1789.35,4233.02,5188.86,514.17,283.74,-194.69,-3913.31,-32037.61,1731.08,22655.62,-6396.16,182.19,250.22,-6213.97,-5963.74,,,,,
5131,1842.73,4103.8,5201.56,491.04,268.88,-199.18,-3891.12,-32099.11,1740.02,22734.62,-6441.42,182.67,193.24,-6258.75,-6065.52,,,,,
5141,1779.11,4164.06,5236.73,504.45,277.8,-203.59,-3959.16,-32147.7,1735.48,22768.36,-6381.05,179.1,155.56,-6201.95,-6046.4,,,,,
5151,1824.1,4146.19,5243.28,504.13,276.5,-211.54,-3980.53,-31965.88,1723.29,22718.05,-6503.43,179.74,277.59,-6323.69,-6046.09,,,,,
5161,1731.44,4204.06,5176.2,516.57,291.81,-190.69,-3925.88,-32177.65,1717.65,22696.94,-6346.17,178.22,40.46,-6167.95,-6127.49,,,,,
5171,1806.06,4228.96,5236.75,505.59,301.67,-184.98,-3960.22,-31890.06,1695.32,22685.93,-6608.4,181.94,425.03,-6426.46,-6001.43,,,,,
5181,1819.78,4103.26,5254.47,503.52,269.94,-185,-3907.24,-32117.49,1730.03,22720.91,-6429.85,180.68,192.18,-6249.16,-6056.98,,,,,
5191,1804.54,4095.22,5269.52,504.11,247.91,-196.96,-3904.31,-31979.24,1744.56,22675.78,-6490.24,181.5,261.13,-6308.75,-6047.62,,,,,
5201,1775.69,4088.01,5176.34,512.51,276.54,-202.09,-3900.79,-32043.1,1716.73,22743.7,-6501.09,182.38,143.54,-6318.71,-6175.16,,,,,
5211,1742.71,4176.5,5230.79,518.91,278.07,-171.89,-3959.23,-31825.29,1745.84,22701.82,-6556.91,180.17,438.23,-6376.74,-5938.51,,,,,
5221,1751.73,4185.08,5228.82,497.25,259.07,-197.7,-3868.7,-31964.32,1765,22738.03,-6550.9,182.39,394.27,-6368.52,-5974.25,,,,,
5231,1839.85,4143.8,5245.75,505.6,289.82,-171.6,-3917.65,-31806.99,1730.83,22668.59,-6629.95,182.75,528.01,-6447.2,-5919.2,,,,,
5241,1755.08,4221.94,5218.09,503.89,246.71,-204.42,-3925.43,-31849.43,1702.14,22648.31,-6600.2,182.64,316.87,-6417.56,-6100.69,,,,,
5251,1833.1,4164.77,5241.75,518.82,265.65,-206.43,-3913.72,-32092.8,1756.63,22703.26,-6443.79,182.55,271.03,-6261.24,-5990.21,,,,,
5261,1814.25,4126.15,5226.85,487.63,290.76,-193.45,-3890.78,-31995.08,1739.05,22793.13,-6586.53,185.15,398.52,-6401.39,-6002.87,,,,,
5271,1807.01,4167.06,5210.12,505.37,247.89,-203.19,-3915.26,-31942.47,1750.98,22574.28,-6482.23,180.84,201.79,-6301.39,-6099.6,,,,,
5281,1837.11,4186.45,5285.74,512.81,275.17,-227.57,-3976.65,-31875.95,1728.01,22697.18,-6551.91,177.45,442.3,-6374.46,-5932.15,,,,,
5291,1775.47,4168.51,5159.03,505.11,267.2,-185.19,-3908.85,-31837.04,1754.1,22758.69,-6655.28,181.59,457.02,-6473.69,-6016.68,,,,,
5301,1829.27,4208.55,5239.75,511.72,292.21,-187.17,-3909.3,-31911.59,1745.17,22585.33,-6529.19,183.05,403.93,-6346.13,-5942.21,,,,,
5311,1744.43,4244.88,5229.37,509.64,291.93,-175.62,-3921.03,-31753.34,1735.66,22677.17,-6683.96,184.34,583.08,-6499.62,-5916.54,,,,,
5321,1868.66,4105.16,5220.72,501.9,284.97,-193.39,-3889.98,-32080.65,1725.96,22761.93,-6462.6,183.72,305.28,-6278.88,-5973.6,,,,,
5331,1785.43,4098.02,5224.4,485.18,268.1,-199.45,-3930.72,-32092.87,1732.37,22678.08,-6361.23,180.87,48.55,-6180.36,-6131.81,,,,,
5341,1784.9,4184.15,5249.96,493.21,283.47,-187.64,-3931.24,-31974.19,1728.05,22566.53,-6400.41,180.6,197.23,-6219.82,-6022.59,,,,,
5351,1827.07,4137.36,5240.84,497.79,263.1,-224.6,-3944.63,-32067.15,1748.31,22608.06,-6357.44,177.53,86.14,-6179.91,-6093.77,,,,,
5361,1805.46,4216.33,5213.66,519.92,281.9,-189.47,-3940.64,-31900.64,1721.16,22576.18,-6437.24,179.4,303.86,-6257.83,-5953.97,,,,,
5371,1814.19,4052.6,5248.78,513.59,265.5,-209.51,-3922.98,-32044.94,1761.52,22756.04,-6451.37,179.68,234.79,-6271.69,-6036.9,,,,,
5381,1768.92,4103.56,5231.62,502.24,289.06,-197.6,-3913.36,-31812.46,1751.63,22541.51,-6534.43,183.99,265.13,-6350.44,-6085.32,,,,,
5391,1769.24,4216.98,5188.19,517.92,273.29,-187.44,-3934.19,-31922.8,1719.76,22549.23,-6443.83,183.32,190.17,-6260.51,-6070.34,,,,,
5401,1806.48,4253.89,5216.21,513.47,296.37,-201.26,-3931.36,-31865.89,1747.14,22529.19,-6497.18,181.92,364.25,-6315.26,-5951.01,,,,,
5411,1795.86,4138.07,5230.91,495.09,278.97,-208.29,-3939.02,-31830.87,1742.76,22541.99,-6539.55,184.71,245.47,-6354.84,-6109.37,,,,,
5421,1830.13,4210.87,5236.99,489.47,267.61,-196.49,-3898.2,-31886.57,1726.46,22511.74,-6433.91,182.13,292,-6251.78,-5959.78,,,,,
5431,1765.56,4224.36,5198.24,508.97,271.57,-181.4,-3937.56,-31832.33,1745.17,22580.64,-6490.46,182.09,343.21,-6308.37,-5965.15,,,,,
5441,1816.67,4212.06,5215.73,505.67,270.3,-205.57,-3913.66,-31922.01,1744.12,22536.2,-6451.9,183.8,259.52,-6268.1,-6008.58,,,,,
5451,1795.67,4198.94,5194.14,512.68,268.62,-184.63,-3911.2,-31909.16,1754.31,22600.74,-6499.52,182.01,320.12,-6317.51,-5997.39,,,,,
5461,1819.23,4233.6,5256.47,492.99,275.3,-213.07,-3919.57,-31869.09,1716.89,22576.92,-6533.99,182.48,369.66,-6351.51,-5981.84,,,,,
5471,1838.34,4117.24,5211.82,495.38,272.15,-194.9,-3923.49,-31991.41,1704.38,22649.95,-6456.6,180.21,179.47,-6276.39,-6096.93,,,,,
5481,1758.91,4052.04,5210.46,510.26,274.6,-166.43,-3946.04,-32197.85,1750.29,22788.22,-6353.79,181.84,34.46,-6171.95,-6137.49,,,,,
5491,1752.54,4180.83,5241.65,500.82,271.51,-175.41,-3893.85,-32078.67,1770.76,22616.66,-6348.27,182.02,186.85,-6166.25,-5979.4,,,,,
5501,1829.47,4197.72,5258.7,499.82,265.51,-215.57,-3876.17,-31948.26,1711.8,22625.2,-6525.32,184.25,348.23,-6341.07,-5992.84,,,,,
5511,1813.35,4207.13,5235.73,490.86,260.19,-211.77,-3937.55,-31954.87,1739.27,22712.19,-6537.05,180.62,354.54,-6356.43,-6001.89,,,,,
5521,1860.59,4210.81,5246.8,517.53,279.09,-191.15,-3948.04,-32122.31,1736.46,22722.22,-6391.53,176.23,311.99,-6215.29,-5903.3,,,,,
5531,1791.29,4225.29,5211.11,497.69,269.46,-187.35,-3947.9,-32137.9,1745.64,22739.77,-6342.17,177.62,207.09,-6164.55,-5957.46,,,,,
5541,1769.83,4099.4,5280.02,497.81,272.42,-210.83,-3866.74,-32258.77,1785.64,22852.4,-6383.5,181.13,221.18,-6202.37,-5981.2,,,,,
5551,1813.27,4196.24,5191.8,506.46,277.37,-171.65,-3917.6,-32092.25,1738.4,22701.38,-6443.36,184.61,243.41,-6258.75,-6015.34,,,,,
5561,1770.11,4180.24,5243.9,515.44,270.75,-185.19,-3888.34,-32048.87,1743.24,22639.26,-6457.86,181.77,240.53,-6276.09,-6035.56,,,,,
5571,1871.15,4180.27,5248.81,509.7,274.07,-185.16,-3911.54,-31871.19,1739.55,22642.86,-6611.76,184.41,498.53,-6427.35,-5928.81,,,,,
5581,1842.51,4278.42,5188.69,516.79,263.87,-216.19,-3896.63,-31929.77,1686.29,22523.32,-6420.03,182.16,257.31,-6237.88,-5980.57,,,,,
5591,1795.22,4192.94,5237.22,513.69,296.28,-215.73,-3926.36,-31975.99,1716.41,22616.68,-6480.18,180.21,250.36,-6299.96,-6049.6,,,,,
5601,1832.5,4142.22,5196.33,524,282.37,-182.64,-3903.27,-32029.17,1782.44,22716.67,-6526.2,180.83,361.46,-6345.37,-5983.91,,,,,
5611,1723.28,4205.89,5192.4,500.28,279.68,-206.17,-3900.97,-32086.66,1751.85,22706.48,-6440.07,181.66,166.05,-6258.42,-6092.36,,,,,
5621,1806.97,4149.5,5206.01,495.5,295.55,-212.62,-3873.81,-31971.63,1711.46,22706.13,-6496.52,181.9,313.05,-6314.62,-6001.57,,,,,
5631,1797.98,4202.72,5237.62,496.22,289.85,-241.13,-3902.92,-31927.53,1724.84,22622.68,-6518.89,184.17,300.33,-6334.71,-6034.39,,,,,
5641,1765.31,4271,5220.68,504.03,257.08,-202.16,-3906.05,-32161.69,1735.65,22649.96,-6332.99,183.82,133.8,-6149.17,-6015.37,,,,,
5651,1745.73,4125.35,5210.7,495.6,297.73,-198.13,-3940.8,-32218.22,1789.39,22805.13,-6409.5,180.55,112.47,-6228.95,-6116.48,,,,,
5661,1780.24,4163.44,5252.59,484.86,299.91,-197.28,-3899.5,-32246.19,1729.49,22803.54,-6392.09,181.15,171.09,-6210.94,-6039.85,,,,,
5671,1772.64,4189.24,5197.64,515.3,283.93,-196.27,-3890.13,-32179.94,1721.73,22775.04,-6447.46,180.89,189.17,-6266.58,-6077.41,,,,,
5681,1849.07,4157.68,5198.22,507.95,261.69,-206.44,-3897.07,-32114.09,1724.35,22756.76,-6484.3,183.14,238.12,-6301.16,-6063.04,,,,,
5691,1876.2,4170.93,5212.98,525.1,267.82,-213.87,-3908.82,-32185.69,1748.44,22798.53,-6440.67,181.51,291.61,-6259.16,-5967.55,,,,,
5701,1761.14,4192.59,5222.62,507.75,278.33,-228.36,-3893.55,-32053,1718.08,22719.69,-6486.12,182.34,225.3,-6303.78,-6078.48,,,,,
5711,1804.09,4187.12,5235.21,506.37,285.68,-198.25,-3929.93,-32091.13,1719.48,22777.63,-6450.36,179.79,296.26,-6270.57,-5974.31,,,,,
5721,1855.63,4224.84,5222.73,512.58,267.95,-213.47,-3896.54,-32044.18,1711.7,22687.58,-6474.37,183.51,328.83,-6290.86,-5962.03,,,,,
5731,1832.91,4209.14,5187.51,506.12,278.58,-198.96,-3891.34,-32061.12,1692.97,22651.61,-6427.9,184.31,207.42,-6243.58,-6036.16,,,,,
5741,1861.3,4174.55,5218.05,488.7,265.71,-191.15,-3926.3,-31994.76,1739.86,22692.62,-6495.54,182.19,328.59,-6313.34,-5984.76,,,,,
5751,1827.11,4115.52,5249.26,495.13,269.98,-204.37,-3887.22,-32098.5,1742.61,22815.62,-6471.23,184.67,325.12,-6286.56,-5961.44,,,,,
5761,1840.21,4126.01,5193.23,492.65,276.19,-194.58,-3925.14,-32030.3,1714.74,22690.84,-6422.79,180.95,183.85,-6241.83,-6057.98,,,,,
5771,1802.29,4235.09,5230.56,499.97,284.36,-196.49,-3930.41,-31965.1,1726.76,22657.01,-6510.63,184.61,344.04,-6326.02,-5981.99,,,,,
5781,1848.24,4191.04,5212.52,510.6,278.74,-207.52,-3930.19,-31877.14,1734.59,22638.98,-6556.05,183.78,399.87,-6372.27,-5972.4,,,,,
5791,1798.77,4159.19,5155.12,499.41,281.16,-172.97,-3856.76,-31998.23,1769.29,22727.66,-6569.02,188.01,362.64,-6381.01,-6018.37,,,,,
5801,1826.65,4151.9,5201.25,516.68,279.22,-177.95,-3881.26,-31950.59,1735.19,22612.56,-6505.99,183.92,313.67,-6322.07,-6008.4,,,,,
5811,1739.42,4184.34,5196.69,489.54,273.58,-208.24,-3861.77,-31960.5,1721.99,22613.3,-6435.46,183.37,188.35,-6252.09,-6063.74,,,,,
5821,1823.6,4202.24,5180.35,503.57,286.2,-151.8,-3928.61,-31734.28,1717.07,22538.18,-6539.79,187.09,436.52,-6352.7,-5916.17,,,,,
5831,1823.99,4198.06,5203.53,519.14,265.35,-198.92,-3871.11,-31857.41,1714.01,22634.7,-6528.45,187.93,431.33,-6340.52,-5909.19,,,,,
5841,1818.44,4222.53,5167.68,498.97,276.76,-195.23,-3877.45,-31866.73,1721.42,22559.63,-6481.81,185.01,326.02,-6296.8,-5970.78,,,,,
5851,1805.95,4115.19,5178.96,515.03,265.7,-179.39,-3903.57,-31895.98,1746.19,22702.09,-6576.19,187.8,350.16,-6388.39,-6038.23,,,,,
5861,1839.67,4232.08,5217.32,514.8,263.77,-168.44,-3894.39,-31770.48,1715.01,22544.99,-6530.75,185.65,494.31,-6345.1,-5850.79,,,,,
5871,1801.06,4154.63,5176.17,500.42,256.65,-196.63,-3901.06,-31813.94,1717.93,22619.79,-6596.2,185.19,315.01,-6411.01,-6095.99,,,,,
5881,1817.92,4215.77,5174.11,509.48,280.2,-179.96,-3912.08,-31876.33,1767.23,22450.6,-6410.78,181.42,246.94,-6229.36,-5982.42,,,,,
5891,1828.19,4192.41,5226.14,496.16,280.32,-195.22,-3924.5,-32007.08,1729.41,22515.07,-6324.44,182.78,140.9,-6141.66,-6000.76,,,,,
5901,1846.29,4169.4,5179.98,501.09,258.04,-203.2,-3893.58,-31927.61,1724.63,22663.26,-6509.14,186.2,318.29,-6322.95,-6004.65,,,,,
5911,1820.06,4174.29,5256.66,519.05,277.48,-176.35,-3920.33,-32106.34,1728.66,22615.84,-6374.97,179.72,189.02,-6195.24,-6006.22,,,,,
5921,1796.92,4201.04,5224.62,505.37,292.45,-212.68,-3926.06,-31815.62,1749.71,22545.23,-6569.44,185.66,360.97,-6383.78,-6022.82,,,,,
5931,1778.93,4027.26,5180.94,517.51,259.64,-171.48,-3915.47,-32007.34,1775.39,22727.28,-6488.57,186.27,172.65,-6302.3,-6129.64,,,,,
5941,1795.59,4188.35,5184.89,519.93,276.12,-165.1,-3951.11,-32036.39,1734.4,22688.09,-6428.22,181.34,234.78,-6246.88,-6012.09,,,,,
5951,1816.23,4210.71,5205.11,519.34,272.2,-167.04,-3928.09,-32013.96,1726.57,22530.98,-6367.47,182.06,172.04,-6185.41,-6013.37,,,,,
5961,1825.18,4166.22,5198.84,501.61,292.73,-204.47,-3917.37,-31916.15,1716.67,22696.75,-6536.86,184.51,360.02,-6352.35,-5992.33,,,,,
5971,1820.06,4177.39,5205.49,504.68,274.81,-189.28,-3891.96,-31739.34,1756.52,22586.03,-6659.5,183.86,504.41,-6475.64,-5971.23,,,,,
5981,1853.9,4236.58,5248.83,539.64,282.32,-210.88,-3926.34,-31925.82,1716.09,22589.15,-6491.29,182.78,403.46,-6308.51,-5905.05,,,,,
5991,1734.02,4317.15,5192.31,528.23,305.94,-203.84,-3950.36,-31921.7,1742.26,22566.32,-6456.46,180.8,310.32,-6275.67,-5965.34,,,,,
6001,1795.64,4189.64,5171.76,519.72,262.02,-179.91,-3874.41,-31767.87,1749.81,22533.93,-6604.81,186.42,400.35,-6418.4,-6018.05,,,,,
6011,1804.47,4155.28,5247.07,516.52,276.27,-180.42,-3929.71,-31906.78,1776.84,22526.46,-6430.43,182.24,286,-6248.19,-5962.2,,,,,
6021,1780.7,4167.43,5238.5,518.36,304.87,-198.14,-3918.08,-31731.39,1762.57,22577.63,-6585.35,183.08,502.45,-6402.27,-5899.82,,,,,
6031,1868.14,4181.62,5221.7,510.16,274.43,-166.67,-3877,-31880.99,1701.81,22475.79,-6445.06,187.08,308.99,-6257.99,-5948.99,,,,,
6041,1816.67,4107.58,5256.13,514.01,256.49,-183.93,-3891.58,-31998.18,1768.29,22616.63,-6436.22,183.57,262.12,-6252.65,-5990.53,,,,,
6051,1786.09,4105.58,5183.24,495.76,282.15,-187.74,-3882.03,-32009.74,1767.03,22723.72,-6477.27,181.31,264.07,-6295.96,-6031.9,,,,,
6061,1812.65,4236.15,5236.73,509.66,283.17,-220.85,-3917.7,-31885.07,1731.45,22499.15,-6454.05,178.22,285.34,-6275.83,-5990.49,,,,,
6071,1778.77,4139.33,5248.62,493.24,265.91,-215.05,-3921.98,-31721.93,1758.92,22524.32,-6574.96,181.26,350.17,-6393.7,-6043.53,,,,,
6081,1799.01,4226.01,5212.57,516.57,278.62,-186.19,-3899.53,-31846.39,1717.17,22514.55,-6482.42,182.22,332.39,-6300.19,-5967.8,,,,,
6091,1797.68,4258,5216.28,506.29,271.59,-204.57,-3918,-31704.95,1748.34,22592.37,-6670.58,186.52,563.03,-6484.06,-5921.04,,,,,
6101,1763.2,4173.83,5216.88,485.39,267.93,-192.17,-3958.01,-31743.03,1727.89,22509.78,-6586.76,187.33,251.69,-6399.43,-6147.74,,,,,
6111,1777.5,4168.33,5198.44,502.81,267.46,-156.01,-3920.51,-31747.04,1740.53,22532.34,-6571.67,182.81,363.85,-6388.86,-6025.01,,,,,
6121,1891.79,4135.93,5271.54,494.41,263.41,-216.14,-3921.17,-31676.48,1724.76,22581.55,-6668.06,183.26,549.61,-6484.79,-5935.18,,,,,
6131,1776.1,4110.87,5219.44,502.94,270.58,-203.77,-3909.85,-31831.33,1746.19,22541.02,-6502.11,183.97,222.18,-6318.14,-6095.96,,,,,
6141,1833.97,4176.24,5181.32,521.76,252.83,-181.76,-3910.37,-31853.13,1722.81,22629.69,-6572.08,183.03,373.35,-6389.05,-6015.69,,,,,
6151,1772.67,4173.34,5215.11,512.6,285.59,-220.12,-3940.32,-31843.61,1744.94,22612.16,-6552.15,184.89,312.36,-6367.26,-6054.9,,,,,
6161,1792.82,4145.16,5215.09,487.2,276.68,-200.21,-3935.02,-31931.81,1728.24,22623.22,-6493.72,182.01,201.37,-6311.72,-6110.34,,,,,
6171,1795.44,4252.7,5212.87,505.18,273.06,-203.36,-3975.71,-31836.53,1730.79,22556.71,-6480.35,180.21,311.14,-6300.14,-5989,,,,,
6181,1820.91,4181.15,5248.25,504.72,269.77,-216.66,-3927.03,-31639.46,1727.53,22439.01,-6644.4,186.5,408.2,-6457.91,-6049.71,,,,,
6191,1864.13,4240.8,5203.65,514.03,275.18,-213.77,-3924.81,-31764.79,1753.55,22615.82,-6654.86,185.04,563.8,-6469.81,-5906.01,,,,,
6201,1775.91,4204.06,5251.23,502.32,281.94,-200.26,-3922.9,-31792.67,1760.2,22556.47,-6543.57,184.32,416.32,-6359.25,-5942.93,,,,,
6211,1737.91,4236.53,5253.89,500.26,272.25,-211.79,-3975.11,-31688.48,1751.59,22610.42,-6669.9,181.83,487.47,-6488.07,-6000.6,,,,,
6221,1802.84,4147.77,5250.79,510.59,279.3,-190.91,-3939.58,-32026.91,1689.88,22561.96,-6378.02,178.54,85.72,-6199.48,-6113.77,,,,,
6231,1852.54,4226,5203.27,507.41,285.35,-215.86,-3952.72,-31912.28,1720.48,22550.89,-6406.73,177.15,265.08,-6229.57,-5964.49,,,,,
6241,1770.06,4193.09,5200.73,508.58,281.2,-200.84,-3926.27,-31861.31,1724.06,22502.25,-6499.87,184.6,191.55,-6315.27,-6123.72,,,,,
6251,1822.77,4127.65,5209.36,501.93,261.53,-202.16,-3905.89,-32002.91,1739.51,22619.22,-6384.7,181.44,171.01,-6203.26,-6032.26,,,,,
6261,1789.18,4197.51,5244.68,496.25,302.65,-170.49,-3939.51,-31762.2,1756.11,22557.69,-6583.45,184.68,471.88,-6398.77,-5926.88,,,,,
6271,1765.32,4186.67,5267.35,505.47,267.47,-208.56,-3980.99,-31875.71,1725.04,22564.63,-6457.87,179.42,216.68,-6278.45,-6061.77,,,,,
6281,1824.29,4123.22,5220.97,504.24,279.35,-178.59,-3914.08,-31905.49,1741.79,22517.18,-6423.94,183,212.88,-6240.94,-6028.06,,,,,
6291,1766.05,4143.64,5197.23,492.35,287.4,-202.96,-3900.18,-32083.88,1711.76,22550.29,-6319.87,179.26,-38.31,-6140.6,-6178.91,,,,,
6301,1841.47,4181.31,5254.06,500.57,279.81,-196.95,-3897.21,-31803.6,1723.63,22503.8,-6506.13,183.46,386.89,-6322.67,-5935.77,,,,,
6311,1731.14,4192.33,5189.97,518.7,262.15,-168.06,-3955.96,-31805.07,1772.43,22564.38,-6505.81,180.86,302.01,-6324.95,-6022.94,,,,,
6321,1836.09,4171.04,5176.39,501.18,266.44,-172.64,-3937.73,-31843.2,1737.61,22538.5,-6535.67,181.91,273.69,-6353.76,-6080.07,,,,,
6331,1789.97,4127.23,5196.39,502.97,272.74,-170.55,-3886.58,-31920.48,1728.35,22542.61,-6455.3,180.29,182.66,-6275.01,-6092.35,,,,,
6341,1788.53,4211.96,5175.96,483.72,272.84,-191.81,-3899.5,-31993.42,1730.48,22476.04,-6335.41,183.31,54.79,-6152.1,-6097.32,,,,,
6351,1832.33,4164.4,5232.8,527.13,268.04,-210.85,-3887.16,-31998.27,1722.44,22586.29,-6431.47,188.32,237.15,-6243.16,-6006,,,,,
6361,1782.25,4160.78,5193.87,505.63,243.84,-171.04,-3841.91,-32000.96,1763.48,22528.8,-6427.36,185.1,164.75,-6242.26,-6077.52,,,,,
6371,1829.91,4145.11,5258.17,508.03,272.88,-193.65,-3859.06,-32131.48,1728.74,22664.58,-6391.18,187.06,223.24,-6204.12,-5980.88,,,,,
6381,1854.23,4178.02,5187.98,508.25,277.29,-209.53,-3886.63,-31835.55,1751.75,22483.54,-6500.47,188.93,309.35,-6311.54,-6002.19,,,,,
6391,1843.43,4158.44,5187.53,514.44,268.73,-185.76,-3881.24,-31852.04,1716.47,22511.99,-6536.76,185.58,282,-6351.19,-6069.19,,,,,
6401,1896.6,4155.99,5214.72,499.55,286.71,-219.96,-3926.2,-31807.77,1743.87,22506.4,-6530.71,184.91,349.91,-6345.8,-5995.89,,,,,
6411,1828.51,4186.57,5210.54,502.4,254.45,-201.81,-3915.07,-31876.76,1742.68,22500.12,-6453.97,183.3,231.63,-6270.67,-6039.03,,,,,
6421,1830.41,4153.52,5252.64,510.96,268.09,-185.19,-3901.63,-31722.13,1743.72,22501.02,-6609.5,186.65,451.41,-6422.85,-5971.44,,,,,
6431,1797.38,4207.65,5239.13,526.18,279.11,-197.58,-3920.36,-31915.71,1722.72,22521.83,-6396.62,184.99,260.34,-6211.64,-5951.29,,,,,
6441,1845.92,4173.47,5224.31,508.71,276.78,-172.51,-3880.91,-31809.37,1760.64,22505.41,-6539.01,185.57,432.45,-6353.44,-5920.99,,,,,
6451,1795.59,4093.98,5234.72,485.49,311.11,-216.84,-3862.47,-31835.18,1782.64,22583.67,-6591.04,185.34,372.7,-6405.7,-6033,,,,,
6461,1814.16,4145.81,5215.12,507.65,281.34,-195.9,-3944.26,-31870.33,1758.41,22497.58,-6433.91,183.82,209.57,-6250.09,-6040.52,,,,,
6471,1820.79,4155.21,5235.39,515.42,274.71,-211.9,-3852.95,-31863.13,1731.29,22563.01,-6481.87,184.54,367.85,-6297.32,-5929.47,,,,,
6481,1742.92,4211.9,5163.83,506.45,260.85,-169.07,-3910.9,-31817.57,1725.81,22611.34,-6551.21,183.17,325.55,-6368.04,-6042.49,,,,,
6491,1787.72,4182.75,5225.85,509.6,285.53,-190.64,-3914.04,-31745.67,1739.17,22604.14,-6590.23,186.53,484.4,-6403.7,-5919.3,,,,,
6501,1768.89,4188.22,5188.32,513.49,291.72,-205.79,-3910.06,-31822.04,1725.29,22538.15,-6539.45,186.05,276.19,-6353.4,-6077.21,,,,,
6511,1789.94,4218.53,5261.02,506.53,272.62,-183.34,-3936.06,-31814.78,1758.9,22519.61,-6526.34,183.54,392.99,-6342.8,-5949.81,,,,,
6521,1859.15,4218.15,5202.28,517.08,275.58,-206.73,-3918.4,-31698.29,1700.98,22472.19,-6581.52,185.61,421.97,-6395.9,-5973.93,,,,,
6531,1812.77,4129.21,5195.18,523.55,266.05,-184.29,-3919.64,-31814.7,1749.85,22576.56,-6538.03,186.55,334.53,-6351.48,-6016.95,,,,,
6541,1873.97,4248.52,5214.69,529.91,271.18,-173.18,-3889.94,-31818.34,1710.74,22439.71,-6481.13,185.99,407.24,-6295.14,-5887.9,,,,,
6551,1769.64,4131.04,5195.16,507.53,279.41,-180.08,-3905.27,-31953.19,1721.29,22552.15,-6415.17,182.27,117.68,-6232.9,-6115.22,,,,,
6561,1756.17,4216.69,5201.39,510.62,271.06,-190.44,-3947.92,-31970.7,1748.05,22591.36,-6402.78,182.84,186.3,-6219.94,-6033.64,,,,,
6571,1851.78,4230.21,5160.7,511.59,283.1,-194.36,-3923.23,-31800.12,1698.26,22629.41,-6593.54,186.98,447.34,-6406.57,-5959.23,,,,,
6581,1837.11,4247.78,5192.98,506.68,258.32,-187.71,-3941.64,-31950.79,1714.69,22534.9,-6394.73,182.43,212.33,-6212.3,-5999.97,,,,,
6591,1764.34,4109.43,5217.62,502.64,262.38,-212.04,-3929.9,-31884.37,1752.04,22637.59,-6497.26,186.74,219.73,-6310.52,-6090.79,,,,,
6601,1793.18,4142.11,5152.96,506.86,287.1,-187.12,-3922.15,-31659.2,1750.79,22606.2,-6689.05,184.09,470.73,-6504.96,-6034.24,,,,,
6611,1794.26,4234.22,5117.32,525.3,263.32,-168.1,-3899.01,-32017.87,1731.1,22596.97,-6395.71,181.64,177.49,-6214.07,-6036.58,,,,,
6621,1746.77,4296.53,5165.47,512.15,271.07,-176.79,-3925.03,-32161.29,1772.38,22587.24,-6291.49,182.95,88.51,-6108.55,-6020.04,,,,,
6631,1805.58,4213.87,5175,503.87,285.44,-182.14,-3906.48,-31837.2,1732.46,22422.03,-6439.95,182.94,212.43,-6257,-6044.57,,,,,
6641,1768.94,4130.6,5173.56,515.07,284.83,-201.07,-3910.66,-32032.8,1756.12,22665.93,-6435.34,185.95,150.53,-6249.39,-6098.86,,,,,
6651,1820.94,4172.19,5211.87,503.9,254.71,-186.31,-3888.91,-31987.35,1741.56,22595.35,-6448.29,183.02,237.93,-6265.27,-6027.34,,,,,
6661,1776.42,4063.75,5181.33,505.42,261.77,-207.31,-3898.15,-31972.5,1751.91,22723.56,-6486.96,183.83,186.19,-6303.13,-6116.93,,,,,
6671,1768.29,4117.29,5244.57,508.81,270.42,-225.67,-3932.29,-31879.2,1730.04,22582.8,-6498.43,182.79,185.06,-6315.64,-6130.59,,,,,
6681,1814.18,4139.65,5181.77,500.17,268.62,-163.87,-3900.86,-31758.28,1741.65,22569.98,-6610.35,183.56,393.01,-6426.79,-6033.78,,,,,
6691,1824.08,4212.7,5169.51,503.56,272.19,-174.57,-3909.85,-31851.62,1738.04,22528.83,-6475.01,184.3,312.88,-6290.71,-5977.83,,,,,
6701,1835.88,4194.7,5229.39,514.01,269.32,-187.78,-3924.63,-31644.6,1725.28,22557.37,-6691.29,187.21,568.92,-6504.07,-5935.15,,,,,
6711,1807.48,4128.34,5232.41,507.69,280.42,-190.26,-3935.29,-31612.88,1724.01,22574.25,-6713.55,186.42,516.17,-6527.13,-6010.96,,,,,
6721,1764.04,4098.4,5198.86,496.81,291.63,-196.84,-3959.92,-31767.2,1753.85,22633.01,-6578.99,181.08,312.65,-6397.91,-6085.26,,,,,
6731,1819.93,4184.05,5186.99,502.89,275.11,-172.79,-3982.9,-31797.56,1722.37,22571.7,-6593.08,178.42,309.76,-6414.66,-6104.9,,,,,
6741,1845.22,4195.15,5164.74,493.2,280.99,-185.81,-3909.11,-31721.66,1765.93,22603.92,-6675.96,183.43,532.57,-6492.53,-5959.97,,,,,
6751,1825.58,4191.81,5232.47,511.17,247,-195.82,-3934.03,-31893.59,1749.87,22580.63,-6475.51,181.97,315.1,-6293.54,-5978.45,,,,,
6761,1835.48,4160.98,5203.87,517.81,278.9,-166.45,-3928.32,-31830.31,1715.4,22520.04,-6521.56,181.81,307.41,-6339.76,-6032.35,,,,,
6771,1835.81,4151.23,5198.69,498.1,287.88,-172.26,-3937.86,-31753.75,1691.55,22505.13,-6523.26,185.34,304.52,-6337.92,-6033.4,,,,,
6781,1834.59,4103.93,5177.79,521.04,278.56,-165.66,-3921.68,-31800.36,1738.3,22658.13,-6615.55,182.47,424.65,-6433.08,-6008.42,,,,,
6791,1804.39,4160.68,5168.38,508.21,287.58,-168.7,-3925.62,-31738.24,1783.61,22576.94,-6608.41,184.6,457.25,-6423.82,-5966.57,,,,,
6801,1765.7,4154.25,5242.31,497.24,266.63,-205.25,-3921.8,-31874.25,1743.71,22685.55,-6574.52,188.18,354.08,-6386.33,-6032.25,,,,,
6811,1761.58,4169,5183.41,497.6,259.24,-190.85,-3939.23,-31848.37,1747.87,22637.61,-6530.8,182.75,277.87,-6348.05,-6070.19,,,,,
6821,1763.86,4156.6,5192.82,494.26,271.78,-188.59,-3880.21,-31891.62,1729.29,22641.4,-6544.34,185.82,289.59,-6358.52,-6068.93,,,,,
6831,1827.62,4126.85,5198.98,499.35,271.59,-202.3,-3920.72,-31759.16,1737.1,22578.75,-6661.42,186.7,358.06,-6474.71,-6116.65,,,,,
6841,1795.22,4192.93,5160.32,503.32,274.09,-183.39,-3911.79,-31761.68,1711.68,22521.55,-6591.42,182.87,302.25,-6408.55,-6106.3,,,,,
6851,1794.2,4147.29,5204.24,498.95,258.69,-193.4,-3910.84,-31670.65,1759.71,22535.98,-6681.03,184.27,424.17,-6496.76,-6072.59,,,,,
6861,1772.55,4139.22,5208.93,496.26,294.4,-214.02,-3906.86,-31874.33,1774.93,22780.37,-6661.77,184.05,471.45,-6477.72,-6006.27,,,,,
6871,1835.96,4236.24,5234.57,509.19,285.12,-206.22,-3927.63,-31808.72,1768.07,22590.53,-6572.36,184.8,517.12,-6387.56,-5870.44,,,,,
6881,1771.14,4192.97,5223.38,505.69,278.12,-206.62,-3921.1,-31872.46,1763.05,22621.95,-6557.65,181.84,356.12,-6375.81,-6019.68,,,,,
6891,1764.59,4130.67,5224.38,497.28,289.57,-190.18,-3888.49,-32023.9,1740.05,22775.96,-6518.26,185.12,319.94,-6333.14,-6013.2,,,,,
6901,1830.84,4193.99,5191.47,502.17,262.84,-182.89,-3891.24,-31878.94,1733.07,22614.51,-6603.14,185.25,375.82,-6417.89,-6042.07,,,,,
6911,1813.66,4192.11,5215.93,505.57,289.95,-166.77,-3915.38,-31834.63,1702.37,22668.71,-6609.04,186.19,471.52,-6422.84,-5951.32,,,,,
6921,1806.25,4166.46,5203.37,511,262.92,-180.19,-3911.57,-31814.23,1719.92,22555.52,-6573.56,183.47,319.46,-6390.09,-6070.63,,,,,
6931,1850.13,4255.02,5216.97,508.67,288.73,-212.64,-3900.16,-31896.06,1723.33,22549.78,-6472.44,177.08,383.79,-6295.37,-5911.58,,,,,
6941,1805.42,4118.33,5215.52,497.61,257.38,-194.88,-3884.89,-32002.51,1772.77,22581.92,-6452.12,179.05,166.67,-6273.08,-6106.41,,,,,
6951,1800.74,4109.23,5205.46,513.81,281.55,-178.36,-3911.27,-31879.26,1756.48,22652.58,-6565.33,181.79,350.96,-6383.55,-6032.59,,,,,
6961,1746.91,4105.57,5240.72,497.01,262.19,-179.06,-3891.39,-31810.56,1751.21,22693.41,-6658.19,181.41,416.01,-6476.78,-6060.77,,,,,
6971,1774.7,4165.39,5217.65,509.34,273.23,-219.16,-3908.2,-31775.3,1747.51,22522.53,-6607.84,182.65,307.71,-6425.19,-6117.48,,,,,
6981,1736.77,4174.42,5192.85,505.26,275.26,-197.19,-3915.79,-31844.94,1768.95,22611.49,-6566.27,180.15,307.08,-6386.12,-6079.04,,,,,
6991,1824.64,4275.7,5210.72,518.08,266.23,-212.26,-3918.97,-31866.28,1720.64,22547.95,-6534.03,183.1,366.44,-6350.93,-5984.49,,,,,
7001,1819.35,4195.28,5226.18,524.15,278.67,-194.16,-3912.33,-31910.74,1710.12,22657.79,-6530.41,186.14,394.32,-6344.27,-5949.95,,,,,
7011,1755.91,4190.35,5219.76,511.1,284.41,-207.16,-3887.49,-31980.52,1770.84,22617.85,-6460.45,180.59,275.05,-6279.86,-6004.8,,,,,
7021,1798.2,4184,5204.71,499.33,257.39,-170.42,-3964.03,-31836.88,1765.77,22608.26,-6576.1,183.39,346.33,-6392.71,-6046.39,,,,,
7031,1773.8,4174.65,5221.99,508.9,259.1,-224.77,-3914.4,-31811.71,1747.13,22550.6,-6557.95,184.58,285.3,-6373.37,-6088.08,,,,,
7041,1838.2,4221.2,5174.3,503.1,264.51,-195.44,-3903,-31939.49,1716.51,22577.37,-6473.94,180.39,257.25,-6293.54,-6036.29,,,,,
7051,1839.14,4288.15,5195.49,506.21,270.64,-198.44,-3907.35,-31953.58,1721.31,22559.14,-6472.71,183.22,320.72,-6289.49,-5968.77,,,,,
7061,1753.3,4117.47,5244.6,510.85,280.55,-198.72,-3893.32,-32009.96,1762.01,22617.84,-6459.3,184.93,184.64,-6274.37,-6089.73,,,,,
7071,1739.07,4103.65,5215.17,511.9,247.92,-167.43,-3921.71,-31855.52,1763.19,22660,-6574.88,185.76,296.24,-6389.11,-6092.87,,,,,
7081,1848.98,4193.94,5213.21,518.68,288.37,-180.36,-3906.96,-31941.24,1708.66,22591.06,-6500.01,185.61,334.35,-6314.4,-5980.05,,,,,
7091,1837.42,4187.7,5248.43,499.87,275.26,-214.42,-3899.8,-31875.93,1722.81,22642.12,-6554.28,182.68,423.46,-6371.6,-5948.14,,,,,
7101,1810.37,4172.17,5203.06,511.05,279.33,-195.83,-3889.85,-31884.4,1722.89,22564.38,-6530,184.58,293.19,-6345.42,-6052.23,,,,,
7111,1793.72,4200.02,5228.41,509.23,267.09,-183.9,-3865.05,-31827.08,1764.89,22614.23,-6607.01,182.78,501.57,-6424.23,-5922.66,,,,,
7121,1756.42,4186.91,5216.85,516.79,272.94,-180.13,-3878.02,-31904.39,1748.4,22617.78,-6548.23,180.91,353.55,-6367.32,-6013.77,,,,,
7131,1820.41,4177.97,5167.39,510.7,263.64,-188.16,-3923.06,-32028.4,1715.27,22578.09,-6410.79,180.56,93.84,-6230.22,-6136.38,,,,,
7141,1800.52,4161.45,5200.37,503.13,260.53,-181.2,-3907.66,-31893.97,1708.7,22512.71,-6476.38,187.28,164.58,-6289.1,-6124.52,,,,,
7151,1788.94,4121.34,5237.75,505.43,273.96,-171.19,-3871.7,-31936.56,1759.36,22570.09,-6511.2,183.69,277.41,-6327.51,-6050.1,,,,,
7161,1776.48,4117.17,5195.5,495.08,267.55,-202.02,-3892.94,-32031.94,1751.38,22598.62,-6408.34,181.8,74.87,-6226.54,-6151.67,,,,,
7171,1816.04,4102.19,5208.69,510.59,272.17,-183.95,-3909.8,-31877.44,1745.67,22642.56,-6542.6,185.27,326.72,-6357.33,-6030.61,,,,,
7181,1775.65,4157.22,5148.8,505,261.05,-195.64,-3909.4,-31766.09,1745.46,22540.42,-6562.67,185.58,262.47,-6377.09,-6114.61,,,,,
7191,1786.64,4202.49,5165.02,519.22,270.66,-196.47,-3906.51,-31805.23,1738.1,22557.97,-6510.88,182.25,331.89,-6328.63,-5996.74,,,,,
7201,1797.64,4226.57,5204.35,518.44,278.44,-223.4,-3844.46,-31715.52,1761.66,22438.52,-6594.25,190.78,442.23,-6403.47,-5961.24,,,,,
7211,1782.61,4243.98,5186.53,510.8,270.69,-214.44,-3898.74,-31511.76,1718.78,22430.61,-6714.79,185.76,519.06,-6529.03,-6009.97,,,,,
7221,1790.34,4237.47,5203.1,513.47,268.9,-224.49,-3876.44,-31591.91,1721.51,22481.39,-6729.74,186.85,523.34,-6542.89,-6019.55,,,,,
7231,1787.63,4121.97,5156.15,497.67,260.74,-175.48,-3887.51,-31925.35,1753.25,22589.82,-6500.5,179.24,178.88,-6321.26,-6142.38,,,,,
7241,1777.45,4161.64,5238.49,497.7,266.81,-210.79,-3858.92,-31783.07,1726.19,22635.45,-6674.38,185.34,450.95,-6489.03,-6038.09,,,,,
7251,1787.52,4235.16,5198.23,515.76,268.06,-223.17,-3875.14,-31660.02,1743.34,22627.24,-6777.46,183.46,616.99,-6594,-5977.01,,,,,
7261,1839.38,4175.91,5173.53,510.38,273.59,-199.51,-3861.38,-31846.02,1745.01,22609.33,-6577.74,186.54,420.2,-6391.2,-5971,,,,,
7271,1820.87,4195.52,5296.68,517.36,282.07,-216.41,-3879.23,-31864.73,1731.36,22666.45,-6578.82,188.13,549.94,-6390.69,-5840.75,,,,,
7281,1775.26,4175.99,5219.3,494.43,282.94,-231.92,-3912.27,-31866.22,1752.52,22638.97,-6582.43,184.54,329.01,-6397.89,-6068.88,,,,,
7291,1829.25,4121.71,5171.47,483.4,249.64,-210,-3937.91,-31823.09,1754.99,22594.31,-6554.71,183.69,233.76,-6371.02,-6137.26,,,,,
7301,1884.83,4149.18,5183.13,501.73,266.58,-196.87,-3957.3,-32018.58,1708.49,22679.88,-6446.98,182.57,201.08,-6264.4,-6063.33,,,,,
7311,1775.88,4169.18,5204.6,507.33,270.11,-218.47,-3875.86,-32003.39,1730.44,22636.72,-6451.86,185.52,196.55,-6266.34,-6069.79,,,,,
7321,1818.84,4149.95,5167.22,500.61,281.32,-177.25,-3885.85,-31853.12,1759.08,22604.27,-6568.88,185.97,365.06,-6382.91,-6017.85,,,,,
7331,1800.93,4137.74,5239.59,497.55,263.12,-202.68,-3919.63,-31752.49,1752.14,22569.21,-6625.72,182.43,385.47,-6443.29,-6057.82,,,,,
7341,1801.64,4181.87,5218.26,519.46,295.14,-207.17,-3898.09,-31783.55,1746.41,22650.21,-6687.93,185.06,524.18,-6502.87,-5978.69,,,,,
7351,1819.33,4190.79,5239.56,507.11,266.76,-189.26,-3900.14,-31698.2,1755.49,22560.74,-6702.56,186.51,552.19,-6516.05,-5963.87,,,,,
7361,1754.48,4166.82,5220.04,498.2,274.52,-219.49,-3886.28,-31812,1773.46,22669.82,-6674.39,183.35,439.59,-6491.04,-6051.45,,,,,
7371,1824.45,4233.79,5289.87,522.3,264.89,-191.62,-3938.96,-31907.29,1728.21,22583.67,-6541.36,185.06,409.3,-6356.31,-5947,,,,,
7381,1826.05,4190.71,5225.13,508.14,266.49,-205.84,-3860.94,-32050.93,1753.01,22619.94,-6482.96,187.85,271.76,-6295.11,-6023.35,,,,,
7391,1779.32,4177.6,5241.49,488.89,269.68,-172.81,-3882.03,-31940.29,1754.93,22557.77,-6478.01,181.16,274.54,-6296.85,-6022.31,,,,,
7401,1813.44,4153.01,5232.15,507.14,287.82,-168.61,-3889.94,-31901,1750.68,22657.76,-6590.15,184.27,442.45,-6405.89,-5963.44,,,,,
7411,1759.49,4131.23,5225.44,502.2,254.22,-193.83,-3859.94,-31733.03,1757.54,22683.74,-6755.56,186.31,527.05,-6569.25,-6042.2,,,,,
7421,1799,4226.3,5172.35,509.9,254.53,-213.95,-3931.5,-32053.07,1780.46,22661.24,-6405.87,177.05,205.24,-6228.81,-6023.57,,,,,
7431,1841.77,4194.75,5208.36,494.17,281.93,-184.69,-3892.85,-31803.24,1730.34,22554.45,-6622.38,184.52,425,-6437.86,-6012.86,,,,,
7441,1860.8,4126.85,5246.41,506.97,273.15,-171.1,-3930.21,-31813.6,1730.29,22592.52,-6585.35,182.47,422.08,-6402.88,-5980.8,,,,,
7451,1811.71,4168.08,5224,516.25,273.48,-189.54,-3969.78,-31796.79,1753.92,22576.74,-6557.86,177.8,368.08,-6380.05,-6011.97,,,,,
7461,1799.17,4166.92,5236.11,515.33,276.27,-177.74,-3896.84,-31773.12,1746.35,22567,-6615.18,184.9,459.45,-6430.28,-5970.83,,,,,
7471,1760.65,4129.59,5279.46,492.13,283.12,-186.11,-3949.01,-31968.15,1725.13,22632.22,-6492.16,183.48,199.03,-6308.68,-6109.64,,,,,
7481,1849.39,4190.14,5210.85,505.99,263.32,-179.26,-3935.65,-31959.62,1725.97,22510.18,-6369.98,180.37,181.3,-6189.61,-6008.31,,,,,
7491,1812.13,4108.73,5256.82,490.92,271.27,-173.35,-3889.56,-32282.23,1733.13,22660.95,-6234.81,180.28,-11.19,-6054.53,-6065.72,,,,,
7501,1799.29,4279.32,5233.78,494.46,302.74,-210.34,-3901.74,-32015.53,1745.13,22542.49,-6333.27,183.49,269.6,-6149.78,-5880.18,,,,,
7511,1841.54,4171.18,5201.94,513.97,285.22,-193.53,-3884.92,-32107,1747.46,22606.36,-6339.89,181.62,182.21,-6158.27,-5976.05,,,,,
7521,1822.98,4247.58,5211.5,505,264.43,-194.16,-3940.45,-31963.23,1701.63,22505.77,-6372.52,178.88,161.07,-6193.64,-6032.58,,,,,
7531,1797.91,4125.54,5181.41,500.05,283.7,-175.34,-3944.13,-32014.45,1728.65,22617.21,-6450.64,178.81,100.56,-6271.83,-6171.27,,,,,
7541,1762.93,4276.39,5223.36,507.06,259.24,-174.12,-3879.31,-32008.67,1759.07,22537.49,-6395.07,188.8,263.43,-6206.27,-5942.84,,,,,
7551,1807.21,4227.6,5235.08,495.68,288.23,-199.11,-3911.31,-32236.09,1736.35,22681.35,-6330.24,182.49,125,-6147.75,-6022.75,,,,,
7561,1740.95,4128.36,5226.42,498.16,286.07,-192.03,-3922.44,-32009.27,1775.01,22695.64,-6458.12,182.35,226.85,-6275.77,-6048.92,,,,,
7571,1813.77,4117.71,5237.68,491.95,258.54,-184.55,-3918.3,-31780.99,1718.44,22556.89,-6580.77,182.52,311.12,-6398.25,-6087.13,,,,,
7581,1789.67,4154.43,5221.23,500.45,274.76,-188.03,-3880.21,-31875.56,1758.58,22499.68,-6494.82,181.37,255.01,-6313.46,-6058.45,,,,,
7591,1785.31,4222.43,5194.05,521.08,263.93,-201.05,-3883.45,-31758.84,1739.9,22517.91,-6561.51,183.38,401.28,-6378.13,-5976.86,,,,,
7601,1863.59,4152.86,5226.36,500.67,287.26,-189.85,-3956.54,-31603.56,1717.3,22471.21,-6687.73,180.7,469.3,-6507.03,-6037.73,,,,,
7611,1824.33,4122.16,5214.6,493.87,256.44,-188.05,-3895.77,-31952.52,1746.67,22538.27,-6405.92,180.39,160.01,-6225.52,-6065.51,,,,,
7621,1772.09,4146.76,5241.98,492.31,293.34,-197.99,-3957.37,-31563.03,1740.29,22456.69,-6670.87,182.15,425.06,-6488.71,-6063.65,,,,,
7631,1836.67,4234.66,5228.9,525.67,276.13,-202.97,-3888.7,-31854.87,1768.3,22560.7,-6536.62,182.35,484.49,-6354.27,-5869.78,,,,,
7641,1770.58,4278.81,5234.5,501.67,286.39,-201.81,-3921.63,-31911.87,1757.18,22655.76,-6526.05,183.06,449.58,-6342.99,-5893.41,,,,,
7651,1789.55,4186.16,5216.43,510.82,255.25,-213.55,-3926.4,-31875.81,1741.31,22610.9,-6503.19,179.54,294.67,-6323.65,-6028.98,,,,,
7661,1818.02,4270.92,5193.53,526.71,274.02,-194,-3918.16,-31921.86,1699.37,22531.8,-6458.11,183.47,280.37,-6274.63,-5994.27,,,,,
7671,1798.11,4205.88,5213.25,519.69,281.47,-212.07,-3902.75,-31913.5,1734.54,22567.58,-6449.72,182.66,292.19,-6267.06,-5974.87,,,,,
7681,1836.17,4136.15,5251.27,501.08,282.82,-222.94,-3941.51,-31659.07,1743.38,22449.45,-6653.46,182.98,376.8,-6470.48,-6093.68,,,,,
7691,1780.82,4127.63,5225.69,519.06,259.23,-187.39,-3868.82,-31753.31,1751.42,22533.66,-6599.12,185.69,387.99,-6413.44,-6025.45,,,,,
7701,1806.48,4187.85,5212.91,504.46,261.8,-212.51,-3880.98,-31871.71,1729.82,22566.28,-6512.79,185.6,304.4,-6327.19,-6022.79,,,,,
7711,1851.24,4232.41,5243.75,500.01,274.82,-198.18,-3969.59,-31738.42,1722.17,22560.93,-6589.8,180.55,479.14,-6409.25,-5930.12,,,,,
7721,1807.12,4226.18,5255.99,494.29,267.69,-227.29,-3945.25,-31701.21,1739.77,22560.09,-6610.08,182.49,477.37,-6427.59,-5950.22,,,,,
7731,1770.79,4157.29,5183.73,496.03,272.4,-196.34,-3879.48,-31994.35,1764.78,22597.12,-6427.57,184.86,171.99,-6242.7,-6070.72,,,,,
7741,1846.94,4257.78,5212.08,512.95,271.66,-198.57,-3912.36,-31661.85,1740.27,22455.32,-6598.84,179.49,524.21,-6419.36,-5895.15,,,,,
7751,1801.46,4185.99,5254.12,492.07,279.32,-222.54,-3931.61,-31766.19,1695.26,22544.74,-6625.9,180.58,332.62,-6445.32,-6112.7,,,,,
7761,1820.45,4120.69,5240.13,503.45,283.28,-180.54,-3865.67,-31714.75,1752.7,22442.28,-6590.82,184.96,402.01,-6405.86,-6003.85,,,,,
7771,1782.14,4205.76,5187.81,523.42,279.3,-200.03,-3867.81,-31687.83,1738.84,22508.34,-6657.41,184.05,469.95,-6473.36,-6003.41,,,,,
7781,1751.67,4225.7,5204.42,500.07,274.48,-209.17,-3907,-31762.13,1758.11,22566.82,-6655.75,182.1,402.98,-6473.65,-6070.67,,,,,
7791,1792.14,4093.53,5235.7,504.66,291.22,-193.48,-3944,-31973.76,1748.59,22768.32,-6540.76,182.92,322.93,-6357.84,-6034.91,,,,,
7801,1793.41,4199.94,5228.31,502.86,295.89,-220.79,-3889.43,-31908.94,1736.31,22606.16,-6483.2,185.94,343.73,-6297.25,-5953.52,,,,,
7811,1744.91,4134.58,5213.63,482.34,277.47,-222.12,-3896.59,-31994.17,1751.49,22629.25,-6443.17,182.99,120.79,-6260.19,-6139.4,,,,,
7821,1792.8,4230.7,5193.63,506.82,282.04,-180.44,-3929.89,-31861.25,1740.16,22592.31,-6535.94,186.26,366.87,-6349.68,-5982.81,,,,,
7831,1807.58,4122.49,5202.36,506.61,265.72,-179,-3877.95,-31914.17,1724.9,22633.12,-6515.26,184.05,291.66,-6331.21,-6039.55,,,,,
7841,1816.87,4219.91,5176.19,509.92,272.96,-218.66,-3886.64,-31901.4,1718.65,22507.87,-6440.91,180.63,215.68,-6260.28,-6044.61,,,,,
7851,1844.01,4135.15,5153.21,513.28,269.04,-202.4,-3887.45,-31985.08,1739.43,22590.19,-6438.82,182.24,169.38,-6256.58,-6087.2,,,,,
7861,1787.17,4205.88,5232.74,506.6,276.15,-164.83,-3904.47,-32014.77,1750.51,22614.14,-6431.52,181.55,289.11,-6249.97,-5960.86,,,,,
7871,1784.91,4102,5166.48,508.12,273.52,-189.31,-3875.48,-32024.76,1720.89,22685.27,-6428.29,183.26,151.63,-6245.03,-6093.39,,,,,
7881,1814.84,4113.05,5250.4,506.39,266.2,-213.92,-3927.32,-32071.61,1727.67,22716.54,-6439.99,180.33,182.24,-6259.65,-6077.41,,,,,
7891,1736.14,4144.99,5208.94,504.9,287.48,-156,-3881.44,-32004.01,1748.18,22565.09,-6399.14,182.33,154.28,-6216.82,-6062.54,,,,,
7901,1774.82,4197.48,5227.61,501.5,255.2,-212.66,-3883,-32012.88,1756.7,22582.16,-6403.32,178.67,186.93,-6224.66,-6037.73,,,,,
7911,1807.51,4227.78,5235.68,524.89,288.28,-206.15,-3946.09,-31858.1,1750.65,22678.53,-6573.04,180.94,502.98,-6392.11,-5889.12,,,,,
7921,1825.21,4166.04,5192.12,527.8,293.48,-210.52,-3869.92,-32078.3,1737.13,22625.56,-6371.33,178.51,208.59,-6192.82,-5984.23,,,,,
7931,1813.03,4184.39,5230.26,501.56,277.08,-219.4,-3891.75,-31991.24,1747.41,22641.98,-6463.01,187.3,293.33,-6275.71,-5982.38,,,,,
7941,1846.21,4226.25,5254.62,505.75,292.37,-219.57,-3932.81,-32016.66,1711.87,22669.4,-6425.71,180.8,337.42,-6244.91,-5907.49,,,,,
7951,1826.99,4116.07,5199.25,496.79,258.74,-150.1,-3915.97,-32141.7,1703.48,22605.09,-6288.73,183.05,-1.35,-6105.68,-6107.04,,,,,
7961,1835.22,4159.28,5191.34,515.52,271.21,-195.51,-3898.08,-31984.6,1739.96,22639.95,-6451.68,181.89,274.3,-6269.79,-5995.49,,,,,
7971,1747.51,4157.87,5191.74,484.45,281.46,-178.84,-3924.59,-32054.8,1766.2,22739.45,-6437.87,181.98,210.44,-6255.9,-6045.46,,,,,
7981,1799.02,4261.85,5197.14,533.05,283.93,-180.87,-3906.75,-31917.31,1738.9,22565.5,-6533.38,183.19,374.47,-6350.2,-5975.73,,,,,
7991,1797.96,4141.4,5229.52,506.11,291.7,-169.55,-3864.21,-31812.79,1739.88,22557.38,-6648.78,183.52,417.42,-6465.25,-6047.83,,,,,
8001,1862.58,4165.3,5212.4,497.27,290.95,-219.72,-3895.51,-31924.38,1714.11,22612.74,-6561.54,186.63,315.75,-6374.92,-6059.17,,,,,
8011,1794.51,4144.55,5213.24,499.88,289.67,-183.66,-3906.79,-31986.72,1751.79,22713.68,-6468.33,182.3,330.17,-6286.03,-5955.86,,,,,
8021,1875.44,4162.58,5177.22,509.6,273.64,-162.42,-3895.87,-31964.96,1733.91,22630.44,-6478.94,185.27,339.59,-6293.67,-5954.08,,,,,
8031,1798.31,4176.42,5182.2,519.43,262.2,-201.38,-3838.36,-32083.47,1747.75,22609.02,-6364.93,182.2,172.12,-6182.73,-6010.61,,,,,
8041,1801.75,4220.47,5237.92,491.65,264.9,-194.96,-3904.68,-31781.8,1762.68,22633.23,-6638.25,186.64,531.17,-6451.61,-5920.44,,,,,
8051,1817.25,4194.5,5218.7,500.6,272.62,-190.99,-3904.47,-31923.21,1729.23,22546.08,-6479.28,184.93,260.3,-6294.35,-6034.05,,,,,
8061,1771.62,4183.41,5217.01,496.56,274.2,-186.43,-3923.98,-31921.65,1709.87,22618.55,-6500.84,188,239.17,-6312.84,-6073.67,,,,,
8071,1788.32,4215.72,5204.53,501.42,301.88,-178.14,-3962.54,-31887.94,1734.33,22610.84,-6504.34,182.45,328.42,-6321.89,-5993.47,,,,,
8081,1798.54,4067.18,5216.6,508.48,269.21,-168.91,-3878.07,-31936.24,1730.55,22772.33,-6556.13,184.8,379.67,-6371.33,-5991.66,,,,,
8091,1818.86,4163.01,5251.02,500.94,278.72,-169.31,-3909.01,-31952.21,1728.18,22584.65,-6465.42,182.79,294.84,-6282.63,-5987.79,,,,,
8101,1824.16,4288.96,5191.06,524.02,259.13,-196.29,-3846.53,-32000.99,1710.04,22555.31,-6437.51,186.1,308.87,-6251.41,-5942.54,,,,,
8111,1855.76,4085.08,5248.64,503.37,304.34,-210.02,-3881.36,-31927.04,1733.38,22598.53,-6522.17,185.01,310.67,-6337.16,-6026.49,,,,,
8121,1775.86,4152.13,5185.81,501.65,289.37,-216.51,-3909.92,-31896.74,1750.22,22622.91,-6552.15,185.25,254.78,-6366.9,-6112.12,,,,,
8131,1801.93,4210.64,5221.78,511.89,287.67,-202.4,-3907.77,-31786.75,1723.77,22539.93,-6571.6,186.05,400.7,-6385.54,-5984.84,,,,,
8141,1843.47,4221.07,5179.84,512.56,276.15,-177.24,-3906.79,-31811.79,1709.43,22553.32,-6585.9,187.67,400.02,-6398.23,-5998.21,,,,,
8151,1819.77,4174.33,5204.12,511.41,265.36,-180.46,-3877.46,-31831.67,1740.49,22636.76,-6580.62,186.05,462.66,-6394.57,-5931.92,,,,,
8161,1772.3,4142.07,5190.55,502.03,268.43,-177.12,-3871.48,-32119.6,1747.22,22792.33,-6471.6,183.95,246.73,-6287.65,-6040.93,,,,,
8171,1816.13,4231.17,5214.25,531.48,274.84,-174.75,-3865.72,-32163.58,1757.69,22625.64,-6348.35,183.83,247.14,-6164.52,-5917.38,,,,,
8181,1809.18,4124.44,5173.37,497.18,263.71,-208.21,-3878.03,-31766.72,1739.96,22619.1,-6612.61,186.78,373.98,-6425.83,-6051.85,,,,,
8191,1898.24,4153.68,5237.28,520.8,265.6,-204.8,-3874.39,-31823.67,1735.65,22637.44,-6634.97,185.43,545.83,-6449.54,-5903.72,,,,,
8201,1775.69,4142.71,5218.01,501.34,269.61,-192.55,-3843.88,-31869.27,1752.9,22755.62,-6669.8,189.38,510.19,-6480.42,-5970.23,,,,,
8211,1830.48,4123.06,5192.1,501.61,270.82,-188.71,-3923.59,-31794.93,1733.37,22685.82,-6655.21,185.46,430.03,-6469.75,-6039.72,,,,,
8221,1818.43,4178.51,5209.25,517.33,273.73,-187.51,-3890.36,-31800.17,1767.4,22551.44,-6583.48,183.23,438.06,-6400.25,-5962.19,,,,,
8231,1774.72,4196.3,5167.68,500.81,260,-188.68,-3837.96,-31830.6,1769.21,22707.99,-6664.38,189.49,519.49,-6474.89,-5955.4,,,,,
8241,1821.85,4124.33,5179.56,500.67,276.08,-171.02,-3876.24,-31752.81,1739.66,22602.09,-6654.36,185.98,444.16,-6468.38,-6024.22,,,,,
8251,1728.29,4078.69,5239.83,484.34,262.84,-204.7,-3877.49,-31994.11,1770.14,22763.88,-6533.06,188.52,251.71,-6344.54,-6092.83,,,,,
8261,1825.58,4196.62,5189.25,511.78,263.68,-188.01,-3941.49,-31609.96,1722.01,22550.07,-6740.39,190.88,519.51,-6549.51,-6030,,,,,
8271,1800.95,4218.01,5204.78,502.96,254.56,-194.48,-3847.22,-31737.05,1743.55,22559.45,-6664.25,188.56,505.52,-6475.69,-5970.17,,,,,
8281,1823.35,4133.29,5170.62,506.31,289.15,-230.22,-3882.22,-31577.22,1762.14,22648.3,-6819.73,187.35,643.5,-6632.38,-5988.88,,,,,
8291,1800.21,4179.17,5227.67,491.48,273.05,-223.24,-3920.87,-31757.95,1756.9,22541.93,-6586.22,186.22,368.35,-6400.01,-6031.66,,,,,
8301,1793.91,4168.02,5252.37,500.36,276.84,-227.01,-3863.49,-31561.38,1755.67,22482.33,-6743.76,188.59,577.63,-6555.18,-5977.54,,,,,
8311,1750.74,4210.58,5232.8,500.02,275.2,-212.43,-3900.86,-31834.87,1755.08,22676.88,-6643.92,184.71,453.14,-6459.21,-6006.06,,,,,
8321,1820.25,4167.76,5250.4,520.02,270.13,-205.7,-3906.39,-31835.15,1765.75,22568.16,-6566.53,189.19,415.21,-6377.34,-5962.13,,,,,
8331,1774.29,4209.23,5256.84,510.17,281.11,-196.05,-3889.39,-31721.19,1748.21,22608.85,-6695.05,185.98,582.06,-6509.07,-5927.01,,,,,
8341,1778.56,4149.38,5192.06,521.04,271.98,-199.73,-3849.74,-31791.42,1727.32,22622.93,-6657.26,186.78,422.38,-6470.48,-6048.11,,,,,
8351,1807.16,4203.1,5217.83,505.7,268.93,-199.19,-3917.21,-31756.78,1729.98,22519.65,-6589.83,188.42,379.17,-6401.41,-6022.24,,,,,
8361,1843.07,4124.82,5220.56,493.59,272.03,-225.25,-3867.29,-31762.58,1743.49,22667.36,-6700.12,187.19,509.78,-6512.93,-6003.14,,,,,
8371,1896.68,4197.32,5224.29,503.4,271.66,-201.82,-3920.86,-31774.84,1734.07,22602.71,-6645.95,187.05,532.61,-6458.9,-5926.29,,,,,
8381,1759.84,4188.55,5195.28,507.19,275.54,-198.3,-3902.18,-32088.5,1803.15,22725.22,-6432.86,186.13,265.79,-6246.73,-5980.94,,,,,
8391,1799.34,4128.18,5216.68,489.69,253.93,-170.9,-3890.12,-31900.7,1751.94,22652.12,-6531.91,185.37,330.15,-6346.53,-6016.39,,,,,
8401,1801.77,4230.94,5204.51,517.78,283.19,-219.04,-3767.58,-31898.78,1753.78,22614.53,-6625.08,194.43,521.09,-6430.65,-5909.56,,,,,
8411,1837.24,4070.81,5202.2,491.1,269.61,-215.7,-3851.05,-31746.18,1754.1,22743.15,-6752.81,189.02,555.28,-6563.79,-6008.51,,,,,
8421,1798.98,4191.32,5187.64,511.76,267.79,-198.28,-3907.1,-31923.92,1701.74,22711.85,-6569.56,187.81,341.78,-6381.75,-6039.97,,,,,
8431,1800.38,4143.71,5190.4,504.81,263.31,-194.53,-3923.83,-31935.82,1729.33,22582.31,-6494.75,184.43,160.08,-6310.33,-6150.25,,,,,
8441,1808.14,4182.05,5212.86,502.88,265.7,-200.67,-3893.48,-31913.91,1719.43,22554.21,-6485.66,187.55,237.21,-6298.11,-6060.9,,,,,
8451,1852.22,4082.55,5228.34,509.9,280.54,-189.13,-3858.73,-31984.03,1786.01,22674.02,-6541.65,186.92,381.71,-6354.73,-5973.03,,,,,
8461,1780.73,4215.56,5221.66,511.34,274.4,-210.42,-3860.31,-31883.47,1734.81,22609.21,-6531.22,188.13,393.51,-6343.09,-5949.58,,,,,
8471,1780.33,4124.71,5265.15,502.05,275.48,-189,-3891.74,-32004.11,1722.96,22747.66,-6527.81,189.32,333.49,-6338.49,-6005,,,,,
8481,1820.43,4102.54,5216.54,514.66,276.77,-190.75,-3891.45,-31789.95,1764.25,22718.44,-6701.51,190.49,541.49,-6511.02,-5969.53,,,,,
8491,1758.22,4133.71,5195.22,494.57,262.83,-213.82,-3864.71,-31807.93,1764.5,22676.86,-6652.64,188.84,399.45,-6463.8,-6064.35,,,,,
8501,1863.65,4200.34,5240.78,513.18,274.42,-206.91,-3866.7,-31816.49,1729.09,22643.66,-6692.03,186.87,575.02,-6505.16,-5930.14,,,,,
8511,1730.58,4251.67,5237.21,497.02,262.33,-187.96,-3878.57,-31777.12,1743.79,22620.97,-6685.75,187.61,499.93,-6498.13,-5998.2,,,,,
8521,1732.56,4151.55,5264.01,506.22,273.23,-201.22,-3807.94,-31926.95,1765.9,22650.48,-6557.59,187.89,407.83,-6369.7,-5961.86,,,,,
8531,1739.23,4154.06,5178.21,492.11,286.31,-196.48,-3825.91,-31901.36,1729.42,22658.8,-6605.55,191.82,314.4,-6413.73,-6099.33,,,,,
8541,1780.13,4151.74,5180.46,500.24,266.81,-176.87,-3799.27,-31795.44,1723.11,22519.35,-6611.94,187.63,350.26,-6424.3,-6074.04,,,,,
8551,1891.27,4111.14,5186.77,500.12,268.62,-189.28,-3846.49,-31939.43,1706.37,22655.9,-6559.08,187.46,344.99,-6371.62,-6026.63,,,,,
8561,1773.27,4169.15,5207.85,498.61,295.66,-217.38,-3814.48,-31808.16,1739.82,22576.75,-6626.41,191.75,421.09,-6434.67,-6013.58,,,,,
8571,1854.15,4049,5209.78,515.95,273.69,-191.4,-3878.28,-31995.62,1772.72,22737.16,-6577.91,190.69,347.15,-6387.23,-6040.07,,,,,
8581,1773.62,4236,5188.26,497.69,251.16,-183.73,-3844.04,-31886.53,1740.91,22661.12,-6622.46,192.94,434.47,-6429.52,-5995.05,,,,,
8591,1826.72,4178.64,5235.39,508.84,291.55,-188.21,-3845.91,-31855.14,1750.6,22620.98,-6661.2,192.8,523.47,-6468.4,-5944.93,,,,,
8601,1776.95,4152.73,5183.8,506.82,276.19,-154.97,-3870.26,-32077.33,1740.6,22734.24,-6473.27,188.39,268.78,-6284.88,-6016.09,,,,,
8611,1828.6,4221.59,5194.38,510.4,261.94,-176.99,-3806.87,-31865.73,1726.92,22554.93,-6577.2,192.04,449.16,-6385.16,-5936,,,,,
8621,1809.14,4111.54,5196.78,510.33,274.07,-164.56,-3844.74,-31893.77,1740.28,22695.37,-6633.7,187.44,434.43,-6446.26,-6011.83,,,,,
8631,1852.59,4112.96,5186.78,500.06,270.51,-184.9,-3835.54,-31982.73,1740.98,22629.64,-6507.5,190.4,290.35,-6317.1,-6026.75,,,,,
8641,1793.22,4219.3,5208.84,514.93,271.88,-221.56,-3880.4,-31760.73,1738.85,22607.51,-6702.29,194.77,491.84,-6507.52,-6015.68,,,,,
8651,1873.77,4118.33,5215.65,499.78,286.25,-212.09,-3848.67,-31859.83,1728.09,22664.81,-6648.22,191.39,466.09,-6456.83,-5990.74,,,,,
8661,1776.73,4213.55,5212.07,511.34,284.65,-174.38,-3800.62,-32019.16,1722.44,22639.5,-6526.7,190.73,366.12,-6335.97,-5969.85,,,,,
8671,1786.02,4138.32,5204.7,496.99,265.29,-180.71,-3868.39,-31834.68,1718.46,22682.56,-6648,185.87,408.55,-6462.13,-6053.58,,,,,
8681,1785.95,4148.88,5178.49,516.08,261.48,-178.71,-3877.18,-31765.56,1743.35,22658.05,-6694.54,190.05,470.82,-6504.49,-6033.67,,,,,
8691,1903.26,4214.31,5190.31,510.47,280.58,-155.75,-3850.84,-31586.32,1739.31,22552.17,-6760.45,186.85,797.5,-6573.6,-5776.1,,,,,
8701,1751.18,4211.66,5186.86,511.65,266.5,-183.07,-3934.04,-32023.62,1723.31,22727.85,-6473.01,182.62,238.29,-6290.39,-6052.1,,,,,
8711,1772.04,4123.18,5219.07,504.34,283.83,-185.23,-3909.48,-32018.62,1757.81,22647.13,-6473.76,186.91,194.07,-6286.85,-6092.78,,,,,
8721,1805.88,4159.48,5213.52,508.16,263.41,-213.21,-3821.02,-32042.72,1746.21,22628.76,-6453.57,190.35,248.47,-6263.22,-6014.75,,,,,
8731,1742.39,4176.71,5153.94,517.2,269.64,-182.76,-3876.44,-31886.2,1727.19,22724.26,-6664.98,187.85,365.92,-6477.13,-6111.21,,,,,
8741,1873.57,4203.75,5239.28,504,275.83,-214.49,-3814.21,-31732.77,1775.95,22562.47,-6704.65,195.96,673.37,-6508.69,-5835.33,,,,,
8751,1773.55,4091.02,5184.67,502.84,265.82,-177.06,-3815.04,-32005.92,1758.14,22684.9,-6501.12,188.79,262.91,-6312.32,-6049.41,,,,,
8761,1794.68,4201.59,5195.74,503.23,276.85,-205.47,-3847.3,-31836.45,1705.94,22591.09,-6595.37,188.22,379.89,-6407.15,-6027.26,,,,,
8771,1791.89,4172.44,5216.54,507.9,275.55,-229.27,-3853.44,-31752.73,1748.41,22578.81,-6618.02,191.31,456.12,-6426.72,-5970.6,,,,,
8781,1821.67,4268.56,5163.63,502.03,280.88,-210.19,-3807.13,-31877.98,1727.8,22636.44,-6609.44,193.41,505.72,-6416.02,-5910.3,,,,,
8791,1748.04,4180.72,5237.86,493.26,277.83,-187.37,-3784.42,-31872.5,1763.99,22647.91,-6594.23,190.21,505.32,-6404.02,-5898.7,,,,,
8801,1898.19,4085.73,5235.06,497.53,261.46,-198.97,-3882.52,-31825.82,1695.62,22690.73,-6668.25,190.46,456.99,-6477.79,-6020.8,,,,,
8811,1840.16,4265.51,5188.82,524.79,270.55,-214.99,-3880.97,-31768.63,1737.76,22581.6,-6611.73,191.14,544.59,-6420.6,-5876.01,,,,,
8821,1782.25,4193.79,5243.62,500.86,274.44,-210.55,-3832.11,-31708.16,1745.11,22568.33,-6685.35,189.05,557.58,-6496.3,-5938.72,,,,,
8831,1771.74,4168.01,5208.73,496.17,257.84,-229.26,-3878.51,-31904.77,1758,22693.74,-6545.69,186.97,341.69,-6358.73,-6017.04,,,,,
8841,1790.67,4072.77,5186.57,495.62,282.15,-196.11,-3922.68,-31835.06,1740.14,22637.29,-6570.73,186.16,251.37,-6384.57,-6133.2,,,,,
8851,1858.13,4276.75,5151.58,514.22,285.31,-208.13,-3908.82,-31703.6,1708.45,22580.51,-6665.59,184.64,554.41,-6480.95,-5926.54,,,,,
8861,1794.73,4091.94,5189.67,498.37,274.54,-223.45,-3939.9,-31915.73,1717.06,22762.55,-6552.4,182.34,249.81,-6370.05,-6120.24,,,,,
8871,1855.7,4133.56,5186.95,508.79,268.06,-186.2,-3897.61,-31874.06,1709.92,22703.01,-6588.81,184.02,408.12,-6404.8,-5996.68,,,,,
8881,1807.91,4204.92,5178.79,506.41,256.14,-186.43,-3867.54,-31661.7,1740.93,22555.13,-6679.98,186.49,534.57,-6493.49,-5958.92,,,,,
8891,1887.48,4173.29,5172.77,501.41,284.51,-201.3,-3899.94,-31617.36,1767.75,22523.21,-6722.29,185.54,591.83,-6536.75,-5944.92,,,,,
8901,1783.7,4215.88,5211.82,508.57,266.61,-224.24,-3887.54,-31694.62,1735.27,22633.64,-6653.26,187.69,549.09,-6465.56,-5916.47,,,,,
8911,1796.7,4049.93,5217.8,508.38,275.99,-221.55,-3883.59,-31810.54,1727.87,22676.66,-6612.84,190.36,337.66,-6422.48,-6084.82,,,,,
8921,1828.76,4191.06,5218.84,507.4,260.86,-231.07,-3871.66,-31890.26,1781.89,22586.52,-6560.48,185.81,382.33,-6374.67,-5992.34,,,,,
8931,1806.37,4177.25,5230.02,516.61,257.21,-211.72,-3870.43,-31808.58,1728.52,22592.05,-6599.97,190.87,417.31,-6409.1,-5991.79,,,,,
8941,1879.54,4184.64,5197.65,509.14,277.04,-230.13,-3883.81,-31790.66,1713.67,22687.16,-6680.3,186.15,544.24,-6494.15,-5949.91,,,,,
8951,1817.4,4155.08,5245.81,503.9,292.85,-221.28,-3883.35,-31468.29,1734.89,22469.48,-6831.61,192.3,646.49,-6639.32,-5992.83,,,,,
8961,1876.01,4192.53,5246.19,499.2,272.51,-216.48,-3877.31,-31789.63,1698.56,22638.66,-6650.74,187.28,540.23,-6463.46,-5923.23,,,,,
8971,1780.94,4205.81,5220.85,502.32,278.27,-243.29,-3881.99,-31847.2,1753.64,22615.91,-6544.4,185.72,385.27,-6358.68,-5973.42,,,,,
8981,1763.59,4147.63,5240.89,501.26,259.48,-209.07,-3902.96,-31732.6,1754.62,22548.45,-6607.29,185.77,371.29,-6421.51,-6050.22,,,,,
8991,1761.34,4148.83,5196.27,496.65,278.32,-217.38,-3872.58,-31828.84,1741.67,22624.81,-6576.99,188.77,329.11,-6388.22,-6059.11,,,,,
9001,1814.24,4153.78,5231.99,499.49,301.34,-200.41,-3884.88,-31811.45,1727.99,22637.12,-6661.16,190.8,469.22,-6470.36,-6001.14,,,,,
9011,1790.93,4155.32,5145.52,507.01,264.87,-204.28,-3867.43,-31819.5,1725.44,22702.99,-6626.1,189.13,400.87,-6436.98,-6036.1,,,,,
9021,1749.62,4096.97,5185.2,491.32,283.84,-209.63,-3884.05,-31829.51,1767.84,22718.53,-6575.75,187.26,370.14,-6388.49,-6018.35,,,,,
9031,1799.75,4109.73,5181.89,486.69,277.93,-215.49,-3837.92,-31873.36,1751.38,22686.78,-6624.34,188,367.36,-6436.34,-6068.97,,,,,
9041,1884.71,4233.41,5199.52,516.79,261.82,-245.44,-3910.78,-31679.84,1725.49,22576.67,-6674.45,187.82,562.35,-6486.63,-5924.27,,,,,
9051,1818.81,4176.44,5211.54,514.22,251.14,-206.05,-3860.81,-31747.34,1730.17,22580.6,-6631.45,188.3,468.73,-6443.15,-5974.42,,,,,
9061,1794.37,4220.64,5199.76,512.49,285.26,-186.98,-3936.62,-31802.33,1749.41,22613.44,-6622.59,186.2,449.44,-6436.39,-5986.94,,,,,
9071,1803.68,4211.75,5242.93,507.89,267.07,-222.18,-3867.64,-31777.45,1764.53,22682.04,-6670.37,191.82,612.63,-6478.55,-5865.93,,,,,
9081,1821.82,4182.42,5240.81,508.97,265.91,-212.87,-3887.21,-31675.31,1729.59,22616.7,-6704.68,189.67,590.85,-6515.01,-5924.16,,,,,
9091,1767.06,4187.61,5178.71,501.32,276.04,-222.85,-3917.77,-31703.62,1745.42,22621.54,-6684.21,189.23,433.46,-6494.98,-6061.51,,,,,
9101,1765.68,4230.19,5187.15,506.29,281.85,-217.72,-3881.45,-31737.08,1734.01,22571.62,-6587.55,184.12,440.54,-6403.43,-5962.89,,,,,
9111,1845.52,4219.6,5216.52,512.85,275.99,-210.27,-3855.35,-31700.33,1731.04,22505.05,-6668.07,192.38,540.62,-6475.68,-5935.06,,,,,
9121,1816.95,4218.94,5229.03,506.75,261.27,-202.42,-3881.57,-31856.65,1676.41,22587.87,-6626.11,189.54,356.57,-6436.58,-6080.01,,,,,
9131,1820.7,4155.62,5195.13,509.95,262.93,-190.9,-3894.41,-31969.49,1731.58,22689.25,-6527.82,184.48,310.36,-6343.34,-6032.98,,,,,
9141,1775.07,4189.66,5183.62,514.91,284.03,-190.89,-3910.82,-32116.93,1769.63,22859.34,-6471.75,184.25,357.62,-6287.5,-5929.87,,,,,
9151,1767.84,4166.45,5225.37,496.62,296.19,-189.51,-3849.98,-32093.42,1760.06,22785.44,-6515.39,190.77,365.05,-6324.62,-5959.56,,,,,
9161,1756.92,4187.91,5250.2,499.65,284.69,-220.68,-3838.23,-32043.86,1750.63,22673.56,-6477.58,185.91,300.79,-6291.68,-5990.89,,,,,
9171,1817.31,4070.94,5232.66,492.18,298.3,-219.46,-3835.15,-32021.04,1743.01,22674.17,-6510.22,189.92,252.93,-6320.31,-6067.38,,,,,
9181,1826.27,4128.06,5239.72,492.98,285.2,-193.23,-3855.79,-32033.39,1730.3,22671.86,-6477.82,189.28,291.99,-6288.54,-5996.54,,,,,
9191,1846.43,4266.85,5189.9,498.6,298.71,-232.42,-3861.65,-31857.59,1716.77,22545.52,-6541.85,187.87,411.11,-6353.98,-5942.87,,,,,
9201,1726.56,4170.34,5210.32,508.35,263.99,-215.38,-3853.53,-31960.81,1749.74,22653.03,-6560.95,186.16,252.6,-6374.79,-6122.19,,,,,
9211,1811.88,4226.13,5212.6,502.17,290.14,-206.25,-3847.72,-32035.06,1741.93,22612.48,-6456.01,189.85,308.3,-6266.16,-5957.86,,,,,
9221,1784.59,4130.04,5211.58,516.51,275.74,-218.42,-3854.26,-32099.2,1752.95,22632.29,-6396.19,187.95,131.82,-6208.24,-6076.42,,,,,
9231,1797.76,4138.64,5215.36,504.16,262.08,-214.52,-3855.97,-32088.45,1725.31,22658.16,-6416.28,187.95,142.54,-6228.33,-6085.8,,,,,
9241,1802.65,4207.02,5204.46,525.88,271.54,-221.04,-3858.16,-32112.66,1735.54,22663.39,-6408.66,185.5,218.61,-6223.15,-6004.54,,,,,
9251,1805.66,4141.28,5245.11,522.13,262.96,-187.62,-3876.59,-32029.19,1691.41,22686.88,-6441.72,188.05,262.04,-6253.67,-5991.63,,,,,
9261,1788.2,4152.48,5233.26,497.32,264.6,-205.43,-3882.43,-32158.78,1750.77,22649.16,-6376.14,185.71,89.14,-6190.43,-6101.29,,,,,
9271,1811.61,4056.48,5217.87,510.32,283.02,-214.45,-3854.27,-32159.87,1718.58,22698.87,-6373.19,187.46,68.17,-6185.73,-6117.56,,,,,
9281,1818.19,4197.5,5254.63,504.4,276.88,-205.74,-3857.61,-31800.62,1703.65,22486.1,-6568.18,190.53,377.38,-6377.65,-6000.27,,,,,
9291,1877.45,4156.88,5265.02,500.35,248.46,-212.15,-3859.08,-31897.45,1721.5,22610.38,-6573.76,185.98,411.37,-6387.78,-5976.41,,,,,
9301,1737.85,4186.06,5208.25,505.27,273.97,-217.82,-3814.09,-31820.69,1744.1,22593.11,-6634.91,192.59,396.02,-6442.32,-6046.3,,,,,
9311,1780.22,4202.73,5234.78,528.02,272.09,-222.84,-3799.27,-31797.09,1737.71,22662.89,-6713.78,190.46,599.24,-6523.31,-5924.07,,,,,
9321,1799.04,4217.46,5250.94,498.54,248.34,-210.66,-3879.9,-31652.92,1760.21,22612.27,-6794.8,188.93,643.32,-6605.87,-5962.55,,,,,
9331,1817.71,4125.52,5247.47,497.62,279.48,-229.75,-3857.17,-31709.2,1760.25,22648.23,-6784.96,189.94,580.16,-6595.01,-6014.86,,,,,
9341,1813.98,4189.53,5219.09,512.85,282.05,-225.81,-3858.18,-31592.2,1752.37,22514.25,-6755.66,187.81,607.92,-6567.85,-5959.93,,,,,
9351,1845.02,4193.42,5253.3,516,281.06,-205.89,-3909.76,-31849.94,1722.53,22578.7,-6564.6,186.22,424.43,-6378.38,-5953.95,,,,,
9361,1762.66,4268.63,5208.67,524.33,265.49,-210.23,-3875.88,-31758.22,1733.67,22709.33,-6754.64,186.45,628.45,-6568.19,-5939.74,,,,,
9371,1762.94,4148.09,5303.48,494.72,257.14,-228.28,-3889.06,-31851.41,1728.8,22628.76,-6590.42,188.12,355.19,-6402.3,-6047.11,,,,,
9381,1828.97,4202.79,5239.7,513.07,290.41,-211.27,-3860.39,-31993.42,1752.39,22512.96,-6469.97,184.8,275.21,-6285.17,-6009.96,,,,,
9391,1803.23,4194.01,5234.37,505.02,283.55,-201.43,-3936.82,-31986.75,1750.63,22624.27,-6482.54,181.82,270.09,-6300.72,-6030.63,,,,,
9401,1791.27,4233.73,5256,513.41,265.18,-188.67,-3909.01,-31876.76,1761.2,22634.2,-6522.69,183.65,480.56,-6339.04,-5858.49,,,,,
9411,1826.13,4187.22,5224.77,514.67,271.14,-209.72,-3861.79,-31953.87,1721.69,22616.66,-6477.24,185.71,336.9,-6291.53,-5954.62,,,,,
9421,1812.47,4203.37,5177.14,509.33,273.81,-197.81,-3874.67,-31847.2,1732.79,22516.2,-6563.86,187.23,305.44,-6376.63,-6071.19,,,,,
9431,1757.4,4185.34,5238.52,504.98,279.17,-197.59,-3862.24,-32070.32,1750.35,22730.8,-6434.89,186.03,316.4,-6248.86,-5932.45,,,,,
9441,1793.67,4216.22,5179.06,521.03,284.17,-189.82,-3940.27,-32031.51,1725.2,22719.41,-6450.03,181.95,277.16,-6268.08,-5990.92,,,,,
9451,1781.67,4106.69,5248.44,520.76,271.33,-217.06,-3877.56,-32104.82,1734.47,22706.7,-6424.61,185.95,170.62,-6238.66,-6068.04,,,,,
9461,1773.99,4220.24,5233.73,510.84,276.42,-218.04,-3896.79,-31957.71,1739.42,22680.15,-6502.69,181.83,362.26,-6320.86,-5958.61,,,,,
9471,1812.77,4161.19,5243.9,499.56,267.49,-207.89,-3913.9,-32011.34,1769.98,22646.71,-6474.4,185.38,268.48,-6289.03,-6020.55,,,,,
9481,1819.57,4257.61,5206.07,516.3,271.84,-192.18,-3838.46,-32064.39,1702.74,22681.26,-6457.75,186.59,360.36,-6271.16,-5910.8,,,,,
9491,1787.83,4211.29,5209.94,505.45,284.89,-219.08,-3923.58,-32112.86,1720.44,22623.93,-6326.61,178.88,88.23,-6147.73,-6059.5,,,,,
9501,1766.12,4179.41,5228.69,505.85,274.96,-209.47,-3932.82,-32004.71,1730.9,22643.85,-6441.79,181.98,182.78,-6259.81,-6077.03,,,,,
9511,1828.25,4118.11,5205.31,502.54,267.07,-183.68,-3887.85,-32044.65,1713.44,22676.05,-6407.69,182.53,194.6,-6225.16,-6030.56,,,,,
9521,1838.1,4170.75,5226.08,521.08,291.6,-206.61,-3921.54,-31959.27,1722.89,22582.65,-6468.43,183.76,265.73,-6284.67,-6018.94,,,,,
9531,1802.11,4210.26,5184.79,500.82,280.6,-210.78,-3871.06,-31984.51,1736.82,22530.11,-6423.5,186.39,179.15,-6237.11,-6057.96,,,,,
9541,1837.39,4273.91,5215.28,514.44,276.15,-219.49,-3868.47,-31864.59,1729.98,22623.63,-6570.94,183.43,518.24,-6387.51,-5869.27,,,,,
9551,1813.79,4143.41,5188.3,510.43,257.49,-195.17,-3923.93,-31879.53,1697.21,22622.57,-6553.37,182.76,234.56,-6370.61,-6136.05,,,,,
9561,1788.37,4195.35,5226.5,500.16,273.85,-200.78,-3883.58,-32033.14,1734.49,22702.01,-6501.73,184.27,303.23,-6317.45,-6014.22,,,,,
9571,1864.59,4266.33,5235.06,517.53,281.89,-220.49,-3856.34,-32097.24,1714.33,22648.04,-6404.16,182.77,353.7,-6221.39,-5867.68,,,,,
9581,1792.35,4204.68,5244.31,508.8,258.46,-193.14,-3931.58,-31904.69,1745.44,22613.85,-6501.53,183.47,338.46,-6318.06,-5979.6,,,,,
9591,1792.05,4192.51,5224.25,523.6,275.29,-213.1,-3918.2,-32059.04,1764.57,22689.06,-6416.25,181.35,270.99,-6234.89,-5963.91,,,,,
9601,1761.69,4135.26,5215.79,507.09,263.42,-232.62,-3915.67,-31930.63,1708.06,22781.54,-6607.51,185.89,293.91,-6421.61,-6127.7,,,,,
9611,1793.18,4150.97,5214.8,510.6,253.6,-215.65,-3918.76,-31713.74,1773.54,22647.88,-6731.95,185.31,496.41,-6546.64,-6050.23,,,,,
9621,1843.66,4180.67,5202.5,488.32,266.01,-209.53,-3918.18,-31843.99,1694.09,22598.19,-6594.4,183.05,301.74,-6411.35,-6109.61,,,,,
9631,1840.08,4139.7,5245.62,524.65,277.11,-218.74,-3885.28,-31680.03,1734.51,22637.74,-6735.24,187.26,615.36,-6547.98,-5932.62,,,,,
9641,1769.63,4206.18,5204.31,509.62,276.24,-177.13,-3874.51,-31945.7,1747.55,22628.31,-6521.09,184.02,344.49,-6337.07,-5992.58,,,,,
9651,1840.47,4301.52,5201.7,493.5,258.91,-215.15,-3895.85,-31934.04,1702.53,22603.38,-6527.49,183.47,356.98,-6344.01,-5987.03,,,,,
9661,1841.72,4135.49,5231.49,505.71,276.23,-224.01,-3951.42,-31865.48,1702.01,22614.63,-6526.02,182.72,266.38,-6343.29,-6076.92,,,,,
9671,1808.31,4239.31,5263.68,523.72,279.62,-243.75,-3861.5,-31944.95,1746.2,22662.11,-6551.05,185.28,472.75,-6365.77,-5893.02,,,,,
9681,1753.17,4171.97,5244.21,502.93,271.71,-241.81,-3846.96,-32011.35,1773.56,22661.77,-6519.26,180.19,279.21,-6339.07,-6059.85,,,,,
9691,1821.87,4157.51,5208.62,506.39,260.32,-208.93,-3913.25,-31680.82,1754.06,22655.12,-6780.89,184.72,560.9,-6596.18,-6035.28,,,,,
9701,1823.87,4185.95,5229.01,508.4,279.56,-195.43,-3929.85,-31625.08,1755.54,22551.75,-6748.4,185.85,583.72,-6562.56,-5978.83,,,,,
9711,1800.04,4156.96,5293.26,513.41,258.03,-231.42,-3890.75,-31780.5,1764.94,22675.96,-6689.65,189.37,559.93,-6500.28,-5940.35,,,,,
9721,1792.24,4113.66,5275.24,500.16,266.62,-209.29,-3908.52,-31712.89,1731.49,22680.37,-6743.56,186.82,529.08,-6556.74,-6027.66,,,,,
9731,1802.67,4290.53,5243.43,505.2,278.88,-257.21,-3894.66,-31938.03,1761.63,22604.64,-6520.66,183.93,397.08,-6336.72,-5939.64,,,,,
9741,1857.87,4131.75,5240.12,501.75,273.1,-207.99,-3898.05,-31887.04,1724.38,22600.13,-6591.3,188.63,336.02,-6402.67,-6066.65,,,,,
9751,1787.26,4174.79,5241.94,515.49,288.77,-243.63,-3853.92,-31995.76,1730.88,22680.22,-6527.56,187.88,326.05,-6339.69,-6013.64,,,,,
9761,1828.54,4246.45,5171,517.68,274.76,-193.85,-3901.7,-32067.07,1740.34,22678.05,-6430.72,183.69,294.2,-6247.02,-5952.82,,,,,
9771,1811.68,4180.59,5179.41,505.78,269.8,-208.15,-3900.36,-31808.49,1738.29,22800.28,-6720.08,187.15,568.83,-6532.93,-5964.09,,,,,
9781,1781.32,4138.13,5247.12,511.25,293.49,-225.05,-3896.3,-31747.54,1767.56,22706.11,-6755.82,186.79,576.1,-6569.03,-5992.93,,,,,
9791,1807.33,4169.95,5179.71,511.9,274,-203.47,-3913.95,-31794.11,1730.81,22612.01,-6615.36,185.06,374.18,-6430.3,-6056.12,,,,,
9801,1784.43,4185.72,5218.46,500.11,267.51,-200.5,-3907.17,-31868.8,1735.44,22572.73,-6545.69,183.03,287.92,-6362.66,-6074.74,,,,,
9811,1751.12,4168.7,5252.65,507.48,267.59,-225.56,-3898.94,-31862.24,1773.17,22686.02,-6616.71,183.95,419.97,-6432.76,-6012.79,,,,,
9821,1795.35,4156.67,5221.83,496.27,285.76,-207.39,-3936.02,-31927.82,1729.36,22663.02,-6528.53,184.68,277.02,-6343.85,-6066.83,,,,,
9831,1800.08,4226.06,5173.85,511.55,259.28,-177.64,-3882.8,-31994.92,1731.49,22583.66,-6458.41,184.14,230.6,-6274.27,-6043.67,,,,,
9841,1749.23,4246.06,5241.12,500.47,275.73,-211.73,-3897.74,-31930.16,1733.04,22637.49,-6506.88,183.02,343.51,-6323.86,-5980.35,,,,,
9851,1811.35,4195.5,5234.18,529.87,264.46,-186.42,-3879.37,-32087.51,1727.42,22701.79,-6410.9,183.17,311.29,-6227.73,-5916.44,,,,,
9861,1807.49,4209.5,5194.26,519.43,282.32,-217.44,-3852.51,-32102.71,1744.62,22610.24,-6387.6,188.97,195.19,-6198.63,-6003.44,,,,,
9871,1813.02,4326.08,5174.74,550.56,260.61,-213.63,-3831.93,-31906.76,1746.64,22559.28,-6518.81,185.88,478.63,-6332.93,-5854.3,,,,,
9881,1735.35,4230.76,5238.74,504.06,275.5,-214.12,-3869.4,-32060.79,1769.23,22661.79,-6462.95,180.49,271.11,-6282.46,-6011.34,,,,,
9891,1796.98,4142.05,5246.16,485.14,270.14,-222.89,-3873.82,-31808.34,1707.51,22539.27,-6597.11,187.28,282.22,-6409.83,-6127.61,,,,,
9901,1747.74,4118.93,5273.52,491.71,261.1,-212.4,-3877.97,-32010.94,1743.53,22686.83,-6488.07,185.71,222.05,-6302.36,-6080.31,,,,,
9911,1795.97,4198.14,5202.7,517.85,266.35,-197.37,-3882.68,-32053.42,1719.7,22614.9,-6399.53,185.35,182.15,-6214.18,-6032.03,,,,,
9921,1843.68,4142.88,5220.64,523.31,295.79,-208.36,-3923.56,-31902.15,1765.78,22589.44,-6492.53,180.7,347.45,-6311.83,-5964.38,,,,,
9931,1819.91,4190.52,5233.39,500.81,278.85,-223.64,-3859.69,-31945.61,1734.13,22532.69,-6463.62,183.88,261.35,-6279.74,-6018.38,,,,,
9941,1759.54,4175.85,5233.6,509.36,277.61,-212.81,-3871.17,-31880.02,1787.04,22659.27,-6620.09,185.22,438.27,-6434.87,-5996.6,,,,,
9951,1849.72,4125.5,5253.96,493.6,252.75,-236.57,-3871.51,-31985.32,1743.77,22670.6,-6521.15,185.29,296.52,-6335.86,-6039.34,,,,,
9961,1783.73,4172.03,5223.44,506.27,264.86,-213.12,-3847.51,-31904.84,1701.35,22640.16,-6571,185.61,326.38,-6385.39,-6059,,,,,
9971,1879.69,4087.07,5224.15,511.32,268.71,-198.79,-3907.6,-31953.69,1712.67,22632.22,-6543.4,183.41,255.75,-6359.99,-6104.24,,,,,
9981,1865.14,4204.6,5239.57,502.8,272.93,-228.42,-3877.25,-31703.45,1715.92,22564.29,-6665.27,186.25,556.12,-6479.02,-5922.9,,,,,
9991,1751.95,4194.47,5222.43,514.27,277.19,-222.11,-3861.54,-31831.11,1713.93,22523.97,-6556.64,188.45,283.45,-6368.19,-6084.74,,,,,
10001,1821.7,4215.15,5232.31,508.19,269.24,-217.76,-3858.35,-31926.09,1726.68,22634.73,-6514,185.37,405.79,-6328.63,-5922.84,,,,,
,,,,,,,,,,,,,,,,,,,,
Receptor Energy Terms,,,,,,,,,,,,,,,,,,,,
Frame #,BOND,ANGLE,DIHED,UB,IMP,CMAP,VDWAALS,EEL,1-4 VDW,1-4 EEL,EGB,ESURF,GGAS,GSOLV,TOTAL,,,,,
1,1642.44,4236.28,5407,506.87,271.17,-176.49,-3990.73,-32323.56,1769.17,22755.54,-6051.97,162.63,97.71,-5889.33,-5791.63,,,,,
11,1803.37,4266.48,5287.04,514.37,269.55,-202.18,-3868.66,-31606.73,1724.51,22571.56,-6700.04,182.72,759.31,-6517.32,-5758,,,,,
21,1850.98,4310.76,5272.7,504.04,275.49,-172.58,-3898.9,-31550.34,1687.16,22575.36,-6699.48,179.67,854.66,-6519.81,-5665.15,,,,,
31,1877.1,4198.62,5299.62,524.74,275.97,-205.25,-3865.64,-31510.96,1723.49,22602.95,-6804.35,184.3,920.63,-6620.05,-5699.42,,,,,
41,1821.45,4233.4,5302.95,517.2,282.21,-213.94,-3905.84,-31707.47,1686.29,22646.12,-6694.99,183.54,662.37,-6511.44,-5849.08,,,,,
51,1865.94,4200.82,5275.03,499.54,297.07,-212.39,-3852.76,-31852.55,1697.47,22536.96,-6506.56,179.96,455.13,-6326.6,-5871.48,,,,,
61,1737.74,4122.85,5276.86,500.18,276.76,-174.56,-3846.48,-31821.86,1741.23,22659.81,-6589.88,182.7,472.54,-6407.17,-5934.63,,,,,
71,1776.9,4176.48,5270.92,517.9,277.79,-164.29,-3859.05,-31897.07,1732.02,22698.99,-6576.91,181.25,530.6,-6395.65,-5865.05,,,,,
81,1812,4209.78,5242.34,514,269.41,-171.28,-3834.05,-31961.85,1699.19,22577.23,-6490.3,185.61,356.77,-6304.69,-5947.92,,,,,
91,1795.89,4135.9,5244.53,514.12,292.55,-185.99,-3797.97,-32005.22,1747.26,22848.63,-6604.96,184.49,589.71,-6420.47,-5830.76,,,,,
101,1763.92,4238.97,5258.25,511.5,287.88,-167.8,-3825.01,-31751.8,1698.06,22635.7,-6706.3,182.96,649.67,-6523.34,-5873.67,,,,,
111,1829.73,4186.27,5215.12,515.34,270.77,-139.82,-3863.64,-31718.3,1695.38,22625.6,-6700.46,190.1,616.45,-6510.36,-5893.91,,,,,
121,1811.48,4180.5,5252.74,506.41,276.77,-159.69,-3850.43,-31830.93,1726.93,22671.04,-6637.63,185.31,584.83,-6452.32,-5867.49,,,,,
131,1765.69,4226.26,5214.87,498.01,276.69,-155.75,-3818.89,-32043.68,1721.62,22752.35,-6550.37,187.43,437.17,-6362.94,-5925.77,,,,,
141,1841.73,4242.31,5261.91,515.35,278.85,-187.71,-3833.14,-31990.87,1683.71,22715.31,-6546.19,187.02,527.47,-6359.17,-5831.7,,,,,
151,1815.99,4079.33,5217.77,486.82,284.92,-166.4,-3786.58,-32041.83,1714.87,22791.99,-6537.14,187.3,396.88,-6349.84,-5952.96,,,,,
161,1801.67,4167.26,5235.86,504.91,275.78,-197.05,-3823.54,-32024.21,1727.97,22775.77,-6528.94,187.47,444.42,-6341.48,-5897.05,,,,,
171,1831.57,4204.8,5265.17,521.97,278.8,-200.01,-3831.48,-31968.48,1724.3,22756.38,-6567.23,186.71,583.02,-6380.52,-5797.5,,,,,
181,1861.76,4201.2,5205.38,506.58,275.3,-162.51,-3835.68,-32068.86,1702.82,22704.25,-6438,185.35,390.24,-6252.65,-5862.42,,,,,
191,1757.22,4191.15,5210.02,518.48,268.52,-164.9,-3859.97,-32017.97,1744.79,22872.76,-6588.25,186.73,520.1,-6401.52,-5881.42,,,,,
201,1825.35,4133.65,5268.49,495.49,263.53,-175.25,-3837.96,-31973.97,1718.53,22769.41,-6562.08,186.55,487.26,-6375.52,-5888.26,,,,,
211,1813.62,4168.23,5254.36,510.29,267.29,-154.85,-3852.76,-31749.85,1701.93,22671.46,-6767.45,189.6,629.72,-6577.85,-5948.13,,,,,
221,1775.79,4211.24,5282.61,505.81,302.58,-204.98,-3790.26,-32003.46,1716.81,22688.09,-6556.63,188.06,484.21,-6368.56,-5884.35,,,,,
231,1850.01,4164.75,5253.94,522.19,244.73,-214.32,-3781.76,-32101.6,1721,22725.63,-6461.99,190.33,384.57,-6271.66,-5887.1,,,,,
241,1745.98,4266.14,5227.17,503.38,260.76,-199.13,-3839.88,-32013.44,1742.4,22815.19,-6585.79,186.2,508.56,-6399.59,-5891.02,,,,,
251,1827.47,4217.63,5252.98,519.89,286.17,-205.19,-3835.9,-31961.83,1732.37,22672.59,-6554.11,187.75,506.17,-6366.36,-5860.19,,,,,
261,1731.37,4139.04,5273.56,497.35,272.1,-198.97,-3783.43,-31936.85,1742.4,22748.6,-6629.4,189.48,485.17,-6439.92,-5954.75,,,,,
271,1778.42,4163.14,5243.29,494.13,263.52,-195.02,-3792.15,-32150.67,1721.83,22833.65,-6477.92,187.71,360.14,-6290.21,-5930.07,,,,,
281,1733.06,4140.52,5251.56,501.55,259.73,-173.52,-3825.75,-32030.54,1720.02,22686.31,-6497.23,188.15,262.93,-6309.07,-6046.15,,,,,
291,1792.5,4190.65,5234.97,499.22,301.56,-200.37,-3811.02,-32107.04,1717.76,22786.12,-6500.97,186.21,404.33,-6314.76,-5910.43,,,,,
301,1799.73,4150.26,5275.13,502.92,283.5,-180.17,-3824.63,-32056.75,1687.27,22757.29,-6537.04,186.58,394.54,-6350.45,-5955.92,,,,,
311,1791.94,4220.15,5247.66,517.13,281.86,-198.88,-3856.81,-32009.62,1688.53,22640.61,-6462.51,188.29,322.58,-6274.22,-5951.64,,,,,
321,1817.11,4196.52,5274.24,507.76,289.75,-218.15,-3821.47,-31997.28,1733.06,22698.76,-6505.26,186.5,480.31,-6318.75,-5838.44,,,,,
331,1760.22,4164.67,5190.28,506.08,292.26,-200.37,-3907.86,-31858.94,1744.11,22668.83,-6599.74,182.84,359.28,-6416.9,-6057.62,,,,,
341,1829.09,4180.39,5216.17,508.23,261.44,-184.42,-3841.57,-31956.49,1707.76,22731.5,-6594.26,186.59,452.1,-6407.68,-5955.57,,,,,
351,1826.73,4231.53,5224.48,508.26,276.88,-210.97,-3811.87,-31909.62,1722.23,22765.5,-6652.16,186.67,623.16,-6465.5,-5842.34,,,,,
361,1761.79,4196.06,5217.12,514.45,259.09,-213.14,-3862.96,-31930.54,1708.07,22706.94,-6583.24,185.32,356.88,-6397.92,-6041.03,,,,,
371,1844.07,4188.85,5204.07,501.53,260.28,-169.72,-3831.36,-31990.97,1725.07,22730.49,-6528.25,185.57,462.31,-6342.69,-5880.37,,,,,
381,1831.59,4180.5,5203.84,510.51,270.62,-182.3,-3839.31,-32136.63,1718.92,22729.86,-6428.92,183.58,287.6,-6245.35,-5957.74,,,,,
391,1829.35,4162.19,5216.31,503.96,256.85,-184.27,-3870.3,-32147.52,1722.72,22721.85,-6434.38,183.15,211.14,-6251.23,-6040.09,,,,,
401,1824.72,4188.44,5233.87,512.27,267.75,-212.77,-3858.49,-31880.64,1677.4,22673.72,-6621.91,182.7,426.28,-6439.22,-6012.94,,,,,
411,1842.12,4294.73,5209.43,508.89,276.26,-186.08,-3845.76,-31651.26,1707.79,22550.8,-6749.78,188.37,706.92,-6561.41,-5854.48,,,,,
421,1818.97,4136.84,5258.79,485.04,277.27,-178.15,-3862.2,-31776.39,1724.23,22682.64,-6712.21,185.65,567.04,-6526.56,-5959.52,,,,,
431,1821.7,4217.85,5258.61,510.1,275.02,-190.98,-3834.66,-31995.19,1725.43,22757.3,-6591.26,185.31,545.17,-6405.96,-5860.79,,,,,
441,1751.23,4187.91,5256.49,487.13,282.37,-188.37,-3833.23,-31923.14,1730.94,22722.68,-6594.38,185.48,474,-6408.9,-5934.9,,,,,
451,1715.94,4079.47,5189.91,485.44,270.34,-168.66,-3805.16,-32016.88,1722.21,22838.83,-6653.88,187.92,311.44,-6465.97,-6154.52,,,,,
461,1820.93,4178.73,5256.2,499.83,265.74,-220.47,-3780.19,-32051.41,1714.72,22689.53,-6537.25,188.07,373.61,-6349.17,-5975.56,,,,,
471,1842.26,4251.51,5233.78,506.74,281.66,-188.3,-3848.57,-31980.75,1710.25,22699.43,-6597.15,180.93,508,-6416.22,-5908.21,,,,,
481,1729.41,4178.72,5291.18,505.51,276.71,-189.67,-3841.83,-32073.54,1720.87,22788.77,-6557.2,181.3,386.13,-6375.9,-5989.77,,,,,
491,1870.42,4155.27,5209.95,492.65,267.71,-204.77,-3855.19,-31831.44,1700.87,22551.66,-6569.11,181.3,357.15,-6387.82,-6030.67,,,,,
501,1811.33,4157.75,5246.42,518.52,283.19,-213.54,-3838.68,-31874.08,1737.92,22628.1,-6612.68,183.87,456.92,-6428.81,-5971.88,,,,,
511,1780.62,4210.93,5208.43,491.43,282.96,-200.26,-3822.96,-31839.17,1744.29,22627.89,-6644.54,185.58,484.15,-6458.96,-5974.81,,,,,
521,1858.34,4132.85,5229.32,501.95,270.95,-182.01,-3808.57,-31919.3,1700.4,22703.84,-6646.95,189.11,487.77,-6457.83,-5970.07,,,,,
531,1826.92,4154.22,5204.5,531.84,270.77,-188.75,-3812.03,-31775.17,1741.17,22719.77,-6767.44,184.92,673.25,-6582.52,-5909.27,,,,,
541,1765.44,4216.77,5213.89,512.14,272.73,-181.2,-3833.64,-31935.07,1743.77,22741.77,-6628.21,185.9,516.59,-6442.3,-5925.71,,,,,
551,1852.34,4181.01,5247.96,522.65,264.58,-172.61,-3838.41,-32039.33,1738.58,22686.39,-6474.43,180.47,443.16,-6293.96,-5850.81,,,,,
561,1853.68,4155.53,5194.52,521.91,285.88,-180.66,-3858.56,-32014.35,1700.06,22678.68,-6474.37,185.84,336.71,-6288.52,-5951.82,,,,,
571,1813.39,4129.47,5178.55,476.31,286.28,-181.91,-3869.46,-32159.59,1750.21,22711.16,-6358.58,175.6,134.4,-6182.98,-6048.58,,,,,
581,1834.26,4253.05,5168.04,519.23,283.77,-214.22,-3866.76,-32120.18,1718.47,22647.1,-6372.01,180.41,222.76,-6191.6,-5968.84,,,,,
591,1770.92,4132.02,5221.79,517.84,271.11,-207.01,-3773.3,-32107.04,1753.93,22606.38,-6406.61,180.34,186.65,-6226.27,-6039.62,,,,,
601,1814.97,4176.34,5218.95,498.31,277.16,-175.84,-3875.76,-32086.74,1715.41,22766.72,-6486.26,179.72,329.51,-6306.55,-5977.04,,,,,
611,1759.17,4192.97,5210.5,511.95,270.65,-159.58,-3912.87,-32106.28,1726.84,22623.02,-6392.35,181.33,116.38,-6211.02,-6094.64,,,,,
621,1813.47,4222.13,5175.99,497.16,270.76,-175.53,-3827.29,-31910.24,1763.57,22585.44,-6506.67,186.18,415.45,-6320.49,-5905.03,,,,,
631,1832.89,4139.14,5273.92,499.69,260.52,-203.41,-3854.83,-31928.2,1707.81,22703.58,-6594.2,184.94,431.12,-6409.25,-5978.13,,,,,
641,1741.15,4246.19,5227.34,512.81,262.01,-202.29,-3876.3,-31986.75,1713.05,22724.33,-6481.88,180.31,361.55,-6301.57,-5940.02,,,,,
651,1829,4250.93,5200.55,518.23,261.88,-168.79,-3849.93,-32151.72,1718.62,22652.33,-6391.13,181.8,261.09,-6209.33,-5948.24,,,,,
661,1781.41,4153.04,5201.61,511.32,254.39,-176.22,-3848.56,-32015.82,1731.01,22640.72,-6485.73,181.68,232.9,-6304.05,-6071.15,,,,,
671,1763.99,4151.1,5178.55,487.13,256.34,-184.26,-3887.86,-32043.08,1711.6,22772.58,-6484.64,183.22,206.08,-6301.42,-6095.34,,,,,
681,1831.32,4176.3,5205.88,507.41,267.74,-208.02,-3885.05,-31917.44,1705.26,22672.54,-6511.71,183.25,355.96,-6328.46,-5972.5,,,,,
691,1804.85,4209.73,5217.31,515.79,288.97,-189.95,-3834.17,-32098.92,1717.31,22594.04,-6366.39,180.03,224.98,-6186.36,-5961.38,,,,,
701,1770.42,4202.58,5223.67,503.3,274.58,-195.95,-3872.24,-32019.29,1719.36,22586.74,-6414.27,183.55,193.18,-6230.72,-6037.54,,,,,
711,1720.38,4201.83,5195.66,508.16,301.45,-171.21,-3818.31,-32122.85,1715.68,22669.73,-6396.31,184.99,200.52,-6211.32,-6010.8,,,,,
721,1825.52,4197.76,5237.51,511.36,292.79,-200.18,-3845.15,-31764.47,1682.35,22538.37,-6653.39,184.88,475.86,-6468.52,-5992.66,,,,,
731,1821.48,4228.66,5271.4,508.45,255.39,-200.69,-3877.75,-31910.12,1687.75,22644.85,-6538.92,188.51,429.42,-6350.41,-5920.99,,,,,
741,1798.91,4155.9,5236.47,495.62,287.2,-186.67,-3863.05,-31914.87,1721.1,22672.16,-6582.77,185.75,402.78,-6397.02,-5994.24,,,,,
751,1881.4,4190.69,5214.04,505.79,298.36,-214,-3828.27,-31931.74,1701.19,22591.09,-6532.16,186.4,408.57,-6345.76,-5937.19,,,,,
761,1826.42,4139.01,5206.85,525.64,277.82,-201.18,-3820.29,-31828.38,1729.14,22611.4,-6614.39,185.88,466.42,-6428.51,-5962.09,,,,,
771,1800.66,4231.55,5194.02,519.2,270.19,-186.75,-3819.96,-31920.98,1704.84,22613.05,-6562.22,184.77,405.81,-6377.46,-5971.65,,,,,
781,1880.92,4169.43,5151.92,495.65,289.61,-178.59,-3780.04,-31960.1,1697.93,22606.05,-6536.37,185.49,372.78,-6350.88,-5978.1,,,,,
791,1826.21,4169.87,5240.11,520.18,250.16,-216.66,-3781.78,-31748.91,1734.88,22543.63,-6657.32,189.54,537.69,-6467.78,-5930.08,,,,,
801,1779.56,4136.84,5298,487.69,268.03,-188.58,-3830.12,-31957.11,1698.53,22599.47,-6489.25,181.88,292.31,-6307.36,-6015.05,,,,,
811,1818.94,4200.86,5170.32,507.37,271.25,-188.65,-3812.07,-31872.89,1699.01,22695.52,-6653.89,186.88,489.66,-6467,-5977.34,,,,,
821,1830.6,4299.92,5243.29,522.54,264.6,-188.34,-3863.41,-31826.04,1698.3,22549.75,-6584.02,184.22,531.22,-6399.79,-5868.58,,,,,
831,1786.91,4090.42,5219.14,507.08,261.66,-215.32,-3841.77,-31751.08,1718.73,22735.28,-6779.32,187.58,511.06,-6591.75,-6080.68,,,,,
841,1761.41,4245.13,5190.59,515.84,273.09,-197.27,-3855.02,-31771.22,1702.82,22587.57,-6648.91,183.96,452.93,-6464.95,-6012.03,,,,,
851,1807.52,4195.11,5244.63,511.17,291.63,-217.9,-3869.38,-31786.53,1715.93,22674.41,-6677.44,182.69,566.6,-6494.75,-5928.15,,,,,
861,1790.97,4212.98,5225.7,509.33,286.09,-205.97,-3858.88,-31848.07,1735.6,22651.21,-6584.37,181.59,498.97,-6402.78,-5903.81,,,,,
871,1785.68,4182.57,5195.25,518.66,264.07,-239.13,-3915.37,-31841.82,1706.67,22679.91,-6620.93,183.21,336.49,-6437.72,-6101.23,,,,,
881,1798.8,4161.52,5176.8,505.57,271.53,-174.19,-3830.64,-31977.28,1718.82,22751.51,-6547.76,182.21,402.45,-6365.55,-5963.1,,,,,
891,1798.08,4253.18,5199.45,505.38,284.72,-201.43,-3890.47,-31723.56,1695.49,22585.76,-6660.88,180.25,506.61,-6480.63,-5974.02,,,,,
901,1842.27,4204.83,5230.12,513.27,286.48,-192.86,-3882.24,-31799.89,1697.2,22579.47,-6647.54,183.97,478.65,-6463.56,-5984.91,,,,,
911,1845.37,4148.7,5229.52,519.03,259.32,-204.42,-3859.76,-31794.3,1691.64,22594.16,-6611.99,181.3,429.25,-6430.69,-6001.44,,,,,
921,1793.97,4160,5212.78,502.66,267.2,-188.62,-3852.27,-31817.12,1731.57,22492.61,-6571.81,183.28,302.79,-6388.53,-6085.74,,,,,
931,1827.81,4291.68,5204.59,525.27,289.02,-185.25,-3869.62,-31840.65,1723.3,22531.28,-6505.54,183.39,497.45,-6322.14,-5824.69,,,,,
941,1821.78,4158.97,5291.76,518.71,282.4,-203.68,-3841.03,-31928.56,1744.51,22626.35,-6524.12,181.56,471.22,-6342.56,-5871.34,,,,,
951,1807.56,4204.36,5204.24,514.45,266.19,-191.77,-3833.77,-31957.16,1718.31,22521.92,-6454.69,181.04,254.33,-6273.66,-6019.33,,,,,
961,1818.6,4216.1,5252.27,506.11,278.97,-196.8,-3830.65,-31835.63,1738.17,22610.8,-6585.64,184.96,557.93,-6400.68,-5842.75,,,,,
971,1856.83,4161.8,5230.9,511.2,274.29,-180.36,-3831.56,-31747.62,1695.93,22565.99,-6664.44,185.52,537.4,-6478.92,-5941.52,,,,,
981,1806.82,4113.58,5264.46,492.89,282.45,-203.8,-3858.03,-31812.34,1719.35,22629.16,-6611.63,183.03,434.53,-6428.6,-5994.07,,,,,
991,1764.82,4166.36,5214.47,497.67,251.28,-193.08,-3867.6,-31819.35,1726.18,22660.66,-6603.56,183.1,401.4,-6420.46,-6019.06,,,,,
1001,1881.4,4211.83,5210.04,511.6,272.82,-172.22,-3875.09,-31904.34,1683.12,22601.26,-6556.09,180.06,420.42,-6376.03,-5955.61,,,,,
1011,1750.07,4156.38,5209.15,507.07,266.47,-196.08,-3840.39,-31939.99,1729.1,22647.27,-6478.65,177.63,289.06,-6301.01,-6011.96,,,,,
1021,1841.09,4246.81,5196.96,520.77,255.46,-211.9,-3873.92,-31954.29,1668.52,22639.56,-6509.72,183.04,329.05,-6326.68,-5997.63,,,,,
1031,1777.04,4200.43,5184.62,499.61,265.22,-183.63,-3837.63,-32004.43,1701.69,22765.05,-6573.6,182.73,367.97,-6390.87,-6022.9,,,,,
1041,1832.56,4190.58,5235.76,505.69,281.73,-184.82,-3907.81,-31923.32,1689.12,22601.63,-6472.53,181.14,321.14,-6291.39,-5970.25,,,,,
1051,1776.43,4209.42,5251.61,515.28,262.26,-197.3,-3922.74,-32118.51,1726.84,22716.87,-6352.66,180.97,220.18,-6171.68,-5951.5,,,,,
1061,1882.64,4190.84,5198.72,508.74,273.02,-190.01,-3844.73,-31963.02,1710.02,22670.41,-6460.37,183.27,436.62,-6277.1,-5840.48,,,,,
1071,1725.59,4242.02,5258.54,514.05,294.05,-193.68,-3898.29,-32120.98,1752.48,22737.46,-6348.14,183.33,311.24,-6164.81,-5853.57,,,,,
1081,1834.13,4151.15,5197.13,528.77,261.38,-191.71,-3885.33,-32100.65,1722.26,22716.2,-6383.59,180.48,233.32,-6203.11,-5969.79,,,,,
1091,1793.06,4109.99,5257.67,506.34,275.41,-175.77,-3885.8,-31878.25,1731.04,22655.91,-6548.34,180.6,389.6,-6367.75,-5978.15,,,,,
1101,1783.06,4139.68,5229.27,496.61,277.41,-189.84,-3860.14,-32132.82,1744.63,22833.44,-6445.47,180.77,321.3,-6264.7,-5943.4,,,,,
1111,1779.91,4158.51,5211.56,502.05,264.32,-179.53,-3864.06,-32015.95,1736.18,22634.6,-6368.91,178.93,227.57,-6189.98,-5962.41,,,,,
1121,1772.73,4145.18,5180.41,510.27,265.21,-194.14,-3855.23,-32092.12,1722.31,22789.76,-6430.01,184.5,244.38,-6245.51,-6001.14,,,,,
1131,1809.98,4223.98,5254,504.45,286.15,-182.96,-3887.66,-32117.34,1671.5,22671.36,-6396.63,180.79,233.47,-6215.84,-5982.37,,,,,
1141,1765.21,4195.72,5239,514.16,268.18,-204.01,-3857.72,-32142.16,1725.18,22753.22,-6372.99,181.05,256.77,-6191.93,-5935.16,,,,,
1151,1749.38,4192.08,5197.91,519.66,251.25,-194.81,-3853.18,-32183.82,1718.73,22788.51,-6394.29,181.19,185.72,-6213.1,-6027.38,,,,,
1161,1845.02,4255.49,5201.23,507.55,266.99,-186.1,-3899.99,-32177.2,1723.71,22694.19,-6281.79,180.31,230.88,-6101.48,-5870.6,,,,,
1171,1770.95,4265.61,5211.73,502.27,276.33,-183.16,-3830.25,-32107.1,1703.69,22679.23,-6374.35,181.58,289.3,-6192.77,-5903.47,,,,,
1181,1738.19,4173.17,5176.73,504.31,280.95,-190.95,-3859.33,-32182.86,1730.4,22728.76,-6322.59,180.6,99.39,-6141.99,-6042.59,,,,,
1191,1789.12,4203.58,5206.18,518.14,266.35,-201.16,-3937.43,-32160.5,1665.28,22653.79,-6337.53,181.92,3.36,-6155.61,-6152.24,,,,,
1201,1766.24,4196.65,5244.89,520.25,255.5,-186.82,-3847.53,-32252.09,1721.86,22710.76,-6293.01,178.17,129.7,-6114.83,-5985.14,,,,,
1211,1766.44,4211.84,5230.75,505.3,271.02,-168.33,-3919.99,-32157.77,1702.85,22727.56,-6389.49,178.54,169.67,-6210.95,-6041.29,,,,,
1221,1815.93,4133.22,5233.03,510.79,276.2,-187.44,-3890.85,-32157.56,1737.27,22711.72,-6338.37,179.02,182.31,-6159.36,-5977.04,,,,,
1231,1828.83,4240,5232.42,536.17,275.13,-201.28,-3846.5,-32044.82,1714.36,22773.72,-6517.17,179.77,508.03,-6337.4,-5829.37,,,,,
1241,1781.18,4162.18,5224.01,504.8,267.14,-176.72,-3892.09,-31949.53,1738.12,22636.69,-6477.62,180.43,295.78,-6297.19,-6001.42,,,,,
1251,1837.71,4194.32,5203.81,518.03,268.7,-171.56,-3846.97,-31943.25,1710.18,22583.65,-6526.39,180.03,354.61,-6346.36,-5991.76,,,,,
1261,1775.24,4191.29,5232.76,503.29,264.57,-192.49,-3879.01,-31902.39,1729.95,22709.45,-6547.06,181.77,432.67,-6365.28,-5932.61,,,,,
1271,1761.29,4277.55,5212.1,509.79,276.43,-202.11,-3918.21,-31865.55,1705.59,22693.47,-6629.68,182.54,450.33,-6447.14,-5996.81,,,,,
1281,1853.17,4229.01,5258.38,522.6,286.49,-196.09,-3887.91,-31911.29,1720,22622.36,-6501.51,179.7,496.73,-6321.81,-5825.08,,,,,
1291,1811.77,4239.87,5189.85,537.65,261.67,-168.21,-3914.88,-31824.22,1703.21,22460.08,-6511.69,181.86,296.78,-6329.82,-6033.04,,,,,
1301,1841.3,4159.69,5193.46,518.89,273.26,-178.51,-3864.86,-32021.95,1715.58,22624.44,-6391.49,182.16,261.3,-6209.33,-5948.03,,,,,
1311,1732.92,4187.42,5242.68,512.83,269.23,-203.97,-3797.47,-31840.64,1750.48,22631.35,-6579.56,182.75,484.82,-6396.81,-5911.99,,,,,
1321,1786.36,4171.69,5275.47,510.08,257.81,-181.21,-3893.35,-32025.77,1758.85,22697.15,-6434.08,177.38,357.07,-6256.7,-5899.62,,,,,
1331,1787.44,4294.52,5206.97,513.32,273.22,-195.1,-3872.92,-31847.83,1724.27,22629.15,-6549.35,181.92,513.05,-6367.43,-5854.38,,,,,
1341,1847.98,4159.86,5228.6,503.67,260.72,-201.24,-3862.42,-31848.67,1764.33,22662.49,-6553.4,183.74,515.33,-6369.66,-5854.33,,,,,
1351,1823.13,4143.07,5178.02,503.2,287.55,-211.49,-3858.62,-32029.17,1705.92,22643.8,-6382.47,179.52,185.42,-6202.95,-6017.53,,,,,
1361,1790.79,4202.06,5255.38,522.98,288.34,-193.25,-3826.39,-32081.17,1732.18,22596.45,-6309.44,177.25,287.37,-6132.2,-5844.83,,,,,
1371,1844.72,4261.91,5231.82,513.88,264.06,-177.85,-3896.73,-31971.33,1687.21,22564.62,-6406.67,178.59,322.31,-6228.08,-5905.77,,,,,
1381,1776.18,4140.56,5143.82,487.36,246.96,-201.92,-3871.13,-31919.8,1717.88,22580.14,-6424.71,178.94,100.04,-6245.78,-6145.73,,,,,
1391,1742.13,4117.88,5217.48,507.21,299.93,-205.03,-3882.37,-32006.57,1739.18,22704.94,-6422.79,180.49,234.78,-6242.3,-6007.52,,,,,
1401,1787.53,4167.94,5211.33,501.97,284.79,-172.22,-3869.26,-31817.1,1724.16,22555.65,-6565.88,179.31,374.79,-6386.57,-6011.78,,,,,
1411,1822.22,4158.23,5246.39,509.4,272.29,-168.81,-3850.89,-32083.75,1710.8,22677.82,-6425.8,179.12,293.69,-6246.68,-5952.99,,,,,
1421,1794.44,4132.7,5207.74,503.21,265.19,-176.95,-3844.57,-32003.39,1742.23,22650.92,-6493.51,188.11,271.51,-6305.41,-6033.9,,,,,
1431,1827.28,4234.42,5231.35,510.43,282.78,-202.48,-3834.71,-31850.39,1712.08,22697.09,-6631.48,184.01,607.85,-6447.47,-5839.62,,,,,
1441,1803.46,4308.51,5260.05,520.17,280.59,-196.05,-3851.76,-31686.03,1704.21,22541.64,-6650.88,183.62,684.81,-6467.25,-5782.45,,,,,
1451,1813.15,4271.78,5190.37,517.43,260.1,-192.61,-3858.76,-31660.75,1701.63,22574.96,-6702.08,182.75,617.31,-6519.33,-5902.02,,,,,
1461,1764.61,4156.93,5281.5,501.14,271.33,-193.93,-3912.94,-31723.66,1728.32,22610.8,-6649.84,184.1,484.1,-6465.74,-5981.65,,,,,
1471,1795.56,4160.17,5187.52,498.45,274.01,-155.76,-3827,-31868.31,1702.27,22592.32,-6514.02,177.98,359.23,-6336.04,-5976.81,,,,,
1481,1875.84,4141.78,5208.21,528.7,271.34,-164.55,-3834.49,-31799.62,1725.11,22595.69,-6608.49,181.65,548.01,-6426.83,-5878.82,,,,,
1491,1770.24,4115.79,5195.06,500.5,278.72,-180.95,-3850.3,-31782.71,1728.15,22662.82,-6615.11,182.52,437.32,-6432.59,-5995.27,,,,,
1501,1795.36,4190.38,5147.42,499.33,290.49,-166.72,-3851.32,-31950.98,1743.61,22604.33,-6492.68,182.23,301.91,-6310.45,-6008.54,,,,,
1511,1799.38,4229.18,5151.14,514.56,273.32,-192.39,-3819.04,-31963.29,1702.87,22695.64,-6556.66,186.46,391.39,-6370.21,-5978.82,,,,,
1521,1857.65,4233.34,5168.93,503.01,266.01,-186.65,-3865.32,-31875.26,1693.96,22672.06,-6570.36,179.59,467.74,-6390.76,-5923.02,,,,,
1531,1818.66,4269.89,5151.25,524.99,285.85,-156.97,-3887.27,-31788.65,1707.99,22641.27,-6640.52,179.39,567,-6461.14,-5894.13,,,,,
1541,1766.81,4215.89,5244.52,507.28,282.07,-189.5,-3804.72,-31684.77,1686.92,22633.26,-6735.9,189.85,657.77,-6546.05,-5888.28,,,,,
1551,1780.58,4102.69,5208.28,501.9,269.59,-175.62,-3858.16,-32103.1,1716.75,22854.97,-6516.73,184.54,297.9,-6332.19,-6034.29,,,,,
1561,1764.66,4172.58,5252.55,517.72,269.86,-180.01,-3844.24,-31829.95,1721.11,22629.46,-6607.92,183.81,473.74,-6424.12,-5950.37,,,,,
1571,1808.82,4216.63,5155.87,526.1,274.76,-177.97,-3793.85,-31744.25,1698,22624.61,-6751.04,184.92,588.7,-6566.13,-5977.42,,,,,
1581,1731.58,4215.4,5201.98,525.5,272.38,-177.69,-3814.22,-31866.29,1686.04,22704.98,-6677.98,187.28,479.67,-6490.7,-6011.03,,,,,
1591,1812.34,4166.88,5197.19,515.09,251.8,-175.11,-3830.04,-31931.53,1740.8,22716.97,-6585.86,182.37,464.37,-6403.49,-5939.12,,,,,
1601,1748.98,4122.46,5219.79,497.88,270.88,-175.04,-3827.32,-31944.16,1725.92,22754.36,-6569.92,183.86,393.76,-6386.06,-5992.3,,,,,
1611,1773.36,4180.1,5206.68,508.37,264.89,-158.5,-3842.38,-31973.98,1702.03,22762,-6595.49,185.56,422.57,-6409.93,-5987.36,,,,,
1621,1812.5,4248.12,5159.16,520.02,276.65,-204.83,-3856.46,-31872.38,1738.62,22731.89,-6669.04,188.93,553.29,-6480.11,-5926.82,,,,,
1631,1793.67,4144.35,5203.67,504.1,265.12,-163.08,-3857.69,-31734.1,1722.16,22685.61,-6712.87,190.17,563.81,-6522.7,-5958.89,,,,,
1641,1880.41,4188.78,5197.52,515.39,270.19,-171.6,-3849.99,-31889.11,1669,22683.44,-6574.28,187.48,494.03,-6386.8,-5892.77,,,,,
1651,1818.95,4216.18,5201.34,513.93,284.97,-182.2,-3851.72,-31797.01,1706.87,22648.92,-6649.81,185.76,560.24,-6464.05,-5903.81,,,,,
1661,1762.75,4176.58,5204.08,526.6,289.41,-190.96,-3935.75,-31872.99,1747.79,22805.44,-6585.01,181.85,512.94,-6403.16,-5890.22,,,,,
1671,1790.33,4171.2,5270.81,509.86,295.24,-215.49,-3910.92,-31894.67,1716.83,22677.25,-6536.14,182.22,410.46,-6353.93,-5943.47,,,,,
1681,1855.15,4176.48,5210.99,492.16,292.64,-179.66,-3839.84,-31824.13,1710.31,22575.82,-6576.85,183.96,469.94,-6392.89,-5922.95,,,,,
1691,1794,4148.48,5192.76,493.76,246.08,-195.57,-3862.99,-31754.99,1706.99,22665.53,-6686.65,183.37,434.05,-6503.28,-6069.23,,,,,
1701,1841.93,4180.86,5210.91,514.44,292.35,-175.74,-3845.09,-31912.5,1717.07,22684.82,-6559.71,180.99,509.04,-6378.73,-5869.68,,,,,
1711,1805.09,4195.44,5252.68,515.58,257.45,-196.72,-3891.01,-31789.48,1706.91,22608.78,-6593.99,181.19,464.71,-6412.81,-5948.1,,,,,
1721,1787.45,4245.62,5192.7,512.98,260.92,-166.45,-3860.85,-31716.38,1736.58,22712.02,-6743.04,179.46,704.59,-6563.58,-5858.99,,,,,
1731,1809.43,4155.65,5161.86,500.21,253.99,-196.02,-3883.38,-31705.39,1713.62,22743.73,-6745.63,183.97,553.7,-6561.66,-6007.97,,,,,
1741,1841.55,4190.64,5249.08,525.29,272.45,-186.16,-3894.06,-31840.05,1717.78,22676.09,-6599.33,178.71,552.63,-6420.62,-5867.99,,,,,
1751,1820.3,4119.03,5187.2,503.37,270.24,-189.17,-3885.07,-31840.31,1738.86,22737.02,-6621.69,183.89,461.47,-6437.8,-5976.32,,,,,
1761,1763.34,4198.35,5207.36,513.99,277.77,-183.24,-3879.57,-31748.5,1687.19,22616.83,-6624.58,181.6,453.52,-6442.99,-5989.47,,,,,
1771,1824.61,4134.09,5213.03,508.95,272.77,-197.33,-3875.22,-31821.43,1684.93,22707.61,-6640.68,184.8,451.99,-6455.88,-6003.88,,,,,
1781,1807.46,4187.01,5214.84,518.15,271.49,-160.9,-3866.9,-31867.92,1698.12,22709.75,-6581.78,180.35,511.11,-6401.44,-5890.33,,,,,
1791,1789.5,4137.26,5200.72,503.46,272.46,-193.05,-3890.69,-31741.97,1715.63,22680,-6663.84,182.19,473.31,-6481.65,-6008.34,,,,,
1801,1784.72,4201.7,5215.38,511.06,258.72,-182.57,-3908.94,-31872.77,1709.92,22753.65,-6609.24,179.25,470.87,-6429.99,-5959.12,,,,,
1811,1739.84,4191.92,5254.44,509.39,253.34,-210.93,-3912.98,-31798.69,1678.84,22713.42,-6645.55,183.89,418.6,-6461.65,-6043.05,,,,,
1821,1808.19,4226.97,5212.62,511.36,283.43,-190.66,-3862.68,-32000.6,1724.1,22684.9,-6495.91,180.17,397.62,-6315.74,-5918.12,,,,,
1831,1806.01,4187.66,5215.96,505.5,255.08,-193.9,-3871.57,-31789.92,1716.99,22672.61,-6610.39,181.86,504.43,-6428.53,-5924.1,,,,,
1841,1770.55,4112.81,5147.54,508.99,260.06,-192.53,-3879.3,-31853.75,1732.73,22701.08,-6611.41,180.41,308.19,-6431,-6122.81,,,,,
1851,1791.38,4080.14,5229.37,500.95,286.53,-175.15,-3886.72,-31934.54,1724.12,22678.16,-6509.89,180.41,294.25,-6329.48,-6035.23,,,,,
1861,1832.61,4186.58,5230.94,491.82,280.64,-198.64,-3853.28,-31844.36,1703.84,22695.79,-6648.08,180.22,525.93,-6467.86,-5941.93,,,,,
1871,1806.6,4169.65,5207.35,509.37,270.92,-172.67,-3901.04,-31627.22,1711.92,22662.28,-6789.23,180.48,637.16,-6608.75,-5971.58,,,,,
1881,1762.3,4186.92,5226.73,497.62,277.25,-162.66,-3910.29,-32004.7,1725.87,22732.09,-6488.64,178.83,331.13,-6309.81,-5978.67,,,,,
1891,1731.58,4110.35,5216.25,497.86,269.97,-164.91,-3846.1,-31866.2,1733.58,22785.01,-6676.37,180.23,467.4,-6496.14,-6028.74,,,,,
1901,1815.6,4227.93,5211.52,518.29,280.17,-165.18,-3880.9,-31711.85,1685.44,22629.83,-6680.31,182,610.84,-6498.31,-5887.46,,,,,
1911,1708.1,4229.11,5224.1,516.89,283.31,-189.21,-3891.76,-31812.31,1716.33,22704.09,-6607.51,181.28,488.65,-6426.22,-5937.58,,,,,
1921,1780.39,4124.44,5207.88,515.03,261.85,-195.74,-3892.41,-31901.05,1722.5,22767.32,-6631.68,179.01,390.2,-6452.67,-6062.47,,,,,
1931,1773.87,4220.62,5222.51,495.35,281.18,-179.74,-3893.12,-31722.29,1718.9,22616.62,-6684.63,179.16,533.9,-6505.48,-5971.58,,,,,
1941,1756.19,4213.45,5186.41,515.77,264.2,-191.11,-3898.36,-31787.92,1723.53,22736.35,-6623.25,175.78,518.51,-6447.47,-5928.96,,,,,
1951,1795.38,4209.02,5192.08,509.72,259.49,-199.86,-3890.68,-31754.91,1720.56,22690.71,-6667.61,182.79,531.51,-6484.82,-5953.3,,,,,
1961,1800.32,4215.21,5179.85,513.05,299.03,-189.37,-3928.06,-31862.55,1687.64,22691.89,-6593.85,178.15,407,-6415.7,-6008.69,,,,,
1971,1781.09,4251.83,5224.2,503.36,261.72,-211.78,-3842.54,-31659.78,1726.36,22632.2,-6759.31,179.69,666.66,-6579.62,-5912.96,,,,,
1981,1795.91,4084.78,5228.34,493.67,282,-184.17,-3895.83,-31942.94,1729.84,22787.1,-6565.72,179.34,378.68,-6386.38,-6007.7,,,,,
1991,1757.9,4193.64,5235.42,512.36,272.37,-213.02,-3841.02,-31764.87,1694.89,22630.99,-6691.45,182.72,478.66,-6508.73,-6030.07,,,,,
2001,1785.98,4189.21,5205.94,510.98,256.82,-183.01,-3899.18,-31708.09,1733.44,22720.52,-6787.98,180.05,612.62,-6607.92,-5995.3,,,,,
2011,1759.33,4161.91,5248.77,505.17,287.45,-201.31,-3922.31,-31707.36,1733.32,22712.6,-6705.87,183.56,577.57,-6522.31,-5944.74,,,,,
2021,1813.43,4184.91,5208.71,525.18,271.63,-205.37,-3913.19,-31872.61,1705.75,22636,-6516.41,182.04,354.44,-6334.38,-5979.93,,,,,
2031,1825.61,4222.08,5221.39,526.38,266.67,-190.35,-3888.56,-32103.64,1705.97,22780.48,-6457.22,181.52,366.02,-6275.69,-5909.68,,,,,
2041,1820.52,4146.62,5179.9,511.86,278.95,-189.85,-3866.97,-31905.64,1698.35,22698.53,-6541.25,185.02,372.27,-6356.23,-5983.96,,,,,
2051,1819.2,4134.1,5198.13,497.99,254.72,-182.78,-3834.44,-31805.63,1697.66,22627.84,-6602.73,185.57,406.79,-6417.16,-6010.37,,,,,
2061,1774.7,4194.18,5232.49,511.69,286.07,-203.22,-3866.94,-31750.8,1721.05,22633.58,-6699.89,186.39,532.8,-6513.5,-5980.7,,,,,
2071,1747.85,4254.47,5239.22,520.79,280.73,-185.5,-3836.89,-31718.05,1750.17,22500.17,-6592,180.94,552.96,-6411.07,-5858.11,,,,,
2081,1846.21,4223.16,5169.47,515.97,283.67,-184.7,-3855.2,-31719.87,1719.58,22579.55,-6681.05,182.16,577.84,-6498.89,-5921.05,,,,,
2091,1795.39,4142.22,5237.94,504.79,280.39,-168.83,-3875.14,-31646.96,1723.41,22667.67,-6735.11,188.03,660.89,-6547.09,-5886.2,,,,,
2101,1800.28,4178.2,5196.05,498.67,288.68,-163.26,-3821.18,-31840.31,1701.46,22681.23,-6620.86,182.82,519.82,-6438.04,-5918.22,,,,,
2111,1764.62,4313.91,5189.53,509.28,277.02,-170.69,-3905.72,-31671.8,1744.23,22668.51,-6678.19,183.88,718.88,-6494.31,-5775.43,,,,,
2121,1840.67,4142.89,5208.84,482.61,281.39,-174.25,-3913.76,-31595.92,1683.25,22633.31,-6767.82,183.87,589.02,-6583.95,-5994.93,,,,,
2131,1785.48,4198.76,5187.84,504.22,296.69,-182.06,-3907.97,-31705.27,1740.37,22596.32,-6639.79,179.95,514.38,-6459.84,-5945.46,,,,,
2141,1785.25,4294.8,5186.52,530.54,272.96,-196.93,-3884.35,-31836.96,1703.65,22729.88,-6653.11,179.14,585.36,-6473.96,-5888.61,,,,,
2151,1743.63,4211.4,5153.88,501.58,290.92,-164.15,-3887.78,-31925.48,1691.51,22628.74,-6434.68,177.51,244.26,-6257.17,-6012.91,,,,,
2161,1804.93,4210.93,5173.25,499.83,267.73,-172.58,-3831.97,-31842.33,1710.64,22546.85,-6529.34,183.26,367.29,-6346.08,-5978.79,,,,,
2171,1788.29,4221.99,5191,505.72,262.91,-190.53,-3844.19,-32059.88,1673.98,22693.15,-6408.71,177.96,242.45,-6230.75,-5988.3,,,,,
2181,1846.82,4189.76,5210.34,509.21,285.65,-182,-3877.09,-31812.35,1698.74,22543.64,-6562.17,180.25,412.7,-6381.91,-5969.21,,,,,
2191,1800.43,4175.29,5223.66,507.77,263.58,-208.62,-3923.57,-31932.16,1702.19,22662.69,-6458.87,176.22,271.26,-6282.65,-6011.39,,,,,
2201,1812,4196.39,5193.71,521.7,273.08,-186.38,-3861.09,-31985.94,1703.76,22729.17,-6456.22,182.3,396.38,-6273.92,-5877.55,,,,,
2211,1814.52,4176.92,5165.4,515.38,254.61,-182.13,-3880.17,-31751.3,1712.46,22592.57,-6553.04,182.66,418.26,-6370.38,-5952.13,,,,,
2221,1812.89,4113.32,5205.03,506.15,293.94,-173.22,-3874.83,-31797.54,1690.71,22585.8,-6540.44,183.79,362.24,-6356.65,-5994.41,,,,,
2231,1783.83,4217.13,5237.4,510.94,263.4,-221.43,-3861.67,-31930.98,1717.31,22645.04,-6463.06,180.02,360.96,-6283.03,-5922.07,,,,,
2241,1825.1,4171.46,5204.6,525.12,274.02,-177.11,-3846.76,-32000.51,1740.22,22728,-6435.34,177.9,444.14,-6257.43,-5813.3,,,,,
2251,1843.93,4234.81,5232.25,509.73,260.64,-183.45,-3882.22,-31720.83,1720.52,22498.87,-6536.51,180.28,514.25,-6356.23,-5841.99,,,,,
2261,1753.64,4115.73,5223.8,505.38,268.32,-202.52,-3866.66,-31791.82,1711.67,22631.01,-6572.03,183.76,348.55,-6388.27,-6039.72,,,,,
2271,1830.8,4217.89,5202.67,511.58,279.65,-179.44,-3902.12,-31786.24,1718.43,22565.48,-6499.3,182.15,458.7,-6317.15,-5858.44,,,,,
2281,1771.89,4230.59,5216.96,498.92,285.42,-210.94,-3893.51,-31817.4,1739.67,22590.72,-6466.46,180.65,412.32,-6285.81,-5873.49,,,,,
2291,1803.06,4225.81,5200.42,509.5,275.13,-206.33,-3844.48,-31836.73,1741.42,22561.88,-6497.03,180.43,429.67,-6316.6,-5886.92,,,,,
2301,1854.03,4242.94,5190.77,498.23,299.84,-176.25,-3882.31,-31825.96,1711.82,22608.36,-6537.13,179.84,521.46,-6357.29,-5835.83,,,,,
2311,1820.69,4209.75,5185.83,509.66,268,-209.64,-3863.95,-31602.08,1715.02,22498.03,-6646.77,186.67,531.31,-6460.1,-5928.79,,,,,
2321,1796.62,4231.57,5169.86,526.65,291.4,-193.74,-3883.41,-31888.9,1706.93,22580.17,-6467.66,182.58,337.16,-6285.08,-5947.92,,,,,
2331,1746.39,4190.96,5177.18,507.69,259.09,-183.17,-3844.95,-31951.84,1751.4,22521.53,-6368.97,180.72,174.29,-6188.24,-6013.95,,,,,
2341,1748.69,4194.45,5150.99,507.3,267.59,-183.86,-3854.22,-31888.81,1742.43,22582.46,-6439.33,182.59,267.02,-6256.74,-5989.72,,,,,
2351,1795.59,4096.61,5235.61,490.87,280.14,-157.61,-3850.99,-31772.13,1738.51,22580.54,-6499.92,183.27,437.15,-6316.64,-5879.5,,,,,
2361,1793.08,4291.08,5182.42,517.2,272.72,-162.41,-3887.53,-31792.95,1722.35,22457.88,-6443.07,183.28,393.86,-6259.79,-5865.93,,,,,
2371,1817.51,4207.21,5191.91,510.66,283.6,-185.23,-3818.56,-31555.36,1721.72,22428.64,-6684.95,186.87,602.08,-6498.07,-5895.99,,,,,
2381,1802.21,4204.79,5199.83,499,281.01,-209.62,-3859.06,-31942.47,1697.34,22644.59,-6441.76,184.52,317.63,-6257.24,-5939.62,,,,,
2391,1783.51,4162.61,5180.83,493.9,261.33,-202.33,-3868.78,-31730.5,1731.63,22574.17,-6576.98,182.86,386.38,-6394.11,-6007.73,,,,,
2401,1818.38,4166.62,5194.08,512.82,267.96,-183.48,-3869.83,-31801.54,1714.46,22553.55,-6548.98,182.96,373.03,-6366.02,-5992.99,,,,,
2411,1777.23,4290.85,5222.91,517.95,259.77,-189.2,-3842.51,-31676.41,1716.76,22607.4,-6701.87,183.87,684.75,-6518,-5833.25,,,,,
2421,1793.29,4171.19,5199.2,504.55,270.09,-178.78,-3817.46,-31771.07,1704.59,22579.88,-6604.66,185.61,455.47,-6419.06,-5963.58,,,,,
2431,1781.18,4132.71,5218.52,489.61,265.87,-165.72,-3889.02,-31875.46,1714.52,22666.36,-6506.06,182.85,338.57,-6323.21,-5984.65,,,,,
2441,1850.93,4103.16,5192.69,499.32,269.04,-208.03,-3827.41,-31838.91,1728.67,22645.31,-6537.96,185.46,414.76,-6352.5,-5937.74,,,,,
2451,1826.19,4180.98,5223.18,509.67,256.39,-195.18,-3840.75,-31835.4,1718.02,22634.61,-6552.02,185.79,477.71,-6366.23,-5888.51,,,,,
2461,1795.22,4130.95,5179.49,518.32,276.92,-164.64,-3903.68,-31695.81,1693.35,22691.64,-6671.06,182.34,521.75,-6488.72,-5966.98,,,,,
2471,1819.59,4126.6,5226.73,492.45,274.15,-165.44,-3895.85,-31837.8,1738.53,22686.04,-6586.74,180.24,465,-6406.5,-5941.5,,,,,
2481,1829.64,4078.16,5204.42,502.27,277.73,-171.95,-3884.51,-31710.89,1768.6,22685.63,-6691.28,184.01,579.1,-6507.27,-5928.17,,,,,
2491,1797.51,4221.7,5160.57,505.9,268.28,-178.76,-3873.35,-31420.04,1723.06,22636.92,-6953.1,188.44,841.79,-6764.66,-5922.87,,,,,
2501,1775.59,4256.03,5187.34,512.11,257.73,-178.49,-3858.5,-31585.03,1705.81,22601.3,-6775.74,182.23,673.89,-6593.51,-5919.62,,,,,
2511,1757.1,4203.54,5197.61,498.72,290.02,-205.77,-3888.69,-31474.55,1743.03,22564.09,-6837.1,182.83,685.1,-6654.27,-5969.17,,,,,
2521,1794.18,4137.72,5177.61,500.04,271.5,-155.72,-3871.24,-31820.63,1706.02,22658.7,-6602.42,185.02,398.19,-6417.4,-6019.21,,,,,
2531,1796.41,4219.42,5164.64,497.82,274.18,-169.97,-3851.11,-31715.75,1710.79,22658.33,-6755.17,188.27,584.76,-6566.91,-5982.15,,,,,
2541,1820.17,4212.18,5197.71,524.71,280.73,-188.6,-3874.94,-31742.76,1715.64,22661.97,-6676.62,187.86,606.81,-6488.76,-5881.95,,,,,
2551,1782.13,4132.95,5199.46,511.1,287.14,-158.37,-3881.06,-31883.79,1681.22,22634.53,-6528.15,183.81,305.31,-6344.34,-6039.03,,,,,
2561,1787.05,4219.82,5181.69,516.76,278.01,-188.65,-3848.91,-31795.58,1697.61,22605.07,-6578.89,181.28,452.86,-6397.61,-5944.74,,,,,
2571,1749.54,4192.56,5185.11,502.45,293.59,-148.33,-3868.14,-31830.66,1697.48,22671.81,-6575.23,183.51,445.41,-6391.72,-5946.31,,,,,
2581,1783.77,4177.49,5223.49,501.73,270.25,-159.83,-3818.49,-31719.31,1713.3,22645.06,-6722.98,188.54,617.45,-6534.44,-5916.99,,,,,
2591,1806.61,4126.94,5205.69,490.51,292.65,-193.87,-3845.64,-31788.02,1699.15,22627.94,-6660.97,183.91,421.94,-6477.06,-6055.11,,,,,
2601,1774.18,4133.32,5138.38,515.25,280.56,-162.16,-3866.22,-31947.5,1720.41,22728.89,-6527.58,183.94,315.12,-6343.64,-6028.52,,,,,
2611,1760.23,4207.79,5193.61,488.86,281.8,-192.71,-3874.52,-32082.78,1709.82,22664.47,-6392.09,183.92,156.58,-6208.17,-6051.59,,,,,
2621,1778.25,4140.61,5153.17,510.34,271.28,-192.05,-3859.19,-32096.2,1712.84,22756.99,-6399.55,184.63,176.04,-6214.91,-6038.87,,,,,
2631,1841.31,4176.05,5250.87,516.74,271.8,-182.19,-3906.53,-32081.7,1700.52,22766.98,-6426.52,180.8,353.84,-6245.71,-5891.88,,,,,
2641,1806.02,4182.05,5246.04,506.42,282.23,-224.83,-3886.12,-32041.93,1732.83,22705.82,-6372.66,181.75,308.52,-6190.91,-5882.4,,,,,
2651,1828.75,4125.46,5232.25,490.6,292.06,-194.84,-3843.3,-32096.51,1734.68,22699.79,-6361.13,182.86,268.95,-6178.27,-5909.32,,,,,
2661,1784.96,4146.92,5209.59,510.89,289.63,-212.02,-3909.77,-31957.15,1692.25,22657.7,-6448.74,180.44,213,-6268.3,-6055.29,,,,,
2671,1834.66,4192.27,5182.22,515.46,296.96,-185.62,-3879.36,-31876.17,1730.3,22666.25,-6512.93,183.46,476.96,-6329.47,-5852.51,,,,,
2681,1848.66,4136.3,5171.62,501.14,275.09,-183.68,-3847.61,-31963.8,1721.06,22727.15,-6483.05,183.49,385.93,-6299.56,-5913.63,,,,,
2691,1751.12,4098.12,5199.33,514.49,270.56,-173.46,-3874.28,-31938.8,1720.24,22759.12,-6512.42,181.39,326.44,-6331.02,-6004.59,,,,,
2701,1879.83,4191.51,5221.2,524.54,296.24,-194.06,-3867.18,-31662.3,1699.2,22624.61,-6707.82,184.45,713.59,-6523.37,-5809.78,,,,,
2711,1789.82,4150.55,5188.87,506.27,272.19,-153.26,-3879.19,-31657.91,1754.67,22531.52,-6672.63,183.13,503.52,-6489.5,-5985.97,,,,,
2721,1682.85,4148.4,5200.92,486.58,283.16,-190.02,-3858.41,-31794.91,1719.14,22679.48,-6638.51,186.16,357.17,-6452.35,-6095.18,,,,,
2731,1799.39,4206.46,5253.58,513.67,298.13,-197.57,-3875.84,-31723.29,1673.49,22602.07,-6667.72,187.54,550.08,-6480.17,-5930.09,,,,,
2741,1815.37,4190.55,5194.68,507.24,270.1,-181.62,-3855.25,-31959.04,1693.54,22697.41,-6523.99,182.56,372.99,-6341.44,-5968.44,,,,,
2751,1775.69,4195.87,5244.32,521.86,268.06,-177.01,-3850.59,-31846.2,1688.91,22724.85,-6623.25,188.84,545.75,-6434.41,-5888.66,,,,,
2761,1741.98,4180.55,5188.16,526.28,282.3,-185.05,-3875.44,-31710.21,1710.58,22819.89,-6750.53,187.35,679.05,-6563.18,-5884.13,,,,,
2771,1750.77,4179.92,5206.69,501.49,287.41,-177.47,-3928.23,-31801.81,1715.18,22694.23,-6626.65,181.97,428.18,-6444.68,-6016.5,,,,,
2781,1812.16,4192.02,5180.37,506.22,264.94,-193.07,-3865.08,-31808.06,1705.82,22736.74,-6689.8,184.69,532.06,-6505.11,-5973.05,,,,,
2791,1805.07,4154.32,5208.41,507.64,264.26,-181.9,-3877.18,-31746.63,1750.68,22859.28,-6788.51,185.63,743.96,-6602.89,-5858.93,,,,,
2801,1774.78,4227.08,5215.59,521.07,278.44,-212.97,-3856.04,-31921.62,1700.79,22758.47,-6632.3,186.96,485.59,-6445.33,-5959.74,,,,,
2811,1803.81,4147.61,5176.27,516.89,278.42,-188.91,-3785,-31855.98,1703.52,22764.09,-6664.78,190.4,560.73,-6474.39,-5913.65,,,,,
2821,1773.88,4110.06,5163.43,502.75,279.42,-167.48,-3858.91,-31887.36,1721.2,22804.68,-6624.49,186.97,441.67,-6437.52,-5995.84,,,,,
2831,1744.87,4159.36,5170.02,504.4,282.03,-176.15,-3857.01,-31990.4,1735.78,22766.7,-6528.11,182.3,339.59,-6345.81,-6006.22,,,,,
2841,1823.35,4100.09,5162.49,503.57,271.48,-191.54,-3853.42,-31812.54,1740.04,22850.57,-6739.67,186.36,594.09,-6553.31,-5959.22,,,,,
2851,1772.76,4170.8,5216.59,512.53,278.2,-174.64,-3874.51,-31813.94,1725.96,22777.29,-6616.37,185.9,591.03,-6430.47,-5839.44,,,,,
2861,1836.04,4151.14,5203.09,504.97,259.16,-182.21,-3885.66,-31786.94,1693.67,22762.79,-6698.13,187.07,556.06,-6511.05,-5955,,,,,
2871,1838.95,4148.38,5160.18,507.33,279.16,-169.52,-3941.82,-31804.14,1697,22846.96,-6644.65,182.97,562.48,-6461.69,-5899.2,,,,,
2881,1760.41,4129.26,5221.97,499.3,278.05,-184.68,-3855.53,-31797.09,1736.79,22697.16,-6623.35,186.32,485.64,-6437.03,-5951.39,,,,,
2891,1818.58,4165.33,5169.48,509.4,273.45,-130.2,-3891.65,-31667.46,1715.1,22589.17,-6683.22,181.8,551.19,-6501.41,-5950.22,,,,,
2901,1838.95,4215.94,5177.33,506.52,283.63,-168.35,-3855.3,-31754.9,1693.93,22774.03,-6740.06,184.96,711.78,-6555.11,-5843.32,,,,,
2911,1778.12,4141.84,5196.21,510.32,279.59,-154.81,-3865.39,-31827.92,1740.15,22839.12,-6722.29,186.82,637.24,-6535.47,-5898.23,,,,,
2921,1853.5,4139.28,5213.89,509.3,278.41,-200.94,-3872.68,-31847.67,1713.14,22770.64,-6660.22,183.9,556.87,-6476.32,-5919.46,,,,,
2931,1723.02,4161.93,5224.16,510.39,264.38,-198.52,-3876.53,-31896.45,1716.99,22789.19,-6651.82,181.84,418.57,-6469.98,-6051.41,,,,,
2941,1819.54,4055.02,5225.37,508.39,277.89,-215.92,-3857.65,-32061.67,1743.35,22918.2,-6550.34,182.36,412.52,-6367.98,-5955.46,,,,,
2951,1832.34,4167.33,5219.94,520.49,282.02,-188.47,-3899.35,-31946.76,1678.82,22805.62,-6596.56,187.43,471.98,-6409.13,-5937.15,,,,,
2961,1802.41,4194.46,5220.25,496.37,289.62,-210.22,-3879.67,-31854.78,1715.18,22714.33,-6580.31,182.84,487.96,-6397.47,-5909.51,,,,,
2971,1774.26,4210.56,5226.55,501.97,276.4,-201.16,-3805.5,-31776.74,1722.95,22701.15,-6710.45,186.85,630.44,-6523.6,-5893.16,,,,,
2981,1779.97,4212.63,5185.21,514.47,291.5,-210.21,-3832.21,-31880.65,1726.74,22823.52,-6675.38,186.66,610.97,-6488.72,-5877.75,,,,,
2991,1856.1,4171.03,5161.27,503.46,271.22,-198.28,-3849.48,-31599.45,1658.91,22651.42,-6795.61,188.68,626.2,-6606.93,-5980.73,,,,,
3001,1786.88,4135.65,5170.44,522.07,272.57,-157.74,-3883.95,-31730.32,1718.15,22816.56,-6791.16,183.99,650.32,-6607.17,-5956.85,,,,,
3011,1797.16,4148.1,5233.26,489.99,281.94,-208.12,-3868.98,-32010.61,1686.2,22797.98,-6546.09,185.46,346.92,-6360.63,-6013.71,,,,,
3021,1858.99,4127.58,5242.49,503.37,274.99,-179.75,-3881.32,-31919.3,1697.93,22740.1,-6573.86,183.24,465.08,-6390.62,-5925.53,,,,,
3031,1729.33,4177.6,5168.18,489.14,285.98,-208.71,-3812.17,-31957.91,1705.43,22739.03,-6570.35,186.58,315.91,-6383.77,-6067.86,,,,,
3041,1849.67,4180.78,5179.87,500.88,276.07,-183.14,-3849.18,-32109.27,1743.67,22766,-6451.05,184.76,355.35,-6266.29,-5910.94,,,,,
3051,1831.25,4113.08,5201.68,529.49,283.1,-192.38,-3827.13,-31906.88,1694.45,22728.86,-6576.71,185.79,455.52,-6390.91,-5935.4,,,,,
3061,1832.23,4143.2,5206.69,520.32,255.13,-197.73,-3883.11,-31931.52,1739.06,22752.46,-6549.62,182.72,436.73,-6366.9,-5930.17,,,,,
3071,1777.35,4270.46,5190.34,509.98,263.76,-175.57,-3833.84,-32012.99,1685.02,22671.77,-6451.44,182.59,346.28,-6268.85,-5922.58,,,,,
3081,1762.27,4197.31,5221.96,511.55,272.06,-193.35,-3861.93,-32080.59,1686.57,22643.91,-6384.12,185.29,159.75,-6198.83,-6039.08,,,,,
3091,1742.93,4164.13,5195.77,503.98,287.35,-199.24,-3849.13,-31940.04,1728.45,22672.67,-6523.43,184.77,306.88,-6338.66,-6031.78,,,,,
3101,1779.79,4122.75,5205.26,498.34,274.81,-208.95,-3891,-31795.11,1723.65,22773.79,-6674.36,184.27,483.33,-6490.09,-6006.76,,,,,
3111,1770.88,4267.59,5219.68,510.8,282.26,-182.87,-3911.27,-31917.21,1703.49,22735.82,-6530.39,180.47,479.17,-6349.92,-5870.75,,,,,
3121,1819.77,4129.43,5262.11,512.05,273.63,-197.17,-3864.39,-32109.28,1720.02,22775.99,-6427.93,181.07,322.15,-6246.86,-5924.71,,,,,
3131,1761.42,4150.64,5212.51,506.7,270.82,-184.19,-3887.69,-31901.18,1704.98,22762.56,-6551.51,184.8,396.57,-6366.71,-5970.14,,,,,
3141,1757.87,4090.83,5190.68,504.74,280.61,-215.7,-3884.73,-31914.01,1714.56,22814.21,-6627.83,183.06,339.06,-6444.76,-6105.71,,,,,
3151,1736.43,4134.95,5211.19,502.76,269.9,-167,-3905.73,-32019.78,1708.8,22817.06,-6539.56,185.44,288.58,-6354.11,-6065.53,,,,,
3161,1824.92,4127.67,5228.38,512.32,277.17,-183.3,-3862.23,-31878.89,1686.66,22758.16,-6653.64,187.93,490.86,-6465.71,-5974.85,,,,,
3171,1801.25,4240.29,5262.48,518.52,263.37,-174.08,-3865,-31898.39,1727.3,22622.29,-6534.99,186.74,498.04,-6348.25,-5850.21,,,,,
3181,1807.81,4116.69,5202.24,513.65,266.44,-182.32,-3875.59,-31777.61,1706.27,22664.57,-6647.47,187.13,442.14,-6460.34,-6018.2,,,,,
3191,1858.96,4087.83,5174.15,503.49,261.97,-181.83,-3884.24,-31775.6,1728.8,22746.4,-6687.57,185.7,519.93,-6501.87,-5981.94,,,,,
3201,1843.2,4215.6,5240.4,503.59,287.88,-189.01,-3868.54,-32010.72,1727.53,22750.5,-6486.25,183.1,500.45,-6303.15,-5802.7,,,,,
3211,1793.38,4188.18,5220.71,501.62,272.69,-221.32,-3830.61,-32044.38,1715.14,22742.47,-6511.06,184.94,337.88,-6326.12,-5988.24,,,,,
3221,1792.26,4182.4,5163.6,510.65,288.68,-178.9,-3892.51,-31934.32,1716.22,22736.63,-6541.27,182.23,384.71,-6359.04,-5974.33,,,,,
3231,1817.57,4203.45,5225.76,511.7,276.79,-181.3,-3893.7,-32068.43,1706.31,22767.83,-6468.92,182.43,365.98,-6286.49,-5920.51,,,,,
3241,1802.09,4124.74,5201.76,490.21,266.8,-216.08,-3860.86,-31830.93,1695.21,22730.3,-6620.2,186.77,403.23,-6433.43,-6030.2,,,,,
3251,1841.76,4174.94,5209.97,512.19,262.99,-186.61,-3853.09,-32144.59,1698.78,22799.17,-6433.95,189.16,315.51,-6244.79,-5929.27,,,,,
3261,1735.11,4098.2,5193.8,507.84,267.21,-179.73,-3865.61,-31978.82,1730.39,22796.78,-6564.11,184.94,305.17,-6379.17,-6074,,,,,
3271,1790.68,4200.09,5218.39,509.27,290.9,-215.03,-3874.51,-31962.21,1713.05,22756.91,-6560.35,185.1,427.54,-6375.25,-5947.71,,,,,
3281,1816.65,4179.54,5182.75,505.87,270.32,-185.34,-3847.95,-31928.63,1732.02,22576.17,-6499.91,185.68,301.39,-6314.23,-6012.83,,,,,
3291,1781.93,4158.67,5192.29,496.56,269.26,-153.89,-3892.16,-31782.82,1719.83,22714.84,-6655.89,186.84,504.5,-6469.05,-5964.55,,,,,
3301,1777.16,4120.2,5162.33,509.67,259.68,-207.74,-3839.63,-31917.89,1724.27,22818.6,-6633.05,183.22,406.63,-6449.83,-6043.2,,,,,
3311,1775.13,4190.82,5171.7,508.8,275.39,-187.17,-3853.6,-31883.69,1691.54,22681.21,-6595.41,185.17,370.14,-6410.24,-6040.1,,,,,
3321,1773.97,4175.02,5194.78,508.51,283.65,-171.12,-3836.27,-31825.27,1724.48,22712.55,-6656.02,187.25,540.3,-6468.77,-5928.47,,,,,
3331,1817.92,4223.33,5181.12,493.56,275.78,-199.43,-3851.75,-31798.89,1696.22,22678.21,-6689,186.7,516.08,-6502.3,-5986.22,,,,,
3341,1816.55,4127.27,5134.03,515.82,260.25,-166.32,-3897.46,-31742.85,1720.08,22777.34,-6726.3,185.92,544.7,-6540.39,-5995.68,,,,,
3351,1799.07,4151.27,5212.85,494.23,283.59,-209.96,-3847.01,-32030.24,1746.12,22736.09,-6508.62,183.07,336.01,-6325.55,-5989.55,,,,,
3361,1768.5,4158.88,5229.18,504.34,291.85,-191.42,-3939.24,-31888.78,1735.05,22707.12,-6528.97,180.3,375.48,-6348.66,-5973.19,,,,,
3371,1767.65,4167.67,5202.65,501.45,262.03,-176.48,-3872.12,-32016.63,1738.25,22705.49,-6470.82,182.83,279.96,-6287.99,-6008.03,,,,,
3381,1750.65,4105.35,5215.5,502.53,268.63,-215.11,-3848.39,-31893.56,1717.76,22689.38,-6583.3,184.77,292.74,-6398.53,-6105.79,,,,,
3391,1850.36,4245.12,5235.25,508.52,270.28,-204.29,-3884.62,-32029.82,1675.08,22679.08,-6443.23,180.53,344.94,-6262.7,-5917.76,,,,,
3401,1835.5,4182.61,5190.94,511.54,262.43,-237.34,-3871.43,-31981.45,1727,22702.46,-6462.45,183.39,322.25,-6279.06,-5956.81,,,,,
3411,1805.01,4218.25,5154,525.71,259.57,-190.17,-3905.06,-31901.96,1704.38,22631.51,-6494.72,185.64,301.23,-6309.08,-6007.85,,,,,
3421,1798.53,4120.75,5214.98,503.11,266.8,-197.45,-3847.82,-31975.33,1719.2,22609.14,-6469.31,185.7,211.9,-6283.6,-6071.71,,,,,
3431,1781.96,4154.96,5182.65,518.03,251.62,-206.65,-3915.85,-31898.57,1734.69,22690.13,-6542.79,183.46,292.96,-6359.32,-6066.36,,,,,
3441,1785.62,4148.18,5218.95,493.08,275.22,-207,-3888.47,-31832.57,1766.25,22719.12,-6648.9,182.53,478.39,-6466.37,-5987.98,,,,,
3451,1783.95,4149.49,5227.53,521.17,274.19,-181.56,-3931.99,-31863.22,1721.68,22669.76,-6587.37,183.1,370.99,-6404.27,-6033.28,,,,,
3461,1789.8,4106.17,5260.51,514.88,284.47,-207.07,-3849.07,-31878.38,1758.42,22701.24,-6598.11,189.25,480.97,-6408.86,-5927.9,,,,,
3471,1763.95,4122.9,5165.39,504.67,262.92,-208.1,-3863.09,-31956.1,1734.62,22804.11,-6559.19,188.06,331.27,-6371.13,-6039.86,,,,,
3481,1816.63,4140.08,5215,514.63,271.16,-206.72,-3897.44,-31826.76,1694.99,22842.38,-6671.7,185.8,563.95,-6485.9,-5921.95,,,,,
3491,1800.74,4141.89,5222.57,499.19,269.68,-210.67,-3838.9,-31916.62,1723.45,22690.77,-6579.8,184.66,382.1,-6395.13,-6013.03,,,,,
3501,1787.35,4039.09,5239.17,501.99,276.43,-195.16,-3844.97,-32019.96,1721.22,22873.91,-6594.23,185.67,379.08,-6408.56,-6029.48,,,,,
3511,1773.59,4216.95,5219.43,498.27,267.13,-220.48,-3886,-31876.42,1734.98,22823.39,-6667.33,185.95,550.84,-6481.38,-5930.54,,,,,
3521,1808.58,4113.42,5211.55,505.42,270.17,-207.65,-3878.17,-31699.12,1732.63,22703.48,-6755.03,185.42,560.3,-6569.62,-6009.32,,,,,
3531,1849.67,4183.77,5232.44,489.78,288.77,-212.63,-3890.35,-31861.28,1698.47,22677.49,-6616.87,187.65,456.15,-6429.21,-5973.07,,,,,
3541,1809.92,4154.6,5209.4,523.77,263.34,-189.29,-3846.02,-31770.85,1732.25,22676.86,-6665.94,190.27,563.98,-6475.66,-5911.69,,,,,
3551,1814.41,4166.37,5222.66,530.46,282.16,-198.68,-3903.19,-31691.99,1731.92,22643.94,-6747.6,188.53,598.07,-6559.07,-5961,,,,,
3561,1794.53,4235.33,5165.18,509.48,271.35,-205.7,-3846.08,-31788.26,1729.49,22677.9,-6672.12,185.79,543.22,-6486.33,-5943.11,,,,,
3571,1803.41,4222.89,5184.82,504.32,260.92,-205.78,-3920.15,-31884.48,1702.36,22771.55,-6630.98,185.66,439.86,-6445.31,-6005.45,,,,,
3581,1820.12,4194.66,5199.81,508.48,257.85,-185.44,-3870.12,-31845.81,1685.38,22706.9,-6644.85,185.91,471.82,-6458.93,-5987.11,,,,,
3591,1844.83,4162.98,5186.01,517.5,266.21,-186.46,-3907.25,-31800.25,1702.11,22696.6,-6668.95,185.31,482.28,-6483.64,-6001.36,,,,,
3601,1820.89,4104.91,5173.74,510.68,276.27,-197.56,-3891.89,-31827.24,1723.16,22774.7,-6690.51,187.09,467.65,-6503.42,-6035.76,,,,,
3611,1800.22,4094.99,5220.47,509.79,259.28,-167.55,-3871.57,-31881.51,1721.35,22769.24,-6637.76,184.79,454.71,-6452.96,-5998.25,,,,,
3621,1770.61,4084.8,5199.83,499.39,262.83,-217.25,-3851.25,-31915.14,1730.13,22824.78,-6675.96,186.39,388.72,-6489.57,-6100.84,,,,,
3631,1782.76,4154.26,5197.85,498.01,269.87,-186.66,-3889.01,-31889.65,1723.16,22838.37,-6652.6,183.15,498.95,-6469.45,-5970.5,,,,,
3641,1731.28,4101.14,5214.42,497.1,251.47,-172.53,-3876.78,-31925,1742.93,22747.03,-6585.5,184.29,311.04,-6401.21,-6090.16,,,,,
3651,1790.81,4185.21,5208.98,508.71,260.37,-196.45,-3839.93,-31869.05,1686.38,22747.16,-6631.49,184.69,482.19,-6446.8,-5964.61,,,,,
3661,1737.15,4183.61,5218.59,527.45,290.06,-193.65,-3878.89,-31729.79,1735.92,22732.1,-6710.71,185.24,622.56,-6525.47,-5902.91,,,,,
3671,1765.03,4250.85,5197.17,514.03,278.55,-203.34,-3836.87,-31826.02,1711.59,22716.26,-6669.34,187.69,567.25,-6481.64,-5914.39,,,,,
3681,1826.35,4040.73,5185.26,505.61,294.87,-194.24,-3819.1,-31851.42,1726.05,22800.81,-6634.45,188.54,514.93,-6445.9,-5930.97,,,,,
3691,1843.66,4200.56,5187.65,498.1,260.48,-225.43,-3819.42,-31946.81,1706.53,22662.3,-6497.09,188.88,367.63,-6308.21,-5940.58,,,,,
3701,1749.1,4200.67,5240.55,521.22,283.06,-215.64,-3892.72,-31740.08,1690.47,22656.3,-6684.9,185.85,492.93,-6499.05,-6006.12,,,,,
3711,1817.65,4157.49,5176.97,514.89,274.27,-185.29,-3870,-31776.27,1712.84,22718.51,-6707.49,188.76,541.07,-6518.73,-5977.66,,,,,
3721,1831.45,4176.22,5246.39,502.81,292.52,-202.15,-3812.47,-31696.84,1707.16,22689.74,-6762.96,190.76,734.83,-6572.2,-5837.37,,,,,
3731,1817.69,4067.21,5161.76,514.62,264.75,-194.43,-3820.66,-31781.66,1695.22,22762.68,-6743.04,192.69,487.18,-6550.35,-6063.16,,,,,
3741,1808.39,4118.56,5187.64,511.32,291.86,-224.72,-3858.72,-31770.44,1734.9,22769.12,-6759.04,190.43,567.92,-6568.61,-6000.69,,,,,
3751,1799.78,4152.39,5257.18,511.27,273.53,-194.82,-3886.91,-31752.87,1732.12,22710.75,-6676.09,185,602.42,-6491.09,-5888.68,,,,,
3761,1766.51,4146.29,5210.08,518.1,269.13,-201.78,-3858.87,-31756.33,1740.92,22731.33,-6696.85,188.56,565.38,-6508.3,-5942.92,,,,,
3771,1781.89,4207.51,5223.99,514.94,280.59,-211.9,-3871.16,-31750.06,1741.26,22727.92,-6726.21,186.75,644.99,-6539.46,-5894.47,,,,,
3781,1787.71,4117.05,5201.36,515.92,288.56,-220.55,-3843.08,-31995.81,1689.29,22716.96,-6519.08,187.17,257.4,-6331.92,-6074.51,,,,,
3791,1801.57,4204.25,5191.61,500.84,284.51,-200.6,-3835.4,-32003.27,1738.37,22780.98,-6549.81,187.68,462.86,-6362.13,-5899.27,,,,,
3801,1773.46,4199.74,5189.85,493.08,275.9,-193.61,-3882.89,-31722.12,1685.48,22539.62,-6629.33,190.09,358.52,-6439.24,-6080.72,,,,,
3811,1789.62,4155.47,5234.57,517.05,274.47,-184.17,-3859.74,-31731.96,1726.36,22629.72,-6688.12,186.82,551.39,-6501.3,-5949.91,,,,,
3821,1812.16,4219.93,5249.66,531.83,289.6,-195.07,-3847.68,-31865.24,1695.74,22614.68,-6554.08,188.19,505.61,-6365.88,-5860.28,,,,,
3831,1760.8,4162.33,5175.15,503.63,293.01,-184.06,-3912.24,-31960.48,1700.64,22696.21,-6464.8,187.19,235,-6277.62,-6042.62,,,,,
3841,1715.26,4170.77,5243.24,513.2,251.69,-172.4,-3834.6,-31922.96,1706.21,22688.09,-6533.2,189.01,358.52,-6344.19,-5985.66,,,,,
3851,1760.05,4229.65,5212.14,507.68,265.27,-193.43,-3880.23,-31666.51,1722.9,22641.36,-6722.57,186.61,598.87,-6535.97,-5937.09,,,,,
3861,1808.9,4214.22,5217.72,530.28,272.5,-205.08,-3828.38,-31756.56,1709.68,22700.98,-6678.11,189.22,664.28,-6488.89,-5824.61,,,,,
3871,1806.34,4143.06,5248.49,519.42,277.68,-204.9,-3865.26,-31821.62,1704.18,22723.51,-6662.86,186.92,530.9,-6475.94,-5945.04,,,,,
3881,1816.2,4078.53,5234.85,498.17,297.13,-208.98,-3876.55,-31663.88,1719.51,22656.44,-6731.93,186.87,551.42,-6545.06,-5993.64,,,,,
3891,1825.62,4263.16,5212.54,509.34,278.79,-188.39,-3854.05,-31820.58,1678.48,22661.16,-6603.52,186.39,566.07,-6417.13,-5851.07,,,,,
3901,1749.74,4210.67,5179.43,520.97,252.03,-185.14,-3865.41,-31655.16,1706.03,22594.14,-6713.25,188.55,507.31,-6524.7,-6017.39,,,,,
3911,1727.22,4185.39,5243.28,496.53,280.69,-200.46,-3844.95,-31784.55,1729.6,22596.98,-6604.67,184.32,429.72,-6420.35,-5990.63,,,,,
3921,1796.53,4062.19,5201.15,486.7,284.73,-172.87,-3876.55,-31789.48,1719.31,22661.95,-6629.45,189.38,373.66,-6440.07,-6066.42,,,,,
3931,1829.89,4208.11,5215.1,512.92,271.12,-213.28,-3871.39,-31777.08,1716.55,22709.32,-6670.23,185.72,601.25,-6484.52,-5883.27,,,,,
3941,1790.83,4157.02,5226.72,501.85,251.4,-214.78,-3875.14,-31525.27,1702.6,22592.33,-6797.86,184.91,607.55,-6612.95,-6005.4,,,,,
3951,1803.82,4154.49,5198.52,518.04,282.22,-206.31,-3805.96,-31721.38,1710.85,22636.27,-6714.28,189.88,570.56,-6524.4,-5953.84,,,,,
3961,1769.22,4202.93,5227.6,511.43,268.56,-191.28,-3846.16,-31557.35,1734.87,22512.52,-6763.67,188.63,632.34,-6575.03,-5942.7,,,,,
3971,1775.14,4150.31,5209.18,498.05,265.39,-181.37,-3843.71,-31576.83,1714.95,22600.56,-6844.59,192.15,611.68,-6652.44,-6040.75,,,,,
3981,1812.86,4148.29,5207.9,507.22,284.51,-168.44,-3886.94,-31727.53,1727.96,22655.52,-6670.54,186.98,561.36,-6483.56,-5922.2,,,,,
3991,1816.28,4144.88,5237.27,506.88,271.27,-199.58,-3889.41,-31714.53,1723.22,22595.43,-6635.64,187.09,491.71,-6448.55,-5956.84,,,,,
4001,1810.72,4269.23,5206.36,517.67,259.39,-191.96,-3897.24,-31709.21,1706.3,22682.56,-6685.57,187.06,653.82,-6498.51,-5844.69,,,,,
4011,1871.76,4097.06,5240.59,498.39,287.21,-201.45,-3895.79,-31447.07,1678.47,22644.92,-6902.33,190.26,774.1,-6712.07,-5937.98,,,,,
4021,1756.89,4127.8,5180.52,497.28,282.97,-184.26,-3845.06,-31636.27,1724.1,22599.66,-6719.19,188.91,503.62,-6530.28,-6026.67,,,,,
4031,1784,4198.15,5195.72,508.2,305.95,-215.73,-3812.14,-31783.75,1726.59,22733.93,-6711.87,189.11,640.93,-6522.76,-5881.84,,,,,
4041,1802.89,4041.72,5233.82,506.75,264.04,-216.28,-3842.54,-31573.66,1736.25,22647.33,-6836.74,186.17,600.33,-6650.56,-6050.24,,,,,
4051,1807.92,4126.67,5241.87,505.71,305.36,-231.56,-3845.62,-31668.22,1717.67,22658.84,-6751.5,189.19,618.64,-6562.32,-5943.68,,,,,
4061,1831.96,4132.72,5190.81,507.25,272.61,-216.44,-3828.74,-31881.72,1704.8,22683.45,-6592.47,188.23,396.7,-6404.23,-6007.54,,,,,
4071,1772.05,4186.7,5218.46,505.13,279.18,-219.93,-3926.04,-31726.5,1733.14,22686,-6647.15,184.92,508.19,-6462.23,-5954.04,,,,,
4081,1791.8,4165.41,5193.56,507.14,270.12,-220.05,-3878.24,-31682.78,1702.88,22664.81,-6765.62,186.99,514.65,-6578.63,-6063.99,,,,,
4091,1820.22,4155.76,5201.33,501.05,277.29,-196.3,-3863.75,-31836.45,1690.43,22647.38,-6607.43,185.88,396.96,-6421.54,-6024.59,,,,,
4101,1812.74,4125.92,5238.67,514.27,284.56,-210.62,-3880.99,-31893.09,1697.39,22707.93,-6571.24,185,396.77,-6386.25,-5989.47,,,,,
4111,1806.82,4226.63,5192.74,506.47,276.55,-222.16,-3855.34,-31977.46,1736.98,22774.14,-6561.25,184.5,465.35,-6376.74,-5911.4,,,,,
4121,1831.6,4183.9,5197.84,508.27,260.41,-179.66,-3866.97,-31865.06,1711.51,22684.64,-6603.21,184.18,466.49,-6419.03,-5952.55,,,,,
4131,1788.06,4137.53,5241.88,501.75,266.62,-184.28,-3881.98,-31886.78,1701.2,22710.31,-6596.54,182.68,394.32,-6413.86,-6019.54,,,,,
4141,1815.2,4162.49,5290.5,513.52,271.18,-201.38,-3827.22,-31927.02,1720.74,22646.38,-6542.15,188.07,464.38,-6354.08,-5889.7,,,,,
4151,1823.89,4107.5,5281.06,509.14,272.97,-197.27,-3854.8,-31755.25,1743.13,22716.7,-6698.85,187.26,647.08,-6511.59,-5864.5,,,,,
4161,1825.49,4184.4,5215.85,506.6,280.67,-174.79,-3871.66,-31721.01,1697.07,22617.62,-6636.59,189.78,560.26,-6446.81,-5886.55,,,,,
4171,1748.43,4146.48,5228.66,517.86,263.71,-198.83,-3871.67,-31928.4,1769.47,22710.01,-6516.36,181.46,385.72,-6334.9,-5949.19,,,,,
4181,1851.03,4209.1,5241.7,527.8,272.57,-195.43,-3880.58,-31696.85,1742.29,22640.69,-6684.41,187.57,712.3,-6496.84,-5784.54,,,,,
4191,1821.23,4160.42,5196.39,500.58,274.53,-167.96,-3819.06,-31691.29,1708.07,22655.01,-6739.85,187.4,637.92,-6552.45,-5914.54,,,,,
4201,1763.07,4074.22,5222.51,503.38,272.49,-164.43,-3821.03,-31896.82,1717.03,22759.36,-6624.72,188.14,429.79,-6436.58,-6006.79,,,,,
4211,1797.02,4192.17,5226.05,502.03,266.97,-181.46,-3908.83,-31731.8,1689.36,22622.04,-6629.56,187.21,473.54,-6442.35,-5968.81,,,,,
4221,1891.29,4124.81,5191.17,506.7,260.68,-208.3,-3851.55,-31835.67,1745.58,22671.17,-6623.05,184.66,495.87,-6438.39,-5942.52,,,,,
4231,1790.45,4136.37,5167.68,505.18,250.43,-208.93,-3838.57,-31880.91,1714.29,22771.23,-6627.58,187.91,407.23,-6439.67,-6032.44,,,,,
4241,1829.08,4161.73,5210.58,508.4,262.41,-206.63,-3850.95,-31816.61,1705.99,22730.05,-6626.95,186.99,534.05,-6439.97,-5905.91,,,,,
4251,1794.85,4120.32,5221.31,516.57,267.64,-182.79,-3883.61,-31624.15,1736.02,22692.25,-6806.92,189.35,658.42,-6617.58,-5959.16,,,,,
4261,1794.8,4231.71,5222.26,503.49,279.11,-175.33,-3892.77,-31793.77,1699.55,22713.8,-6679.57,189.9,582.85,-6489.67,-5906.82,,,,,
4271,1704.17,4123.15,5170.73,511.41,265.49,-173.62,-3830.99,-31797.7,1704.14,22784.42,-6699.74,190.14,461.21,-6509.6,-6048.38,,,,,
4281,1822.79,4116.96,5174.59,514.12,282.68,-182.17,-3880.74,-31624.91,1749.67,22703.75,-6826.88,190.74,676.74,-6636.14,-5959.39,,,,,
4291,1837.33,4244.63,5221.68,531.52,252.21,-183.83,-3839.96,-31618.42,1710.25,22717.48,-6836.14,188.36,872.89,-6647.79,-5774.9,,,,,
4301,1816.59,4203.68,5226.31,521.37,280.44,-188.64,-3851.33,-31828.38,1744.77,22616.1,-6576.17,183.81,540.91,-6392.36,-5851.44,,,,,
4311,1819.54,4075.37,5219.93,493.2,260.92,-184.83,-3845.22,-31676.7,1722.48,22726.74,-6750.39,185.63,611.43,-6564.76,-5953.33,,,,,
4321,1762.68,4154.24,5228.57,493.37,266.28,-233.89,-3815.19,-31624,1733.78,22740.28,-6905.92,192.98,706.11,-6712.94,-6006.83,,,,,
4331,1746.44,4149.63,5199.24,511.97,270.8,-198.99,-3868.24,-31690.61,1706.29,22646.01,-6719.85,188.65,472.53,-6531.2,-6058.67,,,,,
4341,1788.05,4234,5230.86,521.5,256.26,-207.61,-3890.32,-31785.5,1710.29,22701.57,-6666.76,187.16,559.1,-6479.59,-5920.49,,,,,
4351,1783.63,4114.89,5209.83,521.51,271.43,-189.13,-3899.52,-31765.2,1736.15,22770.1,-6704.48,189.08,553.7,-6515.4,-5961.7,,,,,
4361,1825.88,4120.6,5227.19,509.5,280.73,-223.92,-3821.8,-31841.58,1708.96,22691.58,-6599.97,189.84,477.13,-6410.13,-5933,,,,,
4371,1772.82,4192.04,5179.28,486.98,269.87,-194.73,-3837.48,-31789.88,1740.73,22679,-6628.42,187.17,498.62,-6441.26,-5942.64,,,,,
4381,1837.97,4175.32,5157.25,516.97,283.5,-194.5,-3855.18,-31790.3,1721.84,22579.91,-6612.45,189.28,432.79,-6423.17,-5990.38,,,,,
4391,1780.19,4182.85,5193.75,522.94,256.22,-221.05,-3828.49,-31926.08,1716.21,22746.1,-6545.07,187.06,422.63,-6358.01,-5935.38,,,,,
4401,1791,4227.62,5203.08,508.35,283.96,-211.03,-3842.16,-31969.3,1713.2,22780.47,-6583.89,187.42,485.2,-6396.47,-5911.27,,,,,
4411,1853.77,4065.49,5197.54,512.21,280.83,-186.1,-3827.17,-31998.99,1722.23,22656.22,-6466.19,184.54,276.03,-6281.65,-6005.63,,,,,
4421,1796.67,4099.61,5202.25,498.25,252.95,-184.57,-3827.55,-32118.16,1727.42,22793.67,-6457.51,188.63,240.55,-6268.88,-6028.33,,,,,
4431,1789.1,4198.88,5210.48,503.57,277.93,-200.61,-3879.94,-32143.04,1711.53,22766.62,-6380.98,185.84,234.52,-6195.13,-5960.61,,,,,
4441,1861.03,4164.9,5199.23,500.3,271.91,-202.53,-3906.62,-32031.96,1715.04,22706.72,-6457.3,186.04,278.02,-6271.26,-5993.24,,,,,
4451,1809.52,4111.12,5214.38,500,294.48,-196.13,-3829.66,-31985.67,1715.05,22757.78,-6546.96,183.5,390.86,-6363.46,-5972.6,,,,,
4461,1764.49,4104.28,5227.86,511.14,278.67,-181.87,-3824.08,-32031.04,1727.8,22799.97,-6529.72,185.77,377.22,-6343.95,-5966.73,,,,,
4471,1801.88,4179.63,5187.66,493.27,265.74,-191.61,-3852.58,-31972.63,1689.53,22742.27,-6518.57,187.28,343.17,-6331.29,-5988.11,,,,,
4481,1778.62,4030.24,5196.21,478.91,273.85,-183.78,-3871.08,-31742.16,1720.11,22728.13,-6652.72,188.04,409.04,-6464.69,-6055.64,,,,,
4491,1831.32,4135.58,5194.53,505.74,271.78,-178.17,-3885.04,-32036.85,1722.38,22680.68,-6414.52,185.24,241.95,-6229.28,-5987.32,,,,,
4501,1762.02,4116.58,5196.79,507.43,265.06,-205.05,-3847.79,-31999.35,1736.32,22801.84,-6558.46,188.38,333.85,-6370.07,-6036.22,,,,,
4511,1790.54,4166.55,5165.04,497.44,248.86,-182.38,-3814.42,-31950.41,1719.51,22688.99,-6540.1,190.05,329.72,-6350.05,-6020.32,,,,,
4521,1832.59,4152.59,5199.36,518.3,271.69,-175.91,-3858.52,-31857.96,1736.98,22673.37,-6561.88,185.79,492.5,-6376.09,-5883.6,,,,,
4531,1824.49,4224.37,5209.38,521.97,264.82,-215.01,-3863.74,-31865.04,1723.07,22760.18,-6635.5,185.82,584.49,-6449.68,-5865.19,,,,,
4541,1823.27,4122.76,5174.21,496.13,288.68,-215.91,-3828.56,-32037.01,1680.41,22640.75,-6415.84,186.82,144.72,-6229.03,-6084.3,,,,,
4551,1805.04,4104.97,5182.03,522.01,292.36,-191.76,-3855,-32078.54,1739.68,22736.34,-6395.06,181.31,257.14,-6213.75,-5956.61,,,,,
4561,1823.82,4212.83,5181.55,504.87,248.34,-185.03,-3861.01,-32084.53,1718.24,22744.57,-6422.16,183.68,303.66,-6238.48,-5934.83,,,,,
4571,1772.76,4206.96,5182.04,501.18,273.87,-184.28,-3883.46,-32049.49,1732.32,22653.07,-6384.03,183.94,204.98,-6200.09,-5995.11,,,,,
4581,1770.93,4156.72,5241.24,516.03,283.04,-201.26,-3888.4,-31848.13,1726.52,22799.27,-6615.82,188.11,555.96,-6427.71,-5871.75,,,,,
4591,1791.15,4170.62,5148.89,510.14,277.35,-201.42,-3843.26,-31987.82,1675.12,22708.5,-6489.4,188.93,249.27,-6300.47,-6051.2,,,,,
4601,1835.05,4136.1,5190.68,508.99,273.99,-217.65,-3785.8,-31897.92,1716.13,22691.05,-6581.96,189.33,450.62,-6392.63,-5942.01,,,,,
4611,1757.85,4151.41,5222.83,495.1,292.04,-199.13,-3841.43,-31882.14,1743.15,22667.77,-6539.56,183.91,407.44,-6355.65,-5948.21,,,,,
4621,1778.55,4137.72,5205.18,506.46,283.81,-221.23,-3815.53,-31878.7,1717.54,22738.65,-6551.25,183.4,452.45,-6367.85,-5915.4,,,,,
4631,1748.55,4133.05,5201.01,509.13,275.01,-202.65,-3893.21,-31833.48,1753.15,22673.94,-6530.3,181.36,364.49,-6348.94,-5984.45,,,,,
4641,1784.8,4090.08,5181.88,495.74,259.55,-200.45,-3893.58,-32140.9,1730.26,22815.74,-6355.3,182.42,123.11,-6172.87,-6049.76,,,,,
4651,1770.76,4136.52,5202.74,507.9,261.81,-189.91,-3873.42,-32045.65,1714.14,22728.12,-6409.07,181.65,213.03,-6227.42,-6014.39,,,,,
4661,1835.82,4121.68,5179.3,488.2,286.29,-235.5,-3868.64,-31907.36,1709.57,22764.13,-6551.77,181.91,373.5,-6369.85,-5996.36,,,,,
4671,1759,4132.66,5259.83,494.19,269.38,-200.54,-3907.05,-31834.51,1733.37,22733.75,-6611.35,182.67,440.09,-6428.68,-5988.6,,,,,
4681,1763.8,4157.15,5228.29,498.29,276.58,-192.08,-3922.52,-32022.38,1701.16,22692.76,-6355.58,178.7,181.05,-6176.87,-5995.82,,,,,
4691,1776.99,4188.17,5192.12,516.79,279.45,-208.52,-3883.68,-31725.01,1687.86,22575.7,-6559.43,180.22,399.86,-6379.21,-5979.35,,,,,
4701,1807.26,4166.27,5217.85,518.4,265.21,-217.95,-3872.85,-31988.24,1706.54,22691.91,-6418.5,182.76,294.41,-6235.75,-5941.34,,,,,
4711,1763.22,4138.46,5217.03,511.64,265.09,-217.61,-3898.89,-31926.38,1713.72,22655.55,-6415.57,179.9,221.83,-6235.67,-6013.83,,,,,
4721,1805.95,4232.11,5201.02,505.81,250.72,-199.54,-3917.59,-31973.47,1738.87,22641.66,-6429.43,181.71,285.53,-6247.72,-5962.2,,,,,
4731,1810.49,4115.38,5200.31,499.7,280.91,-198.88,-3848.69,-32039.28,1743.37,22769.16,-6449.4,184.46,332.48,-6264.94,-5932.46,,,,,
4741,1829.11,4167.24,5229.81,512.91,273.79,-191.17,-3862.75,-32011.84,1720.04,22786.49,-6459.75,183.64,453.62,-6276.11,-5822.49,,,,,
4751,1804.3,4112.47,5218.4,516.24,274.32,-203.46,-3876.68,-32035.92,1688.36,22623.79,-6376.51,181.92,121.82,-6194.58,-6072.77,,,,,
4761,1753.4,4226.36,5186.04,507.32,283.11,-198.76,-3847.43,-31957.6,1684.3,22586.59,-6429.12,183.45,223.34,-6245.67,-6022.33,,,,,
4771,1793.85,4208.93,5168.87,530.79,264.97,-192.12,-3849.48,-32021.53,1688.86,22712.81,-6424.16,184.48,305.95,-6239.68,-5933.73,,,,,
4781,1763.97,4175.66,5164.9,505.66,273.2,-191.81,-3847.52,-32031.47,1729.22,22647.77,-6395.09,182.3,189.58,-6212.8,-6023.22,,,,,
4791,1760.12,4062.67,5187.03,506.36,281.01,-183.87,-3859.48,-31907.29,1742.85,22637.94,-6463.85,182.16,227.34,-6281.69,-6054.36,,,,,
4801,1780.35,4167.93,5208.33,510.34,262.45,-184.57,-3889.94,-31752.95,1699.99,22650.91,-6635.76,183.62,452.86,-6452.14,-5999.29,,,,,
4811,1776.94,4117.36,5212.73,482.23,277.74,-210.34,-3906.94,-31910.93,1703.66,22679.9,-6485.65,182.26,222.34,-6303.38,-6081.04,,,,,
4821,1803.92,4048.4,5234.82,489.21,254.92,-214.83,-3877.58,-31975.2,1733.74,22817.79,-6517.88,182.86,315.19,-6335.02,-6019.83,,,,,
4831,1819.49,4121.4,5239.35,494.21,272.01,-221.49,-3883,-31979.72,1730.17,22672.4,-6462.79,184.38,264.82,-6278.41,-6013.59,,,,,
4841,1854.08,4153.85,5219.36,516.84,276.11,-204.82,-3922.19,-32001.7,1698.98,22777.8,-6458.59,183.6,368.32,-6274.99,-5906.67,,,,,
4851,1801.87,4050.11,5223.15,510.13,269.84,-183.57,-3910.8,-31879.77,1718.17,22790.61,-6565.78,181.56,389.74,-6384.22,-5994.47,,,,,
4861,1795.05,4121.91,5134.51,503.81,276.93,-190.44,-3878.71,-31912.15,1729.04,22635.34,-6507.67,181.84,215.29,-6325.83,-6110.54,,,,,
4871,1846.59,4052.59,5208.37,500.92,260.7,-178.72,-3900.54,-32015.46,1727.05,22762.9,-6468.03,181.92,264.41,-6286.12,-6021.71,,,,,
4881,1743.77,4104.13,5165.73,500.45,245.03,-146.74,-3877.91,-31881.46,1745.81,22900.71,-6670.88,185.54,499.53,-6485.33,-5985.81,,,,,
4891,1792.22,4125.73,5214.52,498.69,269.67,-204.91,-3949.83,-31819.96,1715.19,22690.21,-6578.11,180.17,331.54,-6397.94,-6066.4,,,,,
4901,1769.53,4244.72,5212.03,505.91,294.43,-202.14,-3933.91,-31756.3,1700.67,22635.33,-6557.32,179.69,470.27,-6377.63,-5907.36,,,,,
4911,1770.94,4119.61,5222.87,517.18,278.03,-182.83,-3891.3,-31788.36,1720.24,22630.61,-6576.16,184.09,396.99,-6392.07,-5995.08,,,,,
4921,1843.91,4201.35,5229.66,492.88,274.89,-213.24,-3884.4,-31841.38,1720.34,22615.66,-6553.61,187.97,439.66,-6365.64,-5925.98,,,,,
4931,1780.65,4232.67,5187.64,508.49,273.03,-188.7,-3869.8,-31942.76,1710.36,22664.11,-6447.88,185.17,355.69,-6262.71,-5907.02,,,,,
4941,1811.41,4131.99,5207.33,518.09,271.02,-223.72,-3839.82,-32092.86,1756.53,22724.22,-6365.12,183.55,264.19,-6181.57,-5917.38,,,,,
4951,1784.65,4153.19,5242.27,511.3,294.66,-202.73,-3922.19,-31848.22,1685.87,22627.91,-6493.76,181.87,326.73,-6311.89,-5985.15,,,,,
4961,1838.95,4148.14,5236.34,505.48,271.05,-175.59,-3875.11,-31956.18,1714.37,22660.66,-6507.3,186.19,368.11,-6321.11,-5952.99,,,,,
4971,1764.25,4194.81,5204.65,513.88,287.75,-205.13,-3877.43,-32018,1716.27,22712.84,-6420.45,179.7,293.89,-6240.75,-5946.86,,,,,
4981,1758.31,4203.1,5160.75,526.78,262.73,-189.72,-3861.72,-32002.42,1719.33,22707.84,-6513.39,185.75,284.98,-6327.65,-6042.67,,,,,
4991,1783.61,4105.81,5221.06,510.01,267.23,-198.3,-3905.7,-31772.66,1708.64,22760.09,-6638.04,185.58,479.78,-6452.46,-5972.68,,,,,
5001,1787.04,4220.41,5230.52,513.67,265.25,-233.43,-3861.49,-31832.35,1715.14,22762.82,-6630.92,184.8,567.57,-6446.12,-5878.55,,,,,
5011,1779.06,4048.16,5188.94,497.35,269.52,-182.01,-3883.58,-31870.53,1724.12,22723.93,-6541.6,181.95,294.95,-6359.65,-6064.7,,,,,
5021,1784.44,4178.37,5252.39,505.43,272.94,-187.41,-3901.64,-31838.43,1719.13,22687.76,-6580.46,182.45,472.99,-6398.01,-5925.02,,,,,
5031,1792.62,4160.93,5250.74,504.7,252.03,-158.66,-3910.39,-31910.07,1731.07,22633.49,-6472.42,176.69,346.46,-6295.74,-5949.28,,,,,
5041,1720.6,4183.23,5245.34,512.65,291.5,-212.35,-3911.46,-31876.71,1712.97,22879.88,-6674.5,181.49,545.64,-6493.01,-5947.37,,,,,
5051,1880.59,4090.65,5241.38,506.16,285.89,-194.6,-3903.6,-31817.25,1675.25,22695.14,-6606.45,187.8,459.61,-6418.64,-5959.03,,,,,
5061,1756.25,4099.01,5258.6,513.73,258.76,-198.3,-3872.23,-32087.82,1726.62,22731.17,-6421.03,178.78,185.79,-6242.24,-6056.45,,,,,
5071,1780.56,4109.19,5228.11,503.09,277.61,-190.84,-3830.85,-32139.03,1730.77,22803.01,-6403,182.8,271.63,-6220.2,-5948.57,,,,,
5081,1848.72,4196.68,5195.62,506.68,255.73,-223.6,-3894.91,-31891.78,1712.94,22665.65,-6505.79,179.87,371.73,-6325.92,-5954.19,,,,,
5091,1824.83,4277,5189.19,532.1,271.13,-205.54,-3944.61,-31994.64,1718.85,22777.33,-6439.92,175.58,445.63,-6264.34,-5818.71,,,,,
5101,1835.16,4095.05,5216.02,517.83,284.27,-199.75,-3886.69,-31981.71,1694.37,22742.47,-6526.7,182.98,317.02,-6343.72,-6026.71,,,,,
5111,1807.98,4251.65,5191.65,511.57,265.45,-199.28,-3870.4,-32170.52,1701.95,22781.45,-6340.6,182.71,271.49,-6157.89,-5886.41,,,,,
5121,1779.5,4217.9,5185.19,514.17,283.69,-194.69,-3881.5,-32042.97,1709.06,22721.53,-6401.49,183.36,291.89,-6218.13,-5926.24,,,,,
5131,1830,4088.2,5199.98,491.04,268.94,-199.18,-3861.25,-32106.53,1719.84,22801.05,-6444.39,183.6,232.09,-6260.79,-6028.7,,,,,
5141,1773.54,4147.17,5235.77,504.45,277.84,-203.59,-3932.06,-32148.67,1710.93,22835.55,-6386.56,180.33,200.94,-6206.23,-6005.29,,,,,
5151,1815.01,4128.33,5240.22,504.13,276.4,-211.54,-3949.39,-31971.16,1703.52,22783.62,-6507.2,180.61,319.15,-6326.58,-6007.43,,,,,
5161,1725.12,4182.72,5173.39,516.57,291.71,-190.69,-3899.84,-32182.61,1693.63,22763.8,-6349.96,179.06,73.81,-6170.91,-6097.1,,,,,
5171,1796.43,4206.49,5232.72,505.59,301.63,-184.98,-3927.5,-31891.87,1672.71,22751.14,-6614.66,182.86,462.36,-6431.8,-5969.45,,,,,
5181,1813.92,4081.03,5251.09,503.52,269.88,-185,-3879.56,-32119.35,1708.65,22788.36,-6436.55,181.41,232.55,-6255.14,-6022.59,,,,,
5191,1796.71,4072.31,5266.62,504.11,247.87,-196.96,-3874.31,-31980.32,1724.18,22742.39,-6497.17,182.58,302.59,-6314.59,-6012,,,,,
5201,1768.23,4063.62,5173.68,512.51,276.43,-202.09,-3870.85,-32041.01,1698.13,22807.01,-6507.39,183.33,185.67,-6324.06,-6138.39,,,,,
5211,1736.78,4159.28,5222.59,518.91,278.03,-171.89,-3928.98,-31829.78,1720.94,22768.63,-6561.74,181.28,474.52,-6380.46,-5905.94,,,,,
5221,1743.63,4162.08,5226.69,497.25,258.77,-197.7,-3840.06,-31969.19,1741.88,22806.74,-6556.65,183.28,430.1,-6373.37,-5943.28,,,,,
5231,1830.45,4125.99,5239.19,505.6,289.56,-171.6,-3883.63,-31805.79,1712.28,22734.04,-6636.27,183.8,576.1,-6452.46,-5876.36,,,,,
5241,1744.76,4204.72,5217.1,503.89,246.65,-204.42,-3897.09,-31849.4,1677.52,22716.8,-6609.07,183.64,360.53,-6425.43,-6064.9,,,,,
5251,1828.85,4142.85,5239.91,518.82,265.46,-206.43,-3882.29,-32097.25,1731.31,22770.01,-6448.31,183.62,311.24,-6264.69,-5953.45,,,,,
5261,1807.55,4104.44,5224.32,487.63,290.74,-193.45,-3862.87,-31992.21,1719.95,22859.13,-6595.95,186.39,445.24,-6409.55,-5964.32,,,,,
5271,1799.85,4153.05,5207.07,505.37,247.91,-203.19,-3888.12,-31943.28,1724.75,22640.25,-6489.17,181.85,243.67,-6307.32,-6063.65,,,,,
5281,1832.35,4170.66,5283.25,512.81,275.09,-227.57,-3947.56,-31876.14,1704.19,22762.29,-6558.23,178.55,489.38,-6379.68,-5890.3,,,,,
5291,1768.32,4144.05,5155.64,505.11,267.15,-185.19,-3877.17,-31838.34,1733.07,22823.41,-6662.5,182.76,496.03,-6479.74,-5983.71,,,,,
5301,1819.05,4187.28,5237.65,511.72,292.14,-187.17,-3881.67,-31919.63,1726.68,22650.24,-6530.75,183.9,436.28,-6346.86,-5910.57,,,,,
5311,1735.71,4227.53,5223.41,509.64,291.78,-175.62,-3891.25,-31755.25,1715.2,22743.15,-6689.3,185.36,624.3,-6503.94,-5879.65,,,,,
5321,1858.34,4084.3,5214.14,501.9,284.95,-193.39,-3860.15,-32086.25,1706.7,22828.3,-6468.46,184.68,338.82,-6283.77,-5944.96,,,,,
5331,1776.56,4077.43,5220.51,485.18,268.05,-199.45,-3901.24,-32098.03,1711.71,22744.06,-6364.01,181.79,84.79,-6182.22,-6097.44,,,,,
5341,1779.88,4168.09,5246.58,493.21,283.44,-187.64,-3904.67,-31974.01,1705.91,22633.56,-6408.73,181.57,244.34,-6227.16,-5982.81,,,,,
5351,1817.75,4117.22,5236.42,497.79,263.06,-224.6,-3916.04,-32074.74,1726,22675.17,-6359.05,178.63,118.01,-6180.41,-6062.4,,,,,
5361,1798.64,4189.91,5208.03,519.92,281.54,-189.47,-3910.39,-31900.39,1701.09,22640.3,-6447.12,180.61,339.2,-6266.51,-5927.31,,,,,
5371,1806.59,4035.67,5246.94,513.59,265.44,-209.51,-3894.85,-32046.76,1737.08,22821.73,-6457.99,180.99,275.92,-6277,-6001.08,,,,,
5381,1762.3,4085.11,5223.18,502.24,288.55,-197.6,-3881.88,-31814.71,1729.41,22606.88,-6542.66,185.14,303.48,-6357.52,-6054.04,,,,,
5391,1762.84,4193.86,5183.2,517.92,273.18,-187.44,-3902.02,-31925.44,1699.31,22613.97,-6450.26,184.66,229.39,-6265.6,-6036.21,,,,,
5401,1798.61,4229.45,5213.74,513.47,296.27,-201.26,-3901.14,-31872.34,1726.55,22593.97,-6499.9,183.25,397.33,-6316.64,-5919.31,,,,,
5411,1789.01,4117.77,5226.59,495.09,278.81,-208.29,-3908.98,-31838.22,1718.77,22608.69,-6541.39,185.3,279.24,-6356.1,-6076.85,,,,,
5421,1819.74,4184.51,5234.22,489.47,267.53,-196.49,-3867.61,-31896.08,1705.67,22578.96,-6435.57,183.07,319.93,-6252.51,-5932.58,,,,,
5431,1757.15,4202.79,5194.55,508.97,271.37,-181.4,-3904,-31839.84,1720.9,22646.78,-6493.36,182.95,377.28,-6310.41,-5933.14,,,,,
5441,1809.18,4184.7,5212.86,505.67,270.24,-205.57,-3885.28,-31926.68,1720.02,22601.82,-6456.82,184.82,286.96,-6271.99,-5985.04,,,,,
5451,1786.38,4183.53,5193.1,512.68,268.52,-184.63,-3882.29,-31917.1,1733.79,22666.5,-6501.02,182.95,360.47,-6318.07,-5957.6,,,,,
5461,1806.62,4213.8,5252.29,492.99,274.93,-213.07,-3891.56,-31874.71,1697.07,22644.83,-6539.63,183.28,403.19,-6356.36,-5953.17,,,,,
5471,1831.77,4100.67,5211.36,495.38,272.15,-194.9,-3897.18,-31998.22,1682.61,22716.86,-6460.54,181,220.51,-6279.53,-6059.02,,,,,
5481,1750.96,4029.95,5208.05,510.26,274.66,-166.43,-3912.2,-32210.51,1725.6,22857.59,-6355.55,182.96,67.92,-6172.58,-6104.67,,,,,
5491,1739.32,4159.78,5235.52,500.82,271.45,-175.41,-3861.4,-32085.21,1753.49,22681.09,-6350.72,182.72,219.46,-6168,-5948.54,,,,,
5501,1818.33,4183.26,5256.05,499.82,265.51,-215.57,-3848.82,-31954.04,1686.61,22689.28,-6526.94,185.07,380.43,-6341.87,-5961.45,,,,,
5511,1805.83,4183.16,5232.89,490.86,260.15,-211.77,-3906.53,-31959.26,1714.75,22781.55,-6544.09,181.42,391.63,-6362.67,-5971.03,,,,,
5521,1852.8,4193.47,5242.92,517.53,278.98,-191.15,-3919.17,-32128.79,1712.29,22789.92,-6396.41,177.13,348.8,-6219.28,-5870.49,,,,,
5531,1785.93,4196.93,5209.46,497.69,269.4,-187.35,-3918.25,-32142.19,1724.52,22806.46,-6349,178.53,242.59,-6170.47,-5927.88,,,,,
5541,1760.65,4076.75,5276.14,497.81,272.32,-210.83,-3836.26,-32262.63,1766.99,22918.12,-6387.51,182.1,259.04,-6205.41,-5946.37,,,,,
5551,1804.67,4173.2,5189.96,506.46,276.99,-171.65,-3888.88,-32099.69,1717.1,22770.7,-6447.53,185.54,278.84,-6261.99,-5983.15,,,,,
5561,1763.75,4155.98,5244.73,515.44,270.73,-185.19,-3863.02,-32052.94,1722.91,22705.26,-6462.15,182.61,277.65,-6279.54,-6001.89,,,,,
5571,1861.53,4154.47,5248.48,509.7,273.93,-185.16,-3881.53,-31878.52,1722.57,22711.74,-6615,185.49,537.22,-6429.51,-5892.29,,,,,
5581,1835.43,4252.98,5185.71,516.79,263.58,-216.19,-3866.11,-31934.92,1664.85,22592.04,-6426.17,183.15,294.16,-6243.02,-5948.86,,,,,
5591,1784.49,4174.19,5231.11,513.69,296.24,-215.73,-3896.17,-31980.86,1699.18,22683,-6484.17,181.07,289.15,-6303.1,-6013.95,,,,,
5601,1825.81,4122.24,5193.09,524,282.25,-182.64,-3874.55,-32032.9,1763.01,22781.49,-6530.45,181.79,401.8,-6348.66,-5946.86,,,,,
5611,1714.97,4183.68,5190.54,500.28,279.47,-206.17,-3872.05,-32093.82,1732.25,22775.31,-6442.16,182.39,204.47,-6259.77,-6055.3,,,,,
5621,1793.83,4131.17,5203.32,495.5,295.48,-212.62,-3846.52,-31973.98,1693.82,22772.74,-6502.3,182.75,352.75,-6319.55,-5966.81,,,,,
5631,1786.14,4185.28,5236.53,496.22,289.81,-241.13,-3872.76,-31932.66,1704.91,22688.14,-6522.98,185.21,340.48,-6337.77,-5997.29,,,,,
5641,1756.43,4249.55,5218.62,504.03,256.95,-202.16,-3876.56,-32167.18,1714.86,22718.75,-6337.94,184.37,173.3,-6153.57,-5980.27,,,,,
5651,1735.76,4105.66,5210.32,495.6,297.73,-198.13,-3912.32,-32221.27,1767.96,22873.74,-6415.84,181.42,155.06,-6234.43,-6079.37,,,,,
5661,1773.1,4142.01,5251.33,484.86,299.81,-197.28,-3868.68,-32254.44,1708.8,22872.05,-6395.08,182.16,211.56,-6212.91,-6001.35,,,,,
5671,1762.65,4159.78,5192.28,515.3,284.08,-196.27,-3861.31,-32187.98,1701.28,22841,-6448.32,181.64,210.82,-6266.67,-6055.85,,,,,
5681,1843.45,4136.79,5193.95,507.95,261.62,-206.44,-3870.59,-32120.34,1703.71,22822.75,-6485.72,183.81,272.86,-6301.92,-6029.06,,,,,
5691,1866.56,4145.8,5209.33,525.1,267.65,-213.87,-3879.43,-32189.38,1729.91,22864.3,-6446.32,182.49,325.98,-6263.83,-5937.85,,,,,
5701,1751.79,4170.04,5221.68,507.75,278.28,-228.36,-3864.98,-32057.83,1698.87,22783.18,-6490.45,183.11,260.42,-6307.34,-6046.92,,,,,
5711,1792.55,4164.39,5231.26,506.37,285.68,-198.25,-3901.02,-32099.16,1699.58,22843.58,-6454.73,180.86,324.99,-6273.87,-5948.88,,,,,
5721,1844.55,4203.49,5222.11,512.58,267.85,-213.47,-3864.39,-32053.43,1691.43,22756.17,-6477.25,184.43,366.89,-6292.81,-5925.92,,,,,
5731,1824.07,4187.25,5185.97,506.12,278.54,-198.96,-3862.41,-32069.22,1672.61,22719.13,-6429.86,185.18,243.1,-6244.68,-6001.58,,,,,
5741,1850.86,4153.64,5218.36,488.7,265.64,-191.15,-3897.66,-31999.56,1721.55,22759.19,-6499.64,182.99,369.55,-6316.65,-5947.1,,,,,
5751,1820.19,4095.48,5248.74,495.13,269.93,-204.37,-3858.5,-32103.16,1723.85,22882.29,-6476.62,185.57,369.58,-6291.06,-5921.48,,,,,
5761,1833.12,4108.42,5193.21,492.65,276.14,-194.58,-3895.96,-32035.75,1696.29,22757.24,-6425.67,181.6,230.77,-6244.07,-6013.3,,,,,
5771,1788.6,4221.47,5229.75,499.97,284.33,-196.49,-3904.71,-31969.53,1706.42,22723.29,-6513.02,185.13,383.09,-6327.89,-5944.79,,,,,
5781,1839.11,4169.72,5211.69,510.6,278.71,-207.52,-3899.5,-31885.25,1712.68,22704.28,-6557.14,184.86,434.53,-6372.28,-5937.75,,,,,
5791,1786.74,4142.91,5151.56,499.41,281.22,-172.97,-3828.24,-32006.29,1746.2,22795.43,-6571.26,188.91,395.96,-6382.35,-5986.39,,,,,
5801,1819.34,4131.43,5201.3,516.68,279.24,-177.95,-3851.17,-31954.39,1716.5,22675.44,-6509.08,184.96,356.42,-6324.12,-5967.7,,,,,
5811,1733.88,4160.66,5192.02,489.54,273.59,-208.24,-3832.91,-31967.63,1700.79,22677.98,-6435.96,184.3,219.68,-6251.67,-6031.98,,,,,
5821,1819.12,4183.62,5176.76,503.57,286.18,-151.8,-3897.23,-31742.02,1695.49,22603.99,-6542.25,187.98,477.68,-6354.27,-5876.59,,,,,
5831,1819.6,4176.86,5201.85,519.14,265.29,-198.92,-3838.43,-31859.36,1690.79,22699.97,-6532.5,189.24,476.78,-6343.26,-5866.48,,,,,
5841,1808.15,4203.85,5167.18,498.97,276.61,-195.23,-3850.89,-31876.8,1699.39,22626.04,-6483.28,186.03,357.28,-6297.25,-5939.96,,,,,
5851,1794.46,4097.98,5177.09,515.03,265.58,-179.39,-3871,-31904.77,1726.09,22768.09,-6575.86,188.97,389.14,-6386.89,-5997.75,,,,,
5861,1833.62,4213.45,5208.52,514.8,263.62,-168.44,-3863.45,-31776.82,1692.58,22612.53,-6533.24,186.87,530.4,-6346.37,-5815.97,,,,,
5871,1792.18,4134.37,5175.52,500.42,256.44,-196.63,-3871.05,-31823.59,1696.7,22684.86,-6596.12,186.07,349.21,-6410.05,-6060.84,,,,,
5881,1806.72,4192.81,5172.88,509.48,280.09,-179.96,-3879.28,-31883.41,1747.12,22517.21,-6413.17,182.59,283.65,-6230.58,-5946.93,,,,,
5891,1821.18,4175.27,5219.89,496.16,280.39,-195.22,-3894.66,-32016.28,1702.72,22582.21,-6324.44,183.74,171.67,-6140.7,-5969.04,,,,,
5901,1837.88,4147.77,5177.27,501.09,257.96,-203.2,-3860.67,-31935.92,1700.59,22730.14,-6512.1,187.28,352.9,-6324.82,-5971.92,,,,,
5911,1807.75,4149.18,5251.28,519.05,277.24,-176.35,-3890.03,-32110.43,1711.33,22682.42,-6377.63,180.68,221.44,-6196.95,-5975.51,,,,,
5921,1785.21,4181.17,5223.89,505.37,292.39,-212.68,-3894.96,-31817.21,1730.37,22610.93,-6577.13,186.88,404.47,-6390.25,-5985.77,,,,,
5931,1771.04,4009.65,5177.32,517.51,259.46,-171.48,-3883.3,-32015.57,1753.3,22794.95,-6490.69,187.19,212.89,-6303.5,-6090.62,,,,,
5941,1785.16,4166.36,5183.05,519.93,276.08,-165.1,-3919.74,-32040.03,1714.5,22752.45,-6432.06,182.12,272.66,-6249.94,-5977.28,,,,,
5951,1812.61,4196.28,5202.97,519.34,272.09,-167.04,-3897.95,-32020.73,1702.58,22598.52,-6371.74,183.1,218.67,-6188.64,-5969.97,,,,,
5961,1813.4,4147.46,5199.51,501.61,292.71,-204.47,-3888.54,-31922.42,1697.09,22761.18,-6537.81,185.44,397.54,-6352.37,-5954.83,,,,,
5971,1813,4158.15,5203.06,504.68,274.76,-189.28,-3860.85,-31743,1734.45,22651.14,-6664.17,184.83,546.11,-6479.33,-5933.23,,,,,
5981,1849.02,4213.4,5244.66,539.64,282.01,-210.88,-3896.25,-31930,1695.31,22655.86,-6494.9,183.68,442.76,-6311.22,-5868.46,,,,,
5991,1728.52,4299.72,5191.1,528.23,305.75,-203.84,-3921.57,-31931.9,1720.73,22632.16,-6455.63,181.83,348.91,-6273.8,-5924.88,,,,,
6001,1786.62,4169.23,5166.43,519.72,261.93,-179.91,-3842.06,-31774.06,1727.27,22598.74,-6607.06,187.58,433.92,-6419.48,-5985.56,,,,,
6011,1798.78,4128.29,5244.6,516.52,276.09,-180.42,-3899.65,-31914.5,1757.39,22591.41,-6430.37,183.03,318.51,-6247.34,-5928.83,,,,,
6021,1771.59,4150.51,5233.2,518.36,304.71,-198.14,-3887.43,-31735.23,1740.61,22643.04,-6589.05,183.95,541.22,-6405.1,-5863.88,,,,,
6031,1857.72,4157.51,5219.99,510.16,274.39,-166.67,-3844.93,-31888.11,1682.94,22541.83,-6449.32,188.24,344.83,-6261.09,-5916.26,,,,,
6041,1810.98,4090.43,5251.06,514.01,256.3,-183.93,-3861.63,-32003.1,1747.56,22679.84,-6438.13,184.71,301.51,-6253.42,-5951.91,,,,,
6051,1780.19,4084.45,5180.02,495.76,282.04,-187.74,-3847.95,-32013.19,1747.65,22789.24,-6481.16,182.35,310.47,-6298.82,-5988.34,,,,,
6061,1800.42,4211.79,5234.4,509.66,283.12,-220.85,-3891.2,-31888.15,1709.87,22564.08,-6458.34,178.99,313.14,-6279.34,-5966.21,,,,,
6071,1771.97,4115.77,5245.17,493.24,265.82,-215.05,-3889.12,-31727.66,1736.88,22590.77,-6579.09,182.29,387.79,-6396.8,-6009.01,,,,,
6081,1790.32,4198.16,5209.09,516.57,278.6,-186.19,-3869.12,-31853.83,1695.59,22582.64,-6486.83,183.3,361.83,-6303.52,-5941.7,,,,,
6091,1791.3,4235.36,5212.17,506.29,271.52,-204.57,-3888.21,-31711.18,1727.46,22659.09,-6673.25,187.48,599.23,-6485.77,-5886.54,,,,,
6101,1757.75,4155.56,5217.07,485.39,267.96,-192.17,-3930.15,-31749.72,1705.6,22575.59,-6589.26,188.32,292.88,-6400.95,-6108.07,,,,,
6111,1769.08,4155.16,5198.41,502.81,267.43,-156.01,-3890.83,-31751.65,1715.63,22598.82,-6577.06,183.71,408.86,-6393.35,-5984.49,,,,,
6121,1882.68,4112.41,5267.92,494.41,263.37,-216.14,-3889.47,-31681.16,1703.89,22648.74,-6674,184.35,586.66,-6489.65,-5902.99,,,,,
6131,1769.06,4090.88,5218.37,502.94,270.48,-203.77,-3881.53,-31836.46,1721.48,22608.3,-6508.35,184.89,259.75,-6323.46,-6063.71,,,,,
6141,1828.53,4156.4,5178.86,521.76,252.76,-181.76,-3885.72,-31858.8,1697.31,22695.85,-6577.6,183.96,405.18,-6393.64,-5988.46,,,,,
6151,1761.93,4151.33,5213.66,512.6,285.41,-220.12,-3910.38,-31846.71,1723.97,22676.55,-6557.76,185.79,348.23,-6371.96,-6023.73,,,,,
6161,1787.1,4121.63,5210.53,487.2,276.71,-200.21,-3904.19,-31935.88,1706.77,22688.56,-6497.18,183.11,238.24,-6314.07,-6075.83,,,,,
6171,1790.53,4230.65,5208.68,505.18,272.98,-203.36,-3944.47,-31843.41,1707.01,22623.68,-6481.9,181.22,347.46,-6300.68,-5953.22,,,,,
6181,1811.68,4162.37,5246.59,504.72,269.78,-216.66,-3896.84,-31643.48,1706.6,22504.91,-6650.84,187.28,449.68,-6463.57,-6013.89,,,,,
6191,1854.98,4219.43,5201.01,514.03,275.14,-213.77,-3892.01,-31774.51,1731.56,22682.79,-6656.28,186.04,598.65,-6470.24,-5871.59,,,,,
6201,1769.96,4186.09,5246.83,502.32,281.91,-200.26,-3891.39,-31798.85,1734.23,22622.47,-6545.71,185.22,453.33,-6360.49,-5907.16,,,,,
6211,1725.48,4218.66,5251.39,500.26,272.24,-211.79,-3942.17,-31695.76,1730.45,22677.64,-6674.43,183.04,526.4,-6491.4,-5964.99,,,,,
6221,1790.3,4128.73,5249.13,510.59,279.12,-190.91,-3906.95,-32029.95,1670.44,22626.94,-6384.89,179.64,127.42,-6205.25,-6077.82,,,,,
6231,1847.78,4207.02,5203.56,507.41,285.4,-215.86,-3923.78,-31913.89,1695.98,22617.59,-6416.87,178.27,311.22,-6238.61,-5927.39,,,,,
6241,1764.2,4166.17,5198.88,508.58,281.16,-200.84,-3897.3,-31858.53,1701.21,22567.14,-6509.31,185.56,230.65,-6323.75,-6093.1,,,,,
6251,1814.41,4107.9,5205.24,501.93,261.38,-202.16,-3877.42,-32006.04,1717.16,22686.49,-6393.59,182.18,208.9,-6211.41,-6002.52,,,,,
6261,1779.01,4174.15,5242.88,496.25,302.6,-170.49,-3913.9,-31764.84,1733.79,22625.94,-6592.62,185.39,505.4,-6407.24,-5901.84,,,,,
6271,1759.27,4163.32,5260.38,505.47,267.46,-208.56,-3950.54,-31879.99,1703.34,22631.92,-6463.95,180.07,252.06,-6283.89,-6031.83,,,,,
6281,1815.67,4101.01,5216.78,504.24,279.09,-178.59,-3885.06,-31911.33,1720.66,22583.59,-6428.28,184.11,246.06,-6244.17,-5998.11,,,,,
6291,1758.52,4119.21,5196.6,492.35,287.35,-202.96,-3873.19,-32093.08,1692.63,22617.19,-6322.84,180.18,-5.38,-6142.66,-6148.04,,,,,
6301,1834,4151.66,5252.05,500.57,279.69,-196.95,-3867.86,-31808.55,1702.97,22570.59,-6514.38,184.44,418.17,-6329.95,-5911.77,,,,,
6311,1721.76,4172.74,5187.01,518.7,262.02,-168.06,-3924.79,-31810.83,1752.49,22631.59,-6511.55,181.92,342.63,-6329.63,-5987,,,,,
6321,1825.8,4143.08,5174.78,501.18,266.43,-172.64,-3906.11,-31850.26,1718.82,22606.26,-6541.56,183.06,307.35,-6358.5,-6051.15,,,,,
6331,1777.5,4106.46,5191.93,502.97,272.68,-170.55,-3853.64,-31924.33,1708.58,22607.43,-6460.74,181.41,219.04,-6279.33,-6060.3,,,,,
6341,1783.61,4190.44,5171.93,483.72,272.64,-191.81,-3870.47,-31996.83,1708.96,22542.19,-6340.37,184.02,94.38,-6156.34,-6061.97,,,,,
6351,1825.43,4149.81,5230.52,527.13,268,-210.85,-3859.32,-32002.71,1699,22652.24,-6436.44,189.16,279.24,-6247.28,-5968.04,,,,,
6361,1775.76,4139.84,5187.74,505.63,243.79,-171.04,-3809.91,-32003.09,1741.26,22593.49,-6434.32,186.31,203.5,-6248.01,-6044.51,,,,,
6371,1820.47,4128.39,5255.84,508.03,272.87,-193.65,-3836.25,-32136.77,1708.11,22731.02,-6396.91,187.88,258.06,-6209.03,-5950.97,,,,,
6381,1850.71,4160.64,5183.83,508.25,277.22,-209.53,-3858.28,-31841.2,1728.18,22550.64,-6503.96,189.78,350.46,-6314.18,-5963.72,,,,,
6391,1829.8,4141.88,5184.51,514.44,268.5,-185.76,-3852.68,-31856.91,1695.81,22578.23,-6539.62,186.56,317.82,-6353.06,-6035.24,,,,,
6401,1890.99,4139.82,5214.12,499.55,286.64,-219.96,-3900.37,-31816.18,1722.66,22572.37,-6532.29,185.75,389.64,-6346.54,-5956.91,,,,,
6411,1820.99,4163.69,5210.81,502.4,254.37,-201.81,-3884.98,-31882.56,1719.54,22566.13,-6458.67,184.48,268.59,-6274.19,-6005.61,,,,,
6421,1823.38,4134.61,5245.33,510.96,267.67,-185.19,-3869.14,-31730.73,1721.62,22567.3,-6611.53,187.65,485.8,-6423.88,-5938.08,,,,,
6431,1783.54,4184.24,5234.75,526.18,279.06,-197.58,-3889.32,-31924.21,1705.01,22590.51,-6396.55,185.92,292.18,-6210.63,-5918.45,,,,,
6441,1840.4,4157.07,5221.24,508.71,276.79,-172.51,-3849.91,-31814.74,1736.12,22572.54,-6542.66,186.44,475.7,-6356.22,-5880.51,,,,,
6451,1784.38,4078.13,5230.83,485.49,311.12,-216.84,-3829.59,-31841.55,1759.55,22650.49,-6594.71,186.79,412.02,-6407.92,-5995.9,,,,,
6461,1803.67,4126.93,5211.3,507.65,281.24,-195.9,-3914.27,-31878.02,1738.38,22563.53,-6436.45,184.7,244.52,-6251.75,-6007.23,,,,,
6471,1814.87,4136.1,5231.42,515.42,274.47,-211.9,-3826.19,-31868.34,1708.48,22631.12,-6486.39,185.32,405.46,-6301.06,-5895.61,,,,,
6481,1736.49,4194.88,5162.3,506.45,260.77,-169.07,-3880.77,-31822.71,1701.93,22678.39,-6555.36,184.17,368.66,-6371.19,-6002.52,,,,,
6491,1780.53,4161.57,5223.89,509.6,285.4,-190.64,-3882.3,-31750.07,1720.22,22670.16,-6594.06,187.54,528.37,-6406.52,-5878.15,,,,,
6501,1760.68,4168.44,5182.69,513.49,291.62,-205.79,-3881.22,-31829.1,1706.47,22602.99,-6540.65,186.82,310.29,-6353.82,-6043.53,,,,,
6511,1783.73,4199.3,5259.79,506.53,272.55,-183.34,-3905.44,-31821.09,1736.28,22586.41,-6532.41,184.65,434.72,-6347.77,-5913.04,,,,,
6521,1854.17,4196.41,5198.43,517.08,275.61,-206.73,-3883.79,-31702.15,1680.35,22538.22,-6588.18,186.87,467.59,-6401.31,-5933.72,,,,,
6531,1806.12,4106.1,5194.06,523.55,266.04,-184.29,-3891.11,-31822.06,1730.8,22642.16,-6538.91,187.43,371.38,-6351.48,-5980.1,,,,,
6541,1865.36,4228.52,5210.15,529.91,271.04,-173.18,-3858.18,-31823.6,1690.95,22505.57,-6486.1,187.09,446.53,-6299,-5852.47,,,,,
6551,1761.06,4109.21,5193.83,507.53,279.4,-180.08,-3874.27,-31957.31,1702.96,22619.26,-6421.14,183.22,161.58,-6237.92,-6076.34,,,,,
6561,1747.28,4200.4,5195.39,510.62,271.03,-190.44,-3916.73,-31974.29,1725.38,22658.29,-6411.26,183.83,226.93,-6227.42,-6000.49,,,,,
6571,1840.35,4209.86,5159.39,511.59,283.04,-194.36,-3889.91,-31803.81,1677.84,22693.68,-6599.17,188.22,487.68,-6410.95,-5923.28,,,,,
6581,1827.52,4226.49,5190.85,506.68,258.31,-187.71,-3912.91,-31953.54,1693.25,22601.21,-6401.17,183.41,250.14,-6217.76,-5967.62,,,,,
6591,1755.44,4092.73,5212.89,502.64,262.25,-212.04,-3900.11,-31886.79,1732.18,22702.14,-6502.71,187.8,261.33,-6314.91,-6053.58,,,,,
6601,1779.33,4123.33,5149.03,506.86,287.09,-187.12,-3890.25,-31665.13,1732.4,22672.03,-6693,185.07,507.56,-6507.93,-6000.37,,,,,
6611,1789.04,4216.98,5115.51,525.3,263.31,-168.1,-3868.17,-32024.55,1709.9,22663.14,-6399.57,182.77,222.34,-6216.8,-5994.46,,,,,
6621,1737.66,4277.35,5157.68,512.15,270.91,-176.79,-3894.25,-32168.64,1749.84,22654.06,-6293.33,183.75,119.97,-6109.59,-5989.62,,,,,
6631,1792.19,4193.85,5174.41,503.87,285.24,-182.14,-3876.83,-31840.44,1713.48,22489.7,-6447,184.11,253.34,-6262.89,-6009.55,,,,,
6641,1760.24,4106.41,5167.92,515.07,284.86,-201.07,-3882.74,-32038.6,1734.98,22731.44,-6436.08,186.69,178.53,-6249.39,-6070.86,,,,,
6651,1811.95,4151.83,5206.35,503.9,254.66,-186.31,-3857.35,-31991.76,1721.83,22661.28,-6452.82,184.07,276.37,-6268.76,-5992.38,,,,,
6661,1767.37,4045.5,5176.51,505.42,261.7,-207.31,-3868.03,-31977.19,1727.9,22788.58,-6493.7,184.78,220.45,-6308.92,-6088.47,,,,,
6671,1760.45,4099.86,5240.02,508.81,270.41,-225.67,-3901.08,-31884.55,1710.97,22648.7,-6500.8,183.56,227.92,-6317.24,-6089.31,,,,,
6681,1801.09,4123.37,5178.02,500.17,268.4,-163.87,-3873.15,-31761.91,1721.69,22635.9,-6615.08,184.56,429.71,-6430.52,-6000.81,,,,,
6691,1811.76,4190.98,5164.74,503.56,271.95,-174.57,-3878.87,-31855.41,1719.35,22594.53,-6478.49,185.05,348,-6293.44,-5945.44,,,,,
6701,1828.11,4175.53,5224.28,514.01,269.22,-187.78,-3891.38,-31645.4,1701.7,22623,-6698.2,188.4,611.28,-6509.8,-5898.52,,,,,
6711,1796.82,4111.94,5230.54,507.69,280.22,-190.26,-3901.07,-31617.98,1704.3,22639.83,-6717.87,187.61,562.05,-6530.26,-5968.2,,,,,
6721,1759.58,4076.79,5195.71,496.81,291.53,-196.84,-3926.1,-31772.8,1731.67,22699.38,-6582.76,182.23,355.73,-6400.54,-6044.81,,,,,
6731,1810.37,4162.08,5181.52,502.89,274.98,-172.79,-3948.94,-31804.08,1704.51,22639.07,-6597.34,179.57,349.6,-6417.78,-6068.18,,,,,
6741,1837.84,4175.25,5157.99,493.2,280.78,-185.81,-3880.47,-31730.51,1741.2,22670.6,-6677.5,184.43,560.07,-6493.07,-5933,,,,,
6751,1814.89,4174.32,5232.42,511.17,247.01,-195.82,-3902.01,-31899,1726.71,22646.05,-6478.71,182.92,355.73,-6295.79,-5940.05,,,,,
6761,1825.14,4146.89,5201.59,517.81,278.86,-166.45,-3899.18,-31833.9,1695.89,22585.79,-6526.14,182.75,352.44,-6343.39,-5990.95,,,,,
6771,1827.8,4126.05,5197.54,498.1,287.9,-172.26,-3906.15,-31758.75,1670.77,22569.83,-6526,186.33,340.83,-6339.67,-5998.84,,,,,
6781,1825,4078.46,5176.58,521.04,278.57,-165.66,-3890.31,-31806.53,1716.58,22724.71,-6618.39,183.31,458.44,-6435.08,-5976.64,,,,,
6791,1797.6,4142.03,5167.7,508.21,287.52,-168.7,-3897.76,-31743.05,1763.28,22641.79,-6611.66,185.54,498.62,-6426.12,-5927.51,,,,,
6801,1756.42,4129.63,5241.71,497.24,266.61,-205.25,-3891.72,-31883.36,1726.05,22752.59,-6573.93,189.03,389.92,-6384.9,-5994.98,,,,,
6811,1754.98,4153.33,5178.8,497.6,259.14,-190.85,-3909.88,-31853.99,1726.41,22703.2,-6532.44,183.73,318.75,-6348.72,-6029.97,,,,,
6821,1757.68,4140.38,5188.35,494.26,271.74,-188.59,-3849.66,-31890.89,1704.41,22706.76,-6552.35,186.88,334.42,-6365.47,-6031.05,,,,,
6831,1816.16,4107.7,5197.42,499.35,271.5,-202.3,-3891.37,-31765,1719.22,22645,-6665.71,187.5,397.68,-6478.21,-6080.54,,,,,
6841,1789.57,4169.21,5154.49,503.32,273.98,-183.39,-3875.94,-31766.24,1691.7,22587.28,-6596.91,183.99,343.99,-6412.93,-6068.93,,,,,
6851,1788.04,4130.16,5200.11,498.95,258.81,-193.4,-3884.34,-31674.54,1736.56,22604.76,-6687.47,185.24,465.11,-6502.22,-6037.12,,,,,
6861,1768.41,4120.88,5204.18,496.26,294.35,-214.02,-3881.19,-31880.4,1749.9,22847.48,-6668.41,184.85,505.85,-6483.56,-5977.71,,,,,
6871,1830.31,4214.65,5234.15,509.19,284.95,-206.22,-3898.53,-31810.57,1745.79,22656.29,-6578.02,185.82,560.02,-6392.21,-5832.19,,,,,
6881,1760.99,4168.04,5219.86,505.69,278.05,-206.62,-3889.31,-31881.14,1743.76,22689.8,-6559.5,182.85,389.11,-6376.64,-5987.53,,,,,
6891,1758.71,4109.56,5221.14,497.28,289.48,-190.18,-3859.23,-32032,1718.87,22842.84,-6518.19,186.05,356.48,-6332.14,-5975.66,,,,,
6901,1823.37,4174.62,5185.83,502.17,262.49,-182.89,-3858.94,-31885.3,1713.35,22681.35,-6607.91,186.37,416.03,-6421.54,-6005.5,,,,,
6911,1800.23,4171.77,5212.04,505.57,289.93,-166.77,-3884.87,-31838.82,1686.24,22733.68,-6612.41,187.08,509.01,-6425.33,-5916.32,,,,,
6921,1798.91,4151.08,5198.78,511,262.91,-180.19,-3879.44,-31816.22,1699.64,22620.63,-6579.06,184.34,367.11,-6394.73,-6027.62,,,,,
6931,1840.07,4229.59,5212.75,508.67,288.89,-212.64,-3866.59,-31900.08,1702.94,22615.27,-6475,178.36,418.87,-6296.64,-5877.78,,,,,
6941,1798.63,4100.95,5213.69,497.61,257.32,-194.88,-3853.58,-32009.83,1751.33,22651.11,-6457.27,180.34,212.34,-6276.93,-6064.59,,,,,
6951,1793.2,4086.93,5201.16,513.81,281.38,-178.36,-3882.56,-31883.82,1733.71,22718.89,-6568.76,182.57,384.34,-6386.19,-6001.86,,,,,
6961,1741.96,4083.75,5236.52,497.01,262.19,-179.06,-3861.37,-31816.89,1730.6,22758.5,-6660.94,182.75,453.22,-6478.19,-6024.97,,,,,
6971,1765.82,4148.12,5211.96,509.34,273.07,-219.16,-3879.42,-31781.58,1729.92,22588.37,-6610.54,183.69,346.44,-6426.84,-6080.4,,,,,
6981,1729.78,4152.4,5190.39,505.26,275.01,-197.19,-3887.48,-31849.19,1748.58,22678.71,-6573.02,181.01,346.27,-6392.01,-6045.74,,,,,
6991,1814.93,4255.84,5208.45,518.08,266.17,-212.26,-3888.73,-31873,1698.91,22614.43,-6537.32,184.04,402.82,-6353.29,-5950.46,,,,,
7001,1806.79,4170.63,5223.99,524.15,278.57,-194.16,-3883.2,-31914.18,1689.38,22725.27,-6538.27,186.99,427.25,-6351.28,-5924.03,,,,,
7011,1749.34,4169.18,5215.05,511.1,284.04,-207.16,-3854.52,-31985.45,1750.15,22684.93,-6464.48,181.68,316.66,-6282.81,-5966.14,,,,,
7021,1789.29,4165.5,5203.22,499.33,257.34,-170.42,-3932.53,-31847.05,1743.48,22675.96,-6577.52,184.7,384.11,-6392.83,-6008.71,,,,,
7031,1768.87,4156.92,5217.61,508.9,258.95,-224.77,-3885.24,-31815.85,1724.53,22616.9,-6562.47,185.61,326.81,-6376.87,-6050.05,,,,,
7041,1833.3,4204.14,5171.61,503.1,264.44,-195.44,-3874.57,-31943.45,1691.78,22643.96,-6478.89,181.14,298.87,-6297.74,-5998.87,,,,,
7051,1826.64,4268.73,5191.53,506.21,270.56,-198.44,-3874.52,-31959.3,1700.19,22625.06,-6475.2,184.19,356.68,-6291.02,-5934.34,,,,,
7061,1749.53,4093.92,5238.61,510.85,280.35,-198.72,-3862.1,-32016.19,1738.36,22682.7,-6462.71,185.97,217.32,-6276.74,-6059.42,,,,,
7071,1733.9,4079.61,5209.08,511.9,247.61,-167.43,-3888.18,-31858.52,1742.85,22725.37,-6578.88,187.07,336.19,-6391.82,-6055.63,,,,,
7081,1841.19,4172.47,5212.69,518.68,288.35,-180.36,-3878.11,-31946.33,1688.05,22656.99,-6503.69,186.43,373.62,-6317.26,-5943.64,,,,,
7091,1828.86,4165.71,5245.98,499.87,275.01,-214.42,-3873.35,-31879.71,1704.02,22707.04,-6555.74,183.43,459.01,-6372.3,-5913.29,,,,,
7101,1798.77,4148.54,5201.61,511.05,279.26,-195.83,-3860.81,-31891.25,1701.63,22629.78,-6530.87,185.67,322.76,-6345.21,-6022.45,,,,,
7111,1784.35,4178,5225.1,509.23,267.06,-183.9,-3838.74,-31829.92,1745.65,22682.38,-6613.29,183.63,539.22,-6429.66,-5890.45,,,,,
7121,1748.6,4166.72,5215.84,516.79,272.85,-180.13,-3847.06,-31910.06,1729.29,22682.94,-6553.01,181.94,395.79,-6371.07,-5975.28,,,,,
7131,1811.87,4150.85,5166.98,510.7,263.55,-188.16,-3893.64,-32035.1,1695.75,22645.7,-6415.25,181.72,128.5,-6233.54,-6105.04,,,,,
7141,1792.9,4137.06,5197.8,503.13,260.43,-181.2,-3877.47,-31900.98,1687.15,22578.02,-6477.71,188.18,196.82,-6289.53,-6092.71,,,,,
7151,1778.44,4097.05,5233.37,505.43,273.77,-171.19,-3840.65,-31941.06,1738.95,22634.84,-6516.16,184.87,308.96,-6331.29,-6022.33,,,,,
7161,1766.84,4100.27,5196.39,495.08,267.49,-202.02,-3861.46,-32037.9,1728.17,22666.09,-6414.48,182.77,118.94,-6231.71,-6112.77,,,,,
7171,1805.94,4081.3,5206,510.59,272.15,-183.95,-3880.1,-31879.68,1726.82,22709.78,-6551.38,186.28,368.83,-6365.1,-5996.27,,,,,
7181,1770.97,4137.62,5144.73,505,261.05,-195.64,-3877.2,-31771.61,1722.62,22606.23,-6566.16,186.61,303.78,-6379.55,-6075.77,,,,,
7191,1771.24,4182.82,5158.53,519.22,270.53,-196.47,-3874.46,-31810.48,1715.47,22624.57,-6515.47,183.54,360.97,-6331.93,-5970.95,,,,,
7201,1787.4,4205.67,5200.78,518.44,278.31,-223.4,-3812.97,-31722.68,1742.74,22505.9,-6596.58,191.56,480.2,-6405.01,-5924.82,,,,,
7211,1777.51,4223.63,5181.7,510.8,270.74,-214.44,-3869.62,-31514.57,1694.8,22497.02,-6721.45,186.45,557.58,-6535.01,-5977.42,,,,,
7221,1776.58,4217.87,5200.37,513.47,268.75,-224.49,-3843.38,-31600.2,1703.9,22547.11,-6733.59,188.12,559.98,-6545.47,-5985.49,,,,,
7231,1780.67,4094.36,5151.38,497.67,260.26,-175.48,-3856.21,-31930.5,1732.22,22656.92,-6505.3,180.34,211.29,-6324.97,-6113.68,,,,,
7241,1769.21,4138.66,5234.31,497.7,266.65,-210.79,-3831.25,-31786.87,1704.43,22699.77,-6680.5,186.41,481.83,-6494.08,-6012.25,,,,,
7251,1779.36,4213.66,5195.92,515.76,267.97,-223.17,-3844.61,-31667.49,1724.44,22693.89,-6781.38,184.36,655.73,-6597.02,-5941.29,,,,,
7261,1833.21,4156.24,5169.12,510.38,273.58,-199.51,-3829.16,-31853.67,1723.66,22677.12,-6581.86,187.58,460.95,-6394.28,-5933.34,,,,,
7271,1811.77,4168.96,5293.03,517.36,282.06,-216.41,-3848.96,-31870.08,1711.53,22731.69,-6581.94,189.22,580.94,-6392.72,-5811.77,,,,,
7281,1770.38,4161.48,5216.68,494.43,282.88,-231.92,-3880.91,-31873.16,1727.69,22704.94,-6585.61,185.64,372.47,-6399.97,-6027.5,,,,,
7291,1820.71,4100.71,5171.03,483.4,249.55,-210,-3908.84,-31828.32,1734.3,22661.25,-6558.24,184.78,273.8,-6373.46,-6099.66,,,,,
7301,1877.13,4128.17,5181.84,501.73,266.22,-196.87,-3927.62,-32026,1687.8,22744.34,-6447.22,183.16,236.73,-6264.06,-6027.33,,,,,
7311,1766.7,4147.49,5202.94,507.33,270.05,-218.47,-3843.58,-32009.33,1707.1,22703.62,-6455.37,186.7,233.86,-6268.66,-6034.8,,,,,
7321,1813.58,4134.15,5163.71,500.61,281.31,-177.25,-3857.13,-31859.2,1734.14,22671.86,-6571.96,187.02,405.78,-6384.94,-5979.16,,,,,
7331,1794.89,4114.83,5232.12,497.55,263.2,-202.68,-3891.3,-31760.11,1729.9,22634.79,-6625.86,183.14,413.19,-6442.73,-6029.54,,,,,
7341,1792.04,4158.28,5216.34,519.46,295.11,-207.17,-3871,-31791.27,1726.79,22716.75,-6689.16,186.16,555.34,-6503,-5947.67,,,,,
7351,1801.73,4172.48,5231.68,507.11,266.46,-189.26,-3873.07,-31704.24,1736.73,22626.61,-6703.5,187.33,576.22,-6516.17,-5939.95,,,,,
7361,1748.31,4147.08,5217.45,498.2,274.37,-219.49,-3853.67,-31818.01,1752.97,22734.52,-6674.61,184.35,481.74,-6490.26,-6008.52,,,,,
7371,1816.87,4216.15,5287.41,522.3,264.79,-191.62,-3912.46,-31914.74,1701.68,22652.52,-6544.98,185.8,442.89,-6359.17,-5916.28,,,,,
7381,1814.38,4176.75,5224.14,508.14,266.42,-205.84,-3827.89,-32057.74,1731.35,22686.49,-6484.82,189.01,316.18,-6295.8,-5979.62,,,,,
7391,1767.78,4163.26,5239.32,488.89,269.43,-172.81,-3851.02,-31948.32,1732.46,22622.15,-6477.28,182.13,311.13,-6295.16,-5984.02,,,,,
7401,1807.35,4132.52,5228.49,507.14,287.65,-168.61,-3860.25,-31911.19,1730.23,22722.26,-6588.31,185.01,475.61,-6403.29,-5927.69,,,,,
7411,1742.49,4108.79,5220.89,502.2,254.08,-193.83,-3832.42,-31739.49,1737.24,22751.35,-6759,187.19,551.31,-6571.81,-6020.5,,,,,
7421,1787.93,4207.54,5170.59,509.9,254.48,-213.95,-3901.2,-32055.15,1757.97,22725.69,-6411,177.76,243.8,-6233.24,-5989.44,,,,,
7431,1830.75,4167.86,5208.65,494.17,282,-184.69,-3863.05,-31808.53,1710.21,22619.37,-6623.09,185.56,456.76,-6437.54,-5980.78,,,,,
7441,1851.97,4107.21,5242.56,506.97,273.09,-171.1,-3899.95,-31822.96,1709.21,22657.41,-6586.86,183.62,454.41,-6403.24,-5948.83,,,,,
7451,1804.98,4150.23,5221.14,516.25,273.42,-189.54,-3941.08,-31804.42,1730.65,22643.23,-6559.84,178.56,404.87,-6381.27,-5976.41,,,,,
7461,1791.95,4143.17,5230.57,515.33,276.15,-177.74,-3867.94,-31785.54,1723.82,22632.86,-6613.45,185.77,482.63,-6427.68,-5945.05,,,,,
7471,1751.94,4103.01,5279.18,492.13,283.09,-186.11,-3920.79,-31971.82,1706.46,22698.44,-6497.61,184.45,235.52,-6313.16,-6077.64,,,,,
7481,1841.1,4171.77,5205.46,505.99,263.13,-179.26,-3906.61,-31966.46,1703.98,22575.09,-6367.96,181.07,214.2,-6186.89,-5972.69,,,,,
7491,1803.55,4091.01,5253.37,490.92,271.21,-173.35,-3862.67,-32290,1710.65,22727.28,-6235.1,181.25,21.96,-6053.86,-6031.89,,,,,
7501,1785.25,4268.12,5228.77,494.46,302.4,-210.34,-3872.48,-32025.27,1724.5,22607.42,-6329.98,184.11,302.84,-6145.86,-5843.02,,,,,
7511,1828.06,4149.12,5198.68,513.97,285.33,-193.53,-3859.5,-32113.34,1730.68,22673.91,-6341.06,182.17,213.37,-6158.89,-5945.52,,,,,
7521,1814.37,4229.44,5210.59,505,264.38,-194.16,-3910.74,-31971.25,1681.56,22569.41,-6374.57,180.05,198.6,-6194.52,-5995.91,,,,,
7531,1790.9,4105.74,5178.49,500.05,283.7,-175.34,-3911.54,-32020.59,1706.58,22685.1,-6452.74,179.51,143.08,-6273.23,-6130.14,,,,,
7541,1755.74,4250.04,5219.96,507.06,259.09,-174.12,-3850.12,-32013.58,1738.59,22603.98,-6397.22,189.4,296.64,-6207.82,-5911.18,,,,,
7551,1800.25,4202.01,5233.79,495.68,288.24,-199.11,-3881.36,-32243.79,1717.72,22747.76,-6330.39,183.22,161.2,-6147.17,-5985.98,,,,,
7561,1731.52,4113.22,5223.15,498.16,286.04,-192.03,-3897.31,-32019.7,1755.23,22760.19,-6454.68,182.8,258.45,-6271.88,-6013.43,,,,,
7571,1805.53,4101.29,5235.6,491.95,258.46,-184.55,-3886.89,-31790.83,1696.75,22621.8,-6580.72,183.76,349.1,-6396.96,-6047.86,,,,,
7581,1779.57,4138.39,5219.3,500.45,274.75,-188.03,-3851.48,-31882.33,1737.97,22563.79,-6494.84,182.47,292.39,-6312.37,-6019.98,,,,,
7591,1776.47,4205.88,5192.14,521.08,263.86,-201.05,-3852.89,-31771.37,1717.58,22586.02,-6559.51,184.32,437.73,-6375.19,-5937.47,,,,,
7601,1858.81,4134.09,5222.79,500.67,287.09,-189.85,-3925.07,-31611.93,1693.24,22536.78,-6686.27,181.65,506.62,-6504.62,-5998,,,,,
7611,1818.72,4105.08,5212.14,493.87,256.52,-188.05,-3871.51,-31959.8,1723.78,22604.93,-6406.55,181.25,195.68,-6225.3,-6029.62,,,,,
7621,1762.6,4126.76,5241.14,492.31,293.31,-197.99,-3927.7,-31574.22,1720.15,22521.39,-6666.31,183.43,457.75,-6482.89,-6025.13,,,,,
7631,1829.64,4212.33,5226.25,525.67,275.96,-202.97,-3858.96,-31861.63,1749.81,22626.99,-6538.42,183.48,523.09,-6354.94,-5831.85,,,,,
7641,1763.05,4259.14,5231.93,501.67,286.32,-201.81,-3892.31,-31918.13,1736.88,22721.61,-6528.58,184.13,488.35,-6344.46,-5856.11,,,,,
7651,1779.06,4168.67,5212.76,510.82,255.07,-213.55,-3893.9,-31883.33,1720.65,22674.63,-6501.94,180.57,330.87,-6321.38,-5990.5,,,,,
7661,1812.17,4246.97,5189.95,526.71,273.96,-194,-3888.21,-31931.65,1675.71,22596.8,-6457.99,184.55,308.43,-6273.44,-5965.02,,,,,
7671,1790.61,4182.9,5211.84,519.69,281.48,-212.07,-3873.69,-31924,1715.94,22632.85,-6445.39,183.81,325.55,-6261.58,-5936.04,,,,,
7681,1825.3,4115.16,5246.25,501.08,282.81,-222.94,-3911.5,-31667.39,1723.07,22514.7,-6652.9,184.03,406.55,-6468.87,-6062.32,,,,,
7691,1769.14,4111.88,5220.74,519.06,259.14,-187.39,-3838.69,-31765.02,1729.25,22601.99,-6597.99,186.82,420.1,-6411.17,-5991.07,,,,,
7701,1796.14,4164.27,5209.97,504.46,261.78,-212.51,-3850.88,-31881.83,1709.8,22632.73,-6510.15,186.44,333.93,-6323.72,-5989.79,,,,,
7711,1842.38,4213.86,5239.53,500.01,274.49,-198.18,-3940.28,-31750.4,1697.62,22628.15,-6586.76,182.07,507.18,-6404.69,-5897.51,,,,,
7721,1799.23,4202.95,5251.69,494.29,267.26,-227.29,-3913.01,-31713.09,1721.54,22623.63,-6606.05,183.61,507.19,-6422.43,-5915.25,,,,,
7731,1763.95,4136.97,5180.48,496.03,272.49,-196.34,-3850.23,-32001.44,1743.88,22663.38,-6429.53,186,209.18,-6243.53,-6034.35,,,,,
7741,1837.65,4236.5,5206.22,512.95,271.48,-198.57,-3879.69,-31665.74,1721.34,22519.89,-6601.61,180.96,562.05,-6420.65,-5858.6,,,,,
7751,1793.83,4153.38,5249.25,492.07,279.31,-222.54,-3899.91,-31771.72,1676.78,22609.64,-6627.12,182.08,360.08,-6445.03,-6084.95,,,,,
7761,1813.9,4102.7,5237.94,503.45,283.14,-180.54,-3839.24,-31723.4,1730.47,22506.65,-6589.17,186.17,435.06,-6403,-5967.94,,,,,
7771,1776.88,4181.35,5184.53,523.42,279.08,-200.03,-3837.37,-31692.66,1718.8,22572.87,-6657.28,185.55,506.87,-6471.73,-5964.85,,,,,
7781,1743.55,4206.7,5203.68,500.07,274.47,-209.17,-3876.76,-31768.36,1739.36,22630.39,-6656.28,183.77,443.92,-6472.51,-6028.59,,,,,
7791,1781.34,4075.68,5234.22,504.66,291.07,-193.48,-3913.97,-31985.41,1728.17,22834.33,-6537.73,184.35,356.6,-6353.39,-5996.78,,,,,
7801,1786.73,4185.06,5221.48,502.86,295.82,-220.79,-3859.98,-31919.58,1712.2,22671.96,-6482.35,187.17,375.76,-6295.18,-5919.41,,,,,
7811,1738.35,4107.81,5211.4,482.34,277.16,-222.12,-3867.28,-32004.46,1728.94,22693.92,-6439.67,184.2,146.07,-6255.47,-6109.4,,,,,
7821,1784.3,4212.21,5190.47,506.82,281.93,-180.44,-3899.67,-31874.52,1719.16,22658.35,-6532.62,187.62,398.6,-6345.01,-5946.41,,,,,
7831,1799.27,4104.86,5197.76,506.61,265.55,-179,-3848.8,-31925.75,1705.46,22697.02,-6511.76,185.5,322.98,-6326.26,-6003.28,,,,,
7841,1810.5,4200.15,5171.78,509.92,272.85,-218.66,-3854.65,-31912.97,1698.62,22573.93,-6439.45,182.15,251.48,-6257.3,-6005.82,,,,,
7851,1837.49,4116.63,5149.57,513.28,268.99,-202.4,-3856.6,-31995.98,1719.32,22655.54,-6438.62,183.58,205.84,-6255.04,-6049.2,,,,,
7861,1780.57,4180.24,5229.85,506.6,276.02,-164.83,-3877.28,-32027.04,1729.61,22680.65,-6429.12,183.18,314.39,-6245.94,-5931.55,,,,,
7871,1772.99,4079.41,5165.39,508.12,273.62,-189.31,-3850.51,-32032.54,1704.29,22753.16,-6427.86,184.35,184.63,-6243.52,-6058.88,,,,,
7881,1806.81,4096.77,5248.02,506.39,266,-213.92,-3898.16,-32075.98,1707.44,22780.75,-6443.23,181.89,224.14,-6261.34,-6037.2,,,,,
7891,1729.61,4116.9,5201.74,504.9,287.56,-156,-3850.95,-32014.15,1730.64,22630.53,-6399.31,183.79,180.77,-6215.52,-6034.75,,,,,
7901,1766.53,4181.77,5226.08,501.5,255.23,-212.66,-3858.26,-32018.95,1735.04,22648.82,-6406.26,180.19,225.09,-6226.07,-6000.98,,,,,
7911,1796.7,4200.73,5231.34,524.89,287.85,-206.15,-3913.85,-31864.27,1729.74,22744.02,-6574.58,182.51,531.01,-6392.07,-5861.07,,,,,
7921,1817.44,4144.03,5191.95,527.8,293.38,-210.52,-3842.2,-32084.47,1718.75,22691.21,-6372.05,179.6,247.36,-6192.45,-5945.09,,,,,
7931,1804.64,4163.88,5225.66,501.56,277.08,-219.4,-3861.5,-31998.78,1726.33,22708.57,-6464.68,188.64,328.03,-6276.04,-5948.01,,,,,
7941,1840.92,4204.86,5253.24,505.75,292.29,-219.57,-3904.34,-32022.21,1689.4,22733.66,-6426.37,181.82,373.99,-6244.55,-5870.57,,,,,
7951,1816.73,4094.35,5191.63,496.79,258.34,-150.1,-3885.71,-32146.3,1686.15,22669.51,-6290.02,184.34,31.39,-6105.68,-6074.29,,,,,
7961,1827.25,4142.29,5188.96,515.52,271,-195.51,-3870.48,-31994.34,1716.39,22704.63,-6451.33,183.04,305.7,-6268.29,-5962.59,,,,,
7971,1738.47,4136.48,5187.26,484.45,281.37,-178.84,-3893.58,-32058.29,1747.97,22803.9,-6442.38,183.11,249.21,-6259.27,-6010.06,,,,,
7981,1789,4245.87,5192.52,533.05,283.78,-180.87,-3880.31,-31923.24,1721.11,22629.9,-6535.3,184.24,410.81,-6351.07,-5940.26,,,,,
7991,1791,4122.42,5223.03,506.11,291.45,-169.55,-3833.51,-31818.45,1717.32,22622.44,-6650.61,184.78,452.26,-6465.83,-6013.57,,,,,
8001,1856.94,4145.67,5210.87,497.27,291,-219.72,-3864.62,-31930,1689.07,22678.44,-6563.88,188.16,354.92,-6375.71,-6020.79,,,,,
8011,1787.14,4125.33,5209.22,499.88,289.62,-183.66,-3877.92,-31994.73,1731.3,22779.55,-6469.69,183.73,365.73,-6285.96,-5920.23,,,,,
8021,1865.88,4144.08,5171.96,509.6,273.46,-162.42,-3866.91,-31972.69,1714.01,22695.74,-6478.83,186.42,372.72,-6292.4,-5919.68,,,,,
8031,1787.73,4161.09,5179.72,519.43,262.04,-201.38,-3808.02,-32089.29,1725.76,22673.49,-6367.15,183.65,210.56,-6183.5,-5972.94,,,,,
8041,1787.28,4198.61,5235.79,491.65,264.71,-194.96,-3874.36,-31792.1,1742.75,22698.46,-6637.16,187.58,557.82,-6449.59,-5891.76,,,,,
8051,1813.26,4177.8,5217.4,500.6,272.57,-190.99,-3874.19,-31930.27,1705.25,22611.81,-6481.1,186.27,303.24,-6294.83,-5991.59,,,,,
8061,1765.31,4161.07,5216.19,496.56,274.16,-186.43,-3893.22,-31931.44,1689.12,22684.6,-6500.48,189.17,275.9,-6311.3,-6035.4,,,,,
8071,1774.5,4191.06,5200.89,501.42,301.74,-178.14,-3934.06,-31892.54,1713.36,22676.96,-6505.03,183.49,355.18,-6321.54,-5966.37,,,,,
8081,1791.45,4047.11,5212.43,508.48,269.25,-168.91,-3845.35,-31948.18,1707.63,22839.44,-6552.94,186.04,413.35,-6366.91,-5953.56,,,,,
8091,1811.81,4141.72,5249.77,500.94,278.59,-169.31,-3880.12,-31959.42,1703.68,22649.48,-6464.42,184,327.14,-6280.42,-5953.28,,,,,
8101,1816.72,4262.49,5190.6,524.02,259.03,-196.29,-3819.49,-32009.45,1691.99,22618.93,-6433.76,187.35,338.55,-6246.41,-5907.86,,,,,
8111,1850.9,4068.5,5244.24,503.37,303.98,-210.02,-3855.75,-31936.73,1711.87,22664.22,-6519.23,185.59,344.57,-6333.63,-5989.06,,,,,
8121,1767.26,4123.46,5181.32,501.65,289.28,-216.51,-3879.72,-31905.12,1728.83,22687.17,-6550.71,186.39,277.6,-6364.31,-6086.71,,,,,
8131,1795.11,4191.25,5216.54,511.89,287.56,-202.4,-3881.65,-31797.01,1699.64,22604.65,-6567.95,187.1,425.6,-6380.86,-5955.26,,,,,
8141,1832.65,4206.08,5176.76,512.56,276.18,-177.24,-3877.27,-31819.29,1689,22618.79,-6584.68,188.55,438.22,-6396.13,-5957.92,,,,,
8151,1812,4152.7,5201.16,511.41,264.99,-180.46,-3846.91,-31841.25,1722.4,22700.74,-6578.04,187.23,496.78,-6390.81,-5894.03,,,,,
8161,1763.31,4116.23,5187.51,502.03,268.33,-177.12,-3846.6,-32117.16,1724.71,22858.49,-6474.08,184.49,279.71,-6289.58,-6009.87,,,,,
8171,1809.77,4216.37,5214.61,531.48,274.76,-174.75,-3843.84,-32167.96,1734.96,22692.03,-6349.64,184.76,287.43,-6164.88,-5877.44,,,,,
8181,1800.6,4100.93,5170.23,497.18,263.68,-208.21,-3850.53,-31765.56,1717.86,22684.39,-6616.38,187.68,410.58,-6428.7,-6018.12,,,,,
8191,1891.04,4131.62,5235.16,520.8,265.56,-204.8,-3849.97,-31818.37,1716.16,22702.01,-6639.35,186.32,589.22,-6453.03,-5863.82,,,,,
8201,1761.49,4119.85,5215.97,501.34,269.55,-192.55,-3844.62,-31874.24,1733.01,22822.23,-6656.28,186.4,512.03,-6469.88,-5957.85,,,,,
8211,1822.71,4099.22,5187.11,501.61,270.61,-188.71,-3896.96,-31803.28,1712.87,22751.55,-6652.93,186.3,456.74,-6466.63,-6009.88,,,,,
8221,1815.21,4157.56,5205.96,517.33,273.63,-187.51,-3862.67,-31807.86,1743.6,22618.14,-6583.58,184.19,473.38,-6399.39,-5926,,,,,
8231,1765.69,4174.28,5165.3,500.81,259.87,-188.68,-3839.17,-31834.59,1749.34,22772.77,-6650.97,186.46,525.64,-6464.51,-5938.87,,,,,
8241,1813.79,4103.82,5176.73,500.67,276.09,-171.02,-3877.14,-31757.78,1714.7,22667.95,-6641.27,183.01,447.81,-6458.26,-6010.45,,,,,
8251,1720.58,4057.83,5239.68,484.34,262.57,-204.7,-3879.13,-31998.6,1749.59,22829.47,-6519.63,185.51,261.64,-6334.12,-6072.49,,,,,
8261,1818.93,4174.99,5186.53,511.78,263.67,-188.01,-3941.26,-31615.8,1698.64,22616.61,-6727.04,187.9,526.08,-6539.14,-6013.06,,,,,
8271,1796.82,4199.43,5198.77,502.96,254.64,-194.48,-3848.96,-31742.16,1718.76,22626.32,-6651.52,185.54,512.11,-6465.98,-5953.88,,,,,
8281,1817.95,4108.79,5168.62,506.31,289.15,-230.22,-3882.05,-31581.91,1739.34,22713.36,-6805.91,184.37,649.34,-6621.54,-5972.2,,,,,
8291,1788.68,4159.53,5227.21,491.48,273.08,-223.24,-3921.93,-31762.69,1730.89,22606.89,-6572.4,183.23,369.9,-6389.16,-6019.26,,,,,
8301,1782.31,4152.38,5251.97,500.36,276.76,-227.01,-3863.21,-31566.37,1733.84,22546.88,-6729.41,185.6,587.92,-6543.82,-5955.9,,,,,
8311,1745.94,4187.7,5228.32,500.02,275.09,-212.43,-3901.55,-31839.95,1732.67,22742.86,-6631.32,181.75,458.68,-6449.58,-5990.9,,,,,
8321,1810.61,4149.89,5244.91,520.02,270.07,-205.7,-3907.32,-31840,1744.95,22633.58,-6553.59,186.15,421,-6367.44,-5946.45,,,,,
8331,1760.22,4185.28,5255.53,510.17,281.02,-196.05,-3889.2,-31727.69,1726.62,22676.43,-6681.48,182.96,582.31,-6498.52,-5916.21,,,,,
8341,1766.16,4129.9,5188.58,521.04,271.9,-199.73,-3849.23,-31796.44,1707.61,22687.71,-6643.22,183.77,427.51,-6459.45,-6031.94,,,,,
8351,1796.12,4186.53,5216.06,505.7,268.86,-199.19,-3917.1,-31763,1708.94,22586.98,-6576.71,185.45,389.9,-6391.26,-6001.36,,,,,
8361,1834.38,4107.18,5218.67,493.59,272.02,-225.25,-3868.13,-31769.01,1720.29,22733.97,-6686.86,184.16,517.71,-6502.7,-5985,,,,,
8371,1885.86,4176.66,5220.18,503.4,271.6,-201.82,-3922.05,-31779.73,1711.34,22669.21,-6632.55,184.07,534.65,-6448.48,-5913.83,,,,,
8381,1748.36,4168.28,5194.05,507.19,275.49,-198.3,-3901.32,-32092.85,1784.21,22789.02,-6418.71,183.13,274.13,-6235.58,-5961.45,,,,,
8391,1790.92,4105.05,5214.37,489.69,253.87,-170.9,-3890.14,-31905.68,1733.88,22718.62,-6518.5,182.35,339.66,-6336.14,-5996.48,,,,,
8401,1793.3,4214.64,5202.48,517.78,283.18,-219.04,-3769.45,-31904.45,1730.33,22681.42,-6611.63,191.42,530.18,-6420.21,-5890.03,,,,,
8411,1829.84,4046.65,5194.77,491.1,269.59,-215.7,-3850.42,-31751.11,1729.59,22809.65,-6739.31,186.06,553.97,-6553.25,-5999.29,,,,,
8421,1793.52,4170.14,5186.62,511.76,267.78,-198.28,-3905.43,-31928.91,1679.92,22776.72,-6555.84,184.8,353.83,-6371.05,-6017.22,,,,,
8431,1789.84,4120.85,5187.4,504.81,263.18,-194.53,-3924.29,-31940.45,1710.01,22647.38,-6481.63,181.44,164.19,-6300.19,-6135.99,,,,,
8441,1801.89,4158.35,5209.72,502.88,265.5,-200.67,-3894.84,-31919.08,1694.04,22620.42,-6472.62,184.57,238.23,-6288.05,-6049.82,,,,,
8451,1846.57,4064.69,5224.56,509.9,280.51,-189.13,-3858.25,-31989.08,1765.73,22740.22,-6528.6,183.93,395.73,-6344.67,-5948.93,,,,,
8461,1768.5,4194.54,5218.38,511.34,274.35,-210.42,-3858.78,-31888.65,1715.52,22673.68,-6517.03,185.09,398.46,-6331.95,-5933.49,,,,,
8471,1771.14,4109.39,5259.55,502.05,275.4,-189,-3891.04,-32009.77,1703.37,22814.66,-6514.95,186.34,345.77,-6328.61,-5982.84,,,,,
8481,1803.95,4083.63,5215.37,514.66,276.76,-190.75,-3894.07,-31795.21,1742.42,22784.48,-6687.93,187.51,541.24,-6500.42,-5959.18,,,,,
8491,1753.13,4116.03,5190.67,494.57,262.69,-213.82,-3863.87,-31811.93,1740.86,22741.49,-6639.3,185.87,409.83,-6453.43,-6043.6,,,,,
8501,1854.62,4181.83,5240.2,513.18,274.39,-206.91,-3866.3,-31822.1,1709.46,22711.08,-6678.97,183.88,589.45,-6495.09,-5905.64,,,,,
8511,1720.17,4231.6,5235.45,497.02,262.22,-187.96,-3880.4,-31781.61,1721.68,22685.55,-6672.54,184.57,503.72,-6487.97,-5984.25,,,,,
8521,1721,4128.8,5259.76,506.22,273.15,-201.22,-3807.64,-31931.21,1749.02,22714.63,-6544.3,184.88,412.51,-6359.43,-5946.91,,,,,
8531,1733.25,4135.86,5177.27,492.11,286.02,-196.48,-3828.99,-31905.89,1708.31,22723.57,-6592.47,188.8,325.03,-6403.67,-6078.64,,,,,
8541,1772.11,4131.71,5174.11,500.24,266.76,-176.87,-3798.81,-31800.7,1701.99,22585.06,-6597.53,184.61,355.61,-6412.92,-6057.31,,,,,
8551,1877.96,4096.42,5184.01,500.12,268.49,-189.28,-3845.59,-31944.98,1685.05,22722.19,-6545.75,184.48,354.41,-6361.27,-6006.86,,,,,
8561,1765.41,4150.74,5202.43,498.61,295.46,-217.38,-3814.96,-31812.67,1717.56,22641.63,-6613.53,188.77,426.84,-6424.76,-5997.92,,,,,
8571,1843.78,4035.98,5208.07,515.95,273.51,-191.4,-3879.23,-32000.11,1752.33,22802.19,-6564.33,187.71,361.06,-6376.62,-6015.56,,,,,
8581,1766.77,4213.92,5185.77,497.69,250.99,-183.73,-3845.02,-31892.97,1717.45,22727.53,-6608.33,189.94,438.41,-6418.4,-5979.99,,,,,
8591,1816.27,4163.86,5234.31,508.84,291.63,-188.21,-3845.32,-31859.67,1730.6,22686.32,-6647.62,189.82,538.64,-6457.79,-5919.16,,,,,
8601,1773.44,4122.98,5179.4,506.82,276.12,-154.97,-3870.01,-32082.1,1718.3,22800.59,-6460.82,185.42,270.56,-6275.4,-6004.84,,,,,
8611,1819.47,4202.31,5189.82,510.4,261.82,-176.99,-3808.3,-31870.17,1703.42,22620.03,-6564.04,189.05,451.81,-6375,-5923.18,,,,,
8621,1800.14,4088.82,5193.74,510.33,273.98,-164.56,-3844.74,-31898.35,1721.64,22760.5,-6620.43,184.43,441.49,-6436,-5994.51,,,,,
8631,1844.54,4090.83,5185.67,500.06,270.5,-184.9,-3834.42,-31987.69,1718.29,22694.69,-6494.52,187.4,297.57,-6307.12,-6009.55,,,,,
8641,1785.94,4204.48,5205.86,514.93,271.99,-221.56,-3881.18,-31765.11,1718.31,22673.63,-6689.07,191.73,507.29,-6497.34,-5990.05,,,,,
8651,1865.93,4099.76,5214,499.78,286.18,-212.09,-3849.07,-31865.67,1705.34,22730.28,-6635.43,188.38,474.43,-6447.05,-5972.62,,,,,
8661,1769.43,4186.76,5207.71,511.34,284.59,-174.38,-3801.73,-32022.6,1701.13,22706.54,-6514,187.67,368.79,-6326.34,-5957.54,,,,,
8671,1775.54,4120.24,5201.31,496.99,265.31,-180.71,-3867.47,-31839.89,1699.88,22748.56,-6634.58,182.84,419.77,-6451.74,-6031.97,,,,,
8681,1777.34,4123.73,5174.36,516.08,261.37,-178.71,-3879.27,-31769.7,1724.4,22722.99,-6681.3,187,472.58,-6494.3,-6021.72,,,,,
8691,1892.93,4192.23,5188.21,510.47,280.46,-155.75,-3851.77,-31591.08,1719.63,22616.51,-6746.62,183.82,801.84,-6562.8,-5760.97,,,,,
8701,1738.29,4193.45,5184.21,511.65,266.37,-183.07,-3936.87,-32028.6,1704.57,22794.79,-6460.18,179.57,244.78,-6280.61,-6035.84,,,,,
8711,1767.23,4097.72,5213.28,504.34,283.64,-185.23,-3908.47,-32023.55,1732.68,22713.2,-6460.75,183.92,194.83,-6276.83,-6082,,,,,
8721,1799.03,4145.18,5206.99,508.16,263.33,-213.21,-3820.86,-32047.18,1723.7,22693.59,-6440.6,187.35,258.74,-6253.25,-5994.51,,,,,
8731,1736.66,4158.17,5152.84,517.2,269.6,-182.76,-3877.71,-31891.03,1703.86,22791.61,-6652.94,184.87,378.45,-6468.07,-6089.62,,,,,
8741,1866.3,4185.03,5232.31,504,275.69,-214.49,-3814.75,-31737.52,1754.95,22627.48,-6691.28,192.91,678.99,-6498.38,-5819.38,,,,,
8751,1762.64,4071.93,5183.5,502.84,265.82,-177.06,-3816.81,-32009.54,1738.08,22749.52,-6488.23,185.76,270.93,-6302.47,-6031.54,,,,,
8761,1785.52,4180.54,5188.57,503.23,276.63,-205.47,-3846.56,-31841.07,1686.01,22656.51,-6581.93,185.18,383.92,-6396.74,-6012.83,,,,,
8771,1784.76,4153.16,5211.31,507.9,275.46,-229.27,-3854.03,-31755.95,1726.94,22643.59,-6604.92,188.34,463.86,-6416.58,-5952.72,,,,,
8781,1812.14,4248.57,5160.49,502.03,280.78,-210.19,-3808.15,-31882.94,1707.77,22703.3,-6596.66,190.4,513.81,-6406.26,-5892.45,,,,,
8791,1741.61,4164.2,5235.53,493.26,277.89,-187.37,-3783.53,-31878.21,1740.04,22714.96,-6581.17,187.25,518.38,-6393.92,-5875.54,,,,,
8801,1891.94,4068.94,5230.34,497.53,261.41,-198.97,-3884.36,-31832.69,1672.04,22756.93,-6654.8,187.47,463.11,-6467.33,-6004.22,,,,,
8811,1830.07,4244.71,5186.31,524.79,270.42,-214.99,-3880.31,-31773.42,1717.28,22646.94,-6597.9,188.11,551.81,-6409.79,-5857.98,,,,,
8821,1776.3,4166.93,5237.9,500.86,274.29,-210.55,-3831.14,-31712.52,1722.29,22632.95,-6672.15,186.04,557.31,-6486.11,-5928.8,,,,,
8831,1757.23,4148.62,5205.87,496.17,257.93,-229.26,-3879.85,-31908.65,1739.08,22759.66,-6532.48,183.94,346.79,-6348.54,-6001.75,,,,,
8841,1782.23,4052.06,5185.52,495.62,282.06,-196.11,-3923.38,-31840.32,1720.72,22703.19,-6557.82,183.12,261.6,-6374.7,-6113.1,,,,,
8851,1852.34,4251.08,5149.77,514.22,284.97,-208.13,-3880.9,-31711.72,1685.29,22645.59,-6664.81,185.64,582.52,-6479.17,-5896.65,,,,,
8861,1784.4,4070.81,5187.96,498.37,274.45,-223.45,-3916.24,-31923.02,1696.21,22827.61,-6548.33,182.79,277.1,-6365.54,-6088.44,,,,,
8871,1847.73,4109.87,5183,508.79,268.06,-186.2,-3875.03,-31878.22,1688.85,22769.71,-6588.42,184.18,436.55,-6404.24,-5967.69,,,,,
8881,1797.27,4189.46,5174.11,506.41,255.95,-186.43,-3846.91,-31667.42,1717.76,22621.59,-6677.8,186.7,561.79,-6491.1,-5929.31,,,,,
8891,1880.33,4151.67,5171.2,501.41,284.47,-201.3,-3873.19,-31623.21,1745.29,22587.97,-6721.48,186.46,624.64,-6535.02,-5910.38,,,,,
8901,1773.72,4197.78,5208.69,508.57,266.42,-224.24,-3864.57,-31702.52,1714.5,22698.89,-6649.58,188.76,577.25,-6460.82,-5883.57,,,,,
8911,1789.89,4030.54,5214.84,508.38,275.77,-221.55,-3858.01,-31816,1707.19,22742.55,-6611.6,191.14,373.61,-6420.47,-6046.85,,,,,
8921,1822.55,4173.33,5216.33,507.4,260.82,-231.07,-3846.11,-31896.82,1757.82,22653.74,-6561.33,186.69,417.97,-6374.64,-5956.67,,,,,
8931,1799.79,4158.97,5225.69,516.61,257.12,-211.72,-3842.99,-31814.85,1706.46,22656.19,-6598.63,191.92,451.27,-6406.71,-5955.44,,,,,
8941,1867.59,4163.53,5199.29,509.14,277.02,-230.13,-3857.9,-31797.59,1694.83,22752.05,-6678.73,187.08,577.82,-6491.66,-5913.84,,,,,
8951,1805.71,4135.55,5242.56,503.9,292.78,-221.28,-3882.75,-31474.06,1714.72,22535.82,-6818,189.27,652.96,-6628.72,-5975.76,,,,,
8961,1862.79,4173.5,5243.2,499.2,272.38,-216.48,-3853.07,-31799.48,1676,22705.5,-6646.96,188.09,563.52,-6458.87,-5895.36,,,,,
8971,1770.47,4186.64,5218.62,502.32,278.16,-243.29,-3857.15,-31848.56,1737.33,22680.35,-6546.73,186.33,424.89,-6360.4,-5935.51,,,,,
8981,1755.2,4126.67,5238.08,501.26,259.46,-209.07,-3877.92,-31737.98,1732.83,22616.56,-6606.96,186.45,405.1,-6420.51,-6015.41,,,,,
8991,1755.97,4129.46,5193.69,496.65,278.3,-217.38,-3872.81,-31834.1,1719.64,22690.44,-6563.99,185.75,339.85,-6378.24,-6038.39,,,,,
9001,1807.22,4138.8,5225.24,499.49,301.09,-200.41,-3883.89,-31815.84,1706.89,22703,-6648.03,187.82,481.61,-6460.21,-5978.6,,,,,
9011,1783.27,4135.21,5141.67,507.01,264.73,-204.28,-3867.8,-31823.58,1706.32,22766.69,-6612.38,186.12,409.24,-6426.26,-6017.01,,,,,
9021,1741.63,4078.13,5184.01,491.32,283.88,-209.63,-3858.74,-31836.24,1747.17,22783.53,-6574.33,187.91,405.07,-6386.42,-5981.35,,,,,
9031,1795.28,4093.39,5179.43,486.69,277.92,-215.49,-3814.95,-31871.1,1727.47,22753.41,-6629.21,188.7,412.04,-6440.51,-6028.48,,,,,
9041,1868.8,4210.69,5195.96,516.79,261.74,-245.44,-3889.69,-31684.5,1706.9,22642.59,-6674.57,188.59,583.84,-6485.98,-5902.14,,,,,
9051,1810.75,4152.88,5210.17,514.22,251.1,-206.05,-3834.63,-31753.7,1710.29,22645.44,-6628.45,188.99,500.47,-6439.47,-5939,,,,,
9061,1786,4193.13,5198.44,512.49,285.38,-186.98,-3909.24,-31811.51,1726.15,22683.08,-6621.03,187.12,476.95,-6433.9,-5956.96,,,,,
9071,1796,4186.93,5241.09,507.89,266.86,-222.18,-3870.18,-31782.71,1742.38,22750.07,-6658.08,188.88,616.16,-6469.2,-5853.04,,,,,
9081,1813.69,4164.65,5237.72,508.97,265.87,-212.87,-3886.73,-31682.17,1704.81,22684.14,-6691.95,186.68,598.09,-6505.27,-5907.17,,,,,
9091,1754.76,4168.11,5173.51,501.32,275.8,-222.85,-3890.97,-31707.95,1720.68,22685.29,-6683.76,190.08,457.7,-6493.68,-6035.98,,,,,
9101,1759.15,4212.49,5184.73,506.29,281.82,-217.72,-3856.28,-31744.82,1709.9,22637.45,-6587.45,185.32,473,-6402.13,-5929.13,,,,,
9111,1832.26,4204.81,5214.35,512.85,275.92,-210.27,-3854.65,-31706.67,1709.82,22570.22,-6654.27,189.34,548.62,-6464.93,-5916.3,,,,,
9121,1809.21,4198.05,5225.02,506.75,261.12,-202.42,-3855.14,-31862.99,1653.29,22653.71,-6625.47,190.61,386.59,-6434.86,-6048.27,,,,,
9131,1810.62,4140.35,5191.17,509.95,262.87,-190.9,-3872.52,-31978.2,1708.88,22756.84,-6526.79,185.52,339.06,-6341.27,-6002.21,,,,,
9141,1768.2,4172.65,5180.64,514.91,284.01,-190.89,-3885.77,-32122.34,1748.06,22925.68,-6470.1,184.9,395.16,-6285.2,-5890.04,,,,,
9151,1761.8,4144.44,5221.59,496.62,296.19,-189.51,-3847.81,-32097.84,1739.89,22850.29,-6501.91,187.78,375.66,-6314.13,-5938.48,,,,,
9161,1748.62,4171.73,5248.63,499.65,284.59,-220.68,-3838.87,-32048.46,1728.91,22740.41,-6465.41,182.93,314.52,-6282.47,-5967.95,,,,,
9171,1807.09,4051.48,5231.76,492.18,298.28,-219.46,-3833.62,-32025.53,1724.8,22738.23,-6496.68,186.89,265.21,-6309.78,-6044.58,,,,,
9181,1819.95,4106.12,5236.77,492.98,284.95,-193.23,-3857.12,-32038.18,1706.16,22737.46,-6464.74,186.33,295.88,-6278.41,-5982.54,,,,,
9191,1834.85,4240.41,5187.46,498.6,298.68,-232.42,-3835.74,-31867.49,1699.28,22610.47,-6537.59,188.31,434.09,-6349.28,-5915.18,,,,,
9201,1718.94,4152.17,5203.75,508.35,263.94,-215.38,-3852.41,-31966.96,1730.29,22719.12,-6546.5,183.16,261.8,-6363.35,-6101.54,,,,,
9211,1801.4,4203.3,5209.86,502.17,289.79,-206.25,-3846.35,-32039.22,1724.53,22676.36,-6442.27,186.84,315.58,-6255.43,-5939.86,,,,,
9221,1780.26,4105.12,5209,516.51,275.62,-218.42,-3852.94,-32102.99,1731.74,22696.16,-6383.14,184.94,140.06,-6198.21,-6058.14,,,,,
9231,1789.27,4121.76,5212.47,504.16,262.09,-214.52,-3855.11,-32093.36,1705.8,22722.73,-6402.72,184.94,155.29,-6217.78,-6062.49,,,,,
9241,1793.34,4184.24,5201.39,525.88,271.45,-221.04,-3860.58,-32119,1714.9,22730,-6394.36,182.53,220.58,-6211.83,-5991.25,,,,,
9251,1800.65,4119.27,5237.65,522.13,262.89,-187.62,-3877.97,-32032.88,1668.42,22753.49,-6429.23,185.02,266.03,-6244.21,-5978.18,,,,,
9261,1780.46,4136.66,5230.07,497.32,264.28,-205.43,-3883.63,-32164.24,1731.2,22716.04,-6363.4,182.74,102.74,-6180.67,-6077.93,,,,,
9271,1801.95,4036.13,5211.87,510.32,282.93,-214.45,-3853.05,-32164.67,1701.1,22764.73,-6360.12,184.45,76.85,-6175.67,-6098.81,,,,,
9281,1806.83,4178.31,5252.41,504.4,276.85,-205.74,-3858.22,-31805.47,1684.13,22551.6,-6554.87,187.51,385.12,-6367.37,-5982.25,,,,,
9291,1867.4,4139.21,5261.81,500.35,248.55,-212.15,-3859.35,-31902.05,1700.52,22676.58,-6560.81,182.99,420.87,-6377.83,-5956.95,,,,,
9301,1732.29,4171.81,5203.93,505.27,273.94,-217.82,-3814.63,-31825.56,1720.44,22658.14,-6621.72,189.61,407.83,-6432.11,-6024.28,,,,,
9311,1774.24,4183.98,5229.05,528.02,271.89,-222.84,-3797.84,-31802.98,1713.83,22729.94,-6700.72,187.47,607.29,-6513.25,-5905.96,,,,,
9321,1792.58,4205.86,5246.07,498.54,248.15,-210.66,-3879.93,-31657.44,1737.72,22677.88,-6781.39,185.93,658.77,-6595.46,-5936.69,,,,,
9331,1805.7,4112.34,5245.08,497.62,279.43,-229.75,-3859.94,-31714.57,1741.36,22714.3,-6770.78,186.92,591.56,-6583.86,-5992.3,,,,,
9341,1808.39,4173.7,5214.55,512.85,282.02,-225.81,-3857.14,-31598.84,1728.17,22581.91,-6742.54,184.84,619.81,-6557.7,-5937.89,,,,,
9351,1836.39,4169.05,5250.14,516,280.89,-205.89,-3910.04,-31854.29,1701.02,22644,-6551.69,183.17,427.28,-6368.51,-5941.24,,,,,
9361,1750.67,4249.19,5207.04,524.33,265.34,-210.23,-3876.87,-31762.71,1713.06,22773.86,-6741,183.43,633.69,-6557.57,-5923.88,,,,,
9371,1755.64,4124.84,5293.74,494.72,256.98,-228.28,-3887.54,-31855.24,1709.86,22695.15,-6578.05,185.12,359.86,-6392.93,-6033.06,,,,,
9381,1819.22,4187.25,5233.63,513.07,290.36,-211.27,-3864.04,-31998.85,1729.54,22578.21,-6455.67,181.8,277.11,-6273.88,-5996.76,,,,,
9391,1795.31,4171.94,5228.49,505.02,283.39,-201.43,-3917.42,-31987.16,1730.06,22687.2,-6481.85,182.02,295.42,-6299.83,-6004.41,,,,,
9401,1783.23,4213.64,5251.49,513.41,264.94,-188.67,-3881.55,-31882.86,1740.87,22700.2,-6522.77,184.18,514.71,-6338.59,-5823.88,,,,,
9411,1819.38,4171.05,5222.71,514.67,271.06,-209.72,-3861.94,-31958.43,1701.32,22682.73,-6464.44,182.67,352.84,-6281.77,-5928.94,,,,,
9421,1804.65,4185.99,5172.18,509.33,273.62,-197.81,-3873.21,-31852.79,1712.46,22582.04,-6550.19,184.21,316.45,-6365.98,-6049.53,,,,,
9431,1752.81,4168.24,5233.38,504.98,278.97,-197.59,-3863.06,-32074.66,1728.03,22795.98,-6421.94,183.01,327.08,-6238.93,-5911.85,,,,,
9441,1785.4,4198.69,5176.09,521.03,284.12,-189.82,-3919.87,-32037.16,1701.88,22785.43,-6449.56,182.46,305.8,-6267.11,-5961.31,,,,,
9451,1772.51,4090.5,5242.43,520.76,271.27,-217.06,-3876.28,-32109.31,1713.89,22771.62,-6411.34,182.94,180.33,-6228.4,-6048.07,,,,,
9461,1767.66,4201.63,5231.9,510.84,276.31,-218.04,-3882.15,-31946.24,1717.21,22746.84,-6511.89,181.88,405.95,-6330.01,-5924.06,,,,,
9471,1804.78,4136.24,5238.98,499.56,267.39,-207.89,-3913.27,-32017,1749.41,22714.92,-6461.75,182.4,273.12,-6279.34,-6006.23,,,,,
9481,1814.62,4232.15,5201.96,516.3,271.79,-192.18,-3837.01,-32068.28,1682.95,22746.93,-6445.32,183.55,369.22,-6261.77,-5892.55,,,,,
9491,1775.96,4192.28,5205.78,505.45,284.78,-219.08,-3913.55,-32111.89,1699.55,22691.47,-6325.96,177.43,110.74,-6148.53,-6037.8,,,,,
9501,1753.51,4157.09,5224.85,505.85,275.04,-209.47,-3921.01,-32004.6,1709.74,22711.04,-6442.39,180.75,202.03,-6261.64,-6059.61,,,,,
9511,1820.05,4094.79,5206.27,502.54,266.98,-183.68,-3890.28,-32048.97,1692.72,22740.97,-6395.41,179.51,201.39,-6215.9,-6014.5,,,,,
9521,1826.67,4143.93,5222.75,521.08,291.55,-206.61,-3920.53,-31965.02,1703.75,22650.15,-6455.4,180.77,267.73,-6274.64,-6006.91,,,,,
9531,1789.6,4186.41,5179.97,500.82,280.54,-210.78,-3870.47,-31991.09,1717.46,22598.29,-6409.76,183.33,180.76,-6226.43,-6045.67,,,,,
9541,1826.45,4257.24,5210.93,514.44,276.14,-219.49,-3847,-31861.78,1710.69,22689.53,-6574.02,183.08,557.16,-6390.94,-5833.78,,,,,
9551,1808.99,4121.95,5183.82,510.43,257.61,-195.17,-3907.54,-31879.44,1673.35,22688.92,-6553.33,182.07,262.92,-6371.26,-6108.34,,,,,
9561,1778.89,4175.82,5223.41,500.16,273.81,-200.78,-3862.55,-32031.13,1714.93,22767.96,-6505.08,184.01,340.53,-6321.08,-5980.55,,,,,
9571,1856.36,4249.97,5232.66,517.53,281.88,-220.49,-3835.79,-32097.36,1688.36,22714.44,-6407.08,182.58,387.58,-6224.5,-5836.92,,,,,
9581,1780.15,4187.16,5238.27,508.8,258.18,-193.14,-3920.87,-31904,1726.29,22680.39,-6501.01,182.23,361.22,-6318.78,-5957.56,,,,,
9591,1784.71,4171.02,5216.47,523.6,275.15,-213.1,-3898.23,-32057.81,1740.75,22755.02,-6418.97,181.08,297.58,-6237.89,-5940.31,,,,,
9601,1754.94,4115.54,5209.96,507.09,263.21,-232.62,-3901.68,-31933.46,1687.76,22848.68,-6605.26,185.03,319.41,-6420.23,-6100.82,,,,,
9611,1788.07,4126.95,5213.31,510.6,253.54,-215.65,-3906.3,-31712.32,1751.82,22713.97,-6732.24,184.13,524,-6548.11,-6024.11,,,,,
9621,1835.11,4160.9,5200.85,488.32,265.93,-209.53,-3906.35,-31843.95,1671.11,22663.44,-6591.23,182.1,325.82,-6409.13,-6083.31,,,,,
9631,1833.94,4119.2,5242.86,524.65,277.04,-218.74,-3870.89,-31677.42,1713.62,22701.93,-6734.06,186.39,646.2,-6547.68,-5901.48,,,,,
9641,1765.2,4188.11,5201.04,509.62,276.17,-177.13,-3862.87,-31948.64,1722.04,22695.8,-6516.2,183.05,369.35,-6333.16,-5963.8,,,,,
9651,1827.93,4273.64,5198,493.5,258.93,-215.15,-3881.49,-31934.5,1684.75,22668.57,-6523.39,182.47,374.18,-6340.92,-5966.74,,,,,
9661,1835.11,4116.78,5228.02,505.71,276.15,-224.01,-3941.87,-31873.33,1680.93,22680.94,-6516.4,181.33,284.44,-6335.07,-6050.63,,,,,
9671,1802.6,4214.86,5260.69,523.72,279.7,-243.75,-3847.63,-31951.25,1724.37,22727.59,-6545.37,184.13,490.91,-6361.24,-5870.33,,,,,
9681,1747.59,4150.42,5243.09,502.93,271.72,-241.81,-3831.96,-32010.42,1756.15,22725.81,-6517.41,179.3,313.51,-6338.11,-6024.6,,,,,
9691,1812.62,4136.17,5205.35,506.39,260.32,-208.93,-3900.4,-31682.74,1734.38,22720.44,-6777.07,183.54,583.61,-6593.53,-6009.92,,,,,
9701,1809.39,4166.56,5223.53,508.4,279.58,-195.43,-3930.56,-31631.33,1733.39,22618.97,-6735.41,182.79,582.5,-6552.62,-5970.13,,,,,
9711,1793.79,4141.25,5289.32,513.41,257.83,-231.42,-3890.95,-31783.41,1742.06,22740.97,-6677.57,186.4,572.83,-6491.17,-5918.34,,,,,
9721,1783.73,4092.91,5272.28,500.16,266.29,-209.29,-3900.46,-31717.88,1707.7,22743.91,-6734.35,184.91,539.35,-6549.43,-6010.08,,,,,
9731,1794.06,4268.94,5242.66,505.2,278.79,-257.21,-3895.91,-31941.64,1736.42,22671.57,-6509.04,180.97,402.87,-6328.06,-5925.19,,,,,
9741,1843.06,4111.08,5238.14,501.75,272.81,-207.99,-3898.26,-31892.74,1706.57,22664.41,-6577.03,185.64,338.83,-6391.39,-6052.56,,,,,
9751,1779.6,4154.64,5239.58,515.49,288.66,-243.63,-3855.09,-32000.85,1706.64,22747.38,-6514.97,184.91,332.41,-6330.07,-5997.65,,,,,
9761,1820.27,4225.47,5166.37,517.68,274.67,-193.85,-3900.27,-32071.71,1718.7,22743.71,-6417.35,180.65,301.05,-6236.71,-5935.66,,,,,
9771,1804.76,4165.1,5175.85,505.78,269.94,-208.15,-3900.83,-31813.92,1714.65,22867.7,-6707.6,184.17,580.89,-6523.43,-5942.54,,,,,
9781,1774.34,4119.14,5245.74,511.25,293.42,-225.05,-3897.29,-31752.09,1745.19,22771.06,-6743.06,183.85,585.71,-6559.21,-5973.5,,,,,
9791,1799.44,4145.75,5176.4,511.9,273.9,-203.47,-3914.15,-31798.74,1709.82,22677.17,-6601.35,182.08,378.01,-6419.27,-6041.26,,,,,
9801,1770.14,4167.28,5218.19,500.11,267.5,-200.5,-3906.31,-31872.25,1715.08,22638.06,-6534.13,180.04,297.3,-6354.09,-6056.78,,,,,
9811,1735.69,4146.52,5250.47,507.48,267.4,-225.56,-3897.72,-31867.34,1754.75,22751.04,-6603.1,180.88,422.74,-6422.22,-5999.48,,,,,
9821,1788.86,4139,5219.1,496.27,285.64,-207.39,-3935.32,-31931.43,1705.62,22729.92,-6518.83,181.69,290.25,-6337.14,-6046.89,,,,,
9831,1794.27,4200.53,5168.7,511.55,259.18,-177.64,-3886.11,-31999.97,1710.68,22649.82,-6444.96,181.12,231.01,-6263.84,-6032.83,,,,,
9841,1740.41,4223.98,5237.64,500.47,275.59,-211.73,-3898.58,-31934.06,1707.87,22702.56,-6494.59,180.04,344.16,-6314.56,-5970.4,,,,,
9851,1801.32,4176.45,5233.35,529.87,264.41,-186.42,-3881.92,-32093.07,1706.88,22768.66,-6397.85,180.12,319.53,-6217.73,-5898.2,,,,,
9861,1800.9,4189.59,5191.44,519.43,282.12,-217.44,-3851.43,-32106.96,1723.27,22675.46,-6373.92,185.97,206.39,-6187.95,-5981.56,,,,,
9871,1802.87,4300.37,5170.71,550.56,260.58,-213.63,-3831.84,-31910.07,1728.4,22622.45,-6505.32,182.82,480.4,-6322.5,-5842.1,,,,,
9881,1727.14,4214.72,5234.99,504.06,275.47,-214.12,-3870.93,-32065.11,1746.31,22727.03,-6450.16,177.5,279.58,-6272.66,-5993.08,,,,,
9891,1790.2,4124.39,5242.58,485.14,270.14,-222.89,-3875.41,-31812.49,1684.74,22605.84,-6585.42,184.31,292.25,-6401.11,-6108.86,,,,,
9901,1740.02,4102.26,5270.9,491.71,261.11,-212.4,-3877.08,-32015.74,1721.04,22752.51,-6474.29,182.71,234.32,-6291.58,-6057.26,,,,,
9911,1787.3,4179.91,5199.71,517.85,266.25,-197.37,-3881.21,-32052.52,1699.93,22680.75,-6394.15,182.39,200.61,-6211.76,-6011.15,,,,,
9921,1839.07,4122.65,5217.7,523.31,295.76,-208.36,-3915.5,-31900.89,1745.58,22653.58,-6488.34,178.6,372.88,-6309.73,-5936.85,,,,,
9931,1812.22,4166.49,5231.75,500.81,278.54,-223.64,-3853.3,-31951.53,1711.78,22599.18,-6455.98,182.1,272.3,-6273.88,-6001.59,,,,,
9941,1751.99,4149.84,5227.56,509.36,277.35,-212.81,-3870.11,-31885.78,1764.65,22725.55,-6607.1,182.19,437.61,-6424.91,-5987.3,,,,,
9951,1837.6,4102.66,5251.68,493.6,252.72,-236.57,-3860.01,-31975.92,1725.49,22736.29,-6523.02,183.89,327.53,-6339.13,-6011.6,,,,,
9961,1773.11,4148.79,5219.32,506.27,264.8,-213.12,-3842.47,-31884.55,1681.73,22706.88,-6579.72,184.26,360.75,-6395.46,-6034.71,,,,,
9971,1868.09,4060.33,5220.23,511.32,268.68,-198.79,-3903.32,-31940.89,1691.49,22699.33,-6547.35,182.03,276.46,-6365.33,-6088.86,,,,,
9981,1856.53,4181.29,5235.36,502.8,272.86,-228.42,-3865.86,-31690.39,1693.07,22629.22,-6670.82,185.44,586.47,-6485.38,-5898.91,,,,,
9991,1743.93,4172.49,5220.03,514.27,277.15,-222.11,-3854.96,-31830.08,1697.12,22587.85,-6553.05,186.32,305.69,-6366.73,-6061.04,,,,,
10001,1812.26,4196.64,5227.65,508.19,269.06,-217.76,-3852.42,-31913.7,1702.87,22702.04,-6519.94,183.43,434.83,-6336.51,-5901.68,,,,,
,,,,,,,,,,,,,,,,,,,,
Ligand Energy Terms,,,,,,,,,,,,,,,,,,,,
Frame #,BOND,ANGLE,DIHED,UB,IMP,CMAP,VDWAALS,EEL,1-4 VDW,1-4 EEL,EGB,ESURF,GGAS,GSOLV,TOTAL,,,,,
1,11.28,19.72,1.76,0,-0.03,0,0.95,4.37,19.36,-65.49,-13,2.97,-8.08,-10.03,-18.11,,,,,
11,6.22,19.41,5.49,0,0.04,0,-0.21,4.69,22.92,-64.69,-13.65,2.96,-6.14,-10.69,-16.83,,,,,
21,11.24,21.97,2.34,0,-0.08,0,4.32,4.57,19.61,-66.24,-13.82,2.94,-2.27,-10.88,-13.15,,,,,
31,6.62,24.01,3.34,0,0.14,0,-0.32,4.01,20.03,-65.44,-13.13,2.97,-7.62,-10.17,-17.79,,,,,
41,5.74,19.48,2.23,0,0.04,0,-1.77,3.52,22.66,-64.88,-13,2.98,-12.98,-10.03,-23.01,,,,,
51,5.29,17.22,1.37,0,0.07,0,5.36,6.7,24.48,-66.18,-13.92,2.98,-5.71,-10.94,-16.65,,,,,
61,5.01,14.04,2.15,0,0.06,0,2.11,4.92,24.52,-65.52,-13.18,2.99,-12.71,-10.19,-22.9,,,,,
71,7.47,18.1,4.16,0,0,0,-0.79,5.92,22.87,-66.63,-13.63,2.95,-8.89,-10.67,-19.56,,,,,
81,7.34,23.13,6.94,0,0.4,0,-2.17,5.25,21.68,-66.77,-13.81,2.97,-4.2,-10.84,-15.03,,,,,
91,3.2,19.35,5.02,0,0.03,0,0.95,4.11,24.12,-65.37,-13.35,2.96,-8.6,-10.4,-19,,,,,
101,9.75,16.4,0.81,0,0.03,0,1.12,6.58,25.54,-65.77,-13.45,2.97,-5.55,-10.48,-16.04,,,,,
111,11.13,15.49,3.46,0,0.06,0,-0.85,5.58,16.95,-65.87,-13.64,3.01,-14.05,-10.63,-24.68,,,,,
121,5.06,26.57,6.11,0,0.44,0,-1.72,5.74,22.1,-67.63,-13.57,2.99,-3.33,-10.57,-13.9,,,,,
131,10.39,16.68,1.41,0,0.02,0,-0.32,4.86,20.16,-65.86,-12.73,2.99,-12.65,-9.74,-22.4,,,,,
141,7.41,24.76,0.78,0,0.12,0,1.73,2.14,21.51,-65.89,-11.57,2.99,-7.44,-8.57,-16.01,,,,,
151,10.23,18.93,1.87,0,0.12,0,5.01,6.45,19.73,-66.06,-14.14,2.99,-3.72,-11.15,-14.87,,,,,
161,8.36,23.33,2.2,0,0.26,0,-2.45,4.13,18.19,-65.5,-13.24,3,-11.47,-10.25,-21.72,,,,,
171,4.27,18.84,4.86,0,0.38,0,0.9,5.18,21.45,-66,-13.49,2.96,-10.12,-10.53,-20.65,,,,,
181,12.46,22.81,4.97,0,0.01,0,-0.58,6.02,17.09,-66.21,-14.09,2.97,-3.44,-11.13,-14.56,,,,,
191,9.12,20.96,7.31,0,0.12,0,1.2,4.25,20.79,-65.29,-12.93,2.96,-1.53,-9.97,-11.5,,,,,
201,8.55,16.81,1.32,0,0.08,0,0.15,5.02,23.9,-65.8,-13.1,2.96,-9.96,-10.13,-20.09,,,,,
211,12.64,23.56,6.43,0,0.51,0,-1.61,5.47,20.43,-67.12,-13.34,3.01,0.31,-10.33,-10.02,,,,,
221,9.92,21.75,2.9,0,0.12,0,-0.46,4.75,20.6,-65.81,-13.44,2.98,-6.23,-10.46,-16.69,,,,,
231,9.38,17.42,4.62,0,0.05,0,-0.07,6.28,23.82,-67.62,-13.31,3.01,-6.1,-10.3,-16.4,,,,,
241,6.86,16.16,3.5,0,0.11,0,0.01,6.46,19.38,-66,-14.04,2.99,-13.52,-11.04,-24.56,,,,,
251,6.15,14.86,1.98,0,0.11,0,0.65,6.7,21.39,-66.94,-13.16,2.94,-15.09,-10.21,-25.3,,,,,
261,8.11,21.57,0.92,0,0.03,0,0.52,5.44,21.65,-65.98,-13.78,2.98,-7.76,-10.79,-18.55,,,,,
271,8.23,21.04,3.2,0,0.02,0,-0.97,5.13,20.71,-66.97,-12.88,3,-9.63,-9.89,-19.51,,,,,
281,6.14,20.38,1.33,0,0.08,0,0.59,7.01,23.94,-68.34,-13.43,2.93,-8.88,-10.49,-19.38,,,,,
291,7.7,16.93,6.14,0,0.62,0,0.63,7.14,25.22,-69.8,-13.17,2.98,-5.42,-10.2,-15.62,,,,,
301,10.84,19.98,1.71,0,0.08,0,-0.07,6.89,20.81,-65.52,-15,3.03,-5.27,-11.96,-17.24,,,,,
311,11.59,18.39,4.49,0,0.27,0,2.11,4.95,19.7,-64.63,-14.05,3.01,-3.12,-11.04,-14.16,,,,,
321,7.99,13.72,3.63,0,-0.08,0,1.63,6.03,23.7,-67.71,-12.38,2.94,-11.09,-9.43,-20.52,,,,,
331,9.82,21.81,3.51,0,0.13,0,-0.7,4.49,19.52,-65.46,-13.35,2.99,-6.88,-10.36,-17.24,,,,,
341,11.01,22.31,3.08,0,0.08,0,-1.63,5.55,17.73,-65.82,-14.86,3.05,-7.68,-11.8,-19.48,,,,,
351,7.62,15.82,3.31,0,0.04,0,-0.13,6.24,22.85,-67.17,-13.59,2.99,-11.41,-10.6,-22.01,,,,,
361,4.7,22.4,1.86,0,0.23,0,-0.84,4.61,18.69,-63.87,-14.01,3.06,-12.23,-10.95,-23.18,,,,,
371,11.17,17.03,6.36,0,0.31,0,0.76,5.58,21.48,-67.23,-13.77,3.04,-4.55,-10.74,-15.28,,,,,
381,9.06,19.81,2.56,0,0.14,0,0.2,6.97,25.61,-67.78,-13.36,3,-3.44,-10.36,-13.8,,,,,
391,6.42,19.95,2.03,0,0.07,0,-0.9,6.72,23.82,-68.5,-12.69,2.94,-10.39,-9.75,-20.14,,,,,
401,6.87,19.08,7.38,0,0.15,0,-1.11,5.55,19.89,-64.98,-14.89,3.03,-7.17,-11.87,-19.03,,,,,
411,10.17,26.74,1.92,0,0.09,0,-0.6,3.21,18.28,-64.77,-12.53,2.98,-4.96,-9.54,-14.51,,,,,
421,13.35,24.97,8.63,0,0.21,0,-1.8,5.89,17.97,-68.53,-12.51,2.99,0.68,-9.52,-8.84,,,,,
431,11.25,17.65,6.45,0,0.09,0,-0.47,5.61,19.76,-66.03,-13.95,3.02,-5.69,-10.93,-16.62,,,,,
441,7.7,14.7,2.91,0,0.16,0,-1.43,6.47,21.8,-66.07,-14.64,3.02,-13.75,-11.62,-25.36,,,,,
451,8.59,13.38,6.48,0,0.32,0,-0.1,5.15,21.43,-65.14,-13.6,3.01,-9.89,-10.59,-20.48,,,,,
461,11.96,21.63,9.12,0,0.48,0,0.28,2.97,19.55,-63.47,-13.56,2.95,2.51,-10.62,-8.11,,,,,
471,3.49,18.48,1.7,0,0.06,0,-1.51,5.14,22.58,-65.86,-13,2.98,-15.92,-10.02,-25.94,,,,,
481,6.57,31.29,3.53,0,0.11,0,-0.8,5.42,19.48,-66.77,-13.39,2.99,-1.17,-10.4,-11.57,,,,,
491,6.2,19.4,2.67,0,0.08,0,2.57,6.21,24.2,-66.65,-12.97,2.98,-5.32,-9.99,-15.31,,,,,
501,7.01,24.27,3.92,0,0.11,0,1.02,5.73,22.09,-65.9,-13.79,3.01,-1.75,-10.78,-12.53,,,,,
511,8.15,20.77,2.37,0,0.08,0,-1.85,5.16,19.42,-66.55,-13.51,2.98,-12.44,-10.53,-22.97,,,,,
521,6.56,19.86,2.27,0,0.07,0,-0.94,5.38,20.21,-65.76,-13.9,3.03,-12.37,-10.87,-23.24,,,,,
531,8.47,22.21,1.07,0,0.04,0,0.42,5.13,19.64,-66.18,-13.41,3.03,-9.19,-10.38,-19.57,,,,,
541,7.67,30.09,2.17,0,0.05,0,-0.93,6.76,16.42,-66.55,-14.39,2.98,-4.31,-11.41,-15.72,,,,,
551,13.41,22.15,5.16,0,0.13,0,-0.93,5.25,16.66,-63.73,-14.31,3,-1.9,-11.3,-13.2,,,,,
561,10.35,25.52,4.56,0,0.22,0,0.81,6.96,17.5,-66.53,-15.08,3.04,-0.61,-12.04,-12.65,,,,,
571,10.85,18.54,2.7,0,0.08,0,0.09,5.94,22.2,-66.24,-14.11,2.98,-5.84,-11.13,-16.97,,,,,
581,9.04,21.3,2.96,0,0.17,0,-0.34,5.52,21.81,-64.59,-15,3.03,-4.13,-11.98,-16.11,,,,,
591,4.07,20.83,1.55,0,0.04,0,-1.55,4.61,22.94,-64.65,-13.59,2.98,-12.15,-10.61,-22.75,,,,,
601,8.05,22.18,3.32,0,0.21,0,1.34,4.89,18.31,-64.52,-14.16,3.05,-6.21,-11.11,-17.32,,,,,
611,8.56,18.84,-0.22,0,0.01,0,0.47,3.98,20.79,-64.08,-13.9,2.97,-11.64,-10.93,-22.57,,,,,
621,15.23,21.65,2.64,0,0.19,0,-1.59,6.33,17.72,-66.1,-14.69,3.04,-3.94,-11.65,-15.6,,,,,
631,7.5,19.18,1.59,0,-0.07,0,0.76,4.91,22.04,-66.43,-13.57,2.95,-10.51,-10.62,-21.13,,,,,
641,4.97,16.95,1.76,0,0.03,0,0.95,4.62,20.21,-65.29,-13.35,2.98,-15.79,-10.38,-26.17,,,,,
651,11.25,20.89,3.29,0,0,0,-1.69,5.98,19,-66.41,-14.3,3.02,-7.69,-11.28,-18.97,,,,,
661,8.97,24.17,5.73,0,0.16,0,-0.71,4.96,20.8,-67.36,-12.35,3,-3.28,-9.35,-12.63,,,,,
671,11.4,17.05,3.77,0,0.24,0,-0.32,3.04,19.91,-63.88,-13.05,3,-8.79,-10.05,-18.85,,,,,
681,9.03,19.08,1.86,0,0.01,0,0.72,5.14,20.01,-66.17,-13.29,2.99,-10.32,-10.3,-20.62,,,,,
691,14.27,21.6,0.16,0,0.08,0,2.07,6.32,19.7,-68.13,-13.35,3.03,-3.92,-10.32,-14.24,,,,,
701,12.29,28.49,5.29,0,0.19,0,-1.82,5.57,15.8,-64.97,-14.83,3.08,0.83,-11.75,-10.92,,,,,
711,12.82,27.39,4.18,0,0.39,0,0.25,5.54,18.11,-68.47,-13.34,2.95,0.21,-10.39,-10.18,,,,,
721,7.36,19.36,4.7,0,0.08,0,-0.2,4.83,20.62,-66.81,-12.48,2.97,-10.07,-9.51,-19.57,,,,,
731,7.04,21.73,7.48,0,0.17,0,-1.12,5.35,23.54,-66.04,-13.23,2.99,-1.84,-10.24,-12.08,,,,,
741,9.99,20.84,3.33,0,0.05,0,-1.12,3.67,21.76,-63.89,-13.47,3,-5.38,-10.47,-15.85,,,,,
751,10.22,24.94,1.28,0,-0.04,0,1.62,5.53,19.46,-65.4,-14.04,2.94,-2.39,-11.09,-13.48,,,,,
761,7.03,19.13,4.12,0,0.08,0,1.72,4.53,16.7,-63.64,-14.07,3,-10.32,-11.07,-21.39,,,,,
771,9.55,17.98,4.36,0,0.05,0,0.33,4.08,21.51,-65.61,-13.4,3,-7.76,-10.4,-18.16,,,,,
781,7.05,24.64,4.06,0,0.03,0,3.13,5.55,22.46,-66.3,-13.96,2.99,0.63,-10.97,-10.34,,,,,
791,7.01,27.74,6.11,0,0.38,0,-0.06,5.05,18.48,-64.47,-13.81,3.03,0.24,-10.79,-10.54,,,,,
801,10.46,21.63,8.24,0,0.22,0,-1.98,4.98,19.24,-64.46,-14.53,3.01,-1.67,-11.52,-13.19,,,,,
811,11.35,25.1,3.15,0,0.13,0,-0.9,3.82,18.02,-64.04,-13.93,3.05,-3.38,-10.88,-14.26,,,,,
821,10.75,18.88,2.67,0,0.15,0,1.6,4.69,19.01,-65.21,-13.69,3,-7.46,-10.69,-18.15,,,,,
831,7.11,15.34,4.9,0,0.24,0,-1.91,5.69,22.22,-65.36,-13.94,2.98,-11.77,-10.96,-22.73,,,,,
841,8.71,21.43,-0.87,0,0.14,0,0.39,5.31,18.03,-65.8,-13.96,3.03,-12.65,-10.93,-23.58,,,,,
851,8.24,15.34,7.36,0,0.18,0,-0.62,3.95,20.33,-63.28,-13.85,3,-8.49,-10.84,-19.34,,,,,
861,5.35,20.47,5.87,0,0.11,0,-0.08,5.84,22.14,-66.13,-13.05,2.93,-6.43,-10.11,-16.55,,,,,
871,9.1,17.76,3.09,0,0.14,0,0.74,5.94,21.14,-68.08,-12.94,2.96,-10.17,-9.98,-20.15,,,,,
881,7.12,17.97,8.04,0,0.16,0,1.04,3.72,23.53,-65.68,-13.3,3,-4.11,-10.29,-14.4,,,,,
891,8.43,18.43,4.56,0,0.03,0,0.51,4.87,20.7,-65.58,-12.83,2.98,-8.07,-9.85,-17.92,,,,,
901,9.27,24.44,1.51,0,0.01,0,0.5,5.03,20.18,-64.95,-13.57,2.97,-4.02,-10.6,-14.62,,,,,
911,5.21,18.46,2.38,0,0.19,0,-0.36,4.51,21.68,-66.02,-12.8,2.99,-13.96,-9.81,-23.77,,,,,
921,4.86,24.15,2,0,0.04,0,0.32,4.74,23.25,-63.76,-13.96,2.98,-4.4,-10.99,-15.38,,,,,
931,8.31,14.95,3.09,0,0.1,0,1.05,5.2,21.72,-64.05,-13.96,3.01,-9.63,-10.95,-20.58,,,,,
941,8.53,21.78,2.75,0,0.03,0,2.42,5.67,19.8,-67.6,-13.05,2.98,-6.62,-10.07,-16.69,,,,,
951,6.98,19.88,2.4,0,0.03,0,0.95,4.83,22.07,-65.6,-12.54,2.97,-8.46,-9.56,-18.02,,,,,
961,5.89,21.15,4.76,0,0.17,0,2.12,4.35,22.43,-65.93,-13.14,3,-5.06,-10.13,-15.2,,,,,
971,6.39,22.95,6.93,0,0.14,0,2.6,5.16,25.16,-65.94,-13.4,2.96,3.38,-10.44,-7.06,,,,,
981,6.49,22.08,1.5,0,0.04,0,-1,3.34,21.26,-63.35,-12.85,3,-9.65,-9.85,-19.5,,,,,
991,8.05,16.82,4.21,0,0.03,0,0.96,4.58,22.12,-65.37,-13.42,3.03,-8.6,-10.4,-19,,,,,
1001,10.69,22.61,4.1,0,0.18,0,-0.35,5.49,18.27,-66.82,-12.77,2.99,-5.82,-9.78,-15.6,,,,,
1011,7.35,17.39,3.51,0,0.14,0,-0.66,4.86,21.25,-66.72,-13.36,3,-12.87,-10.37,-23.24,,,,,
1021,11.94,20.94,2.94,0,-0.11,0,1.05,4.17,19.36,-66.73,-12.79,3.02,-6.45,-9.77,-16.22,,,,,
1031,8.54,22.4,-0.08,0,0.1,0,1.66,4.32,19.08,-65.99,-12.3,3.02,-9.98,-9.28,-19.27,,,,,
1041,5.46,19.01,2.12,0,0.11,0,-0.86,4.53,24.27,-66.74,-13.13,2.97,-12.1,-10.16,-22.25,,,,,
1051,9.61,15.99,4.77,0,0.24,0,0.92,5.99,19.98,-65.42,-14.37,3.02,-7.91,-11.35,-19.26,,,,,
1061,6.92,17.31,4.63,0,0.39,0,0.29,5.57,21.62,-66.34,-13.41,3,-9.59,-10.41,-20,,,,,
1071,4.4,19.33,5.6,0,0.27,0,-0.64,4.98,19.56,-64.89,-13.94,3,-11.38,-10.94,-22.33,,,,,
1081,6.2,16.96,4.33,0,0.17,0,0.96,6.01,22.88,-65.8,-14.34,3,-8.29,-11.34,-19.64,,,,,
1091,6.64,17.4,3.45,0,0.29,0,-0.68,6.74,19.86,-65.52,-14.7,2.99,-11.81,-11.71,-23.52,,,,,
1101,10.48,14.58,3.39,0,0.27,0,2.97,5.68,20.45,-66.13,-13.47,3.04,-8.31,-10.44,-18.74,,,,,
1111,4.72,22.27,5.76,0,-0.1,0,-0.19,6.13,25.11,-65.89,-14.94,2.95,-2.19,-11.99,-14.18,,,,,
1121,7.67,17.33,6.78,0,-0.13,0,0.01,6,18.27,-66.66,-13.87,2.96,-10.73,-10.91,-21.64,,,,,
1131,6.28,16.43,1.14,0,0.09,0,0.13,7.17,20.87,-67.09,-14.77,2.98,-14.97,-11.79,-26.77,,,,,
1141,9.36,19.23,1.51,0,0.15,0,1.56,6.62,21.58,-65.72,-14.66,3.02,-5.7,-11.64,-17.34,,,,,
1151,9.64,22.76,3.41,0,0.06,0,1.28,6.6,20.16,-66.99,-14,3.02,-3.08,-10.98,-14.06,,,,,
1161,12.54,21.8,3.62,0,0.3,0,1.03,6.93,21.42,-68.63,-13.83,3.01,-0.99,-10.82,-11.82,,,,,
1171,6,15.96,3.42,0,-0.02,0,2.55,7.5,23.47,-67.07,-15.17,2.98,-8.18,-12.19,-20.37,,,,,
1181,6.18,21.44,2.87,0,0.14,0,-0.28,6.27,23.37,-66.4,-13.83,2.99,-6.42,-10.83,-17.25,,,,,
1191,11.58,17.32,3.77,0,0.15,0,1.51,5.68,17.99,-66.67,-14.39,3,-8.66,-11.39,-20.05,,,,,
1201,8.01,21.85,4.31,0,0,0,1.83,5.07,17.96,-64.48,-14.43,3.05,-5.45,-11.38,-16.83,,,,,
1211,6.65,21.21,3.87,0,0.13,0,0.69,3.68,21.76,-63.87,-13.58,2.99,-5.87,-10.59,-16.45,,,,,
1221,6.69,20.92,4.04,0,0.09,0,0.92,5.14,20.28,-65.28,-14.29,2.99,-7.19,-11.3,-18.49,,,,,
1231,8.07,19.88,3.02,0,0.26,0,-0.09,5.35,20.71,-66.8,-13.3,2.96,-9.6,-10.35,-19.95,,,,,
1241,7.27,16.97,1.61,0,0.06,0,1.34,5.95,20.34,-65.56,-14.24,3,-12.02,-11.24,-23.26,,,,,
1251,9.7,18.51,5.33,0,0.1,0,1.11,5.7,20.72,-65.05,-14.71,2.93,-3.88,-11.77,-15.65,,,,,
1261,10.18,22.23,3.6,0,0.08,0,-0.06,5.82,17.73,-66.27,-14.43,3,-6.69,-11.43,-18.12,,,,,
1271,15.39,18.81,5.9,0,0.18,0,-0.59,6.13,23.56,-63.9,-15.18,2.99,5.48,-12.19,-6.71,,,,,
1281,9.11,17.45,3.28,0,-0.09,0,-0.66,6.34,21.63,-66.76,-13.71,2.96,-9.7,-10.75,-20.45,,,,,
1291,6.12,20.94,4.2,0,-0.01,0,-1.28,4.79,22.35,-65.31,-13.17,2.98,-8.2,-10.19,-18.39,,,,,
1301,9.39,20.9,3.32,0,0.13,0,-0.5,3.83,19.39,-65.54,-13.11,2.99,-9.08,-10.12,-19.2,,,,,
1311,7.12,21.75,1.55,0,-0.06,0,2.6,4.65,18.12,-65.21,-13.65,3.02,-9.48,-10.64,-20.11,,,,,
1321,13.01,14.11,0.5,0,-0.01,0,0.99,6.41,18.08,-64.74,-14.65,3.02,-11.66,-11.63,-23.29,,,,,
1331,7.18,25.07,5.13,0,0.16,0,-0.9,6.26,19.82,-66.05,-13.99,3.01,-3.33,-10.98,-14.31,,,,,
1341,10.76,18.27,2.37,0,0.01,0,-0.66,5.99,19.86,-64.39,-13.84,2.97,-7.79,-10.87,-18.66,,,,,
1351,10.62,15.9,6.15,0,0.04,0,0.39,5.83,22.11,-65.99,-13.28,2.97,-4.94,-10.31,-15.26,,,,,
1361,5.72,17.83,4.81,0,0.23,0,-0.13,3.38,21.13,-63.58,-13.77,2.97,-10.6,-10.8,-21.4,,,,,
1371,13.72,21.31,4,0,-0.07,0,1.16,6.75,20.39,-68.02,-13.75,2.99,-0.76,-10.75,-11.52,,,,,
1381,8.45,19.05,3.1,0,0.09,0,-1.54,4.87,18.79,-64,-14.59,3.05,-11.19,-11.55,-22.74,,,,,
1391,5.11,22.04,5.9,0,0.14,0,2.48,5.66,23.37,-64.81,-14.19,2.96,-0.1,-11.24,-11.34,,,,,
1401,8.18,17.11,3.95,0,0.24,0,2.54,3.78,19.91,-63.34,-13.27,3.03,-7.63,-10.24,-17.87,,,,,
1411,7.11,19.72,2.66,0,0.06,0,-1.69,5.2,19.75,-67.34,-13.25,3.03,-14.52,-10.22,-24.75,,,,,
1421,9.48,23.18,2.65,0,0.13,0,-0.76,4.96,19.76,-67.55,-12.92,2.98,-8.14,-9.94,-18.08,,,,,
1431,9.54,22.92,5.01,0,1.03,0,-0.27,5.61,20.24,-67.64,-13.04,2.94,-3.55,-10.11,-13.66,,,,,
1441,12.76,15.79,1.9,0,0.21,0,-0.33,3.54,20.69,-63.74,-13.32,2.99,-9.16,-10.33,-19.49,,,,,
1451,9.58,23.99,4.28,0,0.28,0,0.4,5.99,19.18,-66.22,-13.28,3.01,-2.53,-10.27,-12.8,,,,,
1461,7.31,20.58,3.81,0,0.06,0,-0.62,5.98,22.96,-66.92,-13.21,2.98,-6.84,-10.23,-17.07,,,,,
1471,6.26,18.69,3.35,0,0.08,0,0.09,4.7,19.07,-64.96,-13.82,3.01,-12.71,-10.82,-23.53,,,,,
1481,7.9,24.94,1.88,0,0.12,0,-0.71,3.48,20.05,-65.04,-13.29,2.99,-7.39,-10.3,-17.69,,,,,
1491,9.04,20.12,3.09,0,0.01,0,0.62,5.26,20.33,-67.54,-13.19,3,-9.08,-10.19,-19.27,,,,,
1501,8.15,19.75,3.04,0,0.11,0,0.44,5.7,21.98,-64.65,-14.24,2.98,-5.47,-11.26,-16.73,,,,,
1511,10.25,20.69,2.11,0,0.08,0,0.75,5.29,22.75,-67.14,-12.93,2.97,-5.21,-9.96,-15.18,,,,,
1521,6.84,19.24,2.61,0,0.03,0,-0.13,4.42,21.23,-65.11,-13.25,3.01,-10.87,-10.24,-21.11,,,,,
1531,9.77,17.93,4.65,0,0.1,0,-0.94,4.3,17.95,-65.38,-13.14,3.02,-11.63,-10.12,-21.75,,,,,
1541,9.26,16.06,5.76,0,0.25,0,-0.17,5.3,19.56,-65.55,-13.73,3.06,-9.53,-10.67,-20.19,,,,,
1551,8.38,15.86,1.44,0,0.16,0,2.86,5.04,22.52,-67.28,-12.99,2.97,-11.02,-10.03,-21.05,,,,,
1561,7.06,21.28,0.5,0,0.02,0,0.23,4.91,23.55,-65.23,-13.22,2.99,-7.68,-10.23,-17.91,,,,,
1571,9.18,19.3,-0.57,0,0.1,0,-0.36,5.77,18.05,-65.72,-13.71,3.01,-14.24,-10.7,-24.94,,,,,
1581,9.49,20.57,0.91,0,0.03,0,-1.02,5.04,16.36,-64.65,-14.02,3.03,-13.27,-10.98,-24.26,,,,,
1591,9.22,16.44,2.58,0,0.03,0,1.56,5.03,19.41,-64.99,-13.18,2.95,-10.72,-10.23,-20.95,,,,,
1601,10.47,18.07,2.58,0,0.02,0,-0.78,5.52,19.04,-65.43,-13.99,3,-10.52,-10.99,-21.51,,,,,
1611,5.73,19.97,0.99,0,0.09,0,-0.29,4.78,23.34,-65.77,-12.63,3,-11.17,-9.64,-20.8,,,,,
1621,7.94,21.99,2.09,0,0,0,0.87,4.76,24.1,-64.4,-13.58,3,-2.66,-10.59,-13.25,,,,,
1631,11.83,18.58,5.04,0,0.36,0,-0.78,5,20.5,-65.07,-13.66,2.97,-4.55,-10.68,-15.23,,,,,
1641,8.19,16.63,5.54,0,-0.06,0,-2.02,5.84,21.14,-67.98,-12.98,2.96,-12.72,-10.02,-22.75,,,,,
1651,8.58,26.28,2.95,0,0.03,0,-0.78,5.24,19.53,-67.4,-12.65,3.02,-5.57,-9.62,-15.2,,,,,
1661,8.4,25.86,3.1,0,0.17,0,-0.61,5.65,20.14,-65.2,-13.7,2.99,-2.49,-10.71,-13.2,,,,,
1671,8.55,18.56,2.19,0,0.08,0,0.45,5.11,18.91,-66.11,-13.06,3.03,-12.27,-10.03,-22.3,,,,,
1681,6.43,17.79,3.72,0,0.17,0,1.69,5.56,26.26,-67.53,-12.1,2.94,-5.91,-9.16,-15.08,,,,,
1691,12.84,19.89,1.58,0,0.11,0,1.5,6.09,19.69,-66.74,-13.08,2.99,-5.04,-10.09,-15.13,,,,,
1701,8.56,28.12,6.24,0,0.16,0,-1.59,5.87,23,-68.61,-13.01,3,1.75,-10.01,-8.27,,,,,
1711,10.66,14.8,4.57,0,0.09,0,-1.6,4.8,18.56,-64.9,-14.04,3.01,-13.02,-11.03,-24.05,,,,,
1721,7.98,20.5,5.34,0,0.33,0,-1.65,5.02,23.21,-64.76,-13.87,3.05,-4.03,-10.83,-14.86,,,,,
1731,7.67,24.37,2.05,0,-0.05,0,0.42,6.6,19.57,-66.72,-13.92,2.99,-6.09,-10.93,-17.02,,,,,
1741,8.92,19.37,5.48,0,0.1,0,0.11,4.59,17.67,-65.73,-13.18,3.02,-9.5,-10.16,-19.66,,,,,
1751,10.04,19.48,3.61,0,0.06,0,-1,5.69,18.5,-67.51,-13.5,2.99,-11.14,-10.52,-21.66,,,,,
1761,5.48,19.34,2.09,0,0.12,0,0.22,5.12,23.04,-65.35,-13.43,3.01,-9.93,-10.41,-20.34,,,,,
1771,5.94,17.44,6.3,0,0.14,0,1.15,3.81,20.78,-65.01,-13.24,2.99,-9.45,-10.25,-19.7,,,,,
1781,7.83,18.2,5.23,0,0.18,0,2.42,3.84,22.14,-64.8,-12.49,3.01,-4.96,-9.47,-14.43,,,,,
1791,8.03,18.12,2.12,0,0.08,0,0.33,4.37,20.7,-65.1,-12.65,3.02,-11.35,-9.63,-20.98,,,,,
1801,7.96,18.03,3.38,0,0.02,0,0.74,5.5,22.92,-67.18,-12.55,3.01,-8.64,-9.54,-18.18,,,,,
1811,5.99,24.78,2.26,0,0.15,0,0.42,5.91,21.73,-67.04,-12.89,3.02,-5.8,-9.87,-15.67,,,,,
1821,2.65,16.7,4.44,0,0.25,0,2.91,3.8,25.15,-65.77,-12.57,3,-9.88,-9.57,-19.45,,,,,
1831,5.06,25.26,1.16,0,0.2,0,0.55,3.95,24.25,-65.55,-12.74,2.96,-5.12,-9.78,-14.9,,,,,
1841,12.09,21.69,0.17,0,0.04,0,-0.85,5.05,16.39,-65.29,-13.49,3.06,-10.71,-10.43,-21.14,,,,,
1851,12.7,27.72,0.22,0,0.08,0,-0.03,6.2,22.9,-65.52,-14.14,3.05,4.28,-11.09,-6.81,,,,,
1861,7.45,28.95,4.54,0,0.21,0,-0.92,4.68,18.99,-63.78,-14.26,3.02,0.1,-11.25,-11.15,,,,,
1871,9.63,25.48,10.58,0,0.16,0,-1.2,6.14,20.58,-67.51,-12.72,3.04,3.85,-9.68,-5.83,,,,,
1881,9.17,28.17,2.93,0,0.04,0,-1.08,5.85,19.39,-67.97,-13.64,3.03,-3.49,-10.61,-14.1,,,,,
1891,13.31,21.84,0.61,0,0.12,0,2.29,5.57,21.01,-64.62,-13.08,3.03,0.12,-10.05,-9.93,,,,,
1901,12.12,20.04,2.63,0,-0.03,0,1.95,6.38,18.72,-68.57,-14.04,2.99,-6.76,-11.05,-17.82,,,,,
1911,12.23,25.4,0.35,0,0.07,0,-0.92,5.09,18.37,-67.27,-13.36,3.01,-6.67,-10.35,-17.02,,,,,
1921,7.2,19.42,5.01,0,0.06,0,1.28,2.94,22.06,-64.09,-13.02,3.01,-6.13,-10.01,-16.14,,,,,
1931,11.83,13.63,3.01,0,0.04,0,0.77,4.99,23.86,-67.94,-12.45,2.96,-9.83,-9.48,-19.31,,,,,
1941,8.32,18.59,8.53,0,0.22,0,3.38,4.23,21.14,-65.01,-12.64,3,-0.59,-9.64,-10.23,,,,,
1951,12.99,19.8,3.29,0,0.05,0,2.47,4.21,18.37,-65.25,-13.41,3.03,-4.08,-10.38,-14.46,,,,,
1961,9.6,22.04,1.93,0,0.06,0,1.94,4.65,20.55,-66.52,-13.35,3.01,-5.75,-10.33,-16.09,,,,,
1971,10.58,19.81,4.86,0,0.33,0,-0.56,5.23,19.93,-64.97,-13.99,3.05,-4.79,-10.95,-15.74,,,,,
1981,6.07,20.7,0.33,0,0.08,0,-1.12,4.21,21.14,-64.72,-13.1,3,-13.31,-10.1,-23.41,,,,,
1991,7.24,16.21,2.71,0,-0.02,0,-0.19,5.56,21.49,-66.9,-12.89,2.97,-13.91,-9.93,-23.84,,,,,
2001,14.6,14.21,1.37,0,0.08,0,-0.39,5.1,20.47,-65.71,-13.41,2.99,-10.28,-10.42,-20.71,,,,,
2011,9.05,18.56,5.64,0,0.04,0,0.19,5.45,20.7,-66.14,-14.03,2.99,-6.51,-11.04,-17.55,,,,,
2021,8.9,23.63,7.95,0,0.34,0,-0.16,5.32,21.7,-66.74,-12.77,3,0.95,-9.77,-8.82,,,,,
2031,7.07,19.36,2.54,0,0.08,0,1.92,3.88,22.01,-64.05,-13.46,2.98,-7.2,-10.48,-17.67,,,,,
2041,9.71,18.76,5.79,0,0.08,0,-0.9,5.99,24.32,-68.37,-12.38,2.99,-4.62,-9.4,-14.02,,,,,
2051,9.9,21.61,6.57,0,0.32,0,-0.91,5.2,20.69,-66.37,-14.13,3.03,-2.99,-11.1,-14.09,,,,,
2061,7.5,17.57,3.51,0,-0.03,0,-1.75,5.12,19.89,-66.24,-12.95,2.97,-14.42,-9.98,-24.4,,,,,
2071,10.83,21.54,1.52,0,0.07,0,-0.81,5.25,19.23,-63.99,-14.22,3.04,-6.37,-11.19,-17.56,,,,,
2081,8.35,28.26,7.9,0,0.5,0,-0.32,5.23,18.17,-67.6,-12.78,3.03,0.5,-9.75,-9.25,,,,,
2091,6.04,17.78,5.73,0,0.15,0,-1.14,4.16,21.54,-65.37,-13.21,2.99,-11.11,-10.22,-21.33,,,,,
2101,10.12,19.79,4.16,0,0.04,0,-1.56,4.16,20.06,-65.7,-13.44,3.01,-8.94,-10.43,-19.36,,,,,
2111,11.65,22.25,4.11,0,0.07,0,-1.56,4.69,20.97,-65.18,-14.1,3.01,-3.01,-11.09,-14.09,,,,,
2121,9.19,24.5,2.2,0,0.01,0,2.33,3.64,20.44,-65.77,-13.32,3.04,-3.46,-10.29,-13.74,,,,,
2131,7.47,14.92,3.75,0,-0.14,0,-0.53,4.86,20.16,-66.51,-13.14,2.99,-16.02,-10.15,-26.17,,,,,
2141,6.15,16.35,0.3,0,0.05,0,-0.05,4.89,20.1,-63.89,-14.13,3.02,-16.11,-11.11,-27.22,,,,,
2151,10.76,19.11,3.37,0,0.12,0,0.56,4.89,18.78,-64.51,-14.33,3.05,-6.92,-11.28,-18.2,,,,,
2161,9.34,21.23,2.12,0,0.04,0,-1.57,5.28,18.06,-65.8,-13.65,3.02,-11.3,-10.63,-21.93,,,,,
2171,5.12,26.95,4.31,0,0.09,0,-1.59,4.57,21.61,-66.51,-12.55,3.02,-5.45,-9.52,-14.98,,,,,
2181,8.05,22.34,3.38,0,0.03,0,0.26,4.57,20.02,-63.68,-13.5,2.99,-5.04,-10.5,-15.54,,,,,
2191,8.59,20.7,3.86,0,0.09,0,1,4.95,20.6,-66.43,-12.64,2.97,-6.65,-9.67,-16.32,,,,,
2201,6.53,17.89,4.11,0,0.24,0,0.48,3.89,25.3,-65.15,-12.34,2.97,-6.71,-9.37,-16.08,,,,,
2211,10.09,17.44,4.92,0,0.07,0,-0.51,5.38,19.46,-66.03,-13.34,2.99,-9.18,-10.34,-19.53,,,,,
2221,9.17,23.85,4.53,0,0.16,0,-0.78,4.88,20.96,-64.18,-13.04,3.02,-1.42,-10.02,-11.43,,,,,
2231,7.26,18.32,1.72,0,0.09,0,-0.26,5.39,20.5,-66.59,-13.21,3.02,-13.57,-10.19,-23.76,,,,,
2241,9.47,15.5,2.3,0,0.07,0,0.27,4.97,19.99,-64.97,-13.13,3.01,-12.39,-10.11,-22.51,,,,,
2251,9.97,23.17,3.47,0,0.07,0,-0.76,5.12,17.22,-65.95,-14.13,3.04,-7.69,-11.1,-18.79,,,,,
2261,7.68,24.31,4.99,0,-0.06,0,0.71,4.92,18.55,-67.68,-12.63,2.98,-6.58,-9.65,-16.23,,,,,
2271,3.53,18.56,3.16,0,0.03,0,1.02,5.52,23.65,-66.34,-13.6,3.05,-10.87,-10.55,-21.42,,,,,
2281,10.46,20.48,0.3,0,0,0,0.71,4.92,20,-65.81,-13.65,3,-8.95,-10.65,-19.6,,,,,
2291,7.97,21.43,2.51,0,0.1,0,0.76,3.41,17.35,-65.8,-12.2,3.07,-12.26,-9.14,-21.4,,,,,
2301,8.4,16.84,4.76,0,0,0,3.27,5.45,24.12,-65.3,-13.2,3.03,-2.47,-10.17,-12.64,,,,,
2311,6.45,18.93,2.73,0,0.22,0,1.25,3.73,19.23,-66.63,-12.44,3,-14.1,-9.44,-23.54,,,,,
2321,11.08,16.94,0.25,0,0.09,0,1.93,4.77,21.51,-65.97,-12.97,3.03,-9.4,-9.95,-19.35,,,,,
2331,11.2,20.93,4.11,0,0.19,0,-2.02,4.96,18.28,-65.5,-13.37,3.06,-7.83,-10.31,-18.14,,,,,
2341,8.1,17.47,3.51,0,0.1,0,-0.65,5.24,22.29,-67.4,-12.79,3,-11.34,-9.79,-21.14,,,,,
2351,7.16,23.7,3.06,0,0.06,0,2.19,5.26,23.41,-67.26,-13.27,3,-2.42,-10.27,-12.7,,,,,
2361,8.11,24.81,3.57,0,0.07,0,0.04,4.7,19.6,-65.04,-13.52,3.07,-4.13,-10.45,-14.58,,,,,
2371,10.11,12.43,1.91,0,0.03,0,0.07,5.42,19.07,-66.11,-13.33,3.01,-17.08,-10.31,-27.39,,,,,
2381,5.78,30.21,0.71,0,-0.01,0,-0.09,4.09,23.19,-64.55,-12.73,3,-0.68,-9.73,-10.41,,,,,
2391,6.06,19.25,3.26,0,0.09,0,-0.19,4.79,22.04,-65.94,-13.13,3,-10.63,-10.13,-20.76,,,,,
2401,8.47,18.85,6.28,0,0.1,0,0.44,5.8,19.53,-67.07,-13.64,3.04,-7.59,-10.6,-18.19,,,,,
2411,10.58,15.42,6.89,0,0.08,0,0.51,4.4,18.47,-63.99,-13.36,3.05,-7.63,-10.31,-17.94,,,,,
2421,7.68,19.15,4.4,0,0.09,0,0.53,4.66,18.02,-67.07,-13.08,3.06,-12.55,-10.02,-22.56,,,,,
2431,8.75,16.31,1.59,0,0.12,0,0.44,5.05,20.23,-63.87,-13.27,3.02,-11.38,-10.25,-21.63,,,,,
2441,5.62,23.54,2.56,0,0.1,0,0.36,5.18,22.08,-66.36,-13.11,2.99,-6.93,-10.11,-17.04,,,,,
2451,11.15,18.44,4.43,0,0.03,0,1.55,4.64,17.93,-64.83,-13.54,3.07,-6.66,-10.48,-17.14,,,,,
2461,7.57,18.67,1.3,0,0.25,0,1.39,4.67,19.67,-64.93,-13.48,3.05,-11.41,-10.44,-21.85,,,,,
2471,14.56,20.62,1.28,0,0.02,0,-1.43,2.79,15.41,-63.95,-13.57,3.05,-10.7,-10.52,-21.22,,,,,
2481,7.95,26.69,3.24,0,0.08,0,-0.17,5.05,18.9,-65.83,-13.64,3.04,-4.09,-10.6,-14.69,,,,,
2491,7.59,18.72,0.7,0,0.01,0,-0.32,5.46,19.75,-66.95,-12.53,3.02,-15.04,-9.51,-24.55,,,,,
2501,8.05,17.51,2.68,0,0.15,0,-0.57,4.84,19.73,-65.81,-13.4,3.01,-13.42,-10.39,-23.81,,,,,
2511,9.4,17.29,6.32,0,-0.06,0,1.09,5.35,22.23,-66.84,-13.08,3.02,-5.21,-10.06,-15.27,,,,,
2521,10.4,17.22,-0.87,0,0.02,0,0.62,5.56,20.23,-66.29,-14.06,3.04,-13.11,-11.02,-24.13,,,,,
2531,11.15,22.61,2.44,0,0.14,0,-0.68,5.15,19.38,-65.48,-13.76,3,-5.29,-10.77,-16.05,,,,,
2541,14.19,20.98,5.84,0,0.25,0,-0.41,4.74,20,-66.67,-13.8,3.04,-1.08,-10.76,-11.84,,,,,
2551,7.17,24.03,3.56,0,0.14,0,0.43,5.16,20.83,-66.44,-12.5,3.03,-5.13,-9.47,-14.6,,,,,
2561,14.89,21,3,0,0.09,0,-0.39,3.78,20.22,-64.73,-13.19,3,-2.14,-10.19,-12.33,,,,,
2571,11.23,24.02,-0.24,0,0.02,0,2.04,4.59,17.81,-64.04,-14.13,3.08,-4.56,-11.06,-15.62,,,,,
2581,6.26,21.12,-0.4,0,-0.05,0,0.84,3.43,21.28,-65,-12.76,3,-12.52,-9.75,-22.28,,,,,
2591,7.21,26.86,3.83,0,0.16,0,0.88,2.86,21.35,-64.49,-13.03,3.02,-1.34,-10.01,-11.35,,,,,
2601,12.68,23.85,0.89,0,0.1,0,-0.5,4.51,19.39,-66.11,-13.54,2.96,-5.2,-10.58,-15.77,,,,,
2611,6.29,19.66,5.11,0,0.25,0,-0.9,4.14,24.38,-66.04,-13.16,2.99,-7.1,-10.17,-17.27,,,,,
2621,7.94,20.84,5.41,0,0.18,0,-0.42,3.21,23.78,-64.71,-13.12,2.99,-3.77,-10.13,-13.9,,,,,
2631,6.2,14.59,4.67,0,0.22,0,0.04,5.49,20.85,-66.83,-13.17,2.99,-14.78,-10.18,-24.96,,,,,
2641,13.43,26.46,5.35,0,0.17,0,0.09,5.89,19.4,-65.05,-14.44,3.07,5.73,-11.37,-5.64,,,,,
2651,10.11,20.68,1.57,0,0.06,0,0.04,4.03,20.11,-65.02,-13.31,2.98,-8.43,-10.33,-18.77,,,,,
2661,7.62,16.37,3.82,0,0.17,0,2.11,4.77,19.33,-66.06,-13.19,3.03,-11.87,-10.16,-22.03,,,,,
2671,9.24,25.99,3.73,0,0.21,0,0.42,5.23,21.15,-67.18,-12.86,3.05,-1.22,-9.81,-11.03,,,,,
2681,5.4,18.91,5.77,0,0.04,0,1.78,5.35,20.98,-64.97,-13.32,3.03,-6.75,-10.29,-17.04,,,,,
2691,7.97,18.63,2.06,0,0.07,0,-1.26,4.65,22.59,-64.91,-13.58,3.04,-10.21,-10.54,-20.75,,,,,
2701,8.51,22.61,4.05,0,0.16,0,-0.97,4.41,19.27,-66.18,-13,3,-8.14,-10,-18.14,,,,,
2711,8.58,21.06,0.22,0,0.06,0,3.14,5.54,20.88,-67.6,-13.02,3.02,-8.12,-10,-18.12,,,,,
2721,6.66,14.24,2.66,0,0.23,0,3.09,5.9,27.89,-67.03,-12.48,2.95,-6.38,-9.53,-15.91,,,,,
2731,12.2,18.79,3.05,0,0.19,0,-0.7,4.61,22.66,-64.48,-13.59,2.97,-3.67,-10.61,-14.28,,,,,
2741,6.33,25.51,4.56,0,0.48,0,0.23,4.35,20.87,-66.93,-12.47,2.99,-4.6,-9.48,-14.08,,,,,
2751,6.02,15.09,1.54,0,0.01,0,1.41,5.83,24.21,-66.73,-12.18,2.97,-12.62,-9.21,-21.83,,,,,
2761,4.84,20.56,1.12,0,-0.02,0,0.7,5.51,23.01,-66.54,-13.37,2.98,-10.83,-10.39,-21.22,,,,,
2771,6.06,18.83,2.85,0,-0.03,0,1.55,5.44,23.87,-66.83,-12.8,3.01,-8.27,-9.79,-18.06,,,,,
2781,9.62,16.62,3.85,0,0.02,0,0.81,4.19,21.21,-64.95,-12.63,3.02,-8.64,-9.61,-18.25,,,,,
2791,14.13,25.87,2.07,0,0.07,0,-0.61,3.97,17.52,-65.08,-14.54,3.01,-2.06,-11.53,-13.59,,,,,
2801,7.9,17.27,1.61,0,0.04,0,1.78,3.83,20.62,-65.11,-12.47,3.02,-12.05,-9.45,-21.5,,,,,
2811,8.53,18.91,4.05,0,0.11,0,1.05,4.09,21.21,-65.45,-12.92,3,-7.49,-9.91,-17.41,,,,,
2821,6.14,16.81,3.25,0,0.25,0,1.41,5.31,24.14,-67.54,-12.36,2.95,-10.24,-9.41,-19.65,,,,,
2831,6.5,17.03,7.19,0,0.25,0,0.18,4.8,20.88,-65.72,-13.39,2.99,-8.89,-10.41,-19.3,,,,,
2841,5.59,17.87,3.22,0,0.14,0,-1.62,4.09,23.05,-65.04,-12.68,3.03,-12.7,-9.65,-22.35,,,,,
2851,13.27,24.13,4.11,0,0.4,0,-2.05,6.45,19.8,-67.52,-14.14,3,-1.41,-11.13,-12.54,,,,,
2861,7.98,22.58,3.91,0,0.07,0,-1.09,5.79,24.28,-68.38,-13.62,2.98,-4.86,-10.64,-15.5,,,,,
2871,8.42,18.3,2.97,0,0.11,0,-0.46,5.01,20.71,-66.75,-13.17,2.98,-11.69,-10.19,-21.87,,,,,
2881,5.54,22.63,1.72,0,0.03,0,2.35,5.52,20.92,-66.27,-14.05,2.99,-7.57,-11.07,-18.63,,,,,
2891,6.24,15.86,2.78,0,0.18,0,0.74,5.36,20.17,-67.3,-13.55,3.01,-15.98,-10.54,-26.52,,,,,
2901,6.99,24.83,1.35,0,0.1,0,0.85,3.99,21.4,-63.38,-13.08,2.99,-3.87,-10.09,-13.96,,,,,
2911,6.77,20.85,5.37,0,0.11,0,1.13,4.72,21.54,-65.52,-13.21,2.96,-5.03,-10.25,-15.28,,,,,
2921,6.16,18.5,0.5,0,0.02,0,0.36,5.94,19.16,-66.72,-13.29,3,-16.08,-10.29,-26.36,,,,,
2931,6.4,15.58,3.12,0,0.2,0,-0.8,5.73,20.5,-65.68,-13.88,3.02,-14.95,-10.85,-25.8,,,,,
2941,11.77,20.5,-1.12,0,0.14,0,1.89,5.64,19.38,-65.9,-13.93,3.04,-7.69,-10.89,-18.59,,,,,
2951,10.39,16.18,6.43,0,0.23,0,2.35,5.3,22.53,-67.27,-12.91,2.98,-3.87,-9.93,-13.8,,,,,
2961,7.99,18.74,1.84,0,0.08,0,2.16,4.53,19.66,-63.86,-13.88,2.98,-8.85,-10.9,-19.76,,,,,
2971,11.54,20.89,3.01,0,0.11,0,-1.6,5.34,22.13,-65.45,-13.86,2.98,-4.02,-10.88,-14.9,,,,,
2981,6.89,21.02,1.91,0,0,0,-0.46,5.31,22.22,-67.2,-13.12,2.99,-10.31,-10.14,-20.44,,,,,
2991,12.84,25.42,2.6,0,-0.03,0,0.42,5.1,17.8,-66.34,-12.96,3,-2.19,-9.96,-12.15,,,,,
3001,6.28,20.37,2.58,0,0.08,0,1.3,5.63,21.37,-67.03,-13.48,2.99,-9.43,-10.49,-19.91,,,,,
3011,5.51,21.44,8.94,0,0.03,0,1.55,3.82,24.11,-65.09,-12.68,2.96,0.31,-9.72,-9.41,,,,,
3021,8.98,15.76,6.61,0,0.04,0,2.91,6.32,19.1,-65.49,-13.98,3.06,-5.77,-10.92,-16.69,,,,,
3031,7,17.12,1.26,0,-0.06,0,2.68,4.94,23.12,-67.06,-12.55,2.99,-11,-9.56,-20.56,,,,,
3041,6.91,18.68,3.51,0,0.19,0,2.35,3.96,23.14,-62.72,-13.56,2.98,-3.98,-10.58,-14.57,,,,,
3051,5.18,27.05,4.33,0,0.03,0,-0.79,5.5,22.79,-64.39,-13.32,2.98,-0.3,-10.34,-10.64,,,,,
3061,9.16,13.36,3.71,0,0.04,0,0.68,5.71,21.61,-67.65,-12.41,2.97,-13.38,-9.44,-22.81,,,,,
3071,13.6,15.02,5.72,0,0.23,0,-1.39,4.35,18.05,-64.5,-13.63,3.04,-8.93,-10.59,-19.52,,,,,
3081,4.67,22.07,2.31,0,0.19,0,-0.79,5.07,22.46,-66.35,-13.37,2.99,-10.37,-10.38,-20.76,,,,,
3091,7.76,27.55,6.37,0,0.07,0,-0.9,6.32,23.58,-67.12,-13.01,2.99,3.62,-10.02,-6.39,,,,,
3101,8.7,17.51,1.9,0,0.02,0,-0.73,5.48,20.19,-65.89,-13.13,2.99,-12.81,-10.13,-22.94,,,,,
3111,5.45,26.04,2.46,0,0.15,0,0.29,4.79,20.79,-65.57,-13.09,2.98,-5.59,-10.11,-15.7,,,,,
3121,8.01,12.79,0.41,0,0.03,0,0.63,5.39,20.24,-64.83,-13.61,3.02,-17.32,-10.59,-27.91,,,,,
3131,3.37,18.27,0,0,0.07,0,1.78,6.33,23.81,-67,-13.08,2.99,-13.37,-10.09,-23.46,,,,,
3141,12.36,25.36,3.54,0,-0.02,0,1.1,5.9,18.78,-66.47,-13.8,3.03,0.56,-10.78,-10.22,,,,,
3151,5.4,19.4,-0.27,0,0.01,0,0.71,4.51,19.71,-64.99,-13.41,3.04,-15.52,-10.38,-25.9,,,,,
3161,10.92,22.41,2.37,0,0.05,0,0.03,5.59,19.58,-67.06,-12.85,3,-6.11,-9.85,-15.97,,,,,
3171,9.52,19.02,3.51,0,-0.02,0,-0.79,6.31,22.9,-65.6,-14.24,3,-5.15,-11.24,-16.39,,,,,
3181,5.47,23.63,1.91,0,0.26,0,-1.3,2.96,20.87,-63.46,-13.03,2.99,-9.65,-10.03,-19.69,,,,,
3191,16.05,20.68,1.06,0,0.02,0,2.39,4.22,17.98,-66.67,-12.51,3.02,-4.27,-9.49,-13.77,,,,,
3201,8.51,18.59,5.97,0,0.16,0,-1.16,4.27,22.97,-65.02,-12.5,3.02,-5.71,-9.48,-15.2,,,,,
3211,9.35,15.28,2.34,0,-0.04,0,0.44,5.2,22.69,-64.97,-14.13,2.98,-9.71,-11.15,-20.87,,,,,
3221,6.12,23.72,2.42,0,0.34,0,-0.7,3.46,19.5,-63.18,-13.44,3.02,-8.31,-10.42,-18.73,,,,,
3231,8.3,17.31,2.28,0,-0.01,0,-0.73,4.59,21.9,-66.03,-12.66,3,-12.41,-9.66,-22.06,,,,,
3241,7.89,16.24,2.83,0,0.16,0,0.47,5.73,19.55,-66.3,-13.12,3,-13.43,-10.12,-23.55,,,,,
3251,10.04,16.47,2.84,0,0.1,0,-1.28,4.22,19.13,-65.18,-13.8,3.01,-13.65,-10.79,-24.44,,,,,
3261,11.86,28.63,0.93,0,0.07,0,-2.12,3.93,17.61,-64.28,-14.48,3.06,-3.37,-11.43,-14.79,,,,,
3271,5.58,18.05,3.34,0,0.08,0,-0.26,4.1,23.9,-66.74,-12.03,2.97,-11.96,-9.06,-21.02,,,,,
3281,7.34,21.08,2.46,0,0.09,0,1.21,5.5,26.23,-68.65,-12.32,2.95,-4.75,-9.37,-14.12,,,,,
3291,11.13,19.53,1.37,0,-0.02,0,2.9,4.41,24.41,-65.27,-12.45,2.98,-1.55,-9.47,-11.02,,,,,
3301,5.93,16.49,2.18,0,0.04,0,3.15,4.44,22.66,-66.5,-12.09,2.98,-11.6,-9.1,-20.7,,,,,
3311,8.06,28.13,4.74,0,0.15,0,-1.45,5.04,19.97,-67.32,-13.2,3,-2.67,-10.2,-12.87,,,,,
3321,7.77,19.6,1.3,0,0.04,0,0.98,5.12,20.78,-66.25,-13.34,2.96,-10.66,-10.38,-21.04,,,,,
3331,7.33,19.16,2.57,0,0.06,0,1.12,5.88,22.1,-66.08,-13.58,3,-7.86,-10.58,-18.44,,,,,
3341,8.74,16.6,4.65,0,0.02,0,0.43,6.24,23.42,-67.17,-13.1,2.99,-7.06,-10.11,-17.17,,,,,
3351,9.45,15.83,5.31,0,0.1,0,2.26,5.32,22.66,-65.61,-13.55,3.02,-4.68,-10.52,-15.21,,,,,
3361,4.35,21.14,3.62,0,0.14,0,3,5.1,21.85,-66.77,-12.82,3.04,-7.56,-9.77,-17.33,,,,,
3371,5.4,17.36,3.45,0,0.05,0,-0.98,5.07,22.59,-67.27,-12.43,2.94,-14.33,-9.48,-23.81,,,,,
3381,8.46,23.93,2.77,0,0.02,0,-0.22,4.29,20.28,-65.24,-13.36,2.99,-5.72,-10.37,-16.1,,,,,
3391,4.87,20.66,0.02,0,0.01,0,0.52,4.49,21.42,-66.06,-12.5,3.01,-14.07,-9.49,-23.56,,,,,
3401,7.82,23.78,1.24,0,-0.01,0,1.22,4.18,21.18,-65.55,-13.3,3.02,-6.15,-10.28,-16.44,,,,,
3411,8.25,20.95,3.59,0,0.01,0,2.16,4.53,20.92,-66.13,-12.8,2.99,-5.72,-9.82,-15.54,,,,,
3421,12.06,21.18,4.23,0,0.06,0,-0.69,5.64,17.08,-65.35,-14.7,3.09,-5.78,-11.61,-17.39,,,,,
3431,7.02,25.46,2.06,0,0.05,0,-0.93,4.9,23.45,-64.57,-13.56,2.99,-2.56,-10.57,-13.13,,,,,
3441,7.32,24.4,3.44,0,0.07,0,0.31,4,22.13,-64.3,-13.64,3.03,-2.63,-10.61,-13.24,,,,,
3451,6.71,19.9,2.81,0,0.09,0,1.21,5.45,22.05,-66.53,-12.9,3,-8.32,-9.9,-18.22,,,,,
3461,4.48,19.74,1.55,0,0.06,0,-1.62,3.88,20.94,-65.79,-12.49,2.99,-16.75,-9.5,-26.25,,,,,
3471,8.76,21.47,2.71,0,0.02,0,0.94,6.2,22.08,-68.26,-13.45,3.02,-6.07,-10.43,-16.51,,,,,
3481,7.18,18.32,3.92,0,0.05,0,0.6,4.93,20.53,-66.18,-13.28,3.01,-10.66,-10.27,-20.93,,,,,
3491,9.63,18.42,3.78,0,-0.03,0,-0.31,4.91,21.48,-65.94,-12.31,2.98,-8.06,-9.33,-17.39,,,,,
3501,5.23,18.51,2.49,0,0.02,0,3.19,3.91,24.55,-66.3,-12.02,3.01,-8.4,-9.02,-17.42,,,,,
3511,8.93,25.36,-0.72,0,0.2,0,1.39,3.53,17.85,-65.16,-12.95,2.98,-8.61,-9.97,-18.58,,,,,
3521,10.81,16.83,5.24,0,0.11,0,0.71,5.17,20.49,-66.64,-12.8,3.05,-7.28,-9.75,-17.03,,,,,
3531,9.31,16.43,2.47,0,0.14,0,2.74,4.98,21.21,-64.55,-13.68,3.03,-7.26,-10.65,-17.91,,,,,
3541,10.46,21.27,1.44,0,0.03,0,0.53,4.54,21.76,-66.08,-12.34,3.01,-6.06,-9.32,-15.38,,,,,
3551,8.78,20.85,1.95,0,0.04,0,-1.06,4.01,18.24,-64.75,-13.42,2.99,-11.94,-10.44,-22.38,,,,,
3561,8.14,24.75,3.51,0,0.26,0,-0.99,6.37,22.68,-66.1,-14.02,2.99,-1.38,-11.03,-12.4,,,,,
3571,12.21,21.22,1.52,0,0.11,0,-0.96,4.41,17.83,-64.67,-14.01,3.02,-8.34,-10.99,-19.33,,,,,
3581,10.55,30.69,4.9,0,0.54,0,0.64,5.17,21.6,-66.58,-13.91,3.01,7.52,-10.9,-3.39,,,,,
3591,10.12,23.51,2.92,0,0.05,0,-1.51,4.42,21.78,-64.27,-12.85,2.99,-2.98,-9.86,-12.84,,,,,
3601,10.06,18.78,2.43,0,0.11,0,-0.12,4.2,19.39,-65.04,-13.52,3.01,-10.19,-10.51,-20.7,,,,,
3611,5.89,18.41,1.09,0,0.04,0,-0.47,4.68,22.53,-64.75,-12.97,2.99,-12.58,-9.98,-22.56,,,,,
3621,5.89,27.14,0.83,0,0.03,0,0.85,5.82,24.83,-69.61,-12.04,2.95,-4.22,-9.09,-13.3,,,,,
3631,8.14,17.88,4.64,0,0.15,0,1.83,3.87,20.82,-66.3,-12.33,3.05,-8.97,-9.29,-18.25,,,,,
3641,9.74,15.26,6.23,0,0.06,0,-1.04,3.67,21.27,-63.34,-13.34,3,-8.16,-10.34,-18.49,,,,,
3651,16.86,16.74,4.14,0,-0.05,0,-0.48,5.38,18.92,-67.24,-13.22,3,-5.74,-10.22,-15.96,,,,,
3661,6.43,22.09,3.54,0,-0.09,0,1.39,5.15,22.7,-68.39,-12.72,3.04,-7.17,-9.68,-16.85,,,,,
3671,6.71,18.52,3.33,0,0.18,0,0.62,4.79,23.75,-65.56,-13.52,2.99,-7.65,-10.53,-18.18,,,,,
3681,6.98,28.87,1.61,0,0,0,1.25,2.12,20.72,-64.44,-12.3,3.04,-2.89,-9.26,-12.15,,,,,
3691,5.78,21.01,0.83,0,0.07,0,0.65,3.61,19.67,-64.08,-12.74,3,-12.46,-9.74,-22.2,,,,,
3701,10.65,25.21,3.51,0,0.05,0,-2.04,2.92,19.23,-63.95,-13.15,3,-4.42,-10.15,-14.57,,,,,
3711,7.82,16.83,1.78,0,0.06,0,1.32,3.72,20.66,-64.06,-13.36,3,-11.85,-10.36,-22.21,,,,,
3721,5.26,23.58,-1.16,0,-0.02,0,1.25,3.75,20.36,-66.2,-12.09,3.01,-13.18,-9.08,-22.26,,,,,
3731,12.34,18.87,2.91,0,0.05,0,-0.07,2.9,18.12,-63.89,-12.32,2.99,-8.76,-9.32,-18.08,,,,,
3741,12.38,20.54,4.29,0,0.06,0,-1.08,4.77,18.99,-65.44,-13.47,3.04,-5.49,-10.42,-15.91,,,,,
3751,13.02,20.66,1.72,0,0.18,0,1.15,2.94,20.05,-64.51,-12.79,3.02,-4.79,-9.77,-14.56,,,,,
3761,12.08,23.71,2.79,0,0.11,0,-0.06,4.45,19.39,-66.12,-12.71,3.02,-3.65,-9.68,-13.34,,,,,
3771,8.8,24.19,-0.32,0,0.31,0,2.66,3.65,19.01,-65.15,-12.99,3.01,-6.85,-9.98,-16.83,,,,,
3781,11.5,21.87,-0.19,0,0.14,0,0.01,4.48,20.21,-65.55,-13.05,3.02,-7.54,-10.04,-17.57,,,,,
3791,7.35,24.47,6.71,0,0.08,0,-0.92,3.84,21.24,-64.94,-12.93,2.99,-2.16,-9.94,-12.1,,,,,
3801,9.91,17.88,1.14,0,0.07,0,2.83,3.3,23.16,-64.48,-11.59,3.02,-6.18,-8.57,-14.75,,,,,
3811,5.39,23.16,-0.38,0,0.02,0,3.86,3.34,22.31,-65.41,-12.05,3.01,-7.7,-9.04,-16.74,,,,,
3821,7.06,29,2.13,0,0.03,0,2.6,2.92,19.26,-64.62,-12.91,3.05,-1.62,-9.87,-11.49,,,,,
3831,8.85,14.07,1.65,0,0.19,0,0.87,4.41,23.04,-64.47,-12.26,2.99,-11.37,-9.27,-20.64,,,,,
3841,8.5,20.6,2.07,0,0.23,0,-0.84,3.5,20.72,-63.7,-13.36,3.04,-8.93,-10.32,-19.25,,,,,
3851,5.47,24.05,2.98,0,-0.01,0,0.44,3.74,20.27,-65.61,-12.66,2.99,-8.67,-9.67,-18.34,,,,,
3861,7.58,22.94,1.94,0,0.05,0,0.8,5.31,21.96,-66.17,-13.21,3.02,-5.59,-10.19,-15.78,,,,,
3871,11.07,20.42,0.81,0,0.17,0,0.92,4.07,20.56,-64.17,-13.73,3.01,-6.14,-10.73,-16.87,,,,,
3881,7.73,19.4,0.42,0,0.06,0,3.28,2.96,22.53,-66.65,-11.47,2.98,-10.26,-8.49,-18.75,,,,,
3891,7.25,25.57,4.89,0,-0.08,0,-0.85,3.46,22.41,-66.86,-12.29,2.94,-4.21,-9.34,-13.55,,,,,
3901,7.55,26.75,-1.49,0,0.09,0,0.96,3.94,22.48,-67.38,-12.27,3.02,-7.11,-9.25,-16.36,,,,,
3911,7.24,24.31,2.31,0,0.23,0,2.25,4.68,21.37,-67.37,-12.71,3.02,-4.98,-9.69,-14.66,,,,,
3921,12.56,18.15,2.61,0,0.13,0,0.96,2.77,18.82,-63.71,-13.07,3.01,-7.71,-10.06,-17.77,,,,,
3931,9.59,22.35,5.57,0,0.08,0,0.11,4.12,20.85,-65.18,-13.18,3.04,-2.49,-10.14,-12.63,,,,,
3941,7.56,22.92,6.8,0,0.6,0,2.26,3.46,20.24,-65.06,-12.76,3.03,-1.22,-9.73,-10.95,,,,,
3951,8.25,22.8,1.83,0,0.1,0,1.04,4.22,20.77,-67.13,-12.51,2.99,-8.13,-9.52,-17.64,,,,,
3961,6.32,23.42,0.4,0,0.02,0,1.13,4.36,21.23,-65.01,-12.81,2.99,-8.13,-9.81,-17.95,,,,,
3971,6.83,20.98,2.88,0,0.2,0,1.9,4.98,21.5,-65.84,-13.6,3.06,-6.57,-10.53,-17.1,,,,,
3981,7.05,25.19,3.8,0,0.37,0,-1.16,3.42,20.84,-63.48,-14.08,3.05,-3.98,-11.03,-15.01,,,,,
3991,7.01,17.97,1.62,0,0.09,0,3.63,2.93,19.8,-65.4,-12.19,3.06,-12.35,-9.12,-21.48,,,,,
4001,7.95,22.16,0.76,0,0.07,0,1.67,2.77,20.32,-65.24,-11.63,3.04,-9.54,-8.59,-18.13,,,,,
4011,11.95,16.62,6.79,0,0.25,0,2.09,2.79,20.15,-63.54,-12.57,3.04,-2.91,-9.53,-12.44,,,,,
4021,5.03,16.44,0.85,0,0.13,0,4.13,4.05,22.69,-64.45,-12.84,3.02,-11.14,-9.82,-20.96,,,,,
4031,3.61,18.15,10.9,0,0.58,0,1.36,3.86,26.12,-65.44,-13.16,2.99,-0.86,-10.17,-11.03,,,,,
4041,9.76,15.47,2.42,0,0.14,0,1.45,5.84,23.76,-67.94,-13.31,2.98,-9.11,-10.33,-19.44,,,,,
4051,4.76,28.67,2.82,0,0.09,0,-0.87,5.51,20.29,-64.96,-13.27,3,-3.69,-10.27,-13.97,,,,,
4061,10.12,20.99,2.53,0,0,0,-0.65,5.98,20.36,-68.01,-13.35,2.99,-8.66,-10.37,-19.03,,,,,
4071,9.73,26.48,1.77,0,0.07,0,0.16,6.34,20.26,-65.66,-13.87,3.03,-0.86,-10.84,-11.7,,,,,
4081,8.37,21.66,3.51,0,0.13,0,0.14,4.71,23.08,-66.52,-12.53,2.97,-4.93,-9.56,-14.49,,,,,
4091,8.91,24.76,-0.86,0,-0.05,0,-0.48,4.23,20.53,-64.47,-12.83,3,-7.42,-9.83,-17.25,,,,,
4101,9.61,14.19,2.78,0,0.03,0,-0.77,4.58,20.11,-64.47,-13.1,3,-13.95,-10.1,-24.05,,,,,
4111,11.66,20.86,4.27,0,0.05,0,1.35,6.21,20.63,-66.73,-14.05,3.03,-1.71,-11.02,-12.74,,,,,
4121,5.42,15.22,3.56,0,0.12,0,-1.52,5.68,21.74,-66.53,-13.1,2.99,-16.29,-10.1,-26.4,,,,,
4131,4.99,22.41,1.54,0,0.05,0,-0.19,4.2,21.06,-65.14,-12.88,3,-11.08,-9.88,-20.96,,,,,
4141,8.55,17.75,3.1,0,0.03,0,0.46,6.24,22.47,-67.42,-13.87,3.01,-8.82,-10.86,-19.68,,,,,
4151,11.7,14.06,0.67,0,0.02,0,0.57,5.15,18.25,-65.96,-13.11,3,-15.53,-10.11,-25.64,,,,,
4161,10.16,18.3,5.1,0,0.14,0,-0.48,4.67,19.67,-65.61,-13.52,3.01,-8.05,-10.52,-18.57,,,,,
4171,11.13,21.49,1.36,0,0.11,0,1.61,5.48,20.63,-66.43,-13.93,3.07,-4.6,-10.86,-15.46,,,,,
4181,7.44,17.49,5.85,0,0.23,0,-0.39,5.98,21.56,-66.03,-13.62,2.95,-7.87,-10.67,-18.54,,,,,
4191,4.36,19.35,1.95,0,0.17,0,2.75,5.65,21.27,-67.5,-12.77,3.03,-12,-9.74,-21.73,,,,,
4201,6.26,17.79,4,0,0.16,0,1.26,5.49,20.72,-66,-13.78,2.98,-10.32,-10.8,-21.13,,,,,
4211,6.18,21.76,4.89,0,0,0,-0.78,5.54,21.35,-67.8,-12.75,3.01,-8.87,-9.74,-18.61,,,,,
4221,6.86,16.73,2.15,0,0.16,0,1.98,4.96,25.66,-66.06,-12.71,2.96,-7.57,-9.75,-17.32,,,,,
4231,5.17,19.65,4.56,0,0.2,0,1.05,4.5,21.36,-65.64,-13.27,3.02,-9.16,-10.24,-19.41,,,,,
4241,6.76,23.39,0.95,0,0.04,0,2.41,3.89,20.58,-65.55,-12.93,3.01,-7.54,-9.91,-17.45,,,,,
4251,8.86,19.42,2.74,0,0.12,0,-0.55,4.13,19.56,-63.85,-13.72,3.03,-9.57,-10.69,-20.26,,,,,
4261,4.35,21.75,4.14,0,0.11,0,1.65,3.57,21.84,-65.29,-12.89,3,-7.88,-9.88,-17.76,,,,,
4271,8.24,18.96,1.41,0,0.05,0,0.31,4.94,22.16,-65.13,-13.46,2.99,-9.06,-10.46,-19.52,,,,,
4281,6.14,17.82,6.94,0,0.2,0,-1.92,5.01,24.04,-66.74,-12.06,2.97,-8.52,-9.09,-17.61,,,,,
4291,11.32,26.49,4.76,0,0.07,0,0.1,4.1,16.94,-66.07,-13.11,3.05,-2.29,-10.06,-12.35,,,,,
4301,7.22,24.52,5.65,0,-0.01,0,-1.65,5.53,20.64,-64.84,-13.62,2.99,-2.94,-10.63,-13.57,,,,,
4311,8.85,21.28,5.37,0,0.14,0,-0.66,4.32,20.07,-65.28,-13.39,3.07,-5.91,-10.33,-16.24,,,,,
4321,9.41,21.54,2.18,0,0.02,0,-0.33,4.79,22.25,-64.59,-13.77,2.97,-4.73,-10.8,-15.53,,,,,
4331,9.32,18.13,2.92,0,0.19,0,-0.91,3.4,18.88,-65.19,-12.91,3.06,-13.26,-9.85,-23.11,,,,,
4341,8.1,20.16,5.05,0,0.07,0,0.1,4.7,20.77,-66.76,-12.18,2.97,-7.82,-9.2,-17.03,,,,,
4351,8.81,18.68,2.56,0,0.1,0,0.95,4.76,21.66,-63.94,-13.62,3.03,-6.42,-10.6,-17.02,,,,,
4361,12.59,20.39,3.66,0,0.01,0,-1.12,4.87,22.57,-67.36,-13.3,3,-4.39,-10.3,-14.69,,,,,
4371,10.2,20.92,2.57,0,0.09,0,-0.45,4.62,19.65,-64.69,-13.16,2.99,-7.1,-10.17,-17.27,,,,,
4381,11.4,20.17,6.37,0,0.19,0,2.37,4.66,20.04,-66.43,-13.46,3.03,-1.24,-10.43,-11.67,,,,,
4391,5.17,15.3,1.77,0,0.05,0,1.91,4.91,21.09,-66.57,-13.43,3.03,-16.38,-10.4,-26.78,,,,,
4401,8.12,23.16,3.05,0,0.19,0,-0.68,5.64,24.89,-67.99,-12.93,2.99,-3.61,-9.94,-13.55,,,,,
4411,13.09,22.37,4.02,0,0.08,0,1.06,6.22,20.27,-67.82,-13.31,3.05,-0.71,-10.26,-10.97,,,,,
4421,9.03,19.24,7.56,0,0.12,0,-0.45,4.23,20.55,-65.59,-12.94,3.03,-5.3,-9.91,-15.22,,,,,
4431,7.92,16.94,0.74,0,-0.09,0,1.76,4.08,21.79,-66.05,-12.84,3.04,-12.91,-9.8,-22.71,,,,,
4441,9.57,23.62,11.59,0,0.09,0,2.8,4.17,21.35,-65.17,-13.46,3.02,8.01,-10.44,-2.43,,,,,
4451,10.95,22.87,4.59,0,0.28,0,0.19,4.35,19.35,-64.64,-13.82,3.05,-2.05,-10.77,-12.82,,,,,
4461,13.94,17.36,1.2,0,0.23,0,-0.35,5.82,22.4,-65.42,-14.07,2.98,-4.83,-11.09,-15.93,,,,,
4471,13.97,23.07,1.56,0,0.03,0,0.43,5.02,21.31,-67.12,-13,3,-1.72,-10,-11.72,,,,,
4481,7.71,18.77,2.08,0,0.07,0,-0.22,5.35,21.13,-66.11,-13.09,2.97,-11.21,-10.12,-21.33,,,,,
4491,9.06,16.36,4.04,0,0.17,0,-0.22,5.81,21.08,-65.89,-13.8,2.99,-9.59,-10.81,-20.4,,,,,
4501,14.33,22.98,2.15,0,0.12,0,-0.21,6.67,19.77,-68.07,-12.93,3.05,-2.27,-9.88,-12.15,,,,,
4511,7.42,20.12,2.76,0,0.01,0,0.91,2.98,20.81,-64.29,-13.17,2.98,-9.27,-10.19,-19.46,,,,,
4521,9.51,15.17,3.45,0,0.14,0,2.86,4.98,23.26,-66.09,-12.88,3.04,-6.72,-9.84,-16.56,,,,,
4531,5.46,18.44,1.76,0,0.03,0,0.31,4.3,22.73,-66.43,-12.49,3.01,-13.39,-9.48,-22.88,,,,,
4541,9.05,14.96,2.94,0,0.17,0,0.77,4.66,25.21,-65.22,-13.6,3.02,-7.47,-10.58,-18.05,,,,,
4551,12.94,20.6,1.45,0,0.21,0,0.6,3.86,19.32,-63.55,-13.48,2.98,-4.57,-10.5,-15.07,,,,,
4561,9.86,16.68,3.19,0,0.07,0,0.32,6.86,24.05,-66.19,-14.73,2.98,-5.16,-11.75,-16.91,,,,,
4571,4.03,15.85,2.38,0,0.08,0,0.69,3.25,21.91,-63.32,-13.2,3,-15.13,-10.2,-25.33,,,,,
4581,13.36,18.14,2.9,0,-0.2,0,-0.38,6.5,22.46,-67.89,-13.77,3.04,-5.13,-10.74,-15.86,,,,,
4591,7.97,15.29,8.3,0,0.33,0,-0.76,4.73,23.94,-65.68,-13,2.99,-5.9,-10.01,-15.9,,,,,
4601,12.39,18.69,4.88,0,0.05,0,-0.15,4.99,19.19,-66.03,-13.59,2.98,-5.99,-10.61,-16.6,,,,,
4611,8.34,19.53,2.35,0,0.03,0,0.37,4.92,22.3,-66.56,-12.78,3,-8.7,-9.78,-18.49,,,,,
4621,7.86,20.08,2.38,0,0.19,0,0.83,5.29,19.78,-65.48,-13.53,3.06,-9.07,-10.47,-19.53,,,,,
4631,6.13,16.52,3.17,0,0.12,0,1.75,4.79,20.27,-64.95,-12.79,3.03,-12.2,-9.76,-21.95,,,,,
4641,7.49,21.39,3.65,0,0.21,0,1.27,4.15,18.5,-63.42,-13.44,3.02,-6.77,-10.42,-17.19,,,,,
4651,7.48,17.55,4.22,0,0.07,0,-1.33,4.19,22.73,-64.99,-12.86,2.95,-10.07,-9.91,-19.98,,,,,
4661,10.35,19.77,4.35,0,0.18,0,0.94,4.72,18.3,-65.27,-13.37,3.05,-6.67,-10.32,-16.99,,,,,
4671,8.35,18.86,5.72,0,0.13,0,-0.73,5.36,22.69,-66.62,-13.43,2.96,-6.24,-10.47,-16.7,,,,,
4681,9.97,23.93,5.03,0,0.24,0,-0.43,4.97,21.3,-66.8,-12.59,2.99,-1.78,-9.6,-11.38,,,,,
4691,6.09,23.58,1.49,0,0.06,0,-1.28,5.12,19.28,-65.18,-13.85,2.99,-10.83,-10.86,-21.69,,,,,
4701,7.45,18.97,5.17,0,0.19,0,-0.37,4.89,19.73,-66.61,-13.07,3.05,-10.59,-10.02,-20.62,,,,,
4711,5.43,27.28,1.1,0,-0.02,0,-1.39,3.57,20.59,-64.73,-13.08,2.97,-8.18,-10.11,-18.29,,,,,
4721,10.61,20.62,4.24,0,0.08,0,-0.81,5.67,23.06,-67.5,-12.91,2.93,-4.03,-9.98,-14.01,,,,,
4731,10.28,22.41,3.28,0,0,0,-1.32,4.36,20.96,-66.14,-13.49,3.01,-6.16,-10.48,-16.64,,,,,
4741,14.26,20.63,5.17,0,0.45,0,-0.59,5.87,18.95,-68.16,-13,3.01,-3.4,-9.99,-13.39,,,,,
4751,6.45,23.16,3.33,0,0.06,0,0.35,5.42,25.89,-67.52,-13.06,2.99,-2.85,-10.08,-12.93,,,,,
4761,8.63,25.94,-0.96,0,0.01,0,0.6,5.65,20.01,-65.72,-12.58,3.02,-5.85,-9.56,-15.41,,,,,
4771,9.29,19.56,3.65,0,0.02,0,0,4.74,21.08,-65.59,-12.57,2.99,-7.26,-9.58,-16.84,,,,,
4781,8.83,15.75,3.41,0,0.06,0,-0.15,6.75,21.46,-67.46,-12.91,3.01,-11.35,-9.9,-21.24,,,,,
4791,8.93,21.82,6.09,0,0.18,0,-1.37,4.51,19.92,-65.66,-12.57,3.03,-5.6,-9.54,-15.14,,,,,
4801,10.9,21.3,5.98,0,0.12,0,0.03,5.09,18.79,-65.6,-13.22,3.01,-3.39,-10.21,-13.6,,,,,
4811,8.85,23.78,1.16,0,0.15,0,2.81,5.97,22.22,-68.03,-13.57,3.04,-3.09,-10.52,-13.62,,,,,
4821,13.59,18.08,3.97,0,0.05,0,0.02,6.25,20.02,-67.21,-13.35,3.03,-5.23,-10.32,-15.55,,,,,
4831,5.96,21.67,4,0,0.16,0,-1.12,5.3,20.79,-66.77,-12.98,3.02,-10.02,-9.96,-19.97,,,,,
4841,6.17,17.94,2.36,0,0.02,0,-0.13,4.44,21.63,-65.38,-13.92,3.02,-12.95,-10.9,-23.85,,,,,
4851,11.39,17.14,2.05,0,0.07,0,0.99,4.87,18.54,-65.86,-13.69,3.02,-10.8,-10.67,-21.48,,,,,
4861,8.42,28.73,5.48,0,0.19,0,-0.81,5.94,20.48,-66.57,-13.28,3.02,1.85,-10.26,-8.41,,,,,
4871,10.37,19.2,-0.02,0,0.03,0,0.18,6.48,21.42,-67.71,-13.18,3.02,-10.05,-10.16,-20.22,,,,,
4881,8.68,17.98,2.67,0,0.05,0,-0.94,5.04,21.81,-65.31,-13.77,2.99,-10.02,-10.79,-20.81,,,,,
4891,7.63,16.99,0.98,0,0.01,0,1.14,5.64,24.18,-64.3,-14.28,3,-7.72,-11.29,-19.01,,,,,
4901,17.64,18.88,2.49,0,0.14,0,1.93,4.53,16.13,-65.89,-12.8,3.07,-4.15,-9.74,-13.89,,,,,
4911,7.69,16.76,4,0,-0.05,0,-0.58,4.95,22.75,-68.35,-11.94,2.99,-12.81,-8.95,-21.76,,,,,
4921,8.44,23.68,5.7,0,0.08,0,-0.11,3.13,21.69,-63.44,-12.82,3.04,-0.84,-9.78,-10.62,,,,,
4931,12.86,15.67,2.65,0,0.05,0,1.75,4.71,20.27,-65.39,-12.52,3,-7.43,-9.51,-16.94,,,,,
4941,8.01,24.38,1.87,0,0.11,0,-0.76,3.61,21.3,-64.87,-12.74,3,-6.34,-9.74,-16.08,,,,,
4951,11.14,20.65,3.74,0,0.11,0,0.6,5.65,22.19,-66.91,-12.67,2.99,-2.85,-9.67,-12.52,,,,,
4961,6.99,23.11,6.72,0,0.19,0,0.18,5.83,23.12,-68.07,-13.02,2.97,-1.93,-10.04,-11.97,,,,,
4971,8.96,19.89,1.59,0,0.1,0,0.02,5.05,20.91,-66.74,-13.4,3,-10.21,-10.4,-20.61,,,,,
4981,6.94,23.65,2.85,0,-0.01,0,0.6,4.91,20.5,-65.97,-12.9,3.01,-6.53,-9.89,-16.43,,,,,
4991,9.46,28.58,4.61,0,0.24,0,0.29,4.93,19.6,-67.25,-12.53,3.01,0.46,-9.52,-9.06,,,,,
5001,11.5,18.1,1.67,0,0.1,0,2.71,4.84,21.44,-63.43,-14.15,3.01,-3.08,-11.14,-14.22,,,,,
5011,11.33,18.76,2.1,0,0.15,0,-0.37,4.09,18.79,-66.44,-13.31,3.01,-11.6,-10.3,-21.9,,,,,
5021,7.41,21.33,0.54,0,0.12,0,-0.11,4.76,19.99,-66.55,-12.87,3,-12.5,-9.87,-22.37,,,,,
5031,11.47,18.74,3.26,0,0.03,0,-0.94,3.95,21.72,-65.21,-12.33,2.98,-6.96,-9.35,-16.31,,,,,
5041,4.64,23.39,5.13,0,0.44,0,-0.94,4.78,25.87,-65.65,-13.48,2.97,-2.34,-10.51,-12.84,,,,,
5051,5.11,30.79,2.93,0,0.12,0,-0.95,4.42,19.69,-65.76,-12.87,3,-3.64,-9.88,-13.52,,,,,
5061,6.94,21.93,3.25,0,0.36,0,1.36,5.1,20.46,-65.8,-13.3,3.04,-6.38,-10.26,-16.64,,,,,
5071,7.3,18.21,3.32,0,0.11,0,-0.63,4.37,21.97,-64.51,-13.07,2.93,-9.86,-10.14,-20.01,,,,,
5081,9.92,23.43,0.61,0,-0.04,0,-0.07,5.48,24.54,-66.07,-12.78,2.98,-2.2,-9.8,-12,,,,,
5091,7.91,23.68,4.17,0,0.12,0,2,5.26,23.66,-66.1,-12.49,2.94,0.71,-9.55,-8.84,,,,,
5101,11.14,25.92,1.17,0,0.01,0,-0.66,6.38,22.08,-67.36,-13.39,3,-1.33,-10.39,-11.71,,,,,
5111,8.4,14.56,0.65,0,0.02,0,0.88,5.46,21.87,-66.53,-12.82,2.99,-14.71,-9.84,-24.55,,,,,
5121,9.84,15.12,3.66,0,0.05,0,0.59,5.62,22.02,-65.91,-12.85,2.96,-9,-9.89,-18.88,,,,,
5131,12.72,15.6,1.58,0,-0.06,0,2.07,4.68,20.18,-66.42,-12.92,2.99,-9.65,-9.93,-19.59,,,,,
5141,5.57,16.89,0.96,0,-0.04,0,2.14,5.04,24.55,-67.19,-12.16,2.95,-12.09,-9.21,-21.29,,,,,
5151,9.09,17.85,3.06,0,0.1,0,0.01,5.42,19.77,-65.57,-13.51,3.01,-10.27,-10.51,-20.78,,,,,
5161,6.32,21.35,2.81,0,0.1,0,0.66,4.53,24.02,-66.87,-13.39,3.01,-7.08,-10.37,-17.45,,,,,
5171,9.64,22.47,4.03,0,0.04,0,-0.79,4.05,22.61,-65.22,-13.72,3,-3.16,-10.71,-13.88,,,,,
5181,5.86,22.23,3.39,0,0.06,0,1.61,5.35,21.38,-67.46,-12.56,3.02,-7.59,-9.54,-17.13,,,,,
5191,7.83,22.91,2.9,0,0.04,0,0.67,7.27,20.38,-66.6,-13.74,3.04,-4.6,-10.7,-15.3,,,,,
5201,7.45,24.39,2.66,0,0.11,0,0.03,3.96,18.6,-63.31,-13,3.04,-6.1,-9.96,-16.06,,,,,
5211,5.92,17.22,8.2,0,0.05,0,-1.81,5.05,24.9,-66.81,-13.46,2.95,-7.29,-10.52,-17.81,,,,,
5221,8.09,23,2.13,0,0.3,0,3.47,4.97,23.12,-68.71,-12.18,3.02,-3.63,-9.16,-12.79,,,,,
5231,9.4,17.81,6.55,0,0.26,0,-1.25,4.26,18.55,-65.44,-13.5,3.02,-9.86,-10.48,-20.34,,,,,
5241,10.32,17.21,1,0,0.06,0,2.4,7.03,24.62,-68.49,-12.96,3.01,-5.85,-9.95,-15.81,,,,,
5251,4.25,21.91,1.84,0,0.19,0,-0.08,5.21,25.32,-66.75,-13.06,2.97,-8.1,-10.09,-18.19,,,,,
5261,6.7,21.71,2.53,0,0.02,0,3.35,4.63,19.09,-66,-12.83,3,-7.97,-9.83,-17.8,,,,,
5271,7.15,14.01,3.06,0,-0.02,0,1.66,5.63,26.22,-65.97,-13.73,2.98,-8.26,-10.75,-19.01,,,,,
5281,4.77,15.79,2.48,0,0.07,0,0.79,4.72,23.82,-65.11,-12.95,2.99,-12.67,-9.96,-22.63,,,,,
5291,7.15,24.46,3.39,0,0.06,0,0.53,3.73,21.03,-64.72,-12.02,3.01,-4.38,-9,-13.38,,,,,
5301,10.22,21.27,2.09,0,0.07,0,2.26,5.21,18.49,-64.91,-13.69,3.02,-5.3,-10.67,-15.97,,,,,
5311,8.72,17.35,5.96,0,0.15,0,1.55,4.36,20.45,-65.98,-13.31,3.01,-7.43,-10.3,-17.73,,,,,
5321,10.32,20.86,6.57,0,0.03,0,-1.35,5.64,19.27,-66.36,-13.33,2.98,-5.02,-10.35,-15.37,,,,,
5331,8.87,20.58,3.9,0,0.05,0,1.59,4.23,20.66,-65.99,-12.79,3.02,-6.11,-9.76,-15.88,,,,,
5341,5.03,16.07,3.38,0,0.04,0,2.02,4.75,22.15,-67.03,-12.71,3.03,-13.6,-9.68,-23.28,,,,,
5351,9.32,20.14,4.43,0,0.04,0,0.63,5.63,22.31,-67.11,-13.59,2.96,-4.62,-10.63,-15.25,,,,,
5361,6.82,26.41,5.63,0,0.36,0,1.2,2.72,20.07,-64.12,-12.29,3.03,-0.92,-9.26,-10.18,,,,,
5371,7.6,16.92,1.85,0,0.05,0,0.96,4.29,24.43,-65.69,-12.9,2.96,-9.57,-9.94,-19.51,,,,,
5381,6.61,18.45,8.44,0,0.52,0,0.21,4.65,22.22,-65.37,-13.22,3.02,-4.26,-10.2,-14.46,,,,,
5391,6.4,23.11,4.99,0,0.1,0,-0.45,3.55,20.45,-64.74,-12.45,2.99,-6.59,-9.46,-16.05,,,,,
5401,7.87,24.44,2.46,0,0.11,0,1.92,4.08,20.6,-64.79,-13.51,3.01,-3.3,-10.5,-13.8,,,,,
5411,6.86,20.3,4.32,0,0.16,0,-1.1,5.68,23.99,-66.7,-13.22,2.99,-6.5,-10.22,-16.72,,,,,
5421,10.39,26.36,2.77,0,0.07,0,0.49,4.95,20.79,-67.22,-13.28,3.01,-1.4,-10.28,-11.68,,,,,
5431,8.41,21.57,3.69,0,0.2,0,-0.43,6.38,24.27,-66.14,-13.82,2.99,-2.06,-10.82,-12.89,,,,,
5441,7.49,27.36,2.87,0,0.06,0,1.86,4.36,24.11,-65.62,-12.41,2.95,2.49,-9.45,-6.96,,,,,
5451,9.29,15.42,1.04,0,0.1,0,2.45,5.48,20.51,-65.75,-13.62,2.98,-11.45,-10.63,-22.09,,,,,
5461,12.61,19.8,4.18,0,0.37,0,-0.32,5.17,19.82,-67.91,-12.58,2.99,-6.29,-9.59,-15.89,,,,,
5471,6.57,16.56,0.46,0,0,0,2.47,5.1,21.78,-66.92,-13.27,3.03,-13.97,-10.24,-24.21,,,,,
5481,7.96,22.09,2.41,0,-0.05,0,-0.39,6.05,24.69,-69.37,-12.18,2.96,-6.62,-9.22,-15.84,,,,,
5491,13.22,21.05,6.13,0,0.06,0,-2.09,4.08,17.27,-64.43,-13.25,3,-4.71,-10.25,-14.96,,,,,
5501,11.14,14.46,2.65,0,0,0,2.87,4.44,25.19,-64.08,-12.65,2.95,-3.32,-9.71,-13.03,,,,,
5511,7.52,23.98,2.84,0,0.04,0,0.4,6.57,24.52,-69.36,-12.1,2.99,-3.5,-9.11,-12.6,,,,,
5521,7.79,17.34,3.88,0,0.11,0,0.81,6.3,24.17,-67.7,-12.86,2.97,-7.3,-9.89,-17.19,,,,,
5531,5.35,28.36,1.65,0,0.06,0,1.17,5.57,21.12,-66.69,-12.55,2.97,-3.4,-9.58,-12.98,,,,,
5541,9.18,22.66,3.88,0,0.1,0,-0.42,4.55,18.65,-65.72,-12.95,3,-7.11,-9.94,-17.06,,,,,
5551,8.6,23.04,1.84,0,0.37,0,2.41,7.69,21.3,-69.32,-13.5,2.96,-4.06,-10.54,-14.6,,,,,
5561,6.36,24.26,-0.82,0,0.02,0,3.48,5.06,20.33,-66,-12.62,2.98,-7.33,-9.65,-16.97,,,,,
5571,9.62,25.8,0.33,0,0.13,0,-1.12,6.51,16.98,-68.88,-13.34,3,-10.63,-10.34,-20.97,,,,,
5581,7.08,25.44,2.98,0,0.3,0,0.42,6.69,21.43,-68.72,-12.61,2.95,-4.38,-9.66,-14.04,,,,,
5591,10.73,18.75,6.11,0,0.03,0,-0.14,5.4,17.23,-66.32,-13.62,2.99,-8.21,-10.62,-18.84,,,,,
5601,6.7,19.99,3.24,0,0.12,0,0.85,4.47,19.43,-64.82,-13.6,2.99,-10.03,-10.61,-20.64,,,,,
5611,8.31,22.2,1.85,0,0.21,0,0.27,5.59,19.6,-68.83,-12.19,2.96,-10.8,-9.23,-20.03,,,,,
5621,13.14,18.33,2.69,0,0.07,0,0.23,5.42,17.64,-66.62,-12.36,2.98,-9.11,-9.39,-18.5,,,,,
5631,11.84,17.44,1.08,0,0.04,0,1.9,4.67,19.93,-65.45,-12.61,2.97,-8.55,-9.64,-18.2,,,,,
5641,8.87,21.45,2.06,0,0.13,0,1.12,6.16,20.79,-68.79,-12.39,2.97,-8.21,-9.41,-17.62,,,,,
5651,9.97,19.68,0.38,0,0,0,1.72,6.39,21.43,-68.61,-12.44,2.93,-9.04,-9.51,-18.55,,,,,
5661,7.14,21.42,1.26,0,0.1,0,0.59,5.94,20.68,-68.51,-12.61,2.95,-11.37,-9.66,-21.03,,,,,
5671,9.99,29.46,5.35,0,-0.14,0,2.42,4.87,20.44,-65.97,-12.81,2.99,6.42,-9.82,-3.41,,,,,
5681,5.62,20.9,4.28,0,0.07,0,2.23,4.76,20.63,-65.99,-12.42,2.98,-7.51,-9.44,-16.96,,,,,
5691,9.63,25.12,3.66,0,0.17,0,1.89,4.2,18.52,-65.78,-12.92,2.99,-2.58,-9.93,-12.51,,,,,
5701,9.35,22.55,0.95,0,0.05,0,1.42,4.67,19.21,-63.49,-13.03,2.99,-5.3,-10.04,-15.34,,,,,
5711,11.53,22.73,3.95,0,0,0,-0.32,5.79,19.9,-65.95,-12.93,2.96,-2.37,-9.97,-12.34,,,,,
5721,11.09,21.35,0.62,0,0.1,0,0.33,6.22,20.27,-68.59,-12.67,2.94,-8.61,-9.73,-18.34,,,,,
5731,8.84,21.89,1.54,0,0.04,0,1.56,5.37,20.36,-67.52,-12.61,2.96,-7.93,-9.65,-17.58,,,,,
5741,10.44,20.92,-0.32,0,0.08,0,3.01,5.16,18.31,-66.57,-12.42,2.99,-8.97,-9.43,-18.4,,,,,
5751,6.91,20.04,0.52,0,0.04,0,0.32,5.16,18.76,-66.67,-12.31,2.99,-14.91,-9.32,-24.23,,,,,
5761,7.09,17.59,0.02,0,0.05,0,0.98,6.04,18.45,-66.4,-12.99,3.02,-16.16,-9.97,-26.13,,,,,
5771,13.69,13.62,0.81,0,0.03,0,2.82,4.8,20.34,-66.28,-13.86,3.02,-10.17,-10.84,-21.01,,,,,
5781,9.13,21.32,0.82,0,0.03,0,0.44,4.94,21.91,-65.29,-13.44,2.97,-6.7,-10.47,-17.17,,,,,
5791,12.03,16.28,3.56,0,-0.06,0,1.24,5.33,23.09,-67.77,-12.84,2.96,-6.28,-9.88,-16.16,,,,,
5801,7.31,20.47,-0.05,0,-0.02,0,-0.52,3.68,18.69,-62.88,-13.52,3.02,-13.32,-10.5,-23.82,,,,,
5811,5.54,23.68,4.67,0,-0.01,0,-1.51,3.99,21.2,-64.67,-13.22,3.01,-7.11,-10.21,-17.31,,,,,
5821,4.48,18.62,3.6,0,0.02,0,-0.07,4.84,21.58,-65.82,-12.8,2.99,-12.75,-9.81,-22.57,,,,,
5831,4.39,21.2,1.68,0,0.05,0,-0.99,4.62,23.22,-65.27,-12.95,2.99,-11.09,-9.96,-21.05,,,,,
5841,10.29,18.68,0.5,0,0.15,0,1.6,5.38,22.03,-66.41,-13.24,3.06,-7.79,-10.19,-17.98,,,,,
5851,11.49,17.22,1.88,0,0.12,0,-0.11,4.37,20.09,-66,-13.62,3.01,-10.95,-10.61,-21.56,,,,,
5861,6.05,18.63,8.8,0,0.15,0,0.76,5.17,22.42,-67.54,-12.6,3.01,-5.55,-9.59,-15.14,,,,,
5871,8.88,20.26,0.64,0,0.21,0,0.27,5.59,21.23,-65.07,-13.73,3.02,-7.98,-10.71,-18.69,,,,,
5881,11.2,22.96,1.23,0,0.11,0,0.87,5.12,20.11,-66.61,-13.48,3.02,-5,-10.45,-15.45,,,,,
5891,7.01,17.13,6.26,0,-0.07,0,-0.05,6.35,26.69,-67.14,-13.59,2.96,-3.82,-10.63,-14.45,,,,,
5901,8.41,21.64,2.71,0,0.08,0,-0.09,5.62,24.04,-66.89,-12.72,3.03,-4.47,-9.69,-14.16,,,,,
5911,12.31,25.11,5.38,0,0.24,0,-1.04,3.73,17.33,-66.57,-12.93,3.05,-3.52,-9.87,-13.39,,,,,
5921,11.71,19.87,0.73,0,0.06,0,-1.22,4.95,19.34,-65.7,-13.14,3,-10.27,-10.14,-20.42,,,,,
5931,7.89,17.61,3.62,0,0.18,0,-1.6,5.65,22.09,-67.67,-12.78,3.01,-12.24,-9.77,-22.01,,,,,
5941,10.43,21.99,1.84,0,0.05,0,-0.78,3.96,19.9,-64.36,-13.32,3.02,-6.97,-10.3,-17.28,,,,,
5951,3.62,14.43,2.13,0,0.11,0,0.78,5.88,23.99,-67.54,-12.8,2.97,-16.6,-9.82,-26.42,,,,,
5961,11.79,18.76,-0.67,0,0.02,0,-0.14,2.19,19.57,-64.43,-12.25,3.03,-12.9,-9.22,-22.13,,,,,
5971,7.06,19.24,2.43,0,0.05,0,-1.12,4.18,22.07,-65.11,-13.45,2.99,-11.19,-10.46,-21.65,,,,,
5981,4.88,23.18,4.17,0,0.3,0,-0.4,5.06,20.78,-66.71,-13.87,3.01,-8.72,-10.85,-19.58,,,,,
5991,5.5,17.42,1.21,0,0.19,0,-0.41,5.71,21.52,-65.84,-13.89,2.99,-14.71,-10.89,-25.6,,,,,
6001,9.03,20.41,5.33,0,0.09,0,-1.26,3.62,22.54,-64.81,-12.77,2.99,-5.06,-9.78,-14.85,,,,,
6011,5.69,26.99,2.47,0,0.18,0,-0.6,4.7,19.45,-64.95,-13.41,3.02,-6.06,-10.39,-16.45,,,,,
6021,9.11,16.92,5.3,0,0.16,0,-0.1,4.09,21.96,-65.41,-12.73,3.02,-7.97,-9.71,-17.69,,,,,
6031,10.42,24.1,1.71,0,0.04,0,-1.95,5.69,18.87,-66.03,-13.92,3.02,-7.14,-10.9,-18.04,,,,,
6041,5.69,17.15,5.08,0,0.19,0,1.87,3.55,20.74,-63.21,-13.83,3.03,-8.94,-10.8,-19.75,,,,,
6051,5.9,21.14,3.22,0,0.11,0,-0.39,4.58,19.39,-65.52,-13.98,3.06,-11.57,-10.92,-22.49,,,,,
6061,12.22,24.36,2.33,0,0.05,0,2.64,4.43,21.58,-64.93,-12.75,3,2.69,-9.75,-7.06,,,,,
6071,6.8,23.56,3.45,0,0.1,0,0.11,5.09,22.04,-66.45,-12.92,3.03,-5.31,-9.89,-15.19,,,,,
6081,8.69,27.86,3.48,0,0.02,0,0.78,6.78,21.58,-68.09,-12.83,3.06,1.09,-9.77,-8.68,,,,,
6091,6.38,22.64,4.11,0,0.07,0,1.4,5.76,20.88,-66.72,-13.16,3.01,-5.48,-10.15,-15.63,,,,,
6101,5.44,18.26,-0.19,0,-0.03,0,0.71,5.09,22.29,-65.81,-12.97,3.01,-14.22,-9.96,-24.18,,,,,
6111,8.43,13.17,0.02,0,0.02,0,1.25,6.03,24.9,-66.48,-13.16,2.99,-12.65,-10.17,-22.82,,,,,
6121,9.11,23.51,3.62,0,0.04,0,0.42,5.16,20.88,-67.19,-12.55,2.99,-4.44,-9.57,-14.01,,,,,
6131,7.04,19.99,1.07,0,0.09,0,3.88,5.54,24.71,-67.28,-12.72,2.96,-4.96,-9.76,-14.72,,,,,
6141,5.44,19.84,2.46,0,0.07,0,4.87,5.03,25.5,-66.16,-13.17,2.98,-2.96,-10.18,-13.14,,,,,
6151,10.74,22.01,1.45,0,0.18,0,-0.3,4.7,20.97,-64.39,-12.9,3.04,-4.64,-9.85,-14.49,,,,,
6161,5.73,23.52,4.56,0,-0.03,0,-0.57,4.21,21.47,-65.35,-13.36,2.99,-6.47,-10.36,-16.83,,,,,
6171,4.91,22.05,4.2,0,0.07,0,-0.99,5.23,23.78,-66.97,-13.61,3,-7.72,-10.62,-18.34,,,,,
6181,9.23,18.78,1.66,0,-0.01,0,0.9,5.4,20.93,-65.91,-13.39,2.99,-9.02,-10.39,-19.41,,,,,
6191,9.15,21.37,2.64,0,0.05,0,-0.25,6.01,22,-66.97,-13.27,3.01,-6.01,-10.26,-16.27,,,,,
6201,5.95,17.97,4.4,0,0.02,0,-1.57,5.31,25.97,-66,-13.05,2.93,-7.94,-10.12,-18.06,,,,,
6211,12.43,17.87,2.5,0,0,0,-1.11,5.26,21.14,-67.22,-12.86,2.97,-9.12,-9.89,-19.01,,,,,
6221,12.54,19.04,1.66,0,0.17,0,-1.05,3.64,19.44,-64.98,-12.92,3.01,-9.54,-9.91,-19.45,,,,,
6231,4.76,18.97,-0.29,0,-0.06,0,1.91,3.7,24.49,-66.7,-11.55,2.95,-13.21,-8.6,-21.81,,,,,
6241,5.86,26.92,1.85,0,0.04,0,-1.34,4.23,22.85,-64.89,-13.51,3.01,-4.48,-10.5,-14.97,,,,,
6251,8.36,19.74,4.12,0,0.15,0,0.39,6.79,22.35,-67.28,-13.67,2.99,-5.36,-10.67,-16.04,,,,,
6261,10.17,23.36,1.8,0,0.05,0,-0.48,6.74,22.32,-68.26,-12.73,2.97,-4.3,-9.77,-14.06,,,,,
6271,6.05,23.36,6.97,0,0.02,0,-0.53,5.62,21.7,-67.3,-12.86,3.01,-4.12,-9.85,-13.97,,,,,
6281,8.62,22.21,4.19,0,0.26,0,-0.64,4.95,21.13,-66.41,-13.11,3,-5.69,-10.11,-15.8,,,,,
6291,7.53,24.42,0.63,0,0.06,0,1.07,5.67,19.13,-66.91,-12.53,2.95,-8.41,-9.58,-17.98,,,,,
6301,7.47,29.65,2.01,0,0.12,0,-0.04,5.1,20.66,-66.79,-12.04,2.99,-1.82,-9.05,-10.87,,,,,
6311,9.38,19.59,2.96,0,0.13,0,0.14,5.55,19.94,-67.21,-13.02,3,-9.53,-10.02,-19.55,,,,,
6321,10.29,27.96,1.62,0,0.01,0,1.36,5.27,18.79,-67.76,-11.56,2.97,-2.47,-8.59,-11.07,,,,,
6331,12.47,20.77,4.47,0,0.06,0,-1.23,4.66,19.77,-64.82,-13.62,3.05,-3.86,-10.57,-14.43,,,,,
6341,4.92,21.52,4.03,0,0.19,0,0.59,4.42,21.52,-66.15,-12.58,3.03,-8.96,-9.55,-18.52,,,,,
6351,6.9,14.59,2.28,0,0.04,0,-0.06,5.53,23.44,-65.95,-13.28,2.96,-13.22,-10.31,-23.54,,,,,
6361,6.49,20.94,6.13,0,0.05,0,-1.21,4.6,22.21,-64.7,-14.02,3,-5.49,-11.02,-16.51,,,,,
6371,9.45,16.72,2.33,0,0.01,0,2.01,5.11,20.62,-66.44,-13.24,3,-10.19,-10.24,-20.43,,,,,
6381,3.51,17.39,4.15,0,0.07,0,2.08,6,23.57,-67.1,-13.17,2.98,-10.34,-10.19,-20.53,,,,,
6391,13.64,16.56,3.02,0,0.23,0,1.02,5.4,20.66,-66.24,-14.38,3.05,-5.7,-11.33,-17.04,,,,,
6401,5.61,16.17,0.6,0,0.07,0,4.81,5.22,21.21,-65.97,-13.16,3.03,-12.28,-10.13,-22.41,,,,,
6411,7.52,22.87,-0.27,0,0.07,0,2.27,5.21,23.14,-66.01,-12.86,2.99,-5.19,-9.87,-15.06,,,,,
6421,7.02,18.91,7.31,0,0.42,0,-1.54,5.02,22.1,-66.28,-13.14,2.99,-7.03,-10.15,-17.18,,,,,
6431,13.84,23.4,4.38,0,0.05,0,-0.3,5.2,17.71,-68.68,-12.97,3.03,-4.4,-9.95,-14.34,,,,,
6441,5.53,16.4,3.06,0,-0.01,0,1.27,5.54,24.52,-67.13,-13.86,3.02,-10.81,-10.84,-21.64,,,,,
6451,11.21,15.85,3.89,0,-0.01,0,1.37,5.18,23.09,-66.83,-13.02,2.96,-6.26,-10.06,-16.32,,,,,
6461,10.49,18.89,3.81,0,0.1,0,-0.33,5.69,20.02,-65.96,-13.7,3.03,-7.28,-10.66,-17.95,,,,,
6471,5.92,19.11,3.97,0,0.24,0,0.62,5.18,22.81,-68.11,-12.53,3,-10.26,-9.52,-19.78,,,,,
6481,6.44,17.02,1.53,0,0.08,0,3.13,4.95,23.87,-67.05,-12.7,2.98,-10.04,-9.71,-19.76,,,,,
6491,7.18,21.18,1.96,0,0.13,0,0.24,4.63,18.95,-66.02,-13.11,3,-11.75,-10.11,-21.86,,,,,
6501,8.21,19.78,5.62,0,0.09,0,-1.05,5.32,18.82,-64.84,-13.36,3.04,-8.05,-10.31,-18.36,,,,,
6511,6.22,19.22,1.24,0,0.07,0,-1.3,6.18,22.61,-66.8,-12.93,2.99,-12.55,-9.93,-22.49,,,,,
6521,4.98,21.74,3.85,0,-0.03,0,-1.61,3.97,20.63,-66.03,-12.56,2.99,-12.5,-9.56,-22.06,,,,,
6531,6.64,23.1,1.12,0,0.01,0,2.43,4.9,19.05,-65.6,-13.44,3.04,-8.34,-10.4,-18.74,,,,,
6541,8.61,20,4.53,0,0.14,0,-1.62,5.35,19.79,-65.86,-13.95,3.01,-9.06,-10.94,-20,,,,,
6551,8.58,21.84,1.34,0,0.01,0,-1.37,5.9,18.33,-67.11,-13.51,3.05,-12.49,-10.46,-22.94,,,,,
6561,8.9,16.3,6,0,0.03,0,1.88,5.38,22.67,-66.92,-12.44,2.98,-5.77,-9.46,-15.23,,,,,
6571,11.44,20.35,1.31,0,0.06,0,-1,4.85,20.41,-64.27,-13.24,3.02,-6.86,-10.21,-17.08,,,,,
6581,9.59,21.28,2.13,0,0.02,0,1.54,4.91,21.45,-66.32,-12.8,3.02,-5.4,-9.78,-15.18,,,,,
6591,8.9,16.7,4.74,0,0.13,0,0.94,3.79,19.86,-64.55,-13.12,3.04,-9.5,-10.09,-19.58,,,,,
6601,13.85,18.78,3.92,0,0.02,0,-1.06,5.16,18.4,-65.82,-13.4,3.01,-6.76,-10.39,-17.15,,,,,
6611,5.21,17.24,1.81,0,0.01,0,0.69,5.38,21.2,-66.17,-13.54,2.98,-14.62,-10.56,-25.18,,,,,
6621,9.11,19.19,7.79,0,0.17,0,0.39,5.5,22.54,-66.82,-13.34,2.99,-2.15,-10.35,-12.5,,,,,
6631,13.39,20.02,0.59,0,0.19,0,1.88,5.78,18.98,-67.67,-12.68,3.03,-6.85,-9.65,-16.5,,,,,
6641,8.7,24.19,5.64,0,-0.03,0,-0.13,4.25,21.14,-65.51,-13.51,3.03,-1.75,-10.48,-12.23,,,,,
6651,8.99,20.36,5.52,0,0.06,0,0.72,5.01,19.72,-65.93,-13.6,3.03,-5.56,-10.57,-16.13,,,,,
6661,9.05,18.24,4.82,0,0.07,0,-0.34,4.9,24.01,-65.02,-13.14,3,-4.27,-10.14,-14.41,,,,,
6671,7.84,17.42,4.55,0,0.01,0,-0.77,5.12,19.07,-65.9,-13.28,3.03,-12.66,-10.25,-22.91,,,,,
6681,13.09,16.28,3.74,0,0.22,0,1.14,3.48,19.97,-65.92,-13,3.02,-8,-9.98,-17.98,,,,,
6691,12.33,21.72,4.77,0,0.24,0,-0.26,5.51,18.69,-65.69,-13.31,3.05,-2.69,-10.26,-12.95,,,,,
6701,7.77,19.17,5.1,0,0.1,0,-0.7,4.43,23.58,-65.63,-12.91,2.99,-6.18,-9.92,-16.11,,,,,
6711,10.66,16.39,1.86,0,0.19,0,-0.58,5.11,19.7,-65.58,-13.5,3.01,-12.24,-10.49,-22.73,,,,,
6721,4.46,21.61,3.16,0,0.1,0,-1.33,4.55,22.18,-66.37,-12.88,2.99,-11.64,-9.88,-21.53,,,,,
6731,9.55,21.97,5.47,0,0.13,0,-1.65,5.87,17.85,-67.37,-13.55,3.01,-8.18,-10.54,-18.72,,,,,
6741,7.38,19.9,6.76,0,0.21,0,1.71,4.8,24.73,-66.68,-13.26,2.98,-1.18,-10.28,-11.46,,,,,
6751,10.7,17.49,0.05,0,-0.01,0,0.2,4.75,23.16,-65.42,-13.87,3.01,-9.07,-10.86,-19.93,,,,,
6761,10.34,14.1,2.29,0,0.04,0,1.98,4.34,19.51,-65.75,-13.63,3.01,-13.15,-10.62,-23.76,,,,,
6771,8.01,25.18,1.14,0,-0.01,0,1.49,3.99,20.78,-64.7,-13.59,3.03,-4.12,-10.56,-14.68,,,,,
6781,9.59,25.47,1.21,0,-0.01,0,-0.35,4.81,21.72,-66.57,-12.96,3.03,-4.13,-9.93,-14.05,,,,,
6791,6.79,18.65,0.69,0,0.06,0,1.02,4.05,20.34,-64.85,-12.98,3.01,-13.25,-9.97,-23.22,,,,,
6801,9.27,24.62,0.59,0,0.02,0,1,6.1,17.66,-67.04,-14.01,3.05,-7.79,-10.96,-18.74,,,,,
6811,6.6,15.66,4.61,0,0.11,0,0.97,4.18,21.46,-65.59,-12.51,3.01,-11.99,-9.49,-21.49,,,,,
6821,6.19,16.22,4.47,0,0.04,0,-0.99,4.55,24.89,-65.36,-13.65,2.99,-9.99,-10.66,-20.65,,,,,
6831,11.46,19.15,1.56,0,0.09,0,-0.21,4.87,17.88,-66.25,-13.12,3.03,-11.44,-10.09,-21.53,,,,,
6841,5.65,23.71,5.83,0,0.11,0,-1.48,5.48,19.97,-65.72,-13.82,3.03,-6.45,-10.79,-17.24,,,,,
6851,6.16,17.13,4.13,0,-0.12,0,1.59,5.25,23.15,-68.78,-11.9,3.03,-11.49,-8.87,-20.36,,,,,
6861,4.14,18.34,4.75,0,0.04,0,4.97,5.45,25.04,-67.11,-12.11,2.98,-4.37,-9.13,-13.51,,,,,
6871,5.65,21.59,0.42,0,0.17,0,0.87,3.75,22.28,-65.76,-12.57,2.97,-11.03,-9.6,-20.62,,,,,
6881,10.15,24.93,3.53,0,0.08,0,-0.19,4.4,19.28,-67.84,-12.37,3.02,-5.67,-9.35,-15.02,,,,,
6891,5.88,21.11,3.24,0,0.09,0,-0.33,4.81,21.17,-66.87,-13.33,2.98,-10.9,-10.35,-21.25,,,,,
6901,7.47,19.37,5.64,0,0.36,0,-0.4,5.43,19.72,-66.84,-13.2,3.02,-9.25,-10.18,-19.43,,,,,
6911,13.43,20.35,3.89,0,0.01,0,-1.29,4.17,16.13,-64.97,-13.13,3.01,-8.28,-10.12,-18.39,,,,,
6921,7.35,15.38,4.59,0,0.02,0,0.43,4.52,20.29,-65.11,-13.15,2.98,-12.54,-10.17,-22.71,,,,,
6931,10.06,25.43,4.23,0,-0.15,0,-2.27,3.88,20.39,-65.48,-13.66,3.01,-3.92,-10.65,-14.58,,,,,
6941,6.79,17.38,1.83,0,0.06,0,1.88,5.39,21.44,-69.19,-11.87,2.97,-14.41,-8.9,-23.32,,,,,
6951,7.54,22.31,4.3,0,0.17,0,1.45,3.39,22.76,-66.31,-12.02,2.98,-4.39,-9.04,-13.43,,,,,
6961,4.95,21.82,4.2,0,-0.01,0,1.66,3.07,20.61,-65.09,-12.56,3.01,-8.79,-9.55,-18.34,,,,,
6971,8.88,17.26,5.7,0,0.16,0,0.26,4.98,17.6,-65.83,-13.54,3.07,-11,-10.47,-21.47,,,,,
6981,7,22.02,2.46,0,0.25,0,1.89,4.66,20.37,-67.22,-12.29,3,-8.57,-9.29,-17.86,,,,,
6991,9.71,19.86,2.27,0,0.05,0,1.55,5.55,21.72,-66.48,-13.23,2.98,-5.77,-10.25,-16.01,,,,,
7001,12.56,24.64,2.19,0,0.1,0,0.58,5.36,20.74,-67.48,-12.55,3,-1.31,-9.55,-10.87,,,,,
7011,6.57,21.17,4.71,0,0.37,0,1.07,5.05,20.69,-67.08,-13.33,3.03,-7.45,-10.31,-17.76,,,,,
7021,8.92,18.5,1.49,0,0.05,0,1.01,5.82,22.29,-67.7,-12.99,3,-9.62,-9.99,-19.62,,,,,
7031,4.93,17.73,4.39,0,0.15,0,2.29,4.53,22.61,-66.3,-12.55,2.98,-9.68,-9.57,-19.25,,,,,
7041,4.9,17.06,2.69,0,0.07,0,1.54,5.45,24.73,-66.6,-12.78,2.98,-10.15,-9.8,-19.95,,,,,
7051,12.5,19.42,3.95,0,0.08,0,0.26,4.8,21.11,-65.92,-13.31,3.05,-3.79,-10.26,-14.06,,,,,
7061,3.77,23.54,5.99,0,0.2,0,0.64,4.2,23.65,-64.86,-13.36,3.01,-2.86,-10.35,-13.21,,,,,
7071,5.17,24.04,6.09,0,0.31,0,-0.87,2.74,20.33,-65.37,-12.32,3.01,-7.55,-9.32,-16.86,,,,,
7081,7.79,21.47,0.53,0,0.03,0,-0.73,4.56,20.61,-65.93,-13.3,3.01,-11.67,-10.28,-21.96,,,,,
7091,8.56,21.99,2.44,0,0.24,0,0.96,4.36,18.79,-64.92,-13.26,3.04,-7.57,-10.22,-17.79,,,,,
7101,11.6,23.63,1.46,0,0.07,0,2.17,4.53,21.25,-65.4,-13.77,3.05,-0.68,-10.73,-11.4,,,,,
7111,9.37,22.02,3.31,0,0.03,0,1.57,4.93,19.24,-68.15,-11.77,2.95,-7.69,-8.82,-16.51,,,,,
7121,7.82,20.19,1.01,0,0.08,0,0.36,4.75,19.12,-65.16,-12.68,3.03,-11.83,-9.65,-21.48,,,,,
7131,8.54,27.12,0.41,0,0.09,0,1.83,5.39,19.53,-67.61,-12.52,2.95,-4.72,-9.57,-14.29,,,,,
7141,7.62,24.39,2.57,0,0.1,0,-0.57,5.11,21.56,-65.31,-13.5,2.98,-4.54,-10.52,-15.06,,,,,
7151,10.5,24.29,4.38,0,0.19,0,-0.64,3.74,20.41,-64.75,-12.75,3.02,-1.89,-9.72,-11.61,,,,,
7161,9.64,16.9,-0.89,0,0.06,0,1.72,6.18,23.21,-67.47,-12.7,3,-10.65,-9.7,-20.35,,,,,
7171,10.11,20.9,2.68,0,0.02,0,-0.04,6.01,18.85,-67.22,-13.67,2.98,-8.69,-10.69,-19.38,,,,,
7181,4.68,19.59,4.07,0,0,0,-0.93,4.69,22.84,-65.81,-12.89,3,-10.86,-9.89,-20.75,,,,,
7191,15.4,19.67,6.5,0,0.13,0,-0.94,6.09,22.63,-66.61,-13.3,2.95,2.87,-10.35,-7.47,,,,,
7201,10.24,20.9,3.57,0,0.13,0,-0.65,5.81,18.92,-67.38,-13.16,3.06,-8.47,-10.1,-18.57,,,,,
7211,5.1,20.35,4.83,0,-0.05,0,1.14,4.32,23.97,-66.41,-12.5,2.97,-6.75,-9.53,-16.28,,,,,
7221,13.77,19.6,2.73,0,0.14,0,-1.31,4.8,17.62,-65.72,-13.07,3.03,-8.36,-10.04,-18.4,,,,,
7231,6.96,27.6,4.77,0,0.48,0,-1.42,6.3,21.03,-67.11,-13.42,3,-1.38,-10.42,-11.8,,,,,
7241,8.24,22.98,4.18,0,0.16,0,-0.56,4.4,21.75,-64.32,-12.72,2.93,-3.17,-9.79,-12.96,,,,,
7251,8.16,21.49,2.32,0,0.09,0,0.93,5.37,18.9,-66.64,-12.34,2.99,-9.38,-9.35,-18.73,,,,,
7261,6.17,19.67,4.42,0,0.02,0,-1.47,6.31,21.34,-67.79,-12.89,2.98,-11.33,-9.91,-21.24,,,,,
7271,9.1,26.57,3.65,0,0.02,0,-1.22,4.45,19.83,-65.24,-13.74,3.01,-2.86,-10.72,-13.58,,,,,
7281,4.89,14.52,2.62,0,0.06,0,0.92,4.73,24.84,-65.96,-12.86,2.97,-13.39,-9.89,-23.28,,,,,
7291,8.53,21,0.44,0,0.09,0,3.28,4.37,20.69,-66.93,-12.44,3.03,-8.54,-9.41,-17.95,,,,,
7301,7.7,21.01,1.29,0,0.37,0,0.14,4.87,20.7,-64.46,-13.99,3.07,-8.38,-10.92,-19.3,,,,,
7311,9.18,21.69,1.66,0,0.06,0,0.85,4.84,23.34,-66.9,-12.81,3.02,-5.28,-9.78,-15.06,,,,,
7321,5.26,15.8,3.51,0,0,0,0.1,5.04,24.94,-67.59,-12.67,2.95,-12.95,-9.72,-22.67,,,,,
7331,6.04,22.91,7.46,0,-0.07,0,-0.06,5.29,22.24,-65.58,-13.4,3.02,-1.77,-10.38,-12.15,,,,,
7341,9.6,23.59,1.92,0,0.03,0,-0.31,4.63,19.62,-66.54,-12.52,3.02,-7.47,-9.5,-16.97,,,,,
7351,17.6,18.31,7.88,0,0.29,0,-0.38,5.17,18.77,-65.86,-13.79,3.04,1.79,-10.75,-8.96,,,,,
7361,6.16,19.74,2.59,0,0.15,0,-0.98,4.06,20.49,-64.7,-13.72,3.06,-12.47,-10.66,-23.13,,,,,
7371,7.58,17.64,2.46,0,0.1,0,2.77,7.33,26.53,-68.85,-12.87,2.97,-4.44,-9.9,-14.34,,,,,
7381,11.67,13.96,1,0,0.07,0,-1.35,5.38,21.66,-66.54,-13.71,2.98,-14.16,-10.73,-24.89,,,,,
7391,11.54,14.33,2.17,0,0.25,0,-0.48,4.88,22.47,-64.39,-14.36,2.99,-9.23,-11.37,-20.6,,,,,
7401,6.09,20.48,3.66,0,0.16,0,-0.57,4.85,20.44,-64.5,-13.58,3.01,-9.38,-10.57,-19.95,,,,,
7411,17,22.43,4.55,0,0.14,0,1.25,5.37,20.3,-67.61,-13.06,3.01,3.43,-10.05,-6.62,,,,,
7421,11.06,18.75,1.76,0,0.05,0,0.08,3.62,22.49,-64.45,-12.4,3.04,-6.64,-9.36,-16,,,,,
7431,11.01,26.89,-0.29,0,-0.07,0,2.45,3.79,20.13,-64.92,-12.81,3.06,-0.99,-9.76,-10.75,,,,,
7441,8.82,19.64,3.86,0,0.06,0,0.34,5.87,21.08,-64.89,-14.37,3.03,-5.22,-11.34,-16.56,,,,,
7451,6.72,17.85,2.87,0,0.06,0,0.3,6.84,23.27,-66.49,-13.61,3.01,-8.57,-10.6,-19.18,,,,,
7461,7.22,23.75,5.54,0,0.12,0,1.41,4.84,22.53,-65.87,-13.28,3,-0.45,-10.28,-10.73,,,,,
7471,8.71,26.58,0.28,0,0.03,0,1.1,2.8,18.67,-66.21,-11.88,2.98,-8.04,-8.9,-16.94,,,,,
7481,8.29,18.37,5.39,0,0.18,0,-0.61,4.13,21.99,-64.91,-13.8,3.01,-7.17,-10.79,-17.95,,,,,
7491,8.58,17.72,3.45,0,0.07,0,0.7,4.34,22.48,-66.33,-12.88,2.97,-8.99,-9.91,-18.9,,,,,
7501,14.04,11.19,5.01,0,0.33,0,-0.6,4.7,20.63,-64.93,-13.65,2.99,-9.62,-10.67,-20.29,,,,,
7511,13.48,22.07,3.26,0,-0.11,0,1.42,4.99,16.78,-67.56,-13.05,3.02,-5.67,-10.03,-15.7,,,,,
7521,8.61,18.14,0.91,0,0.06,0,2.43,4.03,20.07,-63.64,-13.07,3.04,-9.4,-10.04,-19.44,,,,,
7531,7.01,19.8,2.93,0,0,0,-1.6,6.12,22.07,-67.9,-13.21,3,-11.56,-10.21,-21.78,,,,,
7541,7.19,26.35,3.41,0,0.15,0,0.26,5.84,20.48,-66.49,-13.64,3.07,-2.82,-10.57,-13.39,,,,,
7551,6.97,25.59,1.29,0,-0.01,0,-2.18,4.54,18.63,-66.41,-12.58,2.99,-11.59,-9.59,-21.17,,,,,
7561,9.43,15.14,3.27,0,0.03,0,1.72,5.12,19.78,-64.55,-13.85,3.02,-10.06,-10.82,-20.88,,,,,
7571,8.24,16.41,2.08,0,0.08,0,0.31,4.64,21.69,-64.92,-13.06,2.98,-11.47,-10.08,-21.55,,,,,
7581,10.09,16.04,1.93,0,0.01,0,1.31,5.14,20.61,-64.11,-13.94,2.98,-8.97,-10.96,-19.94,,,,,
7591,8.83,16.55,1.92,0,0.07,0,-0.41,5.93,22.32,-68.1,-12.93,2.99,-12.9,-9.93,-22.83,,,,,
7601,4.77,18.77,3.57,0,0.17,0,-0.38,4.9,24.05,-65.57,-13.35,3,-9.7,-10.35,-20.05,,,,,
7611,5.61,17.09,2.46,0,-0.08,0,1.83,4.52,22.89,-66.66,-12.16,2.97,-12.34,-9.19,-21.53,,,,,
7621,9.49,20,0.83,0,0.03,0,-0.2,5.41,20.14,-64.7,-13.94,3.02,-9,-10.92,-19.92,,,,,
7631,7.03,22.33,2.65,0,0.17,0,0.4,4.77,18.49,-66.28,-13.61,3.01,-10.45,-10.6,-21.05,,,,,
7641,7.53,19.67,2.58,0,0.06,0,1.54,4.89,20.3,-65.86,-12.83,3.01,-9.28,-9.82,-19.09,,,,,
7651,10.49,17.5,3.67,0,0.18,0,-0.3,4.55,20.67,-63.73,-13.92,3.04,-6.97,-10.88,-17.85,,,,,
7661,5.85,23.95,3.58,0,0.06,0,0.91,5.16,23.65,-65,-13.37,3.03,-1.84,-10.34,-12.18,,,,,
7671,7.5,22.97,1.41,0,0,0,-0.07,4.86,18.6,-65.27,-13.29,2.99,-10,-10.3,-20.3,,,,,
7681,10.87,20.99,5.02,0,0.01,0,0.19,4.73,20.31,-65.25,-13.54,3,-3.14,-10.54,-13.68,,,,,
7691,11.68,15.75,4.94,0,0.09,0,1.38,6.03,22.18,-68.33,-12.82,2.97,-6.29,-9.85,-16.14,,,,,
7701,10.34,23.59,2.94,0,0.02,0,-0.26,4.48,20.02,-66.45,-13.1,2.99,-5.32,-10.11,-15.43,,,,,
7711,8.86,18.55,4.23,0,0.33,0,1.62,4.69,24.55,-67.22,-12.32,2.97,-4.39,-9.35,-13.74,,,,,
7721,7.89,23.23,4.3,0,0.42,0,-1.24,4.33,18.23,-63.54,-14.09,3.03,-6.39,-11.05,-17.44,,,,,
7731,6.84,20.33,3.25,0,-0.09,0,-0.88,4.85,20.89,-66.26,-12.47,3.01,-11.08,-9.47,-20.54,,,,,
7741,9.29,21.28,5.85,0,0.18,0,-0.37,3.23,18.92,-64.57,-13.09,3.05,-6.19,-10.04,-16.23,,,,,
7751,7.63,32.62,4.87,0,0.01,0,-0.43,4.07,18.48,-64.9,-13.63,3.05,2.35,-10.58,-8.23,,,,,
7761,6.55,17.99,2.19,0,0.14,0,1.83,2.9,22.23,-64.37,-11.68,3.03,-10.54,-8.65,-19.19,,,,,
7771,5.26,24.41,3.29,0,0.22,0,0,2.37,20.05,-64.53,-12.33,3.01,-8.94,-9.32,-18.26,,,,,
7781,8.12,19,0.75,0,0.01,0,0.61,3.31,18.75,-63.57,-12.95,3.01,-13.03,-9.94,-22.97,,,,,
7791,10.8,17.85,1.48,0,0.15,0,0.12,5.7,20.43,-66.01,-13.84,3.03,-9.49,-10.82,-20.3,,,,,
7801,6.68,14.88,6.83,0,0.07,0,-0.06,4.6,24.11,-65.81,-12.83,2.98,-8.69,-9.85,-18.54,,,,,
7811,6.56,26.76,2.23,0,0.3,0,0.13,2.91,22.55,-64.68,-12.37,2.95,-3.23,-9.42,-12.65,,,,,
7821,8.49,18.5,3.16,0,0.12,0,0.44,5.3,21,-66.04,-13.33,3,-9.04,-10.33,-19.37,,,,,
7831,8.31,17.63,4.59,0,0.17,0,0.73,4.12,19.44,-63.91,-13.12,3.02,-8.91,-10.1,-19.01,,,,,
7841,6.37,19.76,4.41,0,0.1,0,-0.34,5.78,20.04,-66.06,-13.66,3,-9.93,-10.65,-20.58,,,,,
7851,6.52,18.51,3.63,0,0.05,0,0.51,4.41,20.11,-65.35,-12.73,2.96,-11.6,-9.77,-21.36,,,,,
7861,6.6,25.64,2.88,0,0.13,0,1.22,5.57,20.9,-66.51,-12.77,2.94,-3.56,-9.83,-13.38,,,,,
7871,11.92,22.58,1.09,0,-0.1,0,3.08,5.18,16.6,-67.9,-12.32,2.95,-7.55,-9.37,-16.92,,,,,
7881,8.03,16.28,2.38,0,0.2,0,3.64,4.96,20.23,-64.21,-13.75,3.06,-8.49,-10.68,-19.17,,,,,
7891,6.53,28.09,7.21,0,-0.08,0,0.22,5.49,17.55,-65.44,-13.28,3.01,-0.43,-10.27,-10.69,,,,,
7901,8.29,15.71,1.53,0,-0.03,0,4.9,4.7,21.67,-66.66,-12.6,3.04,-9.89,-9.56,-19.45,,,,,
7911,10.81,27.05,4.34,0,0.43,0,1.21,3.66,20.91,-65.49,-12.75,3.04,2.92,-9.71,-6.79,,,,,
7921,7.77,22.01,0.17,0,0.1,0,3.88,2.94,18.38,-65.65,-12.16,3.05,-10.4,-9.1,-19.5,,,,,
7931,8.4,20.51,4.6,0,0,0,1.32,5.37,21.09,-66.59,-13.52,3.03,-5.31,-10.5,-15.8,,,,,
7941,5.29,21.38,1.38,0,0.08,0,0.38,3.52,22.47,-64.26,-13.43,3.03,-9.75,-10.4,-20.16,,,,,
7951,10.26,21.72,7.62,0,0.41,0,0.77,3.68,17.33,-64.43,-13.32,3.05,-2.64,-10.27,-12.91,,,,,
7961,7.96,17,2.38,0,0.21,0,0.82,4.44,23.57,-64.67,-12.53,3.03,-8.3,-9.5,-17.8,,,,,
7971,9.04,21.39,4.48,0,0.08,0,-0.86,5.01,18.22,-64.45,-14.07,3,-7.09,-11.07,-18.16,,,,,
7981,10.03,15.98,4.62,0,0.15,0,2.29,4.23,17.79,-64.4,-12.95,3.07,-9.3,-9.88,-19.18,,,,,
7991,6.96,18.98,6.49,0,0.25,0,0.4,4.01,22.57,-65.06,-12.74,3.04,-5.4,-9.7,-15.1,,,,,
8001,5.64,19.63,1.53,0,-0.05,0,0.41,4.48,25.05,-65.69,-13.21,2.99,-9.01,-10.21,-19.22,,,,,
8011,7.37,19.21,4.03,0,0.05,0,1.21,5.56,20.49,-65.87,-13.16,2.97,-7.94,-10.19,-18.13,,,,,
8021,9.56,18.5,5.26,0,0.18,0,-0.08,4.98,19.9,-65.3,-13.5,3.04,-7.01,-10.46,-17.47,,,,,
8031,10.58,15.34,2.47,0,0.17,0,2.23,3.06,21.99,-64.46,-13.29,3.03,-8.63,-10.26,-18.89,,,,,
8041,14.48,21.86,2.13,0,0.19,0,0.88,5.03,19.93,-65.23,-13.38,3.04,-0.73,-10.33,-11.06,,,,,
8051,3.98,16.7,1.3,0,0.04,0,1.18,4.52,23.98,-65.72,-12.77,2.97,-14.01,-9.8,-23.81,,,,,
8061,6.31,22.34,0.83,0,0.04,0,0.6,5.12,20.76,-66.04,-12.7,3.02,-10.06,-9.68,-19.73,,,,,
8071,13.82,24.66,3.64,0,0.14,0,1,3.53,20.97,-66.12,-12.71,3.03,1.65,-9.68,-8.03,,,,,
8081,7.09,20.08,4.17,0,-0.04,0,-1.51,4.8,22.92,-67.11,-12.48,2.97,-9.6,-9.51,-19.1,,,,,
8091,7.05,21.29,1.25,0,0.13,0,0.67,3.01,24.5,-64.84,-11.83,2.97,-6.93,-8.86,-15.79,,,,,
8101,7.44,26.47,0.46,0,0.11,0,0.94,3.54,18.05,-63.62,-13.06,3.03,-6.61,-10.03,-16.65,,,,,
8111,4.86,16.58,4.4,0,0.36,0,1.87,4.91,21.5,-65.68,-13.31,3.04,-11.21,-10.26,-21.47,,,,,
8121,8.61,28.66,4.5,0,0.1,0,-0.2,4.75,21.4,-64.26,-13.82,2.96,3.55,-10.86,-7.31,,,,,
8131,6.82,19.39,5.24,0,0.1,0,3.39,4.08,24.12,-64.71,-13.16,2.96,-1.57,-10.2,-11.76,,,,,
8141,10.82,15,3.08,0,-0.02,0,-0.36,4.94,20.43,-65.47,-13.19,3.03,-11.59,-10.16,-21.76,,,,,
8151,7.77,21.63,2.95,0,0.37,0,-1.48,3.46,18.09,-63.98,-13.19,3.04,-11.16,-10.15,-21.32,,,,,
8161,8.99,25.83,3.04,0,0.1,0,-1.47,3.54,22.51,-66.16,-13.06,3.01,-3.61,-10.05,-13.67,,,,,
8171,6.35,14.8,-0.36,0,0.08,0,2.98,5.68,22.73,-66.39,-12.87,3,-14.13,-9.86,-23.99,,,,,
8181,8.58,23.51,3.14,0,0.03,0,-0.24,3.99,22.1,-65.29,-12.84,2.98,-4.18,-9.86,-14.05,,,,,
8191,7.2,22.05,2.12,0,0.04,0,0.41,4.13,19.49,-64.57,-13.18,3,-9.12,-10.18,-19.3,,,,,
8201,14.2,22.86,2.04,0,0.06,0,0.74,4.72,19.89,-66.61,-13.27,2.97,-2.09,-10.3,-12.39,,,,,
8211,7.77,23.84,4.99,0,0.21,0,-0.69,4.43,20.49,-65.73,-12.52,3.02,-4.69,-9.5,-14.19,,,,,
8221,3.22,20.95,3.3,0,0.11,0,1.97,4.17,23.81,-66.7,-12.01,2.98,-9.18,-9.03,-18.21,,,,,
8231,9.03,22.02,2.39,0,0.13,0,1.21,3.82,19.86,-64.78,-13.25,3.03,-6.31,-10.22,-16.54,,,,,
8241,8.06,20.51,2.83,0,-0.01,0,0.9,4.77,24.96,-65.86,-12.9,2.97,-3.84,-9.93,-13.77,,,,,
8251,7.71,20.86,0.15,0,0.26,0,1.65,4.25,20.55,-65.59,-13.19,3.01,-10.17,-10.18,-20.34,,,,,
8261,6.66,21.62,2.72,0,0.01,0,-0.24,5.65,23.37,-66.54,-13.16,2.97,-6.76,-10.18,-16.94,,,,,
8271,4.13,18.58,6.01,0,-0.08,0,1.74,4.88,24.79,-66.88,-12.49,3.02,-6.83,-9.47,-16.3,,,,,
8281,5.41,24.49,2.01,0,0,0,-0.17,4.49,22.8,-65.06,-13.61,2.98,-6.05,-10.64,-16.68,,,,,
8291,11.52,19.64,0.46,0,-0.03,0,1.06,4.51,26.01,-64.95,-13.6,2.98,-1.78,-10.62,-12.4,,,,,
8301,11.6,15.64,0.4,0,0.09,0,-0.28,4.83,21.82,-64.55,-14.19,2.99,-10.45,-11.2,-21.65,,,,,
8311,4.8,22.88,4.49,0,0.11,0,0.69,4.9,22.41,-65.99,-12.42,2.97,-5.7,-9.46,-15.16,,,,,
8321,9.64,17.86,5.49,0,0.07,0,0.92,4.66,20.79,-65.42,-12.75,3.05,-5.98,-9.7,-15.68,,,,,
8331,14.07,23.96,1.31,0,0.09,0,-0.19,6.24,21.59,-67.58,-13.31,3.02,-0.51,-10.29,-10.8,,,,,
8341,12.4,19.48,3.48,0,0.07,0,-0.51,4.78,19.71,-64.78,-13.8,3,-5.37,-10.8,-16.17,,,,,
8351,11.04,16.57,1.77,0,0.07,0,-0.11,5.94,21.03,-67.33,-12.84,2.96,-11.01,-9.87,-20.88,,,,,
8361,8.69,17.64,1.89,0,0.01,0,0.84,6.2,23.2,-66.61,-13.04,3.04,-8.14,-10,-18.14,,,,,
8371,10.82,20.66,4.11,0,0.06,0,1.19,4.65,22.73,-66.49,-13.16,2.97,-2.27,-10.18,-12.46,,,,,
8381,11.48,20.27,1.23,0,0.05,0,-0.86,4.11,18.94,-63.8,-13.91,3,-8.58,-10.91,-19.49,,,,,
8391,8.42,23.13,2.31,0,0.06,0,0.02,4.77,18.06,-66.5,-13.19,3.02,-9.73,-10.17,-19.91,,,,,
8401,8.47,16.3,2.03,0,0.01,0,1.87,5.47,23.45,-66.89,-13.24,3.01,-9.3,-10.24,-19.53,,,,,
8411,7.39,24.16,7.43,0,0.02,0,-0.62,4.67,24.51,-66.51,-13.24,2.96,1.06,-10.29,-9.23,,,,,
8421,5.46,21.18,1.02,0,0.02,0,-1.68,4.78,21.83,-64.87,-13.5,3.01,-12.27,-10.48,-22.75,,,,,
8431,10.53,22.86,3,0,0.13,0,0.46,4.42,19.33,-65.07,-12.92,2.99,-4.33,-9.93,-14.26,,,,,
8441,6.25,23.7,3.14,0,0.2,0,1.36,4.91,25.39,-66.22,-12.79,2.98,-1.28,-9.81,-11.09,,,,,
8451,5.65,17.86,3.78,0,0.03,0,-0.48,4.81,20.28,-66.2,-12.81,2.99,-14.27,-9.83,-24.09,,,,,
8461,12.24,21.03,3.28,0,0.04,0,-1.53,4.96,19.29,-64.47,-13.96,3.04,-5.16,-10.92,-16.08,,,,,
8471,9.19,15.32,5.6,0,0.08,0,-0.71,5.43,19.58,-67,-12.62,2.98,-12.51,-9.64,-22.15,,,,,
8481,16.48,18.92,1.17,0,0.01,0,2.62,5.05,21.83,-66.04,-13.38,2.99,0.04,-10.39,-10.35,,,,,
8491,5.09,17.68,4.55,0,0.14,0,-0.84,3.78,23.64,-64.63,-13.12,2.96,-10.6,-10.15,-20.75,,,,,
8501,9.03,18.51,0.59,0,0.03,0,-0.4,5.39,19.63,-67.42,-12.84,2.99,-14.65,-9.85,-24.5,,,,,
8511,10.42,20.06,1.76,0,0.11,0,1.84,4.27,22.11,-64.57,-12.99,3.04,-4,-9.95,-13.95,,,,,
8521,11.56,22.75,4.25,0,0.08,0,-0.3,4.03,16.87,-64.15,-13.06,3.01,-4.91,-10.04,-14.95,,,,,
8531,5.98,18.2,0.94,0,0.29,0,3.08,4.28,21.11,-64.77,-12.84,3.02,-10.87,-9.82,-20.69,,,,,
8541,8.02,20.03,6.34,0,0.05,0,-0.46,5.05,21.12,-65.72,-14.2,3.02,-5.56,-11.17,-16.73,,,,,
8551,13.31,14.72,2.76,0,0.12,0,-0.91,5.32,21.32,-66.29,-13.08,2.98,-9.66,-10.11,-19.76,,,,,
8561,7.86,18.41,5.42,0,0.19,0,0.48,4.29,22.25,-64.88,-12.67,2.98,-5.97,-9.69,-15.66,,,,,
8571,10.37,13.02,1.71,0,0.18,0,0.96,4.3,20.39,-65.04,-13.39,2.98,-14.1,-10.41,-24.51,,,,,
8581,6.84,22.08,2.5,0,0.17,0,0.98,6.23,23.46,-66.41,-13.91,3,-4.16,-10.91,-15.07,,,,,
8591,10.46,14.78,1.08,0,-0.08,0,-0.59,4.34,20,-65.34,-13.39,2.98,-15.36,-10.41,-25.77,,,,,
8601,3.51,29.76,4.4,0,0.08,0,-0.25,4.58,22.3,-66.35,-12.26,2.98,-1.97,-9.29,-11.26,,,,,
8611,9.13,19.27,4.55,0,0.12,0,1.43,4.21,23.51,-65.1,-12.94,2.99,-2.88,-9.94,-12.82,,,,,
8621,9,22.72,3.03,0,0.08,0,0,4.43,18.65,-65.13,-13.11,3,-7.21,-10.11,-17.32,,,,,
8631,8.05,22.13,1.11,0,0.01,0,-1.12,4.75,22.69,-65.05,-12.77,3,-7.43,-9.77,-17.2,,,,,
8641,7.28,14.82,2.98,0,-0.11,0,0.78,4.21,20.54,-66.11,-13.04,3.04,-15.62,-10,-25.63,,,,,
8651,7.84,18.57,1.65,0,0.07,0,0.39,5.72,22.75,-65.47,-12.67,3.02,-8.47,-9.65,-18.12,,,,,
8661,7.3,26.79,4.36,0,0.06,0,1.11,3.27,21.31,-67.03,-12.53,3.06,-2.84,-9.46,-12.3,,,,,
8671,10.48,18.07,3.38,0,-0.02,0,-0.92,4.99,18.57,-65.99,-13.21,3.03,-11.43,-10.18,-21.61,,,,,
8681,8.62,25.14,4.13,0,0.11,0,2.1,4.01,18.95,-64.95,-13.11,3.05,-1.89,-10.06,-11.96,,,,,
8691,10.32,22.08,2.1,0,0.12,0,0.93,4.59,19.69,-64.33,-13.66,3.03,-4.51,-10.63,-15.14,,,,,
8701,12.89,18.21,2.66,0,0.13,0,2.83,4.84,18.74,-66.94,-12.69,3.05,-6.63,-9.63,-16.26,,,,,
8711,4.81,25.47,5.8,0,0.19,0,-1.01,4.77,25.13,-66.07,-12.86,2.99,-0.91,-9.87,-10.78,,,,,
8721,6.85,14.29,6.53,0,0.08,0,-0.17,4.24,22.51,-64.83,-12.74,3,-10.5,-9.75,-20.24,,,,,
8731,5.72,18.54,1.1,0,0.04,0,1.26,4.69,23.33,-67.35,-11.9,2.98,-12.67,-8.92,-21.59,,,,,
8741,7.27,18.72,6.97,0,0.14,0,0.54,4.69,21,-65,-13.31,3.05,-5.68,-10.26,-15.94,,,,,
8751,10.91,19.09,1.17,0,0,0,1.77,3.38,20.06,-64.62,-12.65,3.03,-8.24,-9.63,-17.87,,,,,
8761,9.16,21.04,7.17,0,0.22,0,-0.74,4.44,19.93,-65.42,-13.26,3.03,-4.2,-10.23,-14.43,,,,,
8771,7.13,19.28,5.23,0,0.09,0,0.59,3.02,21.47,-64.78,-12.9,2.96,-7.95,-9.93,-17.89,,,,,
8781,9.53,19.99,3.14,0,0.1,0,1.01,4.76,20.03,-66.86,-12.58,3.01,-8.29,-9.56,-17.86,,,,,
8791,6.43,16.52,2.34,0,-0.06,0,-0.89,5.49,23.96,-67.05,-12.85,2.96,-13.27,-9.89,-23.16,,,,,
8801,6.25,16.79,4.71,0,0.05,0,1.84,6.62,23.58,-66.2,-13.21,2.99,-6.36,-10.22,-16.58,,,,,
8811,10.09,20.8,2.5,0,0.13,0,-0.66,4.59,20.48,-65.35,-13.64,3.03,-7.41,-10.61,-18.03,,,,,
8821,5.96,26.86,5.72,0,0.15,0,-0.97,4.17,22.82,-64.62,-13,3,0.08,-10,-9.92,,,,,
8831,14.51,19.39,2.86,0,-0.09,0,1.34,3.67,18.93,-65.92,-13,3.02,-5.31,-9.97,-15.28,,,,,
8841,8.44,20.72,1.05,0,0.08,0,0.7,5.14,19.42,-65.9,-12.78,3.04,-10.36,-9.74,-20.1,,,,,
8851,5.79,25.67,1.81,0,0.34,0,-1.07,4.64,23.16,-65.08,-13.7,2.98,-4.74,-10.72,-15.46,,,,,
8861,10.33,21.13,1.72,0,0.09,0,1.19,4.55,20.86,-65.06,-13.72,3.04,-5.18,-10.68,-15.87,,,,,
8871,7.97,23.69,3.95,0,0,0,-0.63,5.03,21.08,-66.7,-13.09,2.97,-5.62,-10.12,-15.74,,,,,
8881,10.64,15.46,4.68,0,0.19,0,0.68,5.51,23.17,-66.46,-13.49,3,-6.13,-10.49,-16.62,,,,,
8891,7.14,21.63,1.57,0,0.04,0,-0.25,4.46,22.46,-64.75,-13.74,2.99,-7.7,-10.75,-18.45,,,,,
8901,9.98,18.1,3.14,0,0.19,0,1.71,3.85,20.77,-65.25,-12.74,3.02,-7.51,-9.72,-17.23,,,,,
8911,6.82,19.39,2.96,0,0.22,0,-0.42,3.78,20.68,-65.89,-12.83,3.01,-12.47,-9.82,-22.29,,,,,
8921,6.22,17.72,2.52,0,0.04,0,1.43,5.78,24.07,-67.22,-12.98,3.01,-9.44,-9.97,-19.42,,,,,
8931,6.58,18.28,4.33,0,0.1,0,1.15,4.02,22.06,-64.14,-13.17,3,-7.62,-10.17,-17.79,,,,,
8941,11.95,21.11,-1.64,0,0.03,0,0.36,3.93,18.84,-64.88,-13.19,3.03,-10.31,-10.16,-20.47,,,,,
8951,11.69,19.53,3.25,0,0.06,0,-0.59,5.64,20.17,-66.34,-13.49,3.02,-6.6,-10.47,-17.07,,,,,
8961,13.21,19.03,3,0,0.13,0,1.13,4.8,22.57,-66.84,-12.67,2.98,-2.96,-9.69,-12.65,,,,,
8971,10.47,19.17,2.23,0,0.11,0,-0.56,4.14,16.3,-64.44,-13.75,3.08,-12.56,-10.67,-23.23,,,,,
8981,8.39,20.97,2.81,0,0.03,0,-0.6,4.65,21.78,-68.11,-12.06,2.98,-10.09,-9.08,-19.17,,,,,
8991,5.37,19.37,2.58,0,0.02,0,0.24,5.19,22.04,-65.63,-12.93,3.02,-10.82,-9.91,-20.73,,,,,
9001,7.02,14.98,6.75,0,0.25,0,-0.98,4.24,21.1,-65.89,-12.99,2.99,-12.54,-10,-22.54,,,,,
9011,7.66,20.11,3.85,0,0.15,0,0.36,3.93,19.12,-63.7,-13.57,3,-8.52,-10.57,-19.09,,,,,
9021,7.99,18.84,1.2,0,-0.04,0,0.06,4.35,20.67,-65,-13,2.98,-11.93,-10.02,-21.95,,,,,
9031,4.47,16.34,2.46,0,0.01,0,1.05,5.15,23.91,-66.63,-12.41,2.97,-13.23,-9.44,-22.67,,,,,
9041,15.91,22.73,3.56,0,0.08,0,1.05,6.25,18.59,-65.93,-14.52,3.03,2.24,-11.49,-9.25,,,,,
9051,8.06,23.55,1.38,0,0.04,0,-1.27,3.74,19.89,-64.84,-13.21,3.05,-9.45,-10.16,-19.62,,,,,
9061,8.37,27.51,1.32,0,-0.12,0,0.22,6.3,23.25,-69.64,-12.46,2.92,-2.78,-9.54,-12.32,,,,,
9071,7.68,24.82,1.84,0,0.2,0,2.53,5.11,22.15,-68.02,-12.13,2.93,-3.69,-9.19,-12.89,,,,,
9081,8.14,17.77,3.09,0,0.04,0,-0.48,6.77,24.78,-67.44,-12.64,2.99,-7.34,-9.65,-16.99,,,,,
9091,12.29,19.51,5.2,0,0.24,0,0.9,3.53,24.74,-63.75,-13.65,3,2.67,-10.66,-7.99,,,,,
9101,6.53,17.7,2.42,0,0.03,0,2,4.78,24.12,-65.83,-12.3,2.97,-8.25,-9.33,-17.57,,,,,
9111,13.26,14.79,2.17,0,0.07,0,-0.69,6.26,21.23,-65.17,-13.72,3.04,-8.08,-10.68,-18.76,,,,,
9121,7.73,20.89,4.02,0,0.15,0,-0.37,4.11,23.12,-65.84,-12.5,2.97,-6.19,-9.53,-15.72,,,,,
9131,10.08,15.27,3.97,0,0.07,0,5.69,6.67,22.69,-67.59,-12.76,2.97,-3.17,-9.79,-12.96,,,,,
9141,6.87,17.01,2.97,0,0.02,0,0.41,5.08,21.57,-66.34,-13.18,2.98,-12.4,-10.19,-22.6,,,,,
9151,6.05,22.01,3.78,0,0,0,-2.17,4.27,20.17,-64.85,-13.32,2.99,-10.76,-10.33,-21.09,,,,,
9161,8.3,16.18,1.57,0,0.1,0,0.64,4.48,21.72,-66.84,-12.06,2.97,-13.85,-9.08,-22.93,,,,,
9171,10.21,19.46,0.9,0,0.03,0,-1.53,4.4,18.21,-64.06,-13.45,3.02,-12.38,-10.43,-22.8,,,,,
9181,6.32,21.94,2.95,0,0.26,0,1.32,4.63,24.14,-65.6,-12.92,2.96,-4.04,-9.97,-14,,,,,
9191,11.58,26.44,2.43,0,0.03,0,-1.36,4.96,17.49,-64.94,-13.27,3.02,-3.37,-10.25,-13.62,,,,,
9201,7.62,18.17,6.57,0,0.05,0,-1.12,6.03,19.45,-66.09,-14.33,3,-9.32,-11.32,-20.64,,,,,
9211,10.48,22.83,2.75,0,0.34,0,-1.36,4.02,17.4,-63.88,-13.61,3.02,-7.41,-10.59,-18.01,,,,,
9221,4.33,24.92,2.58,0,0.12,0,-1.32,3.64,21.21,-63.87,-12.9,3.01,-8.39,-9.89,-18.28,,,,,
9231,8.48,16.88,2.89,0,-0.01,0,-0.86,4.75,19.51,-64.57,-13.39,3.01,-12.92,-10.39,-23.3,,,,,
9241,9.31,22.77,3.06,0,0.09,0,2.42,6.16,20.64,-66.61,-14.11,2.98,-2.15,-11.14,-13.29,,,,,
9251,5.01,22.01,7.46,0,0.07,0,1.38,3.53,22.99,-66.61,-12.34,3.03,-4.14,-9.31,-13.45,,,,,
9261,7.74,15.81,3.2,0,0.31,0,1.2,5.3,19.57,-66.89,-12.58,2.97,-13.75,-9.6,-23.36,,,,,
9271,9.66,20.35,6,0,0.09,0,-1.21,4.65,17.48,-65.86,-12.92,3.01,-8.84,-9.91,-18.74,,,,,
9281,11.35,19.18,2.21,0,0.03,0,0.61,4.7,19.52,-65.5,-13.15,3.02,-7.89,-10.13,-18.02,,,,,
9291,10.05,17.67,3.21,0,-0.09,0,0.27,4.47,20.97,-66.19,-12.81,2.99,-9.64,-9.82,-19.46,,,,,
9301,5.56,14.25,4.32,0,0.03,0,0.54,4.73,23.66,-65.03,-13.05,2.97,-11.94,-10.08,-22.02,,,,,
9311,5.98,18.75,5.73,0,0.2,0,-1.44,5.75,23.88,-67.06,-12.91,2.99,-8.2,-9.92,-18.12,,,,,
9321,6.46,11.6,4.87,0,0.19,0,0.03,4.39,22.48,-65.61,-13.29,3,-15.58,-10.29,-25.87,,,,,
9331,12.01,13.18,2.39,0,0.05,0,2.78,5.28,18.89,-66.07,-14.08,3.02,-11.49,-11.06,-22.56,,,,,
9341,5.6,15.82,4.54,0,0.04,0,-1.05,6.51,24.2,-67.67,-13,2.97,-12.01,-10.03,-22.04,,,,,
9351,8.63,24.36,3.16,0,0.17,0,0.27,4.2,21.51,-65.31,-12.76,3.04,-3,-9.72,-12.72,,,,,
9361,11.99,19.44,1.63,0,0.15,0,0.99,4.39,20.61,-64.53,-13.54,3.03,-5.34,-10.51,-15.85,,,,,
9371,7.3,23.25,9.75,0,0.17,0,-1.52,3.7,18.94,-66.39,-12.24,3,-4.81,-9.24,-14.05,,,,,
9381,9.75,15.54,6.08,0,0.05,0,3.64,5.25,22.85,-65.24,-14.12,3,-2.08,-11.12,-13.19,,,,,
9391,7.92,22.07,5.88,0,0.16,0,1.36,2.62,20.57,-62.93,-12.7,2.99,-2.34,-9.71,-12.04,,,,,
9401,8.03,20.09,4.51,0,0.24,0,-2.28,5.09,20.33,-66,-13.06,3.01,-9.99,-10.05,-20.03,,,,,
9411,6.76,16.16,2.07,0,0.08,0,0.14,4.41,20.37,-66.07,-12.64,3.04,-16.08,-9.6,-25.68,,,,,
9421,7.82,17.38,4.97,0,0.19,0,-1.46,5.41,20.34,-65.84,-13.48,3.02,-11.19,-10.47,-21.66,,,,,
9431,4.59,17.1,5.13,0,0.21,0,0.82,4.21,22.31,-65.18,-12.81,3.02,-10.81,-9.79,-20.61,,,,,
9441,8.27,17.53,2.97,0,0.05,0,2.21,4.56,23.32,-66.02,-12.52,3,-7.12,-9.52,-16.64,,,,,
9451,9.16,16.19,6.01,0,0.06,0,-1.28,4.35,20.58,-64.92,-13.13,3.01,-9.85,-10.12,-19.97,,,,,
9461,6.33,18.61,1.84,0,0.12,0,2.69,4.95,22.21,-66.68,-12.41,3.01,-9.94,-9.4,-19.34,,,,,
9471,7.99,24.95,4.91,0,0.1,0,-0.63,5.59,20.57,-68.2,-12.58,2.97,-4.72,-9.61,-14.33,,,,,
9481,4.95,25.46,4.11,0,0.04,0,-1.44,3.81,19.79,-65.67,-12.35,3.04,-8.94,-9.31,-18.25,,,,,
9491,11.86,19.01,4.16,0,0.11,0,0.79,5.46,20.89,-67.53,-12.96,2.99,-5.26,-9.98,-15.23,,,,,
9501,12.62,22.32,3.84,0,-0.08,0,-0.12,6.01,21.16,-67.19,-12.67,2.95,-1.44,-9.72,-11.16,,,,,
9511,8.2,23.32,-0.96,0,0.1,0,2.43,4.26,20.72,-64.92,-12.22,3.02,-6.85,-9.2,-16.05,,,,,
9521,11.42,26.82,3.33,0,0.04,0,-1.01,5.71,19.13,-67.5,-12.99,2.99,-2.04,-9.99,-12.03,,,,,
9531,12.51,23.84,4.82,0,0.06,0,-0.59,6.55,19.37,-68.19,-13.72,3.06,-1.63,-10.66,-12.29,,,,,
9541,10.94,16.67,4.35,0,0.01,0,-1.44,4.28,19.28,-65.9,-13.56,3,-11.8,-10.56,-22.36,,,,,
9551,4.81,21.46,4.47,0,-0.12,0,0.04,4.57,23.86,-66.36,-12.85,2.97,-7.26,-9.88,-17.15,,,,,
9561,9.48,19.53,3.09,0,0.04,0,-0.64,4.98,19.57,-65.95,-13.54,3,-9.91,-10.54,-20.45,,,,,
9571,8.23,16.36,2.39,0,0.01,0,-1.35,5.77,25.97,-66.4,-12.74,2.99,-9.02,-9.75,-18.77,,,,,
9581,12.21,17.52,6.03,0,0.27,0,0.91,4.34,19.15,-66.54,-12.71,2.99,-6.11,-9.72,-15.83,,,,,
9591,7.34,21.5,7.78,0,0.14,0,-0.61,4.73,23.82,-65.97,-13.33,2.98,-1.27,-10.35,-11.62,,,,,
9601,6.74,19.72,5.84,0,0.2,0,0.41,5.34,20.3,-67.15,-13.27,3,-8.6,-10.27,-18.87,,,,,
9611,5.11,24.02,1.49,0,0.06,0,-0.39,4.62,21.72,-66.1,-13.32,3.01,-9.48,-10.31,-19.78,,,,,
9621,8.55,19.77,1.66,0,0.08,0,0.77,4.57,22.98,-65.24,-13.78,3.02,-6.87,-10.76,-17.63,,,,,
9631,6.14,20.5,2.76,0,0.07,0,-0.05,4.44,20.89,-64.19,-13.04,3.01,-9.44,-10.03,-19.47,,,,,
9641,4.43,18.07,3.26,0,0.07,0,0.01,5.79,25.51,-67.5,-12.8,2.99,-10.36,-9.81,-20.17,,,,,
9651,12.55,27.88,3.7,0,-0.02,0,-0.11,3.63,17.78,-65.19,-14.01,3.05,0.22,-10.96,-10.74,,,,,
9661,6.61,18.71,3.46,0,0.08,0,0.62,5.08,21.08,-66.31,-13.24,3,-10.67,-10.24,-20.92,,,,,
9671,5.7,24.45,2.99,0,-0.08,0,-0.91,4.79,21.83,-65.49,-12.69,2.96,-6.71,-9.73,-16.44,,,,,
9681,5.58,21.56,1.12,0,-0.01,0,-1.62,4.35,17.42,-64.04,-14.1,3.02,-15.63,-11.08,-26.71,,,,,
9691,9.25,21.34,3.27,0,0,0,-1.69,5.16,19.67,-65.32,-13.8,3,-8.32,-10.8,-19.12,,,,,
9701,14.48,19.4,5.47,0,-0.02,0,0.71,6.07,22.15,-67.22,-12.81,3.05,1.05,-9.76,-8.71,,,,,
9711,6.26,15.71,3.94,0,0.21,0,0.2,2.93,22.88,-65.01,-12.1,2.98,-12.89,-9.13,-22.01,,,,,
9721,8.51,20.75,2.96,0,0.33,0,0.74,2.94,23.79,-63.54,-12.78,2.99,-3.52,-9.78,-13.3,,,,,
9731,8.61,21.6,0.76,0,0.08,0,1.25,3.94,25.21,-66.93,-11.94,2.96,-5.46,-8.98,-14.45,,,,,
9741,14.81,20.67,1.99,0,0.29,0,0.21,5.21,17.81,-64.28,-13.78,2.99,-3.29,-10.79,-14.08,,,,,
9751,7.66,20.15,2.37,0,0.12,0,1.18,5.69,24.24,-67.16,-13.2,2.97,-5.75,-10.24,-15.99,,,,,
9761,8.27,20.98,4.63,0,0.09,0,-1.43,5.08,21.64,-65.66,-13.81,3.04,-6.39,-10.77,-17.16,,,,,
9771,6.91,15.5,3.56,0,-0.14,0,0.48,5.25,23.64,-67.42,-12.31,2.98,-12.22,-9.33,-21.55,,,,,
9781,6.98,19,1.38,0,0.07,0,0.99,4.65,22.36,-64.95,-12.86,2.94,-9.52,-9.91,-19.43,,,,,
9791,7.89,24.2,3.32,0,0.1,0,0.21,4.59,20.99,-65.16,-13.98,2.98,-3.86,-11,-14.86,,,,,
9801,14.29,18.44,0.26,0,0.01,0,-0.84,4.59,20.36,-65.33,-12.74,2.99,-8.21,-9.75,-17.97,,,,,
9811,15.43,22.18,2.17,0,0.19,0,-1.21,5.48,18.42,-65.03,-13.99,3.07,-2.38,-10.93,-13.3,,,,,
9821,6.49,17.67,2.73,0,0.13,0,-0.37,6.36,23.75,-66.9,-13.26,2.99,-10.15,-10.27,-20.42,,,,,
9831,5.81,25.53,5.15,0,0.1,0,3.31,5.06,20.81,-66.16,-13.45,3.01,-0.4,-10.44,-10.84,,,,,
9841,8.82,22.07,3.48,0,0.14,0,0.84,3.92,25.17,-65.07,-12.31,2.98,-0.63,-9.33,-9.95,,,,,
9851,10.03,19.05,0.84,0,0.06,0,2.55,5.64,20.55,-66.87,-13.12,3.04,-8.16,-10.08,-18.24,,,,,
9861,6.6,19.9,2.81,0,0.2,0,-1.08,4.32,21.35,-65.22,-13.75,2.99,-11.13,-10.76,-21.89,,,,,
9871,10.15,25.72,4.04,0,0.03,0,-0.08,3.37,18.24,-63.17,-13.55,3.05,-1.71,-10.49,-12.21,,,,,
9881,8.21,16.03,3.75,0,0.03,0,1.53,4.42,22.91,-65.25,-12.89,2.99,-8.36,-9.9,-18.26,,,,,
9891,6.78,17.66,3.58,0,0.01,0,1.59,4.24,22.78,-66.57,-11.78,2.97,-9.93,-8.82,-18.75,,,,,
9901,7.72,16.67,2.63,0,-0.01,0,-0.89,4.72,22.49,-65.67,-13.71,3,-12.34,-10.7,-23.05,,,,,
9911,8.67,18.23,2.98,0,0.1,0,0.22,4.84,19.77,-65.85,-13.33,3.02,-11.02,-10.31,-21.34,,,,,
9921,4.61,20.23,2.95,0,0.04,0,-1.63,4.05,20.2,-64.14,-13.35,3,-13.7,-10.35,-24.06,,,,,
9931,7.69,24.02,1.64,0,0.31,0,2.43,5.23,22.35,-66.49,-12.83,2.97,-2.82,-9.86,-12.67,,,,,
9941,7.55,26.01,6.04,0,0.26,0,-1.06,5.81,22.39,-66.29,-13.03,3.02,0.71,-10.01,-9.3,,,,,
9951,12.13,22.84,2.29,0,0.03,0,-1.58,4.82,18.29,-65.68,-13.46,3,-6.88,-10.46,-17.34,,,,,
9961,10.63,23.24,4.12,0,0.06,0,1.18,7,19.63,-66.71,-14.65,2.97,-0.86,-11.68,-12.54,,,,,
9971,11.6,26.74,3.91,0,0.04,0,1.33,5.67,21.18,-67.11,-13.71,3.03,3.36,-10.68,-7.32,,,,,
9981,8.6,23.31,4.22,0,0.06,0,0.51,5.16,22.84,-64.93,-13.35,3,-0.22,-10.36,-10.58,,,,,
9991,8.02,21.99,2.4,0,0.04,0,0.6,4.2,16.81,-63.88,-13.67,3.08,-9.83,-10.59,-20.43,,,,,
10001,9.43,18.51,4.65,0,0.18,0,0.09,6.06,23.81,-67.31,-12.87,2.98,-4.57,-9.9,-14.47,,,,,
,,,,,,,,,,,,,,,,,,,,
Delta Energy Terms,,,,,,,,,,,,,,,,,,,,
Frame #,BOND,ANGLE,DIHED,UB,IMP,CMAP,VDWAALS,EEL,1-4 VDW,1-4 EEL,EGB,ESURF,GGAS,GSOLV,TOTAL,,,,,
1,0,0,0,0,0,0,-29.35,-5.44,0,0,29.51,-4.34,-34.79,25.17,-9.62,,,RUN 2,AVE,STDV
11,0,0,0,0,0,0,-27.97,5.45,0,0,14.73,-3.58,-22.53,11.16,-11.37,,,VDWAALS,-24.71364635,10.37233174
21,0,0,0,0,0,0,-27.96,-1.51,0,0,20.82,-3.63,-29.47,17.19,-12.28,,,EEL,0.53981019,3.481793886
31,0,0,0,0,0,0,-30.02,3.34,0,0,16.31,-3.11,-26.68,13.2,-13.48,,,GSOLV,10.47969031,4.99761233
41,0,0,0,0,0,0,-24.34,-5.53,0,0,21.62,-3.05,-29.87,18.57,-11.3,,,GBIND,-13.69415584,6.28394541
51,0,0,0,0,0,0,-23.88,-9.56,0,0,28.9,-3.36,-33.44,25.53,-7.91,,,,,
61,0,0,0,0,0,0,-24.51,-10.86,0,0,30.53,-3.39,-35.37,27.14,-8.23,,,,,
71,0,0,0,0,0,0,-25.84,-7.51,0,0,26.57,-3.22,-33.35,23.35,-10.01,,,,,
81,0,0,0,0,0,0,-26.75,0.62,0,0,19.73,-3.12,-26.14,16.62,-9.52,,,,,
91,0,0,0,0,0,0,-30.07,3.11,0,0,17.08,-3.83,-26.96,13.25,-13.71,,,,,
101,0,0,0,0,0,0,-23.19,6.25,0,0,11.78,-3.27,-16.93,8.51,-8.43,,,,,
111,0,0,0,0,0,0,-27.21,7.29,0,0,12.02,-3.59,-19.92,8.43,-11.49,,,,,
121,0,0,0,0,0,0,-25.7,8.71,0,0,8.74,-3.07,-16.99,5.67,-11.32,,,,,
131,0,0,0,0,0,0,-25.39,8.19,0,0,10.87,-3.18,-17.2,7.69,-9.51,,,,,
141,0,0,0,0,0,0,-26.87,3.59,0,0,14.88,-3.49,-23.29,11.38,-11.91,,,,,
151,0,0,0,0,0,0,-25.14,6.06,0,0,12.28,-3.28,-19.08,9,-10.08,,,,,
161,0,0,0,0,0,0,-23.7,-0.37,0,0,16,-3.06,-24.07,12.94,-11.13,,,,,
171,0,0,0,0,0,0,-23,0.38,0,0,15.41,-2.56,-22.62,12.85,-9.77,,,,,
181,0,0,0,0,0,0,-24.12,-0.62,0,0,17.48,-2.81,-24.74,14.66,-10.07,,,,,
191,0,0,0,0,0,0,-24.09,5.39,0,0,11.98,-3.01,-18.7,8.96,-9.74,,,,,
201,0,0,0,0,0,0,-18.44,5.25,0,0,9.18,-2.27,-13.2,6.92,-6.28,,,,,
211,0,0,0,0,0,0,-23.32,6.44,0,0,8.53,-2.78,-16.88,5.75,-11.13,,,,,
221,0,0,0,0,0,0,-21.14,2.51,0,0,11.64,-2.53,-18.63,9.11,-9.52,,,,,
231,0,0,0,0,0,0,-21.09,5.27,0,0,9.22,-2.75,-15.82,6.47,-9.35,,,,,
241,0,0,0,0,0,0,-20.05,-3.89,0,0,17.07,-2.39,-23.94,14.68,-9.25,,,,,
251,0,0,0,0,0,0,-21.92,0.27,0,0,13.05,-2.56,-21.65,10.48,-11.16,,,,,
261,0,0,0,0,0,0,-21.22,1.25,0,0,12.51,-2.58,-19.96,9.94,-10.03,,,,,
271,0,0,0,0,0,0,-20,-1.6,0,0,14.15,-2.33,-21.6,11.82,-9.78,,,,,
281,0,0,0,0,0,0,-19.5,4.76,0,0,7.89,-2.24,-14.74,5.65,-9.1,,,,,
291,0,0,0,0,0,0,-17.76,4.13,0,0,11.75,-2.71,-13.63,9.04,-4.59,,,,,
301,0,0,0,0,0,0,-16.16,0.97,0,0,11.91,-2,-15.2,9.91,-5.28,,,,,
311,0,0,0,0,0,0,-17.13,-0.68,0,0,13.02,-2.54,-17.81,10.48,-7.33,,,,,
321,0,0,0,0,0,0,-18.99,-1.98,0,0,18.19,-2.96,-20.97,15.24,-5.73,,,,,
331,0,0,0,0,0,0,-21.98,-4.49,0,0,17.92,-2.78,-26.47,15.14,-11.33,,,,,
341,0,0,0,0,0,0,-19.51,-6.45,0,0,19.72,-2.91,-25.96,16.81,-9.16,,,,,
351,0,0,0,0,0,0,-16.26,-4.56,0,0,16.21,-2.19,-20.82,14.02,-6.8,,,,,
361,0,0,0,0,0,0,-20.87,-5.73,0,0,19.57,-2.7,-26.6,16.88,-9.72,,,,,
371,0,0,0,0,0,0,-18.95,-8.99,0,0,20.63,-2.15,-27.94,18.48,-9.46,,,,,
381,0,0,0,0,0,0,-17.63,-4.17,0,0,15.85,-1.68,-21.8,14.18,-7.62,,,,,
391,0,0,0,0,0,0,-19.68,-5.78,0,0,19.65,-2.37,-25.46,17.29,-8.17,,,,,
401,0,0,0,0,0,0,-24.42,0.56,0,0,14.81,-2.96,-23.87,11.85,-12.02,,,,,
411,0,0,0,0,0,0,-17.99,4.51,0,0,11.45,-2.78,-13.48,8.67,-4.81,,,,,
421,0,0,0,0,0,0,-22.12,-5.02,0,0,18.6,-3.2,-27.14,15.4,-11.74,,,,,
431,0,0,0,0,0,0,-23.19,-0.6,0,0,14.52,-2.95,-23.8,11.57,-12.23,,,,,
441,0,0,0,0,0,0,-24.83,-0.3,0,0,14.03,-3.03,-25.13,11,-14.13,,,,,
451,0,0,0,0,0,0,-22.27,-2.95,0,0,16.73,-2.81,-25.22,13.92,-11.3,,,,,
461,0,0,0,0,0,0,-18.63,2.03,0,0,11.94,-2.28,-16.6,9.66,-6.94,,,,,
471,0,0,0,0,0,0,-19.56,4.53,0,0,10.73,-2.77,-15.03,7.96,-7.07,,,,,
481,0,0,0,0,0,0,-23.9,4.64,0,0,13.68,-3.1,-19.26,10.57,-8.68,,,,,
491,0,0,0,0,0,0,-23.82,2.91,0,0,13.42,-3.13,-20.91,10.3,-10.62,,,,,
501,0,0,0,0,0,0,-21.36,4.77,0,0,12.49,-3.04,-16.59,9.45,-7.14,,,,,
511,0,0,0,0,0,0,-19.83,5.21,0,0,11.22,-2.9,-14.62,8.32,-6.3,,,,,
521,0,0,0,0,0,0,-19.6,7.62,0,0,9.1,-2.78,-11.99,6.31,-5.67,,,,,
531,0,0,0,0,0,0,-23.96,4.73,0,0,14.47,-3.08,-19.23,11.39,-7.84,,,,,
541,0,0,0,0,0,0,-21.8,3.29,0,0,11.41,-2.9,-18.51,8.51,-9.99,,,,,
551,0,0,0,0,0,0,-23.6,5.84,0,0,14.69,-3.44,-17.76,11.26,-6.5,,,,,
561,0,0,0,0,0,0,-26.73,6.68,0,0,11.86,-3.5,-20.04,8.37,-11.68,,,,,
571,0,0,0,0,0,0,-24.76,11.31,0,0,8.21,-3.12,-13.46,5.09,-8.37,,,,,
581,0,0,0,0,0,0,-22.74,4.47,0,0,13.46,-2.96,-18.27,10.5,-7.77,,,,,
591,0,0,0,0,0,0,-27.55,5.45,0,0,15.59,-3.48,-22.1,12.11,-9.99,,,,,
601,0,0,0,0,0,0,-21.53,2.84,0,0,13.38,-3,-18.69,10.38,-8.31,,,,,
611,0,0,0,0,0,0,-20.52,6.87,0,0,9.37,-2.77,-13.65,6.6,-7.05,,,,,
621,0,0,0,0,0,0,-25.57,9.73,0,0,12.19,-3.51,-15.84,8.68,-7.16,,,,,
631,0,0,0,0,0,0,-23.53,5.13,0,0,11.61,-3.03,-18.4,8.58,-9.82,,,,,
641,0,0,0,0,0,0,-22.93,8.76,0,0,11.36,-3.45,-14.17,7.91,-6.26,,,,,
651,0,0,0,0,0,0,-21.31,4.92,0,0,13.19,-3.18,-16.4,10,-6.4,,,,,
661,0,0,0,0,0,0,-20.5,7.63,0,0,10.61,-3.26,-12.88,7.35,-5.53,,,,,
671,0,0,0,0,0,0,-20.48,5.72,0,0,10.83,-2.92,-14.75,7.91,-6.85,,,,,
681,0,0,0,0,0,0,-23.42,4.28,0,0,13.01,-2.92,-19.13,10.09,-9.05,,,,,
691,0,0,0,0,0,0,-22.3,5.75,0,0,10.67,-3.08,-16.55,7.59,-8.97,,,,,
701,0,0,0,0,0,0,-24.7,8.09,0,0,9.17,-2.95,-16.61,6.21,-10.4,,,,,
711,0,0,0,0,0,0,-24.39,6.7,0,0,11.04,-3.18,-17.7,7.86,-9.83,,,,,
721,0,0,0,0,0,0,-21.96,4.4,0,0,14.12,-2.89,-17.56,11.23,-6.34,,,,,
731,0,0,0,0,0,0,-25.22,8.31,0,0,9.04,-2.92,-16.92,6.12,-10.79,,,,,
741,0,0,0,0,0,0,-25.51,12.49,0,0,9.01,-3.17,-13.02,5.83,-7.19,,,,,
751,0,0,0,0,0,0,-24.5,6.08,0,0,9.47,-3.2,-18.42,6.27,-12.15,,,,,
761,0,0,0,0,0,0,-24.21,11.4,0,0,8.3,-3.3,-12.81,5,-7.81,,,,,
771,0,0,0,0,0,0,-23.52,10.72,0,0,7.89,-3.14,-12.8,4.75,-8.05,,,,,
781,0,0,0,0,0,0,-24.01,13.75,0,0,8.23,-2.99,-10.25,5.24,-5.01,,,,,
791,0,0,0,0,0,0,-23.87,14.22,0,0,6.32,-3.09,-9.65,3.22,-6.43,,,,,
801,0,0,0,0,0,0,-22.12,5.73,0,0,13.19,-3.26,-16.39,9.93,-6.46,,,,,
811,0,0,0,0,0,0,-22.15,-2.19,0,0,18.09,-3.07,-24.34,15.02,-9.32,,,,,
821,0,0,0,0,0,0,-21.59,3.22,0,0,12.63,-3.03,-18.37,9.6,-8.76,,,,,
831,0,0,0,0,0,0,-20.64,4.49,0,0,10.71,-2.74,-16.14,7.97,-8.17,,,,,
841,0,0,0,0,0,0,-21.19,1.22,0,0,15.39,-2.92,-19.97,12.48,-7.49,,,,,
851,0,0,0,0,0,0,-17.32,-1.79,0,0,13.6,-1.99,-19.11,11.62,-7.49,,,,,
861,0,0,0,0,0,0,-20.28,-4.12,0,0,18.01,-2.63,-24.4,15.37,-9.03,,,,,
871,0,0,0,0,0,0,-18.64,1.14,0,0,11.96,-2.25,-17.5,9.71,-7.79,,,,,
881,0,0,0,0,0,0,-21.2,-0.99,0,0,13.23,-2.41,-22.19,10.82,-11.37,,,,,
891,0,0,0,0,0,0,-20.61,-0.11,0,0,14.8,-2.62,-20.73,12.19,-8.54,,,,,
901,0,0,0,0,0,0,-22.69,-1.17,0,0,16.54,-2.72,-23.86,13.82,-10.04,,,,,
911,0,0,0,0,0,0,-20.76,1.2,0,0,12.84,-2.75,-19.55,10.09,-9.46,,,,,
921,0,0,0,0,0,0,-24.12,3.4,0,0,13.4,-3.19,-20.72,10.21,-10.51,,,,,
931,0,0,0,0,0,0,-23.98,4.06,0,0,11.46,-2.96,-19.93,8.5,-11.42,,,,,
941,0,0,0,0,0,0,-22.31,0.88,0,0,12.29,-2.55,-21.43,9.74,-11.69,,,,,
951,0,0,0,0,0,0,-20.58,4.63,0,0,11,-3.09,-15.94,7.92,-8.03,,,,,
961,0,0,0,0,0,0,-23.58,4.78,0,0,10.01,-2.75,-18.8,7.25,-11.54,,,,,
971,0,0,0,0,0,0,-21.89,4.18,0,0,10.84,-2.78,-17.72,8.06,-9.65,,,,,
981,0,0,0,0,0,0,-19.87,3.7,0,0,14.38,-3.22,-16.17,11.15,-5.01,,,,,
991,0,0,0,0,0,0,-25.35,3.03,0,0,12.54,-3.37,-22.32,9.17,-13.15,,,,,
1001,0,0,0,0,0,0,-24.02,-0.64,0,0,17.2,-3.66,-24.67,13.54,-11.13,,,,,
1011,0,0,0,0,0,0,-21.98,-0.06,0,0,14.63,-3.08,-22.04,11.55,-10.49,,,,,
1021,0,0,0,0,0,0,-24.68,1.75,0,0,11.96,-3.31,-22.93,8.64,-14.29,,,,,
1031,0,0,0,0,0,0,-23.83,0.15,0,0,13.98,-3.24,-23.69,10.74,-12.94,,,,,
1041,0,0,0,0,0,0,-23.91,-0.6,0,0,14.24,-3,-24.51,11.23,-13.28,,,,,
1051,0,0,0,0,0,0,-25.61,0.78,0,0,15.05,-3.53,-24.83,11.52,-13.31,,,,,
1061,0,0,0,0,0,0,-25.68,2.02,0,0,14.18,-3.49,-23.67,10.69,-12.98,,,,,
1071,0,0,0,0,0,0,-27.03,0.96,0,0,16.39,-3.64,-26.07,12.76,-13.31,,,,,
1081,0,0,0,0,0,0,-27.07,3.51,0,0,15.17,-3.85,-23.56,11.31,-12.25,,,,,
1091,0,0,0,0,0,0,-22.88,2.57,0,0,13.5,-3.17,-20.31,10.33,-9.98,,,,,
1101,0,0,0,0,0,0,-25.28,0.25,0,0,15.49,-3.46,-25.03,12.02,-13,,,,,
1111,0,0,0,0,0,0,-26.39,3.1,0,0,13.73,-3.52,-23.29,10.22,-13.08,,,,,
1121,0,0,0,0,0,0,-25.36,0.54,0,0,15.58,-3.22,-24.81,12.37,-12.45,,,,,
1131,0,0,0,0,0,0,-26.52,2.22,0,0,14.65,-3.58,-24.3,11.06,-13.23,,,,,
1141,0,0,0,0,0,0,-25.3,2.78,0,0,13.28,-3.24,-22.52,10.04,-12.48,,,,,
1151,0,0,0,0,0,0,-24.63,3.43,0,0,11.58,-3.27,-21.2,8.3,-12.9,,,,,
1161,0,0,0,0,0,0,-27.37,3.58,0,0,13.41,-3.61,-23.79,9.79,-14,,,,,
1171,0,0,0,0,0,0,-25.76,3.32,0,0,12.87,-3.51,-22.44,9.37,-13.07,,,,,
1181,0,0,0,0,0,0,-25.01,6.44,0,0,11.94,-3.45,-18.57,8.48,-10.09,,,,,
1191,0,0,0,0,0,0,-25.85,4.64,0,0,13.49,-3.32,-21.21,10.17,-11.04,,,,,
1201,0,0,0,0,0,0,-24.03,5.47,0,0,10.81,-3.34,-18.57,7.47,-11.1,,,,,
1211,0,0,0,0,0,0,-24.44,0.94,0,0,14.9,-3.33,-23.51,11.57,-11.94,,,,,
1221,0,0,0,0,0,0,-23.98,0.67,0,0,15.23,-3.03,-23.31,12.2,-11.1,,,,,
1231,0,0,0,0,0,0,-21.58,-0.84,0,0,15.11,-2.93,-22.41,12.18,-10.23,,,,,
1241,0,0,0,0,0,0,-22.76,-0.42,0,0,13.39,-2.83,-23.18,10.55,-12.62,,,,,
1251,0,0,0,0,0,0,-23.91,1.81,0,0,13.94,-3.2,-22.1,10.74,-11.36,,,,,
1261,0,0,0,0,0,0,-22.85,2.7,0,0,12.18,-2.83,-20.15,9.34,-10.8,,,,,
1271,0,0,0,0,0,0,-21.3,0.31,0,0,16.19,-3.14,-20.99,13.05,-7.94,,,,,
1281,0,0,0,0,0,0,-20.32,-1,0,0,15.12,-2.64,-21.31,12.49,-8.83,,,,,
1291,0,0,0,0,0,0,-23.67,2.13,0,0,13.42,-2.69,-21.54,10.73,-10.81,,,,,
1301,0,0,0,0,0,0,-23.14,4.38,0,0,11.81,-3,-18.76,8.81,-9.95,,,,,
1311,0,0,0,0,0,0,-28.4,4.11,0,0,13.93,-3.78,-24.29,10.14,-14.15,,,,,
1321,0,0,0,0,0,0,-29.6,0.69,0,0,17.6,-4,-28.91,13.6,-15.31,,,,,
1331,0,0,0,0,0,0,-28.19,0,0,0,17.1,-3.44,-28.18,13.66,-14.53,,,,,
1341,0,0,0,0,0,0,-27.83,1.53,0,0,15.71,-3.54,-26.3,12.17,-14.13,,,,,
1351,0,0,0,0,0,0,-29.46,-1.04,0,0,18.61,-4.03,-30.5,14.58,-15.92,,,,,
1361,0,0,0,0,0,0,-28.63,-2.3,0,0,21.82,-3.7,-30.93,18.12,-12.81,,,,,
1371,0,0,0,0,0,0,-32.1,0.27,0,0,19.87,-3.9,-31.83,15.97,-15.86,,,,,
1381,0,0,0,0,0,0,-28.89,0.03,0,0,18.53,-3.8,-28.86,14.73,-14.13,,,,,
1391,0,0,0,0,0,0,-29.34,0.44,0,0,19.96,-3.86,-28.89,16.1,-12.79,,,,,
1401,0,0,0,0,0,0,-28.1,-2.53,0,0,17.52,-3.65,-30.63,13.88,-16.75,,,,,
1411,0,0,0,0,0,0,-28.45,-1.74,0,0,19.07,-3.78,-30.19,15.29,-14.89,,,,,
1421,0,0,0,0,0,0,-29.29,-5.3,0,0,21.28,-3.91,-34.59,17.37,-17.22,,,,,
1431,0,0,0,0,0,0,-28.39,0.4,0,0,16.23,-3.68,-27.99,12.55,-15.44,,,,,
1441,0,0,0,0,0,0,-28.67,-1.89,0,0,18.29,-4,-30.55,14.29,-16.26,,,,,
1451,0,0,0,0,0,0,-30.49,-1.83,0,0,19.9,-3.98,-32.32,15.92,-16.4,,,,,
1461,0,0,0,0,0,0,-28.12,0.04,0,0,15.98,-3.58,-28.08,12.39,-15.69,,,,,
1471,0,0,0,0,0,0,-33.41,-0.99,0,0,20.31,-4.18,-34.4,16.13,-18.28,,,,,
1481,0,0,0,0,0,0,-30.31,-0.57,0,0,19,-4,-30.89,15.01,-15.88,,,,,
1491,0,0,0,0,0,0,-30.42,1,0,0,18.56,-4.15,-29.41,14.4,-15.01,,,,,
1501,0,0,0,0,0,0,-29.92,-2.55,0,0,19.72,-3.88,-32.47,15.84,-16.63,,,,,
1511,0,0,0,0,0,0,-31.1,-0.74,0,0,17.95,-4.13,-31.84,13.82,-18.02,,,,,
1521,0,0,0,0,0,0,-30.09,-0.98,0,0,18.66,-4.21,-31.07,14.45,-16.63,,,,,
1531,0,0,0,0,0,0,-30.41,-3.24,0,0,21.84,-3.94,-33.65,17.91,-15.75,,,,,
1541,0,0,0,0,0,0,-30.28,0.45,0,0,18.53,-3.93,-29.83,14.6,-15.23,,,,,
1551,0,0,0,0,0,0,-28.97,-0.59,0,0,17.94,-3.91,-29.56,14.03,-15.53,,,,,
1561,0,0,0,0,0,0,-26.76,-0.07,0,0,16.34,-3.3,-26.83,13.05,-13.79,,,,,
1571,0,0,0,0,0,0,-24.41,-1.47,0,0,18.29,-3.65,-25.88,14.65,-11.24,,,,,
1581,0,0,0,0,0,0,-29.41,-2.54,0,0,20.8,-3.97,-31.96,16.84,-15.12,,,,,
1591,0,0,0,0,0,0,-27.14,2.88,0,0,18.1,-3.75,-24.26,14.35,-9.91,,,,,
1601,0,0,0,0,0,0,-32.6,-0.15,0,0,19.65,-4.14,-32.75,15.52,-17.23,,,,,
1611,0,0,0,0,0,0,-27.08,0.68,0,0,18.31,-3.79,-26.4,14.52,-11.87,,,,,
1621,0,0,0,0,0,0,-28.74,-0.9,0,0,17.81,-3.68,-29.64,14.13,-15.51,,,,,
1631,0,0,0,0,0,0,-27.25,-2.49,0,0,18.65,-3.65,-29.74,15,-14.74,,,,,
1641,0,0,0,0,0,0,-24.7,1.23,0,0,12.41,-3.24,-23.48,9.17,-14.31,,,,,
1651,0,0,0,0,0,0,-25.67,-2.05,0,0,16.12,-3.65,-27.72,12.47,-15.25,,,,,
1661,0,0,0,0,0,0,-33.48,-3.7,0,0,21.29,-4.53,-37.18,16.75,-20.42,,,,,
1671,0,0,0,0,0,0,-30.51,-4.98,0,0,21.73,-4.26,-35.49,17.48,-18.01,,,,,
1681,0,0,0,0,0,0,-29.83,-2.72,0,0,19.53,-4.05,-32.55,15.49,-17.06,,,,,
1691,0,0,0,0,0,0,-30.61,-6.14,0,0,23.84,-4.33,-36.75,19.51,-17.24,,,,,
1701,0,0,0,0,0,0,-31.98,-1.77,0,0,20.31,-4.4,-33.75,15.91,-17.84,,,,,
1711,0,0,0,0,0,0,-29.36,-1.94,0,0,19.97,-4.07,-31.3,15.91,-15.39,,,,,
1721,0,0,0,0,0,0,-32.32,-0.84,0,0,19.03,-4.28,-33.16,14.75,-18.41,,,,,
1731,0,0,0,0,0,0,-27.95,-2.86,0,0,20.3,-4.1,-30.81,16.2,-14.61,,,,,
1741,0,0,0,0,0,0,-30.32,0.75,0,0,15.86,-3.86,-29.57,12,-17.57,,,,,
1751,0,0,0,0,0,0,-26.91,-3.11,0,0,18.6,-3.76,-30.01,14.84,-15.18,,,,,
1761,0,0,0,0,0,0,-29.3,-4.75,0,0,23.52,-4.39,-34.05,19.13,-14.92,,,,,
1771,0,0,0,0,0,0,-31.79,-4.08,0,0,20.69,-4.28,-35.87,16.41,-19.47,,,,,
1781,0,0,0,0,0,0,-33.86,-6.45,0,0,25.02,-4.73,-40.31,20.28,-20.03,,,,,
1791,0,0,0,0,0,0,-34.16,-7.75,0,0,25.31,-4.32,-41.92,20.99,-20.93,,,,,
1801,0,0,0,0,0,0,-31.62,-4.11,0,0,21.56,-4.01,-35.73,17.55,-18.18,,,,,
1811,0,0,0,0,0,0,-34.28,-3.72,0,0,22.45,-4.29,-37.99,18.15,-19.84,,,,,
1821,0,0,0,0,0,0,-31.28,-3.76,0,0,22.62,-4.09,-35.04,18.53,-16.51,,,,,
1831,0,0,0,0,0,0,-30.75,-0.44,0,0,18.39,-4.03,-31.19,14.36,-16.83,,,,,
1841,0,0,0,0,0,0,-24.42,1.71,0,0,15.61,-3.89,-22.71,11.72,-10.99,,,,,
1851,0,0,0,0,0,0,-28.56,-3.76,0,0,20.64,-3.75,-32.32,16.89,-15.42,,,,,
1861,0,0,0,0,0,0,-31.15,-1.28,0,0,18.09,-3.98,-32.43,14.1,-18.33,,,,,
1871,0,0,0,0,0,0,-28.5,-1.98,0,0,17.79,-3.75,-30.47,14.04,-16.43,,,,,
1881,0,0,0,0,0,0,-26.54,0.41,0,0,14.3,-3.54,-26.13,10.76,-15.36,,,,,
1891,0,0,0,0,0,0,-26.68,-3.3,0,0,18.53,-3.52,-29.98,15.01,-14.97,,,,,
1901,0,0,0,0,0,0,-28.58,-2.67,0,0,18.8,-3.79,-31.26,15.01,-16.25,,,,,
1911,0,0,0,0,0,0,-30.25,0.76,0,0,16.18,-4.13,-29.49,12.05,-17.44,,,,,
1921,0,0,0,0,0,0,-28.19,-2.28,0,0,17.38,-3.64,-30.47,13.75,-16.72,,,,,
1931,0,0,0,0,0,0,-28.73,-0.21,0,0,15.76,-3.83,-28.94,11.92,-17.01,,,,,
1941,0,0,0,0,0,0,-30.99,1.16,0,0,17.08,-4.16,-29.83,12.92,-16.91,,,,,
1951,0,0,0,0,0,0,-26.83,2.54,0,0,12.98,-3.94,-24.29,9.04,-15.25,,,,,
1961,0,0,0,0,0,0,-28.29,-2.52,0,0,19.14,-3.82,-30.81,15.32,-15.49,,,,,
1971,0,0,0,0,0,0,-29.9,-4.89,0,0,22.06,-3.94,-34.79,18.12,-16.66,,,,,
1981,0,0,0,0,0,0,-28.71,-0.83,0,0,15.86,-3.85,-29.55,12,-17.55,,,,,
1991,0,0,0,0,0,0,-25.45,-2.63,0,0,17.58,-3.83,-28.08,13.75,-14.32,,,,,
2001,0,0,0,0,0,0,-27.19,-0.8,0,0,16.64,-3.67,-27.99,12.96,-15.03,,,,,
2011,0,0,0,0,0,0,-26.56,-3.4,0,0,17.85,-3.77,-29.96,14.08,-15.88,,,,,
2021,0,0,0,0,0,0,-28.25,-2.95,0,0,19.55,-3.7,-31.2,15.86,-15.35,,,,,
2031,0,0,0,0,0,0,-29.33,0.04,0,0,15.75,-4.05,-29.29,11.7,-17.59,,,,,
2041,0,0,0,0,0,0,-28.45,-2.32,0,0,17.94,-3.91,-30.77,14.03,-16.74,,,,,
2051,0,0,0,0,0,0,-26.36,2.84,0,0,11.92,-3.77,-23.52,8.15,-15.37,,,,,
2061,0,0,0,0,0,0,-28.72,-1.02,0,0,17.15,-3.97,-29.75,13.18,-16.57,,,,,
2071,0,0,0,0,0,0,-29.18,0.43,0,0,16.76,-3.82,-28.76,12.94,-15.82,,,,,
2081,0,0,0,0,0,0,-30.41,-0.9,0,0,17.57,-4.15,-31.31,13.42,-17.89,,,,,
2091,0,0,0,0,0,0,-29.73,3.07,0,0,13.33,-4.14,-26.66,9.19,-17.47,,,,,
2101,0,0,0,0,0,0,-30,1.41,0,0,16.32,-4.2,-28.6,12.12,-16.48,,,,,
2111,0,0,0,0,0,0,-28.67,3.73,0,0,12.17,-3.84,-24.93,8.34,-16.6,,,,,
2121,0,0,0,0,0,0,-29.42,-0.14,0,0,16.85,-3.83,-29.56,13.02,-16.54,,,,,
2131,0,0,0,0,0,0,-29.01,-2.87,0,0,18.83,-3.94,-31.88,14.89,-16.99,,,,,
2141,0,0,0,0,0,0,-29.89,-0.79,0,0,15.08,-4,-30.68,11.08,-19.6,,,,,
2151,0,0,0,0,0,0,-28.49,-2.41,0,0,18.23,-3.51,-30.89,14.72,-16.17,,,,,
2161,0,0,0,0,0,0,-28.91,-1.22,0,0,18.85,-3.96,-30.12,14.89,-15.23,,,,,
2171,0,0,0,0,0,0,-30.64,3.38,0,0,13.72,-3.99,-27.25,9.72,-17.53,,,,,
2181,0,0,0,0,0,0,-27.89,0.28,0,0,15.88,-3.77,-27.62,12.11,-15.5,,,,,
2191,0,0,0,0,0,0,-30.27,0.63,0,0,16.79,-3.84,-29.64,12.96,-16.69,,,,,
2201,0,0,0,0,0,0,-26.94,2.7,0,0,14.56,-3.71,-24.24,10.85,-13.39,,,,,
2211,0,0,0,0,0,0,-28.04,2.5,0,0,16,-3.92,-25.54,12.08,-13.46,,,,,
2221,0,0,0,0,0,0,-26.73,0.02,0,0,14.81,-3.34,-26.72,11.47,-15.25,,,,,
2231,0,0,0,0,0,0,-31.89,-1.73,0,0,19.41,-3.81,-33.62,15.6,-18.02,,,,,
2241,0,0,0,0,0,0,-31.23,-0.18,0,0,19.17,-4.15,-31.41,15.02,-16.39,,,,,
2251,0,0,0,0,0,0,-27.02,-2.85,0,0,19.09,-3.45,-29.88,15.64,-14.24,,,,,
2261,0,0,0,0,0,0,-28.46,-0.81,0,0,15.47,-3.43,-29.26,12.04,-17.22,,,,,
2271,0,0,0,0,0,0,-28.26,2.33,0,0,13.84,-3.52,-25.93,10.32,-15.61,,,,,
2281,0,0,0,0,0,0,-29.47,1,0,0,13.89,-3.35,-28.47,10.54,-17.94,,,,,
2291,0,0,0,0,0,0,-29.72,2.86,0,0,13.68,-3.69,-26.86,9.99,-16.87,,,,,
2301,0,0,0,0,0,0,-28.34,-1.37,0,0,18.43,-3.7,-29.72,14.73,-14.99,,,,,
2311,0,0,0,0,0,0,-24.39,-0.42,0,0,16.07,-3.23,-24.81,12.84,-11.97,,,,,
2321,0,0,0,0,0,0,-25.76,-2.41,0,0,16.14,-3.5,-28.17,12.64,-15.53,,,,,
2331,0,0,0,0,0,0,-25.35,-0.84,0,0,16,-3.58,-26.18,12.42,-13.76,,,,,
2341,0,0,0,0,0,0,-30.1,0.21,0,0,15.62,-3.47,-29.88,12.15,-17.73,,,,,
2351,0,0,0,0,0,0,-27.31,-3.19,0,0,18.4,-3.54,-30.5,14.86,-15.64,,,,,
2361,0,0,0,0,0,0,-24.41,-2.01,0,0,15.82,-3.13,-26.42,12.69,-13.73,,,,,
2371,0,0,0,0,0,0,-27.98,-2.4,0,0,16.28,-3.64,-30.38,12.63,-17.75,,,,,
2381,0,0,0,0,0,0,-24.8,-2.06,0,0,17.45,-3.72,-26.86,13.73,-13.13,,,,,
2391,0,0,0,0,0,0,-27.81,1.76,0,0,15.3,-3.54,-26.05,11.76,-14.29,,,,,
2401,0,0,0,0,0,0,-28.14,-0.68,0,0,16.84,-3.78,-28.82,13.06,-15.76,,,,,
2411,0,0,0,0,0,0,-27.78,-0.85,0,0,14.89,-3.57,-28.63,11.32,-17.32,,,,,
2421,0,0,0,0,0,0,-27.08,-0.12,0,0,15.03,-3.74,-27.19,11.29,-15.9,,,,,
2431,0,0,0,0,0,0,-23.9,1.16,0,0,13.82,-3.61,-22.74,10.21,-12.53,,,,,
2441,0,0,0,0,0,0,-24.28,0.33,0,0,14.72,-3.57,-23.96,11.15,-12.8,,,,,
2451,0,0,0,0,0,0,-26.22,-1.07,0,0,16.38,-3.66,-27.3,12.72,-14.58,,,,,
2461,0,0,0,0,0,0,-23.26,7.45,0,0,9.04,-3.35,-15.8,5.69,-10.12,,,,,
2471,0,0,0,0,0,0,-25.74,7.54,0,0,9.72,-3.77,-18.2,5.96,-12.25,,,,,
2481,0,0,0,0,0,0,-26,7.32,0,0,10.6,-3.75,-18.68,6.85,-11.82,,,,,
2491,0,0,0,0,0,0,-29.47,3.84,0,0,12.46,-3.67,-25.63,8.79,-16.84,,,,,
2501,0,0,0,0,0,0,-28.38,10.16,0,0,9.3,-3.86,-18.22,5.44,-12.78,,,,,
2511,0,0,0,0,0,0,-25.91,1.29,0,0,13.49,-3.33,-24.62,10.16,-14.46,,,,,
2521,0,0,0,0,0,0,-27.73,-0.04,0,0,14.63,-3.45,-27.76,11.18,-16.58,,,,,
2531,0,0,0,0,0,0,-24.66,-0.26,0,0,14.48,-3.37,-24.91,11.12,-13.8,,,,,
2541,0,0,0,0,0,0,-25.19,2.06,0,0,13.99,-3.43,-23.13,10.56,-12.58,,,,,
2551,0,0,0,0,0,0,-27.58,0.31,0,0,14.7,-3.66,-27.27,11.05,-16.23,,,,,
2561,0,0,0,0,0,0,-27.41,-2.22,0,0,17.9,-3.67,-29.64,14.23,-15.41,,,,,
2571,0,0,0,0,0,0,-27,0.12,0,0,15.11,-3.61,-26.88,11.5,-15.38,,,,,
2581,0,0,0,0,0,0,-28.08,1.65,0,0,15.97,-3.95,-26.43,12.02,-14.41,,,,,
2591,0,0,0,0,0,0,-29.7,3.67,0,0,13.56,-3.72,-26.02,9.84,-16.18,,,,,
2601,0,0,0,0,0,0,-28.45,9.68,0,0,9.84,-3.88,-18.77,5.95,-12.82,,,,,
2611,0,0,0,0,0,0,-26.98,-0.7,0,0,15.54,-3.46,-27.68,12.08,-15.6,,,,,
2621,0,0,0,0,0,0,-28.24,2.82,0,0,12.39,-3.94,-25.42,8.45,-16.97,,,,,
2631,0,0,0,0,0,0,-32.85,-7.33,0,0,20.77,-3.99,-40.18,16.78,-23.4,,,,,
2641,0,0,0,0,0,0,-27.59,2.82,0,0,12.08,-3.34,-24.78,8.74,-16.03,,,,,
2651,0,0,0,0,0,0,-28.44,4.24,0,0,11.37,-3.46,-24.21,7.91,-16.29,,,,,
2661,0,0,0,0,0,0,-30.45,4.28,0,0,12.24,-3.6,-26.17,8.65,-17.53,,,,,
2671,0,0,0,0,0,0,-34.19,6.3,0,0,13.28,-4.27,-27.89,9.01,-18.88,,,,,
2681,0,0,0,0,0,0,-31.97,6.01,0,0,11.44,-4.01,-25.96,7.43,-18.54,,,,,
2691,0,0,0,0,0,0,-31.5,8.94,0,0,8.62,-3.98,-22.56,4.64,-17.92,,,,,
2701,0,0,0,0,0,0,-32.61,5.45,0,0,11.66,-3.87,-27.16,7.79,-19.37,,,,,
2711,0,0,0,0,0,0,-31.57,8.05,0,0,9.39,-3.86,-23.52,5.53,-17.99,,,,,
2721,0,0,0,0,0,0,-31.01,4.54,0,0,13.67,-3.96,-26.47,9.71,-16.76,,,,,
2731,0,0,0,0,0,0,-29.67,4.44,0,0,11.2,-3.97,-25.22,7.24,-17.99,,,,,
2741,0,0,0,0,0,0,-29.72,8.91,0,0,10.05,-3.99,-20.81,6.06,-14.75,,,,,
2751,0,0,0,0,0,0,-30.23,7.69,0,0,10.5,-3.78,-22.54,6.72,-15.83,,,,,
2761,0,0,0,0,0,0,-31.34,7.5,0,0,10.08,-3.88,-23.85,6.21,-17.64,,,,,
2771,0,0,0,0,0,0,-31.27,4.19,0,0,12.41,-3.62,-27.08,8.79,-18.29,,,,,
2781,0,0,0,0,0,0,-34.26,3.44,0,0,14.96,-4.21,-30.82,10.75,-20.08,,,,,
2791,0,0,0,0,0,0,-33.52,8.16,0,0,11.38,-4.37,-25.36,7.01,-18.35,,,,,
2801,0,0,0,0,0,0,-31.29,5.84,0,0,11.29,-3.97,-25.45,7.33,-18.12,,,,,
2811,0,0,0,0,0,0,-30.47,7.88,0,0,10.32,-3.8,-22.59,6.52,-16.07,,,,,
2821,0,0,0,0,0,0,-30.62,4.58,0,0,13.51,-3.98,-26.04,9.52,-16.52,,,,,
2831,0,0,0,0,0,0,-30.53,-0.4,0,0,19.16,-3.82,-30.93,15.35,-15.58,,,,,
2841,0,0,0,0,0,0,-26.79,1.06,0,0,14.95,-3.77,-25.73,11.17,-14.55,,,,,
2851,0,0,0,0,0,0,-29.03,1.63,0,0,16.2,-4.05,-27.4,12.14,-15.26,,,,,
2861,0,0,0,0,0,0,-29.35,4.54,0,0,12.98,-3.8,-24.81,9.19,-15.62,,,,,
2871,0,0,0,0,0,0,-27.14,0.2,0,0,15.36,-3.41,-26.93,11.95,-14.99,,,,,
2881,0,0,0,0,0,0,-27.85,-0.34,0,0,14.15,-3.53,-28.2,10.62,-17.58,,,,,
2891,0,0,0,0,0,0,-30.14,3.08,0,0,13.23,-3.81,-27.06,9.41,-17.65,,,,,
2901,0,0,0,0,0,0,-31.45,5.02,0,0,13.49,-3.98,-26.42,9.51,-16.92,,,,,
2911,0,0,0,0,0,0,-32.98,-0.7,0,0,17.13,-4.1,-33.68,13.03,-20.65,,,,,
2921,0,0,0,0,0,0,-31.6,0.27,0,0,15.72,-3.84,-31.34,11.87,-19.46,,,,,
2931,0,0,0,0,0,0,-27.49,-3.1,0,0,18.83,-3.6,-30.59,15.24,-15.36,,,,,
2941,0,0,0,0,0,0,-28.77,-3.64,0,0,18.11,-3.54,-32.4,14.57,-17.83,,,,,
2951,0,0,0,0,0,0,-28.35,-0.3,0,0,16.51,-3.98,-28.64,12.52,-16.12,,,,,
2961,0,0,0,0,0,0,-34.16,-1.81,0,0,18.31,-4.07,-35.96,14.24,-21.73,,,,,
2971,0,0,0,0,0,0,-34.1,0.27,0,0,18.05,-4.13,-33.84,13.92,-19.92,,,,,
2981,0,0,0,0,0,0,-30.72,0.19,0,0,16.58,-3.94,-30.54,12.64,-17.89,,,,,
2991,0,0,0,0,0,0,-31.94,-0.24,0,0,18.55,-4.25,-32.18,14.3,-17.89,,,,,
3001,0,0,0,0,0,0,-31.33,4.61,0,0,12.34,-4.28,-26.72,8.06,-18.66,,,,,
3011,0,0,0,0,0,0,-31.98,-5.17,0,0,20.64,-4.02,-37.14,16.62,-20.53,,,,,
3021,0,0,0,0,0,0,-32.99,-0.96,0,0,19.08,-4.32,-33.95,14.76,-19.18,,,,,
3031,0,0,0,0,0,0,-33.18,0.28,0,0,17.21,-4.31,-32.9,12.9,-20,,,,,
3041,0,0,0,0,0,0,-36.52,4.15,0,0,13,-4.41,-32.37,8.58,-23.79,,,,,
3051,0,0,0,0,0,0,-34.47,1.47,0,0,14.71,-4.24,-33,10.47,-22.53,,,,,
3061,0,0,0,0,0,0,-30.7,-0.76,0,0,18.58,-3.96,-31.46,14.62,-16.84,,,,,
3071,0,0,0,0,0,0,-32.86,-0.59,0,0,17.59,-4.11,-33.45,13.48,-19.97,,,,,
3081,0,0,0,0,0,0,-33.18,-1.93,0,0,18.82,-4.2,-35.12,14.62,-20.5,,,,,
3091,0,0,0,0,0,0,-33.66,-2.74,0,0,18.99,-4.14,-36.4,14.85,-21.55,,,,,
3101,0,0,0,0,0,0,-29.78,-2.03,0,0,19.28,-4.17,-31.8,15.11,-16.69,,,,,
3111,0,0,0,0,0,0,-31.4,-0.08,0,0,17.42,-4.03,-31.47,13.39,-18.08,,,,,
3121,0,0,0,0,0,0,-29.82,-1.35,0,0,18.41,-4.06,-31.17,14.35,-16.82,,,,,
3131,0,0,0,0,0,0,-31.5,-1.21,0,0,18.89,-3.95,-32.71,14.95,-17.76,,,,,
3141,0,0,0,0,0,0,-29.86,-3.01,0,0,19.59,-4.09,-32.86,15.51,-17.36,,,,,
3151,0,0,0,0,0,0,-28.99,-1.71,0,0,19.57,-4.21,-30.7,15.36,-15.34,,,,,
3161,0,0,0,0,0,0,-28.52,-0.32,0,0,16.96,-4.12,-28.84,12.84,-16,,,,,
3171,0,0,0,0,0,0,-27.34,-0.32,0,0,13.74,-3.47,-27.65,10.27,-17.39,,,,,
3181,0,0,0,0,0,0,-31.86,-1.59,0,0,17.66,-4.17,-33.45,13.49,-19.96,,,,,
3191,0,0,0,0,0,0,-28.16,0.93,0,0,16.37,-4.05,-27.23,12.32,-14.92,,,,,
3201,0,0,0,0,0,0,-29.61,1.49,0,0,13.64,-3.79,-28.12,9.85,-18.27,,,,,
3211,0,0,0,0,0,0,-32.36,0.16,0,0,15.57,-3.89,-32.2,11.68,-20.52,,,,,
3221,0,0,0,0,0,0,-28.39,1.88,0,0,14.91,-4.01,-26.5,10.89,-15.61,,,,,
3231,0,0,0,0,0,0,-30.92,1.24,0,0,15.2,-3.9,-29.68,11.3,-18.37,,,,,
3241,0,0,0,0,0,0,-30,-0.37,0,0,16.64,-3.75,-30.36,12.88,-17.48,,,,,
3251,0,0,0,0,0,0,-28.56,-1.37,0,0,16.74,-4.27,-29.94,12.47,-17.46,,,,,
3261,0,0,0,0,0,0,-30.89,5.96,0,0,13.12,-4.4,-24.94,8.72,-16.21,,,,,
3271,0,0,0,0,0,0,-29.56,2.59,0,0,15.03,-4.45,-26.98,10.58,-16.4,,,,,
3281,0,0,0,0,0,0,-31.87,-0.48,0,0,15.86,-4.09,-32.36,11.78,-20.58,,,,,
3291,0,0,0,0,0,0,-30.34,-1.37,0,0,15.89,-4.1,-31.71,11.8,-19.91,,,,,
3301,0,0,0,0,0,0,-31.24,-1.46,0,0,15.81,-3.87,-32.69,11.95,-20.75,,,,,
3311,0,0,0,0,0,0,-32.33,5.21,0,0,12.43,-4.04,-27.12,8.4,-18.73,,,,,
3321,0,0,0,0,0,0,-27.55,5.33,0,0,11.52,-3.65,-22.21,7.87,-14.35,,,,,
3331,0,0,0,0,0,0,-29.13,4.21,0,0,11.83,-3.76,-24.92,8.07,-16.84,,,,,
3341,0,0,0,0,0,0,-31.91,0.72,0,0,16.62,-4.14,-31.19,12.48,-18.71,,,,,
3351,0,0,0,0,0,0,-29.73,-0.65,0,0,17.56,-3.78,-30.38,13.78,-16.6,,,,,
3361,0,0,0,0,0,0,-27.13,0.77,0,0,15.39,-3.93,-26.36,11.46,-14.9,,,,,
3371,0,0,0,0,0,0,-29.61,-0.5,0,0,18.04,-3.65,-30.11,14.39,-15.72,,,,,
3381,0,0,0,0,0,0,-28.52,0,0,0,17.17,-3.6,-28.52,13.56,-14.95,,,,,
3391,0,0,0,0,0,0,-31.51,1.15,0,0,15.32,-3.89,-30.36,11.43,-18.92,,,,,
3401,0,0,0,0,0,0,-29.07,0.57,0,0,14.78,-3.68,-28.5,11.1,-17.4,,,,,
3411,0,0,0,0,0,0,-29.43,-0.09,0,0,16.14,-4.1,-29.53,12.05,-17.48,,,,,
3421,0,0,0,0,0,0,-30.16,3.23,0,0,15.97,-4.07,-26.94,11.91,-15.03,,,,,
3431,0,0,0,0,0,0,-32.25,-0.48,0,0,19.09,-4.07,-32.73,15.03,-17.7,,,,,
3441,0,0,0,0,0,0,-28.14,0.55,0,0,17.34,-3.63,-27.6,13.71,-13.89,,,,,
3451,0,0,0,0,0,0,-29.37,1.78,0,0,14.3,-3.9,-27.59,10.4,-17.19,,,,,
3461,0,0,0,0,0,0,-30.28,3.84,0,0,16.3,-3.93,-26.43,12.36,-14.07,,,,,
3471,0,0,0,0,0,0,-28.56,0.28,0,0,16.97,-3.82,-28.28,13.16,-15.12,,,,,
3481,0,0,0,0,0,0,-31.81,0.09,0,0,16.09,-3.86,-31.72,12.22,-19.5,,,,,
3491,0,0,0,0,0,0,-30.82,1.78,0,0,15.18,-4.14,-29.04,11.04,-18,,,,,
3501,0,0,0,0,0,0,-28.33,-0.45,0,0,17.61,-4.03,-28.77,13.58,-15.19,,,,,
3511,0,0,0,0,0,0,-31.35,-2.36,0,0,18.07,-3.97,-33.71,14.1,-19.61,,,,,
3521,0,0,0,0,0,0,-28.98,-1.6,0,0,19.48,-4.02,-30.58,15.46,-15.11,,,,,
3531,0,0,0,0,0,0,-28.6,1.66,0,0,12.99,-3.81,-26.94,9.18,-17.76,,,,,
3541,0,0,0,0,0,0,-26.93,-1.82,0,0,17.63,-3.86,-28.76,13.77,-14.99,,,,,
3551,0,0,0,0,0,0,-27.7,-4.22,0,0,20.32,-3.82,-31.91,16.51,-15.41,,,,,
3561,0,0,0,0,0,0,-32.58,-0.98,0,0,16.84,-4.05,-33.56,12.79,-20.77,,,,,
3571,0,0,0,0,0,0,-30.63,0.72,0,0,17.3,-4.13,-29.91,13.18,-16.73,,,,,
3581,0,0,0,0,0,0,-30.99,-3.61,0,0,20.27,-4.1,-34.6,16.17,-18.43,,,,,
3591,0,0,0,0,0,0,-31.61,-2.89,0,0,18.77,-4.31,-34.49,14.46,-20.03,,,,,
3601,0,0,0,0,0,0,-31.34,-1.7,0,0,18.33,-3.96,-33.05,14.37,-18.68,,,,,
3611,0,0,0,0,0,0,-28.72,-0.53,0,0,15.25,-3.75,-29.25,11.49,-17.76,,,,,
3621,0,0,0,0,0,0,-29.92,4.12,0,0,12.75,-3.72,-25.79,9.03,-16.77,,,,,
3631,0,0,0,0,0,0,-29.6,-0.54,0,0,15.64,-3.92,-30.14,11.71,-18.43,,,,,
3641,0,0,0,0,0,0,-31.38,-1.04,0,0,18.11,-4.16,-32.42,13.95,-18.47,,,,,
3651,0,0,0,0,0,0,-32.94,-1.68,0,0,20.07,-4.49,-34.62,15.58,-19.04,,,,,
3661,0,0,0,0,0,0,-29.98,0.05,0,0,16.47,-4.2,-29.93,12.27,-17.66,,,,,
3671,0,0,0,0,0,0,-29.41,0.29,0,0,16.11,-4.18,-29.12,11.93,-17.19,,,,,
3681,0,0,0,0,0,0,-31.23,1.85,0,0,17.21,-4.29,-29.38,12.92,-16.46,,,,,
3691,0,0,0,0,0,0,-30.62,0.31,0,0,15.47,-3.85,-30.31,11.63,-18.69,,,,,
3701,0,0,0,0,0,0,-31.66,1.29,0,0,15.85,-4.26,-30.37,11.59,-18.78,,,,,
3711,0,0,0,0,0,0,-32.72,-3.52,0,0,19.79,-4.25,-36.24,15.54,-20.71,,,,,
3721,0,0,0,0,0,0,-30.88,-0.45,0,0,16.35,-3.91,-31.33,12.44,-18.88,,,,,
3731,0,0,0,0,0,0,-34.5,-2.59,0,0,19.95,-4.16,-37.08,15.79,-21.3,,,,,
3741,0,0,0,0,0,0,-31.65,-0.02,0,0,17.45,-4.3,-31.67,13.15,-18.53,,,,,
3751,0,0,0,0,0,0,-28.55,-1.26,0,0,18.46,-3.9,-29.81,14.55,-15.25,,,,,
3761,0,0,0,0,0,0,-28.86,-3.47,0,0,18.57,-4.17,-32.33,14.39,-17.93,,,,,
3771,0,0,0,0,0,0,-34.21,-0.92,0,0,17.78,-4.37,-35.13,13.41,-21.72,,,,,
3781,0,0,0,0,0,0,-31.65,-0.14,0,0,16.52,-4.25,-31.79,12.27,-19.52,,,,,
3791,0,0,0,0,0,0,-31.47,-4.35,0,0,20.29,-4,-35.82,16.3,-19.52,,,,,
3801,0,0,0,0,0,0,-33.77,-1.92,0,0,18.12,-4.37,-35.7,13.75,-21.95,,,,,
3811,0,0,0,0,0,0,-31.65,-2.22,0,0,19.05,-4.03,-33.87,15.02,-18.85,,,,,
3821,0,0,0,0,0,0,-33.93,-2.85,0,0,18.79,-4.24,-36.78,14.55,-22.23,,,,,
3831,0,0,0,0,0,0,-30.88,0.07,0,0,15.37,-4.18,-30.81,11.2,-19.61,,,,,
3841,0,0,0,0,0,0,-30.27,-1.6,0,0,19.1,-4.25,-31.87,14.85,-17.02,,,,,
3851,0,0,0,0,0,0,-29.14,-1.61,0,0,17.85,-3.76,-30.76,14.09,-16.67,,,,,
3861,0,0,0,0,0,0,-29.37,-0.85,0,0,16.64,-4.1,-30.22,12.53,-17.69,,,,,
3871,0,0,0,0,0,0,-29.22,-1.17,0,0,16,-4,-30.38,12,-18.38,,,,,
3881,0,0,0,0,0,0,-30.48,0.12,0,0,15.72,-3.74,-30.36,11.98,-18.37,,,,,
3891,0,0,0,0,0,0,-30.56,1.3,0,0,14.54,-4.01,-29.25,10.53,-18.73,,,,,
3901,0,0,0,0,0,0,-34.07,-0.33,0,0,18,-4.48,-34.4,13.52,-20.88,,,,,
3911,0,0,0,0,0,0,-34.36,-0.84,0,0,18.85,-4.51,-35.19,14.34,-20.86,,,,,
3921,0,0,0,0,0,0,-34.6,-1.24,0,0,18.38,-4.34,-35.83,14.04,-21.79,,,,,
3931,0,0,0,0,0,0,-33.86,0.5,0,0,16.1,-4.11,-33.36,11.98,-21.37,,,,,
3941,0,0,0,0,0,0,-33.89,0.24,0,0,16.64,-4.28,-33.65,12.36,-21.29,,,,,
3951,0,0,0,0,0,0,-35.46,-2.81,0,0,19.8,-4.51,-38.27,15.29,-22.98,,,,,
3961,0,0,0,0,0,0,-32.29,-1.24,0,0,18.9,-4.31,-33.53,14.59,-18.93,,,,,
3971,0,0,0,0,0,0,-34.83,-3.69,0,0,21.64,-4.4,-38.52,17.23,-21.29,,,,,
3981,0,0,0,0,0,0,-36.88,1.93,0,0,16.89,-4.53,-34.95,12.36,-22.59,,,,,
3991,0,0,0,0,0,0,-32.66,-0.01,0,0,17.75,-4.64,-32.67,13.11,-19.56,,,,,
4001,0,0,0,0,0,0,-35.66,-3.67,0,0,21.26,-4.53,-39.33,16.73,-22.6,,,,,
4011,0,0,0,0,0,0,-35.32,-3.02,0,0,18.73,-4.26,-38.35,14.47,-23.87,,,,,
4021,0,0,0,0,0,0,-27.99,1.94,0,0,14.52,-4.14,-26.05,10.38,-15.67,,,,,
4031,0,0,0,0,0,0,-32.57,-0.83,0,0,18.44,-4.37,-33.4,14.07,-19.33,,,,,
4041,0,0,0,0,0,0,-26.7,-0.96,0,0,16.25,-4.08,-27.66,12.17,-15.49,,,,,
4051,0,0,0,0,0,0,-31.1,-0.57,0,0,17.53,-4.11,-31.67,13.42,-18.25,,,,,
4061,0,0,0,0,0,0,-29.66,-0.16,0,0,15.79,-3.9,-29.82,11.89,-17.93,,,,,
4071,0,0,0,0,0,0,-30.94,-1.58,0,0,19.14,-4.3,-32.52,14.83,-17.69,,,,,
4081,0,0,0,0,0,0,-31.86,-0.82,0,0,17.76,-4.04,-32.68,13.72,-18.96,,,,,
4091,0,0,0,0,0,0,-29.15,-0.57,0,0,16.61,-3.97,-29.72,12.64,-17.09,,,,,
4101,0,0,0,0,0,0,-28.05,-0.03,0,0,16.08,-3.81,-28.07,12.27,-15.8,,,,,
4111,0,0,0,0,0,0,-31.65,4.84,0,0,12.96,-4.02,-26.81,8.94,-17.87,,,,,
4121,0,0,0,0,0,0,-31.99,0.13,0,0,16.83,-4.25,-31.86,12.58,-19.28,,,,,
4131,0,0,0,0,0,0,-32.24,-1.3,0,0,18.12,-3.94,-33.54,14.18,-19.36,,,,,
4141,0,0,0,0,0,0,-32.4,-3.15,0,0,18.84,-4,-35.55,14.83,-20.71,,,,,
4151,0,0,0,0,0,0,-29.74,-1.6,0,0,17.53,-3.66,-31.34,13.87,-17.47,,,,,
4161,0,0,0,0,0,0,-28.77,3.25,0,0,13.86,-4.07,-25.52,9.79,-15.73,,,,,
4171,0,0,0,0,0,0,-33.58,-1.37,0,0,17.74,-4.41,-34.95,13.32,-21.63,,,,,
4181,0,0,0,0,0,0,-33.17,0.98,0,0,17.18,-4.11,-32.19,13.06,-19.13,,,,,
4191,0,0,0,0,0,0,-33.24,2.23,0,0,15.46,-4.27,-31.01,11.19,-19.82,,,,,
4201,0,0,0,0,0,0,-31.93,2.21,0,0,15.17,-4.08,-29.72,11.09,-18.63,,,,,
4211,0,0,0,0,0,0,0,-0.18,0,0,0.18,0,-0.18,0.18,0,,,,,
4221,0,0,0,0,0,0,-28.17,-0.36,0,0,16.54,-4.08,-28.53,12.46,-16.07,,,,,
4231,0,0,0,0,0,0,-32.33,2.94,0,0,15.92,-4.16,-29.39,11.76,-17.63,,,,,
4241,0,0,0,0,0,0,0,-0.27,0,0,0.27,0,-0.27,0.27,0,,,,,
4251,0,0,0,0,0,0,0,-0.35,0,0,0.35,0,-0.35,0.35,0,,,,,
4261,0,0,0,0,0,0,-31.79,-2.09,0,0,18.42,-4.19,-33.88,14.23,-19.66,,,,,
4271,0,0,0,0,0,0,-31.99,-3.69,0,0,22.29,-4.15,-35.69,18.15,-17.54,,,,,
4281,0,0,0,0,0,0,-28.96,-0.18,0,0,17.77,-4.07,-29.14,13.7,-15.44,,,,,
4291,0,0,0,0,0,0,-30.86,1.89,0,0,13.87,-3.91,-28.97,9.96,-19.01,,,,,
4301,0,0,0,0,0,0,-29.89,2.67,0,0,15.04,-3.78,-27.22,11.27,-15.95,,,,,
4311,0,0,0,0,0,0,-31.88,3.32,0,0,14.84,-4.2,-28.56,10.63,-17.93,,,,,
4321,0,0,0,0,0,0,-28.04,1.24,0,0,16.81,-3.92,-26.8,12.89,-13.91,,,,,
4331,0,0,0,0,0,0,-28.96,5.18,0,0,13.09,-3.75,-23.79,9.33,-14.45,,,,,
4341,0,0,0,0,0,0,-29.34,2.29,0,0,15.11,-4.03,-27.05,11.08,-15.97,,,,,
4351,0,0,0,0,0,0,-31.31,-1.78,0,0,19.06,-3.86,-33.1,15.2,-17.9,,,,,
4361,0,0,0,0,0,0,-30.03,0.46,0,0,15.02,-3.63,-29.57,11.39,-18.18,,,,,
4371,0,0,0,0,0,0,0,-0.11,0,0,0.11,0,-0.11,0.11,0,,,,,
4381,0,0,0,0,0,0,-30.72,3.12,0,0,14.31,-3.88,-27.6,10.43,-17.17,,,,,
4391,0,0,0,0,0,0,-27.62,1.66,0,0,15.4,-3.93,-25.96,11.46,-14.5,,,,,
4401,0,0,0,0,0,0,-31.49,1.44,0,0,16.72,-3.91,-30.05,12.81,-17.24,,,,,
4411,0,0,0,0,0,0,-30.15,-0.37,0,0,16.66,-3.98,-30.52,12.68,-17.84,,,,,
4421,0,0,0,0,0,0,-30.64,2.88,0,0,16.53,-4.15,-27.76,12.38,-15.38,,,,,
4431,0,0,0,0,0,0,-28.9,-2.3,0,0,18.67,-3.94,-31.21,14.73,-16.48,,,,,
4441,0,0,0,0,0,0,-31.29,-2.61,0,0,18.77,-4,-33.91,14.77,-19.14,,,,,
4451,0,0,0,0,0,0,-32.96,-0.69,0,0,17.6,-3.95,-33.66,13.64,-20.01,,,,,
4461,0,0,0,0,0,0,-30.92,2.57,0,0,14.46,-3.9,-28.34,10.56,-17.78,,,,,
4471,0,0,0,0,0,0,-29.07,2.2,0,0,14.88,-3.89,-26.86,11,-15.87,,,,,
4481,0,0,0,0,0,0,-30.45,1.11,0,0,15.42,-3.75,-29.34,11.67,-17.68,,,,,
4491,0,0,0,0,0,0,-31.02,0.06,0,0,17.24,-4.03,-30.96,13.21,-17.75,,,,,
4501,0,0,0,0,0,0,-30.45,-0.45,0,0,17,-4.04,-30.89,12.96,-17.93,,,,,
4511,0,0,0,0,0,0,-28.72,2.64,0,0,14.79,-3.99,-26.08,10.8,-15.28,,,,,
4521,0,0,0,0,0,0,-30.39,0.27,0,0,16.88,-3.8,-30.11,13.08,-17.03,,,,,
4531,0,0,0,0,0,0,-29.92,2.06,0,0,14.69,-3.82,-27.86,10.87,-16.99,,,,,
4541,0,0,0,0,0,0,-28.07,-0.1,0,0,16.3,-3.53,-28.17,12.77,-15.4,,,,,
4551,0,0,0,0,0,0,-27.52,-2.71,0,0,18.44,-3.94,-30.24,14.51,-15.73,,,,,
4561,0,0,0,0,0,0,-33.82,-6.62,0,0,18.5,-3.88,-40.44,14.62,-25.82,,,,,
4571,0,0,0,0,0,0,-28.62,-0.64,0,0,15.13,-3.8,-29.26,11.33,-17.93,,,,,
4581,0,0,0,0,0,0,-32.09,0.77,0,0,15.67,-3.8,-31.31,11.87,-19.44,,,,,
4591,0,0,0,0,0,0,-31.23,-1.29,0,0,18.47,-3.99,-32.52,14.48,-18.04,,,,,
4601,0,0,0,0,0,0,-27.25,2.09,0,0,15.17,-3.8,-25.16,11.37,-13.79,,,,,
4611,0,0,0,0,0,0,-29.71,-0.63,0,0,17.44,-3.94,-30.34,13.5,-16.84,,,,,
4621,0,0,0,0,0,0,-28.32,-3.4,0,0,17.18,-3.73,-31.71,13.45,-18.27,,,,,
4631,0,0,0,0,0,0,-30.83,1.19,0,0,15.15,-3.99,-29.63,11.16,-18.48,,,,,
4641,0,0,0,0,0,0,-27.51,0.74,0,0,18.16,-3.84,-26.78,14.33,-12.45,,,,,
4651,0,0,0,0,0,0,-33.05,-2.03,0,0,19.37,-4.01,-35.08,15.36,-19.73,,,,,
4661,0,0,0,0,0,0,-31.32,-5.73,0,0,15.45,-4.16,-37.05,11.29,-25.76,,,,,
4671,0,0,0,0,0,0,-30.37,1.88,0,0,14.47,-3.74,-28.49,10.72,-17.77,,,,,
4681,0,0,0,0,0,0,-29.19,1.4,0,0,16.2,-3.82,-27.8,12.38,-15.41,,,,,
4691,0,0,0,0,0,0,-32.25,-0.03,0,0,18.26,-4.01,-32.28,14.25,-18.03,,,,,
4701,0,0,0,0,0,0,-31.78,2.56,0,0,15.76,-4.01,-29.22,11.76,-17.47,,,,,
4711,0,0,0,0,0,0,-32.56,0.7,0,0,17.7,-3.86,-31.86,13.83,-18.03,,,,,
4721,0,0,0,0,0,0,-31.77,5.12,0,0,13.78,-4.08,-26.65,9.71,-16.94,,,,,
4731,0,0,0,0,0,0,-29.19,3.3,0,0,15.32,-4.18,-25.89,11.14,-14.75,,,,,
4741,0,0,0,0,0,0,-27.46,-0.27,0,0,15,-3.87,-27.72,11.13,-16.6,,,,,
4751,0,0,0,0,0,0,-28.45,1.18,0,0,15.77,-3.89,-27.27,11.88,-15.39,,,,,
4761,0,0,0,0,0,0,-33.34,-0.14,0,0,18.93,-4.2,-33.48,14.73,-18.75,,,,,
4771,0,0,0,0,0,0,-31.07,-1.68,0,0,19.16,-4.14,-32.75,15.01,-17.74,,,,,
4781,0,0,0,0,0,0,-30.53,1.6,0,0,15.74,-3.89,-28.92,11.86,-17.06,,,,,
4791,0,0,0,0,0,0,-27.13,1.27,0,0,15.79,-3.93,-25.86,11.85,-14,,,,,
4801,0,0,0,0,0,0,-30.19,-1.58,0,0,18.05,-3.95,-31.76,14.09,-17.67,,,,,
4811,0,0,0,0,0,0,-30.67,1.12,0,0,16.53,-3.91,-29.55,12.63,-16.93,,,,,
4821,0,0,0,0,0,0,-29.79,-4.55,0,0,21.55,-3.89,-34.34,17.66,-16.68,,,,,
4831,0,0,0,0,0,0,-29.39,-1.53,0,0,19.58,-3.88,-30.91,15.69,-15.22,,,,,
4841,0,0,0,0,0,0,-28.93,1.6,0,0,15.26,-3.71,-27.34,11.54,-15.79,,,,,
4851,0,0,0,0,0,0,-31.92,3.42,0,0,15.88,-3.95,-28.51,11.93,-16.58,,,,,
4861,0,0,0,0,0,0,-28.21,1.86,0,0,14.73,-3.96,-26.35,10.76,-15.58,,,,,
4871,0,0,0,0,0,0,-30.74,1.84,0,0,17.89,-4.1,-28.9,13.79,-15.11,,,,,
4881,0,0,0,0,0,0,-29.76,-0.52,0,0,18.28,-4.12,-30.28,14.16,-16.12,,,,,
4891,0,0,0,0,0,0,-28.28,-7.04,0,0,25.12,-3.77,-35.32,21.35,-13.97,,,,,
4901,0,0,0,0,0,0,-30.51,1.28,0,0,18.29,-4.15,-29.23,14.15,-15.08,,,,,
4911,0,0,0,0,0,0,-31.23,2.27,0,0,15.59,-4.07,-28.96,11.52,-17.44,,,,,
4921,0,0,0,0,0,0,-31.55,3.28,0,0,15.96,-3.91,-28.27,12.05,-16.22,,,,,
4931,0,0,0,0,0,0,-31.01,3.17,0,0,16.14,-3.79,-27.84,12.34,-15.5,,,,,
4941,0,0,0,0,0,0,-32.52,3.43,0,0,15.14,-4.12,-29.09,11.02,-18.07,,,,,
4951,0,0,0,0,0,0,-30.25,1.76,0,0,16.56,-4.02,-28.49,12.54,-15.95,,,,,
4961,0,0,0,0,0,0,-30.46,0.33,0,0,17.7,-3.92,-30.13,13.78,-16.35,,,,,
4971,0,0,0,0,0,0,-32.08,-1.59,0,0,18.85,-3.97,-33.67,14.88,-18.79,,,,,
4981,0,0,0,0,0,0,-31.93,-0.88,0,0,19.43,-3.8,-32.82,15.63,-17.19,,,,,
4991,0,0,0,0,0,0,-32.43,-0.22,0,0,18.12,-3.94,-32.65,14.17,-18.48,,,,,
5001,0,0,0,0,0,0,-29.05,0.04,0,0,16.35,-3.9,-29.02,12.46,-16.56,,,,,
5011,0,0,0,0,0,0,-32.08,2.71,0,0,16.44,-4.41,-29.37,12.03,-17.34,,,,,
5021,0,0,0,0,0,0,-25.5,1.14,0,0,17.24,-3.68,-24.36,13.56,-10.8,,,,,
5031,0,0,0,0,0,0,-32.13,1.74,0,0,17.01,-4.01,-30.39,13,-17.39,,,,,
5041,0,0,0,0,0,0,-32.92,1.38,0,0,17.14,-4.13,-31.54,13.01,-18.53,,,,,
5051,0,0,0,0,0,0,-25.54,3.45,0,0,15.53,-3.85,-22.09,11.67,-10.42,,,,,
5061,0,0,0,0,0,0,-29.62,-5.52,0,0,20.29,-4.2,-35.15,16.09,-19.05,,,,,
5071,0,0,0,0,0,0,-29.92,-2.03,0,0,18.66,-4.03,-31.95,14.63,-17.32,,,,,
5081,0,0,0,0,0,0,-27.53,2.98,0,0,17.75,-4.02,-24.55,13.73,-10.82,,,,,
5091,0,0,0,0,0,0,-30.13,3.56,0,0,13.97,-3.77,-26.57,10.2,-16.37,,,,,
5101,0,0,0,0,0,0,-33.84,4.69,0,0,15,-3.96,-29.16,11.04,-18.12,,,,,
5111,0,0,0,0,0,0,-29.52,1.72,0,0,16.52,-3.99,-27.8,12.54,-15.26,,,,,
5121,0,0,0,0,0,0,-32.4,-0.26,0,0,18.18,-4.13,-32.67,14.05,-18.61,,,,,
5131,0,0,0,0,0,0,-31.94,2.74,0,0,15.88,-3.91,-29.2,11.97,-17.23,,,,,
5141,0,0,0,0,0,0,-29.24,-4.06,0,0,17.67,-4.18,-33.3,13.49,-19.81,,,,,
5151,0,0,0,0,0,0,-31.15,-0.14,0,0,17.29,-3.88,-31.29,13.4,-17.89,,,,,
5161,0,0,0,0,0,0,-26.7,0.44,0,0,17.18,-3.85,-26.27,13.33,-12.94,,,,,
5171,0,0,0,0,0,0,-31.93,-2.24,0,0,19.98,-3.92,-34.17,16.06,-18.11,,,,,
5181,0,0,0,0,0,0,-29.29,-3.49,0,0,19.27,-3.75,-32.78,15.52,-17.26,,,,,
5191,0,0,0,0,0,0,-30.67,-6.19,0,0,20.67,-4.13,-36.87,16.54,-20.33,,,,,
5201,0,0,0,0,0,0,-29.97,-6.05,0,0,19.31,-3.99,-36.02,15.31,-20.71,,,,,
5211,0,0,0,0,0,0,-28.44,-0.56,0,0,18.29,-4.06,-29,14.23,-14.77,,,,,
5221,0,0,0,0,0,0,-32.11,-0.09,0,0,17.93,-3.91,-32.2,14.02,-18.18,,,,,
5231,0,0,0,0,0,0,-32.77,-5.47,0,0,19.82,-4.08,-38.24,15.74,-22.5,,,,,
5241,0,0,0,0,0,0,-30.74,-7.06,0,0,21.84,-4.01,-37.8,17.82,-19.98,,,,,
5251,0,0,0,0,0,0,-31.35,-0.75,0,0,17.58,-4.04,-32.1,13.54,-18.56,,,,,
5261,0,0,0,0,0,0,-31.25,-7.5,0,0,22.25,-4.24,-38.75,18,-20.75,,,,,
5271,0,0,0,0,0,0,-28.8,-4.82,0,0,20.68,-3.99,-33.62,16.68,-16.94,,,,,
5281,0,0,0,0,0,0,-29.88,-4.53,0,0,19.27,-4.09,-34.41,15.18,-19.23,,,,,
5291,0,0,0,0,0,0,-32.21,-2.43,0,0,19.23,-4.18,-34.63,15.05,-19.58,,,,,
5301,0,0,0,0,0,0,-29.89,2.83,0,0,15.26,-3.86,-27.06,11.4,-15.67,,,,,
5311,0,0,0,0,0,0,-31.34,-2.44,0,0,18.65,-4.03,-33.78,14.63,-19.15,,,,,
5321,0,0,0,0,0,0,-28.47,-0.04,0,0,19.18,-3.94,-28.52,15.24,-13.28,,,,,
5331,0,0,0,0,0,0,-31.07,0.94,0,0,15.57,-3.94,-30.13,11.63,-18.49,,,,,
5341,0,0,0,0,0,0,-28.59,-4.93,0,0,21.03,-4.01,-33.51,17.02,-16.5,,,,,
5351,0,0,0,0,0,0,-29.21,1.96,0,0,15.2,-4.07,-27.25,11.13,-16.12,,,,,
5361,0,0,0,0,0,0,-31.45,-2.97,0,0,22.17,-4.24,-34.42,17.94,-16.48,,,,,
5371,0,0,0,0,0,0,-29.09,-2.47,0,0,19.51,-4.27,-31.56,15.25,-16.31,,,,,
5381,0,0,0,0,0,0,-31.68,-2.41,0,0,21.45,-4.18,-34.1,17.27,-16.82,,,,,
5391,0,0,0,0,0,0,-31.72,-0.92,0,0,18.88,-4.33,-32.64,14.55,-18.09,,,,,
5401,0,0,0,0,0,0,-32.15,2.37,0,0,16.22,-4.34,-29.78,11.88,-17.9,,,,,
5411,0,0,0,0,0,0,-28.94,1.67,0,0,15.06,-3.58,-27.27,11.48,-15.79,,,,,
5421,0,0,0,0,0,0,-31.09,4.56,0,0,14.95,-3.95,-26.52,11,-15.52,,,,,
5431,0,0,0,0,0,0,-33.13,1.12,0,0,16.72,-3.85,-32,12.87,-19.13,,,,,
5441,0,0,0,0,0,0,-30.23,0.31,0,0,17.32,-3.98,-29.92,13.34,-16.58,,,,,
5451,0,0,0,0,0,0,-31.36,2.46,0,0,15.11,-3.92,-28.9,11.19,-17.7,,,,,
5461,0,0,0,0,0,0,-27.68,0.45,0,0,18.22,-3.78,-27.23,14.44,-12.79,,,,,
5471,0,0,0,0,0,0,-28.78,1.71,0,0,17.2,-3.83,-27.07,13.38,-13.69,,,,,
5481,0,0,0,0,0,0,-33.45,6.61,0,0,13.94,-4.09,-26.84,9.86,-16.98,,,,,
5491,0,0,0,0,0,0,-30.36,2.46,0,0,15.69,-3.7,-27.9,11.99,-15.9,,,,,
5501,0,0,0,0,0,0,-30.22,1.34,0,0,14.28,-3.76,-28.88,10.51,-18.37,,,,,
5511,0,0,0,0,0,0,-31.42,-2.17,0,0,19.14,-3.8,-33.6,15.34,-18.26,,,,,
5521,0,0,0,0,0,0,-29.69,0.18,0,0,17.74,-3.86,-29.5,13.88,-15.62,,,,,
5531,0,0,0,0,0,0,-30.82,-1.28,0,0,19.38,-3.88,-32.1,15.5,-16.6,,,,,
5541,0,0,0,0,0,0,-30.06,-0.7,0,0,16.95,-3.97,-30.76,12.98,-17.77,,,,,
5551,0,0,0,0,0,0,-31.12,-0.25,0,0,17.67,-3.89,-31.37,13.78,-17.59,,,,,
5561,0,0,0,0,0,0,-28.8,-0.99,0,0,16.92,-3.82,-29.79,13.09,-16.69,,,,,
5571,0,0,0,0,0,0,-28.88,0.82,0,0,16.58,-4.07,-28.06,12.5,-15.55,,,,,
5581,0,0,0,0,0,0,-30.93,-1.54,0,0,18.75,-3.94,-32.48,14.81,-17.67,,,,,
5591,0,0,0,0,0,0,-30.04,-0.54,0,0,17.61,-3.85,-30.58,13.76,-16.82,,,,,
5601,0,0,0,0,0,0,-29.58,-0.74,0,0,17.85,-3.94,-30.31,13.9,-16.41,,,,,
5611,0,0,0,0,0,0,-29.18,1.57,0,0,14.28,-3.69,-27.62,10.58,-17.04,,,,,
5621,0,0,0,0,0,0,-27.51,-3.07,0,0,18.14,-3.82,-30.58,14.32,-16.26,,,,,
5631,0,0,0,0,0,0,-32.05,0.46,0,0,16.7,-4,-31.6,12.7,-18.9,,,,,
5641,0,0,0,0,0,0,-30.61,-0.68,0,0,17.33,-3.52,-31.28,13.81,-17.48,,,,,
5651,0,0,0,0,0,0,-30.21,-3.34,0,0,18.79,-3.8,-33.55,14.99,-18.56,,,,,
5661,0,0,0,0,0,0,-31.41,2.31,0,0,15.6,-3.97,-29.1,11.63,-17.46,,,,,
5671,0,0,0,0,0,0,-31.24,3.17,0,0,13.66,-3.75,-28.07,9.92,-18.15,,,,,
5681,0,0,0,0,0,0,-28.71,1.49,0,0,13.85,-3.65,-27.23,10.2,-17.03,,,,,
5691,0,0,0,0,0,0,-31.28,-0.51,0,0,18.58,-3.98,-31.79,14.59,-17.19,,,,,
5701,0,0,0,0,0,0,-29.98,0.17,0,0,17.36,-3.76,-29.82,13.6,-16.22,,,,,
5711,0,0,0,0,0,0,-28.59,2.23,0,0,17.31,-4.04,-26.36,13.27,-13.09,,,,,
5721,0,0,0,0,0,0,-32.49,3.03,0,0,15.55,-3.87,-29.46,11.68,-17.77,,,,,
5731,0,0,0,0,0,0,-30.48,2.73,0,0,14.57,-3.82,-27.75,10.75,-17,,,,,
5741,0,0,0,0,0,0,-31.64,-0.36,0,0,16.52,-3.78,-32,12.74,-19.26,,,,,
5751,0,0,0,0,0,0,-29.04,-0.5,0,0,17.7,-3.89,-29.54,13.81,-15.73,,,,,
5761,0,0,0,0,0,0,-30.17,-0.59,0,0,15.87,-3.66,-30.76,12.21,-18.55,,,,,
5771,0,0,0,0,0,0,-28.52,-0.37,0,0,16.24,-3.54,-28.88,12.7,-16.18,,,,,
5781,0,0,0,0,0,0,-31.12,3.17,0,0,14.53,-4.05,-27.96,10.48,-17.48,,,,,
5791,0,0,0,0,0,0,-29.76,2.73,0,0,15.07,-3.85,-27.04,11.22,-15.82,,,,,
5801,0,0,0,0,0,0,-29.57,0.13,0,0,16.62,-4.07,-29.44,12.56,-16.88,,,,,
5811,0,0,0,0,0,0,-27.36,3.14,0,0,13.72,-3.94,-24.22,9.79,-14.44,,,,,
5821,0,0,0,0,0,0,-31.3,2.9,0,0,15.26,-3.88,-28.4,11.38,-17.02,,,,,
5831,0,0,0,0,0,0,-31.69,-2.67,0,0,17,-4.3,-34.36,12.7,-21.65,,,,,
5841,0,0,0,0,0,0,-28.16,4.69,0,0,14.71,-4.08,-23.47,10.63,-12.84,,,,,
5851,0,0,0,0,0,0,-32.46,4.42,0,0,13.3,-4.19,-28.03,9.11,-18.92,,,,,
5861,0,0,0,0,0,0,-31.7,1.17,0,0,15.08,-4.22,-30.54,10.86,-19.68,,,,,
5871,0,0,0,0,0,0,-30.28,4.05,0,0,13.66,-3.9,-26.22,9.75,-16.47,,,,,
5881,0,0,0,0,0,0,-33.67,1.96,0,0,15.86,-4.19,-31.71,11.67,-20.04,,,,,
5891,0,0,0,0,0,0,-29.79,2.85,0,0,13.59,-3.91,-26.94,9.68,-17.27,,,,,
5901,0,0,0,0,0,0,-32.82,2.69,0,0,15.67,-4.11,-30.14,11.56,-18.57,,,,,
5911,0,0,0,0,0,0,-29.26,0.36,0,0,15.59,-4.01,-28.9,11.58,-17.33,,,,,
5921,0,0,0,0,0,0,-29.88,-3.36,0,0,20.83,-4.22,-33.24,16.61,-16.63,,,,,
5931,0,0,0,0,0,0,-30.57,2.58,0,0,14.9,-3.93,-27.99,10.97,-17.02,,,,,
5941,0,0,0,0,0,0,-30.59,-0.31,0,0,17.16,-3.8,-30.9,13.37,-17.54,,,,,
5951,0,0,0,0,0,0,-30.92,0.89,0,0,17.07,-4.01,-30.03,13.05,-16.98,,,,,
5961,0,0,0,0,0,0,-28.69,4.07,0,0,13.2,-3.95,-24.61,9.25,-15.37,,,,,
5971,0,0,0,0,0,0,-29.98,-0.52,0,0,18.11,-3.96,-30.51,14.15,-16.35,,,,,
5981,0,0,0,0,0,0,-29.7,-0.87,0,0,17.47,-3.91,-30.57,13.56,-17.01,,,,,
5991,0,0,0,0,0,0,-28.37,4.49,0,0,13.05,-4.03,-23.88,9.02,-14.86,,,,,
6001,0,0,0,0,0,0,-31.08,2.57,0,0,15.01,-4.15,-28.51,10.87,-17.64,,,,,
6011,0,0,0,0,0,0,-29.46,3.01,0,0,13.35,-3.82,-26.45,9.53,-16.92,,,,,
6021,0,0,0,0,0,0,-30.55,-0.24,0,0,16.43,-3.89,-30.79,12.54,-18.25,,,,,
6031,0,0,0,0,0,0,-30.12,1.43,0,0,18.18,-4.18,-28.7,14,-14.69,,,,,
6041,0,0,0,0,0,0,-31.81,1.37,0,0,15.74,-4.16,-30.45,11.57,-18.87,,,,,
6051,0,0,0,0,0,0,-33.7,-1.14,0,0,17.87,-4.1,-34.84,13.77,-21.07,,,,,
6061,0,0,0,0,0,0,-29.14,-1.35,0,0,17.04,-3.77,-30.48,13.26,-17.22,,,,,
6071,0,0,0,0,0,0,-32.96,0.65,0,0,17.05,-4.06,-32.31,12.99,-19.33,,,,,
6081,0,0,0,0,0,0,-31.19,0.66,0,0,17.24,-4.14,-30.53,13.1,-17.43,,,,,
6091,0,0,0,0,0,0,-31.19,0.47,0,0,15.83,-3.97,-30.72,11.86,-18.86,,,,,
6101,0,0,0,0,0,0,-28.58,1.61,0,0,15.47,-3.99,-26.97,11.48,-15.49,,,,,
6111,0,0,0,0,0,0,-30.94,-1.42,0,0,18.55,-3.89,-32.36,14.66,-17.7,,,,,
6121,0,0,0,0,0,0,-32.12,-0.48,0,0,18.49,-4.07,-32.6,14.42,-18.17,,,,,
6131,0,0,0,0,0,0,-32.21,-0.41,0,0,18.96,-3.88,-32.61,15.08,-17.53,,,,,
6141,0,0,0,0,0,0,-29.51,0.64,0,0,18.69,-3.91,-28.87,14.78,-14.09,,,,,
6151,0,0,0,0,0,0,-29.64,-1.6,0,0,18.5,-3.94,-31.24,14.56,-16.68,,,,,
6161,0,0,0,0,0,0,-30.25,-0.14,0,0,16.81,-4.1,-30.39,12.72,-17.68,,,,,
6171,0,0,0,0,0,0,-30.25,1.65,0,0,15.16,-4.01,-28.6,11.16,-17.44,,,,,
6181,0,0,0,0,0,0,-31.09,-1.38,0,0,19.83,-3.77,-32.46,16.06,-16.41,,,,,
6191,0,0,0,0,0,0,-32.54,3.71,0,0,14.69,-4,-28.83,10.69,-18.15,,,,,
6201,0,0,0,0,0,0,-29.95,0.87,0,0,15.19,-3.82,-29.07,11.36,-17.71,,,,,
6211,0,0,0,0,0,0,-31.83,2.02,0,0,17.4,-4.18,-29.81,13.22,-16.59,,,,,
6221,0,0,0,0,0,0,-31.57,-0.6,0,0,19.79,-4.12,-32.17,15.68,-16.49,,,,,
6231,0,0,0,0,0,0,-30.84,-2.09,0,0,21.7,-4.06,-32.93,17.63,-15.3,,,,,
6241,0,0,0,0,0,0,-27.63,-7.01,0,0,22.95,-3.97,-34.63,18.98,-15.65,,,,,
6251,0,0,0,0,0,0,-28.86,-3.66,0,0,22.55,-3.73,-32.52,18.82,-13.7,,,,,
6261,0,0,0,0,0,0,-25.13,-4.09,0,0,21.91,-3.67,-29.22,18.24,-10.98,,,,,
6271,0,0,0,0,0,0,-29.92,-1.34,0,0,18.94,-3.66,-31.26,15.28,-15.97,,,,,
6281,0,0,0,0,0,0,-28.38,0.89,0,0,17.44,-4.11,-27.49,13.33,-14.16,,,,,
6291,0,0,0,0,0,0,-28.05,3.54,0,0,15.5,-3.87,-24.52,11.63,-12.88,,,,,
6301,0,0,0,0,0,0,-29.31,-0.15,0,0,20.29,-3.96,-29.46,16.33,-13.13,,,,,
6311,0,0,0,0,0,0,-31.31,0.22,0,0,18.76,-4.06,-31.09,14.7,-16.39,,,,,
6321,0,0,0,0,0,0,-32.98,1.79,0,0,17.45,-4.12,-31.19,13.34,-17.85,,,,,
6331,0,0,0,0,0,0,-31.7,-0.81,0,0,19.06,-4.16,-32.52,14.9,-17.62,,,,,
6341,0,0,0,0,0,0,-29.62,-1.01,0,0,17.54,-3.74,-30.63,13.79,-16.83,,,,,
6351,0,0,0,0,0,0,-27.78,-1.08,0,0,18.24,-3.81,-28.86,14.43,-14.43,,,,,
6361,0,0,0,0,0,0,-30.79,-2.47,0,0,20.98,-4.21,-33.26,16.77,-16.5,,,,,
6371,0,0,0,0,0,0,-24.82,0.18,0,0,18.98,-3.83,-24.63,15.16,-9.48,,,,,
6381,0,0,0,0,0,0,-30.43,-0.35,0,0,16.66,-3.83,-30.77,12.83,-17.94,,,,,
6391,0,0,0,0,0,0,-29.59,-0.53,0,0,17.23,-4.03,-30.12,13.2,-16.91,,,,,
6401,0,0,0,0,0,0,-30.64,3.19,0,0,14.75,-3.87,-27.45,10.88,-16.57,,,,,
6411,0,0,0,0,0,0,-32.36,0.59,0,0,17.57,-4.16,-31.77,13.4,-18.36,,,,,
6421,0,0,0,0,0,0,-30.95,3.58,0,0,15.17,-3.99,-27.36,11.18,-16.19,,,,,
6431,0,0,0,0,0,0,-30.74,3.3,0,0,12.91,-3.96,-27.44,8.94,-18.5,,,,,
6441,0,0,0,0,0,0,-32.27,-0.18,0,0,17.51,-3.89,-32.45,13.61,-18.84,,,,,
6451,0,0,0,0,0,0,-34.25,1.19,0,0,16.69,-4.41,-33.06,12.27,-20.78,,,,,
6461,0,0,0,0,0,0,-29.66,2,0,0,16.23,-3.91,-27.66,12.32,-15.34,,,,,
6471,0,0,0,0,0,0,-27.38,0.02,0,0,17.05,-3.78,-27.35,13.27,-14.09,,,,,
6481,0,0,0,0,0,0,-33.26,0.19,0,0,16.84,-3.98,-33.07,12.86,-20.21,,,,,
6491,0,0,0,0,0,0,-31.98,-0.24,0,0,16.94,-4.01,-32.22,12.93,-19.29,,,,,
6501,0,0,0,0,0,0,-27.78,1.73,0,0,14.55,-3.82,-26.06,10.74,-15.32,,,,,
6511,0,0,0,0,0,0,-29.32,0.13,0,0,19,-4.1,-29.18,14.9,-14.28,,,,,
6521,0,0,0,0,0,0,-33.01,-0.11,0,0,19.22,-4.25,-33.12,14.97,-18.15,,,,,
6531,0,0,0,0,0,0,-30.96,2.45,0,0,14.33,-3.93,-28.51,10.4,-18.11,,,,,
6541,0,0,0,0,0,0,-30.15,-0.08,0,0,18.91,-4.11,-30.23,14.8,-15.43,,,,,
6551,0,0,0,0,0,0,-29.63,-1.79,0,0,19.48,-4,-31.42,15.48,-15.94,,,,,
6561,0,0,0,0,0,0,-33.07,-1.79,0,0,20.91,-3.97,-34.87,16.94,-17.92,,,,,
6571,0,0,0,0,0,0,-32.32,-1.15,0,0,18.87,-4.27,-33.47,14.6,-18.87,,,,,
6581,0,0,0,0,0,0,-30.26,-2.16,0,0,19.24,-4.01,-32.42,15.24,-17.18,,,,,
6591,0,0,0,0,0,0,-30.74,-1.37,0,0,18.58,-4.1,-32.1,14.48,-17.62,,,,,
6601,0,0,0,0,0,0,-30.84,0.77,0,0,17.36,-4,-30.07,13.36,-16.71,,,,,
6611,0,0,0,0,0,0,-31.52,1.3,0,0,17.4,-4.11,-30.22,13.29,-16.94,,,,,
6621,0,0,0,0,0,0,-31.17,1.86,0,0,15.18,-3.79,-29.31,11.39,-17.92,,,,,
6631,0,0,0,0,0,0,-31.52,-2.54,0,0,19.74,-4.2,-34.07,15.54,-18.53,,,,,
6641,0,0,0,0,0,0,-27.79,1.55,0,0,14.25,-3.77,-26.24,10.48,-15.76,,,,,
6651,0,0,0,0,0,0,-32.28,-0.61,0,0,18.13,-4.07,-32.88,14.06,-18.82,,,,,
6661,0,0,0,0,0,0,-29.78,-0.22,0,0,19.88,-3.94,-29.99,15.93,-14.06,,,,,
6671,0,0,0,0,0,0,-30.43,0.22,0,0,15.65,-3.81,-30.21,11.84,-18.37,,,,,
6681,0,0,0,0,0,0,-28.85,0.16,0,0,17.73,-4.03,-28.69,13.7,-14.99,,,,,
6691,0,0,0,0,0,0,-30.72,-1.72,0,0,16.79,-3.8,-32.44,12.99,-19.45,,,,,
6701,0,0,0,0,0,0,-32.55,-3.63,0,0,19.82,-4.17,-36.18,15.65,-20.52,,,,,
6711,0,0,0,0,0,0,-33.64,-0.01,0,0,17.82,-4.21,-33.64,13.62,-20.03,,,,,
6721,0,0,0,0,0,0,-32.49,1.05,0,0,16.65,-4.14,-31.43,12.51,-18.92,,,,,
6731,0,0,0,0,0,0,-32.31,0.65,0,0,17.81,-4.16,-31.66,13.65,-18.01,,,,,
6741,0,0,0,0,0,0,-30.35,4.04,0,0,14.8,-3.99,-26.32,10.82,-15.5,,,,,
6751,0,0,0,0,0,0,-32.22,0.66,0,0,17.07,-3.96,-31.56,13.11,-18.46,,,,,
6761,0,0,0,0,0,0,-31.12,-0.76,0,0,18.2,-3.95,-31.88,14.25,-17.63,,,,,
6771,0,0,0,0,0,0,-33.2,1.02,0,0,16.34,-4.03,-32.19,12.31,-19.88,,,,,
6781,0,0,0,0,0,0,-31.02,1.36,0,0,15.81,-3.88,-29.66,11.93,-17.73,,,,,
6791,0,0,0,0,0,0,-28.88,0.76,0,0,16.23,-3.95,-28.12,12.28,-15.84,,,,,
6801,0,0,0,0,0,0,-31.07,3.02,0,0,13.42,-3.9,-28.05,9.52,-18.53,,,,,
6811,0,0,0,0,0,0,-30.32,1.44,0,0,14.15,-3.99,-28.89,10.15,-18.73,,,,,
6821,0,0,0,0,0,0,-29.56,-5.28,0,0,21.66,-4.05,-34.84,17.61,-17.23,,,,,
6831,0,0,0,0,0,0,-29.14,0.97,0,0,17.41,-3.82,-28.17,13.59,-14.58,,,,,
6841,0,0,0,0,0,0,-34.37,-0.93,0,0,19.32,-4.15,-35.29,15.17,-20.13,,,,,
6851,0,0,0,0,0,0,-28.09,-1.36,0,0,18.34,-4.01,-29.45,14.33,-15.12,,,,,
6861,0,0,0,0,0,0,-30.64,0.61,0,0,18.76,-3.78,-30.02,14.97,-15.05,,,,,
6871,0,0,0,0,0,0,-29.97,-1.9,0,0,18.23,-3.99,-31.87,14.24,-17.63,,,,,
6881,0,0,0,0,0,0,-31.6,4.29,0,0,14.22,-4.04,-27.31,10.18,-17.13,,,,,
6891,0,0,0,0,0,0,-28.93,3.29,0,0,13.26,-3.91,-25.64,9.34,-16.3,,,,,
6901,0,0,0,0,0,0,-31.9,0.93,0,0,17.97,-4.14,-30.97,13.83,-17.14,,,,,
6911,0,0,0,0,0,0,-29.22,0.01,0,0,16.51,-3.9,-29.2,12.6,-16.6,,,,,
6921,0,0,0,0,0,0,-32.57,-2.53,0,0,18.65,-3.85,-35.1,14.8,-20.3,,,,,
6931,0,0,0,0,0,0,-31.3,0.15,0,0,16.22,-4.29,-31.15,11.93,-19.22,,,,,
6941,0,0,0,0,0,0,-33.19,1.93,0,0,17.02,-4.27,-31.26,12.76,-18.51,,,,,
6951,0,0,0,0,0,0,-30.15,1.16,0,0,15.44,-3.76,-28.99,11.68,-17.3,,,,,
6961,0,0,0,0,0,0,-31.68,3.26,0,0,15.3,-4.34,-28.42,10.96,-17.45,,,,,
6971,0,0,0,0,0,0,-29.04,1.3,0,0,16.24,-4.11,-27.74,12.13,-15.61,,,,,
6981,0,0,0,0,0,0,-30.2,-0.42,0,0,19.04,-3.86,-30.62,15.18,-15.44,,,,,
6991,0,0,0,0,0,0,-31.79,1.17,0,0,16.52,-3.92,-30.62,12.6,-18.02,,,,,
7001,0,0,0,0,0,0,-29.71,-1.91,0,0,20.41,-3.84,-31.62,16.57,-15.06,,,,,
7011,0,0,0,0,0,0,-34.04,-0.12,0,0,17.37,-4.11,-34.16,13.26,-20.9,,,,,
7021,0,0,0,0,0,0,-32.51,4.35,0,0,14.41,-4.31,-28.16,10.11,-18.05,,,,,
7031,0,0,0,0,0,0,-31.45,-0.39,0,0,17.07,-4.01,-31.84,13.07,-18.78,,,,,
7041,0,0,0,0,0,0,-29.97,-1.49,0,0,17.73,-3.73,-31.47,14,-17.46,,,,,
7051,0,0,0,0,0,0,-33.09,0.92,0,0,15.81,-4.01,-32.17,11.79,-20.37,,,,,
7061,0,0,0,0,0,0,-31.86,2.04,0,0,16.78,-4.06,-29.82,12.71,-17.11,,,,,
7071,0,0,0,0,0,0,-32.66,0.25,0,0,16.33,-4.31,-32.4,12.02,-20.38,,,,,
7081,0,0,0,0,0,0,-28.12,0.52,0,0,16.98,-3.84,-27.6,13.15,-14.46,,,,,
7091,0,0,0,0,0,0,-27.4,-0.59,0,0,14.72,-3.8,-27.99,10.93,-17.06,,,,,
7101,0,0,0,0,0,0,-31.2,2.32,0,0,14.65,-4.14,-28.88,10.51,-18.37,,,,,
7111,0,0,0,0,0,0,-27.88,-2.09,0,0,18.06,-3.8,-29.96,14.25,-15.71,,,,,
7121,0,0,0,0,0,0,-31.32,0.91,0,0,17.46,-4.06,-30.41,13.4,-17.01,,,,,
7131,0,0,0,0,0,0,-31.26,1.32,0,0,16.99,-4.1,-29.94,12.89,-17.06,,,,,
7141,0,0,0,0,0,0,-29.62,1.91,0,0,14.83,-3.87,-27.71,10.96,-16.75,,,,,
7151,0,0,0,0,0,0,-30.4,0.75,0,0,17.7,-4.2,-29.65,13.5,-16.16,,,,,
7161,0,0,0,0,0,0,-33.2,-0.22,0,0,18.84,-3.97,-33.42,14.87,-18.55,,,,,
7171,0,0,0,0,0,0,-29.66,-3.77,0,0,22.45,-3.98,-33.43,18.46,-14.96,,,,,
7181,0,0,0,0,0,0,-31.27,0.83,0,0,16.38,-4.03,-30.44,12.35,-18.09,,,,,
7191,0,0,0,0,0,0,-31.11,-0.85,0,0,17.88,-4.23,-31.96,13.64,-18.31,,,,,
7201,0,0,0,0,0,0,-30.84,1.34,0,0,15.48,-3.84,-29.5,11.64,-17.85,,,,,
7211,0,0,0,0,0,0,-30.27,-1.51,0,0,19.16,-3.66,-31.78,15.51,-16.27,,,,,
7221,0,0,0,0,0,0,-31.76,3.48,0,0,16.91,-4.29,-28.27,12.62,-15.66,,,,,
7231,0,0,0,0,0,0,-29.87,-1.16,0,0,18.23,-4.1,-31.03,14.13,-16.9,,,,,
7241,0,0,0,0,0,0,-27.11,-0.6,0,0,18.84,-4,-27.71,14.84,-12.87,,,,,
7251,0,0,0,0,0,0,-31.46,2.1,0,0,16.26,-3.89,-29.36,12.37,-16.99,,,,,
7261,0,0,0,0,0,0,-30.75,1.34,0,0,17.01,-4.02,-29.42,12.99,-16.42,,,,,
7271,0,0,0,0,0,0,-29.05,0.9,0,0,16.86,-4.1,-28.15,12.75,-15.4,,,,,
7281,0,0,0,0,0,0,-32.29,2.22,0,0,16.05,-4.08,-30.07,11.98,-18.1,,,,,
7291,0,0,0,0,0,0,-32.36,0.86,0,0,15.97,-4.13,-31.49,11.84,-19.65,,,,,
7301,0,0,0,0,0,0,-29.83,2.55,0,0,14.24,-3.66,-27.28,10.58,-16.7,,,,,
7311,0,0,0,0,0,0,-33.13,1.1,0,0,16.31,-4.21,-32.03,12.1,-19.92,,,,,
7321,0,0,0,0,0,0,-28.82,1.04,0,0,15.75,-4,-27.77,11.75,-16.03,,,,,
7331,0,0,0,0,0,0,-28.28,2.33,0,0,13.54,-3.72,-25.95,9.82,-16.13,,,,,
7341,0,0,0,0,0,0,-26.78,3.09,0,0,13.75,-4.12,-23.69,9.63,-14.06,,,,,
7351,0,0,0,0,0,0,-26.69,0.87,0,0,14.73,-3.87,-25.82,10.86,-14.96,,,,,
7361,0,0,0,0,0,0,-31.63,1.95,0,0,13.95,-4.07,-29.68,9.88,-19.8,,,,,
7371,0,0,0,0,0,0,-29.27,0.12,0,0,16.48,-3.72,-29.15,12.77,-16.39,,,,,
7381,0,0,0,0,0,0,-31.69,1.43,0,0,15.56,-4.14,-30.26,11.42,-18.84,,,,,
7391,0,0,0,0,0,0,-30.53,3.16,0,0,13.63,-3.95,-27.37,9.68,-17.69,,,,,
7401,0,0,0,0,0,0,-29.12,5.34,0,0,11.73,-3.76,-23.78,7.98,-15.8,,,,,
7411,0,0,0,0,0,0,-28.77,1.09,0,0,16.5,-3.89,-27.68,12.6,-15.08,,,,,
7421,0,0,0,0,0,0,-30.38,-1.54,0,0,17.54,-3.75,-31.92,13.79,-18.13,,,,,
7431,0,0,0,0,0,0,-32.26,1.5,0,0,13.53,-4.09,-30.76,9.44,-21.33,,,,,
7441,0,0,0,0,0,0,-30.6,3.48,0,0,15.88,-4.18,-27.11,11.7,-15.41,,,,,
7451,0,0,0,0,0,0,-29.01,0.8,0,0,15.59,-3.77,-28.22,11.82,-16.39,,,,,
7461,0,0,0,0,0,0,-30.31,7.58,0,0,11.55,-3.87,-22.73,7.68,-15.05,,,,,
7471,0,0,0,0,0,0,-29.32,0.87,0,0,17.33,-3.94,-28.45,13.39,-15.06,,,,,
7481,0,0,0,0,0,0,-28.43,2.71,0,0,11.78,-3.71,-25.73,8.06,-17.66,,,,,
7491,0,0,0,0,0,0,-27.59,3.43,0,0,13.18,-3.94,-24.16,9.24,-14.92,,,,,
7501,0,0,0,0,0,0,-28.66,5.04,0,0,10.36,-3.61,-23.62,6.74,-16.87,,,,,
7511,0,0,0,0,0,0,-26.85,1.36,0,0,14.22,-3.57,-25.49,10.65,-14.83,,,,,
7521,0,0,0,0,0,0,-32.14,4,0,0,15.12,-4.21,-28.14,10.92,-17.23,,,,,
7531,0,0,0,0,0,0,-30.99,0.03,0,0,15.31,-3.7,-30.96,11.61,-19.35,,,,,
7541,0,0,0,0,0,0,-29.44,-0.94,0,0,15.79,-3.68,-30.38,12.11,-18.27,,,,,
7551,0,0,0,0,0,0,-27.77,3.16,0,0,12.72,-3.72,-24.61,9.01,-15.6,,,,,
7561,0,0,0,0,0,0,-26.85,5.31,0,0,10.4,-3.47,-21.54,6.93,-14.61,,,,,
7571,0,0,0,0,0,0,-31.71,5.2,0,0,13.01,-4.22,-26.51,8.79,-17.72,,,,,
7581,0,0,0,0,0,0,-30.04,1.63,0,0,13.96,-4.08,-28.4,9.87,-18.53,,,,,
7591,0,0,0,0,0,0,-30.15,6.6,0,0,10.93,-3.94,-23.55,6.99,-16.56,,,,,
7601,0,0,0,0,0,0,-31.09,3.47,0,0,11.9,-3.96,-27.62,7.94,-19.68,,,,,
7611,0,0,0,0,0,0,-26.09,2.76,0,0,12.8,-3.83,-23.33,8.97,-14.36,,,,,
7621,0,0,0,0,0,0,-29.47,5.78,0,0,9.39,-4.29,-23.69,5.09,-18.59,,,,,
7631,0,0,0,0,0,0,-30.14,1.99,0,0,15.41,-4.15,-28.15,11.26,-16.89,,,,,
7641,0,0,0,0,0,0,-30.86,1.37,0,0,15.36,-4.08,-29.49,11.28,-18.21,,,,,
7651,0,0,0,0,0,0,-32.2,2.96,0,0,12.68,-4.07,-29.23,8.61,-20.63,,,,,
7661,0,0,0,0,0,0,-30.86,4.64,0,0,13.26,-4.1,-26.22,9.15,-17.07,,,,,
7671,0,0,0,0,0,0,-28.99,5.63,0,0,8.96,-4.14,-23.36,4.82,-18.54,,,,,
7681,0,0,0,0,0,0,-30.19,3.59,0,0,12.98,-4.05,-26.61,8.93,-17.68,,,,,
7691,0,0,0,0,0,0,-31.51,5.69,0,0,11.68,-4.1,-25.82,7.58,-18.24,,,,,
7701,0,0,0,0,0,0,-29.84,5.63,0,0,10.46,-3.82,-24.21,6.63,-17.57,,,,,
7711,0,0,0,0,0,0,-30.94,7.29,0,0,9.28,-4.5,-23.65,4.78,-18.86,,,,,
7721,0,0,0,0,0,0,-30.99,7.56,0,0,10.05,-4.16,-23.43,5.9,-17.54,,,,,
7731,0,0,0,0,0,0,-28.36,2.24,0,0,14.43,-4.14,-26.12,10.29,-15.82,,,,,
7741,0,0,0,0,0,0,-32.31,0.66,0,0,15.85,-4.52,-31.65,11.33,-20.32,,,,,
7751,0,0,0,0,0,0,-31.27,1.46,0,0,14.84,-4.55,-29.81,10.29,-19.52,,,,,
7761,0,0,0,0,0,0,-28.26,5.75,0,0,10.03,-4.24,-22.51,5.79,-16.72,,,,,
7771,0,0,0,0,0,0,-30.44,2.46,0,0,12.21,-4.52,-27.98,7.69,-20.3,,,,,
7781,0,0,0,0,0,0,-30.85,2.92,0,0,13.48,-4.68,-27.92,8.8,-19.12,,,,,
7791,0,0,0,0,0,0,-30.14,5.95,0,0,10.81,-4.45,-24.19,6.36,-17.82,,,,,
7801,0,0,0,0,0,0,-29.39,6.04,0,0,11.98,-4.21,-23.35,7.77,-15.57,,,,,
7811,0,0,0,0,0,0,-29.44,7.39,0,0,8.86,-4.16,-22.05,4.7,-17.35,,,,,
7821,0,0,0,0,0,0,-30.65,7.97,0,0,10.01,-4.35,-22.68,5.65,-17.03,,,,,
7831,0,0,0,0,0,0,-29.87,7.46,0,0,9.61,-4.47,-22.41,5.15,-17.27,,,,,
7841,0,0,0,0,0,0,-31.66,5.79,0,0,12.2,-4.53,-25.87,7.67,-18.2,,,,,
7851,0,0,0,0,0,0,-31.36,6.49,0,0,12.52,-4.3,-24.86,8.22,-16.64,,,,,
7861,0,0,0,0,0,0,-28.42,6.69,0,0,10.36,-4.57,-21.72,5.79,-15.93,,,,,
7871,0,0,0,0,0,0,-28.05,2.6,0,0,11.89,-4.03,-25.46,7.86,-17.6,,,,,
7881,0,0,0,0,0,0,-32.8,-0.6,0,0,16.99,-4.62,-33.4,12.37,-21.03,,,,,
7891,0,0,0,0,0,0,-30.72,4.65,0,0,13.44,-4.47,-26.07,8.97,-17.09,,,,,
7901,0,0,0,0,0,0,-29.64,1.36,0,0,15.55,-4.57,-28.28,10.98,-17.3,,,,,
7911,0,0,0,0,0,0,-33.45,2.51,0,0,14.29,-4.61,-30.94,9.68,-21.26,,,,,
7921,0,0,0,0,0,0,-31.6,3.23,0,0,12.87,-4.15,-28.37,8.72,-19.65,,,,,
7931,0,0,0,0,0,0,-31.57,2.17,0,0,15.19,-4.36,-29.4,10.83,-18.57,,,,,
7941,0,0,0,0,0,0,-28.85,2.03,0,0,14.1,-4.04,-26.82,10.05,-16.77,,,,,
7951,0,0,0,0,0,0,-31.03,0.92,0,0,14.61,-4.34,-30.11,10.27,-19.84,,,,,
7961,0,0,0,0,0,0,-28.41,5.31,0,0,12.19,-4.18,-23.1,8.01,-15.1,,,,,
7971,0,0,0,0,0,0,-30.15,-1.52,0,0,18.57,-4.13,-31.68,14.44,-17.24,,,,,
7981,0,0,0,0,0,0,-28.74,1.7,0,0,14.87,-4.12,-27.04,10.75,-16.29,,,,,
7991,0,0,0,0,0,0,-31.09,1.65,0,0,14.58,-4.3,-29.44,10.28,-19.16,,,,,
8001,0,0,0,0,0,0,-31.3,1.14,0,0,15.54,-4.53,-30.17,11.01,-19.15,,,,,
8011,0,0,0,0,0,0,-30.07,2.45,0,0,14.53,-4.41,-27.62,10.12,-17.5,,,,,
8021,0,0,0,0,0,0,-28.87,2.75,0,0,13.39,-4.19,-26.12,9.2,-16.92,,,,,
8031,0,0,0,0,0,0,-32.57,2.76,0,0,15.51,-4.48,-29.81,11.03,-18.78,,,,,
8041,0,0,0,0,0,0,-31.2,5.27,0,0,12.29,-3.98,-25.93,8.31,-17.62,,,,,
8051,0,0,0,0,0,0,-31.46,2.54,0,0,14.6,-4.31,-28.93,10.28,-18.64,,,,,
8061,0,0,0,0,0,0,-31.35,4.68,0,0,12.34,-4.2,-26.67,8.14,-18.53,,,,,
8071,0,0,0,0,0,0,-29.48,1.08,0,0,13.4,-4.07,-28.4,9.33,-19.07,,,,,
8081,0,0,0,0,0,0,-31.21,7.13,0,0,9.29,-4.21,-24.08,5.09,-19,,,,,
8091,0,0,0,0,0,0,-29.57,4.2,0,0,10.83,-4.17,-25.37,6.66,-18.71,,,,,
8101,0,0,0,0,0,0,-27.99,4.92,0,0,9.3,-4.27,-23.06,5.03,-18.03,,,,,
8111,0,0,0,0,0,0,-27.48,4.78,0,0,10.37,-3.63,-22.7,6.74,-15.96,,,,,
8121,0,0,0,0,0,0,-30.01,3.63,0,0,12.38,-4.11,-26.37,8.27,-18.1,,,,,
8131,0,0,0,0,0,0,-29.51,6.18,0,0,9.52,-4.01,-23.33,5.51,-17.82,,,,,
8141,0,0,0,0,0,0,-29.16,2.56,0,0,11.97,-3.9,-26.6,8.07,-18.53,,,,,
8151,0,0,0,0,0,0,-29.07,6.11,0,0,10.61,-4.22,-22.96,6.39,-16.57,,,,,
8161,0,0,0,0,0,0,-23.4,-5.97,0,0,15.53,-3.55,-29.37,11.98,-17.39,,,,,
8171,0,0,0,0,0,0,-24.86,-1.3,0,0,14.15,-3.93,-26.16,10.22,-15.94,,,,,
8181,0,0,0,0,0,0,-27.27,-5.15,0,0,16.61,-3.88,-32.41,12.73,-19.68,,,,,
8191,0,0,0,0,0,0,-24.83,-9.44,0,0,17.55,-3.88,-34.27,13.67,-20.6,,,,,
8201,0,0,0,0,0,0,0,0.25,0,0,-0.25,0,0.25,-0.25,0,,,,,
8211,0,0,0,0,0,0,-25.93,3.92,0,0,10.24,-3.86,-22.02,6.37,-15.64,,,,,
8221,0,0,0,0,0,0,-29.66,3.52,0,0,12.1,-3.94,-26.14,8.17,-17.97,,,,,
8231,0,0,0,0,0,0,0,0.16,0,0,-0.16,0,0.16,-0.16,0,,,,,
8241,0,0,0,0,0,0,0,0.2,0,0,-0.2,0,0.2,-0.2,0,,,,,
8251,0,0,0,0,0,0,0,0.25,0,0,-0.25,0,0.25,-0.25,0,,,,,
8261,0,0,0,0,0,0,0,0.19,0,0,-0.19,0,0.19,-0.19,0,,,,,
8271,0,0,0,0,0,0,0,0.24,0,0,-0.24,0,0.24,-0.24,0,,,,,
8281,0,0,0,0,0,0,0,0.21,0,0,-0.21,0,0.21,-0.21,0,,,,,
8291,0,0,0,0,0,0,0,0.23,0,0,-0.23,0,0.23,-0.23,0,,,,,
8301,0,0,0,0,0,0,0,0.16,0,0,-0.16,0,0.16,-0.16,0,,,,,
8311,0,0,0,0,0,0,0,0.17,0,0,-0.17,0,0.17,-0.17,0,,,,,
8321,0,0,0,0,0,0,0,0.19,0,0,-0.19,0,0.19,-0.19,0,,,,,
8331,0,0,0,0,0,0,0,0.26,0,0,-0.26,0,0.26,-0.26,0,,,,,
8341,0,0,0,0,0,0,0,0.24,0,0,-0.24,0,0.24,-0.24,0,,,,,
8351,0,0,0,0,0,0,0,0.28,0,0,-0.28,0,0.28,-0.28,0,,,,,
8361,0,0,0,0,0,0,0,0.22,0,0,-0.22,0,0.22,-0.22,0,,,,,
8371,0,0,0,0,0,0,0,0.24,0,0,-0.24,0,0.24,-0.24,0,,,,,
8381,0,0,0,0,0,0,0,0.24,0,0,-0.24,0,0.24,-0.24,0,,,,,
8391,0,0,0,0,0,0,0,0.22,0,0,-0.22,0,0.22,-0.22,0,,,,,
8401,0,0,0,0,0,0,0,0.2,0,0,-0.2,0,0.2,-0.2,0,,,,,
8411,0,0,0,0,0,0,0,0.26,0,0,-0.26,0,0.26,-0.26,0,,,,,
8421,0,0,0,0,0,0,0,0.22,0,0,-0.22,0,0.22,-0.22,0,,,,,
8431,0,0,0,0,0,0,0,0.21,0,0,-0.21,0,0.21,-0.21,0,,,,,
8441,0,0,0,0,0,0,0,0.26,0,0,-0.25,0,0.25,-0.25,0,,,,,
8451,0,0,0,0,0,0,0,0.24,0,0,-0.24,0,0.24,-0.24,0,,,,,
8461,0,0,0,0,0,0,0,0.22,0,0,-0.22,0,0.22,-0.22,0,,,,,
8471,0,0,0,0,0,0,0,0.23,0,0,-0.23,0,0.23,-0.23,0,,,,,
8481,0,0,0,0,0,0,0,0.21,0,0,-0.21,0,0.21,-0.21,0,,,,,
8491,0,0,0,0,0,0,0,0.22,0,0,-0.22,0,0.22,-0.22,0,,,,,
8501,0,0,0,0,0,0,0,0.22,0,0,-0.22,0,0.22,-0.22,0,,,,,
8511,0,0,0,0,0,0,0,0.22,0,0,-0.22,0,0.22,-0.22,0,,,,,
8521,0,0,0,0,0,0,0,0.23,0,0,-0.23,0,0.23,-0.23,0,,,,,
8531,0,0,0,0,0,0,0,0.24,0,0,-0.24,0,0.24,-0.24,0,,,,,
8541,0,0,0,0,0,0,0,0.21,0,0,-0.21,0,0.21,-0.21,0,,,,,
8551,0,0,0,0,0,0,0,0.24,0,0,-0.24,0,0.24,-0.24,0,,,,,
8561,0,0,0,0,0,0,0,0.21,0,0,-0.21,0,0.21,-0.21,0,,,,,
8571,0,0,0,0,0,0,0,0.19,0,0,-0.19,0,0.19,-0.19,0,,,,,
8581,0,0,0,0,0,0,0,0.21,0,0,-0.21,0,0.21,-0.21,0,,,,,
8591,0,0,0,0,0,0,0,0.19,0,0,-0.19,0,0.19,-0.19,0,,,,,
8601,0,0,0,0,0,0,0,0.19,0,0,-0.19,0,0.19,-0.19,0,,,,,
8611,0,0,0,0,0,0,0,0.22,0,0,-0.22,0,0.22,-0.22,0,,,,,
8621,0,0,0,0,0,0,0,0.15,0,0,-0.15,0,0.15,-0.15,0,,,,,
8631,0,0,0,0,0,0,0,0.21,0,0,-0.21,0,0.21,-0.21,0,,,,,
8641,0,0,0,0,0,0,0,0.18,0,0,-0.18,0,0.18,-0.18,0,,,,,
8651,0,0,0,0,0,0,0,0.12,0,0,-0.12,0,0.12,-0.12,0,,,,,
8661,0,0,0,0,0,0,0,0.17,0,0,-0.17,0,0.17,-0.17,0,,,,,
8671,0,0,0,0,0,0,0,0.21,0,0,-0.21,0,0.21,-0.21,0,,,,,
8681,0,0,0,0,0,0,0,0.13,0,0,-0.13,0,0.13,-0.13,0,,,,,
8691,0,0,0,0,0,0,0,0.18,0,0,-0.18,0,0.18,-0.18,0,,,,,
8701,0,0,0,0,0,0,0,0.14,0,0,-0.14,0,0.14,-0.14,0,,,,,
8711,0,0,0,0,0,0,0,0.15,0,0,-0.15,0,0.15,-0.15,0,,,,,
8721,0,0,0,0,0,0,0,0.22,0,0,-0.22,0,0.22,-0.22,0,,,,,
8731,0,0,0,0,0,0,0,0.14,0,0,-0.14,0,0.14,-0.14,0,,,,,
8741,0,0,0,0,0,0,0,0.06,0,0,-0.06,0,0.05,-0.06,0,,,,,
8751,0,0,0,0,0,0,0,0.23,0,0,-0.23,0,0.23,-0.23,0,,,,,
8761,0,0,0,0,0,0,0,0.18,0,0,-0.18,0,0.18,-0.18,0,,,,,
8771,0,0,0,0,0,0,0,0.21,0,0,-0.2,0,0.2,-0.2,0,,,,,
8781,0,0,0,0,0,0,0,0.2,0,0,-0.2,0,0.2,-0.2,0,,,,,
8791,0,0,0,0,0,0,0,0.21,0,0,-0.21,0,0.21,-0.21,0,,,,,
8801,0,0,0,0,0,0,0,0.24,0,0,-0.24,0,0.24,-0.24,0,,,,,
8811,0,0,0,0,0,0,0,0.19,0,0,-0.19,0,0.19,-0.19,0,,,,,
8821,0,0,0,0,0,0,0,0.19,0,0,-0.19,0,0.19,-0.19,0,,,,,
8831,0,0,0,0,0,0,0,0.21,0,0,-0.21,0,0.21,-0.21,0,,,,,
8841,0,0,0,0,0,0,0,0.13,0,0,-0.13,0,0.13,-0.13,0,,,,,
8851,0,0,0,0,0,0,-26.85,3.49,0,0,12.93,-3.98,-23.36,8.94,-14.42,,,,,
8861,0,0,0,0,0,0,-24.85,2.74,0,0,9.65,-3.48,-22.11,6.17,-15.94,,,,,
8871,0,0,0,0,0,0,-21.95,-0.86,0,0,12.7,-3.13,-22.81,9.57,-13.24,,,,,
8881,0,0,0,0,0,0,-21.3,0.21,0,0,11.31,-3.21,-21.09,8.1,-12.99,,,,,
8891,0,0,0,0,0,0,-26.49,1.38,0,0,12.92,-3.91,-25.11,9.02,-16.09,,,,,
8901,0,0,0,0,0,0,-24.69,4.05,0,0,9.06,-4.08,-20.64,4.98,-15.67,,,,,
8911,0,0,0,0,0,0,-25.16,1.68,0,0,11.59,-3.78,-23.48,7.8,-15.68,,,,,
8921,0,0,0,0,0,0,-26.98,0.78,0,0,13.83,-3.89,-26.2,9.94,-16.26,,,,,
8931,0,0,0,0,0,0,-28.59,2.25,0,0,11.84,-4.05,-26.34,7.79,-18.55,,,,,
8941,0,0,0,0,0,0,-26.27,3,0,0,11.62,-3.96,-23.27,7.66,-15.6,,,,,
8951,0,0,0,0,0,0,0,0.13,0,0,-0.13,0,0.13,-0.13,0,,,,,
8961,0,0,0,0,0,0,-25.37,5.05,0,0,8.89,-3.79,-20.32,5.1,-15.22,,,,,
8971,0,0,0,0,0,0,-24.28,-2.78,0,0,16.08,-3.69,-27.06,12.39,-14.68,,,,,
8981,0,0,0,0,0,0,-24.45,0.73,0,0,11.74,-3.66,-23.72,8.08,-15.64,,,,,
8991,0,0,0,0,0,0,0,0.07,0,0,-0.07,0,0.07,-0.07,0,,,,,
9001,0,0,0,0,0,0,0,0.15,0,0,-0.15,0,0.15,-0.15,0,,,,,
9011,0,0,0,0,0,0,0,0.15,0,0,-0.15,0,0.15,-0.15,0,,,,,
9021,0,0,0,0,0,0,-25.37,2.38,0,0,11.58,-3.63,-23,7.95,-15.05,,,,,
9031,0,0,0,0,0,0,-24.02,-7.42,0,0,17.28,-3.67,-31.44,13.61,-17.83,,,,,
9041,0,0,0,0,0,0,-22.15,-1.59,0,0,14.65,-3.8,-23.73,10.84,-12.89,,,,,
9051,0,0,0,0,0,0,-24.91,2.62,0,0,10.22,-3.74,-22.29,6.48,-15.81,,,,,
9061,0,0,0,0,0,0,-27.6,2.88,0,0,10.9,-3.84,-24.72,7.06,-17.67,,,,,
9071,0,0,0,0,0,0,0,0.16,0,0,-0.16,0,0.16,-0.16,0,,,,,
9081,0,0,0,0,0,0,0,0.09,0,0,-0.09,0,0.09,-0.09,0,,,,,
9091,0,0,0,0,0,0,-27.69,0.79,0,0,13.21,-3.85,-26.9,9.36,-17.54,,,,,
9101,0,0,0,0,0,0,-27.17,2.96,0,0,12.2,-4.17,-24.21,8.03,-16.19,,,,,
9111,0,0,0,0,0,0,0,0.08,0,0,-0.08,0,0.08,-0.08,0,,,,,
9121,0,0,0,0,0,0,-26.06,2.23,0,0,11.86,-4.05,-23.83,7.81,-16.02,,,,,
9131,0,0,0,0,0,0,-27.57,2.04,0,0,11.72,-4,-25.53,7.72,-17.81,,,,,
9141,0,0,0,0,0,0,-25.45,0.32,0,0,11.54,-3.63,-25.13,7.9,-17.23,,,,,
9151,0,0,0,0,0,0,0,0.15,0,0,-0.15,0,0.15,-0.15,0,,,,,
9161,0,0,0,0,0,0,0,0.12,0,0,-0.12,0,0.12,-0.12,0,,,,,
9171,0,0,0,0,0,0,0,0.1,0,0,-0.1,0,0.1,-0.1,0,,,,,
9181,0,0,0,0,0,0,0,0.16,0,0,-0.16,0,0.16,-0.16,0,,,,,
9191,0,0,0,0,0,0,-24.55,4.94,0,0,9,-3.46,-19.61,5.55,-14.07,,,,,
9201,0,0,0,0,0,0,0,0.12,0,0,-0.12,0,0.12,-0.12,0,,,,,
9211,0,0,0,0,0,0,0,0.14,0,0,-0.14,0,0.14,-0.14,0,,,,,
9221,0,0,0,0,0,0,0,0.15,0,0,-0.15,0,0.15,-0.15,0,,,,,
9231,0,0,0,0,0,0,0,0.17,0,0,-0.17,0,0.17,-0.17,0,,,,,
9241,0,0,0,0,0,0,0,0.18,0,0,-0.18,0,0.18,-0.18,0,,,,,
9251,0,0,0,0,0,0,0,0.16,0,0,-0.16,0,0.15,-0.16,0,,,,,
9261,0,0,0,0,0,0,0,0.16,0,0,-0.16,0,0.16,-0.16,0,,,,,
9271,0,0,0,0,0,0,0,0.15,0,0,-0.15,0,0.15,-0.15,0,,,,,
9281,0,0,0,0,0,0,0,0.15,0,0,-0.15,0,0.15,-0.15,0,,,,,
9291,0,0,0,0,0,0,0,0.14,0,0,-0.14,0,0.14,-0.14,0,,,,,
9301,0,0,0,0,0,0,0,0.13,0,0,-0.13,0,0.13,-0.13,0,,,,,
9311,0,0,0,0,0,0,0,0.14,0,0,-0.15,0,0.14,-0.15,0,,,,,
9321,0,0,0,0,0,0,0,0.13,0,0,-0.13,0,0.13,-0.13,0,,,,,
9331,0,0,0,0,0,0,0,0.09,0,0,-0.09,0,0.09,-0.09,0,,,,,
9341,0,0,0,0,0,0,0,0.13,0,0,-0.13,0,0.13,-0.13,0,,,,,
9351,0,0,0,0,0,0,0,0.15,0,0,-0.15,0,0.15,-0.15,0,,,,,
9361,0,0,0,0,0,0,0,0.11,0,0,-0.11,0,0.11,-0.11,0,,,,,
9371,0,0,0,0,0,0,0,0.13,0,0,-0.13,0,0.13,-0.13,0,,,,,
9381,0,0,0,0,0,0,0,0.18,0,0,-0.18,0,0.18,-0.18,0,,,,,
9391,0,0,0,0,0,0,-20.77,-2.22,0,0,12.01,-3.2,-22.99,8.81,-14.18,,,,,
9401,0,0,0,0,0,0,-25.18,1.01,0,0,13.14,-3.55,-24.17,9.59,-14.58,,,,,
9411,0,0,0,0,0,0,0,0.15,0,0,-0.15,0,0.15,-0.15,0,,,,,
9421,0,0,0,0,0,0,0,0.18,0,0,-0.18,0,0.18,-0.18,0,,,,,
9431,0,0,0,0,0,0,0,0.14,0,0,-0.14,0,0.14,-0.14,0,,,,,
9441,0,0,0,0,0,0,-22.61,1.09,0,0,12.06,-3.51,-21.52,8.55,-12.97,,,,,
9451,0,0,0,0,0,0,0,0.14,0,0,-0.14,0,0.14,-0.14,0,,,,,
9461,0,0,0,0,0,0,-17.33,-16.42,0,0,21.61,-3.06,-33.75,18.55,-15.21,,,,,
9471,0,0,0,0,0,0,0,0.07,0,0,-0.07,0,0.07,-0.07,0,,,,,
9481,0,0,0,0,0,0,0,0.08,0,0,-0.08,0,0.08,-0.08,0,,,,,
9491,0,0,0,0,0,0,-10.82,-6.43,0,0,12.32,-1.54,-17.25,10.78,-6.47,,,,,
9501,0,0,0,0,0,0,-11.69,-6.12,0,0,13.28,-1.72,-17.81,11.55,-6.26,,,,,
9511,0,0,0,0,0,0,0,0.06,0,0,-0.06,0,0.06,-0.06,0,,,,,
9521,0,0,0,0,0,0,0,0.04,0,0,-0.04,0,0.04,-0.04,0,,,,,
9531,0,0,0,0,0,0,0,0.03,0,0,-0.03,0,0.03,-0.03,0,,,,,
9541,0,0,0,0,0,0,-20.03,-7.09,0,0,16.64,-2.65,-27.12,13.99,-13.13,,,,,
9551,0,0,0,0,0,0,-16.43,-4.66,0,0,12.81,-2.28,-21.1,10.53,-10.57,,,,,
9561,0,0,0,0,0,0,-20.39,-6.99,0,0,16.89,-2.73,-27.38,14.16,-13.22,,,,,
9571,0,0,0,0,0,0,-19.2,-5.65,0,0,15.67,-2.8,-24.86,12.87,-11.99,,,,,
9581,0,0,0,0,0,0,-11.62,-5.03,0,0,12.18,-1.74,-16.65,10.44,-6.2,,,,,
9591,0,0,0,0,0,0,-19.36,-5.96,0,0,16.06,-2.71,-25.32,13.34,-11.98,,,,,
9601,0,0,0,0,0,0,-14.39,-2.51,0,0,11.03,-2.14,-16.9,8.89,-8.01,,,,,
9611,0,0,0,0,0,0,-12.07,-6.04,0,0,13.61,-1.84,-18.11,11.77,-6.34,,,,,
9621,0,0,0,0,0,0,-12.61,-4.61,0,0,10.6,-2.07,-17.22,8.53,-8.68,,,,,
9631,0,0,0,0,0,0,-14.34,-7.05,0,0,11.86,-2.14,-21.4,9.73,-11.67,,,,,
9641,0,0,0,0,0,0,-11.66,-2.85,0,0,7.92,-2.01,-14.51,5.9,-8.61,,,,,
9651,0,0,0,0,0,0,-14.25,-3.17,0,0,9.92,-2.05,-17.42,7.87,-9.55,,,,,
9661,0,0,0,0,0,0,-10.16,2.77,0,0,3.63,-1.61,-7.39,2.02,-5.37,,,,,
9671,0,0,0,0,0,0,-12.97,1.51,0,0,7.02,-1.81,-11.46,5.21,-6.25,,,,,
9681,0,0,0,0,0,0,-13.38,-5.29,0,0,12.25,-2.13,-18.67,10.13,-8.54,,,,,
9691,0,0,0,0,0,0,-11.16,-3.24,0,0,9.98,-1.83,-14.4,8.16,-6.24,,,,,
9701,0,0,0,0,0,0,-0.01,0.18,0,0,-0.18,0,0.18,-0.18,0,,,,,
9711,0,0,0,0,0,0,0,-0.02,0,0,0.02,0,-0.02,0.02,0,,,,,
9721,0,0,0,0,0,0,-8.8,2.05,0,0,3.57,-1.09,-6.74,2.48,-4.27,,,,,
9731,0,0,0,0,0,0,0,-0.33,0,0,0.32,0,-0.33,0.32,0,,,,,
9741,0,0,0,0,0,0,-0.01,0.49,0,0,-0.49,0,0.48,-0.49,-0.01,,,,,
9751,0,0,0,0,0,0,-0.01,-0.61,0,0,0.62,0,-0.62,0.62,0,,,,,
9761,0,0,0,0,0,0,0,-0.45,0,0,0.45,0,-0.45,0.45,0,,,,,
9771,0,0,0,0,0,0,-0.01,0.18,0,0,-0.18,0,0.17,-0.18,-0.01,,,,,
9781,0,0,0,0,0,0,0,-0.09,0,0,0.09,0,-0.09,0.09,0,,,,,
9791,0,0,0,0,0,0,-0.01,0.04,0,0,-0.04,0,0.03,-0.04,0,,,,,
9801,0,0,0,0,0,0,-0.02,-1.15,0,0,1.18,0,-1.17,1.18,0.01,,,,,
9811,0,0,0,0,0,0,-0.01,-0.37,0,0,0.38,0,-0.39,0.38,-0.01,,,,,
9821,0,0,0,0,0,0,-0.33,-2.75,0,0,3.57,0,-3.08,3.57,0.48,,,,,
9831,0,0,0,0,0,0,0,0,0,0,0,0,0,0,0,,,,,
9841,0,0,0,0,0,0,0,-0.02,0,0,0.02,0,-0.02,0.02,0,,,,,
9851,0,0,0,0,0,0,0,-0.08,0,0,0.08,0,-0.08,0.08,0,,,,,
9861,0,0,0,0,0,0,0,-0.07,0,0,0.07,0,-0.07,0.07,0,,,,,
9871,0,0,0,0,0,0,0,-0.06,0,0,0.06,0,-0.06,0.06,0,,,,,
9881,0,0,0,0,0,0,0,-0.1,0,0,0.1,0,-0.1,0.1,0,,,,,
9891,0,0,0,0,0,0,0,-0.09,0,0,0.09,0,-0.09,0.09,0,,,,,
9901,0,0,0,0,0,0,0,0.08,0,0,-0.08,0,0.08,-0.08,0,,,,,
9911,0,0,0,0,0,0,-1.69,-5.74,0,0,7.96,-0.05,-7.44,7.9,0.46,,,,,
9921,0,0,0,0,0,0,-6.42,-5.31,0,0,9.16,-0.91,-11.73,8.25,-3.48,,,,,
9931,0,0,0,0,0,0,-8.82,0.69,0,0,5.19,-1.19,-8.12,4,-4.12,,,,,
9941,0,0,0,0,0,0,0,-0.05,0,0,0.05,0,-0.05,0.05,0,,,,,
9951,0,0,0,0,0,0,-9.93,-14.21,0,0,15.33,-1.6,-24.14,13.73,-10.41,,,,,
9961,0,0,0,0,0,0,-6.21,-27.3,0,0,23.37,-1.62,-33.51,21.76,-11.75,,,,,
9971,0,0,0,0,0,0,-5.61,-18.47,0,0,17.66,-1.64,-24.08,16.02,-8.06,,,,,
9981,0,0,0,0,0,0,-11.9,-18.22,0,0,18.9,-2.19,-30.12,16.71,-13.41,,,,,
9991,0,0,0,0,0,0,-7.18,-5.23,0,0,10.08,-0.95,-12.41,9.13,-3.28,,,,,
10001,0,0,0,0,0,0,-6.03,-18.45,0,0,18.82,-1.04,-24.48,17.78,-6.7,,,,,
