GENERALIZED BORN:,,,,,,,,,,,,,,,,,,,,
Complex Energy Terms,,,,,,,,,,,,,,,,,,,,
Frame #,BOND,ANGLE,DIHED,UB,IMP,CMAP,VDWAALS,EEL,1-4 VDW,1-4 EEL,EGB,ESURF,GGAS,GSOLV,TOTAL,,,,,
1,1774.9,4474.12,5380.35,513.94,278.17,-188.35,-3957.59,-32469.27,1781.14,22708.64,-5948.92,162.09,296.07,-5786.82,-5490.75,,,,,
11,1855.37,4472.74,5331.3,514.5,277.69,-205.98,-3882.66,-32097.59,1757.81,22594.49,-6295.32,181.43,617.68,-6113.89,-5496.21,,,,,
21,1802.92,4493.53,5304.19,500.29,252.75,-174,-3864.24,-32001.66,1752.8,22641.04,-6463.51,183.92,707.62,-6279.6,-5571.98,,,,,
31,1796.62,4367.95,5298.13,520.03,267.63,-207.37,-3867.62,-32139.97,1733.03,22708.16,-6386.98,178.66,476.59,-6208.32,-5731.73,,,,,
41,1790.06,4563.56,5219.35,495.16,289.56,-193.9,-3889.38,-32111.29,1709.84,22637.24,-6330.55,183.22,510.2,-6147.34,-5637.13,,,,,
51,1789.95,4355.48,5261.47,507.61,276.46,-197.17,-3884.54,-32337.38,1728.37,22811.31,-6245.62,178.86,311.55,-6066.76,-5755.21,,,,,
61,1801.24,4498.82,5252.66,515.15,254.26,-191.78,-3896.52,-32118.95,1714.56,22705.73,-6391.69,180.28,535.18,-6211.4,-5676.23,,,,,
71,1825.87,4493.34,5260.18,505.29,284.72,-199.78,-3923.76,-31825.23,1712.62,22495.42,-6510.64,180.07,628.66,-6330.58,-5701.91,,,,,
81,1886.88,4497.44,5265.98,516.6,279.96,-180.41,-3896.06,-31959.61,1721.54,22667.33,-6545.16,183.2,799.65,-6361.95,-5562.31,,,,,
91,1802.28,4517.36,5247.41,519.53,257.13,-181.42,-3898.98,-32110.14,1726.14,22779.02,-6475.38,183.17,658.33,-6292.21,-5633.89,,,,,
101,1814.33,4500.08,5270.88,503.76,278.14,-191.89,-3919.22,-32125.76,1728.05,22725.14,-6402.01,178.96,583.52,-6223.05,-5639.53,,,,,
111,1890.93,4480.49,5255.27,510.09,263.91,-171.24,-3977.19,-32048.85,1729.48,22790.53,-6482.36,175.74,723.43,-6306.62,-5583.19,,,,,
121,1804.32,4442.25,5216.65,504.98,271.33,-163.05,-3910.03,-32249.27,1740.1,22823.72,-6387.02,183.04,480.99,-6203.98,-5722.99,,,,,
131,1770.01,4489.53,5305.59,520.49,273.04,-195.05,-3952.09,-31946.53,1740.97,22809.16,-6613.7,181.32,815.12,-6432.38,-5617.26,,,,,
141,1745.65,4459.72,5234.76,488.03,266.06,-215.78,-3913.5,-31920.01,1739.72,22757.49,-6586.39,182.57,642.14,-6403.82,-5761.68,,,,,
151,1849.93,4520,5251.3,523.47,290.32,-175.86,-3934.99,-32038.31,1734.08,22693.65,-6488.6,180.35,713.6,-6308.25,-5594.64,,,,,
161,1823.97,4465.98,5271.08,510.05,278.53,-190.88,-3897.59,-32216.38,1747.65,22708.46,-6368.29,183.94,500.88,-6184.35,-5683.47,,,,,
171,1830.24,4422.68,5262.16,489.71,299.16,-215.8,-3866.19,-32060.79,1746.11,22625.42,-6441.48,181.13,532.71,-6260.34,-5727.64,,,,,
181,1792.65,4515.28,5263.87,522.84,290.36,-174.76,-3915.73,-31954.71,1731.37,22592.57,-6475.71,179.64,663.74,-6296.08,-5632.33,,,,,
191,1849.79,4326.41,5291.4,490.89,278.47,-202.87,-3871.21,-32026.27,1738.73,22668.55,-6514.56,182.32,543.89,-6332.24,-5788.35,,,,,
201,1856.06,4402.15,5245.07,502.74,272.56,-202.27,-3862.45,-32075.94,1721.08,22692.09,-6448.53,184.12,551.09,-6264.4,-5713.31,,,,,
211,1790.48,4396.16,5229.88,491.98,261.8,-199.68,-3925.06,-31997.73,1750.91,22711.14,-6525.69,184.89,509.88,-6340.8,-5830.92,,,,,
221,1834.51,4421.62,5242.82,516.83,254.81,-232.53,-3861.31,-32209.86,1755.45,22796.21,-6406.3,182.34,518.56,-6223.96,-5705.41,,,,,
231,1830.03,4499.52,5254.3,502.28,278.42,-191.36,-3879.32,-31951.54,1721.85,22637.91,-6528.42,183.67,702.09,-6344.75,-5642.66,,,,,
241,1875.08,4421.28,5244.21,519.44,278.01,-167.61,-3849.43,-32100.5,1746.57,22659.53,-6489.07,185.62,626.59,-6303.45,-5676.87,,,,,
251,1877.57,4423.23,5257.23,508.42,286.04,-199.63,-3878.35,-31924.05,1741.73,22609.26,-6544.42,185.28,701.45,-6359.15,-5657.7,,,,,
261,1782.76,4491.55,5198.72,520.8,282.47,-193.48,-3933.7,-32148.96,1751,22723.45,-6409.74,182.33,474.61,-6227.41,-5752.8,,,,,
271,1845.21,4462.24,5229.92,505.9,277.27,-183.87,-3915.44,-32165.11,1763.62,22737.52,-6417.72,177.89,557.27,-6239.83,-5682.56,,,,,
281,1814.09,4506.6,5245.83,515.68,275.25,-190,-3863.4,-31992.26,1757.86,22617.45,-6516.13,183,687.09,-6333.13,-5646.04,,,,,
291,1826.39,4467.72,5195.7,505.17,273.84,-164.09,-3899.85,-32047.8,1742.96,22710.62,-6507.17,179.01,610.65,-6328.16,-5717.51,,,,,
301,1863.9,4419.45,5217.56,503.72,275.95,-193.1,-3914.79,-31973.02,1726.26,22644.14,-6485.26,180.63,570.07,-6304.62,-5734.56,,,,,
311,1830.01,4491.66,5251.52,504.58,251.5,-211.75,-3894.56,-32039.82,1692.26,22662.53,-6464.23,181.65,537.93,-6282.59,-5744.66,,,,,
321,1801.02,4492.27,5244.67,532.16,290.62,-196.87,-3929.45,-32004.05,1739.04,22591.01,-6465.69,176.5,560.43,-6289.19,-5728.76,,,,,
331,1829.24,4370.32,5275.04,498.73,277.46,-211.16,-3893.35,-32075.07,1730.6,22746.81,-6500.99,176.47,548.62,-6324.52,-5775.9,,,,,
341,1825.36,4497.14,5214.01,525.3,263.52,-212.56,-3900.36,-32119.4,1736.22,22721.07,-6405.54,176.96,550.3,-6228.58,-5678.29,,,,,
351,1806.49,4477.2,5250.18,507.22,272.5,-210.19,-3899.42,-32095.43,1762.32,22679.83,-6456.3,178.46,550.7,-6277.84,-5727.14,,,,,
361,1808.73,4413.16,5256.79,486.68,300.82,-190.85,-3916.05,-31875.9,1725.3,22560.38,-6502.99,177.13,569.06,-6325.87,-5756.81,,,,,
371,1747.34,4518.11,5213.37,517.93,260.71,-196.71,-3909.3,-32017.7,1756.57,22707.84,-6504.64,175.86,598.16,-6328.78,-5730.62,,,,,
381,1794.67,4422.99,5243.08,505.89,282.79,-200.04,-3893.53,-32033.52,1736.59,22749.67,-6538.33,180.8,608.57,-6357.53,-5748.96,,,,,
391,1848.3,4518.02,5256.25,501.04,270.09,-191.84,-3941.98,-31982.52,1719.65,22638.18,-6504.69,179.62,635.19,-6325.07,-5689.88,,,,,
401,1766.62,4473.56,5257.9,491.27,276.68,-194.81,-3888.05,-31916.18,1748.78,22709.08,-6637.2,184.99,724.85,-6452.21,-5727.36,,,,,
411,1820.23,4465.35,5222.43,509.06,304.98,-186.33,-3897.35,-31952.45,1698.23,22708.62,-6548.32,181.26,692.78,-6367.06,-5674.28,,,,,
421,1737.81,4414.61,5188.89,517.57,270.39,-169.73,-3889.4,-32035.93,1750.94,22810.76,-6618.72,183.41,595.89,-6435.31,-5839.42,,,,,
431,1724.3,4447.28,5188.81,485.13,288.93,-187.66,-3872.86,-31754.94,1757.71,22603.18,-6684.24,188.12,679.88,-6496.12,-5816.25,,,,,
441,1873.36,4496.99,5248.14,513.18,268.89,-213.09,-3863.73,-32052.15,1770.34,22756.96,-6564.77,182.37,798.88,-6382.4,-5583.52,,,,,
451,1867.13,4415.49,5217.88,494.99,270.65,-185.06,-3892.72,-32032.94,1741.1,22727.38,-6491.65,181.66,623.91,-6309.99,-5686.08,,,,,
461,1796.52,4466.44,5242.06,506.05,250.89,-157,-3905.75,-32121.29,1717.69,22826.9,-6467.63,181.22,622.5,-6286.41,-5663.91,,,,,
471,1796.96,4470.74,5170.18,508.36,282.38,-167.37,-3923.68,-32104.52,1755.65,22831.2,-6516.81,179.4,619.91,-6337.4,-5717.49,,,,,
481,1753.66,4460.91,5222.52,501.44,261.99,-185.18,-3912.17,-32034.38,1796.29,22836.14,-6547.66,179.55,701.22,-6368.11,-5666.89,,,,,
491,1764.01,4369.66,5270.52,501.48,263.77,-177.76,-3942.69,-32155.42,1767.68,22901.93,-6513.14,180.33,563.19,-6332.8,-5769.61,,,,,
501,1798.92,4534.86,5251.29,516.39,268.86,-193.08,-3899.08,-31932.4,1736.79,22650.74,-6583.09,181.88,733.29,-6401.22,-5667.93,,,,,
511,1795.99,4499.64,5202.67,520.56,269.12,-185.55,-3922.14,-32193.8,1714.69,22824.92,-6361.96,176.2,526.09,-6185.76,-5659.67,,,,,
521,1780.01,4487.37,5260.01,512.75,274.68,-181.31,-3897.67,-32081.67,1726.38,22722.13,-6496.09,182.44,602.69,-6313.65,-5710.96,,,,,
531,1808.4,4422.8,5229.64,511.02,304.34,-196.96,-3931.48,-32132.33,1731.76,22676.67,-6377.2,181.44,423.88,-6195.76,-5771.89,,,,,
541,1804.55,4480.54,5215.27,498.34,283.35,-204.69,-3883.23,-31863.66,1757.14,22652.92,-6572.41,182.8,740.52,-6389.62,-5649.1,,,,,
551,1787.09,4457.78,5236.12,506.25,263.28,-194.89,-3894.48,-31958.17,1754.97,22760.06,-6578.1,183.85,718.02,-6394.25,-5676.23,,,,,
561,1818.28,4489.86,5280.59,510.29,282.82,-204.61,-3935.88,-31960.72,1752.36,22704.3,-6572.18,182.2,737.28,-6389.98,-5652.7,,,,,
571,1848.63,4495.8,5219.44,523.5,284.98,-223.97,-3857.17,-31994.58,1741.7,22593.65,-6430.84,184.53,631.98,-6246.31,-5614.33,,,,,
581,1807.96,4429.99,5264.29,506.13,285.79,-184.35,-3868.08,-32042.38,1747.67,22663.52,-6467.45,184.51,610.53,-6282.93,-5672.4,,,,,
591,1789.37,4552.58,5256.84,519.94,288.37,-171.18,-3876.72,-31984.63,1776.75,22586,-6492.35,182.98,737.33,-6309.37,-5572.04,,,,,
601,1830.19,4423.91,5237.23,511.68,279.02,-203.98,-3886.42,-32065.17,1735.7,22680.65,-6454.69,189.02,542.8,-6265.67,-5722.87,,,,,
611,1773.22,4514.34,5221.32,505.56,278.91,-187.67,-3873.99,-32001.07,1709.74,22709.45,-6535.19,187.32,649.82,-6347.87,-5698.05,,,,,
621,1727.79,4501.15,5222.55,498.23,265.01,-190.98,-3916.04,-31967.37,1737.33,22597,-6443.72,188.56,474.65,-6255.16,-5780.5,,,,,
631,1802.8,4388.81,5231.98,493.07,256.47,-195.91,-3859.58,-31971.6,1755.48,22817.5,-6619.08,187.16,719,-6431.91,-5712.91,,,,,
641,1821.81,4450.74,5247.62,520.39,281.47,-209.46,-3910.76,-31827.52,1747.82,22651.28,-6621.75,183.53,773.38,-6438.23,-5664.84,,,,,
651,1810.15,4479.66,5220.56,501.09,267.58,-167.19,-3913.86,-31935.83,1742.53,22629.27,-6516.81,187.75,633.94,-6329.07,-5695.13,,,,,
661,1842.29,4469.44,5157.94,518.56,273.37,-220.8,-3861.21,-31811.46,1722.43,22687.15,-6647.59,188.34,777.7,-6459.25,-5681.55,,,,,
671,1807.32,4468.54,5194.32,517.3,280.49,-171.83,-3889.42,-31848.38,1743.63,22699.38,-6640.27,186.33,801.34,-6453.93,-5652.6,,,,,
681,1823.51,4456.32,5289.97,518.2,272.72,-199.21,-3895.2,-32016.43,1739.78,22643.98,-6427.08,181.81,633.64,-6245.27,-5611.63,,,,,
691,1824.65,4508.49,5217.54,518.14,278,-196.77,-3928.98,-31928.5,1749.67,22669.16,-6524.82,180.22,711.4,-6344.59,-5633.19,,,,,
701,1862.6,4540.46,5223.91,510.49,292.62,-200.09,-3878.85,-31731.93,1743.2,22685.61,-6772.49,186.02,1048.02,-6586.47,-5538.45,,,,,
711,1820.52,4507.62,5179.73,511.75,269.92,-190.57,-3934.25,-31797.3,1734.18,22673.38,-6664.14,184.66,775,-6479.49,-5704.49,,,,,
721,1768.63,4443.28,5256.25,502.81,269.46,-204.77,-3906.88,-31880.37,1751.51,22734.42,-6650.37,183.07,734.33,-6467.3,-5732.97,,,,,
731,1831.13,4455.03,5249.47,501.32,285.41,-204.85,-3915.24,-31992.17,1722.82,22671.65,-6482.55,183.1,604.56,-6299.45,-5694.89,,,,,
741,1834.67,4395.38,5220.48,505.11,269.48,-188.26,-3851.09,-32078.27,1729.7,22611.84,-6408.44,187.45,449.03,-6220.99,-5771.96,,,,,
751,1839.21,4480.05,5226.24,509.7,267.7,-201.94,-3879.41,-31887.09,1710.28,22578.62,-6535.98,190.04,643.36,-6345.94,-5702.58,,,,,
761,1850.99,4456.6,5199.39,494.93,276.38,-184.65,-3900.82,-32068.15,1727.38,22668.47,-6417.47,184.97,520.51,-6232.5,-5711.99,,,,,
771,1897.93,4374.57,5218.13,498.06,275.06,-193.55,-3917.47,-31944.78,1731.92,22668.37,-6523.4,184.85,608.25,-6338.56,-5730.31,,,,,
781,1789.18,4497.97,5229.1,507.5,284.85,-187.77,-3894.38,-32160.72,1756.53,22780.66,-6393.24,182.73,602.93,-6210.5,-5607.58,,,,,
791,1795.01,4453.57,5212.82,500.47,276.44,-190.67,-3926.36,-31939.3,1738.3,22695.99,-6570.7,183.29,616.26,-6387.41,-5771.15,,,,,
801,1830.93,4539.61,5190.26,503.18,279.01,-165.92,-3895.55,-32114.8,1718.52,22668.81,-6418.83,183.68,554.06,-6235.16,-5681.1,,,,,
811,1781.05,4514.52,5217.27,510.31,284.21,-208.34,-3882.16,-32118.35,1743.99,22717.09,-6427.69,188.51,559.59,-6239.18,-5679.59,,,,,
821,1818.54,4416.7,5252.92,520.01,284.26,-189.15,-3822.33,-32165.52,1753.75,22600.27,-6343.43,183.03,469.45,-6160.4,-5690.95,,,,,
831,1844.72,4409.16,5217.45,514.61,291.58,-190.74,-3877.68,-32135.74,1731.14,22724.04,-6460.82,183.34,528.53,-6277.48,-5748.95,,,,,
841,1834.94,4463.19,5196.06,499.52,266.92,-198.64,-3926.74,-31860.39,1705.37,22511.43,-6497.84,183.99,491.65,-6313.85,-5822.19,,,,,
851,1789.25,4429.19,5219.51,507.96,269.84,-203.25,-3884.86,-32085.35,1731.72,22582.53,-6389.18,182.23,356.55,-6206.95,-5850.4,,,,,
861,1812.42,4400.37,5261.56,502.85,286.08,-168.64,-3889.64,-32122.34,1741.83,22670.67,-6357.54,184.68,495.17,-6172.86,-5677.69,,,,,
871,1823.8,4439.76,5238.08,529.09,262.72,-211.07,-3899,-31998.15,1746.38,22625.96,-6472.25,186.11,557.56,-6286.14,-5728.58,,,,,
881,1861.87,4504.59,5214.88,511.37,295.97,-202.56,-3899.34,-31928.65,1713.24,22566.02,-6483.59,186.06,637.38,-6297.53,-5660.15,,,,,
891,1805.67,4464.36,5211.13,513.92,267.26,-166.96,-3860.28,-31906.57,1743.66,22563.76,-6471.58,187.13,635.96,-6284.45,-5648.49,,,,,
901,1882.48,4422.96,5230.94,519.37,281.31,-190.55,-3918.16,-31923.34,1708.15,22624.18,-6542.38,184.81,637.34,-6357.57,-5720.23,,,,,
911,1819.64,4553.8,5221.49,515.26,277.56,-180.66,-3882.25,-31964.64,1746.49,22496.6,-6397.94,184.48,603.29,-6213.46,-5610.17,,,,,
921,1841.78,4551.7,5248.39,509.19,293.88,-227.67,-3891.29,-32020.06,1733.49,22574.17,-6411.38,185.23,613.57,-6226.15,-5612.58,,,,,
931,1830.98,4499.14,5236.45,500.82,283.5,-200.99,-3931.82,-31799.11,1703.22,22586.76,-6619.73,184.41,708.95,-6435.32,-5726.37,,,,,
941,1797.51,4511.15,5239.45,508.19,277.76,-188.83,-3891.23,-31833.98,1727.71,22684.16,-6678.48,190.89,831.89,-6487.59,-5655.7,,,,,
951,1831.69,4501.14,5224.74,504.2,280.12,-194.06,-3848.57,-31841.34,1760.24,22657.24,-6671.21,187.9,875.4,-6483.31,-5607.91,,,,,
961,1822.64,4396.57,5237.8,503.12,300.69,-205.01,-3862.96,-31807.88,1733.99,22575.76,-6624.06,187.32,694.72,-6436.74,-5742.02,,,,,
971,1816.35,4407.26,5219.72,501.36,278.69,-200.91,-3878.87,-32071.2,1779.42,22705.64,-6467.58,185.8,557.46,-6281.77,-5724.32,,,,,
981,1838.3,4377.16,5234.22,505.64,266.28,-188.93,-3907.02,-31852.92,1745.79,22676.18,-6605.99,187.1,694.71,-6418.89,-5724.18,,,,,
991,1848.53,4440.21,5231.64,514.43,290.27,-182.13,-3901.99,-32042.05,1741.23,22573.17,-6407.61,184.35,513.3,-6223.26,-5709.96,,,,,
1001,1791.26,4524.21,5244.55,499.65,273.11,-176.77,-3912.06,-31816.38,1773.72,22564.31,-6594.96,184.35,765.59,-6410.62,-5645.03,,,,,
1011,1904.71,4496.36,5194.9,518.71,307.2,-192.6,-3872.21,-31812.33,1714.67,22497.14,-6550.99,189.89,756.54,-6361.1,-5604.56,,,,,
1021,1855.94,4452.86,5272.35,510.46,282.93,-202.63,-3873.38,-31911.45,1733.74,22537.93,-6481.66,185.56,658.75,-6296.1,-5637.35,,,,,
1031,1816.67,4434.38,5194.19,497.66,275.85,-205.2,-3882.47,-31868.21,1762.04,22639.86,-6562.43,185.71,664.76,-6376.71,-5711.96,,,,,
1041,1793.09,4382.82,5247.86,492.47,263.23,-207.46,-3892.72,-31710.93,1747.33,22565.88,-6698.48,185.6,681.57,-6512.88,-5831.31,,,,,
1051,1810.97,4390.34,5196.53,503.92,273.78,-200.06,-3900.55,-31889.35,1728.57,22699.01,-6589.32,183.21,613.15,-6406.11,-5792.96,,,,,
1061,1852.17,4464.79,5239.51,504.52,279.25,-202.79,-3852.73,-31655.05,1739.11,22575.09,-6766.16,190.86,943.86,-6575.3,-5631.44,,,,,
1071,1818.29,4392.87,5229.97,498.73,282.55,-187.22,-3907.62,-31628.17,1756.77,22543.21,-6739.92,185.27,799.4,-6554.65,-5755.25,,,,,
1081,1762.41,4384.42,5229.14,505.89,270.89,-196.21,-3854.24,-31799.73,1770.3,22687.74,-6646.3,188.35,760.61,-6457.95,-5697.35,,,,,
1091,1841.07,4446.85,5244.58,514.78,265.72,-198.9,-3840.62,-31904.86,1738.25,22661.68,-6578.41,185.11,768.56,-6393.29,-5624.74,,,,,
1101,1845.51,4347.37,5215.54,508.38,281.71,-203.12,-3843.69,-32187.59,1747.19,22756.39,-6380.49,182.48,467.7,-6198,-5730.31,,,,,
1111,1837.64,4499.23,5213.44,524.82,274.75,-172.31,-3840.66,-31885.81,1719.2,22586.94,-6555.2,190.83,757.24,-6364.37,-5607.14,,,,,
1121,1793.82,4422.82,5216.8,501.44,272.85,-201.2,-3910.72,-31822.22,1741.21,22624.48,-6609.03,189.73,639.28,-6419.31,-5780.02,,,,,
1131,1913.25,4441.69,5274.52,514.12,292.34,-186.77,-3908.42,-31743.87,1727.55,22537.32,-6655.07,187.81,861.74,-6467.26,-5605.52,,,,,
1141,1843.67,4419.4,5218.73,512.62,293.99,-167.3,-3886.38,-32041.01,1748.39,22749.89,-6564.04,186.75,691.99,-6377.29,-5685.3,,,,,
1151,1765.65,4447.21,5210.11,494.84,284.95,-215.77,-3914.41,-31883.42,1753.62,22608.05,-6527.09,185.76,550.84,-6341.33,-5790.49,,,,,
1161,1813.82,4453.19,5243.67,512.18,275.27,-161.25,-3879.31,-32011.42,1742.17,22743.75,-6507.2,185.58,732.06,-6321.62,-5589.56,,,,,
1171,1875.2,4393.35,5261.79,509.07,293.36,-192.62,-3933.68,-31769.45,1729.44,22650.38,-6665.98,186.99,816.82,-6478.99,-5662.18,,,,,
1181,1895.51,4435.95,5242.93,525.57,273.38,-189.27,-3900.04,-31977.79,1740.52,22615.13,-6483.9,185.2,661.88,-6298.7,-5636.82,,,,,
1191,1901.77,4477.53,5214.11,518.67,288.85,-166.8,-3927.96,-31681.31,1721.48,22501.57,-6639.39,183.24,847.92,-6456.16,-5608.24,,,,,
1201,1818.53,4419.64,5234.76,501.85,278.4,-218.83,-3923.49,-31860.56,1749.71,22622.24,-6546.44,184.34,622.26,-6362.1,-5739.84,,,,,
1211,1838.72,4446.41,5259.98,504.8,281.71,-176.19,-3934.27,-31985.17,1739.33,22723.47,-6476.5,182.71,698.8,-6293.78,-5594.98,,,,,
1221,1801.39,4409.34,5249,518.21,292.19,-207.84,-3873.44,-31848.83,1756.98,22668.42,-6609.83,183.75,765.42,-6426.08,-5660.67,,,,,
1231,1786.02,4454.4,5195.82,494.98,257.15,-179.02,-3924.53,-31586.59,1713.14,22648.57,-6837.01,186.32,859.95,-6650.69,-5790.75,,,,,
1241,1805.37,4359.63,5241.87,512.2,285.69,-188.17,-3903.87,-31849.92,1743.09,22652.33,-6590.63,185.16,658.22,-6405.46,-5747.25,,,,,
1251,1785.11,4460.72,5168.97,489.52,271.9,-190.73,-3918.09,-31595.73,1728.41,22612,-6780.13,186.19,812.08,-6593.94,-5781.86,,,,,
1261,1734.23,4402.26,5214.56,509.27,269.41,-183.61,-3905.46,-31854.94,1791.41,22702.34,-6602.61,182.53,679.46,-6420.08,-5740.62,,,,,
1271,1893.04,4419.68,5225.02,499.62,301.23,-192.28,-3870.14,-31906.32,1721.22,22764.1,-6627.95,187.44,855.18,-6440.51,-5585.33,,,,,
1281,1772.24,4402.21,5222.56,497.28,253.33,-189.82,-3908.3,-32034.9,1735.95,22704.13,-6453.69,182.92,454.69,-6270.77,-5816.08,,,,,
1291,1743.75,4484.11,5239.47,500.39,278.73,-164.38,-3874.17,-31677.01,1718.68,22623.37,-6704.16,185.29,872.95,-6518.87,-5645.93,,,,,
1301,1839.58,4381.95,5247.15,518.96,277.18,-214.08,-3893.27,-31731.6,1700.16,22704.4,-6723.65,185.24,830.43,-6538.41,-5707.98,,,,,
1311,1815.44,4375.43,5249.82,513.26,294.15,-190.3,-3904.18,-31687.86,1774.21,22690.4,-6780.58,187.42,930.37,-6593.16,-5662.79,,,,,
1321,1788.24,4408.1,5212.61,495.89,265.64,-212.81,-3854.9,-31820.79,1729.8,22703.77,-6687.26,189.62,715.55,-6497.64,-5782.09,,,,,
1331,1755.45,4350.75,5250.13,494.27,278.09,-190.75,-3913.87,-31741.81,1775.41,22706.12,-6712.75,185.47,763.78,-6527.28,-5763.5,,,,,
1341,1813.38,4421.88,5178.09,512.15,282.2,-193.63,-3897.98,-31752.05,1756.28,22705.53,-6694.56,185.88,825.84,-6508.68,-5682.84,,,,,
1351,1854.46,4388.01,5184.62,495.95,273.87,-180.38,-3891.37,-31826.22,1754.29,22821.69,-6772.21,190.4,874.91,-6581.81,-5706.9,,,,,
1361,1811.53,4457.99,5227.05,508.44,271.81,-207.13,-3856,-31407.3,1727.07,22614.27,-7007.08,194.14,1147.74,-6812.94,-5665.21,,,,,
1371,1841.26,4496.95,5192.96,509.39,292.24,-186.16,-3897.66,-31407.93,1721.88,22658.6,-7007.63,192.44,1221.54,-6815.19,-5593.65,,,,,
1381,1833.98,4433.91,5223.23,498.35,274.6,-161.78,-3852.5,-31530.48,1745.55,22623.21,-6870.88,190.94,1088.06,-6679.95,-5591.89,,,,,
1391,1882.09,4388.18,5211.32,520,288.68,-184.41,-3932.92,-31854.65,1731.86,22807.26,-6722.17,189.6,857.42,-6532.57,-5675.15,,,,,
1401,1810.34,4474.46,5226.64,502.46,280.79,-185.35,-3930.92,-31760.91,1747.85,22733.56,-6684.16,189.85,898.93,-6494.3,-5595.38,,,,,
1411,1888.17,4370.13,5183.57,515.73,259.6,-184,-3889,-31756.92,1762.38,22724.64,-6687.43,185.04,874.29,-6502.39,-5628.11,,,,,
1421,1790.55,4473.11,5248.9,526.61,260,-177.9,-3856.94,-31864.8,1720.11,22651.44,-6596.28,188.79,771.07,-6407.49,-5636.41,,,,,
1431,1828.72,4444.6,5168.54,527.18,273.58,-181.19,-3915.79,-31600.56,1745.33,22545.04,-6752.82,189.49,835.47,-6563.33,-5727.86,,,,,
1441,1786.65,4416.79,5171.16,514.59,263.3,-174.31,-3863.55,-31799.05,1744.19,22722.04,-6742.51,192.87,781.8,-6549.65,-5767.84,,,,,
1451,1807.83,4520.53,5196.74,529.36,281.66,-180.63,-3870.93,-31619.41,1725.56,22513.73,-6762.62,190.83,904.44,-6571.79,-5667.35,,,,,
1461,1834.37,4407.17,5215.42,501.92,282.85,-172.94,-3900.2,-31657.75,1729.93,22657.53,-6789.94,190.97,898.3,-6598.97,-5700.67,,,,,
1471,1798.28,4461.53,5211.53,510.85,257.59,-202.52,-3917.13,-31497.53,1763.22,22662.76,-6926.89,186.83,1048.58,-6740.05,-5691.47,,,,,
1481,1836.61,4385.35,5192.07,505.43,271.48,-176,-3888.67,-31553.63,1748.47,22713.41,-6875.92,186.21,1034.53,-6689.71,-5655.18,,,,,
1491,1732.1,4426.9,5172.6,506.61,265.68,-163.42,-3903.84,-31679.36,1747.72,22687.93,-6780.34,187.55,792.91,-6592.8,-5799.89,,,,,
1501,1872.07,4407.42,5235.06,505.79,274.86,-149.79,-3901.53,-31627.39,1728.45,22615.78,-6794.4,184.87,960.71,-6609.53,-5648.83,,,,,
1511,1805.23,4403.49,5153.2,495.23,292.7,-177.15,-3904.45,-31967.4,1732.51,22623.18,-6531.77,183.34,456.53,-6348.43,-5891.91,,,,,
1521,1827.42,4486.42,5208.92,499,294.52,-190.63,-3951.12,-31531.68,1680.74,22576.9,-6844.94,184.96,900.5,-6659.99,-5759.49,,,,,
1531,1795.36,4397.68,5203.98,507.23,281.36,-180.95,-3933.75,-31798.74,1749.71,22759.75,-6711.81,184.1,781.64,-6527.71,-5746.07,,,,,
1541,1791.42,4419.5,5164.96,499.34,279.7,-186.03,-3923.68,-31684.91,1740.58,22728.2,-6788.59,182.13,829.06,-6606.46,-5777.4,,,,,
1551,1887.85,4412.27,5217.4,502.56,283.15,-178.97,-3938.8,-31760.23,1713.15,22654.52,-6689.65,181.28,792.91,-6508.36,-5715.45,,,,,
1561,1869.78,4424.39,5211.36,509.55,285.99,-198.98,-3901.87,-31634.09,1741.02,22655.58,-6810.12,183.87,962.73,-6626.25,-5663.52,,,,,
1571,1735.67,4450.01,5254.98,514.2,279.25,-185.27,-3892.14,-31695.31,1736.76,22747.85,-6819.29,182.57,945.99,-6636.72,-5690.73,,,,,
1581,1819.16,4476.11,5200.88,500.2,275.04,-194.8,-3945.47,-31678,1712.98,22762.67,-6785.57,184.77,928.78,-6600.8,-5672.03,,,,,
1591,1868.33,4464.29,5199.15,498.93,288.36,-190.97,-3919.8,-31661.42,1733.8,22735.95,-6836.66,184.15,1016.63,-6652.5,-5635.88,,,,,
1601,1717.27,4440.5,5196.34,505.71,285.42,-213.56,-3872.67,-31763.56,1709.1,22823.06,-6835.05,187.21,827.6,-6647.84,-5820.24,,,,,
1611,1830.96,4426.95,5225.48,494.28,295.32,-191.81,-3901.71,-31631.1,1738.98,22722.47,-6845.95,185.86,1009.81,-6660.09,-5650.28,,,,,
1621,1767.74,4425.13,5217.42,504.32,276.28,-186.3,-3882.75,-31570.7,1736.24,22651.93,-6908.73,188.45,939.31,-6720.27,-5780.96,,,,,
1631,1833.91,4405.47,5187.53,509.06,261.71,-185.5,-3855.21,-31724.01,1729.76,22724,-6873.46,188.47,886.73,-6684.99,-5798.26,,,,,
1641,1871.51,4469.89,5235.95,516.65,268.97,-179.81,-3900.14,-31593.54,1753.3,22643.89,-6874.04,189.44,1086.67,-6684.6,-5597.92,,,,,
1651,1855.42,4460.92,5244.26,494.49,280.26,-177.8,-3895.48,-31639.87,1713.42,22740.38,-6918.94,184.48,1076.01,-6734.46,-5658.45,,,,,
1661,1853.14,4361.92,5176.61,522.67,281.13,-151.65,-3899.07,-31803.6,1734.86,22739.06,-6724.16,181.29,815.07,-6542.87,-5727.8,,,,,
1671,1859.42,4425.89,5211.63,506.56,293.19,-198.56,-3883.85,-31792.74,1741,22688.78,-6764.38,185.56,851.33,-6578.81,-5727.49,,,,,
1681,1796.67,4468.93,5215.92,506.06,260.26,-180.01,-3906.16,-31933.56,1740.6,22851.39,-6672.17,189.14,820.1,-6483.03,-5662.93,,,,,
1691,1844.95,4399.58,5182.35,501.57,267.72,-193.13,-3904.13,-31917.25,1709.82,22744.39,-6640.33,187.53,635.87,-6452.79,-5816.92,,,,,
1701,1806.06,4423.86,5226.66,488.72,261.86,-186.7,-3872.6,-31793.28,1768.61,22708.57,-6751.86,186.35,831.77,-6565.51,-5733.74,,,,,
1711,1838,4552.39,5207.88,508.65,281.1,-195.09,-3926.62,-31558.39,1741.34,22721.25,-6877.46,186.17,1170.5,-6691.28,-5520.78,,,,,
1721,1804.76,4438.23,5224.71,498.56,286.1,-199.99,-3854.24,-31675.15,1772.55,22729.01,-6825.21,187.54,1024.55,-6637.67,-5613.12,,,,,
1731,1818.58,4521.28,5223.94,525.01,291.13,-178.34,-3915.68,-31714.14,1739.7,22715.25,-6787.1,186.8,1026.73,-6600.3,-5573.57,,,,,
1741,1821.83,4420.34,5228.49,495.71,282.85,-207.3,-3884.81,-31923.25,1726.18,22733.69,-6620.29,180.79,693.72,-6439.5,-5745.77,,,,,
1751,1820.21,4464.22,5217.85,512.49,278.05,-180.41,-3844.03,-31765.45,1724.77,22656,-6746.08,185.72,883.7,-6560.36,-5676.66,,,,,
1761,1786.2,4439.08,5282.77,510.87,281.22,-194.36,-3877.19,-31940.53,1744.11,22724.33,-6595.91,180.76,756.49,-6415.14,-5658.65,,,,,
1771,1776.16,4478.77,5242.17,516.87,270.28,-186.05,-3926.44,-31561.96,1715.13,22571.77,-6824.47,187.33,896.7,-6637.14,-5740.44,,,,,
1781,1720.3,4472.67,5211.06,501.22,276.68,-196.81,-3936.3,-31648.36,1748.13,22676.9,-6767.65,182.82,825.49,-6584.84,-5759.34,,,,,
1791,1802.28,4466.47,5310.41,514.13,285.78,-184.73,-3919.15,-31861.44,1754.92,22636.42,-6589.24,180.86,805.1,-6408.38,-5603.28,,,,,
1801,1800.38,4466.01,5166.78,507.52,283.05,-170.56,-3938.77,-31763.22,1701.8,22635.15,-6651.85,183.91,688.15,-6467.94,-5779.79,,,,,
1811,1816.5,4354.4,5279.78,491.42,257.57,-206.22,-3878.35,-31824.82,1761.25,22615.22,-6591.25,183.88,666.74,-6407.38,-5740.63,,,,,
1821,1845.87,4434.99,5221.32,523.51,280.48,-186.67,-3852.41,-31799,1704.93,22546.26,-6622.44,186.52,719.26,-6435.92,-5716.66,,,,,
1831,1834.86,4339.38,5254.88,502.26,282.86,-199.36,-3896.73,-31916.18,1729.12,22684.78,-6512.75,182.99,615.88,-6329.76,-5713.89,,,,,
1841,1802.95,4546.74,5239.33,520.09,278.28,-189.99,-3880.17,-31711.1,1756.15,22584.5,-6722.68,188.1,946.8,-6534.58,-5587.79,,,,,
1851,1845.48,4433.07,5247.39,499.2,285.67,-189.51,-3895.34,-31602.09,1728.04,22573.73,-6783.95,187.88,925.62,-6596.08,-5670.45,,,,,
1861,1760.74,4449.47,5207.76,506.32,274.9,-188.25,-3892.89,-31824.25,1749.38,22668.7,-6638.57,182.69,711.87,-6455.89,-5744.02,,,,,
1871,1850.62,4435.63,5239.49,514.51,284.62,-168.54,-3919.56,-31890.9,1736.75,22711.27,-6604.52,179.69,793.89,-6424.83,-5630.94,,,,,
1881,1825.6,4482.85,5175.06,497.64,258.75,-170.47,-3920.21,-31982.3,1728.19,22559.25,-6436.33,180.38,454.35,-6255.95,-5801.6,,,,,
1891,1755.81,4440.75,5190.69,506.87,251.59,-171.07,-3881.75,-31847.03,1749.61,22614.66,-6590.57,181.61,610.11,-6408.96,-5798.85,,,,,
1901,1777.57,4396.67,5247.09,511.33,293.75,-180.74,-3951.91,-31978.62,1726.67,22764.36,-6514.15,178.42,606.17,-6335.73,-5729.56,,,,,
1911,1819.57,4400.02,5230.87,513.22,279.49,-168.1,-3868.84,-31875.41,1730.4,22577.48,-6551.94,184.47,638.71,-6367.47,-5728.76,,,,,
1921,1836,4393.1,5215.81,486.27,268.85,-189.45,-3904.99,-32103.3,1733.16,22783.99,-6431.17,180.66,519.43,-6250.52,-5731.08,,,,,
1931,1869.1,4353.76,5287.65,495.54,276.9,-177.18,-3971.92,-31890.37,1720.38,22656.12,-6575.82,182.77,619.98,-6393.05,-5773.07,,,,,
1941,1836.91,4402.47,5267.49,500.19,274.28,-196.84,-3871.66,-31913.52,1754.15,22735.58,-6651,184.23,789.05,-6466.77,-5677.72,,,,,
1951,1833.71,4423.18,5248.89,509.68,275.29,-198.86,-3952.76,-31929.8,1715.4,22697.92,-6587.27,182.35,622.66,-6404.92,-5782.26,,,,,
1961,1829.43,4415.89,5259.77,501.9,281.3,-182.05,-3957.94,-31917.72,1743.08,22660.89,-6574.11,183.84,634.55,-6390.27,-5755.72,,,,,
1971,1849.91,4423.81,5199.05,490.35,271.87,-176.52,-3857.56,-31856.62,1710.59,22684.99,-6683.26,186.27,739.86,-6496.99,-5757.13,,,,,
1981,1825.79,4502.17,5227.66,509.09,283.61,-181.42,-3893.67,-31632.02,1764.28,22606.59,-6779.92,186.77,1012.09,-6593.16,-5581.07,,,,,
1991,1795.83,4441.71,5206.8,505.91,293.56,-174.47,-3903.13,-31833.72,1743.07,22754.02,-6650.76,185.48,829.58,-6465.28,-5635.69,,,,,
2001,1804.97,4481.41,5206.43,532.44,284.96,-174.85,-3875.79,-31899.47,1738.13,22784.12,-6644.49,188.51,882.34,-6455.98,-5573.64,,,,,
2011,1844.13,4421.02,5286.65,515.69,276.13,-176.12,-3890.83,-32200.91,1770.2,22700.48,-6380.68,180.6,546.45,-6200.08,-5653.63,,,,,
2021,1862.69,4395.15,5236.46,491.17,276.91,-172.53,-3878.59,-31918.26,1741.83,22709,-6591.81,180.46,743.82,-6411.35,-5667.53,,,,,
2031,1812.2,4317.73,5212.43,497.77,281.88,-158.1,-3886.16,-31855.09,1708.62,22794.87,-6690.1,183.44,726.15,-6506.65,-5780.5,,,,,
2041,1913.64,4389.89,5211.97,507.37,272.51,-210.94,-3872.57,-31835.71,1728.51,22762.82,-6696.36,185.94,867.48,-6510.42,-5642.94,,,,,
2051,1788.99,4512.04,5246.74,517.02,275.83,-181.73,-3891.3,-31510.8,1722.91,22626.76,-6896.18,190.23,1106.46,-6705.95,-5599.49,,,,,
2061,1822.01,4447.32,5214.97,505.34,274.33,-207.75,-3914.92,-31644.9,1738.61,22635.99,-6772.16,182.34,871.01,-6589.82,-5718.82,,,,,
2071,1904.15,4391.57,5253.1,518.93,297.4,-186.27,-3900.6,-31842.11,1704,22718.88,-6678.19,180.94,859.05,-6497.25,-5638.2,,,,,
2081,1830.86,4512.11,5238.9,508.72,289.9,-198.91,-3917.83,-31835.22,1736.59,22684.75,-6608.46,184.12,849.85,-6424.34,-5574.49,,,,,
2091,1861.97,4413.87,5213.26,511.39,274.13,-189.61,-3886.3,-31747.44,1731.11,22669.41,-6718.48,185.36,851.78,-6533.12,-5681.34,,,,,
2101,1775.44,4443.59,5230.02,500.13,300.52,-187.35,-3917.92,-32030.25,1765.54,22808.45,-6532.54,184.79,688.17,-6347.75,-5659.58,,,,,
2111,1950.06,4504.61,5225.18,527.26,261.68,-175.45,-3932.37,-31776.28,1701.51,22717.3,-6750.8,186.1,1003.51,-6564.7,-5561.19,,,,,
2121,1803.01,4500.53,5173.52,518.58,269.35,-189.74,-3872.43,-31893.46,1762.52,22767.1,-6712.05,187.09,838.98,-6524.96,-5685.98,,,,,
2131,1840.45,4443.18,5232.46,497.69,270.33,-190.91,-3885.51,-31723.67,1743.24,22782.18,-6812.5,186.79,1009.43,-6625.71,-5616.28,,,,,
2141,1795.27,4355.85,5223.42,502.33,256.12,-173.76,-3864.56,-32094.73,1746.66,22910.84,-6627.39,186.89,657.44,-6440.5,-5783.06,,,,,
2151,1774.74,4465.66,5210.24,513.29,259.48,-165.42,-3908.22,-31782,1736.66,22752.79,-6718.43,186.72,857.2,-6531.71,-5674.51,,,,,
2161,1815.79,4404.18,5215.33,503.3,270.58,-211.55,-3931.94,-31649.44,1722.37,22779.23,-6838.93,184.79,917.86,-6654.13,-5736.27,,,,,
2171,1817.92,4463.44,5237.02,505.73,254.37,-185.27,-3927.54,-31799.98,1725.74,22731.51,-6708.9,184.8,822.94,-6524.1,-5701.15,,,,,
2181,1812.47,4506.31,5242.66,530.17,285.76,-216.01,-3921.9,-31956.81,1739.77,22806.16,-6613.71,183.84,828.6,-6429.88,-5601.28,,,,,
2191,1815.56,4408.1,5267.06,501.79,272.25,-185.64,-3911.06,-31951.83,1721.33,22680.33,-6532.48,181.8,617.89,-6350.67,-5732.79,,,,,
2201,1810.22,4313.78,5237.3,514.09,277.95,-169.38,-3906.89,-31663.36,1727.63,22719.27,-6834.71,183.77,860.6,-6650.94,-5790.35,,,,,
2211,1791.57,4430.7,5272.6,498.58,264.45,-187.39,-3942.61,-31681.9,1716.08,22780.37,-6828.43,185.98,942.46,-6642.46,-5699.99,,,,,
2221,1803.37,4445.58,5251,517.94,286.75,-176.45,-3935.26,-31670.3,1717.75,22682.99,-6787.66,182.6,923.36,-6605.07,-5681.71,,,,,
2231,1799.15,4433.76,5276.64,494.9,276.91,-215.77,-3863.13,-31855.07,1707.36,22737.37,-6653.54,186.47,792.12,-6467.07,-5674.95,,,,,
2241,1763.8,4473.85,5225.76,510.45,267.88,-189.35,-3836.5,-31803.6,1742.46,22709.31,-6718.85,186.56,864.06,-6532.29,-5668.22,,,,,
2251,1754.2,4432.67,5251.47,518.92,260.62,-189.97,-3914.21,-31840.64,1738.91,22832.71,-6722.54,185.33,844.68,-6537.21,-5692.53,,,,,
2261,1775.45,4408.4,5253.46,493.25,254.16,-211.71,-3877.8,-31839.23,1714.99,22706.99,-6663.59,183.87,677.95,-6479.73,-5801.77,,,,,
2271,1822.38,4418.9,5262.83,502.33,274.3,-186.88,-3924.69,-31748.24,1695.36,22665.47,-6688.21,183.35,781.74,-6504.86,-5723.12,,,,,
2281,1765.23,4460.58,5262.24,523.54,280.43,-215.47,-3919.62,-31771.23,1708.26,22750.92,-6725.42,184.25,844.88,-6541.16,-5696.28,,,,,
2291,1864.2,4479.02,5249.13,524.6,265.28,-204.55,-3981.9,-31680.66,1710.97,22752.13,-6778.2,183.95,978.23,-6594.25,-5616.01,,,,,
2301,1818.63,4441.02,5243.48,509.07,283.44,-204.45,-3947.23,-31853.48,1711.22,22744.72,-6679.62,181.78,746.42,-6497.84,-5751.43,,,,,
2311,1821.78,4453.86,5194.41,503.79,259.54,-201.86,-3888.47,-31704.14,1747.04,22705.59,-6736.28,183.02,891.53,-6553.26,-5661.73,,,,,
2321,1789.23,4388.07,5212.28,503.73,279.52,-200.75,-3882.5,-31613.48,1732.38,22708.31,-6841.03,191.42,916.78,-6649.61,-5732.84,,,,,
2331,1783.72,4453.86,5173.6,515.42,288.54,-183.82,-3900.15,-31695.11,1746.06,22769.91,-6847.59,189.09,952.04,-6658.51,-5706.47,,,,,
2341,1780.77,4492.92,5234.1,519.8,286.56,-187.14,-3882.95,-31808.82,1717.43,22674.1,-6661.84,183.85,826.79,-6477.98,-5651.2,,,,,
2351,1862.77,4396.81,5205.16,514.75,262.09,-200.94,-3934.57,-31660.45,1743.21,22759.32,-6793.19,186.63,948.14,-6606.56,-5658.43,,,,,
2361,1834.58,4398.25,5223.7,497.07,258.39,-199.27,-3826.37,-31686.98,1712.45,22732.4,-6845.72,188.24,944.22,-6657.48,-5713.25,,,,,
2371,1844.71,4401.82,5247.38,506.11,279.26,-220.81,-3903.05,-31600.79,1721.08,22638.6,-6801.23,186.47,914.31,-6614.76,-5700.45,,,,,
2381,1754.92,4452.19,5238.78,504.14,295.3,-162.32,-3942.51,-31695.72,1732.89,22726.57,-6767.8,182.12,904.22,-6585.68,-5681.46,,,,,
2391,1810.47,4461.04,5248.53,499.34,292.46,-190.27,-3932.23,-31894.99,1711.04,22817.96,-6709.36,182.38,823.34,-6526.98,-5703.63,,,,,
2401,1846.86,4417.17,5221.31,493.8,270.95,-193,-3888.29,-31843.21,1731.62,22718.67,-6703.07,185.01,775.89,-6518.06,-5742.17,,,,,
2411,1871.98,4405.68,5263.51,496.38,268.53,-173.12,-3878.92,-31831.29,1730.5,22597.34,-6652.29,187.3,750.59,-6464.99,-5714.4,,,,,
2421,1861.29,4337.96,5205.81,488.04,262.97,-195.43,-3893.35,-32118.32,1714.41,22687.27,-6399.42,180.23,350.66,-6219.19,-5868.53,,,,,
2431,1802.68,4361.29,5182.38,503.44,294.06,-171.17,-3915.08,-31802.98,1754.18,22713.95,-6678.13,183.38,722.76,-6494.75,-5771.99,,,,,
2441,1856.75,4418.78,5208.24,510.12,287.95,-194.37,-3885.03,-31750.35,1725.15,22593.48,-6635.26,182.67,770.72,-6452.59,-5681.87,,,,,
2451,1814.24,4482.61,5220.02,509.69,284.81,-181.58,-3886.27,-31757.08,1743.42,22663.09,-6664.55,184.94,892.95,-6479.61,-5586.66,,,,,
2461,1827.97,4320.42,5202.57,513.02,296.77,-187.39,-3866.94,-31712.7,1749.59,22627.43,-6722.95,188.75,770.75,-6534.2,-5763.45,,,,,
2471,1789.91,4454.09,5228.75,505.57,256.83,-159.56,-3926.51,-31900.79,1734.21,22656.9,-6523.64,182.51,639.41,-6341.13,-5701.72,,,,,
2481,1829,4409.5,5236.28,506.25,268.93,-170.69,-3913.76,-31750.15,1735.78,22701.46,-6682.32,183.71,852.61,-6498.61,-5646,,,,,
2491,1873.53,4535.45,5185.96,515.16,275.02,-193.88,-3902.93,-31628.33,1726.96,22611.85,-6828.77,186.12,998.79,-6642.66,-5643.86,,,,,
2501,1876.78,4498.46,5244.9,518.07,295.53,-176.34,-3923.81,-31657.85,1713.48,22660.21,-6743.51,183.87,1049.42,-6559.64,-5510.21,,,,,
2511,1805.23,4421.82,5225.21,511.01,258.21,-193.03,-3909.98,-31666.85,1720.26,22570.8,-6707.21,189.04,742.69,-6518.17,-5775.48,,,,,
2521,1828.96,4475.17,5217.24,523.11,251.64,-206.45,-3954.03,-31824.62,1709.23,22651.64,-6576.93,184.74,671.91,-6392.19,-5720.29,,,,,
2531,1865.86,4477.26,5242.68,515.51,279.67,-213.75,-3920.5,-32101.51,1709.58,22696.33,-6387.2,181.07,551.14,-6206.13,-5654.99,,,,,
2541,1836.77,4432.35,5220.07,515.25,284.32,-164.94,-3866.21,-31950.83,1720.02,22599,-6470.62,184.13,625.78,-6286.49,-5660.71,,,,,
2551,1826.09,4474.62,5172.02,501.8,282.06,-164.01,-3920.43,-31969.58,1728.02,22619.94,-6486.06,180.97,550.51,-6305.09,-5754.58,,,,,
2561,1872.65,4422.63,5262.64,504.3,284.43,-234.03,-3940.33,-32243.59,1735.42,22686.81,-6215.21,177.26,350.93,-6037.94,-5687.01,,,,,
2571,1793.15,4438.02,5237.72,513.51,279.19,-192.94,-3967.74,-31958.98,1746.34,22619.68,-6458.36,179.38,507.96,-6278.98,-5771.02,,,,,
2581,1807.57,4411.6,5240.58,516.63,287.49,-190.36,-3959.88,-31871.15,1746.3,22642.55,-6570.74,180.93,631.32,-6389.81,-5758.49,,,,,
2591,1785.58,4459.24,5229.34,516.53,286.63,-196.23,-3927.85,-32029.97,1719.57,22713.82,-6441.35,178.88,556.66,-6262.48,-5705.82,,,,,
2601,1810.06,4452.04,5224.23,502.26,244.72,-168.96,-3936.2,-32065.28,1714.02,22633.85,-6365.65,179.5,410.74,-6186.15,-5775.42,,,,,
2611,1807.44,4411.37,5238.09,491.9,249.6,-200.83,-3946.34,-31929.58,1725.55,22534.15,-6368.81,181.56,381.37,-6187.24,-5805.87,,,,,
2621,1803.34,4455.62,5216.35,511.97,260.93,-194.92,-3874.65,-32016.37,1729.4,22670.97,-6467.27,181.24,562.64,-6286.03,-5723.38,,,,,
2631,1858.54,4468.95,5223.88,518.04,286.09,-199.78,-3934.62,-31745.6,1696.42,22577.45,-6617.1,185.52,749.36,-6431.59,-5682.22,,,,,
2641,1835.38,4456,5239.49,530.56,255.08,-180.7,-3893.35,-32103.09,1766.12,22638.45,-6364.98,184.67,543.95,-6180.3,-5636.36,,,,,
2651,1803.62,4358.77,5242.18,508.47,270.07,-169.69,-3922.67,-32069.73,1733.93,22640.18,-6327.3,181.93,395.13,-6145.38,-5750.25,,,,,
2661,1798.95,4349.49,5223.06,483,267.98,-179.38,-3867.23,-32086.7,1740.94,22602.9,-6328.44,183.61,333.01,-6144.84,-5811.83,,,,,
2671,1851.49,4446.73,5225.41,500,284.51,-205.03,-3947.58,-31949.46,1729.1,22619,-6506.71,182.75,554.17,-6323.96,-5769.78,,,,,
2681,1760.62,4407.51,5224.88,503.33,279.62,-174.52,-3960.8,-31834.73,1704.93,22569.3,-6544.54,182.58,480.14,-6361.96,-5881.82,,,,,
2691,1829.45,4415.86,5273.85,500.26,283.37,-190.38,-3964.33,-31823.67,1743.74,22654.04,-6579.12,182.01,722.18,-6397.11,-5674.93,,,,,
2701,1853.45,4475.5,5238.05,510.44,261.32,-204.16,-3902.63,-31924.67,1707.34,22604.26,-6491.54,184.81,618.91,-6306.72,-5687.82,,,,,
2711,1782.29,4390.36,5221.81,481.73,279.18,-196.91,-3909.93,-31970.68,1719.29,22622.24,-6472.54,180.81,419.38,-6291.73,-5872.35,,,,,
2721,1798.3,4375.16,5241.43,519.68,259.9,-200.94,-3910.24,-31981.14,1772.46,22665.31,-6458.93,180.2,539.93,-6278.73,-5738.8,,,,,
2731,1769.62,4441.9,5236.68,504.08,265.21,-170.83,-3985.16,-32045.38,1728.46,22652.7,-6403.42,177.51,397.29,-6225.91,-5828.62,,,,,
2741,1832.82,4435.46,5199.65,509.2,271.24,-186.33,-3920.52,-31869.7,1696.75,22556.93,-6483.29,180.64,525.5,-6302.65,-5777.15,,,,,
2751,1840.22,4455.07,5208.33,517.04,261.37,-188.29,-3910.89,-32197.05,1746.38,22730.2,-6358.5,181.03,462.39,-6177.48,-5715.09,,,,,
2761,1739.32,4418.91,5215,518.38,265.52,-195.02,-3904.92,-32293.45,1762.17,22796.15,-6282.98,181.97,322.06,-6101.02,-5778.96,,,,,
2771,1804.92,4406.9,5228.66,520.32,266.96,-197.83,-3898.97,-32166.3,1756.73,22604.86,-6311.7,179.18,326.25,-6132.53,-5806.27,,,,,
2781,1852.43,4484.06,5242.08,518.51,275.88,-224.49,-3947.48,-32240.6,1683.12,22723.85,-6333.52,184.16,367.36,-6149.37,-5782,,,,,
2791,1747.31,4431.05,5201.59,508.22,268.82,-193.3,-3943.14,-32161.91,1739.28,22728.86,-6390.23,178.23,326.76,-6212,-5885.25,,,,,
2801,1795.84,4468.82,5223.28,514,263.86,-190.17,-3959.83,-32108.71,1742.83,22658.09,-6362.2,182.52,408.02,-6179.68,-5771.66,,,,,
2811,1777.65,4415.35,5250.97,503.65,263.02,-193.92,-3930.08,-32228.74,1723.17,22724.71,-6273.64,175.84,305.78,-6097.8,-5792.02,,,,,
2821,1844.24,4538.68,5236.14,513.21,257.33,-183.85,-3920.17,-32062.78,1700.76,22541.39,-6364.32,183.2,464.96,-6181.12,-5716.17,,,,,
2831,1853.11,4553.71,5235.31,543.32,273.33,-204.13,-3931.08,-32146.18,1697.94,22792.93,-6428.51,181.79,668.28,-6246.72,-5578.45,,,,,
2841,1842.89,4415.39,5217.33,507.14,275.1,-185.12,-3913.71,-32162.19,1736.22,22652.19,-6366.23,179.16,385.23,-6187.07,-5801.84,,,,,
2851,1764.29,4400.56,5228.74,505.55,259.42,-197.02,-3935.01,-32274.36,1723.27,22732.46,-6224.01,175.95,207.9,-6048.06,-5840.16,,,,,
2861,1848.38,4402.19,5230.07,505.54,280.26,-188.7,-3946.49,-32032.35,1728.22,22718.44,-6464.01,182.79,545.56,-6281.22,-5735.66,,,,,
2871,1837.96,4422.24,5222.12,510.42,292.31,-186.86,-3908.76,-32116.77,1742.21,22667.51,-6396.93,183.81,482.37,-6213.12,-5730.75,,,,,
2881,1822.3,4391.72,5229.97,507.35,250.11,-189.43,-3952.1,-32127.58,1729.38,22672,-6368.55,182.54,333.72,-6186.01,-5852.29,,,,,
2891,1761.15,4541.39,5259.46,517.91,277.45,-190.28,-3903.06,-32281.5,1771.08,22770.41,-6317.72,181.61,524.01,-6136.1,-5612.1,,,,,
2901,1827.3,4494.84,5215.4,521.04,270.13,-170.43,-3875.95,-32180.89,1702.78,22692.38,-6363.38,181.86,496.6,-6181.52,-5684.92,,,,,
2911,1839.04,4447.23,5240.8,483.07,253.69,-174.14,-3968.86,-31999.61,1706.17,22666.88,-6409.84,179.67,494.26,-6230.17,-5735.91,,,,,
2921,1806.06,4425.93,5200.97,511.31,285.2,-176.81,-3858.78,-32328.51,1732.52,22683.77,-6263.2,179.68,281.66,-6083.52,-5801.86,,,,,
2931,1804.55,4420.53,5287.41,501.61,272.14,-186.6,-3928.36,-32220.82,1736.68,22644.11,-6282.43,179.05,331.27,-6103.38,-5772.11,,,,,
2941,1795.39,4433.81,5196.3,525.44,288.35,-157.1,-3904.79,-32079.7,1739.51,22706.68,-6438.43,175.71,543.9,-6262.72,-5718.82,,,,,
2951,1824.7,4390.25,5211.57,521.19,277.45,-173.97,-3896.52,-32069.55,1761.66,22644.02,-6405.27,179.56,490.81,-6225.71,-5734.9,,,,,
2961,1818.17,4419.72,5190.03,523.51,294.24,-182.99,-3953.58,-32017.47,1704.35,22712.25,-6465,179.34,508.22,-6285.65,-5777.43,,,,,
2971,1828.7,4470.75,5212.46,516.85,301.13,-177.54,-3925.67,-32160.25,1743.97,22647.56,-6352.07,176.9,457.96,-6175.17,-5717.21,,,,,
2981,1768.31,4373.35,5259.06,485.09,287.29,-147.26,-3917.1,-32210.64,1738.97,22800.97,-6415.13,181.25,438.04,-6233.88,-5795.83,,,,,
2991,1780.72,4461.11,5219.2,501.39,278.95,-193.82,-3868.78,-31979.62,1719.49,22724.79,-6550.59,182.05,643.43,-6368.54,-5725.11,,,,,
3001,1861.78,4387.24,5237.92,514.1,264.14,-204.55,-3860.24,-32094.57,1738.3,22620,-6417.76,181.39,464.14,-6236.37,-5772.23,,,,,
3011,1792.11,4445.69,5197.07,495.25,291.21,-150.22,-3890.36,-32308.08,1721.98,22731.4,-6290.97,176.14,326.04,-6114.83,-5788.79,,,,,
3021,1815.02,4365.45,5227.19,509.65,272.75,-148.1,-3965.09,-32132.87,1745.53,22681.28,-6375.4,176.55,370.8,-6198.85,-5828.05,,,,,
3031,1815.1,4446.66,5244.83,508.68,284.14,-176.13,-3874.12,-32151.77,1718.63,22717.25,-6449.8,184.4,533.27,-6265.41,-5732.14,,,,,
3041,1788.47,4486.48,5220.48,500.64,296.9,-194.05,-3940.98,-32323.48,1766.97,22761.51,-6243.49,174.24,362.93,-6069.25,-5706.32,,,,,
3051,1747.22,4368.34,5232.19,488.13,281.96,-161.28,-3965.79,-32172.68,1785.65,22751.05,-6344.77,176.95,354.79,-6167.82,-5813.04,,,,,
3061,1792.21,4400.37,5225.98,502.26,269.08,-181.54,-3921.72,-32232.84,1744.01,22738.51,-6292.4,177.92,336.31,-6114.48,-5778.16,,,,,
3071,1852.31,4406.33,5169.8,508.58,275.38,-186.18,-3886.77,-32031,1732.27,22665.88,-6450.29,180.21,506.58,-6270.09,-5763.51,,,,,
3081,1787.63,4418.52,5302.52,507.29,293.28,-223.23,-3931.95,-31883.52,1747.57,22701.43,-6603.25,183.39,719.54,-6419.87,-5700.33,,,,,
3091,1762.87,4402.07,5209.1,484.95,264.08,-202.83,-3942,-31972.81,1749.22,22805.42,-6582.69,178.19,560.06,-6404.49,-5844.43,,,,,
3101,1803.79,4333.92,5226.5,504.93,275.42,-198.57,-3923.75,-31870.4,1749.68,22745.98,-6638.43,180.06,647.5,-6458.37,-5810.87,,,,,
3111,1891.99,4333.75,5207,504.36,279.44,-172.52,-3917.03,-32016.74,1719.77,22693.52,-6505.17,180.61,523.54,-6324.56,-5801.02,,,,,
3121,1810.9,4364.43,5237.22,492.08,279.42,-205.56,-3940.35,-31831.2,1741.42,22720.91,-6608.3,176.99,669.27,-6431.31,-5762.04,,,,,
3131,1763.36,4411.81,5299.91,513.03,274.64,-195.06,-3955.58,-31902,1750.66,22678.01,-6563.98,179.57,638.79,-6384.4,-5745.61,,,,,
3141,1769.64,4408.31,5275.17,510.12,282.59,-173.26,-3912.87,-31800.66,1757.53,22614.75,-6632.29,180.59,731.33,-6451.7,-5720.37,,,,,
3151,1799.66,4523.68,5185.1,507.57,279.03,-176.75,-3892.38,-31983.41,1722.01,22700.1,-6548.73,181.13,664.61,-6367.6,-5702.98,,,,,
3161,1827.81,4412.71,5247.91,504.49,281.22,-198.18,-3935.14,-32084.35,1764.57,22716.35,-6445.73,182.99,537.39,-6262.74,-5725.35,,,,,
3171,1825.18,4436.43,5243.59,507.54,284.86,-200.26,-3944.09,-32077.47,1792.52,22677.9,-6415.76,179.17,546.2,-6236.59,-5690.39,,,,,
3181,1804.7,4467.77,5246.07,510.05,275.13,-183.63,-3917.4,-32121.55,1728.73,22700.32,-6397.67,178.18,510.19,-6219.49,-5709.29,,,,,
3191,1808.3,4489.48,5242.32,512.68,274.99,-200.61,-3940.32,-31856.37,1739.92,22527,-6526.65,180.32,597.41,-6346.33,-5748.92,,,,,
3201,1922.79,4424.98,5219.1,511.15,275.23,-182.58,-3943.39,-31954.25,1686.86,22679.88,-6525.11,182.29,639.78,-6342.82,-5703.04,,,,,
3211,1735.44,4375.66,5274.45,486.07,280.73,-203.44,-3904.54,-32197.47,1755.05,22800.98,-6384.7,177.8,402.95,-6206.9,-5803.95,,,,,
3221,1790.23,4355.76,5252.86,498.26,272.03,-216.2,-3895.02,-32113.74,1744.78,22730.83,-6394.87,181.83,419.79,-6213.04,-5793.24,,,,,
3231,1769.08,4499.36,5205.58,508.74,270.68,-178.13,-3972.9,-32023.71,1757.07,22608.68,-6370.61,174.56,444.43,-6196.05,-5751.62,,,,,
3241,1841.46,4446.26,5284.59,510.47,272.82,-206.23,-3931.24,-32034.88,1709.87,22601.35,-6402.46,176.79,494.48,-6225.67,-5731.19,,,,,
3251,1772.09,4451.62,5276.15,515.06,285.39,-208.35,-3940.81,-32152.22,1765,22747.33,-6376.56,176.32,511.27,-6200.24,-5688.97,,,,,
3261,1806.9,4393.8,5273.31,507.36,254.18,-200.1,-3915.51,-32131.76,1737.73,22727.46,-6385.29,176.41,453.38,-6208.88,-5755.5,,,,,
3271,1767.82,4458.65,5271.44,512.65,267.01,-205.33,-3970.31,-31864.66,1764.07,22617.52,-6559.26,177.56,618.85,-6381.71,-5762.86,,,,,
3281,1742.78,4453.25,5299.78,485.31,294.37,-193.35,-3907.87,-32083.55,1730.77,22690.48,-6419.76,179.03,511.96,-6240.73,-5728.77,,,,,
3291,1837.29,4438.56,5238.58,512.4,288.96,-188.94,-3908.46,-31929.27,1719.87,22541.66,-6445.08,182.12,550.65,-6262.96,-5712.31,,,,,
3301,1799.68,4509,5258.76,492.13,250.16,-180.35,-3907.69,-32003.09,1750.57,22703.68,-6531.12,184.67,672.83,-6346.45,-5673.62,,,,,
3311,1845.34,4405.47,5225.43,513.24,278.67,-190.05,-3891.61,-32208.44,1708.48,22738.93,-6316.68,183.62,425.45,-6133.06,-5707.6,,,,,
3321,1767.72,4390.43,5214.49,498.46,281.18,-188.23,-3942.04,-32213.89,1773.73,22773.97,-6348.7,179.55,355.8,-6169.15,-5813.35,,,,,
3331,1765.84,4531.08,5213.76,507.04,272.98,-177.64,-3911.8,-31953.33,1738.06,22699.2,-6518.87,179.76,685.18,-6339.11,-5653.93,,,,,
3341,1829.23,4467.64,5200.01,507.34,261.24,-194.31,-3898.36,-32039.33,1743.2,22708.48,-6483.08,179.59,585.12,-6303.49,-5718.37,,,,,
3351,1869.83,4422.83,5195.83,505.91,283.79,-176.6,-3922.38,-32054.03,1735.9,22700.8,-6416.02,182.76,561.88,-6233.26,-5671.37,,,,,
3361,1789.94,4518.89,5231.36,508.61,269.24,-172.14,-3900.05,-31928.31,1763.08,22511.16,-6512.84,182.83,591.77,-6330.01,-5738.24,,,,,
3371,1741.43,4399.12,5222.92,526.01,286.6,-155.62,-3928.46,-31819.7,1779.08,22653.05,-6590.94,184.12,704.42,-6406.82,-5702.39,,,,,
3381,1865.91,4437.03,5187.8,530.2,304.91,-156.79,-3980.36,-31809.74,1729.86,22570.78,-6554.3,182.42,679.59,-6371.89,-5692.29,,,,,
3391,1800.72,4510.68,5224.46,517.66,283.06,-172.43,-3888.9,-32184.11,1750.07,22656.83,-6331.41,183.11,498.05,-6148.3,-5650.25,,,,,
3401,1825.16,4406.68,5199.49,484.32,269.78,-180.21,-3867.84,-32160.21,1764.04,22667.41,-6326.15,179.22,408.61,-6146.94,-5738.33,,,,,
3411,1813.49,4401.31,5220.38,500.65,268.52,-161.03,-3942.18,-32024.49,1748.19,22645.97,-6388.36,182.02,470.8,-6206.34,-5735.54,,,,,
3421,1788.46,4463.91,5215.08,519.94,255.77,-187.39,-3935.18,-31947.52,1754.93,22557.64,-6385.31,181.71,485.65,-6203.61,-5717.96,,,,,
3431,1810.94,4495.36,5209.7,500.19,277.54,-180.5,-3931.11,-32082.11,1700.97,22553.36,-6286.69,176.99,354.33,-6109.7,-5755.37,,,,,
3441,1738.48,4467.35,5206.02,505.82,250.68,-193.66,-3905.6,-32038.67,1759.7,22569.8,-6325.85,178.3,359.91,-6147.55,-5787.64,,,,,
3451,1820.73,4357.56,5234.39,499.44,276.14,-181.07,-3962.3,-32024.6,1737.96,22641.89,-6382.76,175.48,400.14,-6207.28,-5807.13,,,,,
3461,1857.72,4398.62,5229.04,504.9,265.43,-169.26,-3929.14,-31747.13,1709.07,22573.89,-6627.2,184.4,693.14,-6442.8,-5749.66,,,,,
3471,1839.76,4460.52,5234.45,513.54,289.12,-209.98,-3947.91,-31953.27,1727.14,22678.19,-6524.98,180.96,631.55,-6344.03,-5712.48,,,,,
3481,1835.72,4456.71,5190.78,514.17,273.3,-195.55,-3925.29,-31821.39,1692.08,22488.94,-6524.35,178.56,509.48,-6345.79,-5836.31,,,,,
3491,1903.41,4392.13,5190.88,506.96,271.66,-206.81,-3900.85,-31867.19,1776.08,22701.49,-6622.05,180.92,767.77,-6441.13,-5673.37,,,,,
3501,1816.75,4388.19,5242.95,516.37,283.22,-186.87,-3893.44,-31795.24,1762.37,22690.11,-6681.88,185.09,824.39,-6496.79,-5672.39,,,,,
3511,1813.97,4497.56,5241.34,512.49,281.72,-217.2,-3923.03,-31874.45,1748.2,22610.19,-6553.03,181.76,690.78,-6371.26,-5680.49,,,,,
3521,1835.05,4499.56,5222.77,504.98,266.5,-179.51,-3916.54,-32019.85,1766.69,22636.55,-6488.28,176.56,616.18,-6311.71,-5695.53,,,,,
3531,1842.23,4405.07,5214.47,499.73,253.54,-180.84,-3941.86,-31853.13,1737.58,22653.57,-6557.33,179.69,630.35,-6377.64,-5747.29,,,,,
3541,1830.97,4463.75,5168.06,509.96,278.68,-153.8,-3886.12,-31891.73,1757.7,22600.55,-6566.4,181.08,678.01,-6385.33,-5707.32,,,,,
3551,1878.04,4444.1,5235.88,507.38,284.1,-167.91,-3928.67,-31875.98,1711.74,22529.06,-6472.62,180.01,617.73,-6292.61,-5674.88,,,,,
3561,1750.1,4445.66,5216.51,502.68,272.72,-177.24,-3885.97,-31951.65,1753.63,22638.66,-6484.53,182.06,565.09,-6302.47,-5737.38,,,,,
3571,1868.63,4508,5229.47,503.71,265.03,-180.71,-3939.87,-31812.92,1692.63,22661.2,-6644.19,184,795.16,-6460.19,-5665.03,,,,,
3581,1900.61,4371.94,5209.75,513.42,273.22,-161.43,-3934.11,-31890.51,1711.54,22676.08,-6587.78,183.35,670.5,-6404.43,-5733.92,,,,,
3591,1827.17,4515.57,5235.04,515.4,267.92,-166.94,-3982.04,-31641.46,1766.39,22580,-6748.99,181.48,917.06,-6567.51,-5650.45,,,,,
3601,1814.44,4427.94,5254.51,505.2,273.06,-187.08,-3911.83,-31752.42,1750.45,22541.64,-6598.42,183.58,715.91,-6414.84,-5698.93,,,,,
3611,1854.57,4557.66,5160.88,512.05,282.84,-152.86,-3906.98,-31910.29,1688.96,22516.29,-6524.06,183.09,603.11,-6340.97,-5737.85,,,,,
3621,1831.63,4427.22,5192.24,492.83,274.49,-193.78,-3933.75,-31898.71,1725.15,22624.53,-6524.76,180.37,541.86,-6344.39,-5802.53,,,,,
3631,1838.03,4428.34,5218.47,504.76,281.41,-207.85,-3898.36,-31886.95,1725.9,22631.6,-6556.8,184.14,635.35,-6372.66,-5737.31,,,,,
3641,1836.37,4419.11,5207.15,510.34,299.26,-198,-3945.46,-32021.34,1739.07,22644.47,-6463.04,180.16,490.98,-6282.88,-5791.91,,,,,
3651,1767.44,4465.8,5207.26,492.51,291.27,-165.83,-3944.55,-31954.5,1727.67,22600.94,-6448.68,177.2,488,-6271.47,-5783.47,,,,,
3661,1891.36,4560.3,5183.93,523.38,282.02,-187.75,-3927.9,-32048.39,1754.87,22563.75,-6401.38,180.51,595.58,-6220.87,-5625.29,,,,,
3671,1808.23,4381.18,5189.15,497.42,286.56,-197.03,-3955.88,-32022.07,1714.59,22705.81,-6422.39,178.65,407.94,-6243.74,-5835.8,,,,,
3681,1843.24,4505.26,5207.4,507.95,277.9,-174.93,-3938.75,-31918.72,1708.17,22552.86,-6490.25,180.97,570.36,-6309.28,-5738.92,,,,,
3691,1850.18,4549.53,5164.16,528.76,276.5,-192.63,-3940.68,-32019.61,1728.85,22670.52,-6489.6,176.54,615.59,-6313.06,-5697.47,,,,,
3701,1859.32,4439.21,5194.29,514.72,258.19,-190.02,-3926.77,-32064.24,1723.97,22627.32,-6402.23,177,436,-6225.23,-5789.23,,,,,
3711,1850.07,4507.36,5207.42,526.51,283.45,-174.6,-3958.4,-31832.14,1707.43,22554.9,-6504.45,178.36,672,-6326.09,-5654.08,,,,,
3721,1787.13,4546.99,5225.15,502.22,291.51,-217.75,-3934.59,-31993.2,1703.3,22653.06,-6478.09,178.73,563.82,-6299.36,-5735.54,,,,,
3731,1810.74,4467.36,5201.19,506.72,271.46,-184.43,-3939.95,-31867.95,1725.44,22606.26,-6526.54,180.6,596.85,-6345.94,-5749.09,,,,,
3741,1765.43,4509.46,5208.14,510.48,271.43,-176.91,-3893.39,-32187.7,1764.51,22730.01,-6340.75,176.45,501.45,-6164.31,-5662.85,,,,,
3751,1865.23,4465.15,5206.16,499.71,302.28,-184.66,-3904.56,-32076.65,1703.55,22606.57,-6442.09,183.01,482.8,-6259.07,-5776.28,,,,,
3761,1801.6,4486.81,5266.48,501.21,266.23,-193.32,-3960.77,-31934.6,1710.73,22586.32,-6465.53,178.75,530.69,-6286.79,-5756.09,,,,,
3771,1788.54,4495.47,5222.48,513.88,271.27,-188.16,-3960.07,-31987.67,1744.25,22684.17,-6474.19,182.73,584.15,-6291.46,-5707.31,,,,,
3781,1852.06,4503.93,5243.05,503.63,280.77,-211.59,-3942.67,-31944.88,1755.96,22610.72,-6471.02,181.34,650.97,-6289.68,-5638.71,,,,,
3791,1810.38,4430.47,5234.62,504.94,283.43,-200.97,-3904.19,-32048.14,1750.16,22549.01,-6359.24,176.76,409.72,-6182.48,-5772.77,,,,,
3801,1872.13,4460.32,5220.12,513.03,264.19,-198.79,-3914.57,-31891.38,1731.83,22553.83,-6495.84,180.78,610.72,-6315.06,-5704.34,,,,,
3811,1867.25,4505.06,5249.2,520.77,265.89,-188.24,-3970.8,-31919.47,1695.01,22584.59,-6482.28,183.07,609.27,-6299.22,-5689.94,,,,,
3821,1801.34,4532.83,5221.98,520.76,273.56,-197.61,-3939.44,-31967.05,1726.04,22614.94,-6489.96,179.32,587.34,-6310.64,-5723.3,,,,,
3831,1802.89,4527.68,5231.9,494.93,276.94,-198.34,-3890.32,-32009.43,1736.24,22529.47,-6402.67,180.98,501.96,-6221.69,-5719.73,,,,,
3841,1810.66,4445.46,5205.63,515.72,266.83,-199.5,-3924.83,-32370.91,1762.08,22760.72,-6186.68,172.52,271.87,-6014.16,-5742.29,,,,,
3851,1826.56,4388.81,5241.66,500.64,294.21,-189.18,-3943.1,-32235.41,1743.86,22725.05,-6310.75,180.15,353.1,-6130.6,-5777.5,,,,,
3861,1856.29,4463.61,5215.5,488.32,280.12,-204.1,-3958.7,-31973.29,1688.61,22566.27,-6393.15,179.14,422.65,-6214,-5791.36,,,,,
3871,1842.15,4468.09,5219.6,515.11,288.58,-212.93,-3920.47,-32006.68,1714.28,22664.4,-6468.97,182.07,572.12,-6286.9,-5714.77,,,,,
3881,1794.86,4414.05,5256.34,494.11,283.41,-177.62,-3904.45,-32183.3,1752.53,22715.59,-6361.09,183.51,445.51,-6177.58,-5732.07,,,,,
3891,1768.33,4467.88,5283.75,516.59,263.39,-207.69,-3901.26,-32245.76,1753.1,22800.53,-6327.49,180.02,498.84,-6147.47,-5648.62,,,,,
3901,1797.24,4405.44,5225.29,509.86,262.86,-179.91,-3988.86,-32242.47,1773.44,22619.32,-6245,174.18,182.19,-6070.82,-5888.62,,,,,
3911,1807.76,4379.61,5215.11,509.68,280.7,-191.54,-3909.87,-32036.73,1736.24,22655.28,-6430.24,181.29,446.22,-6248.95,-5802.73,,,,,
3921,1842.15,4404.84,5245.65,501,264.68,-192.09,-3919.03,-31996.66,1713,22603.69,-6425.15,181.04,467.22,-6244.11,-5776.89,,,,,
3931,1789.7,4520.65,5212.62,511.38,269.69,-203.21,-3921.11,-31680.24,1734.94,22511.73,-6624.09,182.49,746.15,-6441.6,-5695.45,,,,,
3941,1732.21,4466.48,5235.6,506.54,280.92,-218.73,-3914.63,-31701.03,1764.69,22602.28,-6663.88,183.12,754.33,-6480.76,-5726.44,,,,,
3951,1790.74,4343.95,5255.52,507.96,281.78,-205.58,-3889.67,-31871.1,1752.59,22598.49,-6544.25,178.47,564.69,-6365.78,-5801.09,,,,,
3961,1858.06,4455.7,5215.34,513.67,277.35,-216.27,-3946.54,-31856.88,1752.61,22598.85,-6565.57,178.84,651.9,-6386.73,-5734.83,,,,,
3971,1843.99,4496.66,5267.43,518.31,293.1,-210.77,-3926.24,-31917.78,1741.54,22498.12,-6471.59,178.26,604.37,-6293.33,-5688.96,,,,,
3981,1812.57,4471.34,5258.98,499.25,279.04,-198.5,-3925.67,-31987.23,1736.31,22648.46,-6468.78,182.01,594.57,-6286.78,-5692.21,,,,,
3991,1830.75,4540.16,5230.34,511.45,265.87,-191.2,-3926.47,-31910.12,1736.53,22459.5,-6420.65,182.24,546.81,-6238.41,-5691.61,,,,,
4001,1816.34,4451.32,5194.69,500.01,256.75,-201.51,-3947.1,-31849.98,1738.48,22543,-6488.64,180.66,502,-6307.97,-5805.97,,,,,
4011,1822.44,4451.14,5169.57,507.73,276.8,-186.27,-3964.79,-31872.28,1731.63,22556.25,-6471.26,179.33,492.21,-6291.93,-5799.72,,,,,
4021,1804.86,4493.84,5271.72,501.02,305.17,-233.33,-3963.42,-31915,1713.8,22642.59,-6465.61,181.91,621.26,-6283.71,-5662.45,,,,,
4031,1809.14,4476.33,5223.65,502.4,261.58,-199.19,-3928.12,-32148.77,1738.22,22597.23,-6283.59,176.79,332.49,-6106.79,-5774.3,,,,,
4041,1790.4,4409.12,5290.74,518.59,286.97,-208.8,-3928.93,-32089.48,1729.15,22596.13,-6347.85,176.7,393.9,-6171.16,-5777.26,,,,,
4051,1843.03,4465.96,5240.42,507.61,277.1,-180.03,-3923.49,-31917.9,1721.52,22645.78,-6510.91,178.82,680,-6332.08,-5652.09,,,,,
4061,1794.09,4495.84,5200.83,489.07,283.49,-190.43,-3948.91,-31974.18,1721.07,22619.98,-6467.94,178.6,490.85,-6289.34,-5798.49,,,,,
4071,1804.75,4392.4,5280.98,497.38,277.57,-234.93,-3925.19,-31904.59,1769.59,22592.1,-6500.97,177.63,550.07,-6323.34,-5773.27,,,,,
4081,1801.17,4500,5164.61,520.12,281.28,-218.32,-3888.16,-31871.47,1725.16,22605.3,-6540.39,182.83,619.68,-6357.57,-5737.89,,,,,
4091,1802.71,4505.29,5243.87,505.95,276.69,-204.58,-3970.35,-31906.28,1719.92,22681.89,-6581.91,177.72,655.12,-6404.19,-5749.07,,,,,
4101,1802.97,4355.21,5222.79,513.32,273.99,-203.13,-3925.12,-31922.85,1755.16,22719.37,-6583.55,179.19,591.72,-6404.36,-5812.63,,,,,
4111,1817.19,4377.6,5228.13,512.04,268.53,-206.66,-3921.08,-31833.32,1729.65,22587.1,-6561.72,180.58,559.18,-6381.15,-5821.97,,,,,
4121,1840.91,4437.79,5167.91,491.05,264.01,-178.88,-3974.1,-31840.87,1734.63,22552.17,-6535,175.89,494.62,-6359.11,-5864.49,,,,,
4131,1830.38,4376.32,5238.59,502.11,271.41,-190.51,-3905.85,-32051.14,1728.29,22720.35,-6481.45,180.07,519.95,-6301.38,-5781.44,,,,,
4141,1781.7,4433.49,5206.82,513.02,285.49,-201.08,-3903.53,-31957.12,1734.34,22670.24,-6520.23,178.3,563.35,-6341.94,-5778.58,,,,,
4151,1807.39,4421.46,5202.21,510.51,275.2,-191.06,-3905.69,-32104.48,1723.03,22726.93,-6436.01,182.1,465.5,-6253.9,-5788.41,,,,,
4161,1816.99,4515.1,5191.26,524.08,254.14,-180.46,-3923.89,-32074.41,1771.97,22642.37,-6340.71,178.05,537.16,-6162.66,-5625.5,,,,,
4171,1855.82,4415.11,5216.92,503.13,271.53,-203.4,-3942.92,-32045.58,1724.26,22589.72,-6368.06,180.48,384.58,-6187.58,-5803,,,,,
4181,1824.63,4367.15,5127.88,506.79,269.63,-172.33,-3893.01,-32139.92,1724.43,22686.66,-6423.42,182.79,301.92,-6240.63,-5938.71,,,,,
4191,1757.77,4435.91,5206.08,492.24,282.55,-173.45,-3895.56,-32152.86,1750.77,22646.24,-6323.86,182.96,349.68,-6140.9,-5791.23,,,,,
4201,1757.02,4507.41,5222.01,522.13,271.3,-188.71,-3895.88,-32103.14,1736.61,22754.65,-6478.21,182.39,583.39,-6295.83,-5712.43,,,,,
4211,1813.1,4402.56,5168.62,505.89,290.1,-178.5,-3911.75,-32214.7,1758.71,22717.26,-6372.61,183.69,351.3,-6188.92,-5837.62,,,,,
4221,1779.63,4468.67,5168.61,497.83,288.82,-200.6,-3914,-32195.88,1740.86,22705.47,-6348.06,180.89,339.41,-6167.18,-5827.77,,,,,
4231,1784.19,4421.27,5221.82,519.08,274.72,-168.02,-3915.52,-32213.9,1743.36,22749.75,-6337.46,179.78,416.75,-6157.68,-5740.92,,,,,
4241,1781.93,4383.62,5222.33,503.46,275.37,-199.56,-3898.71,-32218.17,1738.08,22725.5,-6376.78,178.78,313.85,-6198,-5884.15,,,,,
4251,1815.66,4461.42,5171.04,505.75,258.47,-188.66,-3945.29,-32299.27,1742.2,22713.89,-6230.84,178.72,235.21,-6052.11,-5816.9,,,,,
4261,1812.78,4471.6,5230.05,519.87,271.11,-186.31,-3928.42,-32168.5,1740.94,22594.1,-6323.28,178.56,357.2,-6144.72,-5787.52,,,,,
4271,1808.48,4430.3,5256.88,505.13,273.22,-198.29,-3926.01,-32036.74,1729.01,22614.08,-6405.09,177.68,456.05,-6227.41,-5771.36,,,,,
4281,1807.62,4468.17,5181.77,509.55,261.76,-178.96,-3905.88,-32441.81,1782.13,22789.55,-6183.21,182.34,273.89,-6000.87,-5726.98,,,,,
4291,1824.34,4416.85,5212.41,509.16,286.64,-197.26,-3892.16,-32264.05,1755.64,22662.46,-6279.76,182.35,314.04,-6097.41,-5783.37,,,,,
4301,1765.09,4403.4,5267.33,498.45,264.11,-211.58,-3871.25,-32260.61,1754.81,22670.29,-6261.37,180.91,280.03,-6080.46,-5800.43,,,,,
4311,1836.01,4476.72,5218.6,516.94,257,-188.29,-3921.07,-32129.38,1704.29,22666.51,-6356.83,182.07,437.33,-6174.76,-5737.42,,,,,
4321,1835.12,4502.39,5204.18,523.32,276.7,-191.1,-3852.05,-32313.06,1721.89,22652.34,-6217.54,181.54,359.73,-6036,-5676.27,,,,,
4331,1754.36,4474.73,5230.85,509.63,269.22,-192.36,-3901.66,-32255.22,1735.16,22591.03,-6243.16,178.88,215.73,-6064.28,-5848.55,,,,,
4341,1808.22,4469.77,5241.13,515.08,278.12,-193.54,-3952.54,-32177.98,1750.94,22698.58,-6369.08,180.35,437.8,-6188.73,-5750.93,,,,,
4351,1831.61,4488.66,5243.46,520.45,263.43,-174.12,-3904.69,-32248.14,1723.42,22710.84,-6298.02,181.39,454.92,-6116.63,-5661.71,,,,,
4361,1773.15,4462.26,5201.32,500.19,258.08,-189.87,-3943.09,-32182,1749.96,22662.59,-6314.4,177.24,292.58,-6137.16,-5844.58,,,,,
4371,1843.32,4436.06,5253.48,494.18,269.69,-187.45,-4007.03,-32248.29,1726.94,22736.87,-6269.68,175.64,317.77,-6094.04,-5776.26,,,,,
4381,1776.52,4477.27,5180.31,518.91,262.95,-159.42,-3944.02,-31996.84,1762.17,22601.59,-6459.73,179.28,479.44,-6280.45,-5801.02,,,,,
4391,1852.02,4488.16,5246.94,510.7,299.98,-194.4,-3946.7,-32333.1,1694.89,22659.85,-6226.83,179.32,278.34,-6047.51,-5769.17,,,,,
4401,1835.49,4451.96,5250.35,505.45,278.62,-183.91,-3972.49,-32362.44,1695.66,22690,-6169.77,179.07,188.69,-5990.7,-5802.01,,,,,
4411,1873.36,4428.3,5201.95,505.38,286.16,-183.23,-3902.29,-32192.76,1686.64,22695.98,-6353.35,179.98,399.5,-6173.37,-5773.87,,,,,
4421,1850.84,4348.5,5246.91,482.1,271.1,-208.33,-3912.98,-32152.85,1736.45,22655.39,-6375.87,180.53,317.13,-6195.34,-5878.2,,,,,
4431,1727.16,4518.99,5240.59,512.94,284.57,-174.9,-3919.25,-32107.57,1732.15,22670.76,-6413.18,179.06,485.44,-6234.12,-5748.69,,,,,
4441,1761.5,4481.25,5217.73,525.87,270.75,-165.05,-3885.72,-32116.39,1735.05,22648.15,-6375.91,180.89,473.14,-6195.02,-5721.88,,,,,
4451,1797.15,4342.38,5253.81,497.92,262.64,-185.78,-3920.97,-32103.47,1773.5,22756.71,-6470.99,181.02,473.89,-6289.97,-5816.08,,,,,
4461,1836.71,4382.14,5234.79,522.18,288.64,-201.84,-3916.58,-32028.16,1726.68,22649.38,-6504.99,177.84,493.96,-6327.15,-5833.19,,,,,
4471,1821.84,4421.14,5199.07,513.56,293.25,-204.23,-3868.83,-32186.3,1716.31,22682.46,-6371.07,175.41,388.26,-6195.66,-5807.4,,,,,
4481,1775.61,4474.09,5266.42,482.03,268.27,-159.85,-3922.09,-32034.32,1760.11,22664.46,-6457.46,175.88,574.72,-6281.58,-5706.87,,,,,
4491,1727.58,4363.14,5243.74,497.9,279.75,-199.71,-3915.23,-32091.92,1779.26,22721.56,-6491.27,177.66,406.07,-6313.61,-5907.54,,,,,
4501,1783.81,4475.64,5239.62,507.12,273.32,-192.06,-3906.39,-32270.41,1729.5,22709.94,-6337.41,181.35,350.11,-6156.06,-5805.96,,,,,
4511,1808.75,4414,5232.71,504.69,269.78,-201.44,-3938.65,-32106.26,1734.16,22672.38,-6362.93,176.63,390.11,-6186.31,-5796.19,,,,,
4521,1826.03,4516.11,5196.05,524.48,293.59,-187.44,-3926.16,-32238.03,1693.34,22633.29,-6242.86,179.81,331.27,-6063.05,-5731.78,,,,,
4531,1752.3,4495.87,5240.31,482.2,284.52,-203.18,-3964.45,-32190.22,1764.93,22677.25,-6285.21,173.13,339.53,-6112.08,-5772.55,,,,,
4541,1807.59,4293.38,5197.55,487.26,287.44,-182.47,-3931.6,-32172.14,1742.9,22747.48,-6378.4,176.68,277.4,-6201.73,-5924.33,,,,,
4551,1787.28,4455.75,5251.12,507.45,293.83,-209.63,-3878.23,-32156.35,1752.06,22652.63,-6366.73,181.24,455.91,-6185.49,-5729.58,,,,,
4561,1807.41,4460.73,5260.57,503.72,270.01,-183.46,-3968.53,-32092.35,1712.48,22586.75,-6345.44,173.63,357.32,-6171.81,-5814.49,,,,,
4571,1838.25,4460.17,5227.27,519.45,276.18,-177.51,-3919.37,-32019.42,1740.11,22568.31,-6370.79,176.64,513.43,-6194.15,-5680.72,,,,,
4581,1794.65,4437.3,5187.14,514.07,256.89,-191.66,-3951.62,-32115.18,1757.55,22654.76,-6326.47,177,343.91,-6149.47,-5805.56,,,,,
4591,1797.57,4362.75,5286.32,507.34,263.87,-197.27,-3915.04,-32249.29,1738.99,22739.96,-6346.56,174.84,335.2,-6171.72,-5836.53,,,,,
4601,1821.74,4475.99,5259.2,525.73,285.9,-188.87,-3868.71,-32177.15,1742.86,22559.99,-6292.57,176.09,436.68,-6116.48,-5679.8,,,,,
4611,1798.18,4451.07,5254.72,509.69,279.49,-201.69,-3982.8,-31987.92,1744.51,22626.81,-6437.07,179.44,492.06,-6257.63,-5765.57,,,,,
4621,1894.31,4427.24,5258.99,525.62,295.2,-189.54,-3970.17,-32152.33,1712.58,22645.07,-6353.68,176.76,446.98,-6176.91,-5729.94,,,,,
4631,1829.27,4433.76,5181.35,500.86,269.68,-182.8,-3979.85,-32124.78,1741.26,22651.35,-6352.84,175.24,320.1,-6177.6,-5857.49,,,,,
4641,1834.62,4495.99,5219.8,517.4,278.46,-205.97,-3844.1,-32327.72,1758.6,22593.85,-6189.97,177.66,320.94,-6012.31,-5691.37,,,,,
4651,1783.56,4372.34,5250.85,499.69,284.87,-181.13,-3959.25,-32186.68,1759.27,22732.26,-6318.05,173.75,355.79,-6144.31,-5788.51,,,,,
4661,1805.84,4524.04,5208.52,499.43,272.56,-188.98,-3910.46,-32097.75,1714.66,22495.36,-6329.82,177.24,323.21,-6152.58,-5829.38,,,,,
4671,1836.63,4422.29,5231.1,505.59,267.28,-187.22,-3993.77,-32078.75,1720.89,22600.58,-6340.2,176.66,324.62,-6163.55,-5838.93,,,,,
4681,1780.95,4368.57,5217.6,503.16,278.41,-183.36,-3925.36,-32171.95,1753.62,22704.97,-6375.36,175.99,326.6,-6199.37,-5872.77,,,,,
4691,1803.49,4390.83,5231.14,514.08,266.19,-179.53,-3949.19,-31941.85,1750.53,22621.89,-6537.9,175.71,507.58,-6362.19,-5854.61,,,,,
4701,1839.15,4340.05,5175.42,496.39,283.68,-183.25,-3932.1,-31919.51,1737.95,22683.43,-6590.88,177.97,521.21,-6412.91,-5891.7,,,,,
4711,1861.74,4537.98,5215.21,521.17,283.7,-174.16,-3901.98,-31699.01,1688.65,22483.78,-6702.57,177.95,817.07,-6524.62,-5707.55,,,,,
4721,1797.14,4407.6,5275.02,525.89,303.39,-200.24,-3926.51,-31915.06,1762.84,22542.68,-6502,178.04,572.75,-6323.97,-5751.22,,,,,
4731,1765.9,4523.13,5177.56,502.84,274.99,-172.85,-3936.51,-31830.67,1742.48,22620.72,-6633.26,177.08,667.6,-6456.18,-5788.58,,,,,
4741,1857.4,4372.99,5257.26,505.35,294.37,-179.55,-4008.93,-32028.77,1729.82,22681.73,-6456.17,173.75,481.68,-6282.43,-5800.75,,,,,
4751,1758.73,4468.03,5271.41,518.25,300.68,-174.96,-3942.76,-32199.74,1740.99,22720.25,-6403.85,176.94,460.87,-6226.91,-5766.04,,,,,
4761,1818.16,4449.54,5228.24,514.47,281.17,-200.25,-3915.5,-32061.7,1772.85,22596.22,-6415.34,175.04,483.2,-6240.3,-5757.11,,,,,
4771,1805.52,4352.4,5209.35,505.74,288.19,-190.53,-3941.53,-31925.98,1757.9,22667.45,-6549.03,176.09,528.52,-6372.93,-5844.42,,,,,
4781,1756.28,4531.29,5230.72,507.25,306.03,-191.71,-4009.65,-32095.01,1705.39,22584.6,-6330.12,175.1,325.21,-6155.03,-5829.82,,,,,
4791,1822.72,4448.66,5211.65,494.12,272.09,-198.95,-3963.42,-31953.18,1753.85,22595.26,-6501.36,180.68,482.81,-6320.68,-5837.87,,,,,
4801,1799.83,4448.37,5203.44,504.12,273.17,-161.03,-3970.29,-32053.08,1747.04,22645.32,-6357,176.33,436.89,-6180.67,-5743.79,,,,,
4811,1795.73,4501.76,5213.9,510,271.96,-182.03,-3896.99,-31880.24,1732.28,22612.31,-6587.25,181.79,678.67,-6405.46,-5726.79,,,,,
4821,1810.26,4449.59,5239.03,511.07,277.98,-162.06,-3972.05,-31995.08,1726.12,22687.22,-6473.73,177.87,572.09,-6295.86,-5723.77,,,,,
4831,1820.2,4385.26,5230.6,490.94,261.07,-180.61,-3885.08,-31993.01,1719,22651.09,-6528.74,180.26,499.46,-6348.48,-5849.02,,,,,
4841,1805.24,4436.15,5208.24,510.39,271.16,-175.56,-3963.07,-32045.22,1758.83,22672.11,-6448.99,178.69,478.27,-6270.3,-5792.03,,,,,
4851,1825.55,4538.84,5199.46,516.83,276.09,-188.85,-3931.94,-31926.11,1739.78,22641.15,-6549.6,177.26,690.8,-6372.34,-5681.54,,,,,
4861,1853.26,4438.04,5228.71,514.13,264.31,-170.88,-3947.41,-31922.97,1711.38,22608.71,-6524.55,176.85,577.3,-6347.7,-5770.4,,,,,
4871,1814.28,4447.13,5230.4,511.43,271.58,-164.13,-3913.54,-31919.05,1715.33,22619.41,-6597.4,176.78,612.83,-6420.62,-5807.8,,,,,
4881,1836.32,4457,5222.42,518.52,279.31,-165.37,-3931.96,-31997.17,1724.01,22601.91,-6511.59,180.24,544.99,-6331.34,-5786.35,,,,,
4891,1810.64,4456.77,5229.25,511.56,291.53,-158.26,-3961.01,-31767.12,1721.23,22536.96,-6607.3,178.87,671.55,-6428.42,-5756.88,,,,,
4901,1880.95,4407.11,5295.63,516.78,284.23,-190.08,-3973.82,-31890.65,1738.04,22620.18,-6575.02,177.17,688.35,-6397.85,-5709.5,,,,,
4911,1847.68,4473.64,5275.36,507.61,285.13,-160.19,-4007.99,-31881.15,1708.81,22609.01,-6506.36,177.32,657.93,-6329.04,-5671.11,,,,,
4921,1838.99,4414.42,5245.79,495.15,280.91,-179.6,-3936.35,-32058.3,1730.23,22727.72,-6520.03,178.29,558.93,-6341.74,-5782.8,,,,,
4931,1825.68,4469.29,5223.48,521.8,284.55,-179.36,-3968.56,-32102.08,1758.83,22660.85,-6400.63,177.53,494.46,-6223.1,-5728.64,,,,,
4941,1797.94,4377.83,5235.83,495.29,266.48,-180.64,-3946.12,-32120.56,1727.74,22775.74,-6416.82,176.97,429.53,-6239.84,-5810.31,,,,,
4951,1802.63,4399.25,5208.14,524.84,270.03,-164.75,-3951.73,-32181.76,1740.15,22684.56,-6304.71,173.76,331.37,-6130.95,-5799.58,,,,,
4961,1747.68,4433.75,5252.57,509.84,290.96,-187.91,-3940.33,-32160.65,1719.74,22704.06,-6417.08,180.61,369.7,-6236.47,-5866.77,,,,,
4971,1832.96,4411.62,5195.35,512.62,272.06,-169.97,-3957.15,-32197.43,1752.92,22727.32,-6360.18,174.2,380.32,-6185.98,-5805.67,,,,,
4981,1836.39,4420.83,5209.99,509.56,271.71,-178.89,-3965.3,-32251.49,1732.23,22726.54,-6273.83,173.87,311.58,-6099.96,-5788.38,,,,,
4991,1823.35,4475.31,5282.05,505.93,289.75,-193.42,-3926.65,-32125.2,1737.28,22621.54,-6375.33,178.59,489.94,-6196.74,-5706.8,,,,,
5001,1829.14,4416.25,5202.88,500.6,277.14,-181.52,-3923.88,-32097.67,1762.87,22525.36,-6337.01,176.49,311.17,-6160.52,-5849.35,,,,,
5011,1824.29,4474.3,5193.36,515.21,263.28,-207.06,-3998.49,-32158.18,1715.64,22629.24,-6317.16,175.34,251.59,-6141.82,-5890.23,,,,,
5021,1809.46,4328.36,5194.15,492.33,281.94,-186.8,-4003.86,-32212.81,1755.5,22781.03,-6333.63,173.69,239.29,-6159.94,-5920.65,,,,,
5031,1846.06,4395.17,5183.03,505.42,277.57,-180.25,-3995.2,-32138.31,1707.88,22723.02,-6416.86,176.94,324.4,-6239.92,-5915.52,,,,,
5041,1837.88,4405.54,5179,514.96,276.11,-194.99,-3957.93,-32140.45,1723.08,22672.31,-6342.5,179.22,315.51,-6163.28,-5847.76,,,,,
5051,1818.27,4438.45,5200.55,495.24,261.27,-176.72,-3948.66,-32193.06,1738.23,22630.16,-6277.4,175.16,263.73,-6102.25,-5838.52,,,,,
5061,1740.28,4463.2,5283.36,507.89,286.89,-178.88,-3946.51,-32202.42,1761.99,22642.62,-6304.36,175.52,358.42,-6128.84,-5770.42,,,,,
5071,1796.76,4402.37,5250.01,501.8,287.3,-206.44,-4001.39,-31897.15,1751.96,22562.85,-6495.78,177.19,448.05,-6318.6,-5870.54,,,,,
5081,1865.26,4431.12,5262.52,492.94,292.23,-198.84,-3953.2,-32087.49,1725.03,22695.68,-6412.71,174.15,525.25,-6238.56,-5713.32,,,,,
5091,1803.19,4409.78,5203.03,512.32,279.24,-150.16,-3970.88,-32071.11,1750.69,22683.51,-6448.48,172.62,449.61,-6275.86,-5826.26,,,,,
5101,1849.52,4405.74,5204.46,497.7,283,-198.29,-3980.43,-31994.48,1725.4,22625.67,-6437.8,175.72,418.3,-6262.08,-5843.78,,,,,
5111,1816.61,4472.14,5194.17,517.3,273.46,-186.57,-3936.38,-31963.62,1768.43,22692.57,-6538.89,174.16,648.11,-6364.73,-5716.63,,,,,
5121,1771.34,4424.08,5244.5,507.19,271.31,-215.84,-3982.54,-32139.04,1739.14,22665.41,-6367.48,173.27,285.56,-6194.22,-5908.66,,,,,
5131,1803.34,4416.15,5191.43,507.95,269.77,-165.54,-3940.62,-32103.82,1766.52,22579.66,-6361.82,174.65,324.84,-6187.17,-5862.32,,,,,
5141,1823.29,4439.96,5205.36,515.59,271.26,-202.75,-3938.73,-32143.92,1750.06,22679.13,-6346.55,177.64,399.24,-6168.91,-5769.67,,,,,
5151,1796.02,4413.69,5225.68,517.5,276.79,-193.1,-3957.48,-31945.16,1737.65,22525.58,-6453.72,175.61,397.17,-6278.11,-5880.94,,,,,
5161,1788.5,4460.16,5226.28,507.8,255.51,-174.31,-3948.6,-32176.34,1756.18,22614.79,-6317.64,177.89,309.98,-6139.74,-5829.76,,,,,
5171,1903.01,4442.99,5220.1,519.7,291.46,-203.34,-3926.33,-31930.53,1737.66,22634.55,-6536.83,178.84,689.28,-6357.98,-5668.7,,,,,
5181,1837.4,4481.34,5207.71,514.11,279.79,-199.93,-3980.91,-31983.89,1749.67,22589.82,-6443.8,175.25,495.1,-6268.55,-5773.45,,,,,
5191,1871.43,4579.11,5274.49,519.43,284.2,-213.3,-3952.68,-32237.2,1696.59,22569.39,-6221.25,174.92,391.46,-6046.33,-5654.87,,,,,
5201,1830.25,4479.85,5201.56,501.32,272.9,-176,-3959.61,-32244.96,1732.25,22759.45,-6313.78,175.47,397.02,-6138.31,-5741.29,,,,,
5211,1855.68,4359.98,5227.13,512.68,281.3,-169.84,-3956.89,-32220.94,1738.19,22668.49,-6277.15,174.08,295.78,-6103.08,-5807.3,,,,,
5221,1842.37,4471.4,5196.58,510.55,256.15,-176.5,-3945.91,-32250.93,1707.68,22571.44,-6226.35,174.65,182.84,-6051.7,-5868.86,,,,,
5231,1828.66,4469.35,5220.18,498.5,269.67,-179.81,-3936.48,-31937.24,1747.38,22643.66,-6547.3,179.2,623.88,-6368.1,-5744.22,,,,,
5241,1826.45,4583.64,5168.83,500.44,292.68,-187.61,-3982.82,-32056.37,1711.74,22648.29,-6408.72,174.32,505.26,-6234.4,-5729.14,,,,,
5251,1727.23,4528.48,5185.42,507.59,289.07,-183.05,-3957.79,-32169.05,1751.55,22702.61,-6388.24,176.47,382.08,-6211.77,-5829.69,,,,,
5261,1769.65,4439,5215.01,502.55,276.6,-174.58,-3949.98,-32258.33,1725.37,22804.47,-6321.38,178.52,349.76,-6142.86,-5793.1,,,,,
5271,1816.3,4481.75,5189.57,513.02,282.19,-205.32,-3995.39,-32122.7,1745.46,22702.13,-6400.88,175.42,407.01,-6225.46,-5818.46,,,,,
5281,1740.12,4438.47,5207.21,488.55,257.61,-187.25,-3967.04,-32176.89,1748.05,22744.69,-6347.33,172.48,293.54,-6174.85,-5881.32,,,,,
5291,1780.69,4481.86,5233.65,513.13,282.93,-173.34,-3945.01,-32278.55,1737.23,22751.09,-6290.01,177.05,383.67,-6112.96,-5729.29,,,,,
5301,1776.22,4390.01,5265.33,497.38,291.88,-227.77,-3929.68,-32263.48,1734.01,22868.71,-6372.42,177.93,402.62,-6194.48,-5791.86,,,,,
5311,1841.34,4457.91,5233.29,518.95,276.98,-172.81,-3946.81,-32152.15,1709.37,22751.17,-6408.3,177.07,517.24,-6231.23,-5713.99,,,,,
5321,1791.41,4484.7,5226.32,502.4,253.67,-197.39,-3926.58,-32135.91,1714.99,22702.31,-6403.97,176.04,415.92,-6227.94,-5812.01,,,,,
5331,1851.04,4500.41,5188.53,513.01,281.07,-228.34,-3954.47,-32342.87,1750.36,22761.66,-6258.25,175.48,320.41,-6082.77,-5762.36,,,,,
5341,1841.13,4512.38,5202.12,508.32,290.41,-176.9,-3924.12,-32128.85,1752.04,22722.15,-6403.54,174.03,598.68,-6229.51,-5630.83,,,,,
5351,1796.4,4496.92,5212.12,521.94,266.24,-213.32,-3971.56,-32228.5,1743.01,22740.31,-6314.59,174.13,363.57,-6140.45,-5776.88,,,,,
5361,1786.11,4407.18,5237.46,507.63,282.05,-215.5,-3904.65,-32321.95,1768.21,22801.05,-6308.22,179.44,347.6,-6128.78,-5781.18,,,,,
5371,1830.74,4449.86,5239.16,489.57,253.83,-173.57,-3913.18,-32197.52,1735.77,22717.14,-6377.22,179.02,431.8,-6198.2,-5766.4,,,,,
5381,1785.49,4497.97,5210.65,485.85,264.11,-177.22,-3919.86,-32234.49,1758.41,22731.56,-6316.94,178.26,402.46,-6138.68,-5736.22,,,,,
5391,1836.8,4407.63,5206.82,539.82,272.06,-200.99,-3916.77,-32073.57,1705.94,22747.21,-6509.8,178.63,524.95,-6331.16,-5806.21,,,,,
5401,1815.59,4363.07,5253.63,493.47,270.34,-192.46,-3948.88,-32076.64,1740.62,22795.63,-6512.48,180.67,514.37,-6331.81,-5817.44,,,,,
5411,1887,4497.34,5260.49,511.09,288.97,-194.28,-3960.46,-32074.45,1706.41,22622.26,-6445.14,177.93,544.38,-6267.21,-5722.83,,,,,
5421,1834.92,4478.07,5251.97,493.88,266.74,-187.99,-3931.87,-32102.14,1689.38,22702.11,-6473.87,179.73,495.07,-6294.14,-5799.07,,,,,
5431,1832.16,4472.46,5228.25,505.3,286.69,-163.35,-3959.06,-32028.84,1752.6,22765.57,-6538,177.07,691.77,-6360.94,-5669.16,,,,,
5441,1749.54,4487.68,5240.07,491.24,290.64,-192.17,-3926.74,-32014.59,1765.13,22622.79,-6461.01,176.71,513.59,-6284.3,-5770.71,,,,,
5451,1873,4460.87,5263.72,518.43,291,-191.18,-3899.19,-32107.1,1769.9,22731.19,-6449.64,176.8,710.63,-6272.84,-5562.22,,,,,
5461,1819.56,4492.15,5209.58,506.79,263.89,-177.99,-3950.78,-32199.04,1704.88,22766.11,-6401.81,175.62,435.15,-6226.19,-5791.03,,,,,
5471,1866.49,4466.69,5203.03,500.7,267.77,-195.3,-3906.29,-32016.2,1744.16,22715.66,-6510.94,179.2,646.71,-6331.74,-5685.03,,,,,
5481,1840.88,4425.03,5174.82,517.43,277.37,-172.87,-3907.78,-32120.14,1766.45,22715.91,-6477.41,178.87,517.1,-6298.54,-5781.44,,,,,
5491,1779.09,4399.92,5183.29,499.49,288.94,-178.31,-3958.69,-32103.95,1739.85,22731.25,-6455.34,180.91,380.87,-6274.42,-5893.56,,,,,
5501,1866.38,4468.58,5171.85,507.39,283.77,-181.26,-3925.18,-32229.03,1714.94,22734.77,-6401.57,179.84,412.2,-6221.73,-5809.54,,,,,
5511,1892.29,4400.97,5259.72,505.21,279.7,-203.54,-3916.22,-32097.57,1720.37,22723.01,-6467.75,181.46,563.94,-6286.29,-5722.35,,,,,
5521,1801.41,4465.06,5198.82,495.21,276.24,-168.52,-3960.46,-31966.64,1722.63,22666.11,-6518.25,178.69,529.85,-6339.56,-5809.71,,,,,
5531,1792.11,4513.91,5253.84,524.7,305.83,-184.9,-3961.37,-32235.4,1746.26,22658.4,-6295.4,174.43,413.38,-6120.96,-5707.59,,,,,
5541,1801.17,4406.72,5232.66,502.56,281.13,-185.54,-3885.99,-32347.68,1747.71,22719.99,-6302.16,182.33,272.73,-6119.83,-5847.1,,,,,
5551,1780.37,4461.39,5250.77,508.42,261.27,-184.25,-3896.37,-32183.38,1749.67,22678.75,-6390.87,180.15,426.64,-6210.72,-5784.08,,,,,
5561,1855.14,4485.98,5231.19,507.91,277,-198.62,-3962.07,-32300.64,1729.87,22683.8,-6249.25,175.08,309.56,-6074.17,-5764.61,,,,,
5571,1816.93,4499.24,5195.48,498.41,260.03,-172.09,-3915.57,-32301.67,1696.45,22634.44,-6236.49,175.44,211.63,-6061.05,-5849.42,,,,,
5581,1858.59,4451.8,5213.66,515.44,280.27,-177.33,-3944.12,-32417.24,1706.03,22706.6,-6198.86,176.35,193.68,-6022.51,-5828.83,,,,,
5591,1814.21,4451.05,5181.91,509.62,264.12,-166.41,-3924.41,-32056.43,1723.38,22654.8,-6465.52,178.94,451.85,-6286.59,-5834.73,,,,,
5601,1783.15,4381.94,5194.52,505.11,287.71,-182.46,-3933.42,-32334.9,1739.72,22750.65,-6289.71,177.29,192.03,-6112.43,-5920.4,,,,,
5611,1849.86,4453.76,5220.49,501.63,272.18,-188.62,-3949.71,-32252.38,1713.38,22736.34,-6302.57,176.77,356.93,-6125.79,-5768.86,,,,,
5621,1860.42,4412.62,5190.56,494.09,282.1,-165.24,-3948.82,-32265.46,1718.73,22837.31,-6365.97,178.08,416.31,-6187.88,-5771.57,,,,,
5631,1738.89,4387.39,5242.17,506.2,277.14,-191.2,-3935.79,-32260.61,1797.11,22739.18,-6277.13,174.43,300.48,-6102.7,-5802.21,,,,,
5641,1867.4,4412.68,5185.07,495.64,278.72,-181.19,-3978.16,-32146.49,1747.56,22780.55,-6410.02,177.41,461.77,-6232.61,-5770.84,,,,,
5651,1793.53,4390.63,5201.32,508.06,279.75,-179.38,-3947.12,-32232.32,1743.15,22759.05,-6361.3,175.98,316.68,-6185.32,-5868.64,,,,,
5661,1745.84,4507.69,5216.67,508.31,263.08,-163.19,-3957.83,-31969.76,1754.4,22669.63,-6536.28,180.38,574.85,-6355.91,-5781.06,,,,,
5671,1806.7,4426.45,5174.22,507.85,270.84,-154.58,-3929.49,-32359.65,1761.42,22773,-6246.64,174.24,276.76,-6072.4,-5795.64,,,,,
5681,1793.71,4480.4,5223.57,518.48,278.73,-170.59,-3973.36,-32046.04,1750.84,22688.06,-6459.96,177.45,543.79,-6282.51,-5738.73,,,,,
5691,1851.76,4403.66,5250.34,507.79,289.11,-179.9,-3925.34,-32366,1744.44,22694.53,-6246.84,174.46,270.4,-6072.38,-5801.98,,,,,
5701,1743.52,4457.11,5191.83,502.14,265.14,-160.68,-3943.32,-32270.58,1755.38,22751.71,-6316.41,176.79,292.25,-6139.62,-5847.38,,,,,
5711,1779.67,4576.48,5224.27,513.81,270.76,-202.55,-3937.89,-32098.08,1711.78,22590.39,-6376.01,180.03,428.63,-6195.98,-5767.35,,,,,
5721,1797.09,4382.16,5234.02,504.32,266.11,-191.15,-3957.81,-32199.3,1730.17,22728.95,-6320.75,176.88,294.56,-6143.87,-5849.31,,,,,
5731,1850.41,4387.22,5230.41,512.52,298.71,-191.39,-3912.22,-32490.09,1713.23,22821.42,-6177.8,175.84,220.22,-6001.96,-5781.74,,,,,
5741,1828.17,4395.07,5229.48,499.52,275.41,-199.96,-3945.95,-32353.1,1726.71,22759.06,-6225.57,176.43,214.41,-6049.14,-5834.72,,,,,
5751,1835.65,4420.86,5195.33,509.09,270.68,-193.82,-3919.66,-32316.79,1754.44,22711.27,-6294.35,174.1,267.05,-6120.25,-5853.21,,,,,
5761,1804.09,4457.8,5236.01,505.73,277.54,-193.66,-3880.91,-32388.47,1751.79,22708.2,-6240.88,181.77,278.13,-6059.1,-5780.98,,,,,
5771,1807.94,4466.52,5225.23,505.69,257.88,-173.39,-3933.64,-32293.14,1720.39,22726.82,-6278.98,177.96,310.28,-6101.02,-5790.74,,,,,
5781,1864.42,4409.59,5175.1,503.34,245.02,-166.55,-3952.9,-32103.79,1719.8,22657.4,-6396.75,177.51,351.44,-6219.24,-5867.8,,,,,
5791,1763.22,4410.48,5252.46,492.44,290.6,-170.03,-3946.87,-32370.67,1725.82,22700.8,-6180.47,177.23,148.26,-6003.24,-5854.98,,,,,
5801,1780.81,4427.43,5208.4,504.95,283.82,-198.9,-3912.64,-32409.94,1759.26,22720.93,-6200.18,172.75,164.1,-6027.43,-5863.33,,,,,
5811,1747.78,4452.51,5213.97,514.71,278.33,-205.4,-3973.33,-32437.68,1759.56,22748.34,-6132.31,176,98.8,-5956.31,-5857.5,,,,,
5821,1807.63,4485.18,5248.34,525.45,284.11,-216.92,-3966.6,-32342.87,1747.64,22627.34,-6209.4,177.2,199.3,-6032.2,-5832.9,,,,,
5831,1838.29,4453.67,5256.55,508.92,277.23,-177.04,-3962.31,-32488.14,1723.6,22743.35,-6108.24,174.59,174.12,-5933.65,-5759.53,,,,,
5841,1830.68,4428.12,5227.8,514.74,258.58,-190.3,-3956.46,-32296.08,1742.47,22624.12,-6209.29,175.94,183.67,-6033.35,-5849.69,,,,,
5851,1838.17,4443.75,5216.77,532.58,275.13,-166.96,-3948.83,-32195.06,1745.75,22715.27,-6333.94,173.45,456.57,-6160.49,-5703.92,,,,,
5861,1842.31,4387.46,5268.43,513.66,283.16,-213.71,-3970.17,-32334.46,1772.9,22732.67,-6256.32,175.65,282.25,-6080.67,-5798.42,,,,,
5871,1735.28,4550.55,5226.91,515.26,273.7,-171.22,-3942.48,-32379.74,1751.06,22777.9,-6212.46,176.58,337.23,-6035.88,-5698.65,,,,,
5881,1859.19,4387.72,5234.23,495.11,283.3,-198.41,-3977.9,-32146.77,1728.65,22711.05,-6390.39,174.87,376.18,-6215.52,-5839.34,,,,,
5891,1798.12,4476.16,5171.98,507.83,267.83,-207.26,-3964.68,-32149.39,1779.22,22692.28,-6356.19,174.17,372.08,-6182.03,-5809.94,,,,,
5901,1799.39,4542.57,5197.02,495.4,273.84,-168.2,-3951.72,-32030.36,1700.92,22717.03,-6500.55,178.89,575.87,-6321.66,-5745.79,,,,,
5911,1786.06,4416.94,5215.86,508.4,277.22,-175.19,-3932.41,-32233.49,1716.54,22804.15,-6427.36,177.56,384.07,-6249.8,-5865.73,,,,,
5921,1785.2,4498.25,5246.07,502.73,291.25,-203.78,-3911.08,-32357.27,1753.96,22726.19,-6261.86,180.38,331.51,-6081.48,-5749.97,,,,,
5931,1799.34,4400.06,5215.38,520.78,290.8,-172.63,-3937.77,-32287.64,1742.04,22806.14,-6355.27,179.31,376.48,-6175.97,-5799.48,,,,,
5941,1755.05,4459.34,5224.8,492.21,260.84,-206.24,-3942.35,-32006.92,1721.81,22681.74,-6529.1,180.18,440.27,-6348.92,-5908.64,,,,,
5951,1808.41,4437.59,5192.69,501.68,286.84,-184.32,-3911.99,-32171.62,1711.82,22762.39,-6468.67,181.82,433.48,-6286.85,-5853.37,,,,,
5961,1786.36,4383.06,5242.83,504.73,290.35,-186.2,-3942.88,-32126.75,1732.88,22782.4,-6445.17,178.55,466.79,-6266.62,-5799.83,,,,,
5971,1793.57,4584.35,5218.39,502.1,292.09,-195.75,-3944.99,-32083.85,1710.17,22634.74,-6488.74,180.24,510.82,-6308.5,-5797.69,,,,,
5981,1801.13,4448.07,5195.33,511.5,265.42,-188.45,-3924.82,-32054.68,1713.14,22690.18,-6479.68,179.62,456.83,-6300.07,-5843.23,,,,,
5991,1794.29,4467.37,5187.01,507.73,276.62,-184.54,-3934.08,-32175.09,1748.44,22905.66,-6498.35,183.01,593.41,-6315.34,-5721.93,,,,,
6001,1812.83,4423.46,5245.03,495.57,267.84,-222.14,-3889.84,-32040.37,1730.43,22766.66,-6505.38,182.01,589.45,-6323.37,-5733.92,,,,,
6011,1813.8,4448.01,5256.84,524.28,274.78,-176.56,-3892.76,-32142.93,1732.75,22749.8,-6457.09,182.54,588.02,-6274.55,-5686.53,,,,,
6021,1805.83,4413.65,5230.85,513.63,267.33,-182.18,-3932.47,-32065.65,1728.73,22791.8,-6539.54,177.66,571.52,-6361.88,-5790.36,,,,,
6031,1817.7,4448.61,5208.14,513.2,277.77,-212.46,-3959.9,-32314.22,1742.29,22833.58,-6328.98,176.76,354.71,-6152.22,-5797.52,,,,,
6041,1838.67,4409.14,5217.47,511.18,276.9,-187.95,-3934.22,-32102.9,1716.55,22674.5,-6465.25,180.55,419.36,-6284.7,-5865.35,,,,,
6051,1766.81,4578.72,5206.39,519.87,277.23,-210.03,-3957.68,-32280.8,1777.76,22650.29,-6243.58,171.68,328.55,-6071.9,-5743.35,,,,,
6061,1830.09,4358.22,5212.03,494.34,260.77,-188.16,-3932.56,-32375.98,1721.12,22831.84,-6263.24,177.45,211.72,-6085.79,-5874.08,,,,,
6071,1799.52,4430.21,5232.33,503.96,272.56,-178.94,-3934.12,-32321.91,1692.33,22835.62,-6388.9,174.61,331.55,-6214.29,-5882.74,,,,,
6081,1856.27,4413.56,5222.19,511.18,269.99,-183.7,-3924.22,-32205.46,1715.4,22720.59,-6391.92,177.65,395.81,-6214.27,-5818.46,,,,,
6091,1820.77,4481.25,5223.95,506.96,281.14,-186.98,-3972.51,-32088.06,1719.99,22760.46,-6493.79,176.66,546.97,-6317.14,-5770.16,,,,,
6101,1801.79,4408.34,5190.89,494.3,271.21,-186.81,-3998.69,-32046.06,1722.56,22738.26,-6502.34,177.31,395.79,-6325.04,-5929.25,,,,,
6111,1806.34,4411.64,5194.72,498.95,283.57,-173.19,-3951.89,-32092.12,1758.15,22796.57,-6545.59,174.94,532.73,-6370.65,-5837.92,,,,,
6121,1760.72,4427.38,5196.49,513.06,268.29,-201.64,-3950,-32184.49,1778.97,22933.82,-6490.64,180.36,542.6,-6310.28,-5767.68,,,,,
6131,1773.62,4537.53,5227.32,512.52,291.42,-188.14,-3961.75,-32214.27,1735.23,22781.45,-6404.79,176.43,494.92,-6228.36,-5733.44,,,,,
6141,1853.95,4432.87,5233.25,490.51,277.57,-211.12,-3936.2,-32308.95,1752.15,22804.52,-6308.18,178.48,388.55,-6129.7,-5741.15,,,,,
6151,1806.94,4362.99,5227.26,496.59,274.21,-217.9,-3947.36,-32370.05,1717.27,22805.51,-6241.08,179.49,155.46,-6061.6,-5906.14,,,,,
6161,1789.61,4562.15,5249.31,503.34,276.16,-206.1,-3972.04,-32297.1,1723.04,22781.26,-6322.43,180.14,409.63,-6142.29,-5732.66,,,,,
6171,1803.42,4514.57,5251.28,500.47,303.87,-208.27,-3956.2,-32466.25,1762.5,22874.69,-6202.03,178.35,380.08,-6023.68,-5643.6,,,,,
6181,1817.52,4447.68,5254.89,498.94,271.21,-185.5,-3957.98,-32211.34,1724.36,22709.66,-6317.54,176.8,369.43,-6140.74,-5771.31,,,,,
6191,1826.61,4458.05,5170.96,503.56,282.59,-194.65,-3871.54,-32451.33,1740.25,22698.45,-6196.53,179.01,162.96,-6017.52,-5854.56,,,,,
6201,1836.71,4546.24,5232.37,520.76,272.53,-211.5,-3924.26,-32396.98,1743.66,22766.54,-6267.32,178.55,386.07,-6088.77,-5702.71,,,,,
6211,1846.37,4371.29,5199.84,511.84,256.26,-202.93,-3945.21,-32308.21,1713.63,22823.92,-6316.31,179.37,266.8,-6136.93,-5870.13,,,,,
6221,1756.3,4371.2,5222.17,497.36,263.06,-194.68,-3955.85,-32329.61,1759.4,22865.78,-6335.32,180.97,255.13,-6154.35,-5899.22,,,,,
6231,1801.09,4467.82,5264.75,515.66,275.46,-195.13,-3912.87,-32350,1710.73,22750.53,-6311.44,182.35,328.05,-6129.09,-5801.04,,,,,
6241,1799.59,4453.31,5277.82,492.67,277.86,-205.18,-3920.19,-32273.99,1735.21,22736.86,-6287.68,177.68,373.97,-6110,-5736.03,,,,,
6251,1771.9,4474.41,5172.15,502.95,280.97,-169.94,-3945.95,-32166.27,1731.5,22746.57,-6407.1,182.52,398.28,-6224.57,-5826.29,,,,,
6261,1827.41,4490.69,5217.15,516.77,274.59,-195.4,-3912.77,-32177.28,1725.23,22798.43,-6413.93,182.88,564.84,-6231.06,-5666.22,,,,,
6271,1798.4,4455.06,5217.45,506.86,271.94,-178.17,-3918.62,-32288.07,1768.49,22750.66,-6324.94,178.4,383.99,-6146.53,-5762.54,,,,,
6281,1859.53,4463,5225.35,519.49,241.28,-212.72,-3895.47,-32263.57,1767.96,22715.22,-6308.97,178.87,420.07,-6130.1,-5710.03,,,,,
6291,1759.09,4399.13,5249.34,502.6,267.65,-192.11,-3922.98,-32373.77,1772.55,22824.26,-6278.7,178.4,285.76,-6100.3,-5814.54,,,,,
6301,1789.92,4398.82,5238.13,500.51,270.59,-201.54,-3924.98,-32011.31,1752.62,22808.58,-6548.35,183.45,621.34,-6364.9,-5743.56,,,,,
6311,1824.56,4414.78,5224.16,511,282.48,-217.52,-3908.62,-32181.18,1752.79,22846.46,-6465.56,180.92,548.9,-6284.64,-5735.74,,,,,
6321,1813.69,4429.14,5236.54,511.92,297.84,-210.86,-3963,-32099.06,1742.7,22772.22,-6485.85,177.57,531.13,-6308.28,-5777.15,,,,,
6331,1865.52,4539.64,5230.02,529.58,272.95,-202.94,-3941.94,-32185.52,1698.57,22752.2,-6378.73,179.32,558.07,-6199.41,-5641.34,,,,,
6341,1811.43,4533.57,5201.21,523.78,280.58,-185.46,-3966.17,-32141.12,1710.24,22744.77,-6453.28,175.69,512.82,-6277.59,-5764.76,,,,,
6351,1831.32,4446.26,5214.69,505.1,276.53,-200.1,-3915.62,-32139.4,1720.03,22751.01,-6434.07,179.97,489.82,-6254.1,-5764.28,,,,,
6361,1833.04,4451.73,5230.49,506.62,288.28,-199.09,-3975.03,-32210.97,1700.75,22741.83,-6354.6,174.6,367.66,-6179.99,-5812.33,,,,,
6371,1842.76,4537.28,5266.28,512.81,294.6,-178.31,-3912.16,-31984.02,1725.82,22648.47,-6518.57,179.1,753.54,-6339.46,-5585.92,,,,,
6381,1826.62,4358.39,5221.16,493.66,275.95,-189.21,-3983.29,-31946.15,1713.64,22651.72,-6536.76,177.68,422.49,-6359.08,-5936.59,,,,,
6391,1836.2,4450.62,5200.76,526.25,267.49,-186.21,-3942.05,-32002.65,1769.35,22786.99,-6546.85,178.93,706.75,-6367.92,-5661.17,,,,,
6401,1837.01,4421.44,5220.79,504.2,271.52,-170.18,-3931.77,-32236.29,1754.03,22847.21,-6391.03,175.56,517.97,-6215.46,-5697.49,,,,,
6411,1805.43,4512.37,5278.57,503.92,272.49,-198.74,-3884.46,-32258.16,1772.2,22748.86,-6390.94,173.83,552.49,-6217.11,-5664.62,,,,,
6421,1854.88,4419.75,5246.37,497.12,290.02,-197.28,-3943.41,-32201.92,1685.95,22761.45,-6359.2,178.54,412.91,-6180.65,-5767.74,,,,,
6431,1793.38,4495.19,5159.37,510.58,277.8,-218.3,-4012.43,-32180,1746.01,22707.91,-6340.92,176.4,279.52,-6164.52,-5885,,,,,
6441,1876.5,4457.22,5231.52,513.62,263.49,-173.75,-3959.77,-32118.29,1736.7,22698.95,-6377.67,180.34,526.19,-6197.32,-5671.13,,,,,
6451,1783.92,4416.71,5246.19,507.36,288.97,-178.2,-4021.86,-32238.37,1738.29,22608.61,-6213.45,169.97,151.62,-6043.48,-5891.86,,,,,
6461,1868.2,4430.68,5243.08,527.43,296.34,-160.78,-3950.99,-32316.56,1710.43,22781.91,-6273.13,176.41,429.74,-6096.72,-5666.98,,,,,
6471,1802.49,4336.2,5213.3,492.2,281.86,-186.14,-4006.73,-32330.34,1745.63,22830.01,-6247.28,171.23,178.47,-6076.05,-5897.59,,,,,
6481,1789.73,4427.96,5200.28,503.03,270.09,-183.06,-3957.47,-32286.19,1750.96,22732.52,-6299.79,175.99,247.83,-6123.79,-5875.96,,,,,
6491,1808.67,4452.76,5211.17,516.1,287.16,-176.7,-3930.3,-32152.79,1761.62,22788.67,-6458.44,179.9,566.36,-6278.54,-5712.19,,,,,
6501,1814.05,4512.22,5261.21,511.23,270.31,-201.81,-3995.63,-32114.18,1734.6,22617.99,-6359.59,174.77,409.99,-6184.82,-5774.83,,,,,
6511,1793.37,4449.96,5214.08,490.58,279.76,-183.62,-3987.17,-32008.31,1715.11,22607.97,-6440.09,174.89,371.73,-6265.2,-5893.47,,,,,
6521,1773.73,4343.38,5218.25,500.83,282.12,-185.14,-3931.84,-32185.98,1731.55,22746.62,-6416.76,178.97,293.5,-6237.79,-5944.29,,,,,
6531,1808.73,4425.54,5256.34,518.76,296.41,-203.83,-3913.4,-32270.96,1770.13,22641.52,-6248.7,174.77,329.26,-6073.94,-5744.67,,,,,
6541,1793.58,4449.62,5274.33,511.04,266.09,-210.78,-3923.03,-32206.12,1759,22679.96,-6315.74,177.95,393.69,-6137.79,-5744.1,,,,,
6551,1779.1,4457.3,5221.27,526.27,264.11,-203.62,-3969.4,-32105.4,1758.17,22661.9,-6380.76,179.4,389.7,-6201.36,-5811.66,,,,,
6561,1822.25,4402.3,5234.24,511.83,255.61,-216.84,-3904.26,-32103.63,1718.33,22644.2,-6421.63,176.3,364.03,-6245.33,-5881.3,,,,,
6571,1801.05,4386.44,5276.53,518.92,304.69,-197.13,-3954.99,-32038.76,1755.99,22689.38,-6435.32,179.36,542.13,-6255.96,-5713.84,,,,,
6581,1869.09,4418.82,5244.77,514.15,271.17,-221.61,-3936.51,-32058.89,1713.74,22578.77,-6379.86,178.43,393.51,-6201.42,-5807.91,,,,,
6591,1866.53,4521.9,5213.82,529.42,284.16,-200.76,-3945.83,-32132.25,1723.92,22606.16,-6364.9,176.5,467.08,-6188.4,-5721.32,,,,,
6601,1817.35,4496.6,5232.58,511.04,279.11,-192.37,-3912.71,-32066.75,1729.66,22632.05,-6423.09,176.62,526.58,-6246.48,-5719.9,,,,,
6611,1745.22,4467.7,5186.72,496.06,272.8,-213.89,-3988.05,-31880.25,1739.4,22625.62,-6517.95,180.65,451.34,-6337.3,-5885.96,,,,,
6621,1800.54,4434.47,5209.66,502.11,271.96,-206.5,-3985.2,-32187.67,1729.61,22644.14,-6285.62,177.11,213.11,-6108.51,-5895.39,,,,,
6631,1780.92,4436.24,5234.2,496.21,276.64,-177.82,-3978.94,-32067.71,1754.65,22742.1,-6432.07,178.18,496.49,-6253.89,-5757.4,,,,,
6641,1764.34,4374.26,5227.59,489.36,261.67,-190.17,-3955.81,-32209.58,1738.19,22659.68,-6261.55,176.81,159.53,-6084.74,-5925.2,,,,,
6651,1809.24,4397.63,5245.4,508.4,277.69,-185.69,-3944.11,-31991.39,1745.12,22578.17,-6407.16,177.76,440.46,-6229.39,-5788.93,,,,,
6661,1819.5,4502.54,5226.93,515.79,272.01,-185.84,-3921.79,-32231.59,1711.9,22698,-6306.33,179.72,407.46,-6126.62,-5719.16,,,,,
6671,1777.01,4454.09,5284.79,511.79,287.05,-223.49,-3956.69,-32154.68,1733.32,22680.37,-6324.98,176.28,393.55,-6148.69,-5755.15,,,,,
6681,1772.33,4379.75,5225.04,498.39,281.78,-189.05,-3950.08,-32062.17,1719.89,22599.74,-6386.4,178.69,275.62,-6207.71,-5932.09,,,,,
6691,1780.16,4438.09,5250.75,491.23,273.31,-178.7,-3967.31,-31966.58,1729.84,22685.63,-6514.59,179.24,536.4,-6335.35,-5798.95,,,,,
6701,1809.88,4477.7,5252.15,516.01,285.93,-196.84,-3892.21,-32208.09,1771.31,22643.2,-6287.53,176.19,459.04,-6111.35,-5652.3,,,,,
6711,1857.97,4482.62,5196.09,518.17,267.43,-178.87,-3950.96,-32115.59,1716.26,22541.75,-6299.87,179.22,334.88,-6120.65,-5785.78,,,,,
6721,1822.91,4533.48,5212.91,501.7,275.47,-187.45,-3921.38,-32152.38,1736.72,22703.45,-6352.9,178.3,525.44,-6174.6,-5649.16,,,,,
6731,1778.79,4458.64,5250.8,502.8,283.07,-209.04,-3965.84,-32086.68,1753.03,22674.7,-6368.42,180.41,440.26,-6188.01,-5747.75,,,,,
6741,1790.47,4433.4,5251.81,510.68,276.53,-209.21,-3911.89,-32053.31,1731.22,22642.38,-6446.17,179.4,462.09,-6266.77,-5804.68,,,,,
6751,1881.61,4365.12,5226.62,498.18,280.08,-176.52,-4007.92,-31969.82,1727.38,22647.68,-6451.3,179.94,472.39,-6271.35,-5798.96,,,,,
6761,1850.16,4343.03,5228.62,522.71,274.71,-177.35,-3948.69,-32135.89,1744,22698.39,-6390.53,176.23,399.69,-6214.3,-5814.61,,,,,
6771,1786.53,4440.69,5259.78,512.98,286.62,-190.37,-3935.37,-32164.02,1748.33,22635.19,-6296.08,175.06,380.35,-6121.02,-5740.67,,,,,
6781,1809.08,4461.06,5234.07,518.84,266.41,-170.26,-3890.28,-32110.46,1740.39,22604.52,-6364.72,179.8,463.37,-6184.92,-5721.55,,,,,
6791,1802.76,4439.7,5272.64,494.74,292.74,-204.64,-3973.11,-32137.12,1736.12,22603.83,-6299.51,175.2,327.67,-6124.31,-5796.64,,,,,
6801,1800.41,4571.42,5258.44,504.92,294.51,-201.62,-3967.59,-32209.48,1747.26,22652.3,-6233.69,175.42,450.57,-6058.27,-5607.7,,,,,
6811,1780.42,4474.08,5201.41,516.14,294.54,-191.47,-3962.62,-32140.38,1739.5,22610.93,-6302.28,178.92,322.55,-6123.36,-5800.82,,,,,
6821,1850.28,4536.13,5193.97,500.64,284.69,-207.23,-3943.79,-32242.97,1722.46,22615.8,-6219.32,174.91,309.98,-6044.41,-5734.43,,,,,
6831,1827.1,4465.3,5225.22,506.52,269.06,-177.8,-3917.31,-32134.18,1770.32,22657.11,-6354.03,179.41,491.35,-6174.62,-5683.27,,,,,
6841,1778.12,4424.37,5213.45,499.55,287.71,-223.92,-3925.06,-32023.85,1752.99,22648.04,-6413.93,179.19,431.39,-6234.75,-5803.35,,,,,
6851,1774.14,4508.16,5252.49,503.52,275.3,-195.62,-3941.79,-32224.61,1739.95,22621.49,-6276.3,178.67,313.03,-6097.62,-5784.59,,,,,
6861,1760.15,4399.2,5225.32,509.64,254.49,-188.93,-3888.23,-32206.93,1737.92,22691.65,-6300.06,178.1,294.27,-6121.96,-5827.69,,,,,
6871,1839.29,4405.98,5195.05,514.72,266.1,-171.07,-3941.95,-32125.23,1702.33,22710.42,-6391.28,177.48,395.62,-6213.8,-5818.18,,,,,
6881,1811.03,4442.47,5211.28,501.97,255.36,-191.69,-3968.06,-32127.07,1739.93,22590.53,-6316.59,177.86,265.76,-6138.72,-5872.97,,,,,
6891,1853.25,4465.48,5217.62,506.29,275.95,-200.83,-3933.48,-31978.86,1704.47,22495.5,-6402.37,182.42,405.38,-6219.96,-5814.57,,,,,
6901,1818.89,4530.66,5239.5,515.14,272.71,-183.05,-3970.46,-32032.14,1744.25,22528.9,-6365.27,176.53,464.4,-6188.74,-5724.35,,,,,
6911,1845.44,4425.96,5251.72,512.55,265.23,-188.32,-4022.36,-32140.79,1717.5,22633.7,-6336.53,174.36,300.62,-6162.17,-5861.55,,,,,
6921,1780.87,4369.83,5247.37,513.42,272.92,-194.24,-3913.64,-32151.6,1757.78,22630.82,-6372.39,178.91,313.53,-6193.48,-5879.94,,,,,
6931,1760.08,4485.79,5228.02,515.01,253.81,-225.62,-3956.1,-32203.15,1787.61,22655.53,-6301.02,179.09,300.97,-6121.93,-5820.96,,,,,
6941,1845.33,4486.7,5208.85,519.62,244.35,-201.58,-3933.72,-32114.43,1743.52,22554.43,-6341.7,177.89,353.08,-6163.81,-5810.73,,,,,
6951,1790.68,4367.27,5216.15,497.77,268.07,-179.7,-3971.35,-32065.49,1724.76,22683.8,-6408.46,175.48,331.97,-6232.99,-5901.02,,,,,
6961,1763.14,4566.79,5196.92,519.55,265.97,-189.15,-3958.04,-32179.14,1745.92,22620.08,-6332.31,176.72,352.04,-6155.59,-5803.55,,,,,
6971,1801.57,4433.47,5258.2,510.82,276.7,-214.13,-3897.11,-32306.24,1695.71,22710.38,-6258.43,174.6,269.36,-6083.83,-5814.47,,,,,
6981,1787.71,4374.24,5190.34,499.21,272.21,-192.34,-3973.16,-32212.14,1736.68,22685.13,-6298.33,176.52,167.89,-6121.81,-5953.92,,,,,
6991,1800.38,4414.85,5215.95,481.5,280.41,-178.97,-3934.19,-32480.29,1733.41,22788.75,-6100.19,174.08,121.8,-5926.11,-5804.32,,,,,
7001,1793.49,4413.3,5218.95,493.94,257.23,-183.14,-3947.37,-32261.16,1748.23,22661.44,-6248.9,173.84,194.91,-6075.06,-5880.15,,,,,
7011,1801.81,4421.41,5248.01,506.56,283.75,-190.05,-3945.83,-32217.57,1732.75,22754.1,-6342.9,177.11,394.93,-6165.79,-5770.87,,,,,
7021,1778.22,4447.4,5209.71,517.91,297.06,-180.92,-3886.23,-32259.12,1772.26,22667.2,-6292.52,180.17,363.48,-6112.35,-5748.87,,,,,
7031,1815.12,4372,5196.3,495.81,264.95,-162.53,-3926.94,-32397.37,1728.3,22813.47,-6245.03,176.75,199.12,-6068.28,-5869.16,,,,,
7041,1865.59,4477.12,5170.04,506.8,265.77,-179.04,-3954.04,-32398.84,1728.43,22628.99,-6160.28,174.07,110.82,-5986.2,-5875.38,,,,,
7051,1785.28,4473.18,5231.21,494.46,284.03,-186.26,-3960,-32266.8,1761.32,22651.08,-6241.54,175.79,267.5,-6065.75,-5798.25,,,,,
7061,1754.69,4418,5235.49,507.29,260.74,-186.39,-3930.46,-32391.25,1778.44,22737.52,-6151.95,174.73,184.07,-5977.23,-5793.15,,,,,
7071,1810.39,4477.73,5212.72,499.23,275.6,-181.97,-3900.41,-32415.95,1749.7,22710.59,-6149.21,175.73,237.62,-5973.49,-5735.87,,,,,
7081,1915.57,4397.36,5236.13,517.36,270.71,-174.01,-3941.04,-32368.99,1698.94,22570.44,-6117.89,175.92,122.47,-5941.97,-5819.5,,,,,
7091,1858.89,4398.49,5231.09,513.62,284.13,-175.71,-3965.14,-32454.64,1771.78,22670.82,-6037.49,172.84,133.33,-5864.66,-5731.33,,,,,
7101,1819.88,4416.26,5178.26,495.15,271.9,-161,-3947.31,-32125.06,1715.27,22585.46,-6297.04,176.65,248.81,-6120.39,-5871.58,,,,,
7111,1805.92,4413.87,5194.21,506.03,266.11,-181.19,-3967.48,-32328.75,1746.61,22660,-6164.93,175.63,115.35,-5989.3,-5873.95,,,,,
7121,1842.32,4481.02,5213.07,503.88,288.45,-168.81,-3951.38,-32334.24,1718.7,22590.67,-6106.41,176.75,183.68,-5929.65,-5745.97,,,,,
7131,1767.01,4441.01,5224.25,492.48,289.43,-153.87,-3976.8,-32458.72,1769.63,22784.35,-6126.66,174.83,178.76,-5951.83,-5773.06,,,,,
7141,1813.97,4491.32,5175.19,496.17,275.24,-166.94,-3963.64,-32365.34,1739.55,22631.16,-6109.15,173.05,126.69,-5936.1,-5809.41,,,,,
7151,1813.34,4468.62,5173.83,514.67,279.02,-186.62,-3949.88,-32404.89,1731.57,22719.18,-6210.07,179.01,158.84,-6031.06,-5872.22,,,,,
7161,1841.96,4427.9,5221.1,507.38,281.13,-184.04,-3921.05,-32258.23,1725.5,22621.62,-6263.99,176.04,263.26,-6087.95,-5824.69,,,,,
7171,1814.83,4497.31,5223.17,523.54,274.77,-196.02,-3966.9,-32035.7,1729.94,22579.81,-6339.53,174.77,444.74,-6164.76,-5720.03,,,,,
7181,1837.54,4403.26,5196.13,523.19,268.57,-175.31,-3917.86,-32282.15,1745.55,22585.85,-6237.73,173.12,184.78,-6064.6,-5879.83,,,,,
7191,1813.8,4435.57,5202.26,512.57,283.39,-185.43,-4007.03,-32117.11,1694.54,22697.47,-6403.67,174.47,330.03,-6229.19,-5899.16,,,,,
7201,1761.76,4543.69,5179.42,504.24,276.9,-165.67,-3907.72,-32361.28,1756.75,22647.63,-6193.98,177.95,235.69,-6016.03,-5780.33,,,,,
7211,1863.94,4453.19,5226.07,528.46,291.14,-172.17,-3978.22,-32256.48,1774.23,22718.31,-6279.47,173.98,448.47,-6105.5,-5657.03,,,,,
7221,1842.62,4439.09,5256.66,510.6,251.28,-197.4,-3973.07,-32452.34,1758.53,22723.87,-6152.71,173.15,159.84,-5979.55,-5819.71,,,,,
7231,1804.36,4446.39,5176.08,515,286.04,-159.43,-3951.07,-32399.17,1742.92,22681.66,-6151.09,170.64,142.79,-5980.45,-5837.67,,,,,
7241,1847.57,4498.75,5192.18,509.35,286.89,-154.55,-3937.48,-32340.62,1758.3,22535.26,-6154.75,175.28,195.65,-5979.47,-5783.82,,,,,
7251,1772.11,4454.81,5174.17,506.29,283.05,-161.59,-3960.04,-32401.76,1698.15,22602.54,-6059.54,170.15,-32.27,-5889.39,-5921.66,,,,,
7261,1779.58,4484.14,5211.79,528.43,302.63,-183.11,-3966.89,-32317.94,1748.4,22671,-6198.18,174.95,258.03,-6023.24,-5765.2,,,,,
7271,1897.21,4414.63,5219.71,510.05,284.67,-188.85,-3920.34,-32337.09,1717.49,22676.7,-6240.16,179.38,274.19,-6060.78,-5786.59,,,,,
7281,1810.32,4423.75,5203.06,515.2,259.52,-191.27,-3946.21,-32314.02,1751.69,22788.34,-6317,179.01,300.37,-6137.99,-5837.62,,,,,
7291,1816.33,4495.9,5167.06,507.35,263.68,-173.31,-3910.39,-32325.68,1732.4,22670.1,-6205.76,173.89,243.41,-6031.88,-5788.46,,,,,
7301,1816.57,4496.27,5264.51,509.22,264.14,-214.49,-3951.69,-32399.17,1747.42,22763.34,-6239.55,173.12,296.13,-6066.42,-5770.29,,,,,
7311,1851.21,4473.13,5216.22,518.97,258.6,-192.86,-3973.83,-32284.97,1738.86,22724.39,-6245.85,172.44,329.7,-6073.41,-5743.7,,,,,
7321,1807.78,4404.45,5223.9,497.76,285.42,-163.04,-3904.84,-32199.66,1733.7,22598.98,-6298.06,179.34,284.44,-6118.72,-5834.28,,,,,
7331,1835.85,4475.59,5234.16,498.36,266.75,-192.68,-3983.15,-32012.89,1734.31,22584.04,-6387.81,174.7,440.34,-6213.11,-5772.78,,,,,
7341,1796.8,4461.28,5253.61,518.16,274.87,-187.69,-3927.6,-32242.16,1754.53,22665.44,-6260.42,173.76,367.25,-6086.66,-5719.41,,,,,
7351,1796.07,4380.51,5227.07,500.22,278.96,-186.41,-3953.71,-32210.47,1735.2,22692.41,-6306.67,174.53,259.85,-6132.13,-5872.29,,,,,
7361,1730.16,4474.4,5168.57,507.97,270.73,-197.26,-3952.26,-32303.13,1760.63,22729.56,-6251.82,175.29,189.37,-6076.53,-5887.16,,,,,
7371,1787.41,4463.2,5235.61,533.34,269.35,-165.71,-3978.4,-32198.58,1716.47,22745.89,-6347.05,174.61,408.58,-6172.44,-5763.86,,,,,
7381,1818.89,4383.62,5233.81,501.41,259.35,-210.13,-3919.87,-32141.7,1761.58,22719.24,-6407.21,173.93,406.2,-6233.28,-5827.08,,,,,
7391,1752.63,4463.91,5210.46,499.99,279.8,-197.06,-3980.5,-31924.89,1737.5,22711.7,-6532.32,171.79,553.52,-6360.52,-5807,,,,,
7401,1778.32,4365.99,5204.94,511.99,277.54,-184.63,-3911.61,-32112.57,1744.8,22723.12,-6400.06,174.2,397.88,-6225.86,-5827.98,,,,,
7411,1801.67,4565.28,5275.77,528.02,268.14,-195.53,-3964.81,-32131.62,1727.59,22650.88,-6353.24,173.09,525.39,-6180.15,-5654.75,,,,,
7421,1819.34,4466.45,5201.76,518.46,276.85,-186.03,-3967.15,-32276.04,1725.23,22706.53,-6258.59,173.92,285.39,-6084.67,-5799.28,,,,,
7431,1848.43,4388.27,5148.16,506.61,266.45,-200.36,-3972.06,-32242.52,1719.55,22704.48,-6285.43,177.51,167.02,-6107.91,-5940.9,,,,,
7441,1806.15,4406.31,5193.92,507.32,279.53,-181.48,-3915.97,-32318.87,1728.31,22592.73,-6168.19,173.92,97.94,-5994.28,-5896.33,,,,,
7451,1840.52,4427.66,5211.77,491.3,279.4,-178.76,-3964.77,-32100.83,1723.22,22625.09,-6328.09,172.95,354.6,-6155.14,-5800.54,,,,,
7461,1896.58,4487.68,5180.32,499.56,273.69,-173.61,-3954.58,-32173.68,1707.43,22541.48,-6224.33,174.76,284.87,-6049.56,-5764.7,,,,,
7471,1811.85,4494.97,5173.16,512.34,260.95,-186.45,-3944.49,-32286.08,1734.33,22616.47,-6245.07,174.85,187.06,-6070.21,-5883.16,,,,,
7481,1759.41,4451.74,5243.34,508.22,275.33,-191.9,-3956.16,-32177.62,1737.39,22544.37,-6241.39,176.4,194.12,-6064.99,-5870.87,,,,,
7491,1861.6,4518.03,5224.52,503.54,284.81,-180.72,-3941.12,-32186.37,1681.52,22599.96,-6271.45,176.56,365.78,-6094.89,-5729.11,,,,,
7501,1813.53,4428.6,5199.53,512.33,285.6,-187.68,-3882.82,-32381.12,1709.32,22586.7,-6099.73,179.01,83.98,-5920.72,-5836.74,,,,,
7511,1809.8,4436.98,5214.32,510.89,283.25,-179.7,-3968.87,-32256.21,1740.87,22652.11,-6233.5,175.22,243.44,-6058.28,-5814.84,,,,,
7521,1843.84,4420.95,5193.54,502.83,288.76,-202.75,-3940.48,-32514.93,1723.39,22704.76,-6086.09,171.21,19.92,-5914.88,-5894.96,,,,,
7531,1810.23,4520.24,5197.52,515.46,279.63,-203.82,-3959.76,-32219.91,1731.32,22698.87,-6293.95,174.03,369.78,-6119.92,-5750.14,,,,,
7541,1826.95,4320.58,5230.81,498.12,282.42,-163.22,-3938.1,-32290.86,1775.84,22708.27,-6244.86,176.32,250.82,-6068.54,-5817.72,,,,,
7551,1798.53,4452.65,5180.1,498.18,273.27,-177.57,-3964.97,-32217.07,1730.85,22678.92,-6265.11,173.25,252.88,-6091.86,-5838.98,,,,,
7561,1849.8,4494.26,5209.71,515.01,266.65,-173.04,-3918.08,-32255.81,1723.55,22637.73,-6228.15,182.25,349.79,-6045.89,-5696.1,,,,,
7571,1835.7,4465.72,5232.2,523.5,270.76,-168.54,-3909.41,-32225.35,1752.3,22536.66,-6210.07,176.84,313.54,-6033.23,-5719.7,,,,,
7581,1880.32,4365.12,5210.48,504.09,273.7,-177.74,-3949.66,-32132.34,1692.77,22553.47,-6282.18,174.12,220.2,-6108.05,-5887.85,,,,,
7591,1785.69,4415.99,5224.9,503.27,290.58,-175.65,-3931.83,-32246.12,1724.18,22684.6,-6260.56,176.7,275.62,-6083.86,-5808.24,,,,,
7601,1839.85,4393.18,5211.55,497.14,280.27,-176.86,-3947.38,-32363.66,1709.92,22686.03,-6179.37,176.53,130.02,-6002.84,-5872.82,,,,,
7611,1836.01,4461.79,5241.23,514.49,270.48,-184.35,-3982.71,-32196.88,1747.34,22583.05,-6192.31,174.23,290.44,-6018.09,-5727.65,,,,,
7621,1839.31,4442.19,5204.62,499.1,271.08,-198.81,-3956.61,-32109.49,1736.32,22641.42,-6376.81,178.72,369.11,-6198.09,-5828.98,,,,,
7631,1859.22,4449.66,5204.06,500.98,248.31,-204.81,-3990.02,-32086.52,1714.82,22610.59,-6342.53,177.72,306.29,-6164.81,-5858.51,,,,,
7641,1756.15,4490.37,5145.16,491.97,266.84,-190.43,-3978.43,-32331.33,1749.84,22792.35,-6265.9,171.89,192.49,-6094.01,-5901.52,,,,,
7651,1835.88,4565.2,5166.87,511.8,286.08,-183.51,-4024.97,-32024.5,1750.11,22581,-6393.29,174.89,463.96,-6218.39,-5754.43,,,,,
7661,1817.15,4423.07,5237.16,504.85,300.44,-193.26,-4012.97,-32088.99,1766.71,22662.54,-6362.7,172.21,416.7,-6190.48,-5773.78,,,,,
7671,1804.75,4449.25,5222.58,505.5,267.55,-161.38,-3992.97,-32074.42,1747.16,22622.21,-6403.78,175.12,390.22,-6228.67,-5838.44,,,,,
7681,1819.85,4507.06,5190.83,496.63,265.43,-184.47,-3950.04,-32003.02,1737.69,22638.07,-6448.63,177.94,518.04,-6270.69,-5752.65,,,,,
7691,1755.79,4468.49,5203.57,500.59,278.48,-167.02,-3994.58,-32227.88,1738.3,22703.84,-6286.39,176.84,259.57,-6109.55,-5849.98,,,,,
7701,1860.29,4412.86,5212.21,499.52,288.93,-175.88,-3941.06,-32149.98,1759.8,22547.04,-6260.55,177.19,313.72,-6083.36,-5769.64,,,,,
7711,1781.35,4466.72,5224.6,514.15,282.6,-215.37,-3954.66,-32247.15,1770.77,22672.08,-6224.74,176.04,295.1,-6048.7,-5753.6,,,,,
7721,1737.8,4468.36,5286.57,494.35,304.25,-203.48,-3964.74,-32381.78,1757.36,22597.02,-6055.42,170.98,95.71,-5884.44,-5788.73,,,,,
7731,1826.03,4419.75,5228.29,524.31,263.69,-197.37,-3952.07,-32215.98,1731.51,22616.61,-6231.04,173.94,244.77,-6057.11,-5812.34,,,,,
7741,1827.49,4450.73,5217.87,501.53,248.39,-166.91,-3945.59,-32279.16,1731.53,22549.93,-6135.93,174.1,135.8,-5961.83,-5826.03,,,,,
7751,1747.98,4456.64,5199.02,486.5,286.66,-180.72,-3965.7,-32405.86,1749.08,22689.98,-6113.73,176.33,63.56,-5937.39,-5873.83,,,,,
7761,1833.55,4430.19,5239.43,514,273.31,-190.26,-3892.86,-32222.15,1741.58,22491.91,-6166.62,175.56,218.72,-5991.06,-5772.34,,,,,
7771,1764.48,4482.43,5226.11,497.79,315.34,-190.68,-3925.97,-32285.7,1745.25,22650.36,-6255.88,174.88,279.41,-6080.99,-5801.58,,,,,
7781,1803.23,4454.5,5230.87,514.39,293.86,-160.52,-3915.07,-32362.86,1731.91,22714.13,-6201.71,176.11,304.45,-6025.6,-5721.14,,,,,
7791,1813.62,4389.79,5228.15,514.55,261.6,-192.93,-3933.72,-32391.47,1731.69,22687.94,-6174.31,180.22,109.22,-5994.09,-5884.87,,,,,
7801,1812.4,4374.47,5223.78,507.58,261.02,-157.93,-3946.39,-32161.63,1750.74,22643.36,-6301.63,174.68,307.4,-6126.95,-5819.55,,,,,
7811,1826.06,4399.64,5222.09,501.26,256.05,-189.61,-3931.46,-32248.7,1747.39,22688.39,-6240.67,175.99,271.12,-6064.68,-5793.56,,,,,
7821,1814.94,4448.79,5207.75,511.37,283.88,-203.02,-3934.37,-32089.23,1734.5,22639.64,-6377.57,179.76,414.26,-6197.81,-5783.56,,,,,
7831,1769.21,4544.54,5219.34,513.82,278.74,-208.43,-3956.08,-32148.86,1748.62,22556.37,-6269.24,176.42,317.28,-6092.82,-5775.53,,,,,
7841,1785.88,4476.75,5204.8,513.78,276.64,-191.2,-3992.17,-32267.7,1767.98,22687.87,-6211.54,174.55,262.62,-6036.99,-5774.37,,,,,
7851,1789.62,4563.47,5238.7,503.28,276.83,-202.03,-3902.86,-32259.63,1738.58,22532.93,-6212.22,181.38,278.88,-6030.85,-5751.96,,,,,
7861,1765.14,4414.96,5185.02,509.08,277.59,-197.57,-3937.03,-32217.12,1738.44,22664.67,-6303.01,177.79,203.16,-6125.22,-5922.06,,,,,
7871,1808.61,4410.45,5196.91,502.31,268.07,-203.56,-3966.52,-32157.42,1722.17,22665.04,-6353.72,176.52,246.07,-6177.2,-5931.14,,,,,
7881,1882.91,4460.2,5223.87,493.12,283.96,-199.89,-3977.83,-32089.49,1707.96,22634,-6404.23,179.89,418.82,-6224.33,-5805.51,,,,,
7891,1830.76,4475.52,5211.09,501.32,273.96,-168.46,-3920.96,-32137.72,1732.16,22592.98,-6315.27,176.24,390.64,-6139.04,-5748.4,,,,,
7901,1830.26,4438.02,5217.62,519.42,270.01,-194.39,-3984.35,-32211.27,1743.81,22632.12,-6241.51,175.83,261.26,-6065.67,-5804.42,,,,,
7911,1798.61,4420.75,5192.19,505.99,281.44,-181.77,-3940.29,-32044.22,1725.67,22687.28,-6427.4,179.66,445.65,-6247.74,-5802.09,,,,,
7921,1818.12,4455.71,5180.19,510.37,292.46,-197.72,-3951.58,-32199.48,1706.01,22803.48,-6339.02,176.54,417.58,-6162.48,-5744.9,,,,,
7931,1784.81,4448.07,5228.15,510.61,294.55,-171.31,-3991.97,-32094.01,1747.38,22648.53,-6348.62,173.02,404.81,-6175.6,-5770.79,,,,,
7941,1840.62,4413.53,5220.87,507.84,276.02,-199.21,-3961.86,-32142.04,1768.96,22697,-6384.46,174.23,421.74,-6210.22,-5788.49,,,,,
7951,1840.02,4513.84,5194.6,501.39,251.01,-196.78,-4009.59,-32393.36,1737.72,22706.04,-6146.97,173.52,144.89,-5973.45,-5828.55,,,,,
7961,1823.24,4391.34,5221.57,495.26,277.02,-183.9,-3956.4,-32365.94,1716.5,22742.31,-6177.45,171.64,161.01,-6005.81,-5844.8,,,,,
7971,1839.27,4432.48,5177.48,521.24,273.26,-203.39,-3901.77,-32341.95,1755.86,22685.35,-6232.88,175.71,237.84,-6057.17,-5819.33,,,,,
7981,1830.62,4411.18,5229.52,519.69,295.24,-199.8,-3968.86,-32204.58,1745.69,22821.91,-6375.08,176.53,480.61,-6198.55,-5717.94,,,,,
7991,1905.77,4475.49,5209.2,507.43,285.97,-179.8,-3977.28,-32054.21,1712.79,22544.21,-6368.38,177.13,429.57,-6191.26,-5761.68,,,,,
8001,1772.47,4472.57,5247.75,497.9,267.76,-196.78,-3937.24,-32167.5,1774.72,22667.2,-6354.88,177.6,398.85,-6177.28,-5778.43,,,,,
8011,1834.84,4492.8,5235.26,500.72,284.53,-179.19,-3934.76,-32227.63,1743.35,22605.15,-6296,178.9,355.08,-6117.09,-5762.02,,,,,
8021,1773.68,4489.9,5189.34,503.04,270.33,-180,-3913.01,-32186.97,1712.53,22681.92,-6343.18,177.09,340.77,-6166.08,-5825.31,,,,,
8031,1810.47,4454.11,5192.85,510.56,274.89,-183.74,-3930.52,-32095.86,1725.39,22714.15,-6415.67,176.45,472.3,-6239.22,-5766.92,,,,,
8041,1850.94,4466.85,5223.01,509.25,277.98,-194.89,-3954.57,-32290.46,1730.25,22557.53,-6125.25,175.23,175.9,-5950.02,-5774.12,,,,,
8051,1736.45,4467.07,5162.98,501.95,278.52,-162.03,-3965.17,-32225.29,1747.72,22656.69,-6263.08,176.6,198.88,-6086.48,-5887.6,,,,,
8061,1833.72,4477.37,5196.4,513.92,290.13,-211.68,-3924.43,-32122.73,1741.26,22696.3,-6364.95,178.21,490.27,-6186.73,-5696.46,,,,,
8071,1798.44,4450.26,5230.94,508.55,279.28,-207.87,-3958.7,-32169.41,1741.49,22690.64,-6364.29,175.14,363.61,-6189.15,-5825.54,,,,,
8081,1833.27,4455.25,5179.49,522.81,281.98,-165.41,-3942.06,-31987.43,1725.31,22626.65,-6466.28,177.05,529.87,-6289.23,-5759.36,,,,,
8091,1782.11,4418.48,5234.14,486.79,287.22,-182.91,-3893.92,-32146.14,1753.01,22661.42,-6367.82,173.95,400.19,-6193.87,-5793.68,,,,,
8101,1724.1,4495.84,5219.03,525.12,273.89,-201.39,-3956.85,-32058.63,1794.63,22665.39,-6408.39,177.84,481.13,-6230.55,-5749.42,,,,,
8111,1812.96,4406.14,5204.84,519.35,272.59,-186.88,-3954.91,-32069.94,1731.59,22703.21,-6433.57,176.32,438.97,-6257.25,-5818.29,,,,,
8121,1778.2,4432.97,5161.73,490.53,271.66,-168.95,-3960.78,-32025.74,1758.42,22675.8,-6435.53,174.73,413.84,-6260.8,-5846.96,,,,,
8131,1842.21,4414.68,5258.68,494.4,284.58,-179.23,-3958.71,-32055.55,1758.38,22657.82,-6409.66,177.13,517.25,-6232.53,-5715.29,,,,,
8141,1820.6,4473.76,5205.54,515.66,293.4,-185.7,-3928.36,-32014.66,1762.66,22585.09,-6416.77,177.7,528,-6239.07,-5711.08,,,,,
8151,1811.05,4403.49,5198.98,505.02,277.7,-178.95,-3961.32,-32346.15,1750.39,22795.13,-6231.7,172.02,255.34,-6059.67,-5804.34,,,,,
8161,1777.78,4324.21,5191.44,498.26,260.85,-174.31,-3942.54,-32147.02,1743.54,22660.67,-6328.59,179.49,192.89,-6149.09,-5956.2,,,,,
8171,1785.63,4482.41,5236.59,508.92,273.03,-197.85,-3994.23,-32131,1731.23,22682.21,-6333,173.28,376.96,-6159.72,-5782.77,,,,,
8181,1801.71,4446.24,5237.43,502.43,280.82,-167,-3952.73,-32055.87,1746.5,22606.2,-6391.04,175.31,445.72,-6215.73,-5770.01,,,,,
8191,1862.51,4443.87,5197.72,503.61,260.08,-188.02,-3971.96,-32135.24,1747.85,22643.75,-6314.05,175.24,364.17,-6138.81,-5774.64,,,,,
8201,1865.68,4419.8,5225.42,507.81,261.32,-174.34,-3957.06,-32091.13,1711.7,22619.43,-6325.76,176.33,388.63,-6149.43,-5760.8,,,,,
8211,1805.76,4507.79,5276.66,511.45,276.27,-194.01,-3984.27,-32027.27,1738.97,22639.59,-6433.92,174.89,550.95,-6259.03,-5708.08,,,,,
8221,1810.96,4449.2,5275.15,512.71,260.91,-171.68,-3959.16,-32073.44,1738.35,22707.2,-6454.68,174.9,550.2,-6279.77,-5729.57,,,,,
8231,1820.43,4528.8,5198.54,523.5,269.38,-186.17,-3933.14,-32095.6,1738.36,22662.03,-6423.2,176.72,526.13,-6246.48,-5720.35,,,,,
8241,1800.75,4466.78,5215.33,523.77,264.88,-171.97,-3948.65,-32224.11,1744.97,22655.61,-6290.52,172.74,327.37,-6117.78,-5790.41,,,,,
8251,1765.9,4440.17,5210.06,493.15,267.53,-190.28,-3938.6,-32153.97,1756.08,22699.28,-6381.11,176.54,349.33,-6204.57,-5855.25,,,,,
8261,1807.25,4434.2,5200.89,487.63,263.21,-166.4,-3940.83,-32058.43,1749.78,22745.63,-6493.17,179.43,522.94,-6313.74,-5790.8,,,,,
8271,1807.17,4408.48,5223.38,506.78,265.5,-195.9,-3961.71,-32084.32,1751.5,22672.19,-6357.07,174.44,393.05,-6182.64,-5789.58,,,,,
8281,1794.49,4451.55,5234.77,511.27,277.74,-190.11,-3926.59,-32050.77,1747.92,22669.38,-6413.2,179.15,519.66,-6234.06,-5714.4,,,,,
8291,1830.97,4421.64,5239.57,519.73,289.65,-206.88,-3944.57,-32034.88,1739.65,22677.7,-6491.05,175.44,532.59,-6315.6,-5783.01,,,,,
8301,1828.94,4414.37,5222.71,515.13,297.89,-163.1,-3986.04,-32034.89,1707.7,22748.91,-6480.2,176.81,551.63,-6303.39,-5751.76,,,,,
8311,1791.34,4464.62,5209.88,512.05,259.02,-165.06,-3985.81,-32022.14,1723.69,22619.59,-6437.31,174.89,407.19,-6262.41,-5855.22,,,,,
8321,1798.87,4430.1,5179.18,519.58,277.28,-178.66,-3969.92,-32033.12,1760.12,22700.09,-6477.02,177.43,483.51,-6299.6,-5816.08,,,,,
8331,1838.11,4467.43,5220.57,517.48,283.66,-194.73,-3956.1,-31898.83,1741.43,22653.79,-6592.21,178.74,672.81,-6413.47,-5740.66,,,,,
8341,1835.76,4452.86,5236.86,511.08,262.65,-184.2,-3967.01,-31972.59,1734.5,22556.75,-6455.71,177.88,466.67,-6277.83,-5811.16,,,,,
8351,1808.2,4440.05,5171.09,513.07,284,-200.9,-3959.97,-31906.3,1739.6,22494.17,-6462.33,177.11,383.03,-6285.22,-5902.19,,,,,
8361,1786.01,4417.62,5208.22,492.19,274.31,-198.46,-3929.81,-31897.63,1753.83,22674.71,-6580.6,181.33,580.99,-6399.27,-5818.28,,,,,
8371,1817.56,4420.32,5209.4,491.8,263.9,-189.39,-3936.96,-32034.89,1736.15,22734.51,-6466.52,179.77,512.4,-6286.75,-5774.35,,,,,
8381,1861.17,4429.57,5212,506.42,282.8,-176.78,-3980.19,-32086.79,1745.77,22630.9,-6392.72,176.65,424.86,-6216.08,-5791.21,,,,,
8391,1830.52,4374.59,5225.93,511.95,255.15,-193.71,-3963.97,-32117.89,1757.12,22576.45,-6304.11,179.2,256.14,-6124.91,-5868.77,,,,,
8401,1836.35,4483.47,5209.9,528.82,293.28,-183.49,-3958.98,-32036.94,1719.32,22652.24,-6433.03,178.23,543.96,-6254.8,-5710.84,,,,,
8411,1796.69,4363.62,5149.66,491.35,250.14,-214.96,-3925.21,-32160.13,1735.36,22716.22,-6354.51,178.14,202.74,-6176.36,-5973.62,,,,,
8421,1870.16,4422.76,5233.2,526.96,275.79,-203.3,-3942.2,-31891.89,1739.6,22642.25,-6547.66,180.64,673.33,-6367.02,-5693.69,,,,,
8431,1804.57,4404.24,5188.2,497.53,270.7,-179.51,-3926.14,-32106.68,1748.54,22681.43,-6382.05,177.27,382.88,-6204.77,-5821.9,,,,,
8441,1770.61,4395.82,5201.38,498.4,257.85,-193.28,-3923.16,-31922.74,1755.85,22619.59,-6533.39,177.6,460.34,-6355.79,-5895.45,,,,,
8451,1839.12,4459.65,5192.65,511.35,266.1,-190.21,-3974.49,-31978.3,1735.45,22598.33,-6415.08,176.73,459.66,-6238.35,-5778.69,,,,,
8461,1832.18,4499.4,5244.68,493.7,289.83,-189.47,-3919.29,-31963.81,1732.91,22621.55,-6488.51,182.28,641.68,-6306.23,-5664.55,,,,,
8471,1809.64,4412.19,5233.65,501.12,254.17,-204.97,-3894.26,-31841.84,1749.7,22608.67,-6592.34,177.92,628.06,-6414.41,-5786.36,,,,,
8481,1748.3,4394.1,5213.48,500.79,287.88,-194.06,-3922.52,-31883.7,1745.71,22670.86,-6580.78,179.73,560.85,-6401.05,-5840.2,,,,,
8491,1850.54,4510.83,5195.95,509.61,264.89,-180.58,-3929.54,-31947.83,1733.36,22640.26,-6551.35,180.15,647.48,-6371.2,-5723.72,,,,,
8501,1846.58,4491.78,5211.11,506.77,270.2,-180.47,-3944.64,-31821.13,1752.59,22494.82,-6503.22,180.4,627.59,-6322.81,-5695.22,,,,,
8511,1711.84,4468.96,5252.48,509.33,276,-170.98,-3999.11,-31936.33,1777.49,22784.84,-6579.59,179.26,674.52,-6400.32,-5725.81,,,,,
8521,1816.88,4430.13,5204.08,501.71,294.63,-179.34,-3919.28,-31787.45,1785.59,22563.21,-6615.07,175.9,710.15,-6439.18,-5729.02,,,,,
8531,1835.8,4430.21,5210.74,530.45,264.02,-171.69,-3954.98,-31809.2,1729.29,22676.45,-6664.79,180.81,741.08,-6483.99,-5742.9,,,,,
8541,1848.23,4485.66,5151.8,511.62,281.61,-168.86,-3953.2,-31682.96,1730.05,22583.38,-6733.68,179.45,787.32,-6554.23,-5766.91,,,,,
8551,1861.49,4308.41,5211.06,499.33,288.33,-190.71,-3961.83,-31847.94,1731.59,22589.29,-6546.7,179.36,489.02,-6367.34,-5878.32,,,,,
8561,1849.83,4329.45,5244.04,487,273.02,-188.36,-3947.6,-31899.35,1726.45,22692.08,-6536.48,178.94,566.56,-6357.53,-5790.98,,,,,
8571,1788.17,4477.39,5163.89,511.99,261.08,-172.1,-3958.33,-31909.99,1757.89,22828.05,-6654.36,177.95,748.03,-6476.41,-5728.38,,,,,
8581,1827.92,4357.81,5203.06,496.03,250.38,-177.26,-3933.91,-32054.04,1751.7,22693.73,-6437.44,174.37,415.42,-6263.07,-5847.66,,,,,
8591,1773.24,4390.58,5186.6,501.49,272.34,-175.27,-3962.06,-32017.36,1766.04,22717.66,-6484.13,176.05,453.25,-6308.08,-5854.83,,,,,
8601,1782.77,4379.98,5245.6,507.63,277.06,-189.51,-3980.42,-32015.41,1750.98,22662.1,-6480.35,173.8,420.77,-6306.55,-5885.78,,,,,
8611,1862.29,4447.31,5211.19,510.11,272.77,-197.73,-3916.6,-32185.17,1728.38,22690.28,-6405.49,178.26,422.85,-6227.23,-5804.38,,,,,
8621,1729.25,4419.81,5245.13,498.46,280.32,-183.76,-3956.23,-32086.41,1729.72,22695.59,-6433.57,177.26,371.89,-6256.31,-5884.42,,,,,
8631,1790.17,4411.19,5210.99,499.7,291.45,-194.34,-3914.11,-32055.99,1782.25,22684.28,-6447.62,176.91,505.58,-6270.71,-5765.13,,,,,
8641,1791.12,4462.02,5224.13,508.74,286.58,-201.68,-3914.6,-32010.02,1729.67,22579.99,-6444.72,179.38,455.94,-6265.34,-5809.4,,,,,
8651,1794.79,4439.97,5217.46,510.11,282.28,-180.67,-3972.94,-32059.8,1743.22,22592.32,-6362.63,179.15,366.76,-6183.48,-5816.72,,,,,
8661,1764.7,4480.69,5192.68,508.62,252.17,-188.46,-3952.76,-32059.3,1740.17,22652.87,-6413.73,175.65,391.38,-6238.09,-5846.71,,,,,
8671,1808.81,4427.35,5262.98,500.49,268.22,-211.09,-3930.51,-32214.93,1737.53,22706.86,-6325.89,175.32,355.7,-6150.57,-5794.87,,,,,
8681,1806.04,4386.23,5242.89,500.36,260.82,-167.65,-3923.98,-32087.11,1723.1,22683.96,-6419.43,178.59,424.66,-6240.84,-5816.18,,,,,
8691,1755.14,4435.74,5222.17,508.11,276,-190.86,-3906.09,-32166.13,1748.65,22559.92,-6292.01,176,242.65,-6116.01,-5873.36,,,,,
8701,1791.2,4447.74,5257.7,512.51,266.35,-187,-3975.67,-32158,1748.28,22557.17,-6225.03,177.02,260.27,-6048.01,-5787.74,,,,,
8711,1823.49,4450.56,5224.18,511.67,274.09,-184.39,-3862.04,-32165.33,1755.32,22597.7,-6302.9,178.65,425.24,-6124.24,-5699.01,,,,,
8721,1785.49,4449.8,5207.28,512.05,285.18,-163.05,-3952.83,-32220.31,1757.33,22729.9,-6326.93,175.8,390.82,-6151.13,-5760.31,,,,,
8731,1837.46,4464.39,5221.37,520.17,275.19,-209.57,-3926.32,-32315.73,1752.25,22768.3,-6291.35,176.24,387.52,-6115.12,-5727.59,,,,,
8741,1804.94,4389.49,5240.98,493.89,283.83,-192.28,-3925.08,-32275.49,1716.87,22612.33,-6248.79,179.41,149.48,-6069.38,-5919.9,,,,,
8751,1848.4,4517.74,5225.38,517.6,290.69,-187.35,-3945.57,-32206.75,1726.25,22563.3,-6275.17,176.95,349.69,-6098.22,-5748.53,,,,,
8761,1872.66,4440.99,5212.12,511.44,284.15,-184.52,-3940.93,-32207.29,1740.57,22677.7,-6286.8,181.57,406.86,-6105.24,-5698.38,,,,,
8771,1827.22,4435.18,5232.29,497.79,281.34,-178.08,-3937.68,-32168.64,1739.89,22530.51,-6258.01,176.92,259.81,-6081.09,-5821.27,,,,,
8781,1794.59,4448.45,5267.49,504.91,287.75,-204.57,-3965.99,-32322.73,1766.68,22629.78,-6164.06,175,206.36,-5989.06,-5782.7,,,,,
8791,1714.57,4401.47,5278.91,496.69,302.17,-199.15,-3972.88,-32231.15,1762.48,22715.34,-6294.84,179.91,268.45,-6114.92,-5846.47,,,,,
8801,1751.7,4436.04,5255.16,506.16,279.49,-209.77,-3964.21,-32539.31,1785.82,22824.15,-6105.15,172.07,125.24,-5933.09,-5807.84,,,,,
8811,1795.38,4457.44,5254.51,517.12,268.1,-185.74,-3888.11,-32277.5,1724.41,22697.34,-6287.53,179.22,362.96,-6108.31,-5745.35,,,,,
8821,1791,4376.23,5219.57,504.71,286.84,-199.24,-3953.9,-32446.75,1734.09,22858.24,-6195.81,178.19,170.79,-6017.61,-5846.82,,,,,
8831,1745.35,4466.23,5208.24,515.95,266.33,-192.1,-3946.62,-32377.48,1748.65,22692,-6160.48,174.56,126.56,-5985.92,-5859.36,,,,,
8841,1838.13,4431.34,5213.95,507.13,275.89,-199.09,-3931.17,-32353.45,1747.24,22749.96,-6243.08,173.15,279.93,-6069.93,-5790,,,,,
8851,1865.28,4427.88,5234.89,503.88,278.21,-177.77,-3976.99,-32160.57,1733.26,22671.66,-6310.37,178.44,399.73,-6131.92,-5732.19,,,,,
8861,1776.33,4446.63,5223.15,508.95,278.5,-210.37,-3903.42,-32303.53,1750.6,22676.08,-6271.76,176.43,242.93,-6095.32,-5852.39,,,,,
8871,1814.47,4410.97,5230.75,514.22,288.84,-173.29,-3991.49,-32233.18,1758.07,22656.12,-6248.24,172.62,275.49,-6075.62,-5800.13,,,,,
8881,1882.36,4451.7,5224.88,512.11,288.09,-192.9,-3924.91,-32336.76,1735.96,22757.23,-6263.93,175.73,397.76,-6088.2,-5690.44,,,,,
8891,1712.25,4444.99,5183.85,500.8,281.35,-163.51,-3936.6,-32340.84,1747.43,22792.23,-6223.58,175.16,221.95,-6048.41,-5826.46,,,,,
8901,1770.84,4478,5180.77,489.48,269.2,-205.51,-3979.97,-32133.71,1773.86,22740.28,-6369.45,177.21,383.24,-6192.25,-5809,,,,,
8911,1775.58,4434.17,5175.62,510.81,277.91,-199.58,-3955.98,-32130.64,1760.84,22795.71,-6423,180.2,444.44,-6242.8,-5798.37,,,,,
8921,1766.57,4344.5,5215.32,515,282.6,-182.66,-3893.9,-32220.75,1755.02,22765.77,-6364.5,176.76,347.48,-6187.74,-5840.26,,,,,
8931,1784.88,4429.59,5246.42,509.56,287.38,-186.18,-3900.68,-32305.78,1759.8,22719.24,-6291.2,179.16,344.23,-6112.04,-5767.8,,,,,
8941,1836.93,4472.98,5197.28,501.5,261.09,-172.2,-3925.71,-32256.06,1729.79,22712.12,-6320.47,179.61,357.71,-6140.86,-5783.15,,,,,
8951,1825.36,4413.58,5234.01,508.08,291.39,-200.69,-3916.2,-32225.84,1749.24,22791.75,-6378.42,179.62,470.68,-6198.8,-5728.11,,,,,
8961,1804.04,4492.25,5233.56,511.64,270.41,-200.5,-3953.7,-32361.59,1720.44,22697.41,-6189.13,173.75,213.96,-6015.38,-5801.42,,,,,
8971,1821.09,4524.75,5205.7,516.96,260.71,-177.2,-3920.14,-32194.45,1704.51,22745.99,-6369.61,179.81,487.9,-6189.8,-5701.89,,,,,
8981,1811.71,4485.26,5173.4,498.1,273.55,-166.7,-3952.25,-32123.84,1716.59,22598.76,-6335.21,176.54,314.59,-6158.67,-5844.08,,,,,
8991,1841.53,4468.81,5229.05,518.95,251.72,-201.97,-3917.13,-32111.54,1748.32,22620.89,-6377.8,176.25,448.64,-6201.56,-5752.92,,,,,
9001,1831.54,4497,5214.14,504.22,274.79,-206.52,-3959.92,-32067.17,1766.3,22640.13,-6389.36,174.85,494.51,-6214.51,-5720,,,,,
9011,1815.82,4497.62,5222.49,515.9,278.29,-177.53,-3955.87,-32150.44,1757.48,22731.2,-6420.26,176.18,534.96,-6244.09,-5709.13,,,,,
9021,1789.87,4499.54,5253.3,518.12,271.41,-189.37,-3969.33,-32163.61,1799.41,22684.39,-6351.62,176.22,493.74,-6175.4,-5681.66,,,,,
9031,1783.23,4494.95,5182.36,519.64,264.58,-197.29,-3942.97,-32151.08,1741.35,22675.97,-6367.87,178.7,370.74,-6189.17,-5818.44,,,,,
9041,1794.82,4540.52,5229.62,528.01,269.58,-194.2,-3964.33,-32041.41,1741.92,22658.61,-6423.69,177.88,563.12,-6245.81,-5682.69,,,,,
9051,1847.25,4448.93,5194.67,515.96,275.19,-174.4,-3974.75,-32018.18,1763.73,22491.84,-6329.18,173.58,370.24,-6155.61,-5785.36,,,,,
9061,1865.49,4461.68,5251.31,516.04,305.06,-193.82,-3933.4,-32185.76,1758.82,22647.15,-6308.14,180.76,492.57,-6127.38,-5634.81,,,,,
9071,1877.07,4474.71,5249.99,518.06,278.04,-173.93,-3966.66,-31979.38,1753.74,22707.71,-6517.27,178.71,739.35,-6338.56,-5599.21,,,,,
9081,1810.06,4484.81,5234.39,514.38,285.7,-196.58,-3920.53,-32111,1730.36,22633.16,-6357.26,179.26,464.74,-6178,-5713.26,,,,,
9091,1822.55,4539.14,5193.04,516.43,300.35,-163.92,-3931.26,-31986.75,1765.71,22642.8,-6474.95,176.15,698.08,-6298.8,-5600.72,,,,,
9101,1816.83,4452.5,5188.5,508.2,284.2,-180.66,-3911.6,-32102.18,1752.14,22677,-6408.66,179.96,484.91,-6228.7,-5743.79,,,,,
9111,1813.21,4427.13,5146.63,504.95,263.53,-187.04,-3946.05,-32023.08,1738.78,22680.97,-6466.19,179.91,419.03,-6286.28,-5867.25,,,,,
9121,1766.79,4498.66,5214.15,516.69,295.79,-194.9,-3948.2,-32140.72,1738.44,22584.43,-6279.07,176.76,331.13,-6102.31,-5771.18,,,,,
9131,1811.71,4509.89,5176.11,509.75,292.68,-170.28,-3919.16,-32290.52,1746.26,22648.55,-6231.47,176.75,314.98,-6054.72,-5739.74,,,,,
9141,1804.07,4447.25,5230.61,517.58,267.35,-171.83,-3925.96,-32248.39,1781.52,22689.38,-6252.41,174.94,391.57,-6077.47,-5685.9,,,,,
9151,1816,4523.39,5183.57,507.86,255.87,-163.7,-3933.62,-32196.03,1728.97,22706.63,-6347.34,181.49,428.94,-6165.85,-5736.91,,,,,
9161,1864.05,4427.48,5187.1,502.66,262.75,-202.02,-3970.07,-32061.34,1738.81,22656.83,-6378.52,179.59,406.23,-6198.93,-5792.69,,,,,
9171,1806.95,4400.55,5205.76,509.06,275.71,-164.36,-3895.01,-32281.63,1786.03,22637.8,-6189.91,174.78,280.86,-6015.14,-5734.28,,,,,
9181,1817.56,4360.44,5236.77,504.2,276.42,-192.47,-3915.11,-32397.14,1757.92,22595.48,-6069.77,177.01,44.06,-5892.76,-5848.69,,,,,
9191,1763.82,4438.07,5196.79,503.65,272.37,-182.33,-3961.21,-32293.04,1754.31,22585.04,-6162.27,174.36,77.46,-5987.9,-5910.44,,,,,
9201,1793.21,4446.16,5189.22,497.2,280.72,-222.81,-3915.08,-32086.44,1731.2,22544.15,-6306.82,176.32,257.55,-6130.49,-5872.95,,,,,
9211,1757.09,4368.71,5187.29,501.05,271.88,-163.82,-3952.78,-32210.61,1740.95,22721.48,-6286.02,178.3,221.24,-6107.72,-5886.48,,,,,
9221,1774.09,4455.85,5235.7,503.72,268.42,-200.1,-3935.63,-32245.15,1752.43,22665.13,-6204.5,177.81,274.47,-6026.69,-5752.22,,,,,
9231,1783.28,4502.56,5202.97,514.6,262.88,-218.19,-3906.57,-32141.86,1751.37,22659.6,-6374.02,179.65,410.65,-6194.37,-5783.72,,,,,
9241,1749.23,4449.72,5225.13,493.87,268.49,-209.97,-3946.24,-32141.56,1724.14,22697.8,-6326.4,178.15,310.6,-6148.25,-5837.65,,,,,
9251,1761.44,4484.77,5197.62,521.69,275.84,-198.79,-3955.18,-32196.59,1726.12,22622.69,-6263.34,176.86,239.61,-6086.48,-5846.86,,,,,
9261,1777.3,4370.44,5283.58,491.91,273.27,-179.55,-3939.3,-32228,1732.13,22775.4,-6329.55,177.73,357.18,-6151.82,-5794.65,,,,,
9271,1834.7,4457.99,5196.06,502.94,279.75,-191.92,-3950.83,-32139.42,1749.96,22737.46,-6360.44,177.82,476.7,-6182.62,-5705.92,,,,,
9281,1836.12,4440.75,5216.92,504.81,281.26,-218.71,-3951.17,-32382.45,1723.74,22593.64,-6099.31,175.78,44.92,-5923.54,-5878.61,,,,,
9291,1803.48,4450.7,5202.76,495.64,269.47,-179.58,-3936.37,-32377.64,1743.93,22656.1,-6141.48,174.9,128.49,-5966.59,-5838.09,,,,,
9301,1838.8,4448.06,5250.2,510.37,284.15,-191.87,-3913.68,-32285.28,1729.32,22627.28,-6257.35,176.95,297.35,-6080.4,-5783.05,,,,,
9311,1798.91,4455.34,5237.53,500,283.16,-180.58,-3923.16,-32338.51,1716.61,22547.06,-6118.6,175.72,96.35,-5942.88,-5846.53,,,,,
9321,1788.05,4371.27,5204.28,500.46,271.54,-193.05,-3909.57,-32406.95,1724.08,22661.9,-6156.68,177.28,12.01,-5979.4,-5967.38,,,,,
9331,1782.11,4412.8,5201.51,503.12,263.96,-178.43,-3894.1,-32252.35,1724.27,22622.89,-6325.6,177.95,185.79,-6147.65,-5961.86,,,,,
9341,1796.28,4518.17,5207.16,509.37,265.75,-203.8,-3947.59,-32153.81,1737.87,22637.43,-6333.42,173.99,366.82,-6159.42,-5792.6,,,,,
9351,1872.08,4442.47,5223.1,498.98,302.34,-183.33,-3938.61,-32294.61,1756.86,22637.02,-6220.2,177.17,316.29,-6043.03,-5726.74,,,,,
9361,1772.92,4523.26,5220.53,500.49,285.48,-197.53,-3941.82,-31927.52,1739.88,22560.92,-6486.15,177.79,536.61,-6308.36,-5771.75,,,,,
9371,1822.4,4454.14,5185.33,533.79,295.51,-199.98,-3948.99,-32001.07,1741.02,22726.54,-6458.84,179,608.69,-6279.84,-5671.15,,,,,
9381,1772.62,4399.39,5225.51,498.15,247.67,-192.9,-3935.53,-32272.87,1715.98,22722.08,-6261.33,178.63,180.1,-6082.7,-5902.6,,,,,
9391,1806.24,4430.58,5176.62,505.58,292.64,-180.36,-3987.18,-32283.23,1755.19,22663.72,-6265.89,172.9,179.79,-6092.99,-5913.2,,,,,
9401,1820.85,4403.18,5195.19,521.84,286.01,-193.52,-3940.24,-32330.65,1716.97,22669.31,-6181.99,176.94,148.95,-6005.06,-5856.1,,,,,
9411,1837.28,4421.43,5239.87,510.29,283.06,-180.67,-3936.4,-32355.63,1743.31,22691.98,-6177.28,172.39,254.52,-6004.89,-5750.37,,,,,
9421,1816.67,4510.5,5232.38,515.23,280.83,-203.92,-3937.87,-32266.85,1754.63,22680.27,-6266.99,176.34,381.87,-6090.66,-5708.79,,,,,
9431,1790.16,4463.29,5184.88,515.39,256.5,-203.59,-3971.39,-32361.85,1747.46,22759.46,-6214.77,173.02,180.32,-6041.75,-5861.44,,,,,
9441,1804.55,4476.33,5206.83,520.71,293.85,-193.73,-3944.8,-32414.39,1764.81,22624.46,-6067.57,174.58,138.62,-5892.99,-5754.37,,,,,
9451,1869.22,4458.49,5233.17,503.11,253.03,-209.28,-3927.03,-32278.14,1750.84,22637.41,-6183.84,174.06,290.82,-6009.78,-5718.96,,,,,
9461,1813.87,4412.23,5232.32,505.06,273.44,-184.66,-3902.55,-32400.5,1733.16,22709.65,-6164.72,176.59,192.01,-5988.12,-5796.12,,,,,
9471,1821.88,4358.55,5202.58,496.5,271.41,-195.43,-3853.68,-32206.44,1751.21,22673.21,-6294.34,178.71,319.8,-6115.63,-5795.83,,,,,
9481,1836.81,4453.36,5234.3,511.04,263.88,-196.99,-3943.13,-32252.17,1710.73,22616.69,-6239.44,174.39,234.51,-6065.05,-5830.54,,,,,
9491,1866.79,4401.58,5208.27,494.2,284.73,-171.03,-3914.87,-32317.8,1691.39,22604.24,-6211.82,174.41,147.5,-6037.41,-5889.91,,,,,
9501,1754.25,4471.86,5223.22,509.08,288.89,-186.57,-3938.68,-32187.03,1745.16,22647.91,-6268.32,174.93,328.1,-6093.39,-5765.28,,,,,
9511,1798.22,4429.91,5201.52,497.84,268.62,-186.36,-3898.32,-32304.56,1761.32,22646.83,-6220.53,176.79,215.03,-6043.74,-5828.71,,,,,
9521,1910.81,4443.57,5177.2,500.46,256.91,-199.53,-3935.71,-32210.86,1732.22,22691.43,-6342.66,175.9,366.5,-6166.77,-5800.27,,,,,
9531,1775.89,4474.22,5205.92,516.6,265.96,-170.49,-3922.38,-32143.59,1804.05,22744.24,-6445.88,178.2,550.43,-6267.68,-5717.26,,,,,
9541,1778.4,4433.63,5188.5,502.73,262.33,-168.85,-3884,-32098.19,1781.64,22698.24,-6418.1,176.39,494.43,-6241.7,-5747.28,,,,,
9551,1804.35,4460.08,5223.5,510.19,284.86,-187.4,-3919.92,-32165.58,1750.53,22696.75,-6399.45,177.21,457.35,-6222.24,-5764.89,,,,,
9561,1787,4463.57,5227.26,502.29,283.69,-190.66,-3886.19,-32188.65,1720.04,22661.94,-6388.44,175.75,380.29,-6212.69,-5832.4,,,,,
9571,1792.97,4520.69,5250.59,499.69,258.31,-178.83,-3915.68,-32154.56,1725.93,22571.59,-6311.97,176.04,370.69,-6135.93,-5765.23,,,,,
9581,1807.07,4511.6,5208.9,522.39,274.31,-188.92,-3916.64,-32119.56,1753.45,22598.25,-6372.27,177.44,450.84,-6194.83,-5743.99,,,,,
9591,1857.06,4346.85,5164.22,489.34,271.68,-213.48,-3888.95,-32367.26,1722.87,22659.13,-6181.61,178.72,41.45,-6002.89,-5961.44,,,,,
9601,1813.27,4364.56,5185.52,502.46,264.4,-188.09,-3956.29,-32249.15,1743.26,22748.61,-6346.52,175.89,228.55,-6170.63,-5942.08,,,,,
9611,1770.71,4447.39,5192.86,507.89,280.45,-187.27,-3934.42,-32216.43,1767.2,22723.46,-6342.41,176.11,351.84,-6166.29,-5814.45,,,,,
9621,1811.16,4410.44,5225.8,512.76,283.01,-191.25,-3917.28,-32360.25,1753.6,22708.9,-6240.62,176.94,236.89,-6063.68,-5826.79,,,,,
9631,1805.91,4435.1,5185.78,501.71,290.47,-186.74,-3928.59,-32172.28,1741.12,22614.86,-6272.44,173.69,287.34,-6098.75,-5811.4,,,,,
9641,1852.33,4403.97,5219.48,502.09,286.05,-171.66,-3954.5,-32414.86,1727.5,22787.87,-6202.85,176.69,238.26,-6026.16,-5787.9,,,,,
9651,1817.38,4520.63,5207.81,517.27,272.05,-188.41,-3891.51,-32142.79,1732.14,22592.38,-6347.45,177.03,436.95,-6170.42,-5733.47,,,,,
9661,1817.82,4355.24,5194.22,490.19,270.15,-199.69,-3960.62,-32128.65,1742.66,22743.21,-6388.44,178.6,324.53,-6209.84,-5885.31,,,,,
9671,1888.41,4475.33,5208.5,520.66,273.19,-207.57,-3945.47,-32232.66,1736.44,22596.38,-6249.68,174,313.22,-6075.68,-5762.46,,,,,
9681,1832.59,4383.75,5188.78,498.27,261.08,-164.94,-3938.93,-32213.11,1752.36,22663.37,-6292.22,174.23,263.21,-6117.99,-5854.77,,,,,
9691,1856.98,4484.26,5240.18,502.77,266.67,-216.97,-3856.29,-32073.44,1709.18,22543.71,-6411.75,180.76,457.06,-6230.99,-5773.93,,,,,
9701,1815.29,4407.72,5196.51,494.6,290.62,-181.32,-3904.7,-32192.58,1724.13,22514.64,-6233.85,175.92,164.91,-6057.93,-5893.02,,,,,
9711,1825.95,4470.86,5229.42,511.38,291.37,-178.31,-3887.23,-32207.2,1767.28,22669.54,-6334.35,180.94,493.06,-6153.41,-5660.34,,,,,
9721,1786.62,4382.54,5187.19,512.8,276.04,-163.87,-3946.29,-32240.68,1754.82,22681.63,-6276.11,177.94,230.81,-6098.16,-5867.35,,,,,
9731,1878,4458.82,5202.91,497.41,308.36,-189.97,-3913.88,-32061.45,1689.98,22629.18,-6439.44,179.81,499.37,-6259.63,-5760.26,,,,,
9741,1849.84,4461.86,5202.25,516.71,281.62,-200.01,-3869.4,-32185.79,1708.44,22523,-6293.5,181.43,288.5,-6112.07,-5823.57,,,,,
9751,1743.67,4450.6,5212.36,497.44,270.87,-193.08,-3919.53,-32110.96,1759.15,22687.68,-6352.23,181.75,398.19,-6170.49,-5772.29,,,,,
9761,1795.42,4404.46,5173.25,502.38,268.34,-207.55,-3891.08,-32134.22,1771.53,22731.79,-6391.27,180.46,414.32,-6210.81,-5796.49,,,,,
9771,1740.51,4428.32,5238.85,506.12,271.49,-227.71,-3917.7,-31987.58,1779.52,22621.09,-6470.13,180.63,452.9,-6289.49,-5836.59,,,,,
9781,1843.95,4347.92,5179.61,527.98,303.48,-189.31,-3936.03,-32147.52,1751.54,22634.38,-6366.44,175.92,316,-6190.51,-5874.52,,,,,
9791,1795.74,4493.44,5183.52,512.77,271.24,-199.41,-3918.95,-32189.53,1740.05,22608,-6256.33,175.97,296.88,-6080.35,-5783.47,,,,,
9801,1820.9,4377.96,5164.36,497.67,289.44,-182.48,-3908,-32126.7,1731.98,22617.18,-6348.13,178.32,282.31,-6169.81,-5887.51,,,,,
9811,1845.81,4413.36,5214.45,501.33,265.56,-169.58,-3952.48,-32261.58,1727.92,22739.65,-6303.78,180.35,324.43,-6123.42,-5798.99,,,,,
9821,1798.64,4429.64,5231.57,495.06,271.35,-193.24,-3913.89,-32364.07,1722.46,22671.1,-6198.46,179.27,148.63,-6019.18,-5870.56,,,,,
9831,1806.29,4496.96,5204.52,508.99,287.47,-186.03,-3964.67,-32135.43,1758.85,22685.29,-6380.32,178.62,462.25,-6201.7,-5739.45,,,,,
9841,1807.76,4387.39,5273.01,496.4,272.29,-186.41,-3968.39,-32122.5,1752,22624.85,-6393.91,177.87,336.38,-6216.03,-5879.65,,,,,
9851,1795.68,4421.89,5194.52,491.35,278.84,-203.85,-3926.95,-32002.44,1746.33,22624.39,-6422.74,181.03,419.75,-6241.72,-5821.96,,,,,
9861,1848.09,4475.92,5183.85,515.22,272.7,-179.66,-3915.71,-32168.41,1754.93,22571.72,-6280.04,175.94,358.65,-6104.09,-5745.44,,,,,
9871,1815.01,4366.41,5164.99,522.66,283.33,-189.72,-3917.14,-32129.27,1751.11,22597.12,-6352.95,177.1,264.51,-6175.84,-5911.33,,,,,
9881,1775.72,4507.13,5209,513.82,289.01,-191.32,-3912.63,-32173.92,1752.05,22633.91,-6317.58,179.2,402.76,-6138.37,-5735.61,,,,,
9891,1850.37,4404.5,5202.03,508.28,273.95,-177.07,-3943.26,-32149.06,1725.14,22741.94,-6387.22,182.36,436.81,-6204.85,-5768.04,,,,,
9901,1842.27,4359.73,5219.96,513.64,273.56,-180.82,-3934.71,-32378.82,1759.22,22748.18,-6219.82,178.02,222.22,-6041.81,-5819.59,,,,,
9911,1825.72,4432.15,5213.65,507.79,264.79,-168.33,-3932.68,-32088.08,1751.09,22633.47,-6396.3,179.6,439.56,-6216.7,-5777.13,,,,,
9921,1826.6,4462.52,5233.02,507.39,272.19,-184.67,-3897.22,-32386.33,1769.38,22806.84,-6265.2,178.59,409.72,-6086.6,-5676.88,,,,,
9931,1767.16,4464.36,5201.84,485.32,286.46,-160.89,-3924.81,-32347.76,1789.45,22814.74,-6278.82,172.21,375.87,-6106.61,-5730.75,,,,,
9941,1852.39,4400.72,5226.39,516.89,277.05,-168.04,-3855.88,-32341.07,1760.22,22825.88,-6347.79,179.34,494.56,-6168.44,-5673.89,,,,,
9951,1790.23,4371.42,5223.15,502.19,282.23,-206.93,-3930.52,-32001,1753.69,22640.3,-6494.81,178.9,424.76,-6315.91,-5891.15,,,,,
9961,1776.04,4468.48,5191.22,506.23,301.82,-202.02,-3931.77,-32137.86,1752.6,22704.36,-6391.45,175.82,429.12,-6215.62,-5786.51,,,,,
9971,1812.78,4504.3,5244.21,504.17,266.4,-179.55,-3948.63,-32271.97,1745.42,22808.59,-6341.71,175.33,485.72,-6166.38,-5680.66,,,,,
9981,1808.22,4416.18,5163.33,506.64,270.22,-186.23,-3951.04,-32101.02,1774.91,22711.98,-6463.19,182.39,413.2,-6280.8,-5867.61,,,,,
9991,1873.71,4485.62,5210.82,521.61,266.77,-162.07,-3975.69,-32140.18,1716.97,22702.31,-6389.57,176.12,499.85,-6213.45,-5713.6,,,,,
10001,1854.4,4381.08,5184.96,519.5,289.22,-182.64,-3922,-32073.51,1785.7,22674.19,-6434.88,178.37,510.89,-6256.51,-5745.61,,,,,
,,,,,,,,,,,,,,,,,,,,
Receptor Energy Terms,,,,,,,,,,,,,,,,,,,,
Frame #,BOND,ANGLE,DIHED,UB,IMP,CMAP,VDWAALS,EEL,1-4 VDW,1-4 EEL,EGB,ESURF,GGAS,GSOLV,TOTAL,,,,,
1,1761.4,4207.25,5363.95,513.94,278.15,-188.35,-3917.32,-32342.72,1768.45,22695.08,-6023.34,163.4,139.85,-5859.94,-5720.09,,,,,
11,1846.55,4204.82,5316.14,514.5,277.55,-205.98,-3845.39,-31975.81,1743.15,22581.87,-6368.77,183.04,457.39,-6185.72,-5728.33,,,,,
21,1792.39,4226.17,5288.94,500.29,252.71,-174,-3821.18,-31871.39,1740.75,22628.3,-6542.84,185.54,562.97,-6357.31,-5794.34,,,,,
31,1782.19,4108.95,5281.02,520.03,267.27,-207.37,-3826.63,-31998.02,1718.86,22695.88,-6478.48,180.45,342.18,-6298.03,-5955.85,,,,,
41,1778.19,4292.15,5205.43,495.16,289.51,-193.9,-3852.18,-31974.29,1697.34,22623.87,-6414.9,184.48,361.27,-6230.42,-5869.15,,,,,
51,1778.68,4091.3,5246.57,507.61,276.3,-197.17,-3850.81,-32196.01,1716.14,22798.87,-6336.39,180.44,171.48,-6155.95,-5984.47,,,,,
61,1786.72,4231.59,5238.19,515.15,254.2,-191.78,-3857.32,-31972.77,1703.51,22691.79,-6485.77,181.74,399.3,-6304.04,-5904.74,,,,,
71,1808.99,4225.22,5245.74,505.29,283.8,-199.78,-3884.69,-31679.04,1700.95,22481.58,-6607.05,181.53,488.05,-6425.52,-5937.47,,,,,
81,1870.55,4219.64,5251.83,516.6,279.95,-180.41,-3855.86,-31810.63,1707.75,22653.83,-6638.74,184.7,653.26,-6454.04,-5800.78,,,,,
91,1785.93,4251.21,5233.06,519.53,257.01,-181.42,-3859.05,-31966.6,1714.59,22766.1,-6566.98,184.73,520.36,-6382.25,-5861.89,,,,,
101,1801.77,4230.33,5256.4,503.76,278.08,-191.89,-3881.7,-31988.63,1715.69,22713.36,-6487.53,180.19,437.17,-6307.34,-5870.17,,,,,
111,1874.7,4212.09,5240.73,510.09,263.9,-171.24,-3939.48,-31905.68,1718.86,22778.04,-6575.09,176.91,582,-6398.18,-5816.18,,,,,
121,1788.26,4174.02,5199.37,504.98,271.09,-163.05,-3873.29,-32106.51,1728.95,22809.23,-6474.48,184.12,333.04,-6290.36,-5957.32,,,,,
131,1754.62,4232.53,5291.05,520.49,272.9,-195.05,-3916.72,-31805.96,1729.95,22795.77,-6703.34,182.49,679.58,-6520.85,-5841.27,,,,,
141,1736.31,4199.67,5219.05,488.03,265.92,-215.78,-3881.07,-31774.55,1723.89,22744.51,-6678.74,183.68,505.97,-6495.07,-5989.09,,,,,
151,1834.51,4259.41,5236.13,523.47,290.22,-175.86,-3897.47,-31890.73,1724.2,22680.3,-6584.04,181.71,584.18,-6402.33,-5818.15,,,,,
161,1811.74,4193.54,5256.88,510.05,278.05,-190.88,-3861.66,-32082.02,1736.65,22695.86,-6450.08,184.98,348.21,-6265.1,-5916.89,,,,,
171,1815.95,4155.05,5247.77,489.71,299.01,-215.8,-3831.17,-31915.97,1731.81,22611.5,-6533.11,182.26,387.86,-6350.85,-5963,,,,,
181,1783.12,4249.9,5245.21,522.84,290.23,-174.76,-3873.6,-31809.53,1718.86,22580.24,-6571,181.37,532.51,-6389.63,-5857.12,,,,,
191,1840.5,4051.69,5272.71,490.89,278.44,-202.87,-3824.55,-31883.96,1726.7,22655.58,-6603.5,183.46,405.14,-6420.04,-6014.9,,,,,
201,1846.1,4136.33,5230.64,502.74,272.52,-202.27,-3824.12,-31927.71,1706.84,22679.71,-6542.63,184.86,420.78,-6357.77,-5937,,,,,
211,1777.77,4128.76,5216.23,491.98,261.68,-199.68,-3891.56,-31852.56,1739.22,22698.4,-6616.98,185.75,370.26,-6431.22,-6060.96,,,,,
221,1820.27,4157.34,5227.87,516.83,254.6,-232.53,-3828.17,-32072.54,1742.73,22782.9,-6491.07,183.05,369.3,-6308.02,-5938.73,,,,,
231,1818.25,4233.27,5237.79,502.28,278.39,-191.36,-3843.78,-31807.73,1707.71,22624.95,-6617.91,184.73,559.78,-6433.18,-5873.41,,,,,
241,1861.63,4161.73,5226.47,519.44,277.79,-167.61,-3821.3,-31946.5,1732.52,22646.04,-6592.12,186.54,490.21,-6405.58,-5915.37,,,,,
251,1865.39,4157.36,5240.37,508.42,285.91,-199.63,-3845.48,-31784.7,1726.83,22596.06,-6630.47,185.87,550.52,-6444.6,-5894.08,,,,,
261,1768.06,4232.67,5182.1,520.8,282.42,-193.48,-3899.28,-31995.82,1738.38,22709.76,-6507.81,183.47,345.61,-6324.35,-5978.74,,,,,
271,1836.1,4195.19,5214.49,505.9,277.26,-183.87,-3878.13,-32016.12,1750.11,22724.32,-6512.58,179.03,425.26,-6333.55,-5908.29,,,,,
281,1800.73,4243.77,5232.34,515.68,275.17,-190,-3830.85,-31842.91,1744.3,22605.23,-6612.97,183.98,553.45,-6428.99,-5875.54,,,,,
291,1803.58,4199.89,5179.45,505.17,273.43,-164.09,-3861.59,-31916.35,1733.94,22698.68,-6586.14,180.04,452.11,-6406.1,-5953.99,,,,,
301,1845.91,4164.41,5200.25,503.72,275.83,-193.1,-3879.21,-31838.58,1716.27,22631.38,-6567.24,181.63,426.87,-6385.61,-5958.74,,,,,
311,1815.46,4225.14,5235.26,504.58,250.99,-211.75,-3857.47,-31899.09,1680.33,22648.93,-6551.72,182.65,392.38,-6369.07,-5976.68,,,,,
321,1791.85,4230.92,5230.6,532.16,290.6,-196.87,-3893.6,-31878,1726.51,22578.08,-6540.25,177.29,412.25,-6362.96,-5950.71,,,,,
331,1818.09,4108.83,5258.06,498.73,276.69,-211.16,-3858.25,-31934.62,1716.54,22734.48,-6588.49,177.24,407.39,-6411.25,-6003.86,,,,,
341,1812.64,4235.37,5195.75,525.3,263.33,-212.56,-3868.63,-31974.02,1723.96,22707.73,-6496.44,178.07,408.87,-6318.37,-5909.5,,,,,
351,1793.01,4214.21,5233.55,507.22,272.19,-210.19,-3867.25,-31957.31,1749.48,22667.57,-6543.57,179.43,402.47,-6364.14,-5961.67,,,,,
361,1793.56,4149.26,5239.28,486.68,300.66,-190.85,-3883.02,-31734.03,1712.9,22548.62,-6590.05,178.15,423.06,-6411.91,-5988.84,,,,,
371,1731.89,4250.83,5196.02,517.93,260.58,-196.71,-3871.25,-31889.25,1745.09,22694.35,-6581.31,176.9,439.49,-6404.4,-5964.91,,,,,
381,1779.53,4153.15,5228.16,505.89,282.71,-200.04,-3857.65,-31900.28,1724.34,22737.1,-6618.11,181.53,452.91,-6436.58,-5983.67,,,,,
391,1834.81,4255.44,5239.32,501.04,269.28,-191.84,-3909.66,-31837.47,1708.32,22625.61,-6596.8,180.52,494.85,-6416.29,-5921.43,,,,,
401,1754.49,4213.52,5242.05,491.27,276.32,-194.81,-3854.48,-31770.68,1735.49,22695.79,-6730.27,185.91,588.95,-6544.36,-5955.41,,,,,
411,1808.24,4197.85,5205.91,509.06,304.95,-186.33,-3861.65,-31812.29,1687.34,22696.29,-6638.05,182.34,549.38,-6455.71,-5906.33,,,,,
421,1722.02,4145.27,5174.55,517.57,270.24,-169.73,-3857.54,-31892.07,1740.16,22797.84,-6709.19,184.41,448.29,-6524.78,-6076.49,,,,,
431,1708.19,4186.05,5171.5,485.13,288.91,-187.66,-3842.41,-31610.47,1743.97,22591.25,-6777.6,189.07,534.46,-6588.53,-6054.07,,,,,
441,1855.19,4237.2,5231.86,513.18,267.97,-213.09,-3830.81,-31902.33,1758.66,22744.08,-6663.17,183.54,661.92,-6479.63,-5817.71,,,,,
451,1853.59,4156.47,5201.01,494.99,270.63,-185.06,-3860.1,-31893.93,1728.74,22715.33,-6578.89,182.86,481.67,-6396.03,-5914.36,,,,,
461,1780.36,4197.62,5225.98,506.05,250.76,-157,-3870.47,-31982.42,1705.17,22815.46,-6553.97,182.17,471.5,-6371.8,-5900.31,,,,,
471,1779.11,4204.69,5155.69,508.36,282.34,-167.37,-3889.34,-31950.03,1743.24,22817.63,-6616.42,180.49,484.32,-6435.93,-5951.61,,,,,
481,1740.18,4196.01,5207.56,501.44,261.8,-185.18,-3874.18,-31892.76,1783.82,22824.74,-6639.63,180.6,563.41,-6459.03,-5895.62,,,,,
491,1752.88,4101.15,5252.71,501.48,263.74,-177.76,-3903.85,-32018.68,1754.04,22888.61,-6597.44,181.4,414.32,-6416.04,-6001.72,,,,,
501,1785.6,4259.88,5232.42,516.39,268.8,-193.08,-3862.9,-31784.43,1723.39,22639.65,-6677.52,183.04,585.72,-6494.48,-5908.77,,,,,
511,1784.85,4232.97,5187.96,520.56,268.98,-185.55,-3888.33,-32053.04,1703.86,22812.12,-6451.18,177.27,384.37,-6273.9,-5889.54,,,,,
521,1768.56,4219.98,5245.66,512.75,274.64,-181.31,-3869.88,-31941.32,1711.22,22708.53,-6583.38,183.3,448.83,-6400.09,-5951.25,,,,,
531,1792.96,4159.65,5212.08,511.02,304.02,-196.96,-3896.81,-31987.52,1719.71,22664.97,-6470.88,182.26,283.13,-6288.62,-6005.5,,,,,
541,1787.57,4217.54,5198.95,498.34,283.12,-204.69,-3851.06,-31718.25,1743.19,22640.81,-6667.23,184.18,595.5,-6483.05,-5887.55,,,,,
551,1772.64,4190.61,5218.74,506.25,263.23,-194.89,-3860.93,-31807.74,1742.83,22748.78,-6676.75,184.54,579.54,-6492.21,-5912.66,,,,,
561,1805,4230.45,5264.38,510.29,282.39,-204.61,-3901.49,-31825.72,1739.38,22689.99,-6652.44,182.84,590.05,-6469.6,-5879.55,,,,,
571,1832.71,4235.4,5201.23,523.5,284.48,-223.97,-3823.4,-31860.3,1728.87,22581.69,-6512.67,185.14,480.23,-6327.52,-5847.3,,,,,
581,1794.86,4165.42,5246.79,506.13,285.26,-184.35,-3834.43,-31911.99,1736.5,22650.68,-6546.25,185.26,454.87,-6360.98,-5906.12,,,,,
591,1779.22,4281.43,5243.22,519.94,288.08,-171.18,-3842.77,-31852.13,1764.98,22572.14,-6571.48,183.83,582.92,-6387.65,-5804.73,,,,,
601,1819.55,4161.73,5219.58,511.68,278.94,-203.98,-3848.78,-31932.06,1718.42,22668.27,-6536.28,190.01,393.34,-6346.27,-5952.93,,,,,
611,1753.55,4242.21,5200.57,505.56,278.85,-187.67,-3837.84,-31858.96,1698.53,22697.07,-6618.78,188.05,491.85,-6430.73,-5938.88,,,,,
621,1715.63,4237.5,5208.5,498.23,264.96,-190.98,-3881.84,-31821.99,1725.34,22583.86,-6533.68,189.48,339.21,-6344.2,-6004.98,,,,,
631,1783.38,4124.4,5218.32,493.07,256.33,-195.91,-3825.29,-31827.05,1743.69,22804.23,-6707.97,188.08,575.17,-6519.89,-5944.71,,,,,
641,1807.17,4183.85,5229.89,520.39,281.44,-209.46,-3876.68,-31687.14,1736.66,22638.39,-6707.84,184.46,624.52,-6523.39,-5898.87,,,,,
651,1797.09,4209.66,5203.12,501.09,266.57,-167.19,-3887,-31790.43,1727.61,22616.6,-6603.04,188.09,477.11,-6414.95,-5937.83,,,,,
661,1828.08,4206.23,5141.39,518.56,273.18,-220.8,-3833.72,-31670.2,1710.14,22675.86,-6730.31,189.25,628.7,-6541.06,-5912.35,,,,,
671,1798.14,4200.34,5178.95,517.3,280.42,-171.83,-3856.89,-31709.82,1731.76,22686.51,-6722.41,187.05,654.87,-6535.35,-5880.48,,,,,
681,1808.9,4193.97,5272,518.2,272.17,-199.21,-3865.22,-31892.07,1727.38,22629.3,-6497.74,182.48,465.43,-6315.26,-5849.83,,,,,
691,1807.95,4247.87,5198.13,518.14,277.64,-196.77,-3895.48,-31789.81,1736.42,22655.25,-6608.97,180.97,559.34,-6428,-5868.66,,,,,
701,1841.99,4281.27,5209.15,510.49,292.61,-200.09,-3844.95,-31596.51,1730.36,22672.56,-6855.84,186.88,896.9,-6668.96,-5772.06,,,,,
711,1801.51,4244.36,5162.52,511.75,269.76,-190.57,-3892.12,-31659.43,1724.08,22662.29,-6751.83,185.77,634.16,-6566.06,-5931.9,,,,,
721,1752.91,4175.06,5238.98,502.81,269.29,-204.77,-3869.85,-31730.71,1740.43,22721.82,-6747.5,184.15,595.97,-6563.35,-5967.38,,,,,
731,1820.92,4190.79,5229.04,501.32,284.86,-204.85,-3879.44,-31857.02,1708.62,22659.53,-6566.05,183.88,453.79,-6382.17,-5928.38,,,,,
741,1817.95,4131.69,5205.43,505.11,269.18,-188.26,-3809.59,-31933.48,1717.12,22599.09,-6498.34,188.66,314.23,-6309.68,-5995.45,,,,,
751,1820.42,4212.07,5208.36,509.7,267.27,-201.94,-3841.21,-31762.99,1698.1,22566.45,-6607.84,191.19,476.23,-6416.65,-5940.42,,,,,
761,1833.98,4190.34,5182.72,494.93,276.37,-184.65,-3860.65,-31940.3,1715.29,22655.4,-6495.86,186.14,363.42,-6309.72,-5946.3,,,,,
771,1881.74,4105.28,5202.2,498.06,274.6,-193.55,-3876.05,-31814.09,1720.42,22656.4,-6602.99,186,455,-6416.99,-5961.99,,,,,
781,1774.21,4232.31,5213.28,507.5,284.81,-187.77,-3861.1,-32034.04,1744.81,22767.55,-6464.02,183.57,441.56,-6280.45,-5838.89,,,,,
791,1780.43,4188.96,5198.02,500.47,276.33,-190.67,-3890,-31794.17,1724,22683.2,-6661.36,184.17,476.56,-6477.19,-6000.63,,,,,
801,1821.92,4277.81,5174.73,503.18,278.9,-165.92,-3865.4,-31987.5,1706,22656.8,-6492.44,184.48,400.51,-6307.96,-5907.45,,,,,
811,1766.78,4259.68,5200.73,510.31,284.08,-208.34,-3847.52,-31984.76,1730.82,22702.43,-6505.34,189.61,414.2,-6315.73,-5901.53,,,,,
821,1806.31,4155.63,5239,520.01,284.22,-189.15,-3783.49,-32033.85,1739.64,22586.91,-6423.78,184.1,325.22,-6239.68,-5914.46,,,,,
831,1826.47,4144.01,5198.62,514.61,291.24,-190.74,-3843.89,-32012.65,1719.5,22711.14,-6530.51,184.2,358.3,-6346.31,-5988.01,,,,,
841,1821.4,4193.02,5182.25,499.52,266.64,-198.64,-3893.47,-31727.1,1693.87,22499.48,-6578.46,185.06,336.98,-6393.4,-6056.42,,,,,
851,1777.27,4162.7,5205.61,507.96,269.83,-203.25,-3849.42,-31954.76,1718.71,22569.67,-6466.94,183.41,204.33,-6283.53,-6079.2,,,,,
861,1797.62,4132.58,5247.52,502.85,286.03,-168.64,-3865.15,-31987.26,1727.06,22657.94,-6437.25,185.12,330.54,-6252.12,-5921.58,,,,,
871,1810.02,4175.25,5220.29,529.09,262.19,-211.07,-3865.69,-31864.45,1734.08,22612.77,-6548.53,186.99,402.48,-6361.54,-5959.06,,,,,
881,1850.71,4234.29,5196.1,511.37,295.95,-202.56,-3865.67,-31793.48,1701.05,22554.09,-6558.95,187,481.86,-6371.95,-5890.09,,,,,
891,1793.3,4195.33,5193.4,513.92,267.08,-166.96,-3825.51,-31762.04,1731.23,22550.73,-6559.04,188.29,490.49,-6370.75,-5880.26,,,,,
901,1869.96,4158.39,5214.35,519.37,281.25,-190.55,-3885.33,-31787.32,1694.45,22611.71,-6624.15,185.66,486.28,-6438.49,-5952.21,,,,,
911,1806.36,4291.89,5204.12,515.26,276.55,-180.66,-3848.9,-31826.47,1731.6,22482.36,-6481.04,185.5,452.11,-6295.53,-5843.43,,,,,
921,1829.86,4288.28,5233.14,509.19,293.86,-227.67,-3853.86,-31889.98,1721.93,22560.13,-6488.79,186.03,464.87,-6302.76,-5837.89,,,,,
931,1818.14,4234.96,5220.51,500.82,282.71,-200.99,-3893.06,-31659.24,1691.5,22573.62,-6707.03,185.38,568.99,-6521.65,-5952.66,,,,,
941,1778.05,4234.12,5220.5,508.19,277.75,-188.83,-3855.87,-31684.62,1714.61,22671.62,-6768.91,191.83,675.52,-6577.08,-5901.55,,,,,
951,1818.39,4238.7,5208.27,504.2,279.43,-194.06,-3816.01,-31691.81,1748.9,22644.79,-6759.7,188.96,740.81,-6570.73,-5829.92,,,,,
961,1806.37,4139.01,5219.75,503.12,300.35,-205.01,-3829.22,-31671.84,1722.35,22561.28,-6702.26,188.37,546.18,-6513.89,-5967.71,,,,,
971,1798.63,4138.42,5205.23,501.36,278.68,-200.91,-3841.09,-31926.65,1766.95,22692.49,-6552.46,186.93,413.1,-6365.53,-5952.43,,,,,
981,1822.76,4112.26,5216.06,505.64,266.06,-188.93,-3871.82,-31706.08,1734.45,22664.29,-6693.23,188.23,554.69,-6505.01,-5950.32,,,,,
991,1835.48,4177.25,5214.14,514.43,290.25,-182.13,-3863.45,-31907.9,1730.6,22560.13,-6484.47,185.49,368.8,-6298.98,-5930.18,,,,,
1001,1775.17,4253.62,5225.92,499.65,272.9,-176.77,-3878.9,-31670.21,1762.51,22552.35,-6684.88,185.25,616.24,-6499.63,-5883.38,,,,,
1011,1893.25,4232.51,5179.38,518.71,307.14,-192.6,-3842.9,-31670.95,1701.46,22484.04,-6639.56,190.72,610.04,-6448.83,-5838.79,,,,,
1021,1843.59,4186.78,5255.33,510.46,282.9,-202.63,-3840.99,-31780.58,1722.02,22525.81,-6562.1,186.4,502.68,-6375.7,-5873.02,,,,,
1031,1807.91,4175.52,5176.97,497.66,275.77,-205.2,-3856.05,-31720.72,1748.5,22626.27,-6654.61,186.32,526.62,-6468.29,-5941.67,,,,,
1041,1780.79,4117.39,5229.36,492.47,263.23,-207.46,-3851.8,-31575.24,1736.49,22553.53,-6779.71,186.52,538.75,-6593.18,-6054.43,,,,,
1051,1796.47,4130.39,5178.61,503.92,273.66,-200.06,-3862.79,-31762.64,1717.19,22686.11,-6662.41,184.31,460.86,-6478.1,-6017.24,,,,,
1061,1835.93,4203.85,5222.41,504.52,278.89,-202.79,-3816.97,-31506.17,1727.24,22562.42,-6860.61,191.89,809.34,-6668.73,-5859.38,,,,,
1071,1793.92,4134.69,5213.05,498.73,281.75,-187.22,-3869.52,-31494.06,1746.57,22531.83,-6820.71,186.65,649.73,-6634.06,-5984.33,,,,,
1081,1749.33,4121.68,5210.81,505.89,270.78,-196.21,-3819.32,-31659.51,1757.36,22675.77,-6729.25,189.31,616.57,-6539.94,-5923.37,,,,,
1091,1826.26,4176.85,5227.17,514.78,265.51,-198.9,-3804.73,-31759.35,1725.5,22649.07,-6663.09,186.15,622.15,-6476.94,-5854.79,,,,,
1101,1832.12,4081.41,5199,508.38,281.67,-203.12,-3813.6,-32041.32,1733.25,22742.97,-6463.85,183.66,320.75,-6280.19,-5959.44,,,,,
1111,1826.07,4228.03,5197.8,524.82,274.54,-172.31,-3808.31,-31746.16,1707.8,22574.88,-6634.85,191.55,607.16,-6443.3,-5836.14,,,,,
1121,1774.66,4150.57,5202.03,501.44,272.8,-201.2,-3870.81,-31688,1729.93,22612.63,-6687.13,190.66,484.05,-6496.46,-6012.41,,,,,
1131,1901.2,4178.75,5256.95,514.12,292.25,-186.77,-3870.16,-31607.6,1714.63,22525.04,-6738.05,188.81,718.41,-6549.24,-5830.83,,,,,
1141,1827.33,4150.77,5204.01,512.62,293.64,-167.3,-3851.33,-31903.28,1736.7,22738.72,-6645.31,187.86,541.87,-6457.45,-5915.58,,,,,
1151,1750.27,4184.32,5193.3,494.84,284.58,-215.77,-3875.64,-31737.98,1740.38,22595.53,-6614.07,186.92,413.81,-6427.15,-6013.34,,,,,
1161,1792.39,4187.83,5228.78,512.18,275.22,-161.25,-3847.57,-31866.93,1731.9,22731.28,-6592.9,186.62,583.82,-6406.28,-5822.46,,,,,
1171,1863.53,4131.4,5245.32,509.07,293.29,-192.62,-3898.62,-31625.14,1717.98,22637.89,-6754.16,187.92,682.11,-6566.24,-5884.14,,,,,
1181,1882.45,4166.87,5228.39,525.57,273.34,-189.27,-3864.11,-31833.02,1727.39,22601.75,-6569.19,186.26,519.35,-6382.93,-5863.59,,,,,
1191,1887.16,4211.08,5198.94,518.67,288.81,-166.8,-3890.13,-31529.62,1709.47,22489.08,-6734.39,184.51,716.66,-6549.88,-5833.22,,,,,
1201,1798.24,4157.82,5216.43,501.85,278.3,-218.83,-3881.51,-31716.39,1737.23,22609.02,-6632.03,185.49,482.17,-6446.54,-5964.38,,,,,
1211,1820.46,4179.7,5243.19,504.8,281.46,-176.19,-3896.22,-31843.72,1728.06,22711.03,-6557.64,184.07,552.57,-6373.57,-5821,,,,,
1221,1789.47,4154.58,5235.66,518.21,292.15,-207.84,-3840.81,-31707.53,1744.56,22655.01,-6691.63,184.84,633.45,-6506.79,-5873.34,,,,,
1231,1776.26,4188.25,5176.09,494.98,257.03,-179.02,-3892.67,-31445.62,1698.43,22636.98,-6917.57,187.4,710.72,-6730.17,-6019.45,,,,,
1241,1785.03,4104.67,5223.87,512.2,284.99,-188.17,-3870.09,-31711.88,1732.07,22641.68,-6670.37,186.31,514.34,-6484.07,-5969.73,,,,,
1251,1772.73,4193.88,5152.67,489.52,271.8,-190.73,-3886.12,-31458.16,1716.66,22599.69,-6855.92,187.22,661.96,-6668.7,-6006.74,,,,,
1261,1717.23,4125.74,5198.27,509.27,268.99,-183.61,-3864.59,-31721.5,1778.56,22690.28,-6679.04,183.6,518.65,-6495.43,-5976.78,,,,,
1271,1877.67,4152.36,5206.27,499.62,301.21,-192.28,-3839.11,-31765.47,1706.79,22750.42,-6707.23,188.23,697.49,-6519,-5821.51,,,,,
1281,1759.93,4123.5,5205.08,497.28,253.27,-189.82,-3877.14,-31884.3,1722.62,22691.74,-6541.79,183.93,302.17,-6357.86,-6055.69,,,,,
1291,1730.88,4223.69,5222.05,500.39,278.31,-164.38,-3849.16,-31534.34,1705.11,22610.8,-6785.75,185.92,723.37,-6599.83,-5876.46,,,,,
1301,1830.36,4119.66,5229.19,518.96,276.98,-214.08,-3860.83,-31593.76,1685.76,22691.82,-6805.68,185.86,684.07,-6619.83,-5935.75,,,,,
1311,1801.32,4109.91,5229.2,513.26,293.75,-190.3,-3865.84,-31555.88,1763.2,22677.47,-6861.29,188.34,776.07,-6672.95,-5896.88,,,,,
1321,1767.76,4149.35,5192.16,495.89,265.45,-212.81,-3815.14,-31682.83,1718.82,22690.94,-6768.9,190.4,569.59,-6578.51,-6008.91,,,,,
1331,1742.21,4092.06,5233.91,494.27,278.05,-190.75,-3881.9,-31606.04,1763.21,22693.45,-6796.94,186.14,618.47,-6610.81,-5992.34,,,,,
1341,1798.96,4157.43,5163.7,512.15,282.07,-193.63,-3860.76,-31630.06,1746.09,22692.79,-6764.39,186.62,668.73,-6577.77,-5909.04,,,,,
1351,1838.31,4122.92,5169.38,495.95,273.67,-180.38,-3856.72,-31699.4,1743.88,22809.66,-6845.92,191.11,717.27,-6654.81,-5937.54,,,,,
1361,1797.79,4191.18,5211.21,508.44,271.54,-207.13,-3819.05,-31260.85,1715.27,22600.99,-7096.52,195.12,1009.39,-6901.4,-5892.01,,,,,
1371,1825.35,4233.53,5178.86,509.39,292.17,-186.16,-3864.35,-31258.16,1710.61,22645.21,-7101.58,193.56,1086.45,-6908.02,-5821.57,,,,,
1381,1822.84,4163.2,5205.18,498.35,273.31,-161.78,-3818.05,-31405.56,1729.75,22609.28,-6942.33,191.53,916.52,-6750.8,-5834.28,,,,,
1391,1870.91,4120.29,5194.65,520,288.53,-184.41,-3899.62,-31732.86,1719.18,22793.89,-6788.63,190.3,690.56,-6598.33,-5907.77,,,,,
1401,1799.18,4201.95,5209.66,502.46,280.55,-185.35,-3893.02,-31627.37,1735.74,22721.77,-6761.35,190.61,745.57,-6570.73,-5825.16,,,,,
1411,1874.98,4106.79,5163.33,515.73,259.52,-184,-3860.08,-31636.34,1751.09,22711.28,-6752.55,185.3,702.3,-6567.25,-5864.95,,,,,
1421,1777.33,4207.45,5233.61,526.61,259.85,-177.9,-3829.87,-31732.91,1708.07,22639.57,-6671.93,189.11,611.81,-6482.83,-5871.01,,,,,
1431,1814.7,4185.1,5149.23,527.18,272.82,-181.19,-3884.12,-31467.72,1730.82,22531.6,-6831.11,190.07,678.43,-6641.05,-5962.62,,,,,
1441,1778.65,4146.78,5152.75,514.59,262.89,-174.31,-3837.72,-31664.77,1729.19,22710,-6821.46,193.33,618.05,-6628.13,-6010.07,,,,,
1451,1798.58,4257.58,5180,529.36,281.54,-180.63,-3841.35,-31477.66,1711.36,22501.17,-6849.47,191.12,759.96,-6658.34,-5898.38,,,,,
1461,1819.98,4140.93,5197.71,501.92,282.81,-172.94,-3871.04,-31533.97,1717,22644.57,-6859.32,191.56,726.97,-6667.76,-5940.79,,,,,
1471,1785.3,4200.99,5196.82,510.85,257.53,-202.52,-3887.04,-31358.18,1750.68,22650.78,-7012.32,187.28,905.2,-6825.04,-5919.84,,,,,
1481,1817.49,4120.47,5174.14,505.43,271.4,-176,-3858.11,-31415.74,1737.86,22700.29,-6956.8,186.65,877.24,-6770.15,-5892.91,,,,,
1491,1719.71,4162.62,5157.38,506.61,265.43,-163.42,-3872.61,-31538.16,1733,22674.61,-6862.71,188.27,645.17,-6674.44,-6029.28,,,,,
1501,1858.51,4140.32,5213.22,505.79,274.83,-149.79,-3866.07,-31490.94,1714.39,22603.48,-6876.76,185.9,803.73,-6690.86,-5887.12,,,,,
1511,1790.41,4136.18,5137.91,495.23,292.21,-177.15,-3869.7,-31827.37,1718.63,22610.06,-6614.26,184.12,306.39,-6430.13,-6123.74,,,,,
1521,1810.62,4224.31,5194.15,499,294.43,-190.63,-3914.87,-31391.37,1668.46,22564.78,-6930.47,185.7,758.89,-6744.77,-5985.88,,,,,
1531,1781.22,4143.33,5187.55,507.23,280.83,-180.95,-3899.45,-31663.97,1737.61,22746.73,-6791.07,185.03,640.14,-6606.04,-5965.9,,,,,
1541,1773.47,4151.08,5149.22,499.34,279.64,-186.03,-3893.08,-31549.16,1729.63,22716.59,-6871.04,182.78,670.69,-6688.26,-6017.57,,,,,
1551,1875.68,4143.36,5198.45,502.56,283.15,-178.97,-3908.47,-31628.53,1699.3,22641.01,-6767.65,181.92,627.55,-6585.74,-5958.19,,,,,
1561,1855.36,4151.37,5197.73,509.55,285.94,-198.98,-3868.71,-31483.53,1728.09,22642.13,-6906.07,184.29,818.97,-6721.78,-5902.81,,,,,
1571,1725.56,4186.79,5237.02,514.2,279.23,-185.27,-3862.92,-31563.99,1723.23,22734.9,-6896.98,183.13,788.75,-6713.85,-5925.1,,,,,
1581,1805.64,4204.02,5186.34,500.2,275,-194.8,-3911.66,-31540.77,1699.13,22750.78,-6870.21,185.31,773.88,-6684.9,-5911.02,,,,,
1591,1853.05,4207.28,5183.23,498.93,288.25,-190.97,-3894.63,-31523.62,1720.72,22723.63,-6918.53,184.64,865.89,-6733.89,-5868,,,,,
1601,1703.65,4172.14,5180.48,505.71,285.27,-213.56,-3836.02,-31625.35,1696.48,22809.85,-6918.47,187.8,678.66,-6730.67,-6052.02,,,,,
1611,1819.84,4166.03,5211.44,494.28,295.19,-191.81,-3870.74,-31484.26,1725.07,22709.19,-6936.1,186.5,874.24,-6749.6,-5875.36,,,,,
1621,1754.81,4154.63,5202.06,504.32,276.27,-186.3,-3850.97,-31417.79,1723.81,22638.89,-7005.49,189.23,799.71,-6816.26,-6016.54,,,,,
1631,1818.46,4140.4,5173.02,509.06,261.55,-185.5,-3827.87,-31573.93,1716.3,22710.55,-6967.07,188.99,742.03,-6778.09,-6036.06,,,,,
1641,1862.85,4202.37,5217.02,516.65,268.74,-179.81,-3870.35,-31450.48,1737.59,22630.59,-6959.55,189.91,935.17,-6769.63,-5834.46,,,,,
1651,1836.41,4192.23,5228.67,494.49,280.08,-177.8,-3859.63,-31483.52,1703.25,22726.91,-7016.46,185.35,941.08,-6831.11,-5890.03,,,,,
1661,1830.9,4088.31,5160.18,522.67,281.01,-151.65,-3864.57,-31649.49,1721.97,22726.02,-6824.02,182.26,665.37,-6641.76,-5976.39,,,,,
1671,1848.19,4159.12,5195.13,506.56,293.07,-198.56,-3853.44,-31649.25,1727.68,22674.98,-6853.19,186.09,703.48,-6667.1,-5963.62,,,,,
1681,1777,4202.18,5197.85,506.06,260.22,-180.01,-3872.75,-31789.07,1728.77,22838.62,-6763.2,189.71,668.89,-6573.48,-5904.6,,,,,
1691,1831.85,4126.42,5168.25,501.57,267.68,-193.13,-3872.32,-31778.74,1699.54,22730.95,-6724.8,188.04,482.06,-6536.77,-6054.7,,,,,
1701,1793.19,4162.14,5213.13,488.72,261.74,-186.7,-3844.29,-31636.79,1757.16,22696.85,-6854.72,187.14,705.14,-6667.58,-5962.44,,,,,
1711,1819.8,4280.84,5191.22,508.65,281,-195.09,-3892.74,-31406.25,1731.62,22709.89,-6975.21,186.57,1028.92,-6788.63,-5759.71,,,,,
1721,1792.16,4171.06,5208.51,498.56,286.08,-199.99,-3825.31,-31526.25,1758.75,22716.47,-6918.45,188.09,880.05,-6730.36,-5850.31,,,,,
1731,1807.07,4252.89,5210.17,525.01,291.11,-178.34,-3888.15,-31587.43,1727.15,22702.45,-6859.16,187.31,861.93,-6671.85,-5809.91,,,,,
1741,1809.37,4155.29,5211.33,495.71,282.69,-207.3,-3848.92,-31788.96,1714.23,22720.29,-6699.96,181.48,543.74,-6518.48,-5974.74,,,,,
1751,1800.36,4198.48,5203.38,512.49,277.51,-180.41,-3809.11,-31630.59,1713.69,22642.57,-6829.31,186.38,728.36,-6642.93,-5914.56,,,,,
1761,1774.05,4174.63,5264.08,510.87,281.17,-194.36,-3849.63,-31806.53,1730.01,22710.46,-6673.65,181.29,594.73,-6492.36,-5897.62,,,,,
1771,1759.82,4218.45,5225.65,516.87,269.91,-186.05,-3892.16,-31424.75,1704.63,22559.9,-6907.3,187.76,752.28,-6719.54,-5967.26,,,,,
1781,1710.99,4208.95,5192.77,501.22,276.58,-196.81,-3905.69,-31510.12,1734.08,22665.31,-6849.73,183.19,677.28,-6666.53,-5989.25,,,,,
1791,1787.75,4203.06,5294.33,514.13,285.74,-184.73,-3886.3,-31720.61,1742.89,22623.19,-6676.28,181.17,659.46,-6495.11,-5835.66,,,,,
1801,1789.6,4198.12,5148.53,507.52,282.97,-170.56,-3908.25,-31616.92,1689.68,22620.87,-6740.37,184.57,541.56,-6555.81,-6014.25,,,,,
1811,1808.79,4090.44,5263.69,491.42,256.62,-206.22,-3848.1,-31694.44,1748.07,22602.29,-6670.13,184.34,512.57,-6485.8,-5973.23,,,,,
1821,1827.75,4165.37,5206.35,523.51,280.28,-186.67,-3821.82,-31670.61,1694.38,22533.47,-6695.08,187.16,552.01,-6507.92,-5955.91,,,,,
1831,1819.65,4083.63,5238.1,502.26,282.51,-199.36,-3872.04,-31786.68,1716.65,22670.9,-6584.97,183.33,455.62,-6401.64,-5946.02,,,,,
1841,1786.82,4282.77,5222.61,520.09,277.82,-189.99,-3851.55,-31569.63,1742.98,22572.74,-6806.72,188.51,794.66,-6618.2,-5823.55,,,,,
1851,1826.54,4175.41,5228.86,499.2,284.71,-189.51,-3865.27,-31471.9,1715.79,22559.71,-6857.48,188.52,763.53,-6668.96,-5905.43,,,,,
1861,1745.81,4182.8,5192.32,506.32,274.88,-188.25,-3858.58,-31691.65,1735.6,22656.22,-6715.81,183.59,555.47,-6532.22,-5976.75,,,,,
1871,1838.39,4168.64,5224.06,514.51,284.61,-168.54,-3881.64,-31753.24,1724.41,22698.58,-6686.04,180.66,649.79,-6505.38,-5855.59,,,,,
1881,1808.76,4214.67,5159.2,497.64,257.98,-170.47,-3886.42,-31821,1716.98,22545.52,-6538.45,181.25,322.85,-6357.19,-6034.34,,,,,
1891,1745.46,4176.54,5173.79,506.87,251.47,-171.07,-3848.27,-31701.37,1735.17,22601.19,-6680.98,182.41,469.77,-6498.57,-6028.8,,,,,
1901,1765.07,4133.52,5228.09,511.33,293.49,-180.74,-3915.96,-31844.49,1714.45,22751.15,-6592.83,179.13,455.9,-6413.69,-5957.79,,,,,
1911,1809.83,4142.36,5214.35,513.22,279.2,-168.1,-3838.75,-31736.09,1715.8,22564.79,-6636.55,185.24,496.6,-6451.31,-5954.7,,,,,
1921,1824.54,4127.23,5199.02,486.27,268.83,-189.45,-3870.37,-31960.26,1721.27,22771.02,-6519.24,181.28,378.11,-6337.96,-5959.85,,,,,
1931,1858.98,4083.49,5268.35,495.54,276.81,-177.18,-3935.71,-31738.21,1706.98,22642.72,-6671.12,183.32,481.77,-6487.8,-6006.04,,,,,
1941,1824.49,4147.15,5248.8,500.19,273.88,-196.84,-3842.4,-31781.71,1742.4,22721.85,-6727.37,184.6,637.81,-6542.77,-5904.96,,,,,
1951,1821.97,4156.19,5232.91,509.68,275.26,-198.86,-3918.06,-31786.76,1702.86,22684.74,-6676.81,182.88,479.94,-6493.94,-6014,,,,,
1961,1816.98,4152.27,5242.88,501.9,280.8,-182.05,-3925.98,-31779.03,1729.58,22647.36,-6658.79,184.57,484.72,-6474.22,-5989.51,,,,,
1971,1836.47,4149.85,5184.07,490.35,271.86,-176.52,-3820.45,-31708.38,1699.78,22672.01,-6776.09,187.13,599.04,-6588.95,-5989.91,,,,,
1981,1810.64,4230.13,5210.68,509.09,283.51,-181.42,-3860.48,-31482.94,1751.73,22594.02,-6874.81,187.41,864.98,-6687.4,-5822.42,,,,,
1991,1781.47,4185.05,5191.95,505.91,293.18,-174.47,-3873.53,-31686.86,1730.67,22742.52,-6744.52,186.37,695.88,-6558.15,-5862.27,,,,,
2001,1792.04,4223.81,5188.02,532.44,284.84,-174.85,-3844.54,-31757.09,1725.5,22772.3,-6734.71,189.21,742.48,-6545.51,-5803.03,,,,,
2011,1827.82,4163.81,5269.4,515.69,276.05,-176.12,-3858.2,-32057.5,1757.35,22688.77,-6469.8,181.52,407.08,-6288.28,-5881.2,,,,,
2021,1846.39,4132.66,5219.72,491.17,276.39,-172.53,-3847.88,-31784.97,1729.65,22694.91,-6670.41,181.35,585.5,-6489.06,-5903.56,,,,,
2031,1802.37,4054,5197.8,497.77,281.49,-158.1,-3851.4,-31698.81,1694.15,22782.32,-6792.15,184.27,601.6,-6607.88,-6006.28,,,,,
2041,1897.77,4117.14,5192.2,507.37,272.04,-210.94,-3837.99,-31703.88,1718.81,22750.35,-6775.87,186.59,702.87,-6589.29,-5886.42,,,,,
2051,1775.2,4260.09,5227.91,517.02,274.89,-181.73,-3857.8,-31373.99,1709.94,22614.59,-6980.17,190.84,966.12,-6789.33,-5823.21,,,,,
2061,1810.01,4179.59,5200.28,505.34,274.16,-207.75,-3883.98,-31518.99,1727.8,22623.47,-6846.43,183.17,709.92,-6663.26,-5953.35,,,,,
2071,1885.92,4124.86,5238.48,518.93,296.99,-186.27,-3867.23,-31708.45,1692.61,22707.14,-6760.05,181.68,702.98,-6578.37,-5875.39,,,,,
2081,1818.5,4248.76,5222.18,508.72,289.57,-198.91,-3886,-31700.72,1723.45,22671.01,-6688.47,184.84,696.55,-6503.64,-5807.09,,,,,
2091,1850.44,4145.28,5198.22,511.39,273.86,-189.61,-3853.42,-31611.89,1718.16,22658.47,-6801.01,186.35,700.9,-6614.66,-5913.76,,,,,
2101,1756.02,4177.14,5213.53,500.13,300.11,-187.35,-3880.41,-31883.58,1753.55,22795.76,-6625.48,185.41,544.9,-6440.06,-5895.17,,,,,
2111,1938.8,4232.72,5211.05,527.26,261.59,-175.45,-3900.57,-31635.98,1688.76,22705.19,-6834.33,186.82,853.37,-6647.51,-5794.13,,,,,
2121,1787.36,4236.54,5157.8,518.58,269.05,-189.74,-3838.88,-31760.12,1750.66,22754.67,-6790.52,187.65,685.94,-6602.86,-5916.92,,,,,
2131,1819.86,4183.97,5217.26,497.69,270.25,-190.91,-3853.91,-31582.88,1732.26,22769.27,-6896.35,187.43,862.85,-6708.92,-5846.06,,,,,
2141,1785.24,4090.52,5207.27,502.33,255.84,-173.76,-3836.75,-31958.76,1732.42,22898.94,-6707.38,187.6,503.3,-6519.78,-6016.47,,,,,
2151,1750.95,4201.62,5194.26,513.29,259.46,-165.42,-3870.38,-31644.8,1726.22,22739.6,-6801.8,187.39,704.81,-6614.4,-5909.6,,,,,
2161,1803.71,4134.59,5198.78,503.3,270.24,-211.55,-3896.04,-31518.91,1708.81,22766.24,-6914.25,185.59,759.15,-6728.66,-5969.51,,,,,
2171,1802.2,4192.81,5222.06,505.73,254.19,-185.27,-3896.06,-31662.4,1713.16,22717.65,-6788.13,185.51,664.08,-6602.62,-5938.54,,,,,
2181,1798.43,4244.03,5225.9,530.17,285.46,-216.01,-3887.47,-31827.31,1725.86,22791.64,-6685.53,184.43,670.7,-6501.11,-5830.4,,,,,
2191,1797.13,4143.94,5249.07,501.79,271.27,-185.64,-3879.67,-31822.27,1708.92,22667.54,-6603.36,182.32,452.06,-6421.04,-5968.98,,,,,
2201,1795.47,4053.7,5219.84,514.09,277.89,-169.38,-3870.43,-31531.1,1713.84,22706.81,-6909.68,184.29,710.72,-6725.39,-6014.67,,,,,
2211,1774.1,4155.03,5257.26,498.58,264.05,-187.39,-3912.84,-31534.7,1704.44,22767.03,-6913.94,186.16,785.57,-6727.78,-5942.21,,,,,
2221,1791.89,4181.38,5237.05,517.94,286.59,-176.45,-3913.03,-31534.62,1704.07,22670.04,-6868.19,182.79,764.85,-6685.4,-5920.55,,,,,
2231,1783.96,4166.68,5261.57,494.9,276.9,-215.77,-3829.46,-31725.25,1695.43,22724.01,-6728.69,186.85,632.97,-6541.84,-5908.87,,,,,
2241,1748.12,4208.62,5209.34,510.45,267.86,-189.35,-3805.62,-31673.4,1732.11,22697.33,-6795.23,187.04,705.45,-6608.2,-5902.74,,,,,
2251,1737.91,4155.13,5235.3,518.92,260.54,-189.97,-3880.56,-31709.81,1726.47,22819.06,-6797.43,186.04,673,-6611.38,-5938.38,,,,,
2261,1760.68,4140.01,5235.88,493.25,254.01,-211.71,-3846.39,-31692.83,1700.72,22693.09,-6755.38,184.74,526.69,-6570.64,-6043.95,,,,,
2271,1804.71,4162.62,5241.74,502.33,273.79,-186.88,-3890.57,-31608.77,1682.09,22653.16,-6772.66,184.09,634.23,-6588.57,-5954.34,,,,,
2281,1754.31,4199.59,5246.88,523.54,280.39,-215.47,-3889.38,-31637.83,1695.66,22738.33,-6804.2,184.77,696.02,-6619.43,-5923.41,,,,,
2291,1843.92,4206.67,5230.34,524.6,265.18,-204.55,-3949.89,-31555.76,1698.63,22739.6,-6850.19,184.68,798.73,-6665.51,-5866.78,,,,,
2301,1796.7,4180.14,5229.52,509.07,283.42,-204.45,-3908.78,-31716.51,1699.74,22732.94,-6763.41,182.53,601.78,-6580.88,-5979.1,,,,,
2311,1810.52,4197.26,5179.96,503.79,259.5,-201.86,-3858.06,-31556.91,1732.9,22692.25,-6830.01,183.79,759.35,-6646.23,-5886.88,,,,,
2321,1778.08,4127.86,5197.26,503.73,279.48,-200.75,-3852.41,-31472.55,1719.39,22694.71,-6927.25,191.87,774.79,-6735.38,-5960.59,,,,,
2331,1769.15,4193.54,5158.6,515.42,288.48,-183.82,-3868.48,-31562.77,1733.12,22756.64,-6927.5,189.51,799.89,-6737.99,-5938.1,,,,,
2341,1767.77,4225.88,5218.43,519.8,286.53,-187.14,-3854.02,-31674.96,1703.5,22660.83,-6743.11,184.73,666.63,-6558.38,-5891.75,,,,,
2351,1847.39,4127.17,5189.9,514.75,262.07,-200.94,-3901.56,-31524.84,1731.9,22746.85,-6874.11,187.75,792.68,-6686.37,-5893.68,,,,,
2361,1825.85,4132.64,5208.06,497.07,258.18,-199.27,-3800.93,-31536.44,1698.69,22718.09,-6939.17,188.58,801.93,-6750.59,-5948.65,,,,,
2371,1830.77,4134.06,5231.02,506.11,279.16,-220.81,-3868.52,-31458.4,1705.55,22624.34,-6890.64,187.1,763.29,-6703.53,-5940.24,,,,,
2381,1738.27,4187.02,5222.13,504.14,295.15,-162.32,-3907.99,-31554.59,1718.79,22714.43,-6854.52,182.87,755.04,-6671.65,-5916.6,,,,,
2391,1792.7,4190.06,5232.75,499.34,292.45,-190.27,-3894.77,-31752.69,1698.21,22805.27,-6797.3,182.87,673.04,-6614.43,-5941.39,,,,,
2401,1832.89,4148.24,5204.79,493.8,270.86,-193,-3857.74,-31708.85,1718.78,22705.67,-6782.6,185.41,615.44,-6597.19,-5981.75,,,,,
2411,1852.85,4137.56,5246.33,496.38,268.51,-173.12,-3843.1,-31681.04,1717.98,22583.5,-6747.32,188.04,605.85,-6559.28,-5953.43,,,,,
2421,1844.43,4070.67,5189.75,488.04,262.92,-195.43,-3860.22,-31975.21,1699.79,22673.64,-6487.12,180.72,198.39,-6306.39,-6108.01,,,,,
2431,1783.77,4089.1,5165.99,503.44,293.9,-171.17,-3883.83,-31669.66,1743.63,22701.84,-6756.82,183.52,557.02,-6573.3,-6016.28,,,,,
2441,1847.4,4150.8,5188.76,510.12,287.78,-194.37,-3853.25,-31618.21,1711.4,22580.54,-6714.82,183.12,610.98,-6531.7,-5920.71,,,,,
2451,1798.64,4223.68,5200.22,509.69,284.64,-181.58,-3852.65,-31635.02,1732.94,22650.75,-6733.2,185.21,731.32,-6547.99,-5816.66,,,,,
2461,1816.73,4055.09,5188.53,513.02,296.73,-187.39,-3839.83,-31579.44,1737.41,22613.7,-6799.61,189.02,614.55,-6610.59,-5996.03,,,,,
2471,1778.75,4188.01,5211.85,505.57,256.56,-159.56,-3892.25,-31782.4,1721.9,22644.6,-6590.48,183.08,473.04,-6407.4,-5934.37,,,,,
2481,1813.03,4141.91,5219.1,506.25,268.73,-170.69,-3882.68,-31616.69,1723.87,22688.37,-6762.38,184.08,691.2,-6578.3,-5887.1,,,,,
2491,1856.62,4271.9,5167.27,515.16,274.49,-193.88,-3865.49,-31508.53,1714.81,22598.94,-6896.97,186.7,831.29,-6710.27,-5878.98,,,,,
2501,1859.86,4230.1,5230.75,518.07,295.31,-176.34,-3888.49,-31525.63,1702.52,22648.89,-6826.61,184.56,895.04,-6642.05,-5747.01,,,,,
2511,1790.55,4151.28,5207.95,511.01,258.19,-193.03,-3878.03,-31544.5,1706.36,22557.99,-6778.67,189.34,567.76,-6589.32,-6021.56,,,,,
2521,1814.8,4206.85,5202.11,523.11,251.55,-206.45,-3920.58,-31695.04,1696.06,22639.73,-6655.35,185.5,512.16,-6469.86,-5957.7,,,,,
2531,1848.2,4216.84,5225.85,515.51,279.59,-213.75,-3887.88,-31978.63,1697.59,22683.81,-6458.16,181.83,387.14,-6276.34,-5889.2,,,,,
2541,1820.51,4167.14,5200.65,515.25,284.24,-164.94,-3840.99,-31822.72,1705.06,22585.67,-6544.37,184.28,449.86,-6360.09,-5910.23,,,,,
2551,1811.78,4212.12,5155.96,501.8,281.94,-164.01,-3888.3,-31840.12,1714.83,22607.43,-6562.97,181.94,393.42,-6381.04,-5987.61,,,,,
2561,1854.6,4156.3,5245.85,504.3,284.2,-234.03,-3908.54,-32113.3,1724.51,22674.95,-6294.7,178.26,188.84,-6116.44,-5927.6,,,,,
2571,1776.42,4166.05,5221.33,513.51,279.15,-192.94,-3932.38,-31817.31,1732.53,22606.53,-6547.33,180.43,352.9,-6366.9,-6014,,,,,
2581,1790.64,4150.57,5224.5,516.63,287.24,-190.36,-3930.08,-31733.41,1734.4,22629.95,-6656.3,181.61,480.09,-6474.69,-5994.61,,,,,
2591,1772.8,4190.39,5213.63,516.53,286.49,-196.23,-3892.8,-31895.32,1706.14,22700.96,-6519.66,179.45,402.59,-6340.21,-5937.61,,,,,
2601,1798.18,4191.39,5208.54,502.26,244.53,-168.96,-3901.92,-31938.78,1701.2,22620.33,-6439.24,180.16,256.79,-6259.08,-6002.29,,,,,
2611,1793.1,4145.88,5221.33,491.9,249.56,-200.83,-3914.4,-31799.2,1711.27,22521.01,-6446.36,182.29,219.62,-6264.07,-6044.45,,,,,
2621,1785.78,4191.56,5200.07,511.97,260.91,-194.92,-3842.47,-31890.31,1717.43,22658.92,-6541.14,181.88,398.94,-6359.26,-5960.31,,,,,
2631,1842.71,4198.67,5206.69,518.04,286.08,-199.78,-3899.49,-31616.36,1683.07,22566.04,-6696.75,186.38,585.66,-6510.38,-5924.72,,,,,
2641,1820.6,4188.03,5221.85,530.56,254.51,-180.7,-3861.36,-31984.7,1753.59,22625.55,-6429.54,184.97,367.93,-6244.58,-5876.65,,,,,
2651,1786.11,4088.5,5227.06,508.47,270.05,-169.69,-3889.95,-31941.64,1719.82,22626.58,-6402.57,182.77,225.32,-6219.81,-5994.48,,,,,
2661,1781.56,4091,5208.52,483,267.97,-179.38,-3842.93,-31953.04,1727.22,22589.39,-6408.56,184.06,173.3,-6224.5,-6051.2,,,,,
2671,1833.88,4178.31,5211.54,500,284.49,-205.03,-3914.91,-31827.94,1714.89,22605.42,-6574.83,183.55,380.65,-6391.27,-6010.62,,,,,
2681,1742.8,4132.92,5209.42,503.33,279.58,-174.52,-3920.92,-31714.88,1694.11,22555.99,-6611.67,183.75,307.83,-6427.92,-6120.09,,,,,
2691,1811.06,4151.24,5259.72,500.26,283.34,-190.38,-3932.91,-31700.62,1730.12,22642.15,-6650.11,182.67,553.98,-6467.44,-5913.46,,,,,
2701,1840.24,4213.94,5222.5,510.44,261.27,-204.16,-3866.16,-31803.73,1696.8,22591.75,-6560.48,185.6,462.89,-6374.87,-5911.98,,,,,
2711,1767.41,4124.27,5204.36,481.73,279.16,-196.91,-3875.85,-31837.93,1706.7,22609.91,-6554.72,181.23,262.85,-6373.49,-6110.64,,,,,
2721,1785.77,4106.7,5227.88,519.68,259.84,-200.94,-3880.77,-31848.98,1759.98,22652.44,-6537.99,180.87,381.61,-6357.12,-5975.51,,,,,
2731,1758.94,4179.79,5216.05,504.08,264.77,-170.83,-3950.36,-31914.94,1716.02,22639.61,-6482.92,178.35,243.11,-6304.57,-6061.46,,,,,
2741,1819.29,4167.01,5180.28,509.2,270.69,-186.33,-3887.38,-31745.75,1683.45,22544.01,-6556.82,181.45,354.47,-6375.37,-6020.9,,,,,
2751,1825.19,4180.32,5191.75,517.04,260.67,-188.29,-3870.51,-32065.85,1735.86,22718.91,-6438.24,181.7,305.09,-6256.54,-5951.45,,,,,
2761,1726.23,4150.29,5200.42,518.38,265.15,-195.02,-3869.89,-32165.36,1750.21,22783.27,-6357.78,182.64,163.7,-6175.15,-6011.45,,,,,
2771,1792.61,4139.82,5214.78,520.32,266.94,-197.83,-3865.69,-32051.16,1745.21,22591.37,-6374.52,180.21,156.38,-6194.32,-6037.94,,,,,
2781,1833.38,4216.48,5223.31,518.51,275.82,-224.49,-3914.54,-32121.83,1670.7,22711.56,-6400.61,184.93,188.9,-6215.69,-6026.79,,,,,
2791,1733.38,4156.8,5183.83,508.22,268.68,-193.3,-3907.51,-32034.92,1728.57,22716.67,-6463.63,179.12,160.43,-6284.51,-6124.08,,,,,
2801,1781.42,4201.66,5204.05,514,263.85,-190.17,-3925.19,-31982.85,1730.22,22644.7,-6437.59,183.57,241.7,-6254.02,-6012.32,,,,,
2811,1763.35,4142.42,5236.21,503.65,263,-193.92,-3893.87,-32100.64,1712.8,22712.59,-6350.71,176.87,145.6,-6173.84,-6028.24,,,,,
2821,1832.56,4276.09,5221.3,513.21,257.29,-183.85,-3886.23,-31939.21,1686.73,22529.02,-6436.56,184.04,306.91,-6252.52,-5945.61,,,,,
2831,1838.93,4291.75,5219.69,543.32,273.28,-204.13,-3896.29,-32026.98,1685.92,22780.84,-6495.08,182.42,506.34,-6312.67,-5806.33,,,,,
2841,1831.57,4145.08,5201.4,507.14,275.08,-185.12,-3875.54,-32036.15,1723.43,22639.72,-6443.05,180.3,226.58,-6262.75,-6036.17,,,,,
2851,1749.06,4133.16,5214.74,505.55,259.33,-197.02,-3904.75,-32158.32,1709.83,22719.49,-6285.75,176.86,31.07,-6108.89,-6077.82,,,,,
2861,1840,4144.35,5211.97,505.54,280.26,-188.7,-3915.78,-31904.79,1714.46,22704.34,-6536.35,183.5,391.65,-6352.85,-5961.2,,,,,
2871,1826.25,4160.76,5206.96,510.42,292.18,-186.86,-3873.58,-31988.33,1728.73,22654.07,-6472.83,184.94,330.59,-6287.89,-5957.29,,,,,
2881,1811.68,4130.17,5212.89,507.35,250.01,-189.43,-3916.22,-32005.89,1717.31,22660.84,-6439.23,183.19,178.7,-6256.04,-6077.34,,,,,
2891,1747.43,4273.3,5244.39,517.91,277.38,-190.28,-3871.5,-32146.71,1758.47,22756.98,-6400.05,182.67,367.35,-6217.38,-5850.03,,,,,
2901,1819.23,4237.96,5197.55,521.04,269.79,-170.43,-3846.42,-32047.18,1688.28,22679.8,-6445.21,182.9,349.61,-6262.31,-5912.71,,,,,
2911,1823.65,4174.29,5226.96,483.07,253.68,-174.14,-3936.39,-31868.73,1694.93,22654.11,-6488.55,180.84,331.44,-6307.71,-5976.27,,,,,
2921,1792.21,4162.55,5184.37,511.31,285.01,-176.81,-3821.31,-32197.85,1718.2,22670.45,-6342.42,180.8,128.13,-6161.62,-6033.49,,,,,
2931,1789.8,4152.29,5272.27,501.61,272.11,-186.6,-3892.29,-32082.38,1726.03,22630.83,-6368.09,179.9,183.68,-6188.2,-6004.52,,,,,
2941,1783.99,4167.73,5181.42,525.44,288.33,-157.1,-3873.74,-31939.68,1725.85,22694.29,-6527.88,177.03,396.52,-6350.85,-5954.33,,,,,
2951,1812.27,4127.83,5196.2,521.19,277.45,-173.97,-3868.38,-31922.89,1749.16,22631.13,-6500.17,180.55,350,-6319.62,-5969.62,,,,,
2961,1800.55,4160.72,5176.53,523.51,294.17,-182.99,-3915.93,-31874.01,1691.9,22700.48,-6557.41,180.42,374.93,-6376.99,-6002.06,,,,,
2971,1816.46,4191.08,5194.9,516.85,301,-177.54,-3886.43,-32015.73,1733.1,22634.8,-6445.52,178.06,308.5,-6267.46,-5958.96,,,,,
2981,1753.62,4098.84,5246.19,485.09,287.26,-147.26,-3880.83,-32073.24,1726.84,22788.42,-6504.02,182.43,284.92,-6321.59,-6036.66,,,,,
2991,1769.8,4199.68,5205.62,501.39,278.91,-193.82,-3835.82,-31851.3,1704.57,22710.87,-6627.46,183.14,489.9,-6444.31,-5954.42,,,,,
3001,1848.4,4129.22,5219.02,514.1,263.92,-204.55,-3826.71,-31957.95,1726.69,22606.79,-6502.12,182.41,318.93,-6319.71,-6000.78,,,,,
3011,1774.39,4187.93,5180.6,495.25,291.13,-150.22,-3861.97,-32175.26,1710.67,22718.65,-6374.3,177.53,171.16,-6196.77,-6025.61,,,,,
3021,1802.55,4093.79,5212.98,509.65,272.61,-148.1,-3927.03,-32015.95,1731.65,22668.82,-6444.06,177.55,200.97,-6266.5,-6065.54,,,,,
3031,1799.61,4185.88,5230.1,508.68,284.01,-176.13,-3838.73,-32020.32,1706.08,22704.54,-6530.25,185.51,383.74,-6344.74,-5961.01,,,,,
3041,1770.39,4219.98,5208.2,500.64,296.87,-194.05,-3906.23,-32205.99,1753.99,22747.14,-6308.04,175.22,190.92,-6132.82,-5941.9,,,,,
3051,1734.74,4105.41,5218.06,488.13,281.92,-161.28,-3930.74,-32053.16,1773.78,22738.6,-6413.82,177.74,195.46,-6236.07,-6040.61,,,,,
3061,1782.07,4145.67,5213.47,502.26,268.95,-181.54,-3891,-32104.98,1731.01,22725.15,-6368.6,178.66,191.06,-6189.93,-5998.88,,,,,
3071,1838.26,4131.54,5153.69,508.58,275.35,-186.18,-3856.33,-31902.33,1717.54,22652.12,-6526.65,181.02,332.23,-6345.63,-6013.39,,,,,
3081,1774.22,4149.78,5284.2,507.29,293.18,-223.23,-3896.33,-31767.04,1734.05,22688.64,-6668.24,184.23,544.78,-6484.01,-5939.24,,,,,
3091,1750.84,4140.45,5195.15,484.95,263.92,-202.83,-3904.94,-31845.96,1736.14,22793.11,-6657.42,179.17,410.84,-6478.24,-6067.4,,,,,
3101,1789.85,4066.36,5211.94,504.93,275.41,-198.57,-3887.02,-31746.67,1737.35,22733.02,-6711.53,181,486.58,-6530.53,-6043.95,,,,,
3111,1878.17,4067.55,5189.59,504.36,279.07,-172.52,-3882.18,-31882.7,1705.86,22680.72,-6588.49,181.5,367.9,-6406.99,-6039.09,,,,,
3121,1800.52,4097.53,5221.88,492.08,279.31,-205.56,-3909.5,-31708.85,1730.98,22709.26,-6679.49,177.88,507.63,-6501.62,-5993.98,,,,,
3131,1750.9,4141.36,5285.03,513.03,274.26,-195.06,-3917.28,-31773.57,1736.84,22664.04,-6637.44,180.68,479.56,-6456.76,-5977.2,,,,,
3141,1756.61,4146.42,5260.07,510.12,282.58,-173.26,-3882.14,-31689.17,1740.02,22600.71,-6693.71,181.35,551.97,-6512.36,-5960.39,,,,,
3151,1784.45,4263.32,5167.75,507.57,278.8,-176.75,-3859.94,-31850.9,1708.45,22688.88,-6630.36,181.84,511.63,-6448.52,-5936.89,,,,,
3161,1809.99,4145.6,5230.61,504.49,281.18,-198.18,-3896.51,-31949.97,1749.4,22704.11,-6526.45,184.05,380.72,-6342.4,-5961.68,,,,,
3171,1810.35,4164.13,5226.86,507.54,284.7,-200.26,-3913.35,-31939.65,1781.08,22665.21,-6497.94,180.08,386.62,-6317.87,-5931.25,,,,,
3181,1787.22,4205.09,5231.53,510.05,275.11,-183.63,-3884.48,-31974.97,1717.71,22688.02,-6494.06,178.97,371.65,-6315.09,-5943.44,,,,,
3191,1796.62,4226.37,5228.37,512.68,274.91,-200.61,-3903.94,-31729.35,1728.45,22514.52,-6600.89,181.23,448.02,-6419.66,-5971.64,,,,,
3201,1905.14,4164.96,5206.37,511.15,275.22,-182.58,-3915.85,-31817.58,1676.42,22666,-6608.42,182.94,489.24,-6425.48,-5936.25,,,,,
3211,1727.53,4100.81,5258.28,486.07,280.67,-203.44,-3868.25,-32053.03,1739.44,22786.59,-6477.78,178.9,254.67,-6298.88,-6044.21,,,,,
3221,1778.01,4088.7,5233.87,498.26,271.95,-216.2,-3858.5,-32000.55,1730.88,22718.75,-6456.19,183.06,245.17,-6273.13,-6027.96,,,,,
3231,1757.61,4233.47,5190.67,508.74,270.24,-178.13,-3935.01,-31889.3,1745.87,22595.45,-6456.41,175.83,299.6,-6280.58,-5980.99,,,,,
3241,1822.2,4183.31,5267.81,510.47,272.78,-206.23,-3893.62,-31902.8,1698.63,22589.17,-6484.87,177.91,341.71,-6306.96,-5965.25,,,,,
3251,1758.57,4179.29,5259.79,515.06,285.07,-208.35,-3900.62,-32018.12,1753.26,22734.78,-6460.07,177.36,358.73,-6282.71,-5923.97,,,,,
3261,1791.16,4134.44,5259.55,507.36,254.13,-200.1,-3881.95,-32008.08,1724.97,22716.63,-6459.41,177.4,298.13,-6282.01,-5983.88,,,,,
3271,1751.21,4188.66,5255.14,512.65,266.83,-205.33,-3933.98,-31730.3,1749.8,22604.23,-6642.24,178.44,458.91,-6463.8,-6004.89,,,,,
3281,1730.27,4187.53,5283.56,485.31,294.35,-193.35,-3877.67,-31947.08,1716.94,22679.21,-6507.08,180.31,359.08,-6326.78,-5967.7,,,,,
3291,1822.16,4174.52,5222.23,512.4,288.73,-188.94,-3869.51,-31804.14,1707.24,22528.98,-6519.89,183.13,393.68,-6336.76,-5943.08,,,,,
3301,1786.69,4243.72,5242.42,492.13,250.08,-180.35,-3876.51,-31880.57,1737.9,22691.73,-6603.7,185.49,507.22,-6418.2,-5910.98,,,,,
3311,1835.06,4137.35,5208.29,513.24,278.64,-190.05,-3855.75,-32076.82,1691.09,22725.98,-6396.49,184.84,267.04,-6211.65,-5944.62,,,,,
3321,1752.19,4113.09,5198.43,498.46,280.62,-188.23,-3903.41,-32085.81,1761.96,22762,-6428.23,180.74,189.3,-6247.49,-6058.19,,,,,
3331,1754.26,4262.62,5197.44,507.04,272.88,-177.64,-3875.44,-31826.45,1727.08,22687.01,-6594.83,180.41,528.8,-6414.43,-5885.63,,,,,
3341,1818.75,4202.96,5185.69,507.34,261.13,-194.31,-3859,-31905.44,1731.34,22696.25,-6567.97,180.76,444.7,-6387.22,-5942.51,,,,,
3351,1855.3,4158.36,5179.73,505.91,283.72,-176.6,-3885.28,-31918.14,1724.42,22688.55,-6502.17,183.81,415.96,-6318.36,-5902.4,,,,,
3361,1778.69,4252.94,5217.46,508.61,269.18,-172.14,-3865.53,-31792.96,1752.78,22498.1,-6597.63,183.7,447.12,-6413.93,-5966.81,,,,,
3371,1728.35,4135.61,5209.76,526.01,286.37,-155.62,-3894.13,-31690.22,1766.97,22638.79,-6666.11,184.86,551.87,-6481.25,-5929.38,,,,,
3381,1850.72,4162.43,5166.59,530.2,304.79,-156.79,-3946.25,-31683.04,1716.54,22558.66,-6629.5,183.06,503.84,-6446.44,-5942.61,,,,,
3391,1781.47,4238.71,5210.38,517.66,282.92,-172.43,-3848.54,-32065.84,1737.92,22644.96,-6398.48,184.34,327.22,-6214.15,-5886.92,,,,,
3401,1814.8,4152.47,5182.19,484.32,269.75,-180.21,-3833.67,-32030.59,1748.26,22656.07,-6407.47,180.48,263.38,-6226.99,-5963.61,,,,,
3411,1796.29,4136.81,5201.94,500.65,268.49,-161.03,-3904.36,-31894.47,1738.14,22634,-6467.23,182.71,316.46,-6284.52,-5968.06,,,,,
3421,1775.88,4198.03,5200.47,519.94,255.65,-187.39,-3898.51,-31818.96,1741.31,22544.25,-6464.01,182.56,330.68,-6281.45,-5950.77,,,,,
3431,1788.34,4229.46,5195.13,500.19,277.52,-180.5,-3892.04,-31955.7,1689.97,22540.08,-6360.79,177.86,192.45,-6182.92,-5990.47,,,,,
3441,1724.62,4202.8,5188.83,505.82,250.63,-193.66,-3867.39,-31908.49,1746.95,22557.5,-6405.8,179.48,207.6,-6226.32,-6018.72,,,,,
3451,1805.88,4095.34,5219.7,499.44,275.98,-181.07,-3925.47,-31886.46,1726.39,22629.11,-6468.7,176.86,258.84,-6291.84,-6033.01,,,,,
3461,1845.71,4132.66,5213.82,504.9,265.37,-169.26,-3887.6,-31620.38,1697.49,22562.07,-6703.14,185.62,544.77,-6517.51,-5972.74,,,,,
3471,1822.77,4203.75,5215.96,513.54,289.04,-209.98,-3910.48,-31826.54,1716.26,22665.86,-6599.16,182.08,480.19,-6417.07,-5936.89,,,,,
3481,1821.94,4186.05,5174.66,514.17,273.23,-195.55,-3887.39,-31700.61,1681.38,22475.84,-6594.01,179.49,343.73,-6414.52,-6070.79,,,,,
3491,1891.46,4125.34,5171.93,506.96,271.59,-206.81,-3861.32,-31738.29,1763.82,22689.91,-6697.7,181.89,614.59,-6515.8,-5901.21,,,,,
3501,1805.12,4122.59,5227.91,516.37,283.13,-186.87,-3855.28,-31666.65,1749.5,22676.62,-6758.31,186.37,672.44,-6571.94,-5899.5,,,,,
3511,1802.62,4235.46,5227.67,512.49,281.61,-217.2,-3886.54,-31735.76,1734.59,22598.14,-6640.6,182.87,553.08,-6457.73,-5904.65,,,,,
3521,1822.97,4232.97,5210.09,504.98,266.41,-179.51,-3880.65,-31887.07,1756.29,22624.37,-6570.41,177.5,470.84,-6392.91,-5922.07,,,,,
3531,1827.21,4148.32,5198.2,499.73,253.5,-180.84,-3899.11,-31717.12,1726.58,22641.05,-6643.67,181.19,497.52,-6462.48,-5964.95,,,,,
3541,1813.62,4191.69,5152.86,509.96,278.53,-153.8,-3841.98,-31759.35,1745.29,22586.69,-6648.3,182.5,523.5,-6465.8,-5942.3,,,,,
3551,1863.74,4175.8,5221.82,507.38,284.05,-167.91,-3892.56,-31752.39,1699.91,22515.39,-6546.2,181.33,455.22,-6364.87,-5909.65,,,,,
3561,1738.51,4188.26,5201.9,502.68,272.65,-177.24,-3857.87,-31827.01,1739.81,22624.78,-6556.78,182.9,406.48,-6373.87,-5967.4,,,,,
3571,1847.63,4243.03,5211.75,503.71,264.89,-180.71,-3902.22,-31693.51,1678.16,22647.01,-6711.7,184.9,619.75,-6526.81,-5907.06,,,,,
3581,1876.89,4111.71,5196.86,513.42,273.18,-161.43,-3897.57,-31770.74,1699.41,22663.19,-6654.96,184.23,504.92,-6470.74,-5965.82,,,,,
3591,1808.39,4252.75,5218.8,515.4,267.91,-166.94,-3942.17,-31514.3,1754.78,22566.95,-6823.93,182.83,761.58,-6641.11,-5879.52,,,,,
3601,1804.75,4164.5,5240,505.2,272.85,-187.08,-3871.72,-31618.34,1738.4,22528.63,-6681.95,185.26,577.18,-6496.7,-5919.52,,,,,
3611,1841.1,4283.76,5147.52,512.05,282.46,-152.86,-3869.49,-31787.99,1675.34,22501.79,-6594.58,184.28,433.67,-6410.3,-5976.63,,,,,
3621,1816.59,4166.53,5174.45,492.83,274.42,-193.78,-3893.42,-31768.88,1712.51,22612.82,-6604.85,181.76,394.09,-6423.09,-6029,,,,,
3631,1824.47,4165.1,5200.19,504.76,281.28,-207.85,-3865.4,-31768.39,1712.15,22618.38,-6623.65,185.04,464.69,-6438.61,-5973.93,,,,,
3641,1821.34,4160.23,5191.87,510.34,299.22,-198,-3905.54,-31891.59,1725.75,22631.93,-6541.61,181.32,345.56,-6360.29,-6014.73,,,,,
3651,1759.32,4197.34,5193.01,492.51,291.1,-165.83,-3905.66,-31832.13,1713.46,22588.61,-6520.25,178.49,331.73,-6341.76,-6010.02,,,,,
3661,1879.48,4294.58,5167.12,523.38,281.87,-187.75,-3886.22,-31927.22,1744.09,22550.9,-6469.23,181.48,440.23,-6287.75,-5847.52,,,,,
3671,1796.96,4113.35,5175.11,497.42,286.26,-197.03,-3919.52,-31899.64,1701.44,22692.8,-6492.2,179.79,247.15,-6312.4,-6065.25,,,,,
3681,1832,4245.48,5191.04,507.95,277.85,-174.93,-3903.14,-31794.08,1696.79,22539.94,-6562.36,182.33,418.9,-6380.03,-5961.13,,,,,
3691,1839.1,4281.11,5150.49,528.76,276.5,-192.63,-3903.3,-31897.05,1715.48,22657.9,-6559.47,177.63,456.36,-6381.84,-5925.48,,,,,
3701,1844.96,4182.59,5180.21,514.72,258.15,-190.02,-3892.96,-31943.69,1708.29,22614.5,-6472.01,178.55,276.75,-6293.47,-6016.72,,,,,
3711,1837.06,4244.83,5192.57,526.51,283.4,-174.6,-3921.82,-31719.25,1694.25,22541.57,-6564.6,179.42,504.53,-6385.18,-5880.65,,,,,
3721,1775.91,4280.41,5209.01,502.22,291.28,-217.75,-3892.15,-31876.5,1690.43,22640.05,-6540.37,179.79,402.9,-6360.57,-5957.67,,,,,
3731,1798.46,4207.74,5185.69,506.72,271.36,-184.43,-3909.52,-31745.16,1713.71,22593.38,-6596.81,181.49,437.94,-6415.32,-5977.38,,,,,
3741,1754.91,4240.1,5193.56,510.48,270.83,-176.91,-3859.89,-32083.85,1751.48,22716.69,-6395.82,177.47,317.39,-6218.35,-5900.96,,,,,
3751,1841.76,4198.31,5190.79,499.71,302.23,-184.66,-3863.85,-31950.72,1692.58,22594.25,-6515.9,184.04,320.42,-6331.86,-6011.44,,,,,
3761,1790.15,4222.09,5247.61,501.21,265.95,-193.32,-3922.23,-31800.77,1696.85,22573.87,-6547.17,179.86,381.4,-6367.3,-5985.91,,,,,
3771,1769.07,4234.55,5206.78,513.88,271.27,-188.16,-3922.99,-31873.19,1732.28,22672.63,-6536.85,184.01,416.12,-6352.84,-5936.72,,,,,
3781,1842.5,4231.11,5229.44,503.63,280.17,-211.59,-3905.1,-31821.31,1744.1,22598.55,-6544.96,182.81,491.5,-6362.15,-5870.66,,,,,
3791,1799.8,4167.9,5218.2,504.94,283.2,-200.97,-3861.37,-31920.34,1737.53,22536.97,-6434.99,178.19,265.87,-6256.79,-5990.92,,,,,
3801,1859.32,4192.45,5205.21,513.03,264.17,-198.79,-3881.95,-31764.77,1720.57,22543.03,-6571.72,181.92,452.29,-6389.81,-5937.52,,,,,
3811,1852.45,4237.88,5231.67,520.77,265.83,-188.24,-3929.3,-31792.32,1683.49,22571.99,-6557.39,184.3,454.22,-6373.09,-5918.87,,,,,
3821,1780.51,4266.56,5202,520.76,273.45,-197.61,-3897.76,-31841.31,1715.53,22602.29,-6563.37,180.85,424.42,-6382.52,-5958.1,,,,,
3831,1790.62,4261.76,5216.56,494.93,276.6,-198.34,-3855.62,-31878,1722.85,22517.42,-6481.96,182.04,348.77,-6299.92,-5951.15,,,,,
3841,1798.14,4181.68,5189.48,515.72,266.78,-199.5,-3888.06,-32245.96,1751.12,22747.66,-6259.36,174.06,117.07,-6085.3,-5968.23,,,,,
3851,1807.61,4118.01,5225.36,500.64,294.15,-189.18,-3900.91,-32114.18,1732.85,22713.68,-6381.34,181.76,188.02,-6199.58,-6011.56,,,,,
3861,1843.37,4207.05,5199.34,488.32,280.05,-204.1,-3921.57,-31845.56,1674.59,22553.18,-6468.62,180.63,274.68,-6287.99,-6013.31,,,,,
3871,1828.77,4200.71,5202.1,515.11,288.25,-212.93,-3885.27,-31873.87,1701.65,22652.06,-6547.86,182.71,416.58,-6365.15,-5948.56,,,,,
3881,1777.31,4149.24,5240.85,494.11,283.36,-177.62,-3871.98,-32048.16,1742.46,22702.96,-6444.22,184.21,292.51,-6260.01,-5967.5,,,,,
3891,1755.9,4200.48,5268.91,516.59,263.1,-207.69,-3866.6,-32108.49,1741.48,22788.45,-6411.36,181.09,352.12,-6230.27,-5878.15,,,,,
3901,1783.67,4136.03,5210.6,509.86,262.67,-179.91,-3947.59,-32117.23,1760.56,22606.27,-6319.31,175.44,24.93,-6143.87,-6118.95,,,,,
3911,1796.43,4118.66,5196.88,509.68,280.55,-191.54,-3874.13,-31897.86,1721.86,22642.37,-6518.47,182.16,302.88,-6336.31,-6033.43,,,,,
3921,1831.38,4143.49,5228.8,501,264.38,-192.09,-3880.14,-31865.23,1697.26,22592.22,-6506.94,182.21,321.07,-6324.73,-6003.66,,,,,
3931,1771.85,4249.16,5195.81,511.38,269.67,-203.21,-3884.66,-31541,1720.92,22498.58,-6712.09,183.65,588.5,-6528.43,-5939.93,,,,,
3941,1721.75,4202.39,5221.22,506.54,280.9,-218.73,-3879.44,-31576.72,1751.85,22590.93,-6738.1,183.98,600.7,-6554.13,-5953.43,,,,,
3951,1772.01,4087.97,5237.17,507.96,281.52,-205.58,-3857.08,-31731.55,1739.73,22585.32,-6631.47,179.42,417.47,-6452.05,-6034.58,,,,,
3961,1845.43,4189.05,5201.22,513.67,277.23,-216.27,-3912.48,-31712.43,1738.22,22586.28,-6660.42,179.74,509.93,-6480.68,-5970.75,,,,,
3971,1829.92,4231.64,5250.36,518.31,293.09,-210.77,-3890.26,-31786.39,1727.66,22485.52,-6551.64,179.24,449.08,-6372.4,-5923.33,,,,,
3981,1797.44,4205.79,5239.12,499.25,278.82,-198.5,-3890.05,-31861.22,1725.17,22635.04,-6541.98,182.93,430.85,-6359.05,-5928.2,,,,,
3991,1818.75,4275.85,5214.79,511.45,265.76,-191.2,-3894.08,-31773.11,1724.68,22446.57,-6504.85,183.25,399.45,-6321.6,-5922.15,,,,,
4001,1806.5,4181.98,5180.02,500.01,256.68,-201.51,-3910.4,-31725.68,1724.9,22529.89,-6558.87,181.28,342.39,-6377.59,-6035.2,,,,,
4011,1808.56,4188.74,5153.9,507.73,276.76,-186.27,-3930.15,-31739.67,1720.09,22543.33,-6550.89,180.17,343.03,-6370.72,-6027.69,,,,,
4021,1787.61,4234.33,5256.28,501.02,304.99,-233.33,-3932.32,-31784.21,1700.06,22628.94,-6544.29,182.81,463.4,-6361.48,-5898.08,,,,,
4031,1797.11,4213.28,5208.65,502.4,261.24,-199.19,-3891.69,-32021,1727.12,22584.85,-6362.01,177.98,182.77,-6184.03,-6001.26,,,,,
4041,1778.34,4145.49,5277.5,518.59,286.64,-208.8,-3898.21,-31957.42,1716.39,22582.66,-6427.05,177.63,241.18,-6249.42,-6008.24,,,,,
4051,1826.84,4204.23,5223.9,507.61,277.09,-180.03,-3885.61,-31795.03,1709.98,22633.19,-6580.02,179.73,522.16,-6400.29,-5878.13,,,,,
4061,1776.82,4218.2,5187.35,489.07,283.36,-190.43,-3912.6,-31850.19,1708.98,22608.69,-6538.53,179.82,319.26,-6358.71,-6039.45,,,,,
4071,1791.49,4128.15,5266.57,497.38,277.53,-234.93,-3894.44,-31780.35,1755.49,22579.64,-6573.61,178.63,386.53,-6394.99,-6008.46,,,,,
4081,1787.72,4234.19,5152.81,520.12,281.22,-218.32,-3855.92,-31748.7,1711.33,22590.74,-6611.23,183.66,455.19,-6427.57,-5972.39,,,,,
4091,1785.35,4233.28,5225.54,505.95,276.67,-204.58,-3933.78,-31780.05,1709.07,22670.5,-6658.71,178.69,487.95,-6480.01,-5992.06,,,,,
4101,1787.16,4095.39,5208.83,513.32,273.88,-203.13,-3895.59,-31804.18,1741.65,22707.26,-6646.6,179.74,424.61,-6466.86,-6042.25,,,,,
4111,1806.34,4116.59,5213.62,512.04,268.37,-206.66,-3887.99,-31714.56,1717.56,22574.09,-6628.75,181.75,399.4,-6447,-6047.6,,,,,
4121,1826.79,4173.24,5152.51,491.05,263.94,-178.88,-3939.12,-31719.28,1722.28,22538.09,-6602.85,176.72,330.63,-6426.13,-6095.5,,,,,
4131,1814.22,4113.6,5222.8,502.11,271.34,-190.51,-3868.32,-31922.97,1715.45,22706.47,-6556.95,181.1,364.2,-6375.85,-6011.65,,,,,
4141,1768.33,4169.18,5189.75,513.02,285.32,-201.08,-3870.82,-31835.02,1722.33,22658.14,-6590.51,178.78,399.15,-6411.73,-6012.58,,,,,
4151,1795.11,4157.19,5186.38,510.51,275.05,-191.06,-3876.71,-31991.9,1711.49,22714.3,-6496.87,182.32,290.35,-6314.54,-6024.19,,,,,
4161,1796.91,4253.21,5176.57,524.08,254.12,-180.46,-3887.85,-31961.84,1761.28,22629.57,-6400.85,178.96,365.59,-6221.89,-5856.3,,,,,
4171,1844.23,4144.9,5201.22,503.13,271.47,-203.4,-3906.13,-31929.77,1711.16,22576.71,-6431.45,181.2,213.52,-6250.24,-6036.72,,,,,
4181,1814.3,4105.97,5113.13,506.79,269.61,-172.33,-3859.48,-32016.21,1713.22,22673.27,-6493.93,183.57,148.26,-6310.36,-6162.1,,,,,
4191,1742.3,4168.98,5191.01,492.24,281.27,-173.45,-3864.81,-32025.9,1736.84,22633.2,-6399.38,183.89,181.68,-6215.49,-6033.81,,,,,
4201,1743.17,4244.31,5205.31,522.13,271.03,-188.71,-3863.06,-31985.14,1725.75,22743.03,-6544.05,183.29,417.8,-6360.76,-5942.96,,,,,
4211,1793.83,4134.95,5153.51,505.89,290.04,-178.5,-3873.95,-32099.71,1747.99,22705.26,-6435.03,184.51,179.33,-6250.52,-6071.19,,,,,
4221,1769.98,4208.46,5153.3,497.83,288.62,-200.6,-3881.34,-32076.06,1725.08,22690.92,-6417.27,181.61,176.2,-6235.66,-6059.46,,,,,
4231,1767.3,4160.91,5207.71,519.08,274.71,-168.02,-3875.86,-32089.83,1734.02,22737.66,-6409.84,180.9,267.69,-6228.94,-5961.25,,,,,
4241,1775.99,4117.57,5209.61,503.46,275.31,-199.56,-3867.22,-32089.23,1723.5,22711.72,-6452.58,179.61,161.16,-6272.97,-6111.81,,,,,
4251,1798.12,4196.7,5154.73,505.75,258.41,-188.66,-3909.34,-32168.41,1732.84,22702.19,-6310.67,179.54,82.34,-6131.13,-6048.79,,,,,
4261,1802.23,4206.16,5212.69,519.87,271.03,-186.31,-3897.49,-32040.72,1728.08,22581.49,-6395.91,179.22,197.04,-6216.69,-6019.65,,,,,
4271,1787.93,4175.16,5240.95,505.13,273.15,-198.29,-3890.33,-31907.5,1717.3,22602.03,-6481.72,178.6,305.52,-6303.12,-5997.6,,,,,
4281,1796.58,4204.44,5167.3,509.55,261.6,-178.96,-3869.51,-32321.29,1768.75,22777.09,-6251.92,183.27,115.54,-6068.65,-5953.1,,,,,
4291,1814.11,4141.3,5196.27,509.16,286.6,-197.26,-3857.04,-32144.18,1741.25,22647.59,-6346.56,182.96,137.79,-6163.61,-6025.81,,,,,
4301,1752.31,4140.04,5251.23,498.45,263.65,-211.58,-3835.96,-32123.61,1742.58,22657.65,-6345.49,182.09,134.76,-6163.4,-6028.64,,,,,
4311,1818.02,4217.17,5203.06,516.94,256.98,-188.29,-3885.17,-31978.56,1693.2,22653.88,-6456.36,183.29,307.22,-6273.07,-5965.85,,,,,
4321,1819.47,4234.69,5189.24,523.32,276.39,-191.1,-3817.1,-32169.03,1710.29,22639.05,-6307.44,182.68,215.22,-6124.77,-5909.55,,,,,
4331,1742.06,4210.71,5215.88,509.63,269.21,-192.36,-3865.84,-32110.68,1722.24,22578.89,-6336.13,179.84,79.74,-6156.29,-6076.55,,,,,
4341,1794.11,4204.87,5226.88,515.08,278.12,-193.54,-3916.33,-32030.28,1737.87,22685.11,-6462.41,180.93,301.89,-6281.48,-5979.59,,,,,
4351,1822.82,4223.91,5228.18,520.45,263.27,-174.12,-3872.32,-32110.42,1707.94,22696.8,-6380.54,181.95,306.52,-6198.59,-5892.08,,,,,
4361,1764.68,4193.69,5183.4,500.19,258.01,-189.87,-3904.36,-32045.31,1735.39,22649.71,-6397.66,178.17,145.53,-6219.5,-6073.97,,,,,
4371,1823.16,4170.53,5234.89,494.18,269.33,-187.45,-3973.62,-32116.57,1714.29,22723.28,-6345.76,176.36,152.02,-6169.4,-6017.38,,,,,
4381,1764.77,4211.14,5163.92,518.91,262.92,-159.42,-3911.74,-31855.89,1747.07,22588.88,-6547.83,179.91,330.56,-6367.92,-6037.36,,,,,
4391,1838.61,4226.45,5229.34,510.7,299.95,-194.4,-3910.59,-32202.3,1682.05,22646.58,-6302.46,180.16,126.39,-6122.3,-5995.91,,,,,
4401,1822.23,4185.65,5233.38,505.45,278.61,-183.91,-3936.44,-32224.92,1683.43,22677.2,-6252.63,179.95,40.7,-6072.68,-6031.99,,,,,
4411,1856.81,4162.31,5187.03,505.38,285.99,-183.23,-3868.89,-32048.57,1676.53,22683.6,-6441.5,180.56,256.95,-6260.94,-6003.99,,,,,
4421,1837.76,4089.21,5232.43,482.1,271.06,-208.33,-3878.43,-32013.28,1724.54,22642.15,-6460.35,181.21,179.23,-6279.14,-6099.91,,,,,
4431,1714.2,4259.58,5223.78,512.94,284.39,-174.9,-3886.95,-31979.11,1718.98,22657.65,-6489.84,179.64,330.55,-6310.2,-5979.65,,,,,
4441,1753.37,4218.17,5202.36,525.87,270.34,-165.05,-3853.78,-31984.31,1721.71,22634.87,-6454.33,181.62,323.55,-6272.7,-5949.16,,,,,
4451,1785.79,4086.07,5238.73,497.92,262.6,-185.78,-3890.07,-31965.36,1760.6,22743.52,-6554.72,181.69,334.02,-6373.03,-6039.01,,,,,
4461,1829.03,4116.17,5221.41,522.18,288.55,-201.84,-3885.68,-31892.37,1713.63,22637.79,-6587.34,178.58,348.88,-6408.76,-6059.88,,,,,
4471,1806.65,4156.34,5185,513.56,293.17,-204.23,-3833.28,-32042.55,1702.89,22670.23,-6461.84,176.45,247.78,-6285.39,-6037.62,,,,,
4481,1762.49,4212.87,5250.32,482.03,268.07,-159.85,-3886.53,-31893.36,1748.14,22651.1,-6545.87,177.08,435.29,-6368.8,-5933.51,,,,,
4491,1715.13,4103.8,5228.15,497.9,279.74,-199.71,-3878.72,-31962.41,1765.19,22708.99,-6569.12,178.82,258.07,-6390.31,-6132.24,,,,,
4501,1770.67,4207.78,5223.9,507.12,273.31,-192.06,-3872.18,-32146.34,1717.04,22697.66,-6407.83,182.48,186.88,-6225.35,-6038.47,,,,,
4511,1786.78,4156.72,5215.44,504.69,269.69,-201.44,-3906.98,-31977.24,1721.06,22659.86,-6438.43,177.49,228.59,-6260.94,-6032.35,,,,,
4521,1810.87,4250.75,5180.84,524.48,293.55,-187.44,-3888.21,-32113.62,1681.79,22620.3,-6315.73,180.55,173.32,-6135.18,-5961.86,,,,,
4531,1739.96,4229.55,5225.08,482.2,284.41,-203.18,-3922.29,-32052.32,1752.84,22664.85,-6372.42,174.09,201.1,-6198.34,-5997.24,,,,,
4541,1792.75,4038.64,5182.99,487.26,287.23,-182.47,-3900.59,-32031.53,1730.18,22734.56,-6467.65,177.65,139.02,-6289.99,-6150.97,,,,,
4551,1776.42,4194.09,5235.7,507.45,293.61,-209.63,-3844.42,-32018,1736.97,22641.44,-6453.6,182.04,313.64,-6271.56,-5957.93,,,,,
4561,1798.63,4190.01,5246.29,503.72,269.99,-183.46,-3931.32,-31963.44,1699.91,22574.88,-6422.2,174.89,205.21,-6247.3,-6042.09,,,,,
4571,1821.26,4194.69,5211.57,519.45,276.15,-177.51,-3883.06,-31885.07,1728.98,22555.17,-6452.47,177.27,361.62,-6275.21,-5913.59,,,,,
4581,1785.49,4167.06,5174.4,514.07,256.81,-191.66,-3913.78,-31990.74,1745.03,22641.05,-6399.05,178.22,187.72,-6220.83,-6033.11,,,,,
4591,1780.14,4096.35,5268.9,507.34,263.76,-197.27,-3875.49,-32129.52,1726.45,22726.06,-6415.88,175.87,166.74,-6240.01,-6073.27,,,,,
4601,1807.88,4206.37,5245.1,525.73,285.83,-188.87,-3841.33,-32048.84,1728.71,22547.33,-6367.97,177.18,267.9,-6190.79,-5922.88,,,,,
4611,1786.63,4179.24,5240.56,509.69,279.32,-201.69,-3942.32,-31864.49,1731.32,22614.61,-6511.71,180.9,332.87,-6330.81,-5997.94,,,,,
4621,1879.18,4159.46,5242.95,525.62,295.14,-189.54,-3934.01,-32016.81,1700.46,22631.97,-6435.24,177.73,294.41,-6257.51,-5963.1,,,,,
4631,1814.71,4168.59,5165.99,500.86,269.51,-182.8,-3942.96,-31991.97,1729.31,22639.19,-6435.39,176.32,170.44,-6259.07,-6088.63,,,,,
4641,1825.57,4234.69,5204.45,517.4,278.32,-205.97,-3810.26,-32207.89,1743.64,22581.99,-6259.23,178.82,161.96,-6080.41,-5918.45,,,,,
4651,1768.45,4104.45,5234.84,499.69,284.71,-181.13,-3920.88,-32055.59,1747.54,22720.67,-6395.21,174.69,202.74,-6220.51,-6017.78,,,,,
4661,1791.9,4262,5192.41,499.43,272.46,-188.98,-3874.47,-31971.13,1703.28,22482.08,-6403.44,178.38,168.98,-6225.07,-6056.09,,,,,
4671,1823.31,4153.47,5214.31,505.59,267.25,-187.22,-3959.73,-31954.8,1707.68,22588.17,-6410.29,177.52,158.03,-6232.77,-6074.73,,,,,
4681,1769.8,4089.12,5203.17,503.16,278.21,-183.36,-3885.62,-32042.31,1741.65,22691.96,-6449.96,177.12,165.78,-6272.83,-6107.05,,,,,
4691,1792.87,4129.74,5216.45,514.08,266.15,-179.53,-3913.61,-31818.07,1737.97,22609.56,-6612.15,176.83,355.6,-6435.32,-6079.72,,,,,
4701,1824.79,4071.82,5159.2,496.39,283.65,-183.25,-3893.9,-31796.02,1726.36,22670.87,-6665.22,179.11,359.92,-6486.1,-6126.19,,,,,
4711,1850.17,4271.55,5198.76,521.17,283.6,-174.16,-3866.48,-31568.21,1673.34,22471.14,-6778.84,179.05,660.86,-6599.8,-5938.93,,,,,
4721,1786.5,4135.04,5254.76,525.89,303.35,-200.24,-3890.42,-31785.67,1748.11,22530.39,-6579.75,179.18,407.7,-6400.57,-5992.87,,,,,
4731,1753.75,4261.55,5162.48,502.84,274.73,-172.85,-3901.97,-31723.03,1728.9,22606.99,-6689.76,178.33,493.38,-6511.43,-6018.05,,,,,
4741,1844.61,4107.99,5243.64,505.35,294.13,-179.55,-3975.36,-31900.62,1715.15,22669.49,-6533.1,174.72,324.84,-6358.38,-6033.54,,,,,
4751,1744.18,4205.5,5254.44,518.25,300.63,-174.96,-3907.73,-32075.38,1729.42,22706.93,-6475.75,177.83,301.29,-6297.92,-5996.62,,,,,
4761,1804.82,4179.34,5211.66,514.47,281.1,-200.25,-3882.01,-31941.54,1760.99,22583.38,-6486.06,175.94,311.97,-6310.12,-5998.15,,,,,
4771,1799.11,4089.71,5193.11,505.74,288.18,-190.53,-3907.28,-31800.58,1743.67,22653.71,-6622.78,177.16,374.86,-6445.62,-6070.75,,,,,
4781,1744.88,4260.42,5213.29,507.25,305.99,-191.71,-3968.88,-31970.9,1691.35,22570.2,-6401.15,176.37,161.89,-6224.78,-6062.89,,,,,
4791,1811.35,4186.54,5195.78,494.12,271.91,-198.95,-3928.44,-31840.58,1740.03,22582.67,-6563.31,181.54,314.44,-6381.77,-6067.33,,,,,
4801,1782.75,4173.52,5187.65,504.12,273.16,-161.03,-3935.26,-31941.62,1737.26,22632.63,-6419.59,177.36,253.18,-6242.23,-5989.05,,,,,
4811,1782.5,4230.97,5198.35,510,271.8,-182.03,-3861.73,-31758.1,1720.61,22599.14,-6656.84,182.8,511.51,-6474.04,-5962.53,,,,,
4821,1799.56,4184.6,5223.96,511.07,277.88,-162.06,-3939.29,-31863.29,1713.77,22674.88,-6553.88,178.91,421.09,-6374.96,-5953.88,,,,,
4831,1801.77,4114.95,5216.2,490.94,260.83,-180.61,-3846.38,-31876.05,1708.66,22638.49,-6592,181.35,328.8,-6410.64,-6081.85,,,,,
4841,1791.61,4167.74,5192.99,510.39,270.68,-175.56,-3927.93,-31920.32,1746.99,22659.06,-6523.74,180.11,315.65,-6343.63,-6027.98,,,,,
4851,1814.22,4269.4,5181.97,516.83,276.03,-188.85,-3893.67,-31807.92,1726.57,22627.56,-6615.53,178.59,522.17,-6436.94,-5914.77,,,,,
4861,1839.83,4179.3,5212.41,514.13,264.26,-170.88,-3909.09,-31796.02,1697.99,22595.68,-6597.98,177.88,427.61,-6420.1,-5992.49,,,,,
4871,1801.21,4186.92,5212.96,511.43,271.43,-164.13,-3876.67,-31791.09,1702.52,22605.32,-6672.16,177.76,459.89,-6494.4,-6034.51,,,,,
4881,1819.28,4183.87,5202.31,518.52,279.15,-165.37,-3893.3,-31891.7,1712.63,22590.08,-6569.66,181.37,355.46,-6388.3,-6032.83,,,,,
4891,1798.7,4199.66,5214.14,511.56,291.44,-158.26,-3925.61,-31643.95,1709.05,22524.2,-6677.5,179.87,520.92,-6497.63,-5976.71,,,,,
4901,1868.22,4147.71,5282,516.78,284.11,-190.08,-3934.44,-31765.99,1724.56,22607.98,-6649.91,178.58,540.85,-6471.32,-5930.47,,,,,
4911,1832.02,4207.8,5257.14,507.61,285.02,-160.19,-3971.31,-31765.48,1696.82,22596.08,-6570.68,178.48,485.51,-6392.2,-5906.69,,,,,
4921,1821.52,4147.19,5231.43,495.15,280.7,-179.6,-3897.68,-31937.61,1716.19,22713.6,-6588.59,179.24,390.89,-6409.35,-6018.45,,,,,
4931,1807,4209.68,5209.33,521.8,284.45,-179.36,-3931.66,-31977.82,1747.24,22647.65,-6472.6,178.69,338.29,-6293.91,-5955.62,,,,,
4941,1783.07,4110.21,5219.42,495.29,266.44,-180.64,-3903.94,-32004.62,1714.92,22763.48,-6483.29,178.37,263.63,-6304.92,-6041.3,,,,,
4951,1785.87,4143.04,5191.73,524.84,270,-164.75,-3914.45,-32074.33,1727.79,22671.65,-6364.1,175.18,161.39,-6188.92,-6027.52,,,,,
4961,1732.14,4168.53,5235.81,509.84,290.81,-187.91,-3902.67,-32041.02,1706.04,22691.86,-6484.87,181.66,203.42,-6303.21,-6099.79,,,,,
4971,1818.97,4143.15,5181.36,512.62,271.84,-169.97,-3918.09,-32091.09,1740.11,22713.78,-6414.74,175.22,202.68,-6239.52,-6036.83,,,,,
4981,1820.7,4148.82,5194.5,509.56,271.69,-178.89,-3928.62,-32139.53,1718.98,22713.31,-6334.54,174.82,130.52,-6159.72,-6029.2,,,,,
4991,1807.64,4201.04,5268.97,505.93,289.69,-193.42,-3891.98,-32010.86,1723.38,22608.48,-6440.06,179.76,308.87,-6260.3,-5951.43,,,,,
5001,1818.21,4154.34,5184.92,500.6,277.06,-181.52,-3885.91,-31982.41,1750.27,22511.22,-6400.77,177.62,146.79,-6223.15,-6076.36,,,,,
5011,1813.58,4209.36,5177.53,515.21,263.21,-207.06,-3959.76,-32050.36,1701.57,22617.25,-6375.33,176.65,80.54,-6198.68,-6118.15,,,,,
5021,1796.11,4067.18,5180.08,492.33,281.86,-186.8,-3964.09,-32104.54,1743.51,22767.72,-6389.91,174.93,73.37,-6214.98,-6141.61,,,,,
5031,1832.17,4127.74,5169.81,505.42,277.49,-180.25,-3958.6,-32009.23,1697.75,22711.47,-6492.98,178,173.77,-6314.98,-6141.21,,,,,
5041,1823.36,4137.92,5162.59,514.96,276.06,-194.99,-3920.88,-32022.58,1710.66,22660.23,-6408.53,180.18,147.33,-6228.35,-6081.01,,,,,
5051,1808.97,4170.61,5184.26,495.24,261.25,-176.72,-3915.34,-32070.73,1724.07,22616.17,-6348.99,176.47,97.79,-6172.52,-6074.73,,,,,
5061,1725.95,4200.61,5267.51,507.89,286.88,-178.88,-3908.86,-32072.09,1749.17,22630.41,-6382.42,176.72,208.59,-6205.7,-5997.12,,,,,
5071,1781.78,4131.93,5236.67,501.8,287.28,-206.44,-3961.62,-31778.04,1739.95,22550.45,-6561.92,178.08,283.76,-6383.84,-6100.08,,,,,
5081,1849.71,4163.59,5244.41,492.94,292.08,-198.84,-3914.32,-31973.48,1711.88,22683.24,-6475.51,175.2,351.22,-6300.31,-5949.09,,,,,
5091,1787.6,4150.61,5184.87,512.32,279.17,-150.16,-3933.36,-31950.13,1738.24,22670.48,-6518.28,173.61,289.63,-6344.67,-6055.05,,,,,
5101,1821.66,4140.91,5189.7,497.7,282.95,-198.29,-3944.8,-31879.67,1716.8,22612.16,-6501.86,176.56,239.12,-6325.29,-6086.18,,,,,
5111,1806.19,4208.47,5178.67,517.3,272.89,-186.57,-3896.67,-31853.15,1757.32,22679.83,-6598.7,175.1,484.27,-6423.6,-5939.33,,,,,
5121,1754.01,4159.14,5228.35,507.19,271.26,-215.84,-3943.44,-32028.86,1726.11,22651.84,-6425.92,173.99,109.76,-6251.93,-6142.17,,,,,
5131,1788.32,4152.23,5174.74,507.95,269.77,-165.54,-3902.38,-31996.25,1753.99,22567.47,-6418.84,175.64,150.28,-6243.2,-6092.91,,,,,
5141,1811.31,4170.8,5190.87,515.59,271,-202.75,-3905.62,-32029.18,1738.23,22667.22,-6408.32,178.68,227.46,-6229.65,-6002.18,,,,,
5151,1781.2,4148.06,5211.59,517.5,276.61,-193.1,-3920,-31825.8,1726.84,22513.05,-6519.15,176.62,235.97,-6342.53,-6106.56,,,,,
5161,1775.15,4200.22,5210.58,507.8,255.49,-174.31,-3913.74,-32059.3,1742.8,22600.29,-6381.91,178.91,144.99,-6203,-6058.01,,,,,
5171,1886.87,4169.84,5205.07,519.7,291.44,-203.34,-3883.6,-31803.33,1726.06,22622.96,-6615.08,179.93,531.66,-6435.15,-5903.49,,,,,
5181,1828.18,4211.74,5195.45,514.11,279.59,-199.93,-3947.04,-31857.78,1738.25,22577.65,-6517.42,176.11,340.24,-6341.31,-6001.07,,,,,
5191,1858.04,4308.81,5260.07,519.43,283.99,-213.3,-3920.78,-32109.14,1686.27,22556.23,-6293.64,175.5,229.63,-6118.14,-5888.52,,,,,
5201,1818.36,4215.22,5187.95,501.32,272.88,-176,-3928.22,-32114.99,1719.51,22746.87,-6390.04,175.86,242.92,-6214.18,-5971.26,,,,,
5211,1836.71,4099.47,5210.98,512.68,281.04,-169.84,-3918.55,-32097.74,1726.25,22656.09,-6347.66,175.23,137.09,-6172.43,-6035.34,,,,,
5221,1830.13,4205.08,5181.01,510.55,256.06,-176.5,-3910.49,-32119.23,1695.9,22558.85,-6304.07,175.74,31.36,-6128.34,-6096.98,,,,,
5231,1816.24,4201.56,5203.36,498.5,269.62,-179.81,-3898.5,-31813.2,1732.73,22629.86,-6619.56,180.1,460.37,-6439.46,-5979.09,,,,,
5241,1814.57,4311.17,5152.95,500.44,292.41,-187.61,-3944.44,-31923.94,1697.49,22636.21,-6488.76,175.32,349.24,-6313.43,-5964.19,,,,,
5251,1714.92,4268.05,5166.39,507.59,288.99,-183.05,-3923.87,-32036.42,1737.2,22690.81,-6469.08,177.23,230.62,-6291.85,-6061.23,,,,,
5261,1755.35,4172.28,5199.35,502.55,276.5,-174.58,-3913.5,-32127.36,1712.66,22791.57,-6400.37,179.55,194.81,-6220.82,-6026.01,,,,,
5271,1798.83,4216.85,5174.34,513.02,282.17,-205.32,-3956.97,-31980.58,1731.47,22688.83,-6491.25,176.74,262.64,-6314.51,-6051.87,,,,,
5281,1722.82,4176.77,5193.63,488.55,257.6,-187.25,-3932.94,-32042.98,1738.39,22732.43,-6429.57,173.77,147.01,-6255.8,-6108.79,,,,,
5291,1768.38,4212.57,5219.06,513.13,282.87,-173.34,-3906.77,-32125.51,1723.68,22736.79,-6390.94,178.29,250.86,-6212.65,-5961.79,,,,,
5301,1764.91,4120.74,5251.24,497.38,291.21,-227.77,-3892.99,-32143.09,1722.95,22855.14,-6442.04,178.62,239.73,-6263.42,-6023.69,,,,,
5311,1831.23,4184.16,5219.18,518.95,276.69,-172.81,-3923.96,-32025.38,1697.37,22739.85,-6485.19,177.56,345.26,-6307.62,-5962.36,,,,,
5321,1771.85,4218.01,5211.02,502.4,253.63,-197.39,-3889.34,-32007.61,1703.4,22689.65,-6482.43,176.88,255.61,-6305.54,-6049.93,,,,,
5331,1834.59,4235.92,5173.49,513.01,281.05,-228.34,-3918.87,-32210.76,1737.57,22748.81,-6337.16,176.19,166.47,-6160.97,-5994.51,,,,,
5341,1832.53,4243.9,5186.15,508.32,290.15,-176.9,-3888.98,-32006.46,1738.11,22707.6,-6472.82,174.66,434.42,-6298.16,-5863.74,,,,,
5351,1779.43,4235.23,5194.12,521.94,266.23,-213.32,-3934.1,-32105.76,1730.11,22727.95,-6388.34,174.98,201.83,-6213.36,-6011.53,,,,,
5361,1772.06,4141.31,5220.24,507.63,281.72,-215.5,-3875.08,-32196.47,1754.71,22787.86,-6381.85,179.99,178.47,-6201.86,-6023.39,,,,,
5371,1816.89,4184.21,5223.52,489.57,253.32,-173.57,-3878.06,-32065.33,1724.44,22704.31,-6456.66,179.75,279.3,-6276.91,-5997.6,,,,,
5381,1769.97,4231.44,5193.18,485.85,264.04,-177.22,-3879.56,-32106.36,1744.84,22718.46,-6393.76,179.14,244.64,-6214.62,-5969.98,,,,,
5391,1822.83,4143.81,5192.32,539.82,272,-200.99,-3879.82,-31946.51,1694.74,22734.21,-6584.47,179.48,372.42,-6405,-6032.58,,,,,
5401,1801.4,4102.1,5238.23,493.47,270.3,-192.46,-3914.8,-31947.68,1728.37,22782.93,-6592.53,181.62,361.86,-6410.92,-6049.05,,,,,
5411,1873.74,4223.86,5245.41,511.09,288.85,-194.28,-3923.2,-31951.98,1695.34,22608.81,-6516.87,178.87,377.66,-6338,-5960.34,,,,,
5421,1819.69,4217.25,5238.48,493.88,266.72,-187.99,-3900.99,-31978.9,1677.35,22690.16,-6546.95,180.5,335.66,-6366.45,-6030.79,,,,,
5431,1821.27,4211.02,5209.65,505.3,286.52,-163.35,-3926.34,-31908.49,1738.63,22754.33,-6605.85,178.04,528.53,-6427.81,-5899.28,,,,,
5441,1736.73,4214.35,5225.32,491.24,290.62,-192.17,-3888.9,-31883.01,1751.75,22610.33,-6542.15,178.16,356.26,-6363.99,-6007.72,,,,,
5451,1855.32,4202.74,5246.21,518.43,290.09,-191.18,-3868.37,-31985.11,1757.04,22717.54,-6519.6,177.67,542.7,-6341.92,-5799.22,,,,,
5461,1808.7,4227.19,5192.68,506.79,263.54,-177.99,-3909.79,-32068.02,1691.22,22754.45,-6486.61,176.52,288.77,-6310.09,-6021.33,,,,,
5471,1850.03,4205.8,5188.12,500.7,267.7,-195.3,-3871.88,-31881.17,1732.95,22703.56,-6598.61,180.21,500.51,-6418.4,-5917.89,,,,,
5481,1828.06,4163.94,5156.74,517.43,277.26,-172.87,-3873.31,-32000.12,1755.12,22703.58,-6546.68,179.62,355.83,-6367.06,-6011.23,,,,,
5491,1763.8,4133.66,5166.46,499.49,288.86,-178.31,-3925.09,-31970.42,1725.74,22718.76,-6536.75,181.73,222.95,-6355.03,-6132.08,,,,,
5501,1849.36,4207.24,5154.1,507.39,283.7,-181.26,-3892.17,-32098.65,1697.24,22720.15,-6477.15,180.6,247.1,-6296.55,-6049.46,,,,,
5511,1880.26,4132.56,5246.33,505.21,279.61,-203.54,-3883.64,-31972.64,1709.15,22710.88,-6540.46,182.52,404.17,-6357.94,-5953.77,,,,,
5521,1786.01,4199.77,5180.02,495.21,276.05,-168.52,-3931.15,-31835.41,1709.13,22652.17,-6595.33,179.28,363.28,-6416.05,-6052.77,,,,,
5531,1774.02,4242,5235.43,524.7,305.8,-184.9,-3925.63,-32113.06,1735.25,22646.87,-6365.13,175.16,240.48,-6189.96,-5949.48,,,,,
5541,1792.33,4144.19,5217.07,502.56,281.1,-185.54,-3861.03,-32234.6,1734.39,22707.64,-6368.86,183.17,98.09,-6185.69,-6087.59,,,,,
5551,1765.37,4188.78,5235.01,508.42,261.16,-184.25,-3861.78,-32061.3,1736.17,22666.53,-6463.94,180.75,254.11,-6283.2,-6029.08,,,,,
5561,1841.45,4220.72,5212.64,507.91,276.76,-198.62,-3926.48,-32169.89,1717.64,22670.2,-6326.46,176.02,152.35,-6150.45,-5998.1,,,,,
5571,1803.82,4232.48,5180.62,498.41,259.97,-172.09,-3884.06,-32176.32,1680.93,22621.24,-6310.28,176.42,44.98,-6133.86,-6088.88,,,,,
5581,1843.7,4185.17,5196.7,515.44,280.1,-177.33,-3909.08,-32298.15,1693.49,22692.25,-6263.99,177.43,22.28,-6086.56,-6064.28,,,,,
5591,1797.8,4194.04,5166.07,509.62,263.86,-166.41,-3889.76,-31940.55,1710.55,22641.79,-6531.59,179.74,287.01,-6351.85,-6064.84,,,,,
5601,1765.81,4124.12,5181.79,505.11,287.42,-182.46,-3900.14,-32207.05,1727.29,22737.83,-6368.98,178.4,39.71,-6190.58,-6150.88,,,,,
5611,1834.69,4191.25,5199.55,501.63,272.12,-188.62,-3912.77,-32124.87,1702.08,22723.83,-6376.65,177.65,198.89,-6199,-6000.11,,,,,
5621,1847.92,4153.67,5173.23,494.09,281.74,-165.24,-3911.66,-32139,1706.39,22824.42,-6443.32,178.94,265.57,-6264.38,-5998.81,,,,,
5631,1726.21,4117.31,5226.81,506.2,277.02,-191.2,-3902.23,-32129,1781.59,22725.64,-6357.8,175.43,138.34,-6182.37,-6044.03,,,,,
5641,1853,4138.21,5170.27,495.64,278.67,-181.19,-3945.43,-32031.94,1734.53,22767.81,-6476.33,178.34,279.55,-6297.99,-6018.44,,,,,
5651,1778.32,4118.44,5184.51,508.06,279.59,-179.38,-3907.19,-32113.84,1730.85,22746.08,-6427.47,176.98,145.45,-6250.49,-6105.03,,,,,
5661,1733.01,4238.78,5200.01,508.31,263.06,-163.19,-3921.67,-31857.96,1742.02,22657.59,-6597.43,181.46,399.97,-6415.97,-6016.01,,,,,
5671,1790.23,4154.67,5157.22,507.85,270.26,-154.58,-3893.91,-32235.8,1749.21,22760.77,-6318.1,175.12,105.93,-6142.97,-6037.05,,,,,
5681,1781.02,4216.51,5208.87,518.48,278.53,-170.59,-3943.43,-31926.61,1737.46,22674.54,-6526.96,177.9,374.77,-6349.07,-5974.29,,,,,
5691,1839.46,4135.91,5234.72,507.79,289.09,-179.9,-3888.24,-32232.93,1730.44,22681.77,-6326.65,175.44,118.12,-6151.2,-6033.09,,,,,
5701,1731.24,4199,5176.25,502.14,264.88,-160.68,-3913.6,-32138.97,1742.89,22739.57,-6395.67,177.75,142.71,-6217.92,-6075.2,,,,,
5711,1765.99,4306.14,5207.93,513.81,270.72,-202.55,-3899.79,-31967.74,1698.5,22578,-6455.04,181.16,271.02,-6273.88,-6002.86,,,,,
5721,1775.91,4125.81,5220.51,504.32,266,-191.15,-3924.81,-32070.92,1719.48,22716.91,-6399.91,177.72,142.07,-6222.19,-6080.12,,,,,
5731,1838.18,4122.7,5215,512.52,298.58,-191.39,-3878.99,-32373.8,1701.84,22808.24,-6243.15,176.95,52.88,-6066.2,-6013.33,,,,,
5741,1819.1,4124.22,5211.87,499.52,274.92,-199.96,-3912.34,-32223.09,1715.35,22746.16,-6302.61,177.28,55.75,-6125.33,-6069.59,,,,,
5751,1819.45,4152.7,5182.06,509.09,270.66,-193.82,-3885.14,-32190.4,1742.63,22699.93,-6369.52,174.96,107.18,-6194.56,-6087.38,,,,,
5761,1786.96,4191.18,5219.33,505.73,277.48,-193.66,-3847.64,-32269.39,1739.06,22696.16,-6308.13,182.6,105.22,-6125.52,-6020.3,,,,,
5771,1791.82,4201.88,5208.93,505.69,257.69,-173.39,-3901.24,-32173.33,1708.27,22713.41,-6347.1,178.78,139.73,-6168.32,-6028.58,,,,,
5781,1852.74,4149.61,5158.44,503.34,244.97,-166.55,-3919.78,-31985.77,1706.54,22643.92,-6462.78,178.54,187.45,-6284.25,-6096.8,,,,,
5791,1748.82,4151.69,5235.8,492.44,290.38,-170.03,-3912.46,-32250.25,1712.02,22688.18,-6249.22,178.27,-13.4,-6070.94,-6084.34,,,,,
5801,1770.35,4161.93,5193.88,504.95,283.34,-198.9,-3877.01,-32271.5,1745.11,22708.37,-6286.5,174.14,20.52,-6112.35,-6091.83,,,,,
5811,1735.85,4188.48,5199.1,514.71,278.28,-205.4,-3941.54,-32318.68,1748.01,22735.57,-6200.24,177.37,-65.62,-6022.88,-6088.5,,,,,
5821,1797.1,4220.29,5231.32,525.45,283.83,-216.92,-3934.05,-32213.75,1731.19,22613.56,-6286.53,178.06,38.02,-6108.47,-6070.45,,,,,
5831,1825.64,4189.96,5239.3,508.92,277.2,-177.04,-3924.13,-32359.55,1708.97,22730.49,-6185.87,175.97,19.77,-6009.89,-5990.12,,,,,
5841,1817.59,4161.94,5212.67,514.74,258.45,-190.3,-3918.33,-32171.55,1729.74,22610.14,-6281.76,177.1,25.09,-6104.66,-6079.57,,,,,
5851,1825.63,4176.95,5203.09,532.58,275.09,-166.96,-3911.89,-32069.11,1733.19,22701.49,-6407.94,174.69,300.05,-6233.25,-5933.21,,,,,
5861,1826.58,4123.85,5251.66,513.66,283.1,-213.71,-3927.31,-32209.55,1760.62,22719.1,-6328.14,176.93,128,-6151.21,-6023.2,,,,,
5871,1724.69,4288.72,5207.42,515.26,273.61,-171.22,-3904.56,-32245.49,1737.03,22763.83,-6295.75,177.76,189.3,-6117.98,-5928.69,,,,,
5881,1837.97,4122.72,5219.08,495.11,283.22,-198.41,-3941.12,-32027.8,1717.38,22698.7,-6457.47,175.92,206.86,-6281.55,-6074.69,,,,,
5891,1784.44,4210.8,5157.66,507.83,267.65,-207.26,-3928.52,-32022.96,1766.36,22680.05,-6429.55,175.17,216.04,-6254.38,-6038.34,,,,,
5901,1783.76,4280.87,5183.52,495.4,273.83,-168.2,-3917.03,-31892.96,1688.3,22702.72,-6585.08,179.87,430.21,-6405.22,-5975,,,,,
5911,1773.54,4154.43,5200.13,508.4,277.15,-175.19,-3900.2,-32105.03,1704.49,22791.86,-6502.44,178.91,229.57,-6323.53,-6093.95,,,,,
5921,1771.07,4237.11,5230.49,502.73,291.23,-203.78,-3875.7,-32234.26,1738.1,22712.5,-6332.63,181.55,169.49,-6151.09,-5981.6,,,,,
5931,1780.97,4138.69,5200.12,520.78,290.75,-172.63,-3904.5,-32163.26,1731.44,22792.5,-6426.99,180.45,214.86,-6246.53,-6031.68,,,,,
5941,1745.72,4197.35,5208.4,492.21,260.79,-206.24,-3909.74,-31864.9,1709.63,22670,-6619.04,181.42,303.23,-6437.62,-6134.39,,,,,
5951,1794.82,4160.01,5177.77,501.68,286.73,-184.32,-3880.63,-32038.1,1699.34,22750.41,-6550.82,183.02,267.72,-6367.79,-6100.08,,,,,
5961,1772.59,4123.7,5226.88,504.73,289.98,-186.2,-3911.76,-32000.56,1719,22769.29,-6517.64,179.5,307.64,-6338.14,-6030.5,,,,,
5971,1768.04,4325.48,5203.39,502.1,291.99,-195.75,-3907.53,-31951.09,1700.78,22620.81,-6570.35,181.68,358.21,-6388.67,-6030.46,,,,,
5981,1783.1,4175.83,5181.71,511.5,265.37,-188.45,-3889.08,-31943.26,1701.51,22677.68,-6540.77,180.71,275.9,-6360.06,-6084.16,,,,,
5991,1781.58,4208.22,5173.8,507.73,276.48,-184.54,-3903.45,-32053.97,1737.8,22891.74,-6567.41,183.89,435.39,-6383.52,-5948.13,,,,,
6001,1803.62,4155.44,5229.11,495.57,267.63,-222.14,-3855.88,-31913.11,1716,22752.92,-6580.22,182.67,429.16,-6397.54,-5968.39,,,,,
6011,1804.6,4183.46,5241.01,524.28,274.75,-176.56,-3859.03,-32016.14,1718.12,22736.08,-6532.56,183.57,430.57,-6348.99,-5918.41,,,,,
6021,1794.46,4156.23,5211.85,513.63,267.22,-182.18,-3901.34,-31942.01,1714.93,22777.03,-6610.65,178.57,409.83,-6432.08,-6022.25,,,,,
6031,1802.7,4185.48,5192.68,513.2,277.64,-212.46,-3926.97,-32187.38,1730.64,22820.55,-6404.98,177.63,196.07,-6227.35,-6031.28,,,,,
6041,1830.82,4137.03,5202.18,511.18,276.87,-187.95,-3899.71,-31980.28,1703.05,22661.82,-6539.37,181.5,255.01,-6357.87,-6102.86,,,,,
6051,1756.48,4318.16,5189.79,519.87,276.87,-210.03,-3924.64,-32162.32,1764.11,22636.22,-6310.64,172.44,164.52,-6138.2,-5973.68,,,,,
6061,1816.92,4094,5197.45,494.34,260.48,-188.16,-3902.18,-32244.7,1708.58,22819.48,-6342.76,178.29,56.22,-6164.46,-6108.25,,,,,
6071,1787.51,4171.48,5215.32,503.96,272.43,-178.94,-3901.21,-32209.21,1681.17,22822.54,-6450.8,175.28,165.06,-6275.51,-6110.46,,,,,
6081,1844.03,4154.1,5207.36,511.18,269.79,-183.7,-3890.7,-32080.41,1701.78,22708.19,-6466.49,178.33,241.62,-6288.16,-6046.54,,,,,
6091,1807.52,4207.55,5208.2,506.96,281.1,-186.98,-3934.76,-31960.12,1708.31,22747.64,-6570.29,177.9,385.43,-6392.4,-6006.97,,,,,
6101,1788.26,4146.42,5175.49,494.3,270.88,-186.81,-3959.6,-31905.07,1711.26,22726.19,-6593.25,178.67,261.34,-6414.58,-6153.24,,,,,
6111,1791.46,4143.92,5179.04,498.95,283.29,-173.19,-3915.31,-31961.45,1746.66,22784.63,-6626.56,176.2,378,-6450.36,-6072.36,,,,,
6121,1747.09,4158.15,5183.13,513.06,268.16,-201.64,-3911.43,-32041.22,1767.29,22921.01,-6581.44,181.72,403.59,-6399.72,-5996.13,,,,,
6131,1763.72,4272.55,5208.6,512.52,291.38,-188.14,-3926.11,-32073.67,1723.32,22768.95,-6492.39,177.84,353.11,-6314.55,-5961.44,,,,,
6141,1840.24,4174.71,5216.97,490.51,277.46,-211.12,-3898.92,-32185.19,1739.53,22792.66,-6381.62,179.44,236.86,-6202.18,-5965.32,,,,,
6151,1792.51,4104.45,5213.11,496.59,273.87,-217.9,-3915.63,-32239.92,1707.11,22792.47,-6318.13,180.59,6.66,-6137.55,-6130.88,,,,,
6161,1779.7,4297.04,5234.67,503.34,276.13,-206.1,-3940.23,-32172.67,1710.7,22768.43,-6393.77,181.1,251.02,-6212.67,-5961.65,,,,,
6171,1787.74,4237.23,5236.42,500.47,303.85,-208.27,-3918.81,-32336.07,1750.6,22861.31,-6278.14,179.63,214.47,-6098.51,-5884.04,,,,,
6181,1800.17,4177.53,5239.37,498.94,270.77,-185.5,-3920.77,-32074.06,1712.25,22697.76,-6403.61,178.25,216.46,-6225.36,-6008.9,,,,,
6191,1811.01,4193.12,5153.94,503.56,282.5,-194.65,-3832.8,-32308.55,1728.27,22686.25,-6285.88,180.02,22.65,-6105.85,-6083.2,,,,,
6201,1820.45,4281.64,5215.07,520.76,272.14,-211.5,-3889.82,-32274.71,1731.95,22753.24,-6336.46,179.34,219.23,-6157.12,-5937.89,,,,,
6211,1829.94,4108.93,5184.1,511.84,256.17,-202.93,-3909.87,-32180.27,1699.69,22811.43,-6392.69,180.24,109.02,-6212.45,-6103.43,,,,,
6221,1749.21,4100.4,5207.8,497.36,263.03,-194.68,-3922.25,-32210.07,1742.94,22853.85,-6405.23,181.83,87.59,-6223.4,-6135.81,,,,,
6231,1789.04,4199.26,5244.98,515.66,275.32,-195.13,-3879.43,-32219.14,1698.71,22738.18,-6389.32,183.08,167.46,-6206.24,-6038.78,,,,,
6241,1778.73,4186.44,5258.83,492.67,277.52,-205.18,-3883.16,-32152.14,1723.18,22724.31,-6357.54,178.8,201.21,-6178.74,-5977.53,,,,,
6251,1758.01,4212.02,5156.92,502.95,280.79,-169.94,-3911.62,-32034.54,1718.2,22733.09,-6486.27,183.41,245.89,-6302.86,-6056.97,,,,,
6261,1817.18,4228.01,5201.43,516.77,274.57,-195.4,-3876.57,-32050.57,1711.65,22786.59,-6488.61,183.66,413.66,-6304.95,-5891.3,,,,,
6271,1787.54,4194.36,5202.87,506.86,271.88,-178.17,-3887.28,-32164.66,1757.35,22738.03,-6398.14,179.02,228.76,-6219.12,-5990.36,,,,,
6281,1844.05,4192.71,5211.41,519.49,241.08,-212.72,-3858.95,-32133.01,1757.12,22702.36,-6389.61,179.56,263.55,-6210.04,-5946.5,,,,,
6291,1748.52,4139.88,5233.72,502.6,267.63,-192.11,-3892.61,-32245.39,1760.09,22811.06,-6357.3,179.17,133.39,-6178.13,-6044.74,,,,,
6301,1776.7,4135.48,5221.58,500.51,270.53,-201.54,-3890.44,-31888.17,1739.24,22796.52,-6621.5,184.29,460.41,-6437.22,-5976.8,,,,,
6311,1810.72,4147.67,5210.54,511,282.44,-217.52,-3874.75,-32054.89,1738.75,22835.49,-6544.91,181.77,389.45,-6363.14,-5973.69,,,,,
6321,1798.1,4168.85,5220.31,511.92,297.65,-210.86,-3928.95,-31957.33,1727.95,22760.27,-6573.25,178.44,387.92,-6394.81,-6006.89,,,,,
6331,1853.86,4273.76,5215.55,529.58,272.92,-202.94,-3912.64,-32056.36,1686.09,22738.72,-6455.09,180.27,398.54,-6274.83,-5876.29,,,,,
6341,1798.53,4268.36,5183.8,523.78,280.54,-185.46,-3933.07,-32007.42,1696.02,22731.63,-6536.67,176.97,356.71,-6359.69,-6002.99,,,,,
6351,1820.4,4184.09,5200.54,505.1,276.39,-200.1,-3879.83,-31999.57,1707.11,22738.16,-6522.08,180.89,352.3,-6341.19,-5988.89,,,,,
6361,1816.57,4183,5213.11,506.62,288.21,-199.09,-3936.7,-32076.08,1688.72,22728.27,-6437.43,175.86,212.63,-6261.58,-6048.94,,,,,
6371,1821.84,4270.85,5245.67,512.81,294.4,-178.31,-3877.55,-31839.96,1715.61,22635.26,-6609.61,180.22,600.6,-6429.39,-5828.79,,,,,
6381,1814.89,4094.22,5206.4,493.66,275.78,-189.21,-3944.48,-31808,1702.29,22638.93,-6624.53,178.79,284.48,-6445.74,-6161.26,,,,,
6391,1823.7,4188.06,5185.99,526.25,267.44,-186.21,-3906.26,-31860.67,1755.77,22774.6,-6637.3,180.13,568.67,-6457.17,-5888.5,,,,,
6401,1818.86,4160.71,5205.19,504.2,271.47,-170.18,-3892.51,-32103.75,1744.68,22834.84,-6472.34,176.8,373.52,-6295.54,-5922.02,,,,,
6411,1785.04,4242.77,5264.32,503.92,272.3,-198.74,-3851.17,-32121.81,1758.97,22736.96,-6474.51,174.88,392.58,-6299.63,-5907.05,,,,,
6421,1842.56,4164.05,5230.22,497.12,289.76,-197.28,-3911.36,-32058.36,1673.02,22747.67,-6449.27,179.43,277.4,-6269.84,-5992.45,,,,,
6431,1785.32,4227.18,5145.27,510.58,277.75,-218.3,-3977.73,-32041.18,1733.86,22694.86,-6425.26,177.35,137.59,-6247.91,-6110.32,,,,,
6441,1862.18,4197.42,5216.04,513.62,262.67,-173.75,-3923.06,-31996.84,1722.8,22686.65,-6450.01,181.12,367.72,-6268.89,-5901.16,,,,,
6451,1776.59,4161.92,5229.48,507.36,288.84,-178.2,-3989.26,-32104.38,1722.92,22595.71,-6296.54,171.26,10.99,-6125.28,-6114.3,,,,,
6461,1853.64,4164.9,5228.36,527.43,296.3,-160.78,-3916.46,-32180.3,1697.34,22767.72,-6354.71,177.47,278.15,-6177.25,-5899.1,,,,,
6471,1786.98,4075.23,5196.05,492.2,281.52,-186.14,-3971.91,-32202.46,1734.05,22817.4,-6323.95,172.43,22.92,-6151.53,-6128.6,,,,,
6481,1776.22,4165.48,5183.21,503.03,269.89,-183.06,-3924.12,-32168.26,1737.64,22718.87,-6365.27,177.13,78.91,-6188.14,-6109.23,,,,,
6491,1799.16,4182.37,5194.33,516.1,286.84,-176.7,-3892.22,-32019.38,1744.83,22777.44,-6541.82,181.05,412.77,-6360.78,-5948.01,,,,,
6501,1804.97,4244.78,5245.32,511.23,270.11,-201.81,-3961.44,-31983.88,1720.1,22604.63,-6438.52,175.71,254.03,-6262.82,-6008.79,,,,,
6511,1779.83,4188.22,5202.13,490.58,279.74,-183.62,-3953.55,-31883.73,1702.56,22595.32,-6515.95,175.85,217.47,-6340.1,-6122.63,,,,,
6521,1758.52,4071.04,5201.96,500.83,282.01,-185.14,-3893.92,-32057.03,1719.72,22733.52,-6493.98,179.92,131.51,-6314.06,-6182.55,,,,,
6531,1797.43,4157.29,5240.91,518.76,296.28,-203.83,-3883.01,-32147.56,1757.67,22629.06,-6320.7,175.82,163.01,-6144.88,-5981.87,,,,,
6541,1781.03,4176.67,5260.79,511.04,266.06,-210.78,-3888.42,-32074.84,1746.45,22667.09,-6396.34,179.06,235.09,-6217.28,-5982.19,,,,,
6551,1765.42,4190.83,5206.24,526.27,263.92,-203.62,-3934.9,-31971.82,1746.24,22649.2,-6463.21,180.07,237.78,-6283.14,-6045.35,,,,,
6561,1808.6,4134.66,5216.31,511.83,255.51,-216.84,-3869.52,-31981.1,1704.62,22631.66,-6493.52,177.46,195.73,-6316.06,-6120.33,,,,,
6571,1787.63,4125.94,5262.23,518.92,304.69,-197.13,-3919.55,-31908.11,1743.44,22676.84,-6512.69,180.4,394.9,-6332.29,-5937.39,,,,,
6581,1857.27,4151.09,5229.18,514.15,271.16,-221.61,-3894.83,-31925.99,1699.75,22566.01,-6466.21,179.74,246.17,-6286.47,-6040.3,,,,,
6591,1855.64,4259.59,5197.31,529.42,283.86,-200.76,-3915.82,-32008.64,1709.03,22593.76,-6436.19,177.36,303.39,-6258.83,-5955.44,,,,,
6601,1798.15,4222.97,5214.37,511.04,279,-192.37,-3877.8,-31949.54,1718.27,22618.49,-6489.51,177.69,342.59,-6311.82,-5969.23,,,,,
6611,1733.52,4204.34,5171.12,496.06,272.71,-213.89,-3951.75,-31764.45,1727.72,22613.15,-6584.61,181.62,288.54,-6402.99,-6114.46,,,,,
6621,1786.39,4167.09,5195.25,502.11,271.93,-206.5,-3949.84,-32057.68,1717.76,22631.37,-6364.52,178.08,57.88,-6186.43,-6128.55,,,,,
6631,1770.75,4165.79,5220.46,496.21,276.56,-177.82,-3943.14,-31952.41,1741.74,22728.75,-6497.36,179.37,326.9,-6317.99,-5991.1,,,,,
6641,1754.26,4114.08,5209.61,489.36,261.66,-190.17,-3924.44,-32090.04,1722.88,22646.54,-6330.21,177.66,-6.26,-6152.55,-6158.82,,,,,
6651,1791.81,4132.4,5231.57,508.4,277.58,-185.69,-3910.67,-31874.86,1734.32,22564.45,-6474.97,178.5,269.3,-6296.47,-6027.17,,,,,
6661,1802.01,4237.85,5211.93,515.79,271.86,-185.84,-3894.36,-32094.56,1698.95,22685.93,-6392.22,180.47,249.56,-6211.75,-5962.19,,,,,
6671,1764.98,4184.98,5267.07,511.79,286.71,-223.49,-3924.21,-32041.59,1721.21,22668.78,-6386.94,177.19,216.22,-6209.76,-5993.53,,,,,
6681,1757.54,4117.5,5208.96,498.39,281.77,-189.05,-3917.92,-31932.26,1710.71,22587.21,-6463.21,179.25,122.85,-6283.96,-6161.11,,,,,
6691,1763.7,4165.52,5236.72,491.23,273.28,-178.7,-3936.01,-31840.76,1716.76,22671.89,-6589.87,180.1,363.62,-6409.78,-6046.15,,,,,
6701,1792.98,4209.94,5233.73,516.01,285.9,-196.84,-3858.77,-32079.56,1757.36,22631.18,-6364.81,176.91,291.93,-6187.9,-5895.97,,,,,
6711,1844.57,4221.57,5179.74,518.17,267.22,-178.87,-3918.65,-31998.62,1703.57,22529.2,-6363.32,179.84,167.92,-6183.48,-6015.56,,,,,
6721,1806.08,4261.18,5197.47,501.7,275.46,-187.45,-3882.18,-32031.53,1725.24,22690.72,-6420.58,179.3,356.68,-6241.28,-5884.59,,,,,
6731,1768.66,4181,5234.02,502.8,282.98,-209.04,-3932.46,-31975.03,1738.3,22662.37,-6431.83,181.23,253.59,-6250.6,-5997.01,,,,,
6741,1778.12,4172.32,5238.51,510.68,276.28,-209.21,-3885.78,-31942.6,1717.28,22629.21,-6503.66,179.9,284.81,-6323.76,-6038.95,,,,,
6751,1868.47,4094.2,5211.73,498.18,280.05,-176.52,-3967.46,-31844.25,1715.79,22634.83,-6524.76,181.08,315.02,-6343.68,-6028.66,,,,,
6761,1830.01,4069.13,5215.1,522.71,274.68,-177.35,-3915.83,-32012.16,1733.28,22684.96,-6459.91,177.24,224.52,-6282.68,-6058.16,,,,,
6771,1781.17,4176.93,5245.73,512.98,286.31,-190.37,-3902.95,-32038.44,1735.54,22621.95,-6368.71,176.04,228.84,-6192.67,-5963.83,,,,,
6781,1796.39,4195.48,5220.56,518.84,266.25,-170.26,-3856.86,-31996.93,1729.02,22591.61,-6425.61,180.61,294.1,-6245.01,-5950.91,,,,,
6791,1788.1,4177.19,5254.71,494.74,291.7,-204.64,-3938.46,-32006.72,1724.01,22590.54,-6378.85,176.33,171.17,-6202.52,-6031.35,,,,,
6801,1787.23,4302.3,5242.3,504.92,293.76,-201.62,-3933.18,-32071.84,1734.73,22639.08,-6317.91,176.26,297.7,-6141.65,-5843.95,,,,,
6811,1763.76,4204.77,5188.81,516.14,294.42,-191.47,-3927.66,-32020,1723.8,22598.19,-6367.58,179.48,150.76,-6188.1,-6037.35,,,,,
6821,1836.14,4260.47,5179.58,500.64,284.68,-207.23,-3910.34,-32107.5,1710.89,22602,-6300.52,176.06,149.31,-6124.46,-5975.15,,,,,
6831,1813.3,4204.34,5205.47,506.52,269,-177.8,-3880.84,-31974.63,1757.5,22643.68,-6458.63,180.44,366.53,-6278.19,-5911.66,,,,,
6841,1761.62,4163.73,5199.34,499.55,287.7,-223.92,-3887.45,-31887.64,1741.73,22635.6,-6497.6,180.14,290.26,-6317.46,-6027.2,,,,,
6851,1755.62,4249.11,5240.04,503.52,275.27,-195.62,-3906.46,-32073.2,1729.04,22609.41,-6374.92,179.94,186.73,-6194.99,-6008.26,,,,,
6861,1743.8,4130.08,5209.74,509.64,254.45,-188.93,-3855.05,-32062.95,1727.39,22680.08,-6392.2,179.34,148.23,-6212.86,-6064.63,,,,,
6871,1825.5,4147.14,5179.48,514.72,266.02,-171.07,-3912.95,-31974.74,1690.32,22696.59,-6486.6,178.45,261,-6308.14,-6047.15,,,,,
6881,1793.56,4169.04,5195.08,501.97,255.34,-191.69,-3927.5,-31989.46,1726.81,22577.73,-6399.76,179.07,110.88,-6220.68,-6109.8,,,,,
6891,1844.62,4205.71,5197.23,506.29,275.74,-200.83,-3904.77,-31830.37,1690.9,22482.91,-6496.45,183.4,267.41,-6313.05,-6045.64,,,,,
6901,1805.68,4261.39,5221.32,515.14,272.31,-183.05,-3931.98,-31883.59,1732.6,22516.16,-6461.15,177.77,325.98,-6283.39,-5957.4,,,,,
6911,1829.36,4164.48,5232.12,512.55,265.1,-188.32,-3987.13,-31996.06,1703.88,22620.07,-6428.13,175.69,156.04,-6252.44,-6096.4,,,,,
6921,1759.22,4109.91,5233.08,513.42,272.89,-194.24,-3877.36,-32014.37,1746.96,22616.54,-6456.32,179.97,166.04,-6276.35,-6110.31,,,,,
6931,1744.89,4223.08,5211.16,515.01,253.77,-225.62,-3920.4,-32065.45,1773.91,22642.35,-6384.69,180.16,152.68,-6204.52,-6051.84,,,,,
6941,1836.74,4218.48,5193.63,519.62,244.13,-201.58,-3897,-31986.85,1728.46,22540.94,-6417.04,179.01,196.57,-6238.04,-6041.47,,,,,
6951,1776.85,4099.91,5203.27,497.77,267.92,-179.7,-3938.81,-31919.49,1713.67,22669.99,-6499.94,176.54,191.38,-6323.4,-6132.02,,,,,
6961,1746.54,4305.92,5182.26,519.55,265.56,-189.15,-3923.59,-32032.73,1736.35,22607.18,-6426.28,177.95,217.89,-6248.33,-6030.44,,,,,
6971,1784.37,4167.63,5243.22,510.82,276.61,-214.13,-3867.17,-32161.29,1684.84,22697.03,-6350.22,175.53,121.93,-6174.7,-6052.77,,,,,
6981,1775.36,4107.02,5176.02,499.21,272.2,-192.34,-3939.52,-32065.78,1724.21,22672.37,-6392.45,177.59,28.76,-6214.86,-6186.1,,,,,
6991,1788.08,4141.42,5200.37,481.5,280.4,-178.97,-3901.67,-32347.52,1720.62,22775.45,-6180.45,174.66,-40.32,-6005.79,-6046.11,,,,,
7001,1784.1,4150.9,5205.01,493.94,257.23,-183.14,-3918.34,-32132.56,1735.43,22649.1,-6324.01,174.45,41.66,-6149.56,-6107.9,,,,,
7011,1792.94,4155.03,5227.89,506.56,283.29,-190.05,-3912.05,-32065.15,1717.89,22741.33,-6439.25,178.02,257.67,-6261.23,-6003.56,,,,,
7021,1763.02,4173,5195.4,517.91,296.78,-180.92,-3848.56,-32121.34,1759.31,22653.19,-6375.08,181.19,207.77,-6193.89,-5986.12,,,,,
7031,1797.89,4106.85,5178.14,495.81,264.67,-162.53,-3895.14,-32246.91,1714.87,22800.2,-6341.14,177.57,53.85,-6163.57,-6109.73,,,,,
7041,1851.26,4212.77,5154.58,506.8,265.24,-179.04,-3919.99,-32248.09,1715.94,22617.1,-6254.94,175,-23.43,-6079.94,-6103.37,,,,,
7051,1765.41,4214.85,5213.89,494.46,283.74,-186.26,-3926.31,-32116.3,1747.48,22638.6,-6338.25,176.75,129.56,-6161.5,-6031.93,,,,,
7061,1743.15,4156.82,5222.83,507.29,260.29,-186.39,-3899.15,-32239.56,1765.49,22724.65,-6247.13,175.55,55.43,-6071.58,-6016.15,,,,,
7071,1797.9,4210.85,5197.18,499.23,275.56,-181.97,-3865.17,-32278.53,1735.52,22697.73,-6232.58,176.52,88.3,-6056.06,-5967.76,,,,,
7081,1904.78,4138.02,5222.06,517.36,270.54,-174.01,-3908.66,-32214.44,1685.43,22557.48,-6216.31,176.68,-1.43,-6039.63,-6041.06,,,,,
7091,1841.22,4137.12,5213.82,513.62,284.11,-175.71,-3932.42,-32299.88,1759.6,22657.75,-6136.79,173.97,-0.77,-5962.82,-5963.58,,,,,
7101,1804.62,4147.98,5163.32,495.15,271.81,-161,-3918,-31979.63,1702.52,22571.98,-6387.27,177.28,98.74,-6209.99,-6111.26,,,,,
7111,1790.06,4148.39,5181,506.03,266.05,-181.19,-3933.63,-32184.99,1735.95,22646.91,-6253.38,176.49,-25.42,-6076.89,-6102.31,,,,,
7121,1827.85,4205.93,5199.16,503.88,288.22,-168.81,-3916.24,-32180.82,1706.99,22577.76,-6203.61,177.64,43.92,-6025.97,-5982.05,,,,,
7131,1756.14,4169.87,5206.82,492.48,289.39,-153.87,-3944.69,-32300.3,1756.11,22771.6,-6229.41,175.49,43.55,-6053.92,-6010.37,,,,,
7141,1806.09,4229.63,5158.5,496.17,275.11,-166.94,-3930.61,-32226.48,1729.05,22618.26,-6193.49,173.99,-11.23,-6019.51,-6030.74,,,,,
7151,1799.28,4207.66,5158.64,514.67,278.13,-186.62,-3916.59,-32258.94,1718.52,22707.89,-6299.35,179.89,22.64,-6119.46,-6096.82,,,,,
7161,1829.13,4166.03,5206.62,507.38,281.01,-184.04,-3889.87,-32116.16,1713.9,22608.64,-6350.54,177.03,122.63,-6173.51,-6050.88,,,,,
7171,1798.93,4227.31,5205.66,523.54,274.58,-196.02,-3929.71,-31883.86,1717.16,22568.31,-6435.38,175.52,305.89,-6259.87,-5953.98,,,,,
7181,1822.91,4145.31,5181.78,523.19,268.51,-175.31,-3892.04,-32137.04,1732.07,22572.99,-6329.48,174.13,42.38,-6155.35,-6112.97,,,,,
7191,1801.89,4168.34,5187.03,512.57,283.39,-185.43,-3970.92,-31981.34,1682.1,22685.05,-6484.9,175.38,182.68,-6309.52,-6126.84,,,,,
7201,1747.83,4275.44,5160.71,504.24,276.34,-165.67,-3878.21,-32226.48,1743.65,22634.19,-6273.66,178.94,72.03,-6094.72,-6022.69,,,,,
7211,1849.14,4190.43,5209.88,528.46,290.38,-172.17,-3938.64,-32129,1760.04,22704.62,-6353.99,175.13,293.15,-6178.86,-5885.71,,,,,
7221,1828.81,4182.11,5242.65,510.6,251,-197.4,-3938.48,-32327.99,1746.9,22710.98,-6225.24,174.29,9.17,-6050.95,-6041.78,,,,,
7231,1786.04,4183.83,5162.05,515,285.47,-159.43,-3910.67,-32266.22,1731.99,22668.99,-6228.37,171.94,-2.94,-6056.43,-6059.38,,,,,
7241,1828.83,4234.24,5176.79,509.35,286.7,-154.55,-3899.6,-32207.56,1745.78,22522.39,-6233.47,176.43,42.36,-6057.03,-6014.67,,,,,
7251,1758.77,4191.73,5158.08,506.29,281.82,-161.59,-3929.95,-32271.95,1686.36,22589.55,-6132.29,171.34,-190.91,-5960.94,-6151.85,,,,,
7261,1768.62,4219.35,5196.51,528.43,302.58,-183.11,-3933.8,-32185.89,1734.88,22659.13,-6275.47,175.87,106.7,-6099.6,-5992.91,,,,,
7271,1879.71,4153.67,5201.74,510.05,284.56,-188.85,-3888.15,-32197.79,1705.51,22663.01,-6320.23,180.29,123.45,-6139.95,-6016.5,,,,,
7281,1802.04,4161.27,5186.35,515.2,259.45,-191.27,-3912.95,-32183.13,1737.37,22774.67,-6392.76,179.92,148.99,-6212.84,-6063.85,,,,,
7291,1798.89,4217.49,5149.71,507.35,263.56,-173.31,-3873.67,-32206.38,1719.29,22658.48,-6273.55,174.85,61.4,-6098.71,-6037.31,,,,,
7301,1800.25,4226.88,5251.36,509.22,264.12,-214.49,-3917.3,-32258.54,1736.04,22752.02,-6328.25,174.29,149.57,-6153.97,-6004.4,,,,,
7311,1840.5,4202.13,5198,518.97,258.39,-192.86,-3934.22,-32165.36,1727.67,22713.12,-6314.25,173.47,166.34,-6140.79,-5974.45,,,,,
7321,1789.48,4138.65,5207.39,497.76,285.35,-163.04,-3867.6,-32081.66,1724.17,22586.06,-6362.78,180.42,116.56,-6182.36,-6065.81,,,,,
7331,1815.85,4204.6,5215.56,498.36,266.4,-192.68,-3941.83,-31874.22,1722.81,22572.58,-6472.72,175.85,287.43,-6296.86,-6009.44,,,,,
7341,1786.27,4194.72,5236.98,518.16,274.87,-187.69,-3891.79,-32110.73,1742.61,22652.92,-6338.79,174.91,216.32,-6163.88,-5947.56,,,,,
7351,1782.07,4118.81,5210.35,500.22,278.89,-186.41,-3920.68,-32078.29,1722.1,22678.82,-6383,175.63,105.88,-6207.38,-6101.49,,,,,
7361,1718.24,4210.85,5154.64,507.97,270.05,-197.26,-3924.75,-32152.35,1747.19,22717.56,-6339.55,176.27,52.15,-6163.28,-6111.13,,,,,
7371,1774.45,4197.51,5218.52,533.34,268.91,-165.71,-3942.61,-32055.16,1702.97,22733.33,-6431.91,175.79,265.54,-6256.12,-5990.57,,,,,
7381,1804.58,4114.17,5217.3,501.41,259.28,-210.13,-3886,-31998.03,1749.48,22707.88,-6495.54,174.95,259.95,-6320.6,-6060.65,,,,,
7391,1738.64,4205.28,5193.75,499.99,278.46,-197.06,-3945.96,-31786.99,1726.08,22699.2,-6616.43,172.88,411.39,-6443.55,-6032.16,,,,,
7401,1764.25,4094.25,5189.69,511.99,277.3,-184.63,-3878.31,-31979.12,1731.86,22709.92,-6479.95,175.27,237.2,-6304.67,-6067.47,,,,,
7411,1787.52,4297.39,5262.03,528.02,268.11,-195.53,-3930.95,-31990.15,1715.5,22637.6,-6441.77,174.21,379.54,-6267.56,-5888.02,,,,,
7421,1804.13,4198.76,5183.92,518.46,276.78,-186.03,-3929.43,-32146.83,1713.11,22692.27,-6332.77,174.96,125.14,-6157.81,-6032.67,,,,,
7431,1828.39,4112.6,5133.63,506.61,266.36,-200.36,-3933.11,-32102.22,1708.95,22691.79,-6371.61,178.58,12.63,-6193.02,-6180.39,,,,,
7441,1793.17,4143.53,5176.77,507.32,279.46,-181.48,-3878.3,-32187.15,1715.32,22579.83,-6247.13,174.99,-51.54,-6072.14,-6123.68,,,,,
7451,1823.62,4167.15,5195.23,491.3,279.34,-178.76,-3927.08,-31964.35,1710.28,22612.04,-6411.36,173.98,208.77,-6237.38,-6028.61,,,,,
7461,1883.5,4223.57,5164.2,499.56,273.59,-173.61,-3917.53,-32045.95,1694.82,22528.77,-6300.39,175.59,130.91,-6124.8,-5993.89,,,,,
7471,1802.82,4220.51,5158.98,512.34,260.6,-186.45,-3905.22,-32159.51,1720.82,22604.54,-6317.91,176.05,29.43,-6141.86,-6112.43,,,,,
7481,1746.84,4191.57,5229.59,508.22,275.28,-191.9,-3923.63,-32039.89,1724.28,22531.64,-6325.21,177.45,52,-6147.76,-6095.77,,,,,
7491,1850.37,4252,5210.89,503.54,284.55,-180.72,-3907.4,-32043.99,1669.8,22586.65,-6358.07,177.4,225.7,-6180.68,-5954.98,,,,,
7501,1806.27,4169.23,5184.6,512.33,285.52,-187.68,-3854.33,-32259.18,1695.45,22573.93,-6167.94,179.73,-73.88,-5988.21,-6062.08,,,,,
7511,1796.31,4164.55,5197.69,510.89,283.23,-179.7,-3928.7,-32120.98,1729.01,22639.27,-6312.55,176.35,91.57,-6136.2,-6044.63,,,,,
7521,1829.79,4153.63,5178.93,502.83,288.7,-202.75,-3904.79,-32374.84,1712.54,22693.23,-6173.98,172.32,-122.73,-6001.66,-6124.39,,,,,
7531,1802.46,4249.93,5182.46,515.46,279.57,-203.82,-3922.46,-32080.62,1718.76,22687.21,-6379.55,174.98,228.95,-6204.57,-5975.61,,,,,
7541,1809.15,4053.93,5213.7,498.12,282.19,-163.22,-3902.96,-32160.23,1762.47,22694.78,-6321.56,177.34,87.93,-6144.22,-6056.29,,,,,
7551,1787.38,4182.06,5166.39,498.18,273.16,-177.57,-3927.83,-32089.55,1718.01,22664.55,-6341.6,174.58,94.78,-6167.02,-6072.24,,,,,
7561,1836.37,4225.88,5192.9,515.01,266.61,-173.04,-3882.71,-32134.66,1709.95,22624.33,-6294.8,182.86,180.65,-6111.94,-5931.29,,,,,
7571,1821.06,4205.38,5217.89,523.5,270.55,-168.54,-3873.23,-32094.08,1739.77,22522.7,-6286.5,177.93,164.99,-6108.58,-5943.59,,,,,
7581,1870.02,4096.94,5194.01,504.09,273.62,-177.74,-3917.51,-32000.78,1679.31,22541.16,-6356.76,175.38,63.14,-6181.38,-6118.25,,,,,
7591,1768.96,4150.39,5209.24,503.27,290.36,-175.65,-3893.39,-32120.3,1712.55,22672.64,-6333.64,177.72,118.07,-6155.92,-6037.85,,,,,
7601,1827.61,4124.73,5194.13,497.14,280.16,-176.86,-3910.95,-32239.2,1696.51,22673.01,-6250.02,177.77,-33.72,-6072.25,-6105.97,,,,,
7611,1825.97,4200.94,5226.13,514.49,270.38,-184.35,-3954.12,-32062.3,1735.16,22570.14,-6274.71,175.44,142.44,-6099.26,-5956.82,,,,,
7621,1820.29,4174.97,5189.38,499.1,270.9,-198.81,-3919.68,-31983.24,1725.27,22629.6,-6449.15,179.74,207.78,-6269.41,-6061.63,,,,,
7631,1845.85,4184.68,5188.68,500.98,248.24,-204.81,-3949.01,-31967.38,1703.98,22598.07,-6408.47,179.05,149.28,-6229.41,-6080.13,,,,,
7641,1740.49,4223.71,5129.73,491.97,266.72,-190.43,-3940.62,-32200.07,1739.25,22780.12,-6341.31,173.06,40.87,-6168.25,-6127.38,,,,,
7651,1822.92,4294.87,5153.05,511.8,285.95,-183.51,-3989.04,-31881.89,1738.65,22567.35,-6480.82,176.25,320.15,-6304.58,-5984.43,,,,,
7661,1802.36,4156.83,5221.52,504.85,300.41,-193.26,-3976.91,-31962.29,1752.39,22649.07,-6435.43,173.57,254.97,-6261.86,-6006.89,,,,,
7671,1786.72,4188.26,5206.99,505.5,267.53,-161.38,-3957.95,-31946.56,1735.9,22610.05,-6476.98,176.27,235.07,-6300.71,-6065.64,,,,,
7681,1807.84,4238.56,5174.16,496.63,265,-184.47,-3911.34,-31866.1,1723.88,22626.16,-6531.23,179.28,370.32,-6351.95,-5981.62,,,,,
7691,1740.27,4202.55,5188.78,500.59,278.47,-167.02,-3961.01,-32105.8,1726.3,22690.57,-6352.67,177.6,93.7,-6175.06,-6081.36,,,,,
7701,1842.06,4146.72,5191.43,499.52,288.86,-175.88,-3909.81,-32033.31,1746.94,22534.89,-6321.53,177.83,131.42,-6143.7,-6012.28,,,,,
7711,1767.84,4199.37,5211.47,514.15,282.46,-215.37,-3920.05,-32127.57,1759.41,22660.84,-6290.84,177.08,132.53,-6113.76,-5981.23,,,,,
7721,1723.62,4209.4,5270.33,494.35,304.06,-203.48,-3934.11,-32261.1,1743.31,22585.37,-6123.4,172.01,-68.26,-5951.38,-6019.65,,,,,
7731,1813.95,4159.77,5210.93,524.31,263.68,-197.37,-3913.01,-32089.63,1717.95,22604.14,-6303.67,175.15,94.72,-6128.52,-6033.8,,,,,
7741,1811.38,4184.1,5202.37,501.53,248.21,-166.91,-3902.39,-32163.32,1718.83,22536.92,-6199.23,175.43,-29.27,-6023.8,-6053.07,,,,,
7751,1730.32,4192.93,5182.74,486.5,286.55,-180.72,-3933.98,-32293.88,1736.17,22676.81,-6174.9,177.37,-116.56,-5997.53,-6114.1,,,,,
7761,1818.24,4165.08,5225.18,514,273.31,-190.26,-3857.52,-32096.7,1730.58,22480.3,-6240.6,176.55,62.2,-6064.05,-6001.85,,,,,
7771,1751.38,4206.18,5211.03,497.79,315.12,-190.68,-3889.07,-32151.67,1731.38,22638.01,-6332.77,175.73,119.46,-6157.04,-6037.58,,,,,
7781,1790.16,4186.11,5213.55,514.39,293.83,-160.52,-3876.77,-32219.97,1720.25,22701.67,-6290.47,177.03,162.71,-6113.44,-5950.73,,,,,
7791,1803.14,4120.37,5211.73,514.55,261.39,-192.93,-3901.42,-32257.69,1719.05,22675.41,-6252.86,180.83,-46.39,-6072.03,-6118.42,,,,,
7801,1792.18,4103.55,5209.48,507.58,260.88,-157.93,-3909.55,-32019.73,1740.16,22630.8,-6389.45,175.8,157.42,-6213.65,-6056.23,,,,,
7811,1806.23,4133.48,5206.42,501.26,255.78,-189.61,-3896.86,-32111.32,1738.61,22676.88,-6325.62,176.91,120.88,-6148.72,-6027.84,,,,,
7821,1798.97,4183.36,5193.16,511.37,283.84,-203.02,-3899.52,-31950.26,1723.05,22627.78,-6462.01,180.67,268.73,-6281.34,-6012.62,,,,,
7831,1758.72,4279.25,5204.17,513.82,278.73,-208.43,-3922.17,-32012.31,1734.74,22543.89,-6351.39,177.42,170.42,-6173.97,-6003.55,,,,,
7841,1768.44,4216.84,5189.6,513.78,276.55,-191.2,-3952.08,-32122.21,1755.67,22674.79,-6301.61,175.27,130.16,-6126.35,-5996.19,,,,,
7851,1773.93,4301.09,5221.73,503.28,276.8,-202.03,-3866.26,-32119.15,1725.6,22519.89,-6300.63,182.17,134.89,-6118.46,-5983.57,,,,,
7861,1755.94,4147.88,5171.8,509.08,277.57,-197.57,-3906.89,-32095.2,1725.54,22651.6,-6370.76,178.84,39.75,-6191.92,-6152.17,,,,,
7871,1793.8,4150.57,5182.4,502.31,267.98,-203.56,-3932.85,-32015.61,1710.37,22653.22,-6444.56,177.7,108.62,-6266.86,-6158.24,,,,,
7881,1864.5,4186.53,5208.61,493.12,283.79,-199.89,-3941.25,-31954.74,1695.41,22622.94,-6485.31,180.85,259.02,-6304.47,-6045.45,,,,,
7891,1819.69,4211.73,5194.88,501.32,273.28,-168.46,-3884.45,-32008.84,1720.3,22580.69,-6392.72,177.54,240.14,-6215.18,-5975.04,,,,,
7901,1817.76,4172.3,5200.69,519.42,269.99,-194.39,-3949.77,-32078.51,1730.06,22619.17,-6320.85,176.89,106.72,-6143.96,-6037.24,,,,,
7911,1786.36,4154.65,5176.82,505.99,281.37,-181.77,-3905.79,-31920.8,1712.56,22674.39,-6501.22,180.97,283.77,-6320.25,-6036.47,,,,,
7921,1802.46,4194.49,5165.09,510.37,292.3,-197.72,-3910.98,-32080.42,1692.53,22791.8,-6406.54,177.52,259.93,-6229.02,-5969.09,,,,,
7931,1771.4,4175.83,5214.35,510.61,294.54,-171.31,-3954.89,-31969.33,1734.82,22635.41,-6421.56,174.1,241.44,-6247.46,-6006.02,,,,,
7941,1827.55,4142.8,5206.05,507.84,275.88,-199.21,-3929.72,-32023.8,1757.55,22683.53,-6449.28,175.28,248.47,-6274,-6025.53,,,,,
7951,1824.86,4248.96,5177.5,501.39,250.94,-196.78,-3971,-32268.6,1723.58,22692.41,-6219.02,174.45,-16.74,-6044.57,-6061.31,,,,,
7961,1808.26,4125.93,5206.37,495.26,276.85,-183.9,-3922.19,-32230.18,1703.55,22729.4,-6262.48,173.12,9.35,-6089.36,-6080.01,,,,,
7971,1823.18,4163.12,5163.21,521.24,273.26,-203.39,-3860.64,-32207.89,1741.48,22672.29,-6315.03,177.28,85.85,-6137.76,-6051.91,,,,,
7981,1814.32,4145.51,5213.87,519.69,295.23,-199.8,-3927.74,-32068.08,1734.44,22809.46,-6462.29,178.06,336.89,-6284.23,-5947.34,,,,,
7991,1888.14,4212.53,5193.18,507.43,285.81,-179.8,-3941.98,-31925.44,1701.94,22531.07,-6444.63,178.35,272.89,-6266.29,-5993.4,,,,,
8001,1759.95,4212.77,5231.54,497.9,267.75,-196.78,-3899.64,-32033.65,1764.06,22655.26,-6437.46,179.05,259.14,-6258.42,-5999.28,,,,,
8011,1821.25,4225.6,5220.82,500.72,284.31,-179.19,-3898.38,-32086.03,1727.78,22590.62,-6382.91,180.28,207.51,-6202.63,-5995.12,,,,,
8021,1758.9,4231.57,5172.69,503.04,270.26,-180,-3875.35,-32053.22,1701.54,22669.45,-6423.42,178.45,198.87,-6244.97,-6046.1,,,,,
8031,1802.13,4184.74,5178.33,510.56,274.83,-183.74,-3902.02,-31982.04,1711.89,22702.23,-6477.67,177.4,296.9,-6300.27,-6003.37,,,,,
8041,1839.54,4197.97,5206.46,509.25,277.91,-194.89,-3917.24,-32172.19,1716.67,22545.36,-6191.87,176.41,8.84,-6015.46,-6006.62,,,,,
8051,1716.68,4202.11,5148.01,501.95,278.48,-162.03,-3922.89,-32092.24,1736.8,22644.36,-6344.26,178.09,51.23,-6166.16,-6114.93,,,,,
8061,1819.7,4209.5,5180.5,513.92,290.07,-211.68,-3888.85,-31996.05,1727.89,22682.44,-6440.6,179.32,327.45,-6261.28,-5933.82,,,,,
8071,1788.74,4193.33,5215.42,508.55,279.13,-207.87,-3922.83,-32041.13,1728.84,22677.94,-6439.56,176.12,220.12,-6263.43,-6043.31,,,,,
8081,1818.25,4191.88,5164.6,522.81,281.74,-165.41,-3903.14,-31853.81,1714.17,22613.84,-6546.8,178.52,384.94,-6368.29,-5983.35,,,,,
8091,1769.86,4140.07,5217.64,486.79,287.18,-182.91,-3854.03,-32018.76,1741.58,22648.08,-6444.99,175.41,235.49,-6269.58,-6034.08,,,,,
8101,1714.18,4233.94,5204.03,525.12,273.68,-201.39,-3918.47,-31924.45,1783.46,22653.34,-6492.51,179.45,343.44,-6313.05,-5969.61,,,,,
8111,1794.94,4150.82,5189.13,519.35,272.36,-186.88,-3916.57,-31937.89,1717.7,22690.44,-6515.16,177.83,293.4,-6337.33,-6043.92,,,,,
8121,1765.36,4169.57,5145.85,490.53,271.58,-168.95,-3920.8,-31893.17,1747.31,22663.39,-6517.6,176.01,270.67,-6341.59,-6070.92,,,,,
8131,1829.86,4135.86,5242.29,494.4,284.55,-179.23,-3919.06,-31925.64,1745.81,22645.62,-6487.39,178.01,354.46,-6309.38,-5954.92,,,,,
8141,1807.98,4200.32,5190.9,515.66,293.05,-185.7,-3893.01,-31887.17,1750.49,22571.5,-6492.94,178.49,364.03,-6314.45,-5950.42,,,,,
8151,1799.54,4139.58,5184.9,505.02,277.56,-178.95,-3929.69,-32210.15,1738.27,22782.35,-6313.17,173.1,108.43,-6140.06,-6031.63,,,,,
8161,1765.21,4059.82,5174.89,498.26,260.49,-174.31,-3907.27,-32020.72,1729.77,22646.16,-6403.57,180.36,32.29,-6223.21,-6190.92,,,,,
8171,1774.28,4216.12,5217.6,508.92,272.96,-197.85,-3958.26,-31993.55,1717.27,22670.65,-6421.85,174.66,228.15,-6247.19,-6019.04,,,,,
8181,1781.18,4182.43,5220.68,502.43,280.47,-167,-3912.05,-31910.73,1735.16,22593.34,-6482.52,176.68,305.9,-6305.84,-5999.94,,,,,
8191,1848.58,4182.48,5181.07,503.61,259.86,-188.02,-3935.13,-32013.77,1735.99,22631.68,-6383.31,176,206.35,-6207.31,-6000.96,,,,,
8201,1848.26,4159.3,5208.62,507.81,261.26,-174.34,-3922.81,-31970.97,1699.66,22607.73,-6392.93,177.33,224.53,-6215.6,-5991.07,,,,,
8211,1793.92,4244.18,5259.59,511.45,275.58,-194.01,-3949.95,-31902.85,1727.4,22626.74,-6508.4,176.04,392.06,-6332.36,-5940.3,,,,,
8221,1797.71,4180.2,5260.91,512.71,260.5,-171.68,-3923.78,-31947.97,1725.53,22693.89,-6527.74,176.12,388.02,-6351.62,-5963.6,,,,,
8231,1806.84,4254.69,5185.05,523.5,269.37,-186.17,-3896.73,-31966.44,1726.48,22649.24,-6498.79,177.75,365.84,-6321.04,-5955.2,,,,,
8241,1785.71,4196.18,5200.18,523.77,264.68,-171.97,-3910.88,-32110.52,1731.6,22642.97,-6352.87,173.82,151.72,-6179.05,-6027.33,,,,,
8251,1753.06,4180.26,5192.17,493.15,267.45,-190.28,-3905.57,-32022.37,1743.53,22686.59,-6462.35,177.94,198.01,-6284.4,-6086.39,,,,,
8261,1795.17,4174.69,5183.62,487.63,262.9,-166.4,-3912.04,-31932.22,1735.07,22732.38,-6566.08,180.31,360.79,-6385.77,-6024.97,,,,,
8271,1795.69,4148.22,5208.96,506.78,265.36,-195.9,-3927.7,-31953.09,1737.48,22659.45,-6437.72,175.6,245.26,-6262.13,-6016.87,,,,,
8281,1774.29,4191.52,5215.27,511.27,277.65,-190.11,-3893.92,-31933.9,1735.29,22655.61,-6477.42,179.76,342.98,-6297.66,-5954.68,,,,,
8291,1819.07,4154.3,5224.15,519.73,289.61,-206.88,-3911.44,-31895.09,1727.03,22664.17,-6577.84,176.61,384.66,-6401.23,-6016.57,,,,,
8301,1817.16,4146.33,5204.79,515.13,297.89,-163.1,-3945.42,-31887.8,1694.68,22736.66,-6574.69,178.08,416.32,-6396.61,-5980.29,,,,,
8311,1772.9,4199.44,5193.66,512.05,258.91,-165.06,-3953.46,-31881.46,1710.97,22605.78,-6526.3,176.03,253.74,-6350.28,-6096.54,,,,,
8321,1782.8,4163.64,5164.31,519.58,277.25,-178.66,-3930.55,-31895.58,1747.57,22686.55,-6561.95,178.45,336.91,-6383.5,-6046.59,,,,,
8331,1820.82,4203.7,5201.95,517.48,282.92,-194.73,-3917.4,-31754.74,1729.7,22640.41,-6684.83,180.05,530.12,-6504.78,-5974.66,,,,,
8341,1823.75,4182.89,5220.96,511.08,262.63,-184.2,-3930.37,-31834.47,1720.7,22544.26,-6541.91,178.97,317.24,-6362.94,-6045.7,,,,,
8351,1793.27,4174.93,5156.59,513.07,283.9,-200.9,-3925.98,-31765.95,1725.67,22481.2,-6552.15,178.41,235.8,-6373.74,-6137.94,,,,,
8361,1766.62,4153.48,5192.21,492.19,274.29,-198.46,-3890.07,-31761,1742.21,22660.85,-6663.65,182.36,432.32,-6481.29,-6048.97,,,,,
8371,1805.36,4155.3,5195.22,491.8,263.81,-189.39,-3900.24,-31901.5,1724.08,22722.56,-6548.12,180.79,367.01,-6367.33,-6000.32,,,,,
8381,1848.03,4155.76,5195.66,506.42,282.56,-176.78,-3942.11,-31950.33,1732.51,22618.69,-6475.64,177.76,270.41,-6297.88,-6027.47,,,,,
8391,1814.53,4110.99,5208.76,511.95,254.94,-193.71,-3928.99,-31981.02,1744.04,22563.38,-6385.42,180,104.86,-6205.41,-6100.55,,,,,
8401,1826.55,4221.57,5194.56,528.82,293.03,-183.49,-3925.91,-31892.58,1704.26,22639.74,-6523.15,179.17,406.55,-6343.98,-5937.43,,,,,
8411,1781.6,4097.76,5135.09,491.35,250.1,-214.96,-3886.14,-32014.22,1723.45,22701.98,-6445.83,179.61,66.02,-6266.22,-6200.21,,,,,
8421,1857.42,4155.39,5214.95,526.96,275.67,-203.3,-3905.81,-31751.82,1722.89,22630.24,-6636.9,181.51,522.59,-6455.4,-5932.81,,,,,
8431,1795.32,4140.45,5173.44,497.53,270.66,-179.51,-3893.07,-31963.85,1736.31,22669.39,-6473.46,178.41,246.68,-6295.05,-6048.37,,,,,
8441,1757.72,4131.36,5185.53,498.4,257.72,-193.28,-3888.86,-31785.06,1741.61,22608.16,-6621.2,178.59,313.31,-6442.6,-6129.3,,,,,
8451,1825.72,4197.21,5176.44,511.35,265.83,-190.21,-3941.79,-31830.1,1719.74,22585.25,-6510.31,177.89,319.45,-6332.42,-6012.96,,,,,
8461,1814.29,4233.95,5228.17,493.7,289.75,-189.47,-3882.24,-31820.98,1719.26,22607.46,-6576.71,183.35,493.89,-6393.36,-5899.47,,,,,
8471,1797.55,4145.09,5217.95,501.12,253.92,-204.97,-3860.95,-31692.02,1736.01,22596.44,-6691.96,178.82,490.13,-6513.14,-6023.01,,,,,
8481,1731.25,4129.74,5197.72,500.79,287.85,-194.06,-3887.37,-31744.07,1733.52,22657.73,-6670.89,180.72,413.12,-6490.16,-6077.04,,,,,
8491,1834.97,4237.61,5180.54,509.61,264.84,-180.58,-3890.03,-31812.34,1721.63,22628.35,-6634.46,181.16,494.59,-6453.3,-5958.71,,,,,
8501,1829.73,4219.9,5195.43,506.77,270.17,-180.47,-3906.24,-31678.11,1740.25,22482.73,-6592.09,181.53,480.15,-6410.56,-5930.41,,,,,
8511,1696.7,4200.11,5235.79,509.33,275.93,-170.98,-3960.4,-31794.33,1765.33,22771.3,-6667.99,180.44,528.8,-6487.55,-5958.76,,,,,
8521,1804.89,4164.24,5189.31,501.71,294.3,-179.34,-3887.05,-31651.45,1771.53,22551.15,-6698.54,177.1,559.31,-6521.44,-5962.13,,,,,
8531,1819.57,4158.38,5196.48,530.45,263.77,-171.69,-3920.97,-31667.67,1715.82,22661.57,-6753.98,181.73,585.72,-6572.25,-5986.53,,,,,
8541,1836.33,4216.8,5136.91,511.62,281.55,-168.86,-3919.32,-31539.34,1717.52,22570.74,-6823.25,180.31,643.95,-6642.94,-5998.99,,,,,
8551,1849.37,4039.91,5192.48,499.33,288.25,-190.71,-3926.56,-31715.14,1717.08,22576.87,-6629.18,180.35,330.89,-6448.83,-6117.95,,,,,
8561,1837.84,4059.39,5225.41,487,273,-188.36,-3917.49,-31753.26,1713.91,22679.54,-6628.9,180.05,416.98,-6448.85,-6031.87,,,,,
8571,1776.61,4210.24,5150.17,511.99,260.94,-172.1,-3923.91,-31760.81,1745.28,22814.61,-6748.58,178.95,613.01,-6569.64,-5956.62,,,,,
8581,1812.64,4089.68,5185.34,496.03,249.58,-177.26,-3897.95,-31908.51,1737.31,22679.53,-6530.05,175.31,266.38,-6354.73,-6088.36,,,,,
8591,1761.37,4124.21,5168.88,501.49,272.18,-175.27,-3927.01,-31885.67,1753.36,22704.75,-6564.23,177.28,298.3,-6386.95,-6088.65,,,,,
8601,1767.49,4103.06,5227.5,507.63,276.86,-189.51,-3940.88,-31868.54,1737.23,22649.12,-6576.09,174.88,269.96,-6401.21,-6131.25,,,,,
8611,1847.72,4190.33,5194.46,510.11,272.65,-197.73,-3879.25,-32057.35,1714.52,22676.87,-6479.75,179.33,272.34,-6300.43,-6028.09,,,,,
8621,1709.9,4160.86,5229.6,498.46,280.15,-183.76,-3922.7,-31958.87,1716.74,22680.61,-6507.61,178.28,210.99,-6329.33,-6118.34,,,,,
8631,1776.12,4133.88,5195.55,499.7,291.39,-194.34,-3876.72,-31919.65,1768.76,22670.77,-6530.72,178.15,345.46,-6352.57,-6007.11,,,,,
8641,1777.11,4201.57,5209.4,508.74,286.13,-201.68,-3881.73,-31876.62,1714.29,22566.23,-6526.03,180.83,303.44,-6345.2,-6041.76,,,,,
8651,1784.67,4171.68,5202.12,510.11,282.21,-180.67,-3936.08,-31920.3,1727.67,22581.09,-6450.93,180.49,222.51,-6270.44,-6047.93,,,,,
8661,1750.5,4216.59,5175.13,508.62,251.9,-188.46,-3920.87,-31918.51,1730.35,22640.52,-6500.41,177.04,245.76,-6323.37,-6077.6,,,,,
8671,1798.26,4168.54,5248.5,500.49,268.08,-211.09,-3897.01,-32086.1,1722.05,22694.32,-6402.82,176.75,206.04,-6226.08,-6020.04,,,,,
8681,1794.25,4125.69,5226.79,500.36,260.48,-167.65,-3893.83,-31964.08,1707.6,22669.93,-6487.05,179.12,259.56,-6307.93,-6048.38,,,,,
8691,1745.09,4182.48,5204.4,508.11,275.97,-190.86,-3872.04,-32046.04,1734.23,22547.7,-6359.27,176.84,89.05,-6182.44,-6093.38,,,,,
8701,1779.5,4184.49,5244.32,512.51,266.31,-187,-3942.72,-32020.53,1733.34,22544.92,-6309.2,177.85,115.14,-6131.34,-6016.2,,,,,
8711,1803.7,4188.91,5208.83,511.67,273.93,-184.39,-3824.75,-32028.1,1743.59,22584.45,-6386.53,179.47,277.82,-6207.06,-5929.24,,,,,
8721,1776.63,4184.04,5191.22,512.05,285.04,-163.05,-3919.32,-32086.19,1744.34,22716.49,-6406.92,176.92,241.25,-6229.99,-5988.74,,,,,
8731,1812.58,4195.44,5204.6,520.17,274.83,-209.57,-3889.95,-32177.67,1740.56,22755.88,-6374.01,177.27,226.87,-6196.74,-5969.88,,,,,
8741,1797.21,4129.82,5223.88,493.89,283.33,-192.28,-3897.3,-32139.36,1703.07,22599.29,-6332.45,180.23,1.56,-6152.21,-6150.65,,,,,
8751,1840.47,4249.74,5210.24,517.6,290.58,-187.35,-3911.8,-32076.35,1712.39,22550.02,-6351,177.9,195.55,-6173.1,-5977.56,,,,,
8761,1858.71,4181.09,5195.26,511.44,283.83,-184.52,-3907.05,-32075.69,1727.63,22664.99,-6364.84,182.19,255.68,-6182.65,-5926.97,,,,,
8771,1812.1,4169.25,5217.18,497.79,281.32,-178.08,-3908.42,-32039.4,1728.03,22516.66,-6334.23,177.58,96.43,-6156.65,-6060.22,,,,,
8781,1781.26,4182.1,5250.38,504.91,287.45,-204.57,-3929.98,-32192.06,1751.83,22615.79,-6240.75,176.1,47.13,-6064.65,-6017.52,,,,,
8791,1696.66,4134.23,5263.34,496.69,302.01,-199.15,-3940.45,-32091.26,1750.2,22702.65,-6379.24,180.72,114.92,-6198.53,-6083.61,,,,,
8801,1742.73,4168.24,5239.41,506.16,279.48,-209.77,-3929.52,-32402.65,1770.94,22811.07,-6189.01,173.05,-23.93,-6015.96,-6039.89,,,,,
8811,1781.97,4193.8,5240.07,517.12,268.08,-185.74,-3854.84,-32153.26,1711.68,22685.24,-6359.96,180.25,204.12,-6179.72,-5975.59,,,,,
8821,1776.6,4110.08,5205.79,504.71,286.78,-199.24,-3916.27,-32311.26,1721.85,22844.58,-6277.73,179.39,23.63,-6098.34,-6074.71,,,,,
8831,1729.79,4201.17,5193.84,515.95,266.24,-192.1,-3911.66,-32248.94,1736.08,22679.49,-6237.3,175.81,-30.14,-6061.49,-6091.63,,,,,
8841,1818.3,4168.51,5197.46,507.13,275.87,-199.09,-3893.36,-32218.62,1735.48,22736.23,-6325.6,174.42,127.91,-6151.18,-6023.26,,,,,
8851,1848.27,4158.9,5221.66,503.88,278.07,-177.77,-3938.14,-32034.13,1724.09,22659.5,-6385.07,179.46,244.32,-6205.61,-5961.29,,,,,
8861,1763.11,4179.57,5206.02,508.95,278.36,-210.37,-3866.24,-32167.67,1738.18,22663.37,-6353.6,177.23,93.28,-6176.36,-6083.08,,,,,
8871,1797.47,4142.13,5216.8,514.22,288.82,-173.29,-3955.06,-32086.06,1744.01,22644.17,-6342.34,173.7,133.22,-6168.64,-6035.42,,,,,
8881,1867.24,4188.04,5208.88,512.11,287.89,-192.9,-3895.19,-32203.36,1722.5,22744.62,-6341.05,176.35,239.82,-6164.7,-5924.88,,,,,
8891,1698.99,4179.33,5168.63,500.8,281.32,-163.51,-3896.19,-32218.45,1734.73,22779.1,-6291.84,176.08,64.76,-6115.75,-6050.99,,,,,
8901,1757.52,4212.33,5165.15,489.48,268.85,-205.51,-3944.35,-32003.14,1760.34,22727.8,-6445.51,178.13,228.46,-6267.38,-6038.91,,,,,
8911,1763.49,4166.02,5163.5,510.81,277.85,-199.58,-3919.98,-31999.91,1748.57,22782.84,-6499.66,181.41,293.62,-6318.25,-6024.63,,,,,
8921,1754.88,4082.17,5200.01,515,282.55,-182.66,-3859.12,-32092.52,1740.35,22755.02,-6438.37,177.61,195.67,-6260.75,-6065.08,,,,,
8931,1768.65,4161.92,5231.24,509.56,287.21,-186.18,-3866.35,-32170.73,1746.73,22705.54,-6371.3,180.21,187.59,-6191.09,-6003.5,,,,,
8941,1818.76,4203.08,5181.61,501.5,261.05,-172.2,-3886.6,-32124.44,1718.45,22698.73,-6400.2,180.52,199.94,-6219.67,-6019.74,,,,,
8951,1811.09,4148.14,5219.3,508.08,291.35,-200.69,-3889.59,-32104.03,1736.73,22779.68,-6446.66,179.98,300.06,-6266.67,-5966.61,,,,,
8961,1788.26,4226.92,5214.22,511.64,270.39,-200.5,-3919.59,-32226.69,1709.78,22684.9,-6271.06,174.77,59.32,-6096.29,-6036.96,,,,,
8971,1809.19,4256.39,5191.69,516.96,260.47,-177.2,-3883.91,-32067.4,1691.37,22732.09,-6443.57,180.68,329.66,-6262.89,-5933.24,,,,,
8981,1797.8,4222.29,5155.1,498.1,273.46,-166.7,-3915.1,-31986.3,1703.8,22586.68,-6419.88,177.84,169.13,-6242.04,-6072.91,,,,,
8991,1829.37,4199.84,5212.5,518.95,251.7,-201.97,-3882.15,-31974.78,1734.57,22608.34,-6461.06,177.17,296.38,-6283.89,-5987.51,,,,,
9001,1821.28,4232.62,5200.21,504.22,274.77,-206.52,-3925.25,-31925.21,1751.43,22627.22,-6477.33,176.03,354.76,-6301.3,-5946.55,,,,,
9011,1802.23,4229.62,5205.82,515.9,278.04,-177.53,-3919.77,-32006.08,1744.66,22718.81,-6511.24,177.02,391.7,-6334.22,-5942.53,,,,,
9021,1777.18,4222.72,5237.71,518.12,271.17,-189.37,-3931.4,-32011.52,1786.21,22672.53,-6447.87,177.06,353.36,-6270.81,-5917.45,,,,,
9031,1770.9,4229.2,5165.69,519.64,264.38,-197.29,-3905.71,-32008.52,1727.68,22662.65,-6457.17,179.74,228.6,-6277.43,-6048.83,,,,,
9041,1778.1,4273.21,5212.99,528.01,269.5,-194.2,-3924.39,-31892.54,1729.94,22645.37,-6515.99,178.93,425.98,-6337.05,-5911.08,,,,,
9051,1834.98,4183.34,5180.7,515.96,275.18,-174.4,-3941.38,-31874.67,1750.3,22479.09,-6418.13,174.51,229.11,-6243.63,-6014.52,,,,,
9061,1850.9,4203.25,5233.56,516.04,305.04,-193.82,-3895.95,-32041.04,1743.54,22634.17,-6399.37,181.65,355.68,-6217.72,-5862.04,,,,,
9071,1869.4,4206.5,5234.54,518.06,277.77,-173.93,-3935.68,-31837.3,1741.38,22694.68,-6602.9,179.35,595.42,-6423.55,-5828.13,,,,,
9081,1791.57,4216.71,5219.09,514.38,285.24,-196.58,-3888.41,-31966.29,1717.91,22620.98,-6446.71,179.95,314.61,-6266.76,-5952.15,,,,,
9091,1807.27,4262.23,5177.63,516.43,300.33,-163.92,-3900.17,-31841.98,1753.28,22630.03,-6563.38,176.87,541.12,-6386.51,-5845.39,,,,,
9101,1799.45,4186.56,5171.7,508.2,284.05,-180.66,-3876.21,-31961.85,1738.83,22663.06,-6494.01,180.55,333.13,-6313.47,-5980.34,,,,,
9111,1803.83,4152.92,5132.53,504.95,263.01,-187.04,-3912.67,-31872.45,1725.67,22667.01,-6561.04,180.66,277.77,-6380.38,-6102.61,,,,,
9121,1757.45,4231.47,5197.19,516.69,295.76,-194.9,-3914.56,-32006.22,1725.71,22571.69,-6358.73,177.58,180.27,-6181.14,-6000.87,,,,,
9131,1799.4,4239.79,5160.95,509.75,292.65,-170.28,-3881.54,-32149.05,1731.39,22635.77,-6318.61,177.83,168.82,-6140.78,-5971.96,,,,,
9141,1790.85,4174.78,5216.81,517.58,266.81,-171.83,-3892.16,-32106.16,1770.21,22677.11,-6340.16,176.22,243.99,-6163.94,-5919.95,,,,,
9151,1804.35,4263.46,5169.17,507.86,255.85,-163.7,-3908.95,-32064.69,1715.04,22694.21,-6423.07,182.25,272.6,-6240.82,-5968.23,,,,,
9161,1849.22,4163.02,5171.65,502.66,262.74,-202.02,-3931.37,-31916.92,1726.16,22642.64,-6468.73,180.85,267.77,-6287.88,-6020.11,,,,,
9171,1785.11,4145.69,5189.29,509.06,275.64,-164.36,-3867.19,-32144.85,1772.26,22623.91,-6271.25,175.78,124.57,-6095.46,-5970.89,,,,,
9181,1802.83,4097.26,5220.33,504.2,275.02,-192.47,-3881.26,-32265.89,1746.09,22583.32,-6145.44,177.84,-110.59,-5967.6,-6078.18,,,,,
9191,1750.34,4177.34,5179.1,503.65,272.22,-182.33,-3926.59,-32170.39,1741.2,22573.78,-6232.21,175.56,-81.66,-6056.65,-6138.31,,,,,
9201,1781.94,4176.48,5175.45,497.2,280.65,-222.81,-3879.61,-31952.9,1718.72,22532.09,-6388.39,177.46,107.21,-6210.93,-6103.72,,,,,
9211,1743.73,4101.08,5170.15,501.05,271.82,-163.82,-3913.66,-32062.44,1729.36,22709.11,-6380.07,179.48,86.37,-6200.59,-6114.22,,,,,
9221,1762.37,4186.03,5218.05,503.72,268.36,-200.1,-3895.08,-32110.2,1738.85,22653.27,-6286.74,179.02,125.26,-6107.72,-5982.46,,,,,
9231,1772.28,4230.91,5186.5,514.6,262.76,-218.19,-3870.46,-32008.84,1739.04,22646.83,-6454.14,180.47,255.43,-6273.67,-6018.25,,,,,
9241,1736.91,4190.84,5207.24,493.87,268.33,-209.97,-3911.58,-32000.82,1708.42,22683.02,-6412.3,179.35,166.27,-6232.94,-6066.67,,,,,
9251,1743,4216.14,5180.24,521.69,275.41,-198.79,-3918.6,-32062.65,1713.75,22608.91,-6342.93,178.07,79.1,-6164.86,-6085.76,,,,,
9261,1760.11,4102.26,5264.41,491.91,273.04,-179.55,-3903.83,-32090.84,1721.35,22762.12,-6412.1,178.71,200.97,-6233.39,-6032.42,,,,,
9271,1816.19,4191.37,5181.49,502.94,279.74,-191.92,-3914.13,-32002.6,1737.86,22724.86,-6443.12,178.88,325.8,-6264.24,-5938.44,,,,,
9281,1825.29,4177.67,5200.38,504.81,281.25,-218.71,-3915.97,-32248.34,1709.76,22580.69,-6180.29,176.68,-103.18,-6003.61,-6106.79,,,,,
9291,1791.72,4185.46,5185.85,495.64,269.11,-179.58,-3902.02,-32246.08,1729.74,22643.77,-6217.17,176.04,-26.4,-6041.13,-6067.53,,,,,
9301,1825.43,4183.14,5234.16,510.37,284.12,-191.87,-3876.19,-32158.48,1717.42,22614.59,-6330.56,178.01,142.68,-6152.55,-6009.87,,,,,
9311,1782.01,4184.06,5222.73,500,282.25,-180.58,-3880.42,-32206.72,1706.47,22534.37,-6196.98,176.73,-55.83,-6020.25,-6076.07,,,,,
9321,1766.98,4107.98,5186.6,500.46,271.1,-193.05,-3880.56,-32274.1,1711.45,22648.8,-6233.03,177.95,-154.34,-6055.08,-6209.42,,,,,
9331,1770.68,4148.33,5185.85,503.12,263.79,-178.43,-3863.25,-32117.06,1710.59,22611.16,-6407.7,179.11,34.8,-6228.59,-6193.79,,,,,
9341,1783.44,4237.25,5188.49,509.37,265.72,-203.8,-3912.59,-32027.22,1725.23,22625.74,-6405.42,175,191.64,-6230.42,-6038.78,,,,,
9351,1855.71,4182.41,5205.9,498.98,302.29,-183.33,-3908.11,-32163.29,1744.09,22625.86,-6299.04,178.39,160.51,-6120.65,-5960.14,,,,,
9361,1755.72,4249.33,5206.38,500.49,285.45,-197.53,-3904.15,-31797.83,1729.03,22547.97,-6563.4,179.07,374.87,-6384.33,-6009.46,,,,,
9371,1808.14,4189.45,5169.03,533.79,295.12,-199.98,-3913.45,-31871.11,1727.83,22714.49,-6535.93,180.25,453.31,-6355.68,-5902.37,,,,,
9381,1760.24,4133.37,5206.69,498.15,247.55,-192.9,-3895,-32141.24,1702,22709.09,-6337.34,179.72,27.94,-6157.62,-6129.68,,,,,
9391,1788.64,4166.33,5159.88,505.58,292.52,-180.36,-3949.48,-32155.55,1742.6,22651.91,-6340.9,174.02,22.08,-6166.88,-6144.8,,,,,
9401,1809.03,4142.52,5180.3,521.84,285.92,-193.52,-3903.99,-32209.39,1705.14,22656.92,-6250.32,178.13,-5.22,-6072.19,-6077.41,,,,,
9411,1827.56,4161.54,5223.29,510.29,283.03,-180.67,-3899.83,-32230.68,1729.13,22678.29,-6246.79,173.76,101.95,-6073.02,-5971.07,,,,,
9421,1804.94,4238.71,5217.79,515.23,280.77,-203.92,-3906.84,-32136.49,1737.82,22667.79,-6345.55,177.37,215.8,-6168.18,-5952.39,,,,,
9431,1773.35,4200.74,5169.04,515.39,256.2,-203.59,-3931.99,-32223.92,1735.34,22746.86,-6300.82,174.33,37.42,-6126.49,-6089.07,,,,,
9441,1790.82,4210.68,5191.92,520.71,293.62,-193.73,-3905.62,-32286.19,1754.08,22611.62,-6141.84,175.71,-12.09,-5966.13,-5978.22,,,,,
9451,1858.85,4189.24,5214.33,503.11,252.64,-209.28,-3892.62,-32151.48,1736.97,22623.36,-6256.47,174.79,125.13,-6081.68,-5956.55,,,,,
9461,1802.5,4148.61,5215.78,505.06,273.36,-184.66,-3872.78,-32268.25,1718.59,22697.62,-6241.07,177.34,35.83,-6063.74,-6027.91,,,,,
9471,1809.38,4099.88,5188.01,496.5,271.23,-195.43,-3819.03,-32074.79,1737.98,22660.47,-6372.63,179.66,174.19,-6192.97,-6018.79,,,,,
9481,1824.02,4183.21,5217.68,511.04,263.83,-196.99,-3907.93,-32122.38,1698.2,22604.44,-6315.19,175.12,75.12,-6140.06,-6064.95,,,,,
9491,1853,4130.6,5194.08,494.2,284.73,-171.03,-3876.75,-32200.51,1680.94,22591.19,-6275.41,175.61,-19.55,-6099.8,-6119.35,,,,,
9501,1742.95,4208.53,5208.52,509.08,288.84,-186.57,-3906.09,-32057.42,1732.31,22635.39,-6344.6,175.75,175.54,-6168.85,-5993.31,,,,,
9511,1783.57,4166.9,5187.89,497.84,268.56,-186.36,-3856.62,-32180.85,1750.46,22633.69,-6291.23,178.22,65.08,-6113,-6047.92,,,,,
9521,1897.9,4173.7,5163.87,500.46,256.89,-199.53,-3902.25,-32090.06,1719.02,22678.74,-6409.84,176.8,198.74,-6233.04,-6034.3,,,,,
9531,1761.18,4216.16,5192.2,516.6,265.93,-170.49,-3888.58,-32014.12,1791.3,22731.5,-6520.34,179.16,401.68,-6341.18,-5939.5,,,,,
9541,1763.94,4164.79,5169.92,502.73,262.16,-168.85,-3849.06,-31973.93,1767.96,22685.07,-6487.97,177.28,324.74,-6310.69,-5985.96,,,,,
9551,1788.82,4196.82,5209.45,510.19,284.63,-187.4,-3890.8,-32033.89,1738.14,22683.8,-6477.74,177.93,299.78,-6299.81,-6000.03,,,,,
9561,1777.74,4191.11,5212.78,502.29,283.08,-190.66,-3849.64,-32052.66,1706.89,22650.24,-6471.62,176.84,231.18,-6294.78,-6063.6,,,,,
9571,1784.55,4251.85,5235.56,499.69,258.24,-178.83,-3875.38,-32027.16,1712.62,22558.54,-6386.44,177.15,219.68,-6209.29,-5989.6,,,,,
9581,1790.2,4252.93,5193.84,522.39,274.25,-188.92,-3886.15,-31995.01,1740.14,22585.91,-6442.24,178.25,289.58,-6263.99,-5974.41,,,,,
9591,1844.65,4081.7,5147.9,489.34,271.48,-213.48,-3853.22,-32240.84,1710.37,22646.01,-6253.78,179.77,-116.09,-6074.01,-6190.1,,,,,
9601,1803.97,4102.65,5171.88,502.46,264.39,-188.09,-3920.04,-32113.36,1730.4,22735.72,-6428.63,177,89.97,-6251.63,-6161.67,,,,,
9611,1760.7,4178.2,5176.99,507.89,279.99,-187.27,-3900.98,-32095.87,1756.33,22712.16,-6411.32,176.88,188.13,-6234.44,-6046.31,,,,,
9621,1795.92,4148.4,5208.62,512.76,282.96,-191.25,-3884.17,-32227.89,1742.25,22695.9,-6319.55,177.77,83.52,-6141.79,-6058.27,,,,,
9631,1789.44,4170.95,5166.95,501.71,290.26,-186.74,-3893.66,-32045.81,1727.68,22603.35,-6346.74,174.41,124.13,-6172.33,-6048.2,,,,,
9641,1838.01,4141.25,5203.05,502.09,285.87,-171.66,-3920.97,-32284.32,1714.17,22775.58,-6280.09,177.67,83.07,-6102.42,-6019.35,,,,,
9651,1803.45,4257.26,5189.37,517.27,272.01,-188.41,-3856.11,-32019.91,1715.99,22579.98,-6417.79,177.92,270.9,-6239.87,-5968.97,,,,,
9661,1806.86,4084.13,5177.33,490.19,270.13,-199.69,-3926.63,-32009.88,1729.92,22729.86,-6454.62,179.51,152.22,-6275.11,-6122.89,,,,,
9671,1879.46,4208.11,5194.47,520.66,273.11,-207.57,-3911.33,-32092.42,1723,22582.42,-6334.82,174.73,169.93,-6160.09,-5990.16,,,,,
9681,1817.09,4113.95,5173.62,498.27,260.77,-164.94,-3904.96,-32084.42,1739.23,22650.12,-6367.73,175.37,98.72,-6192.36,-6093.64,,,,,
9691,1840.51,4221.03,5225.37,502.77,266.18,-216.97,-3823.4,-31952.08,1697.59,22530.55,-6478.5,181.83,291.54,-6296.66,-6005.13,,,,,
9701,1803.06,4142.22,5177.19,494.6,290.49,-181.32,-3866.98,-32064.61,1711.8,22500.75,-6306.57,177.02,7.2,-6129.54,-6122.34,,,,,
9711,1810.59,4200.74,5215.73,511.38,291.25,-178.31,-3850.85,-32063.44,1753.63,22657.42,-6425.04,182.19,348.13,-6242.86,-5894.73,,,,,
9721,1766.81,4117.81,5171.55,512.8,275.98,-163.87,-3906.69,-32112.29,1743.37,22669.08,-6351.12,179.12,74.56,-6171.99,-6097.44,,,,,
9731,1868.1,4194.13,5184.22,497.41,308.28,-189.97,-3874.72,-31941.15,1675.49,22616.26,-6504.46,180.91,338.05,-6323.55,-5985.51,,,,,
9741,1838.17,4193.49,5186.74,516.71,281.61,-200.01,-3834.85,-32051.28,1696.14,22509.6,-6369.85,182.34,136.31,-6187.51,-6051.2,,,,,
9751,1728.02,4182.26,5197.77,497.44,270.66,-193.08,-3890.32,-31973.88,1746.64,22675.29,-6433.5,182.64,240.79,-6250.86,-6010.06,,,,,
9761,1782.71,4148.38,5156.73,502.38,267.96,-207.55,-3856.81,-31993.89,1758.59,22718.53,-6477.42,181.65,277.03,-6295.77,-6018.75,,,,,
9771,1721.61,4165.96,5224.93,506.12,271.47,-227.71,-3883.14,-31869.9,1768.88,22607.27,-6531.61,181.25,285.5,-6350.37,-6064.87,,,,,
9781,1823.2,4089.42,5159.71,527.98,303.18,-189.31,-3902.24,-32015.45,1739.64,22620.36,-6443.8,176.96,156.5,-6266.84,-6110.33,,,,,
9791,1782.16,4227.27,5169.87,512.77,271.08,-199.41,-3883.88,-32060.72,1727.01,22594.23,-6332.98,177.17,140.4,-6155.82,-6015.41,,,,,
9801,1812.05,4113.3,5148.42,497.67,289.32,-182.48,-3869.9,-31992.5,1716.76,22604.58,-6431.31,179.36,137.22,-6251.95,-6114.74,,,,,
9811,1828.24,4144.29,5198.94,501.33,265.32,-169.58,-3913.85,-32132.5,1716.69,22726.85,-6378.62,181.38,165.72,-6197.24,-6031.52,,,,,
9821,1783.68,4162.65,5214.95,495.06,271.34,-193.24,-3878.06,-32251.53,1711.45,22658.83,-6258.27,180.35,-24.86,-6077.92,-6102.78,,,,,
9831,1796.95,4231.41,5188.69,508.99,287.06,-186.03,-3931.15,-32003.83,1745.43,22671.67,-6457.39,179.46,309.19,-6277.93,-5968.73,,,,,
9841,1791.4,4124.53,5257.13,496.4,272.27,-186.41,-3936.22,-31989.45,1738.11,22610.55,-6470.14,178.55,178.32,-6291.59,-6113.28,,,,,
9851,1778.68,4149.86,5177.01,491.35,278.57,-203.85,-3892.65,-31879.2,1733.87,22611.67,-6490.47,181.53,245.34,-6308.94,-6063.61,,,,,
9861,1838.39,4212.97,5169.03,515.22,272.46,-179.66,-3880.79,-32042.86,1743.8,22559.58,-6351.52,176.47,208.14,-6175.04,-5966.9,,,,,
9871,1797.89,4098.83,5146.68,522.66,282.85,-189.72,-3880.57,-31997.44,1739.81,22583.96,-6429.92,177.54,104.96,-6252.38,-6147.42,,,,,
9881,1764.49,4240.59,5193.57,513.82,288.89,-191.32,-3881.86,-32041.62,1739.77,22621.28,-6396.01,180.16,247.62,-6215.85,-5968.23,,,,,
9891,1836.19,4142.59,5186.47,508.28,273.85,-177.07,-3904.71,-32014.31,1713.95,22728.49,-6469.05,183.23,293.74,-6285.82,-5992.08,,,,,
9901,1827.34,4093.77,5205.58,513.64,273.47,-180.82,-3900.03,-32246.21,1747.24,22735.22,-6296.56,179.08,69.2,-6117.48,-6048.28,,,,,
9911,1814.59,4163.93,5197.33,507.79,264.72,-168.33,-3895.68,-31949.96,1740.25,22619.58,-6479.55,180.77,294.25,-6298.78,-6004.53,,,,,
9921,1811.71,4193.16,5217.1,507.39,272.13,-184.67,-3861.9,-32249.16,1758.86,22794.19,-6348.09,179.82,258.82,-6168.28,-5909.46,,,,,
9931,1757.41,4192.22,5187.47,485.32,286.25,-160.89,-3890.47,-32203.52,1774.72,22801.96,-6366.79,173.3,230.46,-6193.48,-5963.02,,,,,
9941,1836.27,4143.53,5212.67,516.89,276.97,-168.04,-3822.98,-32205.07,1748.67,22812.48,-6432.01,180.41,351.39,-6251.6,-5900.2,,,,,
9951,1777.6,4109.74,5210.26,502.19,282.21,-206.93,-3901.9,-31870.66,1742.97,22629.71,-6570.43,179.61,275.19,-6390.82,-6115.63,,,,,
9961,1763.86,4197.86,5175.43,506.23,301.81,-202.02,-3894.38,-32009.61,1738.47,22692.84,-6468.58,176.84,270.5,-6291.74,-6021.24,,,,,
9971,1797.11,4240.38,5226.8,504.17,265.9,-179.55,-3913.43,-32139.35,1733.6,22796.73,-6419.99,176.2,332.36,-6243.79,-5911.43,,,,,
9981,1796.77,4151.94,5147.05,506.64,269.9,-186.23,-3914.95,-31979.43,1761.48,22698.91,-6532,183.49,252.08,-6348.51,-6096.43,,,,,
9991,1859.52,4210.74,5194.6,521.61,266.3,-162.07,-3940.3,-32003.62,1705.64,22688.62,-6470.53,176.95,341.02,-6293.58,-5952.56,,,,,
10001,1841.44,4116.84,5170.03,519.5,289.2,-182.64,-3883.47,-31943.06,1772.55,22659.75,-6511.5,179.74,360.14,-6331.77,-5971.63,,,,,
,,,,,,,,,,,,,,,,,,,,
Ligand Energy Terms,,,,,,,,,,,,,,,,,,,,
Frame #,BOND,ANGLE,DIHED,UB,IMP,CMAP,VDWAALS,EEL,1-4 VDW,1-4 EEL,EGB,ESURF,GGAS,GSOLV,TOTAL,,,,,
1,13.49,266.88,16.4,0,0.02,0,4.28,-2.42,12.69,13.56,-70.18,3.81,324.9,-66.37,258.52,,,,,
11,8.82,267.93,15.16,0,0.14,0,9.97,-2.14,14.66,12.63,-68.81,3.81,327.17,-65,262.17,,,,,
21,10.53,267.37,15.25,0,0.04,0,4.41,-2.58,12.05,12.74,-69.54,3.84,319.79,-65.7,254.09,,,,,
31,14.43,259,17.11,0,0.36,0,8.23,-1.83,14.17,12.27,-69.4,3.82,323.74,-65.58,258.16,,,,,
41,11.87,271.4,13.92,0,0.06,0,4.38,-2.68,12.51,13.36,-70.1,3.83,324.82,-66.26,258.56,,,,,
51,11.27,264.17,14.9,0,0.16,0,10.11,-1.6,12.23,12.44,-70.03,3.85,323.67,-66.18,257.49,,,,,
61,14.51,267.23,14.47,0,0.06,0,3.73,-2.85,11.05,13.94,-69.49,3.81,322.14,-65.68,256.46,,,,,
71,16.88,268.12,14.44,0,0.92,0,5.74,-1.95,11.67,13.84,-69.51,3.82,329.66,-65.69,263.97,,,,,
81,16.32,277.8,14.15,0,0.01,0,4.15,-2.53,13.79,13.5,-71.13,3.84,337.19,-67.29,269.9,,,,,
91,16.35,266.15,14.35,0,0.12,0,3.46,-1.82,11.55,12.92,-71,3.8,323.08,-67.2,255.88,,,,,
101,12.56,269.75,14.49,0,0.07,0,5.74,-1.4,12.36,11.78,-70,3.82,325.35,-66.19,259.16,,,,,
111,16.23,268.41,14.54,0,0.01,0,2.47,-2.45,10.62,12.5,-68.6,3.81,322.32,-64.79,257.53,,,,,
121,16.06,268.24,17.27,0,0.25,0,5.52,-2.95,11.16,14.49,-70.9,3.83,330.03,-67.06,262.97,,,,,
131,15.38,257,14.54,0,0.15,0,6.09,-2.45,11.01,13.39,-69.61,3.81,315.11,-65.8,249.31,,,,,
141,9.34,260.05,15.71,0,0.15,0,9.88,-2.4,15.83,12.98,-69.94,3.87,321.54,-66.07,255.47,,,,,
151,15.42,260.59,15.18,0,0.1,0,4.73,-2.14,9.88,13.35,-69.63,3.8,317.11,-65.83,251.27,,,,,
161,12.23,272.45,14.2,0,0.48,0,6.23,-1.76,10.99,12.6,-70.11,3.82,327.43,-66.29,261.14,,,,,
171,14.29,267.63,14.39,0,0.15,0,8.35,-2.7,14.3,13.92,-69.37,3.83,330.33,-65.54,264.79,,,,,
181,9.54,265.39,18.67,0,0.13,0,4.95,-2.23,12.51,12.33,-69,3.83,321.27,-65.17,256.1,,,,,
191,9.28,274.72,18.69,0,0.03,0,-0.22,-2.36,12.03,12.97,-69.86,3.86,325.15,-66,259.15,,,,,
201,9.96,265.83,14.43,0,0.04,0,1.96,-1.76,14.24,12.37,-70.15,3.82,317.07,-66.34,250.73,,,,,
211,12.71,267.4,13.64,0,0.11,0,10.64,-2.14,11.68,12.74,-69.32,3.82,326.79,-65.5,261.29,,,,,
221,14.24,264.29,14.95,0,0.22,0,8.07,-3.03,12.72,13.31,-67.52,3.83,324.76,-63.69,261.07,,,,,
231,11.78,266.26,16.51,0,0.03,0,5.13,-2.56,14.14,12.96,-68.5,3.78,324.24,-64.72,259.52,,,,,
241,13.45,259.55,17.74,0,0.22,0,9.46,-2.77,14.05,13.49,-68.3,3.81,325.18,-64.49,260.69,,,,,
251,12.18,265.88,16.86,0,0.13,0,6.55,-2.34,14.9,13.2,-67.76,3.83,327.36,-63.93,263.43,,,,,
261,14.69,258.89,16.62,0,0.05,0,6.2,-3.03,12.62,13.69,-70.1,3.8,319.73,-66.3,253.43,,,,,
271,9.11,267.05,15.43,0,0.01,0,2.93,-2.37,13.52,13.2,-69.36,3.8,318.88,-65.56,253.32,,,,,
281,13.36,262.83,13.49,0,0.08,0,8.02,-1.93,13.56,12.22,-68.18,3.84,321.63,-64.35,257.28,,,,,
291,22.81,267.82,16.25,0,0.41,0,4.78,-1.51,9.02,11.94,-70.27,3.81,331.53,-66.46,265.07,,,,,
301,18,255.04,17.31,0,0.12,0,6.8,-1.38,9.99,12.76,-70.43,3.84,318.64,-66.58,252.06,,,,,
311,14.55,266.53,16.26,0,0.52,0,3.01,-2.52,11.93,13.59,-69.92,3.82,323.86,-66.1,257.76,,,,,
321,9.18,261.35,14.07,0,0.02,0,5.95,-2.27,12.53,12.93,-69.24,3.82,313.76,-65.42,248.34,,,,,
331,11.15,261.49,16.98,0,0.77,0,6.24,-1.88,14.07,12.32,-69.5,3.8,321.15,-65.69,255.45,,,,,
341,12.71,261.77,18.26,0,0.19,0,8.92,-1.94,12.26,13.34,-70.49,3.8,325.51,-66.69,258.82,,,,,
351,13.48,263,16.63,0,0.31,0,7.53,-1.54,12.84,12.26,-68.46,3.77,324.51,-64.68,259.82,,,,,
361,15.17,263.9,17.51,0,0.16,0,7.38,-1.54,12.4,11.76,-69.21,3.79,326.74,-65.42,261.32,,,,,
371,15.45,267.28,17.35,0,0.13,0,4.13,-2.61,11.48,13.48,-70.73,3.82,326.69,-66.91,259.78,,,,,
381,15.14,269.84,14.92,0,0.08,0,4.47,-1.92,12.25,12.56,-69.6,3.86,327.34,-65.74,261.6,,,,,
391,13.49,262.58,16.93,0,0.8,0,8.03,-1.44,11.33,12.58,-70.49,3.81,324.31,-66.69,257.62,,,,,
401,12.13,260.04,15.85,0,0.36,0,6.97,-3.06,13.29,13.29,-67.99,3.82,318.88,-64.16,254.71,,,,,
411,11.99,267.5,16.52,0,0.03,0,5.29,-1.64,10.89,12.33,-69.15,3.81,322.91,-65.34,257.57,,,,,
421,15.78,269.35,14.35,0,0.16,0,8.01,-2.13,10.78,12.91,-70.04,3.81,329.2,-66.23,262.98,,,,,
431,16.12,261.23,17.31,0,0.02,0,11.07,-2.31,13.73,11.93,-68.16,3.81,329.09,-64.35,264.74,,,,,
441,18.17,259.79,16.29,0,0.92,0,5.82,-2.04,11.68,12.88,-69.76,3.8,323.49,-65.97,257.53,,,,,
451,13.54,259.02,16.87,0,0.02,0,10.13,-1.85,12.36,12.05,-69.39,3.83,322.13,-65.56,256.58,,,,,
461,16.16,268.82,16.08,0,0.13,0,6.24,-1.86,12.52,11.45,-69.54,3.8,329.53,-65.74,263.79,,,,,
471,17.85,266.05,14.5,0,0.05,0,7.15,-2.93,12.41,13.56,-68.9,3.8,328.62,-65.1,263.52,,,,,
481,13.48,264.9,14.96,0,0.19,0,3.53,-0.79,12.47,11.4,-68.52,3.83,320.15,-64.69,255.45,,,,,
491,11.14,268.5,17.81,0,0.04,0,2.11,-2.58,13.65,13.32,-68.47,3.8,323.99,-64.66,259.33,,,,,
501,13.32,274.98,18.87,0,0.06,0,5.82,-0.66,13.4,11.09,-71.38,3.8,336.87,-67.58,269.29,,,,,
511,11.14,266.66,14.71,0,0.14,0,8.43,-2.07,10.84,12.8,-69.49,3.82,322.64,-65.66,256.98,,,,,
521,11.45,267.39,14.35,0,0.04,0,12.43,-2.51,15.15,13.6,-69.15,3.79,331.91,-65.36,266.55,,,,,
531,15.44,263.16,17.56,0,0.33,0,5.01,-1.37,12.05,11.71,-67.77,3.8,323.86,-63.97,259.89,,,,,
541,16.98,263,16.32,0,0.22,0,8.43,-2.36,13.96,12.12,-68.92,3.81,328.66,-65.1,263.56,,,,,
551,14.45,267.17,17.38,0,0.06,0,5.77,-1.24,12.13,11.28,-68.72,3.81,327,-64.91,262.09,,,,,
561,13.28,259.41,16.21,0,0.42,0,4.25,-3.5,12.99,14.31,-70.09,3.82,317.37,-66.26,251.11,,,,,
571,15.91,260.39,18.21,0,0.5,0,6.24,-1.37,12.82,11.96,-70.04,3.82,324.68,-66.22,258.46,,,,,
581,13.1,264.57,17.5,0,0.53,0,7.68,-2.64,11.17,12.84,-69.02,3.82,324.75,-65.2,259.56,,,,,
591,10.15,271.15,13.62,0,0.3,0,3,-3.11,11.78,13.86,-69.87,3.82,320.75,-66.05,254.7,,,,,
601,10.64,262.17,17.65,0,0.08,0,5.05,-1.63,17.28,12.37,-69.29,3.82,323.63,-65.47,258.15,,,,,
611,19.67,272.13,20.76,0,0.06,0,2.18,-2.06,11.21,12.39,-69.41,3.79,336.34,-65.62,270.72,,,,,
621,12.16,263.66,14.05,0,0.05,0,6.57,-2.54,11.98,13.13,-68.95,3.82,319.06,-65.12,253.93,,,,,
631,19.42,264.41,13.66,0,0.13,0,7.12,-2.58,11.79,13.27,-71.07,3.8,327.2,-67.27,259.93,,,,,
641,14.64,266.89,17.73,0,0.03,0,5.71,-2.45,11.16,12.88,-70.14,3.81,326.59,-66.33,260.26,,,,,
651,13.06,270,17.44,0,1.01,0,6.6,-2.63,14.91,12.66,-68.62,3.78,333.06,-64.84,268.22,,,,,
661,14.21,263.21,16.55,0,0.2,0,8.39,-1.25,12.28,11.29,-71.47,3.85,324.88,-67.61,257.27,,,,,
671,9.17,268.2,15.37,0,0.07,0,7.5,-2.5,11.87,12.87,-70.14,3.81,322.55,-66.33,256.22,,,,,
681,14.61,262.35,17.97,0,0.55,0,8.59,-3.23,12.41,14.67,-69.2,3.79,327.92,-65.41,262.51,,,,,
691,16.69,260.63,19.41,0,0.36,0,7.81,-2.08,13.25,13.91,-69.94,3.82,329.99,-66.12,263.87,,,,,
701,20.61,259.19,14.76,0,0.01,0,7.68,-2.38,12.84,13.05,-68.99,3.8,325.74,-65.19,260.55,,,,,
711,19.02,263.26,17.21,0,0.16,0,3.66,-0.95,10.1,11.1,-68.57,3.8,323.56,-64.77,258.79,,,,,
721,15.71,268.22,17.27,0,0.17,0,4.73,-1.85,11.08,12.6,-69.73,3.82,327.94,-65.91,262.03,,,,,
731,10.21,264.24,20.43,0,0.54,0,9,-1.92,14.2,12.11,-69.45,3.83,328.8,-65.63,263.17,,,,,
741,16.72,263.69,15.05,0,0.31,0,5.11,-2.06,12.58,12.75,-70.44,3.79,324.15,-66.64,257.5,,,,,
751,18.79,267.98,17.88,0,0.44,0,3.05,-1.78,12.18,12.17,-70.21,3.81,330.7,-66.4,264.3,,,,,
761,17.01,266.27,16.66,0,0.01,0,3.49,-2.14,12.08,13.07,-67.37,3.8,326.46,-63.57,262.89,,,,,
771,16.19,269.29,15.92,0,0.47,0,1.96,-1.45,11.5,11.97,-69.2,3.85,325.85,-65.34,260.51,,,,,
781,14.96,265.66,15.82,0,0.05,0,6.84,-2.61,11.72,13.11,-70.58,3.83,325.54,-66.74,258.8,,,,,
791,14.58,264.61,14.81,0,0.11,0,7.54,-2.1,14.29,12.8,-69.28,3.82,326.63,-65.46,261.17,,,,,
801,9.01,261.8,15.53,0,0.12,0,9.66,-1.88,12.52,12.02,-69.16,3.82,318.77,-65.34,253.43,,,,,
811,14.27,254.83,16.55,0,0.13,0,8.56,-3.79,13.18,14.67,-70.31,3.8,318.39,-66.52,251.87,,,,,
821,12.23,261.07,13.92,0,0.05,0,4.81,-2.99,14.11,13.36,-67.89,3.79,316.56,-64.09,252.47,,,,,
831,18.24,265.15,18.84,0,0.34,0,6.62,-2.52,11.65,12.9,-70.99,3.83,331.21,-67.16,264.05,,,,,
841,13.54,270.17,13.8,0,0.28,0,8.03,-2.02,11.5,11.95,-69.08,3.83,327.25,-65.25,261.99,,,,,
851,11.99,266.49,13.89,0,0.01,0,7.64,-2.25,13.01,12.87,-70.32,3.83,323.64,-66.49,257.16,,,,,
861,14.8,267.8,14.04,0,0.05,0,8.66,-2.33,14.77,12.73,-70.89,3.82,330.53,-67.06,263.46,,,,,
871,13.77,264.52,17.78,0,0.53,0,7.44,-2.14,12.3,13.19,-69.61,3.79,327.4,-65.82,261.58,,,,,
881,11.16,270.29,18.77,0,0.02,0,5.47,-1.22,12.19,11.92,-70.5,3.81,328.6,-66.69,261.9,,,,,
891,12.37,269.04,17.74,0,0.17,0,9.01,-3.12,12.43,13.02,-68.9,3.81,330.66,-65.09,265.56,,,,,
901,12.52,264.58,16.6,0,0.06,0,8.94,-2.48,13.69,12.48,-69.69,3.82,326.38,-65.87,260.52,,,,,
911,13.28,261.91,17.37,0,1.01,0,7.34,-2.83,14.89,14.23,-69.53,3.78,327.2,-65.76,261.44,,,,,
921,11.92,263.42,15.25,0,0.02,0,3.76,-3.01,11.57,14.04,-68.87,3.83,316.95,-65.05,251.91,,,,,
931,12.84,264.17,15.94,0,0.79,0,3.01,-2.06,11.72,13.14,-69.87,3.79,319.55,-66.08,253.47,,,,,
941,19.46,277.03,18.95,0,0.01,0,3.07,-2.17,13.1,12.54,-68.84,3.81,341.99,-65.03,276.96,,,,,
951,13.3,262.44,16.47,0,0.69,0,8.37,-1.71,11.34,12.45,-69.14,3.8,323.35,-65.34,258,,,,,
961,16.26,257.56,18.05,0,0.34,0,5.86,-3.23,11.64,14.47,-69.22,3.8,320.95,-65.42,255.53,,,,,
971,17.72,268.84,14.49,0,0.01,0,2.08,-2.65,12.48,13.14,-69.62,3.83,326.11,-65.78,260.33,,,,,
981,15.54,264.89,18.17,0,0.22,0,3.73,-1.88,11.34,11.89,-70.25,3.82,323.91,-66.43,257.48,,,,,
991,13.06,262.96,17.49,0,0.02,0,3.9,-2.4,10.62,13.04,-70.41,3.83,318.7,-66.57,252.12,,,,,
1001,16.09,270.58,18.63,0,0.22,0,7.34,-1.71,11.21,11.96,-69.48,3.82,334.32,-65.66,268.65,,,,,
1011,11.46,263.85,15.52,0,0.06,0,11.29,-2.37,13.21,13.1,-68.87,3.83,326.1,-65.03,261.07,,,,,
1021,12.35,266.08,17.02,0,0.03,0,9.45,-1.48,11.72,12.12,-68.46,3.83,327.3,-64.63,262.67,,,,,
1031,8.76,258.86,17.22,0,0.08,0,11.22,-2.73,13.54,13.58,-70.46,3.79,320.53,-66.67,253.86,,,,,
1041,12.3,265.43,18.49,0,0,0,1.14,-2.02,10.84,12.35,-68.91,3.8,318.54,-65.11,253.42,,,,,
1051,14.5,259.95,17.92,0,0.12,0,4.26,-2.25,11.37,12.9,-68.4,3.77,318.76,-64.63,254.13,,,,,
1061,16.24,260.93,17.1,0,0.35,0,3.34,-2.36,11.87,12.66,-66.8,3.8,320.14,-63,257.14,,,,,
1071,24.37,258.18,16.92,0,0.81,0,6.11,-1.25,10.21,11.39,-69.2,3.8,326.73,-65.4,261.33,,,,,
1081,13.08,262.74,18.33,0,0.11,0,7.54,-1.4,12.95,11.97,-70.69,3.8,325.31,-66.89,258.42,,,,,
1091,14.81,270,17.42,0,0.21,0,3.34,-1.93,12.75,12.61,-68.21,3.78,329.21,-64.43,264.78,,,,,
1101,13.39,265.97,16.53,0,0.04,0,5.24,-2.44,13.95,13.42,-69.21,3.82,326.1,-65.4,260.71,,,,,
1111,11.57,271.2,15.64,0,0.22,0,6.14,-1.98,11.4,12.05,-68.85,3.82,326.24,-65.03,261.2,,,,,
1121,19.17,272.26,14.76,0,0.05,0,0.37,-2.03,11.28,11.85,-68.97,3.83,327.7,-65.13,262.56,,,,,
1131,12.05,262.95,17.57,0,0.09,0,5.09,-1.68,12.92,12.28,-68.26,3.77,321.27,-64.49,256.78,,,,,
1141,16.34,268.63,14.72,0,0.34,0,9.17,-0.59,11.69,11.17,-71.42,3.81,331.48,-67.61,263.87,,,,,
1151,15.39,262.89,16.82,0,0.38,0,7.04,-2.12,13.24,12.52,-70.44,3.82,326.15,-66.62,259.53,,,,,
1161,21.43,265.37,14.88,0,0.05,0,7.92,-2,10.27,12.47,-70.17,3.79,330.4,-66.38,264.02,,,,,
1171,11.66,261.95,16.47,0,0.07,0,7.38,-2.31,11.46,12.49,-68.93,3.81,319.17,-65.12,254.05,,,,,
1181,13.07,269.08,14.54,0,0.04,0,4.05,-2.98,13.13,13.38,-69.31,3.85,324.31,-65.46,258.85,,,,,
1191,14.61,266.45,15.17,0,0.04,0,5.59,-1.86,12.02,12.49,-68.84,3.77,324.51,-65.07,259.44,,,,,
1201,20.3,261.82,18.34,0,0.09,0,2.08,-2.61,12.47,13.22,-69.45,3.81,325.71,-65.65,260.06,,,,,
1211,18.26,266.71,16.79,0,0.25,0,4.24,-1.64,11.27,12.44,-71.07,3.81,328.33,-67.26,261.07,,,,,
1221,11.92,254.76,13.34,0,0.04,0,11.21,-2.97,12.41,13.41,-69.37,3.81,314.12,-65.56,248.57,,,,,
1231,9.75,266.15,19.73,0,0.12,0,9.89,-0.91,14.71,11.6,-69.69,3.82,331.05,-65.86,265.18,,,,,
1241,20.35,254.95,18.01,0,0.71,0,8.1,-0.65,11.03,10.65,-70.14,3.8,323.14,-66.34,256.8,,,,,
1251,12.38,266.84,16.3,0,0.09,0,6.77,-2.1,11.75,12.31,-70.04,3.8,324.33,-66.24,258.09,,,,,
1261,16.99,276.52,16.29,0,0.42,0,2.11,-1.89,12.84,12.06,-68.25,3.81,335.34,-64.44,270.91,,,,,
1271,15.37,267.32,18.75,0,0.02,0,7.58,-2.92,14.42,13.69,-69.91,3.81,334.22,-66.09,268.13,,,,,
1281,12.31,278.7,17.47,0,0.06,0,3.91,-1.96,13.34,12.39,-70.27,3.82,336.21,-66.46,269.75,,,,,
1291,12.86,260.42,17.42,0,0.42,0,8.86,-2.01,13.57,12.56,-69.07,3.82,324.1,-65.25,258.86,,,,,
1301,9.22,262.29,17.95,0,0.2,0,4.99,-2.04,14.4,12.58,-69.26,3.83,319.59,-65.44,254.15,,,,,
1311,14.12,265.52,20.62,0,0.4,0,1.69,-1.96,11,12.94,-67.87,3.78,324.33,-64.09,260.25,,,,,
1321,20.48,258.75,20.45,0,0.19,0,0.61,-2.23,10.97,12.83,-69.7,3.81,322.06,-65.89,256.17,,,,,
1331,13.24,258.69,16.21,0,0.04,0,6.84,-2.32,12.2,12.67,-68.95,3.84,317.56,-65.11,252.45,,,,,
1341,14.42,264.45,14.39,0,0.13,0,3.23,-2.39,10.2,12.74,-68.76,3.82,317.16,-64.93,252.23,,,,,
1351,16.15,265.09,15.24,0,0.2,0,4.67,-1.11,10.4,12.03,-69.65,3.79,322.68,-65.86,256.82,,,,,
1361,13.75,266.81,15.85,0,0.27,0,4.41,-2.22,11.79,13.28,-69.43,3.83,323.93,-65.61,258.33,,,,,
1371,15.91,263.43,14.1,0,0.07,0,6.09,-2.62,11.27,13.39,-68.82,3.79,321.65,-65.03,256.62,,,,,
1381,11.14,270.71,18.05,0,1.29,0,5,-2.68,15.8,13.93,-67.51,3.8,333.22,-63.71,269.52,,,,,
1391,11.18,267.89,16.67,0,0.15,0,5.86,-2.24,12.68,13.37,-69.18,3.81,325.57,-65.37,260.2,,,,,
1401,11.16,272.51,16.98,0,0.24,0,0.65,-1.62,12.11,11.8,-70.3,3.82,323.83,-66.48,257.36,,,,,
1411,13.19,263.34,20.24,0,0.08,0,4.7,-2.4,11.3,13.35,-69.9,3.83,323.8,-66.07,257.73,,,,,
1421,13.21,265.66,15.29,0,0.15,0,6.87,-2.2,12.04,11.87,-68.22,3.83,322.89,-64.39,258.5,,,,,
1431,14.02,259.5,19.31,0,0.76,0,7.77,-2.75,14.51,13.45,-69.12,3.85,326.57,-65.28,261.29,,,,,
1441,8,270.01,18.4,0,0.41,0,8.21,-1.92,15.01,12.04,-68.69,3.83,330.16,-64.87,265.29,,,,,
1451,9.25,262.95,16.74,0,0.11,0,5.34,-1.61,14.2,12.56,-69.99,3.83,319.54,-66.16,253.38,,,,,
1461,14.39,266.24,17.71,0,0.05,0,6.51,-2.2,12.93,12.96,-70.03,3.8,328.57,-66.23,262.34,,,,,
1471,12.98,260.54,14.71,0,0.06,0,3.72,-1.8,12.55,11.98,-69.1,3.81,314.74,-65.3,249.45,,,,,
1481,19.12,264.88,17.93,0,0.08,0,3.69,-2.41,10.61,13.13,-68.72,3.8,327.03,-64.92,262.12,,,,,
1491,12.39,264.28,15.23,0,0.25,0,7.74,-2.51,14.71,13.32,-70.94,3.81,325.4,-67.13,258.28,,,,,
1501,13.56,267.1,21.84,0,0.02,0,4.84,-2.08,14.07,12.29,-69.09,3.79,331.65,-65.3,266.35,,,,,
1511,14.82,267.31,15.28,0,0.49,0,3.41,-2.64,13.88,13.13,-69.74,3.81,325.68,-65.93,259.76,,,,,
1521,16.8,262.11,14.77,0,0.09,0,5.52,-2.03,12.28,12.12,-69.37,3.85,321.66,-65.52,256.14,,,,,
1531,14.14,254.35,16.43,0,0.53,0,6.47,-1.97,12.09,13.02,-69.22,3.81,315.07,-65.41,249.66,,,,,
1541,17.95,268.42,15.74,0,0.06,0,6.53,-0.77,10.95,11.6,-68.03,3.8,330.48,-64.23,266.25,,,,,
1551,12.17,268.9,18.95,0,0.01,0,6.07,-2.65,13.85,13.51,-68.63,3.79,330.81,-64.84,265.98,,,,,
1561,14.42,273.02,13.62,0,0.05,0,2.55,-2.82,12.93,13.45,-69.22,3.84,327.21,-65.38,261.83,,,,,
1571,10.1,263.22,17.96,0,0.01,0,7.21,-1.93,13.53,12.96,-70.12,3.84,323.06,-66.28,256.78,,,,,
1581,13.52,272.09,14.55,0,0.04,0,4.3,-1.77,13.85,11.89,-67.89,3.8,328.46,-64.09,264.38,,,,,
1591,15.28,257.01,15.92,0,0.1,0,11.64,-1.3,13.08,12.32,-69.8,3.82,324.06,-65.98,258.08,,,,,
1601,13.62,268.36,15.86,0,0.14,0,3.7,-2.35,12.62,13.2,-69.27,3.81,325.15,-65.46,259.69,,,,,
1611,11.11,260.91,14.04,0,0.14,0,9.69,-2.57,13.91,13.28,-68.91,3.83,320.5,-65.08,255.42,,,,,
1621,12.94,270.5,15.37,0,0.01,0,4.25,-2.24,12.43,13.04,-70.34,3.8,326.3,-66.54,259.75,,,,,
1631,15.45,265.07,14.51,0,0.17,0,6.89,-2.59,13.45,13.46,-69.55,3.83,326.41,-65.72,260.69,,,,,
1641,8.66,267.52,18.93,0,0.23,0,8.42,-2.31,15.71,13.3,-69.25,3.84,330.46,-65.41,265.05,,,,,
1651,19,268.7,15.6,0,0.18,0,4.1,-2.75,10.17,13.47,-70.42,3.81,328.48,-66.61,261.87,,,,,
1661,22.24,273.61,16.43,0,0.11,0,5.2,-2.28,12.89,13.03,-70.04,3.82,341.23,-66.22,275.01,,,,,
1671,11.23,266.77,16.5,0,0.12,0,5.9,-2.63,13.31,13.8,-69.78,3.82,325,-65.96,259.04,,,,,
1681,19.67,266.75,18.07,0,0.03,0,4.47,-2.07,11.84,12.77,-69.59,3.88,331.53,-65.71,265.82,,,,,
1691,13.1,273.16,14.1,0,0.04,0,4.85,-2.6,10.28,13.44,-68.58,3.81,326.38,-64.76,261.61,,,,,
1701,12.88,261.71,13.53,0,0.12,0,12.04,-1.83,11.46,11.72,-68.12,3.81,321.63,-64.31,257.32,,,,,
1711,18.21,271.56,16.66,0,0.09,0,3.9,-1.28,9.72,11.37,-68.38,3.8,330.22,-64.58,265.64,,,,,
1721,12.6,267.17,16.2,0,0.02,0,7.33,-1.99,13.8,12.54,-70.29,3.81,327.68,-66.48,261.2,,,,,
1731,11.52,268.39,13.78,0,0.02,0,9.55,-2.35,12.55,12.8,-69.84,3.8,326.24,-66.03,260.2,,,,,
1741,12.45,265.05,17.16,0,0.16,0,3.96,-2,11.95,13.4,-69.71,3.83,322.13,-65.89,256.24,,,,,
1751,19.85,265.75,14.47,0,0.54,0,4.97,-2.26,11.08,13.43,-68.69,3.81,327.82,-64.87,262.95,,,,,
1761,12.15,264.45,18.68,0,0.05,0,10.33,-3,14.1,13.87,-70.43,3.86,330.65,-66.57,264.07,,,,,
1771,16.33,260.32,16.52,0,0.37,0,4.56,-1.78,10.5,11.87,-69.08,3.83,318.7,-65.25,253.45,,,,,
1781,9.31,263.72,18.29,0,0.11,0,6.29,-1.33,14.05,11.59,-69.89,3.83,322.03,-66.06,255.97,,,,,
1791,14.53,263.41,16.08,0,0.04,0,2.49,-2.8,12.02,13.23,-68.83,3.83,319.01,-65,254.01,,,,,
1801,10.79,267.89,18.25,0,0.08,0,5.63,-2.56,12.13,14.28,-70.38,3.84,326.48,-66.54,259.94,,,,,
1811,7.7,263.96,16.09,0,0.94,0,5.93,-2.46,13.18,12.93,-68.26,3.82,318.28,-64.44,253.84,,,,,
1821,18.12,269.62,14.97,0,0.2,0,6.28,-1.7,10.54,12.79,-70.2,3.8,330.81,-66.4,264.4,,,,,
1831,15.2,255.75,16.78,0,0.35,0,10.48,-2.57,12.48,13.89,-69.59,3.82,322.35,-65.77,256.58,,,,,
1841,16.13,263.97,16.72,0,0.47,0,6.18,-1.43,13.17,11.77,-69.09,3.79,326.99,-65.3,261.69,,,,,
1851,18.94,257.65,18.53,0,0.96,0,7.16,-2.96,12.25,14.02,-70.07,3.82,326.55,-66.25,260.3,,,,,
1861,14.92,266.67,15.44,0,0.02,0,5.24,-1.84,13.78,12.48,-70.57,3.82,326.69,-66.75,259.94,,,,,
1871,12.24,266.99,15.43,0,0.01,0,4.34,-2.11,12.34,12.68,-69.77,3.82,321.91,-65.95,255.97,,,,,
1881,16.84,268.18,15.87,0,0.77,0,4.39,-2.83,11.2,13.73,-69,3.82,328.15,-65.19,262.96,,,,,
1891,10.34,264.21,16.9,0,0.12,0,7.07,-2.85,14.44,13.48,-68.69,3.79,323.72,-64.9,258.81,,,,,
1901,12.5,263.15,19,0,0.27,0,4.08,-2.35,12.22,13.21,-69.85,3.81,322.08,-66.04,256.03,,,,,
1911,9.74,257.66,16.52,0,0.3,0,9.28,-2.47,14.6,12.7,-69.22,3.81,318.33,-65.41,252.91,,,,,
1921,11.45,265.87,16.8,0,0.02,0,4.43,-2.4,11.88,12.97,-68.77,3.82,321.03,-64.95,256.07,,,,,
1931,10.12,270.28,19.3,0,0.08,0,0.58,-2.71,13.4,13.41,-68.57,3.83,324.45,-64.74,259.72,,,,,
1941,12.43,255.32,18.69,0,0.4,0,8.6,-2.32,11.75,13.72,-68.96,3.81,318.59,-65.14,253.45,,,,,
1951,11.74,266.99,15.98,0,0.03,0,5.64,-2.38,12.53,13.18,-70.32,3.81,323.72,-66.51,257.21,,,,,
1961,12.45,263.62,16.89,0,0.5,0,8.3,-3.13,13.5,13.53,-68.7,3.83,325.65,-64.87,260.78,,,,,
1971,13.43,273.96,14.98,0,0.01,0,2.57,-2.24,10.81,12.98,-70.28,3.82,326.52,-66.46,260.06,,,,,
1981,15.15,272.04,16.98,0,0.1,0,5.23,-1.75,12.54,12.56,-69.38,3.8,332.85,-65.59,267.26,,,,,
1991,14.36,256.67,14.85,0,0.38,0,9.05,-1.02,12.4,11.5,-69.07,3.79,318.2,-65.28,252.92,,,,,
2001,12.93,257.6,18.4,0,0.12,0,5.43,-1.3,12.63,11.82,-68.38,3.83,317.63,-64.55,253.08,,,,,
2011,16.31,257.21,17.25,0,0.08,0,6.59,-1.7,12.85,11.72,-68.4,3.81,320.31,-64.59,255.72,,,,,
2021,16.3,262.49,16.73,0,0.52,0,9.71,-2.39,12.18,14.09,-69.51,3.8,329.62,-65.71,263.92,,,,,
2031,9.83,263.73,14.62,0,0.39,0,5.95,-1.44,14.46,12.55,-67.82,3.82,320.1,-63.99,256.1,,,,,
2041,15.87,272.75,19.78,0,0.47,0,4.08,-2.6,9.69,12.47,-69.55,3.82,332.51,-65.74,266.78,,,,,
2051,13.79,251.95,18.82,0,0.94,0,1.98,-1.83,12.97,12.17,-67.97,3.79,310.81,-64.18,246.62,,,,,
2061,12,267.73,14.69,0,0.17,0,8.97,-1.29,10.81,12.53,-69.32,3.81,325.62,-65.51,260.11,,,,,
2071,18.23,266.71,14.62,0,0.41,0,4.82,-1.5,11.39,11.74,-68.15,3.79,326.43,-64.36,262.07,,,,,
2081,12.36,263.35,16.72,0,0.32,0,6.36,-2.81,13.14,13.74,-68.52,3.78,323.19,-64.74,258.45,,,,,
2091,11.53,268.59,15.04,0,0.27,0,7.01,-0.6,12.95,10.93,-70.99,3.82,325.72,-67.18,258.54,,,,,
2101,19.42,266.45,16.49,0,0.41,0,2.15,-2.39,11.99,12.69,-68.5,3.81,327.21,-64.69,262.51,,,,,
2111,11.26,271.89,14.14,0,0.09,0,4.81,-2.08,12.75,12.11,-69.11,3.8,324.97,-65.31,259.66,,,,,
2121,15.65,263.98,15.72,0,0.29,0,2.04,-1.89,11.86,12.42,-70,3.81,320.07,-66.18,253.89,,,,,
2131,20.6,259.2,15.2,0,0.08,0,6.27,-2.31,10.98,12.91,-70.96,3.82,322.93,-67.14,255.8,,,,,
2141,10.03,265.34,16.14,0,0.28,0,8.67,-1.35,14.24,11.9,-68.94,3.79,325.25,-65.15,260.1,,,,,
2151,23.79,264.04,15.97,0,0.02,0,3.43,-2.37,10.44,13.18,-70.32,3.82,328.49,-66.5,261.99,,,,,
2161,12.09,269.6,16.55,0,0.34,0,2.69,-2.09,13.56,12.99,-68.96,3.8,325.73,-65.16,260.57,,,,,
2171,15.72,270.62,14.95,0,0.19,0,7.33,-2.74,12.58,13.86,-70.57,3.79,332.52,-66.78,265.74,,,,,
2181,14.04,262.28,16.76,0,0.3,0,3.29,-3.32,13.91,14.52,-68.92,3.8,321.78,-65.12,256.67,,,,,
2191,18.43,264.17,17.99,0,0.98,0,5.47,-2.8,12.42,12.79,-68.66,3.82,329.45,-64.83,264.61,,,,,
2201,14.75,260.08,17.46,0,0.06,0,3.33,-2.15,13.79,12.46,-69.21,3.79,319.78,-65.42,254.36,,,,,
2211,17.47,275.66,15.35,0,0.4,0,2.86,-2.97,11.64,13.34,-70.03,3.83,333.76,-66.2,267.56,,,,,
2221,11.48,264.21,13.94,0,0.16,0,11.45,-2.54,13.68,12.94,-69.51,3.85,325.31,-65.66,259.65,,,,,
2231,15.19,267.08,15.08,0,0,0,1.6,-2.63,11.93,13.36,-68.99,3.81,321.61,-65.18,256.43,,,,,
2241,15.69,265.23,16.41,0,0.03,0,3.03,-1.38,10.36,11.98,-70.8,3.85,321.34,-66.95,254.39,,,,,
2251,16.29,277.54,16.17,0,0.08,0,2.27,-3.16,12.45,13.64,-70.34,3.86,335.28,-66.48,268.8,,,,,
2261,14.77,268.4,17.58,0,0.15,0,6.44,-3.28,14.27,13.9,-69.12,3.83,332.22,-65.29,266.93,,,,,
2271,17.66,256.28,21.08,0,0.5,0,4.63,-2.01,13.27,12.32,-70.75,3.79,323.73,-66.96,256.77,,,,,
2281,10.92,261,15.36,0,0.04,0,6.18,-2.42,12.6,12.58,-69.41,3.84,316.27,-65.57,250.7,,,,,
2291,20.28,272.36,18.79,0,0.1,0,4.5,-2.16,12.34,12.54,-69.11,3.81,338.74,-65.3,273.44,,,,,
2301,21.93,260.88,13.95,0,0.03,0,1.81,-1.67,11.48,11.78,-69.21,3.8,320.19,-65.41,254.78,,,,,
2311,11.26,256.6,14.44,0,0.04,0,8.74,-2.85,14.14,13.33,-68.74,3.78,315.71,-64.96,250.75,,,,,
2321,11.15,260.22,15.02,0,0.03,0,7.93,-2.67,12.99,13.6,-69.7,3.84,318.27,-65.85,252.42,,,,,
2331,14.56,260.32,15,0,0.06,0,6.06,-2.43,12.94,13.27,-67.66,3.78,319.79,-63.88,255.92,,,,,
2341,13,267.05,15.67,0,0.03,0,9.33,-2.44,13.93,13.27,-68.01,3.79,329.83,-64.22,265.61,,,,,
2351,15.37,269.63,15.26,0,0.02,0,6.94,-2.06,11.31,12.48,-71.19,3.81,328.95,-67.38,261.57,,,,,
2361,8.73,265.61,15.64,0,0.21,0,8.35,-3.84,13.76,14.31,-69.35,3.86,322.78,-65.49,257.28,,,,,
2371,13.94,267.77,16.36,0,0.1,0,2.61,-3.17,15.53,14.25,-68.89,3.83,327.39,-65.06,262.33,,,,,
2381,16.64,265.17,16.64,0,0.14,0,6.09,-2.02,14.1,12.13,-69.25,3.85,328.91,-65.4,263.51,,,,,
2391,17.77,270.98,15.77,0,0.02,0,0.02,-2.29,12.83,12.7,-69.91,3.83,327.8,-66.08,261.71,,,,,
2401,13.97,268.94,16.53,0,0.09,0,7.47,-2.79,12.83,12.99,-68.56,3.82,330.03,-64.75,265.28,,,,,
2411,19.13,268.12,17.17,0,0.02,0,4.15,-3.04,12.52,13.84,-69.91,3.79,331.91,-66.12,265.79,,,,,
2421,16.87,267.29,16.06,0,0.04,0,3.49,-3.36,14.62,13.63,-69.39,3.84,328.64,-65.56,263.08,,,,,
2431,18.91,272.2,16.39,0,0.16,0,3.72,-1.67,10.55,12.11,-69.76,3.83,332.36,-65.93,266.43,,,,,
2441,9.35,267.98,19.48,0,0.16,0,6.3,-2.46,13.74,12.94,-68.23,3.83,327.5,-64.4,263.1,,,,,
2451,15.59,258.92,19.8,0,0.18,0,2.82,-2.23,10.47,12.34,-69.67,3.83,317.9,-65.84,252.06,,,,,
2461,11.24,265.33,14.05,0,0.04,0,8.95,-2.73,12.18,13.73,-71.02,3.8,322.78,-67.22,255.56,,,,,
2471,11.15,266.08,16.9,0,0.27,0,4.76,-1.68,12.31,12.3,-68.31,3.82,322.11,-64.49,257.62,,,,,
2481,15.96,267.59,17.18,0,0.2,0,6.84,-2.27,11.91,13.1,-70.37,3.84,330.51,-66.53,263.98,,,,,
2491,16.92,263.55,18.69,0,0.53,0,1.85,-1.67,12.14,12.91,-69.9,3.8,324.91,-66.1,258.81,,,,,
2501,16.92,268.35,14.15,0,0.22,0,4.02,-1.28,10.95,11.32,-69.26,3.84,324.67,-65.42,259.25,,,,,
2511,14.68,270.54,17.26,0,0.02,0,4.84,-2.26,13.9,12.81,-68.09,3.82,331.81,-64.27,267.54,,,,,
2521,14.16,268.32,15.13,0,0.09,0,4.15,-2.07,13.17,11.91,-69.03,3.82,324.85,-65.21,259.64,,,,,
2531,17.67,260.41,16.83,0,0.08,0,5.5,-1.95,11.98,12.52,-69.11,3.81,323.05,-65.31,257.75,,,,,
2541,16.27,265.21,19.42,0,0.07,0,8.39,-2.44,14.95,13.33,-70.25,3.81,335.2,-66.44,268.76,,,,,
2551,14.3,262.5,16.06,0,0.12,0,7.51,-2.27,13.19,12.51,-69.81,3.84,323.91,-65.97,257.94,,,,,
2561,18.06,266.33,16.79,0,0.23,0,6.85,-2.02,10.91,11.86,-69.7,3.81,329,-65.9,263.1,,,,,
2571,16.73,271.97,16.39,0,0.05,0,6,-2.51,13.81,13.15,-70.01,3.81,335.59,-66.2,269.39,,,,,
2581,16.94,261.02,16.08,0,0.25,0,7.01,-2,11.9,12.6,-69.68,3.81,323.79,-65.87,257.92,,,,,
2591,12.77,268.85,15.71,0,0.14,0,2.24,-2.1,13.43,12.86,-71.05,3.83,323.9,-67.22,256.68,,,,,
2601,11.88,260.65,15.69,0,0.19,0,4.51,-3.21,12.82,13.52,-69.22,3.82,316.04,-65.41,250.63,,,,,
2611,14.35,265.49,16.76,0,0.04,0,8.56,-2.06,14.28,13.15,-69.42,3.83,330.57,-65.59,264.98,,,,,
2621,17.57,264.06,16.28,0,0.01,0,1.56,-1.65,11.96,12.06,-70.2,3.83,321.84,-66.37,255.47,,,,,
2631,15.84,270.28,17.19,0,0,0,5.71,-1.09,13.35,11.41,-68.57,3.83,332.69,-64.74,267.95,,,,,
2641,14.77,267.97,17.64,0,0.57,0,5.12,-2.08,12.53,12.9,-69.33,3.86,329.42,-65.47,263.95,,,,,
2651,17.51,270.27,15.12,0,0.02,0,5.64,-3.01,14.11,13.6,-69.55,3.8,333.25,-65.75,267.49,,,,,
2661,17.39,258.49,14.54,0,0.02,0,10.88,-3,13.72,13.51,-68.5,3.81,325.55,-64.69,260.85,,,,,
2671,17.6,268.42,13.87,0,0.02,0,7.5,-2.78,14.21,13.57,-69.92,3.85,332.42,-66.08,266.35,,,,,
2681,17.82,274.59,15.46,0,0.04,0,1.65,-2.85,10.83,13.31,-69.55,3.84,330.85,-65.7,265.15,,,,,
2691,18.4,264.62,14.13,0,0.03,0,5.94,-2.09,13.61,11.89,-68.13,3.83,326.52,-64.3,262.22,,,,,
2701,13.21,261.56,15.55,0,0.05,0,3.38,-1.95,10.54,12.51,-68.8,3.79,314.86,-65.01,249.85,,,,,
2711,14.88,266.09,17.45,0,0.02,0,2.34,-2.31,12.59,12.33,-68.11,3.82,323.39,-64.3,259.1,,,,,
2721,12.53,268.46,13.55,0,0.06,0,8.4,-2.06,12.48,12.86,-68.49,3.79,326.29,-64.7,261.59,,,,,
2731,10.68,262.11,20.64,0,0.44,0,3.94,-1.8,12.44,13.09,-69.39,3.82,321.55,-65.56,255.99,,,,,
2741,13.53,268.46,19.37,0,0.55,0,6.6,-2.4,13.3,12.92,-68.52,3.82,332.32,-64.7,267.63,,,,,
2751,15.03,274.74,16.59,0,0.7,0,-0.59,-1.27,10.52,11.29,-69.35,3.83,327.03,-65.52,261.51,,,,,
2761,13.08,268.62,14.57,0,0.37,0,4.7,-2.3,11.96,12.88,-69.97,3.79,323.89,-66.18,257.71,,,,,
2771,12.31,267.08,13.88,0,0.01,0,8.81,-2.5,11.51,13.5,-71,3.83,324.6,-67.17,257.43,,,,,
2781,19.05,267.57,18.77,0,0.06,0,2.88,-0.98,12.43,12.3,-68.94,3.79,332.08,-65.14,266.94,,,,,
2791,13.93,274.24,17.75,0,0.14,0,5.58,-1.77,10.71,12.19,-70.27,3.78,332.76,-66.48,266.27,,,,,
2801,14.42,267.16,19.23,0,0.01,0,5.16,-2.44,12.61,13.39,-69,3.83,329.53,-65.17,264.36,,,,,
2811,14.29,272.93,14.76,0,0.02,0,3.01,-1.51,10.37,12.12,-69.78,3.82,325.98,-65.96,260.02,,,,,
2821,11.67,262.59,14.84,0,0.04,0,6.4,-2.15,14.03,12.38,-68.25,3.8,319.8,-64.45,255.35,,,,,
2831,14.18,261.96,15.62,0,0.05,0,4.46,-1.94,12.02,12.09,-68.79,3.81,318.44,-64.98,253.46,,,,,
2841,11.32,270.31,15.93,0,0.02,0,3.98,-1.52,12.79,12.48,-67.62,3.82,325.32,-63.81,261.51,,,,,
2851,15.23,267.4,14,0,0.09,0,6.09,-2.48,13.44,12.97,-70.28,3.86,326.75,-66.42,260.33,,,,,
2861,8.38,257.84,18.1,0,0.01,0,6.51,-2.28,13.76,14.1,-70.48,3.83,316.42,-66.65,249.77,,,,,
2871,11.71,261.48,15.16,0,0.14,0,6.93,-2.53,13.47,13.45,-69.28,3.8,319.8,-65.48,254.32,,,,,
2881,10.62,261.55,17.09,0,0.1,0,1.58,-1.2,12.06,11.16,-68.77,3.8,312.97,-64.98,247.99,,,,,
2891,13.73,268.09,15.07,0,0.07,0,9.18,-2.81,12.61,13.43,-68.93,3.85,329.37,-65.08,264.29,,,,,
2901,8.07,256.89,17.85,0,0.34,0,11.33,-2.09,14.5,12.58,-68.7,3.85,319.46,-64.84,254.62,,,,,
2911,15.39,272.94,13.84,0,0.01,0,5.9,-2.21,11.23,12.77,-70.74,3.84,329.86,-66.9,262.97,,,,,
2921,13.85,263.39,16.6,0,0.19,0,5.71,-2.56,14.32,13.32,-70.04,3.86,324.8,-66.18,258.62,,,,,
2931,14.75,268.25,15.15,0,0.03,0,2.86,-2.69,10.65,13.29,-69.13,3.81,322.26,-65.32,256.95,,,,,
2941,11.4,266.09,14.89,0,0.02,0,8.81,-2.08,13.66,12.39,-69.15,3.84,325.18,-65.31,259.87,,,,,
2951,12.42,262.42,15.38,0,0.01,0,9.18,-2.6,12.49,12.89,-69.62,3.79,322.19,-65.83,256.35,,,,,
2961,17.62,259,13.5,0,0.07,0,4.81,-1.92,12.45,11.77,-68.07,3.81,317.3,-64.25,253.04,,,,,
2971,12.24,279.67,17.55,0,0.13,0,3.43,-2.51,10.87,12.76,-69.32,3.82,334.15,-65.49,268.65,,,,,
2981,14.69,274.52,12.87,0,0.03,0,5.3,-2.21,12.13,12.55,-68.35,3.8,329.87,-64.56,265.32,,,,,
2991,10.92,261.43,13.58,0,0.04,0,7.99,-2.66,14.92,13.92,-69.04,3.84,320.14,-65.2,254.94,,,,,
3001,13.38,258.03,18.91,0,0.22,0,5.77,-2.55,11.61,13.21,-68.54,3.78,318.58,-64.76,253.82,,,,,
3011,17.72,257.75,16.47,0,0.08,0,11.69,-1.78,11.3,12.75,-69.88,3.79,325.99,-66.09,259.9,,,,,
3021,12.47,271.66,14.22,0,0.14,0,1.99,-2.41,13.88,12.46,-68.2,3.81,324.4,-64.39,260.01,,,,,
3031,15.49,260.78,14.72,0,0.12,0,6.09,-2.46,12.54,12.71,-69.57,3.77,320,-65.8,254.2,,,,,
3041,18.08,266.5,12.29,0,0.03,0,7.67,-2.93,12.99,14.37,-70.7,3.83,328.99,-66.87,262.13,,,,,
3051,12.48,262.93,14.12,0,0.04,0,5.75,-1.89,11.87,12.45,-68.99,3.8,317.75,-65.19,252.55,,,,,
3061,10.14,254.7,12.51,0,0.14,0,7.33,-2.52,13,13.36,-68.8,3.82,308.65,-64.98,243.66,,,,,
3071,14.04,274.79,16.11,0,0.03,0,7.93,-2.46,14.73,13.77,-70.05,3.84,338.92,-66.21,272.71,,,,,
3081,13.41,268.74,18.32,0,0.09,0,4.9,-1.57,13.52,12.78,-69.83,3.84,330.19,-65.99,264.2,,,,,
3091,12.03,261.61,13.95,0,0.16,0,4.72,-1.91,13.07,12.31,-70.18,3.82,315.94,-66.36,249.58,,,,,
3101,13.94,267.56,14.56,0,0.01,0,5.21,-2.07,12.34,12.97,-68.59,3.81,324.52,-64.78,259.75,,,,,
3111,13.82,266.2,17.42,0,0.37,0,4.22,-2.51,13.92,12.8,-68.2,3.81,326.23,-64.39,261.84,,,,,
3121,10.38,266.9,15.34,0,0.11,0,9.33,-1.53,10.44,11.65,-69.42,3.83,322.62,-65.59,257.03,,,,,
3131,12.47,270.45,14.87,0,0.38,0,4.58,-2.73,13.82,13.97,-71.03,3.86,327.81,-67.17,260.64,,,,,
3141,13.04,261.89,15.1,0,0.01,0,7.46,-3.23,17.5,14.04,-67.68,3.8,325.81,-63.88,261.93,,,,,
3151,15.21,260.37,17.34,0,0.23,0,6.55,-1.4,13.56,11.21,-67.78,3.8,323.08,-63.98,259.1,,,,,
3161,17.82,267.11,17.31,0,0.04,0,3.92,-1.92,15.17,12.23,-70.82,3.81,331.68,-67,264.68,,,,,
3171,14.83,272.3,16.73,0,0.16,0,5.94,-1.36,11.44,12.69,-70.08,3.81,332.73,-66.26,266.47,,,,,
3181,17.48,262.68,14.54,0,0.02,0,5.32,-2.14,11.02,12.3,-67.66,3.8,321.22,-63.86,257.35,,,,,
3191,11.69,263.11,13.95,0,0.08,0,5.4,-1.94,11.47,12.48,-69.52,3.8,316.24,-65.72,250.52,,,,,
3201,17.65,260.02,12.73,0,0.02,0,10.39,-2.65,10.44,13.89,-70.23,3.8,322.48,-66.43,256.05,,,,,
3211,7.92,274.86,16.17,0,0.06,0,4.72,-3.04,15.62,14.39,-69.04,3.78,330.67,-65.26,265.41,,,,,
3221,12.22,267.05,18.99,0,0.09,0,8.28,-1.88,13.9,12.09,-70.84,3.83,330.75,-67.01,263.74,,,,,
3231,11.46,265.89,14.91,0,0.44,0,2.61,-2.6,11.2,13.23,-68.65,3.8,317.14,-64.85,252.3,,,,,
3241,19.26,262.96,16.78,0,0.04,0,4.99,-1.81,11.24,12.18,-69.17,3.8,325.64,-65.37,260.27,,,,,
3251,13.53,272.33,16.36,0,0.31,0,2.74,-1.82,11.75,12.54,-70.03,3.8,327.74,-66.23,261.51,,,,,
3261,15.73,259.36,13.77,0,0.05,0,7.57,-0.9,12.76,10.83,-69.25,3.78,319.18,-65.47,253.71,,,,,
3271,16.61,269.99,16.3,0,0.18,0,3.94,-2.81,14.26,13.3,-69.11,3.81,331.77,-65.31,266.46,,,,,
3281,12.51,265.72,16.22,0,0.02,0,10.79,-1.83,13.83,11.27,-69.08,3.83,328.52,-65.25,263.27,,,,,
3291,15.13,264.04,16.35,0,0.23,0,2.49,-2.51,12.63,12.68,-68.24,3.79,321.04,-64.45,256.58,,,,,
3301,12.98,265.28,16.34,0,0.08,0,5.84,-1.56,12.68,11.95,-69.4,3.78,323.59,-65.62,257.97,,,,,
3311,10.27,268.11,17.13,0,0.03,0,5.99,-3.07,17.39,12.95,-68.35,3.83,328.82,-64.52,264.3,,,,,
3321,15.53,277.34,16.06,0,0.56,0,2.13,-1.66,11.76,11.98,-68.53,3.82,333.7,-64.72,268.98,,,,,
3331,11.58,268.46,16.32,0,0.1,0,4.83,-1.13,10.98,12.19,-70.23,3.79,323.33,-66.44,256.89,,,,,
3341,10.48,264.67,14.32,0,0.12,0,2.45,-2.24,11.85,12.23,-67.73,3.79,313.89,-63.94,249.94,,,,,
3351,14.53,264.46,16.1,0,0.07,0,5.61,-1.39,11.48,12.25,-69.44,3.81,323.13,-65.63,257.5,,,,,
3361,11.25,265.95,13.91,0,0.06,0,5.65,-2.2,10.3,13.05,-69.26,3.8,317.97,-65.46,252.51,,,,,
3371,13.08,263.51,13.16,0,0.24,0,5.5,-3.75,12.11,14.26,-69.39,3.8,318.12,-65.59,252.53,,,,,
3381,15.19,274.6,21.22,0,0.12,0,3.26,-1.92,13.31,12.13,-70.26,3.84,337.9,-66.43,271.48,,,,,
3391,19.24,271.96,14.08,0,0.14,0,2.99,-1.73,12.16,11.87,-70.43,3.8,330.7,-66.63,264.08,,,,,
3401,10.35,254.21,17.31,0,0.03,0,10.89,-0.88,15.77,11.34,-67.92,3.77,319.02,-64.14,254.88,,,,,
3411,17.2,264.49,18.44,0,0.03,0,1.46,-1.88,10.04,11.97,-69.15,3.83,321.76,-65.32,256.44,,,,,
3421,12.58,265.88,14.61,0,0.12,0,3.04,-2.88,13.62,13.39,-69.03,3.79,320.36,-65.24,255.12,,,,,
3431,22.59,265.9,14.57,0,0.02,0,1.8,-3.03,11,13.28,-70.07,3.82,326.13,-66.25,259.88,,,,,
3441,13.86,264.55,17.19,0,0.05,0,4.07,-2.42,12.75,12.29,-69.7,3.8,322.34,-65.9,256.44,,,,,
3451,14.85,262.22,14.69,0,0.16,0,8.87,-2.18,11.58,12.78,-70.2,3.81,322.96,-66.39,256.58,,,,,
3461,12.02,265.96,15.22,0,0.06,0,1.75,-1.65,11.59,11.82,-69.54,3.82,316.75,-65.72,251.03,,,,,
3471,16.99,256.77,18.49,0,0.07,0,5.04,-1.87,10.88,12.33,-70.31,3.84,318.7,-66.48,252.22,,,,,
3481,13.78,270.66,16.12,0,0.07,0,3.66,-2.13,10.7,13.1,-69.76,3.85,325.96,-65.91,260.05,,,,,
3491,11.94,266.79,18.95,0,0.08,0,0.38,-1.6,12.26,11.58,-68.33,3.8,320.38,-64.53,255.85,,,,,
3501,11.63,265.59,15.04,0,0.09,0,4.78,-2.91,12.87,13.49,-69.87,3.83,320.57,-66.04,254.53,,,,,
3511,11.35,262.1,13.67,0,0.11,0,6.12,-1.81,13.61,12.05,-69.36,3.81,317.2,-65.54,251.66,,,,,
3521,12.09,266.59,12.68,0,0.09,0,5.42,-1.74,10.4,12.18,-69.53,3.81,317.7,-65.71,251.98,,,,,
3531,15.02,256.75,16.27,0,0.03,0,2.08,-2.31,11,12.52,-69.66,3.79,311.35,-65.86,245.49,,,,,
3541,17.35,272.06,15.2,0,0.15,0,1.2,-3.31,12.41,13.86,-70.22,3.83,328.91,-66.39,262.52,,,,,
3551,14.3,268.3,14.05,0,0.06,0,7.63,-3.12,11.83,13.66,-68.52,3.82,326.71,-64.7,262.01,,,,,
3561,11.59,257.4,14.61,0,0.07,0,9.91,-2.46,13.81,13.88,-70.01,3.84,318.81,-66.17,252.64,,,,,
3571,21,264.98,17.72,0,0.14,0,5.92,-3.18,14.47,14.18,-68.34,3.79,335.23,-64.55,270.67,,,,,
3581,23.72,260.23,12.89,0,0.03,0,3.49,-2.43,12.13,12.89,-69.07,3.84,322.94,-65.23,257.71,,,,,
3591,18.78,262.82,16.25,0,0,0,4.26,-1.94,11.61,13.05,-70.38,3.81,324.83,-66.57,258.26,,,,,
3601,9.69,263.45,14.51,0,0.21,0,6.53,-2.06,12.06,13.01,-69.58,3.8,317.39,-65.77,251.62,,,,,
3611,13.47,273.9,13.37,0,0.38,0,6.01,-3.76,13.62,14.5,-68.56,3.8,331.48,-64.77,266.72,,,,,
3621,15.03,260.69,17.79,0,0.08,0,6.45,-1.79,12.63,11.71,-68.97,3.83,322.59,-65.14,257.45,,,,,
3631,13.56,263.24,18.27,0,0.13,0,8.02,-3.12,13.75,13.22,-68.48,3.8,327.08,-64.67,262.4,,,,,
3641,15.03,258.88,15.28,0,0.04,0,3.7,-2.3,13.32,12.54,-68.1,3.82,316.48,-64.28,252.21,,,,,
3651,8.12,268.47,14.25,0,0.17,0,4.97,-2.33,14.2,12.32,-68.2,3.85,320.17,-64.35,255.82,,,,,
3661,11.88,265.72,16.8,0,0.15,0,0.76,-2.65,10.78,12.85,-70.13,3.81,316.3,-66.32,249.98,,,,,
3671,11.26,267.83,14.04,0,0.3,0,6.9,-2.69,13.15,13,-69.67,3.8,323.79,-65.87,257.93,,,,,
3681,11.24,259.77,16.36,0,0.05,0,8.78,-1.88,11.37,12.92,-70.4,3.81,318.61,-66.59,252.02,,,,,
3691,11.08,268.42,13.67,0,0.01,0,4.7,-2.46,13.37,12.62,-68.81,3.8,321.42,-65.01,256.41,,,,,
3701,14.36,256.62,14.08,0,0.04,0,8.12,-2.68,15.68,12.82,-69.81,3.81,319.05,-66,253.05,,,,,
3711,13.01,262.53,14.85,0,0.05,0,6.17,-2.81,13.18,13.32,-70.67,3.78,320.3,-66.88,253.42,,,,,
3721,11.22,266.59,16.14,0,0.23,0,1.32,-2.54,12.86,13.02,-70.61,3.81,318.84,-66.8,252.04,,,,,
3731,12.29,259.62,15.5,0,0.1,0,10.48,-2.52,11.73,12.88,-69.18,3.81,320.07,-65.37,254.7,,,,,
3741,10.52,269.36,14.57,0,0.6,0,5.89,-3.06,13.04,13.33,-67.8,3.77,324.25,-64.03,260.22,,,,,
3751,23.47,266.83,15.37,0,0.05,0,2.93,-1.62,10.97,12.32,-70.64,3.84,330.33,-66.81,263.52,,,,,
3761,11.45,264.72,18.87,0,0.28,0,5.81,-1.99,13.88,12.46,-69.35,3.83,325.48,-65.52,259.96,,,,,
3771,19.47,260.91,15.69,0,0,0,8.03,-1.51,11.98,11.53,-70.2,3.83,326.1,-66.37,259.73,,,,,
3781,9.55,272.82,13.6,0,0.6,0,6.59,-1.96,11.87,12.17,-69.45,3.83,325.25,-65.62,259.62,,,,,
3791,10.58,262.57,16.41,0,0.23,0,2.54,-2.07,12.63,12.05,-68.87,3.82,314.94,-65.05,249.89,,,,,
3801,12.81,267.87,14.91,0,0.03,0,9.56,-0.85,11.25,10.8,-69.64,3.8,326.37,-65.84,260.53,,,,,
3811,14.8,267.19,17.52,0,0.06,0,0.85,-1.87,11.52,12.6,-69.91,3.81,322.68,-66.1,256.58,,,,,
3821,20.83,266.27,19.98,0,0.11,0,2.62,-2.29,10.51,12.65,-70.42,3.82,330.69,-66.61,264.08,,,,,
3831,12.27,265.92,15.34,0,0.35,0,8.28,-2.08,13.4,12.05,-68.93,3.83,325.52,-65.1,260.42,,,,,
3841,12.52,263.78,16.15,0,0.05,0,7.2,-2.35,10.96,13.06,-70.73,3.82,321.36,-66.91,254.45,,,,,
3851,18.96,270.8,16.29,0,0.06,0,3.94,-1.34,11.02,11.37,-69.65,3.8,331.1,-65.85,265.25,,,,,
3861,12.92,256.56,16.16,0,0.07,0,8.46,-2.61,14.02,13.09,-69.22,3.79,318.68,-65.43,253.25,,,,,
3871,13.38,267.38,17.5,0,0.33,0,4.82,-2.26,12.63,12.34,-70.37,3.83,326.12,-66.54,259.58,,,,,
3881,17.55,264.81,15.49,0,0.05,0,6.98,-1.58,10.07,12.64,-70.02,3.82,326,-66.2,259.8,,,,,
3891,12.42,267.4,14.83,0,0.3,0,6.55,-1.95,11.62,12.08,-70.73,3.81,323.25,-66.92,256.33,,,,,
3901,13.57,269.41,14.69,0,0.19,0,3.05,-2.72,12.88,13.05,-69.85,3.82,324.11,-66.03,258.08,,,,,
3911,11.33,260.94,18.23,0,0.14,0,6.7,-2.67,14.38,12.91,-68.73,3.81,321.97,-64.92,257.05,,,,,
3921,10.76,261.35,16.85,0,0.3,0,5.56,-2.07,15.74,11.46,-67.97,3.81,319.96,-64.16,255.8,,,,,
3931,17.85,271.49,16.81,0,0.02,0,3.79,-2.02,14.02,13.15,-69.62,3.81,335.1,-65.81,269.29,,,,,
3941,10.46,264.09,14.38,0,0.02,0,6.22,-1.81,12.84,11.35,-68.95,3.8,317.54,-65.15,252.39,,,,,
3951,18.73,255.98,18.35,0,0.26,0,7.49,-2.81,12.86,13.17,-69.54,3.81,324.03,-65.73,258.3,,,,,
3961,12.63,266.65,14.12,0,0.11,0,5.67,-2.04,14.39,12.57,-67.86,3.8,324.1,-64.06,260.04,,,,,
3971,14.08,265.02,17.07,0,0.01,0,5.6,-2.18,13.88,12.6,-68.78,3.82,326.07,-64.96,261.11,,,,,
3981,15.13,265.56,19.86,0,0.23,0,6.44,-2.39,11.14,13.43,-69.62,3.81,329.4,-65.81,263.59,,,,,
3991,12,264.31,15.55,0,0.11,0,7.46,-2.31,11.85,12.93,-69.52,3.81,321.91,-65.71,256.2,,,,,
4001,9.84,269.34,14.66,0,0.07,0,3.21,-2.5,13.58,13.12,-69.4,3.82,321.31,-65.58,255.74,,,,,
4011,13.89,262.4,15.67,0,0.03,0,6.11,-2.01,11.54,12.91,-68.84,3.82,320.54,-65.02,255.52,,,,,
4021,17.25,259.51,15.43,0,0.18,0,8.92,-2.87,13.75,13.65,-69.44,3.83,325.82,-65.61,260.21,,,,,
4031,12.03,263.06,15,0,0.35,0,5.56,-1.85,11.11,12.38,-68.42,3.83,317.63,-64.59,253.04,,,,,
4041,12.06,263.63,13.24,0,0.33,0,10.54,-2.49,12.76,13.47,-69.25,3.84,323.55,-65.41,258.14,,,,,
4051,16.18,261.73,16.52,0,0.01,0,4.8,-2.14,11.54,12.59,-69.58,3.79,321.24,-65.79,255.45,,,,,
4061,17.27,277.64,13.48,0,0.13,0,6.4,-1.37,12.08,11.3,-70.79,3.83,336.93,-66.96,269.97,,,,,
4071,13.26,264.25,14.41,0,0.04,0,9.87,-2.2,14.11,12.46,-69.45,3.79,326.2,-65.66,260.54,,,,,
4081,13.45,265.81,11.8,0,0.06,0,8.38,-3.68,13.83,14.55,-69.27,3.83,324.2,-65.44,258.76,,,,,
4091,17.36,272.01,18.33,0,0.02,0,4.42,-1.38,10.85,11.39,-68.64,3.78,333.01,-64.86,268.15,,,,,
4101,15.81,259.81,13.96,0,0.11,0,8.34,-1.96,13.51,12.11,-70.36,3.82,321.68,-66.54,255.15,,,,,
4111,10.85,261.02,14.51,0,0.16,0,8.19,-2.26,12.09,13.01,-69.21,3.82,317.56,-65.39,252.16,,,,,
4121,14.12,264.56,15.4,0,0.07,0,5.04,-3.44,12.35,14.08,-69.74,3.83,322.16,-65.91,256.24,,,,,
4131,16.16,262.72,15.78,0,0.07,0,5.93,-2.82,12.83,13.88,-69.57,3.8,324.55,-65.76,258.79,,,,,
4141,13.37,264.31,17.07,0,0.16,0,5.59,-1.49,12.01,12.1,-69.63,3.81,323.12,-65.83,257.29,,,,,
4151,12.27,264.28,15.83,0,0.14,0,8.33,-1.9,11.55,12.63,-69.46,3.81,323.13,-65.65,257.48,,,,,
4161,20.08,261.9,14.69,0,0.02,0,6.32,-2.39,10.7,12.8,-70.11,3.81,324.1,-66.3,257.81,,,,,
4171,11.59,270.22,15.7,0,0.06,0,3.43,-2.12,13.09,13,-69.46,3.81,324.97,-65.65,259.32,,,,,
4181,10.33,261.18,14.75,0,0.02,0,5.99,-2.77,11.21,13.4,-69.45,3.82,314.11,-65.62,248.49,,,,,
4191,15.47,266.93,15.08,0,1.28,0,11.14,-1.97,13.93,13.03,-69.26,3.8,334.89,-65.46,269.43,,,,,
4201,13.85,263.1,16.71,0,0.27,0,6.98,-0.97,10.86,11.62,-69.9,3.79,322.42,-66.11,256.31,,,,,
4211,19.26,267.61,15.11,0,0.06,0,1.6,-2.16,10.73,12,-70.17,3.83,324.21,-66.34,257.87,,,,,
4221,9.64,260.21,15.31,0,0.2,0,8.24,-3.42,15.78,14.55,-68.05,3.81,320.51,-64.23,256.28,,,,,
4231,16.89,260.36,14.11,0,0.01,0,3.36,-1.76,9.34,12.09,-68.62,3.8,314.41,-64.82,249.58,,,,,
4241,5.93,266.05,12.73,0,0.05,0,9.3,-2.95,14.57,13.78,-69.55,3.8,319.47,-65.75,253.72,,,,,
4251,17.54,264.72,16.31,0,0.06,0,5.76,-1.54,9.37,11.69,-68.97,3.82,323.9,-65.15,258.75,,,,,
4261,10.54,265.44,17.36,0,0.08,0,9.25,-2.14,12.85,12.61,-70.11,3.82,325.99,-66.29,259.71,,,,,
4271,20.55,255.15,15.93,0,0.07,0,7.05,-2.02,11.71,12.05,-69.13,3.8,320.49,-65.32,255.17,,,,,
4281,11.05,263.73,14.47,0,0.15,0,5.18,-2.23,13.37,12.46,-69.4,3.83,318.19,-65.58,252.61,,,,,
4291,10.23,275.55,16.14,0,0.05,0,5.68,-3.99,14.39,14.87,-68.43,3.82,332.92,-64.61,268.3,,,,,
4301,12.77,263.36,16.1,0,0.45,0,6.64,-1.91,12.23,12.64,-68.84,3.81,322.28,-65.03,257.25,,,,,
4311,17.99,259.55,15.55,0,0.02,0,3.94,-2.28,11.09,12.64,-68.73,3.81,318.5,-64.91,253.58,,,,,
4321,15.65,267.7,14.95,0,0.31,0,2.84,-2.59,11.6,13.29,-68.18,3.83,323.73,-64.35,259.38,,,,,
4331,12.31,264.01,14.97,0,0.01,0,4.05,-2.13,12.92,12.14,-67.24,3.84,318.28,-63.4,254.88,,,,,
4341,14.11,264.9,14.26,0,0,0,2.88,-2.92,13.07,13.47,-69.47,3.85,319.78,-65.62,254.16,,,,,
4351,8.78,264.76,15.28,0,0.16,0,8.02,-3.52,15.48,14.03,-68.36,3.84,322.99,-64.52,258.48,,,,,
4361,8.48,268.58,17.91,0,0.07,0,2.42,-1.87,14.57,12.88,-69.76,3.82,323.04,-65.94,257.1,,,,,
4371,20.16,265.53,18.59,0,0.36,0,6.84,-2.93,12.64,13.59,-69.23,3.84,334.79,-65.38,269.41,,,,,
4381,11.75,266.13,16.39,0,0.03,0,8.09,-2.41,15.1,12.71,-68.08,3.83,327.79,-64.25,263.55,,,,,
4391,13.41,261.72,17.6,0,0.03,0,6.13,-3.16,12.84,13.27,-69.53,3.82,321.82,-65.71,256.11,,,,,
4401,13.26,266.31,16.96,0,0.01,0,4.57,-2.16,12.23,12.8,-69.25,3.81,323.97,-65.44,258.53,,,,,
4411,16.55,265.99,14.92,0,0.17,0,5.43,-2.06,10.11,12.38,-70.14,3.81,323.49,-66.33,257.16,,,,,
4421,13.09,259.29,14.48,0,0.04,0,4.77,-2.22,11.9,13.23,-70.19,3.83,314.58,-66.36,248.22,,,,,
4431,12.95,259.42,16.82,0,0.18,0,8.02,-2.28,13.17,13.11,-68.38,3.83,321.39,-64.55,256.83,,,,,
4441,8.13,263.09,15.37,0,0.41,0,6.54,-2.4,13.34,13.28,-69.31,3.82,317.75,-65.49,252.26,,,,,
4451,11.36,256.32,15.08,0,0.05,0,7.41,-2.91,12.9,13.19,-69.02,3.83,313.39,-65.19,248.2,,,,,
4461,7.68,265.98,13.38,0,0.09,0,10.03,-1.22,13.05,11.59,-69.93,3.81,320.57,-66.12,254.45,,,,,
4471,15.19,264.8,14.07,0,0.08,0,7.31,-2.04,13.42,12.23,-69.19,3.84,325.05,-65.35,259.69,,,,,
4481,13.12,261.21,16.1,0,0.2,0,5.88,-2.85,11.97,13.36,-69.41,3.8,318.98,-65.61,253.37,,,,,
4491,12.44,259.34,15.59,0,0.01,0,5.68,-1.99,14.07,12.57,-69.25,3.83,317.7,-65.42,252.29,,,,,
4501,13.15,267.87,15.72,0,0.01,0,8.49,-1.81,12.47,12.29,-70.92,3.84,328.18,-67.08,261.1,,,,,
4511,21.97,257.29,17.27,0,0.08,0,5.15,-1.89,13.09,12.52,-69.87,3.78,325.48,-66.09,259.4,,,,,
4521,15.16,265.35,15.21,0,0.04,0,2.34,-2.01,11.55,12.99,-69.47,3.82,320.64,-65.65,254.99,,,,,
4531,12.34,266.32,15.23,0,0.11,0,1.16,-1.99,12.09,12.4,-67.97,3.8,317.66,-64.17,253.49,,,,,
4541,14.84,254.74,14.57,0,0.21,0,9.15,-2.25,12.72,12.93,-67.79,3.81,316.91,-63.98,252.93,,,,,
4551,10.85,261.66,15.42,0,0.22,0,7.53,-0.85,15.09,11.19,-69.92,3.8,321.11,-66.11,255,,,,,
4561,8.78,270.72,14.28,0,0.02,0,5.98,-1.09,12.56,11.87,-70.28,3.83,323.11,-66.45,256.66,,,,,
4571,16.99,265.48,15.7,0,0.03,0,3.42,-2.31,11.13,13.14,-69.38,3.85,323.59,-65.53,258.06,,,,,
4581,9.16,270.24,12.74,0,0.09,0,4.6,-2.8,12.52,13.71,-70.16,3.81,320.26,-66.35,253.91,,,,,
4591,17.43,266.4,17.42,0,0.11,0,1.65,-3.12,12.54,13.89,-67.23,3.8,326.32,-63.42,262.9,,,,,
4601,13.86,269.63,14.1,0,0.06,0,13.83,-2.76,14.15,12.66,-69.82,3.87,335.53,-65.95,269.58,,,,,
4611,11.55,271.83,14.15,0,0.17,0,3.4,-1.98,13.19,12.21,-68.47,3.82,324.52,-64.65,259.87,,,,,
4621,15.13,267.78,16.04,0,0.06,0,6.62,-1.93,12.13,13.1,-70.57,3.83,328.93,-66.74,262.19,,,,,
4631,14.56,265.17,15.37,0,0.17,0,6.8,-2.08,11.95,12.16,-67.79,3.81,324.1,-63.99,260.11,,,,,
4641,9.05,261.29,15.35,0,0.14,0,7.39,-2.27,14.95,11.86,-68.42,3.8,317.76,-64.61,253.15,,,,,
4651,15.11,267.9,16.01,0,0.17,0,4.32,-1.96,11.73,11.6,-69.94,3.83,324.87,-66.12,258.75,,,,,
4661,13.94,262.04,16.11,0,0.1,0,6.54,-2.62,11.38,13.28,-69.25,3.78,320.76,-65.47,255.29,,,,,
4671,13.32,268.83,16.79,0,0.02,0,4.35,-1.87,13.21,12.4,-70.01,3.8,327.05,-66.22,260.83,,,,,
4681,11.14,279.44,14.44,0,0.2,0,4.48,-2.62,11.97,13.01,-70.38,3.81,332.06,-66.56,265.5,,,,,
4691,10.62,261.09,14.69,0,0.04,0,5.28,-1.96,12.57,12.33,-68.95,3.84,314.65,-65.1,249.55,,,,,
4701,14.35,268.23,16.22,0,0.03,0,4.36,-2.67,11.59,12.55,-68.46,3.83,324.68,-64.63,260.05,,,,,
4711,11.57,266.43,16.45,0,0.1,0,4.36,-1.87,15.31,12.64,-69.75,3.79,324.99,-65.96,259.03,,,,,
4721,10.64,272.56,20.26,0,0.04,0,6.08,-1.82,14.74,12.29,-69.84,3.8,334.79,-66.05,268.75,,,,,
4731,12.16,261.58,15.09,0,0.26,0,8.46,-3.14,13.58,13.73,-69.09,3.78,321.73,-65.32,256.42,,,,,
4741,12.79,264.99,13.62,0,0.24,0,8.17,-2.02,14.67,12.24,-68.52,3.85,324.7,-64.67,260.03,,,,,
4751,14.54,262.53,16.97,0,0.05,0,7.2,-2.29,11.56,13.32,-68.25,3.79,323.88,-64.46,259.42,,,,,
4761,13.34,270.2,16.58,0,0.07,0,6.62,-2.22,11.85,12.83,-68.93,3.79,329.26,-65.14,264.13,,,,,
4771,6.4,262.69,16.24,0,0.01,0,8.25,-2.94,14.22,13.74,-68.4,3.82,318.62,-64.58,254.04,,,,,
4781,11.41,270.87,17.42,0,0.04,0,1.64,-3.56,14.05,14.41,-70.84,3.82,326.27,-67.02,259.25,,,,,
4791,11.37,262.11,15.87,0,0.19,0,6.21,-2.35,13.82,12.59,-67.91,3.81,319.81,-64.1,255.71,,,,,
4801,17.08,274.85,15.79,0,0.01,0,6.51,-2.1,9.78,12.69,-67.95,3.81,334.61,-64.15,270.46,,,,,
4811,13.23,270.8,15.55,0,0.16,0,5.95,-2.45,11.66,13.17,-68.69,3.79,328.07,-64.9,263.16,,,,,
4821,10.7,264.99,15.07,0,0.1,0,7.99,-1.62,12.35,12.34,-70.04,3.82,321.91,-66.22,255.7,,,,,
4831,18.43,270.31,14.4,0,0.24,0,3.48,-2.32,10.34,12.61,-71.37,3.86,327.48,-67.51,259.97,,,,,
4841,13.63,268.41,15.25,0,0.48,0,5.21,-2.09,11.83,13.06,-69.5,3.83,325.78,-65.67,260.11,,,,,
4851,11.33,269.44,17.49,0,0.06,0,6.03,-2.84,13.21,13.58,-69.72,3.81,328.29,-65.91,262.38,,,,,
4861,13.43,258.74,16.3,0,0.06,0,4.54,-2.18,13.39,13.03,-69.17,3.83,317.31,-65.35,251.97,,,,,
4871,13.07,260.21,17.44,0,0.15,0,4.95,-2.75,12.8,14.09,-68.82,3.82,319.97,-65,254.97,,,,,
4881,17.04,273.13,20.1,0,0.17,0,4,-1.46,11.38,11.83,-67.59,3.82,336.2,-63.77,272.43,,,,,
4891,11.94,257.11,15.11,0,0.09,0,6.21,-2.05,12.18,12.76,-69.03,3.8,313.34,-65.23,248.12,,,,,
4901,12.73,259.39,13.63,0,0.12,0,6.74,-1.9,13.47,12.2,-69.18,3.82,316.38,-65.36,251.01,,,,,
4911,15.66,265.84,18.22,0,0.11,0,6.61,-2.17,11.99,12.93,-69.43,3.82,329.19,-65.61,263.58,,,,,
4921,17.46,267.23,14.36,0,0.21,0,2.98,-3.55,14.03,14.11,-68.6,3.85,326.84,-64.75,262.09,,,,,
4931,18.68,259.61,14.16,0,0.1,0,6.53,-2.38,11.59,13.2,-69.46,3.78,321.48,-65.67,255.8,,,,,
4941,14.87,267.63,16.41,0,0.04,0,2.52,-1.32,12.82,12.27,-68.89,3.82,325.23,-65.07,260.16,,,,,
4951,16.76,256.22,16.41,0,0.04,0,7.79,-2.42,12.36,12.91,-68.69,3.83,320.06,-64.86,255.2,,,,,
4961,15.54,265.21,16.76,0,0.15,0,6.53,-1.96,13.7,12.2,-68.66,3.81,328.14,-64.85,263.29,,,,,
4971,13.99,268.47,13.99,0,0.22,0,4.55,-2.77,12.81,13.55,-68.86,3.83,324.82,-65.04,259.78,,,,,
4981,15.69,272,15.49,0,0.03,0,2.13,-2.77,13.25,13.24,-70.14,3.83,329.06,-66.31,262.76,,,,,
4991,15.71,274.28,13.08,0,0.06,0,4.51,-2.34,13.89,13.06,-69.33,3.81,332.24,-65.52,266.72,,,,,
5001,10.93,261.91,17.96,0,0.07,0,5.67,-3.06,12.6,14.13,-67.74,3.79,320.21,-63.95,256.26,,,,,
5011,10.71,264.94,15.82,0,0.07,0,6.24,-1.16,14.07,11.98,-69.36,3.84,322.68,-65.52,257.16,,,,,
5021,13.34,261.18,14.08,0,0.07,0,3.98,-2.41,11.99,13.31,-69.88,3.82,315.53,-66.06,249.47,,,,,
5031,13.89,267.44,13.22,0,0.08,0,5.06,-1.51,10.13,11.55,-69.95,3.82,319.85,-66.13,253.72,,,,,
5041,14.51,267.62,16.41,0,0.06,0,5.59,-1.57,12.42,12.07,-69.73,3.82,327.12,-65.91,261.2,,,,,
5051,9.3,267.84,16.29,0,0.02,0,11.52,-2.9,14.16,13.99,-69.24,3.81,330.22,-65.43,264.79,,,,,
5061,14.33,262.59,15.85,0,0.01,0,6.03,-1.85,12.82,12.21,-69.18,3.81,321.99,-65.37,256.62,,,,,
5071,14.98,270.44,13.34,0,0.02,0,3.11,-2.08,12,12.4,-69.31,3.81,324.21,-65.5,258.71,,,,,
5081,15.55,267.53,18.11,0,0.14,0,3.41,-2.59,13.14,12.44,-69,3.8,327.75,-65.19,262.56,,,,,
5091,15.59,259.17,18.16,0,0.08,0,2.07,-2.39,12.44,13.02,-68.61,3.8,318.15,-64.82,253.34,,,,,
5101,27.86,264.83,14.76,0,0.05,0,6.21,-2.73,8.6,13.51,-67.48,3.82,333.09,-63.66,269.42,,,,,
5111,10.42,263.67,15.5,0,0.57,0,2.07,-1.68,11.12,12.73,-68.26,3.82,314.4,-64.44,249.96,,,,,
5121,17.34,264.94,16.14,0,0.05,0,1.43,-3.33,13.03,13.57,-67.4,3.82,323.18,-63.59,259.59,,,,,
5131,15.02,263.93,16.69,0,0.01,0,3.54,-1.78,12.52,12.19,-67.88,3.81,322.11,-64.07,258.04,,,,,
5141,11.98,269.16,14.49,0,0.26,0,6.85,-1.61,11.83,11.91,-70.27,3.8,324.86,-66.47,258.39,,,,,
5151,14.82,265.63,14.09,0,0.18,0,4.54,-1.87,10.8,12.53,-70.01,3.84,320.71,-66.16,254.55,,,,,
5161,13.35,259.94,15.7,0,0.02,0,7.44,-3.74,13.38,14.51,-68.78,3.83,320.6,-64.95,255.65,,,,,
5171,16.14,273.16,15.04,0,0.03,0,0.49,-1.46,11.6,11.59,-67.73,3.81,326.57,-63.92,262.65,,,,,
5181,9.22,269.6,12.25,0,0.2,0,6.9,-1.98,11.42,12.17,-68.52,3.81,319.78,-64.7,255.08,,,,,
5191,13.4,270.29,14.42,0,0.21,0,7.11,-2.22,10.32,13.16,-70.68,3.82,326.69,-66.86,259.83,,,,,
5201,11.88,264.63,13.61,0,0.02,0,8.02,-2.43,12.74,12.58,-68.68,3.82,321.06,-64.86,256.19,,,,,
5211,18.97,260.51,16.15,0,0.26,0,4.67,-1.67,11.94,12.4,-70.69,3.79,323.23,-66.9,256.33,,,,,
5221,12.24,266.33,15.57,0,0.09,0,7.9,-1.97,11.78,12.59,-69.96,3.88,324.52,-66.09,258.44,,,,,
5231,12.42,267.79,16.82,0,0.05,0,3.61,-3.13,14.65,13.8,-68.9,3.8,326.01,-65.1,260.91,,,,,
5241,11.88,272.47,15.88,0,0.27,0,3.69,-1.87,14.24,12.08,-69.88,3.82,328.65,-66.07,262.58,,,,,
5251,12.31,260.43,19.03,0,0.08,0,7.02,-1.17,14.36,11.8,-68.96,3.79,323.86,-65.17,258.69,,,,,
5261,14.3,266.73,15.67,0,0.1,0,5.29,-2.32,12.71,12.9,-69.84,3.83,325.37,-66.01,259.36,,,,,
5271,17.47,264.9,15.23,0,0.02,0,5.44,-2.22,13.98,13.3,-69.53,3.78,328.13,-65.75,262.38,,,,,
5281,17.3,261.7,13.59,0,0.02,0,7.79,-1.47,9.66,12.26,-68.95,3.79,320.86,-65.16,255.7,,,,,
5291,12.31,269.29,14.58,0,0.06,0,4.41,-4.11,13.55,14.3,-67.87,3.8,324.39,-64.08,260.31,,,,,
5301,11.32,269.27,14.09,0,0.67,0,3.89,-2.97,11.06,13.57,-69.05,3.83,320.9,-65.22,255.67,,,,,
5311,10.11,273.76,14.11,0,0.29,0,15.54,-1.31,12,11.33,-69.16,3.82,335.82,-65.34,270.49,,,,,
5321,19.56,266.7,15.3,0,0.04,0,2.87,-2.48,11.6,12.65,-68.98,3.84,326.25,-65.14,261.1,,,,,
5331,16.46,264.49,15.05,0,0.02,0,4.76,-2.53,12.79,12.85,-70.54,3.81,323.89,-66.73,257.16,,,,,
5341,8.6,268.49,15.96,0,0.26,0,4.3,-3.3,13.93,14.55,-69.26,3.83,322.78,-65.43,257.36,,,,,
5351,16.97,261.69,18,0,0.02,0,3.35,-1.94,12.9,12.37,-69.43,3.84,323.34,-65.6,257.75,,,,,
5361,14.05,265.87,17.23,0,0.33,0,7.93,-2.37,13.5,13.2,-69.32,3.81,329.73,-65.51,264.22,,,,,
5371,13.85,265.64,15.65,0,0.51,0,3.33,-2,11.33,12.83,-70.3,3.81,321.14,-66.49,254.65,,,,,
5381,15.52,266.52,17.47,0,0.06,0,1.04,-2.86,13.57,13.1,-69.09,3.82,324.43,-65.27,259.16,,,,,
5391,13.97,263.82,14.5,0,0.05,0,3.28,-2.48,11.2,13,-70.17,3.82,317.34,-66.35,250.99,,,,,
5401,14.2,260.96,15.4,0,0.04,0,5.9,-2.56,12.25,12.7,-66.86,3.8,318.89,-63.07,255.82,,,,,
5411,13.26,273.49,15.08,0,0.12,0,3.58,-2.28,11.07,13.44,-68.97,3.81,327.76,-65.16,262.59,,,,,
5421,15.24,260.81,13.49,0,0.02,0,7.84,-1.57,12.03,11.94,-69.38,3.84,319.79,-65.55,254.25,,,,,
5431,10.89,261.44,18.6,0,0.17,0,9.71,-1.35,13.97,11.24,-69.9,3.82,324.67,-66.08,258.59,,,,,
5441,12.8,273.33,14.75,0,0.03,0,8.28,-2.22,13.37,12.46,-70.07,3.8,332.8,-66.26,266.54,,,,,
5451,17.68,258.14,17.5,0,0.9,0,8.93,-2.47,12.85,13.65,-69.73,3.83,327.19,-65.9,261.3,,,,,
5461,10.86,264.96,16.9,0,0.35,0,0.46,-1.71,13.66,11.66,-67.63,3.84,317.14,-63.79,253.35,,,,,
5471,16.46,260.88,14.91,0,0.07,0,5.86,-1.38,11.21,12.1,-68.16,3.79,320.12,-64.37,255.75,,,,,
5481,12.81,261.09,18.08,0,0.12,0,3.25,-1.6,11.33,12.33,-69.8,3.79,317.41,-66.01,251.4,,,,,
5491,15.29,266.26,16.83,0,0.07,0,4.41,-1.79,14.11,12.49,-69.27,3.82,327.68,-65.45,262.23,,,,,
5501,17.01,261.34,17.75,0,0.07,0,6.97,-3.67,17.7,14.62,-69.38,3.8,331.81,-65.58,266.23,,,,,
5511,12.03,268.41,13.39,0,0.09,0,7.04,-1.94,11.23,12.13,-70.27,3.81,322.39,-66.45,255.94,,,,,
5521,15.4,265.29,18.79,0,0.19,0,6.99,-3.21,13.5,13.94,-68.68,3.81,330.89,-64.87,266.02,,,,,
5531,18.09,271.91,18.41,0,0.03,0,4,-1.79,11,11.53,-68.82,3.8,333.18,-65.02,268.16,,,,,
5541,8.84,262.53,15.59,0,0.03,0,11.12,-2.04,13.33,12.34,-67.86,3.81,321.75,-64.04,257.7,,,,,
5551,15,272.62,15.75,0,0.11,0,7.41,-1.78,13.5,12.22,-68.17,3.85,334.83,-64.33,270.5,,,,,
5561,13.68,265.26,18.55,0,0.23,0,4.89,-2.26,12.23,13.6,-70.85,3.83,326.18,-67.02,259.16,,,,,
5571,13.1,266.76,14.87,0,0.06,0,8.13,-2.28,15.52,13.2,-67.83,3.82,329.36,-64.01,265.35,,,,,
5581,14.89,266.63,16.96,0,0.17,0,7.24,-3.41,12.55,14.35,-70.33,3.82,329.36,-66.5,262.85,,,,,
5591,16.41,257.01,15.85,0,0.26,0,5.22,-2.86,12.83,13.02,-68.48,3.83,317.73,-64.65,253.08,,,,,
5601,17.34,257.83,12.73,0,0.29,0,8.09,-2.11,12.44,12.82,-69.55,3.86,319.44,-65.69,253.74,,,,,
5611,15.18,262.5,20.94,0,0.06,0,4.66,-2.37,11.3,12.51,-68.3,3.81,324.77,-64.49,260.28,,,,,
5621,12.51,258.94,17.33,0,0.36,0,3.59,-2.29,12.34,12.89,-68.84,3.79,315.67,-65.05,250.62,,,,,
5631,12.68,270.08,15.36,0,0.12,0,6.97,-2.78,15.53,13.54,-68.36,3.83,331.51,-64.53,266.98,,,,,
5641,14.4,274.47,14.8,0,0.05,0,5.55,-2.18,13.04,12.75,-68.99,3.82,332.87,-65.17,267.7,,,,,
5651,15.21,272.2,16.81,0,0.16,0,1.97,-2.1,12.3,12.96,-69.69,3.81,329.5,-65.88,263.62,,,,,
5661,12.83,268.91,16.66,0,0.02,0,4.62,-2.02,12.38,12.04,-68.99,3.8,325.44,-65.19,260.26,,,,,
5671,16.46,271.78,17,0,0.58,0,5.2,-2.07,12.2,12.23,-68.54,3.8,333.39,-64.74,268.66,,,,,
5681,12.69,263.89,14.69,0,0.2,0,5.13,-2.35,13.38,13.52,-69.78,3.82,321.15,-65.96,255.19,,,,,
5691,12.3,267.74,15.63,0,0.02,0,2.48,-2.76,14,12.76,-70.22,3.81,322.15,-66.42,255.74,,,,,
5701,12.28,258.11,15.58,0,0.26,0,9.9,-1.78,12.49,12.14,-69.35,3.81,318.98,-65.55,253.43,,,,,
5711,13.69,270.33,16.33,0,0.04,0,3.88,-1.85,13.28,12.39,-69.69,3.82,328.08,-65.87,262.21,,,,,
5721,21.18,256.34,13.51,0,0.1,0,4.24,-1.75,10.69,12.04,-67.85,3.82,316.35,-64.03,252.33,,,,,
5731,12.23,264.53,15.41,0,0.13,0,7.12,-2.57,11.39,13.18,-69.56,3.82,321.43,-65.74,255.69,,,,,
5741,9.07,270.85,17.61,0,0.49,0,6.09,-2.35,11.36,12.9,-70.34,3.82,326.03,-66.52,259.5,,,,,
5751,16.2,268.16,13.26,0,0.02,0,4.82,-1.28,11.81,11.34,-68.69,3.81,324.32,-64.89,259.44,,,,,
5761,17.14,266.62,16.68,0,0.06,0,4.73,-1.91,12.73,12.04,-69.77,3.8,328.08,-65.97,262.11,,,,,
5771,16.11,264.64,16.3,0,0.19,0,5.78,-2.59,12.13,13.41,-69.45,3.8,325.96,-65.65,260.31,,,,,
5781,11.68,259.98,16.67,0,0.05,0,7.49,-2.81,13.26,13.48,-69.24,3.84,319.8,-65.41,254.39,,,,,
5791,14.4,258.79,16.66,0,0.22,0,6.88,-2.33,13.8,12.62,-69.19,3.8,321.05,-65.39,255.66,,,,,
5801,10.45,265.5,14.52,0,0.48,0,9.01,-2.24,14.15,12.55,-69.46,3.84,324.43,-65.63,258.8,,,,,
5811,11.93,264.03,14.87,0,0.06,0,7.86,-2.21,11.55,12.78,-68.87,3.79,320.87,-65.08,255.79,,,,,
5821,10.53,264.89,17.02,0,0.28,0,9.09,-2.59,16.46,13.78,-69.78,3.79,329.45,-65.99,263.46,,,,,
5831,12.65,263.71,17.24,0,0.02,0,5.49,-2.51,14.63,12.87,-68.56,3.8,324.11,-64.75,259.36,,,,,
5841,13.09,266.18,15.14,0,0.14,0,3.49,-2.96,12.73,13.98,-68.59,3.79,321.77,-64.8,256.97,,,,,
5851,12.54,266.8,13.69,0,0.04,0,4.74,-2.4,12.56,13.78,-69.56,3.82,321.75,-65.73,256.01,,,,,
5861,15.73,263.61,16.77,0,0.07,0,1.64,-2.41,12.28,13.56,-69.47,3.79,321.24,-65.69,255.55,,,,,
5871,10.59,261.83,19.49,0,0.08,0,4.18,-3.13,14.03,14.07,-68.25,3.83,321.15,-64.43,256.72,,,,,
5881,21.22,264.99,15.15,0,0.08,0,2.85,-1.66,11.28,12.35,-70.47,3.83,326.26,-66.64,259.63,,,,,
5891,13.68,265.36,14.32,0,0.18,0,4.76,-2.61,12.86,12.24,-69.03,3.8,320.79,-65.23,255.56,,,,,
5901,15.63,261.69,13.49,0,0.01,0,4.39,-3.61,12.61,14.32,-69.25,3.8,318.53,-65.45,253.08,,,,,
5911,12.52,262.51,15.73,0,0.06,0,11.71,-1.63,12.05,12.3,-71.14,3.81,325.25,-67.33,257.92,,,,,
5921,14.12,261.14,15.58,0,0.02,0,6.98,-3.06,15.86,13.69,-69.37,3.8,324.33,-65.57,258.76,,,,,
5931,18.37,261.37,15.26,0,0.05,0,5.54,-2.59,10.6,13.64,-70.09,3.79,322.23,-66.3,255.93,,,,,
5941,9.33,261.99,16.4,0,0.04,0,9.94,-1.61,12.18,11.74,-69.45,3.78,320.01,-65.67,254.34,,,,,
5951,13.59,277.58,14.92,0,0.1,0,10.17,-1.68,12.48,11.99,-69.78,3.8,339.15,-65.99,273.16,,,,,
5961,13.77,259.36,15.95,0,0.37,0,6.67,-2.26,13.88,13.11,-70.67,3.8,320.86,-66.88,253.99,,,,,
5971,25.54,258.87,15,0,0.1,0,4.03,-2.45,9.39,13.93,-69.69,3.8,324.41,-65.89,258.52,,,,,
5981,18.04,272.24,13.62,0,0.05,0,5.84,-1.8,11.64,12.5,-68.43,3.81,332.13,-64.62,267.51,,,,,
5991,12.72,259.14,13.2,0,0.14,0,6.24,-2.5,10.65,13.92,-68.55,3.8,313.52,-64.75,248.77,,,,,
6001,9.21,268.02,15.92,0,0.21,0,6.69,-2.9,14.42,13.74,-68.65,3.82,325.3,-64.83,260.47,,,,,
6011,9.21,264.55,15.82,0,0.03,0,5.5,-3.1,14.63,13.72,-67.02,3.83,320.37,-63.19,257.17,,,,,
6021,11.37,257.42,18.99,0,0.11,0,6,-3.79,13.8,14.77,-68.45,3.83,318.67,-64.62,254.05,,,,,
6031,15,263.13,15.46,0,0.13,0,7.49,-2.84,11.65,13.04,-69.5,3.82,323.05,-65.67,257.38,,,,,
6041,7.85,272.11,15.29,0,0.03,0,4.61,-2.45,13.5,12.68,-69.07,3.82,323.62,-65.25,258.37,,,,,
6051,10.33,260.56,16.6,0,0.36,0,7.19,-3.3,13.65,14.07,-69.91,3.83,319.46,-66.08,253.38,,,,,
6061,13.17,264.22,14.58,0,0.29,0,9.22,-1.61,12.54,12.36,-70.3,3.85,324.77,-66.45,258.32,,,,,
6071,12.01,258.73,17.01,0,0.13,0,9.03,-1.87,11.15,13.08,-69.98,3.82,319.27,-66.16,253.11,,,,,
6081,12.24,259.45,14.84,0,0.2,0,5.91,-1.83,13.62,12.4,-69.19,3.8,316.83,-65.39,251.45,,,,,
6091,13.25,273.7,15.75,0,0.03,0,3.91,-2.43,11.68,12.82,-68.97,3.82,328.72,-65.15,263.57,,,,,
6101,13.52,261.92,15.4,0,0.33,0,4.05,-1.58,11.3,12.07,-69.23,3.84,317.01,-65.39,251.62,,,,,
6111,14.88,267.72,15.68,0,0.28,0,3.73,-2.19,11.49,11.93,-68.74,3.78,323.52,-64.96,258.56,,,,,
6121,13.64,269.24,13.36,0,0.13,0,3.42,-2.26,11.68,12.81,-69.67,3.81,322.01,-65.86,256.15,,,,,
6131,9.9,264.98,18.72,0,0.04,0,5.68,-2.07,11.92,12.5,-70.09,3.81,321.67,-66.28,255.39,,,,,
6141,13.7,258.16,16.27,0,0.11,0,3.61,-1.34,12.62,11.86,-67.71,3.82,314.99,-63.9,251.09,,,,,
6151,14.43,258.53,14.16,0,0.33,0,8.83,-2.58,10.16,13.04,-69.84,3.82,316.91,-66.01,250.9,,,,,
6161,9.91,265.12,14.65,0,0.02,0,4.85,-2.39,12.33,12.83,-69.55,3.8,317.31,-65.75,251.56,,,,,
6171,15.68,277.33,14.86,0,0.02,0,7.12,-2.66,11.9,13.37,-70.56,3.83,337.63,-66.73,270.9,,,,,
6181,17.34,270.15,15.52,0,0.44,0,6.46,-1.29,12.1,11.9,-69.05,3.8,332.62,-65.25,267.37,,,,,
6191,15.61,264.93,17.02,0,0.09,0,2.08,-1.42,11.98,12.2,-69.52,3.81,322.49,-65.71,256.78,,,,,
6201,16.26,264.59,17.31,0,0.39,0,4.03,-1.77,11.71,13.3,-70.49,3.79,325.82,-66.69,259.13,,,,,
6211,16.43,262.36,15.73,0,0.1,0,5.16,-2.59,13.95,12.5,-68.72,3.78,323.63,-64.95,258.68,,,,,
6221,7.1,270.8,14.37,0,0.03,0,7.33,-2.19,16.46,11.93,-68.04,3.81,325.82,-64.23,261.59,,,,,
6231,12.05,268.56,19.77,0,0.14,0,4.31,-2,12.02,12.35,-69.6,3.8,327.2,-65.8,261.4,,,,,
6241,20.86,266.87,18.99,0,0.33,0,1.88,-2.33,12.03,12.56,-69.76,3.81,331.19,-65.95,265.23,,,,,
6251,13.89,262.39,15.22,0,0.18,0,6.66,-2.42,13.29,13.47,-69.02,3.79,322.69,-65.23,257.46,,,,,
6261,10.23,262.69,15.72,0,0.03,0,3.81,-1.33,13.58,11.84,-69.46,3.8,316.56,-65.67,250.9,,,,,
6271,10.86,260.71,14.58,0,0.06,0,8.07,-2.28,11.14,12.64,-68.69,3.82,315.77,-64.87,250.91,,,,,
6281,15.48,270.29,13.94,0,0.2,0,2.61,-2.33,10.84,12.85,-68.37,3.8,323.88,-64.57,259.31,,,,,
6291,10.57,259.25,15.62,0,0.02,0,9.79,-1.78,12.47,13.2,-69.7,3.78,319.14,-65.91,253.22,,,,,
6301,13.22,263.34,16.55,0,0.06,0,5.13,-1.39,13.37,12.06,-68.98,3.82,322.34,-65.16,257.18,,,,,
6311,13.84,267.11,13.62,0,0.04,0,6.5,-1.37,14.03,10.97,-67.64,3.79,324.74,-63.86,260.88,,,,,
6321,15.58,260.29,16.22,0,0.19,0,5.62,-1.89,14.75,11.96,-69.7,3.85,322.73,-65.85,256.87,,,,,
6331,11.65,265.88,14.47,0,0.03,0,10.66,-2.05,12.49,13.48,-70.46,3.83,326.6,-66.63,259.97,,,,,
6341,12.9,265.21,17.41,0,0.03,0,9.85,-2.45,14.22,13.15,-67.98,3.78,330.32,-64.2,266.13,,,,,
6351,10.92,262.18,14.14,0,0.14,0,6.27,-2.12,12.92,12.85,-68.75,3.82,317.3,-64.93,252.36,,,,,
6361,16.47,268.73,17.38,0,0.07,0,3.98,-2.57,12.03,13.56,-69.62,3.82,329.64,-65.8,263.83,,,,,
6371,20.92,266.43,20.61,0,0.21,0,7.08,-2.58,10.22,13.22,-70.3,3.8,336.1,-66.5,269.6,,,,,
6381,11.73,264.17,14.76,0,0.17,0,4.69,-1.79,11.35,12.79,-69.3,3.81,317.86,-65.49,252.37,,,,,
6391,12.5,262.56,14.77,0,0.05,0,6.5,-1.61,13.58,12.39,-70.35,3.84,320.73,-66.51,254.22,,,,,
6401,18.15,260.73,15.6,0,0.05,0,4.38,-1.98,9.35,12.38,-69.29,3.8,318.65,-65.48,253.17,,,,,
6411,20.39,269.6,14.25,0,0.18,0,8.22,-1.93,13.23,11.9,-69.23,3.83,335.86,-65.4,270.46,,,,,
6421,12.32,255.7,16.15,0,0.26,0,8.37,-2.7,12.93,13.77,-68.97,3.78,316.79,-65.19,251.6,,,,,
6431,8.07,268.01,14.11,0,0.05,0,6.32,-2.32,12.16,13.05,-70.02,3.79,319.44,-66.23,253.21,,,,,
6441,14.32,259.8,15.48,0,0.82,0,3.32,-2.26,13.9,12.31,-67.14,3.82,317.69,-63.32,254.37,,,,,
6451,7.33,254.78,16.71,0,0.13,0,10.51,-2.19,15.36,12.9,-69.5,3.84,315.54,-65.66,249.88,,,,,
6461,14.56,265.78,14.71,0,0.04,0,4.67,-3.11,13.09,14.2,-70.52,3.83,323.93,-66.69,257.25,,,,,
6471,15.51,260.96,17.25,0,0.34,0,7.47,-2.18,11.58,12.61,-68.88,3.83,323.55,-65.05,258.5,,,,,
6481,13.5,262.47,17.07,0,0.2,0,9.12,-2.61,13.31,13.65,-68.45,3.8,326.71,-64.64,262.06,,,,,
6491,9.51,270.39,16.84,0,0.32,0,4.37,-1.42,16.79,11.23,-69.84,3.83,328.02,-66.02,262.01,,,,,
6501,9.08,267.44,15.89,0,0.2,0,7.21,-2.44,14.5,13.36,-69.07,3.82,325.23,-65.25,259.99,,,,,
6511,13.54,261.75,11.95,0,0.02,0,5.81,-2.68,12.54,12.65,-68.89,3.82,315.58,-65.07,250.51,,,,,
6521,15.21,272.33,16.29,0,0.11,0,2.77,-2.88,11.83,13.09,-68.59,3.83,328.75,-64.76,263.99,,,,,
6531,11.3,268.25,15.43,0,0.13,0,11.3,-1.57,12.46,12.47,-68.83,3.81,329.76,-65.02,264.75,,,,,
6541,12.55,272.95,13.54,0,0.03,0,6,-2.12,12.55,12.86,-69.1,3.81,328.36,-65.29,263.07,,,,,
6551,13.68,266.47,15.03,0,0.19,0,4.04,-1.98,11.94,12.7,-68.15,3.85,322.06,-64.29,257.77,,,,,
6561,13.65,267.63,17.94,0,0.1,0,5.88,-2.08,13.71,12.54,-69.53,3.85,329.38,-65.67,263.71,,,,,
6571,13.42,260.5,14.3,0,0,0,7.27,-1.6,12.55,12.54,-71.11,3.81,318.98,-67.3,251.69,,,,,
6581,11.82,267.73,15.58,0,0.02,0,1.09,-2.38,14,12.76,-66.63,3.8,320.62,-62.82,257.8,,,,,
6591,10.9,262.3,16.5,0,0.31,0,7.48,-2.08,14.89,12.4,-69.7,3.81,322.7,-65.89,256.8,,,,,
6601,19.2,273.63,18.21,0,0.11,0,7.13,-2.74,11.39,13.55,-69.86,3.78,340.49,-66.07,274.42,,,,,
6611,11.7,263.35,15.59,0,0.09,0,3.35,-2.18,11.68,12.47,-69.47,3.83,316.07,-65.65,250.42,,,,,
6621,14.15,267.37,14.42,0,0.02,0,4.86,-2.2,11.85,12.77,-68.7,3.8,323.23,-64.9,258.33,,,,,
6631,10.17,270.44,13.74,0,0.09,0,7.3,-2.49,12.91,13.35,-69.9,3.81,325.51,-66.08,259.42,,,,,
6641,10.09,260.18,17.98,0,0.01,0,8.86,-2.68,15.31,13.14,-67.97,3.82,322.88,-64.15,258.74,,,,,
6651,17.43,265.24,13.83,0,0.11,0,5.96,-2.6,10.8,13.72,-68.45,3.8,324.5,-64.66,259.84,,,,,
6661,17.5,264.7,14.99,0,0.15,0,12.07,-2.65,12.95,12.07,-67.47,3.82,331.78,-63.65,268.13,,,,,
6671,12.04,269.1,17.71,0,0.34,0,5.22,-1.21,12.11,11.59,-69.67,3.8,326.9,-65.87,261.03,,,,,
6681,14.78,262.25,16.07,0,0.01,0,7.17,-2.11,9.18,12.54,-69.34,3.82,319.9,-65.52,254.38,,,,,
6691,16.46,272.56,14.03,0,0.03,0,7.79,-3.03,13.08,13.74,-68.66,3.83,334.66,-64.83,269.82,,,,,
6701,16.9,267.76,18.42,0,0.03,0,4.45,-1.7,13.95,12.02,-69.33,3.82,331.84,-65.51,266.33,,,,,
6711,13.39,261.05,16.36,0,0.21,0,5.14,-1.58,12.69,12.54,-69.36,3.82,319.8,-65.54,254.25,,,,,
6721,16.84,272.31,15.45,0,0.01,0,3.95,-2.32,11.48,12.73,-70.38,3.82,330.44,-66.56,263.88,,,,,
6731,10.13,277.64,16.78,0,0.1,0,4.43,-1.88,14.72,12.34,-68.79,3.82,334.25,-64.97,269.28,,,,,
6741,12.34,261.09,13.3,0,0.25,0,10.18,-2.17,13.94,13.17,-69.2,3.81,322.1,-65.39,256.71,,,,,
6751,13.14,270.91,14.89,0,0.03,0,1.64,-1.8,11.58,12.85,-69.4,3.82,323.25,-65.58,257.67,,,,,
6761,20.15,273.9,13.53,0,0.03,0,6.45,-3.2,10.73,13.43,-69.24,3.81,335.02,-65.43,269.58,,,,,
6771,5.35,263.76,14.05,0,0.31,0,8.18,-2.58,12.79,13.25,-69.08,3.83,315.12,-65.25,249.87,,,,,
6781,12.69,265.58,13.51,0,0.16,0,5.06,-1.51,11.36,12.91,-70.94,3.82,319.77,-67.11,252.65,,,,,
6791,14.66,262.52,17.93,0,1.04,0,6.01,-2.33,12.12,13.29,-69.08,3.81,325.23,-65.27,259.96,,,,,
6801,13.18,269.11,16.14,0,0.75,0,3.69,-2.63,12.53,13.22,-67.89,3.83,325.99,-64.06,261.93,,,,,
6811,16.66,269.31,12.59,0,0.12,0,5.15,-2.85,15.7,12.74,-70.48,3.85,329.44,-66.64,262.8,,,,,
6821,14.14,275.66,14.39,0,0.02,0,8.08,-3.15,11.57,13.8,-69.59,3.81,334.53,-65.78,268.75,,,,,
6831,13.8,260.95,19.75,0,0.07,0,3.26,-2.47,12.83,13.44,-69.2,3.81,321.62,-65.39,256.23,,,,,
6841,16.5,260.64,14.11,0,0.01,0,2.91,-1.86,11.26,12.44,-69.85,3.8,316,-66.04,249.95,,,,,
6851,18.52,259.05,12.45,0,0.04,0,8.09,-1.71,10.91,12.08,-69.36,3.79,319.43,-65.57,253.85,,,,,
6861,16.35,269.13,15.58,0,0.04,0,9.98,-0.88,10.53,11.57,-70.34,3.77,332.29,-66.57,265.72,,,,,
6871,13.79,258.84,15.56,0,0.08,0,10.71,-2.53,12.01,13.83,-69.76,3.81,322.31,-65.95,256.35,,,,,
6881,17.48,273.43,16.2,0,0.02,0,2.85,-2.62,13.12,12.8,-70.56,3.81,333.27,-66.75,266.52,,,,,
6891,8.63,259.77,20.39,0,0.21,0,9.17,-1.9,13.57,12.6,-69.47,3.8,322.44,-65.67,256.77,,,,,
6901,13.21,269.27,18.18,0,0.4,0,2.81,-2.03,11.64,12.74,-69.05,3.82,326.22,-65.23,260.99,,,,,
6911,16.08,261.48,19.61,0,0.12,0,8.24,-2.56,13.62,13.64,-68.65,3.79,330.22,-64.86,265.36,,,,,
6921,21.65,259.92,14.29,0,0.03,0,3.99,-2.64,10.82,14.29,-68.48,3.8,322.35,-64.68,257.66,,,,,
6931,15.2,262.71,16.85,0,0.04,0,5.18,-2.94,13.7,13.18,-69.01,3.82,323.92,-65.19,258.73,,,,,
6941,8.59,268.21,15.22,0,0.22,0,4.32,-3.13,15.06,13.49,-68.47,3.78,321.98,-64.69,257.29,,,,,
6951,13.83,267.36,12.89,0,0.15,0,7.39,-2.66,11.09,13.82,-69.32,3.85,323.85,-65.47,258.38,,,,,
6961,16.59,260.88,14.66,0,0.41,0,7.49,-2.09,9.57,12.9,-69.25,3.79,320.41,-65.46,254.95,,,,,
6971,17.2,265.84,14.99,0,0.09,0,8.22,-2.32,10.86,13.35,-70.12,3.82,328.22,-66.31,261.92,,,,,
6981,12.36,267.22,14.32,0,0.01,0,7.69,-2.55,12.46,12.77,-69.03,3.8,324.27,-65.23,259.04,,,,,
6991,12.31,273.43,15.58,0,0.01,0,4.92,-2.79,12.79,13.3,-68.78,3.82,329.55,-64.96,264.59,,,,,
7001,9.39,262.4,13.94,0,0,0,10.31,-1.9,12.8,12.34,-69.87,3.84,319.29,-66.02,253.26,,,,,
7011,8.87,266.38,20.12,0,0.46,0,6.62,-1.91,14.86,12.77,-70.29,3.82,328.17,-66.47,261.7,,,,,
7021,15.2,274.4,14.31,0,0.28,0,2.73,-3.13,12.96,14.01,-68.36,3.8,330.76,-64.56,266.19,,,,,
7031,17.24,265.15,18.16,0,0.28,0,5.94,-2.71,13.43,13.27,-68.64,3.8,330.75,-64.84,265.91,,,,,
7041,14.33,264.35,15.46,0,0.53,0,6.64,-1.44,12.49,11.89,-68.97,3.83,324.25,-65.15,259.1,,,,,
7051,19.87,258.33,17.32,0,0.29,0,7.46,-2.17,13.85,12.48,-67.75,3.82,327.42,-63.93,263.49,,,,,
7061,11.54,261.18,12.66,0,0.45,0,6.54,-2.29,12.95,12.87,-69.55,3.82,315.88,-65.73,250.15,,,,,
7071,12.49,266.88,15.54,0,0.04,0,4.58,-2.39,14.18,12.86,-69.45,3.81,324.18,-65.64,258.54,,,,,
7081,10.79,259.34,14.07,0,0.17,0,8.33,-2.14,13.5,12.96,-69.02,3.83,317.01,-65.2,251.81,,,,,
7091,17.67,261.37,17.26,0,0.03,0,6.05,-2.41,12.18,13.07,-69.44,3.82,325.22,-65.62,259.6,,,,,
7101,15.26,268.28,14.95,0,0.09,0,10.15,-2.01,12.75,13.48,-69.95,3.81,332.95,-66.14,266.81,,,,,
7111,15.87,265.48,13.21,0,0.07,0,5.84,-1.83,10.66,13.09,-69.66,3.83,322.38,-65.83,256.55,,,,,
7121,14.47,275.09,13.91,0,0.23,0,5.57,-1.91,11.72,12.91,-70.69,3.79,331.99,-66.9,265.09,,,,,
7131,10.87,271.14,17.42,0,0.04,0,5.92,-2.31,13.52,12.74,-67.92,3.78,329.35,-64.14,265.21,,,,,
7141,7.89,261.69,16.69,0,0.13,0,6.45,-1.86,10.5,12.9,-70.69,3.82,314.38,-66.87,247.51,,,,,
7151,14.06,260.96,15.18,0,0.89,0,7.55,-1.45,13.05,11.29,-69.66,3.83,321.52,-65.83,255.69,,,,,
7161,12.82,261.87,14.48,0,0.12,0,8.63,-2.29,11.6,12.98,-69.24,3.81,320.21,-65.43,254.78,,,,,
7171,15.9,269.99,17.51,0,0.19,0,2.43,-1.71,12.78,11.5,-70.66,3.81,328.59,-66.85,261.74,,,,,
7181,14.62,257.95,14.35,0,0.06,0,13.17,-1.87,13.48,12.86,-68.87,3.79,324.62,-65.08,259.54,,,,,
7191,11.91,267.22,15.23,0,0,0,3.76,-1.89,12.44,12.42,-69.35,3.83,321.1,-65.52,255.58,,,,,
7201,13.93,268.25,18.71,0,0.56,0,7.62,-2.19,13.09,13.44,-70.58,3.79,333.4,-66.79,266.61,,,,,
7211,14.8,262.76,16.19,0,0.76,0,3.26,-2.35,14.19,13.69,-70.35,3.81,323.29,-66.55,256.75,,,,,
7221,13.82,256.98,14.01,0,0.28,0,10.03,-2.19,11.63,12.88,-69.28,3.79,317.44,-65.5,251.95,,,,,
7231,18.32,262.55,14.03,0,0.57,0,3.71,-2.23,10.94,12.67,-69.48,3.79,320.57,-65.69,254.88,,,,,
7241,18.74,264.51,15.39,0,0.19,0,4.96,-2.38,12.52,12.87,-70.11,3.81,326.81,-66.3,260.51,,,,,
7251,13.34,263.08,16.1,0,1.23,0,10.42,-2.61,11.8,12.98,-68.62,3.79,326.35,-64.83,261.52,,,,,
7261,10.97,264.79,15.28,0,0.05,0,8.2,-1.76,13.51,11.86,-68.7,3.83,322.91,-64.87,258.05,,,,,
7271,17.49,260.96,17.98,0,0.11,0,6.22,-2.68,11.99,13.69,-68.47,3.82,325.76,-64.65,261.11,,,,,
7281,8.28,262.48,16.72,0,0.07,0,6.01,-2.3,14.32,13.66,-70.54,3.83,319.24,-66.71,252.53,,,,,
7291,17.44,278.41,17.35,0,0.12,0,3.17,-0.92,13.11,11.61,-69.84,3.8,340.29,-66.03,274.25,,,,,
7301,16.32,269.39,13.14,0,0.01,0,5.19,-1.43,11.38,11.33,-68.8,3.82,325.33,-64.99,260.35,,,,,
7311,10.71,271,18.21,0,0.21,0,4.65,-0.79,11.19,11.27,-69.39,3.82,326.45,-65.57,260.88,,,,,
7321,18.3,265.8,16.51,0,0.07,0,6.02,-1.78,9.53,12.92,-69.51,3.8,327.37,-65.7,261.66,,,,,
7331,19.99,270.99,18.6,0,0.36,0,2.19,-1.34,11.5,11.46,-69.73,3.84,333.74,-65.88,267.86,,,,,
7341,10.54,266.56,16.63,0,0,0,7.32,-1.92,11.92,12.52,-67.94,3.81,323.56,-64.13,259.43,,,,,
7351,14,261.69,16.72,0,0.07,0,7.54,-2.59,13.1,13.59,-70.65,3.82,324.13,-66.84,257.29,,,,,
7361,11.92,263.55,13.92,0,0.68,0,7.5,-1.24,13.44,12,-69.21,3.78,321.77,-65.42,256.35,,,,,
7371,12.96,265.69,17.09,0,0.44,0,4.14,-2.12,13.5,12.56,-68.85,3.83,324.27,-65.01,259.26,,,,,
7381,14.31,269.45,16.52,0,0.06,0,5.66,-1.14,12.1,11.36,-70.28,3.82,328.32,-66.46,261.86,,,,,
7391,13.99,258.63,16.71,0,1.34,0,4.76,-2.05,11.41,12.5,-69.18,3.81,317.3,-65.37,251.92,,,,,
7401,14.07,271.74,15.25,0,0.24,0,8.63,-2.39,12.94,13.2,-69.3,3.81,333.68,-65.49,268.18,,,,,
7411,14.15,267.88,13.74,0,0.04,0,6.65,-2.05,12.09,13.27,-68.53,3.81,325.77,-64.73,261.05,,,,,
7421,15.2,267.68,17.84,0,0.07,0,2.28,-3.28,12.12,14.26,-69.54,3.83,326.19,-65.71,260.48,,,,,
7431,20.04,275.68,14.53,0,0.09,0,1.66,-1.89,10.6,12.69,-70.62,3.81,333.4,-66.82,266.58,,,,,
7441,12.98,262.78,17.15,0,0.07,0,3.76,-2.29,12.99,12.9,-69.72,3.82,320.34,-65.9,254.44,,,,,
7451,16.91,260.5,16.55,0,0.06,0,4.04,-2.56,12.94,13.05,-68.98,3.81,321.48,-65.17,256.31,,,,,
7461,13.07,264.11,16.12,0,0.1,0,4.29,-1.79,12.61,12.7,-69.24,3.81,321.23,-65.42,255.8,,,,,
7471,9.03,274.46,14.18,0,0.35,0,3.05,-1.67,13.51,11.93,-70.14,3.82,324.85,-66.32,258.53,,,,,
7481,12.57,260.17,13.75,0,0.05,0,5.35,-2.53,13.11,12.74,-67.32,3.79,315.2,-63.52,251.68,,,,,
7491,11.23,266.03,13.63,0,0.26,0,4.92,-2.66,11.72,13.3,-69.56,3.8,318.44,-65.76,252.69,,,,,
7501,7.26,259.38,14.93,0,0.08,0,11.56,-2.11,13.88,12.77,-69.22,3.81,317.73,-65.41,252.33,,,,,
7511,13.49,272.44,16.64,0,0.01,0,2.3,-1.99,11.86,12.84,-70.43,3.78,327.58,-66.64,260.93,,,,,
7521,14.05,267.33,14.61,0,0.06,0,8.34,-1.15,10.85,11.53,-69.3,3.8,325.61,-65.5,260.11,,,,,
7531,7.77,270.31,15.06,0,0.06,0,4.48,-1.12,12.56,11.66,-69.62,3.82,320.78,-65.79,254.99,,,,,
7541,17.8,266.65,17.11,0,0.24,0,6.39,-2.56,13.38,13.49,-69.61,3.81,332.49,-65.8,266.68,,,,,
7551,11.15,270.59,13.7,0,0.11,0,5.84,-3.05,12.84,14.36,-68.34,3.84,325.54,-64.5,261.04,,,,,
7561,13.43,268.39,16.81,0,0.04,0,5.12,-2.73,13.6,13.4,-69.53,3.82,328.06,-65.7,262.35,,,,,
7571,14.64,260.34,14.31,0,0.21,0,7.48,-3.05,12.54,13.96,-69.35,3.83,320.43,-65.52,254.9,,,,,
7581,10.3,268.18,16.47,0,0.08,0,7.29,-1.56,13.46,12.3,-70.54,3.82,326.51,-66.72,259.79,,,,,
7591,16.73,265.59,15.65,0,0.23,0,3.66,-2.01,11.64,11.96,-68.94,3.82,323.45,-65.12,258.33,,,,,
7601,12.24,268.44,17.41,0,0.11,0,8.82,-2.03,13.41,13.02,-70.95,3.8,331.43,-67.15,264.28,,,,,
7611,10.05,260.85,15.1,0,0.1,0,14.53,-2.19,12.18,12.91,-69.07,3.8,323.51,-65.27,258.25,,,,,
7621,19.02,267.22,15.23,0,0.18,0,5.21,-1.97,11.05,11.82,-69.02,3.8,327.76,-65.21,262.55,,,,,
7631,13.37,264.98,15.38,0,0.07,0,2.69,-1.99,10.84,12.52,-70.15,3.81,317.85,-66.34,251.51,,,,,
7641,15.66,266.66,15.43,0,0.13,0,5.22,-1.71,10.59,12.23,-69.8,3.8,324.2,-66,258.2,,,,,
7651,12.97,270.33,13.82,0,0.14,0,9.44,-2.59,11.46,13.65,-70.44,3.79,329.2,-66.66,262.55,,,,,
7661,14.79,266.24,15.64,0,0.03,0,6.72,-2.85,14.33,13.47,-69.91,3.83,328.37,-66.08,262.29,,,,,
7671,18.02,260.99,15.6,0,0.02,0,5.34,-1.7,11.25,12.16,-70.08,3.78,321.68,-66.3,255.39,,,,,
7681,12.02,268.5,16.67,0,0.43,0,5.05,-1.75,13.82,11.92,-69.97,3.83,326.65,-66.15,260.5,,,,,
7691,15.52,265.95,14.78,0,0.01,0,4.17,-3.19,11.99,13.27,-70.05,3.81,322.5,-66.24,256.26,,,,,
7701,18.23,266.14,20.77,0,0.06,0,7.98,-1.64,12.86,12.15,-69.59,3.81,336.56,-65.78,270.78,,,,,
7711,13.52,267.35,13.13,0,0.13,0,5.75,-1.15,11.37,11.24,-69.23,3.8,321.35,-65.43,255.92,,,,,
7721,14.19,258.96,16.24,0,0.19,0,8.11,-0.99,14.05,11.65,-69.43,3.84,322.4,-65.59,256.81,,,,,
7731,12.08,259.98,17.35,0,0.01,0,3.72,-1.94,13.56,12.47,-69.4,3.81,317.24,-65.59,251.65,,,,,
7741,16.11,266.63,15.51,0,0.18,0,0.01,-2.14,12.7,13,-69.61,3.82,321.99,-65.79,256.2,,,,,
7751,17.65,263.71,16.27,0,0.11,0,10.38,-2.29,12.91,13.17,-69.24,3.83,331.92,-65.41,266.51,,,,,
7761,15.31,265.12,14.25,0,0,0,7.29,-2.1,11,11.61,-68.98,3.83,322.48,-65.15,257.33,,,,,
7771,13.1,276.25,15.08,0,0.22,0,2.08,-1.72,13.88,12.36,-69.15,3.82,331.24,-65.33,265.91,,,,,
7781,13.07,268.39,17.32,0,0.03,0,4.27,-1.74,11.66,12.46,-69.2,3.81,325.46,-65.39,260.07,,,,,
7791,10.48,269.41,16.42,0,0.2,0,4.5,-2.09,12.64,12.52,-69.82,3.82,324.1,-66,258.09,,,,,
7801,20.21,270.92,14.3,0,0.13,0,6.25,-2.2,10.58,12.57,-70.38,3.85,332.76,-66.53,266.24,,,,,
7811,19.83,266.16,15.67,0,0.27,0,5.97,-1.48,8.78,11.51,-69.14,3.82,326.71,-65.32,261.4,,,,,
7821,15.97,265.43,14.59,0,0.04,0,6.38,-1.92,11.45,11.86,-70.07,3.83,323.8,-66.24,257.56,,,,,
7831,10.49,265.28,15.17,0,0.02,0,7.62,-2.39,13.88,12.48,-69.61,3.83,322.55,-65.78,256.77,,,,,
7841,17.45,259.91,15.2,0,0.09,0,1.17,-2.43,12.31,13.08,-69.65,3.82,316.78,-65.83,250.94,,,,,
7851,15.69,262.38,16.97,0,0.02,0,3.69,-2.01,12.98,13.05,-69.24,3.82,322.78,-65.42,257.36,,,,,
7861,9.2,267.07,13.22,0,0.02,0,10.03,-2.05,12.9,13.06,-69.9,3.8,323.44,-66.1,257.35,,,,,
7871,14.81,259.89,14.51,0,0.09,0,9.62,-1.73,11.79,11.82,-68.95,3.8,320.81,-65.15,255.65,,,,,
7881,18.42,273.67,15.26,0,0.17,0,3.83,-0.9,12.55,11.06,-71.47,3.83,334.06,-67.64,266.42,,,,,
7891,11.07,263.79,16.21,0,0.69,0,6.66,-1.79,11.86,12.29,-69.43,3.8,320.77,-65.63,255.14,,,,,
7901,12.5,265.72,16.93,0,0.02,0,7.94,-2.12,13.75,12.94,-68.82,3.84,327.69,-64.99,262.7,,,,,
7911,12.25,266.1,15.37,0,0.07,0,10.25,-2.29,13.1,12.9,-70.53,3.84,327.75,-66.69,261.06,,,,,
7921,15.66,261.22,15.1,0,0.16,0,1.35,-1.26,13.48,11.68,-69.82,3.83,317.4,-65.98,251.41,,,,,
7931,13.4,272.24,13.8,0,0.01,0,5.98,-2.16,12.56,13.12,-68.97,3.83,328.95,-65.14,263.81,,,,,
7941,13.07,270.73,14.82,0,0.14,0,8.65,-2.53,11.4,13.48,-69.85,3.84,329.76,-66.02,263.74,,,,,
7951,15.16,264.88,17.1,0,0.06,0,2.05,-2.54,14.14,13.63,-68.56,3.82,324.48,-64.74,259.74,,,,,
7961,14.98,265.42,15.21,0,0.17,0,10.96,-2.72,12.95,12.92,-68.69,3.81,329.88,-64.87,265,,,,,
7971,16.09,269.36,14.26,0,0.01,0,3.83,-2.41,14.38,13.07,-69.28,3.8,328.59,-65.48,263.12,,,,,
7981,16.3,265.67,15.66,0,0.01,0,2.5,-2.33,11.26,12.45,-68.27,3.8,321.52,-64.47,257.06,,,,,
7991,17.63,262.96,16.02,0,0.16,0,5.22,-2.58,10.85,13.14,-68.95,3.82,323.4,-65.13,258.27,,,,,
8001,12.53,259.8,16.21,0,0,0,7.21,-1.5,10.67,11.95,-69.58,3.82,316.86,-65.76,251.11,,,,,
8011,13.59,267.2,14.44,0,0.21,0,6.8,-3.44,15.57,14.53,-69.69,3.8,328.91,-65.89,263.02,,,,,
8021,14.78,258.33,16.65,0,0.07,0,5.89,-2.1,10.99,12.48,-69.65,3.8,317.09,-65.85,251.24,,,,,
8031,8.34,269.37,14.52,0,0.07,0,9.12,-1.71,13.5,11.92,-68.6,3.8,325.12,-64.8,260.33,,,,,
8041,11.4,268.88,16.55,0,0.08,0,5.46,-2.08,13.58,12.17,-68.31,3.81,326.03,-64.5,261.53,,,,,
8051,19.77,264.96,14.96,0,0.04,0,2.01,-1.84,10.92,12.33,-70.01,3.8,323.15,-66.21,256.94,,,,,
8061,14.03,267.86,15.9,0,0.06,0,4.46,-2.83,13.37,13.86,-68.69,3.83,326.71,-64.85,261.86,,,,,
8071,9.7,256.93,15.51,0,0.15,0,5.99,-1.88,12.66,12.7,-70.42,3.85,311.76,-66.57,245.19,,,,,
8081,15.01,263.37,14.89,0,0.25,0,6.89,-2.65,11.14,12.81,-69.09,3.81,321.71,-65.28,256.42,,,,,
8091,12.25,278.41,16.5,0,0.05,0,1.85,-2.38,11.43,13.34,-69.45,3.82,331.45,-65.63,265.82,,,,,
8101,9.92,261.9,15,0,0.21,0,5.28,-1.52,11.17,12.05,-68.44,3.78,314.02,-64.66,249.36,,,,,
8111,18.02,255.32,15.71,0,0.23,0,4.94,-2.27,13.89,12.77,-69.16,3.81,318.62,-65.36,253.26,,,,,
8121,12.84,263.4,15.88,0,0.08,0,3.07,-1.48,11.1,12.41,-69.82,3.83,317.3,-65.99,251.3,,,,,
8131,12.34,278.81,16.4,0,0.04,0,1.31,-1.81,12.56,12.2,-70.32,3.83,331.85,-66.49,265.36,,,,,
8141,12.62,273.44,14.65,0,0.34,0,3.94,-2.61,12.18,13.59,-68.19,3.81,328.14,-64.37,263.76,,,,,
8151,11.5,263.9,14.08,0,0.15,0,8.52,-2.06,12.12,12.78,-70.96,3.82,321,-67.13,253.87,,,,,
8161,12.57,264.4,16.56,0,0.36,0,5.63,-3.43,13.77,14.51,-67.37,3.8,324.36,-63.57,260.79,,,,,
8171,11.35,266.3,18.98,0,0.07,0,5.11,-1.29,13.95,11.56,-69.6,3.81,326.03,-65.78,260.25,,,,,
8181,20.53,263.81,16.74,0,0.35,0,1.95,-2.34,11.34,12.86,-69.3,3.81,325.26,-65.49,259.77,,,,,
8191,13.93,261.39,16.65,0,0.22,0,2.46,-1.91,11.86,12.07,-68.1,3.8,316.68,-64.3,252.38,,,,,
8201,17.41,260.49,16.8,0,0.05,0,7.54,-1.02,12.04,11.7,-69.72,3.8,325.03,-65.93,259.1,,,,,
8211,11.84,263.61,17.07,0,0.7,0,4.92,-1.92,11.57,12.85,-68.98,3.78,320.64,-65.2,255.44,,,,,
8221,13.25,269,14.23,0,0.42,0,5.32,-2.06,12.82,13.31,-69.88,3.8,326.3,-66.07,260.22,,,,,
8231,13.59,274.11,13.49,0,0.01,0,4.21,-2.57,11.88,12.79,-69.41,3.81,327.52,-65.6,261.92,,,,,
8241,15.04,270.61,15.15,0,0.2,0,4.06,-1.59,13.37,12.64,-70.88,3.81,329.47,-67.07,262.4,,,,,
8251,12.84,259.91,17.89,0,0.08,0,9.72,-1.72,12.56,12.69,-69.14,3.79,323.96,-65.35,258.61,,,,,
8261,12.08,259.5,17.28,0,0.32,0,11,-2.77,14.71,13.25,-69.74,3.85,325.37,-65.89,259.48,,,,,
8271,11.47,260.26,14.42,0,0.13,0,6.3,-2.11,14.02,12.74,-67.83,3.79,317.23,-64.04,253.19,,,,,
8281,20.2,260.03,19.5,0,0.09,0,6.48,-2.95,12.62,13.77,-69.52,3.78,329.74,-65.74,264,,,,,
8291,11.9,267.34,15.42,0,0.04,0,4.81,-2.71,12.62,13.53,-70.03,3.81,322.95,-66.22,256.73,,,,,
8301,11.78,268.04,17.92,0,0,0,3.5,-1.43,13.02,12.25,-69.26,3.76,325.07,-65.5,259.57,,,,,
8311,18.45,265.18,16.22,0,0.12,0,8.36,-3.42,12.72,13.81,-69.71,3.83,331.43,-65.88,265.55,,,,,
8321,16.07,266.46,14.87,0,0.03,0,1.89,-2.85,12.55,13.54,-69.2,3.82,322.56,-65.38,257.19,,,,,
8331,17.29,263.73,18.62,0,0.74,0,2.96,-2.85,11.73,13.38,-69.93,3.81,325.59,-66.12,259.47,,,,,
8341,12.01,269.97,15.9,0,0.03,0,7.01,-2.19,13.8,12.48,-69,3.81,329,-65.19,263.81,,,,,
8351,14.93,265.12,14.5,0,0.1,0,7.61,-2.28,13.93,12.98,-68.94,3.82,326.91,-65.13,261.78,,,,,
8361,19.39,264.14,16.01,0,0.02,0,2.81,-2.83,11.62,13.87,-69.74,3.84,325.03,-65.9,259.13,,,,,
8371,12.2,265.02,14.18,0,0.09,0,6.39,-1.87,12.06,11.95,-70.21,3.82,320.02,-66.39,253.63,,,,,
8381,13.14,273.8,16.33,0,0.24,0,4.72,-2,13.26,12.21,-70.09,3.79,331.71,-66.29,265.42,,,,,
8391,15.99,263.6,17.18,0,0.2,0,6.29,-2.42,13.08,13.07,-69.55,3.82,326.99,-65.73,261.26,,,,,
8401,9.8,261.9,15.34,0,0.25,0,5.96,-2.39,15.06,12.5,-68.41,3.82,318.42,-64.59,253.83,,,,,
8411,15.09,265.86,14.57,0,0.04,0,5.39,-2.86,11.91,14.24,-69.93,3.8,324.24,-66.13,258.11,,,,,
8421,12.74,267.38,18.25,0,0.12,0,2.75,-1.83,16.71,12,-69.27,3.81,328.11,-65.46,262.65,,,,,
8431,9.25,263.79,14.76,0,0.04,0,9.38,-1.62,12.23,12.03,-68.62,3.83,319.86,-64.79,255.07,,,,,
8441,12.9,264.46,15.85,0,0.13,0,3.61,-1.19,14.24,11.44,-68.34,3.8,321.43,-64.54,256.9,,,,,
8451,13.4,262.44,16.21,0,0.27,0,7.5,-2.32,15.71,13.07,-70.54,3.79,326.28,-66.75,259.53,,,,,
8461,17.9,265.45,16.51,0,0.08,0,5.11,-3.41,13.64,14.09,-69.74,3.82,329.36,-65.91,263.44,,,,,
8471,12.09,267.11,15.69,0,0.25,0,7.5,-1.6,13.69,12.23,-67.97,3.81,326.95,-64.16,262.79,,,,,
8481,17.05,264.36,15.76,0,0.03,0,6.93,-2.39,12.19,13.13,-68.57,3.83,327.06,-64.74,262.32,,,,,
8491,15.57,273.22,15.41,0,0.05,0,1.03,-1.56,11.73,11.91,-68.87,3.81,327.35,-65.07,262.29,,,,,
8501,16.84,271.88,15.68,0,0.03,0,1.59,-2.14,12.34,12.09,-69.17,3.83,328.32,-65.33,262.98,,,,,
8511,15.14,268.85,16.69,0,0.07,0,3.23,-2.63,12.16,13.54,-69.77,3.83,327.04,-65.94,261.1,,,,,
8521,11.98,265.89,14.77,0,0.33,0,10.54,-2.11,14.05,12.06,-69.28,3.8,327.52,-65.48,262.04,,,,,
8531,16.23,271.82,14.25,0,0.25,0,5.06,-3.68,13.46,14.88,-67.83,3.8,332.28,-64.03,268.25,,,,,
8541,11.9,268.87,14.88,0,0.06,0,6.28,-2.14,12.53,12.64,-69.4,3.82,325.02,-65.57,259.45,,,,,
8551,12.11,268.5,18.58,0,0.08,0,4.95,-2.07,14.51,12.42,-68.3,3.82,329.08,-64.47,264.61,,,,,
8561,11.99,270.05,18.63,0,0.02,0,10.78,-1.7,12.55,12.55,-71.26,3.81,334.87,-67.45,267.42,,,,,
8571,11.56,267.15,13.72,0,0.14,0,5.84,-2.45,12.61,13.43,-69.86,3.81,322.01,-66.05,255.95,,,,,
8581,15.27,268.13,17.72,0,0.8,0,5.38,-3.09,14.4,14.2,-69.14,3.8,332.82,-65.33,267.49,,,,,
8591,11.87,266.37,17.71,0,0.16,0,7.68,-2.25,12.67,12.91,-69.92,3.8,327.12,-66.12,260.99,,,,,
8601,15.27,276.91,18.1,0,0.2,0,3.63,-2.01,13.75,12.97,-70.39,3.8,338.84,-66.59,272.25,,,,,
8611,14.57,256.98,16.73,0,0.12,0,5.36,-2.85,13.86,13.42,-69.21,3.79,318.18,-65.42,252.76,,,,,
8621,19.35,258.96,15.53,0,0.17,0,8.69,-3.72,12.99,14.98,-69.17,3.8,326.94,-65.37,261.58,,,,,
8631,14.05,277.32,15.44,0,0.06,0,4.22,-3.24,13.49,13.51,-70.77,3.81,334.83,-66.95,267.88,,,,,
8641,14.01,260.45,14.73,0,0.44,0,9.11,-2.66,15.38,13.76,-68,3.81,325.22,-64.19,261.04,,,,,
8651,10.12,268.29,15.34,0,0.07,0,6.41,-1.27,15.55,11.23,-68.56,3.84,325.75,-64.72,261.03,,,,,
8661,14.2,264.1,17.55,0,0.27,0,12.6,-1.49,9.82,12.35,-69.9,3.79,329.4,-66.1,263.3,,,,,
8671,10.55,258.81,14.47,0,0.14,0,9,-2.28,15.48,12.54,-69.09,3.8,318.71,-65.29,253.42,,,,,
8681,11.79,260.53,16.1,0,0.33,0,6.59,-3.03,15.5,14.02,-69.26,3.85,321.85,-65.41,256.44,,,,,
8691,10.05,253.26,17.77,0,0.03,0,6.25,-1.99,14.41,12.22,-69.37,3.8,312,-65.57,246.43,,,,,
8701,11.7,263.25,13.38,0,0.04,0,8.29,-2.17,14.94,12.25,-67.89,3.82,321.68,-64.07,257.61,,,,,
8711,19.79,261.66,15.35,0,0.16,0,2.36,-2.48,11.72,13.26,-68.61,3.77,321.81,-64.84,256.97,,,,,
8721,8.86,265.75,16.06,0,0.14,0,9.25,-2.05,12.99,13.4,-69.35,3.79,324.39,-65.56,258.84,,,,,
8731,24.89,268.95,16.77,0,0.36,0,5.2,-1.55,11.69,12.42,-70.28,3.81,338.73,-66.46,272.27,,,,,
8741,7.73,259.67,17.1,0,0.5,0,11.11,-2.16,13.8,13.04,-68.7,3.83,320.78,-64.86,255.92,,,,,
8751,7.93,268,15.15,0,0.11,0,5.63,-2.63,13.86,13.27,-69.54,3.83,321.31,-65.7,255.61,,,,,
8761,13.94,259.9,16.86,0,0.32,0,4.47,-2.5,12.94,12.71,-69.72,3.84,318.63,-65.88,252.75,,,,,
8771,15.12,265.93,15.11,0,0.02,0,9.81,-2.84,11.86,13.85,-68.52,3.81,328.86,-64.71,264.14,,,,,
8781,13.33,266.35,17.11,0,0.3,0,2.81,-3.8,14.85,13.98,-69.2,3.84,324.93,-65.36,259.57,,,,,
8791,17.91,267.25,15.57,0,0.17,0,7.77,-2.16,12.27,12.69,-70.02,3.83,331.47,-66.2,265.27,,,,,
8801,8.98,267.8,15.75,0,0.01,0,5.74,-2.14,14.88,13.09,-70.14,3.83,324.12,-66.31,257.8,,,,,
8811,13.41,263.64,14.44,0,0.02,0,8.33,-2.11,12.73,12.1,-69.57,3.83,322.57,-65.75,256.82,,,,,
8821,14.4,266.15,13.78,0,0.05,0,3.66,-2.95,12.24,13.67,-69.63,3.81,321,-65.82,255.18,,,,,
8831,15.57,265.06,14.41,0,0.09,0,8.5,-2.11,12.56,12.51,-68.69,3.81,326.6,-64.89,261.71,,,,,
8841,19.83,262.83,16.49,0,0.02,0,5,-2.67,11.76,13.73,-67.94,3.79,326.98,-64.15,262.83,,,,,
8851,17.01,268.98,13.23,0,0.14,0,3.51,-2.23,9.16,12.16,-68.76,3.8,321.97,-64.95,257.01,,,,,
8861,13.22,267.06,17.13,0,0.14,0,3.48,-1.95,12.41,12.71,-69.7,3.83,324.22,-65.87,258.35,,,,,
8871,17,268.83,13.95,0,0.03,0,6.79,-2.02,14.06,11.95,-69.23,3.87,330.59,-65.36,265.22,,,,,
8881,15.12,263.66,16,0,0.2,0,7.08,-2.09,13.46,12.61,-70.87,3.81,326.05,-67.06,258.99,,,,,
8891,13.26,265.66,15.22,0,0.03,0,0.86,-2.56,12.71,13.13,-70.21,3.82,318.3,-66.39,251.91,,,,,
8901,13.32,265.68,15.62,0,0.34,0,7.86,-2.44,13.52,12.49,-70.75,3.85,326.38,-66.9,259.47,,,,,
8911,12.09,268.15,12.12,0,0.06,0,6.66,-2.04,12.27,12.87,-69.4,3.81,322.17,-65.6,256.58,,,,,
8921,11.7,262.33,15.32,0,0.05,0,7.2,-0.74,14.68,10.75,-70.53,3.82,321.28,-66.71,254.57,,,,,
8931,16.23,267.66,15.19,0,0.17,0,7.26,-3.05,13.07,13.7,-70.35,3.82,330.23,-66.53,263.7,,,,,
8941,18.17,269.9,15.67,0,0.04,0,2.7,-2.66,11.34,13.39,-68.8,3.81,328.54,-64.99,263.55,,,,,
8951,14.27,265.45,14.72,0,0.04,0,11.12,-1.41,12.51,12.06,-68.7,3.84,328.76,-64.86,263.89,,,,,
8961,15.78,265.33,19.34,0,0.02,0,7.16,-1.9,10.66,12.52,-70.13,3.79,328.91,-66.33,262.58,,,,,
8971,11.9,268.35,14,0,0.24,0,5.59,-3.13,13.14,13.9,-68.59,3.83,323.99,-64.76,259.23,,,,,
8981,13.92,262.97,18.31,0,0.09,0,1.69,-1.64,12.79,12.08,-69.68,3.79,320.2,-65.89,254.31,,,,,
8991,12.16,268.97,16.55,0,0.02,0,5.95,-2.38,13.74,12.55,-68.56,3.79,327.56,-64.77,262.79,,,,,
9001,10.26,264.38,13.93,0,0.02,0,7.72,-2.58,14.87,12.92,-69.26,3.8,321.52,-65.46,256.07,,,,,
9011,13.59,268,16.67,0,0.25,0,5.12,-2.09,12.82,12.39,-67.98,3.81,326.77,-64.17,262.6,,,,,
9021,12.69,276.82,15.58,0,0.24,0,3.09,-1.92,13.2,11.86,-70.75,3.85,331.57,-66.9,264.67,,,,,
9031,12.33,265.75,16.68,0,0.21,0,2.46,-2.25,13.67,13.32,-69.21,3.83,322.16,-65.38,256.78,,,,,
9041,16.72,267.31,16.63,0,0.08,0,2.11,-2.91,11.98,13.24,-69.61,3.83,325.16,-65.78,259.39,,,,,
9051,12.27,265.6,13.97,0,0.01,0,8.74,-2.07,13.43,12.74,-69.44,3.84,324.69,-65.6,259.08,,,,,
9061,14.59,258.43,17.75,0,0.02,0,5.45,-2.44,15.28,12.98,-68.2,3.79,322.07,-64.41,257.66,,,,,
9071,7.67,268.21,15.45,0,0.27,0,7.06,-2.5,12.36,13.03,-69.74,3.83,321.55,-65.91,255.64,,,,,
9081,18.49,268.11,15.29,0,0.46,0,8.09,-2,12.45,12.18,-68.32,3.8,333.07,-64.52,268.55,,,,,
9091,15.28,276.91,15.41,0,0.02,0,4.14,-2.31,12.43,12.78,-69.48,3.8,334.64,-65.68,268.96,,,,,
9101,17.38,265.94,16.8,0,0.15,0,3.71,-2.75,13.31,13.94,-68.9,3.83,328.47,-65.07,263.4,,,,,
9111,9.37,274.21,14.1,0,0.52,0,4.5,-2.78,13.11,13.97,-68.89,3.79,326.99,-65.1,261.89,,,,,
9121,9.34,267.19,16.95,0,0.03,0,6.73,-2.29,12.74,12.74,-69.3,3.82,323.43,-65.48,257.95,,,,,
9131,12.31,270.1,15.16,0,0.03,0,3.59,-2.95,14.88,12.78,-66.89,3.8,325.89,-63.09,262.8,,,,,
9141,13.22,272.47,13.8,0,0.54,0,8.11,-1.19,11.31,12.26,-70.16,3.8,330.53,-66.36,264.17,,,,,
9151,11.64,259.93,14.41,0,0.02,0,11.78,-2.4,13.92,12.42,-69.73,3.81,321.72,-65.92,255.8,,,,,
9161,14.83,264.46,15.45,0,0.01,0,5.62,-3.02,12.65,14.19,-68.76,3.79,324.19,-64.97,259.22,,,,,
9171,21.84,254.86,16.48,0,0.06,0,12.16,-2.63,13.77,13.88,-69.28,3.79,330.43,-65.49,264.94,,,,,
9181,14.73,263.17,16.44,0,1.4,0,4.92,-1.99,11.83,12.16,-70.9,3.8,322.66,-67.1,255.56,,,,,
9191,13.48,260.73,17.69,0,0.14,0,7.56,-1.02,13.11,11.25,-69.41,3.83,322.94,-65.58,257.36,,,,,
9201,11.27,269.68,13.78,0,0.07,0,7.81,-1.59,12.48,12.05,-68.29,3.81,325.55,-64.48,261.07,,,,,
9211,13.36,267.63,17.14,0,0.06,0,3.07,-1.61,11.59,12.37,-69.81,3.8,323.61,-66.01,257.6,,,,,
9221,11.73,269.82,17.65,0,0.07,0,2.96,-2.03,13.59,11.86,-69.22,3.81,325.65,-65.41,260.23,,,,,
9231,11,271.65,16.47,0,0.12,0,4.5,-2.08,12.34,12.77,-69.04,3.79,326.77,-65.25,261.52,,,,,
9241,12.32,258.88,17.88,0,0.16,0,9.33,-3.38,15.72,14.77,-68.23,3.83,325.68,-64.41,261.27,,,,,
9251,18.44,268.63,17.38,0,0.43,0,4.47,-2.76,12.37,13.77,-70.08,3.79,332.74,-66.29,266.45,,,,,
9261,17.19,268.17,19.17,0,0.24,0,4.3,-2.33,10.78,13.28,-70.31,3.77,330.8,-66.54,264.26,,,,,
9271,18.5,266.62,14.57,0,0.01,0,4.7,-2.34,12.1,12.61,-68.66,3.82,326.78,-64.85,261.93,,,,,
9281,10.83,263.09,16.55,0,0.01,0,4,-2.13,13.98,12.95,-68.57,3.81,319.28,-64.75,254.52,,,,,
9291,11.76,265.23,16.91,0,0.36,0,4.66,-2.03,14.2,12.33,-70.64,3.85,323.41,-66.79,256.62,,,,,
9301,13.37,264.92,16.05,0,0.04,0,4.97,-2.16,11.9,12.68,-69.76,3.85,321.78,-65.91,255.86,,,,,
9311,16.9,271.27,14.8,0,0.91,0,-0.68,-1.89,10.14,12.69,-68.81,3.8,324.15,-65.01,259.14,,,,,
9321,21.07,263.29,17.67,0,0.44,0,8.18,-2.52,12.64,13.09,-69.64,3.86,333.87,-65.78,268.09,,,,,
9331,11.42,264.47,15.66,0,0.17,0,11.55,-1.18,13.67,11.74,-70.31,3.8,327.51,-66.51,260.99,,,,,
9341,12.84,280.92,18.67,0,0.03,0,6.29,-1.28,12.64,11.69,-69.83,3.83,341.8,-66,275.79,,,,,
9351,16.37,260.06,17.2,0,0.04,0,11.08,-0.57,12.77,11.16,-69.12,3.8,328.1,-65.33,262.77,,,,,
9361,17.2,273.93,14.15,0,0.02,0,6.07,-2.36,10.85,12.95,-69.97,3.85,332.81,-66.11,266.69,,,,,
9371,14.26,264.7,16.31,0,0.39,0,6.9,-1.8,13.19,12.04,-69.45,3.85,325.98,-65.6,260.38,,,,,
9381,12.38,266.03,18.82,0,0.12,0,2.88,-2.44,13.98,12.99,-69.46,3.81,324.77,-65.65,259.12,,,,,
9391,17.6,264.24,16.74,0,0.12,0,4.35,-1.25,12.59,11.81,-68.12,3.83,326.2,-64.29,261.91,,,,,
9401,11.81,260.66,14.89,0,0.09,0,6.93,-1.65,11.83,12.39,-69.7,3.8,316.97,-65.91,251.06,,,,,
9411,9.72,259.89,16.57,0,0.02,0,7.46,-3.05,14.18,13.69,-68.65,3.83,318.49,-64.83,253.67,,,,,
9421,11.73,271.79,14.59,0,0.06,0,10.4,-1.94,16.81,12.48,-69.83,3.83,335.92,-66,269.92,,,,,
9431,16.81,262.56,15.85,0,0.3,0,4.45,-1.97,12.12,12.6,-67.65,3.8,322.71,-63.85,258.86,,,,,
9441,13.73,265.65,14.91,0,0.23,0,3.61,-2.29,10.73,12.84,-69.33,3.82,319.41,-65.51,253.9,,,,,
9451,10.36,269.25,18.84,0,0.39,0,3.1,-2.51,13.87,14.05,-68.82,3.82,327.35,-65,262.35,,,,,
9461,11.37,263.62,16.54,0,0.07,0,7.27,-1.86,14.57,12.03,-69.89,3.79,323.61,-66.1,257.51,,,,,
9471,12.5,258.67,14.57,0,0.18,0,5.64,-2.21,13.24,12.74,-68.86,3.81,315.34,-65.05,250.28,,,,,
9481,12.79,270.15,16.62,0,0.05,0,3.68,-2.16,12.53,12.25,-69.91,3.84,325.91,-66.07,259.84,,,,,
9491,13.8,270.98,14.19,0,0,0,5.25,-2.62,10.45,13.05,-69.95,3.8,325.1,-66.15,258.95,,,,,
9501,11.31,263.32,14.7,0,0.06,0,7.4,-1.68,12.85,12.52,-69.52,3.8,320.48,-65.73,254.75,,,,,
9511,14.66,263,13.63,0,0.06,0,3.74,-2.33,10.85,13.14,-69.22,3.81,316.76,-65.4,251.36,,,,,
9521,12.91,269.87,13.33,0,0.01,0,8.06,-2.31,13.2,12.69,-69.58,3.85,327.77,-65.73,262.04,,,,,
9531,14.71,258.06,13.72,0,0.03,0,8.67,-2.56,12.75,12.75,-69.68,3.83,318.13,-65.85,252.28,,,,,
9541,14.46,268.84,18.58,0,0.17,0,5.44,-2.54,13.68,13.17,-68.8,3.82,331.8,-64.99,266.81,,,,,
9551,15.53,263.26,14.05,0,0.24,0,9.17,-2.26,12.38,12.95,-70.48,3.84,325.31,-66.64,258.67,,,,,
9561,9.26,272.46,14.48,0,0.61,0,4.19,-1.82,13.15,11.7,-69.12,3.79,324.02,-65.33,258.69,,,,,
9571,8.42,268.83,15.03,0,0.06,0,3.05,-2.2,13.31,13.05,-69.59,3.82,319.56,-65.77,253.78,,,,,
9581,16.87,258.67,15.06,0,0.06,0,11.29,-1.84,13.31,12.33,-70.61,3.79,325.76,-66.82,258.94,,,,,
9591,12.41,265.15,16.32,0,0.2,0,5.53,-1.98,12.5,13.12,-69.62,3.84,323.24,-65.78,257.46,,,,,
9601,9.3,261.91,13.64,0,0.01,0,6.65,-3.01,12.86,12.88,-68.84,3.81,314.25,-65.03,249.22,,,,,
9611,10.01,269.19,15.87,0,0.46,0,8.08,-1.33,10.87,11.3,-70.01,3.82,324.46,-66.19,258.26,,,,,
9621,15.24,262.04,17.18,0,0.05,0,7.28,-2.45,11.34,13,-69.37,3.82,323.68,-65.55,258.13,,,,,
9631,16.47,264.15,18.83,0,0.21,0,3.46,-1.17,13.43,11.51,-70.56,3.81,326.89,-66.75,260.14,,,,,
9641,14.32,262.72,16.43,0,0.19,0,7.35,-2.38,13.33,12.29,-68.53,3.81,324.23,-64.71,259.52,,,,,
9651,13.93,263.38,18.44,0,0.04,0,4.44,-2.15,16.15,12.4,-69.57,3.82,326.62,-65.75,260.88,,,,,
9661,10.96,271.12,16.89,0,0.02,0,6.37,-2.78,12.74,13.34,-70.33,3.81,328.67,-66.52,262.14,,,,,
9671,8.95,267.22,14.03,0,0.08,0,5.73,-3.23,13.44,13.96,-69.26,3.82,320.17,-65.44,254.73,,,,,
9681,15.5,269.79,15.16,0,0.31,0,9.01,-2.64,13.13,13.25,-68.62,3.81,333.52,-64.82,268.71,,,,,
9691,16.47,263.24,14.82,0,0.49,0,9.66,-2.22,11.59,13.16,-68.72,3.79,327.22,-64.94,262.28,,,,,
9701,12.23,265.5,19.32,0,0.13,0,5.75,-2.64,12.33,13.89,-69.74,3.85,326.51,-65.89,260.63,,,,,
9711,15.37,270.11,13.69,0,0.12,0,5.55,-2,13.66,12.12,-69.45,3.81,328.62,-65.64,262.98,,,,,
9721,19.81,264.73,15.65,0,0.06,0,2.38,-1.94,11.45,12.54,-69.88,3.82,324.68,-66.07,258.62,,,,,
9731,9.9,264.69,18.68,0,0.08,0,4.63,-2.96,14.49,12.93,-69.22,3.85,322.44,-65.37,257.08,,,,,
9741,11.66,268.37,15.51,0,0.01,0,4.89,-2.99,12.3,13.4,-70.19,3.86,323.15,-66.32,256.83,,,,,
9751,15.64,268.34,14.6,0,0.2,0,8.63,-1.92,12.51,12.4,-69.67,3.8,330.4,-65.87,264.53,,,,,
9761,12.71,256.08,16.52,0,0.39,0,3.77,-2.65,12.94,13.25,-69.62,3.83,313.01,-65.79,247.22,,,,,
9771,18.9,262.36,13.92,0,0.01,0,4.36,-3.16,10.64,13.82,-70.21,3.79,320.85,-66.42,254.43,,,,,
9781,20.75,258.5,19.9,0,0.29,0,5.2,-2.88,11.9,14.02,-68.99,3.81,327.68,-65.18,262.49,,,,,
9791,13.58,266.17,13.65,0,0.15,0,7.36,-2.87,13.04,13.76,-68.55,3.79,324.84,-64.76,260.09,,,,,
9801,8.85,264.66,15.94,0,0.12,0,5.34,-2.08,15.22,12.6,-69.29,3.79,320.64,-65.5,255.14,,,,,
9811,17.57,269.07,15.5,0,0.25,0,4.03,-1.91,11.22,12.8,-70.11,3.8,328.53,-66.3,262.23,,,,,
9821,14.95,266.99,16.62,0,0.01,0,6.22,-2.17,11.01,12.27,-69.22,3.79,325.91,-65.43,260.48,,,,,
9831,9.34,265.55,15.83,0,0.42,0,6,-2.7,13.42,13.62,-69.31,3.8,321.48,-65.5,255.97,,,,,
9841,16.36,262.86,15.88,0,0.02,0,5.2,-3.4,13.89,14.3,-68.91,3.81,325.09,-65.1,259.99,,,,,
9851,17,272.02,17.5,0,0.27,0,2.79,-1.95,12.45,12.72,-71.33,3.84,332.81,-67.49,265.32,,,,,
9861,9.69,262.95,14.82,0,0.24,0,4.17,-1.82,11.13,12.15,-69.28,3.82,313.32,-65.45,247.87,,,,,
9871,17.12,267.59,18.31,0,0.48,0,1.83,-2.49,11.29,13.16,-69.54,3.81,327.29,-65.73,261.56,,,,,
9881,11.22,266.54,15.43,0,0.11,0,9.4,-2.32,12.28,12.63,-69.53,3.83,325.3,-65.69,259.61,,,,,
9891,14.18,261.91,15.56,0,0.1,0,2.46,-2.29,11.19,13.45,-69.92,3.8,316.55,-66.12,250.43,,,,,
9901,14.93,265.96,14.38,0,0.08,0,6.49,-2.09,11.98,12.96,-70.55,3.81,324.69,-66.74,257.95,,,,,
9911,11.12,268.21,16.31,0,0.07,0,6.2,-2.59,10.84,13.89,-70.82,3.81,324.05,-67.02,257.04,,,,,
9921,14.89,269.36,15.92,0,0.06,0,4.45,-2.43,10.51,12.65,-70.7,3.83,325.41,-66.87,258.54,,,,,
9931,9.75,272.14,14.37,0,0.21,0,6.69,-1.93,14.73,12.79,-71.27,3.8,328.75,-67.47,261.28,,,,,
9941,16.12,257.19,13.72,0,0.09,0,9.09,-2.59,11.55,13.4,-67.53,3.8,318.57,-63.72,254.85,,,,,
9951,12.63,261.68,12.88,0,0.02,0,8.87,-0.87,10.73,10.59,-69.9,3.82,316.51,-66.08,250.43,,,,,
9961,12.18,270.62,15.79,0,0.01,0,4.56,-1.33,14.12,11.53,-67.98,3.79,327.48,-64.19,263.29,,,,,
9971,15.67,263.92,17.41,0,0.49,0,5.7,-1.57,11.82,11.86,-68.88,3.8,325.31,-65.08,260.24,,,,,
9981,11.45,264.23,16.28,0,0.32,0,6.36,-2.54,13.44,13.07,-68.71,3.83,322.6,-64.88,257.72,,,,,
9991,14.19,274.89,16.22,0,0.47,0,3.26,-2.73,11.33,13.68,-69.95,3.82,331.3,-66.12,265.18,,,,,
10001,12.96,264.25,14.93,0,0.02,0,4.45,-3.2,13.15,14.44,-68.92,3.83,320.99,-65.1,255.9,,,,,
,,,,,,,,,,,,,,,,,,,,
Delta Energy Terms,,,,,,,,,,,,,,,,,,,,
Frame #,BOND,ANGLE,DIHED,UB,IMP,CMAP,VDWAALS,EEL,1-4 VDW,1-4 EEL,EGB,ESURF,GGAS,GSOLV,TOTAL,,,,,
1,0,0,0,0,0,0,-44.55,-124.13,0,0,144.6,-5.11,-168.68,139.49,-29.19,,,RUN 2,AVE,STDV
11,0,0,0,0,0,0,-47.24,-119.64,0,0,142.26,-5.42,-166.88,136.83,-30.05,,,VDWAALS,-40.66851149,2.396464246
21,0,0,0,0,0,0,-47.47,-127.68,0,0,148.88,-5.46,-175.15,143.42,-31.73,,,EEL,-130.0613187,9.719281376
31,0,0,0,0,0,0,-49.22,-140.12,0,0,160.9,-5.6,-189.34,155.29,-34.04,,,GSOLV,143.8014685,8.926493945
41,0,0,0,0,0,0,-41.58,-134.31,0,0,154.44,-5.09,-175.9,149.35,-26.54,,,GBIND,-26.92833167,2.731623348
51,0,0,0,0,0,0,-43.83,-139.77,0,0,160.8,-5.43,-183.6,155.37,-28.23,,,,,
61,0,0,0,0,0,0,-42.94,-143.32,0,0,163.58,-5.26,-186.26,158.31,-27.95,,,,,
71,0,0,0,0,0,0,-44.81,-144.24,0,0,165.92,-5.28,-189.05,160.64,-28.42,,,,,
81,0,0,0,0,0,0,-44.35,-146.45,0,0,164.71,-5.33,-190.8,159.38,-31.43,,,,,
91,0,0,0,0,0,0,-43.38,-141.73,0,0,162.6,-5.36,-185.11,157.24,-27.87,,,,,
101,0,0,0,0,0,0,-43.26,-135.73,0,0,155.52,-5.05,-178.99,150.47,-28.52,,,,,
111,0,0,0,0,0,0,-40.18,-140.71,0,0,161.33,-4.98,-180.89,156.35,-24.54,,,,,
121,0,0,0,0,0,0,-42.26,-139.82,0,0,158.36,-4.92,-182.08,153.44,-28.63,,,,,
131,0,0,0,0,0,0,-41.45,-138.12,0,0,159.25,-4.98,-179.57,154.27,-25.3,,,,,
141,0,0,0,0,0,0,-42.31,-143.06,0,0,162.3,-4.97,-185.37,157.32,-28.05,,,,,
151,0,0,0,0,0,0,-42.25,-145.44,0,0,165.08,-5.16,-187.68,159.91,-27.77,,,,,
161,0,0,0,0,0,0,-42.15,-132.61,0,0,151.9,-4.86,-174.76,147.04,-27.72,,,,,
171,0,0,0,0,0,0,-43.37,-142.11,0,0,161,-4.95,-185.48,156.05,-29.43,,,,,
181,0,0,0,0,0,0,-47.08,-142.96,0,0,164.29,-5.56,-190.04,158.73,-31.31,,,,,
191,0,0,0,0,0,0,-46.44,-139.95,0,0,158.79,-5,-186.39,153.8,-32.6,,,,,
201,0,0,0,0,0,0,-40.29,-146.47,0,0,164.26,-4.55,-186.76,159.71,-27.05,,,,,
211,0,0,0,0,0,0,-44.14,-143.03,0,0,160.61,-4.69,-187.17,155.92,-31.24,,,,,
221,0,0,0,0,0,0,-41.21,-134.29,0,0,152.29,-4.54,-175.5,147.75,-27.75,,,,,
231,0,0,0,0,0,0,-40.67,-141.25,0,0,157.98,-4.83,-181.92,153.15,-28.77,,,,,
241,0,0,0,0,0,0,-37.58,-151.22,0,0,171.35,-4.73,-188.81,166.62,-22.19,,,,,
251,0,0,0,0,0,0,-39.42,-137.01,0,0,153.8,-4.42,-176.44,149.38,-27.05,,,,,
261,0,0,0,0,0,0,-40.62,-150.11,0,0,168.18,-4.94,-190.73,163.24,-27.49,,,,,
271,0,0,0,0,0,0,-40.24,-146.62,0,0,164.21,-4.94,-186.87,159.27,-27.59,,,,,
281,0,0,0,0,0,0,-40.57,-147.42,0,0,165.03,-4.83,-187.99,160.2,-27.78,,,,,
291,0,0,0,0,0,0,-43.04,-129.94,0,0,149.24,-4.84,-172.98,144.4,-28.58,,,,,
301,0,0,0,0,0,0,-42.39,-133.06,0,0,152.41,-4.84,-175.45,147.57,-27.88,,,,,
311,0,0,0,0,0,0,-40.11,-138.21,0,0,157.41,-4.83,-178.31,152.58,-25.73,,,,,
321,0,0,0,0,0,0,-41.8,-123.79,0,0,143.8,-4.61,-165.58,139.19,-26.39,,,,,
331,0,0,0,0,0,0,-41.34,-138.58,0,0,157,-4.57,-179.92,152.42,-27.49,,,,,
341,0,0,0,0,0,0,-40.64,-143.44,0,0,161.39,-4.91,-184.08,156.47,-27.61,,,,,
351,0,0,0,0,0,0,-39.69,-136.58,0,0,155.73,-4.74,-176.28,150.99,-25.29,,,,,
361,0,0,0,0,0,0,-40.42,-140.32,0,0,156.27,-4.81,-180.75,151.46,-29.28,,,,,
371,0,0,0,0,0,0,-42.18,-125.85,0,0,147.4,-4.86,-168.03,142.54,-25.49,,,,,
381,0,0,0,0,0,0,-40.35,-131.33,0,0,149.37,-4.58,-171.68,144.79,-26.89,,,,,
391,0,0,0,0,0,0,-40.36,-143.62,0,0,162.61,-4.71,-183.97,157.9,-26.07,,,,,
401,0,0,0,0,0,0,-40.54,-142.44,0,0,161.05,-4.73,-182.98,156.32,-26.66,,,,,
411,0,0,0,0,0,0,-40.98,-138.53,0,0,158.88,-4.89,-179.51,153.99,-25.52,,,,,
421,0,0,0,0,0,0,-39.87,-141.74,0,0,160.51,-4.82,-181.6,155.69,-25.91,,,,,
431,0,0,0,0,0,0,-41.52,-142.16,0,0,161.51,-4.76,-183.67,156.75,-26.92,,,,,
441,0,0,0,0,0,0,-38.74,-147.78,0,0,168.15,-4.96,-186.52,163.19,-23.33,,,,,
451,0,0,0,0,0,0,-42.74,-137.16,0,0,156.63,-5.04,-179.9,151.6,-28.3,,,,,
461,0,0,0,0,0,0,-41.52,-137.01,0,0,155.88,-4.75,-178.53,151.13,-27.4,,,,,
471,0,0,0,0,0,0,-41.48,-151.55,0,0,168.52,-4.9,-193.03,163.62,-29.41,,,,,
481,0,0,0,0,0,0,-41.51,-140.83,0,0,160.49,-4.87,-182.35,155.62,-26.73,,,,,
491,0,0,0,0,0,0,-40.95,-134.17,0,0,152.77,-4.87,-175.12,147.9,-27.22,,,,,
501,0,0,0,0,0,0,-41.99,-147.31,0,0,165.81,-4.97,-189.3,160.84,-28.46,,,,,
511,0,0,0,0,0,0,-42.23,-138.69,0,0,158.7,-4.9,-180.92,153.81,-27.12,,,,,
521,0,0,0,0,0,0,-40.22,-137.84,0,0,156.44,-4.65,-178.06,151.8,-26.26,,,,,
531,0,0,0,0,0,0,-39.67,-143.44,0,0,161.45,-4.62,-183.12,156.83,-26.28,,,,,
541,0,0,0,0,0,0,-40.61,-143.04,0,0,163.73,-5.19,-183.65,158.54,-25.11,,,,,
551,0,0,0,0,0,0,-39.32,-149.19,0,0,167.37,-4.5,-188.51,162.86,-25.65,,,,,
561,0,0,0,0,0,0,-38.64,-131.5,0,0,150.35,-4.46,-170.14,145.88,-24.25,,,,,
571,0,0,0,0,0,0,-40.02,-132.91,0,0,151.87,-4.43,-172.93,147.44,-25.49,,,,,
581,0,0,0,0,0,0,-41.34,-127.75,0,0,147.82,-4.58,-169.09,143.25,-25.84,,,,,
591,0,0,0,0,0,0,-36.95,-129.39,0,0,149,-4.67,-166.34,144.33,-22.01,,,,,
601,0,0,0,0,0,0,-42.69,-131.48,0,0,150.88,-4.81,-174.17,146.07,-28.1,,,,,
611,0,0,0,0,0,0,-38.33,-140.04,0,0,153,-4.52,-178.37,148.48,-29.89,,,,,
621,0,0,0,0,0,0,-40.78,-142.84,0,0,158.9,-4.74,-183.62,154.16,-29.45,,,,,
631,0,0,0,0,0,0,-41.4,-141.97,0,0,159.97,-4.72,-183.37,155.25,-28.13,,,,,
641,0,0,0,0,0,0,-39.79,-137.94,0,0,156.23,-4.74,-177.73,151.49,-26.24,,,,,
651,0,0,0,0,0,0,-33.46,-142.78,0,0,154.84,-4.12,-176.24,150.72,-25.51,,,,,
661,0,0,0,0,0,0,-35.87,-140.01,0,0,154.18,-4.77,-175.88,149.41,-26.46,,,,,
671,0,0,0,0,0,0,-40.03,-136.06,0,0,152.28,-4.53,-176.09,147.75,-28.34,,,,,
681,0,0,0,0,0,0,-38.57,-121.14,0,0,139.86,-4.46,-159.71,135.4,-24.31,,,,,
691,0,0,0,0,0,0,-41.32,-136.61,0,0,154.09,-4.56,-177.93,149.53,-28.4,,,,,
701,0,0,0,0,0,0,-41.58,-133.04,0,0,152.35,-4.66,-174.62,147.68,-26.94,,,,,
711,0,0,0,0,0,0,-45.79,-136.92,0,0,156.25,-4.92,-182.72,151.34,-31.38,,,,,
721,0,0,0,0,0,0,-41.76,-147.81,0,0,166.86,-4.9,-189.57,161.95,-27.62,,,,,
731,0,0,0,0,0,0,-44.8,-133.23,0,0,152.95,-4.61,-178.03,148.34,-29.69,,,,,
741,0,0,0,0,0,0,-46.61,-142.74,0,0,160.34,-5,-189.35,155.34,-34.01,,,,,
751,0,0,0,0,0,0,-41.25,-122.33,0,0,142.07,-4.96,-163.58,137.11,-26.47,,,,,
761,0,0,0,0,0,0,-43.67,-125.71,0,0,145.76,-4.97,-169.37,140.79,-28.59,,,,,
771,0,0,0,0,0,0,-43.37,-129.24,0,0,148.78,-5.01,-172.61,143.78,-28.83,,,,,
781,0,0,0,0,0,0,-40.12,-124.07,0,0,141.37,-4.67,-164.19,136.69,-27.49,,,,,
791,0,0,0,0,0,0,-43.9,-143.03,0,0,159.94,-4.71,-186.93,155.24,-31.7,,,,,
801,0,0,0,0,0,0,-39.8,-125.42,0,0,142.77,-4.62,-165.22,138.15,-27.08,,,,,
811,0,0,0,0,0,0,-43.2,-129.79,0,0,147.96,-4.9,-173,143.07,-29.93,,,,,
821,0,0,0,0,0,0,-43.65,-128.68,0,0,148.24,-4.87,-172.34,143.37,-28.97,,,,,
831,0,0,0,0,0,0,-40.41,-120.57,0,0,140.68,-4.69,-160.98,135.99,-24.99,,,,,
841,0,0,0,0,0,0,-41.31,-131.27,0,0,149.7,-4.89,-172.58,144.81,-27.77,,,,,
851,0,0,0,0,0,0,-43.08,-128.34,0,0,148.07,-5.01,-171.42,143.07,-28.36,,,,,
861,0,0,0,0,0,0,-33.15,-132.76,0,0,150.6,-4.26,-165.91,146.33,-19.57,,,,,
871,0,0,0,0,0,0,-40.76,-131.56,0,0,145.89,-4.67,-172.32,141.22,-31.1,,,,,
881,0,0,0,0,0,0,-39.13,-133.94,0,0,145.86,-4.74,-173.08,141.11,-31.96,,,,,
891,0,0,0,0,0,0,-43.79,-141.41,0,0,156.37,-4.97,-185.19,151.4,-33.8,,,,,
901,0,0,0,0,0,0,-41.78,-133.54,0,0,151.45,-4.67,-175.32,146.78,-28.54,,,,,
911,0,0,0,0,0,0,-40.68,-135.33,0,0,152.63,-4.8,-176.01,147.83,-28.18,,,,,
921,0,0,0,0,0,0,-41.19,-127.07,0,0,146.29,-4.63,-168.25,141.65,-26.6,,,,,
931,0,0,0,0,0,0,-41.78,-137.82,0,0,157.18,-4.76,-179.59,152.41,-27.18,,,,,
941,0,0,0,0,0,0,-38.43,-147.18,0,0,159.27,-4.75,-185.62,154.52,-31.1,,,,,
951,0,0,0,0,0,0,-40.93,-147.82,0,0,157.63,-4.86,-188.76,152.77,-35.99,,,,,
961,0,0,0,0,0,0,-39.6,-132.8,0,0,147.41,-4.85,-172.41,142.56,-29.84,,,,,
971,0,0,0,0,0,0,-39.86,-141.9,0,0,154.5,-4.96,-181.76,149.54,-32.22,,,,,
981,0,0,0,0,0,0,-38.94,-144.96,0,0,157.5,-4.94,-183.89,152.55,-31.34,,,,,
991,0,0,0,0,0,0,-42.45,-131.75,0,0,147.27,-4.97,-174.2,142.3,-31.9,,,,,
1001,0,0,0,0,0,0,-40.51,-144.46,0,0,159.39,-4.72,-184.97,154.67,-30.3,,,,,
1011,0,0,0,0,0,0,-40.6,-139,0,0,157.43,-4.66,-179.6,152.77,-26.84,,,,,
1021,0,0,0,0,0,0,-41.84,-129.39,0,0,148.9,-4.67,-171.23,144.23,-27,,,,,
1031,0,0,0,0,0,0,-37.63,-144.76,0,0,162.65,-4.4,-182.39,158.25,-24.14,,,,,
1041,0,0,0,0,0,0,-42.06,-133.66,0,0,150.14,-4.72,-175.72,145.42,-30.31,,,,,
1051,0,0,0,0,0,0,-42.02,-124.45,0,0,141.49,-4.87,-166.47,136.61,-29.86,,,,,
1061,0,0,0,0,0,0,-39.1,-146.52,0,0,161.25,-4.83,-185.62,156.43,-29.19,,,,,
1071,0,0,0,0,0,0,-44.21,-132.85,0,0,149.99,-5.18,-177.06,144.81,-32.25,,,,,
1081,0,0,0,0,0,0,-42.46,-138.82,0,0,153.65,-4.76,-181.28,148.89,-32.39,,,,,
1091,0,0,0,0,0,0,-39.23,-143.57,0,0,152.9,-4.82,-182.81,148.08,-34.73,,,,,
1101,0,0,0,0,0,0,-35.33,-143.83,0,0,152.58,-5,-179.16,147.58,-31.57,,,,,
1111,0,0,0,0,0,0,-38.49,-137.67,0,0,148.5,-4.54,-176.16,143.96,-32.2,,,,,
1121,0,0,0,0,0,0,-40.28,-132.18,0,0,147.06,-4.77,-172.46,142.29,-30.17,,,,,
1131,0,0,0,0,0,0,-43.35,-134.59,0,0,151.24,-4.77,-177.94,146.47,-31.47,,,,,
1141,0,0,0,0,0,0,-44.22,-137.14,0,0,152.69,-4.93,-181.36,147.76,-33.6,,,,,
1151,0,0,0,0,0,0,-45.81,-143.31,0,0,157.43,-4.98,-189.12,152.44,-36.68,,,,,
1161,0,0,0,0,0,0,-39.66,-142.5,0,0,155.87,-4.82,-182.16,151.05,-31.12,,,,,
1171,0,0,0,0,0,0,-42.44,-142.01,0,0,157.12,-4.75,-184.45,152.37,-32.09,,,,,
1181,0,0,0,0,0,0,-39.98,-141.79,0,0,154.61,-4.91,-181.78,149.7,-32.08,,,,,
1191,0,0,0,0,0,0,-43.42,-149.83,0,0,163.84,-5.04,-193.25,158.8,-34.45,,,,,
1201,0,0,0,0,0,0,-44.05,-141.56,0,0,155.04,-4.95,-185.61,150.1,-35.52,,,,,
1211,0,0,0,0,0,0,-42.29,-139.81,0,0,152.21,-5.16,-182.1,147.05,-35.05,,,,,
1221,0,0,0,0,0,0,-43.84,-138.32,0,0,151.17,-4.9,-182.16,146.26,-35.9,,,,,
1231,0,0,0,0,0,0,-41.76,-140.07,0,0,150.24,-4.9,-181.83,145.34,-36.48,,,,,
1241,0,0,0,0,0,0,-41.88,-137.38,0,0,149.89,-4.95,-179.26,144.94,-34.32,,,,,
1251,0,0,0,0,0,0,-38.74,-135.47,0,0,145.83,-4.83,-174.21,141,-33.21,,,,,
1261,0,0,0,0,0,0,-42.98,-131.55,0,0,144.68,-4.89,-174.54,139.8,-34.74,,,,,
1271,0,0,0,0,0,0,-38.61,-137.93,0,0,149.19,-4.6,-176.53,144.59,-31.95,,,,,
1281,0,0,0,0,0,0,-35.06,-148.63,0,0,158.37,-4.83,-183.7,153.55,-30.15,,,,,
1291,0,0,0,0,0,0,-33.87,-140.66,0,0,150.66,-4.46,-174.53,146.21,-28.32,,,,,
1301,0,0,0,0,0,0,-37.43,-135.8,0,0,151.3,-4.44,-173.23,146.86,-26.38,,,,,
1311,0,0,0,0,0,0,-40.03,-130.01,0,0,148.58,-4.7,-170.04,143.88,-26.16,,,,,
1321,0,0,0,0,0,0,-40.36,-135.74,0,0,151.34,-4.58,-176.1,146.76,-29.34,,,,,
1331,0,0,0,0,0,0,-38.81,-133.44,0,0,153.14,-4.5,-172.25,148.64,-23.61,,,,,
1341,0,0,0,0,0,0,-40.45,-119.61,0,0,138.59,-4.57,-160.05,134.02,-26.03,,,,,
1351,0,0,0,0,0,0,-39.32,-125.72,0,0,143.36,-4.51,-165.04,138.86,-26.18,,,,,
1361,0,0,0,0,0,0,-41.37,-144.22,0,0,158.87,-4.81,-185.59,154.06,-31.53,,,,,
1371,0,0,0,0,0,0,-39.4,-147.15,0,0,162.77,-4.91,-186.55,157.86,-28.69,,,,,
1381,0,0,0,0,0,0,-39.45,-122.24,0,0,138.96,-4.4,-161.68,134.56,-27.13,,,,,
1391,0,0,0,0,0,0,-39.16,-119.55,0,0,135.64,-4.51,-158.71,131.13,-27.57,,,,,
1401,0,0,0,0,0,0,-38.55,-131.92,0,0,147.49,-4.58,-170.48,142.9,-27.57,,,,,
1411,0,0,0,0,0,0,-33.63,-118.19,0,0,135.02,-4.09,-151.81,130.93,-20.89,,,,,
1421,0,0,0,0,0,0,-33.95,-129.69,0,0,143.87,-4.14,-163.63,139.73,-23.91,,,,,
1431,0,0,0,0,0,0,-39.43,-130.09,0,0,147.41,-4.42,-169.52,143,-26.53,,,,,
1441,0,0,0,0,0,0,-34.04,-132.36,0,0,147.63,-4.29,-166.41,143.35,-23.06,,,,,
1451,0,0,0,0,0,0,-34.92,-140.15,0,0,156.84,-4.12,-175.06,152.71,-22.35,,,,,
1461,0,0,0,0,0,0,-35.67,-121.58,0,0,139.41,-4.39,-157.25,135.02,-22.22,,,,,
1471,0,0,0,0,0,0,-33.81,-137.55,0,0,154.54,-4.25,-171.36,150.29,-21.07,,,,,
1481,0,0,0,0,0,0,-34.25,-135.49,0,0,149.59,-4.24,-169.74,145.35,-24.39,,,,,
1491,0,0,0,0,0,0,-38.97,-138.69,0,0,153.3,-4.53,-177.66,148.77,-28.89,,,,,
1501,0,0,0,0,0,0,-40.3,-134.38,0,0,151.45,-4.83,-174.68,146.63,-28.05,,,,,
1511,0,0,0,0,0,0,-38.16,-137.39,0,0,152.22,-4.6,-175.55,147.63,-27.92,,,,,
1521,0,0,0,0,0,0,-41.77,-138.28,0,0,154.9,-4.6,-180.05,150.3,-29.75,,,,,
1531,0,0,0,0,0,0,-40.76,-132.81,0,0,148.48,-4.74,-173.57,143.74,-29.83,,,,,
1541,0,0,0,0,0,0,-37.14,-134.97,0,0,150.48,-4.45,-172.11,146.03,-26.08,,,,,
1551,0,0,0,0,0,0,-36.4,-129.05,0,0,146.64,-4.43,-165.46,142.21,-23.24,,,,,
1561,0,0,0,0,0,0,-35.71,-147.73,0,0,165.17,-4.26,-183.45,160.91,-22.54,,,,,
1571,0,0,0,0,0,0,-36.43,-129.39,0,0,147.82,-4.4,-165.83,143.41,-22.41,,,,,
1581,0,0,0,0,0,0,-38.11,-135.46,0,0,152.52,-4.34,-173.57,148.18,-25.38,,,,,
1591,0,0,0,0,0,0,-36.82,-136.5,0,0,151.67,-4.31,-173.32,147.37,-25.95,,,,,
1601,0,0,0,0,0,0,-40.35,-135.86,0,0,152.7,-4.41,-176.21,148.29,-27.91,,,,,
1611,0,0,0,0,0,0,-40.67,-144.27,0,0,159.06,-4.47,-184.93,154.58,-30.35,,,,,
1621,0,0,0,0,0,0,-36.02,-150.67,0,0,167.1,-4.58,-186.7,162.53,-24.17,,,,,
1631,0,0,0,0,0,0,-34.22,-147.49,0,0,163.17,-4.35,-181.71,158.82,-22.9,,,,,
1641,0,0,0,0,0,0,-38.21,-140.75,0,0,154.76,-4.31,-178.96,150.45,-28.51,,,,,
1651,0,0,0,0,0,0,-39.95,-153.6,0,0,167.94,-4.68,-193.55,163.26,-30.29,,,,,
1661,0,0,0,0,0,0,-39.71,-151.83,0,0,169.9,-4.79,-191.53,165.11,-26.43,,,,,
1671,0,0,0,0,0,0,-36.3,-140.86,0,0,158.59,-4.34,-177.16,154.25,-22.91,,,,,
1681,0,0,0,0,0,0,-37.89,-142.42,0,0,160.62,-4.46,-180.31,156.16,-24.15,,,,,
1691,0,0,0,0,0,0,-36.66,-135.91,0,0,153.05,-4.32,-172.57,148.74,-23.83,,,,,
1701,0,0,0,0,0,0,-40.35,-154.66,0,0,170.98,-4.6,-195.01,166.38,-28.63,,,,,
1711,0,0,0,0,0,0,-37.79,-150.86,0,0,166.13,-4.21,-188.64,161.93,-26.71,,,,,
1721,0,0,0,0,0,0,-36.27,-146.91,0,0,163.53,-4.36,-183.18,159.17,-24,,,,,
1731,0,0,0,0,0,0,-37.07,-124.36,0,0,141.9,-4.32,-161.44,137.58,-23.85,,,,,
1741,0,0,0,0,0,0,-39.85,-132.29,0,0,149.38,-4.51,-172.14,144.87,-27.28,,,,,
1751,0,0,0,0,0,0,-39.89,-132.6,0,0,151.91,-4.47,-172.49,147.44,-25.05,,,,,
1761,0,0,0,0,0,0,-37.89,-131,0,0,148.17,-4.39,-168.89,143.79,-25.1,,,,,
1771,0,0,0,0,0,0,-38.84,-135.43,0,0,151.91,-4.26,-174.27,147.65,-26.62,,,,,
1781,0,0,0,0,0,0,-36.9,-136.91,0,0,151.96,-4.2,-173.81,147.76,-26.06,,,,,
1791,0,0,0,0,0,0,-35.34,-138.03,0,0,155.87,-4.14,-173.36,151.73,-21.63,,,,,
1801,0,0,0,0,0,0,-36.15,-143.74,0,0,158.91,-4.5,-179.89,154.41,-25.49,,,,,
1811,0,0,0,0,0,0,-36.18,-127.92,0,0,147.14,-4.28,-164.1,142.86,-21.24,,,,,
1821,0,0,0,0,0,0,-36.87,-126.69,0,0,142.84,-4.43,-163.56,138.4,-25.15,,,,,
1831,0,0,0,0,0,0,-35.17,-126.93,0,0,141.81,-4.16,-162.1,137.65,-24.45,,,,,
1841,0,0,0,0,0,0,-34.8,-140.05,0,0,153.13,-4.21,-174.85,148.92,-25.93,,,,,
1851,0,0,0,0,0,0,-37.23,-127.22,0,0,143.59,-4.46,-164.46,139.13,-25.33,,,,,
1861,0,0,0,0,0,0,-39.54,-130.76,0,0,147.81,-4.73,-170.3,143.09,-27.22,,,,,
1871,0,0,0,0,0,0,-42.26,-135.55,0,0,151.29,-4.8,-177.81,146.5,-31.32,,,,,
1881,0,0,0,0,0,0,-38.18,-158.47,0,0,171.13,-4.69,-196.65,166.43,-30.22,,,,,
1891,0,0,0,0,0,0,-40.55,-142.82,0,0,159.1,-4.59,-183.37,154.51,-28.86,,,,,
1901,0,0,0,0,0,0,-40.03,-131.78,0,0,148.52,-4.52,-171.81,144,-27.81,,,,,
1911,0,0,0,0,0,0,-39.36,-136.85,0,0,153.82,-4.57,-176.22,149.25,-26.97,,,,,
1921,0,0,0,0,0,0,-39.06,-140.65,0,0,156.83,-4.44,-179.7,152.39,-27.31,,,,,
1931,0,0,0,0,0,0,-36.78,-149.45,0,0,163.86,-4.38,-186.24,159.49,-26.75,,,,,
1941,0,0,0,0,0,0,-37.86,-129.49,0,0,145.32,-4.18,-167.35,141.14,-26.21,,,,,
1951,0,0,0,0,0,0,-40.34,-140.66,0,0,159.86,-4.34,-181,155.52,-25.48,,,,,
1961,0,0,0,0,0,0,-40.26,-135.56,0,0,153.38,-4.56,-175.82,148.82,-27,,,,,
1971,0,0,0,0,0,0,-39.69,-146,0,0,163.11,-4.69,-185.7,158.42,-27.28,,,,,
1981,0,0,0,0,0,0,-38.42,-147.33,0,0,164.27,-4.44,-185.74,159.83,-25.91,,,,,
1991,0,0,0,0,0,0,-38.66,-145.83,0,0,162.82,-4.68,-184.49,158.15,-26.35,,,,,
2001,0,0,0,0,0,0,-36.69,-141.07,0,0,158.6,-4.52,-177.76,154.07,-23.69,,,,,
2011,0,0,0,0,0,0,-39.22,-141.71,0,0,157.51,-4.72,-180.94,152.79,-28.15,,,,,
2021,0,0,0,0,0,0,-40.41,-130.9,0,0,148.11,-4.69,-171.31,143.42,-27.89,,,,,
2031,0,0,0,0,0,0,-40.72,-154.83,0,0,169.87,-4.65,-195.55,165.22,-30.32,,,,,
2041,0,0,0,0,0,0,-38.66,-129.24,0,0,149.07,-4.47,-167.9,144.6,-23.29,,,,,
2051,0,0,0,0,0,0,-35.48,-134.98,0,0,151.96,-4.39,-170.46,147.57,-22.89,,,,,
2061,0,0,0,0,0,0,-39.9,-124.62,0,0,143.59,-4.64,-164.53,138.95,-25.58,,,,,
2071,0,0,0,0,0,0,-38.19,-132.17,0,0,150.01,-4.54,-170.36,145.48,-24.88,,,,,
2081,0,0,0,0,0,0,-38.19,-131.69,0,0,148.54,-4.5,-169.88,144.04,-25.85,,,,,
2091,0,0,0,0,0,0,-39.89,-134.95,0,0,153.53,-4.81,-174.84,148.72,-26.12,,,,,
2101,0,0,0,0,0,0,-39.66,-144.28,0,0,161.43,-4.42,-183.93,157.01,-26.93,,,,,
2111,0,0,0,0,0,0,-36.61,-138.22,0,0,152.64,-4.52,-174.83,148.12,-26.71,,,,,
2121,0,0,0,0,0,0,-35.59,-131.45,0,0,148.47,-4.38,-167.03,144.09,-22.95,,,,,
2131,0,0,0,0,0,0,-37.87,-138.48,0,0,154.8,-4.46,-176.35,150.34,-26.01,,,,,
2141,0,0,0,0,0,0,-36.48,-134.62,0,0,148.93,-4.5,-171.1,144.42,-26.68,,,,,
2151,0,0,0,0,0,0,-41.27,-134.83,0,0,153.69,-4.49,-176.1,149.2,-26.9,,,,,
2161,0,0,0,0,0,0,-38.59,-128.44,0,0,144.28,-4.59,-167.03,139.69,-27.33,,,,,
2171,0,0,0,0,0,0,-38.82,-134.84,0,0,149.81,-4.5,-173.66,145.3,-28.35,,,,,
2181,0,0,0,0,0,0,-37.72,-126.17,0,0,140.74,-4.39,-163.89,136.35,-27.55,,,,,
2191,0,0,0,0,0,0,-36.86,-126.76,0,0,139.54,-4.34,-163.62,135.2,-28.42,,,,,
2201,0,0,0,0,0,0,-39.78,-130.12,0,0,144.18,-4.31,-169.9,139.86,-30.03,,,,,
2211,0,0,0,0,0,0,-32.63,-144.23,0,0,155.53,-4.01,-176.87,151.53,-25.34,,,,,
2221,0,0,0,0,0,0,-33.67,-133.14,0,0,150.03,-4.04,-166.8,145.99,-20.81,,,,,
2231,0,0,0,0,0,0,-35.27,-127.19,0,0,144.14,-4.19,-162.46,139.95,-22.51,,,,,
2241,0,0,0,0,0,0,-33.91,-128.83,0,0,147.19,-4.32,-162.73,142.86,-19.87,,,,,
2251,0,0,0,0,0,0,-35.93,-127.67,0,0,145.23,-4.57,-163.6,140.65,-22.94,,,,,
2261,0,0,0,0,0,0,-37.85,-143.11,0,0,160.91,-4.7,-180.96,156.21,-24.75,,,,,
2271,0,0,0,0,0,0,-38.75,-137.47,0,0,155.2,-4.53,-176.22,150.67,-25.54,,,,,
2281,0,0,0,0,0,0,-36.42,-130.98,0,0,148.19,-4.35,-167.41,143.84,-23.57,,,,,
2291,0,0,0,0,0,0,-36.51,-122.73,0,0,141.09,-4.53,-159.24,136.56,-22.68,,,,,
2301,0,0,0,0,0,0,-40.26,-135.3,0,0,153,-4.56,-175.56,148.44,-27.11,,,,,
2311,0,0,0,0,0,0,-39.15,-144.37,0,0,162.47,-4.54,-183.53,157.93,-25.6,,,,,
2321,0,0,0,0,0,0,-38.03,-138.26,0,0,155.91,-4.29,-176.29,151.62,-24.67,,,,,
2331,0,0,0,0,0,0,-37.73,-129.92,0,0,147.56,-4.2,-167.64,143.36,-24.28,,,,,
2341,0,0,0,0,0,0,-38.26,-131.41,0,0,149.28,-4.67,-169.67,144.62,-25.06,,,,,
2351,0,0,0,0,0,0,-39.95,-133.55,0,0,152.11,-4.93,-173.5,147.18,-26.31,,,,,
2361,0,0,0,0,0,0,-33.79,-146.7,0,0,162.8,-4.2,-180.49,158.6,-21.88,,,,,
2371,0,0,0,0,0,0,-37.14,-139.22,0,0,158.3,-4.46,-176.36,153.83,-22.53,,,,,
2381,0,0,0,0,0,0,-40.61,-139.12,0,0,155.97,-4.6,-179.73,151.37,-28.36,,,,,
2391,0,0,0,0,0,0,-37.48,-140.01,0,0,157.85,-4.31,-177.49,153.54,-23.95,,,,,
2401,0,0,0,0,0,0,-38.02,-131.56,0,0,148.09,-4.22,-169.58,143.88,-25.71,,,,,
2411,0,0,0,0,0,0,-39.97,-147.2,0,0,164.93,-4.52,-187.17,160.41,-26.76,,,,,
2421,0,0,0,0,0,0,-36.62,-139.74,0,0,157.09,-4.33,-176.37,152.76,-23.6,,,,,
2431,0,0,0,0,0,0,-34.98,-131.64,0,0,148.45,-3.97,-166.62,144.48,-22.14,,,,,
2441,0,0,0,0,0,0,-38.09,-129.68,0,0,147.79,-4.28,-167.77,143.51,-24.27,,,,,
2451,0,0,0,0,0,0,-36.44,-119.83,0,0,138.32,-4.1,-156.27,134.21,-22.06,,,,,
2461,0,0,0,0,0,0,-36.06,-130.53,0,0,147.69,-4.08,-166.59,143.61,-22.98,,,,,
2471,0,0,0,0,0,0,-39.02,-116.71,0,0,135.16,-4.39,-155.73,130.77,-24.97,,,,,
2481,0,0,0,0,0,0,-37.91,-131.2,0,0,150.43,-4.21,-169.1,146.22,-22.88,,,,,
2491,0,0,0,0,0,0,-39.29,-118.12,0,0,138.1,-4.38,-157.41,133.72,-23.69,,,,,
2501,0,0,0,0,0,0,-39.34,-130.94,0,0,152.35,-4.52,-170.28,147.83,-22.45,,,,,
2511,0,0,0,0,0,0,-36.79,-120.1,0,0,139.54,-4.12,-156.89,135.42,-21.46,,,,,
2521,0,0,0,0,0,0,-37.59,-127.5,0,0,147.45,-4.58,-165.1,142.87,-22.23,,,,,
2531,0,0,0,0,0,0,-38.12,-120.93,0,0,140.08,-4.57,-159.05,135.51,-23.54,,,,,
2541,0,0,0,0,0,0,-33.61,-125.67,0,0,143.99,-3.95,-159.28,140.04,-19.24,,,,,
2551,0,0,0,0,0,0,-39.63,-127.19,0,0,146.73,-4.81,-166.82,141.92,-24.9,,,,,
2561,0,0,0,0,0,0,-38.65,-128.26,0,0,149.2,-4.8,-166.91,144.4,-22.51,,,,,
2571,0,0,0,0,0,0,-41.37,-139.16,0,0,158.98,-4.86,-180.53,154.12,-26.4,,,,,
2581,0,0,0,0,0,0,-36.82,-135.74,0,0,155.24,-4.49,-172.55,150.75,-21.8,,,,,
2591,0,0,0,0,0,0,-37.29,-132.54,0,0,149.36,-4.41,-169.84,144.95,-24.88,,,,,
2601,0,0,0,0,0,0,-38.79,-123.3,0,0,142.81,-4.48,-162.09,138.33,-23.76,,,,,
2611,0,0,0,0,0,0,-40.5,-128.32,0,0,146.98,-4.56,-168.82,142.42,-26.4,,,,,
2621,0,0,0,0,0,0,-33.74,-124.4,0,0,144.07,-4.47,-158.15,139.6,-18.54,,,,,
2631,0,0,0,0,0,0,-40.85,-128.14,0,0,148.22,-4.68,-168.99,143.53,-25.46,,,,,
2641,0,0,0,0,0,0,-37.1,-116.31,0,0,133.89,-4.15,-153.4,129.74,-23.66,,,,,
2651,0,0,0,0,0,0,-38.36,-125.08,0,0,144.82,-4.64,-163.44,140.18,-23.26,,,,,
2661,0,0,0,0,0,0,-35.18,-130.66,0,0,148.62,-4.27,-165.84,144.36,-21.48,,,,,
2671,0,0,0,0,0,0,-40.16,-118.74,0,0,138.04,-4.65,-158.9,133.39,-25.51,,,,,
2681,0,0,0,0,0,0,-41.53,-117.01,0,0,136.68,-5.02,-158.54,131.66,-26.87,,,,,
2691,0,0,0,0,0,0,-37.36,-120.95,0,0,139.12,-4.49,-158.32,134.63,-23.69,,,,,
2701,0,0,0,0,0,0,-39.85,-119,0,0,137.75,-4.58,-158.85,133.16,-25.69,,,,,
2711,0,0,0,0,0,0,-36.42,-130.44,0,0,150.3,-4.24,-166.86,146.06,-20.81,,,,,
2721,0,0,0,0,0,0,-37.87,-130.1,0,0,147.55,-4.46,-167.97,143.09,-24.88,,,,,
2731,0,0,0,0,0,0,-38.74,-128.64,0,0,148.88,-4.66,-167.37,144.23,-23.14,,,,,
2741,0,0,0,0,0,0,-39.73,-121.56,0,0,142.05,-4.63,-161.29,137.41,-23.87,,,,,
2751,0,0,0,0,0,0,-39.8,-129.93,0,0,149.08,-4.5,-169.72,144.58,-25.14,,,,,
2761,0,0,0,0,0,0,-39.74,-125.79,0,0,144.77,-4.46,-165.53,140.31,-25.22,,,,,
2771,0,0,0,0,0,0,-42.09,-112.63,0,0,133.82,-4.86,-154.73,128.96,-25.77,,,,,
2781,0,0,0,0,0,0,-35.82,-117.79,0,0,136.03,-4.56,-153.62,131.47,-22.15,,,,,
2791,0,0,0,0,0,0,-41.21,-125.21,0,0,143.66,-4.67,-166.42,138.99,-27.43,,,,,
2801,0,0,0,0,0,0,-39.8,-123.42,0,0,144.39,-4.88,-163.21,139.5,-23.71,,,,,
2811,0,0,0,0,0,0,-39.21,-126.59,0,0,146.85,-4.85,-165.8,142,-23.8,,,,,
2821,0,0,0,0,0,0,-40.34,-121.41,0,0,140.49,-4.65,-161.75,135.85,-25.9,,,,,
2831,0,0,0,0,0,0,-39.24,-117.26,0,0,135.36,-4.44,-156.5,130.92,-25.58,,,,,
2841,0,0,0,0,0,0,-42.15,-124.52,0,0,144.44,-4.95,-166.67,139.49,-27.19,,,,,
2851,0,0,0,0,0,0,-36.35,-113.56,0,0,132.02,-4.77,-149.92,127.25,-22.67,,,,,
2861,0,0,0,0,0,0,-37.22,-125.28,0,0,142.81,-4.53,-162.5,138.28,-24.22,,,,,
2871,0,0,0,0,0,0,-42.1,-125.91,0,0,145.17,-4.92,-168.02,140.25,-27.77,,,,,
2881,0,0,0,0,0,0,-37.45,-120.49,0,0,139.45,-4.45,-157.94,135,-22.94,,,,,
2891,0,0,0,0,0,0,-40.74,-131.98,0,0,151.27,-4.91,-172.71,146.36,-26.36,,,,,
2901,0,0,0,0,0,0,-40.85,-131.62,0,0,150.53,-4.89,-172.47,145.64,-26.83,,,,,
2911,0,0,0,0,0,0,-38.37,-128.67,0,0,149.45,-5.01,-167.04,144.44,-22.6,,,,,
2921,0,0,0,0,0,0,-43.18,-128.1,0,0,149.26,-4.98,-171.27,144.28,-26.99,,,,,
2931,0,0,0,0,0,0,-38.93,-135.74,0,0,154.79,-4.66,-174.67,150.14,-24.54,,,,,
2941,0,0,0,0,0,0,-39.86,-137.94,0,0,158.61,-5.16,-177.8,153.45,-24.35,,,,,
2951,0,0,0,0,0,0,-37.31,-144.06,0,0,164.53,-4.78,-181.37,159.74,-21.63,,,,,
2961,0,0,0,0,0,0,-42.47,-141.54,0,0,160.48,-4.89,-184.01,155.59,-28.42,,,,,
2971,0,0,0,0,0,0,-42.67,-142.02,0,0,162.77,-4.98,-184.69,157.79,-26.9,,,,,
2981,0,0,0,0,0,0,-41.57,-135.19,0,0,157.24,-4.97,-176.76,152.27,-24.49,,,,,
2991,0,0,0,0,0,0,-40.94,-125.66,0,0,145.91,-4.93,-166.6,140.97,-25.63,,,,,
3001,0,0,0,0,0,0,-39.3,-134.07,0,0,152.9,-4.8,-173.37,148.1,-25.27,,,,,
3011,0,0,0,0,0,0,-40.08,-131.03,0,0,153.21,-5.18,-171.12,148.03,-23.08,,,,,
3021,0,0,0,0,0,0,-40.05,-114.51,0,0,136.85,-4.81,-154.56,132.04,-22.52,,,,,
3031,0,0,0,0,0,0,-41.48,-128.99,0,0,150.02,-4.89,-170.48,145.14,-25.34,,,,,
3041,0,0,0,0,0,0,-42.42,-114.56,0,0,135.25,-4.82,-156.98,130.44,-26.54,,,,,
3051,0,0,0,0,0,0,-40.8,-117.63,0,0,138.04,-4.59,-158.42,133.45,-24.98,,,,,
3061,0,0,0,0,0,0,-38.04,-125.34,0,0,145,-4.57,-163.39,140.44,-22.95,,,,,
3071,0,0,0,0,0,0,-38.37,-126.2,0,0,146.41,-4.66,-164.57,141.75,-22.82,,,,,
3081,0,0,0,0,0,0,-40.52,-114.91,0,0,134.82,-4.68,-155.43,130.13,-25.29,,,,,
3091,0,0,0,0,0,0,-41.78,-124.94,0,0,144.91,-4.8,-166.72,140.11,-26.61,,,,,
3101,0,0,0,0,0,0,-41.94,-121.66,0,0,141.69,-4.76,-163.61,136.94,-26.67,,,,,
3111,0,0,0,0,0,0,-39.07,-131.53,0,0,151.52,-4.7,-170.6,146.82,-23.77,,,,,
3121,0,0,0,0,0,0,-40.18,-120.81,0,0,140.61,-4.71,-160.99,135.9,-25.08,,,,,
3131,0,0,0,0,0,0,-42.88,-125.7,0,0,144.48,-4.96,-168.58,139.52,-29.06,,,,,
3141,0,0,0,0,0,0,-38.19,-108.26,0,0,129.1,-4.56,-146.45,124.54,-21.91,,,,,
3151,0,0,0,0,0,0,-38.99,-131.11,0,0,149.42,-4.51,-170.1,144.9,-25.2,,,,,
3161,0,0,0,0,0,0,-42.56,-132.45,0,0,151.53,-4.87,-175.01,146.66,-28.35,,,,,
3171,0,0,0,0,0,0,-36.69,-136.46,0,0,152.26,-4.72,-173.14,147.54,-25.6,,,,,
3181,0,0,0,0,0,0,-38.24,-144.44,0,0,164.05,-4.59,-182.67,159.46,-23.21,,,,,
3191,0,0,0,0,0,0,-41.78,-125.07,0,0,143.76,-4.7,-166.86,139.05,-27.8,,,,,
3201,0,0,0,0,0,0,-37.93,-134.01,0,0,153.54,-4.45,-171.94,149.09,-22.85,,,,,
3211,0,0,0,0,0,0,-41,-141.39,0,0,162.12,-4.89,-182.39,157.24,-25.16,,,,,
3221,0,0,0,0,0,0,-44.81,-111.31,0,0,132.16,-5.06,-156.12,127.1,-29.02,,,,,
3231,0,0,0,0,0,0,-40.5,-131.81,0,0,154.46,-5.08,-172.31,149.38,-22.93,,,,,
3241,0,0,0,0,0,0,-42.6,-130.27,0,0,151.58,-4.92,-172.87,146.66,-26.21,,,,,
3251,0,0,0,0,0,0,-42.93,-132.28,0,0,153.53,-4.83,-175.2,148.7,-26.51,,,,,
3261,0,0,0,0,0,0,-41.14,-122.79,0,0,143.37,-4.77,-163.93,138.6,-25.33,,,,,
3271,0,0,0,0,0,0,-40.27,-131.55,0,0,152.09,-4.69,-171.83,147.4,-24.43,,,,,
3281,0,0,0,0,0,0,-41,-134.63,0,0,156.4,-5.1,-175.63,151.29,-24.34,,,,,
3291,0,0,0,0,0,0,-41.44,-122.63,0,0,143.06,-4.8,-164.07,138.26,-25.81,,,,,
3301,0,0,0,0,0,0,-37.02,-120.96,0,0,141.98,-4.61,-157.98,137.38,-20.61,,,,,
3311,0,0,0,0,0,0,-41.85,-128.55,0,0,148.17,-5.05,-170.4,143.12,-27.28,,,,,
3321,0,0,0,0,0,0,-40.76,-126.43,0,0,148.06,-5.01,-167.2,143.05,-24.14,,,,,
3331,0,0,0,0,0,0,-41.2,-125.75,0,0,146.2,-4.44,-166.95,141.76,-25.19,,,,,
3341,0,0,0,0,0,0,-41.81,-131.66,0,0,152.63,-4.96,-173.47,147.67,-25.8,,,,,
3351,0,0,0,0,0,0,-42.71,-134.5,0,0,155.6,-4.87,-177.21,150.73,-26.47,,,,,
3361,0,0,0,0,0,0,-40.17,-133.15,0,0,154.05,-4.67,-173.32,149.38,-23.94,,,,,
3371,0,0,0,0,0,0,-39.83,-125.73,0,0,144.56,-4.54,-165.57,140.03,-25.54,,,,,
3381,0,0,0,0,0,0,-37.37,-124.78,0,0,145.46,-4.48,-162.15,140.98,-21.17,,,,,
3391,0,0,0,0,0,0,-43.34,-116.54,0,0,137.5,-5.03,-159.88,132.47,-27.41,,,,,
3401,0,0,0,0,0,0,-45.06,-128.74,0,0,149.24,-5.04,-173.8,144.2,-29.6,,,,,
3411,0,0,0,0,0,0,-39.28,-128.14,0,0,148.02,-4.52,-167.42,143.5,-23.92,,,,,
3421,0,0,0,0,0,0,-39.71,-125.67,0,0,147.73,-4.64,-165.39,143.09,-22.3,,,,,
3431,0,0,0,0,0,0,-40.87,-123.38,0,0,144.18,-4.7,-164.25,139.48,-24.78,,,,,
3441,0,0,0,0,0,0,-42.28,-127.76,0,0,149.66,-4.98,-170.03,144.67,-25.36,,,,,
3451,0,0,0,0,0,0,-45.7,-135.96,0,0,156.15,-5.2,-181.66,150.95,-30.7,,,,,
3461,0,0,0,0,0,0,-43.29,-125.09,0,0,145.48,-5.05,-168.38,140.43,-27.95,,,,,
3471,0,0,0,0,0,0,-42.47,-124.86,0,0,144.49,-4.96,-167.33,139.52,-27.81,,,,,
3481,0,0,0,0,0,0,-41.56,-118.65,0,0,139.42,-4.78,-160.21,134.64,-25.56,,,,,
3491,0,0,0,0,0,0,-39.9,-127.3,0,0,143.98,-4.77,-167.2,139.2,-28,,,,,
3501,0,0,0,0,0,0,-42.94,-125.68,0,0,146.3,-5.1,-168.62,141.2,-27.42,,,,,
3511,0,0,0,0,0,0,-42.61,-136.89,0,0,156.93,-4.92,-179.5,152.01,-27.49,,,,,
3521,0,0,0,0,0,0,-41.31,-131.05,0,0,151.66,-4.75,-172.36,146.91,-25.45,,,,,
3531,0,0,0,0,0,0,-44.83,-133.7,0,0,156,-5.29,-178.53,150.7,-27.83,,,,,
3541,0,0,0,0,0,0,-45.33,-129.07,0,0,152.12,-5.26,-174.4,146.86,-27.54,,,,,
3551,0,0,0,0,0,0,-43.74,-120.46,0,0,142.09,-5.14,-164.2,136.96,-27.25,,,,,
3561,0,0,0,0,0,0,-38.01,-122.19,0,0,142.26,-4.69,-160.19,137.57,-22.63,,,,,
3571,0,0,0,0,0,0,-43.57,-116.24,0,0,135.85,-4.68,-159.81,131.17,-28.64,,,,,
3581,0,0,0,0,0,0,-40.03,-117.33,0,0,136.26,-4.71,-157.36,131.54,-25.82,,,,,
3591,0,0,0,0,0,0,-44.14,-125.22,0,0,145.32,-5.16,-169.36,140.17,-29.19,,,,,
3601,0,0,0,0,0,0,-46.64,-132.02,0,0,153.11,-5.48,-178.66,147.64,-31.03,,,,,
3611,0,0,0,0,0,0,-43.5,-118.54,0,0,139.08,-4.99,-162.04,134.1,-27.95,,,,,
3621,0,0,0,0,0,0,-46.78,-128.04,0,0,149.05,-5.22,-174.81,143.83,-30.98,,,,,
3631,0,0,0,0,0,0,-40.97,-115.44,0,0,135.33,-4.7,-156.41,130.63,-25.78,,,,,
3641,0,0,0,0,0,0,-43.62,-127.45,0,0,146.67,-4.98,-171.07,141.68,-29.38,,,,,
3651,0,0,0,0,0,0,-43.87,-120.04,0,0,139.76,-5.13,-163.91,134.63,-29.27,,,,,
3661,0,0,0,0,0,0,-42.43,-118.52,0,0,137.97,-4.77,-160.95,133.2,-27.74,,,,,
3671,0,0,0,0,0,0,-43.26,-119.74,0,0,139.47,-4.94,-163,134.53,-28.48,,,,,
3681,0,0,0,0,0,0,-44.39,-122.77,0,0,142.51,-5.17,-167.15,137.34,-29.81,,,,,
3691,0,0,0,0,0,0,-42.08,-120.11,0,0,138.68,-4.89,-162.19,133.79,-28.4,,,,,
3701,0,0,0,0,0,0,-41.93,-117.87,0,0,139.59,-5.36,-159.8,134.23,-25.57,,,,,
3711,0,0,0,0,0,0,-42.75,-110.08,0,0,130.81,-4.84,-152.83,125.98,-26.85,,,,,
3721,0,0,0,0,0,0,-43.76,-114.16,0,0,132.89,-4.87,-157.92,128.02,-29.9,,,,,
3731,0,0,0,0,0,0,-40.9,-120.26,0,0,139.45,-4.7,-161.16,134.75,-26.41,,,,,
3741,0,0,0,0,0,0,-39.4,-100.79,0,0,122.87,-4.8,-140.19,118.07,-22.11,,,,,
3751,0,0,0,0,0,0,-43.64,-124.31,0,0,144.46,-4.86,-167.95,139.59,-28.36,,,,,
3761,0,0,0,0,0,0,-44.34,-131.84,0,0,150.98,-4.95,-176.18,146.04,-30.14,,,,,
3771,0,0,0,0,0,0,-45.11,-112.97,0,0,132.85,-5.1,-158.07,127.75,-30.32,,,,,
3781,0,0,0,0,0,0,-44.17,-121.61,0,0,143.39,-5.29,-165.78,138.1,-27.68,,,,,
3791,0,0,0,0,0,0,-45.37,-125.73,0,0,144.62,-5.26,-171.1,139.36,-31.74,,,,,
3801,0,0,0,0,0,0,-42.18,-125.77,0,0,145.53,-4.94,-167.94,140.59,-27.36,,,,,
3811,0,0,0,0,0,0,-42.35,-125.28,0,0,145.02,-5.05,-167.62,139.97,-27.65,,,,,
3821,0,0,0,0,0,0,-44.3,-123.46,0,0,143.84,-5.35,-167.76,138.48,-29.28,,,,,
3831,0,0,0,0,0,0,-42.98,-129.35,0,0,148.22,-4.89,-172.33,143.33,-29,,,,,
3841,0,0,0,0,0,0,-43.97,-122.59,0,0,143.4,-5.36,-166.57,138.05,-28.52,,,,,
3851,0,0,0,0,0,0,-46.13,-119.89,0,0,140.25,-5.41,-166.02,134.83,-31.18,,,,,
3861,0,0,0,0,0,0,-45.59,-125.11,0,0,144.69,-5.28,-170.7,139.41,-31.29,,,,,
3871,0,0,0,0,0,0,-40.02,-130.55,0,0,149.25,-4.47,-170.58,144.79,-25.79,,,,,
3881,0,0,0,0,0,0,-39.44,-133.56,0,0,153.15,-4.52,-173,148.63,-24.37,,,,,
3891,0,0,0,0,0,0,-41.21,-135.31,0,0,154.6,-4.88,-176.53,149.72,-26.81,,,,,
3901,0,0,0,0,0,0,-44.33,-122.52,0,0,144.17,-5.08,-166.84,139.09,-27.76,,,,,
3911,0,0,0,0,0,0,-42.44,-136.19,0,0,156.96,-4.68,-178.63,152.28,-26.36,,,,,
3921,0,0,0,0,0,0,-44.44,-129.36,0,0,149.75,-4.98,-173.8,144.78,-29.03,,,,,
3931,0,0,0,0,0,0,-40.24,-137.22,0,0,157.61,-4.97,-177.45,152.64,-24.81,,,,,
3941,0,0,0,0,0,0,-41.4,-122.5,0,0,143.17,-4.66,-163.91,138.51,-25.4,,,,,
3951,0,0,0,0,0,0,-40.07,-136.74,0,0,156.77,-4.77,-176.81,152,-24.81,,,,,
3961,0,0,0,0,0,0,-39.73,-142.4,0,0,162.71,-4.7,-182.13,158.01,-24.12,,,,,
3971,0,0,0,0,0,0,-41.57,-129.21,0,0,148.84,-4.8,-170.78,144.04,-26.75,,,,,
3981,0,0,0,0,0,0,-42.06,-123.62,0,0,142.81,-4.73,-165.68,138.08,-27.6,,,,,
3991,0,0,0,0,0,0,-39.85,-134.71,0,0,153.73,-4.83,-174.55,148.9,-25.66,,,,,
4001,0,0,0,0,0,0,-39.91,-121.8,0,0,139.63,-4.44,-161.71,135.2,-26.51,,,,,
4011,0,0,0,0,0,0,-40.74,-130.61,0,0,148.47,-4.66,-171.35,143.81,-27.54,,,,,
4021,0,0,0,0,0,0,-40.03,-127.93,0,0,148.12,-4.73,-167.96,143.39,-24.57,,,,,
4031,0,0,0,0,0,0,-41.99,-125.92,0,0,146.85,-5.02,-167.91,141.82,-26.09,,,,,
4041,0,0,0,0,0,0,-41.26,-129.57,0,0,148.45,-4.77,-170.83,143.68,-27.16,,,,,
4051,0,0,0,0,0,0,-42.68,-120.72,0,0,138.69,-4.7,-163.4,133.99,-29.41,,,,,
4061,0,0,0,0,0,0,-42.71,-122.62,0,0,141.38,-5.04,-165.34,136.33,-29,,,,,
4071,0,0,0,0,0,0,-40.61,-122.05,0,0,142.09,-4.79,-162.66,137.3,-25.36,,,,,
4081,0,0,0,0,0,0,-40.63,-119.08,0,0,140.1,-4.66,-159.71,135.45,-24.26,,,,,
4091,0,0,0,0,0,0,-40.99,-124.85,0,0,145.44,-4.75,-165.85,140.69,-25.16,,,,,
4101,0,0,0,0,0,0,-37.87,-116.7,0,0,133.41,-4.37,-154.57,129.04,-25.52,,,,,
4111,0,0,0,0,0,0,-41.28,-116.5,0,0,136.23,-4.99,-157.78,131.25,-26.53,,,,,
4121,0,0,0,0,0,0,-40.02,-118.15,0,0,137.6,-4.66,-158.17,132.94,-25.24,,,,,
4131,0,0,0,0,0,0,-43.46,-125.34,0,0,145.07,-4.84,-168.8,140.23,-28.57,,,,,
4141,0,0,0,0,0,0,-38.3,-120.62,0,0,139.91,-4.29,-158.92,135.62,-23.3,,,,,
4151,0,0,0,0,0,0,-37.3,-110.68,0,0,130.32,-4.03,-147.98,126.29,-21.69,,,,,
4161,0,0,0,0,0,0,-42.36,-110.18,0,0,130.24,-4.72,-152.53,125.53,-27.01,,,,,
4171,0,0,0,0,0,0,-40.22,-113.69,0,0,132.85,-4.54,-153.91,128.31,-25.59,,,,,
4181,0,0,0,0,0,0,-39.51,-120.95,0,0,139.96,-4.6,-160.46,135.36,-25.1,,,,,
4191,0,0,0,0,0,0,-41.89,-125,0,0,144.78,-4.74,-166.89,140.05,-26.84,,,,,
4201,0,0,0,0,0,0,-39.8,-117.02,0,0,135.74,-4.69,-156.82,131.05,-25.78,,,,,
4211,0,0,0,0,0,0,-39.4,-112.83,0,0,132.59,-4.65,-152.23,127.93,-24.3,,,,,
4221,0,0,0,0,0,0,-40.9,-116.4,0,0,137.25,-4.54,-157.3,132.71,-24.58,,,,,
4231,0,0,0,0,0,0,-43.02,-122.32,0,0,141,-4.92,-165.34,136.08,-29.26,,,,,
4241,0,0,0,0,0,0,-40.78,-125.99,0,0,145.34,-4.63,-166.77,140.71,-26.06,,,,,
4251,0,0,0,0,0,0,-41.71,-129.31,0,0,148.8,-4.64,-171.02,144.17,-26.85,,,,,
4261,0,0,0,0,0,0,-40.19,-125.65,0,0,142.74,-4.48,-165.84,138.25,-27.58,,,,,
4271,0,0,0,0,0,0,-42.74,-127.22,0,0,145.76,-4.72,-169.96,141.03,-28.93,,,,,
4281,0,0,0,0,0,0,-41.55,-118.29,0,0,138.1,-4.75,-159.84,133.35,-26.49,,,,,
4291,0,0,0,0,0,0,-40.8,-115.88,0,0,135.23,-4.43,-156.67,130.81,-25.87,,,,,
4301,0,0,0,0,0,0,-41.92,-135.09,0,0,152.95,-4.98,-177.01,147.97,-29.05,,,,,
4311,0,0,0,0,0,0,-39.84,-148.54,0,0,168.26,-5.04,-188.38,163.22,-25.16,,,,,
4321,0,0,0,0,0,0,-37.79,-141.44,0,0,158.08,-4.96,-179.23,153.12,-26.11,,,,,
4331,0,0,0,0,0,0,-39.87,-142.41,0,0,160.22,-4.81,-182.28,155.41,-26.88,,,,,
4341,0,0,0,0,0,0,-39.09,-144.77,0,0,162.79,-4.43,-183.87,158.36,-25.5,,,,,
4351,0,0,0,0,0,0,-40.39,-134.2,0,0,150.88,-4.4,-174.59,146.48,-28.11,,,,,
4361,0,0,0,0,0,0,-41.15,-134.83,0,0,153.02,-4.74,-175.98,148.28,-27.71,,,,,
4371,0,0,0,0,0,0,-40.25,-128.79,0,0,145.32,-4.57,-169.04,140.75,-28.29,,,,,
4381,0,0,0,0,0,0,-40.37,-138.55,0,0,156.17,-4.46,-178.92,151.71,-27.21,,,,,
4391,0,0,0,0,0,0,-42.23,-127.64,0,0,145.16,-4.66,-169.87,140.5,-29.37,,,,,
4401,0,0,0,0,0,0,-40.62,-135.35,0,0,152.11,-4.68,-175.98,147.43,-28.55,,,,,
4411,0,0,0,0,0,0,-38.82,-142.13,0,0,158.3,-4.39,-180.94,153.9,-27.04,,,,,
4421,0,0,0,0,0,0,-39.33,-137.35,0,0,154.68,-4.51,-176.68,150.17,-26.51,,,,,
4431,0,0,0,0,0,0,-40.32,-126.18,0,0,145.03,-4.4,-166.5,140.63,-25.87,,,,,
4441,0,0,0,0,0,0,-38.48,-129.68,0,0,147.73,-4.56,-168.16,143.17,-24.99,,,,,
4451,0,0,0,0,0,0,-38.31,-135.2,0,0,152.75,-4.5,-173.52,148.25,-25.26,,,,,
4461,0,0,0,0,0,0,-40.92,-134.56,0,0,152.28,-4.55,-175.48,147.73,-27.76,,,,,
4471,0,0,0,0,0,0,-42.85,-141.71,0,0,159.97,-4.88,-184.57,155.09,-29.48,,,,,
4481,0,0,0,0,0,0,-41.44,-138.11,0,0,157.82,-5,-179.55,152.83,-26.73,,,,,
4491,0,0,0,0,0,0,-42.19,-127.52,0,0,147.11,-4.99,-169.71,142.12,-27.59,,,,,
4501,0,0,0,0,0,0,-42.7,-122.25,0,0,141.33,-4.97,-164.95,136.36,-28.59,,,,,
4511,0,0,0,0,0,0,-36.83,-127.13,0,0,145.36,-4.65,-163.96,140.72,-23.24,,,,,
4521,0,0,0,0,0,0,-40.29,-122.41,0,0,142.34,-4.57,-162.69,137.77,-24.92,,,,,
4531,0,0,0,0,0,0,-43.32,-135.91,0,0,155.18,-4.76,-179.23,150.42,-28.81,,,,,
4541,0,0,0,0,0,0,-40.16,-138.37,0,0,157.03,-4.79,-178.53,152.25,-26.28,,,,,
4551,0,0,0,0,0,0,-41.34,-137.5,0,0,156.79,-4.6,-178.84,152.19,-26.65,,,,,
4561,0,0,0,0,0,0,-43.19,-127.81,0,0,147.04,-5.1,-171,141.95,-29.05,,,,,
4571,0,0,0,0,0,0,-39.73,-132.05,0,0,151.07,-4.48,-171.78,146.59,-25.19,,,,,
4581,0,0,0,0,0,0,-42.43,-121.64,0,0,142.74,-5.03,-164.07,137.71,-26.36,,,,,
4591,0,0,0,0,0,0,-41.21,-116.65,0,0,136.54,-4.83,-157.86,131.71,-26.16,,,,,
4601,0,0,0,0,0,0,-41.21,-125.54,0,0,145.22,-4.96,-166.75,140.26,-26.49,,,,,
4611,0,0,0,0,0,0,-43.88,-121.45,0,0,143.11,-5.28,-165.33,137.83,-27.5,,,,,
4621,0,0,0,0,0,0,-42.78,-133.59,0,0,152.14,-4.8,-176.37,147.34,-29.03,,,,,
4631,0,0,0,0,0,0,-43.7,-130.73,0,0,150.35,-4.89,-174.43,145.46,-28.97,,,,,
4641,0,0,0,0,0,0,-41.22,-117.55,0,0,137.68,-4.97,-158.78,132.72,-26.06,,,,,
4651,0,0,0,0,0,0,-42.69,-129.13,0,0,147.1,-4.77,-171.81,142.33,-29.49,,,,,
4661,0,0,0,0,0,0,-42.53,-124,0,0,142.87,-4.91,-166.53,137.96,-28.57,,,,,
4671,0,0,0,0,0,0,-38.39,-122.07,0,0,140.1,-4.66,-160.47,135.44,-25.03,,,,,
4681,0,0,0,0,0,0,-44.22,-127.02,0,0,144.97,-4.95,-171.24,140.02,-31.22,,,,,
4691,0,0,0,0,0,0,-40.85,-121.82,0,0,143.2,-4.97,-162.67,138.23,-24.44,,,,,
4701,0,0,0,0,0,0,-42.57,-120.81,0,0,142.79,-4.97,-163.38,137.82,-25.56,,,,,
4711,0,0,0,0,0,0,-39.87,-128.92,0,0,146.02,-4.89,-168.78,141.13,-27.65,,,,,
4721,0,0,0,0,0,0,-42.18,-127.57,0,0,147.59,-4.94,-169.75,142.65,-27.09,,,,,
4731,0,0,0,0,0,0,-43.01,-104.5,0,0,125.58,-5.02,-147.51,120.56,-26.95,,,,,
4741,0,0,0,0,0,0,-41.74,-126.13,0,0,145.45,-4.82,-167.86,140.62,-27.24,,,,,
4751,0,0,0,0,0,0,-42.23,-122.08,0,0,140.15,-4.68,-164.31,135.47,-28.84,,,,,
4761,0,0,0,0,0,0,-40.1,-117.94,0,0,139.65,-4.69,-158.04,134.95,-23.08,,,,,
4771,0,0,0,0,0,0,-42.51,-122.45,0,0,142.14,-4.88,-164.96,137.26,-27.7,,,,,
4781,0,0,0,0,0,0,-42.41,-120.54,0,0,141.87,-5.1,-162.95,136.77,-26.18,,,,,
4791,0,0,0,0,0,0,-41.19,-110.25,0,0,129.85,-4.67,-151.43,125.18,-26.25,,,,,
4801,0,0,0,0,0,0,-41.54,-109.36,0,0,130.54,-4.84,-150.9,125.7,-25.2,,,,,
4811,0,0,0,0,0,0,-41.21,-119.69,0,0,138.28,-4.8,-160.9,133.48,-27.43,,,,,
4821,0,0,0,0,0,0,-40.76,-130.16,0,0,150.18,-4.86,-170.91,145.32,-25.59,,,,,
4831,0,0,0,0,0,0,-42.18,-114.64,0,0,134.63,-4.95,-156.82,129.68,-27.14,,,,,
4841,0,0,0,0,0,0,-40.35,-122.81,0,0,144.25,-5.26,-163.16,138.99,-24.16,,,,,
4851,0,0,0,0,0,0,-44.3,-115.36,0,0,135.65,-5.13,-159.66,130.51,-29.15,,,,,
4861,0,0,0,0,0,0,-42.86,-124.77,0,0,142.6,-4.85,-167.63,137.75,-29.87,,,,,
4871,0,0,0,0,0,0,-41.82,-125.22,0,0,143.59,-4.81,-167.04,138.78,-28.26,,,,,
4881,0,0,0,0,0,0,-42.66,-104.01,0,0,125.66,-4.94,-146.67,120.72,-25.95,,,,,
4891,0,0,0,0,0,0,-41.61,-121.11,0,0,139.23,-4.8,-162.72,134.43,-28.29,,,,,
4901,0,0,0,0,0,0,-46.12,-122.75,0,0,144.07,-5.24,-168.88,138.83,-30.05,,,,,
4911,0,0,0,0,0,0,-43.28,-113.49,0,0,133.75,-4.98,-156.77,128.77,-28,,,,,
4921,0,0,0,0,0,0,-41.65,-117.15,0,0,137.16,-4.81,-158.8,132.36,-26.44,,,,,
4931,0,0,0,0,0,0,-43.43,-121.88,0,0,141.42,-4.94,-165.3,136.48,-28.82,,,,,
4941,0,0,0,0,0,0,-44.7,-114.62,0,0,135.37,-5.21,-159.33,130.15,-29.18,,,,,
4951,0,0,0,0,0,0,-45.08,-105.01,0,0,128.08,-5.25,-150.09,122.83,-27.25,,,,,
4961,0,0,0,0,0,0,-44.19,-117.67,0,0,136.45,-4.86,-161.86,131.59,-30.27,,,,,
4971,0,0,0,0,0,0,-43.61,-103.57,0,0,123.42,-4.85,-147.19,118.57,-28.62,,,,,
4981,0,0,0,0,0,0,-38.81,-109.19,0,0,130.85,-4.78,-148,126.07,-21.93,,,,,
4991,0,0,0,0,0,0,-39.17,-111.99,0,0,134.05,-4.98,-151.17,129.08,-22.09,,,,,
5001,0,0,0,0,0,0,-43.64,-112.19,0,0,131.5,-4.92,-155.83,126.58,-29.25,,,,,
5011,0,0,0,0,0,0,-44.97,-106.66,0,0,127.52,-5.15,-151.63,122.38,-29.25,,,,,
5021,0,0,0,0,0,0,-43.75,-105.86,0,0,126.17,-5.06,-149.61,121.11,-28.5,,,,,
5031,0,0,0,0,0,0,-41.66,-127.57,0,0,146.07,-4.88,-169.22,141.19,-28.03,,,,,
5041,0,0,0,0,0,0,-42.64,-116.3,0,0,135.76,-4.78,-158.94,130.98,-27.95,,,,,
5051,0,0,0,0,0,0,-44.85,-119.44,0,0,140.82,-5.12,-164.29,135.7,-28.59,,,,,
5061,0,0,0,0,0,0,-43.68,-128.48,0,0,147.24,-5.01,-172.15,142.23,-29.93,,,,,
5071,0,0,0,0,0,0,-42.89,-117.03,0,0,135.44,-4.7,-159.91,130.74,-29.18,,,,,
5081,0,0,0,0,0,0,-42.3,-111.42,0,0,131.79,-4.85,-153.72,126.94,-26.78,,,,,
5091,0,0,0,0,0,0,-39.59,-118.58,0,0,138.41,-4.78,-158.17,133.63,-24.55,,,,,
5101,0,0,0,0,0,0,-41.83,-112.08,0,0,131.53,-4.66,-153.91,126.88,-27.03,,,,,
5111,0,0,0,0,0,0,-41.78,-108.78,0,0,128.06,-4.75,-150.56,123.31,-27.25,,,,,
5121,0,0,0,0,0,0,-40.54,-106.85,0,0,125.84,-4.54,-147.38,121.3,-26.09,,,,,
5131,0,0,0,0,0,0,-41.77,-105.78,0,0,124.9,-4.8,-147.55,120.1,-27.44,,,,,
5141,0,0,0,0,0,0,-39.96,-113.12,0,0,132.04,-4.84,-153.08,127.21,-25.88,,,,,
5151,0,0,0,0,0,0,-42.02,-117.49,0,0,135.43,-4.85,-159.51,130.59,-28.93,,,,,
5161,0,0,0,0,0,0,-42.31,-113.3,0,0,133.06,-4.85,-155.61,128.2,-27.41,,,,,
5171,0,0,0,0,0,0,-43.22,-125.74,0,0,145.98,-4.9,-168.95,141.09,-27.86,,,,,
5181,0,0,0,0,0,0,-40.78,-124.14,0,0,142.13,-4.67,-164.92,137.46,-27.46,,,,,
5191,0,0,0,0,0,0,-39.01,-125.85,0,0,143.07,-4.4,-164.86,138.67,-26.19,,,,,
5201,0,0,0,0,0,0,-39.41,-127.54,0,0,144.95,-4.21,-166.96,140.73,-26.22,,,,,
5211,0,0,0,0,0,0,-43,-121.53,0,0,141.19,-4.94,-164.54,136.25,-28.29,,,,,
5221,0,0,0,0,0,0,-43.32,-129.72,0,0,147.69,-4.96,-173.04,142.73,-30.32,,,,,
5231,0,0,0,0,0,0,-41.58,-120.91,0,0,141.16,-4.71,-162.5,136.46,-26.04,,,,,
5241,0,0,0,0,0,0,-42.08,-130.55,0,0,149.92,-4.82,-172.62,145.1,-27.53,,,,,
5251,0,0,0,0,0,0,-40.94,-131.46,0,0,149.8,-4.55,-172.4,145.25,-27.15,,,,,
5261,0,0,0,0,0,0,-41.77,-128.65,0,0,148.83,-4.86,-170.42,143.96,-26.45,,,,,
5271,0,0,0,0,0,0,-43.86,-139.9,0,0,159.9,-5.11,-183.76,154.79,-28.97,,,,,
5281,0,0,0,0,0,0,-41.89,-132.44,0,0,151.19,-5.08,-174.33,146.1,-28.23,,,,,
5291,0,0,0,0,0,0,-42.65,-148.92,0,0,168.81,-5.04,-191.58,163.77,-27.81,,,,,
5301,0,0,0,0,0,0,-40.58,-117.42,0,0,138.68,-4.52,-158,134.16,-23.84,,,,,
5311,0,0,0,0,0,0,-38.39,-125.46,0,0,146.05,-4.31,-163.85,141.74,-22.12,,,,,
5321,0,0,0,0,0,0,-40.11,-125.83,0,0,147.43,-4.68,-165.93,142.75,-23.19,,,,,
5331,0,0,0,0,0,0,-40.36,-129.58,0,0,149.45,-4.52,-169.94,144.93,-25.01,,,,,
5341,0,0,0,0,0,0,-39.44,-119.09,0,0,138.54,-4.46,-158.53,134.08,-24.45,,,,,
5351,0,0,0,0,0,0,-40.81,-120.8,0,0,143.18,-4.68,-161.6,138.5,-23.1,,,,,
5361,0,0,0,0,0,0,-37.5,-123.1,0,0,142.95,-4.36,-160.6,138.59,-22.01,,,,,
5371,0,0,0,0,0,0,-38.45,-130.19,0,0,149.74,-4.54,-168.65,145.2,-23.45,,,,,
5381,0,0,0,0,0,0,-41.33,-125.27,0,0,145.91,-4.7,-166.61,141.21,-25.4,,,,,
5391,0,0,0,0,0,0,-40.23,-124.58,0,0,144.85,-4.66,-164.81,140.19,-24.62,,,,,
5401,0,0,0,0,0,0,-39.98,-126.41,0,0,146.92,-4.74,-166.38,142.18,-24.21,,,,,
5411,0,0,0,0,0,0,-40.84,-120.2,0,0,140.7,-4.75,-161.04,135.95,-25.08,,,,,
5421,0,0,0,0,0,0,-38.72,-121.67,0,0,142.46,-4.61,-160.39,137.85,-22.53,,,,,
5431,0,0,0,0,0,0,-42.43,-119,0,0,137.75,-4.79,-161.43,132.96,-28.47,,,,,
5441,0,0,0,0,0,0,-46.12,-129.35,0,0,151.2,-5.25,-175.47,145.95,-29.53,,,,,
5451,0,0,0,0,0,0,-39.75,-119.51,0,0,139.68,-4.7,-159.26,134.97,-24.29,,,,,
5461,0,0,0,0,0,0,-41.44,-129.31,0,0,152.44,-4.73,-170.75,147.7,-23.05,,,,,
5471,0,0,0,0,0,0,-40.27,-133.65,0,0,155.83,-4.81,-173.93,151.03,-22.9,,,,,
5481,0,0,0,0,0,0,-37.72,-118.42,0,0,139.06,-4.54,-156.14,134.52,-21.62,,,,,
5491,0,0,0,0,0,0,-38.02,-131.74,0,0,150.69,-4.63,-169.76,146.05,-23.71,,,,,
5501,0,0,0,0,0,0,-39.98,-126.72,0,0,144.96,-4.55,-166.71,140.4,-26.3,,,,,
5511,0,0,0,0,0,0,-39.62,-123,0,0,142.98,-4.87,-162.62,138.11,-24.52,,,,,
5521,0,0,0,0,0,0,-36.3,-128.02,0,0,145.76,-4.41,-164.32,141.36,-22.96,,,,,
5531,0,0,0,0,0,0,-39.74,-120.55,0,0,138.55,-4.53,-160.28,134.02,-26.27,,,,,
5541,0,0,0,0,0,0,-36.07,-111.04,0,0,134.55,-4.66,-147.11,129.9,-17.22,,,,,
5551,0,0,0,0,0,0,-42,-120.3,0,0,141.25,-4.44,-162.3,136.81,-25.49,,,,,
5561,0,0,0,0,0,0,-40.48,-128.49,0,0,148.06,-4.76,-168.97,143.3,-25.67,,,,,
5571,0,0,0,0,0,0,-39.65,-123.07,0,0,141.62,-4.8,-162.71,136.82,-25.89,,,,,
5581,0,0,0,0,0,0,-42.28,-115.68,0,0,135.45,-4.9,-157.96,130.55,-27.41,,,,,
5591,0,0,0,0,0,0,-39.86,-113.03,0,0,134.54,-4.64,-152.89,129.91,-22.98,,,,,
5601,0,0,0,0,0,0,-41.38,-125.73,0,0,148.82,-4.97,-167.11,143.85,-23.26,,,,,
5611,0,0,0,0,0,0,-41.6,-125.13,0,0,142.38,-4.69,-166.73,137.69,-29.04,,,,,
5621,0,0,0,0,0,0,-40.75,-124.18,0,0,146.19,-4.65,-164.93,141.55,-23.38,,,,,
5631,0,0,0,0,0,0,-40.53,-128.83,0,0,149.03,-4.83,-169.36,144.2,-25.17,,,,,
5641,0,0,0,0,0,0,-38.27,-112.37,0,0,135.3,-4.75,-150.65,130.55,-20.1,,,,,
5651,0,0,0,0,0,0,-41.9,-116.38,0,0,135.86,-4.81,-158.28,131.04,-27.23,,,,,
5661,0,0,0,0,0,0,-40.78,-109.78,0,0,130.13,-4.88,-150.56,125.25,-25.31,,,,,
5671,0,0,0,0,0,0,-40.77,-121.79,0,0,140,-4.68,-162.56,135.31,-27.25,,,,,
5681,0,0,0,0,0,0,-35.06,-117.08,0,0,136.78,-4.26,-152.13,132.51,-19.62,,,,,
5691,0,0,0,0,0,0,-39.57,-130.3,0,0,150.03,-4.79,-169.87,145.24,-24.63,,,,,
5701,0,0,0,0,0,0,-39.62,-129.82,0,0,148.61,-4.77,-169.44,143.84,-25.6,,,,,
5711,0,0,0,0,0,0,-41.98,-128.49,0,0,148.72,-4.95,-170.47,143.77,-26.7,,,,,
5721,0,0,0,0,0,0,-37.24,-126.63,0,0,147.01,-4.67,-163.86,142.34,-21.52,,,,,
5731,0,0,0,0,0,0,-40.36,-113.73,0,0,134.91,-4.93,-154.08,129.98,-24.1,,,,,
5741,0,0,0,0,0,0,-39.7,-127.66,0,0,147.37,-4.66,-167.36,142.72,-24.64,,,,,
5751,0,0,0,0,0,0,-39.34,-125.11,0,0,143.86,-4.67,-164.45,139.19,-25.26,,,,,
5761,0,0,0,0,0,0,-38,-117.17,0,0,137.02,-4.63,-155.18,132.39,-22.78,,,,,
5771,0,0,0,0,0,0,-38.18,-117.23,0,0,137.57,-4.63,-155.41,132.95,-22.47,,,,,
5781,0,0,0,0,0,0,-40.61,-115.2,0,0,135.28,-4.86,-155.81,130.41,-25.4,,,,,
5791,0,0,0,0,0,0,-41.3,-118.09,0,0,137.94,-4.85,-159.39,133.09,-26.3,,,,,
5801,0,0,0,0,0,0,-44.64,-136.21,0,0,155.78,-5.23,-180.85,150.55,-30.3,,,,,
5811,0,0,0,0,0,0,-39.65,-116.8,0,0,136.8,-5.16,-156.44,131.64,-24.8,,,,,
5821,0,0,0,0,0,0,-41.64,-126.53,0,0,146.92,-4.65,-168.17,142.26,-25.9,,,,,
5831,0,0,0,0,0,0,-43.68,-126.09,0,0,146.18,-5.19,-169.77,140.99,-28.77,,,,,
5841,0,0,0,0,0,0,-41.62,-121.57,0,0,141.06,-4.95,-163.19,136.11,-27.08,,,,,
5851,0,0,0,0,0,0,-41.68,-123.54,0,0,143.56,-5.06,-165.22,138.5,-26.73,,,,,
5861,0,0,0,0,0,0,-44.5,-122.49,0,0,141.29,-5.07,-166.99,136.22,-30.77,,,,,
5871,0,0,0,0,0,0,-42.1,-131.12,0,0,151.55,-5.01,-173.22,146.53,-26.69,,,,,
5881,0,0,0,0,0,0,-39.64,-117.3,0,0,137.55,-4.88,-156.94,132.67,-24.27,,,,,
5891,0,0,0,0,0,0,-40.93,-123.82,0,0,142.39,-4.8,-164.75,137.59,-27.16,,,,,
5901,0,0,0,0,0,0,-39.08,-133.79,0,0,153.78,-4.78,-172.87,149,-23.87,,,,,
5911,0,0,0,0,0,0,-43.92,-126.83,0,0,146.22,-5.16,-170.75,141.06,-29.69,,,,,
5921,0,0,0,0,0,0,-42.37,-119.95,0,0,140.15,-4.97,-162.31,135.18,-27.13,,,,,
5931,0,0,0,0,0,0,-38.81,-121.8,0,0,141.81,-4.94,-160.61,136.87,-23.74,,,,,
5941,0,0,0,0,0,0,-42.56,-140.41,0,0,159.4,-5.02,-182.97,154.38,-28.6,,,,,
5951,0,0,0,0,0,0,-41.54,-131.85,0,0,151.93,-5,-173.39,146.93,-26.46,,,,,
5961,0,0,0,0,0,0,-37.79,-123.92,0,0,143.15,-4.75,-161.71,138.4,-23.31,,,,,
5971,0,0,0,0,0,0,-41.49,-130.31,0,0,151.3,-5.24,-171.8,146.06,-25.75,,,,,
5981,0,0,0,0,0,0,-41.58,-109.62,0,0,129.52,-4.9,-151.2,124.62,-26.58,,,,,
5991,0,0,0,0,0,0,-36.87,-118.63,0,0,137.61,-4.67,-155.5,132.94,-22.56,,,,,
6001,0,0,0,0,0,0,-40.65,-124.36,0,0,143.48,-4.49,-165.01,139,-26.01,,,,,
6011,0,0,0,0,0,0,-39.23,-123.69,0,0,142.49,-4.86,-162.92,137.63,-25.29,,,,,
6021,0,0,0,0,0,0,-37.13,-119.85,0,0,139.57,-4.74,-156.98,134.82,-22.16,,,,,
6031,0,0,0,0,0,0,-40.42,-124,0,0,145.5,-4.7,-164.42,140.81,-23.61,,,,,
6041,0,0,0,0,0,0,-39.11,-120.16,0,0,143.19,-4.77,-159.28,138.42,-20.85,,,,,
6051,0,0,0,0,0,0,-40.23,-115.18,0,0,136.98,-4.6,-155.42,132.37,-23.04,,,,,
6061,0,0,0,0,0,0,-39.59,-129.68,0,0,149.82,-4.69,-169.27,145.12,-24.14,,,,,
6071,0,0,0,0,0,0,-41.94,-110.83,0,0,131.88,-4.5,-152.78,127.38,-25.39,,,,,
6081,0,0,0,0,0,0,-39.43,-123.22,0,0,143.76,-4.48,-162.65,139.28,-23.37,,,,,
6091,0,0,0,0,0,0,-41.67,-125.51,0,0,145.47,-5.06,-167.18,140.41,-26.77,,,,,
6101,0,0,0,0,0,0,-43.14,-139.41,0,0,160.14,-5.2,-182.56,154.93,-27.62,,,,,
6111,0,0,0,0,0,0,-40.31,-128.48,0,0,149.71,-5.05,-168.79,144.66,-24.12,,,,,
6121,0,0,0,0,0,0,-41.99,-141.01,0,0,160.47,-5.17,-183,155.3,-27.7,,,,,
6131,0,0,0,0,0,0,-41.32,-138.54,0,0,157.69,-5.22,-179.86,152.47,-27.39,,,,,
6141,0,0,0,0,0,0,-40.89,-122.42,0,0,141.15,-4.78,-163.3,136.38,-26.93,,,,,
6151,0,0,0,0,0,0,-40.57,-127.55,0,0,146.89,-4.92,-168.11,141.97,-26.15,,,,,
6161,0,0,0,0,0,0,-36.66,-122.04,0,0,140.89,-4.76,-158.7,136.13,-22.57,,,,,
6171,0,0,0,0,0,0,-44.51,-127.52,0,0,146.67,-5.12,-172.02,141.56,-30.47,,,,,
6181,0,0,0,0,0,0,-43.67,-135.98,0,0,155.12,-5.26,-179.66,149.87,-29.79,,,,,
6191,0,0,0,0,0,0,-40.82,-141.36,0,0,158.87,-4.82,-182.18,154.04,-28.14,,,,,
6201,0,0,0,0,0,0,-38.48,-120.51,0,0,139.63,-4.59,-158.98,135.04,-23.95,,,,,
6211,0,0,0,0,0,0,-40.5,-125.36,0,0,145.11,-4.64,-165.86,140.47,-25.39,,,,,
6221,0,0,0,0,0,0,-40.93,-117.35,0,0,137.96,-4.67,-158.28,133.29,-25,,,,,
6231,0,0,0,0,0,0,-37.75,-128.87,0,0,147.48,-4.54,-166.61,142.94,-23.67,,,,,
6241,0,0,0,0,0,0,-38.91,-119.52,0,0,139.61,-4.92,-158.42,134.69,-23.73,,,,,
6251,0,0,0,0,0,0,-40.98,-129.32,0,0,148.19,-4.67,-170.3,143.52,-26.78,,,,,
6261,0,0,0,0,0,0,-40.01,-125.38,0,0,144.15,-4.58,-165.38,139.57,-25.82,,,,,
6271,0,0,0,0,0,0,-39.41,-121.14,0,0,141.89,-4.44,-160.55,137.45,-23.09,,,,,
6281,0,0,0,0,0,0,-39.13,-128.23,0,0,149.01,-4.49,-167.36,144.51,-22.84,,,,,
6291,0,0,0,0,0,0,-40.16,-126.6,0,0,148.3,-4.56,-166.76,143.74,-23.02,,,,,
6301,0,0,0,0,0,0,-39.67,-121.75,0,0,142.13,-4.65,-161.41,137.48,-23.93,,,,,
6311,0,0,0,0,0,0,-40.37,-124.92,0,0,146.99,-4.64,-165.29,142.35,-22.94,,,,,
6321,0,0,0,0,0,0,-39.67,-139.85,0,0,157.1,-4.71,-179.52,152.39,-27.13,,,,,
6331,0,0,0,0,0,0,-39.96,-127.11,0,0,146.82,-4.77,-167.07,142.04,-25.03,,,,,
6341,0,0,0,0,0,0,-42.95,-131.25,0,0,151.37,-5.06,-174.21,146.31,-27.9,,,,,
6351,0,0,0,0,0,0,-42.06,-137.71,0,0,156.76,-4.73,-179.77,152.02,-27.75,,,,,
6361,0,0,0,0,0,0,-42.3,-132.31,0,0,152.45,-5.07,-174.61,147.39,-27.22,,,,,
6371,0,0,0,0,0,0,-41.69,-141.47,0,0,161.34,-4.91,-183.16,156.43,-26.73,,,,,
6381,0,0,0,0,0,0,-43.49,-136.36,0,0,157.08,-4.92,-179.85,152.16,-27.7,,,,,
6391,0,0,0,0,0,0,-42.29,-140.37,0,0,160.8,-5.04,-182.66,155.76,-26.9,,,,,
6401,0,0,0,0,0,0,-43.64,-130.57,0,0,150.6,-5.04,-174.21,145.56,-28.65,,,,,
6411,0,0,0,0,0,0,-41.52,-134.43,0,0,152.8,-4.87,-175.95,147.92,-28.03,,,,,
6421,0,0,0,0,0,0,-40.42,-140.86,0,0,159.05,-4.66,-181.28,154.38,-26.89,,,,,
6431,0,0,0,0,0,0,-41.02,-136.5,0,0,154.36,-4.74,-177.52,149.62,-27.9,,,,,
6441,0,0,0,0,0,0,-40.04,-119.19,0,0,139.49,-4.61,-159.23,134.88,-24.34,,,,,
6451,0,0,0,0,0,0,-43.11,-131.79,0,0,152.59,-5.13,-174.91,147.46,-27.44,,,,,
6461,0,0,0,0,0,0,-39.2,-133.15,0,0,152.1,-4.89,-172.35,147.21,-25.13,,,,,
6471,0,0,0,0,0,0,-42.29,-125.71,0,0,145.56,-5.03,-168.01,140.53,-27.48,,,,,
6481,0,0,0,0,0,0,-42.46,-115.32,0,0,133.93,-4.94,-157.78,128.99,-28.79,,,,,
6491,0,0,0,0,0,0,-42.44,-131.99,0,0,153.23,-4.98,-174.43,148.25,-26.19,,,,,
6501,0,0,0,0,0,0,-41.4,-127.87,0,0,148,-4.76,-169.27,143.24,-26.03,,,,,
6511,0,0,0,0,0,0,-39.42,-121.9,0,0,144.75,-4.78,-161.32,139.96,-21.36,,,,,
6521,0,0,0,0,0,0,-40.7,-126.06,0,0,145.81,-4.78,-166.76,141.03,-25.73,,,,,
6531,0,0,0,0,0,0,-41.68,-121.83,0,0,140.83,-4.86,-163.51,135.96,-27.55,,,,,
6541,0,0,0,0,0,0,-40.61,-129.15,0,0,149.7,-4.93,-169.76,144.77,-24.99,,,,,
6551,0,0,0,0,0,0,-38.54,-131.61,0,0,150.6,-4.53,-170.14,146.07,-24.07,,,,,
6561,0,0,0,0,0,0,-40.62,-120.45,0,0,141.41,-5.01,-161.07,136.4,-24.67,,,,,
6571,0,0,0,0,0,0,-42.7,-129.06,0,0,148.48,-4.85,-171.76,143.63,-28.13,,,,,
6581,0,0,0,0,0,0,-42.77,-130.52,0,0,152.98,-5.11,-173.29,147.87,-25.42,,,,,
6591,0,0,0,0,0,0,-37.48,-121.52,0,0,141,-4.68,-159,136.32,-22.69,,,,,
6601,0,0,0,0,0,0,-42.04,-114.47,0,0,136.27,-4.85,-156.51,131.42,-25.09,,,,,
6611,0,0,0,0,0,0,-39.65,-113.62,0,0,136.13,-4.79,-153.27,131.34,-21.93,,,,,
6621,0,0,0,0,0,0,-40.22,-127.78,0,0,147.6,-4.77,-168,142.83,-25.17,,,,,
6631,0,0,0,0,0,0,-43.1,-112.81,0,0,135.19,-5,-155.91,130.18,-25.73,,,,,
6641,0,0,0,0,0,0,-40.23,-116.86,0,0,136.63,-4.66,-157.09,131.96,-25.12,,,,,
6651,0,0,0,0,0,0,-39.4,-113.94,0,0,136.27,-4.53,-153.34,131.73,-21.61,,,,,
6661,0,0,0,0,0,0,-39.5,-134.38,0,0,153.35,-4.57,-173.88,148.78,-25.1,,,,,
6671,0,0,0,0,0,0,-37.7,-111.88,0,0,131.63,-4.7,-149.58,126.93,-22.64,,,,,
6681,0,0,0,0,0,0,-39.33,-127.8,0,0,146.15,-4.38,-167.13,141.77,-25.36,,,,,
6691,0,0,0,0,0,0,-39.1,-122.79,0,0,143.94,-4.68,-161.88,139.26,-22.63,,,,,
6701,0,0,0,0,0,0,-37.88,-126.84,0,0,146.61,-4.54,-164.72,142.06,-22.66,,,,,
6711,0,0,0,0,0,0,-37.45,-115.39,0,0,132.81,-4.44,-152.84,128.37,-24.47,,,,,
6721,0,0,0,0,0,0,-43.16,-118.52,0,0,138.05,-4.82,-161.68,133.23,-28.45,,,,,
6731,0,0,0,0,0,0,-37.82,-109.77,0,0,132.21,-4.64,-147.59,127.57,-20.02,,,,,
6741,0,0,0,0,0,0,-36.28,-108.54,0,0,126.69,-4.31,-144.82,122.38,-22.44,,,,,
6751,0,0,0,0,0,0,-42.1,-123.77,0,0,142.85,-4.95,-165.88,137.91,-27.97,,,,,
6761,0,0,0,0,0,0,-39.3,-120.54,0,0,138.63,-4.82,-159.84,133.81,-26.04,,,,,
6771,0,0,0,0,0,0,-40.6,-123,0,0,141.71,-4.82,-163.61,136.9,-26.71,,,,,
6781,0,0,0,0,0,0,-38.48,-112.02,0,0,131.83,-4.63,-150.5,127.2,-23.3,,,,,
6791,0,0,0,0,0,0,-40.66,-128.07,0,0,148.42,-4.93,-168.73,143.48,-25.25,,,,,
6801,0,0,0,0,0,0,-38.1,-135.02,0,0,152.11,-4.67,-173.12,147.44,-25.67,,,,,
6811,0,0,0,0,0,0,-40.12,-117.53,0,0,135.78,-4.41,-157.65,131.38,-26.27,,,,,
6821,0,0,0,0,0,0,-41.53,-132.32,0,0,150.78,-4.96,-173.85,145.83,-28.02,,,,,
6831,0,0,0,0,0,0,-39.73,-157.07,0,0,173.8,-4.84,-196.8,168.96,-27.84,,,,,
6841,0,0,0,0,0,0,-40.52,-134.35,0,0,153.52,-4.75,-174.87,148.76,-26.11,,,,,
6851,0,0,0,0,0,0,-43.42,-149.7,0,0,167.99,-5.05,-193.12,162.94,-30.18,,,,,
6861,0,0,0,0,0,0,-43.16,-143.09,0,0,162.49,-5.01,-186.25,157.48,-28.77,,,,,
6871,0,0,0,0,0,0,-39.71,-147.97,0,0,165.08,-4.78,-187.68,160.29,-27.39,,,,,
6881,0,0,0,0,0,0,-43.4,-134.99,0,0,153.73,-5.02,-178.39,148.71,-29.68,,,,,
6891,0,0,0,0,0,0,-37.88,-146.59,0,0,163.55,-4.79,-184.46,158.76,-25.7,,,,,
6901,0,0,0,0,0,0,-41.28,-146.52,0,0,164.93,-5.05,-187.81,159.87,-27.94,,,,,
6911,0,0,0,0,0,0,-43.47,-142.18,0,0,160.25,-5.12,-185.65,155.13,-30.52,,,,,
6921,0,0,0,0,0,0,-40.27,-134.59,0,0,152.42,-4.86,-174.85,147.56,-27.3,,,,,
6931,0,0,0,0,0,0,-40.88,-134.76,0,0,152.67,-4.89,-175.64,147.78,-27.85,,,,,
6941,0,0,0,0,0,0,-41.03,-124.45,0,0,143.81,-4.89,-165.48,138.92,-26.56,,,,,
6951,0,0,0,0,0,0,-39.94,-143.33,0,0,160.79,-4.91,-183.27,155.88,-27.39,,,,,
6961,0,0,0,0,0,0,-41.94,-144.31,0,0,163.22,-5.02,-186.26,158.2,-28.06,,,,,
6971,0,0,0,0,0,0,-38.15,-142.63,0,0,161.91,-4.74,-180.79,157.17,-23.61,,,,,
6981,0,0,0,0,0,0,-41.33,-143.81,0,0,163.15,-4.87,-185.14,158.28,-26.86,,,,,
6991,0,0,0,0,0,0,-37.45,-129.99,0,0,149.04,-4.4,-167.43,144.64,-22.8,,,,,
7001,0,0,0,0,0,0,-39.33,-126.71,0,0,144.97,-4.45,-166.04,140.52,-25.52,,,,,
7011,0,0,0,0,0,0,-40.4,-150.52,0,0,166.64,-4.73,-190.92,161.91,-29.01,,,,,
7021,0,0,0,0,0,0,-40.4,-134.65,0,0,150.92,-4.82,-175.05,146.1,-28.95,,,,,
7031,0,0,0,0,0,0,-37.73,-147.75,0,0,164.75,-4.61,-185.48,160.14,-25.34,,,,,
7041,0,0,0,0,0,0,-40.69,-149.31,0,0,163.64,-4.75,-190,158.89,-31.11,,,,,
7051,0,0,0,0,0,0,-41.16,-148.32,0,0,164.47,-4.78,-189.48,159.68,-29.8,,,,,
7061,0,0,0,0,0,0,-37.85,-149.39,0,0,164.73,-4.64,-187.24,160.09,-27.15,,,,,
7071,0,0,0,0,0,0,-39.82,-135.04,0,0,152.81,-4.61,-174.85,148.21,-26.65,,,,,
7081,0,0,0,0,0,0,-40.7,-152.41,0,0,167.44,-4.59,-193.11,162.86,-30.26,,,,,
7091,0,0,0,0,0,0,-38.77,-152.35,0,0,168.73,-4.95,-191.12,163.78,-27.34,,,,,
7101,0,0,0,0,0,0,-39.46,-143.42,0,0,160.18,-4.44,-182.88,155.75,-27.14,,,,,
7111,0,0,0,0,0,0,-39.69,-141.93,0,0,158.11,-4.69,-181.61,153.42,-28.19,,,,,
7121,0,0,0,0,0,0,-40.71,-151.52,0,0,167.9,-4.68,-192.22,163.22,-29.01,,,,,
7131,0,0,0,0,0,0,-38.03,-156.11,0,0,170.67,-4.44,-194.14,166.23,-27.91,,,,,
7141,0,0,0,0,0,0,-39.47,-136.99,0,0,155.03,-4.75,-176.46,150.28,-26.18,,,,,
7151,0,0,0,0,0,0,-40.83,-144.49,0,0,158.94,-4.71,-185.32,154.23,-31.09,,,,,
7161,0,0,0,0,0,0,-39.81,-139.77,0,0,155.79,-4.81,-179.58,150.99,-28.59,,,,,
7171,0,0,0,0,0,0,-39.62,-150.13,0,0,166.51,-4.55,-189.75,161.96,-27.79,,,,,
7181,0,0,0,0,0,0,-38.99,-143.24,0,0,160.62,-4.79,-182.23,155.83,-26.4,,,,,
7191,0,0,0,0,0,0,-39.88,-133.88,0,0,150.58,-4.74,-173.76,145.85,-27.91,,,,,
7201,0,0,0,0,0,0,-37.13,-132.61,0,0,150.25,-4.77,-169.74,145.48,-24.25,,,,,
7211,0,0,0,0,0,0,-42.85,-125.13,0,0,144.87,-4.96,-167.98,139.91,-28.07,,,,,
7221,0,0,0,0,0,0,-44.62,-122.16,0,0,141.82,-4.93,-166.78,136.89,-29.88,,,,,
7231,0,0,0,0,0,0,-44.12,-130.72,0,0,146.75,-5.08,-174.84,141.67,-33.17,,,,,
7241,0,0,0,0,0,0,-42.84,-130.69,0,0,148.83,-4.96,-173.53,143.87,-29.66,,,,,
7251,0,0,0,0,0,0,-40.52,-127.2,0,0,141.37,-4.98,-167.72,136.39,-31.33,,,,,
7261,0,0,0,0,0,0,-41.29,-130.29,0,0,145.99,-4.75,-171.58,141.23,-30.34,,,,,
7271,0,0,0,0,0,0,-38.41,-136.62,0,0,148.54,-4.72,-175.03,143.82,-31.2,,,,,
7281,0,0,0,0,0,0,-39.27,-128.59,0,0,146.3,-4.74,-167.86,141.56,-26.3,,,,,
7291,0,0,0,0,0,0,-39.89,-118.38,0,0,137.63,-4.77,-158.27,132.86,-25.41,,,,,
7301,0,0,0,0,0,0,-39.57,-139.2,0,0,157.51,-4.98,-178.77,152.53,-26.24,,,,,
7311,0,0,0,0,0,0,-44.26,-118.82,0,0,137.79,-4.84,-163.08,132.95,-30.13,,,,,
7321,0,0,0,0,0,0,-43.26,-116.22,0,0,134.23,-4.88,-159.48,129.35,-30.13,,,,,
7331,0,0,0,0,0,0,-43.51,-137.32,0,0,154.63,-4.99,-180.83,149.64,-31.2,,,,,
7341,0,0,0,0,0,0,-43.12,-129.51,0,0,146.3,-4.96,-172.63,141.35,-31.28,,,,,
7351,0,0,0,0,0,0,-40.57,-129.59,0,0,146.99,-4.91,-170.16,142.08,-28.09,,,,,
7361,0,0,0,0,0,0,-35.01,-149.53,0,0,156.94,-4.76,-184.55,152.17,-32.37,,,,,
7371,0,0,0,0,0,0,-39.94,-141.3,0,0,153.71,-5.02,-181.24,148.69,-32.55,,,,,
7381,0,0,0,0,0,0,-39.53,-142.54,0,0,158.62,-4.84,-182.07,153.78,-28.29,,,,,
7391,0,0,0,0,0,0,-39.31,-135.85,0,0,153.3,-4.9,-175.16,148.4,-26.76,,,,,
7401,0,0,0,0,0,0,-41.94,-131.06,0,0,149.19,-4.88,-173,144.31,-28.7,,,,,
7411,0,0,0,0,0,0,-40.5,-139.42,0,0,157.07,-4.93,-179.93,152.14,-27.78,,,,,
7421,0,0,0,0,0,0,-40.01,-125.93,0,0,143.72,-4.87,-165.94,138.85,-27.09,,,,,
7431,0,0,0,0,0,0,-40.6,-138.41,0,0,156.8,-4.88,-179.01,151.93,-27.08,,,,,
7441,0,0,0,0,0,0,-41.43,-129.43,0,0,148.66,-4.89,-170.86,143.76,-27.1,,,,,
7451,0,0,0,0,0,0,-41.72,-133.92,0,0,152.25,-4.84,-175.64,147.41,-28.24,,,,,
7461,0,0,0,0,0,0,-41.34,-125.93,0,0,145.3,-4.64,-167.27,140.66,-26.61,,,,,
7471,0,0,0,0,0,0,-42.32,-124.9,0,0,142.99,-5.01,-167.22,137.97,-29.25,,,,,
7481,0,0,0,0,0,0,-37.87,-135.2,0,0,151.14,-4.84,-173.07,146.3,-26.78,,,,,
7491,0,0,0,0,0,0,-38.64,-139.72,0,0,156.18,-4.64,-178.36,151.54,-26.82,,,,,
7501,0,0,0,0,0,0,-40.05,-119.83,0,0,137.43,-4.54,-159.88,132.9,-26.98,,,,,
7511,0,0,0,0,0,0,-42.47,-133.24,0,0,149.47,-4.91,-175.71,144.57,-31.15,,,,,
7521,0,0,0,0,0,0,-44.03,-138.94,0,0,157.19,-4.9,-182.97,152.29,-30.68,,,,,
7531,0,0,0,0,0,0,-41.78,-138.18,0,0,155.22,-4.77,-179.96,150.44,-29.52,,,,,
7541,0,0,0,0,0,0,-41.52,-128.07,0,0,146.32,-4.83,-169.6,141.49,-28.11,,,,,
7551,0,0,0,0,0,0,-42.98,-124.47,0,0,144.84,-5.17,-167.45,139.67,-27.78,,,,,
7561,0,0,0,0,0,0,-40.5,-118.41,0,0,136.18,-4.43,-158.91,131.75,-27.16,,,,,
7571,0,0,0,0,0,0,-43.66,-128.22,0,0,145.78,-4.92,-171.88,140.86,-31.01,,,,,
7581,0,0,0,0,0,0,-39.44,-130,0,0,145.13,-5.08,-169.44,140.05,-29.39,,,,,
7591,0,0,0,0,0,0,-42.09,-123.81,0,0,142.02,-4.83,-165.9,137.18,-28.72,,,,,
7601,0,0,0,0,0,0,-45.26,-122.43,0,0,141.61,-5.04,-167.69,136.56,-31.12,,,,,
7611,0,0,0,0,0,0,-43.12,-132.4,0,0,151.46,-5.02,-175.51,146.44,-29.07,,,,,
7621,0,0,0,0,0,0,-42.15,-124.29,0,0,141.35,-4.82,-166.43,136.53,-29.9,,,,,
7631,0,0,0,0,0,0,-43.69,-117.15,0,0,136.09,-5.14,-160.84,130.94,-29.89,,,,,
7641,0,0,0,0,0,0,-43.04,-129.54,0,0,145.2,-4.97,-172.58,140.24,-32.34,,,,,
7651,0,0,0,0,0,0,-45.37,-140.02,0,0,157.98,-5.14,-185.39,152.84,-32.55,,,,,
7661,0,0,0,0,0,0,-42.78,-123.85,0,0,142.64,-5.19,-166.63,137.45,-29.18,,,,,
7671,0,0,0,0,0,0,-40.37,-126.16,0,0,143.28,-4.94,-166.53,138.34,-28.19,,,,,
7681,0,0,0,0,0,0,-43.75,-135.17,0,0,152.57,-5.17,-178.92,147.4,-31.52,,,,,
7691,0,0,0,0,0,0,-37.74,-118.89,0,0,136.33,-4.58,-156.63,131.75,-24.88,,,,,
7701,0,0,0,0,0,0,-39.23,-115.04,0,0,130.58,-4.45,-154.26,126.13,-28.14,,,,,
7711,0,0,0,0,0,0,-40.36,-118.43,0,0,135.32,-4.83,-158.79,130.49,-28.3,,,,,
7721,0,0,0,0,0,0,-38.73,-119.69,0,0,137.4,-4.87,-158.43,132.53,-25.89,,,,,
7731,0,0,0,0,0,0,-42.78,-124.41,0,0,142.03,-5.03,-167.19,137,-30.19,,,,,
7741,0,0,0,0,0,0,-43.21,-113.71,0,0,132.91,-5.15,-156.92,127.76,-29.16,,,,,
7751,0,0,0,0,0,0,-42.1,-109.69,0,0,130.41,-4.86,-151.79,125.55,-26.24,,,,,
7761,0,0,0,0,0,0,-42.62,-123.35,0,0,142.96,-4.82,-165.97,138.14,-27.83,,,,,
7771,0,0,0,0,0,0,-38.98,-132.31,0,0,146.05,-4.67,-171.29,141.38,-29.91,,,,,
7781,0,0,0,0,0,0,-42.57,-141.15,0,0,157.96,-4.73,-183.72,153.23,-30.48,,,,,
7791,0,0,0,0,0,0,-36.8,-131.69,0,0,148.38,-4.43,-168.49,143.95,-24.54,,,,,
7801,0,0,0,0,0,0,-43.09,-139.69,0,0,158.19,-4.96,-182.78,153.22,-29.55,,,,,
7811,0,0,0,0,0,0,-40.57,-135.9,0,0,154.09,-4.74,-176.47,149.35,-27.12,,,,,
7821,0,0,0,0,0,0,-41.22,-137.05,0,0,154.52,-4.75,-178.27,149.77,-28.5,,,,,
7831,0,0,0,0,0,0,-41.53,-134.16,0,0,151.76,-4.83,-175.69,146.93,-28.76,,,,,
7841,0,0,0,0,0,0,-41.26,-143.06,0,0,159.73,-4.54,-184.32,155.19,-29.13,,,,,
7851,0,0,0,0,0,0,-40.3,-138.48,0,0,157.65,-4.61,-178.78,153.03,-25.75,,,,,
7861,0,0,0,0,0,0,-40.17,-119.87,0,0,137.65,-4.86,-160.04,132.8,-27.24,,,,,
7871,0,0,0,0,0,0,-43.29,-140.07,0,0,159.79,-4.98,-183.36,154.81,-28.55,,,,,
7881,0,0,0,0,0,0,-40.41,-133.84,0,0,152.55,-4.78,-174.25,147.77,-26.48,,,,,
7891,0,0,0,0,0,0,-43.18,-127.09,0,0,146.87,-5.1,-170.27,141.77,-28.5,,,,,
7901,0,0,0,0,0,0,-42.51,-130.64,0,0,148.16,-4.89,-173.15,143.27,-29.89,,,,,
7911,0,0,0,0,0,0,-44.75,-121.13,0,0,144.35,-5.15,-165.88,139.2,-26.67,,,,,
7921,0,0,0,0,0,0,-41.95,-117.8,0,0,137.34,-4.81,-159.75,132.53,-27.22,,,,,
7931,0,0,0,0,0,0,-43.06,-122.52,0,0,141.91,-4.91,-165.58,137,-28.58,,,,,
7941,0,0,0,0,0,0,-40.78,-115.71,0,0,134.68,-4.89,-156.49,129.79,-26.7,,,,,
7951,0,0,0,0,0,0,-40.64,-122.21,0,0,140.62,-4.75,-162.85,135.87,-26.98,,,,,
7961,0,0,0,0,0,0,-45.18,-133.03,0,0,153.72,-5.3,-178.21,148.42,-29.79,,,,,
7971,0,0,0,0,0,0,-44.96,-131.65,0,0,151.43,-5.37,-176.6,146.06,-30.54,,,,,
7981,0,0,0,0,0,0,-43.62,-134.18,0,0,155.49,-5.34,-177.8,150.15,-27.65,,,,,
7991,0,0,0,0,0,0,-40.52,-126.19,0,0,145.2,-5.04,-166.71,140.16,-26.55,,,,,
8001,0,0,0,0,0,0,-44.8,-132.35,0,0,152.16,-5.27,-177.15,146.89,-30.26,,,,,
8011,0,0,0,0,0,0,-43.18,-138.16,0,0,156.61,-5.17,-181.34,151.43,-29.91,,,,,
8021,0,0,0,0,0,0,-43.55,-131.64,0,0,149.9,-5.16,-175.19,144.74,-30.45,,,,,
8031,0,0,0,0,0,0,-37.62,-112.11,0,0,130.6,-4.75,-149.73,125.85,-23.88,,,,,
8041,0,0,0,0,0,0,-42.78,-116.19,0,0,134.94,-5,-158.97,129.94,-29.03,,,,,
8051,0,0,0,0,0,0,-44.3,-131.21,0,0,151.18,-5.28,-175.51,145.9,-29.61,,,,,
8061,0,0,0,0,0,0,-40.04,-123.85,0,0,144.34,-4.94,-163.89,139.4,-24.49,,,,,
8071,0,0,0,0,0,0,-41.86,-126.41,0,0,145.68,-4.83,-168.27,140.85,-27.41,,,,,
8081,0,0,0,0,0,0,-45.81,-130.97,0,0,149.61,-5.27,-176.78,144.34,-32.44,,,,,
8091,0,0,0,0,0,0,-41.75,-125,0,0,146.61,-5.28,-166.75,141.33,-25.42,,,,,
8101,0,0,0,0,0,0,-43.67,-132.66,0,0,152.56,-5.4,-176.33,147.17,-29.16,,,,,
8111,0,0,0,0,0,0,-43.28,-129.78,0,0,150.75,-5.32,-173.06,145.43,-27.63,,,,,
8121,0,0,0,0,0,0,-43.04,-131.09,0,0,151.89,-5.11,-174.13,146.79,-27.35,,,,,
8131,0,0,0,0,0,0,-40.97,-128.1,0,0,148.05,-4.71,-169.06,143.34,-25.73,,,,,
8141,0,0,0,0,0,0,-39.3,-124.88,0,0,144.36,-4.61,-164.17,139.75,-24.42,,,,,
8151,0,0,0,0,0,0,-40.16,-133.94,0,0,152.43,-4.9,-174.09,147.52,-26.57,,,,,
8161,0,0,0,0,0,0,-40.9,-122.87,0,0,142.36,-4.66,-163.77,137.69,-26.07,,,,,
8171,0,0,0,0,0,0,-41.07,-136.16,0,0,158.44,-5.19,-177.23,153.25,-23.98,,,,,
8181,0,0,0,0,0,0,-42.63,-142.8,0,0,160.78,-5.19,-185.43,155.59,-29.84,,,,,
8191,0,0,0,0,0,0,-39.3,-119.56,0,0,137.36,-4.57,-158.86,132.79,-26.06,,,,,
8201,0,0,0,0,0,0,-41.79,-119.14,0,0,136.9,-4.79,-160.94,132.1,-28.83,,,,,
8211,0,0,0,0,0,0,-39.25,-122.5,0,0,143.45,-4.93,-161.75,138.53,-23.23,,,,,
8221,0,0,0,0,0,0,-40.71,-123.41,0,0,142.94,-5.02,-164.11,137.92,-26.19,,,,,
8231,0,0,0,0,0,0,-40.63,-126.6,0,0,145.01,-4.85,-167.23,140.16,-27.06,,,,,
8241,0,0,0,0,0,0,-41.83,-111.99,0,0,133.23,-4.89,-153.82,128.34,-25.48,,,,,
8251,0,0,0,0,0,0,-42.76,-129.88,0,0,150.37,-5.19,-172.64,145.18,-27.46,,,,,
8261,0,0,0,0,0,0,-39.79,-123.43,0,0,142.64,-4.72,-163.23,137.92,-25.3,,,,,
8271,0,0,0,0,0,0,-40.31,-129.13,0,0,148.48,-4.94,-169.44,143.53,-25.91,,,,,
8281,0,0,0,0,0,0,-39.14,-113.92,0,0,133.73,-4.39,-153.06,129.34,-23.72,,,,,
8291,0,0,0,0,0,0,-37.94,-137.08,0,0,156.82,-4.97,-175.02,151.85,-23.18,,,,,
8301,0,0,0,0,0,0,-44.11,-145.66,0,0,163.75,-5.03,-189.77,158.72,-31.05,,,,,
8311,0,0,0,0,0,0,-40.72,-137.26,0,0,158.71,-4.96,-177.98,153.75,-24.23,,,,,
8321,0,0,0,0,0,0,-41.26,-134.7,0,0,154.13,-4.85,-175.96,149.28,-26.68,,,,,
8331,0,0,0,0,0,0,-41.66,-141.24,0,0,162.55,-5.11,-182.9,157.44,-25.46,,,,,
8341,0,0,0,0,0,0,-43.65,-135.92,0,0,155.19,-4.89,-179.57,150.3,-29.27,,,,,
8351,0,0,0,0,0,0,-41.6,-138.07,0,0,158.76,-5.11,-179.67,153.65,-26.03,,,,,
8361,0,0,0,0,0,0,-42.54,-133.81,0,0,152.78,-4.86,-176.35,147.92,-28.43,,,,,
8371,0,0,0,0,0,0,-43.1,-131.52,0,0,151.81,-4.84,-174.62,146.97,-27.65,,,,,
8381,0,0,0,0,0,0,-42.81,-134.45,0,0,153,-4.91,-177.26,148.09,-29.16,,,,,
8391,0,0,0,0,0,0,-41.27,-134.45,0,0,150.85,-4.62,-175.71,146.23,-29.48,,,,,
8401,0,0,0,0,0,0,-39.03,-141.97,0,0,158.52,-4.76,-181.01,153.77,-27.24,,,,,
8411,0,0,0,0,0,0,-44.46,-143.05,0,0,161.26,-5.27,-187.52,155.98,-31.53,,,,,
8421,0,0,0,0,0,0,-39.14,-138.24,0,0,158.51,-4.67,-177.37,153.84,-23.53,,,,,
8431,0,0,0,0,0,0,-42.45,-141.21,0,0,160.03,-4.97,-183.66,155.06,-28.6,,,,,
8441,0,0,0,0,0,0,-37.92,-136.48,0,0,156.15,-4.79,-174.4,151.35,-23.05,,,,,
8451,0,0,0,0,0,0,-40.2,-145.88,0,0,165.77,-4.94,-186.08,160.82,-25.26,,,,,
8461,0,0,0,0,0,0,-42.16,-139.41,0,0,157.93,-4.89,-181.57,153.04,-28.53,,,,,
8471,0,0,0,0,0,0,-40.81,-148.21,0,0,167.59,-4.7,-189.02,162.88,-26.14,,,,,
8481,0,0,0,0,0,0,-42.08,-137.25,0,0,158.68,-4.82,-179.33,153.86,-25.47,,,,,
8491,0,0,0,0,0,0,-40.53,-133.93,0,0,151.99,-4.82,-174.46,147.17,-27.3,,,,,
8501,0,0,0,0,0,0,-39.99,-140.89,0,0,158.04,-4.96,-180.88,153.08,-27.79,,,,,
8511,0,0,0,0,0,0,-41.95,-139.37,0,0,158.17,-5,-181.32,153.17,-28.15,,,,,
8521,0,0,0,0,0,0,-42.78,-133.89,0,0,152.74,-5,-176.67,147.74,-28.93,,,,,
8531,0,0,0,0,0,0,-39.07,-137.85,0,0,157.01,-4.72,-176.92,152.3,-24.62,,,,,
8541,0,0,0,0,0,0,-40.16,-141.49,0,0,158.97,-4.68,-181.65,154.29,-27.36,,,,,
8551,0,0,0,0,0,0,-40.22,-130.73,0,0,150.78,-4.81,-170.95,145.97,-24.98,,,,,
8561,0,0,0,0,0,0,-40.89,-144.39,0,0,163.69,-4.92,-185.29,158.76,-26.53,,,,,
8571,0,0,0,0,0,0,-40.26,-146.73,0,0,164.09,-4.8,-186.99,159.28,-27.71,,,,,
8581,0,0,0,0,0,0,-41.34,-142.44,0,0,161.74,-4.75,-183.78,156.99,-26.79,,,,,
8591,0,0,0,0,0,0,-42.73,-129.43,0,0,150.02,-5.02,-172.17,144.99,-27.17,,,,,
8601,0,0,0,0,0,0,-43.17,-144.86,0,0,166.13,-4.88,-188.03,161.25,-26.78,,,,,
8611,0,0,0,0,0,0,-42.71,-124.96,0,0,143.48,-4.86,-167.67,138.63,-29.05,,,,,
8621,0,0,0,0,0,0,-42.22,-123.81,0,0,143.21,-4.82,-166.04,138.39,-27.65,,,,,
8631,0,0,0,0,0,0,-41.6,-133.11,0,0,153.87,-5.05,-174.71,148.81,-25.89,,,,,
8641,0,0,0,0,0,0,-41.98,-130.74,0,0,149.31,-5.26,-172.72,144.05,-28.67,,,,,
8651,0,0,0,0,0,0,-43.27,-138.23,0,0,156.86,-5.18,-181.5,151.68,-29.82,,,,,
8661,0,0,0,0,0,0,-44.49,-139.3,0,0,156.57,-5.19,-183.79,151.38,-32.41,,,,,
8671,0,0,0,0,0,0,-42.5,-126.55,0,0,146.02,-5.22,-169.05,140.8,-28.26,,,,,
8681,0,0,0,0,0,0,-36.74,-120,0,0,136.88,-4.38,-156.75,132.5,-24.25,,,,,
8691,0,0,0,0,0,0,-40.3,-118.1,0,0,136.63,-4.64,-158.4,131.99,-26.41,,,,,
8701,0,0,0,0,0,0,-41.25,-135.3,0,0,152.06,-4.66,-176.55,147.4,-29.15,,,,,
8711,0,0,0,0,0,0,-39.65,-134.74,0,0,152.25,-4.59,-174.39,147.66,-26.73,,,,,
8721,0,0,0,0,0,0,-42.76,-132.07,0,0,149.34,-4.92,-174.83,144.42,-30.41,,,,,
8731,0,0,0,0,0,0,-41.57,-136.5,0,0,152.93,-4.84,-178.08,148.09,-29.98,,,,,
8741,0,0,0,0,0,0,-38.89,-133.97,0,0,152.35,-4.66,-172.86,147.7,-25.16,,,,,
8751,0,0,0,0,0,0,-39.39,-127.78,0,0,145.37,-4.79,-167.17,140.59,-26.58,,,,,
8761,0,0,0,0,0,0,-38.36,-129.1,0,0,147.76,-4.46,-167.46,143.3,-24.16,,,,,
8771,0,0,0,0,0,0,-39.07,-126.4,0,0,144.75,-4.47,-165.47,140.28,-25.2,,,,,
8781,0,0,0,0,0,0,-38.83,-126.87,0,0,145.89,-4.95,-165.7,140.95,-24.75,,,,,
8791,0,0,0,0,0,0,-40.2,-137.74,0,0,154.43,-4.63,-177.93,149.8,-28.13,,,,,
8801,0,0,0,0,0,0,-40.42,-134.52,0,0,153.99,-4.81,-174.95,149.19,-25.76,,,,,
8811,0,0,0,0,0,0,-41.6,-122.13,0,0,142.01,-4.85,-163.73,137.15,-26.57,,,,,
8821,0,0,0,0,0,0,-41.28,-132.55,0,0,151.55,-5.01,-173.83,146.54,-27.29,,,,,
8831,0,0,0,0,0,0,-43.46,-126.43,0,0,145.51,-5.06,-169.89,140.45,-29.44,,,,,
8841,0,0,0,0,0,0,-42.81,-132.16,0,0,150.47,-5.07,-174.97,145.4,-29.57,,,,,
8851,0,0,0,0,0,0,-42.36,-124.2,0,0,143.46,-4.82,-166.56,138.64,-27.92,,,,,
8861,0,0,0,0,0,0,-40.66,-133.91,0,0,151.54,-4.63,-174.57,146.91,-27.66,,,,,
8871,0,0,0,0,0,0,-43.22,-145.09,0,0,163.33,-4.95,-188.31,158.38,-29.93,,,,,
8881,0,0,0,0,0,0,-36.8,-131.31,0,0,148,-4.43,-168.11,143.56,-24.55,,,,,
8891,0,0,0,0,0,0,-41.27,-119.83,0,0,138.47,-4.74,-161.11,133.73,-27.38,,,,,
8901,0,0,0,0,0,0,-43.47,-128.13,0,0,146.81,-4.77,-171.6,142.04,-29.56,,,,,
8911,0,0,0,0,0,0,-42.67,-128.69,0,0,146.06,-5.02,-171.36,141.05,-30.31,,,,,
8921,0,0,0,0,0,0,-41.98,-127.49,0,0,144.39,-4.67,-169.47,139.72,-29.74,,,,,
8931,0,0,0,0,0,0,-41.59,-132,0,0,150.46,-4.87,-173.59,145.59,-28.01,,,,,
8941,0,0,0,0,0,0,-41.81,-128.96,0,0,148.53,-4.72,-170.77,143.81,-26.96,,,,,
8951,0,0,0,0,0,0,-37.74,-120.4,0,0,136.94,-4.2,-158.14,132.74,-25.4,,,,,
8961,0,0,0,0,0,0,-41.26,-133.01,0,0,152.05,-4.82,-174.27,147.24,-27.03,,,,,
8971,0,0,0,0,0,0,-41.82,-123.92,0,0,142.55,-4.7,-165.75,137.85,-27.89,,,,,
8981,0,0,0,0,0,0,-38.84,-135.9,0,0,154.36,-5.1,-174.74,149.26,-25.48,,,,,
8991,0,0,0,0,0,0,-40.93,-134.38,0,0,151.82,-4.72,-175.3,147.1,-28.2,,,,,
9001,0,0,0,0,0,0,-42.39,-139.38,0,0,157.23,-4.98,-181.77,152.25,-29.52,,,,,
9011,0,0,0,0,0,0,-41.22,-142.28,0,0,158.96,-4.65,-183.51,154.31,-29.2,,,,,
9021,0,0,0,0,0,0,-41.02,-150.18,0,0,167,-4.68,-191.2,162.32,-28.88,,,,,
9031,0,0,0,0,0,0,-39.72,-140.31,0,0,158.51,-4.87,-180.03,153.63,-26.39,,,,,
9041,0,0,0,0,0,0,-42.05,-145.97,0,0,161.9,-4.88,-188.02,157.02,-31,,,,,
9051,0,0,0,0,0,0,-42.11,-141.44,0,0,158.39,-4.76,-183.55,153.62,-29.93,,,,,
9061,0,0,0,0,0,0,-42.9,-142.28,0,0,159.43,-4.68,-185.19,154.75,-30.44,,,,,
9071,0,0,0,0,0,0,-38.04,-139.58,0,0,155.37,-4.47,-177.62,150.9,-26.72,,,,,
9081,0,0,0,0,0,0,-40.22,-142.71,0,0,157.77,-4.5,-182.93,153.28,-29.66,,,,,
9091,0,0,0,0,0,0,-35.23,-142.45,0,0,157.91,-4.52,-177.68,153.39,-24.29,,,,,
9101,0,0,0,0,0,0,-39.1,-137.59,0,0,154.25,-4.42,-176.69,149.84,-26.85,,,,,
9111,0,0,0,0,0,0,-37.88,-147.86,0,0,163.74,-4.54,-185.74,159.2,-26.54,,,,,
9121,0,0,0,0,0,0,-40.37,-132.21,0,0,148.96,-4.65,-172.58,144.31,-28.27,,,,,
9131,0,0,0,0,0,0,-41.21,-138.52,0,0,154.03,-4.88,-179.74,149.15,-30.58,,,,,
9141,0,0,0,0,0,0,-41.91,-141.04,0,0,157.92,-5.09,-182.95,152.83,-30.12,,,,,
9151,0,0,0,0,0,0,-36.44,-128.94,0,0,145.45,-4.56,-165.38,140.89,-24.49,,,,,
9161,0,0,0,0,0,0,-44.32,-141.4,0,0,158.97,-5.05,-185.73,153.92,-31.81,,,,,
9171,0,0,0,0,0,0,-39.98,-134.16,0,0,150.61,-4.79,-174.14,145.82,-28.32,,,,,
9181,0,0,0,0,0,0,-38.76,-129.25,0,0,146.57,-4.62,-168.01,141.94,-26.07,,,,,
9191,0,0,0,0,0,0,-42.19,-121.63,0,0,139.36,-5.03,-163.82,134.32,-29.49,,,,,
9201,0,0,0,0,0,0,-43.28,-131.94,0,0,149.87,-4.95,-175.21,144.92,-30.3,,,,,
9211,0,0,0,0,0,0,-42.19,-146.56,0,0,163.86,-4.98,-188.75,158.88,-29.87,,,,,
9221,0,0,0,0,0,0,-43.51,-132.93,0,0,151.46,-5.03,-176.44,146.44,-30,,,,,
9231,0,0,0,0,0,0,-40.6,-130.94,0,0,149.16,-4.61,-171.54,144.55,-26.99,,,,,
9241,0,0,0,0,0,0,-44,-137.36,0,0,154.13,-5.03,-181.36,149.1,-32.26,,,,,
9251,0,0,0,0,0,0,-41.04,-131.18,0,0,149.67,-5,-172.22,144.67,-27.55,,,,,
9261,0,0,0,0,0,0,-39.77,-134.82,0,0,152.86,-4.76,-174.59,148.1,-26.49,,,,,
9271,0,0,0,0,0,0,-41.41,-134.48,0,0,151.34,-4.88,-175.88,146.46,-29.42,,,,,
9281,0,0,0,0,0,0,-39.2,-131.98,0,0,149.55,-4.72,-171.18,144.83,-26.35,,,,,
9291,0,0,0,0,0,0,-39,-129.52,0,0,146.32,-4.99,-168.52,141.34,-27.18,,,,,
9301,0,0,0,0,0,0,-42.47,-124.65,0,0,142.98,-4.91,-167.11,138.07,-29.04,,,,,
9311,0,0,0,0,0,0,-42.07,-129.9,0,0,147.19,-4.81,-171.97,142.38,-29.59,,,,,
9321,0,0,0,0,0,0,-37.19,-130.33,0,0,145.98,-4.52,-167.52,141.46,-26.05,,,,,
9331,0,0,0,0,0,0,-42.4,-134.11,0,0,152.41,-4.96,-176.51,147.45,-29.06,,,,,
9341,0,0,0,0,0,0,-41.29,-125.32,0,0,141.84,-4.84,-166.62,137,-29.62,,,,,
9351,0,0,0,0,0,0,-41.58,-130.74,0,0,147.96,-5.01,-172.33,142.95,-29.38,,,,,
9361,0,0,0,0,0,0,-43.74,-127.33,0,0,147.22,-5.13,-171.07,142.09,-28.98,,,,,
9371,0,0,0,0,0,0,-42.45,-128.16,0,0,146.54,-5.1,-170.6,141.44,-29.16,,,,,
9381,0,0,0,0,0,0,-43.41,-129.2,0,0,145.48,-4.91,-172.61,140.57,-32.03,,,,,
9391,0,0,0,0,0,0,-42.06,-126.43,0,0,143.13,-4.95,-168.49,138.18,-30.31,,,,,
9401,0,0,0,0,0,0,-43.18,-119.61,0,0,138.03,-4.99,-162.79,133.04,-29.75,,,,,
9411,0,0,0,0,0,0,-44.02,-121.9,0,0,138.16,-5.2,-165.92,132.96,-32.96,,,,,
9421,0,0,0,0,0,0,-41.43,-128.42,0,0,148.39,-4.87,-169.85,143.53,-26.32,,,,,
9431,0,0,0,0,0,0,-43.85,-135.96,0,0,153.7,-5.11,-179.81,148.59,-31.23,,,,,
9441,0,0,0,0,0,0,-42.79,-125.91,0,0,143.6,-4.95,-168.69,138.65,-30.05,,,,,
9451,0,0,0,0,0,0,-37.51,-124.15,0,0,141.45,-4.56,-161.66,136.9,-24.76,,,,,
9461,0,0,0,0,0,0,-37.04,-130.39,0,0,146.24,-4.53,-167.43,141.71,-25.71,,,,,
9471,0,0,0,0,0,0,-40.28,-129.44,0,0,147.15,-4.75,-169.72,142.4,-27.33,,,,,
9481,0,0,0,0,0,0,-38.89,-127.63,0,0,145.65,-4.57,-166.51,141.08,-25.43,,,,,
9491,0,0,0,0,0,0,-43.37,-114.67,0,0,133.54,-5,-158.04,128.54,-29.5,,,,,
9501,0,0,0,0,0,0,-39.99,-127.93,0,0,145.8,-4.61,-167.91,141.19,-26.73,,,,,
9511,0,0,0,0,0,0,-45.43,-121.38,0,0,139.92,-5.25,-166.82,134.67,-32.15,,,,,
9521,0,0,0,0,0,0,-41.53,-118.49,0,0,136.75,-4.75,-160.02,132,-28.01,,,,,
9531,0,0,0,0,0,0,-42.47,-126.92,0,0,144.15,-4.8,-169.39,139.35,-30.04,,,,,
9541,0,0,0,0,0,0,-40.38,-121.73,0,0,138.68,-4.71,-162.11,133.97,-28.13,,,,,
9551,0,0,0,0,0,0,-38.3,-129.44,0,0,148.77,-4.56,-167.74,144.21,-23.53,,,,,
9561,0,0,0,0,0,0,-40.74,-134.18,0,0,152.3,-4.88,-174.91,147.42,-27.49,,,,,
9571,0,0,0,0,0,0,-43.35,-125.2,0,0,144.06,-4.93,-168.55,139.13,-29.42,,,,,
9581,0,0,0,0,0,0,-41.78,-122.71,0,0,140.59,-4.61,-164.5,135.98,-28.51,,,,,
9591,0,0,0,0,0,0,-41.26,-124.43,0,0,141.79,-4.89,-165.7,136.9,-28.79,,,,,
9601,0,0,0,0,0,0,-42.89,-132.77,0,0,150.96,-4.93,-175.67,146.04,-29.63,,,,,
9611,0,0,0,0,0,0,-41.53,-119.22,0,0,138.92,-4.58,-160.75,134.34,-26.41,,,,,
9621,0,0,0,0,0,0,-40.39,-129.92,0,0,148.31,-4.65,-170.31,143.66,-26.65,,,,,
9631,0,0,0,0,0,0,-38.38,-125.3,0,0,144.86,-4.53,-163.68,140.33,-23.35,,,,,
9641,0,0,0,0,0,0,-40.88,-128.17,0,0,145.77,-4.8,-169.04,140.97,-28.07,,,,,
9651,0,0,0,0,0,0,-39.84,-120.73,0,0,139.9,-4.7,-160.57,135.2,-25.38,,,,,
9661,0,0,0,0,0,0,-40.36,-115.99,0,0,136.51,-4.71,-156.36,131.79,-24.56,,,,,
9671,0,0,0,0,0,0,-39.87,-137.01,0,0,154.39,-4.55,-176.88,149.84,-27.04,,,,,
9681,0,0,0,0,0,0,-42.97,-126.06,0,0,144.13,-4.95,-169.03,139.19,-29.84,,,,,
9691,0,0,0,0,0,0,-42.55,-119.15,0,0,135.47,-4.86,-161.7,130.61,-31.08,,,,,
9701,0,0,0,0,0,0,-43.48,-125.33,0,0,142.46,-4.96,-168.81,137.5,-31.3,,,,,
9711,0,0,0,0,0,0,-41.92,-141.76,0,0,160.15,-5.05,-183.69,155.09,-28.59,,,,,
9721,0,0,0,0,0,0,-41.98,-126.45,0,0,144.89,-5,-168.43,139.9,-28.53,,,,,
9731,0,0,0,0,0,0,-43.79,-117.33,0,0,134.24,-4.95,-161.12,129.29,-31.83,,,,,
9741,0,0,0,0,0,0,-39.44,-131.52,0,0,146.54,-4.78,-170.96,141.76,-29.2,,,,,
9751,0,0,0,0,0,0,-37.84,-135.16,0,0,150.94,-4.7,-173,146.24,-26.76,,,,,
9761,0,0,0,0,0,0,-38.04,-137.68,0,0,155.77,-5.01,-175.72,150.76,-24.97,,,,,
9771,0,0,0,0,0,0,-38.93,-114.52,0,0,131.7,-4.4,-153.45,127.3,-26.15,,,,,
9781,0,0,0,0,0,0,-38.99,-129.19,0,0,146.35,-4.84,-168.18,141.51,-26.68,,,,,
9791,0,0,0,0,0,0,-42.43,-125.94,0,0,145.2,-4.98,-168.37,140.22,-28.15,,,,,
9801,0,0,0,0,0,0,-43.43,-132.12,0,0,152.47,-4.83,-175.55,147.64,-27.91,,,,,
9811,0,0,0,0,0,0,-42.65,-127.17,0,0,144.95,-4.83,-169.82,140.12,-29.7,,,,,
9821,0,0,0,0,0,0,-42.06,-110.36,0,0,129.03,-4.87,-152.42,124.17,-28.26,,,,,
9831,0,0,0,0,0,0,-39.52,-128.9,0,0,146.38,-4.64,-168.43,141.73,-26.69,,,,,
9841,0,0,0,0,0,0,-37.37,-129.66,0,0,145.15,-4.49,-167.03,140.66,-26.37,,,,,
9851,0,0,0,0,0,0,-37.1,-121.29,0,0,139.06,-4.34,-158.39,134.71,-23.67,,,,,
9861,0,0,0,0,0,0,-39.08,-123.73,0,0,140.76,-4.35,-162.81,136.41,-26.41,,,,,
9871,0,0,0,0,0,0,-38.4,-129.34,0,0,146.51,-4.25,-167.74,142.26,-25.48,,,,,
9881,0,0,0,0,0,0,-40.18,-129.98,0,0,147.97,-4.79,-170.15,143.17,-26.98,,,,,
9891,0,0,0,0,0,0,-41.02,-132.46,0,0,151.76,-4.67,-173.48,147.09,-26.39,,,,,
9901,0,0,0,0,0,0,-41.17,-130.51,0,0,147.29,-4.87,-171.68,142.42,-29.26,,,,,
9911,0,0,0,0,0,0,-43.2,-135.53,0,0,154.07,-4.98,-178.74,149.09,-29.65,,,,,
9921,0,0,0,0,0,0,-39.76,-134.75,0,0,153.6,-5.05,-174.51,148.55,-25.96,,,,,
9931,0,0,0,0,0,0,-41.03,-142.31,0,0,159.24,-4.89,-183.34,154.34,-29,,,,,
9941,0,0,0,0,0,0,-42,-133.41,0,0,151.76,-4.88,-175.41,146.88,-28.53,,,,,
9951,0,0,0,0,0,0,-37.48,-129.47,0,0,145.52,-4.53,-166.94,140.99,-25.95,,,,,
9961,0,0,0,0,0,0,-41.95,-126.92,0,0,145.11,-4.8,-168.86,140.31,-28.55,,,,,
9971,0,0,0,0,0,0,-40.91,-131.05,0,0,147.15,-4.67,-171.96,142.49,-29.47,,,,,
9981,0,0,0,0,0,0,-42.44,-119.05,0,0,137.52,-4.94,-161.49,132.59,-28.9,,,,,
9991,0,0,0,0,0,0,-38.64,-133.84,0,0,150.91,-4.65,-172.48,146.25,-26.22,,,,,
10001,0,0,0,0,0,0,-42.98,-127.25,0,0,145.55,-5.19,-170.24,140.36,-29.88,,,,,
