GENERALIZED BORN:,,,,,,,,,,,,,,,,,,,,,,,,
Complex Energy Terms,,,,,,,,,,,,,,,,,,,,,,,,
Frame #,BOND,ANGLE,DIHED,UB,IMP,CMAP,VDWAALS,EEL,1-4 VDW,1-4 EEL,EGB,ESURF,GGAS,GSOLV,TOTAL,,,,,,,,,
1,1823.85,4218.93,4994.7,480.41,264.7,-85.92,-4040.14,-29692.13,1665.17,17419.89,-5013.28,144.59,-2950.53,-4868.69,-7819.22,,,,,,,,,
11,1820.68,4339.02,4977.81,486.02,236.19,-93.29,-3975.31,-29242.77,1627.07,17213.7,-5283.38,154.71,-2610.88,-5128.67,-7739.55,,,,,,,,,
21,1859.59,4245.01,5019.72,492.5,280.15,-66.14,-3943.82,-29202.49,1630.94,17309.08,-5383.42,159.64,-2375.47,-5223.78,-7599.25,,,,,,,,,
31,1789.14,4244.88,4986.21,479.77,276.57,-121.83,-3913.07,-29068.52,1648.32,17323.98,-5479.63,161.96,-2354.56,-5317.67,-7672.23,,,,,,,,,
41,1873.75,4226.98,4977.21,474.34,262.28,-109.78,-3929.07,-29341.26,1617.64,17339.62,-5301.47,159.32,-2608.31,-5142.15,-7750.46,,,,,,,,,
51,1767.07,4381.75,4988.45,474.61,284.78,-98.34,-3889.43,-29329.16,1581.58,17283.58,-5298.51,159.34,-2555.11,-5139.17,-7694.28,,,,,,,,,
61,1832.64,4185.23,5002.59,474.77,262.63,-89.66,-3903.29,-29149.64,1651.82,17162.17,-5374.35,158.21,-2570.73,-5216.15,-7786.87,,,,,,,,,
71,1825.68,4321.95,4990.12,485.3,259.84,-113.38,-3884.9,-29177.95,1637.51,17247.55,-5383.27,162.52,-2408.27,-5220.75,-7629.02,,,,,,,,,
81,1816.84,4277.31,4960.56,504.06,266.32,-113.52,-3932.47,-29187.01,1635.87,17277.63,-5386.45,160.26,-2494.41,-5226.19,-7720.61,,,,,,,,,
91,1814.09,4355.89,4949.54,478.23,259.24,-85.49,-3881.05,-29344.46,1649.44,17224.31,-5257.36,158.92,-2580.27,-5098.44,-7678.71,,,,,,,,,
101,1741.64,4253.06,4974.69,472.59,270.96,-97.39,-3915.99,-29187.54,1624.18,17286.59,-5365.12,161.79,-2577.2,-5203.33,-7780.54,,,,,,,,,
111,1813.88,4250.13,4960.32,467.82,285.26,-125.14,-3910.58,-29056.5,1630.42,17210.55,-5441.91,160.21,-2473.85,-5281.7,-7755.55,,,,,,,,,
121,1792.07,4314.78,5001.68,478.45,267.83,-121.47,-3894.69,-29197.36,1643.59,17327.44,-5437.56,163.73,-2387.69,-5273.84,-7661.52,,,,,,,,,
131,1804.75,4256.78,4980.19,489.3,262.5,-117.36,-3875.03,-29126.76,1664.58,17317.49,-5501.96,165.96,-2343.55,-5336,-7679.55,,,,,,,,,
141,1783.01,4231.6,5024.99,481.71,293.9,-104.1,-3885.27,-29051.13,1651.35,17253.66,-5509.49,168.42,-2320.27,-5341.06,-7661.33,,,,,,,,,
151,1715.11,4238.4,4987.92,483.58,267.21,-106.2,-3897.21,-29227.34,1664.34,17333.79,-5383.34,165.62,-2540.41,-5217.72,-7758.14,,,,,,,,,
161,1816.48,4273.77,4983.92,478.27,249.28,-99.27,-3825.45,-29130.51,1665.27,17335.15,-5520.81,163.25,-2253.11,-5357.56,-7610.67,,,,,,,,,
171,1847.11,4209.87,4957.39,480.25,280.74,-97.1,-3911.6,-28954.23,1632.11,17246.61,-5558.92,169.27,-2308.84,-5389.65,-7698.49,,,,,,,,,
181,1807.83,4254.85,4966.64,471.41,263.84,-134.75,-3901.71,-29026.3,1613.76,17240.17,-5525.94,165.09,-2444.25,-5360.85,-7805.1,,,,,,,,,
191,1874.14,4172.09,4958.49,491.54,261.39,-122.33,-3922.69,-28954.68,1601.32,17165.76,-5513.74,166.66,-2474.97,-5347.08,-7822.06,,,,,,,,,
201,1827.7,4259.26,4968.93,489.32,262.51,-123.98,-3888.11,-29214.47,1667.24,17272.25,-5337.72,160.95,-2479.35,-5176.77,-7656.12,,,,,,,,,
211,1819.26,4165.53,4992.66,465.04,296.18,-126.55,-3905.44,-29082.33,1646.48,17334.1,-5484.83,162.46,-2395.07,-5322.37,-7717.44,,,,,,,,,
221,1855.92,4261.62,4951.52,462.92,278.12,-132.52,-3852.33,-29093.06,1622.25,17194.14,-5392.06,163.57,-2451.41,-5228.49,-7679.89,,,,,,,,,
231,1809.12,4329.11,4999.93,472.51,272.7,-123.33,-3904.02,-29263.35,1618.81,17167.54,-5260.87,161.75,-2620.98,-5099.13,-7720.11,,,,,,,,,
241,1780.71,4336,4998.62,471.18,270.65,-118.61,-3880.98,-29243.53,1596.69,17099.49,-5229.82,165.62,-2689.77,-5064.2,-7753.97,,,,,,,,,
251,1878.63,4357.74,4974.17,485.66,273.27,-141.38,-3923.26,-29199.45,1629.38,17239.18,-5311.8,163.58,-2426.06,-5148.22,-7574.28,,,,,,,,,
261,1807.56,4221.19,5010.48,479.66,268.47,-131.85,-3905.91,-29231.71,1662.16,17263.5,-5326.87,165.22,-2556.44,-5161.65,-7718.09,,,,,,,,,
271,1805.08,4309.71,5001.77,470.35,267.95,-152.4,-3911.02,-29046.98,1631.94,17243.81,-5471.98,165.92,-2379.78,-5306.06,-7685.84,,,,,,,,,
281,1779.32,4291.92,5009.99,477.55,280.14,-118.28,-3883.98,-28981.67,1622.99,17192.14,-5523.02,169.66,-2329.89,-5353.36,-7683.25,,,,,,,,,
291,1805.7,4342.89,5017.23,479.88,286.1,-121.5,-3867.2,-29030.04,1620.92,17164.05,-5478.72,167.02,-2301.96,-5311.71,-7613.67,,,,,,,,,
301,1814.15,4245.03,5003.73,456.06,272.57,-128.05,-3879.2,-29277.95,1576.24,17265.45,-5340.61,163.45,-2651.98,-5177.16,-7829.14,,,,,,,,,
311,1797.65,4192.01,5003.25,484.33,288.05,-119.48,-3912.22,-29186.41,1644.1,17185.51,-5342.58,163,-2623.2,-5179.58,-7802.78,,,,,,,,,
321,1781.41,4272.51,4958.18,470.54,258.64,-116.22,-3887.21,-29244.93,1641.24,17377.55,-5428.46,166.62,-2488.29,-5261.84,-7750.13,,,,,,,,,
331,1809.02,4289.05,4950.34,471.35,261.83,-115.79,-3904.44,-29130.6,1654.83,17327.68,-5457.16,163.51,-2386.71,-5293.65,-7680.36,,,,,,,,,
341,1748.34,4260.92,4964.85,466.78,262.94,-85.65,-3880.35,-29358.37,1618.99,17290.31,-5253.17,162.65,-2711.24,-5090.52,-7801.76,,,,,,,,,
351,1826.65,4184.24,4966.78,462.15,273.72,-138.18,-3841.69,-29227.06,1620.09,17273.73,-5381.17,169.83,-2599.57,-5211.34,-7810.91,,,,,,,,,
361,1804.68,4233.47,4984.53,481.28,297.06,-101.41,-3926.26,-29310.54,1639.31,17318.56,-5336.56,163.67,-2579.32,-5172.89,-7752.21,,,,,,,,,
371,1772.61,4178.78,5014.15,465.01,264.8,-141.26,-3891.16,-29233.12,1629.17,17313.21,-5374.7,164.06,-2627.82,-5210.64,-7838.46,,,,,,,,,
381,1827.32,4324.03,5010.91,477.07,289.72,-134.82,-3894.23,-29065.59,1623.53,17195.87,-5470.46,169.96,-2346.19,-5300.49,-7646.68,,,,,,,,,
391,1799.27,4349.48,5008.49,480.25,284.65,-131.12,-3859.15,-29214.91,1616.53,17222.97,-5380.12,166.58,-2443.53,-5213.54,-7657.07,,,,,,,,,
401,1856.04,4189.02,4999.62,482.97,265.83,-81.95,-3888.28,-29091.36,1665.51,17237.23,-5469.63,163.06,-2365.38,-5306.57,-7671.95,,,,,,,,,
411,1899.82,4209.78,4967.36,474.24,266.72,-107.85,-3860.06,-29019.46,1610.7,17237.12,-5530.19,169.83,-2321.63,-5360.36,-7681.99,,,,,,,,,
421,1860.26,4238.57,4974.14,474.43,264.23,-110.34,-3881.88,-28856.16,1619.44,17149.89,-5610.47,167.4,-2267.42,-5443.07,-7710.49,,,,,,,,,
431,1790.11,4210.7,4994.9,483.2,267.66,-110.32,-3909.32,-28766.38,1648.27,17174.07,-5690.2,170.15,-2217.11,-5520.05,-7737.16,,,,,,,,,
441,1897,4270.8,4930.09,490.34,269.62,-97.86,-3870.62,-28891.61,1614.45,17142.97,-5590.24,170.76,-2244.81,-5419.48,-7664.29,,,,,,,,,
451,1845.46,4285.9,4971.18,469.47,273.4,-116.89,-3805.74,-29099.74,1641.85,17226.75,-5516.14,170.2,-2308.36,-5345.94,-7654.31,,,,,,,,,
461,1791.38,4263.65,5020.09,470.83,289.1,-107.05,-3854.91,-28939.24,1603.59,17132.95,-5506.17,171.92,-2329.62,-5334.25,-7663.86,,,,,,,,,
471,1810.05,4230.43,4991.53,486.28,278.11,-139.6,-3856.51,-28964.41,1624.61,17206.76,-5584.23,168.39,-2332.74,-5415.85,-7748.59,,,,,,,,,
481,1808.99,4290.56,4945.33,488.17,252.81,-76.89,-3875.17,-29031.21,1622.39,17272.8,-5560.28,167.09,-2302.21,-5393.18,-7695.4,,,,,,,,,
491,1806.11,4238.96,4969.16,468.69,284.59,-103.37,-3886.47,-29000.09,1647.69,17260.48,-5508.14,164.82,-2314.25,-5343.33,-7657.58,,,,,,,,,
501,1885.47,4295.96,4951.95,483.13,252.82,-98.58,-3905.34,-28952.84,1569.06,17097.73,-5510.44,170.04,-2420.64,-5340.4,-7761.05,,,,,,,,,
511,1847.58,4170.98,4941.95,461.7,267.94,-113.06,-3884.11,-28990.29,1646.24,17263.46,-5565.03,169.6,-2387.62,-5395.44,-7783.06,,,,,,,,,
521,1814.77,4262.73,4931.03,476.96,250.47,-92.98,-3849.62,-29026.07,1625.83,17203.94,-5542.98,166.03,-2402.94,-5376.94,-7779.88,,,,,,,,,
531,1735.68,4257.76,4960.71,473.7,273.62,-85.58,-3911.82,-29072.5,1631.02,17319.88,-5456,169.35,-2417.53,-5286.65,-7704.18,,,,,,,,,
541,1810.54,4306.44,5038.92,480.34,274.16,-119.98,-3910.84,-29084.74,1605.71,17208.34,-5455.02,167.6,-2391.12,-5287.42,-7678.54,,,,,,,,,
551,1776.14,4338.47,4969.52,479.77,266.4,-111.01,-3861.12,-28893.5,1647.87,17204.54,-5651.43,168.62,-2182.91,-5482.81,-7665.72,,,,,,,,,
561,1801.33,4329.16,4946.32,482.16,273.16,-121.78,-3951.74,-28943.22,1632.14,17296.43,-5574.9,162.3,-2256.04,-5412.6,-7668.64,,,,,,,,,
571,1794.56,4237.76,4969.48,478.6,268.1,-97.19,-3883.98,-28984.38,1610.31,17272.9,-5619.13,166.83,-2333.85,-5452.29,-7786.14,,,,,,,,,
581,1766.75,4214.39,4953.98,477.01,269.08,-104.26,-3879.74,-28960.2,1651.42,17386.47,-5677.74,167.15,-2225.09,-5510.59,-7735.68,,,,,,,,,
591,1844.31,4220.55,5001.57,480.69,279.13,-93.94,-3890.19,-28810.49,1628.3,17264.54,-5723.96,168.07,-2075.54,-5555.89,-7631.43,,,,,,,,,
601,1791.26,4324.14,4997.48,481.73,261.6,-108.8,-3899.11,-28834.34,1651.71,17325.17,-5750.85,168.52,-2009.16,-5582.33,-7591.49,,,,,,,,,
611,1801.95,4304.65,4971.43,460.03,264.06,-125.43,-3912.45,-28819.01,1634.27,17203.95,-5704.52,164.32,-2216.54,-5540.2,-7756.74,,,,,,,,,
621,1740.26,4347.39,4982.04,471.7,281.09,-102.96,-3842.02,-28745.4,1617.82,17304.92,-5885.21,174.32,-1945.16,-5710.89,-7656.05,,,,,,,,,
631,1866.51,4300.54,4983.87,464.39,269.24,-138.19,-3842.41,-28733.21,1620.51,17257.98,-5821.26,174.73,-1950.78,-5646.54,-7597.32,,,,,,,,,
641,1794.29,4235.17,4972.92,484.86,274.17,-128.22,-3833.96,-28666.18,1625.85,17171.93,-5875.28,174.67,-2069.17,-5700.61,-7769.78,,,,,,,,,
651,1770.1,4277.28,4964.26,460.09,263.7,-129.65,-3904.93,-28931.64,1614.27,17238.54,-5588.62,164.33,-2378,-5424.29,-7802.29,,,,,,,,,
661,1853.56,4334.55,4959.02,485.83,277.99,-99.43,-3815.12,-28803.41,1623.13,17196.55,-5741.79,176.99,-1987.32,-5564.79,-7552.12,,,,,,,,,
671,1866.58,4310.87,4961.33,476.49,245.28,-107.46,-3888.05,-28903.8,1613.36,17286.23,-5702.19,174.54,-2139.16,-5527.65,-7666.81,,,,,,,,,
681,1816.16,4228.12,4957.9,472.47,245.75,-123.96,-3904.98,-28783.33,1611.96,17259.31,-5725.02,169.75,-2220.6,-5555.27,-7775.86,,,,,,,,,
691,1771.66,4313.42,4976.13,491.83,276.17,-112.26,-3808.13,-28817.46,1627.37,17193.1,-5707.19,174.98,-2088.19,-5532.21,-7620.4,,,,,,,,,
701,1822.48,4266.85,4968.45,470,262.51,-125.21,-3872.12,-29022.96,1608.41,17139.23,-5456.46,168.99,-2482.36,-5287.46,-7769.82,,,,,,,,,
711,1692.07,4240.21,4914.21,483.23,277.06,-66.51,-3755.69,-29080.52,1650.08,17333.74,-5608.38,176.1,-2312.11,-5432.28,-7744.39,,,,,,,,,
721,1832.67,4301.04,4945.21,487.03,271.12,-128.05,-3850.72,-28929.93,1648.83,17079.84,-5521.37,166.9,-2342.96,-5354.47,-7697.43,,,,,,,,,
731,1785.69,4267.87,4949.58,482.9,286.58,-141.67,-3890.87,-29061.03,1642.63,17250.31,-5471.72,165.78,-2428.01,-5305.93,-7733.94,,,,,,,,,
741,1836.67,4237.51,4981.17,480.24,282.3,-120.14,-3827.7,-29169.13,1646.22,17356.15,-5548.82,169.69,-2296.71,-5379.13,-7675.83,,,,,,,,,
751,1801.52,4287.63,4974.29,481.19,269.63,-110.08,-3857.73,-29024.15,1626.08,17203.85,-5510.72,166.29,-2347.76,-5344.43,-7692.19,,,,,,,,,
761,1818.01,4240.33,4950.49,469.94,268.58,-116.95,-3838.62,-28864.6,1659.44,17185.26,-5658.95,173.77,-2228.1,-5485.17,-7713.28,,,,,,,,,
771,1787.3,4222.61,4995.19,475.75,269.88,-112.81,-3803.87,-29040.86,1633.43,17320.43,-5676.93,169.41,-2252.95,-5507.53,-7760.48,,,,,,,,,
781,1774.48,4241.56,4983.94,461.47,280.94,-84.89,-3836.26,-28876.64,1665.02,17312.52,-5748.43,173.22,-2077.84,-5575.22,-7653.06,,,,,,,,,
791,1826.18,4173.38,4984.2,460.9,287.91,-109.88,-3777.28,-28833.57,1638.92,17339.56,-5847.91,176.08,-2009.66,-5671.83,-7681.49,,,,,,,,,
801,1782.31,4282.62,4975.94,476.48,273.73,-127.32,-3836.91,-28741.82,1609.24,17178.12,-5830.1,175.85,-2127.61,-5654.25,-7781.85,,,,,,,,,
811,1882.82,4248.87,4985.61,471.52,275.02,-136.68,-3836.65,-28755.95,1605.44,17278.99,-5863.22,177.4,-1981,-5685.82,-7666.82,,,,,,,,,
821,1755.78,4410.67,5018.68,487.29,281.92,-110.47,-3873.3,-28872.62,1643.6,17219.08,-5704.76,172.86,-2039.37,-5531.9,-7571.27,,,,,,,,,
831,1855.35,4278.2,4994.96,483.12,276.11,-106.68,-3826.09,-28882.54,1635.22,17195.09,-5740.07,170.66,-2097.26,-5569.41,-7666.66,,,,,,,,,
841,1821.76,4188.58,4996.8,472.48,272.09,-94.14,-3832.91,-28885.49,1638.21,17155.74,-5704.29,169.63,-2266.89,-5534.65,-7801.54,,,,,,,,,
851,1843.34,4252.26,4966.3,473.56,277.66,-96.84,-3878,-28847.42,1627.08,17165.49,-5710,173.33,-2216.58,-5536.66,-7753.24,,,,,,,,,
861,1812.08,4299.05,4957.05,480.2,264.27,-131.99,-3833.73,-28799.83,1626.78,17163.29,-5726.18,172.66,-2162.81,-5553.52,-7716.33,,,,,,,,,
871,1860.71,4170.38,4971.31,463.73,256.38,-94.24,-3810.68,-28847.53,1609.84,17198.76,-5702.41,172.06,-2221.34,-5530.35,-7751.68,,,,,,,,,
881,1820.74,4299.82,4961.35,484.53,285.72,-115.17,-3805.64,-28810.98,1656.72,17187.77,-5765.08,173.36,-2035.15,-5591.72,-7626.87,,,,,,,,,
891,1783.76,4253.24,4983.15,464.24,270.54,-143.76,-3823.45,-28745.14,1619.79,17254,-5831.89,177.05,-2083.63,-5654.84,-7738.47,,,,,,,,,
901,1821.1,4282.48,5019.65,480.36,276.21,-97.89,-3802.69,-28738.38,1633.56,17180.02,-5816.8,179.08,-1945.59,-5637.72,-7583.3,,,,,,,,,
911,1764.33,4240.6,4986.21,486.36,256.31,-124.39,-3819.72,-28842.09,1655.44,17236.36,-5766.54,175.88,-2160.59,-5590.66,-7751.26,,,,,,,,,
921,1822.32,4138.1,4985,463.53,285.3,-132.85,-3855.49,-28604.52,1616.99,17247.28,-5909.59,176.99,-2034.34,-5732.6,-7766.94,,,,,,,,,
931,1834.22,4286.32,4944.5,481.51,287.69,-111.38,-3844.13,-28859.3,1630.42,17247.9,-5714.95,172.6,-2102.26,-5542.35,-7644.61,,,,,,,,,
941,1825.98,4290.64,4990.22,474.68,246.05,-144.89,-3795.14,-28753.82,1654.41,17265.52,-5866.88,175.65,-1946.34,-5691.23,-7637.58,,,,,,,,,
951,1816.17,4308.25,4975.46,474.36,272.43,-144.89,-3839.04,-28660.75,1629.66,17167.35,-5861.02,175.23,-2001.01,-5685.79,-7686.8,,,,,,,,,
961,1817.15,4257.08,4994.66,481.39,274.05,-128.59,-3844.69,-28803.87,1619.19,17259.44,-5817.16,171.53,-2074.18,-5645.64,-7719.82,,,,,,,,,
971,1831.07,4195.49,4965.72,478.76,272.94,-127.14,-3816.07,-28763.97,1586.99,17179.55,-5783.5,173.81,-2196.67,-5609.69,-7806.36,,,,,,,,,
981,1794.66,4276.67,4967.14,480.42,269.16,-136.87,-3824.96,-28796,1613.91,17301.23,-5843.88,175.06,-2054.64,-5668.82,-7723.46,,,,,,,,,
991,1862.69,4165.52,4982.37,466.86,279.84,-124.62,-3775.75,-28733.27,1636.93,17264.87,-5844.15,178.15,-1974.57,-5666,-7640.56,,,,,,,,,
1001,1872.86,4186.04,4953.28,488.84,280.05,-86.87,-3871.57,-28614.34,1629.03,17160.03,-5879.04,175.93,-2002.66,-5703.11,-7705.77,,,,,,,,,
1011,1784.36,4251.89,4996.57,488.25,264.22,-153.45,-3804.76,-28812.83,1631.26,17271.33,-5794.27,175.2,-2083.16,-5619.08,-7702.23,,,,,,,,,
1021,1819.76,4295.35,4992.24,480.17,285.06,-104.65,-3860.37,-28897.52,1639.58,17215.49,-5673.49,170.69,-2134.89,-5502.8,-7637.69,,,,,,,,,
1031,1816.43,4192.29,4956.01,475.97,257.61,-134.54,-3793.81,-28736.9,1621.53,17189.64,-5792.67,175.57,-2155.78,-5617.1,-7772.88,,,,,,,,,
1041,1764.01,4233.24,4996,477.91,271.41,-135.39,-3809.28,-28977.45,1634.84,17228.73,-5615.83,167.14,-2315.98,-5448.69,-7764.68,,,,,,,,,
1051,1834.56,4218.9,4995.46,451.4,249.1,-140.32,-3823.95,-28996.22,1645.66,17194.94,-5561.11,171.98,-2370.48,-5389.13,-7759.61,,,,,,,,,
1061,1827.24,4219.85,4960.88,463.82,251.9,-137.84,-3821.03,-28855.67,1664.37,17127.83,-5642.35,173.63,-2298.63,-5468.72,-7767.35,,,,,,,,,
1071,1795.89,4256.71,5011.98,469.49,272.17,-103.73,-3845.93,-28829.58,1667.75,17113.96,-5699.61,172.21,-2191.29,-5527.4,-7718.69,,,,,,,,,
1081,1803.07,4188.12,4993.01,467.83,276.34,-112.55,-3877.01,-28820.66,1641.86,17246.45,-5708.07,166.95,-2193.54,-5541.11,-7734.65,,,,,,,,,
1091,1830.74,4298.03,4977.37,476.75,257.83,-98.29,-3860.33,-28905.63,1632.71,17193.29,-5598.08,170.12,-2197.5,-5427.96,-7625.45,,,,,,,,,
1101,1824.53,4155.92,4964.4,471.77,272.6,-111.11,-3833.05,-28774.92,1611.11,17134.07,-5704.71,170.02,-2284.69,-5534.69,-7819.38,,,,,,,,,
1111,1813.56,4256.76,4973.29,487.11,286.11,-118.13,-3839.33,-29049.54,1650.03,17243.04,-5543.5,166.91,-2297.12,-5376.59,-7673.71,,,,,,,,,
1121,1854.46,4239.59,4950.53,480.85,252.01,-125.72,-3859.91,-28800.67,1600.06,17134.72,-5679.57,172.65,-2274.07,-5506.92,-7780.99,,,,,,,,,
1131,1791.82,4237.06,4955.92,461.23,257.48,-78.64,-3836.47,-28830.78,1620.87,17141.74,-5683.9,168.53,-2279.78,-5515.37,-7795.15,,,,,,,,,
1141,1805.93,4327.42,5017.1,494.35,265.48,-137.87,-3849.75,-28700.43,1645.89,17133.59,-5812.46,169.19,-1998.29,-5643.27,-7641.56,,,,,,,,,
1151,1824.75,4157.47,4960.74,454.83,266.87,-85.01,-3876.83,-28816.17,1600.81,17186.75,-5702.55,170.56,-2325.79,-5531.99,-7857.78,,,,,,,,,
1161,1845.53,4187.38,4985.47,473.64,278.66,-116.54,-3837.82,-28706.8,1633.53,17149,-5796.97,171.6,-2107.94,-5625.37,-7733.31,,,,,,,,,
1171,1784.02,4209.78,4933.28,475.33,258.59,-94.8,-3818.42,-28838.1,1615.15,17165.33,-5685.59,171.11,-2309.84,-5514.48,-7824.31,,,,,,,,,
1181,1810.27,4287.24,4913.08,482.06,278.75,-95.33,-3837.77,-28628.47,1626.3,17119.99,-5805.43,172.68,-2043.86,-5632.76,-7676.62,,,,,,,,,
1191,1855.71,4224.07,4936.24,468.2,268.35,-103.29,-3818.47,-28577.97,1654.13,17100.51,-5884.01,172.45,-1992.53,-5711.56,-7704.09,,,,,,,,,
1201,1843,4295.16,4918.22,470.26,270.57,-108.37,-3827.66,-28659.04,1603.48,17079.97,-5794.92,175.73,-2114.41,-5619.2,-7733.61,,,,,,,,,
1211,1814.42,4346.24,4934.47,482.41,271.05,-84.69,-3859.64,-28411.43,1605.66,17018.81,-5952.24,172.47,-1882.69,-5779.77,-7662.46,,,,,,,,,
1221,1793.09,4241.61,4984.43,455.04,280.35,-105.6,-3879.74,-28598.87,1635.21,17142.86,-5855.19,171.94,-2051.63,-5683.25,-7734.89,,,,,,,,,
1231,1865.12,4297.74,4925.77,474.14,258.22,-100.54,-3861.59,-28740.8,1611.61,17194.01,-5789.93,167.46,-2076.33,-5622.47,-7698.79,,,,,,,,,
1241,1821.31,4244.61,4944.02,486.91,273.58,-108.37,-3828.12,-28640.1,1611.11,17194.93,-5900.83,172.99,-2000.1,-5727.84,-7727.94,,,,,,,,,
1251,1855.55,4284.49,4943.37,493.34,285.28,-95.92,-3858.26,-28561.05,1614.6,17071.14,-5865.04,170.69,-1967.47,-5694.35,-7661.82,,,,,,,,,
1261,1819.91,4218,4927.77,477.84,276.55,-100.46,-3899.7,-28648.43,1614.59,17123.54,-5797.27,172.04,-2190.4,-5625.23,-7815.63,,,,,,,,,
1271,1831.44,4292.8,4975.7,478.38,273.07,-144.49,-3783.65,-28434.58,1603.52,17054.76,-5977.8,177.05,-1853.04,-5800.74,-7653.79,,,,,,,,,
1281,1817.34,4263.97,4945.5,463.71,268.5,-120.15,-3813.4,-28627.48,1605.59,17135.44,-5890.22,174.04,-2060.99,-5716.17,-7777.16,,,,,,,,,
1291,1823.99,4303.64,4944.18,482.74,258.59,-109.39,-3835.21,-28494.46,1634.03,17069.74,-5959.25,175.74,-1922.16,-5783.51,-7705.67,,,,,,,,,
1301,1826.73,4264.11,4949.8,491.43,265.85,-131.93,-3824.94,-28611.62,1639.47,17133.7,-5855.7,171.1,-1997.39,-5684.6,-7681.98,,,,,,,,,
1311,1791.69,4306.18,4972.82,468.83,265.8,-92.51,-3853.76,-28733.42,1619.01,17108.12,-5732.78,171.02,-2147.24,-5561.76,-7708.99,,,,,,,,,
1321,1932.98,4230.74,4987.8,502.91,252.77,-136.82,-3789.28,-28741.68,1650.23,17183.26,-5792.01,175.14,-1927.09,-5616.87,-7543.96,,,,,,,,,
1331,1815.57,4271.61,4933.3,472.8,264.64,-117.27,-3837.71,-28651.07,1609.81,17104.33,-5759.48,172.57,-2133.98,-5586.91,-7720.89,,,,,,,,,
1341,1842.02,4251.98,4968.48,502.93,265.92,-78.21,-3866.08,-28623.57,1619.33,17059.97,-5783.04,171.07,-2057.23,-5611.97,-7669.2,,,,,,,,,
1351,1819.97,4356.79,4951.3,478.09,271.76,-111.26,-3840.2,-28819.47,1663.39,17137.73,-5670,166.62,-2091.92,-5503.38,-7595.29,,,,,,,,,
1361,1812.3,4289.56,4986.85,497.67,278.22,-129.34,-3818.57,-28590.81,1664.12,17075.92,-5885.49,176,-1934.08,-5709.48,-7643.56,,,,,,,,,
1371,1820.56,4349.98,5013.82,490.54,254.97,-125.9,-3867.46,-28744.48,1645.81,16947.29,-5662.53,172.82,-2214.87,-5489.72,-7704.59,,,,,,,,,
1381,1834.06,4172.04,4994.57,483.89,270.76,-113.73,-3816.39,-28831.13,1652.59,17212.1,-5749.34,171.44,-2141.23,-5577.91,-7719.13,,,,,,,,,
1391,1841.49,4202.14,4958.83,494.53,240.58,-135.24,-3850.33,-28832.4,1651.59,17123.19,-5689.35,169.67,-2305.62,-5519.68,-7825.3,,,,,,,,,
1401,1834.31,4330.2,4973.79,486.45,277.7,-129.17,-3829.17,-28693.14,1617.65,17150.75,-5834.91,170.74,-1980.63,-5664.17,-7644.79,,,,,,,,,
1411,1895.62,4266.62,4981.74,499.98,275.53,-117.46,-3844.67,-28649.3,1607.9,17126.03,-5846.75,173.98,-1958.01,-5672.77,-7630.78,,,,,,,,,
1421,1819.4,4262.87,4982.89,460.06,246.55,-133.9,-3880.65,-28678.76,1640.06,17251.48,-5899.05,173.13,-2030,-5725.92,-7755.93,,,,,,,,,
1431,1834.82,4245.43,4941.95,465.43,265.9,-121.09,-3857.89,-28632.22,1630.57,17259.65,-5891.18,174.68,-1967.45,-5716.5,-7683.95,,,,,,,,,
1441,1753.91,4303.45,4954.7,472.48,269.4,-119.74,-3877.52,-28708.02,1640.54,17283.86,-5819.7,174.41,-2026.94,-5645.29,-7672.23,,,,,,,,,
1451,1805.64,4263.83,4973.03,478.88,256.63,-123.01,-3862.7,-28784.69,1637.63,17162.25,-5775.34,168.33,-2192.51,-5607.01,-7799.52,,,,,,,,,
1461,1749.25,4171.51,4985.3,485.47,275.33,-100.55,-3858.06,-28933.12,1634.01,17299.86,-5694.18,168.72,-2290.99,-5525.46,-7816.45,,,,,,,,,
1471,1849.73,4279.76,5022.44,485.05,272.6,-148.93,-3859.1,-28695.29,1604.68,17147.15,-5847.3,173.85,-2041.91,-5673.45,-7715.36,,,,,,,,,
1481,1878.15,4199.29,4932.46,497.88,272.32,-125.24,-3834.62,-28741.47,1590.1,17142.94,-5812.45,172.39,-2188.21,-5640.06,-7828.27,,,,,,,,,
1491,1839.53,4178.71,4971.74,465.25,260.47,-116.82,-3826.45,-28878.72,1627.4,17270.56,-5738.26,170.54,-2208.34,-5567.72,-7776.06,,,,,,,,,
1501,1826.84,4282.82,4972,474.63,276.36,-119.07,-3873.73,-28754.66,1607.84,17234.59,-5861.33,172.32,-2072.37,-5689.01,-7761.38,,,,,,,,,
1511,1773.57,4270.56,4955.14,482.71,278.96,-112.97,-3753.92,-28896.61,1640.21,17326.69,-5809.02,172.2,-2035.67,-5636.83,-7672.49,,,,,,,,,
1521,1797.21,4277.2,4921.47,471.41,256.87,-99.53,-3839.94,-28691.85,1622.08,17221.49,-5876.95,174.76,-2063.58,-5702.19,-7765.77,,,,,,,,,
1531,1793.08,4224.97,4966.57,471.78,258.91,-140.89,-3820.01,-28805.36,1633.68,17306.46,-5859.66,170.75,-2110.8,-5688.92,-7799.71,,,,,,,,,
1541,1770.63,4263.53,4981.68,466.15,276.95,-127.19,-3854.8,-28657.65,1654.53,17235.91,-5949.25,170.28,-1990.26,-5778.97,-7769.23,,,,,,,,,
1551,1777.89,4291.34,4968.76,477.84,283.19,-128.86,-3823.37,-28733.46,1618.32,17286.09,-5886.33,169.52,-1982.26,-5716.8,-7699.06,,,,,,,,,
1561,1870.6,4251.11,4918.37,478.4,274.4,-102.94,-3804.5,-28599.93,1558.77,17288.62,-6034.04,173.43,-1867.1,-5860.61,-7727.71,,,,,,,,,
1571,1835.79,4288.07,4984.68,477.73,268.48,-102.78,-3808.88,-28689.12,1611.58,17268.58,-5912.06,178.48,-1865.88,-5733.58,-7599.46,,,,,,,,,
1581,1794.23,4298.63,4991.5,463.4,271.67,-148.84,-3795.71,-28791.35,1620.5,17240.9,-5840.54,170.86,-2055.06,-5669.68,-7724.75,,,,,,,,,
1591,1827.25,4257.56,4981.1,465.39,280.42,-112.93,-3894.33,-28639.84,1655.63,17326.39,-5948.41,171.58,-1853.35,-5776.83,-7630.18,,,,,,,,,
1601,1818.03,4265.94,4966.14,509.95,270.3,-120.55,-3817.87,-28705.63,1604.6,17334.08,-5947.73,172.44,-1875.02,-5775.29,-7650.3,,,,,,,,,
1611,1853.84,4176.34,4930.47,486.09,270.64,-95.7,-3867.63,-28638.58,1623.04,17302.65,-5984.78,174.14,-1958.84,-5810.64,-7769.48,,,,,,,,,
1621,1787.33,4274.13,4936.44,470.77,278.97,-118.4,-3808.29,-28624.53,1658.98,17199.3,-5957.25,174.58,-1945.3,-5782.67,-7727.97,,,,,,,,,
1631,1755.21,4364.16,4956.72,479.71,286.05,-103.15,-3858.85,-28525.15,1624.9,17096.24,-5946.87,174.81,-1924.16,-5772.06,-7696.22,,,,,,,,,
1641,1854.58,4255.09,4907.98,498.58,272.34,-138.01,-3857.14,-28633.89,1603.17,17179.61,-5879.02,170.46,-2057.68,-5708.56,-7766.24,,,,,,,,,
1651,1824.65,4300.36,4940.06,489.28,258.66,-128.47,-3858.86,-28725.17,1619.29,17185.48,-5844.24,172.13,-2094.71,-5672.11,-7766.82,,,,,,,,,
1661,1856.93,4334.92,4965.78,471.73,267.66,-117.28,-3837.03,-28765.23,1632.11,17147.63,-5755.71,173.85,-2042.77,-5581.86,-7624.63,,,,,,,,,
1671,1769.07,4239.84,4968.76,475.4,269.91,-133.73,-3783.38,-28895.74,1643.85,17199.07,-5707.1,172.97,-2246.95,-5534.13,-7781.07,,,,,,,,,
1681,1779.88,4249.33,4985.92,481.1,280.01,-132.96,-3757.96,-28871.12,1638.97,17335.55,-5826.26,176.34,-2011.27,-5649.92,-7661.19,,,,,,,,,
1691,1837.43,4308.75,4947.56,482.29,286.85,-113.14,-3862.84,-28493.02,1624.81,17164.1,-5986.87,175.51,-1817.2,-5811.35,-7628.56,,,,,,,,,
1701,1845.01,4383.32,4968.55,477.12,255.88,-148.45,-3795.24,-28672.9,1622.16,17154.21,-5901.54,175.25,-1910.34,-5726.29,-7636.63,,,,,,,,,
1711,1812.29,4367.72,4953.59,474.8,271.36,-113.41,-3858.89,-28762.27,1603.16,17180.9,-5770.22,172.21,-2070.76,-5598.01,-7668.76,,,,,,,,,
1721,1829.92,4245.31,4986.69,467.55,279.87,-126.14,-3883.68,-28667.2,1598.91,17208.3,-5874.05,172.56,-2060.48,-5701.49,-7761.98,,,,,,,,,
1731,1799.83,4338.13,4970.01,472.98,260.81,-119.23,-3860.18,-28727.58,1638.88,17271.55,-5839,169.27,-1954.8,-5669.73,-7624.53,,,,,,,,,
1741,1803.86,4297.41,4913.79,485.67,267.52,-90.22,-3781.95,-28818.02,1626.84,17188.02,-5768.25,175.31,-2107.09,-5592.94,-7700.03,,,,,,,,,
1751,1820.74,4293.25,4928.95,472.12,264.94,-124.35,-3804.92,-28606.31,1585.48,17122.12,-5902.78,179.1,-2047.98,-5723.68,-7771.66,,,,,,,,,
1761,1820.67,4253.72,4966.69,480.98,280.71,-126.45,-3835.63,-28643.21,1600.02,17174.5,-5827.02,174.37,-2028.02,-5652.65,-7680.66,,,,,,,,,
1771,1910.47,4269.06,4959,485.68,275.56,-162.64,-3808.41,-28663.37,1610.39,17153.94,-5870.29,175.23,-1970.33,-5695.06,-7665.39,,,,,,,,,
1781,1784.17,4249.68,4996.73,479.05,282.72,-136.53,-3815.06,-28726.51,1623.4,17188.65,-5782.62,173.94,-2073.7,-5608.68,-7682.38,,,,,,,,,
1791,1759.38,4211.97,4954.5,478.69,282.51,-126.97,-3832.4,-28818.63,1640.06,17285.54,-5792.45,172.43,-2165.36,-5620.02,-7785.37,,,,,,,,,
1801,1785.37,4263.91,4963.34,464.54,300.1,-117.57,-3852.38,-28809.37,1630.71,17332.27,-5768.13,174.8,-2039.09,-5593.33,-7632.42,,,,,,,,,
1811,1832.01,4274.93,4974.13,472.63,267.36,-113.42,-3845.3,-28805.87,1649.85,17286.46,-5789.75,171.73,-2007.24,-5618.02,-7625.26,,,,,,,,,
1821,1846.89,4224.13,5047.59,487.48,265.8,-155.67,-3819.31,-28660.13,1623.37,17223.63,-5852.66,176.06,-1916.23,-5676.6,-7592.83,,,,,,,,,
1831,1772.14,4314.82,4936.89,483.66,258.67,-124.4,-3804.46,-28736.75,1614.32,17197.75,-5805.75,176.72,-2087.36,-5629.03,-7716.39,,,,,,,,,
1841,1790.13,4261.41,4954.04,465.12,268.6,-99.56,-3789.79,-28833.21,1610.25,17174.7,-5746.91,174.49,-2198.33,-5572.42,-7770.75,,,,,,,,,
1851,1854.72,4211.21,4976.97,473.51,249.37,-119.85,-3848.08,-28893.11,1591.04,17236.86,-5703.87,175.03,-2267.36,-5528.84,-7796.19,,,,,,,,,
1861,1810.61,4261.12,4976.98,478.93,283.77,-140.63,-3825.5,-29054.94,1655.02,17325.85,-5600.4,174.65,-2228.79,-5425.75,-7654.54,,,,,,,,,
1871,1835.09,4287.36,4986.6,483.37,259.63,-147.66,-3823.09,-28919.99,1627.25,17254.01,-5662.84,173.13,-2157.43,-5489.7,-7647.14,,,,,,,,,
1881,1774.67,4354.79,5000.91,481.42,258.83,-107.02,-3810.61,-28867.58,1624.19,17177.47,-5741.47,176.05,-2112.93,-5565.42,-7678.35,,,,,,,,,
1891,1785.81,4214.24,4983.09,470.94,254.94,-101.39,-3836.24,-28909.32,1633.16,17267.73,-5642.04,172.23,-2237.01,-5469.81,-7706.83,,,,,,,,,
1901,1822.52,4274.86,4962.81,472.4,257.98,-158.3,-3868.79,-28742.32,1581.82,17126.72,-5760.53,170.64,-2270.31,-5589.89,-7860.21,,,,,,,,,
1911,1784.35,4322.76,4964.54,480.74,269.84,-108.72,-3812.59,-28690.64,1622.18,17137.93,-5826.95,180.45,-2029.61,-5646.5,-7676.11,,,,,,,,,
1921,1902.32,4324.42,4905.84,479.79,261.37,-105.52,-3777.4,-28747.95,1598.29,17141.9,-5812.33,176.24,-2016.94,-5636.09,-7653.03,,,,,,,,,
1931,1838.45,4309.1,4936.97,485.9,269.17,-111.52,-3885.12,-28820.28,1623.15,17224.19,-5764.71,175.6,-2130,-5589.11,-7719.11,,,,,,,,,
1941,1773.52,4326.11,4949.04,474.77,272.49,-137.8,-3789.86,-28685.84,1628.28,17228.27,-5879.53,180.12,-1961.01,-5699.41,-7660.42,,,,,,,,,
1951,1859.42,4290.25,4950.31,492.85,267.27,-122.37,-3861.14,-28795.37,1588.37,17232.69,-5800.51,180.24,-2097.72,-5620.27,-7717.98,,,,,,,,,
1961,1843.5,4195.48,4983.95,470.81,268.77,-149.98,-3845.8,-28732.83,1634.78,17134.37,-5781.02,174.46,-2196.95,-5606.56,-7803.51,,,,,,,,,
1971,1844.59,4241.61,5017.45,479.6,283.92,-112.31,-3818.99,-28659.49,1639.75,17118.85,-5874.79,176.63,-1965.02,-5698.16,-7663.17,,,,,,,,,
1981,1776.43,4292.88,4946.42,477.44,291.1,-144.34,-3796.92,-28784.18,1616.7,17184.43,-5756.07,174.63,-2140.05,-5581.43,-7721.48,,,,,,,,,
1991,1851.57,4270.33,4939.2,477.97,288.49,-129.8,-3859.55,-28760.24,1632.28,17263.25,-5826.78,171.31,-2026.49,-5655.47,-7681.96,,,,,,,,,
2001,1824.15,4309.59,4946.5,468.38,272.44,-108.59,-3861.24,-28640.35,1592.58,17178.91,-5856.82,173.33,-2017.64,-5683.49,-7701.13,,,,,,,,,
2011,1770.63,4297.4,4958.61,472.95,251.56,-122.33,-3915.77,-28553.83,1617.68,17126.74,-5907.96,173.32,-2096.36,-5734.64,-7831,,,,,,,,,
2021,1879.17,4311.86,4939.17,478.92,282.17,-131.04,-3849.92,-28700.11,1575.76,17165.27,-5836.34,177.5,-2048.76,-5658.85,-7707.6,,,,,,,,,
2031,1814.37,4255.47,4986.51,472.43,282.43,-130.04,-3802.22,-28867.02,1609.91,17296.46,-5786.5,176.02,-2081.7,-5610.48,-7692.17,,,,,,,,,
2041,1824.67,4290.17,4945.17,481.13,264.08,-109.96,-3844.96,-28721.26,1609,17175.06,-5838.86,174.87,-2086.89,-5663.99,-7750.88,,,,,,,,,
2051,1897.22,4293.76,4954.03,474.27,274.69,-96.55,-3832.37,-28667.13,1625.03,17214.01,-5880.71,176.89,-1863.03,-5703.82,-7566.85,,,,,,,,,
2061,1779.2,4303.76,4957.09,488.18,276.4,-122.68,-3787.48,-28743.56,1641.75,17172,-5798.85,177.59,-2035.33,-5621.26,-7656.59,,,,,,,,,
2071,1798.97,4262.22,4970.4,488.26,281.88,-145.91,-3811.96,-28766.9,1662.56,17122.9,-5771.86,176.65,-2137.59,-5595.22,-7732.81,,,,,,,,,
2081,1812.41,4343.31,4957.21,472.41,269.55,-141.9,-3804.97,-28891.11,1618.86,17165.9,-5662.29,175.11,-2198.33,-5487.18,-7685.51,,,,,,,,,
2091,1779.47,4240.76,4962.69,478.33,261.14,-128.69,-3812.61,-28827.16,1639.79,17200.48,-5739.47,180.23,-2205.8,-5559.24,-7765.04,,,,,,,,,
2101,1858.62,4149.51,4938.8,470.96,242.74,-138.45,-3779.79,-28766.27,1613.43,17202.96,-5780.03,181.52,-2207.48,-5598.51,-7806,,,,,,,,,
2111,1847.91,4227.34,4963.65,492.34,257.2,-134.96,-3761.07,-28904.25,1604.62,17210.37,-5698.64,179.23,-2196.85,-5519.41,-7716.26,,,,,,,,,
2121,1828.8,4194.19,4966.97,464.72,285.4,-99.52,-3797.67,-28856.47,1672.4,17211.59,-5768.86,176.02,-2129.6,-5592.84,-7722.44,,,,,,,,,
2131,1807.63,4214.35,4950.62,479.94,264.41,-113.51,-3757.41,-28926.22,1642.01,17164.92,-5677.88,179.23,-2273.26,-5498.65,-7771.91,,,,,,,,,
2141,1793.75,4241.06,4965.06,473.22,280.97,-123.46,-3814.4,-29044.03,1634.34,17278.81,-5614.65,176.05,-2314.68,-5438.6,-7753.28,,,,,,,,,
2151,1832.09,4296.74,4972.57,476.6,266.51,-118.65,-3815.39,-28946.12,1656.89,17170.75,-5671.93,177.01,-2208.01,-5494.92,-7702.93,,,,,,,,,
2161,1829.56,4301.76,5000.63,480.13,267.47,-120.95,-3826.51,-28884.97,1613.81,17202.33,-5706.65,172.87,-2136.76,-5533.78,-7670.53,,,,,,,,,
2171,1732.14,4288.65,5023.74,474.42,260.44,-149.62,-3788.96,-28914.13,1650.04,17202.15,-5667.2,176.43,-2221.14,-5490.78,-7711.91,,,,,,,,,
2181,1845.54,4210.65,4969.78,463.54,271.55,-146.62,-3769.39,-28868.63,1626.05,17206.98,-5771.08,177.32,-2190.56,-5593.75,-7784.31,,,,,,,,,
2191,1789.74,4343.49,4984.3,478.75,296.21,-148.99,-3819.58,-28583.87,1610.97,17092.78,-5863.13,177.02,-1956.21,-5686.11,-7642.32,,,,,,,,,
2201,1772.58,4282.92,4951.31,472.25,265.09,-126.71,-3789.55,-28892.55,1653.53,17237.84,-5749.28,179.26,-2173.28,-5570.02,-7743.3,,,,,,,,,
2211,1825.12,4341.05,4945.03,477.62,253.32,-126.56,-3834.87,-28682.32,1613.65,17232.22,-5853.96,175.32,-1955.74,-5678.63,-7634.38,,,,,,,,,
2221,1834.68,4339.47,4945.01,477.82,266.41,-127.91,-3784.99,-28872.58,1620.67,17247.88,-5761.05,175.34,-2053.54,-5585.72,-7639.25,,,,,,,,,
2231,1772.67,4290.06,4967.52,477.32,270.23,-152.04,-3840.62,-28844.01,1638.76,17242.72,-5728.26,173.54,-2177.38,-5554.72,-7732.1,,,,,,,,,
2241,1819.49,4279.87,4960.9,476.42,259.67,-128.4,-3818.08,-28918.05,1620.6,17254.85,-5705.7,176.92,-2192.76,-5528.79,-7721.55,,,,,,,,,
2251,1850.89,4215.3,5024.85,473.61,266.16,-128.05,-3794.84,-28780.72,1611.99,17221.86,-5776.35,175.59,-2038.96,-5600.76,-7639.72,,,,,,,,,
2261,1890.49,4226.95,4984.76,482.05,252.81,-127.5,-3815.2,-28743.47,1627.52,17073.89,-5709.76,180.34,-2147.69,-5529.41,-7677.1,,,,,,,,,
2271,1793.14,4307.26,4932.17,477.62,274.13,-104.61,-3781.29,-28944.06,1625.22,17213.88,-5677.1,173.13,-2206.53,-5503.97,-7710.5,,,,,,,,,
2281,1853.71,4303.54,4948.97,498.67,282.54,-117.59,-3776.67,-28873.78,1607.31,17089.9,-5699.71,174.26,-2183.41,-5525.44,-7708.85,,,,,,,,,
2291,1910.36,4392.04,4940.1,487.91,270.52,-120.64,-3884.59,-28954.58,1611.17,17201.12,-5573.06,171.23,-2146.59,-5401.83,-7548.42,,,,,,,,,
2301,1777.63,4237.27,4952.1,469.64,278.82,-135.63,-3851,-28709.78,1606.91,17212.92,-5809.6,174.33,-2161.12,-5635.27,-7796.39,,,,,,,,,
2311,1828.94,4306.79,4919.76,496.73,267.7,-133.57,-3837.05,-28797.49,1636.19,17183.67,-5745.96,174.06,-2128.33,-5571.9,-7700.23,,,,,,,,,
2321,1881.05,4264.66,4926.73,478.89,275.54,-102.59,-3815.7,-28814.87,1560.78,17271.1,-5799.72,176.18,-2074.43,-5623.54,-7697.96,,,,,,,,,
2331,1850.49,4312.56,4925.2,490.02,270.2,-143.53,-3802.41,-28712.46,1615.27,17120.31,-5784.47,170.71,-2074.34,-5613.76,-7688.1,,,,,,,,,
2341,1853.93,4305.05,4979.6,462.31,254.47,-150.63,-3827.35,-28639.1,1615.81,17122.64,-5848.76,175.67,-2023.26,-5673.09,-7696.36,,,,,,,,,
2351,1759.16,4312.35,4938.78,472.96,273.11,-138.44,-3786.31,-28739.37,1608.52,17134.32,-5787.15,173.43,-2164.93,-5613.71,-7778.64,,,,,,,,,
2361,1834.85,4230.59,4976.8,475.4,271.49,-108.82,-3823.41,-28683.65,1625.85,17200.07,-5829.08,174.08,-2000.85,-5655,-7655.86,,,,,,,,,
2371,1823.09,4298.17,4981.57,471.54,280.61,-109.44,-3865.15,-28795.18,1573.92,17185.72,-5743.99,171.65,-2155.15,-5572.34,-7727.48,,,,,,,,,
2381,1800.5,4299.1,4947.59,481.73,273.18,-136.32,-3856.53,-28558.55,1655.32,17097.89,-5887.54,173.65,-1996.09,-5713.89,-7709.98,,,,,,,,,
2391,1734.28,4277.95,4930.66,472.62,259.31,-127.53,-3851.01,-28827.97,1636.8,17190.72,-5723.31,175.72,-2304.18,-5547.59,-7851.77,,,,,,,,,
2401,1820.23,4240.04,4990.19,473.96,254.63,-122.07,-3855.54,-28661.78,1639.62,17187.17,-5843.15,173.9,-2033.54,-5669.26,-7702.8,,,,,,,,,
2411,1835.75,4233.5,4900.46,474.02,259.87,-93.5,-3861.44,-28675.8,1658.28,17143.76,-5804.15,169.84,-2125.1,-5634.31,-7759.4,,,,,,,,,
2421,1777.77,4361.95,4958.88,481.87,283.84,-134.17,-3836,-28579.95,1583.95,17080.5,-5876.32,171.39,-2021.36,-5704.93,-7726.28,,,,,,,,,
2431,1802.45,4335.96,4943.85,484.16,283.52,-115.78,-3848.24,-28638.04,1625.64,17140.14,-5867.29,175.35,-1986.36,-5691.94,-7678.3,,,,,,,,,
2441,1760.82,4346.51,4951.2,478.26,269.14,-108.37,-3832.13,-28612.71,1624.7,17205.69,-5911.58,177.42,-1916.89,-5734.15,-7651.05,,,,,,,,,
2451,1812.65,4341.53,4959.31,473.32,263.98,-131.84,-3834.01,-28568.68,1608.07,17124.76,-5889.72,174.1,-1950.91,-5715.62,-7666.53,,,,,,,,,
2461,1830.56,4222.09,4946.55,473.12,271.15,-125.11,-3796.5,-28742.96,1596.65,17153.64,-5813.8,174.96,-2170.82,-5638.84,-7809.66,,,,,,,,,
2471,1837.95,4237.63,4931.93,478.18,270.12,-122.41,-3791.24,-28822.97,1618.3,17297.91,-5834.62,175.21,-2064.6,-5659.41,-7724.01,,,,,,,,,
2481,1814.62,4229.09,4994.82,472.06,281.06,-97.86,-3874.83,-28994.66,1650.69,17129.17,-5496.79,168.1,-2395.84,-5328.69,-7724.53,,,,,,,,,
2491,1798.8,4263.5,4977.57,468.25,256.25,-102.86,-3829.65,-29130.93,1638.81,17215.63,-5454.99,169.97,-2444.63,-5285.03,-7729.65,,,,,,,,,
2501,1780.47,4271.66,4974.9,465.73,281.5,-142.7,-3846.4,-28956.01,1628.31,17226.37,-5618.71,168.22,-2316.16,-5450.49,-7766.65,,,,,,,,,
2511,1865.81,4206.41,4928.81,477.18,268.36,-136.07,-3915.84,-29026.09,1579.23,17241.6,-5489.03,164.34,-2510.6,-5324.69,-7835.29,,,,,,,,,
2521,1841.78,4274.85,4949.73,475.01,253.77,-88.97,-3869.23,-28691.86,1587.8,17224.55,-5845.39,172.6,-2042.58,-5672.79,-7715.37,,,,,,,,,
2531,1868.36,4257.02,4968.11,481.3,277.19,-137.89,-3845.75,-28789.25,1617.58,17278.51,-5827.22,173.89,-2024.81,-5653.34,-7678.15,,,,,,,,,
2541,1801.16,4255.3,4995.96,474.21,280.5,-125.09,-3878.13,-28971.94,1664.6,17272.38,-5628.37,164.66,-2231.06,-5463.71,-7694.77,,,,,,,,,
2551,1772.67,4224.58,4960.35,469.62,294.27,-126.4,-3862.89,-28968.05,1649.64,17316.67,-5626.11,173.01,-2269.55,-5453.1,-7722.65,,,,,,,,,
2561,1839.26,4212.04,4943.38,467.31,267.24,-124.03,-3812.12,-28916.34,1604.61,17131.2,-5628.35,173.4,-2387.44,-5454.94,-7842.38,,,,,,,,,
2571,1805.76,4306.13,4940.83,493.58,288.71,-92.19,-3829.46,-29029.08,1673.11,17244.08,-5563.09,170.64,-2198.54,-5392.45,-7590.99,,,,,,,,,
2581,1826,4325.87,4961.63,473.17,270.41,-118.29,-3863.63,-28949.27,1636.18,17335.76,-5655.9,169.77,-2102.19,-5486.13,-7588.32,,,,,,,,,
2591,1796.86,4264.5,4908.43,453.36,263.73,-106.8,-3882.42,-28989.12,1624.28,17290.15,-5575.03,167.84,-2377.03,-5407.18,-7784.22,,,,,,,,,
2601,1854.72,4281.01,4964.47,475.59,268.7,-144.35,-3825.51,-28960.36,1638.57,17227.3,-5691.49,173.52,-2219.86,-5517.97,-7737.83,,,,,,,,,
2611,1845.16,4227.56,4969.65,475.97,267.68,-136.67,-3796.78,-28839.28,1627.63,17256.6,-5798.76,177.29,-2102.48,-5621.47,-7723.96,,,,,,,,,
2621,1846.43,4214.75,4944.21,471.99,295.23,-152.42,-3842.59,-28959.62,1666.12,17220.63,-5618.57,171.71,-2295.27,-5446.86,-7742.13,,,,,,,,,
2631,1872.28,4237.39,4998.07,482.36,273.42,-153.83,-3854.42,-28936.56,1608.44,17214.02,-5566.94,171.39,-2258.84,-5395.55,-7654.39,,,,,,,,,
2641,1732.12,4187.55,4964.17,468.61,275.71,-103.89,-3836.89,-29041.04,1651.2,17224.16,-5484.21,171.97,-2478.3,-5312.24,-7790.54,,,,,,,,,
2651,1752.47,4213.16,4973.96,467.34,261.73,-109.72,-3792.73,-28967.3,1640.49,17358.68,-5755.75,174.38,-2201.91,-5581.37,-7783.28,,,,,,,,,
2661,1865.04,4241.56,4942.3,491.14,262.49,-91.05,-3853.08,-28722.63,1636.86,17179.46,-5823.85,173.93,-2047.92,-5649.92,-7697.84,,,,,,,,,
2671,1863.28,4191.44,4925.53,493.21,273.72,-123.06,-3796.8,-28839.4,1632.1,17208.2,-5755.84,177.32,-2171.77,-5578.52,-7750.29,,,,,,,,,
2681,1749.23,4219.06,4933.71,476.55,260.77,-90.26,-3815.45,-29042.98,1613.64,17233,-5496.28,172.68,-2462.72,-5323.61,-7786.33,,,,,,,,,
2691,1821.02,4286.32,5003.95,456.49,264.86,-117.57,-3849.9,-28947.13,1617.92,17180.34,-5525.24,168.4,-2283.7,-5356.83,-7640.53,,,,,,,,,
2701,1816.9,4254.27,4983.11,501.02,267.34,-117.57,-3863.55,-28929.41,1638.35,17181.18,-5596.6,173.4,-2268.35,-5423.2,-7691.55,,,,,,,,,
2711,1810.54,4257.78,4949.58,475.86,261.2,-113.39,-3874.28,-29062.59,1634.18,17221.22,-5512.38,169.72,-2439.91,-5342.67,-7782.57,,,,,,,,,
2721,1785.33,4219.02,4980.89,470.32,255.31,-133.85,-3863.6,-29177.32,1655.37,17279.15,-5450.62,168.43,-2529.38,-5282.19,-7811.57,,,,,,,,,
2731,1770.66,4350.29,4902.44,484.46,274.65,-92.78,-3784.96,-29053.97,1632.12,17330.8,-5657.17,176.81,-2186.26,-5480.36,-7666.63,,,,,,,,,
2741,1757.41,4210.68,4967.4,458.3,270.18,-102.15,-3881.73,-29019.37,1608.47,17312.91,-5582.72,172.25,-2417.87,-5410.47,-7828.34,,,,,,,,,
2751,1827.66,4226.22,4996.65,475.71,262.38,-108.74,-3846.92,-29131.23,1633.69,17246.68,-5457.75,169.82,-2417.89,-5287.92,-7705.81,,,,,,,,,
2761,1816.71,4326.6,4925.86,478.49,267.55,-121.28,-3838.68,-29107.06,1604.96,17104.7,-5416.45,170.14,-2542.15,-5246.3,-7788.45,,,,,,,,,
2771,1854.35,4246.42,4983.89,489.78,278.16,-117.39,-3855.53,-28985.63,1617.81,17089.55,-5499.28,173.89,-2398.6,-5325.39,-7723.98,,,,,,,,,
2781,1792.72,4296.24,4953.21,472.85,271.11,-142.65,-3853.06,-29087.42,1615.26,17201.72,-5460.37,172.71,-2480.03,-5287.65,-7767.68,,,,,,,,,
2791,1831.08,4282.86,4977.46,490.77,276.79,-108.26,-3848.63,-29053.06,1620.84,17139.63,-5469.19,173.71,-2390.54,-5295.48,-7686.02,,,,,,,,,
2801,1818.79,4350.12,4972.94,486.51,263.28,-134.71,-3837.29,-29110.19,1608.19,17113.9,-5408.04,169.3,-2468.47,-5238.73,-7707.2,,,,,,,,,
2811,1851.78,4242.77,4974.82,479.07,278.52,-108.07,-3808.81,-28964.39,1573.37,17112.34,-5527.46,172.02,-2368.59,-5355.43,-7724.02,,,,,,,,,
2821,1779.8,4259.97,4938.8,473.07,259.94,-92.84,-3870.21,-28936.58,1659.08,17150.67,-5548.3,171.35,-2378.29,-5376.95,-7755.24,,,,,,,,,
2831,1783.95,4335.56,4953.4,481.98,273.1,-111.9,-3894.83,-29095.38,1627.04,17200.66,-5452.02,168.72,-2446.42,-5283.3,-7729.71,,,,,,,,,
2841,1801.73,4232.21,4992.34,476.39,246.85,-122.25,-3860.9,-28959.5,1676.25,17052.25,-5480.19,167.74,-2464.62,-5312.45,-7777.07,,,,,,,,,
2851,1820.57,4239.67,4998.87,470.28,282.48,-138.56,-3838.06,-29001.57,1614.99,17124.93,-5483.23,170.23,-2426.39,-5313,-7739.39,,,,,,,,,
2861,1806.5,4352.37,4958.78,473.28,275.29,-113.06,-3831.35,-29090.36,1611.5,17072.77,-5384.29,172.22,-2484.31,-5212.07,-7696.37,,,,,,,,,
2871,1869.37,4264.24,4963.85,471.4,267.46,-113.27,-3883.62,-29008.99,1619.03,17067.94,-5410.52,168.49,-2482.6,-5242.03,-7724.63,,,,,,,,,
2881,1861.14,4349.18,4996.9,498.98,283.22,-134.92,-3849.16,-28994.82,1597.2,17093.26,-5480.02,167.03,-2299.02,-5312.99,-7612.01,,,,,,,,,
2891,1833.77,4327.54,4965.42,480.2,275.98,-112.38,-3832.84,-28845.15,1619.89,17115.85,-5581.78,168.28,-2171.74,-5413.5,-7585.24,,,,,,,,,
2901,1856.93,4316.83,4936.94,477.11,260.62,-111.15,-3811.86,-28848.02,1651.27,17025.07,-5561.23,170.75,-2246.26,-5390.48,-7636.74,,,,,,,,,
2911,1803.21,4296.42,4937.62,483.59,269.08,-94.09,-3845.7,-28893.81,1640.24,17125.65,-5562.03,169.45,-2277.81,-5392.58,-7670.4,,,,,,,,,
2921,1819.94,4280.69,4964.98,468.65,287.94,-127.44,-3860.52,-29119.22,1636.3,17108.54,-5362.52,169.07,-2540.14,-5193.45,-7733.59,,,,,,,,,
2931,1801.52,4354.37,4902.98,494.81,256.96,-120.79,-3813.9,-29177.96,1635.19,17098.35,-5375.78,172.88,-2568.48,-5202.9,-7771.38,,,,,,,,,
2941,1878.63,4209.68,4884.1,481.07,265.99,-112.03,-3800.68,-29190.7,1601.43,17169.25,-5411.69,173.51,-2613.24,-5238.19,-7851.43,,,,,,,,,
2951,1832.98,4210.5,4923.38,479.5,268.21,-133.81,-3860.72,-29124.34,1626.09,17183.57,-5393.21,170.43,-2594.64,-5222.79,-7817.43,,,,,,,,,
2961,1840.8,4312.28,4961.66,482.78,266.66,-115.86,-3887.6,-29072.71,1610.19,17087,-5364.38,168.26,-2514.81,-5196.12,-7710.94,,,,,,,,,
2971,1802.61,4368.08,4924.46,471.8,268.73,-114.37,-3904.32,-29042.57,1632.63,17100.17,-5410.04,167.19,-2492.78,-5242.85,-7735.62,,,,,,,,,
2981,1866.97,4285.79,4964.08,480.58,270.62,-107.27,-3831.26,-29047.36,1643.5,17139.82,-5482.06,168.57,-2334.52,-5313.49,-7648.02,,,,,,,,,
2991,1811.25,4293.57,4922.56,482.88,293.99,-112.9,-3869.06,-29090.34,1663.77,17234,-5477.69,170.72,-2370.27,-5306.97,-7677.24,,,,,,,,,
3001,1914.49,4245.35,4974.09,491.63,287.8,-129.04,-3842.14,-29058.12,1607.8,17218.74,-5494.05,170.03,-2289.4,-5324.02,-7613.42,,,,,,,,,
3011,1843.01,4281.6,4962.57,492.48,274.81,-116.28,-3826.88,-29142.54,1612.88,17136.53,-5367.64,170.44,-2481.81,-5197.19,-7679.01,,,,,,,,,
3021,1789.41,4341.27,5018.84,495.1,257.6,-129.98,-3857.45,-29024.48,1658.63,17159.02,-5466.45,170.25,-2292.05,-5296.21,-7588.26,,,,,,,,,
3031,1798.9,4231.36,4982.99,479.06,278.38,-126.52,-3827.39,-28977.15,1629.7,17217.31,-5559.35,170.06,-2313.37,-5389.29,-7702.65,,,,,,,,,
3041,1817,4278.61,4955.12,483.49,278.6,-139.36,-3895.91,-29163.27,1622.41,17218.08,-5390.8,170.86,-2545.21,-5219.94,-7765.15,,,,,,,,,
3051,1771.61,4228.66,4991.68,471.88,288.16,-110.59,-3862.89,-29204.68,1667.04,17295.76,-5435.15,164.75,-2463.36,-5270.4,-7733.76,,,,,,,,,
3061,1827.85,4325.73,5002.82,464.55,257.14,-116.15,-3870.53,-28985.99,1611.56,17078.08,-5450.05,167.64,-2404.94,-5282.42,-7687.36,,,,,,,,,
3071,1770.32,4268.87,4999.47,469.18,273.38,-129.55,-3839.73,-28961.11,1586.74,17098.16,-5541.29,171.78,-2464.26,-5369.5,-7833.76,,,,,,,,,
3081,1825.25,4228.9,4931.79,486.41,262.95,-133.93,-3810.67,-28919.8,1628.2,17051.18,-5500.57,173.5,-2449.71,-5327.07,-7776.78,,,,,,,,,
3091,1776.59,4279.87,4966.72,464.93,264.05,-121.7,-3854.22,-29054.23,1625.9,17215.39,-5497.94,165.31,-2436.69,-5332.63,-7769.32,,,,,,,,,
3101,1831.48,4235.34,5001.48,483.13,258.43,-116.49,-3834.55,-29129.31,1636.43,17124.92,-5386.79,167.28,-2509.15,-5219.51,-7728.65,,,,,,,,,
3111,1864.12,4260.73,4963.81,472.49,283.72,-90.74,-3800.29,-29093.19,1632.22,17069.09,-5392.23,167.8,-2438.03,-5224.43,-7662.46,,,,,,,,,
3121,1841.35,4271.39,4981.49,483.01,267.27,-113.94,-3873.04,-29098.81,1591.56,17088.93,-5421.53,170.77,-2560.78,-5250.76,-7811.54,,,,,,,,,
3131,1805.36,4261.83,4991.09,463.29,267.45,-124.64,-3845.04,-29058,1622.74,17211.52,-5493.8,168.94,-2404.39,-5324.86,-7729.25,,,,,,,,,
3141,1840.99,4279.88,5017.17,485.49,278.47,-115.79,-3835.91,-29013.87,1638.15,17196.9,-5490.1,166.86,-2228.53,-5323.24,-7551.77,,,,,,,,,
3151,1877.72,4251.67,4979.7,481.68,271.93,-138.17,-3858.69,-28855.29,1613.44,17093.1,-5567.12,168.78,-2282.92,-5398.34,-7681.26,,,,,,,,,
3161,1787.6,4266.16,4969.72,467.25,287.31,-135.96,-3861.06,-28887.76,1655.21,17105.08,-5566.39,169.63,-2346.44,-5396.76,-7743.2,,,,,,,,,
3171,1869.45,4317.17,4964.8,477.52,265.44,-111.22,-3836.5,-29037.79,1617.28,17017.27,-5408.28,171.26,-2456.57,-5237.03,-7693.59,,,,,,,,,
3181,1804.82,4255.16,4957.72,477.63,266.3,-119.83,-3864.7,-29140.05,1630.93,17212.63,-5409.68,169.16,-2519.4,-5240.52,-7759.92,,,,,,,,,
3191,1826.64,4266.65,4969.14,469.89,267.31,-114.6,-3875.09,-29055.02,1636.72,17170.3,-5475.41,168.39,-2438.05,-5307.02,-7745.07,,,,,,,,,
3201,1957.47,4316.27,4925.74,473.35,295.61,-119.8,-3900.34,-28887.27,1550.88,17165.53,-5577.78,168.03,-2222.58,-5409.76,-7632.34,,,,,,,,,
3211,1882.67,4260.51,4979.13,483.5,271.64,-122.51,-3861.33,-28940.01,1620.14,17128.44,-5565.85,166.18,-2297.8,-5399.67,-7697.47,,,,,,,,,
3221,1834.53,4141.64,4993.31,473.21,285.46,-132.71,-3800.97,-28956.35,1641.52,17136.95,-5588.83,170.72,-2383.41,-5418.11,-7801.51,,,,,,,,,
3231,1843.86,4207.36,4961.48,477.42,280.01,-136.8,-3837.35,-28829.06,1603.54,17067.96,-5588.95,167.16,-2361.58,-5421.79,-7783.37,,,,,,,,,
3241,1843.52,4302.75,4971.29,469.88,283.22,-153.35,-3901.83,-28809.66,1635.33,17015.98,-5576.39,168.53,-2342.87,-5407.86,-7750.72,,,,,,,,,
3251,1852.27,4390.3,4953.31,485.19,273.14,-122.72,-3847.32,-28855.43,1610.81,17047.05,-5609.55,173.32,-2213.4,-5436.23,-7649.62,,,,,,,,,
3261,1809.05,4314.46,4969.77,476.46,257.18,-130.91,-3833.96,-28992.09,1635.76,17154.95,-5501.53,169.09,-2339.34,-5332.44,-7671.78,,,,,,,,,
3271,1838.86,4292.27,4969.43,493.17,263.02,-103.4,-3880.66,-28892.82,1591.17,17119.41,-5539.09,168.45,-2309.55,-5370.64,-7680.19,,,,,,,,,
3281,1788.25,4248.17,4990.5,478.89,268.17,-140.7,-3805.26,-29089.38,1650.56,17246.53,-5516.88,169.82,-2364.28,-5347.06,-7711.34,,,,,,,,,
3291,1807.32,4245.99,4943.89,468.78,264.53,-119.44,-3890.77,-28919.48,1620.42,17182.76,-5561.62,168.94,-2395.99,-5392.69,-7788.68,,,,,,,,,
3301,1802.69,4303.18,4918.27,477.02,266.44,-122.49,-3889.67,-28936.21,1626.12,17078.66,-5508.52,171.88,-2476,-5336.64,-7812.65,,,,,,,,,
3311,1880.7,4216.75,4948.09,483.24,290.18,-135.08,-3825.36,-29098.8,1620.95,17229.72,-5477.92,169.39,-2389.61,-5308.53,-7698.14,,,,,,,,,
3321,1834.09,4257.98,4976.16,470.36,277.14,-122.56,-3800.84,-29107.95,1653.43,17176.01,-5435.98,174.9,-2386.2,-5261.07,-7647.28,,,,,,,,,
3331,1859.52,4263.05,4932.15,471.09,274.51,-118.24,-3825.73,-28957.87,1606.07,17152.72,-5562.46,175.64,-2342.74,-5386.81,-7729.56,,,,,,,,,
3341,1756.45,4251.48,4945.54,465.29,286.57,-120.04,-3852.04,-28856.86,1658.53,17293.86,-5696.44,175.38,-2171.21,-5521.06,-7692.27,,,,,,,,,
3351,1818.04,4236.23,4967.46,480.95,265.85,-158.71,-3838.51,-28952.02,1615.18,17182.83,-5625.41,175.12,-2382.7,-5450.3,-7832.99,,,,,,,,,
3361,1824.95,4226.92,4924.41,476.18,257.95,-134.17,-3802.7,-29005.33,1621.38,17149.9,-5558.98,176.71,-2460.51,-5382.28,-7842.79,,,,,,,,,
3371,1837.36,4200.43,4949.57,471.44,256.9,-103.73,-3861.67,-28944.25,1618.34,17140.26,-5523.03,172.75,-2435.35,-5350.28,-7785.63,,,,,,,,,
3381,1770.51,4248.06,4937.15,475.12,278.07,-116.02,-3801.54,-29003.18,1624.63,17175.78,-5562.49,175.37,-2411.41,-5387.12,-7798.53,,,,,,,,,
3391,1762.07,4278.22,4996.74,475.49,275.53,-132.89,-3806.73,-29082.74,1651.3,17195.32,-5485.11,174.18,-2387.69,-5310.93,-7698.62,,,,,,,,,
3401,1782.03,4305.7,5014.96,474.46,274.01,-126.53,-3823.34,-29072.97,1631.52,17288.05,-5515.23,174.82,-2252.1,-5340.4,-7592.5,,,,,,,,,
3411,1827.08,4191.84,4986.38,475.09,253.05,-119.92,-3839.63,-29071.1,1642.1,17208.82,-5515.08,174.23,-2446.29,-5340.84,-7787.14,,,,,,,,,
3421,1783.85,4237.27,4986.9,473.67,263.89,-142.38,-3828.94,-29159.01,1625,17305.98,-5511.58,174.79,-2453.78,-5336.79,-7790.57,,,,,,,,,
3431,1816.22,4202.46,4951.9,480.63,281.65,-116.83,-3821.12,-29000.17,1597.95,17239.12,-5579.97,175.45,-2368.2,-5404.52,-7772.72,,,,,,,,,
3441,1801.43,4234.09,4921.59,458.68,273.91,-139.79,-3794.91,-29127.18,1614.59,17307.18,-5500.05,176.09,-2450.42,-5323.95,-7774.37,,,,,,,,,
3451,1847.46,4300.91,4975.19,478.87,269.63,-115.88,-3795.72,-28919.7,1571.57,17183.81,-5632.26,177.92,-2203.88,-5454.34,-7658.23,,,,,,,,,
3461,1787.24,4264.18,4959.25,473.48,275.62,-117.6,-3874.49,-28949.79,1635.5,17202.83,-5578.87,173.68,-2343.77,-5405.19,-7748.96,,,,,,,,,
3471,1872.43,4281.09,4984.67,483.4,268.93,-115.36,-3848,-28948.67,1633.2,17174,-5590.23,172.53,-2214.32,-5417.7,-7632.02,,,,,,,,,
3481,1852,4251.73,4987.58,471.87,267.09,-100.49,-3853.27,-28944.31,1636.81,17196.09,-5534.89,165.54,-2234.9,-5369.36,-7604.26,,,,,,,,,
3491,1854.93,4232.95,4937.95,484.93,286.53,-116,-3845.82,-29099.84,1622.11,17279.7,-5516.97,171.02,-2362.56,-5345.95,-7708.51,,,,,,,,,
3501,1790.61,4254.12,4925.78,498.77,268.66,-110.83,-3826.27,-29172.55,1667.53,17388.35,-5502.08,172.58,-2315.82,-5329.5,-7645.32,,,,,,,,,
3511,1821.19,4317.5,4971.4,487.74,278.97,-106.1,-3805.8,-28893.51,1663.91,17072.69,-5645.91,174.09,-2191.99,-5471.82,-7663.81,,,,,,,,,
3521,1780.22,4245.05,4932.63,472.04,287.42,-112.64,-3857.92,-28991.3,1618.52,17213.1,-5593.62,170.87,-2412.88,-5422.75,-7835.63,,,,,,,,,
3531,1906.91,4298.58,4963.87,488.82,281,-133.16,-3827.43,-28709.75,1599.53,17076,-5800.55,175.74,-2055.64,-5624.81,-7680.45,,,,,,,,,
3541,1777.74,4173.25,4978.8,470.91,292.65,-124.37,-3761.69,-28801.04,1654.91,17279.53,-5823.06,179.21,-2059.3,-5643.85,-7703.16,,,,,,,,,
3551,1814.92,4290.13,4973.77,484.74,266.39,-139.36,-3745.13,-28966.76,1653.17,17251.52,-5695.51,178.39,-2116.61,-5517.12,-7633.73,,,,,,,,,
3561,1791.63,4352.9,4998.44,479.44,262.91,-142.3,-3830.57,-28753.74,1627.18,17127.98,-5724.36,178.65,-2086.15,-5545.71,-7631.86,,,,,,,,,
3571,1863.65,4190.27,4920.72,464.17,275.52,-109.8,-3778.92,-28840.41,1634.06,17169.8,-5750.57,176.94,-2210.93,-5573.63,-7784.56,,,,,,,,,
3581,1886.36,4259.6,4981.54,487.73,274.35,-125.44,-3822.15,-28753.44,1597.92,17180.84,-5784.4,179.22,-2032.68,-5605.18,-7637.86,,,,,,,,,
3591,1873.99,4212.76,4964.03,475.18,257.39,-126.22,-3773.35,-28941.04,1644.97,17321.59,-5750.21,177.81,-2090.68,-5572.4,-7663.08,,,,,,,,,
3601,1802.39,4269.15,4991.62,476.18,292.37,-127.64,-3796.57,-28780.2,1611.44,17157.84,-5806,176.52,-2103.43,-5629.48,-7732.91,,,,,,,,,
3611,1843.12,4292.11,4996.98,488.75,270.61,-130.37,-3848.49,-28786.05,1616.22,17146.43,-5710.47,175.7,-2110.69,-5534.77,-7645.46,,,,,,,,,
3621,1821.1,4332.91,4944.09,493.49,261.01,-117.9,-3807.66,-28710.48,1664.25,17185.5,-5810,179,-1933.69,-5631.01,-7564.7,,,,,,,,,
3631,1789.12,4295.7,4987.33,483.62,270.49,-99.87,-3790.98,-28826.86,1639.92,17182.04,-5743.82,176.81,-2069.49,-5567,-7636.5,,,,,,,,,
3641,1805.68,4248.36,4978.52,477.15,273.73,-132.49,-3719.57,-28914.26,1649.14,17177.67,-5673.46,178.51,-2156.06,-5494.95,-7651.01,,,,,,,,,
3651,1877.63,4186.92,4923.14,473.29,260.41,-114.4,-3771.35,-28891.55,1636.31,17170.36,-5685.31,175.31,-2249.24,-5510,-7759.24,,,,,,,,,
3661,1810.39,4264.69,4957.68,472.78,266.68,-117.6,-3777.12,-28827.42,1677.29,17188.59,-5760.78,177.35,-2084.05,-5583.43,-7667.48,,,,,,,,,
3671,1796.82,4255.85,4958.36,482.38,282.52,-139.53,-3846.02,-28773.11,1639.86,17166.55,-5743.87,175.85,-2176.31,-5568.02,-7744.33,,,,,,,,,
3681,1763.72,4286.14,4927.45,470.34,280.31,-125.5,-3827.27,-28717.43,1618.52,17161.99,-5817.97,177.26,-2161.75,-5640.71,-7802.45,,,,,,,,,
3691,1778.45,4287.06,4991.74,489.31,264.75,-122.18,-3740.24,-28657.1,1644.3,17026.43,-5811.46,179.65,-2037.48,-5631.81,-7669.28,,,,,,,,,
3701,1807.15,4274.36,4969.84,469.82,258.38,-99.89,-3867.02,-28926.08,1597.04,17296.7,-5755.15,174.25,-2219.69,-5580.9,-7800.59,,,,,,,,,
3711,1771.77,4387.09,4941.13,495.94,277.05,-114.91,-3826.85,-28819.22,1647.8,17114.32,-5699.21,172.59,-2125.88,-5526.63,-7652.51,,,,,,,,,
3721,1831.03,4347.73,4990.86,470.65,270.98,-125.96,-3831.38,-28796.46,1604.66,17124.93,-5730.79,176.11,-2112.96,-5554.68,-7667.65,,,,,,,,,
3731,1816.68,4292.45,4945.94,466,258.46,-129.6,-3777.29,-28844.01,1635.96,17203.78,-5755.26,177.4,-2131.62,-5577.87,-7709.49,,,,,,,,,
3741,1754.49,4259.13,4947.06,484.64,255.24,-132.08,-3796.31,-28800.47,1656.42,17276.69,-5782.77,177.35,-2095.19,-5605.42,-7700.61,,,,,,,,,
3751,1807.52,4248.25,5014.21,464.57,280.32,-121.48,-3740.47,-28729.52,1633.36,17165.89,-5848.9,180.12,-1977.37,-5668.78,-7646.14,,,,,,,,,
3761,1753.88,4314.54,4954.31,481.15,271.24,-126.29,-3842.5,-28811.54,1642.73,17185.52,-5748.44,174.49,-2176.96,-5573.95,-7750.9,,,,,,,,,
3771,1851.1,4278.71,5031.87,475.56,286.36,-131.91,-3804.78,-28809.49,1617.34,17032.96,-5719.32,178,-2172.26,-5541.32,-7713.59,,,,,,,,,
3781,1823.28,4400.59,4925.95,480.7,260,-119.39,-3777.15,-28802.4,1620.65,17174.51,-5798.74,176.38,-2013.26,-5622.35,-7635.61,,,,,,,,,
3791,1770.43,4297.77,4985.37,470.65,284.94,-124.45,-3804.42,-28774.51,1599.38,17150.67,-5775.89,177.98,-2144.17,-5597.91,-7742.08,,,,,,,,,
3801,1851.94,4284.32,4996.85,472.18,284.95,-129.21,-3771.35,-28782.62,1648.31,17147.45,-5779.95,179.71,-1997.18,-5600.24,-7597.42,,,,,,,,,
3811,1786.9,4300.15,4903.19,482.93,256.31,-117.93,-3776.78,-28709.27,1623.63,17236.07,-5844.14,175.25,-2014.8,-5668.89,-7683.69,,,,,,,,,
3821,1827.05,4299.71,4949.47,476.58,263.41,-105.89,-3780.39,-28791.16,1607.19,17220.73,-5834.52,176.46,-2033.3,-5658.06,-7691.36,,,,,,,,,
3831,1776.09,4269.87,4940.79,474.19,252.67,-118.84,-3794.87,-28876.65,1669.75,17240.57,-5730.93,176.79,-2166.43,-5554.15,-7720.58,,,,,,,,,
3841,1809,4294.19,4983.73,464.84,257.86,-145.01,-3758.44,-28835.73,1618.86,17193.54,-5722.72,177.39,-2117.18,-5545.33,-7662.51,,,,,,,,,
3851,1817.48,4243.14,4945.42,471.87,284.25,-131.97,-3786.79,-28836.54,1624.19,17118.99,-5704.98,175.76,-2249.96,-5529.22,-7779.19,,,,,,,,,
3861,1828.48,4295.99,4959.16,473.91,284.7,-117.78,-3763.77,-28790.83,1636.29,17112.75,-5723.71,176.72,-2081.09,-5546.99,-7628.08,,,,,,,,,
3871,1763.4,4304.38,4964.49,469.23,276.41,-115.51,-3759.67,-28769.99,1612.64,17146.62,-5746.04,177.92,-2107.99,-5568.11,-7676.1,,,,,,,,,
3881,1882.81,4376.27,4920.41,489.47,270.99,-105.89,-3805.73,-28693.38,1591.02,17093.87,-5802.6,175.82,-1980.17,-5626.78,-7606.95,,,,,,,,,
3891,1832.99,4265.24,4965.06,476.61,271.24,-113.48,-3803.1,-28714,1653.22,17155.37,-5799.95,171.61,-2010.86,-5628.34,-7639.19,,,,,,,,,
3901,1798.85,4231.93,4947.57,485.11,278.91,-108.83,-3783.83,-28647.24,1630.13,17156.16,-5887.45,173.95,-2011.23,-5713.5,-7724.73,,,,,,,,,
3911,1802.61,4354.7,4960.73,486.89,252.64,-121.56,-3796.9,-28671.55,1631.22,17097.53,-5805.99,177.05,-2003.68,-5628.94,-7632.62,,,,,,,,,
3921,1845.52,4248.64,4979.09,490.84,269.3,-116.29,-3808.21,-28802.25,1640.02,17145.39,-5739.6,176.87,-2107.94,-5562.74,-7670.68,,,,,,,,,
3931,1795.91,4292.33,4954.93,476.54,263.71,-134.75,-3807.1,-28772.8,1626.41,17194.53,-5764.26,173.16,-2110.29,-5591.1,-7701.39,,,,,,,,,
3941,1852.75,4241.62,4982.61,479.51,300.84,-129.61,-3777.84,-28804.3,1624.98,17208.02,-5815.53,178.91,-2021.43,-5636.62,-7658.04,,,,,,,,,
3951,1850.07,4170.72,4941.34,478.68,265.84,-126.59,-3722.33,-28706.95,1666.74,17261.21,-5922.47,181.12,-1921.28,-5741.34,-7662.62,,,,,,,,,
3961,1899.56,4325.68,4990.9,483.97,270.81,-110.49,-3787.74,-28852.69,1595.22,17210.06,-5774.03,174.49,-1974.72,-5599.54,-7574.26,,,,,,,,,
3971,1806.85,4284.5,4960.26,475.57,272.48,-139.91,-3805.14,-28834.34,1603.53,17237.04,-5803.31,175.53,-2139.18,-5627.78,-7766.96,,,,,,,,,
3981,1796.2,4239.99,4935.38,473.78,282.81,-105.09,-3788.73,-28826.94,1655.72,17188.58,-5780.35,176.3,-2148.3,-5604.06,-7752.36,,,,,,,,,
3991,1877.72,4202.97,5001.22,479.6,253.55,-127.39,-3814,-28772.32,1623.28,17178.79,-5778.26,179.06,-2096.57,-5599.2,-7695.78,,,,,,,,,
4001,1828.54,4271.06,4981.51,485.91,266,-125.8,-3804.82,-28950.77,1619.67,17140.53,-5664.58,178.1,-2288.18,-5486.47,-7774.66,,,,,,,,,
4011,1818.86,4213.82,4982.06,479.4,261.08,-131.54,-3799.29,-28819.11,1622.3,17178.94,-5712.93,179.48,-2193.5,-5533.45,-7726.95,,,,,,,,,
4021,1791.91,4295.71,4982.7,469.59,276.18,-113.53,-3845.85,-28869.36,1637.25,17212.31,-5664.81,175.06,-2163.09,-5489.75,-7652.84,,,,,,,,,
4031,1753.69,4229.13,4969.63,475.48,273.09,-140.34,-3784.81,-28846.44,1645.44,17306.57,-5758.83,176.91,-2118.55,-5581.92,-7700.47,,,,,,,,,
4041,1783.03,4312.58,4952.53,481.79,260.23,-101.96,-3846.46,-28784.37,1598.19,17229.48,-5794.21,176.35,-2114.97,-5617.86,-7732.83,,,,,,,,,
4051,1843.88,4251.36,4996.1,469.28,267.05,-133.87,-3808.71,-28855.28,1638.17,17212.47,-5762.96,176.38,-2119.57,-5586.57,-7706.15,,,,,,,,,
4061,1826.01,4216.91,4948.6,468.02,273.12,-94,-3805.73,-28851.61,1621.29,17259.55,-5747.46,176.12,-2137.83,-5571.34,-7709.17,,,,,,,,,
4071,1803.83,4258.95,4974.45,480.15,275.53,-120.11,-3834.2,-29076.93,1604.85,17241.06,-5493.85,170.93,-2392.43,-5322.92,-7715.35,,,,,,,,,
4081,1779.72,4253.66,4932.28,456.53,253.88,-133.6,-3800.58,-29020.86,1625.28,17169.02,-5490.74,174.53,-2484.66,-5316.22,-7800.88,,,,,,,,,
4091,1803.68,4197.79,4997.04,468.17,258.41,-139.11,-3779.63,-28949.34,1661.54,17167.33,-5585.75,171.83,-2314.11,-5413.92,-7728.03,,,,,,,,,
4101,1885.8,4213.28,4928.55,485.1,271.91,-140.38,-3801.47,-29027.3,1605.99,17220.93,-5497.92,174.59,-2357.6,-5323.32,-7680.92,,,,,,,,,
4111,1759.2,4294.92,4925.78,485.42,270.99,-137.18,-3824.8,-29061.59,1597.6,17233.12,-5516.39,176.54,-2456.54,-5339.85,-7796.4,,,,,,,,,
4121,1804.72,4224.68,4957.18,492.11,267.69,-121.4,-3838.63,-28977.81,1624.36,17196.95,-5493.22,170.35,-2370.14,-5322.87,-7693.01,,,,,,,,,
4131,1852.55,4211.32,4928.89,486.76,286,-142.2,-3855.06,-29010.26,1653.8,17200.31,-5489.78,172.97,-2387.88,-5316.81,-7704.69,,,,,,,,,
4141,1843.5,4232.5,4980.07,471.9,287.77,-152.34,-3786.41,-28980.97,1614.91,17219.07,-5568.18,175.55,-2270,-5392.63,-7662.63,,,,,,,,,
4151,1815.66,4198.13,4950.36,472.52,249.27,-132.94,-3792.73,-28863.74,1652.12,17267.97,-5761.98,177.09,-2183.37,-5584.89,-7768.26,,,,,,,,,
4161,1865.19,4251.91,4979.86,473.65,276.36,-129.56,-3809.87,-28902.7,1618.26,17188.77,-5648.34,174.14,-2188.13,-5474.21,-7662.34,,,,,,,,,
4171,1821.4,4228.07,4930.64,469.25,252.72,-125.44,-3846.17,-28979.3,1615.78,17274.61,-5606.03,173.08,-2358.46,-5432.95,-7791.41,,,,,,,,,
4181,1860.91,4285.07,4952.06,494.28,257.3,-158.45,-3794.79,-28900.72,1638.12,17209.06,-5653.24,174.5,-2157.14,-5478.74,-7635.89,,,,,,,,,
4191,1898.82,4205.6,4966.94,476.64,268.07,-134.72,-3831.83,-29099.32,1596.89,17210.02,-5511.72,170.74,-2442.9,-5340.98,-7783.88,,,,,,,,,
4201,1816.73,4290.24,4994.63,480.49,283.95,-107.48,-3837.06,-28827.17,1658.47,17110.54,-5612.06,175.08,-2136.67,-5436.98,-7573.65,,,,,,,,,
4211,1884.51,4312.63,4941.54,478.67,265.1,-131.89,-3856.65,-28884.75,1601.55,17086.91,-5574.37,171.21,-2302.37,-5403.17,-7705.54,,,,,,,,,
4221,1844.41,4328.22,4996.03,481.04,254.37,-122.88,-3826.68,-29025.51,1638.79,17151.55,-5499.95,172.11,-2280.65,-5327.85,-7608.49,,,,,,,,,
4231,1839.63,4304.31,4907.3,482.53,263.34,-125.05,-3808.81,-28952.53,1618.39,17172.88,-5578.9,172.2,-2298.01,-5406.7,-7704.71,,,,,,,,,
4241,1777.82,4253.69,4979.48,474.86,276.46,-132.28,-3834.44,-28850.1,1641.65,17206.8,-5650.83,171.08,-2206.06,-5479.75,-7685.81,,,,,,,,,
4251,1799.19,4242.63,4974.23,478.22,248.44,-119.86,-3814.99,-28968.79,1614.45,17254.81,-5601.41,173.04,-2291.66,-5428.38,-7720.04,,,,,,,,,
4261,1819.53,4131.61,4979.16,457.14,271.14,-121.22,-3853.4,-28947.27,1651.89,17244.11,-5621.23,174.07,-2367.3,-5447.15,-7814.46,,,,,,,,,
4271,1797.26,4162.13,4937.31,466.61,276.25,-132.5,-3807.69,-28840.11,1644.93,17299.16,-5742.58,177.16,-2196.65,-5565.42,-7762.07,,,,,,,,,
4281,1807.56,4285.09,4976.06,482.69,276.11,-130.42,-3817.39,-28779.92,1595.57,17222.05,-5766.21,172.97,-2082.61,-5593.24,-7675.85,,,,,,,,,
4291,1814.35,4254,4915.59,494.79,266.05,-133.99,-3844.53,-28905.95,1591.78,17184.05,-5655.17,173.64,-2363.85,-5481.53,-7845.38,,,,,,,,,
4301,1841.52,4252.3,5026.65,486.95,272.09,-107.73,-3797.73,-28724.99,1652.95,17184.97,-5818.02,180.03,-1913.03,-5637.99,-7551.02,,,,,,,,,
4311,1811.51,4202.96,4933.02,480.91,259.15,-94.77,-3794.21,-28870.67,1659.89,17151.44,-5632.84,173.92,-2260.76,-5458.92,-7719.68,,,,,,,,,
4321,1819.81,4285.15,4957.22,489.19,255.93,-124.19,-3814.53,-28945.14,1610.74,17180.68,-5558.15,173.54,-2285.15,-5384.61,-7669.76,,,,,,,,,
4331,1867.01,4263.49,4956.3,494.68,268.64,-99.2,-3824.54,-29025.06,1656.05,17240.69,-5606.14,170.51,-2201.95,-5435.63,-7637.58,,,,,,,,,
4341,1805.24,4320.44,4939.62,483.1,269.71,-123.5,-3858.15,-28991.58,1615,17144.01,-5519.55,172.02,-2396.12,-5347.52,-7743.64,,,,,,,,,
4351,1810.55,4304.96,4942.62,494.13,255.17,-85.5,-3817.17,-28702.23,1588.3,17101.72,-5794.46,176.91,-2107.46,-5617.55,-7725.01,,,,,,,,,
4361,1886.06,4251.49,4908.22,473.43,265.41,-114.15,-3770.77,-28888.97,1604.69,17130.05,-5664.05,173.65,-2254.52,-5490.4,-7744.92,,,,,,,,,
4371,1818.47,4321.75,4974.38,487.33,270.91,-121.34,-3869.17,-28683.1,1653.85,17151.01,-5766.71,177.06,-1995.92,-5589.65,-7585.57,,,,,,,,,
4381,1849.67,4222.16,4962.47,482.18,271.23,-137.09,-3762.83,-28765.07,1640.46,17180.82,-5787.11,179.04,-2056,-5608.07,-7664.08,,,,,,,,,
4391,1811.72,4244.23,4929.72,476.12,267.9,-103.89,-3820.41,-28901.34,1633.83,17309.05,-5691.85,174.96,-2153.06,-5516.9,-7669.96,,,,,,,,,
4401,1818.61,4187.14,4916.69,479.61,273.1,-105.32,-3810.18,-28888.75,1606.29,17260.73,-5712.16,176.73,-2262.08,-5535.43,-7797.51,,,,,,,,,
4411,1873.44,4234.52,5005.05,485.41,260.74,-86.35,-3873.41,-28977.24,1607.51,17211.08,-5541.71,167.86,-2259.27,-5373.85,-7633.11,,,,,,,,,
4421,1845.88,4317.66,4983.34,479.02,276.08,-139.58,-3806.74,-28999.32,1637.27,17266.13,-5621.9,174.26,-2140.25,-5447.64,-7587.89,,,,,,,,,
4431,1823.9,4222.13,4990.76,472.38,276.9,-128.58,-3806.21,-28961.64,1607.26,17315.17,-5668.89,175.52,-2187.93,-5493.37,-7681.3,,,,,,,,,
4441,1784.29,4225.35,4967.64,469.71,277.33,-119.05,-3798.66,-28904.49,1621.11,17343.78,-5741.35,177.5,-2132.99,-5563.85,-7696.84,,,,,,,,,
4451,1820.96,4192.45,4988.05,476.08,250.38,-113.68,-3817.39,-28753.96,1632.43,17161.1,-5823.05,175.67,-2163.57,-5647.38,-7810.95,,,,,,,,,
4461,1838.05,4315.44,4952.4,491.69,284.42,-117.23,-3821.01,-28749.62,1633.04,17249.88,-5821.17,177.38,-1922.95,-5643.79,-7566.74,,,,,,,,,
4471,1854.13,4178.98,4977.09,463.41,271.48,-100.21,-3844.25,-28776.08,1638.62,17261.13,-5762.32,172.99,-2075.71,-5589.33,-7665.03,,,,,,,,,
4481,1836.94,4365.42,4946.39,483.82,264.06,-132.89,-3836.16,-28863.82,1623.71,17209.35,-5729.08,173.04,-2103.17,-5556.04,-7659.2,,,,,,,,,
4491,1866.62,4197.75,4934.26,469.57,270.6,-132.54,-3825.91,-29064.43,1619.59,17232.44,-5504.81,169.9,-2432.07,-5334.91,-7766.98,,,,,,,,,
4501,1772.44,4223.2,4951.95,483.18,256.31,-121.59,-3838.93,-28833.57,1643.08,17229.8,-5710.98,171.89,-2234.13,-5539.09,-7773.22,,,,,,,,,
4511,1837.74,4278.62,4994.31,482.07,269.8,-121.43,-3833.04,-28897.54,1631.69,17067,-5572.14,168.12,-2290.76,-5404.01,-7694.78,,,,,,,,,
4521,1785.92,4318.7,4972.24,481.82,261.98,-105.09,-3831.85,-29133.28,1595.34,17155.82,-5387.76,170.2,-2498.39,-5217.56,-7715.95,,,,,,,,,
4531,1825.59,4282.6,4964.44,475.78,284.09,-113.89,-3805.82,-29002.75,1620.83,17093.77,-5514.32,166.02,-2375.35,-5348.29,-7723.64,,,,,,,,,
4541,1821.88,4184.19,4972.81,490.68,250.54,-92.49,-3814.02,-29070.26,1628.33,17182.77,-5527.13,167.33,-2445.58,-5359.8,-7805.38,,,,,,,,,
4551,1799.4,4220.01,4920,487.32,262.63,-127.14,-3877.89,-29021.95,1645.26,17191.63,-5529.04,172.33,-2500.73,-5356.71,-7857.44,,,,,,,,,
4561,1869.08,4328.96,4895.36,483.41,270.83,-123.01,-3873.31,-29069.97,1589.68,17203.92,-5486.25,168.57,-2425.06,-5317.67,-7742.73,,,,,,,,,
4571,1834.37,4276.62,4955.19,480.12,272.24,-130.38,-3907.49,-29001.35,1625.34,17160.69,-5493.28,166.68,-2434.64,-5326.6,-7761.24,,,,,,,,,
4581,1735.42,4196.42,4983.27,469.79,284.34,-122.27,-3833.72,-29062.9,1629.19,17278.19,-5514.93,167.89,-2442.27,-5347.04,-7789.31,,,,,,,,,
4591,1853.6,4315.78,4930.31,471.25,264.6,-130.76,-3834.9,-29108.33,1613.78,17141.6,-5435.86,167.01,-2483.07,-5268.86,-7751.93,,,,,,,,,
4601,1835.26,4307.79,4989.95,472.57,274.85,-100.82,-3871.89,-29144.33,1606.94,17211.42,-5428.36,168.37,-2418.26,-5260,-7678.25,,,,,,,,,
4611,1848.94,4286.62,4979.31,462.48,274.98,-90.6,-3897.73,-29056.29,1647,17252.49,-5501.12,168.36,-2292.81,-5332.76,-7625.58,,,,,,,,,
4621,1790.06,4280.05,4948.33,469.73,256.72,-121.57,-3820.62,-29181.39,1623.78,17267.89,-5432.99,166.44,-2487.03,-5266.55,-7753.58,,,,,,,,,
4631,1856.7,4314.68,4929.71,485.09,263.26,-106.75,-3828.55,-29041.08,1593.59,17145.36,-5502.63,169.97,-2387.98,-5332.66,-7720.64,,,,,,,,,
4641,1806.05,4280.2,4972.68,483.89,266.49,-115.2,-3826.87,-29248.19,1658.87,17258.32,-5368.6,167.03,-2463.75,-5201.57,-7665.32,,,,,,,,,
4651,1877.92,4246.37,4975.69,490.48,274.1,-115.81,-3860.45,-29061.34,1602.01,17196.68,-5460.76,169.85,-2374.35,-5290.92,-7665.27,,,,,,,,,
4661,1786.02,4243.47,4995.39,472.56,271.01,-143.73,-3865.12,-29015.09,1614.97,17287.75,-5593.69,169.41,-2352.79,-5424.28,-7777.07,,,,,,,,,
4671,1833.15,4284.34,4975.22,476.18,265.65,-122.61,-3842.08,-28974.55,1609.4,17254.62,-5626.23,171.99,-2240.67,-5454.24,-7694.91,,,,,,,,,
4681,1737.06,4280.87,4950,489.37,265.67,-104.44,-3840.42,-29073.21,1650.51,17246.87,-5517.82,170.08,-2397.72,-5347.73,-7745.46,,,,,,,,,
4691,1752.45,4326.12,4985.74,466.22,292.36,-133.23,-3880.92,-29308.57,1646.48,17404.7,-5395.23,164.31,-2448.66,-5230.92,-7679.58,,,,,,,,,
4701,1869.09,4258.19,5009.72,494.51,268.94,-153.66,-3908.79,-29149.58,1604.94,17281.35,-5450.59,168.47,-2425.29,-5282.12,-7707.41,,,,,,,,,
4711,1839.56,4296.23,4936.48,486.96,278.59,-123.97,-3828.96,-29050.82,1637.75,17288.45,-5568.49,171.4,-2239.72,-5397.1,-7636.82,,,,,,,,,
4721,1835.13,4191.06,4967.66,476.47,261.51,-123.07,-3858.08,-29104.13,1609.29,17220.02,-5462.85,169.27,-2524.15,-5293.58,-7817.73,,,,,,,,,
4731,1850.35,4257.06,4900.78,459.55,269.87,-113.14,-3876.06,-29110.62,1579.48,17245.08,-5444.31,169.42,-2537.64,-5274.9,-7812.54,,,,,,,,,
4741,1823.24,4308.18,4897.21,476.57,289.59,-98.34,-3824.89,-28944.88,1615.23,17210.52,-5632.41,174.46,-2247.58,-5457.94,-7705.52,,,,,,,,,
4751,1864.7,4331.12,4958.09,486.78,257.39,-126.53,-3813.96,-28933.16,1632.42,17205.03,-5673.66,173.95,-2138.1,-5499.71,-7637.81,,,,,,,,,
4761,1825.67,4223.59,5031.51,471.21,279.95,-114.69,-3846.16,-28808,1638.48,17299.98,-5839.97,177.18,-1998.47,-5662.79,-7661.26,,,,,,,,,
4771,1860.66,4329.89,4953.84,476.08,273.49,-145.02,-3825.49,-28989.09,1617.09,17248.14,-5645.51,171.03,-2200.42,-5474.49,-7674.9,,,,,,,,,
4781,1795.52,4331.99,4956.7,472.88,271.85,-104.39,-3824.56,-28835.45,1584.55,17132.98,-5666.65,176.89,-2217.92,-5489.76,-7707.68,,,,,,,,,
4791,1808.88,4360.43,4968.18,481.81,275.27,-149.19,-3744.55,-28826.55,1609.79,17197.88,-5735.05,174.88,-2018.05,-5560.17,-7578.22,,,,,,,,,
4801,1844.25,4224.96,4966.86,492.85,269.57,-111.94,-3773.41,-28875.34,1617.5,17095.83,-5624.55,175.01,-2248.87,-5449.54,-7698.41,,,,,,,,,
4811,1815.76,4312.78,5018.77,475.33,286.65,-142.19,-3827.22,-28896.04,1616.51,17132.6,-5649.65,173.9,-2207.04,-5475.75,-7682.79,,,,,,,,,
4821,1819.57,4246.62,4958.47,476.48,284.54,-110.15,-3779.89,-28821.47,1624.89,17149.47,-5755.28,176.65,-2151.46,-5578.64,-7730.1,,,,,,,,,
4831,1861.11,4269.15,4990.26,474.27,278.74,-133.83,-3800.85,-28928.4,1625.11,17175.08,-5634.86,172.58,-2189.37,-5462.29,-7651.65,,,,,,,,,
4841,1770.52,4308.44,4945.4,470.1,272.44,-141.79,-3859.99,-28831.26,1631.08,17209.28,-5709.55,168.71,-2225.78,-5540.84,-7766.62,,,,,,,,,
4851,1829.28,4232.44,4983.5,474.7,273.06,-128.48,-3841.72,-28942.88,1631.91,17224.77,-5655.33,170.8,-2263.44,-5484.54,-7747.97,,,,,,,,,
4861,1884.74,4290.14,4974.9,494.59,280.39,-124.68,-3743.95,-28886.48,1616.86,17157.59,-5670.41,176.71,-2055.9,-5493.7,-7549.6,,,,,,,,,
4871,1860.61,4298.46,4983.29,481.48,269.19,-138.96,-3799.46,-28987.73,1577.22,17168.41,-5600.58,174.8,-2287.49,-5425.78,-7713.27,,,,,,,,,
4881,1852.16,4304.14,4968,479.8,257.78,-127.19,-3821.14,-28936.98,1617.19,17193.45,-5646.08,174.73,-2212.81,-5471.34,-7684.15,,,,,,,,,
4891,1838.92,4287.45,4979.03,492.26,277.4,-116.17,-3866.59,-29185.23,1610.18,17050.87,-5318.41,165.2,-2631.87,-5153.2,-7785.08,,,,,,,,,
4901,1810.51,4175.07,4980.82,479.26,291.45,-124.33,-3772.1,-28906.13,1649.4,17144.26,-5648.76,174.03,-2271.81,-5474.74,-7746.54,,,,,,,,,
4911,1813.56,4261.56,4968.47,480.28,279.66,-162.18,-3825.14,-29029.06,1619.11,17140.86,-5497.02,171.91,-2452.89,-5325.11,-7777.99,,,,,,,,,
4921,1817.61,4323.66,4961.76,486.51,252.93,-157.8,-3750.4,-28975.68,1617.2,17140.13,-5603.35,176.99,-2284.08,-5426.36,-7710.44,,,,,,,,,
4931,1814.23,4240.42,4967.6,466.95,251.45,-127.4,-3796.83,-28887.83,1606.64,17223.27,-5734.57,177.9,-2241.51,-5556.68,-7798.19,,,,,,,,,
4941,1773.51,4324.62,4936.17,476.79,269.34,-109.18,-3807.34,-28810.35,1643.97,17141.19,-5708.19,173.58,-2161.28,-5534.61,-7695.9,,,,,,,,,
4951,1804.1,4364.7,4938.7,483.39,252.1,-139.91,-3803.45,-29129.84,1638.19,17273.41,-5489.73,170.32,-2318.61,-5319.41,-7638.03,,,,,,,,,
4961,1773.78,4208.97,4974.5,470.89,265.7,-130.56,-3855.18,-29240.95,1645.27,17242.14,-5368.12,167.49,-2645.44,-5200.63,-7846.08,,,,,,,,,
4971,1833.68,4248.83,4959.44,489.64,259.43,-90.18,-3895.14,-29134.29,1657.33,17201.77,-5430.55,169.45,-2469.49,-5261.1,-7730.59,,,,,,,,,
4981,1895.74,4305.69,4974.05,476.67,276.85,-115.9,-3788.52,-29078.71,1661.29,17119.3,-5445.93,170.18,-2273.53,-5275.75,-7549.28,,,,,,,,,
4991,1788.02,4245.75,4970.31,464.68,273.62,-161.43,-3858.24,-28990.68,1637.31,17174.22,-5520.33,169.82,-2456.43,-5350.51,-7806.94,,,,,,,,,
5001,1839.25,4272.56,4986.81,486.26,260.46,-120.99,-3841.84,-29001.19,1626.11,17221.16,-5568.91,170.44,-2271.41,-5398.47,-7669.87,,,,,,,,,
5011,1858.97,4256.09,4919.58,481.57,277.84,-113.39,-3815.81,-29138.64,1617.57,17231.87,-5474.56,170.81,-2424.35,-5303.75,-7728.11,,,,,,,,,
5021,1808.79,4256.1,4957.67,489.45,290.03,-134.56,-3849.42,-28916.28,1656.25,17247.81,-5658.16,171.5,-2194.15,-5486.66,-7680.81,,,,,,,,,
5031,1806.81,4315.94,4928.02,480.67,278.33,-131.22,-3843.6,-29053.86,1654.09,17192.5,-5514.54,169.96,-2372.32,-5344.59,-7716.91,,,,,,,,,
5041,1771.63,4288.92,4938.27,481.57,278.17,-116.23,-3873.93,-29145.17,1654.61,17255.93,-5448.16,167.85,-2466.24,-5280.31,-7746.55,,,,,,,,,
5051,1825.51,4285.22,4953.2,474.82,266.36,-138.82,-3763.52,-29120.14,1594.49,17243.08,-5559.89,169.47,-2379.78,-5390.42,-7770.2,,,,,,,,,
5061,1806.26,4202.73,4954.72,477.26,285.66,-156.57,-3814.99,-29161.54,1643.6,17364.25,-5527.52,172.53,-2398.63,-5354.99,-7753.62,,,,,,,,,
5071,1759.55,4299.9,4994.17,483.32,267.7,-126.46,-3841.35,-29109.8,1645.62,17232.44,-5496.08,169.85,-2394.91,-5326.23,-7721.13,,,,,,,,,
5081,1867.01,4242.83,4955.05,468.04,246.83,-125.17,-3893.34,-29074.37,1605.85,17097.14,-5424.12,169.42,-2610.13,-5254.7,-7864.84,,,,,,,,,
5091,1800.24,4340.51,4913.06,479.74,258.8,-95.07,-3917.18,-29015.31,1615.64,17246.59,-5515.49,165.93,-2372.97,-5349.57,-7722.54,,,,,,,,,
5101,1814.22,4344.26,4964.94,488.2,275.83,-117.95,-3887.58,-29061.9,1636.48,17097.89,-5386.02,168.19,-2445.61,-5217.83,-7663.44,,,,,,,,,
5111,1821.6,4298.84,4977.5,467.2,268.18,-129.43,-3831.55,-28915.07,1619.69,17194.44,-5625.9,172.6,-2228.59,-5453.29,-7681.89,,,,,,,,,
5121,1826.73,4244.31,4884.43,469.96,259.44,-113.26,-3850.79,-28839.1,1613.29,17162.07,-5660.1,175.72,-2342.9,-5484.39,-7827.29,,,,,,,,,
5131,1782.94,4282.81,4963.29,472.6,283.44,-121.84,-3861.15,-29076.72,1626.97,17156.01,-5461.32,167.33,-2491.67,-5293.98,-7785.66,,,,,,,,,
5141,1704.74,4317.19,4981.63,477.92,271.54,-92.7,-3887.78,-28959.57,1621.78,17217.43,-5584.49,168.16,-2347.82,-5416.34,-7764.16,,,,,,,,,
5151,1837.24,4292.21,4960.35,484.54,270.45,-128.16,-3879.17,-28967.79,1616.6,17195.79,-5559.15,170.15,-2317.94,-5388.99,-7706.94,,,,,,,,,
5161,1832.7,4306.95,4957.01,482.23,276.83,-133.7,-3877.68,-28940.79,1640.62,17176.68,-5582.65,168.91,-2279.16,-5413.74,-7692.9,,,,,,,,,
5171,1799.98,4187.97,4951.49,467.22,246.25,-123.07,-3888.89,-28871.17,1648.2,17230.78,-5622.73,170.91,-2351.23,-5451.82,-7803.05,,,,,,,,,
5181,1827.16,4316.68,4973.13,478.29,274.37,-134.89,-3794.07,-28722.42,1606.45,17105.94,-5783.15,175.69,-2069.37,-5607.46,-7676.82,,,,,,,,,
5191,1760.79,4246.2,4943.46,464.4,282.7,-95.45,-3911,-28952.67,1628.61,17138.79,-5493.03,166.23,-2494.17,-5326.8,-7820.96,,,,,,,,,
5201,1829.61,4355.69,4939.22,470.21,288.81,-119.64,-3865.88,-29060.24,1623.31,17250.1,-5511.89,166.39,-2288.82,-5345.5,-7634.32,,,,,,,,,
5211,1826.27,4263.4,4971.48,489.52,296.77,-125.61,-3885.62,-29104.08,1635.11,17190.82,-5439.66,165,-2441.95,-5274.65,-7716.6,,,,,,,,,
5221,1842.39,4262.38,4967.64,474.2,270.25,-146.73,-3910.52,-29053.46,1602.69,17171.5,-5429.35,166.03,-2519.66,-5263.32,-7782.99,,,,,,,,,
5231,1890.94,4382.58,4926.23,491.52,283.87,-112.69,-3875.72,-28951.93,1608.8,17140.14,-5548.87,171.42,-2216.26,-5377.45,-7593.72,,,,,,,,,
5241,1837.67,4264.23,4983.99,483.1,267.83,-128.22,-3892,-28967.9,1614.12,17094.47,-5491.15,168.06,-2442.71,-5323.09,-7765.8,,,,,,,,,
5251,1797.01,4228.91,4980.7,467.79,290.15,-130.98,-3816.48,-28981.44,1649.73,17175.48,-5553.58,172.58,-2339.13,-5381,-7720.12,,,,,,,,,
5261,1808.16,4209.3,4938.33,464.7,262.73,-134,-3900.69,-29095.24,1637.71,17245.15,-5463,167.42,-2563.85,-5295.58,-7859.43,,,,,,,,,
5271,1759.8,4290.53,4933.56,470.15,262.32,-114.43,-3853.35,-29024.06,1634.31,17091.53,-5488.72,164.78,-2549.64,-5323.94,-7873.58,,,,,,,,,
5281,1802.54,4287.62,4942.58,492.3,280.52,-116.81,-3827.91,-29040.5,1635.65,17183.18,-5485.36,166.58,-2360.83,-5318.78,-7679.61,,,,,,,,,
5291,1804.55,4385.59,4947.72,480.46,270.94,-128.62,-3823.17,-29012.56,1622.5,17201.47,-5577,169.91,-2251.13,-5407.09,-7658.22,,,,,,,,,
5301,1812.51,4274.2,4985.55,472.09,288.88,-139.66,-3825.25,-29210.53,1629.97,17276.33,-5410.75,169.06,-2435.91,-5241.69,-7677.61,,,,,,,,,
5311,1829,4304.71,5006.82,474.12,267.97,-121.39,-3854.84,-29049.48,1603.69,17181.44,-5474.51,169.37,-2357.97,-5305.15,-7663.11,,,,,,,,,
5321,1845.14,4344.67,4969.52,465.07,277.99,-121.13,-3813.27,-28910.32,1622.89,17062.71,-5553.7,171.87,-2256.73,-5381.83,-7638.56,,,,,,,,,
5331,1770.61,4195.8,4958.43,466.96,265.32,-151.09,-3860.49,-28873.66,1601.29,17246.69,-5648.03,169.75,-2380.14,-5478.28,-7858.41,,,,,,,,,
5341,1797.11,4319.11,4957.76,478.21,271.43,-121.83,-3850.82,-28905.09,1618.57,17172.31,-5607.16,170.8,-2263.24,-5436.37,-7699.61,,,,,,,,,
5351,1828.14,4279.6,4950.22,481.08,272.89,-126.59,-3897.65,-28785.94,1596.84,17160.85,-5677.4,170.39,-2240.54,-5507.01,-7747.55,,,,,,,,,
5361,1832.41,4305.07,4932.62,473.23,291.16,-119.73,-3883.3,-29013.54,1619.67,17190.87,-5498.39,165.92,-2371.52,-5332.47,-7703.99,,,,,,,,,
5371,1817.59,4222.42,5006.52,471.55,276.51,-115.12,-3806.6,-28954.01,1611.2,17175.13,-5583.09,171.25,-2294.79,-5411.84,-7706.63,,,,,,,,,
5381,1882.81,4237.04,4988.23,487.67,281.17,-116.02,-3856.83,-28876.93,1594.7,17133.06,-5617.05,166.93,-2245.11,-5450.12,-7695.22,,,,,,,,,
5391,1816.29,4258.92,4979.1,483.06,281.67,-112.83,-3850.52,-29035.71,1624.5,17251.06,-5538.92,169.88,-2304.43,-5369.04,-7673.48,,,,,,,,,
5401,1850.69,4295.59,5009.78,480.32,275.16,-137.05,-3877.39,-28858.85,1594.41,17123.14,-5601.65,169.94,-2244.2,-5431.71,-7675.91,,,,,,,,,
5411,1825.68,4244.46,4969.48,459.14,271.28,-124.24,-3799.16,-28863.97,1625.11,17210.37,-5690.43,175.16,-2181.85,-5515.27,-7697.12,,,,,,,,,
5421,1884.81,4294.27,4943.54,469.12,257.46,-155.85,-3849.41,-28807.74,1588.69,17166.63,-5691.31,171.77,-2208.47,-5519.54,-7728.01,,,,,,,,,
5431,1841.35,4269.11,4999.52,463.32,267.82,-142.85,-3838.3,-28933.64,1605.94,17237.41,-5648.58,172.8,-2230.33,-5475.78,-7706.1,,,,,,,,,
5441,1791.65,4276.73,4976.81,494.67,252.71,-139.61,-3864.71,-29075.83,1622.72,17220.19,-5556.63,171.29,-2444.67,-5385.34,-7830,,,,,,,,,
5451,1889.31,4226.03,4950.16,488.1,295,-159.37,-3829.14,-29040.13,1602.99,17205.3,-5571.12,170.94,-2371.75,-5400.17,-7771.93,,,,,,,,,
5461,1830.44,4364.5,4933.71,472.35,266.91,-108.2,-3873.13,-29123.87,1617.05,17233.88,-5476.01,171.98,-2386.36,-5304.03,-7690.39,,,,,,,,,
5471,1782.46,4252.46,4963.84,493.77,257.69,-91.68,-3852.51,-29156.63,1666.77,17323.03,-5525.14,170.26,-2360.8,-5354.87,-7715.67,,,,,,,,,
5481,1814.35,4217.77,4943.59,460.27,264.17,-98.15,-3860.82,-29123.96,1642.61,17256.94,-5466.27,166.21,-2483.23,-5300.06,-7783.29,,,,,,,,,
5491,1818.36,4292.21,4976.54,497.19,256.06,-113.95,-3744.9,-28798.12,1639.3,17256.96,-5818.78,178.03,-1920.33,-5640.75,-7561.08,,,,,,,,,
5501,1801.51,4285.3,4975.84,471.59,279.28,-124.18,-3825.64,-28795.07,1588.38,17262.84,-5793.59,177.8,-2080.15,-5615.79,-7695.94,,,,,,,,,
5511,1798.77,4206.69,4999.21,480.72,269.58,-122.37,-3860.46,-29046.13,1632.92,17298.75,-5568.47,168.92,-2342.32,-5399.55,-7741.87,,,,,,,,,
5521,1809.36,4235.56,4991.02,493.35,267.43,-146.13,-3817.94,-29003.49,1629.08,17197.35,-5622.16,173.9,-2344.41,-5448.26,-7792.67,,,,,,,,,
5531,1880.85,4276.2,4967.16,475.69,271.7,-140.44,-3812.35,-28861.92,1603.65,17234.06,-5759.18,175.65,-2105.4,-5583.53,-7688.92,,,,,,,,,
5541,1851.3,4350.06,4933.84,493.26,294.96,-157.9,-3803.23,-28825.67,1608.73,17257.85,-5772.31,177.68,-1996.79,-5594.62,-7591.41,,,,,,,,,
5551,1850.53,4310.47,4974.98,486.96,279.29,-142.83,-3756.98,-28867.06,1627.68,17170.32,-5758,176.13,-2066.65,-5581.87,-7648.52,,,,,,,,,
5561,1816.62,4253.91,4969.83,479.47,247.87,-140.06,-3816.54,-29038.95,1628.62,17152.33,-5491.11,164.83,-2446.91,-5326.29,-7773.2,,,,,,,,,
5571,1863.52,4167.62,4913.94,467.36,267.59,-111.44,-3822.63,-28970.56,1638.48,17250.03,-5619.34,170.69,-2336.1,-5448.65,-7784.75,,,,,,,,,
5581,1859.68,4268.01,4947.58,477.27,270.44,-139.53,-3876.35,-28991.19,1611.75,17130.65,-5526.51,170.39,-2441.67,-5356.11,-7797.78,,,,,,,,,
5591,1842.24,4305.61,4984.23,484.04,282.7,-124,-3832.04,-29082.03,1607.55,17188.83,-5444.23,172.11,-2342.85,-5272.12,-7614.98,,,,,,,,,
5601,1873.82,4332,4943.33,482.09,275.93,-151.74,-3794.72,-29179.98,1627.38,17203.51,-5398.41,172.1,-2388.39,-5226.31,-7614.69,,,,,,,,,
5611,1837.8,4269.1,4948.27,480.92,278.32,-127.32,-3811.08,-28917.59,1623.41,17203.03,-5630.34,175.74,-2215.12,-5454.59,-7669.71,,,,,,,,,
5621,1796.4,4211.49,4932.47,474.57,276.55,-93.84,-3777.42,-28881.87,1653.32,17309.26,-5736.51,177.09,-2099.07,-5559.42,-7658.49,,,,,,,,,
5631,1806.97,4313.88,4952.95,490.83,276.7,-124.89,-3818.94,-28757.06,1651.55,17263.41,-5807.3,176.59,-1944.6,-5630.71,-7575.31,,,,,,,,,
5641,1814.83,4197.84,4975.84,464.89,270.09,-128.9,-3784.53,-28784.43,1637.1,17204.53,-5760.12,172.02,-2132.74,-5588.1,-7720.84,,,,,,,,,
5651,1811.02,4228.31,4935.78,476.71,256.71,-111.98,-3853.68,-28844.12,1641.75,17158.39,-5697.62,175.24,-2301.09,-5522.38,-7823.47,,,,,,,,,
5661,1857.79,4263.63,4947.36,481.26,265.77,-115.2,-3830.22,-28752.34,1595.55,17189.42,-5724,174.24,-2096.98,-5549.76,-7646.74,,,,,,,,,
5671,1837.13,4363.63,4924.89,502.84,259.18,-107.75,-3822.04,-28632.87,1619.73,17052.94,-5817.2,178.25,-2002.32,-5638.95,-7641.27,,,,,,,,,
5681,1871.55,4301.92,4904.53,473.02,280.61,-95.02,-3828.05,-28815.96,1583.98,17130.81,-5757.17,172.79,-2192.59,-5584.38,-7776.97,,,,,,,,,
5691,1831,4357.66,4940.08,488.39,269.34,-126.1,-3817.82,-28794.92,1631.61,17130.26,-5703.9,177.53,-2090.51,-5526.37,-7616.88,,,,,,,,,
5701,1795.39,4281.26,4908.71,473.07,265.78,-118.74,-3806.97,-28804.51,1616.85,17235.59,-5787.81,176.63,-2153.56,-5611.18,-7764.74,,,,,,,,,
5711,1807.17,4294.12,4984.85,477.22,256.99,-132.17,-3854.92,-28782.39,1617.49,17238.1,-5802.08,177.83,-2093.55,-5624.25,-7717.8,,,,,,,,,
5721,1788.25,4216.42,4886.54,477.13,256.5,-149.4,-3817.2,-28751.67,1633.35,17248.47,-5801.51,177.16,-2211.62,-5624.36,-7835.98,,,,,,,,,
5731,1849.68,4318.84,4985.83,479,273.16,-125.98,-3798.53,-28785.01,1646.22,17114.06,-5739.43,175.55,-2042.72,-5563.88,-7606.6,,,,,,,,,
5741,1837.75,4288.79,4964.54,462.62,248.03,-123.26,-3835.79,-28731.61,1598.69,17140.64,-5785.94,176.94,-2149.6,-5609.01,-7758.61,,,,,,,,,
5751,1797.88,4208.12,4955.45,480.87,275.4,-100.93,-3817.25,-28873.02,1638.73,17325.26,-5746.35,174.18,-2109.49,-5572.17,-7681.65,,,,,,,,,
5761,1855.04,4235.16,4969.52,491.05,282.87,-121.05,-3822.34,-28716.64,1633.05,17222.08,-5834.65,172.69,-1971.28,-5661.96,-7633.24,,,,,,,,,
5771,1873.39,4237.88,4885.6,468.7,253.47,-106.04,-3828.41,-28598.61,1651.11,17190.84,-5913.29,177.81,-1972.08,-5735.48,-7707.56,,,,,,,,,
5781,1846.22,4165.85,4954.25,462.71,279.04,-127.25,-3818.05,-28645.59,1600.19,17178.51,-5890.35,176.71,-2104.11,-5713.65,-7817.75,,,,,,,,,
5791,1894.72,4297.79,4968.81,471.86,271.96,-113.15,-3778.83,-28607.75,1620.09,17037.56,-5855.69,177.51,-1936.95,-5678.18,-7615.13,,,,,,,,,
5801,1816.21,4236.01,4994.06,488.8,269.97,-117.9,-3837.86,-28446.93,1609.31,17125.58,-6003.97,178.33,-1862.76,-5825.64,-7688.4,,,,,,,,,
5811,1816.97,4220.82,4974.59,469.61,291.42,-101.58,-3811.54,-28616.97,1624.9,17260.39,-5969.14,176.53,-1871.38,-5792.61,-7663.99,,,,,,,,,
5821,1758.89,4268.76,4951.54,488.3,277.87,-100.43,-3816.39,-28632.24,1630.07,17094.4,-5837.84,174.45,-2079.24,-5663.39,-7742.64,,,,,,,,,
5831,1820.05,4271.47,4992.14,467.73,290.97,-114.56,-3765.77,-28812.71,1629.16,17106.17,-5768.55,172.26,-2115.35,-5596.29,-7711.64,,,,,,,,,
5841,1793.02,4294.11,4968.29,485.7,267.11,-102.06,-3817.77,-28567.17,1586.48,17090.62,-5911.64,177.61,-2001.67,-5734.03,-7735.71,,,,,,,,,
5851,1816.15,4230.14,4956.12,460.18,256.51,-150.53,-3879.72,-28585.23,1641.62,17217.97,-5931.83,174.65,-2036.79,-5757.18,-7793.97,,,,,,,,,
5861,1824.64,4227.79,4959.24,487.03,254.18,-130.63,-3831.69,-28563.17,1622.02,17175.01,-5949.06,174.64,-1975.59,-5774.41,-7750,,,,,,,,,
5871,1823.2,4289.5,4916.88,479.04,279.01,-122.34,-3774.44,-28671.93,1629.6,17139.27,-5891.44,180.93,-2012.19,-5710.51,-7722.7,,,,,,,,,
5881,1772.47,4264.8,4978.65,456.9,281.16,-131.69,-3839.44,-28725.14,1619.6,17181.24,-5844.29,176.84,-2141.46,-5667.45,-7808.91,,,,,,,,,
5891,1742.95,4262.82,4966.19,470.36,264.14,-91.43,-3833.1,-28684.81,1648.01,17230.67,-5867.87,174.18,-2024.19,-5693.69,-7717.88,,,,,,,,,
5901,1853.04,4254.76,4971.13,469.77,269.76,-134.68,-3758.7,-28641.51,1620.27,17117.65,-5953.02,180.94,-1978.52,-5772.08,-7750.6,,,,,,,,,
5911,1811.78,4286.47,4936.28,467.36,275.53,-104.43,-3817.11,-28782.91,1669.2,17193.85,-5819.22,176.39,-2063.98,-5642.83,-7706.81,,,,,,,,,
5921,1854.46,4267.93,4948.28,473.31,267.69,-105.1,-3776.09,-28755.23,1634.51,17197.55,-5859.47,174.04,-1992.68,-5685.43,-7678.11,,,,,,,,,
5931,1799.95,4265.48,4941.43,477.38,260.56,-105.95,-3796.14,-28827,1671.68,17177.16,-5760.06,178.01,-2135.44,-5582.05,-7717.49,,,,,,,,,
5941,1841.41,4322.32,4973.64,483.68,265.33,-145.53,-3789.27,-28573.1,1650.7,17135.8,-5968.08,180.89,-1835.03,-5787.2,-7622.23,,,,,,,,,
5951,1788.55,4328.5,4919.06,484.94,260.12,-144.9,-3724.62,-28724.76,1627.51,17115.02,-5821.33,180.92,-2070.58,-5640.41,-7710.99,,,,,,,,,
5961,1831.04,4238.6,4956.81,463.39,281.9,-112.87,-3809.19,-28763.75,1657.16,17197,-5835.98,174.06,-2059.9,-5661.92,-7721.82,,,,,,,,,
5971,1794.34,4321.14,4978.41,487.89,269.21,-121.36,-3840.35,-28629.97,1649.63,17220.2,-5960.4,176.6,-1870.87,-5783.8,-7654.67,,,,,,,,,
5981,1773.79,4269.68,4958.78,485.75,259.6,-137.59,-3836.29,-28720.98,1623.39,17281.84,-5903.28,176.71,-2042.02,-5726.57,-7768.59,,,,,,,,,
5991,1850.97,4249.09,4927.41,478.82,260.44,-142.3,-3788.11,-28539.46,1631.6,17198.45,-6038.22,179.44,-1873.1,-5858.78,-7731.88,,,,,,,,,
6001,1864.66,4220.19,4984.57,477.57,276.67,-144.33,-3800.06,-28651.08,1615.8,17221.6,-5941.46,178.47,-1934.41,-5762.99,-7697.4,,,,,,,,,
6011,1801.82,4226.76,4937.73,468.33,252.61,-117.62,-3778.14,-28694.32,1628.28,17243.38,-5885.9,177.83,-2031.17,-5708.07,-7739.24,,,,,,,,,
6021,1836.11,4222.73,4955.33,466.24,269.06,-157.33,-3800.56,-28617.3,1614.91,17306.87,-6002.59,179.35,-1903.94,-5823.24,-7727.18,,,,,,,,,
6031,1808.35,4270.77,4977.73,487.29,275.13,-122.02,-3785.02,-28764.52,1607.82,17248.86,-5841.94,177.55,-1995.62,-5664.39,-7660.01,,,,,,,,,
6041,1858.39,4305.58,4940.2,472.95,279,-121.31,-3807.6,-28591.99,1561.98,17096.87,-5947.1,179.79,-2005.94,-5767.3,-7773.24,,,,,,,,,
6051,1799.09,4233.46,4925.77,473.43,275.82,-102.05,-3841.07,-28754.6,1633.25,17248.94,-5854.6,172.24,-2107.96,-5682.36,-7790.32,,,,,,,,,
6061,1778.15,4279.07,4971.43,469.61,258.29,-105.14,-3773.69,-28673.53,1597.03,17156.99,-5874.23,177.98,-2041.8,-5696.25,-7738.05,,,,,,,,,
6071,1849.6,4284.96,4946.86,498.79,273.05,-119.18,-3820.94,-28567.32,1617.99,17195.73,-5964.21,178,-1840.45,-5786.2,-7626.65,,,,,,,,,
6081,1876.64,4165.8,4928.17,473.17,271.97,-90.03,-3810.93,-28725.97,1640.1,17275.09,-5860.55,173.72,-1996,-5686.82,-7682.82,,,,,,,,,
6091,1877.79,4203.92,4963.04,480.85,278.06,-109.63,-3817.7,-28418.26,1614.91,17071.06,-5983.73,181.04,-1855.95,-5802.69,-7658.64,,,,,,,,,
6101,1792.19,4218.84,4927.3,465.3,268.32,-101.94,-3793.5,-28517.99,1634.84,17185.19,-5990.45,178.05,-1921.45,-5812.4,-7733.85,,,,,,,,,
6111,1838.82,4234.3,4928.69,465.82,276.05,-120.58,-3808,-28874.39,1608.15,17222.53,-5707.05,174.77,-2228.6,-5532.29,-7760.89,,,,,,,,,
6121,1807.37,4224.18,4949,461.85,280.29,-130.64,-3780.72,-28729.73,1632.63,17069.6,-5735.55,173.71,-2216.17,-5561.84,-7778.01,,,,,,,,,
6131,1825.65,4225.46,4927.93,470.73,267.01,-118.06,-3785.06,-28558.85,1631.67,17154.91,-5937.96,177.2,-1958.61,-5760.76,-7719.37,,,,,,,,,
6141,1904.5,4272.69,4920.1,476.23,250.88,-122.77,-3816.88,-28605.57,1612.84,17160.34,-5907.27,175.55,-1947.63,-5731.71,-7679.34,,,,,,,,,
6151,1851.22,4293.82,4973.06,487.45,274.04,-136.58,-3792.07,-28723.13,1629.77,17085.45,-5785.84,172.02,-2056.97,-5613.82,-7670.79,,,,,,,,,
6161,1847.76,4294.4,4969.91,481.21,285.18,-138.15,-3934.08,-28920.51,1645.57,17127.43,-5486.69,162.48,-2341.27,-5324.21,-7665.49,,,,,,,,,
6171,1756.12,4311,4956.23,485.03,261.37,-95.53,-3810.72,-28659.81,1580.17,17182.81,-5838.75,174.15,-2033.32,-5664.61,-7697.93,,,,,,,,,
6181,1818.88,4208.33,4961.3,475.28,295.38,-110.38,-3843.56,-28850.73,1608.82,17140.14,-5635.52,168.36,-2296.55,-5467.16,-7763.71,,,,,,,,,
6191,1860.32,4275.79,4970.62,465.55,243.91,-125.55,-3858.79,-28883.73,1588.46,17047.82,-5572.13,168.77,-2415.6,-5403.36,-7818.96,,,,,,,,,
6201,1764.62,4282.77,4947.14,482.56,280.57,-121.09,-3825.26,-28957.66,1633.82,17149.45,-5552.6,166.95,-2363.08,-5385.65,-7748.74,,,,,,,,,
6211,1835.73,4246.41,4941.8,471.02,267.93,-117.14,-3900.86,-28859.05,1634.76,17151.47,-5634.83,167.09,-2327.95,-5467.74,-7795.69,,,,,,,,,
6221,1850.8,4227.06,4957.34,478.68,274.88,-97.88,-3847.9,-28926.9,1632.9,17216.08,-5635.87,167.91,-2234.93,-5467.97,-7702.9,,,,,,,,,
6231,1794.68,4303.01,4959.88,470.39,295.83,-111.58,-3840.91,-28822.26,1604.01,17165.74,-5711.43,172.31,-2181.22,-5539.12,-7720.34,,,,,,,,,
6241,1807.13,4278.27,4969.68,473.86,248.94,-118.68,-3778.97,-28779.77,1630.3,17216.25,-5778.86,173.84,-2052.99,-5605.02,-7658.01,,,,,,,,,
6251,1786.2,4251.99,4934.59,481.89,280.58,-127.24,-3791.58,-28708.22,1651.88,17161.46,-5868.58,175.8,-2078.45,-5692.78,-7771.23,,,,,,,,,
6261,1785.41,4294.71,4973.94,476.48,293.68,-139.72,-3808.79,-28790.13,1629.2,17175.31,-5792.52,175.97,-2109.91,-5616.55,-7726.46,,,,,,,,,
6271,1779.75,4197.9,4992.59,471.69,291.9,-128.14,-3806.96,-28631.46,1630.6,17082.88,-5847.52,173.17,-2119.24,-5674.34,-7793.58,,,,,,,,,
6281,1814.94,4408.54,4980.23,479.58,280.12,-115.38,-3852.47,-28598.69,1590,17073.14,-5830.71,169.17,-1939.99,-5661.53,-7601.52,,,,,,,,,
6291,1810.26,4311.12,4995.75,482.37,283.62,-126.11,-3768.2,-28685.21,1626.01,17139.67,-5850.92,176.16,-1930.71,-5674.77,-7605.48,,,,,,,,,
6301,1790.41,4200.74,4961.41,463.51,272.33,-116.39,-3797.82,-28606.8,1615.42,17185.18,-5909.3,176.56,-2032.02,-5732.74,-7764.76,,,,,,,,,
6311,1793.92,4215.46,4950.49,488.09,278.8,-126.21,-3788.77,-28625.61,1607.81,17177.73,-5891.33,174.92,-2028.3,-5716.41,-7744.71,,,,,,,,,
6321,1794.7,4328.93,4986.78,477.68,270.31,-134.96,-3824.58,-28565.07,1625.75,17085.85,-5893.89,174.96,-1954.61,-5718.93,-7673.54,,,,,,,,,
6331,1851.27,4318.19,4980.73,491.25,278.26,-128.48,-3806.56,-28686.43,1609.14,17156.14,-5833.9,175.11,-1936.5,-5658.79,-7595.28,,,,,,,,,
6341,1777.45,4313.23,4956.93,479.51,286.01,-110.32,-3792.33,-28590.95,1641.38,17152.51,-5882.21,176.47,-1886.57,-5705.74,-7592.31,,,,,,,,,
6351,1795.25,4280.23,4974.63,473.12,267.31,-132.13,-3779.9,-28462.02,1619.51,17157.65,-6039.34,175.6,-1806.35,-5863.74,-7670.09,,,,,,,,,
6361,1798.11,4243.82,4938.62,471.47,276.59,-134.04,-3852.79,-28782,1633.85,17138.84,-5702.12,172.68,-2267.52,-5529.44,-7796.96,,,,,,,,,
6371,1828.08,4315.98,4958.91,499.61,258.56,-146.29,-3809.21,-28655.05,1611.21,17190.19,-5887.3,175.92,-1948,-5711.37,-7659.37,,,,,,,,,
6381,1803.37,4181.35,4973.96,464.37,275.77,-96.62,-3836.39,-28553.81,1612.59,17176.05,-5963.38,176.1,-1999.35,-5787.27,-7786.63,,,,,,,,,
6391,1803.63,4120.6,4986.3,456.84,253.19,-130.6,-3785.68,-28681.94,1620.28,17252.34,-5904.33,176.89,-2105.03,-5727.44,-7832.46,,,,,,,,,
6401,1772.39,4258.04,4942.14,467.53,273.22,-129.86,-3815.89,-28617.43,1643.26,17251.47,-5932.77,173.21,-1955.12,-5759.56,-7714.69,,,,,,,,,
6411,1864.09,4248.29,4966.5,482,278.21,-100.98,-3812.88,-28639.16,1585.86,17068.75,-5861.17,177.2,-2059.31,-5683.96,-7743.27,,,,,,,,,
6421,1828.21,4296.61,4978.61,483.72,268.38,-106.35,-3786.32,-28757.64,1603.51,17129.62,-5820.63,174.27,-2061.65,-5646.36,-7708.01,,,,,,,,,
6431,1750.23,4190.96,4968.08,473.14,272.33,-145.22,-3843.32,-28629.72,1615.13,17151.67,-5856.97,172.54,-2196.73,-5684.43,-7881.16,,,,,,,,,
6441,1779.9,4246.77,4986.17,459.35,286.48,-118.68,-3826.64,-28710.02,1609.84,17132.62,-5821.64,174.85,-2154.2,-5646.79,-7800.99,,,,,,,,,
6451,1822.4,4286.55,4952.86,484.08,281.04,-149.84,-3837.3,-28584.49,1641.11,17096.87,-5846.65,173.98,-2006.71,-5672.68,-7679.39,,,,,,,,,
6461,1804.39,4293.24,4953.88,464.81,279.46,-96.01,-3810.26,-28771.07,1627.93,17078.88,-5737.08,175.85,-2174.75,-5561.23,-7735.98,,,,,,,,,
6471,1824.9,4294.46,4885.04,475.95,255.67,-102.06,-3817.55,-28789.72,1618.02,17117.05,-5725.89,173.18,-2238.23,-5552.72,-7790.95,,,,,,,,,
6481,1836.33,4298.36,4934.74,486.39,274.26,-120.55,-3825.75,-28685.44,1620,17095.65,-5783.5,174.63,-2086.02,-5608.86,-7694.88,,,,,,,,,
6491,1764.84,4327.7,4925.46,475.61,265.17,-138.58,-3764.64,-28705.13,1643.79,17152.14,-5789.94,178.68,-2053.64,-5611.26,-7664.9,,,,,,,,,
6501,1812.63,4328.57,4904.11,466.73,263.01,-126.19,-3846.17,-28648.7,1627.73,17141.96,-5827.52,177.18,-2076.33,-5650.34,-7726.67,,,,,,,,,
6511,1780.47,4327.29,4953.03,481.91,276.83,-119.77,-3872.49,-29032.93,1626.42,17176.72,-5516.68,167.36,-2402.52,-5349.33,-7751.85,,,,,,,,,
6521,1818.61,4282.62,4996.75,484.71,263.9,-105.94,-3850.9,-28922.31,1618.51,17103.31,-5596.08,170.48,-2310.74,-5425.6,-7736.34,,,,,,,,,
6531,1841.38,4188.48,4912.86,458.49,273.4,-130.92,-3827.91,-29048.25,1619.77,17251.03,-5539.47,170.5,-2461.67,-5368.97,-7830.64,,,,,,,,,
6541,1816.42,4236.02,4963.45,473.14,284.47,-111.16,-3789.27,-28886.98,1625.14,17189.21,-5709.04,176.25,-2199.57,-5532.79,-7732.36,,,,,,,,,
6551,1780.11,4272.82,4980.11,469.82,259.44,-151.9,-3806.32,-28849.62,1601.85,17189.45,-5706.1,177.69,-2254.24,-5528.41,-7782.65,,,,,,,,,
6561,1809.54,4275.56,4972.51,472.07,277.79,-139.7,-3791.62,-28898.04,1633.54,17086.46,-5624.66,174.84,-2301.88,-5449.82,-7751.7,,,,,,,,,
6571,1781.07,4291.81,5004.8,474.62,282.13,-153.69,-3795.98,-29034.44,1642.92,17289.98,-5616.28,174.33,-2216.8,-5441.95,-7658.74,,,,,,,,,
6581,1766.11,4289.69,4945.96,484.16,272.38,-128.7,-3810.15,-28851.81,1619.71,17141.63,-5676.08,174.91,-2271.02,-5501.16,-7772.19,,,,,,,,,
6591,1859.43,4218.06,4970.47,471.43,261.45,-126.89,-3795.41,-28778,1585.09,17154.52,-5817.41,175.7,-2179.86,-5641.71,-7821.57,,,,,,,,,
6601,1849.36,4294.76,4945.56,477.3,257.18,-124.62,-3763.4,-28861.86,1628.8,17178.6,-5721.08,175.73,-2118.32,-5545.35,-7663.67,,,,,,,,,
6611,1745,4284.48,4931.86,476.48,260.17,-129.08,-3809.42,-28763.9,1607.43,17115.92,-5721.6,173.44,-2281.04,-5548.16,-7829.2,,,,,,,,,
6621,1776.67,4278.01,4956.33,472.43,276.79,-136.84,-3814.25,-28776.63,1638.96,17239.16,-5795.1,173.88,-2089.37,-5621.22,-7710.58,,,,,,,,,
6631,1825.65,4281.46,4951.58,483.68,260.66,-126.53,-3805.66,-28866.61,1640.29,17175.96,-5666.78,171.47,-2179.52,-5495.3,-7674.82,,,,,,,,,
6641,1761.68,4294.53,4918.16,472.53,269.88,-129.49,-3834.1,-28784.71,1629.45,17210.15,-5760.7,174.6,-2191.91,-5586.11,-7778.02,,,,,,,,,
6651,1728.13,4342.62,4940.24,475.26,264.17,-104.96,-3856.19,-28792.06,1617.11,17213.8,-5761.49,173.62,-2171.87,-5587.87,-7759.74,,,,,,,,,
6661,1810.65,4275.71,4926.12,485.84,270.37,-126.12,-3842.28,-28729.22,1621.2,17204.05,-5835.25,173.9,-2103.67,-5661.34,-7765.02,,,,,,,,,
6671,1824.33,4189.08,4979.18,481.37,275.88,-118.59,-3842.73,-28894.36,1630.31,17165.57,-5671.56,173.94,-2309.97,-5497.62,-7807.59,,,,,,,,,
6681,1787.24,4188.03,4956.91,472.09,291.89,-104.04,-3807.18,-28838.54,1629.88,17312.73,-5812.36,174.38,-2110.97,-5637.98,-7748.96,,,,,,,,,
6691,1812.87,4318.88,4952.75,478.77,267.8,-127.04,-3789.92,-28844.6,1618.03,17163.37,-5761.85,175.76,-2149.1,-5586.1,-7735.19,,,,,,,,,
6701,1834.14,4260.99,4964.68,483.18,272.51,-96.01,-3848.13,-28785.97,1605.21,17149.51,-5742.89,174.07,-2159.89,-5568.82,-7728.71,,,,,,,,,
6711,1783.03,4356.76,4916.14,488.74,276.57,-149.55,-3844.5,-28655.48,1622.5,17068.64,-5817.57,171.93,-2137.15,-5645.64,-7782.78,,,,,,,,,
6721,1809.06,4322.56,4968.06,473.22,270.01,-116.68,-3839.22,-28747.86,1645.52,17146.54,-5757.4,173.26,-2068.79,-5584.14,-7652.93,,,,,,,,,
6731,1799.21,4275.28,5001.74,460.26,289.33,-125.3,-3798.88,-28748,1628.53,17203.09,-5822.1,173.23,-2014.74,-5648.86,-7663.6,,,,,,,,,
6741,1824.88,4272.41,4926.76,472.92,256.88,-143.27,-3852.8,-28689.37,1632.61,17202.07,-5830.94,175.82,-2096.9,-5655.11,-7752.01,,,,,,,,,
6751,1821.62,4195.45,4927.92,471.01,253.95,-124.73,-3842.84,-28763.27,1650.66,17230.42,-5811.38,172.25,-2179.8,-5639.14,-7818.94,,,,,,,,,
6761,1897.28,4339.02,4985.34,479.83,282.82,-138.96,-3800.22,-28820.71,1604.51,17159.74,-5747.85,176.75,-2011.35,-5571.1,-7582.44,,,,,,,,,
6771,1804.58,4285.42,4967.62,472.77,266.73,-148.65,-3816.26,-28829.88,1645.77,17243.2,-5731.11,176.38,-2108.7,-5554.73,-7663.44,,,,,,,,,
6781,1834.6,4266.62,4935.6,474.54,269.64,-113.63,-3824.79,-28893.72,1608.89,17101.74,-5663.85,172.16,-2340.52,-5491.69,-7832.21,,,,,,,,,
6791,1873.92,4233.4,4921.62,476.51,252.33,-141.73,-3849.12,-28764.05,1591.83,17134.33,-5723.06,171.22,-2270.97,-5551.84,-7822.81,,,,,,,,,
6801,1823.23,4221.94,4967.14,476.57,269.37,-141.52,-3810.95,-28867.54,1609.04,17164.39,-5665.74,173.2,-2288.32,-5492.54,-7780.86,,,,,,,,,
6811,1831.82,4326.66,4957.32,470.26,282.13,-111.06,-3799.52,-28882.88,1605.45,17133.91,-5697.04,175.77,-2185.92,-5521.27,-7707.19,,,,,,,,,
6821,1812.71,4225.25,4992.18,470.05,279.47,-126.27,-3809.27,-28796.88,1645.99,17104.89,-5723.35,179.26,-2201.89,-5544.1,-7745.98,,,,,,,,,
6831,1800.95,4114.79,5015.48,458.78,256.98,-144.82,-3826.78,-28838.28,1630.17,17230.27,-5725.44,175.09,-2302.45,-5550.35,-7852.8,,,,,,,,,
6841,1865.81,4222.29,4934.9,477.4,261.7,-119.1,-3832.17,-28776.81,1632.51,17105.71,-5743.18,176.51,-2227.75,-5566.66,-7794.41,,,,,,,,,
6851,1834.82,4276.67,5001.3,478.58,285.52,-130.18,-3776.35,-28746.71,1614.33,17154.01,-5812.08,174.41,-2008,-5637.66,-7645.66,,,,,,,,,
6861,1839.04,4285.49,4949.2,473.81,277.66,-123.68,-3839.99,-28854.18,1638.95,17166.81,-5706.47,170.99,-2186.9,-5535.49,-7722.38,,,,,,,,,
6871,1808.52,4234.78,4925.69,483.76,287.61,-125,-3847.75,-28745.79,1635.69,17260.27,-5808.66,174.04,-2082.23,-5634.62,-7716.85,,,,,,,,,
6881,1864.23,4308.87,4975.32,476.06,277.52,-117.8,-3827.38,-28791.44,1640.7,17191.09,-5766.04,175.49,-2002.83,-5590.55,-7593.39,,,,,,,,,
6891,1862.59,4311.65,4990.83,493.94,269.82,-148.99,-3770.68,-28661.09,1625.7,17025.26,-5815.3,174.98,-2000.99,-5640.31,-7641.3,,,,,,,,,
6901,1860.01,4248.14,4952.3,482.82,269.31,-135.92,-3792.46,-28840.18,1628.67,17150.27,-5707.34,176.76,-2177.04,-5530.59,-7707.62,,,,,,,,,
6911,1810.85,4273.33,4952.39,483.09,291.72,-96.1,-3837,-28946.1,1659.11,17307.77,-5663.98,173.43,-2100.94,-5490.55,-7591.49,,,,,,,,,
6921,1845.15,4194.09,4968.39,464.43,249.77,-129.5,-3831.34,-28727.7,1628.63,17264.71,-5858.02,172.97,-2073.36,-5685.04,-7758.4,,,,,,,,,
6931,1775.17,4316.28,4967.7,486.85,276.72,-129.34,-3843.28,-28679.04,1619.18,17140.79,-5855.16,173.23,-2068.97,-5681.93,-7750.9,,,,,,,,,
6941,1828.02,4296.85,4970.82,466.26,250.21,-143.23,-3779.74,-28730.03,1625.65,17093.11,-5775.11,176.85,-2122.09,-5598.26,-7720.36,,,,,,,,,
6951,1822.26,4271.82,4930.16,477.89,285.78,-108.06,-3850.8,-28663.2,1624.84,17108.86,-5758.16,172.79,-2100.46,-5585.36,-7685.82,,,,,,,,,
6961,1810.65,4337.41,4979.66,480.77,286.44,-97.92,-3811.39,-28735.86,1652.23,17093.16,-5729.3,175.5,-2004.86,-5553.8,-7558.67,,,,,,,,,
6971,1842.11,4312.57,4968.7,469.71,254.74,-92.51,-3779.84,-28782.85,1634.98,17066.04,-5687.86,175.75,-2106.35,-5512.1,-7618.46,,,,,,,,,
6981,1847.45,4246.03,4968.87,463.27,256.82,-146.16,-3781.45,-29132.38,1628.54,17201.7,-5460.94,174.94,-2447.29,-5286,-7733.29,,,,,,,,,
6991,1842.69,4288.5,4910.09,482.21,248.4,-138.32,-3814.35,-28924.54,1621.75,17141.4,-5609.74,174.56,-2342.16,-5435.19,-7777.34,,,,,,,,,
7001,1812.66,4209.14,4991.92,468.11,262.55,-144.16,-3836.44,-28775.45,1638.96,17189.04,-5756.12,173.68,-2183.66,-5582.44,-7766.1,,,,,,,,,
7011,1801.65,4214.35,4928.97,470.86,268.64,-124.11,-3802.84,-28975.24,1668.58,17263.06,-5635.24,172.15,-2286.07,-5463.1,-7749.17,,,,,,,,,
7021,1858.93,4237.83,4942.54,468.76,275.32,-121.95,-3819.6,-28695.6,1616.51,17034.12,-5769.49,177.37,-2203.14,-5592.13,-7795.27,,,,,,,,,
7031,1791.61,4277.5,4968.53,485.28,286,-133.43,-3747.1,-28902.51,1612.5,17190.75,-5720.4,172.73,-2170.88,-5547.66,-7718.54,,,,,,,,,
7041,1841.16,4336.44,4943.88,481.03,277.31,-115.57,-3779.87,-28957.64,1616.24,17137.12,-5618.89,176.5,-2219.9,-5442.38,-7662.29,,,,,,,,,
7051,1842.15,4262.56,4966.03,471.8,259.64,-126.4,-3814.75,-28904,1620.66,17139.85,-5702.36,174.27,-2282.46,-5528.09,-7810.55,,,,,,,,,
7061,1828.25,4218.96,4927.81,470.82,267.02,-132.36,-3835.21,-29014.46,1632.95,17182.87,-5544.8,172.3,-2453.35,-5372.5,-7825.84,,,,,,,,,
7071,1758.26,4215.48,4916.68,477.03,271.46,-133.33,-3786.22,-29021.53,1630.28,17239.52,-5591.19,172.41,-2432.36,-5418.78,-7851.14,,,,,,,,,
7081,1835.84,4256.25,4967.86,483.18,258.94,-129.92,-3818.82,-28830.75,1622.2,17183.62,-5738.5,173.85,-2171.61,-5564.65,-7736.26,,,,,,,,,
7091,1797.07,4307.28,4987.81,492.59,279.11,-141.06,-3898.28,-29134.11,1611.68,17282.85,-5462.99,168.05,-2415.07,-5294.94,-7710.01,,,,,,,,,
7101,1853.07,4303.71,4967.34,478.72,263.72,-115.34,-3858.95,-28821.23,1606.18,17173.5,-5736.13,174.37,-2149.27,-5561.75,-7711.03,,,,,,,,,
7111,1838.88,4249.13,4988.77,477.16,273.5,-136.5,-3857.46,-28919.5,1628.51,17243.53,-5689.2,174.85,-2214,-5514.35,-7728.35,,,,,,,,,
7121,1798.29,4259.92,4920.48,476.87,270,-100.38,-3872.98,-28641.62,1610.6,17086.84,-5805.05,177.36,-2191.96,-5627.68,-7819.64,,,,,,,,,
7131,1793.17,4214.2,4977.56,487.93,292.06,-141.35,-3813.1,-28753.2,1615.29,17266.53,-5896.4,177.09,-2060.92,-5719.3,-7780.22,,,,,,,,,
7141,1805.31,4364.47,4950.9,485.07,271.22,-130.71,-3805.96,-28704.57,1602.93,17130.72,-5816.19,174.23,-2030.61,-5641.96,-7672.56,,,,,,,,,
7151,1836.46,4184.5,4939.42,466.31,273.31,-131.63,-3800.45,-28782.78,1649.25,17295.35,-5857.98,173.9,-2070.26,-5684.08,-7754.34,,,,,,,,,
7161,1860.86,4320.3,4933.92,482.33,273.6,-139.81,-3815.94,-28737.2,1634.9,17201.32,-5842.3,175.58,-1985.71,-5666.72,-7652.43,,,,,,,,,
7171,1843.45,4319.72,4940.37,478.32,276.26,-118.96,-3792.23,-28700.04,1576.28,17102.55,-5865.5,178.32,-2074.27,-5687.18,-7761.45,,,,,,,,,
7181,1858.08,4245.48,4928.41,473.85,271.26,-113.37,-3855.43,-28836.7,1592.32,17145.39,-5715.09,173.3,-2290.73,-5541.78,-7832.51,,,,,,,,,
7191,1823.73,4351.56,4927.08,493.26,254.48,-106.18,-3840.62,-28967.77,1642.68,17239.05,-5663.74,174.19,-2182.74,-5489.56,-7672.3,,,,,,,,,
7201,1793.02,4254.83,5007.42,465.91,270.57,-110.82,-3757.24,-28869.38,1629.49,17145.35,-5750.3,179.2,-2170.85,-5571.1,-7741.95,,,,,,,,,
7211,1786.62,4315.81,4969.01,474.42,263.11,-141.09,-3821.31,-28734.06,1646.44,17248.22,-5850.71,175.17,-1992.84,-5675.54,-7668.38,,,,,,,,,
7221,1837.91,4308.26,4959.24,486.91,262.44,-108.13,-3803.92,-28648.96,1615.32,17077.82,-5835.11,175.8,-2013.13,-5659.32,-7672.44,,,,,,,,,
7231,1858.1,4288.59,4962.93,477.63,273.45,-121.2,-3810.3,-28654.09,1596.31,17055.54,-5805.37,178.04,-2073.04,-5627.33,-7700.37,,,,,,,,,
7241,1824.46,4270.37,4923.9,479.2,284.59,-132,-3784.12,-28697.75,1606.32,17087.77,-5803.29,178.28,-2137.25,-5625,-7762.26,,,,,,,,,
7251,1869.71,4299.48,4971.74,505.24,279.65,-133.77,-3835.43,-28639.63,1603.76,17051.44,-5787.48,175.17,-2027.82,-5612.32,-7640.14,,,,,,,,,
7261,1812.03,4280.84,4953.72,490.78,278.99,-144.56,-3742.92,-28688.7,1630.05,17147.54,-5824.24,180.89,-1982.24,-5643.36,-7625.6,,,,,,,,,
7271,1861.33,4346.07,4965.45,486.87,264.08,-114.96,-3788,-28507.86,1593.49,17031.82,-5904.65,174.66,-1861.71,-5730,-7591.7,,,,,,,,,
7281,1773.02,4362.25,4972.35,478.45,272.18,-132.56,-3777.22,-28709.16,1644.87,17078.41,-5834.98,177.57,-2037.41,-5657.42,-7694.83,,,,,,,,,
7291,1845.56,4355.36,4978.05,483.18,249.69,-115.16,-3787.13,-28707.28,1654.6,17101.93,-5796.87,173.51,-1941.2,-5623.37,-7564.56,,,,,,,,,
7301,1839.46,4362.75,4953.35,500.02,259.28,-102.7,-3819.41,-28749.97,1611.74,17133.64,-5757.89,176.71,-2011.84,-5581.18,-7593.02,,,,,,,,,
7311,1868.06,4346.78,4945.57,467.24,263.12,-91.32,-3829.97,-28607.11,1634.27,17094.92,-5845.11,173.91,-1908.43,-5671.2,-7579.63,,,,,,,,,
7321,1841.03,4255.58,4963.92,477.79,278.73,-130,-3839.3,-28704.42,1617.94,17134.62,-5797.39,174.19,-2104.11,-5623.19,-7727.3,,,,,,,,,
7331,1807,4271.89,4950.79,480.22,266.67,-102.39,-3848.2,-28449.05,1606.97,17195.33,-6025.59,175.04,-1820.77,-5850.55,-7671.32,,,,,,,,,
7341,1801.03,4314.56,4980.76,485.09,248.16,-116.59,-3834.44,-28640.35,1589.13,17143.54,-5875.57,177.5,-2029.1,-5698.06,-7727.16,,,,,,,,,
7351,1845.88,4346.19,4962.75,483.42,279.79,-132.28,-3828.18,-28630.21,1621.68,17189.76,-5878,177.72,-1861.2,-5700.28,-7561.48,,,,,,,,,
7361,1864.81,4192.23,4962.13,468.64,276.38,-132.36,-3794.86,-28674.8,1579.74,17227.87,-5886.84,179.5,-2030.22,-5707.33,-7737.55,,,,,,,,,
7371,1824.29,4306.24,4902.31,478.28,279.93,-104.81,-3827.26,-28746.42,1625.54,17173.6,-5777.7,169.91,-2088.31,-5607.79,-7696.1,,,,,,,,,
7381,1797.24,4360,4972.36,486.1,256.77,-150.91,-3836.3,-28634.75,1600.7,17104.49,-5835.58,175.67,-2044.3,-5659.9,-7704.2,,,,,,,,,
7391,1887.55,4196.53,4956.11,473.61,277.67,-108.6,-3833.04,-28790.82,1645.18,17154.63,-5738.62,172.91,-2141.19,-5565.71,-7706.9,,,,,,,,,
7401,1774.79,4212.15,4925.46,472.04,251.35,-129.27,-3791.86,-28893.04,1627.7,17196.55,-5705.85,173.48,-2354.13,-5532.37,-7886.49,,,,,,,,,
7411,1777.11,4313.89,4977.87,476.83,284.69,-147.91,-3798.54,-28817.59,1647.7,17125.82,-5731.13,175.47,-2160.12,-5555.66,-7715.78,,,,,,,,,
7421,1797.46,4225.28,4988.08,470.9,255.99,-118.86,-3804.86,-28973.66,1644.07,17267.91,-5663.08,171.4,-2247.69,-5491.68,-7739.37,,,,,,,,,
7431,1786.58,4270.97,5003.1,468.64,262.71,-149.74,-3771.16,-28878.97,1653.43,17151.17,-5718.95,172.71,-2203.27,-5546.24,-7749.51,,,,,,,,,
7441,1812.52,4317.94,4985.52,480.72,282.6,-141.22,-3819.86,-28811.82,1615.71,17223.42,-5782.98,172.11,-2054.46,-5610.88,-7665.34,,,,,,,,,
7451,1848.75,4320.62,4988.55,483.37,277.35,-126.61,-3791.79,-28732.85,1637.6,17199.28,-5856.75,173.68,-1895.75,-5683.07,-7578.81,,,,,,,,,
7461,1794.59,4274.55,4986.29,472.76,288.24,-132.57,-3808.42,-28870.35,1629.98,17115.52,-5685.18,174.39,-2249.41,-5510.79,-7760.19,,,,,,,,,
7471,1815.18,4305.5,4997.63,495.7,279.03,-129.23,-3819.97,-28713.61,1659.19,17057.54,-5764.12,172.27,-2053.06,-5591.85,-7644.91,,,,,,,,,
7481,1821.99,4309.36,4958.57,479.66,290.19,-146.23,-3783.75,-28934.19,1648.24,17106.58,-5643.76,175.6,-2249.57,-5468.17,-7717.74,,,,,,,,,
7491,1809.78,4303.8,4936.26,480.21,262.47,-151.05,-3826.82,-28925.71,1672.88,17159.44,-5628.07,174.54,-2278.75,-5453.53,-7732.28,,,,,,,,,
7501,1783.7,4247.17,4948.3,470.9,279.01,-111.59,-3799.98,-28950.09,1613.22,17181.86,-5669.63,171.6,-2337.49,-5498.02,-7835.51,,,,,,,,,
7511,1796.59,4170.13,4994.3,457.97,271.36,-121.51,-3837.37,-28776.14,1665.04,17165.05,-5702.87,169.62,-2214.59,-5533.25,-7747.83,,,,,,,,,
7521,1834.45,4295.58,4984.8,472.69,265.42,-136.55,-3831.09,-28977.41,1624.46,17127.13,-5562.67,171.95,-2340.51,-5390.72,-7731.23,,,,,,,,,
7531,1800.58,4280.9,4978.77,474.71,268.09,-138.96,-3827.27,-28868.21,1628.18,17102.77,-5609.75,172.36,-2300.45,-5437.39,-7737.84,,,,,,,,,
7541,1875.62,4312.48,4934.64,491.89,253.66,-147.59,-3802.36,-28787.89,1578.31,17084.75,-5669.51,173.66,-2206.48,-5495.85,-7702.33,,,,,,,,,
7551,1821.3,4252.5,4937.38,478.53,271.67,-105.92,-3817,-28757.52,1640.78,17192.62,-5815.87,174.21,-2085.66,-5641.66,-7727.33,,,,,,,,,
7561,1861.76,4288.39,4954.8,497.44,253.67,-112.46,-3744.55,-28829.89,1618.49,17139.36,-5768.58,176.35,-2073.01,-5592.23,-7665.25,,,,,,,,,
7571,1847.27,4157.69,5001.61,477.99,268.93,-108.14,-3870.27,-28862.85,1634.88,17342.5,-5797.16,172.68,-2110.39,-5624.48,-7734.87,,,,,,,,,
7581,1839.15,4279.35,4978.26,479.32,273.3,-124.78,-3818.82,-28893.79,1643.66,17279.97,-5742.68,173.67,-2064.37,-5569.01,-7633.38,,,,,,,,,
7591,1799.2,4197.38,5051,465.85,303.92,-143.52,-3824.98,-28883.38,1651.27,17306.64,-5782.11,173.65,-2076.62,-5608.46,-7685.08,,,,,,,,,
7601,1716.43,4248.85,4981.63,472.43,263.94,-124.65,-3811.98,-28781.02,1640.54,17247.7,-5812.8,173.24,-2146.11,-5639.56,-7785.67,,,,,,,,,
7611,1892.5,4257.9,4941.57,496.39,268.99,-132.96,-3802.73,-28853.98,1594.73,17245.1,-5793.75,176,-2092.49,-5617.75,-7710.24,,,,,,,,,
7621,1802.21,4254.09,4977.17,475.08,268.36,-139.29,-3831.97,-28782.76,1617.74,17274.81,-5789.84,174.03,-2084.55,-5615.8,-7700.36,,,,,,,,,
7631,1851.38,4270.01,4979.12,468.44,284.48,-120.32,-3816.11,-28807.64,1595.75,17213.14,-5828.68,176.17,-2081.77,-5652.52,-7734.28,,,,,,,,,
7641,1799.34,4300.6,4934.86,480.29,277.12,-134.83,-3754.58,-28702.48,1601.57,17126.23,-5845.87,179.33,-2071.88,-5666.55,-7738.43,,,,,,,,,
7651,1810.98,4316.55,4984.62,475.57,259.99,-126.79,-3772.23,-28768.21,1600.36,17241.46,-5848,175.88,-1977.71,-5672.11,-7649.82,,,,,,,,,
7661,1751.58,4214.68,4988.16,458.52,266.58,-125.64,-3811.41,-28786.25,1634.52,17313.16,-5852.08,175.1,-2096.1,-5676.97,-7773.08,,,,,,,,,
7671,1799.73,4299.93,4981.73,490.75,267.54,-141,-3815.53,-28878.43,1623.31,17238.03,-5776.63,171.97,-2133.95,-5604.67,-7738.62,,,,,,,,,
7681,1884.14,4251.43,4973.74,470.55,266.65,-121.88,-3781.23,-28876.47,1631.13,17182.6,-5724.47,174.75,-2119.33,-5549.72,-7669.05,,,,,,,,,
7691,1794.24,4278.49,4958.79,478.07,270.35,-110.22,-3796.9,-28856.15,1653.1,17331.68,-5807.11,179.63,-1998.55,-5627.48,-7626.03,,,,,,,,,
7701,1845.39,4316.59,4945.78,478.07,273.23,-98.19,-3816.99,-28795.39,1626.22,17293.79,-5829.94,176.95,-1931.49,-5653,-7584.49,,,,,,,,,
7711,1820.45,4240.31,4948.36,469.04,268.79,-120.22,-3821.9,-28739.87,1639.6,17149.64,-5797.69,174.68,-2145.8,-5623,-7768.8,,,,,,,,,
7721,1780.26,4272.18,4994.44,483.42,277.69,-149.42,-3818.53,-28726.82,1636.82,17177.73,-5801.93,173.43,-2072.24,-5628.51,-7700.75,,,,,,,,,
7731,1838.76,4205.28,4936.77,475.87,275.06,-122.12,-3797.09,-28867.67,1646.51,17236.2,-5763.19,176.19,-2172.43,-5587.01,-7759.44,,,,,,,,,
7741,1794.94,4218.39,4986.64,465.19,285.4,-133.21,-3830.19,-28921.58,1610.01,17308.3,-5707.05,177.93,-2216.12,-5529.12,-7745.25,,,,,,,,,
7751,1836.79,4229.77,4961.55,484.82,285.13,-140.85,-3797.35,-28719.9,1631.65,17143.48,-5817.69,180.13,-2084.9,-5637.56,-7722.46,,,,,,,,,
7761,1746.94,4289.34,5018.51,493.68,263.39,-128.05,-3829.59,-28758.29,1635.02,17209.71,-5755.01,173.7,-2059.34,-5581.31,-7640.65,,,,,,,,,
7771,1819.5,4266.28,4972.98,460.78,260.61,-125.85,-3771.28,-28823.54,1633.01,17218.34,-5779.51,176.88,-2089.17,-5602.62,-7691.8,,,,,,,,,
7781,1875.27,4291.43,5002.9,486.82,276.22,-142.49,-3795.2,-28635.66,1643.72,17071.39,-5860.11,177.42,-1925.6,-5682.68,-7608.29,,,,,,,,,
7791,1831.46,4172.34,4968.06,460.19,262.59,-126.51,-3828.05,-28690.65,1630.41,17289.73,-5891.72,177.04,-2030.44,-5714.67,-7745.11,,,,,,,,,
7801,1766.27,4199.38,4969.7,466.01,270.36,-139.22,-3738.76,-28814.96,1629.42,17247.94,-5823.55,175.32,-2143.87,-5648.23,-7792.1,,,,,,,,,
7811,1828.2,4262.46,4972.88,477.15,285.44,-108.16,-3819.59,-28747.18,1628.95,17126.69,-5767.7,174.38,-2093.14,-5593.32,-7686.45,,,,,,,,,
7821,1789.92,4284.43,4972.92,481.45,281.42,-119.31,-3794.94,-28808.49,1607.55,17224.46,-5788.97,176.37,-2080.59,-5612.6,-7693.19,,,,,,,,,
7831,1850.33,4282.99,4959.08,477.11,249.88,-118.51,-3800.51,-28871.75,1635.55,17137.56,-5663.81,173.94,-2198.26,-5489.87,-7688.13,,,,,,,,,
7841,1857.76,4359.42,4979.73,491.09,263.3,-142.56,-3779.07,-28840.82,1602.59,17097.11,-5738.1,178.66,-2111.46,-5559.44,-7670.9,,,,,,,,,
7851,1875.71,4328.5,4985.85,498.42,267.83,-126.64,-3764.12,-28980.65,1626.52,17242.42,-5680.99,173.48,-2046.16,-5507.51,-7553.67,,,,,,,,,
7861,1826.07,4244.08,5019.68,477.87,267.87,-136.45,-3816.31,-28811.2,1606.89,17141.36,-5734.15,173.63,-2180.15,-5560.52,-7740.67,,,,,,,,,
7871,1837.84,4217.95,4963.15,481.49,290.97,-144.73,-3814.87,-28771.57,1634.96,17207.96,-5772.42,177.96,-2096.85,-5594.47,-7691.32,,,,,,,,,
7881,1822.72,4293.62,4940.16,469.64,251.48,-137.79,-3875.6,-28704.67,1633.82,17235.32,-5850.24,175.92,-2071.3,-5674.33,-7745.63,,,,,,,,,
7891,1845.77,4239.63,4967.41,479.51,276.44,-141.89,-3825.32,-28721.58,1643.31,17126.72,-5728.06,172.48,-2110,-5555.58,-7665.58,,,,,,,,,
7901,1850.5,4250.08,4954.47,482.93,276.2,-117.83,-3849.33,-28813.22,1619.24,17169.52,-5719.3,171.18,-2177.44,-5548.12,-7725.56,,,,,,,,,
7911,1793.13,4210.68,4946.2,468.45,256.76,-141.07,-3847.83,-28866.58,1637.29,17171.05,-5671.03,170.96,-2371.92,-5500.06,-7871.99,,,,,,,,,
7921,1817.79,4292.44,4953.46,462.2,248.89,-106.47,-3833.3,-28802.99,1577.36,17170.87,-5738.27,173.5,-2219.73,-5564.77,-7784.5,,,,,,,,,
7931,1833.39,4275.45,4960.64,475.69,278.17,-153.75,-3803.83,-28819.75,1633.56,17178.36,-5717.17,175.3,-2142.08,-5541.87,-7683.95,,,,,,,,,
7941,1816.21,4230.64,4976.62,491.33,273.04,-134.3,-3759.18,-28794.52,1635.37,17167.38,-5762.36,176.86,-2097.41,-5585.5,-7682.91,,,,,,,,,
7951,1778.16,4249.24,4966.73,481.06,283.37,-116.1,-3767.92,-28762.49,1649.87,17144.19,-5813.84,174.96,-2093.9,-5638.88,-7732.79,,,,,,,,,
7961,1829.67,4190.92,4926.05,454.84,292.85,-89.42,-3839.76,-28663.57,1646.22,17182.07,-5854.99,176.63,-2070.13,-5678.36,-7748.49,,,,,,,,,
7971,1796.57,4214.44,5008.07,485.03,279.7,-109.24,-3821.41,-28791.58,1627.11,17180.12,-5754.76,175.64,-2131.2,-5579.13,-7710.32,,,,,,,,,
7981,1780.06,4243.76,4990.81,479.85,257.78,-138.77,-3834.02,-28906.04,1661.81,17129.3,-5672.85,174.53,-2335.45,-5498.32,-7833.77,,,,,,,,,
7991,1825.55,4204.24,4983.65,475.03,288.55,-129.62,-3812.27,-28868.1,1624.13,17182.88,-5708.33,174.9,-2225.97,-5533.43,-7759.4,,,,,,,,,
8001,1801.93,4240.7,4951.53,487.72,289.83,-118.75,-3805.79,-29002.09,1619.93,17187.68,-5574.34,169.8,-2347.3,-5404.53,-7751.83,,,,,,,,,
8011,1843.88,4258.55,4961.83,484.02,279.2,-118.05,-3788.84,-28869.02,1611.57,17121.46,-5665.79,172.4,-2215.4,-5493.39,-7708.8,,,,,,,,,
8021,1842.93,4175.9,4965.51,481.62,257.58,-128.48,-3799.39,-28914.78,1599.61,17165,-5660.74,170.11,-2354.51,-5490.64,-7845.14,,,,,,,,,
8031,1829.25,4325,4956.07,466.49,281.44,-144.03,-3756.89,-29030.55,1657.71,17236.31,-5627.68,174.24,-2179.21,-5453.43,-7632.65,,,,,,,,,
8041,1896.56,4412.54,4916.89,485.9,269.26,-173.57,-3825.07,-28838.23,1591.33,17038.62,-5662.57,172.99,-2225.76,-5489.57,-7715.33,,,,,,,,,
8051,1780.09,4236.38,4971.12,482.3,261.28,-114.01,-3782.76,-28820.13,1604.24,17135.52,-5739.02,175.59,-2245.98,-5563.43,-7809.41,,,,,,,,,
8061,1739.9,4316.35,4960.92,475.08,269.94,-120.32,-3826.69,-28985.26,1635.7,17278.63,-5658.1,172.01,-2255.77,-5486.09,-7741.85,,,,,,,,,
8071,1819.67,4326.52,4945.65,465.2,283.92,-130.07,-3802.86,-29051.69,1608.13,17201.56,-5595.56,173.31,-2333.96,-5422.24,-7756.21,,,,,,,,,
8081,1836.95,4234.68,4958.38,482.05,271.35,-121.07,-3769.43,-28936.21,1610.45,17053.03,-5565.81,174.38,-2379.82,-5391.42,-7771.24,,,,,,,,,
8091,1886.95,4221,4999.41,490.48,256.63,-148.47,-3822.66,-28988.84,1605.47,17194.45,-5588.38,173.28,-2305.57,-5415.1,-7720.67,,,,,,,,,
8101,1802.17,4244.24,5009.54,464.67,282.04,-154.2,-3798.95,-28906.2,1649.82,17150.67,-5608.8,172.83,-2256.21,-5435.97,-7692.18,,,,,,,,,
8111,1763.15,4271.19,4947.53,486.71,274.66,-113.59,-3839.21,-28968.22,1622.24,17212.3,-5637.61,177.02,-2343.23,-5460.6,-7803.82,,,,,,,,,
8121,1810.73,4304.65,4972.97,489.8,264.21,-100.2,-3873.94,-28869.52,1629.56,17076.77,-5642.49,168.58,-2294.98,-5473.91,-7768.89,,,,,,,,,
8131,1828.04,4190.62,4973.85,462.7,281.99,-124.55,-3831.57,-28937.24,1612.83,17111.19,-5600.76,173.77,-2432.13,-5426.99,-7859.12,,,,,,,,,
8141,1866.21,4348.04,4981.77,485.27,284.9,-127.2,-3859.07,-28846.16,1600.86,17073.61,-5623.97,170.94,-2191.76,-5453.02,-7644.78,,,,,,,,,
8151,1744.39,4320.74,4982.19,477.7,282.01,-116.05,-3778.89,-28880.75,1643.46,17343.74,-5811.82,176.62,-1981.45,-5635.2,-7616.66,,,,,,,,,
8161,1805.93,4289.62,4939.41,459.97,267.58,-136.23,-3838.31,-28585.86,1597.05,17074.71,-5868.89,177.71,-2126.13,-5691.18,-7817.31,,,,,,,,,
8171,1789.44,4147.29,4989.56,477.13,284.57,-110.02,-3807.93,-28807.28,1649.97,17251.07,-5803.87,179.13,-2136.21,-5624.74,-7760.95,,,,,,,,,
8181,1833.6,4280.2,4948.74,491.75,267.74,-111.18,-3812.66,-28780.21,1612.83,17182.94,-5784.38,175.17,-2086.26,-5609.21,-7695.47,,,,,,,,,
8191,1827.64,4340.75,4932.88,477.19,251.03,-134.23,-3803.65,-28912.93,1611.49,17135.45,-5672.61,175.23,-2274.4,-5497.38,-7771.77,,,,,,,,,
8201,1820.89,4327.37,4909.08,508.6,258.69,-130.82,-3788.38,-28820.06,1651.19,17218.4,-5803.07,177.17,-2045.04,-5625.9,-7670.94,,,,,,,,,
8211,1806.6,4354.8,4979.46,490.45,280.07,-111.07,-3772.38,-28969.77,1633.19,17188.52,-5709.85,174.69,-2120.13,-5535.16,-7655.29,,,,,,,,,
8221,1860.47,4369.76,4950.06,488.74,256.67,-152.57,-3766.17,-28820.29,1616.32,17190.11,-5794.51,179.15,-2006.9,-5615.36,-7622.26,,,,,,,,,
8231,1793.28,4298.73,4937.38,466.2,261.03,-129.52,-3785.28,-28770.67,1613.46,17191.53,-5793.48,175.35,-2123.87,-5618.13,-7741.99,,,,,,,,,
8241,1854.63,4309.69,5013.64,467.34,257.95,-155.53,-3864.87,-28592.47,1626.62,17075.46,-5839.9,172.68,-2007.56,-5667.23,-7674.78,,,,,,,,,
8251,1802.55,4282.02,4962.03,482.92,303.72,-133.48,-3793.44,-28723.19,1643.33,17224.58,-5854.94,177.13,-1948.96,-5677.81,-7626.78,,,,,,,,,
8261,1827.42,4219.99,4948.75,469.33,266.04,-97.48,-3779.94,-28562.22,1631.91,17131.25,-5925.2,177.89,-1944.96,-5747.31,-7692.27,,,,,,,,,
8271,1808.4,4212.98,4975.34,476.9,255.2,-109.69,-3855.26,-28575.39,1628.41,17111.78,-5919.32,171.87,-2071.32,-5747.46,-7818.78,,,,,,,,,
8281,1838.11,4246.58,4992.13,483.99,257.92,-138.14,-3804.52,-28584.79,1594,17185.15,-5977.19,177.73,-1929.59,-5799.46,-7729.05,,,,,,,,,
8291,1833.81,4301.2,4987.41,479.68,275.77,-136.73,-3841.52,-28685.95,1636.49,17210.75,-5909.23,176.7,-1939.08,-5732.53,-7671.61,,,,,,,,,
8301,1857.36,4288.42,4941.5,482.31,272.84,-109.88,-3811.95,-28720.33,1615.74,17163.87,-5824.4,171.92,-2020.12,-5652.48,-7672.6,,,,,,,,,
8311,1812.61,4295.17,4973.97,475.73,265.2,-132.84,-3796.73,-28621.91,1616.64,17099.12,-5893.79,178.85,-2013.04,-5714.94,-7727.98,,,,,,,,,
8321,1775.83,4307.84,4996.91,476.27,271.29,-118.72,-3817.45,-28727.86,1618.56,17143.42,-5801.1,175.09,-2073.9,-5626.01,-7699.91,,,,,,,,,
8331,1811.33,4267.86,4975.94,487.91,289.14,-124.66,-3807.29,-28859.09,1645.02,17121.2,-5702.97,172.31,-2192.63,-5530.65,-7723.29,,,,,,,,,
8341,1865.33,4422.77,4930.08,480.72,273.45,-119.51,-3850.04,-28562.88,1598.05,17089.01,-5923.38,173.77,-1873.02,-5749.61,-7622.62,,,,,,,,,
8351,1829.46,4320.46,4964.53,482.09,272.34,-139.19,-3831.41,-28679.98,1630.93,17237.39,-5876.27,169.86,-1913.37,-5706.41,-7619.78,,,,,,,,,
8361,1900.82,4296.31,4914.8,487.12,279.15,-122.49,-3755.31,-28756.15,1596.99,17181.07,-5819.78,180.72,-1977.69,-5639.06,-7616.75,,,,,,,,,
8371,1812.32,4206.77,4940.27,466.26,255.18,-114.84,-3829.54,-28744.76,1608.84,17181.02,-5775.7,174.78,-2218.47,-5600.92,-7819.39,,,,,,,,,
8381,1826.49,4238.79,4994.23,478.77,274.84,-137.13,-3834.74,-28768.95,1634.4,17257.82,-5811.23,170.59,-2035.5,-5640.63,-7676.14,,,,,,,,,
8391,1867.86,4284.95,4982.62,472.57,279.16,-153.42,-3792.9,-28711.5,1646.69,17147.14,-5808.92,173.82,-1976.82,-5635.1,-7611.92,,,,,,,,,
8401,1816.47,4297.45,4960.71,493.87,276.19,-101.97,-3819.8,-28792.4,1668.55,17140.25,-5696.38,170.85,-2060.67,-5525.53,-7586.2,,,,,,,,,
8411,1796.26,4273.8,5033.76,471.38,267.93,-138.43,-3809.6,-28728.74,1620.74,17010.84,-5729.66,176.89,-2202.06,-5552.77,-7754.83,,,,,,,,,
8421,1821.95,4190.72,4986.29,468.03,291.19,-101.71,-3801.35,-28894.15,1615.88,17161.08,-5692.38,172.78,-2262.07,-5519.6,-7781.67,,,,,,,,,
8431,1787.71,4270.67,4950.46,481.83,283.38,-146.74,-3800.93,-28895.34,1650.12,17173.25,-5698.03,173.48,-2245.59,-5524.54,-7770.14,,,,,,,,,
8441,1799.48,4310.28,4930.7,481.26,273.89,-128.66,-3777.04,-28895.11,1631.05,17204.18,-5655.76,172.64,-2169.97,-5483.12,-7653.09,,,,,,,,,
8451,1788.67,4328.32,4932.69,482.62,257.33,-111.11,-3852.68,-28830.29,1628.13,17098.77,-5676.42,174.45,-2277.56,-5501.97,-7779.53,,,,,,,,,
8461,1826.06,4189.55,4973.89,484.36,275.18,-115.23,-3783.26,-29037.19,1652.15,17226.03,-5566.9,173.07,-2308.46,-5393.83,-7702.29,,,,,,,,,
8471,1870.59,4280.37,4950.2,486.45,260.78,-127.36,-3778.2,-28782.78,1580.05,17059.56,-5703.95,177.37,-2200.34,-5526.58,-7726.92,,,,,,,,,
8481,1820.44,4266.36,4934.9,480.33,268.94,-109.54,-3845.42,-29102.14,1608.14,17116.23,-5408.99,167.55,-2561.75,-5241.43,-7803.18,,,,,,,,,
8491,1783.36,4300.98,4958.57,489.11,268.41,-113.61,-3793.04,-28957.99,1634.86,17134.35,-5611.81,174.99,-2295,-5436.81,-7731.82,,,,,,,,,
8501,1843.7,4218.6,4982.36,451.53,267.64,-105.91,-3842.29,-28949.85,1595.45,17152.17,-5573.16,169.58,-2386.61,-5403.58,-7790.19,,,,,,,,,
8511,1868.34,4328.53,4950.68,478.19,267.23,-134.52,-3851.88,-29047.45,1612.7,17069.08,-5432.26,166.46,-2459.11,-5265.8,-7724.91,,,,,,,,,
8521,1850.41,4262.88,4962.03,488.28,275.35,-138.23,-3844.84,-29236.36,1588.42,17091.49,-5309.08,169.9,-2700.58,-5139.19,-7839.76,,,,,,,,,
8531,1825.11,4295.11,4971.99,496.62,264.9,-147.15,-3858.81,-29051.82,1632.64,17068.86,-5425.48,169.43,-2502.55,-5256.04,-7758.59,,,,,,,,,
8541,1862.55,4269.16,4939.1,491.3,279.86,-124,-3909.17,-29059.05,1618.65,17092.33,-5377.25,163.57,-2539.26,-5213.69,-7752.95,,,,,,,,,
8551,1803.36,4315.52,4949.9,471.32,255.18,-144.04,-3861.91,-29093.76,1592.26,17166.67,-5422.72,168.37,-2545.49,-5254.35,-7799.85,,,,,,,,,
8561,1803.07,4240.92,4971.15,459.2,270.53,-116.37,-3850.07,-28953.85,1654.46,17139.78,-5507.61,169.33,-2381.18,-5338.28,-7719.46,,,,,,,,,
8571,1817.18,4314,4959.95,477.06,268.01,-143.69,-3870.11,-29011.86,1647.37,17139.56,-5526.57,169.8,-2402.54,-5356.76,-7759.31,,,,,,,,,
8581,1839,4163.07,4989.49,478.77,269.15,-157.36,-3822.14,-28931.8,1644.99,17169.77,-5570.02,171.59,-2357.06,-5398.43,-7755.5,,,,,,,,,
8591,1820.65,4309.9,4967.34,490.44,288.11,-116.57,-3845.99,-28999.97,1633.49,17202.99,-5539.75,168.15,-2249.61,-5371.61,-7621.22,,,,,,,,,
8601,1787.36,4291.46,4956.07,478.29,272.37,-135.74,-3844.11,-29002.36,1652.22,17215.56,-5510.44,166.47,-2328.86,-5343.96,-7672.82,,,,,,,,,
8611,1831.4,4306.46,4943.07,497.35,285.6,-118.36,-3864.52,-28954.03,1608.09,17147.27,-5521.32,172.34,-2317.65,-5348.99,-7666.64,,,,,,,,,
8621,1791.85,4277.3,4906.3,478.33,268.7,-119.71,-3845.67,-29038.31,1640.74,17196.58,-5488.68,170.41,-2443.89,-5318.27,-7762.16,,,,,,,,,
8631,1789.05,4286.67,4941.35,466.11,270.29,-98.72,-3849.71,-29107.35,1633.3,17229.65,-5453.98,167.8,-2439.37,-5286.18,-7725.56,,,,,,,,,
8641,1825.95,4290.22,4947.19,463.09,274.71,-96.15,-3831.5,-29005.17,1631.3,17127.47,-5492.78,169.83,-2372.89,-5322.95,-7695.84,,,,,,,,,
8651,1753.59,4205.12,4929.76,477.73,292.29,-136.71,-3864.41,-29055.41,1633.53,17134.5,-5405.8,166.66,-2630.02,-5239.14,-7869.16,,,,,,,,,
8661,1829.78,4259.61,5025.88,485.92,278.13,-120.38,-3847.12,-29085.4,1652.28,17126.44,-5411.63,164.24,-2394.86,-5247.39,-7642.25,,,,,,,,,
8671,1865.37,4195.65,4952,474.21,274.62,-114.49,-3847.87,-29028.11,1649.02,17121.95,-5434.69,165.68,-2457.65,-5269.01,-7726.66,,,,,,,,,
8681,1824.34,4268.45,4952.11,462.58,270.47,-114.19,-3799.01,-29015.64,1632.96,17157.2,-5518.74,172.01,-2360.74,-5346.73,-7707.47,,,,,,,,,
8691,1800.19,4312.05,4964.03,479.17,276.39,-122.87,-3859.86,-29009.99,1604.83,17108.31,-5462.84,163.79,-2447.75,-5299.05,-7746.8,,,,,,,,,
8701,1860.39,4205.39,4953.79,486.75,272.97,-99.08,-3828.51,-29068.96,1628.64,17149.03,-5423.53,164.96,-2439.59,-5258.57,-7698.17,,,,,,,,,
8711,1874.98,4271.94,4937.73,468.42,278.44,-109.84,-3875.14,-29051.78,1609.12,17153.48,-5456.63,167.93,-2442.66,-5288.7,-7731.35,,,,,,,,,
8721,1802.89,4193.76,4960.92,465.82,269.51,-111.11,-3861.27,-29021.33,1630.38,17193.93,-5485.47,169.61,-2476.5,-5315.86,-7792.37,,,,,,,,,
8731,1823.51,4207.95,4989.97,477.94,261.23,-101.12,-3856.86,-28893.14,1644.94,17316.85,-5678.09,170.07,-2128.74,-5508.02,-7636.76,,,,,,,,,
8741,1805.64,4214.6,4970,466.14,257.71,-123.15,-3831.73,-29020.27,1593.69,17156.42,-5510.69,171.65,-2510.94,-5339.04,-7849.97,,,,,,,,,
8751,1854.92,4203.32,4923.37,475.18,277.72,-99.66,-3894.47,-29011.45,1625.25,17185.21,-5489.97,172,-2460.61,-5317.98,-7778.58,,,,,,,,,
8761,1851.91,4254.08,4965.7,470.62,252.37,-114.47,-3853.28,-28982.82,1624.15,17132.49,-5502.2,169.64,-2399.26,-5332.55,-7731.81,,,,,,,,,
8771,1782.84,4364.57,4987.6,480.18,284.87,-97.48,-3900.3,-29154.49,1660.15,17277.48,-5415.35,168.52,-2314.57,-5246.83,-7561.4,,,,,,,,,
8781,1740.6,4289.19,4944.45,469.66,268.56,-90.93,-3828.07,-29039.33,1643.26,17179.4,-5486.68,171.38,-2423.21,-5315.3,-7738.51,,,,,,,,,
8791,1815.57,4367.13,4983.86,469.78,270.12,-109.14,-3851.5,-28874.85,1600.11,17178.98,-5667.41,172.71,-2149.93,-5494.69,-7644.62,,,,,,,,,
8801,1790.32,4407.42,5012.55,497.86,277.5,-123.56,-3849.07,-28620.4,1633.22,17064.37,-5817,172.06,-1909.78,-5644.95,-7554.73,,,,,,,,,
8811,1835.69,4232.15,4961.35,465.74,272.18,-70.5,-3842.78,-28767.8,1604.21,17221.19,-5746.19,172.29,-2088.58,-5573.9,-7662.48,,,,,,,,,
8821,1785.64,4290.88,4968.11,471.45,253.03,-116.47,-3873.81,-29072.15,1604.13,17229.36,-5510.07,165.98,-2459.84,-5344.08,-7803.92,,,,,,,,,
8831,1797.15,4328.46,4986.3,483.95,306.08,-125.3,-3941.89,-28964.81,1593.54,17138.71,-5521.97,168.77,-2397.81,-5353.2,-7751,,,,,,,,,
8841,1835.49,4320.78,4982.8,489.19,252.32,-121.44,-3859.7,-29065.29,1604.4,17175.4,-5485.17,169.16,-2386.06,-5316,-7702.06,,,,,,,,,
8851,1834.12,4223.16,4956,466.84,267.26,-156.59,-3852.75,-29034.98,1639.94,17162.13,-5470.06,170.9,-2494.87,-5299.16,-7794.03,,,,,,,,,
8861,1814.15,4213.82,4982.83,460.04,273.71,-120.24,-3883.38,-29229.22,1636.94,17300.21,-5388.05,164.91,-2551.14,-5223.14,-7774.28,,,,,,,,,
8871,1819.37,4319.78,4986.11,474.13,273.02,-108.29,-3897.62,-29106.51,1595.21,17254.93,-5484.88,166.48,-2389.86,-5318.4,-7708.26,,,,,,,,,
8881,1823.68,4327.96,4955.62,472.21,276.36,-111.38,-3836.85,-29047.54,1600.23,17228.82,-5550.89,170.18,-2310.88,-5380.71,-7691.59,,,,,,,,,
8891,1842.23,4197.4,4992.1,482.49,265.17,-113.48,-3893.78,-29171.21,1629.23,17182.84,-5331.9,165.63,-2587.03,-5166.27,-7753.29,,,,,,,,,
8901,1829.84,4232.55,4981.47,485.04,271.93,-120.46,-3855.24,-28982.16,1611.4,17232.17,-5546.99,172.35,-2313.45,-5374.64,-7688.09,,,,,,,,,
8911,1889.35,4259.01,4948.96,471.84,257.41,-108.9,-3851.24,-28951.62,1629.36,17184.72,-5566.13,165.79,-2271.12,-5400.34,-7671.46,,,,,,,,,
8921,1828.18,4214.17,4913.03,466.14,277.74,-147.15,-3786.87,-29074.21,1626.27,17183.32,-5512.44,169.23,-2499.36,-5343.21,-7842.58,,,,,,,,,
8931,1844.59,4185.13,4949.61,467.66,248.11,-133.65,-3847.72,-29113.06,1633.01,17252.07,-5491.19,168.37,-2514.25,-5322.83,-7837.08,,,,,,,,,
8941,1852.97,4266.49,4924.67,471.93,278.71,-122.09,-3844.69,-28968.1,1605.86,17273.81,-5583.94,166.65,-2260.45,-5417.29,-7677.74,,,,,,,,,
8951,1809.96,4185.61,4973.42,462.87,263.65,-109.24,-3822.26,-29202.73,1627.04,17374.01,-5470.5,168.3,-2437.65,-5302.2,-7739.86,,,,,,,,,
8961,1823.65,4222.56,4937.11,470.32,296.17,-133.65,-3888.93,-28950.22,1623.2,17211.32,-5578.94,167.34,-2388.47,-5411.6,-7800.06,,,,,,,,,
8971,1861.76,4242.95,4963.4,471.63,275.1,-114.02,-3875.98,-29101.55,1586.75,17192.2,-5459.25,168.7,-2497.76,-5290.55,-7788.31,,,,,,,,,
8981,1810.48,4312.64,4959.91,498.88,257.74,-149.39,-3850.09,-28895.21,1601.24,17129.65,-5584.78,172.25,-2324.13,-5412.53,-7736.66,,,,,,,,,
8991,1806.8,4264.05,4977.47,481.79,284.69,-121.54,-3881.6,-29032.73,1627.06,17253.21,-5512.61,169.84,-2340.8,-5342.77,-7683.57,,,,,,,,,
9001,1813.26,4263.39,4964.11,478.65,270.83,-112.86,-3844.85,-28885.6,1625.36,17047.86,-5559.24,169.33,-2379.84,-5389.91,-7769.75,,,,,,,,,
9011,1812.12,4287.21,4965.11,477.6,261.14,-157.53,-3871.46,-28826.05,1637.33,17146.38,-5585.42,170.02,-2268.15,-5415.4,-7683.55,,,,,,,,,
9021,1831.11,4314.35,4909.37,471.08,267.74,-123.08,-3875.27,-28828.24,1620.01,17152.08,-5628.42,169.05,-2260.85,-5459.37,-7720.22,,,,,,,,,
9031,1784.51,4254.93,4953.09,453.95,270.4,-111.11,-3874.19,-28992.4,1655.93,17139.15,-5526.84,172.55,-2465.74,-5354.29,-7820.03,,,,,,,,,
9041,1872.54,4273.25,5053.13,469.75,276.02,-126.35,-3845.8,-29029.31,1600.96,17116.26,-5447.17,168.93,-2339.55,-5278.23,-7617.78,,,,,,,,,
9051,1815.77,4292.83,4948.27,476.57,271.6,-95.25,-3837.36,-29106.56,1626.62,17187.24,-5416.85,169.05,-2420.27,-5247.8,-7668.06,,,,,,,,,
9061,1864.3,4306.22,4980.22,486.31,265.99,-130.9,-3861.87,-29028.22,1591.58,17119.66,-5473.56,167.45,-2406.71,-5306.11,-7712.81,,,,,,,,,
9071,1859.82,4262.88,4983.13,488.53,264.67,-93.87,-3880.69,-28970.1,1613.3,17155.72,-5547.84,169.51,-2316.6,-5378.33,-7694.93,,,,,,,,,
9081,1818.16,4207.13,4927.37,467.67,281.76,-105.22,-3818.44,-29154.3,1643.77,17323.69,-5483.44,169.55,-2408.41,-5313.89,-7722.3,,,,,,,,,
9091,1818.54,4294.12,4978.24,470.97,270.45,-135.27,-3789.39,-28931.46,1600.88,17126.3,-5609.02,177.53,-2296.61,-5431.49,-7728.1,,,,,,,,,
9101,1867.08,4198.43,4952,469.3,261.42,-123.06,-3878.12,-28947.37,1613.59,17169.59,-5546.69,169.63,-2417.14,-5377.06,-7794.2,,,,,,,,,
9111,1853.43,4357.51,4923.95,473.66,272.99,-102,-3889.03,-28929.3,1605.52,17137.27,-5589.92,168.39,-2295.99,-5421.53,-7717.52,,,,,,,,,
9121,1765.61,4308.78,4945.7,455.54,273.5,-95.87,-3789.46,-28962.63,1640.28,17144.71,-5547.38,170.58,-2313.85,-5376.8,-7690.65,,,,,,,,,
9131,1812.01,4319.94,4979.26,477.74,286.11,-159.58,-3889.16,-28963.56,1618.51,17185.81,-5557.71,168.12,-2332.91,-5389.59,-7722.5,,,,,,,,,
9141,1888.43,4268.62,4958.97,469.33,279.33,-155.99,-3837.39,-29200.71,1611.9,17167.21,-5369.58,166.79,-2550.3,-5202.79,-7753.09,,,,,,,,,
9151,1826.22,4180.53,4969.46,468.38,270.98,-123.18,-3845.55,-29004.03,1609.52,17144.76,-5503.18,168.63,-2502.9,-5334.55,-7837.45,,,,,,,,,
9161,1855.97,4330.49,4968.57,471.13,276.91,-128.78,-3847.48,-28971.19,1610.65,17067.23,-5450.11,171.47,-2366.5,-5278.64,-7645.14,,,,,,,,,
9171,1790.39,4276.85,4975.91,470.66,270.76,-120.17,-3854.35,-29068.56,1609.51,17085,-5381.05,167.09,-2564.01,-5213.96,-7777.97,,,,,,,,,
9181,1881.31,4179.28,5013.8,468.72,272.03,-129.07,-3862.19,-29012.22,1625.88,17171.5,-5467.05,172.61,-2390.97,-5294.44,-7685.41,,,,,,,,,
9191,1827.58,4234.16,5002.43,491.18,266.65,-137.38,-3888.71,-29118.77,1651.29,17119.33,-5352.11,169.1,-2552.23,-5183.01,-7735.24,,,,,,,,,
9201,1825.74,4134.74,4928.73,470.87,259.28,-121.78,-3811.26,-29240.88,1641.67,17305.78,-5398.42,169.2,-2607.11,-5229.22,-7836.34,,,,,,,,,
9211,1806.74,4214.42,4965.16,478.81,279.53,-111.68,-3792.57,-28868.94,1615.26,17308.11,-5759.56,179.85,-2105.15,-5579.71,-7684.85,,,,,,,,,
9221,1777.76,4303.3,4960.3,474.1,271.72,-122.59,-3860.72,-28854.47,1639.85,17243.43,-5717.75,175.96,-2167.32,-5541.8,-7709.12,,,,,,,,,
9231,1809.71,4241.5,4921.17,471.54,269.54,-133.53,-3754.25,-28790.9,1632.27,17161.68,-5758.5,176.71,-2171.25,-5581.78,-7753.03,,,,,,,,,
9241,1863.57,4249.07,4973.74,494.9,288.9,-100.1,-3847.09,-28717.62,1623.25,17183.69,-5792.29,179.22,-1987.68,-5613.07,-7600.75,,,,,,,,,
9251,1793.62,4252.79,4938.25,477.07,270.38,-107.61,-3815.79,-29026.21,1617.19,17331.29,-5636.65,178.96,-2269.02,-5457.69,-7726.71,,,,,,,,,
9261,1797.47,4286.76,4938.41,479.96,269.71,-115.87,-3779.67,-28833.13,1610.64,17183.27,-5747.98,182.69,-2162.46,-5565.29,-7727.74,,,,,,,,,
9271,1877.34,4203.33,4932.31,486.16,264.07,-132.55,-3784.85,-28857.71,1604.68,17077.42,-5690.86,180.83,-2329.8,-5510.03,-7839.83,,,,,,,,,
9281,1875.19,4400.56,4937,486.19,278.32,-146.8,-3829.92,-28814.29,1598.79,17121.15,-5699.11,179.07,-2093.81,-5520.04,-7613.85,,,,,,,,,
9291,1826.39,4229.42,4925.31,471.14,267.05,-129.29,-3772.45,-28914.56,1640.12,17185.39,-5704.19,177.71,-2271.48,-5526.48,-7797.96,,,,,,,,,
9301,1808.88,4275.58,4962.82,464.51,289.68,-132.76,-3827.62,-28635.69,1597.12,17177.66,-5894.1,178.37,-2019.82,-5715.73,-7735.55,,,,,,,,,
9311,1844.16,4164.9,4956.1,471.34,263.48,-121.52,-3867.77,-28788.47,1598.2,17279.55,-5812,178.93,-2200.02,-5633.07,-7833.1,,,,,,,,,
9321,1800.9,4228.89,4959.45,481.36,270.38,-123.65,-3851.55,-28853.08,1634.02,17137.1,-5587.83,176.87,-2316.19,-5410.96,-7727.15,,,,,,,,,
9331,1809.25,4298.01,4977.07,474.76,266.5,-135.79,-3872.14,-28742.06,1645.8,17112.35,-5713.94,173.58,-2166.25,-5540.36,-7706.61,,,,,,,,,
9341,1813.13,4236.2,4981.32,488.26,278.67,-119.34,-3821.39,-28787.42,1644.58,17148.22,-5724.49,179.35,-2137.77,-5545.14,-7682.91,,,,,,,,,
9351,1792.77,4323.8,4896.85,490.06,266.89,-116.12,-3823.96,-28745.71,1639.56,17179.74,-5794.44,178.97,-2096.13,-5615.47,-7711.59,,,,,,,,,
9361,1808.83,4281.25,4956.08,477.7,272.78,-112.77,-3781.13,-28842.25,1662.46,17186.21,-5705.26,180.08,-2090.84,-5525.18,-7616.02,,,,,,,,,
9371,1805.28,4187.84,4950.58,462.62,257.43,-129.26,-3854.95,-28798.44,1635.23,17297.04,-5735.84,172.68,-2186.64,-5563.16,-7749.8,,,,,,,,,
9381,1920.91,4311.58,4940.39,465.51,273.4,-110.91,-3821,-28794.11,1614.57,17269.42,-5790.33,177.4,-1930.24,-5612.93,-7543.17,,,,,,,,,
9391,1791.16,4066.96,4991.45,466.91,262.49,-83.23,-3833.7,-29107.87,1725.73,17416.67,-5576.86,169.55,-2303.43,-5407.31,-7710.75,,,,,,,,,
9401,1830.11,4215.73,4975.4,483.87,270.73,-144.36,-3820.2,-28901.98,1596.09,17277.23,-5693.55,174.7,-2217.37,-5518.85,-7736.22,,,,,,,,,
9411,1798.66,4253.39,4961.58,468.15,266,-136.11,-3819.1,-28968.38,1648.81,17298.98,-5665.45,176.17,-2228.02,-5489.28,-7717.31,,,,,,,,,
9421,1855.01,4121.25,4943.76,472.94,273.39,-134.63,-3784.28,-28921.37,1609.22,17307.69,-5731.06,180.83,-2257.03,-5550.23,-7807.27,,,,,,,,,
9431,1778.2,4206.79,4944.14,482.25,269.42,-85.1,-3796.36,-29048.27,1640.26,17291.7,-5618.32,175.79,-2316.97,-5442.53,-7759.5,,,,,,,,,
9441,1771.87,4366.37,4979.82,474.67,259.76,-113.08,-3800.49,-28980.86,1615.38,17245.2,-5642.55,177,-2181.36,-5465.54,-7646.91,,,,,,,,,
9451,1854.25,4220.78,5000.28,469.07,279.66,-136.5,-3812.36,-28911.63,1630,17240.62,-5704.87,174.84,-2165.82,-5530.03,-7695.85,,,,,,,,,
9461,1871.92,4248.28,4985.95,483.63,271.4,-122.55,-3858.99,-29174.99,1608.46,17223.62,-5383.12,168.75,-2463.27,-5214.37,-7677.64,,,,,,,,,
9471,1818.72,4231.13,4958.3,480.51,251.45,-128.83,-3827.86,-29103.89,1605.48,17219.48,-5470.22,170.99,-2495.5,-5299.23,-7794.73,,,,,,,,,
9481,1854.86,4188.97,4954.55,492.78,274.54,-116.33,-3889.63,-29104.2,1632.9,17392.49,-5559.51,169.7,-2319.08,-5389.81,-7708.89,,,,,,,,,
9491,1794.2,4319.47,4991.39,480.92,277.36,-120.21,-3863.53,-28944.81,1600.57,17148.31,-5543.51,172.22,-2316.33,-5371.29,-7687.61,,,,,,,,,
9501,1888.82,4217.72,4916.53,483.27,276.03,-90.25,-3855.59,-29119.94,1606.18,17165.18,-5424.72,171.21,-2512.05,-5253.51,-7765.57,,,,,,,,,
9511,1773.33,4195.49,4960.92,481.73,256.93,-103.15,-3876.48,-29323.52,1616.72,17295.34,-5317.44,167.82,-2722.69,-5149.62,-7872.31,,,,,,,,,
9521,1875.54,4251.28,4943.38,490.22,284.03,-111.76,-3799.14,-29126.72,1615.19,17218.17,-5445.56,170.66,-2359.81,-5274.9,-7634.71,,,,,,,,,
9531,1818.92,4423.9,4954.04,477.15,293.33,-116.15,-3869.51,-29129.85,1603.12,17159.78,-5442.88,171.18,-2385.25,-5271.69,-7656.95,,,,,,,,,
9541,1849.7,4250.54,4927.16,477.44,277.95,-89.38,-3927.17,-29145.19,1616.33,17234.63,-5375.59,168.27,-2527.99,-5207.32,-7735.31,,,,,,,,,
9551,1830.85,4346.89,4972.36,475.1,269.47,-129.58,-3852.78,-29109.54,1590.62,17217.71,-5446.61,170.26,-2388.9,-5276.35,-7665.25,,,,,,,,,
9561,1807.19,4236.41,4940.84,461.92,286.92,-132.15,-3803.75,-29183.5,1634.67,17230.32,-5384.71,169.79,-2521.13,-5214.92,-7736.04,,,,,,,,,
9571,1861.08,4290.49,4907.61,458.05,266.1,-115.68,-3882.66,-28957.34,1601.86,17127.15,-5514.29,168.39,-2443.33,-5345.9,-7789.23,,,,,,,,,
9581,1767.46,4236.39,4926.88,478.4,274.67,-131.42,-3759.13,-28756.87,1655.35,17166.12,-5786.34,180.07,-2142.15,-5606.27,-7748.42,,,,,,,,,
9591,1822.74,4252.65,4937.54,475.56,276.77,-126.96,-3816.01,-28674.21,1623.97,17093.26,-5782.56,177.74,-2134.69,-5604.82,-7739.51,,,,,,,,,
9601,1830.89,4227.36,4932.27,477.74,267.59,-132.95,-3793.93,-28907.01,1634.13,17209.1,-5613.16,173.08,-2254.81,-5440.08,-7694.89,,,,,,,,,
9611,1763.57,4292.26,4954.67,470.04,271.15,-106.78,-3823.76,-28864.68,1628.46,17163.36,-5705.96,173.97,-2251.71,-5531.99,-7783.7,,,,,,,,,
9621,1782.17,4210.19,4962.14,480.02,285.66,-140.08,-3838.33,-28821.62,1646.96,17225.17,-5708.66,174.95,-2207.72,-5533.71,-7741.43,,,,,,,,,
9631,1844.51,4287.06,4929.91,472.08,294.12,-94.42,-3827.36,-28736.7,1612.81,17038.7,-5722.52,172.63,-2179.3,-5549.89,-7729.19,,,,,,,,,
9641,1808.98,4288.69,4979.92,481.24,267.16,-132.88,-3812.16,-28765.59,1653.56,17166.06,-5770.16,176.94,-2065.03,-5593.22,-7658.25,,,,,,,,,
9651,1865.5,4230.34,4962.11,486.15,275.66,-136.01,-3804.46,-28724.54,1607.81,17165.4,-5826.61,177.01,-2072.05,-5649.6,-7721.65,,,,,,,,,
9661,1793.85,4253.96,4977.84,459.28,283.7,-159.98,-3896.73,-28931.17,1617.33,17191.64,-5553.17,168.41,-2410.29,-5384.76,-7795.05,,,,,,,,,
9671,1827.91,4359.91,5022.62,466.28,252.6,-156.74,-3877.29,-28754.87,1648.55,17146.31,-5727.63,172.61,-2064.73,-5555.02,-7619.75,,,,,,,,,
9681,1835.8,4256.99,4972.03,479.61,262.94,-138.7,-3733.9,-28651.21,1627.9,17109.95,-5874.32,180.66,-1978.58,-5693.66,-7672.25,,,,,,,,,
9691,1805.46,4292.36,4951.7,490.67,280.88,-109.06,-3762.54,-28727.14,1590.62,17118.09,-5751.39,180.45,-2068.97,-5570.93,-7639.9,,,,,,,,,
9701,1866.68,4279,4973.35,484.84,291.45,-113.94,-3782.58,-28771.66,1594.06,17116.82,-5732.35,180.07,-2061.97,-5552.28,-7614.25,,,,,,,,,
9711,1845.63,4258.61,4989.91,485.13,262.62,-119.97,-3834.24,-28978.18,1611.49,17210.07,-5543.01,168.34,-2268.94,-5374.67,-7643.61,,,,,,,,,
9721,1826.31,4221.84,4998.05,466.95,277.68,-132.93,-3866.91,-28952.91,1597.13,17224.24,-5554.49,169.63,-2340.53,-5384.85,-7725.39,,,,,,,,,
9731,1858.79,4258.64,4991.37,483.29,284.1,-93.88,-3775.8,-28736.18,1624.5,17224.5,-5827.26,180.16,-1880.67,-5647.1,-7527.77,,,,,,,,,
9741,1805.86,4247.86,4904.1,459.37,278.86,-141.83,-3795.77,-28664.23,1628.46,17058.92,-5758.05,174.57,-2218.4,-5583.49,-7801.89,,,,,,,,,
9751,1821.12,4242.13,4998.53,486.02,265.51,-143.84,-3780.81,-28729.67,1589.92,17169.02,-5749.25,177.81,-2082.06,-5571.43,-7653.49,,,,,,,,,
9761,1757.6,4264.87,4923.3,470.29,264.87,-98.68,-3806.24,-28867.7,1651.59,17191.93,-5682.4,177.43,-2248.17,-5504.97,-7753.14,,,,,,,,,
9771,1791.18,4189.58,4971.29,469.32,260.26,-133.53,-3864.31,-29005.69,1638.49,17243.42,-5510.51,170.51,-2439.99,-5340,-7779.99,,,,,,,,,
9781,1825.98,4242.4,4968.25,486.96,271.18,-115.26,-3827.76,-29212.28,1639.46,17263.11,-5442.12,174.1,-2457.94,-5268.02,-7725.96,,,,,,,,,
9791,1810.55,4197.4,4953.67,479.28,260.84,-122.93,-3806.92,-29025.37,1632.6,17193.41,-5490.03,169.07,-2427.47,-5320.96,-7748.43,,,,,,,,,
9801,1819.42,4230.9,4979.15,472.31,281.34,-101.34,-3865.23,-29029.83,1627.13,17212.99,-5465.12,168.04,-2373.16,-5297.08,-7670.25,,,,,,,,,
9811,1830.1,4256.51,4918.76,477.2,266.93,-118.05,-3864.95,-29001.39,1627.78,17246.13,-5556.46,172.44,-2360.97,-5384.02,-7744.99,,,,,,,,,
9821,1856.04,4282.25,4967.77,480.4,252.1,-141.07,-3867.08,-28976.86,1604.66,17152.19,-5543.78,169.09,-2389.61,-5374.69,-7764.31,,,,,,,,,
9831,1819.48,4324.33,4970.58,479.33,274,-135.96,-3823.04,-29090.28,1637.23,17191.96,-5477.19,169.64,-2352.35,-5307.55,-7659.9,,,,,,,,,
9841,1898.05,4259.07,4947.58,498.56,277.17,-105.16,-3871.48,-28807.95,1598.24,17228.46,-5724.41,173.34,-2077.45,-5551.07,-7628.52,,,,,,,,,
9851,1762.12,4258.21,4937.72,476.29,272.56,-137.25,-3867.19,-29007.54,1602.39,17221.02,-5494.98,170.26,-2481.67,-5324.72,-7806.39,,,,,,,,,
9861,1801.83,4198.95,4965.64,471.13,272.5,-127.95,-3808.73,-28878.4,1653.28,17181.26,-5676.1,175.71,-2270.48,-5500.39,-7770.88,,,,,,,,,
9871,1840.15,4312.54,4971.91,496.45,273.72,-109.11,-3859.87,-29110.98,1653.24,17167.51,-5416.94,166.54,-2364.44,-5250.39,-7614.83,,,,,,,,,
9881,1827.87,4260.8,4944.69,480.3,268.16,-139.77,-3841.62,-28887.96,1607.07,17128,-5584.26,171.85,-2352.46,-5412.41,-7764.87,,,,,,,,,
9891,1814.8,4197.4,4933.7,460.94,265.6,-95.2,-3830.52,-28800.62,1642.95,17110.57,-5713.03,175.5,-2300.38,-5537.53,-7837.91,,,,,,,,,
9901,1814.4,4196.61,4934.97,474.06,284.89,-121.91,-3860.51,-28943.79,1627.27,17333.11,-5653.29,171.32,-2260.9,-5481.97,-7742.87,,,,,,,,,
9911,1787.02,4251.05,4906.6,483.35,275.18,-125.44,-3842.05,-28916.03,1646.16,17271.27,-5699.59,172.3,-2262.89,-5527.29,-7790.18,,,,,,,,,
9921,1760.7,4325.86,4890.83,478.4,263.54,-107.42,-3829.5,-28998.5,1647.6,17278.73,-5610.29,171.6,-2289.74,-5438.69,-7728.43,,,,,,,,,
9931,1784.32,4215.47,4956.18,453.39,253.96,-120.86,-3810.52,-28939.93,1608.45,17222.54,-5642.36,178.85,-2376.99,-5463.51,-7840.5,,,,,,,,,
9941,1838.68,4261.65,4954.27,470.48,275.96,-138.74,-3827.56,-29171.67,1620.97,17154.84,-5360.58,167.96,-2561.13,-5192.62,-7753.74,,,,,,,,,
9951,1746.8,4193.98,4962.98,473.96,278.89,-139.24,-3793.59,-29009.28,1604.43,17361.31,-5642.97,174.58,-2319.76,-5468.38,-7788.14,,,,,,,,,
9961,1844.94,4186.62,4997.37,470.5,280.6,-123.88,-3859.59,-29039.67,1621.26,17209.62,-5524.96,171.08,-2412.23,-5353.88,-7766.11,,,,,,,,,
9971,1824.05,4313.53,4952.99,448.54,281.48,-133.61,-3815.49,-29011.81,1620.15,17198,-5521.93,172.23,-2322.17,-5349.71,-7671.87,,,,,,,,,
9981,1875.77,4234.7,4989.51,473.42,291.94,-115.05,-3838.56,-29084.76,1642.73,17273.67,-5580.69,172.52,-2256.63,-5408.17,-7664.8,,,,,,,,,
9991,1784.89,4282.38,4928.12,470.21,257.88,-111.5,-3888.55,-29031.91,1617.97,17228.51,-5480.11,168.88,-2462,-5311.23,-7773.23,,,,,,,,,
10001,1842.44,4285.91,4954.86,463.77,284.08,-119.15,-3837.53,-29228.94,1633.88,17214.52,-5377.57,169,-2506.17,-5208.57,-7714.74,,,,,,,,,
,,,,,,,,,,,,,,,,,,,,,,,,
Receptor Energy Terms,,,,,,,,,,,,,,,,,,,,,,,,
Frame #,BOND,ANGLE,DIHED,UB,IMP,CMAP,VDWAALS,EEL,1-4 VDW,1-4 EEL,EGB,ESURF,GGAS,GSOLV,TOTAL,,,,,,,,,
1,1810.45,4174.28,4981.41,480.41,264.58,-85.92,-3983.19,-29410.03,1634.49,17383.02,-5214.18,147.23,-2750.49,-5066.95,-7817.44,,,,,,,,,
11,1805.73,4299.31,4966.21,486.02,235.68,-93.29,-3922.38,-28964.86,1597,17176.17,-5475.98,157.1,-2414.42,-5318.88,-7733.3,,,,,,,,,
21,1846.43,4205.43,5007.08,492.5,279.92,-66.14,-3891.73,-28923.82,1599.8,17271.71,-5577.09,162.11,-2178.82,-5414.98,-7593.8,,,,,,,,,
31,1773.59,4198.98,4978.24,479.77,276.44,-121.83,-3854.85,-28796.94,1617.98,17286.08,-5666.62,164.88,-2162.54,-5501.74,-7664.28,,,,,,,,,
41,1860.34,4187.96,4966.01,474.34,261.92,-109.78,-3878.7,-29055.65,1588.92,17302.75,-5503.09,162.01,-2401.9,-5341.08,-7742.97,,,,,,,,,
51,1749.84,4343.53,4979.45,474.61,284.66,-98.34,-3836.86,-29046.93,1551.82,17244.53,-5493.09,161.74,-2353.68,-5331.36,-7685.04,,,,,,,,,
61,1815.42,4143.87,4992.72,474.77,262.45,-89.66,-3846.75,-28864.57,1624.14,17125.37,-5577.93,161.32,-2362.24,-5416.61,-7778.84,,,,,,,,,
71,1810.15,4275.28,4986.83,485.3,259.66,-113.38,-3833.15,-28888.83,1609.72,17210.7,-5586.84,165.35,-2197.71,-5421.49,-7619.2,,,,,,,,,
81,1799.5,4241.52,4953.01,504.06,265.69,-113.52,-3883.38,-28887.43,1605.55,17240.6,-5600.23,163.09,-2274.39,-5437.15,-7711.54,,,,,,,,,
91,1798.62,4321.74,4941.73,478.23,258.82,-85.49,-3826.77,-29072.3,1617.61,17185.3,-5446.83,161.74,-2382.5,-5285.1,-7667.59,,,,,,,,,
101,1726.62,4217.21,4967.4,472.59,270.81,-97.39,-3865.5,-28902.09,1592.43,17248.28,-5561.05,164.1,-2369.65,-5396.95,-7766.6,,,,,,,,,
111,1797.67,4215.71,4956.63,467.82,285.12,-125.14,-3867.82,-28764.24,1601.14,17173.58,-5646.38,162.67,-2259.54,-5483.71,-7743.25,,,,,,,,,
121,1773.53,4275.66,4994.69,478.45,267.57,-121.47,-3843.83,-28918.53,1617.24,17291.33,-5629.26,166.57,-2185.35,-5462.69,-7648.04,,,,,,,,,
131,1786.71,4215.29,4970.12,489.3,262.25,-117.36,-3823.38,-28851.36,1635.04,17281.62,-5691.03,168.44,-2151.77,-5522.59,-7674.36,,,,,,,,,
141,1766.51,4194.31,5009.86,481.71,293.39,-104.1,-3835.8,-28761.32,1616.61,17215.41,-5708.68,170.99,-2123.43,-5537.68,-7661.11,,,,,,,,,
151,1703.91,4204.36,4976.22,483.58,267,-106.2,-3854.34,-28941.58,1632.11,17295.3,-5578.41,168.25,-2339.64,-5410.15,-7749.8,,,,,,,,,
161,1805.11,4227.73,4974.79,478.27,249.03,-99.27,-3773.34,-28864.29,1635.98,17299.02,-5702.66,165.67,-2066.97,-5536.99,-7603.96,,,,,,,,,
171,1835.92,4178.56,4946.86,480.25,280.28,-97.1,-3861.82,-28667.72,1595.67,17207.82,-5753.83,171.89,-2101.28,-5581.94,-7683.22,,,,,,,,,
181,1792.02,4222.71,4955.27,471.41,263.65,-134.75,-3853.57,-28746,1582.27,17201.74,-5712.46,167.47,-2245.24,-5544.99,-7790.23,,,,,,,,,
191,1855.04,4135.04,4951.75,491.54,261.26,-122.33,-3870.51,-28685.17,1575.27,17128.31,-5697.56,169.45,-2279.8,-5528.11,-7807.91,,,,,,,,,
201,1814.49,4223.22,4955.55,489.32,262.36,-123.98,-3836.06,-28932.68,1636.1,17235.36,-5532.62,163.5,-2276.33,-5369.12,-7645.45,,,,,,,,,
211,1801.19,4127.74,4985.57,465.04,295.87,-126.55,-3854.44,-28796.92,1615.36,17296.64,-5676.32,164.95,-2190.48,-5511.38,-7701.86,,,,,,,,,
221,1844.11,4225.36,4939.32,462.92,278.05,-132.52,-3801.42,-28821,1589.78,17157.84,-5577.62,166.02,-2257.55,-5411.6,-7669.15,,,,,,,,,
231,1789.96,4284.2,4994.19,472.51,272.5,-123.33,-3850.14,-28990.74,1586.83,17129.15,-5446.35,164.22,-2434.89,-5282.13,-7717.01,,,,,,,,,
241,1768.87,4289.39,4984.04,471.18,270.37,-118.61,-3830.77,-28983.83,1568.34,17063.12,-5404.8,168.12,-2517.9,-5236.67,-7754.58,,,,,,,,,
251,1862.21,4326.16,4963.14,485.66,273.05,-141.38,-3874.96,-28932.29,1596.55,17202.9,-5490.75,166.05,-2238.95,-5324.7,-7563.65,,,,,,,,,
261,1795.46,4176.36,4994.95,479.66,268.4,-131.85,-3853.79,-28962.78,1631.25,17226.69,-5507.52,167.48,-2375.65,-5340.04,-7715.7,,,,,,,,,
271,1790.17,4270,4990.73,470.35,267.89,-152.4,-3858.24,-28775.73,1598.4,17207.9,-5656.83,168.3,-2190.92,-5488.53,-7679.45,,,,,,,,,
281,1762.84,4257.03,4998.24,477.55,280,-118.28,-3835.71,-28719.81,1592.68,17154.83,-5695.05,171.63,-2150.63,-5523.42,-7674.05,,,,,,,,,
291,1790.93,4297.03,5001.38,479.88,285.61,-121.5,-3815.39,-28764.8,1593.1,17126.5,-5659.58,169.51,-2127.26,-5490.07,-7617.33,,,,,,,,,
301,1796.41,4213.67,4984.7,456.06,272.44,-128.05,-3825.95,-29001.46,1548.76,17227.99,-5523.69,165.68,-2455.42,-5358.01,-7813.43,,,,,,,,,
311,1786.91,4147.25,5002.07,484.33,287.38,-119.48,-3860.92,-28927.65,1612.66,17147.87,-5513.87,165.56,-2439.58,-5348.31,-7787.88,,,,,,,,,
321,1767.86,4241.55,4952.01,470.54,257.85,-116.22,-3837.34,-28988.47,1610.34,17340.18,-5599.07,169.1,-2301.69,-5429.97,-7731.66,,,,,,,,,
331,1795.66,4247.48,4944.29,471.35,261.58,-115.79,-3855.05,-28858.14,1623.42,17289.87,-5641.59,165.99,-2195.35,-5475.6,-7670.95,,,,,,,,,
341,1732.74,4229.84,4952.14,466.78,262.71,-85.65,-3831.45,-29091.02,1587.89,17253.42,-5433.65,165.11,-2522.6,-5268.53,-7791.14,,,,,,,,,
351,1806.88,4148.14,4958.76,462.15,273.63,-138.18,-3794.39,-28956.69,1592.13,17235.65,-5560.14,172.38,-2411.91,-5387.76,-7799.67,,,,,,,,,
361,1793,4192.09,4970.51,481.28,296.35,-101.41,-3877.56,-29034.6,1608.32,17282.28,-5520.01,166.25,-2389.73,-5353.76,-7743.5,,,,,,,,,
371,1752.5,4142.32,5004.85,465.01,264.49,-141.26,-3838.08,-28966.4,1601.99,17276.4,-5556.61,166.54,-2438.18,-5390.07,-7828.25,,,,,,,,,
381,1813.45,4282.24,5001.25,477.07,289.21,-134.82,-3841.99,-28788.31,1593.57,17156.5,-5657.61,172.33,-2151.83,-5485.28,-7637.1,,,,,,,,,
391,1787.03,4311.94,5002.09,480.25,284.08,-131.12,-3809.95,-28939.85,1585.09,17185.54,-5568.36,168.93,-2244.89,-5399.43,-7644.32,,,,,,,,,
401,1842.12,4145.6,4994.79,482.97,265.76,-81.95,-3837.61,-28819.14,1633.91,17198,-5656.24,165.66,-2175.55,-5490.57,-7666.13,,,,,,,,,
411,1888.82,4160.61,4954.61,474.24,266.55,-107.85,-3808.91,-28755.59,1581.17,17200.76,-5703.58,172.2,-2145.59,-5531.38,-7676.97,,,,,,,,,
421,1843.66,4200.83,4962.55,474.43,263.93,-110.34,-3830.54,-28586.3,1591.44,17113.47,-5795.57,170.04,-2076.87,-5625.52,-7702.39,,,,,,,,,
431,1780.34,4174.12,4980.08,483.2,267.51,-110.32,-3857.77,-28498.07,1617.22,17138.33,-5871.39,172.43,-2025.36,-5698.96,-7724.32,,,,,,,,,
441,1881.52,4226.3,4915.85,490.34,269.4,-97.86,-3822.78,-28623.42,1584.82,17106.57,-5771.74,173.15,-2069.26,-5598.59,-7667.85,,,,,,,,,
451,1831.82,4248.15,4957.64,469.47,273.25,-116.89,-3755.45,-28835.24,1610.51,17189.41,-5691.2,172.57,-2127.34,-5518.63,-7645.96,,,,,,,,,
461,1780.59,4217.95,5012.64,470.83,288.89,-107.05,-3809.88,-28677.93,1573.15,17096.84,-5684.37,174.15,-2153.98,-5510.22,-7664.19,,,,,,,,,
471,1798.9,4192.73,4979.26,486.28,277.92,-139.6,-3806.99,-28701.12,1593.85,17168.28,-5761.59,170.72,-2150.5,-5590.87,-7741.37,,,,,,,,,
481,1798.42,4257.42,4940.75,488.17,252.61,-76.89,-3825.39,-28745.66,1591.41,17235.33,-5756.06,169.61,-2083.81,-5586.45,-7670.26,,,,,,,,,
491,1795.29,4188.62,4958.12,468.69,284.49,-103.37,-3833.62,-28721.24,1614.32,17223.96,-5699.72,167.36,-2124.74,-5532.36,-7657.1,,,,,,,,,
501,1872.93,4259.24,4945.05,483.13,252.41,-98.58,-3853.61,-28680.7,1535.34,17058.57,-5694.62,172.18,-2226.22,-5522.43,-7748.65,,,,,,,,,
511,1831.56,4133.59,4939.07,461.7,267.86,-113.06,-3838.3,-28722.7,1615.65,17226.96,-5742.4,171.75,-2197.67,-5570.65,-7768.32,,,,,,,,,
521,1802.52,4232.84,4920.51,476.96,249.7,-92.98,-3803.68,-28749.39,1592.69,17166.73,-5731.03,168.39,-2204.1,-5562.64,-7766.74,,,,,,,,,
531,1722.98,4217.02,4953.44,473.7,273.5,-85.58,-3861.4,-28796.41,1600.76,17282.51,-5647.78,171.86,-2219.49,-5475.92,-7695.4,,,,,,,,,
541,1791.57,4270.1,5030.32,480.34,274.11,-119.98,-3859.91,-28817.43,1574.42,17170.25,-5636.55,169.94,-2206.2,-5466.61,-7672.81,,,,,,,,,
551,1761.36,4297.26,4958.57,479.77,266.11,-111.01,-3807.85,-28627.84,1617.29,17166.01,-5830.1,170.81,-2000.33,-5659.29,-7659.62,,,,,,,,,
561,1787.83,4290.95,4934.17,482.16,272.96,-121.78,-3901.72,-28653.77,1600.45,17259.94,-5778.45,164.93,-2048.82,-5613.52,-7662.34,,,,,,,,,
571,1783.41,4203.73,4953.3,478.6,267.84,-97.19,-3828.28,-28723.36,1576.34,17236.04,-5794.26,169.21,-2149.58,-5625.05,-7774.63,,,,,,,,,
581,1749.1,4181.69,4945.02,477.01,268.84,-104.26,-3829.64,-28676.88,1624.1,17350.75,-5872.81,169.67,-2014.27,-5703.15,-7717.42,,,,,,,,,
591,1829.42,4183.42,4993.49,480.69,279.02,-93.94,-3842.99,-28550.7,1596.62,17226.24,-5896.12,170.48,-1898.75,-5725.64,-7624.39,,,,,,,,,
601,1779.92,4284.71,4981.99,481.73,261.31,-108.8,-3852.56,-28569.8,1618.68,17287.97,-5928.01,170.84,-1834.84,-5757.18,-7592.02,,,,,,,,,
611,1789.21,4265.93,4959.54,460.03,263.69,-125.43,-3861.23,-28539.24,1603.82,17168,-5894.49,166.76,-2015.69,-5727.72,-7743.41,,,,,,,,,
621,1725.24,4307.55,4980.76,471.7,280.9,-102.96,-3841.8,-28674.66,1585.98,17266.55,-5840.26,170.41,-2000.75,-5669.85,-7670.61,,,,,,,,,
631,1841.68,4257.98,4980.5,464.39,269.16,-138.19,-3840.1,-28660.76,1593.53,17220.36,-5777.51,170.82,-2011.46,-5606.69,-7618.15,,,,,,,,,
641,1785.97,4200.13,4953.73,484.86,274.02,-128.22,-3829.3,-28591.22,1595.23,17134.87,-5834.02,170.81,-2119.93,-5663.21,-7783.14,,,,,,,,,
651,1753.21,4230.52,4958.6,460.09,263.35,-129.65,-3848.83,-28665.49,1583.82,17200.77,-5769.12,167.08,-2193.62,-5602.04,-7795.66,,,,,,,,,
661,1830.51,4303.82,4950.72,485.83,277.44,-99.43,-3814.54,-28734.09,1592.6,17158.91,-5696.59,173.06,-2048.24,-5523.53,-7571.77,,,,,,,,,
671,1850.31,4268.9,4951.16,476.49,245.11,-107.46,-3884.55,-28833,1584,17250.04,-5657.77,170.62,-2199,-5487.15,-7686.15,,,,,,,,,
681,1802.17,4189.04,4952.81,472.47,245.58,-123.96,-3902.62,-28711.66,1582.33,17222.45,-5681.44,165.88,-2271.39,-5515.56,-7786.95,,,,,,,,,
691,1759.8,4278.89,4965.57,491.83,275.89,-112.26,-3806.56,-28746.8,1594.99,17156.1,-5663.17,171.07,-2142.56,-5492.11,-7634.66,,,,,,,,,
701,1808.92,4228.43,4957.12,470,262.4,-125.21,-3827.09,-28751.93,1576.76,17100.73,-5636.73,171.5,-2299.89,-5465.23,-7765.11,,,,,,,,,
711,1683.3,4200.43,4909.66,483.23,276.94,-66.51,-3754.56,-29010.03,1616.49,17296.54,-5562.97,172.24,-2364.51,-5390.73,-7755.24,,,,,,,,,
721,1817.6,4262.34,4938.36,487.03,270.95,-128.05,-3803.27,-28655.64,1617.47,17042.8,-5707.97,169.04,-2150.41,-5538.93,-7689.34,,,,,,,,,
731,1774.13,4221.62,4943.6,482.9,286.41,-141.67,-3845.36,-28784.15,1610.28,17213.15,-5664.98,168.16,-2239.08,-5496.82,-7735.9,,,,,,,,,
741,1820.26,4201.05,4975.46,480.24,282.16,-120.14,-3778.67,-28902.45,1615.06,17319.48,-5732.88,172.04,-2107.55,-5560.84,-7668.39,,,,,,,,,
751,1787.95,4250.47,4957.92,481.19,269.48,-110.08,-3811.83,-28745.82,1596.29,17165.12,-5699.44,168.53,-2159.3,-5530.91,-7690.21,,,,,,,,,
761,1805.62,4201.35,4940.8,469.94,268.4,-116.95,-3836.2,-28790.66,1626.04,17149.03,-5617.11,169.9,-2282.63,-5447.2,-7729.83,,,,,,,,,
771,1776.44,4188.69,4981.99,475.75,269.74,-112.81,-3799.26,-28967.52,1600.2,17282.82,-5633.05,165.56,-2303.96,-5467.5,-7771.45,,,,,,,,,
781,1757.11,4203.95,4979.63,461.47,280.85,-84.89,-3833.76,-28804.63,1635.82,17272.84,-5703.38,169.32,-2131.6,-5534.06,-7665.66,,,,,,,,,
791,1798.23,4141.29,4980.21,460.9,287.43,-109.88,-3778.06,-28763.76,1610.44,17300.35,-5802.22,172.22,-2072.83,-5630.01,-7702.84,,,,,,,,,
801,1768.48,4242.38,4968.68,476.48,273.3,-127.32,-3836,-28672.34,1577.05,17140.19,-5782.88,171.94,-2189.09,-5610.94,-7800.03,,,,,,,,,
811,1858.52,4215.08,4978.52,471.52,274.94,-136.68,-3833.63,-28686.25,1580.39,17242.11,-5817.62,173.46,-2035.49,-5644.16,-7679.65,,,,,,,,,
821,1735.03,4372.31,5011.35,487.29,281.72,-110.47,-3872.9,-28799.53,1614.9,17181.33,-5661.2,169.01,-2098.95,-5492.19,-7591.14,,,,,,,,,
831,1834.21,4242.18,4988.4,483.12,275.67,-106.68,-3824.91,-28814.38,1607.65,17158.93,-5693.36,166.74,-2155.82,-5526.62,-7682.44,,,,,,,,,
841,1813.07,4146.89,4982.06,472.48,271.96,-94.14,-3830.34,-28814.31,1607.87,17119.12,-5659.07,165.78,-2325.35,-5493.29,-7818.64,,,,,,,,,
851,1832.92,4212.02,4952.68,473.56,277.54,-96.84,-3873.79,-28775.56,1593.27,17128.48,-5666.52,169.47,-2275.7,-5497.05,-7772.75,,,,,,,,,
861,1799.16,4261.17,4944.25,480.2,264.02,-131.99,-3831.41,-28733.54,1596.46,17126.84,-5677.93,168.77,-2224.84,-5509.16,-7734,,,,,,,,,
871,1842.77,4131.16,4960.66,463.73,256.27,-94.24,-3808.18,-28779.6,1579.98,17163.19,-5655.02,168.18,-2284.27,-5486.84,-7771.11,,,,,,,,,
881,1797.24,4261.76,4949.31,484.53,285.51,-115.17,-3802.17,-28740.97,1630.38,17150.51,-5719,169.47,-2099.07,-5549.53,-7648.6,,,,,,,,,
891,1762.8,4215.55,4962.69,464.24,270.25,-143.76,-3819.43,-28671.05,1587.78,17217.25,-5789.37,173.21,-2153.68,-5616.16,-7769.84,,,,,,,,,
901,1807.01,4245.23,5012.7,480.36,276.09,-97.89,-3804.66,-28672.7,1600.91,17144.2,-5769.31,175.2,-2008.73,-5594.12,-7602.84,,,,,,,,,
911,1754.24,4205.33,4980.3,486.36,255.9,-124.39,-3820.03,-28773.5,1624.02,17198.82,-5719,172.06,-2212.95,-5546.95,-7759.9,,,,,,,,,
921,1807.97,4099.85,4969.07,463.53,285.2,-132.85,-3851.48,-28534.23,1586.26,17211.32,-5864.93,173.11,-2095.36,-5691.83,-7787.18,,,,,,,,,
931,1819.74,4242.09,4932.42,481.51,287.57,-111.38,-3840.94,-28790.53,1600.41,17209.92,-5667.93,168.73,-2169.2,-5499.2,-7668.4,,,,,,,,,
941,1805.45,4248.31,4984.81,474.68,245.87,-144.89,-3793.47,-28686.39,1628.17,17229.17,-5818.63,171.74,-2008.29,-5646.89,-7655.18,,,,,,,,,
951,1803.03,4265.23,4973.18,474.36,272.25,-144.89,-3837.4,-28592.2,1597.02,17128.02,-5812.17,171.36,-2061.41,-5640.81,-7702.22,,,,,,,,,
961,1801.24,4221.37,4982.54,481.39,273.94,-128.59,-3843.7,-28737.7,1590.26,17223.73,-5769.57,167.64,-2135.52,-5601.93,-7737.45,,,,,,,,,
971,1819.73,4151.9,4959.51,478.76,272.76,-127.14,-3815.26,-28693.79,1556.8,17141.82,-5736.44,169.95,-2254.92,-5566.48,-7821.4,,,,,,,,,
981,1783.33,4235.03,4956.16,480.42,268.94,-136.87,-3822.99,-28727.15,1581.58,17264.35,-5797.88,171.17,-2117.22,-5626.71,-7743.93,,,,,,,,,
991,1850.46,4124.22,4975.85,466.86,279.48,-124.62,-3773.27,-28663.78,1605.84,17226.22,-5797.23,174.29,-2032.73,-5622.95,-7655.68,,,,,,,,,
1001,1851.45,4146.63,4944.05,488.84,279.9,-86.87,-3869.56,-28544.44,1598.8,17123.08,-5832.21,172.06,-2068.13,-5660.15,-7728.28,,,,,,,,,
1011,1765.18,4204.89,4985.74,488.25,264.1,-153.45,-3800.84,-28743.04,1604.47,17235.01,-5748.76,171.29,-2149.68,-5577.47,-7727.15,,,,,,,,,
1021,1804,4251.4,4978.36,480.17,284.87,-104.65,-3856.15,-28827.9,1611.87,17176.94,-5626.65,166.77,-2201.1,-5459.88,-7660.98,,,,,,,,,
1031,1801.44,4157.63,4942.9,475.97,257.46,-134.54,-3791.69,-28666.57,1592.9,17152.66,-5747.45,171.68,-2211.85,-5575.77,-7787.62,,,,,,,,,
1041,1751.18,4196.36,4985.66,477.91,271.03,-135.39,-3805.41,-28909.07,1604.38,17191.88,-5569.61,163.23,-2371.47,-5406.38,-7777.85,,,,,,,,,
1051,1818.27,4181.96,4985.9,451.4,248.96,-140.32,-3822.51,-28926.63,1616.28,17158.51,-5515.31,168.05,-2428.19,-5347.26,-7775.44,,,,,,,,,
1061,1809.86,4180.46,4955,463.82,251.85,-137.84,-3819.55,-28787.27,1631.67,17089.76,-5594.81,169.71,-2362.24,-5425.09,-7787.33,,,,,,,,,
1071,1782.62,4227.11,4990.64,469.49,271.95,-103.73,-3842.83,-28759.57,1634.82,17077.23,-5653.25,168.35,-2252.27,-5484.9,-7737.17,,,,,,,,,
1081,1784.73,4147.39,4985.72,467.83,276.17,-112.55,-3874.91,-28752.62,1613.67,17208.56,-5660.13,163.05,-2256.01,-5497.08,-7753.09,,,,,,,,,
1091,1821.43,4264.44,4967.67,476.75,257.53,-98.29,-3858.14,-28837.06,1599.2,17155.86,-5550.27,166.22,-2250.61,-5384.04,-7634.65,,,,,,,,,
1101,1809.76,4115.5,4945.99,471.77,272.27,-111.11,-3829.3,-28703.01,1581.48,17097.02,-5661.12,166.12,-2349.62,-5495,-7844.62,,,,,,,,,
1111,1802.15,4227.68,4961.36,487.11,286.03,-118.13,-3835.88,-28979.19,1616.4,17206.11,-5497.76,163.02,-2346.36,-5334.75,-7681.11,,,,,,,,,
1121,1836.19,4206.28,4945.49,480.85,251.3,-125.72,-3859.06,-28731,1571.58,17096.82,-5633.63,168.7,-2327.27,-5464.94,-7792.21,,,,,,,,,
1131,1779.87,4202.03,4943.3,461.23,257.39,-78.64,-3837.21,-28760.75,1589.68,17103.48,-5637.38,164.67,-2339.62,-5472.7,-7812.32,,,,,,,,,
1141,1792.83,4290.55,4998.13,494.35,265.33,-137.87,-3846.11,-28628.92,1617.44,17098.91,-5768.24,165.3,-2055.36,-5602.95,-7658.31,,,,,,,,,
1151,1810.97,4110.65,4951.22,454.83,266.61,-85.01,-3873.91,-28744.87,1568.63,17149.58,-5658.57,166.68,-2391.3,-5491.89,-7883.19,,,,,,,,,
1161,1838.24,4145.64,4972.38,473.64,278.24,-116.54,-3835.95,-28634.65,1598.52,17111.95,-5752.63,167.77,-2168.52,-5584.86,-7753.38,,,,,,,,,
1171,1764.7,4172.17,4920.43,475.33,258.49,-94.8,-3815.23,-28766,1583.56,17127.93,-5640.34,167.26,-2373.44,-5473.08,-7846.52,,,,,,,,,
1181,1794.75,4249.77,4910.68,482.06,278.68,-95.33,-3837.08,-28560.06,1596.97,17083.03,-5759.71,168.74,-2096.51,-5590.96,-7687.48,,,,,,,,,
1191,1837.94,4189.12,4927.84,468.2,268.15,-103.29,-3817.77,-28510.01,1623.89,17063.18,-5837.66,168.57,-2052.76,-5669.09,-7721.85,,,,,,,,,
1201,1827.6,4248.5,4914.59,470.26,270.37,-108.37,-3824.11,-28589.3,1571.79,17042.02,-5748.12,171.8,-2176.63,-5576.32,-7752.95,,,,,,,,,
1211,1802.86,4301.25,4926.23,482.41,270.93,-84.69,-3858.18,-28341.84,1573.63,16982.24,-5906.56,168.57,-1945.15,-5737.99,-7683.14,,,,,,,,,
1221,1782.34,4203.92,4968.48,455.04,279.74,-105.6,-3874.96,-28526.32,1602.49,17105,-5810.96,168.05,-2109.88,-5642.9,-7752.78,,,,,,,,,
1231,1848.96,4254.81,4919.73,474.14,258.14,-100.54,-3861.55,-28671.07,1580.81,17158.51,-5745.28,163.58,-2138.05,-5581.71,-7719.76,,,,,,,,,
1241,1807.85,4204.81,4930.75,486.91,273.34,-108.37,-3823.98,-28566.94,1580.37,17157.89,-5857.4,169.09,-2057.36,-5688.31,-7745.67,,,,,,,,,
1251,1843.52,4246.14,4936.02,493.34,284.85,-95.92,-3856.15,-28490.4,1582.9,17033.43,-5819.85,166.8,-2022.27,-5653.05,-7675.33,,,,,,,,,
1261,1806.79,4175.98,4913.21,477.84,275.64,-100.46,-3898.35,-28577.62,1581.17,17088.38,-5754.31,168.15,-2257.43,-5586.16,-7843.6,,,,,,,,,
1271,1808.11,4259.3,4964.17,478.38,272.94,-144.49,-3779.61,-28363.72,1577.36,17016.61,-5931.26,173.12,-1910.94,-5758.15,-7669.08,,,,,,,,,
1281,1799.89,4218.59,4936.73,463.71,268.3,-120.15,-3810.82,-28558.55,1576.64,17098.21,-5842.96,170.1,-2127.45,-5672.85,-7800.3,,,,,,,,,
1291,1805.9,4260.49,4938.51,482.74,258.28,-109.39,-3831.38,-28427.92,1602.83,17032.68,-5910.24,171.85,-1987.26,-5738.39,-7725.65,,,,,,,,,
1301,1814.72,4224.79,4938.11,491.43,265.55,-131.93,-3821.05,-28543.39,1609.25,17095.63,-5807.3,167.24,-2056.88,-5640.06,-7696.95,,,,,,,,,
1311,1777.76,4267.49,4965.64,468.83,265.56,-92.51,-3851.15,-28665.82,1588.3,17071.75,-5685.47,167.12,-2204.15,-5518.34,-7722.49,,,,,,,,,
1321,1914.89,4193.72,4973.76,502.91,252.67,-136.82,-3787.31,-28671.56,1624.82,17146.91,-5746.27,171.28,-1986.02,-5575,-7561.01,,,,,,,,,
1331,1799.75,4231.06,4924.99,472.8,264.26,-117.27,-3835.67,-28582.73,1576.29,17067.98,-5714.06,168.69,-2198.53,-5545.37,-7743.9,,,,,,,,,
1341,1833.9,4209.84,4956.21,502.93,265.55,-78.21,-3866.56,-28555.85,1586.49,17022.92,-5736.24,167.21,-2122.77,-5569.03,-7691.8,,,,,,,,,
1351,1805.89,4316.07,4949.31,478.09,271.54,-111.26,-3839.75,-28752.08,1629.94,17101.08,-5622.77,162.73,-2151.17,-5460.04,-7611.21,,,,,,,,,
1361,1802.95,4257.29,4970.78,497.67,277.79,-129.34,-3813.68,-28520.28,1632.56,17038.06,-5839.7,172.11,-1986.19,-5667.59,-7653.78,,,,,,,,,
1371,1809.03,4311.21,4992.11,490.54,254.61,-125.9,-3862.94,-28674.1,1613.32,16909.31,-5615.89,168.98,-2282.8,-5446.91,-7729.71,,,,,,,,,
1381,1820.31,4138.36,4985.8,483.89,270.48,-113.73,-3813.55,-28763.75,1622.96,17174.4,-5701.57,167.52,-2194.82,-5534.05,-7728.87,,,,,,,,,
1391,1824.28,4167.36,4949.42,494.53,240.01,-135.24,-3847.87,-28760.86,1617.49,17085.54,-5643.35,165.85,-2365.35,-5477.5,-7842.86,,,,,,,,,
1401,1818.43,4290.2,4963.56,486.45,277.42,-129.17,-3825.47,-28622.57,1586.11,17113.29,-5789.06,166.87,-2041.75,-5622.19,-7663.94,,,,,,,,,
1411,1877.8,4227.11,4969.67,499.98,275.29,-117.46,-3841.4,-28580.58,1578.61,17089.96,-5800.46,170.09,-2021.01,-5630.37,-7651.38,,,,,,,,,
1421,1802.43,4223.82,4970.33,460.06,246.47,-133.9,-3879.26,-28610.44,1610.92,17214.46,-5849.92,169.28,-2095.12,-5680.64,-7775.76,,,,,,,,,
1431,1818.84,4204.84,4932.62,465.43,265.71,-121.09,-3856.8,-28566.23,1598.12,17221.81,-5842.09,170.79,-2036.74,-5671.3,-7708.04,,,,,,,,,
1441,1736.67,4268.78,4936.23,472.48,268.96,-119.74,-3872.49,-28638.47,1611.04,17246.42,-5772.4,170.52,-2090.12,-5601.88,-7692.01,,,,,,,,,
1451,1791.99,4221.84,4958.26,478.88,256.37,-123.01,-3858.88,-28718.28,1608.2,17126.44,-5726.77,164.43,-2258.19,-5562.34,-7820.53,,,,,,,,,
1461,1726.19,4132.82,4967.73,485.47,275.24,-100.55,-3852.12,-28867.28,1607.8,17263.77,-5643.77,164.79,-2360.93,-5478.97,-7839.9,,,,,,,,,
1471,1841.01,4239.43,5007,485.05,272.43,-148.93,-3855.06,-28628.02,1575.35,17109.07,-5799.03,169.97,-2102.67,-5629.07,-7731.73,,,,,,,,,
1481,1866.81,4163.29,4917.73,497.88,272.12,-125.24,-3833.16,-28674.32,1556.73,17105.74,-5763.97,168.45,-2252.44,-5595.51,-7847.95,,,,,,,,,
1491,1829.82,4142,4953.58,465.25,260.33,-116.82,-3821.37,-28809.36,1597.13,17232.63,-5690.31,166.67,-2266.81,-5523.63,-7790.44,,,,,,,,,
1501,1810.7,4244.45,4959.58,474.63,276.26,-119.07,-3870.26,-28686.4,1580.83,17198.44,-5814.7,168.4,-2130.82,-5646.3,-7777.12,,,,,,,,,
1511,1758.42,4233.26,4944.76,482.71,278.79,-112.97,-3751.71,-28829.49,1607.64,17289.01,-5760.05,168.34,-2099.59,-5591.72,-7691.31,,,,,,,,,
1521,1780.75,4240.33,4910.37,471.41,256.71,-99.53,-3837.91,-28624,1591.72,17184.97,-5828.93,170.85,-2125.17,-5658.09,-7783.26,,,,,,,,,
1531,1784.51,4188.42,4957.14,471.78,258.65,-140.89,-3818.14,-28739.56,1600.84,17268.48,-5809.29,166.84,-2168.77,-5642.46,-7811.22,,,,,,,,,
1541,1751.98,4234.11,4969.48,466.15,276.81,-127.19,-3850.9,-28590.38,1626.45,17199.01,-5900.04,166.37,-2044.49,-5733.66,-7778.16,,,,,,,,,
1551,1762.86,4253.17,4961.91,477.84,282.79,-128.86,-3820.82,-28666.54,1587.69,17249.43,-5837.51,165.62,-2040.53,-5671.89,-7712.43,,,,,,,,,
1561,1850.67,4199.28,4910.01,478.4,274.04,-102.94,-3802.8,-28535.24,1532.35,17252.4,-5982.76,169.49,-1943.83,-5813.27,-7757.1,,,,,,,,,
1571,1824.49,4255.13,4973.62,477.73,268.3,-102.78,-3809.54,-28623.96,1576.36,17231.48,-5861.32,174.61,-1929.18,-5686.7,-7615.88,,,,,,,,,
1581,1777.25,4259.78,4985.01,463.4,271.57,-148.84,-3794.29,-28726.95,1587.98,17201.17,-5789.04,166.99,-2123.9,-5622.05,-7745.95,,,,,,,,,
1591,1814.27,4214.68,4971.18,465.39,280.01,-112.93,-3892.43,-28576.55,1624.22,17287.72,-5895.47,167.68,-1924.44,-5727.79,-7652.23,,,,,,,,,
1601,1806.68,4226.8,4954.51,509.95,270.11,-120.55,-3814.3,-28641.53,1575.38,17297.16,-5896.51,168.51,-1935.79,-5728,-7663.8,,,,,,,,,
1611,1840.96,4140.36,4916.46,486.09,270,-95.7,-3865.36,-28575.1,1593.96,17266.58,-5932.86,170.21,-2021.75,-5762.65,-7784.4,,,,,,,,,
1621,1776.78,4238.2,4925.94,470.77,278.71,-118.4,-3806.51,-28561.23,1627.06,17161.88,-5904.24,170.68,-2006.8,-5733.55,-7740.35,,,,,,,,,
1631,1739.91,4327.83,4943.76,479.71,285.73,-103.15,-3856.85,-28460.67,1593.41,17059.06,-5896.13,170.92,-1991.25,-5725.21,-7716.46,,,,,,,,,
1641,1836.09,4217.89,4895.26,498.58,271.95,-138.01,-3855.41,-28569.05,1573.76,17142.06,-5828.57,166.55,-2126.87,-5662.02,-7788.89,,,,,,,,,
1651,1806.94,4269.32,4930.68,489.28,258.54,-128.47,-3854.94,-28660.95,1587.75,17147.59,-5792.87,168.23,-2154.26,-5624.64,-7778.91,,,,,,,,,
1661,1843.36,4301.47,4950.44,471.73,267.38,-117.28,-3833.55,-28700.31,1601.53,17109.17,-5704.21,169.98,-2106.06,-5534.22,-7640.29,,,,,,,,,
1671,1754.56,4198.78,4955.36,475.4,269.51,-133.73,-3781.92,-28832.21,1613.4,17163.04,-5656.1,169.06,-2317.8,-5487.04,-7804.85,,,,,,,,,
1681,1765.77,4212.61,4976.44,481.1,279.92,-132.96,-3756.94,-28808.18,1605.08,17298.08,-5774.31,172.43,-2079.07,-5601.88,-7680.95,,,,,,,,,
1691,1824.6,4272.32,4922.91,482.29,286.68,-113.14,-3857.59,-28428.67,1592.87,17127.68,-5935.94,171.61,-1890.04,-5764.33,-7654.36,,,,,,,,,
1701,1827.92,4342.97,4951.77,477.12,255.74,-148.45,-3788.96,-28606.58,1592.87,17118.09,-5851.73,171.35,-1977.49,-5680.38,-7657.87,,,,,,,,,
1711,1799.82,4333.41,4935.58,474.8,271.18,-113.41,-3853.91,-28693.83,1572.73,17142.63,-5721.34,168.35,-2130.98,-5552.99,-7683.97,,,,,,,,,
1721,1812.26,4206.06,4969.33,467.55,279.72,-126.14,-3879.41,-28600.28,1569.78,17172.62,-5823.75,168.68,-2128.51,-5655.07,-7783.58,,,,,,,,,
1731,1785.12,4297.75,4965.27,472.98,260.75,-119.23,-3859.14,-28663.51,1611.4,17234.36,-5788.03,165.37,-2014.25,-5622.66,-7636.9,,,,,,,,,
1741,1792.8,4260.73,4902.54,485.67,267.4,-90.22,-3778.89,-28751.46,1597.88,17150.97,-5718.57,171.42,-2162.59,-5547.15,-7709.74,,,,,,,,,
1751,1809.62,4254.35,4918.81,472.12,264.54,-124.35,-3803.16,-28541.14,1552.61,17084.25,-5852.05,175.2,-2112.36,-5676.85,-7789.21,,,,,,,,,
1761,1806.05,4209.23,4959.03,480.98,280.46,-126.45,-3833.04,-28576.82,1571.27,17136.51,-5776.42,170.47,-2092.77,-5605.95,-7698.72,,,,,,,,,
1771,1886.58,4225.04,4948.37,485.68,275.45,-162.64,-3805.55,-28597.69,1584.79,17117.37,-5819.22,171.3,-2042.59,-5647.92,-7690.51,,,,,,,,,
1781,1770.01,4217.4,4982.66,479.05,282.62,-136.53,-3814.41,-28658.89,1592.41,17152.5,-5735.47,170.05,-2133.18,-5565.41,-7698.59,,,,,,,,,
1791,1745.79,4176.23,4938.56,478.69,282.42,-126.97,-3829.65,-28749.42,1603.46,17248.52,-5746.52,168.59,-2232.37,-5577.93,-7810.3,,,,,,,,,
1801,1773.36,4223.34,4958.1,464.54,299.79,-117.57,-3851.19,-28742.28,1599.51,17294.98,-5719.33,170.91,-2097.44,-5548.42,-7645.86,,,,,,,,,
1811,1818.83,4227.8,4966.04,472.63,267.18,-113.42,-3842.88,-28735.04,1622.96,17249.06,-5743.37,167.84,-2066.84,-5575.54,-7642.37,,,,,,,,,
1821,1834.08,4188.17,5038.67,487.48,265.65,-155.67,-3820.13,-28590.73,1589.6,17187.75,-5805.91,172.23,-1975.12,-5633.67,-7608.79,,,,,,,,,
1831,1752.46,4280.45,4922.7,483.66,258.56,-124.4,-3800.36,-28666.8,1585.21,17159.59,-5759.01,172.81,-2148.94,-5586.2,-7735.14,,,,,,,,,
1841,1777.91,4221.51,4942.92,465.12,267.84,-99.56,-3788.14,-28765.46,1582.51,17138.48,-5700.44,170.57,-2256.89,-5529.87,-7786.76,,,,,,,,,
1851,1840.66,4169.71,4970.6,473.51,249.3,-119.85,-3845.54,-28823.76,1561.15,17199.39,-5656.1,171.13,-2324.84,-5484.97,-7809.81,,,,,,,,,
1861,1800.14,4225.93,4961.49,478.93,283.02,-140.63,-3822.36,-28984.8,1625.32,17289.47,-5554.17,170.77,-2283.51,-5383.4,-7666.9,,,,,,,,,
1871,1820.7,4249.34,4972,483.37,259.17,-147.66,-3821.16,-28850.79,1596.79,17217.42,-5615.52,169.23,-2220.82,-5446.29,-7667.11,,,,,,,,,
1881,1761.86,4326.25,4977.59,481.42,258.49,-107.02,-3806.5,-28795.1,1593.48,17139.53,-5696.14,172.19,-2169.99,-5523.95,-7693.95,,,,,,,,,
1891,1775.27,4175.01,4974.13,470.94,254.43,-101.39,-3835.67,-28841.52,1599.82,17228.75,-5593.94,168.35,-2300.23,-5425.58,-7725.81,,,,,,,,,
1901,1801.73,4232.84,4952.2,472.4,257.68,-158.3,-3869.45,-28673.47,1551.23,17089.56,-5713.78,166.75,-2343.59,-5547.04,-7890.63,,,,,,,,,
1911,1765.52,4286.51,4953.18,480.74,269.05,-108.72,-3811.04,-28621.72,1591.18,17101.53,-5780.73,176.57,-2093.77,-5604.16,-7697.93,,,,,,,,,
1921,1880.59,4289.1,4899.25,479.79,261.28,-105.52,-3781.08,-28682.63,1567.41,17106.55,-5764.85,172.3,-2085.26,-5592.55,-7677.81,,,,,,,,,
1931,1825.38,4269.17,4926.05,485.9,268.9,-111.52,-3881.16,-28750.47,1589.7,17186.31,-5717.16,171.72,-2191.73,-5545.44,-7737.16,,,,,,,,,
1941,1762.4,4289.07,4939.97,474.77,272.31,-137.8,-3789.83,-28615.28,1597.48,17190.82,-5834.94,176.2,-2016.09,-5658.74,-7674.84,,,,,,,,,
1951,1845.03,4253.95,4948.2,492.85,267.21,-122.37,-3860.56,-28724.38,1557.6,17194.74,-5754.14,176.35,-2147.72,-5577.79,-7725.51,,,,,,,,,
1961,1825.16,4154.53,4979.35,470.81,268.71,-149.98,-3846.72,-28664.45,1605.41,17099.39,-5734.95,170.57,-2257.79,-5564.38,-7822.17,,,,,,,,,
1971,1824.05,4210.75,4999.19,479.6,283.76,-112.31,-3815.66,-28590.4,1612.4,17083.39,-5829.57,172.71,-2025.23,-5656.86,-7682.1,,,,,,,,,
1981,1765.59,4252.84,4937.3,477.44,290.82,-144.34,-3795.48,-28715.36,1584.66,17147.02,-5709.29,170.75,-2199.5,-5538.55,-7738.04,,,,,,,,,
1991,1833.81,4232.43,4933.32,477.97,288.38,-129.8,-3859.39,-28690.26,1601.99,17225.72,-5781.1,167.42,-2085.82,-5613.68,-7699.5,,,,,,,,,
2001,1809.19,4282.61,4936.38,468.38,272.23,-108.59,-3859.49,-28570.44,1562.17,17142.33,-5811.1,169.42,-2065.22,-5641.67,-7706.9,,,,,,,,,
2011,1755.91,4259.67,4950.64,472.95,251.37,-122.33,-3913.7,-28483.26,1589.19,17089.17,-5862.62,169.44,-2150.38,-5693.18,-7843.56,,,,,,,,,
2021,1868.01,4270.78,4932.15,478.92,281.73,-131.04,-3850.67,-28629.6,1543.96,17127.19,-5790.5,173.64,-2108.56,-5616.86,-7725.42,,,,,,,,,
2031,1796.27,4220.91,4981.16,472.43,282.19,-130.04,-3800.21,-28798.57,1582.21,17258.95,-5739.04,172.11,-2134.71,-5566.93,-7701.64,,,,,,,,,
2041,1813.82,4246.38,4927.62,481.13,263.77,-109.96,-3841.89,-28651.79,1577.99,17137.44,-5792.76,171.02,-2155.47,-5621.75,-7777.22,,,,,,,,,
2051,1873,4253.66,4946.89,474.27,274.28,-96.55,-3830.33,-28598.45,1600.87,17177.46,-5834.13,172.97,-1924.89,-5661.16,-7586.05,,,,,,,,,
2061,1767.86,4259,4946.33,488.18,276.29,-122.68,-3788,-28675.92,1607.28,17135.21,-5752,173.72,-2106.46,-5578.28,-7684.74,,,,,,,,,
2071,1788.36,4227.95,4956.42,488.26,281.64,-145.91,-3809.53,-28695.31,1628.49,17084.26,-5726.64,172.78,-2195.37,-5553.86,-7749.23,,,,,,,,,
2081,1800.59,4306.4,4944.51,472.41,269.38,-141.9,-3802.93,-28822.01,1589.09,17128.15,-5616,171.19,-2256.31,-5444.81,-7701.13,,,,,,,,,
2091,1769.87,4207.71,4952.58,478.33,260.68,-128.69,-3811.82,-28756.88,1606.02,17161.5,-5693.24,176.37,-2260.69,-5516.87,-7777.57,,,,,,,,,
2101,1847.6,4109.73,4932.76,470.96,242.61,-138.45,-3778.14,-28694.77,1580.61,17165.03,-5735.01,177.62,-2262.06,-5557.39,-7819.45,,,,,,,,,
2111,1835.41,4185.13,4953.28,492.34,257.08,-134.96,-3759.31,-28832.2,1574.74,17173.91,-5654.02,175.38,-2254.57,-5478.64,-7733.21,,,,,,,,,
2121,1815.32,4145.99,4954.58,464.72,285,-99.52,-3794.28,-28781.8,1636.77,17173.77,-5725.45,172.18,-2199.45,-5553.26,-7752.72,,,,,,,,,
2131,1796.34,4182.73,4938.67,479.94,264.24,-113.51,-3756.87,-28855.36,1608.9,17127.65,-5632.55,175.39,-2327.27,-5457.16,-7784.43,,,,,,,,,
2141,1773.8,4200.47,4959.44,473.22,280.51,-123.46,-3811.57,-28971.78,1607.17,17241.29,-5572.46,172.15,-2370.91,-5400.31,-7771.22,,,,,,,,,
2151,1814.51,4258.31,4963.68,476.6,266.2,-118.65,-3813.53,-28876.02,1625.43,17132.46,-5626.44,173.1,-2271.01,-5453.34,-7724.35,,,,,,,,,
2161,1813.61,4259.66,4989.81,480.13,267.4,-120.95,-3822.94,-28813.9,1582.24,17165.38,-5660.92,168.98,-2199.57,-5491.93,-7691.5,,,,,,,,,
2171,1719.45,4251.67,5017.86,474.42,260.12,-149.62,-3789.09,-28844.27,1618.49,17163.9,-5620.79,172.57,-2277.07,-5448.22,-7725.29,,,,,,,,,
2181,1831.54,4174.48,4956.76,463.54,271.37,-146.62,-3768.34,-28794.2,1595.24,17167.83,-5727.72,173.51,-2248.39,-5554.21,-7802.6,,,,,,,,,
2191,1773.67,4303.24,4981.37,478.75,296.09,-148.99,-3818.13,-28512.01,1581.19,17054.01,-5817.51,173.14,-2010.81,-5644.37,-7655.18,,,,,,,,,
2201,1758.09,4238.61,4942.24,472.25,264.92,-126.71,-3788.59,-28820.05,1623.04,17201.32,-5705.29,175.4,-2234.87,-5529.89,-7764.76,,,,,,,,,
2211,1809.32,4304.76,4935.83,477.62,252.67,-126.56,-3831.26,-28610.57,1583.63,17193.74,-5809.44,171.44,-2010.81,-5638.01,-7648.82,,,,,,,,,
2221,1813.85,4291.39,4938.71,477.82,266.28,-127.91,-3785.13,-28804.08,1591.17,17210.83,-5715.53,171.41,-2127.07,-5544.12,-7671.19,,,,,,,,,
2231,1758.25,4254.15,4955.36,477.32,269.94,-152.04,-3839.83,-28771.69,1607.35,17205.86,-5684.52,169.65,-2235.33,-5514.87,-7750.2,,,,,,,,,
2241,1801.1,4243.02,4956.68,476.42,259.56,-128.4,-3817.53,-28847.7,1592.66,17217.44,-5661.71,173,-2246.75,-5488.72,-7735.47,,,,,,,,,
2251,1833.45,4180.56,5012.57,473.61,265.65,-128.05,-3791.1,-28707.27,1581.19,17185.71,-5735.04,171.75,-2093.69,-5563.3,-7656.99,,,,,,,,,
2261,1876.34,4186.22,4978.24,482.05,252.6,-127.5,-3812.79,-28670.23,1595.21,17035.96,-5667.4,176.48,-2203.91,-5490.92,-7694.83,,,,,,,,,
2271,1777.05,4274.85,4918.72,477.62,274.06,-104.61,-3777.91,-28869.47,1593.37,17175.62,-5634.31,169.23,-2260.7,-5465.08,-7725.78,,,,,,,,,
2281,1837.06,4273.07,4938.83,498.67,282.26,-117.59,-3775.96,-28802.36,1575.44,17052.74,-5655.87,170.37,-2237.85,-5485.5,-7723.35,,,,,,,,,
2291,1891.49,4352.64,4932.84,487.91,270.29,-120.64,-3882.21,-28882.7,1576.55,17163.88,-5528.76,167.32,-2209.94,-5361.44,-7571.38,,,,,,,,,
2301,1760.04,4197.3,4939,469.64,278.66,-135.63,-3846.6,-28635.78,1580.63,17176.1,-5766.82,170.42,-2216.64,-5596.39,-7813.03,,,,,,,,,
2311,1816.19,4262.63,4911.49,496.73,267.25,-133.57,-3835.95,-28723.5,1607.11,17146.22,-5704.33,170.17,-2185.38,-5534.15,-7719.54,,,,,,,,,
2321,1866.12,4223.17,4919.05,478.89,275.33,-102.59,-3817.88,-28742.82,1528.29,17232.95,-5756.75,172.33,-2139.49,-5584.42,-7723.91,,,,,,,,,
2331,1835.35,4271.48,4919.04,490.02,269.71,-143.53,-3802.57,-28639.5,1583.48,17083.69,-5742.11,166.83,-2132.82,-5575.28,-7708.1,,,,,,,,,
2341,1835.86,4259.6,4972.88,462.31,253.84,-150.63,-3826.74,-28567.27,1587.63,17084.75,-5804.69,171.8,-2087.78,-5632.89,-7720.66,,,,,,,,,
2351,1746.74,4262.47,4930.03,472.96,273.01,-138.44,-3783.09,-28665.82,1578.7,17095.79,-5744.19,169.56,-2227.65,-5574.63,-7802.27,,,,,,,,,
2361,1824.2,4189.17,4963.33,475.4,271.17,-108.82,-3822.01,-28610.11,1593.79,17161.53,-5785.07,170.2,-2062.36,-5614.87,-7677.23,,,,,,,,,
2371,1808.03,4267.02,4968.19,471.54,280.31,-109.44,-3861.83,-28722.36,1543.54,17147.71,-5699.99,167.79,-2207.29,-5532.2,-7739.49,,,,,,,,,
2381,1778.37,4268.75,4935.26,481.73,272.71,-136.32,-3854.43,-28486.7,1625.22,17060.94,-5844.54,169.78,-2054.46,-5674.77,-7729.23,,,,,,,,,
2391,1724.96,4241.88,4925.3,472.62,259.04,-127.53,-3848.52,-28756.77,1601.54,17152.96,-5678.21,171.87,-2354.52,-5506.33,-7860.85,,,,,,,,,
2401,1805.99,4200.95,4985.01,473.96,254.54,-122.07,-3854.3,-28589.13,1606.53,17149.41,-5797.74,170.05,-2089.12,-5627.69,-7716.81,,,,,,,,,
2411,1822.6,4194.24,4890.62,474.02,259.68,-93.5,-3857.94,-28602.89,1627.22,17106.64,-5759.8,165.98,-2179.31,-5593.82,-7773.13,,,,,,,,,
2421,1764.37,4329.74,4949.38,481.87,283.76,-134.17,-3832.67,-28506.11,1554.53,17044.06,-5835.06,167.5,-2065.23,-5667.56,-7732.79,,,,,,,,,
2431,1789.19,4291.81,4940.87,484.16,283.35,-115.78,-3847.2,-28566.14,1593.63,17104.48,-5824.3,171.46,-2041.64,-5652.84,-7694.48,,,,,,,,,
2441,1743.18,4304.45,4936.26,478.26,268.83,-108.37,-3828.15,-28537.02,1593.42,17166.74,-5869.3,173.57,-1982.4,-5695.73,-7678.13,,,,,,,,,
2451,1799.93,4301.55,4951.72,473.32,263.88,-131.84,-3834.92,-28495.77,1573.87,17088.05,-5848.25,170.22,-2010.21,-5678.03,-7688.24,,,,,,,,,
2461,1813.97,4183.63,4938.45,473.12,270.78,-125.11,-3795.1,-28668.84,1567.25,17114.56,-5770.88,171.05,-2227.28,-5599.83,-7827.11,,,,,,,,,
2471,1827.72,4201.9,4919.36,478.18,269.7,-122.41,-3791.41,-28750.87,1582.6,17261.55,-5791.6,171.38,-2123.68,-5620.22,-7743.9,,,,,,,,,
2481,1798.11,4188.98,4983.33,472.06,280.79,-97.86,-3828.21,-28725.1,1620.84,17090.95,-5669.95,169.49,-2216.11,-5500.46,-7716.57,,,,,,,,,
2491,1785.33,4227.51,4954.16,468.25,255.99,-102.86,-3785.03,-28863.47,1607.19,17179.67,-5625.13,171.74,-2273.25,-5453.39,-7726.65,,,,,,,,,
2501,1766.65,4233.03,4966.9,465.73,281.33,-142.7,-3803.1,-28685.4,1595.87,17188.25,-5793.99,169.92,-2133.43,-5624.07,-7757.5,,,,,,,,,
2511,1844,4165.01,4921.48,477.18,268.13,-136.07,-3869.68,-28785.41,1553.03,17202.84,-5635.58,166.2,-2359.48,-5469.38,-7828.86,,,,,,,,,
2521,1825.56,4232.33,4937.47,475.01,253.66,-88.97,-3868.79,-28618.99,1557.77,17187.14,-5802.74,168.75,-2107.82,-5633.99,-7741.81,,,,,,,,,
2531,1855.19,4218.68,4956.31,481.3,277.05,-137.89,-3842.67,-28715.29,1585.63,17239.99,-5785.08,170.03,-2081.7,-5615.05,-7696.75,,,,,,,,,
2541,1785.21,4212.87,4985.26,474.21,280.18,-125.09,-3828.7,-28704.64,1635.89,17235.82,-5804.72,166.77,-2048.98,-5637.95,-7686.93,,,,,,,,,
2551,1761.1,4184.29,4954.62,469.62,294.11,-126.4,-3815.02,-28705.36,1616.8,17278.74,-5797.43,175.1,-2087.5,-5622.32,-7709.83,,,,,,,,,
2561,1819.94,4178.27,4936.51,467.31,267.12,-124.03,-3767.08,-28662.85,1574.89,17094.87,-5788.71,175.63,-2215.06,-5613.07,-7828.14,,,,,,,,,
2571,1792.26,4275.94,4929.35,493.58,288.59,-92.19,-3783.64,-28754.42,1638.67,17205.19,-5746.05,172.98,-2006.69,-5573.07,-7579.76,,,,,,,,,
2581,1812.3,4292.48,4949.85,473.17,269.61,-118.29,-3819.22,-28686.22,1602.44,17298.57,-5825.76,171.94,-1925.3,-5653.83,-7579.13,,,,,,,,,
2591,1787.61,4227.63,4895.26,453.36,263.54,-106.8,-3834.49,-28716.89,1591.36,17250.92,-5754,169.64,-2188.51,-5584.37,-7772.87,,,,,,,,,
2601,1837.23,4232.54,4957.72,475.59,268.57,-144.35,-3821.04,-28887.96,1610.4,17188.7,-5647.63,169.6,-2282.59,-5478.03,-7760.61,,,,,,,,,
2611,1832.3,4185.87,4959.08,475.97,267.45,-136.67,-3793.31,-28765.12,1597.21,17218.56,-5756.42,173.4,-2158.65,-5583.02,-7741.67,,,,,,,,,
2621,1835.42,4176.94,4931.36,471.99,294.98,-152.42,-3795.47,-28690.57,1631.31,17182.13,-5794.16,173.62,-2114.32,-5620.53,-7734.85,,,,,,,,,
2631,1858.33,4201.01,4989.74,482.36,273.24,-153.83,-3806.99,-28672.6,1577.24,17176.84,-5737.11,173.6,-2074.67,-5563.51,-7638.18,,,,,,,,,
2641,1722.81,4149.86,4946.93,468.61,275.61,-103.89,-3787.01,-28773.73,1620.42,17187.66,-5658.67,173.87,-2292.72,-5484.8,-7777.52,,,,,,,,,
2651,1740,4181.23,4959.6,467.34,261.39,-109.72,-3788.38,-28893.55,1609.26,17320.72,-5713.7,170.51,-2252.11,-5543.19,-7795.3,,,,,,,,,
2661,1849.09,4209.55,4921.12,491.14,262.18,-91.05,-3848.05,-28645,1609.3,17140.86,-5783.17,170.11,-2100.86,-5613.06,-7713.93,,,,,,,,,
2671,1848.93,4152.06,4912.73,493.21,273.59,-123.06,-3792.95,-28766.26,1604.73,17171.5,-5713.28,173.45,-2225.53,-5539.83,-7765.35,,,,,,,,,
2681,1739.61,4187.8,4920.62,476.55,260.59,-90.26,-3768.17,-28779.09,1582.86,17195.55,-5665.19,174.88,-2273.93,-5490.3,-7764.23,,,,,,,,,
2691,1809.16,4251.38,4988.37,456.49,264.79,-117.57,-3801.59,-28681.22,1583.53,17142.81,-5697.25,170.25,-2103.85,-5526.99,-7630.84,,,,,,,,,
2701,1802.47,4221.48,4972.11,501.02,267.13,-117.57,-3817.79,-28658.86,1607.59,17143.76,-5778.11,175.61,-2078.65,-5602.5,-7681.15,,,,,,,,,
2711,1799.27,4222.29,4931.52,475.86,261.11,-113.39,-3828.5,-28793.17,1603.58,17183.49,-5685.46,171.85,-2257.94,-5513.61,-7771.55,,,,,,,,,
2721,1769.46,4180.49,4972.05,470.32,255.2,-133.85,-3817.46,-28900.16,1620.22,17242.29,-5636.43,170.52,-2341.45,-5465.91,-7807.36,,,,,,,,,
2731,1755.54,4310.26,4893.55,484.46,274.51,-92.78,-3783.56,-28983.88,1602.43,17294.07,-5612.21,172.88,-2245.39,-5439.33,-7684.72,,,,,,,,,
2741,1739.67,4180.09,4956.76,458.3,269.83,-102.15,-3836.98,-28752.68,1577.26,17276.1,-5756.71,173.91,-2233.8,-5582.8,-7816.6,,,,,,,,,
2751,1810.94,4186.81,4984.57,475.71,261.88,-108.74,-3798.49,-28866.27,1601.47,17208.43,-5630.74,171.63,-2243.68,-5459.1,-7702.79,,,,,,,,,
2761,1804.1,4293.02,4915.19,478.49,267.41,-121.28,-3792.27,-28831.8,1572.42,17067.7,-5599.15,172.32,-2347.03,-5426.83,-7773.86,,,,,,,,,
2771,1836.67,4211.93,4973.32,489.78,277.88,-117.39,-3812.56,-28724.43,1591.77,17052.81,-5670.81,175.93,-2220.22,-5494.88,-7715.1,,,,,,,,,
2781,1776.51,4256.96,4946.46,472.85,270.92,-142.65,-3807.33,-28824.45,1584.79,17164.96,-5630.94,174.17,-2300.97,-5456.77,-7757.74,,,,,,,,,
2791,1818.02,4247.7,4966.51,490.77,276.56,-108.26,-3802.2,-28783.99,1589.61,17101.95,-5641.4,175.39,-2203.32,-5466.01,-7669.34,,,,,,,,,
2801,1804.18,4308.59,4961.05,486.51,263,-134.71,-3789.56,-28833.98,1581.34,17076.35,-5590.93,171.34,-2277.23,-5419.59,-7696.82,,,,,,,,,
2811,1829.61,4199.89,4967.95,479.07,277.99,-108.07,-3763.63,-28691.26,1548.17,17075.03,-5710.9,174.04,-2185.25,-5536.87,-7722.12,,,,,,,,,
2821,1766.45,4228.22,4922.04,473.07,259.44,-92.84,-3823.46,-28667.14,1629.83,17112.1,-5724.08,173.11,-2192.28,-5550.97,-7743.26,,,,,,,,,
2831,1772.52,4301.39,4943,481.98,272.96,-111.9,-3852.19,-28830.6,1594.49,17162.57,-5621.8,170.56,-2265.79,-5451.24,-7717.03,,,,,,,,,
2841,1787.03,4194.36,4983.02,476.39,246.66,-122.25,-3813.2,-28686.76,1644.57,17014.68,-5658.78,169.6,-2275.51,-5489.18,-7764.69,,,,,,,,,
2851,1801.48,4199.26,4984.16,470.28,282.38,-138.56,-3795.73,-28731.38,1586.69,17088.18,-5663.25,171.96,-2253.24,-5491.29,-7744.53,,,,,,,,,
2861,1791.44,4315.96,4948.2,473.28,275.19,-113.06,-3785.14,-28831.87,1580.83,17034.4,-5549.87,173.91,-2310.76,-5375.96,-7686.72,,,,,,,,,
2871,1856.59,4217.92,4954.62,471.4,267.27,-113.27,-3834.65,-28743.56,1587.76,17030.38,-5581.56,170.09,-2305.55,-5411.47,-7717.03,,,,,,,,,
2881,1850.95,4313.87,4979.77,498.98,282.37,-134.92,-3798.01,-28737.01,1565.8,17055.64,-5649.72,169.31,-2122.58,-5480.41,-7602.99,,,,,,,,,
2891,1818.93,4291.63,4954.19,480.2,275.9,-112.38,-3792.14,-28581.54,1591.77,17079.56,-5750.72,169.99,-1993.89,-5580.72,-7574.62,,,,,,,,,
2901,1842.09,4276.4,4922.8,477.11,260.29,-111.15,-3769.42,-28592.69,1620.8,16988.18,-5726.36,172.69,-2085.58,-5553.67,-7639.26,,,,,,,,,
2911,1786.85,4259.38,4930.18,483.59,268.64,-94.09,-3797.96,-28635.35,1612.04,17087.68,-5730.02,171.61,-2099.04,-5558.42,-7657.46,,,,,,,,,
2921,1801.8,4241.45,4959.61,468.65,287.79,-127.44,-3815.85,-28854.64,1605.33,17069.96,-5532.13,171.08,-2363.35,-5361.05,-7724.39,,,,,,,,,
2931,1783.21,4315.77,4892.61,494.81,256.85,-120.79,-3769.99,-28920.33,1605.18,17060.87,-5540.33,174.81,-2401.82,-5365.52,-7767.33,,,,,,,,,
2941,1866.23,4173.03,4877.76,481.07,265.85,-112.03,-3761.48,-28932.64,1570.14,17133.23,-5579.43,174.52,-2438.83,-5404.91,-7843.74,,,,,,,,,
2951,1815.98,4170.21,4912.92,479.5,267.87,-133.81,-3811.56,-28858.68,1593.86,17146.53,-5566.29,172.51,-2417.19,-5393.78,-7810.98,,,,,,,,,
2961,1821.53,4274.23,4949.27,482.78,266.43,-115.86,-3840.31,-28807.87,1582.69,17050.5,-5535.87,170.75,-2336.62,-5365.11,-7701.73,,,,,,,,,
2971,1788.31,4330.38,4920.89,471.8,268.59,-114.37,-3859.82,-28781.71,1601.45,17062.57,-5578.58,169.19,-2311.91,-5409.39,-7721.29,,,,,,,,,
2981,1852.48,4246.74,4949.67,480.58,270.34,-107.27,-3779.51,-28781.28,1610.45,17103.57,-5659.13,170.94,-2154.22,-5488.19,-7642.41,,,,,,,,,
2991,1795.81,4261.44,4914.45,482.88,293.75,-112.9,-3824.64,-28811.99,1632.5,17196.32,-5664.14,172.97,-2172.38,-5491.17,-7663.55,,,,,,,,,
3001,1891.9,4207.69,4971.05,491.63,287.69,-129.04,-3796.9,-28793.62,1580.51,17180.65,-5664.79,172.03,-2108.45,-5492.76,-7601.21,,,,,,,,,
3011,1824.24,4241.73,4944.42,492.48,274.49,-116.28,-3782.46,-28868.98,1579.82,17101.43,-5548.8,172.28,-2309.11,-5376.52,-7685.63,,,,,,,,,
3021,1775.76,4303.9,5009.09,495.1,257.45,-129.98,-3813.78,-28761.14,1628.36,17121.95,-5636.4,172.25,-2113.3,-5464.14,-7577.44,,,,,,,,,
3031,1779.74,4195.33,4973.84,479.06,278.01,-126.52,-3779.52,-28709.24,1598.63,17180.16,-5737.06,171.93,-2130.5,-5565.13,-7695.64,,,,,,,,,
3041,1803.91,4241.89,4942.69,483.49,278.1,-139.36,-3848.94,-28904.91,1589.58,17178.85,-5558.13,172.99,-2374.7,-5385.14,-7759.84,,,,,,,,,
3051,1760.09,4181.17,4985.46,471.88,287.84,-110.59,-3815.77,-28938.99,1632.58,17257.76,-5607.97,166.54,-2288.56,-5441.42,-7729.99,,,,,,,,,
3061,1817.58,4297.44,4985.12,464.55,256.59,-116.15,-3822.39,-28710.56,1584.25,17042.05,-5631.71,169.79,-2201.53,-5461.92,-7663.45,,,,,,,,,
3071,1754.75,4237.98,4984.75,469.18,273.1,-129.55,-3787.3,-28686.58,1556.15,17059.33,-5721.26,173.88,-2268.18,-5547.38,-7815.56,,,,,,,,,
3081,1808.94,4189.85,4918.9,486.41,262.43,-133.93,-3762.36,-28651.06,1597.01,17011.86,-5674.96,175.53,-2271.95,-5499.43,-7771.38,,,,,,,,,
3091,1766.01,4240.09,4955.88,464.93,263.26,-121.7,-3806.82,-28784.07,1590.94,17176.17,-5674.32,167.52,-2255.3,-5506.8,-7762.1,,,,,,,,,
3101,1817.36,4204.1,4986.47,483.13,258.32,-116.49,-3782.47,-28858.83,1607.46,17087.49,-5568.58,169.47,-2313.46,-5399.11,-7712.57,,,,,,,,,
3111,1846.7,4218.15,4953.79,472.49,283.55,-90.74,-3753.03,-28828.53,1604.81,17031.64,-5565.89,170.03,-2261.18,-5395.86,-7657.05,,,,,,,,,
3121,1828.74,4236.7,4964.37,483.01,267.13,-113.94,-3822.52,-28841.97,1559.66,17051.39,-5587.91,172.88,-2387.44,-5415.03,-7802.47,,,,,,,,,
3131,1791.51,4230.51,4978.19,463.29,267.12,-124.64,-3795.88,-28793.54,1590.95,17174.58,-5667.68,170.86,-2217.92,-5496.81,-7714.74,,,,,,,,,
3141,1824.17,4244.19,5005.41,485.49,278.04,-115.79,-3788.78,-28737.16,1604.37,17158.89,-5674.59,169.06,-2041.18,-5505.53,-7546.7,,,,,,,,,
3151,1864.76,4213.4,4971.98,481.68,271.46,-138.17,-3810.02,-28597.82,1583.56,17054.53,-5736.07,170.83,-2104.65,-5565.24,-7669.89,,,,,,,,,
3161,1778.24,4231.19,4956.57,467.25,286.92,-135.96,-3814.86,-28625.77,1619.07,17068.04,-5739.27,171.77,-2169.31,-5567.5,-7736.81,,,,,,,,,
3171,1853.38,4288.21,4955.71,477.52,265.28,-111.22,-3790.09,-28781.99,1587.61,16980.56,-5572.64,173.01,-2275.02,-5399.64,-7674.65,,,,,,,,,
3181,1792.63,4223.56,4945.4,477.63,266.21,-119.83,-3817.22,-28894.75,1597.72,17174.54,-5560.14,171.04,-2354.11,-5389.11,-7743.21,,,,,,,,,
3191,1809.58,4231.36,4964.17,469.89,267.16,-114.6,-3827.51,-28789.5,1605.16,17132.31,-5650.58,170.13,-2251.99,-5480.45,-7732.44,,,,,,,,,
3201,1938.16,4280.19,4912.88,473.35,295.37,-119.8,-3855.13,-28625.62,1522.16,17128.95,-5745.29,169.68,-2049.49,-5575.61,-7625.1,,,,,,,,,
3211,1868.22,4224.72,4957.55,483.5,271.51,-122.51,-3813.53,-28672.37,1589.77,17092.1,-5738.87,168.4,-2121.05,-5570.47,-7691.51,,,,,,,,,
3221,1822.95,4105,4978,473.21,285.18,-132.71,-3754.18,-28689.28,1608.5,17100.27,-5763.41,172.82,-2203.06,-5590.6,-7793.66,,,,,,,,,
3231,1833.25,4160.69,4955.69,477.42,279.53,-136.8,-3790.02,-28559.41,1565.96,17030.72,-5767.45,169.46,-2182.97,-5597.99,-7780.96,,,,,,,,,
3241,1832.78,4266.71,4961.43,469.88,282.97,-153.35,-3855.57,-28539.42,1602.57,16978.9,-5751.74,170.33,-2153.09,-5581.41,-7734.5,,,,,,,,,
3251,1841.57,4349.96,4943.68,485.19,273.03,-122.72,-3797.64,-28590.3,1576.93,17008.37,-5780.88,175.41,-2031.94,-5605.48,-7637.41,,,,,,,,,
3261,1796.9,4272.08,4960.89,476.46,256.84,-130.91,-3786.24,-28729.73,1606.41,17118.02,-5674.18,170.87,-2159.29,-5503.31,-7662.6,,,,,,,,,
3271,1824.45,4254.75,4960.15,493.17,262.84,-103.4,-3836.37,-28625,1560.03,17081.3,-5714.71,170.16,-2128.08,-5544.55,-7672.64,,,,,,,,,
3281,1773.69,4210.66,4983.64,478.89,268,-140.7,-3759.84,-28826.51,1617.99,17209.59,-5686.25,171.57,-2184.59,-5514.68,-7699.26,,,,,,,,,
3291,1787.97,4205.24,4936.28,468.78,264.37,-119.44,-3845.11,-28654.12,1588.86,17145.36,-5732.5,170.97,-2221.81,-5561.53,-7783.34,,,,,,,,,
3301,1789.37,4274.53,4904.89,477.02,266.38,-122.49,-3842.16,-28672.16,1594.04,17041.38,-5680.88,173.61,-2289.19,-5507.27,-7796.46,,,,,,,,,
3311,1861.7,4183,4931.01,483.24,289.77,-135.08,-3775,-28830.85,1593.22,17192.99,-5654.27,171.51,-2206.01,-5482.76,-7688.77,,,,,,,,,
3321,1819.8,4225.22,4963.04,470.36,276.94,-122.56,-3752.36,-28837.72,1617.38,17137.89,-5610.74,177.12,-2202.01,-5433.62,-7635.62,,,,,,,,,
3331,1841.78,4226.79,4922.48,471.09,274.31,-118.24,-3780.56,-28686.71,1575.34,17117.12,-5741.02,177.42,-2156.59,-5563.6,-7720.19,,,,,,,,,
3341,1743.31,4215.06,4931.79,465.29,286.25,-120.04,-3805.66,-28588.54,1628.56,17255.56,-5870.47,177.19,-1988.43,-5693.29,-7681.71,,,,,,,,,
3351,1806.55,4200.05,4956.58,480.95,265.54,-158.71,-3791.28,-28675.76,1585.67,17144.24,-5809.61,177.04,-2186.16,-5632.56,-7818.72,,,,,,,,,
3361,1807.9,4196.27,4907.77,476.18,257.81,-134.17,-3757.68,-28735.42,1593.69,17113.05,-5732.44,178.47,-2274.59,-5553.97,-7828.56,,,,,,,,,
3371,1819.3,4162.56,4938.95,471.44,256.73,-103.73,-3813.13,-28674.61,1590.06,17102.28,-5698.31,174.62,-2250.16,-5523.68,-7773.84,,,,,,,,,
3381,1755.31,4210.13,4928.07,475.12,277.94,-116.02,-3754.84,-28729.45,1594.27,17138.66,-5740.5,177.17,-2220.81,-5563.33,-7784.13,,,,,,,,,
3391,1754.55,4237.14,4978.71,475.49,275.15,-132.89,-3761.26,-28815.87,1615.93,17156.44,-5655.16,175.54,-2216.62,-5479.62,-7696.24,,,,,,,,,
3401,1767.13,4261.57,5005.47,474.46,273.87,-126.53,-3779.58,-28812.3,1600.79,17250.36,-5684.7,176.35,-2084.76,-5508.35,-7593.11,,,,,,,,,
3411,1816.71,4153.29,4976.74,475.09,252.88,-119.92,-3792.96,-28801.66,1608.95,17170.74,-5689.78,176.29,-2260.15,-5513.49,-7773.64,,,,,,,,,
3421,1768.49,4201.57,4977.74,473.67,263.74,-142.38,-3783.97,-28903.55,1589.48,17268.12,-5675.09,176.54,-2287.1,-5498.55,-7785.65,,,,,,,,,
3431,1802.77,4163.61,4940.66,480.63,281.29,-116.83,-3774.86,-28728.98,1566.32,17202.27,-5760.75,177.62,-2183.11,-5583.13,-7766.24,,,,,,,,,
3441,1790.87,4196.44,4913.54,458.68,273.23,-139.79,-3749.1,-28861.51,1581.71,17269.39,-5675.01,178.2,-2266.54,-5496.8,-7763.34,,,,,,,,,
3451,1830.84,4267.25,4967.5,478.87,269.57,-115.88,-3745.67,-28659.36,1540.5,17145.19,-5806.18,179.93,-2021.2,-5626.25,-7647.45,,,,,,,,,
3461,1769.75,4225.2,4948.85,473.48,275.34,-117.6,-3829.73,-28675.78,1603.77,17164.75,-5759.61,175.73,-2161.97,-5583.89,-7745.86,,,,,,,,,
3471,1858.23,4250.96,4973.57,483.4,268.69,-115.36,-3803.64,-28687.02,1597.71,17136.59,-5760.16,174.47,-2036.86,-5585.69,-7622.55,,,,,,,,,
3481,1836.25,4220.75,4974.04,471.87,266.98,-100.49,-3807.31,-28669.66,1602.61,17158.01,-5719.88,167.73,-2046.95,-5552.15,-7599.1,,,,,,,,,
3491,1844.3,4187.96,4916.19,484.93,286.1,-116,-3792.33,-28819.49,1591.23,17241.87,-5707.5,173.4,-2175.24,-5534.09,-7709.33,,,,,,,,,
3501,1771.34,4218.63,4919.15,498.77,267.81,-110.83,-3778.38,-28911.85,1634.87,17349.88,-5672.94,174.65,-2140.61,-5498.28,-7638.9,,,,,,,,,
3511,1807.25,4279.45,4957.04,487.74,278.38,-106.1,-3762.41,-28625.04,1630.79,17036.79,-5822.4,176.15,-2016.11,-5646.26,-7662.37,,,,,,,,,
3521,1763.21,4206.17,4916.12,472.04,287.15,-112.64,-3812.79,-28720.43,1583.71,17177.22,-5773.78,172.87,-2240.24,-5600.9,-7841.15,,,,,,,,,
3531,1888.84,4262.52,4955.69,488.82,280.65,-133.16,-3825.95,-28637.85,1569.32,17038.83,-5755.95,171.87,-2112.29,-5584.08,-7696.37,,,,,,,,,
3541,1764.03,4139.47,4967.27,470.91,292.52,-124.37,-3759.03,-28729.49,1621.56,17242.16,-5777.76,175.33,-2114.96,-5602.44,-7717.4,,,,,,,,,
3551,1806.36,4247.51,4963.97,484.74,266.09,-139.36,-3743.39,-28897.33,1619.17,17214.77,-5649.52,174.52,-2177.46,-5475,-7652.46,,,,,,,,,
3561,1771.54,4318.97,4990.25,479.44,262.66,-142.3,-3828.56,-28685.27,1598.81,17091.38,-5678.58,174.73,-2143.09,-5503.84,-7646.93,,,,,,,,,
3571,1850.17,4153.44,4908.26,464.17,275.4,-109.8,-3776.39,-28769.18,1596.92,17130.74,-5705.96,173.05,-2276.27,-5532.91,-7809.17,,,,,,,,,
3581,1876.7,4228.73,4969.45,487.73,274.08,-125.44,-3818.74,-28682.57,1562.72,17143.93,-5739.68,175.34,-2083.4,-5564.34,-7647.75,,,,,,,,,
3591,1856.47,4177.57,4949.14,475.18,257.24,-126.22,-3769.31,-28868.65,1614.51,17283.49,-5705.46,173.94,-2150.56,-5531.53,-7682.09,,,,,,,,,
3601,1786.06,4226.2,4988.56,476.18,292.33,-127.64,-3796.31,-28711.28,1577.27,17120.54,-5761.6,172.66,-2168.09,-5588.94,-7757.03,,,,,,,,,
3611,1830.82,4259.97,4984.4,488.75,270.23,-130.37,-3846.6,-28713.22,1583.67,17108.46,-5666.56,171.84,-2163.89,-5494.72,-7658.61,,,,,,,,,
3621,1805.57,4291.71,4933.79,493.49,260.85,-117.9,-3804.37,-28639.38,1632.56,17147.14,-5765.54,175.14,-1996.55,-5590.4,-7586.95,,,,,,,,,
3631,1775.61,4255.85,4978.53,483.62,270.37,-99.87,-3787.14,-28757.07,1609.85,17145.41,-5698.16,172.92,-2124.84,-5525.24,-7650.08,,,,,,,,,
3641,1795.39,4213.38,4976.01,477.15,273.63,-132.49,-3722.15,-28846.09,1614.3,17140.77,-5626.56,174.64,-2210.1,-5451.92,-7662.01,,,,,,,,,
3651,1863.8,4147.78,4916.77,473.29,260.32,-114.4,-3769.73,-28824.13,1604.76,17132.96,-5637.1,171.41,-2308.61,-5465.69,-7774.3,,,,,,,,,
3661,1794.46,4220.69,4948.9,472.78,266.31,-117.6,-3774.2,-28759.61,1649.21,17152.21,-5714.21,173.46,-2146.84,-5540.75,-7687.59,,,,,,,,,
3671,1779.95,4211.63,4954.7,482.38,282.29,-139.53,-3846.57,-28707.65,1610.95,17130.83,-5694.54,171.96,-2241.02,-5522.58,-7763.6,,,,,,,,,
3681,1743.89,4254.45,4921.34,470.34,280.07,-125.5,-3824.77,-28652.32,1588.84,17124.27,-5767.57,173.37,-2219.39,-5594.2,-7813.59,,,,,,,,,
3691,1761.6,4245.61,4990.57,489.31,264.67,-122.18,-3739.57,-28590.97,1614.52,16989.86,-5761.57,175.73,-2096.6,-5585.84,-7682.43,,,,,,,,,
3701,1795.55,4229.41,4959.76,469.82,258.33,-99.89,-3863.08,-28857.74,1567.09,17259.42,-5708.36,170.35,-2281.32,-5538,-7819.32,,,,,,,,,
3711,1758.38,4353.89,4922.76,495.94,276.76,-114.91,-3821.68,-28747.92,1613.72,17075.06,-5653.37,168.73,-2188,-5484.64,-7672.64,,,,,,,,,
3721,1816.34,4311.58,4982.35,470.65,270.85,-125.96,-3829.81,-28726.85,1573.93,17088.34,-5684.12,172.26,-2168.58,-5511.86,-7680.44,,,,,,,,,
3731,1800.56,4250.94,4940.66,466,258.34,-129.6,-3776.53,-28775.94,1605.34,17166.68,-5707.31,173.48,-2193.56,-5533.82,-7727.39,,,,,,,,,
3741,1740.9,4217.16,4929.48,484.64,254.94,-132.08,-3791.81,-28733.06,1625.77,17240.25,-5732.89,173.46,-2163.81,-5559.43,-7723.24,,,,,,,,,
3751,1790.46,4209.31,5002.57,464.57,280.22,-121.48,-3736.42,-28661.43,1605.3,17127.6,-5799.12,176.24,-2039.31,-5622.88,-7662.19,,,,,,,,,
3761,1727.43,4274.39,4942.68,481.15,270.88,-126.29,-3838.29,-28747.99,1614.67,17147.9,-5696.66,170.59,-2253.46,-5526.07,-7779.53,,,,,,,,,
3771,1839.1,4245.79,5020.31,475.56,285.94,-131.91,-3802.81,-28742.48,1579.69,16994.11,-5668.97,174.21,-2236.7,-5494.76,-7731.46,,,,,,,,,
3781,1807.84,4355.03,4919.99,480.7,259.82,-119.39,-3775.46,-28736.98,1590.51,17137.05,-5747.63,172.5,-2080.89,-5575.14,-7656.02,,,,,,,,,
3791,1757.36,4256.07,4980.82,470.65,284.86,-124.45,-3804.34,-28710.88,1567.1,17112.86,-5723.68,174.09,-2209.94,-5549.58,-7759.52,,,,,,,,,
3801,1834.86,4245.12,4993.05,472.18,284.81,-129.21,-3771.56,-28719.81,1616.53,17109.52,-5728.21,175.84,-2064.51,-5552.37,-7616.88,,,,,,,,,
3811,1776.11,4264.19,4898.32,482.93,256.15,-117.93,-3775.37,-28644.53,1592.64,17197.24,-5793.19,171.36,-2070.27,-5621.83,-7692.1,,,,,,,,,
3821,1810.39,4261.08,4942.57,476.58,263.13,-105.89,-3777.78,-28726.25,1579.77,17182.89,-5783.02,172.57,-2093.51,-5610.45,-7703.96,,,,,,,,,
3831,1758.65,4236.36,4927.5,474.19,252.53,-118.84,-3791.2,-28810.23,1636.4,17202.78,-5682.11,172.91,-2231.87,-5509.2,-7741.07,,,,,,,,,
3841,1795.27,4261.4,4968.9,464.84,257.52,-145.01,-3753.48,-28768.92,1585.54,17155.33,-5672.44,173.47,-2178.61,-5498.98,-7677.59,,,,,,,,,
3851,1805.44,4203.75,4944.18,471.87,284.02,-131.97,-3785.92,-28772.2,1591.81,17081.3,-5652.78,171.88,-2307.71,-5480.9,-7788.61,,,,,,,,,
3861,1814.17,4265.89,4952.96,473.91,284.43,-117.78,-3765.4,-28729.13,1604.42,17075.67,-5670.59,172.85,-2140.86,-5497.74,-7638.6,,,,,,,,,
3871,1741.46,4264.72,4950.62,469.23,276.19,-115.51,-3756.21,-28705.89,1586.9,17109.26,-5694.53,174.02,-2179.22,-5520.51,-7699.73,,,,,,,,,
3881,1868.27,4346.48,4903.71,489.47,270.49,-105.89,-3802.09,-28630.23,1559.37,17057.58,-5750.55,171.93,-2042.84,-5578.62,-7621.46,,,,,,,,,
3891,1820.56,4228.78,4957.12,476.61,270.85,-113.48,-3802.21,-28649.16,1622.53,17119.12,-5749.99,167.7,-2069.29,-5582.29,-7651.58,,,,,,,,,
3901,1786.13,4195.66,4940.85,485.11,278.82,-108.83,-3782.97,-28585.39,1601.08,17121.06,-5834.7,170.05,-2068.5,-5664.66,-7733.15,,,,,,,,,
3911,1787.18,4308.24,4951.68,486.89,252.08,-121.56,-3795.11,-28608.46,1602.65,17059.52,-5751.92,173.16,-2076.89,-5578.76,-7655.65,,,,,,,,,
3921,1831.06,4209.42,4975.1,490.84,269.14,-116.29,-3807.87,-28738.95,1609.51,17108.08,-5687.94,172.97,-2169.95,-5514.97,-7684.92,,,,,,,,,
3931,1786.38,4255.15,4935.02,476.54,263.31,-134.75,-3803.67,-28707.12,1593.9,17157.03,-5715.01,169.28,-2178.2,-5545.73,-7723.93,,,,,,,,,
3941,1837.72,4211.05,4967.94,479.51,300.65,-129.61,-3774.07,-28738.02,1592,17168.75,-5764.58,175.05,-2084.08,-5589.53,-7673.61,,,,,,,,,
3951,1840.15,4134.52,4936.62,478.68,265.71,-126.59,-3720.06,-28642.88,1629.23,17223.38,-5869.78,177.28,-1981.24,-5692.51,-7673.75,,,,,,,,,
3961,1884.99,4292.97,4982.31,483.97,270.01,-110.49,-3787.08,-28788.71,1562.26,17172.13,-5721.64,170.63,-2037.63,-5551.01,-7588.64,,,,,,,,,
3971,1789.09,4249.82,4949.68,475.57,272.32,-139.91,-3801.62,-28769.34,1572.58,17199.54,-5752.27,171.61,-2202.26,-5580.65,-7782.92,,,,,,,,,
3981,1787.03,4199.04,4928.67,473.78,282.77,-105.09,-3784.96,-28761.7,1624.2,17150.74,-5729.37,172.43,-2205.53,-5556.94,-7762.47,,,,,,,,,
3991,1860.11,4168.31,4989.88,479.6,253.05,-127.39,-3813.55,-28707.78,1592.29,17140.52,-5726.32,175.16,-2164.96,-5551.16,-7716.12,,,,,,,,,
4001,1815.46,4240.59,4962.56,485.91,265.79,-125.8,-3800.86,-28884.47,1586.66,17104.02,-5614.91,174.21,-2350.16,-5440.7,-7790.86,,,,,,,,,
4011,1802.98,4173.55,4976.68,479.4,260.95,-131.54,-3804.99,-28755.2,1590.57,17143.03,-5661.71,175.63,-2264.57,-5486.08,-7750.65,,,,,,,,,
4021,1771.87,4262.35,4975.97,469.59,275.78,-113.53,-3843.6,-28805.75,1607.19,17174.69,-5613.32,171.16,-2225.44,-5442.15,-7667.6,,,,,,,,,
4031,1743.59,4195.52,4955.58,475.48,272.71,-140.34,-3782.53,-28782.07,1612.59,17268.88,-5708.19,173.05,-2180.6,-5535.14,-7715.74,,,,,,,,,
4041,1765.73,4273.39,4946.5,481.79,260.12,-101.96,-3844.58,-28720.35,1568.02,17191.76,-5743.27,172.44,-2179.59,-5570.83,-7750.42,,,,,,,,,
4051,1835.84,4208.59,4976.96,469.28,266.87,-133.87,-3805.62,-28788.21,1603.49,17177.09,-5713.99,172.55,-2189.6,-5541.44,-7731.03,,,,,,,,,
4061,1807.05,4178.39,4938.54,468.02,272.79,-94,-3805.64,-28787.34,1589.84,17221.75,-5696.72,172.24,-2210.6,-5524.48,-7735.08,,,,,,,,,
4071,1786.08,4226.57,4963.77,480.15,275.28,-120.11,-3780.79,-28799.59,1577.71,17204.07,-5679.49,173.05,-2186.86,-5506.44,-7693.3,,,,,,,,,
4081,1762.96,4208.28,4930.02,456.53,253.81,-133.6,-3757.68,-28752.04,1597.86,17131.84,-5662.65,176.43,-2302.02,-5486.22,-7788.24,,,,,,,,,
4091,1793.61,4159.74,4992.22,468.17,258.23,-139.11,-3740.65,-28681.69,1630.72,17129.58,-5759.58,173.73,-2129.18,-5585.85,-7715.03,,,,,,,,,
4101,1876.81,4171.99,4915.5,485.1,271.54,-140.38,-3756.14,-28758.29,1575.61,17182.71,-5673.21,176.47,-2175.55,-5496.74,-7672.29,,,,,,,,,
4111,1748.38,4260.48,4919.69,485.42,270.87,-137.18,-3778.91,-28795.23,1567.04,17194.45,-5695.53,178.59,-2264.98,-5516.94,-7781.92,,,,,,,,,
4121,1783.89,4190.31,4944.83,492.11,267.51,-121.4,-3791.38,-28708.61,1597.96,17160.14,-5674.77,172.16,-2184.63,-5502.61,-7687.24,,,,,,,,,
4131,1834.69,4166.43,4924.72,486.76,285.65,-142.2,-3808.02,-28743.26,1626.35,17164.07,-5665.93,175.24,-2204.82,-5490.69,-7695.51,,,,,,,,,
4141,1828.83,4200.44,4968.3,471.9,287.66,-152.34,-3744.63,-28715.65,1585.21,17182.09,-5745.21,177.74,-2088.18,-5567.47,-7655.65,,,,,,,,,
4151,1802.32,4163.07,4939.82,472.52,248.97,-132.94,-3788.04,-28796.87,1620.87,17230.17,-5712.87,173.24,-2240.1,-5539.64,-7779.74,,,,,,,,,
4161,1844.32,4211.41,4972.7,473.65,276.15,-129.56,-3765.29,-28637.27,1589.85,17152.35,-5824.54,175.92,-2011.69,-5648.62,-7660.32,,,,,,,,,
4171,1809.23,4187.53,4924.41,469.25,252.46,-125.44,-3800.09,-28722.43,1582.52,17236.35,-5773.39,175.08,-2186.22,-5598.31,-7784.53,,,,,,,,,
4181,1847.48,4247.93,4944.49,494.28,257.22,-158.45,-3747.72,-28639.33,1610.69,17172.3,-5822.29,176.39,-1971.11,-5645.91,-7617.01,,,,,,,,,
4191,1882.35,4170.06,4951.57,476.64,267.93,-134.72,-3784.95,-28823.69,1562.51,17170.46,-5696.4,172.76,-2261.85,-5523.63,-7785.48,,,,,,,,,
4201,1804.22,4254.83,4985.24,480.49,283.72,-107.48,-3792.12,-28553.93,1626.49,17072.49,-5790.2,176.72,-1946.05,-5613.48,-7559.53,,,,,,,,,
4211,1867.15,4269.93,4931.01,478.67,264.88,-131.89,-3808.61,-28597.62,1574.59,17048.59,-5769.67,173.16,-2103.29,-5596.51,-7699.81,,,,,,,,,
4221,1831.66,4292.76,4984.71,481.04,254.23,-122.88,-3777.43,-28748.28,1603.53,17113.81,-5685.3,174.09,-2086.85,-5511.21,-7598.06,,,,,,,,,
4231,1824.42,4273.42,4899.77,482.53,262.87,-125.05,-3767.94,-28675.28,1584.95,17134.77,-5765.59,173.96,-2105.53,-5591.64,-7697.16,,,,,,,,,
4241,1764.15,4222.66,4971.32,474.86,276.14,-132.28,-3791.76,-28592.27,1610.55,17171.04,-5820,173.05,-2025.6,-5646.95,-7672.55,,,,,,,,,
4251,1785.53,4204.08,4962.62,478.22,248.3,-119.86,-3771.69,-28693.98,1581.52,17217.69,-5778.93,174.97,-2107.57,-5603.95,-7711.52,,,,,,,,,
4261,1803.6,4093.3,4972.32,457.14,270.98,-121.22,-3808.53,-28680.32,1619.49,17206.08,-5794.85,176.19,-2187.15,-5618.66,-7805.81,,,,,,,,,
4271,1787.64,4125.98,4925.39,466.61,275.92,-132.5,-3764.46,-28578.19,1612.71,17260.48,-5910.1,178.77,-2020.41,-5731.32,-7751.73,,,,,,,,,
4281,1787.03,4248.66,4963.67,482.69,275.91,-130.42,-3771.27,-28523.56,1566.96,17185.32,-5928.99,174.83,-1915.01,-5754.17,-7669.18,,,,,,,,,
4291,1795.71,4214.71,4909.4,494.79,265.57,-133.99,-3799.78,-28644.7,1561.54,17146.31,-5825.17,175.72,-2190.43,-5649.45,-7839.88,,,,,,,,,
4301,1819.89,4209.55,5017.64,486.95,271.8,-107.73,-3796.33,-28661.09,1623.54,17147.4,-5767.91,176.08,-1988.39,-5591.83,-7580.22,,,,,,,,,
4311,1795.56,4166.72,4925.47,480.91,259.02,-94.77,-3746.08,-28597.78,1631.24,17113.24,-5809.75,175.95,-2066.45,-5633.8,-7700.25,,,,,,,,,
4321,1804.49,4249.29,4948.94,489.19,255.69,-124.19,-3766.13,-28671.38,1580.41,17142.37,-5741.24,175.46,-2091.3,-5565.78,-7657.08,,,,,,,,,
4331,1839.9,4219.97,4944.11,494.68,268.44,-99.2,-3779.1,-28769.51,1628.21,17203.07,-5771.25,172.29,-2049.43,-5598.97,-7648.39,,,,,,,,,
4341,1791.71,4277.57,4933.58,483.1,269.55,-123.5,-3812.22,-28732.95,1585,17105.15,-5685.4,173.84,-2223.02,-5511.56,-7734.59,,,,,,,,,
4351,1792.58,4273.52,4929.68,494.13,254.88,-85.5,-3813.2,-28633.22,1558.61,17065.08,-5747.55,173.01,-2163.43,-5574.54,-7737.97,,,,,,,,,
4361,1868.97,4213.91,4900.54,473.43,265.35,-114.15,-3768.42,-28823.54,1575.28,17092.9,-5613.48,169.73,-2315.72,-5443.75,-7759.47,,,,,,,,,
4371,1803.06,4285.77,4965.36,487.33,270.63,-121.34,-3865.07,-28617.21,1618.96,17112.01,-5716.46,173.15,-2060.49,-5543.32,-7603.81,,,,,,,,,
4381,1837.12,4186.26,4954.3,482.18,270.92,-137.09,-3760.8,-28699.94,1609.91,17142.09,-5736.71,175.15,-2115.07,-5561.56,-7676.63,,,,,,,,,
4391,1800.39,4204.38,4922.71,476.12,267.66,-103.89,-3817.21,-28836.27,1604.31,17271.32,-5641.53,171.04,-2210.47,-5470.49,-7680.96,,,,,,,,,
4401,1805.3,4153.12,4905.92,479.61,272.91,-105.32,-3807.72,-28821.38,1572.18,17221.34,-5662.74,172.87,-2324.05,-5489.88,-7813.92,,,,,,,,,
4411,1860.07,4192.13,4997.14,485.41,260.54,-86.35,-3826.63,-28714.82,1578.56,17174.59,-5716.6,170.14,-2079.36,-5546.47,-7625.83,,,,,,,,,
4421,1834.82,4287.52,4971.97,479.02,275.89,-139.58,-3806.01,-28931.71,1604.29,17228.16,-5572.99,170.41,-2195.62,-5402.58,-7598.2,,,,,,,,,
4431,1808.08,4186.3,4977.86,472.38,276.55,-128.58,-3802.35,-28892.1,1580.26,17278.95,-5622.08,171.65,-2242.64,-5450.43,-7693.07,,,,,,,,,
4441,1767.07,4183.36,4956.12,469.71,277.23,-119.05,-3795.99,-28838.95,1588.58,17306.44,-5691.31,173.65,-2205.49,-5517.66,-7723.15,,,,,,,,,
4451,1805.17,4155.86,4975.79,476.08,250.14,-113.68,-3815.36,-28688.87,1599.93,17123.53,-5771.47,171.79,-2231.42,-5599.69,-7831.1,,,,,,,,,
4461,1825.11,4276.9,4947.21,491.69,283.88,-117.23,-3819.33,-28683.81,1602.08,17210.57,-5771.35,173.51,-1982.96,-5597.84,-7580.79,,,,,,,,,
4471,1835.92,4144.08,4962.59,463.41,271.21,-100.21,-3840.57,-28711.28,1607.75,17222.53,-5710.35,169.14,-2144.58,-5541.22,-7685.8,,,,,,,,,
4481,1820.85,4331.59,4931.37,483.82,263.86,-132.89,-3831.11,-28796.32,1587.18,17170.72,-5678.32,169.18,-2170.93,-5509.14,-7680.07,,,,,,,,,
4491,1848.63,4160.59,4923.89,469.57,270.13,-132.54,-3776.65,-28790.63,1589.16,17195.72,-5687.64,172.17,-2242.13,-5515.47,-7757.6,,,,,,,,,
4501,1752.48,4188.11,4931.47,483.18,256.18,-121.59,-3833.22,-28763.2,1614.72,17192.95,-5664.53,168,-2298.91,-5496.53,-7795.44,,,,,,,,,
4511,1829.87,4239.21,4985.03,482.07,269.66,-121.43,-3786.62,-28641.52,1598.75,17029.14,-5736.73,170.16,-2115.84,-5566.57,-7682.4,,,,,,,,,
4521,1774.5,4282.27,4961.63,481.82,261.8,-105.09,-3784.99,-28881.2,1564.8,17118.21,-5548.02,171.8,-2326.25,-5376.21,-7702.46,,,,,,,,,
4531,1810.12,4243.71,4956.15,475.78,283.99,-113.89,-3761.53,-28748.44,1590.72,17056.18,-5675.93,167.85,-2207.21,-5508.08,-7715.29,,,,,,,,,
4541,1806.69,4147.56,4966.82,490.68,250.14,-92.49,-3765.29,-28815.74,1600.29,17144.74,-5689.8,169.32,-2266.6,-5520.48,-7787.08,,,,,,,,,
4551,1777.72,4176.42,4905.12,487.32,262.16,-127.14,-3822.53,-28773.11,1616.9,17154.3,-5688.18,174.53,-2342.84,-5513.65,-7856.49,,,,,,,,,
4561,1850.01,4289.29,4889.84,483.41,270.74,-123.01,-3827.15,-28810.37,1558.23,17166.21,-5654.86,170.56,-2252.82,-5484.31,-7737.13,,,,,,,,,
4571,1818.59,4244.83,4945.66,480.12,272.01,-130.38,-3865.38,-28755.89,1593.9,17122.71,-5645.47,168.77,-2273.83,-5476.7,-7750.53,,,,,,,,,
4581,1724.16,4156.1,4973.61,469.79,284.26,-122.27,-3788.89,-28810.06,1595.7,17240.61,-5673.39,169.8,-2276.99,-5503.59,-7780.58,,,,,,,,,
4591,1842,4279.52,4918.56,471.25,264.45,-130.76,-3789.37,-28855.01,1579.93,17105.17,-5596.75,168.49,-2314.26,-5428.26,-7742.52,,,,,,,,,
4601,1811.55,4268.99,4979.75,472.57,274.65,-100.82,-3826.04,-28886.91,1575.97,17172.28,-5591.5,170.02,-2258.02,-5421.47,-7679.5,,,,,,,,,
4611,1831.6,4248.77,4963.57,462.48,274.21,-90.6,-3855.14,-28801.86,1614.86,17215,-5662.42,169.79,-2137.11,-5492.62,-7629.73,,,,,,,,,
4621,1771.53,4242.27,4939.56,469.73,256.58,-121.57,-3773.88,-28917.29,1592.23,17231.32,-5606.64,168.53,-2309.51,-5438.11,-7747.62,,,,,,,,,
4631,1844.74,4280.32,4915.5,485.09,263.03,-106.75,-3784.24,-28784.81,1562.87,17108.17,-5662.93,171.99,-2216.09,-5490.93,-7707.02,,,,,,,,,
4641,1792.45,4241.77,4959.85,483.89,266.28,-115.2,-3781.61,-28989.35,1626.85,17220.45,-5535.2,168.8,-2294.63,-5366.4,-7661.03,,,,,,,,,
4651,1859.86,4212.07,4963.19,490.48,273.75,-115.81,-3814.54,-28798.77,1570.91,17159.54,-5632.55,171.43,-2199.31,-5461.13,-7660.44,,,,,,,,,
4661,1769.13,4205.72,4982.32,472.56,270.72,-143.73,-3819.47,-28763.13,1585.99,17250.33,-5751.76,171.39,-2189.56,-5580.36,-7769.92,,,,,,,,,
4671,1824.97,4244.59,4962.29,476.18,265.44,-122.61,-3795.38,-28721.91,1576.65,17217.36,-5783.91,173.76,-2072.41,-5610.14,-7682.55,,,,,,,,,
4681,1721.7,4235.97,4939.84,489.37,265.49,-104.44,-3789.33,-28816.07,1616.23,17208.02,-5680.74,172.12,-2233.22,-5508.63,-7741.85,,,,,,,,,
4691,1738.62,4289.52,4969.23,466.22,291.93,-133.23,-3831.07,-29039.67,1615.24,17366.62,-5575.76,166.52,-2266.6,-5409.24,-7675.83,,,,,,,,,
4701,1850.66,4215.48,5007.96,494.51,268.84,-153.66,-3865.25,-28896.41,1574.49,17242.67,-5607.66,170.02,-2260.69,-5437.64,-7698.33,,,,,,,,,
4711,1827.13,4257.11,4928.33,486.96,278.32,-123.97,-3785.2,-28803.92,1607.25,17249.74,-5725.99,172.78,-2078.26,-5553.2,-7631.46,,,,,,,,,
4721,1821.88,4148.95,4963.09,476.47,261.36,-123.07,-3813.98,-28841.2,1578.6,17182.19,-5636.79,170.98,-2345.72,-5465.81,-7811.53,,,,,,,,,
4731,1838.8,4222.99,4887.01,459.55,269.82,-113.14,-3829.31,-28847.66,1549.93,17208.01,-5615.86,171.52,-2353.99,-5444.34,-7798.33,,,,,,,,,
4741,1804.82,4272.15,4882.96,476.57,289.22,-98.34,-3820.97,-28878.31,1585.75,17172.61,-5582.33,170.55,-2313.54,-5411.79,-7725.33,,,,,,,,,
4751,1847.66,4291.16,4946.81,486.78,256.94,-126.53,-3813.12,-28868,1603.39,17166.32,-5621.93,170.06,-2208.59,-5451.88,-7660.47,,,,,,,,,
4761,1816.72,4182.89,5028.11,471.21,279.34,-114.69,-3845.58,-28743.4,1606.34,17262.05,-5788.86,173.33,-2057.02,-5615.53,-7672.55,,,,,,,,,
4771,1845.91,4287.86,4949.24,476.08,273.27,-145.02,-3826.01,-28925.58,1585.69,17210.63,-5594,167.09,-2267.92,-5426.91,-7694.83,,,,,,,,,
4781,1776.81,4302.88,4939.38,472.88,271.39,-104.39,-3821.22,-28770.04,1554.61,17095.51,-5616.13,172.99,-2282.18,-5443.14,-7725.32,,,,,,,,,
4791,1794.86,4315.93,4956.38,481.81,275.08,-149.19,-3745.75,-28764.22,1579.65,17161.7,-5682.64,171,-2093.76,-5511.65,-7605.41,,,,,,,,,
4801,1831.21,4188.65,4951.28,492.85,269.45,-111.94,-3771.32,-28808.18,1586.24,17057.83,-5574.38,171.16,-2313.92,-5403.22,-7717.14,,,,,,,,,
4811,1802.42,4273.67,5009.26,475.33,286.49,-142.19,-3824.22,-28830.37,1584.4,17095.37,-5599.34,170.02,-2269.85,-5429.33,-7699.18,,,,,,,,,
4821,1804.66,4204.11,4946.53,476.48,283.7,-110.15,-3777.73,-28757.73,1592.08,17111.53,-5702.82,172.78,-2226.51,-5530.04,-7756.55,,,,,,,,,
4831,1848.51,4231.5,4986.35,474.27,278.61,-133.83,-3798.81,-28864.54,1590.83,17136.36,-5583.44,168.69,-2250.76,-5414.75,-7665.51,,,,,,,,,
4841,1757.69,4266.36,4937.8,470.1,272.35,-141.79,-3859.01,-28767.06,1598.27,17171.37,-5657.43,164.84,-2293.92,-5492.58,-7786.51,,,,,,,,,
4851,1811.32,4197.23,4968.15,474.7,272.94,-128.48,-3838.2,-28879.49,1601.75,17187.8,-5603.4,166.89,-2332.28,-5436.51,-7768.79,,,,,,,,,
4861,1864,4249.08,4971.99,494.59,280.38,-124.68,-3743.81,-28823.04,1590.32,17120.29,-5618.69,172.78,-2120.88,-5445.91,-7566.79,,,,,,,,,
4871,1843.68,4263.36,4968.17,481.48,268.99,-138.96,-3794.92,-28922.45,1548.49,17132.02,-5550.11,170.91,-2350.14,-5379.2,-7729.34,,,,,,,,,
4881,1832.89,4271.67,4959.57,479.8,257.67,-127.19,-3817.61,-28872.71,1589.02,17155.58,-5594.58,170.84,-2271.31,-5423.74,-7695.05,,,,,,,,,
4891,1828.13,4244.31,4967.21,492.26,277.01,-116.17,-3817.45,-28923.68,1576.98,17013.41,-5485.15,167.03,-2457.99,-5318.13,-7776.12,,,,,,,,,
4901,1793.89,4141.55,4972.48,479.26,291.34,-124.33,-3772.36,-28838.7,1620.62,17106.78,-5598.99,170.16,-2329.49,-5428.83,-7758.32,,,,,,,,,
4911,1800.29,4228.7,4952.13,480.28,279.25,-162.18,-3778.95,-28770.9,1587.78,17103.6,-5663.22,173.87,-2279.99,-5489.36,-7769.35,,,,,,,,,
4921,1806.02,4288.07,4951.63,486.51,252.84,-157.8,-3748.46,-28912.95,1581.32,17101.97,-5550.67,173.12,-2350.84,-5377.55,-7728.39,,,,,,,,,
4931,1800.36,4201.74,4961.48,466.95,251.22,-127.4,-3794.42,-28823.88,1570.65,17185.06,-5681.37,174.01,-2308.22,-5507.37,-7815.59,,,,,,,,,
4941,1765.51,4287.8,4926.55,476.79,269.24,-109.18,-3802.51,-28744.79,1614.41,17102.12,-5658.04,169.7,-2214.06,-5488.34,-7702.41,,,,,,,,,
4951,1791.36,4326.4,4926.41,483.39,251.9,-139.91,-3755.68,-28865.43,1606.76,17235.21,-5661.07,172.13,-2139.6,-5488.94,-7628.54,,,,,,,,,
4961,1762.87,4166.74,4966.36,470.89,265.08,-130.56,-3807.86,-28979.21,1615.47,17204.21,-5541.38,169.08,-2466.01,-5372.3,-7838.31,,,,,,,,,
4971,1818.09,4211.05,4948.94,489.64,258.96,-90.18,-3844.49,-28876.32,1625.77,17164.56,-5600.7,171.4,-2293.98,-5429.3,-7723.28,,,,,,,,,
4981,1882.44,4266.4,4964.11,476.67,276.58,-115.9,-3745.11,-28807.92,1632.28,17082.26,-5624.83,172.11,-2088.2,-5452.72,-7540.91,,,,,,,,,
4991,1766.53,4206.45,4965.56,464.68,273.45,-161.43,-3811.08,-28728.66,1606.21,17135.5,-5689.79,171.77,-2282.81,-5518.02,-7800.83,,,,,,,,,
5001,1822.82,4233.34,4974.91,486.26,259.83,-120.99,-3792.2,-28733.15,1593.07,17183.04,-5746.47,172.8,-2093.06,-5573.68,-7666.74,,,,,,,,,
5011,1842.97,4222.91,4906.04,481.57,277.54,-113.39,-3765.32,-28871.57,1583.34,17193.44,-5648.97,172.82,-2242.48,-5476.15,-7718.63,,,,,,,,,
5021,1795.1,4217.78,4951.63,489.45,289.88,-134.56,-3798.58,-28656.3,1621.48,17208.73,-5829.05,173.8,-2015.38,-5655.26,-7670.64,,,,,,,,,
5031,1793.61,4274.56,4921.77,480.67,278.17,-131.22,-3792.33,-28788.17,1619.22,17153.34,-5689.77,171.99,-2190.37,-5517.78,-7708.15,,,,,,,,,
5041,1751.97,4252.41,4927.9,481.57,278.01,-116.23,-3826.05,-28885.47,1624.19,17219.57,-5620.2,169.85,-2292.13,-5450.36,-7742.48,,,,,,,,,
5051,1812.26,4248.01,4934.52,474.82,266.12,-138.82,-3709.52,-28860.8,1564.6,17206.93,-5726.97,171.33,-2201.87,-5555.64,-7757.51,,,,,,,,,
5061,1787.14,4163.22,4942.38,477.26,285.46,-156.57,-3762.99,-28899.64,1613.33,17326.97,-5700.32,174.85,-2223.45,-5525.47,-7748.91,,,,,,,,,
5071,1750.76,4266.16,4977.2,483.32,267.61,-126.46,-3793.75,-28845.16,1614.23,17194.89,-5666.41,171.81,-2211.2,-5494.61,-7705.8,,,,,,,,,
5081,1853.91,4207.72,4947.03,468.04,246.55,-125.17,-3846.9,-28798.38,1572.65,17060.41,-5609.84,171.47,-2414.13,-5438.38,-7852.5,,,,,,,,,
5091,1785.43,4295.81,4902.43,479.74,258.76,-95.07,-3869.54,-28745.21,1587.23,17210.28,-5691.36,167.75,-2190.13,-5523.61,-7713.74,,,,,,,,,
5101,1802.91,4311.62,4948.55,488.2,275.15,-117.95,-3839.06,-28797.4,1601.63,17060.7,-5558.94,170.25,-2265.64,-5388.7,-7654.34,,,,,,,,,
5111,1808.02,4262.13,4960.68,467.2,267.89,-129.43,-3779.81,-28655.89,1588.42,17155.46,-5795.54,174.83,-2055.34,-5620.72,-7676.06,,,,,,,,,
5121,1805.03,4209.95,4873.25,469.96,259.04,-113.26,-3810.65,-28571.21,1584.36,17125.9,-5832.11,177.96,-2167.62,-5654.15,-7821.78,,,,,,,,,
5131,1766.42,4241.42,4945.64,472.6,283.17,-121.84,-3809.34,-28809.85,1598.35,17117.38,-5637.05,169.65,-2316.05,-5467.4,-7783.45,,,,,,,,,
5141,1695.36,4271.39,4973.84,477.92,271.3,-92.7,-3839.6,-28698.46,1590.87,17180.88,-5756.03,170.48,-2169.2,-5585.56,-7754.75,,,,,,,,,
5151,1821.34,4258.77,4944.02,484.54,270.27,-128.16,-3825.11,-28703.17,1585.99,17157.28,-5730.38,172.53,-2134.24,-5557.84,-7692.09,,,,,,,,,
5161,1821.55,4274.07,4937.76,482.23,276.45,-133.7,-3826.35,-28671.3,1606.16,17138.88,-5762.51,171.02,-2094.26,-5591.49,-7685.75,,,,,,,,,
5171,1785.12,4152.21,4934.49,467.22,245.98,-123.07,-3839.54,-28611.88,1615.66,17192.94,-5789.48,172.98,-2180.85,-5616.5,-7797.35,,,,,,,,,
5181,1811,4278.24,4958.82,478.29,274.09,-134.89,-3792.1,-28660.09,1574.79,17068.88,-5729.41,171.8,-2142.96,-5557.6,-7700.57,,,,,,,,,
5191,1744.76,4205.53,4937.19,464.4,282.58,-95.45,-3858.04,-28706.04,1596.75,17101.83,-5649.87,168.48,-2326.48,-5481.39,-7807.87,,,,,,,,,
5201,1813.69,4318.17,4930.28,470.21,288.39,-119.64,-3824.66,-28805.87,1594.27,17213.52,-5671.73,168.39,-2121.64,-5503.34,-7624.98,,,,,,,,,
5211,1810.51,4225.57,4965.23,489.52,296.54,-125.61,-3841.12,-28846.31,1603.56,17153.27,-5604.39,167.04,-2268.85,-5437.35,-7706.2,,,,,,,,,
5221,1827.57,4234.47,4950.06,474.2,270.05,-146.73,-3859.24,-28807.35,1572.29,17134.1,-5584.92,168.11,-2350.58,-5416.81,-7767.4,,,,,,,,,
5231,1875.63,4351.91,4917.58,491.52,283.65,-112.69,-3828.99,-28704.51,1574.96,17101.72,-5705.94,173.53,-2049.22,-5532.41,-7581.63,,,,,,,,,
5241,1823.46,4224.03,4978.3,483.1,267.72,-128.22,-3842.25,-28710.82,1582.69,17057.92,-5658.45,170.01,-2264.06,-5488.44,-7752.5,,,,,,,,,
5251,1775.1,4188.83,4976.26,467.79,289.85,-130.98,-3772.42,-28734.37,1620.19,17139.74,-5711.05,174.32,-2180.02,-5536.73,-7716.75,,,,,,,,,
5261,1793.17,4168.34,4932.03,464.7,262.56,-134,-3853.1,-28853.33,1607.64,17206.99,-5614.65,169.28,-2405,-5445.37,-7850.37,,,,,,,,,
5271,1748.01,4251.27,4920.39,470.15,262.06,-114.43,-3803.03,-28752.19,1600.21,17052.94,-5666.81,167.15,-2364.62,-5499.66,-7864.28,,,,,,,,,
5281,1782.14,4250.71,4934.98,492.3,280.29,-116.81,-3779.14,-28791.3,1605.02,17147.22,-5645.59,168.61,-2194.56,-5476.98,-7671.54,,,,,,,,,
5291,1784.62,4343.72,4940.52,480.46,270.75,-128.62,-3777.76,-28759.94,1592.7,17162.54,-5736.42,171.51,-2091,-5564.91,-7655.91,,,,,,,,,
5301,1793.62,4231.75,4977.75,472.09,288.72,-139.66,-3773.75,-28960.36,1603.3,17239.24,-5568.46,171,-2267.32,-5397.46,-7664.78,,,,,,,,,
5311,1815.95,4275.08,4997.99,474.12,267.79,-121.39,-3807.05,-28797.84,1576.11,17144.63,-5634.68,171.42,-2174.62,-5463.25,-7637.87,,,,,,,,,
5321,1825.37,4308.81,4960.8,465.07,277.79,-121.13,-3765.24,-28652.86,1593.67,17026.86,-5719.14,173.58,-2080.85,-5545.55,-7626.4,,,,,,,,,
5331,1751.68,4155.36,4952.67,466.96,265.15,-151.09,-3812.75,-28610.45,1572.99,17209.04,-5822.4,171.64,-2200.45,-5650.76,-7851.21,,,,,,,,,
5341,1778.92,4279.34,4952.06,478.21,270.67,-121.83,-3800.8,-28656.2,1588.76,17135.4,-5766.68,172.72,-2095.47,-5593.97,-7689.44,,,,,,,,,
5351,1818.22,4244.53,4935.28,481.08,272.55,-126.59,-3850.65,-28511.34,1563.16,17122.72,-5859.72,172.28,-2051.03,-5687.44,-7738.47,,,,,,,,,
5361,1822.16,4257.71,4925.31,473.23,290.98,-119.73,-3829.8,-28760.44,1588.93,17154.71,-5662.72,168.18,-2196.94,-5494.54,-7691.47,,,,,,,,,
5371,1803.16,4183.94,5000.5,471.55,276.41,-115.12,-3753.39,-28693.54,1581.53,17137.51,-5751.34,173.51,-2107.44,-5577.83,-7685.27,,,,,,,,,
5381,1866.53,4199.16,4980.51,487.67,280.9,-116.02,-3808.84,-28616.68,1566.11,17097.22,-5782.87,168.93,-2063.45,-5613.94,-7677.39,,,,,,,,,
5391,1802.99,4223.27,4964.3,483.06,281.46,-112.83,-3801.81,-28780.94,1593.53,17215.04,-5701.58,171.95,-2131.94,-5529.63,-7661.57,,,,,,,,,
5401,1836.02,4260.69,4998.74,480.32,274.75,-137.05,-3829.38,-28597.22,1561.47,17085.31,-5770.05,171.69,-2066.35,-5598.36,-7664.7,,,,,,,,,
5411,1807.44,4208.45,4959.51,459.14,271.17,-124.24,-3750.41,-28613.92,1597.51,17172.63,-5850.1,177.12,-2012.74,-5672.97,-7685.71,,,,,,,,,
5421,1871.94,4251.03,4936.37,469.12,257.31,-155.85,-3800.93,-28568.16,1557.94,17129.05,-5842.15,173.7,-2052.18,-5668.45,-7720.63,,,,,,,,,
5431,1826.43,4230.54,4987.71,463.32,267.65,-142.85,-3789.7,-28674.74,1575.28,17199.88,-5815.13,174.74,-2056.47,-5640.39,-7696.85,,,,,,,,,
5441,1776.54,4238.05,4961.74,494.67,252.48,-139.61,-3818.03,-28816.95,1594.39,17184.55,-5719.92,173.13,-2272.17,-5546.79,-7818.97,,,,,,,,,
5451,1871,4187.34,4940.73,488.1,294.42,-159.37,-3779.98,-28786.84,1574.79,17167.06,-5731.21,172.73,-2202.75,-5558.48,-7761.22,,,,,,,,,
5461,1818.86,4326.28,4926.91,472.35,266.83,-108.2,-3825.47,-28876.96,1587.06,17194.81,-5629.9,173.58,-2217.53,-5456.32,-7673.85,,,,,,,,,
5471,1773.41,4213.73,4950.21,493.77,257.58,-91.68,-3802.77,-28899,1634.64,17286.85,-5689.81,172.34,-2183.26,-5517.47,-7700.73,,,,,,,,,
5481,1799.71,4180.92,4933.58,460.27,264.02,-98.15,-3808.69,-28859.73,1610.34,17217.98,-5642.07,168.34,-2299.75,-5473.73,-7773.48,,,,,,,,,
5491,1805.15,4252.69,4971.2,497.19,255.92,-113.95,-3746.42,-28736.96,1607.51,17218.46,-5764.29,174.14,-1989.21,-5590.15,-7579.36,,,,,,,,,
5501,1784.81,4251.93,4966,471.59,279.11,-124.18,-3821.68,-28732.46,1559.61,17224.88,-5737.88,173.91,-2140.38,-5563.96,-7704.35,,,,,,,,,
5511,1777.6,4167.42,4988.72,480.72,269.18,-122.37,-3813.38,-28783.86,1604.05,17260.69,-5738.1,170.45,-2171.25,-5567.65,-7738.9,,,,,,,,,
5521,1797.2,4201.3,4983.53,493.35,267.14,-146.13,-3818.75,-28942.21,1594.8,17159.63,-5567.47,170.02,-2410.14,-5397.44,-7807.58,,,,,,,,,
5531,1863.56,4241.3,4953.2,475.69,271.57,-140.44,-3809.91,-28798.19,1575.83,17197.68,-5707.96,171.76,-2169.71,-5536.19,-7705.9,,,,,,,,,
5541,1835.83,4315.86,4922.34,493.26,294.31,-157.9,-3797.76,-28762.92,1577.94,17219.89,-5717.3,173.77,-2059.13,-5543.53,-7602.66,,,,,,,,,
5551,1835.53,4268.86,4970.69,486.96,279.19,-142.83,-3757.34,-28806.02,1594.9,17131.32,-5702.21,172.24,-2138.74,-5529.96,-7668.7,,,,,,,,,
5561,1802.15,4221.28,4966,479.47,247.81,-140.06,-3770.19,-28773.87,1598.45,17113.81,-5663.94,166.89,-2255.15,-5497.04,-7752.19,,,,,,,,,
5571,1845.06,4124.65,4906.17,467.36,267.4,-111.44,-3775.03,-28715.63,1608.31,17213.3,-5782.1,172.81,-2169.86,-5609.3,-7779.15,,,,,,,,,
5581,1833.22,4230.03,4942.14,477.27,270.32,-139.53,-3829.48,-28740.57,1586.19,17093.15,-5685.78,172.23,-2277.26,-5513.55,-7790.81,,,,,,,,,
5591,1831.75,4268.72,4965.63,484.04,282.39,-124,-3786.35,-28829.22,1577.8,17152.51,-5605.36,173.94,-2176.73,-5431.42,-7608.15,,,,,,,,,
5601,1851.45,4290.37,4933.22,482.09,275.37,-151.74,-3748.16,-28922.2,1599.3,17165.36,-5565.01,173.84,-2224.93,-5391.17,-7616.11,,,,,,,,,
5611,1822.64,4228.31,4941.4,480.92,278.12,-127.32,-3807.87,-28856.12,1593.52,17165.73,-5576.74,171.84,-2280.68,-5404.89,-7685.57,,,,,,,,,
5621,1779.97,4171.91,4920.47,474.57,276.15,-93.84,-3775.49,-28817.92,1617.02,17271.81,-5684.74,173.23,-2175.36,-5511.51,-7686.88,,,,,,,,,
5631,1785.7,4271.84,4950.18,490.83,276.47,-124.89,-3816.79,-28695.52,1616.52,17225.58,-5754.7,172.66,-2020.08,-5582.04,-7602.12,,,,,,,,,
5641,1796.14,4170.94,4972.18,464.89,269.66,-128.9,-3786.29,-28722.63,1606.99,17168.36,-5707.25,168.17,-2188.66,-5539.09,-7727.75,,,,,,,,,
5651,1801.12,4190.11,4932.32,476.71,256.42,-111.98,-3854.21,-28782.44,1605.43,17120.16,-5644.25,171.38,-2366.35,-5472.87,-7839.22,,,,,,,,,
5661,1838.15,4227.95,4930.89,481.26,265.67,-115.2,-3825.75,-28687.52,1567.77,17152.13,-5671.71,170.35,-2164.65,-5501.36,-7666.02,,,,,,,,,
5671,1820.76,4326.98,4908.99,502.84,258.92,-107.75,-3817.63,-28571.16,1588.33,17015.94,-5763.52,174.33,-2073.78,-5589.19,-7662.97,,,,,,,,,
5681,1853.38,4264.96,4892.71,473.02,280.29,-95.02,-3824.62,-28754.41,1552.56,17092.39,-5701.95,168.9,-2264.74,-5533.04,-7797.79,,,,,,,,,
5691,1818.56,4321.57,4925.31,488.39,269.1,-126.1,-3815.43,-28731.14,1598.7,17092.94,-5651.62,173.67,-2158.11,-5477.96,-7636.07,,,,,,,,,
5701,1777.44,4246.34,4893.13,473.07,265.5,-118.74,-3803.52,-28742.13,1587.22,17198.19,-5733.97,172.73,-2223.49,-5561.24,-7784.73,,,,,,,,,
5711,1789.59,4251.12,4966.56,477.22,256.57,-132.17,-3850.14,-28720.17,1586.9,17202.23,-5748.67,173.95,-2172.3,-5574.72,-7747.02,,,,,,,,,
5721,1768.87,4184.19,4872.56,477.13,255.74,-149.4,-3815.25,-28689.17,1604.67,17211.28,-5747.24,173.29,-2279.37,-5573.95,-7853.32,,,,,,,,,
5731,1836.94,4281.14,4973.46,479,272.93,-125.98,-3798.84,-28724.32,1613.33,17076.58,-5686.16,171.66,-2115.76,-5514.49,-7630.25,,,,,,,,,
5741,1817.79,4255.18,4949.94,462.62,247.91,-123.26,-3832.05,-28667.43,1568.09,17102.39,-5733.62,173.03,-2218.83,-5560.59,-7779.42,,,,,,,,,
5751,1780.81,4174.09,4938.45,480.87,275.27,-100.93,-3812.9,-28811.15,1609.48,17288.04,-5690.99,170.29,-2177.97,-5520.7,-7698.67,,,,,,,,,
5761,1841.45,4201.39,4961.34,491.05,282.49,-121.05,-3823.78,-28656.48,1601.46,17185.37,-5779.87,168.8,-2036.75,-5611.08,-7647.83,,,,,,,,,
5771,1855.14,4209.28,4873.19,468.7,253.23,-106.04,-3827.09,-28539.71,1617.92,17153.94,-5857.52,173.93,-2041.44,-5683.6,-7725.03,,,,,,,,,
5781,1831.57,4128.35,4938.97,462.71,278.92,-127.25,-3815.73,-28584.06,1570.58,17142.49,-5837.91,172.83,-2173.45,-5665.08,-7838.53,,,,,,,,,
5791,1878.72,4254.14,4960.4,471.86,271.91,-113.15,-3775.49,-28545.79,1590.7,17000.01,-5801.57,173.61,-2006.69,-5627.96,-7634.64,,,,,,,,,
5801,1802.08,4196.27,4981.37,488.8,269.63,-117.9,-3832.61,-28383.21,1578.38,17087.42,-5949.74,174.49,-1929.77,-5775.25,-7705.02,,,,,,,,,
5811,1803.34,4184.4,4963.34,469.61,291.19,-101.58,-3810.68,-28556.32,1594.2,17222.73,-5913.47,172.66,-1939.76,-5740.81,-7680.57,,,,,,,,,
5821,1744.05,4235.57,4938.42,488.3,277.51,-100.43,-3815.72,-28572.68,1599.12,17058.23,-5782.36,170.54,-2147.62,-5611.82,-7759.44,,,,,,,,,
5831,1806.69,4220.94,4984.29,467.73,290.87,-114.56,-3766.58,-28752.5,1597.55,17070.08,-5715.03,168.37,-2195.5,-5546.65,-7742.15,,,,,,,,,
5841,1781.95,4257.6,4951.41,485.7,266.65,-102.06,-3814.33,-28503.83,1557.09,17053.38,-5858.28,173.75,-2066.44,-5684.53,-7750.97,,,,,,,,,
5851,1795.07,4195.55,4944.35,460.18,256.34,-150.53,-3876.58,-28524.28,1613.47,17180.24,-5874.39,170.76,-2106.2,-5703.62,-7809.82,,,,,,,,,
5861,1810.57,4192.68,4948.35,487.03,253.64,-130.63,-3829.59,-28502.1,1589.33,17137.45,-5894.19,170.81,-2043.28,-5723.39,-7766.67,,,,,,,,,
5871,1811.54,4246.53,4901.47,479.04,278.58,-122.34,-3770.47,-28608.08,1600,17101.16,-5837.92,177.09,-2082.58,-5660.83,-7743.42,,,,,,,,,
5881,1759.9,4233.53,4968.11,456.9,280.73,-131.69,-3838.65,-28662.57,1588.18,17144.45,-5792.01,172.97,-2201.12,-5619.04,-7820.15,,,,,,,,,
5891,1730.75,4218.25,4957.6,470.36,263.74,-91.43,-3828.9,-28622.25,1615.71,17192.58,-5814.58,170.31,-2093.57,-5644.27,-7737.84,,,,,,,,,
5901,1843.68,4220.3,4956.1,469.77,269.55,-134.68,-3754.72,-28581.13,1587.69,17080.07,-5896.78,177.08,-2043.36,-5719.7,-7763.06,,,,,,,,,
5911,1791.26,4250.88,4923.52,467.36,275.33,-104.43,-3813.44,-28719.44,1637.2,17154.44,-5766.2,172.48,-2137.32,-5593.72,-7731.03,,,,,,,,,
5921,1843.04,4228.02,4936.26,473.31,267.56,-105.1,-3774.48,-28689.54,1602.45,17161.21,-5809,170.23,-2057.27,-5638.76,-7696.04,,,,,,,,,
5931,1781.14,4230.15,4935.84,477.38,260.43,-105.95,-3793.28,-28765.57,1641.42,17138.6,-5704.28,174.12,-2199.84,-5530.16,-7729.99,,,,,,,,,
5941,1830.74,4289.08,4967.61,483.68,265.29,-145.53,-3787.85,-28512.03,1618.14,17097.24,-5913.27,177.02,-1893.62,-5736.24,-7629.86,,,,,,,,,
5951,1771.85,4296.76,4910.11,484.94,259.73,-144.9,-3727.14,-28663.93,1598.43,17078.03,-5766.11,177.02,-2136.11,-5589.09,-7725.2,,,,,,,,,
5961,1808.03,4202.75,4942.85,463.39,281.7,-112.87,-3805.95,-28702.52,1629.88,17160.26,-5781.08,170.14,-2132.48,-5610.94,-7743.42,,,,,,,,,
5971,1782.16,4288.87,4965.98,487.89,268.92,-121.36,-3838.69,-28565.14,1616.37,17181.65,-5907.17,172.75,-1933.35,-5734.42,-7667.77,,,,,,,,,
5981,1758.48,4240.63,4948.81,485.75,259.52,-137.59,-3833.14,-28657.94,1591,17242.91,-5849.08,172.82,-2101.56,-5676.26,-7777.82,,,,,,,,,
5991,1834.66,4213.05,4912.41,478.82,260.1,-142.3,-3787.75,-28476.56,1601.39,17161.12,-5985.13,175.59,-1945.07,-5809.54,-7754.61,,,,,,,,,
6001,1853.68,4186.3,4977.71,477.57,276.57,-144.33,-3797.86,-28588.24,1584.72,17184.03,-5889.24,174.59,-1989.84,-5714.65,-7704.49,,,,,,,,,
6011,1782.55,4186.2,4931.73,468.33,252.4,-117.62,-3776.64,-28631.37,1599.91,17206.69,-5831.7,173.95,-2097.84,-5657.75,-7755.59,,,,,,,,,
6021,1816.44,4182.25,4947.71,466.24,268.69,-157.33,-3798.49,-28557.22,1583.35,17270.08,-5947.09,175.41,-1978.26,-5771.68,-7749.94,,,,,,,,,
6031,1790.72,4230.22,4962.52,487.29,274.95,-122.02,-3784.04,-28701.55,1581.67,17212.42,-5789.63,173.64,-2067.81,-5615.99,-7683.81,,,,,,,,,
6041,1838.74,4266.82,4935.9,472.95,278.85,-121.31,-3805.74,-28530.07,1533.37,17057.61,-5892.23,175.9,-2072.89,-5716.33,-7789.22,,,,,,,,,
6051,1783.69,4190.36,4915.25,473.43,275.64,-102.05,-3840.67,-28688.69,1600.44,17210.9,-5802.9,168.39,-2181.69,-5634.51,-7816.2,,,,,,,,,
6061,1759.23,4243.11,4960.49,469.61,258.05,-105.14,-3769.92,-28610.54,1565.91,17119.35,-5821.79,174.09,-2109.86,-5647.7,-7757.56,,,,,,,,,
6071,1840.23,4246.62,4943,498.79,272.91,-119.18,-3819.89,-28504.3,1583.79,17156.6,-5911.03,174.12,-1901.44,-5736.91,-7638.35,,,,,,,,,
6081,1859.98,4123.25,4908.7,473.17,271.65,-90.03,-3805.58,-28661.01,1610.99,17238.12,-5810.72,169.85,-2070.76,-5640.87,-7711.64,,,,,,,,,
6091,1855.37,4167.76,4951.44,480.85,277.77,-109.63,-3815.4,-28356.46,1584.37,17034.52,-5930.2,177.18,-1929.42,-5753.02,-7682.44,,,,,,,,,
6101,1776.56,4165,4923.35,465.3,268.2,-101.94,-3791.18,-28456.13,1606.17,17147.71,-5936.51,174.15,-1996.96,-5762.37,-7759.33,,,,,,,,,
6111,1825.22,4194.35,4920.93,465.82,275.67,-120.58,-3804.86,-28812.54,1575.51,17185.81,-5653.68,170.87,-2294.66,-5482.82,-7777.47,,,,,,,,,
6121,1792.93,4177.66,4939.09,461.85,280.15,-130.64,-3778.58,-28666.36,1603.2,17032.47,-5683.71,169.82,-2288.24,-5513.89,-7802.13,,,,,,,,,
6131,1809.25,4187.56,4921.6,470.73,266.82,-118.06,-3781.73,-28497.49,1604.57,17117.59,-5883.74,173.3,-2019.17,-5710.45,-7729.61,,,,,,,,,
6141,1891.33,4235.85,4909.68,476.23,250.81,-122.77,-3814.15,-28542.86,1582.41,17123.19,-5854.75,171.71,-2010.27,-5683.05,-7693.32,,,,,,,,,
6151,1836.3,4258.32,4968.25,487.45,273.54,-136.58,-3789.25,-28660.14,1598.05,17046.4,-5731.4,168.13,-2117.67,-5563.27,-7680.94,,,,,,,,,
6161,1837.53,4250.2,4958.87,481.21,284.98,-138.15,-3886.51,-28659.44,1610.08,17089.32,-5653.67,164.23,-2171.9,-5489.44,-7661.34,,,,,,,,,
6171,1741.28,4274.83,4940.73,485.03,261.22,-95.53,-3807.93,-28595.92,1548.55,17145.16,-5785.45,170.28,-2102.56,-5615.17,-7717.73,,,,,,,,,
6181,1808.4,4167.07,4953.04,475.28,295.2,-110.38,-3794.85,-28602.79,1576.87,17101.62,-5794.16,170.29,-2130.55,-5623.87,-7754.42,,,,,,,,,
6191,1846.75,4236.84,4959.36,465.55,243.81,-125.55,-3816.08,-28637.19,1558.62,17011.38,-5724.49,170.54,-2256.52,-5553.95,-7810.47,,,,,,,,,
6201,1753.21,4250.48,4930.55,482.56,280.42,-121.09,-3776.64,-28713.34,1604.18,17114.17,-5702.81,168.92,-2195.49,-5533.89,-7729.38,,,,,,,,,
6211,1817.48,4209.27,4930.71,471.02,267.74,-117.14,-3850.26,-28617.01,1608.77,17115.1,-5786.8,169.1,-2164.33,-5617.7,-7782.03,,,,,,,,,
6221,1836.09,4195.67,4944.92,478.68,274.38,-97.88,-3799.68,-28671.73,1601.21,17178.81,-5798.11,169.49,-2059.53,-5628.62,-7688.15,,,,,,,,,
6231,1783.49,4256.67,4939.61,470.39,295.35,-111.58,-3792.44,-28564.08,1570.06,17128.43,-5878.61,174.49,-2024.09,-5704.12,-7728.21,,,,,,,,,
6241,1794.71,4243.19,4958.84,473.86,248.83,-118.68,-3774.81,-28716.14,1600.3,17177.56,-5726.65,169.95,-2112.33,-5556.7,-7669.03,,,,,,,,,
6251,1769.13,4216.12,4919.04,481.89,279.82,-127.24,-3787.61,-28645.24,1620.37,17122.87,-5814.05,171.93,-2150.85,-5642.12,-7792.97,,,,,,,,,
6261,1771.9,4264.36,4966.4,476.48,293.33,-139.72,-3807.48,-28726.26,1599.42,17137.54,-5739.82,172.08,-2164.03,-5567.73,-7731.76,,,,,,,,,
6271,1764.22,4161.23,4981.59,471.69,291.64,-128.14,-3804.02,-28568.89,1600.27,17045.12,-5794.1,169.31,-2185.3,-5624.79,-7810.1,,,,,,,,,
6281,1806.55,4368.15,4968.42,479.58,279.97,-115.38,-3848.83,-28532.81,1556.22,17035.67,-5779.28,165.31,-2002.45,-5613.97,-7616.42,,,,,,,,,
6291,1798.03,4264.79,4984.21,482.37,283.47,-126.11,-3766.05,-28619.28,1591.83,17100.4,-5801.46,172.31,-2006.33,-5629.15,-7635.48,,,,,,,,,
6301,1776.83,4161.11,4953.27,463.51,272.14,-116.39,-3797.94,-28541.55,1586.88,17147.05,-5858.04,172.69,-2095.09,-5685.35,-7780.44,,,,,,,,,
6311,1782.05,4174.87,4940.26,488.09,278.65,-126.21,-3788.51,-28561.36,1575.3,17139.77,-5838.72,171.06,-2097.1,-5667.65,-7764.75,,,,,,,,,
6321,1774.46,4293.33,4977.24,477.68,270.1,-134.96,-3823.11,-28502.42,1598.48,17049.2,-5841.32,171.05,-2019.99,-5670.27,-7690.26,,,,,,,,,
6331,1835.24,4281.28,4967.13,491.25,278.12,-128.48,-3803.5,-28620.11,1579.95,17116.96,-5783.24,171.24,-2002.15,-5612,-7614.15,,,,,,,,,
6341,1760.31,4270.6,4946.61,479.51,285.85,-110.32,-3788.73,-28525.01,1612.15,17115.43,-5831.89,172.6,-1953.6,-5659.29,-7612.9,,,,,,,,,
6351,1783.84,4239.54,4967.26,473.12,267.17,-132.13,-3781.6,-28397.39,1586.52,17120.33,-5987.56,171.71,-1873.34,-5815.84,-7689.19,,,,,,,,,
6361,1785.4,4207.48,4925.4,471.47,276.2,-134.04,-3801.59,-28525.42,1600.2,17101.71,-5869.96,175.01,-2093.17,-5694.96,-7788.13,,,,,,,,,
6371,1816.75,4287.93,4939.82,499.61,258.09,-146.29,-3806.51,-28587.18,1577.37,17152.77,-5839.37,172.1,-2007.64,-5667.28,-7674.92,,,,,,,,,
6381,1786.3,4140.02,4958.87,464.37,275.7,-96.62,-3831.31,-28487.3,1582.54,17137.45,-5913.41,172.2,-2069.99,-5741.21,-7811.2,,,,,,,,,
6391,1780.73,4077.87,4973.37,456.84,253.08,-130.6,-3784.33,-28613.82,1590.94,17216.75,-5855.41,173.05,-2179.18,-5682.35,-7861.53,,,,,,,,,
6401,1753.62,4222.03,4930.31,467.53,272.94,-129.86,-3812.97,-28551.99,1615.73,17214.1,-5882.08,169.29,-2018.54,-5712.79,-7731.33,,,,,,,,,
6411,1851.74,4214.97,4956.94,482,278.05,-100.98,-3808.9,-28574.21,1555.39,17031.05,-5810.2,173.32,-2113.94,-5636.88,-7750.82,,,,,,,,,
6421,1812.08,4262.16,4964.1,483.72,268.02,-106.35,-3785.07,-28689.54,1569.8,17090.26,-5770.81,170.44,-2130.81,-5600.38,-7731.19,,,,,,,,,
6431,1739.3,4153.54,4957.6,473.14,272.19,-145.22,-3839.55,-28565.9,1581.57,17114.64,-5804.56,168.66,-2258.7,-5635.91,-7894.6,,,,,,,,,
6441,1763.53,4208.8,4969.62,459.35,286.2,-118.68,-3824.02,-28644.43,1578.85,17094.17,-5770.14,170.96,-2226.61,-5599.18,-7825.8,,,,,,,,,
6451,1805.9,4253.07,4934.07,484.08,280.84,-149.84,-3833.43,-28518.29,1611.05,17059.67,-5795.49,170.13,-2072.89,-5625.36,-7698.25,,,,,,,,,
6461,1787.59,4252.3,4943.59,464.81,279,-96.01,-3808.07,-28707.37,1599.48,17041.84,-5685.01,171.93,-2242.84,-5513.07,-7755.91,,,,,,,,,
6471,1804.42,4261.34,4880.33,475.95,255.42,-102.06,-3818.91,-28726.31,1590.58,17079.54,-5673.5,169.27,-2299.71,-5504.23,-7803.94,,,,,,,,,
6481,1822.44,4252.79,4928.25,486.39,274.12,-120.55,-3822.86,-28621.95,1588.32,17056.67,-5730.25,170.71,-2156.4,-5559.54,-7715.94,,,,,,,,,
6491,1755.05,4281.45,4916.19,475.61,264.95,-138.58,-3769.62,-28642.94,1612.45,17116.15,-5737.14,174.81,-2129.27,-5562.34,-7691.61,,,,,,,,,
6501,1795.13,4286.42,4903.5,466.73,262.72,-126.19,-3844.73,-28584.8,1596.8,17103.9,-5775.47,173.27,-2140.52,-5602.2,-7742.72,,,,,,,,,
6511,1762.46,4287.18,4945.51,481.91,276.59,-119.77,-3823.4,-28774.73,1593.47,17138.34,-5682.26,169.43,-2232.45,-5512.83,-7745.28,,,,,,,,,
6521,1802.81,4243.01,4991.28,484.71,263.75,-105.94,-3801.9,-28668.66,1588.27,17065.54,-5758.86,172.34,-2137.12,-5586.52,-7723.63,,,,,,,,,
6531,1826.78,4157.27,4902.53,458.49,273.25,-130.92,-3781.15,-28795.82,1589.11,17212.97,-5700.28,172.51,-2287.48,-5527.77,-7815.25,,,,,,,,,
6541,1800.99,4193.24,4955.38,473.14,284.33,-111.16,-3786.19,-28822.72,1594.59,17152.53,-5657.02,172.37,-2265.87,-5484.65,-7750.52,,,,,,,,,
6551,1763.67,4237.91,4976.02,469.82,259.36,-151.9,-3803.44,-28784.13,1572.94,17150.96,-5655.16,173.77,-2308.79,-5481.39,-7790.19,,,,,,,,,
6561,1795.09,4234.35,4961.83,472.07,277.7,-139.7,-3788.73,-28833.84,1602.34,17048.88,-5572.49,170.97,-2370,-5401.51,-7771.51,,,,,,,,,
6571,1766.38,4245.3,4992.16,474.62,281.98,-153.69,-3792.09,-28967.1,1611.84,17251.03,-5566.07,170.43,-2289.57,-5395.64,-7685.21,,,,,,,,,
6581,1750.32,4254.3,4939.95,484.16,272.14,-128.7,-3808.98,-28787.79,1587.93,17103.88,-5624.28,171.01,-2332.8,-5453.27,-7786.07,,,,,,,,,
6591,1840.18,4176.94,4960.89,471.43,261.27,-126.89,-3792.97,-28714.06,1554.44,17117,-5765.27,171.82,-2251.77,-5593.44,-7845.21,,,,,,,,,
6601,1837.71,4252.8,4938.29,477.3,256.87,-124.62,-3761.7,-28798.49,1595.86,17141.76,-5668.68,171.85,-2184.24,-5496.83,-7681.07,,,,,,,,,
6611,1731.5,4252.2,4917.02,476.48,259.44,-129.08,-3808.81,-28697.71,1575.7,17078.32,-5671.06,169.6,-2344.95,-5501.46,-7846.42,,,,,,,,,
6621,1759.85,4242.65,4954.99,472.43,276.26,-136.84,-3817.15,-28715.77,1606.21,17202.6,-5741.03,169.97,-2154.79,-5571.05,-7725.84,,,,,,,,,
6631,1805.98,4240.43,4943.88,483.68,260.48,-126.53,-3803.29,-28805.2,1612.41,17138.89,-5612.06,167.6,-2249.25,-5444.46,-7693.72,,,,,,,,,
6641,1752.95,4255.37,4907.52,472.53,269.52,-129.49,-3831.89,-28719.48,1596.27,17172.25,-5709.33,170.72,-2254.46,-5538.61,-7793.06,,,,,,,,,
6651,1715.43,4303.54,4930.08,475.26,263.82,-104.96,-3852.8,-28726.95,1585.95,17175.77,-5709.88,169.73,-2234.86,-5540.15,-7775.01,,,,,,,,,
6661,1796.19,4236.81,4920.37,485.84,270.17,-126.12,-3839.03,-28665.26,1591.52,17165.71,-5782.57,170.03,-2163.8,-5612.54,-7776.34,,,,,,,,,
6671,1808.42,4153.05,4964.11,481.37,275.75,-118.59,-3837.83,-28829.79,1600.17,17127.48,-5620.58,170.02,-2375.86,-5450.57,-7826.43,,,,,,,,,
6681,1773.85,4157.44,4951.3,472.09,291.61,-104.04,-3805.76,-28775.95,1595.41,17275.21,-5758.67,170.54,-2168.84,-5588.13,-7756.96,,,,,,,,,
6691,1799.33,4278.69,4949.06,478.77,267.75,-127.04,-3788.91,-28779.08,1585.44,17126.22,-5711.58,171.9,-2209.76,-5539.68,-7749.43,,,,,,,,,
6701,1816.8,4220.87,4958.6,483.18,272.33,-96.01,-3844.59,-28723.68,1576.05,17111.97,-5689.59,170.19,-2224.48,-5519.4,-7743.88,,,,,,,,,
6711,1768.57,4315.77,4911.32,488.74,276.42,-149.55,-3843.77,-28593.16,1591.06,17030.08,-5763.82,168.09,-2204.51,-5595.73,-7800.24,,,,,,,,,
6721,1791.21,4284.79,4960.65,473.22,269.91,-116.68,-3836.53,-28683.77,1616.33,17109.02,-5706.59,169.38,-2131.85,-5537.21,-7669.06,,,,,,,,,
6731,1785.78,4244.11,4996.72,460.26,289.01,-125.3,-3798.87,-28684.91,1594.27,17164.66,-5770.29,169.34,-2074.27,-5600.94,-7675.22,,,,,,,,,
6741,1811.59,4227.29,4919.91,472.92,256.76,-143.27,-3852.88,-28623.71,1598.43,17164.13,-5780.27,171.97,-2168.83,-5608.31,-7777.13,,,,,,,,,
6751,1804.13,4156.05,4918.29,471.01,253.68,-124.73,-3842.1,-28696.72,1620.46,17193.98,-5762.41,168.37,-2245.95,-5594.04,-7839.98,,,,,,,,,
6761,1880.33,4297.05,4972.57,479.83,282.56,-138.96,-3798.25,-28753.76,1573.53,17122.05,-5698.88,172.9,-2083.05,-5525.98,-7609.02,,,,,,,,,
6771,1790.7,4242.4,4960.93,472.77,266.68,-148.65,-3813.31,-28762.13,1614.59,17203.88,-5681.21,172.5,-2172.15,-5508.71,-7680.86,,,,,,,,,
6781,1822.45,4231.97,4920.43,474.54,269.41,-113.63,-3822.66,-28827.11,1577.75,17065.85,-5614.7,168.26,-2401,-5446.44,-7847.44,,,,,,,,,
6791,1858.42,4198.39,4909.47,476.51,252.15,-141.73,-3846.12,-28696.69,1561.84,17096.5,-5673.31,167.35,-2331.27,-5505.97,-7837.23,,,,,,,,,
6801,1811.11,4176.37,4960.09,476.57,268.75,-141.52,-3807.68,-28800.52,1574.66,17126.99,-5616.53,169.32,-2355.18,-5447.21,-7802.38,,,,,,,,,
6811,1819.94,4293.08,4951.3,470.26,281.6,-111.06,-3797.13,-28814.74,1575.19,17096.57,-5648.91,171.88,-2235,-5477.02,-7712.03,,,,,,,,,
6821,1799.89,4191.83,4978.72,470.05,279.23,-126.27,-3805.64,-28725.09,1614.17,17066.85,-5677.45,175.41,-2256.25,-5502.05,-7758.29,,,,,,,,,
6831,1784.74,4073.79,5007.68,458.78,256.28,-144.82,-3822.82,-28769.82,1601.86,17191.55,-5677.12,171.21,-2362.77,-5505.91,-7868.68,,,,,,,,,
6841,1849.97,4179.04,4928.98,477.4,261.53,-119.1,-3829.87,-28709.18,1602.82,17068.68,-5695.88,172.62,-2289.72,-5523.26,-7812.98,,,,,,,,,
6851,1817.96,4227.03,4996.99,478.58,285.43,-130.18,-3774.68,-28680.25,1583.81,17116.46,-5763.51,170.5,-2078.84,-5593.01,-7671.84,,,,,,,,,
6861,1817.4,4244.6,4937.44,473.81,277.44,-123.68,-3835.96,-28784.44,1612.08,17129.02,-5660.03,167.08,-2252.3,-5492.95,-7745.25,,,,,,,,,
6871,1794.06,4199,4917.05,483.76,287.33,-125,-3847.81,-28676.98,1599.52,17222.98,-5761.85,170.18,-2146.08,-5591.67,-7737.75,,,,,,,,,
6881,1845.5,4272.09,4965.67,476.06,276.61,-117.8,-3823.43,-28723.79,1609.62,17153.68,-5718.18,171.61,-2065.8,-5546.57,-7612.37,,,,,,,,,
6891,1840.7,4272.72,4971.34,493.94,269.14,-148.99,-3766.99,-28589.81,1601.05,16988.36,-5769.67,171.11,-2068.54,-5598.55,-7667.1,,,,,,,,,
6901,1843.2,4210.17,4946.1,482.82,269.09,-135.92,-3789.81,-28772.49,1600.48,17113.51,-5659.88,172.87,-2232.86,-5487.02,-7719.87,,,,,,,,,
6911,1787.32,4235.14,4938.2,483.09,291.61,-96.1,-3837.03,-28876.38,1629.68,17271.14,-5617.07,169.59,-2173.32,-5447.48,-7620.8,,,,,,,,,
6921,1830.73,4158.09,4952.82,464.43,249.65,-129.5,-3828.79,-28659.32,1594.65,17228.83,-5810.66,169.14,-2138.41,-5641.53,-7779.94,,,,,,,,,
6931,1757.79,4270.56,4957.11,486.85,276.36,-129.34,-3840.78,-28612.12,1587.71,17104.6,-5806.44,169.35,-2141.26,-5637.09,-7778.35,,,,,,,,,
6941,1804.86,4254.27,4963.89,466.26,249.98,-143.23,-3776.05,-28664.87,1600.55,17057.66,-5725.64,172.93,-2186.69,-5552.71,-7739.4,,,,,,,,,
6951,1808.43,4228.88,4920.58,477.89,285.73,-108.06,-3848.26,-28593.35,1593.74,17070.74,-5711.14,168.9,-2163.69,-5542.24,-7705.93,,,,,,,,,
6961,1797.51,4301.59,4970.98,480.77,286.18,-97.92,-3811.86,-28669.66,1620.58,17055.49,-5681.45,171.62,-2066.35,-5509.84,-7576.19,,,,,,,,,
6971,1823.77,4278.02,4955.31,469.71,254.37,-92.51,-3776.45,-28715.3,1603.82,17028.34,-5639.91,171.87,-2170.92,-5468.04,-7638.96,,,,,,,,,
6981,1831.89,4211.96,4959.18,463.27,256.63,-146.16,-3779.8,-29065.12,1600.19,17164.85,-5412.92,171.05,-2503.1,-5241.88,-7744.98,,,,,,,,,
6991,1821,4254.54,4902.71,482.21,248.33,-138.32,-3812.5,-28856.56,1591.32,17104.06,-5561.5,170.69,-2403.21,-5390.81,-7794.02,,,,,,,,,
7001,1796.29,4171.68,4982.51,468.11,262.35,-144.16,-3835.57,-28707.09,1608.72,17151.37,-5708.61,169.82,-2245.77,-5538.78,-7784.55,,,,,,,,,
7011,1784.49,4177.27,4919.97,470.86,268.48,-124.11,-3801.05,-28907.54,1634.31,17226.05,-5585.48,168.25,-2351.27,-5417.22,-7768.5,,,,,,,,,
7021,1849.33,4195.17,4929.04,468.76,275.18,-121.95,-3816.42,-28627.8,1583.18,16998.07,-5722.91,173.49,-2267.45,-5549.42,-7816.87,,,,,,,,,
7031,1772.73,4248.31,4958.79,485.28,285.71,-133.43,-3746.6,-28832.99,1579.15,17152.82,-5673.69,168.88,-2230.23,-5504.81,-7735.04,,,,,,,,,
7041,1826.43,4300.31,4938.31,481.03,277.12,-115.57,-3777.87,-28889.59,1583.5,17100.13,-5570.32,172.59,-2276.19,-5397.73,-7673.92,,,,,,,,,
7051,1829.21,4226.3,4960.05,471.8,259.39,-126.4,-3815.03,-28838.17,1591.63,17103.23,-5653.83,170.4,-2337.99,-5483.43,-7821.42,,,,,,,,,
7061,1812.25,4185.66,4914.98,470.82,266.94,-132.36,-3791.09,-28752.93,1602.49,17146.87,-5712.19,174.27,-2276.36,-5537.91,-7814.27,,,,,,,,,
7071,1747.14,4173.3,4902.7,477.03,271.22,-133.33,-3782.51,-28955.03,1600.89,17203.3,-5543.82,168.52,-2495.29,-5375.3,-7870.59,,,,,,,,,
7081,1820.25,4218.4,4964.56,483.18,258.87,-129.92,-3819.85,-28762.34,1588.61,17145.01,-5690.34,169.96,-2233.23,-5520.38,-7753.61,,,,,,,,,
7091,1783.49,4263.64,4974.39,492.59,279,-141.06,-3851.81,-28888.8,1582.05,17246.09,-5621.02,169.74,-2260.41,-5451.27,-7711.68,,,,,,,,,
7101,1835.8,4269.63,4958.38,478.72,263.47,-115.34,-3854.81,-28753.95,1575.84,17134.98,-5686.31,170.45,-2207.27,-5515.86,-7723.14,,,,,,,,,
7111,1826.08,4204.31,4976.99,477.16,273.22,-136.5,-3855.29,-28851.95,1594.22,17204.49,-5640.6,170.98,-2287.27,-5469.62,-7756.89,,,,,,,,,
7121,1779.5,4224.92,4909.68,476.87,269.77,-100.38,-3869.46,-28572.71,1579.87,17048.53,-5757.07,173.46,-2253.41,-5583.62,-7837.02,,,,,,,,,
7131,1779.8,4170.5,4965.18,487.93,291.75,-141.35,-3809.29,-28684.24,1584.82,17228.51,-5848.68,173.26,-2126.39,-5675.42,-7801.81,,,,,,,,,
7141,1784.4,4329.46,4933.52,485.07,270.74,-130.71,-3800.9,-28635.41,1575.16,17093.03,-5769.17,170.34,-2095.64,-5598.83,-7694.47,,,,,,,,,
7151,1816.56,4144.26,4929.15,466.31,273.06,-131.63,-3796.78,-28715.3,1619.27,17258.03,-5807.97,170.01,-2137.08,-5637.96,-7775.04,,,,,,,,,
7161,1846.52,4279.59,4924.12,482.33,273.46,-139.81,-3815.77,-28671.17,1605.43,17164.14,-5792.71,171.67,-2051.16,-5621.03,-7672.19,,,,,,,,,
7171,1832.14,4276.67,4926.73,478.32,276.09,-118.96,-3789.54,-28632.3,1543.33,17064.84,-5818.11,174.43,-2142.68,-5643.68,-7786.36,,,,,,,,,
7181,1846.25,4204,4917.25,473.85,271.08,-113.37,-3850.34,-28766.55,1560.85,17105.85,-5668.71,169.41,-2351.13,-5499.3,-7850.43,,,,,,,,,
7191,1811.65,4311.79,4922.15,493.26,254.2,-106.18,-3839.58,-28899.08,1610.98,17201.64,-5616.11,170.28,-2239.17,-5445.84,-7685.01,,,,,,,,,
7201,1774.8,4215.26,4990.96,465.91,270.41,-110.82,-3753.75,-28802.59,1600.85,17109.08,-5701.87,175.32,-2239.89,-5526.55,-7766.44,,,,,,,,,
7211,1771.23,4275.28,4963.26,474.42,262.94,-141.09,-3825.39,-28666.77,1616.85,17211.28,-5801.74,171.27,-2057.99,-5630.47,-7688.46,,,,,,,,,
7221,1827.48,4272.72,4944.53,486.91,261.98,-108.13,-3802.84,-28581.19,1580.58,17041.54,-5787.49,171.95,-2076.41,-5615.54,-7691.95,,,,,,,,,
7231,1842.84,4251.92,4947.25,477.63,273.26,-121.2,-3806.48,-28584.34,1566.34,17017.87,-5758.81,174.14,-2134.9,-5584.67,-7719.57,,,,,,,,,
7241,1810.16,4226.7,4914.13,479.2,284.48,-132,-3781.32,-28630.12,1571.87,17049.83,-5755.02,174.39,-2207.07,-5580.62,-7787.69,,,,,,,,,
7251,1855.92,4262.73,4964.1,505.24,279.41,-133.77,-3836.38,-28573.87,1571.99,17012.72,-5737.76,171.26,-2091.9,-5566.5,-7658.39,,,,,,,,,
7261,1797.32,4240.06,4943.35,490.78,278.61,-144.56,-3739.81,-28621.65,1602.55,17110.98,-5775.84,176.97,-2042.37,-5598.87,-7641.25,,,,,,,,,
7271,1848.21,4316.84,4955.53,486.87,263.73,-114.96,-3790.7,-28442.68,1563.46,16995.72,-5854.99,170.79,-1917.99,-5684.2,-7602.19,,,,,,,,,
7281,1760.09,4323.32,4962.1,478.45,272.06,-132.56,-3774.4,-28642.59,1611.43,17039.93,-5785.95,173.67,-2102.17,-5612.28,-7714.46,,,,,,,,,
7291,1828.9,4316.34,4972.04,483.18,249.49,-115.16,-3784.34,-28641.99,1624.9,17063.82,-5746.13,169.57,-2002.82,-5576.57,-7579.39,,,,,,,,,
7301,1826.88,4327.92,4946.22,500.02,259.06,-102.7,-3817.04,-28683.18,1579,17096.42,-5709.76,172.82,-2067.4,-5536.95,-7604.35,,,,,,,,,
7311,1850.7,4303.04,4930.66,467.24,262.93,-91.32,-3828.4,-28540.67,1602.91,17058.14,-5796.48,170.01,-1984.78,-5626.48,-7611.25,,,,,,,,,
7321,1824.43,4226.19,4949.16,477.79,278.58,-130,-3835.7,-28636.19,1591.45,17098.39,-5750.81,170.33,-2155.91,-5580.48,-7736.39,,,,,,,,,
7331,1796.17,4240.8,4936.13,480.22,266.32,-102.39,-3845.01,-28380.95,1575.77,17159.14,-5977.59,171.18,-1873.79,-5806.41,-7680.21,,,,,,,,,
7341,1791.17,4283.39,4970.41,485.09,248.04,-116.59,-3830.96,-28570.34,1556.37,17104.54,-5828.29,173.65,-2078.89,-5654.64,-7733.53,,,,,,,,,
7351,1826.36,4306.95,4953.08,483.42,279.37,-132.28,-3825.15,-28563.49,1592.68,17153.09,-5830.14,173.83,-1925.98,-5656.31,-7582.29,,,,,,,,,
7361,1851.76,4156.17,4947.96,468.64,276.25,-132.36,-3791.25,-28607.23,1547.3,17189.98,-5837.92,175.64,-2092.77,-5662.29,-7755.05,,,,,,,,,
7371,1811.2,4260.39,4896.83,478.28,279.64,-104.81,-3824.9,-28680.88,1594.97,17135.74,-5726.95,165.97,-2153.53,-5560.99,-7714.51,,,,,,,,,
7381,1782.15,4322.92,4959.09,486.1,256.33,-150.91,-3831.77,-28565.85,1570.71,17065.99,-5786.81,171.77,-2105.22,-5615.04,-7720.27,,,,,,,,,
7391,1866.21,4154.62,4952.38,473.61,277.55,-108.6,-3835.61,-28725.48,1610.64,17117.88,-5689.67,169.05,-2216.82,-5520.62,-7737.44,,,,,,,,,
7401,1762.51,4173.93,4909.31,472.04,251.12,-129.27,-3789.39,-28822.82,1596.15,17159.11,-5659.37,169.59,-2417.31,-5489.78,-7907.09,,,,,,,,,
7411,1764.68,4274.86,4968.78,476.83,284.62,-147.91,-3798.02,-28750.78,1615.82,17089.32,-5683.32,171.61,-2221.81,-5511.71,-7733.51,,,,,,,,,
7421,1781.66,4181.64,4972.72,470.9,255.76,-118.86,-3802.6,-28903.72,1612.45,17230.11,-5616.35,167.53,-2319.93,-5448.82,-7768.76,,,,,,,,,
7431,1768.44,4234.39,4988.59,468.64,262.62,-149.74,-3767.02,-28811.92,1622.16,17114.42,-5669.63,168.82,-2269.43,-5500.8,-7770.23,,,,,,,,,
7441,1798.97,4284.97,4966.47,480.72,282.49,-141.22,-3815.21,-28743.28,1581.48,17185.74,-5734.77,168.25,-2118.87,-5566.52,-7685.38,,,,,,,,,
7451,1836.61,4282.75,4966.13,483.37,277.04,-126.61,-3786.55,-28663.14,1601.87,17159.9,-5808.71,169.86,-1968.63,-5638.85,-7607.48,,,,,,,,,
7461,1775.8,4228.91,4973.5,472.76,287.72,-132.57,-3804.9,-28803.95,1602.56,17077.76,-5634.46,170.48,-2322.41,-5463.98,-7786.39,,,,,,,,,
7471,1798.81,4267.37,4981.32,495.7,278.79,-129.23,-3819.77,-28647.74,1627.71,17020.58,-5713.32,168.41,-2126.48,-5544.91,-7671.38,,,,,,,,,
7481,1800.19,4278.09,4945.53,479.66,289.97,-146.23,-3783.42,-28868.46,1616.29,17068.67,-5593.54,171.75,-2319.7,-5421.8,-7741.5,,,,,,,,,
7491,1801.99,4263.84,4919.5,480.21,262.23,-151.05,-3822.77,-28858.03,1639.28,17123.17,-5579.68,170.65,-2341.64,-5409.03,-7750.67,,,,,,,,,
7501,1770.91,4212.19,4934.98,470.9,278.47,-111.59,-3797.74,-28884.94,1583.19,17144.07,-5618.53,167.79,-2399.56,-5450.74,-7850.29,,,,,,,,,
7511,1781.07,4127.8,4987.69,457.97,271.07,-121.51,-3836.58,-28710.1,1631.59,17126.68,-5653.24,165.8,-2284.32,-5487.44,-7771.76,,,,,,,,,
7521,1818.86,4254.51,4973.99,472.69,265.1,-136.55,-3830.52,-28910.93,1591.44,17091.02,-5513.83,168.14,-2410.38,-5345.68,-7756.07,,,,,,,,,
7531,1789.01,4244.79,4972.74,474.71,267.93,-138.96,-3826.15,-28801.38,1597.72,17064.8,-5560.97,168.52,-2354.79,-5392.45,-7747.24,,,,,,,,,
7541,1864.31,4273.27,4928.07,491.89,253.6,-147.59,-3803.63,-28723.97,1547.13,17048.14,-5619.01,169.84,-2268.77,-5449.17,-7717.94,,,,,,,,,
7551,1799.88,4206.79,4932.43,478.53,271.59,-105.92,-3816.04,-28692.86,1614.1,17155.21,-5764.42,170.33,-2156.28,-5594.09,-7750.37,,,,,,,,,
7561,1844.7,4252.7,4943.75,497.44,253.2,-112.46,-3742.51,-28763.91,1589.01,17102.42,-5718.93,172.54,-2135.67,-5546.39,-7682.06,,,,,,,,,
7571,1835.05,4119.76,4997.1,477.99,268.28,-108.14,-3869.15,-28797.07,1599.86,17303.47,-5747.03,168.92,-2172.86,-5578.11,-7750.97,,,,,,,,,
7581,1817.52,4242.41,4961.12,479.32,273.08,-124.78,-3815.16,-28826.16,1615.22,17242.98,-5693.25,169.87,-2134.45,-5523.38,-7657.82,,,,,,,,,
7591,1782.02,4161.78,5037.59,465.85,303.57,-143.52,-3822.43,-28820.66,1623.62,17269.61,-5729.65,169.83,-2142.57,-5559.82,-7702.39,,,,,,,,,
7601,1701.78,4209.66,4973.93,472.43,263.26,-124.65,-3812.94,-28715.76,1608.15,17209.72,-5762.48,169.48,-2214.4,-5593,-7807.4,,,,,,,,,
7611,1869.93,4217.19,4924.82,496.39,268.81,-132.96,-3800.72,-28788.08,1566.19,17208.03,-5743.13,172.2,-2170.41,-5570.93,-7741.34,,,,,,,,,
7621,1783.07,4215.77,4967.25,475.08,268.21,-139.29,-3828.45,-28717.5,1585.79,17236.21,-5739.73,170.2,-2153.87,-5569.53,-7723.4,,,,,,,,,
7631,1837.85,4239.41,4969.34,468.44,284.27,-120.32,-3814.65,-28745,1562.62,17175.22,-5775.94,172.29,-2142.84,-5603.65,-7746.49,,,,,,,,,
7641,1786.82,4264.36,4929.95,480.29,276.85,-134.83,-3756.38,-28637.44,1567.54,17088.47,-5794.64,175.46,-2134.36,-5619.17,-7753.53,,,,,,,,,
7651,1798.59,4280.92,4975.42,475.57,259.85,-126.79,-3770.01,-28701.39,1568.21,17203.78,-5799.38,172.02,-2035.85,-5627.36,-7663.21,,,,,,,,,
7661,1733.17,4179.03,4973.49,458.52,266.42,-125.64,-3807.27,-28720.93,1604.74,17275.06,-5799.96,171.24,-2163.41,-5628.72,-7792.13,,,,,,,,,
7671,1789.08,4260.54,4977.42,490.75,267.47,-141,-3815.42,-28814.73,1589.79,17200.95,-5724.32,168.07,-2195.15,-5556.26,-7751.41,,,,,,,,,
7681,1867.28,4210.89,4957.68,470.55,266.47,-121.88,-3779.08,-28811.71,1602.22,17145.33,-5672.36,170.89,-2192.26,-5501.47,-7693.73,,,,,,,,,
7691,1781.32,4244.35,4950.51,478.07,270.26,-110.22,-3795.05,-28790.16,1620.02,17294.44,-5757.68,175.76,-2056.44,-5581.92,-7638.36,,,,,,,,,
7701,1825.13,4273.6,4931.96,478.07,272.84,-98.19,-3816.8,-28731.42,1597.83,17256.73,-5778.51,173.04,-2010.26,-5605.47,-7615.73,,,,,,,,,
7711,1800.8,4204.05,4943.24,469.04,268.58,-120.22,-3820.01,-28675.94,1613,17112.3,-5746.54,170.77,-2205.16,-5575.77,-7780.93,,,,,,,,,
7721,1763.12,4234.37,4981.11,483.42,277.51,-149.42,-3816.87,-28661.78,1604.08,17140.85,-5750.71,169.52,-2143.62,-5581.18,-7724.81,,,,,,,,,
7731,1824.72,4160.09,4930.67,475.87,274.84,-122.12,-3795.89,-28803.34,1613.58,17197.86,-5710.17,172.32,-2243.71,-5537.85,-7781.56,,,,,,,,,
7741,1777.24,4189.52,4979.94,465.19,285.16,-133.21,-3828.96,-28858.38,1577.84,17271.19,-5654.53,174.05,-2274.48,-5480.48,-7754.96,,,,,,,,,
7751,1824,4197.82,4949.14,484.82,284.79,-140.85,-3797.32,-28653.63,1599.81,17104.06,-5766.05,176.34,-2147.37,-5589.71,-7737.08,,,,,,,,,
7761,1737.67,4245.72,5001.63,493.68,263.11,-128.05,-3828.78,-28695,1602.46,17173.35,-5704.33,169.82,-2134.2,-5534.51,-7668.71,,,,,,,,,
7771,1807.62,4230.36,4958.54,460.78,260.46,-125.85,-3766.96,-28758.7,1598.16,17179.9,-5727.2,173,-2155.69,-5554.21,-7709.89,,,,,,,,,
7781,1849.32,4254.4,4994.58,486.82,276.04,-142.49,-3792.68,-28571.44,1617.4,17033.67,-5808.2,173.5,-1994.38,-5634.7,-7629.08,,,,,,,,,
7791,1812.39,4139.39,4954.38,460.19,262.39,-126.51,-3823.7,-28625.83,1601.88,17253.29,-5840.29,173.17,-2092.15,-5667.12,-7759.27,,,,,,,,,
7801,1754.33,4155.25,4967.26,466.01,270.15,-139.22,-3736.46,-28749.94,1594.06,17208.16,-5772.12,171.44,-2210.39,-5600.68,-7811.07,,,,,,,,,
7811,1817.51,4223.06,4959.67,477.15,285.07,-108.16,-3819.61,-28682.45,1597.73,17089.96,-5717.41,170.52,-2160.07,-5546.89,-7706.96,,,,,,,,,
7821,1775.79,4255.66,4955.91,481.45,281.17,-119.31,-3791.81,-28743.18,1576.13,17186.66,-5737.61,172.53,-2141.53,-5565.08,-7706.62,,,,,,,,,
7831,1831.36,4237.67,4949.82,477.11,249.65,-118.51,-3798.75,-28804.37,1603.9,17099.93,-5614.39,170.03,-2272.17,-5444.36,-7716.53,,,,,,,,,
7841,1840.65,4321.23,4966.08,491.09,263.07,-142.56,-3774.99,-28774.64,1573.38,17058.37,-5686.99,174.76,-2178.32,-5512.23,-7690.54,,,,,,,,,
7851,1862.19,4285.95,4965.48,498.42,267.66,-126.64,-3761.42,-28910.64,1592.81,17205.63,-5634.97,169.67,-2120.57,-5465.3,-7585.87,,,,,,,,,
7861,1813.93,4213.07,5007.92,477.87,267.66,-136.45,-3814.6,-28740.73,1571.48,17103.1,-5688.36,169.74,-2236.75,-5518.62,-7755.37,,,,,,,,,
7871,1821.57,4183.31,4953.82,481.49,290.91,-144.73,-3813.92,-28705.68,1603.35,17170.23,-5722.48,174.07,-2159.65,-5548.41,-7708.05,,,,,,,,,
7881,1804.52,4257.08,4922.9,469.64,251.32,-137.79,-3871.7,-28633.92,1604.76,17197.78,-5806.25,172.07,-2135.41,-5634.17,-7769.59,,,,,,,,,
7891,1834.96,4199.08,4963.78,479.51,276.33,-141.89,-3829.68,-28655.99,1611.22,17091,-5679.45,168.62,-2171.68,-5510.84,-7682.52,,,,,,,,,
7901,1834.02,4219.23,4943.97,482.93,276.13,-117.83,-3847.87,-28743.35,1588.88,17130.81,-5671.75,167.31,-2233.08,-5504.44,-7737.52,,,,,,,,,
7911,1779.01,4174.21,4935.87,468.45,256.39,-141.07,-3845.76,-28799.05,1605.04,17133.76,-5622.29,167.09,-2433.14,-5455.2,-7888.35,,,,,,,,,
7921,1807.99,4252.14,4941.57,462.2,248.66,-106.47,-3832.09,-28733.33,1543.37,17134.38,-5693.47,169.66,-2281.58,-5523.8,-7805.39,,,,,,,,,
7931,1822.15,4238.65,4952.37,475.69,278.12,-153.75,-3802.18,-28752.53,1601.5,17139.22,-5668.72,171.44,-2200.77,-5497.28,-7698.05,,,,,,,,,
7941,1800.12,4196.36,4962.78,491.33,272.89,-134.3,-3758.08,-28725.58,1604.55,17128.77,-5713.56,173.01,-2161.16,-5540.55,-7701.71,,,,,,,,,
7951,1764.51,4201.49,4961.28,481.06,283.09,-116.1,-3765.7,-28693.68,1616.41,17105.32,-5766.08,171.03,-2162.34,-5595.05,-7757.39,,,,,,,,,
7961,1806.06,4147.64,4916.85,454.84,292.76,-89.42,-3838.59,-28596.24,1620.59,17145.32,-5808.11,172.71,-2140.2,-5635.4,-7775.6,,,,,,,,,
7971,1781.5,4182.99,4988.4,485.03,279.01,-109.24,-3818.27,-28724.13,1595.75,17143.87,-5705.25,171.82,-2195.09,-5533.43,-7728.52,,,,,,,,,
7981,1762.38,4198.93,4979.31,479.85,257.32,-138.77,-3831.28,-28838.43,1631.88,17091.39,-5625.85,170.6,-2407.41,-5455.25,-7862.66,,,,,,,,,
7991,1806.52,4177.12,4970.57,475.03,288.25,-129.62,-3811.64,-28801.6,1591.8,17146.1,-5659.6,170.99,-2287.47,-5488.61,-7776.08,,,,,,,,,
8001,1789.46,4206.54,4943.3,487.72,289.25,-118.75,-3803.68,-28933.9,1587.56,17149.51,-5526.15,165.94,-2403,-5360.2,-7763.2,,,,,,,,,
8011,1834.9,4230.45,4949.73,484.02,279.05,-118.05,-3786.89,-28798.34,1578.09,17082.47,-5618.95,168.58,-2264.58,-5450.38,-7714.96,,,,,,,,,
8021,1828.28,4147.2,4943.87,481.62,257.43,-128.48,-3795.69,-28845.05,1568.29,17126.74,-5613.5,166.26,-2415.79,-5447.24,-7863.03,,,,,,,,,
8031,1814.44,4290.44,4942.67,466.49,281.28,-144.03,-3754.56,-28961.58,1629.81,17199.78,-5579.85,170.38,-2235.27,-5409.47,-7644.74,,,,,,,,,
8041,1882.48,4368.12,4914.02,485.9,269.14,-173.57,-3828.86,-28773,1555.92,17000,-5611.47,169.09,-2299.84,-5442.38,-7742.22,,,,,,,,,
8051,1764.41,4202.16,4958.79,482.3,260.93,-114.01,-3779.82,-28755.03,1569.68,17098.35,-5688.64,171.74,-2312.24,-5516.9,-7829.14,,,,,,,,,
8061,1725.54,4275.33,4940.53,475.08,269.61,-120.32,-3824.95,-28917.59,1603.06,17241.95,-5608.47,168.13,-2331.76,-5440.34,-7772.1,,,,,,,,,
8071,1803.13,4277.27,4939.35,465.2,283.85,-130.07,-3802.16,-28984.63,1579.82,17163.1,-5546.15,169.41,-2405.14,-5376.74,-7781.88,,,,,,,,,
8081,1818.31,4191.71,4947.46,482.05,271.1,-121.07,-3767.74,-28871.55,1581.92,17015.26,-5514.98,170.47,-2452.56,-5344.51,-7797.07,,,,,,,,,
8091,1870.87,4189.21,4979.37,490.48,256.28,-148.47,-3817.74,-28920.93,1577.76,17157.93,-5540.75,169.39,-2365.25,-5371.37,-7736.61,,,,,,,,,
8101,1789.6,4212.76,4994.89,464.67,281.8,-154.2,-3798.81,-28837.18,1617.07,17112.21,-5562.19,169.04,-2317.19,-5393.15,-7710.34,,,,,,,,,
8111,1746.61,4235.94,4932.75,486.71,274.6,-113.59,-3834.49,-28902.04,1592.97,17177.78,-5588.76,173.13,-2402.76,-5415.63,-7818.39,,,,,,,,,
8121,1801.66,4263.41,4955.15,489.8,263.96,-100.2,-3870.34,-28801.61,1595.63,17039.4,-5593.28,164.69,-2363.15,-5428.59,-7791.74,,,,,,,,,
8131,1818.49,4155.32,4954.23,462.7,281.81,-124.55,-3829.21,-28867.43,1580.05,17072.1,-5553.69,169.91,-2496.5,-5383.79,-7880.28,,,,,,,,,
8141,1856.08,4313.88,4960.21,485.27,284.7,-127.2,-3854.32,-28775.66,1570.1,17037.14,-5578.01,167.06,-2249.8,-5410.95,-7660.75,,,,,,,,,
8151,1728.74,4277.59,4971.34,477.7,281.92,-116.05,-3778.53,-28813.76,1612.12,17306.93,-5764.12,172.76,-2052,-5591.37,-7643.37,,,,,,,,,
8161,1789.99,4253.19,4927.93,459.97,267.45,-136.23,-3834.9,-28520.52,1567.12,17038.46,-5818.95,173.81,-2187.54,-5645.14,-7832.69,,,,,,,,,
8171,1770.82,4105.39,4982.08,477.13,284.17,-110.02,-3805.28,-28738.94,1616.68,17211.15,-5753.44,175.28,-2206.82,-5578.16,-7784.98,,,,,,,,,
8181,1817.04,4243.52,4938.85,491.75,267.67,-111.18,-3811.83,-28715.13,1581.16,17145.43,-5734.16,171.27,-2152.72,-5562.89,-7715.61,,,,,,,,,
8191,1809.8,4299.42,4925.18,477.19,250.51,-134.23,-3803.36,-28847.15,1581.75,17098.3,-5622.33,171.33,-2342.58,-5451,-7793.58,,,,,,,,,
8201,1805.47,4292.97,4899.79,508.6,258.58,-130.82,-3789.41,-28754.06,1620.61,17180.23,-5754.18,173.3,-2108.05,-5580.88,-7688.93,,,,,,,,,
8211,1788.59,4310.04,4971.78,490.45,279.88,-111.07,-3769.2,-28904.88,1600.72,17150.27,-5657.2,170.81,-2193.41,-5486.39,-7679.8,,,,,,,,,
8221,1843.58,4329.99,4935.92,488.74,256.47,-152.57,-3762.21,-28753.35,1586.23,17151.03,-5744.1,175.26,-2076.17,-5568.84,-7645.01,,,,,,,,,
8231,1780.32,4255.31,4931.43,466.2,260.75,-129.52,-3786.28,-28705.79,1581.81,17155.09,-5743.37,171.45,-2190.69,-5571.92,-7762.61,,,,,,,,,
8241,1841.07,4275.42,4998.3,467.34,257.86,-155.53,-3860.86,-28526.83,1594.86,17037.98,-5788.87,168.78,-2070.39,-5620.08,-7690.48,,,,,,,,,
8251,1789.14,4238.57,4953.73,482.92,303.65,-133.48,-3790.59,-28657.39,1612.21,17187.07,-5805.35,173.23,-2014.17,-5632.12,-7646.29,,,,,,,,,
8261,1813.17,4182.81,4941.38,469.33,265.87,-97.48,-3779.76,-28496.66,1597.99,17093.07,-5874.39,174.04,-2010.28,-5700.35,-7710.64,,,,,,,,,
8271,1790.66,4173.11,4957.17,476.9,254.99,-109.69,-3851.01,-28508.46,1595.83,17073.87,-5868.48,167.97,-2146.63,-5700.5,-7847.14,,,,,,,,,
8281,1820.98,4212.3,4976.17,483.99,257.79,-138.14,-3800.09,-28519.85,1565.32,17146.79,-5925.8,173.84,-1994.74,-5751.96,-7746.71,,,,,,,,,
8291,1812.94,4259.13,4978.08,479.68,275.62,-136.73,-3838.04,-28621.05,1610.94,17173.69,-5856.98,172.78,-2005.75,-5684.2,-7689.95,,,,,,,,,
8301,1842.57,4245.9,4924.92,482.31,272.64,-109.88,-3809.95,-28657.54,1584.38,17127.71,-5773.19,168,-2096.93,-5605.18,-7702.12,,,,,,,,,
8311,1792.61,4265.61,4961.15,475.73,264.96,-132.84,-3794.02,-28557.14,1591.09,17062.04,-5843.25,174.93,-2070.81,-5668.32,-7739.13,,,,,,,,,
8321,1760.34,4271.35,4979.49,476.27,271.13,-118.72,-3815.73,-28659.69,1585.96,17106.68,-5753.99,171.23,-2142.93,-5582.75,-7725.68,,,,,,,,,
8331,1795.08,4232.92,4963.11,487.91,288.87,-124.66,-3806.73,-28792.61,1611.89,17084.27,-5652.8,168.49,-2259.94,-5484.31,-7744.25,,,,,,,,,
8341,1852.16,4379.6,4922.71,480.72,273.37,-119.51,-3846.23,-28495.37,1567.96,17051.37,-5874.88,169.85,-1933.21,-5705.02,-7638.24,,,,,,,,,
8351,1815.36,4289.59,4949.58,482.09,272.16,-139.19,-3829.84,-28614.36,1598.88,17200.65,-5825.61,166,-1975.09,-5659.61,-7634.69,,,,,,,,,
8361,1885.03,4257.82,4902.95,487.12,279,-122.49,-3753.84,-28688.68,1568.43,17143.62,-5770.72,176.83,-2041.04,-5593.89,-7634.93,,,,,,,,,
8371,1793.45,4171.24,4935.54,466.26,254.89,-114.84,-3827.14,-28680.62,1580.36,17143.38,-5724.91,170.94,-2277.49,-5553.97,-7831.46,,,,,,,,,
8381,1808.7,4191.48,4987.85,478.77,274.71,-137.13,-3835.59,-28704.27,1602.2,17219.69,-5760.91,166.74,-2113.58,-5594.17,-7707.75,,,,,,,,,
8391,1850.27,4252.56,4975.05,472.57,278.91,-153.42,-3791.67,-28646.11,1614.47,17109.18,-5758.03,169.93,-2038.17,-5588.11,-7626.28,,,,,,,,,
8401,1799.14,4263.13,4945.56,493.87,275.98,-101.97,-3816.64,-28727.78,1636.42,17103.21,-5646.12,167.01,-2129.08,-5479.11,-7608.19,,,,,,,,,
8411,1778.08,4228.43,5024.19,471.38,267.7,-138.43,-3807.92,-28664.89,1589.93,16972.91,-5677.81,172.98,-2278.62,-5504.83,-7783.45,,,,,,,,,
8421,1808.44,4153.72,4974.61,468.03,290.96,-101.71,-3797.24,-28829.72,1584.82,17122.57,-5641.77,168.94,-2325.5,-5472.84,-7798.34,,,,,,,,,
8431,1774.19,4237.11,4938.17,481.83,282.91,-146.74,-3798.54,-28829.36,1619.24,17135.64,-5647.62,169.65,-2305.54,-5477.97,-7783.51,,,,,,,,,
8441,1781.47,4270.86,4925.28,481.26,273.7,-128.66,-3775.55,-28830.84,1600.48,17167.01,-5604.15,168.81,-2234.98,-5435.34,-7670.33,,,,,,,,,
8451,1776.29,4297.69,4922.32,482.62,257.19,-111.11,-3851.5,-28764.34,1596.03,17060.62,-5626.06,170.66,-2334.19,-5455.4,-7789.59,,,,,,,,,
8461,1812.06,4160.12,4963.92,484.36,274.94,-115.23,-3780.03,-28971.31,1621.6,17188.48,-5515.72,169.24,-2361.08,-5346.48,-7707.55,,,,,,,,,
8471,1858.64,4241.91,4940.03,486.45,260.7,-127.36,-3775.29,-28715.57,1549.06,17021.43,-5653.87,173.57,-2259.99,-5480.29,-7740.28,,,,,,,,,
8481,1808.28,4225.36,4920.05,480.33,268.87,-109.54,-3799.36,-28834.58,1576.04,17077.44,-5581.81,169.52,-2387.12,-5412.29,-7799.41,,,,,,,,,
8491,1768.97,4264.98,4948.35,489.11,268.32,-113.61,-3793.42,-28890.19,1603.45,17096.06,-5564.8,171.13,-2357.98,-5393.67,-7751.64,,,,,,,,,
8501,1835.44,4173.08,4965.83,451.53,267.5,-105.91,-3837.34,-28884,1564,17115.37,-5524.12,165.71,-2454.49,-5358.41,-7812.9,,,,,,,,,
8511,1857.2,4290.04,4931.36,478.19,266.9,-134.52,-3806.68,-28790.08,1581.6,17031.83,-5598.76,168.34,-2294.15,-5430.42,-7724.57,,,,,,,,,
8521,1835.47,4234.29,4942.66,488.28,275.28,-138.23,-3795.44,-28977.2,1554.91,17054.01,-5475.27,171.82,-2525.98,-5303.44,-7829.42,,,,,,,,,
8531,1810.03,4265.44,4953.16,496.62,264.83,-147.15,-3809.11,-28780.97,1604.13,17032.03,-5603.16,171.26,-2311,-5431.91,-7742.91,,,,,,,,,
8541,1853.86,4241.13,4919.33,491.3,279.67,-124,-3860.5,-28794.38,1584.45,17053.94,-5548.27,165.4,-2355.19,-5382.87,-7738.06,,,,,,,,,
8551,1786.87,4277.58,4936.12,471.32,255.05,-144.04,-3813.98,-28827.07,1563.61,17128.84,-5597.58,170.37,-2365.7,-5427.21,-7792.91,,,,,,,,,
8561,1790.86,4206.85,4953.75,459.2,270.44,-116.37,-3802.85,-28690.1,1620.08,17102.83,-5679.4,171.38,-2205.29,-5508.02,-7713.31,,,,,,,,,
8571,1800.26,4272.28,4946.64,477.06,267.74,-143.69,-3823.14,-28746.26,1616.95,17101.59,-5699.54,171.67,-2230.57,-5527.87,-7758.44,,,,,,,,,
8581,1824.39,4118.94,4984.78,478.77,268.99,-157.36,-3770.69,-28677.44,1612.46,17131.75,-5730.62,173.57,-2185.42,-5557.04,-7742.46,,,,,,,,,
8591,1806.19,4270.92,4951.28,490.44,287.81,-116.57,-3798.13,-28730.31,1605.04,17166.07,-5713.91,170.15,-2067.26,-5543.75,-7611.01,,,,,,,,,
8601,1772.35,4254.38,4940.85,478.29,272.17,-135.74,-3797.83,-28737.77,1617.19,17179.62,-5683.18,168.58,-2156.49,-5514.6,-7671.09,,,,,,,,,
8611,1812.19,4271.13,4932.98,497.35,285.48,-118.36,-3814.55,-28694.11,1577.22,17108.69,-5689.34,174.34,-2141.99,-5515,-7656.98,,,,,,,,,
8621,1774.69,4243.65,4894.01,478.33,267.99,-119.71,-3796.94,-28780.41,1606.77,17159.41,-5656.53,172.31,-2272.21,-5484.22,-7756.43,,,,,,,,,
8631,1773.79,4252.84,4923.27,466.11,270.14,-98.72,-3806.2,-28837.16,1602.19,17192.87,-5631.87,169.57,-2260.86,-5462.3,-7723.16,,,,,,,,,
8641,1811.94,4255.2,4934.81,463.09,274.5,-96.15,-3788.91,-28743.77,1597.58,17090.32,-5663.81,171.68,-2201.39,-5492.13,-7693.52,,,,,,,,,
8651,1738.7,4164.36,4917.97,477.73,292.23,-136.71,-3815.28,-28790.54,1602.87,17096.75,-5578.23,168.71,-2451.92,-5409.53,-7861.45,,,,,,,,,
8661,1813.29,4227.71,5013.4,485.92,278,-120.38,-3797.57,-28807.05,1620.32,17090,-5596.97,166.72,-2196.37,-5430.24,-7626.61,,,,,,,,,
8671,1851.87,4156.36,4938.54,474.21,274.47,-114.49,-3799.83,-28747.91,1615.47,17084.53,-5623.04,167.9,-2266.77,-5455.15,-7721.92,,,,,,,,,
8681,1810.46,4226.9,4941.06,462.58,270.38,-114.19,-3751.83,-28728.8,1601.29,17119.62,-5708.53,173.86,-2162.52,-5534.68,-7697.2,,,,,,,,,
8691,1782.59,4266.56,4951.13,479.17,275.97,-122.87,-3811.47,-28743.24,1578.31,17071.1,-5635.72,165.79,-2272.76,-5469.93,-7742.69,,,,,,,,,
8701,1848.45,4167.1,4937.82,486.75,272.43,-99.08,-3779.91,-28803.7,1596.46,17110.87,-5595.26,166.57,-2262.81,-5428.69,-7691.5,,,,,,,,,
8711,1858.76,4225.17,4925.94,468.42,278.21,-109.84,-3827.18,-28794.62,1581.91,17115.51,-5620.65,169.64,-2277.72,-5451.01,-7728.74,,,,,,,,,
8721,1790.37,4151.13,4945.54,465.82,268.8,-111.11,-3814.8,-28770.7,1600.49,17157.47,-5643.05,171.39,-2316.99,-5471.67,-7788.65,,,,,,,,,
8731,1808.92,4164.27,4977.73,477.94,261.03,-101.12,-3807.53,-28636.67,1612.62,17280.62,-5846.53,172.31,-1962.19,-5674.22,-7636.41,,,,,,,,,
8741,1791.06,4170.89,4964.54,466.14,257.63,-123.15,-3787,-28765.97,1563.02,17118.59,-5675.23,173.19,-2344.26,-5502.04,-7846.29,,,,,,,,,
8751,1840.91,4160.87,4911.57,475.18,277.53,-99.66,-3845.81,-28737.86,1593.34,17147.66,-5667.18,173.72,-2276.27,-5493.45,-7769.72,,,,,,,,,
8761,1831.73,4217.71,4951.85,470.62,252.24,-114.47,-3802.77,-28716.38,1592.1,17094.59,-5674.44,171.67,-2222.78,-5502.77,-7725.55,,,,,,,,,
8771,1771.51,4327.09,4974.31,480.18,284.7,-97.48,-3852.23,-28887.47,1626.75,17241.26,-5586.75,170.8,-2131.38,-5415.95,-7547.33,,,,,,,,,
8781,1727.76,4251.41,4934.38,469.66,268.39,-90.93,-3780.28,-28772.75,1612.42,17142.35,-5658.54,173.33,-2237.62,-5485.21,-7722.82,,,,,,,,,
8791,1804.09,4327.36,4972.95,469.78,269.96,-109.14,-3808.24,-28628.1,1568.18,17140.31,-5824.62,174.43,-1992.86,-5650.19,-7643.05,,,,,,,,,
8801,1778.74,4363.63,4994.19,497.86,277.12,-123.56,-3845.71,-28550.39,1600.52,17027.41,-5771.42,168.19,-1980.17,-5603.23,-7583.4,,,,,,,,,
8811,1817.86,4186.04,4950.68,465.74,271.86,-70.5,-3841.57,-28700.18,1574.52,17182.54,-5698.44,168.38,-2163,-5530.06,-7693.06,,,,,,,,,
8821,1773.12,4257.66,4951.65,471.45,252.79,-116.47,-3818.1,-28802.42,1571.39,17191.94,-5687.61,168.3,-2267.01,-5519.31,-7786.32,,,,,,,,,
8831,1780.89,4286.95,4978,483.95,305.99,-125.3,-3895.96,-28713.61,1566.47,17101.93,-5681.55,170.38,-2230.69,-5511.17,-7741.86,,,,,,,,,
8841,1822.18,4275.5,4968.65,489.19,252.16,-121.44,-3809.93,-28806.16,1574.63,17137.5,-5651.06,171.2,-2217.71,-5479.86,-7697.57,,,,,,,,,
8851,1824.28,4182.53,4944.84,466.84,267.05,-156.59,-3801.5,-28773.97,1605.84,17124.11,-5642.44,172.79,-2316.58,-5469.64,-7786.22,,,,,,,,,
8861,1795.4,4169.78,4977.25,460.04,273.1,-120.24,-3837.31,-28978.5,1606.65,17263.45,-5545.3,166.46,-2390.37,-5378.83,-7769.21,,,,,,,,,
8871,1801.1,4282.12,4968.24,474.13,272.58,-108.29,-3850.02,-28847.94,1561.99,17217.93,-5647.82,168.27,-2228.16,-5479.55,-7707.71,,,,,,,,,
8881,1811.79,4287.56,4947.06,472.21,276.09,-111.38,-3789.29,-28783.62,1565.69,17190.46,-5720.18,172.2,-2133.43,-5547.98,-7681.41,,,,,,,,,
8891,1830.51,4159.31,4976.97,482.49,264.95,-113.48,-3847.25,-28921.51,1596.88,17143.65,-5487.87,167.18,-2427.47,-5320.68,-7748.15,,,,,,,,,
8901,1817.78,4196.08,4968.62,485.04,271.86,-120.46,-3804.02,-28727.03,1580.27,17194.03,-5708.06,174.23,-2137.83,-5533.83,-7671.66,,,,,,,,,
8911,1870.29,4212.33,4941.87,471.84,257.35,-108.9,-3809.86,-28692.45,1602.07,17146.8,-5733.5,167.73,-2108.67,-5565.77,-7674.44,,,,,,,,,
8921,1809.02,4173.2,4909.51,466.14,277.68,-147.15,-3741.78,-28813.44,1595.2,17145.82,-5680.72,171.02,-2325.8,-5509.7,-7835.5,,,,,,,,,
8931,1832.78,4136.44,4940.93,467.66,247.82,-133.65,-3801.55,-28860.31,1598.71,17215.15,-5652.98,170.08,-2356.02,-5482.91,-7838.93,,,,,,,,,
8941,1837.72,4227.03,4919.54,471.93,278.48,-122.09,-3801.4,-28713.87,1576.76,17236.94,-5743.79,168.33,-2088.96,-5575.47,-7664.43,,,,,,,,,
8951,1790.05,4146.11,4962.21,462.87,263.53,-109.24,-3776.64,-28949.75,1596.86,17335.26,-5627.51,170.47,-2278.74,-5457.04,-7735.78,,,,,,,,,
8961,1807.57,4186.26,4925.41,470.32,296.11,-133.65,-3838.51,-28689.71,1592.34,17174.92,-5744.14,169.43,-2208.95,-5574.71,-7783.66,,,,,,,,,
8971,1839.91,4197.6,4960.08,471.63,275,-114.02,-3829.22,-28845.95,1555.78,17154.63,-5622.52,170.53,-2334.57,-5451.98,-7786.56,,,,,,,,,
8981,1796.41,4274.65,4951.83,498.88,257.33,-149.39,-3804.72,-28640.26,1570.58,17092.84,-5746.12,173.81,-2151.84,-5572.3,-7724.15,,,,,,,,,
8991,1790.04,4224.92,4974.55,481.79,284.56,-121.54,-3834.72,-28779.73,1594.36,17214.77,-5673.25,171.95,-2171.02,-5501.3,-7672.31,,,,,,,,,
9001,1801.43,4222.9,4957.48,478.65,270.76,-112.86,-3794,-28626.51,1594.6,17010.8,-5728.21,171.67,-2196.74,-5556.53,-7753.28,,,,,,,,,
9011,1796.69,4250.81,4962.54,477.6,261.01,-157.53,-3827.85,-28570.51,1607.87,17107.86,-5748.61,171.73,-2091.51,-5576.88,-7668.39,,,,,,,,,
9021,1818.64,4275.32,4899.93,471.08,267.41,-123.08,-3829.5,-28571.95,1589.78,17114.33,-5789.56,171.06,-2088.04,-5618.5,-7706.55,,,,,,,,,
9031,1775.2,4215.47,4945.42,453.95,270.26,-111.11,-3828.13,-28738.47,1620.66,17101.68,-5687.67,174.1,-2295.07,-5513.57,-7808.63,,,,,,,,,
9041,1850.99,4230.03,5039.78,469.75,275.8,-126.35,-3804.19,-28774.57,1571.28,17079.77,-5606.88,170.49,-2187.69,-5436.39,-7624.08,,,,,,,,,
9051,1797.56,4255.18,4936.24,476.57,271.38,-95.25,-3795.71,-28843.3,1598.25,17150.41,-5584.55,170.83,-2248.67,-5413.72,-7662.4,,,,,,,,,
9061,1852.31,4268.05,4975.88,486.31,265.83,-130.9,-3817.26,-28775.26,1558.86,17083.02,-5636.96,169.64,-2233.16,-5467.33,-7700.49,,,,,,,,,
9071,1839.4,4229.22,4960.88,488.53,264.44,-93.87,-3831.08,-28722.58,1580.24,17119.19,-5706.07,171.52,-2165.62,-5534.55,-7700.17,,,,,,,,,
9081,1800.71,4162.63,4923.85,467.67,281.57,-105.22,-3774.83,-28906.74,1612.39,17285.86,-5643.06,171.26,-2252.1,-5471.8,-7723.91,,,,,,,,,
9091,1805.57,4255.66,4964.85,470.97,270.13,-135.27,-3740.73,-28680.72,1572.27,17089.72,-5768.23,179.57,-2127.53,-5588.67,-7716.2,,,,,,,,,
9101,1845.86,4168.45,4939.74,469.3,261.26,-123.06,-3830.6,-28691.66,1585.21,17132.72,-5708.12,171.52,-2242.78,-5536.61,-7779.38,,,,,,,,,
9111,1834.38,4309.71,4920.44,473.66,272.75,-102,-3844.16,-28656.44,1571.67,17099.88,-5767.97,170.28,-2120.1,-5597.68,-7717.78,,,,,,,,,
9121,1750.28,4270.07,4936.77,455.54,273.42,-95.87,-3741.88,-28705.98,1608.79,17106.66,-5714.61,172.29,-2142.19,-5542.32,-7684.51,,,,,,,,,
9131,1795.17,4279.01,4971.77,477.74,285.98,-159.58,-3842.52,-28695.25,1591.43,17149.02,-5731.88,170.1,-2147.23,-5561.78,-7709.01,,,,,,,,,
9141,1873.45,4230.93,4953.84,469.33,279.2,-155.99,-3792.11,-28942.04,1581.56,17130.24,-5535.52,168.61,-2371.61,-5366.91,-7738.51,,,,,,,,,
9151,1809.4,4140.45,4964.45,468.38,270.8,-123.18,-3800.03,-28746.6,1578.14,17107.83,-5668.66,170.19,-2330.36,-5498.48,-7828.84,,,,,,,,,
9161,1837.05,4291.12,4964.47,471.13,276.73,-128.78,-3802.64,-28709.82,1582.41,17029.28,-5618.36,173.01,-2189.05,-5445.35,-7634.4,,,,,,,,,
9171,1778.03,4241.42,4962.03,470.66,270.65,-120.17,-3806.55,-28809.61,1575.7,17047.97,-5545.07,168.84,-2389.88,-5376.23,-7766.11,,,,,,,,,
9181,1862.21,4147.63,5002.09,468.72,271.94,-129.07,-3817.44,-28749.18,1593.89,17133.7,-5630.63,174.37,-2215.51,-5456.26,-7671.77,,,,,,,,,
9191,1807.11,4194.93,4996.23,491.18,266.46,-137.38,-3843.77,-28863.81,1622.5,17082.75,-5515.51,170.87,-2383.81,-5344.64,-7728.45,,,,,,,,,
9201,1806.6,4097.82,4920.46,470.87,258.91,-121.78,-3769.04,-28987.38,1614.83,17269.14,-5556.03,171.12,-2439.58,-5384.91,-7824.49,,,,,,,,,
9211,1792.59,4181.5,4954.87,478.81,278.98,-111.68,-3793.08,-28804.13,1584.17,17271.44,-5709.31,175.99,-2166.53,-5533.31,-7699.85,,,,,,,,,
9221,1763.46,4255.77,4948.72,474.1,271.45,-122.59,-3859.17,-28786.97,1607.93,17205.65,-5669.58,172.06,-2241.64,-5497.53,-7739.17,,,,,,,,,
9231,1797.42,4205.17,4915.43,471.54,269.46,-133.53,-3751.91,-28723.33,1602.89,17124.16,-5711.07,172.83,-2222.69,-5538.24,-7760.93,,,,,,,,,
9241,1850.45,4213,4964.31,494.9,288.8,-100.1,-3844.7,-28647.11,1588.83,17146.12,-5745.37,175.36,-2045.5,-5570.02,-7615.52,,,,,,,,,
9251,1777.82,4207.77,4924.31,477.07,270.1,-107.61,-3810.91,-28958.12,1587.04,17293.38,-5588.32,175.08,-2339.14,-5413.24,-7752.38,,,,,,,,,
9261,1783.84,4244.38,4935.61,479.96,269.58,-115.87,-3779.4,-28765.23,1579.79,17145.82,-5700.03,178.83,-2221.54,-5521.21,-7742.74,,,,,,,,,
9271,1859.73,4171.8,4916.46,486.16,263.74,-132.55,-3782.62,-28788.71,1577.11,17040.08,-5644.2,176.96,-2388.8,-5467.24,-7856.03,,,,,,,,,
9281,1860.69,4362.69,4931.98,486.19,278.1,-146.8,-3830.98,-28747.8,1569.37,17083.81,-5651.06,175.16,-2152.75,-5475.9,-7628.66,,,,,,,,,
9291,1812.44,4193.99,4919.15,471.14,266.81,-129.29,-3773.71,-28845.4,1610.15,17148.47,-5657.97,173.82,-2326.25,-5484.15,-7810.41,,,,,,,,,
9301,1792.24,4237.02,4957.23,464.51,289.57,-132.76,-3825.8,-28566.77,1566.43,17139.8,-5847.57,174.48,-2078.54,-5673.09,-7751.63,,,,,,,,,
9311,1828.84,4128.96,4950.4,471.34,263.39,-121.52,-3866.45,-28716.99,1566.02,17241.72,-5767.13,175.04,-2254.29,-5592.09,-7846.37,,,,,,,,,
9321,1786.24,4195.89,4948.84,481.36,270.24,-123.65,-3803.68,-28602.72,1604.08,17099.54,-5744.68,178.56,-2143.87,-5566.12,-7709.99,,,,,,,,,
9331,1790.72,4259.93,4970.82,474.76,266.37,-135.79,-3823.56,-28481.88,1615.66,17074.66,-5882.11,175.5,-1988.31,-5706.62,-7694.93,,,,,,,,,
9341,1787.16,4198.58,4971.3,488.26,278.36,-119.34,-3821.71,-28716.01,1614.44,17110.87,-5681.22,175.48,-2208.1,-5505.73,-7713.83,,,,,,,,,
9351,1781.27,4280.72,4891.32,490.06,266.78,-116.12,-3821.95,-28675.18,1605.31,17142.3,-5750.25,175.1,-2155.49,-5575.15,-7730.64,,,,,,,,,
9361,1800.02,4239.3,4945.14,477.7,272.52,-112.77,-3779.93,-28773.78,1630.04,17148.69,-5658.46,176.18,-2153.07,-5482.28,-7635.35,,,,,,,,,
9371,1792.86,4145.87,4940.74,462.62,257.31,-129.26,-3852.99,-28727.42,1601.2,17258.06,-5689.52,168.79,-2251.03,-5520.73,-7771.76,,,,,,,,,
9381,1904.08,4281.73,4919.5,465.51,273.22,-110.91,-3818,-28720.53,1579.88,17231.77,-5748.12,173.56,-1993.74,-5574.56,-7568.3,,,,,,,,,
9391,1771.72,4034.92,4979.55,466.91,262.36,-83.23,-3791.06,-28842.53,1693.91,17379.03,-5746.69,171.6,-2128.42,-5575.09,-7703.51,,,,,,,,,
9401,1811.45,4183.82,4965.61,483.87,270.6,-144.36,-3775.21,-28635.01,1565.11,17241.39,-5869.95,176.8,-2032.74,-5693.15,-7725.89,,,,,,,,,
9411,1783.45,4217.73,4956.24,468.15,265.8,-136.11,-3819.05,-28898.14,1614,17259.72,-5619.94,172.3,-2288.2,-5447.64,-7735.84,,,,,,,,,
9421,1841.98,4085.81,4934.95,472.94,272.95,-134.63,-3786.25,-28852.11,1574.92,17270.05,-5685.84,176.95,-2319.39,-5508.89,-7828.28,,,,,,,,,
9431,1758.79,4161.96,4933.95,482.25,269.24,-85.1,-3793.09,-28978.91,1606.51,17254.75,-5570.57,171.92,-2389.65,-5398.66,-7788.31,,,,,,,,,
9441,1759.47,4322.45,4968.8,474.67,259.6,-113.08,-3796.78,-28909.14,1584.73,17208.47,-5597.93,173.15,-2240.82,-5424.78,-7665.6,,,,,,,,,
9451,1843.47,4181.91,4992.45,469.07,279.32,-136.5,-3812.2,-28842.12,1596.86,17203.04,-5658.5,170.96,-2224.7,-5487.54,-7712.23,,,,,,,,,
9461,1858.21,4208.56,4976.22,483.63,271.2,-122.55,-3809.69,-28930.19,1578.08,17185.11,-5535.19,171.17,-2301.43,-5364.02,-7665.45,,,,,,,,,
9471,1803.51,4192.62,4954.2,480.51,251.37,-128.83,-3777.67,-28855.36,1576.69,17181.67,-5626.36,173.28,-2321.27,-5453.08,-7774.36,,,,,,,,,
9481,1837.28,4159.94,4946.36,492.78,274.02,-116.33,-3839.91,-28850.17,1605.4,17355.21,-5725.01,172.03,-2135.42,-5552.98,-7688.4,,,,,,,,,
9491,1781,4279.74,4987.04,480.92,277.28,-120.21,-3814.58,-28695.73,1569.14,17109.74,-5700.12,174.38,-2145.66,-5525.73,-7671.4,,,,,,,,,
9501,1876.17,4177.05,4911.53,483.27,275.94,-90.25,-3809.32,-28862.42,1573.37,17126.71,-5587.32,173.07,-2337.93,-5414.25,-7752.18,,,,,,,,,
9511,1755.22,4153.35,4958.71,481.73,256.88,-103.15,-3830.28,-29063.7,1586.59,17256.63,-5483.49,169.99,-2548.03,-5313.51,-7861.54,,,,,,,,,
9521,1858.75,4215.56,4930.84,490.22,283.87,-111.76,-3749.05,-28885.64,1584.19,17180.3,-5592.78,172.41,-2202.72,-5420.37,-7623.09,,,,,,,,,
9531,1802.71,4388.46,4939.11,477.15,292.71,-116.15,-3817.08,-28875.18,1570.16,17123.58,-5606.29,173.25,-2214.52,-5433.04,-7647.57,,,,,,,,,
9541,1833.39,4212.72,4913.64,477.44,277.71,-89.38,-3875.41,-28885.8,1585.76,17197.23,-5541.76,170.39,-2352.69,-5371.37,-7724.06,,,,,,,,,
9551,1808.95,4310.8,4962.09,475.1,269.1,-129.58,-3805.86,-28862.92,1562.36,17179.85,-5601.58,172.11,-2230.1,-5429.46,-7659.57,,,,,,,,,
9561,1784.58,4190.71,4937.76,461.92,286.83,-132.15,-3752.65,-28929.66,1607.84,17191.5,-5546.97,171.87,-2353.33,-5375.1,-7728.43,,,,,,,,,
9571,1843.03,4255.13,4897.24,458.05,265.99,-115.68,-3835.05,-28704.91,1568.06,17089.1,-5675.93,170.27,-2279.03,-5505.67,-7784.69,,,,,,,,,
9581,1753.26,4194.25,4923.65,478.4,274.55,-131.42,-3759.05,-28683.01,1622.52,17127.63,-5744.89,176.2,-2199.21,-5568.69,-7767.9,,,,,,,,,
9591,1809.26,4221.54,4923.31,475.56,276.67,-126.96,-3813.95,-28596.8,1593.22,17055.68,-5742.55,173.89,-2182.47,-5568.66,-7751.13,,,,,,,,,
9601,1818.13,4187.91,4930.11,477.74,267.4,-132.95,-3793.38,-28834.48,1600.3,17169.93,-5569.73,169.2,-2309.3,-5400.53,-7709.82,,,,,,,,,
9611,1750.54,4249.32,4940.07,470.04,270.96,-106.78,-3819.75,-28791.08,1598.79,17125.34,-5663.39,170.09,-2312.56,-5493.3,-7805.86,,,,,,,,,
9621,1768.96,4178.41,4950.86,480.02,285.52,-140.08,-3837.82,-28750.18,1613.08,17188.04,-5665.47,171.11,-2263.2,-5494.36,-7757.56,,,,,,,,,
9631,1826.39,4248.04,4922.45,472.08,293.99,-94.42,-3825.82,-28662.47,1581.01,17000.11,-5679.38,168.73,-2238.64,-5510.65,-7749.3,,,,,,,,,
9641,1788.12,4253.02,4971.19,481.24,266.98,-132.88,-3811.61,-28695.13,1619.84,17128.69,-5725.72,173.04,-2130.54,-5552.67,-7683.22,,,,,,,,,
9651,1850.18,4185.72,4952.04,486.15,275.4,-136.01,-3801.64,-28650.95,1577.14,17127.92,-5784.92,173.13,-2134.06,-5611.79,-7745.85,,,,,,,,,
9661,1780.33,4221.65,4968.39,459.28,283.58,-159.98,-3849.79,-28679.23,1586.1,17153.09,-5714.38,170.14,-2236.58,-5544.25,-7780.83,,,,,,,,,
9671,1814.06,4322.3,5011.75,466.28,252.37,-156.74,-3873,-28682.01,1617.14,17108.61,-5684.83,168.69,-2119.24,-5516.13,-7635.38,,,,,,,,,
9681,1812.18,4218.57,4968.08,479.61,262.71,-138.7,-3734.67,-28579.78,1603.51,17073.28,-5830.6,176.76,-2035.2,-5653.84,-7689.04,,,,,,,,,
9691,1794.06,4259.81,4940.87,490.67,280.36,-109.06,-3758.38,-28652.78,1559.56,17079.95,-5709.72,176.6,-2114.94,-5533.12,-7648.06,,,,,,,,,
9701,1844.5,4240.74,4963.84,484.84,291.29,-113.94,-3779.44,-28698.88,1564.55,17079.97,-5689.15,176.2,-2122.53,-5512.95,-7635.48,,,,,,,,,
9711,1828.67,4222,4980.12,485.13,262.39,-119.97,-3786.02,-28727.6,1577.2,17172.26,-5700.07,170.38,-2105.82,-5529.69,-7635.52,,,,,,,,,
9721,1809.36,4193.66,4980.57,466.95,277.6,-132.93,-3816.26,-28699.98,1567.21,17185.28,-5713.22,171.43,-2168.52,-5541.79,-7710.31,,,,,,,,,
9731,1841.4,4218.59,4983.88,483.29,283.89,-93.88,-3774.39,-28663.59,1593.32,17186.09,-5783.56,176.26,-1941.41,-5607.3,-7548.71,,,,,,,,,
9741,1788.38,4218.86,4887.72,459.37,278.57,-141.83,-3793.08,-28591.05,1598.21,17021.27,-5714.86,170.7,-2273.58,-5544.17,-7817.74,,,,,,,,,
9751,1806.67,4211.65,4988.21,486.02,265.31,-143.84,-3778.06,-28657.74,1559.64,17132.19,-5705.25,173.92,-2129.94,-5531.33,-7661.26,,,,,,,,,
9761,1739.88,4227.45,4914.52,470.29,264.78,-98.68,-3804.03,-28792.62,1621.21,17153.05,-5640.67,173.59,-2304.15,-5467.09,-7771.24,,,,,,,,,
9771,1776.36,4143.57,4964.68,469.32,260.16,-133.53,-3822.21,-28746.29,1606.49,17205.47,-5676.7,172.31,-2275.97,-5504.39,-7780.36,,,,,,,,,
9781,1812.63,4199.36,4947.45,486.96,270.95,-115.26,-3783.66,-28953.46,1609.54,17225.22,-5605.82,175.72,-2300.28,-5430.1,-7730.38,,,,,,,,,
9791,1795.43,4152.21,4949.19,479.28,260.64,-122.93,-3770.06,-28765.68,1602.64,17155.97,-5654.88,170.87,-2263.31,-5484.01,-7747.32,,,,,,,,,
9801,1803.52,4195.28,4964.74,472.31,280.96,-101.34,-3820.49,-28757.19,1594.13,17173.94,-5643.87,169.78,-2194.16,-5474.09,-7668.25,,,,,,,,,
9811,1814.4,4220.66,4910.11,477.2,266.83,-118.05,-3823.47,-28745.5,1596.82,17208.57,-5716.02,173.81,-2192.43,-5542.21,-7734.64,,,,,,,,,
9821,1833.33,4248.45,4956.23,480.4,251.89,-141.07,-3818.14,-28722.94,1576.64,17115.33,-5709.15,170.97,-2219.89,-5538.18,-7758.07,,,,,,,,,
9831,1801.02,4294.97,4951.44,479.33,273.8,-135.96,-3774.09,-28843.97,1604.72,17153.92,-5628.77,171.32,-2194.83,-5457.45,-7652.27,,,,,,,,,
9841,1883.4,4218.13,4939.99,498.56,276.81,-105.16,-3869.72,-28734.07,1560.5,17190.57,-5682.51,169.5,-2140.98,-5513.01,-7653.99,,,,,,,,,
9851,1749.24,4216.12,4926.48,476.29,272.44,-137.25,-3820.42,-28746.55,1568.39,17183.46,-5666.26,171.9,-2311.78,-5494.36,-7806.14,,,,,,,,,
9861,1793.14,4152.34,4959.68,471.13,272.27,-127.95,-3810.32,-28806.43,1618.34,17143.81,-5631.61,171.87,-2333.98,-5459.74,-7793.72,,,,,,,,,
9871,1825.5,4278.65,4963.86,496.45,273.62,-109.11,-3812.54,-28868.3,1622.28,17129.57,-5565.97,168.31,-2200.03,-5397.66,-7597.69,,,,,,,,,
9881,1805.8,4225,4934.15,480.3,267.98,-139.77,-3791.71,-28645.25,1577.3,17091.1,-5734.64,173.93,-2195.11,-5560.71,-7755.82,,,,,,,,,
9891,1794.73,4158.9,4924.48,460.94,265.43,-95.2,-3828.11,-28726.65,1618.43,17074.16,-5671.21,171.61,-2352.89,-5499.6,-7852.49,,,,,,,,,
9901,1793.72,4164,4927.67,474.06,284.77,-121.91,-3856.78,-28871.18,1597.07,17296.77,-5610.63,167.39,-2311.81,-5443.24,-7755.05,,,,,,,,,
9911,1769.35,4207.57,4895.5,483.35,274.77,-125.44,-3838.42,-28842.35,1619.13,17234.67,-5658.48,168.37,-2321.87,-5490.1,-7811.97,,,,,,,,,
9921,1746.97,4277.64,4884.96,478.4,263.27,-107.42,-3827.98,-28924.64,1618.29,17243.64,-5569.65,167.71,-2346.87,-5401.94,-7748.81,,,,,,,,,
9931,1770.21,4177.39,4944.2,453.39,253.86,-120.86,-3805.68,-28864.57,1577.04,17184.37,-5600.98,175,-2430.64,-5425.97,-7856.61,,,,,,,,,
9941,1827.26,4226.91,4942.99,470.48,275.82,-138.74,-3786.63,-28919.6,1589.76,17116.58,-5520.51,169.86,-2395.17,-5350.65,-7745.82,,,,,,,,,
9951,1734.21,4159.07,4949.04,473.96,278.22,-139.24,-3791.39,-28934.79,1571.97,17323.98,-5601.28,170.7,-2374.97,-5430.58,-7805.55,,,,,,,,,
9961,1824.36,4153.57,4978.32,470.5,280.35,-123.88,-3812.62,-28794.04,1592.14,17173.57,-5680.62,172.76,-2257.73,-5507.87,-7765.6,,,,,,,,,
9971,1804.21,4280.66,4940.44,448.54,281.32,-133.61,-3773.5,-28757.88,1595.01,17161.38,-5683.61,174.04,-2153.43,-5509.56,-7662.99,,,,,,,,,
9981,1862.7,4199.81,4969.78,473.42,291.47,-115.05,-3833.51,-29008.72,1612.95,17236.54,-5538.81,168.67,-2310.61,-5370.14,-7680.75,,,,,,,,,
9991,1767.29,4244.17,4921.16,470.21,257.76,-111.5,-3838.32,-28774.29,1591.18,17191.29,-5645.25,170.94,-2281.05,-5474.31,-7755.36,,,,,,,,,
10001,1831,4245.93,4944.28,463.77,283.98,-119.15,-3793.18,-28968.72,1600.17,17178.95,-5544.54,170.63,-2332.98,-5373.91,-7706.88,,,,,,,,,
,,,,,,,,,,,,,,,,,,,,,,,,
Ligand Energy Terms,,,,,,,,,,,,,,,,,,,,,,,,
Frame #,BOND,ANGLE,DIHED,UB,IMP,CMAP,VDWAALS,EEL,1-4 VDW,1-4 EEL,EGB,ESURF,GGAS,GSOLV,TOTAL,,,,,,,,,
1,13.4,44.66,13.28,0,0.12,0,-2.8,-29.65,30.69,36.87,-84.86,3.91,106.56,-80.95,25.61,,,,,,,,,
11,14.96,39.71,11.6,0,0.51,0,-1.92,-31.59,30.07,37.54,-84.18,3.9,100.87,-80.28,20.6,,,,,,,,,
21,13.16,39.57,12.64,0,0.23,0,-1.6,-33.88,31.14,37.37,-83.03,3.81,98.63,-79.21,19.41,,,,,,,,,
31,15.55,45.9,7.97,0,0.12,0,-3.3,-30.24,30.34,37.9,-85.17,3.95,104.25,-81.23,23.02,,,,,,,,,
41,13.41,39.01,11.2,0,0.36,0,-1.53,-29.67,28.72,36.87,-85.4,3.9,98.37,-81.5,16.87,,,,,,,,,
51,17.23,38.22,9,0,0.12,0,-4.2,-32.5,29.76,39.05,-85.6,3.87,96.68,-81.72,14.95,,,,,,,,,
61,17.22,41.36,9.88,0,0.18,0,-3.26,-30.66,27.68,36.8,-85.5,3.95,99.21,-81.55,17.65,,,,,,,,,
71,15.53,46.67,3.29,0,0.18,0,0.1,-28.43,27.79,36.84,-85.9,3.93,101.98,-81.98,20,,,,,,,,,
81,17.34,35.79,7.55,0,0.63,0,-0.98,-30.08,30.32,37.02,-86.07,3.91,97.59,-82.16,15.43,,,,,,,,,
91,15.46,34.14,7.81,0,0.41,0,-1.7,-32.98,31.83,39.01,-84.17,3.85,93.98,-80.33,13.65,,,,,,,,,
101,15.03,35.85,7.3,0,0.15,0,-1.89,-31.04,31.75,38.31,-84.86,3.87,95.46,-80.99,14.47,,,,,,,,,
111,16.21,34.42,3.69,0,0.13,0,3.04,-28.66,29.28,36.98,-85.7,3.9,95.09,-81.8,13.3,,,,,,,,,
121,18.54,39.12,6.99,0,0.26,0,-0.97,-29.53,26.35,36.11,-85.33,3.94,96.86,-81.39,15.47,,,,,,,,,
131,18.04,41.49,10.07,0,0.25,0,-2.42,-31.58,29.55,35.86,-84.38,3.9,101.28,-80.48,20.8,,,,,,,,,
141,16.5,37.3,15.14,0,0.52,0,-2.64,-32.18,34.74,38.25,-84.87,3.83,107.61,-81.05,26.56,,,,,,,,,
151,11.2,34.04,11.7,0,0.21,0,-0.17,-31.11,32.23,38.49,-84.75,3.84,96.58,-80.91,15.68,,,,,,,,,
161,11.36,46.04,9.13,0,0.25,0,-1.66,-30.15,29.29,36.14,-86.04,3.9,100.39,-82.14,18.24,,,,,,,,,
171,11.2,31.31,10.53,0,0.46,0,-2.49,-31.36,36.45,38.8,-84.23,3.89,94.89,-80.34,14.54,,,,,,,,,
181,15.8,32.14,11.37,0,0.19,0,-3.7,-33.94,31.49,38.44,-84.47,3.87,91.8,-80.61,11.19,,,,,,,,,
191,19.1,37.04,6.74,0,0.13,0,-2.99,-30.64,26.05,37.45,-86.49,3.92,92.89,-82.56,10.32,,,,,,,,,
201,13.21,36.05,13.38,0,0.15,0,-4.12,-31.45,31.13,36.9,-84.32,3.9,95.25,-80.41,14.84,,,,,,,,,
211,18.07,37.79,7.08,0,0.3,0,-1.72,-30.3,31.12,37.46,-85.96,3.91,99.8,-82.05,17.75,,,,,,,,,
221,11.8,36.27,12.2,0,0.07,0,-2.09,-30.19,32.47,36.3,-83.56,3.88,96.83,-79.68,17.15,,,,,,,,,
231,19.16,44.91,5.74,0,0.2,0,-3.65,-30.02,31.98,38.4,-86.38,3.91,106.73,-82.46,24.26,,,,,,,,,
241,11.84,46.62,14.58,0,0.29,0,-2.81,-30.6,28.35,36.37,-84.63,3.89,104.64,-80.74,23.9,,,,,,,,,
251,16.42,31.59,11.02,0,0.22,0,0.4,-29.67,32.83,36.28,-85.09,3.85,99.09,-81.24,17.85,,,,,,,,,
261,12.11,44.83,15.53,0,0.07,0,-4,-32.71,30.91,36.82,-82.88,3.87,103.56,-79.02,24.54,,,,,,,,,
271,14.91,39.71,11.04,0,0.06,0,-0.31,-31.6,33.54,35.91,-83.83,3.84,103.26,-79.99,23.27,,,,,,,,,
281,16.48,34.89,11.75,0,0.13,0,-1.83,-33.21,30.31,37.31,-82.59,3.88,95.83,-78.7,17.13,,,,,,,,,
291,14.77,45.86,15.85,0,0.49,0,-4.06,-32.37,27.82,37.55,-82.75,3.9,105.92,-78.85,27.07,,,,,,,,,
301,17.74,31.36,19.03,0,0.13,0,-5.47,-35.47,27.48,37.45,-83.36,3.86,92.25,-79.5,12.75,,,,,,,,,
311,10.74,44.77,1.18,0,0.68,0,-1.14,-29.42,31.44,37.63,-85.82,3.9,95.87,-81.92,13.95,,,,,,,,,
321,13.55,30.95,6.18,0,0.78,0,-0.61,-29.18,30.9,37.37,-86.33,3.89,89.95,-82.44,7.5,,,,,,,,,
331,13.37,41.57,6.06,0,0.26,0,-0.85,-29.45,31.42,37.81,-84.45,3.91,100.18,-80.54,19.64,,,,,,,,,
341,15.6,31.08,12.71,0,0.23,0,-2.62,-32.04,31.1,36.88,-83.8,3.9,92.95,-79.89,13.05,,,,,,,,,
351,19.76,36.1,8.01,0,0.09,0,-1.66,-30.17,27.96,38.08,-85.57,3.89,98.18,-81.69,16.49,,,,,,,,,
361,11.68,41.38,14.01,0,0.71,0,-2.73,-30.98,30.99,36.28,-84.97,3.86,101.34,-81.11,20.23,,,,,,,,,
371,20.11,36.46,9.3,0,0.31,0,-2.61,-30.23,27.18,36.81,-85.77,3.89,97.32,-81.87,15.45,,,,,,,,,
381,13.87,41.79,9.66,0,0.51,0,-5.08,-32.02,29.96,39.37,-84.45,3.9,98.07,-80.55,17.52,,,,,,,,,
391,12.24,37.54,6.4,0,0.57,0,-1.8,-30.96,31.45,37.43,-85.13,3.88,92.86,-81.25,11.61,,,,,,,,,
401,13.91,43.42,4.82,0,0.07,0,-1.08,-33.01,31.6,39.23,-84.98,3.88,98.97,-81.1,17.87,,,,,,,,,
411,10.99,49.17,12.75,0,0.17,0,-3.24,-31.38,29.53,36.36,-84.1,3.85,104.36,-80.25,24.11,,,,,,,,,
421,16.6,37.75,11.59,0,0.29,0,-3.73,-29.74,28,36.43,-86.62,3.93,97.19,-82.69,14.5,,,,,,,,,
431,9.77,36.58,14.81,0,0.15,0,-1.69,-30.43,31.06,35.75,-85.63,3.85,96.01,-81.78,14.23,,,,,,,,,
441,15.48,44.5,14.24,0,0.22,0,-0.97,-30.66,29.64,36.4,-83.08,3.86,108.86,-79.22,29.64,,,,,,,,,
451,13.64,37.75,13.54,0,0.15,0,-3.27,-31.59,31.34,37.34,-84.24,3.86,98.89,-80.37,18.52,,,,,,,,,
461,10.79,45.7,7.46,0,0.2,0,-0.52,-28.96,30.45,36.11,-85.2,3.89,101.22,-81.31,19.91,,,,,,,,,
471,11.15,37.71,12.27,0,0.19,0,-4.28,-31.35,30.77,38.48,-85.19,3.89,94.94,-81.3,13.65,,,,,,,,,
481,10.57,33.14,4.58,0,0.19,0,-0.74,-29.15,30.98,37.47,-86.1,3.9,87.03,-82.2,4.84,,,,,,,,,
491,10.83,50.34,11.04,0,0.1,0,-4.72,-32.35,33.37,36.51,-83.99,3.84,105.11,-80.16,24.95,,,,,,,,,
501,12.54,36.73,6.89,0,0.41,0,-3.44,-32.13,33.73,39.16,-84.76,3.86,93.87,-80.89,12.98,,,,,,,,,
511,16.02,37.39,2.88,0,0.08,0,0.23,-29.64,30.59,36.5,-85.15,3.9,94.05,-81.25,12.8,,,,,,,,,
521,12.25,29.89,10.52,0,0.77,0,1.2,-29.86,33.14,37.21,-85.75,3.85,95.13,-81.89,13.23,,,,,,,,,
531,12.7,40.74,7.27,0,0.12,0,-0.45,-30.12,30.26,37.37,-85.79,3.89,97.91,-81.9,16,,,,,,,,,
541,18.97,36.34,8.6,0,0.05,0,-3.91,-32.03,31.29,38.09,-85.33,3.89,97.4,-81.44,15.96,,,,,,,,,
551,14.78,41.21,10.96,0,0.29,0,-3.47,-31.41,30.58,38.53,-85.14,3.89,101.47,-81.26,20.21,,,,,,,,,
561,13.5,38.2,12.15,0,0.21,0,-1.27,-29.94,31.7,36.5,-85.58,3.9,101.03,-81.68,19.35,,,,,,,,,
571,11.15,34.03,16.18,0,0.27,0,-4.08,-30.98,33.97,36.85,-84.67,3.85,97.39,-80.82,16.57,,,,,,,,,
581,17.65,32.7,8.96,0,0.24,0,-2.04,-29.12,27.32,35.72,-85.53,3.95,91.43,-81.59,9.85,,,,,,,,,
591,14.9,37.13,8.08,0,0.11,0,-1.07,-29.23,31.68,38.3,-86.74,3.9,99.9,-82.84,17.07,,,,,,,,,
601,11.34,39.42,15.49,0,0.29,0,-1.23,-30.51,33.03,37.19,-85.78,3.88,105.04,-81.9,23.14,,,,,,,,,
611,12.74,38.72,11.89,0,0.38,0,-3.67,-29.46,30.45,35.94,-85.32,3.94,97.01,-81.39,15.62,,,,,,,,,
621,15.02,39.84,1.28,0,0.19,0,-0.21,-30.2,31.84,38.38,-85.49,3.91,96.14,-81.58,14.56,,,,,,,,,
631,24.83,42.56,3.36,0,0.07,0,-2.31,-30.14,26.98,37.62,-86.06,3.9,102.98,-82.16,20.83,,,,,,,,,
641,8.32,35.03,19.19,0,0.15,0,-4.66,-31.82,30.61,37.06,-84.39,3.85,93.89,-80.53,13.36,,,,,,,,,
651,16.89,46.76,5.66,0,0.35,0,-3.02,-30.63,30.45,37.77,-85.11,3.9,104.22,-81.21,23.02,,,,,,,,,
661,23.05,30.74,8.3,0,0.55,0,-0.58,-29.44,30.53,37.64,-85.07,3.93,100.79,-81.14,19.65,,,,,,,,,
671,16.27,41.97,10.17,0,0.17,0,-3.5,-30.16,29.36,36.19,-85.06,3.92,100.48,-81.14,19.34,,,,,,,,,
681,14,39.08,5.09,0,0.17,0,-2.36,-30.81,29.63,36.86,-84.44,3.87,91.65,-80.56,11.09,,,,,,,,,
691,11.86,34.53,10.56,0,0.28,0,-1.57,-29.41,32.37,37,-85.26,3.91,95.62,-81.35,14.27,,,,,,,,,
701,13.57,38.42,11.33,0,0.11,0,-3.26,-31.7,31.65,38.5,-85.55,3.87,98.62,-81.68,16.94,,,,,,,,,
711,8.76,39.78,4.55,0,0.12,0,-1.12,-30.35,33.59,37.2,-85.54,3.86,92.53,-81.68,10.85,,,,,,,,,
721,15.08,38.7,6.84,0,0.17,0,-2.19,-30.45,31.36,37.05,-85.5,3.9,96.54,-81.6,14.94,,,,,,,,,
731,11.56,46.25,5.97,0,0.17,0,-0.31,-29.61,32.35,37.17,-84.92,3.88,103.55,-81.03,22.51,,,,,,,,,
741,16.42,36.46,5.71,0,0.14,0,-0.04,-28.39,31.16,36.67,-85.94,3.89,98.12,-82.05,16.07,,,,,,,,,
751,13.57,37.16,16.37,0,0.15,0,-1.12,-31.43,29.79,38.73,-85.52,3.86,103.22,-81.66,21.56,,,,,,,,,
761,12.39,38.98,9.69,0,0.18,0,-2.42,-32.16,33.41,36.23,-83.61,3.87,96.3,-79.74,16.56,,,,,,,,,
771,10.86,33.92,13.2,0,0.14,0,-4.61,-32,33.23,37.61,-85.21,3.85,92.34,-81.37,10.98,,,,,,,,,
781,17.36,37.62,4.31,0,0.09,0,-2.5,-31.29,29.2,39.68,-85.77,3.9,94.47,-81.87,12.6,,,,,,,,,
791,27.95,32.09,4,0,0.48,0,0.78,-30.13,28.48,39.21,-85.36,3.86,102.85,-81.5,21.36,,,,,,,,,
801,13.82,40.25,7.26,0,0.43,0,-0.91,-30.25,32.19,37.93,-86.45,3.91,100.72,-82.53,18.18,,,,,,,,,
811,24.3,33.79,7.1,0,0.09,0,-3.02,-29.81,25.05,36.88,-85.49,3.95,94.38,-81.55,12.83,,,,,,,,,
821,20.75,38.36,7.32,0,0.2,0,-0.4,-31.8,28.7,37.74,-84.85,3.84,100.88,-81.01,19.87,,,,,,,,,
831,21.15,36.02,6.56,0,0.44,0,-1.17,-28.65,27.57,36.16,-86.21,3.92,98.07,-82.3,15.77,,,,,,,,,
841,8.69,41.69,14.74,0,0.14,0,-2.57,-31.62,30.34,36.62,-84.78,3.85,98.03,-80.93,17.1,,,,,,,,,
851,10.42,40.23,13.61,0,0.11,0,-4.21,-33.49,33.81,37.01,-81.85,3.87,97.5,-77.98,19.51,,,,,,,,,
861,12.91,37.88,12.8,0,0.25,0,-2.32,-29.51,30.32,36.45,-85.03,3.89,98.8,-81.13,17.67,,,,,,,,,
871,17.94,39.23,10.65,0,0.12,0,-2.5,-30.68,29.86,35.57,-84.64,3.88,100.18,-80.76,19.42,,,,,,,,,
881,23.5,38.06,12.04,0,0.21,0,-3.47,-31.34,26.33,37.26,-84.76,3.89,102.6,-80.87,21.73,,,,,,,,,
891,20.96,37.7,20.45,0,0.29,0,-4.02,-35.37,32.01,36.75,-81.24,3.84,108.77,-77.4,31.37,,,,,,,,,
901,14.08,37.25,6.95,0,0.12,0,1.96,-28.15,32.65,35.82,-85.03,3.89,100.68,-81.14,19.54,,,,,,,,,
911,10.08,35.27,5.91,0,0.41,0,0.31,-31.08,31.42,37.54,-85.06,3.82,89.87,-81.23,8.64,,,,,,,,,
921,14.35,38.25,15.93,0,0.1,0,-4.01,-31.65,30.73,35.96,-83.29,3.88,99.66,-79.42,20.25,,,,,,,,,
931,14.48,44.23,12.08,0,0.12,0,-3.19,-30.89,30.01,37.98,-84.9,3.88,104.81,-81.02,23.79,,,,,,,,,
941,20.52,42.33,5.41,0,0.18,0,-1.67,-29.76,26.25,36.35,-85.92,3.91,99.62,-82.01,17.61,,,,,,,,,
951,13.14,43.02,2.28,0,0.18,0,-1.64,-30.92,32.64,39.33,-86.48,3.87,98.03,-82.61,15.42,,,,,,,,,
961,15.91,35.71,12.12,0,0.12,0,-0.99,-29.1,28.94,35.71,-84.65,3.89,98.4,-80.77,17.64,,,,,,,,,
971,11.34,43.59,6.2,0,0.19,0,-0.81,-31.53,30.18,37.74,-85.71,3.86,96.9,-81.85,15.04,,,,,,,,,
981,11.34,41.64,10.98,0,0.22,0,-1.97,-28.92,32.33,36.88,-85.93,3.89,102.51,-82.04,20.47,,,,,,,,,
991,12.23,41.3,6.52,0,0.35,0,-2.48,-30.36,31.09,38.65,-86.04,3.86,97.29,-82.18,15.12,,,,,,,,,
1001,21.41,39.41,9.23,0,0.16,0,-2.01,-30.63,30.22,36.95,-86.11,3.87,104.74,-82.24,22.51,,,,,,,,,
1011,19.18,47,10.83,0,0.12,0,-3.92,-30.03,26.79,36.32,-85.27,3.91,106.28,-81.37,24.92,,,,,,,,,
1021,15.76,43.95,13.88,0,0.2,0,-4.21,-30.55,27.72,38.55,-85.91,3.92,105.28,-81.99,23.29,,,,,,,,,
1031,14.99,34.66,13.11,0,0.15,0,-2.11,-31.04,28.63,36.98,-84.51,3.89,95.36,-80.62,14.74,,,,,,,,,
1041,12.83,36.88,10.33,0,0.38,0,-3.87,-29.72,30.46,36.85,-84.88,3.91,94.15,-80.97,13.17,,,,,,,,,
1051,16.28,36.94,9.56,0,0.14,0,-1.44,-31.38,29.38,36.43,-84,3.92,95.91,-80.08,15.83,,,,,,,,,
1061,17.38,39.39,5.89,0,0.05,0,-1.48,-30.58,32.71,38.07,-85.36,3.91,101.43,-81.44,19.98,,,,,,,,,
1071,13.26,29.61,21.34,0,0.22,0,-3.1,-32.14,32.94,36.72,-84.22,3.85,98.84,-80.37,18.47,,,,,,,,,
1081,18.34,40.73,7.3,0,0.17,0,-2.1,-30.72,28.19,37.89,-85.27,3.9,99.8,-81.36,18.44,,,,,,,,,
1091,9.31,33.6,9.7,0,0.3,0,-2.18,-30.45,33.52,37.43,-85.93,3.9,91.23,-82.04,9.19,,,,,,,,,
1101,14.76,40.42,18.4,0,0.33,0,-3.75,-34.09,29.63,37.05,-81.42,3.89,102.76,-77.52,25.24,,,,,,,,,
1111,11.4,29.09,11.93,0,0.08,0,-3.44,-31.33,33.63,36.92,-84.76,3.89,88.28,-80.87,7.4,,,,,,,,,
1121,18.26,33.32,5.03,0,0.71,0,-0.84,-30.52,28.48,37.9,-85.08,3.95,92.35,-81.13,11.22,,,,,,,,,
1131,11.95,35.03,12.62,0,0.09,0,0.74,-31.11,31.19,38.26,-85.45,3.86,98.76,-81.58,17.17,,,,,,,,,
1141,13.1,36.87,18.98,0,0.14,0,-3.63,-32.64,28.45,34.68,-83.09,3.89,95.95,-79.2,16.75,,,,,,,,,
1151,13.78,46.82,9.52,0,0.26,0,-2.91,-32.12,32.18,37.17,-83.15,3.88,104.69,-79.27,25.41,,,,,,,,,
1161,7.29,41.74,13.09,0,0.42,0,-1.87,-32.98,35,37.06,-83.51,3.83,99.75,-79.67,20.08,,,,,,,,,
1171,19.32,37.62,12.84,0,0.1,0,-3.19,-33.06,31.59,37.4,-84.28,3.85,102.64,-80.43,22.21,,,,,,,,,
1181,15.51,37.47,2.41,0,0.07,0,-0.69,-29.13,29.33,36.96,-85.01,3.93,91.93,-81.07,10.86,,,,,,,,,
1191,17.77,34.95,8.41,0,0.2,0,-0.7,-29.87,30.24,37.33,-84.43,3.88,98.32,-80.55,17.76,,,,,,,,,
1201,15.4,46.65,3.63,0,0.2,0,-3.55,-31.38,31.69,37.95,-85.17,3.92,100.6,-81.25,19.35,,,,,,,,,
1211,11.56,44.99,8.23,0,0.11,0,-1.46,-30.57,32.03,36.57,-84.71,3.91,101.48,-80.8,20.68,,,,,,,,,
1221,10.75,37.7,15.95,0,0.6,0,-4.78,-33.76,32.71,37.86,-83.03,3.88,97.04,-79.14,17.9,,,,,,,,,
1231,16.16,42.93,6.03,0,0.08,0,-0.05,-29.76,30.8,35.5,-84.62,3.89,101.69,-80.73,20.97,,,,,,,,,
1241,13.47,39.8,13.27,0,0.24,0,-4.14,-33.71,30.74,37.04,-82.87,3.9,96.7,-78.97,17.73,,,,,,,,,
1251,12.03,38.35,7.34,0,0.43,0,-2.11,-31.35,31.7,37.71,-84.49,3.89,94.11,-80.6,13.51,,,,,,,,,
1261,13.13,42.02,14.55,0,0.9,0,-1.34,-30.62,33.42,35.16,-83.14,3.88,107.22,-79.26,27.96,,,,,,,,,
1271,23.33,33.5,11.53,0,0.13,0,-4.04,-31.96,26.16,38.15,-85.44,3.94,96.8,-81.5,15.3,,,,,,,,,
1281,17.46,45.38,8.76,0,0.19,0,-2.58,-31.55,28.95,37.23,-84.64,3.94,103.84,-80.7,23.14,,,,,,,,,
1291,18.09,43.14,5.67,0,0.31,0,-3.83,-30.25,31.2,37.07,-85.31,3.89,101.39,-81.41,19.98,,,,,,,,,
1301,12,39.32,11.7,0,0.3,0,-3.89,-30.98,30.22,38.07,-85.64,3.86,96.75,-81.78,14.96,,,,,,,,,
1311,13.93,38.69,7.18,0,0.24,0,-2.61,-30.45,30.72,36.37,-84.47,3.9,94.07,-80.57,13.5,,,,,,,,,
1321,18.09,37.02,14.04,0,0.1,0,-1.97,-33.32,25.42,36.35,-82.54,3.86,95.73,-78.68,17.05,,,,,,,,,
1331,15.82,40.54,8.31,0,0.37,0,-2.04,-29.51,33.52,36.36,-84.26,3.88,103.38,-80.37,23.01,,,,,,,,,
1341,8.12,42.14,12.27,0,0.37,0,0.47,-30.21,32.84,37.05,-84.31,3.86,103.05,-80.44,22.61,,,,,,,,,
1351,14.07,40.71,1.98,0,0.22,0,-0.44,-29.72,33.45,36.65,-84.9,3.89,96.93,-81.01,15.92,,,,,,,,,
1361,9.34,32.27,16.07,0,0.42,0,-4.89,-32.54,31.55,37.87,-83.78,3.89,90.11,-79.89,10.21,,,,,,,,,
1371,11.53,38.76,21.71,0,0.36,0,-4.53,-33.12,32.49,37.98,-83.91,3.84,105.2,-80.07,25.12,,,,,,,,,
1381,13.75,33.68,8.77,0,0.29,0,-2.84,-29.57,29.63,37.7,-85.59,3.92,91.41,-81.67,9.74,,,,,,,,,
1391,17.21,34.79,9.42,0,0.57,0,-2.46,-33.83,34.1,37.65,-83.7,3.82,97.44,-79.88,17.56,,,,,,,,,
1401,15.89,40,10.23,0,0.29,0,-3.7,-33.3,31.53,37.46,-83.12,3.87,98.39,-79.25,19.15,,,,,,,,,
1411,17.82,39.51,12.07,0,0.23,0,-3.27,-30.99,29.29,36.07,-84.02,3.89,100.74,-80.13,20.6,,,,,,,,,
1421,16.97,39.05,12.57,0,0.08,0,-1.38,-31.55,29.14,37.01,-85.9,3.85,101.88,-82.05,19.83,,,,,,,,,
1431,15.98,40.59,9.33,0,0.19,0,-1.09,-29.52,32.45,37.84,-85.57,3.89,105.77,-81.68,24.09,,,,,,,,,
1441,17.24,34.67,18.47,0,0.44,0,-5.02,-32.95,29.49,37.44,-83.89,3.89,99.77,-80,19.78,,,,,,,,,
1451,13.65,41.99,14.77,0,0.26,0,-3.82,-29.31,29.43,35.81,-85.68,3.9,102.79,-81.77,21.01,,,,,,,,,
1461,23.05,38.69,17.57,0,0.1,0,-5.94,-30.46,26.21,36.09,-85.8,3.93,105.32,-81.87,23.45,,,,,,,,,
1471,8.72,40.33,15.44,0,0.17,0,-4.04,-31.7,29.33,38.08,-83.84,3.88,96.32,-79.95,16.37,,,,,,,,,
1481,11.34,36,14.73,0,0.2,0,-1.47,-30.49,33.37,37.2,-85.14,3.93,100.89,-81.21,19.69,,,,,,,,,
1491,9.7,36.71,18.15,0,0.13,0,-5.07,-33.59,30.27,37.93,-83.72,3.86,94.24,-79.86,14.38,,,,,,,,,
1501,16.14,38.37,12.41,0,0.1,0,-3.47,-31.79,27.01,36.15,-83.1,3.93,94.91,-79.18,15.74,,,,,,,,,
1511,15.14,37.3,10.39,0,0.17,0,-2.21,-31.19,32.57,37.68,-84.9,3.86,99.85,-81.04,18.81,,,,,,,,,
1521,16.46,36.87,11.1,0,0.15,0,-2.03,-30.75,30.36,36.52,-85.11,3.92,98.68,-81.2,17.49,,,,,,,,,
1531,8.58,36.55,9.43,0,0.26,0,-1.87,-30.13,32.84,37.98,-86.03,3.91,93.63,-82.12,11.51,,,,,,,,,
1541,18.65,29.42,12.2,0,0.14,0,-3.89,-31.2,28.09,36.9,-85.28,3.91,90.3,-81.37,8.93,,,,,,,,,
1551,15.03,38.18,6.85,0,0.4,0,-2.54,-30.87,30.63,36.65,-84.86,3.9,94.32,-80.96,13.36,,,,,,,,,
1561,19.93,51.82,8.36,0,0.36,0,-1.7,-28.64,26.42,36.22,-87.33,3.93,112.78,-83.39,29.39,,,,,,,,,
1571,11.3,32.94,11.05,0,0.18,0,0.66,-30.71,35.23,37.1,-85.19,3.87,97.75,-81.32,16.42,,,,,,,,,
1581,16.98,38.84,6.49,0,0.1,0,-1.42,-30.93,32.52,39.73,-84.97,3.86,102.31,-81.11,21.2,,,,,,,,,
1591,12.98,42.88,9.93,0,0.41,0,-1.9,-30.88,31.42,38.68,-85.35,3.9,103.51,-81.45,22.06,,,,,,,,,
1601,11.36,39.14,11.62,0,0.19,0,-3.57,-31.2,29.23,36.91,-84.12,3.93,93.68,-80.19,13.49,,,,,,,,,
1611,12.88,35.98,14.01,0,0.63,0,-2.26,-31.16,29.07,36.08,-84.24,3.92,95.23,-80.31,14.92,,,,,,,,,
1621,10.55,35.93,10.5,0,0.26,0,-1.78,-30.74,31.93,37.42,-85.58,3.9,94.07,-81.69,12.38,,,,,,,,,
1631,15.3,36.33,12.96,0,0.32,0,-2,-30.8,31.49,37.18,-84.43,3.88,100.78,-80.54,20.24,,,,,,,,,
1641,18.49,37.2,12.72,0,0.39,0,-1.73,-30.16,29.41,37.55,-85.14,3.91,103.88,-81.23,22.65,,,,,,,,,
1651,17.72,31.04,9.38,0,0.12,0,-3.91,-30.83,31.55,37.89,-84.76,3.9,92.95,-80.86,12.08,,,,,,,,,
1661,13.58,33.45,15.34,0,0.28,0,-3.47,-30.66,30.59,38.46,-85.76,3.87,97.56,-81.9,15.66,,,,,,,,,
1671,14.5,41.06,13.4,0,0.4,0,-1.46,-29.75,30.45,36.03,-84.77,3.91,104.63,-80.86,23.77,,,,,,,,,
1681,14.11,36.71,9.48,0,0.09,0,-1.02,-29.08,33.89,37.47,-85.81,3.91,101.66,-81.9,19.76,,,,,,,,,
1691,12.83,36.43,24.65,0,0.18,0,-5.25,-30.51,31.94,36.41,-84.77,3.9,106.67,-80.87,25.8,,,,,,,,,
1701,17.08,40.35,16.78,0,0.14,0,-6.28,-32.1,29.29,36.12,-84.05,3.9,101.38,-80.15,21.23,,,,,,,,,
1711,12.46,34.3,18,0,0.17,0,-4.97,-34.26,30.43,38.27,-83.07,3.86,94.4,-79.2,15.2,,,,,,,,,
1721,17.66,39.25,17.36,0,0.14,0,-4.27,-33.29,29.13,35.67,-83.93,3.88,101.66,-80.05,21.6,,,,,,,,,
1731,14.71,40.38,4.74,0,0.06,0,-1.04,-29.72,27.47,37.19,-85.32,3.9,93.79,-81.42,12.37,,,,,,,,,
1741,11.06,36.68,11.26,0,0.12,0,-3.06,-32.11,28.96,37.05,-84.14,3.9,89.95,-80.24,9.71,,,,,,,,,
1751,11.12,38.9,10.14,0,0.4,0,-1.76,-30.25,32.87,37.87,-85.66,3.9,99.3,-81.75,17.54,,,,,,,,,
1761,14.62,44.49,7.65,0,0.24,0,-2.59,-31.17,28.74,37.99,-85.82,3.9,99.97,-81.92,18.05,,,,,,,,,
1771,23.89,44.02,10.62,0,0.11,0,-2.86,-30.05,25.6,36.57,-86.7,3.93,107.89,-82.77,25.12,,,,,,,,,
1781,14.16,32.28,14.07,0,0.1,0,-0.65,-30.06,30.99,36.15,-84.72,3.89,97.04,-80.83,16.21,,,,,,,,,
1791,13.6,35.73,15.94,0,0.09,0,-2.74,-32.75,36.59,37.02,-82.39,3.84,103.47,-78.55,24.92,,,,,,,,,
1801,12.01,40.57,5.24,0,0.32,0,-1.18,-30.19,31.2,37.29,-85.7,3.89,95.25,-81.81,13.44,,,,,,,,,
1811,13.18,47.14,8.09,0,0.18,0,-2.42,-34.11,26.89,37.4,-83.1,3.89,96.33,-79.21,17.12,,,,,,,,,
1821,12.81,35.96,8.92,0,0.15,0,0.81,-31.1,33.77,35.88,-85.06,3.83,97.19,-81.23,15.96,,,,,,,,,
1831,19.68,34.37,14.2,0,0.11,0,-4.1,-32.33,29.11,38.17,-84.37,3.91,99.21,-80.46,18.75,,,,,,,,,
1841,12.22,39.9,11.12,0,0.77,0,-1.65,-29.9,27.74,36.22,-84.33,3.92,96.42,-80.4,16.02,,,,,,,,,
1851,14.06,41.5,6.37,0,0.08,0,-2.54,-31.57,29.9,37.47,-85.54,3.9,95.26,-81.64,13.61,,,,,,,,,
1861,10.46,35.19,15.5,0,0.76,0,-3.13,-32.57,29.7,36.38,-83.79,3.88,92.28,-79.92,12.36,,,,,,,,,
1871,14.39,38.02,14.59,0,0.46,0,-1.93,-31.32,30.46,36.59,-85.2,3.9,101.27,-81.3,19.97,,,,,,,,,
1881,12.8,28.54,23.32,0,0.34,0,-4.11,-33.57,30.71,37.95,-84.23,3.86,95.97,-80.38,15.6,,,,,,,,,
1891,10.53,39.23,8.97,0,0.51,0,-0.56,-29.9,33.34,38.99,-86,3.88,101.11,-82.13,18.98,,,,,,,,,
1901,20.79,42.02,10.61,0,0.3,0,0.66,-29.7,30.59,37.15,-85.9,3.89,112.43,-82.01,30.42,,,,,,,,,
1911,18.83,36.25,11.36,0,0.79,0,-1.55,-29.28,31,36.41,-85.86,3.88,103.8,-81.98,21.82,,,,,,,,,
1921,21.73,35.32,6.59,0,0.09,0,3.68,-27.98,30.88,35.35,-84.83,3.94,105.66,-80.89,24.78,,,,,,,,,
1931,13.07,39.92,10.91,0,0.26,0,-3.96,-31.53,33.45,37.88,-85.83,3.87,100.01,-81.96,18.05,,,,,,,,,
1941,11.12,37.04,9.08,0,0.17,0,-0.03,-30.17,30.8,37.45,-84.97,3.92,95.47,-81.05,14.42,,,,,,,,,
1951,14.39,36.3,2.11,0,0.06,0,-0.58,-31.21,30.77,37.95,-86.16,3.89,89.79,-82.26,7.53,,,,,,,,,
1961,18.34,40.95,4.6,0,0.06,0,0.92,-29,29.36,34.98,-85.44,3.88,100.22,-81.56,18.66,,,,,,,,,
1971,20.54,30.86,18.27,0,0.17,0,-3.32,-29.4,27.35,35.46,-84.91,3.92,99.92,-80.99,18.93,,,,,,,,,
1981,10.84,40.04,9.11,0,0.27,0,-1.44,-29.6,32.04,37.41,-85.99,3.89,98.67,-82.11,16.57,,,,,,,,,
1991,17.76,37.9,5.88,0,0.11,0,-0.16,-30.44,30.29,37.53,-85.23,3.89,98.87,-81.34,17.54,,,,,,,,,
2001,14.95,26.97,10.12,0,0.21,0,-1.75,-30.21,30.42,36.57,-85.41,3.9,87.28,-81.51,5.78,,,,,,,,,
2011,14.72,37.73,7.96,0,0.19,0,-2.07,-30.85,28.48,37.57,-85.06,3.88,93.73,-81.18,12.55,,,,,,,,,
2021,11.16,41.08,7.01,0,0.44,0,0.75,-30.73,31.8,38.08,-85.62,3.86,99.59,-81.77,17.82,,,,,,,,,
2031,18.11,34.57,5.36,0,0.23,0,-2.01,-29.5,27.7,37.51,-86.41,3.91,91.96,-82.5,9.46,,,,,,,,,
2041,10.86,43.79,17.55,0,0.3,0,-3.07,-29.95,31.01,37.62,-85.62,3.85,108.11,-81.77,26.34,,,,,,,,,
2051,24.22,40.1,7.14,0,0.4,0,-2.04,-29.37,24.16,36.56,-85.89,3.92,101.18,-81.97,19.2,,,,,,,,,
2061,11.34,44.76,10.76,0,0.11,0,0.52,-28.35,34.47,36.79,-86.14,3.87,110.41,-82.26,28.15,,,,,,,,,
2071,10.6,34.27,13.98,0,0.23,0,-2.42,-32,34.07,38.64,-84.82,3.86,97.37,-80.95,16.42,,,,,,,,,
2081,11.82,36.9,12.7,0,0.17,0,-2.03,-29.78,29.77,37.75,-85.61,3.92,97.3,-81.69,15.62,,,,,,,,,
2091,9.6,33.04,10.1,0,0.46,0,-0.78,-31.41,33.77,38.98,-85.1,3.87,93.76,-81.23,12.53,,,,,,,,,
2101,11.02,39.78,6.04,0,0.13,0,-1.65,-31.61,32.82,37.93,-84.92,3.9,94.47,-81.02,13.45,,,,,,,,,
2111,12.5,42.21,10.37,0,0.11,0,-1.76,-30.6,29.88,36.46,-86.07,3.85,99.17,-82.22,16.95,,,,,,,,,
2121,13.48,48.21,12.39,0,0.39,0,-3.39,-32.97,35.62,37.82,-85.11,3.84,111.55,-81.27,30.28,,,,,,,,,
2131,11.29,31.62,11.96,0,0.17,0,-0.54,-30.68,33.11,37.27,-85.51,3.84,94.19,-81.67,12.52,,,,,,,,,
2141,19.95,40.59,5.63,0,0.46,0,-2.83,-29.95,27.17,37.52,-84.48,3.9,98.52,-80.59,17.94,,,,,,,,,
2151,17.58,38.42,8.89,0,0.31,0,-1.85,-30.57,31.46,38.29,-85.01,3.91,102.53,-81.1,21.43,,,,,,,,,
2161,15.95,42.11,10.82,0,0.06,0,-3.57,-31.49,31.57,36.94,-85.31,3.89,102.39,-81.42,20.97,,,,,,,,,
2171,12.68,36.98,5.88,0,0.32,0,0.13,-30.59,31.55,38.25,-85.68,3.85,95.2,-81.83,13.37,,,,,,,,,
2181,13.99,36.17,13.02,0,0.18,0,-1.06,-33.13,30.81,39.14,-84.66,3.81,99.13,-80.84,18.29,,,,,,,,,
2191,16.06,40.25,2.92,0,0.12,0,-1.45,-31.74,29.79,38.77,-85.74,3.88,94.72,-81.86,12.86,,,,,,,,,
2201,14.49,44.31,9.07,0,0.17,0,-0.96,-31.33,30.49,36.52,-85.16,3.86,102.77,-81.29,21.47,,,,,,,,,
2211,15.8,36.29,9.2,0,0.65,0,-3.61,-30.58,30.01,38.48,-85.68,3.88,96.24,-81.79,14.44,,,,,,,,,
2221,20.83,48.08,6.3,0,0.13,0,0.14,-28.51,29.5,37.05,-85.51,3.93,113.52,-81.58,31.94,,,,,,,,,
2231,14.42,35.91,12.16,0,0.29,0,-0.79,-32.26,31.42,36.86,-83.8,3.88,98.01,-79.92,18.1,,,,,,,,,
2241,18.39,36.84,4.22,0,0.11,0,-0.55,-29.44,27.94,37.41,-84.9,3.92,94.91,-80.99,13.93,,,,,,,,,
2251,17.44,34.74,12.28,0,0.51,0,-3.74,-30.74,30.8,36.15,-84.01,3.84,97.44,-80.17,17.27,,,,,,,,,
2261,14.15,40.74,6.53,0,0.21,0,-2.41,-30.78,32.31,37.93,-84.81,3.86,98.69,-80.95,17.74,,,,,,,,,
2271,16.09,32.41,13.45,0,0.07,0,-3.38,-32.15,31.85,38.26,-85.22,3.89,96.61,-81.33,15.28,,,,,,,,,
2281,16.65,30.47,10.14,0,0.28,0,-0.7,-29.7,31.87,37.16,-85.56,3.89,96.17,-81.67,14.5,,,,,,,,,
2291,18.87,39.4,7.26,0,0.23,0,-2.38,-29.75,34.62,37.24,-86.43,3.91,105.48,-82.52,22.96,,,,,,,,,
2301,17.59,39.97,13.11,0,0.16,0,-4.4,-31.49,26.28,36.82,-85.3,3.91,98.04,-81.39,16.65,,,,,,,,,
2311,12.74,44.15,8.27,0,0.45,0,-1.1,-30.76,29.08,37.45,-84.87,3.89,100.29,-80.98,19.31,,,,,,,,,
2321,14.93,41.49,7.68,0,0.21,0,2.18,-30.18,32.48,38.15,-84.84,3.85,106.93,-80.99,25.95,,,,,,,,,
2331,15.15,41.08,6.16,0,0.49,0,0.16,-30.46,31.79,36.62,-84.86,3.88,100.99,-80.99,20,,,,,,,,,
2341,18.08,45.45,6.72,0,0.63,0,-0.61,-29.71,28.18,37.89,-86.19,3.86,106.63,-82.32,24.31,,,,,,,,,
2351,12.41,49.88,8.75,0,0.1,0,-3.22,-32.1,29.82,38.52,-84.41,3.87,104.17,-80.54,23.63,,,,,,,,,
2361,10.64,41.41,13.47,0,0.32,0,-1.4,-32.78,32.06,38.54,-84.77,3.87,102.27,-80.89,21.38,,,,,,,,,
2371,15.06,31.15,13.39,0,0.29,0,-3.31,-32.9,30.38,38,-83.91,3.86,92.06,-80.05,12.01,,,,,,,,,
2381,22.13,30.35,12.33,0,0.47,0,-2.1,-30.34,30.1,36.95,-84.5,3.87,99.87,-80.63,19.24,,,,,,,,,
2391,9.33,36.06,5.36,0,0.27,0,-2.49,-31.13,35.26,37.76,-85.17,3.85,90.41,-81.33,9.08,,,,,,,,,
2401,14.24,39.09,5.18,0,0.1,0,-1.23,-31.57,33.09,37.76,-86.49,3.85,96.65,-82.64,14.01,,,,,,,,,
2411,13.15,39.26,9.83,0,0.19,0,-3.5,-30.85,31.06,37.13,-86.42,3.86,96.28,-82.55,13.73,,,,,,,,,
2421,13.4,32.22,9.49,0,0.09,0,-3.33,-31.07,29.42,36.44,-84.02,3.88,86.65,-80.14,6.51,,,,,,,,,
2431,13.26,44.16,2.97,0,0.17,0,-1.04,-28.5,32.01,35.66,-86.38,3.89,98.68,-82.49,16.19,,,,,,,,,
2441,17.65,42.07,14.94,0,0.3,0,-3.98,-32.68,31.28,38.94,-85.29,3.85,108.52,-81.44,27.08,,,,,,,,,
2451,12.72,39.98,7.59,0,0.1,0,0.91,-29.71,34.19,36.71,-84.67,3.88,102.49,-80.78,21.71,,,,,,,,,
2461,16.58,38.46,8.1,0,0.36,0,-1.4,-30.69,29.41,39.08,-86.35,3.9,99.9,-82.45,17.45,,,,,,,,,
2471,10.23,35.73,12.57,0,0.42,0,0.17,-29.57,35.69,36.36,-85.56,3.84,101.61,-81.72,19.89,,,,,,,,,
2481,16.5,40.12,11.49,0,0.27,0,-4.79,-32.44,29.85,38.22,-83.92,3.89,99.21,-80.03,19.18,,,,,,,,,
2491,13.47,35.99,23.41,0,0.26,0,-5.4,-33.94,31.61,35.96,-82.56,3.84,101.36,-78.72,22.64,,,,,,,,,
2501,13.83,38.63,8,0,0.16,0,-2.22,-30.13,32.44,38.12,-85.76,3.93,98.82,-81.82,16.99,,,,,,,,,
2511,21.81,41.4,7.33,0,0.22,0,-2.54,-31.19,26.2,38.76,-86.27,3.85,101.99,-82.42,19.57,,,,,,,,,
2521,16.22,42.52,12.26,0,0.11,0,-0.44,-30.22,30.03,37.42,-85.31,3.85,107.9,-81.46,26.44,,,,,,,,,
2531,13.17,38.34,11.8,0,0.15,0,-3.08,-31.11,31.95,38.52,-85,3.86,99.75,-81.14,18.61,,,,,,,,,
2541,15.95,42.43,10.69,0,0.31,0,-1.57,-30.73,28.71,36.56,-85.13,3.86,102.35,-81.26,21.09,,,,,,,,,
2551,11.57,40.29,5.73,0,0.16,0,-0.39,-29.54,32.84,37.93,-86.27,3.87,98.58,-82.4,16.18,,,,,,,,,
2561,19.32,33.78,6.87,0,0.12,0,-2.79,-29.78,29.72,36.33,-85.01,3.91,93.57,-81.1,12.47,,,,,,,,,
2571,13.49,30.19,11.49,0,0.12,0,-1.28,-31.86,34.44,38.89,-85.02,3.84,95.48,-81.18,14.3,,,,,,,,,
2581,13.69,33.38,11.78,0,0.8,0,-3.44,-31.86,33.73,37.19,-84.01,3.88,95.28,-80.13,15.14,,,,,,,,,
2591,9.25,36.87,13.17,0,0.19,0,-4.41,-31.42,32.92,39.23,-84.52,3.9,95.8,-80.62,15.17,,,,,,,,,
2601,17.48,48.47,6.75,0,0.12,0,-4.46,-30.46,28.17,38.6,-85.8,3.92,104.67,-81.88,22.79,,,,,,,,,
2611,12.86,41.69,10.57,0,0.23,0,-3.47,-32.27,30.42,38.04,-84.24,3.89,98.07,-80.35,17.72,,,,,,,,,
2621,11.02,37.81,12.85,0,0.24,0,-1.49,-30.41,34.81,38.49,-86.34,3.88,103.32,-82.45,20.87,,,,,,,,,
2631,13.95,36.38,8.33,0,0.17,0,-2.73,-32.55,31.21,37.18,-83.79,3.87,91.94,-79.92,12.02,,,,,,,,,
2641,9.31,37.69,17.24,0,0.1,0,-4.95,-33.01,30.78,36.49,-83.2,3.86,93.65,-79.34,14.31,,,,,,,,,
2651,12.47,31.93,14.37,0,0.34,0,-4.35,-31.65,31.24,37.96,-84.15,3.87,92.3,-80.27,12.02,,,,,,,,,
2661,15.95,32,21.18,0,0.31,0,-5.02,-33.95,27.57,38.59,-84.36,3.82,96.63,-80.53,16.09,,,,,,,,,
2671,14.35,39.38,12.8,0,0.14,0,-3.85,-31.34,27.37,36.7,-84.36,3.87,95.56,-80.49,15.06,,,,,,,,,
2681,9.62,31.26,13.09,0,0.18,0,-3.39,-31.59,30.78,37.45,-84.75,3.86,87.41,-80.89,6.51,,,,,,,,,
2691,11.86,34.94,15.58,0,0.07,0,-4.87,-31.09,34.39,37.53,-84.37,3.92,98.41,-80.45,17.95,,,,,,,,,
2701,14.43,32.8,11,0,0.2,0,-0.18,-30.37,30.76,37.42,-84.66,3.89,96.06,-80.77,15.29,,,,,,,,,
2711,11.27,35.5,18.05,0,0.09,0,-3.3,-32.97,30.59,37.73,-84.1,3.89,96.96,-80.21,16.75,,,,,,,,,
2721,15.87,38.53,8.84,0,0.11,0,-1.6,-30.69,35.16,36.86,-84.62,3.86,103.07,-80.76,22.31,,,,,,,,,
2731,15.12,40.03,8.89,0,0.14,0,-1.39,-28.29,29.69,36.73,-86.74,3.92,100.92,-82.82,18.1,,,,,,,,,
2741,17.75,30.59,10.64,0,0.35,0,-1.73,-29.25,31.21,36.82,-86.05,3.89,96.37,-82.16,14.21,,,,,,,,,
2751,16.72,39.41,12.08,0,0.51,0,-4.69,-31.79,32.22,38.25,-84.55,3.88,102.7,-80.67,22.03,,,,,,,,,
2761,12.61,33.58,10.68,0,0.13,0,-1.63,-29.57,32.53,37.01,-85.98,3.87,95.35,-82.11,13.24,,,,,,,,,
2771,17.68,34.5,10.57,0,0.28,0,-2.56,-30.39,26.03,36.74,-85.47,3.89,92.85,-81.59,11.26,,,,,,,,,
2781,16.21,39.28,6.75,0,0.19,0,-2.91,-30.22,30.47,36.76,-85.67,3.92,96.52,-81.76,14.77,,,,,,,,,
2791,13.06,35.15,10.95,0,0.22,0,-3.56,-30.48,31.23,37.68,-85.46,3.9,94.24,-81.55,12.69,,,,,,,,,
2801,14.61,41.52,11.89,0,0.28,0,-3.57,-30.7,26.86,37.55,-85.17,3.9,98.44,-81.27,17.17,,,,,,,,,
2811,22.17,42.88,6.87,0,0.53,0,-2.69,-29.86,25.2,37.31,-85.19,3.9,102.41,-81.3,21.11,,,,,,,,,
2821,13.34,31.75,16.76,0,0.5,0,-3.03,-32.22,29.25,38.57,-84.78,3.89,94.92,-80.89,14.04,,,,,,,,,
2831,11.44,34.17,10.4,0,0.14,0,-1.95,-31.25,32.56,38.09,-84.56,3.86,93.59,-80.71,12.88,,,,,,,,,
2841,14.71,37.86,9.32,0,0.2,0,-2.81,-30.98,31.68,37.58,-86.02,3.9,97.54,-82.12,15.42,,,,,,,,,
2851,19.09,40.41,14.71,0,0.1,0,-2.71,-31.6,28.3,36.75,-83.62,3.88,105.06,-79.74,25.32,,,,,,,,,
2861,15.06,36.4,10.58,0,0.1,0,-2.2,-31.98,30.66,38.36,-84.64,3.89,96.98,-80.74,16.24,,,,,,,,,
2871,12.78,46.32,9.23,0,0.19,0,-5.25,-30.82,31.28,37.56,-85.62,3.89,101.29,-81.73,19.56,,,,,,,,,
2881,10.18,35.31,17.13,0,0.86,0,-2.99,-32.72,31.4,37.62,-83.36,3.83,96.79,-79.53,17.26,,,,,,,,,
2891,14.83,35.91,11.23,0,0.08,0,1.91,-34.68,28.12,36.29,-82.44,3.86,93.7,-78.58,15.12,,,,,,,,,
2901,14.83,40.43,14.14,0,0.33,0,-1.52,-31.06,30.47,36.89,-84.73,3.9,104.52,-80.83,23.69,,,,,,,,,
2911,16.36,37.03,7.44,0,0.43,0,-3.63,-30.67,28.2,37.96,-83.5,3.91,93.13,-79.59,13.54,,,,,,,,,
2921,18.14,39.24,5.38,0,0.14,0,-2.42,-29.36,30.96,38.58,-85.87,3.88,100.67,-81.99,18.68,,,,,,,,,
2931,18.32,38.59,10.37,0,0.11,0,-1.4,-31.23,30,37.48,-85.57,3.85,102.25,-81.73,20.52,,,,,,,,,
2941,12.41,36.65,6.34,0,0.14,0,-1.06,-30.13,31.29,36.02,-84.42,3.9,91.66,-80.52,11.14,,,,,,,,,
2951,17,40.29,10.46,0,0.34,0,-3.22,-30.72,32.23,37.04,-85.64,3.91,103.43,-81.73,21.7,,,,,,,,,
2961,19.26,38.05,12.39,0,0.22,0,-3.23,-32.4,27.5,36.51,-84.08,3.89,98.31,-80.19,18.12,,,,,,,,,
2971,14.3,37.71,3.56,0,0.14,0,0.43,-29.76,31.17,37.6,-86.42,3.89,95.16,-82.53,12.63,,,,,,,,,
2981,14.48,39.05,14.41,0,0.28,0,-4.06,-32.12,33.05,36.24,-83.87,3.87,101.35,-79.99,21.36,,,,,,,,,
2991,15.44,32.13,8.11,0,0.25,0,1.19,-31.25,31.27,37.69,-84.26,3.86,94.82,-80.41,14.42,,,,,,,,,
3001,22.6,37.66,3.04,0,0.11,0,-2.38,-30.86,27.29,38.09,-85.75,3.85,95.55,-81.89,13.65,,,,,,,,,
3011,18.78,39.88,18.14,0,0.32,0,-1.3,-29.31,33.06,35.1,-85.74,3.86,114.67,-81.88,32.79,,,,,,,,,
3021,13.64,37.37,9.75,0,0.15,0,-1.58,-31.37,30.28,37.07,-84.31,3.88,95.3,-80.43,14.88,,,,,,,,,
3031,19.16,36.03,9.15,0,0.37,0,-1.93,-29.68,31.07,37.14,-85.35,3.9,101.32,-81.44,19.88,,,,,,,,,
3041,13.09,36.72,12.43,0,0.5,0,-2.56,-31.96,32.83,39.24,-85.15,3.85,100.29,-81.29,18.99,,,,,,,,,
3051,11.52,47.49,6.22,0,0.32,0,-2.6,-30.49,34.46,38,-86.24,3.89,104.92,-82.35,22.57,,,,,,,,,
3061,10.27,28.29,17.7,0,0.56,0,-5.02,-31.14,27.31,36.03,-84.73,3.88,83.99,-80.86,3.13,,,,,,,,,
3071,15.58,30.89,14.72,0,0.29,0,-4.8,-31.78,30.58,38.83,-84.62,3.88,94.3,-80.73,13.57,,,,,,,,,
3081,16.31,39.05,12.89,0,0.52,0,-3.6,-32.67,31.19,39.32,-85.72,3.83,103.02,-81.89,21.13,,,,,,,,,
3091,10.58,39.78,10.84,0,0.79,0,-2.42,-31.54,34.96,39.22,-85.16,3.84,102.2,-81.32,20.88,,,,,,,,,
3101,14.11,31.25,15.01,0,0.12,0,-3.68,-30.66,28.97,37.43,-84.62,3.89,92.54,-80.73,11.81,,,,,,,,,
3111,17.43,42.59,10.02,0,0.16,0,-4.45,-30.33,27.41,37.45,-84.43,3.91,100.29,-80.52,19.76,,,,,,,,,
3121,12.62,34.69,17.13,0,0.14,0,-3.73,-31.38,31.9,37.54,-84.58,3.84,98.9,-80.74,18.16,,,,,,,,,
3131,13.85,31.32,12.91,0,0.34,0,-3.58,-30.94,31.79,36.93,-84.87,3.83,92.62,-81.04,11.58,,,,,,,,,
3141,16.82,35.69,11.76,0,0.43,0,-3.07,-33.24,33.78,38.01,-83.15,3.9,100.18,-79.26,20.93,,,,,,,,,
3151,12.96,38.27,7.72,0,0.47,0,-3.38,-31.04,29.88,38.57,-85.41,3.88,93.45,-81.53,11.92,,,,,,,,,
3161,9.36,34.97,13.16,0,0.39,0,-3.25,-30.71,36.15,37.04,-85.11,3.83,97.1,-81.29,15.81,,,,,,,,,
3171,16.07,28.96,9.1,0,0.16,0,-1.98,-30.17,29.66,36.71,-85.24,3.94,88.52,-81.3,7.22,,,,,,,,,
3181,12.19,31.59,12.33,0,0.09,0,-2.29,-31.21,33.21,38.09,-85.74,3.86,94,-81.88,12.11,,,,,,,,,
3191,17.06,35.29,4.97,0,0.16,0,-2.81,-30,31.56,38,-86.39,3.92,94.21,-82.48,11.74,,,,,,,,,
3201,19.3,36.07,12.86,0,0.24,0,-3,-29.48,28.72,36.58,-87.02,3.9,101.29,-83.12,18.17,,,,,,,,,
3211,14.45,35.8,21.58,0,0.14,0,-5.7,-33.81,30.38,36.33,-83.14,3.88,99.17,-79.25,19.92,,,,,,,,,
3221,11.58,36.64,15.31,0,0.28,0,-3.21,-30.15,33.02,36.68,-85.21,3.87,100.16,-81.34,18.82,,,,,,,,,
3231,10.61,46.67,5.79,0,0.48,0,-2.06,-29.61,37.58,37.24,-85.91,3.89,106.71,-82.02,24.69,,,,,,,,,
3241,10.74,36.04,9.85,0,0.25,0,-3.57,-31.82,32.76,37.08,-84.8,3.86,91.34,-80.94,10.39,,,,,,,,,
3251,10.7,40.34,9.63,0,0.11,0,-3.48,-30.81,33.89,38.67,-85.66,3.91,99.06,-81.75,17.31,,,,,,,,,
3261,12.15,42.38,8.88,0,0.34,0,-2.53,-30.94,29.35,36.92,-84.39,3.9,96.55,-80.5,16.05,,,,,,,,,
3271,14.41,37.53,9.28,0,0.18,0,-2.85,-30.98,31.14,38.11,-85.28,3.9,96.82,-81.38,15.44,,,,,,,,,
3281,14.56,37.5,6.86,0,0.16,0,-0.4,-29.55,32.57,36.94,-85.69,3.89,98.65,-81.79,16.85,,,,,,,,,
3291,19.36,40.76,7.61,0,0.17,0,-2.81,-29.91,31.56,37.39,-84.59,3.91,104.11,-80.68,23.44,,,,,,,,,
3301,13.31,28.65,13.38,0,0.06,0,-3.8,-29.91,32.07,37.28,-84.78,3.9,91.05,-80.89,10.16,,,,,,,,,
3311,19,33.76,17.08,0,0.41,0,-4.94,-30.29,27.73,36.74,-84.62,3.91,99.5,-80.71,18.78,,,,,,,,,
3321,14.29,32.76,13.11,0,0.2,0,-2.99,-31.82,36.05,38.12,-85.13,3.86,99.71,-81.27,18.44,,,,,,,,,
3331,17.74,36.26,9.66,0,0.2,0,-0.73,-29.82,30.74,35.59,-84.19,3.89,99.64,-80.3,19.34,,,,,,,,,
3341,13.14,36.42,13.76,0,0.32,0,-2.35,-32.58,29.97,38.31,-85.51,3.86,96.99,-81.65,15.34,,,,,,,,,
3351,11.49,36.18,10.88,0,0.31,0,-2.65,-30.07,29.51,38.59,-86.5,3.87,94.24,-82.63,11.61,,,,,,,,,
3361,17.05,30.66,16.64,0,0.14,0,-3.54,-30.84,27.69,36.84,-84.24,3.86,94.64,-80.38,14.26,,,,,,,,,
3371,18.06,37.87,10.62,0,0.17,0,-4.21,-31.01,28.28,37.98,-86.11,3.87,97.78,-82.24,15.53,,,,,,,,,
3381,15.2,37.93,9.09,0,0.13,0,-4.89,-31.07,30.36,37.12,-84.54,3.89,93.87,-80.65,13.22,,,,,,,,,
3391,7.52,41.08,18.03,0,0.38,0,-4.98,-31.65,35.37,38.89,-85.24,3.87,104.65,-81.37,23.28,,,,,,,,,
3401,14.9,44.13,9.5,0,0.15,0,-3.23,-30.54,30.73,37.69,-85.02,3.89,103.33,-81.14,22.19,,,,,,,,,
3411,10.37,38.55,9.64,0,0.17,0,-3.53,-32,33.15,38.08,-85.26,3.89,94.43,-81.37,13.06,,,,,,,,,
3421,15.37,35.71,9.16,0,0.15,0,-2.27,-30.51,35.51,37.86,-86.14,3.86,100.97,-82.28,18.7,,,,,,,,,
3431,13.45,38.85,11.24,0,0.36,0,-2.83,-29.66,31.63,36.85,-86.4,3.88,99.89,-82.53,17.36,,,,,,,,,
3441,10.56,37.66,8.04,0,0.67,0,-1.95,-30.09,32.88,37.79,-84.66,3.87,95.55,-80.79,14.77,,,,,,,,,
3451,16.61,33.66,7.69,0,0.06,0,-3.7,-30.72,31.07,38.61,-85.8,3.88,93.27,-81.92,11.35,,,,,,,,,
3461,17.49,38.99,10.4,0,0.28,0,-3.05,-30.36,31.73,38.08,-86.27,3.9,103.56,-82.37,21.18,,,,,,,,,
3471,14.2,30.13,11.1,0,0.24,0,-0.07,-31.18,35.49,37.4,-85.29,3.86,97.3,-81.43,15.88,,,,,,,,,
3481,15.74,30.99,13.54,0,0.11,0,-2.65,-33.13,34.19,38.09,-83.22,3.85,96.86,-79.37,17.49,,,,,,,,,
3491,10.63,44.99,21.76,0,0.43,0,-5.9,-33.06,30.87,37.83,-83.03,3.9,107.54,-79.14,28.41,,,,,,,,,
3501,19.27,35.49,6.64,0,0.86,0,-1.45,-30.56,32.66,38.46,-84.05,3.86,101.37,-80.19,21.18,,,,,,,,,
3511,13.94,38.05,14.37,0,0.59,0,0.53,-30.83,33.12,35.9,-84.95,3.85,105.68,-81.1,24.58,,,,,,,,,
3521,17.02,38.88,16.5,0,0.27,0,-2.75,-31.81,34.81,35.88,-84.42,3.82,108.81,-80.6,28.22,,,,,,,,,
3531,18.07,36.06,8.18,0,0.35,0,-1.48,-31.09,30.22,37.17,-85.41,3.87,97.46,-81.54,15.92,,,,,,,,,
3541,13.71,33.78,11.53,0,0.13,0,-2.66,-31.46,33.35,37.37,-85.38,3.88,95.74,-81.5,14.24,,,,,,,,,
3551,8.56,42.62,9.8,0,0.31,0,-1.74,-30.62,33.99,36.75,-84.8,3.87,99.66,-80.93,18.74,,,,,,,,,
3561,20.09,33.93,8.19,0,0.24,0,-2.01,-27.58,28.37,36.6,-86.68,3.92,97.83,-82.76,15.07,,,,,,,,,
3571,13.48,36.83,12.45,0,0.12,0,-2.53,-31.4,37.14,39.06,-84.43,3.88,105.16,-80.55,24.61,,,,,,,,,
3581,9.66,30.88,12.09,0,0.27,0,-3.41,-30.47,35.19,36.91,-85.11,3.88,91.12,-81.23,9.89,,,,,,,,,
3591,17.52,35.19,14.89,0,0.15,0,-4.04,-32.14,30.45,38.1,-85.01,3.88,100.14,-81.13,19.01,,,,,,,,,
3601,16.33,42.95,3.07,0,0.04,0,-0.26,-28.06,34.16,37.3,-85.26,3.86,105.52,-81.4,24.12,,,,,,,,,
3611,12.3,32.14,12.58,0,0.39,0,-1.89,-32.63,32.55,37.97,-84.12,3.86,93.4,-80.26,13.15,,,,,,,,,
3621,15.53,41.2,10.3,0,0.16,0,-3.29,-31.19,31.69,38.36,-84.38,3.86,102.77,-80.51,22.26,,,,,,,,,
3631,13.5,39.85,8.8,0,0.12,0,-3.84,-30.28,30.08,36.64,-85.17,3.9,94.86,-81.28,13.58,,,,,,,,,
3641,10.29,34.98,2.51,0,0.1,0,2.58,-29.84,34.83,36.9,-85.24,3.87,92.36,-81.36,11,,,,,,,,,
3651,13.83,39.15,6.38,0,0.1,0,-1.62,-29.56,31.55,37.41,-86.07,3.9,97.22,-82.17,15.06,,,,,,,,,
3661,15.93,44,8.78,0,0.37,0,-2.92,-29.5,28.08,36.38,-84.89,3.89,101.11,-81,20.12,,,,,,,,,
3671,16.87,44.22,3.66,0,0.22,0,0.56,-28.75,28.92,35.73,-86.04,3.89,101.42,-82.15,19.27,,,,,,,,,
3681,19.83,31.69,6.1,0,0.24,0,-2.5,-29.06,29.68,37.72,-86.45,3.89,93.7,-82.56,11.14,,,,,,,,,
3691,16.85,41.45,1.18,0,0.09,0,-0.67,-29.06,29.78,36.57,-86.96,3.92,96.19,-83.04,13.15,,,,,,,,,
3701,11.6,44.95,10.08,0,0.05,0,-3.94,-30.5,29.94,37.28,-84.63,3.89,99.47,-80.74,18.73,,,,,,,,,
3711,13.39,33.2,18.38,0,0.29,0,-5.17,-33.61,34.08,39.26,-83.55,3.86,99.82,-79.69,20.13,,,,,,,,,
3721,14.69,36.15,8.51,0,0.13,0,-1.56,-32.44,30.73,36.59,-83.84,3.84,92.79,-80,12.79,,,,,,,,,
3731,16.13,41.51,5.28,0,0.12,0,-0.75,-31.38,30.62,37.1,-84.64,3.91,98.63,-80.73,17.9,,,,,,,,,
3741,13.59,41.97,17.58,0,0.3,0,-4.49,-32.03,30.65,36.44,-85.27,3.89,104,-81.37,22.63,,,,,,,,,
3751,17.06,38.94,11.64,0,0.1,0,-4.05,-32.27,28.06,38.29,-85.6,3.88,97.77,-81.72,16.05,,,,,,,,,
3761,26.45,40.15,11.63,0,0.35,0,-4.2,-29.03,28.06,37.62,-86.3,3.9,111.03,-82.4,28.63,,,,,,,,,
3771,12.01,32.92,11.56,0,0.42,0,-1.96,-32.21,37.65,38.85,-85.16,3.79,99.24,-81.37,17.87,,,,,,,,,
3781,15.44,45.57,5.96,0,0.18,0,-1.69,-31,30.14,37.46,-85.53,3.89,102.06,-81.65,20.41,,,,,,,,,
3791,13.07,41.7,4.55,0,0.08,0,-0.08,-28.59,32.29,37.8,-87.26,3.89,100.82,-83.37,17.44,,,,,,,,,
3801,17.09,39.19,3.8,0,0.14,0,0.21,-28.86,31.78,37.92,-85.7,3.88,101.28,-81.82,19.46,,,,,,,,,
3811,10.8,35.96,4.87,0,0.15,0,-1.41,-30.72,30.99,38.84,-84.97,3.89,89.48,-81.07,8.41,,,,,,,,,
3821,16.66,38.63,6.91,0,0.28,0,-2.61,-30.29,27.42,37.84,-86.13,3.88,94.84,-82.24,12.6,,,,,,,,,
3831,17.44,33.51,13.3,0,0.14,0,-3.66,-31.69,33.35,37.79,-83.56,3.88,100.17,-79.68,20.5,,,,,,,,,
3841,13.73,32.79,14.83,0,0.33,0,-4.96,-32.26,33.32,38.21,-84.83,3.92,95.99,-80.91,15.08,,,,,,,,,
3851,12.03,39.39,1.24,0,0.23,0,-0.87,-30.57,32.38,37.68,-85.97,3.88,91.51,-82.09,9.42,,,,,,,,,
3861,14.31,30.1,6.2,0,0.26,0,1.64,-28.86,31.87,37.08,-85.97,3.88,92.61,-82.09,10.52,,,,,,,,,
3871,21.93,39.66,13.87,0,0.22,0,-3.45,-30.31,25.74,37.36,-85.3,3.9,105.03,-81.4,23.63,,,,,,,,,
3881,14.53,29.78,16.7,0,0.5,0,-3.64,-30.05,31.65,36.3,-85.16,3.89,95.77,-81.27,14.5,,,,,,,,,
3891,12.43,36.45,7.93,0,0.4,0,-0.88,-30.63,30.69,36.25,-84.17,3.92,92.65,-80.26,12.39,,,,,,,,,
3901,12.73,36.28,6.73,0,0.09,0,-0.85,-29.15,29.05,35.1,-85.47,3.91,89.98,-81.56,8.42,,,,,,,,,
3911,15.43,46.46,9.05,0,0.56,0,-1.78,-31.45,28.56,38.02,-85.72,3.89,104.85,-81.83,23.03,,,,,,,,,
3921,14.46,39.22,3.99,0,0.16,0,-0.33,-29.54,30.5,37.31,-85.42,3.89,95.77,-81.53,14.24,,,,,,,,,
3931,9.53,37.18,19.9,0,0.4,0,-3.43,-31.33,32.51,37.49,-83.61,3.88,102.27,-79.73,22.54,,,,,,,,,
3941,15.03,30.57,14.67,0,0.19,0,-3.77,-32.82,32.98,39.27,-84.41,3.86,96.12,-80.55,15.57,,,,,,,,,
3951,9.92,36.2,4.72,0,0.13,0,-2.27,-31.45,37.51,37.83,-85.32,3.84,92.6,-81.48,11.12,,,,,,,,,
3961,14.57,32.71,8.59,0,0.8,0,-0.65,-30.44,32.96,37.92,-85.93,3.86,96.45,-82.07,14.38,,,,,,,,,
3971,17.76,34.67,10.58,0,0.16,0,-3.52,-30.29,30.95,37.5,-85.75,3.91,97.8,-81.84,15.96,,,,,,,,,
3981,9.17,40.96,6.7,0,0.04,0,-3.76,-30.98,31.53,37.84,-85.25,3.87,91.49,-81.38,10.11,,,,,,,,,
3991,17.62,34.66,11.34,0,0.5,0,-0.44,-30.16,30.99,38.26,-86.32,3.9,102.77,-82.42,20.35,,,,,,,,,
4001,13.08,30.48,18.95,0,0.21,0,-3.96,-31.85,33.01,36.51,-84.12,3.9,96.42,-80.22,16.2,,,,,,,,,
4011,15.88,40.26,5.38,0,0.13,0,5.7,-29.21,31.72,35.9,-85.92,3.86,105.77,-82.06,23.71,,,,,,,,,
4021,20.04,33.37,6.73,0,0.39,0,-2.24,-29.65,30.06,37.62,-85.46,3.89,96.32,-81.57,14.75,,,,,,,,,
4031,10.1,33.62,14.06,0,0.38,0,-2.28,-30.24,32.85,37.69,-84.78,3.86,96.17,-80.91,15.26,,,,,,,,,
4041,17.3,39.19,6.03,0,0.11,0,-1.87,-29.09,30.17,37.71,-85.87,3.91,99.55,-81.96,17.58,,,,,,,,,
4051,8.04,42.77,19.14,0,0.18,0,-3.09,-33,34.68,35.38,-83.04,3.84,104.09,-79.21,24.89,,,,,,,,,
4061,18.96,38.52,10.06,0,0.33,0,-0.08,-29.86,31.45,37.8,-85.16,3.88,107.19,-81.28,25.91,,,,,,,,,
4071,17.74,32.38,10.68,0,0.25,0,-4.81,-30.99,27.14,36.99,-84.55,3.89,89.38,-80.66,8.72,,,,,,,,,
4081,16.76,45.38,2.27,0,0.07,0,-0.3,-30.4,27.42,37.18,-85.47,3.92,98.38,-81.55,16.83,,,,,,,,,
4091,10.07,38.05,4.82,0,0.18,0,1.03,-28.99,30.82,37.76,-86.83,3.87,93.75,-82.95,10.8,,,,,,,,,
4101,8.98,41.29,13.05,0,0.37,0,-4.21,-32.01,30.38,38.21,-84.41,3.88,96.07,-80.53,15.53,,,,,,,,,
4111,10.82,34.44,6.09,0,0.11,0,-1.85,-31.22,30.55,38.66,-84.94,3.88,87.61,-81.07,6.54,,,,,,,,,
4121,20.84,34.37,12.34,0,0.17,0,-2.43,-30.18,26.4,36.82,-84.52,3.89,98.33,-80.63,17.7,,,,,,,,,
4131,17.86,44.89,4.18,0,0.35,0,-1.35,-28.74,27.45,36.24,-86.46,3.91,100.88,-82.54,18.33,,,,,,,,,
4141,14.67,32.07,11.77,0,0.11,0,-1.8,-31.4,29.7,36.98,-84.6,3.85,92.09,-80.75,11.34,,,,,,,,,
4151,13.33,35.06,10.54,0,0.3,0,-4.69,-31.49,31.25,37.8,-84.49,3.85,92.11,-80.64,11.48,,,,,,,,,
4161,20.87,40.5,7.16,0,0.21,0,-0.91,-30.44,28.41,36.42,-85.4,3.89,102.22,-81.51,20.71,,,,,,,,,
4171,12.16,40.54,6.23,0,0.26,0,0.04,-30.49,33.26,38.25,-84.58,3.88,100.26,-80.71,19.55,,,,,,,,,
4181,13.43,37.14,7.58,0,0.08,0,-1.85,-29.08,27.43,36.76,-87.67,3.9,91.49,-83.77,7.72,,,,,,,,,
4191,16.48,35.54,15.38,0,0.14,0,-2.35,-31.9,34.38,39.56,-85.17,3.87,107.21,-81.3,25.91,,,,,,,,,
4201,12.51,35.41,9.39,0,0.23,0,-3.22,-29.76,31.98,38.05,-85.5,3.88,94.59,-81.62,12.97,,,,,,,,,
4211,17.36,42.7,10.53,0,0.22,0,-2.23,-32.37,26.95,38.32,-85.58,3.88,101.5,-81.7,19.8,,,,,,,,,
4221,12.74,35.46,11.32,0,0.14,0,-2.71,-31.87,35.26,37.74,-84.52,3.85,98.09,-80.67,17.42,,,,,,,,,
4231,15.2,30.9,7.52,0,0.47,0,1.18,-30.55,33.44,38.11,-84.86,3.86,96.27,-81,15.27,,,,,,,,,
4241,13.68,31.03,8.16,0,0.32,0,3.28,-30.45,31.1,35.75,-84.3,3.86,92.88,-80.45,12.43,,,,,,,,,
4251,13.66,38.55,11.61,0,0.14,0,-3.49,-32.29,32.94,37.12,-83.58,3.87,98.24,-79.71,18.53,,,,,,,,,
4261,15.93,38.3,6.84,0,0.15,0,0.42,-30.83,32.4,38.03,-85.42,3.9,101.25,-81.52,19.72,,,,,,,,,
4271,9.62,36.15,11.91,0,0.33,0,-3.02,-32.26,32.22,38.68,-84.89,3.85,93.63,-81.04,12.59,,,,,,,,,
4281,20.53,36.42,12.39,0,0.21,0,-3.65,-29.85,28.62,36.73,-84.47,3.91,101.39,-80.55,20.84,,,,,,,,,
4291,18.65,39.29,6.19,0,0.48,0,-0.92,-30.17,30.24,37.73,-86.09,3.84,101.49,-82.24,19.25,,,,,,,,,
4301,21.63,42.74,9.01,0,0.29,0,-1.4,-28.4,29.41,37.57,-85.61,3.95,110.86,-81.66,29.2,,,,,,,,,
4311,15.95,36.24,7.54,0,0.13,0,-2.82,-31.77,28.64,38.19,-86.01,3.91,92.11,-82.1,10.01,,,,,,,,,
4321,15.31,35.86,8.28,0,0.24,0,-4.28,-32.26,30.33,38.31,-84.98,3.88,91.77,-81.11,10.67,,,,,,,,,
4331,27.1,43.52,12.19,0,0.2,0,-2.82,-30.4,27.84,37.62,-85.43,3.93,115.26,-81.5,33.76,,,,,,,,,
4341,13.53,42.87,6.04,0,0.16,0,-0.72,-31.28,30,38.86,-84.49,3.89,99.47,-80.6,18.87,,,,,,,,,
4351,17.97,31.43,12.94,0,0.29,0,-3.97,-32.99,29.69,36.65,-82.93,3.89,92,-79.03,12.96,,,,,,,,,
4361,17.09,37.58,7.68,0,0.06,0,-2.35,-29.73,29.4,37.15,-86.26,3.92,96.9,-82.35,14.55,,,,,,,,,
4371,15.41,35.98,9.02,0,0.28,0,-4.1,-30.13,34.89,38.99,-86.01,3.91,100.34,-82.1,18.24,,,,,,,,,
4381,12.55,35.9,8.17,0,0.31,0,-2.03,-29.29,30.55,38.74,-86.24,3.89,94.91,-82.35,12.56,,,,,,,,,
4391,11.33,39.85,7.01,0,0.24,0,-3.2,-29.55,29.53,37.73,-85.85,3.91,92.93,-81.93,11,,,,,,,,,
4401,13.3,34.02,10.77,0,0.19,0,-2.46,-30.84,34.11,39.4,-85.94,3.86,98.5,-82.08,16.41,,,,,,,,,
4411,13.36,42.39,7.92,0,0.19,0,-1.93,-29.69,28.95,36.49,-85.08,3.88,97.67,-81.2,16.47,,,,,,,,,
4421,11.06,30.14,11.38,0,0.19,0,-0.73,-31.12,32.98,37.97,-85.4,3.85,91.86,-81.55,10.31,,,,,,,,,
4431,15.82,35.83,12.89,0,0.34,0,-3.86,-32.88,27,36.22,-83.47,3.86,91.37,-79.61,11.77,,,,,,,,,
4441,17.23,41.99,11.52,0,0.09,0,-2.67,-30.56,32.54,37.34,-85.02,3.85,107.48,-81.17,26.31,,,,,,,,,
4451,15.8,36.6,12.26,0,0.24,0,-2.03,-30.49,32.49,37.58,-86.17,3.88,102.44,-82.29,20.15,,,,,,,,,
4461,12.94,38.55,5.19,0,0.55,0,-1.68,-30.76,30.96,39.31,-84.87,3.87,95.05,-81,14.05,,,,,,,,,
4471,18.21,34.9,14.51,0,0.27,0,-3.67,-30.93,30.87,38.6,-85.84,3.85,102.75,-81.99,20.77,,,,,,,,,
4481,16.08,33.83,15.02,0,0.21,0,-5.04,-33.33,36.54,38.63,-84.92,3.86,101.93,-81.06,20.87,,,,,,,,,
4491,17.99,37.16,10.37,0,0.47,0,-2.08,-31.68,30.42,36.72,-84.4,3.88,99.36,-80.53,18.83,,,,,,,,,
4501,19.96,35.09,20.48,0,0.13,0,-5.71,-34.35,28.36,36.85,-82.46,3.89,100.8,-78.58,22.22,,,,,,,,,
4511,7.87,39.41,9.28,0,0.14,0,-2.74,-31.27,32.94,37.86,-85.61,3.84,93.5,-81.77,11.73,,,,,,,,,
4521,11.42,36.44,10.61,0,0.18,0,-1.7,-29.77,30.54,37.62,-86.15,3.88,95.34,-82.26,13.07,,,,,,,,,
4531,15.47,38.89,8.29,0,0.11,0,-0.02,-29.44,30.11,37.59,-86.04,3.9,101,-82.15,18.86,,,,,,,,,
4541,15.18,36.63,5.99,0,0.4,0,-3.81,-30.11,28.04,38.03,-85.73,3.87,90.35,-81.86,8.49,,,,,,,,,
4551,21.68,43.59,14.88,0,0.48,0,-4.78,-30.7,28.36,37.33,-85.01,3.9,110.82,-81.11,29.71,,,,,,,,,
4561,19.08,39.68,5.52,0,0.1,0,-1.37,-30.54,31.45,37.71,-85.8,3.85,101.62,-81.95,19.67,,,,,,,,,
4571,15.79,31.79,9.54,0,0.23,0,-1.06,-30.88,31.44,37.98,-85.06,3.86,94.84,-81.2,13.64,,,,,,,,,
4581,11.26,40.32,9.66,0,0.09,0,-0.62,-32.23,33.48,37.58,-84.59,3.85,99.55,-80.74,18.81,,,,,,,,,
4591,11.59,36.27,11.75,0,0.15,0,-3.86,-31.11,33.85,36.43,-84.75,3.86,95.07,-80.89,14.18,,,,,,,,,
4601,23.71,38.8,10.2,0,0.2,0,-4.29,-31.33,30.97,39.14,-85.41,3.9,107.41,-81.5,25.91,,,,,,,,,
4611,17.33,37.85,15.74,0,0.77,0,-3.33,-32.32,32.13,37.49,-84.15,3.88,105.66,-80.28,25.38,,,,,,,,,
4621,18.53,37.78,8.77,0,0.14,0,0.1,-30.05,31.54,36.57,-84.88,3.89,103.38,-80.99,22.39,,,,,,,,,
4631,11.96,34.37,14.2,0,0.24,0,-1.42,-32.16,30.73,37.19,-85.01,3.87,95.11,-81.14,13.97,,,,,,,,,
4641,13.6,38.43,12.83,0,0.21,0,-1.06,-31.08,32.02,37.87,-84.67,3.88,102.82,-80.79,22.03,,,,,,,,,
4651,18.06,34.3,12.51,0,0.34,0,-3.06,-31.32,31.1,37.14,-83.88,3.88,99.07,-80,19.07,,,,,,,,,
4661,16.89,37.75,13.07,0,0.28,0,-2.55,-31.6,28.97,37.42,-84.44,3.86,100.22,-80.58,19.64,,,,,,,,,
4671,8.18,39.75,12.94,0,0.21,0,-2.94,-32.27,32.74,37.26,-84.26,3.87,95.87,-80.39,15.47,,,,,,,,,
4681,15.36,44.89,10.16,0,0.18,0,-4.89,-33.95,34.28,38.85,-82.73,3.9,104.89,-78.83,26.06,,,,,,,,,
4691,13.83,36.6,16.5,0,0.43,0,-4.5,-33.12,31.24,38.08,-83.56,3.85,99.05,-79.71,19.35,,,,,,,,,
4701,18.43,42.7,1.76,0,0.09,0,-1.54,-31.21,30.46,38.67,-86.47,3.84,99.37,-82.63,16.74,,,,,,,,,
4711,12.43,39.12,8.15,0,0.28,0,-1.53,-30.27,30.5,38.71,-85.54,3.85,97.39,-81.69,15.7,,,,,,,,,
4721,13.25,42.11,4.57,0,0.15,0,-0.66,-29.34,30.69,37.84,-85.18,3.86,98.59,-81.31,17.28,,,,,,,,,
4731,11.55,34.07,13.77,0,0.05,0,-3.43,-31.5,29.54,37.07,-83.94,3.84,91.11,-80.1,11.02,,,,,,,,,
4741,18.42,36.02,14.25,0,0.37,0,-3.92,-31.52,29.48,37.9,-85.12,3.92,101,-81.2,19.8,,,,,,,,,
4751,17.04,39.96,11.28,0,0.45,0,-0.83,-30.64,29.03,38.71,-86.24,3.89,105.01,-82.35,22.66,,,,,,,,,
4761,8.95,40.69,3.4,0,0.61,0,-0.58,-30.5,32.13,37.93,-85.21,3.85,92.65,-81.36,11.28,,,,,,,,,
4771,14.75,42.03,4.59,0,0.22,0,0.52,-28.8,31.4,37.5,-86.22,3.94,102.21,-82.28,19.93,,,,,,,,,
4781,18.71,29.12,17.31,0,0.46,0,-3.34,-32.54,29.95,37.47,-83.4,3.9,97.13,-79.5,17.64,,,,,,,,,
4791,14.01,44.5,11.81,0,0.19,0,1.2,-28.4,30.14,36.18,-86.33,3.88,109.63,-82.45,27.19,,,,,,,,,
4801,13.04,36.31,15.58,0,0.12,0,-2.09,-33.06,31.26,37.99,-84.28,3.84,99.17,-80.43,18.73,,,,,,,,,
4811,13.34,39.12,9.52,0,0.17,0,-3,-31.53,32.11,37.23,-84.46,3.89,96.96,-80.57,16.39,,,,,,,,,
4821,14.9,42.51,11.94,0,0.84,0,-2.15,-30.41,32.81,37.94,-85.81,3.87,108.39,-81.94,26.44,,,,,,,,,
4831,12.6,37.65,3.91,0,0.13,0,-2.03,-29.85,34.28,38.71,-85.43,3.89,95.4,-81.54,13.86,,,,,,,,,
4841,12.84,42.09,7.61,0,0.08,0,-0.98,-30.4,32.81,37.91,-85.92,3.86,101.95,-82.06,19.89,,,,,,,,,
4851,17.96,35.21,15.35,0,0.12,0,-3.52,-29.76,30.15,36.97,-85.58,3.91,102.48,-81.67,20.81,,,,,,,,,
4861,20.73,41.06,2.91,0,0.02,0,-0.14,-30.12,26.55,37.3,-85.05,3.93,98.31,-81.11,17.19,,,,,,,,,
4871,16.92,35.1,15.12,0,0.2,0,-4.53,-31.93,28.73,36.4,-83.83,3.9,96,-79.94,16.07,,,,,,,,,
4881,19.26,32.47,8.43,0,0.11,0,-3.53,-31.48,28.17,37.87,-84.3,3.89,91.3,-80.4,10.9,,,,,,,,,
4891,10.79,43.14,11.82,0,0.39,0,-3.47,-32.51,33.2,37.47,-83.12,3.84,100.81,-79.28,21.53,,,,,,,,,
4901,16.62,33.53,8.34,0,0.11,0,0.26,-34.27,28.78,37.47,-82.94,3.86,90.84,-79.07,11.77,,,,,,,,,
4911,13.28,32.86,16.34,0,0.41,0,-2.17,-31.37,31.32,37.26,-85.05,3.89,97.92,-81.16,16.76,,,,,,,,,
4921,11.59,35.59,10.12,0,0.09,0,-1.94,-29.95,35.88,38.16,-85.46,3.87,99.53,-81.59,17.94,,,,,,,,,
4931,13.86,38.68,6.12,0,0.23,0,-2.41,-30.96,35.99,38.2,-86.2,3.89,99.71,-82.31,17.4,,,,,,,,,
4941,8,36.82,9.62,0,0.1,0,-4.82,-31.97,29.55,39.07,-83.74,3.88,86.37,-79.86,6.51,,,,,,,,,
4951,12.74,38.3,12.29,0,0.2,0,-4.66,-31.72,31.43,38.21,-85.12,3.88,96.78,-81.24,15.55,,,,,,,,,
4961,10.91,42.23,8.13,0,0.61,0,-3.24,-30.53,29.81,37.93,-84.24,3.9,95.86,-80.34,15.52,,,,,,,,,
4971,15.59,37.78,10.5,0,0.47,0,-2.48,-31.82,31.56,37.21,-84.52,3.87,98.82,-80.65,18.17,,,,,,,,,
4981,13.3,39.29,9.94,0,0.27,0,-1.35,-29.99,29.02,37.04,-86.34,3.9,97.52,-82.44,15.09,,,,,,,,,
4991,21.49,39.3,4.75,0,0.18,0,-2.23,-29.9,31.1,38.72,-86.36,3.9,103.41,-82.46,20.95,,,,,,,,,
5001,16.44,39.22,11.9,0,0.63,0,1.07,-30.92,33.04,38.12,-86.09,3.84,109.48,-82.26,27.23,,,,,,,,,
5011,16.01,33.18,13.54,0,0.3,0,-4.91,-31.89,34.23,38.43,-85.9,3.87,98.89,-82.03,16.87,,,,,,,,,
5021,13.69,38.32,6.04,0,0.15,0,-3.05,-30.96,34.77,39.08,-84.94,3.85,98.05,-81.08,16.96,,,,,,,,,
5031,13.2,41.39,6.24,0,0.16,0,-2.68,-31.79,34.87,39.16,-84.63,3.87,100.54,-80.76,19.78,,,,,,,,,
5041,19.66,36.51,10.37,0,0.16,0,-3.13,-30.6,30.41,36.36,-85.87,3.89,99.74,-81.99,17.76,,,,,,,,,
5051,13.26,37.21,18.68,0,0.24,0,-5.67,-31.07,29.88,36.16,-83.98,3.91,98.69,-80.07,18.62,,,,,,,,,
5061,19.12,39.51,12.35,0,0.2,0,-3,-30.09,30.26,37.28,-85.27,3.9,105.63,-81.37,24.26,,,,,,,,,
5071,8.78,33.74,16.97,0,0.09,0,-0.13,-33.18,31.4,37.55,-83.33,3.85,95.21,-79.48,15.74,,,,,,,,,
5081,13.09,35.11,8.02,0,0.28,0,-0.44,-29.42,33.2,36.73,-85.64,3.88,96.57,-81.76,14.81,,,,,,,,,
5091,14.81,44.7,10.62,0,0.04,0,-3.59,-30.08,28.42,36.31,-84.53,3.89,101.23,-80.64,20.58,,,,,,,,,
5101,11.31,32.64,16.39,0,0.68,0,-4.6,-34.31,34.85,37.19,-83.01,3.85,94.14,-79.16,14.99,,,,,,,,,
5111,13.58,36.71,16.83,0,0.3,0,-4.76,-33.58,31.27,38.98,-84.2,3.86,99.33,-80.34,18.98,,,,,,,,,
5121,21.71,34.36,11.18,0,0.4,0,-0.56,-29.9,28.93,36.17,-86.17,3.86,102.3,-82.31,19.99,,,,,,,,,
5131,16.53,41.39,17.65,0,0.27,0,-5.05,-31.55,28.61,38.63,-85.63,3.9,106.47,-81.73,24.74,,,,,,,,,
5141,9.38,45.8,7.79,0,0.24,0,-1.96,-28.83,30.9,36.55,-85.33,3.88,99.87,-81.44,18.43,,,,,,,,,
5151,15.9,33.44,16.33,0,0.19,0,-3.75,-33.27,30.62,38.5,-84.05,3.84,97.96,-80.2,17.76,,,,,,,,,
5161,11.15,32.88,19.25,0,0.38,0,-1.44,-32.87,34.45,37.8,-83.29,3.84,101.61,-79.45,22.15,,,,,,,,,
5171,14.86,35.76,17,0,0.27,0,-5.22,-33.02,32.53,37.84,-83.4,3.9,100.02,-79.5,20.53,,,,,,,,,
5181,16.16,38.43,14.31,0,0.27,0,-1.97,-31.11,31.66,37.06,-84.97,3.88,104.82,-81.08,23.74,,,,,,,,,
5191,16.03,40.67,6.28,0,0.12,0,-2.47,-30.28,31.86,36.95,-86.38,3.87,99.15,-82.51,16.64,,,,,,,,,
5201,15.92,37.53,8.94,0,0.42,0,-1.37,-30.64,29.04,36.57,-85.68,3.89,96.42,-81.78,14.63,,,,,,,,,
5211,15.76,37.83,6.26,0,0.23,0,-0.2,-30.6,31.55,37.55,-85.69,3.87,98.38,-81.82,16.56,,,,,,,,,
5221,14.82,27.91,17.58,0,0.2,0,-3.91,-32.62,30.4,37.4,-83.95,3.86,91.78,-80.09,11.69,,,,,,,,,
5231,15.32,30.67,8.65,0,0.22,0,0.57,-31.62,33.84,38.42,-85.01,3.86,96.07,-81.16,14.91,,,,,,,,,
5241,14.21,40.2,5.69,0,0.1,0,-3.13,-29.06,31.43,36.55,-85.25,3.91,95.99,-81.35,14.65,,,,,,,,,
5251,21.9,40.09,4.44,0,0.3,0,1.58,-29.59,29.54,35.74,-85.55,3.92,104,-81.63,22.37,,,,,,,,,
5261,14.99,40.95,6.3,0,0.17,0,-2.26,-30.33,30.07,38.17,-85.23,3.89,98.07,-81.34,16.73,,,,,,,,,
5271,11.79,39.26,13.17,0,0.26,0,-1.69,-34.25,34.1,38.58,-83.55,3.84,101.23,-79.71,21.53,,,,,,,,,
5281,20.39,36.91,7.59,0,0.23,0,-0.1,-30.2,30.63,35.95,-85.26,3.87,101.4,-81.39,20.01,,,,,,,,,
5291,19.93,41.86,7.2,0,0.2,0,-1.07,-29.78,29.8,38.93,-85.75,3.9,107.06,-81.85,25.22,,,,,,,,,
5301,18.89,42.45,7.8,0,0.16,0,-3.32,-30.82,26.66,37.09,-86.28,3.91,98.92,-82.37,16.55,,,,,,,,,
5311,13.05,29.64,8.83,0,0.18,0,-0.22,-30.39,27.58,36.8,-84.69,3.87,85.48,-80.82,4.65,,,,,,,,,
5321,19.77,35.87,8.72,0,0.2,0,-1.93,-29.76,29.21,35.85,-85.86,3.88,97.93,-81.99,15.94,,,,,,,,,
5331,18.93,40.43,5.76,0,0.18,0,-0.43,-30.79,28.3,37.65,-85.86,3.93,100.04,-81.93,18.11,,,,,,,,,
5341,18.19,39.78,5.69,0,0.77,0,-0.69,-29.34,29.8,36.91,-85.97,3.92,101.11,-82.05,19.06,,,,,,,,,
5351,9.92,35.07,14.94,0,0.34,0,-3.56,-31.59,33.68,38.13,-85.86,3.86,96.94,-81.99,14.95,,,,,,,,,
5361,10.25,47.36,7.3,0,0.19,0,-3.36,-29.68,30.75,36.16,-85.31,3.89,98.98,-81.43,17.55,,,,,,,,,
5371,14.43,38.48,6.02,0,0.1,0,-2.24,-29.79,29.67,37.62,-85.84,3.91,94.3,-81.92,12.37,,,,,,,,,
5381,16.28,37.88,7.72,0,0.27,0,-0.64,-29.81,28.58,35.84,-86.3,3.9,96.13,-82.41,13.72,,,,,,,,,
5391,13.31,35.65,14.81,0,0.22,0,-2.74,-32.74,30.97,36.03,-83.76,3.84,95.5,-79.92,15.58,,,,,,,,,
5401,14.67,34.9,11.04,0,0.41,0,-2.71,-30.37,32.94,37.83,-85.56,3.9,98.71,-81.66,17.05,,,,,,,,,
5411,18.25,36.01,9.97,0,0.11,0,-2.51,-30.76,27.61,37.75,-85.59,3.9,96.4,-81.69,14.71,,,,,,,,,
5421,12.87,43.24,7.17,0,0.16,0,-1.8,-29.55,30.75,37.58,-84.61,3.9,100.42,-80.71,19.71,,,,,,,,,
5431,14.93,38.57,11.81,0,0.17,0,-1.21,-30.25,30.65,37.52,-85.58,3.86,102.2,-81.72,20.47,,,,,,,,,
5441,15.11,38.68,15.07,0,0.23,0,-1.32,-31.92,28.33,35.65,-84.78,3.85,99.83,-80.93,18.9,,,,,,,,,
5451,18.31,38.69,9.42,0,0.58,0,-2.42,-29.83,28.2,38.23,-86.54,3.88,101.19,-82.65,18.54,,,,,,,,,
5461,11.58,38.22,6.8,0,0.08,0,-3.39,-30.36,29.99,39.06,-86.38,3.88,91.98,-82.5,9.48,,,,,,,,,
5471,9.05,38.73,13.63,0,0.1,0,-3.44,-32.49,32.13,36.18,-83.6,3.87,93.9,-79.73,14.17,,,,,,,,,
5481,14.63,36.85,10.01,0,0.15,0,-3.35,-31.33,32.27,38.97,-85.58,3.86,98.21,-81.72,16.49,,,,,,,,,
5491,13.22,39.52,5.34,0,0.14,0,1.53,-29.97,31.79,38.5,-85.68,3.89,100.07,-81.79,18.27,,,,,,,,,
5501,16.7,33.37,9.85,0,0.17,0,-3.96,-31.78,28.77,37.96,-86.56,3.89,91.07,-82.67,8.4,,,,,,,,,
5511,21.18,39.26,10.5,0,0.4,0,-1.88,-30.65,28.87,38.07,-85.45,3.92,105.74,-81.53,24.21,,,,,,,,,
5521,12.16,34.26,7.49,0,0.3,0,0.82,-30.36,34.28,37.72,-85.63,3.87,96.66,-81.76,14.91,,,,,,,,,
5531,17.29,34.9,13.95,0,0.13,0,-2.43,-31.47,27.83,36.38,-83.49,3.89,96.58,-79.61,16.97,,,,,,,,,
5541,15.46,34.2,11.51,0,0.65,0,-5.47,-31.42,30.78,37.96,-86.35,3.92,93.68,-82.43,11.25,,,,,,,,,
5551,15.01,41.61,4.29,0,0.1,0,0.37,-30.96,32.78,38.99,-85.9,3.89,102.19,-82.01,20.18,,,,,,,,,
5561,14.47,32.63,3.83,0,0.06,0,-0.97,-31.56,30.16,38.52,-85.13,3.87,87.13,-81.26,5.87,,,,,,,,,
5571,18.46,42.97,7.77,0,0.18,0,-0.68,-28.83,30.17,36.73,-87.14,3.91,106.78,-83.23,23.54,,,,,,,,,
5581,26.46,37.98,5.44,0,0.12,0,-1.02,-30.27,25.57,37.5,-84.81,3.91,101.78,-80.9,20.88,,,,,,,,,
5591,10.49,36.9,18.6,0,0.31,0,-2.08,-32.47,29.75,36.32,-82.17,3.86,97.82,-78.32,19.5,,,,,,,,,
5601,22.36,41.63,10.11,0,0.56,0,-3.91,-31.65,28.08,38.16,-82.84,3.91,105.32,-78.93,26.39,,,,,,,,,
5611,15.16,40.8,6.87,0,0.2,0,-3.2,-29.03,29.9,37.3,-86.05,3.9,98,-82.15,15.85,,,,,,,,,
5621,16.43,39.58,12.01,0,0.4,0,-1.93,-32.2,36.3,37.45,-83.53,3.87,108.04,-79.66,28.39,,,,,,,,,
5631,21.27,42.04,2.76,0,0.22,0,-2.14,-28.23,35.03,37.84,-85.92,3.93,108.8,-82,26.8,,,,,,,,,
5641,18.68,26.9,3.66,0,0.43,0,1.77,-30.24,30.11,36.17,-84.44,3.86,87.48,-80.59,6.9,,,,,,,,,
5651,9.9,38.2,3.46,0,0.3,0,0.53,-29.6,36.32,38.24,-85.46,3.86,97.34,-81.6,15.74,,,,,,,,,
5661,19.64,35.68,16.47,0,0.1,0,-4.46,-33.65,27.78,37.29,-83.47,3.88,98.85,-79.58,19.27,,,,,,,,,
5671,16.36,36.65,15.89,0,0.26,0,-4.4,-30.6,31.4,37.01,-84.81,3.93,102.57,-80.88,21.69,,,,,,,,,
5681,18.18,36.97,11.82,0,0.32,0,-3.42,-30.24,31.42,38.42,-86.55,3.89,103.47,-82.67,20.81,,,,,,,,,
5691,12.44,36.1,14.77,0,0.24,0,-2.39,-31.46,32.91,37.32,-84.61,3.87,99.92,-80.74,19.18,,,,,,,,,
5701,17.95,34.92,15.57,0,0.28,0,-3.44,-31.05,29.63,37.4,-85.17,3.89,101.27,-81.28,19.99,,,,,,,,,
5711,17.57,43,18.29,0,0.41,0,-4.77,-31.02,30.59,35.86,-84.61,3.88,109.94,-80.73,29.21,,,,,,,,,
5721,19.38,32.23,13.98,0,0.75,0,-1.95,-30.96,28.67,37.19,-85.84,3.87,99.31,-81.97,17.34,,,,,,,,,
5731,12.74,37.7,12.37,0,0.23,0,0.32,-29.05,32.89,37.49,-84.92,3.89,104.68,-81.03,23.65,,,,,,,,,
5741,19.96,33.61,14.6,0,0.12,0,-3.74,-32.52,30.6,38.25,-84,3.91,100.89,-80.09,20.8,,,,,,,,,
5751,17.07,34.02,17,0,0.13,0,-4.34,-31.35,29.25,37.22,-85.89,3.89,99.01,-82,17.01,,,,,,,,,
5761,13.58,33.76,8.17,0,0.38,0,1.45,-29.94,31.59,36.71,-85.02,3.89,95.71,-81.12,14.58,,,,,,,,,
5771,18.25,28.6,12.41,0,0.23,0,-1.32,-29.25,33.18,36.9,-85.42,3.88,99.01,-81.54,17.47,,,,,,,,,
5781,14.65,37.51,15.28,0,0.12,0,-2.31,-30.11,29.62,36.02,-83.88,3.87,100.77,-80,20.77,,,,,,,,,
5791,16,43.65,8.4,0,0.04,0,-3.33,-30.89,29.38,37.55,-85.2,3.9,100.81,-81.3,19.51,,,,,,,,,
5801,14.12,39.74,12.7,0,0.34,0,-5.24,-34.03,30.92,38.16,-83.94,3.84,96.71,-80.1,16.61,,,,,,,,,
5811,13.63,36.42,11.25,0,0.24,0,-0.85,-31.09,30.71,37.65,-85.24,3.87,97.95,-81.37,16.58,,,,,,,,,
5821,14.83,33.19,13.12,0,0.35,0,-0.67,-29.46,30.94,36.18,-85.59,3.9,98.49,-81.69,16.8,,,,,,,,,
5831,13.35,50.53,7.85,0,0.1,0,0.81,-30.06,31.62,36.09,-83.68,3.88,110.3,-79.8,30.5,,,,,,,,,
5841,11.07,36.51,16.89,0,0.46,0,-3.43,-32.59,29.39,37.24,-84.12,3.86,95.53,-80.27,15.26,,,,,,,,,
5851,21.08,34.6,11.77,0,0.18,0,-3.13,-31.57,28.16,37.73,-86.84,3.89,98.8,-82.95,15.85,,,,,,,,,
5861,14.06,35.11,10.89,0,0.54,0,-2.09,-31.78,32.69,37.57,-84.18,3.83,97,-80.35,16.65,,,,,,,,,
5871,11.67,42.98,15.41,0,0.43,0,-3.96,-33.45,29.6,38.11,-83.92,3.85,100.79,-80.07,20.71,,,,,,,,,
5881,12.57,31.27,10.54,0,0.42,0,-0.78,-31.21,31.42,36.79,-83.64,3.86,91.02,-79.78,11.24,,,,,,,,,
5891,12.2,44.57,8.59,0,0.39,0,-4.19,-31.32,32.29,38.09,-84.54,3.87,100.62,-80.67,19.95,,,,,,,,,
5901,9.36,34.46,15.03,0,0.2,0,-3.98,-30.23,32.58,37.58,-86.41,3.87,95,-82.55,12.46,,,,,,,,,
5911,20.52,35.59,12.76,0,0.2,0,-3.67,-32.07,32,39.41,-84.44,3.91,104.74,-80.53,24.21,,,,,,,,,
5921,11.42,39.92,12.03,0,0.14,0,-1.61,-34.5,32.06,36.34,-81.68,3.81,95.79,-77.87,17.92,,,,,,,,,
5931,18.81,35.33,5.59,0,0.13,0,-2.85,-30.41,30.26,38.56,-86.82,3.89,95.43,-82.93,12.5,,,,,,,,,
5941,10.67,33.24,6.03,0,0.04,0,-1.42,-30.83,32.56,38.56,-85.08,3.86,88.84,-81.22,7.62,,,,,,,,,
5951,16.7,31.74,8.94,0,0.39,0,2.53,-29.08,29.08,36.98,-86.99,3.9,97.29,-83.09,14.2,,,,,,,,,
5961,23.01,35.85,13.96,0,0.21,0,-3.23,-29.17,27.28,36.74,-86.98,3.92,104.65,-83.06,21.59,,,,,,,,,
5971,12.19,32.27,12.42,0,0.29,0,-1.65,-34.35,33.26,38.55,-83.72,3.85,92.97,-79.87,13.09,,,,,,,,,
5981,15.3,29.05,9.97,0,0.08,0,-3.14,-31.17,32.4,38.93,-86.09,3.9,91.41,-82.19,9.22,,,,,,,,,
5991,16.31,36.04,15.01,0,0.35,0,-0.35,-31.98,30.2,37.32,-84.02,3.85,102.9,-80.17,22.73,,,,,,,,,
6001,10.97,33.89,6.86,0,0.1,0,-2.2,-30.21,31.08,37.57,-84.86,3.88,88.06,-80.98,7.09,,,,,,,,,
6011,19.27,40.57,6,0,0.22,0,-1.5,-30.95,28.37,36.7,-86.21,3.88,98.68,-82.33,16.35,,,,,,,,,
6021,19.66,40.48,7.62,0,0.37,0,-2.07,-29.01,31.56,36.78,-86.57,3.94,105.39,-82.63,22.76,,,,,,,,,
6031,17.63,40.54,15.2,0,0.18,0,-0.98,-30.53,26.16,36.44,-84.76,3.91,104.65,-80.86,23.79,,,,,,,,,
6041,19.65,38.77,4.29,0,0.15,0,-1.86,-30.54,28.62,39.26,-86.26,3.89,98.33,-82.36,15.97,,,,,,,,,
6051,15.4,43.09,10.52,0,0.18,0,-0.4,-33.61,32.81,38.04,-84.01,3.85,106.04,-80.16,25.88,,,,,,,,,
6061,18.92,35.96,10.94,0,0.24,0,-3.76,-30.8,31.12,37.64,-84.64,3.89,100.26,-80.75,19.5,,,,,,,,,
6071,9.37,38.34,3.86,0,0.14,0,-1.04,-29.83,34.2,39.14,-86.38,3.88,94.19,-82.5,11.69,,,,,,,,,
6081,16.67,42.54,19.47,0,0.33,0,-5.35,-31.94,29.1,36.97,-82.86,3.87,107.79,-78.98,28.81,,,,,,,,,
6091,22.43,36.16,11.6,0,0.29,0,-2.29,-29.72,30.54,36.55,-85.62,3.86,105.55,-81.76,23.79,,,,,,,,,
6101,15.63,53.84,3.95,0,0.12,0,-2.31,-29.73,28.67,37.47,-86.08,3.9,107.65,-82.17,25.48,,,,,,,,,
6111,13.6,39.95,7.76,0,0.38,0,-3.13,-30.13,32.64,36.71,-85.1,3.9,97.79,-81.2,16.58,,,,,,,,,
6121,14.45,46.52,9.91,0,0.14,0,-2.13,-30.69,29.43,37.13,-84.53,3.89,104.75,-80.64,24.11,,,,,,,,,
6131,16.41,37.9,6.34,0,0.19,0,-3.32,-29.77,27.1,37.32,-85.82,3.91,92.16,-81.92,10.24,,,,,,,,,
6141,13.17,36.84,10.41,0,0.07,0,-2.72,-30.82,30.43,37.15,-84.41,3.85,94.53,-80.56,13.97,,,,,,,,,
6151,14.93,35.51,4.81,0,0.5,0,-2.82,-31.34,31.72,39.05,-86.09,3.89,92.35,-82.2,10.15,,,,,,,,,
6161,10.22,44.2,11.05,0,0.2,0,-0.71,-35.29,35.49,38.11,-82.37,3.79,103.27,-78.58,24.69,,,,,,,,,
6171,14.83,36.17,15.5,0,0.14,0,-2.79,-32.34,31.62,37.65,-84.86,3.87,100.78,-80.99,19.79,,,,,,,,,
6181,10.48,41.27,8.26,0,0.17,0,-2.72,-30.93,31.95,38.52,-85.65,3.86,97,-81.79,15.21,,,,,,,,,
6191,13.57,38.95,11.26,0,0.1,0,-1.94,-32.57,29.84,36.45,-82.92,3.87,95.66,-79.05,16.6,,,,,,,,,
6201,11.41,32.28,16.59,0,0.14,0,-3.54,-31.31,29.64,35.28,-84.07,3.87,90.5,-80.2,10.29,,,,,,,,,
6211,18.25,37.14,11.09,0,0.2,0,-1.31,-30.45,25.98,36.37,-84.7,3.87,97.28,-80.82,16.46,,,,,,,,,
6221,14.72,31.39,12.42,0,0.5,0,-4.47,-30.97,31.69,37.27,-85.48,3.88,92.56,-81.6,10.96,,,,,,,,,
6231,11.19,46.34,20.27,0,0.47,0,-2.8,-31.42,33.95,37.31,-85.18,3.86,115.31,-81.32,33.99,,,,,,,,,
6241,12.42,35.08,10.83,0,0.11,0,-4.16,-30.97,30,38.69,-84.88,3.9,92,-80.99,11.01,,,,,,,,,
6251,17.07,35.87,15.55,0,0.76,0,-3.97,-32.36,31.51,38.59,-85.15,3.86,103.02,-81.29,21.73,,,,,,,,,
6261,13.51,30.35,7.54,0,0.35,0,-1.31,-30.4,29.79,37.77,-86.18,3.89,87.59,-82.29,5.3,,,,,,,,,
6271,15.53,36.67,11,0,0.26,0,-2.93,-29.78,30.34,37.76,-86.2,3.87,98.85,-82.34,16.52,,,,,,,,,
6281,8.38,40.39,11.81,0,0.15,0,-3.63,-32.27,33.78,37.47,-85.04,3.86,96.08,-81.18,14.9,,,,,,,,,
6291,12.23,46.33,11.54,0,0.14,0,-2.14,-31.44,34.18,39.27,-83.95,3.85,110.11,-80.11,30,,,,,,,,,
6301,13.58,39.63,8.14,0,0.19,0,0.13,-30.78,28.53,38.13,-85.73,3.86,97.55,-81.87,15.68,,,,,,,,,
6311,11.87,40.59,10.22,0,0.15,0,-0.25,-31.75,32.51,37.96,-85.11,3.85,101.3,-81.26,20.04,,,,,,,,,
6321,20.24,35.6,9.54,0,0.21,0,-1.46,-29.91,27.28,36.65,-85.32,3.91,98.14,-81.41,16.73,,,,,,,,,
6331,16.03,36.91,13.59,0,0.14,0,-3.06,-32.37,29.19,39.18,-84.62,3.87,99.61,-80.75,18.87,,,,,,,,,
6341,17.15,42.64,10.32,0,0.16,0,-3.6,-31.12,29.23,37.08,-85.14,3.87,101.85,-81.26,20.59,,,,,,,,,
6351,11.4,40.69,7.38,0,0.14,0,1.71,-30.31,32.99,37.32,-86.1,3.88,101.32,-82.22,19.1,,,,,,,,,
6361,12.7,36.34,13.22,0,0.39,0,-4.28,-30.11,33.66,37.14,-85.4,3.88,99.05,-81.52,17.53,,,,,,,,,
6371,11.33,28.05,19.09,0,0.47,0,-2.69,-33,33.85,37.42,-82.8,3.83,94.52,-78.97,15.55,,,,,,,,,
6381,17.07,41.34,15.09,0,0.07,0,-5.08,-32.82,30.05,38.6,-83.66,3.9,104.33,-79.76,24.57,,,,,,,,,
6391,22.9,42.74,12.94,0,0.11,0,-1.35,-33.45,29.35,35.59,-83.6,3.84,108.83,-79.75,29.07,,,,,,,,,
6401,18.77,36,11.83,0,0.28,0,-2.91,-30.61,27.52,37.37,-85.52,3.92,98.26,-81.61,16.65,,,,,,,,,
6411,12.35,33.33,9.56,0,0.16,0,-3.97,-30.95,30.47,37.69,-84.96,3.88,88.64,-81.08,7.55,,,,,,,,,
6421,16.13,34.45,14.51,0,0.36,0,-1.25,-33.75,33.71,39.36,-84.16,3.83,103.51,-80.33,23.19,,,,,,,,,
6431,10.93,37.42,10.48,0,0.14,0,-3.76,-30.46,33.56,37.02,-85.76,3.88,95.33,-81.88,13.44,,,,,,,,,
6441,16.37,37.97,16.55,0,0.29,0,-2.62,-31.55,30.99,38.45,-85.53,3.89,106.44,-81.64,24.8,,,,,,,,,
6451,16.51,33.49,18.79,0,0.2,0,-3.86,-32.28,30.05,37.2,-85.08,3.85,100.1,-81.23,18.87,,,,,,,,,
6461,16.8,40.94,10.3,0,0.46,0,-2.18,-30.32,28.44,37.03,-85.45,3.91,101.47,-81.53,19.94,,,,,,,,,
6471,20.48,33.12,4.71,0,0.25,0,1.37,-29.99,27.45,37.52,-85.82,3.91,94.9,-81.91,12.99,,,,,,,,,
6481,13.89,45.57,6.49,0,0.14,0,-2.88,-30.15,31.68,38.99,-86.59,3.92,103.73,-82.67,21.06,,,,,,,,,
6491,9.79,46.24,9.27,0,0.22,0,4.98,-29.38,31.34,35.99,-85.61,3.87,108.45,-81.74,26.71,,,,,,,,,
6501,17.5,42.15,0.61,0,0.29,0,-1.43,-29.67,30.92,38.06,-86.3,3.91,98.43,-82.38,16.05,,,,,,,,,
6511,18.01,40.11,7.53,0,0.24,0,-1.61,-31.16,32.95,38.38,-85.75,3.88,104.46,-81.87,22.59,,,,,,,,,
6521,15.81,39.61,5.47,0,0.15,0,-2.91,-29.78,30.24,37.77,-85.23,3.9,96.35,-81.33,15.01,,,,,,,,,
6531,14.6,31.21,10.33,0,0.15,0,-1.1,-31.13,30.67,38.05,-85.99,3.89,92.79,-82.1,10.68,,,,,,,,,
6541,15.43,42.77,8.08,0,0.14,0,-3.07,-31.67,30.54,36.68,-84.63,3.89,98.91,-80.74,18.16,,,,,,,,,
6551,16.44,34.91,4.09,0,0.08,0,-2.87,-30.91,28.91,38.49,-85.52,3.92,89.13,-81.6,7.53,,,,,,,,,
6561,14.45,41.21,10.68,0,0.09,0,-2.89,-30.09,31.2,37.59,-86.28,3.87,102.23,-82.41,19.82,,,,,,,,,
6571,14.69,46.51,12.64,0,0.14,0,-3.88,-33.44,31.08,38.95,-84.12,3.9,106.68,-80.22,26.46,,,,,,,,,
6581,15.79,35.39,6.01,0,0.24,0,-1.16,-29.89,31.79,37.74,-85.92,3.9,95.91,-82.02,13.89,,,,,,,,,
6591,19.24,41.11,9.58,0,0.17,0,-2.43,-29.56,30.66,37.52,-86.52,3.88,106.29,-82.64,23.65,,,,,,,,,
6601,11.65,41.96,7.28,0,0.31,0,-1.7,-30.36,32.95,36.84,-85.4,3.88,98.93,-81.53,17.4,,,,,,,,,
6611,13.5,32.28,14.84,0,0.73,0,-0.6,-32.79,31.74,37.61,-83.94,3.85,97.32,-80.1,17.22,,,,,,,,,
6621,16.82,35.36,1.34,0,0.54,0,2.91,-28.31,32.75,36.56,-86.63,3.91,97.98,-82.72,15.26,,,,,,,,,
6631,19.66,41.03,7.7,0,0.18,0,-2.37,-29.87,27.88,37.07,-86.26,3.87,101.28,-82.39,18.89,,,,,,,,,
6641,8.73,39.16,10.65,0,0.37,0,-2.2,-32.02,33.18,37.9,-84.58,3.87,95.75,-80.71,15.05,,,,,,,,,
6651,12.7,39.09,10.16,0,0.35,0,-3.38,-32.56,31.17,38.04,-84.17,3.89,95.55,-80.28,15.27,,,,,,,,,
6661,14.46,38.91,5.75,0,0.2,0,-3.24,-31.69,29.68,38.34,-84.95,3.87,92.4,-81.08,11.32,,,,,,,,,
6671,15.91,36.03,15.07,0,0.13,0,-4.89,-30.86,30.14,38.09,-84.69,3.92,99.61,-80.77,18.84,,,,,,,,,
6681,13.39,30.59,5.61,0,0.28,0,-1.41,-30.51,34.47,37.52,-85.77,3.83,89.94,-81.93,8.01,,,,,,,,,
6691,13.54,40.19,3.69,0,0.05,0,-1.01,-31.63,32.59,37.15,-84.17,3.85,94.56,-80.32,14.24,,,,,,,,,
6701,17.34,40.12,6.08,0,0.18,0,-3.53,-30.25,29.15,37.54,-85.35,3.88,96.64,-81.47,15.17,,,,,,,,,
6711,14.46,40.99,4.81,0,0.15,0,-0.72,-30.24,31.44,38.56,-85.84,3.85,99.45,-81.99,17.46,,,,,,,,,
6721,17.84,37.77,7.41,0,0.11,0,-2.69,-29.79,29.19,37.52,-85.11,3.88,97.36,-81.23,16.13,,,,,,,,,
6731,13.44,31.17,5.02,0,0.32,0,0,-29.25,34.26,38.43,-85.66,3.89,93.39,-81.77,11.62,,,,,,,,,
6741,13.29,45.12,6.85,0,0.12,0,0.09,-30.35,34.18,37.94,-85.98,3.86,107.25,-82.13,25.12,,,,,,,,,
6751,17.49,39.4,9.63,0,0.26,0,-0.74,-30.77,30.2,36.44,-84.75,3.87,101.92,-80.88,21.05,,,,,,,,,
6761,16.95,41.97,12.77,0,0.26,0,-1.96,-31.31,30.98,37.68,-84.61,3.85,107.35,-80.76,26.58,,,,,,,,,
6771,13.88,43.02,6.69,0,0.05,0,-2.94,-32.15,31.17,39.32,-85.49,3.88,99.04,-81.61,17.43,,,,,,,,,
6781,12.14,34.65,15.17,0,0.23,0,-2.12,-31.46,31.14,35.89,-84.3,3.9,95.64,-80.41,15.24,,,,,,,,,
6791,15.49,35.02,12.15,0,0.18,0,-3,-30.86,29.99,37.83,-86.25,3.88,96.8,-82.37,14.43,,,,,,,,,
6801,12.12,45.57,7.05,0,0.62,0,-3.26,-30.45,34.37,37.41,-85.78,3.88,103.43,-81.9,21.53,,,,,,,,,
6811,11.88,33.58,6.02,0,0.53,0,-2.38,-30.99,30.27,37.34,-85.28,3.88,86.25,-81.4,4.85,,,,,,,,,
6821,12.82,33.42,13.46,0,0.23,0,-3.62,-33.36,31.82,38.03,-84.33,3.85,92.79,-80.48,12.32,,,,,,,,,
6831,16.21,41.01,7.8,0,0.7,0,-3.96,-31.26,28.3,38.72,-85.52,3.88,97.53,-81.63,15.89,,,,,,,,,
6841,15.85,43.26,5.92,0,0.16,0,-2.29,-30.27,29.69,37.03,-84.67,3.89,99.35,-80.78,18.57,,,,,,,,,
6851,16.86,49.64,4.32,0,0.09,0,-1.67,-29.93,30.52,37.55,-85.1,3.91,107.38,-81.19,26.19,,,,,,,,,
6861,21.64,40.89,11.76,0,0.22,0,-4.03,-31.73,26.87,37.79,-84.45,3.9,103.42,-80.55,22.87,,,,,,,,,
6871,14.46,35.79,8.64,0,0.27,0,0.06,-31.25,36.17,37.28,-84.37,3.86,101.42,-80.51,20.92,,,,,,,,,
6881,18.73,36.78,9.65,0,0.91,0,-3.94,-30.66,31.08,37.41,-84.86,3.88,99.97,-80.98,18.99,,,,,,,,,
6891,21.89,38.93,19.49,0,0.68,0,-3.68,-34.09,24.66,36.89,-82.83,3.87,104.76,-78.96,25.81,,,,,,,,,
6901,16.82,37.98,6.19,0,0.22,0,-2.64,-29.96,28.19,36.76,-85.19,3.89,93.55,-81.3,12.25,,,,,,,,,
6911,23.53,38.19,14.19,0,0.11,0,0.03,-32.16,29.42,36.63,-84.47,3.84,109.95,-80.63,29.32,,,,,,,,,
6921,14.42,36.01,15.58,0,0.12,0,-2.54,-31.75,33.98,35.88,-83.99,3.84,101.69,-80.15,21.55,,,,,,,,,
6931,17.37,45.72,10.59,0,0.36,0,-2.5,-30.98,31.47,36.19,-84.66,3.88,108.23,-80.78,27.46,,,,,,,,,
6941,23.16,42.58,6.93,0,0.23,0,-3.69,-29.39,25.1,35.45,-85.24,3.92,100.38,-81.32,19.05,,,,,,,,,
6951,13.83,42.94,9.58,0,0.05,0,-2.53,-33.23,31.09,38.13,-83.64,3.89,99.86,-79.75,20.11,,,,,,,,,
6961,13.13,35.82,8.68,0,0.26,0,0.48,-29.06,31.65,37.67,-84.99,3.88,98.64,-81.11,17.53,,,,,,,,,
6971,18.34,34.55,13.39,0,0.37,0,-3.39,-31.2,31.16,37.7,-84.3,3.88,100.92,-80.42,20.51,,,,,,,,,
6981,15.56,34.07,9.69,0,0.19,0,-1.64,-30.67,28.36,36.85,-84.6,3.89,92.41,-80.72,11.7,,,,,,,,,
6991,21.69,33.96,7.38,0,0.07,0,-1.84,-30.6,30.43,37.34,-85.62,3.87,98.43,-81.75,16.68,,,,,,,,,
7001,16.36,37.46,9.41,0,0.21,0,-0.86,-30.53,30.23,37.67,-85.34,3.85,99.95,-81.49,18.46,,,,,,,,,
7011,17.16,37.08,9,0,0.16,0,-1.78,-30.88,34.27,37.01,-86.58,3.89,102.02,-82.69,19.33,,,,,,,,,
7021,9.6,42.67,13.5,0,0.13,0,-3.18,-30.53,33.33,36.04,-83.84,3.88,101.57,-79.97,21.6,,,,,,,,,
7031,18.87,29.19,9.74,0,0.28,0,-0.5,-31.06,33.35,37.93,-85.17,3.85,97.82,-81.32,16.5,,,,,,,,,
7041,14.73,36.13,5.57,0,0.18,0,-1.99,-29.47,32.73,36.99,-87.14,3.91,94.87,-83.23,11.64,,,,,,,,,
7051,12.94,36.26,5.98,0,0.25,0,0.28,-28.53,29.03,36.63,-85.83,3.87,92.83,-81.96,10.87,,,,,,,,,
7061,16,33.3,12.83,0,0.08,0,-3.79,-31.07,30.46,35.99,-85.41,3.89,93.8,-81.51,12.29,,,,,,,,,
7071,11.12,42.19,13.97,0,0.24,0,-3.7,-29.46,29.39,36.22,-84.42,3.89,99.98,-80.52,19.45,,,,,,,,,
7081,15.59,37.84,3.3,0,0.07,0,1.04,-30.81,33.59,38.6,-85.76,3.89,99.22,-81.87,17.35,,,,,,,,,
7091,13.57,43.64,13.41,0,0.12,0,-3.13,-29.73,29.63,36.76,-83.5,3.88,104.26,-79.61,24.65,,,,,,,,,
7101,17.27,34.08,8.97,0,0.25,0,-4.14,-30.85,30.34,38.52,-86.25,3.93,94.44,-82.32,12.12,,,,,,,,,
7111,12.8,44.81,11.77,0,0.28,0,-2.17,-31.32,34.28,39.04,-84.84,3.87,109.5,-80.96,28.54,,,,,,,,,
7121,18.8,35,10.8,0,0.23,0,-3.51,-32.32,30.73,38.31,-84.56,3.91,98.04,-80.65,17.39,,,,,,,,,
7131,13.37,43.69,12.39,0,0.31,0,-3.8,-32.45,30.47,38.02,-84.23,3.83,101.99,-80.4,21.6,,,,,,,,,
7141,20.92,35.02,17.38,0,0.49,0,-5.06,-32.2,27.77,37.69,-83.99,3.89,102.01,-80.09,21.91,,,,,,,,,
7151,19.89,40.24,10.27,0,0.26,0,-3.66,-30.48,29.98,37.32,-87.02,3.89,103.83,-83.12,20.71,,,,,,,,,
7161,14.35,40.71,9.8,0,0.14,0,-0.16,-30.02,29.47,37.18,-85.59,3.91,101.46,-81.69,19.77,,,,,,,,,
7171,11.31,43.05,13.64,0,0.17,0,-2.69,-31.66,32.95,37.71,-83.47,3.89,104.49,-79.58,24.91,,,,,,,,,
7181,11.83,41.48,11.16,0,0.17,0,-5.09,-32.24,31.47,39.54,-84.3,3.89,98.33,-80.41,17.92,,,,,,,,,
7191,12.07,39.77,4.93,0,0.28,0,-1.04,-31.33,31.7,37.41,-85,3.91,93.8,-81.09,12.71,,,,,,,,,
7201,18.22,39.57,16.47,0,0.16,0,-3.49,-29.87,28.64,36.27,-85.35,3.88,105.96,-81.47,24.5,,,,,,,,,
7211,15.39,40.53,5.76,0,0.17,0,4.08,-30.21,29.58,36.94,-86.05,3.9,102.24,-82.15,20.09,,,,,,,,,
7221,10.43,35.53,14.71,0,0.46,0,-1.07,-30.31,34.73,36.27,-85.09,3.85,100.76,-81.25,19.51,,,,,,,,,
7231,15.26,36.68,15.68,0,0.19,0,-3.82,-32.26,29.97,37.67,-84.05,3.91,99.36,-80.15,19.21,,,,,,,,,
7241,14.3,43.67,9.77,0,0.12,0,-2.79,-30.39,34.45,37.94,-85.52,3.89,107.07,-81.63,25.44,,,,,,,,,
7251,13.78,36.75,7.64,0,0.23,0,0.95,-28.69,31.77,38.71,-86.79,3.9,101.14,-82.89,18.26,,,,,,,,,
7261,14.71,40.78,10.37,0,0.37,0,-3.11,-30.78,27.5,36.56,-84.67,3.92,96.41,-80.76,15.65,,,,,,,,,
7271,13.12,29.24,9.91,0,0.35,0,2.7,-28.56,30.03,36.1,-86.27,3.86,92.9,-82.41,10.49,,,,,,,,,
7281,12.94,38.93,10.25,0,0.12,0,-2.81,-29.5,33.44,38.48,-86.1,3.9,101.84,-82.21,19.63,,,,,,,,,
7291,16.67,39.02,6.01,0,0.2,0,-2.78,-29.23,29.7,38.1,-86.8,3.94,97.69,-82.86,14.83,,,,,,,,,
7301,12.58,34.83,7.13,0,0.22,0,-2.37,-29.35,32.73,37.22,-85.56,3.9,93,-81.66,11.33,,,,,,,,,
7311,17.37,43.74,14.91,0,0.19,0,-1.56,-28.78,31.36,36.78,-86.29,3.9,114.02,-82.39,31.63,,,,,,,,,
7321,16.6,29.39,14.76,0,0.15,0,-3.59,-30.65,26.49,36.24,-84.16,3.86,89.39,-80.29,9.09,,,,,,,,,
7331,10.84,31.09,14.65,0,0.36,0,-3.19,-30.22,31.19,36.2,-85.88,3.86,90.91,-82.02,8.89,,,,,,,,,
7341,9.86,31.16,10.36,0,0.12,0,-3.47,-33.42,32.77,39,-83.87,3.85,86.38,-80.02,6.37,,,,,,,,,
7351,19.51,39.25,9.67,0,0.42,0,-3.02,-30.02,29,36.67,-84.56,3.89,101.48,-80.67,20.81,,,,,,,,,
7361,13.05,36.05,14.17,0,0.13,0,-3.61,-31.15,32.44,37.89,-85.34,3.87,98.98,-81.47,17.51,,,,,,,,,
7371,13.09,45.85,5.47,0,0.29,0,-2.36,-29.01,30.56,37.86,-87.28,3.94,101.75,-83.34,18.41,,,,,,,,,
7381,15.09,37.07,13.27,0,0.44,0,-4.52,-33.33,29.99,38.49,-84.34,3.91,96.51,-80.44,16.07,,,,,,,,,
7391,21.34,41.91,3.73,0,0.12,0,2.57,-27.35,34.54,36.75,-86.92,3.86,113.61,-83.07,30.54,,,,,,,,,
7401,12.27,38.22,16.14,0,0.23,0,-2.47,-31.72,31.55,37.44,-84.97,3.89,101.68,-81.08,20.6,,,,,,,,,
7411,12.43,39.03,9.1,0,0.08,0,-0.52,-29.73,31.88,36.51,-84.9,3.86,98.78,-81.04,17.74,,,,,,,,,
7421,15.8,43.64,15.36,0,0.22,0,-2.25,-32.72,31.62,37.8,-83.95,3.87,109.47,-80.08,29.39,,,,,,,,,
7431,18.14,36.58,14.51,0,0.09,0,-4.14,-31.32,31.27,36.76,-85.05,3.89,101.89,-81.16,20.72,,,,,,,,,
7441,13.54,32.97,19.05,0,0.11,0,-4.65,-32.74,34.23,37.68,-84.02,3.85,100.21,-80.16,20.05,,,,,,,,,
7451,12.14,37.87,22.42,0,0.31,0,-5.24,-35.12,35.72,39.38,-82.63,3.83,107.48,-78.8,28.67,,,,,,,,,
7461,18.79,45.64,12.8,0,0.52,0,-3.52,-31.89,27.41,37.76,-85.23,3.91,107.52,-81.32,26.2,,,,,,,,,
7471,16.37,38.13,16.31,0,0.24,0,-0.2,-29.46,31.49,36.96,-87.21,3.86,109.82,-83.35,26.48,,,,,,,,,
7481,21.8,31.27,13.05,0,0.22,0,-0.32,-30.13,31.95,37.91,-85.82,3.85,105.74,-81.97,23.77,,,,,,,,,
7491,7.79,39.97,16.76,0,0.23,0,-4.05,-31.45,33.6,36.27,-84.62,3.88,99.13,-80.74,18.39,,,,,,,,,
7501,12.79,34.98,13.32,0,0.55,0,-2.24,-30.61,30.03,37.79,-85.64,3.81,96.62,-81.83,14.79,,,,,,,,,
7511,15.52,42.33,6.61,0,0.29,0,-0.79,-30.52,33.46,38.37,-85.15,3.82,105.27,-81.33,23.93,,,,,,,,,
7521,15.59,41.08,10.81,0,0.32,0,-0.56,-30.28,33.02,36.11,-85.04,3.81,106.07,-81.23,24.84,,,,,,,,,
7531,11.56,36.11,6.03,0,0.16,0,-1.11,-30.41,30.45,37.97,-85.2,3.84,90.77,-81.36,9.41,,,,,,,,,
7541,11.31,39.21,6.57,0,0.06,0,1.28,-29.55,31.19,36.61,-84.87,3.81,96.67,-81.06,15.62,,,,,,,,,
7551,21.41,45.71,4.95,0,0.08,0,-0.95,-29.41,26.67,37.41,-86.7,3.87,105.88,-82.83,23.05,,,,,,,,,
7561,17.06,35.69,11.05,0,0.47,0,-2.04,-31.16,29.48,36.94,-84.48,3.8,97.49,-80.67,16.82,,,,,,,,,
7571,12.23,37.94,4.51,0,0.64,0,-1.11,-31.48,35.02,39.03,-84.43,3.76,96.78,-80.67,16.11,,,,,,,,,
7581,21.63,36.94,17.14,0,0.23,0,-3.66,-33.27,28.45,36.99,-83.8,3.79,104.45,-80.01,24.45,,,,,,,,,
7591,17.18,35.6,13.4,0,0.35,0,-2.54,-29.55,27.65,37.04,-85.64,3.82,99.13,-81.82,17.31,,,,,,,,,
7601,14.65,39.19,7.7,0,0.68,0,0.97,-31.1,32.39,37.98,-84.49,3.76,102.45,-80.73,21.73,,,,,,,,,
7611,22.57,40.71,16.75,0,0.18,0,-2,-31.54,28.54,37.07,-84.98,3.8,112.28,-81.18,31.11,,,,,,,,,
7621,19.14,38.33,9.92,0,0.16,0,-3.5,-30.88,31.95,38.6,-84.5,3.84,103.71,-80.66,23.05,,,,,,,,,
7631,13.53,30.6,9.78,0,0.21,0,-1.45,-29.25,33.12,37.92,-86.14,3.88,94.47,-82.26,12.21,,,,,,,,,
7641,12.52,36.23,4.91,0,0.27,0,1.8,-30.34,34.04,37.76,-85.94,3.86,97.19,-82.08,15.11,,,,,,,,,
7651,12.39,35.63,9.19,0,0.14,0,-2.22,-32.76,32.15,37.68,-82.69,3.87,92.21,-78.82,13.39,,,,,,,,,
7661,18.41,35.66,14.67,0,0.16,0,-4.14,-31.13,29.78,38.09,-86.32,3.87,101.51,-82.45,19.06,,,,,,,,,
7671,10.65,39.39,4.3,0,0.07,0,-0.1,-30.07,33.52,37.08,-85.94,3.9,94.84,-82.04,12.8,,,,,,,,,
7681,16.87,40.54,16.06,0,0.19,0,-2.15,-30.77,28.91,37.27,-86.1,3.85,106.93,-82.25,24.68,,,,,,,,,
7691,12.91,34.13,8.28,0,0.09,0,-1.85,-30.07,33.08,37.24,-85.36,3.86,93.83,-81.5,12.33,,,,,,,,,
7701,20.26,42.99,13.82,0,0.4,0,-0.18,-28.7,28.38,37.07,-86.7,3.9,114.04,-82.8,31.24,,,,,,,,,
7711,19.66,36.26,5.12,0,0.2,0,-1.88,-29.52,26.6,37.34,-85.57,3.92,93.78,-81.65,12.13,,,,,,,,,
7721,17.14,37.8,13.33,0,0.18,0,-1.65,-30.63,32.74,36.88,-85.64,3.91,105.8,-81.74,24.06,,,,,,,,,
7731,14.04,45.19,6.09,0,0.22,0,-1.2,-30.55,32.93,38.33,-86.8,3.87,105.06,-82.93,22.13,,,,,,,,,
7741,17.69,28.87,6.7,0,0.24,0,-1.22,-29.88,32.17,37.12,-85.85,3.88,91.69,-81.97,9.72,,,,,,,,,
7751,12.79,31.95,12.41,0,0.34,0,-0.02,-34.17,31.83,39.43,-83.74,3.8,94.57,-79.94,14.63,,,,,,,,,
7761,9.27,43.62,16.88,0,0.28,0,-0.8,-29.05,32.55,36.36,-84.92,3.88,109.1,-81.04,28.07,,,,,,,,,
7771,11.88,35.92,14.44,0,0.14,0,-4.31,-31.33,34.85,38.44,-85.82,3.88,100.04,-81.94,18.1,,,,,,,,,
7781,25.95,37.03,8.33,0,0.17,0,-2.52,-30.52,26.32,37.72,-85.6,3.92,102.48,-81.68,20.8,,,,,,,,,
7791,19.07,32.96,13.68,0,0.2,0,-4.34,-31.08,28.53,36.44,-85.17,3.88,95.45,-81.29,14.16,,,,,,,,,
7801,11.94,44.12,2.44,0,0.21,0,-2.3,-30.74,35.36,39.78,-85.71,3.87,100.82,-81.84,18.98,,,,,,,,,
7811,10.7,39.41,13.22,0,0.37,0,0.03,-30.63,31.22,36.72,-84.39,3.86,101.04,-80.53,20.51,,,,,,,,,
7821,14.13,28.76,17.01,0,0.25,0,-3.12,-31.69,31.42,37.8,-84.98,3.84,94.57,-81.14,13.43,,,,,,,,,
7831,18.98,45.32,9.26,0,0.23,0,-1.76,-31.31,31.66,37.63,-85.49,3.91,109.99,-81.59,28.4,,,,,,,,,
7841,17.11,38.18,13.64,0,0.23,0,-4.07,-30.41,29.2,38.74,-86.89,3.9,102.63,-82.99,19.65,,,,,,,,,
7851,13.52,42.54,20.37,0,0.17,0,-2.69,-32.86,33.72,36.79,-83.16,3.81,111.56,-79.35,32.21,,,,,,,,,
7861,12.14,31.01,11.76,0,0.2,0,-1.7,-31.66,35.41,38.26,-84.6,3.88,95.42,-80.72,14.71,,,,,,,,,
7871,16.27,34.64,9.33,0,0.06,0,-0.95,-29.87,31.61,37.73,-85.97,3.88,98.83,-82.09,16.74,,,,,,,,,
7881,18.2,36.54,17.26,0,0.16,0,-3.89,-32.55,29.06,37.53,-82.2,3.84,102.32,-78.36,23.96,,,,,,,,,
7891,10.81,40.54,3.63,0,0.11,0,4.37,-28.52,32.09,35.72,-85.68,3.86,98.76,-81.81,16.94,,,,,,,,,
7901,16.48,30.85,10.51,0,0.07,0,-1.46,-31.9,30.36,38.71,-85.53,3.87,93.63,-81.66,11.97,,,,,,,,,
7911,14.12,36.46,10.33,0,0.37,0,-2.07,-30.47,32.25,37.29,-85.79,3.88,98.28,-81.92,16.37,,,,,,,,,
7921,9.8,40.3,11.89,0,0.24,0,-1.21,-32.1,34,36.49,-82.37,3.84,99.42,-78.53,20.89,,,,,,,,,
7931,11.24,36.8,8.27,0,0.05,0,-1.65,-30.89,32.06,39.15,-84.78,3.86,95.04,-80.92,14.11,,,,,,,,,
7941,16.09,34.28,13.85,0,0.15,0,-1.1,-32.22,30.82,38.61,-85.52,3.85,100.48,-81.67,18.81,,,,,,,,,
7951,13.65,47.76,5.45,0,0.29,0,-2.22,-30.78,33.46,38.87,-85.79,3.93,106.48,-81.86,24.61,,,,,,,,,
7961,23.61,43.29,9.2,0,0.08,0,-1.16,-29.12,25.63,36.75,-85.09,3.92,108.28,-81.17,27.11,,,,,,,,,
7971,15.07,31.45,19.67,0,0.69,0,-3.14,-31.84,31.36,36.26,-85.13,3.82,99.51,-81.31,18.2,,,,,,,,,
7981,17.68,44.83,11.51,0,0.46,0,-2.74,-30.2,29.93,37.9,-84.4,3.93,109.37,-80.47,28.9,,,,,,,,,
7991,19.02,27.12,13.08,0,0.31,0,-0.63,-29.8,32.33,36.78,-85.43,3.91,98.2,-81.51,16.69,,,,,,,,,
8001,12.47,34.17,8.23,0,0.57,0,-2.1,-31.49,32.37,38.17,-84.89,3.86,92.4,-81.03,11.37,,,,,,,,,
8011,8.98,28.1,12.11,0,0.15,0,-1.95,-33.15,33.48,38.99,-84.37,3.82,86.71,-80.55,6.16,,,,,,,,,
8021,14.64,28.7,21.64,0,0.15,0,-3.7,-32.86,31.32,38.26,-84.11,3.84,98.16,-80.27,17.89,,,,,,,,,
8031,14.81,34.56,13.4,0,0.17,0,-2.33,-31.88,27.9,36.53,-84.93,3.86,93.16,-81.06,12.1,,,,,,,,,
8041,14.07,44.42,2.86,0,0.12,0,3.8,-29.63,35.41,38.62,-86.7,3.91,109.68,-82.8,26.89,,,,,,,,,
8051,15.67,34.21,12.34,0,0.35,0,-2.93,-30.26,34.56,37.17,-85.22,3.84,101.1,-81.37,19.73,,,,,,,,,
8061,14.36,41.02,20.39,0,0.33,0,-1.74,-32.19,32.64,36.67,-85.12,3.88,111.48,-81.24,30.25,,,,,,,,,
8071,16.54,49.25,6.31,0,0.07,0,-0.69,-30.46,28.3,38.46,-86.01,3.9,107.78,-82.11,25.67,,,,,,,,,
8081,18.64,42.97,10.92,0,0.24,0,-1.68,-28.63,28.53,37.77,-86.86,3.91,108.78,-82.94,25.83,,,,,,,,,
8091,16.08,31.8,20.04,0,0.36,0,-4.91,-31.11,27.71,36.53,-84.43,3.89,96.49,-80.54,15.95,,,,,,,,,
8101,12.57,31.47,14.64,0,0.24,0,-0.13,-31.71,32.76,38.46,-83.92,3.79,98.3,-80.13,18.17,,,,,,,,,
8111,16.54,35.25,14.78,0,0.05,0,-4.72,-29.61,29.27,34.52,-85.42,3.89,96.1,-81.53,14.57,,,,,,,,,
8121,9.07,41.25,17.82,0,0.25,0,-3.59,-31.13,33.93,37.37,-86,3.88,104.96,-82.11,22.85,,,,,,,,,
8131,9.55,35.3,19.63,0,0.18,0,-2.35,-32.26,32.79,39.08,-84.62,3.86,101.92,-80.76,21.17,,,,,,,,,
8141,10.13,34.16,21.57,0,0.2,0,-4.75,-33.51,30.76,36.46,-82.94,3.88,95.03,-79.06,15.97,,,,,,,,,
8151,15.65,43.16,10.85,0,0.09,0,-0.35,-29.2,31.33,36.81,-85.49,3.86,108.35,-81.63,26.72,,,,,,,,,
8161,15.95,36.43,11.47,0,0.13,0,-3.4,-29.5,29.93,36.25,-85.78,3.9,97.25,-81.88,15.37,,,,,,,,,
8171,18.62,41.9,7.48,0,0.41,0,-2.65,-32.07,33.28,39.92,-86.7,3.85,106.88,-82.85,24.03,,,,,,,,,
8181,16.56,36.68,9.89,0,0.06,0,-0.82,-30.02,31.66,37.5,-85.29,3.91,101.53,-81.39,20.14,,,,,,,,,
8191,17.83,41.32,7.7,0,0.52,0,-0.29,-29.07,29.74,37.14,-86.99,3.91,104.89,-83.09,21.81,,,,,,,,,
8201,15.42,34.4,9.29,0,0.12,0,1.04,-30.62,30.57,38.18,-84.26,3.87,98.39,-80.4,17.99,,,,,,,,,
8211,18,44.76,7.68,0,0.19,0,-3.18,-30.11,32.47,38.25,-87.43,3.88,108.06,-83.54,24.52,,,,,,,,,
8221,16.89,39.77,14.14,0,0.2,0,-3.95,-31.84,30.09,39.08,-85.51,3.89,104.37,-81.62,22.75,,,,,,,,,
8231,12.95,43.42,5.96,0,0.27,0,1.01,-29.34,31.65,36.44,-85.65,3.9,102.37,-81.75,20.62,,,,,,,,,
8241,13.55,34.26,15.34,0,0.09,0,-4.01,-31.09,31.76,37.48,-85.59,3.89,97.39,-81.7,15.7,,,,,,,,,
8251,13.41,43.45,8.3,0,0.07,0,-2.84,-30.96,31.12,37.5,-84.43,3.9,100.04,-80.53,19.51,,,,,,,,,
8261,14.25,37.18,7.36,0,0.17,0,-0.18,-31.43,33.92,38.18,-84.93,3.85,99.45,-81.08,18.37,,,,,,,,,
8271,17.74,39.87,18.16,0,0.21,0,-4.24,-33.52,32.58,37.91,-84.25,3.89,108.72,-80.36,28.36,,,,,,,,,
8281,17.14,34.27,15.96,0,0.13,0,-4.43,-30.65,28.67,38.36,-85.69,3.89,99.45,-81.79,17.66,,,,,,,,,
8291,20.87,42.07,9.34,0,0.15,0,-3.47,-30.48,25.56,37.06,-86.68,3.93,101.1,-82.75,18.35,,,,,,,,,
8301,14.78,42.52,16.58,0,0.2,0,-1.99,-29.49,31.36,36.16,-84.53,3.92,110.13,-80.61,29.52,,,,,,,,,
8311,20,29.56,12.82,0,0.24,0,-2.7,-29.73,25.55,37.08,-85.58,3.92,92.82,-81.66,11.16,,,,,,,,,
8321,15.49,36.5,17.42,0,0.16,0,-1.71,-32.86,32.6,36.74,-82.42,3.86,104.34,-78.56,25.78,,,,,,,,,
8331,16.25,34.94,12.84,0,0.27,0,-0.56,-31.58,33.13,36.93,-85.07,3.82,102.22,-81.25,20.97,,,,,,,,,
8341,13.16,43.17,7.37,0,0.08,0,-3.81,-30.96,30.09,37.64,-85.05,3.92,96.75,-81.13,15.62,,,,,,,,,
8351,14.1,30.88,14.95,0,0.18,0,-1.56,-29.52,32.05,36.74,-86.76,3.86,97.82,-82.9,14.92,,,,,,,,,
8361,15.79,38.49,11.85,0,0.15,0,-1.46,-31.51,28.56,37.45,-85.02,3.88,99.31,-81.13,18.18,,,,,,,,,
8371,18.87,35.54,4.73,0,0.29,0,-2.39,-29.92,28.48,37.64,-85,3.84,93.24,-81.16,12.08,,,,,,,,,
8381,17.78,47.31,6.38,0,0.12,0,0.86,-29.34,32.2,38.13,-85.66,3.85,113.43,-81.81,31.62,,,,,,,,,
8391,17.59,32.39,7.57,0,0.25,0,-1.22,-30.39,32.22,37.96,-85.9,3.9,96.36,-82,14.36,,,,,,,,,
8401,17.33,34.32,15.15,0,0.21,0,-3.16,-31.06,32.14,37.04,-83.83,3.84,101.98,-79.98,22,,,,,,,,,
8411,18.18,45.38,9.57,0,0.23,0,-1.67,-29.32,30.81,37.92,-86.38,3.91,111.1,-82.47,28.63,,,,,,,,,
8421,13.5,37,11.67,0,0.23,0,-4.11,-29.82,31.07,38.51,-85.22,3.84,98.06,-81.39,16.67,,,,,,,,,
8431,13.52,33.56,12.29,0,0.47,0,-2.39,-31.31,30.87,37.61,-85.07,3.83,94.62,-81.24,13.38,,,,,,,,,
8441,18.01,39.42,5.42,0,0.2,0,-1.48,-29.47,30.56,37.17,-86.41,3.83,99.82,-82.59,17.24,,,,,,,,,
8451,12.38,30.62,10.37,0,0.14,0,-1.18,-30.58,32.1,38.15,-85.74,3.79,92.01,-81.95,10.06,,,,,,,,,
8461,14,29.43,9.97,0,0.24,0,-3.23,-30.7,30.55,37.55,-86.36,3.82,87.8,-82.54,5.27,,,,,,,,,
8471,11.95,38.45,10.17,0,0.08,0,-2.91,-32.05,30.98,38.14,-85.25,3.8,94.81,-81.45,13.37,,,,,,,,,
8481,12.17,41,14.85,0,0.07,0,-2.95,-32.75,32.1,38.79,-84.9,3.81,103.29,-81.09,22.2,,,,,,,,,
8491,14.39,36,10.21,0,0.09,0,0.38,-31.11,31.41,38.3,-83.69,3.86,99.67,-79.84,19.83,,,,,,,,,
8501,8.27,45.51,16.52,0,0.14,0,-4.95,-30.29,31.45,36.8,-84.61,3.87,103.45,-80.74,22.72,,,,,,,,,
8511,11.14,38.49,19.32,0,0.33,0,-2.9,-31.46,31.1,37.25,-83.94,3.84,103.27,-80.11,23.16,,,,,,,,,
8521,14.95,28.59,19.37,0,0.07,0,-3.48,-33.81,33.51,37.48,-83.17,3.86,96.68,-79.31,17.37,,,,,,,,,
8531,15.08,29.67,18.83,0,0.07,0,-5.32,-32.23,28.51,36.83,-83.45,3.89,91.45,-79.56,11.89,,,,,,,,,
8541,8.68,28.04,19.78,0,0.19,0,-4.74,-31.82,34.2,38.39,-84.25,3.85,92.72,-80.39,12.32,,,,,,,,,
8551,16.49,37.95,13.78,0,0.13,0,-3.39,-30.96,28.65,37.83,-86.62,3.88,100.48,-82.74,17.75,,,,,,,,,
8561,12.2,34.07,17.39,0,0.1,0,-3.07,-29.56,34.38,36.95,-86.37,3.87,102.46,-82.5,19.96,,,,,,,,,
8571,16.92,41.71,13.31,0,0.27,0,-3.18,-30.67,30.42,37.97,-85.39,3.88,106.75,-81.51,25.24,,,,,,,,,
8581,14.61,44.13,4.72,0,0.15,0,-2.61,-31.41,32.53,38.02,-86.14,3.89,100.14,-82.26,17.88,,,,,,,,,
8591,14.46,38.98,16.06,0,0.3,0,-3.16,-29.16,28.45,36.93,-86.68,3.92,102.85,-82.76,20.09,,,,,,,,,
8601,15.01,37.09,15.22,0,0.2,0,-0.4,-31.05,35.03,35.94,-84.59,3.85,107.04,-80.74,26.3,,,,,,,,,
8611,19.21,35.33,10.1,0,0.12,0,-2.63,-31.11,30.87,38.58,-85.95,3.86,100.47,-82.09,18.38,,,,,,,,,
8621,17.16,33.65,12.29,0,0.71,0,-0.45,-30.88,33.97,37.17,-84.89,3.91,103.63,-80.98,22.65,,,,,,,,,
8631,15.26,33.82,18.08,0,0.14,0,-4.69,-31.04,31.1,36.78,-83.95,3.91,99.45,-80.03,19.42,,,,,,,,,
8641,14.02,35.01,12.37,0,0.21,0,-2.28,-30.75,33.71,37.15,-86.15,3.84,99.45,-82.3,17.15,,,,,,,,,
8651,14.89,40.76,11.79,0,0.06,0,-1.6,-28.62,30.66,37.75,-88.33,3.91,105.69,-84.42,21.27,,,,,,,,,
8661,16.5,31.91,12.48,0,0.13,0,-1.65,-30.05,31.96,36.43,-86.14,3.87,97.7,-82.27,15.43,,,,,,,,,
8671,13.5,39.3,13.45,0,0.14,0,-2.97,-30.95,33.55,37.42,-84.55,3.87,103.44,-80.68,22.76,,,,,,,,,
8681,13.88,41.55,11.05,0,0.09,0,-2.58,-31.43,31.67,37.58,-84.56,3.88,101.8,-80.68,21.12,,,,,,,,,
8691,17.6,45.49,12.9,0,0.43,0,-3.52,-29.38,26.52,37.21,-86.53,3.91,107.25,-82.62,24.63,,,,,,,,,
8701,11.94,38.29,15.97,0,0.54,0,-4.92,-30.5,32.17,38.16,-85.68,3.89,101.65,-81.79,19.86,,,,,,,,,
8711,16.22,46.77,11.78,0,0.23,0,-2.74,-30.28,27.21,37.97,-85.9,3.93,107.16,-81.97,25.19,,,,,,,,,
8721,12.52,42.63,15.38,0,0.71,0,-0.85,-29.05,29.89,36.46,-85.42,3.91,107.68,-81.51,26.18,,,,,,,,,
8731,14.59,43.68,12.24,0,0.2,0,-2.25,-28.84,32.32,36.22,-84.43,3.89,108.17,-80.54,27.63,,,,,,,,,
8741,14.59,43.7,5.46,0,0.09,0,-1.81,-30.09,30.67,37.83,-85.34,3.9,100.44,-81.45,19,,,,,,,,,
8751,14.01,42.45,11.8,0,0.19,0,-2.2,-30.67,31.91,37.55,-86.05,3.9,105.04,-82.15,22.89,,,,,,,,,
8761,20.18,36.37,13.85,0,0.13,0,-3.1,-31.59,32.05,37.9,-85.91,3.86,105.79,-82.05,23.74,,,,,,,,,
8771,11.33,37.48,13.29,0,0.17,0,-0.01,-30.22,33.4,36.22,-85.98,3.85,101.66,-82.13,19.54,,,,,,,,,
8781,12.84,37.78,10.07,0,0.18,0,-0.23,-30.28,30.85,37.06,-85.2,3.87,98.26,-81.32,16.93,,,,,,,,,
8791,11.48,39.78,10.92,0,0.16,0,0.37,-29.29,31.93,38.67,-86.12,3.91,104.02,-82.22,21.8,,,,,,,,,
8801,11.57,43.79,18.36,0,0.38,0,-3.36,-32.52,32.7,36.96,-83.07,3.86,107.88,-79.21,28.68,,,,,,,,,
8811,17.83,46.1,10.67,0,0.32,0,-1.21,-29.25,29.69,38.64,-86.12,3.92,112.79,-82.21,30.58,,,,,,,,,
8821,12.51,33.22,16.47,0,0.24,0,-4.81,-32.39,32.74,37.42,-84.37,3.87,95.4,-80.5,14.9,,,,,,,,,
8831,16.26,41.51,8.3,0,0.09,0,-1.48,-30.01,27.07,36.78,-85.57,3.91,98.53,-81.66,16.86,,,,,,,,,
8841,13.3,45.28,14.14,0,0.16,0,-3.17,-30.88,29.77,37.9,-86.11,3.9,106.51,-82.21,24.3,,,,,,,,,
8851,9.85,40.63,11.15,0,0.21,0,-2.56,-30.08,34.1,38.02,-85.49,3.87,101.32,-81.62,19.71,,,,,,,,,
8861,18.74,44.05,5.59,0,0.61,0,-2.93,-29.76,30.29,36.76,-86.23,3.92,103.35,-82.31,21.04,,,,,,,,,
8871,18.27,37.66,17.87,0,0.44,0,-3.68,-33.05,33.23,37,-83.25,3.85,107.74,-79.4,28.34,,,,,,,,,
8881,11.89,40.4,8.55,0,0.27,0,-1.66,-31.25,34.54,38.36,-85.7,3.87,101.1,-81.84,19.27,,,,,,,,,
8891,11.72,38.09,15.13,0,0.22,0,-2.52,-30.76,32.34,39.19,-85.97,3.89,103.4,-82.08,21.31,,,,,,,,,
8901,12.07,36.47,12.85,0,0.07,0,-3.55,-33.34,31.13,38.13,-84.83,3.84,93.84,-80.99,12.84,,,,,,,,,
8911,19.06,46.68,7.09,0,0.06,0,-0.95,-30.55,27.28,37.93,-84.41,3.83,106.6,-80.58,26.02,,,,,,,,,
8921,19.16,40.97,3.52,0,0.06,0,-1.33,-29.2,31.07,37.5,-86.24,3.84,101.75,-82.4,19.35,,,,,,,,,
8931,11.8,48.69,8.68,0,0.3,0,-0.3,-28.73,34.3,36.92,-85.46,3.83,111.66,-81.63,30.03,,,,,,,,,
8941,15.25,39.46,5.14,0,0.23,0,0.46,-29.22,29.1,36.88,-85.2,3.83,97.29,-81.37,15.92,,,,,,,,,
8951,19.92,39.5,11.21,0,0.12,0,-0.36,-30.57,30.18,38.75,-85.56,3.83,108.76,-81.73,27.03,,,,,,,,,
8961,16.08,36.3,11.7,0,0.07,0,-3.48,-31.08,30.86,36.4,-84.52,3.82,96.85,-80.7,16.15,,,,,,,,,
8971,21.86,45.35,3.31,0,0.1,0,-2.69,-28.15,30.98,37.58,-85.89,3.88,108.34,-82.01,26.33,,,,,,,,,
8981,14.07,37.98,8.07,0,0.42,0,-0.55,-29.48,30.67,36.81,-85.11,3.85,97.99,-81.26,16.73,,,,,,,,,
8991,16.76,39.13,2.92,0,0.13,0,-0.12,-31.59,32.7,38.45,-84.78,3.81,98.38,-80.97,17.41,,,,,,,,,
9001,11.82,40.49,6.63,0,0.08,0,-2.81,-30.87,30.76,37.06,-85.16,3.82,93.16,-81.35,11.82,,,,,,,,,
9011,15.43,36.4,2.57,0,0.13,0,-1.67,-29.93,29.46,38.52,-85.86,3.85,90.9,-82.01,8.89,,,,,,,,,
9021,12.48,39.04,9.44,0,0.33,0,-2.78,-30.35,30.23,37.75,-84.7,3.82,96.12,-80.88,15.24,,,,,,,,,
9031,9.31,39.46,7.68,0,0.14,0,-1.8,-31.78,35.26,37.47,-83.5,3.8,95.74,-79.7,16.03,,,,,,,,,
9041,21.55,43.21,13.35,0,0.22,0,-2.14,-29.55,29.67,36.48,-85.28,3.84,112.81,-81.44,31.37,,,,,,,,,
9051,18.21,37.66,12.03,0,0.23,0,-2.25,-30.53,28.37,36.82,-84.47,3.82,100.53,-80.65,19.89,,,,,,,,,
9061,11.99,38.16,4.33,0,0.17,0,0.36,-29.13,32.73,36.65,-86.54,3.8,95.26,-82.74,12.52,,,,,,,,,
9071,20.43,33.66,22.25,0,0.23,0,-3.37,-32.21,33.06,36.53,-83.93,3.83,110.57,-80.1,30.46,,,,,,,,,
9081,17.45,44.5,3.52,0,0.19,0,-2.55,-29.41,31.38,37.83,-85.59,3.84,102.9,-81.75,21.14,,,,,,,,,
9091,12.96,38.46,13.39,0,0.32,0,-1.84,-32.76,28.61,36.58,-82.97,3.88,95.72,-79.09,16.63,,,,,,,,,
9101,21.22,29.97,12.27,0,0.15,0,-3.04,-30.13,28.38,36.87,-86.18,3.89,95.69,-82.29,13.4,,,,,,,,,
9111,19.05,47.8,3.51,0,0.24,0,-0.72,-29.45,33.85,37.39,-85.36,3.87,111.67,-81.5,30.17,,,,,,,,,
9121,15.32,38.71,8.93,0,0.08,0,-3.18,-30.12,31.49,38.04,-85.43,3.88,99.28,-81.56,17.72,,,,,,,,,
9131,16.84,40.93,7.49,0,0.13,0,-2.89,-31.1,27.07,36.79,-85.91,3.89,95.27,-82.02,13.25,,,,,,,,,
9141,14.98,37.7,5.12,0,0.13,0,0.81,-30.69,30.35,36.97,-84.46,3.88,95.36,-80.58,14.78,,,,,,,,,
9151,16.82,40.09,5.01,0,0.18,0,-1.64,-28.49,31.39,36.93,-86.37,3.9,100.28,-82.47,17.81,,,,,,,,,
9161,18.92,39.37,4.11,0,0.17,0,-1,-29.94,28.25,37.95,-86.24,3.91,97.83,-82.33,15.49,,,,,,,,,
9171,12.36,35.42,13.88,0,0.11,0,-2.58,-33.47,33.8,37.04,-82.31,3.84,96.56,-78.47,18.09,,,,,,,,,
9181,19.1,31.65,11.71,0,0.1,0,-1.86,-33.9,31.99,37.8,-83.3,3.87,96.59,-79.43,17.16,,,,,,,,,
9191,20.48,39.23,6.2,0,0.19,0,-0.47,-28.34,28.79,36.58,-87.71,3.92,102.66,-83.79,18.87,,,,,,,,,
9201,19.15,36.91,8.27,0,0.37,0,-1.7,-29.41,26.84,36.64,-86.89,3.92,97.08,-82.98,14.1,,,,,,,,,
9211,14.15,32.92,10.29,0,0.55,0,0.52,-28.97,31.1,36.68,-86.09,3.86,97.23,-82.23,15,,,,,,,,,
9221,14.3,47.53,11.58,0,0.27,0,-1.55,-29.86,31.92,37.78,-85.8,3.9,111.96,-81.9,30.06,,,,,,,,,
9231,12.28,36.33,5.75,0,0.08,0,-2.33,-29.14,29.38,37.52,-85.85,3.89,89.87,-81.97,7.9,,,,,,,,,
9241,13.11,36.07,9.43,0,0.1,0,-2.38,-32.16,34.43,37.57,-85.27,3.86,96.18,-81.41,14.78,,,,,,,,,
9251,15.8,45.02,13.93,0,0.28,0,-4.87,-31.2,30.15,37.91,-85.22,3.88,107.02,-81.34,25.68,,,,,,,,,
9261,13.63,42.38,2.81,0,0.13,0,-0.27,-29.77,30.85,37.45,-86.07,3.87,97.21,-82.2,15,,,,,,,,,
9271,17.61,31.53,15.85,0,0.33,0,-2.23,-30.62,27.56,37.35,-85.05,3.87,97.39,-81.18,16.21,,,,,,,,,
9281,14.5,37.86,5.02,0,0.22,0,1.06,-28.1,29.42,37.34,-86.42,3.91,97.33,-82.52,14.81,,,,,,,,,
9291,13.95,35.43,6.16,0,0.24,0,1.26,-29.09,29.98,36.91,-86.29,3.89,94.85,-82.4,12.45,,,,,,,,,
9301,16.65,38.56,5.59,0,0.12,0,-1.81,-29.06,30.69,37.86,-86.38,3.89,98.58,-82.49,16.09,,,,,,,,,
9311,15.32,35.94,5.7,0,0.1,0,-1.32,-30.65,32.18,37.83,-85.69,3.89,95.09,-81.8,13.28,,,,,,,,,
9321,14.65,33,10.61,0,0.14,0,-3.15,-30.42,29.94,37.57,-85.56,3.89,92.33,-81.67,10.67,,,,,,,,,
9331,18.53,38.08,6.25,0,0.13,0,-2.17,-28.03,30.14,37.69,-86.74,3.94,100.62,-82.81,17.81,,,,,,,,,
9341,25.97,37.62,10.02,0,0.32,0,0.32,-30.37,30.15,37.35,-84.31,3.87,111.36,-80.44,30.93,,,,,,,,,
9351,11.5,43.08,5.53,0,0.11,0,-2,-30.47,34.25,37.44,-84.25,3.87,99.43,-80.37,19.06,,,,,,,,,
9361,8.82,41.95,10.94,0,0.26,0,-1.19,-29.86,32.42,37.52,-85.41,3.9,100.85,-81.51,19.34,,,,,,,,,
9371,12.43,41.97,9.84,0,0.12,0,-1.96,-30.84,34.03,38.98,-86.5,3.89,104.58,-82.61,21.97,,,,,,,,,
9381,16.83,29.85,20.88,0,0.18,0,-3,-32.98,34.69,37.65,-82.81,3.84,104.1,-78.97,25.13,,,,,,,,,
9391,19.43,32.04,11.9,0,0.13,0,1.02,-30.53,31.83,37.64,-86.06,3.85,103.46,-82.2,21.26,,,,,,,,,
9401,18.67,31.91,9.79,0,0.13,0,2,-28.93,30.98,35.85,-86.09,3.91,100.39,-82.18,18.21,,,,,,,,,
9411,15.21,35.66,5.34,0,0.2,0,-0.05,-29.49,34.82,39.25,-86.26,3.87,100.93,-82.39,18.54,,,,,,,,,
9421,13.03,35.44,8.81,0,0.44,0,1.97,-29.15,34.3,37.64,-85.33,3.88,102.47,-81.46,21.02,,,,,,,,,
9431,19.41,44.84,10.18,0,0.19,0,-3.27,-30.47,33.75,36.95,-86.64,3.87,111.58,-82.77,28.81,,,,,,,,,
9441,12.4,43.92,11.03,0,0.17,0,-3.71,-31.73,30.65,36.73,-84.6,3.85,99.45,-80.75,18.7,,,,,,,,,
9451,10.78,38.87,7.83,0,0.34,0,-0.16,-30.08,33.14,37.59,-85.81,3.88,98.31,-81.93,16.38,,,,,,,,,
9461,13.71,39.72,9.73,0,0.2,0,-0.83,-29.69,30.38,38.51,-86.63,3.92,101.73,-82.71,19.02,,,,,,,,,
9471,15.21,38.51,4.09,0,0.08,0,-2.26,-30.82,28.79,37.81,-86.38,3.89,91.42,-82.48,8.94,,,,,,,,,
9481,17.58,29.02,8.19,0,0.51,0,-0.14,-29.43,27.5,37.28,-85.61,3.88,90.52,-81.73,8.79,,,,,,,,,
9491,13.2,39.73,4.35,0,0.08,0,-1.47,-29.63,31.43,38.57,-86.77,3.87,96.26,-82.9,13.36,,,,,,,,,
9501,12.65,40.66,5,0,0.09,0,-1.26,-29.79,32.81,38.46,-85.39,3.87,98.62,-81.51,17.11,,,,,,,,,
9511,18.11,42.14,2.21,0,0.05,0,-1.6,-30.24,30.13,38.71,-86.05,3.88,99.52,-82.17,17.34,,,,,,,,,
9521,16.78,35.72,12.54,0,0.16,0,-4.16,-31.71,31,37.87,-85.07,3.88,98.21,-81.2,17.01,,,,,,,,,
9531,16.22,35.43,14.93,0,0.62,0,-3.22,-30.74,32.97,36.2,-84.1,3.88,102.41,-80.22,22.19,,,,,,,,,
9541,16.31,37.82,13.52,0,0.24,0,-4.42,-31.68,30.57,37.41,-84.06,3.88,99.75,-80.19,19.56,,,,,,,,,
9551,21.9,36.09,10.27,0,0.37,0,-2.24,-31,28.25,37.86,-83.27,3.9,101.5,-79.37,22.13,,,,,,,,,
9561,22.61,45.7,3.08,0,0.09,0,-2.67,-29.72,26.84,38.82,-86.81,3.9,104.74,-82.91,21.83,,,,,,,,,
9571,18.04,35.36,10.37,0,0.1,0,-2,-30.7,33.81,38.04,-85.34,3.86,103.02,-81.48,21.53,,,,,,,,,
9581,14.2,42.14,3.23,0,0.12,0,-0.08,-30.63,32.83,38.48,-84.68,3.87,100.29,-80.81,19.49,,,,,,,,,
9591,13.48,31.11,14.23,0,0.09,0,-2.06,-34.19,30.75,37.58,-83.23,3.86,91,-79.37,11.63,,,,,,,,,
9601,12.76,39.45,2.17,0,0.19,0,-0.55,-29.86,33.83,39.17,-86.09,3.88,97.15,-82.21,14.93,,,,,,,,,
9611,13.03,42.94,14.6,0,0.19,0,-4,-31.55,29.67,38.03,-84.62,3.88,102.91,-80.74,22.17,,,,,,,,,
9621,13.21,31.78,11.28,0,0.14,0,-0.5,-29.71,33.88,37.13,-84.92,3.84,97.21,-81.08,16.14,,,,,,,,,
9631,18.12,39.02,7.46,0,0.13,0,-1.54,-31.57,31.79,38.59,-85.81,3.9,102.02,-81.91,20.11,,,,,,,,,
9641,20.86,35.67,8.73,0,0.18,0,-0.55,-28.38,33.72,37.37,-86.52,3.9,107.59,-82.62,24.97,,,,,,,,,
9651,15.32,44.62,10.07,0,0.26,0,-2.82,-31.23,30.67,37.48,-84.05,3.88,104.37,-80.17,24.21,,,,,,,,,
9661,13.52,32.31,9.45,0,0.12,0,-0.06,-30.82,31.24,38.55,-85.36,3.84,94.29,-81.52,12.77,,,,,,,,,
9671,13.85,37.62,10.88,0,0.22,0,-4.3,-30.82,31.41,37.7,-84.84,3.91,96.56,-80.93,15.63,,,,,,,,,
9681,23.62,38.42,3.94,0,0.23,0,0.77,-29.42,24.39,36.67,-85.73,3.9,98.62,-81.82,16.8,,,,,,,,,
9691,11.41,32.55,10.83,0,0.52,0,-4.15,-31.77,31.05,38.14,-84.25,3.85,88.56,-80.4,8.16,,,,,,,,,
9701,22.18,38.26,9.51,0,0.16,0,-3.14,-30.23,29.51,36.85,-85.75,3.87,103.11,-81.88,21.23,,,,,,,,,
9711,16.96,36.6,9.79,0,0.23,0,-1.97,-30.51,34.29,37.81,-84.92,3.87,103.2,-81.05,22.16,,,,,,,,,
9721,16.95,28.18,17.48,0,0.08,0,-4.58,-33.6,29.92,38.96,-83.67,3.83,93.39,-79.84,13.55,,,,,,,,,
9731,17.4,40.05,7.5,0,0.21,0,-1.41,-29.8,31.17,38.41,-86.49,3.9,103.53,-82.59,20.94,,,,,,,,,
9741,17.48,29,16.38,0,0.29,0,-2.68,-31.08,30.24,37.65,-85.29,3.87,97.27,-81.42,15.86,,,,,,,,,
9751,14.46,30.47,10.31,0,0.2,0,-2.75,-29.09,30.28,36.84,-86.83,3.89,90.71,-82.94,7.77,,,,,,,,,
9761,17.72,37.42,8.78,0,0.09,0,-2.2,-32.28,30.38,38.88,-84.53,3.85,98.79,-80.69,18.1,,,,,,,,,
9771,14.81,46,6.62,0,0.11,0,-0.21,-30.72,32,37.95,-85.78,3.87,106.55,-81.91,24.64,,,,,,,,,
9781,13.35,43.04,20.81,0,0.24,0,-4.01,-33.84,29.92,37.89,-83.18,3.86,107.4,-79.32,28.09,,,,,,,,,
9791,15.12,45.19,4.48,0,0.2,0,-1.17,-29.12,29.96,37.43,-86.64,3.89,102.1,-82.75,19.35,,,,,,,,,
9801,15.9,35.62,14.41,0,0.38,0,-3.85,-33.53,33,39.06,-83.65,3.89,101,-79.76,21.24,,,,,,,,,
9811,15.71,35.85,8.65,0,0.1,0,-2.16,-30.57,30.95,37.56,-85.45,3.85,96.09,-81.6,14.5,,,,,,,,,
9821,22.71,33.8,11.54,0,0.21,0,-3.55,-29.74,28.02,36.86,-84.89,3.9,99.85,-81,18.86,,,,,,,,,
9831,18.46,29.37,19.14,0,0.21,0,-4.53,-33.87,32.52,38.04,-83.41,3.86,99.33,-79.54,19.79,,,,,,,,,
9841,14.65,40.95,7.59,0,0.36,0,-1.76,-30.68,37.74,37.88,-85.09,3.84,106.73,-81.26,25.47,,,,,,,,,
9851,12.88,42.08,11.24,0,0.12,0,-1.8,-30.4,34,37.56,-85.19,3.86,105.68,-81.34,24.35,,,,,,,,,
9861,8.7,46.62,5.96,0,0.23,0,1.59,-29.96,34.93,37.45,-86.51,3.84,105.51,-82.66,22.85,,,,,,,,,
9871,14.65,33.89,8.05,0,0.1,0,-2.1,-31.28,30.97,37.94,-86.02,3.88,92.22,-82.14,10.07,,,,,,,,,
9881,22.07,35.8,10.54,0,0.18,0,-2.13,-30.95,29.77,36.91,-85.35,3.92,102.19,-81.43,20.76,,,,,,,,,
9891,20.07,38.5,9.22,0,0.17,0,-2.42,-30.99,24.52,36.41,-84.8,3.89,95.49,-80.91,14.58,,,,,,,,,
9901,20.68,32.61,7.3,0,0.12,0,-3.72,-29.59,30.19,36.34,-85.68,3.93,93.94,-81.75,12.18,,,,,,,,,
9911,17.67,43.47,11.1,0,0.41,0,-3.62,-30.2,27.03,36.6,-84.59,3.93,102.46,-80.66,21.8,,,,,,,,,
9921,13.73,48.22,5.87,0,0.27,0,-1.51,-29.77,29.31,35.1,-84.73,3.89,101.22,-80.84,20.38,,,,,,,,,
9931,14.11,38.08,11.99,0,0.1,0,-4.84,-31.48,31.41,38.17,-85.26,3.85,97.53,-81.42,16.11,,,,,,,,,
9941,11.41,34.74,11.29,0,0.14,0,-1.7,-31.27,31.21,38.26,-84.9,3.9,94.07,-81.01,13.06,,,,,,,,,
9951,12.59,34.91,13.94,0,0.67,0,-2.2,-30.93,32.46,37.33,-85.24,3.89,98.76,-81.35,17.41,,,,,,,,,
9961,20.57,33.05,19.05,0,0.25,0,-4.05,-32.34,29.12,36.06,-83.32,3.88,101.71,-79.44,22.27,,,,,,,,,
9971,19.84,32.87,12.55,0,0.16,0,0.32,-29.63,25.14,36.61,-85.13,3.9,97.87,-81.23,16.64,,,,,,,,,
9981,13.06,34.88,19.74,0,0.47,0,-5.05,-33.9,29.78,37.14,-84.02,3.85,96.12,-80.17,15.95,,,,,,,,,
9991,17.6,38.21,6.96,0,0.12,0,-2.87,-29.79,26.79,37.22,-86.28,3.91,94.25,-82.37,11.88,,,,,,,,,
10001,11.44,39.97,10.58,0,0.1,0,-0.48,-30.27,33.71,35.58,-84.34,3.87,100.63,-80.47,20.16,,,,,,,,,
,,,,,,,,,,,,,,,,,,,,,,,,
Delta Energy Terms,,,,,,,,,,,,,,,,,,,,,,,,
Frame #,BOND,ANGLE,DIHED,UB,IMP,CMAP,VDWAALS,EEL,1-4 VDW,1-4 EEL,EGB,ESURF,GGAS,GSOLV,TOTAL,,,,,,,,,
1,0,0,0,0,0,0,-54.15,-252.45,0,0,285.76,-6.55,-306.6,279.21,-27.39,,VDWAALS,,EEL,,GSOLV,,GBIND,
11,0,0,0,0,0,0,-51.01,-246.31,0,0,276.79,-6.29,-297.33,270.49,-26.84,,AVG,STDEV,AVG,STDEV,AVG,STDEV,AVG,STDEV
21,0,0,0,0,0,0,-50.48,-244.79,0,0,276.7,-6.29,-295.27,270.41,-24.87,,-17.7834965,22.19967067,-113.4323077,95.99875452,120.7483816,105.1124032,-10.46708292,13.13207595
31,0,0,0,0,0,0,-54.93,-241.34,0,0,272.16,-6.87,-296.27,265.3,-30.97,,,,,,,,,
41,0,0,0,0,0,0,-48.84,-255.94,0,0,287.02,-6.59,-304.78,280.43,-24.35,,,,,,,,,
51,0,0,0,0,0,0,-48.37,-249.73,0,0,280.18,-6.27,-298.1,273.91,-24.19,,,,,,,,,
61,0,0,0,0,0,0,-53.28,-254.41,0,0,289.07,-7.06,-307.7,282.01,-25.68,,,,,,,,,
71,0,0,0,0,0,0,-51.85,-260.69,0,0,289.47,-6.75,-312.53,282.72,-29.82,,,,,,,,,
81,0,0,0,0,0,0,-48.1,-269.51,0,0,299.86,-6.74,-317.61,293.12,-24.5,,,,,,,,,
91,0,0,0,0,0,0,-52.58,-239.18,0,0,273.65,-6.66,-291.76,266.98,-24.77,,,,,,,,,
101,0,0,0,0,0,0,-48.6,-254.41,0,0,280.79,-6.18,-303.01,274.61,-28.4,,,,,,,,,
111,0,0,0,0,0,0,-45.81,-263.6,0,0,290.17,-6.36,-309.41,283.81,-25.6,,,,,,,,,
121,0,0,0,0,0,0,-49.89,-249.31,0,0,277.02,-6.78,-299.19,270.24,-28.95,,,,,,,,,
131,0,0,0,0,0,0,-49.23,-243.83,0,0,273.45,-6.38,-293.06,267.06,-25.99,,,,,,,,,
141,0,0,0,0,0,0,-46.82,-257.63,0,0,284.06,-6.4,-304.45,277.67,-26.78,,,,,,,,,
151,0,0,0,0,0,0,-42.7,-254.65,0,0,279.81,-6.47,-297.35,273.34,-24.01,,,,,,,,,
161,0,0,0,0,0,0,-50.45,-236.07,0,0,267.89,-6.32,-286.53,261.58,-24.95,,,,,,,,,
171,0,0,0,0,0,0,-47.29,-255.15,0,0,279.14,-6.5,-302.44,272.64,-29.81,,,,,,,,,
181,0,0,0,0,0,0,-44.45,-246.36,0,0,270.99,-6.24,-290.8,264.75,-26.06,,,,,,,,,
191,0,0,0,0,0,0,-49.19,-238.87,0,0,270.31,-6.72,-288.06,263.59,-24.47,,,,,,,,,
201,0,0,0,0,0,0,-47.93,-250.34,0,0,279.21,-6.45,-298.28,272.76,-25.52,,,,,,,,,
211,0,0,0,0,0,0,-49.28,-255.12,0,0,277.46,-6.4,-304.4,271.06,-33.34,,,,,,,,,
221,0,0,0,0,0,0,-48.82,-241.87,0,0,269.12,-6.33,-290.69,262.79,-27.89,,,,,,,,,
231,0,0,0,0,0,0,-50.23,-242.59,0,0,271.85,-6.39,-292.82,265.46,-27.36,,,,,,,,,
241,0,0,0,0,0,0,-47.4,-229.11,0,0,259.61,-6.4,-276.5,253.21,-23.29,,,,,,,,,
251,0,0,0,0,0,0,-48.7,-237.5,0,0,264.04,-6.32,-286.2,257.72,-28.48,,,,,,,,,
261,0,0,0,0,0,0,-48.13,-236.22,0,0,263.53,-6.12,-284.35,257.41,-26.94,,,,,,,,,
271,0,0,0,0,0,0,-52.47,-239.65,0,0,268.68,-6.22,-292.12,262.46,-29.66,,,,,,,,,
281,0,0,0,0,0,0,-46.44,-228.65,0,0,254.61,-5.85,-275.09,248.76,-26.33,,,,,,,,,
291,0,0,0,0,0,0,-47.75,-232.87,0,0,263.61,-6.39,-280.62,257.22,-23.4,,,,,,,,,
301,0,0,0,0,0,0,-47.78,-241.02,0,0,266.43,-6.09,-288.8,260.34,-28.46,,,,,,,,,
311,0,0,0,0,0,0,-50.15,-229.35,0,0,257.11,-6.46,-279.49,250.64,-28.85,,,,,,,,,
321,0,0,0,0,0,0,-49.26,-227.28,0,0,256.94,-6.37,-276.55,250.57,-25.97,,,,,,,,,
331,0,0,0,0,0,0,-48.54,-243.01,0,0,268.89,-6.4,-291.54,262.49,-29.06,,,,,,,,,
341,0,0,0,0,0,0,-46.28,-235.31,0,0,264.27,-6.36,-281.58,257.91,-23.67,,,,,,,,,
351,0,0,0,0,0,0,-45.64,-240.2,0,0,264.54,-6.44,-285.83,258.1,-27.73,,,,,,,,,
361,0,0,0,0,0,0,-45.97,-244.95,0,0,268.42,-6.43,-290.92,261.99,-28.94,,,,,,,,,
371,0,0,0,0,0,0,-50.47,-236.49,0,0,267.68,-6.38,-286.95,261.3,-25.65,,,,,,,,,
381,0,0,0,0,0,0,-47.17,-245.27,0,0,271.6,-6.27,-292.43,265.33,-27.1,,,,,,,,,
391,0,0,0,0,0,0,-47.41,-244.09,0,0,273.37,-6.23,-291.5,267.14,-24.36,,,,,,,,,
401,0,0,0,0,0,0,-49.59,-239.21,0,0,271.59,-6.49,-288.8,265.1,-23.69,,,,,,,,,
411,0,0,0,0,0,0,-47.91,-232.49,0,0,257.49,-6.23,-280.4,251.27,-29.13,,,,,,,,,
421,0,0,0,0,0,0,-47.61,-240.12,0,0,271.71,-6.57,-287.74,265.15,-22.59,,,,,,,,,
431,0,0,0,0,0,0,-49.87,-237.89,0,0,266.82,-6.13,-287.76,260.69,-27.07,,,,,,,,,
441,0,0,0,0,0,0,-46.87,-237.54,0,0,264.57,-6.25,-284.41,258.33,-26.09,,,,,,,,,
451,0,0,0,0,0,0,-47.02,-232.9,0,0,259.29,-6.24,-279.92,253.06,-26.87,,,,,,,,,
461,0,0,0,0,0,0,-44.51,-232.34,0,0,263.41,-6.12,-276.86,257.28,-19.58,,,,,,,,,
471,0,0,0,0,0,0,-45.25,-231.94,0,0,262.55,-6.23,-277.19,256.32,-20.87,,,,,,,,,
481,0,0,0,0,0,0,-49.04,-256.4,0,0,281.89,-6.42,-305.44,275.47,-29.97,,,,,,,,,
491,0,0,0,0,0,0,-48.13,-246.5,0,0,275.57,-6.38,-294.62,269.19,-25.43,,,,,,,,,
501,0,0,0,0,0,0,-48.29,-240,0,0,268.93,-6.01,-288.3,262.92,-25.37,,,,,,,,,
511,0,0,0,0,0,0,-46.05,-237.96,0,0,262.52,-6.05,-284.01,256.47,-27.54,,,,,,,,,
521,0,0,0,0,0,0,-47.14,-246.82,0,0,273.8,-6.21,-293.97,267.59,-26.38,,,,,,,,,
531,0,0,0,0,0,0,-49.98,-245.97,0,0,277.57,-6.4,-295.95,271.17,-24.78,,,,,,,,,
541,0,0,0,0,0,0,-47.03,-235.29,0,0,266.86,-6.23,-282.31,260.63,-21.68,,,,,,,,,
551,0,0,0,0,0,0,-49.8,-234.25,0,0,263.82,-6.08,-284.05,257.73,-26.31,,,,,,,,,
561,0,0,0,0,0,0,-48.75,-259.5,0,0,289.13,-6.52,-308.25,282.6,-25.65,,,,,,,,,
571,0,0,0,0,0,0,-51.62,-230.04,0,0,259.8,-6.23,-281.66,253.57,-28.08,,,,,,,,,
581,0,0,0,0,0,0,-48.06,-254.19,0,0,280.6,-6.46,-302.25,274.14,-28.11,,,,,,,,,
591,0,0,0,0,0,0,-46.13,-230.56,0,0,258.9,-6.31,-276.69,252.58,-24.11,,,,,,,,,
601,0,0,0,0,0,0,-45.32,-234.04,0,0,262.94,-6.19,-279.36,256.75,-22.61,,,,,,,,,
611,0,0,0,0,0,0,-47.55,-250.31,0,0,275.29,-6.38,-297.86,268.91,-28.95,,,,,,,,,
621,0,0,0,0,0,0,0,-40.55,0,0,40.55,0,-40.55,40.55,0,,,,,,,,,
631,0,0,0,0,0,0,0,-42.31,0,0,42.31,0,-42.31,42.31,0,,,,,,,,,
641,0,0,0,0,0,0,0,-43.13,0,0,43.13,0,-43.14,43.13,0,,,,,,,,,
651,0,0,0,0,0,0,-53.09,-235.52,0,0,265.61,-6.65,-288.6,258.96,-29.64,,,,,,,,,
661,0,0,0,0,0,0,0,-39.88,0,0,39.88,0,-39.88,39.88,0,,,,,,,,,
671,0,0,0,0,0,0,0,-40.64,0,0,40.64,0,-40.64,40.64,0,,,,,,,,,
681,0,0,0,0,0,0,0,-40.86,0,0,40.86,0,-40.86,40.86,0,,,,,,,,,
691,0,0,0,0,0,0,0,-41.25,0,0,41.25,0,-41.25,41.25,0,,,,,,,,,
701,0,0,0,0,0,0,-41.77,-239.33,0,0,265.82,-6.38,-281.09,259.44,-21.65,,,,,,,,,
711,0,0,0,0,0,0,0,-40.13,0,0,40.13,0,-40.14,40.13,0,,,,,,,,,
721,0,0,0,0,0,0,-45.26,-243.83,0,0,272.1,-6.03,-289.09,266.06,-23.03,,,,,,,,,
731,0,0,0,0,0,0,-45.2,-247.27,0,0,278.18,-6.26,-292.47,271.92,-20.55,,,,,,,,,
741,0,0,0,0,0,0,-48.99,-238.29,0,0,270,-6.24,-287.28,263.76,-23.51,,,,,,,,,
751,0,0,0,0,0,0,-44.78,-246.91,0,0,274.24,-6.1,-291.69,268.14,-23.55,,,,,,,,,
761,0,0,0,0,0,0,0,-41.77,0,0,41.77,0,-41.77,41.77,0,,,,,,,,,
771,0,0,0,0,0,0,0,-41.34,0,0,41.33,0,-41.34,41.33,0,,,,,,,,,
781,0,0,0,0,0,0,0,-40.71,0,0,40.71,0,-40.71,40.71,0,,,,,,,,,
791,0,0,0,0,0,0,0,-39.67,0,0,39.67,0,-39.67,39.67,0,,,,,,,,,
801,0,0,0,0,0,0,0,-39.23,0,0,39.23,0,-39.23,39.23,0,,,,,,,,,
811,0,0,0,0,0,0,0,-39.89,0,0,39.89,0,-39.89,39.89,0,,,,,,,,,
821,0,0,0,0,0,0,0,-41.29,0,0,41.29,0,-41.29,41.29,0,,,,,,,,,
831,0,0,0,0,0,0,0,-39.51,0,0,39.51,0,-39.51,39.51,0,,,,,,,,,
841,0,0,0,0,0,0,0,-39.56,0,0,39.56,0,-39.56,39.56,0,,,,,,,,,
851,0,0,0,0,0,0,0,-38.37,0,0,38.37,0,-38.37,38.37,0,,,,,,,,,
861,0,0,0,0,0,0,0,-36.78,0,0,36.78,0,-36.78,36.78,0,,,,,,,,,
871,0,0,0,0,0,0,0,-37.25,0,0,37.25,0,-37.25,37.25,0,,,,,,,,,
881,0,0,0,0,0,0,0,-38.68,0,0,38.68,0,-38.68,38.68,0,,,,,,,,,
891,0,0,0,0,0,0,0,-38.72,0,0,38.72,0,-38.72,38.72,0,,,,,,,,,
901,0,0,0,0,0,0,0,-37.54,0,0,37.54,0,-37.54,37.54,0,,,,,,,,,
911,0,0,0,0,0,0,0,-37.52,0,0,37.52,0,-37.52,37.52,0,,,,,,,,,
921,0,0,0,0,0,0,0,-38.64,0,0,38.64,0,-38.64,38.64,0,,,,,,,,,
931,0,0,0,0,0,0,0,-37.88,0,0,37.88,0,-37.88,37.88,0,,,,,,,,,
941,0,0,0,0,0,0,0,-37.67,0,0,37.67,0,-37.67,37.67,0,,,,,,,,,
951,0,0,0,0,0,0,0,-37.63,0,0,37.63,0,-37.63,37.63,0,,,,,,,,,
961,0,0,0,0,0,0,0,-37.06,0,0,37.06,0,-37.06,37.06,0,,,,,,,,,
971,0,0,0,0,0,0,0,-38.64,0,0,38.65,0,-38.65,38.65,0,,,,,,,,,
981,0,0,0,0,0,0,0,-39.93,0,0,39.93,0,-39.93,39.93,0,,,,,,,,,
991,0,0,0,0,0,0,0,-39.13,0,0,39.13,0,-39.13,39.13,0,,,,,,,,,
1001,0,0,0,0,0,0,0,-39.27,0,0,39.27,0,-39.28,39.27,0,,,,,,,,,
1011,0,0,0,0,0,0,0,-39.76,0,0,39.76,0,-39.76,39.76,0,,,,,,,,,
1021,0,0,0,0,0,0,0,-39.07,0,0,39.07,0,-39.07,39.07,0,,,,,,,,,
1031,0,0,0,0,0,0,0,-39.3,0,0,39.3,0,-39.3,39.3,0,,,,,,,,,
1041,0,0,0,0,0,0,0,-38.66,0,0,38.66,0,-38.66,38.66,0,,,,,,,,,
1051,0,0,0,0,0,0,0,-38.21,0,0,38.21,0,-38.21,38.21,0,,,,,,,,,
1061,0,0,0,0,0,0,0,-37.81,0,0,37.81,0,-37.81,37.81,0,,,,,,,,,
1071,0,0,0,0,0,0,0,-37.86,0,0,37.86,0,-37.86,37.86,0,,,,,,,,,
1081,0,0,0,0,0,0,0,-37.33,0,0,37.33,0,-37.33,37.33,0,,,,,,,,,
1091,0,0,0,0,0,0,0,-38.12,0,0,38.12,0,-38.12,38.12,0,,,,,,,,,
1101,0,0,0,0,0,0,0,-37.83,0,0,37.83,0,-37.83,37.83,0,,,,,,,,,
1111,0,0,0,0,0,0,0,-39.03,0,0,39.03,0,-39.03,39.03,0,,,,,,,,,
1121,0,0,0,0,0,0,0,-39.14,0,0,39.14,0,-39.15,39.14,0,,,,,,,,,
1131,0,0,0,0,0,0,0,-38.92,0,0,38.92,0,-38.92,38.92,0,,,,,,,,,
1141,0,0,0,0,0,0,0,-38.88,0,0,38.88,0,-38.88,38.88,0,,,,,,,,,
1151,0,0,0,0,0,0,0,-39.17,0,0,39.17,0,-39.17,39.17,0,,,,,,,,,
1161,0,0,0,0,0,0,0,-39.17,0,0,39.17,0,-39.17,39.17,0,,,,,,,,,
1171,0,0,0,0,0,0,0,-39.04,0,0,39.04,0,-39.04,39.04,0,,,,,,,,,
1181,0,0,0,0,0,0,0,-39.28,0,0,39.28,0,-39.28,39.28,0,,,,,,,,,
1191,0,0,0,0,0,0,0,-38.08,0,0,38.08,0,-38.08,38.08,0,,,,,,,,,
1201,0,0,0,0,0,0,0,-38.37,0,0,38.37,0,-38.37,38.37,0,,,,,,,,,
1211,0,0,0,0,0,0,0,-39.02,0,0,39.02,0,-39.02,39.02,0,,,,,,,,,
1221,0,0,0,0,0,0,0,-38.79,0,0,38.79,0,-38.79,38.79,0,,,,,,,,,
1231,0,0,0,0,0,0,0,-39.97,0,0,39.97,0,-39.97,39.97,0,,,,,,,,,
1241,0,0,0,0,0,0,0,-39.44,0,0,39.44,0,-39.44,39.44,0,,,,,,,,,
1251,0,0,0,0,0,0,0,-39.3,0,0,39.3,0,-39.31,39.3,0,,,,,,,,,
1261,0,0,0,0,0,0,0,-40.19,0,0,40.19,0,-40.19,40.19,0,,,,,,,,,
1271,0,0,0,0,0,0,0,-38.9,0,0,38.9,0,-38.9,38.9,0,,,,,,,,,
1281,0,0,0,0,0,0,0,-37.38,0,0,37.38,0,-37.38,37.38,0,,,,,,,,,
1291,0,0,0,0,0,0,0,-36.3,0,0,36.3,0,-36.3,36.3,0,,,,,,,,,
1301,0,0,0,0,0,0,0,-37.25,0,0,37.25,0,-37.25,37.25,0,,,,,,,,,
1311,0,0,0,0,0,0,0,-37.16,0,0,37.16,0,-37.16,37.16,0,,,,,,,,,
1321,0,0,0,0,0,0,0,-36.81,0,0,36.81,0,-36.81,36.81,0,,,,,,,,,
1331,0,0,0,0,0,0,0,-38.84,0,0,38.84,0,-38.84,38.84,0,,,,,,,,,
1341,0,0,0,0,0,0,0,-37.51,0,0,37.51,0,-37.51,37.51,0,,,,,,,,,
1351,0,0,0,0,0,0,0,-37.67,0,0,37.67,0,-37.67,37.67,0,,,,,,,,,
1361,0,0,0,0,0,0,0,-37.99,0,0,38,0,-38,38,0,,,,,,,,,
1371,0,0,0,0,0,0,0,-37.26,0,0,37.26,0,-37.27,37.26,0,,,,,,,,,
1381,0,0,0,0,0,0,0,-37.81,0,0,37.81,0,-37.81,37.81,0,,,,,,,,,
1391,0,0,0,0,0,0,0,-37.7,0,0,37.7,0,-37.7,37.7,0,,,,,,,,,
1401,0,0,0,0,0,0,0,-37.27,0,0,37.27,0,-37.27,37.27,0,,,,,,,,,
1411,0,0,0,0,0,0,0,-37.73,0,0,37.73,0,-37.73,37.73,0,,,,,,,,,
1421,0,0,0,0,0,0,0,-36.76,0,0,36.76,0,-36.76,36.76,0,,,,,,,,,
1431,0,0,0,0,0,0,0,-36.48,0,0,36.48,0,-36.48,36.48,0,,,,,,,,,
1441,0,0,0,0,0,0,0,-36.59,0,0,36.59,0,-36.59,36.59,0,,,,,,,,,
1451,0,0,0,0,0,0,0,-37.11,0,0,37.11,0,-37.11,37.11,0,,,,,,,,,
1461,0,0,0,0,0,0,0,-35.38,0,0,35.39,0,-35.39,35.39,0,,,,,,,,,
1471,0,0,0,0,0,0,0,-35.57,0,0,35.57,0,-35.57,35.57,0,,,,,,,,,
1481,0,0,0,0,0,0,0,-36.66,0,0,36.67,0,-36.67,36.67,0,,,,,,,,,
1491,0,0,0,0,0,0,0,-35.77,0,0,35.78,0,-35.78,35.78,0,,,,,,,,,
1501,0,0,0,0,0,0,0,-36.46,0,0,36.47,0,-36.47,36.47,0,,,,,,,,,
1511,0,0,0,0,0,0,0,-35.93,0,0,35.93,0,-35.93,35.93,0,,,,,,,,,
1521,0,0,0,0,0,0,0,-37.1,0,0,37.1,0,-37.1,37.1,0,,,,,,,,,
1531,0,0,0,0,0,0,0,-35.66,0,0,35.66,0,-35.66,35.66,0,,,,,,,,,
1541,0,0,0,0,0,0,0,-36.07,0,0,36.07,0,-36.07,36.07,0,,,,,,,,,
1551,0,0,0,0,0,0,0,-36.05,0,0,36.05,0,-36.05,36.05,0,,,,,,,,,
1561,0,0,0,0,0,0,0,-36.05,0,0,36.05,0,-36.05,36.05,0,,,,,,,,,
1571,0,0,0,0,0,0,0,-34.45,0,0,34.45,0,-34.45,34.45,0,,,,,,,,,
1581,0,0,0,0,0,0,0,-33.46,0,0,33.47,0,-33.47,33.47,0,,,,,,,,,
1591,0,0,0,0,0,0,0,-32.41,0,0,32.41,0,-32.41,32.41,0,,,,,,,,,
1601,0,0,0,0,0,0,0,-32.9,0,0,32.9,0,-32.9,32.9,0,,,,,,,,,
1611,0,0,0,0,0,0,0,-32.32,0,0,32.32,0,-32.32,32.32,0,,,,,,,,,
1621,0,0,0,0,0,0,0,-32.56,0,0,32.57,0,-32.57,32.57,0,,,,,,,,,
1631,0,0,0,0,0,0,0,-33.68,0,0,33.69,0,-33.69,33.69,0,,,,,,,,,
1641,0,0,0,0,0,0,0,-34.69,0,0,34.69,0,-34.69,34.69,0,,,,,,,,,
1651,0,0,0,0,0,0,0,-33.39,0,0,33.4,0,-33.39,33.4,0,,,,,,,,,
1661,0,0,0,0,0,0,0,-34.26,0,0,34.26,0,-34.26,34.26,0,,,,,,,,,
1671,0,0,0,0,0,0,0,-33.78,0,0,33.78,0,-33.78,33.78,0,,,,,,,,,
1681,0,0,0,0,0,0,0,-33.86,0,0,33.86,0,-33.86,33.86,0,,,,,,,,,
1691,0,0,0,0,0,0,0,-33.84,0,0,33.84,0,-33.84,33.84,0,,,,,,,,,
1701,0,0,0,0,0,0,0,-34.23,0,0,34.23,0,-34.23,34.23,0,,,,,,,,,
1711,0,0,0,0,0,0,0,-34.18,0,0,34.19,0,-34.19,34.19,0,,,,,,,,,
1721,0,0,0,0,0,0,0,-33.63,0,0,33.63,0,-33.63,33.63,0,,,,,,,,,
1731,0,0,0,0,0,0,0,-34.35,0,0,34.35,0,-34.35,34.35,0,,,,,,,,,
1741,0,0,0,0,0,0,0,-34.45,0,0,34.45,0,-34.45,34.45,0,,,,,,,,,
1751,0,0,0,0,0,0,0,-34.92,0,0,34.92,0,-34.92,34.92,0,,,,,,,,,
1761,0,0,0,0,0,0,0,-35.22,0,0,35.22,0,-35.22,35.22,0,,,,,,,,,
1771,0,0,0,0,0,0,0,-35.63,0,0,35.63,0,-35.63,35.63,0,,,,,,,,,
1781,0,0,0,0,0,0,0,-37.56,0,0,37.56,0,-37.57,37.56,0,,,,,,,,,
1791,0,0,0,0,0,0,0,-36.46,0,0,36.46,0,-36.46,36.46,0,,,,,,,,,
1801,0,0,0,0,0,0,0,-36.89,0,0,36.89,0,-36.89,36.89,0,,,,,,,,,
1811,0,0,0,0,0,0,0,-36.73,0,0,36.73,0,-36.73,36.73,0,,,,,,,,,
1821,0,0,0,0,0,0,0,-38.3,0,0,38.3,0,-38.3,38.3,0,,,,,,,,,
1831,0,0,0,0,0,0,0,-37.62,0,0,37.62,0,-37.63,37.62,0,,,,,,,,,
1841,0,0,0,0,0,0,0,-37.85,0,0,37.85,0,-37.85,37.85,0,,,,,,,,,
1851,0,0,0,0,0,0,0,-37.78,0,0,37.78,0,-37.78,37.78,0,,,,,,,,,
1861,0,0,0,0,0,0,0,-37.56,0,0,37.56,0,-37.56,37.56,0,,,,,,,,,
1871,0,0,0,0,0,0,0,-37.89,0,0,37.89,0,-37.89,37.89,0,,,,,,,,,
1881,0,0,0,0,0,0,0,-38.91,0,0,38.91,0,-38.91,38.91,0,,,,,,,,,
1891,0,0,0,0,0,0,0,-37.9,0,0,37.9,0,-37.9,37.9,0,,,,,,,,,
1901,0,0,0,0,0,0,0,-39.15,0,0,39.15,0,-39.15,39.15,0,,,,,,,,,
1911,0,0,0,0,0,0,0,-39.64,0,0,39.64,0,-39.65,39.64,0,,,,,,,,,
1921,0,0,0,0,0,0,0,-37.34,0,0,37.34,0,-37.35,37.34,0,,,,,,,,,
1931,0,0,0,0,0,0,0,-38.28,0,0,38.29,0,-38.29,38.29,0,,,,,,,,,
1941,0,0,0,0,0,0,0,-40.38,0,0,40.38,0,-40.38,40.38,0,,,,,,,,,
1951,0,0,0,0,0,0,0,-39.78,0,0,39.78,0,-39.78,39.78,0,,,,,,,,,
1961,0,0,0,0,0,0,0,-39.38,0,0,39.38,0,-39.38,39.38,0,,,,,,,,,
1971,0,0,0,0,0,0,0,-39.7,0,0,39.7,0,-39.7,39.7,0,,,,,,,,,
1981,0,0,0,0,0,0,0,-39.22,0,0,39.22,0,-39.22,39.22,0,,,,,,,,,
1991,0,0,0,0,0,0,0,-39.55,0,0,39.55,0,-39.55,39.55,0,,,,,,,,,
2001,0,0,0,0,0,0,0,-39.69,0,0,39.69,0,-39.7,39.69,0,,,,,,,,,
2011,0,0,0,0,0,0,0,-39.72,0,0,39.72,0,-39.72,39.72,0,,,,,,,,,
2021,0,0,0,0,0,0,0,-39.78,0,0,39.78,0,-39.79,39.78,0,,,,,,,,,
2031,0,0,0,0,0,0,0,-38.95,0,0,38.95,0,-38.95,38.95,0,,,,,,,,,
2041,0,0,0,0,0,0,0,-39.53,0,0,39.53,0,-39.53,39.53,0,,,,,,,,,
2051,0,0,0,0,0,0,0,-39.31,0,0,39.31,0,-39.31,39.31,0,,,,,,,,,
2061,0,0,0,0,0,0,0,-39.29,0,0,39.29,0,-39.29,39.29,0,,,,,,,,,
2071,0,0,0,0,0,0,0,-39.6,0,0,39.6,0,-39.6,39.6,0,,,,,,,,,
2081,0,0,0,0,0,0,0,-39.32,0,0,39.32,0,-39.32,39.32,0,,,,,,,,,
2091,0,0,0,0,0,0,0,-38.87,0,0,38.87,0,-38.87,38.87,0,,,,,,,,,
2101,0,0,0,0,0,0,0,-39.89,0,0,39.89,0,-39.89,39.89,0,,,,,,,,,
2111,0,0,0,0,0,0,0,-41.45,0,0,41.45,0,-41.45,41.45,0,,,,,,,,,
2121,0,0,0,0,0,0,0,-41.7,0,0,41.7,0,-41.7,41.7,0,,,,,,,,,
2131,0,0,0,0,0,0,0,-40.18,0,0,40.18,0,-40.18,40.18,0,,,,,,,,,
2141,0,0,0,0,0,0,0,-42.3,0,0,42.3,0,-42.3,42.3,0,,,,,,,,,
2151,0,0,0,0,0,0,0,-39.53,0,0,39.53,0,-39.53,39.53,0,,,,,,,,,
2161,0,0,0,0,0,0,0,-39.58,0,0,39.58,0,-39.58,39.58,0,,,,,,,,,
2171,0,0,0,0,0,0,0,-39.27,0,0,39.27,0,-39.27,39.27,0,,,,,,,,,
2181,0,0,0,0,0,0,0,-41.3,0,0,41.3,0,-41.31,41.3,0,,,,,,,,,
2191,0,0,0,0,0,0,0,-40.11,0,0,40.11,0,-40.11,40.11,0,,,,,,,,,
2201,0,0,0,0,0,0,0,-41.17,0,0,41.17,0,-41.17,41.17,0,,,,,,,,,
2211,0,0,0,0,0,0,0,-41.17,0,0,41.17,0,-41.17,41.17,0,,,,,,,,,
2221,0,0,0,0,0,0,0,-39.99,0,0,39.99,0,-39.99,39.99,0,,,,,,,,,
2231,0,0,0,0,0,0,0,-40.06,0,0,40.06,0,-40.06,40.06,0,,,,,,,,,
2241,0,0,0,0,0,0,0,-40.92,0,0,40.92,0,-40.92,40.92,0,,,,,,,,,
2251,0,0,0,0,0,0,0,-42.7,0,0,42.7,0,-42.71,42.7,0,,,,,,,,,
2261,0,0,0,0,0,0,0,-42.46,0,0,42.46,0,-42.46,42.46,0,,,,,,,,,
2271,0,0,0,0,0,0,0,-42.44,0,0,42.43,0,-42.44,42.43,0,,,,,,,,,
2281,0,0,0,0,0,0,0,-41.72,0,0,41.72,0,-41.72,41.72,0,,,,,,,,,
2291,0,0,0,0,0,0,0,-42.12,0,0,42.12,0,-42.12,42.12,0,,,,,,,,,
2301,0,0,0,0,0,0,0,-42.51,0,0,42.51,0,-42.52,42.51,0,,,,,,,,,
2311,0,0,0,0,0,0,0,-43.23,0,0,43.23,0,-43.24,43.23,0,,,,,,,,,
2321,0,0,0,0,0,0,0,-41.87,0,0,41.87,0,-41.87,41.87,0,,,,,,,,,
2331,0,0,0,0,0,0,0,-42.51,0,0,42.51,0,-42.51,42.51,0,,,,,,,,,
2341,0,0,0,0,0,0,0,-42.12,0,0,42.12,0,-42.12,42.12,0,,,,,,,,,
2351,0,0,0,0,0,0,0,-41.45,0,0,41.45,0,-41.45,41.45,0,,,,,,,,,
2361,0,0,0,0,0,0,0,-40.76,0,0,40.76,0,-40.76,40.76,0,,,,,,,,,
2371,0,0,0,0,0,0,0,-39.91,0,0,39.91,0,-39.92,39.91,0,,,,,,,,,
2381,0,0,0,0,0,0,0,-41.5,0,0,41.5,0,-41.5,41.5,0,,,,,,,,,
2391,0,0,0,0,0,0,0,-40.07,0,0,40.07,0,-40.07,40.07,0,,,,,,,,,
2401,0,0,0,0,0,0,0,-41.08,0,0,41.08,0,-41.08,41.08,0,,,,,,,,,
2411,0,0,0,0,0,0,0,-42.06,0,0,42.06,0,-42.06,42.06,0,,,,,,,,,
2421,0,0,0,0,0,0,0,-42.77,0,0,42.77,0,-42.77,42.77,0,,,,,,,,,
2431,0,0,0,0,0,0,0,-43.39,0,0,43.39,0,-43.39,43.39,0,,,,,,,,,
2441,0,0,0,0,0,0,0,-43.01,0,0,43.01,0,-43.01,43.01,0,,,,,,,,,
2451,0,0,0,0,0,0,0,-43.2,0,0,43.2,0,-43.2,43.2,0,,,,,,,,,
2461,0,0,0,0,0,0,0,-43.43,0,0,43.43,0,-43.43,43.43,0,,,,,,,,,
2471,0,0,0,0,0,0,0,-42.53,0,0,42.53,0,-42.53,42.53,0,,,,,,,,,
2481,0,0,0,0,0,0,-41.82,-237.12,0,0,257.08,-5.29,-278.94,251.8,-27.14,,,,,,,,,
2491,0,0,0,0,0,0,-39.22,-233.51,0,0,252.7,-5.62,-272.73,247.08,-25.64,,,,,,,,,
2501,0,0,0,0,0,0,-41.08,-240.47,0,0,261.04,-5.63,-281.55,255.41,-26.14,,,,,,,,,
2511,0,0,0,0,0,0,-43.62,-209.49,0,0,232.83,-5.71,-253.11,227.12,-25.99,,,,,,,,,
2521,0,0,0,0,0,0,0,-42.66,0,0,42.66,0,-42.66,42.66,0,,,,,,,,,
2531,0,0,0,0,0,0,0,-42.86,0,0,42.86,0,-42.86,42.86,0,,,,,,,,,
2541,0,0,0,0,0,0,-47.87,-236.57,0,0,261.47,-5.97,-284.44,255.51,-28.93,,,,,,,,,
2551,0,0,0,0,0,0,-47.48,-233.15,0,0,257.58,-5.96,-280.63,251.62,-29,,,,,,,,,
2561,0,0,0,0,0,0,-42.24,-223.7,0,0,245.37,-6.15,-265.94,239.23,-26.72,,,,,,,,,
2571,0,0,0,0,0,0,-44.53,-242.79,0,0,267.98,-6.18,-287.33,261.8,-25.53,,,,,,,,,
2581,0,0,0,0,0,0,-40.98,-231.19,0,0,253.88,-6.05,-272.16,247.83,-24.33,,,,,,,,,
2591,0,0,0,0,0,0,-43.52,-240.81,0,0,263.5,-5.69,-284.32,257.81,-26.52,,,,,,,,,
2601,0,0,0,0,0,0,0,-41.94,0,0,41.93,0,-41.94,41.93,0,,,,,,,,,
2611,0,0,0,0,0,0,0,-41.9,0,0,41.89,0,-41.9,41.89,0,,,,,,,,,
2621,0,0,0,0,0,0,-45.63,-238.64,0,0,261.92,-5.8,-284.27,256.13,-28.14,,,,,,,,,
2631,0,0,0,0,0,0,-44.7,-231.41,0,0,253.97,-6.09,-276.12,247.88,-28.24,,,,,,,,,
2641,0,0,0,0,0,0,-44.93,-234.3,0,0,257.67,-5.76,-279.24,251.91,-27.33,,,,,,,,,
2651,0,0,0,0,0,0,0,-42.09,0,0,42.09,0,-42.09,42.09,0,,,,,,,,,
2661,0,0,0,0,0,0,0,-43.68,0,0,43.68,0,-43.68,43.68,0,,,,,,,,,
2671,0,0,0,0,0,0,0,-41.8,0,0,41.8,0,-41.8,41.8,0,,,,,,,,,
2681,0,0,0,0,0,0,-43.89,-232.31,0,0,253.66,-6.07,-276.2,247.59,-28.61,,,,,,,,,
2691,0,0,0,0,0,0,-43.44,-234.81,0,0,256.38,-5.77,-278.25,250.61,-27.64,,,,,,,,,
2701,0,0,0,0,0,0,-45.58,-240.18,0,0,266.16,-6.09,-285.76,260.07,-25.69,,,,,,,,,
2711,0,0,0,0,0,0,-42.48,-236.45,0,0,257.18,-6.02,-278.93,251.16,-27.77,,,,,,,,,
2721,0,0,0,0,0,0,-44.54,-246.47,0,0,270.44,-5.96,-291.01,264.48,-26.53,,,,,,,,,
2731,0,0,0,0,0,0,0,-41.79,0,0,41.79,0,-41.79,41.79,0,,,,,,,,,
2741,0,0,0,0,0,0,-43.01,-237.44,0,0,260.04,-5.55,-280.44,254.49,-25.95,,,,,,,,,
2751,0,0,0,0,0,0,-43.75,-233.17,0,0,257.54,-5.69,-276.92,251.85,-25.06,,,,,,,,,
2761,0,0,0,0,0,0,-44.78,-245.69,0,0,268.68,-6.04,-290.47,262.64,-27.83,,,,,,,,,
2771,0,0,0,0,0,0,-40.41,-230.81,0,0,257,-5.92,-271.23,251.08,-20.15,,,,,,,,,
2781,0,0,0,0,0,0,-42.82,-232.76,0,0,256.24,-5.38,-275.58,250.87,-24.71,,,,,,,,,
2791,0,0,0,0,0,0,-42.87,-238.58,0,0,257.66,-5.58,-281.45,252.08,-29.37,,,,,,,,,
2801,0,0,0,0,0,0,-44.16,-245.52,0,0,268.06,-5.94,-289.68,262.12,-27.56,,,,,,,,,
2811,0,0,0,0,0,0,-42.49,-243.26,0,0,268.64,-5.91,-285.75,262.73,-23.02,,,,,,,,,
2821,0,0,0,0,0,0,-43.72,-237.22,0,0,260.56,-5.65,-280.93,254.91,-26.02,,,,,,,,,
2831,0,0,0,0,0,0,-40.68,-233.53,0,0,254.34,-5.69,-274.21,248.65,-25.56,,,,,,,,,
2841,0,0,0,0,0,0,-44.89,-241.76,0,0,264.62,-5.77,-286.65,258.85,-27.8,,,,,,,,,
2851,0,0,0,0,0,0,-39.62,-238.59,0,0,263.64,-5.61,-278.21,258.03,-20.18,,,,,,,,,
2861,0,0,0,0,0,0,-44.01,-226.52,0,0,250.22,-5.58,-270.53,244.63,-25.89,,,,,,,,,
2871,0,0,0,0,0,0,-43.73,-234.61,0,0,256.66,-5.49,-278.34,251.18,-27.16,,,,,,,,,
2881,0,0,0,0,0,0,-48.15,-225.09,0,0,253.06,-6.11,-273.24,246.95,-26.29,,,,,,,,,
2891,0,0,0,0,0,0,-42.62,-228.93,0,0,251.37,-5.57,-271.55,245.8,-25.75,,,,,,,,,
2901,0,0,0,0,0,0,-40.92,-224.27,0,0,249.86,-5.84,-265.2,244.02,-21.18,,,,,,,,,
2911,0,0,0,0,0,0,-44.11,-227.79,0,0,251.49,-6.07,-271.91,245.43,-26.48,,,,,,,,,
2921,0,0,0,0,0,0,-42.25,-235.22,0,0,255.47,-5.88,-277.46,249.59,-27.88,,,,,,,,,
2931,0,0,0,0,0,0,-42.51,-226.41,0,0,250.12,-5.78,-268.91,244.34,-24.57,,,,,,,,,
2941,0,0,0,0,0,0,-38.14,-227.93,0,0,252.16,-4.92,-266.08,247.25,-18.83,,,,,,,,,
2951,0,0,0,0,0,0,-45.94,-234.93,0,0,258.72,-5.99,-280.88,252.73,-28.15,,,,,,,,,
2961,0,0,0,0,0,0,-44.07,-232.44,0,0,255.57,-6.38,-276.51,249.18,-27.32,,,,,,,,,
2971,0,0,0,0,0,0,-44.93,-231.1,0,0,254.97,-5.89,-276.03,249.08,-26.95,,,,,,,,,
2981,0,0,0,0,0,0,-47.69,-233.96,0,0,260.93,-6.24,-281.65,254.68,-26.97,,,,,,,,,
2991,0,0,0,0,0,0,-45.61,-247.1,0,0,270.71,-6.11,-292.71,264.6,-28.11,,,,,,,,,
3001,0,0,0,0,0,0,-42.87,-233.63,0,0,256.48,-5.85,-276.5,250.64,-25.87,,,,,,,,,
3011,0,0,0,0,0,0,-43.12,-244.25,0,0,266.9,-5.71,-287.37,261.2,-26.17,,,,,,,,,
3021,0,0,0,0,0,0,-42.1,-231.96,0,0,254.25,-5.89,-274.05,248.36,-25.69,,,,,,,,,
3031,0,0,0,0,0,0,-45.94,-238.24,0,0,263.06,-5.77,-284.18,257.29,-26.89,,,,,,,,,
3041,0,0,0,0,0,0,-44.4,-226.39,0,0,252.47,-5.98,-270.8,246.5,-24.3,,,,,,,,,
3051,0,0,0,0,0,0,-44.52,-235.2,0,0,259.06,-5.68,-279.71,253.37,-26.34,,,,,,,,,
3061,0,0,0,0,0,0,-43.12,-244.29,0,0,266.4,-6.04,-287.4,260.36,-27.04,,,,,,,,,
3071,0,0,0,0,0,0,-47.63,-242.74,0,0,264.59,-5.98,-290.38,258.61,-31.77,,,,,,,,,
3081,0,0,0,0,0,0,-44.71,-236.07,0,0,260.11,-5.86,-280.79,254.25,-26.54,,,,,,,,,
3091,0,0,0,0,0,0,-44.97,-238.61,0,0,261.54,-6.05,-283.58,255.48,-28.1,,,,,,,,,
3101,0,0,0,0,0,0,-48.4,-239.82,0,0,266.41,-6.08,-288.22,260.33,-27.89,,,,,,,,,
3111,0,0,0,0,0,0,-42.81,-234.33,0,0,258.09,-6.13,-277.13,251.96,-25.17,,,,,,,,,
3121,0,0,0,0,0,0,-46.78,-225.46,0,0,250.96,-5.96,-272.24,245.01,-27.23,,,,,,,,,
3131,0,0,0,0,0,0,-45.58,-233.51,0,0,258.75,-5.75,-279.09,253,-26.09,,,,,,,,,
3141,0,0,0,0,0,0,-44.06,-243.47,0,0,267.65,-6.1,-287.54,261.54,-25.99,,,,,,,,,
3151,0,0,0,0,0,0,-45.29,-226.43,0,0,254.36,-5.93,-271.72,248.43,-23.29,,,,,,,,,
3161,0,0,0,0,0,0,-42.95,-231.28,0,0,257.99,-5.96,-274.23,252.02,-22.2,,,,,,,,,
3171,0,0,0,0,0,0,-44.44,-225.63,0,0,249.6,-5.69,-270.07,243.91,-26.16,,,,,,,,,
3181,0,0,0,0,0,0,-45.2,-214.09,0,0,236.21,-5.74,-259.29,230.47,-28.82,,,,,,,,,
3191,0,0,0,0,0,0,-44.76,-235.52,0,0,261.57,-5.66,-280.28,255.91,-24.37,,,,,,,,,
3201,0,0,0,0,0,0,-42.21,-232.17,0,0,254.52,-5.56,-274.37,248.96,-25.41,,,,,,,,,
3211,0,0,0,0,0,0,-42.1,-233.83,0,0,256.16,-6.1,-275.93,250.05,-25.87,,,,,,,,,
3221,0,0,0,0,0,0,-43.59,-236.92,0,0,259.79,-5.96,-280.51,253.83,-26.68,,,,,,,,,
3231,0,0,0,0,0,0,-45.27,-240.04,0,0,264.41,-6.19,-285.31,258.21,-27.1,,,,,,,,,
3241,0,0,0,0,0,0,-42.69,-238.42,0,0,260.16,-5.66,-281.11,254.5,-26.61,,,,,,,,,
3251,0,0,0,0,0,0,-46.19,-234.32,0,0,257,-6,-280.52,250.99,-29.52,,,,,,,,,
3261,0,0,0,0,0,0,-45.19,-231.42,0,0,257.04,-5.67,-276.6,251.37,-25.23,,,,,,,,,
3271,0,0,0,0,0,0,-41.44,-236.84,0,0,260.91,-5.61,-278.29,255.3,-22.99,,,,,,,,,
3281,0,0,0,0,0,0,-45.02,-233.33,0,0,255.06,-5.64,-278.34,249.41,-28.93,,,,,,,,,
3291,0,0,0,0,0,0,-42.85,-235.45,0,0,255.46,-5.94,-278.29,249.52,-28.77,,,,,,,,,
3301,0,0,0,0,0,0,-43.71,-234.15,0,0,257.14,-5.63,-277.85,251.51,-26.34,,,,,,,,,
3311,0,0,0,0,0,0,-45.43,-237.67,0,0,260.97,-6.03,-283.09,254.94,-28.15,,,,,,,,,
3321,0,0,0,0,0,0,-45.49,-238.42,0,0,259.89,-6.08,-283.91,253.81,-30.1,,,,,,,,,
3331,0,0,0,0,0,0,-44.45,-241.34,0,0,262.75,-5.67,-285.79,257.08,-28.71,,,,,,,,,
3341,0,0,0,0,0,0,-44.03,-235.74,0,0,259.55,-5.67,-279.78,253.88,-25.9,,,,,,,,,
3351,0,0,0,0,0,0,-44.59,-246.19,0,0,270.69,-5.8,-290.78,264.9,-25.88,,,,,,,,,
3361,0,0,0,0,0,0,-41.48,-239.07,0,0,257.7,-5.63,-280.56,252.07,-28.48,,,,,,,,,
3371,0,0,0,0,0,0,-44.33,-238.64,0,0,261.39,-5.74,-282.97,255.65,-27.32,,,,,,,,,
3381,0,0,0,0,0,0,-41.81,-242.66,0,0,262.55,-5.69,-284.47,256.86,-27.62,,,,,,,,,
3391,0,0,0,0,0,0,-40.49,-235.22,0,0,255.28,-5.23,-275.71,250.06,-25.66,,,,,,,,,
3401,0,0,0,0,0,0,-40.53,-230.13,0,0,254.5,-5.42,-270.67,249.08,-21.58,,,,,,,,,
3411,0,0,0,0,0,0,-43.15,-237.44,0,0,259.96,-5.94,-280.58,254.02,-26.56,,,,,,,,,
3421,0,0,0,0,0,0,-42.7,-224.95,0,0,249.65,-5.62,-267.65,244.04,-23.61,,,,,,,,,
3431,0,0,0,0,0,0,-43.43,-241.54,0,0,267.19,-6.05,-284.97,261.13,-23.84,,,,,,,,,
3441,0,0,0,0,0,0,-43.85,-235.57,0,0,259.62,-5.98,-279.43,253.64,-25.79,,,,,,,,,
3451,0,0,0,0,0,0,-46.34,-229.62,0,0,259.73,-5.89,-275.96,253.83,-22.13,,,,,,,,,
3461,0,0,0,0,0,0,-41.7,-243.65,0,0,267.01,-5.94,-285.35,261.07,-24.29,,,,,,,,,
3471,0,0,0,0,0,0,-44.29,-230.48,0,0,255.22,-5.81,-274.76,249.41,-25.35,,,,,,,,,
3481,0,0,0,0,0,0,-43.3,-241.51,0,0,268.21,-6.04,-284.81,262.16,-22.65,,,,,,,,,
3491,0,0,0,0,0,0,-47.58,-247.29,0,0,273.56,-6.28,-294.87,267.28,-27.59,,,,,,,,,
3501,0,0,0,0,0,0,-46.44,-230.13,0,0,254.91,-5.94,-276.58,248.97,-27.61,,,,,,,,,
3511,0,0,0,0,0,0,-43.92,-237.64,0,0,261.44,-5.91,-281.56,255.54,-26.02,,,,,,,,,
3521,0,0,0,0,0,0,-42.39,-239.06,0,0,264.57,-5.82,-281.45,258.75,-22.7,,,,,,,,,
3531,0,0,0,0,0,0,0,-40.81,0,0,40.8,0,-40.81,40.8,0,,,,,,,,,
3541,0,0,0,0,0,0,0,-40.09,0,0,40.09,0,-40.09,40.09,0,,,,,,,,,
3551,0,0,0,0,0,0,0,-38.81,0,0,38.81,0,-38.81,38.81,0,,,,,,,,,
3561,0,0,0,0,0,0,0,-40.89,0,0,40.89,0,-40.89,40.89,0,,,,,,,,,
3571,0,0,0,0,0,0,0,-39.82,0,0,39.82,0,-39.82,39.82,0,,,,,,,,,
3581,0,0,0,0,0,0,0,-40.39,0,0,40.39,0,-40.39,40.39,0,,,,,,,,,
3591,0,0,0,0,0,0,0,-40.26,0,0,40.25,0,-40.26,40.25,0,,,,,,,,,
3601,0,0,0,0,0,0,0,-40.86,0,0,40.86,0,-40.86,40.86,0,,,,,,,,,
3611,0,0,0,0,0,0,0,-40.21,0,0,40.21,0,-40.21,40.21,0,,,,,,,,,
3621,0,0,0,0,0,0,0,-39.91,0,0,39.91,0,-39.91,39.91,0,,,,,,,,,
3631,0,0,0,0,0,0,0,-39.51,0,0,39.51,0,-39.51,39.51,0,,,,,,,,,
3641,0,0,0,0,0,0,0,-38.33,0,0,38.33,0,-38.33,38.33,0,,,,,,,,,
3651,0,0,0,0,0,0,0,-37.85,0,0,37.85,0,-37.86,37.85,0,,,,,,,,,
3661,0,0,0,0,0,0,0,-38.31,0,0,38.32,0,-38.32,38.32,0,,,,,,,,,
3671,0,0,0,0,0,0,0,-36.71,0,0,36.71,0,-36.71,36.71,0,,,,,,,,,
3681,0,0,0,0,0,0,0,-36.05,0,0,36.06,0,-36.05,36.06,0,,,,,,,,,
3691,0,0,0,0,0,0,0,-37.07,0,0,37.07,0,-37.07,37.07,0,,,,,,,,,
3701,0,0,0,0,0,0,0,-37.84,0,0,37.84,0,-37.84,37.84,0,,,,,,,,,
3711,0,0,0,0,0,0,0,-37.7,0,0,37.7,0,-37.7,37.7,0,,,,,,,,,
3721,0,0,0,0,0,0,0,-37.17,0,0,37.18,0,-37.18,37.18,0,,,,,,,,,
3731,0,0,0,0,0,0,0,-36.68,0,0,36.69,0,-36.69,36.69,0,,,,,,,,,
3741,0,0,0,0,0,0,0,-35.38,0,0,35.39,0,-35.39,35.39,0,,,,,,,,,
3751,0,0,0,0,0,0,0,-35.82,0,0,35.83,0,-35.83,35.83,0,,,,,,,,,
3761,0,0,0,0,0,0,0,-34.52,0,0,34.53,0,-34.53,34.53,0,,,,,,,,,
3771,0,0,0,0,0,0,0,-34.8,0,0,34.8,0,-34.8,34.8,0,,,,,,,,,
3781,0,0,0,0,0,0,0,-34.42,0,0,34.43,0,-34.43,34.43,0,,,,,,,,,
3791,0,0,0,0,0,0,0,-35.04,0,0,35.04,0,-35.04,35.04,0,,,,,,,,,
3801,0,0,0,0,0,0,0,-33.95,0,0,33.95,0,-33.95,33.95,0,,,,,,,,,
3811,0,0,0,0,0,0,0,-34.01,0,0,34.02,0,-34.01,34.02,0,,,,,,,,,
3821,0,0,0,0,0,0,0,-34.62,0,0,34.63,0,-34.63,34.63,0,,,,,,,,,
3831,0,0,0,0,0,0,0,-34.73,0,0,34.73,0,-34.73,34.73,0,,,,,,,,,
3841,0,0,0,0,0,0,0,-34.55,0,0,34.56,0,-34.56,34.56,0,,,,,,,,,
3851,0,0,0,0,0,0,0,-33.77,0,0,33.77,0,-33.77,33.77,0,,,,,,,,,
3861,0,0,0,0,0,0,0,-32.83,0,0,32.84,0,-32.84,32.84,0,,,,,,,,,
3871,0,0,0,0,0,0,0,-33.79,0,0,33.8,0,-33.8,33.8,0,,,,,,,,,
3881,0,0,0,0,0,0,0,-33.1,0,0,33.1,0,-33.1,33.1,0,,,,,,,,,
3891,0,0,0,0,0,0,0,-34.21,0,0,34.21,0,-34.21,34.21,0,,,,,,,,,
3901,0,0,0,0,0,0,-0.01,-32.71,0,0,32.72,0,-32.71,32.72,0,,,,,,,,,
3911,0,0,0,0,0,0,0,-31.64,0,0,31.65,0,-31.64,31.65,0,,,,,,,,,
3921,0,0,0,0,0,0,0,-33.76,0,0,33.76,0,-33.76,33.76,0,,,,,,,,,
3931,0,0,0,0,0,0,0,-34.35,0,0,34.36,0,-34.36,34.36,0,,,,,,,,,
3941,0,0,0,0,0,0,0,-33.46,0,0,33.46,0,-33.46,33.46,0,,,,,,,,,
3951,0,0,0,0,0,0,0,-32.63,0,0,32.64,0,-32.63,32.64,0,,,,,,,,,
3961,0,0,0,0,0,0,0,-33.54,0,0,33.54,0,-33.54,33.54,0,,,,,,,,,
3971,0,0,0,0,0,0,0,-34.71,0,0,34.71,0,-34.71,34.71,0,,,,,,,,,
3981,0,0,0,0,0,0,0,-34.26,0,0,34.27,0,-34.27,34.27,0,,,,,,,,,
3991,0,0,0,0,0,0,0,-34.38,0,0,34.38,0,-34.38,34.38,0,,,,,,,,,
4001,0,0,0,0,0,0,0,-34.44,0,0,34.44,0,-34.44,34.44,0,,,,,,,,,
4011,0,0,0,0,0,0,0,-34.69,0,0,34.7,0,-34.69,34.7,0,,,,,,,,,
4021,0,0,0,0,0,0,0,-33.96,0,0,33.97,0,-33.96,33.97,0,,,,,,,,,
4031,0,0,0,0,0,0,0,-34.13,0,0,34.13,0,-34.13,34.13,0,,,,,,,,,
4041,0,0,0,0,0,0,0,-34.93,0,0,34.93,0,-34.93,34.93,0,,,,,,,,,
4051,0,0,0,0,0,0,0,-34.07,0,0,34.07,0,-34.07,34.07,0,,,,,,,,,
4061,0,0,0,0,0,0,0,-34.41,0,0,34.42,0,-34.42,34.42,0,,,,,,,,,
4071,0,0,0,0,0,0,-48.6,-246.35,0,0,270.2,-6.02,-294.95,264.18,-30.77,,,,,,,,,
4081,0,0,0,0,0,0,-42.61,-238.41,0,0,257.37,-5.82,-281.02,251.55,-29.47,,,,,,,,,
4091,0,0,0,0,0,0,-40.01,-238.67,0,0,260.65,-5.77,-278.68,254.88,-23.8,,,,,,,,,
4101,0,0,0,0,0,0,-41.12,-237,0,0,259.7,-5.75,-278.12,253.95,-24.17,,,,,,,,,
4111,0,0,0,0,0,0,-44.04,-235.14,0,0,264.08,-5.93,-279.17,258.15,-21.02,,,,,,,,,
4121,0,0,0,0,0,0,-44.81,-239.02,0,0,266.06,-5.7,-283.84,260.36,-23.47,,,,,,,,,
4131,0,0,0,0,0,0,-45.68,-238.25,0,0,262.61,-6.18,-283.94,256.43,-27.51,,,,,,,,,
4141,0,0,0,0,0,0,-39.98,-233.92,0,0,261.63,-6.04,-273.9,255.58,-18.32,,,,,,,,,
4151,0,0,0,0,0,0,0,-35.38,0,0,35.38,0,-35.38,35.38,0,,,,,,,,,
4161,0,0,0,0,0,0,-43.66,-235,0,0,261.6,-5.67,-278.66,255.93,-22.73,,,,,,,,,
4171,0,0,0,0,0,0,-46.13,-226.37,0,0,251.94,-5.87,-272.5,246.06,-26.43,,,,,,,,,
4181,0,0,0,0,0,0,-45.22,-232.31,0,0,256.72,-5.79,-277.53,250.94,-26.59,,,,,,,,,
4191,0,0,0,0,0,0,-44.53,-243.73,0,0,269.85,-5.9,-288.26,263.95,-24.31,,,,,,,,,
4201,0,0,0,0,0,0,-41.72,-243.48,0,0,263.64,-5.52,-285.2,258.12,-27.08,,,,,,,,,
4211,0,0,0,0,0,0,-45.82,-254.76,0,0,280.88,-5.83,-300.58,275.04,-25.53,,,,,,,,,
4221,0,0,0,0,0,0,-46.53,-245.35,0,0,269.87,-5.84,-291.88,264.03,-27.85,,,,,,,,,
4231,0,0,0,0,0,0,-42.05,-246.71,0,0,271.56,-5.62,-288.75,265.94,-22.82,,,,,,,,,
4241,0,0,0,0,0,0,-45.96,-227.38,0,0,253.47,-5.83,-273.34,247.64,-25.7,,,,,,,,,
4251,0,0,0,0,0,0,-39.81,-242.52,0,0,261.09,-5.81,-282.33,255.28,-27.05,,,,,,,,,
4261,0,0,0,0,0,0,-45.29,-236.11,0,0,259.04,-6.01,-281.4,253.03,-28.37,,,,,,,,,
4271,0,0,0,0,0,0,-40.21,-229.65,0,0,252.4,-5.47,-269.87,246.94,-22.93,,,,,,,,,
4281,0,0,0,0,0,0,-42.47,-226.52,0,0,247.25,-5.77,-268.99,241.48,-27.51,,,,,,,,,
4291,0,0,0,0,0,0,-43.83,-231.08,0,0,256.09,-5.93,-274.91,250.16,-24.75,,,,,,,,,
4301,0,0,0,0,0,0,0,-35.51,0,0,35.51,0,-35.51,35.51,0,,,,,,,,,
4311,0,0,0,0,0,0,-45.31,-241.11,0,0,262.93,-5.95,-286.42,256.98,-29.44,,,,,,,,,
4321,0,0,0,0,0,0,-44.12,-241.5,0,0,268.07,-5.79,-285.62,262.27,-23.34,,,,,,,,,
4331,0,0,0,0,0,0,-42.63,-225.15,0,0,250.54,-5.71,-267.77,244.83,-22.94,,,,,,,,,
4341,0,0,0,0,0,0,-45.21,-227.35,0,0,250.35,-5.71,-272.56,244.64,-27.92,,,,,,,,,
4351,0,0,0,0,0,0,0,-36.02,0,0,36.03,0,-36.03,36.03,0,,,,,,,,,
4361,0,0,0,0,0,0,0,-35.7,0,0,35.7,0,-35.7,35.7,0,,,,,,,,,
4371,0,0,0,0,0,0,0,-35.76,0,0,35.77,0,-35.77,35.77,0,,,,,,,,,
4381,0,0,0,0,0,0,0,-35.84,0,0,35.84,0,-35.84,35.84,0,,,,,,,,,
4391,0,0,0,0,0,0,0,-35.52,0,0,35.52,0,-35.52,35.52,0,,,,,,,,,
4401,0,0,0,0,0,0,0,-36.52,0,0,36.53,0,-36.53,36.53,0,,,,,,,,,
4411,0,0,0,0,0,0,-44.84,-232.73,0,0,259.98,-6.16,-277.57,253.82,-23.76,,,,,,,,,
4421,0,0,0,0,0,0,0,-36.49,0,0,36.49,0,-36.49,36.49,0,,,,,,,,,
4431,0,0,0,0,0,0,0,-36.66,0,0,36.66,0,-36.66,36.66,0,,,,,,,,,
4441,0,0,0,0,0,0,0,-34.98,0,0,34.98,0,-34.98,34.98,0,,,,,,,,,
4451,0,0,0,0,0,0,0,-34.6,0,0,34.6,0,-34.6,34.6,0,,,,,,,,,
4461,0,0,0,0,0,0,0,-35.05,0,0,35.05,0,-35.05,35.05,0,,,,,,,,,
4471,0,0,0,0,0,0,0,-33.87,0,0,33.88,0,-33.88,33.88,0,,,,,,,,,
4481,0,0,0,0,0,0,0,-34.16,0,0,34.16,0,-34.16,34.16,0,,,,,,,,,
4491,0,0,0,0,0,0,-47.17,-242.12,0,0,267.23,-6.14,-289.29,261.08,-28.21,,,,,,,,,
4501,0,0,0,0,0,0,0,-36.01,0,0,36.02,0,-36.02,36.02,0,,,,,,,,,
4511,0,0,0,0,0,0,-43.68,-224.74,0,0,250.2,-5.88,-268.42,244.32,-24.1,,,,,,,,,
4521,0,0,0,0,0,0,-45.17,-222.31,0,0,246.41,-5.48,-267.48,240.92,-26.56,,,,,,,,,
4531,0,0,0,0,0,0,-44.27,-224.86,0,0,247.66,-5.72,-269.14,241.94,-27.2,,,,,,,,,
4541,0,0,0,0,0,0,-44.92,-224.41,0,0,248.39,-5.86,-269.33,242.53,-26.79,,,,,,,,,
4551,0,0,0,0,0,0,-50.58,-218.14,0,0,244.14,-6.09,-268.71,238.05,-30.66,,,,,,,,,
4561,0,0,0,0,0,0,-44.79,-229.07,0,0,254.42,-5.83,-273.86,248.59,-25.27,,,,,,,,,
4571,0,0,0,0,0,0,-41.05,-214.59,0,0,237.26,-5.96,-255.64,231.3,-24.34,,,,,,,,,
4581,0,0,0,0,0,0,-44.21,-220.61,0,0,243.04,-5.76,-264.83,237.28,-27.54,,,,,,,,,
4591,0,0,0,0,0,0,-41.67,-222.21,0,0,245.64,-5.34,-263.88,240.3,-23.58,,,,,,,,,
4601,0,0,0,0,0,0,-41.55,-226.09,0,0,248.54,-5.55,-267.64,242.98,-24.66,,,,,,,,,
4611,0,0,0,0,0,0,-39.25,-222.11,0,0,245.45,-5.31,-261.36,240.13,-21.23,,,,,,,,,
4621,0,0,0,0,0,0,-46.84,-234.06,0,0,258.53,-5.98,-280.9,252.55,-28.35,,,,,,,,,
4631,0,0,0,0,0,0,-42.88,-224.11,0,0,245.31,-5.9,-266.99,239.41,-27.59,,,,,,,,,
4641,0,0,0,0,0,0,-44.19,-227.76,0,0,251.27,-5.65,-271.95,245.63,-26.33,,,,,,,,,
4651,0,0,0,0,0,0,-42.85,-231.25,0,0,255.67,-5.46,-274.1,250.21,-23.89,,,,,,,,,
4661,0,0,0,0,0,0,-43.09,-220.36,0,0,242.51,-5.85,-263.45,236.67,-26.79,,,,,,,,,
4671,0,0,0,0,0,0,-43.76,-220.37,0,0,241.94,-5.65,-264.13,236.29,-27.83,,,,,,,,,
4681,0,0,0,0,0,0,-46.2,-223.19,0,0,245.66,-5.94,-269.39,239.72,-29.67,,,,,,,,,
4691,0,0,0,0,0,0,-45.35,-235.77,0,0,264.09,-6.06,-281.12,258.03,-23.09,,,,,,,,,
4701,0,0,0,0,0,0,-42,-221.96,0,0,243.54,-5.4,-263.97,238.15,-25.82,,,,,,,,,
4711,0,0,0,0,0,0,-42.23,-216.63,0,0,243.04,-5.24,-258.85,237.8,-21.06,,,,,,,,,
4721,0,0,0,0,0,0,-43.43,-233.59,0,0,259.12,-5.57,-277.02,253.54,-23.48,,,,,,,,,
4731,0,0,0,0,0,0,-43.31,-231.46,0,0,255.48,-5.94,-274.77,249.54,-25.23,,,,,,,,,
4741,0,0,0,0,0,0,0,-35.04,0,0,35.04,0,-35.04,35.04,0,,,,,,,,,
4751,0,0,0,0,0,0,0,-34.51,0,0,34.51,0,-34.51,34.51,0,,,,,,,,,
4761,0,0,0,0,0,0,0,-34.1,0,0,34.1,0,-34.1,34.1,0,,,,,,,,,
4771,0,0,0,0,0,0,0,-34.7,0,0,34.71,0,-34.71,34.71,0,,,,,,,,,
4781,0,0,0,0,0,0,0,-32.87,0,0,32.88,0,-32.87,32.88,0,,,,,,,,,
4791,0,0,0,0,0,0,0,-33.92,0,0,33.93,0,-33.92,33.93,0,,,,,,,,,
4801,0,0,0,0,0,0,0,-34.11,0,0,34.11,0,-34.11,34.11,0,,,,,,,,,
4811,0,0,0,0,0,0,0,-34.15,0,0,34.15,0,-34.15,34.15,0,,,,,,,,,
4821,0,0,0,0,0,0,0,-33.34,0,0,33.34,0,-33.34,33.34,0,,,,,,,,,
4831,0,0,0,0,0,0,0,-34,0,0,34.01,0,-34.01,34.01,0,,,,,,,,,
4841,0,0,0,0,0,0,0,-33.8,0,0,33.8,0,-33.8,33.8,0,,,,,,,,,
4851,0,0,0,0,0,0,0,-33.64,0,0,33.64,0,-33.64,33.64,0,,,,,,,,,
4861,0,0,0,0,0,0,0,-33.32,0,0,33.33,0,-33.33,33.33,0,,,,,,,,,
4871,0,0,0,0,0,0,0,-33.35,0,0,33.36,0,-33.36,33.36,0,,,,,,,,,
4881,0,0,0,0,0,0,0,-32.79,0,0,32.8,0,-32.8,32.8,0,,,,,,,,,
4891,0,0,0,0,0,0,-45.66,-229.03,0,0,249.87,-5.67,-274.69,244.21,-30.49,,,,,,,,,
4901,0,0,0,0,0,0,0,-33.16,0,0,33.16,0,-33.16,33.16,0,,,,,,,,,
4911,0,0,0,0,0,0,-44.02,-226.8,0,0,251.26,-5.85,-270.82,245.41,-25.41,,,,,,,,,
4921,0,0,0,0,0,0,0,-32.77,0,0,32.78,0,-32.78,32.78,0,,,,,,,,,
4931,0,0,0,0,0,0,0,-32.99,0,0,33,0,-33,33,0,,,,,,,,,
4941,0,0,0,0,0,0,0,-33.58,0,0,33.59,0,-33.59,33.59,0,,,,,,,,,
4951,0,0,0,0,0,0,-43.11,-232.69,0,0,256.45,-5.69,-275.8,250.76,-25.04,,,,,,,,,
4961,0,0,0,0,0,0,-44.08,-231.21,0,0,257.51,-5.5,-275.29,252.01,-23.28,,,,,,,,,
4971,0,0,0,0,0,0,-48.17,-226.16,0,0,254.67,-5.82,-274.33,248.85,-25.48,,,,,,,,,
4981,0,0,0,0,0,0,-42.07,-240.79,0,0,265.24,-5.84,-282.86,259.4,-23.46,,,,,,,,,
4991,0,0,0,0,0,0,-44.92,-232.11,0,0,255.82,-5.84,-277.04,249.98,-27.06,,,,,,,,,
5001,0,0,0,0,0,0,-50.71,-237.12,0,0,263.66,-6.19,-287.83,257.47,-30.36,,,,,,,,,
5011,0,0,0,0,0,0,-45.58,-235.18,0,0,260.3,-5.87,-280.76,254.42,-26.34,,,,,,,,,
5021,0,0,0,0,0,0,-47.79,-229.02,0,0,255.83,-6.15,-276.81,249.68,-27.13,,,,,,,,,
5031,0,0,0,0,0,0,-48.59,-233.9,0,0,259.86,-5.9,-282.49,253.96,-28.54,,,,,,,,,
5041,0,0,0,0,0,0,-44.75,-229.11,0,0,257.92,-5.89,-273.86,252.03,-21.82,,,,,,,,,
5051,0,0,0,0,0,0,-48.33,-228.27,0,0,251.06,-5.77,-276.6,245.3,-31.3,,,,,,,,,
5061,0,0,0,0,0,0,-49,-231.81,0,0,258.06,-6.22,-280.81,251.84,-28.96,,,,,,,,,
5071,0,0,0,0,0,0,-47.46,-231.46,0,0,253.67,-5.81,-278.92,247.85,-31.07,,,,,,,,,
5081,0,0,0,0,0,0,-46,-246.57,0,0,271.36,-5.93,-292.57,265.43,-27.14,,,,,,,,,
5091,0,0,0,0,0,0,-44.05,-240.02,0,0,260.4,-5.71,-284.07,254.69,-29.38,,,,,,,,,
5101,0,0,0,0,0,0,-43.92,-230.19,0,0,255.93,-5.91,-274.11,250.02,-24.09,,,,,,,,,
5111,0,0,0,0,0,0,-46.98,-225.6,0,0,253.85,-6.08,-272.58,247.77,-24.81,,,,,,,,,
5121,0,0,0,0,0,0,-39.59,-237.99,0,0,258.18,-6.1,-277.58,252.08,-25.5,,,,,,,,,
5131,0,0,0,0,0,0,-46.76,-235.33,0,0,261.36,-6.22,-282.09,255.15,-26.95,,,,,,,,,
5141,0,0,0,0,0,0,-46.22,-232.28,0,0,256.86,-6.2,-278.49,250.66,-27.83,,,,,,,,,
5151,0,0,0,0,0,0,-50.32,-231.34,0,0,255.28,-6.22,-281.66,249.05,-32.61,,,,,,,,,
5161,0,0,0,0,0,0,-49.89,-236.62,0,0,263.14,-5.94,-286.51,257.2,-29.31,,,,,,,,,
5171,0,0,0,0,0,0,-44.14,-226.26,0,0,250.15,-5.97,-270.41,244.18,-26.23,,,,,,,,,
5181,0,0,0,0,0,0,0,-31.22,0,0,31.23,0,-31.23,31.23,0,,,,,,,,,
5191,0,0,0,0,0,0,-50.48,-216.36,0,0,243.22,-6.11,-266.84,237.1,-29.74,,,,,,,,,
5201,0,0,0,0,0,0,-39.86,-223.73,0,0,245.52,-5.89,-263.59,239.63,-23.97,,,,,,,,,
5211,0,0,0,0,0,0,-44.29,-227.18,0,0,250.42,-5.9,-271.47,244.51,-26.96,,,,,,,,,
5221,0,0,0,0,0,0,-47.37,-213.49,0,0,239.51,-5.93,-260.86,233.58,-27.28,,,,,,,,,
5231,0,0,0,0,0,0,-47.3,-215.81,0,0,242.08,-5.97,-263.11,236.11,-27,,,,,,,,,
5241,0,0,0,0,0,0,-46.62,-228.02,0,0,252.55,-5.85,-274.64,246.7,-27.94,,,,,,,,,
5251,0,0,0,0,0,0,-45.63,-217.48,0,0,243.02,-5.66,-263.11,237.36,-25.75,,,,,,,,,
5261,0,0,0,0,0,0,-45.33,-211.59,0,0,236.88,-5.75,-256.92,231.13,-25.79,,,,,,,,,
5271,0,0,0,0,0,0,-48.63,-237.62,0,0,261.63,-6.21,-286.24,255.42,-30.82,,,,,,,,,
5281,0,0,0,0,0,0,-48.68,-219,0,0,245.5,-5.9,-267.68,239.59,-28.08,,,,,,,,,
5291,0,0,0,0,0,0,-44.34,-222.85,0,0,245.17,-5.51,-267.19,239.66,-27.53,,,,,,,,,
5301,0,0,0,0,0,0,-48.17,-219.34,0,0,243.98,-5.84,-267.51,238.14,-29.38,,,,,,,,,
5311,0,0,0,0,0,0,-47.58,-221.25,0,0,244.86,-5.92,-268.83,238.93,-29.9,,,,,,,,,
5321,0,0,0,0,0,0,-46.1,-227.7,0,0,251.29,-5.59,-273.81,245.71,-28.1,,,,,,,,,
5331,0,0,0,0,0,0,-47.3,-232.42,0,0,260.22,-5.81,-279.72,254.41,-25.31,,,,,,,,,
5341,0,0,0,0,0,0,-49.34,-219.54,0,0,245.49,-5.84,-268.88,239.65,-29.23,,,,,,,,,
5351,0,0,0,0,0,0,-43.45,-243.01,0,0,268.19,-5.76,-286.46,262.43,-24.03,,,,,,,,,
5361,0,0,0,0,0,0,-50.14,-223.42,0,0,249.64,-6.14,-273.56,243.49,-30.07,,,,,,,,,
5371,0,0,0,0,0,0,-50.97,-230.68,0,0,254.09,-6.17,-281.65,247.92,-33.73,,,,,,,,,
5381,0,0,0,0,0,0,-47.34,-230.44,0,0,252.13,-5.89,-277.79,246.23,-31.55,,,,,,,,,
5391,0,0,0,0,0,0,-45.97,-222.03,0,0,246.42,-5.92,-267.99,240.51,-27.49,,,,,,,,,
5401,0,0,0,0,0,0,-45.31,-231.25,0,0,253.96,-5.66,-276.56,248.31,-28.26,,,,,,,,,
5411,0,0,0,0,0,0,-46.23,-219.28,0,0,245.25,-5.86,-265.51,239.39,-26.12,,,,,,,,,
5421,0,0,0,0,0,0,-46.68,-210.03,0,0,235.44,-5.82,-256.71,229.62,-27.09,,,,,,,,,
5431,0,0,0,0,0,0,-47.4,-228.65,0,0,252.13,-5.79,-276.06,246.34,-29.72,,,,,,,,,
5441,0,0,0,0,0,0,-45.37,-226.96,0,0,248.07,-5.69,-272.33,242.38,-29.94,,,,,,,,,
5451,0,0,0,0,0,0,-46.74,-223.46,0,0,246.63,-5.67,-270.2,240.96,-29.24,,,,,,,,,
5461,0,0,0,0,0,0,-44.27,-216.55,0,0,240.27,-5.48,-260.81,234.79,-26.02,,,,,,,,,
5471,0,0,0,0,0,0,-46.3,-225.14,0,0,248.27,-5.94,-271.44,242.33,-29.11,,,,,,,,,
5481,0,0,0,0,0,0,-48.79,-232.9,0,0,261.38,-5.99,-281.69,255.39,-26.3,,,,,,,,,
5491,0,0,0,0,0,0,-0.01,-31.18,0,0,31.2,0,-31.19,31.2,0.01,,,,,,,,,
5501,0,0,0,0,0,0,-0.01,-30.83,0,0,30.84,0,-30.84,30.84,0.01,,,,,,,,,
5511,0,0,0,0,0,0,-45.19,-231.62,0,0,255.09,-5.45,-276.81,249.63,-27.18,,,,,,,,,
5521,0,0,0,0,0,0,0,-30.93,0,0,30.94,0,-30.93,30.94,0,,,,,,,,,
5531,0,0,0,0,0,0,-0.01,-32.26,0,0,32.27,0,-32.26,32.27,0.01,,,,,,,,,
5541,0,0,0,0,0,0,-0.01,-31.33,0,0,31.34,0,-31.34,31.34,0.01,,,,,,,,,
5551,0,0,0,0,0,0,-0.01,-30.09,0,0,30.1,0,-30.1,30.1,0.01,,,,,,,,,
5561,0,0,0,0,0,0,-45.37,-233.52,0,0,257.96,-5.94,-278.9,252.02,-26.88,,,,,,,,,
5571,0,0,0,0,0,0,-46.92,-226.1,0,0,249.91,-6.03,-273.02,243.88,-29.14,,,,,,,,,
5581,0,0,0,0,0,0,-45.84,-220.35,0,0,244.08,-5.74,-266.19,238.34,-27.85,,,,,,,,,
5591,0,0,0,0,0,0,-43.61,-220.33,0,0,243.3,-5.69,-263.94,237.62,-26.33,,,,,,,,,
5601,0,0,0,0,0,0,-42.64,-226.13,0,0,249.45,-5.64,-268.77,243.8,-24.97,,,,,,,,,
5611,0,0,0,0,0,0,-0.01,-32.44,0,0,32.45,0,-32.44,32.45,0,,,,,,,,,
5621,0,0,0,0,0,0,-0.01,-31.74,0,0,31.75,0,-31.75,31.75,0,,,,,,,,,
5631,0,0,0,0,0,0,-0.01,-33.32,0,0,33.33,0,-33.32,33.33,0,,,,,,,,,
5641,0,0,0,0,0,0,-0.01,-31.56,0,0,31.57,0,-31.56,31.57,0.01,,,,,,,,,
5651,0,0,0,0,0,0,-0.01,-32.08,0,0,32.09,0,-32.09,32.09,0,,,,,,,,,
5661,0,0,0,0,0,0,-0.01,-31.17,0,0,31.19,0,-31.18,31.19,0.01,,,,,,,,,
5671,0,0,0,0,0,0,-0.01,-31.11,0,0,31.12,0,-31.11,31.12,0.01,,,,,,,,,
5681,0,0,0,0,0,0,0,-31.31,0,0,31.32,0,-31.32,31.32,0,,,,,,,,,
5691,0,0,0,0,0,0,-0.01,-32.32,0,0,32.33,0,-32.33,32.33,0,,,,,,,,,
5701,0,0,0,0,0,0,0,-31.33,0,0,31.34,0,-31.33,31.34,0.01,,,,,,,,,
5711,0,0,0,0,0,0,-0.01,-31.19,0,0,31.2,0,-31.19,31.2,0.01,,,,,,,,,
5721,0,0,0,0,0,0,-0.01,-31.55,0,0,31.56,0,-31.55,31.56,0.01,,,,,,,,,
5731,0,0,0,0,0,0,-0.01,-31.64,0,0,31.65,0,-31.64,31.65,0.01,,,,,,,,,
5741,0,0,0,0,0,0,-0.01,-31.66,0,0,31.67,0,-31.66,31.67,0.01,,,,,,,,,
5751,0,0,0,0,0,0,0,-30.52,0,0,30.53,0,-30.52,30.53,0,,,,,,,,,
5761,0,0,0,0,0,0,-0.01,-30.23,0,0,30.24,0,-30.23,30.24,0,,,,,,,,,
5771,0,0,0,0,0,0,0,-29.65,0,0,29.66,0,-29.65,29.66,0,,,,,,,,,
5781,0,0,0,0,0,0,-0.01,-31.43,0,0,31.44,0,-31.43,31.44,0.01,,,,,,,,,
5791,0,0,0,0,0,0,-0.01,-31.07,0,0,31.08,0,-31.07,31.08,0.01,,,,,,,,,
5801,0,0,0,0,0,0,-0.01,-29.69,0,0,29.71,0,-29.69,29.71,0.01,,,,,,,,,
5811,0,0,0,0,0,0,-0.01,-29.56,0,0,29.57,0,-29.57,29.57,0.01,,,,,,,,,
5821,0,0,0,0,0,0,-0.01,-30.1,0,0,30.12,0,-30.11,30.12,0.01,,,,,,,,,
5831,0,0,0,0,0,0,-0.01,-30.14,0,0,30.16,0,-30.15,30.16,0.01,,,,,,,,,
5841,0,0,0,0,0,0,-0.01,-30.75,0,0,30.76,0,-30.76,30.76,0.01,,,,,,,,,
5851,0,0,0,0,0,0,-0.01,-29.38,0,0,29.4,0,-29.39,29.4,0.01,,,,,,,,,
5861,0,0,0,0,0,0,-0.01,-29.3,0,0,29.32,0,-29.31,29.32,0.01,,,,,,,,,
5871,0,0,0,0,0,0,0,-30.39,0,0,30.4,0,-30.39,30.4,0,,,,,,,,,
5881,0,0,0,0,0,0,-0.01,-31.36,0,0,31.37,0,-31.36,31.37,0,,,,,,,,,
5891,0,0,0,0,0,0,-0.01,-31.24,0,0,31.25,0,-31.25,31.25,0.01,,,,,,,,,
5901,0,0,0,0,0,0,-0.01,-30.15,0,0,30.16,0,-30.16,30.16,0.01,,,,,,,,,
5911,0,0,0,0,0,0,-0.01,-31.4,0,0,31.42,0,-31.41,31.42,0.01,,,,,,,,,
5921,0,0,0,0,0,0,-0.01,-31.19,0,0,31.21,0,-31.2,31.21,0.01,,,,,,,,,
5931,0,0,0,0,0,0,-0.01,-31.03,0,0,31.04,0,-31.03,31.04,0.01,,,,,,,,,
5941,0,0,0,0,0,0,-0.01,-30.24,0,0,30.26,0,-30.25,30.26,0.01,,,,,,,,,
5951,0,0,0,0,0,0,-0.01,-31.75,0,0,31.76,0,-31.75,31.76,0.01,,,,,,,,,
5961,0,0,0,0,0,0,-0.01,-32.07,0,0,32.08,0,-32.07,32.08,0.01,,,,,,,,,
5971,0,0,0,0,0,0,-0.01,-30.48,0,0,30.5,0,-30.49,30.5,0.01,,,,,,,,,
5981,0,0,0,0,0,0,-0.01,-31.87,0,0,31.88,0,-31.88,31.88,0.01,,,,,,,,,
5991,0,0,0,0,0,0,-0.01,-30.92,0,0,30.93,0,-30.92,30.93,0.01,,,,,,,,,
6001,0,0,0,0,0,0,0,-32.63,0,0,32.64,0,-32.64,32.64,0,,,,,,,,,
6011,0,0,0,0,0,0,0,-32,0,0,32.01,0,-32.01,32.01,0,,,,,,,,,
6021,0,0,0,0,0,0,-0.01,-31.07,0,0,31.08,0,-31.07,31.08,0,,,,,,,,,
6031,0,0,0,0,0,0,-0.01,-32.45,0,0,32.46,0,-32.45,32.46,0.01,,,,,,,,,
6041,0,0,0,0,0,0,-0.01,-31.37,0,0,31.39,0,-31.38,31.39,0.01,,,,,,,,,
6051,0,0,0,0,0,0,-0.01,-32.3,0,0,32.31,0,-32.31,32.31,0.01,,,,,,,,,
6061,0,0,0,0,0,0,-0.01,-32.19,0,0,32.21,0,-32.2,32.21,0.01,,,,,,,,,
6071,0,0,0,0,0,0,-0.01,-33.19,0,0,33.2,0,-33.19,33.2,0.01,,,,,,,,,
6081,0,0,0,0,0,0,-0.01,-33.02,0,0,33.03,0,-33.03,33.03,0,,,,,,,,,
6091,0,0,0,0,0,0,-0.01,-32.08,0,0,32.1,0,-32.08,32.1,0.01,,,,,,,,,
6101,0,0,0,0,0,0,0,-32.13,0,0,32.14,0,-32.13,32.14,0,,,,,,,,,
6111,0,0,0,0,0,0,-0.01,-31.72,0,0,31.73,0,-31.73,31.73,0,,,,,,,,,
6121,0,0,0,0,0,0,-0.01,-32.68,0,0,32.69,0,-32.68,32.69,0.01,,,,,,,,,
6131,0,0,0,0,0,0,-0.01,-31.59,0,0,31.6,0,-31.6,31.6,0,,,,,,,,,
6141,0,0,0,0,0,0,-0.01,-31.89,0,0,31.9,0,-31.9,31.9,0,,,,,,,,,
6151,0,0,0,0,0,0,-0.01,-31.64,0,0,31.65,0,-31.65,31.65,0.01,,,,,,,,,
6161,0,0,0,0,0,0,-46.86,-225.79,0,0,249.36,-5.55,-272.64,243.81,-28.83,,,,,,,,,
6171,0,0,0,0,0,0,-0.01,-31.54,0,0,31.56,0,-31.55,31.56,0.01,,,,,,,,,
6181,0,0,0,0,0,0,-45.99,-217.01,0,0,244.28,-5.78,-263,238.5,-24.5,,,,,,,,,
6191,0,0,0,0,0,0,-40.76,-213.97,0,0,235.29,-5.65,-254.73,229.64,-25.09,,,,,,,,,
6201,0,0,0,0,0,0,-45.08,-213.02,0,0,234.28,-5.85,-258.09,228.44,-29.66,,,,,,,,,
6211,0,0,0,0,0,0,-49.3,-211.6,0,0,236.67,-5.89,-260.9,230.78,-30.12,,,,,,,,,
6221,0,0,0,0,0,0,-43.75,-224.2,0,0,247.72,-5.46,-267.96,242.26,-25.7,,,,,,,,,
6231,0,0,0,0,0,0,-45.68,-226.77,0,0,252.36,-6.03,-272.44,246.32,-26.12,,,,,,,,,
6241,0,0,0,0,0,0,-0.01,-32.66,0,0,32.66,0,-32.66,32.66,0,,,,,,,,,
6251,0,0,0,0,0,0,-0.01,-30.62,0,0,30.62,0,-30.62,30.62,0,,,,,,,,,
6261,0,0,0,0,0,0,-0.01,-33.47,0,0,33.47,0,-33.47,33.47,0,,,,,,,,,
6271,0,0,0,0,0,0,-0.01,-32.78,0,0,32.79,0,-32.79,32.79,0,,,,,,,,,
6281,0,0,0,0,0,0,-0.01,-33.61,0,0,33.62,0,-33.62,33.62,0,,,,,,,,,
6291,0,0,0,0,0,0,-0.01,-34.49,0,0,34.49,0,-34.49,34.49,0,,,,,,,,,
6301,0,0,0,0,0,0,0,-34.48,0,0,34.48,0,-34.48,34.48,0,,,,,,,,,
6311,0,0,0,0,0,0,0,-32.5,0,0,32.5,0,-32.5,32.5,0,,,,,,,,,
6321,0,0,0,0,0,0,0,-32.75,0,0,32.75,0,-32.75,32.75,0,,,,,,,,,
6331,0,0,0,0,0,0,0,-33.95,0,0,33.96,0,-33.96,33.96,0,,,,,,,,,
6341,0,0,0,0,0,0,0,-34.82,0,0,34.82,0,-34.82,34.82,0,,,,,,,,,
6351,0,0,0,0,0,0,-0.01,-34.32,0,0,34.32,0,-34.32,34.32,0,,,,,,,,,
6361,0,0,0,0,0,0,-46.92,-226.47,0,0,253.24,-6.2,-273.39,247.04,-26.35,,,,,,,,,
6371,0,0,0,0,0,0,0,-34.87,0,0,34.87,0,-34.88,34.87,0,,,,,,,,,
6381,0,0,0,0,0,0,-0.01,-33.69,0,0,33.69,0,-33.69,33.69,0,,,,,,,,,
6391,0,0,0,0,0,0,-0.01,-34.67,0,0,34.67,0,-34.67,34.67,0,,,,,,,,,
6401,0,0,0,0,0,0,-0.01,-34.83,0,0,34.83,0,-34.84,34.83,0,,,,,,,,,
6411,0,0,0,0,0,0,-0.01,-34,0,0,34,0,-34,34,0,,,,,,,,,
6421,0,0,0,0,0,0,-0.01,-34.34,0,0,34.35,0,-34.35,34.35,0,,,,,,,,,
6431,0,0,0,0,0,0,-0.01,-33.36,0,0,33.36,0,-33.36,33.36,0,,,,,,,,,
6441,0,0,0,0,0,0,-0.01,-34.03,0,0,34.03,0,-34.03,34.03,0,,,,,,,,,
6451,0,0,0,0,0,0,-0.01,-33.92,0,0,33.92,0,-33.92,33.92,0,,,,,,,,,
6461,0,0,0,0,0,0,-0.01,-33.38,0,0,33.38,0,-33.38,33.38,0,,,,,,,,,
6471,0,0,0,0,0,0,-0.01,-33.42,0,0,33.42,0,-33.43,33.42,0,,,,,,,,,
6481,0,0,0,0,0,0,-0.01,-33.34,0,0,33.34,0,-33.34,33.34,0,,,,,,,,,
6491,0,0,0,0,0,0,-0.01,-32.81,0,0,32.81,0,-32.81,32.81,0,,,,,,,,,
6501,0,0,0,0,0,0,-0.01,-34.24,0,0,34.24,0,-34.24,34.24,0,,,,,,,,,
6511,0,0,0,0,0,0,-47.49,-227.04,0,0,251.33,-5.95,-274.53,245.37,-29.16,,,,,,,,,
6521,0,0,0,0,0,0,-46.09,-223.88,0,0,248.01,-5.76,-269.97,242.25,-27.72,,,,,,,,,
6531,0,0,0,0,0,0,-45.67,-221.31,0,0,246.79,-5.89,-266.98,240.9,-26.08,,,,,,,,,
6541,0,0,0,0,0,0,-0.01,-32.6,0,0,32.6,0,-32.61,32.6,0,,,,,,,,,
6551,0,0,0,0,0,0,-0.01,-34.58,0,0,34.58,0,-34.58,34.58,0,,,,,,,,,
6561,0,0,0,0,0,0,-0.01,-34.1,0,0,34.11,0,-34.11,34.11,0,,,,,,,,,
6571,0,0,0,0,0,0,-0.01,-33.9,0,0,33.91,0,-33.91,33.91,0,,,,,,,,,
6581,0,0,0,0,0,0,-0.01,-34.13,0,0,34.13,0,-34.13,34.13,0,,,,,,,,,
6591,0,0,0,0,0,0,-0.01,-34.37,0,0,34.37,0,-34.38,34.37,0,,,,,,,,,
6601,0,0,0,0,0,0,-0.01,-33.01,0,0,33.01,0,-33.01,33.01,0,,,,,,,,,
6611,0,0,0,0,0,0,-0.01,-33.4,0,0,33.41,0,-33.41,33.41,0,,,,,,,,,
6621,0,0,0,0,0,0,-0.01,-32.55,0,0,32.56,0,-32.56,32.56,0,,,,,,,,,
6631,0,0,0,0,0,0,-0.01,-31.54,0,0,31.55,0,-31.55,31.55,0,,,,,,,,,
6641,0,0,0,0,0,0,-0.01,-33.21,0,0,33.21,0,-33.21,33.21,0,,,,,,,,,
6651,0,0,0,0,0,0,-0.01,-32.56,0,0,32.56,0,-32.56,32.56,0,,,,,,,,,
6661,0,0,0,0,0,0,-0.01,-32.27,0,0,32.28,0,-32.28,32.28,0,,,,,,,,,
6671,0,0,0,0,0,0,-0.01,-33.71,0,0,33.71,0,-33.71,33.71,0,,,,,,,,,
6681,0,0,0,0,0,0,-0.01,-32.07,0,0,32.08,0,-32.08,32.08,0,,,,,,,,,
6691,0,0,0,0,0,0,-0.01,-33.9,0,0,33.9,0,-33.9,33.9,0,,,,,,,,,
6701,0,0,0,0,0,0,-0.01,-32.05,0,0,32.05,0,-32.05,32.05,0,,,,,,,,,
6711,0,0,0,0,0,0,-0.01,-32.08,0,0,32.08,0,-32.08,32.08,0,,,,,,,,,
6721,0,0,0,0,0,0,-0.01,-34.29,0,0,34.3,0,-34.3,34.3,0,,,,,,,,,
6731,0,0,0,0,0,0,-0.01,-33.85,0,0,33.85,0,-33.85,33.85,0,,,,,,,,,
6741,0,0,0,0,0,0,0,-35.32,0,0,35.32,0,-35.33,35.32,0,,,,,,,,,
6751,0,0,0,0,0,0,-0.01,-35.77,0,0,35.77,0,-35.78,35.77,0,,,,,,,,,
6761,0,0,0,0,0,0,-0.01,-35.64,0,0,35.64,0,-35.65,35.64,0,,,,,,,,,
6771,0,0,0,0,0,0,-0.01,-35.59,0,0,35.59,0,-35.6,35.59,0,,,,,,,,,
6781,0,0,0,0,0,0,-0.01,-35.15,0,0,35.16,0,-35.16,35.16,0,,,,,,,,,
6791,0,0,0,0,0,0,-0.01,-36.5,0,0,36.5,0,-36.51,36.5,-0.01,,,,,,,,,
6801,0,0,0,0,0,0,-0.01,-36.57,0,0,36.57,0,-36.57,36.57,-0.01,,,,,,,,,
6811,0,0,0,0,0,0,-0.01,-37.15,0,0,37.15,0,-37.16,37.15,-0.01,,,,,,,,,
6821,0,0,0,0,0,0,-0.01,-38.43,0,0,38.43,0,-38.43,38.43,-0.01,,,,,,,,,
6831,0,0,0,0,0,0,0,-37.2,0,0,37.2,0,-37.2,37.2,-0.01,,,,,,,,,
6841,0,0,0,0,0,0,-0.01,-37.37,0,0,37.37,0,-37.37,37.37,-0.01,,,,,,,,,
6851,0,0,0,0,0,0,-0.01,-36.53,0,0,36.53,0,-36.54,36.53,-0.01,,,,,,,,,
6861,0,0,0,0,0,0,-0.01,-38.01,0,0,38.01,0,-38.01,38.01,-0.01,,,,,,,,,
6871,0,0,0,0,0,0,-0.01,-37.56,0,0,37.56,0,-37.57,37.56,-0.01,,,,,,,,,
6881,0,0,0,0,0,0,0,-37,0,0,37,0,-37,37,-0.01,,,,,,,,,
6891,0,0,0,0,0,0,0,-37.2,0,0,37.2,0,-37.21,37.2,-0.01,,,,,,,,,
6901,0,0,0,0,0,0,0,-37.73,0,0,37.72,0,-37.73,37.72,-0.01,,,,,,,,,
6911,0,0,0,0,0,0,0,-37.56,0,0,37.56,0,-37.57,37.56,-0.01,,,,,,,,,
6921,0,0,0,0,0,0,-0.01,-36.63,0,0,36.63,0,-36.64,36.63,0,,,,,,,,,
6931,0,0,0,0,0,0,-0.01,-35.94,0,0,35.94,0,-35.94,35.94,-0.01,,,,,,,,,
6941,0,0,0,0,0,0,-0.01,-35.77,0,0,35.77,0,-35.78,35.77,0,,,,,,,,,
6951,0,0,0,0,0,0,0,-36.63,0,0,36.63,0,-36.63,36.63,0,,,,,,,,,
6961,0,0,0,0,0,0,-0.01,-37.14,0,0,37.14,0,-37.15,37.14,-0.01,,,,,,,,,
6971,0,0,0,0,0,0,-0.01,-36.35,0,0,36.35,0,-36.35,36.35,0,,,,,,,,,
6981,0,0,0,0,0,0,0,-36.59,0,0,36.59,0,-36.6,36.59,0,,,,,,,,,
6991,0,0,0,0,0,0,0,-37.38,0,0,37.38,0,-37.38,37.38,-0.01,,,,,,,,,
7001,0,0,0,0,0,0,0,-37.83,0,0,37.83,0,-37.84,37.83,0,,,,,,,,,
7011,0,0,0,0,0,0,0,-36.82,0,0,36.82,0,-36.82,36.82,0,,,,,,,,,
7021,0,0,0,0,0,0,0,-37.26,0,0,37.26,0,-37.26,37.26,0,,,,,,,,,
7031,0,0,0,0,0,0,0,-38.46,0,0,38.46,0,-38.47,38.46,-0.01,,,,,,,,,
7041,0,0,0,0,0,0,0,-38.58,0,0,38.57,0,-38.58,38.57,-0.01,,,,,,,,,
7051,0,0,0,0,0,0,0,-37.3,0,0,37.3,0,-37.3,37.3,0,,,,,,,,,
7061,0,0,0,0,0,0,-40.33,-230.46,0,0,252.79,-5.86,-270.79,246.93,-23.86,,,,,,,,,
7071,0,0,0,0,0,0,0,-37.04,0,0,37.04,0,-37.05,37.04,0,,,,,,,,,
7081,0,0,0,0,0,0,0,-37.61,0,0,37.61,0,-37.61,37.61,0,,,,,,,,,
7091,0,0,0,0,0,0,-43.34,-215.59,0,0,241.52,-5.57,-258.92,235.94,-22.98,,,,,,,,,
7101,0,0,0,0,0,0,0,-36.43,0,0,36.43,0,-36.44,36.43,0,,,,,,,,,
7111,0,0,0,0,0,0,0,-36.23,0,0,36.24,0,-36.24,36.24,0,,,,,,,,,
7121,0,0,0,0,0,0,0,-36.59,0,0,36.59,0,-36.59,36.59,0,,,,,,,,,
7131,0,0,0,0,0,0,0,-36.51,0,0,36.51,0,-36.52,36.51,0,,,,,,,,,
7141,0,0,0,0,0,0,-0.01,-36.97,0,0,36.97,0,-36.97,36.97,0,,,,,,,,,
7151,0,0,0,0,0,0,0,-37,0,0,37,0,-37,37,0,,,,,,,,,
7161,0,0,0,0,0,0,0,-36,0,0,36,0,-36.01,36,0,,,,,,,,,
7171,0,0,0,0,0,0,0,-36.08,0,0,36.08,0,-36.08,36.08,0,,,,,,,,,
7181,0,0,0,0,0,0,0,-37.92,0,0,37.92,0,-37.93,37.92,-0.01,,,,,,,,,
7191,0,0,0,0,0,0,0,-37.37,0,0,37.37,0,-37.38,37.37,0,,,,,,,,,
7201,0,0,0,0,0,0,-0.01,-36.92,0,0,36.92,0,-36.92,36.92,0,,,,,,,,,
7211,0,0,0,0,0,0,0,-37.08,0,0,37.08,0,-37.09,37.08,0,,,,,,,,,
7221,0,0,0,0,0,0,0,-37.47,0,0,37.47,0,-37.48,37.47,-0.01,,,,,,,,,
7231,0,0,0,0,0,0,0,-37.49,0,0,37.49,0,-37.49,37.49,0,,,,,,,,,
7241,0,0,0,0,0,0,0,-37.25,0,0,37.25,0,-37.25,37.25,0,,,,,,,,,
7251,0,0,0,0,0,0,0,-37.07,0,0,37.07,0,-37.07,37.07,0,,,,,,,,,
7261,0,0,0,0,0,0,0,-36.27,0,0,36.27,0,-36.28,36.27,0,,,,,,,,,
7271,0,0,0,0,0,0,0,-36.61,0,0,36.61,0,-36.62,36.61,0,,,,,,,,,
7281,0,0,0,0,0,0,0,-37.07,0,0,37.07,0,-37.07,37.07,0,,,,,,,,,
7291,0,0,0,0,0,0,-0.01,-36.06,0,0,36.06,0,-36.06,36.06,0,,,,,,,,,
7301,0,0,0,0,0,0,-0.01,-37.43,0,0,37.43,0,-37.44,37.43,-0.01,,,,,,,,,
7311,0,0,0,0,0,0,0,-37.66,0,0,37.66,0,-37.67,37.66,-0.01,,,,,,,,,
7321,0,0,0,0,0,0,0,-37.58,0,0,37.58,0,-37.58,37.58,0,,,,,,,,,
7331,0,0,0,0,0,0,0,-37.88,0,0,37.88,0,-37.88,37.88,-0.01,,,,,,,,,
7341,0,0,0,0,0,0,0,-36.59,0,0,36.59,0,-36.59,36.59,0,,,,,,,,,
7351,0,0,0,0,0,0,-0.01,-36.7,0,0,36.7,0,-36.71,36.7,-0.01,,,,,,,,,
7361,0,0,0,0,0,0,-0.01,-36.42,0,0,36.42,0,-36.43,36.42,-0.01,,,,,,,,,
7371,0,0,0,0,0,0,-0.01,-36.53,0,0,36.53,0,-36.53,36.53,0,,,,,,,,,
7381,0,0,0,0,0,0,0,-35.58,0,0,35.58,0,-35.58,35.58,0,,,,,,,,,
7391,0,0,0,0,0,0,0,-37.98,0,0,37.98,0,-37.98,37.98,-0.01,,,,,,,,,
7401,0,0,0,0,0,0,-0.01,-38.5,0,0,38.49,0,-38.5,38.49,-0.01,,,,,,,,,
7411,0,0,0,0,0,0,-0.01,-37.09,0,0,37.09,0,-37.1,37.09,-0.01,,,,,,,,,
7421,0,0,0,0,0,0,-0.01,-37.22,0,0,37.22,0,-37.23,37.22,-0.01,,,,,,,,,
7431,0,0,0,0,0,0,-0.01,-35.73,0,0,35.73,0,-35.73,35.73,0,,,,,,,,,
7441,0,0,0,0,0,0,-0.01,-35.8,0,0,35.8,0,-35.81,35.8,-0.01,,,,,,,,,
7451,0,0,0,0,0,0,-0.01,-34.59,0,0,34.59,0,-34.6,34.59,0,,,,,,,,,
7461,0,0,0,0,0,0,-0.01,-34.51,0,0,34.51,0,-34.52,34.51,0,,,,,,,,,
7471,0,0,0,0,0,0,-0.01,-36.4,0,0,36.4,0,-36.41,36.4,-0.01,,,,,,,,,
7481,0,0,0,0,0,0,-0.01,-35.6,0,0,35.6,0,-35.61,35.6,0,,,,,,,,,
7491,0,0,0,0,0,0,-0.01,-36.23,0,0,36.23,0,-36.24,36.23,0,,,,,,,,,
7501,0,0,0,0,0,0,-0.01,-34.54,0,0,34.54,0,-34.55,34.54,0,,,,,,,,,
7511,0,0,0,0,0,0,-0.01,-35.53,0,0,35.53,0,-35.53,35.53,-0.01,,,,,,,,,
7521,0,0,0,0,0,0,-0.01,-36.2,0,0,36.2,0,-36.2,36.2,-0.01,,,,,,,,,
7531,0,0,0,0,0,0,-0.01,-36.42,0,0,36.42,0,-36.43,36.42,-0.01,,,,,,,,,
7541,0,0,0,0,0,0,-0.01,-34.37,0,0,34.37,0,-34.38,34.37,0,,,,,,,,,
7551,0,0,0,0,0,0,-0.01,-35.25,0,0,35.25,0,-35.26,35.25,-0.01,,,,,,,,,
7561,0,0,0,0,0,0,-0.01,-34.82,0,0,34.83,0,-34.83,34.83,0,,,,,,,,,
7571,0,0,0,0,0,0,-0.01,-34.3,0,0,34.3,0,-34.31,34.3,0,,,,,,,,,
7581,0,0,0,0,0,0,-0.01,-34.36,0,0,34.37,0,-34.37,34.37,0,,,,,,,,,
7591,0,0,0,0,0,0,-0.01,-33.17,0,0,33.18,0,-33.18,33.18,0,,,,,,,,,
7601,0,0,0,0,0,0,-0.01,-34.16,0,0,34.16,0,-34.16,34.16,0,,,,,,,,,
7611,0,0,0,0,0,0,-0.01,-34.36,0,0,34.36,0,-34.37,34.36,0,,,,,,,,,
7621,0,0,0,0,0,0,-0.01,-34.38,0,0,34.39,0,-34.39,34.39,0,,,,,,,,,
7631,0,0,0,0,0,0,-0.01,-33.39,0,0,33.39,0,-33.4,33.39,0,,,,,,,,,
7641,0,0,0,0,0,0,-0.01,-34.71,0,0,34.71,0,-34.71,34.71,-0.01,,,,,,,,,
7651,0,0,0,0,0,0,-0.01,-34.06,0,0,34.07,0,-34.07,34.07,0,,,,,,,,,
7661,0,0,0,0,0,0,-0.01,-34.19,0,0,34.2,0,-34.2,34.2,0,,,,,,,,,
7671,0,0,0,0,0,0,-0.01,-33.63,0,0,33.63,0,-33.64,33.63,0,,,,,,,,,
7681,0,0,0,0,0,0,-0.01,-33.99,0,0,33.99,0,-33.99,33.99,0,,,,,,,,,
7691,0,0,0,0,0,0,-0.01,-35.93,0,0,35.93,0,-35.94,35.93,0,,,,,,,,,
7701,0,0,0,0,0,0,-0.01,-35.27,0,0,35.27,0,-35.27,35.27,-0.01,,,,,,,,,
7711,0,0,0,0,0,0,-0.01,-34.41,0,0,34.42,0,-34.42,34.42,0,,,,,,,,,
7721,0,0,0,0,0,0,-0.01,-34.41,0,0,34.41,0,-34.42,34.41,0,,,,,,,,,
7731,0,0,0,0,0,0,-0.01,-33.77,0,0,33.77,0,-33.78,33.77,0,,,,,,,,,
7741,0,0,0,0,0,0,-0.01,-33.32,0,0,33.33,0,-33.33,33.33,0,,,,,,,,,
7751,0,0,0,0,0,0,-0.01,-32.09,0,0,32.1,0,-32.1,32.1,0,,,,,,,,,
7761,0,0,0,0,0,0,-0.01,-34.23,0,0,34.23,0,-34.24,34.23,0,,,,,,,,,
7771,0,0,0,0,0,0,-0.01,-33.52,0,0,33.52,0,-33.52,33.52,0,,,,,,,,,
7781,0,0,0,0,0,0,-0.01,-33.7,0,0,33.7,0,-33.7,33.7,0,,,,,,,,,
7791,0,0,0,0,0,0,-0.01,-33.74,0,0,33.74,0,-33.74,33.74,0,,,,,,,,,
7801,0,0,0,0,0,0,-0.01,-34.28,0,0,34.29,0,-34.29,34.29,0,,,,,,,,,
7811,0,0,0,0,0,0,-0.01,-34.1,0,0,34.1,0,-34.11,34.1,0,,,,,,,,,
7821,0,0,0,0,0,0,-0.01,-33.62,0,0,33.62,0,-33.62,33.62,0,,,,,,,,,
7831,0,0,0,0,0,0,-0.01,-36.07,0,0,36.07,0,-36.08,36.07,-0.01,,,,,,,,,
7841,0,0,0,0,0,0,-0.01,-35.78,0,0,35.78,0,-35.78,35.78,-0.01,,,,,,,,,
7851,0,0,0,0,0,0,-0.01,-37.14,0,0,37.14,0,-37.15,37.14,-0.01,,,,,,,,,
7861,0,0,0,0,0,0,-0.01,-38.81,0,0,38.81,0,-38.82,38.81,-0.01,,,,,,,,,
7871,0,0,0,0,0,0,-0.01,-36.03,0,0,36.03,0,-36.03,36.03,-0.01,,,,,,,,,
7881,0,0,0,0,0,0,-0.01,-38.2,0,0,38.2,0,-38.21,38.2,-0.01,,,,,,,,,
7891,0,0,0,0,0,0,-0.01,-37.07,0,0,37.07,0,-37.08,37.07,-0.01,,,,,,,,,
7901,0,0,0,0,0,0,-0.01,-37.98,0,0,37.98,0,-37.99,37.98,-0.01,,,,,,,,,
7911,0,0,0,0,0,0,-0.01,-37.05,0,0,37.05,0,-37.06,37.05,-0.01,,,,,,,,,
7921,0,0,0,0,0,0,-0.01,-37.56,0,0,37.56,0,-37.57,37.56,-0.01,,,,,,,,,
7931,0,0,0,0,0,0,0,-36.34,0,0,36.34,0,-36.34,36.34,0,,,,,,,,,
7941,0,0,0,0,0,0,0,-36.72,0,0,36.72,0,-36.73,36.72,0,,,,,,,,,
7951,0,0,0,0,0,0,0,-38.04,0,0,38.03,0,-38.04,38.03,-0.01,,,,,,,,,
7961,0,0,0,0,0,0,0,-38.21,0,0,38.21,0,-38.21,38.21,-0.01,,,,,,,,,
7971,0,0,0,0,0,0,0,-35.61,0,0,35.61,0,-35.61,35.61,0,,,,,,,,,
7981,0,0,0,0,0,0,0,-37.4,0,0,37.4,0,-37.41,37.4,0,,,,,,,,,
7991,0,0,0,0,0,0,0,-36.7,0,0,36.7,0,-36.7,36.7,0,,,,,,,,,
8001,0,0,0,0,0,0,0,-36.7,0,0,36.7,0,-36.7,36.7,0,,,,,,,,,
8011,0,0,0,0,0,0,0,-37.53,0,0,37.53,0,-37.53,37.53,0,,,,,,,,,
8021,0,0,0,0,0,0,0,-36.87,0,0,36.87,0,-36.88,36.87,0,,,,,,,,,
8031,0,0,0,0,0,0,0,-37.1,0,0,37.1,0,-37.1,37.1,0,,,,,,,,,
8041,0,0,0,0,0,0,0,-35.6,0,0,35.6,0,-35.61,35.6,0,,,,,,,,,
8051,0,0,0,0,0,0,0,-34.84,0,0,34.84,0,-34.84,34.84,0,,,,,,,,,
8061,0,0,0,0,0,0,0,-35.49,0,0,35.49,0,-35.49,35.49,0,,,,,,,,,
8071,0,0,0,0,0,0,0,-36.6,0,0,36.6,0,-36.61,36.6,0,,,,,,,,,
8081,0,0,0,0,0,0,0,-36.03,0,0,36.03,0,-36.03,36.03,0,,,,,,,,,
8091,0,0,0,0,0,0,0,-36.8,0,0,36.8,0,-36.81,36.8,0,,,,,,,,,
8101,0,0,0,0,0,0,0,-37.31,0,0,37.31,0,-37.31,37.31,0,,,,,,,,,
8111,0,0,0,0,0,0,0,-36.57,0,0,36.57,0,-36.57,36.57,0,,,,,,,,,
8121,0,0,0,0,0,0,0,-36.79,0,0,36.79,0,-36.79,36.79,0,,,,,,,,,
8131,0,0,0,0,0,0,0,-37.55,0,0,37.55,0,-37.55,37.55,0,,,,,,,,,
8141,0,0,0,0,0,0,0,-36.99,0,0,36.99,0,-36.99,36.99,0,,,,,,,,,
8151,0,0,0,0,0,0,0,-37.79,0,0,37.79,0,-37.8,37.79,0,,,,,,,,,
8161,0,0,0,0,0,0,0,-35.84,0,0,35.84,0,-35.84,35.84,0,,,,,,,,,
8171,0,0,0,0,0,0,0,-36.27,0,0,36.27,0,-36.27,36.27,0,,,,,,,,,
8181,0,0,0,0,0,0,0,-35.07,0,0,35.07,0,-35.07,35.07,0,,,,,,,,,
8191,0,0,0,0,0,0,0,-36.71,0,0,36.71,0,-36.71,36.71,0,,,,,,,,,
8201,0,0,0,0,0,0,0,-35.38,0,0,35.38,0,-35.38,35.38,0,,,,,,,,,
8211,0,0,0,0,0,0,-0.01,-34.78,0,0,34.78,0,-34.78,34.78,0,,,,,,,,,
8221,0,0,0,0,0,0,-0.01,-35.1,0,0,35.1,0,-35.11,35.1,0,,,,,,,,,
8231,0,0,0,0,0,0,-0.01,-35.54,0,0,35.54,0,-35.55,35.54,0,,,,,,,,,
8241,0,0,0,0,0,0,-0.01,-34.55,0,0,34.55,0,-34.56,34.55,0,,,,,,,,,
8251,0,0,0,0,0,0,-0.01,-34.83,0,0,34.83,0,-34.84,34.83,0,,,,,,,,,
8261,0,0,0,0,0,0,-0.01,-34.12,0,0,34.13,0,-34.13,34.13,0,,,,,,,,,
8271,0,0,0,0,0,0,-0.01,-33.4,0,0,33.41,0,-33.41,33.41,0,,,,,,,,,
8281,0,0,0,0,0,0,-0.01,-34.29,0,0,34.3,0,-34.3,34.3,0,,,,,,,,,
8291,0,0,0,0,0,0,-0.01,-34.42,0,0,34.42,0,-34.43,34.42,-0.01,,,,,,,,,
8301,0,0,0,0,0,0,-0.01,-33.31,0,0,33.31,0,-33.31,33.31,0,,,,,,,,,
8311,0,0,0,0,0,0,-0.01,-35.04,0,0,35.04,0,-35.05,35.04,0,,,,,,,,,
8321,0,0,0,0,0,0,0,-35.31,0,0,35.31,0,-35.31,35.31,0,,,,,,,,,
8331,0,0,0,0,0,0,-0.01,-34.9,0,0,34.9,0,-34.91,34.9,0,,,,,,,,,
8341,0,0,0,0,0,0,0,-36.55,0,0,36.55,0,-36.55,36.55,0,,,,,,,,,
8351,0,0,0,0,0,0,0,-36.1,0,0,36.1,0,-36.1,36.1,0,,,,,,,,,
8361,0,0,0,0,0,0,0,-35.96,0,0,35.96,0,-35.96,35.96,0,,,,,,,,,
8371,0,0,0,0,0,0,-0.01,-34.21,0,0,34.21,0,-34.22,34.21,0,,,,,,,,,
8381,0,0,0,0,0,0,-0.01,-35.34,0,0,35.34,0,-35.35,35.34,0,,,,,,,,,
8391,0,0,0,0,0,0,0,-35.01,0,0,35.01,0,-35.01,35.01,0,,,,,,,,,
8401,0,0,0,0,0,0,-0.01,-33.57,0,0,33.57,0,-33.57,33.57,0,,,,,,,,,
8411,0,0,0,0,0,0,-0.01,-34.53,0,0,34.53,0,-34.53,34.53,0,,,,,,,,,
8421,0,0,0,0,0,0,-0.01,-34.62,0,0,34.62,0,-34.63,34.62,0,,,,,,,,,
8431,0,0,0,0,0,0,-0.01,-34.66,0,0,34.67,0,-34.67,34.67,0,,,,,,,,,
8441,0,0,0,0,0,0,-0.01,-34.8,0,0,34.81,0,-34.81,34.81,0,,,,,,,,,
8451,0,0,0,0,0,0,-0.01,-35.37,0,0,35.37,0,-35.38,35.37,0,,,,,,,,,
8461,0,0,0,0,0,0,-0.01,-35.18,0,0,35.18,0,-35.19,35.18,0,,,,,,,,,
8471,0,0,0,0,0,0,0,-35.16,0,0,35.17,0,-35.17,35.17,0,,,,,,,,,
8481,0,0,0,0,0,0,-43.11,-234.8,0,0,257.72,-5.78,-277.92,251.94,-25.97,,,,,,,,,
8491,0,0,0,0,0,0,0,-36.69,0,0,36.69,0,-36.69,36.69,0,,,,,,,,,
8501,0,0,0,0,0,0,-0.01,-35.56,0,0,35.56,0,-35.57,35.56,0,,,,,,,,,
8511,0,0,0,0,0,0,-42.31,-225.92,0,0,250.44,-5.71,-268.23,244.72,-23.5,,,,,,,,,
8521,0,0,0,0,0,0,-45.93,-225.36,0,0,249.35,-5.79,-271.28,243.57,-27.71,,,,,,,,,
8531,0,0,0,0,0,0,-44.38,-238.62,0,0,261.14,-5.71,-283,255.43,-27.57,,,,,,,,,
8541,0,0,0,0,0,0,-43.94,-232.85,0,0,255.26,-5.69,-276.79,249.58,-27.21,,,,,,,,,
8551,0,0,0,0,0,0,-44.54,-235.73,0,0,261.47,-5.88,-280.28,255.59,-24.69,,,,,,,,,
8561,0,0,0,0,0,0,-44.15,-234.19,0,0,258.16,-5.92,-278.34,252.24,-26.11,,,,,,,,,
8571,0,0,0,0,0,0,-43.79,-234.94,0,0,258.36,-5.74,-278.73,252.62,-26.1,,,,,,,,,
8581,0,0,0,0,0,0,-48.84,-222.95,0,0,246.74,-5.87,-271.79,240.87,-30.92,,,,,,,,,
8591,0,0,0,0,0,0,-44.7,-240.5,0,0,260.83,-5.93,-285.2,254.9,-30.3,,,,,,,,,
8601,0,0,0,0,0,0,-45.88,-233.54,0,0,257.33,-5.95,-279.42,251.39,-28.03,,,,,,,,,
8611,0,0,0,0,0,0,-47.33,-228.8,0,0,253.96,-5.87,-276.13,248.09,-28.04,,,,,,,,,
8621,0,0,0,0,0,0,-48.29,-227.02,0,0,252.74,-5.8,-275.31,246.93,-28.38,,,,,,,,,
8631,0,0,0,0,0,0,-38.81,-239.15,0,0,261.84,-5.69,-277.97,256.15,-21.82,,,,,,,,,
8641,0,0,0,0,0,0,-40.31,-230.64,0,0,257.18,-5.69,-270.95,251.49,-19.47,,,,,,,,,
8651,0,0,0,0,0,0,-47.53,-236.26,0,0,260.76,-5.95,-283.79,254.81,-28.98,,,,,,,,,
8661,0,0,0,0,0,0,-47.89,-248.3,0,0,271.47,-6.35,-296.19,265.12,-31.07,,,,,,,,,
8671,0,0,0,0,0,0,-45.08,-249.25,0,0,272.9,-6.09,-294.32,266.82,-27.51,,,,,,,,,
8681,0,0,0,0,0,0,-44.6,-255.42,0,0,274.36,-5.73,-300.02,268.63,-31.39,,,,,,,,,
8691,0,0,0,0,0,0,-44.86,-237.37,0,0,259.41,-5.9,-282.24,253.5,-28.73,,,,,,,,,
8701,0,0,0,0,0,0,-43.67,-234.77,0,0,257.41,-5.5,-278.44,251.91,-26.53,,,,,,,,,
8711,0,0,0,0,0,0,-45.22,-226.88,0,0,249.92,-5.64,-272.09,244.29,-27.81,,,,,,,,,
8721,0,0,0,0,0,0,-45.62,-221.58,0,0,243,-5.69,-267.2,237.31,-29.89,,,,,,,,,
8731,0,0,0,0,0,0,-47.08,-227.64,0,0,252.87,-6.13,-274.72,246.74,-27.99,,,,,,,,,
8741,0,0,0,0,0,0,-42.91,-224.21,0,0,249.88,-5.44,-267.12,244.44,-22.68,,,,,,,,,
8751,0,0,0,0,0,0,-46.46,-242.91,0,0,263.25,-5.62,-289.37,257.63,-31.75,,,,,,,,,
8761,0,0,0,0,0,0,-47.42,-234.85,0,0,258.16,-5.89,-282.27,252.27,-30,,,,,,,,,
8771,0,0,0,0,0,0,-48.05,-236.8,0,0,257.38,-6.13,-284.85,251.25,-33.6,,,,,,,,,
8781,0,0,0,0,0,0,-47.56,-236.3,0,0,257.06,-5.83,-283.85,251.24,-32.62,,,,,,,,,
8791,0,0,0,0,0,0,-43.63,-217.46,0,0,243.33,-5.62,-261.09,237.72,-23.38,,,,,,,,,
8801,0,0,0,0,0,0,0,-37.49,0,0,37.49,0,-37.49,37.49,-0.01,,,,,,,,,
8811,0,0,0,0,0,0,0,-38.37,0,0,38.37,0,-38.37,38.37,-0.01,,,,,,,,,
8821,0,0,0,0,0,0,-50.89,-237.34,0,0,261.91,-6.19,-288.23,255.72,-32.51,,,,,,,,,
8831,0,0,0,0,0,0,-44.45,-221.19,0,0,245.15,-5.52,-265.64,239.64,-26,,,,,,,,,
8841,0,0,0,0,0,0,-46.6,-228.25,0,0,252,-5.94,-274.85,246.07,-28.79,,,,,,,,,
8851,0,0,0,0,0,0,-48.68,-230.94,0,0,257.87,-5.76,-279.62,252.1,-27.52,,,,,,,,,
8861,0,0,0,0,0,0,-43.15,-220.97,0,0,243.47,-5.48,-264.12,238,-26.12,,,,,,,,,
8871,0,0,0,0,0,0,-43.92,-225.52,0,0,246.19,-5.64,-269.44,240.55,-28.89,,,,,,,,,
8881,0,0,0,0,0,0,-45.89,-232.66,0,0,255,-5.89,-278.56,249.11,-29.45,,,,,,,,,
8891,0,0,0,0,0,0,-44.01,-218.95,0,0,241.94,-5.44,-262.95,236.5,-26.45,,,,,,,,,
8901,0,0,0,0,0,0,-47.67,-221.79,0,0,245.9,-5.71,-269.46,240.19,-29.27,,,,,,,,,
8911,0,0,0,0,0,0,-40.43,-228.62,0,0,251.78,-5.77,-269.05,246.01,-23.05,,,,,,,,,
8921,0,0,0,0,0,0,-43.75,-231.57,0,0,254.51,-5.62,-275.32,248.89,-26.43,,,,,,,,,
8931,0,0,0,0,0,0,-45.87,-224.02,0,0,247.25,-5.54,-269.89,241.71,-28.18,,,,,,,,,
8941,0,0,0,0,0,0,-43.76,-225.02,0,0,245.05,-5.51,-268.78,239.54,-29.23,,,,,,,,,
8951,0,0,0,0,0,0,-45.26,-222.41,0,0,242.57,-6.01,-267.67,236.56,-31.11,,,,,,,,,
8961,0,0,0,0,0,0,-46.94,-229.43,0,0,249.72,-5.91,-276.37,243.81,-32.55,,,,,,,,,
8971,0,0,0,0,0,0,-44.07,-227.45,0,0,249.15,-5.71,-271.52,243.44,-28.08,,,,,,,,,
8981,0,0,0,0,0,0,-44.82,-225.46,0,0,246.44,-5.41,-270.28,241.03,-29.25,,,,,,,,,
8991,0,0,0,0,0,0,-46.76,-221.41,0,0,245.42,-5.91,-268.17,239.5,-28.66,,,,,,,,,
9001,0,0,0,0,0,0,-48.03,-228.22,0,0,254.13,-6.16,-276.26,247.96,-28.29,,,,,,,,,
9011,0,0,0,0,0,0,-41.94,-225.61,0,0,249.05,-5.56,-267.54,243.49,-24.06,,,,,,,,,
9021,0,0,0,0,0,0,-42.99,-225.94,0,0,245.84,-5.82,-268.93,240.01,-28.92,,,,,,,,,
9031,0,0,0,0,0,0,-44.27,-222.14,0,0,244.33,-5.35,-266.41,238.98,-27.43,,,,,,,,,
9041,0,0,0,0,0,0,-39.48,-225.19,0,0,244.99,-5.4,-264.67,239.59,-25.07,,,,,,,,,
9051,0,0,0,0,0,0,-39.4,-232.73,0,0,252.17,-5.6,-272.13,246.57,-25.55,,,,,,,,,
9061,0,0,0,0,0,0,-44.97,-223.83,0,0,249.94,-5.99,-268.8,243.96,-24.85,,,,,,,,,
9071,0,0,0,0,0,0,-46.23,-215.31,0,0,242.16,-5.84,-261.55,236.32,-25.22,,,,,,,,,
9081,0,0,0,0,0,0,-41.06,-218.15,0,0,245.21,-5.55,-259.2,239.66,-19.54,,,,,,,,,
9091,0,0,0,0,0,0,-46.82,-217.98,0,0,242.19,-5.92,-264.8,236.28,-28.53,,,,,,,,,
9101,0,0,0,0,0,0,-44.47,-225.58,0,0,247.61,-5.78,-270.05,241.83,-28.22,,,,,,,,,
9111,0,0,0,0,0,0,-44.14,-243.42,0,0,263.41,-5.76,-287.56,257.65,-29.91,,,,,,,,,
9121,0,0,0,0,0,0,-44.4,-226.53,0,0,252.67,-5.59,-270.93,247.07,-23.86,,,,,,,,,
9131,0,0,0,0,0,0,-43.74,-237.22,0,0,260.08,-5.86,-280.96,254.21,-26.74,,,,,,,,,
9141,0,0,0,0,0,0,-46.08,-227.98,0,0,250.4,-5.7,-274.06,244.7,-29.36,,,,,,,,,
9151,0,0,0,0,0,0,-43.88,-228.94,0,0,251.86,-5.46,-272.82,246.4,-26.42,,,,,,,,,
9161,0,0,0,0,0,0,-43.85,-231.43,0,0,254.49,-5.45,-275.28,249.04,-26.24,,,,,,,,,
9171,0,0,0,0,0,0,-45.23,-225.47,0,0,246.33,-5.59,-270.69,240.74,-29.95,,,,,,,,,
9181,0,0,0,0,0,0,-42.89,-229.15,0,0,246.87,-5.63,-272.04,241.24,-30.8,,,,,,,,,
9191,0,0,0,0,0,0,-44.46,-226.62,0,0,251.11,-5.69,-271.08,245.42,-25.67,,,,,,,,,
9201,0,0,0,0,0,0,-40.52,-224.09,0,0,244.5,-5.84,-264.61,238.66,-25.95,,,,,,,,,
9211,0,0,0,0,0,0,-0.01,-35.84,0,0,35.84,0,-35.85,35.84,-0.01,,,,,,,,,
9221,0,0,0,0,0,0,-0.01,-37.64,0,0,37.64,0,-37.64,37.64,-0.01,,,,,,,,,
9231,0,0,0,0,0,0,-0.01,-38.43,0,0,38.42,0,-38.43,38.42,-0.01,,,,,,,,,
9241,0,0,0,0,0,0,0,-38.35,0,0,38.35,0,-38.36,38.35,-0.01,,,,,,,,,
9251,0,0,0,0,0,0,-0.01,-36.89,0,0,36.89,0,-36.9,36.89,-0.01,,,,,,,,,
9261,0,0,0,0,0,0,0,-38.12,0,0,38.12,0,-38.13,38.12,-0.01,,,,,,,,,
9271,0,0,0,0,0,0,0,-38.39,0,0,38.38,0,-38.39,38.38,-0.01,,,,,,,,,
9281,0,0,0,0,0,0,0,-38.39,0,0,38.38,0,-38.39,38.38,-0.01,,,,,,,,,
9291,0,0,0,0,0,0,0,-40.07,0,0,40.07,0,-40.08,40.07,-0.01,,,,,,,,,
9301,0,0,0,0,0,0,0,-39.86,0,0,39.85,0,-39.86,39.85,-0.01,,,,,,,,,
9311,0,0,0,0,0,0,0,-40.82,0,0,40.82,0,-40.82,40.82,-0.01,,,,,,,,,
9321,0,0,0,0,0,0,-44.72,-219.93,0,0,242.41,-5.59,-264.65,236.82,-27.83,,,,,,,,,
9331,0,0,0,0,0,0,-46.41,-232.14,0,0,254.92,-5.86,-278.55,249.06,-29.49,,,,,,,,,
9341,0,0,0,0,0,0,0,-41.04,0,0,41.03,0,-41.04,41.03,-0.01,,,,,,,,,
9351,0,0,0,0,0,0,0,-40.06,0,0,40.06,0,-40.06,40.06,-0.01,,,,,,,,,
9361,0,0,0,0,0,0,0,-38.61,0,0,38.61,0,-38.62,38.61,-0.01,,,,,,,,,
9371,0,0,0,0,0,0,0,-40.18,0,0,40.18,0,-40.19,40.18,-0.01,,,,,,,,,
9381,0,0,0,0,0,0,0,-40.6,0,0,40.6,0,-40.6,40.6,-0.01,,,,,,,,,
9391,0,0,0,0,0,0,-43.67,-234.81,0,0,255.88,-5.91,-278.48,249.97,-28.5,,,,,,,,,
9401,0,0,0,0,0,0,-46.99,-238.03,0,0,262.49,-6.01,-285.02,256.48,-28.54,,,,,,,,,
9411,0,0,0,0,0,0,0,-40.75,0,0,40.75,0,-40.76,40.75,-0.01,,,,,,,,,
9421,0,0,0,0,0,0,0,-40.11,0,0,40.11,0,-40.11,40.11,-0.01,,,,,,,,,
9431,0,0,0,0,0,0,0,-38.89,0,0,38.89,0,-38.9,38.89,-0.01,,,,,,,,,
9441,0,0,0,0,0,0,0,-39.99,0,0,39.99,0,-40,39.99,-0.01,,,,,,,,,
9451,0,0,0,0,0,0,0,-39.43,0,0,39.43,0,-39.44,39.43,-0.01,,,,,,,,,
9461,0,0,0,0,0,0,-48.47,-215.1,0,0,238.69,-6.33,-263.57,232.36,-31.21,,,,,,,,,
9471,0,0,0,0,0,0,-47.93,-217.72,0,0,242.52,-6.19,-265.65,236.33,-29.32,,,,,,,,,
9481,0,0,0,0,0,0,-49.58,-224.6,0,0,251.11,-6.2,-274.18,244.9,-29.28,,,,,,,,,
9491,0,0,0,0,0,0,-47.48,-219.45,0,0,243.38,-6.03,-266.93,237.35,-29.58,,,,,,,,,
9501,0,0,0,0,0,0,-45.01,-227.73,0,0,247.98,-5.73,-272.74,242.25,-30.5,,,,,,,,,
9511,0,0,0,0,0,0,-44.6,-229.57,0,0,252.1,-6.04,-274.17,246.06,-28.11,,,,,,,,,
9521,0,0,0,0,0,0,-45.93,-209.37,0,0,232.29,-5.63,-255.3,226.66,-28.64,,,,,,,,,
9531,0,0,0,0,0,0,-49.21,-223.93,0,0,247.52,-5.95,-273.14,241.57,-31.57,,,,,,,,,
9541,0,0,0,0,0,0,-47.33,-227.71,0,0,250.23,-6,-275.04,244.24,-30.81,,,,,,,,,
9551,0,0,0,0,0,0,-44.68,-215.62,0,0,238.24,-5.76,-260.3,232.48,-27.82,,,,,,,,,
9561,0,0,0,0,0,0,-48.42,-224.12,0,0,249.08,-5.98,-272.54,243.09,-29.44,,,,,,,,,
9571,0,0,0,0,0,0,-45.61,-221.72,0,0,246.98,-5.73,-267.33,241.25,-26.07,,,,,,,,,
9581,0,0,0,0,0,0,0,-43.23,0,0,43.23,0,-43.23,43.23,0,,,,,,,,,
9591,0,0,0,0,0,0,0,-43.22,0,0,43.22,0,-43.22,43.22,0,,,,,,,,,
9601,0,0,0,0,0,0,0,-42.66,0,0,42.66,0,-42.66,42.66,0,,,,,,,,,
9611,0,0,0,0,0,0,0,-42.06,0,0,42.05,0,-42.06,42.05,0,,,,,,,,,
9621,0,0,0,0,0,0,0,-41.73,0,0,41.73,0,-41.73,41.73,0,,,,,,,,,
9631,0,0,0,0,0,0,0,-42.67,0,0,42.67,0,-42.67,42.67,0,,,,,,,,,
9641,0,0,0,0,0,0,0,-42.08,0,0,42.07,0,-42.08,42.07,0,,,,,,,,,
9651,0,0,0,0,0,0,0,-42.36,0,0,42.36,0,-42.37,42.36,0,,,,,,,,,
9661,0,0,0,0,0,0,-46.88,-221.12,0,0,246.57,-5.56,-268,241.01,-26.99,,,,,,,,,
9671,0,0,0,0,0,0,0,-42.04,0,0,42.04,0,-42.04,42.04,0,,,,,,,,,
9681,0,0,0,0,0,0,0,-42,0,0,42,0,-42.01,42,0,,,,,,,,,
9691,0,0,0,0,0,0,0,-42.59,0,0,42.59,0,-42.59,42.59,0,,,,,,,,,
9701,0,0,0,0,0,0,0,-42.55,0,0,42.55,0,-42.55,42.55,0,,,,,,,,,
9711,0,0,0,0,0,0,-46.24,-220.07,0,0,241.99,-5.92,-266.32,236.07,-30.25,,,,,,,,,
9721,0,0,0,0,0,0,-46.08,-219.33,0,0,242.4,-5.62,-265.4,236.78,-28.63,,,,,,,,,
9731,0,0,0,0,0,0,0,-42.79,0,0,42.79,0,-42.79,42.79,0,,,,,,,,,
9741,0,0,0,0,0,0,0,-42.1,0,0,42.1,0,-42.1,42.1,0,,,,,,,,,
9751,0,0,0,0,0,0,0,-42.84,0,0,42.83,0,-42.84,42.83,0,,,,,,,,,
9761,0,0,0,0,0,0,0,-42.81,0,0,42.8,0,-42.81,42.8,0,,,,,,,,,
9771,0,0,0,0,0,0,-41.89,-228.68,0,0,251.97,-5.67,-270.57,246.3,-24.27,,,,,,,,,
9781,0,0,0,0,0,0,-40.09,-224.97,0,0,246.87,-5.47,-265.07,241.4,-23.67,,,,,,,,,
9791,0,0,0,0,0,0,-35.69,-230.56,0,0,251.5,-5.69,-266.26,245.8,-20.45,,,,,,,,,
9801,0,0,0,0,0,0,-40.89,-239.11,0,0,262.39,-5.63,-280,256.76,-23.24,,,,,,,,,
9811,0,0,0,0,0,0,-39.31,-225.32,0,0,245.01,-5.22,-264.63,239.79,-24.84,,,,,,,,,
9821,0,0,0,0,0,0,-45.39,-224.19,0,0,250.26,-5.78,-269.58,244.48,-25.1,,,,,,,,,
9831,0,0,0,0,0,0,-44.41,-212.44,0,0,234.99,-5.55,-256.85,229.44,-27.41,,,,,,,,,
9841,0,0,0,0,0,0,0,-43.2,0,0,43.2,0,-43.2,43.2,0,,,,,,,,,
9851,0,0,0,0,0,0,-44.98,-230.6,0,0,256.48,-5.5,-275.58,250.98,-24.6,,,,,,,,,
9861,0,0,0,0,0,0,0,-42.02,0,0,42.02,0,-42.02,42.02,0,,,,,,,,,
9871,0,0,0,0,0,0,-45.23,-211.4,0,0,235.05,-5.64,-256.63,229.41,-27.22,,,,,,,,,
9881,0,0,0,0,0,0,-47.78,-211.76,0,0,235.73,-6.01,-259.54,229.73,-29.81,,,,,,,,,
9891,0,0,0,0,0,0,0,-42.98,0,0,42.98,0,-42.98,42.98,0,,,,,,,,,
9901,0,0,0,0,0,0,0,-43.03,0,0,43.03,0,-43.03,43.03,0,,,,,,,,,
9911,0,0,0,0,0,0,0,-43.48,0,0,43.48,0,-43.48,43.48,0,,,,,,,,,
9921,0,0,0,0,0,0,0,-44.09,0,0,44.09,0,-44.09,44.09,0,,,,,,,,,
9931,0,0,0,0,0,0,0,-43.88,0,0,43.88,0,-43.88,43.88,0,,,,,,,,,
9941,0,0,0,0,0,0,-39.22,-220.8,0,0,244.84,-5.8,-260.02,239.04,-20.98,,,,,,,,,
9951,0,0,0,0,0,0,0,-43.55,0,0,43.55,0,-43.55,43.55,0,,,,,,,,,
9961,0,0,0,0,0,0,-42.92,-213.29,0,0,238.99,-5.56,-256.21,233.43,-22.78,,,,,,,,,
9971,0,0,0,0,0,0,-42.31,-224.3,0,0,246.81,-5.72,-266.61,241.09,-25.52,,,,,,,,,
9981,0,0,0,0,0,0,0,-42.14,0,0,42.14,0,-42.14,42.14,0,,,,,,,,,
9991,0,0,0,0,0,0,-47.37,-227.83,0,0,251.42,-5.97,-275.2,245.45,-29.75,,,,,,,,,
10001,0,0,0,0,0,0,-43.87,-229.96,0,0,251.3,-5.5,-273.82,245.81,-28.01,,,,,,,,,
