GENERALIZED BORN:,,,,,,,,,,,,,,,,,,,,,,,,
Complex Energy Terms,,,,,,,,,,,,,,,,,,,,,,,,
Frame #,BOND,ANGLE,DIHED,UB,IMP,CMAP,VDWAALS,EEL,1-4 VDW,1-4 EEL,EGB,ESURF,GGAS,GSOLV,TOTAL,,,,,,,,,
1,1719.78,4186.22,4997.95,479.42,276.91,-60.76,-4005.01,-29598.21,1657.72,17201.91,-4989.73,144.64,-3144.06,-4845.1,-7989.16,,,,,,,,,
11,1801.5,4298.46,4967.52,483.33,273.35,-106.89,-3899.46,-29431.67,1626.41,17320.47,-5230.88,158.5,-2666.99,-5072.38,-7739.37,,,,,,,,,
21,1807.79,4214.09,4979.11,474.62,278.15,-109.32,-3882.7,-29324.17,1619.89,17171.14,-5308.07,159.83,-2771.4,-5148.24,-7919.64,,,,,,,,,
31,1797.22,4281.99,4989.89,466,257.22,-113.26,-3901.26,-29399.2,1601.8,17181.22,-5214.7,159.52,-2838.38,-5055.18,-7893.56,,,,,,,,,
41,1819.95,4260.31,4986.43,471.29,265.43,-102.65,-3940.21,-29206.09,1635.68,17111.3,-5319.92,157.6,-2698.55,-5162.33,-7860.87,,,,,,,,,
51,1807.78,4184.85,4956.01,469.96,239.53,-68.48,-3939.19,-29269.69,1612.54,17244.55,-5321.57,156.41,-2762.14,-5165.16,-7927.29,,,,,,,,,
61,1831.54,4259.86,5002.44,472.01,273.88,-97.28,-3934.35,-29141.23,1601.54,17184.65,-5374.67,160.81,-2546.93,-5213.86,-7760.79,,,,,,,,,
71,1799.56,4303.45,4999.71,471.9,273.04,-109.74,-3873.17,-29276.86,1625.67,17095.31,-5321.2,157.77,-2691.12,-5163.43,-7854.55,,,,,,,,,
81,1825.76,4269.99,4973.39,500.52,272.82,-114.12,-3889.36,-29018.06,1611.12,17134.92,-5448.48,162.74,-2433.03,-5285.75,-7718.78,,,,,,,,,
91,1815.64,4266.53,4956.06,496.92,269.48,-102.85,-3888.98,-29088.91,1596.39,17128.58,-5417.48,160.85,-2551.15,-5256.63,-7807.77,,,,,,,,,
101,1875.54,4343.11,4965.99,484.1,276.78,-80.89,-3915.41,-29185.82,1584.22,17130.88,-5353.9,159.72,-2521.49,-5194.19,-7715.67,,,,,,,,,
111,1787.12,4116.98,5013.61,476,243.94,-95.88,-3930.64,-29260.92,1624.05,17263.06,-5359.52,159.28,-2762.68,-5200.24,-7962.91,,,,,,,,,
121,1830.18,4308.12,5013.66,490.88,268,-108.75,-3859.4,-29183.27,1602.69,17133.85,-5381.31,162.32,-2504.04,-5218.99,-7723.04,,,,,,,,,
131,1840.1,4292.02,4932.32,489.24,275.16,-80.43,-3895.11,-29034.77,1612.14,17156.5,-5512.76,161.38,-2412.84,-5351.38,-7764.22,,,,,,,,,
141,1847.67,4155.82,4984.48,469.96,273.56,-116.54,-3939.1,-28945.34,1631.6,17226.45,-5545.88,160.61,-2411.44,-5385.28,-7796.72,,,,,,,,,
151,1791.2,4253.56,5059.82,470.98,271.61,-96.47,-3912.03,-29028.37,1593.41,17113.29,-5484.1,162.57,-2483,-5321.53,-7804.52,,,,,,,,,
161,1804.83,4300.41,4985.56,467.63,287.28,-113.88,-3907.53,-29100.37,1616.07,17120.62,-5383.72,159.32,-2539.38,-5224.39,-7763.77,,,,,,,,,
171,1774.82,4279.35,4943.87,465.56,267.89,-107.12,-3875.94,-29176.84,1637.45,17187.42,-5411.34,163.89,-2603.54,-5247.45,-7850.99,,,,,,,,,
181,1830.32,4098.3,5000.85,468.29,255.55,-67.4,-3922.8,-29026.99,1598,17213.54,-5493.06,161.64,-2552.35,-5331.42,-7883.77,,,,,,,,,
191,1851.31,4310.95,4944.82,475.2,278.84,-120.74,-3906.72,-28965.44,1587.59,17156.64,-5549.41,160.11,-2387.55,-5389.3,-7776.85,,,,,,,,,
201,1789.61,4261.45,4932.98,458.91,282.69,-81.61,-3878.36,-29090.75,1610.75,17186.9,-5490.27,160.82,-2527.43,-5329.45,-7856.88,,,,,,,,,
211,1840.35,4311.3,4975.54,499.01,262.81,-152.24,-3880.16,-29040.91,1603.47,17084.19,-5496.96,164.83,-2496.63,-5332.13,-7828.76,,,,,,,,,
221,1851.38,4313.96,5068.1,483.29,268.99,-104.21,-3919.96,-29117.19,1604.39,17055.06,-5408.81,162.99,-2496.19,-5245.82,-7742.01,,,,,,,,,
231,1789.28,4272.07,5009.33,470.71,258.92,-130.97,-3935.02,-28920.99,1612.5,17126.76,-5562.85,161.28,-2447.41,-5401.57,-7848.98,,,,,,,,,
241,1828.45,4302.98,4976.25,482.71,279.37,-104.16,-3836.59,-28930.53,1645.62,17011.72,-5462.42,163.53,-2344.19,-5298.89,-7643.08,,,,,,,,,
251,1867.79,4239.65,4940.22,482.75,277.17,-116.65,-3894.67,-29008.94,1633.12,17117.89,-5539.49,164.92,-2461.67,-5374.58,-7836.24,,,,,,,,,
261,1864.86,4163.1,5018.6,471.17,266.47,-137.09,-3891.86,-29047.08,1638.76,17078.02,-5465.35,162.89,-2575.04,-5302.47,-7877.51,,,,,,,,,
271,1778.86,4290.26,4956.62,476.43,251.93,-127.53,-3937.38,-29192.28,1649.23,17272.75,-5452.36,160.96,-2581.08,-5291.4,-7872.48,,,,,,,,,
281,1805.15,4243.92,4963.15,482.14,272.02,-114.97,-3896.67,-29153.06,1606.33,17151.9,-5393.53,162.31,-2640.09,-5231.23,-7871.32,,,,,,,,,
291,1836.06,4318.75,4996.29,495.94,255.99,-139.53,-3891.07,-29072.91,1620.01,17115.55,-5454.03,160.79,-2464.92,-5293.24,-7758.15,,,,,,,,,
301,1857.85,4254.62,4969.79,488.46,274.8,-135.38,-3882.31,-29084.59,1598.47,17161.98,-5434.75,164.88,-2496.3,-5269.87,-7766.17,,,,,,,,,
311,1715.65,4245.8,4976.94,477.15,274.84,-117.94,-3886.26,-29085.45,1625.96,17240.47,-5512.94,162.41,-2532.83,-5350.53,-7883.36,,,,,,,,,
321,1761.29,4245.83,5056.54,473.32,267.71,-141.61,-3882.8,-29079.82,1636.18,17187.65,-5499.79,161.15,-2475.71,-5338.64,-7814.35,,,,,,,,,
331,1787.26,4284.15,4981.78,479.91,282.22,-132.63,-3901.38,-28839.72,1587.59,16990.26,-5571.02,163.71,-2480.54,-5407.32,-7887.86,,,,,,,,,
341,1831.23,4233.82,4979.92,485.95,261.87,-123.63,-3891.59,-29058.24,1661.39,17232.42,-5514.35,166.86,-2386.87,-5347.5,-7734.37,,,,,,,,,
351,1851.02,4297.93,4977.87,489.67,282.72,-142.68,-3879.92,-28896.67,1545.78,17080.33,-5585.2,167.58,-2393.95,-5417.62,-7811.56,,,,,,,,,
361,1760.18,4256.88,4961.85,462.67,274.19,-116.97,-3896.05,-29027.21,1612.56,17201.79,-5493.55,165.95,-2510.1,-5327.6,-7837.69,,,,,,,,,
371,1799.18,4236.52,4994.96,458.78,250.33,-143.77,-3858.33,-29180.3,1636.01,17185.54,-5431.36,166.57,-2621.08,-5264.79,-7885.87,,,,,,,,,
381,1770.07,4262.8,5000.24,481.63,263.02,-130.01,-3830.2,-29172.67,1635.46,17156.97,-5433,166.76,-2562.7,-5266.24,-7828.93,,,,,,,,,
391,1763.39,4170.77,4981.52,466.67,284.33,-89.64,-3897.21,-29241.06,1591.46,17312.49,-5413.8,162.98,-2657.26,-5250.82,-7908.08,,,,,,,,,
401,1813.08,4248.33,4958.24,498.92,276.84,-102.94,-3849.97,-28893.77,1615.54,17079.69,-5528.93,165.6,-2356.04,-5363.33,-7719.38,,,,,,,,,
411,1745.13,4203.02,4985.38,465.73,267.27,-109.08,-3823.79,-28992.11,1648.12,17244.08,-5566.26,167.86,-2366.23,-5398.4,-7764.64,,,,,,,,,
421,1813.78,4252.15,4992.25,476.16,263.67,-120.24,-3800.51,-28949.69,1618.67,17106.87,-5568.82,165.19,-2346.89,-5403.63,-7750.52,,,,,,,,,
431,1776.08,4224.92,4983.02,474.64,269.54,-127.23,-3867.16,-29064.11,1650.39,17238.23,-5499.01,163.72,-2441.68,-5335.3,-7776.98,,,,,,,,,
441,1804.73,4271.37,4938.46,479.73,266.92,-120.37,-3845.94,-28936.72,1618.85,17060.89,-5528.45,167.71,-2462.09,-5360.74,-7822.83,,,,,,,,,
451,1814.17,4252.07,4953.08,487.36,284.42,-112.94,-3887.11,-28955.59,1599.3,17078.52,-5500.16,167,-2486.71,-5333.16,-7819.87,,,,,,,,,
461,1827.85,4364.84,4921.86,483.29,264.86,-131.57,-3814.61,-28916.72,1611.3,16933.05,-5485.57,166.63,-2455.86,-5318.94,-7774.8,,,,,,,,,
471,1784.19,4252.21,4945.54,487.25,265.64,-125.14,-3847.49,-28926.18,1591.42,17038.45,-5498.21,167.34,-2534.1,-5330.87,-7864.96,,,,,,,,,
481,1809.01,4359.98,5022.34,491.68,272.46,-154.79,-3900.98,-28835.24,1596.08,17074.81,-5649.03,169.16,-2264.65,-5479.87,-7744.52,,,,,,,,,
491,1779.01,4273.19,4946.6,463.39,284.12,-137.57,-3893.15,-28900.75,1602.21,17161.74,-5523.72,166.64,-2421.19,-5357.07,-7778.26,,,,,,,,,
501,1847.78,4295.24,4957.09,466.97,261.6,-133.16,-3884.37,-29007.43,1604.32,17064.93,-5428.21,164.1,-2527.03,-5264.11,-7791.13,,,,,,,,,
511,1798.04,4231.04,5041.83,482.75,269.03,-116.54,-3875.36,-28954.01,1601.17,17014.48,-5504.46,168.44,-2507.56,-5336.02,-7843.58,,,,,,,,,
521,1793.99,4219.88,4941.04,470.16,283.81,-139.03,-3868.56,-29025.2,1612.54,17177.35,-5478.27,167.68,-2534.01,-5310.59,-7844.61,,,,,,,,,
531,1797.88,4244.2,4985.59,475.25,278.94,-123.37,-3879.49,-28863.21,1653.08,17028.31,-5563.68,167.07,-2402.81,-5396.61,-7799.42,,,,,,,,,
541,1837.3,4234.07,4922.36,466.8,268.91,-121.5,-3898.5,-28782.88,1595.77,16981.88,-5560.67,168.18,-2495.79,-5392.49,-7888.28,,,,,,,,,
551,1839.72,4274.22,4992.65,487.79,269.09,-119.05,-3857.78,-28964.34,1601.96,17083.39,-5501.37,165.74,-2392.34,-5335.63,-7727.97,,,,,,,,,
561,1830.6,4312.9,5016.98,486.4,273.84,-134.23,-3875.06,-28956.94,1589.19,17153.39,-5507.55,169.15,-2302.94,-5338.4,-7641.34,,,,,,,,,
571,1825.13,4225.11,4982.06,467.89,275.29,-89.41,-3883.61,-28950.37,1604.23,17063,-5484.25,170.52,-2480.67,-5313.72,-7794.4,,,,,,,,,
581,1785.22,4207.62,4991.54,468.25,263.34,-135.65,-3880.51,-29030.3,1598.6,17140.79,-5447.55,169.13,-2591.09,-5278.43,-7869.52,,,,,,,,,
591,1787.41,4157.27,4983.3,466.39,271.08,-141.73,-3843.9,-28994.85,1650.54,17133.53,-5458.09,166.29,-2530.96,-5291.8,-7822.76,,,,,,,,,
601,1858.14,4362.22,4923.89,491.56,272.84,-112.94,-3827.58,-29076.25,1596.93,16996.11,-5340.99,166.01,-2515.09,-5174.97,-7690.06,,,,,,,,,
611,1891.77,4281.32,4975.08,468.54,261.55,-99.63,-3909.39,-28997.68,1617.05,16974.29,-5434.16,164.61,-2537.1,-5269.55,-7806.65,,,,,,,,,
621,1769.41,4241.6,4999.57,476.75,252.04,-86.66,-3926,-29086.78,1642.01,17022.23,-5318.52,160.83,-2695.84,-5157.69,-7853.53,,,,,,,,,
631,1852.05,4221.47,4989.32,476,265.05,-112.54,-3872.77,-28984.24,1600.19,16981.3,-5444.72,166.4,-2584.17,-5278.32,-7862.49,,,,,,,,,
641,1869.84,4246.89,5006.18,483.53,281.9,-148.13,-3847.01,-28983.05,1596.8,16895.37,-5386.57,165.05,-2597.66,-5221.53,-7819.19,,,,,,,,,
651,1853.02,4260.96,4961.34,468.98,266.02,-108.39,-3831.59,-29066.61,1666.16,16960.28,-5368.44,166.96,-2569.84,-5201.48,-7771.32,,,,,,,,,
661,1826.42,4285.7,4992.12,473.74,286.59,-117.63,-3864.5,-29018.74,1565.49,16924.45,-5382.34,168.31,-2646.35,-5214.03,-7860.38,,,,,,,,,
671,1777.37,4303.63,4957.29,478.88,262.99,-99.31,-3851.84,-29071.96,1608.94,17068.94,-5421.17,168.21,-2565.07,-5252.96,-7818.03,,,,,,,,,
681,1818.59,4206.01,4974.52,484.43,298.16,-139.4,-3850.45,-29131.32,1641.73,17112.61,-5374.39,164.7,-2585.11,-5209.68,-7794.79,,,,,,,,,
691,1805.14,4233.55,4962.44,480.02,266.75,-159.87,-3852.69,-29050.53,1620.87,17080.05,-5419.91,167.27,-2614.27,-5252.64,-7866.91,,,,,,,,,
701,1754.15,4293.47,4991.87,488.07,276.47,-117.04,-3859.76,-29032.48,1623.24,17102.09,-5428.16,166.79,-2479.92,-5261.36,-7741.28,,,,,,,,,
711,1825.24,4240.1,4985.15,478.52,276.56,-87.45,-3860.77,-29015.09,1594.8,17098.4,-5502.62,168.63,-2464.54,-5333.98,-7798.52,,,,,,,,,
721,1853.99,4266.1,4927.94,486.7,258.3,-126.38,-3895.83,-28841.39,1577.79,17045.16,-5587.4,168.76,-2447.61,-5418.63,-7866.24,,,,,,,,,
731,1804.52,4228.56,4966.88,491.54,279.53,-130.22,-3848.27,-28903.08,1588.7,17051.11,-5578.85,174.46,-2470.74,-5404.39,-7875.13,,,,,,,,,
741,1883.92,4242.3,5003.96,478.46,268.13,-133.67,-3911.13,-28914.51,1597.43,16976.06,-5482.91,165.67,-2509.04,-5317.23,-7826.28,,,,,,,,,
751,1885.53,4206.27,4973.39,490.03,278.78,-135.53,-3864.85,-29060.1,1599.32,17097.91,-5427.79,167.09,-2529.26,-5260.7,-7789.96,,,,,,,,,
761,1767.67,4334.32,4960,479.35,273.27,-140.15,-3852.49,-28929.87,1588.17,16997.75,-5479.69,169.69,-2521.99,-5309.99,-7831.98,,,,,,,,,
771,1774.44,4176.68,5007.1,475.92,270.57,-141.44,-3819.84,-28922.63,1625.55,17053.83,-5515.25,168.64,-2499.82,-5346.61,-7846.43,,,,,,,,,
781,1795.37,4222.88,4995,479.46,268.35,-131.58,-3821.25,-29005.23,1612.73,16999.09,-5455.6,165.93,-2585.18,-5289.67,-7874.85,,,,,,,,,
791,1845.88,4204.09,4968.92,475.02,299.62,-113.17,-3830.69,-29012.35,1587.72,17057.22,-5457.23,164.85,-2517.74,-5292.38,-7810.12,,,,,,,,,
801,1868.06,4253.18,4968.42,489.62,276.27,-118.21,-3832.2,-28953.9,1577.41,16969.79,-5445.45,169.69,-2501.55,-5275.76,-7777.32,,,,,,,,,
811,1807.45,4210.84,4985.55,484.37,270.11,-128.53,-3838.26,-29255.28,1599.9,17200.11,-5318.62,165.53,-2663.75,-5153.09,-7816.85,,,,,,,,,
821,1798.8,4286.31,5027.01,481.49,274.92,-139.24,-3882.87,-29055.15,1585.97,17039.54,-5418.53,163.69,-2583.23,-5254.84,-7838.07,,,,,,,,,
831,1853.17,4364.6,4952.68,494.77,278.83,-120.75,-3870.78,-28895.97,1594.6,16935.07,-5485.42,169.63,-2413.78,-5315.79,-7729.56,,,,,,,,,
841,1817.1,4247.92,4975,467.35,275.74,-147.27,-3862.07,-29027.25,1614.47,16926.44,-5384.28,164.11,-2712.56,-5220.17,-7932.74,,,,,,,,,
851,1810.67,4195.97,4974.9,479.02,257.99,-119.99,-3846.98,-29259.55,1616.42,17191.31,-5331.36,165.48,-2700.22,-5165.89,-7866.11,,,,,,,,,
861,1813.52,4333.36,4986.45,471.7,271.13,-115.73,-3837.7,-29064.19,1589.99,16993.25,-5422.82,166.62,-2558.22,-5256.2,-7814.42,,,,,,,,,
871,1779.98,4254.54,4988.3,464.29,270.88,-108.86,-3913.83,-29137.72,1603.84,17099.96,-5357.86,162.42,-2698.62,-5195.44,-7894.06,,,,,,,,,
881,1774.48,4236.62,5049.01,476.2,275.41,-116.08,-3897.39,-28891.93,1618.32,16959.95,-5495.48,162.28,-2515.42,-5333.2,-7848.62,,,,,,,,,
891,1802.38,4247.92,4955.52,471.34,282.51,-126.66,-3847.23,-29184.86,1608.41,17069.95,-5330.63,162.76,-2720.71,-5167.87,-7888.59,,,,,,,,,
901,1812.83,4254.16,4934.66,484.3,249.24,-93.76,-3850.97,-29085.15,1619.81,17127.49,-5428.25,167.66,-2547.37,-5260.59,-7807.97,,,,,,,,,
911,1880.66,4296.76,4949.95,480.03,251.66,-96.63,-3855.25,-28964.25,1633.21,16948.56,-5449.71,165.18,-2475.31,-5284.53,-7759.83,,,,,,,,,
921,1810.76,4165.97,4958.73,468.31,268.11,-122.3,-3808.58,-29073.44,1606.77,17091.35,-5452.25,166.28,-2634.33,-5285.96,-7920.29,,,,,,,,,
931,1861.96,4197.98,4977.96,485.33,280,-130.15,-3856.25,-29048.29,1580.44,17079.81,-5422.18,165.6,-2571.2,-5256.58,-7827.79,,,,,,,,,
941,1835.32,4333.86,4994.89,485.78,286.05,-125.07,-3854.97,-29013.11,1599.85,16949.61,-5399.05,163.51,-2507.78,-5235.54,-7743.32,,,,,,,,,
951,1838.77,4233.98,4977.47,478.12,259.88,-136.33,-3822.82,-29077.47,1615.32,17038.63,-5412.43,167.47,-2594.44,-5244.96,-7839.4,,,,,,,,,
961,1847.48,4256.91,4949.51,479.64,253.08,-134.61,-3905.23,-29095.59,1587.8,17055.21,-5310.83,162.47,-2705.81,-5148.36,-7854.17,,,,,,,,,
971,1791.03,4260.29,4997.98,470.97,272.18,-143.84,-3870.86,-29020.41,1574.27,17019.33,-5379.1,166.04,-2649.06,-5213.06,-7862.12,,,,,,,,,
981,1819.35,4218.63,4978.17,477.53,263.06,-130.87,-3882.11,-29123.46,1623.07,17002.78,-5327.17,166.1,-2753.84,-5161.07,-7914.91,,,,,,,,,
991,1784.85,4205.96,4987.63,468.98,285.04,-162.3,-3850.62,-28913.8,1617.2,17035.16,-5523.18,169.17,-2541.89,-5354,-7895.89,,,,,,,,,
1001,1886.89,4161.42,4962.68,475.9,280.29,-120.32,-3880.78,-28991.53,1593.35,17046.33,-5496.32,165.3,-2585.75,-5331.02,-7916.77,,,,,,,,,
1011,1839.18,4211.88,4964.76,490.49,277.11,-104.22,-3886.79,-29045.62,1606.85,17014.08,-5427.64,166.07,-2632.3,-5261.57,-7893.87,,,,,,,,,
1021,1752.31,4278.46,4991.06,482.23,279.25,-129.73,-3868.05,-28949.27,1639.27,17071.9,-5549.82,165.38,-2452.56,-5384.44,-7837,,,,,,,,,
1031,1856.09,4252.08,4976.31,474.63,266.98,-128.42,-3891.1,-28703.52,1606.98,16927.8,-5613.4,168.38,-2362.16,-5445.02,-7807.18,,,,,,,,,
1041,1842.11,4215.72,4983.14,483.58,273.16,-129.58,-3842.45,-28879.77,1590.53,17020.61,-5571.7,173.15,-2442.94,-5398.56,-7841.5,,,,,,,,,
1051,1795.37,4283.69,4999.13,494.98,271.52,-82.24,-3891.17,-29039.55,1660.17,17058.15,-5451.03,166.59,-2449.95,-5284.44,-7734.39,,,,,,,,,
1061,1867.82,4244.16,4990.7,485.75,284.91,-148.45,-3842.72,-28861.41,1590.02,16973.86,-5543.7,168.83,-2415.34,-5374.86,-7790.21,,,,,,,,,
1071,1799.63,4249.17,4983.41,473.67,244.16,-143.73,-3915.39,-28823.95,1588.21,17034.78,-5575.16,168.37,-2510.04,-5406.8,-7916.84,,,,,,,,,
1081,1839.63,4243.58,4939.01,485.63,257.24,-119.94,-3913.82,-28791.71,1603.91,17165.5,-5665.4,169,-2290.98,-5496.4,-7787.37,,,,,,,,,
1091,1827.85,4351.33,4976.91,510.44,292.82,-131.69,-3862.2,-28876.76,1630.99,17001.14,-5511.06,170.52,-2279.17,-5340.54,-7619.71,,,,,,,,,
1101,1870.92,4149.2,4941.15,460.8,287.95,-143.96,-3868.09,-28896.68,1628.95,17149.56,-5531.59,168.18,-2420.2,-5363.42,-7783.62,,,,,,,,,
1111,1801.98,4296.52,4964.95,466.36,273.63,-111.69,-3865.55,-28941.09,1614.66,16994.7,-5452.7,169.24,-2505.53,-5283.46,-7788.99,,,,,,,,,
1121,1792.47,4338.76,4937.69,490.6,260.83,-116.37,-3855.55,-29037.27,1631.77,16891.73,-5378.42,166.01,-2665.34,-5212.42,-7877.75,,,,,,,,,
1131,1812.79,4322.46,4965.41,483.79,270.77,-137.79,-3904.83,-28984.54,1593.94,17104.99,-5491.79,167.7,-2472.99,-5324.1,-7797.08,,,,,,,,,
1141,1830.35,4241.91,4954.76,484.7,260.66,-114.41,-3829.28,-29074.93,1632.31,17120.41,-5474.27,168.62,-2493.51,-5305.65,-7799.16,,,,,,,,,
1151,1793.8,4278.62,4932.37,460.44,272.73,-128.38,-3821.58,-29278.53,1631.71,17154.79,-5291.01,162.99,-2704.03,-5128.02,-7832.05,,,,,,,,,
1161,1816.72,4251.72,4954.74,455.85,258.56,-146.54,-3853.04,-29033.09,1621.37,17053.6,-5469.95,165.68,-2620.12,-5304.27,-7924.39,,,,,,,,,
1171,1864.67,4224.78,4953.76,480.57,270.07,-121.12,-3868.13,-29025.75,1589.87,17109.3,-5441.2,167.65,-2521.98,-5273.54,-7795.52,,,,,,,,,
1181,1762.4,4258.37,4966.92,477.71,253.8,-159.8,-3850.18,-29178.15,1609.24,17151.58,-5376.43,167.07,-2708.1,-5209.36,-7917.46,,,,,,,,,
1191,1796.51,4125.88,4973.71,466.58,252.3,-105.99,-3882.84,-29204.56,1629.02,17156.79,-5365.48,165.44,-2792.6,-5200.04,-7992.64,,,,,,,,,
1201,1775.7,4201.49,4972.72,478.21,277.9,-128.15,-3794.89,-29083.12,1601.24,17080.91,-5399.8,169.81,-2617.99,-5230,-7847.99,,,,,,,,,
1211,1817.72,4205.25,5030.42,470.98,278.93,-128.6,-3842.55,-29173.75,1582.32,17093.03,-5387.77,169.73,-2666.25,-5218.04,-7884.29,,,,,,,,,
1221,1850.87,4240.62,4965.49,484.74,288.92,-121.56,-3802.09,-29120.17,1646.39,17106.34,-5450.5,171.43,-2460.45,-5279.08,-7739.53,,,,,,,,,
1231,1770.56,4271.01,5005.35,484.97,259.69,-96.35,-3833.81,-29211.57,1621.7,17121.59,-5357.54,164.78,-2606.88,-5192.76,-7799.64,,,,,,,,,
1241,1810.19,4289.9,4965.34,473.72,253.58,-107.95,-3807.03,-29019.53,1618.76,17023.35,-5426.67,170.95,-2499.68,-5255.72,-7755.4,,,,,,,,,
1251,1886.22,4279.38,4951.97,466.93,264.77,-100.22,-3809.4,-29036.57,1598.87,16925.13,-5400.71,172.95,-2572.93,-5227.76,-7800.68,,,,,,,,,
1261,1857.76,4187.34,4975.55,473.73,280.22,-119.9,-3810.85,-29182.16,1629.38,17099.55,-5346.63,169.64,-2609.38,-5177,-7786.38,,,,,,,,,
1271,1786.29,4345.82,4997.3,482.49,262.27,-123.94,-3819.07,-29001.86,1580.43,16996.02,-5432.93,169.05,-2494.24,-5263.88,-7758.12,,,,,,,,,
1281,1740.73,4210.54,4995.74,458.32,254.71,-131.73,-3881.29,-29089.54,1603.92,17090.13,-5328.45,169.55,-2748.46,-5158.91,-7907.37,,,,,,,,,
1291,1788.99,4277.2,4927.47,482.14,262.5,-128.92,-3855.84,-29056.6,1605.66,17056.06,-5374.84,168.79,-2641.34,-5206.05,-7847.39,,,,,,,,,
1301,1776.61,4303.64,4958.46,481.9,268.56,-105.99,-3867.27,-29071.64,1603.75,17048.7,-5389.35,165.73,-2603.28,-5223.63,-7826.91,,,,,,,,,
1311,1857.99,4283.96,4977.19,477.56,270.37,-111.4,-3852.29,-28948.19,1588.74,16958.42,-5460.56,169.65,-2497.64,-5290.91,-7788.56,,,,,,,,,
1321,1746.57,4289.35,4982.23,467.51,278.97,-131.54,-3879.11,-29079.91,1611.63,17080.79,-5390.12,164.66,-2633.51,-5225.46,-7858.98,,,,,,,,,
1331,1824.27,4253.33,4920.25,462.66,248.04,-99.29,-3804.66,-29057.25,1595.97,17062.06,-5457.97,169.3,-2594.61,-5288.67,-7883.28,,,,,,,,,
1341,1852.36,4324.58,4962.97,481.97,283.9,-98.47,-3883.54,-28933.76,1603.51,16913.96,-5431.48,166.78,-2492.52,-5264.7,-7757.22,,,,,,,,,
1351,1816.7,4291.29,4971.21,489.65,281.46,-167.63,-3810.16,-29095.14,1616.96,17109.83,-5413.44,171.47,-2495.84,-5241.98,-7737.81,,,,,,,,,
1361,1836.69,4228.16,4956.99,460.54,277.31,-129.43,-3842.3,-29112.16,1639.08,17028.25,-5367.2,168.25,-2656.87,-5198.95,-7855.82,,,,,,,,,
1371,1765.62,4250.8,4943.07,482.05,260.07,-108.1,-3801.71,-29043.07,1647.8,17178.05,-5544.37,170.38,-2425.43,-5373.99,-7799.42,,,,,,,,,
1381,1875.59,4132.6,4977.23,462.49,293.7,-135.62,-3836.94,-29095.53,1644.61,17153.96,-5476.85,167.44,-2527.9,-5309.42,-7837.32,,,,,,,,,
1391,1793.47,4241.26,4947.33,479.19,276.26,-113.68,-3789.68,-29059.73,1619.79,17043.74,-5437.48,171.5,-2562.05,-5265.97,-7828.02,,,,,,,,,
1401,1791.27,4201.44,4981.09,459.17,269.14,-121.14,-3857.26,-29041.52,1611.4,17122.64,-5456.34,168.91,-2583.77,-5287.43,-7871.2,,,,,,,,,
1411,1822.1,4236.44,4943.39,465.78,268.81,-142.85,-3816.79,-29139.22,1624.9,17134.72,-5419.15,168.98,-2602.72,-5250.17,-7852.89,,,,,,,,,
1421,1790.3,4271.75,4951.91,468,260.65,-124.86,-3880.94,-28952.61,1603.52,17085.26,-5539.94,168.92,-2527.04,-5371.02,-7898.06,,,,,,,,,
1431,1773.36,4267.25,4988.92,485.18,284.41,-135.51,-3848.19,-28780.82,1605.53,17036.05,-5636.28,171.39,-2323.82,-5464.89,-7788.72,,,,,,,,,
1441,1777.06,4220.18,5027.88,462.96,270.27,-109.1,-3817.37,-28822.34,1637.53,16995.96,-5580.48,170.28,-2356.98,-5410.2,-7767.18,,,,,,,,,
1451,1824.91,4293.11,4961.32,476.45,247.42,-146.46,-3816.67,-28919,1596.71,16958.42,-5510.54,167.41,-2523.81,-5343.13,-7866.93,,,,,,,,,
1461,1842.1,4229.38,4990.58,485.21,280.75,-131.84,-3850.44,-28722.63,1603.32,17044.73,-5703.73,167.85,-2228.84,-5535.88,-7764.72,,,,,,,,,
1471,1811.14,4230.58,4955.44,479.36,261.78,-107.65,-3860.39,-29083.88,1610.12,17168.04,-5464.09,165.67,-2535.46,-5298.41,-7833.88,,,,,,,,,
1481,1821.51,4362.94,4960.07,469.01,287.31,-132.79,-3866.04,-28903.56,1587.36,17001.71,-5525.11,170.14,-2412.49,-5354.97,-7767.46,,,,,,,,,
1491,1804.34,4225.56,4941.01,482.75,268.72,-129.73,-3844.52,-28926.03,1640.18,17134.6,-5551.83,165.24,-2403.12,-5386.59,-7789.71,,,,,,,,,
1501,1807.27,4232.9,4971.11,483.25,269.36,-121.51,-3865.98,-29045.97,1631.14,16992.24,-5356.85,164.6,-2646.2,-5192.26,-7838.45,,,,,,,,,
1511,1835.53,4254.62,4949.92,485.56,269.04,-118.14,-3889.38,-29051.04,1602.37,16998.56,-5414.37,168.61,-2662.98,-5245.76,-7908.75,,,,,,,,,
1521,1883.25,4229.49,5016.06,467.2,270.7,-145.5,-3826.69,-29018.04,1614.84,16966.62,-5447.77,167.1,-2542.07,-5280.67,-7822.74,,,,,,,,,
1531,1792.16,4314.07,4927,487.15,246.38,-123.4,-3815.33,-29081.83,1594.02,17025.26,-5426.75,168.15,-2634.51,-5258.61,-7893.12,,,,,,,,,
1541,1810.13,4242.21,4979.1,474.31,269.15,-136.98,-3816.23,-29012.87,1602.55,17059.17,-5442.77,169.51,-2529.46,-5273.26,-7802.72,,,,,,,,,
1551,1816.26,4266.76,4948.23,478.23,276.21,-135.43,-3853.44,-29087.83,1610.77,17124.67,-5460.43,166.66,-2555.57,-5293.77,-7849.34,,,,,,,,,
1561,1794.07,4266.47,4949.76,483.03,292.47,-126.34,-3840.74,-28932.62,1615.21,17034.42,-5540.18,168.17,-2464.26,-5372.01,-7836.28,,,,,,,,,
1571,1779.41,4322.41,4960.85,481.42,268.71,-115.1,-3842.73,-29047,1618.29,17054.94,-5490.52,168.63,-2518.79,-5321.89,-7840.68,,,,,,,,,
1581,1789.94,4176.15,4953.69,473.62,259.67,-105.63,-3826.56,-29000.69,1585.48,17119.68,-5510.83,169.37,-2574.66,-5341.46,-7916.12,,,,,,,,,
1591,1763.06,4356.77,4911.93,481.21,263.45,-103.88,-3854.27,-29000.44,1609.59,17081.16,-5514.28,169.36,-2491.42,-5344.92,-7836.34,,,,,,,,,
1601,1798.6,4288.45,4973.16,477.6,257.36,-118.29,-3787.46,-28699.27,1634.54,17038.32,-5768.66,170.27,-2136.99,-5598.39,-7735.39,,,,,,,,,
1611,1797.81,4320.63,5004.68,474.09,285.66,-115.5,-3849.99,-28715.17,1587.91,17080.53,-5776.8,171.16,-2129.36,-5605.63,-7734.99,,,,,,,,,
1621,1830.66,4171.5,4948.41,467.61,259.63,-112.15,-3830.46,-28754.2,1614.43,17006.88,-5758.75,174.1,-2397.7,-5584.65,-7982.35,,,,,,,,,
1631,1779.4,4219.39,4994.28,469.06,271.84,-144.42,-3843.05,-29049.64,1642.93,17175.21,-5509.02,168.08,-2484.98,-5340.93,-7825.92,,,,,,,,,
1641,1756.11,4340.49,4978.02,473.69,284.43,-101.45,-3859.33,-29068.13,1592.58,17045.57,-5399.1,165.3,-2558.02,-5233.8,-7791.82,,,,,,,,,
1651,1848.11,4316.98,4930.93,493.66,262.09,-128.78,-3882.1,-29122.11,1589.31,17115.42,-5347.33,166.49,-2576.49,-5180.84,-7757.33,,,,,,,,,
1661,1832.93,4295.91,4975.04,499.47,264.95,-123.2,-3874.93,-29231.69,1610.5,17114.95,-5280.83,168.45,-2636.07,-5112.38,-7748.45,,,,,,,,,
1671,1829.57,4248.6,4977.24,481.44,267.21,-124.61,-3894,-29096.83,1629.05,17088.87,-5373.65,165.09,-2593.47,-5208.56,-7802.03,,,,,,,,,
1681,1779.2,4231.31,4936.72,466.69,274.35,-106.15,-3884.95,-29133.45,1603.08,17048.04,-5309.7,165.43,-2785.18,-5144.27,-7929.45,,,,,,,,,
1691,1796.13,4322.95,4979.78,497.49,255.65,-122.81,-3829.75,-29100.32,1643.62,17027.19,-5385.07,161.91,-2530.07,-5223.16,-7753.22,,,,,,,,,
1701,1770.67,4261.96,4938.28,475.37,268.41,-163.66,-3836.01,-29016.54,1586.68,17063.58,-5473.14,171.37,-2651.25,-5301.78,-7953.02,,,,,,,,,
1711,1847.03,4256.13,5002.56,466.4,261.06,-119.39,-3882.47,-29148.26,1608.59,17097.13,-5326.92,163.55,-2611.2,-5163.37,-7774.57,,,,,,,,,
1721,1816.88,4335.49,4947.77,476.89,273.14,-106.32,-3816.64,-28911.48,1580.61,16938.87,-5495.03,168.32,-2464.78,-5326.71,-7791.49,,,,,,,,,
1731,1854.94,4213.11,5042.92,470.64,280.8,-121.36,-3858.95,-28899.08,1602,17003.67,-5511.87,168.51,-2411.3,-5343.36,-7754.66,,,,,,,,,
1741,1840.35,4214.98,4975.77,472.54,275.09,-130.08,-3837.45,-29004,1604.99,17073.02,-5461.33,167.01,-2514.79,-5294.32,-7809.11,,,,,,,,,
1751,1846.3,4244.83,4980.87,472.29,282.64,-126.61,-3810.06,-29040.53,1622.09,16985.3,-5443.62,167.34,-2542.87,-5276.28,-7819.15,,,,,,,,,
1761,1841.04,4192.77,4966.46,480.85,264.73,-155.39,-3852.07,-29003.6,1606.12,17032.33,-5439,172.37,-2626.75,-5266.63,-7893.38,,,,,,,,,
1771,1770.91,4272.46,4993.43,484.07,265.94,-135.04,-3864.92,-29083.76,1612.63,17050.64,-5421.81,168.15,-2633.65,-5253.66,-7887.32,,,,,,,,,
1781,1819.78,4346.23,4965.84,478.52,266.91,-121.62,-3844.45,-29077.68,1584.31,17000.72,-5428.29,165.11,-2581.43,-5263.18,-7844.61,,,,,,,,,
1791,1801.9,4298.75,4971.28,474.12,263.58,-131.3,-3835.41,-29110.56,1578.94,17104.25,-5437.33,170.02,-2584.45,-5267.32,-7851.77,,,,,,,,,
1801,1844.96,4303.26,4944.01,485.04,260.91,-150.82,-3836.1,-28913.74,1578.97,16971.42,-5510.27,167.13,-2512.1,-5343.14,-7855.24,,,,,,,,,
1811,1841.46,4231.99,5001.87,482,265.37,-109.99,-3854.23,-29013.93,1585.18,17062.41,-5491.68,164.71,-2507.87,-5326.97,-7834.84,,,,,,,,,
1821,1817.38,4161.8,4938,472.37,280.58,-115.53,-3813.25,-29068.33,1654.28,17051.62,-5427.15,165.35,-2621.06,-5261.8,-7882.86,,,,,,,,,
1831,1788.07,4318.34,4932.17,491.6,243.33,-102.79,-3862.53,-29055.16,1589.5,17046.1,-5458.74,166.1,-2611.36,-5292.64,-7904,,,,,,,,,
1841,1879.05,4166.72,4977.71,483.23,247.3,-111.31,-3867.08,-28758.25,1585.57,16994.44,-5657.44,167.52,-2402.62,-5489.92,-7892.53,,,,,,,,,
1851,1822.13,4285.2,4946.66,477.87,275.61,-129.42,-3842.53,-28729.64,1628.19,17027.2,-5725.03,168.84,-2238.74,-5556.19,-7794.94,,,,,,,,,
1861,1757.76,4227.66,4974.56,469.7,266.53,-133.34,-3830.31,-28807.53,1613.43,17052.01,-5692.08,169.76,-2409.54,-5522.33,-7931.86,,,,,,,,,
1871,1833.26,4296.95,4905.35,476.05,266,-125.22,-3811.14,-28779.47,1598,17044.31,-5704.75,172.17,-2295.9,-5532.58,-7828.47,,,,,,,,,
1881,1799.43,4374.55,4936.98,482.95,273.38,-116.23,-3816.97,-28623.64,1574.32,16880.91,-5755.53,171.38,-2234.33,-5584.15,-7818.47,,,,,,,,,
1891,1838.99,4198.04,4934.94,480.03,254.56,-124.17,-3886.57,-28774.4,1576.03,17064.57,-5717.64,169.72,-2437.97,-5547.93,-7985.9,,,,,,,,,
1901,1733.06,4347.4,4925.57,479.68,264.96,-141.91,-3798.36,-28808.12,1618.61,17133.01,-5756.83,171.29,-2246.1,-5585.54,-7831.63,,,,,,,,,
1911,1806.36,4208.8,4976.1,478.75,259.65,-141.91,-3834.47,-28742.86,1601.22,17118.83,-5735.36,166.61,-2269.52,-5568.75,-7838.27,,,,,,,,,
1921,1866.96,4255.59,4966.17,467.56,276.72,-136.44,-3801.81,-28710.54,1599.44,17044.35,-5772.65,169.01,-2171.99,-5603.64,-7775.64,,,,,,,,,
1931,1781.33,4215.39,4938.96,476.51,267.87,-151.39,-3788.45,-28909.76,1624.24,17153.67,-5680.3,174.61,-2391.64,-5505.68,-7897.32,,,,,,,,,
1941,1853.13,4257.44,4951.89,466.67,279.08,-125.72,-3886.18,-29169.17,1630.7,17048.89,-5340.19,164.23,-2693.28,-5175.96,-7869.24,,,,,,,,,
1951,1816.48,4218.13,4952.22,495.84,275.96,-118.5,-3881.77,-29037.27,1613.01,17074.3,-5477.53,163.23,-2591.62,-5314.3,-7905.92,,,,,,,,,
1961,1818.17,4207.35,4908.42,476.04,260.97,-119.61,-3836.97,-29045.71,1639.75,17104.97,-5493.7,167.5,-2586.63,-5326.21,-7912.83,,,,,,,,,
1971,1772.89,4332.33,4930.86,478.41,287.34,-123.23,-3885.83,-28829.68,1600.22,17049.9,-5594.16,165.28,-2386.79,-5428.88,-7815.68,,,,,,,,,
1981,1778.25,4216.66,4963.74,466.05,268.08,-124.55,-3884.73,-29130.37,1612.13,17219.68,-5502.09,165.17,-2615.06,-5336.93,-7951.99,,,,,,,,,
1991,1792.18,4268.34,4968.2,490.45,267.52,-115.02,-3860.2,-29129.54,1620.07,17159.34,-5457.79,164.11,-2538.67,-5293.68,-7832.35,,,,,,,,,
2001,1810.04,4239.99,4969.34,463.31,293.41,-93.51,-3851.49,-29220.22,1635.68,17175.07,-5423.76,161.77,-2578.37,-5261.99,-7840.37,,,,,,,,,
2011,1797.01,4204.44,4904.65,475.14,297.6,-105.26,-3928,-28921.1,1610.01,17022.63,-5523.35,164.07,-2642.88,-5359.28,-8002.16,,,,,,,,,
2021,1801.84,4217.5,4967.66,478.24,294.68,-110.33,-3871,-28957.11,1603.9,17052.76,-5533.4,166.01,-2521.87,-5367.39,-7889.26,,,,,,,,,
2031,1814.86,4300.94,4963.34,467.7,275.36,-98.07,-3873.66,-29128.12,1596.73,17074.73,-5410.69,163.22,-2606.18,-5247.46,-7853.64,,,,,,,,,
2041,1779.62,4172.23,4986.47,477.27,287.03,-98.73,-3864.62,-29018.68,1608.42,17112.55,-5477.14,165.81,-2558.45,-5311.33,-7869.78,,,,,,,,,
2051,1847.47,4257.83,4926.33,471.64,276.27,-126.86,-3875.51,-29220.66,1627.14,17169.94,-5324.63,161.02,-2646.42,-5163.6,-7810.02,,,,,,,,,
2061,1867.29,4260.53,4934.55,492.55,274.99,-115.34,-3866.7,-28982.46,1564.34,17043.43,-5478.22,167.37,-2526.82,-5310.85,-7837.67,,,,,,,,,
2071,1868.99,4187.48,4954.04,492.04,270.56,-96.38,-3857.58,-29083.59,1622.96,17028.7,-5373.69,162.49,-2612.78,-5211.2,-7823.98,,,,,,,,,
2081,1772.82,4250.25,4956.53,469.81,248.68,-102.68,-3889.28,-29244.58,1605.15,17141.64,-5317.27,161.93,-2791.66,-5155.34,-7947,,,,,,,,,
2091,1796.52,4271.71,4929.1,489.95,254.72,-92.26,-3875.16,-29078.04,1612.33,17121.67,-5449.92,165.03,-2569.46,-5284.89,-7854.35,,,,,,,,,
2101,1839.17,4213.79,4954.76,465.53,293.29,-106.62,-3865.54,-28960,1610.13,17079.77,-5512.35,167.82,-2475.73,-5344.53,-7820.26,,,,,,,,,
2111,1798.92,4261.86,4940.93,496.64,260.78,-96.01,-3901.65,-29026.03,1597.83,17063.17,-5414.13,165.02,-2603.57,-5249.11,-7852.69,,,,,,,,,
2121,1786.67,4197.91,4999.36,475.88,279.35,-114.72,-3930.54,-29191.8,1593,17119.94,-5327.07,163.24,-2784.95,-5163.83,-7948.78,,,,,,,,,
2131,1812.06,4257.79,4970.73,458.12,273.52,-128.1,-3897.59,-29153.14,1591.44,17073.13,-5351.33,167.12,-2742.04,-5184.21,-7926.25,,,,,,,,,
2141,1801.53,4238.08,4929.17,482.07,272.19,-116.17,-3827.69,-29120.57,1623.28,17139.92,-5442.55,168.3,-2578.19,-5274.25,-7852.45,,,,,,,,,
2151,1828.6,4294.7,4934.21,493.97,254.79,-127.41,-3875.98,-28957.55,1603.77,17047.54,-5469.12,166.35,-2503.36,-5302.77,-7806.13,,,,,,,,,
2161,1824.68,4236.82,4904.16,479.92,263.91,-127.48,-3852.25,-29153.17,1603.25,17102.93,-5325.8,164.3,-2717.22,-5161.5,-7878.72,,,,,,,,,
2171,1795.14,4332.74,4966.04,488.56,273.79,-104.44,-3876.89,-29008.38,1599.55,16975.28,-5405.43,164.22,-2558.62,-5241.2,-7799.82,,,,,,,,,
2181,1778.97,4356.8,4982.11,491.41,252.74,-123.04,-3861.24,-29010.81,1610.9,17084.37,-5441.73,164.76,-2437.79,-5276.97,-7714.76,,,,,,,,,
2191,1792.93,4325.1,4947.11,472.34,270.44,-84.84,-3806.64,-29071.15,1632.02,16991.09,-5371.96,168.69,-2531.6,-5203.28,-7734.88,,,,,,,,,
2201,1838.47,4242.27,4983.07,481.7,259.8,-106.74,-3900.6,-29016.35,1625.38,17074.58,-5436.41,162.86,-2518.41,-5273.54,-7791.95,,,,,,,,,
2211,1838.52,4173.68,4985.29,473.82,285.57,-127.41,-3844.61,-28856.01,1625.9,17013.36,-5538.94,166.59,-2431.89,-5372.35,-7804.25,,,,,,,,,
2221,1859.71,4241.48,4928.52,473.09,247.56,-100.76,-3872.91,-28730.08,1597.55,16891.22,-5562.31,168.08,-2464.62,-5394.23,-7858.85,,,,,,,,,
2231,1819.86,4260.46,4950.31,472.02,267.45,-126.75,-3855.23,-29149.57,1619.44,17154.56,-5411.32,164.96,-2587.44,-5246.36,-7833.8,,,,,,,,,
2241,1769.95,4322.52,4914.16,480.46,265.25,-109.92,-3860.34,-28976.87,1639.51,17122.5,-5521.68,166.61,-2432.78,-5355.07,-7787.85,,,,,,,,,
2251,1771.02,4270.26,4951.22,476.92,272.4,-97.95,-3868.45,-28735.24,1623.12,17052.57,-5688.73,171.08,-2284.11,-5517.65,-7801.76,,,,,,,,,
2261,1886.36,4260.31,4986.53,477.12,285.87,-114.16,-3878.19,-29064.46,1592.03,17112.86,-5474.44,169.61,-2455.73,-5304.82,-7760.56,,,,,,,,,
2271,1821.47,4275.18,5004.43,486.5,262.51,-148.95,-3871.85,-28871.21,1615.39,16984.18,-5497.99,169.37,-2442.35,-5328.62,-7770.97,,,,,,,,,
2281,1826.23,4185.69,4957.66,482.64,267.57,-118.58,-3857.3,-29018.07,1592.33,17069.74,-5470.68,169.21,-2612.08,-5301.47,-7913.55,,,,,,,,,
2291,1779.8,4335.6,4967.21,478.96,258.25,-119.64,-3885.41,-28863.6,1613.89,17004.99,-5544.66,167.28,-2429.94,-5377.39,-7807.33,,,,,,,,,
2301,1834.94,4301.96,4945.67,481.32,255.63,-127.96,-3913.6,-28883.26,1617.33,17038.5,-5508.58,164.67,-2449.48,-5343.91,-7793.39,,,,,,,,,
2311,1853.44,4246.33,4967.61,471.56,276.19,-124.96,-3909.67,-28845.74,1620.63,16946.41,-5489.61,165.77,-2498.2,-5323.84,-7822.04,,,,,,,,,
2321,1838.19,4304.01,4989.89,480.44,284.76,-131.73,-3825.13,-28870.34,1604.26,16984.94,-5499.49,168.69,-2340.71,-5330.8,-7671.51,,,,,,,,,
2331,1866.37,4309.89,4923.61,481.13,264.06,-130.69,-3865.48,-28849.08,1587.28,17042.12,-5622.58,169.45,-2370.79,-5453.13,-7823.92,,,,,,,,,
2341,1813.91,4222.12,4955.15,461.99,268.11,-131.98,-3859.08,-28929.87,1609.93,16959.68,-5468.1,166.65,-2630.05,-5301.45,-7931.5,,,,,,,,,
2351,1849.61,4163.36,4963.6,483.02,286.49,-106.75,-3907.34,-28779.79,1616.42,17027.86,-5572.26,167.22,-2403.53,-5405.05,-7808.58,,,,,,,,,
2361,1785.65,4266.62,4993.01,473.62,287.36,-128.19,-3890.79,-29054.73,1619.76,17092.83,-5394.23,163.74,-2554.84,-5230.49,-7785.33,,,,,,,,,
2371,1858,4312.95,4940.16,489.15,270.25,-118.43,-3842.92,-29004.13,1563.58,17057.57,-5459.84,168.84,-2473.82,-5290.99,-7764.81,,,,,,,,,
2381,1769.65,4231.88,4984.18,482.79,274.5,-129.92,-3830.38,-29091.29,1637.92,17105.98,-5449.26,167.83,-2564.68,-5281.43,-7846.12,,,,,,,,,
2391,1803.33,4199.09,4951.95,473.11,277.91,-133.5,-3843.23,-29024.44,1609.71,17049.53,-5436.02,167.5,-2636.53,-5268.53,-7905.06,,,,,,,,,
2401,1831.78,4236.72,4938.95,483.54,255.84,-96.89,-3884.05,-28847.04,1584.43,17018.67,-5533.43,170.49,-2478.05,-5362.94,-7840.99,,,,,,,,,
2411,1840.84,4273.35,4967.89,475.46,264.3,-152.24,-3842.13,-28934.53,1637.39,17017.21,-5475.05,166.85,-2452.46,-5308.2,-7760.65,,,,,,,,,
2421,1818.26,4209.06,4966.33,476.93,284.56,-110.62,-3858.04,-28954.12,1599.88,17057.2,-5488.33,169.02,-2510.56,-5319.31,-7829.87,,,,,,,,,
2431,1817.24,4216.01,4987.96,482.72,267.41,-93.03,-3857.86,-29052.88,1624.36,17051.72,-5409.65,164.47,-2556.34,-5245.19,-7801.53,,,,,,,,,
2441,1759.72,4228.76,4992.78,453.71,265.64,-150.37,-3940.76,-29072.22,1660.03,17022.7,-5311.56,162.12,-2780.01,-5149.44,-7929.45,,,,,,,,,
2451,1851.79,4206.23,4934.56,472.13,264.16,-140.55,-3793.54,-29140.59,1616.72,16970.13,-5368.43,168.68,-2758.97,-5199.75,-7958.71,,,,,,,,,
2461,1789.19,4193.18,5002.83,480.8,247.27,-157.65,-3788.97,-29076.75,1617.67,17109.83,-5489.76,171.11,-2582.59,-5318.64,-7901.24,,,,,,,,,
2471,1796.86,4219.31,4941.23,478.45,261.84,-120.7,-3878.41,-28857.21,1603.26,17015.62,-5538.87,167.57,-2539.75,-5371.3,-7911.05,,,,,,,,,
2481,1762.26,4236.2,4992.3,451.17,261.33,-133.65,-3861.37,-29121.78,1627.01,17127.31,-5386.16,167.65,-2659.23,-5218.51,-7877.73,,,,,,,,,
2491,1829.58,4229.22,4970.63,472.53,274.97,-136.13,-3834.73,-28968.53,1603.98,16956.92,-5417.83,169.16,-2601.56,-5248.67,-7850.24,,,,,,,,,
2501,1820.75,4283.77,4972.09,476.68,266.66,-127.86,-3851.39,-28841.47,1581.31,16969.59,-5526.62,168.79,-2449.87,-5357.82,-7807.69,,,,,,,,,
2511,1811.35,4286.73,4946.44,474.43,276.61,-123.45,-3844.31,-28988.92,1613.17,16977.78,-5404.12,165.05,-2570.17,-5239.06,-7809.23,,,,,,,,,
2521,1802.42,4231.8,4986.82,468.42,280.34,-117.15,-3888.16,-29028.58,1625.65,17131.45,-5443.1,161.83,-2507,-5281.27,-7788.27,,,,,,,,,
2531,1925.02,4229.48,4998.57,487.82,266.19,-129.35,-3848.69,-28998.22,1615,17002.84,-5456.26,166.31,-2451.33,-5289.95,-7741.28,,,,,,,,,
2541,1829.14,4246.67,4955.43,474.97,275.49,-117.7,-3880.16,-29024.44,1594.83,17161.85,-5463.35,167.62,-2483.91,-5295.73,-7779.64,,,,,,,,,
2551,1795.73,4268.85,4942.43,464.8,268.23,-95.56,-3906.81,-28871.4,1631.95,17103.94,-5578.52,164.36,-2397.84,-5414.16,-7812,,,,,,,,,
2561,1827.98,4236.03,5028.93,473.68,279.79,-111.73,-3854.22,-28990.77,1617.36,16971.39,-5455.41,168.28,-2521.55,-5287.14,-7808.69,,,,,,,,,
2571,1859.2,4291.35,4978.63,469.93,261.5,-114.41,-3869.4,-28870.67,1606.9,17007.27,-5567.76,164.14,-2379.71,-5403.62,-7783.32,,,,,,,,,
2581,1817.84,4355.35,4990.29,491.67,271.88,-123.55,-3797.18,-28869.08,1625.58,17019.62,-5578.2,167.26,-2217.58,-5410.94,-7628.52,,,,,,,,,
2591,1859.49,4343.54,4936.56,486.78,272.99,-147.03,-3870.99,-28766.76,1629.06,16847.84,-5517.74,165.83,-2408.53,-5351.91,-7760.44,,,,,,,,,
2601,1795.37,4197.71,4946.45,480.48,271.46,-122.57,-3891.52,-28799.32,1605.98,16981.56,-5608.46,168.06,-2534.41,-5440.4,-7974.81,,,,,,,,,
2611,1858.52,4272.76,4949.02,477.41,276.21,-125.49,-3868.88,-28774.9,1619.12,16895.6,-5569.99,169.38,-2420.64,-5400.61,-7821.25,,,,,,,,,
2621,1731.26,4361.8,4995.67,480.9,273.18,-149.51,-3864.44,-28851.53,1625.36,17060.26,-5568.67,171.42,-2337.06,-5397.25,-7734.31,,,,,,,,,
2631,1865.93,4217.55,4952.06,478.99,273.12,-127.67,-3849.65,-28892.86,1593.98,16940.45,-5541.65,168.67,-2548.11,-5372.98,-7921.09,,,,,,,,,
2641,1795.89,4207.69,4973.62,477.49,269.35,-120.17,-3817.82,-28793.29,1612.88,16994.32,-5594.02,170.54,-2400.03,-5423.48,-7823.52,,,,,,,,,
2651,1828.13,4194.71,4983.64,462.02,279.01,-138.14,-3835,-28921.83,1595.09,16921.58,-5495.52,170.77,-2630.8,-5324.75,-7955.55,,,,,,,,,
2661,1858.04,4238.2,4956.47,494.21,259.17,-124.41,-3844.12,-28900.32,1571.15,17016.19,-5550.06,169.01,-2475.41,-5381.05,-7856.47,,,,,,,,,
2671,1825.48,4269.33,4986.59,473.31,269.23,-163.3,-3829.97,-28844.09,1646.64,16902.56,-5510.94,171.4,-2464.23,-5339.54,-7803.77,,,,,,,,,
2681,1809.73,4238.91,4993.91,472.74,271.28,-152.57,-3867.39,-28943.03,1592.67,17018.09,-5474.58,170.58,-2565.65,-5304.01,-7869.66,,,,,,,,,
2691,1771.13,4296.83,5017.03,477.75,258.25,-158.46,-3860.83,-28907.68,1627.8,17027.05,-5501.07,168.44,-2451.14,-5332.63,-7783.77,,,,,,,,,
2701,1908.54,4226.2,4947.78,479.62,273.79,-136.9,-3816.53,-28898.77,1582.62,16990.45,-5564.62,168.26,-2443.2,-5396.36,-7839.56,,,,,,,,,
2711,1740.51,4304.45,4957.75,488.47,266.99,-111.61,-3833.79,-28997.19,1624.67,17017.35,-5477.36,170.91,-2542.4,-5306.45,-7848.85,,,,,,,,,
2721,1827.21,4245.66,4964.75,481.09,261.86,-130.06,-3848.99,-29050.3,1610.53,17017.23,-5403.76,165.14,-2621,-5238.62,-7859.62,,,,,,,,,
2731,1909.17,4218.62,4925.01,495.92,274.96,-108.52,-3808.77,-28963.83,1592.94,16951.17,-5482.67,171.71,-2513.33,-5310.96,-7824.29,,,,,,,,,
2741,1859.12,4229.91,4946.53,481.17,261.99,-113.73,-3781.49,-28812.39,1621.78,17054.33,-5723.65,170.21,-2252.77,-5553.44,-7806.21,,,,,,,,,
2751,1766.92,4217.5,4905.24,474.76,261.61,-146.05,-3864.3,-28868.12,1628.92,17023.83,-5549.26,169.54,-2599.71,-5379.72,-7979.42,,,,,,,,,
2761,1803.06,4335.72,4995.78,494.94,296.24,-137.06,-3836.68,-28864.27,1636.03,17034.16,-5560.59,169.37,-2242.08,-5391.23,-7633.31,,,,,,,,,
2771,1855.54,4294.3,4923.84,455.34,278.96,-130.45,-3885.71,-28845.36,1586.66,16889.61,-5532.32,169.55,-2577.26,-5362.77,-7940.02,,,,,,,,,
2781,1851.37,4211.36,4949.7,468.28,254.83,-122.38,-3880.92,-28849.06,1608.56,16932.98,-5533.47,168.5,-2575.29,-5364.97,-7940.26,,,,,,,,,
2791,1719.26,4235.72,4978.1,459.17,282.94,-126.77,-3865.83,-28835.27,1614.78,17040.49,-5581.61,169.17,-2497.41,-5412.44,-7909.85,,,,,,,,,
2801,1823.77,4242.55,4975.36,465.66,269.87,-100.97,-3830.12,-28804.65,1623.61,16951.07,-5604.52,170.17,-2383.86,-5434.36,-7818.22,,,,,,,,,
2811,1794.63,4304.45,4914.04,467.74,267.26,-134.9,-3834.96,-28801.41,1605.49,16963.25,-5601.33,170.53,-2454.42,-5430.79,-7885.21,,,,,,,,,
2821,1833.51,4336.77,4989.39,497.24,268.15,-146.14,-3833.46,-28847.5,1627.89,16963.93,-5567.4,171.38,-2310.22,-5396.02,-7706.24,,,,,,,,,
2831,1827,4244.91,4979.31,483.48,292.76,-97.15,-3876.88,-28699.42,1600.15,16970.15,-5680.96,166.44,-2275.7,-5514.53,-7790.23,,,,,,,,,
2841,1816.98,4250.41,4965.56,470.72,264.9,-133.3,-3847.26,-28814.57,1585.35,17001.06,-5604.15,169.67,-2440.16,-5434.47,-7874.63,,,,,,,,,
2851,1797.79,4221.71,4990.71,479.12,251.83,-113.79,-3856.58,-28691.84,1641.44,16958.99,-5682.17,169.6,-2320.62,-5512.56,-7833.19,,,,,,,,,
2861,1794.51,4248.72,4916.44,470.51,249.5,-117.3,-3801.92,-28525.19,1630.76,16960.84,-5879.67,170.8,-2173.12,-5708.87,-7881.99,,,,,,,,,
2871,1797.52,4265.84,4990.2,478.32,280.84,-147.67,-3720.16,-28516.78,1620.59,17016.54,-5936.47,180.31,-1934.75,-5756.16,-7690.91,,,,,,,,,
2881,1784.07,4242.61,4935.5,466.53,280.99,-123.16,-3834.94,-28590.51,1605.42,17033.16,-5868.9,173.67,-2200.33,-5695.23,-7895.56,,,,,,,,,
2891,1780.47,4262.95,4924.31,474.02,272.53,-136.42,-3881.58,-28873.58,1597.35,17049.19,-5563.98,169.95,-2530.77,-5394.04,-7924.81,,,,,,,,,
2901,1828.26,4207.09,4938.48,476.47,291.38,-112.6,-3840.76,-28714.68,1612.05,16916,-5601.46,170.2,-2398.31,-5431.26,-7829.57,,,,,,,,,
2911,1794.34,4226.89,4923.49,468.54,270.1,-136.68,-3858.85,-28744.19,1640.87,16975.65,-5618.49,169.31,-2439.84,-5449.17,-7889.01,,,,,,,,,
2921,1853.79,4352.81,4957.65,488.9,256.7,-106.94,-3847.46,-28841.19,1607.06,17002.69,-5602.6,168.46,-2275.98,-5434.15,-7710.13,,,,,,,,,
2931,1832.6,4258.28,4956.39,494.07,249.6,-109.85,-3915.14,-28747.55,1579.72,16924.27,-5573.49,168.74,-2477.6,-5404.75,-7882.35,,,,,,,,,
2941,1821.04,4232.18,4949.51,479.75,279.94,-119.63,-3829.36,-28646.26,1628.7,16964.89,-5751.24,172.06,-2239.25,-5579.18,-7818.42,,,,,,,,,
2951,1834.21,4252.07,4930.87,491.2,265.81,-126.73,-3799.62,-28651.33,1639.01,16932.95,-5704.59,168.96,-2231.55,-5535.63,-7767.18,,,,,,,,,
2961,1856.49,4328.99,4947.85,471.26,276.23,-119.05,-3834.9,-28882.17,1608.73,17027.7,-5576.82,172.09,-2318.88,-5404.73,-7723.62,,,,,,,,,
2971,1811.33,4239.59,4913.38,484.93,272.83,-110.68,-3861.52,-28711.5,1631.95,16970.93,-5681.94,172.98,-2358.75,-5508.96,-7867.72,,,,,,,,,
2981,1884.45,4206.73,4975.8,475.39,273.78,-115.94,-3803.76,-28994.19,1573.15,16960.13,-5456.17,173.51,-2564.47,-5282.66,-7847.13,,,,,,,,,
2991,1809.42,4291.58,4990.98,475.22,281.84,-119.25,-3828.18,-29068.4,1605.25,17012.43,-5415.87,167.19,-2549.12,-5248.68,-7797.8,,,,,,,,,
3001,1820.13,4286.4,4965.96,468.52,282.48,-130.37,-3865.33,-28955.89,1587.55,16970.32,-5480.37,165.98,-2570.23,-5314.39,-7884.62,,,,,,,,,
3011,1790.57,4194.6,4969.97,471.34,276.93,-131.57,-3848.38,-28936.29,1625.88,17046.24,-5508.64,167.83,-2540.72,-5340.81,-7881.53,,,,,,,,,
3021,1794.28,4283.44,4964.25,484.66,288.33,-116.18,-3901.92,-29039.17,1627.37,16956.94,-5344.44,164.54,-2658.02,-5179.9,-7837.92,,,,,,,,,
3031,1785.78,4253.02,4973.2,481.3,277.06,-97.11,-3857.86,-28940.03,1599.29,16993.65,-5462.86,168.72,-2531.7,-5294.13,-7825.83,,,,,,,,,
3041,1794.26,4196.07,4969.44,455.87,274.68,-121.48,-3857.22,-28941.51,1611.42,17084.68,-5518.22,169.15,-2533.79,-5349.07,-7882.85,,,,,,,,,
3051,1842.48,4172.15,4974.79,480.19,278.41,-142.15,-3804.45,-29015.42,1621.12,17062.6,-5492.31,172.59,-2530.27,-5319.72,-7849.99,,,,,,,,,
3061,1916.66,4299.51,4907.64,482.26,233.96,-103.19,-3858.07,-28736.85,1588.3,16995.03,-5640.4,170.85,-2274.75,-5469.55,-7744.3,,,,,,,,,
3071,1776.35,4311.22,4936.44,461.63,257.98,-113.57,-3847.08,-28895.79,1635.7,16990.83,-5598.56,171.03,-2486.3,-5427.53,-7913.83,,,,,,,,,
3081,1824.16,4257.61,4955.87,485.74,266.76,-127.55,-3848.05,-28829.73,1601.87,17018.08,-5626.88,172.3,-2395.25,-5454.58,-7849.83,,,,,,,,,
3091,1840.91,4375.9,4934.58,487.6,269.72,-128.6,-3849.84,-28878.73,1593.41,16942.93,-5553.57,168.45,-2412.13,-5385.12,-7797.25,,,,,,,,,
3101,1949.72,4226.94,4922.42,494.17,269.55,-124.93,-3832.34,-28802.64,1590.22,16959.97,-5604.36,172.03,-2346.91,-5432.33,-7779.24,,,,,,,,,
3111,1860.73,4268.56,4984.44,472.36,267.72,-87.31,-3833.42,-28874.98,1584.38,16918.79,-5531.74,167.65,-2438.73,-5364.09,-7802.82,,,,,,,,,
3121,1767.8,4242.85,4909.5,470.9,295.53,-122.55,-3860.82,-28911.93,1598.74,17088.34,-5617.38,170.18,-2521.65,-5447.2,-7968.85,,,,,,,,,
3131,1785.14,4320.76,4908.8,478.48,271.51,-124.9,-3847.29,-28987.7,1612.96,17173.44,-5528.41,169.76,-2408.79,-5358.65,-7767.45,,,,,,,,,
3141,1796.11,4302.66,4898.6,480.1,267.51,-116.26,-3888.02,-28986.81,1615.49,17066.88,-5502.94,166.17,-2563.74,-5336.77,-7900.5,,,,,,,,,
3151,1780.83,4305.45,4926.72,480.07,269.61,-115.72,-3824.97,-29069.37,1623.56,17098.03,-5483.12,168.52,-2525.77,-5314.6,-7840.37,,,,,,,,,
3161,1812.46,4253.98,4991.9,475.23,275.52,-132.58,-3848.11,-28996.47,1613.68,17105.2,-5546.38,165.28,-2449.19,-5381.1,-7830.29,,,,,,,,,
3171,1775.55,4245.3,4955.49,479.05,261.55,-118.16,-3849.7,-29004.3,1643.9,16980.75,-5412,167.76,-2630.57,-5244.24,-7874.81,,,,,,,,,
3181,1818.81,4251.89,4969.43,466.04,269.29,-105.28,-3855.55,-29028.27,1625.09,17060.01,-5487.18,170.57,-2528.52,-5316.61,-7845.13,,,,,,,,,
3191,1800.3,4200.6,4986.85,479.52,267.88,-122.9,-3768.38,-29121.39,1619.36,17080.42,-5388.23,170.05,-2577.74,-5218.18,-7795.92,,,,,,,,,
3201,1821.85,4200.37,4972.66,477.5,260.55,-111.16,-3850.73,-28978.79,1613.81,17021.52,-5460.33,168.01,-2572.43,-5292.32,-7864.75,,,,,,,,,
3211,1864.08,4214.89,4966.69,470,279.44,-125.42,-3837.01,-29059.55,1612.72,17051.83,-5414.57,168.17,-2562.34,-5246.4,-7808.74,,,,,,,,,
3221,1765.29,4220.41,4971.5,470.02,266.82,-107.59,-3863.26,-29093.73,1603.79,17113.82,-5437.7,168.2,-2652.92,-5269.5,-7922.42,,,,,,,,,
3231,1808.1,4278.17,4930.15,485.53,282.05,-91.88,-3792.52,-29237.84,1627.47,17106.68,-5325.32,167.26,-2604.1,-5158.06,-7762.15,,,,,,,,,
3241,1794.09,4239.86,4959.5,474.1,270.97,-134.31,-3820.1,-29091.45,1611.93,16990.56,-5348.58,169.09,-2704.85,-5179.49,-7884.34,,,,,,,,,
3251,1809.02,4229.67,4917.33,475.86,275.67,-122.45,-3820.3,-29107.96,1620.94,16991.88,-5312,167.34,-2730.33,-5144.66,-7874.98,,,,,,,,,
3261,1780.31,4287.1,4953.66,475.08,281.2,-134.16,-3808.76,-29015.38,1615.96,16919.59,-5399.48,170.7,-2645.42,-5228.78,-7874.2,,,,,,,,,
3271,1779.06,4324.91,4979.35,479.54,268.4,-140.45,-3830.39,-29159.76,1634.81,17097.85,-5359.59,165.17,-2566.69,-5194.42,-7761.11,,,,,,,,,
3281,1796.54,4283,4911.5,477.61,273.82,-114.85,-3829.07,-28990.07,1599.71,17013.43,-5457.17,169.22,-2578.36,-5287.95,-7866.31,,,,,,,,,
3291,1841.85,4190.34,4928.23,488.74,272.74,-98.57,-3843.42,-28913.11,1643.13,17040.44,-5509.83,169.32,-2449.63,-5340.51,-7790.14,,,,,,,,,
3301,1811.16,4233.5,4928.02,476.08,303.01,-114.15,-3878.78,-28962.52,1590.47,17092.56,-5505.5,171.12,-2520.65,-5334.38,-7855.02,,,,,,,,,
3311,1760.64,4163.46,4932.52,454.28,247.64,-94.72,-3805.18,-28896.1,1608.93,16938.7,-5461.21,172.44,-2689.83,-5288.77,-7978.6,,,,,,,,,
3321,1846.33,4328,4967.6,474.62,265.84,-92.65,-3843.42,-29083.47,1580.57,16954.95,-5348.87,169.4,-2601.63,-5179.47,-7781.1,,,,,,,,,
3331,1800.57,4335.48,4997.44,486.3,276.7,-111.59,-3843.94,-28916.95,1598.26,16879.99,-5420.1,168,-2497.73,-5252.09,-7749.83,,,,,,,,,
3341,1819.19,4304.41,4944.28,476.17,259.66,-88.92,-3848.11,-28807.94,1621.33,16982.34,-5587.96,167.79,-2337.59,-5420.17,-7757.76,,,,,,,,,
3351,1779.34,4292.66,4945.55,488.07,273.87,-95.98,-3768.05,-28810.1,1603.4,16923.06,-5550.21,172.05,-2368.17,-5378.16,-7746.33,,,,,,,,,
3361,1818.22,4273.48,4951.93,481.87,270.65,-124.87,-3764.44,-28981.98,1614.64,16937.3,-5487.02,171.82,-2523.22,-5315.2,-7838.42,,,,,,,,,
3371,1814.77,4339.11,4907.02,477.62,276.53,-135.43,-3816.6,-28618.44,1611.01,16866.52,-5680.38,172.26,-2277.89,-5508.12,-7786.01,,,,,,,,,
3381,1787.65,4287.77,4989.39,472.43,278.49,-110.08,-3834.2,-28959.44,1615.22,16967.7,-5446.95,170.27,-2505.06,-5276.68,-7781.74,,,,,,,,,
3391,1794.48,4252.15,4978.14,479.8,271.05,-111,-3833.34,-28961.16,1613.61,17011.7,-5503.4,169.38,-2504.56,-5334.02,-7838.58,,,,,,,,,
3401,1793.64,4185.11,4974.09,470.27,254,-96.08,-3854.72,-28942.43,1618.47,17054.66,-5517.13,169.76,-2542.98,-5347.37,-7890.35,,,,,,,,,
3411,1840.41,4186.44,4958.79,466.55,278.8,-111.01,-3855.16,-29007.87,1610.24,17050.93,-5445.42,166.83,-2581.87,-5278.58,-7860.46,,,,,,,,,
3421,1871.85,4262.64,4976.89,478.34,273.49,-112.68,-3804.32,-28751.5,1593.19,16916.99,-5646.64,174.51,-2295.11,-5472.12,-7767.23,,,,,,,,,
3431,1851.68,4175.76,4961.5,487.59,271.89,-87.96,-3838.22,-28890.9,1610.05,17036.78,-5572.44,171.55,-2421.83,-5400.88,-7822.72,,,,,,,,,
3441,1761.04,4207.08,4947.81,478.31,296.34,-92.1,-3805.97,-28991.19,1632.04,17019.08,-5518.71,169.39,-2547.56,-5349.32,-7896.88,,,,,,,,,
3451,1783.8,4243.33,4947.64,455.89,259.77,-142.38,-3785.61,-29001.37,1595.84,17073.18,-5501.71,169.09,-2569.9,-5332.63,-7902.52,,,,,,,,,
3461,1788.68,4217.07,4975.01,463.66,262.14,-99.49,-3848.62,-28972.61,1620.63,17042.97,-5506.15,173.94,-2550.55,-5332.2,-7882.76,,,,,,,,,
3471,1790.06,4228.45,4960.81,469.27,285.07,-119.22,-3866.14,-28848.54,1635.2,17070.88,-5579.89,170.17,-2394.16,-5409.72,-7803.88,,,,,,,,,
3481,1782.88,4209.75,4985.61,460.58,270.62,-100.95,-3855.95,-28940.41,1599.53,17028.4,-5538.84,172.68,-2559.95,-5366.16,-7926.11,,,,,,,,,
3491,1789.76,4166.73,4961.59,476.48,261.25,-130.29,-3825.52,-28931.84,1622.32,17146.77,-5540.61,171.72,-2462.77,-5368.89,-7831.66,,,,,,,,,
3501,1790.76,4289.87,4971.37,490.79,265.41,-109.99,-3825.82,-29003.14,1623.54,17143.83,-5592.95,168.91,-2363.37,-5424.04,-7787.42,,,,,,,,,
3511,1841.35,4174.37,4969.44,477.6,270.61,-123.7,-3827.28,-28977.06,1618.25,17073.56,-5539.07,174.33,-2502.86,-5364.74,-7867.6,,,,,,,,,
3521,1863.28,4185.58,4929.58,477.59,249.17,-143.21,-3806.12,-28902.11,1622.63,17006.85,-5600.27,173.49,-2516.76,-5426.77,-7943.54,,,,,,,,,
3531,1872.74,4239.88,4984.46,487.03,289.23,-109.19,-3854.77,-28982.58,1600.24,16997.5,-5465.03,169.01,-2475.48,-5296.02,-7771.5,,,,,,,,,
3541,1832.58,4247.17,4954.76,481.77,264.87,-91.18,-3844.88,-28964.43,1571.23,16971.83,-5479.74,172.34,-2576.29,-5307.4,-7883.69,,,,,,,,,
3551,1846.73,4280.61,4972.38,480.36,274.27,-134.5,-3849.48,-28766.65,1593.85,16967.45,-5608.9,170.43,-2334.98,-5438.47,-7773.46,,,,,,,,,
3561,1740.8,4269.63,4971.54,470.44,265.24,-132.4,-3809.06,-28838.6,1603.86,17014.42,-5598.53,171.4,-2444.14,-5427.13,-7871.27,,,,,,,,,
3571,1835.58,4272.49,4962.37,475.67,273.13,-115.12,-3856.43,-28848.4,1626.04,17023.5,-5570.8,173.26,-2351.18,-5397.54,-7748.72,,,,,,,,,
3581,1840.9,4265.3,4976.07,471.47,270.64,-121.47,-3857.35,-29084,1619.02,17107.92,-5435.63,166.8,-2511.5,-5268.83,-7780.33,,,,,,,,,
3591,1838.14,4291.29,4920.41,471.13,281.55,-113.89,-3864.23,-29020.59,1587.73,16972.02,-5403.51,169.88,-2636.44,-5233.63,-7870.07,,,,,,,,,
3601,1821.31,4182.7,4971.01,463.4,256.5,-111.42,-3831.49,-28970.48,1623.35,17072.64,-5509.38,170.09,-2522.49,-5339.29,-7861.78,,,,,,,,,
3611,1800.01,4245.77,4931.03,479.72,266.12,-111.01,-3871.76,-29049.02,1588.95,17009.92,-5392.11,168.74,-2710.28,-5223.37,-7933.66,,,,,,,,,
3621,1827.14,4218.07,4941.12,467.48,260.67,-153.22,-3844.78,-29081.53,1610.88,17026.9,-5391.5,167.04,-2727.27,-5224.46,-7951.73,,,,,,,,,
3631,1806.41,4272.23,4986.31,480.77,283.53,-119.6,-3857.04,-29091.52,1623.63,17103.32,-5450.58,168.26,-2511.96,-5282.32,-7794.28,,,,,,,,,
3641,1835,4299.2,4939.04,485.22,260.51,-107.23,-3865.07,-28832.98,1598.17,16932.78,-5558.89,171.37,-2455.36,-5387.51,-7842.87,,,,,,,,,
3651,1817.78,4236.47,4929.06,477.63,277.15,-130.25,-3846.84,-28814.74,1597.27,16966.58,-5577.79,166.68,-2489.91,-5411.12,-7901.02,,,,,,,,,
3661,1815.52,4259.38,4971.11,468.75,266.39,-98.46,-3804.47,-28721.07,1617.87,16946.8,-5697.2,173.58,-2278.16,-5523.62,-7801.79,,,,,,,,,
3671,1862.51,4244.64,4944.75,478.61,269.8,-92.28,-3816.06,-28745.84,1598.02,16976.7,-5730.36,176.74,-2279.14,-5553.63,-7832.77,,,,,,,,,
3681,1838.17,4240.3,5014.61,474.83,265.46,-119.81,-3814.57,-28814.94,1620.79,17088.69,-5742.55,171.04,-2206.48,-5571.51,-7777.99,,,,,,,,,
3691,1815.51,4228.61,4931.54,486,265.59,-89.87,-3827.95,-28704.11,1602.16,17042.63,-5798.74,176.19,-2249.89,-5622.55,-7872.44,,,,,,,,,
3701,1793.92,4237.13,4952.53,484.04,277.88,-131.55,-3817.41,-28750.88,1620.95,17144.65,-5806.55,173.46,-2188.73,-5633.09,-7821.82,,,,,,,,,
3711,1842.16,4196.05,4953.96,492.5,270.16,-120.53,-3795.68,-28802.52,1619.07,17073.67,-5670.19,175.21,-2271.16,-5494.98,-7766.14,,,,,,,,,
3721,1701.89,4240.37,4929.68,470.22,259.67,-127.53,-3804.71,-28836.39,1610.26,17053.08,-5617.36,172.37,-2503.48,-5444.99,-7948.46,,,,,,,,,
3731,1848.98,4239.86,4975.72,477.45,272.81,-97.17,-3826.53,-28901.6,1611.27,17059.52,-5621.77,171.08,-2339.69,-5450.7,-7790.39,,,,,,,,,
3741,1863.8,4269.47,4964.94,486.02,271.21,-110.15,-3829.8,-28831.26,1603.98,17037.06,-5630.72,175.7,-2274.73,-5455.02,-7729.75,,,,,,,,,
3751,1766.62,4265.37,4980.19,469.08,286.19,-126.65,-3819.59,-29022.32,1642.57,17140.04,-5516.29,171.57,-2418.5,-5344.72,-7763.21,,,,,,,,,
3761,1760.98,4243.06,4938.53,464.15,268.8,-128.11,-3825.86,-28878.76,1625.68,17123.17,-5665.17,172.41,-2408.34,-5492.76,-7901.1,,,,,,,,,
3771,1735.66,4223.47,4992.63,477.04,283.2,-127.98,-3770.77,-28952.56,1636.96,17113.31,-5575.92,170.66,-2389.04,-5405.27,-7794.31,,,,,,,,,
3781,1879.2,4208.78,5000.86,482.24,288.91,-109.06,-3814.44,-28921.31,1627.19,17116.61,-5652.99,171.61,-2241.02,-5481.38,-7722.39,,,,,,,,,
3791,1825.61,4345.36,4903.62,494.42,270.33,-107.28,-3747.51,-28916.12,1600.21,17077.39,-5653.1,171.14,-2253.96,-5481.95,-7735.91,,,,,,,,,
3801,1797.89,4239.68,4946.35,473.78,265.06,-105.01,-3848.76,-28794.04,1608.09,17085.12,-5664.13,171.5,-2331.85,-5492.62,-7824.47,,,,,,,,,
3811,1843.81,4199.85,4945.37,475.42,265.76,-117.01,-3829.7,-28963.81,1606.27,17150.7,-5645.76,175.1,-2423.35,-5470.65,-7894,,,,,,,,,
3821,1758.16,4268.14,4937.62,476.28,251.23,-135,-3815.44,-28859.65,1591.8,17159.65,-5705.15,172.13,-2367.2,-5533.02,-7900.22,,,,,,,,,
3831,1842.29,4226.25,4943.51,476.38,256.2,-107.31,-3861.82,-28770.39,1625.02,17083.07,-5723.2,173.6,-2286.8,-5549.6,-7836.4,,,,,,,,,
3841,1784.22,4210.53,4937.26,474.57,275.8,-101.11,-3794.64,-28920.72,1607.72,17108.39,-5647.31,176.81,-2417.98,-5470.5,-7888.49,,,,,,,,,
3851,1852.84,4260.55,4974.76,473,290.63,-147.22,-3799.89,-28842.94,1585.67,17083.88,-5702.81,173.83,-2268.72,-5528.99,-7797.7,,,,,,,,,
3861,1845.36,4207.12,4928.19,468.77,277.4,-127.02,-3838.71,-28923.6,1629.23,17182.21,-5668.98,173.59,-2351.04,-5495.39,-7846.43,,,,,,,,,
3871,1808.64,4289.71,4979.16,474.82,252.07,-138.6,-3828.23,-28882.03,1620.26,17177.8,-5700.29,171.15,-2246.41,-5529.14,-7775.55,,,,,,,,,
3881,1894.02,4267.18,4970.41,470.7,285.56,-138.52,-3825.5,-28685.04,1598.48,17028.11,-5745.29,174.72,-2134.6,-5570.57,-7705.17,,,,,,,,,
3891,1842.49,4186.52,4946.5,471.73,279.66,-128.25,-3806.28,-28912.21,1618.78,17287.89,-5728.8,172.62,-2213.16,-5556.17,-7769.34,,,,,,,,,
3901,1780.9,4255.15,4966.97,479.58,284.81,-135,-3785.08,-28914.77,1621.47,17197.05,-5682.45,177.69,-2248.92,-5504.75,-7753.67,,,,,,,,,
3911,1772.72,4263.24,4947.85,481.68,275.5,-143.88,-3806.81,-28883.21,1648.05,17054.34,-5615.66,171.27,-2390.51,-5444.4,-7834.91,,,,,,,,,
3921,1828.38,4347.84,4982.45,488.91,263.51,-138.6,-3856.81,-28944.83,1558.45,17080.54,-5561.91,170.8,-2390.15,-5391.11,-7781.26,,,,,,,,,
3931,1778.86,4254.57,4957.55,492.66,288.37,-115.33,-3838.27,-28599.32,1588.97,16953.8,-5821.19,172.5,-2238.14,-5648.69,-7886.83,,,,,,,,,
3941,1812.09,4293.9,4958.25,471.31,281.53,-115.68,-3789.18,-28674.84,1591.67,17110.8,-5845.78,177.44,-2060.16,-5668.34,-7728.49,,,,,,,,,
3951,1830.25,4195.88,4969.8,471.3,257.72,-112.3,-3804.74,-28571.93,1631.19,16987.56,-5850.18,174.02,-2145.27,-5676.17,-7821.44,,,,,,,,,
3961,1896.79,4296.63,4995.17,471.62,263.58,-148.06,-3808.43,-28842.37,1594.7,16972.74,-5649.12,172.24,-2307.62,-5476.88,-7784.49,,,,,,,,,
3971,1805.05,4240.52,4948.26,474.16,274.21,-132.76,-3845.4,-28897.92,1625.37,17161.4,-5699.32,173.5,-2347.1,-5525.82,-7872.92,,,,,,,,,
3981,1827.19,4271.93,4944.29,478.56,258.49,-110.37,-3837.62,-28674.63,1573.84,17006.28,-5787.06,174.59,-2262.02,-5612.47,-7874.49,,,,,,,,,
3991,1760.43,4209.32,4996.35,477.42,268.59,-144.5,-3814.88,-28871.18,1662.87,17186.58,-5720.13,174.38,-2268.99,-5545.76,-7814.74,,,,,,,,,
4001,1849.72,4245.09,4976.62,480.67,273.72,-111.42,-3862.75,-28895.53,1582.18,17147.01,-5686.47,173.41,-2314.71,-5513.06,-7827.77,,,,,,,,,
4011,1836.97,4283.94,4982.42,481.51,254.56,-109.96,-3846.18,-28694.58,1635.29,17034.62,-5810.98,175.15,-2141.42,-5635.83,-7777.24,,,,,,,,,
4021,1816,4312.1,4956.08,476.77,259.52,-119.63,-3865.53,-28676.5,1604.24,17039.27,-5750.18,172.74,-2197.69,-5577.44,-7775.13,,,,,,,,,
4031,1811.33,4257.76,4930.26,468.79,292.01,-116.08,-3768.82,-28905.07,1611.76,17135.1,-5722.79,177.46,-2282.96,-5545.34,-7828.3,,,,,,,,,
4041,1818.56,4259.52,4955.94,477.19,289.01,-114.8,-3830.18,-28801.38,1618.98,17168.92,-5737.19,170.68,-2158.24,-5566.51,-7724.75,,,,,,,,,
4051,1769.21,4235.71,4953.68,477.06,282.66,-124.52,-3839.91,-28863.6,1600.15,17138.03,-5693.65,173.48,-2371.53,-5520.18,-7891.71,,,,,,,,,
4061,1755.92,4227.11,4981.42,466.48,260.89,-135.68,-3794.28,-28887.71,1643.95,17157.12,-5684.24,173.38,-2324.79,-5510.87,-7835.66,,,,,,,,,
4071,1850.12,4195.62,4945.68,481.55,267.82,-127.23,-3814.66,-28765.64,1615.44,17094.32,-5779.54,174.05,-2256.99,-5605.49,-7862.48,,,,,,,,,
4081,1851.67,4299.39,4922.01,485.32,276.51,-116.21,-3772.68,-28665.36,1601.49,16921.04,-5800.35,178.84,-2196.83,-5621.51,-7818.34,,,,,,,,,
4091,1773.42,4277.52,4994.22,479.55,256.44,-131.09,-3761.5,-28819.39,1638.52,17062.69,-5732.72,176.62,-2229.62,-5556.1,-7785.72,,,,,,,,,
4101,1802.92,4249.93,4949.89,484.3,268.81,-109.9,-3791.78,-28734.75,1585.07,17007.58,-5727.35,176.48,-2287.92,-5550.87,-7838.79,,,,,,,,,
4111,1821.58,4251.1,4993.41,474.11,288.22,-124.23,-3808.13,-28632.54,1590.16,17038.83,-5833.01,176.79,-2107.48,-5656.22,-7763.7,,,,,,,,,
4121,1834.3,4211.3,4956.34,498.47,266.62,-116.29,-3831.51,-28746.43,1639.31,16988.87,-5692.33,177.34,-2299.02,-5514.99,-7814.01,,,,,,,,,
4131,1771.42,4204.52,4978.27,473.49,290.62,-129.64,-3859.1,-28770.06,1611.82,17012.41,-5655.09,170.16,-2416.24,-5484.93,-7901.17,,,,,,,,,
4141,1803.92,4276.69,4942.48,471.89,241.14,-114.57,-3839.4,-28920.65,1598.93,17066.72,-5488.94,172.82,-2472.85,-5316.12,-7788.98,,,,,,,,,
4151,1759.18,4264.86,4948.96,467.22,269.2,-112.99,-3799,-28521.22,1627.57,16939.88,-5842.14,176.44,-2156.34,-5665.7,-7822.03,,,,,,,,,
4161,1815.88,4302.23,4948.14,486.98,279.51,-137.41,-3791.96,-28561.11,1612.5,16982.9,-5845.1,178.71,-2062.34,-5666.39,-7728.74,,,,,,,,,
4171,1753.94,4200.9,4976.6,476.52,290.36,-116.85,-3798.73,-28546.2,1624.4,17064.54,-5907.73,175.45,-2074.51,-5732.28,-7806.8,,,,,,,,,
4181,1854.85,4217.77,4985.97,470.24,256.75,-133.78,-3819.41,-28645.51,1613.63,17064.53,-5863.55,172.16,-2134.95,-5691.39,-7826.34,,,,,,,,,
4191,1800.1,4227.56,4979.72,489.46,280,-108.91,-3843.63,-28504,1601.17,17129.65,-5974.71,175.29,-1948.88,-5799.42,-7748.3,,,,,,,,,
4201,1776.99,4245.33,4967.21,493.75,268.38,-98.07,-3797.74,-28637.9,1642.92,17138.79,-5877.1,175.39,-2000.34,-5701.71,-7702.05,,,,,,,,,
4211,1834.55,4228.27,4963.23,468.43,282.15,-139.45,-3773.88,-28491.52,1634.28,17079.83,-6009.13,176.18,-1914.12,-5832.95,-7747.07,,,,,,,,,
4221,1807.68,4275.46,4987.92,475.09,290.48,-123.28,-3814.5,-28585.59,1621.26,17020.71,-5879.88,177.02,-2044.76,-5702.86,-7747.62,,,,,,,,,
4231,1768.6,4250.78,4978.23,462.5,246.58,-137.9,-3796.03,-28712.09,1634.09,17059.91,-5781.18,173.08,-2245.31,-5608.1,-7853.41,,,,,,,,,
4241,1852.59,4281.92,4958.02,462.03,280.12,-112.37,-3828.95,-28570.21,1592.95,17000.01,-5878.16,177.54,-2083.89,-5700.62,-7784.51,,,,,,,,,
4251,1822.67,4263.84,5008.58,477.52,275.93,-123.5,-3759.6,-28761.53,1602.39,17052.1,-5769.79,177.74,-2141.6,-5592.05,-7733.65,,,,,,,,,
4261,1831.61,4136.67,4965.83,472.61,275.81,-136.18,-3767.47,-28848.66,1610.59,17048.49,-5626.43,173.83,-2410.7,-5452.59,-7863.29,,,,,,,,,
4271,1779.8,4255.67,4978.2,475.82,274.49,-97.09,-3825.88,-28804.09,1607.85,17098.06,-5745.32,172.4,-2257.17,-5572.92,-7830.09,,,,,,,,,
4281,1835.61,4280.11,4992.27,465.28,269.31,-117.49,-3775.81,-28679.16,1603.44,16944.63,-5776.06,174.76,-2181.8,-5601.3,-7783.1,,,,,,,,,
4291,1791.35,4234.68,4962.6,480.13,273.04,-114.22,-3816.91,-28733.39,1622.79,17007.22,-5751.59,175.27,-2292.72,-5576.32,-7869.04,,,,,,,,,
4301,1731.75,4347.6,4914.14,473.6,266.29,-87.81,-3803.79,-28584.38,1625.45,17165.95,-5978.97,179.5,-1951.21,-5799.47,-7750.67,,,,,,,,,
4311,1819.01,4162.09,4944.25,466.34,290.98,-143.16,-3760.14,-28552.04,1600.56,17083.09,-5966.19,179.68,-2089.02,-5786.51,-7875.53,,,,,,,,,
4321,1870.07,4208.87,4985.05,472.93,287.13,-86.39,-3803.09,-28560.41,1615,17109.58,-5961.79,176.22,-1901.26,-5785.57,-7686.83,,,,,,,,,
4331,1820.28,4163.86,4958.14,458.68,268.35,-123.05,-3784.35,-28725.64,1631.62,17182.25,-5859.26,179.1,-2149.85,-5680.16,-7830.01,,,,,,,,,
4341,1851.51,4239.11,4997.44,467.24,283,-112.42,-3804.38,-28512.03,1586.62,17010.34,-5964.06,175.52,-1993.57,-5788.54,-7782.11,,,,,,,,,
4351,1826.61,4223.02,4927.42,467.82,261.98,-90.66,-3752.31,-28712.27,1599.74,17122.21,-5891.22,178.11,-2126.44,-5713.11,-7839.54,,,,,,,,,
4361,1910.18,4318.69,4965.83,481.99,270.3,-119.94,-3843.37,-28802.34,1584.31,17125.32,-5746.46,172.66,-2109.04,-5573.8,-7682.84,,,,,,,,,
4371,1786.14,4204.99,4928.71,467.52,267.69,-117.4,-3849.85,-28600.9,1608.31,17106.48,-5889.12,173.75,-2198.31,-5715.37,-7913.68,,,,,,,,,
4381,1798.16,4333.93,4955.26,483.29,267.69,-99.18,-3840.22,-28683.49,1589.74,17112.68,-5845.56,175.73,-2082.14,-5669.82,-7751.96,,,,,,,,,
4391,1764.29,4275.52,4947.65,473.98,274.76,-113.95,-3775.4,-28796.07,1623.79,17120.11,-5831.05,176.29,-2205.31,-5654.77,-7860.08,,,,,,,,,
4401,1795.18,4180.13,4970.08,465.97,280.57,-137.03,-3872.8,-28709.08,1593.44,17152.99,-5803.77,171.84,-2280.55,-5631.93,-7912.48,,,,,,,,,
4411,1779.71,4244.12,4931.04,473.35,254.06,-145.31,-3838.9,-28577.85,1583.46,17047.02,-5867.63,177.04,-2249.3,-5690.59,-7939.88,,,,,,,,,
4421,1831.28,4295.24,4959.93,485.72,277.06,-128.38,-3765,-28723.9,1633.64,17053.4,-5772.94,178.39,-2081.02,-5594.55,-7675.57,,,,,,,,,
4431,1802.59,4244.91,4975.35,466.83,263.85,-139.62,-3798.93,-28524.3,1590.04,17019.44,-5933.44,176.52,-2099.84,-5756.91,-7856.75,,,,,,,,,
4441,1853.06,4331.05,4992.5,491.37,274.5,-118.22,-3844.54,-28674.92,1585.74,17028.65,-5826.89,173.79,-2080.8,-5653.1,-7733.91,,,,,,,,,
4451,1866.88,4259.88,4943.96,482.96,261.25,-116.67,-3814.09,-28728.68,1604.36,17137.88,-5803.53,176.63,-2102.27,-5626.89,-7729.17,,,,,,,,,
4461,1797.72,4290.49,4970.53,492.9,258.75,-137.12,-3794.83,-28816.48,1634.98,17161.02,-5811.68,176.99,-2142.04,-5634.69,-7776.72,,,,,,,,,
4471,1746.79,4249.09,4966.88,472.71,281.46,-129.67,-3835.67,-28725.02,1609.99,17185.48,-5841.86,178.21,-2177.94,-5663.64,-7841.58,,,,,,,,,
4481,1781.8,4256.42,4995.46,469.01,259.7,-135.39,-3870.88,-28688.84,1597.74,17043.57,-5783.77,168.81,-2291.39,-5614.96,-7906.35,,,,,,,,,
4491,1843.49,4335.62,4960.42,479.37,263.29,-155.47,-3835.89,-28693.32,1592.4,17116.83,-5823.65,176.53,-2093.25,-5647.12,-7740.37,,,,,,,,,
4501,1711.01,4237.71,5008.07,463.59,275.64,-128.62,-3839.42,-28656.97,1616.16,17133.68,-5874.24,177.84,-2179.13,-5696.4,-7875.53,,,,,,,,,
4511,1765.94,4217.42,4963.82,476.15,273.06,-113.7,-3764.47,-28711.51,1631.09,17160.34,-5883.29,181.26,-2101.87,-5702.03,-7803.9,,,,,,,,,
4521,1837.69,4289.67,4938.67,486.87,270.6,-115.81,-3763.71,-28756.05,1647.4,17172.95,-5850.91,177.06,-1991.72,-5673.85,-7665.57,,,,,,,,,
4531,1828.27,4234.6,4934.39,499.1,257.57,-103.65,-3850.41,-28590.9,1589.69,17069.89,-5866.05,176.81,-2131.46,-5689.24,-7820.7,,,,,,,,,
4541,1840.82,4227.37,5025.46,475.43,269.95,-104.53,-3848.9,-28796.79,1589.56,17058.85,-5663.65,174.37,-2262.78,-5489.27,-7752.05,,,,,,,,,
4551,1726.71,4213.93,4958.43,472.73,279.37,-118.31,-3826.19,-28771.31,1620.21,17189.22,-5811.39,180.32,-2255.21,-5631.07,-7886.28,,,,,,,,,
4561,1852.49,4294.14,4946.48,488.04,269.88,-128.71,-3823.97,-28615.5,1623.59,17035.64,-5836.33,176.63,-2057.92,-5659.7,-7717.62,,,,,,,,,
4571,1851.92,4222.37,4978.88,481.59,271.93,-150.81,-3819.59,-28445.61,1617.47,16989.07,-5944.24,180.77,-2002.77,-5763.46,-7766.24,,,,,,,,,
4581,1807.45,4286.43,4995.01,490.53,260.33,-127.27,-3851.41,-28632.5,1614.88,16998.1,-5804.75,172.29,-2158.44,-5632.46,-7790.9,,,,,,,,,
4591,1854.33,4309.07,4964.87,465.09,261.82,-166.78,-3813.8,-28744.96,1629.92,16998.61,-5742.8,174.11,-2241.82,-5568.69,-7810.51,,,,,,,,,
4601,1828.53,4251.76,4981.59,468.46,270.22,-119,-3797.19,-28742.8,1636.27,17086.28,-5796.66,177.27,-2135.88,-5619.39,-7755.27,,,,,,,,,
4611,1807.36,4283.54,4930.76,486.61,273.82,-109.34,-3793.55,-28558.83,1621.01,17108.09,-5947.76,179.01,-1950.54,-5768.75,-7719.29,,,,,,,,,
4621,1811.34,4261.9,4937.73,475.68,280.44,-142.91,-3754.12,-28672.66,1614.11,17079.82,-5801.7,179.89,-2108.68,-5621.81,-7730.49,,,,,,,,,
4631,1873.81,4292.69,5023.98,487.34,281.6,-134.33,-3755.95,-28516.22,1596.73,16967.88,-5970.05,182.19,-1882.47,-5787.86,-7670.33,,,,,,,,,
4641,1804.39,4250.37,4951.39,473.27,284.26,-142.35,-3794.78,-28691.4,1605.89,17081.24,-5821.9,175.69,-2177.72,-5646.2,-7823.92,,,,,,,,,
4651,1814.52,4281.62,4975.03,493.22,263.04,-142.13,-3848.91,-28577.74,1596.3,17053.42,-5846.9,176.72,-2091.63,-5670.18,-7761.82,,,,,,,,,
4661,1793.73,4254.23,4935.05,487.27,266.6,-138.03,-3809.46,-28686.88,1581.23,17104.85,-5862.1,179.26,-2211.41,-5682.85,-7894.25,,,,,,,,,
4671,1858,4258.26,4938.88,485.47,262.6,-131.6,-3780.36,-28814.02,1623.86,17064.25,-5676.41,175.15,-2234.67,-5501.26,-7735.93,,,,,,,,,
4681,1723.11,4355.63,4943.9,496.02,256.38,-117.6,-3835.26,-28626.61,1632.37,17061.54,-5808.12,176.73,-2110.52,-5631.39,-7741.91,,,,,,,,,
4691,1771.2,4297.51,4950.78,475.19,282.14,-119.21,-3759.92,-28901.3,1657.82,17158.15,-5733.57,176.55,-2187.65,-5557.02,-7744.67,,,,,,,,,
4701,1848.52,4306.66,4985.74,484.16,272.09,-136.33,-3817.74,-28601.52,1608.78,17018.72,-5847.2,180.05,-2030.93,-5667.15,-7698.08,,,,,,,,,
4711,1873.89,4293.26,4947.45,492.79,253.62,-137.62,-3753.65,-28570.71,1604.42,17021.43,-5893.13,178.96,-1975.12,-5714.18,-7689.29,,,,,,,,,
4721,1789.32,4234.3,4960.02,483.62,272.46,-157.58,-3781.12,-28426.94,1632.05,17066.62,-5981.47,182.05,-1927.25,-5799.42,-7726.67,,,,,,,,,
4731,1832.84,4256.68,4943.81,489.51,282.88,-141.32,-3782.17,-28497.43,1630.23,16911.61,-5894.61,179.07,-2073.34,-5715.54,-7788.88,,,,,,,,,
4741,1822.4,4312.66,4948.32,488.65,262.9,-123.38,-3822.32,-28669.19,1571.78,17112.2,-5822.34,177.36,-2095.99,-5644.98,-7740.97,,,,,,,,,
4751,1834.11,4256.16,5009.86,465,284.48,-103.49,-3812.67,-28590.06,1627.56,17101.34,-5902.46,176.33,-1927.7,-5726.13,-7653.82,,,,,,,,,
4761,1820.11,4200.36,4959.07,479.7,260.31,-163.49,-3839.1,-28546.95,1577.5,17049.42,-5882.26,176.56,-2203.06,-5705.7,-7908.76,,,,,,,,,
4771,1810.23,4263.66,4979.74,478.4,258.12,-140.3,-3789.33,-28757.98,1602.07,17066.21,-5752.36,174.54,-2229.18,-5577.82,-7807,,,,,,,,,
4781,1790.87,4260.21,4951.43,462.71,260.47,-130.59,-3832.86,-28553.74,1628.26,16995.66,-5823.92,178.13,-2167.6,-5645.79,-7813.38,,,,,,,,,
4791,1804.72,4254.85,5002.5,482.93,242.11,-123.24,-3792,-28746.26,1629.03,16984.78,-5696.6,174.44,-2260.58,-5522.16,-7782.73,,,,,,,,,
4801,1876.27,4247.16,5035.54,484.38,263.64,-132.35,-3807.26,-28708.91,1596.84,17117.21,-5824.52,180.33,-2027.47,-5644.19,-7671.66,,,,,,,,,
4811,1792.82,4282.9,4964.19,463.23,255.78,-132.47,-3791.95,-28778.11,1600.91,17178.92,-5750.32,177.59,-2163.79,-5572.73,-7736.52,,,,,,,,,
4821,1839.57,4292.79,5003.5,482.88,286.04,-149.21,-3851.08,-28479.39,1619.84,16960.74,-5892.05,179.4,-1994.31,-5712.65,-7706.96,,,,,,,,,
4831,1812.32,4264.17,4961.54,458.21,269.55,-118.74,-3740.94,-28497.31,1602.55,17061.16,-5980.71,181.54,-1927.5,-5799.17,-7726.67,,,,,,,,,
4841,1805.69,4246.54,4972.85,472.19,274.57,-106.8,-3832.7,-28530.39,1623.05,17109.11,-5926.89,178.39,-1965.89,-5748.5,-7714.39,,,,,,,,,
4851,1768.25,4242.41,4994.89,480.9,271.73,-140.14,-3844.69,-28469.66,1634.04,17126.27,-6000.46,179.13,-1936.01,-5821.33,-7757.34,,,,,,,,,
4861,1821.8,4266.87,4964.9,481.86,280.24,-132.47,-3823.11,-28582.38,1617.66,17031.84,-5873.08,178.06,-2072.79,-5695.02,-7767.81,,,,,,,,,
4871,1798.23,4299.39,4950.87,489.44,275.25,-114.35,-3801.99,-28392.87,1588.68,16939.18,-5970.07,181.34,-1968.17,-5788.73,-7756.9,,,,,,,,,
4881,1828.44,4204.45,5016.46,473.72,266.12,-104.4,-3778.11,-28538.06,1581.11,17145.37,-5966.06,178.89,-1904.9,-5787.17,-7692.07,,,,,,,,,
4891,1762.73,4179.34,4921.5,472.18,252.78,-130.73,-3812.82,-28610.47,1605.59,17014.82,-5830.58,175.19,-2345.1,-5655.4,-8000.49,,,,,,,,,
4901,1785.46,4245.29,4983.73,477.45,264.98,-84.53,-3829.96,-28583.36,1595.56,17027.81,-5848.68,173.82,-2117.56,-5674.86,-7792.41,,,,,,,,,
4911,1881.49,4246.05,4948.04,475.35,279.42,-93.13,-3788.87,-28649.57,1612.44,16997.1,-5856.29,176.67,-2091.68,-5679.62,-7771.3,,,,,,,,,
4921,1821.88,4227.39,4930.41,485.8,270.38,-115.37,-3796.15,-28671.73,1630.53,17084.5,-5844.85,177.06,-2132.36,-5667.79,-7800.14,,,,,,,,,
4931,1865.18,4220.26,4961.09,489.04,271.7,-123.35,-3773.52,-28709.55,1601.42,17123.36,-5821.17,179.49,-2074.38,-5641.68,-7716.06,,,,,,,,,
4941,1851.93,4270.63,4922.34,505.02,261.48,-113.6,-3780.89,-28834.75,1618.2,17042.95,-5688.04,179.87,-2256.69,-5508.17,-7764.86,,,,,,,,,
4951,1762.82,4237.22,4995.22,486.65,268.35,-141.55,-3800.37,-28786.33,1620.49,17079.96,-5744.57,175.97,-2277.54,-5568.6,-7846.13,,,,,,,,,
4961,1744.36,4255.52,4949.27,476.23,281.06,-111.76,-3791.96,-28498.94,1592.64,17081.74,-5998.56,180.78,-2021.84,-5817.78,-7839.63,,,,,,,,,
4971,1802.45,4176.45,4918.4,474.98,269.24,-114.44,-3784.3,-28614.45,1599.92,17127.56,-5919.76,180.37,-2144.19,-5739.38,-7883.57,,,,,,,,,
4981,1837.74,4198.69,4968.06,482.49,265.99,-95.91,-3821.34,-28492.15,1606.16,17028.05,-5960.46,179.33,-2022.22,-5781.13,-7803.35,,,,,,,,,
4991,1810.63,4169.07,4956.84,476.82,274.87,-120.33,-3800.86,-28639.55,1614.84,17133.61,-5901.64,176.85,-2124.07,-5724.8,-7848.86,,,,,,,,,
5001,1874.3,4221.64,4995.21,469.55,286.31,-153.68,-3790.24,-28674.7,1612.34,17066.64,-5880.01,179.76,-2092.62,-5700.25,-7792.87,,,,,,,,,
5011,1850.33,4248.81,4983.37,476.9,286.64,-155.11,-3745.51,-28490.63,1617.14,17005.42,-5973.82,184.43,-1922.63,-5789.39,-7712.02,,,,,,,,,
5021,1872.05,4305.11,5000.36,493.5,275.94,-116.79,-3788.27,-28787.36,1649.04,17070.71,-5767.5,177.71,-2025.71,-5589.79,-7615.5,,,,,,,,,
5031,1737.01,4175.23,4956.91,469.09,271.76,-115.83,-3766.82,-28740.52,1621.4,17158.59,-5828.28,179.01,-2233.19,-5649.27,-7882.46,,,,,,,,,
5041,1758.51,4256.76,4940,478.85,284.26,-132.18,-3797.3,-28705.51,1616.84,17051.83,-5753.99,182.63,-2247.95,-5571.36,-7819.3,,,,,,,,,
5051,1791.12,4214.58,4933.08,477.37,266.34,-83.71,-3769.06,-28523.56,1651.96,17082.03,-6011.97,179.18,-1959.85,-5832.79,-7792.64,,,,,,,,,
5061,1825.98,4192.24,4994.1,474.24,305.45,-140.89,-3767.94,-28745.9,1622.22,17133.38,-5868.14,176.07,-2107.12,-5692.07,-7799.19,,,,,,,,,
5071,1832.52,4251.86,4970.85,480.5,274.73,-123.05,-3758.67,-28676.57,1624.19,17123.09,-5888.42,176.98,-2000.54,-5711.44,-7711.98,,,,,,,,,
5081,1811.91,4256.65,4963.97,502.25,259.03,-124.86,-3830.17,-28702.92,1586.19,17118.11,-5841.07,176.95,-2159.84,-5664.12,-7823.96,,,,,,,,,
5091,1858.74,4232.28,4952.72,472.26,265.36,-109.97,-3797.04,-28604.37,1599.5,17043.07,-5891.45,177.31,-2087.46,-5714.14,-7801.6,,,,,,,,,
5101,1848.48,4322.55,4957.7,485.32,300.67,-118.53,-3803.89,-28658.72,1578.86,17065.49,-5873.27,180.04,-2022.06,-5693.22,-7715.29,,,,,,,,,
5111,1800.72,4244.67,4923.52,478.55,262.52,-98.31,-3812.13,-28734.85,1632.34,17068.88,-5768.26,174.13,-2234.1,-5594.13,-7828.23,,,,,,,,,
5121,1831.71,4273.86,4946.92,479.27,265.39,-120.59,-3797.79,-28677.64,1596.41,17051.3,-5850.33,176.63,-2151.15,-5673.69,-7824.85,,,,,,,,,
5131,1841.31,4280.2,4984.4,491.27,278.56,-137.53,-3850.1,-28607.05,1603.63,17082.1,-5908.74,177.4,-2033.19,-5731.34,-7764.53,,,,,,,,,
5141,1837.53,4318.18,4960.69,474.42,256.71,-110.84,-3775.69,-28519.19,1554.22,16974.92,-5890.8,177.51,-2029.06,-5713.28,-7742.34,,,,,,,,,
5151,1774.64,4203.16,4926.35,483.95,252.19,-126.05,-3782.53,-28681.57,1614.51,17128.59,-5853.42,177.27,-2206.76,-5676.15,-7882.91,,,,,,,,,
5161,1883.15,4211,4913.66,477.57,256.2,-130.1,-3797.21,-28564.97,1598.57,17071.74,-5944.74,176.86,-2080.39,-5767.88,-7848.27,,,,,,,,,
5171,1836.11,4277.73,4895.33,497.92,266.98,-114.68,-3815.64,-28588.35,1624.09,17052.62,-5918.64,174.65,-2067.89,-5743.99,-7811.88,,,,,,,,,
5181,1830.5,4308.96,4859.64,480.3,263.56,-114.94,-3813.13,-28636.5,1578.47,17020.7,-5861.89,175.79,-2222.43,-5686.09,-7908.52,,,,,,,,,
5191,1803.53,4244.11,4963.44,493.23,267.23,-108.54,-3844.47,-28709.99,1629.03,17123.07,-5841.49,175.05,-2139.35,-5666.43,-7805.79,,,,,,,,,
5201,1767.39,4233.3,4947.64,472.26,282.07,-121.79,-3803.39,-28824.13,1596.85,17045.36,-5721.03,176.64,-2404.44,-5544.39,-7948.83,,,,,,,,,
5211,1818.38,4271.85,4974.8,485.27,269.39,-145.83,-3758.89,-28759.65,1616.61,17070.26,-5780.12,176.07,-2157.81,-5604.05,-7761.85,,,,,,,,,
5221,1791.47,4254.06,4929.55,469.32,276.72,-112.82,-3822.03,-28773.58,1609.64,17134.08,-5801.58,174.99,-2243.6,-5626.59,-7870.19,,,,,,,,,
5231,1732.21,4269.71,4987.84,471.37,260.5,-139.65,-3827.37,-28705.81,1648.7,17068.51,-5815.19,173.76,-2234.01,-5641.44,-7875.45,,,,,,,,,
5241,1792.11,4317.36,5001.52,495.8,274.39,-125.06,-3835.58,-28683.92,1592.96,17133.12,-5861.55,176.07,-2037.29,-5685.49,-7722.77,,,,,,,,,
5251,1805.66,4266.64,4911.95,495.61,280.45,-118.64,-3783.27,-28688.17,1600.66,17028.27,-5865.1,178.36,-2200.84,-5686.74,-7887.57,,,,,,,,,
5261,1880.19,4327.67,4959.12,478.88,253.9,-130.92,-3778.78,-28853.05,1605.51,17010.7,-5640.3,171.6,-2246.78,-5468.7,-7715.48,,,,,,,,,
5271,1878.14,4292.19,5016,477.63,259.95,-123.72,-3817.5,-28623.46,1528.05,16974.09,-5831.77,175.5,-2138.64,-5656.27,-7794.91,,,,,,,,,
5281,1797.41,4272.64,4929.14,471.4,281.7,-122.1,-3820.27,-28904.59,1628.53,17135.28,-5667.75,173.33,-2330.88,-5494.42,-7825.3,,,,,,,,,
5291,1830.24,4167.26,4970.7,481.22,274.73,-107.32,-3795.51,-28921.02,1622.42,17188.83,-5710.74,172.31,-2288.47,-5538.43,-7826.9,,,,,,,,,
5301,1783.44,4295.66,4938.99,468.23,262.44,-116.89,-3860.16,-28792.97,1598.6,17133.53,-5731.07,172.17,-2289.13,-5558.9,-7848.03,,,,,,,,,
5311,1749.2,4208.03,4969.93,484.92,249.26,-126.3,-3802.52,-28799.19,1638.96,17148.95,-5815.83,177,-2278.76,-5638.83,-7917.59,,,,,,,,,
5321,1821.5,4255.3,4955.27,475.51,270.74,-113.62,-3777.71,-28766.59,1613.26,17029.54,-5767.51,174.08,-2236.81,-5593.42,-7830.24,,,,,,,,,
5331,1817.17,4277.9,4962.67,491.6,273.25,-111.73,-3815.11,-28734.69,1594.75,17152.25,-5873.2,174.76,-2091.94,-5698.44,-7790.38,,,,,,,,,
5341,1777.26,4174.72,4962.59,476.61,277.43,-118.99,-3846.52,-28791.69,1622.48,17260.72,-5844.03,172.64,-2205.4,-5671.39,-7876.8,,,,,,,,,
5351,1837.37,4392.28,4927.88,478.96,279.67,-128.93,-3807.42,-28650.78,1570.82,17047.81,-5822.94,175.89,-2052.35,-5647.05,-7699.4,,,,,,,,,
5361,1863.09,4301.5,4931.74,485.06,271.54,-115.98,-3842.64,-28815.82,1633.6,17056.76,-5679,170.45,-2231.14,-5508.55,-7739.69,,,,,,,,,
5371,1806.2,4297.53,4947.52,490.46,264.7,-120.64,-3839.42,-28818.41,1616.87,17095.51,-5718.39,173.95,-2259.68,-5544.44,-7804.11,,,,,,,,,
5381,1843.13,4242.19,4985.32,469.2,297.02,-138.14,-3841.48,-28735.11,1606.8,17070.81,-5760.82,174.54,-2200.26,-5586.29,-7786.54,,,,,,,,,
5391,1848.36,4224.51,4924.36,485.52,287.61,-119.15,-3794.57,-28752.64,1593.71,17028.05,-5777.4,173.86,-2274.24,-5603.54,-7877.79,,,,,,,,,
5401,1808.72,4258.19,4949.47,475.07,256.64,-120.58,-3818.99,-28752.89,1614.8,17133.49,-5810.29,170.54,-2196.08,-5639.76,-7835.84,,,,,,,,,
5411,1850.31,4257.35,4918.22,471.87,262.98,-105.76,-3816.26,-28639.8,1599.26,17015.56,-5881.06,176.95,-2186.26,-5704.11,-7890.37,,,,,,,,,
5421,1880.87,4288.74,4925.3,488.49,248.11,-135.82,-3845.24,-28563.78,1596.4,17101.13,-5966.67,175.19,-2015.8,-5791.48,-7807.27,,,,,,,,,
5431,1800.46,4265.99,4973.54,486.82,271.76,-137.26,-3790.16,-28553.19,1623.73,17003.5,-5938,178.36,-2054.81,-5759.64,-7814.45,,,,,,,,,
5441,1864.2,4306.54,4956.92,481.75,263,-141.2,-3834.21,-28647.5,1596.98,17122.82,-5902.57,177.22,-2030.7,-5725.34,-7756.04,,,,,,,,,
5451,1909.89,4293.39,4928.27,491.04,264.28,-104.63,-3809.9,-28642.49,1581.28,17056.08,-5862.26,173.17,-2032.78,-5689.09,-7721.87,,,,,,,,,
5461,1820.31,4303.64,4947.62,486.09,281.52,-114.39,-3820.96,-28604.69,1623.83,17052.52,-5916.41,178,-2024.51,-5738.4,-7762.91,,,,,,,,,
5471,1856.01,4309.72,4926.84,494.83,256.77,-128.45,-3844,-28684.51,1612.79,17049.36,-5852.48,173.65,-2150.65,-5678.82,-7829.48,,,,,,,,,
5481,1839.91,4173.99,4950.51,481.66,270.74,-124.46,-3842.29,-28670.67,1614.73,17068.88,-5844.12,173.73,-2236.98,-5670.38,-7907.37,,,,,,,,,
5491,1871.25,4261.96,4948.67,479.55,284.79,-123.54,-3852.42,-28785.45,1596.79,17107.88,-5781.2,174.8,-2210.52,-5606.4,-7816.92,,,,,,,,,
5501,1809.36,4298.77,5000.81,480.53,271.54,-133.56,-3800.34,-28747.79,1596.26,17149.56,-5840.7,176.46,-2074.86,-5664.24,-7739.11,,,,,,,,,
5511,1797.46,4195.26,4973.58,485.47,277.03,-98.7,-3803.16,-28769.25,1629.76,17156.53,-5858.58,176.8,-2156.01,-5681.79,-7837.8,,,,,,,,,
5521,1818.91,4366.03,4978.7,481.87,286.24,-143.86,-3777.35,-28776.49,1626.97,17034.41,-5739.16,174.91,-2104.59,-5564.25,-7668.83,,,,,,,,,
5531,1827.87,4222.49,4976.2,470.03,271.54,-127.52,-3827.69,-28639.72,1626.73,17168.28,-5955.48,173.46,-2031.79,-5782.01,-7813.8,,,,,,,,,
5541,1770.06,4259.77,4938.07,486.53,300.62,-124.33,-3785.7,-28714.55,1605.71,17169.43,-5898.16,179.56,-2094.37,-5718.61,-7812.98,,,,,,,,,
5551,1815.53,4158.4,4995.99,462.7,271.88,-98.2,-3813.26,-28578.29,1642.72,17060.92,-5926.22,173.73,-2081.61,-5752.49,-7834.11,,,,,,,,,
5561,1790.99,4259.19,4960.89,479.97,275.05,-96.64,-3775.3,-28655.71,1638.28,16930.39,-5823.91,175.93,-2192.88,-5647.98,-7840.86,,,,,,,,,
5571,1829.07,4232.09,4977.12,482.03,278.8,-102.24,-3774.03,-28649.84,1637.32,17074.47,-5875.76,177.51,-2015.2,-5698.25,-7713.45,,,,,,,,,
5581,1763.27,4147.92,4924.58,474.46,281.06,-107,-3878.34,-28686.09,1634.16,17126.28,-5827.92,170.42,-2319.69,-5657.5,-7977.2,,,,,,,,,
5591,1834.69,4277.83,4967.48,474.41,262.65,-115.1,-3823.88,-28569.04,1615.5,17010.32,-5897.67,175.68,-2065.13,-5721.99,-7787.12,,,,,,,,,
5601,1772.79,4233.96,4949.8,477.84,256.12,-113.39,-3852.2,-28585.89,1588.05,17021.53,-5875.75,173.99,-2251.38,-5701.76,-7953.14,,,,,,,,,
5611,1786.39,4297.73,4953.59,464.26,272.32,-96.57,-3814.81,-28582.23,1606.82,17125.34,-5932.14,174.15,-1987.15,-5757.99,-7745.14,,,,,,,,,
5621,1806.18,4163.84,5011.7,465.69,250.96,-81.78,-3860.96,-28540.66,1606.15,17074.43,-5949.01,178.63,-2104.45,-5770.37,-7874.82,,,,,,,,,
5631,1840.78,4351.72,4894.57,488.84,257.97,-89.18,-3862.23,-28394.66,1598.81,16954.97,-5973.01,173.44,-1958.41,-5799.58,-7757.98,,,,,,,,,
5641,1855.5,4312.74,4977.7,488.71,265.11,-122.57,-3862.99,-28544.6,1619.03,17074.11,-5933.38,173.86,-1937.26,-5759.52,-7696.77,,,,,,,,,
5651,1810.99,4267.93,4954.51,471.48,273.4,-120.2,-3842.44,-28557.82,1622.94,17107.66,-5903.38,177.23,-2011.55,-5726.15,-7737.7,,,,,,,,,
5661,1859.13,4302.98,4954.05,488.13,260.71,-100.33,-3804.64,-28582.61,1606.68,17008.4,-5909.77,175.68,-2007.5,-5734.09,-7741.59,,,,,,,,,
5671,1824.89,4226.88,4955.13,471.3,266.46,-113.83,-3800.06,-28572.52,1610.51,17045.45,-5930.3,174.34,-2085.8,-5755.96,-7841.76,,,,,,,,,
5681,1814.21,4280.5,4969.8,477.21,266.58,-100.99,-3842.07,-28604.2,1580.2,17064.33,-5886.26,175.24,-2094.41,-5711.02,-7805.43,,,,,,,,,
5691,1798.42,4238.7,4933.47,480.93,280.78,-108.85,-3860.62,-28513.61,1610.74,17068.27,-5970.25,170.17,-2071.77,-5800.08,-7871.84,,,,,,,,,
5701,1829.34,4286.19,4954.97,462.69,276.11,-110.88,-3798.08,-28631.13,1602.96,17041.29,-5887.4,177.36,-2086.55,-5710.05,-7796.59,,,,,,,,,
5711,1874.02,4315.97,4948.52,471.64,273.73,-84,-3829.35,-28549.47,1588.79,16905.34,-5843.24,176.04,-2084.82,-5667.2,-7752.01,,,,,,,,,
5721,1787.52,4223.38,4987.96,482.18,282.79,-123.06,-3814.62,-28791.84,1641.93,17118.23,-5791.59,171.89,-2205.52,-5619.7,-7825.22,,,,,,,,,
5731,1824.64,4308.47,4948.69,484.13,277.65,-96.77,-3866.98,-28767.5,1591.15,17051.52,-5741.61,173.85,-2245.01,-5567.76,-7812.77,,,,,,,,,
5741,1772.23,4209.7,4979.01,476.94,250.03,-117.34,-3803.42,-28671.89,1619.31,17098.27,-5823.05,175.1,-2187.17,-5647.96,-7835.12,,,,,,,,,
5751,1818.29,4299.5,4993.53,466.53,251.03,-80.84,-3818.05,-28865.06,1604.16,17042.97,-5669.7,175.66,-2287.96,-5494.04,-7781.99,,,,,,,,,
5761,1819.08,4264.07,4952.4,483.73,264.52,-119.89,-3839.45,-28875.18,1619.07,17093.55,-5668.14,170.07,-2338.1,-5498.07,-7836.17,,,,,,,,,
5771,1749.06,4281.85,4996.82,483.96,291.06,-108.27,-3780.16,-28662.16,1616.36,17049.51,-5821.66,174.67,-2081.97,-5647,-7728.97,,,,,,,,,
5781,1864.45,4225.95,4994.59,465.04,274.02,-113.34,-3800.72,-28578.98,1614.4,17041.73,-5907.46,178.36,-2012.86,-5729.1,-7741.96,,,,,,,,,
5791,1851.99,4257.74,4963.62,490.58,274.63,-115.49,-3847.92,-28587.08,1612.85,16995.41,-5881.59,172.02,-2103.67,-5709.57,-7813.24,,,,,,,,,
5801,1795.07,4219.84,4960.83,475.47,268.18,-128.36,-3798.14,-28603.09,1612.82,17117.12,-5873.35,181.3,-2080.26,-5692.05,-7772.31,,,,,,,,,
5811,1814.67,4292.49,4955.44,482.77,269.25,-119.89,-3822.54,-28586.19,1664.18,17046.53,-5838.62,178.77,-2003.3,-5659.85,-7663.15,,,,,,,,,
5821,1847.54,4211.94,4928.83,495.55,272.83,-115.27,-3826.71,-28637.8,1623.93,17095.25,-5834.54,174.1,-2103.91,-5660.44,-7764.35,,,,,,,,,
5831,1823.33,4170.1,4979.83,469.5,290.53,-119.96,-3839.26,-28647.77,1635.84,17061.78,-5836.08,175.27,-2176.08,-5660.82,-7836.9,,,,,,,,,
5841,1844.65,4323.7,4984.06,497.83,273.72,-141.08,-3800.08,-28671.25,1575.76,16951.76,-5738.59,175.52,-2160.93,-5563.07,-7724,,,,,,,,,
5851,1781.7,4233.13,4968.63,475.68,292.13,-111.91,-3831.38,-28750.13,1655.96,17041.71,-5721.43,173.43,-2244.47,-5548,-7792.47,,,,,,,,,
5861,1811.1,4256.54,4921.37,467.22,291.79,-103.71,-3822.84,-28839.19,1604.63,17085.44,-5675.23,173.55,-2327.64,-5501.68,-7829.32,,,,,,,,,
5871,1833.22,4158.03,4953.71,472.15,270.46,-110.65,-3842.87,-28622.14,1599.37,17068.6,-5834.87,172.74,-2220.12,-5662.13,-7882.25,,,,,,,,,
5881,1811.16,4270.83,4958.03,465.39,258.3,-112.76,-3832.08,-28726.28,1592.4,17038.18,-5768.01,169.01,-2276.83,-5599,-7875.83,,,,,,,,,
5891,1764.26,4190.91,4961.55,467.99,265.33,-102.65,-3784.38,-28554.61,1630.75,17094.56,-5919.25,178.47,-2066.31,-5740.78,-7807.09,,,,,,,,,
5901,1788.8,4204.42,4953.74,473.9,276.2,-115.88,-3838.18,-28742.99,1612.33,17062.17,-5769.57,173.48,-2325.48,-5596.09,-7921.57,,,,,,,,,
5911,1842.43,4332.34,4979.16,482.48,281.77,-132.62,-3833.24,-28408,1590.59,16868.29,-5921.5,178.37,-1996.8,-5743.13,-7739.93,,,,,,,,,
5921,1750.58,4231.39,4955.22,464.1,271.59,-122.67,-3824.9,-28656.96,1619.14,17037.22,-5764.54,176.36,-2275.3,-5588.18,-7863.47,,,,,,,,,
5931,1828.68,4253.01,5000.05,470.21,268.88,-143.03,-3865.71,-28679.02,1577.2,16999.85,-5708.94,172.88,-2289.88,-5536.06,-7825.94,,,,,,,,,
5941,1758.63,4296.19,4988.96,466.89,283.1,-154.05,-3874.22,-28634.29,1625.61,17042.74,-5780.87,173.94,-2200.44,-5606.93,-7807.37,,,,,,,,,
5951,1801.12,4330.6,5008.38,479.87,280.33,-128.43,-3807.28,-28547.43,1627.8,16943.31,-5898.3,178.33,-2011.73,-5719.97,-7731.7,,,,,,,,,
5961,1879.55,4238.39,4996.82,477.1,278.9,-124.08,-3832.98,-28617.23,1585.64,16908.93,-5771.9,179.18,-2208.97,-5592.72,-7801.69,,,,,,,,,
5971,1774.43,4252.66,4957.18,475.12,255.44,-90.18,-3812.43,-28644.03,1598.19,17012.64,-5788,174.75,-2220.98,-5613.25,-7834.24,,,,,,,,,
5981,1837.14,4298.79,4928.32,483.25,266.44,-124.6,-3826.32,-28518.08,1619.41,16951.92,-5893.14,176.74,-2083.73,-5716.4,-7800.13,,,,,,,,,
5991,1872.73,4312.7,4969.82,479.23,289.41,-139.06,-3810.51,-28603.16,1557.48,16997.99,-5834.01,173.25,-2073.36,-5660.76,-7734.13,,,,,,,,,
6001,1832.8,4216.13,4963.88,481.63,260.17,-95.81,-3809,-28721.31,1620.88,17088.87,-5812.06,178.93,-2161.74,-5633.12,-7794.87,,,,,,,,,
6011,1849.46,4141.37,4992.01,459.14,281.54,-105.84,-3818.43,-28513.98,1605.57,17040.28,-5946.34,173.96,-2068.86,-5772.38,-7841.24,,,,,,,,,
6021,1837.64,4164.67,4918.29,467.02,288.48,-109.74,-3825.81,-28571.67,1587.15,17086.4,-5915.36,173.3,-2157.57,-5742.06,-7899.63,,,,,,,,,
6031,1792.78,4241.65,4960.84,468.04,262.06,-105.4,-3836.86,-28640.5,1643.84,17093.26,-5847.46,174.83,-2120.29,-5672.63,-7792.92,,,,,,,,,
6041,1829.14,4334.68,4960.57,481.57,287.64,-135.96,-3805.89,-28614.77,1604.19,17050.28,-5852.44,175.56,-2008.53,-5676.88,-7685.42,,,,,,,,,
6051,1864.88,4243.94,4943.13,502.87,282.53,-109.25,-3821.73,-28511.16,1623.32,17065.12,-5962.93,172.6,-1916.35,-5790.33,-7706.69,,,,,,,,,
6061,1793.17,4232.27,4959.8,490.2,249.48,-105.37,-3825.1,-28637.05,1613.87,17095.35,-5892.97,173.8,-2133.38,-5719.17,-7852.55,,,,,,,,,
6071,1842.88,4256.63,4911.49,478.99,265.28,-119.26,-3820.39,-28442.92,1618.6,17000.07,-5958.16,174.9,-2008.63,-5783.25,-7791.89,,,,,,,,,
6081,1809.9,4207.36,4933.25,476.65,258.11,-115.33,-3815.9,-28483.14,1626.21,17104.14,-5971,176.26,-1998.74,-5794.74,-7793.48,,,,,,,,,
6091,1847.74,4272.92,4978.63,482.73,269.44,-130.8,-3831.36,-28510.39,1624.97,17028,-5920.1,172.79,-1968.12,-5747.31,-7715.43,,,,,,,,,
6101,1820.62,4280.24,5030.76,473.02,280.76,-131.2,-3805.39,-28564.44,1564.3,17001.62,-5877.63,173.56,-2049.71,-5704.07,-7753.79,,,,,,,,,
6111,1798.2,4337.28,4928.81,493.86,253.15,-124.38,-3866.56,-28716.49,1618.4,16981.88,-5735.18,170.74,-2295.87,-5564.44,-7860.3,,,,,,,,,
6121,1839.3,4264.36,4936.65,473.1,270.48,-129.42,-3824.03,-28703.02,1584.53,16965.47,-5752.06,172.45,-2322.58,-5579.61,-7902.19,,,,,,,,,
6131,1875.92,4229.9,4963.23,471.38,266.56,-104.42,-3800.6,-28644.85,1593.06,16968.66,-5840.86,174.89,-2181.15,-5665.97,-7847.12,,,,,,,,,
6141,1855.02,4258.26,4960.89,478.7,265.39,-122.61,-3824.52,-28709.81,1591.3,16916.55,-5733.92,174.62,-2330.83,-5559.3,-7890.13,,,,,,,,,
6151,1823.42,4237.64,4983.1,468.33,269.65,-137.3,-3859.94,-28534.22,1609.37,16871.15,-5815.18,174.02,-2268.8,-5641.16,-7909.96,,,,,,,,,
6161,1870.72,4196.99,4919.34,492.76,272.06,-91.34,-3834.53,-28389.5,1637.59,16998.02,-6011.42,173.92,-1927.89,-5837.51,-7765.39,,,,,,,,,
6171,1889.35,4317.44,4976.56,482.97,270.69,-134.51,-3822.25,-28524.05,1583.19,16959.84,-5889.92,174.38,-2000.75,-5715.54,-7716.29,,,,,,,,,
6181,1810.07,4265.27,4943.08,482.77,254.31,-134.77,-3779.6,-28512.51,1619.79,16995.7,-5951.41,173.84,-2055.89,-5777.57,-7833.47,,,,,,,,,
6191,1872.49,4283.96,4952.23,484.36,265.87,-147.06,-3846.28,-28401.75,1597.16,16898.27,-5955.68,173.22,-2040.75,-5782.46,-7823.2,,,,,,,,,
6201,1747.35,4294.65,4975.45,478.18,269.99,-103.04,-3826.1,-28594,1634.21,17018.64,-5887.58,173.73,-2104.65,-5713.86,-7818.51,,,,,,,,,
6211,1833.8,4288.72,4966.5,465.67,267.81,-118,-3798.85,-28514.08,1593.77,16958.22,-5928.14,175.46,-2056.44,-5752.68,-7809.11,,,,,,,,,
6221,1815.95,4310.15,4887.23,491.5,257.23,-132.68,-3814.81,-28440.8,1606.55,17012.34,-6006.9,175.57,-2007.34,-5831.33,-7838.68,,,,,,,,,
6231,1803.88,4199.85,4918.98,487.02,263.13,-110.53,-3817.25,-28606.37,1614.13,16967.45,-5889.77,173.01,-2279.7,-5716.76,-7996.46,,,,,,,,,
6241,1818.04,4208.98,4977.84,458,281.09,-132.8,-3828.83,-28524.65,1587.23,17069.58,-5962.1,173.6,-2085.52,-5788.51,-7874.03,,,,,,,,,
6251,1758.4,4281.34,4981.07,471.21,269.46,-111.61,-3847.08,-28565.05,1601.55,17175.31,-5971.61,176.67,-1985.39,-5794.94,-7780.33,,,,,,,,,
6261,1780.91,4329.21,4948.11,484.47,273.53,-123.51,-3886.23,-28561.12,1601.25,16987.09,-5834.4,171.93,-2166.31,-5662.47,-7828.79,,,,,,,,,
6271,1896.95,4366.57,4918.81,481.13,277.34,-100.24,-3831.93,-28597.24,1615.09,17029.75,-5925.17,176.42,-1943.77,-5748.75,-7692.51,,,,,,,,,
6281,1821.9,4247.61,4967.04,492.3,265.84,-117.83,-3839.47,-28482.33,1586.94,16965.9,-5961.07,172.58,-2092.11,-5788.49,-7880.6,,,,,,,,,
6291,1836.31,4293.64,4968.82,486.48,258.2,-136.39,-3817.48,-28601.36,1598.43,17064.68,-5918.94,173.06,-2048.67,-5745.88,-7794.55,,,,,,,,,
6301,1777.36,4300.03,4953.25,490.16,287.71,-110.52,-3772.05,-28582.76,1614.44,17075.5,-5935.83,173.86,-1966.89,-5761.97,-7728.86,,,,,,,,,
6311,1830.37,4234.01,4944.48,479.79,275.1,-141.68,-3823.07,-28432.95,1648.1,17032.65,-6009.62,177.27,-1953.2,-5832.34,-7785.55,,,,,,,,,
6321,1832.64,4300.03,4959.02,468.86,273.01,-118.48,-3804.44,-28504.38,1623.7,17090.36,-6060.37,176.64,-1879.67,-5883.73,-7763.4,,,,,,,,,
6331,1846.31,4291.16,4970.86,481.13,262.12,-160.02,-3843.62,-28691.49,1601.74,17044.11,-5856.44,171.11,-2197.69,-5685.33,-7883.02,,,,,,,,,
6341,1768.07,4226.45,4940.93,462.54,278.68,-99.31,-3804.33,-28572.34,1644.73,17083.19,-5932.1,174.62,-2071.39,-5757.48,-7828.87,,,,,,,,,
6351,1814.63,4246.64,4975.53,477.18,276.32,-142.66,-3788.18,-28649.45,1618.47,17058.69,-5864.51,175.66,-2112.84,-5688.85,-7801.69,,,,,,,,,
6361,1862.86,4173.85,4947.55,477.94,278.92,-121.48,-3816.34,-28547.07,1646.42,17016.05,-5897.48,174.65,-2081.31,-5722.82,-7804.13,,,,,,,,,
6371,1771.54,4270.22,4918.7,469.84,279.85,-86.92,-3837.71,-28524.29,1619.98,17036.59,-5927.08,172.36,-2082.21,-5754.72,-7836.93,,,,,,,,,
6381,1762.1,4292.47,5015.32,479.46,268.53,-143.65,-3826.6,-28649.59,1636.7,17079.98,-5879.71,177.73,-2085.28,-5701.98,-7787.26,,,,,,,,,
6391,1786.79,4299.82,4944.22,486.5,273.06,-108.24,-3870.98,-28629.93,1637.62,17115.17,-5889.2,173.42,-2065.97,-5715.78,-7781.76,,,,,,,,,
6401,1781.12,4228.83,4922.26,468.45,283.38,-114.83,-3839.06,-28936.46,1597.92,17110.61,-5628.5,175.04,-2497.79,-5453.46,-7951.25,,,,,,,,,
6411,1766.56,4345.14,4957.83,485.44,279.23,-127.04,-3827.03,-28841.39,1608.03,17110.2,-5747.3,175.95,-2243.02,-5571.35,-7814.37,,,,,,,,,
6421,1831.64,4214.21,4937.63,483.57,274.85,-106.88,-3819.7,-28694.75,1638.68,17050.36,-5810.7,179.06,-2190.39,-5631.65,-7822.04,,,,,,,,,
6431,1829.48,4293.75,4957.54,480.36,269.9,-111.7,-3838.27,-28558.6,1613.11,17063.58,-5953.77,182.07,-2000.86,-5771.71,-7772.57,,,,,,,,,
6441,1812.15,4262.89,4914.96,479.32,249.59,-112.27,-3816.8,-28646.21,1635.53,17173.26,-5890.05,175.62,-2047.6,-5714.43,-7762.03,,,,,,,,,
6451,1832.66,4239.9,4945.77,466.67,255.68,-108.3,-3855.16,-28629.4,1612.35,17091.26,-5850.43,176.94,-2148.57,-5673.49,-7822.06,,,,,,,,,
6461,1779.98,4343.68,5024.04,489.46,273.06,-107.57,-3835.2,-28710.63,1619.48,17039.26,-5775.46,173.79,-2084.44,-5601.67,-7686.11,,,,,,,,,
6471,1825.43,4288.92,4963.16,487.81,280.39,-116,-3843.26,-28780.46,1602.03,17019.5,-5721.4,171.43,-2272.47,-5549.97,-7822.44,,,,,,,,,
6481,1868.12,4217.12,4940.05,485.96,308.64,-107.61,-3827.47,-28777.17,1625.06,17142.18,-5793.55,175.74,-2125.12,-5617.8,-7742.92,,,,,,,,,
6491,1833.38,4186.08,4971.47,483.14,260.75,-110.4,-3770.37,-28635.19,1601.91,17071.22,-5952.9,180.35,-2108.01,-5772.55,-7880.57,,,,,,,,,
6501,1831.66,4305.05,4940.66,483.45,270.52,-92.15,-3852.23,-28601.73,1608.28,16991.35,-5876.37,174.27,-2115.15,-5702.1,-7817.24,,,,,,,,,
6511,1824.51,4215.53,4985.39,472.68,246.26,-109.35,-3810.39,-28733.56,1661.02,17152.7,-5822.88,177.56,-2095.21,-5645.32,-7740.53,,,,,,,,,
6521,1777.48,4262.06,4930.08,484.2,267.69,-72.59,-3788.73,-28687.28,1633.14,17021.1,-5793.55,172.92,-2172.84,-5620.63,-7793.47,,,,,,,,,
6531,1843.99,4287.28,4983.34,477.59,253.84,-119.56,-3805.41,-28598.71,1634.64,17055.99,-5919.04,175.28,-1987.01,-5743.76,-7730.76,,,,,,,,,
6541,1749.52,4243.63,4920.56,487.71,281.63,-83.73,-3825.22,-28630.76,1612.56,17059.66,-5892.03,176.01,-2184.44,-5716.02,-7900.46,,,,,,,,,
6551,1780.76,4257.77,4878.52,483.07,268.79,-112.15,-3839.54,-28660.17,1614.04,17126.19,-5865.19,174.09,-2202.71,-5691.09,-7893.8,,,,,,,,,
6561,1812.43,4242.9,5002.15,471.11,273.91,-111.15,-3854.95,-28655.03,1605.42,17043.52,-5831.06,174.09,-2169.7,-5656.97,-7826.67,,,,,,,,,
6571,1762.54,4316.53,4989.26,483.2,260.25,-113.53,-3792.92,-28697.34,1647.54,17122.56,-5855.96,172.91,-2021.9,-5683.05,-7704.95,,,,,,,,,
6581,1760.13,4129.1,5007.04,476.74,268.32,-127.36,-3828.82,-28553.34,1620.91,17011.16,-5896.19,177.18,-2236.11,-5719.01,-7955.11,,,,,,,,,
6591,1794.23,4276.02,4993.98,480.2,272.25,-70.27,-3799.07,-28563.91,1619.38,17013.2,-5910.8,176.13,-1983.98,-5734.68,-7718.66,,,,,,,,,
6601,1858.76,4247.43,4968.27,485.98,263.13,-104.54,-3822.7,-28602.69,1632.06,16972.45,-5810.78,178.03,-2101.85,-5632.74,-7734.6,,,,,,,,,
6611,1764.16,4211.17,4972.56,493.92,279.63,-114.76,-3845.54,-28572.61,1652.97,17005.58,-5899.75,174.53,-2152.93,-5725.22,-7878.15,,,,,,,,,
6621,1874.24,4267.44,4972.38,479.11,271.28,-105.49,-3794.93,-28667.6,1609.69,16898.83,-5759.23,172.27,-2195.06,-5586.96,-7782.02,,,,,,,,,
6631,1842.27,4238.72,4946.3,483.88,267.91,-90.5,-3884.04,-28534.04,1558.4,16947.44,-5898.96,175,-2223.66,-5723.96,-7947.62,,,,,,,,,
6641,1814.13,4299.7,4945.74,477.06,287.29,-105.59,-3864.15,-28763.53,1616.16,17095.43,-5776.49,170.97,-2197.76,-5605.52,-7803.28,,,,,,,,,
6651,1801.58,4264.52,4961.02,484.16,288.09,-114.18,-3819.93,-28689.22,1623.78,16954.17,-5764.61,173.09,-2246.01,-5591.52,-7837.53,,,,,,,,,
6661,1810.35,4237.29,4938.54,481.21,280.94,-81.14,-3764.16,-28538.15,1630.46,16942.58,-5862.91,178.78,-2062.1,-5684.12,-7746.22,,,,,,,,,
6671,1829.78,4290.46,4936.93,494.47,267.77,-84.34,-3771.99,-28560.28,1588.52,16969.56,-5893.94,176.49,-2039.1,-5717.45,-7756.55,,,,,,,,,
6681,1794.08,4200.85,4989.17,471.63,272.07,-147.51,-3794.42,-28673.56,1641.57,17095.75,-5831.86,178.21,-2150.4,-5653.64,-7804.05,,,,,,,,,
6691,1835.35,4260.46,4948.22,484.04,284.53,-107.07,-3796.05,-28571.97,1639.13,16987.14,-5857.6,176.94,-2036.22,-5680.66,-7716.88,,,,,,,,,
6701,1897.15,4192.87,4953.97,493.46,283.9,-122.5,-3740.27,-28675.85,1594.74,17043.9,-5890.31,180.01,-2078.63,-5710.3,-7788.94,,,,,,,,,
6711,1869.34,4261.44,4948.51,474.27,279.67,-116.43,-3800.32,-28710.39,1619.38,16997.8,-5818.59,180.45,-2176.73,-5638.14,-7814.87,,,,,,,,,
6721,1861.98,4223.07,4967.61,468.11,270.85,-107.77,-3784.42,-28645.82,1618.85,17008.61,-5800.61,179.39,-2118.92,-5621.22,-7740.14,,,,,,,,,
6731,1855.12,4216.96,4974.24,446.17,275.14,-106.85,-3784.05,-28737.46,1625.8,17044.63,-5822.55,177.95,-2190.3,-5644.61,-7834.9,,,,,,,,,
6741,1831.33,4262.37,4932.37,482.08,260.18,-121.03,-3826.93,-28566.54,1622.02,17104.1,-5913.72,175.67,-2020.05,-5738.05,-7758.1,,,,,,,,,
6751,1868.79,4233.07,4926.24,476.46,254.07,-102.3,-3825.72,-28636.34,1592.32,17093.4,-5900.81,178.46,-2120.02,-5722.35,-7842.37,,,,,,,,,
6761,1836.26,4218.69,4928.49,459.95,275.35,-100.96,-3823.92,-28759.88,1595.73,17100.14,-5789.6,178.95,-2270.15,-5610.65,-7880.79,,,,,,,,,
6771,1832.51,4289.32,4893.66,469.68,254.94,-81.42,-3811.53,-28580.63,1603.86,17006.06,-5863.72,178.06,-2123.53,-5685.66,-7809.19,,,,,,,,,
6781,1839.56,4217.55,4934.25,482.07,255.11,-118.08,-3783.92,-28721.2,1621.3,17049.29,-5825.07,181.3,-2224.07,-5643.77,-7867.84,,,,,,,,,
6791,1752.83,4258.7,4929.04,486.49,273.31,-104.96,-3741.1,-28900.15,1613,17162.62,-5728.1,177.21,-2270.22,-5550.89,-7821.1,,,,,,,,,
6801,1817.7,4195.04,4948.78,473.6,284.46,-119.6,-3752.17,-28713.86,1623.44,17086.37,-5813.42,178.26,-2156.25,-5635.16,-7791.41,,,,,,,,,
6811,1819.91,4302.43,4934.76,487.99,270.4,-100.39,-3849.38,-28755.13,1585.88,17071.13,-5753.86,173.05,-2232.39,-5580.81,-7813.2,,,,,,,,,
6821,1786.78,4246.43,4990.32,467.18,263.94,-127.35,-3804.71,-28688.23,1617.47,17087.13,-5876.54,174.78,-2161.02,-5701.77,-7862.79,,,,,,,,,
6831,1866.97,4182.32,4992.22,478.8,265.53,-95.64,-3811.97,-28521.35,1634.19,16992.41,-5940.92,172.69,-2016.51,-5768.22,-7784.73,,,,,,,,,
6841,1864.36,4269.38,4939.09,483.45,248.92,-107.86,-3846.25,-28548.7,1632.84,16920.67,-5832.32,170.98,-2144.1,-5661.34,-7805.44,,,,,,,,,
6851,1812.67,4268.07,4973.33,476.67,259.04,-137.71,-3809.89,-28635.48,1612.31,17140.3,-5907.99,176.28,-2040.68,-5731.7,-7772.38,,,,,,,,,
6861,1754.03,4297.5,4956.23,492.12,269.35,-157.75,-3854.05,-28701.41,1620.96,17058.23,-5756.68,171.26,-2264.78,-5585.41,-7850.2,,,,,,,,,
6871,1815.8,4271.06,4924.51,473.07,247.82,-121.37,-3872.96,-28884.97,1610.11,17082.42,-5585.85,168.2,-2454.5,-5417.65,-7872.15,,,,,,,,,
6881,1767.13,4282,4993.44,481.18,282.46,-114.49,-3806.67,-28642.81,1612.3,17034.33,-5845.59,174.19,-2111.14,-5671.4,-7782.55,,,,,,,,,
6891,1843.87,4258.64,5000.28,482.16,264.48,-111.32,-3799.06,-28742.94,1615.66,17120.24,-5784.87,171.45,-2067.99,-5613.41,-7681.4,,,,,,,,,
6901,1827.59,4309.4,4928.82,497.68,291.42,-95.41,-3780.85,-28650.89,1605.62,17041.34,-5871,175.69,-2025.26,-5695.31,-7720.57,,,,,,,,,
6911,1804.84,4227.67,4978.72,489.93,271.69,-88.86,-3788.15,-28644.46,1633.4,17130.33,-5919.72,174.24,-1984.9,-5745.47,-7730.37,,,,,,,,,
6921,1755.28,4200.4,4972.91,477.52,294.41,-117.61,-3843.86,-28732.82,1628.09,17097.38,-5755.19,170.39,-2268.29,-5584.79,-7853.09,,,,,,,,,
6931,1814.33,4214.08,4972.48,477.27,269.33,-137.09,-3890.14,-28685.49,1614.57,17172.25,-5881.69,171.29,-2178.41,-5710.41,-7888.82,,,,,,,,,
6941,1794.55,4316.7,4951.27,484.3,286.03,-115.83,-3818.24,-28684.22,1622.67,17126.59,-5847.21,177.52,-2036.18,-5669.69,-7705.87,,,,,,,,,
6951,1821.55,4230.92,5003.82,474.55,268.56,-141.55,-3868.14,-28958.21,1620.82,17210.66,-5617.21,170.52,-2337.01,-5446.69,-7783.7,,,,,,,,,
6961,1847.26,4170.54,4943.88,485.29,241.95,-124.71,-3818.17,-28902.1,1593.71,17097.34,-5682.75,169.95,-2465.01,-5512.8,-7977.81,,,,,,,,,
6971,1815.94,4205.02,4940.05,479.7,284.63,-151.3,-3824.8,-28718.23,1652.02,17158.56,-5862.45,173.67,-2158.4,-5688.78,-7847.17,,,,,,,,,
6981,1821.19,4261.05,4987.14,476.05,272.08,-164.23,-3899.79,-28927.19,1603.46,17101.56,-5597.5,167.96,-2468.67,-5429.54,-7898.21,,,,,,,,,
6991,1787.73,4300.39,4922.63,469.85,276.96,-122.32,-3841.1,-28945.43,1624.53,17057.87,-5591.02,168.84,-2468.9,-5422.18,-7891.09,,,,,,,,,
7001,1821.95,4266.91,4953.51,486.36,272.15,-100.53,-3848.01,-29121.86,1588.48,17142.85,-5503.88,168.28,-2538.19,-5335.6,-7873.79,,,,,,,,,
7011,1800.6,4291.19,5043.84,483.28,270.5,-114.77,-3831.41,-28703.82,1592.76,17145.34,-5888.33,177.62,-2022.5,-5710.71,-7733.21,,,,,,,,,
7021,1784.43,4253.95,4924.86,483.32,285.67,-110.42,-3810.29,-28855.46,1600.49,17216.85,-5809.32,175.4,-2226.62,-5633.92,-7860.54,,,,,,,,,
7031,1794.79,4115.95,4929.74,477.34,257.52,-108.6,-3843.43,-28728.56,1626.74,17290.98,-5877.35,174.4,-2187.53,-5702.95,-7890.48,,,,,,,,,
7041,1810.92,4217.75,4987.7,464.87,285.36,-94.18,-3857.41,-29222.84,1606.26,17236.47,-5430.13,167.25,-2565.11,-5262.88,-7827.99,,,,,,,,,
7051,1816.25,4256.83,4985.23,467.44,262.59,-133.73,-3780.43,-28841.24,1623.19,17272.08,-5846.72,180.01,-2071.8,-5666.71,-7738.51,,,,,,,,,
7061,1776.25,4285.6,4948.28,478.11,251.14,-124.71,-3810.88,-28861.46,1641.78,17236.49,-5811.45,178.45,-2179.38,-5633,-7812.38,,,,,,,,,
7071,1836.11,4231.49,4948.14,468.5,280.51,-115.35,-3769.72,-28876.61,1625.74,17219.5,-5867.06,175.9,-2151.7,-5691.15,-7842.85,,,,,,,,,
7081,1786.03,4177.95,4956.11,460.49,263.05,-108.88,-3805.53,-28954.11,1618.27,17263.77,-5753.53,173.92,-2342.84,-5579.61,-7922.45,,,,,,,,,
7091,1771.93,4295.52,4980.34,475.04,270,-125.61,-3824.22,-28880.96,1642.3,17197.74,-5816.32,174.88,-2197.93,-5641.43,-7839.36,,,,,,,,,
7101,1803.83,4271.35,4917.36,487.43,256.84,-100.53,-3806.63,-28967.46,1595.25,17078.69,-5606.81,172.1,-2463.86,-5434.71,-7898.57,,,,,,,,,
7111,1766.13,4200.56,4993.63,471.68,274.99,-107.39,-3788.36,-28811.8,1625.5,17138.14,-5788.17,175.47,-2236.92,-5612.7,-7849.62,,,,,,,,,
7121,1789.74,4305.32,4962.48,465.01,282.98,-121.54,-3827.66,-28847.72,1630.1,17166.43,-5727.76,176.28,-2194.86,-5551.47,-7746.33,,,,,,,,,
7131,1811.64,4354.42,4955.61,468.51,295.79,-127.53,-3775.04,-28699.95,1599.84,17079.66,-5847.11,176.95,-2037.07,-5670.16,-7707.23,,,,,,,,,
7141,1770.17,4345.37,4918.65,498.79,268.37,-102.15,-3803.88,-28651.74,1613.74,17127.84,-5858.06,176.73,-2014.83,-5681.33,-7696.16,,,,,,,,,
7151,1842.14,4265.33,4929.71,478,266.53,-135.04,-3826.43,-28490.36,1614.69,17050.84,-5975.6,177.83,-2004.62,-5797.77,-7802.39,,,,,,,,,
7161,1826.4,4244.8,4944.2,484.74,255.07,-120.55,-3798.21,-28658.17,1603.49,17132.29,-5888.61,177.79,-2085.93,-5710.82,-7796.75,,,,,,,,,
7171,1839.18,4178.08,4937.71,481.18,292.75,-117.17,-3827.73,-28628.57,1605.33,17080.25,-5923.97,176.19,-2158.98,-5747.79,-7906.77,,,,,,,,,
7181,1753.25,4217.11,4950.08,490.27,259,-109.88,-3902.57,-28854.57,1596.68,17110.73,-5672.4,168.32,-2489.89,-5504.08,-7993.97,,,,,,,,,
7191,1866.52,4326.24,4975.68,470.88,276.07,-97.85,-3817.85,-28687.67,1635.69,17060.36,-5887.63,172.64,-1991.92,-5714.99,-7706.91,,,,,,,,,
7201,1808.99,4192.22,4947.22,477.09,276.84,-97.44,-3802.58,-28650.59,1615.36,17174.21,-5918.47,175.21,-2058.67,-5743.27,-7801.93,,,,,,,,,
7211,1850.26,4228.22,4990.94,477.56,270.83,-112.38,-3844.91,-28611.37,1610.94,17092.69,-5892.7,172.9,-2047.2,-5719.8,-7767,,,,,,,,,
7221,1794.17,4230.29,5001.13,480.12,283.16,-134.73,-3878.61,-28804.11,1658.84,17253.2,-5854.84,172.19,-2116.54,-5682.64,-7799.18,,,,,,,,,
7231,1824.62,4242.69,4990.36,470.07,292.4,-99.66,-3829.44,-28803.59,1598.17,17264.94,-5852.12,173.88,-2049.42,-5678.24,-7727.66,,,,,,,,,
7241,1757.83,4206.75,4983.17,463.9,265.71,-126.01,-3770.21,-28682.84,1627.8,17115.99,-5905.83,175.7,-2157.92,-5730.13,-7888.05,,,,,,,,,
7251,1794.72,4234.97,4974.83,471.52,285.2,-126.21,-3808.69,-28561.3,1593.34,17100.99,-5959.29,177.64,-2040.63,-5781.65,-7822.27,,,,,,,,,
7261,1854.5,4395.47,4911.94,492.83,278.27,-126.2,-3870.73,-28589.99,1593.73,17109.35,-5930.26,175.8,-1950.84,-5754.46,-7705.31,,,,,,,,,
7271,1780.76,4246.55,5005.6,474.21,276.31,-143.46,-3827.33,-28594.59,1622.81,17076.35,-5941.04,174.98,-2082.8,-5766.05,-7848.86,,,,,,,,,
7281,1772.58,4264.67,4966.36,471.64,295.18,-132.42,-3829.19,-28657.41,1594.94,17169.34,-5920.85,175.05,-2084.3,-5745.79,-7830.09,,,,,,,,,
7291,1817.69,4350.68,4977.83,475.87,258.4,-128.99,-3814.6,-28547.87,1593.04,17093.82,-5945.29,177.15,-1924.14,-5768.14,-7692.28,,,,,,,,,
7301,1813.62,4313,4940.59,477.03,274.88,-109.32,-3876.44,-28649.29,1601.93,17151.3,-5905.25,179.51,-2062.71,-5725.74,-7788.45,,,,,,,,,
7311,1730.92,4239.81,4944.94,480.3,273.62,-101.38,-3850.56,-28593.32,1618.76,17072.4,-5901.34,175.8,-2184.5,-5725.54,-7910.04,,,,,,,,,
7321,1894.34,4213.65,4964.03,477.43,257.8,-98.11,-3787.78,-28763.5,1593.97,17148.34,-5877.51,179.64,-2099.84,-5697.86,-7797.7,,,,,,,,,
7331,1820.41,4268.01,4965.23,474.76,266.06,-119.89,-3824.36,-28693.67,1612.99,17194.94,-5901.66,176.12,-2035.54,-5725.54,-7761.08,,,,,,,,,
7341,1800.55,4334.69,5001.92,481.8,267.15,-111.4,-3862.73,-28593.09,1602.93,17162.75,-5905.21,176.61,-1915.42,-5728.61,-7644.03,,,,,,,,,
7351,1799.46,4422.95,4949.34,499.49,268.14,-120.36,-3778.13,-28587.81,1614.1,17054.47,-5950.09,185.18,-1878.36,-5764.91,-7643.27,,,,,,,,,
7361,1789.38,4256.6,4965.03,467.27,266,-104.32,-3759.09,-28835.17,1633.47,17075.04,-5710.91,178.12,-2245.8,-5532.8,-7778.59,,,,,,,,,
7371,1878.43,4227.93,4933,495.01,278.21,-122.35,-3721.26,-28739.42,1603.18,17114.35,-5863.14,183.09,-2052.92,-5680.05,-7732.97,,,,,,,,,
7381,1777.86,4277.02,4949.43,465.28,263.29,-93.49,-3793.8,-28912.64,1622.69,17096.73,-5670.92,176.66,-2347.64,-5494.26,-7841.9,,,,,,,,,
7391,1827.99,4287.46,4952.69,474.32,257.96,-116.39,-3782.72,-28826.5,1593.8,17010.31,-5693.62,176.89,-2321.08,-5516.73,-7837.81,,,,,,,,,
7401,1811.98,4243.69,4971.91,483.41,267.37,-112.79,-3836.06,-29028.06,1617.6,17096.19,-5505.74,173.77,-2484.76,-5331.96,-7816.72,,,,,,,,,
7411,1786.6,4296.33,4980.73,464.56,258.98,-120.47,-3829.39,-28738.99,1618.05,17141.13,-5796.24,174.65,-2142.47,-5621.59,-7764.06,,,,,,,,,
7421,1826.46,4195.69,4947.26,467.54,300.58,-127.31,-3798.36,-28705.58,1622.48,17039.02,-5780.04,177.46,-2232.23,-5602.58,-7834.8,,,,,,,,,
7431,1806.58,4219.94,5007.6,474.61,298.49,-141.95,-3837.6,-28961.93,1620.44,17165.56,-5592.16,176.9,-2348.27,-5415.27,-7763.54,,,,,,,,,
7441,1773.59,4248.29,4965.03,467.09,281.05,-108.76,-3801.57,-28694.54,1639.88,17125.47,-5876.62,177.84,-2104.46,-5698.79,-7803.25,,,,,,,,,
7451,1804.73,4201.99,4953.47,472.61,278.36,-107.24,-3835.42,-28701.92,1617.37,17239.31,-5903.11,176.04,-2076.71,-5727.07,-7803.79,,,,,,,,,
7461,1790.59,4244.07,4991.05,478.93,289.26,-119.86,-3757.04,-28569.86,1636.71,17014.5,-5919.63,179.4,-2001.64,-5740.23,-7741.87,,,,,,,,,
7471,1758.04,4236.98,4918.13,461.08,267.85,-121.41,-3808.76,-28584.34,1594.43,17115.13,-5935.44,176.28,-2162.87,-5759.16,-7922.03,,,,,,,,,
7481,1791.41,4283.59,4961.37,466.79,277.35,-99.73,-3841.51,-28515.11,1623.35,17109.73,-6033.49,173.77,-1942.76,-5859.72,-7802.48,,,,,,,,,
7491,1832.53,4188.41,4952.65,462.97,266.28,-112.3,-3806.65,-28652.78,1620,17191.64,-5957.19,175.4,-2057.23,-5781.79,-7839.02,,,,,,,,,
7501,1784.05,4258.81,4923.95,477.12,287.92,-117.27,-3799.29,-28731.29,1613.23,17196.07,-5885.65,178.9,-2106.7,-5706.75,-7813.45,,,,,,,,,
7511,1768.89,4227.6,4946.62,478.63,274.93,-91.72,-3790.1,-28617.79,1610.26,17076.05,-5913.26,182.42,-2116.63,-5730.83,-7847.46,,,,,,,,,
7521,1841.2,4174.22,4927.36,463.86,270.22,-97.33,-3829.63,-28787.65,1603.53,17180.32,-5776.75,171.23,-2253.88,-5605.52,-7859.41,,,,,,,,,
7531,1806.53,4267.42,4961.11,486.32,261.92,-117.3,-3872.86,-28704.19,1636.85,17137.49,-5801.07,172.89,-2136.71,-5628.18,-7764.89,,,,,,,,,
7541,1813.48,4270.55,4914.2,470.56,281.92,-109.83,-3879.7,-28660.9,1627.81,17168.17,-5840.22,172.99,-2103.75,-5667.23,-7770.97,,,,,,,,,
7551,1859.97,4199.38,4958.14,470.99,297.34,-117.95,-3860.15,-28983.26,1586.29,17168.73,-5588.49,171.38,-2420.54,-5417.11,-7837.65,,,,,,,,,
7561,1817.26,4261.17,4993.07,466.92,264.4,-120.43,-3871.68,-28817.29,1580.92,17158.66,-5792.81,172.23,-2266.99,-5620.59,-7887.58,,,,,,,,,
7571,1802.62,4163.28,4993.08,467.8,267.44,-123.9,-3902.02,-29028.35,1615.28,17236.77,-5562.34,171.73,-2508,-5390.61,-7898.61,,,,,,,,,
7581,1792.76,4222.9,4936.2,468.75,259.4,-82.55,-3826.48,-28771.94,1585.68,17105.06,-5824.44,175.41,-2310.23,-5649.03,-7959.25,,,,,,,,,
7591,1844.81,4274.17,4986.95,467.75,269.92,-139.09,-3889.88,-28973.42,1581.44,17083.43,-5518.16,171.68,-2493.91,-5346.48,-7840.39,,,,,,,,,
7601,1782.21,4205.17,4960.7,480.97,277.08,-105.98,-3800.08,-28708.65,1621.52,17071.95,-5828.81,176.73,-2215.1,-5652.07,-7867.17,,,,,,,,,
7611,1814.85,4206.63,4970.33,477,274.41,-108.34,-3826.33,-28830.88,1585.05,17104.83,-5742.76,174.83,-2332.45,-5567.94,-7900.39,,,,,,,,,
7621,1846.75,4354.35,4941.6,478.53,274.27,-103.69,-3852.98,-28655.32,1569,17003.4,-5795.65,178.8,-2144.09,-5616.85,-7760.93,,,,,,,,,
7631,1822.57,4338.48,4987.03,484.3,260.9,-103.73,-3850.52,-28665.49,1585.73,17027.5,-5841.47,173.59,-2113.23,-5667.88,-7781.11,,,,,,,,,
7641,1789.78,4243.65,4971.91,477.57,273.7,-126.16,-3853.72,-28815.06,1602.64,17195.35,-5808.93,173.26,-2240.33,-5635.67,-7876,,,,,,,,,
7651,1843.65,4187.58,4935.15,477.98,262.37,-109.15,-3791.9,-28750.03,1621.76,17152.77,-5829.51,175.85,-2169.83,-5653.67,-7823.49,,,,,,,,,
7661,1835.14,4221.14,4958.16,474.16,271.24,-115.14,-3823.58,-28779.85,1611.25,17166.96,-5814.95,173.53,-2180.5,-5641.42,-7821.92,,,,,,,,,
7671,1821.78,4249.9,4963.71,470.6,269.79,-100.87,-3829.27,-28728.98,1613.19,17201.82,-5886.22,177.98,-2068.32,-5708.25,-7776.57,,,,,,,,,
7681,1825.72,4288.62,5010.53,470.85,252.51,-89.82,-3816.58,-28721.68,1586.52,17141.04,-5842.14,175.1,-2052.29,-5667.04,-7719.33,,,,,,,,,
7691,1830.54,4233.75,5013.72,479.14,259.17,-124.09,-3799.11,-28854.05,1615.11,17262.86,-5810.53,173.37,-2082.95,-5637.17,-7720.12,,,,,,,,,
7701,1809.98,4135.75,4954.65,469.83,273.12,-80.82,-3823.71,-28777.58,1624.91,17180.6,-5834.35,177.01,-2233.27,-5657.34,-7890.61,,,,,,,,,
7711,1820.89,4297.03,4973.53,466.71,251.83,-118.44,-3854.89,-29078.33,1609.15,17238.84,-5543.35,171.49,-2393.68,-5371.86,-7765.54,,,,,,,,,
7721,1814.89,4261.69,4927.85,467.07,270.73,-132.27,-3749.59,-28792.97,1624.55,17113.47,-5825.03,178.39,-2194.58,-5646.63,-7841.21,,,,,,,,,
7731,1822.56,4315.73,4955.94,492.88,275.94,-112.24,-3848.55,-29162.6,1588.36,17196.33,-5445.9,168.95,-2475.64,-5276.96,-7752.6,,,,,,,,,
7741,1792.07,4278.44,4932.95,476.19,284.11,-143.95,-3852.34,-28949.08,1632.43,17147.97,-5626.07,169.76,-2401.21,-5456.31,-7857.52,,,,,,,,,
7751,1821.62,4280.18,4962.7,472.94,250.16,-100.62,-3871.97,-29019.43,1593.8,17072.1,-5495.11,169.22,-2538.52,-5325.89,-7864.41,,,,,,,,,
7761,1812.2,4269.31,4957.47,482.57,265.2,-149.28,-3847.87,-29187.44,1598.57,17126.07,-5352.93,167.79,-2673.19,-5185.14,-7858.33,,,,,,,,,
7771,1882.17,4172.53,4928.8,476.03,255.44,-78.32,-3864.55,-29091.12,1607.38,17124.39,-5481.92,167.29,-2587.26,-5314.63,-7901.89,,,,,,,,,
7781,1799.11,4305.85,4929.25,487.8,271.17,-97.62,-3836.09,-28709.34,1596.21,17000.37,-5767.31,173.93,-2253.29,-5593.38,-7846.67,,,,,,,,,
7791,1800.95,4179.64,4942.55,487.87,277.39,-90.58,-3809.89,-28961.62,1610.76,17171.73,-5658.39,173.22,-2391.2,-5485.16,-7876.37,,,,,,,,,
7801,1865.58,4330.12,4955.73,485.21,288.26,-116.49,-3788.67,-28815.04,1594.31,17025.64,-5720.1,173.52,-2175.34,-5546.58,-7721.92,,,,,,,,,
7811,1828.31,4330.22,4971.89,476.61,284.79,-94.6,-3873.74,-29048.86,1605.82,17078.91,-5516.2,171.49,-2440.64,-5344.72,-7785.35,,,,,,,,,
7821,1810.04,4273.27,4949.43,472.92,252.59,-121.57,-3822.25,-29038.57,1623.89,17165.86,-5532.59,170.96,-2434.37,-5361.63,-7796.01,,,,,,,,,
7831,1822.07,4220.07,4958.14,484.51,282.03,-111.73,-3857.69,-29109.91,1606.36,17192.91,-5521.33,171.92,-2513.24,-5349.4,-7862.65,,,,,,,,,
7841,1790.32,4256.43,4980.89,490.96,262.03,-142.26,-3827.82,-29050.06,1626.42,17200.15,-5549.48,170.11,-2412.94,-5379.37,-7792.31,,,,,,,,,
7851,1835.8,4185.49,4943.38,461.54,292.18,-109.22,-3851.35,-29212.25,1598.39,17125.33,-5396.16,166.04,-2730.71,-5230.12,-7960.84,,,,,,,,,
7861,1786.31,4221.38,4990.84,475.24,263.86,-123.31,-3841.98,-29166.93,1641.28,17252.99,-5489.95,170.28,-2500.31,-5319.67,-7819.98,,,,,,,,,
7871,1791.65,4148.22,4986.86,468.83,269.58,-133.62,-3857.87,-28930.21,1622.6,17115.2,-5537.56,167.46,-2518.76,-5370.1,-7888.86,,,,,,,,,
7881,1854.57,4272.8,4932.25,472.64,264.05,-114.52,-3813.17,-29040.83,1629.64,17058.98,-5475.36,168.78,-2483.59,-5306.58,-7790.17,,,,,,,,,
7891,1774.25,4386.6,4928.69,484.22,291.91,-145.72,-3829.1,-29206.38,1611.83,17089.19,-5358.27,170.13,-2614.51,-5188.14,-7802.65,,,,,,,,,
7901,1806.81,4228.86,4948.44,476.93,260.6,-112.07,-3807.57,-28839.08,1605.8,17168.11,-5763.8,175.73,-2263.18,-5588.07,-7851.24,,,,,,,,,
7911,1829.97,4192.99,4923.72,471.15,259.7,-116.28,-3812.3,-28949.1,1605.76,17095.74,-5609.51,174.33,-2498.64,-5435.18,-7933.83,,,,,,,,,
7921,1769.25,4178.21,4970.35,479.24,265.28,-118.45,-3830.19,-28739.84,1618.1,17208.13,-5895.59,175.48,-2199.93,-5720.11,-7920.03,,,,,,,,,
7931,1791.4,4306.94,4961.98,473.48,253.98,-131.66,-3822.41,-28704.33,1619,17203.77,-5937.1,177.47,-2047.85,-5759.63,-7807.48,,,,,,,,,
7941,1808.24,4261,4962.48,495.22,262.8,-102.76,-3815,-28697.23,1613.55,17079.28,-5833.27,174.87,-2132.42,-5658.4,-7790.83,,,,,,,,,
7951,1760.67,4379.06,4976.81,496.7,270.18,-144.35,-3744.61,-28747.61,1610.59,17037.77,-5815.69,176.27,-2104.79,-5639.43,-7744.22,,,,,,,,,
7961,1731.15,4281.95,4956.31,475.49,268.48,-101.29,-3783.42,-28884.87,1589.36,17134.34,-5672.52,178.15,-2332.51,-5494.37,-7826.88,,,,,,,,,
7971,1756.85,4315.57,4975.13,490.43,269.94,-123.99,-3847.94,-28907.51,1614.84,17077.58,-5584.7,170.23,-2379.11,-5414.47,-7793.58,,,,,,,,,
7981,1803.8,4185.7,4970.07,484.13,270.17,-124.45,-3783.68,-28639.24,1610.75,17055.95,-5881.88,176.9,-2166.8,-5704.98,-7871.78,,,,,,,,,
7991,1804,4280.86,4942.15,486.53,276.76,-99.06,-3810.73,-28774.52,1596.21,17084.15,-5773.54,172.01,-2213.65,-5601.53,-7815.18,,,,,,,,,
8001,1808.71,4305.56,4973.87,480.49,266.75,-129.23,-3842.74,-28958.87,1613.81,16994.81,-5542.18,171.9,-2486.84,-5370.28,-7857.12,,,,,,,,,
8011,1864.77,4269.12,4991.61,483.35,279.84,-125.23,-3837.22,-29052.63,1610.57,17096.96,-5529.23,168.81,-2418.88,-5360.42,-7779.3,,,,,,,,,
8021,1811.27,4305.02,4946.03,472.56,259.02,-123.94,-3851.95,-29029.62,1625.85,17062.8,-5512.08,167.92,-2522.95,-5344.16,-7867.11,,,,,,,,,
8031,1824.9,4290.17,5036.44,491.07,268.8,-111.1,-3863.72,-28967.12,1600.7,17114.35,-5574.88,170.93,-2315.5,-5403.95,-7719.46,,,,,,,,,
8041,1864.3,4208.75,4960.58,482.63,270.67,-120.52,-3809.94,-28876.42,1598.14,17075.09,-5617.45,173.63,-2346.72,-5443.83,-7790.54,,,,,,,,,
8051,1832.64,4267.39,4969.96,465.28,273.62,-138.5,-3833.19,-29031.03,1597.19,17118.32,-5485.13,168.67,-2478.33,-5316.46,-7794.78,,,,,,,,,
8061,1780.03,4300.12,5017.68,476.21,279.27,-149.04,-3849.95,-28978.18,1615.86,17027.88,-5529.49,169.1,-2480.12,-5360.38,-7840.5,,,,,,,,,
8071,1821.55,4233.48,4945.67,489.95,275.8,-115.22,-3844.19,-29000.25,1644.75,17132.09,-5549.05,168.18,-2416.36,-5380.88,-7797.24,,,,,,,,,
8081,1790.44,4276.19,4968.61,491.39,261.1,-140.8,-3800.1,-28990.04,1621.12,17065.12,-5572.45,169.79,-2456.97,-5402.66,-7859.63,,,,,,,,,
8091,1796.67,4236.67,4934.48,467.86,269.67,-96.54,-3820.13,-28812.79,1600.3,17166.49,-5704.83,169.19,-2257.32,-5535.65,-7792.96,,,,,,,,,
8101,1769.5,4224.41,4979.06,479.44,247.78,-112.02,-3846.53,-28886.85,1650.23,17138.64,-5644.95,169.66,-2356.34,-5475.3,-7831.64,,,,,,,,,
8111,1838.85,4242.52,4991.54,491.29,286.21,-131.67,-3829.73,-28879.47,1599.1,17053.25,-5613.58,173.38,-2338.1,-5440.19,-7778.29,,,,,,,,,
8121,1832.26,4242.31,4968.15,475.55,262.24,-99.47,-3844.35,-28949.96,1610.17,17110.32,-5609.4,170.79,-2392.77,-5438.6,-7831.37,,,,,,,,,
8131,1801.57,4267.46,4963.35,486.25,291.69,-114.06,-3837.77,-29024.2,1628.03,17056.16,-5453.66,172.17,-2481.52,-5281.49,-7763,,,,,,,,,
8141,1837.28,4264.95,4966.76,477.32,251.93,-115.19,-3872.04,-28897.28,1582.13,17057.84,-5579.45,170.87,-2446.29,-5408.57,-7854.87,,,,,,,,,
8151,1843.99,4227.28,4916.12,469.59,242.59,-88,-3874.64,-28867.03,1624.38,17032.9,-5577.76,169.25,-2472.82,-5408.51,-7881.33,,,,,,,,,
8161,1783.2,4223.04,5050.07,474.21,266.28,-128.5,-3830.9,-28707.27,1620.97,17097.32,-5778.73,177.95,-2151.58,-5600.78,-7752.35,,,,,,,,,
8171,1744.95,4287.84,4981.52,477.38,288,-110.89,-3887.14,-28880.82,1635.7,16954,-5540.03,170.4,-2509.46,-5369.64,-7879.1,,,,,,,,,
8181,1814.55,4211.21,4996.33,491.49,285.9,-120.35,-3818.74,-29055.91,1603.1,17095.6,-5503.09,173.45,-2496.81,-5329.64,-7826.45,,,,,,,,,
8191,1836.87,4223.02,4959.01,470.87,252.84,-118.4,-3891.63,-28904.38,1588.34,17067.88,-5592.95,167.4,-2515.57,-5425.55,-7941.12,,,,,,,,,
8201,1786.18,4277.43,4923.5,488.18,256.59,-112.11,-3820.37,-28698.06,1605.03,17010.69,-5792.97,176.61,-2282.96,-5616.36,-7899.32,,,,,,,,,
8211,1821.26,4290.32,4979.49,484.58,295.76,-109.19,-3830.57,-28985.03,1606.46,17094.96,-5572.27,172.37,-2351.96,-5399.9,-7751.86,,,,,,,,,
8221,1886.83,4157.58,4981.08,471.23,297.5,-106.2,-3830.74,-28860.77,1591.82,16980.75,-5589.01,171.97,-2430.93,-5417.04,-7847.97,,,,,,,,,
8231,1818.18,4279.9,4928.23,481.06,291.65,-121.39,-3827.47,-28558.05,1629.29,17032.97,-5897.22,173.6,-2045.63,-5723.61,-7769.24,,,,,,,,,
8241,1913.26,4310.97,4965.84,474.87,277.65,-119.7,-3871.89,-28767.1,1552.96,17050.4,-5731.96,169.57,-2212.74,-5562.39,-7775.13,,,,,,,,,
8251,1819.5,4229.98,5001.17,483.2,278.28,-131.67,-3871.71,-28861.22,1609.56,17148.04,-5679.38,167.13,-2294.88,-5512.25,-7807.13,,,,,,,,,
8261,1819.38,4241.21,4936.16,478.2,273.95,-124.22,-3802.63,-28981.6,1640.71,17120.2,-5538.41,171.49,-2398.64,-5366.92,-7765.56,,,,,,,,,
8271,1874.77,4317.29,4961.13,480.95,271.83,-91.94,-3803.4,-28539.2,1614.06,16944.9,-5890.5,174.64,-1969.62,-5715.86,-7685.48,,,,,,,,,
8281,1763.94,4180.86,4923.62,467.81,255.66,-91.86,-3832.66,-28686.9,1609.65,17156.91,-5836.1,173.7,-2252.97,-5662.4,-7915.37,,,,,,,,,
8291,1798.46,4215.25,4993.74,476.64,268.9,-121.26,-3840.73,-28660.72,1607.99,17135.36,-5900,177.21,-2126.38,-5722.79,-7849.17,,,,,,,,,
8301,1800.56,4221.32,5019.77,488.66,267.61,-116.53,-3786.3,-28669.41,1601.34,17057.92,-5837.58,176.58,-2115.07,-5661,-7776.07,,,,,,,,,
8311,1851.11,4211.92,4984.16,470.62,259.96,-126.71,-3887.5,-28758.17,1602.02,17105.52,-5743.2,171.23,-2287.07,-5571.98,-7859.05,,,,,,,,,
8321,1801.54,4282.87,4990.06,458.63,259.86,-83.45,-3819.21,-28604.38,1613.13,16985.62,-5865.45,174.89,-2115.32,-5690.56,-7805.88,,,,,,,,,
8331,1789.54,4169.01,4992.09,480.02,280.42,-125.26,-3854.86,-28748.53,1624.05,17221.33,-5885.25,173.73,-2172.2,-5711.52,-7883.72,,,,,,,,,
8341,1803.62,4292.82,4945.97,480.01,263.56,-92.92,-3804.6,-28801.14,1578.8,17070.67,-5736.15,174.36,-2263.22,-5561.8,-7825.02,,,,,,,,,
8351,1783.62,4202.83,4955.88,478.71,269.36,-99.1,-3834.07,-28728.51,1616.27,17179.02,-5838.99,174.36,-2175.98,-5664.63,-7840.62,,,,,,,,,
8361,1846.64,4298.18,4981.38,464.18,285.81,-139.39,-3806.02,-28664.55,1598.67,16983.18,-5802.53,177.62,-2151.93,-5624.91,-7776.84,,,,,,,,,
8371,1832.24,4259.65,4988.44,484.78,275.69,-105.2,-3835.79,-28678.37,1588.97,17100.49,-5847.56,174.41,-2089.1,-5673.15,-7762.25,,,,,,,,,
8381,1816.5,4328.19,4981.59,491.47,279.02,-115.94,-3784.65,-28717.76,1614.35,16989.31,-5780.11,176.84,-2117.92,-5603.27,-7721.19,,,,,,,,,
8391,1846.97,4299.37,4984.03,484.96,255.55,-100.46,-3847.34,-28693.23,1575.19,17078.37,-5837.65,175.6,-2116.59,-5662.05,-7778.64,,,,,,,,,
8401,1833.74,4287.2,4966.13,485.07,267.33,-105.3,-3841.11,-28820.85,1600.71,16989.43,-5659.95,172.82,-2337.66,-5487.12,-7824.78,,,,,,,,,
8411,1796.39,4303.12,4959.15,472.32,275.1,-101.7,-3809.48,-28686.45,1602.03,16944.18,-5799.78,175.91,-2245.33,-5623.87,-7869.2,,,,,,,,,
8421,1786.65,4224.58,4964.38,469.14,264.48,-110.12,-3778.24,-28790.91,1609.49,17118.75,-5771.11,171.56,-2241.8,-5599.55,-7841.35,,,,,,,,,
8431,1778.72,4271.55,4961.48,479.08,270.31,-126.93,-3785.96,-28613.45,1640.32,16938.05,-5771.34,172.81,-2186.84,-5598.53,-7785.37,,,,,,,,,
8441,1846.19,4263.76,4914.58,480.34,263.14,-107.32,-3847.83,-28634.03,1603.97,16911.94,-5758.83,171.1,-2305.24,-5587.73,-7892.97,,,,,,,,,
8451,1858.17,4187.45,4936.95,485.21,262.37,-116.54,-3804.71,-28510.06,1600.46,16939.93,-5839.26,175.91,-2160.78,-5663.35,-7824.13,,,,,,,,,
8461,1783.24,4340.25,4968.67,492.77,248.72,-94.24,-3861.5,-28572.11,1605.17,16936.88,-5805.46,172.21,-2152.16,-5633.25,-7785.42,,,,,,,,,
8471,1780.62,4261.54,4962.14,471.99,264.57,-115.74,-3807.69,-28626.28,1625.59,16911.89,-5759.28,174.45,-2271.36,-5584.83,-7856.2,,,,,,,,,
8481,1804.32,4274.39,4947.98,473.63,266.87,-123.59,-3819.87,-28712.78,1594.71,16954.32,-5746.95,173.06,-2340.01,-5573.89,-7913.9,,,,,,,,,
8491,1789.62,4298.29,4969.32,486.05,274.87,-97.85,-3846.38,-28691.31,1612.64,16994.14,-5778.1,172.91,-2210.62,-5605.18,-7815.81,,,,,,,,,
8501,1824.48,4372.5,4977.23,507.76,271.66,-94.41,-3828.76,-28731.13,1598.57,16932.76,-5689.37,174.03,-2169.34,-5515.33,-7684.67,,,,,,,,,
8511,1782.71,4274.28,4944.78,471.6,266.88,-101.47,-3727.66,-28762.69,1611.34,17045.04,-5764.6,176.35,-2195.19,-5588.25,-7783.43,,,,,,,,,
8521,1833.05,4360.05,4997.28,490.95,270.02,-114.09,-3798.32,-28534.26,1587.55,16973.06,-5890.47,174.79,-1934.71,-5715.68,-7650.4,,,,,,,,,
8531,1828.69,4327.09,4961.84,489.68,291.65,-108.1,-3795.23,-28958.14,1616.02,16992.48,-5522.02,171.83,-2354,-5350.18,-7704.19,,,,,,,,,
8541,1840.9,4286.9,4972.31,503.15,270.82,-104.17,-3856.12,-28914.4,1606.91,17036.43,-5549.37,168.95,-2357.27,-5380.42,-7737.69,,,,,,,,,
8551,1828.73,4273.55,4988.94,486.83,291.77,-107.57,-3824.48,-28695.11,1611.29,16943.73,-5764.94,173.54,-2202.33,-5591.41,-7793.73,,,,,,,,,
8561,1816.53,4302.43,4986.92,470.02,284.08,-117,-3864.98,-28914.74,1630.28,17041.18,-5525.81,168.12,-2365.29,-5357.69,-7722.98,,,,,,,,,
8571,1771.9,4271.15,4948.24,479.43,268.39,-103.21,-3871.58,-28881.98,1613.84,16990.05,-5528.99,168.51,-2513.77,-5360.49,-7874.26,,,,,,,,,
8581,1803.78,4185.21,4905.64,473.3,254.04,-116.67,-3812.19,-28957.96,1610.14,17097.21,-5546.63,169.46,-2557.51,-5377.18,-7934.68,,,,,,,,,
8591,1888.7,4288.68,4925.93,474.38,274.5,-96.69,-3842.55,-28894.19,1615.35,16926.04,-5528.69,171.69,-2439.85,-5357,-7796.85,,,,,,,,,
8601,1805.04,4173.34,4940.06,475.98,268.39,-99.18,-3860.25,-29019.54,1648.64,17006.14,-5454.34,166.82,-2661.38,-5287.52,-7948.9,,,,,,,,,
8611,1821.54,4287.22,4923.22,475.81,266.5,-121.76,-3854.5,-28880.42,1621.6,16841.71,-5472.16,169.05,-2619.1,-5303.11,-7922.21,,,,,,,,,
8621,1858.75,4267.05,4962.71,475.84,268.42,-109.15,-3874.67,-29061.68,1596.99,16954.81,-5370.78,167.63,-2660.92,-5203.15,-7864.07,,,,,,,,,
8631,1831.28,4345.99,4955.43,478.89,256,-112.17,-3868.45,-28869.98,1600.31,16897.56,-5481.88,167.16,-2485.14,-5314.73,-7799.86,,,,,,,,,
8641,1852.25,4230.38,4933.25,474.11,266.59,-121.8,-3778.33,-28812.25,1614.18,16995.51,-5661.95,173.68,-2346.11,-5488.26,-7834.37,,,,,,,,,
8651,1794.45,4318.57,4943.17,466,273.86,-138.89,-3839.79,-28600.15,1611.45,16997.19,-5812.56,176.27,-2174.14,-5636.29,-7810.43,,,,,,,,,
8661,1875.48,4237.05,4973.31,487.22,261.08,-95.07,-3794.19,-28620.59,1619.05,16912.56,-5810.07,176.5,-2144.1,-5633.57,-7777.67,,,,,,,,,
8671,1815.7,4215.32,4985.89,473.15,276.92,-88.11,-3842.51,-28712.64,1625.75,17065.2,-5754.62,174.49,-2185.33,-5580.13,-7765.46,,,,,,,,,
8681,1850.38,4189.65,4948.22,483.93,255.6,-105.36,-3785.78,-28834.93,1625.52,16991.04,-5643.55,176.42,-2381.72,-5467.13,-7848.85,,,,,,,,,
8691,1808.99,4317.44,4956.71,489.31,276.45,-90.57,-3790.21,-28675.62,1597.98,17007.6,-5819.83,177.84,-2101.9,-5641.99,-7743.9,,,,,,,,,
8701,1786.31,4235.31,4936.61,472.87,260.76,-140.09,-3798.25,-28700.75,1626.38,16987.28,-5771.52,176.41,-2333.57,-5595.11,-7928.68,,,,,,,,,
8711,1767.45,4256.67,4914.6,475.29,266.78,-118.49,-3823.93,-28743.38,1641.06,17071.22,-5761.25,171.65,-2292.73,-5589.59,-7882.32,,,,,,,,,
8721,1782.31,4172.11,4983.01,467.58,277.14,-114.19,-3796.2,-28779.72,1626.39,17087.72,-5771.3,170.62,-2293.86,-5600.67,-7894.54,,,,,,,,,
8731,1804.09,4236.23,4953.39,472.62,281.55,-110.67,-3821.01,-28772.51,1610.66,17155.06,-5767.23,174.41,-2190.59,-5592.82,-7783.41,,,,,,,,,
8741,1749.67,4331.92,4979.27,475.77,268.52,-114.47,-3839.81,-28739.01,1602.46,17063.12,-5779.29,172.57,-2222.58,-5606.72,-7829.3,,,,,,,,,
8751,1798.28,4166.49,4946.9,465.73,268.02,-117.31,-3834.47,-28883.32,1606.84,17045.16,-5573.02,171.28,-2537.67,-5401.74,-7939.41,,,,,,,,,
8761,1823.57,4201.53,4931.95,483.89,279.61,-131.69,-3812.68,-28820.67,1645.34,16946.9,-5555.97,171.36,-2452.24,-5384.6,-7836.85,,,,,,,,,
8771,1826.02,4343.73,4946.38,481.82,285.84,-99.25,-3814.49,-28928.79,1591.38,16879.64,-5447.84,167.63,-2487.72,-5280.21,-7767.93,,,,,,,,,
8781,1829.6,4290.79,4948.34,498.78,274.11,-112.24,-3881.08,-28768.53,1604.53,16994.89,-5618.15,166.97,-2320.81,-5451.19,-7772,,,,,,,,,
8791,1802.61,4243.1,4973.38,474.72,246.55,-119.51,-3800.15,-28519.87,1614.09,16979.49,-5891.11,175.88,-2105.59,-5715.23,-7820.82,,,,,,,,,
8801,1903.59,4267.32,4956.76,483,271.32,-106.51,-3850.49,-28508.94,1585.36,16939.83,-5884.58,174.55,-2058.76,-5710.03,-7768.79,,,,,,,,,
8811,1847.33,4293.96,4925.22,479.03,257.85,-115.18,-3836.51,-28463.64,1599.61,16904.83,-5928.78,172.82,-2107.49,-5755.95,-7863.44,,,,,,,,,
8821,1815.83,4288.61,4995.87,480.43,271.93,-123.65,-3833.63,-28518.59,1606.45,16958.86,-5893.45,173.59,-2057.89,-5719.86,-7777.75,,,,,,,,,
8831,1841.21,4286.73,4965.04,492.06,272.22,-107.33,-3817.29,-28665.17,1636.49,17059.37,-5812.19,174,-2036.65,-5638.19,-7674.84,,,,,,,,,
8841,1807.77,4283.34,4915.86,484.71,288.46,-107.68,-3852.38,-28653.81,1617,17090.8,-5827.81,173.11,-2125.92,-5654.7,-7780.62,,,,,,,,,
8851,1845.08,4250.31,4939.2,479.6,285.16,-145.67,-3792.95,-28598.02,1603.99,16971.14,-5835.08,173.11,-2162.15,-5661.97,-7824.13,,,,,,,,,
8861,1837.03,4338.7,4983.99,488.28,264.72,-109.92,-3830.07,-28930.71,1580.96,16968.26,-5529.67,168.42,-2408.75,-5361.25,-7770,,,,,,,,,
8871,1798.39,4243.5,4952.52,475.84,267.43,-139.04,-3858.04,-28854.08,1613.28,16905.52,-5485.88,166.34,-2594.68,-5319.54,-7914.22,,,,,,,,,
8881,1805.73,4270.13,4947.4,475.62,287.46,-105.75,-3835.4,-28928.02,1626.4,16995.6,-5542.08,169.64,-2460.84,-5372.44,-7833.28,,,,,,,,,
8891,1785.2,4374.84,4936.26,479.52,266.24,-112.75,-3881.74,-28890.28,1623.69,17028.74,-5538.87,170.19,-2390.28,-5368.67,-7758.95,,,,,,,,,
8901,1806.89,4218.15,4982.2,469.89,278.27,-118.63,-3822.16,-28909.93,1602.95,16984.61,-5511.12,171.87,-2507.75,-5339.24,-7846.99,,,,,,,,,
8911,1817.41,4230.1,4962.69,486.61,288.2,-91.23,-3803.07,-28954.52,1591.85,17083.98,-5558.87,173.45,-2387.97,-5385.42,-7773.39,,,,,,,,,
8921,1827.84,4249.58,4963.1,486.78,264.84,-107.82,-3853.96,-28666,1618.29,17047.46,-5817.99,173.74,-2169.89,-5644.24,-7814.13,,,,,,,,,
8931,1844.57,4255.54,4952.97,494.56,283.47,-116.33,-3794.22,-28690.62,1606.75,17023.04,-5813.13,172.14,-2140.28,-5641,-7781.27,,,,,,,,,
8941,1869.89,4170.97,4986.73,488.23,272.75,-85.76,-3822.51,-28796.04,1599.89,17035.43,-5706.71,173.66,-2280.41,-5533.05,-7813.47,,,,,,,,,
8951,1888.97,4243.96,4963.64,474.81,286.99,-99.36,-3800.46,-28718.11,1609.13,17003.77,-5742.64,173.24,-2146.65,-5569.4,-7716.05,,,,,,,,,
8961,1849.28,4217.82,4995.12,486.12,290.14,-119.51,-3792.2,-28776.62,1612.53,17008.99,-5689.64,172.39,-2228.34,-5517.25,-7745.59,,,,,,,,,
8971,1824.09,4221.31,4974.03,469.72,265.32,-122.5,-3843.49,-28697.73,1623.22,16965.8,-5725.82,169.69,-2320.22,-5556.13,-7876.35,,,,,,,,,
8981,1732.55,4391.64,4935.8,479.77,272.56,-116.88,-3811.07,-28520.93,1617.69,16955,-5876.96,173.17,-2063.87,-5703.79,-7767.66,,,,,,,,,
8991,1777.52,4281.18,4919.61,481.78,253.34,-128.67,-3796.12,-28682.6,1620.19,17056.92,-5792.4,175.89,-2216.85,-5616.52,-7833.37,,,,,,,,,
9001,1796.42,4363.35,4940.44,495.17,266.91,-107.16,-3844.85,-28654.02,1621.37,16964.61,-5792.17,176.33,-2157.76,-5615.85,-7773.6,,,,,,,,,
9011,1800.77,4253.29,4905.16,487.37,292.76,-124.77,-3863.92,-28665.02,1648.87,17105.14,-5823.65,173.92,-2160.35,-5649.74,-7810.08,,,,,,,,,
9021,1807.83,4208.81,4936.15,474.28,287.69,-99.93,-3852.97,-28633.14,1613.19,17055.22,-5839.78,172.43,-2202.88,-5667.35,-7870.23,,,,,,,,,
9031,1877.24,4298.55,4962.08,494.7,264.3,-109.76,-3877.56,-28666.57,1593.37,17056.96,-5811.19,175.48,-2106.69,-5635.71,-7742.4,,,,,,,,,
9041,1821.04,4271.41,4963.62,483.29,268.16,-110.52,-3794.26,-28674.96,1616.77,16960.48,-5746.39,174.66,-2194.98,-5571.74,-7766.72,,,,,,,,,
9051,1882.32,4294.44,4943.82,498.92,264.78,-113.26,-3783.62,-28742.89,1633.44,16983.46,-5687.31,172.18,-2138.6,-5515.13,-7653.72,,,,,,,,,
9061,1865.72,4185.02,4959.35,482.61,277.47,-100.28,-3787.64,-28762.19,1614.26,17135.68,-5803.88,176.63,-2130.01,-5627.25,-7757.27,,,,,,,,,
9071,1841.58,4253.84,4947.98,484.17,270.91,-104.25,-3809.94,-28760.28,1614.78,17033.52,-5751.41,174.15,-2227.7,-5577.25,-7804.95,,,,,,,,,
9081,1780.74,4179.52,4977.66,477.8,287.77,-108.11,-3755.84,-28769.28,1621.59,17137.63,-5797.16,174.39,-2170.52,-5622.77,-7793.29,,,,,,,,,
9091,1849.31,4217.87,4879.25,458.14,285.27,-107.61,-3746.28,-28684.45,1629.32,16968.37,-5796.85,174.87,-2250.79,-5621.98,-7872.77,,,,,,,,,
9101,1811.56,4314.68,4923.96,480.06,271.17,-103.42,-3837.14,-28663.28,1600.69,17054.89,-5808.86,171.97,-2146.83,-5636.89,-7783.72,,,,,,,,,
9111,1819.9,4287,4915.83,479.7,253,-101.36,-3800.87,-28917.1,1599.01,17047.25,-5587.72,172.56,-2417.64,-5415.16,-7832.79,,,,,,,,,
9121,1815.75,4266.37,4915.96,482.72,276.16,-87.72,-3783.12,-28826.23,1620.19,17087.63,-5715.74,179.01,-2232.29,-5536.73,-7769.03,,,,,,,,,
9131,1864.87,4288.1,4937.26,484.34,261.54,-136.06,-3812.14,-28657.79,1619.05,17064.64,-5849.24,178.31,-2086.18,-5670.94,-7757.12,,,,,,,,,
9141,1808.39,4315.48,4906.77,470.53,292.07,-79.88,-3831.3,-28628.98,1608.37,17096.83,-5882.53,176.4,-2041.71,-5706.13,-7747.85,,,,,,,,,
9151,1826.89,4225.94,4895.76,471.15,276.79,-91.28,-3848.57,-28686.89,1600.08,17081.65,-5766.56,176.99,-2248.46,-5589.56,-7838.03,,,,,,,,,
9161,1833.33,4258.27,4922.52,478.88,259.67,-87.46,-3799.45,-28939.67,1631.9,17102.08,-5634.02,177.68,-2339.91,-5456.34,-7796.26,,,,,,,,,
9171,1796.94,4250.97,4888.5,468.95,262.83,-101.92,-3776.78,-28789.44,1620.76,17130.5,-5763.02,176.07,-2248.69,-5586.94,-7835.63,,,,,,,,,
9181,1852.66,4281.42,4928.95,496.7,245.43,-106.36,-3846.46,-28719.05,1616.94,17005.03,-5764.75,171.78,-2244.74,-5592.97,-7837.71,,,,,,,,,
9191,1820.04,4209.82,4930.17,467.28,271.22,-102.62,-3794.75,-28764,1615.43,17170.53,-5775.43,173.43,-2176.88,-5602,-7778.88,,,,,,,,,
9201,1867.74,4216.9,4953.64,481.76,286.68,-120.95,-3800.09,-28662.94,1582.9,17046.29,-5784.77,173.72,-2148.07,-5611.05,-7759.12,,,,,,,,,
9211,1835.99,4256.2,4968.3,468.23,275.33,-147.82,-3812.5,-28628.6,1580.81,16934.21,-5791.07,175,-2269.85,-5616.07,-7885.92,,,,,,,,,
9221,1827.56,4205.67,4974.64,468.42,278.04,-103.13,-3850.46,-28722.06,1649.85,17113.41,-5765.24,173.35,-2158.07,-5591.89,-7749.96,,,,,,,,,
9231,1876.39,4289.7,4972.33,483.49,284.97,-98.53,-3845.27,-28809.97,1590.23,17050.56,-5712.06,173.98,-2206.1,-5538.08,-7744.19,,,,,,,,,
9241,1783.28,4208.47,4978.68,483.96,277.65,-114.5,-3899.19,-28750.19,1665.46,17124.92,-5781.07,168.44,-2241.45,-5612.63,-7854.08,,,,,,,,,
9251,1885.59,4253.38,4967.14,486.19,243.87,-104.18,-3838.27,-28837.59,1579.46,17079.93,-5656.15,171.04,-2284.46,-5485.11,-7769.58,,,,,,,,,
9261,1833.88,4312.06,4936.03,494.98,281.26,-77.35,-3859.67,-28764.85,1623.39,17004.44,-5727.91,173.24,-2215.83,-5554.67,-7770.5,,,,,,,,,
9271,1762.33,4309.43,4951.57,477.2,265.01,-91.78,-3864.98,-28763.64,1628.64,17017.9,-5719.09,174.05,-2308.32,-5545.04,-7853.36,,,,,,,,,
9281,1878.64,4252.27,4934.67,487.54,273.96,-94.08,-3823.97,-28905.06,1603.11,17059.49,-5679.15,172.65,-2333.44,-5506.51,-7839.95,,,,,,,,,
9291,1841.2,4223.87,4980.09,467.3,270.01,-113.52,-3809.43,-28865.82,1630.97,17109.4,-5701.57,175.79,-2265.94,-5525.79,-7791.73,,,,,,,,,
9301,1801.89,4257.12,4946.21,486.84,252.87,-105.28,-3806.33,-28790.77,1608.76,17104.94,-5747.44,176.39,-2243.75,-5571.05,-7814.81,,,,,,,,,
9311,1846.02,4313.05,4955.47,475.74,275.23,-109.65,-3805.54,-28717.2,1605.17,17038.18,-5806.53,173.34,-2123.52,-5633.19,-7756.72,,,,,,,,,
9321,1776,4214.9,5005.6,452.84,281.64,-129.49,-3848.73,-28825.78,1634.27,17025.12,-5647.13,169.52,-2413.61,-5477.61,-7891.22,,,,,,,,,
9331,1827.79,4249.6,4974.43,491.17,280.9,-144.96,-3814.91,-28666.05,1603.42,16983.31,-5789.79,177,-2215.3,-5612.78,-7828.08,,,,,,,,,
9341,1747.42,4262.04,4985.18,463.27,294.83,-121.48,-3834.1,-28688.26,1602.18,17087.2,-5823.06,173.59,-2201.72,-5649.47,-7851.19,,,,,,,,,
9351,1822.76,4297.02,5004.79,481.82,265.06,-119.87,-3809.04,-28754.74,1591.53,17123.78,-5845.85,174.26,-2096.87,-5671.59,-7768.46,,,,,,,,,
9361,1768.16,4247.85,4966.69,478.48,267.93,-110.41,-3845.02,-28696.3,1621.31,17110.41,-5823.02,175.55,-2190.9,-5647.46,-7838.37,,,,,,,,,
9371,1811.83,4268.5,4969.37,478.54,271.11,-131.15,-3793.72,-28704.29,1623.69,17113.04,-5822.73,176.92,-2093.08,-5645.81,-7738.89,,,,,,,,,
9381,1816.07,4351.62,4955.35,491.46,270.04,-134.83,-3834,-28915.02,1575.59,16950.38,-5518.4,168.93,-2473.34,-5349.47,-7822.81,,,,,,,,,
9391,1818.01,4313.84,5004.85,482,259.65,-123.57,-3862.91,-28626.38,1594.06,17000.29,-5816.69,171.5,-2140.16,-5645.19,-7785.34,,,,,,,,,
9401,1810.52,4231.26,4930.26,462.71,283.03,-127.62,-3770.55,-28637.67,1596.92,16933.61,-5776.47,177.89,-2287.53,-5598.58,-7886.11,,,,,,,,,
9411,1847.92,4180.4,4923.62,450.31,263.31,-100.49,-3859.57,-28810.62,1603.73,17013.9,-5635.6,169.49,-2487.49,-5466.12,-7953.61,,,,,,,,,
9421,1781.07,4312.53,4962.36,473.89,277.33,-129.03,-3806.25,-28705.41,1624.05,17089.43,-5836.69,172.24,-2120.03,-5664.45,-7784.48,,,,,,,,,
9431,1769.88,4201.26,4933.16,467.05,276.09,-110.51,-3755.94,-28853.86,1621.43,17209.75,-5745.13,174.86,-2241.69,-5570.27,-7811.97,,,,,,,,,
9441,1866.59,4298.59,4981.14,483.49,277.92,-132.37,-3876.01,-28726.44,1586.1,17098.27,-5796.75,174.12,-2142.72,-5622.63,-7765.35,,,,,,,,,
9451,1790.82,4217.06,4961.36,452.49,258.93,-119.79,-3809.12,-28827.28,1603.51,17157.86,-5767.76,176.28,-2314.17,-5591.48,-7905.65,,,,,,,,,
9461,1806.66,4263.56,4961.17,470.78,284.11,-86.04,-3847.66,-28830.12,1600.43,17142.97,-5746.72,174.76,-2234.13,-5571.95,-7806.08,,,,,,,,,
9471,1782.5,4323.1,4925.85,480.72,293.15,-93.64,-3828.2,-28907.95,1600.06,17118.83,-5676.31,173.07,-2305.59,-5503.24,-7808.82,,,,,,,,,
9481,1813.17,4305.67,4908.91,482.58,258,-113.34,-3862.26,-29010.82,1614.29,17106.95,-5503.75,167.42,-2496.86,-5336.34,-7833.19,,,,,,,,,
9491,1782.14,4176.51,4993.73,463.34,270.6,-140.06,-3784.13,-28784.24,1605.9,17180.29,-5808.8,172.28,-2235.93,-5636.52,-7872.44,,,,,,,,,
9501,1803.34,4232.12,4948.18,476.12,260.12,-111.62,-3821.95,-28775.88,1644.58,17140.89,-5812.27,176.39,-2204.09,-5635.89,-7839.98,,,,,,,,,
9511,1853.36,4277.23,4948.06,479.56,263.31,-105.12,-3857.98,-28654.66,1561.86,17031.71,-5804.42,175.49,-2202.67,-5628.92,-7831.6,,,,,,,,,
9521,1859.97,4251.76,4977.83,494.66,259.51,-109.5,-3817.05,-28785.22,1601.43,17109.51,-5801.46,177.88,-2157.11,-5623.58,-7780.69,,,,,,,,,
9531,1784.45,4221.73,4947.65,480.3,256.57,-115.98,-3832.17,-28556.23,1600.61,17088.94,-5948.93,180.45,-2124.11,-5768.48,-7892.59,,,,,,,,,
9541,1824.44,4382.02,4967.7,478.39,261.01,-111.84,-3847.5,-28708.91,1558.25,17070.53,-5774.83,175.22,-2125.9,-5599.61,-7725.51,,,,,,,,,
9551,1757.88,4226.18,4990.76,484.51,269.15,-108.35,-3810.65,-28801.88,1624.51,17132.84,-5759.15,175.91,-2235.06,-5583.23,-7818.29,,,,,,,,,
9561,1876.95,4232.72,4949.06,483.68,278.49,-108.51,-3797.83,-28802.86,1599.84,17111,-5757.06,175.06,-2177.45,-5581.99,-7759.45,,,,,,,,,
9571,1829.49,4215.61,4935.05,480.95,274.79,-116.84,-3775.27,-28758.81,1610.2,17154.93,-5812.16,177.09,-2149.9,-5635.06,-7784.96,,,,,,,,,
9581,1843.72,4192.06,4993.96,469.61,266.19,-90.41,-3862.53,-28736.12,1594.33,17142,-5850.63,173.65,-2187.19,-5676.98,-7864.17,,,,,,,,,
9591,1775.08,4276.2,4976.48,479.42,274.99,-98.9,-3823.21,-28718.29,1623.8,17031.16,-5814,175.61,-2203.26,-5638.39,-7841.66,,,,,,,,,
9601,1798.53,4273.73,4963.1,481.79,266.59,-130.75,-3811.17,-28783.98,1589.4,17154.38,-5770.97,178.34,-2198.39,-5592.63,-7791.02,,,,,,,,,
9611,1820.68,4227.11,4969.84,473.57,268.2,-109.65,-3811.36,-28769.56,1598.61,17073.63,-5761.23,177.22,-2258.93,-5584.01,-7842.94,,,,,,,,,
9621,1781.96,4227.48,4974.69,469.84,264.33,-119.06,-3803.49,-28570.04,1619.54,17112.21,-5937.68,179.32,-2042.55,-5758.36,-7800.9,,,,,,,,,
9631,1744.52,4250.1,4940.28,484.76,271.98,-117.2,-3806.19,-28763.88,1631.9,17120.62,-5794.37,179.08,-2243.12,-5615.29,-7858.41,,,,,,,,,
9641,1871.31,4240.79,4961.26,482.09,278.67,-107.8,-3811.26,-28729.68,1605.4,17065.43,-5756.6,175.54,-2143.78,-5581.06,-7724.84,,,,,,,,,
9651,1773.8,4245.52,4960.14,474.32,266.87,-109.62,-3787.9,-28850.05,1598.3,17078.05,-5725.21,178.34,-2350.56,-5546.87,-7897.44,,,,,,,,,
9661,1848.98,4211.19,4946.3,486.03,287.23,-100.21,-3829.41,-28903.04,1608.76,17160.83,-5706.12,174.12,-2283.36,-5531.99,-7815.36,,,,,,,,,
9671,1813.45,4252.07,5009.56,485.76,260.87,-124.59,-3844.88,-28731.6,1618.93,17098.68,-5824,172.61,-2161.77,-5651.39,-7813.15,,,,,,,,,
9681,1816.56,4300.35,4968.01,478.78,278.04,-100.42,-3807.24,-28698.82,1611.56,17103.46,-5858.47,176.2,-2049.72,-5682.27,-7731.99,,,,,,,,,
9691,1815.72,4291.78,5006.84,476.52,263.34,-136.8,-3812.54,-28838.98,1585.99,17138.89,-5722.44,175.31,-2209.22,-5547.14,-7756.36,,,,,,,,,
9701,1817.69,4227.38,4995.64,477.93,264.53,-119.54,-3798.23,-28905.86,1622.04,17097.2,-5685.95,173.94,-2321.23,-5512.01,-7833.23,,,,,,,,,
9711,1801.72,4270.77,4944.72,476.83,290.29,-116.4,-3842.81,-28860.87,1604.28,17220.51,-5736.54,173.13,-2210.97,-5563.41,-7774.38,,,,,,,,,
9721,1816.64,4257.62,4966.05,464.55,254.84,-126.69,-3792.56,-28708.41,1589.7,17062,-5829.19,176.72,-2216.26,-5652.47,-7868.73,,,,,,,,,
9731,1746.77,4250.78,4951.61,468.2,257.03,-117.43,-3857.41,-28678.17,1610.99,17129.32,-5806.98,174.22,-2238.31,-5632.77,-7871.08,,,,,,,,,
9741,1811.87,4178.38,4983.04,462.12,283.95,-105.8,-3849.38,-28856.68,1604.99,17131.7,-5717.68,174.92,-2355.81,-5542.76,-7898.57,,,,,,,,,
9751,1845.67,4293.89,5008.13,495.87,248.01,-133.71,-3870.14,-28733.3,1589.87,17184.57,-5831.42,175.05,-2071.15,-5656.37,-7727.53,,,,,,,,,
9761,1839.18,4191.66,4916.39,479.79,265.1,-100.31,-3835.77,-28875.8,1619.39,17207.4,-5703.94,176.08,-2292.98,-5527.86,-7820.83,,,,,,,,,
9771,1838.63,4260.66,4990.54,479.27,265.48,-146.96,-3810.97,-28885.57,1623.67,17169.21,-5748.77,172.08,-2216.04,-5576.69,-7792.73,,,,,,,,,
9781,1788.19,4271.11,5003.68,471.77,275.69,-129.71,-3814.09,-28883.79,1638.11,17153.73,-5687.95,176.01,-2225.3,-5511.94,-7737.25,,,,,,,,,
9791,1864.55,4227.39,4963.89,474.19,252.56,-105.58,-3805.71,-28923.38,1611.73,17097.1,-5666.07,174.89,-2343.27,-5491.18,-7834.45,,,,,,,,,
9801,1786.75,4309.89,5027.2,471.75,290.02,-91.67,-3844.09,-28766.97,1616.8,17072.29,-5748.46,175.33,-2128.03,-5573.13,-7701.16,,,,,,,,,
9811,1796.66,4221.61,4946.86,479.35,276.65,-110.44,-3852.28,-28665.39,1610.4,17169.67,-5862.09,177.95,-2126.91,-5684.14,-7811.05,,,,,,,,,
9821,1800.5,4232.1,4975.12,484.83,261.62,-103.6,-3787.57,-28674.14,1605.66,17083.88,-5870.12,176.78,-2121.59,-5693.34,-7814.93,,,,,,,,,
9831,1833.7,4246.06,4962.73,462.73,263.41,-97.24,-3823.37,-28528.03,1604.01,17072.71,-5979.81,183.62,-2003.28,-5796.19,-7799.47,,,,,,,,,
9841,1818.7,4349.09,4962.6,483.63,273.38,-129.78,-3848,-28557.96,1600.48,17124.15,-5986.68,183.92,-1923.72,-5802.76,-7726.48,,,,,,,,,
9851,1803.25,4233.45,4946.67,477.99,255.18,-117.99,-3822.77,-28637.87,1601.49,17132.55,-5895.03,176.56,-2128.06,-5718.48,-7846.53,,,,,,,,,
9861,1804.69,4321.46,4922.76,470.29,272.28,-112.76,-3810.82,-28748.06,1621.97,17195.11,-5871.32,178.96,-2063.1,-5692.36,-7755.46,,,,,,,,,
9871,1825.26,4176.12,4973.5,497.47,264.76,-115.15,-3781.69,-29043.38,1616.87,17229.72,-5698.87,176.94,-2356.52,-5521.93,-7878.45,,,,,,,,,
9881,1815.27,4269.88,4924.82,478.48,259.99,-113.18,-3800.98,-28931.08,1639.25,17187.68,-5701.79,174.91,-2269.88,-5526.88,-7796.76,,,,,,,,,
9891,1781.82,4308.6,4965.72,479.3,262.92,-129.05,-3785.44,-28823.18,1612.67,17065.02,-5764.86,176.88,-2261.64,-5587.98,-7849.62,,,,,,,,,
9901,1779.62,4258.86,4979.11,470.03,267.99,-109.31,-3844.46,-28767.3,1608.89,17121.72,-5772.08,173.96,-2234.85,-5598.12,-7832.97,,,,,,,,,
9911,1862.22,4252.52,4966.24,485.11,278.21,-103.99,-3762.5,-28760.91,1610.77,17080.21,-5800.12,179.51,-2092.12,-5620.62,-7712.74,,,,,,,,,
9921,1825.73,4203.7,4976.43,477.37,266.25,-123.73,-3816.63,-28728.25,1632.12,17096.2,-5767.62,178.04,-2190.81,-5589.58,-7780.39,,,,,,,,,
9931,1849.9,4294.3,4959.16,485.62,275.26,-98.27,-3743.94,-29021.57,1620.07,17106.41,-5620.51,176.57,-2273.05,-5443.94,-7716.99,,,,,,,,,
9941,1821.83,4314.95,4975.68,474.65,254.87,-100.79,-3803.11,-28866.93,1625.01,17146.94,-5736.26,176.91,-2156.9,-5559.34,-7716.24,,,,,,,,,
9951,1875.98,4243.07,4997.11,490.99,283.61,-131.16,-3827.74,-28661.13,1574.29,16977.88,-5775.6,174.58,-2177.11,-5601.02,-7778.12,,,,,,,,,
9961,1799.98,4196.92,4952.15,476.24,257.4,-106.07,-3831.13,-28791.2,1634.1,17083.37,-5720.91,174.15,-2328.24,-5546.76,-7875,,,,,,,,,
9971,1811.23,4258.25,4973.51,472.32,256.63,-132.42,-3821.76,-28809.62,1591.71,17034.09,-5722.84,175.65,-2366.05,-5547.19,-7913.24,,,,,,,,,
9981,1769.52,4256.02,5000.83,477.61,261.3,-128.56,-3806.01,-28860.85,1615.12,17092.71,-5693.5,172.44,-2322.31,-5521.06,-7843.37,,,,,,,,,
9991,1791.68,4251.34,4991.06,462.95,283.61,-116.23,-3842.07,-29043.18,1619.94,17207,-5605.66,174.2,-2393.9,-5431.46,-7825.36,,,,,,,,,
10001,1829.04,4210.27,4971.1,491.14,282.57,-109.25,-3785.46,-28853.22,1617.17,17212.83,-5784.13,179.46,-2133.82,-5604.67,-7738.49,,,,,,,,,
,,,,,,,,,,,,,,,,,,,,,,,,
Receptor Energy Terms,,,,,,,,,,,,,,,,,,,,,,,,
Frame #,BOND,ANGLE,DIHED,UB,IMP,CMAP,VDWAALS,EEL,1-4 VDW,1-4 EEL,EGB,ESURF,GGAS,GSOLV,TOTAL,,,,,,,,,
1,1708.92,4159.51,4991.01,479.42,276.75,-60.76,-3969.48,-29339.48,1639.87,17271.36,-5201.82,146.58,-2842.88,-5055.24,-7898.12,,,,,,,,,
11,1791.42,4274.23,4960.52,483.33,273.32,-106.89,-3861.2,-29201.85,1607.45,17391.74,-5412.73,160.29,-2387.94,-5252.43,-7640.37,,,,,,,,,
21,1798.48,4190.69,4976.11,474.62,278.2,-109.32,-3841.82,-29085.36,1601.03,17240.27,-5496.27,162.08,-2477.1,-5334.19,-7811.29,,,,,,,,,
31,1785.8,4259.76,4986.02,466,257.08,-113.26,-3866.95,-29164.98,1583.29,17250.36,-5397.53,161.41,-2556.87,-5236.12,-7792.99,,,,,,,,,
41,1813.49,4244.1,4980.52,471.29,265.49,-102.65,-3906.77,-28954.76,1616.73,17179.8,-5511.77,159.5,-2392.75,-5352.27,-7745.03,,,,,,,,,
51,1802.43,4160.39,4950.13,469.96,239.51,-68.48,-3905.45,-29045.07,1593.92,17312.78,-5494.25,158.26,-2489.88,-5335.99,-7825.88,,,,,,,,,
61,1818.15,4239.08,4996.62,472.01,273.69,-97.28,-3894.05,-28911.31,1583.05,17253.82,-5555.8,162.82,-2266.23,-5392.98,-7659.2,,,,,,,,,
71,1789.58,4280.42,4996.22,471.9,273.03,-109.74,-3835.38,-29041.73,1607.37,17164.73,-5509.11,159.73,-2403.6,-5349.38,-7752.98,,,,,,,,,
81,1819.34,4247.02,4967.88,500.52,272.62,-114.12,-3849.4,-28785.42,1590.67,17202.71,-5632.61,164.95,-2148.19,-5467.67,-7615.85,,,,,,,,,
91,1810.21,4249.86,4951.96,496.92,269.43,-102.85,-3853.54,-28854.33,1575.19,17198.44,-5602.94,162.86,-2258.71,-5440.08,-7698.79,,,,,,,,,
101,1867.3,4319.01,4959.84,484.1,276.82,-80.89,-3880.83,-28945.88,1566.56,17200.14,-5541.84,161.7,-2233.82,-5380.15,-7613.96,,,,,,,,,
111,1772.5,4099.21,5007.83,476,243.99,-95.88,-3892.83,-29024.25,1603.57,17331.56,-5548.68,161.37,-2478.31,-5387.31,-7865.62,,,,,,,,,
121,1822.08,4286.13,5008.37,490.88,268.07,-108.75,-3823.65,-28941.83,1583.53,17203.91,-5572.8,164.26,-2211.25,-5408.54,-7619.79,,,,,,,,,
131,1830.32,4268.8,4929.87,489.24,275.11,-80.43,-3860.96,-28803.67,1594.41,17225.47,-5692.8,163.15,-2131.85,-5529.65,-7661.5,,,,,,,,,
141,1838.9,4131.96,4979.07,469.96,273.58,-116.54,-3899.55,-28729.14,1611.34,17297.13,-5711.86,162.62,-2143.27,-5549.24,-7692.5,,,,,,,,,
151,1786.08,4229.07,5054.37,470.98,271.46,-96.47,-3872.23,-28781.84,1574.33,17181.25,-5680.44,164.55,-2182.99,-5515.89,-7698.88,,,,,,,,,
161,1797.76,4280.82,4981.61,467.63,286.92,-113.88,-3872.7,-28875.64,1594.48,17190.42,-5559.4,161.37,-2262.57,-5398.02,-7660.6,,,,,,,,,
171,1768.52,4255.34,4938.67,465.56,267.88,-107.12,-3839.2,-28937.04,1619.35,17255.82,-5599.27,165.82,-2312.22,-5433.45,-7745.67,,,,,,,,,
181,1823.38,4080.55,4996.01,468.29,255.47,-67.4,-3888.31,-28792.6,1573.8,17285.77,-5681.32,163.59,-2265.04,-5517.73,-7782.77,,,,,,,,,
191,1842.68,4282.87,4934.39,475.2,278.75,-120.74,-3864.15,-28732.86,1570.6,17226.26,-5732.39,162.01,-2107.01,-5570.38,-7677.39,,,,,,,,,
201,1781.89,4233.4,4929.14,458.91,282.68,-81.61,-3834.44,-28859.47,1593.85,17255.26,-5671.67,163,-2240.38,-5508.67,-7749.05,,,,,,,,,
211,1830.61,4286.94,4969.61,499.01,262.76,-152.24,-3842.72,-28807.43,1583.65,17153,-5678.4,166.61,-2216.82,-5511.79,-7728.61,,,,,,,,,
221,1838.71,4284.53,5061.57,483.29,268.98,-104.21,-3879.13,-28883.07,1585.53,17124.29,-5593.71,165,-2219.5,-5428.71,-7648.21,,,,,,,,,
231,1777.4,4248.29,5003.64,470.71,258.83,-130.97,-3893.31,-28681.86,1595.12,17196.85,-5751.33,163.23,-2155.31,-5588.1,-7743.41,,,,,,,,,
241,1816.04,4284.97,4969.88,482.71,279.37,-104.16,-3801.76,-28692.39,1627.23,17079.28,-5649.25,165.29,-2058.84,-5483.96,-7542.8,,,,,,,,,
251,1860.8,4214.46,4936.44,482.75,277.08,-116.65,-3861.54,-28769.75,1612.19,17187.3,-5729.7,166.84,-2176.92,-5562.86,-7739.79,,,,,,,,,
261,1854.28,4139.13,5013.27,471.17,266.45,-137.09,-3852.06,-28825.07,1619.11,17148.96,-5639.19,164.88,-2301.86,-5474.31,-7776.17,,,,,,,,,
271,1773.99,4261.81,4949.43,476.43,251.9,-127.53,-3895.69,-28961.18,1629.68,17339.98,-5632.54,162.87,-2301.17,-5469.67,-7770.85,,,,,,,,,
281,1795.82,4219,4958.56,482.14,271.98,-114.97,-3860.48,-28910.87,1587.1,17220.25,-5585.03,164.16,-2351.47,-5420.87,-7772.34,,,,,,,,,
291,1832.54,4297.15,4990.83,495.94,255.92,-139.53,-3854.22,-28828.82,1596.63,17183.83,-5645.14,162.82,-2169.74,-5482.32,-7652.06,,,,,,,,,
301,1848.44,4231.53,4963.67,488.46,274.75,-135.38,-3842.49,-28851.5,1581.46,17230.52,-5616.87,166.87,-2210.53,-5450,-7660.52,,,,,,,,,
311,1710.94,4218.7,4972.76,477.15,274.74,-117.94,-3850.28,-28837.11,1607.85,17309.92,-5711.22,164.53,-2233.26,-5546.69,-7779.95,,,,,,,,,
321,1746.78,4222.86,5044.48,473.32,267.58,-141.61,-3845.15,-28836.08,1615.79,17258.21,-5693.18,162.97,-2193.82,-5530.2,-7724.02,,,,,,,,,
331,1777.52,4260.39,4974.3,479.91,282.25,-132.63,-3861.08,-28600.06,1569.31,17059.61,-5759.37,165.49,-2190.49,-5593.87,-7784.36,,,,,,,,,
341,1822.33,4209.86,4971.28,485.95,261.58,-123.63,-3853,-28823.6,1645.7,17302.01,-5699.21,168.93,-2101.51,-5530.29,-7631.8,,,,,,,,,
351,1843.88,4273.25,4973.02,489.67,282.71,-142.68,-3842,-28662.46,1526.68,17150.48,-5769.35,169.45,-2107.44,-5599.9,-7707.34,,,,,,,,,
361,1749.65,4231.11,4954.85,462.67,274.14,-116.97,-3856.91,-28776.92,1590.98,17272.14,-5692.2,167.84,-2215.25,-5524.36,-7739.6,,,,,,,,,
371,1791.86,4208.22,4990.71,458.78,250.33,-143.77,-3819.97,-28942.93,1618.54,17254.39,-5617.93,168.45,-2333.84,-5449.48,-7783.33,,,,,,,,,
381,1756.85,4236.45,4993.84,481.63,262.95,-130.01,-3797.36,-28938.89,1616.19,17226.38,-5614.58,168.42,-2291.97,-5446.16,-7738.14,,,,,,,,,
391,1752.93,4135.93,4976.12,466.67,284.31,-89.64,-3861.78,-29012.2,1573.2,17383,-5592.68,164.99,-2391.46,-5427.69,-7819.16,,,,,,,,,
401,1807.74,4223.77,4952.83,498.92,276.69,-102.94,-3813.76,-28656.44,1595.39,17148.2,-5716.16,167.65,-2069.6,-5548.51,-7618.11,,,,,,,,,
411,1731.9,4182.31,4982.29,465.73,267.22,-109.08,-3789.97,-28752.11,1629.53,17311.77,-5755.29,169.95,-2080.42,-5585.34,-7665.76,,,,,,,,,
421,1808.61,4229.39,4983.21,476.16,263.68,-120.24,-3762.02,-28704.95,1597.7,17175.44,-5763.87,167.3,-2053.03,-5596.57,-7649.59,,,,,,,,,
431,1764.42,4197.6,4977.88,474.64,269.15,-127.23,-3826.66,-28833.14,1633.52,17307.8,-5679.26,165.64,-2162.02,-5513.62,-7675.64,,,,,,,,,
441,1796.67,4250.49,4933.34,479.73,266.9,-120.37,-3806.51,-28688.71,1599.37,17130.61,-5728.47,169.87,-2158.5,-5558.6,-7717.1,,,,,,,,,
451,1808.24,4229.55,4948.19,487.36,284.22,-112.94,-3848.59,-28716.96,1576.68,17146.08,-5687.6,169.06,-2198.17,-5518.54,-7716.71,,,,,,,,,
461,1813.9,4340.55,4915.88,483.29,264.81,-131.57,-3779.34,-28675.7,1590.34,17004.14,-5676.62,168.65,-2173.71,-5507.97,-7681.69,,,,,,,,,
471,1774.95,4239.83,4939.67,487.25,265.59,-125.14,-3812.14,-28687.19,1571.7,17106.66,-5685.56,169.31,-2238.81,-5516.24,-7755.05,,,,,,,,,
481,1801.49,4342.46,5013.17,491.68,272.41,-154.79,-3862.26,-28591.92,1574.09,17144.34,-5842.52,171.24,-1969.32,-5671.28,-7640.6,,,,,,,,,
491,1771.56,4249.61,4941.96,463.39,284.08,-137.57,-3854.07,-28663.85,1581.69,17230.54,-5711.7,168.79,-2132.66,-5542.91,-7675.57,,,,,,,,,
501,1838.87,4269.54,4952.43,466.97,261.68,-133.16,-3845.94,-28785.77,1581.98,17133.23,-5598.8,165.99,-2260.18,-5432.81,-7693,,,,,,,,,
511,1789.49,4204.8,5035.11,482.75,268.99,-116.54,-3834.09,-28725.29,1580.74,17085.81,-5685.25,170.54,-2228.23,-5514.72,-7742.95,,,,,,,,,
521,1788.02,4198.97,4933.51,470.16,283.78,-139.03,-3830.55,-28786.42,1591.09,17246.97,-5665.06,169.51,-2243.5,-5495.55,-7739.05,,,,,,,,,
531,1787.89,4226.04,4978.88,475.25,278.8,-123.37,-3844.46,-28627.38,1630.21,17098.52,-5748.22,168.9,-2119.62,-5579.33,-7698.95,,,,,,,,,
541,1831.05,4210.54,4916.35,466.8,268.7,-121.5,-3859.64,-28543.27,1576.05,17050,-5748.04,170.13,-2204.89,-5577.92,-7782.81,,,,,,,,,
551,1832.94,4249.28,4987.35,487.79,268.96,-119.05,-3816.6,-28733.47,1582.92,17151.64,-5682.37,167.8,-2108.24,-5514.57,-7622.81,,,,,,,,,
561,1820.26,4292.46,5007.57,486.4,273.73,-134.23,-3841.47,-28717.54,1571.01,17222.5,-5692.99,170.55,-2019.3,-5522.44,-7541.75,,,,,,,,,
571,1817.78,4205.26,4973.58,467.89,275.18,-89.41,-3849.33,-28717.05,1583.19,17135.03,-5664.17,172.01,-2197.89,-5492.15,-7690.04,,,,,,,,,
581,1777.53,4183.61,4984.22,468.25,263.17,-135.65,-3842.98,-28797.94,1578.24,17210.21,-5628.49,170.73,-2311.34,-5457.76,-7769.11,,,,,,,,,
591,1774.96,4132.14,4978.81,466.39,271.05,-141.73,-3806.86,-28759.77,1633.29,17200.84,-5639.5,167.99,-2250.87,-5471.5,-7722.37,,,,,,,,,
601,1853.48,4338.1,4919.37,491.56,272.78,-112.94,-3788.57,-28854.98,1574.26,17065.66,-5511.2,167.93,-2241.27,-5343.26,-7584.54,,,,,,,,,
611,1886,4256.42,4970.83,468.54,261.66,-99.63,-3870.99,-28758.27,1597.01,17044.16,-5624.56,166.81,-2244.26,-5457.75,-7702.01,,,,,,,,,
621,1759.89,4219.64,4992.22,476.75,251.91,-86.66,-3888.78,-28850.76,1623.5,17092.11,-5504.35,162.95,-2410.18,-5341.4,-7751.58,,,,,,,,,
631,1843.75,4197.19,4979.44,476,264.68,-112.54,-3839.07,-28741.54,1578.51,17049.64,-5635.45,168.17,-2303.94,-5467.29,-7771.23,,,,,,,,,
641,1861.79,4228.02,5002.35,483.53,281.86,-148.13,-3810.17,-28746.01,1577.43,16964.86,-5572.04,166.94,-2304.46,-5405.1,-7709.56,,,,,,,,,
651,1843.25,4231.54,4955.37,468.98,266,-108.39,-3796.17,-28835.81,1644.56,17032.22,-5546.44,168.75,-2298.45,-5377.69,-7676.14,,,,,,,,,
661,1813.21,4264.92,4986.82,473.74,286.63,-117.63,-3824,-28797.44,1547.97,16993.8,-5552.32,170.24,-2371.98,-5382.08,-7754.06,,,,,,,,,
671,1769.81,4278.19,4952.1,478.88,262.78,-99.31,-3817.87,-28834.8,1588.6,17137.6,-5607.25,170,-2284.01,-5437.26,-7721.26,,,,,,,,,
681,1811.64,4183,4965.31,484.43,298.14,-139.4,-3818.41,-28889.38,1618.72,17180.79,-5560.68,166.4,-2305.17,-5394.28,-7699.45,,,,,,,,,
691,1798.89,4209.82,4957.93,480.02,266.72,-159.87,-3815.45,-28803.57,1602.24,17149.2,-5615.54,168.91,-2314.07,-5446.63,-7760.7,,,,,,,,,
701,1744.17,4267.89,4984.09,488.07,276.26,-117.04,-3827.12,-28794.35,1604.94,17170.24,-5615.17,168.47,-2202.85,-5446.7,-7649.55,,,,,,,,,
711,1817.08,4217.41,4981.36,478.52,276.53,-87.45,-3823.68,-28770.57,1577.72,17165.74,-5695.4,170.61,-2167.34,-5524.78,-7692.12,,,,,,,,,
721,1847.03,4238.66,4922.49,486.7,258.23,-126.38,-3859.68,-28602.88,1557.41,17115.6,-5774.18,170.58,-2162.8,-5603.6,-7766.4,,,,,,,,,
731,1796.27,4209.11,4961.19,491.54,279.52,-130.22,-3809.86,-28668.42,1566.43,17121.84,-5763.67,176.46,-2182.6,-5587.21,-7769.82,,,,,,,,,
741,1877.07,4220.03,4996.87,478.46,268.16,-133.67,-3873.07,-28679.76,1580.45,17043.63,-5666.66,167.57,-2221.83,-5499.09,-7720.92,,,,,,,,,
751,1875.89,4180.46,4965.98,490.03,278.71,-135.53,-3831.46,-28828.75,1578.72,17169.59,-5607.15,168.67,-2256.35,-5438.49,-7694.84,,,,,,,,,
761,1757.29,4305.75,4955.98,479.35,273.31,-140.15,-3829.28,-28676.38,1571.03,17067.44,-5672.35,171.49,-2235.66,-5500.86,-7736.52,,,,,,,,,
771,1767.28,4152.05,5000.31,475.92,270.14,-141.44,-3791.14,-28664.9,1603.12,17125.8,-5711.41,170.5,-2202.88,-5540.91,-7743.79,,,,,,,,,
781,1785.58,4200.51,4989.09,479.46,268.26,-131.58,-3791.94,-28733.65,1591.49,17068.94,-5659.74,167.98,-2273.83,-5491.75,-7765.58,,,,,,,,,
791,1835.84,4186.31,4965.01,475.02,299.53,-113.17,-3797.52,-28765.35,1569.45,17126.23,-5649.57,166.59,-2218.65,-5482.97,-7701.62,,,,,,,,,
801,1862.24,4228.4,4961.06,489.62,276.18,-118.21,-3800.53,-28696.8,1557.54,17038.93,-5640.78,171.16,-2201.55,-5469.63,-7671.17,,,,,,,,,
811,1794.37,4189.52,4981.38,484.37,270.04,-128.53,-3810.2,-28984.2,1579.61,17271.7,-5525.41,167.42,-2351.94,-5357.99,-7709.93,,,,,,,,,
821,1793.13,4262.37,5023.45,481.49,274.8,-139.24,-3852.41,-28798.93,1564.78,17108.49,-5610.13,165.57,-2282.06,-5444.56,-7726.62,,,,,,,,,
831,1845.97,4342.48,4944.64,494.77,278.65,-120.75,-3841.34,-28649.75,1574.56,17004.04,-5673.16,171.34,-2126.73,-5501.83,-7628.56,,,,,,,,,
841,1803.62,4224.16,4967.13,467.35,275.81,-147.27,-3841.9,-28758.29,1596.62,16996.31,-5583.46,166.04,-2416.46,-5417.42,-7833.87,,,,,,,,,
851,1801.1,4173.82,4967.92,479.02,257.95,-119.99,-3813.51,-28991.45,1599.9,17260.56,-5535.56,167.47,-2384.67,-5368.08,-7752.76,,,,,,,,,
861,1807.51,4315.14,4977.72,471.7,271.15,-115.73,-3805.38,-28796.44,1569.62,17065.15,-5631.78,168.36,-2239.56,-5463.42,-7702.98,,,,,,,,,
871,1772.82,4227.4,4980.99,464.29,270.83,-108.86,-3882.14,-28880.44,1584.68,17169.56,-5551.52,164.46,-2400.88,-5387.05,-7787.94,,,,,,,,,
881,1767.92,4219.64,5045.11,476.2,275.25,-116.08,-3861.69,-28629.61,1597.3,17028.77,-5697.42,164.49,-2197.19,-5532.93,-7730.11,,,,,,,,,
891,1790.34,4233.04,4947.77,471.34,282.36,-126.66,-3814.94,-28951.99,1591.24,17137.74,-5505.68,164.66,-2439.77,-5341.02,-7780.79,,,,,,,,,
901,1806.76,4228.55,4929.75,484.3,249.1,-93.76,-3822.25,-28806.64,1598.34,17199.55,-5640.81,169.41,-2226.3,-5471.4,-7697.7,,,,,,,,,
911,1875.91,4270.61,4941.38,480.03,251.6,-96.63,-3819.41,-28706.25,1611.16,17019.68,-5648.49,167.06,-2171.92,-5481.43,-7653.35,,,,,,,,,
921,1804.5,4145.11,4950.4,468.31,268.09,-122.3,-3777.92,-28803.2,1587.13,17161.2,-5659.28,168.13,-2318.7,-5491.15,-7809.85,,,,,,,,,
931,1846.14,4173.22,4973.23,485.33,279.89,-130.15,-3829.06,-28778.84,1564.91,17146.18,-5626.75,167.22,-2269.13,-5459.53,-7728.67,,,,,,,,,
941,1828.7,4308.71,4988.1,485.78,285.87,-125.07,-3823.73,-28751.38,1578.26,17018.95,-5598.56,165.35,-2205.82,-5433.21,-7639.03,,,,,,,,,
951,1830.05,4211.49,4971.74,478.12,259.85,-136.33,-3793.45,-28813.94,1593.38,17108.35,-5614.71,169.36,-2290.73,-5445.35,-7736.08,,,,,,,,,
961,1837.04,4231.35,4944.58,479.64,253.02,-134.61,-3870.86,-28843.4,1570.32,17124.32,-5508.87,164.48,-2408.61,-5344.39,-7753,,,,,,,,,
971,1783.99,4233.5,4992.38,470.97,272.25,-143.84,-3832.69,-28768.81,1553.81,17091.36,-5575.91,167.91,-2347.09,-5407.99,-7755.08,,,,,,,,,
981,1813.95,4194.89,4971.13,477.53,262.8,-130.87,-3848.98,-28879.54,1601.31,17073.56,-5515.28,167.92,-2464.22,-5347.36,-7811.58,,,,,,,,,
991,1777.5,4186.88,4983.09,468.98,284.95,-162.3,-3817.12,-28660.13,1597.64,17103.43,-5721.94,171.03,-2237.08,-5550.91,-7787.99,,,,,,,,,
1001,1881.03,4142.57,4958.87,475.9,280.21,-120.32,-3850,-28745.18,1572.12,17114.97,-5687.92,167.29,-2289.83,-5520.63,-7810.46,,,,,,,,,
1011,1822.34,4184.36,4958.99,490.49,276.96,-104.22,-3851.34,-28798.79,1591.34,17080.17,-5619.47,167.87,-2349.72,-5451.6,-7801.32,,,,,,,,,
1021,1746.85,4255.38,4986.73,482.23,279.36,-129.73,-3835.38,-28696.28,1621.56,17139.95,-5744.38,166.92,-2149.34,-5577.47,-7726.8,,,,,,,,,
1031,1847.66,4226.56,4970.57,474.63,266.75,-128.42,-3857.28,-28450.72,1585.77,16995.26,-5811.12,170.48,-2069.22,-5640.65,-7709.87,,,,,,,,,
1041,1836.18,4196.06,4977.55,483.58,273.07,-129.58,-3808.36,-28631.58,1570.01,17089.09,-5763.88,175.14,-2143.99,-5588.74,-7732.73,,,,,,,,,
1051,1787.34,4259.35,4990.27,494.98,271.33,-82.24,-3852.82,-28787.79,1641.92,17126.01,-5646.26,168.41,-2151.64,-5477.85,-7629.49,,,,,,,,,
1061,1861.23,4218.71,4983.51,485.75,284.97,-148.45,-3806.92,-28611.82,1571.65,17044.16,-5735.14,170.77,-2117.21,-5564.37,-7681.58,,,,,,,,,
1071,1793.37,4229.51,4976.56,473.67,243.82,-143.73,-3880.92,-28558.13,1566.24,17101.85,-5783.14,170.1,-2197.76,-5613.03,-7810.79,,,,,,,,,
1081,1832.84,4219.35,4932.89,485.63,257.18,-119.94,-3877.71,-28543.95,1581.99,17233.5,-5856.06,171.1,-1998.22,-5684.97,-7683.19,,,,,,,,,
1091,1819.51,4327.71,4972.4,510.44,292.68,-131.69,-3827.41,-28629.43,1610.45,17072.09,-5701.65,172.28,-1983.24,-5529.37,-7512.61,,,,,,,,,
1101,1862.89,4120.41,4937.57,460.8,287.92,-143.96,-3831.78,-28647.43,1611.25,17218.44,-5726.58,170.14,-2123.88,-5556.44,-7680.32,,,,,,,,,
1111,1794.13,4272.37,4959.31,466.36,273.45,-111.69,-3828.16,-28693.19,1597.04,17063.55,-5643.13,171.09,-2206.83,-5472.04,-7678.87,,,,,,,,,
1121,1787.05,4312.2,4930.5,490.6,260.63,-116.37,-3820.75,-28795.35,1609.29,16962.38,-5567.63,168.22,-2379.82,-5399.41,-7779.23,,,,,,,,,
1131,1805.39,4306.22,4962.49,483.79,270.7,-137.79,-3873.64,-28729.72,1569.76,17174.17,-5689.61,169.62,-2168.64,-5519.99,-7688.63,,,,,,,,,
1141,1826.61,4222.42,4949.58,484.7,260.55,-114.41,-3798.43,-28821.23,1611.06,17189.06,-5671.14,170.42,-2190.09,-5500.72,-7690.81,,,,,,,,,
1151,1785.87,4251.21,4928.63,460.44,272.74,-128.38,-3788.93,-29024.58,1613.48,17224.96,-5487.86,164.67,-2404.56,-5323.19,-7727.76,,,,,,,,,
1161,1811.92,4226.6,4946.11,455.85,258.46,-146.54,-3819.4,-28782.36,1602.95,17122.51,-5664.56,167.53,-2323.9,-5497.04,-7820.94,,,,,,,,,
1171,1856.44,4201.19,4943.53,480.57,269.92,-121.12,-3836.34,-28767.35,1573.92,17177.79,-5643.45,169.63,-2221.47,-5473.82,-7695.29,,,,,,,,,
1181,1753.23,4236.13,4962.12,477.71,253.81,-159.8,-3819.73,-28931.41,1588.79,17222.28,-5565.38,168.98,-2416.86,-5396.39,-7813.25,,,,,,,,,
1191,1789.39,4105.15,4970.42,466.58,252.3,-105.99,-3849.72,-28936.98,1609.1,17225.75,-5580.11,167.5,-2474,-5412.61,-7886.61,,,,,,,,,
1201,1768.52,4186.48,4970.21,478.21,277.85,-128.15,-3765.31,-28819.83,1580.18,17150.29,-5605.44,171.58,-2301.53,-5433.86,-7735.4,,,,,,,,,
1211,1809.94,4185.05,5023.21,470.98,278.93,-128.6,-3808.43,-28920.51,1561.79,17164.79,-5585.92,171.61,-2362.85,-5414.31,-7777.16,,,,,,,,,
1221,1844.26,4213.09,4960.03,484.74,288.85,-121.56,-3771.62,-28878.62,1625.01,17173.96,-5631.48,173.18,-2181.88,-5458.3,-7640.18,,,,,,,,,
1231,1760.5,4252.53,4999.23,484.97,259.76,-96.35,-3802.02,-28953.36,1605.38,17188.18,-5557.58,166.63,-2301.2,-5390.94,-7692.14,,,,,,,,,
1241,1803.67,4268.83,4951.96,473.72,253.29,-107.95,-3771.27,-28768.11,1599.29,17090.86,-5618.67,172.82,-2205.7,-5445.85,-7651.55,,,,,,,,,
1251,1876.64,4254.98,4946.56,466.93,264.75,-100.22,-3775.14,-28785.21,1580.94,16995.31,-5594.38,174.82,-2274.46,-5419.56,-7694.02,,,,,,,,,
1261,1849.71,4167.56,4968.38,473.73,280.03,-119.9,-3775.22,-28934.24,1610.33,17169.85,-5537.16,171.53,-2309.77,-5365.63,-7675.4,,,,,,,,,
1271,1777.9,4324.26,4991.95,482.49,262.22,-123.94,-3786.83,-28749.66,1559.78,17066.37,-5628.35,171.2,-2195.47,-5457.15,-7652.61,,,,,,,,,
1281,1733.85,4190.72,4989.8,458.32,254.51,-131.73,-3848.06,-28831.02,1586.62,17157.85,-5529.55,171.43,-2439.13,-5358.12,-7797.25,,,,,,,,,
1291,1781.2,4257.5,4921.82,482.14,262.38,-128.92,-3824.77,-28801.15,1580.49,17125.32,-5576.07,170.68,-2344,-5405.39,-7749.39,,,,,,,,,
1301,1763.98,4288.88,4948.88,481.9,268.4,-105.99,-3835.67,-28818.24,1582.67,17118.62,-5585.11,167.85,-2306.57,-5417.26,-7723.83,,,,,,,,,
1311,1852.03,4257.26,4967.58,477.56,270.22,-111.4,-3820.93,-28692.84,1566.62,17028.32,-5657.22,171.53,-2205.57,-5485.69,-7691.26,,,,,,,,,
1321,1736.99,4269.37,4975.5,467.51,279.02,-131.54,-3844.71,-28836.76,1591.16,17148.58,-5577.1,166.68,-2344.87,-5410.41,-7755.28,,,,,,,,,
1331,1820.37,4233.79,4914.37,462.66,247.95,-99.29,-3774.96,-28804.3,1571.45,17132.67,-5655.69,171.2,-2295.27,-5484.48,-7779.75,,,,,,,,,
1341,1842.47,4305.91,4954.07,481.97,283.7,-98.47,-3850.49,-28679.16,1587.42,16982.22,-5628.04,168.8,-2190.35,-5459.25,-7649.6,,,,,,,,,
1351,1806.85,4272.31,4969.2,489.65,281.57,-167.63,-3778.93,-28834.16,1594.38,17178.6,-5617.56,173.24,-2188.18,-5444.32,-7632.49,,,,,,,,,
1361,1829.24,4202.58,4949.98,460.54,277.16,-129.43,-3810.77,-28855.21,1621.03,17098.43,-5568,170.3,-2356.44,-5397.7,-7754.14,,,,,,,,,
1371,1755.44,4226.84,4937.66,482.05,260.05,-108.1,-3772.74,-28784.49,1628.76,17245.96,-5741.58,171.95,-2128.57,-5569.63,-7698.2,,,,,,,,,
1381,1867.55,4112.89,4969.19,462.49,293.54,-135.62,-3805.91,-28832.21,1625.22,17223.03,-5684.58,169.38,-2219.83,-5515.2,-7735.03,,,,,,,,,
1391,1785.04,4219.79,4940,479.19,276.33,-113.68,-3759.12,-28808.04,1602.46,17112.88,-5629.04,173.27,-2265.16,-5455.77,-7720.93,,,,,,,,,
1401,1776.09,4183.53,4973.95,459.17,268.87,-121.14,-3822.29,-28786.11,1595.18,17193.49,-5655.76,170.69,-2279.26,-5485.07,-7764.33,,,,,,,,,
1411,1814.46,4212.57,4937.29,465.78,268.78,-142.85,-3782.31,-28892.28,1606.21,17204.18,-5609.6,170.84,-2308.18,-5438.76,-7746.94,,,,,,,,,
1421,1786.55,4250.16,4946.57,468,260.42,-124.86,-3850.66,-28688.28,1582.62,17154.86,-5745.51,170.75,-2214.62,-5574.76,-7789.37,,,,,,,,,
1431,1762.86,4240.91,4982.88,485.18,284.5,-135.51,-3812.86,-28527.61,1588.38,17103.47,-5830.99,173.31,-2027.79,-5657.68,-7685.47,,,,,,,,,
1441,1767.05,4198.37,5021.97,462.96,270.25,-109.1,-3789.85,-28559.16,1618.39,17062.28,-5781.08,171.76,-2056.83,-5609.32,-7666.15,,,,,,,,,
1451,1817.79,4273.49,4956.01,476.45,247.43,-146.46,-3784.99,-28664.53,1576.32,17029.22,-5707.35,169.19,-2219.27,-5538.16,-7757.43,,,,,,,,,
1461,1832.09,4208.72,4985.34,485.21,280.71,-131.84,-3818.46,-28461.19,1583.28,17114.63,-5908.14,169.68,-1921.51,-5738.47,-7659.97,,,,,,,,,
1471,1806.24,4208.09,4944.51,479.36,261.65,-107.65,-3826.65,-28832.59,1586.43,17239.15,-5659.11,167.81,-2241.46,-5491.3,-7732.75,,,,,,,,,
1481,1815.76,4335.56,4954.17,469.01,287.29,-132.79,-3832.95,-28649.94,1567.19,17069.56,-5720.61,171.97,-2117.14,-5548.64,-7665.79,,,,,,,,,
1491,1798.37,4207.7,4929.76,482.75,268.68,-129.73,-3806.76,-28668.51,1619.36,17202.39,-5757.05,167.21,-2095.99,-5589.84,-7685.83,,,,,,,,,
1501,1797.83,4215.38,4962.27,483.25,269.24,-121.51,-3832.53,-28783.27,1611.55,17061.26,-5563.43,166.53,-2336.53,-5396.9,-7733.42,,,,,,,,,
1511,1823.59,4234.32,4944.45,485.56,268.92,-118.14,-3859.03,-28803.48,1585.41,17067.54,-5602.19,170.54,-2370.89,-5431.64,-7802.53,,,,,,,,,
1521,1876.4,4207.22,5007.13,467.2,270.57,-145.5,-3795.34,-28764.21,1594.92,17037.04,-5643.7,168.96,-2244.57,-5474.74,-7719.31,,,,,,,,,
1531,1784.31,4296.34,4919.26,487.15,246.24,-123.4,-3789.24,-28828.27,1574.39,17094.56,-5621.7,170.14,-2338.65,-5451.56,-7790.21,,,,,,,,,
1541,1800.38,4223.04,4971.93,474.31,269.01,-136.98,-3781.41,-28753.4,1583.85,17127.2,-5645.27,171.6,-2222.09,-5473.68,-7695.76,,,,,,,,,
1551,1809.88,4241.62,4942.72,478.23,276.25,-135.43,-3825.05,-28836.01,1588.14,17193.14,-5653.8,168.47,-2266.5,-5485.33,-7751.83,,,,,,,,,
1561,1784,4240.25,4945.18,483.03,292.46,-126.34,-3809.39,-28675.77,1594.48,17104.16,-5740.88,169.85,-2167.94,-5571.03,-7738.97,,,,,,,,,
1571,1770.01,4302.55,4953.64,481.42,268.64,-115.1,-3813.68,-28783.56,1599.96,17124.94,-5695.37,170.35,-2211.17,-5525.03,-7736.2,,,,,,,,,
1581,1783.4,4152.27,4946.85,473.62,259.5,-105.63,-3792.94,-28745.75,1563.49,17190.48,-5712.12,170.95,-2274.71,-5541.17,-7815.89,,,,,,,,,
1591,1757,4332.15,4906.72,481.21,263.35,-103.88,-3823.05,-28748.55,1588.67,17152.62,-5711.14,171.24,-2193.76,-5539.9,-7733.66,,,,,,,,,
1601,1792.05,4270.29,4965.93,477.6,257.15,-118.29,-3786.68,-28657.11,1615.83,17106.8,-5736.92,167.31,-2076.45,-5569.61,-7646.06,,,,,,,,,
1611,1792.3,4297.45,4998.41,474.09,285.48,-115.5,-3848.62,-28673.77,1569.12,17149.55,-5745.62,168.19,-2071.5,-5577.42,-7648.92,,,,,,,,,
1621,1821.4,4142.93,4940.52,467.61,259.49,-112.15,-3828.6,-28711.44,1594.44,17076.12,-5728.71,171.13,-2349.67,-5557.58,-7907.25,,,,,,,,,
1631,1770.91,4198.79,4985.3,469.06,271.68,-144.42,-3809.65,-28789.12,1625.39,17243.81,-5709.15,169.98,-2178.23,-5539.17,-7717.41,,,,,,,,,
1641,1750.44,4320.44,4971.06,473.69,284.22,-101.45,-3825.34,-28805.75,1570.79,17115.69,-5604.42,167.14,-2246.21,-5437.28,-7683.49,,,,,,,,,
1651,1837,4299.88,4926.51,493.66,262.16,-128.78,-3848.89,-28866.27,1570.24,17183.98,-5546.19,168.37,-2270.51,-5377.83,-7648.33,,,,,,,,,
1661,1826.14,4272.3,4970.58,499.47,264.96,-123.2,-3843.96,-28974.47,1592.85,17184.55,-5481.49,170.42,-2330.77,-5311.07,-7641.84,,,,,,,,,
1671,1822.93,4224.72,4969.64,481.44,266.71,-124.61,-3863.63,-28847.48,1609.71,17157.74,-5560.6,166.89,-2302.82,-5393.71,-7696.53,,,,,,,,,
1681,1768.26,4211.46,4931.09,466.69,274.26,-106.15,-3854.93,-28877.52,1585.18,17117.86,-5505.97,167.39,-2483.81,-5338.59,-7822.39,,,,,,,,,
1691,1787.51,4301.38,4972.23,497.49,255.55,-122.81,-3798.65,-28834.4,1621.07,17096.04,-5593.62,163.76,-2224.59,-5429.86,-7654.46,,,,,,,,,
1701,1758.38,4241.8,4929.33,475.37,268.27,-163.66,-3800.79,-28759.49,1566.93,17133.94,-5675.59,173.35,-2349.91,-5502.24,-7852.15,,,,,,,,,
1711,1837.3,4229.97,4995.33,466.4,261.01,-119.39,-3846.97,-28890.12,1588.75,17166.29,-5525.78,165.5,-2311.41,-5360.28,-7671.7,,,,,,,,,
1721,1808.58,4304.61,4942.98,476.89,273.02,-106.32,-3787.94,-28644.49,1563.47,17005.89,-5703.27,170.38,-2163.31,-5532.9,-7696.21,,,,,,,,,
1731,1850,4191.4,5037.52,470.64,280.79,-121.36,-3827.15,-28646.29,1580.43,17072.97,-5704.63,170.36,-2111.04,-5534.27,-7645.31,,,,,,,,,
1741,1834.47,4194.88,4969.96,472.54,275.03,-130.08,-3804.17,-28749.54,1582.84,17142.18,-5659.36,169.18,-2211.89,-5490.18,-7702.07,,,,,,,,,
1751,1836.3,4221.07,4974.01,472.29,282.47,-126.61,-3775.76,-28793.34,1604.35,17054.38,-5634.07,169.22,-2250.84,-5464.85,-7715.7,,,,,,,,,
1761,1824.36,4169.16,4962.38,480.85,264.62,-155.39,-3820.21,-28749.07,1587.52,17099.12,-5639.3,174.2,-2336.66,-5465.1,-7801.76,,,,,,,,,
1771,1758.96,4249.18,4990.18,484.07,265.88,-135.04,-3835.45,-28819.7,1594.1,17120.65,-5628.35,170.03,-2327.17,-5458.32,-7785.49,,,,,,,,,
1781,1814.24,4324.3,4961.51,478.52,266.91,-121.62,-3816.93,-28816.42,1564.59,17069.98,-5635.08,166.83,-2274.9,-5468.25,-7743.15,,,,,,,,,
1791,1790.65,4274.32,4964.75,474.12,263.71,-131.3,-3806.52,-28847.65,1560.85,17174.55,-5642.29,171.89,-2282.51,-5470.4,-7752.91,,,,,,,,,
1801,1836.54,4286.07,4938.34,485.04,260.89,-150.82,-3805.58,-28653.97,1558.09,17041,-5711.37,168.89,-2204.38,-5542.48,-7746.86,,,,,,,,,
1811,1834.11,4214.27,4995.73,482,265.04,-109.99,-3821.89,-28759.18,1564.95,17132.59,-5692.89,166.59,-2202.37,-5526.3,-7728.67,,,,,,,,,
1821,1808.98,4139.03,4928.66,472.37,280.29,-115.53,-3779.38,-28812.14,1632.86,17122.01,-5627.3,167.22,-2322.84,-5460.08,-7782.93,,,,,,,,,
1831,1781.92,4292.17,4928.91,491.6,242.94,-102.79,-3825.02,-28801.65,1570.77,17115.49,-5658.71,168.07,-2305.66,-5490.64,-7796.3,,,,,,,,,
1841,1870.51,4148.47,4970.95,483.23,247.21,-111.31,-3866.19,-28721.31,1566.76,17063.97,-5621.64,164.57,-2347.71,-5457.07,-7804.78,,,,,,,,,
1851,1815.47,4263.57,4940.83,477.87,275.59,-129.42,-3842.7,-28692.63,1607.47,17095.35,-5688.34,165.89,-2188.6,-5522.45,-7711.04,,,,,,,,,
1861,1748.21,4196.14,4970.55,469.7,266.28,-133.34,-3830.51,-28770.28,1595.59,17121.08,-5656.58,166.79,-2366.59,-5489.79,-7856.38,,,,,,,,,
1871,1825.66,4274.27,4900.12,476.05,266.1,-125.22,-3810.04,-28741.22,1578.63,17114.09,-5669.46,169.23,-2241.54,-5500.23,-7741.77,,,,,,,,,
1881,1788.29,4351.32,4932.21,482.95,273.29,-116.23,-3817.64,-28586.16,1555.81,16950.68,-5719.9,168.42,-2185.47,-5551.48,-7736.95,,,,,,,,,
1891,1831.57,4178.24,4926.72,480.03,254.53,-124.17,-3885.93,-28737.65,1554.72,17133.46,-5680.59,166.73,-2388.5,-5513.86,-7902.36,,,,,,,,,
1901,1727.78,4330.39,4916.58,479.68,264.92,-141.91,-3798.41,-28770.26,1597.54,17200.85,-5721.38,168.34,-2192.85,-5553.04,-7745.89,,,,,,,,,
1911,1799.93,4190.63,4968.15,478.75,259.34,-141.91,-3833.6,-28707.23,1582.49,17187.56,-5697.17,163.63,-2215.9,-5533.54,-7749.44,,,,,,,,,
1921,1863.39,4230.77,4953.84,467.56,276.02,-136.44,-3800.05,-28674.39,1579.04,17112.33,-5734.61,166.06,-2127.93,-5568.55,-7696.48,,,,,,,,,
1931,1775.89,4192.55,4933.29,476.51,267.79,-151.39,-3786.16,-28871.41,1603.86,17222.31,-5645.46,171.68,-2336.77,-5473.78,-7810.54,,,,,,,,,
1941,1847.68,4237.96,4944.49,466.67,278.85,-125.72,-3852.22,-28913.32,1606.3,17119.46,-5539,166.26,-2389.84,-5372.74,-7762.57,,,,,,,,,
1951,1807.47,4200.19,4947.14,495.84,275.85,-118.5,-3845.38,-28787.56,1593.53,17144.66,-5671.14,165.12,-2286.76,-5506.02,-7792.78,,,,,,,,,
1961,1802.83,4184.28,4901.98,476.04,260.98,-119.61,-3802.09,-28808.19,1621.4,17173.36,-5674.89,169.21,-2309.02,-5505.68,-7814.7,,,,,,,,,
1971,1764.5,4299.16,4920.34,478.41,287.13,-123.23,-3853.2,-28577.99,1580.7,17119.61,-5788.67,167.01,-2104.56,-5621.66,-7726.23,,,,,,,,,
1981,1770.48,4187.82,4955.64,466.05,267.75,-124.55,-3851.99,-28880.39,1594.93,17286.4,-5693.65,167.15,-2327.87,-5526.49,-7854.36,,,,,,,,,
1991,1783.36,4247.47,4959.56,490.45,267.5,-115.02,-3825.75,-28878.56,1601.46,17229.96,-5651.2,166.23,-2239.56,-5484.97,-7724.53,,,,,,,,,
2001,1801.23,4216.94,4961.83,463.31,293.34,-93.51,-3812.32,-28974.55,1614.08,17243.46,-5613.96,163.64,-2286.18,-5450.32,-7736.51,,,,,,,,,
2011,1788.59,4185.17,4894.49,475.14,297.45,-105.26,-3892.86,-28675.45,1587.04,17093.19,-5711.33,165.98,-2352.5,-5545.35,-7897.85,,,,,,,,,
2021,1788.11,4195.57,4959.71,478.24,294.54,-110.33,-3841.11,-28712.38,1586.01,17122.07,-5720.89,168.08,-2239.59,-5552.81,-7792.39,,,,,,,,,
2031,1805.7,4271.54,4956.9,467.7,275.17,-98.07,-3844.81,-28875.32,1576.75,17144.18,-5605.39,165.09,-2320.27,-5440.3,-7760.57,,,,,,,,,
2041,1773.29,4144.75,4980.61,477.27,286.99,-98.73,-3830.55,-28754.89,1589.2,17183.25,-5682.32,167.82,-2248.81,-5514.5,-7763.3,,,,,,,,,
2051,1836.31,4237.01,4921.06,471.64,276.28,-126.86,-3838.87,-28971.69,1608.27,17240.16,-5518.44,162.98,-2346.69,-5355.46,-7702.15,,,,,,,,,
2061,1859.03,4240.25,4929.16,492.55,274.96,-115.34,-3830.51,-28724.12,1544.59,17113.72,-5680.86,169.33,-2215.72,-5511.53,-7727.24,,,,,,,,,
2071,1855.35,4164.39,4948.99,492.04,270.43,-96.38,-3822.59,-28827.33,1605.43,17097.34,-5575.11,164.46,-2312.34,-5410.65,-7722.99,,,,,,,,,
2081,1767.62,4222.73,4947.41,469.81,248.77,-102.68,-3858.09,-28990.33,1585.7,17211.52,-5515.06,163.84,-2497.54,-5351.22,-7848.76,,,,,,,,,
2091,1789.65,4249.55,4922.15,489.95,254.6,-92.26,-3843.9,-28822.1,1592.55,17190.32,-5648.58,167.09,-2269.49,-5481.49,-7750.98,,,,,,,,,
2101,1827.77,4189.74,4945.06,465.53,293.21,-106.62,-3831.92,-28715.38,1592.99,17146.44,-5695.46,169.33,-2193.21,-5526.13,-7719.34,,,,,,,,,
2111,1795.57,4242.8,4935.48,496.64,260.7,-96.01,-3866,-28770.09,1578.39,17132.01,-5612.3,166.94,-2290.51,-5445.36,-7735.86,,,,,,,,,
2121,1778.62,4176.18,4994.74,475.88,279.39,-114.72,-3895.21,-28943.4,1572.98,17190.7,-5519.22,165.23,-2484.84,-5353.99,-7838.84,,,,,,,,,
2131,1806.01,4234.85,4966.36,458.12,273.56,-128.1,-3865.06,-28899.39,1569.93,17142.37,-5548.91,169.07,-2441.35,-5379.84,-7821.19,,,,,,,,,
2141,1796.35,4214.3,4923.71,482.07,272.24,-116.17,-3795.12,-28859.62,1603.3,17207.09,-5645.91,170,-2271.85,-5475.9,-7747.76,,,,,,,,,
2151,1823.83,4273.53,4927.11,493.97,254.68,-127.41,-3839.7,-28698.34,1582.08,17115.59,-5669.06,168.38,-2194.67,-5500.68,-7695.34,,,,,,,,,
2161,1818.45,4218.91,4899.51,479.92,263.74,-127.48,-3818.54,-28904.84,1582.78,17171.66,-5518.26,166.36,-2415.89,-5351.9,-7767.79,,,,,,,,,
2171,1785.25,4310.54,4957.78,488.56,273.82,-104.44,-3841.64,-28762.93,1580.21,17045.1,-5595.9,166.14,-2267.76,-5429.76,-7697.52,,,,,,,,,
2181,1774.97,4329.05,4973.71,491.41,252.67,-123.04,-3827.64,-28764.11,1591.43,17153.71,-5631.49,166.7,-2147.84,-5464.79,-7612.63,,,,,,,,,
2191,1783.81,4309.26,4940.62,472.34,270.31,-84.84,-3774.43,-28817.38,1610.11,17060.24,-5569.76,170.71,-2229.97,-5399.06,-7629.03,,,,,,,,,
2201,1833.41,4219.62,4979.88,481.7,259.79,-106.74,-3866.53,-28770.75,1605.23,17144.26,-5624.67,164.89,-2220.13,-5459.78,-7679.91,,,,,,,,,
2211,1832.83,4151.7,4981.16,473.82,285.63,-127.41,-3814.97,-28614.57,1603.03,17085.76,-5726.21,168.46,-2143.02,-5557.75,-7700.77,,,,,,,,,
2221,1852.86,4223.87,4924.99,473.09,247.52,-100.76,-3842.6,-28476.63,1576.23,16960.34,-5760.68,170.15,-2161.08,-5590.53,-7751.61,,,,,,,,,
2231,1810.56,4242.85,4939.58,472.02,266.98,-126.75,-3821.79,-28886.04,1598.59,17224.48,-5618.91,167.15,-2279.51,-5451.77,-7731.27,,,,,,,,,
2241,1763.72,4295.03,4909.74,480.46,265.2,-109.92,-3827.7,-28729.33,1618.14,17191.9,-5713.69,168.53,-2142.76,-5545.16,-7687.92,,,,,,,,,
2251,1763.78,4247.73,4943.89,476.92,272.16,-97.95,-3837.89,-28480.48,1605.53,17118.94,-5882.97,172.98,-1987.36,-5709.99,-7697.35,,,,,,,,,
2261,1876.93,4236.35,4977.96,477.12,285.63,-114.16,-3843.85,-28812.34,1572.81,17182.34,-5667.81,171.51,-2161.21,-5496.3,-7657.51,,,,,,,,,
2271,1815.23,4257.76,4996.98,486.5,262.3,-148.95,-3844.59,-28610.34,1591.17,17054.22,-5701.56,171.24,-2139.71,-5530.32,-7670.04,,,,,,,,,
2281,1816.08,4167.31,4949.84,482.64,267.46,-118.58,-3823.62,-28770.16,1570.13,17140.57,-5664.06,171.25,-2318.31,-5492.82,-7811.13,,,,,,,,,
2291,1772.36,4309.43,4962.87,478.96,258.11,-119.64,-3850.38,-28616.39,1594.35,17074.31,-5734.95,169.07,-2136.04,-5565.87,-7701.91,,,,,,,,,
2301,1824.4,4281.72,4942.04,481.32,255.58,-127.96,-3878.29,-28636.93,1598.62,17107.42,-5701.91,166.61,-2152.08,-5535.3,-7687.39,,,,,,,,,
2311,1845.03,4226.1,4961.51,471.56,276.21,-124.96,-3879.8,-28585.8,1597.78,17017.18,-5693.19,167.87,-2195.19,-5525.33,-7720.51,,,,,,,,,
2321,1832.34,4281.88,4981.16,480.44,284.59,-131.73,-3795.04,-28618.83,1583.13,17055.71,-5690.73,170.44,-2046.35,-5520.29,-7566.64,,,,,,,,,
2331,1855.34,4292.84,4916.28,481.13,263.77,-130.69,-3838.11,-28584.99,1569.65,17110.85,-5826.59,171.19,-2063.92,-5655.39,-7719.31,,,,,,,,,
2341,1805.74,4191.13,4948.95,461.99,268.05,-131.98,-3822.85,-28669.91,1589.19,17028,-5670.62,168.52,-2331.69,-5502.09,-7833.79,,,,,,,,,
2351,1839.41,4143.34,4956.47,483.02,285.91,-106.75,-3874.31,-28535.46,1597.47,17099.42,-5762.05,169.2,-2111.47,-5592.85,-7704.32,,,,,,,,,
2361,1779.55,4243.71,4988.24,473.62,287.35,-128.19,-3859.26,-28810.32,1599.19,17162.08,-5584.52,165.55,-2264.01,-5418.97,-7682.97,,,,,,,,,
2371,1848.58,4288.64,4932.81,489.15,270.07,-118.43,-3806.08,-28763.82,1547.08,17124.92,-5643.34,170.57,-2187.08,-5472.77,-7659.85,,,,,,,,,
2381,1765.51,4207.67,4975.04,482.79,274.46,-129.92,-3792.53,-28846.92,1615.08,17174.5,-5640.49,169.81,-2274.32,-5470.68,-7745,,,,,,,,,
2391,1796.87,4181.62,4941.77,473.11,277.71,-133.5,-3809.6,-28782.86,1586.44,17120.25,-5624.91,169.45,-2348.19,-5455.46,-7803.65,,,,,,,,,
2401,1821.93,4216.82,4930.45,483.54,255.83,-96.89,-3851.39,-28597.56,1565.74,17086.64,-5727.05,172.37,-2184.9,-5554.68,-7739.58,,,,,,,,,
2411,1831.27,4246.66,4962.85,475.46,264.25,-152.24,-3806.85,-28684.19,1621.21,17085.24,-5667.05,168.81,-2156.34,-5498.24,-7654.58,,,,,,,,,
2421,1809.91,4186.66,4964.1,476.93,284.47,-110.62,-3828.14,-28699.86,1580.34,17125.75,-5686.31,170.92,-2210.47,-5515.39,-7725.86,,,,,,,,,
2431,1809.81,4195.85,4981.49,482.72,267.21,-93.03,-3825.15,-28793.23,1601.87,17123.2,-5612.94,166.41,-2249.25,-5446.53,-7695.78,,,,,,,,,
2441,1753.4,4200.55,4984.58,453.71,265.43,-150.37,-3904.97,-28824.01,1640.73,17089.16,-5501.29,163.95,-2491.79,-5337.35,-7829.14,,,,,,,,,
2451,1843.27,4180.82,4930.1,472.13,264.01,-140.55,-3765.74,-28878.43,1596.92,17039.44,-5569.59,170.46,-2458.04,-5399.13,-7857.17,,,,,,,,,
2461,1786.05,4169.92,4994.89,480.8,247.18,-157.65,-3755.84,-28823.79,1596.44,17178.87,-5686.19,173.03,-2283.13,-5513.16,-7796.28,,,,,,,,,
2471,1792.57,4192.79,4936.7,478.45,261.79,-120.7,-3844.52,-28607.43,1581.61,17084.87,-5732.52,169.31,-2243.87,-5563.21,-7807.08,,,,,,,,,
2481,1755.47,4212.8,4981,451.17,261.07,-133.65,-3830.25,-28866.4,1604.87,17199.29,-5586.61,169.56,-2364.65,-5417.05,-7781.7,,,,,,,,,
2491,1824.13,4212.29,4965.02,472.53,274.8,-136.13,-3800.93,-28715.85,1581.68,17025.55,-5614.06,170.82,-2296.91,-5443.23,-7740.14,,,,,,,,,
2501,1812.41,4260.64,4965.69,476.68,266.41,-127.86,-3816.61,-28579.1,1558.35,17038.93,-5733.79,170.8,-2144.46,-5563,-7707.46,,,,,,,,,
2511,1801.53,4259.95,4942.99,474.43,276.5,-123.45,-3813.72,-28727.1,1591.18,17047.71,-5611.3,167.02,-2269.98,-5444.28,-7714.26,,,,,,,,,
2521,1793.49,4208.3,4981.1,468.42,280.38,-117.15,-3854.77,-28771.9,1603.96,17201.95,-5643.43,163.65,-2206.22,-5479.78,-7685.99,,,,,,,,,
2531,1916.9,4208.1,4991.76,487.82,266,-129.35,-3814.57,-28746.85,1596.15,17070.36,-5650.05,168.35,-2153.69,-5481.71,-7635.39,,,,,,,,,
2541,1822.79,4225.8,4949.27,474.97,275.48,-117.7,-3847.18,-28771.7,1573.55,17231.39,-5660.91,169.27,-2183.34,-5491.64,-7674.97,,,,,,,,,
2551,1786.89,4246.17,4937.99,464.8,268.2,-95.56,-3873.17,-28618.05,1611.05,17173.68,-5777.24,166.14,-2098.01,-5611.1,-7709.11,,,,,,,,,
2561,1821.31,4213.77,5022.55,473.68,279.71,-111.73,-3822.41,-28735.09,1598.41,17040.68,-5651.14,170.14,-2219.11,-5481.01,-7700.12,,,,,,,,,
2571,1850.27,4268.17,4971.47,469.93,261.25,-114.41,-3832.14,-28620.37,1587.01,17075.23,-5766.74,166.1,-2083.57,-5600.63,-7684.21,,,,,,,,,
2581,1808.27,4335.91,4983.27,491.67,271.74,-123.55,-3764.99,-28606.02,1606.41,17090.81,-5783.71,168.91,-1906.49,-5614.8,-7521.28,,,,,,,,,
2591,1847.42,4317.47,4928.88,486.78,272.89,-147.03,-3837.56,-28503.1,1610.51,16915.92,-5725.36,167.7,-2107.84,-5557.67,-7665.5,,,,,,,,,
2601,1785.88,4177.82,4942.61,480.48,271.48,-122.57,-3859.11,-28541.33,1582.92,17051.7,-5810,169.9,-2230.13,-5640.11,-7870.24,,,,,,,,,
2611,1846.19,4251.27,4943.49,477.41,276.16,-125.49,-3838.29,-28527.46,1599.51,16966.43,-5762.43,170.86,-2130.8,-5591.57,-7722.37,,,,,,,,,
2621,1717.52,4338.36,4988.33,480.9,272.95,-149.51,-3835.07,-28587.04,1604.91,17129.98,-5775.27,173.29,-2038.66,-5601.97,-7640.63,,,,,,,,,
2631,1855.37,4198.39,4943.74,478.99,273.04,-127.67,-3819.61,-28633.68,1576.02,17009.69,-5743.1,170.51,-2245.7,-5572.59,-7818.29,,,,,,,,,
2641,1783.77,4187.58,4969.73,477.49,269.29,-120.17,-3789.53,-28531.6,1596.37,17062.57,-5799.23,172.25,-2094.5,-5626.98,-7721.47,,,,,,,,,
2651,1822.44,4172.41,4979.7,462.02,278.96,-138.14,-3804.51,-28663.69,1574.33,16991.67,-5697.48,172.41,-2324.81,-5525.07,-7849.87,,,,,,,,,
2661,1854.48,4217.7,4949.45,494.21,259.18,-124.41,-3809.95,-28649.42,1549.31,17085.2,-5746,170.7,-2174.24,-5575.3,-7749.55,,,,,,,,,
2671,1819.26,4244.7,4980.62,473.31,269.2,-163.3,-3798.67,-28583.92,1626.71,16972.62,-5716.03,172.92,-2159.45,-5543.11,-7702.56,,,,,,,,,
2681,1801.34,4217.77,4987.65,472.74,271.32,-152.57,-3836.22,-28692.76,1574.72,17088.42,-5671.52,172.08,-2267.59,-5499.45,-7767.03,,,,,,,,,
2691,1765.03,4275.17,5011.4,477.75,258.18,-158.46,-3825.57,-28647.33,1607.04,17096.36,-5708.9,170.02,-2140.45,-5538.88,-7679.32,,,,,,,,,
2701,1897.35,4205.65,4940.94,479.62,273.73,-136.9,-3778.82,-28655.69,1565.95,17060.12,-5754.88,169.94,-2148.06,-5584.94,-7733,,,,,,,,,
2711,1733.51,4282.11,4950.5,488.47,266.8,-111.61,-3799.57,-28743.36,1604.19,17088.59,-5678.27,172.59,-2240.38,-5505.69,-7746.06,,,,,,,,,
2721,1818.28,4226.84,4960.54,481.09,261.75,-130.06,-3812.85,-28798.65,1590.78,17086.25,-5604.28,167.09,-2316.02,-5437.19,-7753.21,,,,,,,,,
2731,1901.01,4195.99,4919.01,495.92,274.9,-108.52,-3774.61,-28709.78,1572.06,17019.65,-5683.24,173.63,-2214.36,-5509.61,-7723.97,,,,,,,,,
2741,1851.55,4213.08,4937.97,481.17,261.76,-113.73,-3783.76,-28769.11,1597.29,17124.98,-5694.58,167.31,-2198.79,-5527.27,-7726.07,,,,,,,,,
2751,1760.23,4196.62,4896.97,474.76,261.58,-146.05,-3829.25,-28610.74,1606.78,17091.99,-5751.61,171.57,-2297.12,-5580.04,-7877.16,,,,,,,,,
2761,1795.52,4313.78,4989.79,494.94,296.14,-137.06,-3803.65,-28609.79,1615.42,17102.79,-5763.63,171.21,-1942.11,-5592.42,-7534.53,,,,,,,,,
2771,1849.22,4276.04,4921.42,455.34,278.94,-130.45,-3849.04,-28606.96,1565.23,16957.63,-5717.93,171.46,-2282.61,-5546.47,-7829.08,,,,,,,,,
2781,1842.12,4185.92,4941.89,468.28,254.83,-122.38,-3843.93,-28609.03,1588.93,17004.15,-5722.97,170.53,-2289.23,-5552.45,-7841.68,,,,,,,,,
2791,1713.82,4213.25,4973.32,459.17,282.7,-126.77,-3835.43,-28571.93,1593.15,17107.94,-5783.83,170.88,-2190.78,-5612.95,-7803.73,,,,,,,,,
2801,1816.84,4218.49,4969.87,465.66,269.83,-100.97,-3795.89,-28555.2,1603.2,17019.93,-5795.57,171.98,-2088.23,-5623.59,-7711.82,,,,,,,,,
2811,1786.47,4288.51,4908.64,467.74,267.18,-134.9,-3801.57,-28554.29,1585.85,17033.36,-5791.75,172.42,-2153.02,-5619.33,-7772.35,,,,,,,,,
2821,1827.18,4314.14,4982.73,497.24,267.84,-146.14,-3798.62,-28591.86,1607.19,17033.12,-5769.36,173.31,-2007.17,-5596.05,-7603.22,,,,,,,,,
2831,1820.13,4221.02,4972.84,483.48,292.79,-97.15,-3842.16,-28444.11,1582.82,17040.04,-5880.31,168.47,-1970.3,-5711.83,-7682.14,,,,,,,,,
2841,1811.72,4230.71,4961.24,470.72,264.86,-133.3,-3815.16,-28557.21,1563.4,17070.83,-5802.82,171.55,-2132.18,-5631.27,-7763.45,,,,,,,,,
2851,1790.8,4192.71,4984.54,479.12,251.97,-113.79,-3820.76,-28441.89,1619.35,17028.19,-5878.58,171.57,-2029.77,-5707.02,-7736.78,,,,,,,,,
2861,1784.06,4231.97,4911.75,470.51,249.27,-117.3,-3802.57,-28496.65,1611.86,17030.91,-5835.39,167.84,-2126.19,-5667.55,-7793.75,,,,,,,,,
2871,1788.35,4246.93,4983.6,478.32,280.88,-147.67,-3723.07,-28486.38,1601.4,17085.22,-5892.02,177.37,-1892.41,-5714.65,-7607.06,,,,,,,,,
2881,1773.73,4220.38,4932.98,466.53,280.98,-123.16,-3834.8,-28561.82,1586.48,17103.67,-5824.83,170.75,-2155.04,-5654.09,-7809.12,,,,,,,,,
2891,1769.9,4244.03,4915.55,474.02,272.49,-136.42,-3845.22,-28618.87,1580.31,17117.11,-5765.75,171.79,-2227.08,-5593.97,-7821.05,,,,,,,,,
2901,1819.54,4191.73,4931.1,476.47,291.14,-112.6,-3809.82,-28450.6,1590.12,16983.86,-5809.98,172.19,-2089.05,-5637.79,-7726.84,,,,,,,,,
2911,1788.38,4206.07,4916.71,468.54,270.05,-136.68,-3824.21,-28492.47,1617.74,17046.63,-5816.47,171.3,-2139.24,-5645.17,-7784.41,,,,,,,,,
2921,1841.84,4332.5,4948.44,488.9,256.62,-106.94,-3814.87,-28588.38,1586.74,17070.89,-5799.09,170.34,-1984.26,-5628.75,-7613,,,,,,,,,
2931,1825.95,4241.24,4950.04,494.07,249.43,-109.85,-3877.57,-28490.98,1558.88,16993.72,-5776.63,170.79,-2165.08,-5605.84,-7770.92,,,,,,,,,
2941,1815.83,4207.91,4943.88,479.75,279.91,-119.63,-3792.33,-28390.75,1609.41,17035.15,-5950.26,174.02,-1930.87,-5776.24,-7707.12,,,,,,,,,
2951,1823.39,4226.26,4926.05,491.2,265.75,-126.73,-3766.48,-28410.99,1619.34,17004.49,-5891.64,170.79,-1947.73,-5720.85,-7668.58,,,,,,,,,
2961,1847.55,4306.17,4942.6,471.26,276.14,-119.05,-3801.92,-28638.29,1589.98,17095.85,-5763.25,173.92,-2029.71,-5589.33,-7619.04,,,,,,,,,
2971,1803.6,4219.1,4906.94,484.93,272.74,-110.68,-3826.89,-28456.51,1610.31,17039.77,-5880.8,174.78,-2056.68,-5706.01,-7762.7,,,,,,,,,
2981,1874.57,4184.05,4969.18,475.39,273.55,-115.94,-3774.41,-28746.36,1551.22,17031.16,-5648.63,175.02,-2277.6,-5473.61,-7751.2,,,,,,,,,
2991,1804.04,4266.43,4983.28,475.22,281.54,-119.25,-3796.7,-28815.26,1585.86,17080.24,-5611.7,169.12,-2254.6,-5442.58,-7697.18,,,,,,,,,
3001,1812.78,4265.82,4958.32,468.52,282.19,-130.37,-3828.91,-28701.5,1565.82,17039.87,-5680.85,167.94,-2267.46,-5512.91,-7780.37,,,,,,,,,
3011,1780.96,4176.15,4964.73,471.34,276.94,-131.57,-3814.58,-28689.67,1605.91,17114.35,-5700.2,169.81,-2245.42,-5530.39,-7775.81,,,,,,,,,
3021,1789.8,4262.87,4960.07,484.66,288.24,-116.18,-3867.68,-28794.39,1607.15,17026.04,-5534.34,166.57,-2359.42,-5367.77,-7727.19,,,,,,,,,
3031,1778.27,4230.67,4964.72,481.3,276.96,-97.11,-3822.54,-28680.96,1584.32,17061.71,-5664.31,170.56,-2222.66,-5493.75,-7716.41,,,,,,,,,
3041,1785.67,4175.67,4964.51,455.87,274.61,-121.48,-3825.26,-28686.2,1590.16,17152.91,-5714.93,171.08,-2233.54,-5543.84,-7777.38,,,,,,,,,
3051,1834.8,4152.16,4970.54,480.19,278.39,-142.15,-3772.79,-28767.4,1599.65,17132.31,-5682.31,174.43,-2234.3,-5507.88,-7742.18,,,,,,,,,
3061,1905.8,4277.31,4904.23,482.26,233.78,-103.19,-3827.65,-28473.53,1567.05,17065.19,-5844.83,172.68,-1968.74,-5672.15,-7640.88,,,,,,,,,
3071,1767.87,4279.85,4930.83,461.63,257.43,-113.57,-3812.63,-28639.41,1613.95,17058.42,-5799.52,173.01,-2195.63,-5626.51,-7822.14,,,,,,,,,
3081,1819.21,4236.81,4950.31,485.74,266.68,-127.55,-3813.51,-28581.23,1584.2,17085.16,-5818.31,174.23,-2094.19,-5644.08,-7738.27,,,,,,,,,
3091,1835.58,4351.76,4931.2,487.6,269.56,-128.6,-3813.9,-28622.71,1572.67,17012.6,-5753.68,170.19,-2104.25,-5583.49,-7687.73,,,,,,,,,
3101,1943.08,4203.85,4917.67,494.17,269.52,-124.93,-3804.84,-28547.07,1568.76,17027.97,-5802.22,174.1,-2051.82,-5628.12,-7679.94,,,,,,,,,
3111,1852.71,4243.9,4977.15,472.36,267.44,-87.31,-3798.7,-28625.87,1563.86,16989.66,-5724.99,169.36,-2144.8,-5555.63,-7700.43,,,,,,,,,
3121,1757.66,4223.66,4904.63,470.9,295.46,-122.55,-3827.84,-28648.15,1579.85,17156.23,-5826.77,171.88,-2210.17,-5654.89,-7865.05,,,,,,,,,
3131,1776.3,4296.46,4905.31,478.48,271.63,-124.9,-3813.73,-28739.39,1594.21,17242.85,-5722.61,171.66,-2112.78,-5550.96,-7663.74,,,,,,,,,
3141,1789.66,4281.77,4891.06,480.1,267.41,-116.26,-3850.96,-28734.7,1592.13,17136.45,-5702.66,168.19,-2263.35,-5534.47,-7797.82,,,,,,,,,
3151,1775.85,4278.92,4921.41,480.07,269.47,-115.72,-3791.96,-28828.85,1604.94,17164.8,-5665.28,170.4,-2241.06,-5494.87,-7735.94,,,,,,,,,
3161,1804.71,4226.68,4980.76,475.23,275.36,-132.58,-3815.27,-28751.15,1594.53,17174.52,-5735.83,167.11,-2167.22,-5568.71,-7735.93,,,,,,,,,
3171,1771.71,4229.18,4951.19,479.05,261.5,-118.16,-3816.46,-28751.08,1618.53,17050.07,-5612.42,169.77,-2324.45,-5442.65,-7767.1,,,,,,,,,
3181,1814.63,4227.65,4964.83,466.04,269.13,-105.28,-3823.02,-28782.8,1599.56,17130.73,-5675.66,172.38,-2238.52,-5503.28,-7741.8,,,,,,,,,
3191,1793.23,4172.17,4978.65,479.52,267.8,-122.9,-3733.04,-28885.59,1601.39,17150.14,-5565.43,171.86,-2298.63,-5393.56,-7692.19,,,,,,,,,
3201,1813.04,4180.98,4968.39,477.5,260.46,-111.16,-3821.07,-28731.45,1591.14,17090.37,-5653.75,169.95,-2281.79,-5483.8,-7765.59,,,,,,,,,
3211,1858.82,4192.27,4963.3,470,279.34,-125.42,-3801.11,-28810.7,1591.61,17121.09,-5607.3,170.15,-2260.8,-5437.15,-7697.96,,,,,,,,,
3221,1759.34,4204.79,4967.1,470.02,266.58,-107.59,-3831.15,-28843.75,1582.55,17183.5,-5631.58,170.11,-2348.62,-5461.47,-7810.08,,,,,,,,,
3231,1793.94,4257.42,4922.63,485.53,282,-91.88,-3759.03,-28986.29,1608.77,17177.9,-5519.22,169.16,-2309.01,-5350.06,-7659.07,,,,,,,,,
3241,1781.24,4214.14,4956.89,474.1,270.92,-134.31,-3786.48,-28843.05,1596.06,17058.09,-5539.32,171.08,-2412.4,-5368.24,-7780.63,,,,,,,,,
3251,1800.39,4211.03,4911.91,475.86,275.6,-122.45,-3790.69,-28860.11,1597.93,17060.8,-5502.66,169.37,-2439.72,-5333.28,-7773.01,,,,,,,,,
3261,1773.14,4265.62,4948.7,475.08,281.1,-134.16,-3784.37,-28763.89,1594.86,16987.8,-5591.89,172.57,-2356.12,-5419.32,-7775.45,,,,,,,,,
3271,1770.71,4306.67,4976.42,479.54,268.3,-140.45,-3799.95,-28911.88,1615.94,17165.81,-5551.6,167.14,-2268.89,-5384.46,-7653.35,,,,,,,,,
3281,1791.65,4253.07,4905.55,477.61,273.66,-114.85,-3797.26,-28735.39,1578.98,17081.99,-5653.07,171.22,-2284.98,-5481.85,-7766.83,,,,,,,,,
3291,1834.79,4168.56,4922.85,488.74,272.64,-98.57,-3806.79,-28659.21,1624.15,17109.57,-5708.78,171.1,-2143.28,-5537.69,-7680.97,,,,,,,,,
3301,1802.04,4209.64,4922.73,476.08,302.92,-114.15,-3844.74,-28705.05,1569.05,17162.72,-5705.16,173.05,-2218.77,-5532.11,-7750.88,,,,,,,,,
3311,1749.83,4138.97,4927.61,454.28,247.48,-94.72,-3771.56,-28647.51,1592.98,17007.14,-5651.33,174.27,-2395.48,-5477.06,-7872.54,,,,,,,,,
3321,1840.08,4301.97,4962.7,474.62,265.77,-92.65,-3810.97,-28830.54,1560.02,17025.4,-5545.66,171.26,-2303.6,-5374.4,-7678,,,,,,,,,
3331,1794.16,4313.32,4991.49,486.3,276.65,-111.59,-3809.05,-28663.13,1578.17,16951.38,-5621.83,169.93,-2192.29,-5451.9,-7644.19,,,,,,,,,
3341,1811.99,4282.92,4939.04,476.17,259.52,-88.92,-3812.59,-28545.72,1603.77,17048.59,-5791.46,169.47,-2025.22,-5621.98,-7647.2,,,,,,,,,
3351,1770.94,4266.47,4940.75,488.07,273.94,-95.98,-3733.77,-28551.5,1585.76,16991.97,-5752.63,173.91,-2063.35,-5578.72,-7642.07,,,,,,,,,
3361,1811.55,4248.82,4947.63,481.87,270.59,-124.87,-3728.93,-28720.62,1594.55,17006.57,-5691.44,173.58,-2212.85,-5517.86,-7730.7,,,,,,,,,
3371,1808.34,4316.04,4901.82,477.62,276.44,-135.43,-3781.33,-28352.86,1590.1,16936.18,-5889.96,174.13,-1963.08,-5715.83,-7678.91,,,,,,,,,
3381,1777.65,4271.5,4979.63,472.43,278.31,-110.08,-3804.87,-28707.3,1592.69,17037.9,-5640.22,171.96,-2212.14,-5468.26,-7680.4,,,,,,,,,
3391,1790.41,4231.49,4970.89,479.8,270.94,-111,-3802.99,-28700.05,1590.24,17080.71,-5707.13,171.22,-2199.56,-5535.92,-7735.48,,,,,,,,,
3401,1783.55,4161.39,4967.53,470.27,253.95,-96.08,-3822.18,-28684.4,1595.91,17125.54,-5718.55,171.48,-2244.53,-5547.06,-7791.59,,,,,,,,,
3411,1834.16,4167.38,4949.21,466.55,278.69,-111.01,-3821.01,-28756.02,1590.14,17119.23,-5642.65,168.75,-2282.67,-5473.9,-7756.57,,,,,,,,,
3421,1865.48,4240.88,4970.93,478.34,273.38,-112.68,-3766.29,-28501.04,1567.27,16988.65,-5845.29,176.42,-1995.08,-5668.88,-7663.95,,,,,,,,,
3431,1845.87,4155.29,4953.98,487.59,271.76,-87.96,-3803.82,-28642.87,1589.05,17104.54,-5762.89,173.36,-2126.57,-5589.53,-7716.1,,,,,,,,,
3441,1753.07,4183.79,4942.24,478.31,296.41,-92.1,-3773.79,-28746.84,1612.83,17086.32,-5707.66,171.41,-2259.77,-5536.26,-7796.03,,,,,,,,,
3451,1775.03,4217.41,4940.69,455.89,259.7,-142.38,-3754.62,-28764.21,1577.77,17143.63,-5680.69,170.98,-2291.08,-5509.7,-7800.79,,,,,,,,,
3461,1782.06,4198.66,4965.36,463.66,262,-99.49,-3818.87,-28726.94,1601.28,17109.65,-5692.79,175.74,-2262.62,-5517.05,-7779.67,,,,,,,,,
3471,1782.13,4206.98,4955.29,469.27,284.86,-119.22,-3832.02,-28593.29,1610.52,17142.43,-5781.43,172.1,-2093.06,-5609.32,-7702.38,,,,,,,,,
3481,1775.92,4191.24,4976.87,460.58,270.39,-100.95,-3825.47,-28673.57,1577.2,17097.39,-5748.33,174.51,-2250.4,-5573.82,-7824.22,,,,,,,,,
3491,1785.18,4142.91,4955.16,476.48,261.2,-130.29,-3793.98,-28681.98,1601.99,17215.23,-5734.23,173.51,-2168.09,-5560.72,-7728.81,,,,,,,,,
3501,1782.81,4267.98,4964.73,490.79,265.12,-109.99,-3792.2,-28738.76,1603.27,17213.17,-5801.69,170.85,-2053.09,-5630.84,-7683.93,,,,,,,,,
3511,1839.38,4153.87,4961.93,477.6,270.65,-123.7,-3793.82,-28722.03,1597.53,17142.37,-5735.8,176.11,-2196.22,-5559.69,-7755.91,,,,,,,,,
3521,1854.12,4159.44,4920.9,477.59,248.99,-143.21,-3770.8,-28647.6,1601.02,17078.35,-5799.53,175.15,-2221.22,-5624.38,-7845.6,,,,,,,,,
3531,1863.75,4220.19,4978.73,487.03,289.07,-109.19,-3819.83,-28735.27,1582.18,17068.31,-5656.92,170.69,-2175.03,-5486.24,-7661.26,,,,,,,,,
3541,1823.83,4226.82,4948.7,481.77,264.75,-91.18,-3812.52,-28698.31,1552.61,17041.69,-5685.73,174.11,-2261.85,-5511.62,-7773.47,,,,,,,,,
3551,1840.04,4257.26,4966.16,480.36,274.01,-134.5,-3817.46,-28509.18,1570.95,17036.03,-5812.28,172.14,-2036.33,-5640.14,-7676.47,,,,,,,,,
3561,1734.51,4251.26,4965.64,470.44,265.09,-132.4,-3774.84,-28577.43,1580.91,17086.62,-5805.81,173.33,-2130.2,-5632.48,-7762.68,,,,,,,,,
3571,1827.44,4251.87,4959.36,475.67,273.1,-115.12,-3823.62,-28599.68,1607.76,17090.79,-5759.72,174.96,-2052.43,-5584.76,-7637.19,,,,,,,,,
3581,1829.41,4248.62,4968.1,471.47,270.72,-121.47,-3825.44,-28840.25,1598.84,17178.09,-5623.51,168.56,-2221.91,-5454.95,-7676.85,,,,,,,,,
3591,1826.87,4270.52,4914.67,471.13,281.09,-113.89,-3831.08,-28761.58,1568.26,17043.32,-5607.14,171.77,-2330.69,-5435.37,-7766.06,,,,,,,,,
3601,1812.6,4162.19,4965.7,463.4,256.5,-111.42,-3797.03,-28703.86,1603.53,17141.06,-5717.77,171.7,-2207.33,-5546.07,-7753.39,,,,,,,,,
3611,1793.49,4223.5,4926.04,479.72,266.09,-111.01,-3844.31,-28790.46,1567.71,17078.59,-5589.77,170.52,-2410.65,-5419.25,-7829.9,,,,,,,,,
3621,1813.36,4200.34,4933.99,467.48,260.63,-153.22,-3814.68,-28814.49,1588.54,17096.13,-5599.81,168.72,-2421.92,-5431.09,-7853.01,,,,,,,,,
3631,1797.82,4241.18,4978.91,480.77,283.52,-119.6,-3824.37,-28835.19,1604.21,17172.63,-5648.76,169.89,-2220.13,-5478.88,-7699.01,,,,,,,,,
3641,1829.21,4277.3,4932.34,485.22,260.48,-107.23,-3832.85,-28581.72,1575.52,17003.12,-5755.04,173.04,-2158.61,-5582,-7740.61,,,,,,,,,
3651,1808.41,4218.08,4922.54,477.63,277.07,-130.25,-3814.02,-28566.5,1577.34,17035.17,-5769.29,168.58,-2194.53,-5600.71,-7795.24,,,,,,,,,
3661,1807.93,4238.61,4965.46,468.75,265.98,-98.46,-3803.87,-28682.28,1596.68,17014.69,-5662.05,170.62,-2226.49,-5491.43,-7717.92,,,,,,,,,
3671,1854.28,4218.1,4940.09,478.61,269.69,-92.28,-3817.01,-28707.97,1579,17046.92,-5695.8,173.81,-2230.57,-5521.99,-7752.56,,,,,,,,,
3681,1828.74,4219.32,5007.91,474.83,265.2,-119.81,-3815.03,-28776.4,1602.51,17154.6,-5705.53,168.07,-2158.12,-5537.46,-7695.57,,,,,,,,,
3691,1808.7,4194.78,4925.21,486,265.53,-89.87,-3825.96,-28666.53,1583.22,17111.74,-5761.88,173.25,-2207.19,-5588.63,-7795.82,,,,,,,,,
3701,1786.31,4218.19,4946.39,484.04,277.83,-131.55,-3818.16,-28715.17,1594.94,17215.16,-5770.99,170.53,-2142.01,-5600.46,-7742.47,,,,,,,,,
3711,1832.1,4175.51,4949.4,492.5,270.06,-120.53,-3795.13,-28764.36,1602.51,17143.24,-5635.31,172.23,-2214.69,-5463.07,-7677.77,,,,,,,,,
3721,1693.55,4218.58,4923.72,470.22,259.55,-127.53,-3803.89,-28797.67,1593.45,17119.66,-5581.23,169.38,-2450.36,-5411.86,-7862.22,,,,,,,,,
3731,1839.12,4208.84,4971.08,477.45,272.72,-97.17,-3825.26,-28864.79,1593.68,17129.37,-5585.35,168.1,-2294.94,-5417.25,-7712.19,,,,,,,,,
3741,1856.1,4246.5,4959.99,486.02,271.1,-110.15,-3830.6,-28791.8,1585.78,17105.21,-5595.44,172.75,-2221.83,-5422.69,-7644.53,,,,,,,,,
3751,1759.1,4242.47,4974.98,469.08,286.05,-126.65,-3818.98,-28984.69,1624.58,17207.73,-5480.04,168.61,-2366.33,-5311.43,-7677.76,,,,,,,,,
3761,1749.38,4220.08,4931.58,464.15,268.84,-128.11,-3825.67,-28842.26,1606.51,17194.7,-5629.75,169.47,-2360.79,-5460.27,-7821.07,,,,,,,,,
3771,1728.34,4203.26,4985.07,477.04,283.12,-127.98,-3772.41,-28916.72,1614.18,17182.85,-5539.87,167.73,-2343.25,-5372.14,-7715.39,,,,,,,,,
3781,1870.48,4186.08,4995.07,482.24,289.01,-109.06,-3814.58,-28883.08,1605.75,17185.12,-5616.76,168.67,-2192.97,-5448.09,-7641.06,,,,,,,,,
3791,1817.72,4320.48,4899.56,494.42,270.28,-107.28,-3745.93,-28878.67,1580.35,17147.28,-5618.18,168.2,-2201.78,-5449.98,-7651.77,,,,,,,,,
3801,1789.88,4217.77,4941.01,473.78,264.94,-105.01,-3849,-28755.98,1586.62,17154.85,-5628.75,168.54,-2281.13,-5460.21,-7741.34,,,,,,,,,
3811,1837.72,4179.15,4940.31,475.42,265.55,-117.01,-3828.56,-28925.47,1587.4,17219.11,-5610.69,172.16,-2366.38,-5438.53,-7804.91,,,,,,,,,
3821,1746.69,4247.74,4933.31,476.28,251.16,-135,-3814.43,-28821.06,1576.73,17227.27,-5669.75,169.17,-2311.32,-5500.57,-7811.89,,,,,,,,,
3831,1834.64,4200.24,4938.76,476.38,256.14,-107.31,-3863.43,-28731.91,1607.03,17152.28,-5689.21,170.63,-2237.19,-5518.57,-7755.76,,,,,,,,,
3841,1778.3,4196.16,4933.01,474.57,275.67,-101.11,-3796.32,-28883.9,1583.73,17179.64,-5612.5,173.89,-2360.26,-5438.6,-7798.86,,,,,,,,,
3851,1844.79,4235.56,4968.68,473,290.5,-147.22,-3800.05,-28806.58,1567.63,17152.42,-5664.47,170.87,-2221.28,-5493.6,-7714.88,,,,,,,,,
3861,1840.96,4186.6,4922.43,468.77,277.05,-127.02,-3838.56,-28886.81,1607.42,17249.85,-5632.03,170.66,-2299.31,-5461.37,-7760.68,,,,,,,,,
3871,1798.71,4263.65,4972.95,474.82,251.96,-138.6,-3830.21,-28845.37,1600.49,17248.6,-5663.7,168.2,-2202.99,-5495.5,-7698.5,,,,,,,,,
3881,1881.12,4251.36,4966.85,470.7,285.53,-138.52,-3826.04,-28648.83,1576.45,17099.05,-5710.51,171.82,-2082.33,-5538.69,-7621.02,,,,,,,,,
3891,1829.18,4167.51,4942.65,471.73,279.65,-128.25,-3806.98,-28876.17,1600.6,17357.56,-5692.82,169.68,-2162.53,-5523.15,-7685.67,,,,,,,,,
3901,1771.02,4231.97,4962.02,479.58,284.66,-135,-3786.94,-28878.11,1602.23,17266.28,-5644.97,174.73,-2202.29,-5470.23,-7672.52,,,,,,,,,
3911,1765.77,4248.56,4940.62,481.68,275.25,-143.88,-3807.83,-28847.46,1625.33,17125.92,-5578.61,168.34,-2336.04,-5410.27,-7746.31,,,,,,,,,
3921,1820.95,4320.07,4975.56,488.91,263.51,-138.6,-3858.98,-28907.66,1540.27,17148.18,-5523.43,167.81,-2347.79,-5355.62,-7703.4,,,,,,,,,
3931,1771.34,4232.16,4951.1,492.66,288.29,-115.33,-3836.21,-28563.55,1568.41,17022.1,-5784.84,169.53,-2189.04,-5615.31,-7804.34,,,,,,,,,
3941,1799.47,4267,4953.55,471.31,281.14,-115.68,-3789.22,-28638.46,1572.81,17180.38,-5808.1,174.49,-2017.71,-5633.61,-7651.32,,,,,,,,,
3951,1824.46,4176.15,4962.03,471.3,257.58,-112.3,-3803.52,-28533.19,1609.87,17055.44,-5815.37,171.07,-2092.18,-5644.31,-7736.49,,,,,,,,,
3961,1887.04,4269,4989.36,471.62,263.58,-148.06,-3806.91,-28804.09,1576.33,17041.86,-5613.71,169.25,-2260.29,-5444.46,-7704.75,,,,,,,,,
3971,1792.92,4219.54,4943.15,474.16,273.66,-132.76,-3844.29,-28861.44,1603.68,17231.2,-5662.23,170.53,-2300.2,-5491.7,-7791.9,,,,,,,,,
3981,1821.46,4248.24,4936.23,478.56,258.41,-110.37,-3837.81,-28635.93,1551.8,17075.61,-5752.51,171.66,-2213.8,-5580.85,-7794.66,,,,,,,,,
3991,1753.7,4186.41,4991.05,477.42,268.42,-144.5,-3815.12,-28833.47,1642.91,17255.73,-5684.27,171.45,-2217.44,-5512.82,-7730.26,,,,,,,,,
4001,1840.22,4225.53,4973.16,480.67,273.66,-111.42,-3863.18,-28858.94,1560.1,17215.6,-5649.78,170.48,-2264.6,-5479.3,-7743.9,,,,,,,,,
4011,1828.54,4256.8,4976.8,481.51,254.63,-109.96,-3845.54,-28657.61,1615.79,17104.07,-5775.03,172.2,-2094.97,-5602.84,-7697.8,,,,,,,,,
4021,1808.07,4293.75,4949.92,476.77,259.33,-119.63,-3865.76,-28640.79,1584.46,17109.79,-5713.89,169.77,-2144.1,-5544.12,-7688.22,,,,,,,,,
4031,1804.39,4235.95,4925.88,468.79,291.88,-116.08,-3771.35,-28867.79,1592.37,17203.19,-5685.36,174.49,-2232.79,-5510.87,-7743.66,,,,,,,,,
4041,1810.72,4231.85,4949.36,477.19,288.88,-114.8,-3828.24,-28765.95,1599.19,17239.87,-5700.45,167.71,-2111.93,-5532.74,-7644.66,,,,,,,,,
4051,1761.18,4207.8,4946.96,477.06,282.5,-124.52,-3839.37,-28826.34,1582.5,17207.35,-5656.66,170.52,-2324.89,-5486.14,-7811.02,,,,,,,,,
4061,1749.94,4207.61,4977.73,466.48,260.88,-135.68,-3794.6,-28850.02,1623.41,17223.99,-5647.09,170.44,-2270.28,-5476.66,-7746.93,,,,,,,,,
4071,1842.04,4166.49,4937.84,481.55,267.53,-127.23,-3815.03,-28728.97,1597.06,17164.67,-5743.4,171.08,-2214.06,-5572.32,-7786.38,,,,,,,,,
4081,1842.05,4283.45,4916.06,485.32,276.19,-116.21,-3773.52,-28627.21,1578.4,16989.07,-5764.83,175.91,-2146.39,-5588.92,-7735.31,,,,,,,,,
4091,1765.84,4257.21,4989.24,479.55,256.49,-131.09,-3759.28,-28781.47,1617.06,17131.77,-5697.77,173.68,-2174.67,-5524.09,-7698.76,,,,,,,,,
4101,1799.08,4227.09,4943.63,484.3,268.76,-109.9,-3791.7,-28698.05,1563.11,17077.65,-5692.07,173.5,-2236.04,-5518.57,-7754.61,,,,,,,,,
4111,1817.65,4225.52,4985.14,474.11,288.11,-124.23,-3807.22,-28594.47,1567.31,17109.11,-5797.22,173.87,-2058.97,-5623.35,-7682.31,,,,,,,,,
4121,1829.62,4185.74,4953.9,498.47,266.59,-116.29,-3835.28,-28708.07,1618.44,17059.38,-5657.59,174.42,-2247.49,-5483.17,-7730.66,,,,,,,,,
4131,1765.07,4184.84,4968.16,473.49,290.55,-129.64,-3859.41,-28731.98,1587.9,17082.62,-5619.57,167.25,-2368.4,-5452.32,-7820.72,,,,,,,,,
4141,1800.5,4255.76,4937.39,471.89,241.18,-114.57,-3803.51,-28664.06,1574.41,17135.59,-5691.38,174.7,-2165.42,-5516.68,-7682.1,,,,,,,,,
4151,1751.98,4245.3,4942.61,467.22,269.18,-112.99,-3797.98,-28483.07,1608.44,17008.25,-5806.04,173.49,-2101.06,-5632.54,-7733.61,,,,,,,,,
4161,1809.86,4272.29,4936.39,486.98,279.31,-137.41,-3790.35,-28523.57,1590.28,17051.03,-5810.19,175.8,-2025.19,-5634.4,-7659.59,,,,,,,,,
4171,1743.68,4183.24,4972.87,476.52,290.32,-116.85,-3797.71,-28509.37,1602.07,17135.48,-5873.75,172.52,-2019.75,-5701.23,-7720.97,,,,,,,,,
4181,1848.27,4197.37,4982.29,470.24,256.73,-133.78,-3819.35,-28607.37,1594.71,17132.95,-5828.77,169.16,-2077.95,-5659.6,-7737.55,,,,,,,,,
4191,1795.97,4206.35,4972.87,489.46,279.83,-108.91,-3843.25,-28464.77,1579.95,17198.66,-5940.1,172.35,-1893.83,-5767.75,-7661.58,,,,,,,,,
4201,1761.78,4222.39,4958.12,493.75,268.33,-98.07,-3800.05,-28599.94,1625.46,17208.39,-5842.02,172.48,-1959.85,-5669.55,-7629.39,,,,,,,,,
4211,1825.11,4206.9,4956.21,468.43,282.1,-139.45,-3774.47,-28452.07,1616.68,17147.09,-5973.88,173.24,-1863.46,-5800.64,-7664.11,,,,,,,,,
4221,1799.16,4259.7,4977.97,475.09,290.3,-123.28,-3816.24,-28547.29,1600.6,17091.29,-5844.3,174.08,-1992.7,-5670.22,-7662.92,,,,,,,,,
4231,1759.32,4233.25,4972.98,462.5,246.46,-137.9,-3795.74,-28673.7,1612.85,17129.46,-5747.01,170.14,-2190.51,-5576.87,-7767.37,,,,,,,,,
4241,1847.33,4258.19,4953.41,462.03,280.08,-112.37,-3828.59,-28530.65,1571.42,17070.21,-5844.79,174.62,-2028.95,-5670.18,-7699.12,,,,,,,,,
4251,1816.26,4234.87,5003.43,477.52,275.82,-123.5,-3761.35,-28722.61,1583.19,17120.61,-5735.26,174.75,-2095.74,-5560.51,-7656.24,,,,,,,,,
4261,1824.88,4106.22,4958.58,472.61,275.73,-136.18,-3765.08,-28809.69,1592.11,17116.92,-5593.07,170.84,-2363.9,-5422.23,-7786.13,,,,,,,,,
4271,1774.09,4227.8,4968.82,475.82,274.33,-97.09,-3823.92,-28763.97,1587.3,17166.71,-5710.88,169.44,-2210.11,-5541.44,-7751.56,,,,,,,,,
4281,1824.89,4263.19,4989.08,465.28,269.25,-117.49,-3775.93,-28640.13,1585.54,17011.68,-5740.84,171.79,-2124.64,-5569.05,-7693.69,,,,,,,,,
4291,1778.94,4209.23,4957.12,480.13,272.87,-114.22,-3815.95,-28694.71,1606.02,17074.91,-5715.59,172.31,-2245.65,-5543.28,-7788.92,,,,,,,,,
4301,1724.32,4325.54,4908.87,473.6,266.23,-87.81,-3802.01,-28546.46,1605.34,17235.84,-5943.53,176.56,-1896.55,-5766.97,-7663.52,,,,,,,,,
4311,1810.62,4136.45,4936.87,466.34,290.79,-143.16,-3760.24,-28514.31,1583.01,17151.89,-5930.12,176.67,-2041.73,-5753.45,-7795.19,,,,,,,,,
4321,1861.07,4183.33,4981.37,472.93,287.09,-86.39,-3803.24,-28523.32,1595.71,17178.48,-5925.9,173.27,-1852.97,-5752.63,-7605.6,,,,,,,,,
4331,1807.76,4141.66,4953.12,458.68,268.29,-123.05,-3782.8,-28690,1614.22,17250.67,-5821.69,176.16,-2101.44,-5645.53,-7746.97,,,,,,,,,
4341,1843.57,4215.81,4990.89,467.24,282.82,-112.42,-3802.44,-28476.76,1567.07,17079.83,-5926.7,172.57,-1944.4,-5754.12,-7698.52,,,,,,,,,
4351,1818.25,4193.84,4922.36,467.82,261.95,-90.66,-3754.15,-28677.59,1577.22,17191.62,-5853.13,175.16,-2089.34,-5677.97,-7767.31,,,,,,,,,
4361,1902.15,4287.45,4959.99,481.99,269.99,-119.94,-3844.01,-28765.56,1564.77,17194.46,-5708.69,169.73,-2068.71,-5538.96,-7607.67,,,,,,,,,
4371,1779.09,4184.29,4917.93,467.52,267.47,-117.4,-3848.21,-28567.32,1587.72,17177.8,-5850.39,170.77,-2151.1,-5679.62,-7830.72,,,,,,,,,
4381,1784,4313.79,4951.16,483.29,267.62,-99.18,-3842.69,-28646.8,1571.17,17182.9,-5810.09,172.81,-2034.73,-5637.28,-7672.01,,,,,,,,,
4391,1755.58,4255.29,4942.61,473.98,274.81,-113.95,-3777.26,-28762.99,1601.87,17192.34,-5792.26,173.39,-2157.7,-5618.87,-7776.58,,,,,,,,,
4401,1786.08,4156.71,4962.72,465.97,280.52,-137.03,-3871.35,-28672.33,1576.41,17221.9,-5767.25,168.88,-2230.4,-5598.37,-7828.76,,,,,,,,,
4411,1773.29,4220.6,4925.37,473.35,253.92,-145.31,-3837.45,-28542.34,1562.38,17116.54,-5830.2,174.08,-2199.64,-5656.11,-7855.75,,,,,,,,,
4421,1821.74,4278.02,4953.74,485.72,276.99,-128.38,-3766.79,-28689.53,1613.5,17122.92,-5734.81,175.44,-2032.07,-5559.38,-7591.44,,,,,,,,,
4431,1792.43,4225.15,4966.2,466.83,263.33,-139.62,-3801.33,-28488.12,1569.15,17088.68,-5896.02,173.57,-2057.28,-5722.45,-7779.73,,,,,,,,,
4441,1844.42,4312.63,4987.07,491.37,274.38,-118.22,-3843.62,-28639.18,1568.26,17096.27,-5788.14,170.82,-2026.63,-5617.32,-7643.95,,,,,,,,,
4451,1858.28,4237.8,4940.56,482.96,261.17,-116.67,-3814.13,-28694.6,1585.63,17207.14,-5765.47,173.7,-2051.87,-5591.77,-7643.64,,,,,,,,,
4461,1785.85,4271.85,4964.65,492.9,258.76,-137.12,-3794.8,-28781.7,1616.12,17229.83,-5773.6,174.01,-2093.67,-5599.59,-7693.27,,,,,,,,,
4471,1737.98,4226.23,4961.73,472.71,281.41,-129.67,-3837.39,-28689.67,1592.55,17252.7,-5802.16,175.25,-2131.41,-5626.92,-7758.33,,,,,,,,,
4481,1773.09,4227.27,4988.41,469.01,259.52,-135.39,-3872.27,-28654.36,1579.85,17111.63,-5744.02,165.81,-2253.25,-5578.21,-7831.46,,,,,,,,,
4491,1837.45,4308.57,4953.09,479.37,263.22,-155.47,-3835.31,-28659.9,1571.76,17189.3,-5785.68,173.59,-2047.91,-5612.09,-7659.99,,,,,,,,,
4501,1702.38,4212.19,5001.67,463.59,275.62,-128.62,-3837.31,-28622.2,1598.65,17201.88,-5835.69,174.84,-2132.14,-5660.85,-7793,,,,,,,,,
4511,1758.24,4194.13,4957.85,476.15,272.85,-113.7,-3763.46,-28675.55,1611.44,17227.91,-5845.01,178.31,-2054.14,-5666.7,-7720.84,,,,,,,,,
4521,1829.07,4261.96,4934.6,486.87,270.57,-115.81,-3765.08,-28718.83,1628.18,17242.72,-5815.46,174.12,-1945.75,-5641.34,-7587.09,,,,,,,,,
4531,1821.73,4216.87,4929.21,499.1,257.5,-103.65,-3849.96,-28556.84,1569.27,17137.89,-5826.84,173.84,-2078.89,-5653,-7731.89,,,,,,,,,
4541,1834.36,4206.28,5018.51,475.43,269.91,-104.53,-3846.73,-28761.54,1570.02,17127.3,-5626.1,171.42,-2211,-5454.68,-7665.68,,,,,,,,,
4551,1719.56,4191.7,4951.31,472.73,279.21,-118.31,-3826.09,-28738.49,1603.04,17258.93,-5771.6,177.32,-2206.42,-5594.28,-7800.7,,,,,,,,,
4561,1845.92,4268.85,4942.09,488.04,269.68,-128.71,-3825.68,-28581.3,1602.1,17106.75,-5798.58,173.67,-2012.28,-5624.91,-7637.19,,,,,,,,,
4571,1845.76,4200.06,4974.62,481.59,271.81,-150.81,-3818.84,-28408.69,1599.42,17057.06,-5905.96,177.79,-1948,-5728.17,-7676.18,,,,,,,,,
4581,1797,4268.33,4983.99,490.53,260.03,-127.27,-3851.17,-28599.02,1594.45,17066.53,-5764.9,169.33,-2116.59,-5595.57,-7712.16,,,,,,,,,
4591,1843.84,4293.26,4960.47,465.09,261.54,-166.78,-3814.36,-28709.66,1611.29,17066.51,-5704.42,171.16,-2188.79,-5533.26,-7722.05,,,,,,,,,
4601,1818.83,4227.09,4973.29,468.46,270.13,-119,-3796.66,-28706.79,1617.44,17154.84,-5758.88,174.3,-2092.36,-5584.58,-7676.94,,,,,,,,,
4611,1796.59,4261.6,4925.42,486.61,273.51,-109.34,-3792.79,-28524.93,1597.84,17177.52,-5909.54,176.07,-1907.97,-5733.47,-7641.44,,,,,,,,,
4621,1803.21,4240.96,4932.79,475.68,280.42,-142.91,-3752.3,-28638.43,1591.13,17149.39,-5763.2,176.96,-2060.05,-5586.24,-7646.29,,,,,,,,,
4631,1866.48,4270.26,5016.84,487.34,281.15,-134.33,-3755.73,-28483,1576.8,17037.58,-5930.26,179.24,-1836.61,-5751.03,-7587.64,,,,,,,,,
4641,1797.14,4225.4,4945.8,473.27,284.14,-142.35,-3794,-28656.55,1586.3,17148.47,-5782.21,172.75,-2132.38,-5609.46,-7741.85,,,,,,,,,
4651,1807.12,4261.3,4963.27,493.22,262.98,-142.13,-3847.51,-28543.45,1576.88,17121.69,-5808.02,173.74,-2046.62,-5634.28,-7680.9,,,,,,,,,
4661,1787.28,4231.66,4926.25,487.27,266.71,-138.03,-3809.76,-28653.46,1559.86,17173.13,-5821.51,176.3,-2169.1,-5645.21,-7814.31,,,,,,,,,
4671,1851.41,4236.9,4933.87,485.47,262.3,-131.6,-3779.36,-28781.28,1604.69,17134.41,-5637.07,172.17,-2183.2,-5464.9,-7648.1,,,,,,,,,
4681,1713.84,4330.7,4936.7,496.02,256.19,-117.6,-3835.91,-28591.17,1614.81,17128.42,-5768.66,173.76,-2068.01,-5594.9,-7662.91,,,,,,,,,
4691,1760.97,4266.77,4949.33,475.19,282.11,-119.21,-3761.5,-28866.06,1640.69,17227.94,-5694.52,173.57,-2143.76,-5520.95,-7664.71,,,,,,,,,
4701,1838.13,4282.9,4980.31,484.16,272,-136.33,-3817.42,-28566.72,1588.85,17087.48,-5808.43,177.08,-1986.64,-5631.35,-7617.99,,,,,,,,,
4711,1868.92,4271.07,4941.21,492.79,253.17,-137.62,-3755.47,-28537.11,1582.6,17091.65,-5853.84,176.02,-1928.79,-5677.82,-7606.6,,,,,,,,,
4721,1782.19,4217.99,4951.19,483.62,272.37,-157.58,-3784.31,-28391.73,1611.43,17133.61,-5940.96,179.05,-1881.21,-5761.91,-7643.12,,,,,,,,,
4731,1823.54,4235.11,4937.1,489.51,282.88,-141.32,-3782.8,-28462.11,1609.46,16981.17,-5856.98,176.15,-2027.47,-5680.83,-7708.29,,,,,,,,,
4741,1813.18,4284.38,4946.7,488.65,262.71,-123.38,-3824.94,-28632.16,1555.05,17180.29,-5785.62,174.38,-2049.54,-5611.24,-7660.79,,,,,,,,,
4751,1826.54,4228.13,5006.38,465,284.33,-103.49,-3813.57,-28561.38,1608.7,17171.88,-5859.35,173.33,-1887.47,-5686.02,-7573.49,,,,,,,,,
4761,1810.15,4180.1,4950.98,479.7,260.23,-163.49,-3838,-28521.22,1558.29,17118.96,-5834.85,173.59,-2164.29,-5661.26,-7825.55,,,,,,,,,
4771,1803.61,4238.82,4971.71,478.4,258.2,-140.3,-3790.48,-28729.72,1582.53,17133.09,-5706,171.61,-2194.15,-5534.4,-7728.55,,,,,,,,,
4781,1783.02,4231.38,4946.03,462.71,260.36,-130.59,-3834.61,-28527.72,1608.2,17066.03,-5777.6,175.17,-2135.18,-5602.44,-7737.61,,,,,,,,,
4791,1800.34,4235.85,4995.78,482.93,242.03,-123.24,-3790.35,-28720.01,1608,17052.67,-5649.9,171.49,-2216,-5478.41,-7694.41,,,,,,,,,
4801,1864.58,4220.58,5029.67,484.38,263.56,-132.35,-3806.86,-28682.5,1577.34,17187.97,-5778.9,177.39,-1993.63,-5601.52,-7595.15,,,,,,,,,
4811,1785.54,4261.78,4956.16,463.23,255.67,-132.47,-3791.24,-28750.76,1584.33,17246.83,-5703.74,174.6,-2120.93,-5529.14,-7650.06,,,,,,,,,
4821,1830.12,4265.89,4998.59,482.88,285.96,-149.21,-3848.89,-28453.95,1603.2,17028.07,-5843.86,176.37,-1957.34,-5667.49,-7624.83,,,,,,,,,
4831,1807.98,4238.75,4953.01,458.21,269.64,-118.74,-3739.88,-28475.14,1579.7,17133.22,-5932.03,178.59,-1893.25,-5753.44,-7646.69,,,,,,,,,
4841,1797.6,4226,4969.07,472.19,274.56,-106.8,-3833.42,-28506.41,1601.91,17179.28,-5878.94,175.45,-1926.03,-5703.48,-7629.51,,,,,,,,,
4851,1757.67,4218,4989,480.9,271.72,-140.14,-3843.36,-28445.58,1617.41,17196.23,-5952.18,176.17,-1898.16,-5776.01,-7674.17,,,,,,,,,
4861,1814.09,4245.06,4958.68,481.86,280.28,-132.47,-3824.96,-28558.65,1598.79,17101.13,-5823.8,175.13,-2036.2,-5648.67,-7684.87,,,,,,,,,
4871,1789.72,4279.75,4943.69,489.44,274.81,-114.35,-3802.17,-28366.4,1570.5,17006.96,-5921.85,178.41,-1928.04,-5743.45,-7671.49,,,,,,,,,
4881,1820.37,4182.46,5009.23,473.72,266.07,-104.4,-3777.22,-28514.02,1562.58,17214.27,-5917.54,175.94,-1866.94,-5741.6,-7608.55,,,,,,,,,
4891,1750.89,4152.12,4914.61,472.18,252.76,-130.73,-3812.96,-28585.89,1584.78,17084.82,-5782.7,172.2,-2317.43,-5610.5,-7927.93,,,,,,,,,
4901,1776.31,4226.82,4977.56,477.45,264.99,-84.53,-3828.6,-28558.62,1576.56,17099.06,-5802.28,170.89,-2073.01,-5631.39,-7704.4,,,,,,,,,
4911,1869.82,4228.34,4941.83,475.35,279.36,-93.13,-3789.03,-28626.78,1591.79,17067.81,-5805.82,173.72,-2054.64,-5632.1,-7686.74,,,,,,,,,
4921,1812.03,4209.93,4926.29,485.8,270.37,-115.37,-3797.56,-28647.65,1609.14,17152.96,-5796.12,174.11,-2094.07,-5622.01,-7716.07,,,,,,,,,
4931,1860.76,4199.1,4956.28,489.04,271.6,-123.35,-3775.35,-28685.25,1580.53,17191.94,-5772.26,176.52,-2034.7,-5595.74,-7630.44,,,,,,,,,
4941,1844.74,4243.71,4915.81,505.02,261.44,-113.6,-3780.24,-28808.9,1599.36,17111.49,-5640.34,176.89,-2221.18,-5463.44,-7684.62,,,,,,,,,
4951,1754.64,4219,4989.32,486.65,268.32,-141.55,-3799.46,-28761.94,1598.77,17149.42,-5695.78,173.02,-2236.82,-5522.75,-7759.57,,,,,,,,,
4961,1739.53,4233.22,4944.17,476.23,281.08,-111.76,-3790.46,-28474.28,1573.49,17151.35,-5949.54,177.8,-1977.42,-5771.74,-7749.17,,,,,,,,,
4971,1795.74,4144.46,4914.02,474.98,269.22,-114.44,-3783.59,-28589.85,1578.92,17196.79,-5871.7,177.42,-2113.75,-5694.29,-7808.03,,,,,,,,,
4981,1827.41,4178.92,4965.37,482.49,265.99,-95.91,-3821.45,-28466.4,1588.8,17097.15,-5911.47,176.38,-1977.65,-5735.1,-7712.74,,,,,,,,,
4991,1798.97,4147.06,4951.91,476.82,274.79,-120.33,-3799.38,-28614.44,1597.47,17201.53,-5854.12,173.86,-2085.6,-5680.27,-7765.87,,,,,,,,,
5001,1865.48,4205.77,4987.76,469.55,286.19,-153.68,-3790.59,-28649.35,1591.87,17135.3,-5831.75,176.8,-2051.69,-5654.95,-7706.64,,,,,,,,,
5011,1842.43,4233.95,4980.83,476.9,286.71,-155.11,-3747.43,-28464.45,1598.17,17075.37,-5926.91,181.5,-1872.63,-5745.4,-7618.03,,,,,,,,,
5021,1858.28,4279.32,4993.02,493.5,275.84,-116.79,-3787.53,-28763.21,1632.35,17140.94,-5718.03,174.74,-1994.28,-5543.3,-7537.58,,,,,,,,,
5031,1727.38,4154.92,4950.93,469.09,271.74,-115.83,-3767.53,-28715.29,1602.12,17227.6,-5781.32,176.05,-2194.88,-5605.27,-7800.15,,,,,,,,,
5041,1747.9,4235.24,4928.84,478.85,284.1,-132.18,-3796.27,-28680.87,1597.1,17123.12,-5705.8,179.66,-2214.16,-5526.14,-7740.31,,,,,,,,,
5051,1784.22,4196.86,4927.74,477.37,266.26,-83.71,-3771.41,-28499.02,1629.19,17152.8,-5964.29,176.24,-1919.69,-5788.05,-7707.74,,,,,,,,,
5061,1818.03,4172.64,4984.64,474.24,305.32,-140.89,-3765.69,-28721.15,1602.27,17203.28,-5820.26,173.1,-2067.32,-5647.16,-7714.48,,,,,,,,,
5071,1824.72,4225.12,4962.26,480.5,274.72,-123.05,-3757.77,-28653.45,1603.24,17194.33,-5839.58,174.03,-1969.37,-5665.55,-7634.92,,,,,,,,,
5081,1804.23,4238.03,4959.62,502.25,259,-124.86,-3831.63,-28677.04,1565.16,17186.42,-5792.6,174.04,-2118.82,-5618.56,-7737.37,,,,,,,,,
5091,1849.29,4211.77,4948.87,472.26,265.42,-109.97,-3797.43,-28562.83,1580.89,17111.41,-5858.4,174.38,-2030.32,-5684.02,-7714.33,,,,,,,,,
5101,1843.96,4300.58,4950.92,485.32,300.43,-118.53,-3804.61,-28632.94,1558.87,17134.55,-5825.13,177.08,-1981.45,-5648.06,-7629.5,,,,,,,,,
5111,1793.41,4222.08,4917.59,478.55,262.48,-98.31,-3811.6,-28693.56,1609.73,17137.95,-5737.26,171.18,-2181.68,-5566.08,-7747.76,,,,,,,,,
5121,1824.52,4254.89,4944.24,479.27,265.27,-120.59,-3800.59,-28650.1,1574.9,17120.8,-5804.25,173.7,-2107.38,-5630.55,-7737.93,,,,,,,,,
5131,1830.73,4260.4,4977.78,491.27,278.66,-137.53,-3850.73,-28583.15,1587.24,17151.13,-5860.41,174.43,-1994.22,-5685.98,-7680.2,,,,,,,,,
5141,1825.45,4294.28,4954.41,474.42,256.71,-110.84,-3773.5,-28493.12,1537.89,17043.45,-5843.61,174.55,-1990.87,-5669.06,-7659.93,,,,,,,,,
5151,1762.22,4178.2,4918.53,483.95,252.12,-126.05,-3783.07,-28657.37,1594.32,17200.56,-5805.91,174.3,-2176.59,-5631.61,-7808.2,,,,,,,,,
5161,1873.48,4183.21,4908.44,477.57,256.11,-130.1,-3795.92,-28540.96,1578.49,17141.93,-5896.75,173.88,-2047.76,-5722.86,-7770.62,,,,,,,,,
5171,1829.52,4249.27,4889.73,497.92,266.96,-114.68,-3815.97,-28562.9,1606.59,17119.6,-5869.91,171.67,-2033.95,-5698.24,-7732.19,,,,,,,,,
5181,1820.81,4286.08,4854.24,480.3,263.38,-114.94,-3816.47,-28610.49,1559.59,17092.09,-5815.12,172.83,-2185.4,-5642.29,-7827.69,,,,,,,,,
5191,1793.55,4227.31,4956.52,493.23,267.16,-108.54,-3845.09,-28684.75,1610.09,17192.32,-5794.64,172.07,-2098.19,-5622.56,-7720.75,,,,,,,,,
5201,1754.31,4212.34,4940.04,472.26,281.99,-121.79,-3805.07,-28782.02,1576.79,17114.49,-5689.75,173.72,-2356.66,-5516.03,-7872.7,,,,,,,,,
5211,1811.3,4252.66,4964.37,485.27,269.06,-145.83,-3759.41,-28718.11,1596.41,17141.29,-5749.78,173.12,-2103,-5576.66,-7679.67,,,,,,,,,
5221,1780.65,4230,4924.46,469.32,276.63,-112.82,-3823.06,-28747.26,1593.89,17201.49,-5753.3,172,-2206.7,-5581.3,-7788,,,,,,,,,
5231,1720.38,4247.29,4979.89,471.37,260.25,-139.65,-3829.46,-28663.47,1628.78,17139.68,-5783.88,170.77,-2184.93,-5613.11,-7798.05,,,,,,,,,
5241,1786.53,4298.66,4996.07,495.8,274.29,-125.06,-3836.28,-28657.65,1572.09,17201.11,-5813.3,173.12,-1994.43,-5640.18,-7634.61,,,,,,,,,
5251,1800.24,4240.9,4906.98,495.61,280.36,-118.64,-3783.9,-28646.03,1582.62,17097.96,-5833.59,175.4,-2143.91,-5658.2,-7802.11,,,,,,,,,
5261,1871.28,4306.24,4951.31,478.88,253.77,-130.92,-3782.34,-28810.98,1585.07,17078.36,-5608.58,168.62,-2199.32,-5439.95,-7639.27,,,,,,,,,
5271,1870.26,4272.67,5008.73,477.63,259.83,-123.72,-3819.95,-28598.33,1506.39,17043.15,-5784.04,172.55,-2103.35,-5611.49,-7714.84,,,,,,,,,
5281,1789.5,4249.39,4925.69,471.4,281.66,-122.1,-3820.53,-28877.99,1609.86,17204.24,-5620.38,170.4,-2288.88,-5449.99,-7738.86,,,,,,,,,
5291,1825.02,4146.56,4965.87,481.22,274.73,-107.32,-3794.72,-28896.35,1599.89,17258.93,-5663.07,169.35,-2246.19,-5493.72,-7739.91,,,,,,,,,
5301,1771.63,4275.72,4932.82,468.23,262.14,-116.89,-3859.31,-28769.26,1579.16,17203.22,-5681.96,169.2,-2252.55,-5512.76,-7765.3,,,,,,,,,
5311,1741.72,4185.48,4964.46,484.92,249.13,-126.3,-3806.68,-28773.92,1619.38,17217.58,-5766.83,174.05,-2244.22,-5592.78,-7837,,,,,,,,,
5321,1807.21,4231.49,4948.68,475.51,270.64,-113.62,-3775.38,-28740.55,1597.07,17097.82,-5720.25,171.1,-2201.13,-5549.15,-7750.28,,,,,,,,,
5331,1808.09,4258.13,4957.14,491.6,273.03,-111.73,-3813.24,-28711.23,1576,17222.79,-5824.7,171.79,-2049.41,-5652.91,-7702.32,,,,,,,,,
5341,1767.43,4152.18,4955.28,476.61,277.23,-118.99,-3846.96,-28749.3,1601.77,17328.43,-5814.17,169.69,-2156.32,-5644.48,-7800.81,,,,,,,,,
5351,1831.04,4368.58,4922.93,478.96,279.6,-128.93,-3805.85,-28611.26,1550.46,17118.66,-5790.69,172.94,-1995.8,-5617.75,-7613.55,,,,,,,,,
5361,1847.61,4280.19,4927.06,485.06,271.47,-115.98,-3842.61,-28775.59,1615.31,17125.95,-5644.49,167.5,-2181.52,-5476.99,-7658.51,,,,,,,,,
5371,1800.81,4270.44,4938.9,490.46,264.62,-120.64,-3839.26,-28779.31,1594.28,17166.03,-5685.42,171.01,-2213.67,-5514.41,-7728.08,,,,,,,,,
5381,1833.87,4220.09,4979.45,469.2,296.97,-138.14,-3841.19,-28694.75,1590.52,17136.99,-5726.49,171.58,-2146.99,-5554.91,-7701.89,,,,,,,,,
5391,1842.54,4199.69,4916.48,485.52,287.17,-119.15,-3793.49,-28713.94,1574.55,17097.53,-5743.46,170.89,-2223.09,-5572.57,-7795.66,,,,,,,,,
5401,1800.6,4228.33,4941.8,475.07,256.64,-120.58,-3817.07,-28713.7,1595.64,17201.37,-5775.24,167.57,-2151.89,-5607.67,-7759.56,,,,,,,,,
5411,1839.17,4237.81,4911.66,471.87,262.88,-105.76,-3817.45,-28600.75,1580.1,17086.08,-5848.05,174,-2134.4,-5674.04,-7808.44,,,,,,,,,
5421,1874.88,4263.53,4922.82,488.49,248.11,-135.82,-3846.13,-28521.37,1575.67,17169.33,-5934.28,172.26,-1960.48,-5762.02,-7722.49,,,,,,,,,
5431,1790.73,4242.05,4965.3,486.82,271.57,-137.26,-3791.65,-28514.29,1604.4,17072.31,-5903.52,175.39,-2010.02,-5728.13,-7738.15,,,,,,,,,
5441,1859.68,4286.45,4953.05,481.75,262.91,-141.2,-3834.81,-28608.04,1576.03,17192.7,-5869.44,174.24,-1971.47,-5695.2,-7666.67,,,,,,,,,
5451,1903.95,4268.15,4923.11,491.04,264.35,-104.63,-3810.85,-28599.52,1558.65,17124.69,-5831.25,170.27,-1981.05,-5660.98,-7642.03,,,,,,,,,
5461,1809.81,4278.48,4938.85,486.09,281.42,-114.39,-3820.83,-28578.95,1604.49,17123.36,-5868.89,175.02,-1991.68,-5693.87,-7685.54,,,,,,,,,
5471,1848.6,4283.97,4923.1,494.83,256.69,-128.45,-3844.76,-28658.05,1591.29,17117.96,-5805.76,170.72,-2114.82,-5635.04,-7749.86,,,,,,,,,
5481,1827.35,4158.04,4943.9,481.66,270.56,-124.46,-3844.67,-28630.45,1594.97,17138.01,-5811.12,170.79,-2185.08,-5640.33,-7825.41,,,,,,,,,
5491,1865.24,4236.66,4942.75,479.55,284.71,-123.54,-3851.45,-28747.95,1574.39,17177.71,-5746.7,171.83,-2161.93,-5574.87,-7736.8,,,,,,,,,
5501,1797.83,4271.71,4994.38,480.53,271.49,-133.56,-3801.76,-28710.27,1577.16,17220,-5806.37,173.48,-2032.51,-5632.88,-7665.4,,,,,,,,,
5511,1790.79,4174.58,4970.4,485.47,276.99,-98.7,-3805.32,-28730.3,1610.34,17225.21,-5822.98,173.84,-2100.53,-5649.15,-7749.68,,,,,,,,,
5521,1812.81,4342.78,4973.23,481.87,286.23,-143.86,-3777.28,-28737.18,1607.86,17102.89,-5705.02,171.97,-2050.66,-5533.05,-7583.71,,,,,,,,,
5531,1819.79,4197.08,4972.19,470.03,271.53,-127.52,-3826.63,-28600.33,1609.03,17237.44,-5921.65,170.49,-1977.37,-5751.16,-7728.53,,,,,,,,,
5541,1761.52,4239.31,4931.8,486.53,300.54,-124.33,-3785.68,-28675.59,1583.89,17239.41,-5864.69,176.58,-2042.61,-5688.11,-7730.71,,,,,,,,,
5551,1809.94,4136.82,4989.31,462.7,271.73,-98.2,-3812.45,-28539.27,1622.87,17129.46,-5892.7,170.77,-2027.1,-5721.93,-7749.03,,,,,,,,,
5561,1782.59,4242.15,4954.11,479.97,274.98,-96.64,-3777.25,-28617.09,1619.17,16998.62,-5788.25,173,-2139.39,-5615.25,-7754.64,,,,,,,,,
5571,1822.47,4209.53,4974.2,482.03,278.78,-102.24,-3775.84,-28611.31,1616.41,17144.15,-5841.18,174.57,-1961.81,-5666.61,-7628.42,,,,,,,,,
5581,1759.22,4116.5,4914.46,474.46,281.1,-107,-3878.59,-28649.38,1612.21,17196.51,-5792.43,167.48,-2280.52,-5624.95,-7905.47,,,,,,,,,
5591,1829.86,4260.11,4960.93,474.41,262.53,-115.1,-3822.25,-28529.19,1595.33,17080.29,-5864.18,172.72,-2003.1,-5691.46,-7694.56,,,,,,,,,
5601,1765.44,4210.61,4946.81,477.84,255.97,-113.39,-3853.13,-28546.84,1566.39,17090.61,-5841.23,171.07,-2199.69,-5670.16,-7869.85,,,,,,,,,
5611,1777.36,4268.71,4947.71,464.26,272.3,-96.57,-3814.77,-28540.85,1588.72,17192.57,-5899.39,171.16,-1940.54,-5728.24,-7668.78,,,,,,,,,
5621,1800.33,4140.38,5004.2,465.69,250.59,-81.78,-3860.51,-28501.74,1585.76,17144.36,-5914.84,175.7,-2052.71,-5739.14,-7791.85,,,,,,,,,
5631,1831.5,4331.87,4885.19,488.84,257.9,-89.18,-3861.76,-28360.23,1579.2,17025.46,-5935.18,170.47,-1911.22,-5764.72,-7675.93,,,,,,,,,
5641,1848.35,4291.28,4974.43,488.71,265.04,-122.57,-3864.26,-28506.11,1597.35,17143.11,-5898.85,170.9,-1884.68,-5727.96,-7612.64,,,,,,,,,
5651,1797.6,4240.53,4944.74,471.48,273.38,-120.2,-3841.62,-28520.07,1606.53,17177.03,-5868.03,174.25,-1970.59,-5693.78,-7664.37,,,,,,,,,
5661,1847.98,4279.83,4949.01,488.13,260.5,-100.33,-3803.89,-28545.04,1587.56,17076.64,-5873.88,172.71,-1959.6,-5701.16,-7660.76,,,,,,,,,
5671,1818.22,4203.29,4947.04,471.3,266.26,-113.83,-3799.59,-28536.43,1592.62,17113.34,-5893.08,171.34,-2037.78,-5721.73,-7759.51,,,,,,,,,
5681,1803.72,4252.97,4964.19,477.21,266.49,-100.99,-3843.96,-28567.76,1562.98,17131.99,-5848.94,172.25,-2053.17,-5676.69,-7729.86,,,,,,,,,
5691,1789.08,4214.01,4925.47,480.93,280.68,-108.85,-3858.91,-28477.8,1593.14,17138.77,-5934.09,167.17,-2023.49,-5766.92,-7790.41,,,,,,,,,
5701,1823.75,4263.04,4946.79,462.69,276.15,-110.88,-3798.37,-28595.28,1582.77,17112.17,-5851.33,174.44,-2037.17,-5676.89,-7714.07,,,,,,,,,
5711,1866.23,4288.53,4943.29,471.64,273.71,-84,-3827.68,-28512.81,1572.07,16974.26,-5806.44,173.03,-2034.77,-5633.41,-7668.18,,,,,,,,,
5721,1779.39,4200.49,4983.19,482.18,282.41,-123.06,-3816.27,-28756.7,1618.45,17187.07,-5752.81,168.94,-2162.85,-5583.88,-7746.73,,,,,,,,,
5731,1817.04,4280.85,4942.03,484.13,277.17,-96.77,-3867.72,-28731.02,1570.79,17119.68,-5704.31,170.9,-2203.83,-5533.41,-7737.23,,,,,,,,,
5741,1764.88,4187.56,4971.91,476.94,249.85,-117.34,-3804.11,-28635.36,1598.34,17167.2,-5786.31,172.15,-2140.12,-5614.16,-7754.28,,,,,,,,,
5751,1811.53,4275.46,4990.13,466.53,251.03,-80.84,-3818.25,-28830.17,1585.31,17111.85,-5631.05,172.67,-2237.43,-5458.38,-7695.81,,,,,,,,,
5761,1813.16,4241.88,4945.53,483.73,264.48,-119.89,-3838.95,-28837.52,1598.22,17161.32,-5632.59,167.14,-2288.05,-5465.45,-7753.5,,,,,,,,,
5771,1745.59,4262.72,4988.4,483.96,290.91,-108.27,-3781.56,-28624.53,1593.38,17118.17,-5786.46,171.75,-2031.21,-5614.71,-7645.93,,,,,,,,,
5781,1858.69,4200.6,4991.58,465.04,273.8,-113.34,-3801.13,-28543.32,1593.91,17110.44,-5868.63,175.39,-1963.74,-5693.24,-7656.98,,,,,,,,,
5791,1846.05,4236.69,4958.23,490.58,274.53,-115.49,-3849.37,-28550.24,1590.1,17065.31,-5846.08,169.1,-2053.61,-5676.97,-7730.59,,,,,,,,,
5801,1782.79,4192.94,4956.6,475.47,268.13,-128.36,-3797.88,-28568.11,1594.93,17185.72,-5835.36,178.37,-2037.77,-5656.99,-7694.76,,,,,,,,,
5811,1809.78,4263.76,4950.63,482.77,269.2,-119.89,-3822.18,-28550.55,1642.73,17116.35,-5801.19,175.82,-1957.4,-5625.37,-7582.77,,,,,,,,,
5821,1834.74,4188.98,4922.62,495.55,272.81,-115.27,-3826.61,-28603.16,1603.89,17164.83,-5797.65,171.15,-2061.61,-5626.5,-7688.11,,,,,,,,,
5831,1812.99,4149.08,4975.55,469.5,290.58,-119.96,-3838.88,-28612.45,1616.99,17132.03,-5798.89,172.33,-2124.57,-5626.56,-7751.13,,,,,,,,,
5841,1837.44,4298.98,4977.52,497.83,273.57,-141.08,-3798.41,-28635.8,1557.37,17021.69,-5700.21,172.53,-2110.89,-5527.68,-7638.57,,,,,,,,,
5851,1775.87,4210.76,4962.35,475.68,292.09,-111.91,-3831.4,-28714.37,1635.03,17111.13,-5685.8,170.47,-2194.77,-5515.33,-7710.1,,,,,,,,,
5861,1803.9,4237.78,4911.3,467.22,291.74,-103.71,-3821,-28804.96,1586.37,17154.96,-5637.06,170.6,-2276.4,-5466.46,-7742.86,,,,,,,,,
5871,1827.9,4132.86,4944.85,472.15,270.34,-110.65,-3840.92,-28586.18,1579.47,17135.59,-5796.58,169.78,-2174.58,-5626.8,-7801.38,,,,,,,,,
5881,1804.34,4247.32,4951.35,465.39,258.27,-112.76,-3831.41,-28690.54,1572.47,17108.06,-5730.81,166.04,-2227.53,-5564.78,-7792.3,,,,,,,,,
5891,1753.21,4173.53,4953.6,467.99,265.22,-102.65,-3784.08,-28519.86,1612.16,17164.53,-5881.75,175.47,-2016.35,-5706.28,-7722.63,,,,,,,,,
5901,1782.27,4181.32,4950.73,473.9,276.2,-115.88,-3838.04,-28707.07,1592.92,17128.75,-5731.5,170.54,-2274.91,-5560.96,-7835.87,,,,,,,,,
5911,1833.7,4311.95,4972.87,482.48,281.7,-132.62,-3831.53,-28372.46,1571.17,16937.09,-5883.82,175.42,-1945.64,-5708.4,-7654.04,,,,,,,,,
5921,1741.93,4206.69,4948.1,464.1,271.15,-122.67,-3826.76,-28624.22,1598.39,17108.34,-5725.58,173.37,-2234.96,-5552.21,-7787.16,,,,,,,,,
5931,1818.4,4228.17,4994.32,470.21,268.84,-143.03,-3865.02,-28644.61,1559.44,17068.98,-5671.11,169.91,-2244.3,-5501.2,-7745.5,,,,,,,,,
5941,1750.72,4275.36,4982.6,466.89,283.06,-154.05,-3874.28,-28598.43,1604.54,17112.26,-5744.7,171.02,-2151.32,-5573.69,-7725.01,,,,,,,,,
5951,1791.68,4307.19,5003.61,479.87,280.2,-128.43,-3807.43,-28512.92,1609.41,17011.47,-5858.91,175.34,-1965.35,-5683.57,-7648.92,,,,,,,,,
5961,1874.87,4213.66,4987.16,477.1,278.67,-124.08,-3832.18,-28582.48,1564.26,16979.19,-5733.22,176.22,-2163.82,-5557.01,-7720.83,,,,,,,,,
5971,1762.55,4225.6,4948.92,475.12,254.5,-90.18,-3814.27,-28610.19,1577.31,17082.83,-5749.5,171.78,-2187.81,-5577.72,-7765.53,,,,,,,,,
5981,1827.09,4278.95,4924.54,483.25,266.29,-124.6,-3827.62,-28483.78,1598.77,17021.19,-5854.61,173.82,-2035.93,-5680.79,-7716.72,,,,,,,,,
5991,1865.32,4286.53,4962.86,479.23,289.31,-139.06,-3811.16,-28569.76,1535.73,17067.32,-5794.26,170.28,-2033.68,-5623.98,-7657.66,,,,,,,,,
6001,1826.6,4193.97,4956.43,481.63,259.76,-95.81,-3807.78,-28686.84,1600.71,17158.54,-5773.48,175.95,-2112.79,-5597.52,-7710.31,,,,,,,,,
6011,1841.17,4117.61,4984.75,459.14,281.37,-105.84,-3817.72,-28478.76,1587.36,17110.03,-5908.01,171,-2020.89,-5737.01,-7757.9,,,,,,,,,
6021,1831.1,4141.48,4915.01,467.02,288.24,-109.74,-3824.86,-28536.39,1567.15,17152.66,-5876.94,170.29,-2108.33,-5706.65,-7814.98,,,,,,,,,
6031,1786.16,4218.81,4952.06,468.04,262.02,-105.4,-3839.94,-28602.78,1623,17162.48,-5811.85,171.89,-2075.55,-5639.95,-7715.51,,,,,,,,,
6041,1820.18,4307.53,4952.89,481.57,287.7,-135.96,-3804.09,-28580.08,1586.32,17120.99,-5815.86,172.59,-1962.94,-5643.27,-7606.21,,,,,,,,,
6051,1855.85,4223.95,4936.76,502.87,282.45,-109.25,-3822.98,-28473.75,1602.3,17132.79,-5926.2,169.66,-1869.02,-5756.54,-7625.57,,,,,,,,,
6061,1787.68,4212.33,4953.91,490.2,249.44,-105.37,-3825.19,-28600.78,1593.82,17165.1,-5855.78,170.85,-2078.86,-5684.92,-7763.78,,,,,,,,,
6071,1837.38,4233.42,4906.22,478.99,265.12,-119.26,-3820.2,-28408.2,1599.25,17068.19,-5918.13,171.94,-1959.09,-5746.19,-7705.27,,,,,,,,,
6081,1800.72,4194.14,4926.14,476.65,257.91,-115.33,-3815.18,-28449.37,1601.84,17174.75,-5933.55,173.28,-1947.74,-5760.27,-7708.01,,,,,,,,,
6091,1838.14,4243.06,4973.77,482.73,269.41,-130.8,-3832.82,-28474.06,1605.9,17099.76,-5883.74,169.87,-1924.9,-5713.88,-7638.77,,,,,,,,,
6101,1816.5,4259.16,5025.72,473.02,280.68,-131.2,-3804.44,-28529.39,1543.29,17069.99,-5838.71,170.61,-1996.67,-5668.1,-7664.78,,,,,,,,,
6111,1791.74,4309.26,4925.3,493.86,253.1,-124.38,-3865.64,-28679.36,1598.47,17050.59,-5699.1,167.81,-2247.07,-5531.29,-7778.36,,,,,,,,,
6121,1826.9,4243.51,4931.63,473.1,270.48,-129.42,-3824.6,-28666.19,1567.34,17033.51,-5715.09,169.46,-2273.74,-5545.63,-7819.37,,,,,,,,,
6131,1866.87,4210.77,4956.88,471.38,266.55,-104.42,-3801.77,-28608.41,1576.62,17038.07,-5803.32,171.92,-2127.45,-5631.41,-7758.86,,,,,,,,,
6141,1848.84,4234.52,4953.31,478.7,265.42,-122.61,-3825.84,-28674.97,1570.29,16986.28,-5695.39,171.69,-2286.05,-5523.7,-7809.75,,,,,,,,,
6151,1814.51,4213.15,4975.96,468.33,269.61,-137.3,-3860.13,-28499.29,1589.46,16940.73,-5777.45,171.05,-2224.98,-5606.41,-7831.39,,,,,,,,,
6161,1854.98,4173.8,4914.46,492.76,272.02,-91.34,-3833.9,-28353.96,1619.1,17066.13,-5974.13,170.95,-1885.95,-5803.17,-7689.13,,,,,,,,,
6171,1880.46,4294.42,4970.01,482.97,270.59,-134.51,-3820.98,-28486.13,1565.37,17028.5,-5853.1,171.42,-1949.28,-5681.68,-7630.96,,,,,,,,,
6181,1803.52,4239.79,4938.43,482.77,254.3,-134.77,-3780.59,-28476.14,1599.68,17065.2,-5914.96,170.91,-2007.81,-5744.05,-7751.86,,,,,,,,,
6191,1864.83,4262.14,4944.63,484.36,265.67,-147.06,-3845.84,-28365.54,1578.07,16968.27,-5918.92,170.25,-1990.48,-5748.66,-7739.14,,,,,,,,,
6201,1741.05,4269.41,4971.45,478.18,269.97,-103.04,-3825.27,-28558.11,1615.69,17087.33,-5849.54,170.77,-2053.34,-5678.76,-7732.1,,,,,,,,,
6211,1820.5,4265.86,4961.65,465.67,267.77,-118,-3800.21,-28478.39,1576.84,17026.17,-5890.11,172.48,-2012.14,-5717.63,-7729.77,,,,,,,,,
6221,1806.02,4281.25,4882.58,491.5,257.21,-132.68,-3815.26,-28405.93,1589.78,17081.98,-5968.95,172.56,-1963.54,-5796.4,-7759.93,,,,,,,,,
6231,1793.98,4177,4911.59,487.02,263.07,-110.53,-3818.97,-28571.89,1595.35,17036.74,-5852.28,170.03,-2236.65,-5682.25,-7918.89,,,,,,,,,
6241,1806.59,4184.5,4973.57,458,281.01,-132.8,-3829.15,-28490.02,1569.56,17138.97,-5923.21,170.62,-2039.78,-5752.59,-7792.37,,,,,,,,,
6251,1753.39,4259.27,4968.01,471.21,269.17,-111.61,-3846.04,-28528.74,1581.65,17244.1,-5935.26,173.68,-1939.59,-5761.58,-7701.17,,,,,,,,,
6261,1771.96,4304.4,4942.96,484.47,273.53,-123.51,-3888.59,-28525.36,1582.67,17054.65,-5795.2,168.96,-2122.83,-5626.23,-7749.06,,,,,,,,,
6271,1889.67,4344.95,4914.93,481.13,277.26,-100.24,-3832.45,-28562.74,1592.93,17099.95,-5887.39,173.47,-1894.6,-5713.93,-7608.53,,,,,,,,,
6281,1814.81,4224.34,4962.69,492.3,265.79,-117.83,-3839.18,-28447.79,1568.07,17035.8,-5923.31,169.61,-2041,-5753.7,-7794.71,,,,,,,,,
6291,1827.95,4265.42,4960.06,486.48,257.88,-136.39,-3816.35,-28566.37,1580.21,17134.2,-5880.77,170.06,-2006.93,-5710.7,-7717.64,,,,,,,,,
6301,1769.38,4277.06,4951.41,490.16,287.59,-110.52,-3773.42,-28546.69,1595.61,17145.39,-5898.92,170.88,-1914.03,-5728.04,-7642.06,,,,,,,,,
6311,1826.74,4211.19,4936.72,479.79,275,-141.68,-3821.78,-28397.88,1626.19,17101.42,-5971.35,174.33,-1904.3,-5797.03,-7701.33,,,,,,,,,
6321,1825.66,4275.72,4950.88,468.86,272.59,-118.48,-3806.73,-28468.36,1604.16,17159.66,-6022.76,173.78,-1836.04,-5848.98,-7685.02,,,,,,,,,
6331,1837.01,4264.81,4964.13,481.13,261.51,-160.02,-3842.79,-28655.11,1583.56,17113.87,-5819.24,168.14,-2151.9,-5651.11,-7803.01,,,,,,,,,
6341,1762.4,4197.79,4935.71,462.54,278.61,-99.31,-3804.69,-28535.82,1625.93,17150.49,-5893.24,171.64,-2026.34,-5721.6,-7747.94,,,,,,,,,
6351,1803.46,4222.02,4970.04,477.18,276.13,-142.66,-3788.35,-28615.75,1599.04,17130.51,-5826.86,172.74,-2068.37,-5654.13,-7722.5,,,,,,,,,
6361,1852.78,4152.38,4938.8,477.94,278.49,-121.48,-3816.13,-28511.55,1624.63,17087.1,-5860.86,171.72,-2037.04,-5689.14,-7726.18,,,,,,,,,
6371,1765.45,4248,4911.29,469.84,279.79,-86.92,-3836.6,-28488.83,1601.44,17103.63,-5888.26,169.39,-2032.92,-5718.87,-7751.79,,,,,,,,,
6381,1753.63,4271.95,5009.3,479.46,268.46,-143.65,-3824.63,-28614.32,1616.24,17151.2,-5842.49,174.76,-2032.36,-5667.73,-7700.09,,,,,,,,,
6391,1780.48,4277.82,4938.8,486.5,273.05,-108.24,-3871.79,-28594.26,1617.15,17185.92,-5852.2,170.48,-2014.56,-5681.72,-7696.28,,,,,,,,,
6401,1771.59,4205.63,4915.4,468.45,283.31,-114.83,-3837.5,-28900.36,1578.64,17180.46,-5592.08,172.08,-2449.22,-5420,-7869.22,,,,,,,,,
6411,1760.52,4323.17,4950,485.44,279.1,-127.04,-3827.47,-28806.89,1588.34,17178.35,-5707.47,172.98,-2196.47,-5534.49,-7730.96,,,,,,,,,
6421,1824.96,4190.57,4934.12,483.57,274.8,-106.88,-3818.93,-28657.6,1618.57,17118.86,-5774.28,176.13,-2137.96,-5598.15,-7736.1,,,,,,,,,
6431,1822.2,4271.64,4954.27,480.36,269.84,-111.7,-3840.48,-28522.03,1592.27,17131.44,-5915.89,179.15,-1952.19,-5736.74,-7688.93,,,,,,,,,
6441,1802.76,4241.12,4910.1,479.32,249.51,-112.27,-3815.46,-28609.68,1616.69,17241.71,-5852.84,172.67,-1996.2,-5680.18,-7676.38,,,,,,,,,
6451,1826.43,4218.18,4939.47,466.67,255.67,-108.3,-3855.2,-28592.86,1591.37,17160.7,-5813.47,173.97,-2097.86,-5639.5,-7737.36,,,,,,,,,
6461,1775.65,4317.64,5015.44,489.46,272.75,-107.57,-3833.5,-28674.5,1597.72,17108.47,-5737.52,170.84,-2038.44,-5566.67,-7605.11,,,,,,,,,
6471,1815.21,4271.56,4953.08,487.81,280.26,-116,-3842.77,-28744.97,1583.51,17089.02,-5683.43,168.46,-2223.3,-5514.97,-7738.28,,,,,,,,,
6481,1857.43,4191.74,4933.29,485.96,308.44,-107.61,-3827.75,-28740.13,1604.78,17212.27,-5758.16,172.79,-2081.59,-5585.37,-7666.96,,,,,,,,,
6491,1826.81,4169.7,4964.2,483.14,260.84,-110.4,-3771.52,-28598.5,1580.73,17140.3,-5916.57,177.4,-2054.7,-5739.17,-7793.86,,,,,,,,,
6501,1824.08,4283.6,4933.72,483.45,270.34,-92.15,-3851.55,-28564.13,1586.04,17062.94,-5842.95,171.36,-2063.65,-5671.6,-7735.25,,,,,,,,,
6511,1814.56,4193.48,4978.91,472.68,246.11,-109.35,-3811.42,-28695.27,1642.47,17222.6,-5787.23,174.63,-2045.22,-5612.6,-7657.82,,,,,,,,,
6521,1771.46,4238.31,4922.35,484.2,267.6,-72.59,-3789.31,-28651.39,1613.27,17091.49,-5756.56,169.95,-2124.61,-5586.61,-7711.22,,,,,,,,,
6531,1834.77,4261.86,4974.11,477.59,253.81,-119.56,-3806.23,-28559.98,1613.19,17123.67,-5884.79,172.35,-1946.77,-5712.44,-7659.22,,,,,,,,,
6541,1741.22,4220.02,4912.69,487.71,281.25,-83.73,-3823.81,-28595.81,1595.11,17129.65,-5854.12,173.04,-2135.68,-5681.09,-7816.77,,,,,,,,,
6551,1776.33,4231.78,4875.27,483.07,268.72,-112.15,-3841.2,-28620.99,1594.23,17194.46,-5830.3,171.15,-2150.49,-5659.15,-7809.64,,,,,,,,,
6561,1803.34,4223.97,4995.18,471.11,273.87,-111.15,-3852.34,-28618.14,1582.73,17115.55,-5797.19,171.14,-2115.86,-5626.05,-7741.91,,,,,,,,,
6571,1757.1,4294.31,4980.27,483.2,260.22,-113.53,-3792.05,-28661.19,1628.17,17190.6,-5817.74,169.99,-1972.9,-5647.74,-7620.65,,,,,,,,,
6581,1755.57,4100.79,4999.84,476.74,268.21,-127.36,-3828.11,-28519.67,1600.87,17082.58,-5858.5,174.27,-2190.54,-5684.23,-7874.77,,,,,,,,,
6591,1788.72,4250.01,4987.78,480.2,272.15,-70.27,-3798.53,-28527.94,1601.01,17082.15,-5873.7,173.14,-1934.72,-5700.56,-7635.27,,,,,,,,,
6601,1854.58,4224.97,4964.31,485.98,263.13,-104.54,-3822.48,-28566.42,1611.51,17040.82,-5773.03,175.1,-2048.15,-5597.93,-7646.08,,,,,,,,,
6611,1754.73,4189.92,4965.5,493.92,279.48,-114.76,-3844.38,-28536.03,1635.54,17073.91,-5862,171.55,-2102.17,-5690.45,-7792.62,,,,,,,,,
6621,1862.7,4238.89,4963.7,479.11,271.42,-105.49,-3794.44,-28629.59,1591.34,16968.45,-5724.12,169.3,-2153.91,-5554.81,-7708.72,,,,,,,,,
6631,1836.73,4215.09,4937.31,483.88,267.36,-90.5,-3885.09,-28497,1540.48,17015.85,-5862.45,172.03,-2175.89,-5690.42,-7866.31,,,,,,,,,
6641,1809.57,4275.81,4937.31,477.06,287.24,-105.59,-3864.75,-28728.13,1593.67,17165.42,-5739.97,167.99,-2152.39,-5571.98,-7724.37,,,,,,,,,
6651,1791.45,4242.89,4952.27,484.16,287.88,-114.18,-3820.4,-28652.42,1605.33,17024.1,-5729.45,170.12,-2198.91,-5559.33,-7758.24,,,,,,,,,
6661,1804.53,4214.62,4931.11,481.21,280.75,-81.14,-3764.64,-28501.51,1610.32,17011.97,-5826.19,175.85,-2012.78,-5650.35,-7663.13,,,,,,,,,
6671,1822.34,4267.17,4931.58,494.47,267.67,-84.34,-3770.13,-28523.43,1570.17,17038.28,-5856.85,173.53,-1986.21,-5683.32,-7669.52,,,,,,,,,
6681,1788.69,4175.82,4982.87,471.63,271.9,-147.51,-3792.99,-28636.84,1624.07,17164.25,-5795.16,175.25,-2098.12,-5619.91,-7718.03,,,,,,,,,
6691,1824.34,4238.42,4941.02,484.04,284.31,-107.07,-3797.42,-28534,1624.36,17054.29,-5821.61,173.94,-1987.72,-5647.67,-7635.39,,,,,,,,,
6701,1886.22,4174.59,4946.81,493.46,283.61,-122.5,-3742.22,-28636.69,1577.54,17110.86,-5854.37,177.04,-2028.33,-5677.32,-7705.65,,,,,,,,,
6711,1864.6,4237.54,4941.57,474.27,279.65,-116.43,-3799.78,-28673.64,1597.58,17067.8,-5782.69,177.51,-2126.83,-5605.18,-7732.01,,,,,,,,,
6721,1853,4197.36,4961.47,468.11,270.95,-107.77,-3782.57,-28608.21,1602.14,17078.27,-5765.39,176.43,-2067.23,-5588.96,-7656.19,,,,,,,,,
6731,1847.5,4185.36,4966.73,446.17,275.18,-106.85,-3782.67,-28699.07,1609.14,17114.45,-5786.6,174.99,-2144.04,-5611.61,-7755.65,,,,,,,,,
6741,1822.43,4238.32,4928.47,482.08,259.97,-121.03,-3826.16,-28529.05,1604.22,17171.96,-5877.66,172.69,-1968.81,-5704.97,-7673.77,,,,,,,,,
6751,1861.88,4207.5,4920.5,476.46,253.97,-102.3,-3826.48,-28599.06,1572.89,17163.29,-5865.62,175.53,-2071.34,-5690.09,-7761.44,,,,,,,,,
6761,1830.2,4196.8,4922.83,459.95,275.04,-100.96,-3822.28,-28726.57,1574.03,17171.42,-5753.13,176,-2219.52,-5577.13,-7796.65,,,,,,,,,
6771,1821.21,4266.2,4888.67,469.68,254.96,-81.42,-3811.79,-28546,1586.85,17075.96,-5825.12,175.11,-2075.69,-5650.01,-7725.7,,,,,,,,,
6781,1830.7,4194.06,4930.94,482.07,255.08,-118.08,-3784.34,-28685.42,1600.88,17118.56,-5786.97,178.32,-2175.55,-5608.65,-7784.2,,,,,,,,,
6791,1742.73,4237.42,4922.78,486.49,273.24,-104.96,-3740.75,-28865.41,1594.87,17232.96,-5689.31,174.27,-2220.63,-5515.04,-7735.67,,,,,,,,,
6801,1812.04,4173.73,4943.11,473.6,284.28,-119.6,-3752.02,-28677.93,1604.73,17155.03,-5776.4,175.29,-2103.03,-5601.11,-7704.14,,,,,,,,,
6811,1808.52,4278.25,4929.91,487.99,270.34,-100.39,-3850.3,-28716.76,1566.11,17137.72,-5717.02,170.08,-2188.62,-5546.94,-7735.55,,,,,,,,,
6821,1780.84,4224.25,4985.91,467.18,263.88,-127.35,-3808.86,-28651.56,1595.29,17158.41,-5840.94,171.88,-2112.01,-5669.07,-7781.08,,,,,,,,,
6831,1860.4,4167.37,4986.25,478.8,265.44,-95.64,-3812.57,-28485.59,1612.26,17062.47,-5903.63,169.76,-1960.8,-5733.86,-7694.67,,,,,,,,,
6841,1853.26,4248.21,4933.71,483.45,248.82,-107.86,-3845.54,-28513.06,1613.79,16989.62,-5794.77,168.02,-2095.6,-5626.75,-7722.35,,,,,,,,,
6851,1803.92,4248.34,4964.66,476.67,258.94,-137.71,-3809.65,-28601.64,1593.09,17209.56,-5869.39,173.32,-1993.83,-5696.08,-7689.91,,,,,,,,,
6861,1748.94,4268.12,4951.71,492.12,269.35,-157.75,-3818.02,-28441.54,1601.36,17126.87,-5960.42,173.12,-1958.85,-5787.3,-7746.14,,,,,,,,,
6871,1809.45,4249.61,4918.99,473.07,247.53,-121.37,-3838.92,-28634.49,1591.61,17152.38,-5781.12,170.13,-2152.13,-5610.99,-7763.12,,,,,,,,,
6881,1762.17,4263.99,4988.55,481.18,282.4,-114.49,-3813.24,-28606.82,1586.71,17105.13,-5809.53,171.29,-2064.43,-5638.24,-7702.67,,,,,,,,,
6891,1839.96,4232.63,4989.76,482.16,264.08,-111.32,-3797.4,-28708.15,1591.89,17191.52,-5747.82,168.52,-2024.87,-5579.3,-7604.17,,,,,,,,,
6901,1824,4285.74,4923.89,497.68,291.37,-95.41,-3779.23,-28614.43,1584.14,17111.42,-5834.41,172.74,-1970.84,-5661.66,-7632.5,,,,,,,,,
6911,1799.96,4204.64,4973.86,489.93,271.66,-88.86,-3788.13,-28607.82,1608.94,17201.56,-5884.64,171.33,-1934.25,-5713.31,-7647.56,,,,,,,,,
6921,1744.37,4180.81,4963.37,477.52,294.31,-117.61,-3812.86,-28480.83,1608.51,17168.51,-5951.18,172.32,-1973.89,-5778.86,-7752.76,,,,,,,,,
6931,1803.07,4186.86,4965.45,477.27,269.23,-137.09,-3888.76,-28648.24,1596.56,17239.26,-5845.41,168.3,-2136.39,-5677.11,-7813.51,,,,,,,,,
6941,1785.43,4290.56,4946.99,484.3,285.98,-115.83,-3817.53,-28647.07,1602.64,17195.61,-5811.74,174.55,-1988.91,-5637.18,-7626.09,,,,,,,,,
6951,1812.04,4209.68,4996.74,474.55,268.3,-141.55,-3835.84,-28707.52,1603.74,17280.13,-5811.3,172.32,-2039.73,-5638.99,-7678.72,,,,,,,,,
6961,1841.42,4143.79,4939.9,485.29,241.92,-124.71,-3782.75,-28649.39,1573.2,17167.16,-5878.36,171.73,-2164.19,-5706.63,-7870.82,,,,,,,,,
6971,1808.76,4181.89,4935.75,479.7,284.54,-151.3,-3824.72,-28684.87,1628.33,17230.86,-5824.92,170.72,-2111.06,-5654.2,-7765.26,,,,,,,,,
6981,1812.87,4246.46,4982.04,476.05,272.01,-164.23,-3865.18,-28673.2,1582.51,17171.81,-5796.78,169.77,-2158.85,-5627.01,-7785.86,,,,,,,,,
6991,1781.55,4279.53,4917.2,469.85,276.98,-122.32,-3808.1,-28693.32,1603.55,17126.87,-5784.66,170.5,-2168.21,-5614.16,-7782.38,,,,,,,,,
7001,1815.85,4241.58,4946.94,486.36,272.06,-100.53,-3816.71,-28860.38,1568.26,17214.23,-5706.53,169.95,-2232.34,-5536.59,-7768.93,,,,,,,,,
7011,1794.69,4270.96,5038.14,483.28,270.5,-114.77,-3832.3,-28667.02,1574.11,17214.71,-5851.57,174.66,-1967.7,-5676.91,-7644.62,,,,,,,,,
7021,1778.45,4231.73,4921.05,483.32,285.59,-110.42,-3810.93,-28831.07,1577.13,17286.22,-5761.91,172.45,-2188.92,-5589.46,-7778.39,,,,,,,,,
7031,1785.35,4093.95,4923.14,477.34,257.45,-108.6,-3841.95,-28693.27,1608.32,17360.74,-5840.41,171.42,-2137.52,-5668.99,-7806.51,,,,,,,,,
7041,1804.59,4197.66,4976.47,464.87,285.38,-94.18,-3826.11,-28963.02,1586,17306.26,-5630.76,168.92,-2262.09,-5461.84,-7723.93,,,,,,,,,
7051,1807.84,4233.6,4981.36,467.44,262.48,-133.73,-3780.37,-28805.86,1602.35,17340.95,-5809.27,177.06,-2023.95,-5632.21,-7656.16,,,,,,,,,
7061,1770.48,4263.98,4942.7,478.11,251.14,-124.71,-3811.36,-28834.85,1620.41,17306.97,-5765.35,175.51,-2137.13,-5589.84,-7726.97,,,,,,,,,
7071,1827.56,4207.16,4944.22,468.5,280.55,-115.35,-3769.23,-28840.6,1608.33,17287.37,-5829.38,172.95,-2101.5,-5656.42,-7757.92,,,,,,,,,
7081,1777.59,4155.26,4945.56,460.49,262.84,-108.88,-3804.37,-28919,1598.06,17334.88,-5715.32,170.98,-2297.57,-5544.35,-7841.91,,,,,,,,,
7091,1760.03,4272.52,4975.85,475.04,269.75,-125.61,-3827.06,-28847.26,1620.56,17270.38,-5778.43,171.98,-2155.8,-5606.46,-7762.26,,,,,,,,,
7101,1796.26,4248.2,4906.2,487.43,256.38,-100.53,-3773.45,-28696.78,1579.65,17147.96,-5820.34,174.09,-2148.67,-5646.25,-7794.92,,,,,,,,,
7111,1757.68,4179.15,4987.09,471.68,274.82,-107.39,-3789.03,-28786.32,1604.97,17208.14,-5740.92,172.5,-2199.21,-5568.43,-7767.63,,,,,,,,,
7121,1783.91,4284.35,4953.63,465.01,282.67,-121.54,-3827.98,-28813.92,1608.72,17237.23,-5688.65,173.34,-2147.93,-5515.31,-7663.24,,,,,,,,,
7131,1802.49,4325.67,4950.73,468.51,295.5,-127.53,-3774.44,-28663.05,1580.41,17149.66,-5810.14,174.01,-1992.05,-5636.13,-7628.17,,,,,,,,,
7141,1763.78,4323.91,4910.42,498.79,268.32,-102.15,-3804.61,-28625.11,1592.69,17195.83,-5810.63,173.8,-1978.12,-5636.83,-7614.95,,,,,,,,,
7151,1831,4243.71,4923.9,478,266.47,-135.04,-3825.6,-28464.62,1598.13,17120.7,-5928.02,174.85,-1963.36,-5753.16,-7716.52,,,,,,,,,
7161,1816.81,4217.69,4938.68,484.74,255,-120.55,-3798.44,-28631.4,1585.79,17201.09,-5841.67,174.82,-2050.6,-5666.85,-7717.45,,,,,,,,,
7171,1830.81,4150.09,4930.79,481.18,292.57,-117.17,-3828.84,-28600.62,1587.58,17147.41,-5876.79,173.2,-2126.21,-5703.59,-7829.79,,,,,,,,,
7181,1747.42,4193.34,4946.56,490.27,258.92,-109.88,-3872.08,-28599.99,1575.16,17178.42,-5868.08,170.17,-2191.84,-5697.91,-7889.76,,,,,,,,,
7191,1859.58,4301.91,4970.18,470.88,276.02,-97.85,-3819.93,-28651.99,1614.49,17131,-5851.04,169.71,-1945.71,-5681.33,-7627.04,,,,,,,,,
7201,1803.3,4173.3,4941.72,477.09,276.82,-97.44,-3801.3,-28624.73,1593.61,17244.34,-5871.91,172.28,-2013.27,-5699.63,-7712.9,,,,,,,,,
7211,1841.71,4206.95,4984.56,477.56,270.81,-112.38,-3844.05,-28586.21,1590.53,17162.37,-5845.74,169.99,-2008.12,-5675.75,-7683.87,,,,,,,,,
7221,1787.49,4210.39,4994.66,480.12,283.07,-134.73,-3877.26,-28777.9,1639.77,17321.16,-5808.93,169.23,-2073.22,-5639.7,-7712.92,,,,,,,,,
7231,1815.32,4213.61,4984.8,470.07,292.3,-99.66,-3830.37,-28774.86,1580.08,17332.87,-5805.61,170.89,-2015.85,-5634.72,-7650.57,,,,,,,,,
7241,1746.28,4183.3,4977.84,463.9,265.82,-126.01,-3771.48,-28647.91,1610.44,17188.27,-5868.99,172.76,-2109.57,-5696.23,-7805.8,,,,,,,,,
7251,1786,4210.28,4966.75,471.52,284.96,-126.21,-3808.56,-28533.81,1575.01,17168.74,-5912.08,174.66,-2005.32,-5737.42,-7742.74,,,,,,,,,
7261,1847.61,4369.28,4903.38,492.83,278.15,-126.2,-3870.98,-28562.13,1575.27,17175.79,-5882.29,172.83,-1917,-5709.45,-7626.46,,,,,,,,,
7271,1767.95,4218.26,4999.37,474.21,276.27,-143.46,-3826.41,-28568.61,1603.84,17144.53,-5893.75,172.02,-2054.05,-5721.73,-7775.79,,,,,,,,,
7281,1767.44,4236.7,4961.5,471.64,295.1,-132.42,-3826.65,-28631.19,1577.66,17238.29,-5873.41,172.05,-2041.92,-5701.36,-7743.28,,,,,,,,,
7291,1812.87,4330.73,4972.26,475.87,258.3,-128.99,-3817.34,-28521.45,1573.08,17164.27,-5898.47,174.19,-1880.41,-5724.28,-7604.69,,,,,,,,,
7301,1808.45,4294.54,4932.99,477.03,274.67,-109.32,-3876.45,-28621.86,1578.71,17218.94,-5859.06,176.57,-2022.3,-5682.49,-7704.78,,,,,,,,,
7311,1725.57,4217.9,4937.08,480.3,273.62,-101.38,-3851.46,-28566.56,1596.67,17140.61,-5854.79,172.88,-2147.65,-5681.9,-7829.56,,,,,,,,,
7321,1886.28,4186.26,4956.46,477.43,257.58,-98.11,-3786.59,-28736.8,1573.58,17217.13,-5831.64,176.67,-2066.8,-5654.97,-7721.76,,,,,,,,,
7331,1812.22,4244.97,4958.42,474.76,266.03,-119.89,-3823.26,-28655.7,1593.6,17263.74,-5866.11,173.18,-1985.13,-5692.93,-7678.05,,,,,,,,,
7341,1789.85,4317.74,4994.87,481.8,267.28,-111.4,-3863.63,-28567.18,1582.77,17232.46,-5858.41,173.7,-1875.43,-5684.71,-7560.14,,,,,,,,,
7351,1795.49,4402.23,4938.12,499.49,267.87,-120.36,-3778.52,-28562.39,1591.98,17124.04,-5902.24,182.24,-1842.05,-5720,-7562.04,,,,,,,,,
7361,1776.25,4235.72,4956.56,467.27,265.97,-104.32,-3758.25,-28808.47,1617.25,17142.91,-5664.1,175.14,-2209.13,-5488.97,-7698.1,,,,,,,,,
7371,1869.06,4208.03,4924.12,495.01,278.18,-122.35,-3721.24,-28711.33,1584.64,17183.05,-5817.72,180.13,-2012.83,-5637.59,-7650.42,,,,,,,,,
7381,1771.53,4257.95,4942.06,465.28,263.18,-93.49,-3793.59,-28875.42,1601.75,17164.77,-5633.96,173.73,-2296.01,-5460.23,-7756.24,,,,,,,,,
7391,1821.67,4263.04,4945.17,474.32,257.76,-116.39,-3782.07,-28790.6,1571.32,17081.6,-5656.14,173.95,-2274.19,-5482.19,-7756.38,,,,,,,,,
7401,1803.91,4219.9,4966.14,483.41,267.31,-112.79,-3804.91,-28773.54,1597.26,17166.17,-5701,175.49,-2187.14,-5525.52,-7712.65,,,,,,,,,
7411,1780.96,4275.67,4973.54,464.56,258.84,-120.47,-3829.01,-28700.58,1596.39,17211.75,-5761.54,171.72,-2088.36,-5589.82,-7678.18,,,,,,,,,
7421,1819.01,4176.01,4939.36,467.54,300.53,-127.31,-3796.4,-28668.49,1604.9,17109.79,-5745.32,174.46,-2175.05,-5570.85,-7745.9,,,,,,,,,
7431,1803.61,4198.54,5002.81,474.61,298.32,-141.95,-3805.4,-28699.99,1597.3,17234.72,-5795.97,178.83,-2037.43,-5617.14,-7654.57,,,,,,,,,
7441,1762.14,4226.49,4957.88,467.09,280.87,-108.76,-3801.21,-28656.71,1618.61,17197.21,-5841.73,174.92,-2056.39,-5666.81,-7723.2,,,,,,,,,
7451,1794.11,4180.46,4946.87,472.61,278.25,-107.24,-3837.4,-28675.6,1596.47,17309.12,-5856.44,173.09,-2042.35,-5683.35,-7725.7,,,,,,,,,
7461,1783.59,4215.83,4985.89,478.93,289.22,-119.86,-3754.31,-28530.24,1618.86,17081.59,-5885.85,176.43,-1950.51,-5709.43,-7659.93,,,,,,,,,
7471,1754,4215.49,4914.05,461.08,267.83,-121.41,-3808.93,-28546.49,1574.23,17182.93,-5900.17,173.32,-2107.22,-5726.84,-7834.06,,,,,,,,,
7481,1784.59,4258.49,4957.53,466.79,277.34,-99.73,-3840.24,-28476.67,1603.69,17178.41,-5997.8,170.85,-1889.8,-5826.95,-7716.75,,,,,,,,,
7491,1823.85,4170.31,4942.24,462.97,266.3,-112.3,-3808.01,-28614.18,1598.24,17262.9,-5924.43,172.45,-2007.67,-5751.98,-7759.65,,,,,,,,,
7501,1774.67,4233.61,4916.26,477.12,287.88,-117.27,-3800.2,-28695,1593.14,17264.94,-5847.49,175.98,-2064.85,-5671.5,-7736.35,,,,,,,,,
7511,1763.03,4209.28,4938.22,478.63,274.86,-91.72,-3789.82,-28584.15,1589.02,17144.38,-5872.69,179.44,-2068.29,-5693.25,-7761.54,,,,,,,,,
7521,1833,4155.93,4919.93,463.86,270.21,-97.33,-3828.47,-28752.89,1583.34,17250.37,-5739.09,168.28,-2202.03,-5570.81,-7772.84,,,,,,,,,
7531,1794.17,4242.85,4954.69,486.32,262,-117.3,-3873.42,-28665.65,1618.58,17206.98,-5766.38,169.98,-2090.8,-5596.4,-7687.19,,,,,,,,,
7541,1807.23,4247.04,4910.2,470.56,281.91,-109.83,-3878.8,-28626.12,1608.5,17239.77,-5802.93,170.04,-2049.54,-5632.89,-7682.43,,,,,,,,,
7551,1850.54,4176.25,4955.27,470.99,297.33,-117.95,-3831.47,-28727.62,1567.09,17238.45,-5787.4,173.16,-2121.12,-5614.24,-7735.36,,,,,,,,,
7561,1810.16,4238.92,4987.61,466.92,264.32,-120.43,-3872.3,-28782.39,1558.97,17230.33,-5756.3,169.29,-2217.89,-5587.01,-7804.9,,,,,,,,,
7571,1794,4135.16,4988.99,467.8,267.41,-123.9,-3870.81,-28776.35,1591.86,17306.7,-5757.51,173.46,-2219.15,-5584.05,-7803.2,,,,,,,,,
7581,1781.93,4205.66,4930.22,468.75,259.13,-82.55,-3826.71,-28734.85,1563.81,17174.6,-5788.41,172.47,-2260.01,-5615.94,-7875.95,,,,,,,,,
7591,1835.34,4257.34,4981.75,467.75,269.9,-139.09,-3857.88,-28727.54,1562.42,17152.1,-5706.96,173.37,-2197.9,-5533.59,-7731.49,,,,,,,,,
7601,1777.53,4189.09,4956.38,480.97,276.99,-105.98,-3800,-28674.51,1599.09,17143.09,-5791.37,173.78,-2157.34,-5617.6,-7774.93,,,,,,,,,
7611,1804.92,4182.2,4966.15,477,274.34,-108.34,-3828.53,-28792.6,1566.33,17174.49,-5708.51,171.86,-2284.04,-5536.65,-7820.7,,,,,,,,,
7621,1839.05,4333.8,4934.71,478.53,274.04,-103.69,-3852.85,-28619.15,1548.44,17072.22,-5757.53,175.86,-2094.9,-5581.66,-7676.57,,,,,,,,,
7631,1816.94,4319.18,4981.56,484.3,261.01,-103.73,-3849.83,-28628.13,1567.16,17096.99,-5806.2,170.67,-2054.57,-5635.53,-7690.1,,,,,,,,,
7641,1783.69,4225.73,4960.97,477.57,273.54,-126.16,-3855.11,-28780.83,1580.68,17267.27,-5770.96,170.38,-2192.66,-5600.58,-7793.24,,,,,,,,,
7651,1836.99,4164.26,4929.62,477.98,262.2,-109.15,-3792.5,-28715.08,1600.32,17222.48,-5792.4,172.92,-2122.89,-5619.48,-7742.37,,,,,,,,,
7661,1829.81,4200.51,4951.19,474.16,271.11,-115.14,-3822.59,-28746.28,1591.97,17237.32,-5776.56,170.56,-2127.94,-5605.99,-7733.93,,,,,,,,,
7671,1809.87,4224.73,4958.52,470.6,269.71,-100.87,-3828.85,-28692.88,1594.35,17274.62,-5850.4,175.02,-2020.19,-5675.37,-7695.56,,,,,,,,,
7681,1817.69,4267.16,5001.7,470.85,252.26,-89.82,-3818.96,-28685.99,1566.73,17209.18,-5803.98,172.2,-2009.2,-5631.79,-7640.99,,,,,,,,,
7691,1823.52,4206.15,5008.9,479.14,259.1,-124.09,-3797.27,-28818.97,1595,17333.39,-5774.57,170.41,-2035.13,-5604.16,-7639.29,,,,,,,,,
7701,1802.53,4115.01,4949.8,469.83,273.04,-80.82,-3824.42,-28740.7,1603.23,17250.97,-5798.68,174.08,-2181.52,-5624.6,-7806.12,,,,,,,,,
7711,1814.01,4273.86,4969.11,466.71,251.88,-118.44,-3822.91,-28824.34,1590.53,17308.41,-5742.99,173.12,-2091.19,-5569.87,-7661.06,,,,,,,,,
7721,1809.44,4238.88,4924.25,467.07,270.68,-132.27,-3750.32,-28754.62,1605.54,17180.93,-5788.46,175.43,-2140.42,-5613.03,-7753.46,,,,,,,,,
7731,1817.57,4293.56,4951.86,492.88,275.89,-112.24,-3815.85,-28910.89,1570.85,17264.36,-5641.1,170.88,-2172.01,-5470.22,-7642.23,,,,,,,,,
7741,1784.84,4252.77,4927.16,476.19,284.07,-143.95,-3819.07,-28705.35,1611.8,17217.95,-5813.59,171.55,-2113.58,-5642.04,-7755.62,,,,,,,,,
7751,1811.97,4254.29,4956.84,472.94,250.01,-100.62,-3835.53,-28776.47,1574.93,17142.01,-5680.03,170.93,-2249.62,-5509.1,-7758.73,,,,,,,,,
7761,1804.7,4247.6,4952.19,482.57,265.07,-149.28,-3814.66,-28939.16,1579.33,17194.93,-5547.99,169.61,-2376.72,-5378.38,-7755.11,,,,,,,,,
7771,1877.18,4154.52,4921.28,476.03,255.3,-78.32,-3826.57,-28841.79,1585.81,17194.87,-5677.83,169.18,-2281.7,-5508.65,-7790.35,,,,,,,,,
7781,1792.38,4281.96,4922.36,487.8,271.12,-97.62,-3834.56,-28674.37,1576.01,17069.18,-5728.57,171.01,-2205.74,-5557.56,-7763.3,,,,,,,,,
7791,1795.26,4158.21,4937.38,487.87,277.36,-90.58,-3811.44,-28923.81,1590.27,17239.74,-5621.85,170.27,-2339.74,-5451.58,-7791.33,,,,,,,,,
7801,1856.03,4309.79,4952.09,485.21,288.14,-116.49,-3789.51,-28776.31,1575.91,17093.27,-5685.6,170.52,-2121.86,-5515.08,-7636.94,,,,,,,,,
7811,1819.42,4302.5,4967.2,476.61,284.73,-94.6,-3839.33,-28789.78,1587.38,17147.82,-5716.69,173.4,-2138.06,-5543.3,-7681.36,,,,,,,,,
7821,1804.29,4244.6,4944.73,472.92,252.48,-121.57,-3789.15,-28773.75,1604.11,17233.95,-5739.33,172.45,-2127.4,-5566.88,-7694.27,,,,,,,,,
7831,1810.75,4199.76,4951.29,484.51,281.91,-111.73,-3822.06,-28852.55,1589.83,17261.21,-5719.98,173.43,-2207.08,-5546.55,-7753.63,,,,,,,,,
7841,1786.13,4224.36,4977.26,490.96,261.94,-142.26,-3793.1,-28794.3,1604.66,17269.1,-5750.78,171.71,-2115.24,-5579.07,-7694.31,,,,,,,,,
7851,1824.41,4163.85,4940.41,461.54,291.99,-109.22,-3817.76,-28961.52,1576.26,17196.63,-5592.76,167.82,-2433.41,-5424.94,-7858.35,,,,,,,,,
7861,1776.28,4198.87,4984.09,475.24,263.72,-123.31,-3807.64,-28911.21,1620.59,17322.37,-5691.63,172.05,-2201,-5519.58,-7720.58,,,,,,,,,
7871,1783.81,4125.35,4982.61,468.83,269.47,-133.62,-3822.24,-28677.18,1601.89,17184.31,-5737.62,169.09,-2216.77,-5568.53,-7785.3,,,,,,,,,
7881,1844.73,4255.08,4927.01,472.64,263.96,-114.52,-3779.69,-28805.01,1607.97,17129.25,-5661.24,170.43,-2198.58,-5490.81,-7689.4,,,,,,,,,
7891,1766.45,4363.39,4924.22,484.22,291.75,-145.72,-3793.26,-28957.8,1592.71,17158.66,-5553.5,171.85,-2315.37,-5381.64,-7697.02,,,,,,,,,
7901,1798.66,4203.26,4939.69,476.93,260,-112.07,-3805.77,-28799.31,1588.56,17234.5,-5727.94,172.75,-2215.57,-5555.19,-7770.76,,,,,,,,,
7911,1821.15,4169.19,4919.34,471.15,259.62,-116.28,-3783,-28694.96,1584.95,17165.47,-5809.87,175.98,-2203.36,-5633.89,-7837.25,,,,,,,,,
7921,1763.28,4158.74,4965.35,479.24,265.29,-118.45,-3828.9,-28713.36,1596.63,17277.23,-5850.01,172.54,-2154.94,-5677.47,-7832.41,,,,,,,,,
7931,1780.26,4279.72,4954.94,473.48,253.85,-131.66,-3821.21,-28678.05,1601.73,17272.7,-5890.64,174.5,-2014.24,-5716.14,-7730.38,,,,,,,,,
7941,1800.99,4239.04,4956.04,495.22,262.82,-102.76,-3813.89,-28662,1593.92,17146.76,-5795,171.89,-2083.87,-5623.11,-7706.97,,,,,,,,,
7951,1754.71,4361.9,4966.96,496.7,270.11,-144.35,-3746.41,-28709.73,1588.78,17105.77,-5780.25,173.33,-2055.56,-5606.92,-7662.48,,,,,,,,,
7961,1725.71,4258.83,4948.31,475.49,268.36,-101.29,-3781.33,-28847.36,1570.19,17202.49,-5636.15,175.18,-2280.59,-5460.97,-7741.56,,,,,,,,,
7971,1746.35,4296.84,4968.98,490.43,269.9,-123.99,-3810.1,-28654.65,1597.19,17146.38,-5783.96,172.19,-2072.67,-5611.76,-7684.44,,,,,,,,,
7981,1796.89,4170.48,4966.64,484.13,270.15,-124.45,-3786.27,-28601.71,1586.94,17126.55,-5847.68,173.99,-2110.67,-5673.69,-7784.36,,,,,,,,,
7991,1797.57,4263.98,4934.32,486.53,276.52,-99.06,-3814.52,-28735.54,1575.34,17151.45,-5737.94,169.05,-2163.41,-5568.88,-7732.29,,,,,,,,,
8001,1798.13,4280.93,4968.06,480.49,266.71,-129.23,-3806.36,-28699.13,1598.65,17062.59,-5743.95,173.77,-2179.15,-5570.18,-7749.33,,,,,,,,,
8011,1859,4247.23,4987.17,483.35,279.73,-125.23,-3800.63,-28809.09,1589.21,17166.56,-5720.72,170.58,-2122.7,-5550.14,-7672.84,,,,,,,,,
8021,1802.78,4276.81,4939.93,472.56,258.88,-123.94,-3817.96,-28776.53,1607.54,17130.67,-5709.89,169.59,-2229.27,-5540.29,-7769.56,,,,,,,,,
8031,1820.19,4260.69,5032.68,491.07,268.58,-111.1,-3827.56,-28710.43,1581.93,17182.19,-5779.27,172.88,-2011.76,-5606.39,-7618.15,,,,,,,,,
8041,1856.05,4180.13,4951.52,482.63,269.99,-120.52,-3775.96,-28627.11,1578.85,17143.96,-5811.24,175.22,-2060.46,-5636.03,-7696.48,,,,,,,,,
8051,1824.7,4247.09,4964.43,465.28,273.6,-138.5,-3802.69,-28775.17,1577.04,17188.35,-5687.1,170.19,-2175.87,-5516.9,-7692.77,,,,,,,,,
8061,1774.88,4273.09,5010.35,476.21,278.86,-149.04,-3815.35,-28725,1595.99,17098.37,-5726.9,170.82,-2181.64,-5556.08,-7737.72,,,,,,,,,
8071,1815.78,4215.78,4937.29,489.95,275.64,-115.22,-3807.73,-28744.73,1626.13,17201.27,-5751.68,170.23,-2105.84,-5581.45,-7687.29,,,,,,,,,
8081,1781.81,4256.65,4961.09,491.39,260.87,-140.8,-3769.89,-28735.18,1598.79,17136.51,-5769.35,171.5,-2158.76,-5597.85,-7756.61,,,,,,,,,
8091,1792.14,4212.66,4928.47,467.86,269.6,-96.54,-3787.29,-28547.09,1580.69,17233.36,-5912.54,170.95,-1946.14,-5741.59,-7687.72,,,,,,,,,
8101,1761.7,4198.22,4971.59,479.44,247.62,-112.02,-3812.83,-28624.97,1628.49,17208.47,-5850.43,171.29,-2054.3,-5679.14,-7733.44,,,,,,,,,
8111,1824.16,4214.5,4986.91,491.29,286.15,-131.67,-3798.2,-28619.05,1583.14,17123.95,-5817.06,175.29,-2038.82,-5641.77,-7680.59,,,,,,,,,
8121,1822.03,4224.6,4960.52,475.55,262.17,-99.47,-3807.51,-28698.85,1593.5,17178.46,-5803.03,172.53,-2088.99,-5630.51,-7719.5,,,,,,,,,
8131,1795.6,4243.13,4956.52,486.25,291.67,-114.06,-3804.3,-28772.71,1608.16,17126.98,-5646.48,173.84,-2182.76,-5472.64,-7655.4,,,,,,,,,
8141,1828.42,4243.32,4959.38,477.32,251.75,-115.19,-3836.61,-28638.8,1563.67,17127.05,-5780.13,172.63,-2139.68,-5607.5,-7747.19,,,,,,,,,
8151,1832.65,4200.99,4911.25,469.59,242.55,-88,-3842.19,-28606.07,1603.91,17103.76,-5783.2,171.05,-2171.57,-5612.15,-7783.72,,,,,,,,,
8161,1773.16,4203.74,5046.42,474.21,266.22,-128.5,-3829.92,-28668.18,1602.87,17166.31,-5745.55,174.98,-2093.66,-5570.57,-7664.23,,,,,,,,,
8171,1737.95,4270.78,4976.3,477.38,287.95,-110.89,-3851.65,-28619.44,1611.35,17023.34,-5745.32,172.07,-2196.93,-5573.25,-7770.18,,,,,,,,,
8181,1806.76,4189.68,4988.12,491.49,285.81,-120.35,-3784.46,-28798.42,1581.97,17165.12,-5705.39,175.2,-2194.28,-5530.19,-7724.48,,,,,,,,,
8191,1828.46,4205.25,4955.71,470.87,252.88,-118.4,-3859.16,-28644.17,1570.85,17135.78,-5796.29,168.99,-2201.94,-5627.3,-7829.23,,,,,,,,,
8201,1778.48,4254.35,4918.59,488.18,256.51,-112.11,-3822.11,-28661.32,1582.78,17080.73,-5756.39,173.69,-2235.92,-5582.7,-7818.62,,,,,,,,,
8211,1810.21,4267.08,4969.31,484.58,295.56,-109.19,-3798.22,-28724.32,1589.26,17162.58,-5774.94,174.06,-2053.16,-5600.88,-7654.04,,,,,,,,,
8221,1880.81,4137.39,4974.31,471.23,297.56,-106.2,-3801.15,-28598.78,1568.47,17052,-5794.95,173.84,-2124.36,-5621.11,-7745.47,,,,,,,,,
8231,1805.08,4260.91,4922.18,481.06,291.61,-121.39,-3827.7,-28520.18,1611.85,17102.28,-5862.21,170.63,-1994.32,-5691.58,-7685.9,,,,,,,,,
8241,1907.24,4286.41,4957.42,474.87,277.71,-119.7,-3837.33,-28508.69,1532.67,17120.71,-5934.03,171.47,-1908.69,-5762.56,-7671.25,,,,,,,,,
8251,1808.54,4206.54,4994.5,483.2,278.24,-131.67,-3840.06,-28602.03,1590.72,17219.01,-5883.6,168.75,-1993.02,-5714.85,-7707.88,,,,,,,,,
8261,1814.73,4222.47,4928.56,478.2,273.61,-124.22,-3769.18,-28716.84,1619.87,17189.9,-5744.68,173.25,-2082.9,-5571.42,-7654.32,,,,,,,,,
8271,1863.03,4296.39,4954.31,480.95,271.76,-91.94,-3803.28,-28504.09,1595.46,17014.97,-5853.54,171.7,-1922.43,-5681.84,-7604.27,,,,,,,,,
8281,1754.27,4153.78,4913.02,467.81,255.44,-91.86,-3831.77,-28649.84,1592,17224.35,-5798.49,170.74,-2212.8,-5627.75,-7840.55,,,,,,,,,
8291,1789.64,4192.6,4985.99,476.64,268.58,-121.26,-3841.84,-28626.22,1590.9,17203.9,-5860.03,174.3,-2081.07,-5685.73,-7766.8,,,,,,,,,
8301,1791.57,4203.23,5013.72,488.66,267.3,-116.53,-3786.88,-28631.75,1580.47,17128.87,-5802.77,173.66,-2061.34,-5629.12,-7690.45,,,,,,,,,
8311,1845.22,4188.42,4976.67,470.62,259.85,-126.71,-3886.35,-28719.92,1580.69,17174.58,-5708.76,168.27,-2236.94,-5540.49,-7777.43,,,,,,,,,
8321,1795.71,4260.96,4987.25,458.63,259.79,-83.45,-3819.85,-28566.91,1592.73,17053.62,-5829.95,171.91,-2061.53,-5658.04,-7719.57,,,,,,,,,
8331,1781.35,4149.32,4985.62,480.02,280.37,-125.26,-3855.85,-28709.51,1605.94,17290.48,-5851.1,170.77,-2117.51,-5680.33,-7797.84,,,,,,,,,
8341,1795.36,4272.03,4936.65,480.01,263.4,-92.92,-3804.96,-28762.64,1559.5,17139.48,-5701.06,171.38,-2214.1,-5529.68,-7743.78,,,,,,,,,
8351,1773.76,4180.11,4952.12,478.71,269.34,-99.1,-3834.51,-28690.63,1595.89,17248.93,-5804.73,171.4,-2125.39,-5633.33,-7758.71,,,,,,,,,
8361,1840.03,4273.95,4974.33,464.18,285.79,-139.39,-3803.88,-28627.47,1579.8,17051.8,-5765.75,174.65,-2100.87,-5591.1,-7691.97,,,,,,,,,
8371,1821.38,4237.1,4982.12,484.78,275.59,-105.2,-3834.72,-28640.7,1570.55,17168.74,-5811.18,171.45,-2040.37,-5639.74,-7680.11,,,,,,,,,
8381,1805.41,4312.23,4976.12,491.47,278.86,-115.94,-3784.6,-28680.23,1593.24,17059.5,-5745.03,173.9,-2063.93,-5571.13,-7635.05,,,,,,,,,
8391,1836.45,4269.77,4978.06,484.96,255.51,-100.46,-3846,-28656.47,1556.16,17148.33,-5799.89,172.66,-2073.69,-5627.23,-7700.92,,,,,,,,,
8401,1820.08,4266.22,4958.25,485.07,267.15,-105.3,-3839.9,-28783.68,1585.3,17058.35,-5623.33,169.83,-2288.47,-5453.5,-7741.97,,,,,,,,,
8411,1782.87,4285.39,4954.5,472.32,275.14,-101.7,-3812.07,-28649.31,1584.18,17014.9,-5764.8,172.96,-2193.79,-5591.83,-7785.62,,,,,,,,,
8421,1776.74,4201.24,4960.74,469.14,264.43,-110.12,-3777.23,-28754.06,1590.84,17187.8,-5734.62,168.58,-2190.49,-5566.04,-7756.53,,,,,,,,,
8431,1774.85,4247.08,4953.83,479.08,270.13,-126.93,-3785.2,-28577.6,1616.81,17010.87,-5737.02,169.9,-2137.1,-5567.12,-7704.22,,,,,,,,,
8441,1837.79,4240.78,4907.63,480.34,263.02,-107.32,-3847.36,-28596.63,1588.18,16980.51,-5722.35,168.14,-2253.06,-5554.21,-7807.27,,,,,,,,,
8451,1853.54,4170.55,4932.47,485.21,262.34,-116.54,-3807.18,-28473.78,1579.04,17007.93,-5802.07,172.99,-2106.42,-5629.08,-7735.51,,,,,,,,,
8461,1777.02,4319.75,4962.8,492.77,248.78,-94.24,-3861.33,-28535.67,1584.66,17006.28,-5768.48,169.29,-2099.19,-5599.19,-7698.38,,,,,,,,,
8471,1774.43,4242.68,4955.65,471.99,264.38,-115.74,-3808.52,-28589.6,1606.4,16980.09,-5721.75,171.51,-2218.23,-5550.24,-7768.47,,,,,,,,,
8481,1793.58,4254.9,4943.08,473.63,266.8,-123.59,-3818.83,-28678.77,1576.45,17024.66,-5709.17,170.06,-2288.09,-5539.1,-7827.19,,,,,,,,,
8491,1782.49,4280.87,4963.26,486.05,274.76,-97.85,-3845.89,-28655.44,1592.41,17062.79,-5741.01,169.93,-2156.54,-5571.09,-7727.63,,,,,,,,,
8501,1815.42,4346.63,4972.88,507.76,271.65,-94.41,-3827.23,-28693.9,1579.14,17001.35,-5654.74,171.04,-2120.73,-5483.7,-7604.42,,,,,,,,,
8511,1774.33,4249.22,4937.44,471.6,266.85,-101.47,-3726.6,-28728.37,1591.41,17116.3,-5727.39,173.41,-2149.3,-5553.99,-7703.29,,,,,,,,,
8521,1823.44,4339.7,4986.97,490.95,269.5,-114.09,-3798.79,-28497.52,1566.6,17044.38,-5855.07,171.87,-1888.86,-5683.2,-7572.06,,,,,,,,,
8531,1816.97,4302.1,4954.41,489.68,291.63,-108.1,-3758.94,-28699.7,1598.6,17061.1,-5724.01,173.68,-2052.25,-5550.33,-7602.57,,,,,,,,,
8541,1833.95,4264.92,4966.09,503.15,270.76,-104.17,-3826.02,-28651.81,1585.41,17107.26,-5754.06,170.77,-2050.45,-5583.29,-7633.74,,,,,,,,,
8551,1820.68,4255.28,4984.64,486.83,291.77,-107.57,-3825.01,-28659.88,1590.83,17012.9,-5727.79,170.63,-2149.53,-5557.16,-7706.69,,,,,,,,,
8561,1809.91,4276.76,4980.45,470.02,284.03,-117,-3832.08,-28651.84,1612.54,17109.3,-5732.49,169.79,-2057.93,-5562.7,-7620.64,,,,,,,,,
8571,1758.46,4249.45,4942.97,479.43,268.35,-103.21,-3838.84,-28622.58,1593.44,17059.77,-5730.88,170.21,-2212.77,-5560.67,-7773.44,,,,,,,,,
8581,1790.95,4163.12,4899.32,473.3,254.04,-116.67,-3779.52,-28693.74,1587.75,17167.32,-5755.41,171.19,-2254.13,-5584.22,-7838.35,,,,,,,,,
8591,1872.27,4269.6,4920.72,474.38,274.54,-96.69,-3809.8,-28645.8,1597.94,16994,-5721.36,173.31,-2148.85,-5548.05,-7696.9,,,,,,,,,
8601,1795.56,4144.88,4930.82,475.98,268.26,-99.18,-3826.34,-28756.83,1627.09,17076.3,-5660.51,168.7,-2363.47,-5491.81,-7855.28,,,,,,,,,
8611,1809.81,4262.9,4917.88,475.81,266.32,-121.76,-3822.19,-28629.79,1600.39,16911.3,-5669.91,170.81,-2329.33,-5499.1,-7828.43,,,,,,,,,
8621,1852.61,4240.94,4957.46,475.84,268.41,-109.15,-3843.71,-28801.4,1578.7,17024.3,-5573.5,169.32,-2356.01,-5404.19,-7760.2,,,,,,,,,
8631,1820.62,4329.5,4947.22,478.89,255.94,-112.17,-3837.11,-28619.73,1580.44,16968.08,-5674.46,168.97,-2188.33,-5505.48,-7693.81,,,,,,,,,
8641,1843.45,4195.08,4926.87,474.11,266.67,-121.8,-3779.72,-28774.12,1593.61,17064.41,-5626.25,170.72,-2311.46,-5455.52,-7766.98,,,,,,,,,
8651,1786.9,4294.48,4936.27,466,273.73,-138.89,-3839.64,-28564.32,1591.41,17064.58,-5773.86,173.3,-2129.48,-5600.56,-7730.04,,,,,,,,,
8661,1864.65,4216,4971.16,487.22,260.99,-95.07,-3795.7,-28585.42,1599.34,16982.18,-5772.06,173.56,-2094.65,-5598.5,-7693.15,,,,,,,,,
8671,1804.92,4195.17,4983.39,473.15,276.84,-88.11,-3842.51,-28677.28,1606.94,17136.13,-5717.27,171.56,-2131.35,-5545.71,-7677.06,,,,,,,,,
8681,1840.49,4165.7,4941.95,483.93,255.59,-105.36,-3785.94,-28796.46,1607.89,17060,-5608.36,173.47,-2332.2,-5434.89,-7767.09,,,,,,,,,
8691,1799.65,4297.17,4952,489.31,276.4,-90.57,-3790.93,-28638.94,1579.19,17076.26,-5784.35,174.91,-2050.46,-5609.45,-7659.9,,,,,,,,,
8701,1776.73,4216.61,4927.52,472.87,260.69,-140.09,-3797.79,-28665.35,1606.83,17057.22,-5734.95,173.44,-2284.75,-5561.5,-7846.25,,,,,,,,,
8711,1761.29,4234.53,4909.49,475.29,266.78,-118.49,-3823.09,-28704.03,1622.98,17138.32,-5726.19,168.68,-2236.92,-5557.52,-7794.44,,,,,,,,,
8721,1773.85,4152.51,4976.92,467.58,277.23,-114.19,-3799.93,-28742.96,1606.82,17156.32,-5733.9,167.67,-2245.85,-5566.22,-7812.08,,,,,,,,,
8731,1793.73,4210.68,4950.38,472.62,281.54,-110.67,-3819.59,-28734.91,1595.15,17223.28,-5731.18,171.44,-2137.77,-5559.75,-7697.52,,,,,,,,,
8741,1744.7,4305.04,4975.43,475.77,268.45,-114.47,-3839.68,-28702.69,1581.53,17131.56,-5741.73,169.6,-2174.36,-5572.12,-7746.49,,,,,,,,,
8751,1791.61,4144.14,4941.13,465.73,267.94,-117.31,-3800.21,-28616.59,1581.82,17116.23,-5783.8,173.05,-2225.51,-5610.75,-7836.27,,,,,,,,,
8761,1814.33,4177.38,4923.18,483.89,279.55,-131.69,-3781.5,-28568.97,1625.31,17016.95,-5751.41,173.09,-2161.56,-5578.32,-7739.88,,,,,,,,,
8771,1818.6,4310.74,4941.3,481.82,285.66,-99.25,-3788.37,-28678.4,1567.83,16947.96,-5639.34,169.45,-2212.12,-5469.88,-7682,,,,,,,,,
8781,1821.58,4265.71,4943.9,498.78,274.1,-112.24,-3851.35,-28512.76,1583.82,17062.71,-5816.32,168.85,-2025.75,-5647.48,-7673.23,,,,,,,,,
8791,1798.08,4226.42,4966.45,474.72,246.36,-119.51,-3800.4,-28483.69,1594.4,17047.26,-5853.38,172.9,-2049.9,-5680.48,-7730.38,,,,,,,,,
8801,1896.45,4242.37,4950.09,483,271.28,-106.51,-3851.4,-28473.06,1565.93,17011.09,-5847.98,171.63,-2010.78,-5676.35,-7687.13,,,,,,,,,
8811,1839.09,4276.65,4919.44,479.03,257.76,-115.18,-3838.43,-28427.27,1579.67,16975.98,-5893.36,169.9,-2053.27,-5723.46,-7776.73,,,,,,,,,
8821,1807.62,4264.64,4991.34,480.43,271.9,-123.65,-3834.56,-28480.82,1585.54,17029.54,-5858.08,170.63,-2008.02,-5687.45,-7695.47,,,,,,,,,
8831,1830.66,4262.26,4959.05,492.06,272.22,-107.33,-3821.08,-28626.71,1614.63,17128.44,-5777.02,171.05,-1995.8,-5605.97,-7601.77,,,,,,,,,
8841,1801.2,4258.49,4910.2,484.71,288.31,-107.68,-3851.58,-28616.92,1596.65,17160.64,-5791.85,170.19,-2075.97,-5621.66,-7697.63,,,,,,,,,
8851,1839.54,4228.67,4933.31,479.6,284.98,-145.67,-3794.77,-28562.18,1584.52,17040.3,-5797.43,170.13,-2111.69,-5627.3,-7738.98,,,,,,,,,
8861,1831.82,4314.6,4977.3,488.28,264.62,-109.92,-3797.52,-28682.03,1561.44,17039.3,-5723.72,170.21,-2112.11,-5553.52,-7665.62,,,,,,,,,
8871,1788.93,4220.24,4943.84,475.84,266.94,-139.04,-3826.56,-28597.9,1592.34,16975.46,-5686.96,168.11,-2299.92,-5518.85,-7818.77,,,,,,,,,
8881,1797.77,4244.86,4943.27,475.62,287.34,-105.75,-3799.11,-28657.27,1606.89,17062.87,-5755.87,171.52,-2143.51,-5584.34,-7727.86,,,,,,,,,
8891,1772.82,4350.94,4930.27,479.52,265.85,-112.75,-3851.54,-28624.84,1603.71,17100.19,-5746.4,172.12,-2085.83,-5574.28,-7660.11,,,,,,,,,
8901,1796.39,4195.87,4974.02,469.89,278.2,-118.63,-3790.69,-28644.09,1582.23,17054.05,-5718.53,173.47,-2202.74,-5545.06,-7747.8,,,,,,,,,
8911,1809.2,4204.15,4955.01,486.61,288.08,-91.23,-3773.6,-28689.25,1575.49,17152.43,-5765.03,175.02,-2083.1,-5590.01,-7673.11,,,,,,,,,
8921,1821.98,4233.48,4955.78,486.78,264.75,-107.82,-3853.13,-28631.01,1594.69,17118.32,-5780.93,170.8,-2116.16,-5610.13,-7726.3,,,,,,,,,
8931,1837.13,4238.81,4946.82,494.56,283.21,-116.33,-3794.84,-28656.17,1586.63,17091.52,-5774.54,169.17,-2088.66,-5605.37,-7694.03,,,,,,,,,
8941,1860.78,4146.67,4980.34,488.23,272.77,-85.76,-3823.34,-28760.33,1578.88,17105.85,-5669.5,170.7,-2235.9,-5498.8,-7734.7,,,,,,,,,
8951,1879.4,4219.85,4956.71,474.81,286.77,-99.36,-3803.21,-28680.14,1590.87,17074.04,-5707.65,170.31,-2100.24,-5537.33,-7637.57,,,,,,,,,
8961,1840.64,4195.67,4990.35,486.12,290.12,-119.51,-3792.37,-28740.79,1592.56,17079.28,-5652.46,169.46,-2177.94,-5483,-7660.94,,,,,,,,,
8971,1813.71,4203.59,4966.76,469.72,265.31,-122.5,-3844.82,-28660.98,1603.06,17036.58,-5689.01,166.76,-2269.56,-5522.25,-7791.81,,,,,,,,,
8981,1720.48,4366.3,4932.04,479.77,272.47,-116.88,-3810.05,-28484.11,1602.09,17023.32,-5838.94,170.19,-2014.56,-5668.75,-7683.31,,,,,,,,,
8991,1771.62,4256.92,4910.67,481.78,253.02,-128.67,-3795.14,-28648.45,1598.94,17128.57,-5754.23,172.94,-2170.74,-5581.28,-7752.02,,,,,,,,,
9001,1788.96,4336.55,4931.3,495.17,266.83,-107.16,-3842.21,-28619.21,1601.73,17033.9,-5754.54,173.33,-2114.14,-5581.22,-7695.35,,,,,,,,,
9011,1794.63,4227.41,4898.38,487.37,292.68,-124.77,-3863.1,-28631.11,1626.88,17176.52,-5786.44,171,-2115.11,-5615.44,-7730.56,,,,,,,,,
9021,1800.15,4184.8,4929.16,474.28,287.52,-99.93,-3853.19,-28597.8,1592.99,17125.83,-5803.3,169.42,-2156.2,-5633.88,-7790.07,,,,,,,,,
9031,1873.08,4277.05,4956.95,494.7,264.26,-109.76,-3877.16,-28632.96,1574.22,17126.38,-5771.73,172.5,-2053.23,-5599.23,-7652.45,,,,,,,,,
9041,1812.93,4247.58,4958.7,483.29,268.05,-110.52,-3793.68,-28639.34,1596.45,17032.38,-5710.3,171.72,-2144.15,-5538.58,-7682.73,,,,,,,,,
9051,1878.58,4272.31,4937.68,498.92,264.71,-113.26,-3789.55,-28708.04,1610.18,17053.35,-5649.21,169.25,-2095.13,-5479.96,-7575.09,,,,,,,,,
9061,1861.91,4159.22,4951.1,482.61,277.54,-100.28,-3786.31,-28727.75,1594.74,17204.81,-5764.93,173.65,-2082.4,-5591.28,-7673.68,,,,,,,,,
9071,1833.85,4234.67,4943.06,484.17,270.87,-104.25,-3810.64,-28723.97,1594.8,17102.98,-5714,171.21,-2174.46,-5542.78,-7717.25,,,,,,,,,
9081,1772.19,4154.53,4972.82,477.8,287.48,-108.11,-3756.82,-28733.3,1601.45,17208.47,-5761.58,171.47,-2123.49,-5590.11,-7713.6,,,,,,,,,
9091,1842.25,4194.7,4873.08,458.14,285.17,-107.61,-3744.39,-28650.16,1608.81,17036.78,-5757.85,171.92,-2203.22,-5585.93,-7789.15,,,,,,,,,
9101,1803.19,4295.3,4915.15,480.06,270.66,-103.42,-3837.48,-28629.62,1582.3,17124.45,-5769.49,168.97,-2099.41,-5600.52,-7699.93,,,,,,,,,
9111,1814.89,4263.37,4911.03,479.7,253,-101.36,-3799.26,-28882.62,1577.19,17117.1,-5550.19,169.6,-2366.94,-5380.59,-7747.53,,,,,,,,,
9121,1812.05,4241.63,4909.3,482.72,275.94,-87.72,-3783.51,-28788.98,1596.43,17157.56,-5679.95,176.08,-2184.58,-5503.87,-7688.45,,,,,,,,,
9131,1857.92,4262.41,4930.16,484.34,261.4,-136.06,-3811.72,-28623.82,1599.06,17134.77,-5809.78,175.38,-2041.54,-5634.4,-7675.95,,,,,,,,,
9141,1801,4287.54,4899.91,470.53,291.85,-79.88,-3831.15,-28594.37,1589.96,17164.28,-5844.25,173.41,-2000.31,-5670.85,-7671.16,,,,,,,,,
9151,1819.4,4199.89,4889.71,471.15,276.63,-91.28,-3849.21,-28653.86,1579.43,17152.07,-5727.4,174.01,-2206.08,-5553.39,-7759.47,,,,,,,,,
9161,1825.98,4228.96,4917.77,478.88,259.6,-87.46,-3799.94,-28904,1611.3,17172.45,-5597.78,174.74,-2296.45,-5423.03,-7719.48,,,,,,,,,
9171,1788.27,4230.64,4882.07,468.95,262.45,-101.92,-3777.19,-28753.77,1599.73,17199.65,-5725.36,173.12,-2201.12,-5552.24,-7753.36,,,,,,,,,
9181,1848.51,4253.96,4920.86,496.7,245.47,-106.36,-3848.13,-28681.51,1594.93,17073.76,-5728.56,168.87,-2201.81,-5559.69,-7761.5,,,,,,,,,
9191,1810.34,4193.76,4924.62,467.28,271.18,-102.62,-3793.74,-28729.1,1593.73,17240.47,-5738.88,170.48,-2124.08,-5568.4,-7692.48,,,,,,,,,
9201,1855.08,4194.6,4949.65,481.76,286.6,-120.95,-3798.64,-28629.25,1564.4,17115.54,-5745.94,170.75,-2101.19,-5575.18,-7676.37,,,,,,,,,
9211,1830.13,4227.01,4959.74,468.23,275.01,-147.82,-3812.18,-28601.72,1561.56,17002.98,-5744.36,172.04,-2237.06,-5572.32,-7809.38,,,,,,,,,
9221,1817.32,4182.85,4967.08,468.42,277.92,-103.13,-3849.43,-28686.78,1632.61,17182.96,-5726.77,170.37,-2110.18,-5556.41,-7666.59,,,,,,,,,
9231,1865.57,4272.55,4967.95,483.49,284.95,-98.53,-3845.62,-28774.57,1568.85,17121.43,-5675.82,171.06,-2153.93,-5504.76,-7658.69,,,,,,,,,
9241,1774.83,4177.86,4973.26,483.96,277.55,-114.5,-3897.7,-28714.17,1646.88,17192.63,-5742.05,165.46,-2199.39,-5576.58,-7775.97,,,,,,,,,
9251,1876.79,4230.62,4960.15,486.19,243.85,-104.18,-3838.89,-28801.87,1556.16,17148.88,-5618.82,168.09,-2242.3,-5450.73,-7693.03,,,,,,,,,
9261,1825.12,4296.42,4929.56,494.98,281.19,-77.35,-3857.52,-28730.17,1605.48,17073.2,-5689.28,170.28,-2159.1,-5518.99,-7678.09,,,,,,,,,
9271,1749.31,4283.71,4945.22,477.2,264.88,-91.78,-3862.98,-28729.18,1612.23,17085.93,-5680.68,171.09,-2265.47,-5509.59,-7775.06,,,,,,,,,
9281,1866.79,4232.22,4929.71,487.54,273.98,-94.08,-3822.26,-28870.34,1585.18,17128.22,-5640.97,169.69,-2283.04,-5471.29,-7754.33,,,,,,,,,
9291,1833.12,4203.15,4971.64,467.3,269.85,-113.52,-3810.39,-28831.7,1609.29,17178.72,-5661.82,172.89,-2222.55,-5488.93,-7711.48,,,,,,,,,
9301,1793.12,4233.4,4943.37,486.84,252.79,-105.28,-3809.34,-28755.29,1590.4,17173.14,-5709.09,173.42,-2196.86,-5535.67,-7732.53,,,,,,,,,
9311,1838.04,4290.42,4949.09,475.74,275.01,-109.65,-3805.45,-28684.94,1584.75,17107.39,-5766.14,170.39,-2079.6,-5595.75,-7675.35,,,,,,,,,
9321,1763.58,4195.86,5001.72,452.84,281.51,-129.49,-3849.08,-28792.3,1617.11,17094.16,-5608.53,166.52,-2364.08,-5442.01,-7806.09,,,,,,,,,
9331,1816.62,4225.03,4968.43,491.17,280.81,-144.96,-3812.24,-28632.41,1587.53,17052.34,-5751.67,174.02,-2167.68,-5577.66,-7745.34,,,,,,,,,
9341,1742.45,4239.44,4979.88,463.27,294.71,-121.48,-3832.84,-28653.27,1582.12,17156.21,-5785.66,170.61,-2149.5,-5615.05,-7764.56,,,,,,,,,
9351,1810.76,4268.9,4997.33,481.82,265.09,-119.87,-3809.83,-28720.82,1572.98,17194.77,-5806.92,171.32,-2058.88,-5635.6,-7694.48,,,,,,,,,
9361,1762.33,4226.02,4960.45,478.48,267.76,-110.41,-3845.51,-28665,1598.22,17181.48,-5783.54,172.6,-2146.18,-5610.94,-7757.12,,,,,,,,,
9371,1806.17,4245.6,4964.14,478.54,271.06,-131.15,-3792.09,-28669.81,1603.96,17183.43,-5785.11,174,-2040.14,-5611.11,-7651.25,,,,,,,,,
9381,1807.47,4331.71,4947.29,491.46,270.01,-134.83,-3801.63,-28667.81,1554.71,17020.73,-5710.46,170.91,-2180.89,-5539.55,-7720.44,,,,,,,,,
9391,1809.92,4291.02,5000.51,482,259.66,-123.57,-3862.93,-28587.79,1574.34,17070.88,-5782.1,168.58,-2085.96,-5613.52,-7699.48,,,,,,,,,
9401,1803.6,4209.43,4923.05,462.71,282.85,-127.62,-3770.43,-28599.24,1577.51,17001.27,-5741.38,174.9,-2236.87,-5566.48,-7803.35,,,,,,,,,
9411,1838.43,4153.63,4917.46,450.31,263.37,-100.49,-3823.57,-28563.29,1583.88,17083.8,-5826.72,171.35,-2196.47,-5655.37,-7851.85,,,,,,,,,
9421,1775.58,4291.49,4960.43,473.89,277.17,-129.03,-3805.61,-28669.52,1603.34,17157.67,-5798.71,169.3,-2064.59,-5629.42,-7694,,,,,,,,,
9431,1764.77,4184.87,4927.17,467.05,276.07,-110.51,-3756.34,-28818.26,1599.54,17278.63,-5707.03,171.96,-2187.02,-5535.07,-7722.09,,,,,,,,,
9441,1857.82,4279.15,4975.21,483.49,277.79,-132.37,-3877.35,-28690.51,1564.63,17166.99,-5758.47,171.2,-2095.15,-5587.27,-7682.42,,,,,,,,,
9451,1782.42,4194.96,4953.64,452.49,258.87,-119.79,-3807.61,-28802.14,1582.28,17227.98,-5721.38,173.35,-2276.89,-5548.04,-7824.93,,,,,,,,,
9461,1795.61,4246.51,4952.13,470.78,284,-86.04,-3847.49,-28795.75,1582,17211.37,-5708.15,171.77,-2186.87,-5536.37,-7723.24,,,,,,,,,
9471,1773.21,4299.88,4918.42,480.72,293.09,-93.64,-3830.59,-28871.56,1579.6,17187.16,-5638.12,170.15,-2263.73,-5467.97,-7731.7,,,,,,,,,
9481,1809.82,4286.22,4905.96,482.58,257.98,-113.34,-3833.12,-28762.43,1590.54,17177.74,-5695.69,169.02,-2198.06,-5526.67,-7724.73,,,,,,,,,
9491,1774.72,4157.41,4990.59,463.34,270.51,-140.06,-3784.37,-28757.06,1586.62,17248.92,-5761.76,169.34,-2189.38,-5592.42,-7781.8,,,,,,,,,
9501,1795.65,4210.37,4940.28,476.12,259.97,-111.62,-3822.34,-28747.94,1624.06,17208.91,-5766.89,173.44,-2166.56,-5593.44,-7760.01,,,,,,,,,
9511,1847.93,4259.04,4943.67,479.56,263.2,-105.12,-3859.58,-28627.97,1541.17,17102.2,-5757.84,172.57,-2155.9,-5585.26,-7741.16,,,,,,,,,
9521,1848.67,4226.63,4972.36,494.66,259.44,-109.5,-3817.4,-28758,1583.39,17178.21,-5755.09,174.91,-2121.54,-5580.18,-7701.72,,,,,,,,,
9531,1776.51,4199.49,4940.86,480.3,256.32,-115.98,-3830.58,-28530.09,1577.79,17158.68,-5901.47,177.51,-2086.68,-5723.96,-7810.64,,,,,,,,,
9541,1813.88,4362.31,4964.15,478.39,260.9,-111.84,-3848.58,-28683.4,1539.87,17140.82,-5728.03,172.3,-2083.5,-5555.73,-7639.23,,,,,,,,,
9551,1750.91,4206.59,4983.65,484.51,268.97,-108.35,-3812.91,-28774.43,1604.62,17201.79,-5712.36,173,-2194.65,-5539.36,-7734.01,,,,,,,,,
9561,1866.32,4202.74,4941.65,483.68,278.19,-108.51,-3798.44,-28776.49,1581.73,17181.09,-5710,172.11,-2148.04,-5537.89,-7685.93,,,,,,,,,
9571,1822.72,4198.61,4928.99,480.95,274.7,-116.84,-3775.21,-28733.1,1590.38,17224.77,-5765.64,174.17,-2104.03,-5591.47,-7695.5,,,,,,,,,
9581,1831.12,4162.74,4986.03,469.61,266.16,-90.41,-3863.11,-28710,1577.43,17210.77,-5803.27,170.67,-2159.66,-5632.6,-7792.26,,,,,,,,,
9591,1768.98,4254.67,4969.64,479.42,274.94,-98.9,-3823,-28691.64,1603.1,17100.05,-5767.15,172.65,-2162.74,-5594.49,-7757.24,,,,,,,,,
9601,1790.1,4251.42,4959.8,481.79,266.57,-130.75,-3810.44,-28747.96,1566.64,17224.28,-5735.44,175.4,-2148.54,-5560.04,-7708.58,,,,,,,,,
9611,1806.54,4204.67,4961.47,473.57,268.13,-109.65,-3809.15,-28734.94,1579.85,17143.52,-5724.43,174.19,-2215.98,-5550.24,-7766.22,,,,,,,,,
9621,1776.51,4202.72,4969.13,469.84,264.26,-119.06,-3804.33,-28532.86,1597.22,17181.2,-5901.61,176.36,-1995.38,-5725.26,-7720.63,,,,,,,,,
9631,1733.61,4229.07,4933.6,484.76,271.93,-117.2,-3806.47,-28728.18,1613.06,17191.07,-5757.73,176.13,-2194.76,-5581.6,-7776.36,,,,,,,,,
9641,1863.42,4210.03,4953.16,482.09,278.55,-107.8,-3810.25,-28694,1586.54,17132.47,-5718.41,172.56,-2105.78,-5545.85,-7651.63,,,,,,,,,
9651,1765.75,4219.06,4952.22,474.32,266.84,-109.62,-3786.93,-28815.48,1578.25,17149.11,-5687.88,175.38,-2306.49,-5512.49,-7818.98,,,,,,,,,
9661,1838.19,4188.94,4938.55,486.03,287.2,-100.21,-3831.72,-28867.91,1588.38,17229.58,-5666.52,171.18,-2242.97,-5495.34,-7738.31,,,,,,,,,
9671,1805.06,4225.66,5003.24,485.76,260.81,-124.59,-3842.64,-28696.25,1600.1,17167.07,-5785.89,169.63,-2115.78,-5616.25,-7732.04,,,,,,,,,
9681,1803.7,4274.17,4964.02,478.78,277.95,-100.42,-3807.23,-28661.11,1595.55,17169.9,-5822.06,173.22,-2004.68,-5648.84,-7653.53,,,,,,,,,
9691,1807.57,4266.51,5001.97,476.52,263.18,-136.8,-3815.91,-28811.65,1568.13,17207.34,-5675.9,172.34,-2173.15,-5503.56,-7676.7,,,,,,,,,
9701,1813.15,4205.67,4989.83,477.93,264.55,-119.54,-3797.74,-28879.58,1601.98,17167,-5638.7,170.99,-2276.75,-5467.7,-7744.45,,,,,,,,,
9711,1794.25,4245.05,4935.01,476.83,290.02,-116.4,-3841.62,-28825.99,1586.36,17288.95,-5698.16,170.14,-2167.54,-5528.01,-7695.55,,,,,,,,,
9721,1807.71,4236.14,4962.14,464.55,254.77,-126.69,-3793.12,-28672.14,1572.42,17129.5,-5792.27,173.68,-2164.71,-5618.59,-7783.3,,,,,,,,,
9731,1739.17,4228.08,4941.41,468.2,256.88,-117.43,-3857.81,-28641.14,1591.71,17197.06,-5769.62,171.22,-2193.87,-5598.4,-7792.26,,,,,,,,,
9741,1803.34,4152.28,4972.51,462.12,283.58,-105.8,-3849.25,-28819.61,1585.95,17200.04,-5680.83,171.89,-2314.84,-5508.94,-7823.78,,,,,,,,,
9751,1835.21,4268.12,5003.13,495.87,247.79,-133.71,-3870.84,-28697.78,1569.47,17256.61,-5795.9,172.1,-2026.13,-5623.8,-7649.92,,,,,,,,,
9761,1826.65,4172.49,4912.52,479.79,264.96,-100.31,-3837.63,-28839.33,1602.96,17276.68,-5667.77,173.07,-2241.21,-5494.7,-7735.9,,,,,,,,,
9771,1831.34,4245.34,4984.16,479.27,265.58,-146.96,-3812.01,-28849.17,1601.29,17239.05,-5712.83,169.13,-2162.12,-5543.71,-7705.83,,,,,,,,,
9781,1780.61,4248.32,4993.46,471.77,275.61,-129.71,-3813.56,-28846.79,1614.38,17224.47,-5652.7,173.05,-2181.45,-5479.65,-7661.1,,,,,,,,,
9791,1857.24,4200.42,4957.69,474.19,252.51,-105.58,-3803.53,-28887.13,1594.13,17166.67,-5629.59,171.92,-2293.38,-5457.67,-7751.05,,,,,,,,,
9801,1779.87,4291.76,5022.21,471.75,289.99,-91.67,-3844.9,-28729.34,1590.93,17144.11,-5714.52,172.4,-2075.3,-5542.12,-7617.43,,,,,,,,,
9811,1790.01,4197.43,4941.01,479.35,276.6,-110.44,-3853.46,-28627.73,1587.11,17240.23,-5828.97,175.01,-2079.89,-5653.96,-7733.84,,,,,,,,,
9821,1790.69,4211.5,4968.41,484.83,261.59,-103.6,-3788.16,-28636.75,1585.56,17154.15,-5834.64,173.84,-2071.79,-5660.8,-7732.59,,,,,,,,,
9831,1829.26,4219.3,4955.36,462.73,263.61,-97.24,-3822.21,-28490.4,1582.28,17142.74,-5945.21,180.67,-1954.56,-5764.54,-7719.1,,,,,,,,,
9841,1812.58,4323.38,4955.91,483.63,273.52,-129.78,-3847.2,-28518.55,1581.06,17194.78,-5953.28,180.96,-1870.67,-5772.32,-7642.99,,,,,,,,,
9851,1797.14,4205.13,4940.54,477.99,255.16,-117.99,-3820.32,-28598.82,1583.63,17200.16,-5859.74,173.6,-2077.39,-5686.14,-7763.53,,,,,,,,,
9861,1797.95,4291.66,4915.87,470.29,271.97,-112.76,-3810.51,-28710.54,1601.69,17264.55,-5836.05,175.98,-2019.84,-5660.07,-7679.91,,,,,,,,,
9871,1817.46,4156.51,4966.66,497.47,264.55,-115.15,-3781.39,-29006.47,1596.31,17300.24,-5663.52,173.99,-2303.81,-5489.53,-7793.34,,,,,,,,,
9881,1804.16,4248.15,4921.98,478.48,259.91,-113.18,-3802.5,-28894.2,1620.32,17258.43,-5666.17,171.93,-2218.44,-5494.24,-7712.68,,,,,,,,,
9891,1773.94,4278.53,4958.93,479.3,262.96,-129.05,-3785.65,-28787.65,1592.34,17134.16,-5727.29,173.87,-2222.19,-5553.43,-7775.62,,,,,,,,,
9901,1773.31,4230.62,4972.8,470.03,267.89,-109.31,-3844.18,-28730.7,1588.34,17191.74,-5736.84,170.99,-2189.46,-5565.85,-7755.31,,,,,,,,,
9911,1854.84,4230.3,4960.77,485.11,278.14,-103.99,-3760.97,-28724.14,1591.21,17147.58,-5762.75,176.5,-2041.14,-5586.25,-7627.38,,,,,,,,,
9921,1818.79,4180.91,4973.53,477.37,266.23,-123.73,-3819.89,-28691.61,1608.38,17166.01,-5732.57,175.08,-2144,-5557.49,-7701.5,,,,,,,,,
9931,1841.88,4268.56,4950.41,485.62,275.12,-98.27,-3742.82,-28981.74,1600.02,17174.56,-5586.89,173.59,-2226.66,-5413.3,-7639.96,,,,,,,,,
9941,1815.87,4293.54,4966.65,474.65,254.58,-100.79,-3802.22,-28828.73,1603.36,17216.91,-5701.04,173.95,-2106.2,-5527.09,-7633.28,,,,,,,,,
9951,1865.8,4226.24,4989.26,490.99,283.32,-131.16,-3827.74,-28622.59,1554.67,17046.93,-5741.42,171.64,-2124.28,-5569.78,-7694.06,,,,,,,,,
9961,1796.2,4175.75,4947.49,476.24,257.33,-106.07,-3832.63,-28755.66,1610.5,17154.62,-5684.98,171.14,-2276.23,-5513.83,-7790.06,,,,,,,,,
9971,1799.02,4236.62,4969.31,472.32,256.6,-132.42,-3824.35,-28772.44,1570.27,17102.63,-5688.55,172.66,-2322.43,-5515.89,-7838.31,,,,,,,,,
9981,1764.79,4232.43,4996.44,477.61,261.25,-128.56,-3806.64,-28824.69,1593.06,17161.4,-5657.39,169.43,-2272.9,-5487.96,-7760.86,,,,,,,,,
9991,1785.46,4224.12,4987.17,462.95,283.53,-116.23,-3840.98,-29006.37,1602.46,17274.98,-5568.69,171.18,-2342.91,-5397.51,-7740.42,,,,,,,,,
10001,1817.44,4184.92,4966.1,491.14,282.54,-109.25,-3787.41,-28816.39,1597.27,17281.79,-5747.02,176.48,-2091.84,-5570.54,-7662.38,,,,,,,,,
,,,,,,,,,,,,,,,,,,,,,,,,
Ligand Energy Terms,,,,,,,,,,,,,,,,,,,,,,,,
Frame #,BOND,ANGLE,DIHED,UB,IMP,CMAP,VDWAALS,EEL,1-4 VDW,1-4 EEL,EGB,ESURF,GGAS,GSOLV,TOTAL,,,,,,,,,
1,10.86,26.71,6.94,0,0.16,0,0.02,-2.6,17.85,-69.44,-70.57,2.98,-9.5,-67.58,-77.09,,,,,,,,,
11,10.08,24.23,6.99,0,0.03,0,-0.7,-2.6,18.96,-71.27,-69.42,2.93,-14.28,-66.49,-80.77,,,,,,,,,
21,9.3,23.4,3,0,-0.05,0,0.73,-2.19,18.87,-69.13,-71.29,2.98,-16.07,-68.31,-84.38,,,,,,,,,
31,11.41,22.23,3.87,0,0.14,0,1.25,-3.19,18.51,-69.14,-69.71,3,-14.92,-66.71,-81.63,,,,,,,,,
41,6.46,16.21,5.91,0,-0.06,0,-1.02,-2.61,18.95,-68.5,-71.22,2.97,-24.67,-68.25,-92.91,,,,,,,,,
51,5.35,24.46,5.88,0,0.02,0,-0.35,-2.32,18.62,-68.23,-70.9,2.97,-16.57,-67.92,-84.5,,,,,,,,,
61,13.39,20.79,5.81,0,0.2,0,-0.86,-2.7,18.49,-69.16,-69.84,3,-14.04,-66.84,-80.88,,,,,,,,,
71,9.98,23.03,3.49,0,0.01,0,0.06,-3.53,18.3,-69.42,-69.52,2.97,-18.07,-66.55,-84.62,,,,,,,,,
81,6.41,22.98,5.51,0,0.19,0,0.44,-2.65,20.46,-67.79,-71.8,2.98,-14.45,-68.82,-83.27,,,,,,,,,
91,5.43,16.67,4.1,0,0.05,0,1.38,-1.49,21.19,-69.86,-71.15,2.95,-22.52,-68.2,-90.72,,,,,,,,,
101,8.23,24.1,6.15,0,-0.04,0,4.54,-1.76,17.66,-69.26,-72.83,2.96,-10.38,-69.87,-80.25,,,,,,,,,
111,14.62,17.77,5.79,0,-0.05,0,0.26,-1.64,20.48,-68.5,-71.44,2.93,-11.27,-68.5,-79.78,,,,,,,,,
121,8.1,21.99,5.29,0,-0.08,0,1.82,-0.96,19.16,-70.06,-71.15,2.97,-14.74,-68.18,-82.92,,,,,,,,,
131,9.78,23.22,2.45,0,0.06,0,2.93,-1.61,17.73,-68.97,-71.89,3.01,-14.42,-68.88,-83.3,,,,,,,,,
141,8.77,23.86,5.41,0,-0.02,0,-1.32,-0.96,20.26,-70.69,-71.27,2.93,-14.69,-68.33,-83.02,,,,,,,,,
151,5.13,24.49,5.45,0,0.15,0,-1.49,-1.3,19.08,-67.96,-72.05,2.99,-16.46,-69.06,-85.52,,,,,,,,,
161,7.07,19.59,3.95,0,0.37,0,2.51,-0.64,21.59,-69.81,-71.57,2.98,-15.37,-68.58,-83.96,,,,,,,,,
171,6.3,24.02,5.2,0,0.01,0,1.39,-1.59,18.09,-68.4,-72.8,2.96,-14.98,-69.84,-84.82,,,,,,,,,
181,6.93,17.75,4.84,0,0.08,0,5.07,-1.98,24.2,-72.23,-69.66,2.92,-15.34,-66.74,-82.08,,,,,,,,,
191,8.64,28.08,10.43,0,0.09,0,-1.63,-1.3,16.99,-69.62,-71.62,3.04,-8.33,-68.57,-76.9,,,,,,,,,
201,7.72,28.04,3.84,0,0.01,0,-2.02,-1.13,16.9,-68.37,-72,2.98,-15,-69.02,-84.02,,,,,,,,,
211,9.75,24.36,5.93,0,0.05,0,-0.76,-1.73,19.82,-68.8,-71.17,2.96,-11.38,-68.21,-79.6,,,,,,,,,
221,12.67,29.42,6.53,0,0.01,0,-1.16,-1.95,18.86,-69.23,-70.52,3.02,-4.84,-67.51,-72.35,,,,,,,,,
231,11.88,23.79,5.7,0,0.09,0,-1.89,-1.87,17.39,-70.1,-71.25,2.97,-15.02,-68.29,-83.3,,,,,,,,,
241,12.41,18,6.37,0,0,0,0.23,-0.71,18.39,-67.56,-71.69,2.98,-12.87,-68.71,-81.59,,,,,,,,,
251,7,25.19,3.78,0,0.09,0,0.34,-0.69,20.93,-69.41,-72.45,2.99,-12.79,-69.46,-82.25,,,,,,,,,
261,10.58,23.97,5.33,0,0.03,0,-0.35,-0.12,19.66,-70.94,-70.67,3,-11.85,-67.67,-79.51,,,,,,,,,
271,4.87,28.46,7.2,0,0.03,0,-1.33,-0.9,19.55,-67.23,-73.14,2.99,-9.36,-70.15,-79.51,,,,,,,,,
281,9.34,24.91,4.59,0,0.04,0,0.72,-1.97,19.23,-68.35,-71.48,2.95,-11.5,-68.53,-80.03,,,,,,,,,
291,3.52,21.61,5.46,0,0.07,0,-0.15,-1.68,23.37,-68.28,-73.39,2.95,-16.07,-70.45,-86.52,,,,,,,,,
301,9.41,23.09,6.12,0,0.05,0,-1.04,-2.54,17.01,-68.54,-70.84,2.98,-16.43,-67.87,-84.3,,,,,,,,,
311,4.71,27.1,4.18,0,0.1,0,3.49,-1.49,18.11,-69.45,-72.18,3,-13.23,-69.18,-82.42,,,,,,,,,
321,14.51,22.98,12.05,0,0.14,0,1.85,-1.19,20.39,-70.55,-71.51,2.95,0.17,-68.56,-68.39,,,,,,,,,
331,9.74,23.76,7.48,0,-0.02,0,-2.64,-1.34,18.29,-69.35,-70.8,2.97,-14.08,-67.83,-81.91,,,,,,,,,
341,8.9,23.96,8.64,0,0.29,0,-0.33,-0.52,15.68,-69.59,-72.93,2.99,-12.96,-69.94,-82.9,,,,,,,,,
351,7.14,24.69,4.84,0,0.01,0,0.01,-0.64,19.1,-70.15,-72.01,2.98,-15.01,-69.03,-84.04,,,,,,,,,
361,10.53,25.77,6.99,0,0.05,0,0.33,-3.07,21.58,-70.35,-69.61,2.91,-8.17,-66.7,-74.87,,,,,,,,,
371,7.32,28.31,4.25,0,0,0,-0.85,-1.07,17.46,-68.85,-71.7,2.99,-13.43,-68.71,-82.14,,,,,,,,,
381,13.22,26.35,6.4,0,0.07,0,1.58,-1.32,19.27,-69.41,-71.93,2.96,-3.84,-68.97,-72.81,,,,,,,,,
391,10.46,34.84,5.4,0,0.03,0,0.84,-1.71,18.26,-70.5,-70.65,2.95,-2.38,-67.7,-70.08,,,,,,,,,
401,5.34,24.56,5.41,0,0.16,0,-1.11,-2.45,20.15,-68.51,-71.05,2.99,-16.47,-68.06,-84.53,,,,,,,,,
411,13.23,20.71,3.09,0,0.05,0,0.41,-2.84,18.59,-67.69,-71,2.99,-14.44,-68.01,-82.45,,,,,,,,,
421,5.17,22.76,9.04,0,-0.01,0,-0.09,-1.82,20.96,-68.57,-72.15,2.93,-12.55,-69.22,-81.76,,,,,,,,,
431,11.66,27.32,5.14,0,0.4,0,-1.34,-2.81,16.86,-69.57,-71.57,2.98,-12.34,-68.59,-80.93,,,,,,,,,
441,8.06,20.89,5.12,0,0.02,0,-0.2,-1.29,19.48,-69.72,-71.16,2.97,-17.64,-68.19,-85.83,,,,,,,,,
451,5.93,22.52,4.9,0,0.19,0,0.94,-2.23,22.62,-67.55,-73.07,2.97,-12.68,-70.1,-82.78,,,,,,,,,
461,13.95,24.29,5.98,0,0.04,0,-1.01,-0.36,20.96,-71.08,-71.12,2.96,-7.23,-68.16,-75.38,,,,,,,,,
471,9.24,12.38,5.87,0,0.05,0,2.5,-2.13,19.72,-68.2,-71.41,2.93,-20.58,-68.48,-89.06,,,,,,,,,
481,7.52,17.52,9.17,0,0.05,0,0.52,-1.75,21.99,-69.53,-70.82,2.96,-14.52,-67.86,-82.38,,,,,,,,,
491,7.45,23.58,4.64,0,0.05,0,-1.29,-1.24,20.52,-68.81,-70.86,2.96,-15.09,-67.9,-82.99,,,,,,,,,
501,8.91,25.7,4.67,0,-0.08,0,-0.12,-1.04,22.35,-68.3,-71.97,2.95,-7.92,-69.02,-76.94,,,,,,,,,
511,8.55,26.24,6.72,0,0.03,0,-1.01,-0.76,20.43,-71.32,-71.21,2.98,-11.12,-68.23,-79.35,,,,,,,,,
521,5.97,20.91,7.53,0,0.03,0,-0.21,-2.69,21.45,-69.62,-69.82,2.92,-16.63,-66.9,-83.53,,,,,,,,,
531,9.99,18.16,6.71,0,0.14,0,0.52,-2.05,22.88,-70.21,-70.27,2.9,-13.87,-67.37,-81.24,,,,,,,,,
541,6.24,23.53,6.01,0,0.2,0,-1.68,-2.8,19.72,-68.13,-70.67,2.96,-16.9,-67.71,-84.61,,,,,,,,,
551,6.78,24.93,5.3,0,0.14,0,-0.06,-2.17,19.05,-68.25,-71.03,2.96,-14.29,-68.07,-82.36,,,,,,,,,
561,10.33,20.45,9.41,0,0.11,0,0.33,-2.95,18.18,-69.11,-70.85,2.96,-13.25,-67.9,-81.15,,,,,,,,,
571,7.35,19.85,8.48,0,0.11,0,-0.38,-1.24,21.05,-72.03,-71.3,2.92,-16.81,-68.38,-85.19,,,,,,,,,
581,7.69,24.01,7.32,0,0.17,0,-1.42,-1.27,20.36,-69.42,-71.25,2.95,-12.55,-68.3,-80.85,,,,,,,,,
591,12.45,25.13,4.49,0,0.02,0,-0.68,-2.07,17.25,-67.31,-71.77,3,-10.72,-68.77,-79.49,,,,,,,,,
601,4.66,24.12,4.52,0,0.06,0,-1.87,-1.94,22.67,-69.55,-70.07,2.96,-17.34,-67.11,-84.45,,,,,,,,,
611,5.77,24.9,4.25,0,-0.11,0,1.12,-1.1,20.04,-69.88,-71.78,2.93,-15.01,-68.84,-83.85,,,,,,,,,
621,9.52,21.96,7.35,0,0.14,0,-1.21,-1.23,18.51,-69.88,-71.19,2.95,-14.86,-68.24,-83.1,,,,,,,,,
631,8.3,24.28,9.88,0,0.36,0,0.39,-2.46,21.68,-68.34,-70.81,2.99,-5.89,-67.83,-73.72,,,,,,,,,
641,8.05,18.87,3.83,0,0.04,0,2.26,-2.76,19.37,-69.49,-70.31,2.95,-19.83,-67.36,-87.19,,,,,,,,,
651,9.77,29.41,5.97,0,0.02,0,1.9,-2.56,21.61,-71.94,-70.46,2.91,-5.82,-67.54,-73.37,,,,,,,,,
661,13.21,20.78,5.3,0,-0.03,0,-2.2,-1.38,17.52,-69.34,-71.63,2.98,-16.15,-68.66,-84.81,,,,,,,,,
671,7.56,25.44,5.19,0,0.21,0,0.61,-1.21,20.33,-68.66,-71.6,2.98,-10.53,-68.62,-79.15,,,,,,,,,
681,6.95,23.02,9.21,0,0.02,0,-0.03,-2.12,23.01,-68.18,-70.9,2.99,-8.13,-67.91,-76.04,,,,,,,,,
691,6.25,23.73,4.51,0,0.03,0,-1.86,-1.88,18.63,-69.15,-70.33,2.98,-19.76,-67.34,-87.1,,,,,,,,,
701,9.98,25.58,7.78,0,0.21,0,1.48,-4.19,18.29,-68.14,-70.37,2.94,-9.01,-67.43,-76.44,,,,,,,,,
711,8.17,22.68,3.8,0,0.03,0,0.62,-2.73,17.07,-67.34,-71.94,2.97,-17.7,-68.97,-86.68,,,,,,,,,
721,6.96,27.45,5.45,0,0.06,0,0.24,-1.24,20.37,-70.44,-71.35,2.95,-11.14,-68.4,-79.54,,,,,,,,,
731,8.25,19.45,5.69,0,0,0,-1.96,-2.05,22.27,-70.73,-69.3,2.94,-19.07,-66.36,-85.44,,,,,,,,,
741,6.85,22.28,7.09,0,-0.03,0,-2.39,-2.03,16.98,-67.57,-72.26,2.97,-18.82,-69.29,-88.12,,,,,,,,,
751,9.64,25.8,7.41,0,0.06,0,-0.95,-1.48,20.61,-71.68,-70.07,2.91,-10.59,-67.16,-77.74,,,,,,,,,
761,10.38,28.57,4.02,0,-0.04,0,3.35,-2.69,17.14,-69.69,-69.81,2.98,-8.96,-66.82,-75.78,,,,,,,,,
771,7.16,24.63,6.8,0,0.44,0,1.65,-1.25,22.43,-71.97,-70.83,2.96,-10.1,-67.87,-77.97,,,,,,,,,
781,9.79,22.36,5.91,0,0.09,0,2.99,-2.9,21.24,-69.86,-70.36,2.97,-10.37,-67.39,-77.76,,,,,,,,,
791,10.04,17.78,3.91,0,0.09,0,1.1,-1.68,18.27,-69.01,-71.38,2.99,-19.49,-68.39,-87.88,,,,,,,,,
801,5.82,24.78,7.37,0,0.09,0,-0.36,-0.06,19.86,-69.15,-73.15,2.97,-11.66,-70.18,-81.84,,,,,,,,,
811,13.08,21.32,4.16,0,0.06,0,3.07,-2.57,20.29,-71.59,-69.26,2.95,-12.18,-66.32,-78.5,,,,,,,,,
821,5.67,23.94,3.56,0,0.11,0,0.54,-2.24,21.19,-68.95,-69.93,2.95,-16.18,-66.98,-83.17,,,,,,,,,
831,7.2,22.13,8.04,0,0.18,0,1.39,-0.88,20.04,-68.96,-71.37,2.99,-10.87,-68.38,-79.25,,,,,,,,,
841,13.48,23.77,7.87,0,-0.07,0,4.07,-2.96,17.85,-69.87,-69.25,2.97,-5.86,-66.28,-72.14,,,,,,,,,
851,9.57,22.14,6.98,0,0.04,0,-1.16,-3.31,16.52,-69.25,-69.34,2.99,-18.46,-66.35,-84.81,,,,,,,,,
861,6.02,18.21,8.73,0,-0.02,0,-0.95,-2.48,20.37,-71.9,-69.6,2.92,-22.02,-66.67,-88.7,,,,,,,,,
871,7.16,27.14,7.31,0,0.05,0,1.14,-3.07,19.16,-69.6,-68.78,2.99,-10.7,-65.79,-76.48,,,,,,,,,
881,6.56,16.98,3.9,0,0.16,0,1.84,-2.88,21.02,-68.83,-69.74,2.97,-21.26,-66.77,-88.03,,,,,,,,,
891,12.04,14.88,7.75,0,0.16,0,1.26,-1.41,17.17,-67.79,-72.29,3,-15.93,-69.29,-85.22,,,,,,,,,
901,6.08,25.61,4.91,0,0.15,0,-1.2,-1.23,21.47,-72.06,-70.73,2.99,-16.27,-67.73,-84.01,,,,,,,,,
911,4.75,26.15,8.57,0,0.06,0,0.6,-0.47,22.04,-71.12,-71.14,3.02,-9.42,-68.13,-77.54,,,,,,,,,
921,6.26,20.86,8.33,0,0.02,0,-0.32,-1.85,19.64,-69.85,-69.48,2.96,-16.9,-66.51,-83.41,,,,,,,,,
931,15.81,24.76,4.72,0,0.11,0,3.01,-3.49,15.53,-66.36,-71.2,3.04,-5.91,-68.17,-74.07,,,,,,,,,
941,6.62,25.15,6.79,0,0.18,0,2.95,-2.37,21.59,-69.33,-69.54,2.97,-8.42,-66.57,-74.99,,,,,,,,,
951,8.72,22.49,5.74,0,0.03,0,1.57,-2.8,21.94,-69.72,-69.8,2.96,-12.04,-66.84,-78.88,,,,,,,,,
961,10.44,25.56,4.92,0,0.06,0,0.64,-1.37,17.49,-69.11,-70.38,3.01,-11.37,-67.37,-78.74,,,,,,,,,
971,7.04,26.79,5.6,0,-0.06,0,-1.42,-1.49,20.46,-72.04,-69.78,2.91,-15.11,-66.86,-81.97,,,,,,,,,
981,5.4,23.74,7.04,0,0.26,0,0.7,-1.44,21.77,-70.78,-71.5,2.91,-13.31,-68.58,-81.9,,,,,,,,,
991,7.35,19.08,4.53,0,0.09,0,-0.51,-1.66,19.56,-68.27,-71.62,2.96,-19.81,-68.65,-88.46,,,,,,,,,
1001,5.86,18.85,3.82,0,0.08,0,0.2,-1.39,21.23,-68.64,-72.02,2.95,-19.98,-69.07,-89.05,,,,,,,,,
1011,16.84,27.52,5.77,0,0.14,0,-1.03,-3.34,15.51,-66.08,-71.82,2.98,-4.66,-68.84,-73.5,,,,,,,,,
1021,5.47,23.08,4.33,0,-0.11,0,0.36,-2.41,17.71,-68.04,-71.99,2.93,-19.61,-69.06,-88.67,,,,,,,,,
1031,8.43,25.52,5.74,0,0.24,0,1.86,-2.51,21.2,-67.46,-71.52,2.95,-6.98,-68.57,-75.55,,,,,,,,,
1041,5.92,19.67,5.6,0,0.1,0,-1.03,-2.34,20.53,-68.48,-70.73,2.96,-20.04,-67.77,-87.81,,,,,,,,,
1051,8.03,24.33,8.86,0,0.19,0,-1.75,-2.06,18.24,-67.86,-71.23,3,-12,-68.23,-80.23,,,,,,,,,
1061,6.59,25.45,7.2,0,-0.05,0,-1.62,-0.27,18.37,-70.3,-72.13,2.92,-14.63,-69.21,-83.84,,,,,,,,,
1071,6.26,19.66,6.86,0,0.34,0,-0.42,-3.38,21.96,-67.07,-71.5,2.97,-15.78,-68.53,-84.31,,,,,,,,,
1081,6.79,24.23,6.12,0,0.07,0,0.29,-2.28,21.91,-68,-71,2.93,-10.87,-68.08,-78.94,,,,,,,,,
1091,8.34,23.62,4.5,0,0.15,0,-1.53,-1.55,20.54,-70.95,-70.82,2.95,-16.89,-67.87,-84.76,,,,,,,,,
1101,8.03,28.79,3.58,0,0.03,0,-0.82,-1.3,17.7,-68.88,-71.82,2.99,-12.87,-68.83,-81.7,,,,,,,,,
1111,7.85,24.15,5.64,0,0.18,0,-0.66,-2.28,17.62,-68.85,-71.24,2.99,-16.35,-68.25,-84.6,,,,,,,,,
1121,5.42,26.55,7.2,0,0.19,0,2.67,-1.86,22.48,-70.65,-70.69,2.96,-7.98,-67.73,-75.72,,,,,,,,,
1131,7.4,16.24,2.92,0,0.08,0,0.74,-1.82,24.18,-69.18,-70.54,2.94,-19.43,-67.6,-87.03,,,,,,,,,
1141,3.74,19.49,5.18,0,0.12,0,1.3,-1.52,21.25,-68.65,-72.76,2.94,-19.09,-69.82,-88.91,,,,,,,,,
1151,7.93,27.41,3.75,0,-0.01,0,0.21,-0.08,18.22,-70.16,-71.67,2.95,-12.74,-68.73,-81.47,,,,,,,,,
1161,4.79,25.12,8.63,0,0.1,0,-2.8,-1.5,18.42,-68.91,-72.52,3,-16.15,-69.52,-85.67,,,,,,,,,
1171,8.23,23.59,10.23,0,0.15,0,0.18,-1.97,15.95,-68.49,-71.93,2.96,-12.12,-68.97,-81.09,,,,,,,,,
1181,9.17,22.23,4.8,0,-0.01,0,-1.23,-0.72,20.45,-70.7,-72.02,2.94,-16.01,-69.08,-85.09,,,,,,,,,
1191,7.12,20.73,3.29,0,-0.01,0,-0.04,-2.26,19.93,-68.96,-70.58,2.94,-20.2,-67.64,-87.84,,,,,,,,,
1201,7.18,15,2.51,0,0.05,0,0.98,-1.75,21.06,-69.38,-71.4,2.93,-24.36,-68.47,-92.82,,,,,,,,,
1211,7.79,20.21,7.21,0,0,0,-0.02,0.03,20.53,-71.77,-72.07,2.92,-16.03,-69.15,-85.18,,,,,,,,,
1221,6.61,27.53,5.46,0,0.08,0,1.52,-2.26,21.38,-67.62,-71.67,2.92,-7.3,-68.75,-76.05,,,,,,,,,
1231,10.05,18.48,6.12,0,-0.07,0,0.07,-2.12,16.32,-66.59,-72.46,3,-17.74,-69.46,-87.2,,,,,,,,,
1241,6.52,21.07,13.37,0,0.29,0,-0.61,-3.07,19.46,-67.51,-71.92,2.96,-10.48,-68.96,-79.44,,,,,,,,,
1251,9.57,24.39,5.41,0,0.02,0,0.3,-1.36,17.93,-70.17,-72.5,2.95,-13.91,-69.54,-83.45,,,,,,,,,
1261,8.05,19.78,7.17,0,0.19,0,-1.73,-0.78,19.05,-70.29,-71.79,2.97,-18.57,-68.81,-87.39,,,,,,,,,
1271,8.4,21.56,5.35,0,0.05,0,0.12,-0.55,20.66,-70.35,-70.69,2.93,-14.76,-67.76,-82.52,,,,,,,,,
1281,6.87,19.82,5.94,0,0.2,0,-0.05,-2.18,17.3,-67.72,-71.45,2.99,-19.82,-68.46,-88.28,,,,,,,,,
1291,7.79,19.7,5.64,0,0.12,0,2.89,-2.47,25.17,-69.25,-70.77,2.92,-10.41,-67.85,-78.25,,,,,,,,,
1301,12.62,14.76,9.58,0,0.16,0,1.14,-1.55,21.08,-69.91,-72.29,2.94,-12.11,-69.35,-81.46,,,,,,,,,
1311,5.96,26.7,9.61,0,0.15,0,-0.28,-1.47,22.11,-69.9,-71.06,2.91,-7.11,-68.15,-75.26,,,,,,,,,
1321,9.58,19.98,6.72,0,-0.05,0,0.74,-2.99,20.47,-67.79,-71.62,2.95,-13.33,-68.67,-82,,,,,,,,,
1331,3.9,19.54,5.87,0,0.08,0,-0.67,0.13,24.53,-70.61,-71.48,2.94,-17.23,-68.53,-85.76,,,,,,,,,
1341,9.88,18.66,8.9,0,0.2,0,-0.97,-1.56,16.1,-68.26,-73.31,3,-17.04,-70.31,-87.35,,,,,,,,,
1351,9.85,18.98,2.01,0,-0.11,0,3.35,-2.13,22.58,-68.77,-71.3,2.9,-14.23,-68.4,-82.63,,,,,,,,,
1361,7.45,25.58,7.01,0,0.15,0,-1.02,-1.46,18.05,-70.18,-71.75,2.97,-14.42,-68.78,-83.2,,,,,,,,,
1371,10.18,23.96,5.4,0,0.02,0,-0.82,-2.28,19.03,-67.91,-72.57,2.98,-12.42,-69.6,-82.01,,,,,,,,,
1381,8.05,19.71,8.04,0,0.16,0,-0.13,-2.03,19.39,-69.07,-70.68,2.98,-15.89,-67.69,-83.58,,,,,,,,,
1391,8.43,21.47,7.34,0,-0.07,0,0.24,-2.01,17.33,-69.14,-71.38,2.97,-16.41,-68.41,-84.82,,,,,,,,,
1401,15.18,17.91,7.15,0,0.27,0,-0.75,-0.91,16.22,-70.85,-72.09,2.93,-15.79,-69.16,-84.94,,,,,,,,,
1411,7.64,23.86,6.1,0,0.03,0,-1.86,-1.44,18.7,-69.45,-70.57,2.96,-16.43,-67.61,-84.04,,,,,,,,,
1421,3.75,21.58,5.33,0,0.22,0,1.44,-1.85,20.9,-69.61,-71.59,2.92,-18.22,-68.67,-86.89,,,,,,,,,
1431,10.5,26.33,6.04,0,-0.09,0,-2.84,-2.59,17.15,-67.42,-71.79,2.96,-12.92,-68.83,-81.75,,,,,,,,,
1441,10,21.81,5.91,0,0.02,0,2.02,-1.98,19.14,-66.32,-72.85,2.97,-9.4,-69.88,-79.27,,,,,,,,,
1451,7.11,19.62,5.31,0,-0.02,0,-0.14,-0.88,20.39,-70.8,-71.4,2.93,-19.4,-68.47,-87.87,,,,,,,,,
1461,10.01,20.66,5.23,0,0.04,0,0.95,-1.04,20.05,-69.9,-72.5,2.94,-13.99,-69.56,-83.55,,,,,,,,,
1471,4.89,22.49,10.93,0,0.13,0,-1.05,-0.52,23.69,-71.1,-71.62,2.91,-10.55,-68.71,-79.26,,,,,,,,,
1481,5.75,27.39,5.89,0,0.02,0,0.43,-2.67,20.17,-67.85,-72.51,2.93,-10.87,-69.58,-80.45,,,,,,,,,
1491,5.97,17.86,11.25,0,0.04,0,-0.43,-2.31,20.82,-67.8,-71.68,2.96,-14.58,-68.72,-83.3,,,,,,,,,
1501,9.45,17.52,8.84,0,0.11,0,0.68,-2.95,19.58,-69.02,-71.01,2.96,-15.79,-68.05,-83.84,,,,,,,,,
1511,11.94,20.31,5.47,0,0.12,0,0.68,-1.21,16.96,-68.98,-72.01,2.96,-14.72,-69.05,-83.77,,,,,,,,,
1521,6.85,22.28,8.93,0,0.13,0,0.64,-1.43,19.92,-70.43,-70.58,2.95,-13.11,-67.63,-80.75,,,,,,,,,
1531,7.85,17.73,7.75,0,0.14,0,1.49,-0.15,19.63,-69.3,-72.18,2.97,-14.88,-69.21,-84.08,,,,,,,,,
1541,9.75,19.17,7.18,0,0.14,0,-0.18,-2.2,18.7,-68.03,-72.79,2.95,-15.47,-69.84,-85.31,,,,,,,,,
1551,6.38,25.13,5.52,0,-0.05,0,4.94,-1.85,22.62,-68.47,-71.87,2.9,-5.77,-68.97,-74.74,,,,,,,,,
1561,10.07,26.22,4.58,0,0.02,0,0.26,-1.32,20.73,-69.74,-71.44,2.94,-9.19,-68.5,-77.7,,,,,,,,,
1571,9.4,19.85,7.22,0,0.07,0,-0.53,-1.05,18.32,-69.99,-71.68,2.98,-16.72,-68.7,-85.42,,,,,,,,,
1581,6.54,23.88,6.84,0,0.17,0,-1.75,-2.41,21.99,-70.8,-69.85,2.95,-15.55,-66.91,-82.46,,,,,,,,,
1591,6.05,24.62,5.21,0,0.1,0,1.4,-1.03,20.92,-71.46,-71.08,2.92,-14.18,-68.17,-82.35,,,,,,,,,
1601,6.55,18.15,7.23,0,0.21,0,-0.77,-1.44,18.72,-68.49,-72.46,2.96,-19.83,-69.5,-89.33,,,,,,,,,
1611,5.5,23.18,6.27,0,0.18,0,-1.37,-0.97,18.79,-69.01,-71.6,2.97,-17.44,-68.63,-86.07,,,,,,,,,
1621,9.25,28.58,7.89,0,0.13,0,-1.86,-1.91,19.99,-69.23,-70.89,2.97,-7.16,-67.93,-75.09,,,,,,,,,
1631,8.5,20.6,8.98,0,0.16,0,-1.25,-1.67,17.54,-68.6,-72.84,2.97,-15.75,-69.87,-85.62,,,,,,,,,
1641,5.68,20.05,6.96,0,0.21,0,-1.39,-1.43,21.78,-70.12,-71.29,2.95,-18.24,-68.34,-86.59,,,,,,,,,
1651,11.11,17.1,4.42,0,-0.07,0,1.9,-2.16,19.07,-68.56,-72.08,2.95,-17.19,-69.13,-86.33,,,,,,,,,
1661,6.79,23.6,4.46,0,-0.01,0,-0.9,-2.03,17.65,-69.6,-71.28,2.98,-20.04,-68.31,-88.35,,,,,,,,,
1671,6.63,23.88,7.6,0,0.49,0,-1.4,-1.25,19.33,-68.87,-72.79,2.94,-13.58,-69.85,-83.43,,,,,,,,,
1681,10.94,19.85,5.63,0,0.09,0,1.15,-0.85,17.9,-69.82,-73.29,2.94,-15.12,-70.35,-85.47,,,,,,,,,
1691,8.63,21.56,7.55,0,0.09,0,0.14,-2.53,22.55,-68.85,-71.97,2.93,-10.85,-69.04,-79.89,,,,,,,,,
1701,12.28,20.16,8.95,0,0.14,0,-0.78,-1.49,19.75,-70.37,-69.69,2.96,-11.34,-66.73,-78.07,,,,,,,,,
1711,9.73,26.16,7.22,0,0.05,0,-1.46,-1.75,19.84,-69.16,-71.57,2.98,-9.36,-68.59,-77.95,,,,,,,,,
1721,8.31,30.89,4.78,0,0.12,0,2.86,-1.71,17.14,-67.01,-72.66,2.99,-4.62,-69.67,-74.29,,,,,,,,,
1731,4.94,21.7,5.4,0,0.01,0,0.22,-1.96,21.58,-69.3,-71.09,2.9,-17.41,-68.2,-85.61,,,,,,,,,
1741,5.87,20.11,5.81,0,0.06,0,0.4,-1.62,22.15,-69.16,-71.47,2.93,-16.38,-68.54,-84.92,,,,,,,,,
1751,10,23.76,6.86,0,0.17,0,-0.55,-1.08,17.74,-69.08,-72.84,2.98,-12.17,-69.85,-82.03,,,,,,,,,
1761,16.69,23.61,4.08,0,0.11,0,2.67,-3.38,18.6,-66.8,-71.65,2.97,-4.42,-68.67,-73.09,,,,,,,,,
1771,11.94,23.28,3.25,0,0.06,0,0.49,-1.61,18.53,-70.01,-71.13,2.96,-14.08,-68.17,-82.25,,,,,,,,,
1781,5.54,21.93,4.33,0,0,0,-0.23,-0.95,19.72,-69.26,-71.9,2.94,-18.92,-68.97,-87.89,,,,,,,,,
1791,11.25,24.42,6.54,0,-0.14,0,1.05,-2.47,18.08,-70.3,-69.71,2.94,-11.57,-66.77,-78.35,,,,,,,,,
1801,8.42,17.18,5.67,0,0.02,0,1.38,-1.69,20.88,-69.58,-71.57,2.93,-17.73,-68.65,-86.37,,,,,,,,,
1811,7.35,17.72,6.14,0,0.33,0,0.43,-2.61,20.23,-70.18,-70.31,2.94,-20.58,-67.37,-87.96,,,,,,,,,
1821,8.4,22.77,9.35,0,0.28,0,-0.02,-2.11,21.42,-70.39,-70.18,2.95,-10.3,-67.23,-77.53,,,,,,,,,
1831,6.16,26.17,3.26,0,0.39,0,-1.52,-1.96,18.73,-69.39,-70.89,2.95,-18.15,-67.94,-86.09,,,,,,,,,
1841,8.54,18.26,6.76,0,0.09,0,-0.89,-1.45,18.81,-69.53,-71.29,2.95,-19.41,-68.35,-87.76,,,,,,,,,
1851,6.66,21.63,5.82,0,0.02,0,0.17,-2.2,20.72,-68.15,-71.51,2.95,-15.33,-68.57,-83.89,,,,,,,,,
1861,9.55,31.52,4.01,0,0.25,0,0.21,-1.91,17.84,-69.07,-70.84,2.96,-7.61,-67.88,-75.49,,,,,,,,,
1871,7.6,22.68,5.23,0,-0.11,0,-1.1,-2.04,19.37,-69.78,-71.49,2.94,-18.15,-68.55,-86.7,,,,,,,,,
1881,11.14,23.23,4.76,0,0.08,0,0.67,-2.01,18.51,-69.77,-71.09,2.95,-13.39,-68.14,-81.52,,,,,,,,,
1891,7.42,19.79,8.22,0,0.03,0,-0.63,-2.57,21.31,-68.88,-71.23,2.99,-15.3,-68.25,-83.54,,,,,,,,,
1901,5.28,17,8.99,0,0.05,0,0.06,-2.35,21.07,-67.84,-70.95,2.95,-17.74,-68,-85.74,,,,,,,,,
1911,6.43,18.17,7.96,0,0.31,0,-0.87,-1.15,18.73,-68.73,-72.67,2.98,-19.14,-69.7,-88.83,,,,,,,,,
1921,3.57,24.82,12.33,0,0.71,0,-1.76,-0.39,20.4,-67.98,-73.8,2.95,-8.3,-70.85,-79.16,,,,,,,,,
1931,5.43,22.84,5.68,0,0.08,0,-2.29,-2.18,20.38,-68.64,-71.02,2.93,-18.69,-68.09,-86.78,,,,,,,,,
1941,5.44,19.48,7.41,0,0.23,0,-0.82,-1.94,24.4,-70.57,-70.58,2.92,-16.39,-67.67,-84.06,,,,,,,,,
1951,9.01,17.94,5.08,0,0.11,0,-0.28,-0.96,19.48,-70.37,-70.94,2.95,-19.99,-67.99,-87.98,,,,,,,,,
1961,15.34,23.07,6.44,0,-0.01,0,1.02,-1.71,18.35,-68.39,-72.22,2.97,-5.89,-69.25,-75.13,,,,,,,,,
1971,8.4,33.16,10.52,0,0.21,0,1.09,-1.41,19.52,-69.71,-73.03,2.92,1.78,-70.11,-68.32,,,,,,,,,
1981,7.77,28.84,8.1,0,0.32,0,1.2,-1.81,17.2,-66.71,-72.68,2.99,-5.08,-69.68,-74.77,,,,,,,,,
1991,8.82,20.87,8.64,0,0.01,0,0.31,-0.35,18.62,-70.63,-72.22,2.95,-13.72,-69.27,-82.99,,,,,,,,,
2001,8.82,23.05,7.51,0,0.07,0,-2.92,-0.3,21.6,-68.39,-73.09,2.97,-10.57,-70.13,-80.69,,,,,,,,,
2011,8.42,19.27,10.16,0,0.15,0,-1.56,0.24,22.96,-70.56,-71.81,2.93,-10.92,-68.88,-79.8,,,,,,,,,
2021,13.73,21.93,7.95,0,0.14,0,0.78,-2.06,17.9,-69.31,-72.55,2.98,-8.93,-69.57,-78.5,,,,,,,,,
2031,9.15,29.41,6.45,0,0.19,0,2.7,-2.25,19.98,-69.44,-71.19,2.9,-3.81,-68.29,-72.1,,,,,,,,,
2041,6.33,27.48,5.85,0,0.04,0,-1.07,-1.52,19.21,-70.7,-71.94,2.95,-14.37,-68.99,-83.36,,,,,,,,,
2051,11.17,20.82,5.26,0,-0.01,0,-1.44,-2.16,18.87,-70.22,-70.75,2.92,-17.71,-67.83,-85.54,,,,,,,,,
2061,8.26,20.28,5.39,0,0.03,0,-1.03,-1.98,19.76,-70.29,-69.88,2.95,-19.59,-66.93,-86.52,,,,,,,,,
2071,13.64,23.09,5.05,0,0.13,0,0.97,-2.93,17.53,-68.64,-70.4,2.96,-11.16,-67.44,-78.6,,,,,,,,,
2081,5.2,27.52,9.12,0,-0.09,0,-0.36,-2.98,19.45,-69.88,-70.29,2.93,-12.02,-67.36,-79.38,,,,,,,,,
2091,6.87,22.16,6.95,0,0.12,0,1.1,-3.67,19.78,-68.65,-70.96,2.93,-15.35,-68.03,-83.38,,,,,,,,,
2101,11.4,24.06,9.7,0,0.08,0,-1.9,-1.77,17.15,-66.67,-72.93,2.95,-7.96,-69.98,-77.94,,,,,,,,,
2111,3.35,19.06,5.46,0,0.08,0,-0.76,-2.24,19.44,-68.85,-70.83,2.93,-24.47,-67.9,-92.37,,,,,,,,,
2121,8.05,21.73,4.62,0,-0.04,0,-0.35,-1.66,20.02,-70.76,-70.56,2.92,-18.4,-67.64,-86.04,,,,,,,,,
2131,6.05,22.94,4.37,0,-0.04,0,0.35,-2.23,21.51,-69.24,-70.56,2.93,-16.28,-67.63,-83.91,,,,,,,,,
2141,5.18,23.78,5.45,0,-0.05,0,0.02,-1.53,19.98,-67.17,-73.73,2.95,-14.34,-70.78,-85.12,,,,,,,,,
2151,4.77,21.18,7.1,0,0.11,0,-0.06,-2.47,21.69,-68.05,-72.82,2.99,-15.73,-69.83,-85.57,,,,,,,,,
2161,6.23,17.91,4.66,0,0.17,0,0.8,-1.07,20.47,-68.73,-72.18,2.97,-19.57,-69.21,-88.78,,,,,,,,,
2171,9.89,22.2,8.26,0,-0.03,0,0.06,-2.23,19.33,-69.81,-71.7,2.94,-12.32,-68.75,-81.08,,,,,,,,,
2181,4,27.75,8.4,0,0.07,0,-1.25,-2.56,19.47,-69.33,-70.96,2.95,-13.45,-68.01,-81.46,,,,,,,,,
2191,9.12,15.84,6.48,0,0.13,0,0.27,-2.09,21.92,-69.15,-70.56,2.94,-17.48,-67.62,-85.1,,,,,,,,,
2201,5.06,22.66,3.19,0,0,0,0.55,-1.95,20.15,-69.68,-71.84,2.94,-20.01,-68.91,-88.92,,,,,,,,,
2211,5.68,21.99,4.13,0,-0.06,0,0.31,-0.21,22.87,-72.39,-70.03,2.93,-17.68,-67.1,-84.78,,,,,,,,,
2221,6.84,17.61,3.52,0,0.04,0,1.73,-2.44,21.33,-69.12,-71.42,2.93,-20.5,-68.5,-88.99,,,,,,,,,
2231,9.29,17.61,10.73,0,0.47,0,1.3,-2.21,20.85,-69.92,-71.49,2.93,-11.88,-68.55,-80.43,,,,,,,,,
2241,6.23,27.49,4.42,0,0.05,0,-0.21,-2.09,21.37,-69.4,-70.61,2.97,-12.14,-67.64,-79.78,,,,,,,,,
2251,7.24,22.53,7.33,0,0.24,0,-0.05,-2.65,17.59,-66.37,-72.25,2.98,-14.13,-69.28,-83.41,,,,,,,,,
2261,9.43,23.96,8.57,0,0.24,0,0.23,-0.74,19.22,-69.48,-72.25,2.98,-8.56,-69.27,-77.83,,,,,,,,,
2271,6.24,17.42,7.45,0,0.22,0,2.05,-1.38,24.21,-70.04,-71.31,2.92,-13.84,-68.4,-82.23,,,,,,,,,
2281,10.15,18.38,7.82,0,0.1,0,-0.77,-0.77,22.2,-70.83,-70.75,2.99,-13.73,-67.75,-81.48,,,,,,,,,
2291,7.43,26.17,4.35,0,0.15,0,-1.09,-1.44,19.55,-69.31,-72.6,2.96,-14.2,-69.65,-83.84,,,,,,,,,
2301,10.54,20.24,3.63,0,0.05,0,-0.07,-2.89,18.71,-68.93,-70.12,2.96,-18.71,-67.16,-85.88,,,,,,,,,
2311,8.4,20.23,6.1,0,-0.01,0,1.99,-1.46,22.85,-70.77,-70.99,2.92,-12.67,-68.07,-80.73,,,,,,,,,
2321,5.85,22.13,8.74,0,0.17,0,-1.28,-1.57,21.13,-70.78,-71.28,2.95,-15.61,-68.33,-83.93,,,,,,,,,
2331,11.03,17.05,7.33,0,0.29,0,1.65,-1.5,17.63,-68.73,-72.9,3.01,-15.26,-69.89,-85.15,,,,,,,,,
2341,8.17,30.99,6.2,0,0.06,0,-0.31,-3.3,20.74,-68.33,-70.94,2.94,-5.76,-68.01,-73.77,,,,,,,,,
2351,10.19,20.02,7.13,0,0.58,0,1.17,-0.95,18.95,-71.56,-70.82,2.95,-14.47,-67.87,-82.34,,,,,,,,,
2361,6.1,22.92,4.77,0,0.01,0,3.07,-2.62,20.56,-69.25,-71.84,2.93,-14.45,-68.91,-83.36,,,,,,,,,
2371,9.41,24.31,7.35,0,0.18,0,-3.18,-1.91,16.51,-67.35,-72.31,3,-14.68,-69.31,-84,,,,,,,,,
2381,4.14,24.22,9.14,0,0.04,0,-1.42,-2.09,22.83,-68.52,-71.3,2.95,-11.66,-68.35,-80.01,,,,,,,,,
2391,6.46,17.47,10.19,0,0.2,0,2.22,-0.62,23.26,-70.71,-70.67,2.95,-11.54,-67.72,-79.26,,,,,,,,,
2401,9.86,19.9,8.49,0,0.01,0,-1.9,-1.32,18.7,-67.97,-71.55,2.97,-14.24,-68.58,-82.82,,,,,,,,,
2411,9.57,26.69,5.04,0,0.05,0,-1.25,-2.4,16.18,-68.03,-71.62,2.95,-14.15,-68.67,-82.82,,,,,,,,,
2421,8.35,22.4,2.23,0,0.09,0,1.87,-2.06,19.54,-68.55,-72.44,2.97,-16.11,-69.47,-85.58,,,,,,,,,
2431,7.43,20.16,6.48,0,0.2,0,3.58,-1.25,22.49,-71.48,-70.66,2.96,-12.41,-67.71,-80.11,,,,,,,,,
2441,6.32,28.21,8.2,0,0.21,0,-1.92,-2.72,19.3,-66.46,-73.16,2.94,-8.86,-70.21,-79.07,,,,,,,,,
2451,8.52,25.4,4.46,0,0.15,0,1.98,-2.14,19.81,-69.32,-71.96,2.96,-11.14,-69,-80.14,,,,,,,,,
2461,3.14,23.26,7.94,0,0.09,0,-0.24,-1.37,21.23,-69.04,-71.77,2.93,-14.99,-68.84,-83.83,,,,,,,,,
2471,4.28,26.52,4.53,0,0.05,0,0.7,-1.86,21.65,-69.26,-71.75,2.93,-13.38,-68.82,-82.2,,,,,,,,,
2481,6.8,23.4,11.3,0,0.26,0,-0.87,-1.71,22.14,-71.98,-70.81,2.97,-10.66,-67.84,-78.51,,,,,,,,,
2491,5.45,16.93,5.6,0,0.17,0,0.58,-1.82,22.3,-68.63,-71.97,2.91,-19.42,-69.05,-88.47,,,,,,,,,
2501,8.35,23.14,6.4,0,0.25,0,-0.87,-1.26,22.96,-69.35,-71.57,2.95,-10.38,-68.62,-79,,,,,,,,,
2511,9.82,26.78,3.45,0,0.1,0,2.54,-2.5,21.99,-69.93,-71.67,2.91,-7.74,-68.75,-76.49,,,,,,,,,
2521,8.93,23.5,5.72,0,-0.04,0,0.14,-2.13,21.68,-70.5,-70.02,2.93,-12.7,-67.09,-79.8,,,,,,,,,
2531,8.12,21.38,6.81,0,0.19,0,-0.7,-1.76,18.85,-67.52,-72.67,2.97,-14.63,-69.7,-84.33,,,,,,,,,
2541,6.35,20.88,6.16,0,0.01,0,1.75,-2.47,21.28,-69.54,-70.45,2.92,-15.57,-67.53,-83.11,,,,,,,,,
2551,8.84,22.68,4.44,0,0.03,0,-0.57,-1.61,20.91,-69.74,-70.47,2.93,-15.02,-67.54,-82.56,,,,,,,,,
2561,6.67,22.26,6.38,0,0.07,0,-1.48,-0.54,18.94,-69.29,-72.12,2.97,-16.99,-69.15,-86.14,,,,,,,,,
2571,8.92,23.18,7.16,0,0.25,0,0.18,-3.41,19.89,-67.96,-71.32,2.97,-11.81,-68.34,-80.15,,,,,,,,,
2581,9.57,19.44,7.02,0,0.14,0,2.09,-1.16,19.17,-71.19,-71.32,2.89,-14.92,-68.42,-83.34,,,,,,,,,
2591,12.08,26.07,7.68,0,0.09,0,-0.48,-2.25,18.56,-68.08,-72.34,2.94,-6.33,-69.4,-75.73,,,,,,,,,
2601,9.49,19.89,3.84,0,-0.02,0,-0.6,-1.44,23.06,-70.14,-72.3,2.92,-15.91,-69.38,-85.29,,,,,,,,,
2611,12.33,21.49,5.53,0,0.04,0,-2.51,-0.15,19.61,-70.83,-71.19,2.97,-14.48,-68.23,-82.71,,,,,,,,,
2621,13.74,23.44,7.34,0,0.22,0,-1.5,-0.66,20.45,-69.73,-71.98,2.96,-6.69,-69.02,-75.71,,,,,,,,,
2631,10.55,19.15,8.32,0,0.07,0,0.08,-0.02,17.96,-69.25,-72.88,2.98,-13.12,-69.9,-83.03,,,,,,,,,
2641,12.11,20.12,3.88,0,0.07,0,-0.4,-1.96,16.51,-68.25,-71.29,3.01,-17.92,-68.28,-86.2,,,,,,,,,
2651,5.69,22.29,3.93,0,0.04,0,-1.15,-2.24,20.75,-70.08,-71.06,2.94,-20.76,-68.12,-88.88,,,,,,,,,
2661,3.56,20.5,7.02,0,-0.01,0,-1.79,-1.84,21.85,-69.01,-72.27,2.93,-19.73,-69.34,-89.07,,,,,,,,,
2671,6.22,24.63,5.97,0,0.03,0,1.45,-1.06,19.92,-70.07,-72.32,2.94,-12.91,-69.38,-82.29,,,,,,,,,
2681,8.39,21.14,6.26,0,-0.04,0,-0.25,-1.86,17.95,-70.33,-71.3,2.95,-18.74,-68.35,-87.09,,,,,,,,,
2691,6.11,21.66,5.63,0,0.07,0,-0.45,-2.53,20.76,-69.31,-70.42,2.96,-18.06,-67.46,-85.52,,,,,,,,,
2701,11.19,20.55,6.84,0,0.06,0,-2.18,-1.22,16.67,-69.66,-71.58,2.95,-17.75,-68.63,-86.38,,,,,,,,,
2711,7.01,22.34,7.26,0,0.18,0,-0.27,-1.47,20.48,-71.24,-70.65,2.97,-15.72,-67.67,-83.39,,,,,,,,,
2721,8.93,18.82,4.21,0,0.11,0,0.37,-2.42,19.75,-69.01,-70.44,2.97,-19.25,-67.48,-86.72,,,,,,,,,
2731,8.16,22.63,6,0,0.06,0,-0.54,-2.33,20.88,-68.48,-71.87,2.96,-13.62,-68.92,-82.54,,,,,,,,,
2741,7.57,16.83,8.56,0,0.24,0,2.28,-2.81,24.49,-70.66,-69.54,2.9,-13.5,-66.64,-80.14,,,,,,,,,
2751,6.68,20.88,8.27,0,0.03,0,-0.06,-2.61,22.13,-68.16,-71.96,2.97,-12.82,-68.99,-81.81,,,,,,,,,
2761,7.53,21.93,5.98,0,0.11,0,2.47,-3.04,20.6,-68.62,-70.24,2.94,-13.03,-67.31,-80.34,,,,,,,,,
2771,6.32,18.26,2.42,0,0.02,0,0.98,-2.76,21.43,-68.02,-70.44,2.94,-21.33,-67.5,-88.83,,,,,,,,,
2781,9.25,25.44,7.81,0,0,0,-1.67,-0.75,19.64,-71.17,-71.09,2.98,-11.46,-68.12,-79.57,,,,,,,,,
2791,5.44,22.48,4.78,0,0.24,0,-1.51,-1.67,21.64,-67.45,-72.05,2.99,-16.06,-69.06,-85.12,,,,,,,,,
2801,6.93,24.06,5.48,0,0.04,0,-0.61,-1.69,20.41,-68.86,-71.32,2.94,-14.25,-68.38,-82.63,,,,,,,,,
2811,8.16,15.94,5.4,0,0.08,0,-0.56,-1.11,19.65,-70.11,-72.11,2.95,-22.56,-69.16,-91.72,,,,,,,,,
2821,6.33,22.63,6.65,0,0.31,0,1.27,-1.82,20.7,-69.19,-71.93,2.98,-13.11,-68.95,-82.07,,,,,,,,,
2831,6.87,23.88,6.47,0,-0.03,0,-1.37,-1.9,17.33,-69.89,-70.27,2.94,-18.64,-67.33,-85.97,,,,,,,,,
2841,5.26,19.7,4.31,0,0.04,0,0.34,-1.68,21.95,-69.77,-71.04,2.93,-19.86,-68.12,-87.98,,,,,,,,,
2851,6.99,29,6.17,0,-0.14,0,-0.91,-1.93,22.09,-69.2,-71.71,2.92,-7.93,-68.78,-76.72,,,,,,,,,
2861,10.45,16.75,4.69,0,0.23,0,0.66,-1.3,18.89,-70.06,-71.51,2.96,-19.69,-68.56,-88.25,,,,,,,,,
2871,9.17,18.92,6.61,0,-0.05,0,2.91,-3.21,19.19,-68.69,-71.64,2.94,-15.15,-68.7,-83.85,,,,,,,,,
2881,10.34,22.23,2.53,0,0.02,0,-0.14,-1.81,18.94,-70.52,-70.94,2.92,-18.42,-68.02,-86.44,,,,,,,,,
2891,10.56,18.92,8.76,0,0.04,0,-0.67,-2.74,17.04,-67.92,-71.39,3.01,-16.02,-68.39,-84.41,,,,,,,,,
2901,8.72,15.36,7.38,0,0.24,0,0.64,-3.34,21.93,-67.87,-70.94,2.91,-16.93,-68.03,-84.96,,,,,,,,,
2911,5.96,20.82,6.78,0,0.05,0,-1,-0.77,23.13,-70.98,-72.33,2.91,-16.02,-69.42,-85.43,,,,,,,,,
2921,11.95,20.31,9.22,0,0.07,0,-0.37,-2.13,20.32,-68.2,-71.58,2.95,-8.82,-68.63,-77.45,,,,,,,,,
2931,6.66,17.04,6.35,0,0.17,0,-1.32,-1.67,20.84,-69.44,-70.85,2.94,-21.37,-67.91,-89.28,,,,,,,,,
2941,5.21,24.27,5.64,0,0.03,0,-0.52,-2.15,19.29,-70.26,-71.01,2.95,-18.49,-68.06,-86.55,,,,,,,,,
2951,10.83,25.81,4.83,0,0.07,0,-1.21,-1.23,19.67,-71.55,-71.94,2.98,-12.78,-68.96,-81.74,,,,,,,,,
2961,8.94,22.82,5.25,0,0.09,0,0.21,-2.32,18.75,-68.15,-71.13,2.95,-14.42,-68.18,-82.6,,,,,,,,,
2971,7.73,20.48,6.43,0,0.09,0,0.03,-1,21.65,-68.84,-71.11,2.96,-13.43,-68.15,-81.58,,,,,,,,,
2981,9.88,22.69,6.63,0,0.23,0,2.2,-0.45,21.92,-71.03,-70.8,2.91,-7.94,-67.89,-75.82,,,,,,,,,
2991,5.38,25.14,7.7,0,0.3,0,-0.67,-1.96,19.4,-67.81,-72.72,2.96,-12.53,-69.76,-82.28,,,,,,,,,
3001,7.35,20.58,7.64,0,0.3,0,0.01,-1.15,21.73,-69.55,-71.17,2.94,-13.1,-68.23,-81.33,,,,,,,,,
3011,9.6,18.45,5.23,0,-0.01,0,0.55,-3.4,19.97,-68.11,-70.17,2.95,-17.72,-67.22,-84.94,,,,,,,,,
3021,4.48,20.57,4.18,0,0.09,0,0.06,-1.28,20.21,-69.1,-71.68,2.93,-20.79,-68.75,-89.54,,,,,,,,,
3031,7.51,22.34,8.49,0,0.11,0,0.24,-2.43,14.97,-68.06,-71.76,3,-16.83,-68.76,-85.59,,,,,,,,,
3041,8.6,20.4,4.93,0,0.06,0,1.76,-1.77,21.26,-68.23,-72.01,2.95,-12.99,-69.06,-82.05,,,,,,,,,
3051,7.68,19.99,4.25,0,0.02,0,0.31,-1.86,21.47,-69.7,-70.11,2.9,-17.85,-67.2,-85.05,,,,,,,,,
3061,10.86,22.21,3.41,0,0.18,0,1.15,-1.07,21.25,-70.16,-71.58,2.94,-12.18,-68.64,-80.83,,,,,,,,,
3071,8.48,31.37,5.61,0,0.55,0,0.73,-3.06,21.75,-67.59,-72.25,2.94,-2.17,-69.3,-71.48,,,,,,,,,
3081,4.96,20.8,5.56,0,0.08,0,-1.28,-2.11,17.66,-67.08,-72.43,2.99,-21.41,-69.44,-90.85,,,,,,,,,
3091,5.33,24.14,3.37,0,0.15,0,-1.46,-1.52,20.74,-69.67,-71.19,2.94,-18.92,-68.25,-87.16,,,,,,,,,
3101,6.64,23.09,4.75,0,0.03,0,5.09,-2.59,21.46,-68,-72.21,2.91,-9.53,-69.3,-78.83,,,,,,,,,
3111,8.03,24.66,7.28,0,0.28,0,-0.66,-1.29,20.52,-70.87,-71.56,2.94,-12.05,-68.62,-80.67,,,,,,,,,
3121,10.14,19.19,4.87,0,0.07,0,0.67,-2.82,18.9,-67.89,-70.45,2.94,-16.87,-67.51,-84.38,,,,,,,,,
3131,8.84,24.31,3.49,0,-0.12,0,2.96,-1.91,18.74,-69.41,-71.85,2.91,-13.09,-68.94,-82.03,,,,,,,,,
3141,6.45,20.89,7.55,0,0.1,0,-0.07,-1.36,23.36,-69.57,-70.36,2.93,-12.66,-67.43,-80.09,,,,,,,,,
3151,4.98,26.54,5.31,0,0.14,0,0.1,-3.53,18.63,-66.78,-71.85,2.94,-14.61,-68.91,-83.51,,,,,,,,,
3161,7.76,27.3,11.14,0,0.16,0,-0.94,-1.09,19.15,-69.32,-71.53,3,-5.84,-68.52,-74.36,,,,,,,,,
3171,3.84,16.12,4.3,0,0.05,0,2.05,-1.18,25.36,-69.32,-71.82,2.92,-18.77,-68.9,-87.67,,,,,,,,,
3181,4.19,24.25,4.61,0,0.16,0,1.09,-0.83,25.53,-70.72,-71.83,2.96,-11.73,-68.87,-80.61,,,,,,,,,
3191,7.07,28.43,8.2,0,0.08,0,-0.46,-1.06,17.97,-69.72,-72.68,2.95,-9.5,-69.74,-79.23,,,,,,,,,
3201,8.81,19.39,4.26,0,0.09,0,2.06,-1.84,22.67,-68.86,-71.14,2.95,-13.42,-68.18,-81.6,,,,,,,,,
3211,5.26,22.62,3.39,0,0.09,0,0.03,-2.19,21.11,-69.26,-70.62,2.94,-18.94,-67.68,-86.63,,,,,,,,,
3221,5.95,15.62,4.4,0,0.24,0,1.74,-1.37,21.25,-69.68,-71.45,2.94,-21.84,-68.51,-90.35,,,,,,,,,
3231,14.16,20.76,7.52,0,0.05,0,-0.7,-0.64,18.7,-71.22,-71.73,2.95,-11.38,-68.77,-80.15,,,,,,,,,
3241,12.85,25.71,2.61,0,0.05,0,-0.43,-3.92,15.87,-67.52,-71.05,2.97,-14.79,-68.08,-82.87,,,,,,,,,
3251,8.63,18.64,5.42,0,0.06,0,1.52,-2.45,23.01,-68.92,-71.94,2.91,-14.08,-69.03,-83.11,,,,,,,,,
3261,7.17,21.48,4.96,0,0.1,0,3.47,-2.36,21.1,-68.22,-71.42,2.9,-12.29,-68.52,-80.81,,,,,,,,,
3271,8.35,18.24,2.92,0,0.11,0,1.95,-3.12,18.87,-67.96,-70.58,2.94,-20.65,-67.64,-88.29,,,,,,,,,
3281,4.89,29.93,5.95,0,0.16,0,-0.23,-4.08,20.74,-68.55,-71.52,2.92,-11.2,-68.6,-79.8,,,,,,,,,
3291,7.05,21.78,5.38,0,0.1,0,-0.85,-1.64,18.98,-69.13,-72.21,2.94,-18.32,-69.27,-87.59,,,,,,,,,
3301,9.11,23.86,5.3,0,0.1,0,-1.08,-1.22,21.42,-70.16,-70.25,2.94,-12.69,-67.31,-80,,,,,,,,,
3311,10.81,24.48,4.91,0,0.16,0,-2.12,-2.23,15.95,-68.44,-71.42,2.97,-16.48,-68.45,-84.93,,,,,,,,,
3321,6.25,26.03,4.89,0,0.07,0,0.15,-0.86,20.55,-70.45,-70.69,2.95,-13.36,-67.74,-81.1,,,,,,,,,
3331,6.41,22.15,5.95,0,0.05,0,1.1,-1.18,20.1,-71.39,-71.14,2.94,-16.81,-68.2,-85.02,,,,,,,,,
3341,7.2,21.49,5.24,0,0.14,0,-0.14,-2.71,17.56,-66.25,-71.91,2.99,-17.47,-68.92,-86.39,,,,,,,,,
3351,8.41,26.19,4.81,0,-0.07,0,-0.67,-2.64,17.64,-68.91,-70.55,2.95,-15.24,-67.6,-82.85,,,,,,,,,
3361,6.67,24.66,4.3,0,0.06,0,-0.87,-0.25,20.09,-69.27,-71.87,2.97,-14.61,-68.9,-83.51,,,,,,,,,
3371,6.43,23.07,5.21,0,0.09,0,-0.01,-1.1,20.9,-69.67,-70.56,2.98,-15.08,-67.59,-82.67,,,,,,,,,
3381,10,16.28,9.76,0,0.18,0,2.43,0.64,22.53,-70.2,-72.52,2.97,-8.37,-69.55,-77.92,,,,,,,,,
3391,4.07,20.65,7.26,0,0.11,0,0.91,-1.98,23.37,-69.01,-71.54,2.93,-14.62,-68.61,-83.23,,,,,,,,,
3401,10.09,23.73,6.57,0,0.05,0,-0.55,-0.86,22.57,-70.89,-71.67,2.93,-9.29,-68.74,-78.03,,,,,,,,,
3411,6.25,19.06,9.58,0,0.1,0,2.03,-3.24,20.1,-68.3,-70.68,2.93,-14.41,-67.74,-82.15,,,,,,,,,
3421,6.36,21.76,5.96,0,0.11,0,-0.36,-1.85,25.92,-71.66,-70.19,2.92,-13.74,-67.27,-81.02,,,,,,,,,
3431,5.81,20.46,7.52,0,0.14,0,0.1,-2.16,21.01,-67.76,-71.69,2.97,-14.9,-68.72,-83.62,,,,,,,,,
3441,7.97,23.29,5.57,0,-0.07,0,2.18,-4.31,19.21,-67.24,-70.87,2.95,-13.39,-67.93,-81.32,,,,,,,,,
3451,8.78,25.92,6.95,0,0.07,0,1.49,-0.63,18.06,-70.45,-72.29,2.95,-9.81,-69.34,-79.16,,,,,,,,,
3461,6.61,18.41,9.65,0,0.13,0,1.38,-2.88,19.36,-66.67,-72.34,2.97,-14.01,-69.37,-83.38,,,,,,,,,
3471,7.94,21.47,5.52,0,0.21,0,-0.32,-0.49,24.68,-71.55,-71.37,2.93,-12.54,-68.43,-80.98,,,,,,,,,
3481,6.96,18.5,8.74,0,0.23,0,1.28,-2.03,22.33,-68.98,-71.51,2.94,-12.98,-68.57,-81.55,,,,,,,,,
3491,4.58,23.81,6.42,0,0.06,0,0.46,-2.1,20.32,-68.47,-70.62,2.97,-14.92,-67.66,-82.58,,,,,,,,,
3501,7.95,21.9,6.64,0,0.29,0,-0.45,-1.97,20.27,-69.34,-72.73,2.94,-14.71,-69.78,-84.49,,,,,,,,,
3511,1.96,20.5,7.51,0,-0.03,0,-1.55,-1.66,20.72,-68.82,-71.83,2.96,-21.36,-68.87,-90.23,,,,,,,,,
3521,9.17,26.15,8.67,0,0.18,0,-1.17,-0.11,21.62,-71.5,-72.7,2.98,-7,-69.73,-76.73,,,,,,,,,
3531,8.98,19.69,5.73,0,0.16,0,0.01,-1.35,18.05,-70.8,-71.01,2.96,-19.53,-68.05,-87.58,,,,,,,,,
3541,8.75,20.35,6.05,0,0.12,0,-0.86,-1.32,18.62,-69.86,-71.94,2.96,-18.13,-68.98,-87.11,,,,,,,,,
3551,6.68,23.35,6.22,0,0.25,0,0.96,-2,22.9,-68.58,-70.45,2.93,-10.22,-67.52,-77.74,,,,,,,,,
3561,6.28,18.37,5.9,0,0.15,0,0.43,-0.84,22.95,-72.21,-70.47,2.94,-18.96,-67.52,-86.48,,,,,,,,,
3571,8.13,20.62,3.01,0,0.03,0,1.72,-1.3,18.28,-67.29,-73,2.98,-16.81,-70.02,-86.82,,,,,,,,,
3581,11.49,16.68,7.97,0,-0.09,0,1.08,-2.12,20.18,-70.16,-70.91,2.91,-14.97,-68,-82.97,,,,,,,,,
3591,11.27,20.77,5.74,0,0.46,0,1.05,-2.58,19.47,-71.3,-71.16,2.94,-15.12,-68.22,-83.34,,,,,,,,,
3601,8.71,20.51,5.31,0,-0.01,0,-0.97,-1.93,19.82,-68.42,-71.18,2.95,-16.98,-68.22,-85.2,,,,,,,,,
3611,6.52,22.27,4.98,0,0.04,0,-0.01,-2.41,21.24,-68.67,-71.95,2.92,-16.04,-69.04,-85.08,,,,,,,,,
3621,13.78,17.73,7.13,0,0.04,0,0.89,-0.67,22.34,-69.23,-71.51,2.96,-7.99,-68.56,-76.55,,,,,,,,,
3631,8.59,31.05,7.41,0,0.01,0,1.43,-2.66,19.43,-69.31,-71.35,2.91,-4.06,-68.44,-72.5,,,,,,,,,
3641,5.79,21.9,6.7,0,0.03,0,1.24,-1.17,22.65,-70.34,-71.95,2.9,-13.21,-69.04,-82.25,,,,,,,,,
3651,9.37,18.39,6.52,0,0.07,0,0.03,-1.57,19.92,-68.59,-72.38,2.95,-15.85,-69.43,-85.28,,,,,,,,,
3661,7.59,20.77,5.64,0,0.41,0,-0.6,-2.33,21.18,-67.89,-71.61,2.96,-15.22,-68.65,-83.87,,,,,,,,,
3671,8.24,26.54,4.66,0,0.11,0,0.95,-1.65,19.01,-70.22,-70.78,2.93,-12.35,-67.85,-80.21,,,,,,,,,
3681,9.43,20.98,6.7,0,0.25,0,0.45,-2.68,18.28,-65.91,-72.88,2.97,-12.5,-69.91,-82.41,,,,,,,,,
3691,6.81,33.83,6.33,0,0.06,0,-1.98,-1.45,18.94,-69.11,-73,2.95,-6.56,-70.05,-76.62,,,,,,,,,
3701,7.61,18.94,6.14,0,0.06,0,0.75,0.01,26.01,-70.51,-71.28,2.93,-11,-68.35,-79.35,,,,,,,,,
3711,10.06,20.54,4.56,0,0.1,0,-0.55,-1.3,16.56,-69.57,-71.74,2.98,-19.61,-68.76,-88.37,,,,,,,,,
3721,8.33,21.78,5.96,0,0.11,0,-0.83,-2.54,16.82,-66.57,-72.31,3,-16.93,-69.31,-86.25,,,,,,,,,
3731,9.86,31.02,4.63,0,0.09,0,-1.28,-0.72,17.59,-69.85,-72.51,2.98,-8.66,-69.54,-78.2,,,,,,,,,
3741,7.7,22.97,4.95,0,0.11,0,0.79,-3.45,18.2,-68.16,-71.29,2.95,-16.89,-68.33,-85.22,,,,,,,,,
3751,7.52,22.9,5.2,0,0.15,0,-0.61,-2.25,17.99,-67.69,-71.63,2.96,-16.79,-68.67,-85.46,,,,,,,,,
3761,11.6,22.98,6.95,0,-0.03,0,-0.18,-1.25,19.17,-71.53,-70.67,2.94,-12.3,-67.74,-80.04,,,,,,,,,
3771,7.32,20.21,7.56,0,0.08,0,1.64,-1.13,22.78,-69.54,-70.76,2.93,-11.08,-67.83,-78.92,,,,,,,,,
3781,8.73,22.7,5.79,0,-0.1,0,0.14,-2.54,21.44,-68.51,-71.92,2.94,-12.36,-68.98,-81.33,,,,,,,,,
3791,7.89,24.88,4.06,0,0.05,0,-1.58,-1.22,19.86,-69.89,-71.15,2.94,-15.94,-68.21,-84.15,,,,,,,,,
3801,8.01,21.91,5.34,0,0.12,0,0.24,-2.66,21.46,-69.73,-70.78,2.97,-15.32,-67.81,-83.13,,,,,,,,,
3811,6.08,20.69,5.06,0,0.2,0,-1.13,-2.37,18.86,-68.41,-71.04,2.95,-21,-68.09,-89.1,,,,,,,,,
3821,11.48,20.4,4.32,0,0.08,0,-1.01,-2.38,15.07,-67.62,-71.62,2.96,-19.67,-68.66,-88.33,,,,,,,,,
3831,7.65,26.01,4.75,0,0.06,0,1.61,-1.58,18,-69.21,-70.89,2.97,-12.72,-67.92,-80.64,,,,,,,,,
3841,5.91,14.37,4.25,0,0.13,0,1.68,-1.35,24,-71.25,-70.28,2.91,-22.26,-67.37,-89.63,,,,,,,,,
3851,8.05,24.99,6.09,0,0.13,0,0.16,-1.87,18.04,-68.54,-72.84,2.96,-12.94,-69.88,-82.83,,,,,,,,,
3861,4.4,20.53,5.76,0,0.35,0,-0.15,-1.39,21.81,-67.64,-72.36,2.93,-16.32,-69.44,-85.75,,,,,,,,,
3871,9.92,26.06,6.21,0,0.11,0,1.98,-2,19.77,-70.8,-71.25,2.95,-8.75,-68.3,-77.05,,,,,,,,,
3881,12.9,15.82,3.56,0,0.03,0,0.54,-0.81,22.04,-70.94,-70.19,2.91,-16.86,-67.28,-84.15,,,,,,,,,
3891,13.31,19.01,3.86,0,0.01,0,0.7,-0.82,18.19,-69.66,-71.19,2.95,-15.42,-68.25,-83.66,,,,,,,,,
3901,9.88,23.19,4.95,0,0.15,0,1.86,-2.05,19.24,-69.22,-72.09,2.96,-12.02,-69.13,-81.15,,,,,,,,,
3911,6.95,14.68,7.23,0,0.25,0,1.02,-1.51,22.73,-71.58,-71.29,2.93,-20.24,-68.36,-88.59,,,,,,,,,
3921,7.42,27.77,6.89,0,0,0,2.17,-2.11,18.18,-67.64,-73.54,2.99,-7.3,-70.55,-77.86,,,,,,,,,
3931,7.52,22.42,6.45,0,0.08,0,-2.06,-0.63,20.56,-68.3,-71.5,2.96,-13.95,-68.54,-82.49,,,,,,,,,
3941,12.62,26.9,4.7,0,0.39,0,0.04,-1.53,18.86,-69.58,-72.53,2.95,-7.6,-69.57,-77.17,,,,,,,,,
3951,5.8,19.73,7.77,0,0.14,0,-1.22,-3.27,21.32,-67.88,-70.29,2.95,-17.61,-67.34,-84.95,,,,,,,,,
3961,9.75,27.63,5.81,0,0.01,0,-1.51,-2.19,18.38,-69.12,-71.5,2.99,-11.24,-68.51,-79.75,,,,,,,,,
3971,12.14,20.99,5.11,0,0.56,0,-1.1,-0.79,21.69,-69.8,-72.77,2.96,-11.21,-69.81,-81.02,,,,,,,,,
3981,5.73,23.7,8.06,0,0.09,0,0.19,-2.29,22.04,-69.32,-70.95,2.93,-11.81,-68.02,-79.84,,,,,,,,,
3991,6.73,22.91,5.31,0,0.17,0,0.24,-1.83,19.96,-69.15,-71.75,2.93,-15.66,-68.82,-84.48,,,,,,,,,
4001,9.49,19.56,3.46,0,0.05,0,0.42,-1.41,22.08,-68.6,-71.86,2.93,-14.94,-68.93,-83.87,,,,,,,,,
4011,8.44,27.13,5.61,0,-0.07,0,-0.65,-1.49,19.5,-69.45,-71.43,2.96,-10.96,-68.47,-79.44,,,,,,,,,
4021,7.93,18.35,6.16,0,0.19,0,0.22,-1.69,19.78,-70.52,-70.31,2.97,-19.57,-67.34,-86.91,,,,,,,,,
4031,6.95,21.81,4.38,0,0.14,0,2.52,-2.81,19.39,-68.09,-71.91,2.97,-15.7,-68.94,-84.64,,,,,,,,,
4041,7.84,27.66,6.58,0,0.13,0,-1.94,-0.43,19.79,-70.95,-71.74,2.96,-11.32,-68.77,-80.09,,,,,,,,,
4051,8.03,27.91,6.72,0,0.16,0,-0.54,-2.85,17.66,-69.32,-71.4,2.95,-12.24,-68.45,-80.69,,,,,,,,,
4061,5.97,19.5,3.69,0,0.01,0,0.32,-2.23,20.54,-66.87,-72.61,2.94,-19.06,-69.66,-88.72,,,,,,,,,
4071,8.09,29.13,7.84,0,0.29,0,0.38,-0.6,18.38,-70.35,-72.22,2.97,-6.85,-69.24,-76.09,,,,,,,,,
4081,9.62,15.94,5.95,0,0.32,0,0.84,-2.53,23.09,-68.03,-71.15,2.93,-14.81,-68.21,-83.03,,,,,,,,,
4091,7.58,20.31,4.99,0,-0.05,0,-2.23,-1.21,21.47,-69.08,-71.66,2.94,-18.23,-68.73,-86.96,,,,,,,,,
4101,3.84,22.84,6.27,0,0.06,0,-0.08,-0.93,21.96,-70.07,-71.06,2.98,-16.1,-68.08,-84.18,,,,,,,,,
4111,3.93,25.58,8.27,0,0.12,0,-0.91,-2.66,22.85,-70.28,-71.2,2.92,-13.1,-68.28,-81.39,,,,,,,,,
4121,4.67,25.55,2.44,0,0.03,0,3.77,-2.74,20.87,-70.5,-70.36,2.92,-15.91,-67.44,-83.35,,,,,,,,,
4131,6.36,19.68,10.12,0,0.07,0,0.31,-1.53,23.92,-70.2,-72.07,2.91,-11.29,-69.17,-80.46,,,,,,,,,
4141,3.42,20.93,5.09,0,-0.04,0,0.24,-3.41,24.52,-68.86,-70.96,2.92,-18.11,-68.04,-86.15,,,,,,,,,
4151,7.2,19.56,6.35,0,0.02,0,-1.01,-2.6,19.13,-68.37,-71.66,2.95,-19.71,-68.71,-88.42,,,,,,,,,
4161,6.02,29.94,11.75,0,0.2,0,-1.62,-1.79,22.22,-68.13,-70.65,2.92,-1.41,-67.74,-69.14,,,,,,,,,
4171,10.26,17.66,3.73,0,0.03,0,-1.02,-0.15,22.33,-70.94,-70.66,2.93,-18.1,-67.73,-85.83,,,,,,,,,
4181,6.58,20.41,3.68,0,0.03,0,-0.05,-0.89,18.92,-68.42,-72.03,2.99,-19.75,-69.04,-88.79,,,,,,,,,
4191,4.12,21.21,6.85,0,0.17,0,-0.39,-2.4,21.23,-69.01,-71.43,2.94,-18.23,-68.49,-86.72,,,,,,,,,
4201,15.21,22.95,9.09,0,0.05,0,2.32,-1.27,17.46,-69.6,-71.77,2.91,-3.8,-68.86,-72.66,,,,,,,,,
4211,9.44,21.36,7.02,0,0.05,0,0.59,-2.91,17.59,-67.26,-71.8,2.95,-14.11,-68.85,-82.96,,,,,,,,,
4221,8.52,15.76,9.95,0,0.18,0,1.75,-1.1,20.66,-70.58,-72.78,2.94,-14.86,-69.84,-84.7,,,,,,,,,
4231,9.28,17.53,5.25,0,0.13,0,-0.29,-1.8,21.24,-69.55,-70.76,2.94,-18.22,-67.82,-86.04,,,,,,,,,
4241,5.26,23.73,4.61,0,0.04,0,-0.36,-2.58,21.53,-70.2,-70.33,2.92,-17.97,-67.41,-85.38,,,,,,,,,
4251,6.4,28.96,5.15,0,0.1,0,1.75,-1.15,19.2,-68.51,-72.3,2.99,-8.09,-69.32,-77.41,,,,,,,,,
4261,6.73,30.45,7.26,0,0.08,0,-2.39,-1.93,18.48,-68.43,-70.4,2.99,-9.75,-67.41,-77.16,,,,,,,,,
4271,5.72,27.87,9.38,0,0.16,0,-1.97,-2.83,20.56,-68.65,-71.73,2.96,-9.77,-68.77,-78.53,,,,,,,,,
4281,10.72,16.92,3.18,0,0.06,0,0.12,-2.39,17.91,-67.05,-71.86,2.97,-20.52,-68.89,-89.41,,,,,,,,,
4291,12.41,25.44,5.47,0,0.17,0,-0.95,-2.01,16.76,-67.7,-72.67,2.96,-10.41,-69.71,-80.11,,,,,,,,,
4301,7.44,22.07,5.27,0,0.06,0,-1.79,-1.18,20.11,-69.89,-72.18,2.94,-17.91,-69.23,-87.15,,,,,,,,,
4311,8.39,25.64,7.39,0,0.19,0,0.1,-1,17.54,-68.8,-72.8,3.01,-10.55,-69.79,-80.34,,,,,,,,,
4321,9,25.54,3.68,0,0.04,0,0.15,-1.69,19.3,-68.9,-71.29,2.95,-12.89,-68.34,-81.23,,,,,,,,,
4331,12.52,22.2,5.03,0,0.06,0,-1.55,-1.44,17.4,-68.43,-71.78,2.94,-14.2,-68.83,-83.04,,,,,,,,,
4341,7.95,23.3,6.55,0,0.18,0,-1.94,-1.83,19.55,-69.49,-70.81,2.94,-15.73,-67.86,-83.59,,,,,,,,,
4351,8.36,29.18,5.06,0,0.03,0,1.84,-1.34,22.51,-69.4,-71.42,2.95,-3.76,-68.48,-72.23,,,,,,,,,
4361,8.02,31.23,5.85,0,0.32,0,0.64,-4.28,19.54,-69.14,-70.28,2.93,-7.82,-67.35,-75.17,,,,,,,,,
4371,7.05,20.7,10.78,0,0.22,0,-1.64,-1.08,20.6,-71.32,-71.22,2.98,-14.71,-68.24,-82.95,,,,,,,,,
4381,14.16,20.14,4.1,0,0.07,0,2.47,-2.66,18.57,-70.21,-69.5,2.92,-13.37,-66.58,-79.95,,,,,,,,,
4391,8.72,20.23,5.04,0,-0.05,0,1.86,0.28,21.92,-72.24,-72.16,2.9,-14.24,-69.26,-83.5,,,,,,,,,
4401,9.1,23.42,7.36,0,0.04,0,-1.44,-2.78,17.03,-68.91,-70.5,2.96,-16.18,-67.54,-83.72,,,,,,,,,
4411,6.42,23.52,5.67,0,0.13,0,-1.45,-1.7,21.08,-69.52,-71.24,2.96,-15.85,-68.28,-84.13,,,,,,,,,
4421,9.54,17.22,6.19,0,0.07,0,1.79,-0.31,20.14,-69.53,-72.19,2.95,-14.89,-69.23,-84.12,,,,,,,,,
4431,10.16,19.76,9.14,0,0.52,0,2.4,-2.9,20.89,-69.25,-70.7,2.96,-9.27,-67.75,-77.02,,,,,,,,,
4441,8.65,18.43,5.43,0,0.12,0,-0.91,-2.47,17.48,-67.62,-72.01,2.96,-20.91,-69.05,-89.95,,,,,,,,,
4451,8.6,22.07,3.4,0,0.08,0,0.04,-1.03,18.74,-69.26,-71.11,2.93,-17.35,-68.18,-85.53,,,,,,,,,
4461,11.88,18.64,5.88,0,0,0,-0.03,-1.04,18.86,-68.8,-71.82,2.98,-14.61,-68.84,-83.45,,,,,,,,,
4471,8.81,22.86,5.15,0,0.05,0,1.73,-2.69,17.44,-67.22,-72.35,2.97,-13.87,-69.39,-83.26,,,,,,,,,
4481,8.72,29.15,7.06,0,0.18,0,1.4,-1.05,17.89,-68.06,-73.17,3,-4.72,-70.17,-74.89,,,,,,,,,
4491,6.03,27.05,7.33,0,0.07,0,-0.58,0.08,20.64,-72.47,-71.48,2.95,-11.83,-68.54,-80.37,,,,,,,,,
4501,8.63,25.52,6.4,0,0.02,0,-2.11,-1.79,17.51,-68.2,-71.52,3.01,-14.02,-68.52,-82.54,,,,,,,,,
4511,7.7,23.28,5.97,0,0.2,0,-1,-1.97,19.65,-67.58,-72.28,2.95,-13.74,-69.33,-83.06,,,,,,,,,
4521,8.62,27.71,4.07,0,0.03,0,1.37,-4.01,19.22,-69.77,-68.67,2.94,-12.76,-65.72,-78.48,,,,,,,,,
4531,6.54,17.73,5.18,0,0.08,0,-0.45,-1.61,20.42,-68,-71.66,2.97,-20.11,-68.69,-88.81,,,,,,,,,
4541,6.46,21.09,6.95,0,0.04,0,-2.17,-1.97,19.54,-68.46,-70.82,2.96,-18.51,-67.86,-86.38,,,,,,,,,
4551,7.15,22.23,7.11,0,0.16,0,-0.1,-0.52,17.18,-69.71,-72.09,3,-16.49,-69.09,-85.58,,,,,,,,,
4561,6.57,25.29,4.39,0,0.2,0,1.71,-0.98,21.49,-71.11,-70.96,2.96,-12.43,-68,-80.44,,,,,,,,,
4571,6.17,22.3,4.26,0,0.12,0,-0.75,-3.41,18.05,-67.99,-71.79,2.99,-21.26,-68.8,-90.06,,,,,,,,,
4581,10.45,18.1,11.02,0,0.3,0,-0.23,-0.9,20.43,-68.43,-72.42,2.96,-9.27,-69.46,-78.74,,,,,,,,,
4591,10.49,15.8,4.4,0,0.28,0,0.56,-2.8,18.62,-67.9,-70.88,2.96,-20.54,-67.92,-88.47,,,,,,,,,
4601,9.7,24.67,8.3,0,0.08,0,-0.54,-2.6,18.83,-68.56,-71.19,2.97,-10.11,-68.22,-78.33,,,,,,,,,
4611,10.77,21.94,5.34,0,0.31,0,-0.76,-0.82,23.17,-69.44,-71.31,2.94,-9.49,-68.37,-77.86,,,,,,,,,
4621,8.14,20.94,4.93,0,0.01,0,-1.82,-1.61,22.97,-69.57,-71.12,2.93,-16.01,-68.19,-84.21,,,,,,,,,
4631,7.33,22.43,7.14,0,0.45,0,-0.22,-1.31,19.92,-69.7,-71.7,2.95,-13.95,-68.75,-82.7,,,,,,,,,
4641,7.26,24.97,5.6,0,0.12,0,-0.79,-2.31,19.59,-67.23,-72.22,2.95,-12.8,-69.28,-82.08,,,,,,,,,
4651,7.4,20.32,11.76,0,0.06,0,-1.4,-1.77,19.41,-68.27,-71.4,2.98,-12.49,-68.42,-80.92,,,,,,,,,
4661,6.44,22.57,8.8,0,-0.11,0,0.3,-1.25,21.38,-68.28,-72.76,2.95,-10.14,-69.81,-79.95,,,,,,,,,
4671,6.59,21.36,5.01,0,0.3,0,-1,-0.55,19.17,-70.16,-71.53,2.98,-19.28,-68.55,-87.83,,,,,,,,,
4681,9.27,24.93,7.21,0,0.19,0,0.65,-2.55,17.56,-66.89,-72.35,2.97,-9.62,-69.38,-79,,,,,,,,,
4691,10.22,30.75,1.45,0,0.02,0,1.58,-2.65,17.13,-69.79,-71.64,2.98,-11.29,-68.66,-79.95,,,,,,,,,
4701,10.39,23.76,5.42,0,0.09,0,-0.32,-2.2,19.93,-68.75,-71.37,2.97,-11.69,-68.4,-80.09,,,,,,,,,
4711,4.97,22.2,6.24,0,0.45,0,1.81,-1.71,21.82,-70.22,-71.19,2.94,-14.44,-68.25,-82.69,,,,,,,,,
4721,7.13,16.3,8.83,0,0.09,0,3.2,-2.66,20.62,-67,-73.06,3,-13.49,-70.07,-83.56,,,,,,,,,
4731,9.31,21.57,6.7,0,0,0,0.63,-3.03,20.77,-69.55,-69.92,2.92,-13.59,-67,-80.59,,,,,,,,,
4741,9.22,28.28,1.62,0,0.19,0,2.62,-4.88,16.73,-68.09,-68.86,2.98,-14.3,-65.88,-80.18,,,,,,,,,
4751,7.57,28.03,3.49,0,0.15,0,0.9,-3.82,18.86,-70.54,-67.98,3.01,-15.37,-64.97,-80.33,,,,,,,,,
4761,9.96,20.27,8.1,0,0.07,0,-1.1,-0.82,19.21,-69.54,-72.32,2.98,-13.86,-69.34,-83.21,,,,,,,,,
4771,6.63,24.84,8.03,0,-0.08,0,1.15,-3.55,19.54,-66.88,-71.07,2.93,-10.32,-68.13,-78.45,,,,,,,,,
4781,7.85,28.83,5.4,0,0.11,0,1.75,-1.36,20.05,-70.37,-70.99,2.97,-7.75,-68.02,-75.77,,,,,,,,,
4791,4.38,19,6.72,0,0.08,0,-1.64,-1.82,21.03,-67.89,-71.12,2.94,-20.14,-68.18,-88.33,,,,,,,,,
4801,11.68,26.58,5.88,0,0.08,0,-0.4,-2.05,19.5,-70.75,-69.98,2.95,-9.48,-67.03,-76.51,,,,,,,,,
4811,7.28,21.12,8.03,0,0.11,0,-0.71,-3.75,16.58,-67.91,-70.18,2.99,-19.26,-67.19,-86.46,,,,,,,,,
4821,9.45,26.91,4.91,0,0.08,0,-2.19,-1.85,16.64,-67.33,-71.77,3.03,-13.38,-68.75,-82.12,,,,,,,,,
4831,4.33,25.41,8.54,0,-0.09,0,-1.07,0.84,22.86,-72.07,-71.69,2.95,-11.24,-68.74,-79.99,,,,,,,,,
4841,8.1,20.54,3.78,0,0.01,0,0.72,-0.43,21.14,-70.17,-71.51,2.94,-16.31,-68.57,-84.88,,,,,,,,,
4851,10.58,24.41,5.89,0,0.01,0,-1.33,-1.17,16.62,-69.96,-71.19,2.96,-14.95,-68.23,-83.17,,,,,,,,,
4861,7.72,21.81,6.21,0,-0.04,0,1.85,-1.12,18.87,-69.28,-71.9,2.94,-13.98,-68.96,-82.94,,,,,,,,,
4871,8.52,19.64,7.19,0,0.44,0,0.17,-3.46,18.17,-67.79,-71.23,2.94,-17.11,-68.3,-85.41,,,,,,,,,
4881,8.07,21.99,7.23,0,0.05,0,-0.89,-1.19,18.54,-68.9,-71.37,2.95,-15.11,-68.42,-83.52,,,,,,,,,
4891,11.84,27.21,6.89,0,0.02,0,0.13,-1.25,20.81,-70,-71.21,2.99,-4.35,-68.22,-72.57,,,,,,,,,
4901,9.15,18.48,6.17,0,-0.01,0,-1.35,-1.48,19,-71.25,-69.65,2.93,-21.3,-66.72,-88.02,,,,,,,,,
4911,11.67,17.72,6.21,0,0.06,0,0.16,-0.25,20.65,-70.71,-73.01,2.94,-14.5,-70.06,-84.56,,,,,,,,,
4921,9.86,17.46,4.12,0,0.01,0,1.41,-1.4,21.39,-68.46,-71.4,2.95,-15.62,-68.46,-84.07,,,,,,,,,
4931,4.42,21.16,4.81,0,0.1,0,1.83,-1.62,20.89,-68.59,-71.58,2.96,-17,-68.62,-85.63,,,,,,,,,
4941,7.19,26.93,6.54,0,0.04,0,-0.65,-2.46,18.84,-68.54,-71.09,2.98,-12.12,-68.11,-80.23,,,,,,,,,
4951,8.18,18.22,5.9,0,0.03,0,-0.92,-1.4,21.72,-69.46,-71.78,2.95,-17.73,-68.83,-86.56,,,,,,,,,
4961,4.83,22.3,5.1,0,-0.02,0,-1.51,-1.79,19.15,-69.61,-71.89,2.98,-21.55,-68.91,-90.46,,,,,,,,,
4971,6.71,31.99,4.38,0,0.02,0,-0.72,-1.32,21.01,-69.23,-71.34,2.96,-7.16,-68.38,-75.54,,,,,,,,,
4981,10.33,19.77,2.69,0,0,0,0.11,-2.07,17.36,-69.1,-72.66,2.95,-20.9,-69.71,-90.61,,,,,,,,,
4991,11.67,22,4.93,0,0.07,0,-1.48,-1.68,17.38,-67.92,-70.95,2.99,-15.04,-67.95,-82.99,,,,,,,,,
5001,8.82,15.86,7.45,0,0.12,0,0.35,-1.43,20.47,-68.65,-72.19,2.96,-17.01,-69.22,-86.24,,,,,,,,,
5011,7.9,14.87,2.54,0,-0.07,0,1.92,-2.28,18.96,-69.96,-70.81,2.92,-26.11,-67.89,-93.99,,,,,,,,,
5021,13.77,25.79,7.34,0,0.1,0,-0.73,-0.41,16.69,-70.23,-73.2,2.97,-7.7,-70.23,-77.92,,,,,,,,,
5031,9.63,20.31,5.98,0,0.03,0,0.71,-1.3,19.28,-69.02,-70.89,2.96,-14.38,-67.93,-82.32,,,,,,,,,
5041,10.6,21.52,11.16,0,0.16,0,-1.03,-1.19,19.74,-71.29,-71.64,2.97,-10.33,-68.67,-79,,,,,,,,,
5051,6.91,17.71,5.33,0,0.07,0,2.35,-0.95,22.77,-70.77,-71.26,2.94,-16.58,-68.33,-84.9,,,,,,,,,
5061,7.96,19.6,9.46,0,0.13,0,-2.25,-1.57,19.95,-69.9,-71.05,2.97,-16.62,-68.09,-84.71,,,,,,,,,
5071,7.8,26.74,8.59,0,0,0,-0.9,0.62,20.96,-71.24,-72.57,2.95,-7.43,-69.62,-77.05,,,,,,,,,
5081,7.68,18.62,4.35,0,0.03,0,1.46,-2.34,21.03,-68.31,-72.01,2.91,-17.49,-69.1,-86.59,,,,,,,,,
5091,9.45,20.51,3.85,0,-0.06,0,0.38,-1.84,18.6,-68.34,-72.75,2.93,-17.44,-69.83,-87.26,,,,,,,,,
5101,4.52,21.98,6.79,0,0.23,0,0.72,-2.06,19.98,-69.06,-71.85,2.96,-16.9,-68.89,-85.78,,,,,,,,,
5111,7.31,22.59,5.94,0,0.04,0,-0.54,-0.31,22.61,-69.07,-71.98,2.95,-11.43,-69.03,-80.47,,,,,,,,,
5121,7.19,18.97,2.68,0,0.12,0,2.8,-3.21,21.52,-69.5,-70.41,2.94,-19.44,-67.47,-86.92,,,,,,,,,
5131,10.59,19.8,6.63,0,-0.1,0,0.64,-0.01,16.39,-69.03,-72.21,2.97,-15.08,-69.24,-84.33,,,,,,,,,
5141,12.08,23.9,6.28,0,0,0,-2.19,-1.48,16.33,-68.53,-71.78,2.96,-13.6,-68.81,-82.42,,,,,,,,,
5151,12.42,24.96,7.83,0,0.07,0,0.54,0.15,20.19,-71.97,-71.87,2.98,-5.81,-68.89,-74.7,,,,,,,,,
5161,9.66,27.78,5.23,0,0.09,0,-1.29,-0.19,20.09,-70.19,-71.81,2.97,-8.81,-68.84,-77.65,,,,,,,,,
5171,6.59,28.45,5.59,0,0.02,0,0.33,-1.53,17.5,-66.98,-72.65,2.98,-10.02,-69.67,-79.7,,,,,,,,,
5181,9.69,22.88,5.4,0,0.18,0,3.34,-1.99,18.88,-71.39,-70.78,2.96,-13.01,-67.82,-80.83,,,,,,,,,
5191,9.98,16.8,6.92,0,0.07,0,0.62,-1.11,18.93,-69.25,-70.98,2.98,-17.04,-68,-85.04,,,,,,,,,
5201,13.07,20.96,7.6,0,0.08,0,1.69,-2.24,20.06,-69.13,-71.14,2.92,-7.91,-68.22,-76.13,,,,,,,,,
5211,7.08,19.2,10.43,0,0.33,0,0.52,-1.39,20.2,-71.03,-70.49,2.96,-14.66,-67.53,-82.19,,,,,,,,,
5221,10.82,24.05,5.09,0,0.09,0,1.03,-2.17,15.75,-67.41,-72.43,2.99,-12.75,-69.44,-82.19,,,,,,,,,
5231,11.82,22.42,7.95,0,0.24,0,2.09,-1.49,19.91,-71.17,-72.16,2.99,-8.22,-69.18,-77.4,,,,,,,,,
5241,5.58,18.7,5.45,0,0.1,0,0.7,-2.17,20.87,-67.99,-72.35,2.95,-18.76,-69.41,-88.16,,,,,,,,,
5251,5.42,25.75,4.96,0,0.09,0,0.64,-2.13,18.04,-69.69,-71.52,2.96,-16.91,-68.55,-85.47,,,,,,,,,
5261,8.91,21.43,7.81,0,0.13,0,3.56,-1.82,20.44,-67.66,-71.98,2.97,-7.21,-69,-76.21,,,,,,,,,
5271,7.89,19.52,7.27,0,0.11,0,2.44,-1.05,21.66,-69.05,-71.81,2.95,-11.21,-68.86,-80.07,,,,,,,,,
5281,7.91,23.24,3.45,0,0.04,0,0.25,-2.61,18.67,-68.97,-71.36,2.94,-18.01,-68.42,-86.44,,,,,,,,,
5291,5.21,20.7,4.83,0,0,0,-0.79,-0.81,22.54,-70.1,-71.53,2.96,-18.42,-68.57,-86.99,,,,,,,,,
5301,11.81,19.94,6.17,0,0.3,0,-0.85,0.21,19.45,-69.69,-73.04,2.97,-12.66,-70.07,-82.73,,,,,,,,,
5311,7.48,22.55,5.48,0,0.13,0,4.16,-1.74,19.58,-68.63,-72.53,2.95,-11,-69.59,-80.59,,,,,,,,,
5321,14.3,23.81,6.59,0,0.09,0,-2.33,-1.93,16.19,-68.28,-71.37,2.98,-11.56,-68.39,-79.95,,,,,,,,,
5331,9.08,19.77,5.53,0,0.22,0,-1.88,0.03,18.75,-70.54,-71.99,2.97,-19.04,-69.02,-88.06,,,,,,,,,
5341,9.83,22.54,7.31,0,0.19,0,0.44,-2.68,20.7,-67.7,-69.57,2.95,-9.37,-66.62,-75.99,,,,,,,,,
5351,6.33,23.7,4.95,0,0.07,0,-1.57,-0.96,20.36,-70.85,-70.82,2.95,-17.98,-67.86,-85.84,,,,,,,,,
5361,15.49,21.31,4.68,0,0.07,0,-0.03,-2.38,18.29,-69.19,-72.37,2.95,-11.76,-69.42,-81.19,,,,,,,,,
5371,5.4,27.09,8.62,0,0.08,0,-0.16,-0.11,22.58,-70.53,-71.95,2.94,-7.03,-69.01,-76.03,,,,,,,,,
5381,9.25,22.1,5.87,0,0.05,0,-0.29,-0.86,16.28,-66.18,-73.83,2.95,-13.77,-70.88,-84.65,,,,,,,,,
5391,5.82,24.82,7.87,0,0.44,0,-1.08,-0.52,19.16,-69.49,-72.12,2.97,-12.97,-69.16,-82.13,,,,,,,,,
5401,8.13,29.86,7.67,0,0,0,-1.93,-1.36,19.16,-67.88,-72.89,2.97,-6.35,-69.93,-76.28,,,,,,,,,
5411,11.14,19.54,6.56,0,0.1,0,1.19,-1.06,19.16,-70.51,-71,2.95,-13.88,-68.05,-81.93,,,,,,,,,
5421,5.98,25.21,2.48,0,0.01,0,0.89,-3.58,20.72,-68.2,-71.22,2.93,-16.49,-68.29,-84.78,,,,,,,,,
5431,9.74,23.94,8.25,0,0.18,0,1.49,-1.79,19.33,-68.81,-71.59,2.98,-7.68,-68.61,-76.29,,,,,,,,,
5441,4.51,20.09,3.87,0,0.09,0,0.6,-0.68,20.95,-69.88,-71.9,2.98,-20.45,-68.92,-89.37,,,,,,,,,
5451,5.94,25.25,5.16,0,-0.07,0,0.95,-4.16,22.62,-68.62,-69.82,2.9,-12.93,-66.92,-79.84,,,,,,,,,
5461,10.51,25.16,8.78,0,0.1,0,-0.13,-1.81,19.34,-70.85,-71.45,2.98,-8.9,-68.47,-77.37,,,,,,,,,
5471,7.41,25.75,3.73,0,0.08,0,0.75,-2.6,21.5,-68.6,-70.58,2.93,-11.97,-67.65,-79.62,,,,,,,,,
5481,12.56,15.95,6.61,0,0.17,0,2.38,-1.86,19.77,-69.13,-71.35,2.94,-13.55,-68.4,-81.96,,,,,,,,,
5491,6.01,25.3,5.92,0,0.08,0,-0.97,-0.62,22.4,-69.83,-71.39,2.97,-11.7,-68.42,-80.12,,,,,,,,,
5501,11.53,27.07,6.43,0,0.05,0,1.41,-0.46,19.11,-70.43,-71.39,2.97,-5.3,-68.42,-73.71,,,,,,,,,
5511,6.66,20.69,3.19,0,0.04,0,2.16,-2.45,19.41,-68.68,-72.1,2.96,-18.98,-69.14,-88.12,,,,,,,,,
5521,6.1,23.26,5.46,0,0,0,-0.07,-1.48,19.1,-68.48,-71.96,2.93,-16.1,-69.03,-85.13,,,,,,,,,
5531,8.07,25.4,4.01,0,0.01,0,-1.06,-1.15,17.7,-69.16,-72.06,2.97,-16.18,-69.09,-85.28,,,,,,,,,
5541,8.54,20.46,6.27,0,0.08,0,-0.02,-0.89,21.82,-69.98,-71.54,2.98,-13.7,-68.57,-82.26,,,,,,,,,
5551,5.59,21.58,6.68,0,0.14,0,-0.8,-0.85,19.85,-68.53,-71.69,2.96,-16.34,-68.73,-85.07,,,,,,,,,
5561,8.4,17.03,6.78,0,0.06,0,1.95,-1.89,19.11,-68.22,-72.39,2.93,-16.76,-69.46,-86.22,,,,,,,,,
5571,6.6,22.56,2.93,0,0.02,0,1.81,-2.07,20.91,-69.68,-71.04,2.94,-16.92,-68.1,-85.02,,,,,,,,,
5581,4.05,31.43,10.12,0,-0.04,0,0.26,-0.16,21.95,-70.23,-72.05,2.93,-2.61,-69.11,-71.72,,,,,,,,,
5591,4.84,17.72,6.55,0,0.13,0,-1.63,-1.99,20.17,-69.97,-71.35,2.96,-24.17,-68.39,-92.56,,,,,,,,,
5601,7.35,23.36,2.99,0,0.16,0,0.93,-2.21,21.66,-69.09,-71.35,2.92,-14.86,-68.43,-83.29,,,,,,,,,
5611,9.03,29.02,5.88,0,0.02,0,-0.04,-2.52,18.1,-67.23,-71.6,2.99,-7.75,-68.61,-76.36,,,,,,,,,
5621,5.85,23.46,7.5,0,0.37,0,-0.45,-2.08,20.39,-69.94,-71.01,2.94,-14.9,-68.07,-82.97,,,,,,,,,
5631,9.28,19.85,9.37,0,0.07,0,-0.46,0.37,19.61,-70.48,-72.63,2.97,-12.39,-69.66,-82.05,,,,,,,,,
5641,7.14,21.46,3.28,0,0.07,0,1.28,-2.2,21.68,-69,-70.82,2.96,-16.28,-67.85,-84.13,,,,,,,,,
5651,13.39,27.4,9.77,0,0.02,0,-0.81,-2.58,16.41,-69.37,-70.53,2.99,-5.78,-67.55,-73.33,,,,,,,,,
5661,11.15,23.15,5.05,0,0.21,0,-0.75,-1.3,19.12,-68.24,-72.17,2.97,-11.62,-69.21,-80.82,,,,,,,,,
5671,6.66,23.59,8.09,0,0.2,0,-0.47,-1.38,17.9,-67.89,-71.93,2.99,-13.31,-68.94,-82.24,,,,,,,,,
5681,10.49,27.53,5.62,0,0.1,0,1.9,-1.34,17.22,-67.66,-72.43,2.99,-6.14,-69.44,-75.58,,,,,,,,,
5691,9.34,24.69,8.01,0,0.1,0,-1.7,-0.68,17.59,-70.5,-71.29,3,-13.15,-68.29,-81.44,,,,,,,,,
5701,5.6,23.15,8.18,0,-0.04,0,0.29,-0.28,20.19,-70.89,-71.65,2.92,-13.8,-68.73,-82.53,,,,,,,,,
5711,7.79,27.44,5.23,0,0.03,0,-1.67,-1.72,16.71,-68.92,-71.74,3.01,-15.1,-68.73,-83.83,,,,,,,,,
5721,8.13,22.9,4.77,0,0.38,0,1.65,-1.17,23.48,-68.84,-72.74,2.95,-8.71,-69.79,-78.5,,,,,,,,,
5731,7.6,27.62,6.66,0,0.48,0,0.74,-2.62,20.36,-68.16,-71.16,2.95,-7.33,-68.21,-75.54,,,,,,,,,
5741,7.35,22.13,7.1,0,0.18,0,0.69,-2.64,20.98,-68.94,-70.64,2.94,-13.15,-67.69,-80.84,,,,,,,,,
5751,6.75,24.04,3.41,0,0.01,0,0.2,-0.65,18.85,-68.89,-72.89,2.99,-16.28,-69.9,-86.18,,,,,,,,,
5761,5.93,22.2,6.86,0,0.04,0,-0.5,-3.58,20.85,-67.77,-69.64,2.93,-15.96,-66.71,-82.67,,,,,,,,,
5771,3.46,19.13,8.41,0,0.15,0,1.4,-2.7,22.97,-68.66,-70.13,2.92,-15.83,-67.21,-83.05,,,,,,,,,
5781,5.76,25.35,3.01,0,0.22,0,0.42,-1.73,20.5,-68.71,-72.76,2.97,-15.19,-69.79,-84.98,,,,,,,,,
5791,5.93,21.05,5.39,0,0.11,0,1.46,-2.65,22.75,-69.91,-69.71,2.92,-15.87,-66.79,-82.66,,,,,,,,,
5801,12.28,26.9,4.23,0,0.05,0,-0.27,-1.52,17.89,-68.6,-71.45,2.93,-9.03,-68.52,-77.55,,,,,,,,,
5811,4.89,28.74,4.8,0,0.05,0,-0.36,-0.63,21.44,-69.82,-72.45,2.96,-10.89,-69.49,-80.38,,,,,,,,,
5821,12.79,22.96,6.21,0,0.03,0,-0.1,-1.15,20.04,-69.58,-70.39,2.95,-8.8,-67.44,-76.24,,,,,,,,,
5831,10.34,21.02,4.29,0,-0.05,0,-0.38,-0.72,18.85,-70.26,-71.8,2.94,-16.91,-68.86,-85.77,,,,,,,,,
5841,7.21,24.71,6.54,0,0.16,0,-1.67,-1.12,18.4,-69.93,-72.72,2.99,-15.71,-69.73,-85.43,,,,,,,,,
5851,5.84,22.36,6.29,0,0.03,0,0.03,-0.68,20.93,-69.42,-70.71,2.96,-14.61,-67.75,-82.37,,,,,,,,,
5861,7.2,18.76,10.07,0,0.05,0,-1.84,0.51,18.27,-69.52,-72.91,2.95,-16.51,-69.96,-86.47,,,,,,,,,
5871,5.32,25.17,8.87,0,0.12,0,-1.95,-1.1,19.89,-67,-73.14,2.95,-10.68,-70.19,-80.87,,,,,,,,,
5881,6.83,23.51,6.67,0,0.04,0,-0.66,-2.02,19.93,-69.87,-70.92,2.97,-15.58,-67.95,-83.53,,,,,,,,,
5891,11.04,17.38,7.96,0,0.1,0,-0.3,-0.27,18.59,-69.97,-71.98,3,-15.48,-68.98,-84.46,,,,,,,,,
5901,6.54,23.11,3.02,0,0,0,-0.14,-2.56,19.41,-66.58,-71.44,2.94,-17.21,-68.5,-85.7,,,,,,,,,
5911,8.73,20.39,6.28,0,0.07,0,-1.71,-1.06,19.42,-68.81,-72.17,2.96,-16.68,-69.21,-85.89,,,,,,,,,
5921,8.66,24.7,7.12,0,0.43,0,1.86,0.69,20.75,-71.11,-72.39,2.99,-6.91,-69.4,-76.31,,,,,,,,,
5931,10.28,24.84,5.73,0,0.04,0,-0.69,-0.46,17.77,-69.13,-71.79,2.97,-11.62,-68.83,-80.45,,,,,,,,,
5941,7.91,20.83,6.36,0,0.03,0,0.06,-2.05,21.07,-69.52,-69.98,2.92,-15.3,-67.06,-82.36,,,,,,,,,
5951,9.44,23.41,4.77,0,0.13,0,0.16,-2.15,18.39,-68.16,-71.75,2.99,-14.02,-68.76,-82.78,,,,,,,,,
5961,4.67,24.73,9.66,0,0.23,0,-0.8,-0.66,21.37,-70.26,-72.78,2.97,-11.05,-69.82,-80.87,,,,,,,,,
5971,11.88,27.05,8.26,0,0.94,0,1.84,-0.45,20.88,-70.2,-71.89,2.97,0.21,-68.91,-68.71,,,,,,,,,
5981,10.05,19.84,3.78,0,0.15,0,1.31,-1.34,20.64,-69.27,-71.5,2.93,-14.84,-68.58,-83.42,,,,,,,,,
5991,7.41,26.17,6.96,0,0.1,0,0.65,-1.46,21.75,-69.33,-71.7,2.97,-7.74,-68.73,-76.47,,,,,,,,,
6001,6.2,22.16,7.45,0,0.42,0,-1.21,-0.72,20.17,-69.68,-72.33,2.98,-15.21,-69.35,-84.56,,,,,,,,,
6011,8.3,23.76,7.26,0,0.17,0,-0.7,-0.63,18.21,-69.74,-72.92,2.96,-13.38,-69.96,-83.34,,,,,,,,,
6021,6.54,23.19,3.28,0,0.24,0,-0.95,-1.53,20,-66.25,-72.17,3.01,-15.49,-69.16,-84.65,,,,,,,,,
6031,6.62,22.84,8.79,0,0.04,0,3.07,-3.35,20.84,-69.23,-69.97,2.93,-10.37,-67.04,-77.41,,,,,,,,,
6041,8.96,27.15,7.67,0,-0.06,0,-1.79,-1.13,17.88,-70.71,-70.15,2.97,-12.02,-67.18,-79.21,,,,,,,,,
6051,9.03,19.99,6.37,0,0.08,0,1.26,-2.93,21.03,-67.67,-71.2,2.94,-12.86,-68.27,-81.12,,,,,,,,,
6061,5.49,19.94,5.89,0,0.03,0,0.09,-1.76,20.05,-69.75,-71.7,2.94,-20.01,-68.75,-88.77,,,,,,,,,
6071,5.49,23.22,5.27,0,0.16,0,-0.19,-2.23,19.35,-68.12,-72.53,2.96,-17.05,-69.57,-86.62,,,,,,,,,
6081,9.18,13.22,7.1,0,0.21,0,-0.71,-0.14,24.38,-70.61,-71.08,2.98,-17.37,-68.1,-85.47,,,,,,,,,
6091,9.6,29.86,4.86,0,0.03,0,1.46,-2.21,19.06,-71.75,-70.49,2.92,-9.09,-67.56,-76.65,,,,,,,,,
6101,4.12,21.08,5.04,0,0.08,0,-0.95,-1.36,21.01,-68.37,-72.61,2.95,-19.35,-69.66,-89.01,,,,,,,,,
6111,6.46,28.01,3.51,0,0.05,0,-0.92,-2.68,19.93,-68.72,-70.53,2.93,-14.35,-67.59,-81.94,,,,,,,,,
6121,12.41,20.86,5.01,0,0,0,0.56,-2.05,17.19,-68.04,-71.75,3,-14.06,-68.76,-82.82,,,,,,,,,
6131,9.05,19.14,6.35,0,0,0,1.17,-3.04,16.44,-69.41,-70.94,2.98,-20.3,-67.97,-88.26,,,,,,,,,
6141,6.18,23.74,7.57,0,-0.03,0,1.32,-1.33,21.01,-69.73,-72.05,2.93,-11.26,-69.12,-80.38,,,,,,,,,
6151,8.91,24.49,7.14,0,0.05,0,0.19,-0.96,19.91,-69.58,-71.7,2.98,-9.85,-68.73,-78.58,,,,,,,,,
6161,15.74,23.18,4.89,0,0.05,0,-0.63,-1.53,18.48,-68.11,-71.31,2.96,-7.92,-68.34,-76.27,,,,,,,,,
6171,8.89,23.02,6.55,0,0.1,0,-1.27,-3.04,17.82,-68.66,-71.7,2.96,-16.59,-68.74,-85.33,,,,,,,,,
6181,6.55,25.47,4.66,0,0.01,0,0.99,-2.18,20.11,-69.5,-70.65,2.93,-13.89,-67.72,-81.6,,,,,,,,,
6191,7.67,21.82,7.6,0,0.2,0,-0.44,-1.35,19.08,-69.99,-71.62,2.97,-15.41,-68.65,-84.06,,,,,,,,,
6201,6.3,25.25,4,0,0.03,0,-0.82,-2.12,18.52,-68.68,-71.82,2.95,-17.54,-68.87,-86.41,,,,,,,,,
6211,13.3,22.86,4.85,0,0.03,0,1.36,-2.76,16.93,-67.94,-70.95,2.98,-11.37,-67.98,-79.35,,,,,,,,,
6221,9.93,28.89,4.65,0,0.02,0,0.45,-1.16,16.77,-69.65,-71.68,3.02,-10.08,-68.66,-78.74,,,,,,,,,
6231,9.9,22.86,7.39,0,0.06,0,1.73,-1.35,18.79,-69.29,-70.62,2.98,-9.93,-67.64,-77.57,,,,,,,,,
6241,11.45,24.49,4.27,0,0.08,0,0.32,-0.56,17.67,-69.39,-72.98,2.98,-11.67,-70,-81.66,,,,,,,,,
6251,5.01,22.07,13.06,0,0.3,0,-1.03,-2.17,19.9,-68.8,-70.49,2.99,-11.66,-67.5,-79.16,,,,,,,,,
6261,8.95,24.8,5.15,0,0,0,2.35,-2.35,18.58,-67.56,-72.61,2.96,-10.08,-69.65,-79.73,,,,,,,,,
6271,7.28,21.62,3.88,0,0.09,0,0.52,-0.72,22.15,-70.2,-71.55,2.95,-15.39,-68.6,-83.99,,,,,,,,,
6281,7.09,23.27,4.35,0,0.04,0,-0.29,-0.5,18.87,-69.9,-71.8,2.97,-17.07,-68.83,-85.9,,,,,,,,,
6291,8.36,28.22,8.76,0,0.32,0,-1.13,-0.58,18.23,-69.51,-72.59,3,-7.33,-69.58,-76.91,,,,,,,,,
6301,7.98,22.97,1.83,0,0.11,0,1.38,-1.4,18.83,-69.9,-71.58,2.98,-18.2,-68.6,-86.8,,,,,,,,,
6311,3.63,22.82,7.76,0,0.1,0,-1.29,-0.55,21.91,-68.77,-72.78,2.95,-14.39,-69.83,-84.22,,,,,,,,,
6321,6.98,24.31,8.14,0,0.42,0,2.3,-2.36,19.54,-69.3,-71.28,2.86,-9.96,-68.42,-78.38,,,,,,,,,
6331,9.3,26.35,6.73,0,0.61,0,-0.82,-2.56,18.18,-69.76,-71.02,2.97,-11.97,-68.05,-80.02,,,,,,,,,
6341,5.67,28.66,5.21,0,0.07,0,0.36,-2.61,18.8,-67.31,-72.77,2.97,-11.14,-69.79,-80.94,,,,,,,,,
6351,11.16,24.62,5.48,0,0.19,0,0.17,0.72,19.44,-71.82,-72.07,2.92,-10.04,-69.15,-79.19,,,,,,,,,
6361,10.08,21.47,8.76,0,0.43,0,-0.22,-1.17,21.79,-71.05,-70.97,2.93,-9.92,-68.04,-77.95,,,,,,,,,
6371,6.1,22.22,7.41,0,0.05,0,-1.11,-1.93,18.53,-67.04,-72.35,2.97,-15.76,-69.38,-85.14,,,,,,,,,
6381,8.47,20.52,6.02,0,0.07,0,-1.96,-1.1,20.46,-71.21,-71.39,2.97,-18.74,-68.43,-87.17,,,,,,,,,
6391,6.3,22,5.42,0,0,0,0.81,-1.32,20.47,-70.75,-71.36,2.94,-17.06,-68.42,-85.48,,,,,,,,,
6401,9.53,23.2,6.86,0,0.06,0,-1.56,-1.06,19.28,-69.85,-71.46,2.96,-13.53,-68.5,-82.03,,,,,,,,,
6411,6.03,21.97,7.82,0,0.13,0,0.44,-1.34,19.7,-68.15,-72.99,2.97,-13.4,-70.02,-83.42,,,,,,,,,
6421,6.67,23.64,3.5,0,0.06,0,-0.77,-2.65,20.11,-68.5,-70.93,2.93,-17.94,-68,-85.94,,,,,,,,,
6431,7.28,22.11,3.26,0,0.06,0,2.21,-1.99,20.84,-67.86,-72.47,2.91,-14.08,-69.56,-83.64,,,,,,,,,
6441,9.39,21.77,4.86,0,0.07,0,-1.34,-1.03,18.84,-68.45,-72.71,2.95,-15.89,-69.76,-85.65,,,,,,,,,
6451,6.24,21.72,6.3,0,0.01,0,0.03,-1.42,20.97,-69.44,-72.08,2.97,-15.59,-69.11,-84.7,,,,,,,,,
6461,4.33,26.04,8.6,0,0.31,0,-1.7,-1.12,21.77,-69.22,-72.95,2.94,-10.99,-70.01,-81,,,,,,,,,
6471,10.22,17.36,10.08,0,0.13,0,-0.48,-0.81,18.53,-69.52,-72.66,2.98,-14.48,-69.68,-84.17,,,,,,,,,
6481,10.69,25.38,6.76,0,0.19,0,0.28,-1.63,20.28,-70.09,-70.79,2.95,-8.12,-67.84,-75.96,,,,,,,,,
6491,6.57,16.38,7.26,0,-0.08,0,1.16,-1.5,21.18,-69.08,-71.53,2.95,-18.12,-68.58,-86.7,,,,,,,,,
6501,7.57,21.44,6.94,0,0.18,0,-0.68,-1.19,22.23,-71.59,-69.83,2.92,-15.09,-66.91,-82,,,,,,,,,
6511,9.96,22.05,6.48,0,0.15,0,1.03,-2.16,18.55,-69.9,-71.79,2.93,-13.85,-68.86,-82.71,,,,,,,,,
6521,6.02,23.76,7.74,0,0.09,0,0.58,-0.92,19.86,-70.39,-71.96,2.97,-13.26,-68.99,-82.25,,,,,,,,,
6531,9.22,25.42,9.23,0,0.04,0,0.83,-2.41,21.45,-67.68,-70.57,2.93,-3.91,-67.64,-71.54,,,,,,,,,
6541,8.3,23.61,7.87,0,0.37,0,-1.41,0.67,17.44,-69.99,-73.53,2.97,-13.13,-70.56,-83.69,,,,,,,,,
6551,4.43,25.99,3.26,0,0.07,0,1.66,-2.23,19.8,-68.26,-71.83,2.94,-15.27,-68.89,-84.16,,,,,,,,,
6561,9.08,18.94,6.96,0,0.03,0,-2.61,0.46,22.69,-72.03,-71.22,2.94,-16.48,-68.27,-84.76,,,,,,,,,
6571,5.44,22.21,8.99,0,0.03,0,-0.86,-1.15,19.37,-68.03,-73.22,2.91,-14,-70.31,-84.31,,,,,,,,,
6581,4.55,28.31,7.21,0,0.11,0,-0.7,0.28,20.04,-71.42,-71.63,2.91,-11.63,-68.73,-80.35,,,,,,,,,
6591,5.51,26.01,6.2,0,0.09,0,-0.53,-1.39,18.37,-68.95,-71.68,2.98,-14.69,-68.7,-83.39,,,,,,,,,
6601,4.18,22.46,3.96,0,0,0,-0.22,-1.77,20.56,-68.37,-72.25,2.93,-19.21,-69.32,-88.52,,,,,,,,,
6611,9.43,21.25,7.06,0,0.16,0,-1.16,-1.48,17.42,-68.33,-72.85,2.99,-15.66,-69.87,-85.53,,,,,,,,,
6621,11.54,28.55,8.67,0,-0.14,0,-0.5,-1.54,18.36,-69.62,-71.58,2.96,-4.68,-68.61,-73.29,,,,,,,,,
6631,5.54,23.63,9,0,0.54,0,1.05,-1.58,17.92,-68.41,-71.98,2.97,-12.3,-69.01,-81.31,,,,,,,,,
6641,4.55,23.9,8.43,0,0.05,0,0.6,0.88,22.48,-69.99,-72.79,2.98,-9.1,-69.81,-78.91,,,,,,,,,
6651,10.13,21.63,8.74,0,0.21,0,0.47,-1.41,18.45,-69.94,-70.54,2.97,-11.72,-67.58,-79.29,,,,,,,,,
6661,5.82,22.67,7.43,0,0.19,0,0.47,-2.32,20.14,-69.39,-71.04,2.94,-14.99,-68.11,-83.1,,,,,,,,,
6671,7.45,23.29,5.35,0,0.1,0,-1.86,-1.89,18.35,-68.71,-72.06,2.96,-17.92,-69.11,-87.03,,,,,,,,,
6681,5.38,25.03,6.29,0,0.17,0,-1.43,-1.55,17.49,-68.5,-71.86,2.97,-17.12,-68.9,-86.02,,,,,,,,,
6691,11.02,22.04,7.19,0,0.22,0,1.37,-2.62,14.78,-67.15,-71.34,3,-13.15,-68.34,-81.49,,,,,,,,,
6701,10.93,18.29,7.17,0,0.29,0,1.95,-2.31,17.2,-66.96,-72.8,2.97,-13.45,-69.84,-83.28,,,,,,,,,
6711,4.74,23.9,6.94,0,0.02,0,-0.54,-1.8,21.8,-70.01,-70.85,2.94,-14.95,-67.91,-82.86,,,,,,,,,
6721,8.98,25.71,6.14,0,-0.09,0,-1.85,-2.1,16.71,-69.67,-70.73,2.96,-16.17,-67.78,-83.95,,,,,,,,,
6731,7.61,31.61,7.5,0,-0.04,0,-1.38,-2.91,16.66,-69.82,-71.44,2.96,-10.77,-68.48,-79.26,,,,,,,,,
6741,8.9,24.05,3.9,0,0.21,0,-0.76,-1.38,17.8,-67.86,-72.17,2.98,-15.13,-69.19,-84.32,,,,,,,,,
6751,6.91,25.56,5.74,0,0.1,0,0.76,-1.87,19.44,-69.89,-70.61,2.93,-13.26,-67.68,-80.93,,,,,,,,,
6761,6.06,21.89,5.66,0,0.31,0,-1.64,0.19,21.7,-71.28,-69.98,2.95,-17.11,-67.03,-84.15,,,,,,,,,
6771,11.3,23.12,4.99,0,-0.02,0,0.27,-1.38,17.02,-69.9,-71.85,2.95,-14.6,-68.9,-83.5,,,,,,,,,
6781,8.86,23.49,3.31,0,0.02,0,0.43,-2.37,20.42,-69.27,-71.52,2.98,-15.1,-68.54,-83.64,,,,,,,,,
6791,10.09,21.29,6.26,0,0.07,0,-0.35,-1.72,18.13,-70.34,-71.82,2.94,-16.56,-68.87,-85.44,,,,,,,,,
6801,5.67,21.31,5.67,0,0.18,0,-0.15,-1.43,18.71,-68.67,-71.52,2.96,-18.71,-68.56,-87.27,,,,,,,,,
6811,11.39,24.18,4.85,0,0.06,0,0.92,-3.6,19.77,-66.58,-71.62,2.97,-9,-68.65,-77.65,,,,,,,,,
6821,5.95,22.19,4.41,0,0.07,0,4.15,-1.94,22.17,-71.28,-70.33,2.9,-14.29,-67.43,-81.72,,,,,,,,,
6831,6.57,14.95,5.97,0,0.09,0,0.61,-2.03,21.92,-70.06,-71.02,2.93,-21.97,-68.09,-90.06,,,,,,,,,
6841,11.11,21.16,5.38,0,0.1,0,-0.71,-2.3,19.05,-68.94,-70.89,2.96,-15.16,-67.93,-83.09,,,,,,,,,
6851,8.75,19.74,8.67,0,0.1,0,-0.24,-0.26,19.22,-69.25,-72.18,2.97,-13.27,-69.21,-82.48,,,,,,,,,
6861,5.1,29.38,4.51,0,0,0,-1.24,-1.87,19.61,-68.64,-71.18,2.96,-13.15,-68.22,-81.37,,,,,,,,,
6871,6.34,21.45,5.52,0,0.29,0,0.82,-2.22,18.5,-69.96,-71.87,2.94,-19.25,-68.92,-88.18,,,,,,,,,
6881,4.96,18.01,4.89,0,0.06,0,6.57,-1.29,25.59,-70.8,-70.76,2.9,-12.01,-67.86,-79.88,,,,,,,,,
6891,3.91,26.01,10.52,0,0.4,0,-1.65,0.37,23.77,-71.28,-72.21,2.94,-7.96,-69.28,-77.23,,,,,,,,,
6901,3.59,23.66,4.94,0,0.05,0,-1.61,-1.77,21.49,-70.07,-71.28,2.95,-19.74,-68.34,-88.07,,,,,,,,,
6911,4.88,23.03,4.85,0,0.03,0,-0.02,-1.62,24.46,-71.23,-70.11,2.92,-15.63,-67.19,-82.82,,,,,,,,,
6921,10.91,19.59,9.55,0,0.1,0,-2.1,0.36,19.58,-71.13,-72.16,2.97,-13.14,-69.19,-82.33,,,,,,,,,
6931,11.26,27.22,7.03,0,0.11,0,-1.38,-2.53,18.01,-67.01,-71.01,2.99,-7.29,-68.02,-75.31,,,,,,,,,
6941,9.12,26.13,4.28,0,0.05,0,-0.71,-1.72,20.03,-69.03,-70.9,2.96,-11.83,-67.94,-79.77,,,,,,,,,
6951,9.51,21.24,7.08,0,0.26,0,-0.48,-2.59,17.08,-69.47,-70.68,2.96,-17.36,-67.73,-85.09,,,,,,,,,
6961,5.84,26.75,3.98,0,0.03,0,-1.23,-0.95,20.51,-69.82,-71.17,2.94,-14.89,-68.23,-83.13,,,,,,,,,
6971,7.18,23.13,4.31,0,0.09,0,-0.08,-0.83,23.69,-72.29,-70.05,2.94,-14.81,-67.11,-81.92,,,,,,,,,
6981,8.32,14.59,5.1,0,0.07,0,-0.08,-0.54,20.95,-70.24,-71.79,2.95,-21.84,-68.84,-90.68,,,,,,,,,
6991,6.18,20.86,5.43,0,-0.02,0,-0.7,-0.91,20.98,-69,-72.09,2.95,-17.18,-69.14,-86.32,,,,,,,,,
7001,6.1,25.33,6.57,0,0.09,0,0.57,-1.19,20.22,-71.38,-71.72,2.94,-13.69,-68.78,-82.47,,,,,,,,,
7011,5.9,20.22,5.7,0,0,0,0.89,-1.29,18.65,-69.37,-72.26,2.96,-19.29,-69.3,-88.59,,,,,,,,,
7021,5.98,22.22,3.8,0,0.08,0,0.64,0.01,23.35,-69.38,-71.81,2.95,-13.3,-68.86,-82.16,,,,,,,,,
7031,9.44,22,6.6,0,0.07,0,-1.47,-1.39,18.42,-69.76,-70.84,2.98,-16.11,-67.86,-83.97,,,,,,,,,
7041,6.33,20.08,11.23,0,-0.02,0,1.04,-1.43,20.26,-69.79,-72.46,2.95,-12.28,-69.51,-81.79,,,,,,,,,
7051,8.41,23.23,3.88,0,0.11,0,-0.06,-1.23,20.83,-68.87,-71.61,2.96,-13.7,-68.65,-82.35,,,,,,,,,
7061,5.77,21.62,5.59,0,0.01,0,0.48,-2.47,21.37,-70.47,-70.24,2.94,-18.11,-67.3,-85.41,,,,,,,,,
7071,8.55,24.33,3.92,0,-0.04,0,-0.5,-1.62,17.41,-67.87,-72.06,2.95,-15.81,-69.11,-84.93,,,,,,,,,
7081,8.44,22.69,10.55,0,0.22,0,-1.16,-1,20.21,-71.11,-72.32,2.94,-11.17,-69.38,-80.54,,,,,,,,,
7091,11.9,23,4.5,0,0.24,0,2.85,-0.6,21.73,-72.64,-70.99,2.91,-9.03,-68.08,-77.11,,,,,,,,,
7101,7.57,23.15,11.16,0,0.46,0,-2.01,-1.03,15.59,-69.26,-73.07,3.01,-14.37,-70.06,-84.42,,,,,,,,,
7111,8.45,21.41,6.54,0,0.17,0,0.68,-1.13,20.54,-69.99,-71.61,2.97,-13.35,-68.64,-81.99,,,,,,,,,
7121,5.84,20.96,8.85,0,0.31,0,0.32,-1.32,21.38,-70.79,-71.59,2.94,-14.45,-68.65,-83.1,,,,,,,,,
7131,9.15,28.75,4.87,0,0.29,0,-0.6,-2.43,19.43,-70,-71.45,2.94,-10.54,-68.51,-79.06,,,,,,,,,
7141,6.39,21.46,8.23,0,0.06,0,0.72,-2.31,21.05,-67.99,-71.75,2.93,-12.39,-68.82,-81.21,,,,,,,,,
7151,11.13,21.61,5.81,0,0.06,0,-0.84,-1.17,16.55,-69.86,-72.14,2.98,-16.7,-69.17,-85.86,,,,,,,,,
7161,9.59,27.12,5.52,0,0.07,0,0.23,-1.97,17.7,-68.8,-71.73,2.97,-10.54,-68.77,-79.31,,,,,,,,,
7171,8.37,27.99,6.93,0,0.17,0,1.12,-3.27,17.75,-67.15,-71.86,2.98,-8.1,-68.88,-76.98,,,,,,,,,
7181,5.83,23.77,3.52,0,0.07,0,0.42,-1.85,21.51,-67.69,-71.26,2.96,-14.41,-68.3,-82.71,,,,,,,,,
7191,6.95,24.33,5.51,0,0.05,0,2.09,-0.73,21.2,-70.64,-71.54,2.93,-11.26,-68.62,-79.87,,,,,,,,,
7201,5.69,18.93,5.5,0,0.02,0,-1.29,-1.22,21.75,-70.14,-71.2,2.92,-20.75,-68.28,-89.03,,,,,,,,,
7211,8.55,21.27,6.38,0,0.02,0,-0.86,-0.3,20.41,-69.68,-71.82,2.91,-14.22,-68.91,-83.12,,,,,,,,,
7221,6.67,19.89,6.48,0,0.1,0,-1.35,-0.95,19.07,-67.96,-71.17,2.96,-18.06,-68.2,-86.26,,,,,,,,,
7231,9.3,29.09,5.56,0,0.11,0,0.93,-3.43,18.09,-67.92,-71.8,3,-8.28,-68.81,-77.09,,,,,,,,,
7241,11.55,23.45,5.33,0,-0.11,0,1.27,-0.01,17.36,-72.27,-71.75,2.94,-13.43,-68.81,-82.25,,,,,,,,,
7251,8.72,24.68,8.08,0,0.24,0,-0.13,-2.38,18.33,-67.75,-72.31,2.98,-10.21,-69.33,-79.54,,,,,,,,,
7261,6.88,26.2,8.56,0,0.12,0,0.24,-3.34,18.46,-66.44,-72.49,2.97,-9.32,-69.53,-78.85,,,,,,,,,
7271,12.81,28.29,6.23,0,0.04,0,-0.92,-1.2,18.97,-68.19,-72.07,2.96,-3.97,-69.11,-73.07,,,,,,,,,
7281,5.14,27.97,4.86,0,0.07,0,-2.54,-1.31,17.28,-68.95,-72.34,3,-17.47,-69.34,-86.81,,,,,,,,,
7291,4.82,19.95,5.57,0,0.1,0,2.73,-1.78,19.96,-70.44,-71.47,2.96,-19.08,-68.51,-87.59,,,,,,,,,
7301,5.17,18.46,7.59,0,0.21,0,0.01,-2.55,23.22,-67.64,-71.08,2.94,-15.53,-68.14,-83.67,,,,,,,,,
7311,5.35,21.91,7.85,0,0.01,0,0.9,-2.28,22.1,-68.21,-71.03,2.92,-12.37,-68.12,-80.48,,,,,,,,,
7321,8.05,27.4,7.57,0,0.23,0,-1.19,-2.21,20.39,-68.79,-70.35,2.97,-8.56,-67.37,-75.94,,,,,,,,,
7331,8.19,23.05,6.81,0,0.03,0,-1.1,-3.15,19.38,-68.8,-70.37,2.94,-15.59,-67.43,-83.02,,,,,,,,,
7341,10.7,16.95,7.04,0,-0.13,0,0.9,-1.33,20.17,-69.71,-71.38,2.9,-15.41,-68.48,-83.89,,,,,,,,,
7351,3.97,20.72,11.22,0,0.26,0,0.39,-0.8,22.12,-69.57,-72.48,2.94,-11.69,-69.54,-81.23,,,,,,,,,
7361,13.13,20.88,8.47,0,0.03,0,-0.84,-2.24,16.22,-67.86,-71.26,2.98,-12.22,-68.28,-80.5,,,,,,,,,
7371,9.37,19.9,8.88,0,0.03,0,-0.02,-3.28,18.55,-68.7,-70.24,2.96,-15.28,-67.28,-82.56,,,,,,,,,
7381,6.33,19.07,7.37,0,0.11,0,-0.21,-1.06,20.95,-68.04,-73.11,2.93,-15.47,-70.19,-85.66,,,,,,,,,
7391,6.32,24.42,7.51,0,0.2,0,-0.64,0.3,22.48,-71.29,-73.67,2.94,-10.7,-70.73,-81.43,,,,,,,,,
7401,8.07,23.8,5.78,0,0.06,0,0.72,-1.96,20.34,-69.98,-72.76,2.92,-13.18,-69.83,-83.02,,,,,,,,,
7411,5.65,20.66,7.19,0,0.14,0,-0.38,-2.31,21.65,-70.62,-70.79,2.93,-18.01,-67.87,-85.88,,,,,,,,,
7421,7.45,19.67,7.9,0,0.05,0,-1.96,0.02,17.57,-70.77,-71.83,3,-20.07,-68.83,-88.9,,,,,,,,,
7431,2.96,21.4,4.79,0,0.17,0,-0.14,-1.71,23.14,-69.16,-71.37,2.95,-18.55,-68.43,-86.98,,,,,,,,,
7441,11.44,21.8,7.15,0,0.17,0,-0.36,-1.43,21.27,-71.74,-71.29,2.91,-11.68,-68.37,-80.05,,,,,,,,,
7451,10.62,21.53,6.61,0,0.11,0,1.98,-1.52,20.9,-69.8,-71.47,2.95,-9.56,-68.52,-78.09,,,,,,,,,
7461,7,28.25,5.16,0,0.04,0,-2.73,-2.3,17.85,-67.09,-71.09,2.98,-13.82,-68.12,-81.93,,,,,,,,,
7471,4.04,21.49,4.08,0,0.02,0,0.17,-3.46,20.2,-67.8,-69.66,2.95,-21.26,-66.71,-87.97,,,,,,,,,
7481,6.82,25.1,3.85,0,0.01,0,-1.27,-1.68,19.66,-68.68,-72.45,2.93,-16.2,-69.53,-85.73,,,,,,,,,
7491,8.68,18.1,10.42,0,-0.02,0,1.35,-1.76,21.76,-71.25,-69.6,2.96,-12.73,-66.64,-79.37,,,,,,,,,
7501,9.38,25.2,7.69,0,0.04,0,0.91,-2.77,20.09,-68.87,-71.69,2.92,-8.33,-68.78,-77.11,,,,,,,,,
7511,5.86,18.32,8.4,0,0.08,0,-0.27,-1.21,21.25,-68.33,-73,2.98,-15.91,-70.02,-85.93,,,,,,,,,
7521,8.2,18.29,7.43,0,0.01,0,-1.16,-1.12,20.18,-70.04,-71.3,2.95,-18.22,-68.35,-86.57,,,,,,,,,
7531,12.36,24.58,6.43,0,-0.08,0,0.56,-4.15,18.27,-69.49,-69.09,2.91,-11.52,-66.18,-77.7,,,,,,,,,
7541,6.26,23.51,4,0,0.01,0,-0.9,-0.12,19.31,-71.61,-71.95,2.95,-19.54,-69,-88.54,,,,,,,,,
7551,9.43,23.13,2.87,0,0.01,0,4.19,-1.22,19.19,-69.72,-71.56,2.94,-12.13,-68.62,-80.74,,,,,,,,,
7561,7.1,22.25,5.46,0,0.08,0,0.63,-1.58,21.94,-71.68,-69.83,2.94,-15.79,-66.89,-82.68,,,,,,,,,
7571,8.62,28.12,4.09,0,0.03,0,0.52,-2.26,23.42,-69.92,-70.34,2.95,-7.38,-67.4,-74.77,,,,,,,,,
7581,10.82,17.24,5.98,0,0.27,0,0.23,-2.02,21.87,-69.54,-71.09,2.94,-15.15,-68.15,-83.3,,,,,,,,,
7591,9.47,16.83,5.19,0,0.02,0,0.79,-1.16,19.01,-68.67,-71.81,2.97,-18.51,-68.85,-87.36,,,,,,,,,
7601,4.68,16.08,4.32,0,0.09,0,-0.08,0.31,22.43,-71.15,-71.88,2.96,-23.32,-68.92,-92.24,,,,,,,,,
7611,9.93,24.43,4.18,0,0.07,0,2.2,-1.54,18.72,-69.66,-70.99,2.97,-11.67,-68.02,-79.69,,,,,,,,,
7621,7.7,20.55,6.89,0,0.23,0,-0.13,-1.75,20.56,-68.82,-72.54,2.94,-14.77,-69.6,-84.37,,,,,,,,,
7631,5.63,19.3,5.47,0,-0.11,0,-0.69,-2.12,18.57,-69.48,-70.5,2.92,-23.42,-67.58,-91,,,,,,,,,
7641,6.09,17.92,10.95,0,0.16,0,1.4,0.01,21.97,-71.92,-72.22,2.89,-13.42,-69.33,-82.76,,,,,,,,,
7651,6.66,23.32,5.53,0,0.18,0,0.6,-1.18,21.44,-69.71,-70.88,2.93,-13.17,-67.95,-81.12,,,,,,,,,
7661,5.33,20.63,6.98,0,0.12,0,-0.99,-0.05,19.29,-70.35,-71.92,2.96,-19.04,-68.96,-87.99,,,,,,,,,
7671,11.91,25.17,5.19,0,0.09,0,-0.42,-1.85,18.84,-72.8,-70.08,2.95,-13.88,-67.12,-81,,,,,,,,,
7681,8.03,21.46,8.83,0,0.25,0,2.38,-2.67,19.8,-68.14,-71.18,2.91,-10.07,-68.27,-78.34,,,,,,,,,
7691,7.02,27.61,4.82,0,0.07,0,-1.84,-0.72,20.11,-70.53,-70.33,2.95,-13.46,-67.37,-80.83,,,,,,,,,
7701,7.45,20.73,4.86,0,0.08,0,0.71,-2.36,21.68,-70.37,-70.2,2.93,-17.22,-67.27,-84.49,,,,,,,,,
7711,6.88,23.17,4.42,0,-0.05,0,0.6,-2.44,18.63,-69.57,-70.75,2.93,-18.37,-67.82,-86.19,,,,,,,,,
7721,5.44,22.81,3.59,0,0.06,0,0.73,-4.21,19.02,-67.46,-70.7,2.97,-20.02,-67.74,-87.76,,,,,,,,,
7731,4.99,22.17,4.08,0,0.05,0,0.95,-2.84,17.51,-68.02,-70.83,2.99,-21.1,-67.83,-88.93,,,,,,,,,
7741,7.23,25.68,5.79,0,0.04,0,0.32,-2.51,20.62,-69.99,-69.39,2.92,-12.82,-66.47,-79.29,,,,,,,,,
7751,9.65,25.89,5.85,0,0.16,0,-2.12,-0.45,18.87,-69.91,-71.67,2.99,-12.07,-68.68,-80.74,,,,,,,,,
7761,7.51,21.71,5.28,0,0.13,0,1.69,-2.07,19.24,-68.85,-70.39,2.97,-15.37,-67.43,-82.79,,,,,,,,,
7771,4.99,18.01,7.52,0,0.14,0,-1.73,-1.3,21.57,-70.48,-71.41,2.95,-21.28,-68.46,-89.74,,,,,,,,,
7781,6.74,23.89,6.89,0,0.05,0,-1.52,-1.83,20.2,-68.81,-71.89,2.93,-14.41,-68.96,-83.37,,,,,,,,,
7791,5.69,21.43,5.17,0,0.03,0,1.55,-3.63,20.49,-68.01,-70.72,2.96,-17.28,-67.77,-85.04,,,,,,,,,
7801,9.55,20.34,3.64,0,0.12,0,0.84,-2.66,18.4,-67.63,-70.57,3,-17.41,-67.57,-84.98,,,,,,,,,
7811,8.89,27.73,4.69,0,0.06,0,-0.89,-1.71,18.44,-68.91,-71.99,2.98,-11.69,-69.01,-80.69,,,,,,,,,
7821,5.75,28.67,4.69,0,0.11,0,-0.01,-1.43,19.79,-68.09,-72.3,2.99,-10.51,-69.31,-79.82,,,,,,,,,
7831,11.32,20.31,6.85,0,0.12,0,-1.75,-0.71,16.53,-68.3,-73.55,2.94,-15.64,-70.61,-86.26,,,,,,,,,
7841,4.19,32.07,3.63,0,0.09,0,1.57,-3.17,21.76,-68.94,-70.49,2.94,-8.8,-67.55,-76.35,,,,,,,,,
7851,11.38,21.64,2.97,0,0.19,0,1.6,-2.71,22.13,-71.3,-69.06,2.95,-14.09,-66.11,-80.21,,,,,,,,,
7861,10.03,22.51,6.75,0,0.14,0,0.05,-2.54,20.7,-69.39,-72.03,2.92,-11.75,-69.1,-80.85,,,,,,,,,
7871,7.84,22.87,4.25,0,0.11,0,-0.35,-2.56,20.71,-69.11,-70.29,2.95,-16.23,-67.34,-83.57,,,,,,,,,
7881,9.85,17.72,5.23,0,0.09,0,0.64,-1.94,21.68,-70.27,-70.05,2.94,-17.01,-67.11,-84.11,,,,,,,,,
7891,7.8,23.21,4.47,0,0.15,0,-1.32,-1.75,19.12,-69.47,-70.34,2.98,-17.79,-67.36,-85.15,,,,,,,,,
7901,8.15,25.6,8.75,0,0.6,0,-1.8,-3.34,17.24,-66.39,-72.28,2.98,-11.18,-69.3,-80.48,,,,,,,,,
7911,8.81,23.8,4.39,0,0.07,0,1.35,-2.11,20.81,-69.72,-70.43,2.97,-12.6,-67.46,-80.05,,,,,,,,,
7921,5.97,19.47,5,0,-0.01,0,-1.29,-1.53,21.47,-69.1,-70.52,2.94,-20.03,-67.59,-87.62,,,,,,,,,
7931,11.15,27.22,7.04,0,0.13,0,-1.2,-0.99,17.27,-68.94,-71.74,2.97,-8.32,-68.77,-77.1,,,,,,,,,
7941,7.25,21.96,6.44,0,-0.02,0,-1.1,-0.56,19.63,-67.47,-72.95,2.98,-13.88,-69.97,-83.85,,,,,,,,,
7951,5.96,17.16,9.85,0,0.07,0,1.8,-2.48,21.81,-68,-70.85,2.94,-13.83,-67.91,-81.74,,,,,,,,,
7961,5.44,23.12,8,0,0.12,0,-2.1,-1.89,19.17,-68.15,-72,2.97,-16.29,-69.03,-85.32,,,,,,,,,
7971,10.5,18.73,6.15,0,0.04,0,-1.18,-1.97,17.65,-68.8,-71.07,2.97,-18.89,-68.09,-86.99,,,,,,,,,
7981,6.91,15.22,3.43,0,0.02,0,2.59,-2,23.81,-70.6,-69.73,2.91,-20.61,-66.82,-87.42,,,,,,,,,
7991,6.42,16.88,7.83,0,0.25,0,3.79,-3.71,20.87,-67.3,-70.88,2.96,-14.97,-67.92,-82.88,,,,,,,,,
8001,10.58,24.64,5.81,0,0.04,0,-1.09,-2.72,15.15,-67.78,-71,3,-15.38,-68,-83.38,,,,,,,,,
8011,5.77,21.89,4.44,0,0.11,0,-0.26,-3.15,21.36,-69.6,-69.72,2.91,-19.45,-66.8,-86.26,,,,,,,,,
8021,8.49,28.21,6.1,0,0.15,0,0.22,-2.78,18.31,-67.87,-70.34,2.99,-9.17,-67.36,-76.52,,,,,,,,,
8031,4.71,29.48,3.76,0,0.21,0,1.22,-4.94,18.77,-67.83,-68.57,2.96,-14.61,-65.61,-80.22,,,,,,,,,
8041,8.25,28.63,9.06,0,0.67,0,-0.22,-4.44,19.29,-68.87,-69.89,2.96,-7.64,-66.92,-74.56,,,,,,,,,
8051,7.93,20.3,5.53,0,0.02,0,3.52,-3.21,20.15,-70.03,-69.79,2.95,-15.79,-66.84,-82.63,,,,,,,,,
8061,5.15,27.03,7.33,0,0.41,0,-0.65,-1.79,19.87,-70.49,-71.24,2.94,-13.14,-68.3,-81.44,,,,,,,,,
8071,5.77,17.7,8.39,0,0.16,0,-1.09,-2.19,18.62,-69.18,-70.05,2.98,-21.82,-67.07,-88.89,,,,,,,,,
8081,8.63,19.54,7.52,0,0.23,0,1.29,-1.97,22.33,-71.38,-70.41,2.94,-13.81,-67.48,-81.29,,,,,,,,,
8091,4.53,24.01,6.01,0,0.06,0,0.46,-2.68,19.62,-66.87,-71.07,2.98,-14.86,-68.09,-82.95,,,,,,,,,
8101,7.81,26.19,7.47,0,0.16,0,-0.98,-1.82,21.74,-69.84,-70.29,2.93,-9.27,-67.36,-76.63,,,,,,,,,
8111,14.69,28.02,4.63,0,0.06,0,-1.08,-1.31,15.96,-70.7,-71.18,2.97,-9.73,-68.2,-77.94,,,,,,,,,
8121,10.22,17.71,7.62,0,0.07,0,-2.28,-2.06,16.67,-68.14,-71.81,3.01,-20.17,-68.8,-88.97,,,,,,,,,
8131,5.97,24.32,6.83,0,0.03,0,-0.93,-1.09,19.87,-70.82,-70.93,2.99,-15.82,-67.94,-83.76,,,,,,,,,
8141,8.85,21.63,7.38,0,0.18,0,-1.88,-1.21,18.46,-69.21,-72.44,2.99,-15.8,-69.45,-85.25,,,,,,,,,
8151,11.34,26.29,4.87,0,0.05,0,0.02,-0.72,20.47,-70.86,-70.69,2.95,-8.53,-67.74,-76.27,,,,,,,,,
8161,10.04,19.3,3.64,0,0.06,0,-0.98,-2.77,18.11,-68.99,-69.51,2.97,-21.58,-66.54,-88.13,,,,,,,,,
8171,7.01,17.06,5.23,0,0.05,0,-0.2,-2.46,24.35,-69.35,-70.6,2.95,-18.31,-67.65,-85.97,,,,,,,,,
8181,7.79,21.53,8.21,0,0.09,0,-1.28,-2.19,21.14,-69.52,-71.38,2.95,-14.23,-68.43,-82.65,,,,,,,,,
8191,8.41,17.77,3.3,0,-0.03,0,1.07,-2.67,17.49,-67.9,-70.34,2.96,-22.55,-67.37,-89.92,,,,,,,,,
8201,7.69,23.07,4.9,0,0.07,0,1.74,-1.48,22.25,-70.04,-71.83,2.92,-11.79,-68.91,-80.7,,,,,,,,,
8211,11.05,23.24,10.18,0,0.21,0,0.58,-0.91,17.2,-67.61,-73.44,2.92,-6.07,-70.52,-76.59,,,,,,,,,
8221,6.02,20.19,6.77,0,-0.07,0,1.25,-0.53,23.35,-71.25,-69.96,2.93,-14.26,-67.03,-81.3,,,,,,,,,
8231,13.1,18.99,6.06,0,0.04,0,0.24,-1.77,17.44,-69.31,-71.09,2.97,-15.21,-68.12,-83.34,,,,,,,,,
8241,6.02,24.56,8.42,0,-0.06,0,-0.56,-0.89,20.29,-70.32,-71.72,2.91,-12.53,-68.81,-81.34,,,,,,,,,
8251,10.95,23.45,6.67,0,0.04,0,1.04,-0.64,18.84,-70.97,-71.89,2.92,-10.62,-68.97,-79.6,,,,,,,,,
8261,4.65,18.75,7.61,0,0.34,0,-1.29,-0.4,20.84,-69.69,-72.76,2.96,-19.22,-69.8,-89.02,,,,,,,,,
8271,11.73,20.9,6.82,0,0.07,0,-0.12,0.48,18.6,-70.07,-72.55,2.93,-11.59,-69.61,-81.21,,,,,,,,,
8281,9.67,27.08,10.59,0,0.22,0,-0.89,-1.63,17.65,-67.44,-73.03,2.96,-4.75,-70.07,-74.82,,,,,,,,,
8291,8.82,22.66,7.74,0,0.32,0,1.11,-0.24,17.09,-68.54,-74.23,2.91,-11.05,-71.32,-82.37,,,,,,,,,
8301,8.99,18.09,6.05,0,0.3,0,0.58,-2.61,20.87,-70.95,-69.86,2.93,-18.68,-66.93,-85.61,,,,,,,,,
8311,5.89,23.5,7.49,0,0.12,0,-1.15,-1.43,21.33,-69.06,-71.27,2.96,-13.31,-68.31,-81.62,,,,,,,,,
8321,5.83,21.91,2.81,0,0.08,0,0.65,-1.13,20.4,-68,-71.85,2.98,-17.45,-68.87,-86.31,,,,,,,,,
8331,8.19,19.69,6.47,0,0.05,0,0.99,-2.23,18.11,-69.15,-70.95,2.97,-17.89,-67.98,-85.87,,,,,,,,,
8341,8.26,20.8,9.32,0,0.16,0,0.36,-0.6,19.3,-68.81,-73,2.98,-11.22,-70.02,-81.24,,,,,,,,,
8351,9.86,22.73,3.76,0,0.02,0,0.44,-1.01,20.38,-69.91,-71.14,2.96,-13.73,-68.17,-81.9,,,,,,,,,
8361,6.61,24.23,7.05,0,0.02,0,-2.14,-2.13,18.88,-68.62,-71.73,2.97,-16.11,-68.76,-84.87,,,,,,,,,
8371,10.86,22.56,6.32,0,0.1,0,-1.07,-1.32,18.42,-68.25,-72.73,2.96,-12.38,-69.76,-82.14,,,,,,,,,
8381,11.09,15.96,5.46,0,0.16,0,-0.05,-1.68,21.11,-70.19,-70.94,2.93,-18.13,-68.01,-86.14,,,,,,,,,
8391,10.53,29.6,5.96,0,0.04,0,-1.34,-2.42,19.03,-69.96,-72.11,2.94,-8.55,-69.17,-77.73,,,,,,,,,
8401,13.66,20.98,7.88,0,0.18,0,-1.21,-1.75,15.42,-68.92,-72.05,2.99,-13.76,-69.05,-82.81,,,,,,,,,
8411,13.52,17.73,4.65,0,-0.03,0,2.59,-2.02,17.85,-70.71,-70.1,2.94,-16.42,-67.16,-83.58,,,,,,,,,
8421,9.9,23.34,3.64,0,0.05,0,-1,-2.04,18.65,-69.05,-71.3,2.98,-16.5,-68.33,-84.82,,,,,,,,,
8431,3.87,24.47,7.65,0,0.18,0,-0.75,-1.1,23.51,-72.82,-69.07,2.91,-14.99,-66.16,-81.15,,,,,,,,,
8441,8.41,22.99,6.95,0,0.12,0,-0.47,-1.58,15.8,-68.57,-72.32,2.97,-16.35,-69.35,-85.7,,,,,,,,,
8451,4.63,16.9,4.48,0,0.03,0,2.47,-2.68,21.42,-68,-70.81,2.93,-20.74,-67.88,-88.62,,,,,,,,,
8461,6.22,20.5,5.87,0,-0.06,0,-0.17,-2.17,20.51,-69.4,-71.26,2.92,-18.7,-68.33,-87.04,,,,,,,,,
8471,6.2,18.86,6.48,0,0.19,0,0.83,-2.68,19.19,-68.2,-71.54,2.94,-19.13,-68.6,-87.73,,,,,,,,,
8481,10.74,19.49,4.9,0,0.07,0,-1.03,0.39,18.26,-70.34,-72.19,2.99,-17.52,-69.2,-86.71,,,,,,,,,
8491,7.13,17.42,6.06,0,0.11,0,-0.49,-1.74,20.23,-68.65,-71.22,2.98,-19.95,-68.23,-88.18,,,,,,,,,
8501,9.06,25.88,4.35,0,0.01,0,-1.53,-1.18,19.43,-68.59,-70.68,2.99,-12.56,-67.69,-80.25,,,,,,,,,
8511,8.38,25.06,7.34,0,0.03,0,-1.05,-0.59,19.93,-71.26,-70.95,2.95,-12.15,-68,-80.15,,,,,,,,,
8521,9.61,20.35,10.31,0,0.52,0,0.47,-2.36,20.95,-71.32,-69.79,2.92,-11.47,-66.87,-78.34,,,,,,,,,
8531,11.72,24.99,7.43,0,0.02,0,-0.96,-2.43,17.42,-68.62,-72.49,2.94,-10.42,-69.55,-79.97,,,,,,,,,
8541,6.95,21.98,6.22,0,0.06,0,0.23,-1.7,21.51,-70.83,-70.92,2.92,-15.59,-68,-83.59,,,,,,,,,
8551,8.04,18.27,4.3,0,0,0,0.53,-1.39,20.46,-69.18,-71,2.91,-18.96,-68.09,-87.05,,,,,,,,,
8561,6.62,25.68,6.47,0,0.05,0,-1.1,-1.43,17.75,-68.12,-71.69,2.96,-14.09,-68.73,-82.83,,,,,,,,,
8571,13.44,21.7,5.27,0,0.04,0,0.42,-1.38,20.4,-69.72,-72.47,2.92,-9.83,-69.55,-79.38,,,,,,,,,
8581,12.83,22.09,6.32,0,0,0,0,-2.08,22.4,-70.11,-70.58,2.92,-8.56,-67.66,-76.21,,,,,,,,,
8591,16.43,19.08,5.21,0,-0.05,0,-1.05,-1.49,17.41,-67.95,-71.64,2.95,-12.4,-68.69,-81.09,,,,,,,,,
8601,9.48,28.45,9.25,0,0.14,0,-0.05,-1.13,21.55,-70.16,-71.72,2.94,-2.46,-68.78,-71.25,,,,,,,,,
8611,11.73,24.31,5.34,0,0.18,0,0.05,-1.86,21.21,-69.59,-71.56,2.91,-8.62,-68.65,-77.27,,,,,,,,,
8621,6.14,26.11,5.26,0,0.01,0,-1.08,-0.35,18.3,-69.48,-72.56,2.97,-15.1,-69.59,-84.7,,,,,,,,,
8631,10.67,16.49,8.21,0,0.06,0,-0.81,-0.45,19.87,-70.52,-71,2.95,-16.48,-68.05,-84.54,,,,,,,,,
8641,8.8,35.3,6.38,0,-0.08,0,1.39,-2.3,20.57,-68.9,-71.53,2.96,1.18,-68.57,-67.39,,,,,,,,,
8651,7.56,24.09,6.9,0,0.13,0,-0.15,-2.03,20.04,-67.39,-72.5,2.97,-10.86,-69.53,-80.39,,,,,,,,,
8661,10.83,21.05,2.15,0,0.1,0,1.51,-1.11,19.71,-69.62,-72.08,2.94,-15.38,-69.14,-84.52,,,,,,,,,
8671,10.78,20.14,2.5,0,0.08,0,0,-1.82,18.81,-70.93,-70.9,2.93,-20.44,-67.97,-88.41,,,,,,,,,
8681,9.9,23.95,6.26,0,0.01,0,0.16,-3.25,17.63,-68.95,-70.41,2.95,-14.29,-67.47,-81.76,,,,,,,,,
8691,9.34,20.27,4.71,0,0.05,0,0.72,-1.23,18.8,-68.65,-70.93,2.93,-16,-67.99,-83.99,,,,,,,,,
8701,9.58,18.7,9.09,0,0.07,0,-0.46,-1.33,19.54,-69.94,-70.64,2.96,-14.75,-67.68,-82.43,,,,,,,,,
8711,6.16,22.14,5.1,0,0,0,-0.84,-2.93,18.09,-67.11,-71.47,2.98,-19.38,-68.5,-87.87,,,,,,,,,
8721,8.45,19.6,6.09,0,-0.09,0,3.73,-1.6,19.57,-68.6,-72.57,2.95,-12.84,-69.62,-82.46,,,,,,,,,
8731,10.36,25.55,3.01,0,0.01,0,-1.42,-2.77,15.51,-68.22,-70.88,2.97,-17.98,-67.91,-85.89,,,,,,,,,
8741,4.97,26.88,3.84,0,0.06,0,-0.13,-2.33,20.92,-68.44,-71.57,2.97,-14.22,-68.6,-82.81,,,,,,,,,
8751,6.67,22.36,5.77,0,0.09,0,0.14,-0.97,25.03,-71.06,-70.52,2.97,-11.98,-67.55,-79.53,,,,,,,,,
8761,9.25,24.15,8.76,0,0.05,0,2.86,-0.57,20.04,-70.06,-72.51,2.96,-5.51,-69.55,-75.06,,,,,,,,,
8771,7.42,32.99,5.08,0,0.19,0,1.53,-3.21,23.55,-68.32,-71.49,2.91,-0.76,-68.58,-69.35,,,,,,,,,
8781,8.02,25.08,4.45,0,0,0,2.71,-1.82,20.71,-67.82,-72.09,2.97,-8.67,-69.12,-77.79,,,,,,,,,
8791,4.53,16.67,6.93,0,0.18,0,0.26,-2.72,19.69,-67.76,-71.2,2.98,-22.22,-68.22,-90.44,,,,,,,,,
8801,7.14,24.95,6.67,0,0.04,0,0.91,-1.3,19.44,-71.26,-71.18,2.92,-13.4,-68.26,-81.66,,,,,,,,,
8811,8.24,17.31,5.78,0,0.09,0,1.93,-1.03,19.94,-71.14,-70.74,2.92,-18.89,-67.82,-86.71,,,,,,,,,
8821,8.21,23.97,4.53,0,0.02,0,0.93,-2.63,20.91,-70.68,-70.52,2.96,-14.73,-67.56,-82.28,,,,,,,,,
8831,10.56,24.48,5.99,0,0,0,3.8,-2.1,21.86,-69.06,-71.53,2.95,-4.48,-68.59,-73.07,,,,,,,,,
8841,6.57,24.85,5.66,0,0.15,0,-0.8,-1.62,20.35,-69.84,-71.23,2.92,-14.68,-68.3,-82.98,,,,,,,,,
8851,5.54,21.64,5.89,0,0.19,0,1.82,-1.34,19.46,-69.15,-72.16,2.98,-15.96,-69.19,-85.14,,,,,,,,,
8861,5.21,24.09,6.7,0,0.09,0,-1.28,-0.31,19.52,-71.04,-72.04,2.94,-17,-69.09,-86.1,,,,,,,,,
8871,9.47,23.26,8.69,0,0.49,0,1.3,-0.96,20.94,-69.95,-71.76,2.96,-6.76,-68.8,-75.56,,,,,,,,,
8881,7.97,25.27,4.13,0,0.12,0,-1.34,-1.97,19.51,-67.27,-71.65,3,-13.59,-68.65,-82.24,,,,,,,,,
8891,12.38,23.9,5.99,0,0.39,0,0.68,-0.59,19.98,-71.46,-71.67,2.95,-8.72,-68.72,-77.45,,,,,,,,,
8901,10.5,22.28,8.17,0,0.07,0,0.18,-0.46,20.72,-69.44,-71.36,2.95,-7.97,-68.42,-76.39,,,,,,,,,
8911,8.21,25.95,7.68,0,0.12,0,-1.3,-1.63,16.36,-68.45,-71.99,2.98,-13.06,-69.01,-82.08,,,,,,,,,
8921,5.85,16.1,7.32,0,0.09,0,-0.84,-0.83,23.6,-70.87,-71.22,2.95,-19.56,-68.27,-87.83,,,,,,,,,
8931,7.44,16.72,6.15,0,0.26,0,0.63,-1.74,20.12,-68.48,-71.32,2.97,-18.9,-68.35,-87.24,,,,,,,,,
8941,9.11,24.3,6.4,0,-0.02,0,0.83,-1.94,21.01,-70.42,-70.99,2.96,-10.73,-68.03,-78.76,,,,,,,,,
8951,9.57,24.11,6.93,0,0.22,0,2.75,-2.14,18.26,-70.27,-70.83,2.92,-10.57,-67.9,-78.48,,,,,,,,,
8961,8.64,22.15,4.77,0,0.02,0,0.17,-0.99,19.97,-70.29,-72.01,2.93,-15.57,-69.09,-84.65,,,,,,,,,
8971,10.38,17.72,7.27,0,0.01,0,1.33,-1.87,20.16,-70.78,-71.69,2.92,-15.78,-68.77,-84.54,,,,,,,,,
8981,12.06,25.34,3.76,0,0.09,0,-1.02,-2.13,15.6,-68.31,-72.71,2.98,-14.62,-69.73,-84.36,,,,,,,,,
8991,5.89,24.25,8.94,0,0.32,0,-0.98,-0.86,21.25,-71.64,-71.47,2.94,-12.83,-68.52,-81.35,,,,,,,,,
9001,7.46,26.8,9.14,0,0.08,0,-2.64,-0.59,19.64,-69.28,-71.85,3,-9.4,-68.85,-78.25,,,,,,,,,
9011,6.14,25.88,6.78,0,0.09,0,-0.81,-0.18,21.99,-71.38,-70.95,2.92,-11.49,-68.03,-79.53,,,,,,,,,
9021,7.68,24.01,6.98,0,0.17,0,0.22,-0.17,20.21,-70.61,-71.66,3,-11.51,-68.65,-80.16,,,,,,,,,
9031,4.16,21.5,5.13,0,0.03,0,-0.4,-0.43,19.15,-69.43,-72.65,2.97,-20.28,-69.67,-89.95,,,,,,,,,
9041,8.11,23.83,4.92,0,0.11,0,-0.59,-1.39,20.32,-71.9,-70.33,2.93,-16.6,-67.39,-83.99,,,,,,,,,
9051,3.73,22.13,6.14,0,0.07,0,5.93,-1.57,23.26,-69.89,-71.38,2.93,-10.19,-68.45,-78.64,,,,,,,,,
9061,3.8,25.8,8.25,0,-0.07,0,-1.34,-1.02,19.51,-69.13,-72.38,2.99,-14.2,-69.39,-83.59,,,,,,,,,
9071,7.74,19.17,4.92,0,0.04,0,0.69,-1.94,19.98,-69.46,-71.79,2.94,-18.86,-68.85,-87.71,,,,,,,,,
9081,8.55,24.99,4.83,0,0.28,0,0.98,-1.41,20.14,-70.84,-70.16,2.92,-12.45,-67.23,-79.69,,,,,,,,,
9091,7.06,23.17,6.17,0,0.09,0,-1.88,-1.83,20.51,-68.41,-71.46,2.95,-15.12,-68.51,-83.63,,,,,,,,,
9101,8.37,19.38,8.81,0,0.51,0,0.34,0.17,18.39,-69.56,-73.21,3,-13.59,-70.21,-83.8,,,,,,,,,
9111,5.01,23.63,4.8,0,0,0,-1.6,-0.98,21.81,-69.85,-71.03,2.96,-17.19,-68.07,-85.26,,,,,,,,,
9121,3.7,24.73,6.66,0,0.21,0,0.39,-2.25,23.77,-69.93,-70.78,2.92,-12.71,-67.86,-80.58,,,,,,,,,
9131,6.95,25.69,7.1,0,0.14,0,-0.42,-0.55,19.99,-70.13,-72.89,2.93,-11.22,-69.96,-81.17,,,,,,,,,
9141,7.38,27.94,6.86,0,0.22,0,-0.15,-0.71,18.41,-67.44,-72.19,2.99,-7.49,-69.2,-76.69,,,,,,,,,
9151,7.49,26.06,6.05,0,0.16,0,0.65,0.58,20.65,-70.41,-72.76,2.98,-8.78,-69.78,-78.56,,,,,,,,,
9161,7.36,29.31,4.75,0,0.07,0,0.49,-1.81,20.6,-70.38,-70.1,2.93,-9.61,-67.16,-76.77,,,,,,,,,
9171,8.67,20.33,6.42,0,0.38,0,0.42,-1.92,21.03,-69.15,-71.41,2.95,-13.82,-68.46,-82.28,,,,,,,,,
9181,4.14,27.46,8.09,0,-0.04,0,1.68,-3.29,22.01,-68.73,-70.45,2.91,-8.68,-67.54,-76.22,,,,,,,,,
9191,9.7,16.06,5.55,0,0.05,0,-1.01,-0.25,21.7,-69.94,-71.2,2.96,-18.15,-68.24,-86.39,,,,,,,,,
9201,12.66,22.3,3.99,0,0.07,0,-1.46,-0.94,18.49,-69.25,-71.59,2.97,-14.12,-68.63,-82.75,,,,,,,,,
9211,5.86,29.19,8.56,0,0.32,0,-0.33,-1.25,19.25,-68.76,-72.33,2.96,-7.16,-69.38,-76.54,,,,,,,,,
9221,10.23,22.82,7.57,0,0.13,0,-1.03,-1.16,17.24,-69.56,-72.59,2.98,-13.76,-69.61,-83.37,,,,,,,,,
9231,10.82,17.14,4.38,0,0.02,0,0.35,-0.44,21.38,-70.87,-71.2,2.91,-17.22,-68.28,-85.5,,,,,,,,,
9241,8.46,30.61,5.42,0,0.1,0,-1.49,-2.42,18.58,-67.71,-72.63,2.97,-8.45,-69.66,-78.11,,,,,,,,,
9251,8.8,22.77,6.99,0,0.03,0,0.63,-1.83,23.29,-68.95,-71.22,2.94,-8.27,-68.28,-76.55,,,,,,,,,
9261,8.77,15.64,6.47,0,0.07,0,-2.14,-1.15,17.91,-68.76,-72.17,2.96,-23.2,-69.21,-92.41,,,,,,,,,
9271,13.02,25.72,6.35,0,0.14,0,-2,-0.82,16.41,-68.03,-72.06,2.96,-9.2,-69.09,-78.3,,,,,,,,,
9281,11.85,20.05,4.96,0,-0.02,0,-1.71,-0.79,17.93,-68.73,-72.12,2.96,-16.46,-69.15,-85.62,,,,,,,,,
9291,8.08,20.72,8.44,0,0.16,0,0.96,-1.17,21.68,-69.31,-72.7,2.9,-10.44,-69.8,-80.25,,,,,,,,,
9301,8.77,23.72,2.84,0,0.08,0,3.01,-1.52,18.36,-68.2,-72.31,2.97,-12.94,-69.34,-82.28,,,,,,,,,
9311,7.98,22.63,6.39,0,0.22,0,-0.09,-1,20.42,-69.21,-71.65,2.95,-12.67,-68.7,-81.37,,,,,,,,,
9321,12.42,19.04,3.88,0,0.13,0,0.36,-1.15,17.16,-69.04,-70.94,3,-17.19,-67.95,-85.14,,,,,,,,,
9331,11.17,24.57,5.99,0,0.09,0,-2.67,-1.07,15.9,-69.02,-70.7,2.99,-15.04,-67.71,-82.75,,,,,,,,,
9341,4.96,22.6,5.31,0,0.12,0,-1.26,-1.72,20.06,-69.01,-70.67,2.98,-18.95,-67.69,-86.64,,,,,,,,,
9351,12,28.13,7.46,0,-0.03,0,0.79,-1.56,18.55,-70.98,-71.29,2.94,-5.63,-68.35,-73.98,,,,,,,,,
9361,5.84,21.83,6.24,0,0.17,0,0.49,0.48,23.1,-71.07,-71.26,2.95,-12.94,-68.31,-81.24,,,,,,,,,
9371,5.66,22.9,5.22,0,0.05,0,-1.64,-1.22,19.73,-70.39,-70.89,2.93,-19.68,-67.97,-87.64,,,,,,,,,
9381,8.6,19.91,8.06,0,0.03,0,-0.37,-1.47,20.88,-70.35,-70.83,2.95,-14.71,-67.88,-82.59,,,,,,,,,
9391,8.09,22.82,4.33,0,-0.01,0,0.02,-3.11,19.72,-70.59,-70.07,2.92,-18.72,-67.15,-85.86,,,,,,,,,
9401,6.92,21.83,7.21,0,0.18,0,-0.11,-2.82,19.41,-67.66,-70.7,2.99,-15.06,-67.71,-82.76,,,,,,,,,
9411,9.49,26.78,6.15,0,-0.06,0,-1.56,-2.23,19.86,-69.9,-70.8,2.93,-11.48,-67.88,-79.36,,,,,,,,,
9421,5.49,21.04,1.93,0,0.17,0,-0.64,-2.72,20.71,-68.25,-71.15,2.95,-22.27,-68.2,-90.47,,,,,,,,,
9431,5.11,16.39,6,0,0.03,0,0.4,-1.07,21.89,-68.88,-72.63,2.9,-20.14,-69.73,-89.88,,,,,,,,,
9441,8.77,19.44,5.93,0,0.14,0,1.35,-2.41,21.46,-68.72,-71.81,2.92,-14.04,-68.89,-82.94,,,,,,,,,
9451,8.39,22.1,7.72,0,0.06,0,-1.51,0.05,21.23,-70.12,-71.56,2.93,-12.08,-68.63,-80.72,,,,,,,,,
9461,11.06,17.05,9.04,0,0.1,0,-0.17,0.02,18.43,-68.39,-72.97,2.99,-12.86,-69.98,-82.84,,,,,,,,,
9471,9.29,23.22,7.44,0,0.05,0,2.39,-2.67,20.46,-68.32,-71.91,2.92,-8.14,-68.99,-77.12,,,,,,,,,
9481,3.35,19.45,2.95,0,0.01,0,2.65,-1.97,23.76,-70.78,-70.74,2.9,-20.59,-67.84,-88.43,,,,,,,,,
9491,7.42,19.1,3.14,0,0.08,0,0.24,-2.26,19.28,-68.64,-71.97,2.94,-21.62,-69.02,-90.64,,,,,,,,,
9501,7.69,21.76,7.9,0,0.15,0,0.39,-3.12,20.52,-68.01,-70.2,2.94,-12.71,-67.26,-79.98,,,,,,,,,
9511,5.43,18.19,4.39,0,0.11,0,1.6,-1.93,20.69,-70.49,-71.34,2.92,-22.01,-68.42,-90.43,,,,,,,,,
9521,11.3,25.13,5.46,0,0.08,0,0.35,-2.75,18.04,-68.7,-70.85,2.97,-11.1,-67.88,-78.98,,,,,,,,,
9531,7.95,22.24,6.79,0,0.25,0,-1.58,-1.7,22.82,-69.74,-71.9,2.94,-12.99,-68.96,-81.95,,,,,,,,,
9541,10.57,19.71,3.55,0,0.11,0,1.08,-0.95,18.38,-70.29,-71.36,2.92,-17.84,-68.44,-86.28,,,,,,,,,
9551,6.96,19.6,7.11,0,0.17,0,2.26,-3.06,19.9,-68.95,-71.17,2.91,-16.01,-68.26,-84.28,,,,,,,,,
9561,10.63,29.98,7.41,0,0.3,0,0.61,-2.03,18.11,-70.09,-71.39,2.96,-5.08,-68.44,-73.52,,,,,,,,,
9571,6.77,17,6.07,0,0.08,0,-0.07,-1.32,19.82,-69.83,-70.91,2.93,-21.47,-67.98,-89.46,,,,,,,,,
9581,12.6,29.32,7.93,0,0.03,0,0.58,-1.41,16.89,-68.77,-72.06,2.98,-2.83,-69.08,-71.91,,,,,,,,,
9591,6.09,21.53,6.85,0,0.05,0,-0.22,-1.45,20.71,-68.89,-72.05,2.96,-15.33,-69.09,-84.42,,,,,,,,,
9601,8.43,22.31,3.3,0,0.02,0,-0.73,-0.78,22.75,-69.91,-70.77,2.94,-14.61,-67.82,-82.43,,,,,,,,,
9611,14.14,22.44,8.37,0,0.07,0,-2.21,-0.63,18.76,-69.89,-70.79,3.02,-8.95,-67.77,-76.72,,,,,,,,,
9621,5.45,24.76,5.56,0,0.07,0,0.84,-2.52,22.32,-68.99,-70.73,2.96,-12.51,-67.76,-80.27,,,,,,,,,
9631,10.91,21.04,6.68,0,0.05,0,0.28,-1.57,18.84,-70.45,-70.77,2.95,-14.23,-67.82,-82.05,,,,,,,,,
9641,7.88,30.76,8.1,0,0.12,0,-1.01,-1.85,18.86,-67.04,-72.02,2.98,-4.18,-69.04,-73.22,,,,,,,,,
9651,8.05,26.46,7.92,0,0.03,0,-0.97,-1.5,20.05,-71.06,-70.4,2.96,-11.01,-67.45,-78.46,,,,,,,,,
9661,10.79,22.24,7.75,0,0.02,0,2.31,-1.68,20.38,-68.75,-73.06,2.94,-6.94,-70.12,-77.05,,,,,,,,,
9671,8.38,26.41,6.32,0,0.06,0,-2.24,-1.24,18.83,-68.39,-72.22,2.98,-11.87,-69.25,-81.12,,,,,,,,,
9681,12.86,26.17,3.99,0,0.09,0,0,-3.16,16.02,-66.44,-70.97,2.99,-10.48,-67.98,-78.46,,,,,,,,,
9691,8.16,25.27,4.87,0,0.15,0,3.38,-1.9,17.87,-68.44,-71.97,2.96,-10.65,-69.01,-79.66,,,,,,,,,
9701,4.54,21.71,5.81,0,-0.02,0,-0.49,-0.67,20.06,-69.8,-72.87,2.95,-18.86,-69.92,-88.78,,,,,,,,,
9711,7.47,25.72,9.71,0,0.26,0,-1.18,-0.71,17.91,-68.44,-72.57,2.99,-9.26,-69.58,-78.84,,,,,,,,,
9721,8.92,21.47,3.91,0,0.07,0,0.57,-1.84,17.28,-67.5,-71.35,3.04,-17.12,-68.31,-85.43,,,,,,,,,
9731,7.6,22.7,10.2,0,0.15,0,0.4,-2.02,19.29,-67.74,-72.38,2.99,-9.43,-69.39,-78.81,,,,,,,,,
9741,8.53,26.1,10.53,0,0.37,0,-0.13,-2.63,19.03,-68.34,-71.29,3.02,-6.53,-68.27,-74.8,,,,,,,,,
9751,10.46,25.76,5,0,0.21,0,0.7,-0.61,20.39,-72.04,-70.43,2.95,-10.12,-67.49,-77.61,,,,,,,,,
9761,12.53,19.17,3.87,0,0.14,0,1.86,-2.17,16.44,-69.28,-70.49,3.01,-17.46,-67.47,-84.93,,,,,,,,,
9771,7.29,15.32,6.38,0,-0.1,0,1.04,-1.09,22.38,-69.84,-71.24,2.95,-18.61,-68.29,-86.91,,,,,,,,,
9781,7.59,22.79,10.22,0,0.08,0,-0.53,-1.9,23.73,-70.74,-70.34,2.96,-8.77,-67.38,-76.15,,,,,,,,,
9791,7.31,26.97,6.2,0,0.05,0,-2.18,-1.63,17.6,-69.57,-71.12,2.97,-15.25,-68.15,-83.4,,,,,,,,,
9801,6.89,18.13,4.99,0,0.03,0,0.81,-2.6,25.87,-71.81,-68.97,2.93,-17.69,-66.04,-83.73,,,,,,,,,
9811,6.65,24.18,5.86,0,0.05,0,1.19,-1.79,23.29,-70.56,-68.99,2.93,-11.15,-66.06,-77.2,,,,,,,,,
9821,9.81,20.6,6.72,0,0.04,0,0.59,-2.2,20.1,-70.27,-70.67,2.94,-14.62,-67.73,-82.34,,,,,,,,,
9831,4.44,26.77,7.37,0,-0.21,0,-1.16,-2.27,21.73,-70.03,-69.96,2.95,-13.36,-67.01,-80.37,,,,,,,,,
9841,6.12,25.71,6.69,0,-0.14,0,-0.8,-3.15,19.42,-70.63,-69.66,2.96,-16.78,-66.71,-83.49,,,,,,,,,
9851,6.12,28.32,6.12,0,0.03,0,-2.45,-4.02,17.86,-67.61,-70.32,2.95,-15.64,-67.37,-83.01,,,,,,,,,
9861,6.74,29.8,6.89,0,0.31,0,-0.31,-1.64,20.27,-69.44,-71.15,2.98,-7.37,-68.17,-75.55,,,,,,,,,
9871,7.8,19.6,6.84,0,0.21,0,-0.3,-1.72,20.56,-70.51,-70.54,2.95,-17.52,-67.59,-85.11,,,,,,,,,
9881,11.11,21.73,2.84,0,0.08,0,1.52,-1.25,18.92,-70.75,-71.26,2.98,-15.8,-68.28,-84.08,,,,,,,,,
9891,7.88,30.06,6.79,0,-0.04,0,0.21,-1.3,20.33,-69.14,-71.81,3.02,-5.21,-68.79,-74,,,,,,,,,
9901,6.31,28.23,6.31,0,0.1,0,-0.28,-2.09,20.55,-70.02,-69.75,2.96,-10.88,-66.78,-77.67,,,,,,,,,
9911,7.37,22.23,5.47,0,0.06,0,-1.53,-2.69,19.56,-67.37,-71.46,3,-16.9,-68.45,-85.35,,,,,,,,,
9921,6.94,22.78,2.9,0,0.03,0,3.26,-2.87,23.74,-69.82,-68.82,2.97,-13.04,-65.86,-78.9,,,,,,,,,
9931,8.02,25.74,8.75,0,0.13,0,-1.12,-3.64,20.05,-68.15,-69.81,2.98,-10.21,-66.82,-77.03,,,,,,,,,
9941,5.96,21.42,9.03,0,0.29,0,-0.89,-2.55,21.65,-69.97,-70.87,2.96,-15.05,-67.91,-82.96,,,,,,,,,
9951,10.19,16.83,7.85,0,0.28,0,0.01,-3.49,19.62,-69.06,-69.23,2.94,-17.78,-66.29,-84.06,,,,,,,,,
9961,3.79,21.17,4.66,0,0.07,0,1.5,-0.49,23.61,-71.26,-70.99,3.01,-16.95,-67.98,-84.93,,,,,,,,,
9971,12.21,21.63,4.19,0,0.03,0,2.6,-2.63,21.44,-68.54,-68.85,2.99,-9.07,-65.85,-74.93,,,,,,,,,
9981,4.73,23.58,4.38,0,0.04,0,0.63,-2.2,22.06,-68.68,-70.07,3.01,-15.45,-67.06,-82.51,,,,,,,,,
9991,6.22,27.22,3.89,0,0.07,0,-1.08,-1.67,17.49,-67.98,-72.12,3.02,-15.84,-69.09,-84.94,,,,,,,,,
10001,11.59,25.35,5,0,0.02,0,1.95,-2.66,19.89,-68.96,-71.28,2.97,-7.81,-68.31,-76.11,,,,,,,,,
,,,,,,,,,,,,,,,,,,,,,,,,
Delta Energy Terms,,,,,,,,,,,,,,,,,,,,,,,,
Frame #,BOND,ANGLE,DIHED,UB,IMP,CMAP,VDWAALS,EEL,1-4 VDW,1-4 EEL,EGB,ESURF,GGAS,GSOLV,TOTAL,,,,,,,,,
1,0,0,0,0,0,0,-35.55,-256.12,0,0,282.65,-4.93,-291.68,277.72,-13.95,,VDWAALS,,EEL,,GSOLV,,GBIND,
11,0,0,0,0,0,0,-37.55,-227.23,0,0,251.26,-4.72,-264.78,246.55,-18.23,,AVG,STDEV,AVG,STDEV,AVG,STDEV,AVG,STDEV
21,0,0,0,0,0,0,-41.61,-236.62,0,0,259.5,-5.23,-278.23,254.27,-23.97,,-14.51703297,16.83331744,-126.0365235,107.3949499,131.4781419,113.5938809,-9.076293706,10.58197898
31,0,0,0,0,0,0,-35.56,-231.03,0,0,252.55,-4.9,-266.59,247.65,-18.94,,,,,,,,,
41,0,0,0,0,0,0,-32.41,-248.72,0,0,263.07,-4.87,-281.13,258.2,-22.93,,,,,,,,,
51,0,0,0,0,0,0,-33.38,-222.3,0,0,243.58,-4.82,-255.68,238.76,-16.92,,,,,,,,,
61,0,0,0,0,0,0,-39.45,-227.22,0,0,250.97,-5.01,-266.66,245.96,-20.71,,,,,,,,,
71,0,0,0,0,0,0,-37.84,-231.6,0,0,257.43,-4.93,-269.45,252.5,-16.94,,,,,,,,,
81,0,0,0,0,0,0,-40.4,-229.99,0,0,255.92,-5.19,-270.39,250.74,-19.65,,,,,,,,,
91,0,0,0,0,0,0,-36.82,-233.09,0,0,256.61,-4.96,-269.91,251.65,-18.26,,,,,,,,,
101,0,0,0,0,0,0,-39.12,-238.17,0,0,260.77,-4.94,-277.29,255.83,-21.46,,,,,,,,,
111,0,0,0,0,0,0,-38.06,-235.04,0,0,260.6,-5.02,-273.1,255.58,-17.52,,,,,,,,,
121,0,0,0,0,0,0,-37.57,-240.48,0,0,262.64,-4.92,-278.05,257.72,-20.33,,,,,,,,,
131,0,0,0,0,0,0,-37.09,-229.49,0,0,251.93,-4.78,-266.58,247.15,-19.42,,,,,,,,,
141,0,0,0,0,0,0,-38.24,-215.24,0,0,237.24,-4.95,-253.49,232.29,-21.2,,,,,,,,,
151,0,0,0,0,0,0,-38.32,-245.23,0,0,268.39,-4.97,-283.55,263.42,-20.13,,,,,,,,,
161,0,0,0,0,0,0,-37.34,-224.09,0,0,247.24,-5.03,-261.43,242.21,-19.22,,,,,,,,,
171,0,0,0,0,0,0,-38.13,-238.21,0,0,260.73,-4.89,-276.34,255.84,-20.5,,,,,,,,,
181,0,0,0,0,0,0,-39.57,-232.41,0,0,257.92,-4.86,-271.98,253.05,-18.92,,,,,,,,,
191,0,0,0,0,0,0,-40.93,-231.28,0,0,254.6,-4.95,-272.21,249.65,-22.56,,,,,,,,,
201,0,0,0,0,0,0,-41.9,-230.15,0,0,253.41,-5.17,-272.05,248.24,-23.81,,,,,,,,,
211,0,0,0,0,0,0,-36.68,-231.75,0,0,252.62,-4.74,-268.43,247.88,-20.55,,,,,,,,,
221,0,0,0,0,0,0,-39.67,-232.18,0,0,255.42,-5.02,-271.85,250.4,-21.45,,,,,,,,,
231,0,0,0,0,0,0,-39.82,-237.27,0,0,259.74,-4.91,-277.09,254.82,-22.26,,,,,,,,,
241,0,0,0,0,0,0,-35.05,-237.42,0,0,258.52,-4.74,-272.48,253.78,-18.69,,,,,,,,,
251,0,0,0,0,0,0,-33.46,-238.5,0,0,262.66,-4.91,-271.96,257.75,-14.21,,,,,,,,,
261,0,0,0,0,0,0,-39.45,-221.88,0,0,244.5,-5,-261.33,239.51,-21.83,,,,,,,,,
271,0,0,0,0,0,0,-40.36,-230.19,0,0,253.33,-4.9,-270.55,248.42,-22.13,,,,,,,,,
281,0,0,0,0,0,0,-36.91,-240.22,0,0,262.97,-4.8,-277.13,258.17,-18.95,,,,,,,,,
291,0,0,0,0,0,0,-36.7,-242.41,0,0,264.5,-4.97,-279.11,259.53,-19.58,,,,,,,,,
301,0,0,0,0,0,0,-38.78,-230.56,0,0,252.97,-4.97,-269.34,247.99,-21.35,,,,,,,,,
311,0,0,0,0,0,0,-39.47,-246.86,0,0,270.46,-5.12,-286.33,265.34,-20.99,,,,,,,,,
321,0,0,0,0,0,0,-39.51,-242.55,0,0,264.9,-4.77,-282.06,260.12,-21.93,,,,,,,,,
331,0,0,0,0,0,0,-37.65,-238.32,0,0,259.15,-4.76,-275.97,254.38,-21.59,,,,,,,,,
341,0,0,0,0,0,0,-38.26,-234.13,0,0,257.79,-5.06,-272.4,252.73,-19.67,,,,,,,,,
351,0,0,0,0,0,0,-37.94,-233.56,0,0,256.16,-4.85,-271.5,251.31,-20.19,,,,,,,,,
361,0,0,0,0,0,0,-39.46,-247.22,0,0,268.26,-4.8,-286.69,263.46,-23.22,,,,,,,,,
371,0,0,0,0,0,0,-37.51,-236.29,0,0,258.28,-4.87,-273.8,253.41,-20.4,,,,,,,,,
381,0,0,0,0,0,0,-34.42,-232.46,0,0,253.52,-4.62,-266.88,248.9,-17.98,,,,,,,,,
391,0,0,0,0,0,0,-36.26,-227.15,0,0,249.53,-4.96,-263.42,244.57,-18.84,,,,,,,,,
401,0,0,0,0,0,0,-35.1,-234.87,0,0,258.29,-5.05,-269.97,253.24,-16.73,,,,,,,,,
411,0,0,0,0,0,0,-34.22,-237.16,0,0,260.03,-5.08,-271.38,254.95,-16.43,,,,,,,,,
421,0,0,0,0,0,0,-38.4,-242.92,0,0,267.2,-5.04,-281.32,262.16,-19.17,,,,,,,,,
431,0,0,0,0,0,0,-39.16,-228.16,0,0,251.82,-4.91,-267.32,246.91,-20.41,,,,,,,,,
441,0,0,0,0,0,0,-39.23,-246.73,0,0,271.17,-5.12,-285.96,266.05,-19.91,,,,,,,,,
451,0,0,0,0,0,0,-39.47,-236.39,0,0,260.52,-5.04,-275.86,255.48,-20.38,,,,,,,,,
461,0,0,0,0,0,0,-34.26,-240.66,0,0,262.17,-4.98,-274.92,257.19,-17.73,,,,,,,,,
471,0,0,0,0,0,0,-37.85,-236.85,0,0,258.76,-4.9,-274.7,253.85,-20.85,,,,,,,,,
481,0,0,0,0,0,0,-39.23,-241.57,0,0,264.31,-5.04,-280.81,259.27,-21.54,,,,,,,,,
491,0,0,0,0,0,0,-37.78,-235.66,0,0,258.85,-5.11,-273.44,253.74,-19.7,,,,,,,,,
501,0,0,0,0,0,0,-38.3,-220.62,0,0,242.56,-4.83,-258.92,237.72,-21.2,,,,,,,,,
511,0,0,0,0,0,0,-40.25,-227.96,0,0,252,-5.08,-268.21,246.92,-21.29,,,,,,,,,
521,0,0,0,0,0,0,-37.79,-236.08,0,0,256.61,-4.75,-273.88,251.85,-22.02,,,,,,,,,
531,0,0,0,0,0,0,-35.55,-233.77,0,0,254.81,-4.73,-269.32,250.09,-19.23,,,,,,,,,
541,0,0,0,0,0,0,-37.18,-236.82,0,0,258.05,-4.91,-274,253.14,-20.86,,,,,,,,,
551,0,0,0,0,0,0,-41.11,-228.7,0,0,252.03,-5.02,-269.81,247.01,-22.81,,,,,,,,,
561,0,0,0,0,0,0,-33.93,-236.45,0,0,256.3,-4.36,-270.39,251.94,-18.45,,,,,,,,,
571,0,0,0,0,0,0,-33.9,-232.08,0,0,251.21,-4.41,-265.98,246.81,-19.17,,,,,,,,,
581,0,0,0,0,0,0,-36.11,-231.09,0,0,252.19,-4.56,-267.2,247.64,-19.56,,,,,,,,,
591,0,0,0,0,0,0,-36.36,-233.01,0,0,253.17,-4.7,-269.37,248.47,-20.9,,,,,,,,,
601,0,0,0,0,0,0,-37.14,-219.34,0,0,240.27,-4.88,-256.48,235.4,-21.08,,,,,,,,,
611,0,0,0,0,0,0,-39.52,-238.31,0,0,262.18,-5.14,-277.83,257.04,-20.78,,,,,,,,,
621,0,0,0,0,0,0,-36.01,-234.79,0,0,257.02,-5.07,-270.8,251.95,-18.85,,,,,,,,,
631,0,0,0,0,0,0,-34.09,-240.24,0,0,261.55,-4.76,-274.33,256.79,-17.54,,,,,,,,,
641,0,0,0,0,0,0,-39.1,-234.27,0,0,255.78,-4.85,-273.37,250.93,-22.44,,,,,,,,,
651,0,0,0,0,0,0,-37.32,-228.25,0,0,248.46,-4.71,-265.57,243.76,-21.81,,,,,,,,,
661,0,0,0,0,0,0,-38.29,-219.92,0,0,241.61,-4.91,-258.22,236.7,-21.51,,,,,,,,,
671,0,0,0,0,0,0,-34.58,-235.95,0,0,257.68,-4.76,-270.53,252.91,-17.62,,,,,,,,,
681,0,0,0,0,0,0,-32,-239.81,0,0,257.19,-4.68,-271.81,252.51,-19.3,,,,,,,,,
691,0,0,0,0,0,0,-35.37,-245.07,0,0,265.96,-4.62,-280.45,261.34,-19.11,,,,,,,,,
701,0,0,0,0,0,0,-34.13,-233.93,0,0,257.39,-4.62,-268.06,252.76,-15.3,,,,,,,,,
711,0,0,0,0,0,0,-37.72,-241.78,0,0,264.72,-4.95,-279.5,259.77,-19.73,,,,,,,,,
721,0,0,0,0,0,0,-36.39,-237.27,0,0,258.14,-4.77,-273.67,253.37,-20.3,,,,,,,,,
731,0,0,0,0,0,0,-36.45,-232.61,0,0,254.12,-4.94,-269.06,249.18,-19.88,,,,,,,,,
741,0,0,0,0,0,0,-35.66,-232.73,0,0,256.02,-4.87,-268.39,251.15,-17.24,,,,,,,,,
751,0,0,0,0,0,0,-32.45,-229.87,0,0,249.44,-4.49,-262.32,244.94,-17.37,,,,,,,,,
761,0,0,0,0,0,0,-26.57,-250.8,0,0,262.48,-4.78,-277.37,257.69,-19.67,,,,,,,,,
771,0,0,0,0,0,0,-30.36,-256.48,0,0,266.98,-4.82,-286.84,262.17,-24.67,,,,,,,,,
781,0,0,0,0,0,0,-32.3,-268.68,0,0,274.5,-5.03,-300.98,269.48,-31.5,,,,,,,,,
791,0,0,0,0,0,0,-34.27,-245.32,0,0,263.71,-4.74,-279.59,258.98,-20.62,,,,,,,,,
801,0,0,0,0,0,0,-31.31,-257.04,0,0,268.48,-4.43,-288.35,264.05,-24.3,,,,,,,,,
811,0,0,0,0,0,0,-31.13,-268.5,0,0,276.06,-4.84,-299.63,271.22,-28.42,,,,,,,,,
821,0,0,0,0,0,0,-31,-253.98,0,0,261.53,-4.83,-284.98,256.7,-28.28,,,,,,,,,
831,0,0,0,0,0,0,-30.83,-245.34,0,0,259.12,-4.7,-276.17,254.42,-21.75,,,,,,,,,
841,0,0,0,0,0,0,-24.25,-266,0,0,268.43,-4.9,-290.25,263.52,-26.73,,,,,,,,,
851,0,0,0,0,0,0,-32.3,-264.79,0,0,273.54,-4.99,-297.09,268.55,-28.54,,,,,,,,,
861,0,0,0,0,0,0,-31.37,-265.27,0,0,278.55,-4.65,-296.64,273.9,-22.74,,,,,,,,,
871,0,0,0,0,0,0,-32.83,-254.21,0,0,262.43,-5.03,-287.04,257.4,-29.64,,,,,,,,,
881,0,0,0,0,0,0,-37.53,-259.44,0,0,271.68,-5.18,-296.97,266.49,-30.47,,,,,,,,,
891,0,0,0,0,0,0,-33.55,-231.45,0,0,247.33,-4.89,-265.01,242.44,-22.57,,,,,,,,,
901,0,0,0,0,0,0,-27.52,-277.28,0,0,283.29,-4.75,-304.8,278.54,-26.26,,,,,,,,,
911,0,0,0,0,0,0,-36.44,-257.53,0,0,269.92,-4.89,-293.97,265.03,-28.94,,,,,,,,,
921,0,0,0,0,0,0,-30.34,-268.39,0,0,276.51,-4.81,-298.73,271.7,-27.03,,,,,,,,,
931,0,0,0,0,0,0,-30.21,-265.96,0,0,275.77,-4.65,-296.17,271.12,-25.05,,,,,,,,,
941,0,0,0,0,0,0,-34.19,-259.36,0,0,269.04,-4.81,-293.54,264.24,-29.31,,,,,,,,,
951,0,0,0,0,0,0,-30.95,-260.73,0,0,272.08,-4.85,-291.67,267.23,-24.44,,,,,,,,,
961,0,0,0,0,0,0,-35.01,-250.83,0,0,268.42,-5.02,-285.83,263.4,-22.43,,,,,,,,,
971,0,0,0,0,0,0,-36.75,-250.12,0,0,266.58,-4.78,-286.86,261.79,-25.07,,,,,,,,,
981,0,0,0,0,0,0,-33.83,-242.48,0,0,259.61,-4.74,-276.31,254.87,-21.43,,,,,,,,,
991,0,0,0,0,0,0,-32.99,-252.01,0,0,270.38,-4.82,-285,265.56,-19.44,,,,,,,,,
1001,0,0,0,0,0,0,-30.98,-244.96,0,0,263.62,-4.93,-275.94,258.68,-17.26,,,,,,,,,
1011,0,0,0,0,0,0,-34.42,-243.5,0,0,263.64,-4.78,-277.92,258.87,-19.05,,,,,,,,,
1021,0,0,0,0,0,0,-33.04,-250.58,0,0,266.55,-4.47,-283.61,262.09,-21.52,,,,,,,,,
1031,0,0,0,0,0,0,-35.67,-250.29,0,0,269.25,-5.05,-285.96,264.2,-21.76,,,,,,,,,
1041,0,0,0,0,0,0,-33.06,-245.84,0,0,262.91,-4.96,-278.91,257.95,-20.96,,,,,,,,,
1051,0,0,0,0,0,0,-36.61,-249.7,0,0,266.46,-4.82,-286.31,261.63,-24.67,,,,,,,,,
1061,0,0,0,0,0,0,-34.18,-249.32,0,0,263.58,-4.86,-283.5,258.72,-24.79,,,,,,,,,
1071,0,0,0,0,0,0,-34.06,-262.45,0,0,279.47,-4.7,-296.5,274.77,-21.73,,,,,,,,,
1081,0,0,0,0,0,0,-36.4,-245.49,0,0,261.67,-5.02,-281.89,256.65,-25.24,,,,,,,,,
1091,0,0,0,0,0,0,-33.26,-245.78,0,0,261.41,-4.71,-279.04,256.7,-22.34,,,,,,,,,
1101,0,0,0,0,0,0,-35.49,-247.95,0,0,266.81,-4.95,-283.45,261.86,-21.59,,,,,,,,,
1111,0,0,0,0,0,0,-36.73,-245.62,0,0,261.67,-4.84,-282.35,256.83,-25.52,,,,,,,,,
1121,0,0,0,0,0,0,-37.47,-240.06,0,0,259.89,-5.17,-277.53,254.73,-22.81,,,,,,,,,
1131,0,0,0,0,0,0,-31.93,-252.99,0,0,268.36,-4.87,-284.92,263.49,-21.43,,,,,,,,,
1141,0,0,0,0,0,0,-32.15,-252.18,0,0,269.62,-4.74,-284.33,264.89,-19.44,,,,,,,,,
1151,0,0,0,0,0,0,-32.85,-253.87,0,0,268.52,-4.63,-286.72,263.9,-22.82,,,,,,,,,
1161,0,0,0,0,0,0,-30.85,-249.22,0,0,267.13,-4.84,-280.07,262.29,-17.78,,,,,,,,,
1171,0,0,0,0,0,0,-31.96,-256.42,0,0,274.18,-4.93,-288.39,269.25,-19.14,,,,,,,,,
1181,0,0,0,0,0,0,-29.22,-246.02,0,0,260.96,-4.85,-275.24,256.12,-19.12,,,,,,,,,
1191,0,0,0,0,0,0,-33.08,-265.32,0,0,285.21,-5,-298.4,280.21,-18.19,,,,,,,,,
1201,0,0,0,0,0,0,-30.56,-261.55,0,0,277.04,-4.7,-292.1,272.34,-19.76,,,,,,,,,
1211,0,0,0,0,0,0,-34.1,-253.27,0,0,270.22,-4.8,-287.37,265.42,-21.95,,,,,,,,,
1221,0,0,0,0,0,0,-31.99,-239.28,0,0,252.65,-4.68,-271.27,247.97,-23.3,,,,,,,,,
1231,0,0,0,0,0,0,-31.85,-256.09,0,0,272.49,-4.85,-287.94,267.64,-20.3,,,,,,,,,
1241,0,0,0,0,0,0,-35.15,-248.36,0,0,263.93,-4.83,-283.5,259.1,-24.41,,,,,,,,,
1251,0,0,0,0,0,0,-34.56,-250,0,0,266.17,-4.82,-284.56,261.35,-23.21,,,,,,,,,
1261,0,0,0,0,0,0,-33.9,-247.14,0,0,262.32,-4.87,-281.04,257.45,-23.59,,,,,,,,,
1271,0,0,0,0,0,0,-32.36,-251.64,0,0,266.1,-5.08,-284.01,261.02,-22.98,,,,,,,,,
1281,0,0,0,0,0,0,-33.17,-256.34,0,0,272.55,-4.88,-289.51,267.67,-21.84,,,,,,,,,
1291,0,0,0,0,0,0,-33.95,-252.98,0,0,272.01,-4.82,-286.94,267.19,-19.75,,,,,,,,,
1301,0,0,0,0,0,0,-32.75,-251.85,0,0,268.05,-5.06,-284.6,262.98,-21.62,,,,,,,,,
1311,0,0,0,0,0,0,-31.08,-253.88,0,0,267.72,-4.79,-284.96,262.92,-22.04,,,,,,,,,
1321,0,0,0,0,0,0,-35.15,-240.16,0,0,258.59,-4.98,-275.31,253.62,-21.69,,,,,,,,,
1331,0,0,0,0,0,0,-29.03,-253.08,0,0,269.19,-4.85,-282.11,264.35,-17.77,,,,,,,,,
1341,0,0,0,0,0,0,-32.09,-253.04,0,0,269.87,-5.01,-285.13,264.86,-20.26,,,,,,,,,
1351,0,0,0,0,0,0,-34.58,-258.85,0,0,275.42,-4.67,-293.43,270.74,-22.69,,,,,,,,,
1361,0,0,0,0,0,0,-30.52,-255.49,0,0,272.55,-5.02,-286.01,267.53,-18.48,,,,,,,,,
1371,0,0,0,0,0,0,-28.15,-256.3,0,0,269.79,-4.54,-284.45,265.25,-19.2,,,,,,,,,
1381,0,0,0,0,0,0,-30.9,-261.28,0,0,278.4,-4.93,-292.18,273.47,-18.71,,,,,,,,,
1391,0,0,0,0,0,0,-30.79,-249.69,0,0,262.94,-4.73,-280.48,258.21,-22.27,,,,,,,,,
1401,0,0,0,0,0,0,-34.22,-254.5,0,0,271.51,-4.71,-288.72,266.79,-21.93,,,,,,,,,
1411,0,0,0,0,0,0,-32.61,-245.5,0,0,261.02,-4.82,-278.11,256.2,-21.91,,,,,,,,,
1421,0,0,0,0,0,0,-31.72,-262.49,0,0,277.16,-4.76,-294.2,272.4,-21.8,,,,,,,,,
1431,0,0,0,0,0,0,-32.5,-250.62,0,0,266.5,-4.88,-283.11,261.61,-21.5,,,,,,,,,
1441,0,0,0,0,0,0,-29.55,-261.21,0,0,273.44,-4.44,-290.75,269,-21.75,,,,,,,,,
1451,0,0,0,0,0,0,-31.54,-253.59,0,0,268.21,-4.71,-285.13,263.51,-21.63,,,,,,,,,
1461,0,0,0,0,0,0,-32.93,-260.4,0,0,276.91,-4.77,-293.34,272.14,-21.2,,,,,,,,,
1471,0,0,0,0,0,0,-32.69,-250.77,0,0,266.64,-5.05,-283.46,261.59,-21.87,,,,,,,,,
1481,0,0,0,0,0,0,-33.53,-250.94,0,0,268.01,-4.76,-284.47,263.26,-21.22,,,,,,,,,
1491,0,0,0,0,0,0,-37.33,-255.21,0,0,276.9,-4.93,-292.55,271.97,-20.58,,,,,,,,,
1501,0,0,0,0,0,0,-34.13,-259.75,0,0,277.58,-4.89,-293.88,272.69,-21.19,,,,,,,,,
1511,0,0,0,0,0,0,-31.02,-246.35,0,0,259.82,-4.9,-277.37,254.92,-22.45,,,,,,,,,
1521,0,0,0,0,0,0,-31.98,-252.4,0,0,266.51,-4.81,-284.38,261.7,-22.68,,,,,,,,,
1531,0,0,0,0,0,0,-27.57,-253.41,0,0,267.12,-4.97,-280.98,262.16,-18.83,,,,,,,,,
1541,0,0,0,0,0,0,-34.64,-257.26,0,0,275.29,-5.04,-291.9,270.25,-21.65,,,,,,,,,
1551,0,0,0,0,0,0,-33.32,-249.97,0,0,265.24,-4.71,-283.3,260.53,-22.77,,,,,,,,,
1561,0,0,0,0,0,0,-31.6,-255.53,0,0,272.14,-4.62,-287.13,267.52,-19.61,,,,,,,,,
1571,0,0,0,0,0,0,-28.51,-262.39,0,0,276.53,-4.7,-290.9,271.83,-19.07,,,,,,,,,
1581,0,0,0,0,0,0,-31.87,-252.53,0,0,271.14,-4.52,-284.4,266.63,-17.77,,,,,,,,,
1591,0,0,0,0,0,0,-32.62,-250.86,0,0,267.94,-4.8,-283.48,263.14,-20.34,,,,,,,,,
1601,0,0,0,0,0,0,0,-40.72,0,0,40.72,0,-40.72,40.72,0,,,,,,,,,
1611,0,0,0,0,0,0,0,-40.42,0,0,40.42,0,-40.42,40.42,0,,,,,,,,,
1621,0,0,0,0,0,0,0,-40.86,0,0,40.86,0,-40.86,40.86,0,,,,,,,,,
1631,0,0,0,0,0,0,-32.14,-258.85,0,0,272.98,-4.86,-291,268.11,-22.88,,,,,,,,,
1641,0,0,0,0,0,0,-32.6,-260.96,0,0,276.61,-4.79,-293.56,271.82,-21.74,,,,,,,,,
1651,0,0,0,0,0,0,-35.11,-253.68,0,0,270.95,-4.83,-288.79,266.12,-22.67,,,,,,,,,
1661,0,0,0,0,0,0,-30.08,-255.19,0,0,271.94,-4.95,-285.27,266.99,-18.27,,,,,,,,,
1671,0,0,0,0,0,0,-28.97,-248.1,0,0,259.74,-4.74,-277.07,255,-22.07,,,,,,,,,
1681,0,0,0,0,0,0,-31.17,-255.08,0,0,269.57,-4.9,-286.25,264.66,-21.58,,,,,,,,,
1691,0,0,0,0,0,0,-31.24,-263.39,0,0,280.53,-4.78,-294.62,275.75,-18.88,,,,,,,,,
1701,0,0,0,0,0,0,-34.44,-255.56,0,0,272.13,-4.94,-290,267.19,-22.8,,,,,,,,,
1711,0,0,0,0,0,0,-34.04,-256.39,0,0,270.43,-4.93,-290.43,265.5,-24.93,,,,,,,,,
1721,0,0,0,0,0,0,-31.57,-265.28,0,0,280.91,-5.05,-296.85,275.86,-20.98,,,,,,,,,
1731,0,0,0,0,0,0,-32.02,-250.83,0,0,263.86,-4.75,-282.85,259.1,-23.74,,,,,,,,,
1741,0,0,0,0,0,0,-33.69,-252.84,0,0,269.5,-5.1,-286.53,264.4,-22.12,,,,,,,,,
1751,0,0,0,0,0,0,-33.75,-246.11,0,0,263.29,-4.86,-279.86,258.43,-21.42,,,,,,,,,
1761,0,0,0,0,0,0,-34.53,-251.15,0,0,271.95,-4.8,-285.68,267.15,-18.53,,,,,,,,,
1771,0,0,0,0,0,0,-29.97,-262.44,0,0,277.68,-4.85,-292.41,272.83,-19.57,,,,,,,,,
1781,0,0,0,0,0,0,-27.29,-260.31,0,0,278.7,-4.67,-287.61,274.03,-13.58,,,,,,,,,
1791,0,0,0,0,0,0,-29.94,-260.43,0,0,274.66,-4.81,-290.37,269.85,-20.52,,,,,,,,,
1801,0,0,0,0,0,0,-31.9,-258.09,0,0,272.67,-4.69,-289.99,267.98,-22.01,,,,,,,,,
1811,0,0,0,0,0,0,-32.78,-252.14,0,0,271.52,-4.81,-284.92,266.71,-18.21,,,,,,,,,
1821,0,0,0,0,0,0,-33.84,-254.08,0,0,270.33,-4.82,-287.92,265.51,-22.41,,,,,,,,,
1831,0,0,0,0,0,0,-35.99,-251.56,0,0,270.86,-4.92,-287.55,265.94,-21.61,,,,,,,,,
1841,0,0,0,0,0,0,0,-35.49,0,0,35.5,0,-35.5,35.5,0,,,,,,,,,
1851,0,0,0,0,0,0,0,-34.82,0,0,34.82,0,-34.82,34.82,0,,,,,,,,,
1861,0,0,0,0,0,0,0,-35.34,0,0,35.34,0,-35.34,35.34,0,,,,,,,,,
1871,0,0,0,0,0,0,0,-36.2,0,0,36.21,0,-36.21,36.21,0,,,,,,,,,
1881,0,0,0,0,0,0,0,-35.47,0,0,35.47,0,-35.47,35.47,0,,,,,,,,,
1891,0,0,0,0,0,0,0,-34.18,0,0,34.18,0,-34.18,34.18,0,,,,,,,,,
1901,0,0,0,0,0,0,0,-35.5,0,0,35.5,0,-35.5,35.5,0,,,,,,,,,
1911,0,0,0,0,0,0,0,-34.49,0,0,34.49,0,-34.49,34.49,0,,,,,,,,,
1921,0,0,0,0,0,0,0,-35.76,0,0,35.76,0,-35.76,35.76,0,,,,,,,,,
1931,0,0,0,0,0,0,0,-36.18,0,0,36.18,0,-36.18,36.18,0,,,,,,,,,
1941,0,0,0,0,0,0,-33.14,-253.91,0,0,269.39,-4.95,-287.05,264.44,-22.61,,,,,,,,,
1951,0,0,0,0,0,0,-36.12,-248.75,0,0,264.55,-4.84,-284.87,259.71,-25.16,,,,,,,,,
1961,0,0,0,0,0,0,-35.91,-235.82,0,0,253.41,-4.68,-271.73,248.73,-23,,,,,,,,,
1971,0,0,0,0,0,0,-33.73,-250.28,0,0,267.54,-4.65,-284.01,262.89,-21.12,,,,,,,,,
1981,0,0,0,0,0,0,-33.94,-248.17,0,0,264.23,-4.98,-282.11,259.25,-22.86,,,,,,,,,
1991,0,0,0,0,0,0,-34.77,-250.63,0,0,265.63,-5.07,-285.4,260.56,-24.83,,,,,,,,,
2001,0,0,0,0,0,0,-36.25,-245.38,0,0,263.29,-4.84,-281.62,258.46,-23.17,,,,,,,,,
2011,0,0,0,0,0,0,-33.58,-245.88,0,0,259.79,-4.84,-279.46,254.95,-24.51,,,,,,,,,
2021,0,0,0,0,0,0,-30.67,-242.67,0,0,260.04,-5.05,-273.34,254.98,-18.36,,,,,,,,,
2031,0,0,0,0,0,0,-31.55,-250.55,0,0,265.89,-4.76,-282.1,261.13,-20.96,,,,,,,,,
2041,0,0,0,0,0,0,-33,-262.27,0,0,277.12,-4.96,-295.27,272.15,-23.12,,,,,,,,,
2051,0,0,0,0,0,0,-35.21,-246.82,0,0,264.57,-4.88,-282.02,259.69,-22.34,,,,,,,,,
2061,0,0,0,0,0,0,-35.15,-256.36,0,0,272.52,-4.92,-291.51,267.6,-23.91,,,,,,,,,
2071,0,0,0,0,0,0,-35.96,-253.32,0,0,271.82,-4.93,-289.28,266.89,-22.39,,,,,,,,,
2081,0,0,0,0,0,0,-30.82,-251.28,0,0,268.08,-4.83,-282.1,263.24,-18.86,,,,,,,,,
2091,0,0,0,0,0,0,-32.36,-252.27,0,0,269.62,-4.99,-284.63,264.63,-20,,,,,,,,,
2101,0,0,0,0,0,0,-31.71,-242.85,0,0,256.03,-4.45,-274.56,251.58,-22.98,,,,,,,,,
2111,0,0,0,0,0,0,-34.89,-253.7,0,0,269,-4.85,-288.6,264.14,-24.45,,,,,,,,,
2121,0,0,0,0,0,0,-34.97,-246.73,0,0,262.7,-4.9,-281.71,257.8,-23.91,,,,,,,,,
2131,0,0,0,0,0,0,-32.88,-251.53,0,0,268.14,-4.88,-284.41,263.26,-21.14,,,,,,,,,
2141,0,0,0,0,0,0,-32.58,-259.41,0,0,277.09,-4.66,-292,272.43,-19.57,,,,,,,,,
2151,0,0,0,0,0,0,-36.22,-256.74,0,0,272.76,-5.01,-292.96,267.74,-25.22,,,,,,,,,
2161,0,0,0,0,0,0,-34.51,-247.25,0,0,264.64,-5.02,-281.76,259.62,-22.14,,,,,,,,,
2171,0,0,0,0,0,0,-35.31,-243.22,0,0,262.16,-4.85,-278.53,257.31,-21.22,,,,,,,,,
2181,0,0,0,0,0,0,-32.35,-244.14,0,0,260.72,-4.89,-276.5,255.83,-20.67,,,,,,,,,
2191,0,0,0,0,0,0,-32.48,-251.68,0,0,268.36,-4.96,-284.15,263.4,-20.75,,,,,,,,,
2201,0,0,0,0,0,0,-34.62,-243.65,0,0,260.11,-4.97,-278.27,255.14,-23.13,,,,,,,,,
2211,0,0,0,0,0,0,-29.95,-241.24,0,0,257.3,-4.8,-271.19,252.49,-18.7,,,,,,,,,
2221,0,0,0,0,0,0,-32.04,-251.01,0,0,269.79,-5,-283.05,264.79,-18.25,,,,,,,,,
2231,0,0,0,0,0,0,-34.74,-261.32,0,0,279.08,-5.12,-296.06,273.96,-22.1,,,,,,,,,
2241,0,0,0,0,0,0,-32.43,-245.45,0,0,262.62,-4.89,-277.88,257.73,-20.15,,,,,,,,,
2251,0,0,0,0,0,0,-30.51,-252.1,0,0,266.49,-4.88,-282.61,261.61,-21,,,,,,,,,
2261,0,0,0,0,0,0,-34.58,-251.39,0,0,265.62,-4.87,-285.96,260.75,-25.22,,,,,,,,,
2271,0,0,0,0,0,0,-29.31,-259.49,0,0,274.89,-4.78,-288.8,270.1,-18.7,,,,,,,,,
2281,0,0,0,0,0,0,-32.9,-247.14,0,0,264.13,-5.03,-280.04,259.11,-20.94,,,,,,,,,
2291,0,0,0,0,0,0,-33.94,-245.77,0,0,262.88,-4.75,-279.71,258.13,-21.58,,,,,,,,,
2301,0,0,0,0,0,0,-35.24,-243.44,0,0,263.45,-4.9,-278.68,258.55,-20.13,,,,,,,,,
2311,0,0,0,0,0,0,-31.87,-258.48,0,0,274.58,-5.03,-290.35,269.55,-20.8,,,,,,,,,
2321,0,0,0,0,0,0,-28.81,-249.95,0,0,262.52,-4.7,-278.76,257.82,-20.94,,,,,,,,,
2331,0,0,0,0,0,0,-29.02,-262.59,0,0,276.91,-4.76,-291.61,272.15,-19.46,,,,,,,,,
2341,0,0,0,0,0,0,-35.92,-256.66,0,0,273.46,-4.81,-292.59,268.65,-23.94,,,,,,,,,
2351,0,0,0,0,0,0,-34.2,-243.39,0,0,260.61,-4.93,-277.58,255.67,-21.91,,,,,,,,,
2361,0,0,0,0,0,0,-34.6,-241.79,0,0,262.12,-4.74,-276.39,257.38,-19.01,,,,,,,,,
2371,0,0,0,0,0,0,-33.66,-238.4,0,0,255.82,-4.73,-272.06,251.09,-20.97,,,,,,,,,
2381,0,0,0,0,0,0,-36.44,-242.27,0,0,262.53,-4.93,-278.71,257.6,-21.11,,,,,,,,,
2391,0,0,0,0,0,0,-35.85,-240.96,0,0,259.55,-4.9,-276.8,254.66,-22.15,,,,,,,,,
2401,0,0,0,0,0,0,-30.75,-248.16,0,0,265.17,-4.85,-278.91,260.31,-18.6,,,,,,,,,
2411,0,0,0,0,0,0,-34.03,-247.94,0,0,263.62,-4.91,-281.97,258.71,-23.26,,,,,,,,,
2421,0,0,0,0,0,0,-31.78,-252.21,0,0,270.41,-4.86,-283.98,265.56,-18.43,,,,,,,,,
2431,0,0,0,0,0,0,-36.28,-258.4,0,0,273.95,-4.9,-294.68,269.05,-25.63,,,,,,,,,
2441,0,0,0,0,0,0,-33.87,-245.48,0,0,262.89,-4.76,-279.36,258.12,-21.23,,,,,,,,,
2451,0,0,0,0,0,0,-29.78,-260.01,0,0,273.13,-4.74,-289.79,268.39,-21.4,,,,,,,,,
2461,0,0,0,0,0,0,-32.89,-251.58,0,0,268.2,-4.85,-284.48,263.35,-21.12,,,,,,,,,
2471,0,0,0,0,0,0,-34.59,-247.92,0,0,265.4,-4.67,-282.51,260.73,-21.78,,,,,,,,,
2481,0,0,0,0,0,0,-30.25,-253.67,0,0,271.26,-4.87,-283.92,266.39,-17.53,,,,,,,,,
2491,0,0,0,0,0,0,-34.38,-250.86,0,0,268.19,-4.57,-285.24,263.62,-21.62,,,,,,,,,
2501,0,0,0,0,0,0,-33.9,-261.12,0,0,278.74,-4.95,-295.02,273.79,-21.23,,,,,,,,,
2511,0,0,0,0,0,0,-33.13,-259.32,0,0,278.85,-4.88,-292.45,273.97,-18.48,,,,,,,,,
2521,0,0,0,0,0,0,-33.53,-254.55,0,0,270.36,-4.75,-288.08,265.6,-22.48,,,,,,,,,
2531,0,0,0,0,0,0,-33.41,-249.6,0,0,266.46,-5.01,-283.02,261.46,-21.56,,,,,,,,,
2541,0,0,0,0,0,0,-34.73,-250.27,0,0,268.01,-4.57,-285,263.44,-21.56,,,,,,,,,
2551,0,0,0,0,0,0,-33.07,-251.74,0,0,269.2,-4.71,-284.82,264.48,-20.33,,,,,,,,,
2561,0,0,0,0,0,0,-30.32,-255.13,0,0,267.85,-4.83,-285.46,263.03,-22.43,,,,,,,,,
2571,0,0,0,0,0,0,-37.44,-246.89,0,0,270.3,-4.94,-284.32,265.36,-18.96,,,,,,,,,
2581,0,0,0,0,0,0,-34.28,-261.89,0,0,276.82,-4.55,-296.17,272.28,-23.9,,,,,,,,,
2591,0,0,0,0,0,0,-32.95,-261.41,0,0,279.97,-4.81,-294.36,275.15,-19.21,,,,,,,,,
2601,0,0,0,0,0,0,-31.82,-256.55,0,0,273.84,-4.75,-288.37,269.09,-19.29,,,,,,,,,
2611,0,0,0,0,0,0,-28.07,-247.28,0,0,263.63,-4.44,-275.36,259.18,-16.17,,,,,,,,,
2621,0,0,0,0,0,0,-27.88,-263.83,0,0,278.58,-4.83,-291.71,273.74,-17.96,,,,,,,,,
2631,0,0,0,0,0,0,-30.12,-259.16,0,0,274.33,-4.82,-289.28,269.52,-19.77,,,,,,,,,
2641,0,0,0,0,0,0,-27.9,-259.72,0,0,276.49,-4.72,-287.62,271.77,-15.85,,,,,,,,,
2651,0,0,0,0,0,0,-29.34,-255.89,0,0,273.02,-4.59,-285.23,268.43,-16.8,,,,,,,,,
2661,0,0,0,0,0,0,-32.38,-249.06,0,0,268.22,-4.62,-281.45,263.59,-17.85,,,,,,,,,
2671,0,0,0,0,0,0,-32.76,-259.1,0,0,277.42,-4.46,-291.86,272.95,-18.91,,,,,,,,,
2681,0,0,0,0,0,0,-30.92,-248.4,0,0,268.24,-4.45,-279.33,263.79,-15.54,,,,,,,,,
2691,0,0,0,0,0,0,-34.81,-257.82,0,0,278.25,-4.54,-292.64,273.7,-18.93,,,,,,,,,
2701,0,0,0,0,0,0,-35.53,-241.86,0,0,261.84,-4.63,-277.39,257.21,-20.18,,,,,,,,,
2711,0,0,0,0,0,0,-33.95,-252.36,0,0,271.56,-4.65,-286.31,266.91,-19.39,,,,,,,,,
2721,0,0,0,0,0,0,-36.5,-249.23,0,0,270.96,-4.92,-285.73,266.05,-19.69,,,,,,,,,
2731,0,0,0,0,0,0,-33.62,-251.73,0,0,272.44,-4.88,-285.35,267.56,-17.78,,,,,,,,,
2741,0,0,0,0,0,0,0,-40.47,0,0,40.47,0,-40.47,40.47,0,,,,,,,,,
2751,0,0,0,0,0,0,-34.99,-254.77,0,0,274.31,-5,-289.77,269.31,-20.45,,,,,,,,,
2761,0,0,0,0,0,0,-35.49,-251.45,0,0,273.28,-4.77,-286.94,268.5,-18.44,,,,,,,,,
2771,0,0,0,0,0,0,-37.66,-235.65,0,0,256.05,-4.85,-273.31,251.2,-22.11,,,,,,,,,
2781,0,0,0,0,0,0,-35.32,-239.28,0,0,260.6,-5,-274.6,255.59,-19.01,,,,,,,,,
2791,0,0,0,0,0,0,-28.9,-261.68,0,0,274.28,-4.71,-290.57,269.57,-21,,,,,,,,,
2801,0,0,0,0,0,0,-33.62,-247.76,0,0,262.36,-4.75,-281.38,257.61,-23.77,,,,,,,,,
2811,0,0,0,0,0,0,-32.83,-246.01,0,0,262.53,-4.84,-278.84,257.69,-21.15,,,,,,,,,
2821,0,0,0,0,0,0,-36.12,-253.82,0,0,273.89,-4.91,-289.94,268.98,-20.96,,,,,,,,,
2831,0,0,0,0,0,0,-33.35,-253.41,0,0,269.61,-4.98,-286.76,264.63,-22.13,,,,,,,,,
2841,0,0,0,0,0,0,-32.44,-255.67,0,0,269.72,-4.8,-288.12,264.92,-23.2,,,,,,,,,
2851,0,0,0,0,0,0,-34.91,-248.02,0,0,268.12,-4.89,-282.93,263.24,-19.69,,,,,,,,,
2861,0,0,0,0,0,0,0,-27.24,0,0,27.24,0,-27.24,27.24,0,,,,,,,,,
2871,0,0,0,0,0,0,0,-27.19,0,0,27.19,0,-27.19,27.19,0,,,,,,,,,
2881,0,0,0,0,0,0,0,-26.88,0,0,26.88,0,-26.88,26.88,0,,,,,,,,,
2891,0,0,0,0,0,0,-35.7,-251.98,0,0,273.16,-4.85,-287.67,268.32,-19.36,,,,,,,,,
2901,0,0,0,0,0,0,-31.58,-260.75,0,0,279.46,-4.9,-292.33,274.56,-17.77,,,,,,,,,
2911,0,0,0,0,0,0,-33.63,-250.95,0,0,270.32,-4.9,-284.58,265.41,-19.17,,,,,,,,,
2921,0,0,0,0,0,0,-32.22,-250.69,0,0,268.06,-4.83,-282.91,263.23,-19.68,,,,,,,,,
2931,0,0,0,0,0,0,-36.25,-254.9,0,0,273.99,-4.99,-291.15,269,-22.15,,,,,,,,,
2941,0,0,0,0,0,0,-36.51,-253.37,0,0,270.03,-4.9,-289.88,265.13,-24.75,,,,,,,,,
2951,0,0,0,0,0,0,-31.93,-239.11,0,0,258.98,-4.81,-271.04,254.18,-16.86,,,,,,,,,
2961,0,0,0,0,0,0,-33.18,-241.56,0,0,257.56,-4.78,-274.75,252.78,-21.97,,,,,,,,,
2971,0,0,0,0,0,0,-34.66,-253.99,0,0,269.96,-4.76,-288.64,265.2,-23.44,,,,,,,,,
2981,0,0,0,0,0,0,-31.56,-247.38,0,0,263.25,-4.42,-278.93,258.83,-20.11,,,,,,,,,
2991,0,0,0,0,0,0,-30.81,-251.18,0,0,268.56,-4.9,-281.99,263.66,-18.33,,,,,,,,,
3001,0,0,0,0,0,0,-36.43,-253.24,0,0,271.66,-4.9,-289.68,266.76,-22.92,,,,,,,,,
3011,0,0,0,0,0,0,-34.36,-243.23,0,0,261.74,-4.94,-277.58,256.8,-20.78,,,,,,,,,
3021,0,0,0,0,0,0,-34.3,-243.5,0,0,261.58,-4.96,-277.8,256.62,-21.18,,,,,,,,,
3031,0,0,0,0,0,0,-35.56,-256.64,0,0,273.22,-4.84,-292.2,268.37,-23.83,,,,,,,,,
3041,0,0,0,0,0,0,-33.72,-253.54,0,0,268.71,-4.88,-287.26,263.84,-23.42,,,,,,,,,
3051,0,0,0,0,0,0,-31.97,-246.15,0,0,260.11,-4.74,-278.12,255.37,-22.76,,,,,,,,,
3061,0,0,0,0,0,0,-31.58,-262.25,0,0,276,-4.76,-293.83,271.24,-22.59,,,,,,,,,
3071,0,0,0,0,0,0,-35.18,-253.31,0,0,273.2,-4.93,-288.49,268.28,-20.21,,,,,,,,,
3081,0,0,0,0,0,0,-33.26,-246.39,0,0,263.86,-4.92,-279.65,258.94,-20.71,,,,,,,,,
3091,0,0,0,0,0,0,-34.48,-254.49,0,0,271.29,-4.68,-288.97,266.62,-22.35,,,,,,,,,
3101,0,0,0,0,0,0,-32.59,-252.97,0,0,270.06,-4.98,-285.56,265.09,-20.48,,,,,,,,,
3111,0,0,0,0,0,0,-34.06,-247.82,0,0,264.82,-4.66,-281.88,260.16,-21.72,,,,,,,,,
3121,0,0,0,0,0,0,-33.66,-260.96,0,0,279.84,-4.64,-294.62,275.19,-19.42,,,,,,,,,
3131,0,0,0,0,0,0,-36.52,-246.4,0,0,266.05,-4.81,-282.92,261.24,-21.67,,,,,,,,,
3141,0,0,0,0,0,0,-36.98,-250.74,0,0,270.07,-4.94,-287.72,265.13,-22.59,,,,,,,,,
3151,0,0,0,0,0,0,-33.11,-236.99,0,0,254,-4.82,-270.1,249.18,-20.92,,,,,,,,,
3161,0,0,0,0,0,0,-31.9,-244.23,0,0,260.97,-4.83,-276.13,256.14,-19.99,,,,,,,,,
3171,0,0,0,0,0,0,-35.3,-252.04,0,0,272.24,-4.94,-287.34,267.3,-20.04,,,,,,,,,
3181,0,0,0,0,0,0,-33.62,-244.65,0,0,260.31,-4.77,-278.26,255.54,-22.72,,,,,,,,,
3191,0,0,0,0,0,0,-34.88,-234.74,0,0,249.88,-4.76,-269.61,245.12,-24.5,,,,,,,,,
3201,0,0,0,0,0,0,-31.72,-245.5,0,0,264.55,-4.89,-277.22,259.66,-17.56,,,,,,,,,
3211,0,0,0,0,0,0,-35.93,-246.66,0,0,263.35,-4.92,-282.59,258.43,-24.16,,,,,,,,,
3221,0,0,0,0,0,0,-33.85,-248.61,0,0,265.33,-4.86,-282.46,260.47,-21.99,,,,,,,,,
3231,0,0,0,0,0,0,-32.8,-250.91,0,0,265.63,-4.85,-283.71,260.77,-22.94,,,,,,,,,
3241,0,0,0,0,0,0,-33.19,-244.47,0,0,261.78,-4.96,-277.66,256.82,-20.84,,,,,,,,,
3251,0,0,0,0,0,0,-31.13,-245.4,0,0,262.6,-4.94,-276.52,257.65,-18.87,,,,,,,,,
3261,0,0,0,0,0,0,-27.87,-249.14,0,0,263.83,-4.77,-277.01,259.07,-17.94,,,,,,,,,
3271,0,0,0,0,0,0,-32.39,-244.76,0,0,262.59,-4.91,-277.15,257.68,-19.47,,,,,,,,,
3281,0,0,0,0,0,0,-31.58,-250.6,0,0,267.42,-4.92,-282.18,262.5,-19.68,,,,,,,,,
3291,0,0,0,0,0,0,-35.78,-252.26,0,0,271.17,-4.72,-288.03,266.45,-21.58,,,,,,,,,
3301,0,0,0,0,0,0,-32.95,-256.24,0,0,269.92,-4.88,-289.19,265.05,-24.15,,,,,,,,,
3311,0,0,0,0,0,0,-31.5,-246.36,0,0,261.54,-4.8,-277.86,256.74,-21.13,,,,,,,,,
3321,0,0,0,0,0,0,-32.59,-252.08,0,0,267.49,-4.81,-284.67,262.68,-22,,,,,,,,,
3331,0,0,0,0,0,0,-35.99,-252.64,0,0,272.87,-4.86,-288.63,268.01,-20.62,,,,,,,,,
3341,0,0,0,0,0,0,-35.38,-259.51,0,0,275.41,-4.68,-294.89,270.73,-24.16,,,,,,,,,
3351,0,0,0,0,0,0,-33.61,-255.96,0,0,272.97,-4.81,-289.58,268.16,-21.42,,,,,,,,,
3361,0,0,0,0,0,0,-34.65,-261.11,0,0,276.28,-4.73,-295.76,271.55,-24.21,,,,,,,,,
3371,0,0,0,0,0,0,-35.26,-264.48,0,0,280.14,-4.85,-299.73,275.3,-24.44,,,,,,,,,
3381,0,0,0,0,0,0,-31.77,-252.78,0,0,265.79,-4.66,-284.55,261.14,-23.41,,,,,,,,,
3391,0,0,0,0,0,0,-31.26,-259.12,0,0,275.27,-4.76,-290.38,270.5,-19.88,,,,,,,,,
3401,0,0,0,0,0,0,-31.99,-257.18,0,0,273.09,-4.66,-289.16,268.43,-20.73,,,,,,,,,
3411,0,0,0,0,0,0,-36.17,-248.62,0,0,267.91,-4.85,-284.79,263.06,-21.73,,,,,,,,,
3421,0,0,0,0,0,0,-37.68,-248.61,0,0,268.85,-4.82,-286.29,264.03,-22.26,,,,,,,,,
3431,0,0,0,0,0,0,-34.5,-245.87,0,0,262.14,-4.78,-280.36,257.36,-23,,,,,,,,,
3441,0,0,0,0,0,0,-34.36,-240.04,0,0,259.82,-4.96,-274.4,254.86,-19.53,,,,,,,,,
3451,0,0,0,0,0,0,-32.47,-236.53,0,0,251.27,-4.84,-269,246.42,-22.58,,,,,,,,,
3461,0,0,0,0,0,0,-31.13,-242.79,0,0,258.99,-4.77,-273.92,254.21,-19.71,,,,,,,,,
3471,0,0,0,0,0,0,-33.8,-254.76,0,0,272.9,-4.87,-288.56,268.03,-20.52,,,,,,,,,
3481,0,0,0,0,0,0,-31.76,-264.81,0,0,281.01,-4.77,-296.57,276.24,-20.33,,,,,,,,,
3491,0,0,0,0,0,0,-32,-247.75,0,0,264.24,-4.75,-279.76,259.49,-20.27,,,,,,,,,
3501,0,0,0,0,0,0,-33.17,-262.41,0,0,281.46,-4.89,-295.58,276.58,-19,,,,,,,,,
3511,0,0,0,0,0,0,-31.91,-253.37,0,0,268.56,-4.74,-285.28,263.82,-21.46,,,,,,,,,
3521,0,0,0,0,0,0,-34.15,-254.4,0,0,271.97,-4.64,-288.55,267.34,-21.21,,,,,,,,,
3531,0,0,0,0,0,0,-34.96,-245.96,0,0,262.9,-4.64,-280.92,258.27,-22.65,,,,,,,,,
3541,0,0,0,0,0,0,-31.5,-264.81,0,0,277.93,-4.73,-296.31,273.2,-23.11,,,,,,,,,
3551,0,0,0,0,0,0,-32.97,-255.47,0,0,273.83,-4.64,-288.44,269.19,-19.25,,,,,,,,,
3561,0,0,0,0,0,0,-34.65,-260.33,0,0,277.74,-4.87,-294.98,272.87,-22.11,,,,,,,,,
3571,0,0,0,0,0,0,-34.52,-247.42,0,0,261.92,-4.68,-281.94,257.24,-24.7,,,,,,,,,
3581,0,0,0,0,0,0,-32.99,-241.63,0,0,258.79,-4.68,-274.62,254.11,-20.51,,,,,,,,,
3591,0,0,0,0,0,0,-34.2,-256.44,0,0,274.8,-4.83,-290.64,269.97,-20.67,,,,,,,,,
3601,0,0,0,0,0,0,-33.49,-264.69,0,0,279.56,-4.56,-298.18,275,-23.18,,,,,,,,,
3611,0,0,0,0,0,0,-27.44,-256.15,0,0,269.61,-4.7,-283.59,264.91,-18.68,,,,,,,,,
3621,0,0,0,0,0,0,-30.99,-266.37,0,0,279.82,-4.64,-297.36,275.19,-22.17,,,,,,,,,
3631,0,0,0,0,0,0,-34.1,-253.67,0,0,269.54,-4.54,-287.77,265,-22.77,,,,,,,,,
3641,0,0,0,0,0,0,-33.46,-250.09,0,0,268.1,-4.57,-283.55,263.53,-20.01,,,,,,,,,
3651,0,0,0,0,0,0,-32.85,-246.67,0,0,263.88,-4.85,-279.53,259.03,-20.5,,,,,,,,,
3661,0,0,0,0,0,0,0,-36.46,0,0,36.46,0,-36.46,36.46,0,,,,,,,,,
3671,0,0,0,0,0,0,0,-36.21,0,0,36.21,0,-36.21,36.21,0,,,,,,,,,
3681,0,0,0,0,0,0,0,-35.86,0,0,35.86,0,-35.86,35.86,0,,,,,,,,,
3691,0,0,0,0,0,0,0,-36.14,0,0,36.14,0,-36.14,36.14,0,,,,,,,,,
3701,0,0,0,0,0,0,0,-35.71,0,0,35.71,0,-35.71,35.71,0,,,,,,,,,
3711,0,0,0,0,0,0,0,-36.86,0,0,36.86,0,-36.86,36.86,0,,,,,,,,,
3721,0,0,0,0,0,0,0,-36.18,0,0,36.18,0,-36.18,36.18,0,,,,,,,,,
3731,0,0,0,0,0,0,0,-36.09,0,0,36.09,0,-36.09,36.09,0,,,,,,,,,
3741,0,0,0,0,0,0,0,-36.01,0,0,36.01,0,-36.01,36.01,0,,,,,,,,,
3751,0,0,0,0,0,0,0,-35.38,0,0,35.38,0,-35.38,35.38,0,,,,,,,,,
3761,0,0,0,0,0,0,0,-35.25,0,0,35.25,0,-35.25,35.25,0,,,,,,,,,
3771,0,0,0,0,0,0,0,-34.71,0,0,34.71,0,-34.71,34.71,0,,,,,,,,,
3781,0,0,0,0,0,0,0,-35.69,0,0,35.69,0,-35.69,35.69,0,,,,,,,,,
3791,0,0,0,0,0,0,0,-36.24,0,0,36.23,0,-36.24,36.23,0,,,,,,,,,
3801,0,0,0,0,0,0,0,-35.4,0,0,35.4,0,-35.4,35.4,0,,,,,,,,,
3811,0,0,0,0,0,0,0,-35.97,0,0,35.97,0,-35.97,35.97,0,,,,,,,,,
3821,0,0,0,0,0,0,0,-36.21,0,0,36.21,0,-36.21,36.21,0,,,,,,,,,
3831,0,0,0,0,0,0,0,-36.89,0,0,36.89,0,-36.89,36.89,0,,,,,,,,,
3841,0,0,0,0,0,0,0,-35.47,0,0,35.47,0,-35.47,35.47,0,,,,,,,,,
3851,0,0,0,0,0,0,0,-34.5,0,0,34.5,0,-34.5,34.5,0,,,,,,,,,
3861,0,0,0,0,0,0,0,-35.41,0,0,35.41,0,-35.41,35.41,0,,,,,,,,,
3871,0,0,0,0,0,0,0,-34.66,0,0,34.66,0,-34.66,34.66,0,,,,,,,,,
3881,0,0,0,0,0,0,0,-35.4,0,0,35.4,0,-35.4,35.4,0,,,,,,,,,
3891,0,0,0,0,0,0,0,-35.22,0,0,35.22,0,-35.22,35.22,0,,,,,,,,,
3901,0,0,0,0,0,0,0,-34.61,0,0,34.61,0,-34.61,34.61,0,,,,,,,,,
3911,0,0,0,0,0,0,0,-34.23,0,0,34.23,0,-34.23,34.23,0,,,,,,,,,
3921,0,0,0,0,0,0,0,-35.06,0,0,35.06,0,-35.06,35.06,0,,,,,,,,,
3931,0,0,0,0,0,0,0,-35.15,0,0,35.15,0,-35.15,35.15,0,,,,,,,,,
3941,0,0,0,0,0,0,0,-34.85,0,0,34.85,0,-34.85,34.85,0,,,,,,,,,
3951,0,0,0,0,0,0,0,-35.48,0,0,35.48,0,-35.48,35.48,0,,,,,,,,,
3961,0,0,0,0,0,0,0,-36.09,0,0,36.09,0,-36.09,36.09,0,,,,,,,,,
3971,0,0,0,0,0,0,0,-35.69,0,0,35.69,0,-35.69,35.69,0,,,,,,,,,
3981,0,0,0,0,0,0,0,-36.4,0,0,36.4,0,-36.4,36.4,0,,,,,,,,,
3991,0,0,0,0,0,0,0,-35.88,0,0,35.88,0,-35.88,35.88,0,,,,,,,,,
4001,0,0,0,0,0,0,0,-35.17,0,0,35.17,0,-35.17,35.17,0,,,,,,,,,
4011,0,0,0,0,0,0,0,-35.49,0,0,35.49,0,-35.49,35.49,0,,,,,,,,,
4021,0,0,0,0,0,0,0,-34.02,0,0,34.02,0,-34.02,34.02,0,,,,,,,,,
4031,0,0,0,0,0,0,0,-34.47,0,0,34.47,0,-34.47,34.47,0,,,,,,,,,
4041,0,0,0,0,0,0,0,-35,0,0,35,0,-35,35,0,,,,,,,,,
4051,0,0,0,0,0,0,0,-34.41,0,0,34.41,0,-34.41,34.41,0,,,,,,,,,
4061,0,0,0,0,0,0,0,-35.45,0,0,35.45,0,-35.45,35.45,0,,,,,,,,,
4071,0,0,0,0,0,0,0,-36.07,0,0,36.07,0,-36.07,36.07,0,,,,,,,,,
4081,0,0,0,0,0,0,0,-35.62,0,0,35.62,0,-35.62,35.62,0,,,,,,,,,
4091,0,0,0,0,0,0,0,-36.71,0,0,36.71,0,-36.71,36.71,0,,,,,,,,,
4101,0,0,0,0,0,0,0,-35.77,0,0,35.77,0,-35.77,35.77,0,,,,,,,,,
4111,0,0,0,0,0,0,0,-35.41,0,0,35.41,0,-35.41,35.41,0,,,,,,,,,
4121,0,0,0,0,0,0,0,-35.62,0,0,35.62,0,-35.62,35.62,0,,,,,,,,,
4131,0,0,0,0,0,0,0,-36.55,0,0,36.55,0,-36.55,36.55,0,,,,,,,,,
4141,0,0,0,0,0,0,-36.13,-253.18,0,0,273.4,-4.81,-289.31,268.59,-20.73,,,,,,,,,
4151,0,0,0,0,0,0,0,-35.56,0,0,35.56,0,-35.56,35.56,0,,,,,,,,,
4161,0,0,0,0,0,0,0,-35.74,0,0,35.74,0,-35.74,35.74,0,,,,,,,,,
4171,0,0,0,0,0,0,0,-36.67,0,0,36.67,0,-36.67,36.67,0,,,,,,,,,
4181,0,0,0,0,0,0,0,-37.25,0,0,37.25,0,-37.25,37.25,0,,,,,,,,,
4191,0,0,0,0,0,0,0,-36.82,0,0,36.82,0,-36.82,36.82,0,,,,,,,,,
4201,0,0,0,0,0,0,0,-36.7,0,0,36.7,0,-36.7,36.7,0,,,,,,,,,
4211,0,0,0,0,0,0,0,-36.55,0,0,36.55,0,-36.55,36.55,0,,,,,,,,,
4221,0,0,0,0,0,0,0,-37.2,0,0,37.2,0,-37.2,37.2,0,,,,,,,,,
4231,0,0,0,0,0,0,0,-36.59,0,0,36.59,0,-36.59,36.59,0,,,,,,,,,
4241,0,0,0,0,0,0,0,-36.97,0,0,36.97,0,-36.97,36.97,0,,,,,,,,,
4251,0,0,0,0,0,0,0,-37.77,0,0,37.77,0,-37.77,37.77,0,,,,,,,,,
4261,0,0,0,0,0,0,0,-37.04,0,0,37.04,0,-37.04,37.04,0,,,,,,,,,
4271,0,0,0,0,0,0,0,-37.29,0,0,37.29,0,-37.29,37.29,0,,,,,,,,,
4281,0,0,0,0,0,0,0,-36.64,0,0,36.64,0,-36.64,36.64,0,,,,,,,,,
4291,0,0,0,0,0,0,0,-36.66,0,0,36.66,0,-36.66,36.66,0,,,,,,,,,
4301,0,0,0,0,0,0,0,-36.74,0,0,36.74,0,-36.74,36.74,0,,,,,,,,,
4311,0,0,0,0,0,0,0,-36.73,0,0,36.73,0,-36.73,36.73,0,,,,,,,,,
4321,0,0,0,0,0,0,0,-35.4,0,0,35.4,0,-35.4,35.4,0,,,,,,,,,
4331,0,0,0,0,0,0,0,-34.2,0,0,34.2,0,-34.2,34.2,0,,,,,,,,,
4341,0,0,0,0,0,0,0,-33.44,0,0,33.44,0,-33.44,33.44,0,,,,,,,,,
4351,0,0,0,0,0,0,0,-33.34,0,0,33.34,0,-33.34,33.34,0,,,,,,,,,
4361,0,0,0,0,0,0,0,-32.5,0,0,32.51,0,-32.51,32.51,0,,,,,,,,,
4371,0,0,0,0,0,0,0,-32.5,0,0,32.5,0,-32.5,32.5,0,,,,,,,,,
4381,0,0,0,0,0,0,0,-34.03,0,0,34.03,0,-34.03,34.03,0,,,,,,,,,
4391,0,0,0,0,0,0,0,-33.37,0,0,33.37,0,-33.37,33.37,0,,,,,,,,,
4401,0,0,0,0,0,0,0,-33.98,0,0,33.98,0,-33.98,33.98,0,,,,,,,,,
4411,0,0,0,0,0,0,0,-33.81,0,0,33.81,0,-33.81,33.81,0,,,,,,,,,
4421,0,0,0,0,0,0,0,-34.06,0,0,34.06,0,-34.06,34.06,0,,,,,,,,,
4431,0,0,0,0,0,0,0,-33.28,0,0,33.28,0,-33.28,33.28,0,,,,,,,,,
4441,0,0,0,0,0,0,0,-33.27,0,0,33.27,0,-33.27,33.27,0,,,,,,,,,
4451,0,0,0,0,0,0,0,-33.05,0,0,33.05,0,-33.05,33.05,0,,,,,,,,,
4461,0,0,0,0,0,0,0,-33.75,0,0,33.75,0,-33.75,33.75,0,,,,,,,,,
4471,0,0,0,0,0,0,0,-32.66,0,0,32.66,0,-32.66,32.66,0,,,,,,,,,
4481,0,0,0,0,0,0,0,-33.42,0,0,33.42,0,-33.42,33.42,0,,,,,,,,,
4491,0,0,0,0,0,0,0,-33.51,0,0,33.51,0,-33.51,33.51,0,,,,,,,,,
4501,0,0,0,0,0,0,0,-32.97,0,0,32.97,0,-32.97,32.97,0,,,,,,,,,
4511,0,0,0,0,0,0,0,-33.99,0,0,33.99,0,-33.99,33.99,0,,,,,,,,,
4521,0,0,0,0,0,0,0,-33.22,0,0,33.22,0,-33.22,33.22,0,,,,,,,,,
4531,0,0,0,0,0,0,0,-32.45,0,0,32.45,0,-32.45,32.45,0,,,,,,,,,
4541,0,0,0,0,0,0,0,-33.27,0,0,33.27,0,-33.27,33.27,0,,,,,,,,,
4551,0,0,0,0,0,0,0,-32.3,0,0,32.3,0,-32.3,32.3,0,,,,,,,,,
4561,0,0,0,0,0,0,0,-33.21,0,0,33.21,0,-33.21,33.21,0,,,,,,,,,
4571,0,0,0,0,0,0,0,-33.51,0,0,33.51,0,-33.51,33.51,0,,,,,,,,,
4581,0,0,0,0,0,0,0,-32.57,0,0,32.57,0,-32.57,32.57,0,,,,,,,,,
4591,0,0,0,0,0,0,0,-32.49,0,0,32.49,0,-32.49,32.49,0,,,,,,,,,
4601,0,0,0,0,0,0,0,-33.41,0,0,33.41,0,-33.41,33.41,0,,,,,,,,,
4611,0,0,0,0,0,0,0,-33.08,0,0,33.08,0,-33.08,33.08,0,,,,,,,,,
4621,0,0,0,0,0,0,0,-32.62,0,0,32.62,0,-32.62,32.62,0,,,,,,,,,
4631,0,0,0,0,0,0,0,-31.91,0,0,31.91,0,-31.91,31.91,0,,,,,,,,,
4641,0,0,0,0,0,0,0,-32.53,0,0,32.53,0,-32.53,32.53,0,,,,,,,,,
4651,0,0,0,0,0,0,0,-32.52,0,0,32.52,0,-32.52,32.52,0,,,,,,,,,
4661,0,0,0,0,0,0,0,-32.17,0,0,32.17,0,-32.17,32.17,0,,,,,,,,,
4671,0,0,0,0,0,0,0,-32.19,0,0,32.19,0,-32.19,32.19,0,,,,,,,,,
4681,0,0,0,0,0,0,0,-32.89,0,0,32.89,0,-32.89,32.89,0,,,,,,,,,
4691,0,0,0,0,0,0,0,-32.59,0,0,32.59,0,-32.59,32.59,0,,,,,,,,,
4701,0,0,0,0,0,0,0,-32.6,0,0,32.6,0,-32.6,32.6,0,,,,,,,,,
4711,0,0,0,0,0,0,0,-31.89,0,0,31.89,0,-31.89,31.89,0,,,,,,,,,
4721,0,0,0,0,0,0,0,-32.55,0,0,32.55,0,-32.55,32.55,0,,,,,,,,,
4731,0,0,0,0,0,0,0,-32.29,0,0,32.29,0,-32.29,32.29,0,,,,,,,,,
4741,0,0,0,0,0,0,0,-32.14,0,0,32.14,0,-32.14,32.14,0,,,,,,,,,
4751,0,0,0,0,0,0,0,-24.86,0,0,24.86,0,-24.86,24.86,0,,,,,,,,,
4761,0,0,0,0,0,0,0,-24.9,0,0,24.9,0,-24.9,24.9,0,,,,,,,,,
4771,0,0,0,0,0,0,0,-24.71,0,0,24.71,0,-24.71,24.71,0,,,,,,,,,
4781,0,0,0,0,0,0,0,-24.67,0,0,24.67,0,-24.67,24.67,0,,,,,,,,,
4791,0,0,0,0,0,0,0,-24.43,0,0,24.43,0,-24.43,24.43,0,,,,,,,,,
4801,0,0,0,0,0,0,0,-24.36,0,0,24.36,0,-24.36,24.36,0,,,,,,,,,
4811,0,0,0,0,0,0,0,-23.6,0,0,23.6,0,-23.6,23.6,0,,,,,,,,,
4821,0,0,0,0,0,0,0,-23.59,0,0,23.59,0,-23.59,23.59,0,,,,,,,,,
4831,0,0,0,0,0,0,0,-23.01,0,0,23.01,0,-23.01,23.01,0,,,,,,,,,
4841,0,0,0,0,0,0,0,-23.55,0,0,23.55,0,-23.55,23.55,0,,,,,,,,,
4851,0,0,0,0,0,0,0,-22.9,0,0,22.9,0,-22.9,22.9,0,,,,,,,,,
4861,0,0,0,0,0,0,0,-22.61,0,0,22.61,0,-22.61,22.61,0,,,,,,,,,
4871,0,0,0,0,0,0,0,-23.01,0,0,23.01,0,-23.01,23.01,0,,,,,,,,,
4881,0,0,0,0,0,0,0,-22.85,0,0,22.85,0,-22.85,22.85,0,,,,,,,,,
4891,0,0,0,0,0,0,0,-23.32,0,0,23.32,0,-23.32,23.32,0,,,,,,,,,
4901,0,0,0,0,0,0,0,-23.25,0,0,23.25,0,-23.25,23.25,0,,,,,,,,,
4911,0,0,0,0,0,0,0,-22.54,0,0,22.54,0,-22.54,22.54,0,,,,,,,,,
4921,0,0,0,0,0,0,0,-22.68,0,0,22.68,0,-22.68,22.68,0,,,,,,,,,
4931,0,0,0,0,0,0,0,-22.68,0,0,22.68,0,-22.68,22.68,0,,,,,,,,,
4941,0,0,0,0,0,0,0,-23.39,0,0,23.39,0,-23.39,23.39,0,,,,,,,,,
4951,0,0,0,0,0,0,0,-22.99,0,0,22.99,0,-22.99,22.99,0,,,,,,,,,
4961,0,0,0,0,0,0,0,-22.87,0,0,22.87,0,-22.87,22.87,0,,,,,,,,,
4971,0,0,0,0,0,0,0,-23.28,0,0,23.28,0,-23.28,23.28,0,,,,,,,,,
4981,0,0,0,0,0,0,0,-23.67,0,0,23.67,0,-23.67,23.67,0,,,,,,,,,
4991,0,0,0,0,0,0,0,-23.43,0,0,23.43,0,-23.43,23.43,0,,,,,,,,,
5001,0,0,0,0,0,0,0,-23.92,0,0,23.92,0,-23.92,23.92,0,,,,,,,,,
5011,0,0,0,0,0,0,0,-23.9,0,0,23.9,0,-23.9,23.9,0,,,,,,,,,
5021,0,0,0,0,0,0,0,-23.73,0,0,23.73,0,-23.73,23.73,0,,,,,,,,,
5031,0,0,0,0,0,0,0,-23.93,0,0,23.93,0,-23.93,23.93,0,,,,,,,,,
5041,0,0,0,0,0,0,0,-23.45,0,0,23.45,0,-23.45,23.45,0,,,,,,,,,
5051,0,0,0,0,0,0,0,-23.59,0,0,23.59,0,-23.59,23.59,0,,,,,,,,,
5061,0,0,0,0,0,0,0,-23.18,0,0,23.18,0,-23.18,23.18,0,,,,,,,,,
5071,0,0,0,0,0,0,0,-23.74,0,0,23.73,0,-23.74,23.73,0,,,,,,,,,
5081,0,0,0,0,0,0,0,-23.54,0,0,23.54,0,-23.54,23.54,0,,,,,,,,,
5091,0,0,0,0,0,0,0,-39.7,0,0,39.7,0,-39.7,39.7,0,,,,,,,,,
5101,0,0,0,0,0,0,0,-23.72,0,0,23.72,0,-23.72,23.72,0,,,,,,,,,
5111,0,0,0,0,0,0,0,-40.99,0,0,40.99,0,-40.99,40.99,0,,,,,,,,,
5121,0,0,0,0,0,0,0,-24.33,0,0,24.33,0,-24.33,24.33,0,,,,,,,,,
5131,0,0,0,0,0,0,0,-23.89,0,0,23.89,0,-23.89,23.89,0,,,,,,,,,
5141,0,0,0,0,0,0,0,-24.59,0,0,24.59,0,-24.59,24.59,0,,,,,,,,,
5151,0,0,0,0,0,0,0,-24.36,0,0,24.36,0,-24.36,24.36,0,,,,,,,,,
5161,0,0,0,0,0,0,0,-23.82,0,0,23.82,0,-23.82,23.82,0,,,,,,,,,
5171,0,0,0,0,0,0,0,-23.92,0,0,23.92,0,-23.92,23.92,0,,,,,,,,,
5181,0,0,0,0,0,0,0,-24.01,0,0,24.01,0,-24.01,24.01,0,,,,,,,,,
5191,0,0,0,0,0,0,0,-24.13,0,0,24.13,0,-24.13,24.13,0,,,,,,,,,
5201,0,0,0,0,0,0,0,-39.86,0,0,39.86,0,-39.87,39.86,0,,,,,,,,,
5211,0,0,0,0,0,0,0,-40.15,0,0,40.15,0,-40.15,40.15,0,,,,,,,,,
5221,0,0,0,0,0,0,0,-24.15,0,0,24.15,0,-24.15,24.15,0,,,,,,,,,
5231,0,0,0,0,0,0,0,-40.85,0,0,40.85,0,-40.85,40.85,0,,,,,,,,,
5241,0,0,0,0,0,0,0,-24.1,0,0,24.1,0,-24.1,24.1,0,,,,,,,,,
5251,0,0,0,0,0,0,0,-40.01,0,0,40.01,0,-40.02,40.01,0,,,,,,,,,
5261,0,0,0,0,0,0,0,-40.26,0,0,40.25,0,-40.26,40.25,0,,,,,,,,,
5271,0,0,0,0,0,0,0,-24.08,0,0,24.08,0,-24.08,24.08,0,,,,,,,,,
5281,0,0,0,0,0,0,0,-23.99,0,0,23.99,0,-23.99,23.99,0,,,,,,,,,
5291,0,0,0,0,0,0,0,-23.86,0,0,23.86,0,-23.86,23.86,0,,,,,,,,,
5301,0,0,0,0,0,0,0,-23.92,0,0,23.92,0,-23.92,23.92,0,,,,,,,,,
5311,0,0,0,0,0,0,0,-23.54,0,0,23.54,0,-23.54,23.54,0,,,,,,,,,
5321,0,0,0,0,0,0,0,-24.12,0,0,24.12,0,-24.12,24.12,0,,,,,,,,,
5331,0,0,0,0,0,0,0,-23.49,0,0,23.49,0,-23.49,23.49,0,,,,,,,,,
5341,0,0,0,0,0,0,0,-39.71,0,0,39.71,0,-39.71,39.71,0,,,,,,,,,
5351,0,0,0,0,0,0,0,-38.56,0,0,38.56,0,-38.56,38.56,0,,,,,,,,,
5361,0,0,0,0,0,0,0,-37.86,0,0,37.86,0,-37.86,37.86,0,,,,,,,,,
5371,0,0,0,0,0,0,0,-38.98,0,0,38.98,0,-38.98,38.98,0,,,,,,,,,
5381,0,0,0,0,0,0,0,-39.5,0,0,39.5,0,-39.5,39.5,0,,,,,,,,,
5391,0,0,0,0,0,0,0,-38.18,0,0,38.18,0,-38.18,38.18,0,,,,,,,,,
5401,0,0,0,0,0,0,0,-37.84,0,0,37.84,0,-37.84,37.84,0,,,,,,,,,
5411,0,0,0,0,0,0,0,-37.98,0,0,37.98,0,-37.98,37.98,0,,,,,,,,,
5421,0,0,0,0,0,0,0,-38.83,0,0,38.83,0,-38.83,38.83,0,,,,,,,,,
5431,0,0,0,0,0,0,0,-37.11,0,0,37.11,0,-37.11,37.11,0,,,,,,,,,
5441,0,0,0,0,0,0,0,-38.77,0,0,38.77,0,-38.77,38.77,0,,,,,,,,,
5451,0,0,0,0,0,0,0,-38.81,0,0,38.81,0,-38.81,38.81,0,,,,,,,,,
5461,0,0,0,0,0,0,0,-23.93,0,0,23.93,0,-23.93,23.93,0,,,,,,,,,
5471,0,0,0,0,0,0,0,-23.86,0,0,23.86,0,-23.86,23.86,0,,,,,,,,,
5481,0,0,0,0,0,0,0,-38.35,0,0,38.35,0,-38.35,38.35,0,,,,,,,,,
5491,0,0,0,0,0,0,0,-36.88,0,0,36.88,0,-36.88,36.88,0,,,,,,,,,
5501,0,0,0,0,0,0,0,-37.06,0,0,37.06,0,-37.06,37.06,0,,,,,,,,,
5511,0,0,0,0,0,0,0,-36.5,0,0,36.5,0,-36.5,36.5,0,,,,,,,,,
5521,0,0,0,0,0,0,0,-37.83,0,0,37.83,0,-37.83,37.83,0,,,,,,,,,
5531,0,0,0,0,0,0,0,-38.23,0,0,38.23,0,-38.23,38.23,0,,,,,,,,,
5541,0,0,0,0,0,0,0,-38.07,0,0,38.07,0,-38.07,38.07,0,,,,,,,,,
5551,0,0,0,0,0,0,0,-38.17,0,0,38.17,0,-38.17,38.17,0,,,,,,,,,
5561,0,0,0,0,0,0,0,-36.73,0,0,36.73,0,-36.73,36.73,0,,,,,,,,,
5571,0,0,0,0,0,0,0,-36.46,0,0,36.46,0,-36.46,36.46,0,,,,,,,,,
5581,0,0,0,0,0,0,0,-36.56,0,0,36.56,0,-36.56,36.56,0,,,,,,,,,
5591,0,0,0,0,0,0,0,-37.86,0,0,37.86,0,-37.86,37.86,0,,,,,,,,,
5601,0,0,0,0,0,0,0,-36.83,0,0,36.83,0,-36.83,36.83,0,,,,,,,,,
5611,0,0,0,0,0,0,0,-38.86,0,0,38.86,0,-38.86,38.86,0,,,,,,,,,
5621,0,0,0,0,0,0,0,-36.84,0,0,36.84,0,-36.84,36.84,0,,,,,,,,,
5631,0,0,0,0,0,0,0,-34.8,0,0,34.8,0,-34.8,34.8,0,,,,,,,,,
5641,0,0,0,0,0,0,0,-36.29,0,0,36.29,0,-36.29,36.29,0,,,,,,,,,
5651,0,0,0,0,0,0,0,-35.18,0,0,35.18,0,-35.18,35.18,0,,,,,,,,,
5661,0,0,0,0,0,0,0,-36.28,0,0,36.28,0,-36.28,36.28,0,,,,,,,,,
5671,0,0,0,0,0,0,0,-34.71,0,0,34.71,0,-34.71,34.71,0,,,,,,,,,
5681,0,0,0,0,0,0,0,-35.1,0,0,35.11,0,-35.11,35.11,0,,,,,,,,,
5691,0,0,0,0,0,0,0,-35.13,0,0,35.13,0,-35.13,35.13,0,,,,,,,,,
5701,0,0,0,0,0,0,0,-35.58,0,0,35.58,0,-35.58,35.58,0,,,,,,,,,
5711,0,0,0,0,0,0,0,-34.94,0,0,34.94,0,-34.94,34.94,0,,,,,,,,,
5721,0,0,0,0,0,0,0,-33.97,0,0,33.97,0,-33.97,33.97,0,,,,,,,,,
5731,0,0,0,0,0,0,0,-33.86,0,0,33.86,0,-33.86,33.86,0,,,,,,,,,
5741,0,0,0,0,0,0,0,-33.89,0,0,33.89,0,-33.89,33.89,0,,,,,,,,,
5751,0,0,0,0,0,0,0,-34.24,0,0,34.24,0,-34.24,34.24,0,,,,,,,,,
5761,0,0,0,0,0,0,0,-34.08,0,0,34.09,0,-34.09,34.09,0,,,,,,,,,
5771,0,0,0,0,0,0,0,-34.93,0,0,34.93,0,-34.93,34.93,0,,,,,,,,,
5781,0,0,0,0,0,0,0,-33.93,0,0,33.93,0,-33.93,33.93,0,,,,,,,,,
5791,0,0,0,0,0,0,0,-34.19,0,0,34.2,0,-34.19,34.2,0,,,,,,,,,
5801,0,0,0,0,0,0,0,-33.46,0,0,33.46,0,-33.46,33.46,0,,,,,,,,,
5811,0,0,0,0,0,0,0,-35.01,0,0,35.01,0,-35.01,35.01,0,,,,,,,,,
5821,0,0,0,0,0,0,0,-33.5,0,0,33.5,0,-33.5,33.5,0,,,,,,,,,
5831,0,0,0,0,0,0,0,-34.6,0,0,34.6,0,-34.6,34.6,0,,,,,,,,,
5841,0,0,0,0,0,0,0,-34.34,0,0,34.34,0,-34.34,34.34,0,,,,,,,,,
5851,0,0,0,0,0,0,0,-35.08,0,0,35.09,0,-35.08,35.09,0,,,,,,,,,
5861,0,0,0,0,0,0,0,-34.74,0,0,34.74,0,-34.74,34.74,0,,,,,,,,,
5871,0,0,0,0,0,0,0,-34.85,0,0,34.85,0,-34.85,34.85,0,,,,,,,,,
5881,0,0,0,0,0,0,0,-33.72,0,0,33.73,0,-33.72,33.73,0,,,,,,,,,
5891,0,0,0,0,0,0,0,-34.48,0,0,34.48,0,-34.48,34.48,0,,,,,,,,,
5901,0,0,0,0,0,0,0,-33.36,0,0,33.37,0,-33.37,33.37,0,,,,,,,,,
5911,0,0,0,0,0,0,0,-34.48,0,0,34.48,0,-34.48,34.48,0,,,,,,,,,
5921,0,0,0,0,0,0,0,-33.43,0,0,33.43,0,-33.43,33.43,0,,,,,,,,,
5931,0,0,0,0,0,0,0,-33.96,0,0,33.96,0,-33.96,33.96,0,,,,,,,,,
5941,0,0,0,0,0,0,0,-33.82,0,0,33.82,0,-33.82,33.82,0,,,,,,,,,
5951,0,0,0,0,0,0,0,-32.36,0,0,32.37,0,-32.36,32.37,0,,,,,,,,,
5961,0,0,0,0,0,0,0,-34.1,0,0,34.1,0,-34.1,34.1,0,,,,,,,,,
5971,0,0,0,0,0,0,0,-33.38,0,0,33.39,0,-33.39,33.39,0,,,,,,,,,
5981,0,0,0,0,0,0,0,-32.96,0,0,32.97,0,-32.96,32.97,0,,,,,,,,,
5991,0,0,0,0,0,0,0,-31.94,0,0,31.95,0,-31.94,31.95,0,,,,,,,,,
6001,0,0,0,0,0,0,0,-33.75,0,0,33.75,0,-33.75,33.75,0,,,,,,,,,
6011,0,0,0,0,0,0,0,-34.59,0,0,34.59,0,-34.59,34.59,0,,,,,,,,,
6021,0,0,0,0,0,0,0,-33.76,0,0,33.76,0,-33.76,33.76,0,,,,,,,,,
6031,0,0,0,0,0,0,0,-34.36,0,0,34.36,0,-34.36,34.36,0,,,,,,,,,
6041,0,0,0,0,0,0,0,-33.57,0,0,33.57,0,-33.57,33.57,0,,,,,,,,,
6051,0,0,0,0,0,0,0,-34.47,0,0,34.47,0,-34.47,34.47,0,,,,,,,,,
6061,0,0,0,0,0,0,0,-34.5,0,0,34.51,0,-34.51,34.51,0,,,,,,,,,
6071,0,0,0,0,0,0,0,-32.49,0,0,32.5,0,-32.5,32.5,0,,,,,,,,,
6081,0,0,0,0,0,0,0,-33.62,0,0,33.63,0,-33.63,33.63,0,,,,,,,,,
6091,0,0,0,0,0,0,0,-34.13,0,0,34.13,0,-34.13,34.13,0,,,,,,,,,
6101,0,0,0,0,0,0,0,-33.69,0,0,33.69,0,-33.69,33.69,0,,,,,,,,,
6111,0,0,0,0,0,0,0,-34.45,0,0,34.45,0,-34.45,34.45,0,,,,,,,,,
6121,0,0,0,0,0,0,0,-34.78,0,0,34.78,0,-34.78,34.78,0,,,,,,,,,
6131,0,0,0,0,0,0,0,-33.4,0,0,33.41,0,-33.41,33.41,0,,,,,,,,,
6141,0,0,0,0,0,0,0,-33.52,0,0,33.52,0,-33.52,33.52,0,,,,,,,,,
6151,0,0,0,0,0,0,0,-33.97,0,0,33.97,0,-33.97,33.97,0,,,,,,,,,
6161,0,0,0,0,0,0,0,-34.01,0,0,34.01,0,-34.01,34.01,0,,,,,,,,,
6171,0,0,0,0,0,0,0,-34.88,0,0,34.88,0,-34.88,34.88,0,,,,,,,,,
6181,0,0,0,0,0,0,0,-34.19,0,0,34.2,0,-34.2,34.2,0,,,,,,,,,
6191,0,0,0,0,0,0,0,-34.85,0,0,34.86,0,-34.86,34.86,0,,,,,,,,,
6201,0,0,0,0,0,0,0,-33.77,0,0,33.77,0,-33.77,33.77,0,,,,,,,,,
6211,0,0,0,0,0,0,0,-32.93,0,0,32.93,0,-32.93,32.93,0,,,,,,,,,
6221,0,0,0,0,0,0,0,-33.72,0,0,33.72,0,-33.72,33.72,0,,,,,,,,,
6231,0,0,0,0,0,0,0,-33.12,0,0,33.13,0,-33.12,33.13,0,,,,,,,,,
6241,0,0,0,0,0,0,0,-34.08,0,0,34.08,0,-34.08,34.08,0,,,,,,,,,
6251,0,0,0,0,0,0,0,-34.14,0,0,34.14,0,-34.14,34.14,0,,,,,,,,,
6261,0,0,0,0,0,0,0,-33.41,0,0,33.41,0,-33.41,33.41,0,,,,,,,,,
6271,0,0,0,0,0,0,0,-33.78,0,0,33.78,0,-33.78,33.78,0,,,,,,,,,
6281,0,0,0,0,0,0,0,-34.04,0,0,34.04,0,-34.04,34.04,0,,,,,,,,,
6291,0,0,0,0,0,0,0,-34.41,0,0,34.41,0,-34.41,34.41,0,,,,,,,,,
6301,0,0,0,0,0,0,0,-34.66,0,0,34.66,0,-34.66,34.66,0,,,,,,,,,
6311,0,0,0,0,0,0,0,-34.51,0,0,34.52,0,-34.52,34.52,0,,,,,,,,,
6321,0,0,0,0,0,0,0,-33.67,0,0,33.67,0,-33.67,33.67,0,,,,,,,,,
6331,0,0,0,0,0,0,0,-33.82,0,0,33.82,0,-33.82,33.82,0,,,,,,,,,
6341,0,0,0,0,0,0,0,-33.91,0,0,33.91,0,-33.91,33.91,0,,,,,,,,,
6351,0,0,0,0,0,0,0,-34.42,0,0,34.42,0,-34.42,34.42,0,,,,,,,,,
6361,0,0,0,0,0,0,0,-34.35,0,0,34.35,0,-34.35,34.35,0,,,,,,,,,
6371,0,0,0,0,0,0,0,-33.53,0,0,33.53,0,-33.53,33.53,0,,,,,,,,,
6381,0,0,0,0,0,0,0,-34.17,0,0,34.18,0,-34.18,34.18,0,,,,,,,,,
6391,0,0,0,0,0,0,0,-34.36,0,0,34.36,0,-34.36,34.36,0,,,,,,,,,
6401,0,0,0,0,0,0,0,-35.04,0,0,35.04,0,-35.04,35.04,0,,,,,,,,,
6411,0,0,0,0,0,0,0,-33.15,0,0,33.16,0,-33.16,33.16,0,,,,,,,,,
6421,0,0,0,0,0,0,0,-34.5,0,0,34.5,0,-34.5,34.5,0,,,,,,,,,
6431,0,0,0,0,0,0,0,-34.58,0,0,34.59,0,-34.59,34.59,0,,,,,,,,,
6441,0,0,0,0,0,0,0,-35.5,0,0,35.5,0,-35.51,35.5,0,,,,,,,,,
6451,0,0,0,0,0,0,0,-35.12,0,0,35.12,0,-35.12,35.12,0,,,,,,,,,
6461,0,0,0,0,0,0,0,-35.01,0,0,35.01,0,-35.01,35.01,0,,,,,,,,,
6471,0,0,0,0,0,0,0,-34.68,0,0,34.69,0,-34.69,34.69,0,,,,,,,,,
6481,0,0,0,0,0,0,0,-35.4,0,0,35.4,0,-35.4,35.4,0,,,,,,,,,
6491,0,0,0,0,0,0,0,-35.19,0,0,35.19,0,-35.19,35.19,0,,,,,,,,,
6501,0,0,0,0,0,0,0,-36.41,0,0,36.41,0,-36.41,36.41,0,,,,,,,,,
6511,0,0,0,0,0,0,0,-36.13,0,0,36.13,0,-36.13,36.13,0,,,,,,,,,
6521,0,0,0,0,0,0,0,-34.97,0,0,34.97,0,-34.97,34.97,0,,,,,,,,,
6531,0,0,0,0,0,0,0,-36.32,0,0,36.32,0,-36.33,36.32,0,,,,,,,,,
6541,0,0,0,0,0,0,0,-35.62,0,0,35.63,0,-35.63,35.63,0,,,,,,,,,
6551,0,0,0,0,0,0,0,-36.94,0,0,36.94,0,-36.95,36.94,0,,,,,,,,,
6561,0,0,0,0,0,0,0,-37.35,0,0,37.35,0,-37.36,37.35,0,,,,,,,,,
6571,0,0,0,0,0,0,0,-34.99,0,0,35,0,-35,35,0,,,,,,,,,
6581,0,0,0,0,0,0,0,-33.94,0,0,33.95,0,-33.95,33.95,0,,,,,,,,,
6591,0,0,0,0,0,0,0,-34.58,0,0,34.58,0,-34.58,34.58,0,,,,,,,,,
6601,0,0,0,0,0,0,0,-34.5,0,0,34.5,0,-34.5,34.5,0,,,,,,,,,
6611,0,0,0,0,0,0,0,-35.1,0,0,35.1,0,-35.1,35.1,0,,,,,,,,,
6621,0,0,0,0,0,0,0,-36.47,0,0,36.47,0,-36.47,36.47,0,,,,,,,,,
6631,0,0,0,0,0,0,0,-35.46,0,0,35.46,0,-35.46,35.46,0,,,,,,,,,
6641,0,0,0,0,0,0,0,-36.27,0,0,36.28,0,-36.27,36.28,0,,,,,,,,,
6651,0,0,0,0,0,0,0,-35.38,0,0,35.38,0,-35.38,35.38,0,,,,,,,,,
6661,0,0,0,0,0,0,0,-34.33,0,0,34.33,0,-34.33,34.33,0,,,,,,,,,
6671,0,0,0,0,0,0,0,-34.97,0,0,34.97,0,-34.97,34.97,0,,,,,,,,,
6681,0,0,0,0,0,0,0,-35.17,0,0,35.17,0,-35.17,35.17,0,,,,,,,,,
6691,0,0,0,0,0,0,0,-35.34,0,0,35.35,0,-35.35,35.35,0,,,,,,,,,
6701,0,0,0,0,0,0,0,-36.85,0,0,36.86,0,-36.86,36.86,0,,,,,,,,,
6711,0,0,0,0,0,0,0,-34.95,0,0,34.95,0,-34.95,34.95,0,,,,,,,,,
6721,0,0,0,0,0,0,0,-35.51,0,0,35.51,0,-35.51,35.51,0,,,,,,,,,
6731,0,0,0,0,0,0,0,-35.48,0,0,35.48,0,-35.48,35.48,0,,,,,,,,,
6741,0,0,0,0,0,0,0,-36.11,0,0,36.11,0,-36.11,36.11,0,,,,,,,,,
6751,0,0,0,0,0,0,0,-35.42,0,0,35.42,0,-35.42,35.42,0,,,,,,,,,
6761,0,0,0,0,0,0,0,-33.51,0,0,33.51,0,-33.51,33.51,0,,,,,,,,,
6771,0,0,0,0,0,0,0,-33.25,0,0,33.25,0,-33.25,33.25,0,,,,,,,,,
6781,0,0,0,0,0,0,0,-33.41,0,0,33.42,0,-33.42,33.42,0,,,,,,,,,
6791,0,0,0,0,0,0,0,-33.02,0,0,33.02,0,-33.02,33.02,0,,,,,,,,,
6801,0,0,0,0,0,0,0,-34.5,0,0,34.51,0,-34.5,34.51,0,,,,,,,,,
6811,0,0,0,0,0,0,0,-34.78,0,0,34.78,0,-34.78,34.78,0,,,,,,,,,
6821,0,0,0,0,0,0,0,-34.73,0,0,34.73,0,-34.73,34.73,0,,,,,,,,,
6831,0,0,0,0,0,0,0,-33.73,0,0,33.73,0,-33.73,33.73,0,,,,,,,,,
6841,0,0,0,0,0,0,0,-33.34,0,0,33.34,0,-33.34,33.34,0,,,,,,,,,
6851,0,0,0,0,0,0,0,-33.58,0,0,33.58,0,-33.58,33.58,0,,,,,,,,,
6861,0,0,0,0,0,0,-34.79,-258,0,0,274.92,-4.82,-292.79,270.1,-22.68,,,,,,,,,
6871,0,0,0,0,0,0,-34.86,-248.26,0,0,267.14,-4.87,-283.12,262.27,-20.85,,,,,,,,,
6881,0,0,0,0,0,0,0,-34.7,0,0,34.7,0,-34.7,34.7,0,,,,,,,,,
6891,0,0,0,0,0,0,0,-35.16,0,0,35.16,0,-35.16,35.16,0,,,,,,,,,
6901,0,0,0,0,0,0,0,-34.69,0,0,34.69,0,-34.69,34.69,0,,,,,,,,,
6911,0,0,0,0,0,0,0,-35.03,0,0,35.03,0,-35.03,35.03,0,,,,,,,,,
6921,0,0,0,0,0,0,-28.9,-252.36,0,0,268.16,-4.9,-281.26,263.26,-18,,,,,,,,,
6931,0,0,0,0,0,0,0,-34.72,0,0,34.73,0,-34.72,34.73,0,,,,,,,,,
6941,0,0,0,0,0,0,0,-35.43,0,0,35.43,0,-35.43,35.43,0,,,,,,,,,
6951,0,0,0,0,0,0,-31.82,-248.1,0,0,264.77,-4.75,-279.92,260.02,-19.9,,,,,,,,,
6961,0,0,0,0,0,0,-34.18,-251.75,0,0,266.79,-4.72,-285.93,262.06,-23.86,,,,,,,,,
6971,0,0,0,0,0,0,0,-32.53,0,0,32.53,0,-32.53,32.53,0,,,,,,,,,
6981,0,0,0,0,0,0,-34.52,-253.45,0,0,271.07,-4.77,-287.97,266.3,-21.67,,,,,,,,,
6991,0,0,0,0,0,0,-32.31,-251.21,0,0,265.73,-4.6,-283.52,261.12,-22.39,,,,,,,,,
7001,0,0,0,0,0,0,-31.87,-260.29,0,0,274.38,-4.61,-292.16,269.77,-22.39,,,,,,,,,
7011,0,0,0,0,0,0,0,-35.5,0,0,35.5,0,-35.5,35.5,0,,,,,,,,,
7021,0,0,0,0,0,0,0,-24.39,0,0,24.39,0,-24.39,24.39,0,,,,,,,,,
7031,0,0,0,0,0,0,0,-33.9,0,0,33.9,0,-33.9,33.9,0,,,,,,,,,
7041,0,0,0,0,0,0,-32.34,-258.4,0,0,273.09,-4.62,-290.74,268.47,-22.27,,,,,,,,,
7051,0,0,0,0,0,0,0,-34.15,0,0,34.16,0,-34.15,34.16,0,,,,,,,,,
7061,0,0,0,0,0,0,0,-24.14,0,0,24.14,0,-24.14,24.14,0,,,,,,,,,
7071,0,0,0,0,0,0,0,-34.38,0,0,34.38,0,-34.38,34.38,0,,,,,,,,,
7081,0,0,0,0,0,0,0,-34.11,0,0,34.11,0,-34.11,34.11,0,,,,,,,,,
7091,0,0,0,0,0,0,0,-33.1,0,0,33.11,0,-33.11,33.11,0,,,,,,,,,
7101,0,0,0,0,0,0,-31.17,-269.65,0,0,286.59,-5,-300.82,281.59,-19.23,,,,,,,,,
7111,0,0,0,0,0,0,0,-24.36,0,0,24.36,0,-24.36,24.36,0,,,,,,,,,
7121,0,0,0,0,0,0,0,-32.48,0,0,32.49,0,-32.48,32.49,0,,,,,,,,,
7131,0,0,0,0,0,0,0,-34.47,0,0,34.48,0,-34.48,34.48,0,,,,,,,,,
7141,0,0,0,0,0,0,0,-24.32,0,0,24.32,0,-24.32,24.32,0,,,,,,,,,
7151,0,0,0,0,0,0,0,-24.56,0,0,24.56,0,-24.56,24.56,0,,,,,,,,,
7161,0,0,0,0,0,0,0,-24.8,0,0,24.8,0,-24.8,24.8,0,,,,,,,,,
7171,0,0,0,0,0,0,0,-24.68,0,0,24.68,0,-24.68,24.68,0,,,,,,,,,
7181,0,0,0,0,0,0,-30.91,-252.73,0,0,266.94,-4.81,-283.64,262.14,-21.51,,,,,,,,,
7191,0,0,0,0,0,0,0,-34.95,0,0,34.95,0,-34.95,34.95,0,,,,,,,,,
7201,0,0,0,0,0,0,0,-24.64,0,0,24.64,0,-24.64,24.64,0,,,,,,,,,
7211,0,0,0,0,0,0,0,-24.86,0,0,24.86,0,-24.86,24.86,0,,,,,,,,,
7221,0,0,0,0,0,0,0,-25.26,0,0,25.26,0,-25.26,25.26,0,,,,,,,,,
7231,0,0,0,0,0,0,0,-25.29,0,0,25.29,0,-25.29,25.29,0,,,,,,,,,
7241,0,0,0,0,0,0,0,-34.91,0,0,34.92,0,-34.92,34.92,0,,,,,,,,,
7251,0,0,0,0,0,0,0,-25.1,0,0,25.1,0,-25.1,25.1,0,,,,,,,,,
7261,0,0,0,0,0,0,0,-24.52,0,0,24.52,0,-24.52,24.52,0,,,,,,,,,
7271,0,0,0,0,0,0,0,-24.78,0,0,24.78,0,-24.78,24.78,0,,,,,,,,,
7281,0,0,0,0,0,0,0,-24.91,0,0,24.91,0,-24.91,24.91,0,,,,,,,,,
7291,0,0,0,0,0,0,0,-24.65,0,0,24.65,0,-24.65,24.65,0,,,,,,,,,
7301,0,0,0,0,0,0,0,-24.88,0,0,24.88,0,-24.88,24.88,0,,,,,,,,,
7311,0,0,0,0,0,0,0,-24.48,0,0,24.48,0,-24.48,24.48,0,,,,,,,,,
7321,0,0,0,0,0,0,0,-24.48,0,0,24.48,0,-24.48,24.48,0,,,,,,,,,
7331,0,0,0,0,0,0,0,-34.81,0,0,34.82,0,-34.82,34.82,0,,,,,,,,,
7341,0,0,0,0,0,0,0,-24.58,0,0,24.58,0,-24.58,24.58,0,,,,,,,,,
7351,0,0,0,0,0,0,0,-24.62,0,0,24.62,0,-24.62,24.62,0,,,,,,,,,
7361,0,0,0,0,0,0,0,-24.46,0,0,24.46,0,-24.46,24.46,0,,,,,,,,,
7371,0,0,0,0,0,0,0,-24.81,0,0,24.81,0,-24.81,24.81,0,,,,,,,,,
7381,0,0,0,0,0,0,0,-36.15,0,0,36.15,0,-36.15,36.15,0,,,,,,,,,
7391,0,0,0,0,0,0,0,-36.19,0,0,36.19,0,-36.19,36.19,0,,,,,,,,,
7401,0,0,0,0,0,0,-31.88,-252.56,0,0,268.03,-4.64,-284.43,263.39,-21.05,,,,,,,,,
7411,0,0,0,0,0,0,0,-36.09,0,0,36.09,0,-36.09,36.09,0,,,,,,,,,
7421,0,0,0,0,0,0,0,-37.11,0,0,37.11,0,-37.11,37.11,0,,,,,,,,,
7431,0,0,0,0,0,0,-32.06,-260.23,0,0,275.17,-4.88,-292.29,270.3,-21.99,,,,,,,,,
7441,0,0,0,0,0,0,0,-36.4,0,0,36.4,0,-36.4,36.4,0,,,,,,,,,
7451,0,0,0,0,0,0,0,-24.8,0,0,24.8,0,-24.8,24.8,0,,,,,,,,,
7461,0,0,0,0,0,0,0,-37.32,0,0,37.32,0,-37.32,37.32,0,,,,,,,,,
7471,0,0,0,0,0,0,0,-34.39,0,0,34.39,0,-34.39,34.39,0,,,,,,,,,
7481,0,0,0,0,0,0,0,-36.76,0,0,36.76,0,-36.76,36.76,0,,,,,,,,,
7491,0,0,0,0,0,0,0,-36.84,0,0,36.84,0,-36.84,36.84,0,,,,,,,,,
7501,0,0,0,0,0,0,0,-33.52,0,0,33.53,0,-33.53,33.53,0,,,,,,,,,
7511,0,0,0,0,0,0,0,-32.43,0,0,32.43,0,-32.43,32.43,0,,,,,,,,,
7521,0,0,0,0,0,0,0,-33.64,0,0,33.64,0,-33.64,33.64,0,,,,,,,,,
7531,0,0,0,0,0,0,0,-34.39,0,0,34.4,0,-34.39,34.4,0,,,,,,,,,
7541,0,0,0,0,0,0,0,-34.66,0,0,34.66,0,-34.66,34.66,0,,,,,,,,,
7551,0,0,0,0,0,0,-32.87,-254.42,0,0,270.47,-4.72,-287.29,265.75,-21.54,,,,,,,,,
7561,0,0,0,0,0,0,0,-33.31,0,0,33.32,0,-33.32,33.32,0,,,,,,,,,
7571,0,0,0,0,0,0,-31.74,-249.74,0,0,265.52,-4.67,-281.48,260.84,-20.63,,,,,,,,,
7581,0,0,0,0,0,0,0,-35.07,0,0,35.07,0,-35.07,35.07,0,,,,,,,,,
7591,0,0,0,0,0,0,-32.79,-244.71,0,0,260.62,-4.66,-277.5,255.96,-21.54,,,,,,,,,
7601,0,0,0,0,0,0,0,-34.44,0,0,34.44,0,-34.44,34.44,0,,,,,,,,,
7611,0,0,0,0,0,0,0,-36.73,0,0,36.73,0,-36.74,36.73,0,,,,,,,,,
7621,0,0,0,0,0,0,0,-34.42,0,0,34.42,0,-34.42,34.42,0,,,,,,,,,
7631,0,0,0,0,0,0,0,-35.23,0,0,35.23,0,-35.23,35.23,0,,,,,,,,,
7641,0,0,0,0,0,0,0,-34.24,0,0,34.25,0,-34.24,34.25,0,,,,,,,,,
7651,0,0,0,0,0,0,0,-33.76,0,0,33.77,0,-33.76,33.77,0,,,,,,,,,
7661,0,0,0,0,0,0,0,-33.52,0,0,33.53,0,-33.53,33.53,0,,,,,,,,,
7671,0,0,0,0,0,0,0,-34.25,0,0,34.25,0,-34.25,34.25,0,,,,,,,,,
7681,0,0,0,0,0,0,0,-33.01,0,0,33.01,0,-33.01,33.01,0,,,,,,,,,
7691,0,0,0,0,0,0,0,-34.36,0,0,34.36,0,-34.36,34.36,0,,,,,,,,,
7701,0,0,0,0,0,0,0,-34.53,0,0,34.53,0,-34.53,34.53,0,,,,,,,,,
7711,0,0,0,0,0,0,-32.58,-251.55,0,0,270.38,-4.55,-284.13,265.83,-18.3,,,,,,,,,
7721,0,0,0,0,0,0,0,-34.14,0,0,34.14,0,-34.14,34.14,0,,,,,,,,,
7731,0,0,0,0,0,0,-33.65,-248.88,0,0,266.02,-4.93,-282.53,261.09,-21.44,,,,,,,,,
7741,0,0,0,0,0,0,-33.59,-241.22,0,0,256.91,-4.7,-274.81,252.21,-22.6,,,,,,,,,
7751,0,0,0,0,0,0,-34.32,-242.51,0,0,256.59,-4.7,-276.83,251.89,-24.94,,,,,,,,,
7761,0,0,0,0,0,0,-34.89,-246.21,0,0,265.46,-4.79,-281.1,260.67,-20.43,,,,,,,,,
7771,0,0,0,0,0,0,-36.25,-248.03,0,0,267.32,-4.84,-284.28,262.48,-21.8,,,,,,,,,
7781,0,0,0,0,0,0,0,-33.14,0,0,33.15,0,-33.14,33.15,0,,,,,,,,,
7791,0,0,0,0,0,0,0,-34.18,0,0,34.18,0,-34.18,34.18,0,,,,,,,,,
7801,0,0,0,0,0,0,0,-36.07,0,0,36.07,0,-36.07,36.07,0,,,,,,,,,
7811,0,0,0,0,0,0,-33.52,-257.37,0,0,272.48,-4.89,-290.89,267.59,-23.3,,,,,,,,,
7821,0,0,0,0,0,0,-33.09,-263.39,0,0,279.03,-4.48,-296.47,274.56,-21.92,,,,,,,,,
7831,0,0,0,0,0,0,-33.88,-256.65,0,0,272.2,-4.44,-290.53,267.76,-22.76,,,,,,,,,
7841,0,0,0,0,0,0,-36.3,-252.6,0,0,271.79,-4.54,-288.9,267.24,-21.65,,,,,,,,,
7851,0,0,0,0,0,0,-35.19,-248.03,0,0,265.66,-4.73,-283.21,260.93,-22.28,,,,,,,,,
7861,0,0,0,0,0,0,-34.39,-253.18,0,0,273.71,-4.69,-287.56,269.02,-18.55,,,,,,,,,
7871,0,0,0,0,0,0,-35.28,-250.48,0,0,270.36,-4.58,-285.76,265.78,-19.99,,,,,,,,,
7881,0,0,0,0,0,0,-34.13,-233.87,0,0,255.93,-4.59,-268,251.34,-16.66,,,,,,,,,
7891,0,0,0,0,0,0,-34.52,-246.83,0,0,265.57,-4.7,-281.35,260.87,-20.48,,,,,,,,,
7901,0,0,0,0,0,0,0,-36.42,0,0,36.43,0,-36.43,36.43,0,,,,,,,,,
7911,0,0,0,0,0,0,-30.65,-252.03,0,0,270.79,-4.63,-282.68,266.16,-16.53,,,,,,,,,
7921,0,0,0,0,0,0,0,-24.95,0,0,24.95,0,-24.95,24.95,0,,,,,,,,,
7931,0,0,0,0,0,0,0,-25.28,0,0,25.28,0,-25.28,25.28,0,,,,,,,,,
7941,0,0,0,0,0,0,0,-34.67,0,0,34.67,0,-34.67,34.67,0,,,,,,,,,
7951,0,0,0,0,0,0,0,-35.4,0,0,35.4,0,-35.4,35.4,0,,,,,,,,,
7961,0,0,0,0,0,0,0,-35.63,0,0,35.63,0,-35.63,35.63,0,,,,,,,,,
7971,0,0,0,0,0,0,-36.65,-250.89,0,0,270.32,-4.93,-287.54,265.39,-22.16,,,,,,,,,
7981,0,0,0,0,0,0,0,-35.53,0,0,35.53,0,-35.53,35.53,0,,,,,,,,,
7991,0,0,0,0,0,0,0,-35.27,0,0,35.27,0,-35.27,35.27,0,,,,,,,,,
8001,0,0,0,0,0,0,-35.29,-257.02,0,0,272.76,-4.87,-292.31,267.9,-24.41,,,,,,,,,
8011,0,0,0,0,0,0,-36.34,-240.39,0,0,261.21,-4.68,-276.73,256.53,-20.2,,,,,,,,,
8021,0,0,0,0,0,0,-34.21,-250.31,0,0,268.16,-4.66,-284.52,263.49,-21.02,,,,,,,,,
8031,0,0,0,0,0,0,-37.38,-251.76,0,0,272.95,-4.91,-289.14,268.05,-21.09,,,,,,,,,
8041,0,0,0,0,0,0,-33.76,-244.87,0,0,263.68,-4.56,-278.63,259.12,-19.5,,,,,,,,,
8051,0,0,0,0,0,0,-34.02,-252.65,0,0,271.76,-4.47,-286.67,267.28,-19.38,,,,,,,,,
8061,0,0,0,0,0,0,-33.95,-251.39,0,0,268.65,-4.65,-285.34,264,-21.34,,,,,,,,,
8071,0,0,0,0,0,0,-35.36,-253.34,0,0,272.68,-5.04,-288.7,267.64,-21.06,,,,,,,,,
8081,0,0,0,0,0,0,-31.5,-252.89,0,0,267.31,-4.64,-284.39,262.66,-21.73,,,,,,,,,
8091,0,0,0,0,0,0,-33.3,-263.02,0,0,278.78,-4.75,-296.32,274.03,-22.29,,,,,,,,,
8101,0,0,0,0,0,0,-32.71,-260.06,0,0,275.77,-4.57,-292.77,271.21,-21.56,,,,,,,,,
8111,0,0,0,0,0,0,-30.44,-259.11,0,0,274.66,-4.88,-289.55,269.78,-19.77,,,,,,,,,
8121,0,0,0,0,0,0,-34.56,-249.05,0,0,265.45,-4.74,-283.6,260.71,-22.9,,,,,,,,,
8131,0,0,0,0,0,0,-32.54,-250.4,0,0,263.75,-4.66,-282.94,259.1,-23.84,,,,,,,,,
8141,0,0,0,0,0,0,-33.55,-257.27,0,0,273.12,-4.74,-290.81,268.38,-22.43,,,,,,,,,
8151,0,0,0,0,0,0,-32.48,-260.24,0,0,276.13,-4.75,-292.72,271.38,-21.35,,,,,,,,,
8161,0,0,0,0,0,0,0,-36.33,0,0,36.33,0,-36.33,36.33,0,,,,,,,,,
8171,0,0,0,0,0,0,-35.29,-258.93,0,0,275.89,-4.62,-294.22,271.26,-22.96,,,,,,,,,
8181,0,0,0,0,0,0,-33,-255.31,0,0,273.68,-4.7,-288.31,268.98,-19.33,,,,,,,,,
8191,0,0,0,0,0,0,-33.55,-257.53,0,0,273.68,-4.56,-291.08,269.12,-21.96,,,,,,,,,
8201,0,0,0,0,0,0,0,-35.25,0,0,35.26,0,-35.26,35.26,0,,,,,,,,,
8211,0,0,0,0,0,0,-32.93,-259.8,0,0,276.1,-4.61,-292.73,271.49,-21.24,,,,,,,,,
8221,0,0,0,0,0,0,-30.84,-261.46,0,0,275.9,-4.8,-292.3,271.1,-21.2,,,,,,,,,
8231,0,0,0,0,0,0,0,-36.09,0,0,36.09,0,-36.09,36.09,0,,,,,,,,,
8241,0,0,0,0,0,0,-34,-257.51,0,0,273.79,-4.81,-291.52,268.98,-22.54,,,,,,,,,
8251,0,0,0,0,0,0,-32.68,-258.55,0,0,276.1,-4.53,-291.23,271.58,-19.65,,,,,,,,,
8261,0,0,0,0,0,0,-32.16,-264.36,0,0,279.03,-4.72,-296.52,274.31,-22.22,,,,,,,,,
8271,0,0,0,0,0,0,0,-35.59,0,0,35.59,0,-35.59,35.59,0,,,,,,,,,
8281,0,0,0,0,0,0,0,-35.42,0,0,35.42,0,-35.42,35.42,0,,,,,,,,,
8291,0,0,0,0,0,0,0,-34.26,0,0,34.27,0,-34.26,34.27,0,,,,,,,,,
8301,0,0,0,0,0,0,0,-35.04,0,0,35.05,0,-35.05,35.05,0,,,,,,,,,
8311,0,0,0,0,0,0,0,-36.82,0,0,36.82,0,-36.82,36.82,0,,,,,,,,,
8321,0,0,0,0,0,0,0,-36.34,0,0,36.34,0,-36.34,36.34,0,,,,,,,,,
8331,0,0,0,0,0,0,0,-36.8,0,0,36.8,0,-36.8,36.8,0,,,,,,,,,
8341,0,0,0,0,0,0,0,-37.9,0,0,37.9,0,-37.9,37.9,0,,,,,,,,,
8351,0,0,0,0,0,0,0,-36.87,0,0,36.87,0,-36.87,36.87,0,,,,,,,,,
8361,0,0,0,0,0,0,0,-34.95,0,0,34.95,0,-34.95,34.95,0,,,,,,,,,
8371,0,0,0,0,0,0,0,-36.35,0,0,36.35,0,-36.35,36.35,0,,,,,,,,,
8381,0,0,0,0,0,0,0,-35.85,0,0,35.86,0,-35.86,35.86,0,,,,,,,,,
8391,0,0,0,0,0,0,0,-34.35,0,0,34.35,0,-34.35,34.35,0,,,,,,,,,
8401,0,0,0,0,0,0,0,-35.42,0,0,35.43,0,-35.42,35.43,0,,,,,,,,,
8411,0,0,0,0,0,0,0,-35.12,0,0,35.12,0,-35.12,35.12,0,,,,,,,,,
8421,0,0,0,0,0,0,0,-34.81,0,0,34.81,0,-34.81,34.81,0,,,,,,,,,
8431,0,0,0,0,0,0,0,-34.75,0,0,34.75,0,-34.75,34.75,0,,,,,,,,,
8441,0,0,0,0,0,0,0,-35.83,0,0,35.83,0,-35.83,35.83,0,,,,,,,,,
8451,0,0,0,0,0,0,0,-33.61,0,0,33.61,0,-33.61,33.61,0,,,,,,,,,
8461,0,0,0,0,0,0,0,-34.26,0,0,34.27,0,-34.27,34.27,0,,,,,,,,,
8471,0,0,0,0,0,0,0,-34,0,0,34,0,-34,34,0,,,,,,,,,
8481,0,0,0,0,0,0,0,-34.4,0,0,34.41,0,-34.41,34.41,0,,,,,,,,,
8491,0,0,0,0,0,0,0,-34.13,0,0,34.13,0,-34.13,34.13,0,,,,,,,,,
8501,0,0,0,0,0,0,0,-36.05,0,0,36.05,0,-36.05,36.05,0,,,,,,,,,
8511,0,0,0,0,0,0,0,-33.73,0,0,33.74,0,-33.73,33.74,0,,,,,,,,,
8521,0,0,0,0,0,0,0,-34.39,0,0,34.39,0,-34.39,34.39,0,,,,,,,,,
8531,0,0,0,0,0,0,-35.33,-256,0,0,274.49,-4.79,-291.34,269.69,-21.65,,,,,,,,,
8541,0,0,0,0,0,0,-30.34,-260.89,0,0,275.62,-4.75,-291.23,270.87,-20.36,,,,,,,,,
8551,0,0,0,0,0,0,0,-33.83,0,0,33.84,0,-33.84,33.84,0,,,,,,,,,
8561,0,0,0,0,0,0,-31.79,-261.46,0,0,278.37,-4.63,-293.26,273.75,-19.51,,,,,,,,,
8571,0,0,0,0,0,0,-33.15,-258.02,0,0,274.36,-4.62,-291.17,269.74,-21.44,,,,,,,,,
8581,0,0,0,0,0,0,-32.68,-262.14,0,0,279.35,-4.65,-294.82,274.7,-20.12,,,,,,,,,
8591,0,0,0,0,0,0,-31.7,-246.9,0,0,264.31,-4.57,-278.6,259.75,-18.86,,,,,,,,,
8601,0,0,0,0,0,0,-33.87,-261.57,0,0,277.88,-4.82,-295.44,273.06,-22.38,,,,,,,,,
8611,0,0,0,0,0,0,-32.37,-248.78,0,0,269.32,-4.68,-281.14,264.64,-16.51,,,,,,,,,
8621,0,0,0,0,0,0,-29.87,-259.93,0,0,275.29,-4.66,-289.8,270.63,-19.17,,,,,,,,,
8631,0,0,0,0,0,0,-30.53,-249.79,0,0,263.57,-4.76,-280.32,258.81,-21.51,,,,,,,,,
8641,0,0,0,0,0,0,0,-35.83,0,0,35.83,0,-35.83,35.83,0,,,,,,,,,
8651,0,0,0,0,0,0,0,-33.8,0,0,33.81,0,-33.8,33.81,0,,,,,,,,,
8661,0,0,0,0,0,0,0,-34.07,0,0,34.07,0,-34.07,34.07,0,,,,,,,,,
8671,0,0,0,0,0,0,0,-33.54,0,0,33.55,0,-33.55,33.55,0,,,,,,,,,
8681,0,0,0,0,0,0,0,-35.22,0,0,35.22,0,-35.22,35.22,0,,,,,,,,,
8691,0,0,0,0,0,0,0,-35.44,0,0,35.45,0,-35.45,35.45,0,,,,,,,,,
8701,0,0,0,0,0,0,0,-34.07,0,0,34.07,0,-34.07,34.07,0,,,,,,,,,
8711,0,0,0,0,0,0,0,-36.42,0,0,36.42,0,-36.42,36.42,0,,,,,,,,,
8721,0,0,0,0,0,0,0,-35.17,0,0,35.17,0,-35.17,35.17,0,,,,,,,,,
8731,0,0,0,0,0,0,0,-34.83,0,0,34.84,0,-34.84,34.84,0,,,,,,,,,
8741,0,0,0,0,0,0,0,-34,0,0,34,0,-34,34,0,,,,,,,,,
8751,0,0,0,0,0,0,-34.41,-265.77,0,0,281.3,-4.73,-300.18,276.57,-23.61,,,,,,,,,
8761,0,0,0,0,0,0,-34.05,-251.13,0,0,267.96,-4.69,-285.17,263.27,-21.9,,,,,,,,,
8771,0,0,0,0,0,0,-27.65,-247.18,0,0,262.99,-4.74,-274.84,258.25,-16.59,,,,,,,,,
8781,0,0,0,0,0,0,-32.44,-253.95,0,0,270.26,-4.85,-286.39,265.41,-20.98,,,,,,,,,
8791,0,0,0,0,0,0,0,-33.46,0,0,33.47,0,-33.46,33.47,0,,,,,,,,,
8801,0,0,0,0,0,0,0,-34.58,0,0,34.58,0,-34.58,34.58,0,,,,,,,,,
8811,0,0,0,0,0,0,0,-35.33,0,0,35.33,0,-35.33,35.33,0,,,,,,,,,
8821,0,0,0,0,0,0,0,-35.14,0,0,35.14,0,-35.14,35.14,0,,,,,,,,,
8831,0,0,0,0,0,0,0,-36.36,0,0,36.36,0,-36.36,36.36,0,,,,,,,,,
8841,0,0,0,0,0,0,0,-35.27,0,0,35.27,0,-35.27,35.27,0,,,,,,,,,
8851,0,0,0,0,0,0,0,-34.51,0,0,34.51,0,-34.51,34.51,0,,,,,,,,,
8861,0,0,0,0,0,0,-31.26,-248.38,0,0,266.08,-4.72,-279.64,261.36,-18.28,,,,,,,,,
8871,0,0,0,0,0,0,-32.78,-255.23,0,0,272.84,-4.73,-288,268.11,-19.89,,,,,,,,,
8881,0,0,0,0,0,0,-34.96,-268.78,0,0,285.44,-4.89,-303.74,280.55,-23.18,,,,,,,,,
8891,0,0,0,0,0,0,-30.88,-264.85,0,0,279.21,-4.88,-295.73,274.33,-21.4,,,,,,,,,
8901,0,0,0,0,0,0,-31.65,-265.38,0,0,278.78,-4.55,-297.03,274.23,-22.8,,,,,,,,,
8911,0,0,0,0,0,0,-28.17,-263.64,0,0,278.16,-4.55,-291.81,273.6,-18.21,,,,,,,,,
8921,0,0,0,0,0,0,0,-34.16,0,0,34.16,0,-34.16,34.16,0,,,,,,,,,
8931,0,0,0,0,0,0,0,-32.72,0,0,32.72,0,-32.72,32.72,0,,,,,,,,,
8941,0,0,0,0,0,0,0,-33.78,0,0,33.78,0,-33.78,33.78,0,,,,,,,,,
8951,0,0,0,0,0,0,0,-35.83,0,0,35.83,0,-35.83,35.83,0,,,,,,,,,
8961,0,0,0,0,0,0,0,-34.83,0,0,34.84,0,-34.83,34.84,0,,,,,,,,,
8971,0,0,0,0,0,0,0,-34.88,0,0,34.89,0,-34.88,34.89,0,,,,,,,,,
8981,0,0,0,0,0,0,0,-34.69,0,0,34.69,0,-34.69,34.69,0,,,,,,,,,
8991,0,0,0,0,0,0,0,-33.29,0,0,33.29,0,-33.29,33.29,0,,,,,,,,,
9001,0,0,0,0,0,0,0,-34.22,0,0,34.23,0,-34.22,34.23,0,,,,,,,,,
9011,0,0,0,0,0,0,0,-33.73,0,0,33.74,0,-33.74,33.74,0,,,,,,,,,
9021,0,0,0,0,0,0,0,-35.17,0,0,35.18,0,-35.18,35.18,0,,,,,,,,,
9031,0,0,0,0,0,0,0,-33.18,0,0,33.19,0,-33.19,33.19,0,,,,,,,,,
9041,0,0,0,0,0,0,0,-34.23,0,0,34.24,0,-34.23,34.24,0,,,,,,,,,
9051,0,0,0,0,0,0,0,-33.27,0,0,33.28,0,-33.28,33.28,0,,,,,,,,,
9061,0,0,0,0,0,0,0,-33.42,0,0,33.43,0,-33.42,33.43,0,,,,,,,,,
9071,0,0,0,0,0,0,0,-34.38,0,0,34.38,0,-34.38,34.38,0,,,,,,,,,
9081,0,0,0,0,0,0,0,-34.57,0,0,34.57,0,-34.57,34.57,0,,,,,,,,,
9091,0,0,0,0,0,0,0,-32.46,0,0,32.46,0,-32.46,32.46,0,,,,,,,,,
9101,0,0,0,0,0,0,0,-33.83,0,0,33.84,0,-33.84,33.84,0,,,,,,,,,
9111,0,0,0,0,0,0,0,-33.5,0,0,33.51,0,-33.5,33.51,0,,,,,,,,,
9121,0,0,0,0,0,0,0,-34.99,0,0,35,0,-35,35,0,,,,,,,,,
9131,0,0,0,0,0,0,0,-33.42,0,0,33.43,0,-33.42,33.43,0,,,,,,,,,
9141,0,0,0,0,0,0,0,-33.91,0,0,33.91,0,-33.91,33.91,0,,,,,,,,,
9151,0,0,0,0,0,0,0,-33.6,0,0,33.6,0,-33.6,33.6,0,,,,,,,,,
9161,0,0,0,0,0,0,0,-33.85,0,0,33.85,0,-33.85,33.85,0,,,,,,,,,
9171,0,0,0,0,0,0,0,-33.75,0,0,33.75,0,-33.75,33.76,0,,,,,,,,,
9181,0,0,0,0,0,0,0,-34.25,0,0,34.26,0,-34.26,34.26,0,,,,,,,,,
9191,0,0,0,0,0,0,0,-34.64,0,0,34.65,0,-34.65,34.65,0,,,,,,,,,
9201,0,0,0,0,0,0,0,-32.76,0,0,32.76,0,-32.76,32.76,0,,,,,,,,,
9211,0,0,0,0,0,0,0,-25.63,0,0,25.63,0,-25.63,25.63,0,,,,,,,,,
9221,0,0,0,0,0,0,0,-34.12,0,0,34.12,0,-34.12,34.12,0,,,,,,,,,
9231,0,0,0,0,0,0,0,-34.96,0,0,34.96,0,-34.96,34.96,0,,,,,,,,,
9241,0,0,0,0,0,0,0,-33.6,0,0,33.61,0,-33.61,33.61,0,,,,,,,,,
9251,0,0,0,0,0,0,0,-33.89,0,0,33.9,0,-33.9,33.9,0,,,,,,,,,
9261,0,0,0,0,0,0,0,-33.53,0,0,33.54,0,-33.54,33.54,0,,,,,,,,,
9271,0,0,0,0,0,0,0,-33.64,0,0,33.64,0,-33.64,33.64,0,,,,,,,,,
9281,0,0,0,0,0,0,0,-33.93,0,0,33.94,0,-33.93,33.94,0,,,,,,,,,
9291,0,0,0,0,0,0,0,-32.95,0,0,32.95,0,-32.95,32.95,0,,,,,,,,,
9301,0,0,0,0,0,0,0,-33.95,0,0,33.96,0,-33.96,33.96,0,,,,,,,,,
9311,0,0,0,0,0,0,0,-31.25,0,0,31.26,0,-31.26,31.26,0,,,,,,,,,
9321,0,0,0,0,0,0,0,-32.34,0,0,32.34,0,-32.34,32.34,0,,,,,,,,,
9331,0,0,0,0,0,0,0,-32.58,0,0,32.58,0,-32.58,32.58,0,,,,,,,,,
9341,0,0,0,0,0,0,0,-33.27,0,0,33.27,0,-33.27,33.27,0,,,,,,,,,
9351,0,0,0,0,0,0,0,-32.36,0,0,32.36,0,-32.36,32.36,0,,,,,,,,,
9361,0,0,0,0,0,0,0,-31.78,0,0,31.79,0,-31.78,31.79,0,,,,,,,,,
9371,0,0,0,0,0,0,0,-33.27,0,0,33.27,0,-33.27,33.27,0,,,,,,,,,
9381,0,0,0,0,0,0,-32,-245.75,0,0,262.89,-4.93,-277.74,257.97,-19.78,,,,,,,,,
9391,0,0,0,0,0,0,0,-35.48,0,0,35.48,0,-35.48,35.48,0,,,,,,,,,
9401,0,0,0,0,0,0,0,-35.61,0,0,35.61,0,-35.61,35.61,0,,,,,,,,,
9411,0,0,0,0,0,0,-34.43,-245.1,0,0,261.92,-4.79,-279.54,257.13,-22.4,,,,,,,,,
9421,0,0,0,0,0,0,0,-33.17,0,0,33.17,0,-33.17,33.17,0,,,,,,,,,
9431,0,0,0,0,0,0,0,-34.53,0,0,34.53,0,-34.53,34.53,0,,,,,,,,,
9441,0,0,0,0,0,0,0,-33.53,0,0,33.53,0,-33.53,33.53,0,,,,,,,,,
9451,0,0,0,0,0,0,0,-25.19,0,0,25.19,0,-25.19,25.19,0,,,,,,,,,
9461,0,0,0,0,0,0,0,-34.4,0,0,34.4,0,-34.4,34.4,0,,,,,,,,,
9471,0,0,0,0,0,0,0,-33.72,0,0,33.73,0,-33.72,33.73,0,,,,,,,,,
9481,0,0,0,0,0,0,-31.79,-246.42,0,0,262.68,-4.51,-278.2,258.17,-20.04,,,,,,,,,
9491,0,0,0,0,0,0,0,-24.93,0,0,24.93,0,-24.93,24.93,0,,,,,,,,,
9501,0,0,0,0,0,0,0,-24.82,0,0,24.82,0,-24.82,24.82,0,,,,,,,,,
9511,0,0,0,0,0,0,0,-24.76,0,0,24.76,0,-24.76,24.76,0,,,,,,,,,
9521,0,0,0,0,0,0,0,-24.48,0,0,24.48,0,-24.48,24.48,0,,,,,,,,,
9531,0,0,0,0,0,0,0,-24.44,0,0,24.44,0,-24.44,24.44,0,,,,,,,,,
9541,0,0,0,0,0,0,0,-24.56,0,0,24.56,0,-24.56,24.56,0,,,,,,,,,
9551,0,0,0,0,0,0,0,-24.39,0,0,24.39,0,-24.39,24.39,0,,,,,,,,,
9561,0,0,0,0,0,0,0,-24.34,0,0,24.34,0,-24.34,24.34,0,,,,,,,,,
9571,0,0,0,0,0,0,0,-24.39,0,0,24.39,0,-24.39,24.39,0,,,,,,,,,
9581,0,0,0,0,0,0,0,-24.7,0,0,24.7,0,-24.7,24.7,0,,,,,,,,,
9591,0,0,0,0,0,0,0,-25.19,0,0,25.19,0,-25.19,25.19,0,,,,,,,,,
9601,0,0,0,0,0,0,0,-35.24,0,0,35.24,0,-35.24,35.24,0,,,,,,,,,
9611,0,0,0,0,0,0,0,-34,0,0,34,0,-34,34,0,,,,,,,,,
9621,0,0,0,0,0,0,0,-34.66,0,0,34.66,0,-34.66,34.66,0,,,,,,,,,
9631,0,0,0,0,0,0,0,-34.13,0,0,34.13,0,-34.13,34.13,0,,,,,,,,,
9641,0,0,0,0,0,0,0,-33.82,0,0,33.83,0,-33.82,33.83,0,,,,,,,,,
9651,0,0,0,0,0,0,0,-33.06,0,0,33.07,0,-33.06,33.07,0,,,,,,,,,
9661,0,0,0,0,0,0,0,-33.46,0,0,33.46,0,-33.46,33.46,0,,,,,,,,,
9671,0,0,0,0,0,0,0,-34.11,0,0,34.11,0,-34.11,34.11,0,,,,,,,,,
9681,0,0,0,0,0,0,0,-34.55,0,0,34.55,0,-34.55,34.55,0,,,,,,,,,
9691,0,0,0,0,0,0,0,-25.43,0,0,25.43,0,-25.43,25.43,0,,,,,,,,,
9701,0,0,0,0,0,0,0,-25.62,0,0,25.62,0,-25.62,25.62,0,,,,,,,,,
9711,0,0,0,0,0,0,0,-34.18,0,0,34.18,0,-34.18,34.18,0,,,,,,,,,
9721,0,0,0,0,0,0,0,-34.43,0,0,34.43,0,-34.43,34.43,0,,,,,,,,,
9731,0,0,0,0,0,0,0,-35.01,0,0,35.02,0,-35.01,35.02,0,,,,,,,,,
9741,0,0,0,0,0,0,0,-34.44,0,0,34.45,0,-34.44,34.45,0,,,,,,,,,
9751,0,0,0,0,0,0,0,-34.91,0,0,34.91,0,-34.91,34.91,0,,,,,,,,,
9761,0,0,0,0,0,0,0,-34.31,0,0,34.31,0,-34.31,34.31,0,,,,,,,,,
9771,0,0,0,0,0,0,0,-35.31,0,0,35.31,0,-35.31,35.31,0,,,,,,,,,
9781,0,0,0,0,0,0,0,-35.09,0,0,35.09,0,-35.09,35.09,0,,,,,,,,,
9791,0,0,0,0,0,0,0,-34.63,0,0,34.63,0,-34.63,34.63,0,,,,,,,,,
9801,0,0,0,0,0,0,0,-35.03,0,0,35.03,0,-35.03,35.03,0,,,,,,,,,
9811,0,0,0,0,0,0,0,-35.87,0,0,35.88,0,-35.88,35.88,0,,,,,,,,,
9821,0,0,0,0,0,0,0,-35.19,0,0,35.19,0,-35.19,35.19,0,,,,,,,,,
9831,0,0,0,0,0,0,0,-35.36,0,0,35.36,0,-35.36,35.36,0,,,,,,,,,
9841,0,0,0,0,0,0,0,-36.27,0,0,36.27,0,-36.27,36.27,0,,,,,,,,,
9851,0,0,0,0,0,0,0,-35.03,0,0,35.03,0,-35.03,35.03,0,,,,,,,,,
9861,0,0,0,0,0,0,0,-35.88,0,0,35.88,0,-35.88,35.88,0,,,,,,,,,
9871,0,0,0,0,0,0,0,-35.19,0,0,35.19,0,-35.19,35.19,0,,,,,,,,,
9881,0,0,0,0,0,0,0,-35.63,0,0,35.64,0,-35.63,35.64,0,,,,,,,,,
9891,0,0,0,0,0,0,0,-34.24,0,0,34.24,0,-34.24,34.24,0,,,,,,,,,
9901,0,0,0,0,0,0,0,-34.51,0,0,34.51,0,-34.51,34.51,0,,,,,,,,,
9911,0,0,0,0,0,0,0,-34.08,0,0,34.09,0,-34.08,34.09,0,,,,,,,,,
9921,0,0,0,0,0,0,0,-33.77,0,0,33.77,0,-33.77,33.77,0,,,,,,,,,
9931,0,0,0,0,0,0,0,-36.19,0,0,36.19,0,-36.19,36.19,0,,,,,,,,,
9941,0,0,0,0,0,0,0,-35.65,0,0,35.65,0,-35.65,35.65,0,,,,,,,,,
9951,0,0,0,0,0,0,0,-35.05,0,0,35.05,0,-35.05,35.05,0,,,,,,,,,
9961,0,0,0,0,0,0,0,-35.05,0,0,35.05,0,-35.05,35.05,0,,,,,,,,,
9971,0,0,0,0,0,0,0,-34.55,0,0,34.55,0,-34.55,34.55,0,,,,,,,,,
9981,0,0,0,0,0,0,0,-33.96,0,0,33.96,0,-33.96,33.96,0,,,,,,,,,
9991,0,0,0,0,0,0,0,-35.14,0,0,35.14,0,-35.14,35.14,0,,,,,,,,,
10001,0,0,0,0,0,0,0,-34.17,0,0,34.17,0,-34.17,34.17,0,,,,,,,,,
