GENERALIZED BORN:,,,,,,,,,,,,,,,,,,,,,,,,
Complex Energy Terms,,,,,,,,,,,,,,,,,,,,,,,,
Frame #,BOND,ANGLE,DIHED,UB,IMP,CMAP,VDWAALS,EEL,1-4 VDW,1-4 EEL,EGB,ESURF,GGAS,GSOLV,TOTAL,,,,,,,,,
1,1754.41,4459.38,5008.8,465.66,263.5,-89.73,-4006.82,-29589.22,1625.47,17231.6,-4993.13,145.55,-2876.95,-4847.58,-7724.53,,,,,,,,,
11,1833.18,4475.5,5023.64,467.36,242.41,-119.96,-3885.02,-29166.58,1619.05,17263.52,-5411.85,163.48,-2246.9,-5248.37,-7495.27,,,,,,,,,
21,1859.51,4515.33,4994.4,469.12,276.68,-96.1,-3876.68,-29083.92,1603.61,17242.07,-5516.14,166.01,-2095.97,-5350.14,-7446.11,,,,,,,,,
31,1808.11,4552.89,5009.23,471.12,254.57,-129.86,-3814.42,-28943.24,1614.65,17328.64,-5675.3,172.96,-1848.31,-5502.34,-7350.65,,,,,,,,,
41,1798.61,4517.67,5021.14,494.11,281.28,-115.82,-3912.6,-28862.84,1594.92,17161.64,-5576.02,164.69,-2021.88,-5411.33,-7433.22,,,,,,,,,
51,1770.44,4463.02,4981.94,470.06,271.34,-151.56,-3897.99,-28885.71,1615.79,17265.55,-5602,169.87,-2097.11,-5432.12,-7529.23,,,,,,,,,
61,1884.65,4439.68,4955.25,467.63,259.79,-124.8,-3873.09,-29091.51,1624.93,17278.8,-5513.42,166.84,-2178.67,-5346.58,-7525.25,,,,,,,,,
71,1846.78,4526.38,4947.55,498.7,260.2,-94.49,-3880.05,-28847.11,1615.72,17152.29,-5650.69,168.05,-1974.04,-5482.65,-7456.68,,,,,,,,,
81,1863.3,4546.75,4985.12,482.87,299.83,-86.87,-3843.35,-29002.63,1622.98,17244.66,-5603.1,170.94,-1887.36,-5432.16,-7319.52,,,,,,,,,
91,1851.01,4468.53,4935.91,476.7,278.91,-98.64,-3835.77,-28994.16,1617.89,17305.23,-5613.75,168.43,-1994.4,-5445.32,-7439.72,,,,,,,,,
101,1803.4,4497.07,4970.44,480.03,261.73,-117.13,-3877.11,-29039.85,1639.02,17317.16,-5597.61,169.07,-2065.24,-5428.53,-7493.77,,,,,,,,,
111,1842.37,4453.91,5013.75,473.68,262.76,-106.38,-3840.01,-29156.17,1638.97,17353.93,-5525.45,163.94,-2063.17,-5361.5,-7424.67,,,,,,,,,
121,1804.27,4451.27,4950.05,463.75,267.89,-95.36,-3844.6,-28909.83,1595.82,17296.96,-5666.71,169.95,-2019.78,-5496.76,-7516.54,,,,,,,,,
131,1814.81,4444.8,4953.45,488.33,263.61,-107.83,-3820.43,-29010.1,1620.38,17282.26,-5593.82,169.19,-2070.71,-5424.63,-7495.34,,,,,,,,,
141,1855.02,4429.79,5006.48,477.16,266.38,-96.47,-3865.22,-28898.91,1643.75,17226.19,-5639.9,170.89,-1955.84,-5469.01,-7424.85,,,,,,,,,
151,1765.43,4477.63,5008.32,485.23,261.46,-105.42,-3790.96,-29052.75,1640.5,17312.59,-5542.14,170.23,-1997.98,-5371.91,-7369.89,,,,,,,,,
161,1834.48,4499.84,4988.11,472.31,286.36,-116.07,-3844.16,-29095.69,1611.85,17283.3,-5503.84,170.16,-2079.66,-5333.68,-7413.34,,,,,,,,,
171,1855.17,4438.22,4958.6,467.65,262.48,-103.17,-3882.65,-29048.66,1626.49,17224.14,-5496.54,164.68,-2201.72,-5331.85,-7533.58,,,,,,,,,
181,1827.16,4536.09,4993.85,476.01,262.24,-121.94,-3850.99,-29076.2,1598.52,17298.08,-5583.46,167.85,-2057.18,-5415.61,-7472.79,,,,,,,,,
191,1809.35,4505.93,5009.32,484.49,280.87,-130.91,-3874.1,-28994.08,1565.37,17253.41,-5553.5,164.95,-2090.35,-5388.55,-7478.9,,,,,,,,,
201,1859.04,4521.31,4951.36,481.14,260.25,-123.45,-3832.53,-28864.09,1591.63,17113.79,-5595.79,171.03,-2041.56,-5424.76,-7466.31,,,,,,,,,
211,1789.89,4522.31,5022.37,479.96,257.76,-106.35,-3869.02,-28954.69,1599.88,17222.47,-5591.23,167.23,-2035.41,-5424,-7459.41,,,,,,,,,
221,1781.12,4537.41,4976.02,479.77,269.95,-102.86,-3829.14,-28965.61,1639.11,17149.41,-5548,167.53,-2064.81,-5380.47,-7445.28,,,,,,,,,
231,1855.55,4435.92,4967.87,455.88,279.2,-109.09,-3838.76,-29084.27,1616.19,17272.84,-5502.82,163,-2148.66,-5339.82,-7488.48,,,,,,,,,
241,1814.42,4398.73,4988.62,490.87,264.49,-114.06,-3878.48,-29004.33,1619.4,17370.14,-5623.24,163.3,-2050.19,-5459.94,-7510.13,,,,,,,,,
251,1779.28,4530.94,4980.23,479.83,266.13,-125.95,-3886.47,-28999.48,1610.74,17236.6,-5565.75,166.63,-2128.16,-5399.11,-7527.28,,,,,,,,,
261,1763.86,4482.99,4959,481.67,284.59,-113.92,-3874.81,-28878.77,1617.88,17388.99,-5719.66,169.28,-1888.52,-5550.38,-7438.89,,,,,,,,,
271,1847.09,4517.67,4996.12,486.69,268.04,-75.13,-3837.57,-28936.29,1634.75,17210.47,-5607.56,164.97,-1888.16,-5442.59,-7330.75,,,,,,,,,
281,1818.22,4437.98,4998.6,469.45,271.12,-117.67,-3836.47,-28943.51,1651.26,17252.59,-5642.62,167.94,-1998.43,-5474.68,-7473.11,,,,,,,,,
291,1860.25,4553.7,4982.2,483.65,282.48,-109.75,-3795.24,-28925.49,1590.74,17165.19,-5605.81,171.79,-1912.27,-5434.02,-7346.29,,,,,,,,,
301,1847.7,4506.63,4994.11,478.46,251.44,-99.18,-3890.29,-28901.81,1593.25,17206.32,-5610.58,164.14,-2013.36,-5446.44,-7459.8,,,,,,,,,
311,1779.9,4501.38,4942.83,489.44,278.43,-121.65,-3857.18,-28971.8,1567.97,17215.57,-5570.23,164.43,-2175.12,-5405.8,-7580.92,,,,,,,,,
321,1826.78,4478.16,4951.46,477.06,255.05,-94.71,-3833.12,-28892.69,1625.58,17149.64,-5595.34,171.34,-2056.8,-5424,-7480.79,,,,,,,,,
331,1818.64,4500.05,4946.62,476.32,278.04,-111.2,-3830.49,-29047.95,1591.44,17174.29,-5507.41,167.74,-2204.23,-5339.68,-7543.91,,,,,,,,,
341,1843.96,4499.97,4981.68,487.67,267.83,-93.63,-3833.4,-28905.88,1625.44,17152,-5589.08,173.18,-1974.37,-5415.9,-7390.27,,,,,,,,,
351,1772.48,4381.24,5000.94,473.38,275.97,-83.93,-3856.99,-28874.54,1645.15,17343.88,-5721.58,171.76,-1922.42,-5549.82,-7472.24,,,,,,,,,
361,1801.7,4480.08,4981.63,473.54,265.12,-143.36,-3901.48,-28993.67,1615.67,17231.86,-5564,166.37,-2188.91,-5397.63,-7586.53,,,,,,,,,
371,1807.4,4454,4977.91,472.37,290.34,-124.31,-3795.25,-29205,1604.41,17260.83,-5414.53,170.74,-2257.3,-5243.79,-7501.09,,,,,,,,,
381,1799.92,4461.58,4965.38,474.12,292.15,-120.19,-3793.75,-29024.8,1608.62,17219.54,-5545.15,168.99,-2117.45,-5376.16,-7493.61,,,,,,,,,
391,1837.91,4502.34,4985.15,484.79,275.09,-124.07,-3832.02,-28669.04,1620.71,17148.66,-5774.91,171.31,-1770.47,-5603.61,-7374.08,,,,,,,,,
401,1802.03,4606.1,4940.58,490.62,262.35,-112.96,-3827.29,-28638.57,1578.51,17141.2,-5799.35,170.8,-1757.43,-5628.54,-7385.98,,,,,,,,,
411,1828.13,4542.45,4966.08,482.46,281.13,-99.86,-3836.14,-28657.96,1589.88,17182.92,-5801.26,172.05,-1720.9,-5629.21,-7350.11,,,,,,,,,
421,1856.37,4424.92,4968.25,481.04,259.64,-117.11,-3810.4,-28734.35,1598.35,17257.63,-5804.96,170.68,-1815.65,-5634.28,-7449.93,,,,,,,,,
431,1833.44,4545.33,4955.94,478.03,273.76,-125.49,-3831.55,-28765.1,1592.22,17178.16,-5725.38,171.35,-1865.27,-5554.03,-7419.3,,,,,,,,,
441,1858.22,4316.66,5007.57,473.09,252.79,-121.91,-3876.37,-28829.09,1605.03,17251.43,-5668.63,168.61,-2062.58,-5500.02,-7562.59,,,,,,,,,
451,1811.21,4506.9,4950.65,471.98,299.32,-118.18,-3846.76,-28895.58,1605.75,17376.15,-5670.51,168.1,-1838.55,-5502.41,-7340.96,,,,,,,,,
461,1791.85,4523.09,4954.11,459.12,275.84,-116.22,-3826.97,-28902.64,1595.76,17140.55,-5573.65,169.48,-2105.51,-5404.17,-7509.69,,,,,,,,,
471,1916.23,4470.46,4938.24,492.43,257.11,-102.01,-3860.95,-28846.42,1605.34,17212.24,-5645.15,173.8,-1917.33,-5471.34,-7388.67,,,,,,,,,
481,1792.39,4508.52,4959.62,502.17,267.42,-108.87,-3872.82,-28921.89,1623.19,17205.37,-5597.49,171.74,-2044.89,-5425.75,-7470.64,,,,,,,,,
491,1831.24,4530.71,4962.63,460.04,255.74,-103.61,-3834.92,-28897.6,1589.94,17217.94,-5637.87,170.68,-1987.89,-5467.18,-7455.07,,,,,,,,,
501,1778.18,4496.55,4979.5,471.41,275.59,-106.49,-3820.02,-28853.52,1599.94,17317.06,-5723.69,169.3,-1861.8,-5554.39,-7416.19,,,,,,,,,
511,1875.84,4496.95,4968.89,466.61,257.6,-111.08,-3832.2,-28892.92,1617.48,17264.84,-5747.48,173.14,-1887.97,-5574.35,-7462.32,,,,,,,,,
521,1853.78,4593.18,4957.72,491.7,271.38,-127.34,-3925.81,-28719.14,1603.71,17177.09,-5678.85,170.1,-1823.72,-5508.75,-7332.47,,,,,,,,,
531,1805.87,4490.48,4982.84,475.46,278.14,-111.4,-3854.76,-28811.6,1619.06,17204.92,-5658.65,169.76,-1920.99,-5488.88,-7409.87,,,,,,,,,
541,1913.24,4425.8,4924.13,475.2,260.58,-112.93,-3861.42,-28711.61,1550.68,17203.83,-5759.2,169.61,-1932.5,-5589.59,-7522.09,,,,,,,,,
551,1817.52,4518.54,4999.1,476.42,264.69,-143.75,-3807.53,-28847.96,1646.85,17251.19,-5661.31,170.67,-1824.92,-5490.64,-7315.55,,,,,,,,,
561,1817.14,4544.1,4989.31,474.68,276.16,-132.39,-3829.2,-28803.55,1616.89,17151.05,-5667.47,169.22,-1895.81,-5498.25,-7394.06,,,,,,,,,
571,1808.08,4407.35,4940.67,460.87,270.14,-135,-3782.53,-28685.83,1600.74,17135.65,-5752.4,171.57,-1979.87,-5580.83,-7560.7,,,,,,,,,
581,1753.69,4530.6,5021.44,484.09,269.22,-133.73,-3874.31,-28752.87,1598.59,17141.45,-5723.31,170.63,-1961.82,-5552.67,-7514.49,,,,,,,,,
591,1840,4461.95,4978.06,465.36,268.07,-117.44,-3885.56,-28619.05,1610.19,17079.56,-5768.55,167.09,-1918.87,-5601.45,-7520.32,,,,,,,,,
601,1779.22,4451.94,4972.28,477.17,259.46,-110.06,-3820.89,-28767.47,1609.07,17194.1,-5740.4,173.14,-1955.18,-5567.27,-7522.45,,,,,,,,,
611,1817.3,4393.77,4940.34,468.17,263.48,-69.53,-3804.2,-28847.98,1599.96,17132.01,-5626.87,170.33,-2106.67,-5456.54,-7563.21,,,,,,,,,
621,1849.4,4535.43,4990.36,484.82,286.03,-142.93,-3824.56,-28851.23,1603.22,17146.62,-5626.72,169.25,-1922.84,-5457.47,-7380.31,,,,,,,,,
631,1820.41,4399.05,5039.13,480.36,259.44,-140.57,-3828.61,-28885.1,1616.71,17167,-5624.72,165.7,-2072.2,-5459.02,-7531.22,,,,,,,,,
641,1851.85,4465.33,4947.33,479.7,264.42,-110.25,-3859.34,-28957.61,1631.25,17281.57,-5600.91,164.21,-2005.76,-5436.7,-7442.46,,,,,,,,,
651,1867.82,4442.88,5010.94,484.26,273.83,-112.63,-3803.71,-28961.02,1600.11,17228.06,-5622.38,174.06,-1969.47,-5448.33,-7417.79,,,,,,,,,
661,1849.5,4469.83,4939.99,475.55,286.6,-85.24,-3830.67,-28771.97,1588.93,17117.53,-5713.14,171.95,-1959.96,-5541.18,-7501.14,,,,,,,,,
671,1815.3,4521.19,5042.74,482.54,279.49,-131.24,-3836.5,-28726.83,1591.16,17152.97,-5733.9,173.75,-1809.17,-5560.15,-7369.31,,,,,,,,,
681,1773.61,4445.87,4966.2,479.43,274.69,-114.32,-3825.48,-28763.62,1628.16,17369.62,-5873.33,170.7,-1765.84,-5702.63,-7468.48,,,,,,,,,
691,1784.34,4508.66,4983.48,467.39,276.13,-114.55,-3796.75,-28703.3,1614.58,17201.22,-5791.94,171.31,-1778.82,-5620.63,-7399.44,,,,,,,,,
701,1814.26,4522.68,4994.73,482.77,249.3,-138.94,-3848.32,-28708.89,1605.64,17167.41,-5748.1,172.67,-1859.35,-5575.42,-7434.77,,,,,,,,,
711,1808.6,4487.54,4965.27,483.32,262.43,-111.53,-3801.05,-28836.83,1637.45,17275.28,-5718.11,169.61,-1829.52,-5548.5,-7378.01,,,,,,,,,
721,1899.18,4515.92,4974.14,485.96,274.43,-146.68,-3813.19,-28804.87,1578.6,17155.55,-5718.67,174.91,-1880.97,-5543.76,-7424.73,,,,,,,,,
731,1779.25,4428.45,4904.72,477.64,258.79,-122.92,-3835.01,-28787.57,1626.72,17291.03,-5748.72,168.57,-1978.91,-5580.15,-7559.06,,,,,,,,,
741,1873.9,4439.53,4959.25,468.89,268.16,-117,-3874.56,-28727.17,1580.01,17196.88,-5758.05,166.94,-1932.11,-5591.11,-7523.22,,,,,,,,,
751,1803.7,4490.02,4958.91,480,264.61,-116.3,-3818.85,-28791.02,1596.02,17137.35,-5700.41,168.8,-1995.55,-5531.61,-7527.16,,,,,,,,,
761,1899.33,4484.63,4985.58,482.3,270.51,-146.8,-3825.87,-28756.16,1593.52,17193.22,-5731.96,168.17,-1819.76,-5563.78,-7383.54,,,,,,,,,
771,1851.07,4456.57,4948.92,490.29,261.04,-134.01,-3826.23,-28844.54,1614.08,17260.17,-5707.48,167.21,-1922.65,-5540.27,-7462.92,,,,,,,,,
781,1830.51,4495.32,4959.03,477.77,275.56,-148.44,-3815.38,-28823.35,1613.41,17161,-5676.52,168.56,-1974.57,-5507.96,-7482.53,,,,,,,,,
791,1891.26,4514.93,4929.24,480.93,280.69,-126.01,-3843.97,-28739.75,1595.69,17121.15,-5723.6,168.54,-1895.85,-5555.06,-7450.9,,,,,,,,,
801,1821.35,4504.1,4929.96,487.11,248.37,-107.79,-3875.94,-28639.44,1587.29,17202.73,-5823.6,170.22,-1842.27,-5653.38,-7495.65,,,,,,,,,
811,1792.32,4472.17,4962.53,474.21,273.73,-162.03,-3788.4,-28840.03,1624.35,17331.09,-5753.03,171.24,-1860.07,-5581.79,-7441.86,,,,,,,,,
821,1863.03,4551.21,4984.32,491.29,285.04,-147.01,-3807.44,-29003.96,1612.74,17199.25,-5538.51,169.69,-1971.52,-5368.82,-7340.34,,,,,,,,,
831,1831.75,4553.09,4983.5,472.56,279.5,-147.52,-3856.8,-28709.64,1609.67,17207.37,-5787.77,171.9,-1776.52,-5615.87,-7392.39,,,,,,,,,
841,1843.34,4463.15,4990.71,468.52,270.34,-143.41,-3870.42,-28782.79,1586.16,17255.22,-5718.06,169.13,-1919.17,-5548.93,-7468.09,,,,,,,,,
851,1762.12,4475.79,5000,491.97,268,-131.73,-3801.52,-28733.32,1620.11,17210.59,-5809.92,172.47,-1837.97,-5637.45,-7475.42,,,,,,,,,
861,1870.76,4457.08,4972.36,490.3,275.23,-101.57,-3847.11,-28933.1,1606.15,17249.2,-5611.68,167.24,-1960.71,-5444.43,-7405.14,,,,,,,,,
871,1822.41,4539.87,4979.8,490.87,263.93,-119.59,-3848.24,-28841.32,1607.67,17069.96,-5631.41,168.27,-2034.62,-5463.14,-7497.76,,,,,,,,,
881,1815.41,4574.17,5040.33,463.14,282,-140.69,-3860.51,-28844.5,1586.31,17104.96,-5578.68,168.79,-1979.38,-5409.9,-7389.28,,,,,,,,,
891,1858.11,4524.68,4939.8,485.45,286.86,-121.78,-3828.94,-28687.42,1594.09,17096.45,-5771.21,170.63,-1852.71,-5600.58,-7453.29,,,,,,,,,
901,1891.98,4427.64,4996.51,473.2,262.26,-132.77,-3851.43,-28733.91,1600.01,17158.62,-5732.87,167,-1907.89,-5565.87,-7473.76,,,,,,,,,
911,1854.08,4525.65,4989.49,480.55,260.1,-108.92,-3801.79,-28629.74,1597.4,17116.63,-5760.92,171.65,-1716.57,-5589.27,-7305.84,,,,,,,,,
921,1806.79,4553.29,4950.99,481.18,255.48,-137.07,-3804.89,-28623.37,1582.65,17083.53,-5797.23,176.3,-1851.42,-5620.93,-7472.34,,,,,,,,,
931,1856.11,4463.02,5012.24,471.65,264.15,-125.25,-3771.81,-28758.49,1592.01,17111.78,-5716.34,174.44,-1884.58,-5541.9,-7426.48,,,,,,,,,
941,1740.14,4526.63,4987.04,468.6,258.72,-115.89,-3858.27,-28466.29,1626.41,17151.73,-5996.17,173,-1681.19,-5823.17,-7504.36,,,,,,,,,
951,1793.3,4495.2,4977.13,489.22,282.47,-110.14,-3788.66,-28588.69,1596.1,17228.47,-5881.59,172.96,-1625.59,-5708.63,-7334.22,,,,,,,,,
961,1801.29,4486.16,4985.54,473.91,280.79,-115.12,-3834.58,-28404.02,1582.91,17105.08,-6007.4,173.45,-1638.05,-5833.95,-7472,,,,,,,,,
971,1799.16,4477.89,4963.6,471.78,270.01,-124.92,-3779.43,-28560.91,1590.59,17168.52,-5894.98,176.55,-1723.69,-5718.43,-7442.12,,,,,,,,,
981,1794.58,4476.45,5040.97,478.37,270.2,-139.66,-3811.11,-28635.89,1636.97,17096.01,-5829.92,173.96,-1793.11,-5655.96,-7449.07,,,,,,,,,
991,1833.32,4520.1,4993.29,476.91,283.44,-110.19,-3816.26,-28449.94,1599.63,16990.79,-5877.54,171.06,-1678.9,-5706.49,-7385.39,,,,,,,,,
1001,1819.99,4597.79,4976.01,499.63,271.4,-126.37,-3788.16,-28635.59,1568.44,17061.52,-5778.63,174.13,-1755.33,-5604.5,-7359.84,,,,,,,,,
1011,1818.84,4558.78,4965.06,481.39,260.49,-111.98,-3782.59,-28561.62,1598.48,17048.51,-5837.62,176.18,-1724.64,-5661.44,-7386.09,,,,,,,,,
1021,1829.15,4480.14,5017.92,469.07,265.61,-141.01,-3848.72,-28616.13,1589.95,17110.3,-5829.98,173.17,-1843.73,-5656.81,-7500.54,,,,,,,,,
1031,1853.36,4465.42,4967.62,458.77,272.07,-84.91,-3873.41,-28862.81,1580.61,17110.76,-5585.84,165.66,-2112.53,-5420.18,-7532.71,,,,,,,,,
1041,1882.36,4558.79,4970.1,485.13,269.67,-135.99,-3809.27,-28794.35,1574.35,17021.13,-5638.18,169.89,-1978.08,-5468.3,-7446.37,,,,,,,,,
1051,1788,4412.28,4974.63,459.47,285.13,-116.95,-3843.9,-28742.75,1598.78,17099.18,-5721.76,169.46,-2086.13,-5552.31,-7638.43,,,,,,,,,
1061,1803.27,4476.4,4989.98,474.66,267.71,-112.84,-3865.16,-28740.18,1622.25,17149.47,-5686.36,171.62,-1934.44,-5514.73,-7449.18,,,,,,,,,
1071,1773.56,4504.63,4984.01,470.1,269.19,-135.86,-3778.56,-28842.59,1607.22,17174.42,-5623.66,170.39,-1973.87,-5453.27,-7427.15,,,,,,,,,
1081,1810.12,4528.88,4982.83,480.77,279.31,-127.99,-3843.28,-28826.76,1601.97,17211.25,-5675.77,168.63,-1902.91,-5507.15,-7410.05,,,,,,,,,
1091,1750.13,4528.07,4998.73,462.54,269.86,-121.36,-3850.97,-28720.67,1597.61,17114.88,-5635.99,164.64,-1971.19,-5471.35,-7442.53,,,,,,,,,
1101,1773.12,4525.99,4949.63,483.24,277.77,-122.19,-3831.18,-28724.76,1594.01,17153.33,-5717.93,172.11,-1921.05,-5545.82,-7466.87,,,,,,,,,
1111,1845.17,4493.32,4979.5,492.45,265.5,-138.76,-3745.99,-28785.22,1603.22,17062.32,-5691.16,177.11,-1928.48,-5514.05,-7442.54,,,,,,,,,
1121,1846.73,4508.8,4943.86,479.13,257.09,-117.08,-3787.37,-28886.21,1588.01,17085.14,-5560.55,173.38,-2081.89,-5387.17,-7469.06,,,,,,,,,
1131,1798.11,4535.87,5002.11,470.61,267.47,-134.82,-3787.42,-28696.51,1593.07,17026.97,-5743.04,172.56,-1924.52,-5570.48,-7495,,,,,,,,,
1141,1785.7,4593.83,5004.1,488.96,270.63,-119.08,-3768.87,-28769.98,1581.71,17166.8,-5685.92,174.82,-1766.19,-5511.09,-7277.28,,,,,,,,,
1151,1835.06,4481.81,4987.46,475.31,280.48,-118.6,-3780.27,-28726.43,1575.55,17118.2,-5788.02,179.76,-1871.42,-5608.27,-7479.69,,,,,,,,,
1161,1838.83,4491.17,4977.97,496.22,245.09,-125.37,-3770.79,-28534.96,1620.14,17012.47,-5829.47,175.68,-1749.23,-5653.8,-7403.03,,,,,,,,,
1171,1734.5,4549.55,5008.42,491.96,263.44,-147.32,-3834.97,-28737.14,1647.23,17131.63,-5683.44,168.85,-1892.7,-5514.59,-7407.29,,,,,,,,,
1181,1789.87,4457.77,4991.56,472.38,266.56,-138.58,-3845.52,-28779.6,1583.16,17122.16,-5641.61,172.28,-2080.25,-5469.32,-7549.57,,,,,,,,,
1191,1850.06,4528.67,4990.21,479.96,271.88,-131.07,-3783.74,-28484.56,1595.71,17117.98,-5936.38,174.42,-1564.89,-5761.96,-7326.85,,,,,,,,,
1201,1755.63,4470.83,4999.42,464.74,264.34,-134.59,-3804.91,-28530.87,1603.6,17194.09,-5969.18,176.8,-1717.71,-5792.37,-7510.08,,,,,,,,,
1211,1825.17,4487.61,4995.54,464.85,278.26,-139.23,-3816.91,-28421.76,1592.34,17101.56,-5938.94,175.17,-1632.57,-5763.77,-7396.34,,,,,,,,,
1221,1837.55,4538.53,4997.39,492.01,267.59,-167.74,-3748.18,-28385.89,1580.44,17130.77,-6079.07,177.38,-1457.53,-5901.69,-7359.22,,,,,,,,,
1231,1800.21,4422.53,5017.18,469.11,290.17,-148.76,-3785.47,-28555.79,1625.92,17164.33,-5914.05,176.89,-1700.58,-5737.16,-7437.73,,,,,,,,,
1241,1829.41,4576.56,4963.99,488.55,260.27,-131.71,-3819.08,-28557.65,1585.01,17168.57,-5877.37,177.11,-1636.08,-5700.27,-7336.35,,,,,,,,,
1251,1843.33,4490.01,5042.26,466.7,302.93,-154.91,-3770.42,-28586.52,1585.11,17117.06,-5903.03,176.68,-1664.46,-5726.35,-7390.81,,,,,,,,,
1261,1756.14,4583.82,4993.37,483.46,270.97,-133.14,-3809.66,-28419.48,1585.08,17132.54,-6021.95,179.75,-1556.89,-5842.19,-7399.08,,,,,,,,,
1271,1861.47,4500.77,5009.67,495.82,255.66,-152.08,-3773.97,-28529.53,1564.21,17140.85,-5940.09,179.47,-1627.11,-5760.61,-7387.73,,,,,,,,,
1281,1826.49,4523.52,4987.74,495.32,268.08,-144.47,-3749.55,-28457.7,1579.55,17060.16,-5948.01,179.53,-1610.85,-5768.48,-7379.33,,,,,,,,,
1291,1816.09,4530.24,4985.54,475.89,260.49,-162.57,-3773.61,-28348.84,1603.05,17149.6,-6079,180.93,-1464.13,-5898.07,-7362.2,,,,,,,,,
1301,1833.48,4442.98,4978.26,473.55,264.61,-114.13,-3766.02,-28593.86,1595.99,17185.55,-5936.42,181.17,-1699.6,-5755.25,-7454.85,,,,,,,,,
1311,1830.41,4496.79,4964.37,471.94,259.04,-127.25,-3844.89,-28616.04,1604.38,17232.23,-5936.6,175.61,-1729.02,-5760.99,-7490.01,,,,,,,,,
1321,1878.1,4439.4,4958.09,472.3,281.53,-124.47,-3786.16,-28607.97,1596.7,17222.2,-5948.15,178.33,-1670.27,-5769.82,-7440.08,,,,,,,,,
1331,1763.34,4581.66,4997.78,481.32,277.5,-141.03,-3817.76,-28566.43,1594.92,17156.01,-5869.07,174.98,-1672.71,-5694.08,-7366.79,,,,,,,,,
1341,1823.91,4504.97,4974.49,483.56,267.56,-127.23,-3824.67,-28608.26,1614.69,17186.63,-5888.74,176.57,-1704.35,-5712.18,-7416.52,,,,,,,,,
1351,1826.07,4511.9,4933.93,473.57,276.53,-110.82,-3796.39,-28600.12,1610.07,17057.87,-5810.57,177.78,-1817.4,-5632.79,-7450.19,,,,,,,,,
1361,1831.86,4532.71,4986.47,490.27,259.37,-158.38,-3809.08,-28685.9,1585.5,17221.69,-5844.1,176.59,-1745.48,-5667.51,-7412.99,,,,,,,,,
1371,1864.28,4515.07,4993.65,488.04,275.08,-140.42,-3778.65,-28639.94,1599.16,17167.36,-5850.57,177.46,-1656.36,-5673.11,-7329.47,,,,,,,,,
1381,1772.76,4575.88,4951.12,485.34,263.72,-102.61,-3849.6,-28574.21,1626.87,17215.38,-5923.14,175.93,-1635.34,-5747.2,-7382.55,,,,,,,,,
1391,1832.42,4494.71,4961.51,488.73,283.96,-129.92,-3812.88,-28339.78,1589.54,17132.2,-6062.23,177.41,-1499.52,-5884.81,-7384.33,,,,,,,,,
1401,1848.08,4600.9,4972.32,474.02,257.32,-112.83,-3789.62,-28586.35,1592.79,17133.02,-5902.62,175.27,-1610.36,-5727.35,-7337.71,,,,,,,,,
1411,1793.01,4480.6,4971.03,473.07,267.27,-141.65,-3793.18,-28667.93,1616.08,17151.06,-5840.47,176.74,-1850.65,-5663.73,-7514.38,,,,,,,,,
1421,1827.58,4515.53,5028.86,463.87,267.36,-120.58,-3773.27,-28733.38,1602.99,17195.14,-5835.64,179.03,-1725.89,-5656.61,-7382.5,,,,,,,,,
1431,1812.36,4570.52,4924.66,471.05,267,-122.72,-3786.79,-28670.79,1563.49,17163.21,-5812.16,174.69,-1808,-5637.46,-7445.46,,,,,,,,,
1441,1840.95,4486.01,4999.48,486.84,258.72,-137.37,-3798.43,-28635.31,1589.49,17130.44,-5842.33,176.88,-1779.19,-5665.45,-7444.64,,,,,,,,,
1451,1802.47,4548.2,4961.88,476.74,277.94,-116.24,-3846.73,-28625.15,1625.16,17181.82,-5798.4,173.52,-1713.92,-5624.88,-7338.8,,,,,,,,,
1461,1777.32,4563.14,5039.51,484.24,282.11,-150.13,-3799.37,-28614.44,1580.79,17138.11,-5827.73,176.53,-1698.73,-5651.21,-7349.93,,,,,,,,,
1471,1835.81,4478.82,5023.41,485.91,256.64,-131.92,-3809.13,-28478.13,1594.37,17175.23,-5976.82,177.27,-1568.99,-5799.56,-7368.55,,,,,,,,,
1481,1839.26,4539.46,4974.73,478.91,272.81,-130.15,-3751.59,-28670.54,1595.47,17125.51,-5786.02,175.06,-1726.12,-5610.95,-7337.08,,,,,,,,,
1491,1809.63,4581.06,4995.37,491.46,279.31,-134.44,-3812.25,-28609.19,1589.3,17182.82,-5883.98,176.64,-1626.93,-5707.34,-7334.27,,,,,,,,,
1501,1829.43,4587.07,4967.03,489.24,271.68,-137.17,-3775.02,-28624.1,1575.27,17083.66,-5833.63,175.7,-1732.89,-5657.93,-7390.82,,,,,,,,,
1511,1827.39,4509.34,4974,476.14,289.21,-132.83,-3781.59,-28668.34,1560.74,17059.98,-5717.97,173.69,-1885.96,-5544.28,-7430.23,,,,,,,,,
1521,1808.86,4509.33,4992.79,472.27,267.08,-147.37,-3769.7,-28669.28,1620.42,17105.32,-5789.56,177.17,-1810.26,-5612.39,-7422.66,,,,,,,,,
1531,1790.62,4530.28,5008.33,468.61,268,-126.57,-3839.45,-28820.51,1642.08,17121.59,-5574.82,167.22,-1957.02,-5407.61,-7364.62,,,,,,,,,
1541,1822.97,4450.12,4979.01,483.67,273,-112.63,-3800.9,-28688.91,1595.02,17098.83,-5706.82,172.44,-1899.82,-5534.39,-7434.2,,,,,,,,,
1551,1802.59,4453.08,5063.86,471.81,253.35,-142.27,-3807.15,-28624.37,1600.76,17227,-5850.54,173.26,-1701.34,-5677.28,-7378.62,,,,,,,,,
1561,1858.96,4449.51,5009.29,461.24,275.29,-142.26,-3857.26,-28627.88,1606.97,17208.25,-5806.09,171.66,-1757.88,-5634.43,-7392.31,,,,,,,,,
1571,1826.65,4511.13,5031.44,475.91,281.32,-121.25,-3848.98,-28492.07,1572.54,17103.58,-5958.78,175.52,-1659.73,-5783.26,-7442.99,,,,,,,,,
1581,1770.45,4519.05,5021.57,471.77,241.51,-127.81,-3788.36,-28662.38,1603.06,17157.46,-5780.4,176.03,-1793.69,-5604.37,-7398.06,,,,,,,,,
1591,1817.64,4489.64,4990.51,465.99,274.63,-137.11,-3839.57,-28584.79,1611.27,17143.03,-5861.57,175.52,-1768.76,-5686.05,-7454.81,,,,,,,,,
1601,1788.93,4519.32,5015.37,463.72,265.77,-131.01,-3819.78,-28759.24,1619.05,17098.28,-5685.38,174.95,-1939.58,-5510.43,-7450.01,,,,,,,,,
1611,1827.88,4526.42,4997.62,480.45,285.66,-131.21,-3847.4,-28500.26,1608.1,17055.11,-5845.27,176.03,-1697.64,-5669.24,-7366.88,,,,,,,,,
1621,1856.42,4451.86,4991.77,474.97,264.08,-147.52,-3790.11,-28600.03,1585.18,17157.01,-5879.9,176.43,-1756.38,-5703.47,-7459.85,,,,,,,,,
1631,1793.22,4458.11,4986.27,486.12,264.98,-133.19,-3830.36,-28684.86,1600.29,17261.23,-5833.21,172.64,-1798.2,-5660.57,-7458.76,,,,,,,,,
1641,1826.33,4535.86,4989.88,479.55,273.27,-122.18,-3862.73,-28552.43,1547.19,17096.51,-5820.18,173.17,-1788.75,-5647.01,-7435.76,,,,,,,,,
1651,1813.17,4510.65,4985.74,466.79,260.7,-105.41,-3796.84,-28702.41,1588.66,17127.8,-5774.1,173.62,-1851.15,-5600.47,-7451.62,,,,,,,,,
1661,1775.79,4464.85,5009.59,478.8,270.89,-126.97,-3813.9,-28570.56,1592.5,17173.04,-5874.19,175.68,-1745.97,-5698.51,-7444.49,,,,,,,,,
1671,1848.88,4499.56,4979.57,472.36,279.3,-121.06,-3812.22,-28650.61,1580.56,17129.41,-5789.12,174.75,-1794.26,-5614.37,-7408.63,,,,,,,,,
1681,1850.04,4456.72,4942.65,483.25,295.68,-156.25,-3803.2,-28553.94,1611.53,17093.22,-5850.9,176.97,-1780.29,-5673.93,-7454.22,,,,,,,,,
1691,1826.47,4486.9,5004.59,468.16,292.9,-144.21,-3796.96,-28603.98,1584.61,17088.13,-5797.98,173.95,-1793.37,-5624.03,-7417.4,,,,,,,,,
1701,1823.58,4502.88,4998.91,485.43,285.5,-116.22,-3794.47,-28654.13,1591.83,17115.26,-5799.43,175.38,-1761.45,-5624.05,-7385.5,,,,,,,,,
1711,1810.19,4432.35,5016.43,473.48,274.01,-145.92,-3866,-28616.89,1583.23,17105.78,-5797.23,173.55,-1933.34,-5623.68,-7557.02,,,,,,,,,
1721,1904.28,4482,4979.93,487.24,287.29,-119.4,-3793.13,-28753.4,1579.04,17077.6,-5706.22,178.24,-1868.56,-5527.98,-7396.54,,,,,,,,,
1731,1866.36,4521.89,4957.19,492.65,274.88,-136.31,-3877.24,-28655.54,1592.2,17034.42,-5716.12,172.03,-1929.49,-5544.08,-7473.57,,,,,,,,,
1741,1822.93,4533.85,4947.6,469.97,280.27,-129.21,-3837.15,-28721.89,1608.77,17052.1,-5640.26,172.95,-1972.76,-5467.31,-7440.07,,,,,,,,,
1751,1812.06,4452.37,5020.07,480.93,271.07,-113.23,-3836.71,-28791.14,1582.8,17089.62,-5632.63,171.69,-2032.17,-5460.95,-7493.11,,,,,,,,,
1761,1859.72,4481.38,4980.43,479.05,273.66,-129.22,-3811.26,-28723.98,1610.94,17093.24,-5695.41,172.92,-1886.04,-5522.48,-7408.52,,,,,,,,,
1771,1810.5,4513.22,4963.42,465.94,269.06,-131.11,-3808.26,-28526.77,1580.64,17093.81,-5809.69,176.28,-1769.55,-5633.41,-7402.96,,,,,,,,,
1781,1788.12,4473.83,4957.48,489.27,251.83,-118.35,-3851.86,-28562.87,1617.92,17129.42,-5791.14,172.52,-1825.21,-5618.62,-7443.83,,,,,,,,,
1791,1755.06,4457.2,5003.7,461.56,263.19,-146.1,-3855.44,-28444.22,1593.4,17065.3,-5885.87,177.81,-1846.35,-5708.06,-7554.41,,,,,,,,,
1801,1794.11,4516.4,4983.48,475.07,257.37,-145.14,-3820.39,-28739.59,1602.55,17112.94,-5708.4,173.27,-1963.19,-5535.13,-7498.32,,,,,,,,,
1811,1826.45,4488.9,4970.96,475.03,268.52,-150.75,-3815.53,-28507.26,1604.62,17123.7,-5893.16,176.64,-1715.35,-5716.52,-7431.87,,,,,,,,,
1821,1828.2,4525.66,4961.68,470.91,264.59,-122.25,-3828.8,-28668.85,1591.89,17039.02,-5718.5,176.89,-1937.95,-5541.62,-7479.57,,,,,,,,,
1831,1821.74,4574.07,5040.7,468.45,268.41,-160.92,-3807.67,-28717.1,1608.4,17116.79,-5734.81,173.44,-1787.13,-5561.37,-7348.5,,,,,,,,,
1841,1832.5,4506.38,4998.54,463.88,277.1,-125.49,-3829.52,-28623.92,1595.35,17039.15,-5756.04,170.31,-1866.05,-5585.73,-7451.77,,,,,,,,,
1851,1857.51,4467.29,4973.46,471.22,270.31,-103.72,-3833.75,-28814.34,1593.98,17173,-5649.99,173.35,-1945.04,-5476.64,-7421.68,,,,,,,,,
1861,1839.85,4542.17,4969.6,468.38,294.89,-115.96,-3824.18,-28739.78,1570.18,17009.35,-5622.45,171.82,-1985.49,-5450.63,-7436.12,,,,,,,,,
1871,1901.3,4502.86,5025.89,469.79,282.79,-126.74,-3826.49,-28769.63,1599.28,17072.58,-5641.74,171.14,-1868.38,-5470.61,-7338.99,,,,,,,,,
1881,1752.13,4483.69,4921.88,472.83,281.31,-106.92,-3831.8,-28701.13,1604.02,17149.06,-5764,175.23,-1974.95,-5588.77,-7563.72,,,,,,,,,
1891,1852.93,4539.95,4988.6,491.53,263.86,-119.88,-3846.18,-28592.92,1556.4,17040.35,-5816.67,174.59,-1825.35,-5642.08,-7467.44,,,,,,,,,
1901,1789.65,4551.99,4993.23,468.33,282.43,-122.69,-3796.45,-28649.9,1606.44,17121.76,-5790.55,172.74,-1755.2,-5617.81,-7373.01,,,,,,,,,
1911,1813.38,4483.09,5027.54,462.35,270.05,-150.26,-3790.14,-28614.96,1590.6,17038.94,-5781.55,174.42,-1869.41,-5607.13,-7476.54,,,,,,,,,
1921,1816.63,4495.25,4988.2,474.74,271.87,-130.63,-3867.46,-28663.9,1592.87,17142.52,-5770.45,171.52,-1879.9,-5598.93,-7478.82,,,,,,,,,
1931,1844.25,4456.37,4944.29,479.5,263.1,-98.8,-3807.89,-28606.82,1593.51,17178.43,-5879.04,176.3,-1754.07,-5702.73,-7456.8,,,,,,,,,
1941,1866.79,4353,5004.72,468,264.73,-114.49,-3816.22,-28886.23,1595.57,17178.02,-5625.02,174.76,-2086.11,-5450.26,-7536.37,,,,,,,,,
1951,1844.55,4462.03,4987.05,469.1,286.73,-134.88,-3809.14,-28928.64,1601.15,17198.63,-5572.6,168.89,-2023.41,-5403.71,-7427.12,,,,,,,,,
1961,1882.85,4520.24,4970.62,491.57,279.63,-121.59,-3808.37,-28844.64,1595.13,17177.92,-5676.37,175.1,-1856.63,-5501.27,-7357.9,,,,,,,,,
1971,1856.98,4543.26,4964.65,480.82,270.39,-126.64,-3795.73,-28734.77,1568.17,17186.76,-5792.22,177.83,-1786.1,-5614.38,-7400.49,,,,,,,,,
1981,1837.01,4497.31,5004.23,473.05,270.67,-116.36,-3808.97,-28853.49,1584,17170.14,-5699.7,174.24,-1942.41,-5525.46,-7467.87,,,,,,,,,
1991,1828.93,4529.88,4981.7,474.22,272.4,-119.74,-3819.99,-28773.74,1594.1,17127.03,-5678.01,176.24,-1905.21,-5501.77,-7406.98,,,,,,,,,
2001,1833.25,4529.32,5008.81,483.52,275.43,-145.15,-3821.9,-28663.97,1590.35,17101,-5776.15,178.75,-1809.34,-5597.39,-7406.73,,,,,,,,,
2011,1781.06,4525.78,5007.6,488.32,284.54,-149.74,-3797.37,-28782.2,1613.79,17195.07,-5746.16,178.42,-1833.15,-5567.74,-7400.89,,,,,,,,,
2021,1839.28,4524.44,4924.14,469.8,286.3,-138.97,-3766.5,-28798.82,1574.29,17139.18,-5702.59,176.78,-1946.85,-5525.81,-7472.66,,,,,,,,,
2031,1827.85,4536.69,4938.15,467.32,263.43,-129.56,-3814.1,-28762.49,1616.92,17198.94,-5751.7,179.27,-1856.84,-5572.43,-7429.28,,,,,,,,,
2041,1817.55,4502.59,5015.92,475.32,281.18,-129.9,-3818.12,-28602.6,1588.6,17112.92,-5809.78,176.99,-1756.55,-5632.79,-7389.34,,,,,,,,,
2051,1764.04,4605.21,5000.99,473.36,280.17,-114.22,-3873.55,-28678.87,1584.68,17166.4,-5750.39,173.71,-1791.8,-5576.68,-7368.48,,,,,,,,,
2061,1758.96,4489.35,4956.67,468.83,272.23,-94.79,-3826.63,-28626.45,1598.07,17186.55,-5837.33,174.31,-1817.23,-5663.02,-7480.25,,,,,,,,,
2071,1849.6,4405.71,4956.73,481.55,262.15,-114.18,-3839.8,-28550.22,1612.17,17191.79,-5895.13,175.88,-1744.49,-5719.25,-7463.74,,,,,,,,,
2081,1782.4,4546.69,4988.68,489.15,264.51,-143.72,-3832.74,-28606.88,1580.1,17191.89,-5868.7,175.67,-1739.92,-5693.03,-7432.95,,,,,,,,,
2091,1852.48,4496.74,4961.25,482.39,271.05,-122.56,-3815.61,-28627.84,1557.66,17121.98,-5807.62,178.43,-1822.45,-5629.19,-7451.65,,,,,,,,,
2101,1811.17,4553.04,4971.26,473.92,257.63,-124.84,-3843.26,-28642.7,1604.44,17134.52,-5791.15,174.96,-1804.82,-5616.18,-7421.01,,,,,,,,,
2111,1749.18,4555.22,4952.87,471.18,259.23,-137.64,-3847.91,-28503.65,1613.38,17162.82,-5907.7,175.68,-1725.34,-5732.02,-7457.36,,,,,,,,,
2121,1852.3,4511.8,5022.45,489.18,280.12,-116.96,-3875.37,-28545.13,1600.04,17126.78,-5892.32,173.66,-1654.8,-5718.66,-7373.46,,,,,,,,,
2131,1834.7,4457.4,4997.27,470.95,260.2,-95.94,-3811.34,-28580.39,1622.58,17198.33,-5921.11,173.1,-1646.25,-5748,-7394.26,,,,,,,,,
2141,1802.51,4540,4970.12,480.78,278.01,-120.81,-3818.63,-28531.6,1577.64,17111.11,-5882.68,177.44,-1710.86,-5705.25,-7416.11,,,,,,,,,
2151,1830.13,4478.72,4927.99,476.44,286.07,-133.94,-3790.48,-28428.76,1585.24,17047.75,-5959.92,178.56,-1720.85,-5781.36,-7502.21,,,,,,,,,
2161,1728.9,4576.99,4987.52,477.76,249.99,-129.64,-3838.04,-28582.34,1635.01,17209.6,-5890.1,175.32,-1684.25,-5714.77,-7399.03,,,,,,,,,
2171,1796.19,4551.19,4962.59,483.42,273.13,-119.84,-3856.62,-28594.15,1601.07,17206,-5888.01,175.15,-1697.02,-5712.87,-7409.89,,,,,,,,,
2181,1824.15,4494.47,4975.61,476.62,272.44,-96.87,-3879.73,-28527.89,1620.35,17120.32,-5880.22,171.77,-1720.54,-5708.45,-7428.98,,,,,,,,,
2191,1767.23,4535.63,4970.52,476.85,273.04,-105.26,-3832.59,-28663.2,1620.15,17101.61,-5753.51,172.76,-1856.03,-5580.75,-7436.77,,,,,,,,,
2201,1764.53,4542.43,4951.38,482.17,270.68,-130.84,-3855.75,-28706.21,1577.01,17185.88,-5741.82,171.52,-1918.72,-5570.3,-7489.02,,,,,,,,,
2211,1795.23,4574.68,4968.84,486.86,261.4,-117.35,-3810.07,-28516.54,1576.66,17137.56,-5922.32,176.42,-1642.73,-5745.9,-7388.63,,,,,,,,,
2221,1869,4466.83,4923.95,487.16,270.66,-115.13,-3789.85,-28527.16,1602.44,17115.74,-5939.27,177.11,-1696.37,-5762.16,-7458.53,,,,,,,,,
2231,1791.2,4480.25,5004.76,471.15,266.01,-97.49,-3810.78,-28679.97,1622.84,17191.87,-5859.12,176.88,-1760.15,-5682.24,-7442.39,,,,,,,,,
2241,1838.19,4508.47,4987.44,465.29,256.6,-111.33,-3808.61,-28665.16,1584.02,17122.47,-5779.76,180.29,-1822.63,-5599.48,-7422.11,,,,,,,,,
2251,1832.58,4469.25,5001.38,467.01,267.79,-108.02,-3814.37,-28579.77,1575.24,17054.81,-5868.43,178.85,-1834.11,-5689.58,-7523.69,,,,,,,,,
2261,1792.51,4602.54,5028.45,484.14,271.74,-110.34,-3801.63,-28679.19,1632.82,17128.3,-5825.62,177.82,-1650.67,-5647.8,-7298.47,,,,,,,,,
2271,1794.88,4594.56,4965.55,473.58,291.49,-101.18,-3815.65,-28596.56,1584.82,17171.91,-5901.74,176.14,-1636.6,-5725.6,-7362.2,,,,,,,,,
2281,1790.64,4477,4951.79,485.05,263.7,-98.8,-3797.16,-28504.37,1578.36,17159.94,-5969.17,182.67,-1693.85,-5786.49,-7480.34,,,,,,,,,
2291,1856.23,4491.86,4990.2,475.63,280.12,-132.01,-3801.01,-28517.27,1600.28,17125.44,-5884.91,178.26,-1630.52,-5706.64,-7337.17,,,,,,,,,
2301,1771.38,4520.33,4947.88,457.12,276.34,-125.07,-3818.11,-28457.32,1601.09,17078.7,-5936.92,171.69,-1747.66,-5765.23,-7512.89,,,,,,,,,
2311,1812.65,4563.3,5050.37,471.21,268.29,-125.89,-3850.61,-28556.61,1585.54,17028.79,-5851.87,173.74,-1752.96,-5678.13,-7431.09,,,,,,,,,
2321,1769.13,4431.17,4974.22,470.31,251.56,-137.23,-3826.25,-28518.93,1607.22,17088.78,-5868.03,174.65,-1890.02,-5693.38,-7583.4,,,,,,,,,
2331,1769.49,4571.23,4987.26,470.95,283.29,-140.5,-3826.94,-28312.25,1597.4,16973.14,-5975.6,174.61,-1626.93,-5800.99,-7427.92,,,,,,,,,
2341,1866.61,4534.89,4956.32,476.16,276.66,-128.26,-3834.25,-28465.31,1592.01,17040.42,-5940.26,178.43,-1684.75,-5761.83,-7446.58,,,,,,,,,
2351,1835.24,4476.45,4972.13,476.82,281.8,-114.57,-3793.22,-28434.71,1602.18,17064.45,-5976.95,178.58,-1633.43,-5798.36,-7431.79,,,,,,,,,
2361,1868.66,4516.8,5003.07,485.11,272.31,-104.72,-3834.91,-28504.05,1576.74,17043.62,-5866.86,176.03,-1677.37,-5690.83,-7368.2,,,,,,,,,
2371,1798.14,4554.58,4963.7,482.21,274.56,-125.26,-3875.67,-28641.86,1584.25,17086.22,-5757.22,172.82,-1899.11,-5584.4,-7483.51,,,,,,,,,
2381,1871.15,4480.4,4946.48,482.6,275.41,-118.87,-3858.32,-28582.89,1604.71,17081.7,-5833.37,172.5,-1817.63,-5660.87,-7478.5,,,,,,,,,
2391,1823.05,4448.66,4959.53,479.97,256.04,-99.35,-3830.63,-28804.53,1626.23,17178.63,-5696.92,174.93,-1962.41,-5521.99,-7484.4,,,,,,,,,
2401,1828.08,4495.89,4963.02,481.06,289.08,-124.16,-3847.9,-28724.14,1615.05,17164.79,-5760.03,174.25,-1859.23,-5585.79,-7445.01,,,,,,,,,
2411,1839.24,4528.36,4965.6,464.68,268.89,-102.53,-3860.42,-28633,1571.48,17078.31,-5761.84,171.71,-1879.39,-5590.14,-7469.53,,,,,,,,,
2421,1820.13,4480.74,4977.08,481.77,267.1,-114.89,-3814.23,-28629.06,1580.56,17174.51,-5867.73,176.75,-1776.27,-5690.98,-7467.25,,,,,,,,,
2431,1787.59,4526.7,5014.93,473.37,249.39,-129.75,-3834.75,-28719.84,1606.25,17141.24,-5774.79,171.07,-1884.87,-5603.72,-7488.59,,,,,,,,,
2441,1820.27,4521.82,4994.4,483.32,268.04,-122.95,-3828.43,-28714.56,1593.77,17097.93,-5698.13,171.6,-1886.4,-5526.54,-7412.94,,,,,,,,,
2451,1831.33,4461.94,4924.47,483.04,276.3,-122.05,-3822.53,-28692.04,1600.88,17206.41,-5841.74,175.54,-1852.26,-5666.2,-7518.45,,,,,,,,,
2461,1850.2,4460.67,4979.38,483.21,262.57,-143.16,-3804.47,-28686.12,1602.75,17200.79,-5795.36,177.22,-1794.18,-5618.14,-7412.33,,,,,,,,,
2471,1891.56,4493.58,4978.27,481.34,269.75,-97.23,-3825.44,-28729.84,1616.64,17170.14,-5772.19,173.83,-1751.24,-5598.35,-7349.6,,,,,,,,,
2481,1772.63,4555.09,4988.93,464.57,281.36,-147.91,-3890.04,-28777.61,1584.88,17128.83,-5693.62,169.23,-2039.28,-5524.39,-7563.66,,,,,,,,,
2491,1863.18,4425.24,4993.99,485.81,281.96,-106.06,-3882.81,-28822.29,1588.75,17260.53,-5752.33,171.54,-1911.7,-5580.79,-7492.49,,,,,,,,,
2501,1824.51,4504.07,4981.24,475.63,274.65,-94.55,-3787.11,-28744.15,1585.96,17076.93,-5731.85,174.87,-1902.83,-5556.98,-7459.81,,,,,,,,,
2511,1794.34,4490.49,4964.02,467.33,273.59,-101.63,-3840.06,-28836.7,1624.53,17255.77,-5729.96,172.52,-1908.31,-5557.44,-7465.75,,,,,,,,,
2521,1779.63,4466.25,5006.05,477.51,266.57,-105.95,-3854.72,-28713.38,1594.62,17129.59,-5733.49,171.34,-1953.83,-5562.15,-7515.97,,,,,,,,,
2531,1816.5,4430.26,4978.96,468.19,272.72,-105.83,-3806.55,-28849.99,1563.22,17219.8,-5692.21,175.41,-2012.74,-5516.81,-7529.54,,,,,,,,,
2541,1863.87,4537.82,4975.88,473.33,260.16,-124.78,-3871.71,-28694.86,1589.9,17144.39,-5759.88,174.3,-1845.99,-5585.58,-7431.57,,,,,,,,,
2551,1802.27,4420.89,4993.88,470.96,264.22,-133.83,-3860.71,-28688.02,1621.9,17230.11,-5835.66,173.93,-1878.33,-5661.73,-7540.06,,,,,,,,,
2561,1875.74,4514.23,5003.15,476.15,282.14,-146.13,-3835.62,-28699.94,1586.53,17262.02,-5871.32,175.15,-1681.73,-5696.17,-7377.91,,,,,,,,,
2571,1823.34,4551.72,4991.2,476.42,256.21,-152.82,-3840.97,-28637.94,1608.55,17146.38,-5798.66,174.73,-1777.91,-5623.93,-7401.84,,,,,,,,,
2581,1792.21,4501.05,4964.1,462.9,270.9,-134.33,-3824.81,-28685.88,1636.24,17158.21,-5794.29,175.93,-1859.41,-5618.36,-7477.78,,,,,,,,,
2591,1812.48,4417.21,4989.24,450.11,257.56,-133.28,-3829.44,-28629.48,1573.13,17216.97,-5866.57,181.62,-1875.5,-5684.95,-7560.45,,,,,,,,,
2601,1820.94,4574.15,4967.29,479.31,263.22,-120.27,-3863.77,-28616.95,1597.15,17067.14,-5745.63,172.37,-1831.79,-5573.26,-7405.05,,,,,,,,,
2611,1828.76,4623.66,4998.57,495.94,274.53,-119.66,-3859.27,-28664.94,1595.98,17157.26,-5806.63,172.93,-1669.16,-5633.7,-7302.86,,,,,,,,,
2621,1840.18,4495.13,5001.98,468.56,278.77,-132.24,-3795.55,-28762.65,1608.93,17131.01,-5734.84,172.52,-1865.89,-5562.32,-7428.21,,,,,,,,,
2631,1785.92,4452.24,4986.97,461.09,254.02,-98.64,-3830.59,-28815.9,1584.8,17264.43,-5733.34,171.39,-1955.66,-5561.95,-7517.61,,,,,,,,,
2641,1856.86,4515.87,4988.71,482.16,286.23,-119.58,-3770.35,-28735.72,1597.69,17146.1,-5835.14,174.48,-1752.02,-5660.66,-7412.67,,,,,,,,,
2651,1793.51,4549.63,5020.55,456.04,263.22,-134.11,-3821.87,-28585.64,1576.26,17140.41,-5909.6,178.52,-1741.99,-5731.08,-7473.07,,,,,,,,,
2661,1818.8,4435.85,4956.23,470.95,270.18,-111.17,-3823.84,-28522.63,1585.22,17202.89,-5996.2,179.91,-1717.49,-5816.29,-7533.78,,,,,,,,,
2671,1777.84,4487.65,4970.17,482.02,274.62,-114.72,-3790.24,-28537.44,1637.15,17193.92,-5927.76,175.26,-1619.02,-5752.5,-7371.52,,,,,,,,,
2681,1830.05,4542.66,4933.3,471.1,250.9,-121.19,-3772.4,-28646.52,1564.93,17160.04,-5875.6,176.46,-1787.14,-5699.14,-7486.28,,,,,,,,,
2691,1811.44,4444.47,4989.42,470.35,268.59,-146.8,-3843.26,-28478.98,1624.77,17152.95,-5937.16,173.54,-1707.05,-5763.61,-7470.66,,,,,,,,,
2701,1819.54,4502.69,4969.23,473.11,293.19,-108.75,-3823.36,-28547.9,1613.21,17051.56,-5830.42,175.49,-1757.5,-5654.93,-7412.43,,,,,,,,,
2711,1913.41,4551.94,4985.86,489.19,255.47,-152.4,-3873.96,-28649.07,1585.18,17143.78,-5777.67,173.9,-1750.6,-5603.78,-7354.38,,,,,,,,,
2721,1812.32,4439.87,4953.83,464.67,281.16,-104.5,-3849.14,-28608.88,1585.19,17168.42,-5856.06,176.46,-1857.06,-5679.6,-7536.66,,,,,,,,,
2731,1809.11,4540.9,4932.01,484.63,255.98,-110.96,-3826.96,-28518.58,1611.67,17078.59,-5919.64,176.66,-1743.61,-5742.98,-7486.59,,,,,,,,,
2741,1742.06,4466.7,4958.2,470.2,278.64,-85.67,-3790.48,-28626.03,1612.79,17197.38,-5852.72,176.61,-1776.22,-5676.11,-7452.33,,,,,,,,,
2751,1844.61,4551.88,4954.29,485.73,259.43,-76.31,-3852.45,-28418.34,1609.09,17077.43,-5948.95,179.41,-1564.64,-5769.53,-7334.18,,,,,,,,,
2761,1870.4,4427.23,4958.07,461.82,270.26,-106.22,-3792.09,-28547.91,1618.4,17147.23,-5886.12,176.69,-1692.81,-5709.43,-7402.24,,,,,,,,,
2771,1883.03,4521.97,4972.7,490.01,248.72,-140.89,-3834.45,-28627.16,1574.11,17237.91,-5881.45,175.1,-1674.04,-5706.35,-7380.38,,,,,,,,,
2781,1824.92,4538.74,4975.33,478.14,268.74,-137.63,-3841.68,-28388.04,1624.08,17148.43,-6051.86,182.78,-1508.97,-5869.09,-7378.06,,,,,,,,,
2791,1844.32,4477.17,4961.88,488.35,262.88,-104.46,-3802.42,-28529,1612.15,17187.95,-5988.87,176.85,-1601.18,-5812.02,-7413.2,,,,,,,,,
2801,1835.03,4544.49,4950.47,486.34,285.1,-110.47,-3831.3,-28466.46,1596.5,17144.65,-5947.15,176.51,-1565.65,-5770.64,-7336.29,,,,,,,,,
2811,1867.93,4527.97,4962.84,475.23,252.98,-108.48,-3761.32,-28647.36,1575.81,17192.61,-5912.19,181.22,-1661.79,-5730.97,-7392.76,,,,,,,,,
2821,1858.75,4527.79,4916.75,488.17,269.85,-117.88,-3821.34,-28515.99,1554.58,17163.41,-5945.6,175.18,-1675.89,-5770.42,-7446.31,,,,,,,,,
2831,1765.29,4485.89,4935.77,472.57,272.51,-121.3,-3792.86,-28542.33,1598.1,17238.06,-5948.35,177.09,-1688.3,-5771.26,-7459.55,,,,,,,,,
2841,1910.48,4497.52,4984.7,472.8,285.62,-100.45,-3796.95,-28533,1562.25,17181.14,-5923.18,177.52,-1535.87,-5745.66,-7281.53,,,,,,,,,
2851,1782.35,4550.81,4969.07,483.27,269.14,-125.95,-3818.88,-28526.56,1560,17234.98,-5947.32,177.27,-1621.76,-5770.05,-7391.82,,,,,,,,,
2861,1751.31,4526.42,4950.91,472.98,255.63,-103.9,-3821.18,-28599.71,1619.4,17181.62,-5862.56,175.76,-1766.51,-5686.8,-7453.3,,,,,,,,,
2871,1772.16,4468.61,4951.67,485.66,270.24,-124.71,-3853.98,-28359.51,1591.46,17223.31,-6111.89,179.89,-1575.07,-5932,-7507.07,,,,,,,,,
2881,1812.41,4516.84,4993.22,496.26,254.79,-111.13,-3815.24,-28516.81,1599.2,17108.17,-5942.27,178.96,-1662.29,-5763.3,-7425.6,,,,,,,,,
2891,1797.39,4435.59,4976.4,482.76,260.32,-120.78,-3793.55,-28762.74,1610.5,17185.18,-5758.28,174.17,-1928.94,-5584.11,-7513.05,,,,,,,,,
2901,1755.11,4471.93,4943.88,469.8,274.4,-121.93,-3816.59,-28717.53,1589.87,17254.68,-5846.79,178.65,-1896.39,-5668.14,-7564.53,,,,,,,,,
2911,1842.43,4527.18,4954.03,491.84,256.28,-134.65,-3835.2,-28537.45,1591.02,17139.69,-5929.35,178.23,-1704.84,-5751.13,-7455.97,,,,,,,,,
2921,1843.02,4496.75,4951.99,506.33,260.78,-146.52,-3777.5,-28570.61,1632.93,17212.48,-5954.54,178.42,-1590.33,-5776.12,-7366.45,,,,,,,,,
2931,1831.28,4404.3,4981.74,488.43,269.33,-135.65,-3808.15,-28409.08,1591.58,17221.6,-6091.37,180.69,-1564.62,-5910.67,-7475.3,,,,,,,,,
2941,1838.14,4501.96,4954.71,474.21,267.9,-121.26,-3763.12,-28484.18,1614.34,17138.6,-6033.29,180.32,-1578.71,-5852.97,-7431.68,,,,,,,,,
2951,1759.62,4406.74,4954.49,488.63,254.52,-109.1,-3799.33,-28553.09,1601.13,17199.33,-5942.93,180.26,-1797.06,-5762.67,-7559.73,,,,,,,,,
2961,1843.94,4450.06,4918.35,481.36,268.18,-122.18,-3809.39,-28603.44,1604.52,17156.08,-5876.71,177.8,-1812.51,-5698.91,-7511.42,,,,,,,,,
2971,1886.77,4447.07,4942.06,479.17,246.67,-97.96,-3790,-28469.86,1580.14,17133.19,-5969.78,180.32,-1642.74,-5789.46,-7432.21,,,,,,,,,
2981,1794.32,4512.35,4961.46,476.52,275.15,-114.42,-3822.55,-28587.79,1594.46,17217.17,-5898.92,176.14,-1693.34,-5722.78,-7416.13,,,,,,,,,
2991,1808.02,4501.21,4980.72,473.25,260.98,-123.23,-3842.03,-28608.58,1633.55,17059.28,-5806.48,172.55,-1856.83,-5633.93,-7490.76,,,,,,,,,
3001,1864.52,4467.63,4991.84,481.12,279.16,-101.19,-3807.12,-28536.13,1568.62,16956.04,-5845.72,175.17,-1835.49,-5670.55,-7506.05,,,,,,,,,
3011,1850.73,4492.99,4953.63,479.24,262.84,-114.99,-3842.88,-28461.15,1585.77,17010.16,-5888.01,180.67,-1783.66,-5707.34,-7491,,,,,,,,,
3021,1793.41,4513.97,4953.09,480.87,263.68,-87.34,-3806.11,-28553.32,1604.86,17096.99,-5856.24,178.12,-1739.89,-5678.12,-7418.01,,,,,,,,,
3031,1872.71,4410.65,4971.64,485,284.84,-136.64,-3824.47,-28477.41,1605.43,17152.62,-5976.77,179.25,-1655.63,-5797.53,-7453.16,,,,,,,,,
3041,1816.56,4463.33,5006.2,470.66,291.22,-143.98,-3789.8,-28573.21,1573.28,17179.27,-5895.43,178.61,-1706.46,-5716.81,-7423.27,,,,,,,,,
3051,1801.41,4463.98,4978.5,477.61,287.23,-140.75,-3742.08,-28639.04,1604.9,17053.43,-5801.63,177.68,-1854.81,-5623.96,-7478.77,,,,,,,,,
3061,1860.43,4529.86,4967.12,480.45,270.84,-125.84,-3794.57,-28570.06,1586.11,17130.71,-5890.95,176.09,-1664.96,-5714.86,-7379.81,,,,,,,,,
3071,1792.99,4634.46,4992.7,501.89,278.33,-117.67,-3793.56,-28718.91,1604.32,17113.41,-5805.45,178.23,-1712.05,-5627.21,-7339.26,,,,,,,,,
3081,1821.59,4506.55,4970.53,474.66,254.95,-134.01,-3792.59,-28702.89,1600.5,17231,-5811.51,177.52,-1769.71,-5633.99,-7403.7,,,,,,,,,
3091,1786.58,4553.71,4962.34,469.64,269.05,-106.51,-3822.35,-28726.45,1579.58,17141.72,-5743.37,172.91,-1892.68,-5570.45,-7463.14,,,,,,,,,
3101,1862.82,4499.71,4995.56,488.05,266.98,-135.36,-3795.28,-28662,1587.22,17103.52,-5817.59,179.65,-1788.79,-5637.94,-7426.73,,,,,,,,,
3111,1843.46,4532.22,4958.66,473.54,275.03,-146.68,-3787.78,-28657.11,1590.05,17158.78,-5846.11,179.66,-1759.84,-5666.46,-7426.3,,,,,,,,,
3121,1757.65,4470.87,4963.51,469.58,278.1,-156,-3714.28,-28655.63,1626.36,17137.9,-5849.49,178.52,-1821.95,-5670.97,-7492.92,,,,,,,,,
3131,1808.15,4449.73,4989.67,463.02,274.15,-149.99,-3761.79,-28594.61,1601.11,17132.07,-5892.72,182,-1788.49,-5710.72,-7499.21,,,,,,,,,
3141,1810.44,4557.61,4994.46,479.01,262.24,-98.78,-3806.86,-28664.95,1594.25,17092.3,-5816.83,182.93,-1780.28,-5633.9,-7414.19,,,,,,,,,
3151,1789.15,4472.23,4974.43,482.4,272.75,-125.41,-3799.69,-28685.16,1565.14,17187.49,-5823.32,179.7,-1866.68,-5643.62,-7510.3,,,,,,,,,
3161,1844,4482.65,4969.38,489.93,278.19,-125.02,-3814.48,-28589.22,1616.77,17107.32,-5832.24,178.52,-1740.48,-5653.72,-7394.2,,,,,,,,,
3171,1808.98,4535.76,4939.07,480.49,283.02,-148.85,-3765.27,-28669.92,1564.92,17156.07,-5815.43,179.21,-1815.72,-5636.22,-7451.94,,,,,,,,,
3181,1804.79,4501.95,4992.75,470.26,270.98,-135.38,-3734.94,-28751.1,1587.52,17085.88,-5714.02,175.41,-1907.29,-5538.6,-7445.9,,,,,,,,,
3191,1836.7,4514.72,4980.56,486.87,271.99,-133.81,-3798.6,-28531.2,1575.95,17141.84,-5951.31,182.29,-1654.98,-5769.02,-7424,,,,,,,,,
3201,1815.76,4485.2,4996.17,481.42,282.21,-132.75,-3753.92,-28772.86,1613.77,17159.44,-5761.03,177.63,-1825.56,-5583.4,-7408.96,,,,,,,,,
3211,1804.46,4473.6,5017.35,468.17,264.78,-137.93,-3794.95,-28679.75,1606.92,17082.31,-5768.55,176.97,-1895.04,-5591.58,-7486.62,,,,,,,,,
3221,1807.91,4459.93,4980.44,472,276.86,-149.74,-3750.83,-28672.91,1576.36,17141.14,-5768.4,178.83,-1858.84,-5589.57,-7448.41,,,,,,,,,
3231,1785.2,4516.88,5028.18,464.13,288.04,-131.51,-3757.82,-28736.43,1600.44,17146.99,-5755.12,175.1,-1795.89,-5580.02,-7375.91,,,,,,,,,
3241,1845.83,4477.77,4979.84,489.14,260.8,-119.32,-3774.22,-28528.82,1623.36,17043.43,-5872.99,178.66,-1702.19,-5694.33,-7396.52,,,,,,,,,
3251,1820.35,4517.82,4979.72,480.52,270.14,-132.41,-3837.03,-28626.28,1588.11,17204,-5832.13,174.89,-1735.07,-5657.24,-7392.31,,,,,,,,,
3261,1765.11,4503.25,4965.95,470.8,276.92,-119.14,-3775.04,-28697.75,1640.01,17168.17,-5807.33,175.96,-1801.73,-5631.37,-7433.1,,,,,,,,,
3271,1761.7,4498.65,4992,485.69,264.04,-134.47,-3831.97,-28687.94,1591.44,17096.16,-5752.54,177.41,-1964.7,-5575.12,-7539.83,,,,,,,,,
3281,1849.49,4478.64,4954.46,479.47,273.55,-131.18,-3825.01,-28638.05,1573.66,17103.54,-5798.71,178.07,-1881.43,-5620.64,-7502.07,,,,,,,,,
3291,1861.38,4623.56,4917.89,494.07,267.93,-115.38,-3828,-28575.84,1569.63,17005.32,-5803.23,173.66,-1779.44,-5629.57,-7409.01,,,,,,,,,
3301,1848.22,4509.47,4955.14,483.92,268.1,-94.36,-3810.27,-28712.03,1568.19,17076.58,-5734.09,173.4,-1907.04,-5560.69,-7467.73,,,,,,,,,
3311,1761.33,4600.67,4969.87,491.84,281.77,-113.05,-3807.34,-28859.87,1614.58,17112.95,-5602.04,172.56,-1947.24,-5429.48,-7376.72,,,,,,,,,
3321,1757,4588.04,4951.14,467.1,290.92,-115.68,-3803.43,-28811.3,1618.49,17104.23,-5665.24,172.32,-1953.5,-5492.92,-7446.42,,,,,,,,,
3331,1796.58,4523.3,4964.04,473.01,263.93,-105.37,-3814.23,-28635.15,1581.26,17086.62,-5758.95,178.43,-1866.01,-5580.52,-7446.52,,,,,,,,,
3341,1835.36,4586.93,4983.87,483.23,269.32,-127.84,-3794.87,-28548.1,1584.6,17061.23,-5819.98,178.91,-1666.27,-5641.07,-7307.35,,,,,,,,,
3351,1880.8,4509.5,4942.93,455.71,272.73,-124.55,-3825.86,-28593.7,1560.28,17142.72,-5872.49,174.72,-1779.45,-5697.77,-7477.22,,,,,,,,,
3361,1838.19,4482.76,4926.64,482.3,261.49,-131.91,-3807.55,-28661.71,1599.44,17065.36,-5761.57,177.85,-1945,-5583.72,-7528.72,,,,,,,,,
3371,1794.25,4509.33,5008.16,478.22,277.04,-125.61,-3745.72,-28700.67,1591.46,17144.05,-5767.16,180.36,-1769.5,-5586.8,-7356.31,,,,,,,,,
3381,1819.74,4464.37,4918.84,478.11,250.29,-122.69,-3773.7,-28644.03,1620.23,17068.97,-5788.2,177.95,-1919.87,-5610.25,-7530.12,,,,,,,,,
3391,1842.84,4478.78,4995.18,473.25,263.87,-93.25,-3813.6,-28742.72,1597.56,17159.76,-5756.5,173.49,-1838.33,-5583.01,-7421.34,,,,,,,,,
3401,1841.04,4497.63,4963.05,471.59,268.27,-118.2,-3792.85,-28405.19,1594.42,17079.48,-5973.79,179.32,-1600.76,-5794.47,-7395.23,,,,,,,,,
3411,1822.63,4589.83,4950.3,486.36,272.78,-115.86,-3855.06,-28443.87,1573.08,17094.25,-5912.8,176.78,-1625.58,-5736.02,-7361.6,,,,,,,,,
3421,1755.62,4424.05,4972.11,473.02,262.45,-122.37,-3801.38,-28666.01,1615.14,17114.22,-5756.4,178.35,-1973.16,-5578.05,-7551.22,,,,,,,,,
3431,1746.51,4471.93,5031.29,467.73,280.13,-112.79,-3832.33,-28729.96,1620.35,17162.67,-5687.08,170.77,-1894.47,-5516.31,-7410.78,,,,,,,,,
3441,1801.2,4476.16,5007.91,460.92,249.76,-150.93,-3838.47,-28703.34,1626.56,17079.05,-5710.8,170.97,-1991.16,-5539.83,-7530.99,,,,,,,,,
3451,1815.85,4485.28,4948.99,487.72,256.49,-115.24,-3846.04,-28753.16,1596.86,17149.22,-5737.35,169.65,-1974.04,-5567.7,-7541.74,,,,,,,,,
3461,1780.29,4534.95,4965.48,480.34,270.92,-123.61,-3835.1,-28724.19,1617.2,17098.6,-5741.83,170.95,-1935.13,-5570.88,-7506,,,,,,,,,
3471,1861.27,4531.99,4926.75,468.31,277.17,-85.26,-3862.18,-28664.99,1560.46,16996,-5681.61,173.67,-1990.47,-5507.94,-7498.42,,,,,,,,,
3481,1841.83,4538.48,4937.09,490.76,275.62,-121.24,-3808.77,-28960.21,1594.15,17101.05,-5484.7,167.51,-2111.24,-5317.18,-7428.43,,,,,,,,,
3491,1841.25,4539.72,4927.76,471.8,268.98,-117.88,-3831.61,-28781.66,1599.81,17101.34,-5622.73,171.31,-1980.48,-5451.42,-7431.9,,,,,,,,,
3501,1781.64,4549.19,4972.04,485.31,269.8,-110.63,-3850.48,-28712.71,1607.4,17060.55,-5658.49,173.09,-1947.88,-5485.4,-7433.28,,,,,,,,,
3511,1789.58,4524.29,4993.52,490.69,284.54,-98.51,-3872.31,-28764.89,1599.68,17084.64,-5649.83,170.13,-1968.78,-5479.7,-7448.48,,,,,,,,,
3521,1789.07,4475.71,4983.23,482.94,275.77,-120.56,-3868.06,-28906.45,1622.67,17174.55,-5578.02,168.84,-2091.14,-5409.18,-7500.32,,,,,,,,,
3531,1802.01,4505.6,4917.21,490.25,264.96,-86.78,-3847.52,-28944.81,1587.6,17252.82,-5601.87,172.36,-2058.65,-5429.51,-7488.16,,,,,,,,,
3541,1828.99,4483.8,4997.63,474.54,261.47,-123.98,-3819.22,-28950.04,1616.89,17207.52,-5552.3,171.07,-2022.41,-5381.23,-7403.64,,,,,,,,,
3551,1809.23,4468.09,5009.45,474.5,292.65,-129.32,-3822.36,-28972.3,1589.02,17090.36,-5476.22,170.67,-2190.69,-5305.56,-7496.25,,,,,,,,,
3561,1842.21,4462.73,4990.76,480.74,272.89,-138.03,-3817.99,-29005.55,1584.3,17097.77,-5433.69,169.08,-2230.18,-5264.61,-7494.79,,,,,,,,,
3571,1808.55,4471.93,4942.98,483.21,275.44,-112.8,-3811.86,-28967.67,1598.08,17100.51,-5459.74,169.36,-2211.63,-5290.38,-7502.01,,,,,,,,,
3581,1814.01,4506.85,4949.68,486.15,262.83,-139,-3789.23,-28941.55,1616.17,17173.19,-5607.85,173.94,-2060.9,-5433.91,-7494.81,,,,,,,,,
3591,1876.79,4467.2,4976.57,478.25,270.95,-126.39,-3805.22,-28804.06,1594.51,17143.48,-5628.11,172.14,-1927.93,-5455.97,-7383.9,,,,,,,,,
3601,1805.44,4478.43,5028.2,473.78,263.84,-129.58,-3831.68,-28864.24,1598.14,17176.71,-5672.36,173.34,-2000.97,-5499.02,-7499.98,,,,,,,,,
3611,1792.81,4556.15,4938.36,471.4,272.04,-117,-3758.63,-28863.28,1611.54,17154.14,-5669.12,174.5,-1942.49,-5494.62,-7437.11,,,,,,,,,
3621,1814.89,4564.81,4983.65,490.52,271.22,-139.18,-3846.11,-28828.66,1631.57,17117.87,-5652.88,174.18,-1939.42,-5478.69,-7418.12,,,,,,,,,
3631,1842.51,4537.07,4985.57,476.6,276.57,-118.78,-3825.9,-29015.27,1602.27,17055.39,-5452.77,169.06,-2183.98,-5283.72,-7467.69,,,,,,,,,
3641,1847.14,4600.64,4975.33,485.96,290.88,-107.67,-3860.01,-28943.31,1588.94,17029.91,-5481.6,170.33,-2092.2,-5311.27,-7403.47,,,,,,,,,
3651,1775.89,4456.4,4938.88,487.57,254.45,-113.06,-3800.43,-29108.07,1607.01,17191.22,-5441.76,171.33,-2310.14,-5270.43,-7580.57,,,,,,,,,
3661,1758.98,4458.86,4950.01,472.71,259.88,-126.94,-3796.34,-28952.65,1629.77,17209.01,-5617.48,176.69,-2136.71,-5440.78,-7577.49,,,,,,,,,
3671,1854.3,4480.49,4967.31,487.8,267.7,-136.88,-3858.49,-29076.8,1612.55,17114.69,-5411.88,172.1,-2287.33,-5239.78,-7527.12,,,,,,,,,
3681,1856.42,4588.47,4982.96,489.86,280.73,-118.06,-3844.41,-28897.33,1562.25,17004.64,-5485.03,173.26,-2094.47,-5311.76,-7406.24,,,,,,,,,
3691,1850.53,4490.34,4937.15,475.01,268.5,-111.82,-3841.3,-29082.49,1596.05,17158.02,-5427.67,171.37,-2260.01,-5256.3,-7516.31,,,,,,,,,
3701,1851.17,4550.35,4926.19,478.14,280.57,-101.56,-3808.49,-28897.92,1565.68,16974.16,-5517.87,173.42,-2181.71,-5344.46,-7526.16,,,,,,,,,
3711,1827.76,4622.83,4961.11,477.32,272.27,-136.98,-3780.93,-28923.97,1595.72,17101.22,-5566.67,172.2,-1983.65,-5394.48,-7378.12,,,,,,,,,
3721,1806.68,4462.69,4992.38,475.27,255.55,-106.97,-3879.94,-28792.2,1631.86,17052.69,-5590.72,166.22,-2101.98,-5424.51,-7526.49,,,,,,,,,
3731,1767.26,4516,4973.13,480.16,257.26,-112.24,-3854.06,-28818.56,1591.9,17100.83,-5601.26,173.17,-2098.32,-5428.1,-7526.42,,,,,,,,,
3741,1792.73,4547.54,4901.48,486.91,272.27,-119.51,-3809.05,-28801.85,1589.3,16999.68,-5597.16,169.71,-2140.5,-5427.45,-7567.95,,,,,,,,,
3751,1815.08,4475.71,4999.84,475.33,270.64,-138.27,-3867.76,-28809.79,1624.31,17073.11,-5591.58,169.8,-2081.79,-5421.79,-7503.57,,,,,,,,,
3761,1892.51,4540.14,5003.38,453.94,265.97,-134.65,-3861.43,-28765.92,1561.63,17010.7,-5615.97,170.47,-2033.73,-5445.5,-7479.23,,,,,,,,,
3771,1806.95,4497.94,4987.23,469.72,253.32,-141.45,-3804.84,-28967.47,1596.19,17115.65,-5527.28,172.77,-2186.76,-5354.51,-7541.27,,,,,,,,,
3781,1816.82,4546.24,4963.24,455.52,277.45,-104.47,-3865.62,-29018.14,1560.73,17213.92,-5541.26,172.05,-2154.31,-5369.21,-7523.52,,,,,,,,,
3791,1905.32,4523.08,4991.98,480.41,259.32,-154.1,-3814.67,-28868.51,1558.79,17083.63,-5608.67,177.11,-2034.74,-5431.55,-7466.3,,,,,,,,,
3801,1822.55,4485.82,4995.76,465.7,264,-135.59,-3868.64,-28905.34,1595.94,17077.96,-5536.31,169.97,-2201.84,-5366.34,-7568.18,,,,,,,,,
3811,1781.2,4565.76,4964.28,473.48,287.94,-97.7,-3838.66,-28779.93,1593.8,17090.76,-5651.32,172.24,-1959.08,-5479.08,-7438.16,,,,,,,,,
3821,1836.07,4521.64,4989.3,472.22,266.57,-140.66,-3802.36,-28882.35,1608.09,17132.87,-5592.6,174.68,-1998.61,-5417.91,-7416.52,,,,,,,,,
3831,1923.35,4613.83,4950.23,482.64,263.95,-144.2,-3818.4,-28787.79,1596.51,17043.59,-5688.9,174.02,-1876.3,-5514.88,-7391.18,,,,,,,,,
3841,1821.61,4551.96,4958.67,478.25,273.92,-128.32,-3831.27,-28730.79,1602.66,17031.34,-5672.05,175,-1971.97,-5497.05,-7469.02,,,,,,,,,
3851,1757.26,4637.01,5002.37,478.02,298.57,-140.03,-3790.52,-28849.41,1611.95,17117.08,-5616.74,172.15,-1877.69,-5444.59,-7322.28,,,,,,,,,
3861,1834.07,4549.05,5001.37,468.78,274.89,-139.14,-3797.75,-28724.36,1594.99,17066.08,-5707.64,176.29,-1872.01,-5531.35,-7403.36,,,,,,,,,
3871,1893.3,4467.77,5023.41,490.51,266.64,-148.26,-3819.16,-28590.68,1585.16,17057.28,-5789.48,177.56,-1774.06,-5611.92,-7385.98,,,,,,,,,
3881,1922.41,4493.16,4995.07,491.18,282.62,-123.49,-3770.36,-28807.32,1555.4,17089.59,-5621.61,172.3,-1871.74,-5449.31,-7321.05,,,,,,,,,
3891,1789.5,4544.36,4962.85,490.28,265.59,-117.94,-3840.28,-28799.22,1607.82,17100.71,-5622.41,174.11,-1996.33,-5448.3,-7444.63,,,,,,,,,
3901,1819.25,4410.99,4995.21,478.18,276.23,-141.31,-3818.54,-28809.09,1601.57,17142.9,-5659.63,174.63,-2044.61,-5484.99,-7529.61,,,,,,,,,
3911,1942.56,4492.27,5010.71,484.78,275.42,-126.13,-3818.24,-28648.3,1596.42,16980.19,-5699.88,175.78,-1810.32,-5524.11,-7334.42,,,,,,,,,
3921,1863.1,4489.69,4948.88,474.05,286.56,-149.27,-3817.34,-28612.52,1584.79,17068.97,-5766.41,173.78,-1863.09,-5592.63,-7455.72,,,,,,,,,
3931,1773.93,4563.3,4989.99,462.78,264.36,-146.72,-3808.11,-28696.35,1580.06,17036.54,-5730.34,174.26,-1980.23,-5556.08,-7536.31,,,,,,,,,
3941,1852.01,4507.81,4949.5,487.78,266.95,-134.48,-3811.65,-28560.3,1565.88,17097.47,-5838.85,178.83,-1779.04,-5660.02,-7439.06,,,,,,,,,
3951,1890.96,4404.73,4974.41,486.11,273.57,-140.26,-3811.63,-28703.96,1595.89,17163.84,-5769.92,173.95,-1866.34,-5595.97,-7462.31,,,,,,,,,
3961,1840.09,4490.08,4973.59,490.64,269.98,-104.04,-3826.28,-28709.19,1610.97,17021.66,-5688.98,174.59,-1942.51,-5514.4,-7456.91,,,,,,,,,
3971,1809.9,4559.89,4986.01,483.41,272.36,-114.15,-3827.67,-28745.46,1609.3,17168.7,-5709.44,173.87,-1797.71,-5535.57,-7333.27,,,,,,,,,
3981,1800.83,4493.64,4953.29,482.36,263.64,-131.85,-3848.42,-28693.44,1575.21,17165.75,-5747.88,175.25,-1939,-5572.63,-7511.62,,,,,,,,,
3991,1844.99,4567.7,5005.51,492.43,283.03,-115.04,-3852.07,-28812.93,1559.32,17127.07,-5644.01,170.97,-1899.98,-5473.04,-7373.02,,,,,,,,,
4001,1754.77,4453.36,4946.6,462.03,280.22,-115.08,-3862.66,-28735.93,1617.42,17322.19,-5807.17,173.28,-1877.09,-5633.88,-7510.97,,,,,,,,,
4011,1818.7,4480.46,4982.56,465.09,291.61,-126.05,-3825.13,-28577.87,1575.66,17112.52,-5810.47,173.81,-1802.46,-5636.66,-7439.12,,,,,,,,,
4021,1848.82,4400.67,4919.19,473.16,273.63,-119.81,-3820.65,-28639.48,1607.83,17057.47,-5775.08,174.15,-1999.16,-5600.93,-7600.09,,,,,,,,,
4031,1819.73,4542.37,5013.09,476.13,276.28,-159.76,-3782.89,-28779.8,1590.07,17221.52,-5709.79,174.71,-1783.26,-5535.08,-7318.34,,,,,,,,,
4041,1758.6,4531.01,4974.23,491.8,287,-119.03,-3835.74,-28794.13,1617.57,17137.81,-5718.76,176.72,-1950.88,-5542.04,-7492.93,,,,,,,,,
4051,1810.76,4485.9,4973.8,475.07,283.87,-138.78,-3861.93,-28767.5,1622.89,17212.78,-5737.23,174.24,-1903.13,-5562.99,-7466.12,,,,,,,,,
4061,1855.5,4386.09,4963.16,465.42,259.06,-124.25,-3836.23,-28737.72,1586.38,17145.74,-5707.85,174.1,-2036.84,-5533.75,-7570.59,,,,,,,,,
4071,1804.7,4505.52,4999.45,489.94,290,-136.58,-3815.21,-28857.75,1617.21,17076.41,-5595.75,175.06,-2026.31,-5420.68,-7446.99,,,,,,,,,
4081,1825.01,4525.22,4925.77,469.34,265.18,-111.9,-3795.88,-28661.85,1570.88,17073.31,-5788.97,175.34,-1914.93,-5613.64,-7528.56,,,,,,,,,
4091,1828.37,4481.92,4970.53,472.81,264.78,-125.53,-3755.33,-28807.64,1579.45,17123.95,-5725.53,175.75,-1966.69,-5549.78,-7516.46,,,,,,,,,
4101,1844.3,4548.79,4975.87,480.21,276.12,-129.79,-3855.55,-28704.89,1581.37,17034.45,-5738.42,170.15,-1949.12,-5568.27,-7517.39,,,,,,,,,
4111,1797.05,4487.99,4991.19,482.06,267.58,-121.07,-3848.44,-28585.49,1608.18,17023.93,-5828.48,173.15,-1897.03,-5655.32,-7552.36,,,,,,,,,
4121,1805.31,4519.18,4979.27,476.71,296.03,-115.33,-3829.78,-28933.15,1573.32,17190.59,-5612.15,171.73,-2037.85,-5440.42,-7478.27,,,,,,,,,
4131,1812.39,4546.9,5020.83,459.61,292.01,-148.99,-3856.28,-28979.92,1595.56,17209.49,-5569.04,170.72,-2048.4,-5398.31,-7446.72,,,,,,,,,
4141,1771.79,4543.22,4992.78,479.64,252.17,-125.64,-3799.79,-28873.37,1605.16,17227.47,-5697.72,174.18,-1926.56,-5523.54,-7450.1,,,,,,,,,
4151,1795.54,4469.49,4941.34,488.13,244.5,-113.11,-3830.54,-28782.63,1588.77,17186.18,-5718.53,175.52,-2012.33,-5543.01,-7555.34,,,,,,,,,
4161,1836.41,4532.28,4946.75,487.94,269.51,-91.97,-3811.97,-28787.53,1605.43,17099.84,-5708.01,176.82,-1913.3,-5531.19,-7444.49,,,,,,,,,
4171,1889.43,4555.09,4955.46,470.6,268.03,-105.47,-3810.23,-28725.41,1605.67,17039.4,-5695.94,176.04,-1857.43,-5519.91,-7377.34,,,,,,,,,
4181,1906.07,4449.2,4975.27,483.24,261.83,-134.38,-3782.61,-28749.46,1607.67,17160.04,-5733.54,177.08,-1823.14,-5556.47,-7379.6,,,,,,,,,
4191,1782.34,4498.51,4930.03,482.56,253.38,-128.13,-3746.19,-28855.39,1595.13,17191.12,-5716.71,178.03,-1996.64,-5538.68,-7535.31,,,,,,,,,
4201,1782.53,4554.61,4960.78,477.29,276.71,-162.15,-3863.35,-28628.78,1598.11,17036.56,-5766.41,175.67,-1967.69,-5590.74,-7558.42,,,,,,,,,
4211,1813.26,4498.84,4981.64,470.81,259.56,-114.48,-3832.6,-28682.97,1598.47,17139.32,-5758.05,177.3,-1868.15,-5580.75,-7448.9,,,,,,,,,
4221,1819.95,4462.64,4969.06,475.97,267,-146.37,-3791.9,-28754.55,1585.56,17157.95,-5692.86,178.15,-1954.67,-5514.71,-7469.38,,,,,,,,,
4231,1798.01,4463.68,4970.88,479.82,283.2,-147.24,-3853.23,-28898.8,1614.48,17253.4,-5646.38,173.95,-2035.79,-5472.43,-7508.22,,,,,,,,,
4241,1792.08,4523.76,4963.22,478.97,257.38,-118.52,-3781.17,-28847.16,1591.64,17160.29,-5701.67,177.1,-1979.52,-5524.57,-7504.09,,,,,,,,,
4251,1809.92,4423.02,5017.36,471.16,273.48,-129.24,-3804.15,-28997.85,1643.18,17223.05,-5568.98,175.89,-2070.07,-5393.1,-7463.17,,,,,,,,,
4261,1709.77,4358.69,4998.5,467.54,270.92,-121.47,-3778.72,-28863.64,1636.21,17213.11,-5649.11,170.74,-2109.08,-5478.37,-7587.45,,,,,,,,,
4271,1838.27,4452.15,5019.43,473.54,258.34,-133.49,-3841.47,-28902.78,1609.84,17145.3,-5597.52,174.93,-2080.87,-5422.59,-7503.46,,,,,,,,,
4281,1808.48,4457.36,4967.32,473.87,272.55,-111.41,-3777.05,-28775.43,1656.59,17073.36,-5678.15,177.71,-1954.36,-5500.44,-7454.81,,,,,,,,,
4291,1789.58,4454.8,5012.08,459.85,250.56,-141.71,-3843.94,-28676.89,1628.03,17149.55,-5787.21,172.88,-1918.1,-5614.33,-7532.42,,,,,,,,,
4301,1805.92,4554.03,5011.77,485.65,284.45,-117.6,-3828.34,-28620.11,1586.47,17201.36,-5864.05,174.58,-1636.38,-5689.48,-7325.86,,,,,,,,,
4311,1877.5,4529.89,4968.76,486.13,282.36,-165.75,-3764.51,-28811.58,1599.89,17143.5,-5710.05,176.5,-1853.81,-5533.55,-7387.36,,,,,,,,,
4321,1820.99,4548.7,4973.68,474.92,282.48,-150.91,-3833.77,-28742.17,1556.56,17127.49,-5717.39,175.62,-1942.03,-5541.77,-7483.8,,,,,,,,,
4331,1856.07,4526.17,4960.59,497.86,256.8,-133.62,-3842.76,-28919.93,1586.97,17186.58,-5616.2,174.07,-2025.28,-5442.13,-7467.41,,,,,,,,,
4341,1753.39,4534.58,4977.76,471.03,272.07,-155.31,-3781.62,-28723.39,1633.2,17110.69,-5690.13,172.49,-1907.6,-5517.64,-7425.24,,,,,,,,,
4351,1790.02,4431.99,4954.32,466.58,288.64,-143.26,-3828.82,-28644.93,1636.24,17192.27,-5831.16,173.77,-1856.94,-5657.39,-7514.33,,,,,,,,,
4361,1781.94,4528.42,4910.74,479.73,270.65,-127.78,-3834.26,-28808.86,1586.36,17211.64,-5708.03,176.44,-2001.41,-5531.6,-7533.01,,,,,,,,,
4371,1825.12,4555.34,4932.38,484.16,287.45,-124.24,-3815.12,-28749.18,1554.48,17103.89,-5721.5,176.11,-1945.71,-5545.39,-7491.1,,,,,,,,,
4381,1800.39,4550.85,4947.23,473.58,277.05,-132.06,-3835.56,-28714.44,1630.93,17057.36,-5691.24,176.33,-1944.67,-5514.91,-7459.58,,,,,,,,,
4391,1824.4,4380.67,4968.33,485.88,284.08,-116.52,-3825.46,-28831.33,1621.85,17207.13,-5677.6,169.6,-2000.97,-5508.01,-7508.97,,,,,,,,,
4401,1854.95,4502.72,4946.5,482.82,247.42,-140.46,-3777.05,-28705.74,1589.4,17082.69,-5731.08,173.82,-1916.75,-5557.25,-7474,,,,,,,,,
4411,1848.84,4495.2,4985.34,475.76,263.57,-130.2,-3817.66,-28772.89,1583.35,17080.42,-5694.47,178.04,-1988.26,-5516.43,-7504.7,,,,,,,,,
4421,1829.09,4497.22,4992.75,480.29,277.66,-92.95,-3820.35,-28798.24,1596.3,17132.31,-5678.79,178.43,-1905.93,-5500.35,-7406.28,,,,,,,,,
4431,1845.37,4507.62,4965.33,475.62,265.57,-110.05,-3767.14,-28849.57,1591.86,17051.28,-5593.49,177.99,-2024.12,-5415.49,-7439.61,,,,,,,,,
4441,1805.33,4446.12,4961.99,468.18,271.35,-140.41,-3817.37,-28825.34,1620.94,17170.23,-5613.83,172.2,-2038.99,-5441.63,-7480.62,,,,,,,,,
4451,1839.18,4583.99,4951.64,488.71,272.38,-127.4,-3812.89,-28712.31,1589.71,17097.88,-5716.1,176.72,-1829.12,-5539.38,-7368.5,,,,,,,,,
4461,1826.38,4523.39,5037.98,493.44,284.53,-145.54,-3839.74,-28891.56,1618.12,17124.34,-5604,178.79,-1968.68,-5425.21,-7393.89,,,,,,,,,
4471,1856.53,4526.77,4941.48,470.01,289.78,-103.86,-3788.18,-28687.28,1596.43,17144.22,-5765.45,181.44,-1754.1,-5584.01,-7338.11,,,,,,,,,
4481,1782.13,4532.09,5005.86,462.32,289.52,-150.97,-3772.1,-28790.12,1564.62,17093.04,-5652.17,180.17,-1983.6,-5472,-7455.61,,,,,,,,,
4491,1822.9,4541.37,4976.31,481.49,257.42,-135.5,-3737.51,-28977.58,1596.47,17134.45,-5581.7,180.53,-2040.19,-5401.17,-7441.36,,,,,,,,,
4501,1763.1,4510.61,4949.57,474.46,255.08,-99.92,-3829.17,-28862.22,1626.33,17205.27,-5613.08,176.01,-2006.87,-5437.08,-7443.95,,,,,,,,,
4511,1781.97,4421.01,4912.4,465.57,254.1,-130.18,-3758.04,-28910.47,1617.46,17186.05,-5629.46,175.76,-2160.13,-5453.71,-7613.83,,,,,,,,,
4521,1783.77,4435.45,4986.2,479.74,287.68,-129.75,-3785.9,-28894.61,1601.47,17121.87,-5597.76,173.23,-2114.09,-5424.53,-7538.63,,,,,,,,,
4531,1772.63,4466.25,4954.05,468.55,259.79,-124.12,-3803.88,-28841.6,1601.3,17162.15,-5632.95,175.75,-2084.89,-5457.2,-7542.09,,,,,,,,,
4541,1782.89,4548.44,4966.42,475.88,267.82,-129.08,-3796,-28724.71,1587.35,17073.62,-5711.79,178.79,-1947.37,-5533,-7480.37,,,,,,,,,
4551,1826.77,4473.64,4953.86,459.18,259.66,-136.65,-3860.06,-28722.98,1588.31,17117.34,-5700.5,173.99,-2040.94,-5526.51,-7567.45,,,,,,,,,
4561,1787.47,4473.56,4955.52,483.52,291.42,-114.6,-3819.49,-28987.01,1590.83,17248.26,-5578.29,174.34,-2090.51,-5403.96,-7494.47,,,,,,,,,
4571,1843.14,4527.76,4954.74,480.66,290.55,-122.19,-3779.53,-28823.39,1569.03,17074.54,-5653.31,176.3,-1984.68,-5477.02,-7461.7,,,,,,,,,
4581,1826.79,4512.46,4972.37,464.13,273.33,-110.25,-3792.5,-28964.56,1598.58,17205.89,-5591.59,173.47,-2013.76,-5418.12,-7431.88,,,,,,,,,
4591,1834.94,4516.82,5001.93,465.35,263.76,-131.8,-3810.52,-28856.13,1563.22,17218.87,-5657.87,177.47,-1933.57,-5480.4,-7413.96,,,,,,,,,
4601,1853.43,4556.05,4947.42,488.09,247.39,-130.28,-3776.87,-28764.42,1577.38,17085.66,-5667.7,175.57,-1916.15,-5492.13,-7408.28,,,,,,,,,
4611,1850.36,4497.02,5008.71,476.55,262.78,-135.02,-3880.06,-28849.42,1604.08,17147.28,-5604.99,173.15,-2017.73,-5431.84,-7449.57,,,,,,,,,
4621,1808.18,4546.22,4957.73,474.36,270.23,-135.7,-3826.62,-28784.49,1585.49,17168.63,-5723.77,176.12,-1935.98,-5547.64,-7483.62,,,,,,,,,
4631,1784.28,4447.29,4950.97,474.24,260.27,-118.98,-3834.79,-28862.23,1581.83,17128.47,-5584.66,172.38,-2188.65,-5412.27,-7600.93,,,,,,,,,
4641,1820.4,4541.14,4962.82,469.71,258.96,-126.67,-3795.58,-28927.4,1619.04,17210.99,-5611.86,174.84,-1966.6,-5437.02,-7403.62,,,,,,,,,
4651,1871.11,4454.85,4934.53,487.39,277.91,-114.7,-3825.06,-28822.21,1575.68,17177.25,-5686.85,173.52,-1983.26,-5513.34,-7496.6,,,,,,,,,
4661,1782.02,4448.7,4954.56,465.59,258.76,-101.86,-3846.44,-28824.12,1582.15,17185.18,-5670.92,174.47,-2095.44,-5496.45,-7591.89,,,,,,,,,
4671,1903.67,4477.95,4979.16,460.47,286.44,-135.36,-3815.41,-28834.1,1578.66,17112.57,-5627.25,173.15,-1985.95,-5454.1,-7440.05,,,,,,,,,
4681,1812.9,4516.68,4950.15,474.76,265.47,-121.79,-3853.02,-28696.4,1582.96,17121.98,-5732.45,175.15,-1946.31,-5557.3,-7503.61,,,,,,,,,
4691,1767.55,4561.04,4951.32,493.96,263.55,-122.62,-3825.37,-28830.21,1572.29,16992.68,-5549.83,173.96,-2175.81,-5375.87,-7551.68,,,,,,,,,
4701,1776.95,4570.57,4947.26,482.89,274.1,-114.47,-3818.31,-28816.81,1568.05,17179.1,-5691.82,176.97,-1950.67,-5514.85,-7465.52,,,,,,,,,
4711,1838.34,4530.84,4987.69,494.21,273.12,-127.41,-3825.32,-28853.4,1626.92,17119.62,-5590.98,173.98,-1935.39,-5417,-7352.39,,,,,,,,,
4721,1771.34,4540.31,4930.06,490.99,270.36,-104.64,-3835.79,-28832.29,1606.24,17232.7,-5709.99,175.29,-1930.72,-5534.7,-7465.42,,,,,,,,,
4731,1801.22,4536.79,4954.39,483.71,270.73,-120.99,-3801.48,-28806.37,1610.85,17099.22,-5701.88,175.28,-1971.92,-5526.6,-7498.51,,,,,,,,,
4741,1831.04,4453.63,4981.05,471.55,261.55,-139.44,-3811.06,-28684.69,1616.42,17124.85,-5738.8,179.68,-1895.11,-5559.12,-7454.23,,,,,,,,,
4751,1889.67,4461.56,4943.07,479.22,279.39,-123.24,-3873.47,-28606.23,1608.9,17124.76,-5784.29,173.86,-1816.37,-5610.43,-7426.81,,,,,,,,,
4761,1779,4468.07,4960.83,478.87,276.44,-105.77,-3848.97,-28720.61,1600.17,17213.97,-5781.75,173.92,-1898.01,-5607.83,-7505.83,,,,,,,,,
4771,1828.54,4516.77,4989.12,477.27,267.85,-130.3,-3826.79,-28615.06,1565.11,17082.16,-5829.41,177.02,-1845.32,-5652.39,-7497.71,,,,,,,,,
4781,1802.62,4530.74,4963.23,473.99,263.3,-130.28,-3823.85,-28671.93,1579.05,17129.64,-5788.07,174.53,-1883.48,-5613.53,-7497.01,,,,,,,,,
4791,1834.6,4514.65,4961.98,489.17,279.54,-146.95,-3834.86,-28540.13,1609.51,17157.29,-5903.54,172.86,-1675.2,-5730.69,-7405.89,,,,,,,,,
4801,1789.16,4496.68,5016.93,473.65,289.14,-112.98,-3817.4,-28929.95,1601.05,17242,-5620.99,171.68,-1951.72,-5449.31,-7401.03,,,,,,,,,
4811,1764.58,4465.78,5003.53,473.42,270.62,-145.5,-3838.73,-28702.44,1597.48,17251.51,-5806.8,176.83,-1859.76,-5629.97,-7489.73,,,,,,,,,
4821,1738.06,4504.58,4990.6,478.37,274.49,-133.72,-3846.7,-28594.33,1584.26,17227.37,-5881.55,175.82,-1777.02,-5705.73,-7482.74,,,,,,,,,
4831,1803.14,4424.74,4979.28,464.92,250.76,-146.47,-3801.1,-28842.44,1601.64,17204.61,-5664.9,175.55,-2060.91,-5489.35,-7550.27,,,,,,,,,
4841,1909.01,4517.22,4969.68,476.56,276.71,-140.98,-3796.32,-28668.85,1577.74,17126.06,-5810.17,176.05,-1753.15,-5634.12,-7387.27,,,,,,,,,
4851,1867.18,4493.34,4992.76,487.25,263.79,-127.36,-3812.54,-28699.63,1601.37,17152.2,-5787.86,174.98,-1781.66,-5612.88,-7394.54,,,,,,,,,
4861,1820.54,4529.03,5020.53,484.36,264.37,-146.67,-3813.57,-28806.15,1582.76,17155.22,-5714.46,174.82,-1909.59,-5539.64,-7449.22,,,,,,,,,
4871,1795.39,4534.37,4985.38,486.04,295.25,-123.01,-3793.82,-28655.13,1627.85,17179.69,-5839.9,176.01,-1667.98,-5663.88,-7331.87,,,,,,,,,
4881,1837.79,4500.31,4936.48,474.85,257.58,-109.11,-3828.86,-28740.29,1604.7,17306.09,-5832.27,176.2,-1760.46,-5656.06,-7416.53,,,,,,,,,
4891,1847.05,4515.44,5023.27,490.02,287.68,-155.27,-3861.73,-28526.98,1576.76,17038.91,-5856.42,174.65,-1764.84,-5681.77,-7446.61,,,,,,,,,
4901,1800.77,4507.16,4992.58,468.58,252.67,-142.11,-3792.89,-28652.72,1582.26,17095.32,-5829.03,176.32,-1888.37,-5652.7,-7541.07,,,,,,,,,
4911,1743.22,4455.15,4947.3,456.46,280.17,-136.78,-3805.38,-28696.58,1600.52,17235.62,-5853.05,175.14,-1920.31,-5677.91,-7598.22,,,,,,,,,
4921,1808.17,4474.54,4961.52,485.47,275.55,-132.71,-3791.59,-28617.34,1626.18,17194.6,-5871.76,179.45,-1715.62,-5692.31,-7407.93,,,,,,,,,
4931,1857.07,4533.22,4951.72,481.59,273.63,-135.75,-3810.33,-28554.45,1552.67,17127.06,-5916.03,180.07,-1723.57,-5735.96,-7459.54,,,,,,,,,
4941,1824.37,4590.96,4969.43,484.31,273.66,-109.57,-3765.59,-28672.48,1605.12,17080.35,-5746.58,177.9,-1719.44,-5568.68,-7288.12,,,,,,,,,
4951,1830.83,4418.77,4928,483.27,253.46,-125.5,-3790.13,-28640.53,1619.3,17215.82,-5838.55,177.03,-1806.71,-5661.52,-7468.23,,,,,,,,,
4961,1805.06,4420.05,5001.77,464.86,272.39,-124.15,-3832.68,-28635.63,1593.93,17151.28,-5827.78,177.87,-1883.13,-5649.91,-7533.04,,,,,,,,,
4971,1834.47,4513.38,5004.12,471.6,294.82,-129.64,-3832.4,-28512.23,1573.91,17054.63,-5870.55,176.24,-1727.34,-5694.31,-7421.65,,,,,,,,,
4981,1821.35,4504.98,4970.09,486.33,281.61,-119.5,-3802.1,-28594.34,1576.76,17110.5,-5819.26,176.12,-1764.31,-5643.13,-7407.45,,,,,,,,,
4991,1796.14,4473.07,4993.25,468.81,281.37,-130.02,-3820.33,-28574.74,1606.77,16998.29,-5790.56,178.4,-1907.38,-5612.17,-7519.55,,,,,,,,,
5001,1827.18,4487.11,4895.67,476.78,247.74,-113.3,-3817.75,-28701.32,1588.69,17177.78,-5800.83,174.88,-1931.43,-5625.95,-7557.37,,,,,,,,,
5011,1779.22,4484.52,4978.59,463.6,268.61,-132.65,-3765.04,-28581.92,1630.2,17122.92,-5864.63,178.73,-1751.93,-5685.89,-7437.82,,,,,,,,,
5021,1822.64,4449.32,4977.33,475.04,259.29,-136.23,-3805.11,-28672.69,1578.95,17237.97,-5861.2,174.07,-1813.5,-5687.13,-7500.63,,,,,,,,,
5031,1856.19,4517.84,4979.01,472.33,260.56,-112.78,-3794.7,-28662.15,1562.12,17170.8,-5842.88,179.57,-1750.75,-5663.3,-7414.06,,,,,,,,,
5041,1786.88,4524.36,4963.79,471.05,264.21,-109.08,-3850.31,-28772.47,1630.64,17206.24,-5718.3,176.28,-1884.7,-5542.03,-7426.72,,,,,,,,,
5051,1828.93,4550.6,4995.98,486.67,254.83,-141.07,-3749.44,-28551.99,1600.1,17049.04,-5865.69,181.7,-1676.37,-5683.99,-7360.37,,,,,,,,,
5061,1859.81,4480.66,4980.38,457.13,267.2,-123.09,-3851.81,-28637.97,1567.11,17094.37,-5784.02,175.65,-1906.22,-5608.37,-7514.59,,,,,,,,,
5071,1853.42,4424.81,4983.19,472.63,265.88,-109.86,-3788.4,-28765.38,1575.5,17204.81,-5798.88,178.17,-1883.38,-5620.71,-7504.09,,,,,,,,,
5081,1823.39,4498.55,5020.35,481.6,289.96,-126.54,-3833.43,-28701.08,1591.32,17199.1,-5778.39,175.51,-1756.77,-5602.89,-7359.66,,,,,,,,,
5091,1874.19,4542.78,5013.22,502.38,252.06,-122.88,-3796.61,-28637.08,1613.15,17186.91,-5829.34,179.97,-1571.88,-5649.37,-7221.25,,,,,,,,,
5101,1759.64,4586.62,4976.33,490.34,266.34,-113.35,-3774.86,-28545.59,1625.71,17128.69,-5921.02,180.29,-1600.14,-5740.73,-7340.87,,,,,,,,,
5111,1810.84,4471.99,5001.01,467.87,269.39,-145.85,-3799.44,-28402.49,1623.28,17084.3,-6018.58,181.87,-1619.11,-5836.71,-7455.81,,,,,,,,,
5121,1793.65,4466.48,4966.74,470.07,266.36,-120.32,-3780.64,-28475.17,1571.23,17054.46,-5936.21,181.49,-1787.14,-5754.72,-7541.86,,,,,,,,,
5131,1857.37,4565.3,4963.96,483.15,257.72,-108.96,-3841.41,-28379.37,1546.59,17049.25,-5975.53,181.91,-1606.4,-5793.63,-7400.02,,,,,,,,,
5141,1825.23,4500.87,5015.47,475.01,278.63,-135.61,-3802.55,-28579.79,1558.24,17057.76,-5801.3,183.06,-1806.75,-5618.24,-7424.99,,,,,,,,,
5151,1833.86,4464.28,4889,483.28,288.61,-135.39,-3758.38,-28544.99,1618.89,17100.52,-5934.2,183.78,-1760.34,-5750.42,-7510.76,,,,,,,,,
5161,1764.29,4474.77,5023.36,473.64,259.69,-125.46,-3754.96,-28600.57,1599.29,17142.18,-5885,179.29,-1743.76,-5705.71,-7449.47,,,,,,,,,
5171,1809.72,4518.81,4988.51,463.62,267,-131.49,-3757.99,-28563.48,1597.51,17079.39,-5858.76,180.01,-1728.4,-5678.75,-7407.14,,,,,,,,,
5181,1771.34,4465.95,5023.49,460.95,279.02,-134.09,-3790.17,-28482.87,1606.39,17148.93,-5954.76,180.93,-1651.06,-5773.83,-7424.89,,,,,,,,,
5191,1845.16,4498.79,4972.27,487.17,273.4,-100.65,-3850.27,-28432.7,1648.38,17152.57,-5984.2,175.44,-1505.89,-5808.76,-7314.65,,,,,,,,,
5201,1813.55,4421.29,5031.01,465.4,267.82,-140.46,-3793.98,-28461.54,1619.34,17137.21,-5956.07,179.05,-1640.38,-5777.02,-7417.4,,,,,,,,,
5211,1845.86,4549.57,4917.51,469.75,268.96,-129.09,-3798.04,-28625.17,1575.09,17055.38,-5841.43,177.25,-1870.18,-5664.19,-7534.37,,,,,,,,,
5221,1825.72,4451.62,4991.56,472.56,268.1,-141.91,-3807.72,-28350.51,1608.49,17101.12,-6040.87,180.66,-1580.98,-5860.22,-7441.2,,,,,,,,,
5231,1853.86,4550.52,4969.46,482.09,283.34,-111.47,-3824.63,-28347.09,1607.95,17045.49,-6038.83,182.14,-1490.49,-5856.69,-7347.17,,,,,,,,,
5241,1780.97,4492.22,5004.33,481.88,274.95,-102.86,-3817.24,-28586.89,1606.79,17153.9,-5920.53,178.85,-1711.95,-5741.68,-7453.63,,,,,,,,,
5251,1810.48,4525.56,5003.04,478.04,256.87,-108.73,-3804.08,-28550.19,1569.43,17074.87,-5895.26,180.87,-1744.71,-5714.39,-7459.11,,,,,,,,,
5261,1897.8,4487.92,4913.06,483.69,280.45,-111.01,-3817.34,-28556.63,1559.79,17172.79,-5961.99,175.4,-1689.47,-5786.59,-7476.05,,,,,,,,,
5271,1866.09,4484.77,4971.17,469.27,279.73,-156.97,-3848.66,-28403.08,1574.36,17108.74,-5979.83,179.22,-1654.58,-5800.61,-7455.19,,,,,,,,,
5281,1856.35,4408.97,5005.31,478.56,281.94,-132.12,-3845,-28559.77,1594.18,17207.47,-5985.6,174.42,-1704.12,-5811.17,-7515.29,,,,,,,,,
5291,1901.52,4568.02,5004.33,480.93,265.76,-136.8,-3853.84,-28426.73,1562.04,17087.05,-5975.67,177.74,-1547.72,-5797.94,-7345.66,,,,,,,,,
5301,1859.91,4619.11,4932.74,475.04,278.3,-127.88,-3776.09,-28691.3,1539.9,17228.08,-5884.99,175.93,-1662.19,-5709.06,-7371.25,,,,,,,,,
5311,1827.94,4428.42,4971.38,452.63,259.97,-108.61,-3785.66,-28569.18,1597.71,17161.82,-5906.97,176.58,-1763.58,-5730.39,-7493.97,,,,,,,,,
5321,1808.66,4547.06,4932.49,480.05,287.63,-116.17,-3831.7,-28722.66,1563.95,17166.94,-5762.22,174.76,-1883.75,-5587.45,-7471.2,,,,,,,,,
5331,1835.73,4473,5007.23,483.13,260.65,-115.66,-3834.62,-28786.9,1607.93,17220.82,-5783.01,174.51,-1848.71,-5608.51,-7457.22,,,,,,,,,
5341,1719.82,4435.83,4963.02,473.2,271.81,-134.48,-3802.77,-28786.86,1602.35,17355.75,-5855.51,176.82,-1902.33,-5678.68,-7581.02,,,,,,,,,
5351,1808.88,4558.62,4975.78,477.33,282.42,-106.93,-3819.95,-28513.74,1601.5,17229.67,-6056.91,177.36,-1506.43,-5879.55,-7385.99,,,,,,,,,
5361,1711.31,4574.5,4983.2,484.13,267.08,-145.05,-3811.07,-28952.2,1590.04,17387.38,-5759.46,177.39,-1910.66,-5582.07,-7492.73,,,,,,,,,
5371,1857.73,4494.11,4968.16,476.46,281.51,-115.25,-3821.32,-28500.24,1589.98,17143.03,-6014.16,181.82,-1625.82,-5832.34,-7458.16,,,,,,,,,
5381,1813.19,4471.43,4996.81,467.6,273.43,-122.75,-3841.27,-28618.69,1583.02,17285.19,-5974.49,177.66,-1692.04,-5796.83,-7488.87,,,,,,,,,
5391,1729.72,4517.45,4965.54,475.19,280.74,-93.67,-3783.16,-28515.42,1629.54,17265.04,-6064.28,176.56,-1529.02,-5887.72,-7416.75,,,,,,,,,
5401,1860.63,4506.63,4951.66,477.99,257.48,-116.53,-3752.92,-28651.01,1636.52,17165.69,-5902.88,178.08,-1663.87,-5724.8,-7388.67,,,,,,,,,
5411,1796.8,4429.41,4955.06,477.57,273.1,-111.84,-3809.34,-28518.1,1615.46,17184.11,-6006.83,181.66,-1707.77,-5825.17,-7532.93,,,,,,,,,
5421,1830.99,4595.37,4924.41,477.47,279.68,-105.02,-3867.43,-28603.3,1574.79,17190.55,-5881.93,176.48,-1702.48,-5705.45,-7407.93,,,,,,,,,
5431,1857.63,4575.08,4955.17,470.3,291.71,-139.27,-3806.64,-28479.22,1576.74,17102.88,-5963.62,181.8,-1595.62,-5781.82,-7377.44,,,,,,,,,
5441,1770.9,4516.06,4974.33,468.17,288.44,-110.82,-3817.36,-28829.68,1624.54,17253.84,-5712.36,179.05,-1861.6,-5533.31,-7394.91,,,,,,,,,
5451,1886.62,4576.59,4980.26,474.1,273.61,-148.94,-3803.13,-28626.39,1577.92,17049.81,-5836.57,180.58,-1759.55,-5655.98,-7415.53,,,,,,,,,
5461,1770.92,4474.15,5001.27,459.69,262.61,-103.23,-3804.49,-28629.8,1577.17,17108.78,-5807.49,178.99,-1882.92,-5628.49,-7511.42,,,,,,,,,
5471,1845.93,4587.35,5003.81,487.09,263.9,-138.26,-3829.17,-28699.13,1607.25,17179.79,-5779.3,178.3,-1691.43,-5601,-7292.43,,,,,,,,,
5481,1819.35,4487.27,4976.55,477.12,262.89,-127.25,-3756.6,-28918.21,1609.64,17244.9,-5680.29,175.3,-1924.35,-5504.99,-7429.34,,,,,,,,,
5491,1808.07,4485.14,4999.53,478.61,258.79,-104.77,-3863.07,-28642.88,1573.68,17083.42,-5772.56,176.72,-1923.48,-5595.84,-7519.31,,,,,,,,,
5501,1770.9,4499.58,4937.95,477.75,275.57,-85.63,-3823.27,-28750.17,1598.87,17178.23,-5764.81,174.69,-1920.21,-5590.12,-7510.33,,,,,,,,,
5511,1802.65,4475.78,5004.61,475.26,294.44,-109.06,-3834.08,-28642.95,1565.56,17148.16,-5852.97,177.45,-1819.62,-5675.52,-7495.14,,,,,,,,,
5521,1817.17,4581.26,4936.76,492.43,247.24,-99.31,-3819.59,-28621.81,1566.1,17213.64,-5881.79,178.54,-1686.1,-5703.25,-7389.36,,,,,,,,,
5531,1736.97,4522.58,4948.42,478.76,268.76,-105.39,-3804.38,-28580.59,1605.15,17183.87,-5885.91,178.48,-1745.85,-5707.44,-7453.29,,,,,,,,,
5541,1804.84,4561.23,4946.77,472.4,268.24,-115.53,-3856.76,-28564.34,1590.26,17201.38,-5907.47,178.69,-1691.52,-5728.78,-7420.3,,,,,,,,,
5551,1830.03,4533.79,4950.34,466.13,270.6,-127.17,-3805.93,-28438.11,1619.46,17089.05,-5978.88,180.58,-1611.81,-5798.29,-7410.1,,,,,,,,,
5561,1809.06,4395.38,4988.82,471.61,266.05,-107.56,-3844.72,-28607.95,1622,17274.74,-5966.08,178.96,-1732.57,-5787.12,-7519.69,,,,,,,,,
5571,1847.58,4426.63,4948.18,463.09,260.44,-124.27,-3763.93,-28526.46,1598.17,17036.88,-5883.57,184.21,-1833.68,-5699.36,-7533.04,,,,,,,,,
5581,1894.23,4499.86,4979.84,480.48,272.76,-79.83,-3780.31,-28234.75,1575.79,17074.15,-6145.44,185.25,-1317.79,-5960.19,-7277.98,,,,,,,,,
5591,1859.02,4533.93,4993.45,481.35,275.55,-92.83,-3810.79,-28455.18,1611.75,17031.28,-5917.84,181.52,-1572.49,-5736.31,-7308.8,,,,,,,,,
5601,1818.55,4482.46,4975.4,482.24,259.39,-86.35,-3820.3,-28496.73,1617.17,17022.35,-5890.22,177.81,-1745.81,-5712.41,-7458.23,,,,,,,,,
5611,1832.3,4579.2,4952.58,496.09,272.68,-143.78,-3753.44,-28373.81,1588.13,17099.08,-6049.9,184.06,-1450.96,-5865.84,-7316.8,,,,,,,,,
5621,1814.94,4530.4,5019.77,478.09,288.06,-116.58,-3813.7,-28426.48,1595.87,17005.46,-5944.39,179.72,-1624.17,-5764.67,-7388.83,,,,,,,,,
5631,1826.68,4525.22,4918.67,471.47,246.67,-108.03,-3774.41,-28705.64,1592.57,17201.3,-5843.57,182.41,-1805.5,-5661.16,-7466.66,,,,,,,,,
5641,1841.99,4510.92,4943.59,475.78,283.5,-95.78,-3791.85,-28519.58,1611.92,17069.84,-5929.69,181.73,-1669.68,-5747.96,-7417.65,,,,,,,,,
5651,1830.63,4529.03,4934.1,490.77,274.3,-114.93,-3759.88,-28574.74,1584.58,17198.14,-5938.26,182.73,-1608,-5755.53,-7363.52,,,,,,,,,
5661,1817.15,4395.45,4970.97,472.74,262.72,-118.36,-3841.63,-28501.9,1600.03,17133.03,-5928.33,180.01,-1809.81,-5748.32,-7558.13,,,,,,,,,
5671,1846.29,4546.11,4950.45,462.74,257.84,-138.19,-3772.48,-28276.19,1576.98,17055.62,-6133.29,186.75,-1490.83,-5946.54,-7437.37,,,,,,,,,
5681,1819.06,4477.22,4930.9,462.11,265.54,-96.13,-3742.76,-28506.11,1590.42,17064.07,-5962.64,185.22,-1735.67,-5777.42,-7513.09,,,,,,,,,
5691,1863.75,4574.53,5010.67,463.82,258.62,-117.49,-3784.86,-28367.9,1589.74,17120.8,-6056.51,185.08,-1388.31,-5871.43,-7259.75,,,,,,,,,
5701,1838.01,4478.92,4962.41,478.56,293.46,-122.15,-3743.95,-28361.18,1603.33,17090.13,-6086.09,186.75,-1482.45,-5899.34,-7381.79,,,,,,,,,
5711,1854.93,4478.66,4990.3,486.94,270.73,-121.95,-3797.89,-28344.86,1576.86,17066.22,-6058.59,182.03,-1540.05,-5876.56,-7416.62,,,,,,,,,
5721,1833.07,4477.35,4921.18,466.81,259.21,-149.08,-3764.35,-28413.98,1596.99,17200.29,-6071.86,184.82,-1572.52,-5887.04,-7459.57,,,,,,,,,
5731,1889.65,4502.3,4976.95,493.67,283.41,-89.24,-3782.62,-28554.14,1602.49,17119.39,-5954.07,184.37,-1558.15,-5769.7,-7327.85,,,,,,,,,
5741,1809.39,4485.52,4975.71,471.04,268.59,-102.27,-3734.84,-28454.3,1588.98,17121.01,-6002.32,184.41,-1571.16,-5817.91,-7389.07,,,,,,,,,
5751,1868.91,4521.89,4967.34,479.55,285.4,-121.49,-3758.65,-28432.2,1599.66,17012.08,-5954.37,180.4,-1577.51,-5773.97,-7351.48,,,,,,,,,
5761,1799.76,4449.99,4960.71,483.97,250.07,-128.71,-3813.65,-28567.37,1637.81,17379.15,-6053.43,182.79,-1548.29,-5870.64,-7418.92,,,,,,,,,
5771,1834.85,4557.8,4968.13,479.93,275.01,-121.51,-3780.33,-28540.71,1605.31,17173.92,-5949.44,179.51,-1547.6,-5769.93,-7317.53,,,,,,,,,
5781,1805.52,4517.68,4965.19,466.35,255.32,-115.45,-3729.01,-28299.57,1589.9,17064.2,-6070.32,185.94,-1479.89,-5884.37,-7364.27,,,,,,,,,
5791,1826.57,4492.34,4947.58,483,274.87,-88.93,-3819.43,-28331.56,1585.44,17193.5,-6096.22,181.51,-1436.62,-5914.71,-7351.33,,,,,,,,,
5801,1854.87,4562.31,4964.17,490.85,261.55,-123.58,-3814.89,-28306.38,1592.14,17048.77,-6056.59,181.35,-1470.2,-5875.24,-7345.44,,,,,,,,,
5811,1841.49,4510.95,4953.98,481.41,294.39,-123.45,-3774.32,-28328.33,1585.78,17116.99,-6111.15,183.92,-1441.1,-5927.23,-7368.33,,,,,,,,,
5821,1788.3,4498,5015.27,490.98,271.18,-116.81,-3805.26,-28413,1592.47,17165.93,-6036,184.93,-1512.94,-5851.07,-7364.02,,,,,,,,,
5831,1808.68,4507.48,4943.78,496.57,265.19,-103.02,-3740.79,-28550.41,1596.38,17233.05,-5972.64,183.68,-1543.07,-5788.95,-7332.02,,,,,,,,,
5841,1829.78,4520.45,4920.59,477.96,286.1,-120.63,-3800.29,-28362.74,1565.2,17103.75,-6110.85,182.12,-1579.83,-5928.73,-7508.56,,,,,,,,,
5851,1862.94,4534.49,4966.8,473.43,297.75,-97.09,-3812.7,-28486.12,1611.78,17150.91,-5997.07,181.52,-1497.8,-5815.55,-7313.36,,,,,,,,,
5861,1858.96,4562.28,4930.88,494.72,266.78,-127.1,-3807.51,-28600.09,1623.14,17133.85,-5879.21,181.93,-1664.09,-5697.28,-7361.36,,,,,,,,,
5871,1903.56,4512.95,4947.31,487.3,266.24,-97.93,-3775.89,-28472.79,1609.98,17038.91,-5989.02,184.72,-1580.37,-5804.3,-7384.67,,,,,,,,,
5881,1788.17,4494.41,4904.59,468.92,262.7,-109.45,-3788.04,-28524.24,1579.57,17204.41,-5958.27,180.2,-1718.96,-5778.07,-7497.03,,,,,,,,,
5891,1867.96,4491.16,4969.41,471.09,254.36,-121.03,-3770.33,-28527.73,1550.09,17073.73,-5896.85,184.15,-1741.29,-5712.7,-7453.98,,,,,,,,,
5901,1832.21,4506.93,5003.94,465.11,273.16,-124.23,-3736.09,-28526.76,1556.4,17056.28,-5885.75,183.12,-1693.05,-5702.63,-7395.68,,,,,,,,,
5911,1793.87,4538.29,4985.32,487.31,275.89,-119.91,-3814.37,-28479.42,1605.07,17031.76,-5915.03,184.76,-1696.19,-5730.27,-7426.46,,,,,,,,,
5921,1792.26,4504.96,4971.27,471.13,273.69,-128.49,-3817.74,-28739.42,1632.24,17129.74,-5740.9,178.08,-1910.35,-5562.82,-7473.18,,,,,,,,,
5931,1828.83,4491.29,4939.56,476.55,280.55,-104.44,-3794.26,-28611.98,1592.24,17125.03,-5844.14,180.54,-1776.63,-5663.59,-7440.22,,,,,,,,,
5941,1796.63,4503.98,4948.51,489.63,267.43,-113.8,-3731.79,-28672.46,1614.93,17117.28,-5814.46,181.81,-1779.68,-5632.65,-7412.32,,,,,,,,,
5951,1777.42,4494.03,4954.05,455.02,259.09,-87.56,-3851.21,-28580.99,1623.42,17217.84,-5916.41,178,-1738.89,-5738.41,-7477.3,,,,,,,,,
5961,1826.23,4539.74,4973.64,481.95,275.79,-107.08,-3790.59,-28627.61,1565.58,17136.86,-5828.97,180.68,-1725.48,-5648.28,-7373.77,,,,,,,,,
5971,1816.32,4457.19,4960.22,474.74,265.64,-132.38,-3804.06,-28622.69,1597.02,17095.68,-5831.99,179.29,-1892.34,-5652.69,-7545.03,,,,,,,,,
5981,1822.54,4546.58,4953.82,488.02,265.21,-109.79,-3779.49,-28564.37,1598.17,17124.27,-5932.63,182.78,-1655.04,-5749.85,-7404.9,,,,,,,,,
5991,1859.78,4525.85,4988.03,490.27,258.97,-113.39,-3826.13,-28658.12,1579.71,17046.16,-5752.03,181.83,-1848.88,-5570.2,-7419.08,,,,,,,,,
6001,1826.24,4463.75,4973.54,467.64,269.02,-120.88,-3816.07,-28718.46,1584.87,17130.37,-5693.55,178.05,-1939.99,-5515.5,-7455.49,,,,,,,,,
6011,1771.74,4487.28,4955.23,455.53,266.22,-126.32,-3771.62,-28735.85,1623.13,17173.58,-5760.04,178.92,-1901.07,-5581.12,-7482.19,,,,,,,,,
6021,1832.95,4462.84,4960.65,462.63,271.95,-99.36,-3777.98,-28757.36,1600.06,17165.63,-5795.36,182.02,-1877.99,-5613.35,-7491.34,,,,,,,,,
6031,1830.34,4459.64,4967.03,457.93,257.42,-122.14,-3892.38,-28660.71,1611.43,17091.26,-5728.07,174.14,-2000.16,-5553.94,-7554.1,,,,,,,,,
6041,1787.45,4568.17,4952.09,475.86,267.24,-121.13,-3827.48,-28730.08,1582.63,17138.49,-5727.38,179.05,-1906.74,-5548.33,-7455.07,,,,,,,,,
6051,1895.55,4555.84,4938.57,464.72,271.88,-132.55,-3784.13,-28761.22,1601.57,17135.65,-5756.57,178.92,-1814.09,-5577.64,-7391.73,,,,,,,,,
6061,1812.45,4536.17,4925.75,484.75,252.02,-133.96,-3810.15,-28452.02,1579.15,17007.33,-5925.88,185.04,-1798.5,-5740.84,-7539.34,,,,,,,,,
6071,1795.28,4499.75,4954.18,489.37,289.54,-103.13,-3823.62,-28624.45,1570.58,17151.22,-5837.69,180.08,-1801.27,-5657.61,-7458.88,,,,,,,,,
6081,1766.84,4513.41,4947.66,476.62,289.37,-127.6,-3795.84,-28495.42,1594.02,17115.69,-5938.55,186.01,-1715.25,-5752.54,-7467.79,,,,,,,,,
6091,1770.09,4544.52,4966.79,475.41,256.36,-121.67,-3780.72,-28450.32,1616.24,17018.62,-5920.05,177.36,-1704.69,-5742.69,-7447.38,,,,,,,,,
6101,1772.24,4505.79,4950.69,477.94,280.55,-84.48,-3808.34,-28585.98,1611.36,17164.56,-5917.78,181.91,-1715.68,-5735.87,-7451.55,,,,,,,,,
6111,1876.26,4433.73,4951.68,453.12,254.15,-108.49,-3785.7,-28519.67,1579.3,17165.49,-5960.64,184.44,-1700.14,-5776.2,-7476.34,,,,,,,,,
6121,1884.08,4567.34,5004.01,480.7,293.35,-111.56,-3840.55,-28457.09,1604.1,17065.25,-5945.61,180.76,-1510.35,-5764.84,-7275.2,,,,,,,,,
6131,1830.45,4384.33,4938.74,475.19,251.1,-144.07,-3782.22,-28559.15,1601.54,17216.96,-5932.91,184.42,-1787.13,-5748.49,-7535.62,,,,,,,,,
6141,1754.69,4503.9,4964.77,477.04,275.14,-110.4,-3807.9,-28546.55,1622.8,17230.3,-5984.53,179.94,-1636.22,-5804.59,-7440.81,,,,,,,,,
6151,1795.62,4492.13,4946.85,479.37,278.3,-141.16,-3834.05,-28672.87,1629.59,17185.66,-5817.79,177.11,-1840.55,-5640.68,-7481.23,,,,,,,,,
6161,1841.51,4497.24,4976.47,488.29,281.89,-133.09,-3871.28,-28495.02,1609.6,17126.25,-5900.56,178.04,-1678.14,-5722.52,-7400.66,,,,,,,,,
6171,1793.29,4525.69,4938.05,480.25,253.96,-120.45,-3834.27,-28408.71,1602.04,17210.09,-6038.17,182.13,-1560.09,-5856.04,-7416.13,,,,,,,,,
6181,1796.75,4562.61,4970.67,486.11,257.99,-120.75,-3831.16,-28591.92,1618.33,17226.72,-5957.41,181.82,-1624.65,-5775.59,-7400.23,,,,,,,,,
6191,1817.03,4401.9,4978.5,458.73,272.59,-126.93,-3775.16,-28643.9,1617.03,17257.55,-5976.58,180.73,-1742.66,-5795.85,-7538.52,,,,,,,,,
6201,1785.22,4484.81,4965.69,472.99,276.47,-126.1,-3802.04,-28432.97,1568.7,17186.18,-6033.18,182.86,-1621.05,-5850.32,-7471.36,,,,,,,,,
6211,1824.73,4492.21,4970.49,495.98,268.65,-109.81,-3778.98,-28627.47,1588.25,17193.85,-5896.77,181.91,-1682.1,-5714.86,-7396.95,,,,,,,,,
6221,1899.36,4540.89,4997.26,488.84,279.58,-126.88,-3816.2,-28696.21,1554.4,17047.99,-5687.09,176.89,-1830.97,-5510.2,-7341.17,,,,,,,,,
6231,1793.57,4464.03,4975.32,483.13,294.19,-124.16,-3742.9,-28597.14,1616.07,17148.95,-5880.68,179.14,-1688.96,-5701.54,-7390.5,,,,,,,,,
6241,1818.21,4490.03,4956.39,479.35,260.13,-118.31,-3807.42,-28536.24,1590.91,17008.88,-5821.93,182.75,-1858.08,-5639.18,-7497.26,,,,,,,,,
6251,1810.5,4470.21,5002.69,464.21,288.64,-128.24,-3787.39,-28583.32,1581.99,17173.74,-5909.94,179.39,-1706.98,-5730.55,-7437.53,,,,,,,,,
6261,1781.39,4496.98,4923.81,480.73,273.06,-94.2,-3768.3,-28574.57,1652.06,17143.6,-5879.27,179.56,-1685.45,-5699.71,-7385.17,,,,,,,,,
6271,1820.96,4418.86,4963.67,465.62,250.44,-79.56,-3857.29,-28770.34,1604.01,17213.04,-5756.04,178.71,-1970.57,-5577.33,-7547.9,,,,,,,,,
6281,1780.03,4550.33,5022.97,474.59,257.49,-121.39,-3846.19,-28614.45,1578.13,17123.08,-5845.02,178.47,-1795.41,-5666.54,-7461.95,,,,,,,,,
6291,1768.99,4538.78,4958.94,483.94,262.37,-108.11,-3806.26,-28791.57,1616.73,17190.9,-5742.69,176.3,-1885.29,-5566.39,-7451.68,,,,,,,,,
6301,1874.51,4448.2,4957.94,487.28,253.08,-116.56,-3866.18,-28750.09,1610.76,17219.28,-5775.53,179.66,-1881.79,-5595.88,-7477.67,,,,,,,,,
6311,1821.85,4496.07,4987.24,491.28,264.71,-126.98,-3808.03,-28764.92,1630.47,17292.59,-5831.45,179.16,-1715.72,-5652.29,-7368.01,,,,,,,,,
6321,1851.53,4477.65,4991.15,491.02,281.51,-131.48,-3756.6,-28826.9,1602,17187.59,-5776.12,184.66,-1832.52,-5591.47,-7423.98,,,,,,,,,
6331,1865.61,4488.43,4984.22,472.23,263.46,-120.11,-3820.39,-28770.87,1619.38,17224.74,-5743.57,175.98,-1793.3,-5567.58,-7360.89,,,,,,,,,
6341,1770.51,4488.29,4921.42,483.77,255.06,-107.29,-3784.1,-28703.13,1593.74,17189.03,-5843.3,178.76,-1892.71,-5664.54,-7557.25,,,,,,,,,
6351,1752.76,4465.08,4965.19,500.53,273.11,-103.55,-3818.34,-28591.56,1589.44,17289.38,-5978.91,179.89,-1677.96,-5799.01,-7476.97,,,,,,,,,
6361,1865.3,4529.83,4986.36,465.2,253.63,-114.28,-3792.74,-28562.21,1589.01,17131.18,-5940.37,181.53,-1648.72,-5758.83,-7407.55,,,,,,,,,
6371,1807.78,4520.06,4990.14,475.97,274.42,-130.59,-3802.58,-28712.79,1593.11,17240.04,-5861.78,181.39,-1744.44,-5680.39,-7424.83,,,,,,,,,
6381,1858.76,4520.36,4985.98,484.23,275.43,-123.27,-3796.42,-28618.72,1597.21,17029.57,-5827.31,181.51,-1786.86,-5645.8,-7432.66,,,,,,,,,
6391,1814.04,4418.19,5015.53,473.72,259.93,-129.12,-3792.01,-28736.56,1598.74,17202.9,-5785.79,175.86,-1874.64,-5609.93,-7484.58,,,,,,,,,
6401,1813.85,4540.23,4958.63,484.86,257.93,-133.07,-3857.65,-28615.86,1578.29,17119.12,-5823.72,177.74,-1853.67,-5645.97,-7499.64,,,,,,,,,
6411,1776.77,4438.11,4936.04,463.28,274.61,-99.67,-3830.48,-28643.02,1583.67,17206.59,-5857.91,176.61,-1894.11,-5681.31,-7575.42,,,,,,,,,
6421,1889.15,4442.04,4996.14,460.89,253.51,-143.13,-3829.5,-28798.22,1598.54,17174.76,-5702.82,178.32,-1955.81,-5524.5,-7480.31,,,,,,,,,
6431,1823.45,4491.49,4961.45,452.21,265.75,-132.52,-3805.12,-28630.03,1593.77,17144.03,-5854.56,178.3,-1835.51,-5676.26,-7511.76,,,,,,,,,
6441,1847.73,4518.31,4993.44,483.96,284.47,-150.72,-3844.71,-28557.49,1596.89,17130.52,-5909.46,176.96,-1697.6,-5732.51,-7430.11,,,,,,,,,
6451,1711.04,4532.43,4972.52,473.37,256.17,-110.64,-3830.12,-28682.43,1645.2,17171.58,-5767.53,175.84,-1860.89,-5591.7,-7452.59,,,,,,,,,
6461,1799.63,4492.84,4965.36,466.96,257.88,-86.94,-3819.48,-28711.19,1622.05,17130.31,-5778.73,177.28,-1882.58,-5601.45,-7484.03,,,,,,,,,
6471,1837.79,4456.62,4964.03,471.77,268.28,-86.97,-3831.03,-28607.84,1591.07,17215.08,-5906.46,177.74,-1721.2,-5728.72,-7449.92,,,,,,,,,
6481,1869.29,4559.88,4927.27,482.75,278.5,-101.51,-3810.53,-28687.25,1578.78,17040.47,-5734.37,176.88,-1862.35,-5557.49,-7419.84,,,,,,,,,
6491,1796.34,4497.66,4977.14,465.68,269.7,-110.69,-3870.53,-28653.81,1612,17171.83,-5829.3,176.6,-1844.68,-5652.69,-7497.37,,,,,,,,,
6501,1790.84,4550.4,4989.49,472.92,274.19,-101.87,-3812.11,-28505.68,1622.38,17159.03,-5958.47,180.82,-1560.41,-5777.65,-7338.06,,,,,,,,,
6511,1834.79,4570.49,4931.89,473.33,260.6,-120.4,-3784.51,-28529.51,1601.63,17126.13,-5967.28,178.59,-1635.56,-5788.69,-7424.25,,,,,,,,,
6521,1847.77,4475.64,4985.07,484.43,275.42,-111.19,-3818.05,-28582.69,1620.07,17113.87,-5894.47,178.59,-1709.65,-5715.88,-7425.53,,,,,,,,,
6531,1833.72,4472.66,4941.43,472.05,264.46,-115.66,-3790.51,-28644.36,1590.59,17119.87,-5818.94,175.42,-1855.75,-5643.52,-7499.27,,,,,,,,,
6541,1804.27,4500.3,4967.11,464.37,281.96,-99.32,-3841.77,-28633.67,1614.72,17182.34,-5891.08,178.02,-1759.7,-5713.07,-7472.77,,,,,,,,,
6551,1812.98,4514.22,4967.64,484.18,258.98,-98.97,-3751.28,-28788.96,1598.73,17220.53,-5833.96,178.91,-1781.95,-5655.05,-7437,,,,,,,,,
6561,1859.95,4514.55,4972.53,485.96,278.93,-94.73,-3772.8,-28819.48,1611.88,17185.04,-5789.21,177.96,-1778.16,-5611.25,-7389.42,,,,,,,,,
6571,1792.79,4443.71,4965.42,479.62,263.23,-128.67,-3777.46,-29014.57,1614.7,17259.64,-5665.87,177.06,-2101.61,-5488.82,-7590.43,,,,,,,,,
6581,1804.73,4555.37,4982.49,468.03,284.37,-121.55,-3847.18,-28765.68,1636.35,17196.72,-5803.57,176.25,-1806.35,-5627.33,-7433.68,,,,,,,,,
6591,1760.91,4485.51,4921.32,456.99,262.8,-90.59,-3895.46,-28647.16,1627.49,17263.42,-5901.52,172.16,-1854.77,-5729.36,-7584.13,,,,,,,,,
6601,1784.79,4548.53,4993.3,464.73,273.36,-134.18,-3816.25,-28489.21,1586.52,17131.68,-5987.84,175.07,-1656.73,-5812.78,-7469.51,,,,,,,,,
6611,1788.67,4539.44,4933.12,480.79,259.17,-138.02,-3814.43,-28671.87,1598.46,17224.24,-5881.2,177.3,-1800.43,-5703.9,-7504.33,,,,,,,,,
6621,1789.04,4491.26,5019.22,466.46,271.83,-119.03,-3825.81,-28706.53,1607.11,17200.86,-5831.65,176.65,-1805.6,-5655,-7460.6,,,,,,,,,
6631,1877.13,4498.61,4991.59,490.17,276.47,-136.42,-3798.48,-28582.14,1626.17,17150.65,-5958.25,179.15,-1606.26,-5779.09,-7385.35,,,,,,,,,
6641,1819.64,4486.69,4959.39,479.26,284.07,-130.61,-3854.34,-28718.41,1596.06,17255.76,-5817.43,177.04,-1822.51,-5640.39,-7462.9,,,,,,,,,
6651,1823.53,4581.09,4955.03,489.15,256.31,-135.7,-3789.94,-28719.19,1584.6,17273.89,-5875.92,181.21,-1681.23,-5694.7,-7375.94,,,,,,,,,
6661,1800.39,4471.32,4990.52,481.13,271.52,-131.33,-3807.51,-28687.63,1598.43,17254.53,-5872.42,181.83,-1758.63,-5690.59,-7449.22,,,,,,,,,
6671,1825.42,4553.4,4968.27,490,275.95,-123.18,-3823.33,-28669.56,1604.21,17193.65,-5838.7,178.2,-1705.16,-5660.5,-7365.66,,,,,,,,,
6681,1853.75,4524.91,4932.19,484.04,288.14,-95.64,-3768.82,-28803.16,1598.1,17093.05,-5715.77,180.42,-1893.44,-5535.35,-7428.79,,,,,,,,,
6691,1829.19,4516.31,4986.23,492.26,288.7,-127.13,-3808.77,-28679.88,1597.96,17213.98,-5862.1,179.8,-1691.15,-5682.3,-7373.45,,,,,,,,,
6701,1843.49,4524.19,4981.12,465.33,271.76,-116.23,-3772.22,-28866.81,1612.08,17196.61,-5714.94,180.25,-1860.7,-5534.68,-7395.38,,,,,,,,,
6711,1909.75,4477.36,4975.05,491.57,265.87,-116.56,-3746.22,-28647.68,1596.62,17113.4,-5848.89,179.57,-1680.85,-5669.32,-7350.17,,,,,,,,,
6721,1844.94,4413.25,4939.27,467.7,268.06,-124.63,-3754.57,-28752.44,1610.4,17221.48,-5825.34,178.89,-1866.54,-5646.46,-7513,,,,,,,,,
6731,1830.42,4520.14,4939.34,495.79,280.17,-99.75,-3801.03,-28648.15,1599.98,17169.09,-5885.14,179.47,-1714.01,-5705.67,-7419.68,,,,,,,,,
6741,1867.17,4549.51,4957.04,479.88,257.13,-104.67,-3847.42,-28544.64,1567.11,17084.06,-5886.51,182.11,-1734.84,-5704.4,-7439.25,,,,,,,,,
6751,1856.66,4478.52,4950.86,477.45,261.76,-106.85,-3814.78,-28744.07,1591.62,17194.91,-5841.61,179.58,-1853.9,-5662.03,-7515.93,,,,,,,,,
6761,1814.25,4576.76,4965.12,493.57,283.2,-120.07,-3789.02,-28765.19,1598.34,17215.51,-5820.55,178.1,-1727.53,-5642.45,-7369.98,,,,,,,,,
6771,1857.12,4499.44,4991.5,479.75,254.68,-127.85,-3842.1,-28507.9,1573.97,17179.87,-5970.09,180.6,-1641.52,-5789.49,-7431.01,,,,,,,,,
6781,1768.88,4513.56,4945.13,479.83,249.36,-138.67,-3779.16,-28653.04,1621.48,17260.27,-5911.09,181.1,-1732.38,-5729.99,-7462.37,,,,,,,,,
6791,1829.12,4444.77,4955.47,476.85,286.37,-96.49,-3844.1,-28568.71,1563.81,17256.71,-5971.63,178.97,-1696.18,-5792.66,-7488.84,,,,,,,,,
6801,1789.89,4507.39,4984.07,482.26,279.63,-111.55,-3847.75,-28470.38,1616.93,17220.04,-6044.42,177.12,-1549.48,-5867.29,-7416.78,,,,,,,,,
6811,1831.4,4532.13,4970.43,483.03,266.81,-135.63,-3755.38,-28432.61,1609.43,17195.93,-6079.99,181.9,-1434.45,-5898.08,-7332.54,,,,,,,,,
6821,1775.59,4612.42,5000.32,489.36,274.39,-109.4,-3812.06,-28398.62,1583.46,17006.81,-5981.43,177.11,-1577.72,-5804.31,-7382.03,,,,,,,,,
6831,1779.41,4559.36,4976.1,488.06,276.15,-121.14,-3790.11,-28568.23,1609.2,17093.28,-5932.46,179.48,-1697.9,-5752.98,-7450.88,,,,,,,,,
6841,1837.03,4464.63,4920.23,466.28,255.63,-104,-3863.11,-28523.04,1610.42,17080.39,-5903.12,177.32,-1855.53,-5725.8,-7581.32,,,,,,,,,
6851,1816.34,4517.6,4965.48,463.06,269.57,-125.32,-3791.77,-28627.6,1572.42,17133.34,-5844.94,175.98,-1806.89,-5668.96,-7475.85,,,,,,,,,
6861,1763.84,4507.49,4984.44,484.89,268.59,-122.69,-3808.89,-28550.99,1599.53,17044.45,-5829.52,175.89,-1829.37,-5653.62,-7482.99,,,,,,,,,
6871,1837.68,4549.51,5017.28,477.7,273.24,-117.68,-3843.85,-28589.38,1604.84,17065.77,-5837.3,175.46,-1724.86,-5661.84,-7386.7,,,,,,,,,
6881,1815.37,4551.64,5000.26,470.88,268.16,-126.72,-3824.67,-28524.47,1619.76,17072.32,-5906.6,176.93,-1677.45,-5729.67,-7407.12,,,,,,,,,
6891,1773.53,4521.47,4998.56,484.77,288.95,-146.59,-3843.65,-28686.93,1598.97,17171.98,-5818.8,172.72,-1838.92,-5646.08,-7485,,,,,,,,,
6901,1908.2,4495.08,4991.12,483.69,283.01,-120.78,-3838.53,-28476.09,1580,17010.38,-5932.8,178.5,-1683.91,-5754.31,-7438.21,,,,,,,,,
6911,1828.84,4545.59,4942.67,477.54,269.46,-98.96,-3793.36,-28782.25,1591.46,17170.59,-5775.93,175.94,-1848.41,-5599.99,-7448.4,,,,,,,,,
6921,1802.47,4530.21,4984.15,482.2,273.03,-107.77,-3812.14,-28691.74,1617.87,17064.21,-5755.18,176.29,-1857.5,-5578.89,-7436.39,,,,,,,,,
6931,1784.88,4444.86,4981.7,459.9,265.31,-100.6,-3816.82,-28729.88,1625.41,17086.43,-5706.02,175.81,-1998.81,-5530.21,-7529.03,,,,,,,,,
6941,1871.37,4425.64,4940.85,462.66,267.46,-100.96,-3814.91,-28622.45,1547.44,17045.02,-5773.32,182.04,-1977.87,-5591.28,-7569.15,,,,,,,,,
6951,1847.74,4535.41,4978.5,480.32,270.65,-107.46,-3849.98,-28715.98,1578.98,17160.49,-5764.72,177.91,-1821.33,-5586.81,-7408.14,,,,,,,,,
6961,1815.21,4454.99,4952.09,473.26,262.4,-108.08,-3823,-28700.71,1609.85,17199.65,-5847.69,178.14,-1864.33,-5669.55,-7533.88,,,,,,,,,
6971,1809.92,4540.77,4916.05,482.95,286.6,-80.98,-3830.69,-28805.97,1609.6,17198.17,-5734.65,173.35,-1873.58,-5561.3,-7434.88,,,,,,,,,
6981,1828.71,4437.46,4956.7,481.76,274.17,-92.42,-3854.57,-28773.34,1602.66,17155.31,-5722.98,174.89,-1983.55,-5548.09,-7531.64,,,,,,,,,
6991,1814.95,4514.28,4969.94,478.32,268.65,-108.49,-3855.31,-28932.58,1605.37,17181.46,-5645.07,172.58,-2063.41,-5472.49,-7535.9,,,,,,,,,
7001,1827.77,4504.7,4954.48,483.93,265.61,-124.73,-3868.57,-28672.37,1590.29,17128.78,-5790.86,174.75,-1910.1,-5616.11,-7526.21,,,,,,,,,
7011,1826.61,4504.79,4978.53,493.9,277.62,-111.44,-3810.08,-28725.7,1595.48,17204.32,-5836.95,179.66,-1765.97,-5657.29,-7423.26,,,,,,,,,
7021,1814.03,4572.63,4998,470.85,272.82,-145.64,-3807.07,-28766.74,1598.43,17124.28,-5745.17,178.73,-1868.41,-5566.43,-7434.84,,,,,,,,,
7031,1792.44,4470.79,4978.48,477.11,295.68,-99.7,-3817.18,-28995.44,1595.79,17387.74,-5716.83,176.48,-1914.3,-5540.36,-7454.66,,,,,,,,,
7041,1830.41,4601.33,5007.45,484.11,278.99,-131.18,-3832.76,-28921.09,1572.94,17168.23,-5624.29,173.71,-1941.56,-5450.58,-7392.15,,,,,,,,,
7051,1808.35,4487.55,4997.14,480.97,262.43,-126.01,-3796.64,-28957.6,1627.81,17254.67,-5636.01,172.02,-1961.33,-5464,-7425.32,,,,,,,,,
7061,1769.94,4569.92,4916.07,470.99,252.67,-107.02,-3790.31,-28858.99,1634.18,17232.53,-5692.98,174.37,-1910.02,-5518.61,-7428.63,,,,,,,,,
7071,1770.77,4552.74,4971.84,464.27,265.74,-120.05,-3814.06,-28710.23,1612.29,17188.22,-5813,178.2,-1818.46,-5634.8,-7453.25,,,,,,,,,
7081,1869.53,4408.23,4965.77,478.53,256.45,-131.81,-3818.07,-28814.66,1612.5,17294.04,-5791.03,173.25,-1879.5,-5617.79,-7497.28,,,,,,,,,
7091,1810.2,4495.87,5001.74,492.51,260.78,-133.67,-3832.58,-28949.3,1628.89,17219.01,-5570.76,175.94,-2006.55,-5394.82,-7401.37,,,,,,,,,
7101,1816.28,4523.74,4966.62,481.87,275.08,-123.36,-3751.71,-28836.6,1585.12,17217.07,-5783.91,176.91,-1845.9,-5607,-7452.9,,,,,,,,,
7111,1719.52,4444.6,4973.81,480.34,262.69,-111.19,-3815.09,-28794.77,1591.23,17321.39,-5821.85,176.55,-1927.48,-5645.31,-7572.78,,,,,,,,,
7121,1820.48,4536.16,4999.86,459.77,274.45,-113.9,-3787.86,-28610.52,1622.13,17116.75,-5841.41,177.19,-1682.69,-5664.22,-7346.91,,,,,,,,,
7131,1850.8,4431.4,4989.15,470.96,277.54,-112.28,-3780.36,-28648,1596.2,17175.44,-5916.77,178.48,-1749.14,-5738.3,-7487.44,,,,,,,,,
7141,1837.7,4563.99,4968.83,478.97,268.84,-126.61,-3768.95,-28615.87,1607.22,17189.2,-5930.34,181.21,-1596.7,-5749.12,-7345.83,,,,,,,,,
7151,1829.18,4446.88,4974.36,468.07,273.66,-113.62,-3848.33,-28697.4,1590.49,17239.15,-5878.23,174.43,-1837.57,-5703.81,-7541.38,,,,,,,,,
7161,1829.3,4439.81,4961.96,483.05,272.73,-136.95,-3814.28,-28767.66,1617.71,17361.16,-5854.86,176.62,-1753.17,-5678.24,-7431.4,,,,,,,,,
7171,1804.96,4466.89,4933.24,462.3,248.86,-117.18,-3786.15,-28889.04,1651.14,17190.86,-5681.13,173.07,-2034.14,-5508.06,-7542.2,,,,,,,,,
7181,1798.98,4531.94,4976.48,473.1,272.63,-134.93,-3823,-28687.89,1597.97,17114.38,-5761.5,176.83,-1880.32,-5584.67,-7464.99,,,,,,,,,
7191,1842.44,4448.34,4934.13,471.31,279.72,-117.87,-3808.23,-28655.34,1608.78,17080.59,-5817.06,175.15,-1916.12,-5641.9,-7558.02,,,,,,,,,
7201,1777.2,4462.78,4992.56,472.72,280.59,-113.02,-3801.72,-28843.16,1607.14,17310.97,-5827.48,178.77,-1853.92,-5648.71,-7502.63,,,,,,,,,
7211,1755.96,4410.2,4979.42,459.86,267.66,-97.62,-3823.06,-28620.16,1584.34,17222.64,-5904.32,179.58,-1860.76,-5724.73,-7585.49,,,,,,,,,
7221,1808.7,4538.49,4932.94,467.65,280.64,-89.99,-3872.43,-28594.16,1559.62,17141.57,-5844.98,178.6,-1826.97,-5666.38,-7493.35,,,,,,,,,
7231,1810.25,4510.06,4988.77,471.76,260.1,-93.37,-3810.28,-28601.07,1593.87,17114.72,-5907.85,178.83,-1755.19,-5729.02,-7484.21,,,,,,,,,
7241,1838.89,4525.39,4970.92,484.08,250.98,-90.38,-3840.84,-28678.13,1615.28,17132.28,-5800.97,178.26,-1791.54,-5622.71,-7414.25,,,,,,,,,
7251,1889.7,4488.73,4962.52,478.49,273.17,-96.28,-3846.67,-28627.55,1586.37,17239.01,-5917.93,176.22,-1652.51,-5741.72,-7394.23,,,,,,,,,
7261,1798.45,4502.1,4975.97,482.86,266.37,-153.86,-3830.23,-28529.29,1613.94,17168.21,-5951.38,177.82,-1705.49,-5773.56,-7479.05,,,,,,,,,
7271,1758.28,4405.8,4981.3,496.6,281.66,-81.03,-3822.88,-28805.81,1623.7,17281.91,-5790.03,173.79,-1880.47,-5616.24,-7496.71,,,,,,,,,
7281,1779.49,4540.46,4922.41,474.64,267.66,-117.83,-3833.67,-28717.95,1571.87,17220.33,-5777.38,176.47,-1892.59,-5600.9,-7493.5,,,,,,,,,
7291,1804.64,4593.1,4967.04,496.37,275.03,-138.78,-3769.12,-28703.52,1592.42,17093.35,-5740.89,178.25,-1789.47,-5562.64,-7352.11,,,,,,,,,
7301,1794.61,4502.21,4962.3,478.48,266.92,-101.17,-3817.02,-28811.22,1591.42,17154.43,-5684.16,172.92,-1979.03,-5511.24,-7490.27,,,,,,,,,
7311,1793.03,4500.59,4987.82,482.92,263.27,-134.5,-3827.17,-28602.09,1627.25,17025.27,-5796.96,173.83,-1883.62,-5623.13,-7506.74,,,,,,,,,
7321,1794.77,4482.4,5004.2,488.06,279.61,-125.42,-3802.88,-28857.92,1623.56,17200.57,-5670.59,171.58,-1913.04,-5499.02,-7412.05,,,,,,,,,
7331,1822.43,4522.36,4942.89,483.53,256.71,-155.64,-3819,-28708.81,1594.63,17136.54,-5772.56,176.01,-1924.37,-5596.55,-7520.92,,,,,,,,,
7341,1826.58,4486.11,4999.37,480.24,275.71,-136.71,-3849.37,-28711.54,1602.59,17077.03,-5720.81,175.25,-1950,-5545.57,-7495.57,,,,,,,,,
7351,1802.76,4516.71,4980.9,467.84,273.94,-145.76,-3806.97,-28974.34,1623.48,17171.73,-5594.94,174.81,-2089.7,-5420.13,-7509.83,,,,,,,,,
7361,1836.32,4557.47,4956.15,479.36,272.38,-142.06,-3794.25,-28795.65,1577.26,17144.24,-5718.14,176.19,-1908.78,-5541.95,-7450.73,,,,,,,,,
7371,1881.76,4460.59,5008.42,467.1,271.81,-137.99,-3761.18,-28765.95,1596.29,17028.94,-5697.76,179.19,-1950.2,-5518.57,-7468.77,,,,,,,,,
7381,1835.16,4476.7,4967.99,474.4,261.03,-124.81,-3786.57,-28796.99,1572.08,17071.95,-5722.19,178.1,-2049.06,-5544.09,-7593.15,,,,,,,,,
7391,1833.5,4451.98,4957.9,479.81,281.22,-136.32,-3773.89,-28725.68,1614.66,17208.08,-5814.4,182.18,-1808.76,-5632.22,-7440.98,,,,,,,,,
7401,1802.46,4431.2,4953.61,465.14,264.2,-144.73,-3768.72,-28768.35,1628.16,17156.98,-5754.96,179.53,-1980.04,-5575.43,-7555.47,,,,,,,,,
7411,1795.91,4481.92,4951.47,461.42,258.03,-102.97,-3793.38,-28860.56,1635.23,17166.93,-5670.17,177.39,-2005.99,-5492.77,-7498.76,,,,,,,,,
7421,1812.72,4443.55,5009.46,473.42,264.31,-110.26,-3785.65,-28733.32,1611.96,17103.68,-5780.27,177.47,-1910.13,-5602.8,-7512.93,,,,,,,,,
7431,1861.92,4434.18,4995.8,474.96,262.52,-140.96,-3803.42,-28899.74,1624.73,17220.88,-5670.29,176.07,-1969.14,-5494.22,-7463.36,,,,,,,,,
7441,1837.73,4445.26,4979.16,471.92,288.24,-115.63,-3817.49,-28742.97,1590.95,17137.13,-5740.8,179.37,-1925.7,-5561.43,-7487.12,,,,,,,,,
7451,1788.78,4455.52,4946.82,475.48,291.42,-145.72,-3782.47,-28690.39,1627.7,17130.52,-5766.81,176.25,-1902.32,-5590.56,-7492.88,,,,,,,,,
7461,1816.73,4477.18,4977.09,481.52,270.37,-134.08,-3801.45,-28945.89,1594.37,17284.93,-5731.84,179.43,-1979.21,-5552.41,-7531.63,,,,,,,,,
7471,1864.61,4465.56,4983.83,471.02,278.5,-138.83,-3813.93,-28836.26,1594.73,17158.48,-5729.92,177.19,-1972.29,-5552.74,-7525.02,,,,,,,,,
7481,1839.36,4552,4995.9,496.48,263.53,-132.23,-3805.63,-28750.72,1565.43,17018.63,-5739.05,174.44,-1957.26,-5564.61,-7521.87,,,,,,,,,
7491,1764.85,4419.87,4984.14,469.88,269.52,-145.53,-3810.27,-28890.54,1638.43,17201.62,-5671.92,177.8,-2098.04,-5494.12,-7592.15,,,,,,,,,
7501,1787.92,4503.64,4974.83,477.84,258.19,-112.9,-3757.64,-28905.23,1596.91,17145.05,-5641.65,177.05,-2031.4,-5464.59,-7495.99,,,,,,,,,
7511,1832.4,4547.58,4982.69,486.63,268.93,-151.42,-3827.36,-28781.37,1606.05,17163.49,-5791.3,177.65,-1872.38,-5613.65,-7486.02,,,,,,,,,
7521,1848.94,4470.49,4957.53,481.28,275.45,-130.91,-3809.94,-28778.84,1590.12,17146.49,-5721.05,175.47,-1949.39,-5545.58,-7494.96,,,,,,,,,
7531,1760.98,4496.89,4936.2,473.98,282.5,-124.59,-3813.09,-28922.95,1603.09,17118.09,-5588.7,173.92,-2188.9,-5414.78,-7603.68,,,,,,,,,
7541,1836.6,4537.84,4951.7,487.16,255.55,-104.32,-3790.77,-28760.96,1595.39,17093.07,-5750.98,177.03,-1898.73,-5573.94,-7472.68,,,,,,,,,
7551,1824.54,4516.68,4992.48,485.53,266.37,-120.78,-3791.38,-28819.96,1619.23,17235.01,-5779.47,177.88,-1792.29,-5601.6,-7393.88,,,,,,,,,
7561,1800.44,4511.49,4942.4,488.87,276.63,-115.87,-3755.35,-28769.37,1617.6,17172.84,-5798.14,176.22,-1830.33,-5621.92,-7452.24,,,,,,,,,
7571,1800.4,4460.35,4964.17,463.66,284.62,-123.67,-3785.78,-28719.24,1614.48,17184,-5849.42,178.07,-1857.01,-5671.35,-7528.36,,,,,,,,,
7581,1809.45,4508.89,4961.18,472.45,269.76,-142.43,-3795.03,-28730.84,1601.65,17174.49,-5822.98,175.92,-1870.42,-5647.06,-7517.49,,,,,,,,,
7591,1826.64,4588.73,4951.93,468.67,279.24,-85.93,-3855.56,-28574.94,1589.07,17006.02,-5775.19,175.28,-1806.14,-5599.91,-7406.05,,,,,,,,,
7601,1820.51,4421.58,4971.06,477,264.37,-108.77,-3840.59,-28790.11,1601.36,17215.2,-5719.3,174.47,-1968.4,-5544.83,-7513.23,,,,,,,,,
7611,1717.94,4497.69,5004.4,478.49,289.12,-143.87,-3821.38,-28696.22,1611.7,17243.49,-5918.46,178.97,-1818.64,-5739.49,-7558.14,,,,,,,,,
7621,1874.23,4423.8,4960.54,477.78,278.31,-118.88,-3772.02,-28696.51,1608.41,17194.57,-5806.97,175.54,-1769.75,-5631.43,-7401.19,,,,,,,,,
7631,1848.99,4534.07,4933.12,464.92,264.99,-118.56,-3851.8,-28627.25,1594.97,17125.82,-5842.91,170.87,-1830.73,-5672.05,-7502.78,,,,,,,,,
7641,1851.73,4448.33,4963.52,477.01,282.92,-123.8,-3841.86,-28750.81,1589.08,17206.75,-5767.76,176.18,-1897.13,-5591.58,-7488.71,,,,,,,,,
7651,1812.4,4538.48,4965.32,477.81,284.03,-129.21,-3841.13,-28692.05,1610.87,17184.4,-5819.89,174.92,-1789.08,-5644.97,-7434.05,,,,,,,,,
7661,1817.39,4495.92,4970.68,467.26,265.38,-109.86,-3843.31,-28651.64,1588.31,17131.36,-5798.78,172.93,-1868.5,-5625.85,-7494.35,,,,,,,,,
7671,1824.05,4455.23,4965.12,484.86,267.02,-92.18,-3820.87,-28729.53,1591.61,17172.75,-5817.06,176.45,-1881.95,-5640.61,-7522.56,,,,,,,,,
7681,1869.65,4419.34,4955.19,474.24,274.81,-149.2,-3812.34,-28688.57,1590.41,17207.08,-5856.22,178.43,-1859.4,-5677.79,-7537.19,,,,,,,,,
7691,1856.83,4426.89,4927.13,469.74,251.37,-108.96,-3783.72,-28611.92,1579.85,17182.34,-5887.35,178.33,-1810.45,-5709.02,-7519.48,,,,,,,,,
7701,1802.44,4461.51,4955.14,473.52,268.44,-105.34,-3826.86,-28772.69,1605.24,17265.59,-5799.75,172.33,-1873.01,-5627.42,-7500.43,,,,,,,,,
7711,1807.32,4536.58,4966.62,467.92,250.62,-109.92,-3797.55,-28700.27,1599.38,17217.8,-5842.83,180.63,-1761.5,-5662.2,-7423.7,,,,,,,,,
7721,1808.54,4539.27,4967.29,491.14,273.87,-90.78,-3829.09,-28607.01,1598.06,17144.94,-5856.61,181.23,-1703.77,-5675.38,-7379.15,,,,,,,,,
7731,1860.65,4474.15,4934.42,478.86,275.13,-97.9,-3826.06,-28563.14,1609.98,17092.93,-5861.67,175.23,-1760.97,-5686.43,-7447.41,,,,,,,,,
7741,1810.29,4510.5,4931.18,479.36,264.02,-106.23,-3766.25,-28670.49,1584.21,17187.06,-5858.63,176.76,-1776.35,-5681.87,-7458.22,,,,,,,,,
7751,1865.65,4456.85,4953.62,484.39,288.15,-103.19,-3846.36,-28663.18,1585,17150.05,-5776.43,177.01,-1829.02,-5599.42,-7428.44,,,,,,,,,
7761,1797.55,4505.83,4913.36,466.36,273.54,-103.7,-3831,-28676.54,1573.13,17245,-5858.29,173.88,-1836.47,-5684.42,-7520.89,,,,,,,,,
7771,1855.2,4488.49,4963.64,480.59,270.73,-122.45,-3821.89,-28485.85,1596.31,17106.27,-5951.47,180.38,-1668.96,-5771.09,-7440.05,,,,,,,,,
7781,1798.76,4523.89,4922.54,470.01,295.6,-112.02,-3822.45,-28771.03,1613.8,17200.63,-5785.67,178.87,-1880.26,-5606.81,-7487.07,,,,,,,,,
7791,1756.26,4493.53,4996.87,481.88,267.06,-128.66,-3841.4,-28678.83,1617.1,17234.82,-5863.64,177.94,-1801.38,-5685.71,-7487.08,,,,,,,,,
7801,1814.71,4550.16,4916.07,473.05,268.05,-114.14,-3808.63,-28505.72,1578.94,17172.24,-5979.53,179.84,-1655.26,-5799.69,-7454.95,,,,,,,,,
7811,1838.96,4486.21,4971.76,470.74,280.49,-126.47,-3868.47,-28743.66,1585.47,17188.48,-5759.57,177.97,-1916.47,-5581.6,-7498.07,,,,,,,,,
7821,1773.88,4494.75,4944.03,459.05,270.86,-113.56,-3780.23,-28625.14,1653.68,17266.45,-5919.28,180.19,-1656.23,-5739.09,-7395.32,,,,,,,,,
7831,1777.35,4531.61,4947.69,475.39,282.04,-77.71,-3826.97,-28405.15,1599.72,17105.53,-5994.48,180.41,-1590.5,-5814.07,-7404.57,,,,,,,,,
7841,1821.55,4522.77,4939.42,466.15,265.01,-120.62,-3775.31,-28634.73,1600.7,17185.45,-5879.31,180.23,-1729.61,-5699.08,-7428.7,,,,,,,,,
7851,1809.28,4445,4985.43,470.63,277.8,-144.6,-3791.99,-28672.12,1614.05,17207.72,-5861.34,179.82,-1798.79,-5681.52,-7480.31,,,,,,,,,
7861,1827.73,4463.02,4935.09,478.71,283.96,-87.91,-3842.83,-28535.18,1588.19,17171.44,-5956.69,177.01,-1717.77,-5779.68,-7497.44,,,,,,,,,
7871,1758.19,4413.43,4925.74,464.75,277.66,-117,-3818.4,-28559.31,1595.75,17193.16,-5956.87,180.83,-1866.03,-5776.03,-7642.06,,,,,,,,,
7881,1849.12,4422.38,4971.74,480.69,272.55,-113.13,-3831.35,-28637.17,1616.09,17222.4,-5873.45,178.18,-1746.68,-5695.27,-7441.95,,,,,,,,,
7891,1885.24,4525.33,4967.05,482.06,255.39,-96.57,-3805.91,-28473.76,1586.01,17130.32,-5959.75,180.89,-1544.83,-5778.85,-7323.68,,,,,,,,,
7901,1768.08,4373.76,4975.11,454.03,267.3,-122.87,-3787.56,-28765.38,1624.6,17210.62,-5726.18,177.88,-2002.31,-5548.3,-7550.62,,,,,,,,,
7911,1775.35,4402.99,4959.54,462.73,289.86,-102.08,-3836.97,-28750.82,1655.39,17269.72,-5851.91,176.65,-1874.28,-5675.26,-7549.54,,,,,,,,,
7921,1746.49,4403.94,4929.28,474.45,276.98,-140.28,-3783.44,-28713.79,1633.88,17227.78,-5850.83,179.96,-1944.71,-5670.88,-7615.59,,,,,,,,,
7931,1812.68,4439.17,4974.49,472.55,292.59,-129.66,-3787.96,-28682.52,1611.97,17139.62,-5825.19,177.19,-1857.07,-5648,-7505.07,,,,,,,,,
7941,1852.73,4403.52,4943.47,472.88,270.59,-125.62,-3835.12,-28750.61,1603.64,17194.97,-5755.62,174.78,-1969.55,-5580.84,-7550.39,,,,,,,,,
7951,1837.07,4445.69,4978.84,484.3,257.04,-114.26,-3795.81,-28726.13,1587.72,17088.51,-5769.77,178.95,-1957.03,-5590.82,-7547.85,,,,,,,,,
7961,1844.41,4477.93,4987.18,482.24,265.58,-118.23,-3825.92,-28775.32,1587.7,17107.91,-5726.56,179.37,-1966.52,-5547.19,-7513.72,,,,,,,,,
7971,1802.68,4504.97,4953.36,487.07,279.09,-124.92,-3836.09,-28591.06,1610.72,17062.76,-5775.7,177.43,-1851.43,-5598.26,-7449.69,,,,,,,,,
7981,1791.4,4509.99,4989.7,480.03,285.75,-141.4,-3816.25,-28635.42,1610.03,17146.55,-5862.92,178.17,-1779.62,-5684.75,-7464.37,,,,,,,,,
7991,1841.73,4486.83,4992.71,475.13,283.36,-119.27,-3804.47,-28492.52,1595.87,17069.53,-5951.35,183.47,-1671.1,-5767.88,-7438.99,,,,,,,,,
8001,1803.77,4515.24,4947.3,468.64,256.12,-90.72,-3755.31,-28752.24,1634,17157.31,-5802.42,176.72,-1815.88,-5625.7,-7441.57,,,,,,,,,
8011,1849.51,4469.51,4980.11,487.9,272.36,-123.79,-3805.17,-28623.16,1629.42,17156.93,-5900.94,176.41,-1706.38,-5724.53,-7430.91,,,,,,,,,
8021,1801.83,4441.25,4902.25,462.83,251.69,-106.42,-3796.04,-28670,1596.63,17181.4,-5888.23,181.06,-1934.59,-5707.17,-7641.76,,,,,,,,,
8031,1820.5,4492.76,4916.53,474.81,270.6,-116.12,-3773.45,-28590.77,1591.44,17157.55,-5938.32,182.56,-1756.16,-5755.77,-7511.92,,,,,,,,,
8041,1790.38,4488.03,4936.73,485.16,268.07,-94.6,-3834.1,-28743.72,1625.96,17283.08,-5857.86,179.15,-1795.01,-5678.7,-7473.72,,,,,,,,,
8051,1845.59,4541.89,4963.49,502.48,268.31,-102.41,-3798.87,-28510.52,1610.62,17030.31,-5898.78,178.32,-1649.13,-5720.46,-7369.59,,,,,,,,,
8061,1852.38,4533.44,4932.81,478.71,262.94,-118.18,-3786.91,-28637.08,1584.44,17164.61,-5858.27,179.17,-1732.85,-5679.1,-7411.95,,,,,,,,,
8071,1802.6,4549.42,4986.98,470.65,255.61,-112.15,-3820.34,-28687.83,1604.32,17206.74,-5902.39,173.32,-1744,-5729.07,-7473.07,,,,,,,,,
8081,1846.34,4461.05,4975.71,482.9,269.74,-97.91,-3837.37,-28594.53,1591.45,17184.23,-5928.04,179.11,-1718.39,-5748.93,-7467.32,,,,,,,,,
8091,1866.5,4543.81,4941.83,480.09,264.39,-135.38,-3815.97,-28654.42,1596.78,17195.57,-5889.13,179.21,-1716.8,-5709.92,-7426.72,,,,,,,,,
8101,1781.49,4499.08,4909.85,489.55,281.21,-139.27,-3762.83,-28749.69,1610.82,17273.11,-5846.99,181.43,-1806.68,-5665.56,-7472.24,,,,,,,,,
8111,1842.05,4419.33,4996.16,490.05,274.04,-102.51,-3733.87,-28756.33,1572.45,17266.97,-5874.76,181.51,-1731.66,-5693.25,-7424.91,,,,,,,,,
8121,1813.2,4488.35,4943.34,486.58,275.73,-123.58,-3796.24,-28682.72,1608.63,17199.47,-5889.45,178.37,-1787.24,-5711.07,-7498.31,,,,,,,,,
8131,1845.83,4585.84,5010.04,478.02,255.73,-126.8,-3810.62,-28617.96,1620.14,17195.28,-5884.67,175.22,-1564.5,-5709.45,-7273.95,,,,,,,,,
8141,1865.4,4534.24,4946.45,486.05,269.41,-100.25,-3805.28,-28626.19,1593.41,17159.99,-5918.12,179.86,-1676.78,-5738.27,-7415.05,,,,,,,,,
8151,1807.13,4571.18,5017.17,496.02,279.04,-126.56,-3822.7,-28725.39,1590.46,17239.67,-5854.85,176.64,-1673.97,-5678.21,-7352.18,,,,,,,,,
8161,1816.03,4370.95,4932.57,470.28,283.8,-103.4,-3777.41,-28598.35,1612.57,17202.83,-5934.02,178.33,-1790.13,-5755.68,-7545.82,,,,,,,,,
8171,1833.91,4478.57,5007.61,477.77,284.04,-97.82,-3821.41,-28480.13,1611.31,17170.19,-6043.14,179.67,-1535.95,-5863.47,-7399.42,,,,,,,,,
8181,1905.05,4492.56,4962.64,494.4,253.02,-111.84,-3802.49,-28521.55,1574.42,17160.23,-5986.83,180.41,-1593.55,-5806.42,-7399.98,,,,,,,,,
8191,1806.06,4555.58,4948.04,478.44,255.43,-109.24,-3837.54,-28745.56,1586.02,17294.02,-5870.73,176.62,-1768.75,-5694.11,-7462.86,,,,,,,,,
8201,1805.85,4497.39,4985.73,473.68,279.4,-119.17,-3775.62,-28638.81,1619.18,17227.74,-5923.03,179.64,-1644.64,-5743.39,-7388.03,,,,,,,,,
8211,1808.97,4492.45,4951.35,471.02,252.34,-96.28,-3814.36,-28773.54,1572.63,17264.88,-5844.63,178.29,-1870.55,-5666.34,-7536.88,,,,,,,,,
8221,1838.85,4353.02,4947.79,475.02,288.89,-129.25,-3813.81,-28636.89,1579.44,17189.89,-5914.52,178.97,-1907.06,-5735.55,-7642.61,,,,,,,,,
8231,1812.9,4486.85,4967.97,481.42,258.27,-113.96,-3806.4,-28750.16,1577.61,17255.96,-5869.19,180.14,-1829.54,-5689.04,-7518.58,,,,,,,,,
8241,1840.17,4492.98,4957.67,489.07,266.17,-113.62,-3827.86,-28832,1571.94,17278.1,-5769.02,178.16,-1877.38,-5590.86,-7468.24,,,,,,,,,
8251,1836.38,4456.49,5007.43,459.21,290.06,-124.3,-3818.16,-28673.38,1623.25,17140.31,-5810.29,176.71,-1802.71,-5633.58,-7436.29,,,,,,,,,
8261,1819.93,4452.22,4913.88,472.75,288.98,-118.44,-3807.02,-28758.71,1616.71,17187.87,-5789.67,172.26,-1931.83,-5617.41,-7549.23,,,,,,,,,
8271,1826.67,4444.98,4987.01,485.9,268.54,-149.99,-3778.65,-28921.33,1615.87,17292.54,-5695.41,177.1,-1928.47,-5518.31,-7446.79,,,,,,,,,
8281,1855.42,4502.15,4931.98,485.01,272.41,-148.54,-3802.3,-29025.32,1583.69,17289.87,-5657.63,175.72,-2055.62,-5481.91,-7537.53,,,,,,,,,
8291,1844.64,4462.95,4989.53,482.67,261.13,-125.64,-3859.91,-28677.96,1571.97,17257.05,-5875.8,174.9,-1793.56,-5700.89,-7494.46,,,,,,,,,
8301,1756.27,4434.72,4936.37,482.38,284.78,-123.15,-3805.57,-29026.8,1613.39,17350.46,-5677.36,174.24,-2097.16,-5503.13,-7600.28,,,,,,,,,
8311,1769.29,4477.92,4965.36,462.19,266.12,-110.36,-3814.27,-28849.59,1605.67,17289.63,-5794.02,175.94,-1938.03,-5618.08,-7556.11,,,,,,,,,
8321,1800.68,4469.85,4974.65,475.21,287.26,-107.58,-3806.5,-28884.33,1602.79,17272.69,-5737.76,173.98,-1915.27,-5563.78,-7479.05,,,,,,,,,
8331,1780.61,4484.42,4958.85,471.97,274.31,-129.5,-3764.11,-28761.98,1604.95,17208.66,-5801.99,181.25,-1871.83,-5620.74,-7492.57,,,,,,,,,
8341,1803.5,4446.03,4962.07,484.99,258.67,-101.94,-3784.55,-28836.92,1617.13,17346.07,-5803.44,176.99,-1804.95,-5626.45,-7431.4,,,,,,,,,
8351,1890.59,4472.58,4978.26,485.6,273.72,-101.6,-3800.74,-28821.58,1595.21,17248.4,-5795.63,177.77,-1779.55,-5617.87,-7397.42,,,,,,,,,
8361,1834.63,4501.85,4977.82,464.9,258.49,-122.32,-3810.57,-28783.58,1585.3,17298.03,-5831.26,172.73,-1795.43,-5658.54,-7453.97,,,,,,,,,
8371,1816.03,4552.59,4949.78,474.52,259.98,-133.89,-3803.39,-28963.15,1600.1,17352.75,-5763.42,179.99,-1894.7,-5583.44,-7478.14,,,,,,,,,
8381,1819.89,4535.27,4949.89,471.75,293.82,-147.49,-3737.83,-28939.05,1593.29,17157.22,-5664.64,179.7,-2003.25,-5484.95,-7488.19,,,,,,,,,
8391,1836.81,4399.23,4979.22,486.28,270.34,-130.97,-3803.43,-29067.7,1641.55,17343.16,-5617.35,176.92,-2045.52,-5440.43,-7485.95,,,,,,,,,
8401,1809.25,4541.12,4948.39,484.02,258.35,-122.39,-3821.38,-28981.82,1569.29,17282.46,-5649.34,174.93,-2032.71,-5474.4,-7507.11,,,,,,,,,
8411,1828.15,4521.88,4952.71,468.41,261.28,-127.94,-3804.56,-28954.53,1596.39,17291.67,-5709.36,176,-1966.54,-5533.37,-7499.91,,,,,,,,,
8421,1838.26,4348.22,4931.62,464.75,282,-133.17,-3793.4,-28942.63,1630.57,17344.28,-5716.2,179.21,-2029.5,-5536.99,-7566.49,,,,,,,,,
8431,1862.58,4463.87,4969.09,472.58,270.13,-112.65,-3782.32,-28916.23,1595.2,17253.7,-5711.51,178.13,-1924.06,-5533.39,-7457.45,,,,,,,,,
8441,1801.6,4479.56,4936.03,481.9,276.59,-138.17,-3799.94,-29003.96,1599.93,17297.97,-5634.76,178.4,-2068.5,-5456.36,-7524.86,,,,,,,,,
8451,1826.48,4494.35,4965.29,473.3,254.45,-152.47,-3785.95,-28972.22,1587.36,17265.2,-5654.7,174.63,-2044.21,-5480.07,-7524.28,,,,,,,,,
8461,1796.34,4495.15,4983.39,471.96,294.01,-129.13,-3756.9,-28925.87,1597.7,17321.77,-5727.61,183.45,-1851.58,-5544.16,-7395.74,,,,,,,,,
8471,1810.88,4457.32,4978.1,471.42,280.56,-145.54,-3799.89,-28762.39,1618.51,17281.81,-5800.74,179.15,-1809.22,-5621.6,-7430.81,,,,,,,,,
8481,1810.26,4480.47,4919.09,465.5,269.25,-121.43,-3801.2,-28705.01,1620.14,17255.6,-5817.2,178.89,-1807.33,-5638.31,-7445.64,,,,,,,,,
8491,1804.56,4529.08,4980.72,475.23,282.62,-151.21,-3799.73,-28800.6,1619.87,17199.1,-5733.11,178.89,-1860.35,-5554.22,-7414.57,,,,,,,,,
8501,1752.87,4502.71,4956.64,481.26,275.67,-90.71,-3817.54,-28899.79,1662.25,17217.53,-5707.26,177.56,-1959.1,-5529.71,-7488.8,,,,,,,,,
8511,1810.26,4502.21,4971.89,484.49,278.65,-126.35,-3804.22,-28858.19,1633.54,17201.07,-5724.88,177.9,-1906.64,-5546.98,-7453.61,,,,,,,,,
8521,1835.73,4494.2,4972.08,487.84,254.88,-122.49,-3807.59,-28905.4,1606.48,17247.69,-5688.3,175.83,-1936.59,-5512.47,-7449.06,,,,,,,,,
8531,1813.49,4547.89,4980.21,470.18,278.43,-125.16,-3793.43,-28713.75,1609.39,17132.77,-5805.37,178.96,-1799.98,-5626.42,-7426.4,,,,,,,,,
8541,1871.75,4499,4983.05,496.78,266.66,-121.69,-3770.55,-28900.51,1573.77,17118.11,-5594.81,178.01,-1983.63,-5416.8,-7400.43,,,,,,,,,
8551,1799.14,4475.37,5006.68,484.67,282.87,-104.43,-3807.34,-28853.16,1613.43,17253.93,-5688.43,178.11,-1848.84,-5510.32,-7359.16,,,,,,,,,
8561,1780.31,4569.66,4967.01,483.86,278.49,-127.03,-3791.34,-28875.42,1589.12,17222.8,-5699.06,175.97,-1902.53,-5523.09,-7425.63,,,,,,,,,
8571,1803.89,4491.17,4983.66,477.91,289.81,-133.52,-3771.62,-28874.36,1615.95,17311.54,-5774.56,182.41,-1805.57,-5592.16,-7397.72,,,,,,,,,
8581,1835.15,4549.69,4955.35,468.69,265.28,-111.24,-3812.52,-28658.03,1612.47,17191.13,-5891.55,176.91,-1704.04,-5714.64,-7418.68,,,,,,,,,
8591,1766.17,4460.47,4968.76,471.57,252.03,-99.53,-3740.25,-28622.03,1632.49,17097.03,-5845.81,178.39,-1813.28,-5667.42,-7480.7,,,,,,,,,
8601,1755.2,4573.07,5007.42,494.06,267.05,-117.95,-3831.32,-28515.77,1587.12,17079.83,-5928.02,180.07,-1701.29,-5747.95,-7449.24,,,,,,,,,
8611,1820.1,4531.86,4953.72,477.37,268.84,-100.82,-3857.63,-28654.6,1609.59,17175.83,-5856.86,173.43,-1775.73,-5683.43,-7459.16,,,,,,,,,
8621,1845.17,4481.09,4988.65,488.66,272.85,-119.02,-3839.79,-28663.56,1598.79,17168.09,-5840.14,177.13,-1779.08,-5663.01,-7442.1,,,,,,,,,
8631,1849.74,4440.24,4956.06,481.36,291.22,-95.16,-3810.76,-28678.34,1600.84,17090.97,-5819.83,174.97,-1873.82,-5644.86,-7518.68,,,,,,,,,
8641,1869.41,4559.76,4988.71,481.04,273.15,-132.07,-3809.75,-28826.73,1619.75,17248.62,-5802.25,177.21,-1728.1,-5625.03,-7353.13,,,,,,,,,
8651,1898.07,4471.44,4999.24,485.56,255.29,-137.68,-3839.17,-28793.41,1594.61,17238.6,-5809.74,173.29,-1827.44,-5636.45,-7463.89,,,,,,,,,
8661,1832.61,4535.18,4950.7,483.02,261.56,-137.24,-3827.99,-28533.93,1595.26,17176.12,-5949.25,175.09,-1664.71,-5774.16,-7438.87,,,,,,,,,
8671,1802.5,4459.11,4938.76,464.54,282.51,-96.79,-3796.01,-28637.62,1599.29,17184.71,-5889.37,177.1,-1799,-5712.27,-7511.27,,,,,,,,,
8681,1801.06,4600.56,4924.72,469.84,276.56,-110.6,-3829.64,-28561.88,1604.77,17100.74,-5905.98,178.91,-1723.89,-5727.07,-7450.96,,,,,,,,,
8691,1804.28,4477.46,4977.19,481.82,271.69,-122.55,-3837.86,-28669.7,1591.15,17225.37,-5862.36,178.89,-1801.16,-5683.47,-7484.62,,,,,,,,,
8701,1821.07,4514.07,4968.87,472.19,252.63,-123.8,-3844.48,-28596.39,1588.85,17126.86,-5881.19,178.07,-1820.14,-5703.13,-7523.27,,,,,,,,,
8711,1852.74,4456.97,4947.08,478.08,263.97,-91.65,-3824.47,-28713.76,1574.11,17117.74,-5785.56,177.33,-1939.2,-5608.24,-7547.43,,,,,,,,,
8721,1775.84,4427.86,4946.73,457.06,265.6,-109.55,-3828.95,-29067.47,1602.39,17240.57,-5508.28,173.8,-2289.91,-5334.49,-7624.4,,,,,,,,,
8731,1859.55,4484.82,4979.26,467.42,269.37,-121.03,-3840.63,-28968.25,1613.52,17229.28,-5638.34,176,-2026.68,-5462.34,-7489.03,,,,,,,,,
8741,1786.82,4482.14,4908.02,477.61,279.46,-112.38,-3797.37,-28788.43,1611.67,17181.48,-5772.35,178.56,-1970.99,-5593.79,-7564.79,,,,,,,,,
8751,1820.36,4539.26,4957.77,489.37,258.9,-141.12,-3820.84,-28766.84,1611.17,17215.58,-5800.28,175.04,-1836.38,-5625.24,-7461.63,,,,,,,,,
8761,1825.04,4454.18,4941.88,483.97,265.86,-132.68,-3790.74,-28646.54,1622.26,17272.32,-5938.68,176.55,-1704.43,-5762.13,-7466.56,,,,,,,,,
8771,1798.32,4431.72,4941.59,480.96,275.38,-128.88,-3789.44,-28645.42,1618.09,17247.88,-5938.91,176.7,-1769.8,-5762.22,-7532.02,,,,,,,,,
8781,1828.65,4599.61,4966.96,476.24,264.5,-147.42,-3833.7,-28573.78,1557.87,17168.15,-5948.23,177.53,-1692.93,-5770.7,-7463.63,,,,,,,,,
8791,1830.54,4461.96,4923.97,479.08,273.76,-93,-3846.95,-28716.09,1609.01,17313.71,-5874.66,175.56,-1764,-5699.1,-7463.1,,,,,,,,,
8801,1806.97,4550.54,4966.42,473.01,284.43,-151.01,-3820.35,-28557.73,1593.71,17175.33,-5964.61,177.35,-1678.69,-5787.26,-7465.95,,,,,,,,,
8811,1778.09,4469.19,4948.03,471.11,276.56,-101.82,-3818.18,-28583.08,1587.19,17255.49,-5988.45,180.78,-1717.42,-5807.67,-7525.09,,,,,,,,,
8821,1824.82,4477.6,4914.67,488.24,259.88,-105.41,-3804.84,-28506.6,1606.68,17152.32,-5973.83,178.38,-1692.65,-5795.45,-7488.1,,,,,,,,,
8831,1854.57,4506.2,4926.92,487.37,282.75,-107.42,-3749.8,-28574.25,1601.06,17169.9,-5961.6,176.71,-1602.71,-5784.9,-7387.6,,,,,,,,,
8841,1844.49,4559.56,4977,488.58,263.54,-117.77,-3762.46,-28626.67,1600.73,17126.83,-5837.89,178.41,-1646.16,-5659.48,-7305.65,,,,,,,,,
8851,1864.1,4473.94,4949,478.3,277.77,-129.4,-3830.9,-28720.14,1588.76,17199.76,-5814.07,176.79,-1848.81,-5637.27,-7486.08,,,,,,,,,
8861,1759.37,4490.49,4922.74,473.35,279.1,-103.35,-3849.55,-28719.9,1635.51,17272.3,-5852.55,179.3,-1839.94,-5673.26,-7513.2,,,,,,,,,
8871,1793.85,4507.84,4939.24,464.12,281.42,-134.85,-3794.47,-28651.95,1596.1,17148.71,-5859.53,180.13,-1849.99,-5679.39,-7529.39,,,,,,,,,
8881,1838.24,4532.27,4988.83,473.04,273.08,-111.9,-3797.76,-28735.93,1585.52,17195.36,-5784.33,176.64,-1759.26,-5607.69,-7366.95,,,,,,,,,
8891,1754.67,4344.86,4922.01,470.27,260.07,-110.84,-3786.87,-28729.16,1660.38,17349.54,-5855.44,175.9,-1865.06,-5679.54,-7544.61,,,,,,,,,
8901,1827.26,4511.67,4946,485.13,271.11,-125.69,-3776.41,-28651.24,1609.4,17163.02,-5854.39,181.44,-1739.74,-5672.95,-7412.69,,,,,,,,,
8911,1886.1,4448.63,4925.75,494.49,287.64,-124.07,-3815.49,-28627.02,1585.87,17172.59,-5887.39,180.77,-1765.52,-5706.62,-7472.14,,,,,,,,,
8921,1860.4,4529.08,4957.43,487.46,286.07,-118.61,-3786.95,-28743.6,1597.33,17206.56,-5793.9,178.35,-1724.84,-5615.55,-7340.39,,,,,,,,,
8931,1798.45,4506.73,4938.63,474.94,277.02,-115.08,-3822.86,-28641.56,1621.72,17206.72,-5907.4,180.26,-1755.3,-5727.14,-7482.44,,,,,,,,,
8941,1789.39,4542.84,4957.53,492.74,277.69,-116.08,-3782.62,-28846.75,1625.91,17299.66,-5787.63,180.54,-1759.7,-5607.09,-7366.78,,,,,,,,,
8951,1820.2,4443.58,4963.67,468.77,267.95,-117.22,-3764.33,-28775.67,1609.53,17230.96,-5837.31,181.97,-1852.58,-5655.34,-7507.91,,,,,,,,,
8961,1781.74,4416.37,4936.41,464.93,271.25,-114.6,-3774.93,-28782.28,1607.42,17288.4,-5871.39,182.57,-1905.29,-5688.82,-7594.11,,,,,,,,,
8971,1805.08,4566.4,4992.96,485.59,285.88,-136.34,-3777.75,-29059.96,1620.9,17294.74,-5617.17,176.77,-1922.5,-5440.39,-7362.9,,,,,,,,,
8981,1823.12,4499.32,4969.57,487,254.14,-146.37,-3771.68,-28840.07,1565.17,17249.73,-5790.38,181.65,-1910.07,-5608.73,-7518.81,,,,,,,,,
8991,1807.19,4472.61,4976.35,495.83,252.92,-122.08,-3762.11,-28924.08,1644.58,17248.67,-5738.24,180.11,-1910.11,-5558.14,-7468.25,,,,,,,,,
9001,1807.47,4460.64,4968.5,476.26,272.24,-128.88,-3756.42,-28780.57,1621.94,17230.99,-5843.83,178.7,-1827.83,-5665.14,-7492.97,,,,,,,,,
9011,1855.61,4511.84,4959.96,464.94,274.02,-130.34,-3829.98,-28658.14,1600.51,17150.35,-5796,176.32,-1801.23,-5619.68,-7420.91,,,,,,,,,
9021,1838.91,4457.56,4921.65,462.79,253.91,-124.18,-3738.78,-28641.58,1608.32,17163.69,-5898.28,182.99,-1797.71,-5715.29,-7513,,,,,,,,,
9031,1805.64,4488.54,4971.55,479.52,260.6,-139.27,-3728.81,-28902.11,1620.52,17304.24,-5769.9,181.61,-1839.6,-5588.29,-7427.89,,,,,,,,,
9041,1781.03,4427.54,4960.54,471.56,280.29,-135.38,-3784.31,-28649.95,1614.51,17243.78,-5876.01,178.22,-1790.38,-5697.78,-7488.17,,,,,,,,,
9051,1832.7,4549.38,4941.07,477.18,282.21,-126.01,-3748.25,-28690.05,1598.12,17107.57,-5800.59,183.92,-1776.08,-5616.66,-7392.75,,,,,,,,,
9061,1767.55,4503.38,4991.27,476.19,260.93,-123.5,-3740.59,-28784.6,1668.37,17254.23,-5819.08,178.84,-1726.76,-5640.23,-7366.99,,,,,,,,,
9071,1783.91,4506.81,4990.82,475.83,287.25,-134.66,-3766.84,-28970.51,1604.74,17262.42,-5684.59,177.89,-1960.23,-5506.7,-7466.93,,,,,,,,,
9081,1886.71,4598.41,4981.04,481.99,269.5,-158.59,-3768.47,-28688.51,1529.59,16998.57,-5747.68,178.18,-1869.77,-5569.5,-7439.27,,,,,,,,,
9091,1824.69,4500.41,4999.09,468.16,253.56,-127.65,-3760.21,-28767.15,1613.36,17185.18,-5805.6,179.48,-1810.57,-5626.12,-7436.69,,,,,,,,,
9101,1798.02,4489.43,4936.82,476.01,275.96,-160.82,-3787.82,-28877.32,1625.58,17361.6,-5792.4,176.55,-1862.54,-5615.85,-7478.39,,,,,,,,,
9111,1809.6,4507.5,4932.21,487.4,282.97,-138.3,-3792.01,-28823.19,1582.56,17281.42,-5806.21,178.1,-1869.85,-5628.11,-7497.96,,,,,,,,,
9121,1902.21,4553.49,4974.91,491.88,290.08,-116.88,-3736.56,-28599.51,1582.35,17102.49,-5921.95,183.4,-1555.52,-5738.55,-7294.07,,,,,,,,,
9131,1888.35,4466.34,4976.97,468.68,267.65,-93.73,-3796.72,-28713.11,1584.74,17276.89,-5884.25,180.4,-1673.94,-5703.85,-7377.79,,,,,,,,,
9141,1791.09,4430.42,4930.07,474.74,281.95,-122.9,-3786.59,-28851.26,1614.71,17351.87,-5773.33,181.36,-1885.9,-5591.98,-7477.88,,,,,,,,,
9151,1850.23,4418.49,5001.83,468.35,267.06,-127.09,-3762.73,-28921.25,1602.82,17372.56,-5771.35,181.62,-1829.75,-5589.72,-7419.48,,,,,,,,,
9161,1793.76,4510.72,4960.69,470.49,284.18,-144.44,-3750.54,-28886.66,1631.47,17233.89,-5752.98,182.96,-1896.44,-5570.02,-7466.45,,,,,,,,,
9171,1877.63,4481.2,4895.66,485.8,274.19,-133.4,-3776.53,-28617.13,1573.63,17174.35,-5880.25,181.38,-1764.6,-5698.87,-7463.47,,,,,,,,,
9181,1804.22,4457.05,4978.78,468.82,291.71,-142.02,-3718.25,-28812.63,1631.96,17325.21,-5870.32,185.13,-1715.16,-5685.19,-7400.35,,,,,,,,,
9191,1812.02,4402.38,4968.65,478.29,263.68,-141.44,-3751.22,-28703.01,1606.89,17212.76,-5864.47,186.77,-1851,-5677.7,-7528.7,,,,,,,,,
9201,1861.92,4534.04,4989.04,499.49,272.87,-140.56,-3799.48,-28754.06,1605.94,17162.56,-5743.42,183.72,-1768.25,-5559.7,-7327.94,,,,,,,,,
9211,1835.05,4421.42,4962.32,477.22,242.42,-127.8,-3784.7,-28867.38,1581.69,17276.91,-5746.57,182.18,-1982.85,-5564.38,-7547.23,,,,,,,,,
9221,1778.38,4521.38,4947.31,468.9,263.86,-151.12,-3770.53,-28821.41,1570.62,17220.48,-5786.89,186.07,-1972.12,-5600.82,-7572.94,,,,,,,,,
9231,1784.57,4437.97,4954.66,461.29,282.26,-143.78,-3719.77,-28788.07,1617.9,17234.11,-5818.31,183.58,-1878.85,-5634.72,-7513.57,,,,,,,,,
9241,1803,4503.01,4935.79,479.25,254.34,-124.58,-3780.06,-28722.51,1600.17,17149.13,-5840.35,182.94,-1902.46,-5657.41,-7559.87,,,,,,,,,
9251,1774.78,4524.16,4928.91,473.38,268.29,-107.16,-3743.27,-28901.65,1624.65,17246.3,-5730.19,184.11,-1911.62,-5546.07,-7457.69,,,,,,,,,
9261,1829.02,4587.36,4948.1,483.24,273.91,-141.46,-3784.1,-28798.15,1592.88,17157.18,-5735.11,181.87,-1852.02,-5553.23,-7405.25,,,,,,,,,
9271,1834.32,4529.18,4969.65,473.26,270.2,-164.3,-3794.4,-28640.3,1596.57,17078.82,-5820.29,182.62,-1847.01,-5637.67,-7484.68,,,,,,,,,
9281,1817.69,4506.42,4953.58,462.28,280.31,-120.87,-3774.72,-28950.98,1598.26,17232.09,-5699.76,178.66,-1995.95,-5521.1,-7517.04,,,,,,,,,
9291,1805.24,4459.87,4955.07,482.43,241.27,-132.42,-3760.15,-28941.23,1627.24,17229.43,-5673.02,179.73,-2033.25,-5493.29,-7526.54,,,,,,,,,
9301,1822.15,4516.56,4946.41,489.08,272.4,-128.66,-3745.02,-28840.63,1641.96,17158.58,-5735.74,178.41,-1867.18,-5557.33,-7424.51,,,,,,,,,
9311,1798.22,4530.44,4944.67,470.22,252.25,-116.78,-3779.27,-28951.06,1606.43,17298.36,-5692.32,177.78,-1946.51,-5514.54,-7461.05,,,,,,,,,
9321,1841.84,4561.44,4971.81,491.9,269.36,-112.78,-3834.28,-28770.74,1624.39,17128.9,-5751.97,178.26,-1828.15,-5573.71,-7401.86,,,,,,,,,
9331,1795.18,4548.35,4985.33,477.42,276.61,-135.32,-3764.09,-28849.29,1610.12,17229.59,-5751.76,178.94,-1826.1,-5572.82,-7398.93,,,,,,,,,
9341,1808.22,4505.75,4957.69,467.65,291.07,-102.27,-3818.18,-28808.61,1607.53,17197.07,-5752.9,182.74,-1894.08,-5570.16,-7464.24,,,,,,,,,
9351,1824.71,4569.18,4957.54,477.3,272.9,-133.01,-3744.92,-28798.96,1616.07,17217.29,-5783.76,183.28,-1741.92,-5600.48,-7342.4,,,,,,,,,
9361,1739.53,4423.79,4957.94,491.83,286.65,-134.85,-3775.04,-28853.9,1619.62,17263.34,-5762.04,177.04,-1981.1,-5585,-7566.1,,,,,,,,,
9371,1791.12,4611.18,4940.11,486.99,268.77,-141.27,-3778.07,-28785.13,1592.63,17145.53,-5777.99,179.87,-1868.13,-5598.12,-7466.25,,,,,,,,,
9381,1850.22,4527.69,5013.53,484.46,275.11,-168.85,-3861.69,-28818.26,1594.72,17103.18,-5667.31,174.44,-1999.89,-5492.87,-7492.76,,,,,,,,,
9391,1875.22,4535.83,4973.33,490.85,282.2,-130.83,-3785.88,-28708,1590.2,17177.73,-5852.91,185.05,-1699.35,-5667.86,-7367.21,,,,,,,,,
9401,1789.58,4543.81,4961.46,478.42,277.19,-137.11,-3800.65,-28756.83,1560.5,17165,-5794.09,179.41,-1918.64,-5614.68,-7533.32,,,,,,,,,
9411,1755.16,4521.62,4915.46,467.59,280.05,-147.01,-3790.09,-28903.13,1617.58,17279.52,-5688.38,179.54,-2003.23,-5508.84,-7512.08,,,,,,,,,
9421,1769.16,4572.84,4939.81,473.7,284.36,-135.92,-3807.83,-28696.15,1604.43,17219.68,-5808.44,180.97,-1775.92,-5627.47,-7403.39,,,,,,,,,
9431,1850.22,4551.96,4933.64,495.05,262.62,-125.53,-3764.65,-28744.01,1615.13,17152.47,-5767.81,182.57,-1773.1,-5585.24,-7358.34,,,,,,,,,
9441,1807.26,4500.56,4945.85,487.55,291.01,-109.7,-3795.94,-28567.43,1586.34,17168.36,-5910,182.35,-1686.14,-5727.65,-7413.79,,,,,,,,,
9451,1776.77,4544.67,4966.37,465.41,260.12,-137.7,-3793.43,-28562.33,1613.66,17253.18,-6017.6,187.49,-1613.27,-5830.11,-7443.38,,,,,,,,,
9461,1820.19,4499.62,4954.24,481.52,265.38,-123.14,-3791.72,-28587.52,1599.05,17198.5,-5926.94,180.44,-1683.87,-5746.5,-7430.37,,,,,,,,,
9471,1879.18,4476.86,4939.46,471.34,269.27,-143.44,-3759.05,-28599.63,1616.29,17143.99,-5949.46,185.78,-1705.72,-5763.69,-7469.41,,,,,,,,,
9481,1770.26,4500.26,4916.51,474.69,274.93,-122.3,-3795.32,-28650.33,1601.4,17153.4,-5834.81,184.39,-1876.5,-5650.42,-7526.92,,,,,,,,,
9491,1824.11,4457.76,4958.14,476.7,291.43,-125.07,-3799.19,-28612.35,1606.78,17176.89,-5867.6,183.24,-1744.8,-5684.36,-7429.16,,,,,,,,,
9501,1831.57,4549.54,4932.28,482.79,260.53,-155.9,-3736.97,-28595.48,1603.2,17126.16,-5943.55,185.45,-1702.27,-5758.1,-7460.37,,,,,,,,,
9511,1845.5,4590.57,4966.86,472.76,284.41,-123.24,-3787.78,-28630.23,1586.33,17155.7,-5854.56,179.34,-1639.11,-5675.22,-7314.32,,,,,,,,,
9521,1808.59,4470.47,4954.31,490.9,264.36,-130.99,-3727.07,-28484.98,1593.08,17130.85,-5990.75,188.86,-1630.49,-5801.89,-7432.38,,,,,,,,,
9531,1758.68,4556.23,4920.74,487.94,269.64,-144.65,-3758.85,-28577.81,1605.83,17111.45,-5836.38,184.07,-1770.8,-5652.31,-7423.11,,,,,,,,,
9541,1827.61,4507.03,4916.93,479.5,268.3,-130.11,-3779.36,-28562.35,1586.18,17101.98,-5883.27,182.18,-1784.28,-5701.09,-7485.38,,,,,,,,,
9551,1868.62,4471.37,4950.83,470.47,266.11,-115.52,-3769.42,-28454.35,1600.24,17087.43,-5998.3,183.08,-1624.22,-5815.22,-7439.44,,,,,,,,,
9561,1807.58,4538.5,4968.27,480.71,262.82,-116.39,-3774.15,-28594.48,1613.38,17106.64,-5867.44,179,-1707.12,-5688.44,-7395.56,,,,,,,,,
9571,1802.01,4570.35,4982.44,491.22,263.53,-146.02,-3768.09,-28595.69,1601.14,17079.5,-5842.54,184.74,-1719.62,-5657.8,-7377.42,,,,,,,,,
9581,1890.97,4457.96,4951.94,473.73,275.8,-166.34,-3771.29,-28511.74,1568.23,17137.34,-5934.25,182.76,-1693.4,-5751.49,-7444.89,,,,,,,,,
9591,1831.7,4523.41,4978.27,472.77,272.94,-129.65,-3759.21,-28659.41,1576.71,17141.35,-5895.83,183.44,-1751.12,-5712.39,-7463.51,,,,,,,,,
9601,1828.52,4526.6,4919.94,489.1,245.49,-137.08,-3735.59,-28458.68,1588.16,17059.21,-5995.42,188.09,-1674.33,-5807.32,-7481.65,,,,,,,,,
9611,1867.4,4418.28,4975.69,479.63,302.62,-136.79,-3755.23,-28577.56,1571.85,17058.33,-5877.21,185.46,-1795.78,-5691.74,-7487.53,,,,,,,,,
9621,1848.33,4427.76,4969.7,477.13,285.5,-141.96,-3775.4,-28617.19,1591.8,17171.13,-5888.9,180.12,-1763.2,-5708.78,-7471.99,,,,,,,,,
9631,1796.86,4458.13,4981.7,477.23,283.74,-116.97,-3718.28,-28679.58,1639.27,17225.81,-5862.62,180.05,-1652.1,-5682.57,-7334.66,,,,,,,,,
9641,1769.88,4515.97,4941.4,475.71,272.45,-135.94,-3776.04,-28465.4,1605.27,17069.42,-5935.85,180.17,-1727.28,-5755.69,-7482.96,,,,,,,,,
9651,1856.91,4525.77,4981.91,498.66,271.41,-116.98,-3796.15,-28445.4,1592.87,17130.74,-6004.39,184.2,-1500.26,-5820.2,-7320.46,,,,,,,,,
9661,1795.12,4494.77,4946.07,472.2,280.85,-126.52,-3753.18,-28476.2,1611.04,17058.28,-5956.76,182.93,-1697.57,-5773.84,-7471.4,,,,,,,,,
9671,1803.68,4515.49,4944.41,469.84,272,-127.37,-3764.26,-28424.48,1604.92,17129.02,-6050.68,183.36,-1576.75,-5867.32,-7444.07,,,,,,,,,
9681,1815.29,4443.69,4975.11,462.32,284.34,-147.91,-3755.31,-28580.89,1617.71,17059.82,-5899.08,184.26,-1825.82,-5714.82,-7540.63,,,,,,,,,
9691,1834.94,4547.3,4959.67,486.89,269.76,-168.12,-3748.61,-28466.72,1617.69,17080.54,-5975.67,181.3,-1586.65,-5794.37,-7381.02,,,,,,,,,
9701,1821.58,4613.85,4977.55,483.96,268.8,-156.29,-3708.47,-28489.53,1617.04,17085.28,-5969.52,182.03,-1486.23,-5787.49,-7273.73,,,,,,,,,
9711,1887.29,4453.72,4966,487.34,253.18,-128.12,-3759.31,-28436.31,1608.84,17001.75,-5955.41,180.12,-1665.61,-5775.3,-7440.91,,,,,,,,,
9721,1773.93,4554.44,4939.45,485.75,278.24,-123.94,-3769.15,-28565.02,1619.31,17150.88,-5949.19,180.89,-1656.11,-5768.3,-7424.41,,,,,,,,,
9731,1751.26,4597.69,4951.07,472.29,269.6,-163.52,-3767.83,-28408.89,1599.23,17158.68,-6045.21,184.7,-1540.43,-5860.51,-7400.94,,,,,,,,,
9741,1752.75,4481.84,4983.49,464.12,274.1,-149.57,-3779.93,-28359.23,1609.66,17049.46,-6019.4,184.96,-1673.3,-5834.44,-7507.74,,,,,,,,,
9751,1836.78,4479.74,4964.18,464.19,263.38,-133.04,-3736.23,-28263.85,1598.4,16971.55,-6075.35,185.21,-1554.91,-5890.15,-7445.06,,,,,,,,,
9761,1878.5,4439.27,4937.39,481.33,278.82,-155.21,-3744.76,-28331.07,1596.73,17077.13,-6078.98,187.79,-1541.87,-5891.18,-7433.06,,,,,,,,,
9771,1770.97,4416.13,4929.65,452.77,258.98,-151.77,-3748.07,-28396.31,1612.92,17217.09,-6096.05,188.23,-1637.67,-5907.81,-7545.49,,,,,,,,,
9781,1802.15,4453.81,4979.65,480.59,271.93,-150.09,-3759.31,-28305.18,1577.48,17164.28,-6168.44,186.13,-1484.68,-5982.31,-7466.99,,,,,,,,,
9791,1745.31,4503.12,4948.03,470.45,247.82,-112.77,-3777.34,-28447.49,1630.9,17128.53,-6019.24,182.59,-1663.44,-5836.65,-7500.09,,,,,,,,,
9801,1798.52,4452.59,4953.62,473.91,279.92,-124.88,-3753.09,-28488.48,1605.01,17178.99,-6015.27,183.98,-1623.87,-5831.29,-7455.16,,,,,,,,,
9811,1851.96,4445.65,4902.25,477.4,254.76,-111.5,-3767.31,-28302.51,1586.2,17134.68,-6144.29,186.19,-1528.42,-5958.11,-7486.53,,,,,,,,,
9821,1853.18,4419.45,5032.53,495.45,266.34,-122.67,-3752.16,-28432.3,1608.46,17091.07,-6001.49,187.61,-1540.64,-5813.88,-7354.52,,,,,,,,,
9831,1792.56,4518.9,4951.28,488.76,269.56,-116.32,-3769.45,-28420.51,1590.68,17137.03,-6034.69,181.98,-1557.5,-5852.71,-7410.22,,,,,,,,,
9841,1827.42,4605.6,4937.23,485.03,276.12,-134.16,-3774.83,-28437.73,1584.58,17090.79,-5960.53,183.28,-1539.96,-5777.25,-7317.21,,,,,,,,,
9851,1807.27,4441.59,4967.88,454.5,282.01,-136.19,-3721.39,-28486.14,1596.17,17265.28,-6069.24,183.64,-1529.03,-5885.59,-7414.62,,,,,,,,,
9861,1876.36,4405.29,4961.97,469.9,278.17,-159.93,-3747.07,-28445.05,1621.25,17179.25,-6057.74,184.47,-1559.87,-5873.27,-7433.14,,,,,,,,,
9871,1875.94,4506.64,4939.07,484.58,288.13,-136.21,-3778.87,-28427.59,1617.24,17143.78,-6041.48,182.71,-1487.28,-5858.78,-7346.06,,,,,,,,,
9881,1780.17,4485.43,4970.81,489.05,267.22,-130.01,-3810.89,-28574.93,1618.67,17266.56,-6020.33,182.71,-1637.92,-5837.62,-7475.54,,,,,,,,,
9891,1795.31,4524.35,4967.43,479.18,262.69,-130.82,-3786.97,-28510.79,1590.98,17241.83,-5990.5,185.8,-1566.81,-5804.7,-7371.51,,,,,,,,,
9901,1815.24,4405.83,4991.99,464.23,288.06,-152.16,-3691.27,-28435.57,1609.16,17127.05,-6066.36,193.59,-1577.42,-5872.77,-7450.19,,,,,,,,,
9911,1790.48,4503.86,4951.47,476.24,280.17,-160.75,-3780.13,-28469.33,1605.85,17207.25,-6017.67,187.14,-1594.89,-5830.52,-7425.42,,,,,,,,,
9921,1827.83,4428.15,4909.67,488.79,269.84,-136.19,-3760.54,-28554.9,1609.05,17199.66,-5958.16,180.81,-1718.64,-5777.35,-7496,,,,,,,,,
9931,1820.55,4420.9,4963.25,478.26,279.98,-138.92,-3775.62,-28572.64,1608.47,17216.89,-5954.67,182.47,-1698.87,-5772.2,-7471.07,,,,,,,,,
9941,1802.58,4438.51,4982.75,487.03,258.35,-133.11,-3803.01,-28594.99,1610.11,17273.18,-5973.27,176.32,-1678.61,-5796.95,-7475.55,,,,,,,,,
9951,1871.11,4551.14,4955.12,476.06,271.05,-166.92,-3778.9,-28353.28,1619.09,17130.82,-6143.29,185.23,-1424.69,-5958.06,-7382.75,,,,,,,,,
9961,1782.83,4501.13,4916.44,480.85,265.14,-124.51,-3797.35,-28431.14,1640.15,17280.46,-6115.22,184.36,-1486,-5930.86,-7416.86,,,,,,,,,
9971,1834.02,4495.56,4973.11,475.98,257.43,-153.91,-3758.11,-28391.09,1612.95,17112.1,-6105.73,183.86,-1541.95,-5921.87,-7463.82,,,,,,,,,
9981,1833.93,4467.67,4959.93,473.97,261.71,-149.33,-3766.54,-28662.77,1633.97,17271.88,-5952.47,181.74,-1675.59,-5770.73,-7446.32,,,,,,,,,
9991,1814.14,4495.96,4956.25,471.78,282.69,-142.79,-3767.17,-28621.24,1610.95,17250.12,-5943.88,182.83,-1649.33,-5761.05,-7410.37,,,,,,,,,
10001,1835.89,4557.12,4915.7,502.96,288.76,-129.01,-3777.63,-28503.89,1602.29,17121.51,-5962.82,184.49,-1586.31,-5778.33,-7364.64,,,,,,,,,
,,,,,,,,,,,,,,,,,,,,,,,,
Receptor Energy Terms,,,,,,,,,,,,,,,,,,,,,,,,
Frame #,BOND,ANGLE,DIHED,UB,IMP,CMAP,VDWAALS,EEL,1-4 VDW,1-4 EEL,EGB,ESURF,GGAS,GSOLV,TOTAL,,,,,,,,,
1,1740.45,4197.99,4991.76,465.66,262.77,-89.73,-3982.56,-29435.71,1615.34,17220.04,-5089.56,145.68,-3014,-4943.88,-7957.88,,,,,,,,,
11,1817.55,4203.15,5005.44,467.36,242.35,-119.96,-3862.82,-29019.39,1607.68,17251.82,-5503.54,163.1,-2406.83,-5340.44,-7747.27,,,,,,,,,
21,1841.96,4254.01,4978.32,469.12,276.31,-96.1,-3849.36,-28939.94,1592.94,17230.15,-5605.24,165.93,-2242.58,-5439.31,-7681.89,,,,,,,,,
31,1795.79,4290.76,4994.38,471.12,254.08,-129.86,-3797.75,-28795.2,1602.48,17315.84,-5768.1,172.57,-1998.37,-5595.53,-7593.9,,,,,,,,,
41,1783.73,4253.75,5004.89,494.11,281.25,-115.82,-3883.93,-28691.72,1583.13,17150.25,-5691.57,164.77,-2140.35,-5526.8,-7667.15,,,,,,,,,
51,1758.08,4202.67,4964.19,470.06,270.97,-151.56,-3872.22,-28735.85,1600.13,17254.41,-5697.94,169.41,-2239.13,-5528.53,-7767.66,,,,,,,,,
61,1868.12,4166.27,4939.17,467.63,259.73,-124.8,-3849.27,-28942.92,1614.31,17267.72,-5603.9,165.97,-2334.05,-5437.93,-7771.97,,,,,,,,,
71,1832.84,4262,4933,498.7,259.96,-94.49,-3862.1,-28706.96,1601.52,17141.65,-5731.47,167.33,-2133.88,-5564.15,-7698.03,,,,,,,,,
81,1846.67,4278.06,4969.96,482.87,299.65,-86.87,-3822.04,-28849.02,1610.07,17233.53,-5698.38,170.14,-2037.13,-5528.24,-7565.36,,,,,,,,,
91,1836.41,4203.09,4920.09,476.7,278.57,-98.64,-3808.22,-28851.59,1604.73,17294.48,-5702,168.44,-2144.39,-5533.56,-7677.95,,,,,,,,,
101,1788.74,4239.25,4953.39,480.03,261.67,-117.13,-3852.03,-28893.68,1624.99,17305.3,-5689.98,169,-2209.47,-5520.98,-7730.45,,,,,,,,,
111,1829.03,4191.84,4998.34,473.68,262.68,-106.38,-3817.93,-29011.82,1627.23,17342.3,-5616.51,163.93,-2211.02,-5452.58,-7663.6,,,,,,,,,
121,1784.46,4184.68,4932.72,463.75,267.87,-95.36,-3821.69,-28768.39,1585.06,17286.14,-5752.56,169.56,-2180.74,-5583,-7763.74,,,,,,,,,
131,1800.18,4182.22,4935.95,488.33,263.48,-107.83,-3798.42,-28883.54,1607.37,17271.64,-5666.68,168.84,-2240.63,-5497.84,-7738.47,,,,,,,,,
141,1843.64,4173.25,4988.77,477.16,266.14,-96.47,-3845.47,-28761.88,1631.43,17214.65,-5720.95,170.62,-2108.76,-5550.33,-7659.09,,,,,,,,,
151,1752.02,4214.05,4991.69,485.23,261.3,-105.42,-3771.81,-28927.33,1623.77,17301.77,-5613.38,169.95,-2174.73,-5443.43,-7618.17,,,,,,,,,
161,1822.67,4233.39,4971.71,472.31,286.08,-116.07,-3820.04,-28951.38,1600.7,17272.54,-5593.09,170.13,-2228.1,-5422.96,-7651.05,,,,,,,,,
171,1842.4,4170.43,4944.42,467.65,262.4,-103.17,-3856.84,-28907.22,1614.01,17213.4,-5585.16,164.94,-2352.52,-5420.22,-7772.74,,,,,,,,,
181,1810.71,4276.05,4977.27,476.01,262.12,-121.94,-3822.39,-28932.51,1587.16,17285.61,-5677.08,168.19,-2201.91,-5508.89,-7710.8,,,,,,,,,
191,1795.53,4247.34,4990.2,484.49,280.5,-130.91,-3848.13,-28849.7,1551.26,17241.73,-5646.98,165.17,-2237.7,-5481.8,-7719.5,,,,,,,,,
201,1847.54,4246.61,4933.05,481.14,259.06,-123.45,-3805.87,-28727.64,1578.93,17101.6,-5675.13,170.26,-2209.03,-5504.87,-7713.9,,,,,,,,,
211,1777.67,4252.12,5008.4,479.96,257.47,-106.35,-3836.92,-28819.07,1587.88,17211.88,-5673.59,167.34,-2186.95,-5506.25,-7693.2,,,,,,,,,
221,1763.96,4269.38,4961.9,479.77,269.87,-102.86,-3804.21,-28814.86,1627.77,17138.09,-5643.9,167.82,-2211.19,-5476.07,-7687.26,,,,,,,,,
231,1843.75,4164.07,4952.39,455.88,279.05,-109.09,-3812.47,-28932.65,1600.41,17261.68,-5601.84,163.26,-2296.99,-5438.58,-7735.57,,,,,,,,,
241,1799.11,4131.26,4973.1,490.87,264.21,-114.06,-3849.31,-28865.28,1606.66,17358.63,-5707.8,163.3,-2204.81,-5544.5,-7749.31,,,,,,,,,
251,1770.07,4253.81,4966.09,479.83,266.03,-125.95,-3864.02,-28859.82,1596.8,17225.75,-5650.5,166.4,-2291.38,-5484.1,-7775.48,,,,,,,,,
261,1749.14,4220.91,4944.35,481.67,284.21,-113.92,-3850.18,-28750.8,1606.49,17377.13,-5791.02,168.61,-2051,-5622.41,-7673.41,,,,,,,,,
271,1826.45,4252.87,4977.46,486.69,267.76,-75.13,-3813.9,-28787.24,1623.71,17198.52,-5701.51,165.22,-2042.82,-5536.29,-7579.11,,,,,,,,,
281,1808.92,4168.02,4980.38,469.45,270.93,-117.67,-3816.85,-28758.44,1636.12,17242.03,-5764.54,167.86,-2117.12,-5596.68,-7713.81,,,,,,,,,
291,1846.02,4277.63,4965.15,483.65,282.04,-109.75,-3780.66,-28754.25,1580.31,17153.11,-5710.68,170.83,-2056.77,-5539.84,-7596.61,,,,,,,,,
301,1833.49,4240.63,4977.67,478.46,251.37,-99.18,-3875.33,-28733.3,1582.61,17194.36,-5712.4,163.25,-2149.21,-5549.15,-7698.37,,,,,,,,,
311,1771.33,4239.31,4928.24,489.44,277.58,-121.65,-3847.41,-28795.51,1556.65,17202.69,-5679.18,164.05,-2299.34,-5515.13,-7814.46,,,,,,,,,
321,1814.9,4217.23,4936.36,477.06,254.93,-94.71,-3818.98,-28732.35,1612.85,17137.7,-5692.43,170.95,-2195.01,-5521.48,-7716.49,,,,,,,,,
331,1804.99,4235.96,4930.22,476.32,277.69,-111.2,-3814.07,-28874.02,1580.63,17162.67,-5617.12,167.46,-2330.8,-5449.67,-7780.47,,,,,,,,,
341,1828.5,4234.2,4967.12,487.67,267.8,-93.63,-3815.78,-28736.79,1611.43,17141.58,-5692.36,171.72,-2107.89,-5520.64,-7628.54,,,,,,,,,
351,1755.89,4119.38,4985.62,473.38,274.76,-83.93,-3840.07,-28719.5,1633,17333.21,-5812.64,170.91,-2068.27,-5641.73,-7710,,,,,,,,,
361,1790.52,4221.96,4964.5,473.54,264.79,-143.36,-3888.59,-28803.23,1603.09,17220.86,-5687.34,165.51,-2295.92,-5521.83,-7817.75,,,,,,,,,
371,1796.94,4184.36,4962.26,472.37,289.78,-124.31,-3781.71,-29038.15,1591,17248.74,-5516.7,170.1,-2398.71,-5346.59,-7745.3,,,,,,,,,
381,1784.87,4200.7,4950.2,474.12,291.45,-120.19,-3776.46,-28919.63,1595.92,17209.02,-5597.02,167.98,-2310.01,-5429.04,-7739.05,,,,,,,,,
391,1820.33,4241.41,4968.84,484.79,275.04,-124.07,-3812.1,-28546.54,1605.41,17138.03,-5842.13,170.49,-1948.85,-5671.65,-7620.5,,,,,,,,,
401,1786.05,4343.22,4921.99,490.62,262.11,-112.96,-3803.98,-28523.48,1565.87,17129.49,-5857.16,169.94,-1941.07,-5687.23,-7628.3,,,,,,,,,
411,1813.01,4280.41,4948.08,482.46,281.02,-99.86,-3816.31,-28553.64,1576.82,17171.7,-5849.91,171.4,-1916.33,-5678.51,-7594.84,,,,,,,,,
421,1842.93,4161.11,4954.22,481.04,259.35,-117.11,-3793.1,-28631.64,1586.85,17244.88,-5853,170.22,-2011.47,-5682.78,-7694.25,,,,,,,,,
431,1819.46,4282.32,4939.75,478.03,273.62,-125.49,-3811.2,-28659.09,1579.57,17166.51,-5776.65,170.59,-2056.51,-5606.07,-7662.58,,,,,,,,,
441,1840.36,4045.48,4991.17,473.09,252.68,-121.91,-3856.43,-28735.1,1591.8,17241.29,-5709.8,167.99,-2277.56,-5541.81,-7819.36,,,,,,,,,
451,1797.03,4248.34,4933.76,471.98,299.12,-118.18,-3830.91,-28797.2,1594.78,17363.61,-5714.44,167.38,-2037.66,-5547.06,-7584.72,,,,,,,,,
461,1779.76,4263.98,4939.25,459.12,275.72,-116.22,-3808.64,-28782.47,1583.98,17129.51,-5636.1,168.79,-2276,-5467.31,-7743.3,,,,,,,,,
471,1901.74,4205.18,4922.13,492.43,257.07,-102.01,-3841.66,-28710.36,1592.33,17202.44,-5725.04,173.15,-2080.72,-5551.89,-7632.61,,,,,,,,,
481,1776.68,4245.82,4944.14,502.17,267.15,-108.87,-3855.12,-28770.5,1611.4,17194.08,-5687.13,171.33,-2193.03,-5515.8,-7708.83,,,,,,,,,
491,1816.4,4262.69,4947.3,460.04,255.65,-103.61,-3818.43,-28723.7,1576.78,17207.01,-5743.94,170.32,-2119.89,-5573.62,-7693.51,,,,,,,,,
501,1763.21,4235.63,4962.1,471.41,275.45,-106.49,-3808.68,-28699.2,1587.43,17303.91,-5814.8,168.64,-2015.23,-5646.16,-7661.39,,,,,,,,,
511,1859.84,4223.56,4949.17,466.61,257.18,-111.08,-3809.71,-28739.33,1604.08,17253.95,-5836.44,172.98,-2045.74,-5663.46,-7709.19,,,,,,,,,
521,1841.04,4324.94,4945.11,491.7,271.32,-127.34,-3906.77,-28570.3,1591.65,17166.38,-5763.52,169.86,-1972.27,-5593.67,-7565.93,,,,,,,,,
531,1794.36,4226.1,4968.02,475.46,278.09,-111.4,-3833.16,-28661.67,1605.63,17193.69,-5744.4,169.35,-2064.88,-5575.05,-7639.93,,,,,,,,,
541,1902.12,4157.13,4910.68,475.2,260.24,-112.93,-3839.72,-28568.81,1537.58,17192.47,-5838.84,169.49,-2086.03,-5669.35,-7755.38,,,,,,,,,
551,1799.73,4250.02,4985.18,476.42,264.68,-143.75,-3789.78,-28691.09,1634.15,17240.39,-5751.71,170.53,-1974.06,-5581.18,-7555.24,,,,,,,,,
561,1806.53,4274.93,4972.22,474.68,275.81,-132.39,-3810.33,-28643.45,1605.21,17139.58,-5762.96,169.12,-2037.2,-5593.84,-7631.04,,,,,,,,,
571,1797.82,4133.5,4925.91,460.87,270.09,-135,-3764.53,-28540.01,1590.17,17124.78,-5829.5,170.91,-2136.41,-5658.59,-7795,,,,,,,,,
581,1742.96,4252.71,5007.44,484.09,269.2,-133.73,-3854.19,-28656.65,1585.31,17130.93,-5763.15,169.7,-2171.95,-5593.46,-7765.4,,,,,,,,,
591,1828.98,4188.16,4962.87,465.36,267.82,-117.44,-3860.94,-28524.16,1596.38,17069.03,-5807.92,166.38,-2123.94,-5641.54,-7765.49,,,,,,,,,
601,1769.53,4190.49,4955.35,477.17,259.17,-110.06,-3804.81,-28666.6,1595.82,17182.38,-5781.28,172.43,-2151.55,-5608.85,-7760.41,,,,,,,,,
611,1804.15,4130.08,4919.62,468.17,263.14,-69.53,-3784.62,-28739.54,1587.17,17121,-5677.27,169.73,-2300.36,-5507.54,-7807.9,,,,,,,,,
621,1833.69,4263.42,4976.03,484.82,285.71,-142.93,-3801.98,-28683.65,1589.93,17136.03,-5725.56,169.15,-2058.93,-5556.42,-7615.35,,,,,,,,,
631,1811.78,4132.29,5024.49,480.36,259.38,-140.57,-3811.36,-28696.61,1602.19,17155.35,-5741.95,165.84,-2182.71,-5576.12,-7758.83,,,,,,,,,
641,1838.32,4198.33,4928.62,479.7,263.29,-110.25,-3833.15,-28781.24,1617.81,17269.98,-5712.97,164.35,-2128.59,-5548.61,-7677.21,,,,,,,,,
651,1858,4184.95,4995.28,484.26,273.8,-112.63,-3787.28,-28824.89,1585.47,17217.25,-5697.81,173.58,-2125.8,-5524.23,-7650.03,,,,,,,,,
661,1837.18,4209.15,4922.5,475.55,285.28,-85.24,-3810.54,-28608.32,1576.79,17107.39,-5811.46,171.93,-2090.26,-5639.53,-7729.79,,,,,,,,,
671,1804.87,4259.15,5025.8,482.54,279.29,-131.24,-3816.2,-28534.08,1580.36,17141.9,-5860.85,173.93,-1907.61,-5686.91,-7594.53,,,,,,,,,
681,1758.02,4174.75,4949.37,479.43,274.58,-114.32,-3804.09,-28605.13,1616.63,17357.75,-5965.74,170.8,-1913.01,-5794.94,-7707.95,,,,,,,,,
691,1768.17,4248.23,4968.76,467.39,275.84,-114.55,-3774.41,-28544.51,1600.74,17188.62,-5886.64,171.18,-1915.73,-5715.46,-7631.18,,,,,,,,,
701,1802.06,4264.98,4979.76,482.77,249.02,-138.94,-3830.01,-28543.2,1593.87,17156.17,-5849.45,172.21,-1983.52,-5677.24,-7660.76,,,,,,,,,
711,1793.33,4220.6,4946.33,483.32,261.68,-111.53,-3785.68,-28658.09,1624.73,17265.63,-5829.28,169.53,-1959.67,-5659.74,-7619.41,,,,,,,,,
721,1884.96,4252.73,4959.96,485.96,274.42,-146.68,-3797.08,-28640.33,1566.35,17142.49,-5819.53,174.93,-2017.23,-5644.6,-7661.83,,,,,,,,,
731,1753.34,4168.56,4890.05,477.64,258.71,-122.92,-3822,-28612.39,1614.95,17279.95,-5854.45,168.39,-2114.13,-5686.07,-7800.2,,,,,,,,,
741,1858.07,4179.52,4945.63,468.89,267.91,-117,-3855.27,-28560.8,1568.21,17185.33,-5861.02,166.95,-2059.51,-5694.08,-7753.59,,,,,,,,,
751,1788.95,4218.67,4942.63,480,264.35,-116.3,-3802.85,-28614.3,1586.15,17125.79,-5805.59,168.83,-2126.9,-5636.76,-7763.66,,,,,,,,,
761,1889.09,4219.44,4971.05,482.3,270.46,-146.8,-3805.17,-28600.04,1577.6,17183.04,-5826.51,168.06,-1959.04,-5658.45,-7617.49,,,,,,,,,
771,1839.41,4194.51,4934.18,490.29,261,-134.01,-3804.56,-28684.69,1598.73,17248.6,-5805.1,167.12,-2056.53,-5637.99,-7694.51,,,,,,,,,
781,1819.38,4235.97,4944.57,477.77,275.51,-148.44,-3798.15,-28667.3,1601.91,17149.16,-5763.77,167.85,-2109.62,-5595.92,-7705.53,,,,,,,,,
791,1875.47,4255.32,4910.75,480.93,280.53,-126.01,-3827.62,-28564.76,1581.71,17110.24,-5830.85,168.38,-2023.45,-5662.48,-7685.93,,,,,,,,,
801,1812.42,4240.14,4910.23,487.11,248.31,-107.79,-3883.74,-28610.02,1573.25,17191.29,-5782.48,166.38,-2138.82,-5616.1,-7754.92,,,,,,,,,
811,1779.09,4202.2,4948.1,474.21,273.67,-162.03,-3797.59,-28809.16,1609.67,17319.27,-5714.5,167.41,-2162.58,-5547.09,-7709.67,,,,,,,,,
821,1849.22,4285.56,4967.12,491.29,284.49,-147.01,-3784.5,-28835.38,1602.7,17186.98,-5644.02,169.69,-2099.53,-5474.33,-7573.87,,,,,,,,,
831,1819.11,4295.93,4962.9,472.56,279.37,-147.52,-3836.83,-28531.06,1598.55,17195.82,-5899.61,171.43,-1891.15,-5728.18,-7619.33,,,,,,,,,
841,1828.38,4184.29,4976.18,468.52,270.31,-143.41,-3844.11,-28609.57,1573.27,17244.73,-5826.57,169.06,-2051.42,-5657.5,-7708.92,,,,,,,,,
851,1752.02,4210,4984.63,491.97,267.5,-131.73,-3806.43,-28702.28,1606.88,17199.46,-5771.08,168.61,-2127.98,-5602.47,-7730.45,,,,,,,,,
861,1853.16,4195.89,4954.18,490.3,274.88,-101.57,-3825.46,-28742.07,1595.53,17236.72,-5735.89,167.1,-2068.44,-5568.79,-7637.23,,,,,,,,,
871,1814.31,4272.79,4964.33,490.87,263.78,-119.59,-3827.19,-28661.09,1592.77,17058.54,-5745.71,168.41,-2150.48,-5577.3,-7727.78,,,,,,,,,
881,1799.69,4312.78,5024.04,463.14,281.79,-140.69,-3839.63,-28665.03,1574.02,17093.59,-5691,168.72,-2096.3,-5522.28,-7618.58,,,,,,,,,
891,1849,4259.21,4920.92,485.45,286.75,-121.78,-3836.49,-28641.88,1581.79,17085.01,-5747.24,166.82,-2132.02,-5580.42,-7712.43,,,,,,,,,
901,1877.9,4153.93,4978.43,473.2,262.08,-132.77,-3853.74,-28683.49,1585.8,17146.96,-5711.42,163.19,-2191.69,-5548.22,-7739.92,,,,,,,,,
911,1832.28,4259.4,4972.07,480.55,259.81,-108.92,-3808.18,-28582.91,1586.92,17105.01,-5736.16,167.87,-2003.97,-5568.29,-7572.26,,,,,,,,,
921,1795,4289.17,4936.52,481.18,255.37,-137.07,-3808.95,-28575.21,1570.36,17072.59,-5775.65,172.49,-2121.04,-5603.15,-7724.2,,,,,,,,,
931,1844.66,4191.59,4997.21,471.65,263.94,-125.25,-3755.12,-28587.01,1578.22,17101.05,-5819.91,174.25,-2019.05,-5645.66,-7664.71,,,,,,,,,
941,1729.64,4261.58,4967.65,468.6,258.62,-115.89,-3865.18,-28408.51,1613.37,17139.75,-5983.93,169.2,-1950.37,-5814.74,-7765.1,,,,,,,,,
951,1772.28,4234.43,4960.65,489.22,282.26,-110.14,-3794.8,-28530.04,1584.44,17216.96,-5869.45,169.16,-1894.74,-5700.28,-7595.03,,,,,,,,,
961,1787.21,4223.67,4968.07,473.91,280.65,-115.12,-3838.93,-28344.46,1570.05,17093.23,-5996.47,169.59,-1901.74,-5826.88,-7728.62,,,,,,,,,
971,1786.38,4212.91,4947.64,471.78,269.88,-124.92,-3787.64,-28504.24,1579.13,17157.48,-5881.82,172.71,-1991.59,-5709.11,-7700.7,,,,,,,,,
981,1779.09,4211.09,5023.43,478.37,269.98,-139.66,-3817.89,-28582.65,1623.99,17084.67,-5813.3,170.16,-2069.59,-5643.14,-7712.73,,,,,,,,,
991,1820.3,4255.93,4978.34,476.91,283.31,-110.19,-3821.02,-28392.83,1586.63,16979.24,-5865.32,167.24,-1943.4,-5698.08,-7641.48,,,,,,,,,
1001,1808.75,4330.67,4957.95,499.63,271.27,-126.37,-3791.18,-28572.65,1555.49,17050.13,-5772.08,170.3,-2016.3,-5601.78,-7618.08,,,,,,,,,
1011,1805.15,4300.19,4950.15,481.39,260.29,-111.98,-3790.44,-28499.09,1585.49,17036.89,-5829.79,172.36,-1981.96,-5657.42,-7639.38,,,,,,,,,
1021,1815.62,4213.96,4998.6,469.07,265.42,-141.01,-3851.59,-28552.26,1577.69,17098.69,-5824.68,169.34,-2105.81,-5655.33,-7761.14,,,,,,,,,
1031,1834.97,4203.51,4952.24,458.77,272.02,-84.91,-3849.9,-28688.07,1567.31,17098.45,-5691.73,165.73,-2235.61,-5526.01,-7761.62,,,,,,,,,
1041,1868.12,4290.69,4955.24,485.13,269.53,-135.99,-3794.17,-28620.14,1561.83,17009.4,-5749.52,169.83,-2110.37,-5579.69,-7690.06,,,,,,,,,
1051,1774,4145.11,4962.72,459.47,285.11,-116.95,-3821.87,-28561.92,1586.22,17088.77,-5835.97,169.72,-2199.35,-5666.25,-7865.6,,,,,,,,,
1061,1790.68,4206.73,4971.37,474.66,267.6,-112.84,-3845.32,-28568.68,1607.71,17138.96,-5790.34,171.32,-2069.13,-5619.03,-7688.16,,,,,,,,,
1071,1760.07,4241.2,4969.92,470.1,269.17,-135.86,-3760.01,-28699.4,1593.7,17163.56,-5703.29,170.37,-2127.55,-5532.92,-7660.47,,,,,,,,,
1081,1799.24,4264.19,4967.59,480.77,279.06,-127.99,-3820.58,-28653.71,1591.14,17200.05,-5783.06,168.98,-2020.24,-5614.08,-7634.32,,,,,,,,,
1091,1737.39,4266.01,4985.59,462.54,269.64,-121.36,-3835.03,-28553.96,1582.85,17102.79,-5736.57,164.69,-2103.53,-5571.88,-7675.4,,,,,,,,,
1101,1760.02,4266.65,4933,483.24,277.17,-122.19,-3816.41,-28542.9,1581.99,17141.65,-5831.89,171.7,-2037.8,-5660.2,-7697.99,,,,,,,,,
1111,1825.75,4222.07,4965.26,492.45,265.44,-138.76,-3718.12,-28593.68,1592.73,17051.4,-5818.12,177.69,-2035.47,-5640.43,-7675.9,,,,,,,,,
1121,1834.01,4247.89,4926.62,479.13,256.78,-117.08,-3771.05,-28699.44,1575.06,17072.47,-5678.32,173.19,-2195.61,-5505.12,-7700.74,,,,,,,,,
1131,1782.1,4273.23,4988.96,470.61,267.42,-134.82,-3772.08,-28513.59,1581.01,17015.79,-5857.14,172.4,-2041.38,-5684.74,-7726.11,,,,,,,,,
1141,1774.92,4328.01,4987.2,488.96,270.62,-119.08,-3758.24,-28588.34,1570.11,17155.48,-5795.18,174.72,-1890.36,-5620.46,-7510.82,,,,,,,,,
1151,1823.5,4216.72,4971.47,475.31,280.47,-118.6,-3786.26,-28696.52,1562.52,17106.28,-5746.24,175.93,-2165.11,-5570.31,-7735.42,,,,,,,,,
1161,1821.19,4225.72,4958.6,496.22,244.94,-125.37,-3776.94,-28506.23,1605.89,17001.73,-5789.23,171.87,-2054.25,-5617.36,-7671.61,,,,,,,,,
1171,1719.21,4275.4,4992.77,491.96,263.34,-147.32,-3812.92,-28580.94,1633.29,17120.7,-5772.39,168.73,-2044.5,-5603.66,-7648.16,,,,,,,,,
1181,1778.17,4187.4,4978.91,472.38,266.13,-138.58,-3827.45,-28609.96,1569.93,17110.53,-5743.16,172.19,-2212.53,-5570.97,-7783.5,,,,,,,,,
1191,1839.36,4250.41,4973.08,479.96,271.86,-131.07,-3787.26,-28455.35,1582.27,17106.01,-5895.09,170.57,-1870.71,-5724.51,-7595.22,,,,,,,,,
1201,1742.71,4199.77,4984.19,464.74,264.28,-134.59,-3807.37,-28505.05,1589.27,17183.16,-5925.22,173.01,-2018.89,-5752.21,-7771.1,,,,,,,,,
1211,1805.74,4220.75,4978.4,464.85,278.19,-139.23,-3818.92,-28350.63,1580.04,17090.68,-5940.47,171.38,-1890.13,-5769.09,-7659.22,,,,,,,,,
1221,1825.42,4275.61,4980.59,492.01,267.57,-167.74,-3758.26,-28357.27,1568.81,17118.9,-6036.64,173.56,-1754.36,-5863.07,-7617.44,,,,,,,,,
1231,1787.32,4160.49,5002.27,469.11,289.72,-148.76,-3792.47,-28526.89,1613.91,17151.91,-5873.06,173.09,-1993.39,-5699.97,-7693.37,,,,,,,,,
1241,1819.24,4308.74,4949.59,488.55,260.03,-131.71,-3821.08,-28530.09,1571.9,17158.2,-5835.12,173.25,-1926.63,-5661.87,-7588.5,,,,,,,,,
1251,1832.45,4222.22,5026.39,466.7,302.82,-154.91,-3775.69,-28558.94,1570.85,17105.4,-5859.34,172.84,-1962.72,-5686.49,-7649.21,,,,,,,,,
1261,1739.02,4309.94,4977.49,483.46,270.91,-133.14,-3814.95,-28393.88,1573.05,17122.95,-5977.51,175.94,-1865.14,-5801.58,-7666.71,,,,,,,,,
1271,1845.43,4230.44,4993.97,495.82,255.53,-152.08,-3778.74,-28502.71,1552.96,17128.87,-5897.7,175.66,-1930.51,-5722.04,-7652.55,,,,,,,,,
1281,1817.83,4253.46,4970.85,495.32,267.14,-144.47,-3757,-28432.32,1567.49,17049.61,-5904.63,175.72,-1912.09,-5728.91,-7641,,,,,,,,,
1291,1803.45,4261.87,4970.01,475.89,260.39,-162.57,-3780.05,-28322.57,1587.39,17138.84,-6036.15,177.09,-1767.36,-5859.06,-7626.42,,,,,,,,,
1301,1820.6,4177.3,4959.6,473.55,264.57,-114.13,-3770.04,-28567.52,1581.58,17174.59,-5892.23,177.31,-1999.9,-5714.91,-7714.81,,,,,,,,,
1311,1816.96,4233.73,4946.66,471.94,258.04,-127.25,-3850.82,-28590.4,1590.07,17221.6,-5893.28,171.76,-2029.46,-5721.51,-7750.97,,,,,,,,,
1321,1869.26,4176.3,4941.55,472.3,280.55,-124.47,-3791.45,-28579.84,1587.02,17211.06,-5905.18,174.51,-1957.72,-5730.67,-7688.38,,,,,,,,,
1331,1749.48,4315.93,4984.3,481.32,277.24,-141.03,-3822.68,-28538.57,1581.5,17144.93,-5826.57,171.2,-1967.6,-5655.37,-7622.97,,,,,,,,,
1341,1805.58,4237,4956.97,483.56,267.4,-127.23,-3828.22,-28579.97,1603.51,17173.86,-5846.29,172.74,-2007.54,-5673.55,-7681.09,,,,,,,,,
1351,1813.07,4252.57,4920.49,473.57,276.4,-110.82,-3804.25,-28572.66,1597.62,17046.92,-5768.65,173.95,-2107.08,-5594.7,-7701.78,,,,,,,,,
1361,1818.74,4272.14,4973.12,490.27,259.17,-158.38,-3814.79,-28657.15,1572.35,17210.05,-5802.29,172.73,-2034.47,-5629.55,-7664.02,,,,,,,,,
1371,1850.85,4250.41,4977.81,488.04,274.98,-140.42,-3782.23,-28575.37,1586.97,17156.05,-5844.7,173.63,-1912.91,-5671.06,-7583.97,,,,,,,,,
1381,1760.75,4305.01,4936.36,485.34,263.54,-102.61,-3856.51,-28545.91,1613.09,17203.82,-5881.2,172.09,-1937.12,-5709.11,-7646.22,,,,,,,,,
1391,1818.56,4228.65,4944.48,488.73,283.87,-129.92,-3822.12,-28315.03,1576.86,17121.65,-6017.73,173.58,-1804.27,-5844.15,-7648.42,,,,,,,,,
1401,1830.56,4337.68,4956.43,474.02,257.17,-112.83,-3793.41,-28512.78,1581.5,17121.32,-5904.98,171.45,-1860.35,-5733.54,-7593.88,,,,,,,,,
1411,1783.47,4215.65,4953.23,473.07,267.03,-141.65,-3801.99,-28602.4,1602.73,17139.29,-5835.42,172.93,-2111.57,-5662.5,-7774.06,,,,,,,,,
1421,1811.06,4250.52,5013.11,463.87,267.11,-120.58,-3777.27,-28658.6,1590.26,17183.9,-5839.67,175.21,-1976.63,-5664.46,-7641.09,,,,,,,,,
1431,1798.97,4302.84,4909.66,471.05,266.95,-122.72,-3792.6,-28599.33,1549.73,17152.4,-5814.91,170.88,-2063.05,-5644.03,-7707.08,,,,,,,,,
1441,1827.43,4214.78,4982.68,486.84,258.21,-137.37,-3803.9,-28566.24,1577.87,17119.73,-5840.63,173.04,-2039.97,-5667.6,-7707.57,,,,,,,,,
1451,1791.69,4281.44,4947.95,476.74,277.94,-116.24,-3851.89,-28558.6,1611.35,17171.04,-5794.34,169.66,-1968.59,-5624.68,-7593.26,,,,,,,,,
1461,1766.93,4295.72,5021.84,484.24,282.06,-150.13,-3805.82,-28587,1567.04,17127.66,-5785.47,172.7,-1997.46,-5612.77,-7610.23,,,,,,,,,
1471,1823.06,4209.89,5010.32,485.91,256.63,-131.92,-3815.98,-28449.02,1582.27,17163.42,-5934.91,173.42,-1865.42,-5761.49,-7626.91,,,,,,,,,
1481,1821.22,4272.27,4960.71,478.91,271.84,-130.15,-3752.83,-28641.06,1585.37,17114.14,-5745.4,171.23,-2019.58,-5574.17,-7593.74,,,,,,,,,
1491,1797.02,4310.67,4980.26,491.46,278.89,-134.44,-3816.5,-28579.66,1576.48,17170.82,-5843.83,172.79,-1925.01,-5671.04,-7596.05,,,,,,,,,
1501,1816.37,4322.03,4950.16,489.24,271.66,-137.17,-3778.22,-28596.08,1560.17,17073.52,-5793.19,171.88,-2028.32,-5621.31,-7649.63,,,,,,,,,
1511,1811.77,4243.02,4959.72,476.14,289.11,-132.83,-3798.73,-28639.56,1547.65,17047.87,-5675.03,169.87,-2195.84,-5505.16,-7701.01,,,,,,,,,
1521,1791.22,4249.21,4975.27,472.27,267.03,-147.37,-3774.99,-28640.85,1609.73,17092.91,-5746.52,173.34,-2105.55,-5573.17,-7678.73,,,,,,,,,
1531,1774.16,4262.77,4994.79,468.61,267.97,-126.57,-3813.08,-28655.08,1631.09,17110.99,-5679.47,167.35,-2084.36,-5512.12,-7596.48,,,,,,,,,
1541,1815.5,4182.82,4962.89,483.67,272.79,-112.63,-3805.71,-28660.18,1582.3,17086.52,-5663.33,168.61,-2192.04,-5494.72,-7686.76,,,,,,,,,
1551,1788.61,4185.2,5047.87,471.81,253.33,-142.27,-3812.98,-28596.39,1588.41,17215.96,-5809.54,169.45,-2000.46,-5640.09,-7640.55,,,,,,,,,
1561,1845.31,4176.67,4994.36,461.24,275.26,-142.26,-3858.85,-28599.33,1594.91,17196.77,-5764.12,167.81,-2055.93,-5596.32,-7652.25,,,,,,,,,
1571,1813.78,4248.1,5016.25,475.91,280.79,-121.25,-3856.45,-28464.55,1559.93,17091.84,-5916.38,171.7,-1955.66,-5744.69,-7700.35,,,,,,,,,
1581,1756.92,4245.15,5006.83,471.77,241.4,-127.81,-3798.03,-28635.47,1590.42,17146.9,-5737.48,172.21,-2101.92,-5565.27,-7667.2,,,,,,,,,
1591,1807.73,4222.47,4972.78,465.99,274.49,-137.11,-3843.84,-28557.36,1595.81,17131.78,-5818.17,171.69,-2067.26,-5646.48,-7713.74,,,,,,,,,
1601,1773.6,4249.63,4998.61,463.72,265.72,-131.01,-3823.55,-28730.54,1607.33,17087.23,-5643.91,171.13,-2239.27,-5472.77,-7712.05,,,,,,,,,
1611,1807.03,4258.6,4983.66,480.45,284.67,-131.21,-3851.12,-28471.98,1596.3,17043.46,-5804.97,172.21,-2000.15,-5632.76,-7632.91,,,,,,,,,
1621,1843.91,4179.33,4977.7,474.97,263.85,-147.52,-3802.76,-28571.41,1570.76,17146.33,-5838.51,172.65,-2064.85,-5665.86,-7730.71,,,,,,,,,
1631,1778.39,4192.1,4971.53,486.12,264.5,-133.19,-3832.98,-28657.86,1589.46,17249.6,-5789.93,168.82,-2092.33,-5621.11,-7713.44,,,,,,,,,
1641,1813.02,4273.31,4974.26,479.55,272.72,-122.18,-3870.05,-28524.66,1535.48,17084.03,-5777.49,169.35,-2084.53,-5608.15,-7692.68,,,,,,,,,
1651,1799.96,4242.01,4971.64,466.79,260.1,-105.41,-3803.63,-28673.7,1576.54,17115.48,-5731.41,169.76,-2150.23,-5561.65,-7711.88,,,,,,,,,
1661,1764.89,4196,4992.98,478.8,270.68,-126.97,-3817.67,-28543.35,1580.9,17161.68,-5831.41,171.87,-2042.07,-5659.54,-7701.61,,,,,,,,,
1671,1832.8,4235.05,4966.25,472.36,279.28,-121.06,-3818.05,-28621.97,1569.4,17116.99,-5746.22,170.9,-2088.94,-5575.31,-7664.25,,,,,,,,,
1681,1835.49,4190.72,4926.44,483.25,295.45,-156.25,-3816.74,-28525.14,1599.21,17081.12,-5810.09,173.16,-2086.44,-5636.93,-7723.37,,,,,,,,,
1691,1805.61,4221.32,4990.43,468.16,292.85,-144.21,-3801.84,-28574.37,1572.64,17077.03,-5757.44,170.11,-2092.37,-5587.33,-7679.7,,,,,,,,,
1701,1807.17,4224.44,4982.32,485.43,285.36,-116.22,-3797.04,-28624.94,1579.14,17104.35,-5758.31,171.56,-2069.98,-5586.75,-7656.73,,,,,,,,,
1711,1795.28,4173.99,5000.96,473.48,273.98,-145.92,-3872.05,-28587.62,1570.55,17093.68,-5756.72,169.73,-2223.67,-5587,-7810.67,,,,,,,,,
1721,1892.75,4216.82,4965.76,487.24,287.26,-119.4,-3799.91,-28725,1568.77,17067.01,-5665.64,174.41,-2158.7,-5491.23,-7649.94,,,,,,,,,
1731,1856.48,4255.61,4941.04,492.65,273.72,-136.31,-3880.96,-28626.75,1578.99,17023.56,-5674.71,168.21,-2221.97,-5506.5,-7728.48,,,,,,,,,
1741,1807.73,4272.12,4933.38,469.97,280.03,-129.21,-3843.33,-28692.7,1597.89,17040.33,-5597.8,169.14,-2263.8,-5428.66,-7692.45,,,,,,,,,
1751,1797.41,4182.36,5002.43,480.93,270.44,-113.23,-3839.92,-28762.79,1570.85,17079.07,-5590.46,167.91,-2332.44,-5422.56,-7754.99,,,,,,,,,
1761,1846.13,4214.74,4965.27,479.05,273.58,-129.22,-3814.68,-28695.37,1598.09,17081.65,-5653.84,169.09,-2180.77,-5484.74,-7665.52,,,,,,,,,
1771,1797.04,4240.19,4947.45,465.94,268.94,-131.11,-3814.15,-28498.26,1568.93,17082.64,-5769.54,172.46,-2072.38,-5597.07,-7669.45,,,,,,,,,
1781,1777.21,4203.68,4941.51,489.27,251.68,-118.35,-3855.31,-28533.71,1605.66,17118.35,-5751.52,168.69,-2120.02,-5582.83,-7702.86,,,,,,,,,
1791,1742.34,4194.3,4989.45,461.56,262.93,-146.1,-3859.01,-28414.96,1583.25,17052.93,-5844.95,174.01,-2133.3,-5670.94,-7804.24,,,,,,,,,
1801,1782.34,4248.83,4969.36,475.07,257.34,-145.14,-3826.38,-28710.54,1588.72,17101.58,-5665.83,169.41,-2258.81,-5496.42,-7755.23,,,,,,,,,
1811,1808.74,4214.78,4956.58,475.03,268.15,-150.75,-3820.33,-28479.05,1592.07,17112.1,-5851.48,172.82,-2022.69,-5678.66,-7701.36,,,,,,,,,
1821,1809.5,4259.7,4949.5,470.91,264.51,-122.25,-3833.47,-28640.84,1578.75,17027.97,-5676.66,173.05,-2235.71,-5503.61,-7739.32,,,,,,,,,
1831,1806.01,4308.01,5026.14,468.45,268.3,-160.92,-3814.81,-28687.92,1593.56,17105.83,-5693.69,169.61,-2087.33,-5524.08,-7611.41,,,,,,,,,
1841,1819.09,4238.74,4981.47,463.88,276.78,-125.49,-3834.7,-28595.71,1580.54,17027.75,-5713.85,166.48,-2167.64,-5547.37,-7715.01,,,,,,,,,
1851,1843.52,4208.33,4954.68,471.22,270.23,-103.72,-3843.22,-28785.39,1580.85,17161.8,-5609.35,169.51,-2241.7,-5439.84,-7681.54,,,,,,,,,
1861,1828.6,4283.72,4954.39,468.38,294.47,-115.96,-3829.39,-28710.75,1556.98,16998.48,-5583.05,168.02,-2271.07,-5415.03,-7686.1,,,,,,,,,
1871,1883.03,4236.15,5012.24,469.79,282.51,-126.74,-3830.64,-28741.14,1587.88,17061.62,-5600.29,167.29,-2165.29,-5433,-7598.29,,,,,,,,,
1881,1734.69,4213.66,4907.84,472.83,281.3,-106.92,-3831.91,-28672.87,1592.23,17138.53,-5722.39,171.43,-2270.62,-5550.96,-7821.58,,,,,,,,,
1891,1832,4270.65,4972.94,491.53,263.67,-119.88,-3847.12,-28564.49,1544.48,17028.47,-5774.75,170.78,-2127.74,-5603.97,-7731.71,,,,,,,,,
1901,1775.82,4287.3,4978.91,468.33,282,-122.69,-3802.78,-28622.13,1595.45,17110.97,-5748.27,168.93,-2048.83,-5579.34,-7628.17,,,,,,,,,
1911,1799.22,4208.97,5013.46,462.35,269.76,-150.26,-3793.54,-28587.2,1578.63,17027.6,-5740.12,170.6,-2171.01,-5569.52,-7740.53,,,,,,,,,
1921,1801.51,4225.47,4973.71,474.74,271.84,-130.63,-3871.59,-28636.15,1580.29,17132.61,-5727.76,167.66,-2178.2,-5560.1,-7738.31,,,,,,,,,
1931,1825.45,4198.32,4929.94,479.5,262.49,-98.8,-3815.96,-28579.44,1582.69,17167.94,-5838.52,172.51,-2047.89,-5666.01,-7713.9,,,,,,,,,
1941,1856.18,4086.96,4988.29,468,264.71,-114.49,-3819.11,-28856.68,1580.72,17166.55,-5583.91,170.98,-2378.87,-5412.93,-7791.8,,,,,,,,,
1951,1822.25,4202.08,4971.79,469.1,286.65,-134.88,-3814.75,-28899.46,1590.12,17188.27,-5531.35,165.05,-2318.82,-5366.3,-7685.12,,,,,,,,,
1961,1865.42,4252.82,4956.66,491.57,279.57,-121.59,-3812.86,-28815.53,1584.18,17166.86,-5634.5,171.27,-2152.89,-5463.22,-7616.11,,,,,,,,,
1971,1838.58,4271.28,4951.07,480.82,270.12,-126.64,-3800.92,-28704.65,1557.83,17174.74,-5752.28,173.98,-2087.77,-5578.3,-7666.07,,,,,,,,,
1981,1821.02,4221.27,4985.84,473.05,270.54,-116.36,-3812.9,-28824.58,1572.8,17158.9,-5657.17,170.39,-2250.41,-5486.77,-7737.19,,,,,,,,,
1991,1820.07,4269.69,4967.79,474.22,272.37,-119.74,-3828.18,-28745.96,1581.34,17116.38,-5637.08,172.41,-2192.03,-5464.67,-7656.7,,,,,,,,,
2001,1820.21,4258.24,4995.3,483.52,275.43,-145.15,-3827.94,-28636.39,1578.27,17090.4,-5733.65,174.91,-2108.12,-5558.74,-7666.86,,,,,,,,,
2011,1767.23,4259.85,4991.37,488.32,284.49,-149.74,-3804.92,-28753.14,1601.11,17184.11,-5703.62,174.6,-2131.32,-5529.01,-7660.34,,,,,,,,,
2021,1826.63,4261.73,4904.94,469.8,286.17,-138.97,-3770.57,-28770.23,1561.87,17127.51,-5659.71,172.93,-2241.12,-5486.78,-7727.9,,,,,,,,,
2031,1818.31,4269.44,4923.69,467.32,263.4,-129.56,-3819.31,-28733.39,1604.4,17187.62,-5710.74,175.44,-2148.07,-5535.31,-7683.38,,,,,,,,,
2041,1805.7,4222.94,5001.71,475.32,281.12,-129.9,-3821.45,-28574.49,1576.18,17101.63,-5767.93,173.17,-2061.23,-5594.76,-7655.99,,,,,,,,,
2051,1753.39,4348.59,4982.23,473.36,280.07,-114.22,-3881.62,-28649.94,1571.49,17155.19,-5710.46,169.9,-2081.46,-5540.56,-7622.02,,,,,,,,,
2061,1745.16,4231.28,4941.11,468.83,272.17,-94.79,-3832.58,-28598.66,1585.69,17175.47,-5795.97,170.47,-2106.33,-5625.5,-7731.83,,,,,,,,,
2071,1837.47,4136.03,4937.17,481.55,261.89,-114.18,-3839.62,-28521.69,1599.6,17180.76,-5854.18,172.06,-2041.03,-5682.13,-7723.16,,,,,,,,,
2081,1768.68,4290.01,4972.75,489.15,264.26,-143.72,-3839.59,-28578.75,1566.11,17181.3,-5826.79,171.87,-2029.8,-5654.92,-7684.72,,,,,,,,,
2091,1838.93,4232.69,4945.73,482.39,271.02,-122.56,-3822.4,-28599.63,1546.75,17109.48,-5765.17,174.6,-2117.6,-5590.57,-7708.17,,,,,,,,,
2101,1797.3,4290.8,4951.87,473.92,257.58,-124.84,-3849.18,-28613.93,1591.33,17123.35,-5750.5,171.11,-2101.8,-5579.39,-7681.19,,,,,,,,,
2111,1730.89,4291.13,4939.05,471.18,258.87,-137.64,-3857.71,-28476.05,1600.76,17150.97,-5865.27,171.87,-2028.56,-5693.4,-7721.96,,,,,,,,,
2121,1834.44,4251.66,5007.69,489.18,279.91,-116.96,-3880.17,-28517.98,1588.62,17116.27,-5848.85,169.83,-1947.34,-5679.01,-7626.35,,,,,,,,,
2131,1823.93,4201.93,4981.01,470.95,260.04,-95.94,-3822.03,-28552.51,1608.85,17185.99,-5878.44,169.28,-1937.8,-5709.15,-7646.95,,,,,,,,,
2141,1790.45,4274.92,4954.33,480.78,277.99,-120.81,-3826.46,-28503.9,1560.15,17100.49,-5840.16,173.61,-2012.07,-5666.55,-7678.62,,,,,,,,,
2151,1819.51,4209.97,4913.87,476.44,285.98,-133.94,-3793.04,-28401.43,1573,17037.17,-5917.58,174.74,-2012.5,-5742.84,-7755.34,,,,,,,,,
2161,1712.65,4303.36,4972.99,477.76,249.97,-129.64,-3840.83,-28554.54,1623.71,17196.96,-5846.54,171.49,-1987.6,-5675.05,-7662.65,,,,,,,,,
2171,1779.69,4283.17,4947,483.42,272.83,-119.84,-3862.11,-28565.96,1585.88,17194.91,-5845.37,171.34,-2001.01,-5674.03,-7675.04,,,,,,,,,
2181,1809.55,4215,4958.28,476.62,272.32,-96.87,-3883.13,-28501.06,1608.78,17110.15,-5838.27,167.97,-2030.37,-5670.3,-7700.67,,,,,,,,,
2191,1754.87,4271.24,4956.08,476.85,273.01,-105.26,-3835.12,-28635.51,1608.88,17089.65,-5711.5,168.94,-2145.31,-5542.56,-7687.87,,,,,,,,,
2201,1751.38,4283.41,4931.94,482.17,270.63,-130.84,-3862.02,-28678.78,1564.61,17174.97,-5699.36,167.68,-2212.55,-5531.68,-7744.23,,,,,,,,,
2211,1780.36,4313.74,4951.83,486.86,260.86,-117.35,-3817.3,-28489.12,1566.86,17125.48,-5879.11,172.61,-1937.79,-5706.49,-7644.28,,,,,,,,,
2221,1853.06,4202.05,4908.15,487.16,270.54,-115.13,-3799.7,-28499.29,1591,17103.57,-5897.17,173.29,-1998.6,-5723.87,-7722.47,,,,,,,,,
2231,1774.01,4208.35,4989.87,471.15,265.82,-97.49,-3816.7,-28652.4,1610.07,17180.68,-5817.29,173.07,-2066.62,-5644.22,-7710.84,,,,,,,,,
2241,1824.76,4237.25,4972.65,465.29,256.14,-111.33,-3815.38,-28637.21,1572.51,17111.31,-5738.17,176.5,-2124.01,-5561.67,-7685.68,,,,,,,,,
2251,1816.8,4205.97,4984.24,467.01,267.72,-108.02,-3820.33,-28549.46,1563.8,17042.51,-5827.01,175.02,-2129.77,-5651.99,-7781.76,,,,,,,,,
2261,1772.58,4331.18,5014.06,484.14,271.69,-110.34,-3806.62,-28651.7,1621.49,17118.04,-5783.54,173.97,-1955.47,-5609.57,-7565.03,,,,,,,,,
2271,1777.36,4335.68,4948.78,473.58,291.14,-101.18,-3819.52,-28567.47,1573.92,17160.87,-5860.56,172.32,-1926.84,-5688.25,-7615.09,,,,,,,,,
2281,1781.15,4205.35,4936.29,485.05,263.48,-98.8,-3799.69,-28476.47,1565.71,17149.87,-5926.87,178.83,-1988.07,-5748.04,-7736.11,,,,,,,,,
2291,1841.71,4227.87,4977.51,475.63,280.12,-132.01,-3809.57,-28488.08,1588.64,17114.47,-5843.45,174.4,-1923.72,-5669.04,-7592.76,,,,,,,,,
2301,1759.97,4254.04,4931.65,457.12,275.97,-125.07,-3796.87,-28317.44,1587.89,17066.23,-6016.69,171.39,-1906.49,-5845.3,-7751.8,,,,,,,,,
2311,1803.23,4284,5035.78,471.21,268.18,-125.89,-3830.7,-28428.81,1570.46,17016.03,-5917.86,172.62,-1936.51,-5745.24,-7681.74,,,,,,,,,
2321,1758.15,4169.18,4958.7,470.31,250.23,-137.23,-3817.63,-28403.24,1596.54,17077.74,-5922.05,172.56,-2077.27,-5749.48,-7826.75,,,,,,,,,
2331,1755.37,4305.49,4968.68,470.95,283.04,-140.5,-3831.81,-28283.51,1583.49,16961.6,-5934.67,170.81,-1927.22,-5763.86,-7691.08,,,,,,,,,
2341,1854.65,4263.41,4939.94,476.16,276.51,-128.26,-3843.5,-28436.54,1576.13,17028.2,-5897.41,174.58,-1993.31,-5722.83,-7716.14,,,,,,,,,
2351,1823.63,4215.33,4956.13,476.82,281.75,-114.57,-3802.87,-28407.34,1589.05,17053.61,-5935.81,174.75,-1928.45,-5761.06,-7689.51,,,,,,,,,
2361,1849.44,4244.03,4990.3,485.11,272.28,-104.72,-3842.16,-28476.19,1565.97,17032.83,-5823.66,172.19,-1983.1,-5651.47,-7634.56,,,,,,,,,
2371,1785.09,4288.9,4947.5,482.21,274.05,-125.26,-3883.73,-28612.1,1569.22,17073.58,-5715.61,169.02,-2200.53,-5546.59,-7747.12,,,,,,,,,
2381,1858.52,4213.16,4928.95,482.6,275.07,-118.87,-3863.42,-28554.75,1591.58,17070.5,-5792.64,168.66,-2116.66,-5623.98,-7740.64,,,,,,,,,
2391,1813.08,4190.43,4942.77,479.97,255.97,-99.35,-3840.25,-28776.48,1610.87,17166.09,-5655.37,171.11,-2256.91,-5484.26,-7741.17,,,,,,,,,
2401,1815.61,4232.07,4945.41,481.06,288.88,-124.16,-3850.92,-28696.5,1600.9,17153.88,-5718.37,170.42,-2153.78,-5547.95,-7701.72,,,,,,,,,
2411,1826.26,4260.76,4951.17,464.68,268.65,-102.53,-3864.58,-28604.21,1556.87,17066.76,-5721.33,167.87,-2176.16,-5553.46,-7729.62,,,,,,,,,
2421,1806.61,4217.63,4961.46,481.77,267.04,-114.89,-3818.76,-28599.74,1568.46,17163.02,-5826.85,172.94,-2067.4,-5653.92,-7721.31,,,,,,,,,
2431,1770.11,4264.96,4999.04,473.37,249.32,-129.75,-3842.98,-28690.48,1595.15,17129.7,-5733.76,167.26,-2181.55,-5566.51,-7748.06,,,,,,,,,
2441,1806.2,4260.77,4977.33,483.32,267.94,-122.95,-3832.38,-28685.82,1582.46,17086.23,-5657.18,167.76,-2176.89,-5489.42,-7666.32,,,,,,,,,
2451,1820.8,4199.7,4910.48,483.04,276.09,-122.05,-3830.45,-28664.31,1587.97,17196.05,-5801.41,171.71,-2142.69,-5629.69,-7772.38,,,,,,,,,
2461,1835.75,4195.87,4964.77,483.21,262.54,-143.16,-3810.72,-28657.64,1590.96,17189.2,-5753.18,173.4,-2089.22,-5579.78,-7669,,,,,,,,,
2471,1874.21,4223.54,4964.79,481.34,269.7,-97.23,-3830.16,-28701,1604.54,17157.38,-5730.82,170.03,-2052.9,-5560.79,-7613.69,,,,,,,,,
2481,1751.12,4299.47,4971.79,464.57,280.9,-147.91,-3894.95,-28750.29,1574.2,17118.13,-5650.5,165.41,-2332.98,-5485.09,-7818.07,,,,,,,,,
2491,1846.27,4160.56,4977.27,485.81,281.83,-106.06,-3884.93,-28793.45,1578.5,17248.49,-5711.43,167.72,-2205.7,-5543.71,-7749.41,,,,,,,,,
2501,1810.33,4243.91,4965.05,475.63,274.63,-94.55,-3793.83,-28715.58,1570.61,17064.92,-5689.82,171.02,-2198.88,-5518.8,-7717.68,,,,,,,,,
2511,1779.27,4223.35,4947.53,467.33,272.92,-101.63,-3841.36,-28808.24,1612.3,17243.89,-5687.28,168.73,-2204.64,-5518.56,-7723.2,,,,,,,,,
2521,1763.06,4202.11,4987.81,477.51,266.22,-105.95,-3861.43,-28684.75,1582.37,17118.58,-5691.78,167.51,-2254.47,-5524.27,-7778.74,,,,,,,,,
2531,1802.47,4164.8,4964.82,468.19,272.57,-105.83,-3811.87,-28820.63,1551.83,17209.31,-5652.01,171.57,-2304.36,-5480.44,-7784.8,,,,,,,,,
2541,1849.05,4275.11,4956.44,473.33,259.43,-124.78,-3876.09,-28665.17,1577.53,17132.44,-5719.42,170.5,-2142.72,-5548.92,-7691.64,,,,,,,,,
2551,1790.35,4155.89,4980.23,470.96,264.06,-133.83,-3869.01,-28659.63,1608.34,17218.9,-5793.57,170.09,-2173.75,-5623.48,-7797.23,,,,,,,,,
2561,1862.53,4240.71,4987.25,476.15,281.51,-146.13,-3835.16,-28670.98,1572.22,17250.45,-5830.37,171.34,-1981.45,-5659.03,-7640.48,,,,,,,,,
2571,1809.86,4290.83,4969.73,476.42,255.22,-152.82,-3846.75,-28606.98,1596.38,17134.84,-5758.57,170.93,-2073.27,-5587.64,-7660.91,,,,,,,,,
2581,1779.55,4234.48,4949.13,462.9,270.84,-134.33,-3830.39,-28655.99,1623.69,17147.03,-5754.88,172.09,-2153.09,-5582.79,-7735.88,,,,,,,,,
2591,1798.33,4151.67,4971.41,450.11,257.23,-133.28,-3831.56,-28598.68,1558.31,17205.57,-5826.24,177.82,-2170.89,-5648.43,-7819.32,,,,,,,,,
2601,1810.34,4314.29,4953.14,479.31,262.9,-120.27,-3872.05,-28586.21,1582.46,17056.06,-5705.82,168.52,-2120.03,-5537.3,-7657.32,,,,,,,,,
2611,1812.63,4357.12,4980.99,495.94,274.1,-119.66,-3864.83,-28634.86,1583.17,17146.75,-5765.5,169.14,-1968.66,-5596.36,-7565.02,,,,,,,,,
2621,1831.11,4229.49,4989.15,468.56,278.74,-132.24,-3803.99,-28732.6,1596.68,17120.17,-5694.78,168.69,-2154.93,-5526.09,-7681.02,,,,,,,,,
2631,1773.08,4189.43,4970.68,461.09,254.01,-98.64,-3837.42,-28786.21,1570.19,17252.66,-5692.82,167.58,-2251.12,-5525.24,-7776.36,,,,,,,,,
2641,1837.57,4253.38,4972.5,482.16,286.01,-119.58,-3776.33,-28705.18,1584.02,17134.76,-5795.62,170.66,-2050.7,-5624.96,-7675.66,,,,,,,,,
2651,1782.78,4279.58,5006.03,456.04,262.84,-134.11,-3828.55,-28555.12,1565.5,17129.14,-5870.27,174.68,-2035.88,-5695.59,-7731.47,,,,,,,,,
2661,1803.64,4175.28,4939.22,470.95,269.44,-111.17,-3827.1,-28492.05,1572.59,17191.94,-5956.56,176.09,-2007.26,-5780.47,-7787.72,,,,,,,,,
2671,1763.16,4228.15,4956.46,482.02,274.39,-114.72,-3804.32,-28507,1625.12,17181.97,-5888.96,171.46,-1914.78,-5717.5,-7632.28,,,,,,,,,
2681,1813.61,4280.41,4918.33,471.1,250.89,-121.19,-3780.08,-28616.64,1553.5,17149.39,-5834.98,172.63,-2080.69,-5662.34,-7743.03,,,,,,,,,
2691,1799.56,4184.05,4972.18,470.35,268.56,-146.8,-3852.19,-28449.58,1611.57,17141.94,-5896.82,169.72,-2000.37,-5727.1,-7727.46,,,,,,,,,
2701,1799.41,4242.01,4953.88,473.11,292.96,-108.75,-3829.18,-28519.16,1601.69,17040.15,-5788.67,171.68,-2053.87,-5616.99,-7670.86,,,,,,,,,
2711,1900.08,4273.1,4969.32,489.19,255.44,-152.4,-3874.31,-28619.05,1572.89,17133.04,-5738.37,170.05,-2052.69,-5568.31,-7621.01,,,,,,,,,
2721,1799.28,4172.55,4932.21,464.67,280.7,-104.5,-3852.68,-28579.58,1569.22,17157.72,-5814.47,172.64,-2160.41,-5641.83,-7802.24,,,,,,,,,
2731,1796.53,4278.58,4915.91,484.63,255.84,-110.96,-3835.48,-28488.69,1597.29,17066.42,-5878.49,172.81,-2039.94,-5705.69,-7745.62,,,,,,,,,
2741,1724.85,4199.35,4940.41,470.2,278.5,-85.67,-3796.68,-28596.98,1599.3,17186.62,-5813.18,172.8,-2080.11,-5640.38,-7720.49,,,,,,,,,
2751,1834.55,4280.96,4935.19,485.73,259.32,-76.31,-3854.42,-28389.42,1595.67,17065.72,-5907.38,175.61,-1863.01,-5731.78,-7594.78,,,,,,,,,
2761,1851.86,4159.97,4944.58,461.82,270.19,-106.22,-3797.07,-28517.5,1607.39,17135.12,-5846.84,172.88,-1989.86,-5673.96,-7663.82,,,,,,,,,
2771,1869.99,4250.72,4956.94,490.01,248.66,-140.89,-3837.26,-28598.82,1561.58,17226.53,-5839.14,171.29,-1972.55,-5667.85,-7640.39,,,,,,,,,
2781,1808.25,4279.49,4957.95,478.14,268.57,-137.63,-3849.52,-28358.7,1611.8,17137.17,-6012.81,178.95,-1804.49,-5833.87,-7638.36,,,,,,,,,
2791,1830.05,4215.91,4947.01,488.35,262.54,-104.46,-3807.4,-28499.65,1599.1,17176.05,-5947.68,173.02,-1892.5,-5774.65,-7667.15,,,,,,,,,
2801,1822.53,4268.13,4936.31,486.34,284.97,-110.47,-3837.64,-28436.79,1584.8,17133.67,-5907.57,172.7,-1868.15,-5734.88,-7603.03,,,,,,,,,
2811,1856.35,4272.53,4947.44,475.23,252.92,-108.48,-3766.99,-28617.6,1562.89,17181.27,-5871.34,177.38,-1944.44,-5693.97,-7638.41,,,,,,,,,
2821,1846.84,4267.13,4902.74,488.17,269.6,-117.88,-3825.96,-28485.82,1542.92,17152.44,-5906.36,171.37,-1959.81,-5734.99,-7694.79,,,,,,,,,
2831,1754.89,4209.34,4920.29,472.57,272.19,-121.3,-3801.39,-28513.26,1585.2,17227.14,-5907.48,173.31,-1994.33,-5734.16,-7728.5,,,,,,,,,
2841,1898,4218.37,4970.11,472.8,285.26,-100.45,-3801.67,-28503.71,1550.18,17170.97,-5882.03,173.67,-1840.12,-5708.36,-7548.48,,,,,,,,,
2851,1772.02,4285.83,4955.1,483.27,269.06,-125.95,-3824.36,-28497.56,1546.14,17224.1,-5907.45,173.44,-1912.35,-5734.01,-7646.36,,,,,,,,,
2861,1740.41,4260.2,4933.33,472.98,254.73,-103.9,-3829,-28569.67,1607.72,17168.98,-5822.37,171.93,-2064.23,-5650.44,-7714.67,,,,,,,,,
2871,1760.3,4208.75,4935.69,485.66,269.26,-124.71,-3861.72,-28328.85,1578.26,17210.24,-6072.49,176.11,-1867.1,-5896.38,-7763.48,,,,,,,,,
2881,1795.56,4255,4978.87,496.26,253.87,-111.13,-3824.15,-28488.97,1586.29,17097.22,-5900.38,175.14,-1961.2,-5725.24,-7686.43,,,,,,,,,
2891,1783.82,4176.35,4961.86,482.76,260.2,-120.78,-3801.41,-28734.11,1598.18,17173.78,-5717.3,170.36,-2219.36,-5546.94,-7766.3,,,,,,,,,
2901,1739.92,4202.87,4925.09,469.8,274.02,-121.93,-3818.98,-28688.59,1577.06,17243.13,-5804.34,174.81,-2197.62,-5629.54,-7827.16,,,,,,,,,
2911,1831.4,4258.47,4937.89,491.84,256.12,-134.65,-3843.43,-28509.26,1579.1,17128.79,-5887.49,174.4,-2003.74,-5713.09,-7716.83,,,,,,,,,
2921,1828.55,4237.64,4934.99,506.33,260.63,-146.52,-3784.51,-28543.09,1620.57,17201.27,-5913.71,174.6,-1884.14,-5739.1,-7623.24,,,,,,,,,
2931,1812.37,4139.65,4967.35,488.43,269.14,-135.65,-3811.51,-28380.77,1580.64,17210.02,-6049.97,176.86,-1860.33,-5873.11,-7733.44,,,,,,,,,
2941,1824.23,4235.62,4937,474.21,267.76,-121.26,-3768.84,-28456.37,1598.39,17127.43,-5991.98,176.51,-1881.83,-5815.46,-7697.29,,,,,,,,,
2951,1745.1,4152.57,4939.53,488.63,254.45,-109.1,-3806.66,-28525.36,1588.71,17188.23,-5902.46,176.45,-2083.9,-5726.01,-7809.9,,,,,,,,,
2961,1831.7,4187.65,4905.25,481.36,268.13,-122.18,-3817.31,-28575.34,1593.37,17144.89,-5833.89,173.99,-2102.47,-5659.89,-7762.37,,,,,,,,,
2971,1874.3,4178.33,4926.73,479.17,246.59,-97.96,-3797.36,-28441.05,1566.06,17121.69,-5928,176.46,-1943.5,-5751.54,-7695.04,,,,,,,,,
2981,1781.73,4246.84,4945.88,476.52,274.96,-114.42,-3826.31,-28559.55,1582.44,17205.77,-5857.75,172.3,-1986.15,-5685.45,-7671.6,,,,,,,,,
2991,1797.33,4233.92,4965.52,473.25,260.93,-123.23,-3849.32,-28580.72,1618.95,17048.01,-5764.64,168.73,-2155.35,-5595.91,-7751.26,,,,,,,,,
3001,1849.56,4205.85,4977.24,481.12,279.06,-101.19,-3811.77,-28507.94,1555.98,16944.84,-5803.03,171.33,-2127.25,-5631.7,-7758.95,,,,,,,,,
3011,1833.72,4231.53,4937.53,479.24,262.75,-114.99,-3847.13,-28434.2,1574.99,16999.77,-5844.93,176.85,-2076.79,-5668.08,-7744.87,,,,,,,,,
3021,1776.79,4254.42,4938.62,480.87,263.57,-87.34,-3812.83,-28525.49,1592.03,17085.63,-5813.5,174.3,-2033.73,-5639.2,-7672.93,,,,,,,,,
3031,1858.02,4149.3,4953.06,485,284.24,-136.64,-3829.53,-28450.34,1593.88,17140.8,-5934.54,175.45,-1952.23,-5759.09,-7711.32,,,,,,,,,
3041,1807.68,4202.74,4987.89,470.66,290.98,-143.98,-3794.2,-28546.61,1559.1,17167.11,-5851.98,174.8,-1998.65,-5677.18,-7675.83,,,,,,,,,
3051,1782.88,4194.82,4966.19,477.61,287.2,-140.75,-3749.66,-28611.35,1591.98,17042.55,-5758.83,173.87,-2158.53,-5584.97,-7743.49,,,,,,,,,
3061,1851.61,4262.58,4948.69,480.45,270.79,-125.84,-3796.88,-28542.47,1571.18,17119.37,-5848.28,172.27,-1960.52,-5676.01,-7636.53,,,,,,,,,
3071,1775.67,4362.47,4977.34,501.89,278.24,-117.67,-3797.9,-28691.09,1591.59,17101.6,-5761.83,174.46,-2017.87,-5587.37,-7605.24,,,,,,,,,
3081,1811.46,4246.33,4951.34,474.66,254.6,-134.01,-3796.21,-28674.8,1587.26,17219.67,-5771.11,173.71,-2059.7,-5597.4,-7657.09,,,,,,,,,
3091,1769.79,4291.94,4947.88,469.64,269.03,-106.51,-3824.64,-28699.43,1568.51,17131.12,-5700.34,169.09,-2182.68,-5531.26,-7713.94,,,,,,,,,
3101,1851.58,4232.65,4980.49,488.05,266.81,-135.36,-3801.42,-28635.44,1572.55,17092.52,-5775.8,175.83,-2087.57,-5599.97,-7687.54,,,,,,,,,
3111,1833.67,4261.46,4943.06,473.54,274.85,-146.68,-3793.59,-28628.67,1577.96,17146.97,-5805.39,175.82,-2057.42,-5629.58,-7687,,,,,,,,,
3121,1743.57,4207.22,4948.5,469.58,278.01,-156,-3721.76,-28627.42,1614.1,17126.24,-5807.14,174.72,-2117.96,-5632.42,-7750.38,,,,,,,,,
3131,1795.71,4171.27,4973.57,463.02,273.95,-149.99,-3765.39,-28566.81,1588.02,17121.43,-5851.08,178.17,-2095.23,-5672.91,-7768.14,,,,,,,,,
3141,1796.54,4289.62,4978.67,479.01,261.88,-98.78,-3812.23,-28637.52,1582.93,17081.62,-5774.8,179.07,-2078.26,-5595.73,-7673.99,,,,,,,,,
3151,1776.88,4204.86,4959.4,482.4,272.61,-125.41,-3807.65,-28657.19,1554.11,17177.22,-5781.24,175.89,-2162.77,-5605.35,-7768.12,,,,,,,,,
3161,1827.82,4211.68,4957.91,489.93,278.15,-125.02,-3823.54,-28561.4,1605.2,17097.28,-5790.99,174.68,-2042,-5616.31,-7658.31,,,,,,,,,
3171,1798.5,4268.07,4923.41,480.49,282.73,-148.85,-3770.75,-28642.43,1553.02,17143.77,-5772.85,175.39,-2112.03,-5597.46,-7709.49,,,,,,,,,
3181,1788.75,4231.78,4977.53,470.26,270.59,-135.38,-3739.29,-28723,1575.49,17074.78,-5672.01,171.58,-2208.5,-5500.43,-7708.93,,,,,,,,,
3191,1822.68,4250.39,4963.53,486.87,271.56,-133.81,-3804.28,-28504.13,1565.5,17130.21,-5907.57,178.47,-1951.48,-5729.1,-7680.58,,,,,,,,,
3201,1799.34,4227.08,4979.95,481.42,282.16,-132.75,-3761.21,-28744.14,1601.06,17147.89,-5719.1,173.8,-2119.19,-5545.3,-7664.49,,,,,,,,,
3211,1786.46,4213.49,5002.84,468.17,264.25,-137.93,-3774.04,-28490.92,1595.52,17070.96,-5891.43,177.18,-2001.2,-5714.25,-7715.46,,,,,,,,,
3221,1795.03,4185.75,4964.03,472,276.82,-149.74,-3755.58,-28644.74,1562.87,17130.98,-5727.43,175,-2162.56,-5552.43,-7715,,,,,,,,,
3231,1770.53,4251.26,5011.76,464.13,287.94,-131.51,-3767.57,-28708.12,1586.96,17135.71,-5712.95,171.29,-2098.9,-5541.66,-7640.56,,,,,,,,,
3241,1832.5,4218.42,4964.11,489.14,260.68,-119.32,-3782.71,-28499.47,1608.63,17031.63,-5831.83,174.83,-1996.37,-5657,-7653.36,,,,,,,,,
3251,1809.28,4250.63,4964.7,480.52,269.99,-132.41,-3846.24,-28596.84,1573.55,17193.84,-5791.77,171.07,-2032.98,-5620.71,-7653.69,,,,,,,,,
3261,1752.66,4230.86,4950.13,470.8,276.86,-119.14,-3781.92,-28667.85,1626.98,17156.74,-5767.45,172.14,-2103.88,-5595.31,-7699.19,,,,,,,,,
3271,1747.9,4237.86,4974.9,485.69,263.41,-134.47,-3812.79,-28547.54,1579.98,17085.69,-5834.38,176.73,-2119.37,-5657.65,-7777.02,,,,,,,,,
3281,1832.87,4204.21,4936.73,479.47,273.49,-131.18,-3800.14,-28542.91,1561.05,17092.49,-5836.39,177.58,-2093.92,-5658.81,-7752.73,,,,,,,,,
3291,1850.43,4347.62,4902.59,494.07,267.45,-115.38,-3808.49,-28453.41,1557.25,16994.34,-5866.34,172.85,-1963.54,-5693.49,-7657.02,,,,,,,,,
3301,1833.13,4245.55,4941.43,483.92,267.86,-94.36,-3790.75,-28604.53,1555.89,17065.7,-5781.96,172.63,-2096.15,-5609.33,-7705.47,,,,,,,,,
3311,1748.91,4335.45,4955.39,491.84,281.76,-113.05,-3788.15,-28729.84,1600.6,17101.4,-5673.06,172.16,-2115.7,-5500.9,-7616.6,,,,,,,,,
3321,1742.72,4318.01,4935.43,467.1,290.62,-115.68,-3781.22,-28662.03,1607.6,17093.62,-5758.64,172.11,-2103.85,-5586.53,-7690.38,,,,,,,,,
3331,1780.81,4261.17,4948.91,473.01,263.71,-105.37,-3794.38,-28508.13,1569.34,17074.69,-5827.44,178,-2036.25,-5649.43,-7685.68,,,,,,,,,
3341,1817.3,4325.06,4966.36,483.23,269.18,-127.84,-3772.99,-28396.75,1572.57,17050.13,-5910.83,178.3,-1813.75,-5732.53,-7546.28,,,,,,,,,
3351,1861.08,4243.43,4927.89,455.71,272.56,-124.55,-3809.55,-28490.33,1548.68,17132.09,-5916.68,173.59,-1982.99,-5743.09,-7726.08,,,,,,,,,
3361,1823.76,4221.46,4910.8,482.3,261.1,-131.91,-3793.05,-28561.03,1588.38,17053.72,-5801.88,176.09,-2144.48,-5625.79,-7770.27,,,,,,,,,
3371,1782.31,4237.82,4990.93,478.22,276.83,-125.61,-3733.94,-28610.2,1577.67,17133.06,-5793.88,178.32,-1992.91,-5615.56,-7608.48,,,,,,,,,
3381,1809.88,4203.64,4903.09,478.11,250.1,-122.69,-3765.08,-28540.24,1606.97,17056.69,-5827.11,175.88,-2119.53,-5651.23,-7770.76,,,,,,,,,
3391,1824.64,4217.87,4980.5,473.25,263.81,-93.25,-3799.13,-28613.63,1587.25,17148.28,-5822.22,172.07,-2010.4,-5650.15,-7660.55,,,,,,,,,
3401,1829.75,4228.95,4946.31,471.59,268.15,-118.2,-3777.58,-28257.31,1581.62,17067.02,-6057.89,178.33,-1759.7,-5879.55,-7639.25,,,,,,,,,
3411,1808.3,4323.64,4934.04,486.36,272.73,-115.86,-3840.93,-28305.65,1559.3,17082.99,-5988.15,175.7,-1795.09,-5812.45,-7607.54,,,,,,,,,
3421,1738.18,4155.03,4957.25,473.02,262.34,-122.37,-3780.95,-28528.61,1603.94,17103.57,-5832.1,177.44,-2138.61,-5654.66,-7793.27,,,,,,,,,
3431,1735.86,4208.97,5013.29,467.73,279.68,-112.79,-3818.39,-28601.8,1606.88,17151.96,-5754.49,170,-2068.62,-5584.49,-7653.11,,,,,,,,,
3441,1782.72,4212.18,4989.2,460.92,249.62,-150.93,-3814.27,-28571.93,1615.31,17068.57,-5781.52,170.83,-2158.59,-5610.69,-7769.27,,,,,,,,,
3451,1797.17,4219.37,4930.49,487.72,256.2,-115.24,-3821.66,-28619.66,1585.44,17136.94,-5811.02,169.9,-2143.23,-5641.12,-7784.35,,,,,,,,,
3461,1770.72,4269.59,4948.97,480.34,270.86,-123.61,-3815.16,-28580.97,1603.36,17086.5,-5821.77,170.46,-2089.41,-5651.31,-7740.72,,,,,,,,,
3471,1848.45,4262.17,4910.56,468.31,277.06,-85.26,-3841.63,-28510.23,1548.36,16984.72,-5772.8,173.28,-2137.48,-5599.51,-7736.99,,,,,,,,,
3481,1829.97,4275.47,4920.98,490.76,275.14,-121.24,-3788.35,-28828.42,1582.03,17089.22,-5556.27,167.27,-2274.44,-5389.01,-7663.45,,,,,,,,,
3491,1822.07,4276.46,4915.44,471.8,268.81,-117.88,-3811.83,-28651.53,1591.05,17089.14,-5692.09,170.51,-2146.46,-5521.58,-7668.04,,,,,,,,,
3501,1772.33,4271.39,4957.13,485.31,269.27,-110.63,-3835.5,-28596.71,1592.73,17049.89,-5714.86,172.04,-2144.77,-5542.82,-7687.59,,,,,,,,,
3511,1770.94,4265.98,4976.7,490.69,284.19,-98.51,-3850.37,-28642.62,1589.94,17072.72,-5711.1,169.94,-2140.36,-5541.16,-7681.52,,,,,,,,,
3521,1775.47,4217.33,4965.12,482.94,275.73,-120.56,-3845.94,-28765.66,1608.64,17162.94,-5656.24,168.64,-2243.99,-5487.6,-7731.59,,,,,,,,,
3531,1790.24,4235.03,4901.55,490.25,264.61,-86.78,-3825.33,-28801.48,1574.94,17241.53,-5679.86,171.99,-2215.43,-5507.87,-7723.3,,,,,,,,,
3541,1813.64,4220.72,4982.09,474.54,261.37,-123.98,-3798.26,-28817.67,1605.17,17197.07,-5622.86,170.77,-2185.31,-5452.1,-7637.4,,,,,,,,,
3551,1796.78,4203.08,4991.41,474.5,292.14,-129.32,-3809.52,-28826.27,1575.31,17079.83,-5559.03,169.36,-2352.07,-5389.67,-7741.75,,,,,,,,,
3561,1829.19,4191.02,4976.62,480.74,272.47,-138.03,-3794.76,-28885.12,1572.51,17087.01,-5491.5,168.21,-2408.36,-5323.29,-7731.65,,,,,,,,,
3571,1796.78,4202.63,4924.28,483.21,275.3,-112.8,-3788.75,-28850.15,1585.92,17088.97,-5517.22,168.87,-2394.6,-5348.35,-7742.95,,,,,,,,,
3581,1801.75,4240.96,4932.79,486.15,262.75,-139,-3764.33,-28826.2,1603.68,17162.68,-5664.52,173.58,-2238.77,-5490.94,-7729.72,,,,,,,,,
3591,1863.13,4204.03,4962.38,478.25,270.94,-126.39,-3796.15,-28696.06,1581.82,17132.66,-5676.94,170.89,-2125.39,-5506.05,-7631.44,,,,,,,,,
3601,1790.5,4217.18,5011.11,473.78,263.26,-129.58,-3814.03,-28754.98,1586.46,17165.04,-5720.01,171.77,-2191.25,-5548.25,-7739.5,,,,,,,,,
3611,1778.27,4288.3,4923.38,471.4,271.94,-117,-3738.34,-28737.95,1599.5,17142,-5731.95,173.58,-2118.51,-5558.37,-7676.88,,,,,,,,,
3621,1802.96,4288.23,4966.11,490.52,270.14,-139.18,-3827.71,-28701.88,1618.07,17106.45,-5715.74,173.05,-2126.29,-5542.69,-7668.97,,,,,,,,,
3631,1823.58,4269.93,4967.85,476.6,276.47,-118.78,-3804.28,-28904.46,1588.81,17043.85,-5502.54,168.48,-2380.43,-5334.06,-7714.49,,,,,,,,,
3641,1831.66,4331.53,4957.88,485.96,290.77,-107.67,-3835.23,-28811.75,1576.91,17018.56,-5550.05,170.15,-2261.38,-5379.9,-7641.28,,,,,,,,,
3651,1761.54,4193.5,4922.17,487.57,254.38,-113.06,-3784.15,-28978.01,1594.5,17180.21,-5509.81,171.06,-2481.36,-5338.76,-7820.12,,,,,,,,,
3661,1745.88,4192.33,4936.07,472.71,259.77,-126.94,-3775.39,-28810.06,1617.92,17198.06,-5696.75,176.32,-2289.65,-5520.44,-7810.09,,,,,,,,,
3671,1842.78,4218.93,4951.55,487.8,267.37,-136.88,-3841.33,-28963.33,1597.63,17103.48,-5463.33,171.11,-2472,-5292.22,-7764.22,,,,,,,,,
3681,1845.74,4329.3,4968.05,489.86,280.73,-118.06,-3827.88,-28783.82,1548.68,16993.32,-5537.24,172.38,-2274.09,-5364.86,-7638.95,,,,,,,,,
3691,1834.37,4229.06,4920.5,475.01,268.17,-111.82,-3818.19,-28958.48,1585.21,17147.3,-5490.34,171.12,-2428.87,-5319.22,-7748.09,,,,,,,,,
3701,1837.64,4282.46,4909.73,478.14,280.48,-101.56,-3782.37,-28757.81,1554.53,16963.68,-5594.97,173.45,-2335.07,-5421.52,-7756.58,,,,,,,,,
3711,1813.15,4347.35,4944.36,477.32,272.07,-136.98,-3756.94,-28801.09,1583.25,17091.31,-5628.2,171.69,-2166.2,-5456.51,-7622.71,,,,,,,,,
3721,1793.97,4190.08,4976.45,475.27,255.51,-106.97,-3849.15,-28663.97,1620.34,17041.13,-5661.3,166.6,-2267.35,-5494.71,-7762.05,,,,,,,,,
3731,1755.32,4250.14,4955.75,480.16,257.12,-112.24,-3829.79,-28687.51,1579.45,17089.33,-5667.83,172.88,-2262.27,-5494.95,-7757.23,,,,,,,,,
3741,1776.25,4280.64,4887.56,486.91,272.07,-119.51,-3784.48,-28675.59,1580.3,16987.98,-5661.71,169.4,-2307.87,-5492.31,-7800.18,,,,,,,,,
3751,1804.06,4212.01,4983.88,475.33,269.99,-138.27,-3842.73,-28679.63,1611.43,17061.94,-5659.95,170.02,-2241.99,-5489.93,-7731.92,,,,,,,,,
3761,1883.26,4278.14,4989.04,453.94,265.78,-134.65,-3838.08,-28655.49,1549.22,16999.44,-5665.27,169.96,-2209.4,-5495.3,-7704.7,,,,,,,,,
3771,1793.48,4245.13,4969.97,469.72,253.17,-141.45,-3788.62,-28848.3,1583.6,17104.6,-5585.3,171.86,-2358.69,-5413.44,-7772.13,,,,,,,,,
3781,1808.34,4274.42,4946.85,455.52,277.34,-104.47,-3848.93,-28894.4,1547.65,17203.24,-5604.5,170.92,-2334.43,-5433.58,-7768.02,,,,,,,,,
3791,1890.44,4264,4977.2,480.41,258.72,-154.1,-3796.59,-28742.68,1546.42,17071.66,-5673.14,176.58,-2204.52,-5496.57,-7701.08,,,,,,,,,
3801,1814.8,4221.65,4977.53,465.7,263.69,-135.59,-3846.86,-28776.07,1581.2,17066.9,-5608.17,169.64,-2367.05,-5438.53,-7805.58,,,,,,,,,
3811,1765.93,4305.71,4948.96,473.48,287.68,-97.7,-3815.71,-28657.54,1582.43,17078.79,-5712.71,171.96,-2127.98,-5540.75,-7668.73,,,,,,,,,
3821,1823.36,4249.1,4973.95,472.22,266.36,-140.66,-3774.96,-28766.89,1593.61,17120.34,-5648.82,174.59,-2183.57,-5474.23,-7657.8,,,,,,,,,
3831,1906.34,4338.27,4933.94,482.64,263.64,-144.2,-3799.89,-28670.32,1584.09,17033.16,-5747.04,173.86,-2072.34,-5573.18,-7645.52,,,,,,,,,
3841,1804.3,4293.01,4943.56,478.25,273.85,-128.32,-3803.82,-28610.24,1591.65,17020.1,-5735.58,175.03,-2137.66,-5560.54,-7698.2,,,,,,,,,
3851,1743.15,4374.01,4986.48,478.02,298.52,-140.03,-3766.71,-28735.37,1601.28,17105.82,-5673.57,171.96,-2054.83,-5501.61,-7556.43,,,,,,,,,
3861,1824.4,4292.03,4984.25,468.78,274.77,-139.14,-3787.42,-28611.35,1582.7,17054.02,-5759.75,174.88,-2056.96,-5584.88,-7641.84,,,,,,,,,
3871,1881.13,4204,5006.8,490.51,266.38,-148.26,-3796.99,-28467.41,1572.73,17046.94,-5855.52,177.2,-1944.18,-5678.32,-7622.5,,,,,,,,,
3881,1902.26,4228.93,4978.39,491.18,282.39,-123.49,-3748.78,-28686.4,1546.12,17078.27,-5681.93,171.68,-2051.13,-5510.25,-7561.38,,,,,,,,,
3891,1774.75,4286.5,4946.15,490.28,265.42,-117.94,-3825.69,-28683.12,1595.95,17090.35,-5677.71,172.93,-2177.35,-5504.78,-7682.13,,,,,,,,,
3901,1804.21,4146.54,4981.33,478.18,275.99,-141.31,-3804.7,-28692.7,1589.74,17131.62,-5714.12,173.29,-2231.11,-5540.84,-7771.94,,,,,,,,,
3911,1930.2,4228.83,4996.02,484.78,275.29,-126.13,-3801.27,-28523.56,1582.51,16969.82,-5767.01,174.51,-1983.51,-5592.5,-7576.01,,,,,,,,,
3921,1846.88,4223.1,4931.35,474.05,286.01,-149.27,-3805.62,-28483.41,1571.44,17057.33,-5833.25,172.23,-2048.13,-5661.02,-7709.15,,,,,,,,,
3931,1755.52,4294.83,4974.12,462.78,263.57,-146.72,-3791.43,-28570.45,1568.62,17026.01,-5794.73,173,-2163.15,-5621.74,-7784.89,,,,,,,,,
3941,1833.58,4250.24,4937.1,487.78,266.93,-134.48,-3807.19,-28456.09,1554.77,17086.14,-5878.06,176.3,-1981.22,-5701.76,-7682.98,,,,,,,,,
3951,1877.13,4139.81,4955.53,486.11,273.12,-140.26,-3795.62,-28574.96,1583.18,17151.4,-5837.55,172.3,-2044.57,-5665.26,-7709.82,,,,,,,,,
3961,1827.27,4221.66,4956.32,490.64,269.85,-104.04,-3809.74,-28591.48,1600.07,17010.15,-5743.37,173,-2129.31,-5570.37,-7699.68,,,,,,,,,
3971,1799.15,4290.82,4970.66,483.41,272.29,-114.15,-3811.91,-28629.15,1595.93,17158.1,-5765.55,172.43,-1984.85,-5593.12,-7577.97,,,,,,,,,
3981,1787.78,4226.08,4940.66,482.36,263.43,-131.85,-3832.51,-28579.58,1564.27,17154.36,-5800.12,173.8,-2125.01,-5626.32,-7751.33,,,,,,,,,
3991,1834.98,4308.15,4988.68,492.43,282.78,-115.04,-3845.18,-28693.87,1544.37,17116.92,-5704.16,169.62,-2085.78,-5534.54,-7620.32,,,,,,,,,
4001,1740.4,4185.96,4932.64,462.03,280.07,-115.08,-3844.66,-28614.19,1604.71,17311.1,-5866.68,171.74,-2057.02,-5694.94,-7751.96,,,,,,,,,
4011,1806.37,4216.8,4962.02,465.09,291.38,-126.05,-3803.25,-28465.17,1563.12,17100.95,-5861.57,172.57,-1988.74,-5689,-7677.74,,,,,,,,,
4021,1834.25,4135.75,4902.98,473.16,273.48,-119.81,-3805.84,-28517.5,1595.3,17046.89,-5836.2,172.95,-2181.34,-5663.24,-7844.58,,,,,,,,,
4031,1806.16,4279.21,4998.3,476.13,276.22,-159.76,-3771.04,-28660.59,1577.28,17210.7,-5765.59,172.64,-1967.39,-5592.94,-7560.33,,,,,,,,,
4041,1746.77,4259.82,4961.47,491.8,286.31,-119.03,-3820.38,-28646.5,1605.66,17126.29,-5802.54,175.29,-2107.78,-5627.25,-7735.03,,,,,,,,,
4051,1790.28,4221.03,4959.59,475.07,283.85,-138.78,-3849.52,-28630.19,1610.57,17202.16,-5809.52,172.89,-2075.92,-5636.63,-7712.55,,,,,,,,,
4061,1840,4127.36,4947.87,465.42,257.93,-124.25,-3822.71,-28602.99,1575.55,17134.58,-5779.76,172.52,-2201.23,-5607.24,-7808.47,,,,,,,,,
4071,1788.06,4249.56,4981.21,489.94,289.86,-136.58,-3795.91,-28709.12,1601.99,17065.64,-5683.13,174.49,-2175.36,-5508.64,-7684,,,,,,,,,
4081,1813.65,4260.64,4909.46,469.34,265.16,-111.9,-3784.61,-28537.34,1557.48,17062.92,-5850.41,173.46,-2095.21,-5676.95,-7772.16,,,,,,,,,
4091,1814.28,4223.15,4954.97,472.81,264.3,-125.53,-3744.02,-28693.13,1567.25,17113.31,-5776.67,173.97,-2152.61,-5602.7,-7755.31,,,,,,,,,
4101,1825.57,4284.01,4958.75,480.21,276.08,-129.79,-3835.37,-28578.34,1570.1,17023.4,-5802.04,168.94,-2125.38,-5633.09,-7758.48,,,,,,,,,
4111,1778.85,4219.99,4973.88,482.06,266.91,-121.07,-3837.67,-28452.43,1596.26,17012.4,-5895.73,171.52,-2080.83,-5724.21,-7805.04,,,,,,,,,
4121,1792.34,4262.13,4964.64,476.71,295.65,-115.33,-3812.52,-28789.89,1559.72,17179.62,-5694.94,170.55,-2186.92,-5524.39,-7711.31,,,,,,,,,
4131,1800.25,4284.94,4999.75,459.61,291.77,-148.99,-3834.18,-28849.63,1584.45,17199.05,-5638.83,169.53,-2212.98,-5469.29,-7682.28,,,,,,,,,
4141,1755.39,4279.78,4978.84,479.64,252,-125.64,-3783.14,-28728.68,1594.95,17216.12,-5777.18,173.06,-2080.73,-5604.13,-7684.86,,,,,,,,,
4151,1783.17,4190.23,4925.45,488.13,244.31,-113.11,-3817.5,-28646.4,1577.23,17175.25,-5791.41,173.88,-2193.25,-5617.53,-7810.77,,,,,,,,,
4161,1824.11,4271.97,4932.44,487.94,269.29,-91.97,-3800.78,-28658.64,1593.57,17088.45,-5771.18,175.19,-2083.62,-5595.99,-7679.6,,,,,,,,,
4171,1873.63,4292.52,4939.69,470.6,267.94,-105.47,-3797.56,-28608.84,1592.76,17027.65,-5750.73,174.67,-2047.07,-5576.06,-7623.13,,,,,,,,,
4181,1887.83,4189.7,4958.6,483.24,261.27,-134.38,-3774.18,-28603.1,1592,17147.8,-5817.21,175.74,-1991.21,-5641.47,-7632.68,,,,,,,,,
4191,1764.06,4240.26,4912.81,482.56,252.88,-128.13,-3733.44,-28749.03,1585.63,17180.4,-5761.25,176.45,-2191.99,-5584.8,-7776.79,,,,,,,,,
4201,1769.48,4291.7,4946.18,477.29,276.67,-162.15,-3845.77,-28500.38,1585.58,17024.53,-5834.24,174.86,-2136.87,-5659.38,-7796.25,,,,,,,,,
4211,1798.01,4231.25,4967.04,470.81,259.53,-114.48,-3818.29,-28560.3,1587.45,17127.33,-5815.28,175.97,-2051.65,-5639.31,-7690.96,,,,,,,,,
4221,1803.77,4189.49,4956.82,475.97,266.91,-146.37,-3779,-28625.99,1573.44,17145.94,-5760.47,176.79,-2139.01,-5583.69,-7722.7,,,,,,,,,
4231,1787.64,4191.99,4954.99,479.82,283.06,-147.24,-3844.76,-28763.23,1599.14,17241.07,-5714.2,172.57,-2217.53,-5541.63,-7759.15,,,,,,,,,
4241,1776.43,4256.7,4948.12,478.97,256.46,-118.52,-3772.35,-28705.11,1578.54,17149.59,-5782.65,175.37,-2151.17,-5607.28,-7758.45,,,,,,,,,
4251,1798.72,4156.41,4998.28,471.16,273.09,-129.24,-3787.07,-28877.5,1629,17212.87,-5629.55,174.5,-2254.27,-5455.04,-7709.32,,,,,,,,,
4261,1690.12,4091.55,4980.03,467.54,270.88,-121.47,-3766.03,-28751.23,1623.93,17202.99,-5696.65,169.09,-2311.68,-5527.57,-7839.25,,,,,,,,,
4271,1824.37,4190.68,5006.43,473.54,258.18,-133.49,-3830.28,-28774.6,1598.48,17133.67,-5662.54,173.07,-2253.02,-5489.47,-7742.49,,,,,,,,,
4281,1792.01,4189.37,4950.56,473.87,272.4,-111.41,-3758.67,-28662.61,1643.42,17061.91,-5728.22,176.51,-2149.15,-5551.72,-7700.86,,,,,,,,,
4291,1774.51,4191.24,4994.3,459.85,250.33,-141.71,-3823.25,-28539.29,1616.79,17138.37,-5859.32,171.93,-2078.87,-5687.39,-7766.26,,,,,,,,,
4301,1792.48,4285.55,4997.54,485.65,284.43,-117.6,-3810.11,-28484.12,1575.47,17190.9,-5934.53,173.71,-1799.81,-5760.82,-7560.63,,,,,,,,,
4311,1862.35,4254.92,4949.96,486.13,282.21,-165.75,-3746.99,-28667.93,1588.29,17131.63,-5786.58,175.62,-2025.17,-5610.96,-7636.13,,,,,,,,,
4321,1809.26,4286.28,4958.94,474.92,281.28,-150.91,-3818.44,-28606.67,1544.35,17117.05,-5784.81,175.01,-2103.95,-5609.8,-7713.75,,,,,,,,,
4331,1840.06,4258.98,4945.38,497.86,256.54,-133.62,-3821.74,-28779.14,1574.95,17174.02,-5689.73,173.79,-2186.72,-5515.94,-7702.66,,,,,,,,,
4341,1737.82,4273.57,4963.19,471.03,271.99,-155.31,-3767.14,-28561.35,1621.6,17100.11,-5783.74,171.97,-2044.5,-5611.78,-7656.28,,,,,,,,,
4351,1775.29,4170.95,4936.06,466.58,288.59,-143.26,-3810.39,-28488.29,1622.31,17180.52,-5922.02,173.14,-2001.64,-5748.88,-7750.52,,,,,,,,,
4361,1770,4258.4,4895.02,479.73,270.46,-127.78,-3816.47,-28640.15,1572.81,17201.46,-5810.63,175.63,-2136.52,-5634.99,-7771.52,,,,,,,,,
4371,1804.01,4294.27,4916.89,484.16,287.39,-124.24,-3797.62,-28588.19,1543.94,17092.62,-5814.66,175.41,-2086.78,-5639.25,-7726.03,,,,,,,,,
4381,1786.64,4274.41,4930.45,473.58,276.82,-132.06,-3816.98,-28554.63,1619.45,17046.21,-5782.58,175.78,-2096.11,-5606.8,-7702.91,,,,,,,,,
4391,1805.38,4116.84,4953.63,485.88,284.06,-116.52,-3806.35,-28670.51,1611.11,17195.37,-5767.27,168.66,-2141.12,-5598.61,-7739.74,,,,,,,,,
4401,1837.65,4237.1,4929.37,482.82,246.93,-140.46,-3761.17,-28531.36,1577.08,17072.19,-5837.15,173.32,-2049.85,-5663.82,-7713.67,,,,,,,,,
4411,1837.1,4228.3,4971.27,475.76,263.32,-130.2,-3803.58,-28632.97,1572.85,17069.02,-5764.28,177.17,-2149.12,-5587.11,-7736.23,,,,,,,,,
4421,1809.89,4229.2,4976.2,480.29,277.56,-92.95,-3799.26,-28651.14,1583.91,17121.54,-5757.23,177.65,-2064.77,-5579.58,-7644.35,,,,,,,,,
4431,1830.56,4245.19,4948.31,475.62,265.34,-110.05,-3749.73,-28714.12,1580.82,17039.55,-5660.03,177.34,-2188.51,-5482.69,-7671.2,,,,,,,,,
4441,1781.43,4188.08,4947.8,468.18,271.19,-140.41,-3802.01,-28683.42,1607.25,17158.85,-5689.81,171.26,-2203.07,-5518.56,-7721.62,,,,,,,,,
4451,1827.82,4316.66,4933.68,488.71,271.97,-127.4,-3795.63,-28559.75,1575.2,17086.53,-5799.69,175.85,-1982.22,-5623.84,-7606.06,,,,,,,,,
4461,1815.68,4262.25,5022.56,493.44,284.14,-145.54,-3819.55,-28732.89,1606.56,17113.6,-5694.45,178.39,-2099.76,-5516.06,-7615.82,,,,,,,,,
4471,1839.28,4272.36,4922.64,470.01,289.7,-103.86,-3778.08,-28543.11,1582.94,17132.63,-5844.87,180.06,-1915.51,-5664.81,-7580.32,,,,,,,,,
4481,1770,4265.92,4991.26,462.32,289.3,-150.97,-3763.23,-28653.35,1552.53,17081.41,-5724.38,178.54,-2154.8,-5545.84,-7700.63,,,,,,,,,
4491,1811.22,4282.16,4957.2,481.49,257.14,-135.5,-3721.49,-28856.56,1583.83,17121.79,-5641.7,179.38,-2218.71,-5462.32,-7681.03,,,,,,,,,
4501,1749.57,4244.92,4931.25,474.46,254.73,-99.92,-3810.4,-28670.83,1611.49,17193,-5732.25,175.48,-2121.72,-5556.77,-7678.49,,,,,,,,,
4511,1766.47,4161.29,4895.2,465.57,253.99,-130.18,-3748.99,-28716.9,1605.06,17173.68,-5746.96,174.42,-2274.8,-5572.55,-7847.35,,,,,,,,,
4521,1774.21,4169.78,4969.32,479.74,287.49,-129.75,-3774.47,-28682.86,1587.95,17109.97,-5733.02,172.81,-2208.62,-5560.22,-7768.84,,,,,,,,,
4531,1761.46,4205.56,4939.63,468.55,258.96,-124.12,-3789.17,-28720.44,1586.16,17150.17,-5694.33,174.89,-2263.23,-5519.43,-7782.67,,,,,,,,,
4541,1772.75,4285.44,4949.01,475.88,267.76,-129.08,-3781.46,-28603.49,1572.93,17062.7,-5770.32,177.4,-2127.57,-5592.92,-7720.48,,,,,,,,,
4551,1814.53,4203.67,4937.58,459.18,259.61,-136.65,-3842.54,-28606.88,1574.48,17106.76,-5758.09,172.71,-2230.25,-5585.38,-7815.63,,,,,,,,,
4561,1769.04,4205.73,4939.18,483.52,290.15,-114.6,-3799.97,-28864.95,1578.07,17236.95,-5638.77,173.19,-2276.87,-5465.58,-7742.45,,,,,,,,,
4571,1829.99,4262.05,4940.08,480.66,290.52,-122.19,-3759.18,-28702.41,1557.62,17064.04,-5712.89,175.42,-2158.83,-5537.47,-7696.29,,,,,,,,,
4581,1808.68,4248.79,4957.18,464.13,273.26,-110.25,-3774.33,-28855.17,1588.25,17194.35,-5638.41,172.32,-2205.12,-5466.09,-7671.21,,,,,,,,,
4591,1820.78,4258.31,4987.65,465.35,263.39,-131.8,-3790.57,-28736.78,1551.75,17207.6,-5716.95,176.39,-2104.32,-5540.56,-7644.88,,,,,,,,,
4601,1840.23,4292.95,4932.08,488.09,247.28,-130.28,-3759.66,-28648.63,1566.29,17074.54,-5723.59,174.67,-2097.12,-5548.92,-7646.04,,,,,,,,,
4611,1838.46,4227.85,4992.39,476.55,262.03,-135.02,-3852.07,-28740.79,1589.15,17136.04,-5657.31,172.71,-2205.42,-5484.6,-7690.03,,,,,,,,,
4621,1790.36,4280.98,4943.57,474.36,270.09,-135.7,-3809.74,-28663.61,1572.41,17157.35,-5784.2,175.49,-2119.94,-5608.71,-7728.64,,,,,,,,,
4631,1764.77,4183.26,4933.82,474.24,259.55,-118.98,-3812.42,-28741.35,1569.15,17117.94,-5646.5,171.85,-2370.02,-5474.65,-7844.68,,,,,,,,,
4641,1806.3,4277.47,4948.73,469.71,258.9,-126.67,-3784.62,-28807.88,1606.57,17199.99,-5668.33,173.5,-2151.51,-5494.83,-7646.34,,,,,,,,,
4651,1857.26,4191.34,4920.57,487.39,277.74,-114.7,-3803.56,-28702.32,1564.73,17166.62,-5749.2,173.31,-2154.93,-5575.89,-7730.82,,,,,,,,,
4661,1770.2,4192.22,4937.45,465.59,258.39,-101.86,-3830.77,-28704.16,1568.4,17173.03,-5728.53,173.75,-2271.5,-5554.78,-7826.29,,,,,,,,,
4671,1883.98,4204.81,4963.86,460.47,286.33,-135.36,-3800.9,-28711.29,1568.26,17102.25,-5689.33,171.44,-2177.58,-5517.89,-7695.48,,,,,,,,,
4681,1797.53,4249.04,4933.84,474.76,265.07,-121.79,-3836.89,-28571.12,1571.53,17110.02,-5796.29,173.8,-2128.01,-5622.49,-7750.5,,,,,,,,,
4691,1759.1,4294.17,4933.04,493.96,263.11,-122.62,-3803.1,-28706.31,1557.91,16981.32,-5614.05,173.52,-2349.43,-5440.53,-7789.96,,,,,,,,,
4701,1764.46,4301.47,4932.57,482.89,273.87,-114.47,-3826.75,-28779.02,1554.44,17168.83,-5660.65,173.15,-2241.69,-5487.5,-7729.19,,,,,,,,,
4711,1819.43,4255.22,4974.21,494.21,273.11,-127.41,-3805.11,-28729.75,1613.18,17109.14,-5653.9,173.27,-2123.79,-5480.63,-7604.41,,,,,,,,,
4721,1756.47,4280.54,4911.97,490.99,269.7,-104.64,-3816.97,-28711.12,1594.92,17222.51,-5770.16,174.41,-2105.63,-5595.75,-7701.38,,,,,,,,,
4731,1787.33,4272.68,4940.27,483.71,269.92,-120.99,-3786.13,-28685.05,1596.99,17089.52,-5763.3,174.44,-2151.75,-5588.86,-7740.6,,,,,,,,,
4741,1814.93,4189.05,4964.06,471.55,261.33,-139.44,-3814.66,-28641.45,1604.54,17112.67,-5711.27,175.8,-2177.43,-5535.46,-7712.89,,,,,,,,,
4751,1874.93,4194.91,4926.69,479.22,279.01,-123.24,-3875.54,-28567.76,1596.52,17113.39,-5752.53,170.05,-2101.88,-5582.48,-7684.36,,,,,,,,,
4761,1764.83,4201.85,4945.34,478.87,276.33,-105.77,-3826.76,-28595.23,1588.63,17202.98,-5846.52,173.4,-2068.94,-5673.12,-7742.05,,,,,,,,,
4771,1815.92,4248.59,4973.04,477.27,267.27,-130.3,-3833.72,-28577.92,1554.53,17070.37,-5795.96,173.19,-2134.94,-5622.78,-7757.72,,,,,,,,,
4781,1793.3,4267.25,4947.72,473.99,263.2,-130.28,-3832.09,-28637.18,1565.29,17119.08,-5753.3,170.7,-2169.71,-5582.6,-7752.31,,,,,,,,,
4791,1815.47,4258.45,4945.61,489.17,279.41,-146.95,-3839.77,-28505.44,1595.71,17146.7,-5868.35,169.05,-1961.65,-5699.3,-7660.95,,,,,,,,,
4801,1774.94,4238.36,4998.78,473.65,288.4,-112.98,-3797.76,-28811.39,1591.4,17231.51,-5681.02,170.85,-2125.07,-5510.17,-7635.24,,,,,,,,,
4811,1753.91,4194.16,4989.9,473.42,270.52,-145.5,-3845.13,-28667.58,1583.3,17240.53,-5772.19,173.01,-2152.46,-5599.18,-7751.64,,,,,,,,,
4821,1718.61,4240.15,4977.64,478.37,274.46,-133.72,-3825.21,-28482.57,1573.74,17217.28,-5933.41,175.09,-1961.26,-5758.32,-7719.57,,,,,,,,,
4831,1792.87,4157.56,4963.31,464.92,250.74,-146.47,-3781.66,-28727.53,1588.76,17194.2,-5721.68,174.41,-2243.32,-5547.27,-7790.59,,,,,,,,,
4841,1898.23,4257.09,4952.9,476.56,276.23,-140.98,-3806.01,-28637.36,1564.39,17114.47,-5771.28,172.25,-2044.46,-5599.03,-7643.49,,,,,,,,,
4851,1854.91,4227.58,4974.82,487.25,263.4,-127.36,-3816.56,-28669.6,1588.07,17140.17,-5747.36,171.19,-2077.32,-5576.17,-7653.49,,,,,,,,,
4861,1810.06,4260.64,5003.65,484.36,263.82,-146.67,-3814,-28772.32,1570.18,17143.21,-5677.74,171,-2197.07,-5506.74,-7703.81,,,,,,,,,
4871,1779.7,4272.63,4970.24,486.04,294.57,-123.01,-3797.8,-28629.14,1617.04,17168.72,-5796.82,172.21,-1961.01,-5624.61,-7585.62,,,,,,,,,
4881,1823.08,4233.59,4921.75,474.85,257.41,-109.11,-3832.04,-28712.16,1590.84,17295.26,-5789.18,172.39,-2056.54,-5616.79,-7673.33,,,,,,,,,
4891,1840.06,4244.77,5008.43,490.02,287.12,-155.27,-3867.18,-28496.81,1565.94,17027.35,-5815.28,170.8,-2055.56,-5644.48,-7700.04,,,,,,,,,
4901,1790.93,4235.35,4974,468.58,252.63,-142.11,-3797.39,-28613.97,1571.12,17084.44,-5796.9,172.52,-2176.4,-5624.38,-7800.79,,,,,,,,,
4911,1732.47,4192.49,4931.75,456.46,279.91,-136.78,-3814.76,-28658.7,1585.77,17223.43,-5819.59,171.33,-2207.93,-5648.25,-7856.19,,,,,,,,,
4921,1790.14,4207.68,4947.22,485.47,275.54,-132.71,-3799.52,-28580.04,1613.91,17183.17,-5839.09,175.62,-2009.15,-5663.47,-7672.62,,,,,,,,,
4931,1841.21,4266.37,4935.93,481.59,273.46,-135.75,-3816.28,-28514.55,1540.34,17115.51,-5884.87,176.26,-2012.18,-5708.6,-7720.78,,,,,,,,,
4941,1808.15,4315.76,4954.05,484.31,273.62,-109.57,-3773.25,-28630.45,1589.62,17070.32,-5719.83,174.08,-2017.45,-5545.75,-7563.2,,,,,,,,,
4951,1820.99,4155.91,4912.74,483.27,252.74,-125.5,-3795.26,-28602.08,1606.53,17204.77,-5808.43,173.19,-2085.9,-5635.24,-7721.14,,,,,,,,,
4961,1790.61,4151.98,4986.55,464.86,272.27,-124.15,-3837.04,-28600.55,1580.9,17140.5,-5793.95,174.08,-2174.06,-5619.87,-7793.93,,,,,,,,,
4971,1817.08,4249.72,4984.8,471.6,294.47,-129.64,-3837.62,-28473.68,1560.85,17042.7,-5840.51,172.42,-2019.71,-5668.09,-7687.8,,,,,,,,,
4981,1806.08,4232.77,4954.95,486.33,281.24,-119.5,-3808.83,-28554.94,1564.18,17098.8,-5788.3,172.3,-2058.92,-5615.99,-7674.91,,,,,,,,,
4991,1785.22,4211.73,4974.26,468.81,281.29,-130.02,-3829.83,-28532.18,1593.7,16986.95,-5763.32,174.6,-2190.07,-5588.72,-7778.79,,,,,,,,,
5001,1815,4222.44,4877.96,476.78,247.3,-113.3,-3824.38,-28666.25,1575.48,17165.62,-5765.69,171.08,-2223.34,-5594.61,-7817.95,,,,,,,,,
5011,1763.45,4220.06,4962.78,463.6,268.02,-132.65,-3771.07,-28542.59,1617.03,17112.35,-5835.11,174.92,-2039.02,-5660.19,-7699.21,,,,,,,,,
5021,1810.16,4193.32,4961.83,475.04,258.91,-136.23,-3810.6,-28636.46,1568.43,17225.5,-5826.97,170.27,-2090.1,-5656.7,-7746.8,,,,,,,,,
5031,1844.71,4245.28,4962.4,472.33,260.48,-112.78,-3798.14,-28622.88,1551.33,17159.7,-5812.66,175.77,-2037.56,-5636.89,-7674.45,,,,,,,,,
5041,1770.24,4257.77,4948.2,471.05,264.09,-109.08,-3853.18,-28730.83,1614.04,17195.36,-5691.05,172.49,-2172.34,-5518.56,-7690.9,,,,,,,,,
5051,1809.55,4295.23,4981.26,486.67,253.59,-141.07,-3758.59,-28519.99,1589.54,17037.67,-5828.41,177.89,-1966.15,-5650.52,-7616.67,,,,,,,,,
5061,1844.75,4218.17,4964.39,457.13,267.16,-123.09,-3854.52,-28599.05,1557.44,17082.42,-5753.11,171.85,-2185.21,-5581.27,-7766.48,,,,,,,,,
5071,1840.9,4164.22,4966.91,472.63,265.78,-109.86,-3796.64,-28717,1562.25,17193.13,-5778.01,174.35,-2157.67,-5603.66,-7761.33,,,,,,,,,
5081,1811.29,4237.63,5002.09,481.6,289.95,-126.54,-3840.05,-28662.79,1576.18,17187.18,-5746.83,171.67,-2043.46,-5575.16,-7618.62,,,,,,,,,
5091,1859.01,4273.09,4998.79,502.38,251.88,-122.88,-3800.44,-28592.19,1600.17,17175.79,-5805.58,176.16,-1854.41,-5629.42,-7483.82,,,,,,,,,
5101,1746.4,4326.37,4957.57,490.34,265.65,-113.35,-3781.61,-28496.49,1611.87,17117.28,-5900.05,176.47,-1875.97,-5723.58,-7599.55,,,,,,,,,
5111,1790.95,4203.48,4983.67,467.87,269.37,-145.85,-3801.13,-28361.12,1610.93,17074.2,-5989.86,178.06,-1907.63,-5811.81,-7719.44,,,,,,,,,
5121,1781.93,4200.14,4952.31,470.07,266.03,-120.32,-3790.82,-28434.51,1558.45,17043.32,-5906.77,177.66,-2073.4,-5729.11,-7802.5,,,,,,,,,
5131,1841.78,4300.26,4947.59,483.15,257.57,-108.96,-3845.29,-28331.46,1536.04,17036.89,-5952.58,178.07,-1882.42,-5774.51,-7656.93,,,,,,,,,
5141,1811.15,4238.83,5002.46,475.01,278.58,-135.61,-3809.7,-28541.98,1544.75,17046.97,-5769.49,179.23,-2089.54,-5590.27,-7679.81,,,,,,,,,
5151,1824.22,4202.25,4873.74,483.28,288.57,-135.39,-3765.66,-28502.56,1605.83,17089.4,-5905.7,179.98,-2036.32,-5725.72,-7762.04,,,,,,,,,
5161,1751.03,4211.62,5005.96,473.64,259.3,-125.46,-3759.55,-28556.94,1588.15,17130.2,-5857.15,175.49,-2022.05,-5681.66,-7703.71,,,,,,,,,
5171,1798.13,4256.85,4972.05,463.62,266.92,-131.49,-3764.66,-28524.29,1583.82,17068.05,-5827.02,176.18,-2011.01,-5650.83,-7661.84,,,,,,,,,
5181,1759.2,4199.5,5004.98,460.95,278.65,-134.09,-3795.2,-28445.51,1594.81,17138.26,-5922.58,177.11,-1938.47,-5745.46,-7683.93,,,,,,,,,
5191,1832.39,4230.74,4957.05,487.17,273.39,-100.65,-3853.16,-28394.04,1636.83,17141.68,-5952.65,171.61,-1788.59,-5781.04,-7569.63,,,,,,,,,
5201,1799.88,4160.44,5014.23,465.4,267.71,-140.46,-3798.1,-28423.99,1607.11,17126.64,-5924.25,175.2,-1921.14,-5749.05,-7670.19,,,,,,,,,
5211,1828.06,4288.64,4896.96,469.75,268.55,-129.09,-3801.7,-28583.93,1560.96,17042.41,-5812.01,173.44,-2159.39,-5638.57,-7797.96,,,,,,,,,
5221,1815.27,4187.15,4976,472.56,267.33,-141.91,-3814.98,-28311.81,1595.28,17088.91,-6009.65,176.84,-1866.2,-5832.81,-7699.01,,,,,,,,,
5231,1839.82,4285.1,4954.61,482.09,283.29,-111.47,-3831.12,-28309.99,1596.13,17034.68,-6005.79,178.35,-1776.86,-5827.44,-7604.3,,,,,,,,,
5241,1762.99,4224.5,4989.04,481.88,274.85,-102.86,-3818.35,-28548.27,1594.62,17142.81,-5889.74,175.04,-1998.78,-5714.7,-7713.49,,,,,,,,,
5251,1795.44,4259.93,4986.68,478.04,256.77,-108.73,-3809.65,-28508.02,1557.83,17064.35,-5867.06,177.02,-2027.36,-5690.04,-7717.4,,,,,,,,,
5261,1881.62,4219.19,4897.29,483.69,279.59,-111.01,-3824.62,-28514.62,1547.63,17160.73,-5933.12,171.57,-1980.51,-5761.55,-7742.06,,,,,,,,,
5271,1855.09,4220.78,4956,469.27,279.29,-156.97,-3855.24,-28363.24,1558.12,17096.4,-5949.06,175.4,-1940.48,-5773.65,-7714.14,,,,,,,,,
5281,1845.4,4144,4988.94,478.56,281.78,-132.12,-3849.71,-28517.85,1582.66,17196.1,-5956.57,170.61,-1982.24,-5785.97,-7768.21,,,,,,,,,
5291,1885.01,4299.74,4986.39,480.93,265.63,-136.8,-3859.83,-28384.88,1547.98,17075.94,-5947.55,173.9,-1839.88,-5773.65,-7613.54,,,,,,,,,
5301,1844.46,4348.35,4918.64,475.04,277.94,-127.88,-3779.99,-28647.85,1527.96,17216.5,-5857.14,172.08,-1946.84,-5685.06,-7631.9,,,,,,,,,
5311,1817.52,4154.25,4958.07,452.63,259.71,-108.61,-3796.67,-28528.83,1583.76,17150.79,-5878.04,172.75,-2057.38,-5705.29,-7762.67,,,,,,,,,
5321,1797.5,4280.25,4914.82,480.05,287.44,-116.17,-3808.49,-28597.13,1552.15,17155.21,-5828.33,174.12,-2054.36,-5654.21,-7708.57,,,,,,,,,
5331,1824.96,4204.7,4992.07,483.13,260.48,-115.66,-3818.04,-28672.55,1596.21,17209.06,-5836.83,173.61,-2035.63,-5663.22,-7698.85,,,,,,,,,
5341,1704.39,4175.84,4945.53,473.2,271.63,-134.48,-3813.26,-28744.91,1591.33,17343.84,-5825.88,172.99,-2186.89,-5652.89,-7839.78,,,,,,,,,
5351,1792.83,4291.94,4956.03,477.33,281.78,-106.93,-3825.43,-28475.66,1589.32,17218.99,-6025.45,173.54,-1799.79,-5851.91,-7651.7,,,,,,,,,
5361,1698.3,4316.63,4968.24,484.13,266.45,-145.05,-3797.81,-28833.93,1577.83,17375.52,-5816.33,176.3,-2089.7,-5640.03,-7729.73,,,,,,,,,
5371,1841.27,4228.18,4951.97,476.46,281.4,-115.25,-3826.9,-28460.19,1577.12,17132.57,-5985.64,177.98,-1913.39,-5807.66,-7721.06,,,,,,,,,
5381,1796.59,4197.57,4978.86,467.6,273.3,-122.75,-3844.02,-28581.11,1571.67,17275.23,-5942.59,173.84,-1987.06,-5768.75,-7755.82,,,,,,,,,
5391,1717.38,4252.9,4945.49,475.19,280.72,-93.67,-3787.61,-28479.96,1618.33,17254.17,-6029.76,172.74,-1817.06,-5857.02,-7674.08,,,,,,,,,
5401,1846.8,4238.72,4934.56,477.99,256.05,-116.53,-3761.96,-28611.4,1624.02,17155.56,-5874.38,174.25,-1956.18,-5700.14,-7656.32,,,,,,,,,
5411,1785.97,4170.63,4938.29,477.57,272.97,-111.84,-3815.43,-28480.82,1602.06,17172.07,-5976.28,177.84,-1988.53,-5798.44,-7786.97,,,,,,,,,
5421,1817.19,4324.18,4911.42,477.47,279.55,-105.02,-3872.51,-28565.86,1563.48,17179.75,-5848.62,172.64,-1990.34,-5675.98,-7666.33,,,,,,,,,
5431,1848.11,4310.6,4940.07,470.3,291.37,-139.27,-3817.22,-28440.11,1564.58,17091.41,-5932.47,177.98,-1880.16,-5754.49,-7634.66,,,,,,,,,
5441,1758.12,4253.86,4957.72,468.17,288.09,-110.82,-3825.16,-28789.48,1611.92,17243,-5682.52,175.24,-2144.57,-5507.27,-7651.85,,,,,,,,,
5451,1872.09,4312.67,4966.32,474.1,273.29,-148.94,-3810.93,-28590.59,1567.15,17037.72,-5800.71,176.77,-2047.12,-5623.94,-7671.07,,,,,,,,,
5461,1754.86,4213.46,4984.26,459.69,262.09,-103.23,-3806.87,-28597.02,1565.4,17097.81,-5770.37,175.16,-2169.54,-5595.21,-7764.75,,,,,,,,,
5471,1831.13,4319.34,4989.03,487.09,263.63,-138.26,-3834.6,-28664.35,1596.71,17169.3,-5744.56,174.47,-1980.99,-5570.09,-7551.08,,,,,,,,,
5481,1806.51,4219.55,4960.76,477.12,262.05,-127.25,-3761.77,-28880.3,1598.11,17233.88,-5647.49,171.45,-2211.34,-5476.03,-7687.37,,,,,,,,,
5491,1796.64,4220.86,4984.37,478.61,258.73,-104.77,-3866.98,-28604.71,1560.2,17072.45,-5740.86,172.87,-2204.6,-5567.99,-7772.59,,,,,,,,,
5501,1759.9,4238.86,4920.82,477.75,274.43,-85.63,-3829.09,-28709.17,1586.1,17166.26,-5735.55,170.88,-2199.75,-5564.66,-7764.42,,,,,,,,,
5511,1788.31,4209.94,4990.29,475.26,294.34,-109.06,-3842.98,-28606.38,1551.22,17137.6,-5820.1,173.6,-2111.46,-5646.5,-7757.96,,,,,,,,,
5521,1800.95,4314.18,4919.03,492.43,247.12,-99.31,-3823.98,-28591.96,1553.37,17202.32,-5841.71,174.71,-1985.84,-5667,-7652.84,,,,,,,,,
5531,1723.85,4255.78,4930.39,478.76,268.76,-105.39,-3809.15,-28549.46,1594.95,17173.26,-5846.52,174.65,-2038.25,-5671.86,-7710.12,,,,,,,,,
5541,1792,4284.11,4929.64,472.4,267.92,-115.53,-3862.04,-28538.34,1578.1,17189.46,-5863.04,174.87,-2002.28,-5688.17,-7690.44,,,,,,,,,
5551,1814.25,4267.87,4936.16,466.13,270.45,-127.17,-3810.69,-28409.64,1607.04,17077.86,-5938.32,176.74,-1907.73,-5761.58,-7669.31,,,,,,,,,
5561,1791.41,4134.89,4970.71,471.61,266,-107.56,-3847.68,-28579.43,1609.01,17263.01,-5924.32,175.17,-2028.02,-5749.15,-7777.18,,,,,,,,,
5571,1834.69,4147.41,4932.36,463.09,260.31,-124.27,-3772.55,-28501.83,1584.67,17025.06,-5839.78,180.39,-2151.06,-5659.39,-7810.45,,,,,,,,,
5581,1883.69,4231.09,4963.96,480.48,272.66,-79.83,-3785.54,-28199.17,1561.73,17063.39,-6111.04,181.43,-1607.55,-5929.61,-7537.15,,,,,,,,,
5591,1844.57,4270.29,4971.57,481.35,274.56,-92.83,-3814.14,-28416.13,1599.13,17020.21,-5887.15,177.71,-1861.41,-5709.45,-7570.86,,,,,,,,,
5601,1804.59,4214.5,4958.63,482.24,258.34,-86.35,-3807.34,-28387.51,1604.7,17011.23,-5935.33,176.3,-1946.99,-5759.04,-7706.03,,,,,,,,,
5611,1816.28,4311.83,4938.92,496.09,272.41,-143.78,-3740.78,-28251.42,1572.72,17087.86,-6112.75,183.21,-1639.87,-5929.54,-7569.41,,,,,,,,,
5621,1799.72,4264.65,5003.5,478.09,287.91,-116.58,-3795.2,-28307.51,1584.06,16994.39,-6004.26,179.06,-1806.98,-5825.2,-7632.18,,,,,,,,,
5631,1814.58,4261.17,4904.26,471.47,246.53,-108.03,-3780.76,-28676.84,1580.5,17189.95,-5803.34,178.59,-2097.16,-5624.76,-7721.92,,,,,,,,,
5641,1823.93,4243.28,4927.13,475.78,283.2,-95.78,-3798.71,-28476.77,1599.67,17058.99,-5902.75,177.91,-1959.29,-5724.84,-7684.13,,,,,,,,,
5651,1814.99,4262.78,4920.96,490.77,274.2,-114.93,-3771.45,-28526.52,1572.17,17185.94,-5917.77,178.94,-1891.1,-5738.83,-7629.93,,,,,,,,,
5661,1802.12,4118.84,4954.25,472.74,262.04,-118.36,-3845.94,-28456.09,1586.34,17122.46,-5903.45,176.19,-2101.59,-5727.26,-7828.85,,,,,,,,,
5671,1830.33,4276.68,4929.87,462.74,257.61,-138.19,-3771.29,-28235.38,1565.87,17044.99,-6104.44,182.93,-1776.77,-5921.51,-7698.28,,,,,,,,,
5681,1807.72,4213.24,4913.48,462.11,265.27,-96.13,-3746.6,-28474.36,1577.88,17051.2,-5922.28,181.4,-2026.18,-5740.89,-7767.07,,,,,,,,,
5691,1853.39,4312.36,4994.58,463.82,258.37,-117.49,-3788.17,-28335.37,1574.6,17110.18,-6020.72,181.25,-1673.74,-5839.48,-7513.22,,,,,,,,,
5701,1820.99,4212.89,4950.46,478.56,293.35,-122.15,-3751.42,-28329.12,1590.29,17078.85,-6047.88,182.9,-1777.29,-5864.98,-7642.26,,,,,,,,,
5711,1841.58,4213.09,4973.34,486.94,270.28,-121.95,-3804.31,-28310.19,1564.6,17053.13,-6021.05,178.2,-1833.5,-5842.85,-7676.35,,,,,,,,,
5721,1823.75,4203.33,4906.36,466.81,259.07,-149.08,-3768.87,-28383.68,1584.73,17188.98,-6033.38,181,-1868.61,-5852.38,-7720.99,,,,,,,,,
5731,1877.53,4232.97,4962.72,493.67,282.73,-89.24,-3789.4,-28517.36,1589.85,17108.4,-5921.61,180.56,-1848.15,-5741.05,-7589.2,,,,,,,,,
5741,1798.46,4220.47,4953.29,471.04,268.39,-102.27,-3741.02,-28415.2,1576.16,17109.15,-5970.81,180.61,-1861.52,-5790.2,-7651.73,,,,,,,,,
5751,1854.25,4255.87,4950.14,479.55,285.08,-121.49,-3750.77,-28305.9,1588.03,17000.25,-6017.03,178.99,-1765,-5838.03,-7603.03,,,,,,,,,
5761,1780.61,4184.61,4942.42,483.97,249.92,-128.71,-3821.08,-28522.37,1626.18,17366.66,-6027.5,178.97,-1837.81,-5848.53,-7686.34,,,,,,,,,
5771,1821.78,4291.61,4953.33,479.93,274.99,-121.51,-3763.98,-28404.47,1593.01,17162.62,-6023.62,178.35,-1712.69,-5845.27,-7557.96,,,,,,,,,
5781,1790.15,4246.82,4948.16,466.35,253.81,-115.45,-3708.53,-28155.92,1578.88,17053.36,-6153.95,184.92,-1642.38,-5969.04,-7611.42,,,,,,,,,
5791,1816.04,4226.61,4926.8,483,274.7,-88.93,-3821.34,-28286.1,1571.99,17182.23,-6070.84,177.71,-1714.99,-5893.13,-7608.12,,,,,,,,,
5801,1840.91,4298.69,4949.36,490.85,260.88,-123.58,-3822.82,-28260.87,1576.03,17037.58,-6032.83,177.51,-1752.98,-5855.32,-7608.29,,,,,,,,,
5811,1823.91,4238.29,4939.42,481.41,294.29,-123.45,-3776.84,-28281.87,1572.95,17105.91,-6086.93,180.1,-1725.97,-5906.83,-7632.8,,,,,,,,,
5821,1779.32,4232.62,5001.9,490.98,270.85,-116.81,-3810.79,-28368.08,1579.38,17153.89,-6010.69,181.11,-1786.73,-5829.58,-7616.31,,,,,,,,,
5831,1794.26,4243.24,4928.63,496.57,264.7,-103.02,-3745.65,-28506.26,1584.72,17221.78,-5946.26,179.85,-1821.05,-5766.42,-7587.46,,,,,,,,,
5841,1819.14,4256.58,4902.81,477.96,285.91,-120.63,-3806.79,-28317.86,1553.68,17091.98,-6085.24,178.29,-1857.22,-5906.95,-7764.16,,,,,,,,,
5851,1850.23,4277.6,4946.92,473.43,297.7,-97.09,-3818.3,-28443.16,1596.49,17139.25,-5969.31,177.7,-1776.93,-5791.61,-7568.53,,,,,,,,,
5861,1837.09,4293.41,4914.85,494.72,266.7,-127.1,-3808.06,-28558.78,1613.89,17123.19,-5851.8,178.11,-1950.1,-5673.69,-7623.78,,,,,,,,,
5871,1887.66,4232.07,4931.44,487.3,265.61,-97.93,-3779.62,-28428.72,1598.48,17027.64,-5964.53,180.92,-1876.07,-5783.61,-7659.68,,,,,,,,,
5881,1772.44,4233.42,4889.29,468.92,262.5,-109.45,-3797.09,-28483.07,1568.47,17193.97,-5929.4,176.38,-2000.61,-5753.02,-7753.63,,,,,,,,,
5891,1856.57,4226.15,4955.98,471.09,254.11,-121.03,-3777.66,-28482.86,1535.44,17064.19,-5874.37,180.34,-2018.03,-5694.03,-7712.05,,,,,,,,,
5901,1819.19,4239.88,4985.78,465.11,273.07,-124.23,-3742.14,-28477.74,1542.24,17045.22,-5864.56,179.29,-1973.62,-5685.28,-7658.9,,,,,,,,,
5911,1783.6,4271.86,4967.25,487.31,275.83,-119.91,-3822.71,-28433.29,1590.26,17020.06,-5890.5,180.95,-1979.75,-5709.55,-7689.3,,,,,,,,,
5921,1780.12,4243.7,4953.95,471.13,273.61,-128.49,-3821.24,-28689.75,1619.8,17118.25,-5721.4,174.25,-2178.92,-5547.15,-7726.07,,,,,,,,,
5931,1816.66,4235.56,4923.56,476.55,280.47,-104.44,-3801.68,-28560.4,1580.14,17113.46,-5826.01,176.73,-2040.13,-5649.28,-7689.41,,,,,,,,,
5941,1780.71,4237.24,4932.9,489.63,267.38,-113.8,-3739.79,-28625.16,1603.51,17105.75,-5793.46,177.99,-2061.63,-5615.47,-7677.1,,,,,,,,,
5951,1766.35,4222.77,4937.88,455.02,258.7,-87.56,-3856.35,-28540.36,1611.7,17207.01,-5887.76,174.17,-2024.85,-5713.58,-7738.43,,,,,,,,,
5961,1810.68,4268.2,4956.72,481.95,275.77,-107.08,-3797.4,-28584.35,1552.95,17124.54,-5801.43,176.87,-2018.03,-5624.57,-7642.6,,,,,,,,,
5971,1801.5,4193.06,4939.89,474.74,264.86,-132.38,-3807.38,-28574.24,1584.2,17084.01,-5809.53,175.46,-2171.75,-5634.08,-7805.83,,,,,,,,,
5981,1810.02,4283.39,4939.34,488.02,265.11,-109.79,-3785.76,-28519.17,1584.83,17113.39,-5907.52,178.97,-1930.61,-5728.55,-7659.16,,,,,,,,,
5991,1844.5,4258.69,4968.38,490.27,258.18,-113.39,-3831.51,-28611.44,1567.63,17034.41,-5729.28,178.02,-2134.27,-5551.27,-7685.54,,,,,,,,,
6001,1806.27,4195.6,4956.68,467.64,268.59,-120.88,-3818.88,-28674.97,1574.77,17119.69,-5666.23,174.23,-2225.49,-5492,-7717.5,,,,,,,,,
6011,1756.96,4222.94,4940.09,455.53,266.01,-126.32,-3780.04,-28689.86,1610.98,17162.18,-5735.21,175.1,-2181.53,-5560.12,-7741.64,,,,,,,,,
6021,1820.46,4197.39,4941.15,462.63,271.39,-99.36,-3785.14,-28711.2,1587.48,17153.05,-5769.88,178.2,-2162.16,-5591.68,-7753.84,,,,,,,,,
6031,1815.1,4194.22,4950.86,457.93,257.24,-122.14,-3896.29,-28613.4,1598.77,17079.27,-5704.49,170.32,-2278.43,-5534.17,-7812.6,,,,,,,,,
6041,1774.76,4302.04,4935.18,475.86,267.11,-121.13,-3806.3,-28606.74,1571.3,17128.03,-5791.12,178.14,-2079.89,-5612.98,-7692.87,,,,,,,,,
6051,1881.02,4292.9,4924.66,464.72,271.73,-132.55,-3787.85,-28714.01,1589.34,17125.14,-5734.89,175.14,-2084.88,-5559.76,-7644.64,,,,,,,,,
6061,1797.58,4268.06,4909.72,484.75,251.71,-133.96,-3812.65,-28405.46,1566.68,16995.48,-5901.92,181.21,-2078.08,-5720.7,-7798.79,,,,,,,,,
6071,1778.52,4237.82,4934.66,489.37,289.43,-103.13,-3829.34,-28575.56,1556.01,17138.38,-5815.06,176.23,-2083.85,-5638.83,-7722.68,,,,,,,,,
6081,1758.65,4252.55,4927.51,476.62,289.34,-127.6,-3802.85,-28451.63,1579.67,17103.24,-5912.12,182.16,-1994.49,-5729.96,-7724.45,,,,,,,,,
6091,1758.46,4272.86,4946.8,475.41,256.1,-121.67,-3761.29,-28335.71,1602.42,17008.3,-5976.02,176.04,-1898.32,-5799.99,-7698.31,,,,,,,,,
6101,1756.11,4241.61,4933.15,477.94,279.91,-84.48,-3813.48,-28540.03,1599.47,17153.54,-5894.1,178.1,-1996.26,-5716.01,-7712.26,,,,,,,,,
6111,1865.39,4164.3,4937.98,453.12,253.85,-108.49,-3789.77,-28475.71,1564.76,17154.42,-5935.05,180.59,-1980.16,-5754.46,-7734.62,,,,,,,,,
6121,1865.61,4306.51,4987.29,480.7,293.21,-111.56,-3848.24,-28408.04,1592.67,17054.04,-5924.36,176.94,-1787.8,-5747.42,-7535.22,,,,,,,,,
6131,1818.75,4123.03,4923.29,475.19,250.89,-144.07,-3791.94,-28511.8,1590.22,17205.47,-5909.73,180.62,-2060.97,-5729.11,-7790.08,,,,,,,,,
6141,1742.5,4239.11,4948.37,477.04,275.09,-110.4,-3809.3,-28498.03,1609.74,17219.04,-5963.46,176.13,-1906.84,-5787.32,-7694.16,,,,,,,,,
6151,1777.04,4218.36,4930.83,479.37,278.25,-141.16,-3839.32,-28622.15,1618.76,17172.95,-5797.7,173.32,-2127.08,-5624.37,-7751.45,,,,,,,,,
6161,1823.43,4238.73,4961.77,488.29,281.83,-133.09,-3878.16,-28452.73,1597.33,17115.07,-5872.7,174.24,-1957.53,-5698.46,-7655.99,,,,,,,,,
6171,1778.39,4257.77,4921.9,480.25,253.83,-120.45,-3837.77,-28365.36,1590.39,17198.67,-6011.12,178.3,-1842.39,-5832.82,-7675.21,,,,,,,,,
6181,1776.46,4296.44,4956.76,486.11,257.99,-120.75,-3835,-28550.22,1606.47,17216.34,-5930.05,178.02,-1909.39,-5752.03,-7661.42,,,,,,,,,
6191,1794.73,4129.06,4962.76,458.73,272.34,-126.93,-3778.69,-28600.98,1606.05,17246.06,-5948.72,176.91,-2036.86,-5771.81,-7808.66,,,,,,,,,
6201,1776.72,4220.46,4951.5,472.99,276.26,-126.1,-3807.03,-28389.19,1554.9,17173.01,-6006.49,179.04,-1896.49,-5827.45,-7723.93,,,,,,,,,
6211,1810.89,4231.12,4955.22,495.98,268.58,-109.81,-3786.19,-28584.97,1575.11,17181.82,-5868.58,178.1,-1962.24,-5690.49,-7652.73,,,,,,,,,
6221,1877.97,4274.81,4979.81,488.84,279.46,-126.88,-3819.71,-28649.79,1542.17,17036.45,-5662.82,173.04,-2116.86,-5489.78,-7606.64,,,,,,,,,
6231,1778.8,4199.27,4958.41,483.13,293.94,-124.16,-3751.38,-28555.5,1603.71,17136.48,-5850.36,175.32,-1977.3,-5675.03,-7652.33,,,,,,,,,
6241,1804.28,4226.63,4941.41,479.35,260.13,-118.31,-3812.49,-28493.23,1579.55,16998.09,-5795.23,178.91,-2134.59,-5616.32,-7750.91,,,,,,,,,
6251,1794.5,4201.16,4985.04,464.21,288.01,-128.24,-3790.06,-28532.85,1569.08,17162.48,-5889.69,175.57,-1986.67,-5714.12,-7700.8,,,,,,,,,
6261,1768.56,4226.96,4906.2,480.73,271.06,-94.2,-3776.49,-28527.4,1639.95,17133.09,-5856.85,175.73,-1971.54,-5681.12,-7652.65,,,,,,,,,
6271,1804.14,4150.25,4945.71,465.62,250.24,-79.56,-3860.45,-28729.3,1592.01,17201.91,-5726.08,174.87,-2259.41,-5551.21,-7810.62,,,,,,,,,
6281,1767.37,4287.85,5007.19,474.59,257.3,-121.39,-3855.74,-28577.07,1566.4,17112.2,-5812.8,174.62,-2081.3,-5638.18,-7719.48,,,,,,,,,
6291,1752.98,4275.37,4942.72,483.94,262.05,-108.11,-3811.87,-28749.46,1604.95,17178.7,-5714.51,172.45,-2168.74,-5542.05,-7710.8,,,,,,,,,
6301,1859.87,4178.05,4941.59,487.28,253.07,-116.56,-3868.45,-28714.52,1598.64,17207.69,-5740.6,175.81,-2173.35,-5564.79,-7738.14,,,,,,,,,
6311,1811.04,4236.68,4971.08,491.28,264.57,-126.98,-3814.28,-28734.42,1615.77,17281.05,-5793.65,175.34,-2004.21,-5618.31,-7622.52,,,,,,,,,
6321,1834.79,4215.47,4974.66,491.02,281.22,-131.48,-3762.02,-28794.59,1590.05,17176.77,-5738.23,180.86,-2124.1,-5557.36,-7681.46,,,,,,,,,
6331,1850.92,4221.76,4970.59,472.23,263.33,-120.11,-3826.24,-28740.61,1606.59,17212.42,-5704.81,172.17,-2089.13,-5532.65,-7621.78,,,,,,,,,
6341,1753.49,4218,4906.26,483.77,254.75,-107.29,-3790.12,-28671.47,1581.63,17177.46,-5805,174.96,-2193.53,-5630.04,-7823.57,,,,,,,,,
6351,1738.64,4199.41,4951.52,500.53,273.06,-103.55,-3824.38,-28563.66,1579.01,17278.22,-5936.35,176.12,-1971.19,-5760.24,-7731.43,,,,,,,,,
6361,1852.32,4262.87,4967.94,465.2,253.51,-114.28,-3795.74,-28533.87,1576.81,17120.41,-5899.62,177.73,-1944.84,-5721.89,-7666.73,,,,,,,,,
6371,1790.61,4257.4,4972.86,475.97,274.07,-130.59,-3809.03,-28682.8,1581.93,17229.14,-5821.51,177.59,-2040.46,-5643.92,-7684.38,,,,,,,,,
6381,1838.92,4256.1,4971.72,484.23,275.29,-123.27,-3802.1,-28587.85,1587.45,17017.8,-5786.78,177.7,-2081.71,-5609.09,-7690.79,,,,,,,,,
6391,1801.4,4154.35,5001.67,473.72,259.69,-129.12,-3799.69,-28703.98,1583.8,17190.97,-5748.82,172.06,-2167.2,-5576.77,-7743.96,,,,,,,,,
6401,1797.72,4275.48,4943.13,484.86,257.26,-133.07,-3863.23,-28587.63,1567.69,17107.65,-5782.47,173.93,-2150.15,-5608.54,-7758.69,,,,,,,,,
6411,1766.37,4162.66,4922.2,463.28,274.55,-99.67,-3834.34,-28611.46,1570.07,17195.69,-5820.03,172.79,-2190.66,-5647.24,-7837.9,,,,,,,,,
6421,1872.02,4185.4,4982.95,460.89,252.89,-143.13,-3838.71,-28766.75,1588.11,17163.08,-5665.23,174.52,-2243.24,-5490.71,-7733.95,,,,,,,,,
6431,1814.51,4218.3,4944.37,452.21,265.59,-132.52,-3807.48,-28599.09,1579.05,17132.49,-5815.2,174.51,-2132.55,-5640.68,-7773.24,,,,,,,,,
6441,1830.58,4255,4979.48,483.96,284.28,-150.72,-3849.68,-28528.47,1585.27,17118.97,-5868.24,173.14,-1991.32,-5695.1,-7686.42,,,,,,,,,
6451,1698.19,4265.63,4957,473.37,256.05,-110.64,-3835.31,-28652.19,1633.33,17159.82,-5728.51,172.05,-2154.74,-5556.46,-7711.2,,,,,,,,,
6461,1783.79,4227.15,4949.87,466.96,257.84,-86.94,-3822.39,-28679.31,1609.48,17117.32,-5739.19,173.47,-2176.22,-5565.72,-7741.94,,,,,,,,,
6471,1821.7,4188.03,4951.85,471.77,268.26,-86.97,-3837.57,-28574.06,1580.86,17202.23,-5869.29,173.89,-2013.9,-5695.4,-7709.3,,,,,,,,,
6481,1856.36,4300.42,4911.47,482.75,278.08,-101.51,-3815.4,-28654.53,1565.12,17028.72,-5695.2,173.07,-2148.53,-5522.12,-7670.65,,,,,,,,,
6491,1786.47,4231.56,4957.96,465.68,269.61,-110.69,-3872.33,-28620.43,1599.6,17161.14,-5793,172.78,-2131.43,-5620.22,-7751.65,,,,,,,,,
6501,1770.9,4288.22,4973.2,472.92,274.13,-101.87,-3819.86,-28472.96,1610.46,17148.32,-5920.73,177,-1856.54,-5743.72,-7600.27,,,,,,,,,
6511,1816.03,4303.78,4914.37,473.33,260.53,-120.4,-3790.89,-28495.41,1589.95,17115.26,-5930.42,174.75,-1933.46,-5755.67,-7689.13,,,,,,,,,
6521,1834.29,4213.89,4971.92,484.43,275.38,-111.19,-3827.36,-28549.09,1609.31,17102.5,-5858.96,174.78,-1995.9,-5684.18,-7680.08,,,,,,,,,
6531,1819.95,4206.44,4927.46,472.05,264.4,-115.66,-3797.35,-28610.53,1576.4,17109.56,-5783.44,171.59,-2147.26,-5611.84,-7759.11,,,,,,,,,
6541,1794.58,4236.46,4953.34,464.37,281.56,-99.32,-3847.41,-28599.39,1601.59,17171.57,-5855.59,174.19,-2042.67,-5681.41,-7724.08,,,,,,,,,
6551,1799.24,4252.12,4950.7,484.18,258.66,-98.97,-3756.7,-28758.12,1585.11,17209.4,-5794.67,175.11,-2074.37,-5619.56,-7693.93,,,,,,,,,
6561,1846.83,4240.77,4956.58,485.96,278.83,-94.73,-3779.24,-28786.7,1599.79,17173.72,-5753.55,174.14,-2078.18,-5579.41,-7657.59,,,,,,,,,
6571,1779.7,4165.93,4950.56,479.62,263,-128.67,-3780.11,-28982.19,1604.09,17249.03,-5629.07,173.25,-2399.04,-5455.82,-7854.86,,,,,,,,,
6581,1789.98,4279.93,4966.35,468.03,284.11,-121.55,-3852.87,-28731.8,1625.18,17185.69,-5767.05,172.41,-2106.94,-5594.63,-7701.57,,,,,,,,,
6591,1748.3,4222.15,4908.27,456.99,262.77,-90.59,-3901.02,-28613.38,1615.1,17252.11,-5865.78,168.33,-2139.3,-5697.45,-7836.75,,,,,,,,,
6601,1768.36,4277.29,4980.36,464.73,273.31,-134.18,-3824,-28455.14,1574.76,17120.18,-5951.27,171.26,-1954.33,-5780.01,-7734.34,,,,,,,,,
6611,1777.85,4276.15,4920.64,480.79,259.03,-138.02,-3822.38,-28639.22,1586.67,17212.87,-5843.65,173.47,-2085.61,-5670.19,-7755.8,,,,,,,,,
6621,1774.27,4219.36,5002.61,466.46,271.69,-119.03,-3828.14,-28674.57,1597.08,17189.92,-5793.42,172.82,-2100.36,-5620.6,-7720.96,,,,,,,,,
6631,1868.75,4236.88,4977.54,490.17,275.75,-136.42,-3805.33,-28547.94,1613.55,17139.5,-5922.9,175.32,-1887.56,-5747.58,-7635.14,,,,,,,,,
6641,1808.36,4227.74,4943.35,479.26,283.85,-130.61,-3865.82,-28683.48,1579.95,17244.57,-5783.44,173.24,-2112.84,-5610.2,-7723.04,,,,,,,,,
6651,1812.4,4316.23,4939.65,489.15,256.16,-135.7,-3797.07,-28684.63,1573.57,17263.16,-5839.85,177.4,-1967.07,-5662.46,-7629.53,,,,,,,,,
6661,1784.03,4214.16,4976.54,481.13,271.07,-131.33,-3813.07,-28653.3,1585.17,17244.26,-5837.55,178.01,-2041.34,-5659.54,-7700.88,,,,,,,,,
6671,1812.84,4286.53,4955.79,490,275.94,-123.18,-3829.46,-28635.63,1590.99,17183.02,-5801.77,174.38,-1993.17,-5627.39,-7620.56,,,,,,,,,
6681,1840.63,4261.09,4914.76,484.04,288.01,-95.64,-3777.57,-28771.17,1584.87,17083.67,-5678.69,176.62,-2187.31,-5502.07,-7689.38,,,,,,,,,
6691,1818.75,4241.93,4968.56,492.26,288.51,-127.13,-3814.07,-28647.34,1585.64,17203.12,-5826.41,176.01,-1989.77,-5650.4,-7640.18,,,,,,,,,
6701,1829.81,4258.07,4963.36,465.33,271.66,-116.23,-3773.19,-28842.94,1601.11,17184.73,-5668.06,176.46,-2158.29,-5491.6,-7649.89,,,,,,,,,
6711,1892.31,4213.7,4961.73,491.57,265.4,-116.56,-3753.88,-28618.66,1584.55,17102.02,-5808.37,175.72,-1977.81,-5632.65,-7610.46,,,,,,,,,
6721,1833.06,4150.37,4921.22,467.7,268.04,-124.63,-3758.34,-28720.27,1596.39,17210.5,-5788.43,175.04,-2155.95,-5613.39,-7769.34,,,,,,,,,
6731,1812.98,4257.66,4922.84,495.79,280.11,-99.75,-3806.3,-28612.11,1588.18,17158.42,-5853.32,175.66,-2002.19,-5677.66,-7679.85,,,,,,,,,
6741,1856.2,4290.94,4941.49,479.88,257.12,-104.67,-3855.1,-28510.16,1553.57,17072.33,-5851.31,178.29,-2018.41,-5673.02,-7691.43,,,,,,,,,
6751,1843.81,4225.06,4934.3,477.45,261.66,-106.85,-3820.56,-28707.07,1579.48,17183.6,-5807.91,175.74,-2129.11,-5632.17,-7761.28,,,,,,,,,
6761,1798.27,4310.23,4949.22,493.57,282.71,-120.07,-3796.56,-28729.07,1586.18,17203.79,-5786.66,174.24,-2021.71,-5612.42,-7634.13,,,,,,,,,
6771,1845.09,4231.42,4976.27,479.75,254.47,-127.85,-3846.5,-28471.41,1562.57,17168.99,-5936.93,176.77,-1927.19,-5760.16,-7687.35,,,,,,,,,
6781,1759.28,4245.83,4928.78,479.83,248.95,-138.67,-3786.5,-28618.83,1608.25,17249.47,-5874.77,177.26,-2023.61,-5697.51,-7721.12,,,,,,,,,
6791,1818.85,4180.68,4939.75,476.85,286.22,-96.49,-3848.11,-28537.27,1548.47,17245.8,-5933.99,175.14,-1985.24,-5758.85,-7744.09,,,,,,,,,
6801,1778.59,4241.77,4967.35,482.26,279.59,-111.55,-3856.07,-28442.84,1601.73,17210.29,-6003.18,173.31,-1848.88,-5829.88,-7678.76,,,,,,,,,
6811,1810.66,4261.72,4955.65,483.03,266.63,-135.63,-3759.44,-28403.49,1597.69,17184.64,-6038.28,178.06,-1738.54,-5860.22,-7598.76,,,,,,,,,
6821,1755.55,4346.4,4979.11,489.36,274.08,-109.4,-3819.5,-28365.93,1571.52,16995.54,-5944.2,173.3,-1883.27,-5770.9,-7654.18,,,,,,,,,
6831,1768.25,4292.38,4960.29,488.06,275.8,-121.14,-3795.34,-28528.37,1597.59,17081.65,-5900.81,175.64,-1980.82,-5725.17,-7705.99,,,,,,,,,
6841,1822.05,4202.46,4902.91,466.28,255.08,-104,-3868.84,-28483.29,1598.07,17068.7,-5872.98,173.53,-2140.57,-5699.45,-7840.02,,,,,,,,,
6851,1800.98,4257.19,4947.46,463.06,268.74,-125.32,-3799.76,-28590.23,1561.04,17121.95,-5813.44,172.18,-2094.89,-5641.27,-7736.16,,,,,,,,,
6861,1747.71,4234.98,4969.49,484.89,268.55,-122.69,-3812.75,-28512.98,1588.33,17032.68,-5795.99,172.08,-2121.76,-5623.91,-7745.67,,,,,,,,,
6871,1822.13,4282.85,4997.92,477.7,273.22,-117.68,-3849.98,-28546.66,1591.97,17054.91,-5809.57,171.67,-2013.61,-5637.9,-7651.51,,,,,,,,,
6881,1806.88,4274.76,4983.45,470.88,268.07,-126.72,-3832.22,-28488.68,1605.39,17060.7,-5872.87,173.08,-1977.47,-5699.79,-7677.27,,,,,,,,,
6891,1758.24,4255.61,4979.71,484.77,288.92,-146.59,-3848.02,-28655.8,1586.2,17159.81,-5779.78,168.9,-2137.14,-5610.88,-7748.02,,,,,,,,,
6901,1897.72,4222.84,4975.03,483.69,282.94,-120.78,-3846.11,-28442.59,1567.55,16999.02,-5896.62,174.67,-1980.68,-5721.95,-7702.63,,,,,,,,,
6911,1818.18,4274.38,4924.21,477.54,268.95,-98.96,-3799.64,-28748.2,1580.08,17159.24,-5740.81,172.14,-2144.21,-5568.67,-7712.89,,,,,,,,,
6921,1791.6,4263.02,4969.02,482.2,272.9,-107.77,-3815.45,-28664.64,1605.39,17054.42,-5713.64,172.47,-2149.32,-5541.17,-7690.49,,,,,,,,,
6931,1773.19,4178.94,4965.13,459.9,265.29,-100.6,-3819.47,-28701.49,1610.83,17075.24,-5665.38,172,-2293.05,-5493.38,-7786.43,,,,,,,,,
6941,1849.67,4169.37,4921,462.66,266.98,-100.96,-3818.56,-28585.28,1535.09,17033.56,-5740.25,178.22,-2266.46,-5562.02,-7828.49,,,,,,,,,
6951,1833.58,4269.37,4963.54,480.32,270.54,-107.46,-3855.61,-28685.82,1564.48,17148.66,-5724.03,174.05,-2118.39,-5549.98,-7668.37,,,,,,,,,
6961,1796.4,4197.25,4937.36,473.26,262.35,-108.08,-3829.21,-28670.83,1598.52,17188.19,-5805.94,174.28,-2154.8,-5631.66,-7786.46,,,,,,,,,
6971,1793.31,4268.55,4899.62,482.95,286.4,-80.98,-3835.52,-28773.43,1597.51,17188.47,-5697.93,169.52,-2173.1,-5528.41,-7701.51,,,,,,,,,
6981,1819.58,4165.29,4940.25,481.76,274.06,-92.42,-3857.44,-28743.22,1588.83,17144.38,-5683.04,171.08,-2278.92,-5511.97,-7790.89,,,,,,,,,
6991,1800.38,4249.83,4953.98,478.32,268.16,-108.49,-3862.2,-28901.5,1592.68,17169.56,-5605.03,168.8,-2359.27,-5436.23,-7795.51,,,,,,,,,
7001,1812.01,4234.23,4938.57,483.93,265.49,-124.73,-3874.2,-28639.88,1576.48,17117.8,-5752.17,170.98,-2210.3,-5581.19,-7791.49,,,,,,,,,
7011,1813.89,4237.4,4961.32,493.9,277.59,-111.44,-3811.54,-28692.55,1583.1,17193.23,-5799.02,175.83,-2055.11,-5623.19,-7678.29,,,,,,,,,
7021,1792.14,4306.5,4983.93,470.85,272.69,-145.64,-3810.8,-28735.24,1585.39,17112.99,-5706.31,174.91,-2167.19,-5531.41,-7698.59,,,,,,,,,
7031,1779.13,4212.46,4963.25,477.11,295.5,-99.7,-3829.16,-28962.57,1583.7,17375.36,-5678.68,172.67,-2204.91,-5506.01,-7710.92,,,,,,,,,
7041,1818.89,4326.11,4987.96,484.11,278.89,-131.18,-3836.53,-28887.29,1560.73,17158.46,-5587.15,169.93,-2239.85,-5417.22,-7657.07,,,,,,,,,
7051,1795.42,4223.67,4979.6,480.97,261.92,-126.01,-3801.28,-28919.36,1614.73,17242.02,-5602.75,168.24,-2248.34,-5434.51,-7682.85,,,,,,,,,
7061,1755.62,4302.93,4900.13,470.99,252.63,-107.02,-3796.1,-28823.98,1621.18,17221.87,-5659.27,170.55,-2201.75,-5488.72,-7690.47,,,,,,,,,
7071,1755.42,4299.88,4952.02,464.27,265.63,-120.05,-3824.93,-28674.14,1597.3,17176.47,-5778.82,174.36,-2108.14,-5604.46,-7712.6,,,,,,,,,
7081,1852.22,4145.49,4946.82,478.53,255.65,-131.81,-3822.98,-28780.94,1599.77,17282.69,-5755.26,169.45,-2174.56,-5585.81,-7760.37,,,,,,,,,
7091,1795.03,4231.2,4988.47,492.51,260.71,-133.67,-3841.66,-28914.97,1616.06,17208.18,-5535.18,172.07,-2298.14,-5363.11,-7661.25,,,,,,,,,
7101,1800.49,4249.22,4950.9,481.87,275.05,-123.36,-3754.77,-28802.16,1573.14,17206.93,-5749.95,173.07,-2142.69,-5576.88,-7719.57,,,,,,,,,
7111,1708.37,4177.41,4959.42,480.34,262.48,-111.19,-3824.89,-28759.85,1580.5,17309.22,-5786.5,172.75,-2218.19,-5613.75,-7831.95,,,,,,,,,
7121,1811.16,4265.11,4982.21,459.77,274.23,-113.9,-3797,-28575.61,1607.68,17104.3,-5805.55,173.34,-1982.05,-5632.2,-7614.25,,,,,,,,,
7131,1832.99,4171.84,4972.82,470.96,277.39,-112.28,-3786.53,-28613.12,1587.08,17164.74,-5882.13,174.68,-2034.09,-5707.45,-7741.54,,,,,,,,,
7141,1821.58,4298.13,4953.88,478.97,268.61,-126.61,-3773.13,-28580.56,1594.57,17178.66,-5895.08,177.36,-1885.92,-5717.72,-7603.63,,,,,,,,,
7151,1812.48,4182.96,4957.32,468.07,273.32,-113.62,-3854.96,-28662.97,1578.12,17226.45,-5842.21,170.63,-2132.84,-5671.57,-7804.41,,,,,,,,,
7161,1816.61,4171.8,4944.79,483.05,272.68,-136.95,-3816.52,-28732.61,1604.93,17349.15,-5818.75,172.76,-2043.05,-5645.99,-7689.04,,,,,,,,,
7171,1788.11,4201.45,4917.48,462.3,248.72,-117.18,-3788.6,-28854.92,1638.72,17181.41,-5647.01,169.25,-2322.49,-5477.75,-7800.25,,,,,,,,,
7181,1788.87,4267,4959.67,473.1,272.49,-134.93,-3827.65,-28653.15,1583.41,17104.45,-5727.52,172.98,-2166.73,-5554.54,-7721.27,,,,,,,,,
7191,1824.12,4195.87,4917.89,471.31,279.67,-117.87,-3816.76,-28621.92,1598.42,17068.77,-5779.73,171.35,-2200.49,-5608.38,-7808.87,,,,,,,,,
7201,1767.85,4188.57,4977.18,472.72,280.57,-113.02,-3808.34,-28810.29,1592.82,17300.17,-5789.61,174.94,-2151.76,-5614.67,-7766.43,,,,,,,,,
7211,1742.2,4156.4,4965.38,459.86,267.16,-97.62,-3831.59,-28583.3,1571.84,17210.17,-5870.82,175.78,-2139.49,-5695.04,-7834.53,,,,,,,,,
7221,1800.11,4268.69,4914.79,467.65,280.52,-89.99,-3880.88,-28560.17,1548.9,17129.69,-5806.68,174.78,-2120.68,-5631.9,-7752.57,,,,,,,,,
7231,1800.58,4240.65,4972.1,471.76,259.83,-93.37,-3815.29,-28565.58,1578.46,17103.06,-5872.82,174.99,-2047.79,-5697.83,-7745.62,,,,,,,,,
7241,1817.15,4257.54,4955.97,484.08,250.63,-90.38,-3845.63,-28642.32,1604.71,17121.37,-5764.84,174.4,-2086.88,-5590.44,-7677.32,,,,,,,,,
7251,1874.63,4226.2,4947.29,478.49,273.13,-96.28,-3854.45,-28593.87,1575.04,17227.77,-5880.2,172.39,-1942.05,-5707.81,-7649.86,,,,,,,,,
7261,1788.41,4236.79,4960.57,482.86,266.35,-153.86,-3837.23,-28494.82,1599.2,17156.2,-5915.92,174.01,-1995.54,-5741.91,-7737.45,,,,,,,,,
7271,1747.94,4140.22,4966.13,496.6,281.39,-81.03,-3828.24,-28770.42,1610.25,17270.47,-5755.1,169.97,-2166.69,-5585.12,-7751.81,,,,,,,,,
7281,1769.23,4273.1,4906.99,474.64,267.58,-117.83,-3836.31,-28680.29,1557.36,17208.14,-5745.33,172.65,-2177.39,-5572.68,-7750.08,,,,,,,,,
7291,1789,4326.54,4950.18,496.37,274.91,-138.78,-3776.41,-28664.4,1581.43,17082.02,-5709.6,174.41,-2079.14,-5535.19,-7614.33,,,,,,,,,
7301,1783.53,4235.64,4944.59,478.48,266.64,-101.17,-3820.01,-28772.69,1578.48,17141.89,-5651.91,169.09,-2264.63,-5482.82,-7747.45,,,,,,,,,
7311,1784.35,4237.89,4971.72,482.92,263.07,-134.5,-3838.45,-28562.89,1614.15,17014.66,-5765.8,170,-2167.08,-5595.8,-7762.88,,,,,,,,,
7321,1776.99,4221,4988.51,488.06,279.41,-125.42,-3808.08,-28820.68,1613.15,17189.77,-5639.69,167.75,-2197.29,-5471.94,-7669.23,,,,,,,,,
7331,1804.53,4254.89,4924.29,483.53,256.59,-155.64,-3826.23,-28671.38,1581.71,17125.37,-5738.47,172.21,-2222.33,-5566.26,-7788.59,,,,,,,,,
7341,1813.76,4223.1,4986.71,480.24,275.48,-136.71,-3850.87,-28676.17,1591.17,17066.27,-5686.31,171.42,-2227.02,-5514.89,-7741.92,,,,,,,,,
7351,1789.7,4256.96,4965.26,467.84,273.83,-145.76,-3812.34,-28937.78,1611.73,17160.04,-5560.74,170.99,-2370.51,-5389.75,-7760.26,,,,,,,,,
7361,1827.6,4288.73,4938.99,479.36,272.28,-142.06,-3805.13,-28758.85,1564.94,17132.85,-5684,172.38,-2201.28,-5511.62,-7712.9,,,,,,,,,
7371,1869.33,4194.54,4993.88,467.1,271.69,-137.99,-3768.51,-28728.74,1585.23,17018.09,-5664.42,175.37,-2235.37,-5489.05,-7724.42,,,,,,,,,
7381,1824.97,4208.29,4947.55,474.4,259.68,-124.81,-3796.22,-28757.17,1558.18,17060.69,-5689.88,174.27,-2344.45,-5515.61,-7860.06,,,,,,,,,
7391,1824.44,4181.88,4939.95,479.81,281.01,-136.32,-3781.24,-28688.05,1600.09,17197.34,-5782.42,178.35,-2101.09,-5604.07,-7705.16,,,,,,,,,
7401,1789.05,4170.05,4937.21,465.14,263.72,-144.73,-3774.84,-28730.42,1615.83,17144.5,-5722.33,175.71,-2264.5,-5546.62,-7811.12,,,,,,,,,
7411,1784.72,4216.83,4932.85,461.42,257.25,-102.97,-3801.34,-28824.34,1621.57,17156.44,-5637.17,173.57,-2297.55,-5463.59,-7761.15,,,,,,,,,
7421,1799.67,4178.6,4993.95,473.42,264.23,-110.26,-3790.35,-28697.32,1596.71,17093.04,-5748.37,173.64,-2198.3,-5574.73,-7773.03,,,,,,,,,
7431,1844.69,4172.16,4982.18,474.96,262.44,-140.96,-3810.34,-28862.35,1612.42,17209.31,-5638.1,172.22,-2255.51,-5465.87,-7721.38,,,,,,,,,
7441,1816.98,4185.75,4964.43,471.92,288.22,-115.63,-3824.32,-28705.06,1580.59,17125.37,-5708.25,175.57,-2211.74,-5532.68,-7744.42,,,,,,,,,
7451,1777.25,4190.77,4934.23,475.48,291.33,-145.72,-3792.93,-28653.03,1614.14,17118.1,-5733.19,172.43,-2190.37,-5560.76,-7751.13,,,,,,,,,
7461,1801.8,4208.58,4957.25,481.52,270.21,-134.08,-3803.74,-28909.52,1580.88,17273.37,-5699.18,175.62,-2273.74,-5523.56,-7797.31,,,,,,,,,
7471,1850.18,4200.29,4967.95,471.02,278.33,-138.83,-3817.1,-28798.83,1582.59,17145.93,-5697.65,173.38,-2258.46,-5524.27,-7782.73,,,,,,,,,
7481,1829.41,4290.5,4978.52,496.48,263.46,-132.23,-3815.16,-28715.39,1550.94,17007.56,-5705.44,170.61,-2245.91,-5534.83,-7780.73,,,,,,,,,
7491,1744.09,4150.39,4969.4,469.88,269.02,-145.53,-3815.18,-28853.34,1628.42,17189.45,-5637.95,173.95,-2393.4,-5464.01,-7857.41,,,,,,,,,
7501,1770.42,4235.02,4959.94,477.84,258.04,-112.9,-3763.7,-28867.02,1584.57,17133.14,-5609.79,173.19,-2324.64,-5436.6,-7761.23,,,,,,,,,
7511,1820.18,4284.62,4967.75,486.63,268.71,-151.42,-3830.91,-28745.76,1592.36,17151.45,-5756.23,173.82,-2156.39,-5582.41,-7738.8,,,,,,,,,
7521,1830.52,4206.35,4943.05,481.28,275.44,-130.91,-3816.99,-28743.07,1575.91,17134.83,-5686.8,171.65,-2243.59,-5515.14,-7758.74,,,,,,,,,
7531,1750.34,4228.42,4923.71,473.98,282.04,-124.59,-3820.07,-28887.01,1590.9,17106.74,-5554.49,170.1,-2475.55,-5384.39,-7859.94,,,,,,,,,
7541,1822.73,4277.04,4937.71,487.16,255.16,-104.32,-3795.44,-28724.16,1583.16,17082.12,-5717.56,173.19,-2178.85,-5544.37,-7723.21,,,,,,,,,
7551,1812.98,4243.85,4975.84,485.53,266.21,-120.78,-3798.4,-28782.86,1608.01,17223.7,-5745.12,174.03,-2085.93,-5571.08,-7657.01,,,,,,,,,
7561,1786.53,4248.04,4928.9,488.87,275.95,-115.87,-3765.85,-28732.24,1604.47,17161.7,-5764.68,172.38,-2119.5,-5592.29,-7711.79,,,,,,,,,
7571,1786.42,4198.86,4949.82,463.66,284.52,-123.67,-3787.13,-28682.71,1603.78,17172.68,-5816.11,174.24,-2133.77,-5641.87,-7775.64,,,,,,,,,
7581,1799.42,4248.56,4945.45,472.45,269.74,-142.43,-3799.24,-28693.57,1590.06,17162.62,-5789.66,172.11,-2146.93,-5617.55,-7764.47,,,,,,,,,
7591,1806.9,4318.11,4937.17,468.67,279.16,-85.93,-3860.45,-28539.05,1577.92,16995.8,-5740.99,171.48,-2101.69,-5569.5,-7671.2,,,,,,,,,
7601,1803.95,4163.68,4952.8,477,263.77,-108.77,-3848.12,-28753.78,1589.07,17203,-5685.2,170.66,-2257.4,-5514.54,-7771.94,,,,,,,,,
7611,1702.97,4237.31,4987.82,478.49,288.7,-143.87,-3827.01,-28660.15,1600.77,17232.12,-5883.07,175.19,-2102.86,-5707.89,-7810.74,,,,,,,,,
7621,1861.18,4162.33,4945.42,477.78,277.94,-118.88,-3782.13,-28659.65,1594.95,17183.72,-5774.59,171.72,-2057.34,-5602.87,-7660.2,,,,,,,,,
7631,1835.55,4263.91,4915.71,464.92,264.91,-118.56,-3853.95,-28590.39,1583.87,17114.7,-5808.71,167.07,-2119.33,-5641.64,-7760.97,,,,,,,,,
7641,1833.13,4182.9,4948.17,477.01,282.67,-123.8,-3848.14,-28714.05,1577.59,17196.4,-5735.07,172.37,-2188.11,-5562.7,-7750.82,,,,,,,,,
7651,1798.52,4268.6,4948.98,477.81,283.98,-129.21,-3843.39,-28655.32,1600.16,17173.88,-5785.22,171.11,-2075.97,-5614.12,-7690.09,,,,,,,,,
7661,1805.82,4225.32,4955.77,467.26,265.36,-109.86,-3846.92,-28614.51,1576.32,17121.57,-5766.47,169.12,-2153.87,-5597.34,-7751.21,,,,,,,,,
7671,1805.75,4184.52,4950.86,484.86,266.96,-92.18,-3827.72,-28691.45,1578.93,17161.94,-5785.2,172.63,-2177.52,-5612.57,-7790.09,,,,,,,,,
7681,1848.18,4155.93,4940.09,474.24,274.73,-149.2,-3817.1,-28650.64,1579.4,17195.41,-5824.82,174.62,-2148.95,-5650.2,-7799.16,,,,,,,,,
7691,1843.45,4161.5,4909.16,469.74,250.97,-108.96,-3787.81,-28573.5,1564.62,17171.07,-5855.06,174.46,-2099.75,-5680.61,-7780.36,,,,,,,,,
7701,1789.21,4200.37,4939.59,473.52,268.4,-105.34,-3836.66,-28734.97,1593.32,17254.8,-5767.32,168.51,-2157.77,-5598.81,-7756.58,,,,,,,,,
7711,1796.58,4265.78,4947.39,467.92,250.34,-109.92,-3803.15,-28664.63,1584.97,17207.1,-5808.71,176.81,-2057.62,-5631.91,-7689.52,,,,,,,,,
7721,1796.6,4268.51,4947.37,491.14,273.76,-90.78,-3834.38,-28571.35,1585.4,17134.19,-5822.5,177.41,-1999.54,-5645.09,-7644.63,,,,,,,,,
7731,1843.05,4216.36,4916.04,478.86,274.87,-97.9,-3832.09,-28526.81,1598.01,17081.04,-5828.52,171.42,-2048.56,-5657.09,-7705.66,,,,,,,,,
7741,1798.94,4244.17,4915.87,479.36,263.82,-106.23,-3771.21,-28633.24,1570.48,17175.45,-5825.91,172.95,-2062.58,-5652.95,-7715.53,,,,,,,,,
7751,1852.01,4185.53,4937.53,484.39,288.08,-103.19,-3858.08,-28626.4,1574.02,17138.39,-5741.14,173.17,-2127.71,-5567.97,-7695.68,,,,,,,,,
7761,1779.39,4239.87,4898.7,466.36,273.5,-103.7,-3837.21,-28639.59,1562.76,17233.74,-5825.08,170.02,-2126.17,-5655.07,-7781.24,,,,,,,,,
7771,1842.78,4223.4,4944.81,480.59,270.56,-122.45,-3830.28,-28451.05,1583.71,17094.74,-5914.96,176.51,-1963.19,-5738.45,-7701.64,,,,,,,,,
7781,1785.13,4259.72,4904.66,470.01,295.56,-112.02,-3826.16,-28735.64,1604.14,17188.89,-5750.19,175.06,-2165.71,-5575.14,-7740.85,,,,,,,,,
7791,1740.57,4218.84,4982.86,481.88,267.04,-128.66,-3846.42,-28643.97,1603.91,17223.26,-5827.11,174.09,-2100.68,-5653.02,-7753.7,,,,,,,,,
7801,1803.33,4279.79,4899.31,473.05,267.93,-114.14,-3811.97,-28469.72,1563.84,17160.65,-5945.44,175.99,-1947.93,-5769.45,-7717.38,,,,,,,,,
7811,1825.93,4217.98,4959.38,470.74,280.43,-126.47,-3875.13,-28707.49,1574,17177.37,-5726.16,174.17,-2203.25,-5551.99,-7755.24,,,,,,,,,
7821,1760.04,4226.3,4927.96,459.05,270.79,-113.56,-3785.12,-28587.52,1642.94,17256.07,-5887.71,176.34,-1943.04,-5711.36,-7654.4,,,,,,,,,
7831,1764.3,4269.62,4929.55,475.39,281.89,-77.71,-3831.01,-28367.89,1584.69,17094.39,-5962.09,176.57,-1876.77,-5785.52,-7662.28,,,,,,,,,
7841,1808.58,4255.09,4920.42,466.15,264.82,-120.62,-3782.37,-28598.22,1586.51,17174.15,-5845.56,176.39,-2025.51,-5669.17,-7694.68,,,,,,,,,
7851,1792.85,4177.37,4968.94,470.63,277.05,-144.6,-3799.5,-28635.18,1601.45,17196.51,-5827.92,175.98,-2094.47,-5651.94,-7746.41,,,,,,,,,
7861,1815.3,4200.44,4916.24,478.71,283.95,-87.91,-3849.37,-28500.69,1575.44,17160.01,-5920.66,173.17,-2007.89,-5747.49,-7755.37,,,,,,,,,
7871,1743.45,4149.42,4907.42,464.75,277.6,-117,-3824.16,-28525.52,1582.55,17183.12,-5920.49,176.99,-2158.37,-5743.5,-7901.87,,,,,,,,,
7881,1839.2,4156.43,4955.67,480.69,272.48,-113.13,-3837.28,-28602.18,1600.99,17210.78,-5837.91,174.37,-2036.35,-5663.55,-7699.9,,,,,,,,,
7891,1871.35,4258.29,4947.84,482.06,255,-96.57,-3807.23,-28439.2,1573.78,17119.16,-5924,177.06,-1835.5,-5746.94,-7582.44,,,,,,,,,
7901,1756.79,4108.19,4957.39,454.03,267.15,-122.87,-3793.6,-28729.87,1612.87,17198.82,-5691.27,174.09,-2291.09,-5517.19,-7808.28,,,,,,,,,
7911,1761.88,4146.03,4940.8,462.73,289.67,-102.08,-3842.12,-28713.71,1642.6,17258.69,-5819.04,172.82,-2155.52,-5646.22,-7801.74,,,,,,,,,
7921,1731.6,4144.22,4912.21,474.45,276.75,-140.28,-3790.46,-28677.8,1619.73,17215.9,-5817.05,176.13,-2233.69,-5640.92,-7874.61,,,,,,,,,
7931,1792.36,4175.03,4959.69,472.55,292.58,-129.66,-3791.86,-28644.38,1601.47,17128.85,-5792.92,173.39,-2143.38,-5619.53,-7762.91,,,,,,,,,
7941,1833.96,4137.92,4928.28,472.88,270.51,-125.62,-3835.02,-28713.39,1593.64,17184.1,-5722.59,170.95,-2252.72,-5551.64,-7804.37,,,,,,,,,
7951,1815.26,4184.93,4962.73,484.3,257.01,-114.26,-3801.1,-28692.29,1576.14,17078.38,-5734.03,175.13,-2248.92,-5558.91,-7807.82,,,,,,,,,
7961,1827.91,4211.55,4974.84,482.24,264.73,-118.23,-3833.34,-28739.73,1576.26,17097.06,-5692.59,175.54,-2256.71,-5517.05,-7773.76,,,,,,,,,
7971,1789.16,4235.72,4938.37,487.07,278.94,-124.92,-3841.75,-28551.6,1595.2,17050.51,-5745.7,173.62,-2143.3,-5572.08,-7715.38,,,,,,,,,
7981,1780.92,4240.29,4973.67,480.03,285.65,-141.4,-3820.98,-28599.51,1599.34,17135.12,-5828.01,174.33,-2066.88,-5653.68,-7720.56,,,,,,,,,
7991,1825.14,4219.1,4977.39,475.13,283.35,-119.27,-3808.09,-28455.84,1582.66,17058.28,-5917.56,179.63,-1962.15,-5737.93,-7700.08,,,,,,,,,
8001,1788.77,4247.63,4928.05,468.64,255.28,-90.72,-3761.54,-28714.27,1623.02,17146.02,-5771.41,172.91,-2109.12,-5598.5,-7707.62,,,,,,,,,
8011,1838.15,4197.21,4963.69,487.9,272.05,-123.79,-3811.28,-28587.69,1617.79,17145.32,-5864.48,172.6,-2000.67,-5691.88,-7692.55,,,,,,,,,
8021,1788.49,4179,4885.02,462.83,251.53,-106.42,-3800.7,-28635.55,1584.82,17170.54,-5853.76,177.26,-2220.45,-5676.5,-7896.95,,,,,,,,,
8031,1807.13,4230.39,4901.41,474.81,270.37,-116.12,-3777.75,-28559.8,1579.15,17147.05,-5898.95,178.73,-2043.36,-5720.23,-7763.59,,,,,,,,,
8041,1781.75,4220.01,4921.34,485.16,268.02,-94.6,-3841.56,-28711.09,1613.67,17271.72,-5820.28,175.34,-2085.59,-5644.93,-7730.52,,,,,,,,,
8051,1832.67,4280.47,4947.25,502.48,268.13,-102.41,-3804.32,-28479.65,1599.12,17019.59,-5858.8,174.48,-1936.67,-5684.32,-7620.99,,,,,,,,,
8061,1836.75,4264.01,4912.93,478.71,262.77,-118.18,-3789.67,-28604.32,1570.87,17153.18,-5820.21,175.4,-2032.95,-5644.81,-7677.75,,,,,,,,,
8071,1788.33,4281.6,4973.64,470.65,255.4,-112.15,-3824.9,-28653.88,1592.09,17196.67,-5866.06,169.47,-2032.56,-5696.59,-7729.15,,,,,,,,,
8081,1831.38,4199.5,4961.81,482.9,269.71,-97.91,-3839.44,-28561.43,1579.6,17173.97,-5890.96,175.28,-1999.91,-5715.68,-7715.58,,,,,,,,,
8091,1857.89,4283.79,4928.75,480.09,263.98,-135.38,-3822.43,-28621.62,1584.95,17184.48,-5851.34,175.38,-1995.5,-5675.96,-7671.47,,,,,,,,,
8101,1765.74,4237.08,4897.11,489.55,281.06,-139.27,-3771.07,-28715.46,1596.99,17261.95,-5811.13,177.59,-2096.32,-5633.54,-7729.87,,,,,,,,,
8111,1820.92,4161.52,4973.98,490.05,273.22,-102.51,-3738.93,-28720.86,1562.98,17253.64,-5839.12,177.71,-2025.99,-5661.4,-7687.39,,,,,,,,,
8121,1799.71,4221.79,4927.32,486.58,275.5,-123.58,-3797.92,-28646.66,1595.15,17187.72,-5856.78,174.57,-2074.39,-5682.21,-7756.6,,,,,,,,,
8131,1835.23,4319.26,4995.49,478.02,255.02,-126.8,-3815.44,-28581.98,1606.77,17184.28,-5850.83,171.36,-1850.14,-5679.47,-7529.61,,,,,,,,,
8141,1849.2,4274.55,4930.61,486.05,269.27,-100.25,-3811.47,-28591.91,1580.51,17148.73,-5882.22,176.02,-1964.72,-5706.2,-7670.92,,,,,,,,,
8151,1794.03,4313.32,4999.98,496.02,278.92,-126.56,-3827.81,-28691.95,1574.87,17228.01,-5819.67,172.83,-1961.17,-5646.84,-7608.01,,,,,,,,,
8161,1798.28,4104.88,4913.81,470.28,283.43,-103.4,-3779.95,-28567.48,1601.75,17192.22,-5895.35,174.51,-2086.19,-5720.83,-7807.02,,,,,,,,,
8171,1818.9,4217.27,4988.94,477.77,284,-97.82,-3830.29,-28448.64,1599.48,17158.75,-6002.99,175.86,-1831.65,-5827.13,-7658.78,,,,,,,,,
8181,1884.75,4219.48,4943.78,494.4,252.91,-111.84,-3805.89,-28490.23,1561.7,17149.13,-5948.1,176.59,-1901.81,-5771.51,-7673.32,,,,,,,,,
8191,1789.96,4284.66,4931.49,478.44,254.84,-109.24,-3840.84,-28712.44,1573.85,17282.37,-5833.4,172.78,-2066.91,-5660.62,-7727.53,,,,,,,,,
8201,1783.71,4228.89,4971.93,473.68,279.29,-119.17,-3776.87,-28610.16,1607.47,17216.03,-5882.49,175.83,-1945.21,-5706.66,-7651.87,,,,,,,,,
8211,1799.35,4227.88,4931.03,471.02,251.03,-96.28,-3815.93,-28740.55,1558.88,17254.48,-5808.12,174.47,-2159.09,-5633.65,-7792.74,,,,,,,,,
8221,1825.08,4093.75,4932.96,475.02,288.6,-129.25,-3817.86,-28604.27,1566.86,17178.16,-5877.55,175.12,-2190.95,-5702.43,-7893.38,,,,,,,,,
8231,1801.46,4222.89,4952.16,481.42,258.21,-113.96,-3814.74,-28719.53,1562.48,17245.16,-5831.35,176.33,-2124.45,-5655.02,-7779.47,,,,,,,,,
8241,1827.55,4225.76,4942.04,489.07,265.46,-113.62,-3832.24,-28800.18,1561.04,17266.71,-5730.59,174.33,-2168.42,-5556.26,-7724.68,,,,,,,,,
8251,1820.67,4196.15,4990.48,459.21,289.95,-124.3,-3823.82,-28638.89,1610.66,17128.57,-5774.99,172.9,-2091.33,-5602.09,-7693.41,,,,,,,,,
8261,1804.15,4193.02,4899.14,472.75,288.91,-118.44,-3815.61,-28723.86,1605.16,17176.83,-5753.98,168.44,-2217.92,-5585.54,-7803.47,,,,,,,,,
8271,1815.26,4172.5,4970.87,485.9,268.43,-149.99,-3782.33,-28888.65,1602.63,17280.5,-5657.56,173.3,-2224.88,-5484.26,-7709.15,,,,,,,,,
8281,1837.61,4232.69,4916.47,485.01,272.11,-148.54,-3809.22,-28989.74,1572.21,17279.85,-5623.47,171.93,-2351.55,-5451.53,-7803.08,,,,,,,,,
8291,1835.14,4194.16,4974.98,482.67,260.76,-125.64,-3868.46,-28639.71,1557.92,17246.12,-5844.69,171.1,-2082.05,-5673.59,-7755.63,,,,,,,,,
8301,1743.3,4173.32,4920.46,482.38,284.68,-123.15,-3812.1,-28987.72,1601.9,17339.56,-5646.56,170.39,-2377.37,-5476.17,-7853.53,,,,,,,,,
8311,1758.03,4210.16,4946.77,462.19,265.97,-110.36,-3819.3,-28813.95,1593.18,17278.4,-5758.6,172.12,-2228.9,-5586.48,-7815.38,,,,,,,,,
8321,1788.93,4208.4,4959.03,475.21,287.19,-107.58,-3814.08,-28844.42,1590.12,17261.14,-5708.04,170.14,-2196.08,-5537.9,-7733.97,,,,,,,,,
8331,1768.97,4219.2,4939.77,471.97,274.17,-129.5,-3768.63,-28717.09,1593.66,17196.76,-5776.52,177.44,-2150.72,-5599.08,-7749.8,,,,,,,,,
8341,1788.65,4185.37,4946.38,484.99,258.66,-101.94,-3789.62,-28795.75,1604.76,17334.62,-5774.29,173.18,-2083.89,-5601.12,-7685,,,,,,,,,
8351,1877.7,4206.67,4964.01,485.6,273.71,-101.6,-3809.77,-28783.23,1582.44,17235.35,-5762.73,173.93,-2069.12,-5588.8,-7657.91,,,,,,,,,
8361,1824.35,4233.26,4960.74,464.9,258.3,-122.32,-3814.18,-28740.89,1574.21,17285.5,-5802.49,168.9,-2076.13,-5633.59,-7709.72,,,,,,,,,
8371,1804.46,4289.93,4935.53,474.52,259.88,-133.89,-3811.32,-28919.56,1584.72,17340.79,-5736.94,176.17,-2174.94,-5560.78,-7735.72,,,,,,,,,
8381,1811.95,4270.39,4934.92,471.75,293.51,-147.49,-3743.51,-28895.35,1578.08,17145.91,-5636.84,175.85,-2279.85,-5460.99,-7740.84,,,,,,,,,
8391,1825.84,4137.23,4964.7,486.28,270.27,-130.97,-3813.14,-29025.54,1627.47,17332.42,-5589.94,173.1,-2325.43,-5416.84,-7742.28,,,,,,,,,
8401,1794.26,4267.16,4935.28,484.02,258.27,-122.39,-3825.93,-28934.57,1557.29,17271.11,-5626.29,171.09,-2315.49,-5455.2,-7770.69,,,,,,,,,
8411,1817.07,4261.35,4935.08,468.41,261.14,-127.94,-3809.38,-28908.32,1582.72,17279.54,-5685.99,172.18,-2240.34,-5513.82,-7754.15,,,,,,,,,
8421,1822.96,4077.93,4918.03,464.75,281.81,-133.17,-3799.25,-28893.68,1618.67,17333.38,-5695.51,175.4,-2308.57,-5520.11,-7828.69,,,,,,,,,
8431,1849.27,4182.46,4952.78,472.58,270.1,-112.65,-3783.01,-28866.39,1583.67,17243.05,-5690.37,174.29,-2208.14,-5516.08,-7724.23,,,,,,,,,
8441,1787.62,4210.52,4918.7,481.9,276.25,-138.17,-3802.15,-28958.45,1587.68,17286.92,-5610.74,174.58,-2349.18,-5436.16,-7785.34,,,,,,,,,
8451,1812.07,4230.78,4949.03,473.3,254.39,-152.47,-3794.88,-28924.75,1575.67,17254.71,-5633.59,170.84,-2322.16,-5462.75,-7784.91,,,,,,,,,
8461,1785.94,4225.68,4966.51,471.96,293.92,-129.13,-3760.26,-28879.11,1585.47,17311.14,-5704.78,179.63,-2127.89,-5525.16,-7653.04,,,,,,,,,
8471,1794.4,4185.63,4961.77,471.42,280.46,-145.54,-3808.24,-28713.99,1606.88,17270.2,-5777,175.33,-2097.01,-5601.67,-7698.68,,,,,,,,,
8481,1800.07,4212.86,4904.68,465.5,269.22,-121.43,-3810.42,-28657.11,1606.02,17245.12,-5796.33,175.05,-2085.5,-5621.28,-7706.78,,,,,,,,,
8491,1793.36,4255.91,4961.11,475.23,282.61,-151.21,-3805.14,-28747.54,1608.37,17188.46,-5716.61,175.05,-2138.85,-5541.56,-7680.41,,,,,,,,,
8501,1737.24,4233.34,4943.02,481.26,274.22,-90.71,-3823.32,-28851.72,1651.72,17207.35,-5685.71,173.73,-2237.59,-5511.98,-7749.58,,,,,,,,,
8511,1800.52,4241.16,4955.58,484.49,278.53,-126.35,-3807.37,-28810.94,1620.17,17188.9,-5702,174.11,-2175.31,-5527.88,-7703.19,,,,,,,,,
8521,1819.5,4231.87,4954.2,487.84,254.84,-122.49,-3810.01,-28860.97,1595.81,17235.92,-5662.37,172.03,-2213.49,-5490.35,-7703.84,,,,,,,,,
8531,1800.72,4286.31,4963.62,470.18,278.37,-125.16,-3800.42,-28672.77,1595.95,17120.77,-5776.09,175.15,-2082.44,-5600.95,-7683.39,,,,,,,,,
8541,1855.62,4232.31,4965.59,496.78,266.5,-121.69,-3773.63,-28853.4,1561.01,17106.73,-5571.73,174.19,-2264.18,-5397.53,-7661.71,,,,,,,,,
8551,1786.13,4202.08,4989.06,484.67,282.78,-104.43,-3815.11,-28809.06,1602.23,17243.31,-5662.7,174.28,-2138.32,-5488.42,-7626.74,,,,,,,,,
8561,1766.77,4307.34,4952.59,483.86,278.44,-127.03,-3796.95,-28833.12,1578.27,17211.09,-5671.82,172.16,-2178.75,-5499.66,-7678.41,,,,,,,,,
8571,1790.5,4232.98,4964.32,477.91,289.53,-133.52,-3776.58,-28836.97,1603.35,17300.57,-5743.31,178.59,-2087.91,-5564.72,-7652.63,,,,,,,,,
8581,1818.24,4284.71,4941.06,468.69,265.07,-111.24,-3817.93,-28622.54,1601.38,17181.14,-5856.75,173.1,-1991.42,-5683.65,-7675.07,,,,,,,,,
8591,1753.01,4187.4,4952.83,471.57,251.9,-99.53,-3743.23,-28583.49,1619.81,17086.46,-5813.23,174.5,-2103.27,-5638.72,-7741.99,,,,,,,,,
8601,1744.49,4306.17,4993.69,494.06,267.01,-117.95,-3837.09,-28476.05,1576.85,17067.89,-5897.15,176.22,-1980.94,-5720.93,-7701.87,,,,,,,,,
8611,1802.56,4262.56,4939.61,477.37,268.41,-100.82,-3861.69,-28617.51,1600.07,17165.01,-5823.32,169.59,-2064.43,-5653.73,-7718.16,,,,,,,,,
8621,1831.22,4221.07,4971.76,488.66,272.73,-119.02,-3845.72,-28620.41,1586.51,17155.72,-5813.11,173.31,-2057.47,-5639.79,-7697.27,,,,,,,,,
8631,1834.96,4171.72,4938.67,481.36,290.51,-95.16,-3812.79,-28642.14,1587.9,17080.44,-5786.96,171.13,-2164.53,-5615.83,-7780.36,,,,,,,,,
8641,1853.18,4294.44,4974.19,481.04,272.58,-132.07,-3819.78,-28788.38,1606.91,17237.36,-5771.11,173.4,-2020.52,-5597.71,-7618.23,,,,,,,,,
8651,1884.08,4204.2,4987.29,485.56,255,-137.68,-3841.68,-28747.4,1583.29,17226.5,-5784.9,169.46,-2100.83,-5615.44,-7716.27,,,,,,,,,
8661,1819.23,4259.98,4936.74,483.02,261.39,-137.24,-3832.92,-28489.12,1583.76,17164.92,-5923.84,171.28,-1950.24,-5752.56,-7702.81,,,,,,,,,
8671,1784.67,4202.52,4920.16,464.54,282.42,-96.79,-3802.23,-28594.81,1590.5,17173.46,-5862.63,173.29,-2075.55,-5689.34,-7764.89,,,,,,,,,
8681,1789.59,4338.15,4909.16,469.84,276.51,-110.6,-3835.06,-28515.74,1593.01,17089.3,-5881.78,175.09,-1995.85,-5706.69,-7702.54,,,,,,,,,
8691,1793.39,4214.2,4961.14,481.82,271.67,-122.55,-3843.34,-28626.27,1577.49,17214.42,-5835.67,175.02,-2078.02,-5660.65,-7738.67,,,,,,,,,
8701,1807.45,4254.57,4951.99,472.19,252.49,-123.8,-3848.01,-28549.98,1573.72,17115.35,-5858.67,174.25,-2094.02,-5684.43,-7778.44,,,,,,,,,
8711,1836.02,4203.24,4931.09,478.08,263.65,-91.65,-3831.02,-28664.85,1561.02,17105.01,-5763.12,173.51,-2209.39,-5589.61,-7799,,,,,,,,,
8721,1766.52,4161.16,4926.73,457.06,264.99,-109.55,-3832.81,-29022.25,1590.33,17229.57,-5484.31,169.98,-2568.23,-5314.33,-7882.56,,,,,,,,,
8731,1850.84,4215.68,4961.65,467.42,269.19,-121.03,-3849.9,-28924.45,1598.7,17216.83,-5610.87,172.2,-2315.08,-5438.67,-7753.75,,,,,,,,,
8741,1772.33,4218.2,4893.84,477.61,279.42,-112.38,-3805.53,-28744.8,1600.59,17170.99,-5745.16,174.72,-2249.74,-5570.44,-7820.18,,,,,,,,,
8751,1807.78,4273.63,4938.4,489.37,258.5,-141.12,-3824.76,-28721.72,1598.32,17204.29,-5775.74,171.2,-2117.31,-5604.54,-7721.85,,,,,,,,,
8761,1809.67,4187.03,4926.95,483.97,265.81,-132.68,-3791.29,-28596.37,1610.19,17260.72,-5919.58,172.73,-1976,-5746.85,-7722.85,,,,,,,,,
8771,1783.72,4168.58,4926.39,480.96,275.16,-128.88,-3794.17,-28593.54,1607.09,17236.8,-5920.71,172.88,-2037.9,-5747.83,-7785.72,,,,,,,,,
8781,1814.59,4335.72,4950.94,476.24,264.5,-147.42,-3839.01,-28521.16,1545.48,17157.41,-5930.33,173.7,-1962.72,-5756.63,-7719.35,,,,,,,,,
8791,1812.38,4197.54,4905.11,479.08,273.53,-93,-3854.25,-28667.6,1595.1,17301.92,-5853.42,171.72,-2050.2,-5681.7,-7731.9,,,,,,,,,
8801,1792.18,4277.5,4950.96,473.01,284.4,-151.01,-3826.65,-28508.44,1580.31,17164.5,-5944.58,173.57,-1963.25,-5771.02,-7734.26,,,,,,,,,
8811,1764.31,4207.1,4931.69,471.11,276.26,-101.82,-3822.91,-28531.93,1576.68,17243.23,-5967.52,176.96,-1986.28,-5790.55,-7776.83,,,,,,,,,
8821,1806.45,4216.65,4901.24,488.24,259.64,-105.41,-3810.15,-28455.89,1595.62,17140.83,-5954.06,174.56,-1962.79,-5779.5,-7742.29,,,,,,,,,
8831,1846.55,4238.57,4910.04,487.37,282.7,-107.42,-3754.71,-28528.58,1587.19,17158.41,-5937.2,172.93,-1879.88,-5764.27,-7644.15,,,,,,,,,
8841,1825.1,4293.19,4959.9,488.58,263.43,-117.77,-3766.99,-28576.47,1586.81,17115.99,-5819.77,174.63,-1928.24,-5645.14,-7573.39,,,,,,,,,
8851,1850.27,4205.22,4932.42,478.3,277.72,-129.4,-3835.37,-28668.69,1574.08,17188.35,-5796.1,172.98,-2127.1,-5623.11,-7750.22,,,,,,,,,
8861,1744.78,4217.53,4907.67,473.35,279.06,-103.35,-3853.92,-28669.38,1621.64,17261.4,-5833.07,175.46,-2121.23,-5657.61,-7778.84,,,,,,,,,
8871,1778.82,4238.51,4924.21,464.12,281.19,-134.85,-3796.83,-28601.17,1583.32,17138.92,-5840.82,176.31,-2123.76,-5664.5,-7788.26,,,,,,,,,
8881,1822.66,4259.86,4972.14,473.04,272.67,-111.9,-3798.12,-28690.69,1574.14,17184.4,-5760.14,172.84,-2041.8,-5587.29,-7629.09,,,,,,,,,
8891,1739.63,4079.27,4906.6,470.27,260.06,-110.84,-3791.12,-28684.68,1646.52,17338.38,-5830.38,172.08,-2145.91,-5658.3,-7804.21,,,,,,,,,
8901,1813.59,4247.87,4928.85,485.13,270.83,-125.69,-3783.02,-28607.51,1596.89,17151.68,-5828.73,177.61,-2021.39,-5651.13,-7672.51,,,,,,,,,
8911,1874.83,4188.78,4910.07,494.49,287.18,-124.07,-3821.4,-28585.52,1572.56,17159.27,-5857.41,176.94,-2043.8,-5680.47,-7724.27,,,,,,,,,
8921,1845.5,4269.73,4939.55,487.46,285.87,-118.61,-3794.31,-28704.78,1586.02,17194.68,-5761.38,174.51,-2008.91,-5586.87,-7595.77,,,,,,,,,
8931,1789.4,4245.35,4923.09,474.94,276.84,-115.08,-3827.91,-28604.13,1610.02,17195.61,-5875.67,176.45,-2031.87,-5699.22,-7731.09,,,,,,,,,
8941,1776.04,4275.08,4943.09,492.74,277.6,-116.08,-3787.24,-28806.73,1613.55,17289.02,-5759.5,176.73,-2042.94,-5582.76,-7625.7,,,,,,,,,
8951,1806.53,4179.95,4950.03,468.77,267.83,-117.22,-3766.77,-28740.38,1597.29,17219.53,-5802.16,178.13,-2134.44,-5624.04,-7758.47,,,,,,,,,
8961,1766.37,4147.98,4920.17,464.93,271.19,-114.6,-3778.02,-28741.55,1590.68,17277.57,-5840.81,178.78,-2195.28,-5662.04,-7857.32,,,,,,,,,
8971,1789.38,4290.99,4977.29,485.59,285.79,-136.34,-3782.92,-29013.96,1608.69,17282.41,-5593.2,172.96,-2213.08,-5420.24,-7633.32,,,,,,,,,
8981,1809.48,4227.89,4951.75,487,252.99,-146.37,-3776.59,-28794.56,1552.44,17238.44,-5765.28,177.8,-2197.54,-5587.48,-7785.02,,,,,,,,,
8991,1793.61,4203.74,4961.92,495.83,252.67,-122.08,-3771.48,-28874.5,1632.77,17236.95,-5717.61,176.3,-2190.56,-5541.31,-7731.87,,,,,,,,,
9001,1798.8,4196.49,4953,476.26,272.23,-128.88,-3764.55,-28731.35,1608.73,17220.53,-5823.72,174.91,-2098.74,-5648.82,-7747.56,,,,,,,,,
9011,1842.98,4234.14,4945.84,464.94,273.49,-130.34,-3836.81,-28606.55,1587.33,17139.02,-5776.51,172.47,-2085.96,-5604.04,-7690.01,,,,,,,,,
9021,1822.15,4190.98,4906.62,462.79,253.22,-124.18,-3747.54,-28587.12,1596.17,17151.9,-5881.46,179.15,-2075.01,-5702.32,-7777.33,,,,,,,,,
9031,1784.41,4229.77,4957.91,479.52,259.67,-139.27,-3732.53,-28852.41,1607.51,17292.81,-5748.18,177.77,-2112.61,-5570.42,-7683.03,,,,,,,,,
9041,1769.47,4161.36,4944.62,471.56,280.02,-135.38,-3791.52,-28601,1601.73,17233.36,-5855.23,174.37,-2065.78,-5680.86,-7746.64,,,,,,,,,
9051,1821.1,4274.43,4926.12,477.18,282.21,-126.01,-3752.07,-28639.03,1586.08,17096.19,-5781.32,180.08,-2053.8,-5601.24,-7655.04,,,,,,,,,
9061,1759.25,4238.52,4975.26,476.19,260.56,-123.5,-3749.57,-28732.21,1656.15,17242.71,-5800.38,174.99,-1996.63,-5625.39,-7622.02,,,,,,,,,
9071,1773.16,4239.33,4972.76,475.83,287.05,-134.66,-3771.84,-28923.89,1592.84,17251.44,-5660.41,174.07,-2237.99,-5486.35,-7724.34,,,,,,,,,
9081,1873.49,4328.93,4966.82,481.99,269.44,-158.59,-3769.15,-28641.75,1518.62,16987.39,-5723.83,174.34,-2142.82,-5549.49,-7692.31,,,,,,,,,
9091,1806.52,4230.59,4984.94,468.16,253.29,-127.65,-3762.46,-28725.91,1602.05,17175.55,-5776.82,175.65,-2094.92,-5601.17,-7696.08,,,,,,,,,
9101,1785.74,4225.26,4920.98,476.01,275.45,-160.82,-3794.43,-28835.46,1610.5,17350.46,-5765.66,172.73,-2146.3,-5592.93,-7739.23,,,,,,,,,
9111,1796.53,4239.21,4915.38,487.4,282.89,-138.3,-3796.54,-28780.1,1570.62,17270.89,-5778.8,174.29,-2152.02,-5604.51,-7756.54,,,,,,,,,
9121,1886.88,4278.86,4959.83,491.88,289.71,-116.88,-3740.97,-28556.78,1570.01,17090.26,-5893.59,179.59,-1847.19,-5714,-7561.19,,,,,,,,,
9131,1872.18,4197.62,4961.3,468.68,266.89,-93.73,-3806.39,-28668.38,1573.16,17267.2,-5859.14,176.57,-1961.46,-5682.57,-7644.04,,,,,,,,,
9141,1768.33,4158.17,4914,474.74,281.84,-122.9,-3790.26,-28803.83,1603.15,17341.24,-5750.51,177.52,-2175.53,-5572.99,-7748.52,,,,,,,,,
9151,1835.74,4150.16,4985.92,468.35,266.12,-127.09,-3767.85,-28876.45,1590.03,17359.72,-5744.3,177.78,-2115.35,-5566.52,-7681.87,,,,,,,,,
9161,1784.76,4245.85,4943.65,470.49,283.62,-144.44,-3756.4,-28842,1617.84,17222.34,-5726.44,179.12,-2174.28,-5547.31,-7721.59,,,,,,,,,
9171,1863.09,4218.48,4877.68,485.8,273.51,-133.4,-3783.04,-28571.96,1563.02,17162.8,-5855.04,177.56,-2044.01,-5677.48,-7721.49,,,,,,,,,
9181,1785.03,4196.7,4964.38,468.82,291.67,-142.02,-3722.38,-28769.14,1620.12,17314.57,-5842.77,181.3,-1992.24,-5661.47,-7653.71,,,,,,,,,
9191,1797.11,4138.55,4953.86,478.29,262.83,-141.44,-3755.91,-28659.97,1596.28,17202.26,-5836.92,182.94,-2128.15,-5653.98,-7782.12,,,,,,,,,
9201,1848.41,4274,4970.93,499.49,272.74,-140.56,-3807.35,-28710.1,1593.8,17151.41,-5717.54,179.9,-2047.24,-5537.64,-7584.88,,,,,,,,,
9211,1820.85,4159.51,4946.09,477.22,242.36,-127.8,-3791.7,-28824,1564.2,17266.15,-5721.85,178.38,-2267.13,-5543.48,-7810.61,,,,,,,,,
9221,1770.98,4247.95,4931.01,468.9,263.7,-151.12,-3771.75,-28777.7,1559.67,17209.12,-5759.75,182.27,-2249.24,-5577.48,-7826.73,,,,,,,,,
9231,1764.71,4180.09,4938.5,461.29,281.98,-143.78,-3722.91,-28745.56,1608.57,17222.23,-5790.25,179.77,-2154.88,-5610.48,-7765.36,,,,,,,,,
9241,1788.51,4233.53,4921.32,479.25,254.29,-124.58,-3783.31,-28680.3,1586.59,17137.55,-5813.04,179.11,-2187.15,-5633.93,-7821.08,,,,,,,,,
9251,1762.38,4256.39,4912.82,473.38,268.19,-107.16,-3747.02,-28860.19,1611.87,17235.3,-5701.59,180.3,-2194.06,-5521.29,-7715.35,,,,,,,,,
9261,1814.59,4315.6,4932.59,483.24,273.79,-141.46,-3787.45,-28751.55,1581.57,17146.31,-5712.46,178.06,-2132.78,-5534.4,-7667.18,,,,,,,,,
9271,1818.22,4256.73,4953.48,473.26,270.02,-164.3,-3796.35,-28595.61,1585.4,17067.24,-5794.36,178.77,-2131.91,-5615.59,-7747.5,,,,,,,,,
9281,1801.87,4249.2,4936.89,462.28,280.16,-120.87,-3782.16,-28909.76,1586.7,17221.46,-5671.09,174.85,-2274.24,-5496.23,-7770.47,,,,,,,,,
9291,1793.78,4194.31,4940.83,482.43,241.2,-132.42,-3763.83,-28901.09,1612.33,17219.09,-5643.46,175.91,-2313.37,-5467.56,-7780.93,,,,,,,,,
9301,1810.57,4252.93,4931.16,489.08,272.01,-128.66,-3756.22,-28805,1631.2,17147.45,-5701.79,174.58,-2155.46,-5527.21,-7682.68,,,,,,,,,
9311,1783.02,4267.18,4929.66,470.22,251.89,-116.78,-3785.41,-28915.21,1594.24,17286.76,-5658.66,173.97,-2234.42,-5484.69,-7719.11,,,,,,,,,
9321,1824.97,4297.3,4953.93,491.9,269.26,-112.78,-3837.34,-28731.33,1611.78,17115.86,-5721.64,174.45,-2116.45,-5547.2,-7663.65,,,,,,,,,
9331,1781.07,4282.58,4967.93,477.42,276.45,-135.32,-3771.05,-28809.48,1595.25,17217.61,-5722.42,175.11,-2117.55,-5547.3,-7664.86,,,,,,,,,
9341,1787.29,4239.21,4939.87,467.65,290.91,-102.27,-3823.25,-28769.86,1597.7,17185.86,-5720.83,178.95,-2186.89,-5541.87,-7728.77,,,,,,,,,
9351,1807.35,4306.33,4942.82,477.3,272.33,-133.01,-3751.67,-28760,1602.91,17204.88,-5751.52,179.45,-2030.77,-5572.08,-7602.85,,,,,,,,,
9361,1731.93,4158.14,4942.09,491.83,286.63,-134.85,-3778.11,-28814.29,1606.02,17252.45,-5732.69,173.24,-2258.17,-5559.45,-7817.62,,,,,,,,,
9371,1780.8,4342.5,4923.79,486.99,268.47,-141.27,-3782.83,-28745.06,1580.98,17133.97,-5747.39,176.05,-2151.64,-5571.34,-7722.98,,,,,,,,,
9381,1842.03,4266.97,4997.6,484.46,275.02,-168.85,-3866.18,-28781.48,1582.14,17091.52,-5634.14,170.62,-2276.77,-5463.52,-7740.29,,,,,,,,,
9391,1863.87,4269.73,4958.08,490.85,281.35,-130.83,-3790.95,-28670.58,1577.94,17167.98,-5822.04,181.23,-1982.57,-5640.81,-7623.38,,,,,,,,,
9401,1773.47,4287.93,4945.31,478.42,276.32,-137.11,-3810.1,-28719.22,1549.55,17153.63,-5760.77,175.61,-2201.79,-5585.15,-7786.95,,,,,,,,,
9411,1742.92,4251.99,4898.76,467.59,279.58,-147.01,-3794.95,-28868.08,1604.78,17267.75,-5654.01,175.71,-2296.67,-5478.3,-7774.96,,,,,,,,,
9421,1755.17,4306.45,4923.76,473.7,284.2,-135.92,-3814.9,-28661.26,1591.77,17207.84,-5772.28,177.16,-2069.19,-5595.12,-7664.31,,,,,,,,,
9431,1836.91,4285.05,4917.46,495.05,262.52,-125.53,-3773.13,-28709.56,1601.62,17141.43,-5733.03,178.72,-2068.18,-5554.31,-7622.48,,,,,,,,,
9441,1794.75,4228,4928.47,487.55,290.85,-109.7,-3799.64,-28535.1,1569.95,17158.31,-5873.53,178.53,-1986.57,-5695,-7681.57,,,,,,,,,
9451,1766.73,4271.25,4946.53,465.41,259.54,-137.7,-3795.24,-28528.47,1599.31,17241.87,-5981.39,183.69,-1910.78,-5797.69,-7708.47,,,,,,,,,
9461,1808.28,4225.95,4938.1,481.52,265.22,-123.14,-3796.29,-28554.37,1587.34,17186.9,-5890.84,176.61,-1980.48,-5714.23,-7694.71,,,,,,,,,
9471,1868.39,4210.84,4925.86,471.34,269.25,-143.44,-3766.36,-28565.98,1604.45,17132.03,-5913.61,181.95,-1993.61,-5731.66,-7725.28,,,,,,,,,
9481,1755.57,4232.6,4900.94,474.69,274.91,-122.3,-3806.03,-28615.96,1589.05,17141.94,-5799.7,180.57,-2174.59,-5619.13,-7793.72,,,,,,,,,
9491,1809.61,4182.84,4939.72,476.7,291.41,-125.07,-3804.47,-28580.44,1593.71,17166.71,-5829.13,179.41,-2049.28,-5649.72,-7699,,,,,,,,,
9501,1814.26,4288.3,4915.16,482.79,260.3,-155.9,-3741.71,-28563.09,1588.67,17115.48,-5905.43,181.6,-1995.75,-5723.83,-7719.58,,,,,,,,,
9511,1834.26,4323.88,4951.86,472.76,284.08,-123.24,-3792.47,-28594.26,1572.19,17143.37,-5819.29,175.51,-1927.57,-5643.78,-7571.35,,,,,,,,,
9521,1794.57,4211.66,4938.57,490.9,264.09,-130.99,-3731.25,-28448.03,1579.32,17119.49,-5958.46,185.05,-1911.68,-5773.42,-7685.09,,,,,,,,,
9531,1747.43,4292.3,4905.73,487.94,269.61,-144.65,-3765.8,-28542.74,1590.6,17100.68,-5801.29,180.23,-2058.91,-5621.06,-7679.97,,,,,,,,,
9541,1805,4242.07,4900.63,479.5,268.19,-130.11,-3786.39,-28524.76,1572.76,17089.99,-5849.74,178.34,-2083.14,-5671.4,-7754.54,,,,,,,,,
9551,1856.18,4209.35,4933.37,470.47,266.04,-115.52,-3779.03,-28416.89,1589.35,17075.17,-5964.91,179.24,-1911.5,-5785.67,-7697.17,,,,,,,,,
9561,1797.93,4264.57,4950.8,480.71,262.57,-116.39,-3780.76,-28558.31,1600.06,17095.91,-5833.86,175.17,-2002.91,-5658.69,-7661.6,,,,,,,,,
9571,1788.09,4300.06,4967.96,491.22,263.45,-146.02,-3770.93,-28557.59,1588.83,17068.1,-5809.63,180.92,-2006.84,-5628.7,-7635.54,,,,,,,,,
9581,1878.46,4185.52,4933.29,473.73,275.69,-166.34,-3776.39,-28474.53,1557.53,17125.89,-5900.56,178.92,-1987.14,-5721.64,-7708.78,,,,,,,,,
9591,1815.32,4254.86,4962.11,472.77,272.9,-129.65,-3759.73,-28623.83,1564.83,17129.29,-5861.34,179.61,-2041.11,-5681.73,-7722.84,,,,,,,,,
9601,1814.72,4256.03,4905.76,489.1,245.42,-137.08,-3738.9,-28423.14,1575.26,17048.04,-5959.55,184.26,-1964.8,-5775.29,-7740.08,,,,,,,,,
9611,1849.49,4154.28,4955.44,479.63,302.1,-136.79,-3763.29,-28544.48,1560.11,17047.15,-5841.26,181.68,-2096.37,-5659.58,-7755.95,,,,,,,,,
9621,1836.09,4158.6,4951.82,477.13,285.31,-141.96,-3782.41,-28577.59,1576.14,17159.19,-5857.78,176.27,-2057.69,-5681.51,-7739.2,,,,,,,,,
9631,1780.18,4197.58,4965.87,477.23,283.67,-116.97,-3722.84,-28638.69,1627.91,17215.8,-5834.31,176.26,-1930.27,-5658.05,-7588.32,,,,,,,,,
9641,1753.49,4247.64,4926.74,475.71,272.37,-135.94,-3777.59,-28429.78,1596.06,17058.25,-5901.4,176.35,-2013.04,-5725.05,-7738.09,,,,,,,,,
9651,1843.34,4251.97,4964.81,498.66,271.32,-116.98,-3803.07,-28408.22,1578.81,17118.79,-5972.61,180.42,-1800.57,-5792.19,-7592.76,,,,,,,,,
9661,1781.25,4232.56,4927.73,472.2,280.69,-126.52,-3759.02,-28440.93,1599.62,17045.45,-5921.81,179.11,-1986.97,-5742.7,-7729.68,,,,,,,,,
9671,1792.6,4253.22,4927.09,469.84,271.96,-127.37,-3771.56,-28388.18,1591.54,17116.9,-6015.93,179.53,-1863.96,-5836.4,-7700.35,,,,,,,,,
9681,1799.4,4184.88,4954.51,462.32,282.87,-147.91,-3765.24,-28542.74,1604.84,17046.17,-5865.46,180.45,-2120.9,-5685.01,-7805.91,,,,,,,,,
9691,1824.35,4276.95,4945.93,486.89,269.4,-168.12,-3753.76,-28431.53,1605.79,17069.05,-5941.52,177.49,-1875.05,-5764.03,-7639.08,,,,,,,,,
9701,1809.62,4350.77,4959.07,483.96,268.44,-156.29,-3717.57,-28456.17,1604.15,17073.36,-5933,178.19,-1780.65,-5754.8,-7535.46,,,,,,,,,
9711,1876.85,4194.33,4947.92,487.34,253.05,-128.12,-3766.4,-28402.81,1596.32,16989.52,-5917.1,176.28,-1952.01,-5740.82,-7692.82,,,,,,,,,
9721,1757.76,4288.96,4922.55,485.75,278.08,-123.94,-3771.35,-28528.97,1609.06,17139.06,-5913.65,177.09,-1943.05,-5736.56,-7679.61,,,,,,,,,
9731,1740.42,4333.05,4933.05,472.29,269.42,-163.52,-3774.89,-28374.68,1583.96,17147.66,-6010.86,180.9,-1833.25,-5829.96,-7663.21,,,,,,,,,
9741,1738.46,4212.91,4971,464.12,274.07,-149.57,-3782.38,-28326.37,1596.86,17038.5,-5982.9,181.13,-1962.4,-5801.77,-7764.17,,,,,,,,,
9751,1821.93,4212.76,4949.02,464.19,262.51,-133.04,-3739.81,-28232.01,1587.2,16960.12,-6037.27,181.4,-1847.13,-5855.88,-7703.01,,,,,,,,,
9761,1867.27,4169.32,4921.27,481.33,278.7,-155.21,-3749.52,-28299.22,1584.92,17065.53,-6039.6,184,-1835.6,-5855.6,-7691.2,,,,,,,,,
9771,1755.46,4145.69,4913.97,452.77,258.92,-151.77,-3750.71,-28363.31,1600.19,17206.56,-6057.95,184.38,-1932.24,-5873.57,-7805.81,,,,,,,,,
9781,1791.99,4194.69,4963.74,480.59,271.82,-150.09,-3768.12,-28271.52,1564.09,17151.93,-6130.97,182.29,-1770.88,-5948.68,-7719.55,,,,,,,,,
9791,1733.52,4233.57,4931.18,470.45,247.74,-112.77,-3782.92,-28414.08,1616.78,17117.1,-5982.97,178.76,-1959.45,-5804.21,-7763.66,,,,,,,,,
9801,1783.02,4186.65,4940.16,473.91,279.78,-124.88,-3755.51,-28455.7,1593.31,17168.32,-5977.37,180.13,-1910.94,-5797.24,-7708.18,,,,,,,,,
9811,1836.75,4177.45,4884.97,477.4,254.59,-111.5,-3773.1,-28269.9,1574.83,17123.65,-6106.63,182.34,-1824.87,-5924.29,-7749.16,,,,,,,,,
9821,1842.61,4154.81,5017.09,495.45,265.09,-122.67,-3757.9,-28400.21,1595.62,17080.71,-5964,183.77,-1829.39,-5780.23,-7609.62,,,,,,,,,
9831,1778.64,4255.8,4935.01,488.76,269.16,-116.32,-3779.74,-28389.89,1577.91,17126.4,-5995.55,178.17,-1854.28,-5817.38,-7671.67,,,,,,,,,
9841,1815.33,4341.36,4922.08,485.03,275.91,-134.16,-3780.52,-28404.84,1570.13,17079.29,-5923.23,179.45,-1830.4,-5743.77,-7574.17,,,,,,,,,
9851,1796.19,4176.31,4949.7,454.5,281.92,-136.19,-3724.97,-28455.04,1584.21,17253.77,-6030.85,179.84,-1819.59,-5851.02,-7670.6,,,,,,,,,
9861,1865.24,4137.1,4945.65,469.9,277.95,-159.93,-3750.95,-28412.81,1606.06,17166.98,-6019.06,180.64,-1854.82,-5838.41,-7693.24,,,,,,,,,
9871,1861.7,4237.92,4924.66,484.58,288.11,-136.21,-3783.01,-28397.98,1603.13,17132.78,-6001.76,178.87,-1784.32,-5822.89,-7607.21,,,,,,,,,
9881,1757.21,4217.04,4953.15,489.05,267,-130.01,-3817.95,-28543.72,1606.38,17255.34,-5981.09,178.86,-1946.5,-5802.22,-7748.72,,,,,,,,,
9891,1783.13,4259.4,4951.23,479.18,262.62,-130.82,-3793.03,-28481,1577.08,17230.52,-5950.13,181.97,-1861.68,-5768.16,-7629.84,,,,,,,,,
9901,1800.16,4143.6,4977.51,464.23,288.03,-152.16,-3701.23,-28407.66,1596.67,17115.79,-6023.14,189.78,-1875.04,-5833.36,-7708.4,,,,,,,,,
9911,1772.43,4238.29,4933.81,476.24,279.81,-160.75,-3784.88,-28438.48,1592.2,17194.88,-5978.63,183.36,-1896.45,-5795.27,-7691.73,,,,,,,,,
9921,1816.68,4167.93,4893.23,488.79,269.79,-136.19,-3768.98,-28526.15,1595.9,17189.79,-5917.34,177.01,-2009.2,-5740.33,-7749.54,,,,,,,,,
9931,1801.32,4161.73,4948.95,478.26,279.39,-138.92,-3781.03,-28547.59,1596.68,17206.02,-5910.52,178.64,-1995.17,-5731.88,-7727.06,,,,,,,,,
9941,1789.48,4174.23,4966.79,487.03,258.12,-133.11,-3810.67,-28569.34,1597.73,17261.97,-5928.54,172.5,-1977.78,-5756.03,-7733.81,,,,,,,,,
9951,1853.18,4278.19,4940.15,476.06,271,-166.92,-3779.69,-28322.98,1609.83,17119.51,-6103.24,181.4,-1721.67,-5921.84,-7643.51,,,,,,,,,
9961,1771.51,4247.24,4899.02,480.85,265.04,-124.51,-3806.78,-28401.14,1627.7,17268.63,-6074.7,180.55,-1772.42,-5894.15,-7666.58,,,,,,,,,
9971,1821.78,4226.34,4959.4,475.98,257.3,-153.91,-3759.41,-28358.5,1601.34,17101.13,-6068.18,180.04,-1828.54,-5888.14,-7716.68,,,,,,,,,
9981,1817.27,4199.35,4944.66,473.97,261.17,-149.33,-3768.25,-28633.26,1622.53,17261.15,-5911.35,177.9,-1970.74,-5733.45,-7704.19,,,,,,,,,
9991,1797.33,4226.86,4942.78,471.78,282.44,-142.79,-3768.86,-28588.41,1599.97,17239.64,-5908.01,179.05,-1939.28,-5728.96,-7668.24,,,,,,,,,
10001,1825.29,4289.37,4900.49,502.96,288.67,-129.01,-3783.62,-28469.42,1588.65,17109.88,-5926.83,180.67,-1876.76,-5746.16,-7622.92,,,,,,,,,
,,,,,,,,,,,,,,,,,,,,,,,,
Ligand Energy Terms,,,,,,,,,,,,,,,,,,,,,,,,
Frame #,BOND,ANGLE,DIHED,UB,IMP,CMAP,VDWAALS,EEL,1-4 VDW,1-4 EEL,EGB,ESURF,GGAS,GSOLV,TOTAL,,,,,,,,,
1,13.96,261.39,17.04,0,0.73,0,5.51,-1.16,10.13,11.57,-67.53,3.81,319.16,-63.71,255.45,,,,,,,,,
11,15.63,272.36,18.21,0,0.07,0,7.03,-1.06,11.37,11.7,-69.35,3.83,335.29,-65.52,269.77,,,,,,,,,
21,17.55,261.31,16.08,0,0.37,0,3.15,-0.89,10.67,11.92,-69.28,3.83,320.16,-65.45,254.72,,,,,,,,,
31,12.33,262.13,14.85,0,0.49,0,6.96,-0.67,12.16,12.8,-68.93,3.8,321.06,-65.13,255.92,,,,,,,,,
41,14.88,263.91,16.26,0,0.03,0,3.17,-0.98,11.79,11.39,-69.89,3.81,320.45,-66.08,254.36,,,,,,,,,
51,12.36,260.35,17.76,0,0.38,0,3.71,-0.96,15.66,11.14,-68.72,3.84,320.4,-64.88,255.52,,,,,,,,,
61,16.53,273.41,16.08,0,0.06,0,1.8,-0.46,10.62,11.08,-70.69,3.81,329.12,-66.88,262.24,,,,,,,,,
71,13.94,264.38,14.55,0,0.24,0,7.93,-1.1,14.2,10.64,-69.33,3.84,324.78,-65.49,259.29,,,,,,,,,
81,16.63,268.69,15.16,0,0.17,0,4.59,-0.54,12.91,11.13,-67.91,3.85,328.74,-64.06,264.67,,,,,,,,,
91,14.6,265.44,15.82,0,0.34,0,3.21,-0.73,13.16,10.76,-69.19,3.82,322.6,-65.37,257.23,,,,,,,,,
101,14.66,257.83,17.06,0,0.06,0,3.03,-1.32,14.04,11.85,-68.66,3.82,317.21,-64.85,252.36,,,,,,,,,
111,13.34,262.07,15.41,0,0.08,0,7.83,-1.11,11.74,11.63,-68.85,3.84,321,-65.01,255.98,,,,,,,,,
121,19.81,266.59,17.33,0,0.02,0,4.14,-0.31,10.76,10.81,-69.05,3.84,329.15,-65.21,263.94,,,,,,,,,
131,14.63,262.59,17.5,0,0.14,0,7.14,-0.25,13.02,10.62,-67.94,3.81,325.37,-64.13,261.24,,,,,,,,,
141,11.38,256.54,17.7,0,0.24,0,9.54,-1.25,12.31,11.54,-68.42,3.83,318.01,-64.59,253.42,,,,,,,,,
151,13.41,263.58,16.63,0,0.16,0,10.17,-0.02,16.73,10.82,-68.32,3.8,331.47,-64.51,266.96,,,,,,,,,
161,11.82,266.45,16.39,0,0.28,0,5.71,-0.64,11.15,10.77,-68.63,3.82,321.94,-64.81,257.13,,,,,,,,,
171,12.77,267.79,14.18,0,0.08,0,6.22,-0.56,12.47,10.74,-68.68,3.83,323.7,-64.86,258.84,,,,,,,,,
181,16.45,260.04,16.58,0,0.11,0,3.08,-0.28,11.36,12.47,-68.01,3.84,319.83,-64.17,255.65,,,,,,,,,
191,13.82,258.59,19.12,0,0.37,0,5.31,-1.15,14.11,11.68,-67.28,3.78,321.85,-63.49,258.36,,,,,,,,,
201,11.49,274.7,18.32,0,1.19,0,0.56,-1.1,12.7,12.19,-68.76,3.83,330.05,-64.93,265.12,,,,,,,,,
211,12.21,270.19,13.97,0,0.29,0,1.18,0.13,12.01,10.59,-69.55,3.82,320.58,-65.73,254.85,,,,,,,,,
221,17.16,268.03,14.12,0,0.09,0,5.86,-0.52,11.34,11.32,-69.42,3.79,327.39,-65.63,261.77,,,,,,,,,
231,11.8,271.85,15.48,0,0.16,0,6.6,-0.79,15.78,11.16,-69.11,3.83,332.03,-65.28,266.76,,,,,,,,,
241,15.31,267.47,15.53,0,0.28,0,1.16,-0.67,12.74,11.5,-69.15,3.84,323.33,-65.31,258.02,,,,,,,,,
251,9.21,277.12,14.13,0,0.09,0,6.8,-0.57,13.94,10.85,-69.61,3.82,331.57,-65.79,265.79,,,,,,,,,
261,14.72,262.08,14.65,0,0.37,0,3.17,-1.42,11.39,11.86,-69.61,3.84,316.82,-65.77,251.06,,,,,,,,,
271,20.65,264.8,18.66,0,0.29,0,7.33,-0.86,11.05,11.95,-69.45,3.82,333.85,-65.63,268.23,,,,,,,,,
281,9.3,269.96,18.22,0,0.2,0,9.83,-0.95,15.14,10.57,-67.91,3.83,332.26,-64.08,268.17,,,,,,,,,
291,14.23,276.06,17.06,0,0.44,0,7.26,-0.77,10.43,12.08,-70.3,3.85,336.8,-66.45,270.34,,,,,,,,,
301,14.21,266,16.43,0,0.08,0,4.55,-1.33,10.63,11.96,-69.93,3.82,322.55,-66.1,256.44,,,,,,,,,
311,8.57,262.07,14.59,0,0.85,0,10.57,-1.79,11.32,12.88,-69.43,3.78,319.07,-65.65,253.42,,,,,,,,,
321,11.88,260.93,15.11,0,0.12,0,9.82,-0.94,12.73,11.94,-69.12,3.8,321.58,-65.31,256.26,,,,,,,,,
331,13.65,264.09,16.4,0,0.35,0,6.88,-1.11,10.81,11.62,-69.05,3.82,322.69,-65.22,257.47,,,,,,,,,
341,15.45,265.77,14.56,0,0.03,0,1.95,-0.56,14,10.42,-70.61,3.87,321.63,-66.74,254.89,,,,,,,,,
351,16.59,261.87,15.32,0,1.22,0,3.16,-0.3,12.15,10.67,-68.08,3.79,320.68,-64.29,256.39,,,,,,,,,
361,11.18,258.12,17.13,0,0.32,0,6.51,-0.72,12.58,11,-68.93,3.84,316.12,-65.09,251.03,,,,,,,,,
371,10.46,269.64,15.65,0,0.56,0,6.22,-1.08,13.4,12.1,-69.46,3.85,326.94,-65.61,261.34,,,,,,,,,
381,15.05,260.88,15.18,0,0.69,0,6.66,0.04,12.69,10.52,-68.1,3.82,321.71,-64.27,257.44,,,,,,,,,
391,17.59,260.93,16.31,0,0.05,0,4.14,-0.71,15.3,10.63,-68.53,3.8,324.23,-64.73,259.51,,,,,,,,,
401,15.98,262.88,18.59,0,0.23,0,2.27,-1.09,12.63,11.72,-69.49,3.85,323.22,-65.64,257.57,,,,,,,,,
411,15.12,262.04,18,0,0.11,0,7.12,-0.36,13.06,11.23,-69.25,3.8,326.33,-65.45,260.89,,,,,,,,,
421,13.44,263.82,14.04,0,0.29,0,9.52,-1.54,11.5,12.75,-69.96,3.84,323.81,-66.12,257.69,,,,,,,,,
431,13.97,263.02,16.18,0,0.13,0,5.03,-0.86,12.65,11.64,-68,3.79,321.77,-64.21,257.57,,,,,,,,,
441,17.86,271.17,16.4,0,0.12,0,5.48,-0.17,13.22,10.14,-67.77,3.78,334.23,-63.99,270.24,,,,,,,,,
451,14.18,258.56,16.89,0,0.2,0,8.83,-1.19,10.97,12.54,-69.26,3.84,320.98,-65.42,255.56,,,,,,,,,
461,12.08,259.11,14.86,0,0.11,0,6.34,-1.03,11.78,11.04,-68.82,3.81,314.3,-65,249.3,,,,,,,,,
471,14.48,265.29,16.11,0,0.03,0,7.14,-0.13,13.01,9.8,-68.9,3.83,325.75,-65.07,260.68,,,,,,,,,
481,15.71,262.7,15.48,0,0.27,0,8.58,-1.03,11.79,11.29,-68.7,3.82,324.79,-64.88,259.91,,,,,,,,,
491,14.83,268.02,15.33,0,0.1,0,7.26,-0.16,13.16,10.93,-68.78,3.78,329.48,-65,264.48,,,,,,,,,
501,14.97,260.92,17.4,0,0.14,0,8.46,-2.03,12.51,13.15,-68.33,3.82,325.53,-64.51,261.02,,,,,,,,,
511,16.01,273.38,19.72,0,0.43,0,3.06,-0.43,13.41,10.89,-69.24,3.82,336.47,-65.42,271.05,,,,,,,,,
521,12.73,268.24,12.61,0,0.06,0,5.37,-0.56,12.06,10.71,-69,3.8,321.22,-65.2,256.02,,,,,,,,,
531,11.51,264.38,14.82,0,0.05,0,4.78,-0.79,13.43,11.23,-68.71,3.83,319.41,-64.88,254.53,,,,,,,,,
541,11.12,268.67,13.45,0,0.33,0,4.29,-0.63,13.11,11.36,-67.21,3.81,321.69,-63.4,258.29,,,,,,,,,
551,17.8,268.52,13.92,0,0.01,0,6.85,-0.67,12.71,10.8,-68.39,3.82,329.95,-64.57,265.37,,,,,,,,,
561,10.6,269.17,17.09,0,0.35,0,5.1,-0.9,11.68,11.47,-70.1,3.81,324.56,-66.28,258.28,,,,,,,,,
571,10.26,273.85,14.76,0,0.05,0,0.47,-0.68,10.57,10.87,-69.62,3.79,320.14,-65.82,254.32,,,,,,,,,
581,10.73,277.89,14,0,0.02,0,4.79,0.25,13.29,10.53,-69.63,3.86,331.51,-65.78,265.73,,,,,,,,,
591,11.02,273.78,15.2,0,0.25,0,1.23,-0.38,13.81,10.53,-69.29,3.82,325.43,-65.47,259.96,,,,,,,,,
601,9.69,261.44,16.93,0,0.29,0,6.43,-1.05,13.24,11.72,-70.22,3.8,318.7,-66.41,252.29,,,,,,,,,
611,13.16,263.69,20.73,0,0.34,0,5.28,-0.19,12.79,11.01,-69.38,3.83,326.81,-65.55,261.26,,,,,,,,,
621,15.71,272.01,14.33,0,0.31,0,2.61,-0.49,13.3,10.58,-69.42,3.82,328.37,-65.6,262.76,,,,,,,,,
631,8.63,266.76,14.64,0,0.06,0,7.37,-0.96,14.51,11.65,-70.61,3.84,322.65,-66.77,255.88,,,,,,,,,
641,13.53,267,18.71,0,1.13,0,1.8,-1.03,13.44,11.59,-69,3.83,326.17,-65.17,261,,,,,,,,,
651,9.82,257.94,15.65,0,0.03,0,9.88,-0.3,14.64,10.81,-69.23,3.84,318.47,-65.39,253.08,,,,,,,,,
661,12.32,260.68,17.49,0,1.32,0,4.66,-0.49,12.14,10.14,-69.1,3.82,318.25,-65.27,252.98,,,,,,,,,
671,10.43,262.05,16.95,0,0.2,0,6.94,-1.05,10.8,11.07,-69.88,3.81,317.39,-66.07,251.32,,,,,,,,,
681,15.59,271.12,16.83,0,0.11,0,5.82,-0.57,11.53,11.87,-70.42,3.8,332.3,-66.63,265.67,,,,,,,,,
691,16.17,260.42,14.72,0,0.29,0,5.65,-1.39,13.84,12.6,-69.34,3.83,322.31,-65.52,256.8,,,,,,,,,
701,12.2,257.7,14.97,0,0.28,0,4.65,-0.76,11.77,11.24,-68.65,3.82,312.06,-64.83,247.23,,,,,,,,,
711,15.27,266.94,18.94,0,0.75,0,5.86,-0.27,12.72,9.65,-67.55,3.78,329.85,-63.77,266.09,,,,,,,,,
721,14.22,263.19,14.18,0,0.01,0,12.52,-1.76,12.26,13.06,-69.39,3.87,327.66,-65.53,262.14,,,,,,,,,
731,25.91,259.89,14.67,0,0.08,0,8.17,-0.89,11.78,11.09,-69.62,3.82,330.7,-65.79,264.91,,,,,,,,,
741,15.83,260.01,13.63,0,0.25,0,5.68,-1.25,11.8,11.55,-68.64,3.84,317.5,-64.8,252.69,,,,,,,,,
751,14.75,271.35,16.28,0,0.26,0,6.13,-1.42,9.86,11.55,-70.16,3.8,328.78,-66.36,262.42,,,,,,,,,
761,10.24,265.19,14.53,0,0.05,0,5.47,-0.03,15.91,10.18,-69.11,3.82,321.55,-65.29,256.26,,,,,,,,,
771,11.67,262.06,14.73,0,0.03,0,5.92,-1,15.35,11.56,-69.51,3.83,320.32,-65.69,254.64,,,,,,,,,
781,11.13,259.35,14.46,0,0.05,0,4.28,-0.95,11.5,11.85,-69.47,3.84,311.66,-65.63,246.03,,,,,,,,,
791,15.79,259.61,18.48,0,0.16,0,8.23,-0.19,13.98,10.91,-69.56,3.8,326.99,-65.76,261.23,,,,,,,,,
801,8.93,263.97,19.73,0,0.07,0,7.8,-0.6,14.04,11.44,-69.94,3.84,325.38,-66.11,259.27,,,,,,,,,
811,13.22,269.96,14.44,0,0.06,0,9.19,-0.96,14.69,11.82,-68.44,3.83,332.42,-64.61,267.81,,,,,,,,,
821,13.81,265.65,17.2,0,0.56,0,4.35,-1.31,10.04,12.27,-68.68,3.81,322.57,-64.87,257.71,,,,,,,,,
831,12.64,257.16,20.6,0,0.13,0,4.81,-1.24,11.12,11.54,-69.93,3.82,316.76,-66.11,250.65,,,,,,,,,
841,14.96,278.86,14.53,0,0.03,0,1.75,-0.2,12.89,10.49,-70.36,3.84,333.33,-66.53,266.8,,,,,,,,,
851,10.1,265.79,15.38,0,0.5,0,4.91,-1.5,13.23,11.13,-68.38,3.86,319.55,-64.53,255.02,,,,,,,,,
861,17.6,261.18,18.18,0,0.35,0,3.66,-1.29,10.62,12.48,-69.58,3.8,322.78,-65.77,257.01,,,,,,,,,
871,8.1,267.08,15.47,0,0.16,0,7.5,-0.69,14.9,11.42,-70.71,3.82,323.95,-66.9,257.06,,,,,,,,,
881,15.72,261.39,16.29,0,0.2,0,4.58,-0.63,12.28,11.37,-70.54,3.8,321.21,-66.75,254.46,,,,,,,,,
891,9.11,265.47,18.87,0,0.11,0,7.56,-0.76,12.3,11.44,-68.81,3.81,324.1,-65,259.11,,,,,,,,,
901,14.07,273.71,18.08,0,0.18,0,2.33,-1.31,14.22,11.66,-70.6,3.8,332.93,-66.8,266.13,,,,,,,,,
911,21.8,266.25,17.42,0,0.28,0,6.4,-1.01,10.48,11.62,-70.64,3.78,333.25,-66.86,266.38,,,,,,,,,
921,11.79,264.12,14.47,0,0.11,0,4.08,-0.3,12.29,10.94,-69.48,3.81,317.49,-65.67,251.82,,,,,,,,,
931,11.45,271.43,15.02,0,0.21,0,6.51,-0.49,13.79,10.74,-68.44,3.82,328.66,-64.63,264.03,,,,,,,,,
941,10.5,265.05,19.39,0,0.1,0,6.93,-1.08,13.03,11.98,-68.96,3.8,325.89,-65.16,260.73,,,,,,,,,
951,21.03,260.77,16.48,0,0.21,0,6.15,-0.84,11.66,11.51,-69.94,3.8,326.97,-66.14,260.82,,,,,,,,,
961,14.08,262.49,17.48,0,0.15,0,4.36,-0.9,12.86,11.85,-69.59,3.86,322.37,-65.73,256.64,,,,,,,,,
971,12.79,264.98,15.96,0,0.12,0,8.22,-0.5,11.46,11.04,-69.34,3.84,324.08,-65.5,258.59,,,,,,,,,
981,15.5,265.37,17.54,0,0.21,0,6.8,-0.51,12.98,11.34,-69.37,3.8,329.23,-65.57,263.65,,,,,,,,,
991,13.02,264.17,14.95,0,0.13,0,4.78,-0.83,13.01,11.55,-68.52,3.82,320.8,-64.7,256.09,,,,,,,,,
1001,11.24,267.12,18.06,0,0.13,0,3.03,-0.67,12.95,11.4,-68.81,3.82,323.26,-64.99,258.27,,,,,,,,,
1011,13.69,258.58,14.91,0,0.2,0,7.87,-0.82,12.99,11.62,-69.53,3.82,319.05,-65.72,253.33,,,,,,,,,
1021,13.53,266.18,19.32,0,0.19,0,2.87,-0.97,12.26,11.62,-68.18,3.83,324.98,-64.35,260.63,,,,,,,,,
1031,18.39,261.91,15.37,0,0.05,0,3.99,-1.07,13.3,12.31,-70.41,3.81,324.25,-66.6,257.65,,,,,,,,,
1041,14.24,268.1,14.86,0,0.14,0,9.33,-1.09,12.53,11.73,-69.24,3.84,329.85,-65.4,264.44,,,,,,,,,
1051,14,267.17,11.91,0,0.02,0,5.64,-0.34,12.56,10.4,-68.68,3.81,321.38,-64.87,256.5,,,,,,,,,
1061,12.59,269.67,18.6,0,0.12,0,4.39,0.02,14.54,10.51,-70.68,3.84,330.43,-66.84,263.59,,,,,,,,,
1071,13.5,263.43,14.09,0,0.02,0,6.13,-0.34,13.52,10.86,-69.52,3.83,321.22,-65.69,255.53,,,,,,,,,
1081,10.88,264.7,15.24,0,0.25,0,3.79,-0.56,10.82,11.2,-70.38,3.82,316.33,-66.55,249.78,,,,,,,,,
1091,12.74,262.06,13.14,0,0.22,0,9.75,-1.07,14.75,12.09,-70,3.82,323.69,-66.18,257.51,,,,,,,,,
1101,13.1,259.34,16.63,0,0.6,0,9.64,-1.49,12.02,11.68,-70.06,3.82,321.51,-66.24,255.27,,,,,,,,,
1111,19.42,271.26,14.24,0,0.06,0,2.48,-0.81,10.49,10.92,-69.03,3.84,328.06,-65.19,262.88,,,,,,,,,
1121,12.72,260.92,17.24,0,0.3,0,7.15,-0.96,12.95,12.67,-70.85,3.82,322.99,-67.03,255.96,,,,,,,,,
1131,16.02,262.64,13.15,0,0.05,0,8.5,-0.78,12.07,11.18,-70.03,3.82,322.83,-66.21,256.62,,,,,,,,,
1141,10.77,265.82,16.91,0,0.01,0,9.94,-1.03,11.6,11.33,-70.02,3.82,325.35,-66.2,259.15,,,,,,,,,
1151,11.56,265.09,15.99,0,0.01,0,6,-1.4,13.02,11.92,-70.29,3.83,322.19,-66.46,255.74,,,,,,,,,
1161,17.64,265.46,19.36,0,0.15,0,6.15,-0.68,14.25,10.74,-68.29,3.8,333.07,-64.48,268.59,,,,,,,,,
1171,15.29,274.15,15.65,0,0.1,0,3.3,-0.49,13.94,10.92,-69.28,3.81,332.87,-65.47,267.4,,,,,,,,,
1181,11.71,270.36,12.65,0,0.42,0,7.32,-1.04,13.23,11.63,-68.79,3.81,326.27,-64.99,261.28,,,,,,,,,
1191,10.7,278.26,17.13,0,0.02,0,3.52,-1.31,13.44,11.97,-69.2,3.85,333.72,-65.35,268.37,,,,,,,,,
1201,12.93,271.05,15.23,0,0.06,0,2.46,-0.59,14.34,10.93,-69.19,3.8,326.41,-65.39,261.02,,,,,,,,,
1211,19.43,266.86,17.14,0,0.07,0,2.01,-0.71,12.3,10.88,-68.85,3.79,327.98,-65.06,262.91,,,,,,,,,
1221,12.13,262.93,16.8,0,0.02,0,10.08,-1.4,11.63,11.87,-69.65,3.82,324.05,-65.83,258.22,,,,,,,,,
1231,12.9,262.04,14.91,0,0.45,0,6.99,-1.42,12,12.43,-68.47,3.8,320.3,-64.67,255.64,,,,,,,,,
1241,10.17,267.82,14.39,0,0.24,0,2,-0.42,13.11,10.37,-69.39,3.85,317.7,-65.54,252.16,,,,,,,,,
1251,10.88,267.78,15.87,0,0.11,0,5.27,-0.99,14.26,11.66,-70.27,3.84,324.84,-66.43,258.41,,,,,,,,,
1261,17.12,273.88,15.88,0,0.06,0,5.29,0.62,12.03,9.59,-70.66,3.81,334.47,-66.84,267.63,,,,,,,,,
1271,16.04,270.33,15.7,0,0.13,0,4.77,-1.17,11.25,11.98,-68.03,3.81,329.04,-64.22,264.82,,,,,,,,,
1281,8.66,270.05,16.89,0,0.94,0,7.46,0.02,12.07,10.55,-68.78,3.8,326.64,-64.97,261.67,,,,,,,,,
1291,12.64,268.37,15.52,0,0.11,0,6.45,-0.62,15.66,10.76,-68.51,3.84,328.89,-64.67,264.23,,,,,,,,,
1301,12.88,265.68,18.66,0,0.03,0,4.02,-0.74,14.41,10.96,-69.8,3.86,325.9,-65.94,259.96,,,,,,,,,
1311,13.45,263.06,17.71,0,1.01,0,5.92,-0.74,14.3,10.62,-68.23,3.85,325.34,-64.38,260.96,,,,,,,,,
1321,8.84,263.1,16.54,0,0.98,0,5.29,-1,9.68,11.14,-70.09,3.82,314.57,-66.27,248.3,,,,,,,,,
1331,13.86,265.73,13.49,0,0.25,0,4.92,-0.52,13.42,11.08,-69.84,3.79,322.23,-66.05,256.18,,,,,,,,,
1341,18.33,267.97,17.52,0,0.16,0,3.55,-1.4,11.18,12.76,-69.34,3.82,330.09,-65.52,264.57,,,,,,,,,
1351,13,259.33,13.44,0,0.13,0,7.85,-0.67,12.45,10.95,-68.72,3.82,316.48,-64.89,251.58,,,,,,,,,
1361,13.12,260.58,13.35,0,0.2,0,5.71,-0.86,13.15,11.64,-69.7,3.86,316.88,-65.85,251.04,,,,,,,,,
1371,13.44,264.67,15.84,0,0.1,0,3.59,-0.85,12.18,11.31,-69.58,3.82,320.28,-65.76,254.52,,,,,,,,,
1381,12.02,270.88,14.76,0,0.18,0,6.9,-0.59,13.78,11.55,-69.64,3.84,329.48,-65.8,263.67,,,,,,,,,
1391,13.86,266.06,17.02,0,0.09,0,9.23,-0.03,12.68,10.55,-69.21,3.83,329.47,-65.38,264.09,,,,,,,,,
1401,17.52,263.22,15.89,0,0.15,0,3.8,-1.39,11.3,11.7,-69.79,3.82,322.19,-65.97,256.22,,,,,,,,,
1411,9.54,264.94,17.8,0,0.24,0,8.82,-1.13,13.35,11.77,-69.44,3.81,325.34,-65.63,259.71,,,,,,,,,
1421,16.52,265.02,15.76,0,0.26,0,4.01,-0.73,12.73,11.24,-70,3.82,324.8,-66.17,258.63,,,,,,,,,
1431,13.4,267.68,15,0,0.04,0,5.82,-0.41,13.76,10.81,-68.27,3.81,326.11,-64.46,261.65,,,,,,,,,
1441,13.52,271.23,16.8,0,0.51,0,5.48,-0.24,11.62,10.7,-70.5,3.84,329.62,-66.66,262.96,,,,,,,,,
1451,10.78,266.76,13.93,0,0.01,0,5.17,-0.51,13.81,10.77,-70.08,3.86,320.72,-66.22,254.5,,,,,,,,,
1461,10.39,267.42,17.67,0,0.04,0,6.45,-0.52,13.75,10.45,-69.19,3.82,325.66,-65.36,260.3,,,,,,,,,
1471,12.75,268.93,13.09,0,0.02,0,6.85,-0.82,12.1,11.81,-70.2,3.84,324.72,-66.36,258.36,,,,,,,,,
1481,18.04,267.2,14.02,0,0.97,0,1.24,-0.65,10.1,11.37,-69.45,3.83,322.29,-65.62,256.67,,,,,,,,,
1491,12.61,270.39,15.11,0,0.42,0,4.25,-1.16,12.83,11.99,-68.52,3.84,326.45,-64.68,261.78,,,,,,,,,
1501,13.06,265.05,16.87,0,0.03,0,3.2,0.15,15.11,10.14,-68.61,3.82,323.6,-64.79,258.81,,,,,,,,,
1511,15.62,266.32,14.28,0,0.1,0,17.14,-0.99,13.09,12.11,-70.73,3.82,337.68,-66.91,270.77,,,,,,,,,
1521,17.64,260.11,17.52,0,0.05,0,5.3,-0.78,10.69,12.41,-70.69,3.82,322.94,-66.86,256.07,,,,,,,,,
1531,16.46,267.52,13.54,0,0.03,0,2.8,-0.57,10.99,10.61,-67.91,3.79,321.37,-64.12,257.25,,,,,,,,,
1541,7.47,267.3,16.12,0,0.22,0,4.81,-1.23,12.72,12.31,-70.99,3.83,319.72,-67.16,252.56,,,,,,,,,
1551,13.98,267.88,15.99,0,0.03,0,5.83,-0.61,12.35,11.04,-68.37,3.81,326.49,-64.56,261.93,,,,,,,,,
1561,13.65,272.84,14.93,0,0.03,0,1.6,-1.09,12.07,11.49,-69.42,3.86,325.51,-65.57,259.95,,,,,,,,,
1571,12.87,263.03,15.19,0,0.54,0,7.47,-0.81,12.61,11.74,-69.1,3.82,322.64,-65.28,257.36,,,,,,,,,
1581,13.53,273.9,14.74,0,0.11,0,9.67,-0.12,12.64,10.55,-69.7,3.82,335.02,-65.88,269.14,,,,,,,,,
1591,9.91,267.18,17.73,0,0.13,0,4.27,-0.52,15.46,11.25,-70.32,3.83,325.42,-66.49,258.93,,,,,,,,,
1601,15.34,269.69,16.77,0,0.04,0,3.77,-1.06,11.73,11.05,-69.11,3.81,327.33,-65.29,262.03,,,,,,,,,
1611,20.85,267.81,13.96,0,0.98,0,3.72,-0.82,11.8,11.65,-67.75,3.82,329.96,-63.93,266.03,,,,,,,,,
1621,12.51,272.53,14.07,0,0.23,0,12.65,-1.4,14.43,10.68,-68.62,3.78,335.69,-64.83,270.86,,,,,,,,,
1631,14.83,266.01,14.74,0,0.48,0,2.62,-0.15,10.83,11.63,-70.13,3.82,320.99,-66.32,254.67,,,,,,,,,
1641,13.31,262.55,15.62,0,0.56,0,7.32,-1.63,11.71,12.48,-68.83,3.83,321.92,-65,256.92,,,,,,,,,
1651,13.21,268.65,14.11,0,0.6,0,6.79,-1.55,12.12,12.32,-69.84,3.86,326.24,-65.98,260.26,,,,,,,,,
1661,10.9,268.86,16.61,0,0.21,0,3.77,-0.58,11.6,11.37,-69.41,3.81,322.72,-65.6,257.12,,,,,,,,,
1671,16.07,264.51,13.32,0,0.02,0,5.83,-1.28,11.16,12.42,-70.27,3.85,322.04,-66.42,255.62,,,,,,,,,
1681,14.55,265.99,16.21,0,0.23,0,13.54,-1.07,12.32,12.1,-68.54,3.81,333.88,-64.73,269.15,,,,,,,,,
1691,20.86,265.58,14.16,0,0.05,0,4.89,-1.17,11.97,11.1,-68.97,3.83,327.44,-65.14,262.3,,,,,,,,,
1701,16.41,278.44,16.59,0,0.14,0,2.57,-0.72,12.69,10.91,-69.61,3.82,337.02,-65.79,271.23,,,,,,,,,
1711,14.91,258.36,15.47,0,0.03,0,6.05,-1.54,12.67,12.1,-68.24,3.83,318.06,-64.41,253.65,,,,,,,,,
1721,11.54,265.18,14.17,0,0.03,0,6.78,-0.2,10.27,10.59,-68.79,3.83,318.36,-64.96,253.4,,,,,,,,,
1731,9.88,266.28,16.14,0,1.17,0,3.73,-0.71,13.21,10.87,-69.49,3.83,320.56,-65.66,254.9,,,,,,,,,
1741,15.2,261.73,14.22,0,0.24,0,6.18,-1.35,10.88,11.77,-70.3,3.81,318.88,-66.49,252.39,,,,,,,,,
1751,14.65,270,17.64,0,0.63,0,3.21,-0.4,11.95,10.54,-70.12,3.78,328.22,-66.34,261.88,,,,,,,,,
1761,13.59,266.64,15.17,0,0.08,0,3.43,-0.54,12.85,11.59,-69.64,3.83,322.81,-65.81,257,,,,,,,,,
1771,13.46,273.02,15.97,0,0.12,0,5.89,-1.03,11.71,11.17,-67.63,3.81,330.31,-63.82,266.49,,,,,,,,,
1781,10.92,270.15,15.97,0,0.15,0,3.46,-1.05,12.26,11.07,-67.73,3.84,322.92,-63.89,259.03,,,,,,,,,
1791,12.72,262.9,14.25,0,0.26,0,3.57,-1.55,10.14,12.37,-68.63,3.8,314.66,-64.83,249.83,,,,,,,,,
1801,11.77,267.57,14.12,0,0.03,0,5.99,-0.94,13.83,11.36,-70.67,3.86,323.73,-66.81,256.91,,,,,,,,,
1811,17.71,274.12,14.39,0,0.37,0,4.8,-0.29,12.55,11.61,-69.59,3.82,335.26,-65.77,269.49,,,,,,,,,
1821,18.71,265.96,12.18,0,0.07,0,4.67,-0.6,13.13,11.05,-69.25,3.83,325.17,-65.42,259.75,,,,,,,,,
1831,15.73,266.05,14.55,0,0.12,0,7.14,-0.88,14.84,10.96,-69.43,3.83,328.51,-65.59,262.92,,,,,,,,,
1841,13.41,267.64,17.07,0,0.32,0,5.18,-0.62,14.81,11.4,-69.78,3.83,329.2,-65.96,263.24,,,,,,,,,
1851,13.99,258.96,18.78,0,0.08,0,9.47,-0.9,13.13,11.2,-68.68,3.83,324.71,-64.85,259.85,,,,,,,,,
1861,11.25,258.45,15.21,0,0.43,0,5.21,-0.69,13.2,10.87,-67.73,3.8,313.91,-63.93,249.98,,,,,,,,,
1871,18.27,266.71,13.64,0,0.28,0,4.15,-0.75,11.4,10.95,-69.2,3.85,324.65,-65.35,259.3,,,,,,,,,
1881,17.44,270.03,14.03,0,0,0,0.11,-0.21,11.79,10.53,-69.66,3.8,323.72,-65.86,257.87,,,,,,,,,
1891,20.93,269.3,15.66,0,0.19,0,0.95,-0.81,11.92,11.88,-69.56,3.81,330.02,-65.74,264.27,,,,,,,,,
1901,13.82,264.69,14.32,0,0.43,0,6.33,-0.33,10.99,10.79,-69.71,3.81,321.06,-65.9,255.15,,,,,,,,,
1911,14.15,274.13,14.07,0,0.3,0,3.4,-0.67,11.98,11.34,-68.53,3.82,328.7,-64.71,263.99,,,,,,,,,
1921,15.12,269.78,14.5,0,0.03,0,4.13,-0.07,12.58,9.9,-70.36,3.86,325.99,-66.5,259.49,,,,,,,,,
1931,18.8,258.05,14.34,0,0.61,0,8.07,-0.54,10.82,10.49,-67.36,3.79,320.67,-63.57,257.1,,,,,,,,,
1941,10.61,266.04,16.43,0,0.02,0,2.89,-1.2,14.84,11.47,-69.46,3.78,321.1,-65.68,255.43,,,,,,,,,
1951,22.3,259.95,15.26,0,0.08,0,5.61,-0.47,11.03,10.36,-69.95,3.84,324.11,-66.11,258,,,,,,,,,
1961,17.43,267.42,13.96,0,0.06,0,4.49,-0.45,10.95,11.06,-70.53,3.83,324.91,-66.7,258.21,,,,,,,,,
1971,18.41,271.97,13.58,0,0.27,0,5.2,-1.47,10.35,12.02,-68.6,3.86,330.32,-64.74,265.58,,,,,,,,,
1981,15.98,276.03,18.39,0,0.13,0,3.93,-1.05,11.2,11.24,-70.39,3.84,335.87,-66.55,269.32,,,,,,,,,
1991,8.86,260.18,13.91,0,0.03,0,8.19,-0.28,12.76,10.65,-68.42,3.83,314.31,-64.59,249.72,,,,,,,,,
2001,13.04,271.08,13.51,0,0.01,0,6.04,-0.34,12.09,10.6,-69.74,3.85,326.03,-65.9,260.13,,,,,,,,,
2011,13.83,265.93,16.22,0,0.05,0,7.55,-0.86,12.68,10.96,-70.74,3.82,326.37,-66.92,259.45,,,,,,,,,
2021,12.65,262.71,19.2,0,0.13,0,4.07,-0.58,12.43,11.67,-70.9,3.85,322.28,-67.05,255.23,,,,,,,,,
2031,9.54,267.25,14.46,0,0.03,0,5.21,-0.52,12.52,11.32,-69.53,3.83,319.8,-65.7,254.1,,,,,,,,,
2041,11.84,279.65,14.21,0,0.05,0,3.32,-0.44,12.42,11.29,-69.52,3.82,332.35,-65.7,266.65,,,,,,,,,
2051,10.65,256.62,18.77,0,0.09,0,8.07,-0.38,13.19,11.2,-68.48,3.8,318.21,-64.67,253.54,,,,,,,,,
2061,13.8,258.07,15.56,0,0.05,0,5.94,-0.53,12.38,11.08,-68.62,3.84,316.36,-64.78,251.58,,,,,,,,,
2071,12.14,269.68,19.56,0,0.26,0,-0.17,-0.54,12.56,11.04,-68.93,3.83,324.53,-65.1,259.42,,,,,,,,,
2081,13.73,256.68,15.93,0,0.25,0,6.85,-0.08,13.99,10.59,-69.97,3.81,317.93,-66.16,251.77,,,,,,,,,
2091,13.55,264.04,15.53,0,0.03,0,6.79,-1.03,10.91,12.51,-69.64,3.83,322.33,-65.81,256.52,,,,,,,,,
2101,13.88,262.24,19.39,0,0.05,0,5.93,-0.83,13.11,11.17,-68.59,3.85,324.92,-64.74,260.18,,,,,,,,,
2111,18.29,264.09,13.82,0,0.36,0,9.8,-0.83,12.62,11.85,-69.2,3.8,329.99,-65.39,264.6,,,,,,,,,
2121,17.86,260.14,14.77,0,0.2,0,4.8,-0.6,11.42,10.51,-70.03,3.83,319.09,-66.2,252.89,,,,,,,,,
2131,10.78,255.48,16.26,0,0.16,0,10.69,-1.4,13.73,12.33,-69.15,3.82,318.02,-65.33,252.69,,,,,,,,,
2141,12.05,265.08,15.8,0,0.02,0,7.83,-1.26,17.5,10.63,-68.95,3.83,327.64,-65.13,262.51,,,,,,,,,
2151,10.62,268.75,14.13,0,0.09,0,2.56,-0.75,12.24,10.58,-68.92,3.83,318.22,-65.1,253.12,,,,,,,,,
2161,16.25,273.62,14.53,0,0.03,0,2.79,-1.01,11.3,12.64,-70.35,3.83,330.14,-66.52,263.63,,,,,,,,,
2171,16.5,268.02,15.59,0,0.3,0,5.49,-0.62,15.19,11.09,-70.22,3.81,331.56,-66.41,265.15,,,,,,,,,
2181,14.6,279.47,17.33,0,0.12,0,3.4,0.08,11.58,10.17,-68.86,3.8,336.74,-65.06,271.69,,,,,,,,,
2191,12.36,264.39,14.44,0,0.03,0,2.53,-0.75,11.26,11.96,-68.94,3.82,316.22,-65.13,251.09,,,,,,,,,
2201,13.16,259.02,19.45,0,0.05,0,6.27,-0.72,12.4,10.91,-69.16,3.84,320.54,-65.32,255.21,,,,,,,,,
2211,14.87,260.94,17.02,0,0.55,0,7.22,-1.13,9.8,12.08,-69.49,3.81,321.34,-65.68,255.66,,,,,,,,,
2221,15.94,264.79,15.8,0,0.12,0,9.86,-0.79,11.44,12.17,-69.19,3.81,329.32,-65.38,263.94,,,,,,,,,
2231,17.18,271.9,14.89,0,0.19,0,5.92,-0.71,12.77,11.19,-68.7,3.81,333.33,-64.89,268.45,,,,,,,,,
2241,13.43,271.22,14.79,0,0.46,0,6.77,-0.41,11.51,11.16,-69.14,3.79,328.93,-65.35,263.58,,,,,,,,,
2251,15.79,263.28,17.13,0,0.07,0,5.95,-1.45,11.45,12.3,-70.27,3.83,324.52,-66.44,258.07,,,,,,,,,
2261,19.93,271.35,14.39,0,0.05,0,4.99,0.16,11.33,10.26,-69.74,3.85,332.46,-65.89,266.56,,,,,,,,,
2271,17.52,258.89,16.77,0,0.35,0,3.87,-0.47,10.9,11.04,-69.8,3.82,318.86,-65.98,252.89,,,,,,,,,
2281,9.49,271.64,15.5,0,0.22,0,2.53,-0.46,12.65,10.08,-69.73,3.84,321.66,-65.89,255.76,,,,,,,,,
2291,14.52,263.99,12.69,0,0,0,8.56,-0.87,11.64,10.97,-69.78,3.86,321.52,-65.92,255.59,,,,,,,,,
2301,11.41,266.28,16.23,0,0.37,0,6.08,-1.52,13.2,12.47,-70.1,3.79,324.52,-66.31,258.22,,,,,,,,,
2311,9.42,279.3,14.6,0,0.11,0,2.87,-1.22,15.08,12.76,-69.81,3.84,332.92,-65.97,266.95,,,,,,,,,
2321,10.99,261.99,15.53,0,1.33,0,7.39,-0.95,10.68,11.04,-68.74,3.8,317.99,-64.94,253.05,,,,,,,,,
2331,14.12,265.73,18.58,0,0.26,0,4.87,-0.75,13.92,11.54,-68.92,3.8,328.27,-65.12,263.16,,,,,,,,,
2341,11.96,271.48,16.38,0,0.14,0,9.25,-1.2,15.88,12.22,-70.42,3.85,336.12,-66.56,269.56,,,,,,,,,
2351,11.61,261.12,16,0,0.04,0,9.65,-0.08,13.13,10.85,-68.43,3.83,322.31,-64.59,257.72,,,,,,,,,
2361,19.22,272.77,12.76,0,0.03,0,7.25,-0.29,10.77,10.79,-70.78,3.85,333.3,-66.93,266.37,,,,,,,,,
2371,13.05,265.68,16.2,0,0.51,0,8.07,-1.76,15.03,12.64,-69.61,3.8,329.42,-65.81,263.61,,,,,,,,,
2381,12.63,267.24,17.53,0,0.34,0,5.11,-0.63,13.13,11.2,-68.23,3.84,326.53,-64.39,262.14,,,,,,,,,
2391,9.97,258.23,16.77,0,0.07,0,9.62,-1.37,15.36,12.55,-68.24,3.82,321.19,-64.42,256.77,,,,,,,,,
2401,12.47,263.82,17.61,0,0.2,0,3.02,-0.28,14.15,10.91,-69.02,3.83,321.91,-65.2,256.71,,,,,,,,,
2411,12.98,267.6,14.44,0,0.24,0,4.16,-0.48,14.6,11.55,-68.82,3.84,325.09,-64.99,260.1,,,,,,,,,
2421,13.52,263.11,15.62,0,0.06,0,4.53,-1.06,12.11,11.49,-69.14,3.81,319.39,-65.33,254.06,,,,,,,,,
2431,17.47,261.74,15.89,0,0.07,0,8.23,-0.82,11.11,11.54,-69.57,3.81,325.23,-65.76,259.47,,,,,,,,,
2441,14.07,261.04,17.07,0,0.09,0,3.95,-0.7,11.3,11.71,-68.99,3.84,318.53,-65.15,253.38,,,,,,,,,
2451,10.53,262.25,13.99,0,0.21,0,7.92,-0.13,12.91,10.37,-67.93,3.83,318.03,-64.11,253.92,,,,,,,,,
2461,14.45,264.8,14.61,0,0.03,0,6.25,-1.45,11.79,11.6,-69.21,3.82,322.07,-65.4,256.67,,,,,,,,,
2471,17.34,270.04,13.48,0,0.06,0,4.72,-1.46,12.1,12.76,-68.75,3.8,329.04,-64.94,264.09,,,,,,,,,
2481,21.51,255.62,17.14,0,0.46,0,4.91,-0.19,10.68,10.7,-70.25,3.82,320.83,-66.43,254.4,,,,,,,,,
2491,16.9,264.69,16.72,0,0.13,0,2.12,-1.63,10.25,12.04,-68.12,3.82,321.22,-64.3,256.92,,,,,,,,,
2501,14.18,260.16,16.19,0,0.02,0,6.72,-1.16,15.35,12.01,-69.43,3.85,323.45,-65.59,257.86,,,,,,,,,
2511,15.07,267.14,16.49,0,0.66,0,1.31,-1.05,12.24,11.89,-70.09,3.79,323.75,-66.3,257.45,,,,,,,,,
2521,16.57,264.14,18.23,0,0.35,0,6.71,-0.68,12.25,11.01,-69.66,3.83,328.6,-65.83,262.77,,,,,,,,,
2531,14.03,265.46,14.14,0,0.15,0,5.32,-0.37,11.39,10.49,-69.19,3.83,320.61,-65.36,255.25,,,,,,,,,
2541,14.82,262.71,19.44,0,0.74,0,4.38,-0.95,12.37,11.95,-69.19,3.8,325.46,-65.39,260.07,,,,,,,,,
2551,11.92,264.99,13.65,0,0.16,0,8.3,-0.27,13.56,11.22,-70.2,3.84,323.54,-66.37,257.17,,,,,,,,,
2561,13.21,273.52,15.9,0,0.63,0,-0.45,-0.81,14.31,11.57,-69.1,3.81,327.87,-65.29,262.58,,,,,,,,,
2571,13.48,260.89,21.47,0,0.99,0,5.78,-1.1,12.17,11.54,-69.95,3.8,325.22,-66.15,259.07,,,,,,,,,
2581,12.66,266.56,14.98,0,0.06,0,5.58,-0.48,12.56,11.17,-68.83,3.84,323.09,-64.98,258.11,,,,,,,,,
2591,14.15,265.54,17.82,0,0.33,0,2.12,-1.05,14.82,11.4,-70.07,3.81,325.13,-66.26,258.87,,,,,,,,,
2601,10.6,259.86,14.15,0,0.32,0,8.29,-0.62,14.69,11.08,-69.94,3.85,318.37,-66.09,252.28,,,,,,,,,
2611,16.13,266.55,17.59,0,0.43,0,5.56,-0.35,12.81,10.51,-70.86,3.8,329.22,-67.06,262.16,,,,,,,,,
2621,9.07,265.64,12.82,0,0.03,0,8.44,-0.54,12.25,10.84,-69.58,3.83,318.56,-65.75,252.81,,,,,,,,,
2631,12.84,262.81,16.29,0,0.01,0,6.83,-0.99,14.61,11.77,-69.22,3.81,324.16,-65.41,258.75,,,,,,,,,
2641,19.3,262.49,16.21,0,0.23,0,5.98,-1.02,13.67,11.34,-69.05,3.83,328.2,-65.22,262.98,,,,,,,,,
2651,10.73,270.06,14.52,0,0.38,0,6.68,-0.81,10.76,11.27,-69.04,3.84,323.59,-65.2,258.4,,,,,,,,,
2661,15.16,260.58,17,0,0.74,0,3.26,-0.82,12.63,10.95,-69.39,3.82,319.52,-65.57,253.94,,,,,,,,,
2671,14.69,259.5,13.72,0,0.22,0,14.09,-1.18,12.03,11.96,-68.06,3.8,325.02,-64.26,260.76,,,,,,,,,
2681,16.45,262.26,14.97,0,0.01,0,7.69,-0.78,11.42,10.65,-69.72,3.83,322.65,-65.9,256.76,,,,,,,,,
2691,11.88,260.42,17.24,0,0.04,0,8.94,-0.95,13.2,11.02,-68.79,3.82,321.78,-64.97,256.81,,,,,,,,,
2701,20.13,260.68,15.35,0,0.23,0,5.82,-0.11,11.52,11.4,-70.39,3.82,325.01,-66.57,258.44,,,,,,,,,
2711,13.33,278.84,16.54,0,0.03,0,0.35,-0.73,12.28,10.74,-68.6,3.84,331.39,-64.76,266.63,,,,,,,,,
2721,13.04,267.32,21.62,0,0.46,0,3.55,-0.41,15.97,10.7,-70.49,3.82,332.25,-66.67,265.58,,,,,,,,,
2731,12.58,262.33,16.1,0,0.14,0,8.51,-1.22,14.38,12.17,-69.82,3.86,324.99,-65.96,259.03,,,,,,,,,
2741,17.21,267.35,17.79,0,0.14,0,6.2,-0.98,13.49,10.76,-67.61,3.81,331.96,-63.81,268.15,,,,,,,,,
2751,10.05,270.93,19.1,0,0.11,0,1.96,-0.62,13.42,11.71,-69.86,3.81,326.66,-66.05,260.61,,,,,,,,,
2761,18.55,267.27,13.49,0,0.07,0,4.98,-1,11.01,12.11,-68.69,3.81,326.47,-64.88,261.59,,,,,,,,,
2771,13.04,271.25,15.76,0,0.07,0,2.82,-0.82,12.53,11.38,-69.83,3.81,326.03,-66.02,260.01,,,,,,,,,
2781,16.68,259.25,17.38,0,0.17,0,7.85,-1.06,12.28,11.26,-67.33,3.83,323.81,-63.5,260.31,,,,,,,,,
2791,14.28,261.26,14.87,0,0.34,0,4.98,-1.21,13.05,11.89,-69.33,3.83,319.46,-65.51,253.95,,,,,,,,,
2801,12.5,276.36,14.16,0,0.13,0,6.34,-0.63,11.69,10.97,-68.61,3.81,331.54,-64.79,266.74,,,,,,,,,
2811,11.58,255.44,15.41,0,0.06,0,5.67,-0.72,12.92,11.34,-69.9,3.85,311.7,-66.05,245.65,,,,,,,,,
2821,11.92,260.66,14.01,0,0.25,0,4.63,-0.44,11.65,10.97,-68.97,3.81,313.64,-65.16,248.48,,,,,,,,,
2831,10.4,276.55,15.48,0,0.33,0,8.53,-0.46,12.91,10.92,-69.49,3.78,334.66,-65.71,268.94,,,,,,,,,
2841,12.48,279.14,14.59,0,0.36,0,4.73,0.16,12.07,10.17,-70.6,3.85,333.7,-66.75,266.95,,,,,,,,,
2851,10.33,264.98,13.97,0,0.08,0,5.48,-0.51,13.86,10.88,-68.36,3.82,319.08,-64.53,254.55,,,,,,,,,
2861,10.91,266.22,17.58,0,0.9,0,7.82,-1.07,11.68,12.64,-69.15,3.83,326.69,-65.32,261.36,,,,,,,,,
2871,11.86,259.86,15.98,0,0.98,0,7.74,-1.7,13.2,13.07,-68.35,3.78,320.98,-64.57,256.41,,,,,,,,,
2881,16.86,261.84,14.35,0,0.92,0,8.92,-0.16,12.91,10.95,-69.58,3.82,326.59,-65.76,260.83,,,,,,,,,
2891,13.57,259.24,14.54,0,0.12,0,7.86,-0.37,12.33,11.39,-69.24,3.81,318.68,-65.43,253.25,,,,,,,,,
2901,15.19,269.06,18.79,0,0.39,0,2.39,-0.92,12.81,11.55,-70.46,3.84,329.25,-66.62,262.63,,,,,,,,,
2911,11.03,268.71,16.14,0,0.15,0,8.23,-0.27,11.92,10.91,-69.78,3.83,326.81,-65.96,260.86,,,,,,,,,
2921,14.47,259.11,17,0,0.15,0,7.02,-0.52,12.37,11.21,-67.83,3.82,320.81,-64.02,256.79,,,,,,,,,
2931,18.91,264.65,14.39,0,0.18,0,3.36,-0.94,10.94,11.58,-68.77,3.83,323.09,-64.94,258.14,,,,,,,,,
2941,13.91,266.34,17.71,0,0.14,0,5.72,-0.22,15.95,11.16,-68.9,3.8,330.71,-65.1,265.61,,,,,,,,,
2951,14.52,254.17,14.96,0,0.06,0,7.33,-0.54,12.42,11.09,-67.67,3.81,314.03,-63.86,250.17,,,,,,,,,
2961,12.24,262.41,13.1,0,0.05,0,7.92,-0.71,11.15,11.19,-70.23,3.81,317.36,-66.41,250.95,,,,,,,,,
2971,12.47,268.74,15.33,0,0.08,0,7.36,-1.04,14.09,11.5,-69.55,3.86,328.52,-65.69,262.83,,,,,,,,,
2981,12.59,265.51,15.58,0,0.19,0,3.77,-1.06,12.02,11.39,-68.35,3.84,319.98,-64.51,255.47,,,,,,,,,
2991,10.69,267.29,15.19,0,0.05,0,7.29,-0.83,14.6,11.27,-68.87,3.81,325.55,-65.05,260.5,,,,,,,,,
3001,14.96,261.78,14.61,0,0.1,0,4.65,-0.43,12.65,11.2,-70.45,3.83,319.52,-66.61,252.91,,,,,,,,,
3011,17.01,261.46,16.1,0,0.09,0,4.25,-0.03,10.78,10.38,-69.99,3.82,320.05,-66.18,253.87,,,,,,,,,
3021,16.62,259.55,14.47,0,0.11,0,6.72,-0.84,12.83,11.36,-69.71,3.82,320.82,-65.89,254.93,,,,,,,,,
3031,14.69,261.36,18.58,0,0.6,0,5.06,-0.62,11.55,11.82,-68.68,3.79,323.05,-64.88,258.16,,,,,,,,,
3041,8.89,260.59,18.3,0,0.24,0,4.41,-0.96,14.19,12.17,-69.09,3.82,317.83,-65.27,252.56,,,,,,,,,
3051,18.53,269.16,12.31,0,0.03,0,7.58,-0.86,12.92,10.88,-69.63,3.81,330.55,-65.82,264.73,,,,,,,,,
3061,8.82,267.29,18.43,0,0.06,0,2.31,-0.88,14.92,11.34,-69.38,3.82,322.28,-65.57,256.71,,,,,,,,,
3071,17.33,271.99,15.36,0,0.09,0,4.34,-1.01,12.73,11.81,-70.42,3.77,332.64,-66.65,265.98,,,,,,,,,
3081,10.13,260.22,19.2,0,0.34,0,3.62,-0.98,13.24,11.33,-67.51,3.8,317.09,-63.7,253.39,,,,,,,,,
3091,16.8,261.77,14.46,0,0.02,0,2.3,-0.54,11.07,10.6,-69.51,3.83,316.48,-65.68,250.8,,,,,,,,,
3101,11.24,267.06,15.07,0,0.17,0,6.14,0.08,14.67,11,-68.43,3.82,325.42,-64.61,260.81,,,,,,,,,
3111,9.79,270.76,15.6,0,0.17,0,5.8,-0.82,12.09,11.81,-68.34,3.84,325.21,-64.5,260.71,,,,,,,,,
3121,14.08,263.66,15,0,0.09,0,7.49,-1.11,12.25,11.65,-69.45,3.8,323.11,-65.65,257.46,,,,,,,,,
3131,12.44,278.46,16.1,0,0.2,0,3.61,-0.49,13.09,10.64,-68.94,3.82,334.05,-65.12,268.93,,,,,,,,,
3141,13.89,268,15.79,0,0.35,0,5.37,-0.02,11.32,10.68,-69.44,3.86,325.39,-65.58,259.81,,,,,,,,,
3151,12.27,267.37,15.02,0,0.14,0,7.95,-0.58,11.03,10.27,-69.47,3.81,323.48,-65.66,257.82,,,,,,,,,
3161,16.19,270.97,11.47,0,0.04,0,9.06,-0.11,11.57,10.04,-68.96,3.83,329.23,-65.12,264.11,,,,,,,,,
3171,10.48,267.68,15.66,0,0.29,0,5.48,-0.92,11.91,12.3,-69.14,3.81,322.88,-65.33,257.55,,,,,,,,,
3181,16.05,270.17,15.23,0,0.39,0,4.35,-0.9,12.02,11.1,-69.21,3.83,328.41,-65.38,263.03,,,,,,,,,
3191,14.02,264.34,17.03,0,0.43,0,5.68,-0.52,10.45,11.63,-70.28,3.82,323.05,-66.46,256.59,,,,,,,,,
3201,16.41,258.12,16.22,0,0.05,0,7.3,-1.48,12.71,11.54,-69.16,3.83,320.87,-65.34,255.53,,,,,,,,,
3211,18,260.11,14.52,0,0.53,0,8.86,-0.76,11.4,11.35,-70.58,3.83,324.01,-66.75,257.26,,,,,,,,,
3221,12.88,274.18,16.41,0,0.04,0,4.75,-0.37,13.49,10.15,-68.77,3.83,331.53,-64.94,266.59,,,,,,,,,
3231,14.67,265.62,16.43,0,0.11,0,9.75,-0.71,13.47,11.28,-69.77,3.81,330.61,-65.96,264.65,,,,,,,,,
3241,13.32,259.35,15.73,0,0.11,0,8.49,-1.34,14.73,11.8,-69.18,3.83,322.19,-65.35,256.84,,,,,,,,,
3251,11.07,267.2,15.02,0,0.15,0,9.21,-0.21,14.56,10.16,-69.59,3.82,327.15,-65.77,261.38,,,,,,,,,
3261,12.45,272.39,15.82,0,0.05,0,6.88,-1.32,13.03,11.44,-68.45,3.81,330.73,-64.64,266.09,,,,,,,,,
3271,13.8,260.79,17.1,0,0.63,0,6.38,0.07,11.46,10.46,-69.61,3.81,320.69,-65.79,254.9,,,,,,,,,
3281,16.62,274.44,17.73,0,0.06,0,1.33,-1.34,12.61,11.04,-69.09,3.85,332.49,-65.24,267.25,,,,,,,,,
3291,10.95,275.94,15.31,0,0.48,0,3.8,-0.86,12.39,10.98,-68.47,3.86,328.98,-64.62,264.36,,,,,,,,,
3301,15.09,263.93,13.71,0,0.24,0,5.9,-0.56,12.3,10.88,-69.88,3.83,321.49,-66.05,255.44,,,,,,,,,
3311,12.42,265.22,14.48,0,0.02,0,6.29,-0.69,13.98,11.55,-70.26,3.84,323.27,-66.42,256.84,,,,,,,,,
3321,14.28,270.02,15.71,0,0.31,0,6.77,-0.96,10.89,10.61,-67.92,3.78,327.63,-64.14,263.49,,,,,,,,,
3331,15.77,262.13,15.14,0,0.22,0,7.8,-1.52,11.92,11.93,-69.37,3.8,323.4,-65.57,257.83,,,,,,,,,
3341,18.06,261.86,17.51,0,0.14,0,4.85,-0.96,12.03,11.1,-70.53,3.83,324.59,-66.7,257.88,,,,,,,,,
3351,19.72,266.06,15.04,0,0.18,0,6.84,0.05,11.6,10.63,-69.55,3.82,330.11,-65.73,264.38,,,,,,,,,
3361,14.43,261.3,15.85,0,0.39,0,2.57,-1.12,11.06,11.64,-67.2,3.84,316.11,-63.36,252.75,,,,,,,,,
3371,11.94,271.51,17.23,0,0.21,0,5.1,-0.44,13.78,10.99,-69.68,3.84,330.32,-65.84,264.47,,,,,,,,,
3381,9.86,260.73,15.75,0,0.19,0,7.69,-1.22,13.26,12.29,-70.33,3.83,318.54,-66.5,252.04,,,,,,,,,
3391,18.2,260.9,14.68,0,0.06,0,5.29,-0.91,10.31,11.48,-70.54,3.83,320.01,-66.72,253.29,,,,,,,,,
3401,11.29,268.68,16.74,0,0.11,0,8.32,-1.12,12.8,12.46,-69.39,3.86,329.29,-65.53,263.75,,,,,,,,,
3411,14.33,266.19,16.25,0,0.05,0,7.41,-0.69,13.78,11.25,-69.92,3.82,328.58,-66.1,262.48,,,,,,,,,
3421,17.44,269.02,14.86,0,0.11,0,3.92,-0.86,11.2,10.65,-69.46,3.85,326.34,-65.6,260.74,,,,,,,,,
3431,10.64,262.97,18.01,0,0.45,0,9.9,-0.56,13.46,10.71,-68.39,3.8,325.58,-64.6,260.98,,,,,,,,,
3441,18.48,263.97,18.7,0,0.14,0,4.39,-0.43,11.25,10.48,-69.33,3.81,326.99,-65.53,261.47,,,,,,,,,
3451,18.68,265.92,18.5,0,0.29,0,6.4,-1.44,11.42,12.27,-69.91,3.81,332.04,-66.1,265.94,,,,,,,,,
3461,9.58,265.36,16.51,0,0.06,0,5.7,-1.09,13.83,12.11,-68.63,3.83,322.05,-64.8,257.26,,,,,,,,,
3471,12.82,269.82,16.19,0,0.11,0,2.7,-1.01,12.1,11.27,-68.86,3.82,324.01,-65.04,258.97,,,,,,,,,
3481,11.87,263.01,16.11,0,0.48,0,6.84,-0.76,12.12,11.82,-70.1,3.82,321.5,-66.28,255.21,,,,,,,,,
3491,19.19,263.26,12.31,0,0.17,0,5.26,-1.12,8.76,12.2,-70.49,3.85,320.04,-66.64,253.4,,,,,,,,,
3501,9.31,277.8,14.91,0,0.52,0,5.86,-0.23,14.67,10.66,-69.3,3.86,333.51,-65.43,268.08,,,,,,,,,
3511,18.65,258.32,16.82,0,0.34,0,6.7,-1.14,9.74,11.92,-69.79,3.82,321.35,-65.97,255.38,,,,,,,,,
3521,13.6,258.38,18.11,0,0.04,0,5.22,-0.93,14.03,11.61,-68.8,3.82,320.04,-64.97,255.07,,,,,,,,,
3531,11.77,270.57,15.66,0,0.35,0,3.5,-1.18,12.66,11.3,-70.53,3.84,324.61,-66.68,257.93,,,,,,,,,
3541,15.34,263.08,15.54,0,0.1,0,6.44,-0.6,11.71,10.45,-69.55,3.85,322.06,-65.7,256.36,,,,,,,,,
3551,12.45,265.01,18.05,0,0.51,0,7.4,-0.64,13.71,10.53,-68.66,3.85,327.01,-64.81,262.2,,,,,,,,,
3561,13.02,271.71,14.13,0,0.43,0,1.91,-0.94,11.79,10.76,-69.59,3.82,322.81,-65.76,257.04,,,,,,,,,
3571,11.77,269.29,18.7,0,0.13,0,4.36,-0.44,12.17,11.54,-68.97,3.8,327.52,-65.17,262.35,,,,,,,,,
3581,12.25,265.89,16.89,0,0.08,0,4.13,-0.37,12.49,10.51,-69.11,3.84,321.88,-65.27,256.61,,,,,,,,,
3591,13.66,263.17,14.19,0,0,0,10.59,-0.73,12.69,10.82,-68.16,3.82,324.39,-64.34,260.05,,,,,,,,,
3601,14.94,261.24,17.09,0,0.57,0,2.98,-0.73,11.68,11.66,-69.1,3.82,319.44,-65.28,254.15,,,,,,,,,
3611,14.54,267.84,14.98,0,0.1,0,3.78,-0.69,12.05,12.14,-70.4,3.86,324.72,-66.54,258.18,,,,,,,,,
3621,11.93,276.58,17.54,0,1.08,0,4.38,-1.04,13.5,11.42,-70.2,3.85,335.38,-66.35,269.03,,,,,,,,,
3631,18.92,267.14,17.72,0,0.11,0,1.51,-1.42,13.46,11.54,-68.94,3.8,328.97,-65.15,263.83,,,,,,,,,
3641,15.48,269.11,17.45,0,0.11,0,2.12,-0.81,12.03,11.36,-69.34,3.8,326.84,-65.53,261.31,,,,,,,,,
3651,14.34,262.9,16.71,0,0.08,0,12.26,-0.31,12.51,11.01,-70.39,3.85,329.5,-66.54,262.96,,,,,,,,,
3661,13.11,266.54,13.94,0,0.1,0,6.29,-0.81,11.85,10.95,-69.79,3.86,321.97,-65.93,256.04,,,,,,,,,
3671,11.52,261.56,15.76,0,0.33,0,5.22,-1.24,14.92,11.21,-68.29,3.84,319.28,-64.45,254.82,,,,,,,,,
3681,10.68,259.17,14.91,0,0,0,7.5,-0.73,13.57,11.32,-68.85,3.83,316.42,-65.01,251.41,,,,,,,,,
3691,16.16,261.27,16.65,0,0.33,0,3.95,-0.23,10.84,10.72,-70.19,3.85,319.7,-66.34,253.36,,,,,,,,,
3701,13.53,267.89,16.45,0,0.09,0,-0.05,-0.08,11.15,10.48,-70.33,3.83,319.47,-66.51,252.97,,,,,,,,,
3711,14.61,275.47,16.75,0,0.21,0,3.21,-0.12,12.47,9.91,-69.64,3.84,332.51,-65.8,266.71,,,,,,,,,
3721,12.71,272.61,15.93,0,0.05,0,4.08,-0.73,11.52,11.57,-68.28,3.81,327.72,-64.47,263.25,,,,,,,,,
3731,11.93,265.86,17.38,0,0.14,0,2.31,-0.93,12.45,11.5,-69.3,3.79,320.65,-65.52,255.13,,,,,,,,,
3741,16.48,266.89,13.92,0,0.2,0,4.3,-0.71,9,11.7,-70.13,3.82,321.77,-66.31,255.46,,,,,,,,,
3751,11.03,263.71,15.96,0,0.65,0,7.22,-0.87,12.89,11.17,-69.57,3.81,321.75,-65.77,255.98,,,,,,,,,
3761,9.26,262,14.34,0,0.19,0,3.41,-0.82,12.41,11.26,-70.6,3.82,312.04,-66.78,245.26,,,,,,,,,
3771,13.46,252.81,17.26,0,0.15,0,5.77,-1.37,12.59,11.05,-69.06,3.8,311.71,-65.26,246.45,,,,,,,,,
3781,8.48,271.82,16.39,0,0.11,0,4.42,-0.77,13.08,10.68,-69.12,3.81,324.21,-65.31,258.9,,,,,,,,,
3791,14.88,259.07,14.78,0,0.6,0,7.26,-1.56,12.37,11.97,-69.19,3.84,319.39,-65.35,254.04,,,,,,,,,
3801,7.75,264.17,18.23,0,0.31,0,7.3,-0.35,14.74,11.06,-69.05,3.85,323.21,-65.2,258.01,,,,,,,,,
3811,15.26,260.06,15.33,0,0.26,0,6.4,-1.41,11.37,11.97,-70.03,3.81,319.24,-66.22,253.02,,,,,,,,,
3821,12.71,272.54,15.34,0,0.21,0,3.07,-1.74,14.48,12.53,-69.85,3.81,329.15,-66.04,263.11,,,,,,,,,
3831,17,275.56,16.29,0,0.31,0,6.82,-0.24,12.42,10.43,-71.1,3.81,338.59,-67.3,271.29,,,,,,,,,
3841,17.31,258.95,15.11,0,0.07,0,5.39,-0.84,11.01,11.24,-69.2,3.81,318.24,-65.39,252.86,,,,,,,,,
3851,14.1,263,15.88,0,0.05,0,8.18,-0.24,10.68,11.27,-69.76,3.8,322.93,-65.97,256.96,,,,,,,,,
3861,9.67,257.02,17.11,0,0.12,0,9.28,-1.26,12.29,12.07,-68.45,3.82,316.3,-64.63,251.67,,,,,,,,,
3871,12.16,263.77,16.6,0,0.26,0,5.75,0.18,12.42,10.34,-69.89,3.82,321.49,-66.07,255.42,,,,,,,,,
3881,20.15,264.23,16.68,0,0.23,0,3.29,-1.04,9.28,11.32,-69.43,3.84,324.15,-65.59,258.56,,,,,,,,,
3891,14.76,257.86,16.7,0,0.17,0,8.35,-0.41,11.87,10.36,-70.08,3.82,319.66,-66.26,253.39,,,,,,,,,
3901,15.04,264.46,13.88,0,0.24,0,5.59,-0.73,11.83,11.28,-69.77,3.83,321.58,-65.94,255.64,,,,,,,,,
3911,12.36,263.44,14.69,0,0.14,0,5.95,-0.63,13.91,10.37,-66.84,3.82,320.23,-63.03,257.21,,,,,,,,,
3921,16.23,266.58,17.52,0,0.55,0,8.13,-0.84,13.35,11.64,-69.83,3.8,333.16,-66.04,267.13,,,,,,,,,
3931,18.4,268.47,15.87,0,0.79,0,3.06,-0.26,11.43,10.54,-70.54,3.82,328.3,-66.72,261.58,,,,,,,,,
3941,18.43,257.57,12.4,0,0.02,0,6.96,-0.7,11.11,11.33,-69.69,3.83,317.11,-65.85,251.26,,,,,,,,,
3951,13.84,264.92,18.88,0,0.44,0,2.78,-0.85,12.71,12.44,-69.91,3.81,325.17,-66.1,259.07,,,,,,,,,
3961,12.82,268.42,17.26,0,0.13,0,2.82,-0.89,10.89,11.51,-70.6,3.81,322.96,-66.79,256.17,,,,,,,,,
3971,10.75,269.07,15.36,0,0.07,0,4.54,-0.47,13.37,10.6,-67.68,3.83,323.28,-63.85,259.42,,,,,,,,,
3981,13.05,267.56,12.64,0,0.21,0,5.15,-0.34,10.94,11.39,-69.95,3.86,320.59,-66.09,254.5,,,,,,,,,
3991,10.02,259.55,16.83,0,0.25,0,12.84,-0.42,14.95,10.16,-67.53,3.84,324.18,-63.69,260.49,,,,,,,,,
4001,14.37,267.4,13.96,0,0.14,0,3.46,-0.69,12.71,11.09,-69.72,3.84,322.45,-65.88,256.57,,,,,,,,,
4011,12.33,263.66,20.54,0,0.23,0,2.47,-1.34,12.53,11.57,-69.1,3.81,321.98,-65.29,256.69,,,,,,,,,
4021,14.58,264.92,16.22,0,0.15,0,7.08,-0.51,12.53,10.58,-68.83,3.81,325.54,-65.02,260.52,,,,,,,,,
4031,13.57,263.16,14.8,0,0.06,0,3.62,-0.3,12.79,10.81,-69.49,3.83,318.51,-65.65,252.86,,,,,,,,,
4041,11.83,271.19,12.76,0,0.69,0,2.99,-1.26,11.91,11.52,-69.78,3.83,321.63,-65.95,255.68,,,,,,,,,
4051,20.47,264.88,14.21,0,0.02,0,6.38,0.06,12.32,10.62,-70.51,3.8,328.97,-66.71,262.26,,,,,,,,,
4061,15.5,258.73,15.29,0,1.13,0,5.57,-0.79,10.83,11.16,-69.78,3.82,317.43,-65.96,251.47,,,,,,,,,
4071,16.64,255.96,18.24,0,0.14,0,5.63,-0.44,15.22,10.78,-69.14,3.82,322.16,-65.32,256.84,,,,,,,,,
4081,11.36,264.58,16.31,0,0.02,0,5.7,-0.1,13.4,10.39,-69.03,3.81,321.67,-65.22,256.45,,,,,,,,,
4091,14.09,258.77,15.56,0,0.48,0,6.21,-0.02,12.2,10.65,-70.17,3.8,317.94,-66.36,251.58,,,,,,,,,
4101,18.73,264.78,17.12,0,0.04,0,2.78,-0.77,11.27,11.05,-70.18,3.8,325.01,-66.38,258.63,,,,,,,,,
4111,18.19,268,17.31,0,0.67,0,5.6,-0.47,11.92,11.53,-69.73,3.83,332.76,-65.9,266.86,,,,,,,,,
4121,12.97,257.05,14.62,0,0.38,0,3.73,-0.42,13.6,10.97,-68.34,3.83,312.91,-64.51,248.39,,,,,,,,,
4131,12.14,261.96,21.08,0,0.24,0,1.76,-0.17,11.11,10.44,-68.31,3.85,318.55,-64.46,254.09,,,,,,,,,
4141,16.41,263.44,13.94,0,0.17,0,3.62,-0.7,10.21,11.35,-69.92,3.85,318.43,-66.08,252.36,,,,,,,,,
4151,12.37,279.26,15.89,0,0.2,0,4.16,-0.67,11.54,10.93,-69.69,3.8,333.68,-65.89,267.79,,,,,,,,,
4161,12.3,260.31,14.31,0,0.22,0,4.63,-1,11.86,11.39,-68.71,3.8,314.03,-64.9,249.12,,,,,,,,,
4171,15.81,262.56,15.77,0,0.1,0,7.49,-1.12,12.9,11.74,-69.49,3.84,325.25,-65.65,259.6,,,,,,,,,
4181,18.24,259.5,16.66,0,0.56,0,9.97,-0.85,15.67,12.24,-67.52,3.82,331.99,-63.7,268.28,,,,,,,,,
4191,18.29,258.25,17.23,0,0.49,0,6.13,-0.04,9.49,10.72,-69.95,3.79,320.56,-66.16,254.41,,,,,,,,,
4201,13.05,262.91,14.6,0,0.04,0,6.29,-1.32,12.53,12.03,-69.94,3.83,320.14,-66.11,254.02,,,,,,,,,
4211,15.25,267.59,14.6,0,0.03,0,4.22,-1.74,11.02,11.98,-70.64,3.82,322.96,-66.82,256.14,,,,,,,,,
4221,16.17,273.15,12.24,0,0.1,0,5.76,-0.97,12.12,12.01,-70.07,3.81,330.59,-66.25,264.34,,,,,,,,,
4231,10.38,271.69,15.89,0,0.14,0,6.2,-1.23,15.34,12.33,-70.52,3.82,330.74,-66.69,264.04,,,,,,,,,
4241,15.65,267.05,15.1,0,0.92,0,7.04,0.24,13.1,10.69,-67.87,3.83,329.79,-64.05,265.74,,,,,,,,,
4251,11.2,266.61,19.08,0,0.39,0,3.76,0.19,14.18,10.18,-68.05,3.83,325.59,-64.22,261.37,,,,,,,,,
4261,19.64,267.15,18.47,0,0.04,0,1.83,0.05,12.27,10.12,-70.28,3.79,329.57,-66.5,263.07,,,,,,,,,
4271,13.91,261.47,13,0,0.16,0,5.07,-1.14,11.36,11.62,-68.96,3.85,315.45,-65.11,250.34,,,,,,,,,
4281,16.47,267.99,16.76,0,0.16,0,3.5,-0.45,13.17,11.45,-69.84,3.81,329.03,-66.02,263.01,,,,,,,,,
4291,15.07,263.56,17.78,0,0.23,0,3.16,-0.2,11.24,11.18,-70.26,3.82,322.03,-66.44,255.59,,,,,,,,,
4301,13.45,268.48,14.23,0,0.02,0,5.3,-0.19,11,10.46,-69.61,3.83,322.74,-65.77,256.97,,,,,,,,,
4311,15.15,274.97,18.8,0,0.15,0,4.71,-1.25,11.59,11.87,-68.59,3.83,335.99,-64.76,271.23,,,,,,,,,
4321,11.73,262.42,14.74,0,1.2,0,9.8,-0.19,12.21,10.43,-71.28,3.82,322.34,-67.46,254.89,,,,,,,,,
4331,16.01,267.19,15.21,0,0.26,0,5.73,-0.83,12.02,12.56,-69.75,3.8,328.15,-65.95,262.2,,,,,,,,,
4341,15.57,261.01,14.58,0,0.08,0,7.82,-0.92,11.6,10.58,-66.79,3.81,320.32,-62.98,257.35,,,,,,,,,
4351,14.73,261.04,18.26,0,0.05,0,4.54,-0.9,13.93,11.75,-70.14,3.81,323.4,-66.33,257.07,,,,,,,,,
4361,11.94,270.03,15.71,0,0.2,0,5.27,0.05,13.55,10.18,-69.54,3.83,326.93,-65.71,261.22,,,,,,,,,
4371,21.11,261.07,15.5,0,0.06,0,7.63,-0.39,10.54,11.28,-69.45,3.83,326.8,-65.62,261.18,,,,,,,,,
4381,13.75,276.44,16.78,0,0.23,0,3.67,-1.04,11.48,11.16,-68.14,3.79,332.46,-64.36,268.11,,,,,,,,,
4391,19.01,263.83,14.71,0,0.02,0,0.73,-1.18,10.75,11.76,-70.18,3.83,319.63,-66.36,253.28,,,,,,,,,
4401,17.3,265.62,17.13,0,0.49,0,6,-0.27,12.32,10.51,-68.02,3.82,329.09,-64.21,264.88,,,,,,,,,
4411,11.74,266.9,14.08,0,0.25,0,5.02,-0.82,10.5,11.4,-70.22,3.8,319.05,-66.41,252.64,,,,,,,,,
4421,19.2,268.02,16.55,0,0.1,0,0.36,-0.4,12.39,10.77,-69.28,3.82,327,-65.46,261.54,,,,,,,,,
4431,14.8,262.42,17.02,0,0.23,0,5.46,-1.29,11.04,11.74,-69.74,3.82,321.43,-65.92,255.51,,,,,,,,,
4441,23.9,258.04,14.19,0,0.16,0,8.36,-0.83,13.69,11.38,-70.29,3.82,328.88,-66.46,262.42,,,,,,,,,
4451,11.36,267.33,17.96,0,0.41,0,5.89,-0.6,14.51,11.35,-70.85,3.82,328.21,-67.04,261.17,,,,,,,,,
4461,10.7,261.15,15.42,0,0.39,0,4.14,-0.61,11.56,10.74,-70.03,3.83,313.48,-66.2,247.27,,,,,,,,,
4471,17.25,254.41,18.84,0,0.08,0,7.62,-1.13,13.5,11.59,-67.73,3.82,322.16,-63.91,258.25,,,,,,,,,
4481,12.13,266.17,14.6,0,0.22,0,9,-1.17,12.09,11.62,-70.85,3.82,324.67,-67.03,257.64,,,,,,,,,
4491,11.68,259.21,19.11,0,0.28,0,5.81,-1.38,12.65,12.66,-67.64,3.79,319.99,-63.85,256.14,,,,,,,,,
4501,13.53,265.69,18.32,0,0.35,0,3,-1.13,14.84,12.27,-66.72,3.82,326.87,-62.9,263.97,,,,,,,,,
4511,15.5,259.72,17.2,0,0.1,0,4.51,-1.19,12.4,12.37,-69.98,3.79,320.61,-66.19,254.42,,,,,,,,,
4521,9.57,265.66,16.87,0,0.18,0,7.12,-0.78,13.52,11.9,-70.68,3.8,324.05,-66.88,257.17,,,,,,,,,
4531,11.17,260.69,14.41,0,0.83,0,10.32,-1.05,15.14,11.98,-69.3,3.81,323.48,-65.49,257.99,,,,,,,,,
4541,10.14,262.99,17.41,0,0.06,0,7.89,-0.22,14.43,10.92,-70.2,3.83,323.62,-66.37,257.25,,,,,,,,,
4551,12.24,269.97,16.28,0,0.04,0,5.19,-0.51,13.82,10.58,-66.7,3.81,327.61,-62.89,264.72,,,,,,,,,
4561,18.43,267.83,16.34,0,1.28,0,2.05,-0.9,12.76,11.32,-68.92,3.81,329.1,-65.12,263.98,,,,,,,,,
4571,13.15,265.7,14.66,0,0.03,0,4.04,-0.18,11.41,10.5,-70.24,3.82,319.34,-66.43,252.91,,,,,,,,,
4581,18.11,263.68,15.19,0,0.07,0,1.86,-1.04,10.33,11.54,-69.63,3.83,319.73,-65.8,253.93,,,,,,,,,
4591,14.15,258.51,14.29,0,0.37,0,4.02,-1.06,11.47,11.26,-68.64,3.8,313.02,-64.84,248.18,,,,,,,,,
4601,13.2,263.1,15.34,0,0.11,0,6.97,-0.55,11.09,11.12,-68.22,3.8,320.39,-64.42,255.96,,,,,,,,,
4611,11.91,269.17,16.32,0,0.75,0,2.7,-0.69,14.93,11.24,-67.48,3.82,326.33,-63.66,262.67,,,,,,,,,
4621,17.82,265.24,14.16,0,0.14,0,7.7,-0.98,13.08,11.27,-68.85,3.83,328.44,-65.03,263.41,,,,,,,,,
4631,19.51,264.03,17.14,0,0.72,0,5.25,0.11,12.68,10.53,-69.45,3.81,329.99,-65.65,264.35,,,,,,,,,
4641,14.1,263.68,14.09,0,0.05,0,6.13,-0.22,12.47,11,-67.84,3.81,321.3,-64.03,257.27,,,,,,,,,
4651,13.85,263.51,13.96,0,0.16,0,6.64,-0.89,10.94,10.63,-68.31,3.81,318.81,-64.49,254.32,,,,,,,,,
4661,11.82,256.48,17.11,0,0.37,0,6.15,-0.73,13.75,12.16,-69.75,3.8,317.11,-65.95,251.16,,,,,,,,,
4671,19.69,273.14,15.3,0,0.11,0,2,-0.73,10.4,10.32,-68.11,3.83,330.23,-64.29,265.94,,,,,,,,,
4681,15.36,267.64,16.31,0,0.4,0,4.95,-1.26,11.43,11.96,-69.47,3.79,326.8,-65.68,261.12,,,,,,,,,
4691,8.46,266.87,18.28,0,0.44,0,5.38,-1.13,14.38,11.37,-69.1,3.83,324.04,-65.27,258.77,,,,,,,,,
4701,12.49,269.09,14.69,0,0.24,0,8.45,-0.21,13.61,10.26,-68.78,3.82,328.63,-64.96,263.67,,,,,,,,,
4711,18.91,275.62,13.48,0,0.01,0,5.49,-0.02,13.75,10.49,-71.06,3.82,337.73,-67.24,270.49,,,,,,,,,
4721,14.87,259.77,18.1,0,0.65,0,4.27,0.04,11.33,10.18,-70.68,3.79,319.22,-66.88,252.34,,,,,,,,,
4731,13.89,264.11,14.13,0,0.82,0,8.51,-0.45,13.86,9.7,-69.36,3.87,324.56,-65.49,259.07,,,,,,,,,
4741,16.11,264.58,16.99,0,0.22,0,3.61,-1.45,11.88,12.17,-69.33,3.87,324.11,-65.46,258.66,,,,,,,,,
4751,14.75,266.64,16.38,0,0.38,0,2.09,-0.68,12.38,11.36,-69.57,3.81,323.3,-65.77,257.53,,,,,,,,,
4761,14.18,266.22,15.49,0,0.11,0,4.17,-1.12,11.54,10.99,-69.47,3.82,321.57,-65.64,255.93,,,,,,,,,
4771,12.62,268.18,16.08,0,0.58,0,6.94,-1.32,10.58,11.79,-69.28,3.83,325.45,-65.45,260,,,,,,,,,
4781,9.31,263.49,15.5,0,0.1,0,8.26,-0.47,13.77,10.56,-69.1,3.83,320.53,-65.26,255.27,,,,,,,,,
4791,19.13,256.2,16.37,0,0.13,0,4.92,-0.3,13.8,10.59,-69.61,3.8,320.84,-65.8,255.04,,,,,,,,,
4801,14.21,258.32,18.15,0,0.73,0,6.2,-0.15,9.65,10.49,-69.37,3.82,317.6,-65.55,252.06,,,,,,,,,
4811,10.68,271.61,13.63,0,0.1,0,6.42,0.13,14.18,10.98,-69.72,3.82,327.72,-65.9,261.82,,,,,,,,,
4821,19.45,264.44,12.96,0,0.04,0,5.82,0.05,10.52,10.09,-69.73,3.8,323.34,-65.94,257.4,,,,,,,,,
4831,10.27,267.18,15.97,0,0.03,0,5.67,-0.22,12.89,10.42,-67.52,3.84,322.2,-63.68,258.52,,,,,,,,,
4841,10.78,260.12,16.77,0,0.48,0,9.72,-1.06,13.35,11.59,-69.47,3.8,321.76,-65.67,256.09,,,,,,,,,
4851,12.27,265.75,17.94,0,0.39,0,4.05,-0.95,13.3,12.03,-69.85,3.79,324.79,-66.06,258.73,,,,,,,,,
4861,10.48,268.39,16.88,0,0.54,0,0.48,-1.45,12.58,12.01,-69.38,3.83,319.91,-65.56,254.35,,,,,,,,,
4871,15.69,261.75,15.14,0,0.67,0,4.04,-0.54,10.82,10.97,-68.91,3.8,318.54,-65.11,253.43,,,,,,,,,
4881,14.71,266.72,14.73,0,0.17,0,3.22,-1.09,13.85,10.84,-70.36,3.82,323.16,-66.54,256.62,,,,,,,,,
4891,6.98,270.67,14.84,0,0.56,0,5.51,-0.85,10.82,11.56,-70.8,3.85,320.08,-66.95,253.13,,,,,,,,,
4901,9.84,271.81,18.58,0,0.04,0,4.55,-0.39,11.14,10.88,-70.73,3.8,326.45,-66.93,259.52,,,,,,,,,
4911,10.75,262.65,15.54,0,0.26,0,9.43,-1.33,14.75,12.19,-70.27,3.81,324.23,-66.46,257.77,,,,,,,,,
4921,18.03,266.87,14.29,0,0.01,0,7.96,-0.3,12.27,11.43,-69.86,3.83,330.56,-66.03,264.53,,,,,,,,,
4931,15.86,266.85,15.79,0,0.17,0,6.02,-1.25,12.32,11.55,-70.09,3.81,327.31,-66.28,261.03,,,,,,,,,
4941,16.22,275.2,15.38,0,0.05,0,7.75,-0.46,15.5,10.03,-68.76,3.82,339.67,-64.94,274.73,,,,,,,,,
4951,9.84,262.87,15.26,0,0.73,0,5.24,-0.52,12.76,11.05,-68.55,3.84,317.21,-64.71,252.5,,,,,,,,,
4961,14.44,268.07,15.21,0,0.12,0,4.46,-0.32,13.03,10.78,-69.09,3.79,325.79,-65.29,260.49,,,,,,,,,
4971,17.39,263.66,19.32,0,0.35,0,5.29,-0.95,13.06,11.93,-68.01,3.82,330.05,-64.2,265.85,,,,,,,,,
4981,15.27,272.21,15.13,0,0.38,0,6.85,-0.96,12.58,11.7,-69.94,3.82,333.16,-66.12,267.04,,,,,,,,,
4991,10.91,261.35,19,0,0.07,0,9.6,-0.96,13.07,11.34,-69.24,3.8,324.38,-65.44,258.94,,,,,,,,,
5001,12.17,264.66,17.71,0,0.44,0,6.71,-1.16,13.21,12.15,-69.4,3.8,325.89,-65.6,260.29,,,,,,,,,
5011,15.77,264.47,15.81,0,0.58,0,6.11,-0.28,13.18,10.57,-68.93,3.82,326.22,-65.11,261.11,,,,,,,,,
5021,12.48,256,15.5,0,0.37,0,5.57,-1.29,10.52,12.47,-69.54,3.8,311.62,-65.73,245.89,,,,,,,,,
5031,11.48,272.56,16.61,0,0.08,0,3.53,-0.89,10.8,11.1,-68.93,3.8,325.28,-65.13,260.15,,,,,,,,,
5041,16.64,266.59,15.59,0,0.12,0,3,-0.08,16.59,10.87,-69.22,3.79,329.33,-65.44,263.89,,,,,,,,,
5051,19.39,255.36,14.72,0,1.23,0,9.22,-0.51,10.55,11.36,-69.09,3.81,321.33,-65.28,256.05,,,,,,,,,
5061,15.06,262.5,15.99,0,0.04,0,2.76,-1.08,9.67,11.95,-68.94,3.81,316.89,-65.14,251.75,,,,,,,,,
5071,12.52,260.59,16.28,0,0.11,0,8.52,-0.89,13.25,11.68,-69.31,3.82,322.06,-65.49,256.57,,,,,,,,,
5081,12.1,260.92,18.26,0,0.01,0,6.72,-1.21,15.14,11.92,-69.08,3.83,323.87,-65.25,258.62,,,,,,,,,
5091,15.18,269.68,14.43,0,0.18,0,3.87,-0.51,12.98,11.12,-68.27,3.81,326.94,-64.46,262.48,,,,,,,,,
5101,13.24,260.25,18.75,0,0.68,0,6.78,-0.83,13.84,11.41,-69.37,3.82,324.14,-65.56,258.58,,,,,,,,,
5111,19.89,268.51,17.33,0,0.02,0,1.72,-0.19,12.35,10.1,-69.96,3.82,329.72,-66.14,263.58,,,,,,,,,
5121,11.72,266.33,14.43,0,0.33,0,10.2,-0.53,12.78,11.13,-69.59,3.83,326.4,-65.76,260.64,,,,,,,,,
5131,15.58,265.04,16.37,0,0.15,0,3.91,-1.13,10.55,12.37,-69.83,3.84,322.84,-65.99,256.85,,,,,,,,,
5141,14.08,262.04,13.01,0,0.05,0,7.16,-0.33,13.49,10.79,-69.34,3.84,320.28,-65.5,254.78,,,,,,,,,
5151,9.63,262.03,15.26,0,0.03,0,7.32,-0.58,13.06,11.12,-70.5,3.8,317.88,-66.7,251.17,,,,,,,,,
5161,13.26,263.14,17.4,0,0.39,0,4.63,-1.35,11.14,11.98,-70.27,3.8,320.6,-66.47,254.14,,,,,,,,,
5171,11.59,261.96,16.46,0,0.09,0,6.69,-1,13.69,11.34,-70.06,3.83,320.83,-66.23,254.61,,,,,,,,,
5181,12.14,266.45,18.51,0,0.38,0,5.05,-0.58,11.58,10.67,-69.02,3.82,324.21,-65.2,259.01,,,,,,,,,
5191,12.77,268.05,15.21,0,0.01,0,2.91,-0.28,11.55,10.88,-70.01,3.84,321.1,-66.17,254.93,,,,,,,,,
5201,13.67,260.85,16.78,0,0.1,0,4.14,-0.14,12.23,10.56,-69.3,3.85,318.19,-65.45,252.74,,,,,,,,,
5211,17.8,260.93,20.56,0,0.42,0,3.67,-1.33,14.13,12.97,-69.41,3.81,329.15,-65.6,263.55,,,,,,,,,
5221,10.46,264.47,15.56,0,0.77,0,7.28,-1.68,13.21,12.21,-68.33,3.81,322.27,-64.52,257.75,,,,,,,,,
5231,14.05,265.42,14.84,0,0.05,0,6.5,-0.86,11.82,10.81,-69.33,3.79,322.63,-65.54,257.09,,,,,,,,,
5241,17.98,267.72,15.29,0,0.1,0,1.12,-0.5,12.17,11.09,-68.93,3.8,324.97,-65.12,259.85,,,,,,,,,
5251,15.03,265.63,16.36,0,0.1,0,5.59,-0.97,11.6,10.52,-69.44,3.85,323.86,-65.59,258.28,,,,,,,,,
5261,16.18,268.73,15.77,0,0.86,0,7.3,-1.11,12.16,12.06,-69.81,3.84,331.96,-65.97,265.99,,,,,,,,,
5271,11,263.99,15.17,0,0.44,0,6.59,-1.06,16.23,12.33,-69.57,3.82,324.7,-65.76,258.94,,,,,,,,,
5281,10.95,264.97,16.37,0,0.15,0,4.74,-0.66,11.52,11.37,-70.34,3.81,319.41,-66.53,252.88,,,,,,,,,
5291,16.51,268.27,17.94,0,0.12,0,6.02,-0.36,14.06,11.11,-69.7,3.84,333.67,-65.86,267.82,,,,,,,,,
5301,15.45,270.76,14.1,0,0.37,0,3.93,-0.86,11.94,11.58,-70.53,3.85,327.27,-66.68,260.59,,,,,,,,,
5311,10.42,274.17,13.31,0,0.26,0,11.02,-0.13,13.94,11.04,-69.17,3.83,334.03,-65.33,268.7,,,,,,,,,
5321,11.15,266.81,17.67,0,0.19,0,4.63,-0.67,11.8,11.73,-69.16,3.8,323.31,-65.36,257.95,,,,,,,,,
5331,10.76,268.3,15.15,0,0.17,0,6.07,-0.73,11.72,11.75,-70,3.83,323.2,-66.17,257.03,,,,,,,,,
5341,15.43,259.99,17.49,0,0.18,0,10.5,-0.75,11.03,11.92,-70.83,3.83,325.77,-67,258.77,,,,,,,,,
5351,16.05,266.67,19.74,0,0.64,0,5.49,-1.12,12.18,10.68,-68.45,3.82,330.34,-64.63,265.71,,,,,,,,,
5361,13.01,257.87,14.96,0,0.64,0,8.85,-1.68,12.22,11.87,-69.21,3.82,317.74,-65.39,252.35,,,,,,,,,
5371,16.46,265.93,16.2,0,0.11,0,5.61,-0.1,12.86,10.46,-68.52,3.85,327.54,-64.67,262.87,,,,,,,,,
5381,16.6,273.87,17.95,0,0.12,0,2.76,0.35,11.35,9.96,-69.87,3.82,332.97,-66.05,266.92,,,,,,,,,
5391,12.33,264.55,20.05,0,0.02,0,4.47,-0.65,11.21,10.87,-69.36,3.82,322.86,-65.54,257.32,,,,,,,,,
5401,13.82,267.91,17.1,0,1.43,0,9.05,-0.28,12.5,10.13,-67.85,3.83,331.66,-64.02,267.64,,,,,,,,,
5411,10.83,258.79,16.78,0,0.13,0,6.11,-1.38,13.39,12.03,-66.47,3.82,316.68,-62.65,254.03,,,,,,,,,
5421,13.8,271.19,12.99,0,0.13,0,5.09,-0.33,11.32,10.8,-70.43,3.84,324.98,-66.59,258.39,,,,,,,,,
5431,9.52,264.48,15.1,0,0.33,0,10.61,-0.91,12.16,11.47,-69.44,3.83,322.78,-65.61,257.16,,,,,,,,,
5441,12.77,262.2,16.6,0,0.35,0,7.84,-0.58,12.62,10.84,-69.59,3.8,322.63,-65.79,256.84,,,,,,,,,
5451,14.53,263.92,13.94,0,0.31,0,7.81,-1.44,10.77,12.1,-70.23,3.81,321.94,-66.42,255.53,,,,,,,,,
5461,16.06,260.69,17,0,0.52,0,2.4,-0.92,11.77,10.97,-69.05,3.84,318.5,-65.22,253.28,,,,,,,,,
5471,14.81,268,14.78,0,0.27,0,5.46,0.22,10.54,10.49,-69.82,3.83,324.58,-66,258.59,,,,,,,,,
5481,12.84,267.72,15.79,0,0.84,0,5.19,-0.57,11.52,11.01,-70.17,3.84,324.35,-66.32,258.03,,,,,,,,,
5491,11.44,264.28,15.16,0,0.06,0,3.94,-0.31,13.48,10.97,-69.68,3.85,319.02,-65.83,253.19,,,,,,,,,
5501,11,260.72,17.13,0,1.14,0,5.88,-1.28,12.77,11.97,-69.27,3.81,319.33,-65.45,253.88,,,,,,,,,
5511,14.34,265.85,14.32,0,0.1,0,8.96,-0.42,14.33,10.56,-69.24,3.85,328.05,-65.4,262.65,,,,,,,,,
5521,16.22,267.08,17.73,0,0.12,0,4.47,-0.81,12.73,11.32,-69.48,3.83,328.86,-65.66,263.2,,,,,,,,,
5531,13.11,266.8,18.02,0,0,0,4.83,-0.43,10.2,10.61,-70.37,3.82,323.16,-66.55,256.61,,,,,,,,,
5541,12.83,277.12,17.13,0,0.32,0,5.38,-0.76,12.16,11.91,-70.21,3.82,336.11,-66.39,269.72,,,,,,,,,
5551,15.78,265.92,14.18,0,0.15,0,4.83,-1.18,12.42,11.18,-68.25,3.84,323.29,-64.41,258.88,,,,,,,,,
5561,17.65,260.49,18.11,0,0.05,0,3.03,-0.81,12.99,11.73,-69.8,3.8,323.23,-66,257.23,,,,,,,,,
5571,12.89,279.22,15.82,0,0.13,0,8.79,-0.57,13.5,11.82,-68.62,3.82,341.61,-64.8,276.81,,,,,,,,,
5581,10.54,268.77,15.88,0,0.1,0,5.28,-1.14,14.06,10.76,-69.13,3.82,324.25,-65.31,258.94,,,,,,,,,
5591,14.44,263.63,21.88,0,0.99,0,3.42,-1.19,12.62,11.07,-68.89,3.81,326.85,-65.08,261.78,,,,,,,,,
5601,13.97,267.96,16.77,0,1.06,0,7.25,-0.92,12.48,11.12,-70.73,3.85,329.67,-66.88,262.79,,,,,,,,,
5611,16.02,267.37,13.66,0,0.26,0,11.38,-0.68,15.41,11.22,-69.97,3.84,334.64,-66.13,268.51,,,,,,,,,
5621,15.22,265.75,16.27,0,0.15,0,6.94,-0.8,11.82,11.08,-68.34,3.82,326.42,-64.52,261.89,,,,,,,,,
5631,12.1,264.05,14.41,0,0.14,0,6.44,-0.85,12.08,11.34,-68.63,3.82,319.7,-64.8,254.9,,,,,,,,,
5641,18.07,267.64,16.46,0,0.3,0,6.93,-0.31,12.25,10.84,-69.76,3.82,332.19,-65.94,266.26,,,,,,,,,
5651,15.64,266.25,13.14,0,0.11,0,11.67,-1.11,12.41,12.2,-67.95,3.8,330.3,-64.15,266.15,,,,,,,,,
5661,15.03,276.61,16.71,0,0.68,0,4.39,-0.3,13.69,10.57,-70.76,3.82,337.38,-66.93,270.45,,,,,,,,,
5671,15.96,269.42,20.58,0,0.22,0,-1.08,-0.23,11.12,10.63,-69.84,3.82,326.62,-66.03,260.59,,,,,,,,,
5681,11.34,263.98,17.42,0,0.27,0,3.94,-1.03,12.53,12.87,-71.56,3.83,321.33,-67.73,253.6,,,,,,,,,
5691,10.36,262.17,16.09,0,0.26,0,3.46,-0.08,15.13,10.62,-68.84,3.83,318.02,-65.01,253.01,,,,,,,,,
5701,17.02,266.04,11.95,0,0.11,0,7.53,-0.34,13.03,11.28,-70.23,3.85,326.62,-66.38,260.24,,,,,,,,,
5711,13.35,265.57,16.96,0,0.45,0,6.47,-2.02,12.27,13.1,-70.46,3.83,326.15,-66.63,259.52,,,,,,,,,
5721,9.31,274.02,14.82,0,0.14,0,4.58,-1.39,12.26,11.31,-67.69,3.82,325.05,-63.87,261.18,,,,,,,,,
5731,12.12,269.33,14.23,0,0.69,0,6.8,-0.75,12.64,10.99,-68.61,3.81,326.06,-64.81,261.25,,,,,,,,,
5741,10.93,265.05,22.42,0,0.2,0,6.21,-1.15,12.81,11.86,-69.53,3.8,328.32,-65.73,262.6,,,,,,,,,
5751,14.66,266.02,17.21,0,0.32,0,11.72,-0.96,11.63,11.83,-70.56,3.79,332.43,-66.78,265.66,,,,,,,,,
5761,19.15,265.38,18.29,0,0.15,0,7.45,-1.66,11.63,12.49,-69.3,3.82,332.87,-65.48,267.39,,,,,,,,,
5771,13.07,266.19,14.8,0,0.03,0,6.68,-0.83,12.29,11.3,-68.11,3.79,323.52,-64.32,259.2,,,,,,,,,
5781,15.37,270.86,17.04,0,1.51,0,4.37,-1.02,11.02,10.84,-68.15,3.82,329.98,-64.33,265.65,,,,,,,,,
5791,10.52,265.73,20.78,0,0.17,0,1.93,-0.82,13.45,11.27,-70.1,3.81,323.04,-66.3,256.74,,,,,,,,,
5801,13.96,263.62,14.81,0,0.67,0,7.94,-0.74,16.11,11.19,-68.56,3.84,327.56,-64.72,262.84,,,,,,,,,
5811,17.58,272.66,14.56,0,0.1,0,2.53,-1.14,12.82,11.09,-69.58,3.82,330.2,-65.76,264.44,,,,,,,,,
5821,8.98,265.37,13.37,0,0.33,0,5.54,-1.23,13.09,12.03,-69.02,3.82,317.49,-65.2,252.29,,,,,,,,,
5831,14.42,264.25,15.16,0,0.5,0,4.88,-0.56,11.66,11.27,-69.98,3.84,321.58,-66.15,255.43,,,,,,,,,
5841,10.64,263.87,17.77,0,0.19,0,6.52,-0.84,11.52,11.77,-69.68,3.83,321.44,-65.85,255.59,,,,,,,,,
5851,12.71,256.89,19.88,0,0.05,0,5.62,-0.99,15.3,11.66,-69.79,3.82,321.11,-65.98,255.13,,,,,,,,,
5861,21.87,268.88,16.03,0,0.09,0,0.56,-0.27,9.25,10.66,-68.49,3.82,327.06,-64.67,262.39,,,,,,,,,
5871,15.89,280.88,15.86,0,0.62,0,3.75,-1.07,11.5,11.27,-67.54,3.81,338.71,-63.74,274.97,,,,,,,,,
5881,15.73,260.99,15.3,0,0.2,0,9.07,-0.39,11.1,10.45,-69.72,3.82,322.45,-65.9,256.55,,,,,,,,,
5891,11.38,265.01,13.43,0,0.25,0,7.35,0.11,14.65,9.55,-67.53,3.81,321.74,-63.71,258.03,,,,,,,,,
5901,13.02,267.05,18.16,0,0.09,0,6.07,-0.36,14.16,11.06,-69.9,3.83,329.26,-66.07,263.2,,,,,,,,,
5911,10.27,266.43,18.07,0,0.06,0,8.36,-0.82,14.82,11.7,-69.85,3.82,328.88,-66.03,262.85,,,,,,,,,
5921,12.14,261.26,17.32,0,0.08,0,3.51,-1.29,12.43,11.49,-67.89,3.83,316.95,-64.06,252.89,,,,,,,,,
5931,12.18,255.73,16,0,0.08,0,7.43,-1.1,12.1,11.57,-68.6,3.81,313.99,-64.78,249.2,,,,,,,,,
5941,15.92,266.74,15.61,0,0.04,0,8.01,-0.47,11.42,11.52,-67.83,3.83,328.79,-64,264.78,,,,,,,,,
5951,11.07,271.26,16.17,0,0.39,0,5.16,-0.24,11.72,10.83,-69.13,3.83,326.37,-65.3,261.08,,,,,,,,,
5961,15.55,271.54,16.93,0,0.02,0,6.83,-1.38,12.63,12.32,-69.43,3.81,334.44,-65.62,268.82,,,,,,,,,
5971,14.83,264.13,20.32,0,0.77,0,3.33,-1.42,12.82,11.68,-69.5,3.83,326.46,-65.66,260.8,,,,,,,,,
5981,12.52,263.19,14.48,0,0.1,0,6.27,-0.17,13.34,10.88,-70.15,3.81,320.61,-66.34,254.27,,,,,,,,,
5991,15.27,267.16,19.64,0,0.8,0,5.39,-0.92,12.08,11.75,-68.52,3.82,331.16,-64.7,266.46,,,,,,,,,
6001,19.97,268.15,16.86,0,0.43,0,2.82,-0.33,10.11,10.67,-70.49,3.82,328.68,-66.67,262.01,,,,,,,,,
6011,14.78,264.34,15.15,0,0.21,0,8.42,-1.1,12.16,11.41,-69.72,3.82,325.36,-65.9,259.46,,,,,,,,,
6021,12.49,265.46,19.5,0,0.56,0,7.18,-1.6,12.57,12.58,-70.07,3.82,328.75,-66.25,262.49,,,,,,,,,
6031,15.23,265.43,16.17,0,0.18,0,3.92,-1.17,12.66,11.99,-69.72,3.82,324.41,-65.9,258.51,,,,,,,,,
6041,12.7,266.14,16.91,0,0.13,0,4.55,-0.38,11.34,10.47,-69.55,3.81,321.85,-65.74,256.12,,,,,,,,,
6051,14.54,262.94,13.91,0,0.15,0,3.74,-0.3,12.23,10.51,-68.58,3.79,317.72,-64.8,252.92,,,,,,,,,
6061,14.87,268.1,16.03,0,0.31,0,2.51,-0.88,12.47,11.85,-69.63,3.83,325.26,-65.81,259.46,,,,,,,,,
6071,16.75,261.93,19.52,0,0.11,0,5.73,-2,14.58,12.84,-69.52,3.85,329.48,-65.66,263.81,,,,,,,,,
6081,8.19,260.85,20.16,0,0.03,0,7.02,-1.21,14.34,12.45,-69.01,3.86,321.82,-65.16,256.67,,,,,,,,,
6091,11.63,271.66,19.99,0,0.25,0,4.12,0.12,13.82,10.32,-69.64,3.84,331.91,-65.8,266.11,,,,,,,,,
6101,16.12,264.18,17.54,0,0.64,0,5.15,-1.02,11.88,11.02,-68.63,3.81,325.51,-64.82,260.69,,,,,,,,,
6111,10.87,269.43,13.7,0,0.3,0,4.09,-0.24,14.53,11.07,-69.32,3.85,323.75,-65.47,258.28,,,,,,,,,
6121,18.48,260.83,16.72,0,0.14,0,7.7,-0.63,11.43,11.21,-69.67,3.83,325.88,-65.84,260.03,,,,,,,,,
6131,11.7,261.3,15.45,0,0.21,0,9.73,-0.75,11.32,11.49,-69.79,3.8,320.45,-65.99,254.46,,,,,,,,,
6141,12.19,264.79,16.4,0,0.04,0,1.42,-0.53,13.06,11.25,-69.06,3.81,318.62,-65.26,253.36,,,,,,,,,
6151,18.59,273.77,16.02,0,0.05,0,5.28,-1.77,10.83,12.71,-69.03,3.79,335.48,-65.25,270.24,,,,,,,,,
6161,18.08,258.51,14.7,0,0.06,0,6.88,-0.74,12.27,11.18,-69.4,3.8,320.94,-65.6,255.34,,,,,,,,,
6171,14.89,267.92,16.15,0,0.13,0,3.5,-0.9,11.65,11.42,-69.5,3.84,324.75,-65.66,259.09,,,,,,,,,
6181,20.29,266.16,13.91,0,0,0,3.85,0.04,11.86,10.38,-69.11,3.81,326.5,-65.3,261.19,,,,,,,,,
6191,22.31,272.85,15.73,0,0.24,0,3.54,-1.26,10.98,11.48,-69.56,3.82,335.88,-65.74,270.14,,,,,,,,,
6201,8.5,264.35,14.19,0,0.21,0,5,-1.37,13.81,13.18,-69.14,3.82,317.87,-65.32,252.55,,,,,,,,,
6211,13.84,261.09,15.27,0,0.08,0,7.23,-1.03,13.13,12.03,-69.72,3.82,321.64,-65.91,255.73,,,,,,,,,
6221,21.39,266.08,17.45,0,0.12,0,3.54,-0.96,12.23,11.54,-69.82,3.84,331.38,-65.98,265.4,,,,,,,,,
6231,14.76,264.75,16.91,0,0.25,0,8.51,-1.16,12.36,12.47,-70.93,3.82,328.86,-67.11,261.75,,,,,,,,,
6241,13.93,263.4,14.97,0,0.01,0,5.1,-0.54,11.36,10.78,-69.26,3.83,319.01,-65.43,253.58,,,,,,,,,
6251,16,269.05,17.65,0,0.63,0,2.7,-0.24,12.91,11.26,-70.53,3.82,329.94,-66.7,263.24,,,,,,,,,
6261,12.82,270.03,17.61,0,2,0,8.23,-0.6,12.11,10.5,-69.11,3.83,332.69,-65.28,267.41,,,,,,,,,
6271,16.82,268.61,17.96,0,0.2,0,3.19,-0.9,12.01,11.13,-70.2,3.84,329.01,-66.36,262.65,,,,,,,,,
6281,12.66,262.48,15.78,0,0.19,0,9.59,-0.39,11.73,10.88,-69.38,3.85,322.92,-65.52,257.4,,,,,,,,,
6291,16,263.42,16.22,0,0.33,0,5.63,-0.89,11.78,12.2,-69.48,3.84,324.69,-65.63,259.06,,,,,,,,,
6301,14.64,270.15,16.35,0,0.01,0,2.29,-0.75,12.12,11.59,-69.85,3.85,326.4,-66.01,260.39,,,,,,,,,
6311,10.81,259.39,16.17,0,0.14,0,6.27,-0.73,14.7,11.53,-67.69,3.82,318.29,-63.87,254.41,,,,,,,,,
6321,16.74,262.18,16.49,0,0.29,0,5.44,-0.56,11.95,10.82,-69.74,3.79,323.35,-65.95,257.4,,,,,,,,,
6331,14.69,266.67,13.63,0,0.13,0,5.87,-1.4,12.8,12.33,-67.76,3.82,324.72,-63.94,260.78,,,,,,,,,
6341,17.01,270.29,15.16,0,0.31,0,6.05,-0.81,12.11,11.57,-69.29,3.81,331.7,-65.48,266.22,,,,,,,,,
6351,14.13,265.68,13.67,0,0.04,0,6.06,-0.55,10.43,11.15,-70.05,3.77,320.62,-66.27,254.35,,,,,,,,,
6361,12.99,266.96,18.42,0,0.11,0,3.03,-0.61,12.2,10.77,-68.66,3.81,323.88,-64.85,259.02,,,,,,,,,
6371,17.17,262.66,17.28,0,0.35,0,6.49,-0.67,11.19,10.9,-69.75,3.8,325.36,-65.95,259.41,,,,,,,,,
6381,19.84,264.27,14.26,0,0.14,0,5.71,-1.21,9.76,11.77,-70.28,3.82,324.53,-66.46,258.07,,,,,,,,,
6391,12.64,263.84,13.86,0,0.24,0,7.7,-1.21,14.94,11.93,-68.45,3.8,323.94,-64.65,259.29,,,,,,,,,
6401,16.13,264.75,15.5,0,0.68,0,5.61,-1.06,10.6,11.47,-68.57,3.81,323.68,-64.75,258.92,,,,,,,,,
6411,10.4,275.46,13.84,0,0.06,0,3.88,-0.67,13.6,10.9,-68.88,3.81,327.47,-65.07,262.4,,,,,,,,,
6421,17.13,256.64,13.19,0,0.62,0,9.23,-0.94,10.43,11.68,-68.23,3.8,317.98,-64.43,253.55,,,,,,,,,
6431,8.94,273.19,17.08,0,0.16,0,2.39,-0.98,14.72,11.54,-69.5,3.79,327.04,-65.71,261.34,,,,,,,,,
6441,17.15,263.31,13.96,0,0.19,0,5,-0.46,11.62,11.54,-69.96,3.81,322.31,-66.15,256.16,,,,,,,,,
6451,12.84,266.8,15.52,0,0.11,0,5.21,-0.74,11.87,11.75,-68.63,3.79,323.37,-64.84,258.53,,,,,,,,,
6461,15.84,265.69,15.49,0,0.03,0,2.93,-1.4,12.57,12.99,-70.1,3.81,324.15,-66.29,257.86,,,,,,,,,
6471,16.09,268.59,12.19,0,0.02,0,6.55,-1.92,10.2,12.85,-69.05,3.85,324.56,-65.2,259.36,,,,,,,,,
6481,12.93,259.46,15.81,0,0.43,0,4.89,-1.23,13.66,11.75,-70.72,3.81,317.69,-66.92,250.77,,,,,,,,,
6491,9.87,266.1,19.19,0,0.09,0,1.83,-0.37,12.4,10.69,-69.45,3.82,319.8,-65.63,254.17,,,,,,,,,
6501,19.94,262.19,16.29,0,0.07,0,7.77,-0.46,11.92,10.71,-70.06,3.81,328.42,-66.25,262.17,,,,,,,,,
6511,18.76,266.71,17.52,0,0.07,0,6.4,-1.02,11.68,10.87,-69.98,3.84,330.99,-66.15,264.84,,,,,,,,,
6521,13.48,261.75,13.14,0,0.05,0,9.32,-0.93,10.76,11.37,-68.23,3.81,318.94,-64.41,254.53,,,,,,,,,
6531,13.76,266.22,13.97,0,0.06,0,6.85,-0.5,14.19,10.31,-68.85,3.83,324.86,-65.03,259.83,,,,,,,,,
6541,9.69,263.83,13.77,0,0.4,0,5.67,-0.61,13.14,10.77,-69.24,3.83,316.67,-65.42,251.25,,,,,,,,,
6551,13.74,262.09,16.94,0,0.32,0,5.45,-0.7,13.62,11.13,-69.58,3.8,322.59,-65.79,256.8,,,,,,,,,
6561,13.12,273.78,15.95,0,0.1,0,6.47,-0.95,12.08,11.33,-67.63,3.83,331.88,-63.8,268.08,,,,,,,,,
6571,13.09,277.78,14.86,0,0.23,0,2.66,-0.54,10.6,10.6,-68.72,3.81,329.28,-64.91,264.37,,,,,,,,,
6581,14.75,275.44,16.13,0,0.26,0,5.71,-1.12,11.17,11.03,-69.31,3.83,333.36,-65.48,267.88,,,,,,,,,
6591,12.61,263.36,13.05,0,0.02,0,5.58,-0.52,12.39,11.31,-69.03,3.83,317.8,-65.2,252.61,,,,,,,,,
6601,16.44,271.24,12.94,0,0.05,0,7.76,-0.96,11.76,11.5,-69.69,3.81,330.71,-65.89,264.82,,,,,,,,,
6611,10.82,263.28,12.48,0,0.15,0,7.97,-0.9,11.79,11.36,-69.36,3.83,316.95,-65.53,251.42,,,,,,,,,
6621,14.77,271.9,16.61,0,0.14,0,2.34,-0.39,10.02,10.95,-69.86,3.83,326.36,-66.03,260.32,,,,,,,,,
6631,8.39,261.73,14.05,0,0.72,0,6.87,-0.44,12.62,11.15,-69.15,3.84,315.08,-65.32,249.76,,,,,,,,,
6641,11.28,258.94,16.04,0,0.23,0,11.49,-0.9,16.11,11.19,-68.03,3.79,324.37,-64.24,260.13,,,,,,,,,
6651,11.13,264.87,15.38,0,0.15,0,7.14,-0.3,11.03,10.73,-70.37,3.82,320.12,-66.55,253.57,,,,,,,,,
6661,16.35,257.17,13.98,0,0.45,0,5.57,-0.28,13.26,10.27,-68.98,3.82,316.79,-65.16,251.63,,,,,,,,,
6671,12.59,266.87,12.47,0,0.01,0,6.15,-0.91,13.22,10.64,-70,3.82,321.04,-66.17,254.86,,,,,,,,,
6681,13.12,263.82,17.42,0,0.13,0,8.77,0.57,13.23,9.38,-69.7,3.8,326.45,-65.9,260.55,,,,,,,,,
6691,10.44,274.38,17.67,0,0.18,0,5.36,-0.21,12.32,10.87,-68.34,3.79,331.01,-64.54,266.47,,,,,,,,,
6701,13.68,266.12,17.75,0,0.1,0,1.1,-0.91,10.97,11.88,-70.46,3.79,320.68,-66.67,254.01,,,,,,,,,
6711,17.44,263.66,13.31,0,0.47,0,7.74,-1.16,12.07,11.38,-68.83,3.84,324.92,-64.99,259.92,,,,,,,,,
6721,11.88,262.88,18.04,0,0.02,0,3.8,-0.91,14.01,10.98,-68.37,3.85,320.7,-64.52,256.18,,,,,,,,,
6731,17.44,262.48,16.49,0,0.06,0,5.3,-0.19,11.8,10.67,-67.81,3.81,324.06,-64.01,260.05,,,,,,,,,
6741,10.97,258.57,15.55,0,0.01,0,7.7,-1.24,13.54,11.73,-68.52,3.82,316.82,-64.7,252.12,,,,,,,,,
6751,12.86,253.46,16.56,0,0.1,0,5.8,-0.93,12.14,11.31,-69.85,3.84,311.29,-66.02,245.28,,,,,,,,,
6761,15.98,266.53,15.9,0,0.49,0,7.56,-1.59,12.16,11.72,-68.56,3.86,328.74,-64.7,264.03,,,,,,,,,
6771,12.03,268.01,15.24,0,0.21,0,4.43,-0.75,11.4,10.87,-69.03,3.82,321.44,-65.2,256.24,,,,,,,,,
6781,9.6,267.72,16.34,0,0.41,0,7.36,-0.7,13.23,10.81,-69.91,3.83,324.76,-66.07,258.69,,,,,,,,,
6791,10.27,264.09,15.71,0,0.15,0,4.03,-0.35,15.34,10.92,-68.8,3.84,320.16,-64.97,255.2,,,,,,,,,
6801,11.3,265.61,16.72,0,0.05,0,8.35,-0.39,15.19,9.75,-68.58,3.81,326.59,-64.77,261.82,,,,,,,,,
6811,20.74,270.41,14.78,0,0.18,0,4.09,-0.88,11.74,11.29,-70.12,3.84,332.35,-66.27,266.08,,,,,,,,,
6821,20.04,266.02,21.21,0,0.31,0,7.46,-1,11.94,11.27,-69.01,3.82,337.25,-65.2,272.06,,,,,,,,,
6831,11.16,266.98,15.81,0,0.35,0,5.26,-0.87,11.61,11.63,-70.79,3.84,321.94,-66.95,254.99,,,,,,,,,
6841,14.98,262.17,17.32,0,0.55,0,5.75,-0.94,12.35,11.69,-69.01,3.79,323.87,-65.22,258.65,,,,,,,,,
6851,15.36,260.41,18.02,0,0.83,0,8.01,-0.46,11.38,11.39,-68.46,3.8,324.93,-64.65,260.27,,,,,,,,,
6861,16.12,272.5,14.94,0,0.03,0,3.86,-0.81,11.19,11.76,-70.77,3.81,329.61,-66.95,262.66,,,,,,,,,
6871,15.55,266.66,19.36,0,0.02,0,6.15,-0.48,12.87,10.87,-70.03,3.79,331,-66.24,264.76,,,,,,,,,
6881,8.49,276.88,16.81,0,0.08,0,7.58,-0.86,14.37,11.61,-68.76,3.85,334.97,-64.91,270.06,,,,,,,,,
6891,15.29,265.86,18.86,0,0.03,0,4.42,-1.74,12.77,12.17,-68.65,3.82,327.65,-64.83,262.82,,,,,,,,,
6901,10.48,272.24,16.09,0,0.07,0,7.61,-1.02,12.45,11.36,-68.79,3.82,329.29,-64.97,264.32,,,,,,,,,
6911,10.66,271.21,18.46,0,0.51,0,6.32,-0.2,11.38,11.35,-69.16,3.8,329.7,-65.36,264.34,,,,,,,,,
6921,10.87,267.2,15.13,0,0.13,0,3.44,0.19,12.48,9.79,-69.41,3.82,319.24,-65.59,253.65,,,,,,,,,
6931,11.69,265.92,16.57,0,0.02,0,2.78,-0.56,14.58,11.19,-69.01,3.81,322.19,-65.21,256.99,,,,,,,,,
6941,21.7,256.26,19.85,0,0.48,0,3.72,-0.89,12.35,11.46,-69.64,3.82,324.95,-65.82,259.13,,,,,,,,,
6951,14.16,266.05,14.96,0,0.1,0,5.69,-1.15,14.5,11.83,-70,3.85,326.13,-66.14,259.99,,,,,,,,,
6961,18.81,257.75,14.73,0,0.06,0,6.23,-1.06,11.33,11.46,-70.7,3.85,319.31,-66.84,252.47,,,,,,,,,
6971,16.62,272.22,16.42,0,0.2,0,4.85,0.27,12.09,9.7,-69.64,3.82,332.36,-65.82,266.54,,,,,,,,,
6981,9.12,272.18,16.45,0,0.11,0,2.89,-0.64,13.83,10.94,-69.53,3.81,324.89,-65.72,259.17,,,,,,,,,
6991,14.57,264.45,15.96,0,0.49,0,6.92,-1.16,12.68,11.9,-70.11,3.79,325.82,-66.32,259.49,,,,,,,,,
7001,15.76,270.47,15.92,0,0.12,0,5.64,-0.17,13.81,10.98,-71.06,3.77,332.54,-67.28,265.26,,,,,,,,,
7011,12.72,267.39,17.21,0,0.03,0,1.49,-1.08,12.38,11.09,-70.11,3.83,321.24,-66.29,254.96,,,,,,,,,
7021,21.89,266.13,14.07,0,0.13,0,3.76,-0.51,13.03,11.29,-69.97,3.83,329.79,-66.14,263.64,,,,,,,,,
7031,13.31,258.33,15.23,0,0.17,0,12.01,-0.9,12.09,12.38,-70.24,3.81,322.6,-66.43,256.17,,,,,,,,,
7041,11.52,275.22,19.5,0,0.09,0,3.79,-0.32,12.22,9.77,-70.74,3.78,331.79,-66.96,264.83,,,,,,,,,
7051,12.93,263.87,17.55,0,0.51,0,4.66,-1.46,13.08,12.66,-70.09,3.78,323.8,-66.31,257.49,,,,,,,,,
7061,14.33,267,15.94,0,0.04,0,5.82,-0.27,13,10.66,-68.62,3.82,326.51,-64.8,261.71,,,,,,,,,
7071,15.36,252.86,19.82,0,0.11,0,10.89,-1.11,15,11.75,-69.22,3.84,324.69,-65.38,259.3,,,,,,,,,
7081,17.3,262.74,18.95,0,0.8,0,4.92,-1.12,12.73,11.34,-68.4,3.8,327.67,-64.6,263.07,,,,,,,,,
7091,15.17,264.67,13.27,0,0.07,0,9.09,-0.55,12.83,10.83,-69.38,3.87,325.38,-65.51,259.87,,,,,,,,,
7101,15.79,274.51,15.72,0,0.03,0,3.07,-0.07,11.98,10.15,-68.35,3.84,331.17,-64.51,266.66,,,,,,,,,
7111,11.15,267.19,14.39,0,0.21,0,9.8,-1.14,10.74,12.16,-69.13,3.8,324.49,-65.33,259.16,,,,,,,,,
7121,9.32,271.05,17.65,0,0.22,0,9.14,-1.22,14.45,12.45,-69.57,3.85,333.06,-65.72,267.34,,,,,,,,,
7131,17.81,259.56,16.33,0,0.15,0,6.17,-0.44,9.12,10.69,-69.11,3.8,319.39,-65.31,254.09,,,,,,,,,
7141,16.11,265.86,14.95,0,0.23,0,4.19,-0.42,12.65,10.54,-70.16,3.85,324.11,-66.31,257.8,,,,,,,,,
7151,16.7,263.92,17.04,0,0.33,0,6.63,-1.65,12.37,12.69,-68.82,3.79,328.05,-65.02,263.02,,,,,,,,,
7161,12.69,268.01,17.16,0,0.05,0,2.24,-0.5,12.78,12.01,-70.67,3.86,324.44,-66.81,257.63,,,,,,,,,
7171,16.84,265.43,15.76,0,0.14,0,2.45,0.18,12.41,9.45,-68.44,3.82,322.67,-64.62,258.05,,,,,,,,,
7181,10.11,264.94,16.81,0,0.14,0,4.66,-0.01,14.56,9.93,-68.74,3.85,321.15,-64.89,256.26,,,,,,,,,
7191,18.32,252.48,16.25,0,0.05,0,8.54,-1.5,10.36,11.81,-69.29,3.81,316.3,-65.48,250.82,,,,,,,,,
7201,9.35,274.21,15.38,0,0.02,0,6.62,-0.07,14.32,10.8,-70.7,3.83,330.64,-66.86,263.78,,,,,,,,,
7211,13.76,253.8,14.04,0,0.5,0,8.53,-1.52,12.51,12.47,-68.87,3.8,314.09,-65.07,249.02,,,,,,,,,
7221,8.59,269.8,18.14,0,0.12,0,8.47,-1.13,10.72,11.87,-71.2,3.82,326.57,-67.38,259.19,,,,,,,,,
7231,9.67,269.41,16.67,0,0.27,0,5.01,-1.18,15.4,11.66,-69.36,3.83,326.92,-65.53,261.39,,,,,,,,,
7241,21.74,267.85,14.95,0,0.34,0,4.8,-0.81,10.56,10.92,-71.16,3.86,330.36,-67.29,263.06,,,,,,,,,
7251,15.07,262.53,15.23,0,0.04,0,7.79,-0.78,11.33,11.25,-70.64,3.82,322.44,-66.82,255.63,,,,,,,,,
7261,10.04,265.31,15.4,0,0.02,0,7,-1.01,14.74,12.01,-68.94,3.81,323.51,-65.13,258.38,,,,,,,,,
7271,10.34,265.58,15.17,0,0.26,0,5.37,-0.97,13.45,11.44,-69.36,3.81,320.64,-65.54,255.09,,,,,,,,,
7281,10.26,267.36,15.42,0,0.08,0,2.65,-1.23,14.5,12.19,-68.48,3.83,321.23,-64.65,256.58,,,,,,,,,
7291,15.64,266.55,16.87,0,0.12,0,7.3,-1.38,10.98,11.33,-69.04,3.83,327.42,-65.21,262.21,,,,,,,,,
7301,11.07,266.57,17.72,0,0.29,0,2.99,-1.53,12.95,12.54,-69.24,3.82,322.59,-65.42,257.17,,,,,,,,,
7311,8.67,262.7,16.1,0,0.2,0,11.28,-0.45,13.1,10.62,-69.92,3.83,322.23,-66.09,256.14,,,,,,,,,
7321,17.78,261.4,15.7,0,0.2,0,5.21,-0.43,10.4,10.81,-67.73,3.83,321.08,-63.9,257.18,,,,,,,,,
7331,17.9,267.46,18.59,0,0.12,0,7.24,-1.37,12.92,11.17,-70.16,3.8,334.03,-66.36,267.67,,,,,,,,,
7341,12.82,263,12.67,0,0.22,0,1.51,-0.85,11.42,10.75,-69.04,3.83,311.55,-65.21,246.35,,,,,,,,,
7351,13.05,259.75,15.64,0,0.11,0,5.38,-0.9,11.75,11.69,-69.87,3.82,316.47,-66.04,250.42,,,,,,,,,
7361,8.72,268.74,17.16,0,0.1,0,10.88,-0.44,12.32,11.39,-70.51,3.81,328.86,-66.7,262.17,,,,,,,,,
7371,12.43,266.05,14.54,0,0.12,0,7.33,-0.64,11.06,10.84,-69.91,3.82,321.74,-66.08,255.65,,,,,,,,,
7381,10.19,268.42,20.44,0,1.35,0,9.66,-1.1,13.9,11.26,-71.02,3.82,334.12,-67.2,266.92,,,,,,,,,
7391,9.06,270.1,17.95,0,0.21,0,7.35,0.19,14.56,10.74,-69.81,3.83,330.16,-65.98,264.18,,,,,,,,,
7401,13.41,261.16,16.41,0,0.48,0,6.13,-1.15,12.34,12.49,-69.42,3.82,321.24,-65.59,255.65,,,,,,,,,
7411,11.19,265.08,18.62,0,0.78,0,7.96,-0.05,13.66,10.5,-69.18,3.82,327.74,-65.36,262.39,,,,,,,,,
7421,13.05,264.95,15.5,0,0.08,0,4.71,-0.01,15.25,10.63,-67.89,3.83,324.16,-64.06,260.1,,,,,,,,,
7431,17.23,262.02,13.62,0,0.08,0,6.93,-0.98,12.31,11.56,-68.6,3.84,322.78,-64.76,258.02,,,,,,,,,
7441,20.75,259.51,14.73,0,0.01,0,6.83,-1.17,10.36,11.76,-69.28,3.8,322.78,-65.48,257.3,,,,,,,,,
7451,11.53,264.76,12.59,0,0.09,0,10.46,-1.35,13.56,12.42,-69.64,3.82,324.07,-65.81,258.25,,,,,,,,,
7461,14.93,268.61,19.85,0,0.16,0,2.3,-1,13.49,11.57,-68.03,3.81,329.9,-64.22,265.68,,,,,,,,,
7471,14.43,265.27,15.87,0,0.17,0,3.17,-1.38,12.14,12.55,-68.32,3.8,322.22,-64.52,257.7,,,,,,,,,
7481,9.95,261.5,17.38,0,0.07,0,9.53,-0.75,14.49,11.07,-68.2,3.83,323.23,-64.36,258.87,,,,,,,,,
7491,20.76,269.48,14.73,0,0.49,0,4.92,-1.05,10.01,12.17,-70.11,3.85,331.51,-66.25,265.26,,,,,,,,,
7501,17.5,268.62,14.89,0,0.14,0,6.06,-1.51,12.34,11.91,-68.57,3.87,329.95,-64.71,265.24,,,,,,,,,
7511,12.22,262.95,14.94,0,0.22,0,3.55,-0.75,13.69,12.04,-69.93,3.83,318.87,-66.1,252.77,,,,,,,,,
7521,18.43,264.15,14.47,0,0.01,0,7.06,-0.9,14.21,11.66,-69.13,3.82,329.09,-65.31,263.77,,,,,,,,,
7531,10.64,268.47,12.49,0,0.45,0,6.99,-0.91,12.2,11.35,-69.24,3.82,321.67,-65.41,256.26,,,,,,,,,
7541,13.87,260.8,13.99,0,0.4,0,4.67,-0.95,12.23,10.95,-69.27,3.84,315.97,-65.43,250.54,,,,,,,,,
7551,11.56,272.83,16.64,0,0.16,0,7.03,-0.73,11.22,11.31,-70.72,3.85,330.01,-66.88,263.13,,,,,,,,,
7561,13.91,263.45,13.5,0,0.68,0,10.5,-0.71,13.13,11.14,-69.87,3.84,325.59,-66.04,259.55,,,,,,,,,
7571,13.98,261.49,14.34,0,0.09,0,1.35,-0.98,10.7,11.32,-68.85,3.83,312.3,-65.02,247.28,,,,,,,,,
7581,10.03,260.32,15.73,0,0.02,0,4.22,-1.42,11.59,11.87,-69.19,3.81,312.37,-65.38,246.99,,,,,,,,,
7591,19.73,270.61,14.76,0,0.08,0,4.89,-0.4,11.15,10.22,-69.7,3.8,331.05,-65.9,265.15,,,,,,,,,
7601,16.55,257.9,18.26,0,0.6,0,7.53,-1.39,12.29,12.2,-69.04,3.81,323.94,-65.23,258.71,,,,,,,,,
7611,14.97,260.38,16.58,0,0.42,0,5.63,-0.5,10.93,11.37,-70.96,3.78,319.78,-67.17,252.61,,,,,,,,,
7621,13.06,261.47,15.12,0,0.37,0,10.11,0.18,13.47,10.85,-69.43,3.82,324.63,-65.61,259.02,,,,,,,,,
7631,13.43,270.16,17.41,0,0.08,0,2.16,-0.44,11.09,11.12,-70.62,3.8,325.02,-66.82,258.19,,,,,,,,,
7641,18.61,265.42,15.34,0,0.25,0,6.28,-0.22,11.49,10.35,-69.23,3.81,327.53,-65.42,262.11,,,,,,,,,
7651,13.88,269.88,16.33,0,0.05,0,2.26,0.01,10.71,10.52,-71.41,3.81,323.64,-67.6,256.05,,,,,,,,,
7661,11.57,270.6,14.91,0,0.02,0,3.61,-0.02,11.99,9.79,-69.42,3.8,322.47,-65.62,256.86,,,,,,,,,
7671,18.3,270.71,14.26,0,0.06,0,6.85,-0.68,12.67,10.81,-69.26,3.82,332.98,-65.44,267.53,,,,,,,,,
7681,21.47,263.42,15.09,0,0.08,0,4.76,-1.04,11.01,11.67,-68.3,3.81,326.45,-64.48,261.97,,,,,,,,,
7691,13.38,265.39,17.96,0,0.4,0,4.1,-0.52,15.23,11.27,-70.19,3.87,327.21,-66.32,260.88,,,,,,,,,
7701,13.23,261.14,15.55,0,0.04,0,9.8,-0.66,11.92,10.8,-69.49,3.82,321.82,-65.67,256.15,,,,,,,,,
7711,10.74,270.8,19.23,0,0.28,0,5.6,-0.03,14.41,10.7,-69.72,3.82,331.73,-65.9,265.82,,,,,,,,,
7721,11.94,270.76,19.92,0,0.11,0,5.29,-0.52,12.66,10.76,-69.24,3.82,330.9,-65.43,265.47,,,,,,,,,
7731,17.6,257.78,18.38,0,0.26,0,6.04,-1.08,11.96,11.9,-68.41,3.81,322.85,-64.59,258.25,,,,,,,,,
7741,11.35,266.33,15.31,0,0.19,0,4.97,-0.97,13.73,11.6,-69,3.81,322.51,-65.19,257.32,,,,,,,,,
7751,13.63,271.32,16.09,0,0.06,0,11.72,-0.77,10.98,11.65,-71.29,3.84,334.69,-67.45,267.24,,,,,,,,,
7761,18.15,265.95,14.66,0,0.04,0,6.2,-0.82,10.37,11.26,-69.33,3.86,325.82,-65.47,260.35,,,,,,,,,
7771,12.42,265.09,18.83,0,0.17,0,8.4,-0.72,12.6,11.53,-70.58,3.87,328.31,-66.72,261.59,,,,,,,,,
7781,13.63,264.17,17.89,0,0.04,0,3.71,-1.37,9.66,11.74,-69.5,3.81,319.47,-65.69,253.78,,,,,,,,,
7791,15.69,274.69,14.01,0,0.02,0,5.01,-1.23,13.19,11.56,-70.16,3.85,332.94,-66.31,266.63,,,,,,,,,
7801,11.38,270.37,16.76,0,0.13,0,3.34,-0.83,15.1,11.59,-69.26,3.85,327.84,-65.41,262.43,,,,,,,,,
7811,13.03,268.23,12.38,0,0.06,0,6.66,-0.75,11.47,11.11,-68.82,3.8,322.19,-65.02,257.17,,,,,,,,,
7821,13.84,268.45,16.08,0,0.06,0,4.89,-0.38,10.74,10.37,-68.81,3.84,324.05,-64.96,259.08,,,,,,,,,
7831,13.05,261.99,18.13,0,0.15,0,4.04,-0.79,15.03,11.14,-68.87,3.84,322.75,-65.03,257.72,,,,,,,,,
7841,12.97,267.68,19.01,0,0.19,0,7.06,-1.22,14.19,11.29,-69.04,3.84,331.18,-65.2,265.98,,,,,,,,,
7851,16.44,267.63,16.49,0,0.75,0,7.52,-1.15,12.6,11.21,-69.21,3.84,331.47,-65.37,266.1,,,,,,,,,
7861,12.44,262.58,18.85,0,0.01,0,6.54,-0.78,12.76,11.43,-69.74,3.84,323.83,-65.9,257.93,,,,,,,,,
7871,14.74,264.01,18.32,0,0.06,0,5.77,-0.08,13.2,10.04,-70.09,3.84,326.06,-66.25,259.81,,,,,,,,,
7881,9.91,265.96,16.07,0,0.06,0,5.94,-1.17,15.11,11.62,-69.35,3.81,323.5,-65.55,257.95,,,,,,,,,
7891,13.89,267.04,19.21,0,0.39,0,1.32,-0.67,12.23,11.16,-69.64,3.84,324.56,-65.8,258.76,,,,,,,,,
7901,11.3,265.57,17.71,0,0.15,0,6.05,-1.03,11.73,11.8,-69.4,3.79,323.26,-65.6,257.66,,,,,,,,,
7911,13.48,256.96,18.74,0,0.19,0,5.16,-0.37,12.79,11.03,-69.61,3.83,317.98,-65.78,252.2,,,,,,,,,
7921,14.89,259.73,17.07,0,0.23,0,7.02,-0.86,14.15,11.88,-68.92,3.83,324.12,-65.1,259.03,,,,,,,,,
7931,20.33,264.14,14.8,0,0.01,0,3.9,-0.84,10.5,10.78,-69.56,3.8,323.6,-65.76,257.85,,,,,,,,,
7941,18.76,265.59,15.19,0,0.08,0,-0.1,-0.7,10,10.87,-69.55,3.83,319.69,-65.72,253.98,,,,,,,,,
7951,21.82,260.76,16.11,0,0.03,0,5.3,-0.07,11.58,10.14,-69.5,3.82,325.66,-65.68,259.98,,,,,,,,,
7961,16.51,266.38,12.35,0,0.85,0,7.42,-0.78,11.44,10.85,-68.79,3.83,325.01,-64.96,260.05,,,,,,,,,
7971,13.52,269.25,14.99,0,0.15,0,5.66,-1.48,15.52,12.26,-67.98,3.81,329.87,-64.17,265.7,,,,,,,,,
7981,10.49,269.7,16.03,0,0.1,0,4.73,-1.02,10.69,11.42,-69.8,3.84,322.14,-65.96,256.19,,,,,,,,,
7991,16.59,267.72,15.33,0,0.01,0,3.63,-0.69,13.22,11.24,-69.79,3.84,327.05,-65.95,261.1,,,,,,,,,
8001,15.01,267.61,19.25,0,0.84,0,6.24,-1.12,10.98,11.3,-67.86,3.81,330.1,-64.05,266.05,,,,,,,,,
8011,11.36,272.3,16.43,0,0.31,0,6.11,-0.99,11.63,11.61,-70.94,3.81,328.77,-67.13,261.64,,,,,,,,,
8021,13.35,262.25,17.23,0,0.16,0,4.66,-0.3,11.8,10.86,-68.61,3.81,320,-64.81,255.19,,,,,,,,,
8031,13.37,262.37,15.11,0,0.23,0,4.3,-0.43,12.29,10.5,-69.93,3.83,317.76,-66.1,251.66,,,,,,,,,
8041,8.64,268.02,15.39,0,0.05,0,7.46,-1.09,12.28,11.36,-69.13,3.81,322.12,-65.32,256.8,,,,,,,,,
8051,12.92,261.41,16.24,0,0.18,0,5.46,-0.15,11.49,10.71,-70.69,3.83,318.26,-66.86,251.41,,,,,,,,,
8061,15.63,269.43,19.88,0,0.17,0,2.76,-1.37,13.56,11.44,-69.45,3.77,331.49,-65.69,265.81,,,,,,,,,
8071,14.27,267.82,13.34,0,0.21,0,4.57,-0.31,12.23,10.07,-69.97,3.85,322.21,-66.12,256.09,,,,,,,,,
8081,14.95,261.56,13.89,0,0.02,0,2.08,-0.2,11.85,10.26,-69.99,3.83,314.42,-66.17,248.25,,,,,,,,,
8091,8.61,260.01,13.09,0,0.41,0,6.47,-1.06,11.83,11.09,-69.56,3.84,310.45,-65.73,244.73,,,,,,,,,
8101,15.75,262,12.75,0,0.15,0,8.24,-0.67,13.83,11.16,-69.44,3.84,323.22,-65.6,257.62,,,,,,,,,
8111,21.12,257.81,22.18,0,0.82,0,5.06,-1.42,9.47,13.34,-69.7,3.8,328.38,-65.9,262.48,,,,,,,,,
8121,13.5,266.56,16.02,0,0.23,0,1.68,-0.92,13.49,11.75,-67.82,3.81,322.3,-64.01,258.29,,,,,,,,,
8131,10.59,266.58,14.55,0,0.71,0,4.83,-0.63,13.36,11,-69.19,3.86,321,-65.34,255.66,,,,,,,,,
8141,16.2,259.69,15.84,0,0.15,0,6.19,-1.27,12.9,11.25,-68.93,3.83,320.95,-65.1,255.85,,,,,,,,,
8151,13.1,257.86,17.2,0,0.11,0,5.11,-0.95,15.6,11.66,-67.67,3.81,319.69,-63.86,255.82,,,,,,,,,
8161,17.75,266.08,18.76,0,0.36,0,2.55,-0.49,10.82,10.61,-69.09,3.82,326.45,-65.27,261.17,,,,,,,,,
8171,15.01,261.31,18.67,0,0.03,0,8.9,-1.32,11.83,11.44,-70.38,3.82,325.88,-66.56,259.32,,,,,,,,,
8181,20.3,273.09,18.86,0,0.11,0,3.43,-0.55,12.71,11.1,-69.6,3.82,339.05,-65.78,273.26,,,,,,,,,
8191,16.1,270.92,16.55,0,0.59,0,3.31,-1.1,12.17,11.65,-69.41,3.84,330.2,-65.57,264.63,,,,,,,,,
8201,22.14,268.5,13.8,0,0.1,0,1.26,-0.68,11.71,11.72,-68.6,3.81,328.55,-64.79,263.76,,,,,,,,,
8211,9.62,264.56,20.31,0,1.32,0,1.58,-1.01,13.75,10.41,-68.53,3.82,320.53,-64.7,255.83,,,,,,,,,
8221,13.77,259.27,14.83,0,0.29,0,4.06,-1.05,12.57,11.73,-68.56,3.85,315.47,-64.72,250.75,,,,,,,,,
8231,11.44,263.97,15.8,0,0.06,0,8.35,-1,15.14,10.8,-67.51,3.82,324.55,-63.69,260.86,,,,,,,,,
8241,12.62,267.22,15.63,0,0.71,0,4.4,-0.81,10.9,11.39,-69.51,3.83,322.06,-65.68,256.38,,,,,,,,,
8251,15.71,260.35,16.95,0,0.11,0,5.68,-0.74,12.59,11.75,-69.09,3.81,322.39,-65.28,257.11,,,,,,,,,
8261,15.77,259.19,14.74,0,0.06,0,8.61,-0.89,11.55,11.04,-69.72,3.83,320.08,-65.9,254.18,,,,,,,,,
8271,11.41,272.48,16.14,0,0.1,0,3.7,-1.31,13.24,12.04,-69.27,3.8,327.8,-65.47,262.32,,,,,,,,,
8281,17.81,269.46,15.51,0,0.3,0,6.94,0.33,11.48,10.02,-70.11,3.78,331.85,-66.33,265.52,,,,,,,,,
8291,9.5,268.8,14.54,0,0.37,0,8.56,-0.99,14.05,10.93,-68.43,3.8,325.76,-64.63,261.13,,,,,,,,,
8301,12.97,261.4,15.91,0,0.1,0,6.54,-0.23,11.49,10.9,-69.69,3.84,319.08,-65.85,253.23,,,,,,,,,
8311,11.26,267.76,18.58,0,0.15,0,5.05,-0.68,12.5,11.23,-70.45,3.82,325.86,-66.63,259.22,,,,,,,,,
8321,11.76,261.46,15.63,0,0.07,0,7.59,-0.55,12.66,11.55,-69.12,3.84,320.17,-65.28,254.89,,,,,,,,,
8331,11.64,265.21,19.08,0,0.14,0,4.53,-1.22,11.29,11.9,-69.18,3.81,322.58,-65.37,257.21,,,,,,,,,
8341,14.85,260.67,15.69,0,0,0,5.08,-0.91,12.38,11.45,-69.45,3.82,319.21,-65.64,253.58,,,,,,,,,
8351,12.89,265.91,14.25,0,0.02,0,9.04,-1.61,12.77,13.05,-69.71,3.84,326.32,-65.88,260.44,,,,,,,,,
8361,10.29,268.59,17.09,0,0.19,0,3.63,-0.9,11.09,12.53,-70.63,3.82,322.51,-66.81,255.7,,,,,,,,,
8371,11.57,262.65,14.25,0,0.1,0,7.94,-1.28,15.37,11.96,-68.83,3.82,322.57,-65.01,257.56,,,,,,,,,
8381,7.94,264.88,14.97,0,0.3,0,5.69,-1.07,15.21,11.32,-70.45,3.84,319.25,-66.61,252.64,,,,,,,,,
8391,10.97,262,14.52,0,0.06,0,9.72,-0.87,14.07,10.74,-68.73,3.82,321.22,-64.91,256.31,,,,,,,,,
8401,14.99,273.96,13.11,0,0.08,0,4.57,-1,12.01,11.34,-69.32,3.84,329.05,-65.48,263.57,,,,,,,,,
8411,11.08,260.53,17.63,0,0.14,0,4.84,-0.64,13.66,12.14,-68.98,3.82,319.39,-65.16,254.23,,,,,,,,,
8421,15.3,270.29,13.6,0,0.19,0,5.87,-0.44,11.9,10.9,-69.23,3.81,327.61,-65.42,262.19,,,,,,,,,
8431,13.31,281.41,16.31,0,0.03,0,0.7,-0.49,11.53,10.65,-70.5,3.84,333.45,-66.66,266.78,,,,,,,,,
8441,13.97,269.04,17.34,0,0.34,0,2.22,-0.8,12.24,11.05,-68.76,3.82,325.41,-64.94,260.47,,,,,,,,,
8451,14.41,263.58,16.26,0,0.06,0,8.95,-0.15,11.69,10.5,-68.44,3.79,325.28,-64.65,260.63,,,,,,,,,
8461,10.41,269.47,16.88,0,0.1,0,3.37,-0.02,12.23,10.63,-69.58,3.82,323.06,-65.76,257.3,,,,,,,,,
8471,16.48,271.69,16.33,0,0.1,0,8.37,-0.6,11.63,11.61,-71.57,3.82,335.6,-67.75,267.85,,,,,,,,,
8481,10.18,267.61,14.41,0,0.03,0,9.25,-1.06,14.12,10.48,-67.77,3.83,325.03,-63.93,261.1,,,,,,,,,
8491,11.2,273.17,19.61,0,0.01,0,5.45,-0.69,11.5,10.64,-69.01,3.84,330.91,-65.17,265.74,,,,,,,,,
8501,15.63,269.37,13.62,0,1.46,0,5.82,0.1,10.53,10.18,-69.84,3.83,326.7,-66.01,260.69,,,,,,,,,
8511,9.74,261.05,16.31,0,0.12,0,3.17,-1.37,13.37,12.17,-68.81,3.79,314.57,-65.02,249.55,,,,,,,,,
8521,16.22,262.33,17.88,0,0.04,0,2.44,-1.13,10.67,11.77,-69.28,3.81,320.22,-65.47,254.75,,,,,,,,,
8531,12.77,261.58,16.59,0,0.07,0,7.01,-1.4,13.44,12,-68.94,3.81,322.06,-65.13,256.93,,,,,,,,,
8541,16.13,266.69,17.46,0,0.16,0,3.1,-0.85,12.75,11.38,-69.42,3.82,326.83,-65.6,261.24,,,,,,,,,
8551,13.01,273.29,17.62,0,0.09,0,7.78,-0.56,11.2,10.62,-69.33,3.83,333.05,-65.5,267.55,,,,,,,,,
8561,13.54,262.32,14.42,0,0.06,0,5.65,-0.94,10.86,11.71,-68.77,3.81,317.61,-64.96,252.65,,,,,,,,,
8571,13.39,258.2,19.34,0,0.28,0,4.99,-0.37,12.59,10.97,-68.42,3.82,319.39,-64.61,254.78,,,,,,,,,
8581,16.91,264.97,14.29,0,0.21,0,5.43,-0.4,11.08,9.99,-69.98,3.81,322.5,-66.17,256.33,,,,,,,,,
8591,13.16,273.07,15.93,0,0.13,0,3,-0.45,12.68,10.57,-70.74,3.89,328.1,-66.85,261.25,,,,,,,,,
8601,10.7,266.89,13.73,0,0.04,0,5.8,-0.89,10.28,11.95,-69.84,3.85,318.51,-65.98,252.52,,,,,,,,,
8611,17.54,269.3,14.11,0,0.43,0,4.09,-0.56,9.52,10.82,-70.17,3.84,325.25,-66.33,258.92,,,,,,,,,
8621,13.95,260.02,16.88,0,0.12,0,5.95,-1.28,12.28,12.37,-68.99,3.81,320.29,-65.18,255.11,,,,,,,,,
8631,14.78,268.53,17.4,0,0.7,0,2.06,-0.3,12.94,10.53,-68.87,3.84,326.64,-65.04,261.6,,,,,,,,,
8641,16.23,265.32,14.52,0,0.57,0,10.09,-0.11,12.85,11.26,-69.66,3.81,330.73,-65.85,264.88,,,,,,,,,
8651,13.99,267.24,11.95,0,0.3,0,2.57,-1.01,11.32,12.1,-70.11,3.83,318.46,-66.28,252.18,,,,,,,,,
8661,13.38,275.2,13.97,0,0.17,0,5,-0.91,11.5,11.2,-69.62,3.81,329.5,-65.8,263.69,,,,,,,,,
8671,17.83,256.59,18.6,0,0.08,0,6.27,-0.59,8.79,11.25,-69.19,3.81,318.82,-65.38,253.44,,,,,,,,,
8681,11.47,262.41,15.56,0,0.05,0,5.48,-0.68,11.75,11.45,-69.92,3.82,317.48,-66.1,251.38,,,,,,,,,
8691,10.88,263.25,16.04,0,0.02,0,5.53,-0.31,13.66,10.95,-70.03,3.86,320.03,-66.16,253.87,,,,,,,,,
8701,13.61,259.5,16.88,0,0.14,0,3.56,-0.53,15.12,11.51,-68.56,3.82,319.8,-64.74,255.06,,,,,,,,,
8711,16.71,253.72,15.99,0,0.32,0,6.58,-1.75,13.08,12.73,-69.72,3.82,317.39,-65.9,251.49,,,,,,,,,
8721,9.31,266.7,20,0,0.6,0,3.88,-0.26,12.06,11,-68.99,3.82,323.3,-65.17,258.13,,,,,,,,,
8731,8.71,269.15,17.61,0,0.18,0,9.29,-1.32,14.82,12.45,-70,3.8,330.89,-66.2,264.69,,,,,,,,,
8741,14.49,263.94,14.18,0,0.05,0,8.17,-0.55,11.08,10.49,-70.33,3.83,321.85,-66.49,255.36,,,,,,,,,
8751,12.58,265.63,19.38,0,0.4,0,3.93,-0.61,12.85,11.29,-69.06,3.83,325.45,-65.23,260.22,,,,,,,,,
8761,15.38,267.15,14.93,0,0.05,0,0.57,-1.11,12.07,11.6,-68.16,3.82,320.64,-64.35,256.29,,,,,,,,,
8771,14.61,263.14,15.2,0,0.22,0,4.74,-1.11,11,11.08,-69,3.81,318.88,-65.19,253.69,,,,,,,,,
8781,14.06,263.89,16.01,0,0,0,5.32,-1.05,12.39,10.74,-69.48,3.84,321.36,-65.64,255.72,,,,,,,,,
8791,18.16,264.42,18.86,0,0.24,0,7.31,-1.42,13.91,11.79,-68.32,3.84,333.28,-64.48,268.8,,,,,,,,,
8801,14.79,273.04,15.45,0,0.03,0,6.32,-0.55,13.4,10.83,-68.78,3.79,333.31,-64.99,268.31,,,,,,,,,
8811,13.78,262.09,16.34,0,0.3,0,4.74,-0.82,10.5,12.27,-71.26,3.81,319.2,-67.45,251.76,,,,,,,,,
8821,18.37,260.95,13.43,0,0.24,0,5.32,-1.11,11.06,11.49,-69.36,3.82,319.75,-65.54,254.21,,,,,,,,,
8831,8.01,267.63,16.88,0,0.05,0,4.92,-0.92,13.87,11.49,-69.16,3.78,321.93,-65.38,256.54,,,,,,,,,
8841,19.4,266.37,17.11,0,0.11,0,4.55,-0.53,13.93,10.84,-67.8,3.78,331.76,-64.02,267.74,,,,,,,,,
8851,13.84,268.72,16.58,0,0.04,0,4.48,-1.06,14.68,11.41,-68.39,3.81,328.71,-64.58,264.13,,,,,,,,,
8861,14.58,272.96,15.08,0,0.04,0,4.38,-0.45,13.88,10.9,-69.55,3.84,331.37,-65.71,265.65,,,,,,,,,
8871,15.03,269.33,15.03,0,0.22,0,2.36,-0.03,12.78,9.79,-69.46,3.82,324.52,-65.64,258.89,,,,,,,,,
8881,15.58,272.4,16.69,0,0.41,0,0.38,-0.62,11.38,10.96,-68.84,3.79,327.18,-65.05,262.13,,,,,,,,,
8891,15.03,265.6,15.41,0,0.01,0,4.28,-1.49,13.86,11.16,-68.15,3.82,323.86,-64.32,259.54,,,,,,,,,
8901,13.68,263.8,17.15,0,0.28,0,6.64,-0.89,12.51,11.34,-68.57,3.83,324.51,-64.74,259.77,,,,,,,,,
8911,11.27,259.85,15.67,0,0.46,0,5.94,-1.65,13.3,13.33,-69.93,3.83,318.16,-66.1,252.06,,,,,,,,,
8921,14.9,259.35,17.88,0,0.2,0,7.39,-1.18,11.32,11.88,-70.3,3.84,321.74,-66.47,255.27,,,,,,,,,
8931,9.05,261.38,15.54,0,0.17,0,5.08,-0.83,11.69,11.11,-68.46,3.81,313.2,-64.65,248.55,,,,,,,,,
8941,13.35,267.75,14.44,0,0.09,0,4.65,-0.56,12.37,10.65,-67.77,3.81,322.74,-63.96,258.78,,,,,,,,,
8951,13.67,263.62,13.64,0,0.12,0,2.47,-0.79,12.23,11.43,-69.8,3.85,316.39,-65.95,250.44,,,,,,,,,
8961,15.37,268.39,16.24,0,0.06,0,3.12,-0.8,16.74,10.83,-70.61,3.8,329.95,-66.81,263.13,,,,,,,,,
8971,15.7,275.41,15.67,0,0.09,0,5.21,-1.33,12.21,12.32,-68.75,3.82,335.28,-64.93,270.34,,,,,,,,,
8981,13.64,271.42,17.83,0,1.15,0,4.93,-0.57,12.73,11.29,-70.09,3.84,332.42,-66.24,266.18,,,,,,,,,
8991,13.58,268.87,14.42,0,0.25,0,9.39,-1.09,11.8,11.72,-69.13,3.81,328.95,-65.32,263.63,,,,,,,,,
9001,8.67,264.15,15.5,0,0.01,0,8.14,-0.16,13.21,10.46,-69.17,3.79,319.98,-65.38,254.6,,,,,,,,,
9011,12.63,277.7,14.11,0,0.53,0,6.84,-0.91,13.18,11.33,-70.15,3.85,335.42,-66.3,269.11,,,,,,,,,
9021,16.76,266.58,15.04,0,0.68,0,8.77,-1,12.14,11.8,-70.26,3.84,330.76,-66.41,264.35,,,,,,,,,
9031,21.22,258.77,13.63,0,0.93,0,3.72,-0.85,13.01,11.43,-70.56,3.84,321.87,-66.72,255.15,,,,,,,,,
9041,11.56,266.18,15.92,0,0.27,0,7.22,-0.45,12.78,10.42,-69.28,3.85,323.91,-65.43,258.48,,,,,,,,,
9051,11.6,274.96,14.95,0,0,0,3.83,-0.82,12.03,11.38,-69.47,3.84,327.93,-65.63,262.31,,,,,,,,,
9061,8.31,264.86,16.01,0,0.37,0,8.98,-1.22,12.22,11.52,-69.87,3.85,321.06,-66.02,255.04,,,,,,,,,
9071,10.76,267.49,18.06,0,0.2,0,5.01,-0.89,11.9,10.97,-69.91,3.83,323.5,-66.09,257.41,,,,,,,,,
9081,13.22,269.49,14.22,0,0.06,0,0.69,-1.05,10.96,11.18,-69.57,3.83,318.78,-65.74,253.04,,,,,,,,,
9091,18.17,269.82,14.15,0,0.26,0,2.25,0.14,11.31,9.63,-70.18,3.83,325.74,-66.35,259.39,,,,,,,,,
9101,12.28,264.17,15.84,0,0.51,0,6.61,-0.5,15.08,11.13,-68.09,3.82,325.12,-64.28,260.85,,,,,,,,,
9111,13.07,268.29,16.82,0,0.08,0,4.54,-0.35,11.94,10.53,-70.16,3.82,324.93,-66.35,258.58,,,,,,,,,
9121,15.34,274.63,15.09,0,0.38,0,4.42,-1.02,12.34,12.23,-70.08,3.81,333.39,-66.27,267.13,,,,,,,,,
9131,16.16,268.72,15.67,0,0.75,0,9.68,0.3,11.58,9.7,-70.15,3.83,332.57,-66.31,266.25,,,,,,,,,
9141,22.76,272.25,16.07,0,0.1,0,3.69,-0.52,11.56,10.63,-69.75,3.84,336.54,-65.91,270.63,,,,,,,,,
9151,14.48,268.33,15.91,0,0.94,0,5.13,-1.3,12.79,12.84,-70.55,3.84,329.12,-66.71,262.41,,,,,,,,,
9161,9,264.86,17.04,0,0.56,0,5.87,-1.25,13.63,11.55,-69.96,3.84,321.26,-66.12,255.14,,,,,,,,,
9171,14.54,262.72,17.98,0,0.68,0,6.51,-0.67,10.61,11.55,-69.71,3.82,323.93,-65.9,258.03,,,,,,,,,
9181,19.19,260.35,14.4,0,0.03,0,4.14,-0.44,11.84,10.64,-70.6,3.83,320.14,-66.77,253.37,,,,,,,,,
9191,14.91,263.84,14.79,0,0.85,0,4.69,-0.44,10.61,10.5,-70.15,3.83,319.75,-66.32,253.43,,,,,,,,,
9201,13.51,260.04,18.11,0,0.13,0,7.88,-0.3,12.14,11.15,-69.56,3.83,322.66,-65.74,256.93,,,,,,,,,
9211,14.2,261.91,16.24,0,0.06,0,7.01,-0.41,17.49,10.76,-67.68,3.81,327.26,-63.87,263.39,,,,,,,,,
9221,7.4,273.43,16.3,0,0.17,0,1.23,-0.97,10.96,11.36,-69.89,3.8,319.87,-66.08,253.79,,,,,,,,,
9231,19.86,257.88,16.15,0,0.28,0,3.16,-0.85,9.33,11.89,-69.73,3.81,317.69,-65.92,251.78,,,,,,,,,
9241,14.48,269.48,14.47,0,0.05,0,3.26,-0.93,13.58,11.57,-68.6,3.83,325.97,-64.77,261.2,,,,,,,,,
9251,12.41,267.77,16.09,0,0.1,0,3.76,-0.22,12.78,11,-69.84,3.81,323.69,-66.03,257.66,,,,,,,,,
9261,14.44,271.76,15.51,0,0.12,0,3.36,-0.23,11.31,10.87,-69.01,3.81,327.14,-65.19,261.94,,,,,,,,,
9271,16.09,272.45,16.17,0,0.18,0,1.96,-0.84,11.17,11.58,-69.78,3.84,328.76,-65.94,262.82,,,,,,,,,
9281,15.82,257.22,16.69,0,0.15,0,7.45,-0.22,11.56,10.63,-69.68,3.81,319.3,-65.87,253.43,,,,,,,,,
9291,11.46,265.56,14.24,0,0.07,0,3.69,-0.75,14.91,10.34,-68.98,3.82,319.52,-65.15,254.37,,,,,,,,,
9301,11.57,263.62,15.24,0,0.38,0,11.21,-0.51,10.76,11.13,-69.1,3.84,323.42,-65.26,258.16,,,,,,,,,
9311,15.19,263.26,15.01,0,0.36,0,6.16,-0.5,12.19,11.6,-69.08,3.82,323.28,-65.26,258.02,,,,,,,,,
9321,16.87,264.14,17.88,0,0.11,0,3.08,-1.51,12.61,13.04,-68.25,3.82,326.21,-64.43,261.78,,,,,,,,,
9331,14.11,265.76,17.4,0,0.16,0,6.97,-0.35,14.88,11.98,-68.82,3.83,330.92,-64.99,265.93,,,,,,,,,
9341,20.93,266.54,17.82,0,0.15,0,5.08,-1.12,9.83,11.21,-69.72,3.79,330.45,-65.93,264.52,,,,,,,,,
9351,17.36,262.85,14.72,0,0.57,0,6.76,-1.51,13.16,12.41,-69.7,3.83,326.31,-65.87,260.45,,,,,,,,,
9361,7.6,265.65,15.84,0,0.02,0,3.08,-0.29,13.61,10.89,-68.69,3.81,316.4,-64.88,251.51,,,,,,,,,
9371,10.32,268.68,16.31,0,0.3,0,4.77,-0.78,11.65,11.56,-69.9,3.82,322.81,-66.08,256.73,,,,,,,,,
9381,8.2,260.72,15.93,0,0.09,0,4.5,-0.65,12.58,11.66,-69.32,3.82,313.03,-65.5,247.53,,,,,,,,,
9391,11.35,266.09,15.25,0,0.85,0,5.08,0.41,12.26,9.75,-68.7,3.82,321.05,-64.89,256.17,,,,,,,,,
9401,16.11,255.88,16.14,0,0.87,0,9.45,-0.59,10.95,11.37,-70.35,3.8,320.18,-66.55,253.63,,,,,,,,,
9411,12.24,269.63,16.71,0,0.47,0,4.86,-1.41,12.8,11.78,-68.01,3.82,327.07,-64.19,262.89,,,,,,,,,
9421,13.99,266.39,16.05,0,0.16,0,7.07,-1.4,12.66,11.85,-69.66,3.81,326.76,-65.85,260.92,,,,,,,,,
9431,13.31,266.91,16.18,0,0.1,0,8.48,-0.63,13.51,11.04,-68.59,3.85,328.89,-64.75,264.15,,,,,,,,,
9441,12.51,272.57,17.38,0,0.16,0,3.7,0.01,16.39,10.05,-68.8,3.81,332.77,-64.99,267.78,,,,,,,,,
9451,10.04,273.42,19.84,0,0.58,0,1.81,-0.36,14.36,11.32,-69.72,3.8,331.01,-65.92,265.09,,,,,,,,,
9461,11.91,273.68,16.13,0,0.16,0,4.57,-1.22,11.71,11.61,-68.03,3.82,328.54,-64.2,264.34,,,,,,,,,
9471,10.8,266.02,13.59,0,0.02,0,7.31,-1.27,11.84,11.96,-68.23,3.83,320.26,-64.4,255.87,,,,,,,,,
9481,14.68,267.66,15.57,0,0.02,0,10.72,-0.67,12.34,11.46,-68.81,3.82,331.79,-64.99,266.8,,,,,,,,,
9491,14.5,274.92,18.42,0,0.02,0,5.29,-0.48,13.07,10.18,-69.9,3.83,335.9,-66.06,269.84,,,,,,,,,
9501,17.31,261.25,17.13,0,0.23,0,4.74,-0.26,14.53,10.68,-70.25,3.85,325.61,-66.4,259.21,,,,,,,,,
9511,11.25,266.69,15.01,0,0.32,0,4.69,-1.09,14.14,12.33,-70.14,3.84,323.33,-66.31,257.03,,,,,,,,,
9521,14.02,258.81,15.74,0,0.27,0,4.18,-0.72,13.75,11.37,-68.52,3.81,317.43,-64.71,252.72,,,,,,,,,
9531,11.24,263.93,15.02,0,0.03,0,6.95,-0.49,15.23,10.77,-69.67,3.84,322.69,-65.83,256.86,,,,,,,,,
9541,22.61,264.96,16.31,0,0.12,0,7.03,-1.08,13.43,12,-70.04,3.84,335.37,-66.2,269.17,,,,,,,,,
9551,12.44,262.02,17.46,0,0.07,0,9.61,-1.6,10.88,12.26,-69.25,3.84,323.14,-65.41,257.73,,,,,,,,,
9561,9.65,273.93,17.47,0,0.25,0,6.61,-0.43,13.32,10.73,-69.31,3.83,331.53,-65.49,266.04,,,,,,,,,
9571,13.92,270.29,14.48,0,0.07,0,2.83,-1.05,12.31,11.4,-69.97,3.82,324.27,-66.15,258.12,,,,,,,,,
9581,12.51,272.43,18.64,0,0.11,0,5.1,-0.96,10.7,11.44,-69.93,3.83,329.98,-66.09,263.89,,,,,,,,,
9591,16.37,268.55,16.16,0,0.04,0,0.53,-0.97,11.88,12.06,-69.14,3.84,324.62,-65.3,259.32,,,,,,,,,
9601,13.8,270.57,14.18,0,0.07,0,3.35,-1.08,12.9,11.17,-70.55,3.83,324.97,-66.72,258.25,,,,,,,,,
9611,17.91,264,20.25,0,0.52,0,8.08,-0.5,11.74,11.18,-68.58,3.78,333.18,-64.8,268.38,,,,,,,,,
9621,12.25,269.17,17.88,0,0.19,0,7.04,-0.87,15.66,11.94,-69.95,3.85,333.25,-66.1,267.14,,,,,,,,,
9631,16.68,260.55,15.83,0,0.07,0,4.57,0.13,11.37,10.01,-69.36,3.8,319.2,-65.57,253.63,,,,,,,,,
9641,16.38,268.34,14.66,0,0.08,0,1.56,-1.28,9.21,11.17,-68.84,3.82,320.12,-65.02,255.09,,,,,,,,,
9651,13.57,273.81,17.1,0,0.09,0,6.93,-1.59,14.06,11.95,-67.41,3.77,335.92,-63.64,272.28,,,,,,,,,
9661,13.87,262.22,18.34,0,0.16,0,5.85,-1.13,11.41,12.83,-69.13,3.82,323.56,-65.31,258.25,,,,,,,,,
9671,11.07,262.27,17.32,0,0.04,0,7.31,-1.43,13.38,12.12,-69.65,3.83,322.08,-65.82,256.26,,,,,,,,,
9681,15.89,258.81,20.6,0,1.47,0,9.94,-2.03,12.87,13.66,-69.77,3.81,331.21,-65.96,265.25,,,,,,,,,
9691,10.59,270.35,13.75,0,0.36,0,5.16,-0.94,11.9,11.49,-68.44,3.8,322.67,-64.63,258.03,,,,,,,,,
9701,11.96,263.08,18.47,0,0.36,0,9.11,-1.51,12.89,11.92,-68.4,3.84,326.27,-64.56,261.71,,,,,,,,,
9711,10.44,259.39,18.08,0,0.14,0,7.1,-1.16,12.52,12.23,-70.67,3.83,318.74,-66.84,251.9,,,,,,,,,
9721,16.17,265.48,16.9,0,0.17,0,2.21,-1.16,10.25,11.82,-70.46,3.8,321.84,-66.66,255.18,,,,,,,,,
9731,10.85,264.64,18.02,0,0.18,0,7.07,-0.62,15.27,11.01,-67.97,3.81,326.42,-64.16,262.26,,,,,,,,,
9741,14.29,268.93,12.49,0,0.03,0,2.47,-0.8,12.81,10.96,-68.61,3.83,321.18,-64.78,256.4,,,,,,,,,
9751,14.85,266.98,15.16,0,0.87,0,3.59,-0.91,11.2,11.44,-69.06,3.81,323.17,-65.25,257.92,,,,,,,,,
9761,11.23,269.95,16.12,0,0.12,0,4.77,-0.75,11.81,11.59,-70.53,3.8,324.84,-66.73,258.11,,,,,,,,,
9771,15.5,270.44,15.67,0,0.06,0,2.65,-0.59,12.73,10.53,-70.55,3.85,327,-66.7,260.3,,,,,,,,,
9781,10.17,259.12,15.91,0,0.11,0,8.82,-1.18,13.39,12.35,-69.99,3.84,318.69,-66.16,252.54,,,,,,,,,
9791,11.79,269.55,16.86,0,0.08,0,5.59,-0.68,14.13,11.43,-69.02,3.84,328.74,-65.18,263.56,,,,,,,,,
9801,15.5,265.94,13.45,0,0.15,0,2.43,-0.86,11.71,10.68,-69.84,3.85,319,-65.99,253.01,,,,,,,,,
9811,15.21,268.2,17.28,0,0.17,0,5.8,-0.47,11.37,11.03,-69.83,3.84,328.59,-65.98,262.61,,,,,,,,,
9821,10.57,264.64,15.44,0,1.25,0,5.76,-0.42,12.84,10.36,-69.2,3.84,320.43,-65.37,255.06,,,,,,,,,
9831,13.92,263.1,16.27,0,0.41,0,10.3,-0.08,12.78,10.64,-69.75,3.81,327.34,-65.94,261.39,,,,,,,,,
9841,12.09,264.25,15.14,0,0.21,0,5.71,-0.56,14.45,11.5,-69.72,3.83,322.79,-65.89,256.9,,,,,,,,,
9851,11.08,265.27,18.18,0,0.09,0,3.6,-0.94,11.96,11.5,-68.63,3.81,320.74,-64.82,255.92,,,,,,,,,
9861,11.12,268.19,16.33,0,0.22,0,3.89,-1.35,15.19,12.26,-69.63,3.83,325.85,-65.81,260.04,,,,,,,,,
9871,14.25,268.72,14.4,0,0.03,0,4.16,-1.08,14.12,11,-68.36,3.83,325.6,-64.53,261.07,,,,,,,,,
9881,22.96,268.39,17.66,0,0.22,0,7.07,-1.23,12.28,11.22,-69.3,3.85,338.58,-65.45,273.13,,,,,,,,,
9891,12.18,264.95,16.21,0,0.06,0,6.07,-0.49,13.9,11.3,-69.72,3.83,324.19,-65.89,258.3,,,,,,,,,
9901,15.08,262.23,14.48,0,0.03,0,9.97,-1.08,12.5,11.25,-70.1,3.81,324.46,-66.3,258.16,,,,,,,,,
9911,18.05,265.57,17.66,0,0.36,0,4.76,-1.47,13.65,12.38,-68.48,3.79,330.96,-64.69,266.27,,,,,,,,,
9921,11.15,260.22,16.44,0,0.05,0,8.45,0.11,13.14,9.86,-69.74,3.8,319.43,-65.93,253.5,,,,,,,,,
9931,19.23,259.17,14.3,0,0.59,0,5.43,-0.98,11.79,10.87,-68.36,3.83,320.4,-64.53,255.87,,,,,,,,,
9941,13.11,264.28,15.96,0,0.23,0,7.68,-0.59,12.37,11.21,-69.92,3.82,324.26,-66.09,258.16,,,,,,,,,
9951,17.93,272.95,14.97,0,0.05,0,0.81,-0.54,9.26,11.31,-69.87,3.83,326.76,-66.03,260.72,,,,,,,,,
9961,11.32,253.89,17.42,0,0.1,0,9.44,-1.06,12.45,11.82,-69.52,3.81,315.39,-65.71,249.68,,,,,,,,,
9971,12.24,269.22,13.71,0,0.13,0,1.32,-1.09,11.61,10.97,-69.07,3.82,318.1,-65.25,252.85,,,,,,,,,
9981,16.66,268.31,15.26,0,0.54,0,1.72,-0.71,11.44,10.73,-69.99,3.85,323.97,-66.14,257.82,,,,,,,,,
9991,16.81,269.1,13.47,0,0.25,0,1.71,-0.51,10.98,10.48,-68.22,3.78,322.29,-64.44,257.85,,,,,,,,,
10001,10.61,267.76,15.21,0,0.1,0,5.99,-1.36,13.64,11.63,-69.1,3.82,323.57,-65.28,258.29,,,,,,,,,
,,,,,,,,,,,,,,,,,,,,,,,,
Delta Energy Terms,,,,,,,,,,,,,,,,,,,,,,,,
Frame #,BOND,ANGLE,DIHED,UB,IMP,CMAP,VDWAALS,EEL,1-4 VDW,1-4 EEL,EGB,ESURF,GGAS,GSOLV,TOTAL,,,,,,,,,
1,0,0,0,0,0,0,-29.77,-152.35,0,0,163.96,-3.94,-182.12,160.02,-22.1,,VDWAALS,,EEL,,GSOLV,,GBIND,
11,0,0,0,0,0,0,-29.23,-146.14,0,0,161.05,-3.46,-175.36,157.59,-17.77,,AVG,STDEV,AVG,STDEV,AVG,STDEV,AVG,STDEV
21,0,0,0,0,0,0,-30.47,-143.08,0,0,158.37,-3.75,-173.55,154.62,-18.93,,-6.462097902,10.90182613,-62.609001,47.34526197,63.97014985,49.12267037,-5.100959041,8.851082571
31,0,0,0,0,0,0,-23.63,-147.37,0,0,161.73,-3.41,-171,158.32,-12.68,,,,,,,,,
41,0,0,0,0,0,0,-31.84,-170.14,0,0,185.43,-3.88,-201.98,181.55,-20.43,,,,,,,,,
51,0,0,0,0,0,0,-29.48,-148.9,0,0,164.66,-3.38,-178.38,161.29,-17.1,,,,,,,,,
61,0,0,0,0,0,0,-25.63,-148.12,0,0,161.16,-2.93,-173.75,158.23,-15.52,,,,,,,,,
71,0,0,0,0,0,0,-25.88,-139.06,0,0,150.11,-3.12,-164.94,146.99,-17.95,,,,,,,,,
81,0,0,0,0,0,0,-25.9,-153.07,0,0,163.19,-3.05,-178.97,160.14,-18.83,,,,,,,,,
91,0,0,0,0,0,0,-30.76,-141.85,0,0,157.44,-3.83,-172.61,153.61,-19,,,,,,,,,
101,0,0,0,0,0,0,-28.12,-144.86,0,0,161.04,-3.74,-172.98,157.3,-15.68,,,,,,,,,
111,0,0,0,0,0,0,-29.91,-143.23,0,0,159.91,-3.83,-173.14,156.09,-17.06,,,,,,,,,
121,0,0,0,0,0,0,-27.05,-141.13,0,0,154.9,-3.45,-168.19,151.45,-16.73,,,,,,,,,
131,0,0,0,0,0,0,-29.15,-126.3,0,0,140.8,-3.46,-155.45,137.34,-18.11,,,,,,,,,
141,0,0,0,0,0,0,-29.3,-135.79,0,0,149.46,-3.56,-165.09,145.9,-19.19,,,,,,,,,
151,0,0,0,0,0,0,-29.32,-125.4,0,0,139.56,-3.52,-154.72,136.03,-18.69,,,,,,,,,
161,0,0,0,0,0,0,-29.82,-143.68,0,0,157.88,-3.79,-173.5,154.09,-19.41,,,,,,,,,
171,0,0,0,0,0,0,-32.03,-140.88,0,0,157.31,-4.08,-172.91,153.22,-19.68,,,,,,,,,
181,0,0,0,0,0,0,-31.68,-143.42,0,0,161.63,-4.18,-175.09,157.45,-17.64,,,,,,,,,
191,0,0,0,0,0,0,-31.27,-143.23,0,0,160.75,-4,-174.5,156.75,-17.75,,,,,,,,,
201,0,0,0,0,0,0,-27.23,-135.35,0,0,148.11,-3.06,-162.57,145.04,-17.53,,,,,,,,,
211,0,0,0,0,0,0,-33.28,-135.76,0,0,151.91,-3.93,-169.04,147.98,-21.06,,,,,,,,,
221,0,0,0,0,0,0,-30.79,-150.22,0,0,165.31,-4.08,-181.02,161.23,-19.79,,,,,,,,,
231,0,0,0,0,0,0,-32.88,-150.82,0,0,168.12,-4.09,-183.7,164.04,-19.67,,,,,,,,,
241,0,0,0,0,0,0,-30.33,-138.38,0,0,153.71,-3.84,-168.71,149.87,-18.84,,,,,,,,,
251,0,0,0,0,0,0,-29.26,-139.1,0,0,154.36,-3.59,-168.36,150.77,-17.58,,,,,,,,,
261,0,0,0,0,0,0,-27.8,-126.54,0,0,140.97,-3.17,-154.34,137.8,-16.54,,,,,,,,,
271,0,0,0,0,0,0,-31.01,-148.19,0,0,163.4,-4.07,-179.2,159.33,-19.87,,,,,,,,,
281,0,0,0,0,0,0,-29.45,-184.12,0,0,189.83,-3.75,-213.56,186.08,-27.48,,,,,,,,,
291,0,0,0,0,0,0,-21.84,-170.46,0,0,175.17,-2.89,-192.3,172.28,-20.02,,,,,,,,,
301,0,0,0,0,0,0,-19.52,-167.18,0,0,171.75,-2.94,-186.69,168.82,-17.88,,,,,,,,,
311,0,0,0,0,0,0,-20.34,-174.5,0,0,178.38,-3.4,-194.85,174.98,-19.87,,,,,,,,,
321,0,0,0,0,0,0,-23.95,-159.41,0,0,166.21,-3.42,-183.36,162.79,-20.57,,,,,,,,,
331,0,0,0,0,0,0,-23.31,-172.82,0,0,178.76,-3.54,-196.12,175.21,-20.91,,,,,,,,,
341,0,0,0,0,0,0,-19.57,-168.53,0,0,173.89,-2.41,-188.1,171.48,-16.62,,,,,,,,,
351,0,0,0,0,0,0,-20.09,-154.74,0,0,159.14,-2.94,-174.83,156.21,-18.62,,,,,,,,,
361,0,0,0,0,0,0,-19.4,-189.71,0,0,192.27,-2.98,-209.11,189.3,-19.81,,,,,,,,,
371,0,0,0,0,0,0,-19.77,-165.77,0,0,171.62,-3.21,-185.53,168.42,-17.12,,,,,,,,,
381,0,0,0,0,0,0,-23.95,-105.21,0,0,119.96,-2.81,-129.16,117.15,-12.01,,,,,,,,,
391,0,0,0,0,0,0,-24.06,-121.79,0,0,135.75,-2.99,-145.85,132.76,-13.09,,,,,,,,,
401,0,0,0,0,0,0,-25.58,-113.99,0,0,127.3,-2.98,-139.58,124.33,-15.25,,,,,,,,,
411,0,0,0,0,0,0,-26.95,-103.95,0,0,117.9,-3.15,-130.9,114.75,-16.16,,,,,,,,,
421,0,0,0,0,0,0,-26.81,-101.17,0,0,118,-3.38,-127.99,114.62,-13.37,,,,,,,,,
431,0,0,0,0,0,0,-25.38,-105.16,0,0,119.27,-3.03,-130.53,116.24,-14.29,,,,,,,,,
441,0,0,0,0,0,0,-25.43,-93.82,0,0,108.93,-3.16,-119.25,105.78,-13.47,,,,,,,,,
451,0,0,0,0,0,0,-24.68,-97.19,0,0,113.19,-3.12,-121.87,110.07,-11.8,,,,,,,,,
461,0,0,0,0,0,0,-24.67,-119.14,0,0,131.26,-3.13,-143.81,128.13,-15.68,,,,,,,,,
471,0,0,0,0,0,0,-26.43,-135.93,0,0,148.79,-3.17,-162.36,145.61,-16.74,,,,,,,,,
481,0,0,0,0,0,0,-26.29,-150.37,0,0,158.34,-3.42,-176.65,154.93,-21.73,,,,,,,,,
491,0,0,0,0,0,0,-23.75,-173.73,0,0,174.86,-3.42,-197.48,171.44,-26.04,,,,,,,,,
501,0,0,0,0,0,0,-19.8,-152.29,0,0,159.44,-3.16,-172.09,156.28,-15.82,,,,,,,,,
511,0,0,0,0,0,0,-25.54,-153.16,0,0,158.19,-3.66,-178.71,154.53,-24.18,,,,,,,,,
521,0,0,0,0,0,0,-24.4,-148.27,0,0,153.67,-3.55,-172.68,150.11,-22.56,,,,,,,,,
531,0,0,0,0,0,0,-26.38,-149.14,0,0,154.46,-3.41,-175.52,151.05,-24.47,,,,,,,,,
541,0,0,0,0,0,0,-25.99,-142.18,0,0,146.85,-3.69,-168.16,143.16,-25,,,,,,,,,
551,0,0,0,0,0,0,-24.6,-156.2,0,0,158.8,-3.68,-180.8,155.12,-25.68,,,,,,,,,
561,0,0,0,0,0,0,-23.97,-159.2,0,0,165.59,-3.71,-183.17,161.88,-21.3,,,,,,,,,
571,0,0,0,0,0,0,-18.46,-145.14,0,0,146.71,-3.14,-163.6,143.58,-20.02,,,,,,,,,
581,0,0,0,0,0,0,-24.91,-96.47,0,0,109.48,-2.92,-121.38,106.56,-14.82,,,,,,,,,
591,0,0,0,0,0,0,-25.84,-94.51,0,0,108.66,-3.11,-120.36,105.56,-14.8,,,,,,,,,
601,0,0,0,0,0,0,-22.5,-99.82,0,0,111.1,-3.1,-122.32,108,-14.33,,,,,,,,,
611,0,0,0,0,0,0,-24.86,-108.26,0,0,119.77,-3.22,-133.12,116.55,-16.57,,,,,,,,,
621,0,0,0,0,0,0,-25.19,-167.09,0,0,168.27,-3.72,-192.27,164.55,-27.72,,,,,,,,,
631,0,0,0,0,0,0,-24.61,-187.53,0,0,187.84,-3.97,-212.14,183.87,-28.27,,,,,,,,,
641,0,0,0,0,0,0,-27.99,-175.34,0,0,181.06,-3.97,-203.34,177.08,-26.25,,,,,,,,,
651,0,0,0,0,0,0,-26.31,-135.83,0,0,144.66,-3.37,-162.14,141.3,-20.85,,,,,,,,,
661,0,0,0,0,0,0,-24.79,-163.16,0,0,167.42,-3.8,-187.95,163.61,-24.34,,,,,,,,,
671,0,0,0,0,0,0,-27.24,-191.7,0,0,196.82,-3.99,-218.95,192.84,-26.11,,,,,,,,,
681,0,0,0,0,0,0,-27.2,-157.92,0,0,162.83,-3.89,-185.13,158.93,-26.2,,,,,,,,,
691,0,0,0,0,0,0,-28,-157.41,0,0,164.04,-3.69,-185.4,160.35,-25.05,,,,,,,,,
701,0,0,0,0,0,0,-22.95,-164.93,0,0,170.01,-3.36,-187.88,166.65,-21.24,,,,,,,,,
711,0,0,0,0,0,0,-21.23,-178.47,0,0,178.72,-3.7,-199.7,175.01,-24.69,,,,,,,,,
721,0,0,0,0,0,0,-28.62,-162.78,0,0,170.25,-3.88,-191.4,166.36,-25.04,,,,,,,,,
731,0,0,0,0,0,0,-21.18,-174.3,0,0,175.35,-3.64,-195.48,171.71,-23.77,,,,,,,,,
741,0,0,0,0,0,0,-24.97,-165.12,0,0,171.61,-3.84,-190.09,167.77,-22.32,,,,,,,,,
751,0,0,0,0,0,0,-22.13,-175.29,0,0,175.34,-3.83,-197.43,171.5,-25.93,,,,,,,,,
761,0,0,0,0,0,0,-26.18,-156.09,0,0,163.66,-3.71,-182.26,159.95,-22.31,,,,,,,,,
771,0,0,0,0,0,0,-27.59,-158.85,0,0,167.14,-3.73,-186.44,163.4,-23.04,,,,,,,,,
781,0,0,0,0,0,0,-21.51,-155.1,0,0,156.72,-3.13,-176.61,153.59,-23.02,,,,,,,,,
791,0,0,0,0,0,0,-24.59,-174.8,0,0,176.81,-3.64,-199.39,173.18,-26.21,,,,,,,,,
801,0,0,0,0,0,0,0,-28.82,0,0,28.82,0,-28.82,28.82,0,,,,,,,,,
811,0,0,0,0,0,0,0,-29.92,0,0,29.92,0,-29.92,29.92,0,,,,,,,,,
821,0,0,0,0,0,0,-27.29,-167.27,0,0,174.19,-3.81,-194.56,170.38,-24.19,,,,,,,,,
831,0,0,0,0,0,0,-24.78,-177.34,0,0,181.77,-3.35,-202.12,178.42,-23.7,,,,,,,,,
841,0,0,0,0,0,0,-28.06,-173.02,0,0,178.87,-3.77,-201.08,175.1,-25.97,,,,,,,,,
851,0,0,0,0,0,0,0,-29.54,0,0,29.54,0,-29.54,29.54,0,,,,,,,,,
861,0,0,0,0,0,0,-25.31,-189.73,0,0,193.79,-3.66,-215.04,190.13,-24.92,,,,,,,,,
871,0,0,0,0,0,0,-28.55,-179.54,0,0,185.01,-3.96,-208.1,181.05,-27.04,,,,,,,,,
881,0,0,0,0,0,0,-25.45,-178.83,0,0,182.86,-3.73,-204.29,179.13,-25.16,,,,,,,,,
891,0,0,0,0,0,0,-0.02,-44.78,0,0,44.83,0,-44.8,44.83,0.04,,,,,,,,,
901,0,0,0,0,0,0,-0.02,-49.11,0,0,49.15,0,-49.13,49.15,0.02,,,,,,,,,
911,0,0,0,0,0,0,-0.02,-45.82,0,0,45.88,0,-45.84,45.88,0.04,,,,,,,,,
921,0,0,0,0,0,0,-0.02,-47.85,0,0,47.9,0,-47.87,47.9,0.03,,,,,,,,,
931,0,0,0,0,0,0,-23.21,-170.98,0,0,172.02,-3.63,-194.19,168.39,-25.8,,,,,,,,,
941,0,0,0,0,0,0,-0.02,-56.7,0,0,56.73,0,-56.72,56.73,0.01,,,,,,,,,
951,0,0,0,0,0,0,-0.02,-57.8,0,0,57.8,0,-57.82,57.8,-0.02,,,,,,,,,
961,0,0,0,0,0,0,-0.02,-58.67,0,0,58.67,0,-58.68,58.67,-0.02,,,,,,,,,
971,0,0,0,0,0,0,-0.02,-56.17,0,0,56.18,0,-56.18,56.18,-0.01,,,,,,,,,
981,0,0,0,0,0,0,-0.02,-52.72,0,0,52.76,0,-52.74,52.76,0.01,,,,,,,,,
991,0,0,0,0,0,0,-0.02,-56.29,0,0,56.3,0,-56.3,56.3,-0.01,,,,,,,,,
1001,0,0,0,0,0,0,-0.01,-62.28,0,0,62.26,0,-62.29,62.26,-0.03,,,,,,,,,
1011,0,0,0,0,0,0,-0.01,-61.71,0,0,61.7,0,-61.73,61.7,-0.03,,,,,,,,,
1021,0,0,0,0,0,0,-0.01,-62.89,0,0,62.87,0,-62.9,62.87,-0.03,,,,,,,,,
1031,0,0,0,0,0,0,-27.5,-173.67,0,0,176.31,-3.88,-201.17,172.43,-28.74,,,,,,,,,
1041,0,0,0,0,0,0,-24.44,-173.12,0,0,180.58,-3.78,-197.56,176.8,-20.76,,,,,,,,,
1051,0,0,0,0,0,0,-27.67,-180.48,0,0,182.89,-4.07,-208.15,178.82,-29.33,,,,,,,,,
1061,0,0,0,0,0,0,-24.22,-171.52,0,0,174.66,-3.53,-195.74,171.13,-24.61,,,,,,,,,
1071,0,0,0,0,0,0,-24.68,-142.86,0,0,149.14,-3.8,-167.54,145.34,-22.2,,,,,,,,,
1081,0,0,0,0,0,0,-26.5,-172.49,0,0,177.66,-4.18,-198.99,173.49,-25.51,,,,,,,,,
1091,0,0,0,0,0,0,-25.7,-165.65,0,0,170.57,-3.86,-191.35,166.71,-24.64,,,,,,,,,
1101,0,0,0,0,0,0,-24.4,-180.37,0,0,184.02,-3.4,-204.77,180.61,-24.15,,,,,,,,,
1111,0,0,0,0,0,0,-30.35,-190.73,0,0,195.99,-4.43,-221.08,191.56,-29.51,,,,,,,,,
1121,0,0,0,0,0,0,-23.46,-185.8,0,0,188.62,-3.63,-209.26,184.99,-24.28,,,,,,,,,
1131,0,0,0,0,0,0,-23.83,-182.14,0,0,184.13,-3.66,-205.97,180.47,-25.5,,,,,,,,,
1141,0,0,0,0,0,0,-20.56,-180.62,0,0,179.29,-3.72,-201.18,175.57,-25.61,,,,,,,,,
1151,0,0,0,0,0,0,0,-28.5,0,0,28.5,0,-28.5,28.5,0,,,,,,,,,
1161,0,0,0,0,0,0,0,-28.05,0,0,28.05,0,-28.05,28.05,0,,,,,,,,,
1171,0,0,0,0,0,0,-25.35,-155.71,0,0,158.23,-3.69,-181.06,154.54,-26.52,,,,,,,,,
1181,0,0,0,0,0,0,-25.39,-168.6,0,0,170.35,-3.71,-193.99,166.63,-27.36,,,,,,,,,
1191,0,0,0,0,0,0,0,-27.9,0,0,27.9,0,-27.9,27.9,0,,,,,,,,,
1201,0,0,0,0,0,0,0,-25.23,0,0,25.23,0,-25.23,25.23,0,,,,,,,,,
1211,0,0,0,0,0,0,-0.01,-70.41,0,0,70.38,0,-70.42,70.38,-0.04,,,,,,,,,
1221,0,0,0,0,0,0,0,-27.22,0,0,27.22,0,-27.22,27.22,0,,,,,,,,,
1231,0,0,0,0,0,0,0,-27.48,0,0,27.48,0,-27.48,27.48,0,,,,,,,,,
1241,0,0,0,0,0,0,0,-27.14,0,0,27.14,0,-27.14,27.14,0,,,,,,,,,
1251,0,0,0,0,0,0,0,-26.58,0,0,26.58,0,-26.58,26.58,0,,,,,,,,,
1261,0,0,0,0,0,0,0,-26.22,0,0,26.22,0,-26.22,26.22,0,,,,,,,,,
1271,0,0,0,0,0,0,0,-25.64,0,0,25.64,0,-25.64,25.64,0,,,,,,,,,
1281,0,0,0,0,0,0,0,-25.4,0,0,25.4,0,-25.4,25.4,0,,,,,,,,,
1291,0,0,0,0,0,0,0,-25.66,0,0,25.66,0,-25.66,25.66,0,,,,,,,,,
1301,0,0,0,0,0,0,0,-25.6,0,0,25.6,0,-25.6,25.6,0,,,,,,,,,
1311,0,0,0,0,0,0,0,-24.9,0,0,24.9,0,-24.9,24.9,0,,,,,,,,,
1321,0,0,0,0,0,0,0,-27.12,0,0,27.12,0,-27.12,27.12,0,,,,,,,,,
1331,0,0,0,0,0,0,0,-27.34,0,0,27.34,0,-27.34,27.34,0,,,,,,,,,
1341,0,0,0,0,0,0,0,-26.89,0,0,26.89,0,-26.89,26.89,0,,,,,,,,,
1351,0,0,0,0,0,0,0,-26.79,0,0,26.79,0,-26.79,26.79,0,,,,,,,,,
1361,0,0,0,0,0,0,0,-27.89,0,0,27.89,0,-27.89,27.89,0,,,,,,,,,
1371,0,0,0,0,0,0,-0.01,-63.72,0,0,63.71,0,-63.73,63.71,-0.02,,,,,,,,,
1381,0,0,0,0,0,0,0,-27.7,0,0,27.7,0,-27.7,27.7,0,,,,,,,,,
1391,0,0,0,0,0,0,0,-24.72,0,0,24.72,0,-24.72,24.72,0,,,,,,,,,
1401,0,0,0,0,0,0,-0.01,-72.18,0,0,72.15,0,-72.2,72.15,-0.04,,,,,,,,,
1411,0,0,0,0,0,0,-0.01,-64.41,0,0,64.39,0,-64.42,64.39,-0.03,,,,,,,,,
1421,0,0,0,0,0,0,-0.01,-74.05,0,0,74.02,0,-74.06,74.02,-0.04,,,,,,,,,
1431,0,0,0,0,0,0,-0.01,-71.05,0,0,71.02,0,-71.06,71.02,-0.04,,,,,,,,,
1441,0,0,0,0,0,0,-0.01,-68.83,0,0,68.81,0,-68.84,68.81,-0.03,,,,,,,,,
1451,0,0,0,0,0,0,-0.01,-66.04,0,0,66.02,0,-66.05,66.02,-0.03,,,,,,,,,
1461,0,0,0,0,0,0,0,-26.93,0,0,26.93,0,-26.93,26.93,0,,,,,,,,,
1471,0,0,0,0,0,0,0,-28.29,0,0,28.29,0,-28.29,28.29,0,,,,,,,,,
1481,0,0,0,0,0,0,0,-28.83,0,0,28.83,0,-28.83,28.83,0,,,,,,,,,
1491,0,0,0,0,0,0,0,-28.38,0,0,28.38,0,-28.38,28.38,0,,,,,,,,,
1501,0,0,0,0,0,0,0,-28.17,0,0,28.17,0,-28.17,28.17,0,,,,,,,,,
1511,0,0,0,0,0,0,0,-27.79,0,0,27.79,0,-27.79,27.79,0,,,,,,,,,
1521,0,0,0,0,0,0,0,-27.65,0,0,27.65,0,-27.65,27.65,0,,,,,,,,,
1531,0,0,0,0,0,0,-29.17,-164.86,0,0,172.57,-3.93,-194.02,168.63,-25.39,,,,,,,,,
1541,0,0,0,0,0,0,0,-27.5,0,0,27.5,0,-27.5,27.5,0,,,,,,,,,
1551,0,0,0,0,0,0,0,-27.37,0,0,27.37,0,-27.37,27.37,0,,,,,,,,,
1561,0,0,0,0,0,0,0,-27.46,0,0,27.46,0,-27.46,27.46,0,,,,,,,,,
1571,0,0,0,0,0,0,0,-26.7,0,0,26.7,0,-26.7,26.7,0,,,,,,,,,
1581,0,0,0,0,0,0,0,-26.78,0,0,26.78,0,-26.78,26.78,0,,,,,,,,,
1591,0,0,0,0,0,0,0,-26.91,0,0,26.91,0,-26.91,26.91,0,,,,,,,,,
1601,0,0,0,0,0,0,0,-27.64,0,0,27.64,0,-27.64,27.64,0,,,,,,,,,
1611,0,0,0,0,0,0,0,-27.45,0,0,27.45,0,-27.45,27.45,0,,,,,,,,,
1621,0,0,0,0,0,0,0,-27.23,0,0,27.23,0,-27.23,27.23,0,,,,,,,,,
1631,0,0,0,0,0,0,0,-26.86,0,0,26.86,0,-26.86,26.86,0,,,,,,,,,
1641,0,0,0,0,0,0,0,-26.14,0,0,26.14,0,-26.14,26.14,0,,,,,,,,,
1651,0,0,0,0,0,0,0,-27.16,0,0,27.16,0,-27.16,27.16,0,,,,,,,,,
1661,0,0,0,0,0,0,0,-26.63,0,0,26.63,0,-26.63,26.63,0,,,,,,,,,
1671,0,0,0,0,0,0,0,-27.36,0,0,27.36,0,-27.37,27.36,0,,,,,,,,,
1681,0,0,0,0,0,0,0,-27.73,0,0,27.73,0,-27.73,27.73,0,,,,,,,,,
1691,0,0,0,0,0,0,0,-28.43,0,0,28.43,0,-28.43,28.43,0,,,,,,,,,
1701,0,0,0,0,0,0,0,-28.48,0,0,28.48,0,-28.48,28.48,0,,,,,,,,,
1711,0,0,0,0,0,0,0,-27.73,0,0,27.73,0,-27.73,27.73,0,,,,,,,,,
1721,0,0,0,0,0,0,0,-28.21,0,0,28.21,0,-28.21,28.21,0,,,,,,,,,
1731,0,0,0,0,0,0,0,-28.08,0,0,28.08,0,-28.08,28.08,0,,,,,,,,,
1741,0,0,0,0,0,0,0,-27.84,0,0,27.84,0,-27.84,27.84,0,,,,,,,,,
1751,0,0,0,0,0,0,0,-27.95,0,0,27.95,0,-27.95,27.95,0,,,,,,,,,
1761,0,0,0,0,0,0,0,-28.07,0,0,28.07,0,-28.07,28.07,0,,,,,,,,,
1771,0,0,0,0,0,0,0,-27.48,0,0,27.48,0,-27.48,27.48,0,,,,,,,,,
1781,0,0,0,0,0,0,0,-28.11,0,0,28.11,0,-28.11,28.11,0,,,,,,,,,
1791,0,0,0,0,0,0,0,-27.72,0,0,27.72,0,-27.72,27.72,0,,,,,,,,,
1801,0,0,0,0,0,0,0,-28.1,0,0,28.1,0,-28.1,28.1,0,,,,,,,,,
1811,0,0,0,0,0,0,0,-27.91,0,0,27.91,0,-27.91,27.91,0,,,,,,,,,
1821,0,0,0,0,0,0,0,-27.41,0,0,27.41,0,-27.41,27.41,0,,,,,,,,,
1831,0,0,0,0,0,0,0,-28.31,0,0,28.31,0,-28.31,28.31,0,,,,,,,,,
1841,0,0,0,0,0,0,0,-27.6,0,0,27.6,0,-27.6,27.6,0,,,,,,,,,
1851,0,0,0,0,0,0,0,-28.05,0,0,28.05,0,-28.05,28.05,0,,,,,,,,,
1861,0,0,0,0,0,0,0,-28.33,0,0,28.33,0,-28.33,28.33,0,,,,,,,,,
1871,0,0,0,0,0,0,0,-27.74,0,0,27.74,0,-27.74,27.74,0,,,,,,,,,
1881,0,0,0,0,0,0,0,-28.05,0,0,28.05,0,-28.05,28.05,0,,,,,,,,,
1891,0,0,0,0,0,0,0,-27.63,0,0,27.63,0,-27.63,27.63,0,,,,,,,,,
1901,0,0,0,0,0,0,0,-27.43,0,0,27.43,0,-27.43,27.43,0,,,,,,,,,
1911,0,0,0,0,0,0,0,-27.1,0,0,27.1,0,-27.1,27.1,0,,,,,,,,,
1921,0,0,0,0,0,0,0,-27.68,0,0,27.68,0,-27.68,27.68,0,,,,,,,,,
1931,0,0,0,0,0,0,0,-26.85,0,0,26.85,0,-26.85,26.85,0,,,,,,,,,
1941,0,0,0,0,0,0,0,-28.34,0,0,28.34,0,-28.35,28.34,0,,,,,,,,,
1951,0,0,0,0,0,0,0,-28.7,0,0,28.7,0,-28.7,28.7,0,,,,,,,,,
1961,0,0,0,0,0,0,0,-28.66,0,0,28.66,0,-28.66,28.66,0,,,,,,,,,
1971,0,0,0,0,0,0,0,-28.66,0,0,28.66,0,-28.66,28.66,0,,,,,,,,,
1981,0,0,0,0,0,0,0,-27.86,0,0,27.86,0,-27.86,27.86,0,,,,,,,,,
1991,0,0,0,0,0,0,0,-27.49,0,0,27.49,0,-27.49,27.49,0,,,,,,,,,
2001,0,0,0,0,0,0,0,-27.24,0,0,27.24,0,-27.24,27.24,0,,,,,,,,,
2011,0,0,0,0,0,0,0,-28.2,0,0,28.2,0,-28.2,28.2,0,,,,,,,,,
2021,0,0,0,0,0,0,0,-28.01,0,0,28.01,0,-28.01,28.01,0,,,,,,,,,
2031,0,0,0,0,0,0,0,-28.57,0,0,28.57,0,-28.57,28.57,0,,,,,,,,,
2041,0,0,0,0,0,0,0,-27.67,0,0,27.67,0,-27.67,27.67,0,,,,,,,,,
2051,0,0,0,0,0,0,0,-28.55,0,0,28.55,0,-28.55,28.55,0,,,,,,,,,
2061,0,0,0,0,0,0,0,-27.26,0,0,27.26,0,-27.26,27.26,0,,,,,,,,,
2071,0,0,0,0,0,0,0,-27.98,0,0,27.98,0,-27.98,27.98,0,,,,,,,,,
2081,0,0,0,0,0,0,0,-28.05,0,0,28.05,0,-28.05,28.05,0,,,,,,,,,
2091,0,0,0,0,0,0,0,-27.19,0,0,27.19,0,-27.19,27.19,0,,,,,,,,,
2101,0,0,0,0,0,0,0,-27.95,0,0,27.95,0,-27.95,27.95,0,,,,,,,,,
2111,0,0,0,0,0,0,0,-26.77,0,0,26.77,0,-26.77,26.77,0,,,,,,,,,
2121,0,0,0,0,0,0,0,-26.55,0,0,26.55,0,-26.55,26.55,0,,,,,,,,,
2131,0,0,0,0,0,0,0,-26.48,0,0,26.48,0,-26.48,26.48,0,,,,,,,,,
2141,0,0,0,0,0,0,0,-26.43,0,0,26.43,0,-26.43,26.43,0,,,,,,,,,
2151,0,0,0,0,0,0,0,-26.58,0,0,26.58,0,-26.58,26.58,0,,,,,,,,,
2161,0,0,0,0,0,0,0,-26.79,0,0,26.79,0,-26.79,26.79,0,,,,,,,,,
2171,0,0,0,0,0,0,0,-27.58,0,0,27.58,0,-27.58,27.58,0,,,,,,,,,
2181,0,0,0,0,0,0,0,-26.91,0,0,26.91,0,-26.91,26.91,0,,,,,,,,,
2191,0,0,0,0,0,0,0,-26.94,0,0,26.94,0,-26.94,26.94,0,,,,,,,,,
2201,0,0,0,0,0,0,0,-26.71,0,0,26.71,0,-26.71,26.71,0,,,,,,,,,
2211,0,0,0,0,0,0,0,-26.28,0,0,26.28,0,-26.28,26.28,0,,,,,,,,,
2221,0,0,0,0,0,0,0,-27.08,0,0,27.09,0,-27.09,27.09,0,,,,,,,,,
2231,0,0,0,0,0,0,0,-26.87,0,0,26.87,0,-26.87,26.87,0,,,,,,,,,
2241,0,0,0,0,0,0,0,-27.55,0,0,27.55,0,-27.55,27.55,0,,,,,,,,,
2251,0,0,0,0,0,0,0,-28.86,0,0,28.86,0,-28.86,28.86,0,,,,,,,,,
2261,0,0,0,0,0,0,0,-27.66,0,0,27.66,0,-27.66,27.66,0,,,,,,,,,
2271,0,0,0,0,0,0,0,-28.62,0,0,28.62,0,-28.62,28.62,0,,,,,,,,,
2281,0,0,0,0,0,0,0,-27.44,0,0,27.44,0,-27.44,27.44,0,,,,,,,,,
2291,0,0,0,0,0,0,0,-28.32,0,0,28.32,0,-28.32,28.32,0,,,,,,,,,
2301,0,0,0,0,0,0,-27.32,-138.36,0,0,149.87,-3.49,-165.68,146.38,-19.31,,,,,,,,,
2311,0,0,0,0,0,0,-22.79,-126.59,0,0,135.8,-2.72,-149.37,133.08,-16.29,,,,,,,,,
2321,0,0,0,0,0,0,-16,-114.74,0,0,122.75,-1.71,-130.74,121.04,-9.71,,,,,,,,,
2331,0,0,0,0,0,0,0,-27.99,0,0,27.99,0,-27.99,27.99,0,,,,,,,,,
2341,0,0,0,0,0,0,0,-27.56,0,0,27.56,0,-27.56,27.56,0,,,,,,,,,
2351,0,0,0,0,0,0,0,-27.29,0,0,27.29,0,-27.29,27.29,0,,,,,,,,,
2361,0,0,0,0,0,0,0,-27.57,0,0,27.57,0,-27.57,27.57,0,,,,,,,,,
2371,0,0,0,0,0,0,0,-28,0,0,28,0,-28,28,0,,,,,,,,,
2381,0,0,0,0,0,0,0,-27.5,0,0,27.5,0,-27.5,27.5,0,,,,,,,,,
2391,0,0,0,0,0,0,0,-26.69,0,0,26.69,0,-26.69,26.69,0,,,,,,,,,
2401,0,0,0,0,0,0,0,-27.36,0,0,27.36,0,-27.36,27.36,0,,,,,,,,,
2411,0,0,0,0,0,0,0,-28.31,0,0,28.31,0,-28.31,28.31,0,,,,,,,,,
2421,0,0,0,0,0,0,0,-28.26,0,0,28.26,0,-28.26,28.26,0,,,,,,,,,
2431,0,0,0,0,0,0,0,-28.54,0,0,28.54,0,-28.54,28.54,0,,,,,,,,,
2441,0,0,0,0,0,0,0,-28.04,0,0,28.04,0,-28.04,28.04,0,,,,,,,,,
2451,0,0,0,0,0,0,0,-27.6,0,0,27.6,0,-27.6,27.6,0,,,,,,,,,
2461,0,0,0,0,0,0,0,-27.03,0,0,27.03,0,-27.03,27.03,0,,,,,,,,,
2471,0,0,0,0,0,0,0,-27.38,0,0,27.38,0,-27.38,27.38,0,,,,,,,,,
2481,0,0,0,0,0,0,0,-27.13,0,0,27.13,0,-27.13,27.13,0,,,,,,,,,
2491,0,0,0,0,0,0,0,-27.22,0,0,27.22,0,-27.22,27.22,0,,,,,,,,,
2501,0,0,0,0,0,0,0,-27.4,0,0,27.4,0,-27.4,27.4,0,,,,,,,,,
2511,0,0,0,0,0,0,0,-27.41,0,0,27.41,0,-27.41,27.41,0,,,,,,,,,
2521,0,0,0,0,0,0,0,-27.95,0,0,27.95,0,-27.95,27.95,0,,,,,,,,,
2531,0,0,0,0,0,0,0,-28.99,0,0,28.99,0,-28.99,28.99,0,,,,,,,,,
2541,0,0,0,0,0,0,0,-28.73,0,0,28.73,0,-28.73,28.73,0,,,,,,,,,
2551,0,0,0,0,0,0,0,-28.11,0,0,28.11,0,-28.11,28.11,0,,,,,,,,,
2561,0,0,0,0,0,0,0,-28.15,0,0,28.15,0,-28.15,28.15,0,,,,,,,,,
2571,0,0,0,0,0,0,0,-29.86,0,0,29.86,0,-29.87,29.86,0,,,,,,,,,
2581,0,0,0,0,0,0,0,-29.41,0,0,29.41,0,-29.41,29.41,0,,,,,,,,,
2591,0,0,0,0,0,0,0,-29.74,0,0,29.75,0,-29.75,29.75,0,,,,,,,,,
2601,0,0,0,0,0,0,0,-30.13,0,0,30.13,0,-30.13,30.13,0,,,,,,,,,
2611,0,0,0,0,0,0,0,-29.72,0,0,29.72,0,-29.73,29.72,0,,,,,,,,,
2621,0,0,0,0,0,0,0,-29.51,0,0,29.51,0,-29.51,29.51,0,,,,,,,,,
2631,0,0,0,0,0,0,0,-28.7,0,0,28.7,0,-28.7,28.7,0,,,,,,,,,
2641,0,0,0,0,0,0,0,-29.52,0,0,29.52,0,-29.52,29.52,0,,,,,,,,,
2651,0,0,0,0,0,0,0,-29.7,0,0,29.71,0,-29.71,29.71,0,,,,,,,,,
2661,0,0,0,0,0,0,0,-29.75,0,0,29.75,0,-29.75,29.75,0,,,,,,,,,
2671,0,0,0,0,0,0,0,-29.26,0,0,29.26,0,-29.26,29.26,0,,,,,,,,,
2681,0,0,0,0,0,0,0,-29.1,0,0,29.1,0,-29.1,29.1,0,,,,,,,,,
2691,0,0,0,0,0,0,0,-28.46,0,0,28.46,0,-28.46,28.46,0,,,,,,,,,
2701,0,0,0,0,0,0,0,-28.63,0,0,28.64,0,-28.64,28.64,0,,,,,,,,,
2711,0,0,0,0,0,0,0,-29.3,0,0,29.3,0,-29.3,29.3,0,,,,,,,,,
2721,0,0,0,0,0,0,0,-28.9,0,0,28.9,0,-28.9,28.9,0,,,,,,,,,
2731,0,0,0,0,0,0,0,-28.67,0,0,28.67,0,-28.67,28.67,0,,,,,,,,,
2741,0,0,0,0,0,0,0,-28.08,0,0,28.08,0,-28.08,28.08,0,,,,,,,,,
2751,0,0,0,0,0,0,0,-28.29,0,0,28.29,0,-28.3,28.29,0,,,,,,,,,
2761,0,0,0,0,0,0,0,-29.41,0,0,29.41,0,-29.42,29.41,0,,,,,,,,,
2771,0,0,0,0,0,0,0,-27.52,0,0,27.52,0,-27.53,27.52,0,,,,,,,,,
2781,0,0,0,0,0,0,0,-28.28,0,0,28.28,0,-28.28,28.28,0,,,,,,,,,
2791,0,0,0,0,0,0,0,-28.14,0,0,28.14,0,-28.14,28.14,0,,,,,,,,,
2801,0,0,0,0,0,0,0,-29.03,0,0,29.03,0,-29.03,29.03,0,,,,,,,,,
2811,0,0,0,0,0,0,0,-29.04,0,0,29.05,0,-29.05,29.05,0,,,,,,,,,
2821,0,0,0,0,0,0,0,-29.72,0,0,29.73,0,-29.73,29.73,0,,,,,,,,,
2831,0,0,0,0,0,0,0,-28.62,0,0,28.62,0,-28.62,28.62,0,,,,,,,,,
2841,0,0,0,0,0,0,0,-29.45,0,0,29.45,0,-29.45,29.45,0,,,,,,,,,
2851,0,0,0,0,0,0,0,-28.49,0,0,28.49,0,-28.49,28.49,0,,,,,,,,,
2861,0,0,0,0,0,0,0,-28.96,0,0,28.97,0,-28.97,28.97,0,,,,,,,,,
2871,0,0,0,0,0,0,0,-28.95,0,0,28.95,0,-28.95,28.95,0,,,,,,,,,
2881,0,0,0,0,0,0,0,-27.69,0,0,27.69,0,-27.69,27.69,0,,,,,,,,,
2891,0,0,0,0,0,0,0,-28.26,0,0,28.27,0,-28.27,28.27,0,,,,,,,,,
2901,0,0,0,0,0,0,0,-28.02,0,0,28.02,0,-28.02,28.02,0,,,,,,,,,
2911,0,0,0,0,0,0,0,-27.92,0,0,27.92,0,-27.92,27.92,0,,,,,,,,,
2921,0,0,0,0,0,0,0,-27,0,0,27,0,-27,27,0,,,,,,,,,
2931,0,0,0,0,0,0,0,-27.38,0,0,27.38,0,-27.38,27.38,0,,,,,,,,,
2941,0,0,0,0,0,0,0,-27.59,0,0,27.59,0,-27.59,27.59,0,,,,,,,,,
2951,0,0,0,0,0,0,0,-27.19,0,0,27.19,0,-27.19,27.19,0,,,,,,,,,
2961,0,0,0,0,0,0,0,-27.4,0,0,27.4,0,-27.4,27.4,0,,,,,,,,,
2971,0,0,0,0,0,0,0,-27.77,0,0,27.77,0,-27.77,27.77,0,,,,,,,,,
2981,0,0,0,0,0,0,0,-27.17,0,0,27.18,0,-27.18,27.18,0,,,,,,,,,
2991,0,0,0,0,0,0,0,-27.03,0,0,27.03,0,-27.03,27.03,0,,,,,,,,,
3001,0,0,0,0,0,0,0,-27.76,0,0,27.76,0,-27.76,27.76,0,,,,,,,,,
3011,0,0,0,0,0,0,0,-26.91,0,0,26.92,0,-26.92,26.92,0,,,,,,,,,
3021,0,0,0,0,0,0,0,-26.98,0,0,26.98,0,-26.98,26.98,0,,,,,,,,,
3031,0,0,0,0,0,0,0,-26.44,0,0,26.44,0,-26.44,26.44,0,,,,,,,,,
3041,0,0,0,0,0,0,0,-25.64,0,0,25.64,0,-25.64,25.64,0,,,,,,,,,
3051,0,0,0,0,0,0,0,-26.83,0,0,26.83,0,-26.83,26.83,0,,,,,,,,,
3061,0,0,0,0,0,0,0,-26.72,0,0,26.72,0,-26.72,26.72,0,,,,,,,,,
3071,0,0,0,0,0,0,0,-26.81,0,0,26.81,0,-26.81,26.81,0,,,,,,,,,
3081,0,0,0,0,0,0,0,-27.11,0,0,27.11,0,-27.11,27.11,0,,,,,,,,,
3091,0,0,0,0,0,0,0,-26.48,0,0,26.49,0,-26.49,26.49,0,,,,,,,,,
3101,0,0,0,0,0,0,0,-26.64,0,0,26.64,0,-26.64,26.64,0,,,,,,,,,
3111,0,0,0,0,0,0,0,-27.62,0,0,27.62,0,-27.62,27.62,0,,,,,,,,,
3121,0,0,0,0,0,0,0,-27.11,0,0,27.11,0,-27.11,27.11,0,,,,,,,,,
3131,0,0,0,0,0,0,0,-27.31,0,0,27.31,0,-27.31,27.31,0,,,,,,,,,
3141,0,0,0,0,0,0,0,-27.41,0,0,27.41,0,-27.41,27.41,0,,,,,,,,,
3151,0,0,0,0,0,0,0,-27.39,0,0,27.39,0,-27.39,27.39,0,,,,,,,,,
3161,0,0,0,0,0,0,0,-27.71,0,0,27.71,0,-27.71,27.71,0,,,,,,,,,
3171,0,0,0,0,0,0,0,-26.57,0,0,26.57,0,-26.57,26.57,0,,,,,,,,,
3181,0,0,0,0,0,0,0,-27.2,0,0,27.2,0,-27.2,27.2,0,,,,,,,,,
3191,0,0,0,0,0,0,0,-26.54,0,0,26.54,0,-26.55,26.54,0,,,,,,,,,
3201,0,0,0,0,0,0,0,-27.24,0,0,27.24,0,-27.24,27.24,0,,,,,,,,,
3211,0,0,0,0,0,0,-29.78,-188.08,0,0,193.46,-4.04,-217.85,189.42,-28.43,,,,,,,,,
3221,0,0,0,0,0,0,0,-27.8,0,0,27.8,0,-27.8,27.8,0,,,,,,,,,
3231,0,0,0,0,0,0,0,-27.6,0,0,27.6,0,-27.6,27.6,0,,,,,,,,,
3241,0,0,0,0,0,0,0,-28.01,0,0,28.01,0,-28.01,28.01,0,,,,,,,,,
3251,0,0,0,0,0,0,0,-29.23,0,0,29.23,0,-29.23,29.23,0,,,,,,,,,
3261,0,0,0,0,0,0,0,-28.57,0,0,28.57,0,-28.57,28.57,0,,,,,,,,,
3271,0,0,0,0,0,0,-25.56,-140.46,0,0,151.45,-3.14,-166.02,148.32,-17.71,,,,,,,,,
3281,0,0,0,0,0,0,-26.2,-93.79,0,0,106.77,-3.36,-120,103.41,-16.59,,,,,,,,,
3291,0,0,0,0,0,0,-23.31,-121.56,0,0,131.58,-3.04,-144.88,128.54,-16.34,,,,,,,,,
3301,0,0,0,0,0,0,-25.43,-106.94,0,0,117.75,-3.07,-132.37,114.68,-17.69,,,,,,,,,
3311,0,0,0,0,0,0,-25.48,-129.33,0,0,141.28,-3.43,-154.81,137.85,-16.96,,,,,,,,,
3321,0,0,0,0,0,0,-28.98,-148.3,0,0,161.32,-3.56,-177.28,157.75,-19.53,,,,,,,,,
3331,0,0,0,0,0,0,-27.65,-125.5,0,0,137.86,-3.38,-153.16,134.48,-18.68,,,,,,,,,
3341,0,0,0,0,0,0,-26.72,-150.38,0,0,161.38,-3.22,-177.11,158.16,-18.95,,,,,,,,,
3351,0,0,0,0,0,0,-23.15,-103.42,0,0,113.74,-2.69,-126.57,111.05,-15.52,,,,,,,,,
3361,0,0,0,0,0,0,-17.07,-99.56,0,0,107.51,-2.08,-116.63,105.43,-11.2,,,,,,,,,
3371,0,0,0,0,0,0,-16.89,-90.02,0,0,96.4,-1.8,-106.91,94.6,-12.3,,,,,,,,,
3381,0,0,0,0,0,0,-16.3,-102.57,0,0,109.24,-1.77,-118.88,107.47,-11.4,,,,,,,,,
3391,0,0,0,0,0,0,-19.75,-128.18,0,0,136.26,-2.41,-147.93,133.85,-14.08,,,,,,,,,
3401,0,0,0,0,0,0,-23.59,-146.76,0,0,153.49,-2.88,-170.35,150.61,-19.73,,,,,,,,,
3411,0,0,0,0,0,0,-21.54,-137.53,0,0,145.27,-2.74,-159.07,142.53,-16.54,,,,,,,,,
3421,0,0,0,0,0,0,-24.35,-136.54,0,0,145.16,-2.95,-160.89,142.21,-18.68,,,,,,,,,
3431,0,0,0,0,0,0,-23.83,-127.59,0,0,135.81,-3.03,-151.43,132.78,-18.65,,,,,,,,,
3441,0,0,0,0,0,0,-28.59,-130.98,0,0,140.05,-3.67,-159.56,136.38,-23.18,,,,,,,,,
3451,0,0,0,0,0,0,-30.78,-132.07,0,0,143.58,-4.07,-162.85,139.51,-23.33,,,,,,,,,
3461,0,0,0,0,0,0,-25.64,-142.13,0,0,148.57,-3.34,-167.77,145.23,-22.54,,,,,,,,,
3471,0,0,0,0,0,0,-23.26,-153.75,0,0,160.05,-3.43,-177.01,156.61,-20.39,,,,,,,,,
3481,0,0,0,0,0,0,-27.26,-131.03,0,0,141.68,-3.57,-158.3,138.1,-20.19,,,,,,,,,
3491,0,0,0,0,0,0,-25.04,-129.02,0,0,139.85,-3.06,-154.06,136.79,-17.26,,,,,,,,,
3501,0,0,0,0,0,0,-20.85,-115.77,0,0,125.67,-2.82,-136.62,122.86,-13.76,,,,,,,,,
3511,0,0,0,0,0,0,-28.64,-121.13,0,0,131.06,-3.64,-149.77,127.42,-22.35,,,,,,,,,
3521,0,0,0,0,0,0,-27.34,-139.86,0,0,147.01,-3.62,-167.19,143.39,-23.8,,,,,,,,,
3531,0,0,0,0,0,0,-25.69,-142.14,0,0,148.52,-3.47,-167.84,145.05,-22.79,,,,,,,,,
3541,0,0,0,0,0,0,-27.4,-131.77,0,0,140.11,-3.54,-159.17,136.57,-22.59,,,,,,,,,
3551,0,0,0,0,0,0,-20.24,-145.39,0,0,151.47,-2.54,-165.64,148.93,-16.71,,,,,,,,,
3561,0,0,0,0,0,0,-25.14,-119.48,0,0,127.39,-2.95,-144.63,124.44,-20.18,,,,,,,,,
3571,0,0,0,0,0,0,-27.47,-117.08,0,0,126.45,-3.31,-144.55,123.14,-21.41,,,,,,,,,
3581,0,0,0,0,0,0,-29.03,-114.98,0,0,125.79,-3.48,-144.01,122.31,-21.7,,,,,,,,,
3591,0,0,0,0,0,0,-19.66,-107.28,0,0,116.99,-2.56,-126.93,114.43,-12.51,,,,,,,,,
3601,0,0,0,0,0,0,-20.62,-108.53,0,0,116.76,-2.25,-129.15,114.51,-14.64,,,,,,,,,
3611,0,0,0,0,0,0,-24.07,-124.63,0,0,133.23,-2.94,-148.7,130.29,-18.41,,,,,,,,,
3621,0,0,0,0,0,0,-22.78,-125.74,0,0,133.06,-2.72,-148.52,130.34,-18.18,,,,,,,,,
3631,0,0,0,0,0,0,-23.13,-109.39,0,0,118.71,-3.22,-132.52,115.49,-17.03,,,,,,,,,
3641,0,0,0,0,0,0,-26.9,-130.76,0,0,137.79,-3.63,-157.66,134.16,-23.5,,,,,,,,,
3651,0,0,0,0,0,0,-28.53,-129.75,0,0,138.44,-3.58,-158.28,134.86,-23.42,,,,,,,,,
3661,0,0,0,0,0,0,-27.25,-141.78,0,0,149.07,-3.48,-169.03,145.59,-23.44,,,,,,,,,
3671,0,0,0,0,0,0,-22.38,-112.23,0,0,119.74,-2.85,-134.61,116.89,-17.72,,,,,,,,,
3681,0,0,0,0,0,0,-24.02,-112.78,0,0,121.06,-2.94,-136.81,118.11,-18.7,,,,,,,,,
3691,0,0,0,0,0,0,-27.06,-123.78,0,0,132.86,-3.6,-150.84,129.26,-21.58,,,,,,,,,
3701,0,0,0,0,0,0,-26.08,-140.03,0,0,147.43,-3.86,-166.11,143.57,-22.54,,,,,,,,,
3711,0,0,0,0,0,0,-27.2,-122.76,0,0,131.17,-3.33,-149.96,127.83,-22.12,,,,,,,,,
3721,0,0,0,0,0,0,-34.86,-127.5,0,0,138.85,-4.18,-162.36,134.67,-27.69,,,,,,,,,
3731,0,0,0,0,0,0,-26.58,-130.11,0,0,135.87,-3.5,-156.7,132.37,-24.32,,,,,,,,,
3741,0,0,0,0,0,0,-28.86,-125.55,0,0,134.68,-3.51,-154.4,131.17,-23.23,,,,,,,,,
3751,0,0,0,0,0,0,-32.25,-129.29,0,0,137.94,-4.03,-161.55,133.91,-27.64,,,,,,,,,
3761,0,0,0,0,0,0,-26.76,-109.61,0,0,119.9,-3.32,-136.37,116.59,-19.79,,,,,,,,,
3771,0,0,0,0,0,0,-21.99,-117.8,0,0,127.08,-2.89,-139.78,124.19,-15.6,,,,,,,,,
3781,0,0,0,0,0,0,-21.11,-122.98,0,0,132.36,-2.68,-144.09,129.69,-14.4,,,,,,,,,
3791,0,0,0,0,0,0,-25.35,-124.27,0,0,133.66,-3.3,-149.61,130.36,-19.25,,,,,,,,,
3801,0,0,0,0,0,0,-29.09,-128.91,0,0,140.91,-3.53,-158,137.39,-20.61,,,,,,,,,
3811,0,0,0,0,0,0,-29.35,-120.98,0,0,131.42,-3.54,-150.33,127.89,-22.44,,,,,,,,,
3821,0,0,0,0,0,0,-30.47,-113.71,0,0,126.08,-3.72,-144.19,122.36,-21.83,,,,,,,,,
3831,0,0,0,0,0,0,-25.33,-117.22,0,0,129.25,-3.65,-142.55,125.6,-16.95,,,,,,,,,
3841,0,0,0,0,0,0,-32.84,-119.71,0,0,132.72,-3.84,-152.55,128.88,-23.68,,,,,,,,,
3851,0,0,0,0,0,0,-31.99,-113.8,0,0,126.59,-3.61,-145.79,122.98,-22.81,,,,,,,,,
3861,0,0,0,0,0,0,-19.61,-111.74,0,0,120.57,-2.41,-131.35,118.15,-13.2,,,,,,,,,
3871,0,0,0,0,0,0,-27.92,-123.45,0,0,135.93,-3.45,-151.37,132.48,-18.9,,,,,,,,,
3881,0,0,0,0,0,0,-24.87,-119.88,0,0,129.74,-3.22,-144.75,126.52,-18.23,,,,,,,,,
3891,0,0,0,0,0,0,-22.94,-115.69,0,0,125.38,-2.64,-138.64,122.75,-15.89,,,,,,,,,
3901,0,0,0,0,0,0,-19.43,-115.66,0,0,124.27,-2.48,-135.09,121.78,-13.3,,,,,,,,,
3911,0,0,0,0,0,0,-22.92,-124.12,0,0,133.97,-2.55,-147.04,131.42,-15.62,,,,,,,,,
3921,0,0,0,0,0,0,-19.85,-128.27,0,0,136.67,-2.24,-148.13,134.43,-13.7,,,,,,,,,
3931,0,0,0,0,0,0,-19.74,-125.64,0,0,134.93,-2.55,-145.38,132.38,-13,,,,,,,,,
3941,0,0,0,0,0,0,-11.43,-103.51,0,0,108.9,-1.3,-114.94,107.6,-7.34,,,,,,,,,
3951,0,0,0,0,0,0,-18.79,-128.15,0,0,137.55,-2.16,-146.94,135.39,-11.55,,,,,,,,,
3961,0,0,0,0,0,0,-19.36,-116.81,0,0,124.98,-2.22,-136.17,122.76,-13.41,,,,,,,,,
3971,0,0,0,0,0,0,-20.29,-115.83,0,0,123.8,-2.39,-136.13,121.41,-14.72,,,,,,,,,
3981,0,0,0,0,0,0,-21.05,-113.53,0,0,122.2,-2.41,-134.58,119.79,-14.79,,,,,,,,,
3991,0,0,0,0,0,0,-19.73,-118.64,0,0,127.67,-2.49,-138.38,125.18,-13.19,,,,,,,,,
4001,0,0,0,0,0,0,-21.47,-121.04,0,0,129.23,-2.3,-142.51,126.93,-15.58,,,,,,,,,
4011,0,0,0,0,0,0,-24.35,-111.36,0,0,120.2,-2.56,-135.71,117.64,-18.07,,,,,,,,,
4021,0,0,0,0,0,0,-21.89,-121.47,0,0,129.94,-2.61,-143.36,127.33,-16.03,,,,,,,,,
4031,0,0,0,0,0,0,-15.47,-118.91,0,0,125.28,-1.76,-134.38,123.52,-10.86,,,,,,,,,
4041,0,0,0,0,0,0,-18.36,-146.37,0,0,153.56,-2.41,-164.73,151.16,-13.57,,,,,,,,,
4051,0,0,0,0,0,0,-18.8,-137.38,0,0,142.8,-2.45,-156.18,140.34,-15.84,,,,,,,,,
4061,0,0,0,0,0,0,-19.1,-133.94,0,0,141.69,-2.24,-153.04,139.45,-13.59,,,,,,,,,
4071,0,0,0,0,0,0,-24.93,-148.19,0,0,156.52,-3.24,-173.11,153.28,-19.84,,,,,,,,,
4081,0,0,0,0,0,0,-16.97,-124.41,0,0,130.46,-1.93,-141.39,128.53,-12.85,,,,,,,,,
4091,0,0,0,0,0,0,-17.52,-114.49,0,0,121.3,-2.02,-132.01,119.28,-12.73,,,,,,,,,
4101,0,0,0,0,0,0,-22.96,-125.78,0,0,133.79,-2.59,-148.75,131.2,-17.54,,,,,,,,,
4111,0,0,0,0,0,0,-16.38,-132.59,0,0,136.98,-2.2,-148.96,134.78,-14.18,,,,,,,,,
4121,0,0,0,0,0,0,-20.99,-142.84,0,0,151.13,-2.64,-163.84,148.48,-15.35,,,,,,,,,
4131,0,0,0,0,0,0,-23.86,-130.12,0,0,138.1,-2.66,-153.98,135.44,-18.53,,,,,,,,,
4141,0,0,0,0,0,0,-20.27,-143.99,0,0,149.39,-2.72,-164.26,146.67,-17.6,,,,,,,,,
4151,0,0,0,0,0,0,-17.2,-135.56,0,0,142.57,-2.17,-152.76,140.4,-12.36,,,,,,,,,
4161,0,0,0,0,0,0,-15.83,-127.89,0,0,131.88,-2.18,-143.72,129.7,-14.02,,,,,,,,,
4171,0,0,0,0,0,0,-20.16,-115.46,0,0,124.28,-2.48,-135.61,121.8,-13.81,,,,,,,,,
4181,0,0,0,0,0,0,-18.41,-145.51,0,0,151.19,-2.48,-163.91,148.71,-15.21,,,,,,,,,
4191,0,0,0,0,0,0,-18.89,-106.32,0,0,114.48,-2.2,-125.21,112.28,-12.93,,,,,,,,,
4201,0,0,0,0,0,0,-23.87,-127.08,0,0,137.77,-3.01,-150.95,134.76,-16.19,,,,,,,,,
4211,0,0,0,0,0,0,-18.53,-120.92,0,0,127.87,-2.5,-139.45,125.38,-14.08,,,,,,,,,
4221,0,0,0,0,0,0,-18.66,-127.59,0,0,137.68,-2.45,-146.26,135.23,-11.03,,,,,,,,,
4231,0,0,0,0,0,0,-14.67,-134.33,0,0,138.34,-2.44,-149,135.89,-13.11,,,,,,,,,
4241,0,0,0,0,0,0,-15.86,-142.28,0,0,148.85,-2.09,-158.14,146.76,-11.38,,,,,,,,,
4251,0,0,0,0,0,0,-20.84,-120.55,0,0,128.61,-2.44,-141.39,126.17,-15.22,,,,,,,,,
4261,0,0,0,0,0,0,-14.52,-112.45,0,0,117.83,-2.14,-126.97,115.7,-11.28,,,,,,,,,
4271,0,0,0,0,0,0,-16.26,-127.04,0,0,133.97,-1.99,-143.3,131.98,-11.31,,,,,,,,,
4281,0,0,0,0,0,0,-21.88,-112.37,0,0,119.91,-2.62,-134.25,117.3,-16.95,,,,,,,,,
4291,0,0,0,0,0,0,-23.84,-137.41,0,0,142.37,-2.87,-161.25,139.5,-21.75,,,,,,,,,
4301,0,0,0,0,0,0,-23.53,-135.79,0,0,140.09,-2.97,-159.32,137.12,-22.2,,,,,,,,,
4311,0,0,0,0,0,0,-22.22,-142.4,0,0,145.12,-2.95,-164.63,142.17,-22.46,,,,,,,,,
4321,0,0,0,0,0,0,-25.12,-135.31,0,0,138.7,-3.22,-160.43,135.49,-24.94,,,,,,,,,
4331,0,0,0,0,0,0,-26.75,-139.95,0,0,143.28,-3.52,-166.7,139.76,-26.95,,,,,,,,,
4341,0,0,0,0,0,0,-22.3,-161.12,0,0,160.4,-3.29,-183.42,157.11,-26.31,,,,,,,,,
4351,0,0,0,0,0,0,-22.98,-155.73,0,0,161,-3.17,-178.71,157.82,-20.88,,,,,,,,,
4361,0,0,0,0,0,0,-23.05,-168.76,0,0,172.14,-3.03,-191.82,169.1,-22.71,,,,,,,,,
4371,0,0,0,0,0,0,-25.13,-160.6,0,0,162.61,-3.13,-185.73,159.48,-26.25,,,,,,,,,
4381,0,0,0,0,0,0,-22.25,-158.77,0,0,159.47,-3.23,-181.02,156.24,-24.78,,,,,,,,,
4391,0,0,0,0,0,0,-19.84,-159.64,0,0,159.85,-2.89,-179.48,156.96,-22.51,,,,,,,,,
4401,0,0,0,0,0,0,-21.89,-174.11,0,0,174.09,-3.32,-195.99,170.78,-25.21,,,,,,,,,
4411,0,0,0,0,0,0,-19.1,-139.1,0,0,140.02,-2.93,-158.2,137.09,-21.11,,,,,,,,,
4421,0,0,0,0,0,0,-21.46,-146.7,0,0,147.72,-3.04,-168.16,144.68,-23.48,,,,,,,,,
4431,0,0,0,0,0,0,-22.87,-134.17,0,0,136.28,-3.17,-157.03,133.12,-23.92,,,,,,,,,
4441,0,0,0,0,0,0,-23.72,-141.08,0,0,146.27,-2.88,-164.81,143.39,-21.42,,,,,,,,,
4451,0,0,0,0,0,0,-23.15,-151.96,0,0,154.44,-2.94,-175.11,151.5,-23.61,,,,,,,,,
4461,0,0,0,0,0,0,-24.34,-158.06,0,0,160.48,-3.42,-182.4,157.06,-25.34,,,,,,,,,
4471,0,0,0,0,0,0,-17.71,-143.05,0,0,147.15,-2.44,-160.75,144.71,-16.04,,,,,,,,,
4481,0,0,0,0,0,0,-17.87,-135.6,0,0,143.05,-2.19,-153.47,140.86,-12.61,,,,,,,,,
4491,0,0,0,0,0,0,-21.83,-119.63,0,0,127.63,-2.63,-141.46,125,-16.47,,,,,,,,,
4501,0,0,0,0,0,0,-21.77,-190.26,0,0,185.89,-3.3,-212.02,182.59,-29.43,,,,,,,,,
4511,0,0,0,0,0,0,-13.56,-192.38,0,0,187.48,-2.45,-205.94,185.03,-20.91,,,,,,,,,
4521,0,0,0,0,0,0,-18.55,-210.96,0,0,205.94,-3.38,-229.51,202.56,-26.95,,,,,,,,,
4531,0,0,0,0,0,0,-25.03,-120.11,0,0,130.67,-2.95,-145.13,127.72,-17.41,,,,,,,,,
4541,0,0,0,0,0,0,-22.42,-121,0,0,128.73,-2.44,-143.42,126.29,-17.14,,,,,,,,,
4551,0,0,0,0,0,0,-22.71,-115.59,0,0,124.29,-2.53,-138.3,121.76,-16.54,,,,,,,,,
4561,0,0,0,0,0,0,-21.57,-121.16,0,0,129.4,-2.67,-142.74,126.74,-16,,,,,,,,,
4571,0,0,0,0,0,0,-24.39,-120.8,0,0,129.82,-2.94,-145.19,126.87,-18.32,,,,,,,,,
4581,0,0,0,0,0,0,-20.03,-108.35,0,0,116.45,-2.68,-128.37,113.77,-14.6,,,,,,,,,
4591,0,0,0,0,0,0,-23.96,-118.3,0,0,127.71,-2.71,-142.27,125,-17.27,,,,,,,,,
4601,0,0,0,0,0,0,-24.18,-115.24,0,0,124.12,-2.9,-139.42,121.22,-18.2,,,,,,,,,
4611,0,0,0,0,0,0,-30.69,-107.94,0,0,119.8,-3.38,-138.63,116.42,-22.21,,,,,,,,,
4621,0,0,0,0,0,0,-24.58,-119.9,0,0,129.29,-3.2,-144.48,126.09,-18.39,,,,,,,,,
4631,0,0,0,0,0,0,-27.63,-121,0,0,131.29,-3.27,-148.62,128.03,-20.6,,,,,,,,,
4641,0,0,0,0,0,0,-17.1,-119.3,0,0,124.31,-2.47,-136.39,121.84,-14.55,,,,,,,,,
4651,0,0,0,0,0,0,-28.14,-119,0,0,130.65,-3.6,-147.15,127.05,-20.1,,,,,,,,,
4661,0,0,0,0,0,0,-21.81,-119.23,0,0,127.37,-3.08,-141.04,124.28,-16.76,,,,,,,,,
4671,0,0,0,0,0,0,-16.51,-122.08,0,0,130.19,-2.11,-138.59,128.08,-10.51,,,,,,,,,
4681,0,0,0,0,0,0,-21.08,-124.02,0,0,133.32,-2.44,-145.1,130.87,-14.22,,,,,,,,,
4691,0,0,0,0,0,0,-27.65,-122.77,0,0,133.32,-3.39,-150.42,129.93,-20.48,,,,,,,,,
4701,0,0,0,0,0,0,-0.01,-37.59,0,0,37.6,0,-37.6,37.6,0.01,,,,,,,,,
4711,0,0,0,0,0,0,-25.7,-123.63,0,0,133.97,-3.11,-149.33,130.86,-18.47,,,,,,,,,
4721,0,0,0,0,0,0,-23.09,-121.21,0,0,130.84,-2.91,-144.31,127.93,-16.38,,,,,,,,,
4731,0,0,0,0,0,0,-23.86,-120.87,0,0,130.78,-3.03,-144.73,127.75,-16.98,,,,,,,,,
4741,0,0,0,0,0,0,-0.01,-41.79,0,0,41.8,0,-41.8,41.8,0,,,,,,,,,
4751,0,0,0,0,0,0,-0.01,-37.78,0,0,37.82,0,-37.79,37.82,0.02,,,,,,,,,
4761,0,0,0,0,0,0,-26.38,-124.26,0,0,134.24,-3.31,-150.64,130.93,-19.71,,,,,,,,,
4771,0,0,0,0,0,0,-0.01,-35.82,0,0,35.83,0,-35.83,35.83,0.01,,,,,,,,,
4781,0,0,0,0,0,0,-0.01,-34.28,0,0,34.33,0,-34.29,34.33,0.03,,,,,,,,,
4791,0,0,0,0,0,0,-0.01,-34.38,0,0,34.42,0,-34.39,34.42,0.02,,,,,,,,,
4801,0,0,0,0,0,0,-25.84,-118.41,0,0,129.39,-2.99,-144.25,126.41,-17.84,,,,,,,,,
4811,0,0,0,0,0,0,-0.02,-35,0,0,35.11,0,-35.02,35.11,0.09,,,,,,,,,
4821,0,0,0,0,0,0,-27.3,-111.8,0,0,121.59,-3.06,-139.1,118.53,-20.57,,,,,,,,,
4831,0,0,0,0,0,0,-25.1,-114.69,0,0,124.3,-2.7,-139.8,121.6,-18.2,,,,,,,,,
4841,0,0,0,0,0,0,-0.02,-30.43,0,0,30.58,0,-30.45,30.58,0.13,,,,,,,,,
4851,0,0,0,0,0,0,-0.04,-29.09,0,0,29.35,0,-29.13,29.35,0.22,,,,,,,,,
4861,0,0,0,0,0,0,-0.05,-32.38,0,0,32.66,0,-32.43,32.66,0.23,,,,,,,,,
4871,0,0,0,0,0,0,-0.06,-25.45,0,0,25.83,0,-25.52,25.83,0.32,,,,,,,,,
4881,0,0,0,0,0,0,-0.04,-27.04,0,0,27.27,0,-27.08,27.27,0.19,,,,,,,,,
4891,0,0,0,0,0,0,-0.05,-29.31,0,0,29.66,0,-29.37,29.66,0.29,,,,,,,,,
4901,0,0,0,0,0,0,-0.05,-38.36,0,0,38.61,0,-38.41,38.61,0.2,,,,,,,,,
4911,0,0,0,0,0,0,-0.05,-36.55,0,0,36.81,0,-36.6,36.81,0.2,,,,,,,,,
4921,0,0,0,0,0,0,-0.04,-36.99,0,0,37.19,0,-37.03,37.19,0.16,,,,,,,,,
4931,0,0,0,0,0,0,-0.06,-38.65,0,0,38.92,0,-38.71,38.92,0.21,,,,,,,,,
4941,0,0,0,0,0,0,-0.1,-41.57,0,0,42.01,0,-41.66,42.01,0.35,,,,,,,,,
4951,0,0,0,0,0,0,-0.1,-37.92,0,0,38.43,0,-38.02,38.43,0.4,,,,,,,,,
4961,0,0,0,0,0,0,-0.1,-34.76,0,0,35.26,0,-34.86,35.26,0.4,,,,,,,,,
4971,0,0,0,0,0,0,-0.07,-37.6,0,0,37.98,0,-37.67,37.98,0.31,,,,,,,,,
4981,0,0,0,0,0,0,-0.12,-38.44,0,0,38.98,0,-38.56,38.98,0.42,,,,,,,,,
4991,0,0,0,0,0,0,-0.09,-41.6,0,0,41.99,0,-41.69,41.99,0.3,,,,,,,,,
5001,0,0,0,0,0,0,-0.08,-33.9,0,0,34.26,0,-33.98,34.26,0.28,,,,,,,,,
5011,0,0,0,0,0,0,-0.08,-39.05,0,0,39.41,0,-39.13,39.41,0.28,,,,,,,,,
5021,0,0,0,0,0,0,-0.08,-34.94,0,0,35.31,0,-35.02,35.31,0.28,,,,,,,,,
5031,0,0,0,0,0,0,-0.09,-38.38,0,0,38.72,0,-38.46,38.72,0.25,,,,,,,,,
5041,0,0,0,0,0,0,-0.12,-41.56,0,0,41.97,0,-41.68,41.97,0.28,,,,,,,,,
5051,0,0,0,0,0,0,-0.07,-31.49,0,0,31.8,0,-31.55,31.8,0.25,,,,,,,,,
5061,0,0,0,0,0,0,-0.05,-37.85,0,0,38.03,0,-37.9,38.03,0.14,,,,,,,,,
5071,0,0,0,0,0,0,-0.28,-47.5,0,0,48.44,0,-47.77,48.44,0.66,,,,,,,,,
5081,0,0,0,0,0,0,-0.1,-37.08,0,0,37.52,0,-37.18,37.52,0.34,,,,,,,,,
5091,0,0,0,0,0,0,-0.04,-44.37,0,0,44.51,0,-44.41,44.51,0.1,,,,,,,,,
5101,0,0,0,0,0,0,-0.04,-48.28,0,0,48.41,0,-48.31,48.41,0.09,,,,,,,,,
5111,0,0,0,0,0,0,-0.02,-41.17,0,0,41.24,0,-41.19,41.24,0.05,,,,,,,,,
5121,0,0,0,0,0,0,-0.01,-40.13,0,0,40.15,0,-40.14,40.15,0.01,,,,,,,,,
5131,0,0,0,0,0,0,-0.03,-46.78,0,0,46.87,0,-46.81,46.87,0.06,,,,,,,,,
5141,0,0,0,0,0,0,-0.02,-37.47,0,0,37.53,0,-37.49,37.53,0.04,,,,,,,,,
5151,0,0,0,0,0,0,-0.04,-41.86,0,0,42,0,-41.89,42,0.11,,,,,,,,,
5161,0,0,0,0,0,0,-0.04,-42.28,0,0,42.42,0,-42.31,42.42,0.1,,,,,,,,,
5171,0,0,0,0,0,0,-0.02,-38.2,0,0,38.31,0,-38.22,38.31,0.09,,,,,,,,,
5181,0,0,0,0,0,0,-0.02,-36.78,0,0,36.83,0,-36.8,36.83,0.03,,,,,,,,,
5191,0,0,0,0,0,0,-0.02,-38.38,0,0,38.45,0,-38.4,38.45,0.05,,,,,,,,,
5201,0,0,0,0,0,0,-0.02,-37.41,0,0,37.48,0,-37.43,37.48,0.05,,,,,,,,,
5211,0,0,0,0,0,0,-0.02,-39.92,0,0,39.98,0,-39.94,39.98,0.04,,,,,,,,,
5221,0,0,0,0,0,0,-0.02,-37.02,0,0,37.11,0,-37.05,37.11,0.06,,,,,,,,,
5231,0,0,0,0,0,0,-0.02,-36.24,0,0,36.29,0,-36.26,36.29,0.04,,,,,,,,,
5241,0,0,0,0,0,0,-0.01,-38.12,0,0,38.14,0,-38.13,38.14,0.01,,,,,,,,,
5251,0,0,0,0,0,0,-0.02,-41.2,0,0,41.24,0,-41.22,41.24,0.01,,,,,,,,,
5261,0,0,0,0,0,0,-0.02,-40.9,0,0,40.93,0,-40.92,40.93,0.02,,,,,,,,,
5271,0,0,0,0,0,0,-0.02,-38.77,0,0,38.8,0,-38.79,38.8,0.01,,,,,,,,,
5281,0,0,0,0,0,0,-0.02,-41.27,0,0,41.32,0,-41.29,41.32,0.03,,,,,,,,,
5291,0,0,0,0,0,0,-0.03,-41.48,0,0,41.58,0,-41.51,41.58,0.07,,,,,,,,,
5301,0,0,0,0,0,0,-0.03,-42.59,0,0,42.67,0,-42.62,42.67,0.05,,,,,,,,,
5311,0,0,0,0,0,0,-0.01,-40.23,0,0,40.23,0,-40.24,40.23,-0.01,,,,,,,,,
5321,0,0,0,0,0,0,-27.84,-124.86,0,0,135.27,-3.15,-152.7,132.12,-20.58,,,,,,,,,
5331,0,0,0,0,0,0,-22.65,-113.63,0,0,123.81,-2.92,-136.28,120.89,-15.39,,,,,,,,,
5341,0,0,0,0,0,0,-0.01,-41.2,0,0,41.2,0,-41.21,41.2,-0.01,,,,,,,,,
5351,0,0,0,0,0,0,-0.01,-36.97,0,0,36.99,0,-36.98,36.99,0,,,,,,,,,
5361,0,0,0,0,0,0,-22.11,-116.59,0,0,126.09,-2.73,-138.71,123.35,-15.35,,,,,,,,,
5371,0,0,0,0,0,0,-0.02,-39.95,0,0,40,0,-39.97,40,0.03,,,,,,,,,
5381,0,0,0,0,0,0,-0.02,-37.93,0,0,37.97,0,-37.95,37.97,0.03,,,,,,,,,
5391,0,0,0,0,0,0,-0.02,-34.81,0,0,34.85,0,-34.83,34.85,0.02,,,,,,,,,
5401,0,0,0,0,0,0,-0.01,-39.33,0,0,39.36,0,-39.35,39.36,0.01,,,,,,,,,
5411,0,0,0,0,0,0,-0.01,-35.91,0,0,35.92,0,-35.92,35.92,0,,,,,,,,,
5421,0,0,0,0,0,0,-0.01,-37.11,0,0,37.13,0,-37.12,37.13,0.01,,,,,,,,,
5431,0,0,0,0,0,0,-0.03,-38.2,0,0,38.29,0,-38.23,38.29,0.05,,,,,,,,,
5441,0,0,0,0,0,0,-0.04,-39.62,0,0,39.75,0,-39.66,39.75,0.09,,,,,,,,,
5451,0,0,0,0,0,0,-0.01,-34.35,0,0,34.38,0,-34.37,34.38,0.01,,,,,,,,,
5461,0,0,0,0,0,0,-0.02,-31.86,0,0,31.93,0,-31.88,31.93,0.05,,,,,,,,,
5471,0,0,0,0,0,0,-0.02,-35,0,0,35.08,0,-35.02,35.08,0.06,,,,,,,,,
5481,0,0,0,0,0,0,-0.02,-37.34,0,0,37.36,0,-37.35,37.36,0.01,,,,,,,,,
5491,0,0,0,0,0,0,-0.04,-37.85,0,0,37.98,0,-37.89,37.98,0.09,,,,,,,,,
5501,0,0,0,0,0,0,-0.07,-39.72,0,0,40,0,-39.79,40,0.21,,,,,,,,,
5511,0,0,0,0,0,0,-0.05,-36.15,0,0,36.37,0,-36.2,36.37,0.17,,,,,,,,,
5521,0,0,0,0,0,0,-0.08,-29.04,0,0,29.41,0,-29.12,29.41,0.29,,,,,,,,,
5531,0,0,0,0,0,0,-0.06,-30.7,0,0,30.98,0,-30.76,30.98,0.22,,,,,,,,,
5541,0,0,0,0,0,0,-0.11,-25.25,0,0,25.78,0,-25.36,25.78,0.42,,,,,,,,,
5551,0,0,0,0,0,0,-0.08,-27.29,0,0,27.7,0,-27.37,27.7,0.33,,,,,,,,,
5561,0,0,0,0,0,0,-0.06,-27.71,0,0,28.04,0,-27.77,28.04,0.26,,,,,,,,,
5571,0,0,0,0,0,0,-0.17,-24.07,0,0,24.83,0,-24.24,24.83,0.6,,,,,,,,,
5581,0,0,0,0,0,0,-0.06,-34.44,0,0,34.73,0,-34.5,34.73,0.24,,,,,,,,,
5591,0,0,0,0,0,0,-0.08,-37.86,0,0,38.21,0,-37.93,38.21,0.28,,,,,,,,,
5601,0,0,0,0,0,0,-20.2,-108.3,0,0,115.84,-2.33,-128.5,113.51,-14.99,,,,,,,,,
5611,0,0,0,0,0,0,-24.03,-121.7,0,0,132.83,-2.99,-145.74,129.84,-15.9,,,,,,,,,
5621,0,0,0,0,0,0,-25.44,-118.17,0,0,128.21,-3.15,-143.61,125.06,-18.55,,,,,,,,,
5631,0,0,0,0,0,0,-0.09,-27.96,0,0,28.4,0,-28.04,28.4,0.36,,,,,,,,,
5641,0,0,0,0,0,0,-0.08,-42.51,0,0,42.81,0,-42.59,42.81,0.23,,,,,,,,,
5651,0,0,0,0,0,0,-0.09,-47.1,0,0,47.45,0,-47.2,47.45,0.25,,,,,,,,,
5661,0,0,0,0,0,0,-0.09,-45.51,0,0,45.88,0,-45.6,45.88,0.27,,,,,,,,,
5671,0,0,0,0,0,0,-0.1,-40.57,0,0,40.99,0,-40.67,40.99,0.32,,,,,,,,,
5681,0,0,0,0,0,0,-0.1,-30.72,0,0,31.2,0,-30.82,31.2,0.38,,,,,,,,,
5691,0,0,0,0,0,0,-0.14,-32.45,0,0,33.06,0,-32.59,33.06,0.47,,,,,,,,,
5701,0,0,0,0,0,0,-0.06,-31.72,0,0,32.01,0,-31.78,32.01,0.23,,,,,,,,,
5711,0,0,0,0,0,0,-0.06,-32.65,0,0,32.92,0,-32.71,32.92,0.21,,,,,,,,,
5721,0,0,0,0,0,0,-0.06,-28.91,0,0,29.2,0,-28.96,29.2,0.24,,,,,,,,,
5731,0,0,0,0,0,0,-0.03,-36.03,0,0,36.15,0,-36.06,36.15,0.09,,,,,,,,,
5741,0,0,0,0,0,0,-0.03,-37.94,0,0,38.03,0,-37.97,38.03,0.06,,,,,,,,,
5751,0,0,0,0,0,0,-19.6,-125.34,0,0,133.22,-2.38,-144.94,130.84,-14.11,,,,,,,,,
5761,0,0,0,0,0,0,-0.02,-43.34,0,0,43.38,0,-43.35,43.38,0.02,,,,,,,,,
5771,0,0,0,0,0,0,-23.02,-135.4,0,0,142.3,-2.64,-158.43,139.66,-18.77,,,,,,,,,
5781,0,0,0,0,0,0,-24.86,-142.63,0,0,151.79,-2.79,-167.49,148.99,-18.5,,,,,,,,,
5791,0,0,0,0,0,0,-0.02,-44.64,0,0,44.72,0,-44.67,44.72,0.05,,,,,,,,,
5801,0,0,0,0,0,0,-0.01,-44.77,0,0,44.8,0,-44.78,44.8,0.01,,,,,,,,,
5811,0,0,0,0,0,0,-0.02,-45.32,0,0,45.36,0,-45.34,45.36,0.02,,,,,,,,,
5821,0,0,0,0,0,0,-0.01,-43.69,0,0,43.7,0,-43.7,43.7,0,,,,,,,,,
5831,0,0,0,0,0,0,-0.01,-43.59,0,0,43.61,0,-43.6,43.61,0.01,,,,,,,,,
5841,0,0,0,0,0,0,-0.01,-44.04,0,0,44.07,0,-44.05,44.07,0.02,,,,,,,,,
5851,0,0,0,0,0,0,-0.02,-41.97,0,0,42.03,0,-41.99,42.03,0.04,,,,,,,,,
5861,0,0,0,0,0,0,-0.02,-41.03,0,0,41.08,0,-41.05,41.08,0.03,,,,,,,,,
5871,0,0,0,0,0,0,-0.02,-42.99,0,0,43.05,0,-43.01,43.05,0.04,,,,,,,,,
5881,0,0,0,0,0,0,-0.02,-40.78,0,0,40.86,0,-40.8,40.86,0.05,,,,,,,,,
5891,0,0,0,0,0,0,-0.02,-44.98,0,0,45.04,0,-45,45.04,0.04,,,,,,,,,
5901,0,0,0,0,0,0,-0.02,-48.67,0,0,48.71,0,-48.69,48.71,0.02,,,,,,,,,
5911,0,0,0,0,0,0,-0.01,-45.31,0,0,45.32,0,-45.32,45.32,-0.01,,,,,,,,,
5921,0,0,0,0,0,0,-0.01,-48.38,0,0,48.39,0,-48.39,48.39,0,,,,,,,,,
5931,0,0,0,0,0,0,-0.01,-50.48,0,0,50.47,0,-50.49,50.47,-0.01,,,,,,,,,
5941,0,0,0,0,0,0,-0.01,-46.83,0,0,46.83,0,-46.84,46.83,-0.01,,,,,,,,,
5951,0,0,0,0,0,0,-0.02,-40.39,0,0,40.47,0,-40.41,40.47,0.06,,,,,,,,,
5961,0,0,0,0,0,0,-0.01,-41.88,0,0,41.9,0,-41.89,41.9,0.01,,,,,,,,,
5971,0,0,0,0,0,0,-0.01,-47.03,0,0,47.05,0,-47.05,47.05,0,,,,,,,,,
5981,0,0,0,0,0,0,-0.01,-45.03,0,0,45.04,0,-45.04,45.04,0,,,,,,,,,
5991,0,0,0,0,0,0,-0.01,-45.76,0,0,45.76,0,-45.77,45.76,0,,,,,,,,,
6001,0,0,0,0,0,0,-0.01,-43.16,0,0,43.17,0,-43.17,43.17,0,,,,,,,,,
6011,0,0,0,0,0,0,-0.01,-44.89,0,0,44.9,0,-44.9,44.9,-0.01,,,,,,,,,
6021,0,0,0,0,0,0,-0.01,-44.57,0,0,44.59,0,-44.58,44.59,0.01,,,,,,,,,
6031,0,0,0,0,0,0,-0.01,-46.14,0,0,46.13,0,-46.15,46.13,-0.01,,,,,,,,,
6041,0,0,0,0,0,0,-25.74,-122.96,0,0,133.29,-2.9,-148.7,130.38,-18.32,,,,,,,,,
6051,0,0,0,0,0,0,-0.01,-46.91,0,0,46.91,0,-46.92,46.91,-0.01,,,,,,,,,
6061,0,0,0,0,0,0,-0.01,-45.68,0,0,45.67,0,-45.68,45.67,-0.01,,,,,,,,,
6071,0,0,0,0,0,0,-0.01,-46.89,0,0,46.89,0,-46.9,46.89,-0.01,,,,,,,,,
6081,0,0,0,0,0,0,-0.01,-42.57,0,0,42.58,0,-42.58,42.58,0,,,,,,,,,
6091,0,0,0,0,0,0,-23.55,-114.73,0,0,125.62,-2.52,-138.28,123.1,-15.18,,,,,,,,,
6101,0,0,0,0,0,0,-0.01,-44.93,0,0,44.96,0,-44.94,44.96,0.02,,,,,,,,,
6111,0,0,0,0,0,0,-0.01,-43.72,0,0,43.73,0,-43.73,43.73,0,,,,,,,,,
6121,0,0,0,0,0,0,-0.01,-48.42,0,0,48.42,0,-48.43,48.42,-0.01,,,,,,,,,
6131,0,0,0,0,0,0,-0.01,-46.61,0,0,46.61,0,-46.62,46.61,-0.01,,,,,,,,,
6141,0,0,0,0,0,0,-0.01,-47.99,0,0,47.99,0,-48,47.99,-0.01,,,,,,,,,
6151,0,0,0,0,0,0,-0.01,-48.94,0,0,48.94,0,-48.95,48.94,-0.01,,,,,,,,,
6161,0,0,0,0,0,0,-0.01,-41.54,0,0,41.54,0,-41.55,41.54,0,,,,,,,,,
6171,0,0,0,0,0,0,-0.01,-42.45,0,0,42.45,0,-42.45,42.45,-0.01,,,,,,,,,
6181,0,0,0,0,0,0,-0.01,-41.74,0,0,41.75,0,-41.75,41.75,-0.01,,,,,,,,,
6191,0,0,0,0,0,0,-0.01,-41.67,0,0,41.69,0,-41.68,41.69,0.01,,,,,,,,,
6201,0,0,0,0,0,0,-0.02,-42.41,0,0,42.45,0,-42.43,42.45,0.02,,,,,,,,,
6211,0,0,0,0,0,0,-0.02,-41.47,0,0,41.54,0,-41.49,41.54,0.05,,,,,,,,,
6221,0,0,0,0,0,0,-0.03,-45.46,0,0,45.56,0,-45.49,45.56,0.07,,,,,,,,,
6231,0,0,0,0,0,0,-0.03,-40.49,0,0,40.6,0,-40.52,40.6,0.08,,,,,,,,,
6241,0,0,0,0,0,0,-0.03,-42.47,0,0,42.57,0,-42.5,42.57,0.07,,,,,,,,,
6251,0,0,0,0,0,0,-0.03,-50.22,0,0,50.28,0,-50.25,50.28,0.03,,,,,,,,,
6261,0,0,0,0,0,0,-0.03,-46.58,0,0,46.68,0,-46.61,46.68,0.07,,,,,,,,,
6271,0,0,0,0,0,0,-0.02,-40.14,0,0,40.24,0,-40.16,40.24,0.08,,,,,,,,,
6281,0,0,0,0,0,0,-0.04,-36.99,0,0,37.16,0,-37.03,37.16,0.13,,,,,,,,,
6291,0,0,0,0,0,0,-0.02,-41.21,0,0,41.3,0,-41.24,41.3,0.06,,,,,,,,,
6301,0,0,0,0,0,0,-0.02,-34.82,0,0,34.92,0,-34.84,34.92,0.07,,,,,,,,,
6311,0,0,0,0,0,0,-0.02,-29.78,0,0,29.89,0,-29.8,29.89,0.1,,,,,,,,,
6321,0,0,0,0,0,0,-0.02,-31.75,0,0,31.84,0,-31.77,31.84,0.08,,,,,,,,,
6331,0,0,0,0,0,0,-0.03,-28.86,0,0,29,0,-28.88,29,0.12,,,,,,,,,
6341,0,0,0,0,0,0,-0.03,-30.86,0,0,30.99,0,-30.88,30.99,0.11,,,,,,,,,
6351,0,0,0,0,0,0,-0.02,-27.36,0,0,27.49,0,-27.38,27.49,0.11,,,,,,,,,
6361,0,0,0,0,0,0,-0.03,-27.73,0,0,27.91,0,-27.76,27.91,0.15,,,,,,,,,
6371,0,0,0,0,0,0,-0.03,-29.31,0,0,29.49,0,-29.34,29.49,0.14,,,,,,,,,
6381,0,0,0,0,0,0,-0.02,-29.66,0,0,29.75,0,-29.68,29.75,0.07,,,,,,,,,
6391,0,0,0,0,0,0,-0.02,-31.37,0,0,31.48,0,-31.39,31.48,0.09,,,,,,,,,
6401,0,0,0,0,0,0,-0.03,-27.17,0,0,27.32,0,-27.2,27.32,0.13,,,,,,,,,
6411,0,0,0,0,0,0,-0.02,-30.9,0,0,31,0,-30.92,31,0.08,,,,,,,,,
6421,0,0,0,0,0,0,-0.02,-30.53,0,0,30.65,0,-30.55,30.65,0.09,,,,,,,,,
6431,0,0,0,0,0,0,-0.03,-29.96,0,0,30.13,0,-29.99,30.13,0.14,,,,,,,,,
6441,0,0,0,0,0,0,-0.03,-28.56,0,0,28.74,0,-28.59,28.74,0.14,,,,,,,,,
6451,0,0,0,0,0,0,-0.02,-29.5,0,0,29.6,0,-29.52,29.6,0.08,,,,,,,,,
6461,0,0,0,0,0,0,-0.02,-30.49,0,0,30.56,0,-30.51,30.56,0.05,,,,,,,,,
6471,0,0,0,0,0,0,-0.01,-31.86,0,0,31.88,0,-31.87,31.88,0.01,,,,,,,,,
6481,0,0,0,0,0,0,-0.02,-31.49,0,0,31.55,0,-31.51,31.55,0.04,,,,,,,,,
6491,0,0,0,0,0,0,-0.04,-33.01,0,0,33.15,0,-33.04,33.15,0.11,,,,,,,,,
6501,0,0,0,0,0,0,-0.02,-32.26,0,0,32.32,0,-32.28,32.32,0.04,,,,,,,,,
6511,0,0,0,0,0,0,-0.02,-33.08,0,0,33.13,0,-33.1,33.13,0.03,,,,,,,,,
6521,0,0,0,0,0,0,-0.01,-32.68,0,0,32.71,0,-32.69,32.71,0.02,,,,,,,,,
6531,0,0,0,0,0,0,-0.01,-33.34,0,0,33.35,0,-33.35,33.35,0.01,,,,,,,,,
6541,0,0,0,0,0,0,-0.02,-33.68,0,0,33.76,0,-33.7,33.76,0.06,,,,,,,,,
6551,0,0,0,0,0,0,-0.03,-30.14,0,0,30.29,0,-30.17,30.29,0.12,,,,,,,,,
6561,0,0,0,0,0,0,-0.03,-31.84,0,0,31.96,0,-31.86,31.96,0.09,,,,,,,,,
6571,0,0,0,0,0,0,-0.02,-31.84,0,0,31.92,0,-31.86,31.92,0.06,,,,,,,,,
6581,0,0,0,0,0,0,-0.01,-32.77,0,0,32.79,0,-32.78,32.79,0.01,,,,,,,,,
6591,0,0,0,0,0,0,-0.01,-33.25,0,0,33.28,0,-33.27,33.28,0.02,,,,,,,,,
6601,0,0,0,0,0,0,-0.01,-33.1,0,0,33.12,0,-33.11,33.12,0.01,,,,,,,,,
6611,0,0,0,0,0,0,-0.02,-31.75,0,0,31.81,0,-31.77,31.81,0.05,,,,,,,,,
6621,0,0,0,0,0,0,-0.02,-31.58,0,0,31.63,0,-31.59,31.63,0.04,,,,,,,,,
6631,0,0,0,0,0,0,-0.02,-33.76,0,0,33.8,0,-33.77,33.8,0.03,,,,,,,,,
6641,0,0,0,0,0,0,-0.01,-34.02,0,0,34.05,0,-34.03,34.05,0.01,,,,,,,,,
6651,0,0,0,0,0,0,-0.01,-34.27,0,0,34.3,0,-34.28,34.3,0.02,,,,,,,,,
6661,0,0,0,0,0,0,-0.02,-34.06,0,0,34.1,0,-34.08,34.1,0.03,,,,,,,,,
6671,0,0,0,0,0,0,-0.02,-33.01,0,0,33.07,0,-33.03,33.07,0.04,,,,,,,,,
6681,0,0,0,0,0,0,-0.02,-32.56,0,0,32.62,0,-32.58,32.62,0.05,,,,,,,,,
6691,0,0,0,0,0,0,-0.06,-32.32,0,0,32.65,0,-32.39,32.65,0.26,,,,,,,,,
6701,0,0,0,0,0,0,-0.13,-22.96,0,0,23.59,0,-23.08,23.59,0.51,,,,,,,,,
6711,0,0,0,0,0,0,-0.08,-27.87,0,0,28.32,0,-27.95,28.32,0.37,,,,,,,,,
6721,0,0,0,0,0,0,-0.03,-31.26,0,0,31.45,0,-31.29,31.45,0.16,,,,,,,,,
6731,0,0,0,0,0,0,-0.03,-35.85,0,0,35.99,0,-35.88,35.99,0.12,,,,,,,,,
6741,0,0,0,0,0,0,-0.02,-33.23,0,0,33.31,0,-33.25,33.31,0.06,,,,,,,,,
6751,0,0,0,0,0,0,-0.02,-36.07,0,0,36.16,0,-36.09,36.16,0.07,,,,,,,,,
6761,0,0,0,0,0,0,-0.03,-34.53,0,0,34.67,0,-34.55,34.67,0.12,,,,,,,,,
6771,0,0,0,0,0,0,-0.03,-35.74,0,0,35.87,0,-35.77,35.87,0.11,,,,,,,,,
6781,0,0,0,0,0,0,-0.02,-33.52,0,0,33.59,0,-33.53,33.59,0.06,,,,,,,,,
6791,0,0,0,0,0,0,-0.02,-31.09,0,0,31.16,0,-31.11,31.16,0.05,,,,,,,,,
6801,0,0,0,0,0,0,-0.03,-27.16,0,0,27.35,0,-27.19,27.35,0.17,,,,,,,,,
6811,0,0,0,0,0,0,-0.03,-28.24,0,0,28.41,0,-28.27,28.41,0.14,,,,,,,,,
6821,0,0,0,0,0,0,-0.02,-31.68,0,0,31.79,0,-31.7,31.79,0.08,,,,,,,,,
6831,0,0,0,0,0,0,-0.03,-38.99,0,0,39.14,0,-39.02,39.14,0.12,,,,,,,,,
6841,0,0,0,0,0,0,-0.02,-38.81,0,0,38.87,0,-38.83,38.87,0.04,,,,,,,,,
6851,0,0,0,0,0,0,-0.01,-36.91,0,0,36.96,0,-36.92,36.96,0.03,,,,,,,,,
6861,0,0,0,0,0,0,-0.01,-37.2,0,0,37.24,0,-37.22,37.24,0.02,,,,,,,,,
6871,0,0,0,0,0,0,-0.02,-42.23,0,0,42.3,0,-42.25,42.3,0.05,,,,,,,,,
6881,0,0,0,0,0,0,-0.02,-34.93,0,0,35.03,0,-34.95,35.03,0.09,,,,,,,,,
6891,0,0,0,0,0,0,-0.04,-29.39,0,0,29.63,0,-29.43,29.63,0.2,,,,,,,,,
6901,0,0,0,0,0,0,-0.03,-32.48,0,0,32.62,0,-32.51,32.62,0.11,,,,,,,,,
6911,0,0,0,0,0,0,-0.04,-33.85,0,0,34.04,0,-33.89,34.04,0.15,,,,,,,,,
6921,0,0,0,0,0,0,-0.13,-27.28,0,0,27.87,0,-27.42,27.87,0.46,,,,,,,,,
6931,0,0,0,0,0,0,-0.13,-27.83,0,0,28.38,0,-27.96,28.38,0.42,,,,,,,,,
6941,0,0,0,0,0,0,-0.07,-36.28,0,0,36.56,0,-36.35,36.56,0.21,,,,,,,,,
6951,0,0,0,0,0,0,-0.05,-29.01,0,0,29.31,0,-29.07,29.31,0.24,,,,,,,,,
6961,0,0,0,0,0,0,-0.03,-28.82,0,0,28.95,0,-28.84,28.95,0.11,,,,,,,,,
6971,0,0,0,0,0,0,-0.02,-32.81,0,0,32.92,0,-32.84,32.92,0.09,,,,,,,,,
6981,0,0,0,0,0,0,-0.02,-29.49,0,0,29.6,0,-29.51,29.6,0.09,,,,,,,,,
6991,0,0,0,0,0,0,-0.03,-29.92,0,0,30.06,0,-29.95,30.06,0.12,,,,,,,,,
7001,0,0,0,0,0,0,-0.01,-32.32,0,0,32.36,0,-32.34,32.36,0.03,,,,,,,,,
7011,0,0,0,0,0,0,-0.02,-32.08,0,0,32.18,0,-32.1,32.18,0.08,,,,,,,,,
7021,0,0,0,0,0,0,-0.03,-30.98,0,0,31.12,0,-31.01,31.12,0.11,,,,,,,,,
7031,0,0,0,0,0,0,-0.02,-31.97,0,0,32.08,0,-31.99,32.08,0.1,,,,,,,,,
7041,0,0,0,0,0,0,-0.02,-33.49,0,0,33.6,0,-33.51,33.6,0.09,,,,,,,,,
7051,0,0,0,0,0,0,-0.02,-36.78,0,0,36.83,0,-36.79,36.83,0.04,,,,,,,,,
7061,0,0,0,0,0,0,-0.03,-34.74,0,0,34.9,0,-34.77,34.9,0.13,,,,,,,,,
7071,0,0,0,0,0,0,-0.02,-34.99,0,0,35.04,0,-35,35.04,0.04,,,,,,,,,
7081,0,0,0,0,0,0,-0.01,-32.6,0,0,32.62,0,-32.61,32.62,0.02,,,,,,,,,
7091,0,0,0,0,0,0,-0.01,-33.78,0,0,33.8,0,-33.79,33.8,0.01,,,,,,,,,
7101,0,0,0,0,0,0,-0.01,-34.37,0,0,34.39,0,-34.38,34.39,0.01,,,,,,,,,
7111,0,0,0,0,0,0,-0.01,-33.77,0,0,33.78,0,-33.78,33.78,0.01,,,,,,,,,
7121,0,0,0,0,0,0,-0.01,-33.69,0,0,33.7,0,-33.7,33.7,0,,,,,,,,,
7131,0,0,0,0,0,0,-0.01,-34.44,0,0,34.46,0,-34.45,34.46,0.01,,,,,,,,,
7141,0,0,0,0,0,0,-0.01,-34.89,0,0,34.9,0,-34.9,34.9,0.01,,,,,,,,,
7151,0,0,0,0,0,0,-0.01,-32.77,0,0,32.79,0,-32.78,32.79,0.01,,,,,,,,,
7161,0,0,0,0,0,0,-0.01,-34.55,0,0,34.57,0,-34.55,34.57,0.01,,,,,,,,,
7171,0,0,0,0,0,0,-0.01,-34.3,0,0,34.31,0,-34.31,34.31,0,,,,,,,,,
7181,0,0,0,0,0,0,-0.01,-34.73,0,0,34.75,0,-34.74,34.75,0.01,,,,,,,,,
7191,0,0,0,0,0,0,-0.01,-31.92,0,0,31.95,0,-31.93,31.95,0.02,,,,,,,,,
7201,0,0,0,0,0,0,-0.01,-32.8,0,0,32.82,0,-32.81,32.82,0.02,,,,,,,,,
7211,0,0,0,0,0,0,-0.01,-35.35,0,0,35.38,0,-35.36,35.38,0.02,,,,,,,,,
7221,0,0,0,0,0,0,-0.01,-32.85,0,0,32.9,0,-32.86,32.9,0.04,,,,,,,,,
7231,0,0,0,0,0,0,-0.01,-34.31,0,0,34.33,0,-34.32,34.33,0.01,,,,,,,,,
7241,0,0,0,0,0,0,-0.01,-35.01,0,0,35.02,0,-35.01,35.02,0.01,,,,,,,,,
7251,0,0,0,0,0,0,-0.01,-32.9,0,0,32.91,0,-32.9,32.91,0.01,,,,,,,,,
7261,0,0,0,0,0,0,-0.01,-33.46,0,0,33.47,0,-33.46,33.47,0.01,,,,,,,,,
7271,0,0,0,0,0,0,-0.01,-34.42,0,0,34.43,0,-34.42,34.43,0.01,,,,,,,,,
7281,0,0,0,0,0,0,-0.01,-36.43,0,0,36.43,0,-36.43,36.43,0,,,,,,,,,
7291,0,0,0,0,0,0,-0.01,-37.75,0,0,37.76,0,-37.76,37.76,0,,,,,,,,,
7301,0,0,0,0,0,0,0,-36.99,0,0,36.99,0,-36.99,36.99,0,,,,,,,,,
7311,0,0,0,0,0,0,-0.01,-38.76,0,0,38.76,0,-38.76,38.76,0,,,,,,,,,
7321,0,0,0,0,0,0,-0.01,-36.82,0,0,36.83,0,-36.83,36.83,0,,,,,,,,,
7331,0,0,0,0,0,0,-0.01,-36.06,0,0,36.07,0,-36.07,36.07,0,,,,,,,,,
7341,0,0,0,0,0,0,0,-34.53,0,0,34.54,0,-34.53,34.54,0,,,,,,,,,
7351,0,0,0,0,0,0,-0.01,-35.66,0,0,35.66,0,-35.66,35.66,0,,,,,,,,,
7361,0,0,0,0,0,0,-0.01,-36.36,0,0,36.36,0,-36.36,36.36,0,,,,,,,,,
7371,0,0,0,0,0,0,0,-36.57,0,0,36.57,0,-36.57,36.57,0,,,,,,,,,
7381,0,0,0,0,0,0,0,-38.72,0,0,38.72,0,-38.72,38.72,0,,,,,,,,,
7391,0,0,0,0,0,0,0,-37.83,0,0,37.83,0,-37.83,37.83,0,,,,,,,,,
7401,0,0,0,0,0,0,0,-36.78,0,0,36.78,0,-36.78,36.78,0,,,,,,,,,
7411,0,0,0,0,0,0,0,-36.17,0,0,36.18,0,-36.18,36.18,0,,,,,,,,,
7421,0,0,0,0,0,0,0,-35.99,0,0,35.99,0,-35.99,35.99,0,,,,,,,,,
7431,0,0,0,0,0,0,0,-36.41,0,0,36.41,0,-36.41,36.41,0,,,,,,,,,
7441,0,0,0,0,0,0,0,-36.73,0,0,36.73,0,-36.73,36.73,0,,,,,,,,,
7451,0,0,0,0,0,0,0,-36.02,0,0,36.02,0,-36.02,36.02,0,,,,,,,,,
7461,0,0,0,0,0,0,0,-35.37,0,0,35.38,0,-35.38,35.38,0,,,,,,,,,
7471,0,0,0,0,0,0,0,-36.04,0,0,36.05,0,-36.05,36.05,0,,,,,,,,,
7481,0,0,0,0,0,0,0,-34.58,0,0,34.58,0,-34.58,34.58,0,,,,,,,,,
7491,0,0,0,0,0,0,0,-36.14,0,0,36.14,0,-36.14,36.14,0,,,,,,,,,
7501,0,0,0,0,0,0,0,-36.71,0,0,36.71,0,-36.71,36.71,0,,,,,,,,,
7511,0,0,0,0,0,0,0,-34.86,0,0,34.86,0,-34.86,34.86,0,,,,,,,,,
7521,0,0,0,0,0,0,0,-34.88,0,0,34.88,0,-34.88,34.88,0,,,,,,,,,
7531,0,0,0,0,0,0,0,-35.02,0,0,35.03,0,-35.03,35.03,0,,,,,,,,,
7541,0,0,0,0,0,0,0,-35.85,0,0,35.85,0,-35.86,35.85,0,,,,,,,,,
7551,0,0,0,0,0,0,0,-36.37,0,0,36.37,0,-36.37,36.37,0,,,,,,,,,
7561,0,0,0,0,0,0,0,-36.41,0,0,36.41,0,-36.41,36.41,0,,,,,,,,,
7571,0,0,0,0,0,0,0,-35.54,0,0,35.54,0,-35.54,35.54,0,,,,,,,,,
7581,0,0,0,0,0,0,0,-35.86,0,0,35.86,0,-35.87,35.86,0,,,,,,,,,
7591,0,0,0,0,0,0,0,-35.49,0,0,35.49,0,-35.49,35.49,0,,,,,,,,,
7601,0,0,0,0,0,0,0,-34.94,0,0,34.94,0,-34.94,34.94,0,,,,,,,,,
7611,0,0,0,0,0,0,0,-35.57,0,0,35.57,0,-35.57,35.57,0,,,,,,,,,
7621,0,0,0,0,0,0,0,-37.04,0,0,37.04,0,-37.04,37.04,0,,,,,,,,,
7631,0,0,0,0,0,0,0,-36.42,0,0,36.42,0,-36.42,36.42,0,,,,,,,,,
7641,0,0,0,0,0,0,0,-36.54,0,0,36.54,0,-36.54,36.54,0,,,,,,,,,
7651,0,0,0,0,0,0,0,-36.74,0,0,36.74,0,-36.75,36.74,0,,,,,,,,,
7661,0,0,0,0,0,0,0,-37.11,0,0,37.11,0,-37.11,37.11,0,,,,,,,,,
7671,0,0,0,0,0,0,0,-37.41,0,0,37.4,0,-37.41,37.4,0,,,,,,,,,
7681,0,0,0,0,0,0,0,-36.89,0,0,36.89,0,-36.9,36.89,0,,,,,,,,,
7691,0,0,0,0,0,0,0,-37.91,0,0,37.91,0,-37.91,37.91,0,,,,,,,,,
7701,0,0,0,0,0,0,0,-37.06,0,0,37.06,0,-37.06,37.06,0,,,,,,,,,
7711,0,0,0,0,0,0,0,-35.61,0,0,35.61,0,-35.61,35.61,0,,,,,,,,,
7721,0,0,0,0,0,0,0,-35.14,0,0,35.14,0,-35.14,35.14,0,,,,,,,,,
7731,0,0,0,0,0,0,0,-35.26,0,0,35.25,0,-35.26,35.25,0,,,,,,,,,
7741,0,0,0,0,0,0,0,-36.28,0,0,36.28,0,-36.28,36.28,0,,,,,,,,,
7751,0,0,0,0,0,0,0,-36,0,0,36,0,-36.01,36,0,,,,,,,,,
7761,0,0,0,0,0,0,0,-36.12,0,0,36.12,0,-36.12,36.12,0,,,,,,,,,
7771,0,0,0,0,0,0,0,-34.08,0,0,34.08,0,-34.08,34.08,0,,,,,,,,,
7781,0,0,0,0,0,0,0,-34.02,0,0,34.02,0,-34.02,34.02,0,,,,,,,,,
7791,0,0,0,0,0,0,0,-33.63,0,0,33.63,0,-33.63,33.63,0,,,,,,,,,
7801,0,0,0,0,0,0,0,-35.17,0,0,35.17,0,-35.18,35.17,0,,,,,,,,,
7811,0,0,0,0,0,0,0,-35.41,0,0,35.41,0,-35.41,35.41,0,,,,,,,,,
7821,0,0,0,0,0,0,0,-37.24,0,0,37.23,0,-37.24,37.23,0,,,,,,,,,
7831,0,0,0,0,0,0,0,-36.48,0,0,36.47,0,-36.48,36.47,0,,,,,,,,,
7841,0,0,0,0,0,0,0,-35.29,0,0,35.28,0,-35.29,35.28,0,,,,,,,,,
7851,0,0,0,0,0,0,0,-35.79,0,0,35.79,0,-35.79,35.79,0,,,,,,,,,
7861,0,0,0,0,0,0,0,-33.71,0,0,33.71,0,-33.71,33.71,0,,,,,,,,,
7871,0,0,0,0,0,0,0,-33.72,0,0,33.72,0,-33.72,33.72,0,,,,,,,,,
7881,0,0,0,0,0,0,0,-33.82,0,0,33.82,0,-33.82,33.82,0,,,,,,,,,
7891,0,0,0,0,0,0,0,-33.89,0,0,33.89,0,-33.89,33.89,0,,,,,,,,,
7901,0,0,0,0,0,0,0,-34.48,0,0,34.48,0,-34.49,34.48,0,,,,,,,,,
7911,0,0,0,0,0,0,0,-36.74,0,0,36.74,0,-36.74,36.74,0,,,,,,,,,
7921,0,0,0,0,0,0,0,-35.14,0,0,35.14,0,-35.14,35.14,0,,,,,,,,,
7931,0,0,0,0,0,0,0,-37.29,0,0,37.29,0,-37.3,37.29,0,,,,,,,,,
7941,0,0,0,0,0,0,0,-36.52,0,0,36.52,0,-36.52,36.52,0,,,,,,,,,
7951,0,0,0,0,0,0,0,-33.77,0,0,33.77,0,-33.77,33.77,0,,,,,,,,,
7961,0,0,0,0,0,0,0,-34.81,0,0,34.82,0,-34.82,34.82,0,,,,,,,,,
7971,0,0,0,0,0,0,-0.01,-37.99,0,0,37.99,0,-38,37.99,0,,,,,,,,,
7981,0,0,0,0,0,0,0,-34.89,0,0,34.89,0,-34.89,34.89,0,,,,,,,,,
7991,0,0,0,0,0,0,0,-36,0,0,36,0,-36,36,0,,,,,,,,,
8001,0,0,0,0,0,0,0,-36.85,0,0,36.85,0,-36.86,36.85,0,,,,,,,,,
8011,0,0,0,0,0,0,0,-34.48,0,0,34.48,0,-34.48,34.48,0,,,,,,,,,
8021,0,0,0,0,0,0,0,-34.14,0,0,34.14,0,-34.14,34.14,0,,,,,,,,,
8031,0,0,0,0,0,0,-0.01,-30.55,0,0,30.56,0,-30.55,30.56,0.01,,,,,,,,,
8041,0,0,0,0,0,0,-0.01,-31.53,0,0,31.55,0,-31.54,31.55,0.01,,,,,,,,,
8051,0,0,0,0,0,0,0,-30.72,0,0,30.72,0,-30.72,30.72,0,,,,,,,,,
8061,0,0,0,0,0,0,0,-31.39,0,0,31.39,0,-31.4,31.39,0,,,,,,,,,
8071,0,0,0,0,0,0,0,-33.64,0,0,33.65,0,-33.65,33.65,0,,,,,,,,,
8081,0,0,0,0,0,0,-0.01,-32.9,0,0,32.91,0,-32.91,32.91,0,,,,,,,,,
8091,0,0,0,0,0,0,-0.01,-31.74,0,0,31.77,0,-31.75,31.77,0.02,,,,,,,,,
8101,0,0,0,0,0,0,-0.01,-33.56,0,0,33.58,0,-33.57,33.58,0.01,,,,,,,,,
8111,0,0,0,0,0,0,-0.01,-34.04,0,0,34.06,0,-34.05,34.06,0.01,,,,,,,,,
8121,0,0,0,0,0,0,-0.01,-35.14,0,0,35.15,0,-35.15,35.15,0.01,,,,,,,,,
8131,0,0,0,0,0,0,-0.01,-35.35,0,0,35.36,0,-35.35,35.36,0,,,,,,,,,
8141,0,0,0,0,0,0,-0.01,-33.01,0,0,33.03,0,-33.02,33.03,0.01,,,,,,,,,
8151,0,0,0,0,0,0,-0.01,-32.48,0,0,32.49,0,-32.49,32.49,0.01,,,,,,,,,
8161,0,0,0,0,0,0,-0.01,-30.38,0,0,30.42,0,-30.39,30.42,0.03,,,,,,,,,
8171,0,0,0,0,0,0,-0.01,-30.17,0,0,30.23,0,-30.19,30.23,0.04,,,,,,,,,
8181,0,0,0,0,0,0,-0.02,-30.78,0,0,30.87,0,-30.8,30.87,0.08,,,,,,,,,
8191,0,0,0,0,0,0,-0.01,-32.02,0,0,32.08,0,-32.04,32.08,0.04,,,,,,,,,
8201,0,0,0,0,0,0,-0.02,-27.97,0,0,28.06,0,-27.99,28.06,0.08,,,,,,,,,
8211,0,0,0,0,0,0,-0.01,-31.98,0,0,32.02,0,-31.99,32.02,0.03,,,,,,,,,
8221,0,0,0,0,0,0,-0.01,-31.57,0,0,31.6,0,-31.58,31.6,0.02,,,,,,,,,
8231,0,0,0,0,0,0,-0.01,-29.63,0,0,29.67,0,-29.64,29.67,0.03,,,,,,,,,
8241,0,0,0,0,0,0,-0.02,-31,0,0,31.08,0,-31.02,31.08,0.06,,,,,,,,,
8251,0,0,0,0,0,0,-0.01,-33.76,0,0,33.79,0,-33.77,33.79,0.02,,,,,,,,,
8261,0,0,0,0,0,0,-0.02,-33.96,0,0,34.03,0,-33.98,34.03,0.05,,,,,,,,,
8271,0,0,0,0,0,0,-0.01,-31.37,0,0,31.42,0,-31.39,31.42,0.04,,,,,,,,,
8281,0,0,0,0,0,0,-0.02,-35.9,0,0,35.95,0,-35.92,35.95,0.03,,,,,,,,,
8291,0,0,0,0,0,0,-0.02,-37.26,0,0,37.32,0,-37.28,37.32,0.05,,,,,,,,,
8301,0,0,0,0,0,0,-0.01,-38.86,0,0,38.89,0,-38.87,38.89,0.02,,,,,,,,,
8311,0,0,0,0,0,0,-0.02,-34.96,0,0,35.03,0,-34.98,35.03,0.05,,,,,,,,,
8321,0,0,0,0,0,0,-0.01,-39.36,0,0,39.4,0,-39.37,39.4,0.03,,,,,,,,,
8331,0,0,0,0,0,0,-0.02,-43.67,0,0,43.71,0,-43.69,43.71,0.03,,,,,,,,,
8341,0,0,0,0,0,0,-0.01,-40.26,0,0,40.3,0,-40.28,40.3,0.03,,,,,,,,,
8351,0,0,0,0,0,0,-0.02,-36.74,0,0,36.81,0,-36.76,36.81,0.05,,,,,,,,,
8361,0,0,0,0,0,0,-0.02,-41.79,0,0,41.86,0,-41.81,41.86,0.05,,,,,,,,,
8371,0,0,0,0,0,0,-0.01,-42.32,0,0,42.35,0,-42.33,42.35,0.02,,,,,,,,,
8381,0,0,0,0,0,0,-0.01,-42.63,0,0,42.65,0,-42.64,42.65,0.01,,,,,,,,,
8391,0,0,0,0,0,0,-0.01,-41.29,0,0,41.32,0,-41.3,41.32,0.02,,,,,,,,,
8401,0,0,0,0,0,0,-0.02,-46.25,0,0,46.28,0,-46.27,46.28,0.01,,,,,,,,,
8411,0,0,0,0,0,0,-0.02,-45.58,0,0,45.61,0,-45.59,45.61,0.01,,,,,,,,,
8421,0,0,0,0,0,0,-0.02,-48.52,0,0,48.54,0,-48.53,48.54,0.01,,,,,,,,,
8431,0,0,0,0,0,0,-0.01,-49.35,0,0,49.36,0,-49.37,49.36,-0.01,,,,,,,,,
8441,0,0,0,0,0,0,-0.01,-44.72,0,0,44.74,0,-44.73,44.74,0.01,,,,,,,,,
8451,0,0,0,0,0,0,-0.01,-47.32,0,0,47.34,0,-47.33,47.34,0,,,,,,,,,
8461,0,0,0,0,0,0,-0.01,-46.74,0,0,46.75,0,-46.75,46.75,0,,,,,,,,,
8471,0,0,0,0,0,0,-0.02,-47.79,0,0,47.83,0,-47.81,47.83,0.02,,,,,,,,,
8481,0,0,0,0,0,0,-0.02,-46.84,0,0,46.9,0,-46.86,46.9,0.04,,,,,,,,,
8491,0,0,0,0,0,0,-0.04,-52.37,0,0,52.51,0,-52.41,52.51,0.1,,,,,,,,,
8501,0,0,0,0,0,0,-0.03,-48.17,0,0,48.29,0,-48.21,48.29,0.08,,,,,,,,,
8511,0,0,0,0,0,0,-0.02,-45.88,0,0,45.93,0,-45.9,45.93,0.03,,,,,,,,,
8521,0,0,0,0,0,0,-0.02,-43.3,0,0,43.35,0,-43.32,43.35,0.03,,,,,,,,,
8531,0,0,0,0,0,0,-0.02,-39.59,0,0,39.67,0,-39.61,39.67,0.06,,,,,,,,,
8541,0,0,0,0,0,0,-0.02,-46.26,0,0,46.33,0,-46.28,46.33,0.05,,,,,,,,,
8551,0,0,0,0,0,0,-0.02,-43.55,0,0,43.6,0,-43.57,43.6,0.04,,,,,,,,,
8561,0,0,0,0,0,0,-0.04,-41.36,0,0,41.53,0,-41.4,41.53,0.13,,,,,,,,,
8571,0,0,0,0,0,0,-0.03,-37.02,0,0,37.17,0,-37.05,37.17,0.12,,,,,,,,,
8581,0,0,0,0,0,0,-0.02,-35.09,0,0,35.18,0,-35.11,35.18,0.06,,,,,,,,,
8591,0,0,0,0,0,0,-0.02,-38.09,0,0,38.16,0,-38.11,38.16,0.05,,,,,,,,,
8601,0,0,0,0,0,0,-0.03,-38.83,0,0,38.97,0,-38.86,38.97,0.11,,,,,,,,,
8611,0,0,0,0,0,0,-0.02,-36.52,0,0,36.63,0,-36.54,36.63,0.08,,,,,,,,,
8621,0,0,0,0,0,0,-0.02,-41.88,0,0,41.96,0,-41.9,41.96,0.06,,,,,,,,,
8631,0,0,0,0,0,0,-0.03,-35.9,0,0,36.01,0,-35.93,36.01,0.08,,,,,,,,,
8641,0,0,0,0,0,0,-0.06,-38.25,0,0,38.53,0,-38.31,38.53,0.22,,,,,,,,,
8651,0,0,0,0,0,0,-0.07,-45,0,0,45.27,0,-45.06,45.27,0.2,,,,,,,,,
8661,0,0,0,0,0,0,-0.07,-43.9,0,0,44.21,0,-43.97,44.21,0.24,,,,,,,,,
8671,0,0,0,0,0,0,-0.05,-42.22,0,0,42.45,0,-42.27,42.45,0.18,,,,,,,,,
8681,0,0,0,0,0,0,-0.06,-45.46,0,0,45.72,0,-45.52,45.72,0.2,,,,,,,,,
8691,0,0,0,0,0,0,-0.05,-43.12,0,0,43.34,0,-43.17,43.34,0.18,,,,,,,,,
8701,0,0,0,0,0,0,-0.04,-45.88,0,0,46.04,0,-45.92,46.04,0.12,,,,,,,,,
8711,0,0,0,0,0,0,-0.03,-47.17,0,0,47.27,0,-47.2,47.27,0.08,,,,,,,,,
8721,0,0,0,0,0,0,-0.02,-44.96,0,0,45.02,0,-44.98,45.02,0.04,,,,,,,,,
8731,0,0,0,0,0,0,-0.02,-42.48,0,0,42.52,0,-42.49,42.52,0.03,,,,,,,,,
8741,0,0,0,0,0,0,-0.02,-43.09,0,0,43.13,0,-43.1,43.13,0.03,,,,,,,,,
8751,0,0,0,0,0,0,-0.01,-44.51,0,0,44.53,0,-44.52,44.53,0,,,,,,,,,
8761,0,0,0,0,0,0,-0.01,-49.06,0,0,49.06,0,-49.07,49.06,-0.01,,,,,,,,,
8771,0,0,0,0,0,0,-0.02,-50.77,0,0,50.8,0,-50.79,50.8,0.01,,,,,,,,,
8781,0,0,0,0,0,0,-0.01,-51.57,0,0,51.58,0,-51.58,51.58,0,,,,,,,,,
8791,0,0,0,0,0,0,-0.01,-47.07,0,0,47.07,0,-47.08,47.07,0,,,,,,,,,
8801,0,0,0,0,0,0,-0.01,-48.74,0,0,48.75,0,-48.75,48.75,0,,,,,,,,,
8811,0,0,0,0,0,0,-0.01,-50.33,0,0,50.33,0,-50.34,50.33,-0.01,,,,,,,,,
8821,0,0,0,0,0,0,-0.01,-49.6,0,0,49.6,0,-49.61,49.6,-0.01,,,,,,,,,
8831,0,0,0,0,0,0,-0.01,-44.74,0,0,44.76,0,-44.76,44.76,0,,,,,,,,,
8841,0,0,0,0,0,0,-0.01,-49.67,0,0,49.68,0,-49.68,49.68,0,,,,,,,,,
8851,0,0,0,0,0,0,-0.01,-50.4,0,0,50.42,0,-50.41,50.42,0,,,,,,,,,
8861,0,0,0,0,0,0,-0.01,-50.07,0,0,50.06,0,-50.08,50.06,-0.02,,,,,,,,,
8871,0,0,0,0,0,0,-0.01,-50.75,0,0,50.75,0,-50.76,50.75,-0.01,,,,,,,,,
8881,0,0,0,0,0,0,-0.01,-44.62,0,0,44.65,0,-44.63,44.65,0.02,,,,,,,,,
8891,0,0,0,0,0,0,-0.02,-42.99,0,0,43.08,0,-43.01,43.08,0.07,,,,,,,,,
8901,0,0,0,0,0,0,-0.02,-42.84,0,0,42.92,0,-42.86,42.92,0.06,,,,,,,,,
8911,0,0,0,0,0,0,-0.02,-39.86,0,0,39.95,0,-39.88,39.95,0.07,,,,,,,,,
8921,0,0,0,0,0,0,-0.03,-37.64,0,0,37.78,0,-37.67,37.78,0.11,,,,,,,,,
8931,0,0,0,0,0,0,-0.03,-36.6,0,0,36.73,0,-36.63,36.73,0.1,,,,,,,,,
8941,0,0,0,0,0,0,-0.04,-39.46,0,0,39.63,0,-39.5,39.63,0.14,,,,,,,,,
8951,0,0,0,0,0,0,-0.03,-34.5,0,0,34.65,0,-34.53,34.65,0.12,,,,,,,,,
8961,0,0,0,0,0,0,-0.03,-39.92,0,0,40.03,0,-39.95,40.03,0.08,,,,,,,,,
8971,0,0,0,0,0,0,-0.03,-44.68,0,0,44.78,0,-44.7,44.78,0.08,,,,,,,,,
8981,0,0,0,0,0,0,-0.02,-44.94,0,0,44.99,0,-44.96,44.99,0.03,,,,,,,,,
8991,0,0,0,0,0,0,-0.01,-48.49,0,0,48.5,0,-48.5,48.5,0,,,,,,,,,
9001,0,0,0,0,0,0,-0.01,-49.06,0,0,49.06,0,-49.07,49.06,-0.01,,,,,,,,,
9011,0,0,0,0,0,0,-0.01,-50.67,0,0,50.67,0,-50.68,50.67,-0.02,,,,,,,,,
9021,0,0,0,0,0,0,-0.01,-53.45,0,0,53.44,0,-53.46,53.44,-0.02,,,,,,,,,
9031,0,0,0,0,0,0,-0.01,-48.85,0,0,48.85,0,-48.86,48.85,-0.01,,,,,,,,,
9041,0,0,0,0,0,0,-0.01,-48.5,0,0,48.5,0,-48.51,48.5,-0.01,,,,,,,,,
9051,0,0,0,0,0,0,-0.01,-50.2,0,0,50.2,0,-50.21,50.2,-0.02,,,,,,,,,
9061,0,0,0,0,0,0,-0.01,-51.17,0,0,51.17,0,-51.18,51.17,-0.01,,,,,,,,,
9071,0,0,0,0,0,0,-0.01,-45.73,0,0,45.73,0,-45.74,45.73,-0.01,,,,,,,,,
9081,0,0,0,0,0,0,-0.01,-45.72,0,0,45.73,0,-45.73,45.73,0,,,,,,,,,
9091,0,0,0,0,0,0,-0.01,-41.38,0,0,41.4,0,-41.39,41.4,0.01,,,,,,,,,
9101,0,0,0,0,0,0,-0.01,-41.36,0,0,41.36,0,-41.36,41.36,0,,,,,,,,,
9111,0,0,0,0,0,0,-0.01,-42.75,0,0,42.75,0,-42.75,42.75,0,,,,,,,,,
9121,0,0,0,0,0,0,-0.01,-41.71,0,0,41.72,0,-41.72,41.72,0,,,,,,,,,
9131,0,0,0,0,0,0,-0.01,-45.04,0,0,45.04,0,-45.05,45.04,0,,,,,,,,,
9141,0,0,0,0,0,0,-0.01,-46.9,0,0,46.93,0,-46.92,46.93,0.01,,,,,,,,,
9151,0,0,0,0,0,0,-0.01,-43.51,0,0,43.51,0,-43.52,43.51,-0.01,,,,,,,,,
9161,0,0,0,0,0,0,-0.01,-43.42,0,0,43.42,0,-43.42,43.42,-0.01,,,,,,,,,
9171,0,0,0,0,0,0,-0.01,-44.5,0,0,44.5,0,-44.51,44.5,-0.01,,,,,,,,,
9181,0,0,0,0,0,0,-0.01,-43.06,0,0,43.06,0,-43.06,43.06,-0.01,,,,,,,,,
9191,0,0,0,0,0,0,-0.01,-42.6,0,0,42.6,0,-42.61,42.6,-0.01,,,,,,,,,
9201,0,0,0,0,0,0,-0.01,-43.66,0,0,43.68,0,-43.67,43.68,0.01,,,,,,,,,
9211,0,0,0,0,0,0,-0.01,-42.97,0,0,42.97,0,-42.97,42.97,-0.01,,,,,,,,,
9221,0,0,0,0,0,0,-0.01,-42.74,0,0,42.74,0,-42.75,42.74,-0.01,,,,,,,,,
9231,0,0,0,0,0,0,-0.01,-41.65,0,0,41.67,0,-41.66,41.67,0.01,,,,,,,,,
9241,0,0,0,0,0,0,-0.01,-41.28,0,0,41.29,0,-41.29,41.29,0,,,,,,,,,
9251,0,0,0,0,0,0,-0.01,-41.24,0,0,41.24,0,-41.25,41.24,-0.01,,,,,,,,,
9261,0,0,0,0,0,0,-0.01,-46.37,0,0,46.36,0,-46.37,46.36,-0.01,,,,,,,,,
9271,0,0,0,0,0,0,-0.01,-43.85,0,0,43.85,0,-43.86,43.85,-0.01,,,,,,,,,
9281,0,0,0,0,0,0,-0.01,-41,0,0,41.01,0,-41.01,41.01,0,,,,,,,,,
9291,0,0,0,0,0,0,-0.01,-39.39,0,0,39.42,0,-39.41,39.42,0.02,,,,,,,,,
9301,0,0,0,0,0,0,-0.01,-35.12,0,0,35.14,0,-35.13,35.14,0.01,,,,,,,,,
9311,0,0,0,0,0,0,-0.02,-35.36,0,0,35.41,0,-35.38,35.41,0.03,,,,,,,,,
9321,0,0,0,0,0,0,-0.01,-37.9,0,0,37.92,0,-37.91,37.92,0.01,,,,,,,,,
9331,0,0,0,0,0,0,-0.01,-39.46,0,0,39.47,0,-39.47,39.47,0,,,,,,,,,
9341,0,0,0,0,0,0,-0.01,-37.64,0,0,37.65,0,-37.64,37.65,0.01,,,,,,,,,
9351,0,0,0,0,0,0,-0.01,-37.46,0,0,37.46,0,-37.46,37.46,0,,,,,,,,,
9361,0,0,0,0,0,0,-0.01,-39.32,0,0,39.33,0,-39.33,39.33,0,,,,,,,,,
9371,0,0,0,0,0,0,-0.01,-39.29,0,0,39.3,0,-39.3,39.3,0,,,,,,,,,
9381,0,0,0,0,0,0,-0.01,-36.14,0,0,36.15,0,-36.14,36.15,0,,,,,,,,,
9391,0,0,0,0,0,0,-0.01,-37.83,0,0,37.84,0,-37.84,37.84,0,,,,,,,,,
9401,0,0,0,0,0,0,0,-37.02,0,0,37.02,0,-37.02,37.02,0,,,,,,,,,
9411,0,0,0,0,0,0,0,-33.64,0,0,33.64,0,-33.64,33.64,0,,,,,,,,,
9421,0,0,0,0,0,0,0,-33.49,0,0,33.49,0,-33.49,33.49,0,,,,,,,,,
9431,0,0,0,0,0,0,0,-33.82,0,0,33.82,0,-33.82,33.82,0,,,,,,,,,
9441,0,0,0,0,0,0,0,-32.33,0,0,32.33,0,-32.33,32.33,0,,,,,,,,,
9451,0,0,0,0,0,0,0,-33.5,0,0,33.5,0,-33.5,33.5,0,,,,,,,,,
9461,0,0,0,0,0,0,0,-31.93,0,0,31.93,0,-31.93,31.93,0,,,,,,,,,
9471,0,0,0,0,0,0,0,-32.37,0,0,32.37,0,-32.37,32.37,0,,,,,,,,,
9481,0,0,0,0,0,0,0,-33.7,0,0,33.7,0,-33.7,33.7,0,,,,,,,,,
9491,0,0,0,0,0,0,0,-31.43,0,0,31.43,0,-31.43,31.43,0,,,,,,,,,
9501,0,0,0,0,0,0,0,-32.13,0,0,32.13,0,-32.13,32.13,0,,,,,,,,,
9511,0,0,0,0,0,0,0,-34.87,0,0,34.87,0,-34.88,34.87,0,,,,,,,,,
9521,0,0,0,0,0,0,0,-36.23,0,0,36.23,0,-36.23,36.23,0,,,,,,,,,
9531,0,0,0,0,0,0,0,-34.58,0,0,34.58,0,-34.58,34.58,0,,,,,,,,,
9541,0,0,0,0,0,0,0,-36.51,0,0,36.51,0,-36.51,36.51,0,,,,,,,,,
9551,0,0,0,0,0,0,0,-35.86,0,0,35.86,0,-35.86,35.86,0,,,,,,,,,
9561,0,0,0,0,0,0,0,-35.74,0,0,35.74,0,-35.74,35.74,0,,,,,,,,,
9571,0,0,0,0,0,0,0,-37.05,0,0,37.05,0,-37.05,37.05,0,,,,,,,,,
9581,0,0,0,0,0,0,0,-36.24,0,0,36.24,0,-36.24,36.24,0,,,,,,,,,
9591,0,0,0,0,0,0,-0.01,-34.62,0,0,34.64,0,-34.63,34.64,0.01,,,,,,,,,
9601,0,0,0,0,0,0,-0.05,-34.45,0,0,34.68,0,-34.5,34.68,0.18,,,,,,,,,
9611,0,0,0,0,0,0,-0.02,-32.58,0,0,32.64,0,-32.59,32.64,0.04,,,,,,,,,
9621,0,0,0,0,0,0,-0.02,-38.73,0,0,38.83,0,-38.76,38.83,0.07,,,,,,,,,
9631,0,0,0,0,0,0,-0.01,-41.01,0,0,41.05,0,-41.03,41.05,0.02,,,,,,,,,
9641,0,0,0,0,0,0,-0.01,-34.34,0,0,34.39,0,-34.35,34.39,0.04,,,,,,,,,
9651,0,0,0,0,0,0,-0.01,-35.59,0,0,35.63,0,-35.6,35.63,0.03,,,,,,,,,
9661,0,0,0,0,0,0,-0.01,-34.15,0,0,34.18,0,-34.16,34.18,0.02,,,,,,,,,
9671,0,0,0,0,0,0,-0.01,-34.86,0,0,34.9,0,-34.87,34.9,0.03,,,,,,,,,
9681,0,0,0,0,0,0,-0.01,-36.12,0,0,36.16,0,-36.13,36.16,0.02,,,,,,,,,
9691,0,0,0,0,0,0,-0.01,-34.26,0,0,34.29,0,-34.27,34.29,0.02,,,,,,,,,
9701,0,0,0,0,0,0,-0.01,-31.84,0,0,31.87,0,-31.85,31.87,0.02,,,,,,,,,
9711,0,0,0,0,0,0,-0.01,-32.34,0,0,32.36,0,-32.34,32.36,0.01,,,,,,,,,
9721,0,0,0,0,0,0,-0.01,-34.9,0,0,34.92,0,-34.91,34.92,0.01,,,,,,,,,
9731,0,0,0,0,0,0,-0.01,-33.59,0,0,33.61,0,-33.6,33.61,0.02,,,,,,,,,
9741,0,0,0,0,0,0,-0.01,-32.07,0,0,32.11,0,-32.08,32.11,0.03,,,,,,,,,
9751,0,0,0,0,0,0,-0.01,-30.94,0,0,30.98,0,-30.95,30.98,0.03,,,,,,,,,
9761,0,0,0,0,0,0,-0.01,-31.09,0,0,31.15,0,-31.11,31.15,0.04,,,,,,,,,
9771,0,0,0,0,0,0,-0.01,-32.42,0,0,32.45,0,-32.43,32.45,0.02,,,,,,,,,
9781,0,0,0,0,0,0,-0.01,-32.48,0,0,32.52,0,-32.5,32.52,0.02,,,,,,,,,
9791,0,0,0,0,0,0,-0.01,-32.73,0,0,32.74,0,-32.74,32.74,0.01,,,,,,,,,
9801,0,0,0,0,0,0,-0.01,-31.92,0,0,31.94,0,-31.93,31.94,0.01,,,,,,,,,
9811,0,0,0,0,0,0,-0.01,-32.14,0,0,32.16,0,-32.15,32.16,0.02,,,,,,,,,
9821,0,0,0,0,0,0,-0.01,-31.66,0,0,31.72,0,-31.68,31.72,0.04,,,,,,,,,
9831,0,0,0,0,0,0,-0.02,-30.54,0,0,30.62,0,-30.56,30.62,0.06,,,,,,,,,
9841,0,0,0,0,0,0,-0.02,-32.33,0,0,32.41,0,-32.35,32.41,0.06,,,,,,,,,
9851,0,0,0,0,0,0,-0.02,-30.16,0,0,30.24,0,-30.18,30.24,0.06,,,,,,,,,
9861,0,0,0,0,0,0,-0.02,-30.89,0,0,30.95,0,-30.9,30.95,0.05,,,,,,,,,
9871,0,0,0,0,0,0,-0.02,-28.53,0,0,28.64,0,-28.56,28.64,0.08,,,,,,,,,
9881,0,0,0,0,0,0,-0.02,-29.98,0,0,30.05,0,-30,30.05,0.05,,,,,,,,,
9891,0,0,0,0,0,0,-0.01,-29.3,0,0,29.35,0,-29.32,29.35,0.03,,,,,,,,,
9901,0,0,0,0,0,0,-0.01,-26.82,0,0,26.89,0,-26.84,26.89,0.05,,,,,,,,,
9911,0,0,0,0,0,0,-0.01,-29.39,0,0,29.44,0,-29.4,29.44,0.03,,,,,,,,,
9921,0,0,0,0,0,0,-0.01,-28.86,0,0,28.91,0,-28.87,28.91,0.04,,,,,,,,,
9931,0,0,0,0,0,0,-0.02,-24.08,0,0,24.22,0,-24.1,24.22,0.12,,,,,,,,,
9941,0,0,0,0,0,0,-0.02,-25.06,0,0,25.18,0,-25.08,25.18,0.1,,,,,,,,,
9951,0,0,0,0,0,0,-0.02,-29.77,0,0,29.82,0,-29.78,29.82,0.04,,,,,,,,,
9961,0,0,0,0,0,0,-0.01,-28.94,0,0,29,0,-28.96,29,0.04,,,,,,,,,
9971,0,0,0,0,0,0,-0.01,-31.5,0,0,31.52,0,-31.51,31.52,0.02,,,,,,,,,
9981,0,0,0,0,0,0,-0.02,-28.8,0,0,28.87,0,-28.82,28.87,0.05,,,,,,,,,
9991,0,0,0,0,0,0,-0.01,-32.32,0,0,32.35,0,-32.33,32.35,0.02,,,,,,,,,
10001,0,0,0,0,0,0,0,-33.11,0,0,33.11,0,-33.11,33.11,0,,,,,,,,,
